timestamp,open,low,high,close,volume
2021-11-01 09:00:00,8350,8325,8400,8350,48600
2021-11-01 09:01:00,8350,8350,8450,8450,11900
2021-11-01 09:02:00,8425,8400,8425,8400,13700
2021-11-01 09:03:00,8400,8375,8425,8375,11100
2021-11-01 09:04:00,8375,8375,8400,8375,13400
2021-11-01 09:05:00,8350,8350,8375,8350,44000
2021-11-01 09:06:00,8325,8325,8375,8350,15300
2021-11-01 09:07:00,8350,8325,8350,8350,24500
2021-11-01 09:08:00,8350,8300,8350,8325,46000
2021-11-01 09:09:00,8300,8300,8325,8300,5000
2021-11-01 09:10:00,8325,8300,8325,8300,1700
2021-11-01 09:11:00,8300,8300,8300,8300,29600
2021-11-01 09:12:00,8300,8275,8300,8300,12300
2021-11-01 09:13:00,8275,8275,8300,8300,1100
2021-11-01 09:14:00,8300,8275,8300,8275,30600
2021-11-01 09:15:00,8275,8250,8275,8250,10100
2021-11-01 09:16:00,8250,8250,8275,8275,7000
2021-11-01 09:17:00,8275,8250,8300,8300,12300
2021-11-01 09:18:00,8275,8250,8300,8275,7900
2021-11-01 09:19:00,8275,8275,8275,8275,5600
2021-11-01 09:20:00,8300,8300,8300,8300,2400
2021-11-01 09:21:00,8300,8300,8300,8300,17000
2021-11-01 09:22:00,8300,8300,8300,8300,700
2021-11-01 09:23:00,8300,8300,8325,8325,10400
2021-11-01 09:24:00,8325,8325,8325,8325,1400
2021-11-01 09:25:00,8325,8300,8325,8325,1100
2021-11-01 09:26:00,8325,8300,8325,8325,2500
2021-11-01 09:27:00,8325,8325,8325,8325,14100
2021-11-01 09:28:00,8325,8325,8350,8350,11800
2021-11-01 09:29:00,8350,8350,8375,8375,15900
2021-11-01 09:30:00,8375,8375,8375,8375,1400
2021-11-01 09:31:00,8375,8350,8375,8350,54800
2021-11-01 09:32:00,8375,8350,8375,8350,4900
2021-11-01 09:33:00,8375,8350,8375,8350,800
2021-11-01 09:34:00,8375,8375,8375,8375,500
2021-11-01 09:35:00,8375,8350,8375,8350,1700
2021-11-01 09:36:00,8350,8325,8350,8350,88400
2021-11-01 09:37:00,8350,8325,8350,8325,2900
2021-11-01 09:38:00,8325,8325,8350,8350,4700
2021-11-01 09:39:00,8350,8350,8350,8350,1400
2021-11-01 09:40:00,8350,8325,8350,8350,4900
2021-11-01 09:41:00,8325,8325,8350,8350,200
2021-11-01 09:42:00,8350,8350,8350,8350,700
2021-11-01 09:43:00,8350,8300,8350,8300,36100
2021-11-01 09:44:00,8300,8300,8300,8300,300
2021-11-01 09:45:00,8300,8275,8300,8300,1400
2021-11-01 09:46:00,8300,8300,8325,8325,13300
2021-11-01 09:47:00,8325,8325,8325,8325,400
2021-11-01 09:48:00,8325,8300,8325,8325,3100
2021-11-01 09:49:00,8300,8300,8300,8300,2500
2021-11-01 09:50:00,8325,8325,8325,8325,400
2021-11-01 09:51:00,8325,8325,8325,8325,12600
2021-11-01 09:52:00,8325,8300,8325,8325,900
2021-11-01 09:53:00,8325,8300,8325,8300,2700
2021-11-01 09:54:00,8325,8325,8325,8325,500
2021-11-01 09:55:00,8325,8325,8325,8325,500
2021-11-01 09:56:00,8325,8300,8325,8300,1100
2021-11-01 09:57:00,8325,8300,8325,8325,2000
2021-11-01 09:58:00,8325,8325,8325,8325,2500
2021-11-01 09:59:00,8325,8300,8325,8300,600
2021-11-01 10:00:00,8300,8300,8325,8325,4400
2021-11-01 10:01:00,8325,8300,8325,8300,1500
2021-11-01 10:02:00,8325,8300,8325,8300,500
2021-11-01 10:03:00,8325,8325,8325,8325,700
2021-11-01 10:04:00,8325,8325,8350,8350,40300
2021-11-01 10:05:00,8350,8325,8350,8350,500
2021-11-01 10:06:00,8350,8325,8350,8350,1100
2021-11-01 10:07:00,8350,8325,8350,8325,9500
2021-11-01 10:08:00,8325,8325,8350,8350,3200
2021-11-01 10:09:00,8350,8350,8350,8350,400
2021-11-01 10:10:00,8350,8350,8350,8350,400
2021-11-01 10:11:00,8325,8325,8325,8325,12800
2021-11-01 10:12:00,8325,8325,8325,8325,1200
2021-11-01 10:13:00,8325,8300,8325,8300,11400
2021-11-01 10:14:00,8325,8325,8325,8325,9000
2021-11-01 10:15:00,8325,8325,8325,8325,200
2021-11-01 10:16:00,8325,8325,8325,8325,500
2021-11-01 10:17:00,8325,8325,8325,8325,200
2021-11-01 10:18:00,8325,8325,8325,8325,200
2021-11-01 10:19:00,8325,8325,8325,8325,2000
2021-11-01 10:20:00,8325,8325,8325,8325,0
2021-11-01 10:21:00,8325,8300,8325,8300,10200
2021-11-01 10:22:00,8325,8300,8325,8300,0
2021-11-01 10:23:00,8300,8300,8300,8300,1000
2021-11-01 10:24:00,8300,8300,8300,8300,100
2021-11-01 10:25:00,8300,8300,8300,8300,600
2021-11-01 10:26:00,8300,8300,8300,8300,12200
2021-11-01 10:27:00,8325,8300,8325,8300,200
2021-11-01 10:28:00,8325,8325,8325,8325,300
2021-11-01 10:29:00,8325,8300,8325,8300,1100
2021-11-01 10:30:00,8325,8325,8325,8325,200
2021-11-01 10:31:00,8325,8300,8325,8300,31100
2021-11-01 10:32:00,8300,8300,8300,8300,119900
2021-11-01 10:33:00,8300,8250,8300,8250,31900
2021-11-01 10:34:00,8275,8275,8275,8275,2600
2021-11-01 10:35:00,8275,8275,8275,8275,3500
2021-11-01 10:36:00,8275,8275,8275,8275,2200
2021-11-01 10:37:00,8275,8250,8275,8250,2300
2021-11-01 10:38:00,8250,8250,8250,8250,600
2021-11-01 10:39:00,8275,8275,8275,8275,5500
2021-11-01 10:40:00,8275,8250,8275,8250,4100
2021-11-01 10:41:00,8250,8250,8250,8250,700
2021-11-01 10:42:00,8250,8250,8275,8275,200
2021-11-01 10:43:00,8275,8275,8275,8275,200
2021-11-01 10:44:00,8250,8250,8250,8250,1100
2021-11-01 10:45:00,8250,8250,8275,8275,3100
2021-11-01 10:46:00,8275,8250,8275,8250,106300
2021-11-01 10:47:00,8225,8225,8250,8250,1000
2021-11-01 10:48:00,8250,8225,8250,8250,6700
2021-11-01 10:49:00,8250,8225,8250,8250,14000
2021-11-01 10:50:00,8250,8250,8250,8250,34100
2021-11-01 10:51:00,8250,8250,8250,8250,7900
2021-11-01 10:52:00,8250,8250,8250,8250,1700
2021-11-01 10:53:00,8250,8250,8250,8250,1400
2021-11-01 10:54:00,8250,8250,8250,8250,8500
2021-11-01 10:55:00,8250,8250,8250,8250,1700
2021-11-01 10:56:00,8250,8250,8250,8250,1900
2021-11-01 10:57:00,8225,8225,8250,8250,9400
2021-11-01 10:58:00,8250,8250,8250,8250,14400
2021-11-01 10:59:00,8250,8250,8250,8250,2200
2021-11-01 11:00:00,8250,8250,8250,8250,1800
2021-11-01 11:01:00,8225,8225,8250,8250,1400
2021-11-01 11:02:00,8250,8250,8250,8250,800
2021-11-01 11:03:00,8250,8225,8250,8225,107300
2021-11-01 11:04:00,8225,8225,8250,8225,28600
2021-11-01 11:05:00,8225,8200,8225,8225,22900
2021-11-01 11:06:00,8200,8200,8225,8225,2300
2021-11-01 11:07:00,8225,8225,8225,8225,5700
2021-11-01 11:08:00,8225,8225,8225,8225,16400
2021-11-01 11:09:00,8225,8225,8225,8225,21500
2021-11-01 11:10:00,8250,8225,8250,8225,4700
2021-11-01 11:11:00,8225,8225,8225,8225,900
2021-11-01 11:12:00,8225,8225,8225,8225,3700
2021-11-01 11:13:00,8225,8225,8225,8225,22700
2021-11-01 11:14:00,8225,8225,8225,8225,0
2021-11-01 11:15:00,8225,8225,8225,8225,0
2021-11-01 11:16:00,8225,8225,8225,8225,200
2021-11-01 11:17:00,8250,8250,8250,8250,800
2021-11-01 11:18:00,8250,8250,8250,8250,6000
2021-11-01 11:19:00,8225,8225,8225,8225,26500
2021-11-01 11:20:00,8225,8225,8225,8225,400
2021-11-01 11:21:00,8225,8225,8225,8225,1100
2021-11-01 11:22:00,8225,8225,8225,8225,100
2021-11-01 11:23:00,8225,8225,8225,8225,200
2021-11-01 11:24:00,8225,8225,8225,8225,100300
2021-11-01 11:25:00,8225,8200,8225,8225,2400
2021-11-01 11:26:00,8225,8200,8225,8225,600
2021-11-01 11:27:00,8225,8225,8225,8225,400
2021-11-01 11:28:00,8200,8200,8225,8225,11800
2021-11-01 11:29:00,8225,8200,8225,8225,11000
2021-11-01 11:30:00,8225,8200,8225,8225,0
2021-11-01 11:31:00,8225,8200,8225,8225,0
2021-11-01 11:32:00,8225,8200,8225,8225,0
2021-11-01 11:33:00,8225,8200,8225,8225,0
2021-11-01 11:34:00,8225,8200,8225,8225,0
2021-11-01 11:35:00,8225,8200,8225,8225,0
2021-11-01 11:36:00,8225,8200,8225,8225,0
2021-11-01 11:37:00,8225,8200,8225,8225,0
2021-11-01 11:38:00,8225,8200,8225,8225,0
2021-11-01 11:39:00,8225,8200,8225,8225,0
2021-11-01 11:40:00,8225,8200,8225,8225,0
2021-11-01 11:41:00,8225,8200,8225,8225,0
2021-11-01 11:42:00,8225,8200,8225,8225,0
2021-11-01 11:43:00,8225,8200,8225,8225,0
2021-11-01 11:44:00,8225,8200,8225,8225,0
2021-11-01 11:45:00,8225,8200,8225,8225,0
2021-11-01 11:46:00,8225,8200,8225,8225,0
2021-11-01 11:47:00,8225,8200,8225,8225,0
2021-11-01 11:48:00,8225,8200,8225,8225,0
2021-11-01 11:49:00,8225,8200,8225,8225,0
2021-11-01 11:50:00,8225,8200,8225,8225,0
2021-11-01 11:51:00,8225,8200,8225,8225,0
2021-11-01 11:52:00,8225,8200,8225,8225,0
2021-11-01 11:53:00,8225,8200,8225,8225,0
2021-11-01 11:54:00,8225,8200,8225,8225,0
2021-11-01 11:55:00,8225,8200,8225,8225,0
2021-11-01 11:56:00,8225,8200,8225,8225,0
2021-11-01 11:57:00,8225,8200,8225,8225,0
2021-11-01 11:58:00,8225,8200,8225,8225,0
2021-11-01 11:59:00,8225,8200,8225,8225,0
2021-11-01 12:00:00,8225,8200,8225,8225,0
2021-11-01 12:01:00,8225,8200,8225,8225,0
2021-11-01 12:02:00,8225,8200,8225,8225,0
2021-11-01 12:03:00,8225,8200,8225,8225,0
2021-11-01 12:04:00,8225,8200,8225,8225,0
2021-11-01 12:05:00,8225,8200,8225,8225,0
2021-11-01 12:06:00,8225,8200,8225,8225,0
2021-11-01 12:07:00,8225,8200,8225,8225,0
2021-11-01 12:08:00,8225,8200,8225,8225,0
2021-11-01 12:09:00,8225,8200,8225,8225,0
2021-11-01 12:10:00,8225,8200,8225,8225,0
2021-11-01 12:11:00,8225,8200,8225,8225,0
2021-11-01 12:12:00,8225,8200,8225,8225,0
2021-11-01 12:13:00,8225,8200,8225,8225,0
2021-11-01 12:14:00,8225,8200,8225,8225,0
2021-11-01 12:15:00,8225,8200,8225,8225,0
2021-11-01 12:16:00,8225,8200,8225,8225,0
2021-11-01 12:17:00,8225,8200,8225,8225,0
2021-11-01 12:18:00,8225,8200,8225,8225,0
2021-11-01 12:19:00,8225,8200,8225,8225,0
2021-11-01 12:20:00,8225,8200,8225,8225,0
2021-11-01 12:21:00,8225,8200,8225,8225,0
2021-11-01 12:22:00,8225,8200,8225,8225,0
2021-11-01 12:23:00,8225,8200,8225,8225,0
2021-11-01 12:24:00,8225,8200,8225,8225,0
2021-11-01 12:25:00,8225,8200,8225,8225,0
2021-11-01 12:26:00,8225,8200,8225,8225,0
2021-11-01 12:27:00,8225,8200,8225,8225,0
2021-11-01 12:28:00,8225,8200,8225,8225,0
2021-11-01 12:29:00,8225,8200,8225,8225,0
2021-11-01 12:30:00,8225,8200,8225,8225,0
2021-11-01 12:31:00,8225,8200,8225,8225,0
2021-11-01 12:32:00,8225,8200,8225,8225,0
2021-11-01 12:33:00,8225,8200,8225,8225,0
2021-11-01 12:34:00,8225,8200,8225,8225,0
2021-11-01 12:35:00,8225,8200,8225,8225,0
2021-11-01 12:36:00,8225,8200,8225,8225,0
2021-11-01 12:37:00,8225,8200,8225,8225,0
2021-11-01 12:38:00,8225,8200,8225,8225,0
2021-11-01 12:39:00,8225,8200,8225,8225,0
2021-11-01 12:40:00,8225,8200,8225,8225,0
2021-11-01 12:41:00,8225,8200,8225,8225,0
2021-11-01 12:42:00,8225,8200,8225,8225,0
2021-11-01 12:43:00,8225,8200,8225,8225,0
2021-11-01 12:44:00,8225,8200,8225,8225,0
2021-11-01 12:45:00,8225,8200,8225,8225,0
2021-11-01 12:46:00,8225,8200,8225,8225,0
2021-11-01 12:47:00,8225,8200,8225,8225,0
2021-11-01 12:48:00,8225,8200,8225,8225,0
2021-11-01 12:49:00,8225,8200,8225,8225,0
2021-11-01 12:50:00,8225,8200,8225,8225,0
2021-11-01 12:51:00,8225,8200,8225,8225,0
2021-11-01 12:52:00,8225,8200,8225,8225,0
2021-11-01 12:53:00,8225,8200,8225,8225,0
2021-11-01 12:54:00,8225,8200,8225,8225,0
2021-11-01 12:55:00,8225,8200,8225,8225,0
2021-11-01 12:56:00,8225,8200,8225,8225,0
2021-11-01 12:57:00,8225,8200,8225,8225,0
2021-11-01 12:58:00,8225,8200,8225,8225,0
2021-11-01 12:59:00,8225,8200,8225,8225,0
2021-11-01 13:00:00,8225,8200,8225,8225,0
2021-11-01 13:01:00,8225,8200,8225,8225,0
2021-11-01 13:02:00,8225,8200,8225,8225,0
2021-11-01 13:03:00,8225,8200,8225,8225,0
2021-11-01 13:04:00,8225,8200,8225,8225,0
2021-11-01 13:05:00,8225,8200,8225,8225,0
2021-11-01 13:06:00,8225,8200,8225,8225,0
2021-11-01 13:07:00,8225,8200,8225,8225,0
2021-11-01 13:08:00,8225,8200,8225,8225,0
2021-11-01 13:09:00,8225,8200,8225,8225,0
2021-11-01 13:10:00,8225,8200,8225,8225,0
2021-11-01 13:11:00,8225,8200,8225,8225,0
2021-11-01 13:12:00,8225,8200,8225,8225,0
2021-11-01 13:13:00,8225,8200,8225,8225,0
2021-11-01 13:14:00,8225,8200,8225,8225,0
2021-11-01 13:15:00,8225,8200,8225,8225,0
2021-11-01 13:16:00,8225,8200,8225,8225,0
2021-11-01 13:17:00,8225,8200,8225,8225,0
2021-11-01 13:18:00,8225,8200,8225,8225,0
2021-11-01 13:19:00,8225,8200,8225,8225,0
2021-11-01 13:20:00,8225,8200,8225,8225,0
2021-11-01 13:21:00,8225,8200,8225,8225,0
2021-11-01 13:22:00,8225,8200,8225,8225,0
2021-11-01 13:23:00,8225,8200,8225,8225,0
2021-11-01 13:24:00,8225,8200,8225,8225,0
2021-11-01 13:25:00,8225,8200,8225,8225,0
2021-11-01 13:26:00,8225,8200,8225,8225,0
2021-11-01 13:27:00,8225,8200,8225,8225,0
2021-11-01 13:28:00,8225,8200,8225,8225,0
2021-11-01 13:29:00,8225,8200,8225,8225,0
2021-11-01 13:30:00,8225,8200,8225,8225,0
2021-11-01 13:31:00,8225,8200,8225,8225,0
2021-11-01 13:32:00,8225,8200,8225,8225,0
2021-11-01 13:33:00,8225,8225,8225,8225,107600
2021-11-01 13:34:00,8225,8225,8225,8225,1500
2021-11-01 13:35:00,8225,8200,8225,8225,15300
2021-11-01 13:36:00,8200,8200,8225,8225,3500
2021-11-01 13:37:00,8225,8225,8225,8225,1400
2021-11-01 13:38:00,8225,8225,8225,8225,300
2021-11-01 13:39:00,8200,8200,8225,8225,9100
2021-11-01 13:40:00,8225,8225,8225,8225,16500
2021-11-01 13:41:00,8225,8225,8225,8225,100
2021-11-01 13:42:00,8225,8225,8225,8225,600
2021-11-01 13:43:00,8200,8200,8225,8225,2300
2021-11-01 13:44:00,8225,8200,8225,8200,5200
2021-11-01 13:45:00,8225,8200,8225,8225,900
2021-11-01 13:46:00,8200,8200,8200,8200,7900
2021-11-01 13:47:00,8200,8200,8200,8200,41400
2021-11-01 13:48:00,8200,8200,8225,8225,6300
2021-11-01 13:49:00,8225,8225,8225,8225,17700
2021-11-01 13:50:00,8225,8200,8225,8225,9300
2021-11-01 13:51:00,8225,8225,8225,8225,700
2021-11-01 13:52:00,8225,8225,8225,8225,300
2021-11-01 13:53:00,8225,8225,8225,8225,800
2021-11-01 13:54:00,8200,8200,8225,8200,9600
2021-11-01 13:55:00,8200,8200,8200,8200,100
2021-11-01 13:56:00,8200,8200,8200,8200,2000
2021-11-01 13:57:00,8200,8175,8200,8175,273200
2021-11-01 13:58:00,8175,8175,8175,8175,26000
2021-11-01 13:59:00,8150,8150,8175,8175,2000
2021-11-01 14:00:00,8175,8150,8175,8175,3000
2021-11-01 14:01:00,8150,8150,8175,8175,108700
2021-11-01 14:02:00,8150,8150,8175,8175,45600
2021-11-01 14:03:00,8175,8150,8175,8175,58200
2021-11-01 14:04:00,8150,8150,8175,8175,4000
2021-11-01 14:05:00,8150,8150,8175,8175,13200
2021-11-01 14:06:00,8150,8125,8150,8150,48700
2021-11-01 14:07:00,8150,8125,8150,8150,11000
2021-11-01 14:08:00,8150,8125,8150,8125,4900
2021-11-01 14:09:00,8125,8125,8150,8150,9000
2021-11-01 14:10:00,8150,8150,8150,8150,45900
2021-11-01 14:11:00,8125,8125,8150,8150,11300
2021-11-01 14:12:00,8150,8150,8150,8150,6300
2021-11-01 14:13:00,8125,8125,8150,8150,15700
2021-11-01 14:14:00,8150,8125,8150,8150,45200
2021-11-01 14:15:00,8150,8150,8150,8150,12200
2021-11-01 14:16:00,8125,8125,8150,8150,5100
2021-11-01 14:17:00,8150,8150,8150,8150,6700
2021-11-01 14:18:00,8150,8125,8150,8125,2600
2021-11-01 14:19:00,8125,8125,8150,8125,11100
2021-11-01 14:20:00,8150,8125,8150,8150,85300
2021-11-01 14:21:00,8125,8125,8150,8150,60800
2021-11-01 14:22:00,8150,8125,8150,8150,2900
2021-11-01 14:23:00,8125,8125,8150,8125,8300
2021-11-01 14:24:00,8125,8125,8150,8150,9700
2021-11-01 14:25:00,8150,8125,8150,8125,4900
2021-11-01 14:26:00,8150,8125,8150,8150,5800
2021-11-01 14:27:00,8125,8125,8150,8125,38100
2021-11-01 14:28:00,8150,8125,8150,8125,156700
2021-11-01 14:29:00,8125,8100,8125,8125,24100
2021-11-01 14:30:00,8125,8100,8125,8100,106900
2021-11-01 14:31:00,8100,8075,8100,8100,169600
2021-11-01 14:32:00,8100,8075,8100,8100,93900
2021-11-01 14:33:00,8075,8050,8075,8075,89600
2021-11-01 14:34:00,8075,8050,8100,8075,145700
2021-11-01 14:35:00,8100,8050,8100,8075,49500
2021-11-01 14:36:00,8100,8075,8100,8100,1800
2021-11-01 14:37:00,8100,8075,8100,8075,6800
2021-11-01 14:38:00,8075,8075,8100,8100,30800
2021-11-01 14:39:00,8075,8075,8100,8100,38800
2021-11-01 14:40:00,8100,8075,8100,8100,110600
2021-11-01 14:41:00,8125,8100,8125,8100,1900
2021-11-01 14:42:00,8100,8100,8125,8125,3400
2021-11-01 14:43:00,8125,8100,8125,8125,1300
2021-11-01 14:44:00,8100,8100,8125,8100,22100
2021-11-01 14:45:00,8100,8100,8125,8125,9800
2021-11-01 14:46:00,8125,8100,8125,8100,81900
2021-11-01 14:47:00,8100,8100,8125,8125,500
2021-11-01 14:48:00,8100,8100,8125,8100,110300
2021-11-01 14:49:00,8100,8075,8125,8075,139100
2021-11-01 14:50:00,8100,8075,8125,8075,0
2021-11-01 14:51:00,8100,8075,8125,8075,0
2021-11-01 14:52:00,8100,8075,8125,8075,0
2021-11-01 14:53:00,8100,8075,8125,8075,0
2021-11-01 14:54:00,8100,8075,8125,8075,0
2021-11-01 14:55:00,8100,8075,8125,8075,0
2021-11-01 14:56:00,8100,8075,8125,8075,0
2021-11-01 14:57:00,8100,8075,8125,8075,0
2021-11-01 14:58:00,8100,8075,8125,8075,0
2021-11-01 14:59:00,8100,8075,8125,8075,0
2021-11-01 15:00:00,8100,8100,8100,8100,162300
2021-11-01 15:01:00,8100,8100,8100,8100,0
2021-11-01 15:02:00,8100,8100,8100,8100,0
2021-11-01 15:03:00,8100,8100,8100,8100,0
2021-11-01 15:04:00,8100,8100,8100,8100,0
2021-11-01 15:05:00,8100,8100,8100,8100,65500
2021-11-01 15:06:00,8100,8100,8100,8100,4400
2021-11-01 15:07:00,8100,8100,8100,8100,1600
2021-11-01 15:08:00,8100,8100,8100,8100,1800
2021-11-01 15:09:00,8100,8100,8100,8100,10100
2021-11-01 15:10:00,8100,8100,8100,8100,0
2021-11-01 15:11:00,8100,8100,8100,8100,0
2021-11-01 15:12:00,8100,8100,8100,8100,2100
2021-11-01 15:13:00,8100,8100,8100,8100,10000
2021-11-01 15:14:00,8100,8100,8100,8100,1000
2021-11-01 15:15:00,8100,8100,8100,8100,0
2021-11-01 15:16:00,8100,8100,8100,8100,0
2021-11-01 15:17:00,8100,8100,8100,8100,0
2021-11-01 15:18:00,8100,8100,8100,8100,0
2021-11-01 15:19:00,8100,8100,8100,8100,0
2021-11-01 15:20:00,8100,8100,8100,8100,0
2021-11-01 15:21:00,8100,8100,8100,8100,0
2021-11-01 15:22:00,8100,8100,8100,8100,0
2021-11-01 15:23:00,8100,8100,8100,8100,0
2021-11-01 15:24:00,8100,8100,8100,8100,0
2021-11-01 15:25:00,8100,8100,8100,8100,0
2021-11-01 15:26:00,8100,8100,8100,8100,0
2021-11-01 15:27:00,8100,8100,8100,8100,0
2021-11-01 15:28:00,8100,8100,8100,8100,0
2021-11-01 15:29:00,8100,8100,8100,8100,0
2021-11-01 15:30:00,8100,8100,8100,8100,0
2021-11-01 15:31:00,8100,8100,8100,8100,0
2021-11-01 15:32:00,8100,8100,8100,8100,0
2021-11-01 15:33:00,8100,8100,8100,8100,0
2021-11-01 15:34:00,8100,8100,8100,8100,0
2021-11-01 15:35:00,8100,8100,8100,8100,0
2021-11-01 15:36:00,8100,8100,8100,8100,0
2021-11-01 15:37:00,8100,8100,8100,8100,0
2021-11-01 15:38:00,8100,8100,8100,8100,0
2021-11-01 15:39:00,8100,8100,8100,8100,0
2021-11-01 15:40:00,8100,8100,8100,8100,0
2021-11-01 15:41:00,8100,8100,8100,8100,0
2021-11-01 15:42:00,8100,8100,8100,8100,0
2021-11-01 15:43:00,8100,8100,8100,8100,0
2021-11-01 15:44:00,8100,8100,8100,8100,0
2021-11-01 15:45:00,8100,8100,8100,8100,0
2021-11-01 15:46:00,8100,8100,8100,8100,0
2021-11-01 15:47:00,8100,8100,8100,8100,0
2021-11-01 15:48:00,8100,8100,8100,8100,0
2021-11-01 15:49:00,8100,8100,8100,8100,0
2021-11-01 15:50:00,8100,8100,8100,8100,0
2021-11-01 15:51:00,8100,8100,8100,8100,0
2021-11-01 15:52:00,8100,8100,8100,8100,0
2021-11-01 15:53:00,8100,8100,8100,8100,0
2021-11-01 15:54:00,8100,8100,8100,8100,0
2021-11-01 15:55:00,8100,8100,8100,8100,0
2021-11-01 15:56:00,8100,8100,8100,8100,0
2021-11-01 15:57:00,8100,8100,8100,8100,0
2021-11-01 15:58:00,8100,8100,8100,8100,0
2021-11-01 15:59:00,8100,8100,8100,8100,0
2021-11-02 09:00:00,8125,8125,8125,8125,1000
2021-11-02 09:01:00,8150,8150,8150,8150,8000
2021-11-02 09:02:00,8175,8150,8200,8200,47100
2021-11-02 09:03:00,8200,8200,8200,8200,14100
2021-11-02 09:04:00,8200,8175,8200,8175,94600
2021-11-02 09:05:00,8200,8150,8200,8150,46700
2021-11-02 09:06:00,8175,8150,8175,8150,14100
2021-11-02 09:07:00,8150,8125,8175,8150,12800
2021-11-02 09:08:00,8150,8150,8175,8175,4700
2021-11-02 09:09:00,8175,8175,8175,8175,1500
2021-11-02 09:10:00,8175,8150,8175,8150,13600
2021-11-02 09:11:00,8150,8150,8175,8150,7300
2021-11-02 09:12:00,8150,8150,8150,8150,5500
2021-11-02 09:13:00,8150,8150,8150,8150,2600
2021-11-02 09:14:00,8150,8150,8150,8150,200
2021-11-02 09:15:00,8175,8150,8175,8150,8200
2021-11-02 09:16:00,8175,8150,8175,8175,500
2021-11-02 09:17:00,8175,8150,8175,8150,1900
2021-11-02 09:18:00,8150,8150,8175,8175,12500
2021-11-02 09:19:00,8175,8150,8175,8150,19500
2021-11-02 09:20:00,8150,8150,8175,8175,6500
2021-11-02 09:21:00,8175,8150,8175,8150,2300
2021-11-02 09:22:00,8150,8150,8150,8150,8000
2021-11-02 09:23:00,8125,8125,8150,8150,6100
2021-11-02 09:24:00,8150,8150,8150,8150,700
2021-11-02 09:25:00,8150,8125,8150,8125,4200
2021-11-02 09:26:00,8150,8150,8150,8150,2800
2021-11-02 09:27:00,8150,8150,8150,8150,6700
2021-11-02 09:28:00,8150,8150,8150,8150,0
2021-11-02 09:29:00,8150,8150,8150,8150,100
2021-11-02 09:30:00,8150,8125,8150,8150,3200
2021-11-02 09:31:00,8150,8150,8150,8150,3700
2021-11-02 09:32:00,8150,8150,8150,8150,200
2021-11-02 09:33:00,8125,8125,8150,8150,4700
2021-11-02 09:34:00,8125,8125,8125,8125,3900
2021-11-02 09:35:00,8125,8125,8150,8125,7700
2021-11-02 09:36:00,8125,8125,8125,8125,100
2021-11-02 09:37:00,8150,8150,8150,8150,11500
2021-11-02 09:38:00,8150,8150,8150,8150,2200
2021-11-02 09:39:00,8150,8150,8150,8150,0
2021-11-02 09:40:00,8150,8150,8150,8150,300
2021-11-02 09:41:00,8150,8150,8150,8150,0
2021-11-02 09:42:00,8150,8150,8150,8150,1100
2021-11-02 09:43:00,8125,8125,8150,8125,300
2021-11-02 09:44:00,8125,8125,8125,8125,6300
2021-11-02 09:45:00,8125,8125,8125,8125,200
2021-11-02 09:46:00,8125,8125,8125,8125,3700
2021-11-02 09:47:00,8125,8125,8125,8125,100
2021-11-02 09:48:00,8125,8125,8150,8150,200
2021-11-02 09:49:00,8125,8125,8125,8125,5200
2021-11-02 09:50:00,8125,8125,8150,8125,3400
2021-11-02 09:51:00,8125,8100,8125,8125,29300
2021-11-02 09:52:00,8100,8100,8100,8100,600
2021-11-02 09:53:00,8100,8100,8125,8125,12400
2021-11-02 09:54:00,8125,8125,8125,8125,700
2021-11-02 09:55:00,8125,8125,8125,8125,200
2021-11-02 09:56:00,8125,8125,8125,8125,600
2021-11-02 09:57:00,8125,8100,8125,8125,2000
2021-11-02 09:58:00,8125,8125,8125,8125,400
2021-11-02 09:59:00,8100,8100,8125,8125,4700
2021-11-02 10:00:00,8125,8100,8125,8100,10800
2021-11-02 10:01:00,8100,8100,8100,8100,4000
2021-11-02 10:02:00,8125,8100,8125,8100,2900
2021-11-02 10:03:00,8125,8125,8125,8125,1100
2021-11-02 10:04:00,8125,8100,8125,8100,400
2021-11-02 10:05:00,8100,8100,8100,8100,100
2021-11-02 10:06:00,8100,8100,8125,8125,11400
2021-11-02 10:07:00,8125,8125,8125,8125,700
2021-11-02 10:08:00,8100,8100,8100,8100,50500
2021-11-02 10:09:00,8100,8100,8100,8100,7500
2021-11-02 10:10:00,8100,8100,8100,8100,500
2021-11-02 10:11:00,8100,8100,8100,8100,0
2021-11-02 10:12:00,8100,8100,8100,8100,9100
2021-11-02 10:13:00,8100,8100,8100,8100,3100
2021-11-02 10:14:00,8100,8100,8125,8125,5600
2021-11-02 10:15:00,8125,8125,8125,8125,1100
2021-11-02 10:16:00,8125,8100,8125,8100,800
2021-11-02 10:17:00,8125,8125,8125,8125,400
2021-11-02 10:18:00,8125,8125,8125,8125,1000
2021-11-02 10:19:00,8100,8100,8100,8100,133900
2021-11-02 10:20:00,8100,8100,8100,8100,9900
2021-11-02 10:21:00,8100,8100,8100,8100,3700
2021-11-02 10:22:00,8100,8100,8100,8100,3800
2021-11-02 10:23:00,8125,8125,8125,8125,500
2021-11-02 10:24:00,8125,8125,8125,8125,0
2021-11-02 10:25:00,8100,8100,8100,8100,500
2021-11-02 10:26:00,8100,8100,8100,8100,20900
2021-11-02 10:27:00,8100,8100,8100,8100,1000
2021-11-02 10:28:00,8100,8100,8100,8100,800
2021-11-02 10:29:00,8100,8100,8100,8100,4300
2021-11-02 10:30:00,8100,8100,8100,8100,6000
2021-11-02 10:31:00,8100,8075,8100,8075,2700
2021-11-02 10:32:00,8100,8100,8100,8100,3200
2021-11-02 10:33:00,8100,8100,8100,8100,100
2021-11-02 10:34:00,8100,8100,8100,8100,2500
2021-11-02 10:35:00,8100,8100,8100,8100,10100
2021-11-02 10:36:00,8075,8075,8075,8075,600
2021-11-02 10:37:00,8100,8100,8100,8100,1700
2021-11-02 10:38:00,8100,8100,8100,8100,3600
2021-11-02 10:39:00,8100,8100,8100,8100,700
2021-11-02 10:40:00,8100,8100,8100,8100,200
2021-11-02 10:41:00,8100,8100,8100,8100,0
2021-11-02 10:42:00,8100,8100,8100,8100,900
2021-11-02 10:43:00,8100,8100,8100,8100,400
2021-11-02 10:44:00,8100,8100,8100,8100,1000
2021-11-02 10:45:00,8100,8075,8100,8100,9100
2021-11-02 10:46:00,8100,8100,8100,8100,900
2021-11-02 10:47:00,8100,8075,8100,8075,6200
2021-11-02 10:48:00,8075,8075,8075,8075,300
2021-11-02 10:49:00,8075,8075,8075,8075,4000
2021-11-02 10:50:00,8075,8075,8075,8075,4600
2021-11-02 10:51:00,8075,8075,8100,8075,29900
2021-11-02 10:52:00,8075,8075,8075,8075,13900
2021-11-02 10:53:00,8075,8075,8100,8100,17900
2021-11-02 10:54:00,8075,8075,8075,8075,5000
2021-11-02 10:55:00,8075,8075,8075,8075,1700
2021-11-02 10:56:00,8075,8075,8075,8075,1100
2021-11-02 10:57:00,8075,8075,8075,8075,23700
2021-11-02 10:58:00,8075,8075,8075,8075,17900
2021-11-02 10:59:00,8050,8050,8075,8050,22000
2021-11-02 11:00:00,8050,8050,8075,8075,6700
2021-11-02 11:01:00,8075,8050,8075,8075,4800
2021-11-02 11:02:00,8075,8075,8075,8075,13000
2021-11-02 11:03:00,8075,8075,8075,8075,6300
2021-11-02 11:04:00,8100,8075,8100,8075,2300
2021-11-02 11:05:00,8075,8075,8100,8075,2100
2021-11-02 11:06:00,8075,8075,8075,8075,4000
2021-11-02 11:07:00,8075,8075,8075,8075,100
2021-11-02 11:08:00,8075,8075,8075,8075,200
2021-11-02 11:09:00,8075,8075,8075,8075,600
2021-11-02 11:10:00,8075,8075,8075,8075,0
2021-11-02 11:11:00,8075,8075,8075,8075,2400
2021-11-02 11:12:00,8075,8075,8100,8100,7400
2021-11-02 11:13:00,8100,8075,8100,8075,1200
2021-11-02 11:14:00,8075,8075,8075,8075,600
2021-11-02 11:15:00,8075,8075,8100,8075,2300
2021-11-02 11:16:00,8075,8075,8075,8075,800
2021-11-02 11:17:00,8075,8075,8075,8075,5400
2021-11-02 11:18:00,8075,8075,8075,8075,0
2021-11-02 11:19:00,8075,8075,8075,8075,600
2021-11-02 11:20:00,8100,8100,8100,8100,300
2021-11-02 11:21:00,8100,8100,8100,8100,1100
2021-11-02 11:22:00,8100,8100,8100,8100,0
2021-11-02 11:23:00,8100,8100,8100,8100,1100
2021-11-02 11:24:00,8100,8075,8100,8075,800
2021-11-02 11:25:00,8075,8075,8075,8075,200
2021-11-02 11:26:00,8075,8075,8075,8075,0
2021-11-02 11:27:00,8075,8075,8075,8075,10700
2021-11-02 11:28:00,8075,8075,8075,8075,1500
2021-11-02 11:29:00,8075,8075,8075,8075,1200
2021-11-02 11:30:00,8075,8075,8075,8075,0
2021-11-02 11:31:00,8075,8075,8075,8075,0
2021-11-02 11:32:00,8075,8075,8075,8075,0
2021-11-02 11:33:00,8075,8075,8075,8075,0
2021-11-02 11:34:00,8075,8075,8075,8075,0
2021-11-02 11:35:00,8075,8075,8075,8075,0
2021-11-02 11:36:00,8075,8075,8075,8075,0
2021-11-02 11:37:00,8075,8075,8075,8075,0
2021-11-02 11:38:00,8075,8075,8075,8075,0
2021-11-02 11:39:00,8075,8075,8075,8075,0
2021-11-02 11:40:00,8075,8075,8075,8075,0
2021-11-02 11:41:00,8075,8075,8075,8075,0
2021-11-02 11:42:00,8075,8075,8075,8075,0
2021-11-02 11:43:00,8075,8075,8075,8075,0
2021-11-02 11:44:00,8075,8075,8075,8075,0
2021-11-02 11:45:00,8075,8075,8075,8075,0
2021-11-02 11:46:00,8075,8075,8075,8075,0
2021-11-02 11:47:00,8075,8075,8075,8075,0
2021-11-02 11:48:00,8075,8075,8075,8075,0
2021-11-02 11:49:00,8075,8075,8075,8075,0
2021-11-02 11:50:00,8075,8075,8075,8075,0
2021-11-02 11:51:00,8075,8075,8075,8075,0
2021-11-02 11:52:00,8075,8075,8075,8075,0
2021-11-02 11:53:00,8075,8075,8075,8075,0
2021-11-02 11:54:00,8075,8075,8075,8075,0
2021-11-02 11:55:00,8075,8075,8075,8075,0
2021-11-02 11:56:00,8075,8075,8075,8075,0
2021-11-02 11:57:00,8075,8075,8075,8075,0
2021-11-02 11:58:00,8075,8075,8075,8075,0
2021-11-02 11:59:00,8075,8075,8075,8075,0
2021-11-02 12:00:00,8075,8075,8075,8075,0
2021-11-02 12:01:00,8075,8075,8075,8075,0
2021-11-02 12:02:00,8075,8075,8075,8075,0
2021-11-02 12:03:00,8075,8075,8075,8075,0
2021-11-02 12:04:00,8075,8075,8075,8075,0
2021-11-02 12:05:00,8075,8075,8075,8075,0
2021-11-02 12:06:00,8075,8075,8075,8075,0
2021-11-02 12:07:00,8075,8075,8075,8075,0
2021-11-02 12:08:00,8075,8075,8075,8075,0
2021-11-02 12:09:00,8075,8075,8075,8075,0
2021-11-02 12:10:00,8075,8075,8075,8075,0
2021-11-02 12:11:00,8075,8075,8075,8075,0
2021-11-02 12:12:00,8075,8075,8075,8075,0
2021-11-02 12:13:00,8075,8075,8075,8075,0
2021-11-02 12:14:00,8075,8075,8075,8075,0
2021-11-02 12:15:00,8075,8075,8075,8075,0
2021-11-02 12:16:00,8075,8075,8075,8075,0
2021-11-02 12:17:00,8075,8075,8075,8075,0
2021-11-02 12:18:00,8075,8075,8075,8075,0
2021-11-02 12:19:00,8075,8075,8075,8075,0
2021-11-02 12:20:00,8075,8075,8075,8075,0
2021-11-02 12:21:00,8075,8075,8075,8075,0
2021-11-02 12:22:00,8075,8075,8075,8075,0
2021-11-02 12:23:00,8075,8075,8075,8075,0
2021-11-02 12:24:00,8075,8075,8075,8075,0
2021-11-02 12:25:00,8075,8075,8075,8075,0
2021-11-02 12:26:00,8075,8075,8075,8075,0
2021-11-02 12:27:00,8075,8075,8075,8075,0
2021-11-02 12:28:00,8075,8075,8075,8075,0
2021-11-02 12:29:00,8075,8075,8075,8075,0
2021-11-02 12:30:00,8075,8075,8075,8075,0
2021-11-02 12:31:00,8075,8075,8075,8075,0
2021-11-02 12:32:00,8075,8075,8075,8075,0
2021-11-02 12:33:00,8075,8075,8075,8075,0
2021-11-02 12:34:00,8075,8075,8075,8075,0
2021-11-02 12:35:00,8075,8075,8075,8075,0
2021-11-02 12:36:00,8075,8075,8075,8075,0
2021-11-02 12:37:00,8075,8075,8075,8075,0
2021-11-02 12:38:00,8075,8075,8075,8075,0
2021-11-02 12:39:00,8075,8075,8075,8075,0
2021-11-02 12:40:00,8075,8075,8075,8075,0
2021-11-02 12:41:00,8075,8075,8075,8075,0
2021-11-02 12:42:00,8075,8075,8075,8075,0
2021-11-02 12:43:00,8075,8075,8075,8075,0
2021-11-02 12:44:00,8075,8075,8075,8075,0
2021-11-02 12:45:00,8075,8075,8075,8075,0
2021-11-02 12:46:00,8075,8075,8075,8075,0
2021-11-02 12:47:00,8075,8075,8075,8075,0
2021-11-02 12:48:00,8075,8075,8075,8075,0
2021-11-02 12:49:00,8075,8075,8075,8075,0
2021-11-02 12:50:00,8075,8075,8075,8075,0
2021-11-02 12:51:00,8075,8075,8075,8075,0
2021-11-02 12:52:00,8075,8075,8075,8075,0
2021-11-02 12:53:00,8075,8075,8075,8075,0
2021-11-02 12:54:00,8075,8075,8075,8075,0
2021-11-02 12:55:00,8075,8075,8075,8075,0
2021-11-02 12:56:00,8075,8075,8075,8075,0
2021-11-02 12:57:00,8075,8075,8075,8075,0
2021-11-02 12:58:00,8075,8075,8075,8075,0
2021-11-02 12:59:00,8075,8075,8075,8075,0
2021-11-02 13:00:00,8075,8075,8075,8075,0
2021-11-02 13:01:00,8075,8075,8075,8075,0
2021-11-02 13:02:00,8075,8075,8075,8075,0
2021-11-02 13:03:00,8075,8075,8075,8075,0
2021-11-02 13:04:00,8075,8075,8075,8075,0
2021-11-02 13:05:00,8075,8075,8075,8075,0
2021-11-02 13:06:00,8075,8075,8075,8075,0
2021-11-02 13:07:00,8075,8075,8075,8075,0
2021-11-02 13:08:00,8075,8075,8075,8075,0
2021-11-02 13:09:00,8075,8075,8075,8075,0
2021-11-02 13:10:00,8075,8075,8075,8075,0
2021-11-02 13:11:00,8075,8075,8075,8075,0
2021-11-02 13:12:00,8075,8075,8075,8075,0
2021-11-02 13:13:00,8075,8075,8075,8075,0
2021-11-02 13:14:00,8075,8075,8075,8075,0
2021-11-02 13:15:00,8075,8075,8075,8075,0
2021-11-02 13:16:00,8075,8075,8075,8075,0
2021-11-02 13:17:00,8075,8075,8075,8075,0
2021-11-02 13:18:00,8075,8075,8075,8075,0
2021-11-02 13:19:00,8075,8075,8075,8075,0
2021-11-02 13:20:00,8075,8075,8075,8075,0
2021-11-02 13:21:00,8075,8075,8075,8075,0
2021-11-02 13:22:00,8075,8075,8075,8075,0
2021-11-02 13:23:00,8075,8075,8075,8075,0
2021-11-02 13:24:00,8075,8075,8075,8075,0
2021-11-02 13:25:00,8075,8075,8075,8075,0
2021-11-02 13:26:00,8075,8075,8075,8075,0
2021-11-02 13:27:00,8075,8075,8075,8075,0
2021-11-02 13:28:00,8075,8075,8075,8075,0
2021-11-02 13:29:00,8075,8075,8075,8075,0
2021-11-02 13:30:00,8075,8075,8100,8075,43400
2021-11-02 13:31:00,8100,8100,8100,8100,300
2021-11-02 13:32:00,8100,8100,8100,8100,200
2021-11-02 13:33:00,8100,8100,8100,8100,0
2021-11-02 13:34:00,8075,8075,8100,8100,4100
2021-11-02 13:35:00,8100,8075,8100,8075,700
2021-11-02 13:36:00,8100,8075,8100,8075,900
2021-11-02 13:37:00,8075,8075,8075,8075,1000
2021-11-02 13:38:00,8100,8100,8100,8100,600
2021-11-02 13:39:00,8100,8100,8100,8100,1100
2021-11-02 13:40:00,8075,8075,8075,8075,1200
2021-11-02 13:41:00,8075,8075,8075,8075,61100
2021-11-02 13:42:00,8075,8075,8075,8075,15800
2021-11-02 13:43:00,8075,8050,8075,8050,4100
2021-11-02 13:44:00,8050,8050,8050,8050,200
2021-11-02 13:45:00,8050,8050,8050,8050,45400
2021-11-02 13:46:00,8075,8075,8075,8075,400
2021-11-02 13:47:00,8075,8050,8075,8075,500
2021-11-02 13:48:00,8050,8050,8075,8050,7600
2021-11-02 13:49:00,8050,8050,8075,8050,1400
2021-11-02 13:50:00,8050,8050,8075,8075,34000
2021-11-02 13:51:00,8050,8050,8050,8050,13000
2021-11-02 13:52:00,8050,8050,8075,8050,4700
2021-11-02 13:53:00,8075,8075,8075,8075,900
2021-11-02 13:54:00,8075,8075,8075,8075,1800
2021-11-02 13:55:00,8075,8075,8075,8075,200
2021-11-02 13:56:00,8075,8050,8075,8075,2100
2021-11-02 13:57:00,8050,8050,8075,8075,1700
2021-11-02 13:58:00,8075,8050,8075,8050,9200
2021-11-02 13:59:00,8050,8050,8075,8075,22400
2021-11-02 14:00:00,8075,8050,8075,8050,24200
2021-11-02 14:01:00,8050,8050,8050,8050,17100
2021-11-02 14:02:00,8050,8050,8075,8050,6000
2021-11-02 14:03:00,8050,8050,8050,8050,800
2021-11-02 14:04:00,8075,8050,8075,8050,56400
2021-11-02 14:05:00,8050,8025,8050,8050,125300
2021-11-02 14:06:00,8025,8025,8050,8025,15500
2021-11-02 14:07:00,8050,8025,8050,8050,41500
2021-11-02 14:08:00,8050,8025,8050,8050,2100
2021-11-02 14:09:00,8050,8025,8050,8050,5400
2021-11-02 14:10:00,8050,8050,8050,8050,1200
2021-11-02 14:11:00,8050,8050,8050,8050,2900
2021-11-02 14:12:00,8050,8050,8050,8050,3300
2021-11-02 14:13:00,8050,8050,8050,8050,900
2021-11-02 14:14:00,8025,8025,8050,8050,3100
2021-11-02 14:15:00,8050,8050,8050,8050,22800
2021-11-02 14:16:00,8050,8025,8050,8050,7600
2021-11-02 14:17:00,8050,8050,8050,8050,8400
2021-11-02 14:18:00,8050,8050,8050,8050,4100
2021-11-02 14:19:00,8025,8025,8050,8025,3100
2021-11-02 14:20:00,8025,8025,8050,8025,2800
2021-11-02 14:21:00,8025,8025,8025,8025,2500
2021-11-02 14:22:00,8050,8050,8050,8050,11100
2021-11-02 14:23:00,8050,8050,8050,8050,2100
2021-11-02 14:24:00,8025,8025,8025,8025,2100
2021-11-02 14:25:00,8050,8025,8050,8050,5000
2021-11-02 14:26:00,8050,8025,8050,8025,10800
2021-11-02 14:27:00,8025,8025,8050,8050,3000
2021-11-02 14:28:00,8050,8050,8050,8050,200
2021-11-02 14:29:00,8050,8025,8050,8050,13200
2021-11-02 14:30:00,8050,8050,8050,8050,9700
2021-11-02 14:31:00,8050,8025,8050,8025,2000
2021-11-02 14:32:00,8025,8025,8050,8050,14200
2021-11-02 14:33:00,8025,8025,8050,8050,2000
2021-11-02 14:34:00,8050,8025,8050,8050,12800
2021-11-02 14:35:00,8050,8025,8050,8025,2900
2021-11-02 14:36:00,8050,8050,8050,8050,2500
2021-11-02 14:37:00,8025,8025,8050,8050,11400
2021-11-02 14:38:00,8025,8025,8050,8050,50300
2021-11-02 14:39:00,8025,8025,8050,8050,2200
2021-11-02 14:40:00,8025,8025,8050,8050,30100
2021-11-02 14:41:00,8050,8050,8050,8050,3700
2021-11-02 14:42:00,8050,8025,8050,8050,7600
2021-11-02 14:43:00,8050,8025,8050,8050,11600
2021-11-02 14:44:00,8025,8025,8050,8050,7700
2021-11-02 14:45:00,8025,8025,8050,8025,1600
2021-11-02 14:46:00,8025,8025,8050,8025,1600
2021-11-02 14:47:00,8050,8025,8050,8050,22900
2021-11-02 14:48:00,8025,8025,8050,8025,6000
2021-11-02 14:49:00,8050,8025,8050,8050,73500
2021-11-02 14:50:00,8050,8025,8050,8050,0
2021-11-02 14:51:00,8050,8025,8050,8050,0
2021-11-02 14:52:00,8050,8025,8050,8050,0
2021-11-02 14:53:00,8050,8025,8050,8050,0
2021-11-02 14:54:00,8050,8025,8050,8050,0
2021-11-02 14:55:00,8050,8025,8050,8050,0
2021-11-02 14:56:00,8050,8025,8050,8050,0
2021-11-02 14:57:00,8050,8025,8050,8050,0
2021-11-02 14:58:00,8050,8025,8050,8050,0
2021-11-02 14:59:00,8050,8025,8050,8050,0
2021-11-02 15:00:00,8050,8050,8050,8050,117000
2021-11-02 15:01:00,8050,8050,8050,8050,0
2021-11-02 15:02:00,8050,8050,8050,8050,0
2021-11-02 15:03:00,8050,8050,8050,8050,0
2021-11-02 15:04:00,8050,8050,8050,8050,0
2021-11-02 15:05:00,8050,8050,8050,8050,55200
2021-11-02 15:06:00,8050,8050,8050,8050,3200
2021-11-02 15:07:00,8050,8050,8050,8050,300
2021-11-02 15:08:00,8050,8050,8050,8050,0
2021-11-02 15:09:00,8050,8050,8050,8050,0
2021-11-02 15:10:00,8050,8050,8050,8050,0
2021-11-02 15:11:00,8050,8050,8050,8050,1000
2021-11-02 15:12:00,8050,8050,8050,8050,0
2021-11-02 15:13:00,8050,8050,8050,8050,19900
2021-11-02 15:14:00,8050,8050,8050,8050,0
2021-11-02 15:15:00,8050,8050,8050,8050,0
2021-11-02 15:16:00,8050,8050,8050,8050,0
2021-11-02 15:17:00,8050,8050,8050,8050,0
2021-11-02 15:18:00,8050,8050,8050,8050,0
2021-11-02 15:19:00,8050,8050,8050,8050,0
2021-11-02 15:20:00,8050,8050,8050,8050,0
2021-11-02 15:21:00,8050,8050,8050,8050,0
2021-11-02 15:22:00,8050,8050,8050,8050,0
2021-11-02 15:23:00,8050,8050,8050,8050,0
2021-11-02 15:24:00,8050,8050,8050,8050,0
2021-11-02 15:25:00,8050,8050,8050,8050,0
2021-11-02 15:26:00,8050,8050,8050,8050,0
2021-11-02 15:27:00,8050,8050,8050,8050,0
2021-11-02 15:28:00,8050,8050,8050,8050,0
2021-11-02 15:29:00,8050,8050,8050,8050,0
2021-11-02 15:30:00,8050,8050,8050,8050,0
2021-11-02 15:31:00,8050,8050,8050,8050,0
2021-11-02 15:32:00,8050,8050,8050,8050,0
2021-11-02 15:33:00,8050,8050,8050,8050,0
2021-11-02 15:34:00,8050,8050,8050,8050,0
2021-11-02 15:35:00,8050,8050,8050,8050,0
2021-11-02 15:36:00,8050,8050,8050,8050,0
2021-11-02 15:37:00,8050,8050,8050,8050,0
2021-11-02 15:38:00,8050,8050,8050,8050,0
2021-11-02 15:39:00,8050,8050,8050,8050,0
2021-11-02 15:40:00,8050,8050,8050,8050,0
2021-11-02 15:41:00,8050,8050,8050,8050,0
2021-11-02 15:42:00,8050,8050,8050,8050,0
2021-11-02 15:43:00,8050,8050,8050,8050,0
2021-11-02 15:44:00,8050,8050,8050,8050,0
2021-11-02 15:45:00,8050,8050,8050,8050,0
2021-11-02 15:46:00,8050,8050,8050,8050,0
2021-11-02 15:47:00,8050,8050,8050,8050,0
2021-11-02 15:48:00,8050,8050,8050,8050,0
2021-11-02 15:49:00,8050,8050,8050,8050,0
2021-11-02 15:50:00,8050,8050,8050,8050,0
2021-11-02 15:51:00,8050,8050,8050,8050,0
2021-11-02 15:52:00,8050,8050,8050,8050,0
2021-11-02 15:53:00,8050,8050,8050,8050,0
2021-11-02 15:54:00,8050,8050,8050,8050,0
2021-11-02 15:55:00,8050,8050,8050,8050,0
2021-11-02 15:56:00,8050,8050,8050,8050,0
2021-11-02 15:57:00,8050,8050,8050,8050,0
2021-11-02 15:58:00,8050,8050,8050,8050,0
2021-11-02 15:59:00,8050,8050,8050,8050,0
2021-11-03 09:00:00,8075,8050,8100,8050,17200
2021-11-03 09:01:00,8100,8100,8150,8125,23400
2021-11-03 09:02:00,8125,8100,8175,8100,174300
2021-11-03 09:03:00,8125,8125,8150,8125,7700
2021-11-03 09:04:00,8125,8125,8150,8150,21100
2021-11-03 09:05:00,8150,8125,8150,8150,43400
2021-11-03 09:06:00,8150,8150,8175,8150,20100
2021-11-03 09:07:00,8150,8150,8175,8175,40600
2021-11-03 09:08:00,8175,8150,8175,8150,2700
2021-11-03 09:09:00,8175,8150,8175,8150,29700
2021-11-03 09:10:00,8150,8100,8150,8100,17700
2021-11-03 09:11:00,8125,8100,8125,8125,1700
2021-11-03 09:12:00,8125,8125,8125,8125,1000
2021-11-03 09:13:00,8125,8100,8125,8100,2500
2021-11-03 09:14:00,8100,8100,8125,8100,16300
2021-11-03 09:15:00,8100,8100,8100,8100,17000
2021-11-03 09:16:00,8100,8100,8125,8125,10300
2021-11-03 09:17:00,8125,8100,8125,8100,3400
2021-11-03 09:18:00,8100,8100,8100,8100,3800
2021-11-03 09:19:00,8125,8125,8125,8125,36600
2021-11-03 09:20:00,8125,8125,8150,8150,4200
2021-11-03 09:21:00,8150,8150,8150,8150,2800
2021-11-03 09:22:00,8150,8150,8150,8150,2800
2021-11-03 09:23:00,8125,8125,8150,8150,1100
2021-11-03 09:24:00,8150,8125,8150,8125,1700
2021-11-03 09:25:00,8125,8125,8125,8125,200
2021-11-03 09:26:00,8125,8125,8125,8125,22600
2021-11-03 09:27:00,8125,8100,8125,8100,14300
2021-11-03 09:28:00,8125,8125,8125,8125,1000
2021-11-03 09:29:00,8125,8125,8150,8125,1600
2021-11-03 09:30:00,8150,8125,8150,8150,7000
2021-11-03 09:31:00,8150,8150,8150,8150,1000
2021-11-03 09:32:00,8150,8125,8150,8125,20300
2021-11-03 09:33:00,8125,8125,8125,8125,5300
2021-11-03 09:34:00,8125,8125,8125,8125,2500
2021-11-03 09:35:00,8125,8125,8150,8150,6000
2021-11-03 09:36:00,8150,8150,8150,8150,1300
2021-11-03 09:37:00,8150,8150,8150,8150,49700
2021-11-03 09:38:00,8150,8150,8150,8150,5700
2021-11-03 09:39:00,8150,8150,8200,8175,78500
2021-11-03 09:40:00,8200,8175,8200,8200,17600
2021-11-03 09:41:00,8175,8175,8200,8200,18900
2021-11-03 09:42:00,8200,8175,8200,8200,6600
2021-11-03 09:43:00,8200,8200,8200,8200,2700
2021-11-03 09:44:00,8175,8175,8175,8175,17100
2021-11-03 09:45:00,8175,8175,8175,8175,19000
2021-11-03 09:46:00,8175,8175,8175,8175,5900
2021-11-03 09:47:00,8175,8175,8200,8200,1500
2021-11-03 09:48:00,8175,8175,8175,8175,4200
2021-11-03 09:49:00,8175,8175,8200,8200,13300
2021-11-03 09:50:00,8200,8175,8200,8175,1600
2021-11-03 09:51:00,8175,8175,8175,8175,37900
2021-11-03 09:52:00,8150,8150,8175,8175,18900
2021-11-03 09:53:00,8150,8150,8150,8150,1200
2021-11-03 09:54:00,8150,8150,8150,8150,300
2021-11-03 09:55:00,8150,8150,8150,8150,5300
2021-11-03 09:56:00,8175,8175,8175,8175,100
2021-11-03 09:57:00,8150,8150,8175,8175,1500
2021-11-03 09:58:00,8175,8150,8175,8150,3600
2021-11-03 09:59:00,8150,8150,8150,8150,400
2021-11-03 10:00:00,8150,8150,8150,8150,8900
2021-11-03 10:01:00,8125,8125,8125,8125,3400
2021-11-03 10:02:00,8125,8125,8125,8125,3400
2021-11-03 10:03:00,8125,8125,8150,8150,4400
2021-11-03 10:04:00,8125,8125,8150,8150,4200
2021-11-03 10:05:00,8125,8125,8150,8150,600
2021-11-03 10:06:00,8150,8150,8150,8150,1100
2021-11-03 10:07:00,8150,8150,8150,8150,100
2021-11-03 10:08:00,8150,8150,8150,8150,11500
2021-11-03 10:09:00,8150,8150,8150,8150,0
2021-11-03 10:10:00,8150,8150,8150,8150,1600
2021-11-03 10:11:00,8150,8150,8150,8150,0
2021-11-03 10:12:00,8150,8150,8150,8150,5900
2021-11-03 10:13:00,8150,8150,8150,8150,1500
2021-11-03 10:14:00,8150,8150,8150,8150,1200
2021-11-03 10:15:00,8150,8150,8150,8150,400
2021-11-03 10:16:00,8150,8150,8150,8150,500
2021-11-03 10:17:00,8150,8150,8150,8150,0
2021-11-03 10:18:00,8150,8150,8150,8150,0
2021-11-03 10:19:00,8150,8150,8150,8150,3900
2021-11-03 10:20:00,8150,8150,8150,8150,900
2021-11-03 10:21:00,8125,8100,8125,8100,57200
2021-11-03 10:22:00,8125,8125,8125,8125,100
2021-11-03 10:23:00,8125,8100,8125,8100,3200
2021-11-03 10:24:00,8100,8100,8125,8125,1000
2021-11-03 10:25:00,8125,8100,8125,8100,5100
2021-11-03 10:26:00,8100,8100,8125,8100,7400
2021-11-03 10:27:00,8100,8100,8125,8125,8700
2021-11-03 10:28:00,8125,8100,8125,8125,600
2021-11-03 10:29:00,8125,8125,8125,8125,2500
2021-11-03 10:30:00,8125,8125,8125,8125,100
2021-11-03 10:31:00,8125,8125,8125,8125,100
2021-11-03 10:32:00,8125,8125,8125,8125,100
2021-11-03 10:33:00,8125,8125,8125,8125,100
2021-11-03 10:34:00,8100,8100,8125,8125,3600
2021-11-03 10:35:00,8100,8100,8100,8100,1800
2021-11-03 10:36:00,8100,8075,8125,8075,134800
2021-11-03 10:37:00,8075,8075,8075,8075,1000
2021-11-03 10:38:00,8100,8100,8100,8100,2200
2021-11-03 10:39:00,8075,8075,8100,8100,7400
2021-11-03 10:40:00,8100,8100,8100,8100,500
2021-11-03 10:41:00,8100,8100,8100,8100,100
2021-11-03 10:42:00,8100,8100,8100,8100,1000
2021-11-03 10:43:00,8100,8100,8100,8100,0
2021-11-03 10:44:00,8100,8100,8100,8100,0
2021-11-03 10:45:00,8075,8075,8075,8075,18400
2021-11-03 10:46:00,8075,8075,8075,8075,4000
2021-11-03 10:47:00,8075,8075,8075,8075,5600
2021-11-03 10:48:00,8100,8100,8100,8100,500
2021-11-03 10:49:00,8100,8100,8100,8100,400
2021-11-03 10:50:00,8075,8075,8100,8100,3000
2021-11-03 10:51:00,8075,8075,8075,8075,100
2021-11-03 10:52:00,8075,8075,8075,8075,3100
2021-11-03 10:53:00,8075,8075,8075,8075,10000
2021-11-03 10:54:00,8075,8075,8075,8075,7500
2021-11-03 10:55:00,8075,8075,8075,8075,7000
2021-11-03 10:56:00,8075,8075,8075,8075,99900
2021-11-03 10:57:00,8075,8075,8075,8075,1800
2021-11-03 10:58:00,8075,8075,8075,8075,100
2021-11-03 10:59:00,8050,8050,8075,8075,1200
2021-11-03 11:00:00,8050,8050,8075,8075,2700
2021-11-03 11:01:00,8050,8050,8075,8075,4200
2021-11-03 11:02:00,8050,8050,8075,8050,5200
2021-11-03 11:03:00,8050,8050,8075,8075,700
2021-11-03 11:04:00,8050,8050,8050,8050,18100
2021-11-03 11:05:00,8050,8050,8050,8050,5500
2021-11-03 11:06:00,8050,8050,8075,8075,4300
2021-11-03 11:07:00,8050,8050,8075,8050,6000
2021-11-03 11:08:00,8075,8050,8075,8075,2400
2021-11-03 11:09:00,8075,8075,8075,8075,8100
2021-11-03 11:10:00,8075,8075,8075,8075,8800
2021-11-03 11:11:00,8050,8050,8050,8050,4900
2021-11-03 11:12:00,8075,8075,8075,8075,25900
2021-11-03 11:13:00,8075,8075,8075,8075,8500
2021-11-03 11:14:00,8075,8075,8075,8075,4500
2021-11-03 11:15:00,8075,8075,8075,8075,2800
2021-11-03 11:16:00,8075,8075,8075,8075,300
2021-11-03 11:17:00,8075,8075,8075,8075,100
2021-11-03 11:18:00,8100,8075,8100,8075,3000
2021-11-03 11:19:00,8075,8075,8075,8075,100
2021-11-03 11:20:00,8075,8075,8075,8075,5000
2021-11-03 11:21:00,8100,8075,8100,8075,15300
2021-11-03 11:22:00,8100,8075,8100,8100,6700
2021-11-03 11:23:00,8075,8075,8100,8100,9800
2021-11-03 11:24:00,8075,8075,8075,8075,3400
2021-11-03 11:25:00,8075,8075,8075,8075,6000
2021-11-03 11:26:00,8075,8075,8100,8075,4600
2021-11-03 11:27:00,8100,8100,8100,8100,1600
2021-11-03 11:28:00,8075,8075,8125,8125,29600
2021-11-03 11:29:00,8125,8100,8125,8125,3100
2021-11-03 11:30:00,8125,8100,8125,8125,0
2021-11-03 11:31:00,8125,8100,8125,8125,0
2021-11-03 11:32:00,8125,8100,8125,8125,0
2021-11-03 11:33:00,8125,8100,8125,8125,0
2021-11-03 11:34:00,8125,8100,8125,8125,0
2021-11-03 11:35:00,8125,8100,8125,8125,0
2021-11-03 11:36:00,8125,8100,8125,8125,0
2021-11-03 11:37:00,8125,8100,8125,8125,0
2021-11-03 11:38:00,8125,8100,8125,8125,0
2021-11-03 11:39:00,8125,8100,8125,8125,0
2021-11-03 11:40:00,8125,8100,8125,8125,0
2021-11-03 11:41:00,8125,8100,8125,8125,0
2021-11-03 11:42:00,8125,8100,8125,8125,0
2021-11-03 11:43:00,8125,8100,8125,8125,0
2021-11-03 11:44:00,8125,8100,8125,8125,0
2021-11-03 11:45:00,8125,8100,8125,8125,0
2021-11-03 11:46:00,8125,8100,8125,8125,0
2021-11-03 11:47:00,8125,8100,8125,8125,0
2021-11-03 11:48:00,8125,8100,8125,8125,0
2021-11-03 11:49:00,8125,8100,8125,8125,0
2021-11-03 11:50:00,8125,8100,8125,8125,0
2021-11-03 11:51:00,8125,8100,8125,8125,0
2021-11-03 11:52:00,8125,8100,8125,8125,0
2021-11-03 11:53:00,8125,8100,8125,8125,0
2021-11-03 11:54:00,8125,8100,8125,8125,0
2021-11-03 11:55:00,8125,8100,8125,8125,0
2021-11-03 11:56:00,8125,8100,8125,8125,0
2021-11-03 11:57:00,8125,8100,8125,8125,0
2021-11-03 11:58:00,8125,8100,8125,8125,0
2021-11-03 11:59:00,8125,8100,8125,8125,0
2021-11-03 12:00:00,8125,8100,8125,8125,0
2021-11-03 12:01:00,8125,8100,8125,8125,0
2021-11-03 12:02:00,8125,8100,8125,8125,0
2021-11-03 12:03:00,8125,8100,8125,8125,0
2021-11-03 12:04:00,8125,8100,8125,8125,0
2021-11-03 12:05:00,8125,8100,8125,8125,0
2021-11-03 12:06:00,8125,8100,8125,8125,0
2021-11-03 12:07:00,8125,8100,8125,8125,0
2021-11-03 12:08:00,8125,8100,8125,8125,0
2021-11-03 12:09:00,8125,8100,8125,8125,0
2021-11-03 12:10:00,8125,8100,8125,8125,0
2021-11-03 12:11:00,8125,8100,8125,8125,0
2021-11-03 12:12:00,8125,8100,8125,8125,0
2021-11-03 12:13:00,8125,8100,8125,8125,0
2021-11-03 12:14:00,8125,8100,8125,8125,0
2021-11-03 12:15:00,8125,8100,8125,8125,0
2021-11-03 12:16:00,8125,8100,8125,8125,0
2021-11-03 12:17:00,8125,8100,8125,8125,0
2021-11-03 12:18:00,8125,8100,8125,8125,0
2021-11-03 12:19:00,8125,8100,8125,8125,0
2021-11-03 12:20:00,8125,8100,8125,8125,0
2021-11-03 12:21:00,8125,8100,8125,8125,0
2021-11-03 12:22:00,8125,8100,8125,8125,0
2021-11-03 12:23:00,8125,8100,8125,8125,0
2021-11-03 12:24:00,8125,8100,8125,8125,0
2021-11-03 12:25:00,8125,8100,8125,8125,0
2021-11-03 12:26:00,8125,8100,8125,8125,0
2021-11-03 12:27:00,8125,8100,8125,8125,0
2021-11-03 12:28:00,8125,8100,8125,8125,0
2021-11-03 12:29:00,8125,8100,8125,8125,0
2021-11-03 12:30:00,8125,8100,8125,8125,0
2021-11-03 12:31:00,8125,8100,8125,8125,0
2021-11-03 12:32:00,8125,8100,8125,8125,0
2021-11-03 12:33:00,8125,8100,8125,8125,0
2021-11-03 12:34:00,8125,8100,8125,8125,0
2021-11-03 12:35:00,8125,8100,8125,8125,0
2021-11-03 12:36:00,8125,8100,8125,8125,0
2021-11-03 12:37:00,8125,8100,8125,8125,0
2021-11-03 12:38:00,8125,8100,8125,8125,0
2021-11-03 12:39:00,8125,8100,8125,8125,0
2021-11-03 12:40:00,8125,8100,8125,8125,0
2021-11-03 12:41:00,8125,8100,8125,8125,0
2021-11-03 12:42:00,8125,8100,8125,8125,0
2021-11-03 12:43:00,8125,8100,8125,8125,0
2021-11-03 12:44:00,8125,8100,8125,8125,0
2021-11-03 12:45:00,8125,8100,8125,8125,0
2021-11-03 12:46:00,8125,8100,8125,8125,0
2021-11-03 12:47:00,8125,8100,8125,8125,0
2021-11-03 12:48:00,8125,8100,8125,8125,0
2021-11-03 12:49:00,8125,8100,8125,8125,0
2021-11-03 12:50:00,8125,8100,8125,8125,0
2021-11-03 12:51:00,8125,8100,8125,8125,0
2021-11-03 12:52:00,8125,8100,8125,8125,0
2021-11-03 12:53:00,8125,8100,8125,8125,0
2021-11-03 12:54:00,8125,8100,8125,8125,0
2021-11-03 12:55:00,8125,8100,8125,8125,0
2021-11-03 12:56:00,8125,8100,8125,8125,0
2021-11-03 12:57:00,8125,8100,8125,8125,0
2021-11-03 12:58:00,8125,8100,8125,8125,0
2021-11-03 12:59:00,8125,8100,8125,8125,0
2021-11-03 13:00:00,8125,8100,8125,8125,0
2021-11-03 13:01:00,8125,8100,8125,8125,0
2021-11-03 13:02:00,8125,8100,8125,8125,0
2021-11-03 13:03:00,8125,8100,8125,8125,0
2021-11-03 13:04:00,8125,8100,8125,8125,0
2021-11-03 13:05:00,8125,8100,8125,8125,0
2021-11-03 13:06:00,8125,8100,8125,8125,0
2021-11-03 13:07:00,8125,8100,8125,8125,0
2021-11-03 13:08:00,8125,8100,8125,8125,0
2021-11-03 13:09:00,8125,8100,8125,8125,0
2021-11-03 13:10:00,8125,8100,8125,8125,0
2021-11-03 13:11:00,8125,8100,8125,8125,0
2021-11-03 13:12:00,8125,8100,8125,8125,0
2021-11-03 13:13:00,8125,8100,8125,8125,0
2021-11-03 13:14:00,8125,8100,8125,8125,0
2021-11-03 13:15:00,8125,8100,8125,8125,0
2021-11-03 13:16:00,8125,8100,8125,8125,0
2021-11-03 13:17:00,8125,8100,8125,8125,0
2021-11-03 13:18:00,8125,8100,8125,8125,0
2021-11-03 13:19:00,8125,8100,8125,8125,0
2021-11-03 13:20:00,8125,8100,8125,8125,0
2021-11-03 13:21:00,8125,8100,8125,8125,0
2021-11-03 13:22:00,8125,8100,8125,8125,0
2021-11-03 13:23:00,8125,8100,8125,8125,0
2021-11-03 13:24:00,8125,8100,8125,8125,0
2021-11-03 13:25:00,8125,8100,8125,8125,0
2021-11-03 13:26:00,8125,8100,8125,8125,0
2021-11-03 13:27:00,8125,8100,8125,8125,0
2021-11-03 13:28:00,8125,8100,8125,8125,0
2021-11-03 13:29:00,8125,8100,8125,8125,0
2021-11-03 13:30:00,8125,8125,8125,8125,9900
2021-11-03 13:31:00,8125,8125,8125,8125,100
2021-11-03 13:32:00,8125,8125,8125,8125,500
2021-11-03 13:33:00,8125,8100,8125,8100,400
2021-11-03 13:34:00,8100,8100,8125,8125,2600
2021-11-03 13:35:00,8100,8100,8125,8125,10500
2021-11-03 13:36:00,8100,8100,8100,8100,300
2021-11-03 13:37:00,8125,8125,8125,8125,800
2021-11-03 13:38:00,8100,8100,8100,8100,1100
2021-11-03 13:39:00,8125,8100,8125,8100,87800
2021-11-03 13:40:00,8100,8100,8100,8100,8000
2021-11-03 13:41:00,8075,8075,8075,8075,4000
2021-11-03 13:42:00,8075,8075,8100,8100,3200
2021-11-03 13:43:00,8075,8075,8100,8100,23300
2021-11-03 13:44:00,8100,8075,8100,8075,2800
2021-11-03 13:45:00,8100,8100,8100,8100,200
2021-11-03 13:46:00,8075,8075,8100,8100,4300
2021-11-03 13:47:00,8100,8100,8100,8100,15100
2021-11-03 13:48:00,8100,8100,8100,8100,8800
2021-11-03 13:49:00,8100,8075,8100,8075,8000
2021-11-03 13:50:00,8100,8100,8100,8100,10600
2021-11-03 13:51:00,8100,8100,8125,8125,500
2021-11-03 13:52:00,8100,8100,8125,8100,1300
2021-11-03 13:53:00,8100,8100,8125,8100,0
2021-11-03 13:54:00,8100,8100,8125,8125,600
2021-11-03 13:55:00,8125,8125,8125,8125,200
2021-11-03 13:56:00,8100,8100,8125,8125,1400
2021-11-03 13:57:00,8125,8125,8125,8125,200
2021-11-03 13:58:00,8100,8100,8100,8100,72700
2021-11-03 13:59:00,8075,8075,8100,8100,12000
2021-11-03 14:00:00,8100,8100,8100,8100,800
2021-11-03 14:01:00,8100,8075,8100,8075,78500
2021-11-03 14:02:00,8075,8050,8075,8075,51600
2021-11-03 14:03:00,8100,8100,8150,8150,142600
2021-11-03 14:04:00,8150,8125,8150,8150,3400
2021-11-03 14:05:00,8125,8125,8150,8150,1800
2021-11-03 14:06:00,8150,8150,8150,8150,1300
2021-11-03 14:07:00,8150,8125,8150,8125,28900
2021-11-03 14:08:00,8125,8125,8125,8125,13900
2021-11-03 14:09:00,8125,8125,8125,8125,5200
2021-11-03 14:10:00,8125,8125,8125,8125,1300
2021-11-03 14:11:00,8125,8100,8125,8125,3500
2021-11-03 14:12:00,8125,8125,8125,8125,8900
2021-11-03 14:13:00,8125,8125,8150,8150,8900
2021-11-03 14:14:00,8150,8125,8150,8125,300
2021-11-03 14:15:00,8125,8125,8150,8125,6400
2021-11-03 14:16:00,8125,8125,8125,8125,100
2021-11-03 14:17:00,8125,8125,8150,8125,1200
2021-11-03 14:18:00,8125,8125,8150,8150,300
2021-11-03 14:19:00,8150,8125,8150,8125,35500
2021-11-03 14:20:00,8125,8125,8150,8150,36900
2021-11-03 14:21:00,8150,8150,8150,8150,300
2021-11-03 14:22:00,8125,8125,8150,8150,3300
2021-11-03 14:23:00,8125,8125,8150,8150,5700
2021-11-03 14:24:00,8125,8125,8150,8150,5600
2021-11-03 14:25:00,8125,8125,8150,8150,13800
2021-11-03 14:26:00,8150,8125,8150,8125,37300
2021-11-03 14:27:00,8125,8125,8150,8125,2400
2021-11-03 14:28:00,8125,8125,8150,8125,0
2021-11-03 14:29:00,8150,8125,8150,8150,11100
2021-11-03 14:30:00,8125,8125,8150,8150,14700
2021-11-03 14:31:00,8125,8125,8125,8125,1300
2021-11-03 14:32:00,8125,8125,8150,8125,6500
2021-11-03 14:33:00,8150,8125,8150,8150,5300
2021-11-03 14:34:00,8150,8125,8150,8125,36400
2021-11-03 14:35:00,8125,8125,8150,8125,8100
2021-11-03 14:36:00,8100,8100,8100,8100,1500
2021-11-03 14:37:00,8100,8100,8125,8125,700
2021-11-03 14:38:00,8125,8100,8125,8125,51000
2021-11-03 14:39:00,8125,8125,8150,8150,14300
2021-11-03 14:40:00,8150,8150,8150,8150,79500
2021-11-03 14:41:00,8175,8150,8175,8150,11400
2021-11-03 14:42:00,8175,8125,8175,8125,160500
2021-11-03 14:43:00,8125,8100,8125,8100,220500
2021-11-03 14:44:00,8100,8100,8125,8125,4900
2021-11-03 14:45:00,8125,8100,8125,8100,4600
2021-11-03 14:46:00,8125,8100,8125,8100,200
2021-11-03 14:47:00,8100,8100,8125,8100,21300
2021-11-03 14:48:00,8125,8100,8125,8100,9800
2021-11-03 14:49:00,8125,8075,8125,8100,192800
2021-11-03 14:50:00,8125,8075,8125,8100,0
2021-11-03 14:51:00,8125,8075,8125,8100,0
2021-11-03 14:52:00,8125,8075,8125,8100,0
2021-11-03 14:53:00,8125,8075,8125,8100,0
2021-11-03 14:54:00,8125,8075,8125,8100,0
2021-11-03 14:55:00,8125,8075,8125,8100,0
2021-11-03 14:56:00,8125,8075,8125,8100,0
2021-11-03 14:57:00,8125,8075,8125,8100,0
2021-11-03 14:58:00,8125,8075,8125,8100,0
2021-11-03 14:59:00,8125,8075,8125,8100,0
2021-11-03 15:00:00,8100,8100,8100,8100,153700
2021-11-03 15:01:00,8100,8100,8100,8100,0
2021-11-03 15:02:00,8100,8100,8100,8100,0
2021-11-03 15:03:00,8100,8100,8100,8100,0
2021-11-03 15:04:00,8100,8100,8100,8100,0
2021-11-03 15:05:00,8100,8100,8100,8100,46300
2021-11-03 15:06:00,8100,8100,8100,8100,900
2021-11-03 15:07:00,8100,8100,8100,8100,300
2021-11-03 15:08:00,8100,8100,8100,8100,0
2021-11-03 15:09:00,8100,8100,8100,8100,0
2021-11-03 15:10:00,8100,8100,8100,8100,0
2021-11-03 15:11:00,8100,8100,8100,8100,900
2021-11-03 15:12:00,8100,8100,8100,8100,33200
2021-11-03 15:13:00,8100,8100,8100,8100,500
2021-11-03 15:14:00,8100,8100,8100,8100,2500
2021-11-03 15:15:00,8100,8100,8100,8100,0
2021-11-03 15:16:00,8100,8100,8100,8100,0
2021-11-03 15:17:00,8100,8100,8100,8100,0
2021-11-03 15:18:00,8100,8100,8100,8100,0
2021-11-03 15:19:00,8100,8100,8100,8100,0
2021-11-03 15:20:00,8100,8100,8100,8100,0
2021-11-03 15:21:00,8100,8100,8100,8100,0
2021-11-03 15:22:00,8100,8100,8100,8100,0
2021-11-03 15:23:00,8100,8100,8100,8100,0
2021-11-03 15:24:00,8100,8100,8100,8100,0
2021-11-03 15:25:00,8100,8100,8100,8100,0
2021-11-03 15:26:00,8100,8100,8100,8100,0
2021-11-03 15:27:00,8100,8100,8100,8100,0
2021-11-03 15:28:00,8100,8100,8100,8100,0
2021-11-03 15:29:00,8100,8100,8100,8100,0
2021-11-03 15:30:00,8100,8100,8100,8100,0
2021-11-03 15:31:00,8100,8100,8100,8100,0
2021-11-03 15:32:00,8100,8100,8100,8100,0
2021-11-03 15:33:00,8100,8100,8100,8100,0
2021-11-03 15:34:00,8100,8100,8100,8100,0
2021-11-03 15:35:00,8100,8100,8100,8100,0
2021-11-03 15:36:00,8100,8100,8100,8100,0
2021-11-03 15:37:00,8100,8100,8100,8100,0
2021-11-03 15:38:00,8100,8100,8100,8100,0
2021-11-03 15:39:00,8100,8100,8100,8100,0
2021-11-03 15:40:00,8100,8100,8100,8100,0
2021-11-03 15:41:00,8100,8100,8100,8100,0
2021-11-03 15:42:00,8100,8100,8100,8100,0
2021-11-03 15:43:00,8100,8100,8100,8100,0
2021-11-03 15:44:00,8100,8100,8100,8100,0
2021-11-03 15:45:00,8100,8100,8100,8100,0
2021-11-03 15:46:00,8100,8100,8100,8100,0
2021-11-03 15:47:00,8100,8100,8100,8100,0
2021-11-03 15:48:00,8100,8100,8100,8100,0
2021-11-03 15:49:00,8100,8100,8100,8100,0
2021-11-03 15:50:00,8100,8100,8100,8100,0
2021-11-03 15:51:00,8100,8100,8100,8100,0
2021-11-03 15:52:00,8100,8100,8100,8100,0
2021-11-03 15:53:00,8100,8100,8100,8100,0
2021-11-03 15:54:00,8100,8100,8100,8100,0
2021-11-03 15:55:00,8100,8100,8100,8100,0
2021-11-03 15:56:00,8100,8100,8100,8100,0
2021-11-03 15:57:00,8100,8100,8100,8100,0
2021-11-03 15:58:00,8100,8100,8100,8100,0
2021-11-03 15:59:00,8100,8100,8100,8100,0
2021-11-04 09:00:00,8150,8150,8225,8225,31500
2021-11-04 09:01:00,8225,8225,8275,8225,35200
2021-11-04 09:02:00,8225,8225,8275,8250,51000
2021-11-04 09:03:00,8275,8225,8275,8250,53300
2021-11-04 09:04:00,8275,8250,8275,8275,28200
2021-11-04 09:05:00,8250,8225,8275,8225,88200
2021-11-04 09:06:00,8225,8200,8225,8200,12200
2021-11-04 09:07:00,8225,8225,8250,8250,46300
2021-11-04 09:08:00,8250,8225,8250,8225,32300
2021-11-04 09:09:00,8225,8225,8250,8225,7500
2021-11-04 09:10:00,8225,8225,8225,8225,34100
2021-11-04 09:11:00,8225,8200,8225,8225,83900
2021-11-04 09:12:00,8225,8200,8225,8225,6600
2021-11-04 09:13:00,8225,8225,8225,8225,1400
2021-11-04 09:14:00,8250,8250,8250,8250,71800
2021-11-04 09:15:00,8250,8225,8250,8225,3800
2021-11-04 09:16:00,8225,8225,8250,8250,2500
2021-11-04 09:17:00,8225,8225,8225,8225,800
2021-11-04 09:18:00,8225,8225,8225,8225,400
2021-11-04 09:19:00,8225,8225,8250,8250,38000
2021-11-04 09:20:00,8250,8250,8250,8250,4500
2021-11-04 09:21:00,8225,8225,8250,8225,1200
2021-11-04 09:22:00,8250,8225,8250,8250,24500
2021-11-04 09:23:00,8250,8250,8275,8275,112900
2021-11-04 09:24:00,8250,8250,8250,8250,43400
2021-11-04 09:25:00,8250,8250,8275,8275,5100
2021-11-04 09:26:00,8250,8250,8250,8250,21700
2021-11-04 09:27:00,8250,8250,8250,8250,1500
2021-11-04 09:28:00,8275,8250,8275,8250,13400
2021-11-04 09:29:00,8250,8250,8275,8250,35300
2021-11-04 09:30:00,8250,8250,8275,8275,14800
2021-11-04 09:31:00,8275,8275,8275,8275,5000
2021-11-04 09:32:00,8275,8275,8275,8275,9600
2021-11-04 09:33:00,8250,8250,8300,8300,132800
2021-11-04 09:34:00,8300,8275,8325,8325,92200
2021-11-04 09:35:00,8300,8275,8300,8300,35600
2021-11-04 09:36:00,8300,8300,8325,8300,12800
2021-11-04 09:37:00,8300,8300,8325,8325,3500
2021-11-04 09:38:00,8325,8300,8325,8300,6300
2021-11-04 09:39:00,8325,8325,8325,8325,2000
2021-11-04 09:40:00,8325,8325,8325,8325,10400
2021-11-04 09:41:00,8325,8300,8325,8325,16100
2021-11-04 09:42:00,8300,8300,8325,8325,12700
2021-11-04 09:43:00,8325,8300,8325,8300,8800
2021-11-04 09:44:00,8300,8300,8325,8325,300
2021-11-04 09:45:00,8325,8325,8350,8325,76000
2021-11-04 09:46:00,8325,8325,8325,8325,300
2021-11-04 09:47:00,8325,8300,8325,8325,11800
2021-11-04 09:48:00,8325,8300,8325,8325,700
2021-11-04 09:49:00,8300,8300,8300,8300,34000
2021-11-04 09:50:00,8300,8300,8325,8325,33200
2021-11-04 09:51:00,8300,8300,8325,8325,34100
2021-11-04 09:52:00,8300,8300,8325,8300,12900
2021-11-04 09:53:00,8300,8300,8300,8300,32700
2021-11-04 09:54:00,8300,8275,8300,8275,11700
2021-11-04 09:55:00,8275,8275,8275,8275,20300
2021-11-04 09:56:00,8275,8275,8300,8275,3200
2021-11-04 09:57:00,8300,8275,8300,8275,2400
2021-11-04 09:58:00,8300,8300,8300,8300,700
2021-11-04 09:59:00,8275,8275,8275,8275,26200
2021-11-04 10:00:00,8275,8275,8300,8275,13500
2021-11-04 10:01:00,8275,8275,8275,8275,14200
2021-11-04 10:02:00,8275,8275,8275,8275,3300
2021-11-04 10:03:00,8275,8275,8275,8275,16400
2021-11-04 10:04:00,8275,8275,8300,8300,10600
2021-11-04 10:05:00,8300,8275,8300,8275,3200
2021-11-04 10:06:00,8275,8250,8275,8250,700
2021-11-04 10:07:00,8250,8250,8275,8275,4600
2021-11-04 10:08:00,8275,8250,8275,8250,1800
2021-11-04 10:09:00,8275,8275,8275,8275,8800
2021-11-04 10:10:00,8275,8250,8275,8275,17700
2021-11-04 10:11:00,8300,8300,8325,8325,201600
2021-11-04 10:12:00,8325,8325,8325,8325,3500
2021-11-04 10:13:00,8350,8325,8350,8325,2400
2021-11-04 10:14:00,8325,8325,8325,8325,1500
2021-11-04 10:15:00,8325,8325,8325,8325,14000
2021-11-04 10:16:00,8325,8325,8350,8325,50200
2021-11-04 10:17:00,8325,8325,8325,8325,300
2021-11-04 10:18:00,8350,8325,8350,8350,11100
2021-11-04 10:19:00,8325,8325,8350,8325,4200
2021-11-04 10:20:00,8325,8325,8350,8350,600
2021-11-04 10:21:00,8350,8350,8350,8350,3000
2021-11-04 10:22:00,8350,8350,8350,8350,300
2021-11-04 10:23:00,8350,8325,8350,8325,300
2021-11-04 10:24:00,8325,8325,8350,8350,7000
2021-11-04 10:25:00,8325,8325,8325,8325,1100
2021-11-04 10:26:00,8325,8325,8350,8325,4000
2021-11-04 10:27:00,8350,8325,8350,8350,11200
2021-11-04 10:28:00,8325,8325,8350,8350,3300
2021-11-04 10:29:00,8325,8325,8350,8325,16400
2021-11-04 10:30:00,8325,8325,8325,8325,5000
2021-11-04 10:31:00,8350,8350,8350,8350,500
2021-11-04 10:32:00,8325,8325,8350,8325,8900
2021-11-04 10:33:00,8325,8325,8325,8325,22900
2021-11-04 10:34:00,8325,8325,8325,8325,120200
2021-11-04 10:35:00,8325,8300,8325,8300,700
2021-11-04 10:36:00,8300,8275,8300,8275,25400
2021-11-04 10:37:00,8300,8300,8300,8300,7100
2021-11-04 10:38:00,8300,8275,8300,8275,800
2021-11-04 10:39:00,8275,8275,8275,8275,300
2021-11-04 10:40:00,8275,8275,8300,8300,2000
2021-11-04 10:41:00,8275,8275,8275,8275,300
2021-11-04 10:42:00,8275,8275,8300,8300,200
2021-11-04 10:43:00,8300,8300,8300,8300,3300
2021-11-04 10:44:00,8275,8275,8275,8275,200
2021-11-04 10:45:00,8300,8275,8300,8275,1500
2021-11-04 10:46:00,8275,8275,8275,8275,100
2021-11-04 10:47:00,8275,8275,8275,8275,0
2021-11-04 10:48:00,8300,8300,8300,8300,2600
2021-11-04 10:49:00,8300,8300,8300,8300,1000
2021-11-04 10:50:00,8300,8300,8300,8300,1000
2021-11-04 10:51:00,8275,8275,8275,8275,48500
2021-11-04 10:52:00,8275,8275,8275,8275,43500
2021-11-04 10:53:00,8275,8275,8275,8275,300
2021-11-04 10:54:00,8275,8250,8275,8250,1900
2021-11-04 10:55:00,8250,8250,8275,8275,22100
2021-11-04 10:56:00,8275,8275,8275,8275,31200
2021-11-04 10:57:00,8275,8275,8275,8275,5700
2021-11-04 10:58:00,8275,8275,8275,8275,700
2021-11-04 10:59:00,8275,8275,8275,8275,200
2021-11-04 11:00:00,8250,8250,8250,8250,500
2021-11-04 11:01:00,8275,8250,8275,8250,1300
2021-11-04 11:02:00,8250,8250,8250,8250,2800
2021-11-04 11:03:00,8250,8250,8250,8250,1500
2021-11-04 11:04:00,8250,8250,8250,8250,2500
2021-11-04 11:05:00,8275,8250,8275,8250,2400
2021-11-04 11:06:00,8250,8250,8250,8250,400
2021-11-04 11:07:00,8250,8250,8250,8250,900
2021-11-04 11:08:00,8250,8250,8250,8250,700
2021-11-04 11:09:00,8250,8250,8250,8250,0
2021-11-04 11:10:00,8250,8250,8250,8250,200
2021-11-04 11:11:00,8250,8250,8250,8250,0
2021-11-04 11:12:00,8250,8250,8250,8250,900
2021-11-04 11:13:00,8250,8250,8250,8250,800
2021-11-04 11:14:00,8250,8250,8250,8250,600
2021-11-04 11:15:00,8275,8275,8275,8275,2500
2021-11-04 11:16:00,8275,8275,8275,8275,5400
2021-11-04 11:17:00,8275,8275,8275,8275,0
2021-11-04 11:18:00,8275,8275,8275,8275,200
2021-11-04 11:19:00,8275,8275,8275,8275,0
2021-11-04 11:20:00,8275,8275,8275,8275,6300
2021-11-04 11:21:00,8275,8275,8275,8275,0
2021-11-04 11:22:00,8275,8275,8275,8275,1600
2021-11-04 11:23:00,8250,8250,8250,8250,100
2021-11-04 11:24:00,8250,8225,8250,8225,139700
2021-11-04 11:25:00,8225,8225,8225,8225,100
2021-11-04 11:26:00,8225,8225,8250,8225,17700
2021-11-04 11:27:00,8225,8225,8250,8225,122300
2021-11-04 11:28:00,8200,8200,8200,8200,151800
2021-11-04 11:29:00,8200,8200,8200,8200,300
2021-11-04 11:30:00,8200,8200,8200,8200,0
2021-11-04 11:31:00,8200,8200,8200,8200,0
2021-11-04 11:32:00,8200,8200,8200,8200,0
2021-11-04 11:33:00,8200,8200,8200,8200,0
2021-11-04 11:34:00,8200,8200,8200,8200,0
2021-11-04 11:35:00,8200,8200,8200,8200,0
2021-11-04 11:36:00,8200,8200,8200,8200,0
2021-11-04 11:37:00,8200,8200,8200,8200,0
2021-11-04 11:38:00,8200,8200,8200,8200,0
2021-11-04 11:39:00,8200,8200,8200,8200,0
2021-11-04 11:40:00,8200,8200,8200,8200,0
2021-11-04 11:41:00,8200,8200,8200,8200,0
2021-11-04 11:42:00,8200,8200,8200,8200,0
2021-11-04 11:43:00,8200,8200,8200,8200,0
2021-11-04 11:44:00,8200,8200,8200,8200,0
2021-11-04 11:45:00,8200,8200,8200,8200,0
2021-11-04 11:46:00,8200,8200,8200,8200,0
2021-11-04 11:47:00,8200,8200,8200,8200,0
2021-11-04 11:48:00,8200,8200,8200,8200,0
2021-11-04 11:49:00,8200,8200,8200,8200,0
2021-11-04 11:50:00,8200,8200,8200,8200,0
2021-11-04 11:51:00,8200,8200,8200,8200,0
2021-11-04 11:52:00,8200,8200,8200,8200,0
2021-11-04 11:53:00,8200,8200,8200,8200,0
2021-11-04 11:54:00,8200,8200,8200,8200,0
2021-11-04 11:55:00,8200,8200,8200,8200,0
2021-11-04 11:56:00,8200,8200,8200,8200,0
2021-11-04 11:57:00,8200,8200,8200,8200,0
2021-11-04 11:58:00,8200,8200,8200,8200,0
2021-11-04 11:59:00,8200,8200,8200,8200,0
2021-11-04 12:00:00,8200,8200,8200,8200,0
2021-11-04 12:01:00,8200,8200,8200,8200,0
2021-11-04 12:02:00,8200,8200,8200,8200,0
2021-11-04 12:03:00,8200,8200,8200,8200,0
2021-11-04 12:04:00,8200,8200,8200,8200,0
2021-11-04 12:05:00,8200,8200,8200,8200,0
2021-11-04 12:06:00,8200,8200,8200,8200,0
2021-11-04 12:07:00,8200,8200,8200,8200,0
2021-11-04 12:08:00,8200,8200,8200,8200,0
2021-11-04 12:09:00,8200,8200,8200,8200,0
2021-11-04 12:10:00,8200,8200,8200,8200,0
2021-11-04 12:11:00,8200,8200,8200,8200,0
2021-11-04 12:12:00,8200,8200,8200,8200,0
2021-11-04 12:13:00,8200,8200,8200,8200,0
2021-11-04 12:14:00,8200,8200,8200,8200,0
2021-11-04 12:15:00,8200,8200,8200,8200,0
2021-11-04 12:16:00,8200,8200,8200,8200,0
2021-11-04 12:17:00,8200,8200,8200,8200,0
2021-11-04 12:18:00,8200,8200,8200,8200,0
2021-11-04 12:19:00,8200,8200,8200,8200,0
2021-11-04 12:20:00,8200,8200,8200,8200,0
2021-11-04 12:21:00,8200,8200,8200,8200,0
2021-11-04 12:22:00,8200,8200,8200,8200,0
2021-11-04 12:23:00,8200,8200,8200,8200,0
2021-11-04 12:24:00,8200,8200,8200,8200,0
2021-11-04 12:25:00,8200,8200,8200,8200,0
2021-11-04 12:26:00,8200,8200,8200,8200,0
2021-11-04 12:27:00,8200,8200,8200,8200,0
2021-11-04 12:28:00,8200,8200,8200,8200,0
2021-11-04 12:29:00,8200,8200,8200,8200,0
2021-11-04 12:30:00,8200,8200,8200,8200,0
2021-11-04 12:31:00,8200,8200,8200,8200,0
2021-11-04 12:32:00,8200,8200,8200,8200,0
2021-11-04 12:33:00,8200,8200,8200,8200,0
2021-11-04 12:34:00,8200,8200,8200,8200,0
2021-11-04 12:35:00,8200,8200,8200,8200,0
2021-11-04 12:36:00,8200,8200,8200,8200,0
2021-11-04 12:37:00,8200,8200,8200,8200,0
2021-11-04 12:38:00,8200,8200,8200,8200,0
2021-11-04 12:39:00,8200,8200,8200,8200,0
2021-11-04 12:40:00,8200,8200,8200,8200,0
2021-11-04 12:41:00,8200,8200,8200,8200,0
2021-11-04 12:42:00,8200,8200,8200,8200,0
2021-11-04 12:43:00,8200,8200,8200,8200,0
2021-11-04 12:44:00,8200,8200,8200,8200,0
2021-11-04 12:45:00,8200,8200,8200,8200,0
2021-11-04 12:46:00,8200,8200,8200,8200,0
2021-11-04 12:47:00,8200,8200,8200,8200,0
2021-11-04 12:48:00,8200,8200,8200,8200,0
2021-11-04 12:49:00,8200,8200,8200,8200,0
2021-11-04 12:50:00,8200,8200,8200,8200,0
2021-11-04 12:51:00,8200,8200,8200,8200,0
2021-11-04 12:52:00,8200,8200,8200,8200,0
2021-11-04 12:53:00,8200,8200,8200,8200,0
2021-11-04 12:54:00,8200,8200,8200,8200,0
2021-11-04 12:55:00,8200,8200,8200,8200,0
2021-11-04 12:56:00,8200,8200,8200,8200,0
2021-11-04 12:57:00,8200,8200,8200,8200,0
2021-11-04 12:58:00,8200,8200,8200,8200,0
2021-11-04 12:59:00,8200,8200,8200,8200,0
2021-11-04 13:00:00,8200,8200,8200,8200,0
2021-11-04 13:01:00,8200,8200,8200,8200,0
2021-11-04 13:02:00,8200,8200,8200,8200,0
2021-11-04 13:03:00,8200,8200,8200,8200,0
2021-11-04 13:04:00,8200,8200,8200,8200,0
2021-11-04 13:05:00,8200,8200,8200,8200,0
2021-11-04 13:06:00,8200,8200,8200,8200,0
2021-11-04 13:07:00,8200,8200,8200,8200,0
2021-11-04 13:08:00,8200,8200,8200,8200,0
2021-11-04 13:09:00,8200,8200,8200,8200,0
2021-11-04 13:10:00,8200,8200,8200,8200,0
2021-11-04 13:11:00,8200,8200,8200,8200,0
2021-11-04 13:12:00,8200,8200,8200,8200,0
2021-11-04 13:13:00,8200,8200,8200,8200,0
2021-11-04 13:14:00,8200,8200,8200,8200,0
2021-11-04 13:15:00,8200,8200,8200,8200,0
2021-11-04 13:16:00,8200,8200,8200,8200,0
2021-11-04 13:17:00,8200,8200,8200,8200,0
2021-11-04 13:18:00,8200,8200,8200,8200,0
2021-11-04 13:19:00,8200,8200,8200,8200,0
2021-11-04 13:20:00,8200,8200,8200,8200,0
2021-11-04 13:21:00,8200,8200,8200,8200,0
2021-11-04 13:22:00,8200,8200,8200,8200,0
2021-11-04 13:23:00,8200,8200,8200,8200,0
2021-11-04 13:24:00,8200,8200,8200,8200,0
2021-11-04 13:25:00,8200,8200,8200,8200,0
2021-11-04 13:26:00,8200,8200,8200,8200,0
2021-11-04 13:27:00,8200,8200,8200,8200,0
2021-11-04 13:28:00,8200,8200,8200,8200,0
2021-11-04 13:29:00,8200,8200,8200,8200,0
2021-11-04 13:30:00,8200,8175,8225,8225,45700
2021-11-04 13:31:00,8225,8225,8225,8225,500
2021-11-04 13:32:00,8225,8225,8225,8225,100
2021-11-04 13:33:00,8225,8200,8225,8200,700
2021-11-04 13:34:00,8200,8200,8200,8200,2000
2021-11-04 13:35:00,8200,8200,8200,8200,3900
2021-11-04 13:36:00,8200,8200,8225,8200,23800
2021-11-04 13:37:00,8200,8175,8200,8200,3900
2021-11-04 13:38:00,8200,8200,8200,8200,20100
2021-11-04 13:39:00,8175,8175,8200,8175,6600
2021-11-04 13:40:00,8175,8175,8175,8175,1000
2021-11-04 13:41:00,8200,8200,8200,8200,5600
2021-11-04 13:42:00,8175,8175,8175,8175,900
2021-11-04 13:43:00,8175,8175,8175,8175,100
2021-11-04 13:44:00,8175,8175,8175,8175,700
2021-11-04 13:45:00,8175,8175,8175,8175,1400
2021-11-04 13:46:00,8175,8175,8175,8175,0
2021-11-04 13:47:00,8175,8175,8200,8200,700
2021-11-04 13:48:00,8175,8175,8200,8200,500
2021-11-04 13:49:00,8200,8200,8200,8200,2800
2021-11-04 13:50:00,8200,8200,8200,8200,1900
2021-11-04 13:51:00,8200,8200,8200,8200,12500
2021-11-04 13:52:00,8200,8200,8200,8200,2400
2021-11-04 13:53:00,8200,8200,8200,8200,3700
2021-11-04 13:54:00,8200,8200,8200,8200,2500
2021-11-04 13:55:00,8175,8175,8200,8175,2700
2021-11-04 13:56:00,8175,8175,8200,8200,2200
2021-11-04 13:57:00,8200,8175,8200,8200,10200
2021-11-04 13:58:00,8175,8175,8200,8200,1100
2021-11-04 13:59:00,8200,8200,8200,8200,1500
2021-11-04 14:00:00,8200,8200,8200,8200,1300
2021-11-04 14:01:00,8200,8200,8200,8200,40700
2021-11-04 14:02:00,8200,8200,8200,8200,0
2021-11-04 14:03:00,8200,8200,8200,8200,0
2021-11-04 14:04:00,8200,8200,8200,8200,600
2021-11-04 14:05:00,8200,8200,8225,8225,300
2021-11-04 14:06:00,8200,8200,8225,8225,0
2021-11-04 14:07:00,8225,8225,8225,8225,400
2021-11-04 14:08:00,8225,8225,8225,8225,1000
2021-11-04 14:09:00,8225,8225,8225,8225,200
2021-11-04 14:10:00,8225,8225,8225,8225,600
2021-11-04 14:11:00,8225,8225,8225,8225,2500
2021-11-04 14:12:00,8225,8225,8225,8225,900
2021-11-04 14:13:00,8225,8225,8225,8225,600
2021-11-04 14:14:00,8225,8200,8225,8200,8500
2021-11-04 14:15:00,8225,8225,8225,8225,400
2021-11-04 14:16:00,8225,8225,8225,8225,10100
2021-11-04 14:17:00,8225,8200,8225,8225,300
2021-11-04 14:18:00,8225,8225,8225,8225,600
2021-11-04 14:19:00,8225,8200,8225,8200,7000
2021-11-04 14:20:00,8225,8200,8225,8200,0
2021-11-04 14:21:00,8200,8200,8200,8200,1100
2021-11-04 14:22:00,8200,8200,8200,8200,400
2021-11-04 14:23:00,8225,8200,8225,8200,4500
2021-11-04 14:24:00,8200,8200,8200,8200,16900
2021-11-04 14:25:00,8200,8200,8200,8200,27000
2021-11-04 14:26:00,8200,8175,8200,8200,6500
2021-11-04 14:27:00,8200,8200,8200,8200,2200
2021-11-04 14:28:00,8200,8200,8200,8200,100
2021-11-04 14:29:00,8200,8200,8200,8200,600
2021-11-04 14:30:00,8200,8175,8200,8175,700
2021-11-04 14:31:00,8200,8200,8200,8200,500
2021-11-04 14:32:00,8200,8175,8200,8175,3200
2021-11-04 14:33:00,8175,8175,8175,8175,43200
2021-11-04 14:34:00,8175,8175,8175,8175,32400
2021-11-04 14:35:00,8175,8175,8175,8175,22900
2021-11-04 14:36:00,8175,8175,8175,8175,64900
2021-11-04 14:37:00,8150,8150,8175,8175,1200
2021-11-04 14:38:00,8150,8150,8150,8150,200
2021-11-04 14:39:00,8150,8150,8150,8150,4900
2021-11-04 14:40:00,8150,8150,8150,8150,4100
2021-11-04 14:41:00,8175,8150,8175,8175,2700
2021-11-04 14:42:00,8175,8150,8175,8150,10300
2021-11-04 14:43:00,8150,8150,8175,8150,39200
2021-11-04 14:44:00,8175,8150,8175,8150,10400
2021-11-04 14:45:00,8150,8150,8150,8150,14200
2021-11-04 14:46:00,8150,8150,8150,8150,145500
2021-11-04 14:47:00,8150,8150,8150,8150,58300
2021-11-04 14:48:00,8150,8125,8150,8125,18800
2021-11-04 14:49:00,8150,8125,8150,8150,25500
2021-11-04 14:50:00,8150,8125,8150,8150,0
2021-11-04 14:51:00,8150,8125,8150,8150,0
2021-11-04 14:52:00,8150,8125,8150,8150,0
2021-11-04 14:53:00,8150,8125,8150,8150,0
2021-11-04 14:54:00,8150,8125,8150,8150,0
2021-11-04 14:55:00,8150,8125,8150,8150,0
2021-11-04 14:56:00,8150,8125,8150,8150,0
2021-11-04 14:57:00,8150,8125,8150,8150,0
2021-11-04 14:58:00,8150,8125,8150,8150,0
2021-11-04 14:59:00,8150,8125,8150,8150,0
2021-11-04 15:00:00,8150,8150,8150,8150,107100
2021-11-04 15:01:00,8150,8150,8150,8150,0
2021-11-04 15:02:00,8150,8150,8150,8150,0
2021-11-04 15:03:00,8150,8150,8150,8150,0
2021-11-04 15:04:00,8150,8150,8150,8150,0
2021-11-04 15:05:00,8150,8150,8150,8150,8200
2021-11-04 15:06:00,8150,8150,8150,8150,2000
2021-11-04 15:07:00,8150,8150,8150,8150,0
2021-11-04 15:08:00,8150,8150,8150,8150,200
2021-11-04 15:09:00,8150,8150,8150,8150,0
2021-11-04 15:10:00,8150,8150,8150,8150,100
2021-11-04 15:11:00,8150,8150,8150,8150,0
2021-11-04 15:12:00,8150,8150,8150,8150,0
2021-11-04 15:13:00,8150,8150,8150,8150,0
2021-11-04 15:14:00,8150,8150,8150,8150,1000
2021-11-04 15:15:00,8150,8150,8150,8150,0
2021-11-04 15:16:00,8150,8150,8150,8150,0
2021-11-04 15:17:00,8150,8150,8150,8150,0
2021-11-04 15:18:00,8150,8150,8150,8150,0
2021-11-04 15:19:00,8150,8150,8150,8150,0
2021-11-04 15:20:00,8150,8150,8150,8150,0
2021-11-04 15:21:00,8150,8150,8150,8150,0
2021-11-04 15:22:00,8150,8150,8150,8150,0
2021-11-04 15:23:00,8150,8150,8150,8150,0
2021-11-04 15:24:00,8150,8150,8150,8150,0
2021-11-04 15:25:00,8150,8150,8150,8150,0
2021-11-04 15:26:00,8150,8150,8150,8150,0
2021-11-04 15:27:00,8150,8150,8150,8150,0
2021-11-04 15:28:00,8150,8150,8150,8150,0
2021-11-04 15:29:00,8150,8150,8150,8150,0
2021-11-04 15:30:00,8150,8150,8150,8150,0
2021-11-04 15:31:00,8150,8150,8150,8150,0
2021-11-04 15:32:00,8150,8150,8150,8150,0
2021-11-04 15:33:00,8150,8150,8150,8150,0
2021-11-04 15:34:00,8150,8150,8150,8150,0
2021-11-04 15:35:00,8150,8150,8150,8150,0
2021-11-04 15:36:00,8150,8150,8150,8150,0
2021-11-04 15:37:00,8150,8150,8150,8150,0
2021-11-04 15:38:00,8150,8150,8150,8150,0
2021-11-04 15:39:00,8150,8150,8150,8150,0
2021-11-04 15:40:00,8150,8150,8150,8150,0
2021-11-04 15:41:00,8150,8150,8150,8150,0
2021-11-04 15:42:00,8150,8150,8150,8150,0
2021-11-04 15:43:00,8150,8150,8150,8150,0
2021-11-04 15:44:00,8150,8150,8150,8150,0
2021-11-04 15:45:00,8150,8150,8150,8150,0
2021-11-04 15:46:00,8150,8150,8150,8150,0
2021-11-04 15:47:00,8150,8150,8150,8150,0
2021-11-04 15:48:00,8150,8150,8150,8150,0
2021-11-04 15:49:00,8150,8150,8150,8150,0
2021-11-04 15:50:00,8150,8150,8150,8150,0
2021-11-04 15:51:00,8150,8150,8150,8150,0
2021-11-04 15:52:00,8150,8150,8150,8150,0
2021-11-04 15:53:00,8150,8150,8150,8150,0
2021-11-04 15:54:00,8150,8150,8150,8150,0
2021-11-04 15:55:00,8150,8150,8150,8150,0
2021-11-04 15:56:00,8150,8150,8150,8150,0
2021-11-04 15:57:00,8150,8150,8150,8150,0
2021-11-04 15:58:00,8150,8150,8150,8150,0
2021-11-04 15:59:00,8150,8150,8150,8150,0
2021-11-05 09:00:00,8200,8200,8225,8225,400
2021-11-05 09:01:00,8225,8200,8225,8200,700
2021-11-05 09:02:00,8200,8200,8200,8200,2900
2021-11-05 09:03:00,8200,8200,8225,8225,12300
2021-11-05 09:04:00,8250,8225,8250,8225,3300
2021-11-05 09:05:00,8225,8225,8225,8225,5900
2021-11-05 09:06:00,8225,8225,8225,8225,1400
2021-11-05 09:07:00,8225,8225,8225,8225,14900
2021-11-05 09:08:00,8225,8225,8250,8250,4500
2021-11-05 09:09:00,8250,8225,8250,8250,60800
2021-11-05 09:10:00,8250,8250,8275,8275,64200
2021-11-05 09:11:00,8275,8275,8300,8275,27500
2021-11-05 09:12:00,8300,8250,8300,8250,16600
2021-11-05 09:13:00,8275,8275,8275,8275,10100
2021-11-05 09:14:00,8275,8250,8275,8250,1400
2021-11-05 09:15:00,8250,8250,8250,8250,72300
2021-11-05 09:16:00,8250,8225,8250,8225,40900
2021-11-05 09:17:00,8200,8200,8225,8225,7700
2021-11-05 09:18:00,8225,8200,8225,8200,7000
2021-11-05 09:19:00,8200,8200,8225,8225,3100
2021-11-05 09:20:00,8200,8175,8225,8225,2300
2021-11-05 09:21:00,8225,8225,8225,8225,600
2021-11-05 09:22:00,8200,8175,8200,8175,1700
2021-11-05 09:23:00,8175,8175,8175,8175,2400
2021-11-05 09:24:00,8175,8175,8175,8175,3400
2021-11-05 09:25:00,8200,8175,8200,8175,1700
2021-11-05 09:26:00,8175,8175,8200,8200,1600
2021-11-05 09:27:00,8200,8175,8200,8175,3500
2021-11-05 09:28:00,8175,8175,8175,8175,2600
2021-11-05 09:29:00,8200,8200,8200,8200,11200
2021-11-05 09:30:00,8200,8200,8200,8200,4200
2021-11-05 09:31:00,8200,8175,8200,8175,500
2021-11-05 09:32:00,8200,8200,8200,8200,800
2021-11-05 09:33:00,8200,8175,8200,8175,200
2021-11-05 09:34:00,8200,8175,8200,8175,0
2021-11-05 09:35:00,8175,8175,8200,8200,3000
2021-11-05 09:36:00,8175,8175,8175,8175,9400
2021-11-05 09:37:00,8175,8175,8175,8175,100
2021-11-05 09:38:00,8175,8175,8175,8175,8700
2021-11-05 09:39:00,8175,8175,8200,8200,15300
2021-11-05 09:40:00,8175,8175,8175,8175,2600
2021-11-05 09:41:00,8200,8200,8200,8200,1900
2021-11-05 09:42:00,8175,8175,8175,8175,800
2021-11-05 09:43:00,8175,8175,8175,8175,1400
2021-11-05 09:44:00,8175,8175,8175,8175,18300
2021-11-05 09:45:00,8175,8175,8175,8175,16700
2021-11-05 09:46:00,8175,8175,8175,8175,7800
2021-11-05 09:47:00,8175,8150,8175,8175,2000
2021-11-05 09:48:00,8175,8150,8175,8150,500
2021-11-05 09:49:00,8150,8150,8150,8150,400
2021-11-05 09:50:00,8150,8150,8175,8175,5700
2021-11-05 09:51:00,8150,8150,8175,8175,1000
2021-11-05 09:52:00,8150,8150,8175,8175,3200
2021-11-05 09:53:00,8150,8150,8175,8175,1500
2021-11-05 09:54:00,8175,8150,8175,8150,300
2021-11-05 09:55:00,8150,8150,8175,8150,7400
2021-11-05 09:56:00,8175,8150,8175,8150,3300
2021-11-05 09:57:00,8150,8150,8150,8150,800
2021-11-05 09:58:00,8175,8150,8175,8175,3100
2021-11-05 09:59:00,8175,8150,8175,8175,1500
2021-11-05 10:00:00,8175,8150,8175,8150,1600
2021-11-05 10:01:00,8150,8150,8175,8175,10400
2021-11-05 10:02:00,8150,8150,8150,8150,200
2021-11-05 10:03:00,8150,8150,8150,8150,200
2021-11-05 10:04:00,8150,8150,8150,8150,600
2021-11-05 10:05:00,8150,8150,8175,8175,700
2021-11-05 10:06:00,8150,8150,8150,8150,8900
2021-11-05 10:07:00,8175,8150,8175,8150,3300
2021-11-05 10:08:00,8175,8150,8175,8175,2700
2021-11-05 10:09:00,8175,8150,8175,8150,500
2021-11-05 10:10:00,8150,8150,8150,8150,400
2021-11-05 10:11:00,8150,8150,8150,8150,300
2021-11-05 10:12:00,8150,8150,8150,8150,1600
2021-11-05 10:13:00,8175,8150,8175,8175,3600
2021-11-05 10:14:00,8175,8150,8175,8150,500
2021-11-05 10:15:00,8150,8150,8150,8150,400
2021-11-05 10:16:00,8150,8150,8150,8150,3200
2021-11-05 10:17:00,8150,8150,8175,8150,48200
2021-11-05 10:18:00,8150,8150,8150,8150,81600
2021-11-05 10:19:00,8150,8125,8150,8125,114000
2021-11-05 10:20:00,8125,8125,8125,8125,2200
2021-11-05 10:21:00,8150,8125,8150,8125,1300
2021-11-05 10:22:00,8125,8125,8125,8125,200
2021-11-05 10:23:00,8125,8125,8125,8125,1500
2021-11-05 10:24:00,8125,8125,8150,8150,2200
2021-11-05 10:25:00,8125,8125,8125,8125,200
2021-11-05 10:26:00,8125,8125,8150,8125,8900
2021-11-05 10:27:00,8125,8125,8125,8125,500
2021-11-05 10:28:00,8125,8125,8125,8125,200
2021-11-05 10:29:00,8125,8125,8125,8125,1300
2021-11-05 10:30:00,8125,8125,8125,8125,200
2021-11-05 10:31:00,8125,8125,8150,8125,5100
2021-11-05 10:32:00,8125,8125,8125,8125,500
2021-11-05 10:33:00,8125,8125,8125,8125,1700
2021-11-05 10:34:00,8125,8125,8125,8125,1200
2021-11-05 10:35:00,8125,8125,8125,8125,1400
2021-11-05 10:36:00,8125,8125,8125,8125,700
2021-11-05 10:37:00,8125,8125,8125,8125,200
2021-11-05 10:38:00,8125,8100,8125,8100,53100
2021-11-05 10:39:00,8125,8100,8125,8125,15400
2021-11-05 10:40:00,8125,8100,8125,8100,400
2021-11-05 10:41:00,8100,8100,8100,8100,200
2021-11-05 10:42:00,8100,8100,8100,8100,5200
2021-11-05 10:43:00,8125,8100,8125,8100,1700
2021-11-05 10:44:00,8100,8100,8125,8125,37600
2021-11-05 10:45:00,8125,8100,8125,8100,600
2021-11-05 10:46:00,8125,8100,8125,8100,300
2021-11-05 10:47:00,8100,8100,8100,8100,200
2021-11-05 10:48:00,8100,8100,8125,8100,4700
2021-11-05 10:49:00,8125,8100,8125,8100,300
2021-11-05 10:50:00,8125,8100,8125,8125,1000
2021-11-05 10:51:00,8125,8100,8125,8100,1000
2021-11-05 10:52:00,8100,8100,8125,8100,5700
2021-11-05 10:53:00,8125,8100,8125,8100,600
2021-11-05 10:54:00,8100,8100,8100,8100,200
2021-11-05 10:55:00,8125,8100,8125,8100,4100
2021-11-05 10:56:00,8125,8100,8125,8100,0
2021-11-05 10:57:00,8100,8100,8125,8125,2000
2021-11-05 10:58:00,8100,8100,8100,8100,4400
2021-11-05 10:59:00,8100,8100,8100,8100,0
2021-11-05 11:00:00,8100,8100,8100,8100,0
2021-11-05 11:01:00,8100,8100,8100,8100,0
2021-11-05 11:02:00,8100,8100,8125,8125,58500
2021-11-05 11:03:00,8125,8100,8125,8125,27900
2021-11-05 11:04:00,8125,8125,8150,8150,82600
2021-11-05 11:05:00,8125,8125,8150,8150,0
2021-11-05 11:06:00,8150,8150,8150,8150,200
2021-11-05 11:07:00,8150,8150,8175,8175,700
2021-11-05 11:08:00,8150,8150,8150,8150,200
2021-11-05 11:09:00,8150,8150,8175,8175,10400
2021-11-05 11:10:00,8175,8175,8175,8175,200
2021-11-05 11:11:00,8175,8175,8175,8175,300
2021-11-05 11:12:00,8175,8150,8175,8150,1400
2021-11-05 11:13:00,8175,8175,8175,8175,200
2021-11-05 11:14:00,8175,8175,8175,8175,100
2021-11-05 11:15:00,8150,8150,8175,8175,41100
2021-11-05 11:16:00,8150,8150,8150,8150,32400
2021-11-05 11:17:00,8150,8150,8150,8150,0
2021-11-05 11:18:00,8150,8150,8150,8150,0
2021-11-05 11:19:00,8125,8125,8125,8125,300
2021-11-05 11:20:00,8125,8125,8125,8125,0
2021-11-05 11:21:00,8125,8125,8125,8125,0
2021-11-05 11:22:00,8125,8125,8150,8150,10100
2021-11-05 11:23:00,8125,8125,8150,8150,0
2021-11-05 11:24:00,8125,8125,8150,8150,0
2021-11-05 11:25:00,8150,8150,8150,8150,500
2021-11-05 11:26:00,8150,8150,8150,8150,1200
2021-11-05 11:27:00,8125,8125,8125,8125,1000
2021-11-05 11:28:00,8125,8125,8125,8125,5100
2021-11-05 11:29:00,8125,8125,8125,8125,1700
2021-11-05 11:30:00,8125,8125,8125,8125,0
2021-11-05 11:31:00,8125,8125,8125,8125,0
2021-11-05 11:32:00,8125,8125,8125,8125,0
2021-11-05 11:33:00,8125,8125,8125,8125,0
2021-11-05 11:34:00,8125,8125,8125,8125,0
2021-11-05 11:35:00,8125,8125,8125,8125,0
2021-11-05 11:36:00,8125,8125,8125,8125,0
2021-11-05 11:37:00,8125,8125,8125,8125,0
2021-11-05 11:38:00,8125,8125,8125,8125,0
2021-11-05 11:39:00,8125,8125,8125,8125,0
2021-11-05 11:40:00,8125,8125,8125,8125,0
2021-11-05 11:41:00,8125,8125,8125,8125,0
2021-11-05 11:42:00,8125,8125,8125,8125,0
2021-11-05 11:43:00,8125,8125,8125,8125,0
2021-11-05 11:44:00,8125,8125,8125,8125,0
2021-11-05 11:45:00,8125,8125,8125,8125,0
2021-11-05 11:46:00,8125,8125,8125,8125,0
2021-11-05 11:47:00,8125,8125,8125,8125,0
2021-11-05 11:48:00,8125,8125,8125,8125,0
2021-11-05 11:49:00,8125,8125,8125,8125,0
2021-11-05 11:50:00,8125,8125,8125,8125,0
2021-11-05 11:51:00,8125,8125,8125,8125,0
2021-11-05 11:52:00,8125,8125,8125,8125,0
2021-11-05 11:53:00,8125,8125,8125,8125,0
2021-11-05 11:54:00,8125,8125,8125,8125,0
2021-11-05 11:55:00,8125,8125,8125,8125,0
2021-11-05 11:56:00,8125,8125,8125,8125,0
2021-11-05 11:57:00,8125,8125,8125,8125,0
2021-11-05 11:58:00,8125,8125,8125,8125,0
2021-11-05 11:59:00,8125,8125,8125,8125,0
2021-11-05 12:00:00,8125,8125,8125,8125,0
2021-11-05 12:01:00,8125,8125,8125,8125,0
2021-11-05 12:02:00,8125,8125,8125,8125,0
2021-11-05 12:03:00,8125,8125,8125,8125,0
2021-11-05 12:04:00,8125,8125,8125,8125,0
2021-11-05 12:05:00,8125,8125,8125,8125,0
2021-11-05 12:06:00,8125,8125,8125,8125,0
2021-11-05 12:07:00,8125,8125,8125,8125,0
2021-11-05 12:08:00,8125,8125,8125,8125,0
2021-11-05 12:09:00,8125,8125,8125,8125,0
2021-11-05 12:10:00,8125,8125,8125,8125,0
2021-11-05 12:11:00,8125,8125,8125,8125,0
2021-11-05 12:12:00,8125,8125,8125,8125,0
2021-11-05 12:13:00,8125,8125,8125,8125,0
2021-11-05 12:14:00,8125,8125,8125,8125,0
2021-11-05 12:15:00,8125,8125,8125,8125,0
2021-11-05 12:16:00,8125,8125,8125,8125,0
2021-11-05 12:17:00,8125,8125,8125,8125,0
2021-11-05 12:18:00,8125,8125,8125,8125,0
2021-11-05 12:19:00,8125,8125,8125,8125,0
2021-11-05 12:20:00,8125,8125,8125,8125,0
2021-11-05 12:21:00,8125,8125,8125,8125,0
2021-11-05 12:22:00,8125,8125,8125,8125,0
2021-11-05 12:23:00,8125,8125,8125,8125,0
2021-11-05 12:24:00,8125,8125,8125,8125,0
2021-11-05 12:25:00,8125,8125,8125,8125,0
2021-11-05 12:26:00,8125,8125,8125,8125,0
2021-11-05 12:27:00,8125,8125,8125,8125,0
2021-11-05 12:28:00,8125,8125,8125,8125,0
2021-11-05 12:29:00,8125,8125,8125,8125,0
2021-11-05 12:30:00,8125,8125,8125,8125,0
2021-11-05 12:31:00,8125,8125,8125,8125,0
2021-11-05 12:32:00,8125,8125,8125,8125,0
2021-11-05 12:33:00,8125,8125,8125,8125,0
2021-11-05 12:34:00,8125,8125,8125,8125,0
2021-11-05 12:35:00,8125,8125,8125,8125,0
2021-11-05 12:36:00,8125,8125,8125,8125,0
2021-11-05 12:37:00,8125,8125,8125,8125,0
2021-11-05 12:38:00,8125,8125,8125,8125,0
2021-11-05 12:39:00,8125,8125,8125,8125,0
2021-11-05 12:40:00,8125,8125,8125,8125,0
2021-11-05 12:41:00,8125,8125,8125,8125,0
2021-11-05 12:42:00,8125,8125,8125,8125,0
2021-11-05 12:43:00,8125,8125,8125,8125,0
2021-11-05 12:44:00,8125,8125,8125,8125,0
2021-11-05 12:45:00,8125,8125,8125,8125,0
2021-11-05 12:46:00,8125,8125,8125,8125,0
2021-11-05 12:47:00,8125,8125,8125,8125,0
2021-11-05 12:48:00,8125,8125,8125,8125,0
2021-11-05 12:49:00,8125,8125,8125,8125,0
2021-11-05 12:50:00,8125,8125,8125,8125,0
2021-11-05 12:51:00,8125,8125,8125,8125,0
2021-11-05 12:52:00,8125,8125,8125,8125,0
2021-11-05 12:53:00,8125,8125,8125,8125,0
2021-11-05 12:54:00,8125,8125,8125,8125,0
2021-11-05 12:55:00,8125,8125,8125,8125,0
2021-11-05 12:56:00,8125,8125,8125,8125,0
2021-11-05 12:57:00,8125,8125,8125,8125,0
2021-11-05 12:58:00,8125,8125,8125,8125,0
2021-11-05 12:59:00,8125,8125,8125,8125,0
2021-11-05 13:00:00,8125,8125,8125,8125,0
2021-11-05 13:01:00,8125,8125,8125,8125,0
2021-11-05 13:02:00,8125,8125,8125,8125,0
2021-11-05 13:03:00,8125,8125,8125,8125,0
2021-11-05 13:04:00,8125,8125,8125,8125,0
2021-11-05 13:05:00,8125,8125,8125,8125,0
2021-11-05 13:06:00,8125,8125,8125,8125,0
2021-11-05 13:07:00,8125,8125,8125,8125,0
2021-11-05 13:08:00,8125,8125,8125,8125,0
2021-11-05 13:09:00,8125,8125,8125,8125,0
2021-11-05 13:10:00,8125,8125,8125,8125,0
2021-11-05 13:11:00,8125,8125,8125,8125,0
2021-11-05 13:12:00,8125,8125,8125,8125,0
2021-11-05 13:13:00,8125,8125,8125,8125,0
2021-11-05 13:14:00,8125,8125,8125,8125,0
2021-11-05 13:15:00,8125,8125,8125,8125,0
2021-11-05 13:16:00,8125,8125,8125,8125,0
2021-11-05 13:17:00,8125,8125,8125,8125,0
2021-11-05 13:18:00,8125,8125,8125,8125,0
2021-11-05 13:19:00,8125,8125,8125,8125,0
2021-11-05 13:20:00,8125,8125,8125,8125,0
2021-11-05 13:21:00,8125,8125,8125,8125,0
2021-11-05 13:22:00,8125,8125,8125,8125,0
2021-11-05 13:23:00,8125,8125,8125,8125,0
2021-11-05 13:24:00,8125,8125,8125,8125,0
2021-11-05 13:25:00,8125,8125,8125,8125,0
2021-11-05 13:26:00,8125,8125,8125,8125,0
2021-11-05 13:27:00,8125,8125,8125,8125,0
2021-11-05 13:28:00,8125,8125,8125,8125,0
2021-11-05 13:29:00,8125,8125,8125,8125,0
2021-11-05 13:30:00,8125,8125,8125,8125,1400
2021-11-05 13:31:00,8125,8125,8125,8125,0
2021-11-05 13:32:00,8125,8125,8125,8125,0
2021-11-05 13:33:00,8125,8125,8125,8125,4400
2021-11-05 13:34:00,8125,8125,8125,8125,0
2021-11-05 13:35:00,8125,8125,8125,8125,80400
2021-11-05 13:36:00,8125,8125,8125,8125,7100
2021-11-05 13:37:00,8100,8100,8125,8125,2000
2021-11-05 13:38:00,8125,8100,8125,8100,1800
2021-11-05 13:39:00,8100,8100,8125,8100,12300
2021-11-05 13:40:00,8100,8100,8125,8100,0
2021-11-05 13:41:00,8100,8100,8125,8125,9800
2021-11-05 13:42:00,8100,8100,8125,8125,6000
2021-11-05 13:43:00,8100,8100,8100,8100,3000
2021-11-05 13:44:00,8100,8100,8125,8100,4800
2021-11-05 13:45:00,8100,8100,8100,8100,1100
2021-11-05 13:46:00,8100,8100,8125,8125,31200
2021-11-05 13:47:00,8100,8100,8125,8125,4800
2021-11-05 13:48:00,8100,8100,8100,8100,2900
2021-11-05 13:49:00,8125,8100,8125,8100,300
2021-11-05 13:50:00,8100,8100,8100,8100,72900
2021-11-05 13:51:00,8100,8075,8100,8100,93900
2021-11-05 13:52:00,8075,8075,8100,8075,9700
2021-11-05 13:53:00,8100,8100,8100,8100,4900
2021-11-05 13:54:00,8075,8075,8100,8100,41700
2021-11-05 13:55:00,8100,8100,8100,8100,37100
2021-11-05 13:56:00,8100,8100,8100,8100,0
2021-11-05 13:57:00,8100,8100,8100,8100,100
2021-11-05 13:58:00,8100,8100,8100,8100,0
2021-11-05 13:59:00,8100,8100,8100,8100,8300
2021-11-05 14:00:00,8125,8100,8125,8100,20200
2021-11-05 14:01:00,8100,8100,8100,8100,24000
2021-11-05 14:02:00,8100,8100,8100,8100,0
2021-11-05 14:03:00,8100,8075,8100,8100,33300
2021-11-05 14:04:00,8100,8100,8100,8100,1000
2021-11-05 14:05:00,8075,8075,8100,8075,10400
2021-11-05 14:06:00,8100,8100,8100,8100,600
2021-11-05 14:07:00,8100,8075,8100,8100,2100
2021-11-05 14:08:00,8100,8075,8100,8100,52700
2021-11-05 14:09:00,8100,8100,8100,8100,100
2021-11-05 14:10:00,8100,8075,8125,8100,19700
2021-11-05 14:11:00,8100,8100,8100,8100,2000
2021-11-05 14:12:00,8075,8075,8075,8075,18700
2021-11-05 14:13:00,8075,8075,8100,8100,9100
2021-11-05 14:14:00,8075,8075,8100,8075,23800
2021-11-05 14:15:00,8100,8075,8100,8075,17100
2021-11-05 14:16:00,8075,8075,8100,8075,11100
2021-11-05 14:17:00,8075,8075,8075,8075,200
2021-11-05 14:18:00,8075,8075,8100,8075,28600
2021-11-05 14:19:00,8075,8075,8100,8100,35500
2021-11-05 14:20:00,8075,8075,8100,8100,10600
2021-11-05 14:21:00,8075,8075,8100,8100,5600
2021-11-05 14:22:00,8075,8075,8100,8075,17300
2021-11-05 14:23:00,8075,8075,8100,8100,6800
2021-11-05 14:24:00,8075,8075,8100,8100,80500
2021-11-05 14:25:00,8100,8075,8100,8075,12300
2021-11-05 14:26:00,8075,8075,8100,8100,19700
2021-11-05 14:27:00,8125,8125,8125,8125,3200
2021-11-05 14:28:00,8100,8100,8100,8100,300
2021-11-05 14:29:00,8100,8100,8100,8100,17500
2021-11-05 14:30:00,8100,8075,8100,8100,41600
2021-11-05 14:31:00,8075,8075,8100,8100,33000
2021-11-05 14:32:00,8075,8075,8100,8100,400
2021-11-05 14:33:00,8075,8075,8100,8100,16100
2021-11-05 14:34:00,8100,8075,8100,8075,5700
2021-11-05 14:35:00,8075,8075,8100,8100,11200
2021-11-05 14:36:00,8100,8075,8100,8100,8700
2021-11-05 14:37:00,8075,8075,8100,8075,35100
2021-11-05 14:38:00,8075,8075,8100,8100,2200
2021-11-05 14:39:00,8075,8075,8100,8075,29000
2021-11-05 14:40:00,8100,8075,8100,8075,47600
2021-11-05 14:41:00,8075,8075,8100,8100,25400
2021-11-05 14:42:00,8100,8100,8100,8100,67500
2021-11-05 14:43:00,8100,8100,8100,8100,21700
2021-11-05 14:44:00,8100,8100,8125,8125,22600
2021-11-05 14:45:00,8100,8100,8100,8100,22700
2021-11-05 14:46:00,8075,8075,8100,8100,2500
2021-11-05 14:47:00,8100,8075,8100,8100,23200
2021-11-05 14:48:00,8100,8100,8125,8125,27000
2021-11-05 14:49:00,8150,8150,8175,8175,46900
2021-11-05 14:50:00,8150,8150,8175,8175,0
2021-11-05 14:51:00,8150,8150,8175,8175,0
2021-11-05 14:52:00,8150,8150,8175,8175,0
2021-11-05 14:53:00,8150,8150,8175,8175,0
2021-11-05 14:54:00,8150,8150,8175,8175,0
2021-11-05 14:55:00,8150,8150,8175,8175,0
2021-11-05 14:56:00,8150,8150,8175,8175,0
2021-11-05 14:57:00,8150,8150,8175,8175,0
2021-11-05 14:58:00,8150,8150,8175,8175,0
2021-11-05 14:59:00,8150,8150,8175,8175,0
2021-11-05 15:00:00,8175,8175,8175,8175,113900
2021-11-05 15:01:00,8175,8175,8175,8175,0
2021-11-05 15:02:00,8175,8175,8175,8175,0
2021-11-05 15:03:00,8175,8175,8175,8175,0
2021-11-05 15:04:00,8175,8175,8175,8175,0
2021-11-05 15:05:00,8175,8175,8175,8175,14700
2021-11-05 15:06:00,8175,8175,8175,8175,1100
2021-11-05 15:07:00,8175,8175,8175,8175,600
2021-11-05 15:08:00,8175,8175,8175,8175,2700
2021-11-05 15:09:00,8175,8175,8175,8175,0
2021-11-05 15:10:00,8175,8175,8175,8175,0
2021-11-05 15:11:00,8175,8175,8175,8175,0
2021-11-05 15:12:00,8175,8175,8175,8175,100
2021-11-05 15:13:00,8175,8175,8175,8175,700
2021-11-05 15:14:00,8175,8175,8175,8175,0
2021-11-05 15:15:00,8175,8175,8175,8175,0
2021-11-05 15:16:00,8175,8175,8175,8175,0
2021-11-05 15:17:00,8175,8175,8175,8175,0
2021-11-05 15:18:00,8175,8175,8175,8175,0
2021-11-05 15:19:00,8175,8175,8175,8175,0
2021-11-05 15:20:00,8175,8175,8175,8175,0
2021-11-05 15:21:00,8175,8175,8175,8175,0
2021-11-05 15:22:00,8175,8175,8175,8175,0
2021-11-05 15:23:00,8175,8175,8175,8175,0
2021-11-05 15:24:00,8175,8175,8175,8175,0
2021-11-05 15:25:00,8175,8175,8175,8175,0
2021-11-05 15:26:00,8175,8175,8175,8175,0
2021-11-05 15:27:00,8175,8175,8175,8175,0
2021-11-05 15:28:00,8175,8175,8175,8175,0
2021-11-05 15:29:00,8175,8175,8175,8175,0
2021-11-05 15:30:00,8175,8175,8175,8175,0
2021-11-05 15:31:00,8175,8175,8175,8175,0
2021-11-05 15:32:00,8175,8175,8175,8175,0
2021-11-05 15:33:00,8175,8175,8175,8175,0
2021-11-05 15:34:00,8175,8175,8175,8175,0
2021-11-05 15:35:00,8175,8175,8175,8175,0
2021-11-05 15:36:00,8175,8175,8175,8175,0
2021-11-05 15:37:00,8175,8175,8175,8175,0
2021-11-05 15:38:00,8175,8175,8175,8175,0
2021-11-05 15:39:00,8175,8175,8175,8175,0
2021-11-05 15:40:00,8175,8175,8175,8175,0
2021-11-05 15:41:00,8175,8175,8175,8175,0
2021-11-05 15:42:00,8175,8175,8175,8175,0
2021-11-05 15:43:00,8175,8175,8175,8175,0
2021-11-05 15:44:00,8175,8175,8175,8175,0
2021-11-05 15:45:00,8175,8175,8175,8175,0
2021-11-05 15:46:00,8175,8175,8175,8175,0
2021-11-05 15:47:00,8175,8175,8175,8175,0
2021-11-05 15:48:00,8175,8175,8175,8175,0
2021-11-05 15:49:00,8175,8175,8175,8175,0
2021-11-05 15:50:00,8175,8175,8175,8175,0
2021-11-05 15:51:00,8175,8175,8175,8175,0
2021-11-05 15:52:00,8175,8175,8175,8175,0
2021-11-05 15:53:00,8175,8175,8175,8175,0
2021-11-05 15:54:00,8175,8175,8175,8175,0
2021-11-05 15:55:00,8175,8175,8175,8175,0
2021-11-05 15:56:00,8175,8175,8175,8175,0
2021-11-05 15:57:00,8175,8175,8175,8175,0
2021-11-05 15:58:00,8175,8175,8175,8175,0
2021-11-05 15:59:00,8175,8175,8175,8175,0
2021-11-08 09:00:00,8225,8225,8250,8250,7800
2021-11-08 09:01:00,8225,8225,8250,8250,52700
2021-11-08 09:02:00,8275,8275,8300,8300,36300
2021-11-08 09:03:00,8275,8275,8300,8300,48300
2021-11-08 09:04:00,8275,8250,8300,8275,94000
2021-11-08 09:05:00,8275,8250,8275,8250,45400
2021-11-08 09:06:00,8250,8225,8250,8250,2800
2021-11-08 09:07:00,8250,8225,8250,8225,11300
2021-11-08 09:08:00,8250,8250,8250,8250,14300
2021-11-08 09:09:00,8250,8250,8275,8275,63800
2021-11-08 09:10:00,8275,8275,8300,8300,5800
2021-11-08 09:11:00,8300,8275,8300,8300,22600
2021-11-08 09:12:00,8300,8275,8300,8275,29700
2021-11-08 09:13:00,8275,8275,8300,8275,68800
2021-11-08 09:14:00,8275,8250,8275,8275,12000
2021-11-08 09:15:00,8275,8275,8275,8275,11200
2021-11-08 09:16:00,8275,8275,8275,8275,1000
2021-11-08 09:17:00,8275,8275,8275,8275,11800
2021-11-08 09:18:00,8275,8250,8275,8275,34700
2021-11-08 09:19:00,8275,8275,8275,8275,1000
2021-11-08 09:20:00,8275,8275,8300,8275,3500
2021-11-08 09:21:00,8275,8275,8275,8275,100
2021-11-08 09:22:00,8275,8275,8275,8275,5500
2021-11-08 09:23:00,8275,8275,8300,8300,5800
2021-11-08 09:24:00,8275,8275,8275,8275,2300
2021-11-08 09:25:00,8275,8275,8300,8275,13600
2021-11-08 09:26:00,8275,8275,8300,8275,12100
2021-11-08 09:27:00,8275,8275,8275,8275,4500
2021-11-08 09:28:00,8275,8275,8275,8275,4800
2021-11-08 09:29:00,8275,8275,8275,8275,3000
2021-11-08 09:30:00,8275,8250,8275,8250,4500
2021-11-08 09:31:00,8275,8250,8275,8250,0
2021-11-08 09:32:00,8250,8250,8275,8275,4900
2021-11-08 09:33:00,8275,8275,8275,8275,12200
2021-11-08 09:34:00,8275,8250,8275,8250,1500
2021-11-08 09:35:00,8250,8250,8250,8250,400
2021-11-08 09:36:00,8250,8250,8275,8275,1200
2021-11-08 09:37:00,8275,8250,8275,8250,400
2021-11-08 09:38:00,8250,8250,8250,8250,61700
2021-11-08 09:39:00,8250,8250,8250,8250,2700
2021-11-08 09:40:00,8250,8250,8250,8250,600
2021-11-08 09:41:00,8250,8225,8250,8225,1600
2021-11-08 09:42:00,8250,8250,8250,8250,4200
2021-11-08 09:43:00,8225,8225,8225,8225,1400
2021-11-08 09:44:00,8250,8250,8250,8250,20000
2021-11-08 09:45:00,8275,8250,8275,8250,1300
2021-11-08 09:46:00,8250,8250,8275,8250,10600
2021-11-08 09:47:00,8250,8250,8250,8250,3700
2021-11-08 09:48:00,8250,8250,8250,8250,100
2021-11-08 09:49:00,8250,8250,8250,8250,1500
2021-11-08 09:50:00,8275,8250,8275,8250,2200
2021-11-08 09:51:00,8250,8250,8250,8250,3000
2021-11-08 09:52:00,8250,8250,8250,8250,5300
2021-11-08 09:53:00,8250,8250,8250,8250,3500
2021-11-08 09:54:00,8250,8250,8250,8250,200
2021-11-08 09:55:00,8250,8250,8250,8250,200
2021-11-08 09:56:00,8250,8250,8250,8250,800
2021-11-08 09:57:00,8250,8250,8250,8250,26800
2021-11-08 09:58:00,8250,8250,8250,8250,11400
2021-11-08 09:59:00,8250,8250,8250,8250,2100
2021-11-08 10:00:00,8250,8250,8250,8250,7100
2021-11-08 10:01:00,8250,8250,8250,8250,3700
2021-11-08 10:02:00,8250,8250,8250,8250,1000
2021-11-08 10:03:00,8275,8275,8275,8275,200
2021-11-08 10:04:00,8250,8250,8250,8250,600
2021-11-08 10:05:00,8250,8250,8250,8250,100
2021-11-08 10:06:00,8250,8250,8275,8250,6600
2021-11-08 10:07:00,8275,8250,8275,8250,1500
2021-11-08 10:08:00,8250,8250,8250,8250,300
2021-11-08 10:09:00,8275,8275,8275,8275,2100
2021-11-08 10:10:00,8250,8250,8250,8250,11700
2021-11-08 10:11:00,8250,8250,8250,8250,0
2021-11-08 10:12:00,8250,8250,8250,8250,10100
2021-11-08 10:13:00,8250,8250,8250,8250,200
2021-11-08 10:14:00,8250,8250,8250,8250,0
2021-11-08 10:15:00,8250,8250,8250,8250,500
2021-11-08 10:16:00,8250,8250,8275,8275,1400
2021-11-08 10:17:00,8275,8275,8275,8275,3700
2021-11-08 10:18:00,8275,8275,8275,8275,3700
2021-11-08 10:19:00,8275,8275,8275,8275,3100
2021-11-08 10:20:00,8275,8275,8275,8275,2400
2021-11-08 10:21:00,8275,8250,8275,8250,4400
2021-11-08 10:22:00,8250,8250,8250,8250,100
2021-11-08 10:23:00,8275,8275,8275,8275,1700
2021-11-08 10:24:00,8250,8250,8250,8250,2500
2021-11-08 10:25:00,8275,8275,8275,8275,58300
2021-11-08 10:26:00,8275,8275,8275,8275,94100
2021-11-08 10:27:00,8275,8275,8275,8275,0
2021-11-08 10:28:00,8275,8275,8275,8275,2000
2021-11-08 10:29:00,8275,8275,8300,8300,3000
2021-11-08 10:30:00,8275,8275,8300,8300,1500
2021-11-08 10:31:00,8300,8300,8300,8300,1600
2021-11-08 10:32:00,8300,8275,8300,8300,5300
2021-11-08 10:33:00,8300,8275,8300,8275,600
2021-11-08 10:34:00,8300,8300,8300,8300,200
2021-11-08 10:35:00,8300,8275,8300,8275,1300
2021-11-08 10:36:00,8300,8275,8300,8275,2900
2021-11-08 10:37:00,8275,8275,8300,8300,15800
2021-11-08 10:38:00,8300,8300,8300,8300,1500
2021-11-08 10:39:00,8300,8275,8300,8300,23700
2021-11-08 10:40:00,8300,8300,8300,8300,23100
2021-11-08 10:41:00,8300,8275,8300,8300,103400
2021-11-08 10:42:00,8325,8300,8325,8325,35400
2021-11-08 10:43:00,8325,8325,8350,8325,4600
2021-11-08 10:44:00,8325,8325,8350,8350,38800
2021-11-08 10:45:00,8350,8325,8350,8350,16100
2021-11-08 10:46:00,8350,8325,8350,8350,6000
2021-11-08 10:47:00,8350,8325,8350,8350,8600
2021-11-08 10:48:00,8350,8350,8350,8350,2300
2021-11-08 10:49:00,8350,8350,8350,8350,5600
2021-11-08 10:50:00,8350,8350,8350,8350,1700
2021-11-08 10:51:00,8350,8325,8350,8325,1500
2021-11-08 10:52:00,8325,8325,8325,8325,54200
2021-11-08 10:53:00,8350,8325,8350,8325,44500
2021-11-08 10:54:00,8325,8325,8350,8350,13200
2021-11-08 10:55:00,8350,8350,8350,8350,1200
2021-11-08 10:56:00,8350,8325,8350,8325,4000
2021-11-08 10:57:00,8325,8325,8325,8325,12100
2021-11-08 10:58:00,8325,8325,8325,8325,13600
2021-11-08 10:59:00,8300,8300,8300,8300,2200
2021-11-08 11:00:00,8325,8325,8325,8325,8300
2021-11-08 11:01:00,8325,8300,8325,8300,800
2021-11-08 11:02:00,8325,8325,8325,8325,13100
2021-11-08 11:03:00,8325,8325,8325,8325,300
2021-11-08 11:04:00,8325,8325,8325,8325,100
2021-11-08 11:05:00,8325,8300,8325,8300,1000
2021-11-08 11:06:00,8300,8300,8325,8300,12400
2021-11-08 11:07:00,8300,8300,8300,8300,200
2021-11-08 11:08:00,8300,8300,8300,8300,100
2021-11-08 11:09:00,8300,8300,8325,8300,2300
2021-11-08 11:10:00,8325,8325,8325,8325,200
2021-11-08 11:11:00,8300,8300,8325,8325,2300
2021-11-08 11:12:00,8300,8300,8325,8300,6600
2021-11-08 11:13:00,8300,8300,8300,8300,3600
2021-11-08 11:14:00,8300,8300,8325,8325,3900
2021-11-08 11:15:00,8300,8300,8300,8300,100
2021-11-08 11:16:00,8300,8300,8300,8300,1000
2021-11-08 11:17:00,8300,8300,8300,8300,2000
2021-11-08 11:18:00,8300,8300,8300,8300,100
2021-11-08 11:19:00,8300,8300,8300,8300,200
2021-11-08 11:20:00,8300,8300,8300,8300,0
2021-11-08 11:21:00,8300,8300,8300,8300,0
2021-11-08 11:22:00,8300,8300,8300,8300,72200
2021-11-08 11:23:00,8300,8300,8325,8300,4400
2021-11-08 11:24:00,8300,8300,8300,8300,12500
2021-11-08 11:25:00,8300,8275,8300,8275,5500
2021-11-08 11:26:00,8300,8300,8300,8300,1000
2021-11-08 11:27:00,8300,8275,8300,8300,3400
2021-11-08 11:28:00,8300,8275,8300,8300,0
2021-11-08 11:29:00,8300,8300,8300,8300,1500
2021-11-08 11:30:00,8300,8300,8300,8300,0
2021-11-08 11:31:00,8300,8300,8300,8300,0
2021-11-08 11:32:00,8300,8300,8300,8300,0
2021-11-08 11:33:00,8300,8300,8300,8300,0
2021-11-08 11:34:00,8300,8300,8300,8300,0
2021-11-08 11:35:00,8300,8300,8300,8300,0
2021-11-08 11:36:00,8300,8300,8300,8300,0
2021-11-08 11:37:00,8300,8300,8300,8300,0
2021-11-08 11:38:00,8300,8300,8300,8300,0
2021-11-08 11:39:00,8300,8300,8300,8300,0
2021-11-08 11:40:00,8300,8300,8300,8300,0
2021-11-08 11:41:00,8300,8300,8300,8300,0
2021-11-08 11:42:00,8300,8300,8300,8300,0
2021-11-08 11:43:00,8300,8300,8300,8300,0
2021-11-08 11:44:00,8300,8300,8300,8300,0
2021-11-08 11:45:00,8300,8300,8300,8300,0
2021-11-08 11:46:00,8300,8300,8300,8300,0
2021-11-08 11:47:00,8300,8300,8300,8300,0
2021-11-08 11:48:00,8300,8300,8300,8300,0
2021-11-08 11:49:00,8300,8300,8300,8300,0
2021-11-08 11:50:00,8300,8300,8300,8300,0
2021-11-08 11:51:00,8300,8300,8300,8300,0
2021-11-08 11:52:00,8300,8300,8300,8300,0
2021-11-08 11:53:00,8300,8300,8300,8300,0
2021-11-08 11:54:00,8300,8300,8300,8300,0
2021-11-08 11:55:00,8300,8300,8300,8300,0
2021-11-08 11:56:00,8300,8300,8300,8300,0
2021-11-08 11:57:00,8300,8300,8300,8300,0
2021-11-08 11:58:00,8300,8300,8300,8300,0
2021-11-08 11:59:00,8300,8300,8300,8300,0
2021-11-08 12:00:00,8300,8300,8300,8300,0
2021-11-08 12:01:00,8300,8300,8300,8300,0
2021-11-08 12:02:00,8300,8300,8300,8300,0
2021-11-08 12:03:00,8300,8300,8300,8300,0
2021-11-08 12:04:00,8300,8300,8300,8300,0
2021-11-08 12:05:00,8300,8300,8300,8300,0
2021-11-08 12:06:00,8300,8300,8300,8300,0
2021-11-08 12:07:00,8300,8300,8300,8300,0
2021-11-08 12:08:00,8300,8300,8300,8300,0
2021-11-08 12:09:00,8300,8300,8300,8300,0
2021-11-08 12:10:00,8300,8300,8300,8300,0
2021-11-08 12:11:00,8300,8300,8300,8300,0
2021-11-08 12:12:00,8300,8300,8300,8300,0
2021-11-08 12:13:00,8300,8300,8300,8300,0
2021-11-08 12:14:00,8300,8300,8300,8300,0
2021-11-08 12:15:00,8300,8300,8300,8300,0
2021-11-08 12:16:00,8300,8300,8300,8300,0
2021-11-08 12:17:00,8300,8300,8300,8300,0
2021-11-08 12:18:00,8300,8300,8300,8300,0
2021-11-08 12:19:00,8300,8300,8300,8300,0
2021-11-08 12:20:00,8300,8300,8300,8300,0
2021-11-08 12:21:00,8300,8300,8300,8300,0
2021-11-08 12:22:00,8300,8300,8300,8300,0
2021-11-08 12:23:00,8300,8300,8300,8300,0
2021-11-08 12:24:00,8300,8300,8300,8300,0
2021-11-08 12:25:00,8300,8300,8300,8300,0
2021-11-08 12:26:00,8300,8300,8300,8300,0
2021-11-08 12:27:00,8300,8300,8300,8300,0
2021-11-08 12:28:00,8300,8300,8300,8300,0
2021-11-08 12:29:00,8300,8300,8300,8300,0
2021-11-08 12:30:00,8300,8300,8300,8300,0
2021-11-08 12:31:00,8300,8300,8300,8300,0
2021-11-08 12:32:00,8300,8300,8300,8300,0
2021-11-08 12:33:00,8300,8300,8300,8300,0
2021-11-08 12:34:00,8300,8300,8300,8300,0
2021-11-08 12:35:00,8300,8300,8300,8300,0
2021-11-08 12:36:00,8300,8300,8300,8300,0
2021-11-08 12:37:00,8300,8300,8300,8300,0
2021-11-08 12:38:00,8300,8300,8300,8300,0
2021-11-08 12:39:00,8300,8300,8300,8300,0
2021-11-08 12:40:00,8300,8300,8300,8300,0
2021-11-08 12:41:00,8300,8300,8300,8300,0
2021-11-08 12:42:00,8300,8300,8300,8300,0
2021-11-08 12:43:00,8300,8300,8300,8300,0
2021-11-08 12:44:00,8300,8300,8300,8300,0
2021-11-08 12:45:00,8300,8300,8300,8300,0
2021-11-08 12:46:00,8300,8300,8300,8300,0
2021-11-08 12:47:00,8300,8300,8300,8300,0
2021-11-08 12:48:00,8300,8300,8300,8300,0
2021-11-08 12:49:00,8300,8300,8300,8300,0
2021-11-08 12:50:00,8300,8300,8300,8300,0
2021-11-08 12:51:00,8300,8300,8300,8300,0
2021-11-08 12:52:00,8300,8300,8300,8300,0
2021-11-08 12:53:00,8300,8300,8300,8300,0
2021-11-08 12:54:00,8300,8300,8300,8300,0
2021-11-08 12:55:00,8300,8300,8300,8300,0
2021-11-08 12:56:00,8300,8300,8300,8300,0
2021-11-08 12:57:00,8300,8300,8300,8300,0
2021-11-08 12:58:00,8300,8300,8300,8300,0
2021-11-08 12:59:00,8300,8300,8300,8300,0
2021-11-08 13:00:00,8300,8300,8300,8300,0
2021-11-08 13:01:00,8300,8300,8300,8300,0
2021-11-08 13:02:00,8300,8300,8300,8300,0
2021-11-08 13:03:00,8300,8300,8300,8300,0
2021-11-08 13:04:00,8300,8300,8300,8300,0
2021-11-08 13:05:00,8300,8300,8300,8300,0
2021-11-08 13:06:00,8300,8300,8300,8300,0
2021-11-08 13:07:00,8300,8300,8300,8300,0
2021-11-08 13:08:00,8300,8300,8300,8300,0
2021-11-08 13:09:00,8300,8300,8300,8300,0
2021-11-08 13:10:00,8300,8300,8300,8300,0
2021-11-08 13:11:00,8300,8300,8300,8300,0
2021-11-08 13:12:00,8300,8300,8300,8300,0
2021-11-08 13:13:00,8300,8300,8300,8300,0
2021-11-08 13:14:00,8300,8300,8300,8300,0
2021-11-08 13:15:00,8300,8300,8300,8300,0
2021-11-08 13:16:00,8300,8300,8300,8300,0
2021-11-08 13:17:00,8300,8300,8300,8300,0
2021-11-08 13:18:00,8300,8300,8300,8300,0
2021-11-08 13:19:00,8300,8300,8300,8300,0
2021-11-08 13:20:00,8300,8300,8300,8300,0
2021-11-08 13:21:00,8300,8300,8300,8300,0
2021-11-08 13:22:00,8300,8300,8300,8300,0
2021-11-08 13:23:00,8300,8300,8300,8300,0
2021-11-08 13:24:00,8300,8300,8300,8300,0
2021-11-08 13:25:00,8300,8300,8300,8300,0
2021-11-08 13:26:00,8300,8300,8300,8300,0
2021-11-08 13:27:00,8300,8300,8300,8300,0
2021-11-08 13:28:00,8300,8300,8300,8300,0
2021-11-08 13:29:00,8300,8300,8300,8300,0
2021-11-08 13:30:00,8300,8300,8300,8300,25000
2021-11-08 13:31:00,8300,8300,8325,8325,9600
2021-11-08 13:32:00,8325,8325,8325,8325,600
2021-11-08 13:33:00,8300,8300,8325,8325,1500
2021-11-08 13:34:00,8325,8300,8325,8300,1400
2021-11-08 13:35:00,8325,8325,8325,8325,600
2021-11-08 13:36:00,8325,8325,8325,8325,11200
2021-11-08 13:37:00,8325,8325,8325,8325,2900
2021-11-08 13:38:00,8325,8325,8325,8325,500
2021-11-08 13:39:00,8300,8300,8300,8300,1200
2021-11-08 13:40:00,8300,8300,8300,8300,0
2021-11-08 13:41:00,8300,8300,8300,8300,300
2021-11-08 13:42:00,8300,8300,8300,8300,2500
2021-11-08 13:43:00,8300,8300,8325,8325,1000
2021-11-08 13:44:00,8325,8325,8325,8325,4900
2021-11-08 13:45:00,8325,8325,8325,8325,2000
2021-11-08 13:46:00,8325,8325,8325,8325,34000
2021-11-08 13:47:00,8325,8325,8325,8325,0
2021-11-08 13:48:00,8325,8325,8325,8325,1500
2021-11-08 13:49:00,8325,8325,8325,8325,1100
2021-11-08 13:50:00,8325,8325,8325,8325,800
2021-11-08 13:51:00,8325,8300,8325,8325,2500
2021-11-08 13:52:00,8325,8325,8325,8325,200
2021-11-08 13:53:00,8325,8300,8325,8300,1700
2021-11-08 13:54:00,8300,8300,8300,8300,800
2021-11-08 13:55:00,8300,8300,8300,8300,0
2021-11-08 13:56:00,8300,8300,8300,8300,0
2021-11-08 13:57:00,8300,8300,8325,8325,20400
2021-11-08 13:58:00,8300,8300,8325,8325,15000
2021-11-08 13:59:00,8325,8300,8325,8300,1700
2021-11-08 14:00:00,8300,8300,8300,8300,31000
2021-11-08 14:01:00,8300,8300,8300,8300,1200
2021-11-08 14:02:00,8300,8300,8300,8300,10000
2021-11-08 14:03:00,8300,8300,8300,8300,100
2021-11-08 14:04:00,8300,8300,8300,8300,2400
2021-11-08 14:05:00,8300,8300,8300,8300,2000
2021-11-08 14:06:00,8300,8300,8300,8300,300
2021-11-08 14:07:00,8300,8300,8300,8300,1100
2021-11-08 14:08:00,8325,8300,8325,8300,6600
2021-11-08 14:09:00,8300,8300,8300,8300,2200
2021-11-08 14:10:00,8300,8300,8300,8300,2500
2021-11-08 14:11:00,8325,8300,8325,8300,1100
2021-11-08 14:12:00,8325,8300,8325,8300,0
2021-11-08 14:13:00,8300,8300,8300,8300,100
2021-11-08 14:14:00,8300,8300,8300,8300,100
2021-11-08 14:15:00,8325,8325,8325,8325,300
2021-11-08 14:16:00,8300,8300,8325,8300,89400
2021-11-08 14:17:00,8300,8275,8300,8275,47400
2021-11-08 14:18:00,8300,8300,8300,8300,2600
2021-11-08 14:19:00,8300,8300,8300,8300,1100
2021-11-08 14:20:00,8300,8300,8300,8300,0
2021-11-08 14:21:00,8300,8275,8300,8275,800
2021-11-08 14:22:00,8275,8275,8275,8275,200
2021-11-08 14:23:00,8275,8275,8275,8275,0
2021-11-08 14:24:00,8275,8275,8275,8275,0
2021-11-08 14:25:00,8275,8275,8275,8275,0
2021-11-08 14:26:00,8300,8275,8300,8275,500
2021-11-08 14:27:00,8275,8275,8275,8275,1500
2021-11-08 14:28:00,8300,8300,8300,8300,200
2021-11-08 14:29:00,8300,8300,8300,8300,500
2021-11-08 14:30:00,8300,8300,8300,8300,200
2021-11-08 14:31:00,8300,8275,8300,8300,3300
2021-11-08 14:32:00,8275,8275,8300,8300,600
2021-11-08 14:33:00,8300,8275,8300,8275,6000
2021-11-08 14:34:00,8275,8275,8275,8275,14600
2021-11-08 14:35:00,8275,8275,8275,8275,400
2021-11-08 14:36:00,8275,8275,8275,8275,128500
2021-11-08 14:37:00,8275,8275,8300,8275,3300
2021-11-08 14:38:00,8275,8275,8275,8275,22100
2021-11-08 14:39:00,8275,8275,8275,8275,200
2021-11-08 14:40:00,8275,8250,8275,8250,300
2021-11-08 14:41:00,8250,8250,8275,8275,10100
2021-11-08 14:42:00,8275,8275,8275,8275,4100
2021-11-08 14:43:00,8275,8275,8275,8275,2500
2021-11-08 14:44:00,8250,8250,8250,8250,3100
2021-11-08 14:45:00,8250,8250,8275,8275,14300
2021-11-08 14:46:00,8250,8250,8275,8250,23600
2021-11-08 14:47:00,8275,8275,8275,8275,2000
2021-11-08 14:48:00,8275,8275,8275,8275,2000
2021-11-08 14:49:00,8250,8250,8275,8250,11600
2021-11-08 14:50:00,8250,8250,8275,8250,0
2021-11-08 14:51:00,8250,8250,8275,8250,0
2021-11-08 14:52:00,8250,8250,8275,8250,0
2021-11-08 14:53:00,8250,8250,8275,8250,0
2021-11-08 14:54:00,8250,8250,8275,8250,0
2021-11-08 14:55:00,8250,8250,8275,8250,0
2021-11-08 14:56:00,8250,8250,8275,8250,0
2021-11-08 14:57:00,8250,8250,8275,8250,0
2021-11-08 14:58:00,8250,8250,8275,8250,0
2021-11-08 14:59:00,8250,8250,8275,8250,0
2021-11-08 15:00:00,8275,8275,8275,8275,135700
2021-11-08 15:01:00,8275,8275,8275,8275,0
2021-11-08 15:02:00,8275,8275,8275,8275,0
2021-11-08 15:03:00,8275,8275,8275,8275,0
2021-11-08 15:04:00,8275,8275,8275,8275,0
2021-11-08 15:05:00,8275,8275,8275,8275,1100
2021-11-08 15:06:00,8275,8275,8275,8275,0
2021-11-08 15:07:00,8275,8275,8275,8275,0
2021-11-08 15:08:00,8275,8275,8275,8275,500
2021-11-08 15:09:00,8275,8275,8275,8275,2800
2021-11-08 15:10:00,8275,8275,8275,8275,600
2021-11-08 15:11:00,8275,8275,8275,8275,0
2021-11-08 15:12:00,8275,8275,8275,8275,0
2021-11-08 15:13:00,8275,8275,8275,8275,0
2021-11-08 15:14:00,8275,8275,8275,8275,0
2021-11-08 15:15:00,8275,8275,8275,8275,0
2021-11-08 15:16:00,8275,8275,8275,8275,0
2021-11-08 15:17:00,8275,8275,8275,8275,0
2021-11-08 15:18:00,8275,8275,8275,8275,0
2021-11-08 15:19:00,8275,8275,8275,8275,0
2021-11-08 15:20:00,8275,8275,8275,8275,0
2021-11-08 15:21:00,8275,8275,8275,8275,0
2021-11-08 15:22:00,8275,8275,8275,8275,0
2021-11-08 15:23:00,8275,8275,8275,8275,0
2021-11-08 15:24:00,8275,8275,8275,8275,0
2021-11-08 15:25:00,8275,8275,8275,8275,0
2021-11-08 15:26:00,8275,8275,8275,8275,0
2021-11-08 15:27:00,8275,8275,8275,8275,0
2021-11-08 15:28:00,8275,8275,8275,8275,0
2021-11-08 15:29:00,8275,8275,8275,8275,0
2021-11-08 15:30:00,8275,8275,8275,8275,0
2021-11-08 15:31:00,8275,8275,8275,8275,0
2021-11-08 15:32:00,8275,8275,8275,8275,0
2021-11-08 15:33:00,8275,8275,8275,8275,0
2021-11-08 15:34:00,8275,8275,8275,8275,0
2021-11-08 15:35:00,8275,8275,8275,8275,0
2021-11-08 15:36:00,8275,8275,8275,8275,0
2021-11-08 15:37:00,8275,8275,8275,8275,0
2021-11-08 15:38:00,8275,8275,8275,8275,0
2021-11-08 15:39:00,8275,8275,8275,8275,0
2021-11-08 15:40:00,8275,8275,8275,8275,0
2021-11-08 15:41:00,8275,8275,8275,8275,0
2021-11-08 15:42:00,8275,8275,8275,8275,0
2021-11-08 15:43:00,8275,8275,8275,8275,0
2021-11-08 15:44:00,8275,8275,8275,8275,0
2021-11-08 15:45:00,8275,8275,8275,8275,0
2021-11-08 15:46:00,8275,8275,8275,8275,0
2021-11-08 15:47:00,8275,8275,8275,8275,0
2021-11-08 15:48:00,8275,8275,8275,8275,0
2021-11-08 15:49:00,8275,8275,8275,8275,0
2021-11-08 15:50:00,8275,8275,8275,8275,0
2021-11-08 15:51:00,8275,8275,8275,8275,0
2021-11-08 15:52:00,8275,8275,8275,8275,0
2021-11-08 15:53:00,8275,8275,8275,8275,0
2021-11-08 15:54:00,8275,8275,8275,8275,0
2021-11-08 15:55:00,8275,8275,8275,8275,0
2021-11-08 15:56:00,8275,8275,8275,8275,0
2021-11-08 15:57:00,8275,8275,8275,8275,0
2021-11-08 15:58:00,8275,8275,8275,8275,0
2021-11-08 15:59:00,8275,8275,8275,8275,0
2021-11-09 09:00:00,8300,8300,8350,8350,8500
2021-11-09 09:01:00,8350,8350,8350,8350,11400
2021-11-09 09:02:00,8350,8350,8425,8375,142100
2021-11-09 09:03:00,8350,8350,8500,8475,201200
2021-11-09 09:04:00,8475,8475,8525,8525,230200
2021-11-09 09:05:00,8525,8500,8550,8500,108400
2021-11-09 09:06:00,8500,8475,8525,8500,103300
2021-11-09 09:07:00,8500,8475,8500,8500,46900
2021-11-09 09:08:00,8475,8475,8500,8500,111500
2021-11-09 09:09:00,8500,8500,8550,8525,125300
2021-11-09 09:10:00,8525,8500,8550,8550,148000
2021-11-09 09:11:00,8550,8550,8600,8600,50500
2021-11-09 09:12:00,8600,8575,8600,8600,96100
2021-11-09 09:13:00,8600,8575,8600,8575,58900
2021-11-09 09:14:00,8575,8550,8600,8575,187600
2021-11-09 09:15:00,8575,8575,8600,8600,89600
2021-11-09 09:16:00,8600,8575,8600,8600,37900
2021-11-09 09:17:00,8600,8575,8600,8600,35800
2021-11-09 09:18:00,8575,8575,8625,8600,104100
2021-11-09 09:19:00,8625,8600,8650,8625,154200
2021-11-09 09:20:00,8625,8600,8625,8625,17800
2021-11-09 09:21:00,8625,8600,8625,8600,13100
2021-11-09 09:22:00,8600,8600,8625,8600,8500
2021-11-09 09:23:00,8600,8600,8625,8600,41500
2021-11-09 09:24:00,8600,8600,8625,8625,28500
2021-11-09 09:25:00,8600,8600,8625,8600,12900
2021-11-09 09:26:00,8600,8600,8625,8600,17900
2021-11-09 09:27:00,8600,8600,8650,8625,220200
2021-11-09 09:28:00,8625,8600,8625,8625,26200
2021-11-09 09:29:00,8625,8600,8625,8600,40700
2021-11-09 09:30:00,8600,8600,8625,8600,91100
2021-11-09 09:31:00,8600,8575,8600,8600,65600
2021-11-09 09:32:00,8600,8600,8600,8600,2000
2021-11-09 09:33:00,8600,8600,8600,8600,16600
2021-11-09 09:34:00,8575,8575,8600,8575,21500
2021-11-09 09:35:00,8575,8575,8600,8575,14200
2021-11-09 09:36:00,8575,8575,8600,8575,19100
2021-11-09 09:37:00,8600,8575,8600,8575,4600
2021-11-09 09:38:00,8575,8575,8600,8575,39200
2021-11-09 09:39:00,8575,8575,8575,8575,53400
2021-11-09 09:40:00,8575,8575,8600,8575,41200
2021-11-09 09:41:00,8575,8575,8575,8575,35000
2021-11-09 09:42:00,8575,8575,8575,8575,20800
2021-11-09 09:43:00,8600,8575,8600,8575,9200
2021-11-09 09:44:00,8575,8575,8600,8575,22800
2021-11-09 09:45:00,8575,8575,8600,8575,16300
2021-11-09 09:46:00,8600,8575,8600,8575,16500
2021-11-09 09:47:00,8575,8575,8575,8575,24800
2021-11-09 09:48:00,8575,8550,8575,8575,2500
2021-11-09 09:49:00,8575,8550,8575,8550,13300
2021-11-09 09:50:00,8550,8500,8575,8500,256900
2021-11-09 09:51:00,8500,8500,8550,8550,45900
2021-11-09 09:52:00,8550,8550,8550,8550,2500
2021-11-09 09:53:00,8550,8550,8550,8550,3700
2021-11-09 09:54:00,8575,8575,8575,8575,44700
2021-11-09 09:55:00,8575,8575,8575,8575,3800
2021-11-09 09:56:00,8575,8550,8575,8550,5600
2021-11-09 09:57:00,8550,8550,8575,8575,62500
2021-11-09 09:58:00,8550,8550,8550,8550,600
2021-11-09 09:59:00,8550,8550,8550,8550,13100
2021-11-09 10:00:00,8550,8550,8575,8575,2900
2021-11-09 10:01:00,8550,8550,8550,8550,100
2021-11-09 10:02:00,8575,8550,8575,8575,3300
2021-11-09 10:03:00,8575,8550,8575,8575,0
2021-11-09 10:04:00,8550,8550,8550,8550,200
2021-11-09 10:05:00,8575,8550,8575,8550,1800
2021-11-09 10:06:00,8575,8575,8575,8575,21700
2021-11-09 10:07:00,8575,8575,8600,8600,218100
2021-11-09 10:08:00,8600,8600,8600,8600,17000
2021-11-09 10:09:00,8575,8575,8575,8575,2000
2021-11-09 10:10:00,8600,8575,8600,8575,21900
2021-11-09 10:11:00,8575,8575,8600,8600,15100
2021-11-09 10:12:00,8600,8600,8600,8600,17000
2021-11-09 10:13:00,8600,8575,8600,8600,26200
2021-11-09 10:14:00,8625,8600,8625,8600,7200
2021-11-09 10:15:00,8600,8600,8600,8600,1800
2021-11-09 10:16:00,8600,8600,8600,8600,100
2021-11-09 10:17:00,8575,8575,8575,8575,200
2021-11-09 10:18:00,8575,8575,8575,8575,200
2021-11-09 10:19:00,8600,8575,8600,8575,10400
2021-11-09 10:20:00,8575,8575,8575,8575,78500
2021-11-09 10:21:00,8575,8575,8575,8575,300
2021-11-09 10:22:00,8575,8575,8575,8575,10600
2021-11-09 10:23:00,8575,8575,8575,8575,100
2021-11-09 10:24:00,8575,8575,8575,8575,3200
2021-11-09 10:25:00,8600,8575,8600,8575,1100
2021-11-09 10:26:00,8575,8575,8575,8575,6200
2021-11-09 10:27:00,8575,8575,8575,8575,2500
2021-11-09 10:28:00,8575,8575,8575,8575,8700
2021-11-09 10:29:00,8575,8575,8575,8575,2700
2021-11-09 10:30:00,8575,8575,8575,8575,4800
2021-11-09 10:31:00,8575,8575,8575,8575,5800
2021-11-09 10:32:00,8575,8575,8600,8600,2100
2021-11-09 10:33:00,8575,8575,8575,8575,21800
2021-11-09 10:34:00,8575,8575,8575,8575,5200
2021-11-09 10:35:00,8575,8575,8575,8575,1800
2021-11-09 10:36:00,8575,8575,8575,8575,2900
2021-11-09 10:37:00,8575,8575,8575,8575,1100
2021-11-09 10:38:00,8575,8575,8575,8575,1200
2021-11-09 10:39:00,8575,8550,8575,8575,3700
2021-11-09 10:40:00,8575,8575,8575,8575,2600
2021-11-09 10:41:00,8575,8550,8575,8550,2300
2021-11-09 10:42:00,8575,8575,8575,8575,3100
2021-11-09 10:43:00,8575,8575,8575,8575,500
2021-11-09 10:44:00,8575,8575,8575,8575,300
2021-11-09 10:45:00,8575,8575,8575,8575,9000
2021-11-09 10:46:00,8575,8575,8575,8575,0
2021-11-09 10:47:00,8575,8550,8575,8575,11600
2021-11-09 10:48:00,8575,8550,8575,8550,200
2021-11-09 10:49:00,8550,8550,8550,8550,2000
2021-11-09 10:50:00,8550,8550,8550,8550,700
2021-11-09 10:51:00,8550,8550,8575,8575,1700
2021-11-09 10:52:00,8575,8550,8575,8550,200
2021-11-09 10:53:00,8550,8550,8550,8550,100
2021-11-09 10:54:00,8550,8550,8550,8550,0
2021-11-09 10:55:00,8550,8550,8550,8550,3900
2021-11-09 10:56:00,8550,8550,8575,8575,2200
2021-11-09 10:57:00,8575,8575,8575,8575,1500
2021-11-09 10:58:00,8575,8575,8575,8575,5100
2021-11-09 10:59:00,8550,8550,8575,8575,1800
2021-11-09 11:00:00,8575,8575,8575,8575,5200
2021-11-09 11:01:00,8575,8575,8575,8575,0
2021-11-09 11:02:00,8575,8575,8575,8575,0
2021-11-09 11:03:00,8575,8575,8575,8575,0
2021-11-09 11:04:00,8575,8575,8575,8575,0
2021-11-09 11:05:00,8550,8550,8550,8550,2200
2021-11-09 11:06:00,8575,8550,8575,8575,203600
2021-11-09 11:07:00,8575,8575,8575,8575,3700
2021-11-09 11:08:00,8525,8525,8525,8525,2300
2021-11-09 11:09:00,8525,8525,8525,8525,2400
2021-11-09 11:10:00,8525,8525,8550,8550,2900
2021-11-09 11:11:00,8550,8525,8550,8525,1000
2021-11-09 11:12:00,8525,8525,8525,8525,3100
2021-11-09 11:13:00,8525,8525,8550,8550,1800
2021-11-09 11:14:00,8550,8550,8550,8550,3900
2021-11-09 11:15:00,8550,8525,8550,8550,3000
2021-11-09 11:16:00,8550,8550,8550,8550,300
2021-11-09 11:17:00,8525,8525,8550,8550,700
2021-11-09 11:18:00,8550,8550,8550,8550,300
2021-11-09 11:19:00,8525,8525,8550,8550,400
2021-11-09 11:20:00,8550,8550,8550,8550,2500
2021-11-09 11:21:00,8550,8550,8550,8550,100
2021-11-09 11:22:00,8550,8550,8550,8550,3300
2021-11-09 11:23:00,8550,8525,8550,8525,500
2021-11-09 11:24:00,8550,8525,8550,8525,0
2021-11-09 11:25:00,8525,8525,8525,8525,56500
2021-11-09 11:26:00,8525,8525,8550,8550,7600
2021-11-09 11:27:00,8550,8550,8550,8550,400
2021-11-09 11:28:00,8550,8550,8550,8550,1600
2021-11-09 11:29:00,8525,8525,8525,8525,25800
2021-11-09 11:30:00,8525,8525,8525,8525,0
2021-11-09 11:31:00,8525,8525,8525,8525,0
2021-11-09 11:32:00,8525,8525,8525,8525,0
2021-11-09 11:33:00,8525,8525,8525,8525,0
2021-11-09 11:34:00,8525,8525,8525,8525,0
2021-11-09 11:35:00,8525,8525,8525,8525,0
2021-11-09 11:36:00,8525,8525,8525,8525,0
2021-11-09 11:37:00,8525,8525,8525,8525,0
2021-11-09 11:38:00,8525,8525,8525,8525,0
2021-11-09 11:39:00,8525,8525,8525,8525,0
2021-11-09 11:40:00,8525,8525,8525,8525,0
2021-11-09 11:41:00,8525,8525,8525,8525,0
2021-11-09 11:42:00,8525,8525,8525,8525,0
2021-11-09 11:43:00,8525,8525,8525,8525,0
2021-11-09 11:44:00,8525,8525,8525,8525,0
2021-11-09 11:45:00,8525,8525,8525,8525,0
2021-11-09 11:46:00,8525,8525,8525,8525,0
2021-11-09 11:47:00,8525,8525,8525,8525,0
2021-11-09 11:48:00,8525,8525,8525,8525,0
2021-11-09 11:49:00,8525,8525,8525,8525,0
2021-11-09 11:50:00,8525,8525,8525,8525,0
2021-11-09 11:51:00,8525,8525,8525,8525,0
2021-11-09 11:52:00,8525,8525,8525,8525,0
2021-11-09 11:53:00,8525,8525,8525,8525,0
2021-11-09 11:54:00,8525,8525,8525,8525,0
2021-11-09 11:55:00,8525,8525,8525,8525,0
2021-11-09 11:56:00,8525,8525,8525,8525,0
2021-11-09 11:57:00,8525,8525,8525,8525,0
2021-11-09 11:58:00,8525,8525,8525,8525,0
2021-11-09 11:59:00,8525,8525,8525,8525,0
2021-11-09 12:00:00,8525,8525,8525,8525,0
2021-11-09 12:01:00,8525,8525,8525,8525,0
2021-11-09 12:02:00,8525,8525,8525,8525,0
2021-11-09 12:03:00,8525,8525,8525,8525,0
2021-11-09 12:04:00,8525,8525,8525,8525,0
2021-11-09 12:05:00,8525,8525,8525,8525,0
2021-11-09 12:06:00,8525,8525,8525,8525,0
2021-11-09 12:07:00,8525,8525,8525,8525,0
2021-11-09 12:08:00,8525,8525,8525,8525,0
2021-11-09 12:09:00,8525,8525,8525,8525,0
2021-11-09 12:10:00,8525,8525,8525,8525,0
2021-11-09 12:11:00,8525,8525,8525,8525,0
2021-11-09 12:12:00,8525,8525,8525,8525,0
2021-11-09 12:13:00,8525,8525,8525,8525,0
2021-11-09 12:14:00,8525,8525,8525,8525,0
2021-11-09 12:15:00,8525,8525,8525,8525,0
2021-11-09 12:16:00,8525,8525,8525,8525,0
2021-11-09 12:17:00,8525,8525,8525,8525,0
2021-11-09 12:18:00,8525,8525,8525,8525,0
2021-11-09 12:19:00,8525,8525,8525,8525,0
2021-11-09 12:20:00,8525,8525,8525,8525,0
2021-11-09 12:21:00,8525,8525,8525,8525,0
2021-11-09 12:22:00,8525,8525,8525,8525,0
2021-11-09 12:23:00,8525,8525,8525,8525,0
2021-11-09 12:24:00,8525,8525,8525,8525,0
2021-11-09 12:25:00,8525,8525,8525,8525,0
2021-11-09 12:26:00,8525,8525,8525,8525,0
2021-11-09 12:27:00,8525,8525,8525,8525,0
2021-11-09 12:28:00,8525,8525,8525,8525,0
2021-11-09 12:29:00,8525,8525,8525,8525,0
2021-11-09 12:30:00,8525,8525,8525,8525,0
2021-11-09 12:31:00,8525,8525,8525,8525,0
2021-11-09 12:32:00,8525,8525,8525,8525,0
2021-11-09 12:33:00,8525,8525,8525,8525,0
2021-11-09 12:34:00,8525,8525,8525,8525,0
2021-11-09 12:35:00,8525,8525,8525,8525,0
2021-11-09 12:36:00,8525,8525,8525,8525,0
2021-11-09 12:37:00,8525,8525,8525,8525,0
2021-11-09 12:38:00,8525,8525,8525,8525,0
2021-11-09 12:39:00,8525,8525,8525,8525,0
2021-11-09 12:40:00,8525,8525,8525,8525,0
2021-11-09 12:41:00,8525,8525,8525,8525,0
2021-11-09 12:42:00,8525,8525,8525,8525,0
2021-11-09 12:43:00,8525,8525,8525,8525,0
2021-11-09 12:44:00,8525,8525,8525,8525,0
2021-11-09 12:45:00,8525,8525,8525,8525,0
2021-11-09 12:46:00,8525,8525,8525,8525,0
2021-11-09 12:47:00,8525,8525,8525,8525,0
2021-11-09 12:48:00,8525,8525,8525,8525,0
2021-11-09 12:49:00,8525,8525,8525,8525,0
2021-11-09 12:50:00,8525,8525,8525,8525,0
2021-11-09 12:51:00,8525,8525,8525,8525,0
2021-11-09 12:52:00,8525,8525,8525,8525,0
2021-11-09 12:53:00,8525,8525,8525,8525,0
2021-11-09 12:54:00,8525,8525,8525,8525,0
2021-11-09 12:55:00,8525,8525,8525,8525,0
2021-11-09 12:56:00,8525,8525,8525,8525,0
2021-11-09 12:57:00,8525,8525,8525,8525,0
2021-11-09 12:58:00,8525,8525,8525,8525,0
2021-11-09 12:59:00,8525,8525,8525,8525,0
2021-11-09 13:00:00,8525,8525,8525,8525,0
2021-11-09 13:01:00,8525,8525,8525,8525,0
2021-11-09 13:02:00,8525,8525,8525,8525,0
2021-11-09 13:03:00,8525,8525,8525,8525,0
2021-11-09 13:04:00,8525,8525,8525,8525,0
2021-11-09 13:05:00,8525,8525,8525,8525,0
2021-11-09 13:06:00,8525,8525,8525,8525,0
2021-11-09 13:07:00,8525,8525,8525,8525,0
2021-11-09 13:08:00,8525,8525,8525,8525,0
2021-11-09 13:09:00,8525,8525,8525,8525,0
2021-11-09 13:10:00,8525,8525,8525,8525,0
2021-11-09 13:11:00,8525,8525,8525,8525,0
2021-11-09 13:12:00,8525,8525,8525,8525,0
2021-11-09 13:13:00,8525,8525,8525,8525,0
2021-11-09 13:14:00,8525,8525,8525,8525,0
2021-11-09 13:15:00,8525,8525,8525,8525,0
2021-11-09 13:16:00,8525,8525,8525,8525,0
2021-11-09 13:17:00,8525,8525,8525,8525,0
2021-11-09 13:18:00,8525,8525,8525,8525,0
2021-11-09 13:19:00,8525,8525,8525,8525,0
2021-11-09 13:20:00,8525,8525,8525,8525,0
2021-11-09 13:21:00,8525,8525,8525,8525,0
2021-11-09 13:22:00,8525,8525,8525,8525,0
2021-11-09 13:23:00,8525,8525,8525,8525,0
2021-11-09 13:24:00,8525,8525,8525,8525,0
2021-11-09 13:25:00,8525,8525,8525,8525,0
2021-11-09 13:26:00,8525,8525,8525,8525,0
2021-11-09 13:27:00,8525,8525,8525,8525,0
2021-11-09 13:28:00,8525,8525,8525,8525,0
2021-11-09 13:29:00,8525,8525,8525,8525,0
2021-11-09 13:30:00,8525,8500,8525,8525,53100
2021-11-09 13:31:00,8525,8525,8525,8525,5700
2021-11-09 13:32:00,8525,8525,8525,8525,15000
2021-11-09 13:33:00,8500,8500,8525,8525,11700
2021-11-09 13:34:00,8525,8525,8525,8525,2000
2021-11-09 13:35:00,8525,8525,8525,8525,11700
2021-11-09 13:36:00,8525,8525,8525,8525,1500
2021-11-09 13:37:00,8525,8525,8525,8525,2500
2021-11-09 13:38:00,8525,8525,8525,8525,9300
2021-11-09 13:39:00,8525,8525,8525,8525,3100
2021-11-09 13:40:00,8525,8525,8525,8525,9100
2021-11-09 13:41:00,8525,8525,8525,8525,0
2021-11-09 13:42:00,8525,8525,8525,8525,1500
2021-11-09 13:43:00,8525,8525,8525,8525,2200
2021-11-09 13:44:00,8525,8500,8525,8500,10500
2021-11-09 13:45:00,8500,8500,8500,8500,4500
2021-11-09 13:46:00,8525,8525,8525,8525,21000
2021-11-09 13:47:00,8525,8525,8525,8525,1000
2021-11-09 13:48:00,8525,8525,8550,8550,37400
2021-11-09 13:49:00,8550,8525,8550,8525,13400
2021-11-09 13:50:00,8525,8525,8525,8525,600
2021-11-09 13:51:00,8525,8525,8525,8525,14300
2021-11-09 13:52:00,8525,8500,8525,8500,6800
2021-11-09 13:53:00,8500,8500,8500,8500,100
2021-11-09 13:54:00,8500,8500,8500,8500,0
2021-11-09 13:55:00,8525,8525,8525,8525,500
2021-11-09 13:56:00,8525,8525,8525,8525,0
2021-11-09 13:57:00,8525,8525,8525,8525,2400
2021-11-09 13:58:00,8500,8500,8500,8500,134900
2021-11-09 13:59:00,8500,8475,8500,8475,13300
2021-11-09 14:00:00,8475,8475,8475,8475,1900
2021-11-09 14:01:00,8475,8475,8500,8475,178200
2021-11-09 14:02:00,8475,8475,8475,8475,40900
2021-11-09 14:03:00,8475,8450,8475,8475,68600
2021-11-09 14:04:00,8475,8475,8475,8475,27900
2021-11-09 14:05:00,8475,8450,8500,8450,17700
2021-11-09 14:06:00,8450,8450,8475,8475,4600
2021-11-09 14:07:00,8475,8475,8475,8475,1200
2021-11-09 14:08:00,8475,8475,8475,8475,0
2021-11-09 14:09:00,8475,8450,8475,8475,6800
2021-11-09 14:10:00,8475,8450,8475,8475,2500
2021-11-09 14:11:00,8475,8450,8475,8475,28900
2021-11-09 14:12:00,8475,8475,8475,8475,3400
2021-11-09 14:13:00,8475,8450,8475,8475,8200
2021-11-09 14:14:00,8475,8475,8475,8475,100
2021-11-09 14:15:00,8450,8450,8475,8475,104300
2021-11-09 14:16:00,8450,8450,8475,8450,123800
2021-11-09 14:17:00,8450,8425,8450,8425,2600
2021-11-09 14:18:00,8425,8425,8425,8425,26400
2021-11-09 14:19:00,8425,8425,8450,8425,30000
2021-11-09 14:20:00,8425,8425,8450,8425,89300
2021-11-09 14:21:00,8425,8425,8425,8425,500
2021-11-09 14:22:00,8425,8425,8425,8425,2200
2021-11-09 14:23:00,8425,8425,8450,8450,1600
2021-11-09 14:24:00,8450,8450,8450,8450,4000
2021-11-09 14:25:00,8425,8425,8450,8425,5500
2021-11-09 14:26:00,8425,8425,8450,8425,0
2021-11-09 14:27:00,8425,8425,8425,8425,16100
2021-11-09 14:28:00,8425,8425,8450,8425,1400
2021-11-09 14:29:00,8425,8425,8450,8425,7700
2021-11-09 14:30:00,8450,8425,8450,8450,1800
2021-11-09 14:31:00,8450,8450,8450,8450,16700
2021-11-09 14:32:00,8450,8450,8450,8450,4300
2021-11-09 14:33:00,8425,8425,8450,8450,31100
2021-11-09 14:34:00,8425,8425,8450,8425,12500
2021-11-09 14:35:00,8425,8425,8425,8425,1400
2021-11-09 14:36:00,8425,8425,8425,8425,37800
2021-11-09 14:37:00,8425,8425,8425,8425,5500
2021-11-09 14:38:00,8425,8425,8425,8425,3000
2021-11-09 14:39:00,8450,8425,8450,8450,16600
2021-11-09 14:40:00,8450,8450,8475,8450,77400
2021-11-09 14:41:00,8450,8450,8450,8450,5100
2021-11-09 14:42:00,8450,8450,8475,8450,17200
2021-11-09 14:43:00,8475,8475,8475,8475,1200
2021-11-09 14:44:00,8450,8450,8450,8450,2300
2021-11-09 14:45:00,8450,8450,8475,8475,8000
2021-11-09 14:46:00,8475,8475,8475,8475,19100
2021-11-09 14:47:00,8475,8450,8475,8475,1800
2021-11-09 14:48:00,8475,8450,8475,8475,1500
2021-11-09 14:49:00,8475,8475,8475,8475,40200
2021-11-09 14:50:00,8475,8475,8475,8475,0
2021-11-09 14:51:00,8475,8475,8475,8475,0
2021-11-09 14:52:00,8475,8475,8475,8475,0
2021-11-09 14:53:00,8475,8475,8475,8475,0
2021-11-09 14:54:00,8475,8475,8475,8475,0
2021-11-09 14:55:00,8475,8475,8475,8475,0
2021-11-09 14:56:00,8475,8475,8475,8475,0
2021-11-09 14:57:00,8475,8475,8475,8475,0
2021-11-09 14:58:00,8475,8475,8475,8475,0
2021-11-09 14:59:00,8475,8475,8475,8475,0
2021-11-09 15:00:00,8475,8475,8475,8475,175100
2021-11-09 15:01:00,8475,8475,8475,8475,0
2021-11-09 15:02:00,8475,8475,8475,8475,0
2021-11-09 15:03:00,8475,8475,8475,8475,0
2021-11-09 15:04:00,8475,8475,8475,8475,0
2021-11-09 15:05:00,8475,8475,8475,8475,4800
2021-11-09 15:06:00,8475,8475,8475,8475,1100
2021-11-09 15:07:00,8475,8475,8475,8475,1600
2021-11-09 15:08:00,8475,8475,8475,8475,1300
2021-11-09 15:09:00,8475,8475,8475,8475,1400
2021-11-09 15:10:00,8475,8475,8475,8475,100
2021-11-09 15:11:00,8475,8475,8475,8475,0
2021-11-09 15:12:00,8475,8475,8475,8475,500
2021-11-09 15:13:00,8475,8475,8475,8475,11000
2021-11-09 15:14:00,8475,8475,8475,8475,0
2021-11-09 15:15:00,8475,8475,8475,8475,0
2021-11-09 15:16:00,8475,8475,8475,8475,0
2021-11-09 15:17:00,8475,8475,8475,8475,0
2021-11-09 15:18:00,8475,8475,8475,8475,0
2021-11-09 15:19:00,8475,8475,8475,8475,0
2021-11-09 15:20:00,8475,8475,8475,8475,0
2021-11-09 15:21:00,8475,8475,8475,8475,0
2021-11-09 15:22:00,8475,8475,8475,8475,0
2021-11-09 15:23:00,8475,8475,8475,8475,0
2021-11-09 15:24:00,8475,8475,8475,8475,0
2021-11-09 15:25:00,8475,8475,8475,8475,0
2021-11-09 15:26:00,8475,8475,8475,8475,0
2021-11-09 15:27:00,8475,8475,8475,8475,0
2021-11-09 15:28:00,8475,8475,8475,8475,0
2021-11-09 15:29:00,8475,8475,8475,8475,0
2021-11-09 15:30:00,8475,8475,8475,8475,0
2021-11-09 15:31:00,8475,8475,8475,8475,0
2021-11-09 15:32:00,8475,8475,8475,8475,0
2021-11-09 15:33:00,8475,8475,8475,8475,0
2021-11-09 15:34:00,8475,8475,8475,8475,0
2021-11-09 15:35:00,8475,8475,8475,8475,0
2021-11-09 15:36:00,8475,8475,8475,8475,0
2021-11-09 15:37:00,8475,8475,8475,8475,0
2021-11-09 15:38:00,8475,8475,8475,8475,0
2021-11-09 15:39:00,8475,8475,8475,8475,0
2021-11-09 15:40:00,8475,8475,8475,8475,0
2021-11-09 15:41:00,8475,8475,8475,8475,0
2021-11-09 15:42:00,8475,8475,8475,8475,0
2021-11-09 15:43:00,8475,8475,8475,8475,0
2021-11-09 15:44:00,8475,8475,8475,8475,0
2021-11-09 15:45:00,8475,8475,8475,8475,0
2021-11-09 15:46:00,8475,8475,8475,8475,0
2021-11-09 15:47:00,8475,8475,8475,8475,0
2021-11-09 15:48:00,8475,8475,8475,8475,0
2021-11-09 15:49:00,8475,8475,8475,8475,0
2021-11-09 15:50:00,8475,8475,8475,8475,0
2021-11-09 15:51:00,8475,8475,8475,8475,0
2021-11-09 15:52:00,8475,8475,8475,8475,0
2021-11-09 15:53:00,8475,8475,8475,8475,0
2021-11-09 15:54:00,8475,8475,8475,8475,0
2021-11-09 15:55:00,8475,8475,8475,8475,0
2021-11-09 15:56:00,8475,8475,8475,8475,0
2021-11-09 15:57:00,8475,8475,8475,8475,0
2021-11-09 15:58:00,8475,8475,8475,8475,0
2021-11-09 15:59:00,8475,8475,8475,8475,0
2021-11-10 09:00:00,8550,8500,8550,8500,52500
2021-11-10 09:01:00,8475,8475,8500,8500,12200
2021-11-10 09:02:00,8500,8500,8500,8500,8800
2021-11-10 09:03:00,8500,8475,8500,8475,9100
2021-11-10 09:04:00,8475,8475,8475,8475,12500
2021-11-10 09:05:00,8500,8450,8500,8450,103400
2021-11-10 09:06:00,8450,8425,8450,8425,30300
2021-11-10 09:07:00,8425,8400,8425,8425,30200
2021-11-10 09:08:00,8425,8400,8425,8425,12100
2021-11-10 09:09:00,8400,8400,8425,8400,90900
2021-11-10 09:10:00,8400,8375,8425,8400,37000
2021-11-10 09:11:00,8400,8400,8400,8400,3600
2021-11-10 09:12:00,8400,8400,8400,8400,6200
2021-11-10 09:13:00,8400,8400,8425,8425,4000
2021-11-10 09:14:00,8425,8400,8425,8400,6200
2021-11-10 09:15:00,8425,8400,8450,8450,17100
2021-11-10 09:16:00,8450,8450,8450,8450,11700
2021-11-10 09:17:00,8475,8475,8475,8475,100
2021-11-10 09:18:00,8450,8450,8475,8475,13100
2021-11-10 09:19:00,8475,8475,8475,8475,12700
2021-11-10 09:20:00,8475,8475,8475,8475,9700
2021-11-10 09:21:00,8475,8450,8475,8450,700
2021-11-10 09:22:00,8450,8450,8475,8475,2100
2021-11-10 09:23:00,8475,8475,8475,8475,2700
2021-11-10 09:24:00,8450,8450,8450,8450,5900
2021-11-10 09:25:00,8475,8475,8475,8475,2800
2021-11-10 09:26:00,8450,8450,8475,8450,800
2021-11-10 09:27:00,8475,8475,8475,8475,300
2021-11-10 09:28:00,8475,8450,8475,8450,5700
2021-11-10 09:29:00,8475,8475,8475,8475,300
2021-11-10 09:30:00,8475,8450,8475,8475,10300
2021-11-10 09:31:00,8475,8475,8475,8475,13300
2021-11-10 09:32:00,8475,8475,8475,8475,1100
2021-11-10 09:33:00,8475,8450,8475,8475,6300
2021-11-10 09:34:00,8475,8475,8475,8475,600
2021-11-10 09:35:00,8450,8450,8450,8450,2300
2021-11-10 09:36:00,8450,8450,8475,8475,17400
2021-11-10 09:37:00,8475,8475,8475,8475,6000
2021-11-10 09:38:00,8475,8475,8475,8475,5500
2021-11-10 09:39:00,8475,8475,8475,8475,1700
2021-11-10 09:40:00,8450,8450,8475,8475,2600
2021-11-10 09:41:00,8450,8450,8450,8450,800
2021-11-10 09:42:00,8475,8450,8475,8450,1500
2021-11-10 09:43:00,8450,8450,8450,8450,100
2021-11-10 09:44:00,8475,8475,8475,8475,2000
2021-11-10 09:45:00,8450,8450,8450,8450,600
2021-11-10 09:46:00,8450,8450,8475,8475,3400
2021-11-10 09:47:00,8475,8450,8475,8475,6800
2021-11-10 09:48:00,8475,8450,8475,8450,700
2021-11-10 09:49:00,8450,8450,8450,8450,100
2021-11-10 09:50:00,8450,8450,8450,8450,0
2021-11-10 09:51:00,8450,8450,8475,8475,2700
2021-11-10 09:52:00,8450,8450,8475,8475,0
2021-11-10 09:53:00,8450,8450,8450,8450,800
2021-11-10 09:54:00,8475,8450,8475,8450,500
2021-11-10 09:55:00,8450,8450,8475,8450,1400
2021-11-10 09:56:00,8450,8450,8450,8450,30100
2021-11-10 09:57:00,8450,8450,8450,8450,43500
2021-11-10 09:58:00,8425,8425,8425,8425,23600
2021-11-10 09:59:00,8425,8425,8425,8425,3000
2021-11-10 10:00:00,8425,8425,8425,8425,900
2021-11-10 10:01:00,8425,8425,8425,8425,100
2021-11-10 10:02:00,8450,8425,8450,8425,7800
2021-11-10 10:03:00,8425,8425,8425,8425,24100
2021-11-10 10:04:00,8425,8425,8425,8425,0
2021-11-10 10:05:00,8400,8400,8400,8400,1400
2021-11-10 10:06:00,8400,8400,8425,8425,9600
2021-11-10 10:07:00,8425,8425,8425,8425,300
2021-11-10 10:08:00,8425,8425,8425,8425,100
2021-11-10 10:09:00,8400,8400,8400,8400,12000
2021-11-10 10:10:00,8400,8400,8425,8425,5800
2021-11-10 10:11:00,8425,8400,8425,8400,14100
2021-11-10 10:12:00,8400,8400,8400,8400,9300
2021-11-10 10:13:00,8400,8375,8400,8400,21500
2021-11-10 10:14:00,8400,8400,8400,8400,2000
2021-11-10 10:15:00,8400,8400,8400,8400,11000
2021-11-10 10:16:00,8400,8400,8400,8400,7600
2021-11-10 10:17:00,8400,8375,8400,8400,6400
2021-11-10 10:18:00,8400,8400,8400,8400,3500
2021-11-10 10:19:00,8400,8400,8400,8400,2600
2021-11-10 10:20:00,8400,8400,8400,8400,13200
2021-11-10 10:21:00,8400,8400,8400,8400,1000
2021-11-10 10:22:00,8400,8400,8400,8400,9900
2021-11-10 10:23:00,8400,8400,8400,8400,100
2021-11-10 10:24:00,8400,8400,8400,8400,0
2021-11-10 10:25:00,8400,8400,8400,8400,0
2021-11-10 10:26:00,8400,8400,8425,8425,1700
2021-11-10 10:27:00,8425,8425,8425,8425,5900
2021-11-10 10:28:00,8425,8425,8425,8425,0
2021-11-10 10:29:00,8425,8425,8425,8425,100
2021-11-10 10:30:00,8425,8400,8425,8400,1400
2021-11-10 10:31:00,8425,8400,8425,8400,0
2021-11-10 10:32:00,8400,8400,8400,8400,900
2021-11-10 10:33:00,8400,8400,8400,8400,200
2021-11-10 10:34:00,8425,8425,8425,8425,600
2021-11-10 10:35:00,8425,8425,8425,8425,400
2021-11-10 10:36:00,8425,8400,8425,8400,500
2021-11-10 10:37:00,8400,8400,8400,8400,1000
2021-11-10 10:38:00,8400,8400,8400,8400,500
2021-11-10 10:39:00,8400,8400,8425,8425,1700
2021-11-10 10:40:00,8425,8400,8425,8400,3000
2021-11-10 10:41:00,8400,8400,8400,8400,600
2021-11-10 10:42:00,8400,8400,8400,8400,0
2021-11-10 10:43:00,8400,8400,8400,8400,500
2021-11-10 10:44:00,8400,8400,8400,8400,0
2021-11-10 10:45:00,8400,8400,8400,8400,200
2021-11-10 10:46:00,8400,8400,8400,8400,58200
2021-11-10 10:47:00,8400,8400,8400,8400,5800
2021-11-10 10:48:00,8400,8400,8400,8400,8700
2021-11-10 10:49:00,8400,8400,8400,8400,3700
2021-11-10 10:50:00,8400,8400,8400,8400,5100
2021-11-10 10:51:00,8400,8400,8425,8425,3300
2021-11-10 10:52:00,8425,8400,8425,8400,1000
2021-11-10 10:53:00,8425,8425,8425,8425,300
2021-11-10 10:54:00,8425,8425,8425,8425,0
2021-11-10 10:55:00,8425,8425,8425,8425,0
2021-11-10 10:56:00,8425,8425,8425,8425,0
2021-11-10 10:57:00,8425,8425,8425,8425,3000
2021-11-10 10:58:00,8425,8425,8425,8425,0
2021-11-10 10:59:00,8400,8400,8400,8400,25100
2021-11-10 11:00:00,8400,8400,8400,8400,26400
2021-11-10 11:01:00,8400,8400,8400,8400,300
2021-11-10 11:02:00,8400,8400,8400,8400,100
2021-11-10 11:03:00,8400,8400,8400,8400,2000
2021-11-10 11:04:00,8400,8375,8400,8375,7200
2021-11-10 11:05:00,8400,8400,8400,8400,300
2021-11-10 11:06:00,8400,8375,8400,8375,2700
2021-11-10 11:07:00,8400,8375,8400,8375,0
2021-11-10 11:08:00,8375,8375,8375,8375,5200
2021-11-10 11:09:00,8375,8375,8375,8375,0
2021-11-10 11:10:00,8400,8400,8400,8400,3100
2021-11-10 11:11:00,8400,8400,8400,8400,7900
2021-11-10 11:12:00,8400,8400,8400,8400,1700
2021-11-10 11:13:00,8400,8375,8400,8375,4300
2021-11-10 11:14:00,8400,8375,8400,8375,0
2021-11-10 11:15:00,8400,8400,8400,8400,1000
2021-11-10 11:16:00,8400,8375,8400,8400,14800
2021-11-10 11:17:00,8400,8375,8400,8400,0
2021-11-10 11:18:00,8400,8400,8400,8400,31500
2021-11-10 11:19:00,8400,8400,8400,8400,20000
2021-11-10 11:20:00,8375,8375,8400,8400,1200
2021-11-10 11:21:00,8400,8400,8400,8400,4300
2021-11-10 11:22:00,8400,8400,8400,8400,100
2021-11-10 11:23:00,8400,8400,8400,8400,1500
2021-11-10 11:24:00,8400,8400,8400,8400,2700
2021-11-10 11:25:00,8400,8400,8400,8400,100
2021-11-10 11:26:00,8375,8375,8375,8375,2000
2021-11-10 11:27:00,8400,8400,8400,8400,200
2021-11-10 11:28:00,8400,8400,8400,8400,1100
2021-11-10 11:29:00,8400,8375,8400,8375,15900
2021-11-10 11:30:00,8375,8375,8375,8375,200
2021-11-10 11:31:00,8375,8375,8375,8375,0
2021-11-10 11:32:00,8375,8375,8375,8375,0
2021-11-10 11:33:00,8375,8375,8375,8375,0
2021-11-10 11:34:00,8375,8375,8375,8375,0
2021-11-10 11:35:00,8375,8375,8375,8375,0
2021-11-10 11:36:00,8375,8375,8375,8375,0
2021-11-10 11:37:00,8375,8375,8375,8375,0
2021-11-10 11:38:00,8375,8375,8375,8375,0
2021-11-10 11:39:00,8375,8375,8375,8375,0
2021-11-10 11:40:00,8375,8375,8375,8375,0
2021-11-10 11:41:00,8375,8375,8375,8375,0
2021-11-10 11:42:00,8375,8375,8375,8375,0
2021-11-10 11:43:00,8375,8375,8375,8375,0
2021-11-10 11:44:00,8375,8375,8375,8375,0
2021-11-10 11:45:00,8375,8375,8375,8375,0
2021-11-10 11:46:00,8375,8375,8375,8375,0
2021-11-10 11:47:00,8375,8375,8375,8375,0
2021-11-10 11:48:00,8375,8375,8375,8375,0
2021-11-10 11:49:00,8375,8375,8375,8375,0
2021-11-10 11:50:00,8375,8375,8375,8375,0
2021-11-10 11:51:00,8375,8375,8375,8375,0
2021-11-10 11:52:00,8375,8375,8375,8375,0
2021-11-10 11:53:00,8375,8375,8375,8375,0
2021-11-10 11:54:00,8375,8375,8375,8375,0
2021-11-10 11:55:00,8375,8375,8375,8375,0
2021-11-10 11:56:00,8375,8375,8375,8375,0
2021-11-10 11:57:00,8375,8375,8375,8375,0
2021-11-10 11:58:00,8375,8375,8375,8375,0
2021-11-10 11:59:00,8375,8375,8375,8375,0
2021-11-10 12:00:00,8375,8375,8375,8375,0
2021-11-10 12:01:00,8375,8375,8375,8375,0
2021-11-10 12:02:00,8375,8375,8375,8375,0
2021-11-10 12:03:00,8375,8375,8375,8375,0
2021-11-10 12:04:00,8375,8375,8375,8375,0
2021-11-10 12:05:00,8375,8375,8375,8375,0
2021-11-10 12:06:00,8375,8375,8375,8375,0
2021-11-10 12:07:00,8375,8375,8375,8375,0
2021-11-10 12:08:00,8375,8375,8375,8375,0
2021-11-10 12:09:00,8375,8375,8375,8375,0
2021-11-10 12:10:00,8375,8375,8375,8375,0
2021-11-10 12:11:00,8375,8375,8375,8375,0
2021-11-10 12:12:00,8375,8375,8375,8375,0
2021-11-10 12:13:00,8375,8375,8375,8375,0
2021-11-10 12:14:00,8375,8375,8375,8375,0
2021-11-10 12:15:00,8375,8375,8375,8375,0
2021-11-10 12:16:00,8375,8375,8375,8375,0
2021-11-10 12:17:00,8375,8375,8375,8375,0
2021-11-10 12:18:00,8375,8375,8375,8375,0
2021-11-10 12:19:00,8375,8375,8375,8375,0
2021-11-10 12:20:00,8375,8375,8375,8375,0
2021-11-10 12:21:00,8375,8375,8375,8375,0
2021-11-10 12:22:00,8375,8375,8375,8375,0
2021-11-10 12:23:00,8375,8375,8375,8375,0
2021-11-10 12:24:00,8375,8375,8375,8375,0
2021-11-10 12:25:00,8375,8375,8375,8375,0
2021-11-10 12:26:00,8375,8375,8375,8375,0
2021-11-10 12:27:00,8375,8375,8375,8375,0
2021-11-10 12:28:00,8375,8375,8375,8375,0
2021-11-10 12:29:00,8375,8375,8375,8375,0
2021-11-10 12:30:00,8375,8375,8375,8375,0
2021-11-10 12:31:00,8375,8375,8375,8375,0
2021-11-10 12:32:00,8375,8375,8375,8375,0
2021-11-10 12:33:00,8375,8375,8375,8375,0
2021-11-10 12:34:00,8375,8375,8375,8375,0
2021-11-10 12:35:00,8375,8375,8375,8375,0
2021-11-10 12:36:00,8375,8375,8375,8375,0
2021-11-10 12:37:00,8375,8375,8375,8375,0
2021-11-10 12:38:00,8375,8375,8375,8375,0
2021-11-10 12:39:00,8375,8375,8375,8375,0
2021-11-10 12:40:00,8375,8375,8375,8375,0
2021-11-10 12:41:00,8375,8375,8375,8375,0
2021-11-10 12:42:00,8375,8375,8375,8375,0
2021-11-10 12:43:00,8375,8375,8375,8375,0
2021-11-10 12:44:00,8375,8375,8375,8375,0
2021-11-10 12:45:00,8375,8375,8375,8375,0
2021-11-10 12:46:00,8375,8375,8375,8375,0
2021-11-10 12:47:00,8375,8375,8375,8375,0
2021-11-10 12:48:00,8375,8375,8375,8375,0
2021-11-10 12:49:00,8375,8375,8375,8375,0
2021-11-10 12:50:00,8375,8375,8375,8375,0
2021-11-10 12:51:00,8375,8375,8375,8375,0
2021-11-10 12:52:00,8375,8375,8375,8375,0
2021-11-10 12:53:00,8375,8375,8375,8375,0
2021-11-10 12:54:00,8375,8375,8375,8375,0
2021-11-10 12:55:00,8375,8375,8375,8375,0
2021-11-10 12:56:00,8375,8375,8375,8375,0
2021-11-10 12:57:00,8375,8375,8375,8375,0
2021-11-10 12:58:00,8375,8375,8375,8375,0
2021-11-10 12:59:00,8375,8375,8375,8375,0
2021-11-10 13:00:00,8375,8375,8375,8375,0
2021-11-10 13:01:00,8375,8375,8375,8375,0
2021-11-10 13:02:00,8375,8375,8375,8375,0
2021-11-10 13:03:00,8375,8375,8375,8375,0
2021-11-10 13:04:00,8375,8375,8375,8375,0
2021-11-10 13:05:00,8375,8375,8375,8375,0
2021-11-10 13:06:00,8375,8375,8375,8375,0
2021-11-10 13:07:00,8375,8375,8375,8375,0
2021-11-10 13:08:00,8375,8375,8375,8375,0
2021-11-10 13:09:00,8375,8375,8375,8375,0
2021-11-10 13:10:00,8375,8375,8375,8375,0
2021-11-10 13:11:00,8375,8375,8375,8375,0
2021-11-10 13:12:00,8375,8375,8375,8375,0
2021-11-10 13:13:00,8375,8375,8375,8375,0
2021-11-10 13:14:00,8375,8375,8375,8375,0
2021-11-10 13:15:00,8375,8375,8375,8375,0
2021-11-10 13:16:00,8375,8375,8375,8375,0
2021-11-10 13:17:00,8375,8375,8375,8375,0
2021-11-10 13:18:00,8375,8375,8375,8375,0
2021-11-10 13:19:00,8375,8375,8375,8375,0
2021-11-10 13:20:00,8375,8375,8375,8375,0
2021-11-10 13:21:00,8375,8375,8375,8375,0
2021-11-10 13:22:00,8375,8375,8375,8375,0
2021-11-10 13:23:00,8375,8375,8375,8375,0
2021-11-10 13:24:00,8375,8375,8375,8375,0
2021-11-10 13:25:00,8375,8375,8375,8375,0
2021-11-10 13:26:00,8375,8375,8375,8375,0
2021-11-10 13:27:00,8375,8375,8375,8375,0
2021-11-10 13:28:00,8375,8375,8375,8375,0
2021-11-10 13:29:00,8375,8375,8375,8375,0
2021-11-10 13:30:00,8400,8375,8400,8400,12000
2021-11-10 13:31:00,8400,8375,8400,8400,0
2021-11-10 13:32:00,8400,8400,8400,8400,7300
2021-11-10 13:33:00,8400,8400,8400,8400,300
2021-11-10 13:34:00,8400,8400,8400,8400,300
2021-11-10 13:35:00,8400,8400,8400,8400,200
2021-11-10 13:36:00,8400,8400,8400,8400,900
2021-11-10 13:37:00,8400,8375,8400,8375,21200
2021-11-10 13:38:00,8400,8375,8400,8375,0
2021-11-10 13:39:00,8375,8375,8375,8375,300
2021-11-10 13:40:00,8400,8375,8400,8400,2100
2021-11-10 13:41:00,8375,8375,8400,8400,7700
2021-11-10 13:42:00,8400,8400,8400,8400,100
2021-11-10 13:43:00,8400,8400,8400,8400,4500
2021-11-10 13:44:00,8400,8400,8400,8400,200
2021-11-10 13:45:00,8375,8375,8375,8375,176700
2021-11-10 13:46:00,8375,8375,8400,8400,8600
2021-11-10 13:47:00,8400,8400,8400,8400,600
2021-11-10 13:48:00,8400,8400,8400,8400,9800
2021-11-10 13:49:00,8400,8400,8400,8400,1300
2021-11-10 13:50:00,8400,8400,8400,8400,200
2021-11-10 13:51:00,8400,8400,8400,8400,2800
2021-11-10 13:52:00,8400,8400,8400,8400,100
2021-11-10 13:53:00,8400,8400,8425,8425,8700
2021-11-10 13:54:00,8425,8425,8425,8425,1000
2021-11-10 13:55:00,8425,8400,8425,8400,1300
2021-11-10 13:56:00,8425,8400,8425,8400,3400
2021-11-10 13:57:00,8425,8400,8425,8400,0
2021-11-10 13:58:00,8400,8400,8400,8400,1000
2021-11-10 13:59:00,8425,8425,8425,8425,1400
2021-11-10 14:00:00,8400,8400,8400,8400,6600
2021-11-10 14:01:00,8400,8400,8400,8400,900
2021-11-10 14:02:00,8400,8400,8400,8400,1900
2021-11-10 14:03:00,8400,8400,8400,8400,100
2021-11-10 14:04:00,8400,8400,8400,8400,3500
2021-11-10 14:05:00,8400,8400,8425,8425,10600
2021-11-10 14:06:00,8425,8425,8425,8425,300
2021-11-10 14:07:00,8425,8425,8425,8425,300
2021-11-10 14:08:00,8425,8425,8425,8425,200
2021-11-10 14:09:00,8425,8425,8425,8425,0
2021-11-10 14:10:00,8425,8425,8425,8425,100
2021-11-10 14:11:00,8425,8400,8425,8400,8100
2021-11-10 14:12:00,8425,8425,8425,8425,700
2021-11-10 14:13:00,8425,8425,8425,8425,0
2021-11-10 14:14:00,8425,8425,8425,8425,0
2021-11-10 14:15:00,8400,8400,8400,8400,1200
2021-11-10 14:16:00,8400,8400,8400,8400,5100
2021-11-10 14:17:00,8425,8425,8425,8425,600
2021-11-10 14:18:00,8425,8425,8425,8425,200
2021-11-10 14:19:00,8425,8425,8425,8425,0
2021-11-10 14:20:00,8400,8400,8425,8400,1900
2021-11-10 14:21:00,8400,8400,8400,8400,7500
2021-11-10 14:22:00,8400,8400,8400,8400,0
2021-11-10 14:23:00,8400,8400,8400,8400,500
2021-11-10 14:24:00,8400,8400,8400,8400,1500
2021-11-10 14:25:00,8400,8400,8400,8400,1400
2021-11-10 14:26:00,8400,8400,8400,8400,6000
2021-11-10 14:27:00,8425,8400,8425,8400,1800
2021-11-10 14:28:00,8400,8400,8400,8400,1100
2021-11-10 14:29:00,8400,8400,8400,8400,1700
2021-11-10 14:30:00,8400,8400,8425,8425,11500
2021-11-10 14:31:00,8400,8400,8400,8400,1200
2021-11-10 14:32:00,8400,8400,8425,8425,800
2021-11-10 14:33:00,8400,8400,8425,8400,3600
2021-11-10 14:34:00,8400,8400,8425,8400,6300
2021-11-10 14:35:00,8425,8425,8425,8425,1400
2021-11-10 14:36:00,8425,8400,8425,8400,800
2021-11-10 14:37:00,8400,8400,8425,8425,6600
2021-11-10 14:38:00,8425,8425,8425,8425,2000
2021-11-10 14:39:00,8425,8425,8425,8425,500
2021-11-10 14:40:00,8400,8400,8400,8400,12900
2021-11-10 14:41:00,8400,8400,8400,8400,1400
2021-11-10 14:42:00,8400,8400,8425,8425,9900
2021-11-10 14:43:00,8425,8400,8425,8400,19700
2021-11-10 14:44:00,8400,8400,8400,8400,5700
2021-11-10 14:45:00,8400,8400,8425,8425,4700
2021-11-10 14:46:00,8400,8400,8400,8400,13600
2021-11-10 14:47:00,8425,8400,8425,8400,45900
2021-11-10 14:48:00,8400,8400,8425,8400,1800
2021-11-10 14:49:00,8400,8400,8425,8425,4700
2021-11-10 14:50:00,8400,8400,8425,8425,0
2021-11-10 14:51:00,8400,8400,8425,8425,0
2021-11-10 14:52:00,8400,8400,8425,8425,0
2021-11-10 14:53:00,8400,8400,8425,8425,0
2021-11-10 14:54:00,8400,8400,8425,8425,0
2021-11-10 14:55:00,8400,8400,8425,8425,0
2021-11-10 14:56:00,8400,8400,8425,8425,0
2021-11-10 14:57:00,8400,8400,8425,8425,0
2021-11-10 14:58:00,8400,8400,8425,8425,0
2021-11-10 14:59:00,8400,8400,8425,8425,0
2021-11-10 15:00:00,8400,8400,8400,8400,67100
2021-11-10 15:01:00,8400,8400,8400,8400,0
2021-11-10 15:02:00,8400,8400,8400,8400,0
2021-11-10 15:03:00,8400,8400,8400,8400,0
2021-11-10 15:04:00,8400,8400,8400,8400,0
2021-11-10 15:05:00,8400,8400,8400,8400,9900
2021-11-10 15:06:00,8400,8400,8400,8400,10200
2021-11-10 15:07:00,8400,8400,8400,8400,0
2021-11-10 15:08:00,8400,8400,8400,8400,10000
2021-11-10 15:09:00,8400,8400,8400,8400,15500
2021-11-10 15:10:00,8400,8400,8400,8400,0
2021-11-10 15:11:00,8400,8400,8400,8400,0
2021-11-10 15:12:00,8400,8400,8400,8400,5000
2021-11-10 15:13:00,8400,8400,8400,8400,100
2021-11-10 15:14:00,8400,8400,8400,8400,100
2021-11-10 15:15:00,8400,8400,8400,8400,0
2021-11-10 15:16:00,8400,8400,8400,8400,0
2021-11-10 15:17:00,8400,8400,8400,8400,0
2021-11-10 15:18:00,8400,8400,8400,8400,0
2021-11-10 15:19:00,8400,8400,8400,8400,0
2021-11-10 15:20:00,8400,8400,8400,8400,0
2021-11-10 15:21:00,8400,8400,8400,8400,0
2021-11-10 15:22:00,8400,8400,8400,8400,0
2021-11-10 15:23:00,8400,8400,8400,8400,0
2021-11-10 15:24:00,8400,8400,8400,8400,0
2021-11-10 15:25:00,8400,8400,8400,8400,0
2021-11-10 15:26:00,8400,8400,8400,8400,0
2021-11-10 15:27:00,8400,8400,8400,8400,0
2021-11-10 15:28:00,8400,8400,8400,8400,0
2021-11-10 15:29:00,8400,8400,8400,8400,0
2021-11-10 15:30:00,8400,8400,8400,8400,0
2021-11-10 15:31:00,8400,8400,8400,8400,0
2021-11-10 15:32:00,8400,8400,8400,8400,0
2021-11-10 15:33:00,8400,8400,8400,8400,0
2021-11-10 15:34:00,8400,8400,8400,8400,0
2021-11-10 15:35:00,8400,8400,8400,8400,0
2021-11-10 15:36:00,8400,8400,8400,8400,0
2021-11-10 15:37:00,8400,8400,8400,8400,0
2021-11-10 15:38:00,8400,8400,8400,8400,0
2021-11-10 15:39:00,8400,8400,8400,8400,0
2021-11-10 15:40:00,8400,8400,8400,8400,0
2021-11-10 15:41:00,8400,8400,8400,8400,0
2021-11-10 15:42:00,8400,8400,8400,8400,0
2021-11-10 15:43:00,8400,8400,8400,8400,0
2021-11-10 15:44:00,8400,8400,8400,8400,0
2021-11-10 15:45:00,8400,8400,8400,8400,0
2021-11-10 15:46:00,8400,8400,8400,8400,0
2021-11-10 15:47:00,8400,8400,8400,8400,0
2021-11-10 15:48:00,8400,8400,8400,8400,0
2021-11-10 15:49:00,8400,8400,8400,8400,0
2021-11-10 15:50:00,8400,8400,8400,8400,0
2021-11-10 15:51:00,8400,8400,8400,8400,0
2021-11-10 15:52:00,8400,8400,8400,8400,0
2021-11-10 15:53:00,8400,8400,8400,8400,0
2021-11-10 15:54:00,8400,8400,8400,8400,0
2021-11-10 15:55:00,8400,8400,8400,8400,0
2021-11-10 15:56:00,8400,8400,8400,8400,0
2021-11-10 15:57:00,8400,8400,8400,8400,0
2021-11-10 15:58:00,8400,8400,8400,8400,0
2021-11-10 15:59:00,8400,8400,8400,8400,0
2021-11-11 09:00:00,8400,8400,8450,8425,8700
2021-11-11 09:01:00,8425,8425,8450,8450,11900
2021-11-11 09:02:00,8450,8425,8450,8425,6000
2021-11-11 09:03:00,8400,8400,8400,8400,300
2021-11-11 09:04:00,8400,8400,8400,8400,34200
2021-11-11 09:05:00,8400,8400,8400,8400,500
2021-11-11 09:06:00,8400,8400,8425,8425,1800
2021-11-11 09:07:00,8450,8450,8450,8450,1400
2021-11-11 09:08:00,8450,8450,8450,8450,2900
2021-11-11 09:09:00,8450,8450,8450,8450,1400
2021-11-11 09:10:00,8425,8425,8425,8425,100
2021-11-11 09:11:00,8425,8425,8450,8450,6700
2021-11-11 09:12:00,8450,8450,8450,8450,3500
2021-11-11 09:13:00,8450,8450,8450,8450,9400
2021-11-11 09:14:00,8450,8450,8450,8450,3800
2021-11-11 09:15:00,8450,8425,8450,8425,2800
2021-11-11 09:16:00,8425,8425,8425,8425,22300
2021-11-11 09:17:00,8425,8400,8425,8425,10300
2021-11-11 09:18:00,8425,8400,8425,8425,0
2021-11-11 09:19:00,8425,8400,8425,8425,0
2021-11-11 09:20:00,8425,8425,8425,8425,7500
2021-11-11 09:21:00,8425,8425,8425,8425,6800
2021-11-11 09:22:00,8425,8400,8425,8400,3500
2021-11-11 09:23:00,8400,8400,8400,8400,800
2021-11-11 09:24:00,8400,8400,8425,8425,6400
2021-11-11 09:25:00,8425,8425,8425,8425,400
2021-11-11 09:26:00,8425,8400,8425,8400,2100
2021-11-11 09:27:00,8425,8425,8425,8425,1200
2021-11-11 09:28:00,8425,8425,8425,8425,400
2021-11-11 09:29:00,8425,8425,8425,8425,24400
2021-11-11 09:30:00,8425,8425,8425,8425,6700
2021-11-11 09:31:00,8425,8400,8425,8400,1000
2021-11-11 09:32:00,8425,8400,8425,8425,2300
2021-11-11 09:33:00,8425,8425,8425,8425,800
2021-11-11 09:34:00,8425,8425,8425,8425,9800
2021-11-11 09:35:00,8425,8425,8425,8425,2800
2021-11-11 09:36:00,8425,8425,8425,8425,0
2021-11-11 09:37:00,8425,8425,8450,8450,2400
2021-11-11 09:38:00,8450,8450,8450,8450,1100
2021-11-11 09:39:00,8450,8450,8450,8450,1900
2021-11-11 09:40:00,8450,8450,8450,8450,0
2021-11-11 09:41:00,8450,8450,8450,8450,1200
2021-11-11 09:42:00,8450,8450,8450,8450,300
2021-11-11 09:43:00,8450,8450,8450,8450,0
2021-11-11 09:44:00,8450,8450,8450,8450,4800
2021-11-11 09:45:00,8450,8450,8450,8450,100
2021-11-11 09:46:00,8425,8425,8450,8450,3800
2021-11-11 09:47:00,8450,8450,8450,8450,5000
2021-11-11 09:48:00,8425,8425,8425,8425,15200
2021-11-11 09:49:00,8425,8425,8425,8425,700
2021-11-11 09:50:00,8425,8425,8425,8425,0
2021-11-11 09:51:00,8425,8425,8425,8425,200
2021-11-11 09:52:00,8425,8425,8425,8425,300
2021-11-11 09:53:00,8425,8425,8425,8425,1000
2021-11-11 09:54:00,8425,8425,8425,8425,0
2021-11-11 09:55:00,8425,8425,8425,8425,0
2021-11-11 09:56:00,8425,8425,8425,8425,0
2021-11-11 09:57:00,8425,8425,8450,8425,5500
2021-11-11 09:58:00,8425,8425,8425,8425,1500
2021-11-11 09:59:00,8425,8425,8450,8450,8200
2021-11-11 10:00:00,8450,8450,8450,8450,100
2021-11-11 10:01:00,8450,8425,8450,8425,2800
2021-11-11 10:02:00,8450,8425,8450,8425,1100
2021-11-11 10:03:00,8425,8425,8450,8450,1500
2021-11-11 10:04:00,8450,8425,8450,8425,1200
2021-11-11 10:05:00,8425,8425,8425,8425,700
2021-11-11 10:06:00,8425,8425,8425,8425,0
2021-11-11 10:07:00,8425,8425,8425,8425,700
2021-11-11 10:08:00,8425,8425,8450,8425,6300
2021-11-11 10:09:00,8425,8425,8425,8425,10500
2021-11-11 10:10:00,8400,8400,8400,8400,11400
2021-11-11 10:11:00,8400,8400,8400,8400,10800
2021-11-11 10:12:00,8400,8400,8400,8400,50100
2021-11-11 10:13:00,8400,8400,8400,8400,1000
2021-11-11 10:14:00,8425,8400,8425,8400,400
2021-11-11 10:15:00,8400,8400,8400,8400,2500
2021-11-11 10:16:00,8400,8400,8425,8425,1800
2021-11-11 10:17:00,8400,8400,8400,8400,7700
2021-11-11 10:18:00,8400,8400,8400,8400,300
2021-11-11 10:19:00,8400,8400,8400,8400,100
2021-11-11 10:20:00,8400,8400,8400,8400,19900
2021-11-11 10:21:00,8400,8400,8425,8400,900
2021-11-11 10:22:00,8400,8400,8400,8400,600
2021-11-11 10:23:00,8400,8400,8400,8400,1900
2021-11-11 10:24:00,8400,8400,8400,8400,5100
2021-11-11 10:25:00,8400,8400,8400,8400,0
2021-11-11 10:26:00,8400,8400,8400,8400,0
2021-11-11 10:27:00,8400,8400,8400,8400,6500
2021-11-11 10:28:00,8400,8400,8400,8400,16000
2021-11-11 10:29:00,8400,8400,8400,8400,4100
2021-11-11 10:30:00,8400,8400,8400,8400,200
2021-11-11 10:31:00,8375,8375,8375,8375,12100
2021-11-11 10:32:00,8375,8375,8375,8375,0
2021-11-11 10:33:00,8400,8400,8400,8400,200
2021-11-11 10:34:00,8400,8400,8400,8400,1100
2021-11-11 10:35:00,8400,8400,8400,8400,1200
2021-11-11 10:36:00,8375,8375,8375,8375,40400
2021-11-11 10:37:00,8375,8375,8375,8375,30000
2021-11-11 10:38:00,8400,8400,8400,8400,500
2021-11-11 10:39:00,8375,8375,8375,8375,5100
2021-11-11 10:40:00,8375,8375,8375,8375,1000
2021-11-11 10:41:00,8375,8375,8375,8375,3900
2021-11-11 10:42:00,8375,8375,8375,8375,5800
2021-11-11 10:43:00,8375,8375,8375,8375,0
2021-11-11 10:44:00,8350,8350,8375,8350,15700
2021-11-11 10:45:00,8350,8350,8350,8350,1600
2021-11-11 10:46:00,8350,8350,8375,8375,1800
2021-11-11 10:47:00,8350,8350,8375,8375,2000
2021-11-11 10:48:00,8350,8350,8375,8375,10600
2021-11-11 10:49:00,8375,8375,8375,8375,1500
2021-11-11 10:50:00,8375,8350,8375,8350,3000
2021-11-11 10:51:00,8375,8350,8375,8350,4000
2021-11-11 10:52:00,8350,8350,8350,8350,2000
2021-11-11 10:53:00,8350,8350,8350,8350,400
2021-11-11 10:54:00,8350,8350,8350,8350,12300
2021-11-11 10:55:00,8375,8375,8375,8375,1400
2021-11-11 10:56:00,8375,8375,8375,8375,700
2021-11-11 10:57:00,8375,8375,8375,8375,2500
2021-11-11 10:58:00,8375,8375,8375,8375,100
2021-11-11 10:59:00,8375,8375,8375,8375,400
2021-11-11 11:00:00,8375,8375,8375,8375,5300
2021-11-11 11:01:00,8375,8375,8375,8375,100
2021-11-11 11:02:00,8350,8350,8375,8375,9400
2021-11-11 11:03:00,8375,8375,8375,8375,100
2021-11-11 11:04:00,8350,8350,8375,8375,1100
2021-11-11 11:05:00,8350,8350,8375,8350,7000
2021-11-11 11:06:00,8350,8350,8350,8350,1900
2021-11-11 11:07:00,8350,8350,8350,8350,0
2021-11-11 11:08:00,8350,8350,8375,8375,5900
2021-11-11 11:09:00,8350,8350,8350,8350,37000
2021-11-11 11:10:00,8375,8350,8375,8350,2700
2021-11-11 11:11:00,8375,8350,8375,8350,0
2021-11-11 11:12:00,8350,8350,8375,8375,700
2021-11-11 11:13:00,8375,8375,8375,8375,1400
2021-11-11 11:14:00,8375,8375,8375,8375,200
2021-11-11 11:15:00,8375,8375,8375,8375,0
2021-11-11 11:16:00,8350,8350,8350,8350,106600
2021-11-11 11:17:00,8325,8325,8350,8325,8400
2021-11-11 11:18:00,8325,8325,8325,8325,800
2021-11-11 11:19:00,8350,8325,8350,8350,4900
2021-11-11 11:20:00,8325,8325,8350,8350,1800
2021-11-11 11:21:00,8350,8350,8350,8350,3300
2021-11-11 11:22:00,8350,8350,8350,8350,600
2021-11-11 11:23:00,8350,8350,8350,8350,1500
2021-11-11 11:24:00,8350,8350,8350,8350,300
2021-11-11 11:25:00,8350,8350,8350,8350,1400
2021-11-11 11:26:00,8350,8350,8350,8350,100
2021-11-11 11:27:00,8350,8350,8350,8350,3000
2021-11-11 11:28:00,8350,8325,8350,8325,14500
2021-11-11 11:29:00,8350,8325,8350,8325,2800
2021-11-11 11:30:00,8350,8325,8350,8325,0
2021-11-11 11:31:00,8350,8325,8350,8325,0
2021-11-11 11:32:00,8350,8325,8350,8325,0
2021-11-11 11:33:00,8350,8325,8350,8325,0
2021-11-11 11:34:00,8350,8325,8350,8325,0
2021-11-11 11:35:00,8350,8325,8350,8325,0
2021-11-11 11:36:00,8350,8325,8350,8325,0
2021-11-11 11:37:00,8350,8325,8350,8325,0
2021-11-11 11:38:00,8350,8325,8350,8325,0
2021-11-11 11:39:00,8350,8325,8350,8325,0
2021-11-11 11:40:00,8350,8325,8350,8325,0
2021-11-11 11:41:00,8350,8325,8350,8325,0
2021-11-11 11:42:00,8350,8325,8350,8325,0
2021-11-11 11:43:00,8350,8325,8350,8325,0
2021-11-11 11:44:00,8350,8325,8350,8325,0
2021-11-11 11:45:00,8350,8325,8350,8325,0
2021-11-11 11:46:00,8350,8325,8350,8325,0
2021-11-11 11:47:00,8350,8325,8350,8325,0
2021-11-11 11:48:00,8350,8325,8350,8325,0
2021-11-11 11:49:00,8350,8325,8350,8325,0
2021-11-11 11:50:00,8350,8325,8350,8325,0
2021-11-11 11:51:00,8350,8325,8350,8325,0
2021-11-11 11:52:00,8350,8325,8350,8325,0
2021-11-11 11:53:00,8350,8325,8350,8325,0
2021-11-11 11:54:00,8350,8325,8350,8325,0
2021-11-11 11:55:00,8350,8325,8350,8325,0
2021-11-11 11:56:00,8350,8325,8350,8325,0
2021-11-11 11:57:00,8350,8325,8350,8325,0
2021-11-11 11:58:00,8350,8325,8350,8325,0
2021-11-11 11:59:00,8350,8325,8350,8325,0
2021-11-11 12:00:00,8350,8325,8350,8325,0
2021-11-11 12:01:00,8350,8325,8350,8325,0
2021-11-11 12:02:00,8350,8325,8350,8325,0
2021-11-11 12:03:00,8350,8325,8350,8325,0
2021-11-11 12:04:00,8350,8325,8350,8325,0
2021-11-11 12:05:00,8350,8325,8350,8325,0
2021-11-11 12:06:00,8350,8325,8350,8325,0
2021-11-11 12:07:00,8350,8325,8350,8325,0
2021-11-11 12:08:00,8350,8325,8350,8325,0
2021-11-11 12:09:00,8350,8325,8350,8325,0
2021-11-11 12:10:00,8350,8325,8350,8325,0
2021-11-11 12:11:00,8350,8325,8350,8325,0
2021-11-11 12:12:00,8350,8325,8350,8325,0
2021-11-11 12:13:00,8350,8325,8350,8325,0
2021-11-11 12:14:00,8350,8325,8350,8325,0
2021-11-11 12:15:00,8350,8325,8350,8325,0
2021-11-11 12:16:00,8350,8325,8350,8325,0
2021-11-11 12:17:00,8350,8325,8350,8325,0
2021-11-11 12:18:00,8350,8325,8350,8325,0
2021-11-11 12:19:00,8350,8325,8350,8325,0
2021-11-11 12:20:00,8350,8325,8350,8325,0
2021-11-11 12:21:00,8350,8325,8350,8325,0
2021-11-11 12:22:00,8350,8325,8350,8325,0
2021-11-11 12:23:00,8350,8325,8350,8325,0
2021-11-11 12:24:00,8350,8325,8350,8325,0
2021-11-11 12:25:00,8350,8325,8350,8325,0
2021-11-11 12:26:00,8350,8325,8350,8325,0
2021-11-11 12:27:00,8350,8325,8350,8325,0
2021-11-11 12:28:00,8350,8325,8350,8325,0
2021-11-11 12:29:00,8350,8325,8350,8325,0
2021-11-11 12:30:00,8350,8325,8350,8325,0
2021-11-11 12:31:00,8350,8325,8350,8325,0
2021-11-11 12:32:00,8350,8325,8350,8325,0
2021-11-11 12:33:00,8350,8325,8350,8325,0
2021-11-11 12:34:00,8350,8325,8350,8325,0
2021-11-11 12:35:00,8350,8325,8350,8325,0
2021-11-11 12:36:00,8350,8325,8350,8325,0
2021-11-11 12:37:00,8350,8325,8350,8325,0
2021-11-11 12:38:00,8350,8325,8350,8325,0
2021-11-11 12:39:00,8350,8325,8350,8325,0
2021-11-11 12:40:00,8350,8325,8350,8325,0
2021-11-11 12:41:00,8350,8325,8350,8325,0
2021-11-11 12:42:00,8350,8325,8350,8325,0
2021-11-11 12:43:00,8350,8325,8350,8325,0
2021-11-11 12:44:00,8350,8325,8350,8325,0
2021-11-11 12:45:00,8350,8325,8350,8325,0
2021-11-11 12:46:00,8350,8325,8350,8325,0
2021-11-11 12:47:00,8350,8325,8350,8325,0
2021-11-11 12:48:00,8350,8325,8350,8325,0
2021-11-11 12:49:00,8350,8325,8350,8325,0
2021-11-11 12:50:00,8350,8325,8350,8325,0
2021-11-11 12:51:00,8350,8325,8350,8325,0
2021-11-11 12:52:00,8350,8325,8350,8325,0
2021-11-11 12:53:00,8350,8325,8350,8325,0
2021-11-11 12:54:00,8350,8325,8350,8325,0
2021-11-11 12:55:00,8350,8325,8350,8325,0
2021-11-11 12:56:00,8350,8325,8350,8325,0
2021-11-11 12:57:00,8350,8325,8350,8325,0
2021-11-11 12:58:00,8350,8325,8350,8325,0
2021-11-11 12:59:00,8350,8325,8350,8325,0
2021-11-11 13:00:00,8350,8325,8350,8325,0
2021-11-11 13:01:00,8350,8325,8350,8325,0
2021-11-11 13:02:00,8350,8325,8350,8325,0
2021-11-11 13:03:00,8350,8325,8350,8325,0
2021-11-11 13:04:00,8350,8325,8350,8325,0
2021-11-11 13:05:00,8350,8325,8350,8325,0
2021-11-11 13:06:00,8350,8325,8350,8325,0
2021-11-11 13:07:00,8350,8325,8350,8325,0
2021-11-11 13:08:00,8350,8325,8350,8325,0
2021-11-11 13:09:00,8350,8325,8350,8325,0
2021-11-11 13:10:00,8350,8325,8350,8325,0
2021-11-11 13:11:00,8350,8325,8350,8325,0
2021-11-11 13:12:00,8350,8325,8350,8325,0
2021-11-11 13:13:00,8350,8325,8350,8325,0
2021-11-11 13:14:00,8350,8325,8350,8325,0
2021-11-11 13:15:00,8350,8325,8350,8325,0
2021-11-11 13:16:00,8350,8325,8350,8325,0
2021-11-11 13:17:00,8350,8325,8350,8325,0
2021-11-11 13:18:00,8350,8325,8350,8325,0
2021-11-11 13:19:00,8350,8325,8350,8325,0
2021-11-11 13:20:00,8350,8325,8350,8325,0
2021-11-11 13:21:00,8350,8325,8350,8325,0
2021-11-11 13:22:00,8350,8325,8350,8325,0
2021-11-11 13:23:00,8350,8325,8350,8325,0
2021-11-11 13:24:00,8350,8325,8350,8325,0
2021-11-11 13:25:00,8350,8325,8350,8325,0
2021-11-11 13:26:00,8350,8325,8350,8325,0
2021-11-11 13:27:00,8350,8325,8350,8325,0
2021-11-11 13:28:00,8350,8325,8350,8325,0
2021-11-11 13:29:00,8350,8325,8350,8325,0
2021-11-11 13:30:00,8325,8325,8350,8350,93300
2021-11-11 13:31:00,8350,8350,8350,8350,5700
2021-11-11 13:32:00,8350,8325,8350,8350,5200
2021-11-11 13:33:00,8350,8350,8350,8350,900
2021-11-11 13:34:00,8350,8350,8350,8350,2200
2021-11-11 13:35:00,8325,8325,8350,8350,2300
2021-11-11 13:36:00,8350,8325,8350,8325,38000
2021-11-11 13:37:00,8325,8325,8325,8325,600
2021-11-11 13:38:00,8350,8325,8350,8325,400
2021-11-11 13:39:00,8350,8350,8350,8350,100
2021-11-11 13:40:00,8350,8350,8350,8350,300
2021-11-11 13:41:00,8350,8350,8350,8350,2300
2021-11-11 13:42:00,8350,8350,8350,8350,14200
2021-11-11 13:43:00,8350,8350,8375,8375,3300
2021-11-11 13:44:00,8375,8375,8375,8375,400
2021-11-11 13:45:00,8375,8375,8375,8375,0
2021-11-11 13:46:00,8375,8375,8375,8375,100
2021-11-11 13:47:00,8375,8375,8375,8375,300
2021-11-11 13:48:00,8375,8350,8375,8350,5600
2021-11-11 13:49:00,8350,8350,8350,8350,1000
2021-11-11 13:50:00,8350,8350,8375,8350,30600
2021-11-11 13:51:00,8350,8325,8350,8350,70100
2021-11-11 13:52:00,8350,8350,8350,8350,300
2021-11-11 13:53:00,8350,8350,8350,8350,1400
2021-11-11 13:54:00,8350,8350,8350,8350,1800
2021-11-11 13:55:00,8350,8350,8350,8350,11300
2021-11-11 13:56:00,8350,8350,8350,8350,100
2021-11-11 13:57:00,8350,8350,8350,8350,2300
2021-11-11 13:58:00,8350,8350,8350,8350,1100
2021-11-11 13:59:00,8350,8325,8350,8325,1100
2021-11-11 14:00:00,8350,8325,8350,8325,0
2021-11-11 14:01:00,8325,8325,8350,8350,41200
2021-11-11 14:02:00,8325,8325,8350,8325,10400
2021-11-11 14:03:00,8325,8325,8350,8350,10200
2021-11-11 14:04:00,8325,8325,8350,8350,8000
2021-11-11 14:05:00,8350,8350,8350,8350,2000
2021-11-11 14:06:00,8325,8325,8325,8325,14100
2021-11-11 14:07:00,8350,8325,8350,8325,22000
2021-11-11 14:08:00,8325,8325,8350,8350,1200
2021-11-11 14:09:00,8325,8325,8350,8350,0
2021-11-11 14:10:00,8350,8350,8350,8350,2700
2021-11-11 14:11:00,8350,8325,8350,8325,17900
2021-11-11 14:12:00,8325,8300,8325,8300,111400
2021-11-11 14:13:00,8325,8300,8350,8300,7100
2021-11-11 14:14:00,8300,8300,8300,8300,2800
2021-11-11 14:15:00,8300,8300,8300,8300,1400
2021-11-11 14:16:00,8300,8300,8325,8325,12200
2021-11-11 14:17:00,8300,8300,8325,8325,14500
2021-11-11 14:18:00,8325,8325,8325,8325,34100
2021-11-11 14:19:00,8325,8325,8325,8325,100
2021-11-11 14:20:00,8350,8325,8350,8350,7700
2021-11-11 14:21:00,8350,8350,8350,8350,200
2021-11-11 14:22:00,8325,8325,8350,8350,200
2021-11-11 14:23:00,8350,8325,8350,8325,20400
2021-11-11 14:24:00,8350,8350,8350,8350,10500
2021-11-11 14:25:00,8350,8350,8350,8350,2600
2021-11-11 14:26:00,8325,8325,8325,8325,9500
2021-11-11 14:27:00,8325,8325,8325,8325,1000
2021-11-11 14:28:00,8325,8325,8350,8350,1500
2021-11-11 14:29:00,8350,8350,8350,8350,72000
2021-11-11 14:30:00,8350,8350,8350,8350,5500
2021-11-11 14:31:00,8350,8350,8350,8350,0
2021-11-11 14:32:00,8350,8350,8350,8350,800
2021-11-11 14:33:00,8350,8350,8350,8350,1000
2021-11-11 14:34:00,8350,8350,8350,8350,1100
2021-11-11 14:35:00,8350,8350,8350,8350,0
2021-11-11 14:36:00,8375,8375,8375,8375,500
2021-11-11 14:37:00,8375,8375,8375,8375,25600
2021-11-11 14:38:00,8375,8375,8400,8400,40100
2021-11-11 14:39:00,8400,8400,8400,8400,1000
2021-11-11 14:40:00,8375,8375,8375,8375,11100
2021-11-11 14:41:00,8375,8375,8375,8375,2600
2021-11-11 14:42:00,8375,8375,8375,8375,2500
2021-11-11 14:43:00,8375,8350,8375,8350,2500
2021-11-11 14:44:00,8350,8350,8375,8375,31500
2021-11-11 14:45:00,8350,8350,8375,8375,1800
2021-11-11 14:46:00,8350,8350,8350,8350,500
2021-11-11 14:47:00,8350,8350,8350,8350,300
2021-11-11 14:48:00,8375,8375,8375,8375,100
2021-11-11 14:49:00,8375,8350,8375,8375,7100
2021-11-11 14:50:00,8375,8350,8375,8375,0
2021-11-11 14:51:00,8375,8350,8375,8375,0
2021-11-11 14:52:00,8375,8350,8375,8375,0
2021-11-11 14:53:00,8375,8350,8375,8375,0
2021-11-11 14:54:00,8375,8350,8375,8375,0
2021-11-11 14:55:00,8375,8350,8375,8375,0
2021-11-11 14:56:00,8375,8350,8375,8375,0
2021-11-11 14:57:00,8375,8350,8375,8375,0
2021-11-11 14:58:00,8375,8350,8375,8375,0
2021-11-11 14:59:00,8375,8350,8375,8375,0
2021-11-11 15:00:00,8375,8375,8375,8375,120000
2021-11-11 15:01:00,8375,8375,8375,8375,0
2021-11-11 15:02:00,8375,8375,8375,8375,0
2021-11-11 15:03:00,8375,8375,8375,8375,0
2021-11-11 15:04:00,8375,8375,8375,8375,0
2021-11-11 15:05:00,8375,8375,8375,8375,7900
2021-11-11 15:06:00,8375,8375,8375,8375,1000
2021-11-11 15:07:00,8375,8375,8375,8375,500
2021-11-11 15:08:00,8375,8375,8375,8375,300
2021-11-11 15:09:00,8375,8375,8375,8375,1800
2021-11-11 15:10:00,8375,8375,8375,8375,5700
2021-11-11 15:11:00,8375,8375,8375,8375,4000
2021-11-11 15:12:00,8375,8375,8375,8375,100
2021-11-11 15:13:00,8375,8375,8375,8375,0
2021-11-11 15:14:00,8375,8375,8375,8375,400
2021-11-11 15:15:00,8375,8375,8375,8375,0
2021-11-11 15:16:00,8375,8375,8375,8375,0
2021-11-11 15:17:00,8375,8375,8375,8375,0
2021-11-11 15:18:00,8375,8375,8375,8375,0
2021-11-11 15:19:00,8375,8375,8375,8375,0
2021-11-11 15:20:00,8375,8375,8375,8375,0
2021-11-11 15:21:00,8375,8375,8375,8375,0
2021-11-11 15:22:00,8375,8375,8375,8375,0
2021-11-11 15:23:00,8375,8375,8375,8375,0
2021-11-11 15:24:00,8375,8375,8375,8375,0
2021-11-11 15:25:00,8375,8375,8375,8375,0
2021-11-11 15:26:00,8375,8375,8375,8375,0
2021-11-11 15:27:00,8375,8375,8375,8375,0
2021-11-11 15:28:00,8375,8375,8375,8375,0
2021-11-11 15:29:00,8375,8375,8375,8375,0
2021-11-11 15:30:00,8375,8375,8375,8375,0
2021-11-11 15:31:00,8375,8375,8375,8375,0
2021-11-11 15:32:00,8375,8375,8375,8375,0
2021-11-11 15:33:00,8375,8375,8375,8375,0
2021-11-11 15:34:00,8375,8375,8375,8375,0
2021-11-11 15:35:00,8375,8375,8375,8375,0
2021-11-11 15:36:00,8375,8375,8375,8375,0
2021-11-11 15:37:00,8375,8375,8375,8375,0
2021-11-11 15:38:00,8375,8375,8375,8375,0
2021-11-11 15:39:00,8375,8375,8375,8375,0
2021-11-11 15:40:00,8375,8375,8375,8375,0
2021-11-11 15:41:00,8375,8375,8375,8375,0
2021-11-11 15:42:00,8375,8375,8375,8375,0
2021-11-11 15:43:00,8375,8375,8375,8375,0
2021-11-11 15:44:00,8375,8375,8375,8375,0
2021-11-11 15:45:00,8375,8375,8375,8375,0
2021-11-11 15:46:00,8375,8375,8375,8375,0
2021-11-11 15:47:00,8375,8375,8375,8375,0
2021-11-11 15:48:00,8375,8375,8375,8375,0
2021-11-11 15:49:00,8375,8375,8375,8375,0
2021-11-11 15:50:00,8375,8375,8375,8375,0
2021-11-11 15:51:00,8375,8375,8375,8375,0
2021-11-11 15:52:00,8375,8375,8375,8375,0
2021-11-11 15:53:00,8375,8375,8375,8375,0
2021-11-11 15:54:00,8375,8375,8375,8375,0
2021-11-11 15:55:00,8375,8375,8375,8375,0
2021-11-11 15:56:00,8375,8375,8375,8375,0
2021-11-11 15:57:00,8375,8375,8375,8375,0
2021-11-11 15:58:00,8375,8375,8375,8375,0
2021-11-11 15:59:00,8375,8375,8375,8375,0
2021-11-12 09:00:00,8450,8425,8450,8450,11800
2021-11-12 09:01:00,8425,8425,8425,8425,100
2021-11-12 09:02:00,8425,8425,8425,8425,4300
2021-11-12 09:03:00,8450,8425,8450,8425,10600
2021-11-12 09:04:00,8425,8425,8425,8425,1600
2021-11-12 09:05:00,8425,8425,8450,8425,3700
2021-11-12 09:06:00,8425,8400,8425,8400,9700
2021-11-12 09:07:00,8400,8400,8400,8400,17400
2021-11-12 09:08:00,8400,8375,8400,8375,1200
2021-11-12 09:09:00,8400,8400,8400,8400,3700
2021-11-12 09:10:00,8400,8400,8400,8400,16900
2021-11-12 09:11:00,8400,8400,8400,8400,500
2021-11-12 09:12:00,8400,8400,8400,8400,12700
2021-11-12 09:13:00,8400,8400,8400,8400,200
2021-11-12 09:14:00,8400,8400,8400,8400,500
2021-11-12 09:15:00,8400,8375,8400,8375,400
2021-11-12 09:16:00,8375,8375,8375,8375,1300
2021-11-12 09:17:00,8375,8375,8375,8375,36900
2021-11-12 09:18:00,8350,8350,8350,8350,3000
2021-11-12 09:19:00,8350,8350,8350,8350,15500
2021-11-12 09:20:00,8375,8350,8375,8350,5600
2021-11-12 09:21:00,8350,8350,8350,8350,4600
2021-11-12 09:22:00,8350,8350,8375,8375,4100
2021-11-12 09:23:00,8375,8375,8375,8375,300
2021-11-12 09:24:00,8375,8375,8375,8375,200
2021-11-12 09:25:00,8375,8375,8375,8375,7400
2021-11-12 09:26:00,8350,8350,8350,8350,1100
2021-11-12 09:27:00,8350,8350,8350,8350,6400
2021-11-12 09:28:00,8350,8350,8350,8350,1200
2021-11-12 09:29:00,8350,8350,8350,8350,20000
2021-11-12 09:30:00,8350,8350,8350,8350,5700
2021-11-12 09:31:00,8350,8350,8350,8350,2300
2021-11-12 09:32:00,8350,8350,8350,8350,13000
2021-11-12 09:33:00,8325,8325,8350,8325,4300
2021-11-12 09:34:00,8325,8325,8325,8325,21500
2021-11-12 09:35:00,8325,8325,8325,8325,32200
2021-11-12 09:36:00,8325,8300,8325,8300,5300
2021-11-12 09:37:00,8325,8325,8325,8325,14300
2021-11-12 09:38:00,8325,8325,8325,8325,4600
2021-11-12 09:39:00,8325,8325,8325,8325,2300
2021-11-12 09:40:00,8325,8325,8325,8325,6100
2021-11-12 09:41:00,8325,8325,8325,8325,2400
2021-11-12 09:42:00,8325,8325,8325,8325,4300
2021-11-12 09:43:00,8325,8325,8325,8325,2200
2021-11-12 09:44:00,8325,8325,8350,8350,800
2021-11-12 09:45:00,8325,8325,8325,8325,1300
2021-11-12 09:46:00,8350,8325,8350,8325,3100
2021-11-12 09:47:00,8325,8325,8325,8325,2000
2021-11-12 09:48:00,8350,8350,8350,8350,100
2021-11-12 09:49:00,8325,8325,8325,8325,2700
2021-11-12 09:50:00,8325,8325,8325,8325,6100
2021-11-12 09:51:00,8325,8325,8325,8325,100
2021-11-12 09:52:00,8325,8325,8325,8325,0
2021-11-12 09:53:00,8350,8350,8350,8350,100
2021-11-12 09:54:00,8350,8350,8350,8350,1200
2021-11-12 09:55:00,8350,8350,8350,8350,3000
2021-11-12 09:56:00,8325,8325,8325,8325,8300
2021-11-12 09:57:00,8350,8350,8350,8350,300
2021-11-12 09:58:00,8350,8350,8350,8350,0
2021-11-12 09:59:00,8350,8350,8350,8350,5000
2021-11-12 10:00:00,8350,8350,8350,8350,700
2021-11-12 10:01:00,8325,8325,8325,8325,300
2021-11-12 10:02:00,8325,8325,8325,8325,10000
2021-11-12 10:03:00,8350,8350,8350,8350,200
2021-11-12 10:04:00,8350,8350,8350,8350,0
2021-11-12 10:05:00,8350,8325,8350,8325,10500
2021-11-12 10:06:00,8325,8325,8325,8325,800
2021-11-12 10:07:00,8325,8325,8325,8325,0
2021-11-12 10:08:00,8325,8325,8325,8325,200
2021-11-12 10:09:00,8325,8325,8325,8325,3200
2021-11-12 10:10:00,8325,8325,8325,8325,10500
2021-11-12 10:11:00,8325,8325,8325,8325,500
2021-11-12 10:12:00,8325,8325,8325,8325,1900
2021-11-12 10:13:00,8325,8325,8325,8325,0
2021-11-12 10:14:00,8325,8300,8325,8300,188800
2021-11-12 10:15:00,8300,8300,8300,8300,500
2021-11-12 10:16:00,8300,8300,8300,8300,100
2021-11-12 10:17:00,8325,8325,8325,8325,5000
2021-11-12 10:18:00,8325,8325,8325,8325,3600
2021-11-12 10:19:00,8325,8325,8325,8325,0
2021-11-12 10:20:00,8325,8325,8325,8325,0
2021-11-12 10:21:00,8325,8325,8325,8325,500
2021-11-12 10:22:00,8325,8325,8325,8325,18200
2021-11-12 10:23:00,8325,8325,8325,8325,2700
2021-11-12 10:24:00,8325,8325,8325,8325,1300
2021-11-12 10:25:00,8325,8325,8325,8325,1800
2021-11-12 10:26:00,8300,8300,8325,8325,200
2021-11-12 10:27:00,8325,8300,8325,8300,900
2021-11-12 10:28:00,8300,8300,8325,8325,11200
2021-11-12 10:29:00,8325,8325,8325,8325,1500
2021-11-12 10:30:00,8325,8300,8325,8300,2900
2021-11-12 10:31:00,8325,8325,8325,8325,1400
2021-11-12 10:32:00,8300,8300,8325,8325,300
2021-11-12 10:33:00,8325,8325,8325,8325,700
2021-11-12 10:34:00,8325,8325,8325,8325,10500
2021-11-12 10:35:00,8325,8325,8325,8325,5000
2021-11-12 10:36:00,8325,8300,8325,8300,3700
2021-11-12 10:37:00,8325,8325,8325,8325,200
2021-11-12 10:38:00,8300,8300,8325,8325,1100
2021-11-12 10:39:00,8325,8325,8325,8325,300
2021-11-12 10:40:00,8325,8325,8325,8325,0
2021-11-12 10:41:00,8325,8300,8325,8300,6100
2021-11-12 10:42:00,8325,8325,8325,8325,100
2021-11-12 10:43:00,8325,8325,8325,8325,5800
2021-11-12 10:44:00,8325,8325,8325,8325,300
2021-11-12 10:45:00,8325,8325,8325,8325,1000
2021-11-12 10:46:00,8300,8300,8325,8325,1000
2021-11-12 10:47:00,8300,8300,8300,8300,100
2021-11-12 10:48:00,8300,8300,8300,8300,0
2021-11-12 10:49:00,8325,8325,8325,8325,500
2021-11-12 10:50:00,8325,8300,8325,8300,300
2021-11-12 10:51:00,8325,8300,8325,8300,0
2021-11-12 10:52:00,8300,8300,8325,8300,1800
2021-11-12 10:53:00,8300,8300,8300,8300,5700
2021-11-12 10:54:00,8325,8300,8325,8325,2100
2021-11-12 10:55:00,8325,8300,8325,8325,0
2021-11-12 10:56:00,8325,8300,8325,8325,0
2021-11-12 10:57:00,8325,8300,8325,8325,0
2021-11-12 10:58:00,8300,8300,8325,8325,1100
2021-11-12 10:59:00,8300,8300,8300,8300,4000
2021-11-12 11:00:00,8300,8300,8300,8300,800
2021-11-12 11:01:00,8300,8300,8300,8300,2200
2021-11-12 11:02:00,8300,8300,8300,8300,3000
2021-11-12 11:03:00,8300,8300,8300,8300,1600
2021-11-12 11:04:00,8300,8300,8300,8300,100
2021-11-12 11:05:00,8300,8300,8325,8325,900
2021-11-12 11:06:00,8325,8325,8325,8325,1800
2021-11-12 11:07:00,8325,8325,8325,8325,200
2021-11-12 11:08:00,8325,8325,8325,8325,1000
2021-11-12 11:09:00,8300,8300,8300,8300,10700
2021-11-12 11:10:00,8325,8300,8325,8300,8100
2021-11-12 11:11:00,8325,8300,8325,8300,0
2021-11-12 11:12:00,8325,8300,8325,8300,5100
2021-11-12 11:13:00,8300,8300,8325,8325,8000
2021-11-12 11:14:00,8300,8300,8325,8325,0
2021-11-12 11:15:00,8325,8300,8325,8300,8100
2021-11-12 11:16:00,8325,8300,8325,8300,21800
2021-11-12 11:17:00,8300,8300,8300,8300,21500
2021-11-12 11:18:00,8300,8300,8300,8300,2000
2021-11-12 11:19:00,8300,8300,8300,8300,61200
2021-11-12 11:20:00,8300,8300,8300,8300,9600
2021-11-12 11:21:00,8300,8300,8300,8300,3400
2021-11-12 11:22:00,8300,8300,8325,8325,13100
2021-11-12 11:23:00,8300,8300,8300,8300,13000
2021-11-12 11:24:00,8300,8300,8300,8300,21000
2021-11-12 11:25:00,8300,8300,8300,8300,4600
2021-11-12 11:26:00,8300,8300,8300,8300,100
2021-11-12 11:27:00,8300,8300,8300,8300,100
2021-11-12 11:28:00,8300,8300,8300,8300,1700
2021-11-12 11:29:00,8300,8275,8300,8275,8700
2021-11-12 11:30:00,8300,8275,8300,8275,0
2021-11-12 11:31:00,8300,8275,8300,8275,0
2021-11-12 11:32:00,8300,8275,8300,8275,0
2021-11-12 11:33:00,8300,8275,8300,8275,0
2021-11-12 11:34:00,8300,8275,8300,8275,0
2021-11-12 11:35:00,8300,8275,8300,8275,0
2021-11-12 11:36:00,8300,8275,8300,8275,0
2021-11-12 11:37:00,8300,8275,8300,8275,0
2021-11-12 11:38:00,8300,8275,8300,8275,0
2021-11-12 11:39:00,8300,8275,8300,8275,0
2021-11-12 11:40:00,8300,8275,8300,8275,0
2021-11-12 11:41:00,8300,8275,8300,8275,0
2021-11-12 11:42:00,8300,8275,8300,8275,0
2021-11-12 11:43:00,8300,8275,8300,8275,0
2021-11-12 11:44:00,8300,8275,8300,8275,0
2021-11-12 11:45:00,8300,8275,8300,8275,0
2021-11-12 11:46:00,8300,8275,8300,8275,0
2021-11-12 11:47:00,8300,8275,8300,8275,0
2021-11-12 11:48:00,8300,8275,8300,8275,0
2021-11-12 11:49:00,8300,8275,8300,8275,0
2021-11-12 11:50:00,8300,8275,8300,8275,0
2021-11-12 11:51:00,8300,8275,8300,8275,0
2021-11-12 11:52:00,8300,8275,8300,8275,0
2021-11-12 11:53:00,8300,8275,8300,8275,0
2021-11-12 11:54:00,8300,8275,8300,8275,0
2021-11-12 11:55:00,8300,8275,8300,8275,0
2021-11-12 11:56:00,8300,8275,8300,8275,0
2021-11-12 11:57:00,8300,8275,8300,8275,0
2021-11-12 11:58:00,8300,8275,8300,8275,0
2021-11-12 11:59:00,8300,8275,8300,8275,0
2021-11-12 12:00:00,8300,8275,8300,8275,0
2021-11-12 12:01:00,8300,8275,8300,8275,0
2021-11-12 12:02:00,8300,8275,8300,8275,0
2021-11-12 12:03:00,8300,8275,8300,8275,0
2021-11-12 12:04:00,8300,8275,8300,8275,0
2021-11-12 12:05:00,8300,8275,8300,8275,0
2021-11-12 12:06:00,8300,8275,8300,8275,0
2021-11-12 12:07:00,8300,8275,8300,8275,0
2021-11-12 12:08:00,8300,8275,8300,8275,0
2021-11-12 12:09:00,8300,8275,8300,8275,0
2021-11-12 12:10:00,8300,8275,8300,8275,0
2021-11-12 12:11:00,8300,8275,8300,8275,0
2021-11-12 12:12:00,8300,8275,8300,8275,0
2021-11-12 12:13:00,8300,8275,8300,8275,0
2021-11-12 12:14:00,8300,8275,8300,8275,0
2021-11-12 12:15:00,8300,8275,8300,8275,0
2021-11-12 12:16:00,8300,8275,8300,8275,0
2021-11-12 12:17:00,8300,8275,8300,8275,0
2021-11-12 12:18:00,8300,8275,8300,8275,0
2021-11-12 12:19:00,8300,8275,8300,8275,0
2021-11-12 12:20:00,8300,8275,8300,8275,0
2021-11-12 12:21:00,8300,8275,8300,8275,0
2021-11-12 12:22:00,8300,8275,8300,8275,0
2021-11-12 12:23:00,8300,8275,8300,8275,0
2021-11-12 12:24:00,8300,8275,8300,8275,0
2021-11-12 12:25:00,8300,8275,8300,8275,0
2021-11-12 12:26:00,8300,8275,8300,8275,0
2021-11-12 12:27:00,8300,8275,8300,8275,0
2021-11-12 12:28:00,8300,8275,8300,8275,0
2021-11-12 12:29:00,8300,8275,8300,8275,0
2021-11-12 12:30:00,8300,8275,8300,8275,0
2021-11-12 12:31:00,8300,8275,8300,8275,0
2021-11-12 12:32:00,8300,8275,8300,8275,0
2021-11-12 12:33:00,8300,8275,8300,8275,0
2021-11-12 12:34:00,8300,8275,8300,8275,0
2021-11-12 12:35:00,8300,8275,8300,8275,0
2021-11-12 12:36:00,8300,8275,8300,8275,0
2021-11-12 12:37:00,8300,8275,8300,8275,0
2021-11-12 12:38:00,8300,8275,8300,8275,0
2021-11-12 12:39:00,8300,8275,8300,8275,0
2021-11-12 12:40:00,8300,8275,8300,8275,0
2021-11-12 12:41:00,8300,8275,8300,8275,0
2021-11-12 12:42:00,8300,8275,8300,8275,0
2021-11-12 12:43:00,8300,8275,8300,8275,0
2021-11-12 12:44:00,8300,8275,8300,8275,0
2021-11-12 12:45:00,8300,8275,8300,8275,0
2021-11-12 12:46:00,8300,8275,8300,8275,0
2021-11-12 12:47:00,8300,8275,8300,8275,0
2021-11-12 12:48:00,8300,8275,8300,8275,0
2021-11-12 12:49:00,8300,8275,8300,8275,0
2021-11-12 12:50:00,8300,8275,8300,8275,0
2021-11-12 12:51:00,8300,8275,8300,8275,0
2021-11-12 12:52:00,8300,8275,8300,8275,0
2021-11-12 12:53:00,8300,8275,8300,8275,0
2021-11-12 12:54:00,8300,8275,8300,8275,0
2021-11-12 12:55:00,8300,8275,8300,8275,0
2021-11-12 12:56:00,8300,8275,8300,8275,0
2021-11-12 12:57:00,8300,8275,8300,8275,0
2021-11-12 12:58:00,8300,8275,8300,8275,0
2021-11-12 12:59:00,8300,8275,8300,8275,0
2021-11-12 13:00:00,8300,8275,8300,8275,0
2021-11-12 13:01:00,8300,8275,8300,8275,0
2021-11-12 13:02:00,8300,8275,8300,8275,0
2021-11-12 13:03:00,8300,8275,8300,8275,0
2021-11-12 13:04:00,8300,8275,8300,8275,0
2021-11-12 13:05:00,8300,8275,8300,8275,0
2021-11-12 13:06:00,8300,8275,8300,8275,0
2021-11-12 13:07:00,8300,8275,8300,8275,0
2021-11-12 13:08:00,8300,8275,8300,8275,0
2021-11-12 13:09:00,8300,8275,8300,8275,0
2021-11-12 13:10:00,8300,8275,8300,8275,0
2021-11-12 13:11:00,8300,8275,8300,8275,0
2021-11-12 13:12:00,8300,8275,8300,8275,0
2021-11-12 13:13:00,8300,8275,8300,8275,0
2021-11-12 13:14:00,8300,8275,8300,8275,0
2021-11-12 13:15:00,8300,8275,8300,8275,0
2021-11-12 13:16:00,8300,8275,8300,8275,0
2021-11-12 13:17:00,8300,8275,8300,8275,0
2021-11-12 13:18:00,8300,8275,8300,8275,0
2021-11-12 13:19:00,8300,8275,8300,8275,0
2021-11-12 13:20:00,8300,8275,8300,8275,0
2021-11-12 13:21:00,8300,8275,8300,8275,0
2021-11-12 13:22:00,8300,8275,8300,8275,0
2021-11-12 13:23:00,8300,8275,8300,8275,0
2021-11-12 13:24:00,8300,8275,8300,8275,0
2021-11-12 13:25:00,8300,8275,8300,8275,0
2021-11-12 13:26:00,8300,8275,8300,8275,0
2021-11-12 13:27:00,8300,8275,8300,8275,0
2021-11-12 13:28:00,8300,8275,8300,8275,0
2021-11-12 13:29:00,8300,8275,8300,8275,0
2021-11-12 13:30:00,8300,8275,8300,8300,46600
2021-11-12 13:31:00,8300,8300,8300,8300,400
2021-11-12 13:32:00,8300,8300,8300,8300,1800
2021-11-12 13:33:00,8275,8275,8300,8300,900
2021-11-12 13:34:00,8300,8275,8300,8300,1600
2021-11-12 13:35:00,8300,8300,8300,8300,18200
2021-11-12 13:36:00,8300,8300,8300,8300,1400
2021-11-12 13:37:00,8300,8300,8300,8300,800
2021-11-12 13:38:00,8300,8300,8300,8300,5200
2021-11-12 13:39:00,8300,8300,8300,8300,100
2021-11-12 13:40:00,8300,8300,8300,8300,4100
2021-11-12 13:41:00,8275,8275,8300,8300,5500
2021-11-12 13:42:00,8275,8275,8300,8300,700
2021-11-12 13:43:00,8275,8275,8300,8300,300
2021-11-12 13:44:00,8300,8300,8300,8300,26500
2021-11-12 13:45:00,8300,8300,8300,8300,1600
2021-11-12 13:46:00,8300,8300,8325,8325,5600
2021-11-12 13:47:00,8325,8325,8325,8325,200
2021-11-12 13:48:00,8325,8325,8325,8325,0
2021-11-12 13:49:00,8325,8325,8325,8325,0
2021-11-12 13:50:00,8300,8275,8300,8275,79500
2021-11-12 13:51:00,8275,8275,8300,8300,7200
2021-11-12 13:52:00,8300,8275,8300,8300,21700
2021-11-12 13:53:00,8300,8275,8300,8300,1600
2021-11-12 13:54:00,8275,8275,8300,8300,3100
2021-11-12 13:55:00,8300,8300,8300,8300,1000
2021-11-12 13:56:00,8275,8275,8300,8300,600
2021-11-12 13:57:00,8275,8275,8300,8300,8800
2021-11-12 13:58:00,8300,8275,8300,8275,500
2021-11-12 13:59:00,8300,8300,8300,8300,5300
2021-11-12 14:00:00,8300,8275,8300,8275,1000
2021-11-12 14:01:00,8275,8275,8275,8275,2400
2021-11-12 14:02:00,8275,8275,8300,8300,2800
2021-11-12 14:03:00,8300,8300,8300,8300,14900
2021-11-12 14:04:00,8300,8300,8300,8300,100
2021-11-12 14:05:00,8300,8300,8300,8300,1600
2021-11-12 14:06:00,8300,8300,8300,8300,7400
2021-11-12 14:07:00,8300,8300,8300,8300,10000
2021-11-12 14:08:00,8300,8275,8300,8275,3500
2021-11-12 14:09:00,8275,8275,8275,8275,200
2021-11-12 14:10:00,8275,8275,8275,8275,3700
2021-11-12 14:11:00,8300,8300,8300,8300,100
2021-11-12 14:12:00,8275,8275,8300,8300,1500
2021-11-12 14:13:00,8275,8275,8275,8275,5300
2021-11-12 14:14:00,8275,8275,8275,8275,2200
2021-11-12 14:15:00,8275,8275,8275,8275,100
2021-11-12 14:16:00,8275,8275,8275,8275,11900
2021-11-12 14:17:00,8300,8300,8300,8300,1500
2021-11-12 14:18:00,8300,8275,8300,8300,16700
2021-11-12 14:19:00,8275,8275,8275,8275,700
2021-11-12 14:20:00,8300,8300,8300,8300,600
2021-11-12 14:21:00,8300,8275,8300,8275,11200
2021-11-12 14:22:00,8275,8275,8300,8300,11500
2021-11-12 14:23:00,8300,8300,8300,8300,1700
2021-11-12 14:24:00,8300,8300,8300,8300,5500
2021-11-12 14:25:00,8275,8275,8275,8275,5400
2021-11-12 14:26:00,8300,8300,8300,8300,3000
2021-11-12 14:27:00,8300,8300,8300,8300,700
2021-11-12 14:28:00,8300,8300,8300,8300,0
2021-11-12 14:29:00,8275,8275,8300,8300,7200
2021-11-12 14:30:00,8300,8300,8300,8300,11900
2021-11-12 14:31:00,8300,8300,8300,8300,10600
2021-11-12 14:32:00,8275,8275,8300,8275,6500
2021-11-12 14:33:00,8275,8275,8275,8275,3000
2021-11-12 14:34:00,8300,8300,8300,8300,10500
2021-11-12 14:35:00,8300,8300,8300,8300,16200
2021-11-12 14:36:00,8300,8300,8300,8300,2100
2021-11-12 14:37:00,8300,8300,8300,8300,600
2021-11-12 14:38:00,8275,8250,8275,8275,330500
2021-11-12 14:39:00,8250,8250,8275,8275,4800
2021-11-12 14:40:00,8250,8250,8250,8250,2700
2021-11-12 14:41:00,8250,8250,8275,8250,5900
2021-11-12 14:42:00,8250,8250,8275,8275,13500
2021-11-12 14:43:00,8275,8250,8275,8250,1100
2021-11-12 14:44:00,8275,8250,8275,8250,4900
2021-11-12 14:45:00,8275,8250,8275,8250,12600
2021-11-12 14:46:00,8250,8250,8275,8275,64200
2021-11-12 14:47:00,8250,8250,8250,8250,33900
2021-11-12 14:48:00,8250,8250,8275,8250,86800
2021-11-12 14:49:00,8275,8250,8275,8250,93700
2021-11-12 14:50:00,8275,8250,8275,8250,0
2021-11-12 14:51:00,8275,8250,8275,8250,0
2021-11-12 14:52:00,8275,8250,8275,8250,0
2021-11-12 14:53:00,8275,8250,8275,8250,0
2021-11-12 14:54:00,8275,8250,8275,8250,0
2021-11-12 14:55:00,8275,8250,8275,8250,0
2021-11-12 14:56:00,8275,8250,8275,8250,0
2021-11-12 14:57:00,8275,8250,8275,8250,0
2021-11-12 14:58:00,8275,8250,8275,8250,0
2021-11-12 14:59:00,8275,8250,8275,8250,0
2021-11-12 15:00:00,8275,8275,8275,8275,89300
2021-11-12 15:01:00,8275,8275,8275,8275,0
2021-11-12 15:02:00,8275,8275,8275,8275,0
2021-11-12 15:03:00,8275,8275,8275,8275,0
2021-11-12 15:04:00,8275,8275,8275,8275,0
2021-11-12 15:05:00,8275,8275,8275,8275,24600
2021-11-12 15:06:00,8275,8275,8275,8275,0
2021-11-12 15:07:00,8275,8275,8275,8275,1300
2021-11-12 15:08:00,8275,8275,8275,8275,600
2021-11-12 15:09:00,8275,8275,8275,8275,300
2021-11-12 15:10:00,8275,8275,8275,8275,12500
2021-11-12 15:11:00,8275,8275,8275,8275,400
2021-11-12 15:12:00,8275,8275,8275,8275,0
2021-11-12 15:13:00,8275,8275,8275,8275,0
2021-11-12 15:14:00,8275,8275,8275,8275,24900
2021-11-12 15:15:00,8275,8275,8275,8275,0
2021-11-12 15:16:00,8275,8275,8275,8275,0
2021-11-12 15:17:00,8275,8275,8275,8275,0
2021-11-12 15:18:00,8275,8275,8275,8275,0
2021-11-12 15:19:00,8275,8275,8275,8275,0
2021-11-12 15:20:00,8275,8275,8275,8275,0
2021-11-12 15:21:00,8275,8275,8275,8275,0
2021-11-12 15:22:00,8275,8275,8275,8275,0
2021-11-12 15:23:00,8275,8275,8275,8275,0
2021-11-12 15:24:00,8275,8275,8275,8275,0
2021-11-12 15:25:00,8275,8275,8275,8275,0
2021-11-12 15:26:00,8275,8275,8275,8275,0
2021-11-12 15:27:00,8275,8275,8275,8275,0
2021-11-12 15:28:00,8275,8275,8275,8275,0
2021-11-12 15:29:00,8275,8275,8275,8275,0
2021-11-12 15:30:00,8275,8275,8275,8275,0
2021-11-12 15:31:00,8275,8275,8275,8275,0
2021-11-12 15:32:00,8275,8275,8275,8275,0
2021-11-12 15:33:00,8275,8275,8275,8275,0
2021-11-12 15:34:00,8275,8275,8275,8275,0
2021-11-12 15:35:00,8275,8275,8275,8275,0
2021-11-12 15:36:00,8275,8275,8275,8275,0
2021-11-12 15:37:00,8275,8275,8275,8275,0
2021-11-12 15:38:00,8275,8275,8275,8275,0
2021-11-12 15:39:00,8275,8275,8275,8275,0
2021-11-12 15:40:00,8275,8275,8275,8275,0
2021-11-12 15:41:00,8275,8275,8275,8275,0
2021-11-12 15:42:00,8275,8275,8275,8275,0
2021-11-12 15:43:00,8275,8275,8275,8275,0
2021-11-12 15:44:00,8275,8275,8275,8275,0
2021-11-12 15:45:00,8275,8275,8275,8275,0
2021-11-12 15:46:00,8275,8275,8275,8275,0
2021-11-12 15:47:00,8275,8275,8275,8275,0
2021-11-12 15:48:00,8275,8275,8275,8275,0
2021-11-12 15:49:00,8275,8275,8275,8275,0
2021-11-12 15:50:00,8275,8275,8275,8275,0
2021-11-12 15:51:00,8275,8275,8275,8275,0
2021-11-12 15:52:00,8275,8275,8275,8275,0
2021-11-12 15:53:00,8275,8275,8275,8275,0
2021-11-12 15:54:00,8275,8275,8275,8275,0
2021-11-12 15:55:00,8275,8275,8275,8275,0
2021-11-12 15:56:00,8275,8275,8275,8275,0
2021-11-12 15:57:00,8275,8275,8275,8275,0
2021-11-12 15:58:00,8275,8275,8275,8275,0
2021-11-12 15:59:00,8275,8275,8275,8275,0
2021-11-15 09:00:00,8325,8300,8350,8350,15700
2021-11-15 09:01:00,8325,8325,8350,8325,3000
2021-11-15 09:02:00,8325,8325,8325,8325,3600
2021-11-15 09:03:00,8325,8325,8350,8325,10100
2021-11-15 09:04:00,8325,8300,8325,8300,1200
2021-11-15 09:05:00,8325,8300,8325,8300,18300
2021-11-15 09:06:00,8325,8300,8325,8300,8000
2021-11-15 09:07:00,8300,8300,8300,8300,13100
2021-11-15 09:08:00,8300,8300,8300,8300,1900
2021-11-15 09:09:00,8300,8300,8325,8325,21800
2021-11-15 09:10:00,8325,8325,8325,8325,7200
2021-11-15 09:11:00,8325,8300,8325,8325,2000
2021-11-15 09:12:00,8325,8300,8325,8300,4500
2021-11-15 09:13:00,8325,8300,8325,8300,700
2021-11-15 09:14:00,8300,8275,8300,8275,14800
2021-11-15 09:15:00,8300,8275,8300,8300,36200
2021-11-15 09:16:00,8300,8300,8300,8300,8300
2021-11-15 09:17:00,8300,8300,8300,8300,100
2021-11-15 09:18:00,8300,8275,8300,8300,6800
2021-11-15 09:19:00,8300,8300,8300,8300,3800
2021-11-15 09:20:00,8300,8275,8300,8275,500
2021-11-15 09:21:00,8300,8275,8300,8300,2900
2021-11-15 09:22:00,8275,8275,8300,8300,7500
2021-11-15 09:23:00,8275,8275,8300,8300,0
2021-11-15 09:24:00,8300,8300,8300,8300,100
2021-11-15 09:25:00,8300,8300,8300,8300,3000
2021-11-15 09:26:00,8300,8275,8300,8300,7100
2021-11-15 09:27:00,8300,8300,8300,8300,1700
2021-11-15 09:28:00,8300,8300,8300,8300,1000
2021-11-15 09:29:00,8275,8275,8275,8275,400
2021-11-15 09:30:00,8275,8275,8275,8275,8000
2021-11-15 09:31:00,8275,8275,8275,8275,200
2021-11-15 09:32:00,8275,8275,8275,8275,2500
2021-11-15 09:33:00,8275,8275,8300,8275,6200
2021-11-15 09:34:00,8275,8275,8275,8275,10400
2021-11-15 09:35:00,8275,8275,8275,8275,2200
2021-11-15 09:36:00,8275,8275,8275,8275,12500
2021-11-15 09:37:00,8275,8275,8275,8275,19200
2021-11-15 09:38:00,8275,8275,8275,8275,9300
2021-11-15 09:39:00,8275,8250,8275,8250,1400
2021-11-15 09:40:00,8250,8250,8250,8250,2100
2021-11-15 09:41:00,8250,8250,8250,8250,17200
2021-11-15 09:42:00,8250,8250,8250,8250,18300
2021-11-15 09:43:00,8250,8225,8250,8225,65900
2021-11-15 09:44:00,8225,8225,8250,8250,12200
2021-11-15 09:45:00,8275,8250,8275,8250,1200
2021-11-15 09:46:00,8275,8250,8275,8250,0
2021-11-15 09:47:00,8250,8250,8250,8250,100
2021-11-15 09:48:00,8250,8250,8250,8250,0
2021-11-15 09:49:00,8275,8275,8275,8275,23300
2021-11-15 09:50:00,8275,8275,8275,8275,1000
2021-11-15 09:51:00,8275,8275,8275,8275,12700
2021-11-15 09:52:00,8275,8275,8300,8275,18700
2021-11-15 09:53:00,8275,8275,8275,8275,1000
2021-11-15 09:54:00,8275,8275,8275,8275,700
2021-11-15 09:55:00,8275,8275,8300,8300,19000
2021-11-15 09:56:00,8300,8275,8300,8275,1800
2021-11-15 09:57:00,8275,8275,8300,8300,1400
2021-11-15 09:58:00,8275,8275,8275,8275,200
2021-11-15 09:59:00,8275,8275,8275,8275,200
2021-11-15 10:00:00,8275,8275,8275,8275,25100
2021-11-15 10:01:00,8275,8275,8350,8325,87800
2021-11-15 10:02:00,8350,8325,8350,8350,57300
2021-11-15 10:03:00,8350,8350,8350,8350,17600
2021-11-15 10:04:00,8350,8325,8350,8350,40900
2021-11-15 10:05:00,8350,8350,8450,8450,254600
2021-11-15 10:06:00,8450,8450,8475,8450,51600
2021-11-15 10:07:00,8450,8450,8550,8525,190300
2021-11-15 10:08:00,8525,8500,8525,8525,92000
2021-11-15 10:09:00,8525,8500,8525,8525,77100
2021-11-15 10:10:00,8525,8525,8550,8550,145500
2021-11-15 10:11:00,8550,8525,8550,8550,51400
2021-11-15 10:12:00,8550,8525,8550,8550,126900
2021-11-15 10:13:00,8525,8500,8550,8500,57200
2021-11-15 10:14:00,8500,8500,8525,8500,106900
2021-11-15 10:15:00,8475,8475,8500,8475,9200
2021-11-15 10:16:00,8475,8475,8500,8475,38000
2021-11-15 10:17:00,8475,8450,8500,8500,60700
2021-11-15 10:18:00,8500,8500,8525,8525,116800
2021-11-15 10:19:00,8500,8500,8500,8500,8400
2021-11-15 10:20:00,8500,8500,8500,8500,28800
2021-11-15 10:21:00,8500,8500,8500,8500,1700
2021-11-15 10:22:00,8500,8475,8500,8475,46300
2021-11-15 10:23:00,8475,8475,8475,8475,12800
2021-11-15 10:24:00,8475,8475,8475,8475,13900
2021-11-15 10:25:00,8475,8475,8475,8475,11500
2021-11-15 10:26:00,8475,8475,8500,8475,12400
2021-11-15 10:27:00,8500,8475,8500,8500,6000
2021-11-15 10:28:00,8500,8475,8500,8475,14800
2021-11-15 10:29:00,8475,8475,8475,8475,15400
2021-11-15 10:30:00,8475,8450,8475,8475,1900
2021-11-15 10:31:00,8450,8450,8450,8450,300
2021-11-15 10:32:00,8475,8450,8475,8450,4500
2021-11-15 10:33:00,8450,8450,8475,8475,14000
2021-11-15 10:34:00,8450,8450,8475,8450,7500
2021-11-15 10:35:00,8450,8450,8450,8450,54800
2021-11-15 10:36:00,8450,8450,8450,8450,800
2021-11-15 10:37:00,8450,8450,8450,8450,17000
2021-11-15 10:38:00,8450,8450,8475,8475,800
2021-11-15 10:39:00,8475,8475,8475,8475,1600
2021-11-15 10:40:00,8475,8450,8475,8450,60900
2021-11-15 10:41:00,8450,8450,8450,8450,2400
2021-11-15 10:42:00,8450,8450,8450,8450,6700
2021-11-15 10:43:00,8425,8425,8425,8425,10200
2021-11-15 10:44:00,8425,8425,8425,8425,6100
2021-11-15 10:45:00,8425,8425,8425,8425,13800
2021-11-15 10:46:00,8425,8425,8450,8425,12400
2021-11-15 10:47:00,8425,8400,8425,8425,40200
2021-11-15 10:48:00,8400,8400,8400,8400,8100
2021-11-15 10:49:00,8400,8400,8400,8400,100
2021-11-15 10:50:00,8425,8425,8425,8425,2000
2021-11-15 10:51:00,8400,8400,8425,8425,11200
2021-11-15 10:52:00,8425,8425,8425,8425,13900
2021-11-15 10:53:00,8450,8450,8450,8450,6100
2021-11-15 10:54:00,8425,8425,8425,8425,18100
2021-11-15 10:55:00,8425,8425,8450,8425,37700
2021-11-15 10:56:00,8400,8400,8400,8400,200
2021-11-15 10:57:00,8425,8425,8425,8425,100
2021-11-15 10:58:00,8425,8400,8425,8400,1500
2021-11-15 10:59:00,8425,8425,8425,8425,21200
2021-11-15 11:00:00,8425,8400,8425,8400,3300
2021-11-15 11:01:00,8425,8400,8425,8425,28800
2021-11-15 11:02:00,8450,8450,8450,8450,1200
2021-11-15 11:03:00,8425,8425,8450,8450,29100
2021-11-15 11:04:00,8450,8450,8450,8450,1500
2021-11-15 11:05:00,8450,8450,8450,8450,14200
2021-11-15 11:06:00,8450,8450,8450,8450,10300
2021-11-15 11:07:00,8450,8450,8450,8450,5800
2021-11-15 11:08:00,8450,8450,8450,8450,100
2021-11-15 11:09:00,8450,8450,8475,8475,2500
2021-11-15 11:10:00,8450,8450,8450,8450,33800
2021-11-15 11:11:00,8450,8450,8450,8450,17600
2021-11-15 11:12:00,8450,8450,8450,8450,100
2021-11-15 11:13:00,8425,8425,8425,8425,5000
2021-11-15 11:14:00,8425,8425,8425,8425,700
2021-11-15 11:15:00,8425,8425,8425,8425,2200
2021-11-15 11:16:00,8425,8425,8425,8425,1400
2021-11-15 11:17:00,8425,8425,8450,8425,2600
2021-11-15 11:18:00,8425,8425,8450,8425,0
2021-11-15 11:19:00,8425,8425,8450,8425,0
2021-11-15 11:20:00,8425,8425,8425,8425,1000
2021-11-15 11:21:00,8425,8425,8425,8425,200
2021-11-15 11:22:00,8425,8425,8450,8450,25100
2021-11-15 11:23:00,8450,8450,8450,8450,100
2021-11-15 11:24:00,8425,8425,8425,8425,2000
2021-11-15 11:25:00,8425,8425,8425,8425,500
2021-11-15 11:26:00,8425,8425,8425,8425,1300
2021-11-15 11:27:00,8425,8425,8450,8450,15800
2021-11-15 11:28:00,8425,8425,8450,8450,400
2021-11-15 11:29:00,8450,8425,8450,8425,3600
2021-11-15 11:30:00,8450,8425,8450,8425,0
2021-11-15 11:31:00,8450,8425,8450,8425,0
2021-11-15 11:32:00,8450,8425,8450,8425,0
2021-11-15 11:33:00,8450,8425,8450,8425,0
2021-11-15 11:34:00,8450,8425,8450,8425,0
2021-11-15 11:35:00,8450,8425,8450,8425,0
2021-11-15 11:36:00,8450,8425,8450,8425,0
2021-11-15 11:37:00,8450,8425,8450,8425,0
2021-11-15 11:38:00,8450,8425,8450,8425,0
2021-11-15 11:39:00,8450,8425,8450,8425,0
2021-11-15 11:40:00,8450,8425,8450,8425,0
2021-11-15 11:41:00,8450,8425,8450,8425,0
2021-11-15 11:42:00,8450,8425,8450,8425,0
2021-11-15 11:43:00,8450,8425,8450,8425,0
2021-11-15 11:44:00,8450,8425,8450,8425,0
2021-11-15 11:45:00,8450,8425,8450,8425,0
2021-11-15 11:46:00,8450,8425,8450,8425,0
2021-11-15 11:47:00,8450,8425,8450,8425,0
2021-11-15 11:48:00,8450,8425,8450,8425,0
2021-11-15 11:49:00,8450,8425,8450,8425,0
2021-11-15 11:50:00,8450,8425,8450,8425,0
2021-11-15 11:51:00,8450,8425,8450,8425,0
2021-11-15 11:52:00,8450,8425,8450,8425,0
2021-11-15 11:53:00,8450,8425,8450,8425,0
2021-11-15 11:54:00,8450,8425,8450,8425,0
2021-11-15 11:55:00,8450,8425,8450,8425,0
2021-11-15 11:56:00,8450,8425,8450,8425,0
2021-11-15 11:57:00,8450,8425,8450,8425,0
2021-11-15 11:58:00,8450,8425,8450,8425,0
2021-11-15 11:59:00,8450,8425,8450,8425,0
2021-11-15 12:00:00,8450,8425,8450,8425,0
2021-11-15 12:01:00,8450,8425,8450,8425,0
2021-11-15 12:02:00,8450,8425,8450,8425,0
2021-11-15 12:03:00,8450,8425,8450,8425,0
2021-11-15 12:04:00,8450,8425,8450,8425,0
2021-11-15 12:05:00,8450,8425,8450,8425,0
2021-11-15 12:06:00,8450,8425,8450,8425,0
2021-11-15 12:07:00,8450,8425,8450,8425,0
2021-11-15 12:08:00,8450,8425,8450,8425,0
2021-11-15 12:09:00,8450,8425,8450,8425,0
2021-11-15 12:10:00,8450,8425,8450,8425,0
2021-11-15 12:11:00,8450,8425,8450,8425,0
2021-11-15 12:12:00,8450,8425,8450,8425,0
2021-11-15 12:13:00,8450,8425,8450,8425,0
2021-11-15 12:14:00,8450,8425,8450,8425,0
2021-11-15 12:15:00,8450,8425,8450,8425,0
2021-11-15 12:16:00,8450,8425,8450,8425,0
2021-11-15 12:17:00,8450,8425,8450,8425,0
2021-11-15 12:18:00,8450,8425,8450,8425,0
2021-11-15 12:19:00,8450,8425,8450,8425,0
2021-11-15 12:20:00,8450,8425,8450,8425,0
2021-11-15 12:21:00,8450,8425,8450,8425,0
2021-11-15 12:22:00,8450,8425,8450,8425,0
2021-11-15 12:23:00,8450,8425,8450,8425,0
2021-11-15 12:24:00,8450,8425,8450,8425,0
2021-11-15 12:25:00,8450,8425,8450,8425,0
2021-11-15 12:26:00,8450,8425,8450,8425,0
2021-11-15 12:27:00,8450,8425,8450,8425,0
2021-11-15 12:28:00,8450,8425,8450,8425,0
2021-11-15 12:29:00,8450,8425,8450,8425,0
2021-11-15 12:30:00,8450,8425,8450,8425,0
2021-11-15 12:31:00,8450,8425,8450,8425,0
2021-11-15 12:32:00,8450,8425,8450,8425,0
2021-11-15 12:33:00,8450,8425,8450,8425,0
2021-11-15 12:34:00,8450,8425,8450,8425,0
2021-11-15 12:35:00,8450,8425,8450,8425,0
2021-11-15 12:36:00,8450,8425,8450,8425,0
2021-11-15 12:37:00,8450,8425,8450,8425,0
2021-11-15 12:38:00,8450,8425,8450,8425,0
2021-11-15 12:39:00,8450,8425,8450,8425,0
2021-11-15 12:40:00,8450,8425,8450,8425,0
2021-11-15 12:41:00,8450,8425,8450,8425,0
2021-11-15 12:42:00,8450,8425,8450,8425,0
2021-11-15 12:43:00,8450,8425,8450,8425,0
2021-11-15 12:44:00,8450,8425,8450,8425,0
2021-11-15 12:45:00,8450,8425,8450,8425,0
2021-11-15 12:46:00,8450,8425,8450,8425,0
2021-11-15 12:47:00,8450,8425,8450,8425,0
2021-11-15 12:48:00,8450,8425,8450,8425,0
2021-11-15 12:49:00,8450,8425,8450,8425,0
2021-11-15 12:50:00,8450,8425,8450,8425,0
2021-11-15 12:51:00,8450,8425,8450,8425,0
2021-11-15 12:52:00,8450,8425,8450,8425,0
2021-11-15 12:53:00,8450,8425,8450,8425,0
2021-11-15 12:54:00,8450,8425,8450,8425,0
2021-11-15 12:55:00,8450,8425,8450,8425,0
2021-11-15 12:56:00,8450,8425,8450,8425,0
2021-11-15 12:57:00,8450,8425,8450,8425,0
2021-11-15 12:58:00,8450,8425,8450,8425,0
2021-11-15 12:59:00,8450,8425,8450,8425,0
2021-11-15 13:00:00,8450,8425,8450,8425,0
2021-11-15 13:01:00,8450,8425,8450,8425,0
2021-11-15 13:02:00,8450,8425,8450,8425,0
2021-11-15 13:03:00,8450,8425,8450,8425,0
2021-11-15 13:04:00,8450,8425,8450,8425,0
2021-11-15 13:05:00,8450,8425,8450,8425,0
2021-11-15 13:06:00,8450,8425,8450,8425,0
2021-11-15 13:07:00,8450,8425,8450,8425,0
2021-11-15 13:08:00,8450,8425,8450,8425,0
2021-11-15 13:09:00,8450,8425,8450,8425,0
2021-11-15 13:10:00,8450,8425,8450,8425,0
2021-11-15 13:11:00,8450,8425,8450,8425,0
2021-11-15 13:12:00,8450,8425,8450,8425,0
2021-11-15 13:13:00,8450,8425,8450,8425,0
2021-11-15 13:14:00,8450,8425,8450,8425,0
2021-11-15 13:15:00,8450,8425,8450,8425,0
2021-11-15 13:16:00,8450,8425,8450,8425,0
2021-11-15 13:17:00,8450,8425,8450,8425,0
2021-11-15 13:18:00,8450,8425,8450,8425,0
2021-11-15 13:19:00,8450,8425,8450,8425,0
2021-11-15 13:20:00,8450,8425,8450,8425,0
2021-11-15 13:21:00,8450,8425,8450,8425,0
2021-11-15 13:22:00,8450,8425,8450,8425,0
2021-11-15 13:23:00,8450,8425,8450,8425,0
2021-11-15 13:24:00,8450,8425,8450,8425,0
2021-11-15 13:25:00,8450,8425,8450,8425,0
2021-11-15 13:26:00,8450,8425,8450,8425,0
2021-11-15 13:27:00,8450,8425,8450,8425,0
2021-11-15 13:28:00,8450,8425,8450,8425,0
2021-11-15 13:29:00,8450,8425,8450,8425,0
2021-11-15 13:30:00,8425,8425,8450,8450,16000
2021-11-15 13:31:00,8450,8450,8450,8450,2200
2021-11-15 13:32:00,8450,8450,8450,8450,8800
2021-11-15 13:33:00,8450,8450,8450,8450,17800
2021-11-15 13:34:00,8450,8425,8450,8425,24000
2021-11-15 13:35:00,8450,8450,8450,8450,1800
2021-11-15 13:36:00,8450,8450,8450,8450,100
2021-11-15 13:37:00,8450,8450,8450,8450,500
2021-11-15 13:38:00,8450,8450,8450,8450,0
2021-11-15 13:39:00,8450,8450,8450,8450,46300
2021-11-15 13:40:00,8450,8450,8450,8450,5500
2021-11-15 13:41:00,8450,8450,8450,8450,30100
2021-11-15 13:42:00,8450,8450,8450,8450,2000
2021-11-15 13:43:00,8450,8425,8450,8425,4500
2021-11-15 13:44:00,8425,8425,8425,8425,1200
2021-11-15 13:45:00,8450,8425,8450,8425,400
2021-11-15 13:46:00,8425,8425,8425,8425,2400
2021-11-15 13:47:00,8425,8425,8425,8425,2800
2021-11-15 13:48:00,8425,8400,8425,8400,111300
2021-11-15 13:49:00,8400,8400,8400,8400,3400
2021-11-15 13:50:00,8400,8400,8400,8400,0
2021-11-15 13:51:00,8400,8400,8400,8400,1300
2021-11-15 13:52:00,8400,8400,8400,8400,0
2021-11-15 13:53:00,8400,8400,8400,8400,600
2021-11-15 13:54:00,8400,8400,8400,8400,5400
2021-11-15 13:55:00,8400,8400,8400,8400,13500
2021-11-15 13:56:00,8425,8400,8425,8425,19600
2021-11-15 13:57:00,8425,8400,8425,8425,0
2021-11-15 13:58:00,8425,8400,8425,8400,44200
2021-11-15 13:59:00,8400,8400,8400,8400,32900
2021-11-15 14:00:00,8400,8375,8400,8375,3100
2021-11-15 14:01:00,8375,8375,8375,8375,60600
2021-11-15 14:02:00,8375,8350,8375,8350,29900
2021-11-15 14:03:00,8375,8350,8375,8350,1000
2021-11-15 14:04:00,8350,8350,8350,8350,3100
2021-11-15 14:05:00,8350,8350,8350,8350,1000
2021-11-15 14:06:00,8375,8375,8375,8375,18400
2021-11-15 14:07:00,8375,8375,8375,8375,29800
2021-11-15 14:08:00,8375,8375,8375,8375,0
2021-11-15 14:09:00,8400,8400,8400,8400,10400
2021-11-15 14:10:00,8400,8375,8400,8400,3000
2021-11-15 14:11:00,8400,8400,8400,8400,5200
2021-11-15 14:12:00,8400,8400,8400,8400,500
2021-11-15 14:13:00,8400,8400,8400,8400,1000
2021-11-15 14:14:00,8400,8400,8400,8400,600
2021-11-15 14:15:00,8400,8400,8400,8400,0
2021-11-15 14:16:00,8400,8375,8400,8400,2300
2021-11-15 14:17:00,8400,8375,8400,8375,2900
2021-11-15 14:18:00,8400,8375,8400,8375,3100
2021-11-15 14:19:00,8375,8375,8375,8375,100
2021-11-15 14:20:00,8375,8375,8400,8400,17600
2021-11-15 14:21:00,8400,8375,8400,8400,25500
2021-11-15 14:22:00,8375,8375,8425,8400,11500
2021-11-15 14:23:00,8400,8400,8425,8425,3900
2021-11-15 14:24:00,8400,8400,8400,8400,300
2021-11-15 14:25:00,8400,8400,8425,8425,20200
2021-11-15 14:26:00,8425,8400,8425,8400,2900
2021-11-15 14:27:00,8425,8400,8425,8400,3300
2021-11-15 14:28:00,8400,8400,8400,8400,100
2021-11-15 14:29:00,8425,8425,8425,8425,100
2021-11-15 14:30:00,8400,8400,8400,8400,10600
2021-11-15 14:31:00,8400,8400,8425,8425,7300
2021-11-15 14:32:00,8400,8400,8400,8400,1600
2021-11-15 14:33:00,8425,8400,8425,8400,18600
2021-11-15 14:34:00,8400,8400,8400,8400,23100
2021-11-15 14:35:00,8400,8400,8400,8400,3500
2021-11-15 14:36:00,8400,8400,8400,8400,51000
2021-11-15 14:37:00,8400,8375,8400,8375,11300
2021-11-15 14:38:00,8375,8375,8400,8400,13200
2021-11-15 14:39:00,8375,8375,8375,8375,2600
2021-11-15 14:40:00,8375,8375,8400,8375,2500
2021-11-15 14:41:00,8400,8375,8400,8375,3900
2021-11-15 14:42:00,8375,8375,8400,8400,300
2021-11-15 14:43:00,8400,8375,8400,8375,8700
2021-11-15 14:44:00,8375,8375,8375,8375,46100
2021-11-15 14:45:00,8375,8350,8375,8350,2100
2021-11-15 14:46:00,8375,8350,8375,8375,15000
2021-11-15 14:47:00,8375,8375,8375,8375,14700
2021-11-15 14:48:00,8375,8375,8375,8375,4100
2021-11-15 14:49:00,8375,8350,8375,8350,5400
2021-11-15 14:50:00,8375,8350,8375,8350,0
2021-11-15 14:51:00,8375,8350,8375,8350,0
2021-11-15 14:52:00,8375,8350,8375,8350,0
2021-11-15 14:53:00,8375,8350,8375,8350,0
2021-11-15 14:54:00,8375,8350,8375,8350,0
2021-11-15 14:55:00,8375,8350,8375,8350,0
2021-11-15 14:56:00,8375,8350,8375,8350,0
2021-11-15 14:57:00,8375,8350,8375,8350,0
2021-11-15 14:58:00,8375,8350,8375,8350,0
2021-11-15 14:59:00,8375,8350,8375,8350,0
2021-11-15 15:00:00,8375,8375,8375,8375,128100
2021-11-15 15:01:00,8375,8375,8375,8375,0
2021-11-15 15:02:00,8375,8375,8375,8375,0
2021-11-15 15:03:00,8375,8375,8375,8375,0
2021-11-15 15:04:00,8375,8375,8375,8375,0
2021-11-15 15:05:00,8375,8375,8375,8375,1400
2021-11-15 15:06:00,8375,8375,8375,8375,1600
2021-11-15 15:07:00,8375,8375,8375,8375,0
2021-11-15 15:08:00,8375,8375,8375,8375,0
2021-11-15 15:09:00,8375,8375,8375,8375,600
2021-11-15 15:10:00,8375,8375,8375,8375,0
2021-11-15 15:11:00,8375,8375,8375,8375,500
2021-11-15 15:12:00,8375,8375,8375,8375,0
2021-11-15 15:13:00,8375,8375,8375,8375,13500
2021-11-15 15:14:00,8375,8375,8375,8375,0
2021-11-15 15:15:00,8375,8375,8375,8375,0
2021-11-15 15:16:00,8375,8375,8375,8375,0
2021-11-15 15:17:00,8375,8375,8375,8375,0
2021-11-15 15:18:00,8375,8375,8375,8375,0
2021-11-15 15:19:00,8375,8375,8375,8375,0
2021-11-15 15:20:00,8375,8375,8375,8375,0
2021-11-15 15:21:00,8375,8375,8375,8375,0
2021-11-15 15:22:00,8375,8375,8375,8375,0
2021-11-15 15:23:00,8375,8375,8375,8375,0
2021-11-15 15:24:00,8375,8375,8375,8375,0
2021-11-15 15:25:00,8375,8375,8375,8375,0
2021-11-15 15:26:00,8375,8375,8375,8375,0
2021-11-15 15:27:00,8375,8375,8375,8375,0
2021-11-15 15:28:00,8375,8375,8375,8375,0
2021-11-15 15:29:00,8375,8375,8375,8375,0
2021-11-15 15:30:00,8375,8375,8375,8375,0
2021-11-15 15:31:00,8375,8375,8375,8375,0
2021-11-15 15:32:00,8375,8375,8375,8375,0
2021-11-15 15:33:00,8375,8375,8375,8375,0
2021-11-15 15:34:00,8375,8375,8375,8375,0
2021-11-15 15:35:00,8375,8375,8375,8375,0
2021-11-15 15:36:00,8375,8375,8375,8375,0
2021-11-15 15:37:00,8375,8375,8375,8375,0
2021-11-15 15:38:00,8375,8375,8375,8375,0
2021-11-15 15:39:00,8375,8375,8375,8375,0
2021-11-15 15:40:00,8375,8375,8375,8375,0
2021-11-15 15:41:00,8375,8375,8375,8375,0
2021-11-15 15:42:00,8375,8375,8375,8375,0
2021-11-15 15:43:00,8375,8375,8375,8375,0
2021-11-15 15:44:00,8375,8375,8375,8375,0
2021-11-15 15:45:00,8375,8375,8375,8375,0
2021-11-15 15:46:00,8375,8375,8375,8375,0
2021-11-15 15:47:00,8375,8375,8375,8375,0
2021-11-15 15:48:00,8375,8375,8375,8375,0
2021-11-15 15:49:00,8375,8375,8375,8375,0
2021-11-15 15:50:00,8375,8375,8375,8375,0
2021-11-15 15:51:00,8375,8375,8375,8375,0
2021-11-15 15:52:00,8375,8375,8375,8375,0
2021-11-15 15:53:00,8375,8375,8375,8375,0
2021-11-15 15:54:00,8375,8375,8375,8375,0
2021-11-15 15:55:00,8375,8375,8375,8375,0
2021-11-15 15:56:00,8375,8375,8375,8375,0
2021-11-15 15:57:00,8375,8375,8375,8375,0
2021-11-15 15:58:00,8375,8375,8375,8375,0
2021-11-15 15:59:00,8375,8375,8375,8375,0
2021-11-16 09:00:00,8350,8350,8375,8375,24600
2021-11-16 09:01:00,8375,8350,8375,8375,17900
2021-11-16 09:02:00,8375,8375,8400,8400,2500
2021-11-16 09:03:00,8400,8375,8400,8375,25800
2021-11-16 09:04:00,8375,8375,8375,8375,12700
2021-11-16 09:05:00,8375,8375,8375,8375,2200
2021-11-16 09:06:00,8375,8350,8375,8350,18100
2021-11-16 09:07:00,8350,8350,8350,8350,4000
2021-11-16 09:08:00,8325,8325,8325,8325,3900
2021-11-16 09:09:00,8325,8325,8325,8325,19300
2021-11-16 09:10:00,8325,8300,8325,8300,11800
2021-11-16 09:11:00,8300,8300,8325,8325,7300
2021-11-16 09:12:00,8300,8300,8325,8325,1800
2021-11-16 09:13:00,8325,8325,8325,8325,21800
2021-11-16 09:14:00,8325,8300,8325,8300,18400
2021-11-16 09:15:00,8325,8300,8325,8300,2700
2021-11-16 09:16:00,8300,8300,8325,8325,3500
2021-11-16 09:17:00,8325,8325,8325,8325,700
2021-11-16 09:18:00,8325,8325,8350,8350,20700
2021-11-16 09:19:00,8350,8350,8350,8350,100
2021-11-16 09:20:00,8350,8325,8350,8325,9200
2021-11-16 09:21:00,8325,8300,8325,8325,2800
2021-11-16 09:22:00,8325,8325,8325,8325,5300
2021-11-16 09:23:00,8325,8325,8325,8325,1000
2021-11-16 09:24:00,8325,8325,8325,8325,0
2021-11-16 09:25:00,8325,8325,8325,8325,0
2021-11-16 09:26:00,8350,8350,8350,8350,3100
2021-11-16 09:27:00,8350,8350,8350,8350,2200
2021-11-16 09:28:00,8325,8325,8350,8325,19100
2021-11-16 09:29:00,8325,8325,8325,8325,1100
2021-11-16 09:30:00,8325,8325,8325,8325,6000
2021-11-16 09:31:00,8325,8325,8325,8325,2200
2021-11-16 09:32:00,8325,8325,8325,8325,300
2021-11-16 09:33:00,8325,8325,8325,8325,500
2021-11-16 09:34:00,8325,8325,8325,8325,3000
2021-11-16 09:35:00,8350,8325,8350,8325,800
2021-11-16 09:36:00,8350,8325,8350,8325,2000
2021-11-16 09:37:00,8350,8325,8350,8325,5000
2021-11-16 09:38:00,8325,8325,8325,8325,11700
2021-11-16 09:39:00,8325,8325,8325,8325,100
2021-11-16 09:40:00,8325,8325,8325,8325,1400
2021-11-16 09:41:00,8325,8325,8325,8325,0
2021-11-16 09:42:00,8350,8350,8350,8350,200
2021-11-16 09:43:00,8350,8350,8350,8350,17100
2021-11-16 09:44:00,8350,8350,8350,8350,1400
2021-11-16 09:45:00,8350,8350,8350,8350,6400
2021-11-16 09:46:00,8350,8350,8350,8350,700
2021-11-16 09:47:00,8350,8350,8350,8350,3100
2021-11-16 09:48:00,8350,8350,8350,8350,100
2021-11-16 09:49:00,8350,8325,8350,8325,11700
2021-11-16 09:50:00,8325,8325,8325,8325,200
2021-11-16 09:51:00,8350,8325,8350,8350,37700
2021-11-16 09:52:00,8350,8325,8350,8350,0
2021-11-16 09:53:00,8375,8375,8375,8375,4100
2021-11-16 09:54:00,8375,8375,8375,8375,2600
2021-11-16 09:55:00,8375,8375,8375,8375,100
2021-11-16 09:56:00,8375,8350,8400,8400,27400
2021-11-16 09:57:00,8400,8375,8400,8400,19200
2021-11-16 09:58:00,8400,8375,8400,8375,7600
2021-11-16 09:59:00,8400,8400,8400,8400,1200
2021-11-16 10:00:00,8400,8400,8400,8400,9800
2021-11-16 10:01:00,8400,8400,8400,8400,2600
2021-11-16 10:02:00,8400,8400,8400,8400,0
2021-11-16 10:03:00,8400,8400,8400,8400,0
2021-11-16 10:04:00,8400,8400,8400,8400,1300
2021-11-16 10:05:00,8400,8400,8400,8400,0
2021-11-16 10:06:00,8400,8400,8400,8400,0
2021-11-16 10:07:00,8375,8375,8375,8375,3600
2021-11-16 10:08:00,8375,8375,8375,8375,0
2021-11-16 10:09:00,8375,8375,8375,8375,2500
2021-11-16 10:10:00,8375,8375,8375,8375,34200
2021-11-16 10:11:00,8375,8375,8375,8375,18000
2021-11-16 10:12:00,8375,8350,8375,8350,2300
2021-11-16 10:13:00,8350,8350,8350,8350,1300
2021-11-16 10:14:00,8350,8350,8350,8350,0
2021-11-16 10:15:00,8375,8375,8375,8375,2900
2021-11-16 10:16:00,8375,8375,8375,8375,300
2021-11-16 10:17:00,8375,8350,8375,8350,300
2021-11-16 10:18:00,8375,8350,8375,8350,0
2021-11-16 10:19:00,8375,8350,8375,8350,0
2021-11-16 10:20:00,8350,8350,8375,8375,2900
2021-11-16 10:21:00,8350,8350,8375,8375,500
2021-11-16 10:22:00,8375,8375,8375,8375,100
2021-11-16 10:23:00,8375,8350,8375,8350,900
2021-11-16 10:24:00,8375,8350,8375,8350,0
2021-11-16 10:25:00,8375,8375,8375,8375,20500
2021-11-16 10:26:00,8375,8375,8375,8375,100
2021-11-16 10:27:00,8375,8375,8375,8375,100
2021-11-16 10:28:00,8375,8375,8375,8375,100
2021-11-16 10:29:00,8375,8375,8375,8375,0
2021-11-16 10:30:00,8375,8350,8375,8350,25200
2021-11-16 10:31:00,8350,8350,8350,8350,15000
2021-11-16 10:32:00,8350,8350,8350,8350,28900
2021-11-16 10:33:00,8350,8350,8350,8350,0
2021-11-16 10:34:00,8350,8350,8375,8375,2300
2021-11-16 10:35:00,8375,8375,8375,8375,200
2021-11-16 10:36:00,8375,8375,8375,8375,200
2021-11-16 10:37:00,8375,8375,8375,8375,300
2021-11-16 10:38:00,8350,8350,8350,8350,200
2021-11-16 10:39:00,8350,8350,8375,8375,1100
2021-11-16 10:40:00,8375,8375,8375,8375,10000
2021-11-16 10:41:00,8350,8350,8350,8350,200
2021-11-16 10:42:00,8375,8375,8375,8375,300
2021-11-16 10:43:00,8350,8350,8350,8350,3000
2021-11-16 10:44:00,8350,8350,8350,8350,0
2021-11-16 10:45:00,8375,8375,8375,8375,600
2021-11-16 10:46:00,8375,8375,8375,8375,100
2021-11-16 10:47:00,8375,8350,8375,8350,2100
2021-11-16 10:48:00,8375,8350,8375,8350,600
2021-11-16 10:49:00,8350,8350,8350,8350,300
2021-11-16 10:50:00,8375,8350,8375,8350,15600
2021-11-16 10:51:00,8375,8350,8375,8350,2100
2021-11-16 10:52:00,8350,8350,8350,8350,1200
2021-11-16 10:53:00,8350,8350,8350,8350,100
2021-11-16 10:54:00,8350,8350,8350,8350,16700
2021-11-16 10:55:00,8350,8350,8350,8350,600
2021-11-16 10:56:00,8350,8350,8350,8350,0
2021-11-16 10:57:00,8350,8350,8350,8350,0
2021-11-16 10:58:00,8350,8350,8350,8350,1900
2021-11-16 10:59:00,8350,8350,8350,8350,0
2021-11-16 11:00:00,8350,8350,8350,8350,9500
2021-11-16 11:01:00,8350,8350,8350,8350,2200
2021-11-16 11:02:00,8350,8350,8350,8350,300
2021-11-16 11:03:00,8350,8350,8350,8350,900
2021-11-16 11:04:00,8350,8350,8350,8350,2400
2021-11-16 11:05:00,8350,8350,8350,8350,6000
2021-11-16 11:06:00,8350,8350,8350,8350,100
2021-11-16 11:07:00,8350,8350,8350,8350,200
2021-11-16 11:08:00,8350,8350,8350,8350,0
2021-11-16 11:09:00,8325,8325,8325,8325,3300
2021-11-16 11:10:00,8325,8325,8325,8325,600
2021-11-16 11:11:00,8325,8325,8350,8350,4200
2021-11-16 11:12:00,8350,8325,8350,8325,12100
2021-11-16 11:13:00,8350,8350,8350,8350,5000
2021-11-16 11:14:00,8350,8350,8350,8350,6900
2021-11-16 11:15:00,8350,8350,8350,8350,0
2021-11-16 11:16:00,8350,8350,8350,8350,200
2021-11-16 11:17:00,8350,8350,8350,8350,0
2021-11-16 11:18:00,8350,8350,8350,8350,3000
2021-11-16 11:19:00,8325,8325,8325,8325,800
2021-11-16 11:20:00,8325,8325,8325,8325,400
2021-11-16 11:21:00,8350,8350,8350,8350,14000
2021-11-16 11:22:00,8350,8350,8350,8350,0
2021-11-16 11:23:00,8350,8350,8350,8350,1500
2021-11-16 11:24:00,8350,8350,8350,8350,2800
2021-11-16 11:25:00,8350,8350,8375,8375,6700
2021-11-16 11:26:00,8350,8350,8350,8350,900
2021-11-16 11:27:00,8350,8350,8350,8350,0
2021-11-16 11:28:00,8375,8375,8375,8375,5000
2021-11-16 11:29:00,8375,8350,8375,8375,17600
2021-11-16 11:30:00,8375,8350,8375,8375,0
2021-11-16 11:31:00,8375,8350,8375,8375,0
2021-11-16 11:32:00,8375,8350,8375,8375,0
2021-11-16 11:33:00,8375,8350,8375,8375,0
2021-11-16 11:34:00,8375,8350,8375,8375,0
2021-11-16 11:35:00,8375,8350,8375,8375,0
2021-11-16 11:36:00,8375,8350,8375,8375,0
2021-11-16 11:37:00,8375,8350,8375,8375,0
2021-11-16 11:38:00,8375,8350,8375,8375,0
2021-11-16 11:39:00,8375,8350,8375,8375,0
2021-11-16 11:40:00,8375,8350,8375,8375,0
2021-11-16 11:41:00,8375,8350,8375,8375,0
2021-11-16 11:42:00,8375,8350,8375,8375,0
2021-11-16 11:43:00,8375,8350,8375,8375,0
2021-11-16 11:44:00,8375,8350,8375,8375,0
2021-11-16 11:45:00,8375,8350,8375,8375,0
2021-11-16 11:46:00,8375,8350,8375,8375,0
2021-11-16 11:47:00,8375,8350,8375,8375,0
2021-11-16 11:48:00,8375,8350,8375,8375,0
2021-11-16 11:49:00,8375,8350,8375,8375,0
2021-11-16 11:50:00,8375,8350,8375,8375,0
2021-11-16 11:51:00,8375,8350,8375,8375,0
2021-11-16 11:52:00,8375,8350,8375,8375,0
2021-11-16 11:53:00,8375,8350,8375,8375,0
2021-11-16 11:54:00,8375,8350,8375,8375,0
2021-11-16 11:55:00,8375,8350,8375,8375,0
2021-11-16 11:56:00,8375,8350,8375,8375,0
2021-11-16 11:57:00,8375,8350,8375,8375,0
2021-11-16 11:58:00,8375,8350,8375,8375,0
2021-11-16 11:59:00,8375,8350,8375,8375,0
2021-11-16 12:00:00,8375,8350,8375,8375,0
2021-11-16 12:01:00,8375,8350,8375,8375,0
2021-11-16 12:02:00,8375,8350,8375,8375,0
2021-11-16 12:03:00,8375,8350,8375,8375,0
2021-11-16 12:04:00,8375,8350,8375,8375,0
2021-11-16 12:05:00,8375,8350,8375,8375,0
2021-11-16 12:06:00,8375,8350,8375,8375,0
2021-11-16 12:07:00,8375,8350,8375,8375,0
2021-11-16 12:08:00,8375,8350,8375,8375,0
2021-11-16 12:09:00,8375,8350,8375,8375,0
2021-11-16 12:10:00,8375,8350,8375,8375,0
2021-11-16 12:11:00,8375,8350,8375,8375,0
2021-11-16 12:12:00,8375,8350,8375,8375,0
2021-11-16 12:13:00,8375,8350,8375,8375,0
2021-11-16 12:14:00,8375,8350,8375,8375,0
2021-11-16 12:15:00,8375,8350,8375,8375,0
2021-11-16 12:16:00,8375,8350,8375,8375,0
2021-11-16 12:17:00,8375,8350,8375,8375,0
2021-11-16 12:18:00,8375,8350,8375,8375,0
2021-11-16 12:19:00,8375,8350,8375,8375,0
2021-11-16 12:20:00,8375,8350,8375,8375,0
2021-11-16 12:21:00,8375,8350,8375,8375,0
2021-11-16 12:22:00,8375,8350,8375,8375,0
2021-11-16 12:23:00,8375,8350,8375,8375,0
2021-11-16 12:24:00,8375,8350,8375,8375,0
2021-11-16 12:25:00,8375,8350,8375,8375,0
2021-11-16 12:26:00,8375,8350,8375,8375,0
2021-11-16 12:27:00,8375,8350,8375,8375,0
2021-11-16 12:28:00,8375,8350,8375,8375,0
2021-11-16 12:29:00,8375,8350,8375,8375,0
2021-11-16 12:30:00,8375,8350,8375,8375,0
2021-11-16 12:31:00,8375,8350,8375,8375,0
2021-11-16 12:32:00,8375,8350,8375,8375,0
2021-11-16 12:33:00,8375,8350,8375,8375,0
2021-11-16 12:34:00,8375,8350,8375,8375,0
2021-11-16 12:35:00,8375,8350,8375,8375,0
2021-11-16 12:36:00,8375,8350,8375,8375,0
2021-11-16 12:37:00,8375,8350,8375,8375,0
2021-11-16 12:38:00,8375,8350,8375,8375,0
2021-11-16 12:39:00,8375,8350,8375,8375,0
2021-11-16 12:40:00,8375,8350,8375,8375,0
2021-11-16 12:41:00,8375,8350,8375,8375,0
2021-11-16 12:42:00,8375,8350,8375,8375,0
2021-11-16 12:43:00,8375,8350,8375,8375,0
2021-11-16 12:44:00,8375,8350,8375,8375,0
2021-11-16 12:45:00,8375,8350,8375,8375,0
2021-11-16 12:46:00,8375,8350,8375,8375,0
2021-11-16 12:47:00,8375,8350,8375,8375,0
2021-11-16 12:48:00,8375,8350,8375,8375,0
2021-11-16 12:49:00,8375,8350,8375,8375,0
2021-11-16 12:50:00,8375,8350,8375,8375,0
2021-11-16 12:51:00,8375,8350,8375,8375,0
2021-11-16 12:52:00,8375,8350,8375,8375,0
2021-11-16 12:53:00,8375,8350,8375,8375,0
2021-11-16 12:54:00,8375,8350,8375,8375,0
2021-11-16 12:55:00,8375,8350,8375,8375,0
2021-11-16 12:56:00,8375,8350,8375,8375,0
2021-11-16 12:57:00,8375,8350,8375,8375,0
2021-11-16 12:58:00,8375,8350,8375,8375,0
2021-11-16 12:59:00,8375,8350,8375,8375,0
2021-11-16 13:00:00,8375,8350,8375,8375,0
2021-11-16 13:01:00,8375,8350,8375,8375,0
2021-11-16 13:02:00,8375,8350,8375,8375,0
2021-11-16 13:03:00,8375,8350,8375,8375,0
2021-11-16 13:04:00,8375,8350,8375,8375,0
2021-11-16 13:05:00,8375,8350,8375,8375,0
2021-11-16 13:06:00,8375,8350,8375,8375,0
2021-11-16 13:07:00,8375,8350,8375,8375,0
2021-11-16 13:08:00,8375,8350,8375,8375,0
2021-11-16 13:09:00,8375,8350,8375,8375,0
2021-11-16 13:10:00,8375,8350,8375,8375,0
2021-11-16 13:11:00,8375,8350,8375,8375,0
2021-11-16 13:12:00,8375,8350,8375,8375,0
2021-11-16 13:13:00,8375,8350,8375,8375,0
2021-11-16 13:14:00,8375,8350,8375,8375,0
2021-11-16 13:15:00,8375,8350,8375,8375,0
2021-11-16 13:16:00,8375,8350,8375,8375,0
2021-11-16 13:17:00,8375,8350,8375,8375,0
2021-11-16 13:18:00,8375,8350,8375,8375,0
2021-11-16 13:19:00,8375,8350,8375,8375,0
2021-11-16 13:20:00,8375,8350,8375,8375,0
2021-11-16 13:21:00,8375,8350,8375,8375,0
2021-11-16 13:22:00,8375,8350,8375,8375,0
2021-11-16 13:23:00,8375,8350,8375,8375,0
2021-11-16 13:24:00,8375,8350,8375,8375,0
2021-11-16 13:25:00,8375,8350,8375,8375,0
2021-11-16 13:26:00,8375,8350,8375,8375,0
2021-11-16 13:27:00,8375,8350,8375,8375,0
2021-11-16 13:28:00,8375,8350,8375,8375,0
2021-11-16 13:29:00,8375,8350,8375,8375,0
2021-11-16 13:30:00,8350,8350,8375,8350,44900
2021-11-16 13:31:00,8375,8350,8375,8350,25600
2021-11-16 13:32:00,8375,8350,8375,8350,0
2021-11-16 13:33:00,8375,8350,8375,8350,0
2021-11-16 13:34:00,8350,8350,8350,8350,2000
2021-11-16 13:35:00,8350,8350,8350,8350,100
2021-11-16 13:36:00,8350,8350,8350,8350,3500
2021-11-16 13:37:00,8350,8325,8350,8325,5500
2021-11-16 13:38:00,8350,8350,8350,8350,100
2021-11-16 13:39:00,8350,8350,8350,8350,0
2021-11-16 13:40:00,8350,8325,8350,8350,17000
2021-11-16 13:41:00,8350,8350,8350,8350,17000
2021-11-16 13:42:00,8350,8325,8350,8325,2400
2021-11-16 13:43:00,8350,8325,8350,8325,0
2021-11-16 13:44:00,8350,8350,8350,8350,1000
2021-11-16 13:45:00,8350,8325,8350,8350,2700
2021-11-16 13:46:00,8350,8325,8350,8350,0
2021-11-16 13:47:00,8350,8350,8350,8350,1600
2021-11-16 13:48:00,8350,8350,8350,8350,1000
2021-11-16 13:49:00,8350,8350,8350,8350,15100
2021-11-16 13:50:00,8350,8325,8350,8325,9500
2021-11-16 13:51:00,8325,8325,8350,8325,3300
2021-11-16 13:52:00,8325,8325,8325,8325,1000
2021-11-16 13:53:00,8350,8325,8350,8325,1700
2021-11-16 13:54:00,8350,8325,8350,8325,700
2021-11-16 13:55:00,8350,8350,8350,8350,600
2021-11-16 13:56:00,8350,8350,8350,8350,0
2021-11-16 13:57:00,8325,8325,8350,8350,2400
2021-11-16 13:58:00,8325,8325,8325,8325,1500
2021-11-16 13:59:00,8350,8325,8350,8325,15600
2021-11-16 14:00:00,8325,8325,8325,8325,3000
2021-11-16 14:01:00,8325,8325,8325,8325,100
2021-11-16 14:02:00,8350,8350,8350,8350,600
2021-11-16 14:03:00,8350,8350,8350,8350,800
2021-11-16 14:04:00,8325,8325,8325,8325,2200
2021-11-16 14:05:00,8325,8325,8350,8350,200
2021-11-16 14:06:00,8325,8325,8350,8350,400
2021-11-16 14:07:00,8325,8325,8350,8350,400
2021-11-16 14:08:00,8325,8325,8350,8350,16100
2021-11-16 14:09:00,8350,8325,8350,8325,400
2021-11-16 14:10:00,8350,8350,8350,8350,200
2021-11-16 14:11:00,8350,8350,8350,8350,100
2021-11-16 14:12:00,8325,8325,8325,8325,75000
2021-11-16 14:13:00,8325,8325,8325,8325,0
2021-11-16 14:14:00,8325,8325,8325,8325,17100
2021-11-16 14:15:00,8325,8325,8350,8325,47700
2021-11-16 14:16:00,8350,8325,8350,8325,22400
2021-11-16 14:17:00,8350,8325,8350,8325,27100
2021-11-16 14:18:00,8325,8300,8325,8300,10200
2021-11-16 14:19:00,8325,8300,8325,8325,12800
2021-11-16 14:20:00,8325,8325,8325,8325,1000
2021-11-16 14:21:00,8325,8325,8325,8325,4000
2021-11-16 14:22:00,8300,8300,8300,8300,300
2021-11-16 14:23:00,8300,8300,8300,8300,0
2021-11-16 14:24:00,8300,8300,8300,8300,15100
2021-11-16 14:25:00,8300,8300,8300,8300,9700
2021-11-16 14:26:00,8300,8300,8300,8300,6900
2021-11-16 14:27:00,8325,8300,8325,8300,25800
2021-11-16 14:28:00,8325,8300,8325,8300,0
2021-11-16 14:29:00,8300,8300,8300,8300,125800
2021-11-16 14:30:00,8300,8300,8300,8300,0
2021-11-16 14:31:00,8325,8325,8325,8325,4100
2021-11-16 14:32:00,8300,8300,8325,8325,69300
2021-11-16 14:33:00,8325,8325,8325,8325,1000
2021-11-16 14:34:00,8325,8325,8325,8325,20000
2021-11-16 14:35:00,8325,8325,8325,8325,5500
2021-11-16 14:36:00,8325,8325,8325,8325,55100
2021-11-16 14:37:00,8325,8325,8325,8325,300
2021-11-16 14:38:00,8325,8300,8325,8325,50200
2021-11-16 14:39:00,8325,8325,8325,8325,800
2021-11-16 14:40:00,8325,8325,8325,8325,10400
2021-11-16 14:41:00,8300,8300,8300,8300,57100
2021-11-16 14:42:00,8300,8300,8325,8325,2600
2021-11-16 14:43:00,8300,8300,8300,8300,85100
2021-11-16 14:44:00,8300,8300,8300,8300,15600
2021-11-16 14:45:00,8300,8275,8300,8300,37800
2021-11-16 14:46:00,8300,8275,8300,8300,13200
2021-11-16 14:47:00,8300,8300,8300,8300,400
2021-11-16 14:48:00,8300,8300,8300,8300,2000
2021-11-16 14:49:00,8300,8300,8300,8300,200
2021-11-16 14:50:00,8300,8300,8300,8300,0
2021-11-16 14:51:00,8300,8300,8300,8300,0
2021-11-16 14:52:00,8300,8300,8300,8300,0
2021-11-16 14:53:00,8300,8300,8300,8300,0
2021-11-16 14:54:00,8300,8300,8300,8300,0
2021-11-16 14:55:00,8300,8300,8300,8300,0
2021-11-16 14:56:00,8300,8300,8300,8300,0
2021-11-16 14:57:00,8300,8300,8300,8300,0
2021-11-16 14:58:00,8300,8300,8300,8300,0
2021-11-16 14:59:00,8300,8300,8300,8300,0
2021-11-16 15:00:00,8325,8325,8325,8325,104400
2021-11-16 15:01:00,8325,8325,8325,8325,0
2021-11-16 15:02:00,8325,8325,8325,8325,0
2021-11-16 15:03:00,8325,8325,8325,8325,0
2021-11-16 15:04:00,8325,8325,8325,8325,0
2021-11-16 15:05:00,8325,8325,8325,8325,10000
2021-11-16 15:06:00,8325,8325,8325,8325,5500
2021-11-16 15:07:00,8325,8325,8325,8325,0
2021-11-16 15:08:00,8325,8325,8325,8325,200
2021-11-16 15:09:00,8325,8325,8325,8325,1300
2021-11-16 15:10:00,8325,8325,8325,8325,1100
2021-11-16 15:11:00,8325,8325,8325,8325,2700
2021-11-16 15:12:00,8325,8325,8325,8325,3500
2021-11-16 15:13:00,8325,8325,8325,8325,0
2021-11-16 15:14:00,8325,8325,8325,8325,500
2021-11-16 15:15:00,8325,8325,8325,8325,0
2021-11-16 15:16:00,8325,8325,8325,8325,0
2021-11-16 15:17:00,8325,8325,8325,8325,0
2021-11-16 15:18:00,8325,8325,8325,8325,0
2021-11-16 15:19:00,8325,8325,8325,8325,0
2021-11-16 15:20:00,8325,8325,8325,8325,0
2021-11-16 15:21:00,8325,8325,8325,8325,0
2021-11-16 15:22:00,8325,8325,8325,8325,0
2021-11-16 15:23:00,8325,8325,8325,8325,0
2021-11-16 15:24:00,8325,8325,8325,8325,0
2021-11-16 15:25:00,8325,8325,8325,8325,0
2021-11-16 15:26:00,8325,8325,8325,8325,0
2021-11-16 15:27:00,8325,8325,8325,8325,0
2021-11-16 15:28:00,8325,8325,8325,8325,0
2021-11-16 15:29:00,8325,8325,8325,8325,0
2021-11-16 15:30:00,8325,8325,8325,8325,0
2021-11-16 15:31:00,8325,8325,8325,8325,0
2021-11-16 15:32:00,8325,8325,8325,8325,0
2021-11-16 15:33:00,8325,8325,8325,8325,0
2021-11-16 15:34:00,8325,8325,8325,8325,0
2021-11-16 15:35:00,8325,8325,8325,8325,0
2021-11-16 15:36:00,8325,8325,8325,8325,0
2021-11-16 15:37:00,8325,8325,8325,8325,0
2021-11-16 15:38:00,8325,8325,8325,8325,0
2021-11-16 15:39:00,8325,8325,8325,8325,0
2021-11-16 15:40:00,8325,8325,8325,8325,0
2021-11-16 15:41:00,8325,8325,8325,8325,0
2021-11-16 15:42:00,8325,8325,8325,8325,0
2021-11-16 15:43:00,8325,8325,8325,8325,0
2021-11-16 15:44:00,8325,8325,8325,8325,0
2021-11-16 15:45:00,8325,8325,8325,8325,0
2021-11-16 15:46:00,8325,8325,8325,8325,0
2021-11-16 15:47:00,8325,8325,8325,8325,0
2021-11-16 15:48:00,8325,8325,8325,8325,0
2021-11-16 15:49:00,8325,8325,8325,8325,0
2021-11-16 15:50:00,8325,8325,8325,8325,0
2021-11-16 15:51:00,8325,8325,8325,8325,0
2021-11-16 15:52:00,8325,8325,8325,8325,0
2021-11-16 15:53:00,8325,8325,8325,8325,0
2021-11-16 15:54:00,8325,8325,8325,8325,0
2021-11-16 15:55:00,8325,8325,8325,8325,0
2021-11-16 15:56:00,8325,8325,8325,8325,0
2021-11-16 15:57:00,8325,8325,8325,8325,0
2021-11-16 15:58:00,8325,8325,8325,8325,0
2021-11-16 15:59:00,8325,8325,8325,8325,0
2021-11-17 09:00:00,8350,8325,8375,8375,11800
2021-11-17 09:01:00,8375,8350,8375,8375,8300
2021-11-17 09:02:00,8375,8325,8375,8375,7300
2021-11-17 09:03:00,8350,8350,8350,8350,400
2021-11-17 09:04:00,8350,8350,8350,8350,2500
2021-11-17 09:05:00,8350,8350,8350,8350,0
2021-11-17 09:06:00,8350,8350,8400,8375,38700
2021-11-17 09:07:00,8375,8350,8400,8400,6100
2021-11-17 09:08:00,8375,8350,8400,8400,0
2021-11-17 09:09:00,8400,8400,8400,8400,20000
2021-11-17 09:10:00,8375,8375,8400,8400,8000
2021-11-17 09:11:00,8400,8400,8400,8400,500
2021-11-17 09:12:00,8375,8375,8400,8375,9000
2021-11-17 09:13:00,8375,8375,8375,8375,600
2021-11-17 09:14:00,8375,8375,8375,8375,200
2021-11-17 09:15:00,8375,8375,8375,8375,300
2021-11-17 09:16:00,8375,8375,8375,8375,1800
2021-11-17 09:17:00,8375,8375,8400,8375,6100
2021-11-17 09:18:00,8375,8375,8375,8375,3100
2021-11-17 09:19:00,8350,8350,8350,8350,5200
2021-11-17 09:20:00,8350,8350,8375,8375,13100
2021-11-17 09:21:00,8325,8325,8325,8325,700
2021-11-17 09:22:00,8325,8325,8375,8375,2100
2021-11-17 09:23:00,8375,8350,8375,8350,5100
2021-11-17 09:24:00,8350,8325,8375,8350,2100
2021-11-17 09:25:00,8325,8325,8325,8325,100
2021-11-17 09:26:00,8350,8325,8350,8325,500
2021-11-17 09:27:00,8375,8375,8375,8375,5000
2021-11-17 09:28:00,8350,8350,8350,8350,400
2021-11-17 09:29:00,8350,8350,8350,8350,0
2021-11-17 09:30:00,8350,8350,8375,8350,1000
2021-11-17 09:31:00,8350,8350,8375,8350,2500
2021-11-17 09:32:00,8350,8350,8350,8350,1300
2021-11-17 09:33:00,8350,8325,8350,8325,1100
2021-11-17 09:34:00,8325,8325,8325,8325,1000
2021-11-17 09:35:00,8325,8325,8350,8325,6300
2021-11-17 09:36:00,8350,8350,8350,8350,2800
2021-11-17 09:37:00,8350,8350,8350,8350,8100
2021-11-17 09:38:00,8325,8325,8350,8350,4200
2021-11-17 09:39:00,8350,8350,8350,8350,3300
2021-11-17 09:40:00,8350,8350,8350,8350,400
2021-11-17 09:41:00,8325,8325,8325,8325,5900
2021-11-17 09:42:00,8325,8325,8350,8325,3700
2021-11-17 09:43:00,8325,8325,8350,8325,0
2021-11-17 09:44:00,8325,8325,8325,8325,2200
2021-11-17 09:45:00,8350,8325,8350,8325,7100
2021-11-17 09:46:00,8325,8325,8350,8325,1000
2021-11-17 09:47:00,8325,8325,8350,8325,0
2021-11-17 09:48:00,8325,8325,8350,8325,0
2021-11-17 09:49:00,8350,8325,8350,8325,700
2021-11-17 09:50:00,8325,8325,8325,8325,2200
2021-11-17 09:51:00,8325,8325,8325,8325,0
2021-11-17 09:52:00,8350,8350,8350,8350,3800
2021-11-17 09:53:00,8350,8325,8350,8325,600
2021-11-17 09:54:00,8350,8350,8350,8350,1800
2021-11-17 09:55:00,8325,8325,8325,8325,500
2021-11-17 09:56:00,8325,8325,8325,8325,6100
2021-11-17 09:57:00,8325,8325,8325,8325,45400
2021-11-17 09:58:00,8325,8325,8325,8325,28700
2021-11-17 09:59:00,8325,8325,8325,8325,100
2021-11-17 10:00:00,8325,8325,8325,8325,100
2021-11-17 10:01:00,8325,8325,8325,8325,0
2021-11-17 10:02:00,8325,8325,8325,8325,1000
2021-11-17 10:03:00,8325,8325,8325,8325,1200
2021-11-17 10:04:00,8325,8325,8325,8325,300
2021-11-17 10:05:00,8325,8300,8325,8325,64400
2021-11-17 10:06:00,8325,8325,8325,8325,100
2021-11-17 10:07:00,8300,8300,8300,8300,3800
2021-11-17 10:08:00,8300,8300,8300,8300,12800
2021-11-17 10:09:00,8325,8325,8325,8325,200
2021-11-17 10:10:00,8325,8325,8325,8325,100
2021-11-17 10:11:00,8325,8300,8325,8300,700
2021-11-17 10:12:00,8300,8300,8300,8300,400
2021-11-17 10:13:00,8300,8300,8325,8300,3400
2021-11-17 10:14:00,8300,8300,8300,8300,1500
2021-11-17 10:15:00,8300,8300,8325,8300,1700
2021-11-17 10:16:00,8325,8325,8325,8325,500
2021-11-17 10:17:00,8325,8325,8325,8325,15600
2021-11-17 10:18:00,8325,8325,8325,8325,0
2021-11-17 10:19:00,8325,8325,8325,8325,100
2021-11-17 10:20:00,8325,8325,8325,8325,1100
2021-11-17 10:21:00,8325,8325,8325,8325,100
2021-11-17 10:22:00,8325,8325,8325,8325,100
2021-11-17 10:23:00,8325,8325,8325,8325,2200
2021-11-17 10:24:00,8325,8325,8325,8325,3000
2021-11-17 10:25:00,8325,8325,8325,8325,200
2021-11-17 10:26:00,8325,8325,8325,8325,1100
2021-11-17 10:27:00,8325,8325,8325,8325,100
2021-11-17 10:28:00,8325,8325,8325,8325,9300
2021-11-17 10:29:00,8325,8325,8325,8325,25200
2021-11-17 10:30:00,8325,8325,8325,8325,0
2021-11-17 10:31:00,8325,8325,8325,8325,0
2021-11-17 10:32:00,8325,8325,8325,8325,0
2021-11-17 10:33:00,8325,8325,8325,8325,200
2021-11-17 10:34:00,8325,8325,8325,8325,8800
2021-11-17 10:35:00,8325,8325,8325,8325,12600
2021-11-17 10:36:00,8300,8300,8300,8300,100
2021-11-17 10:37:00,8300,8300,8300,8300,0
2021-11-17 10:38:00,8325,8300,8325,8300,1300
2021-11-17 10:39:00,8300,8300,8300,8300,500
2021-11-17 10:40:00,8300,8300,8300,8300,200
2021-11-17 10:41:00,8300,8300,8300,8300,0
2021-11-17 10:42:00,8300,8300,8300,8300,0
2021-11-17 10:43:00,8300,8300,8300,8300,200
2021-11-17 10:44:00,8300,8300,8325,8300,400
2021-11-17 10:45:00,8325,8325,8325,8325,1600
2021-11-17 10:46:00,8325,8325,8325,8325,0
2021-11-17 10:47:00,8300,8300,8325,8325,2900
2021-11-17 10:48:00,8325,8325,8325,8325,2600
2021-11-17 10:49:00,8325,8325,8325,8325,4100
2021-11-17 10:50:00,8325,8300,8325,8300,1400
2021-11-17 10:51:00,8300,8300,8325,8325,5200
2021-11-17 10:52:00,8325,8325,8325,8325,200
2021-11-17 10:53:00,8325,8300,8325,8300,5700
2021-11-17 10:54:00,8300,8300,8300,8300,200
2021-11-17 10:55:00,8300,8300,8300,8300,0
2021-11-17 10:56:00,8300,8300,8300,8300,0
2021-11-17 10:57:00,8300,8300,8300,8300,0
2021-11-17 10:58:00,8300,8300,8300,8300,100
2021-11-17 10:59:00,8300,8300,8300,8300,600
2021-11-17 11:00:00,8300,8300,8300,8300,0
2021-11-17 11:01:00,8300,8300,8300,8300,200
2021-11-17 11:02:00,8300,8300,8300,8300,0
2021-11-17 11:03:00,8300,8300,8300,8300,400
2021-11-17 11:04:00,8325,8325,8325,8325,800
2021-11-17 11:05:00,8325,8325,8325,8325,19200
2021-11-17 11:06:00,8325,8325,8325,8325,600
2021-11-17 11:07:00,8325,8325,8325,8325,100
2021-11-17 11:08:00,8325,8325,8325,8325,500
2021-11-17 11:09:00,8325,8325,8350,8325,5800
2021-11-17 11:10:00,8325,8325,8325,8325,1200
2021-11-17 11:11:00,8325,8325,8325,8325,0
2021-11-17 11:12:00,8325,8325,8325,8325,0
2021-11-17 11:13:00,8325,8325,8325,8325,700
2021-11-17 11:14:00,8325,8325,8325,8325,0
2021-11-17 11:15:00,8325,8325,8325,8325,0
2021-11-17 11:16:00,8325,8325,8325,8325,3100
2021-11-17 11:17:00,8325,8325,8325,8325,0
2021-11-17 11:18:00,8325,8325,8350,8325,4700
2021-11-17 11:19:00,8325,8300,8325,8300,2700
2021-11-17 11:20:00,8300,8300,8325,8325,25000
2021-11-17 11:21:00,8325,8325,8325,8325,6600
2021-11-17 11:22:00,8325,8325,8325,8325,0
2021-11-17 11:23:00,8300,8300,8300,8300,100
2021-11-17 11:24:00,8300,8300,8325,8300,5800
2021-11-17 11:25:00,8300,8300,8300,8300,800
2021-11-17 11:26:00,8300,8300,8300,8300,600
2021-11-17 11:27:00,8325,8300,8325,8300,10500
2021-11-17 11:28:00,8325,8300,8325,8300,0
2021-11-17 11:29:00,8300,8300,8300,8300,200
2021-11-17 11:30:00,8300,8300,8300,8300,0
2021-11-17 11:31:00,8300,8300,8300,8300,0
2021-11-17 11:32:00,8300,8300,8300,8300,0
2021-11-17 11:33:00,8300,8300,8300,8300,0
2021-11-17 11:34:00,8300,8300,8300,8300,0
2021-11-17 11:35:00,8300,8300,8300,8300,0
2021-11-17 11:36:00,8300,8300,8300,8300,0
2021-11-17 11:37:00,8300,8300,8300,8300,0
2021-11-17 11:38:00,8300,8300,8300,8300,0
2021-11-17 11:39:00,8300,8300,8300,8300,0
2021-11-17 11:40:00,8300,8300,8300,8300,0
2021-11-17 11:41:00,8300,8300,8300,8300,0
2021-11-17 11:42:00,8300,8300,8300,8300,0
2021-11-17 11:43:00,8300,8300,8300,8300,0
2021-11-17 11:44:00,8300,8300,8300,8300,0
2021-11-17 11:45:00,8300,8300,8300,8300,0
2021-11-17 11:46:00,8300,8300,8300,8300,0
2021-11-17 11:47:00,8300,8300,8300,8300,0
2021-11-17 11:48:00,8300,8300,8300,8300,0
2021-11-17 11:49:00,8300,8300,8300,8300,0
2021-11-17 11:50:00,8300,8300,8300,8300,0
2021-11-17 11:51:00,8300,8300,8300,8300,0
2021-11-17 11:52:00,8300,8300,8300,8300,0
2021-11-17 11:53:00,8300,8300,8300,8300,0
2021-11-17 11:54:00,8300,8300,8300,8300,0
2021-11-17 11:55:00,8300,8300,8300,8300,0
2021-11-17 11:56:00,8300,8300,8300,8300,0
2021-11-17 11:57:00,8300,8300,8300,8300,0
2021-11-17 11:58:00,8300,8300,8300,8300,0
2021-11-17 11:59:00,8300,8300,8300,8300,0
2021-11-17 12:00:00,8300,8300,8300,8300,0
2021-11-17 12:01:00,8300,8300,8300,8300,0
2021-11-17 12:02:00,8300,8300,8300,8300,0
2021-11-17 12:03:00,8300,8300,8300,8300,0
2021-11-17 12:04:00,8300,8300,8300,8300,0
2021-11-17 12:05:00,8300,8300,8300,8300,0
2021-11-17 12:06:00,8300,8300,8300,8300,0
2021-11-17 12:07:00,8300,8300,8300,8300,0
2021-11-17 12:08:00,8300,8300,8300,8300,0
2021-11-17 12:09:00,8300,8300,8300,8300,0
2021-11-17 12:10:00,8300,8300,8300,8300,0
2021-11-17 12:11:00,8300,8300,8300,8300,0
2021-11-17 12:12:00,8300,8300,8300,8300,0
2021-11-17 12:13:00,8300,8300,8300,8300,0
2021-11-17 12:14:00,8300,8300,8300,8300,0
2021-11-17 12:15:00,8300,8300,8300,8300,0
2021-11-17 12:16:00,8300,8300,8300,8300,0
2021-11-17 12:17:00,8300,8300,8300,8300,0
2021-11-17 12:18:00,8300,8300,8300,8300,0
2021-11-17 12:19:00,8300,8300,8300,8300,0
2021-11-17 12:20:00,8300,8300,8300,8300,0
2021-11-17 12:21:00,8300,8300,8300,8300,0
2021-11-17 12:22:00,8300,8300,8300,8300,0
2021-11-17 12:23:00,8300,8300,8300,8300,0
2021-11-17 12:24:00,8300,8300,8300,8300,0
2021-11-17 12:25:00,8300,8300,8300,8300,0
2021-11-17 12:26:00,8300,8300,8300,8300,0
2021-11-17 12:27:00,8300,8300,8300,8300,0
2021-11-17 12:28:00,8300,8300,8300,8300,0
2021-11-17 12:29:00,8300,8300,8300,8300,0
2021-11-17 12:30:00,8300,8300,8300,8300,0
2021-11-17 12:31:00,8300,8300,8300,8300,0
2021-11-17 12:32:00,8300,8300,8300,8300,0
2021-11-17 12:33:00,8300,8300,8300,8300,0
2021-11-17 12:34:00,8300,8300,8300,8300,0
2021-11-17 12:35:00,8300,8300,8300,8300,0
2021-11-17 12:36:00,8300,8300,8300,8300,0
2021-11-17 12:37:00,8300,8300,8300,8300,0
2021-11-17 12:38:00,8300,8300,8300,8300,0
2021-11-17 12:39:00,8300,8300,8300,8300,0
2021-11-17 12:40:00,8300,8300,8300,8300,0
2021-11-17 12:41:00,8300,8300,8300,8300,0
2021-11-17 12:42:00,8300,8300,8300,8300,0
2021-11-17 12:43:00,8300,8300,8300,8300,0
2021-11-17 12:44:00,8300,8300,8300,8300,0
2021-11-17 12:45:00,8300,8300,8300,8300,0
2021-11-17 12:46:00,8300,8300,8300,8300,0
2021-11-17 12:47:00,8300,8300,8300,8300,0
2021-11-17 12:48:00,8300,8300,8300,8300,0
2021-11-17 12:49:00,8300,8300,8300,8300,0
2021-11-17 12:50:00,8300,8300,8300,8300,0
2021-11-17 12:51:00,8300,8300,8300,8300,0
2021-11-17 12:52:00,8300,8300,8300,8300,0
2021-11-17 12:53:00,8300,8300,8300,8300,0
2021-11-17 12:54:00,8300,8300,8300,8300,0
2021-11-17 12:55:00,8300,8300,8300,8300,0
2021-11-17 12:56:00,8300,8300,8300,8300,0
2021-11-17 12:57:00,8300,8300,8300,8300,0
2021-11-17 12:58:00,8300,8300,8300,8300,0
2021-11-17 12:59:00,8300,8300,8300,8300,0
2021-11-17 13:00:00,8300,8300,8300,8300,0
2021-11-17 13:01:00,8300,8300,8300,8300,0
2021-11-17 13:02:00,8300,8300,8300,8300,0
2021-11-17 13:03:00,8300,8300,8300,8300,0
2021-11-17 13:04:00,8300,8300,8300,8300,0
2021-11-17 13:05:00,8300,8300,8300,8300,0
2021-11-17 13:06:00,8300,8300,8300,8300,0
2021-11-17 13:07:00,8300,8300,8300,8300,0
2021-11-17 13:08:00,8300,8300,8300,8300,0
2021-11-17 13:09:00,8300,8300,8300,8300,0
2021-11-17 13:10:00,8300,8300,8300,8300,0
2021-11-17 13:11:00,8300,8300,8300,8300,0
2021-11-17 13:12:00,8300,8300,8300,8300,0
2021-11-17 13:13:00,8300,8300,8300,8300,0
2021-11-17 13:14:00,8300,8300,8300,8300,0
2021-11-17 13:15:00,8300,8300,8300,8300,0
2021-11-17 13:16:00,8300,8300,8300,8300,0
2021-11-17 13:17:00,8300,8300,8300,8300,0
2021-11-17 13:18:00,8300,8300,8300,8300,0
2021-11-17 13:19:00,8300,8300,8300,8300,0
2021-11-17 13:20:00,8300,8300,8300,8300,0
2021-11-17 13:21:00,8300,8300,8300,8300,0
2021-11-17 13:22:00,8300,8300,8300,8300,0
2021-11-17 13:23:00,8300,8300,8300,8300,0
2021-11-17 13:24:00,8300,8300,8300,8300,0
2021-11-17 13:25:00,8300,8300,8300,8300,0
2021-11-17 13:26:00,8300,8300,8300,8300,0
2021-11-17 13:27:00,8300,8300,8300,8300,0
2021-11-17 13:28:00,8300,8300,8300,8300,0
2021-11-17 13:29:00,8300,8300,8300,8300,0
2021-11-17 13:30:00,8300,8300,8325,8325,112600
2021-11-17 13:31:00,8325,8325,8325,8325,8100
2021-11-17 13:32:00,8300,8300,8325,8325,4900
2021-11-17 13:33:00,8325,8325,8325,8325,8000
2021-11-17 13:34:00,8325,8300,8325,8300,4000
2021-11-17 13:35:00,8325,8325,8325,8325,1000
2021-11-17 13:36:00,8325,8300,8325,8300,8500
2021-11-17 13:37:00,8300,8300,8300,8300,4400
2021-11-17 13:38:00,8300,8300,8300,8300,0
2021-11-17 13:39:00,8325,8300,8325,8300,5900
2021-11-17 13:40:00,8300,8300,8300,8300,600
2021-11-17 13:41:00,8325,8325,8325,8325,1000
2021-11-17 13:42:00,8300,8300,8325,8325,6200
2021-11-17 13:43:00,8300,8300,8300,8300,300
2021-11-17 13:44:00,8325,8325,8325,8325,6900
2021-11-17 13:45:00,8325,8325,8325,8325,13100
2021-11-17 13:46:00,8325,8325,8325,8325,43700
2021-11-17 13:47:00,8325,8300,8325,8300,6100
2021-11-17 13:48:00,8325,8325,8325,8325,3200
2021-11-17 13:49:00,8300,8300,8300,8300,700
2021-11-17 13:50:00,8325,8325,8325,8325,1900
2021-11-17 13:51:00,8300,8300,8300,8300,2200
2021-11-17 13:52:00,8300,8300,8325,8325,7600
2021-11-17 13:53:00,8300,8300,8300,8300,14800
2021-11-17 13:54:00,8300,8300,8325,8325,18600
2021-11-17 13:55:00,8325,8325,8325,8325,3600
2021-11-17 13:56:00,8325,8325,8325,8325,0
2021-11-17 13:57:00,8325,8325,8325,8325,500
2021-11-17 13:58:00,8325,8300,8325,8300,1700
2021-11-17 13:59:00,8300,8300,8300,8300,5000
2021-11-17 14:00:00,8300,8300,8325,8300,26900
2021-11-17 14:01:00,8300,8300,8300,8300,2700
2021-11-17 14:02:00,8300,8300,8300,8300,0
2021-11-17 14:03:00,8300,8300,8300,8300,17000
2021-11-17 14:04:00,8300,8300,8300,8300,500
2021-11-17 14:05:00,8300,8300,8300,8300,600
2021-11-17 14:06:00,8300,8300,8300,8300,16200
2021-11-17 14:07:00,8300,8300,8300,8300,11100
2021-11-17 14:08:00,8300,8300,8300,8300,2200
2021-11-17 14:09:00,8300,8300,8300,8300,4300
2021-11-17 14:10:00,8325,8300,8325,8300,32900
2021-11-17 14:11:00,8300,8275,8300,8300,90100
2021-11-17 14:12:00,8275,8275,8275,8275,200
2021-11-17 14:13:00,8275,8275,8275,8275,1700
2021-11-17 14:14:00,8275,8275,8375,8350,351100
2021-11-17 14:15:00,8350,8350,8375,8350,21300
2021-11-17 14:16:00,8375,8375,8375,8375,1800
2021-11-17 14:17:00,8375,8375,8375,8375,59500
2021-11-17 14:18:00,8375,8375,8400,8400,1300
2021-11-17 14:19:00,8400,8350,8400,8350,51800
2021-11-17 14:20:00,8350,8350,8375,8375,7400
2021-11-17 14:21:00,8375,8350,8375,8375,3600
2021-11-17 14:22:00,8375,8350,8375,8375,7000
2021-11-17 14:23:00,8375,8350,8375,8375,28500
2021-11-17 14:24:00,8375,8350,8375,8375,4100
2021-11-17 14:25:00,8375,8350,8375,8350,16400
2021-11-17 14:26:00,8350,8350,8375,8350,12000
2021-11-17 14:27:00,8375,8350,8375,8350,10600
2021-11-17 14:28:00,8350,8350,8350,8350,15600
2021-11-17 14:29:00,8350,8350,8350,8350,4000
2021-11-17 14:30:00,8350,8350,8350,8350,0
2021-11-17 14:31:00,8325,8325,8350,8325,35000
2021-11-17 14:32:00,8325,8300,8325,8325,600
2021-11-17 14:33:00,8325,8300,8325,8300,3600
2021-11-17 14:34:00,8325,8300,8325,8300,32900
2021-11-17 14:35:00,8325,8300,8325,8300,77400
2021-11-17 14:36:00,8325,8300,8325,8300,30600
2021-11-17 14:37:00,8300,8275,8300,8300,8600
2021-11-17 14:38:00,8300,8275,8300,8300,18000
2021-11-17 14:39:00,8300,8300,8300,8300,38900
2021-11-17 14:40:00,8325,8300,8325,8325,13100
2021-11-17 14:41:00,8325,8300,8325,8300,15900
2021-11-17 14:42:00,8325,8300,8325,8300,6800
2021-11-17 14:43:00,8325,8300,8325,8300,11600
2021-11-17 14:44:00,8325,8325,8325,8325,4700
2021-11-17 14:45:00,8325,8300,8325,8300,10600
2021-11-17 14:46:00,8325,8300,8325,8300,12200
2021-11-17 14:47:00,8325,8300,8325,8300,88200
2021-11-17 14:48:00,8300,8275,8300,8275,44100
2021-11-17 14:49:00,8275,8275,8300,8275,74500
2021-11-17 14:50:00,8275,8275,8275,8275,100
2021-11-17 14:51:00,8275,8275,8275,8275,0
2021-11-17 14:52:00,8275,8275,8275,8275,0
2021-11-17 14:53:00,8275,8275,8275,8275,0
2021-11-17 14:54:00,8275,8275,8275,8275,0
2021-11-17 14:55:00,8275,8275,8275,8275,0
2021-11-17 14:56:00,8275,8275,8275,8275,0
2021-11-17 14:57:00,8275,8275,8275,8275,0
2021-11-17 14:58:00,8275,8275,8275,8275,0
2021-11-17 14:59:00,8275,8275,8275,8275,0
2021-11-17 15:00:00,8325,8325,8325,8325,146400
2021-11-17 15:01:00,8325,8325,8325,8325,0
2021-11-17 15:02:00,8325,8325,8325,8325,0
2021-11-17 15:03:00,8325,8325,8325,8325,0
2021-11-17 15:04:00,8325,8325,8325,8325,0
2021-11-17 15:05:00,8325,8325,8325,8325,23600
2021-11-17 15:06:00,8325,8325,8325,8325,2300
2021-11-17 15:07:00,8325,8325,8325,8325,5100
2021-11-17 15:08:00,8325,8325,8325,8325,35100
2021-11-17 15:09:00,8325,8325,8325,8325,5400
2021-11-17 15:10:00,8325,8325,8325,8325,0
2021-11-17 15:11:00,8325,8325,8325,8325,0
2021-11-17 15:12:00,8325,8325,8325,8325,200
2021-11-17 15:13:00,8325,8325,8325,8325,1700
2021-11-17 15:14:00,8325,8325,8325,8325,1000
2021-11-17 15:15:00,8325,8325,8325,8325,0
2021-11-17 15:16:00,8325,8325,8325,8325,0
2021-11-17 15:17:00,8325,8325,8325,8325,0
2021-11-17 15:18:00,8325,8325,8325,8325,0
2021-11-17 15:19:00,8325,8325,8325,8325,0
2021-11-17 15:20:00,8325,8325,8325,8325,0
2021-11-17 15:21:00,8325,8325,8325,8325,0
2021-11-17 15:22:00,8325,8325,8325,8325,0
2021-11-17 15:23:00,8325,8325,8325,8325,0
2021-11-17 15:24:00,8325,8325,8325,8325,0
2021-11-17 15:25:00,8325,8325,8325,8325,0
2021-11-17 15:26:00,8325,8325,8325,8325,0
2021-11-17 15:27:00,8325,8325,8325,8325,0
2021-11-17 15:28:00,8325,8325,8325,8325,0
2021-11-17 15:29:00,8325,8325,8325,8325,0
2021-11-17 15:30:00,8325,8325,8325,8325,0
2021-11-17 15:31:00,8325,8325,8325,8325,0
2021-11-17 15:32:00,8325,8325,8325,8325,0
2021-11-17 15:33:00,8325,8325,8325,8325,0
2021-11-17 15:34:00,8325,8325,8325,8325,0
2021-11-17 15:35:00,8325,8325,8325,8325,0
2021-11-17 15:36:00,8325,8325,8325,8325,0
2021-11-17 15:37:00,8325,8325,8325,8325,0
2021-11-17 15:38:00,8325,8325,8325,8325,0
2021-11-17 15:39:00,8325,8325,8325,8325,0
2021-11-17 15:40:00,8325,8325,8325,8325,0
2021-11-17 15:41:00,8325,8325,8325,8325,0
2021-11-17 15:42:00,8325,8325,8325,8325,0
2021-11-17 15:43:00,8325,8325,8325,8325,0
2021-11-17 15:44:00,8325,8325,8325,8325,0
2021-11-17 15:45:00,8325,8325,8325,8325,0
2021-11-17 15:46:00,8325,8325,8325,8325,0
2021-11-17 15:47:00,8325,8325,8325,8325,0
2021-11-17 15:48:00,8325,8325,8325,8325,0
2021-11-17 15:49:00,8325,8325,8325,8325,0
2021-11-17 15:50:00,8325,8325,8325,8325,0
2021-11-17 15:51:00,8325,8325,8325,8325,0
2021-11-17 15:52:00,8325,8325,8325,8325,0
2021-11-17 15:53:00,8325,8325,8325,8325,0
2021-11-17 15:54:00,8325,8325,8325,8325,0
2021-11-17 15:55:00,8325,8325,8325,8325,0
2021-11-17 15:56:00,8325,8325,8325,8325,0
2021-11-17 15:57:00,8325,8325,8325,8325,0
2021-11-17 15:58:00,8325,8325,8325,8325,0
2021-11-17 15:59:00,8325,8325,8325,8325,0
2021-11-18 09:00:00,8325,8325,8325,8325,28600
2021-11-18 09:01:00,8325,8325,8325,8325,17000
2021-11-18 09:02:00,8325,8300,8325,8325,10500
2021-11-18 09:03:00,8350,8350,8350,8350,5500
2021-11-18 09:04:00,8350,8350,8350,8350,700
2021-11-18 09:05:00,8325,8325,8350,8350,18800
2021-11-18 09:06:00,8350,8325,8350,8325,7400
2021-11-18 09:07:00,8350,8325,8350,8325,0
2021-11-18 09:08:00,8325,8325,8325,8325,4700
2021-11-18 09:09:00,8325,8325,8325,8325,2900
2021-11-18 09:10:00,8350,8350,8350,8350,2700
2021-11-18 09:11:00,8325,8325,8350,8325,10700
2021-11-18 09:12:00,8350,8350,8350,8350,20400
2021-11-18 09:13:00,8350,8325,8350,8350,20800
2021-11-18 09:14:00,8350,8350,8350,8350,400
2021-11-18 09:15:00,8350,8350,8350,8350,2100
2021-11-18 09:16:00,8350,8350,8350,8350,0
2021-11-18 09:17:00,8350,8350,8350,8350,0
2021-11-18 09:18:00,8325,8325,8350,8350,200
2021-11-18 09:19:00,8325,8325,8350,8350,0
2021-11-18 09:20:00,8350,8350,8350,8350,5900
2021-11-18 09:21:00,8325,8325,8350,8350,500
2021-11-18 09:22:00,8350,8350,8350,8350,200
2021-11-18 09:23:00,8325,8325,8325,8325,7100
2021-11-18 09:24:00,8325,8325,8325,8325,30300
2021-11-18 09:25:00,8325,8325,8325,8325,600
2021-11-18 09:26:00,8325,8325,8325,8325,400
2021-11-18 09:27:00,8325,8300,8325,8300,300
2021-11-18 09:28:00,8300,8300,8300,8300,100
2021-11-18 09:29:00,8300,8300,8300,8300,1300
2021-11-18 09:30:00,8325,8300,8325,8300,5900
2021-11-18 09:31:00,8325,8300,8325,8300,400
2021-11-18 09:32:00,8300,8300,8300,8300,300
2021-11-18 09:33:00,8300,8300,8300,8300,500
2021-11-18 09:34:00,8300,8300,8300,8300,800
2021-11-18 09:35:00,8300,8300,8300,8300,500
2021-11-18 09:36:00,8300,8275,8300,8275,68500
2021-11-18 09:37:00,8300,8275,8300,8275,55800
2021-11-18 09:38:00,8300,8300,8300,8300,6400
2021-11-18 09:39:00,8275,8275,8300,8275,2300
2021-11-18 09:40:00,8275,8275,8300,8275,0
2021-11-18 09:41:00,8275,8275,8275,8275,600
2021-11-18 09:42:00,8275,8275,8275,8275,500
2021-11-18 09:43:00,8275,8275,8275,8275,1300
2021-11-18 09:44:00,8300,8275,8300,8300,7300
2021-11-18 09:45:00,8275,8275,8275,8275,200
2021-11-18 09:46:00,8300,8300,8300,8300,2100
2021-11-18 09:47:00,8300,8300,8300,8300,100
2021-11-18 09:48:00,8300,8300,8300,8300,1300
2021-11-18 09:49:00,8300,8300,8300,8300,5600
2021-11-18 09:50:00,8275,8275,8275,8275,100
2021-11-18 09:51:00,8275,8275,8275,8275,5600
2021-11-18 09:52:00,8275,8275,8275,8275,1000
2021-11-18 09:53:00,8275,8275,8300,8300,3000
2021-11-18 09:54:00,8275,8275,8300,8300,19900
2021-11-18 09:55:00,8300,8275,8300,8275,2100
2021-11-18 09:56:00,8275,8275,8275,8275,200
2021-11-18 09:57:00,8275,8275,8275,8275,2000
2021-11-18 09:58:00,8275,8275,8275,8275,500
2021-11-18 09:59:00,8275,8275,8275,8275,1200
2021-11-18 10:00:00,8275,8275,8275,8275,0
2021-11-18 10:01:00,8275,8275,8300,8300,200
2021-11-18 10:02:00,8300,8275,8300,8275,10000
2021-11-18 10:03:00,8300,8275,8300,8275,0
2021-11-18 10:04:00,8275,8275,8275,8275,36300
2021-11-18 10:05:00,8275,8250,8275,8250,13000
2021-11-18 10:06:00,8275,8275,8275,8275,3600
2021-11-18 10:07:00,8275,8250,8275,8250,6500
2021-11-18 10:08:00,8250,8250,8275,8275,5500
2021-11-18 10:09:00,8275,8250,8275,8250,6100
2021-11-18 10:10:00,8275,8250,8275,8275,19200
2021-11-18 10:11:00,8250,8250,8275,8275,1400
2021-11-18 10:12:00,8250,8250,8275,8250,2200
2021-11-18 10:13:00,8250,8250,8250,8250,7200
2021-11-18 10:14:00,8250,8250,8250,8250,30100
2021-11-18 10:15:00,8275,8275,8275,8275,30900
2021-11-18 10:16:00,8275,8275,8275,8275,100
2021-11-18 10:17:00,8275,8250,8275,8250,7700
2021-11-18 10:18:00,8275,8275,8275,8275,900
2021-11-18 10:19:00,8275,8275,8275,8275,400
2021-11-18 10:20:00,8275,8275,8275,8275,100
2021-11-18 10:21:00,8275,8275,8275,8275,200
2021-11-18 10:22:00,8275,8275,8275,8275,1200
2021-11-18 10:23:00,8275,8275,8275,8275,1800
2021-11-18 10:24:00,8275,8275,8275,8275,0
2021-11-18 10:25:00,8275,8250,8275,8250,44200
2021-11-18 10:26:00,8275,8250,8275,8250,11500
2021-11-18 10:27:00,8275,8275,8275,8275,300
2021-11-18 10:28:00,8275,8275,8275,8275,500
2021-11-18 10:29:00,8275,8250,8275,8275,20800
2021-11-18 10:30:00,8275,8275,8275,8275,1800
2021-11-18 10:31:00,8275,8275,8275,8275,1400
2021-11-18 10:32:00,8275,8275,8275,8275,0
2021-11-18 10:33:00,8275,8275,8275,8275,0
2021-11-18 10:34:00,8275,8275,8275,8275,5000
2021-11-18 10:35:00,8275,8275,8275,8275,1700
2021-11-18 10:36:00,8250,8250,8250,8250,200
2021-11-18 10:37:00,8250,8250,8250,8250,0
2021-11-18 10:38:00,8250,8250,8275,8275,3700
2021-11-18 10:39:00,8275,8275,8275,8275,400
2021-11-18 10:40:00,8275,8275,8275,8275,0
2021-11-18 10:41:00,8275,8275,8275,8275,1400
2021-11-18 10:42:00,8275,8275,8275,8275,0
2021-11-18 10:43:00,8275,8275,8275,8275,1300
2021-11-18 10:44:00,8275,8250,8275,8250,15500
2021-11-18 10:45:00,8275,8275,8275,8275,600
2021-11-18 10:46:00,8275,8275,8300,8300,2300
2021-11-18 10:47:00,8275,8275,8300,8275,3200
2021-11-18 10:48:00,8275,8275,8275,8275,2800
2021-11-18 10:49:00,8275,8275,8275,8275,700
2021-11-18 10:50:00,8275,8275,8275,8275,21700
2021-11-18 10:51:00,8275,8275,8275,8275,100
2021-11-18 10:52:00,8275,8275,8275,8275,200
2021-11-18 10:53:00,8275,8275,8275,8275,400
2021-11-18 10:54:00,8275,8275,8275,8275,0
2021-11-18 10:55:00,8275,8275,8275,8275,0
2021-11-18 10:56:00,8275,8275,8275,8275,5100
2021-11-18 10:57:00,8275,8275,8275,8275,1200
2021-11-18 10:58:00,8275,8275,8275,8275,400
2021-11-18 10:59:00,8275,8275,8275,8275,1000
2021-11-18 11:00:00,8275,8275,8275,8275,500
2021-11-18 11:01:00,8275,8275,8275,8275,100
2021-11-18 11:02:00,8275,8275,8275,8275,5200
2021-11-18 11:03:00,8275,8275,8275,8275,0
2021-11-18 11:04:00,8275,8275,8275,8275,0
2021-11-18 11:05:00,8275,8275,8275,8275,700
2021-11-18 11:06:00,8275,8275,8275,8275,100
2021-11-18 11:07:00,8275,8275,8275,8275,500
2021-11-18 11:08:00,8250,8250,8250,8250,2500
2021-11-18 11:09:00,8275,8275,8275,8275,300
2021-11-18 11:10:00,8275,8275,8275,8275,400
2021-11-18 11:11:00,8275,8275,8275,8275,0
2021-11-18 11:12:00,8275,8275,8275,8275,0
2021-11-18 11:13:00,8275,8250,8275,8275,1900
2021-11-18 11:14:00,8275,8275,8275,8275,700
2021-11-18 11:15:00,8250,8250,8275,8275,700
2021-11-18 11:16:00,8250,8250,8275,8275,0
2021-11-18 11:17:00,8275,8250,8275,8275,3600
2021-11-18 11:18:00,8275,8250,8275,8275,0
2021-11-18 11:19:00,8275,8275,8275,8275,12100
2021-11-18 11:20:00,8275,8275,8275,8275,1600
2021-11-18 11:21:00,8250,8250,8275,8275,5200
2021-11-18 11:22:00,8275,8250,8275,8250,1400
2021-11-18 11:23:00,8250,8250,8250,8250,2500
2021-11-18 11:24:00,8250,8250,8250,8250,100
2021-11-18 11:25:00,8275,8275,8275,8275,200
2021-11-18 11:26:00,8275,8275,8275,8275,0
2021-11-18 11:27:00,8275,8275,8275,8275,0
2021-11-18 11:28:00,8275,8275,8275,8275,100
2021-11-18 11:29:00,8275,8250,8275,8275,4300
2021-11-18 11:30:00,8275,8250,8275,8275,0
2021-11-18 11:31:00,8275,8250,8275,8275,0
2021-11-18 11:32:00,8275,8250,8275,8275,0
2021-11-18 11:33:00,8275,8250,8275,8275,0
2021-11-18 11:34:00,8275,8250,8275,8275,0
2021-11-18 11:35:00,8275,8250,8275,8275,0
2021-11-18 11:36:00,8275,8250,8275,8275,0
2021-11-18 11:37:00,8275,8250,8275,8275,0
2021-11-18 11:38:00,8275,8250,8275,8275,0
2021-11-18 11:39:00,8275,8250,8275,8275,0
2021-11-18 11:40:00,8275,8250,8275,8275,0
2021-11-18 11:41:00,8275,8250,8275,8275,0
2021-11-18 11:42:00,8275,8250,8275,8275,0
2021-11-18 11:43:00,8275,8250,8275,8275,0
2021-11-18 11:44:00,8275,8250,8275,8275,0
2021-11-18 11:45:00,8275,8250,8275,8275,0
2021-11-18 11:46:00,8275,8250,8275,8275,0
2021-11-18 11:47:00,8275,8250,8275,8275,0
2021-11-18 11:48:00,8275,8250,8275,8275,0
2021-11-18 11:49:00,8275,8250,8275,8275,0
2021-11-18 11:50:00,8275,8250,8275,8275,0
2021-11-18 11:51:00,8275,8250,8275,8275,0
2021-11-18 11:52:00,8275,8250,8275,8275,0
2021-11-18 11:53:00,8275,8250,8275,8275,0
2021-11-18 11:54:00,8275,8250,8275,8275,0
2021-11-18 11:55:00,8275,8250,8275,8275,0
2021-11-18 11:56:00,8275,8250,8275,8275,0
2021-11-18 11:57:00,8275,8250,8275,8275,0
2021-11-18 11:58:00,8275,8250,8275,8275,0
2021-11-18 11:59:00,8275,8250,8275,8275,0
2021-11-18 12:00:00,8275,8250,8275,8275,0
2021-11-18 12:01:00,8275,8250,8275,8275,0
2021-11-18 12:02:00,8275,8250,8275,8275,0
2021-11-18 12:03:00,8275,8250,8275,8275,0
2021-11-18 12:04:00,8275,8250,8275,8275,0
2021-11-18 12:05:00,8275,8250,8275,8275,0
2021-11-18 12:06:00,8275,8250,8275,8275,0
2021-11-18 12:07:00,8275,8250,8275,8275,0
2021-11-18 12:08:00,8275,8250,8275,8275,0
2021-11-18 12:09:00,8275,8250,8275,8275,0
2021-11-18 12:10:00,8275,8250,8275,8275,0
2021-11-18 12:11:00,8275,8250,8275,8275,0
2021-11-18 12:12:00,8275,8250,8275,8275,0
2021-11-18 12:13:00,8275,8250,8275,8275,0
2021-11-18 12:14:00,8275,8250,8275,8275,0
2021-11-18 12:15:00,8275,8250,8275,8275,0
2021-11-18 12:16:00,8275,8250,8275,8275,0
2021-11-18 12:17:00,8275,8250,8275,8275,0
2021-11-18 12:18:00,8275,8250,8275,8275,0
2021-11-18 12:19:00,8275,8250,8275,8275,0
2021-11-18 12:20:00,8275,8250,8275,8275,0
2021-11-18 12:21:00,8275,8250,8275,8275,0
2021-11-18 12:22:00,8275,8250,8275,8275,0
2021-11-18 12:23:00,8275,8250,8275,8275,0
2021-11-18 12:24:00,8275,8250,8275,8275,0
2021-11-18 12:25:00,8275,8250,8275,8275,0
2021-11-18 12:26:00,8275,8250,8275,8275,0
2021-11-18 12:27:00,8275,8250,8275,8275,0
2021-11-18 12:28:00,8275,8250,8275,8275,0
2021-11-18 12:29:00,8275,8250,8275,8275,0
2021-11-18 12:30:00,8275,8250,8275,8275,0
2021-11-18 12:31:00,8275,8250,8275,8275,0
2021-11-18 12:32:00,8275,8250,8275,8275,0
2021-11-18 12:33:00,8275,8250,8275,8275,0
2021-11-18 12:34:00,8275,8250,8275,8275,0
2021-11-18 12:35:00,8275,8250,8275,8275,0
2021-11-18 12:36:00,8275,8250,8275,8275,0
2021-11-18 12:37:00,8275,8250,8275,8275,0
2021-11-18 12:38:00,8275,8250,8275,8275,0
2021-11-18 12:39:00,8275,8250,8275,8275,0
2021-11-18 12:40:00,8275,8250,8275,8275,0
2021-11-18 12:41:00,8275,8250,8275,8275,0
2021-11-18 12:42:00,8275,8250,8275,8275,0
2021-11-18 12:43:00,8275,8250,8275,8275,0
2021-11-18 12:44:00,8275,8250,8275,8275,0
2021-11-18 12:45:00,8275,8250,8275,8275,0
2021-11-18 12:46:00,8275,8250,8275,8275,0
2021-11-18 12:47:00,8275,8250,8275,8275,0
2021-11-18 12:48:00,8275,8250,8275,8275,0
2021-11-18 12:49:00,8275,8250,8275,8275,0
2021-11-18 12:50:00,8275,8250,8275,8275,0
2021-11-18 12:51:00,8275,8250,8275,8275,0
2021-11-18 12:52:00,8275,8250,8275,8275,0
2021-11-18 12:53:00,8275,8250,8275,8275,0
2021-11-18 12:54:00,8275,8250,8275,8275,0
2021-11-18 12:55:00,8275,8250,8275,8275,0
2021-11-18 12:56:00,8275,8250,8275,8275,0
2021-11-18 12:57:00,8275,8250,8275,8275,0
2021-11-18 12:58:00,8275,8250,8275,8275,0
2021-11-18 12:59:00,8275,8250,8275,8275,0
2021-11-18 13:00:00,8275,8250,8275,8275,0
2021-11-18 13:01:00,8275,8250,8275,8275,0
2021-11-18 13:02:00,8275,8250,8275,8275,0
2021-11-18 13:03:00,8275,8250,8275,8275,0
2021-11-18 13:04:00,8275,8250,8275,8275,0
2021-11-18 13:05:00,8275,8250,8275,8275,0
2021-11-18 13:06:00,8275,8250,8275,8275,0
2021-11-18 13:07:00,8275,8250,8275,8275,0
2021-11-18 13:08:00,8275,8250,8275,8275,0
2021-11-18 13:09:00,8275,8250,8275,8275,0
2021-11-18 13:10:00,8275,8250,8275,8275,0
2021-11-18 13:11:00,8275,8250,8275,8275,0
2021-11-18 13:12:00,8275,8250,8275,8275,0
2021-11-18 13:13:00,8275,8250,8275,8275,0
2021-11-18 13:14:00,8275,8250,8275,8275,0
2021-11-18 13:15:00,8275,8250,8275,8275,0
2021-11-18 13:16:00,8275,8250,8275,8275,0
2021-11-18 13:17:00,8275,8250,8275,8275,0
2021-11-18 13:18:00,8275,8250,8275,8275,0
2021-11-18 13:19:00,8275,8250,8275,8275,0
2021-11-18 13:20:00,8275,8250,8275,8275,0
2021-11-18 13:21:00,8275,8250,8275,8275,0
2021-11-18 13:22:00,8275,8250,8275,8275,0
2021-11-18 13:23:00,8275,8250,8275,8275,0
2021-11-18 13:24:00,8275,8250,8275,8275,0
2021-11-18 13:25:00,8275,8250,8275,8275,0
2021-11-18 13:26:00,8275,8250,8275,8275,0
2021-11-18 13:27:00,8275,8250,8275,8275,0
2021-11-18 13:28:00,8275,8250,8275,8275,0
2021-11-18 13:29:00,8275,8250,8275,8275,0
2021-11-18 13:30:00,8275,8250,8275,8250,54500
2021-11-18 13:31:00,8275,8250,8275,8250,0
2021-11-18 13:32:00,8250,8250,8250,8250,1700
2021-11-18 13:33:00,8250,8250,8250,8250,8500
2021-11-18 13:34:00,8250,8250,8250,8250,0
2021-11-18 13:35:00,8250,8250,8250,8250,3200
2021-11-18 13:36:00,8250,8250,8275,8275,4400
2021-11-18 13:37:00,8250,8250,8275,8275,1000
2021-11-18 13:38:00,8250,8250,8275,8275,0
2021-11-18 13:39:00,8275,8275,8275,8275,1600
2021-11-18 13:40:00,8275,8275,8275,8275,0
2021-11-18 13:41:00,8275,8275,8275,8275,600
2021-11-18 13:42:00,8275,8250,8275,8250,1000
2021-11-18 13:43:00,8250,8250,8250,8250,700
2021-11-18 13:44:00,8250,8250,8250,8250,0
2021-11-18 13:45:00,8250,8250,8275,8275,1600
2021-11-18 13:46:00,8275,8275,8275,8275,600
2021-11-18 13:47:00,8250,8250,8250,8250,600
2021-11-18 13:48:00,8250,8250,8250,8250,1500
2021-11-18 13:49:00,8275,8275,8275,8275,200
2021-11-18 13:50:00,8250,8250,8250,8250,23100
2021-11-18 13:51:00,8250,8250,8275,8275,800
2021-11-18 13:52:00,8250,8250,8250,8250,9000
2021-11-18 13:53:00,8250,8250,8275,8250,7900
2021-11-18 13:54:00,8250,8250,8250,8250,7000
2021-11-18 13:55:00,8250,8250,8250,8250,0
2021-11-18 13:56:00,8250,8250,8250,8250,26700
2021-11-18 13:57:00,8250,8250,8250,8250,1700
2021-11-18 13:58:00,8250,8250,8250,8250,4300
2021-11-18 13:59:00,8250,8250,8250,8250,13800
2021-11-18 14:00:00,8250,8250,8275,8250,3300
2021-11-18 14:01:00,8275,8275,8275,8275,5500
2021-11-18 14:02:00,8275,8250,8275,8250,1600
2021-11-18 14:03:00,8275,8250,8275,8250,0
2021-11-18 14:04:00,8250,8250,8275,8250,13400
2021-11-18 14:05:00,8250,8250,8250,8250,5100
2021-11-18 14:06:00,8250,8250,8250,8250,22200
2021-11-18 14:07:00,8250,8250,8275,8275,16000
2021-11-18 14:08:00,8250,8250,8275,8275,0
2021-11-18 14:09:00,8250,8250,8275,8275,4600
2021-11-18 14:10:00,8250,8250,8275,8275,0
2021-11-18 14:11:00,8250,8250,8275,8275,5500
2021-11-18 14:12:00,8275,8275,8275,8275,600
2021-11-18 14:13:00,8250,8250,8275,8275,12900
2021-11-18 14:14:00,8250,8250,8275,8275,0
2021-11-18 14:15:00,8250,8250,8275,8275,0
2021-11-18 14:16:00,8250,8250,8275,8275,0
2021-11-18 14:17:00,8275,8275,8275,8275,100
2021-11-18 14:18:00,8275,8275,8275,8275,0
2021-11-18 14:19:00,8275,8275,8275,8275,500
2021-11-18 14:20:00,8250,8250,8250,8250,2100
2021-11-18 14:21:00,8250,8250,8250,8250,1200
2021-11-18 14:22:00,8250,8250,8250,8250,21600
2021-11-18 14:23:00,8250,8250,8250,8250,84100
2021-11-18 14:24:00,8250,8225,8250,8250,52300
2021-11-18 14:25:00,8250,8225,8250,8225,3900
2021-11-18 14:26:00,8225,8225,8225,8225,18400
2021-11-18 14:27:00,8225,8225,8250,8225,11300
2021-11-18 14:28:00,8225,8225,8250,8250,5600
2021-11-18 14:29:00,8250,8225,8250,8225,11700
2021-11-18 14:30:00,8225,8225,8250,8225,36700
2021-11-18 14:31:00,8225,8225,8250,8225,8400
2021-11-18 14:32:00,8225,8225,8225,8225,7200
2021-11-18 14:33:00,8225,8200,8225,8200,84300
2021-11-18 14:34:00,8200,8200,8200,8200,2000
2021-11-18 14:35:00,8200,8200,8225,8200,34500
2021-11-18 14:36:00,8200,8200,8225,8225,4800
2021-11-18 14:37:00,8225,8200,8225,8225,16100
2021-11-18 14:38:00,8225,8200,8225,8225,2500
2021-11-18 14:39:00,8200,8200,8225,8200,14400
2021-11-18 14:40:00,8200,8200,8225,8225,29500
2021-11-18 14:41:00,8225,8200,8225,8225,5900
2021-11-18 14:42:00,8225,8200,8225,8225,13100
2021-11-18 14:43:00,8225,8200,8225,8225,38800
2021-11-18 14:44:00,8225,8200,8225,8200,6500
2021-11-18 14:45:00,8225,8200,8225,8225,10800
2021-11-18 14:46:00,8225,8200,8225,8200,17900
2021-11-18 14:47:00,8200,8200,8250,8250,21800
2021-11-18 14:48:00,8250,8225,8250,8225,6000
2021-11-18 14:49:00,8225,8225,8250,8250,1900
2021-11-18 14:50:00,8225,8225,8250,8250,0
2021-11-18 14:51:00,8225,8225,8250,8250,0
2021-11-18 14:52:00,8225,8225,8250,8250,0
2021-11-18 14:53:00,8225,8225,8250,8250,0
2021-11-18 14:54:00,8225,8225,8250,8250,0
2021-11-18 14:55:00,8225,8225,8250,8250,0
2021-11-18 14:56:00,8225,8225,8250,8250,0
2021-11-18 14:57:00,8225,8225,8250,8250,0
2021-11-18 14:58:00,8225,8225,8250,8250,0
2021-11-18 14:59:00,8225,8225,8250,8250,0
2021-11-18 15:00:00,8250,8250,8250,8250,72400
2021-11-18 15:01:00,8250,8250,8250,8250,0
2021-11-18 15:02:00,8250,8250,8250,8250,0
2021-11-18 15:03:00,8250,8250,8250,8250,0
2021-11-18 15:04:00,8250,8250,8250,8250,0
2021-11-18 15:05:00,8250,8250,8250,8250,25900
2021-11-18 15:06:00,8250,8250,8250,8250,100
2021-11-18 15:07:00,8250,8250,8250,8250,6200
2021-11-18 15:08:00,8250,8250,8250,8250,0
2021-11-18 15:09:00,8250,8250,8250,8250,300
2021-11-18 15:10:00,8250,8250,8250,8250,500
2021-11-18 15:11:00,8250,8250,8250,8250,300
2021-11-18 15:12:00,8250,8250,8250,8250,900
2021-11-18 15:13:00,8250,8250,8250,8250,0
2021-11-18 15:14:00,8250,8250,8250,8250,0
2021-11-18 15:15:00,8250,8250,8250,8250,0
2021-11-18 15:16:00,8250,8250,8250,8250,0
2021-11-18 15:17:00,8250,8250,8250,8250,0
2021-11-18 15:18:00,8250,8250,8250,8250,0
2021-11-18 15:19:00,8250,8250,8250,8250,0
2021-11-18 15:20:00,8250,8250,8250,8250,0
2021-11-18 15:21:00,8250,8250,8250,8250,0
2021-11-18 15:22:00,8250,8250,8250,8250,0
2021-11-18 15:23:00,8250,8250,8250,8250,0
2021-11-18 15:24:00,8250,8250,8250,8250,0
2021-11-18 15:25:00,8250,8250,8250,8250,0
2021-11-18 15:26:00,8250,8250,8250,8250,0
2021-11-18 15:27:00,8250,8250,8250,8250,0
2021-11-18 15:28:00,8250,8250,8250,8250,0
2021-11-18 15:29:00,8250,8250,8250,8250,0
2021-11-18 15:30:00,8250,8250,8250,8250,0
2021-11-18 15:31:00,8250,8250,8250,8250,0
2021-11-18 15:32:00,8250,8250,8250,8250,0
2021-11-18 15:33:00,8250,8250,8250,8250,0
2021-11-18 15:34:00,8250,8250,8250,8250,0
2021-11-18 15:35:00,8250,8250,8250,8250,0
2021-11-18 15:36:00,8250,8250,8250,8250,0
2021-11-18 15:37:00,8250,8250,8250,8250,0
2021-11-18 15:38:00,8250,8250,8250,8250,0
2021-11-18 15:39:00,8250,8250,8250,8250,0
2021-11-18 15:40:00,8250,8250,8250,8250,0
2021-11-18 15:41:00,8250,8250,8250,8250,0
2021-11-18 15:42:00,8250,8250,8250,8250,0
2021-11-18 15:43:00,8250,8250,8250,8250,0
2021-11-18 15:44:00,8250,8250,8250,8250,0
2021-11-18 15:45:00,8250,8250,8250,8250,0
2021-11-18 15:46:00,8250,8250,8250,8250,0
2021-11-18 15:47:00,8250,8250,8250,8250,0
2021-11-18 15:48:00,8250,8250,8250,8250,0
2021-11-18 15:49:00,8250,8250,8250,8250,0
2021-11-18 15:50:00,8250,8250,8250,8250,0
2021-11-18 15:51:00,8250,8250,8250,8250,0
2021-11-18 15:52:00,8250,8250,8250,8250,0
2021-11-18 15:53:00,8250,8250,8250,8250,0
2021-11-18 15:54:00,8250,8250,8250,8250,0
2021-11-18 15:55:00,8250,8250,8250,8250,0
2021-11-18 15:56:00,8250,8250,8250,8250,0
2021-11-18 15:57:00,8250,8250,8250,8250,0
2021-11-18 15:58:00,8250,8250,8250,8250,0
2021-11-18 15:59:00,8250,8250,8250,8250,0
2021-11-19 09:00:00,8250,8225,8250,8250,14100
2021-11-19 09:01:00,8225,8225,8250,8250,2400
2021-11-19 09:02:00,8225,8225,8250,8250,24000
2021-11-19 09:03:00,8250,8225,8250,8225,2300
2021-11-19 09:04:00,8225,8225,8225,8225,1800
2021-11-19 09:05:00,8225,8225,8225,8225,25400
2021-11-19 09:06:00,8225,8225,8225,8225,2700
2021-11-19 09:07:00,8200,8200,8200,8200,1600
2021-11-19 09:08:00,8200,8200,8200,8200,19300
2021-11-19 09:09:00,8200,8200,8200,8200,5000
2021-11-19 09:10:00,8225,8225,8225,8225,9300
2021-11-19 09:11:00,8225,8225,8225,8225,8100
2021-11-19 09:12:00,8225,8225,8225,8225,25800
2021-11-19 09:13:00,8250,8225,8250,8225,1500
2021-11-19 09:14:00,8225,8225,8225,8225,1000
2021-11-19 09:15:00,8225,8225,8225,8225,11800
2021-11-19 09:16:00,8225,8225,8225,8225,0
2021-11-19 09:17:00,8225,8225,8225,8225,0
2021-11-19 09:18:00,8225,8225,8225,8225,17100
2021-11-19 09:19:00,8225,8225,8225,8225,4500
2021-11-19 09:20:00,8225,8200,8225,8225,9800
2021-11-19 09:21:00,8225,8200,8225,8225,14200
2021-11-19 09:22:00,8225,8225,8250,8225,34300
2021-11-19 09:23:00,8225,8225,8225,8225,900
2021-11-19 09:24:00,8225,8225,8250,8225,32300
2021-11-19 09:25:00,8225,8225,8250,8250,3700
2021-11-19 09:26:00,8225,8225,8225,8225,5200
2021-11-19 09:27:00,8250,8250,8250,8250,7200
2021-11-19 09:28:00,8225,8225,8225,8225,24600
2021-11-19 09:29:00,8225,8225,8250,8250,21000
2021-11-19 09:30:00,8275,8250,8275,8275,7800
2021-11-19 09:31:00,8300,8300,8300,8300,600
2021-11-19 09:32:00,8275,8275,8275,8275,600
2021-11-19 09:33:00,8275,8275,8275,8275,2700
2021-11-19 09:34:00,8300,8250,8300,8250,13400
2021-11-19 09:35:00,8250,8225,8250,8250,55300
2021-11-19 09:36:00,8250,8225,8250,8250,0
2021-11-19 09:37:00,8250,8250,8275,8275,1100
2021-11-19 09:38:00,8275,8275,8300,8300,4100
2021-11-19 09:39:00,8275,8275,8300,8300,0
2021-11-19 09:40:00,8300,8275,8300,8300,10400
2021-11-19 09:41:00,8275,8275,8275,8275,200
2021-11-19 09:42:00,8275,8275,8275,8275,0
2021-11-19 09:43:00,8275,8275,8275,8275,0
2021-11-19 09:44:00,8300,8300,8300,8300,12300
2021-11-19 09:45:00,8300,8300,8300,8300,1200
2021-11-19 09:46:00,8275,8275,8300,8275,4600
2021-11-19 09:47:00,8275,8275,8275,8275,500
2021-11-19 09:48:00,8275,8275,8275,8275,0
2021-11-19 09:49:00,8300,8275,8300,8275,8900
2021-11-19 09:50:00,8275,8275,8275,8275,8100
2021-11-19 09:51:00,8275,8275,8275,8275,0
2021-11-19 09:52:00,8275,8275,8275,8275,0
2021-11-19 09:53:00,8275,8275,8275,8275,8100
2021-11-19 09:54:00,8275,8275,8300,8300,200
2021-11-19 09:55:00,8300,8300,8300,8300,200
2021-11-19 09:56:00,8275,8275,8275,8275,1800
2021-11-19 09:57:00,8275,8275,8275,8275,200
2021-11-19 09:58:00,8275,8275,8275,8275,500
2021-11-19 09:59:00,8300,8300,8300,8300,100
2021-11-19 10:00:00,8300,8300,8300,8300,2500
2021-11-19 10:01:00,8300,8300,8300,8300,0
2021-11-19 10:02:00,8275,8275,8275,8275,6700
2021-11-19 10:03:00,8275,8275,8275,8275,2500
2021-11-19 10:04:00,8275,8275,8300,8300,400
2021-11-19 10:05:00,8275,8275,8275,8275,1700
2021-11-19 10:06:00,8275,8275,8275,8275,1300
2021-11-19 10:07:00,8300,8250,8300,8250,35200
2021-11-19 10:08:00,8300,8250,8300,8250,0
2021-11-19 10:09:00,8300,8250,8300,8250,0
2021-11-19 10:10:00,8250,8250,8250,8250,1400
2021-11-19 10:11:00,8250,8250,8275,8250,9500
2021-11-19 10:12:00,8250,8250,8275,8250,0
2021-11-19 10:13:00,8250,8250,8275,8250,0
2021-11-19 10:14:00,8250,8250,8275,8250,2300
2021-11-19 10:15:00,8250,8250,8275,8250,0
2021-11-19 10:16:00,8250,8250,8250,8250,1000
2021-11-19 10:17:00,8250,8250,8250,8250,100
2021-11-19 10:18:00,8250,8250,8250,8250,300
2021-11-19 10:19:00,8250,8250,8275,8275,1100
2021-11-19 10:20:00,8250,8250,8250,8250,3000
2021-11-19 10:21:00,8250,8250,8250,8250,0
2021-11-19 10:22:00,8250,8250,8275,8275,900
2021-11-19 10:23:00,8250,8250,8250,8250,200
2021-11-19 10:24:00,8250,8250,8250,8250,2000
2021-11-19 10:25:00,8250,8250,8250,8250,600
2021-11-19 10:26:00,8250,8250,8250,8250,300
2021-11-19 10:27:00,8250,8250,8250,8250,0
2021-11-19 10:28:00,8275,8275,8275,8275,100
2021-11-19 10:29:00,8275,8250,8275,8250,34300
2021-11-19 10:30:00,8275,8250,8275,8250,0
2021-11-19 10:31:00,8275,8275,8275,8275,400
2021-11-19 10:32:00,8250,8250,8250,8250,100
2021-11-19 10:33:00,8250,8250,8250,8250,2100
2021-11-19 10:34:00,8250,8250,8250,8250,600
2021-11-19 10:35:00,8250,8250,8250,8250,400
2021-11-19 10:36:00,8275,8250,8275,8250,7000
2021-11-19 10:37:00,8250,8250,8275,8275,35300
2021-11-19 10:38:00,8250,8250,8250,8250,9400
2021-11-19 10:39:00,8250,8250,8275,8275,400
2021-11-19 10:40:00,8250,8250,8250,8250,3200
2021-11-19 10:41:00,8250,8250,8275,8275,20100
2021-11-19 10:42:00,8275,8275,8275,8275,2500
2021-11-19 10:43:00,8275,8275,8275,8275,5100
2021-11-19 10:44:00,8275,8275,8275,8275,1200
2021-11-19 10:45:00,8300,8300,8300,8300,100
2021-11-19 10:46:00,8300,8300,8300,8300,500
2021-11-19 10:47:00,8300,8300,8300,8300,0
2021-11-19 10:48:00,8300,8300,8300,8300,600
2021-11-19 10:49:00,8300,8275,8300,8275,700
2021-11-19 10:50:00,8275,8275,8275,8275,26000
2021-11-19 10:51:00,8275,8275,8275,8275,0
2021-11-19 10:52:00,8275,8275,8275,8275,100
2021-11-19 10:53:00,8275,8275,8275,8275,8100
2021-11-19 10:54:00,8275,8275,8275,8275,1000
2021-11-19 10:55:00,8250,8250,8250,8250,800
2021-11-19 10:56:00,8250,8250,8250,8250,0
2021-11-19 10:57:00,8250,8250,8250,8250,0
2021-11-19 10:58:00,8250,8250,8250,8250,600
2021-11-19 10:59:00,8250,8250,8250,8250,18400
2021-11-19 11:00:00,8250,8250,8250,8250,0
2021-11-19 11:01:00,8250,8250,8250,8250,600
2021-11-19 11:02:00,8250,8250,8250,8250,200
2021-11-19 11:03:00,8250,8250,8250,8250,9200
2021-11-19 11:04:00,8250,8250,8250,8250,9200
2021-11-19 11:05:00,8250,8250,8250,8250,600
2021-11-19 11:06:00,8250,8250,8250,8250,7000
2021-11-19 11:07:00,8250,8250,8250,8250,500
2021-11-19 11:08:00,8250,8250,8250,8250,1700
2021-11-19 11:09:00,8250,8225,8250,8225,700
2021-11-19 11:10:00,8225,8225,8250,8250,1000
2021-11-19 11:11:00,8250,8250,8250,8250,1000
2021-11-19 11:12:00,8250,8250,8250,8250,3700
2021-11-19 11:13:00,8225,8225,8225,8225,500
2021-11-19 11:14:00,8225,8225,8250,8250,2600
2021-11-19 11:15:00,8225,8225,8250,8250,0
2021-11-19 11:16:00,8225,8225,8225,8225,800
2021-11-19 11:17:00,8225,8225,8225,8225,16400
2021-11-19 11:18:00,8225,8225,8225,8225,1000
2021-11-19 11:19:00,8250,8250,8250,8250,100
2021-11-19 11:20:00,8250,8250,8250,8250,10700
2021-11-19 11:21:00,8250,8250,8250,8250,1600
2021-11-19 11:22:00,8250,8225,8250,8225,4500
2021-11-19 11:23:00,8225,8225,8250,8250,2400
2021-11-19 11:24:00,8250,8250,8250,8250,4700
2021-11-19 11:25:00,8250,8250,8250,8250,9700
2021-11-19 11:26:00,8250,8225,8250,8250,4800
2021-11-19 11:27:00,8250,8225,8250,8225,2100
2021-11-19 11:28:00,8250,8250,8250,8250,900
2021-11-19 11:29:00,8250,8225,8250,8250,6600
2021-11-19 11:30:00,8250,8225,8250,8250,0
2021-11-19 11:31:00,8250,8225,8250,8250,0
2021-11-19 11:32:00,8250,8225,8250,8250,0
2021-11-19 11:33:00,8250,8225,8250,8250,0
2021-11-19 11:34:00,8250,8225,8250,8250,0
2021-11-19 11:35:00,8250,8225,8250,8250,0
2021-11-19 11:36:00,8250,8225,8250,8250,0
2021-11-19 11:37:00,8250,8225,8250,8250,0
2021-11-19 11:38:00,8250,8225,8250,8250,0
2021-11-19 11:39:00,8250,8225,8250,8250,0
2021-11-19 11:40:00,8250,8225,8250,8250,0
2021-11-19 11:41:00,8250,8225,8250,8250,0
2021-11-19 11:42:00,8250,8225,8250,8250,0
2021-11-19 11:43:00,8250,8225,8250,8250,0
2021-11-19 11:44:00,8250,8225,8250,8250,0
2021-11-19 11:45:00,8250,8225,8250,8250,0
2021-11-19 11:46:00,8250,8225,8250,8250,0
2021-11-19 11:47:00,8250,8225,8250,8250,0
2021-11-19 11:48:00,8250,8225,8250,8250,0
2021-11-19 11:49:00,8250,8225,8250,8250,0
2021-11-19 11:50:00,8250,8225,8250,8250,0
2021-11-19 11:51:00,8250,8225,8250,8250,0
2021-11-19 11:52:00,8250,8225,8250,8250,0
2021-11-19 11:53:00,8250,8225,8250,8250,0
2021-11-19 11:54:00,8250,8225,8250,8250,0
2021-11-19 11:55:00,8250,8225,8250,8250,0
2021-11-19 11:56:00,8250,8225,8250,8250,0
2021-11-19 11:57:00,8250,8225,8250,8250,0
2021-11-19 11:58:00,8250,8225,8250,8250,0
2021-11-19 11:59:00,8250,8225,8250,8250,0
2021-11-19 12:00:00,8250,8225,8250,8250,0
2021-11-19 12:01:00,8250,8225,8250,8250,0
2021-11-19 12:02:00,8250,8225,8250,8250,0
2021-11-19 12:03:00,8250,8225,8250,8250,0
2021-11-19 12:04:00,8250,8225,8250,8250,0
2021-11-19 12:05:00,8250,8225,8250,8250,0
2021-11-19 12:06:00,8250,8225,8250,8250,0
2021-11-19 12:07:00,8250,8225,8250,8250,0
2021-11-19 12:08:00,8250,8225,8250,8250,0
2021-11-19 12:09:00,8250,8225,8250,8250,0
2021-11-19 12:10:00,8250,8225,8250,8250,0
2021-11-19 12:11:00,8250,8225,8250,8250,0
2021-11-19 12:12:00,8250,8225,8250,8250,0
2021-11-19 12:13:00,8250,8225,8250,8250,0
2021-11-19 12:14:00,8250,8225,8250,8250,0
2021-11-19 12:15:00,8250,8225,8250,8250,0
2021-11-19 12:16:00,8250,8225,8250,8250,0
2021-11-19 12:17:00,8250,8225,8250,8250,0
2021-11-19 12:18:00,8250,8225,8250,8250,0
2021-11-19 12:19:00,8250,8225,8250,8250,0
2021-11-19 12:20:00,8250,8225,8250,8250,0
2021-11-19 12:21:00,8250,8225,8250,8250,0
2021-11-19 12:22:00,8250,8225,8250,8250,0
2021-11-19 12:23:00,8250,8225,8250,8250,0
2021-11-19 12:24:00,8250,8225,8250,8250,0
2021-11-19 12:25:00,8250,8225,8250,8250,0
2021-11-19 12:26:00,8250,8225,8250,8250,0
2021-11-19 12:27:00,8250,8225,8250,8250,0
2021-11-19 12:28:00,8250,8225,8250,8250,0
2021-11-19 12:29:00,8250,8225,8250,8250,0
2021-11-19 12:30:00,8250,8225,8250,8250,0
2021-11-19 12:31:00,8250,8225,8250,8250,0
2021-11-19 12:32:00,8250,8225,8250,8250,0
2021-11-19 12:33:00,8250,8225,8250,8250,0
2021-11-19 12:34:00,8250,8225,8250,8250,0
2021-11-19 12:35:00,8250,8225,8250,8250,0
2021-11-19 12:36:00,8250,8225,8250,8250,0
2021-11-19 12:37:00,8250,8225,8250,8250,0
2021-11-19 12:38:00,8250,8225,8250,8250,0
2021-11-19 12:39:00,8250,8225,8250,8250,0
2021-11-19 12:40:00,8250,8225,8250,8250,0
2021-11-19 12:41:00,8250,8225,8250,8250,0
2021-11-19 12:42:00,8250,8225,8250,8250,0
2021-11-19 12:43:00,8250,8225,8250,8250,0
2021-11-19 12:44:00,8250,8225,8250,8250,0
2021-11-19 12:45:00,8250,8225,8250,8250,0
2021-11-19 12:46:00,8250,8225,8250,8250,0
2021-11-19 12:47:00,8250,8225,8250,8250,0
2021-11-19 12:48:00,8250,8225,8250,8250,0
2021-11-19 12:49:00,8250,8225,8250,8250,0
2021-11-19 12:50:00,8250,8225,8250,8250,0
2021-11-19 12:51:00,8250,8225,8250,8250,0
2021-11-19 12:52:00,8250,8225,8250,8250,0
2021-11-19 12:53:00,8250,8225,8250,8250,0
2021-11-19 12:54:00,8250,8225,8250,8250,0
2021-11-19 12:55:00,8250,8225,8250,8250,0
2021-11-19 12:56:00,8250,8225,8250,8250,0
2021-11-19 12:57:00,8250,8225,8250,8250,0
2021-11-19 12:58:00,8250,8225,8250,8250,0
2021-11-19 12:59:00,8250,8225,8250,8250,0
2021-11-19 13:00:00,8250,8225,8250,8250,0
2021-11-19 13:01:00,8250,8225,8250,8250,0
2021-11-19 13:02:00,8250,8225,8250,8250,0
2021-11-19 13:03:00,8250,8225,8250,8250,0
2021-11-19 13:04:00,8250,8225,8250,8250,0
2021-11-19 13:05:00,8250,8225,8250,8250,0
2021-11-19 13:06:00,8250,8225,8250,8250,0
2021-11-19 13:07:00,8250,8225,8250,8250,0
2021-11-19 13:08:00,8250,8225,8250,8250,0
2021-11-19 13:09:00,8250,8225,8250,8250,0
2021-11-19 13:10:00,8250,8225,8250,8250,0
2021-11-19 13:11:00,8250,8225,8250,8250,0
2021-11-19 13:12:00,8250,8225,8250,8250,0
2021-11-19 13:13:00,8250,8225,8250,8250,0
2021-11-19 13:14:00,8250,8225,8250,8250,0
2021-11-19 13:15:00,8250,8225,8250,8250,0
2021-11-19 13:16:00,8250,8225,8250,8250,0
2021-11-19 13:17:00,8250,8225,8250,8250,0
2021-11-19 13:18:00,8250,8225,8250,8250,0
2021-11-19 13:19:00,8250,8225,8250,8250,0
2021-11-19 13:20:00,8250,8225,8250,8250,0
2021-11-19 13:21:00,8250,8225,8250,8250,0
2021-11-19 13:22:00,8250,8225,8250,8250,0
2021-11-19 13:23:00,8250,8225,8250,8250,0
2021-11-19 13:24:00,8250,8225,8250,8250,0
2021-11-19 13:25:00,8250,8225,8250,8250,0
2021-11-19 13:26:00,8250,8225,8250,8250,0
2021-11-19 13:27:00,8250,8225,8250,8250,0
2021-11-19 13:28:00,8250,8225,8250,8250,0
2021-11-19 13:29:00,8250,8225,8250,8250,0
2021-11-19 13:30:00,8250,8250,8275,8250,15000
2021-11-19 13:31:00,8275,8250,8275,8250,200
2021-11-19 13:32:00,8250,8250,8275,8275,13400
2021-11-19 13:33:00,8250,8250,8250,8250,8200
2021-11-19 13:34:00,8250,8250,8250,8250,700
2021-11-19 13:35:00,8250,8250,8250,8250,6200
2021-11-19 13:36:00,8250,8250,8250,8250,200
2021-11-19 13:37:00,8250,8250,8250,8250,5800
2021-11-19 13:38:00,8250,8250,8250,8250,2500
2021-11-19 13:39:00,8250,8250,8250,8250,12000
2021-11-19 13:40:00,8250,8250,8250,8250,3600
2021-11-19 13:41:00,8250,8250,8250,8250,0
2021-11-19 13:42:00,8250,8250,8275,8250,2200
2021-11-19 13:43:00,8275,8250,8275,8275,10800
2021-11-19 13:44:00,8275,8275,8275,8275,1300
2021-11-19 13:45:00,8250,8250,8250,8250,800
2021-11-19 13:46:00,8275,8250,8275,8250,600
2021-11-19 13:47:00,8250,8250,8250,8250,9300
2021-11-19 13:48:00,8250,8250,8250,8250,0
2021-11-19 13:49:00,8250,8250,8250,8250,14600
2021-11-19 13:50:00,8225,8225,8250,8250,1100
2021-11-19 13:51:00,8250,8250,8250,8250,4500
2021-11-19 13:52:00,8250,8250,8250,8250,400
2021-11-19 13:53:00,8250,8250,8250,8250,300
2021-11-19 13:54:00,8250,8250,8250,8250,200
2021-11-19 13:55:00,8250,8250,8250,8250,25100
2021-11-19 13:56:00,8250,8250,8275,8275,25000
2021-11-19 13:57:00,8275,8275,8275,8275,200
2021-11-19 13:58:00,8275,8250,8275,8275,1500
2021-11-19 13:59:00,8250,8250,8250,8250,2800
2021-11-19 14:00:00,8275,8275,8275,8275,100
2021-11-19 14:01:00,8275,8275,8275,8275,300
2021-11-19 14:02:00,8250,8250,8250,8250,700
2021-11-19 14:03:00,8275,8275,8275,8275,1100
2021-11-19 14:04:00,8275,8250,8275,8275,4500
2021-11-19 14:05:00,8275,8250,8275,8250,1700
2021-11-19 14:06:00,8250,8250,8275,8275,10500
2021-11-19 14:07:00,8250,8250,8275,8275,16400
2021-11-19 14:08:00,8275,8250,8275,8250,3500
2021-11-19 14:09:00,8275,8275,8275,8275,1300
2021-11-19 14:10:00,8275,8250,8300,8300,62400
2021-11-19 14:11:00,8300,8275,8300,8300,1300
2021-11-19 14:12:00,8300,8300,8300,8300,100
2021-11-19 14:13:00,8300,8300,8300,8300,20300
2021-11-19 14:14:00,8300,8300,8300,8300,2300
2021-11-19 14:15:00,8275,8275,8300,8300,6200
2021-11-19 14:16:00,8300,8275,8300,8300,900
2021-11-19 14:17:00,8300,8300,8300,8300,100
2021-11-19 14:18:00,8275,8275,8300,8300,2400
2021-11-19 14:19:00,8300,8275,8300,8275,700
2021-11-19 14:20:00,8300,8275,8300,8275,14600
2021-11-19 14:21:00,8275,8275,8275,8275,63300
2021-11-19 14:22:00,8275,8275,8275,8275,3000
2021-11-19 14:23:00,8275,8275,8275,8275,15900
2021-11-19 14:24:00,8275,8275,8275,8275,100
2021-11-19 14:25:00,8275,8275,8275,8275,22700
2021-11-19 14:26:00,8275,8275,8300,8275,600
2021-11-19 14:27:00,8300,8300,8325,8325,102600
2021-11-19 14:28:00,8325,8300,8325,8325,8300
2021-11-19 14:29:00,8325,8300,8325,8325,6800
2021-11-19 14:30:00,8325,8300,8325,8300,1500
2021-11-19 14:31:00,8300,8300,8300,8300,2200
2021-11-19 14:32:00,8300,8300,8325,8325,7200
2021-11-19 14:33:00,8325,8325,8325,8325,8400
2021-11-19 14:34:00,8300,8300,8300,8300,14000
2021-11-19 14:35:00,8300,8300,8300,8300,0
2021-11-19 14:36:00,8300,8300,8300,8300,900
2021-11-19 14:37:00,8300,8300,8325,8300,3200
2021-11-19 14:38:00,8300,8300,8300,8300,66500
2021-11-19 14:39:00,8300,8275,8300,8275,9700
2021-11-19 14:40:00,8275,8275,8300,8300,23000
2021-11-19 14:41:00,8275,8275,8275,8275,200
2021-11-19 14:42:00,8275,8275,8275,8275,71200
2021-11-19 14:43:00,8275,8250,8275,8250,6800
2021-11-19 14:44:00,8250,8250,8275,8275,56700
2021-11-19 14:45:00,8275,8275,8275,8275,14000
2021-11-19 14:46:00,8275,8275,8300,8300,3700
2021-11-19 14:47:00,8300,8275,8300,8275,4100
2021-11-19 14:48:00,8300,8275,8300,8275,4000
2021-11-19 14:49:00,8300,8275,8300,8300,20100
2021-11-19 14:50:00,8300,8275,8300,8300,0
2021-11-19 14:51:00,8300,8275,8300,8300,0
2021-11-19 14:52:00,8300,8275,8300,8300,0
2021-11-19 14:53:00,8300,8275,8300,8300,0
2021-11-19 14:54:00,8300,8275,8300,8300,0
2021-11-19 14:55:00,8300,8275,8300,8300,0
2021-11-19 14:56:00,8300,8275,8300,8300,0
2021-11-19 14:57:00,8300,8275,8300,8300,0
2021-11-19 14:58:00,8300,8275,8300,8300,0
2021-11-19 14:59:00,8300,8275,8300,8300,0
2021-11-19 15:00:00,8325,8325,8325,8325,179600
2021-11-19 15:01:00,8325,8325,8325,8325,0
2021-11-19 15:02:00,8325,8325,8325,8325,0
2021-11-19 15:03:00,8325,8325,8325,8325,0
2021-11-19 15:04:00,8325,8325,8325,8325,0
2021-11-19 15:05:00,8325,8325,8325,8325,36300
2021-11-19 15:06:00,8325,8325,8325,8325,9900
2021-11-19 15:07:00,8325,8325,8325,8325,400
2021-11-19 15:08:00,8325,8325,8325,8325,1500
2021-11-19 15:09:00,8325,8325,8325,8325,18800
2021-11-19 15:10:00,8325,8325,8325,8325,1600
2021-11-19 15:11:00,8325,8325,8325,8325,1300
2021-11-19 15:12:00,8325,8325,8325,8325,600
2021-11-19 15:13:00,8325,8325,8325,8325,600
2021-11-19 15:14:00,8325,8325,8325,8325,2000
2021-11-19 15:15:00,8325,8325,8325,8325,0
2021-11-19 15:16:00,8325,8325,8325,8325,0
2021-11-19 15:17:00,8325,8325,8325,8325,0
2021-11-19 15:18:00,8325,8325,8325,8325,0
2021-11-19 15:19:00,8325,8325,8325,8325,0
2021-11-19 15:20:00,8325,8325,8325,8325,0
2021-11-19 15:21:00,8325,8325,8325,8325,0
2021-11-19 15:22:00,8325,8325,8325,8325,0
2021-11-19 15:23:00,8325,8325,8325,8325,0
2021-11-19 15:24:00,8325,8325,8325,8325,0
2021-11-19 15:25:00,8325,8325,8325,8325,0
2021-11-19 15:26:00,8325,8325,8325,8325,0
2021-11-19 15:27:00,8325,8325,8325,8325,0
2021-11-19 15:28:00,8325,8325,8325,8325,0
2021-11-19 15:29:00,8325,8325,8325,8325,0
2021-11-19 15:30:00,8325,8325,8325,8325,0
2021-11-19 15:31:00,8325,8325,8325,8325,0
2021-11-19 15:32:00,8325,8325,8325,8325,0
2021-11-19 15:33:00,8325,8325,8325,8325,0
2021-11-19 15:34:00,8325,8325,8325,8325,0
2021-11-19 15:35:00,8325,8325,8325,8325,0
2021-11-19 15:36:00,8325,8325,8325,8325,0
2021-11-19 15:37:00,8325,8325,8325,8325,0
2021-11-19 15:38:00,8325,8325,8325,8325,0
2021-11-19 15:39:00,8325,8325,8325,8325,0
2021-11-19 15:40:00,8325,8325,8325,8325,0
2021-11-19 15:41:00,8325,8325,8325,8325,0
2021-11-19 15:42:00,8325,8325,8325,8325,0
2021-11-19 15:43:00,8325,8325,8325,8325,0
2021-11-19 15:44:00,8325,8325,8325,8325,0
2021-11-19 15:45:00,8325,8325,8325,8325,0
2021-11-19 15:46:00,8325,8325,8325,8325,0
2021-11-19 15:47:00,8325,8325,8325,8325,0
2021-11-19 15:48:00,8325,8325,8325,8325,0
2021-11-19 15:49:00,8325,8325,8325,8325,0
2021-11-19 15:50:00,8325,8325,8325,8325,0
2021-11-19 15:51:00,8325,8325,8325,8325,0
2021-11-19 15:52:00,8325,8325,8325,8325,0
2021-11-19 15:53:00,8325,8325,8325,8325,0
2021-11-19 15:54:00,8325,8325,8325,8325,0
2021-11-19 15:55:00,8325,8325,8325,8325,0
2021-11-19 15:56:00,8325,8325,8325,8325,0
2021-11-19 15:57:00,8325,8325,8325,8325,0
2021-11-19 15:58:00,8325,8325,8325,8325,0
2021-11-19 15:59:00,8325,8325,8325,8325,0
2021-11-29 09:00:00,7800,7750,7825,7750,122200
2021-11-29 09:01:00,7750,7725,7750,7725,82400
2021-11-29 09:02:00,7700,7675,7750,7675,60000
2021-11-29 09:03:00,7675,7650,7700,7675,160400
2021-11-29 09:04:00,7700,7700,7750,7750,93200
2021-11-29 09:05:00,7750,7650,7750,7675,54700
2021-11-29 09:06:00,7675,7675,7725,7725,38100
2021-11-29 09:07:00,7725,7700,7750,7700,23200
2021-11-29 09:08:00,7750,7675,7750,7700,40700
2021-11-29 09:09:00,7700,7675,7700,7675,38100
2021-11-29 09:10:00,7675,7650,7675,7675,23300
2021-11-29 09:11:00,7650,7650,7675,7650,30200
2021-11-29 09:12:00,7650,7625,7650,7650,140600
2021-11-29 09:13:00,7650,7600,7650,7625,81000
2021-11-29 09:14:00,7625,7625,7625,7625,45900
2021-11-29 09:15:00,7625,7600,7650,7625,33200
2021-11-29 09:16:00,7650,7625,7725,7700,84600
2021-11-29 09:17:00,7725,7700,7750,7725,34700
2021-11-29 09:18:00,7750,7725,7750,7750,33900
2021-11-29 09:19:00,7775,7750,7800,7800,31700
2021-11-29 09:20:00,7800,7800,7850,7850,162900
2021-11-29 09:21:00,7825,7825,7875,7825,63800
2021-11-29 09:22:00,7850,7850,7875,7875,16700
2021-11-29 09:23:00,7875,7825,7875,7825,65800
2021-11-29 09:24:00,7825,7825,7850,7850,21800
2021-11-29 09:25:00,7850,7850,7875,7850,18700
2021-11-29 09:26:00,7850,7825,7850,7850,22400
2021-11-29 09:27:00,7850,7825,7850,7850,13600
2021-11-29 09:28:00,7850,7850,7850,7850,21500
2021-11-29 09:29:00,7850,7850,7875,7875,42000
2021-11-29 09:30:00,7875,7875,7900,7900,4000
2021-11-29 09:31:00,7875,7875,7900,7900,14600
2021-11-29 09:32:00,7900,7900,7925,7925,16100
2021-11-29 09:33:00,7925,7925,7925,7925,5800
2021-11-29 09:34:00,7950,7925,7950,7950,23300
2021-11-29 09:35:00,7950,7925,7950,7950,19900
2021-11-29 09:36:00,7950,7925,7950,7925,24000
2021-11-29 09:37:00,7950,7925,7950,7925,25900
2021-11-29 09:38:00,7925,7925,7950,7950,27400
2021-11-29 09:39:00,7950,7950,8000,8000,52800
2021-11-29 09:40:00,7975,7950,7975,7975,22900
2021-11-29 09:41:00,8000,8000,8000,8000,10500
2021-11-29 09:42:00,7975,7975,7975,7975,16200
2021-11-29 09:43:00,7975,7975,8000,8000,2700
2021-11-29 09:44:00,8000,7975,8000,7975,2400
2021-11-29 09:45:00,7975,7975,7975,7975,67500
2021-11-29 09:46:00,7950,7950,7975,7950,1500
2021-11-29 09:47:00,7950,7950,7975,7975,6100
2021-11-29 09:48:00,7975,7975,7975,7975,5900
2021-11-29 09:49:00,7975,7925,7975,7925,44100
2021-11-29 09:50:00,7925,7900,7925,7900,43200
2021-11-29 09:51:00,7900,7900,7925,7900,1800
2021-11-29 09:52:00,7900,7900,7900,7900,14600
2021-11-29 09:53:00,7900,7900,7900,7900,9200
2021-11-29 09:54:00,7900,7900,7900,7900,1900
2021-11-29 09:55:00,7900,7900,7900,7900,1700
2021-11-29 09:56:00,7900,7900,7900,7900,400
2021-11-29 09:57:00,7900,7900,7900,7900,100
2021-11-29 09:58:00,7900,7875,7900,7875,1900
2021-11-29 09:59:00,7875,7875,7875,7875,28000
2021-11-29 10:00:00,7850,7850,7875,7850,2400
2021-11-29 10:01:00,7850,7850,7875,7850,42500
2021-11-29 10:02:00,7875,7850,7875,7850,23300
2021-11-29 10:03:00,7875,7850,7875,7850,3000
2021-11-29 10:04:00,7875,7850,7875,7850,0
2021-11-29 10:05:00,7875,7875,7875,7875,12800
2021-11-29 10:06:00,7850,7850,7850,7850,1400
2021-11-29 10:07:00,7850,7850,7850,7850,0
2021-11-29 10:08:00,7850,7850,7875,7875,2000
2021-11-29 10:09:00,7875,7875,7875,7875,11700
2021-11-29 10:10:00,7875,7875,7875,7875,1600
2021-11-29 10:11:00,7875,7875,7875,7875,1900
2021-11-29 10:12:00,7875,7875,7875,7875,200
2021-11-29 10:13:00,7875,7875,7875,7875,12200
2021-11-29 10:14:00,7875,7875,7875,7875,800
2021-11-29 10:15:00,7875,7875,7875,7875,0
2021-11-29 10:16:00,7850,7850,7875,7875,16600
2021-11-29 10:17:00,7875,7875,7875,7875,1000
2021-11-29 10:18:00,7875,7875,7875,7875,400
2021-11-29 10:19:00,7875,7850,7875,7875,13000
2021-11-29 10:20:00,7850,7850,7875,7875,1300
2021-11-29 10:21:00,7875,7850,7875,7850,1100
2021-11-29 10:22:00,7850,7850,7850,7850,2600
2021-11-29 10:23:00,7850,7850,7875,7875,300
2021-11-29 10:24:00,7875,7875,7875,7875,11000
2021-11-29 10:25:00,7900,7875,7900,7875,2100
2021-11-29 10:26:00,7875,7875,7875,7875,200
2021-11-29 10:27:00,7875,7875,7875,7875,800
2021-11-29 10:28:00,7850,7850,7875,7850,3100
2021-11-29 10:29:00,7850,7850,7850,7850,3600
2021-11-29 10:30:00,7850,7850,7850,7850,31400
2021-11-29 10:31:00,7850,7850,7875,7875,600
2021-11-29 10:32:00,7875,7875,7875,7875,500
2021-11-29 10:33:00,7875,7850,7875,7850,3000
2021-11-29 10:34:00,7875,7850,7875,7850,0
2021-11-29 10:35:00,7875,7875,7875,7875,4500
2021-11-29 10:36:00,7875,7875,7875,7875,300
2021-11-29 10:37:00,7875,7850,7875,7850,15800
2021-11-29 10:38:00,7875,7875,7875,7875,200
2021-11-29 10:39:00,7875,7875,7875,7875,0
2021-11-29 10:40:00,7875,7875,7875,7875,400
2021-11-29 10:41:00,7875,7875,7875,7875,0
2021-11-29 10:42:00,7875,7875,7875,7875,3000
2021-11-29 10:43:00,7875,7875,7875,7875,100
2021-11-29 10:44:00,7850,7850,7850,7850,1000
2021-11-29 10:45:00,7875,7875,7875,7875,1100
2021-11-29 10:46:00,7850,7850,7850,7850,1000
2021-11-29 10:47:00,7850,7850,7850,7850,30800
2021-11-29 10:48:00,7850,7850,7850,7850,0
2021-11-29 10:49:00,7875,7875,7875,7875,400
2021-11-29 10:50:00,7875,7850,7875,7850,1500
2021-11-29 10:51:00,7850,7850,7875,7875,1100
2021-11-29 10:52:00,7875,7850,7875,7850,17800
2021-11-29 10:53:00,7850,7850,7850,7850,1600
2021-11-29 10:54:00,7850,7850,7875,7875,1500
2021-11-29 10:55:00,7875,7875,7875,7875,2400
2021-11-29 10:56:00,7875,7875,7875,7875,0
2021-11-29 10:57:00,7850,7850,7875,7875,1200
2021-11-29 10:58:00,7850,7850,7850,7850,300
2021-11-29 10:59:00,7850,7850,7875,7875,14000
2021-11-29 11:00:00,7875,7875,7875,7875,500
2021-11-29 11:01:00,7850,7850,7875,7875,3000
2021-11-29 11:02:00,7850,7850,7875,7875,0
2021-11-29 11:03:00,7850,7850,7875,7875,700
2021-11-29 11:04:00,7875,7875,7875,7875,7000
2021-11-29 11:05:00,7875,7875,7875,7875,300
2021-11-29 11:06:00,7850,7850,7850,7850,20000
2021-11-29 11:07:00,7850,7850,7850,7850,21600
2021-11-29 11:08:00,7850,7850,7850,7850,20100
2021-11-29 11:09:00,7850,7850,7850,7850,1900
2021-11-29 11:10:00,7850,7850,7850,7850,600
2021-11-29 11:11:00,7850,7850,7875,7875,3200
2021-11-29 11:12:00,7850,7850,7850,7850,400
2021-11-29 11:13:00,7825,7825,7825,7825,15000
2021-11-29 11:14:00,7825,7825,7825,7825,1200
2021-11-29 11:15:00,7825,7825,7825,7825,16900
2021-11-29 11:16:00,7825,7825,7850,7850,10100
2021-11-29 11:17:00,7825,7825,7825,7825,100
2021-11-29 11:18:00,7825,7825,7850,7850,1100
2021-11-29 11:19:00,7825,7825,7825,7825,32200
2021-11-29 11:20:00,7825,7800,7825,7800,12400
2021-11-29 11:21:00,7800,7800,7825,7800,1400
2021-11-29 11:22:00,7800,7800,7825,7825,500
2021-11-29 11:23:00,7800,7800,7825,7800,5700
2021-11-29 11:24:00,7800,7800,7800,7800,25900
2021-11-29 11:25:00,7800,7800,7825,7800,3300
2021-11-29 11:26:00,7800,7800,7800,7800,300
2021-11-29 11:27:00,7800,7800,7825,7825,16400
2021-11-29 11:28:00,7825,7800,7825,7800,1400
2021-11-29 11:29:00,7800,7800,7825,7800,700
2021-11-29 11:30:00,7800,7800,7825,7800,0
2021-11-29 11:31:00,7800,7800,7825,7800,0
2021-11-29 11:32:00,7800,7800,7825,7800,0
2021-11-29 11:33:00,7800,7800,7825,7800,0
2021-11-29 11:34:00,7800,7800,7825,7800,0
2021-11-29 11:35:00,7800,7800,7825,7800,0
2021-11-29 11:36:00,7800,7800,7825,7800,0
2021-11-29 11:37:00,7800,7800,7825,7800,0
2021-11-29 11:38:00,7800,7800,7825,7800,0
2021-11-29 11:39:00,7800,7800,7825,7800,0
2021-11-29 11:40:00,7800,7800,7825,7800,0
2021-11-29 11:41:00,7800,7800,7825,7800,0
2021-11-29 11:42:00,7800,7800,7825,7800,0
2021-11-29 11:43:00,7800,7800,7825,7800,0
2021-11-29 11:44:00,7800,7800,7825,7800,0
2021-11-29 11:45:00,7800,7800,7825,7800,0
2021-11-29 11:46:00,7800,7800,7825,7800,0
2021-11-29 11:47:00,7800,7800,7825,7800,0
2021-11-29 11:48:00,7800,7800,7825,7800,0
2021-11-29 11:49:00,7800,7800,7825,7800,0
2021-11-29 11:50:00,7800,7800,7825,7800,0
2021-11-29 11:51:00,7800,7800,7825,7800,0
2021-11-29 11:52:00,7800,7800,7825,7800,0
2021-11-29 11:53:00,7800,7800,7825,7800,0
2021-11-29 11:54:00,7800,7800,7825,7800,0
2021-11-29 11:55:00,7800,7800,7825,7800,0
2021-11-29 11:56:00,7800,7800,7825,7800,0
2021-11-29 11:57:00,7800,7800,7825,7800,0
2021-11-29 11:58:00,7800,7800,7825,7800,0
2021-11-29 11:59:00,7800,7800,7825,7800,0
2021-11-29 12:00:00,7800,7800,7825,7800,0
2021-11-29 12:01:00,7800,7800,7825,7800,0
2021-11-29 12:02:00,7800,7800,7825,7800,0
2021-11-29 12:03:00,7800,7800,7825,7800,0
2021-11-29 12:04:00,7800,7800,7825,7800,0
2021-11-29 12:05:00,7800,7800,7825,7800,0
2021-11-29 12:06:00,7800,7800,7825,7800,0
2021-11-29 12:07:00,7800,7800,7825,7800,0
2021-11-29 12:08:00,7800,7800,7825,7800,0
2021-11-29 12:09:00,7800,7800,7825,7800,0
2021-11-29 12:10:00,7800,7800,7825,7800,0
2021-11-29 12:11:00,7800,7800,7825,7800,0
2021-11-29 12:12:00,7800,7800,7825,7800,0
2021-11-29 12:13:00,7800,7800,7825,7800,0
2021-11-29 12:14:00,7800,7800,7825,7800,0
2021-11-29 12:15:00,7800,7800,7825,7800,0
2021-11-29 12:16:00,7800,7800,7825,7800,0
2021-11-29 12:17:00,7800,7800,7825,7800,0
2021-11-29 12:18:00,7800,7800,7825,7800,0
2021-11-29 12:19:00,7800,7800,7825,7800,0
2021-11-29 12:20:00,7800,7800,7825,7800,0
2021-11-29 12:21:00,7800,7800,7825,7800,0
2021-11-29 12:22:00,7800,7800,7825,7800,0
2021-11-29 12:23:00,7800,7800,7825,7800,0
2021-11-29 12:24:00,7800,7800,7825,7800,0
2021-11-29 12:25:00,7800,7800,7825,7800,0
2021-11-29 12:26:00,7800,7800,7825,7800,0
2021-11-29 12:27:00,7800,7800,7825,7800,0
2021-11-29 12:28:00,7800,7800,7825,7800,0
2021-11-29 12:29:00,7800,7800,7825,7800,0
2021-11-29 12:30:00,7800,7800,7825,7800,0
2021-11-29 12:31:00,7800,7800,7825,7800,0
2021-11-29 12:32:00,7800,7800,7825,7800,0
2021-11-29 12:33:00,7800,7800,7825,7800,0
2021-11-29 12:34:00,7800,7800,7825,7800,0
2021-11-29 12:35:00,7800,7800,7825,7800,0
2021-11-29 12:36:00,7800,7800,7825,7800,0
2021-11-29 12:37:00,7800,7800,7825,7800,0
2021-11-29 12:38:00,7800,7800,7825,7800,0
2021-11-29 12:39:00,7800,7800,7825,7800,0
2021-11-29 12:40:00,7800,7800,7825,7800,0
2021-11-29 12:41:00,7800,7800,7825,7800,0
2021-11-29 12:42:00,7800,7800,7825,7800,0
2021-11-29 12:43:00,7800,7800,7825,7800,0
2021-11-29 12:44:00,7800,7800,7825,7800,0
2021-11-29 12:45:00,7800,7800,7825,7800,0
2021-11-29 12:46:00,7800,7800,7825,7800,0
2021-11-29 12:47:00,7800,7800,7825,7800,0
2021-11-29 12:48:00,7800,7800,7825,7800,0
2021-11-29 12:49:00,7800,7800,7825,7800,0
2021-11-29 12:50:00,7800,7800,7825,7800,0
2021-11-29 12:51:00,7800,7800,7825,7800,0
2021-11-29 12:52:00,7800,7800,7825,7800,0
2021-11-29 12:53:00,7800,7800,7825,7800,0
2021-11-29 12:54:00,7800,7800,7825,7800,0
2021-11-29 12:55:00,7800,7800,7825,7800,0
2021-11-29 12:56:00,7800,7800,7825,7800,0
2021-11-29 12:57:00,7800,7800,7825,7800,0
2021-11-29 12:58:00,7800,7800,7825,7800,0
2021-11-29 12:59:00,7800,7800,7825,7800,0
2021-11-29 13:00:00,7800,7800,7825,7800,0
2021-11-29 13:01:00,7800,7800,7825,7800,0
2021-11-29 13:02:00,7800,7800,7825,7800,0
2021-11-29 13:03:00,7800,7800,7825,7800,0
2021-11-29 13:04:00,7800,7800,7825,7800,0
2021-11-29 13:05:00,7800,7800,7825,7800,0
2021-11-29 13:06:00,7800,7800,7825,7800,0
2021-11-29 13:07:00,7800,7800,7825,7800,0
2021-11-29 13:08:00,7800,7800,7825,7800,0
2021-11-29 13:09:00,7800,7800,7825,7800,0
2021-11-29 13:10:00,7800,7800,7825,7800,0
2021-11-29 13:11:00,7800,7800,7825,7800,0
2021-11-29 13:12:00,7800,7800,7825,7800,0
2021-11-29 13:13:00,7800,7800,7825,7800,0
2021-11-29 13:14:00,7800,7800,7825,7800,0
2021-11-29 13:15:00,7800,7800,7825,7800,0
2021-11-29 13:16:00,7800,7800,7825,7800,0
2021-11-29 13:17:00,7800,7800,7825,7800,0
2021-11-29 13:18:00,7800,7800,7825,7800,0
2021-11-29 13:19:00,7800,7800,7825,7800,0
2021-11-29 13:20:00,7800,7800,7825,7800,0
2021-11-29 13:21:00,7800,7800,7825,7800,0
2021-11-29 13:22:00,7800,7800,7825,7800,0
2021-11-29 13:23:00,7800,7800,7825,7800,0
2021-11-29 13:24:00,7800,7800,7825,7800,0
2021-11-29 13:25:00,7800,7800,7825,7800,0
2021-11-29 13:26:00,7800,7800,7825,7800,0
2021-11-29 13:27:00,7800,7800,7825,7800,0
2021-11-29 13:28:00,7800,7800,7825,7800,0
2021-11-29 13:29:00,7800,7800,7825,7800,0
2021-11-29 13:30:00,7800,7800,7825,7825,58900
2021-11-29 13:31:00,7800,7800,7825,7825,0
2021-11-29 13:32:00,7825,7800,7825,7800,4900
2021-11-29 13:33:00,7800,7800,7800,7800,1700
2021-11-29 13:34:00,7825,7800,7825,7800,3900
2021-11-29 13:35:00,7825,7800,7825,7800,22000
2021-11-29 13:36:00,7800,7800,7825,7825,3800
2021-11-29 13:37:00,7825,7800,7825,7825,44600
2021-11-29 13:38:00,7850,7825,7850,7825,1800
2021-11-29 13:39:00,7825,7825,7850,7850,5700
2021-11-29 13:40:00,7850,7825,7850,7850,5700
2021-11-29 13:41:00,7850,7850,7850,7850,3100
2021-11-29 13:42:00,7850,7850,7850,7850,0
2021-11-29 13:43:00,7825,7825,7825,7825,400
2021-11-29 13:44:00,7825,7825,7825,7825,100
2021-11-29 13:45:00,7850,7825,7850,7825,700
2021-11-29 13:46:00,7850,7825,7850,7825,4500
2021-11-29 13:47:00,7850,7850,7850,7850,500
2021-11-29 13:48:00,7850,7850,7850,7850,1500
2021-11-29 13:49:00,7850,7825,7850,7825,200
2021-11-29 13:50:00,7850,7850,7850,7850,12100
2021-11-29 13:51:00,7850,7825,7850,7850,21800
2021-11-29 13:52:00,7825,7825,7825,7825,17000
2021-11-29 13:53:00,7825,7825,7825,7825,100
2021-11-29 13:54:00,7825,7825,7850,7850,300
2021-11-29 13:55:00,7850,7825,7850,7825,2200
2021-11-29 13:56:00,7825,7825,7825,7825,200
2021-11-29 13:57:00,7825,7825,7825,7825,400
2021-11-29 13:58:00,7825,7825,7850,7850,1500
2021-11-29 13:59:00,7850,7825,7850,7825,5500
2021-11-29 14:00:00,7825,7825,7825,7825,2600
2021-11-29 14:01:00,7825,7825,7825,7825,19300
2021-11-29 14:02:00,7825,7825,7825,7825,2000
2021-11-29 14:03:00,7825,7825,7825,7825,22100
2021-11-29 14:04:00,7825,7825,7825,7825,8600
2021-11-29 14:05:00,7825,7825,7825,7825,400
2021-11-29 14:06:00,7800,7800,7800,7800,100100
2021-11-29 14:07:00,7825,7800,7825,7800,16300
2021-11-29 14:08:00,7800,7800,7800,7800,400
2021-11-29 14:09:00,7825,7825,7825,7825,1500
2021-11-29 14:10:00,7825,7825,7825,7825,200
2021-11-29 14:11:00,7825,7800,7825,7800,10800
2021-11-29 14:12:00,7800,7800,7800,7800,19200
2021-11-29 14:13:00,7800,7800,7800,7800,22000
2021-11-29 14:14:00,7800,7800,7800,7800,1100
2021-11-29 14:15:00,7800,7800,7800,7800,200
2021-11-29 14:16:00,7800,7800,7800,7800,10100
2021-11-29 14:17:00,7800,7800,7800,7800,700
2021-11-29 14:18:00,7800,7800,7800,7800,7500
2021-11-29 14:19:00,7800,7800,7800,7800,2300
2021-11-29 14:20:00,7825,7825,7825,7825,1400
2021-11-29 14:21:00,7825,7825,7825,7825,100
2021-11-29 14:22:00,7825,7800,7825,7800,900
2021-11-29 14:23:00,7825,7825,7825,7825,700
2021-11-29 14:24:00,7800,7800,7800,7800,16800
2021-11-29 14:25:00,7800,7800,7800,7800,10200
2021-11-29 14:26:00,7800,7800,7800,7800,500
2021-11-29 14:27:00,7800,7800,7800,7800,5100
2021-11-29 14:28:00,7800,7800,7800,7800,5000
2021-11-29 14:29:00,7800,7800,7800,7800,27000
2021-11-29 14:30:00,7800,7800,7800,7800,1200
2021-11-29 14:31:00,7800,7800,7800,7800,1800
2021-11-29 14:32:00,7800,7800,7800,7800,16100
2021-11-29 14:33:00,7800,7800,7800,7800,5400
2021-11-29 14:34:00,7800,7800,7800,7800,3500
2021-11-29 14:35:00,7800,7800,7800,7800,700
2021-11-29 14:36:00,7825,7825,7825,7825,400
2021-11-29 14:37:00,7825,7800,7825,7800,4300
2021-11-29 14:38:00,7825,7800,7825,7800,1400
2021-11-29 14:39:00,7825,7825,7825,7825,2300
2021-11-29 14:40:00,7825,7825,7825,7825,3100
2021-11-29 14:41:00,7800,7800,7825,7800,83500
2021-11-29 14:42:00,7825,7825,7825,7825,2200
2021-11-29 14:43:00,7825,7825,7825,7825,6900
2021-11-29 14:44:00,7800,7800,7825,7825,1900
2021-11-29 14:45:00,7825,7825,7825,7825,2200
2021-11-29 14:46:00,7800,7800,7800,7800,300
2021-11-29 14:47:00,7800,7800,7825,7825,3500
2021-11-29 14:48:00,7825,7800,7825,7825,1700
2021-11-29 14:49:00,7800,7800,7825,7800,8800
2021-11-29 14:50:00,7800,7800,7825,7800,0
2021-11-29 14:51:00,7800,7800,7825,7800,0
2021-11-29 14:52:00,7800,7800,7825,7800,0
2021-11-29 14:53:00,7800,7800,7825,7800,0
2021-11-29 14:54:00,7800,7800,7825,7800,0
2021-11-29 14:55:00,7800,7800,7825,7800,0
2021-11-29 14:56:00,7800,7800,7825,7800,0
2021-11-29 14:57:00,7800,7800,7825,7800,0
2021-11-29 14:58:00,7800,7800,7825,7800,0
2021-11-29 14:59:00,7800,7800,7825,7800,0
2021-11-29 15:00:00,7850,7850,7850,7850,61200
2021-11-29 15:01:00,7850,7850,7850,7850,0
2021-11-29 15:02:00,7850,7850,7850,7850,0
2021-11-29 15:03:00,7850,7850,7850,7850,0
2021-11-29 15:04:00,7850,7850,7850,7850,0
2021-11-29 15:05:00,7850,7850,7850,7850,14900
2021-11-29 15:06:00,7850,7850,7850,7850,3500
2021-11-29 15:07:00,7850,7850,7850,7850,20200
2021-11-29 15:08:00,7850,7850,7850,7850,100
2021-11-29 15:09:00,7850,7850,7850,7850,3000
2021-11-29 15:10:00,7850,7850,7850,7850,100
2021-11-29 15:11:00,7850,7850,7850,7850,0
2021-11-29 15:12:00,7850,7850,7850,7850,200
2021-11-29 15:13:00,7850,7850,7850,7850,2800
2021-11-29 15:14:00,7850,7850,7850,7850,300
2021-11-29 15:15:00,7850,7850,7850,7850,0
2021-11-29 15:16:00,7850,7850,7850,7850,0
2021-11-29 15:17:00,7850,7850,7850,7850,0
2021-11-29 15:18:00,7850,7850,7850,7850,0
2021-11-29 15:19:00,7850,7850,7850,7850,0
2021-11-29 15:20:00,7850,7850,7850,7850,0
2021-11-29 15:21:00,7850,7850,7850,7850,0
2021-11-29 15:22:00,7850,7850,7850,7850,0
2021-11-29 15:23:00,7850,7850,7850,7850,0
2021-11-29 15:24:00,7850,7850,7850,7850,0
2021-11-29 15:25:00,7850,7850,7850,7850,0
2021-11-29 15:26:00,7850,7850,7850,7850,0
2021-11-29 15:27:00,7850,7850,7850,7850,0
2021-11-29 15:28:00,7850,7850,7850,7850,0
2021-11-29 15:29:00,7850,7850,7850,7850,0
2021-11-29 15:30:00,7850,7850,7850,7850,0
2021-11-29 15:31:00,7850,7850,7850,7850,0
2021-11-29 15:32:00,7850,7850,7850,7850,0
2021-11-29 15:33:00,7850,7850,7850,7850,0
2021-11-29 15:34:00,7850,7850,7850,7850,0
2021-11-29 15:35:00,7850,7850,7850,7850,0
2021-11-29 15:36:00,7850,7850,7850,7850,0
2021-11-29 15:37:00,7850,7850,7850,7850,0
2021-11-29 15:38:00,7850,7850,7850,7850,0
2021-11-29 15:39:00,7850,7850,7850,7850,0
2021-11-29 15:40:00,7850,7850,7850,7850,0
2021-11-29 15:41:00,7850,7850,7850,7850,0
2021-11-29 15:42:00,7850,7850,7850,7850,0
2021-11-29 15:43:00,7850,7850,7850,7850,0
2021-11-29 15:44:00,7850,7850,7850,7850,0
2021-11-29 15:45:00,7850,7850,7850,7850,0
2021-11-29 15:46:00,7850,7850,7850,7850,0
2021-11-29 15:47:00,7850,7850,7850,7850,0
2021-11-29 15:48:00,7850,7850,7850,7850,0
2021-11-29 15:49:00,7850,7850,7850,7850,0
2021-11-29 15:50:00,7850,7850,7850,7850,0
2021-11-29 15:51:00,7850,7850,7850,7850,0
2021-11-29 15:52:00,7850,7850,7850,7850,0
2021-11-29 15:53:00,7850,7850,7850,7850,0
2021-11-29 15:54:00,7850,7850,7850,7850,0
2021-11-29 15:55:00,7850,7850,7850,7850,0
2021-11-29 15:56:00,7850,7850,7850,7850,0
2021-11-29 15:57:00,7850,7850,7850,7850,0
2021-11-29 15:58:00,7850,7850,7850,7850,0
2021-11-29 15:59:00,7850,7850,7850,7850,0
2021-11-30 09:00:00,7925,7900,7925,7925,19100
2021-11-30 09:01:00,7925,7925,7925,7925,4000
2021-11-30 09:02:00,7925,7925,7950,7950,11900
2021-11-30 09:03:00,7925,7925,7950,7950,1700
2021-11-30 09:04:00,7925,7925,7950,7925,21400
2021-11-30 09:05:00,7950,7925,7950,7950,15600
2021-11-30 09:06:00,7925,7925,7950,7925,18400
2021-11-30 09:07:00,7925,7925,8000,7975,53100
2021-11-30 09:08:00,7975,7975,8000,7975,9200
2021-11-30 09:09:00,7975,7950,7975,7975,56200
2021-11-30 09:10:00,7950,7950,7950,7950,12000
2021-11-30 09:11:00,7950,7900,7950,7900,24800
2021-11-30 09:12:00,7900,7900,7925,7900,4800
2021-11-30 09:13:00,7900,7900,7900,7900,15800
2021-11-30 09:14:00,7875,7850,7875,7850,51900
2021-11-30 09:15:00,7875,7850,7875,7875,3700
2021-11-30 09:16:00,7875,7850,7875,7850,1100
2021-11-30 09:17:00,7850,7850,7850,7850,5500
2021-11-30 09:18:00,7850,7850,7900,7850,600
2021-11-30 09:19:00,7900,7900,7900,7900,200
2021-11-30 09:20:00,7850,7850,7900,7900,7400
2021-11-30 09:21:00,7900,7875,7900,7875,200
2021-11-30 09:22:00,7850,7825,7850,7825,35600
2021-11-30 09:23:00,7825,7800,7825,7800,3300
2021-11-30 09:24:00,7800,7775,7825,7775,27100
2021-11-30 09:25:00,7775,7775,7825,7825,40300
2021-11-30 09:26:00,7825,7825,7850,7825,4000
2021-11-30 09:27:00,7825,7825,7825,7825,300
2021-11-30 09:28:00,7825,7825,7825,7825,500
2021-11-30 09:29:00,7825,7825,7850,7850,200
2021-11-30 09:30:00,7850,7825,7850,7825,8400
2021-11-30 09:31:00,7825,7825,7850,7850,11100
2021-11-30 09:32:00,7850,7825,7850,7850,5500
2021-11-30 09:33:00,7850,7850,7850,7850,1200
2021-11-30 09:34:00,7850,7850,7850,7850,700
2021-11-30 09:35:00,7850,7850,7875,7850,2300
2021-11-30 09:36:00,7825,7825,7825,7825,3100
2021-11-30 09:37:00,7825,7825,7825,7825,0
2021-11-30 09:38:00,7825,7825,7825,7825,3000
2021-11-30 09:39:00,7825,7825,7825,7825,0
2021-11-30 09:40:00,7825,7825,7825,7825,200
2021-11-30 09:41:00,7850,7850,7850,7850,100
2021-11-30 09:42:00,7825,7825,7825,7825,10000
2021-11-30 09:43:00,7825,7825,7825,7825,200
2021-11-30 09:44:00,7825,7825,7825,7825,100
2021-11-30 09:45:00,7825,7825,7825,7825,200
2021-11-30 09:46:00,7800,7800,7825,7825,300
2021-11-30 09:47:00,7800,7800,7825,7825,1200
2021-11-30 09:48:00,7825,7825,7825,7825,1000
2021-11-30 09:49:00,7825,7800,7825,7825,1100
2021-11-30 09:50:00,7825,7825,7825,7825,400
2021-11-30 09:51:00,7825,7825,7825,7825,3100
2021-11-30 09:52:00,7825,7825,7825,7825,100
2021-11-30 09:53:00,7800,7800,7825,7800,6400
2021-11-30 09:54:00,7825,7825,7825,7825,200
2021-11-30 09:55:00,7825,7800,7825,7800,2400
2021-11-30 09:56:00,7800,7800,7800,7800,500
2021-11-30 09:57:00,7825,7825,7825,7825,2700
2021-11-30 09:58:00,7800,7800,7825,7825,2000
2021-11-30 09:59:00,7800,7800,7825,7825,0
2021-11-30 10:00:00,7800,7800,7825,7825,0
2021-11-30 10:01:00,7800,7800,7800,7800,100
2021-11-30 10:02:00,7825,7825,7825,7825,700
2021-11-30 10:03:00,7825,7825,7825,7825,600
2021-11-30 10:04:00,7800,7800,7800,7800,500
2021-11-30 10:05:00,7800,7800,7800,7800,6300
2021-11-30 10:06:00,7800,7800,7800,7800,100
2021-11-30 10:07:00,7825,7825,7825,7825,800
2021-11-30 10:08:00,7800,7800,7800,7800,5700
2021-11-30 10:09:00,7800,7800,7800,7800,100
2021-11-30 10:10:00,7800,7800,7800,7800,0
2021-11-30 10:11:00,7800,7800,7800,7800,0
2021-11-30 10:12:00,7800,7800,7800,7800,39400
2021-11-30 10:13:00,7800,7800,7800,7800,5600
2021-11-30 10:14:00,7800,7800,7800,7800,900
2021-11-30 10:15:00,7800,7800,7800,7800,3000
2021-11-30 10:16:00,7800,7800,7800,7800,1100
2021-11-30 10:17:00,7800,7800,7800,7800,1100
2021-11-30 10:18:00,7800,7800,7800,7800,1700
2021-11-30 10:19:00,7800,7800,7800,7800,14200
2021-11-30 10:20:00,7800,7800,7800,7800,100
2021-11-30 10:21:00,7825,7800,7825,7800,4600
2021-11-30 10:22:00,7800,7800,7800,7800,12500
2021-11-30 10:23:00,7800,7800,7800,7800,6600
2021-11-30 10:24:00,7800,7800,7800,7800,100
2021-11-30 10:25:00,7800,7800,7800,7800,400
2021-11-30 10:26:00,7800,7800,7825,7825,1500
2021-11-30 10:27:00,7800,7800,7825,7825,0
2021-11-30 10:28:00,7800,7800,7800,7800,400
2021-11-30 10:29:00,7800,7800,7800,7800,0
2021-11-30 10:30:00,7800,7800,7825,7800,1100
2021-11-30 10:31:00,7800,7800,7800,7800,11100
2021-11-30 10:32:00,7800,7800,7800,7800,2800
2021-11-30 10:33:00,7825,7825,7825,7825,5100
2021-11-30 10:34:00,7825,7825,7825,7825,8700
2021-11-30 10:35:00,7825,7825,7825,7825,0
2021-11-30 10:36:00,7825,7825,7825,7825,0
2021-11-30 10:37:00,7825,7825,7825,7825,100
2021-11-30 10:38:00,7850,7850,7850,7850,100
2021-11-30 10:39:00,7825,7825,7825,7825,8100
2021-11-30 10:40:00,7825,7825,7825,7825,0
2021-11-30 10:41:00,7825,7825,7825,7825,6000
2021-11-30 10:42:00,7825,7825,7825,7825,200
2021-11-30 10:43:00,7825,7825,7825,7825,0
2021-11-30 10:44:00,7825,7825,7825,7825,200
2021-11-30 10:45:00,7825,7825,7825,7825,3600
2021-11-30 10:46:00,7825,7825,7825,7825,3700
2021-11-30 10:47:00,7850,7825,7850,7825,7500
2021-11-30 10:48:00,7825,7825,7825,7825,100
2021-11-30 10:49:00,7825,7825,7825,7825,0
2021-11-30 10:50:00,7850,7825,7850,7825,2500
2021-11-30 10:51:00,7850,7825,7850,7825,0
2021-11-30 10:52:00,7825,7825,7825,7825,100
2021-11-30 10:53:00,7825,7825,7825,7825,100
2021-11-30 10:54:00,7825,7825,7825,7825,0
2021-11-30 10:55:00,7825,7825,7825,7825,700
2021-11-30 10:56:00,7825,7825,7825,7825,2100
2021-11-30 10:57:00,7850,7850,7850,7850,500
2021-11-30 10:58:00,7850,7850,7850,7850,100
2021-11-30 10:59:00,7850,7850,7850,7850,300
2021-11-30 11:00:00,7850,7850,7850,7850,2000
2021-11-30 11:01:00,7850,7825,7850,7850,3700
2021-11-30 11:02:00,7850,7850,7850,7850,100
2021-11-30 11:03:00,7850,7850,7850,7850,0
2021-11-30 11:04:00,7850,7850,7850,7850,3400
2021-11-30 11:05:00,7850,7850,7850,7850,17000
2021-11-30 11:06:00,7850,7850,7850,7850,400
2021-11-30 11:07:00,7850,7850,7850,7850,100
2021-11-30 11:08:00,7850,7850,7850,7850,0
2021-11-30 11:09:00,7850,7850,7850,7850,900
2021-11-30 11:10:00,7850,7850,7850,7850,0
2021-11-30 11:11:00,7850,7850,7850,7850,300
2021-11-30 11:12:00,7850,7850,7850,7850,100
2021-11-30 11:13:00,7825,7800,7825,7800,24700
2021-11-30 11:14:00,7825,7825,7825,7825,1400
2021-11-30 11:15:00,7825,7825,7825,7825,600
2021-11-30 11:16:00,7825,7825,7825,7825,1500
2021-11-30 11:17:00,7800,7800,7800,7800,400
2021-11-30 11:18:00,7825,7825,7825,7825,5000
2021-11-30 11:19:00,7825,7825,7825,7825,100
2021-11-30 11:20:00,7800,7800,7800,7800,300
2021-11-30 11:21:00,7825,7825,7825,7825,400
2021-11-30 11:22:00,7825,7825,7825,7825,1500
2021-11-30 11:23:00,7800,7800,7825,7825,4700
2021-11-30 11:24:00,7800,7800,7800,7800,35200
2021-11-30 11:25:00,7825,7800,7825,7800,6500
2021-11-30 11:26:00,7800,7800,7800,7800,77100
2021-11-30 11:27:00,7800,7800,7800,7800,0
2021-11-30 11:28:00,7800,7800,7800,7800,0
2021-11-30 11:29:00,7800,7800,7800,7800,10000
2021-11-30 11:30:00,7800,7800,7800,7800,5000
2021-11-30 11:31:00,7800,7800,7800,7800,0
2021-11-30 11:32:00,7800,7800,7800,7800,0
2021-11-30 11:33:00,7800,7800,7800,7800,0
2021-11-30 11:34:00,7800,7800,7800,7800,0
2021-11-30 11:35:00,7800,7800,7800,7800,0
2021-11-30 11:36:00,7800,7800,7800,7800,0
2021-11-30 11:37:00,7800,7800,7800,7800,0
2021-11-30 11:38:00,7800,7800,7800,7800,0
2021-11-30 11:39:00,7800,7800,7800,7800,0
2021-11-30 11:40:00,7800,7800,7800,7800,0
2021-11-30 11:41:00,7800,7800,7800,7800,0
2021-11-30 11:42:00,7800,7800,7800,7800,0
2021-11-30 11:43:00,7800,7800,7800,7800,0
2021-11-30 11:44:00,7800,7800,7800,7800,0
2021-11-30 11:45:00,7800,7800,7800,7800,0
2021-11-30 11:46:00,7800,7800,7800,7800,0
2021-11-30 11:47:00,7800,7800,7800,7800,0
2021-11-30 11:48:00,7800,7800,7800,7800,0
2021-11-30 11:49:00,7800,7800,7800,7800,0
2021-11-30 11:50:00,7800,7800,7800,7800,0
2021-11-30 11:51:00,7800,7800,7800,7800,0
2021-11-30 11:52:00,7800,7800,7800,7800,0
2021-11-30 11:53:00,7800,7800,7800,7800,0
2021-11-30 11:54:00,7800,7800,7800,7800,0
2021-11-30 11:55:00,7800,7800,7800,7800,0
2021-11-30 11:56:00,7800,7800,7800,7800,0
2021-11-30 11:57:00,7800,7800,7800,7800,0
2021-11-30 11:58:00,7800,7800,7800,7800,0
2021-11-30 11:59:00,7800,7800,7800,7800,0
2021-11-30 12:00:00,7800,7800,7800,7800,0
2021-11-30 12:01:00,7800,7800,7800,7800,0
2021-11-30 12:02:00,7800,7800,7800,7800,0
2021-11-30 12:03:00,7800,7800,7800,7800,0
2021-11-30 12:04:00,7800,7800,7800,7800,0
2021-11-30 12:05:00,7800,7800,7800,7800,0
2021-11-30 12:06:00,7800,7800,7800,7800,0
2021-11-30 12:07:00,7800,7800,7800,7800,0
2021-11-30 12:08:00,7800,7800,7800,7800,0
2021-11-30 12:09:00,7800,7800,7800,7800,0
2021-11-30 12:10:00,7800,7800,7800,7800,0
2021-11-30 12:11:00,7800,7800,7800,7800,0
2021-11-30 12:12:00,7800,7800,7800,7800,0
2021-11-30 12:13:00,7800,7800,7800,7800,0
2021-11-30 12:14:00,7800,7800,7800,7800,0
2021-11-30 12:15:00,7800,7800,7800,7800,0
2021-11-30 12:16:00,7800,7800,7800,7800,0
2021-11-30 12:17:00,7800,7800,7800,7800,0
2021-11-30 12:18:00,7800,7800,7800,7800,0
2021-11-30 12:19:00,7800,7800,7800,7800,0
2021-11-30 12:20:00,7800,7800,7800,7800,0
2021-11-30 12:21:00,7800,7800,7800,7800,0
2021-11-30 12:22:00,7800,7800,7800,7800,0
2021-11-30 12:23:00,7800,7800,7800,7800,0
2021-11-30 12:24:00,7800,7800,7800,7800,0
2021-11-30 12:25:00,7800,7800,7800,7800,0
2021-11-30 12:26:00,7800,7800,7800,7800,0
2021-11-30 12:27:00,7800,7800,7800,7800,0
2021-11-30 12:28:00,7800,7800,7800,7800,0
2021-11-30 12:29:00,7800,7800,7800,7800,0
2021-11-30 12:30:00,7800,7800,7800,7800,0
2021-11-30 12:31:00,7800,7800,7800,7800,0
2021-11-30 12:32:00,7800,7800,7800,7800,0
2021-11-30 12:33:00,7800,7800,7800,7800,0
2021-11-30 12:34:00,7800,7800,7800,7800,0
2021-11-30 12:35:00,7800,7800,7800,7800,0
2021-11-30 12:36:00,7800,7800,7800,7800,0
2021-11-30 12:37:00,7800,7800,7800,7800,0
2021-11-30 12:38:00,7800,7800,7800,7800,0
2021-11-30 12:39:00,7800,7800,7800,7800,0
2021-11-30 12:40:00,7800,7800,7800,7800,0
2021-11-30 12:41:00,7800,7800,7800,7800,0
2021-11-30 12:42:00,7800,7800,7800,7800,0
2021-11-30 12:43:00,7800,7800,7800,7800,0
2021-11-30 12:44:00,7800,7800,7800,7800,0
2021-11-30 12:45:00,7800,7800,7800,7800,0
2021-11-30 12:46:00,7800,7800,7800,7800,0
2021-11-30 12:47:00,7800,7800,7800,7800,0
2021-11-30 12:48:00,7800,7800,7800,7800,0
2021-11-30 12:49:00,7800,7800,7800,7800,0
2021-11-30 12:50:00,7800,7800,7800,7800,0
2021-11-30 12:51:00,7800,7800,7800,7800,0
2021-11-30 12:52:00,7800,7800,7800,7800,0
2021-11-30 12:53:00,7800,7800,7800,7800,0
2021-11-30 12:54:00,7800,7800,7800,7800,0
2021-11-30 12:55:00,7800,7800,7800,7800,0
2021-11-30 12:56:00,7800,7800,7800,7800,0
2021-11-30 12:57:00,7800,7800,7800,7800,0
2021-11-30 12:58:00,7800,7800,7800,7800,0
2021-11-30 12:59:00,7800,7800,7800,7800,0
2021-11-30 13:00:00,7800,7800,7800,7800,0
2021-11-30 13:01:00,7800,7800,7800,7800,0
2021-11-30 13:02:00,7800,7800,7800,7800,0
2021-11-30 13:03:00,7800,7800,7800,7800,0
2021-11-30 13:04:00,7800,7800,7800,7800,0
2021-11-30 13:05:00,7800,7800,7800,7800,0
2021-11-30 13:06:00,7800,7800,7800,7800,0
2021-11-30 13:07:00,7800,7800,7800,7800,0
2021-11-30 13:08:00,7800,7800,7800,7800,0
2021-11-30 13:09:00,7800,7800,7800,7800,0
2021-11-30 13:10:00,7800,7800,7800,7800,0
2021-11-30 13:11:00,7800,7800,7800,7800,0
2021-11-30 13:12:00,7800,7800,7800,7800,0
2021-11-30 13:13:00,7800,7800,7800,7800,0
2021-11-30 13:14:00,7800,7800,7800,7800,0
2021-11-30 13:15:00,7800,7800,7800,7800,0
2021-11-30 13:16:00,7800,7800,7800,7800,0
2021-11-30 13:17:00,7800,7800,7800,7800,0
2021-11-30 13:18:00,7800,7800,7800,7800,0
2021-11-30 13:19:00,7800,7800,7800,7800,0
2021-11-30 13:20:00,7800,7800,7800,7800,0
2021-11-30 13:21:00,7800,7800,7800,7800,0
2021-11-30 13:22:00,7800,7800,7800,7800,0
2021-11-30 13:23:00,7800,7800,7800,7800,0
2021-11-30 13:24:00,7800,7800,7800,7800,0
2021-11-30 13:25:00,7800,7800,7800,7800,0
2021-11-30 13:26:00,7800,7800,7800,7800,0
2021-11-30 13:27:00,7800,7800,7800,7800,0
2021-11-30 13:28:00,7800,7800,7800,7800,0
2021-11-30 13:29:00,7800,7800,7800,7800,0
2021-11-30 13:30:00,7825,7750,7825,7750,297000
2021-11-30 13:31:00,7750,7725,7750,7725,78800
2021-11-30 13:32:00,7725,7700,7725,7725,14900
2021-11-30 13:33:00,7725,7700,7725,7700,2500
2021-11-30 13:34:00,7700,7700,7725,7700,49300
2021-11-30 13:35:00,7725,7700,7725,7700,47100
2021-11-30 13:36:00,7700,7700,7725,7700,9500
2021-11-30 13:37:00,7700,7700,7725,7725,68600
2021-11-30 13:38:00,7725,7700,7750,7725,35700
2021-11-30 13:39:00,7750,7700,7750,7700,64200
2021-11-30 13:40:00,7750,7725,7750,7725,5700
2021-11-30 13:41:00,7725,7725,7750,7725,7100
2021-11-30 13:42:00,7750,7750,7750,7750,1000
2021-11-30 13:43:00,7750,7725,7750,7725,5100
2021-11-30 13:44:00,7725,7725,7750,7725,19800
2021-11-30 13:45:00,7750,7750,7750,7750,8000
2021-11-30 13:46:00,7750,7725,7750,7750,1200
2021-11-30 13:47:00,7750,7750,7750,7750,13400
2021-11-30 13:48:00,7725,7725,7750,7750,2400
2021-11-30 13:49:00,7750,7725,7750,7725,3200
2021-11-30 13:50:00,7725,7725,7725,7725,17900
2021-11-30 13:51:00,7750,7750,7750,7750,100
2021-11-30 13:52:00,7725,7725,7725,7725,25100
2021-11-30 13:53:00,7725,7725,7725,7725,22400
2021-11-30 13:54:00,7750,7700,7750,7725,54700
2021-11-30 13:55:00,7725,7700,7725,7725,11400
2021-11-30 13:56:00,7700,7700,7725,7725,2800
2021-11-30 13:57:00,7725,7725,7725,7725,26000
2021-11-30 13:58:00,7725,7700,7725,7725,18300
2021-11-30 13:59:00,7700,7700,7725,7725,29100
2021-11-30 14:00:00,7725,7725,7725,7725,1400
2021-11-30 14:01:00,7725,7725,7725,7725,1800
2021-11-30 14:02:00,7725,7725,7725,7725,600
2021-11-30 14:03:00,7700,7700,7725,7700,2000
2021-11-30 14:04:00,7700,7700,7725,7700,40700
2021-11-30 14:05:00,7725,7700,7725,7700,4100
2021-11-30 14:06:00,7725,7700,7725,7725,26500
2021-11-30 14:07:00,7700,7700,7700,7700,300
2021-11-30 14:08:00,7725,7700,7725,7700,2800
2021-11-30 14:09:00,7700,7700,7725,7725,7300
2021-11-30 14:10:00,7725,7700,7725,7700,11600
2021-11-30 14:11:00,7700,7700,7725,7725,28900
2021-11-30 14:12:00,7725,7725,7725,7725,2500
2021-11-30 14:13:00,7725,7700,7725,7725,29200
2021-11-30 14:14:00,7725,7700,7725,7725,22100
2021-11-30 14:15:00,7725,7725,7725,7725,14300
2021-11-30 14:16:00,7725,7725,7725,7725,7700
2021-11-30 14:17:00,7725,7725,7725,7725,11100
2021-11-30 14:18:00,7725,7725,7725,7725,2000
2021-11-30 14:19:00,7725,7725,7725,7725,400
2021-11-30 14:20:00,7725,7700,7725,7700,9100
2021-11-30 14:21:00,7700,7700,7725,7725,300
2021-11-30 14:22:00,7700,7700,7725,7725,12300
2021-11-30 14:23:00,7700,7700,7725,7700,85100
2021-11-30 14:24:00,7700,7700,7725,7700,8400
2021-11-30 14:25:00,7700,7700,7725,7700,36600
2021-11-30 14:26:00,7700,7700,7700,7700,46100
2021-11-30 14:27:00,7700,7700,7700,7700,1000
2021-11-30 14:28:00,7700,7675,7700,7675,23500
2021-11-30 14:29:00,7675,7675,7700,7700,11400
2021-11-30 14:30:00,7675,7675,7700,7675,4400
2021-11-30 14:31:00,7675,7675,7675,7675,4500
2021-11-30 14:32:00,7675,7675,7700,7700,58000
2021-11-30 14:33:00,7675,7675,7700,7700,0
2021-11-30 14:34:00,7700,7675,7700,7675,4900
2021-11-30 14:35:00,7675,7650,7675,7650,9500
2021-11-30 14:36:00,7650,7650,7675,7675,16400
2021-11-30 14:37:00,7650,7650,7675,7675,4400
2021-11-30 14:38:00,7650,7650,7675,7675,22300
2021-11-30 14:39:00,7650,7650,7675,7650,13300
2021-11-30 14:40:00,7650,7650,7675,7675,12300
2021-11-30 14:41:00,7675,7650,7675,7650,4600
2021-11-30 14:42:00,7675,7650,7675,7675,12200
2021-11-30 14:43:00,7650,7650,7800,7700,326800
2021-11-30 14:44:00,7700,7700,7700,7700,31000
2021-11-30 14:45:00,7675,7675,7700,7700,41300
2021-11-30 14:46:00,7675,7675,7700,7675,9200
2021-11-30 14:47:00,7675,7675,7700,7700,12300
2021-11-30 14:48:00,7700,7675,7725,7700,8200
2021-11-30 14:49:00,7675,7675,7700,7700,22900
2021-11-30 14:50:00,7675,7675,7700,7700,0
2021-11-30 14:51:00,7675,7675,7700,7700,0
2021-11-30 14:52:00,7675,7675,7700,7700,0
2021-11-30 14:53:00,7675,7675,7700,7700,0
2021-11-30 14:54:00,7675,7675,7700,7700,0
2021-11-30 14:55:00,7675,7675,7700,7700,0
2021-11-30 14:56:00,7675,7675,7700,7700,0
2021-11-30 14:57:00,7675,7675,7700,7700,0
2021-11-30 14:58:00,7675,7675,7700,7700,0
2021-11-30 14:59:00,7675,7675,7700,7700,0
2021-11-30 15:00:00,7675,7675,7675,7675,686300
2021-11-30 15:01:00,7675,7675,7675,7675,0
2021-11-30 15:02:00,7675,7675,7675,7675,0
2021-11-30 15:03:00,7675,7675,7675,7675,0
2021-11-30 15:04:00,7675,7675,7675,7675,0
2021-11-30 15:05:00,7675,7675,7675,7675,54100
2021-11-30 15:06:00,7675,7675,7675,7675,17500
2021-11-30 15:07:00,7675,7675,7675,7675,1400
2021-11-30 15:08:00,7675,7675,7675,7675,0
2021-11-30 15:09:00,7675,7675,7675,7675,400
2021-11-30 15:10:00,7675,7675,7675,7675,3100
2021-11-30 15:11:00,7675,7675,7675,7675,2200
2021-11-30 15:12:00,7675,7675,7675,7675,3600
2021-11-30 15:13:00,7675,7675,7675,7675,1100
2021-11-30 15:14:00,7675,7675,7675,7675,300
2021-11-30 15:15:00,7675,7675,7675,7675,0
2021-11-30 15:16:00,7675,7675,7675,7675,0
2021-11-30 15:17:00,7675,7675,7675,7675,0
2021-11-30 15:18:00,7675,7675,7675,7675,0
2021-11-30 15:19:00,7675,7675,7675,7675,0
2021-11-30 15:20:00,7675,7675,7675,7675,0
2021-11-30 15:21:00,7675,7675,7675,7675,0
2021-11-30 15:22:00,7675,7675,7675,7675,0
2021-11-30 15:23:00,7675,7675,7675,7675,0
2021-11-30 15:24:00,7675,7675,7675,7675,0
2021-11-30 15:25:00,7675,7675,7675,7675,0
2021-11-30 15:26:00,7675,7675,7675,7675,0
2021-11-30 15:27:00,7675,7675,7675,7675,0
2021-11-30 15:28:00,7675,7675,7675,7675,0
2021-11-30 15:29:00,7675,7675,7675,7675,0
2021-11-30 15:30:00,7675,7675,7675,7675,0
2021-11-30 15:31:00,7675,7675,7675,7675,0
2021-11-30 15:32:00,7675,7675,7675,7675,0
2021-11-30 15:33:00,7675,7675,7675,7675,0
2021-11-30 15:34:00,7675,7675,7675,7675,0
2021-11-30 15:35:00,7675,7675,7675,7675,0
2021-11-30 15:36:00,7675,7675,7675,7675,0
2021-11-30 15:37:00,7675,7675,7675,7675,0
2021-11-30 15:38:00,7675,7675,7675,7675,0
2021-11-30 15:39:00,7675,7675,7675,7675,0
2021-11-30 15:40:00,7675,7675,7675,7675,0
2021-11-30 15:41:00,7675,7675,7675,7675,0
2021-11-30 15:42:00,7675,7675,7675,7675,0
2021-11-30 15:43:00,7675,7675,7675,7675,0
2021-11-30 15:44:00,7675,7675,7675,7675,0
2021-11-30 15:45:00,7675,7675,7675,7675,0
2021-11-30 15:46:00,7675,7675,7675,7675,0
2021-11-30 15:47:00,7675,7675,7675,7675,0
2021-11-30 15:48:00,7675,7675,7675,7675,0
2021-11-30 15:49:00,7675,7675,7675,7675,0
2021-11-30 15:50:00,7675,7675,7675,7675,0
2021-11-30 15:51:00,7675,7675,7675,7675,0
2021-11-30 15:52:00,7675,7675,7675,7675,0
2021-11-30 15:53:00,7675,7675,7675,7675,0
2021-11-30 15:54:00,7675,7675,7675,7675,0
2021-11-30 15:55:00,7675,7675,7675,7675,0
2021-11-30 15:56:00,7675,7675,7675,7675,0
2021-11-30 15:57:00,7675,7675,7675,7675,0
2021-11-30 15:58:00,7675,7675,7675,7675,0
2021-11-30 15:59:00,7675,7675,7675,7675,0
2021-12-01 09:00:00,7775,7750,7800,7775,27700
2021-12-01 09:01:00,7775,7775,7800,7800,51600
2021-12-01 09:02:00,7825,7775,7825,7800,26400
2021-12-01 09:03:00,7800,7800,7850,7850,60600
2021-12-01 09:04:00,7825,7825,7875,7850,94900
2021-12-01 09:05:00,7850,7825,7850,7825,7000
2021-12-01 09:06:00,7850,7825,7850,7825,30800
2021-12-01 09:07:00,7825,7800,7825,7825,59600
2021-12-01 09:08:00,7825,7825,7825,7825,10900
2021-12-01 09:09:00,7825,7800,7825,7800,36000
2021-12-01 09:10:00,7800,7775,7800,7800,6300
2021-12-01 09:11:00,7800,7775,7800,7775,5300
2021-12-01 09:12:00,7800,7775,7800,7800,6400
2021-12-01 09:13:00,7800,7800,7825,7800,17600
2021-12-01 09:14:00,7800,7800,7800,7800,1100
2021-12-01 09:15:00,7800,7775,7800,7775,1900
2021-12-01 09:16:00,7775,7775,7775,7775,1300
2021-12-01 09:17:00,7775,7775,7775,7775,800
2021-12-01 09:18:00,7800,7775,7800,7775,11200
2021-12-01 09:19:00,7775,7775,7800,7775,2900
2021-12-01 09:20:00,7800,7775,7800,7800,3300
2021-12-01 09:21:00,7775,7775,7775,7775,13700
2021-12-01 09:22:00,7775,7775,7775,7775,11800
2021-12-01 09:23:00,7775,7750,7800,7800,4900
2021-12-01 09:24:00,7800,7800,7800,7800,500
2021-12-01 09:25:00,7800,7800,7800,7800,0
2021-12-01 09:26:00,7800,7800,7800,7800,700
2021-12-01 09:27:00,7800,7800,7800,7800,1800
2021-12-01 09:28:00,7800,7800,7800,7800,1000
2021-12-01 09:29:00,7775,7750,7775,7750,2800
2021-12-01 09:30:00,7775,7750,7800,7800,26400
2021-12-01 09:31:00,7800,7775,7800,7775,5600
2021-12-01 09:32:00,7775,7775,7775,7775,800
2021-12-01 09:33:00,7775,7775,7800,7775,13500
2021-12-01 09:34:00,7825,7775,7825,7825,6300
2021-12-01 09:35:00,7775,7775,7825,7825,3700
2021-12-01 09:36:00,7825,7825,7825,7825,8900
2021-12-01 09:37:00,7825,7825,7850,7850,14800
2021-12-01 09:38:00,7825,7825,7825,7825,300
2021-12-01 09:39:00,7825,7825,7850,7850,1000
2021-12-01 09:40:00,7850,7825,7850,7825,8100
2021-12-01 09:41:00,7850,7825,7850,7825,0
2021-12-01 09:42:00,7825,7825,7850,7850,3800
2021-12-01 09:43:00,7850,7825,7850,7825,1100
2021-12-01 09:44:00,7825,7825,7850,7825,10400
2021-12-01 09:45:00,7825,7825,7825,7825,11400
2021-12-01 09:46:00,7825,7825,7825,7825,1100
2021-12-01 09:47:00,7825,7800,7825,7825,17000
2021-12-01 09:48:00,7825,7825,7850,7850,1700
2021-12-01 09:49:00,7825,7825,7825,7825,18800
2021-12-01 09:50:00,7825,7825,7825,7825,1000
2021-12-01 09:51:00,7825,7825,7825,7825,200
2021-12-01 09:52:00,7825,7825,7825,7825,1100
2021-12-01 09:53:00,7825,7825,7825,7825,21000
2021-12-01 09:54:00,7825,7825,7825,7825,0
2021-12-01 09:55:00,7825,7825,7825,7825,7000
2021-12-01 09:56:00,7825,7825,7825,7825,13700
2021-12-01 09:57:00,7850,7825,7850,7825,20500
2021-12-01 09:58:00,7850,7825,7850,7825,50700
2021-12-01 09:59:00,7850,7850,7850,7850,38800
2021-12-01 10:00:00,7850,7850,7850,7850,47000
2021-12-01 10:01:00,7825,7825,7850,7850,34800
2021-12-01 10:02:00,7875,7850,7875,7850,7600
2021-12-01 10:03:00,7850,7825,7850,7850,1600
2021-12-01 10:04:00,7850,7850,7850,7850,900
2021-12-01 10:05:00,7850,7850,7850,7850,0
2021-12-01 10:06:00,7825,7825,7825,7825,19200
2021-12-01 10:07:00,7825,7825,7825,7825,0
2021-12-01 10:08:00,7825,7825,7875,7875,185600
2021-12-01 10:09:00,7875,7875,7900,7900,150100
2021-12-01 10:10:00,7900,7875,7900,7875,92800
2021-12-01 10:11:00,7875,7875,7900,7900,1500
2021-12-01 10:12:00,7875,7875,7875,7875,400
2021-12-01 10:13:00,7900,7875,7900,7900,20600
2021-12-01 10:14:00,7900,7875,7900,7875,43400
2021-12-01 10:15:00,7900,7875,7900,7875,4900
2021-12-01 10:16:00,7850,7850,7875,7850,900
2021-12-01 10:17:00,7875,7850,7875,7850,1100
2021-12-01 10:18:00,7850,7850,7850,7850,100
2021-12-01 10:19:00,7875,7875,7875,7875,2700
2021-12-01 10:20:00,7850,7850,7850,7850,5500
2021-12-01 10:21:00,7850,7850,7850,7850,2400
2021-12-01 10:22:00,7850,7850,7875,7875,2800
2021-12-01 10:23:00,7850,7850,7850,7850,300
2021-12-01 10:24:00,7850,7850,7850,7850,0
2021-12-01 10:25:00,7850,7850,7850,7850,107700
2021-12-01 10:26:00,7825,7825,7825,7825,400
2021-12-01 10:27:00,7825,7825,7825,7825,9400
2021-12-01 10:28:00,7825,7825,7825,7825,600
2021-12-01 10:29:00,7825,7825,7825,7825,3500
2021-12-01 10:30:00,7825,7825,7825,7825,400
2021-12-01 10:31:00,7825,7825,7825,7825,1000
2021-12-01 10:32:00,7825,7825,7825,7825,1100
2021-12-01 10:33:00,7825,7825,7825,7825,500
2021-12-01 10:34:00,7825,7800,7825,7800,43700
2021-12-01 10:35:00,7800,7800,7800,7800,400
2021-12-01 10:36:00,7825,7800,7825,7800,5200
2021-12-01 10:37:00,7800,7800,7800,7800,4200
2021-12-01 10:38:00,7800,7800,7800,7800,10900
2021-12-01 10:39:00,7800,7800,7800,7800,500
2021-12-01 10:40:00,7775,7775,7775,7775,2000
2021-12-01 10:41:00,7775,7775,7775,7775,2500
2021-12-01 10:42:00,7775,7775,7800,7800,1700
2021-12-01 10:43:00,7800,7775,7800,7775,2100
2021-12-01 10:44:00,7775,7775,7775,7775,400
2021-12-01 10:45:00,7775,7775,7775,7775,200
2021-12-01 10:46:00,7775,7775,7775,7775,0
2021-12-01 10:47:00,7775,7775,7775,7775,1700
2021-12-01 10:48:00,7800,7800,7800,7800,1400
2021-12-01 10:49:00,7800,7800,7800,7800,0
2021-12-01 10:50:00,7800,7800,7800,7800,1300
2021-12-01 10:51:00,7800,7800,7800,7800,0
2021-12-01 10:52:00,7800,7800,7800,7800,0
2021-12-01 10:53:00,7800,7775,7800,7775,1100
2021-12-01 10:54:00,7775,7775,7800,7800,1600
2021-12-01 10:55:00,7775,7775,7775,7775,5900
2021-12-01 10:56:00,7800,7775,7800,7775,400
2021-12-01 10:57:00,7775,7775,7775,7775,500
2021-12-01 10:58:00,7775,7775,7775,7775,9200
2021-12-01 10:59:00,7775,7775,7775,7775,9400
2021-12-01 11:00:00,7775,7775,7775,7775,600
2021-12-01 11:01:00,7775,7775,7775,7775,0
2021-12-01 11:02:00,7775,7750,7775,7750,200
2021-12-01 11:03:00,7750,7750,7750,7750,8400
2021-12-01 11:04:00,7750,7750,7750,7750,42800
2021-12-01 11:05:00,7775,7750,7775,7750,67900
2021-12-01 11:06:00,7750,7750,7750,7750,9600
2021-12-01 11:07:00,7750,7725,7750,7725,36500
2021-12-01 11:08:00,7725,7725,7750,7750,11000
2021-12-01 11:09:00,7750,7725,7750,7725,3800
2021-12-01 11:10:00,7725,7725,7725,7725,6100
2021-12-01 11:11:00,7725,7725,7750,7725,12800
2021-12-01 11:12:00,7725,7725,7725,7725,3000
2021-12-01 11:13:00,7725,7725,7725,7725,4200
2021-12-01 11:14:00,7725,7700,7725,7700,17300
2021-12-01 11:15:00,7725,7700,7725,7700,0
2021-12-01 11:16:00,7700,7700,7700,7700,800
2021-12-01 11:17:00,7700,7700,7700,7700,2300
2021-12-01 11:18:00,7700,7700,7700,7700,1800
2021-12-01 11:19:00,7700,7700,7725,7700,1300
2021-12-01 11:20:00,7700,7700,7700,7700,1000
2021-12-01 11:21:00,7700,7700,7700,7700,18800
2021-12-01 11:22:00,7700,7700,7725,7725,1000
2021-12-01 11:23:00,7725,7700,7725,7725,500
2021-12-01 11:24:00,7700,7700,7725,7700,1000
2021-12-01 11:25:00,7725,7700,7725,7700,600
2021-12-01 11:26:00,7700,7700,7725,7700,1700
2021-12-01 11:27:00,7700,7700,7725,7700,0
2021-12-01 11:28:00,7700,7700,7725,7700,700
2021-12-01 11:29:00,7725,7700,7725,7700,1000
2021-12-01 11:30:00,7725,7700,7725,7700,0
2021-12-01 11:31:00,7725,7700,7725,7700,0
2021-12-01 11:32:00,7725,7700,7725,7700,0
2021-12-01 11:33:00,7725,7700,7725,7700,0
2021-12-01 11:34:00,7725,7700,7725,7700,0
2021-12-01 11:35:00,7725,7700,7725,7700,0
2021-12-01 11:36:00,7725,7700,7725,7700,0
2021-12-01 11:37:00,7725,7700,7725,7700,0
2021-12-01 11:38:00,7725,7700,7725,7700,0
2021-12-01 11:39:00,7725,7700,7725,7700,0
2021-12-01 11:40:00,7725,7700,7725,7700,0
2021-12-01 11:41:00,7725,7700,7725,7700,0
2021-12-01 11:42:00,7725,7700,7725,7700,0
2021-12-01 11:43:00,7725,7700,7725,7700,0
2021-12-01 11:44:00,7725,7700,7725,7700,0
2021-12-01 11:45:00,7725,7700,7725,7700,0
2021-12-01 11:46:00,7725,7700,7725,7700,0
2021-12-01 11:47:00,7725,7700,7725,7700,0
2021-12-01 11:48:00,7725,7700,7725,7700,0
2021-12-01 11:49:00,7725,7700,7725,7700,0
2021-12-01 11:50:00,7725,7700,7725,7700,0
2021-12-01 11:51:00,7725,7700,7725,7700,0
2021-12-01 11:52:00,7725,7700,7725,7700,0
2021-12-01 11:53:00,7725,7700,7725,7700,0
2021-12-01 11:54:00,7725,7700,7725,7700,0
2021-12-01 11:55:00,7725,7700,7725,7700,0
2021-12-01 11:56:00,7725,7700,7725,7700,0
2021-12-01 11:57:00,7725,7700,7725,7700,0
2021-12-01 11:58:00,7725,7700,7725,7700,0
2021-12-01 11:59:00,7725,7700,7725,7700,0
2021-12-01 12:00:00,7725,7700,7725,7700,0
2021-12-01 12:01:00,7725,7700,7725,7700,0
2021-12-01 12:02:00,7725,7700,7725,7700,0
2021-12-01 12:03:00,7725,7700,7725,7700,0
2021-12-01 12:04:00,7725,7700,7725,7700,0
2021-12-01 12:05:00,7725,7700,7725,7700,0
2021-12-01 12:06:00,7725,7700,7725,7700,0
2021-12-01 12:07:00,7725,7700,7725,7700,0
2021-12-01 12:08:00,7725,7700,7725,7700,0
2021-12-01 12:09:00,7725,7700,7725,7700,0
2021-12-01 12:10:00,7725,7700,7725,7700,0
2021-12-01 12:11:00,7725,7700,7725,7700,0
2021-12-01 12:12:00,7725,7700,7725,7700,0
2021-12-01 12:13:00,7725,7700,7725,7700,0
2021-12-01 12:14:00,7725,7700,7725,7700,0
2021-12-01 12:15:00,7725,7700,7725,7700,0
2021-12-01 12:16:00,7725,7700,7725,7700,0
2021-12-01 12:17:00,7725,7700,7725,7700,0
2021-12-01 12:18:00,7725,7700,7725,7700,0
2021-12-01 12:19:00,7725,7700,7725,7700,0
2021-12-01 12:20:00,7725,7700,7725,7700,0
2021-12-01 12:21:00,7725,7700,7725,7700,0
2021-12-01 12:22:00,7725,7700,7725,7700,0
2021-12-01 12:23:00,7725,7700,7725,7700,0
2021-12-01 12:24:00,7725,7700,7725,7700,0
2021-12-01 12:25:00,7725,7700,7725,7700,0
2021-12-01 12:26:00,7725,7700,7725,7700,0
2021-12-01 12:27:00,7725,7700,7725,7700,0
2021-12-01 12:28:00,7725,7700,7725,7700,0
2021-12-01 12:29:00,7725,7700,7725,7700,0
2021-12-01 12:30:00,7725,7700,7725,7700,0
2021-12-01 12:31:00,7725,7700,7725,7700,0
2021-12-01 12:32:00,7725,7700,7725,7700,0
2021-12-01 12:33:00,7725,7700,7725,7700,0
2021-12-01 12:34:00,7725,7700,7725,7700,0
2021-12-01 12:35:00,7725,7700,7725,7700,0
2021-12-01 12:36:00,7725,7700,7725,7700,0
2021-12-01 12:37:00,7725,7700,7725,7700,0
2021-12-01 12:38:00,7725,7700,7725,7700,0
2021-12-01 12:39:00,7725,7700,7725,7700,0
2021-12-01 12:40:00,7725,7700,7725,7700,0
2021-12-01 12:41:00,7725,7700,7725,7700,0
2021-12-01 12:42:00,7725,7700,7725,7700,0
2021-12-01 12:43:00,7725,7700,7725,7700,0
2021-12-01 12:44:00,7725,7700,7725,7700,0
2021-12-01 12:45:00,7725,7700,7725,7700,0
2021-12-01 12:46:00,7725,7700,7725,7700,0
2021-12-01 12:47:00,7725,7700,7725,7700,0
2021-12-01 12:48:00,7725,7700,7725,7700,0
2021-12-01 12:49:00,7725,7700,7725,7700,0
2021-12-01 12:50:00,7725,7700,7725,7700,0
2021-12-01 12:51:00,7725,7700,7725,7700,0
2021-12-01 12:52:00,7725,7700,7725,7700,0
2021-12-01 12:53:00,7725,7700,7725,7700,0
2021-12-01 12:54:00,7725,7700,7725,7700,0
2021-12-01 12:55:00,7725,7700,7725,7700,0
2021-12-01 12:56:00,7725,7700,7725,7700,0
2021-12-01 12:57:00,7725,7700,7725,7700,0
2021-12-01 12:58:00,7725,7700,7725,7700,0
2021-12-01 12:59:00,7725,7700,7725,7700,0
2021-12-01 13:00:00,7725,7700,7725,7700,0
2021-12-01 13:01:00,7725,7700,7725,7700,0
2021-12-01 13:02:00,7725,7700,7725,7700,0
2021-12-01 13:03:00,7725,7700,7725,7700,0
2021-12-01 13:04:00,7725,7700,7725,7700,0
2021-12-01 13:05:00,7725,7700,7725,7700,0
2021-12-01 13:06:00,7725,7700,7725,7700,0
2021-12-01 13:07:00,7725,7700,7725,7700,0
2021-12-01 13:08:00,7725,7700,7725,7700,0
2021-12-01 13:09:00,7725,7700,7725,7700,0
2021-12-01 13:10:00,7725,7700,7725,7700,0
2021-12-01 13:11:00,7725,7700,7725,7700,0
2021-12-01 13:12:00,7725,7700,7725,7700,0
2021-12-01 13:13:00,7725,7700,7725,7700,0
2021-12-01 13:14:00,7725,7700,7725,7700,0
2021-12-01 13:15:00,7725,7700,7725,7700,0
2021-12-01 13:16:00,7725,7700,7725,7700,0
2021-12-01 13:17:00,7725,7700,7725,7700,0
2021-12-01 13:18:00,7725,7700,7725,7700,0
2021-12-01 13:19:00,7725,7700,7725,7700,0
2021-12-01 13:20:00,7725,7700,7725,7700,0
2021-12-01 13:21:00,7725,7700,7725,7700,0
2021-12-01 13:22:00,7725,7700,7725,7700,0
2021-12-01 13:23:00,7725,7700,7725,7700,0
2021-12-01 13:24:00,7725,7700,7725,7700,0
2021-12-01 13:25:00,7725,7700,7725,7700,0
2021-12-01 13:26:00,7725,7700,7725,7700,0
2021-12-01 13:27:00,7725,7700,7725,7700,0
2021-12-01 13:28:00,7725,7700,7725,7700,0
2021-12-01 13:29:00,7725,7700,7725,7700,0
2021-12-01 13:30:00,7725,7700,7725,7700,49600
2021-12-01 13:31:00,7700,7700,7700,7700,200
2021-12-01 13:32:00,7700,7700,7725,7725,700
2021-12-01 13:33:00,7700,7700,7725,7725,0
2021-12-01 13:34:00,7700,7700,7725,7725,0
2021-12-01 13:35:00,7750,7750,7750,7750,100
2021-12-01 13:36:00,7750,7750,7750,7750,1600
2021-12-01 13:37:00,7750,7750,7750,7750,500
2021-12-01 13:38:00,7750,7750,7750,7750,3700
2021-12-01 13:39:00,7750,7725,7750,7750,3800
2021-12-01 13:40:00,7750,7750,7750,7750,2000
2021-12-01 13:41:00,7725,7725,7750,7750,3600
2021-12-01 13:42:00,7750,7750,7750,7750,100
2021-12-01 13:43:00,7750,7750,7750,7750,20700
2021-12-01 13:44:00,7750,7725,7750,7725,12200
2021-12-01 13:45:00,7750,7750,7750,7750,2300
2021-12-01 13:46:00,7750,7750,7750,7750,800
2021-12-01 13:47:00,7750,7750,7750,7750,2700
2021-12-01 13:48:00,7750,7750,7750,7750,200
2021-12-01 13:49:00,7750,7725,7750,7725,4600
2021-12-01 13:50:00,7750,7750,7750,7750,300
2021-12-01 13:51:00,7750,7750,7750,7750,700
2021-12-01 13:52:00,7750,7750,7750,7750,700
2021-12-01 13:53:00,7750,7750,7750,7750,200
2021-12-01 13:54:00,7750,7750,7750,7750,0
2021-12-01 13:55:00,7775,7775,7775,7775,1000
2021-12-01 13:56:00,7775,7775,7775,7775,0
2021-12-01 13:57:00,7750,7725,7750,7725,18400
2021-12-01 13:58:00,7750,7725,7750,7725,0
2021-12-01 13:59:00,7750,7750,7750,7750,300
2021-12-01 14:00:00,7750,7750,7750,7750,0
2021-12-01 14:01:00,7750,7750,7750,7750,100
2021-12-01 14:02:00,7775,7750,7775,7750,1100
2021-12-01 14:03:00,7775,7775,7775,7775,1000
2021-12-01 14:04:00,7750,7725,7750,7725,8000
2021-12-01 14:05:00,7725,7725,7725,7725,3100
2021-12-01 14:06:00,7725,7725,7725,7725,54700
2021-12-01 14:07:00,7725,7725,7725,7725,2000
2021-12-01 14:08:00,7725,7725,7725,7725,8800
2021-12-01 14:09:00,7725,7725,7725,7725,0
2021-12-01 14:10:00,7750,7750,7750,7750,100
2021-12-01 14:11:00,7750,7750,7750,7750,10000
2021-12-01 14:12:00,7750,7750,7750,7750,700
2021-12-01 14:13:00,7750,7725,7750,7725,17800
2021-12-01 14:14:00,7725,7700,7725,7725,4100
2021-12-01 14:15:00,7725,7725,7725,7725,10900
2021-12-01 14:16:00,7725,7725,7725,7725,0
2021-12-01 14:17:00,7725,7725,7725,7725,5100
2021-12-01 14:18:00,7725,7725,7725,7725,0
2021-12-01 14:19:00,7700,7700,7725,7725,27700
2021-12-01 14:20:00,7725,7725,7725,7725,200
2021-12-01 14:21:00,7700,7700,7700,7700,1000
2021-12-01 14:22:00,7700,7700,7725,7725,8800
2021-12-01 14:23:00,7725,7725,7725,7725,300
2021-12-01 14:24:00,7700,7700,7700,7700,6500
2021-12-01 14:25:00,7700,7700,7700,7700,9600
2021-12-01 14:26:00,7700,7700,7700,7700,16500
2021-12-01 14:27:00,7675,7675,7675,7675,19100
2021-12-01 14:28:00,7675,7675,7675,7675,2900
2021-12-01 14:29:00,7675,7675,7700,7675,800
2021-12-01 14:30:00,7700,7700,7700,7700,400
2021-12-01 14:31:00,7700,7675,7700,7675,2600
2021-12-01 14:32:00,7700,7675,7700,7675,76500
2021-12-01 14:33:00,7675,7675,7700,7700,3600
2021-12-01 14:34:00,7675,7675,7675,7675,3100
2021-12-01 14:35:00,7675,7650,7675,7650,22300
2021-12-01 14:36:00,7650,7650,7650,7650,1600
2021-12-01 14:37:00,7650,7650,7675,7675,7100
2021-12-01 14:38:00,7675,7675,7675,7675,600
2021-12-01 14:39:00,7675,7650,7675,7675,26600
2021-12-01 14:40:00,7675,7675,7675,7675,10000
2021-12-01 14:41:00,7675,7675,7675,7675,10400
2021-12-01 14:42:00,7675,7675,7700,7700,12500
2021-12-01 14:43:00,7675,7675,7675,7675,7700
2021-12-01 14:44:00,7700,7675,7700,7675,7300
2021-12-01 14:45:00,7675,7650,7675,7650,10300
2021-12-01 14:46:00,7650,7650,7675,7675,11600
2021-12-01 14:47:00,7650,7650,7675,7650,80900
2021-12-01 14:48:00,7675,7650,7675,7675,12600
2021-12-01 14:49:00,7675,7650,7675,7650,9600
2021-12-01 14:50:00,7675,7650,7675,7650,0
2021-12-01 14:51:00,7675,7650,7675,7650,0
2021-12-01 14:52:00,7675,7650,7675,7650,0
2021-12-01 14:53:00,7675,7650,7675,7650,0
2021-12-01 14:54:00,7675,7650,7675,7650,0
2021-12-01 14:55:00,7675,7650,7675,7650,0
2021-12-01 14:56:00,7675,7650,7675,7650,0
2021-12-01 14:57:00,7675,7650,7675,7650,0
2021-12-01 14:58:00,7675,7650,7675,7650,0
2021-12-01 14:59:00,7675,7650,7675,7650,0
2021-12-01 15:00:00,7675,7675,7675,7675,142200
2021-12-01 15:01:00,7675,7675,7675,7675,0
2021-12-01 15:02:00,7675,7675,7675,7675,0
2021-12-01 15:03:00,7675,7675,7675,7675,0
2021-12-01 15:04:00,7675,7675,7675,7675,0
2021-12-01 15:05:00,7675,7675,7675,7675,42300
2021-12-01 15:06:00,7675,7675,7675,7675,1400
2021-12-01 15:07:00,7675,7675,7675,7675,30800
2021-12-01 15:08:00,7675,7675,7675,7675,200
2021-12-01 15:09:00,7675,7675,7675,7675,500
2021-12-01 15:10:00,7675,7675,7675,7675,10000
2021-12-01 15:11:00,7675,7675,7675,7675,100
2021-12-01 15:12:00,7675,7675,7675,7675,0
2021-12-01 15:13:00,7675,7675,7675,7675,10200
2021-12-01 15:14:00,7675,7675,7675,7675,3000
2021-12-01 15:15:00,7675,7675,7675,7675,0
2021-12-01 15:16:00,7675,7675,7675,7675,0
2021-12-01 15:17:00,7675,7675,7675,7675,0
2021-12-01 15:18:00,7675,7675,7675,7675,0
2021-12-01 15:19:00,7675,7675,7675,7675,0
2021-12-01 15:20:00,7675,7675,7675,7675,0
2021-12-01 15:21:00,7675,7675,7675,7675,0
2021-12-01 15:22:00,7675,7675,7675,7675,0
2021-12-01 15:23:00,7675,7675,7675,7675,0
2021-12-01 15:24:00,7675,7675,7675,7675,0
2021-12-01 15:25:00,7675,7675,7675,7675,0
2021-12-01 15:26:00,7675,7675,7675,7675,0
2021-12-01 15:27:00,7675,7675,7675,7675,0
2021-12-01 15:28:00,7675,7675,7675,7675,0
2021-12-01 15:29:00,7675,7675,7675,7675,0
2021-12-01 15:30:00,7675,7675,7675,7675,0
2021-12-01 15:31:00,7675,7675,7675,7675,0
2021-12-01 15:32:00,7675,7675,7675,7675,0
2021-12-01 15:33:00,7675,7675,7675,7675,0
2021-12-01 15:34:00,7675,7675,7675,7675,0
2021-12-01 15:35:00,7675,7675,7675,7675,0
2021-12-01 15:36:00,7675,7675,7675,7675,0
2021-12-01 15:37:00,7675,7675,7675,7675,0
2021-12-01 15:38:00,7675,7675,7675,7675,0
2021-12-01 15:39:00,7675,7675,7675,7675,0
2021-12-01 15:40:00,7675,7675,7675,7675,0
2021-12-01 15:41:00,7675,7675,7675,7675,0
2021-12-01 15:42:00,7675,7675,7675,7675,0
2021-12-01 15:43:00,7675,7675,7675,7675,0
2021-12-01 15:44:00,7675,7675,7675,7675,0
2021-12-01 15:45:00,7675,7675,7675,7675,0
2021-12-01 15:46:00,7675,7675,7675,7675,0
2021-12-01 15:47:00,7675,7675,7675,7675,0
2021-12-01 15:48:00,7675,7675,7675,7675,0
2021-12-01 15:49:00,7675,7675,7675,7675,0
2021-12-01 15:50:00,7675,7675,7675,7675,0
2021-12-01 15:51:00,7675,7675,7675,7675,0
2021-12-01 15:52:00,7675,7675,7675,7675,0
2021-12-01 15:53:00,7675,7675,7675,7675,0
2021-12-01 15:54:00,7675,7675,7675,7675,0
2021-12-01 15:55:00,7675,7675,7675,7675,0
2021-12-01 15:56:00,7675,7675,7675,7675,0
2021-12-01 15:57:00,7675,7675,7675,7675,0
2021-12-01 15:58:00,7675,7675,7675,7675,0
2021-12-01 15:59:00,7675,7675,7675,7675,0
2021-12-02 09:00:00,7775,7750,7800,7800,72100
2021-12-02 09:01:00,7800,7750,7800,7750,25500
2021-12-02 09:02:00,7750,7725,7750,7725,8200
2021-12-02 09:03:00,7750,7750,7750,7750,400
2021-12-02 09:04:00,7750,7725,7750,7725,11000
2021-12-02 09:05:00,7725,7700,7725,7700,22300
2021-12-02 09:06:00,7700,7675,7725,7675,55900
2021-12-02 09:07:00,7675,7675,7700,7700,28000
2021-12-02 09:08:00,7675,7675,7700,7700,21200
2021-12-02 09:09:00,7700,7675,7700,7675,4000
2021-12-02 09:10:00,7700,7700,7700,7700,4700
2021-12-02 09:11:00,7700,7700,7700,7700,3600
2021-12-02 09:12:00,7700,7700,7700,7700,1400
2021-12-02 09:13:00,7700,7700,7700,7700,1000
2021-12-02 09:14:00,7700,7700,7725,7700,1100
2021-12-02 09:15:00,7700,7700,7700,7700,1400
2021-12-02 09:16:00,7700,7675,7725,7725,10700
2021-12-02 09:17:00,7725,7700,7725,7700,4200
2021-12-02 09:18:00,7700,7700,7725,7725,2700
2021-12-02 09:19:00,7700,7700,7725,7725,4900
2021-12-02 09:20:00,7700,7700,7700,7700,2400
2021-12-02 09:21:00,7725,7725,7725,7725,1600
2021-12-02 09:22:00,7700,7700,7700,7700,24800
2021-12-02 09:23:00,7700,7700,7700,7700,2000
2021-12-02 09:24:00,7700,7700,7700,7700,400
2021-12-02 09:25:00,7700,7675,7700,7675,31500
2021-12-02 09:26:00,7700,7675,7700,7675,30900
2021-12-02 09:27:00,7700,7700,7700,7700,8500
2021-12-02 09:28:00,7700,7700,7700,7700,3000
2021-12-02 09:29:00,7675,7675,7700,7675,5600
2021-12-02 09:30:00,7675,7675,7675,7675,600
2021-12-02 09:31:00,7675,7675,7700,7700,3900
2021-12-02 09:32:00,7675,7675,7700,7700,0
2021-12-02 09:33:00,7675,7675,7675,7675,3200
2021-12-02 09:34:00,7675,7675,7675,7675,11200
2021-12-02 09:35:00,7675,7675,7675,7675,0
2021-12-02 09:36:00,7675,7675,7675,7675,2100
2021-12-02 09:37:00,7700,7675,7700,7675,2800
2021-12-02 09:38:00,7675,7675,7675,7675,600
2021-12-02 09:39:00,7675,7675,7675,7675,17400
2021-12-02 09:40:00,7675,7675,7675,7675,4600
2021-12-02 09:41:00,7675,7675,7675,7675,5000
2021-12-02 09:42:00,7675,7675,7675,7675,18400
2021-12-02 09:43:00,7675,7675,7675,7675,0
2021-12-02 09:44:00,7675,7675,7675,7675,5300
2021-12-02 09:45:00,7675,7675,7675,7675,6000
2021-12-02 09:46:00,7700,7675,7700,7675,11200
2021-12-02 09:47:00,7675,7675,7700,7675,6100
2021-12-02 09:48:00,7700,7700,7700,7700,5100
2021-12-02 09:49:00,7700,7675,7700,7675,3800
2021-12-02 09:50:00,7675,7675,7700,7700,6000
2021-12-02 09:51:00,7700,7675,7700,7700,500
2021-12-02 09:52:00,7700,7675,7700,7700,0
2021-12-02 09:53:00,7700,7675,7700,7675,300
2021-12-02 09:54:00,7700,7675,7700,7675,0
2021-12-02 09:55:00,7700,7700,7725,7700,28800
2021-12-02 09:56:00,7700,7700,7725,7725,12100
2021-12-02 09:57:00,7700,7700,7700,7700,6000
2021-12-02 09:58:00,7700,7700,7725,7725,3000
2021-12-02 09:59:00,7725,7725,7725,7725,8600
2021-12-02 10:00:00,7750,7750,7750,7750,200
2021-12-02 10:01:00,7750,7750,7750,7750,29300
2021-12-02 10:02:00,7775,7775,7775,7775,3400
2021-12-02 10:03:00,7775,7775,7775,7775,25500
2021-12-02 10:04:00,7775,7775,7775,7775,7200
2021-12-02 10:05:00,7775,7750,7800,7775,39500
2021-12-02 10:06:00,7800,7800,7800,7800,4900
2021-12-02 10:07:00,7800,7800,7800,7800,2200
2021-12-02 10:08:00,7800,7800,7800,7800,4400
2021-12-02 10:09:00,7800,7800,7800,7800,14600
2021-12-02 10:10:00,7800,7800,7800,7800,7900
2021-12-02 10:11:00,7800,7800,7800,7800,3500
2021-12-02 10:12:00,7800,7775,7800,7800,12200
2021-12-02 10:13:00,7800,7800,7800,7800,2900
2021-12-02 10:14:00,7775,7775,7775,7775,3500
2021-12-02 10:15:00,7800,7775,7800,7775,4900
2021-12-02 10:16:00,7775,7775,7775,7775,7100
2021-12-02 10:17:00,7775,7775,7775,7775,45500
2021-12-02 10:18:00,7775,7775,7775,7775,2400
2021-12-02 10:19:00,7775,7775,7775,7775,800
2021-12-02 10:20:00,7775,7775,7775,7775,100
2021-12-02 10:21:00,7775,7750,7775,7750,3600
2021-12-02 10:22:00,7775,7775,7775,7775,300
2021-12-02 10:23:00,7750,7750,7750,7750,5600
2021-12-02 10:24:00,7750,7750,7750,7750,0
2021-12-02 10:25:00,7775,7750,7775,7775,6100
2021-12-02 10:26:00,7775,7775,7775,7775,100
2021-12-02 10:27:00,7775,7775,7775,7775,100
2021-12-02 10:28:00,7775,7775,7775,7775,0
2021-12-02 10:29:00,7775,7775,7775,7775,100
2021-12-02 10:30:00,7775,7775,7775,7775,100
2021-12-02 10:31:00,7750,7750,7750,7750,5300
2021-12-02 10:32:00,7750,7750,7775,7775,1600
2021-12-02 10:33:00,7775,7775,7775,7775,8200
2021-12-02 10:34:00,7775,7750,7775,7750,11300
2021-12-02 10:35:00,7750,7750,7750,7750,13200
2021-12-02 10:36:00,7750,7750,7750,7750,3500
2021-12-02 10:37:00,7750,7750,7750,7750,0
2021-12-02 10:38:00,7750,7750,7775,7775,18200
2021-12-02 10:39:00,7750,7750,7750,7750,600
2021-12-02 10:40:00,7750,7750,7750,7750,0
2021-12-02 10:41:00,7750,7750,7750,7750,3200
2021-12-02 10:42:00,7750,7750,7750,7750,200
2021-12-02 10:43:00,7750,7750,7750,7750,100
2021-12-02 10:44:00,7750,7750,7750,7750,200
2021-12-02 10:45:00,7750,7750,7750,7750,12100
2021-12-02 10:46:00,7750,7750,7750,7750,100
2021-12-02 10:47:00,7775,7775,7775,7775,1800
2021-12-02 10:48:00,7775,7775,7775,7775,0
2021-12-02 10:49:00,7775,7750,7775,7750,1500
2021-12-02 10:50:00,7750,7750,7750,7750,2000
2021-12-02 10:51:00,7750,7750,7750,7750,1500
2021-12-02 10:52:00,7750,7750,7750,7750,0
2021-12-02 10:53:00,7775,7775,7775,7775,100
2021-12-02 10:54:00,7775,7775,7775,7775,2300
2021-12-02 10:55:00,7775,7775,7775,7775,1000
2021-12-02 10:56:00,7775,7775,7775,7775,0
2021-12-02 10:57:00,7750,7750,7750,7750,15200
2021-12-02 10:58:00,7750,7750,7750,7750,3000
2021-12-02 10:59:00,7750,7750,7750,7750,0
2021-12-02 11:00:00,7775,7775,7775,7775,49000
2021-12-02 11:01:00,7750,7750,7775,7750,2900
2021-12-02 11:02:00,7750,7750,7775,7750,0
2021-12-02 11:03:00,7750,7750,7775,7750,0
2021-12-02 11:04:00,7775,7775,7775,7775,1500
2021-12-02 11:05:00,7775,7775,7775,7775,800
2021-12-02 11:06:00,7775,7775,7775,7775,0
2021-12-02 11:07:00,7750,7750,7750,7750,1100
2021-12-02 11:08:00,7775,7750,7775,7775,37000
2021-12-02 11:09:00,7775,7775,7775,7775,1800
2021-12-02 11:10:00,7775,7775,7775,7775,9900
2021-12-02 11:11:00,7775,7775,7775,7775,8000
2021-12-02 11:12:00,7775,7775,7775,7775,100
2021-12-02 11:13:00,7775,7775,7800,7800,13900
2021-12-02 11:14:00,7775,7775,7800,7800,0
2021-12-02 11:15:00,7775,7775,7775,7775,100
2021-12-02 11:16:00,7800,7775,7800,7775,8500
2021-12-02 11:17:00,7800,7775,7800,7775,0
2021-12-02 11:18:00,7775,7775,7775,7775,300
2021-12-02 11:19:00,7775,7775,7775,7775,2900
2021-12-02 11:20:00,7775,7775,7775,7775,700
2021-12-02 11:21:00,7750,7750,7750,7750,100
2021-12-02 11:22:00,7750,7750,7775,7775,5400
2021-12-02 11:23:00,7775,7775,7775,7775,300
2021-12-02 11:24:00,7775,7775,7775,7775,1500
2021-12-02 11:25:00,7775,7775,7775,7775,500
2021-12-02 11:26:00,7800,7800,7800,7800,1800
2021-12-02 11:27:00,7775,7775,7775,7775,300
2021-12-02 11:28:00,7800,7800,7800,7800,500
2021-12-02 11:29:00,7800,7800,7800,7800,1700
2021-12-02 11:30:00,7800,7800,7800,7800,100
2021-12-02 11:31:00,7800,7800,7800,7800,0
2021-12-02 11:32:00,7800,7800,7800,7800,0
2021-12-02 11:33:00,7800,7800,7800,7800,0
2021-12-02 11:34:00,7800,7800,7800,7800,0
2021-12-02 11:35:00,7800,7800,7800,7800,0
2021-12-02 11:36:00,7800,7800,7800,7800,0
2021-12-02 11:37:00,7800,7800,7800,7800,0
2021-12-02 11:38:00,7800,7800,7800,7800,0
2021-12-02 11:39:00,7800,7800,7800,7800,0
2021-12-02 11:40:00,7800,7800,7800,7800,0
2021-12-02 11:41:00,7800,7800,7800,7800,0
2021-12-02 11:42:00,7800,7800,7800,7800,0
2021-12-02 11:43:00,7800,7800,7800,7800,0
2021-12-02 11:44:00,7800,7800,7800,7800,0
2021-12-02 11:45:00,7800,7800,7800,7800,0
2021-12-02 11:46:00,7800,7800,7800,7800,0
2021-12-02 11:47:00,7800,7800,7800,7800,0
2021-12-02 11:48:00,7800,7800,7800,7800,0
2021-12-02 11:49:00,7800,7800,7800,7800,0
2021-12-02 11:50:00,7800,7800,7800,7800,0
2021-12-02 11:51:00,7800,7800,7800,7800,0
2021-12-02 11:52:00,7800,7800,7800,7800,0
2021-12-02 11:53:00,7800,7800,7800,7800,0
2021-12-02 11:54:00,7800,7800,7800,7800,0
2021-12-02 11:55:00,7800,7800,7800,7800,0
2021-12-02 11:56:00,7800,7800,7800,7800,0
2021-12-02 11:57:00,7800,7800,7800,7800,0
2021-12-02 11:58:00,7800,7800,7800,7800,0
2021-12-02 11:59:00,7800,7800,7800,7800,0
2021-12-02 12:00:00,7800,7800,7800,7800,0
2021-12-02 12:01:00,7800,7800,7800,7800,0
2021-12-02 12:02:00,7800,7800,7800,7800,0
2021-12-02 12:03:00,7800,7800,7800,7800,0
2021-12-02 12:04:00,7800,7800,7800,7800,0
2021-12-02 12:05:00,7800,7800,7800,7800,0
2021-12-02 12:06:00,7800,7800,7800,7800,0
2021-12-02 12:07:00,7800,7800,7800,7800,0
2021-12-02 12:08:00,7800,7800,7800,7800,0
2021-12-02 12:09:00,7800,7800,7800,7800,0
2021-12-02 12:10:00,7800,7800,7800,7800,0
2021-12-02 12:11:00,7800,7800,7800,7800,0
2021-12-02 12:12:00,7800,7800,7800,7800,0
2021-12-02 12:13:00,7800,7800,7800,7800,0
2021-12-02 12:14:00,7800,7800,7800,7800,0
2021-12-02 12:15:00,7800,7800,7800,7800,0
2021-12-02 12:16:00,7800,7800,7800,7800,0
2021-12-02 12:17:00,7800,7800,7800,7800,0
2021-12-02 12:18:00,7800,7800,7800,7800,0
2021-12-02 12:19:00,7800,7800,7800,7800,0
2021-12-02 12:20:00,7800,7800,7800,7800,0
2021-12-02 12:21:00,7800,7800,7800,7800,0
2021-12-02 12:22:00,7800,7800,7800,7800,0
2021-12-02 12:23:00,7800,7800,7800,7800,0
2021-12-02 12:24:00,7800,7800,7800,7800,0
2021-12-02 12:25:00,7800,7800,7800,7800,0
2021-12-02 12:26:00,7800,7800,7800,7800,0
2021-12-02 12:27:00,7800,7800,7800,7800,0
2021-12-02 12:28:00,7800,7800,7800,7800,0
2021-12-02 12:29:00,7800,7800,7800,7800,0
2021-12-02 12:30:00,7800,7800,7800,7800,0
2021-12-02 12:31:00,7800,7800,7800,7800,0
2021-12-02 12:32:00,7800,7800,7800,7800,0
2021-12-02 12:33:00,7800,7800,7800,7800,0
2021-12-02 12:34:00,7800,7800,7800,7800,0
2021-12-02 12:35:00,7800,7800,7800,7800,0
2021-12-02 12:36:00,7800,7800,7800,7800,0
2021-12-02 12:37:00,7800,7800,7800,7800,0
2021-12-02 12:38:00,7800,7800,7800,7800,0
2021-12-02 12:39:00,7800,7800,7800,7800,0
2021-12-02 12:40:00,7800,7800,7800,7800,0
2021-12-02 12:41:00,7800,7800,7800,7800,0
2021-12-02 12:42:00,7800,7800,7800,7800,0
2021-12-02 12:43:00,7800,7800,7800,7800,0
2021-12-02 12:44:00,7800,7800,7800,7800,0
2021-12-02 12:45:00,7800,7800,7800,7800,0
2021-12-02 12:46:00,7800,7800,7800,7800,0
2021-12-02 12:47:00,7800,7800,7800,7800,0
2021-12-02 12:48:00,7800,7800,7800,7800,0
2021-12-02 12:49:00,7800,7800,7800,7800,0
2021-12-02 12:50:00,7800,7800,7800,7800,0
2021-12-02 12:51:00,7800,7800,7800,7800,0
2021-12-02 12:52:00,7800,7800,7800,7800,0
2021-12-02 12:53:00,7800,7800,7800,7800,0
2021-12-02 12:54:00,7800,7800,7800,7800,0
2021-12-02 12:55:00,7800,7800,7800,7800,0
2021-12-02 12:56:00,7800,7800,7800,7800,0
2021-12-02 12:57:00,7800,7800,7800,7800,0
2021-12-02 12:58:00,7800,7800,7800,7800,0
2021-12-02 12:59:00,7800,7800,7800,7800,0
2021-12-02 13:00:00,7800,7800,7800,7800,0
2021-12-02 13:01:00,7800,7800,7800,7800,0
2021-12-02 13:02:00,7800,7800,7800,7800,0
2021-12-02 13:03:00,7800,7800,7800,7800,0
2021-12-02 13:04:00,7800,7800,7800,7800,0
2021-12-02 13:05:00,7800,7800,7800,7800,0
2021-12-02 13:06:00,7800,7800,7800,7800,0
2021-12-02 13:07:00,7800,7800,7800,7800,0
2021-12-02 13:08:00,7800,7800,7800,7800,0
2021-12-02 13:09:00,7800,7800,7800,7800,0
2021-12-02 13:10:00,7800,7800,7800,7800,0
2021-12-02 13:11:00,7800,7800,7800,7800,0
2021-12-02 13:12:00,7800,7800,7800,7800,0
2021-12-02 13:13:00,7800,7800,7800,7800,0
2021-12-02 13:14:00,7800,7800,7800,7800,0
2021-12-02 13:15:00,7800,7800,7800,7800,0
2021-12-02 13:16:00,7800,7800,7800,7800,0
2021-12-02 13:17:00,7800,7800,7800,7800,0
2021-12-02 13:18:00,7800,7800,7800,7800,0
2021-12-02 13:19:00,7800,7800,7800,7800,0
2021-12-02 13:20:00,7800,7800,7800,7800,0
2021-12-02 13:21:00,7800,7800,7800,7800,0
2021-12-02 13:22:00,7800,7800,7800,7800,0
2021-12-02 13:23:00,7800,7800,7800,7800,0
2021-12-02 13:24:00,7800,7800,7800,7800,0
2021-12-02 13:25:00,7800,7800,7800,7800,0
2021-12-02 13:26:00,7800,7800,7800,7800,0
2021-12-02 13:27:00,7800,7800,7800,7800,0
2021-12-02 13:28:00,7800,7800,7800,7800,0
2021-12-02 13:29:00,7800,7800,7800,7800,0
2021-12-02 13:30:00,7775,7775,7800,7775,31300
2021-12-02 13:31:00,7775,7775,7800,7775,1100
2021-12-02 13:32:00,7775,7775,7775,7775,9500
2021-12-02 13:33:00,7775,7775,7775,7775,0
2021-12-02 13:34:00,7775,7775,7775,7775,11000
2021-12-02 13:35:00,7775,7775,7775,7775,3100
2021-12-02 13:36:00,7775,7775,7775,7775,600
2021-12-02 13:37:00,7750,7750,7750,7750,1000
2021-12-02 13:38:00,7750,7750,7750,7750,1000
2021-12-02 13:39:00,7750,7750,7750,7750,4500
2021-12-02 13:40:00,7775,7775,7775,7775,100
2021-12-02 13:41:00,7750,7750,7750,7750,1300
2021-12-02 13:42:00,7775,7750,7775,7750,47900
2021-12-02 13:43:00,7775,7750,7775,7750,0
2021-12-02 13:44:00,7775,7750,7775,7750,0
2021-12-02 13:45:00,7750,7750,7750,7750,20000
2021-12-02 13:46:00,7750,7750,7750,7750,200
2021-12-02 13:47:00,7750,7750,7775,7775,13400
2021-12-02 13:48:00,7750,7750,7750,7750,200
2021-12-02 13:49:00,7750,7750,7750,7750,400
2021-12-02 13:50:00,7750,7750,7750,7750,500
2021-12-02 13:51:00,7750,7750,7750,7750,500
2021-12-02 13:52:00,7750,7750,7750,7750,8400
2021-12-02 13:53:00,7750,7750,7750,7750,1600
2021-12-02 13:54:00,7750,7750,7750,7750,1000
2021-12-02 13:55:00,7750,7750,7750,7750,5000
2021-12-02 13:56:00,7750,7750,7750,7750,500
2021-12-02 13:57:00,7750,7750,7750,7750,600
2021-12-02 13:58:00,7750,7750,7750,7750,1000
2021-12-02 13:59:00,7750,7750,7750,7750,0
2021-12-02 14:00:00,7750,7750,7775,7775,11500
2021-12-02 14:01:00,7750,7750,7750,7750,1700
2021-12-02 14:02:00,7750,7750,7750,7750,0
2021-12-02 14:03:00,7775,7750,7775,7750,7300
2021-12-02 14:04:00,7750,7750,7750,7750,500
2021-12-02 14:05:00,7750,7750,7750,7750,4400
2021-12-02 14:06:00,7750,7750,7750,7750,0
2021-12-02 14:07:00,7750,7750,7750,7750,0
2021-12-02 14:08:00,7750,7750,7750,7750,0
2021-12-02 14:09:00,7750,7750,7750,7750,2300
2021-12-02 14:10:00,7750,7750,7750,7750,4900
2021-12-02 14:11:00,7750,7750,7750,7750,5900
2021-12-02 14:12:00,7750,7750,7750,7750,0
2021-12-02 14:13:00,7750,7750,7750,7750,1000
2021-12-02 14:14:00,7750,7750,7750,7750,0
2021-12-02 14:15:00,7775,7775,7775,7775,700
2021-12-02 14:16:00,7750,7750,7750,7750,4300
2021-12-02 14:17:00,7775,7775,7775,7775,1000
2021-12-02 14:18:00,7775,7750,7775,7775,22900
2021-12-02 14:19:00,7775,7775,7775,7775,56900
2021-12-02 14:20:00,7775,7775,7775,7775,2000
2021-12-02 14:21:00,7775,7775,7775,7775,800
2021-12-02 14:22:00,7775,7750,7775,7750,8900
2021-12-02 14:23:00,7775,7775,7775,7775,200
2021-12-02 14:24:00,7775,7750,7775,7750,2800
2021-12-02 14:25:00,7775,7775,7775,7775,21200
2021-12-02 14:26:00,7775,7775,7775,7775,2500
2021-12-02 14:27:00,7775,7750,7775,7750,4300
2021-12-02 14:28:00,7775,7750,7775,7775,800
2021-12-02 14:29:00,7775,7775,7775,7775,900
2021-12-02 14:30:00,7775,7775,7775,7775,15300
2021-12-02 14:31:00,7775,7775,7775,7775,900
2021-12-02 14:32:00,7750,7750,7775,7775,4000
2021-12-02 14:33:00,7775,7750,7775,7750,800
2021-12-02 14:34:00,7775,7750,7775,7775,23500
2021-12-02 14:35:00,7775,7775,7775,7775,1100
2021-12-02 14:36:00,7775,7775,7775,7775,2300
2021-12-02 14:37:00,7775,7775,7775,7775,29500
2021-12-02 14:38:00,7775,7775,7775,7775,1600
2021-12-02 14:39:00,7775,7775,7775,7775,15100
2021-12-02 14:40:00,7775,7775,7775,7775,18400
2021-12-02 14:41:00,7775,7775,7775,7775,1200
2021-12-02 14:42:00,7800,7750,7800,7775,12400
2021-12-02 14:43:00,7775,7775,7775,7775,27400
2021-12-02 14:44:00,7775,7775,7800,7775,15700
2021-12-02 14:45:00,7800,7775,7800,7800,11300
2021-12-02 14:46:00,7775,7775,7800,7800,1200
2021-12-02 14:47:00,7800,7775,7800,7775,58800
2021-12-02 14:48:00,7775,7775,7775,7775,12900
2021-12-02 14:49:00,7750,7725,7775,7750,61000
2021-12-02 14:50:00,7750,7725,7775,7750,0
2021-12-02 14:51:00,7750,7725,7775,7750,0
2021-12-02 14:52:00,7750,7725,7775,7750,0
2021-12-02 14:53:00,7750,7725,7775,7750,0
2021-12-02 14:54:00,7750,7725,7775,7750,0
2021-12-02 14:55:00,7750,7725,7775,7750,0
2021-12-02 14:56:00,7750,7725,7775,7750,0
2021-12-02 14:57:00,7750,7725,7775,7750,0
2021-12-02 14:58:00,7750,7725,7775,7750,0
2021-12-02 14:59:00,7750,7725,7775,7750,0
2021-12-02 15:00:00,7725,7725,7725,7725,303200
2021-12-02 15:01:00,7725,7725,7725,7725,0
2021-12-02 15:02:00,7725,7725,7725,7725,0
2021-12-02 15:03:00,7725,7725,7725,7725,0
2021-12-02 15:04:00,7725,7725,7725,7725,0
2021-12-02 15:05:00,7725,7725,7725,7725,23100
2021-12-02 15:06:00,7725,7725,7725,7725,0
2021-12-02 15:07:00,7725,7725,7725,7725,1200
2021-12-02 15:08:00,7725,7725,7725,7725,600
2021-12-02 15:09:00,7725,7725,7725,7725,0
2021-12-02 15:10:00,7725,7725,7725,7725,300
2021-12-02 15:11:00,7725,7725,7725,7725,500
2021-12-02 15:12:00,7725,7725,7725,7725,0
2021-12-02 15:13:00,7725,7725,7725,7725,0
2021-12-02 15:14:00,7725,7725,7725,7725,0
2021-12-02 15:15:00,7725,7725,7725,7725,0
2021-12-02 15:16:00,7725,7725,7725,7725,0
2021-12-02 15:17:00,7725,7725,7725,7725,0
2021-12-02 15:18:00,7725,7725,7725,7725,0
2021-12-02 15:19:00,7725,7725,7725,7725,0
2021-12-02 15:20:00,7725,7725,7725,7725,0
2021-12-02 15:21:00,7725,7725,7725,7725,0
2021-12-02 15:22:00,7725,7725,7725,7725,0
2021-12-02 15:23:00,7725,7725,7725,7725,0
2021-12-02 15:24:00,7725,7725,7725,7725,0
2021-12-02 15:25:00,7725,7725,7725,7725,0
2021-12-02 15:26:00,7725,7725,7725,7725,0
2021-12-02 15:27:00,7725,7725,7725,7725,0
2021-12-02 15:28:00,7725,7725,7725,7725,0
2021-12-02 15:29:00,7725,7725,7725,7725,0
2021-12-02 15:30:00,7725,7725,7725,7725,0
2021-12-02 15:31:00,7725,7725,7725,7725,0
2021-12-02 15:32:00,7725,7725,7725,7725,0
2021-12-02 15:33:00,7725,7725,7725,7725,0
2021-12-02 15:34:00,7725,7725,7725,7725,0
2021-12-02 15:35:00,7725,7725,7725,7725,0
2021-12-02 15:36:00,7725,7725,7725,7725,0
2021-12-02 15:37:00,7725,7725,7725,7725,0
2021-12-02 15:38:00,7725,7725,7725,7725,0
2021-12-02 15:39:00,7725,7725,7725,7725,0
2021-12-02 15:40:00,7725,7725,7725,7725,0
2021-12-02 15:41:00,7725,7725,7725,7725,0
2021-12-02 15:42:00,7725,7725,7725,7725,0
2021-12-02 15:43:00,7725,7725,7725,7725,0
2021-12-02 15:44:00,7725,7725,7725,7725,0
2021-12-02 15:45:00,7725,7725,7725,7725,0
2021-12-02 15:46:00,7725,7725,7725,7725,0
2021-12-02 15:47:00,7725,7725,7725,7725,0
2021-12-02 15:48:00,7725,7725,7725,7725,0
2021-12-02 15:49:00,7725,7725,7725,7725,0
2021-12-02 15:50:00,7725,7725,7725,7725,0
2021-12-02 15:51:00,7725,7725,7725,7725,0
2021-12-02 15:52:00,7725,7725,7725,7725,0
2021-12-02 15:53:00,7725,7725,7725,7725,0
2021-12-02 15:54:00,7725,7725,7725,7725,0
2021-12-02 15:55:00,7725,7725,7725,7725,0
2021-12-02 15:56:00,7725,7725,7725,7725,0
2021-12-02 15:57:00,7725,7725,7725,7725,0
2021-12-02 15:58:00,7725,7725,7725,7725,0
2021-12-02 15:59:00,7725,7725,7725,7725,0
2021-12-03 09:00:00,7800,7800,7800,7800,32100
2021-12-03 09:01:00,7825,7825,7825,7825,1800
2021-12-03 09:02:00,7825,7800,7825,7825,52900
2021-12-03 09:03:00,7800,7800,7825,7800,21500
2021-12-03 09:04:00,7800,7800,7800,7800,12800
2021-12-03 09:05:00,7800,7775,7800,7800,1400
2021-12-03 09:06:00,7800,7775,7800,7775,1200
2021-12-03 09:07:00,7775,7775,7800,7800,300
2021-12-03 09:08:00,7775,7775,7775,7775,3600
2021-12-03 09:09:00,7775,7775,7800,7775,3900
2021-12-03 09:10:00,7775,7775,7775,7775,3500
2021-12-03 09:11:00,7775,7775,7800,7775,800
2021-12-03 09:12:00,7775,7775,7775,7775,200
2021-12-03 09:13:00,7800,7775,7800,7775,1800
2021-12-03 09:14:00,7800,7800,7800,7800,500
2021-12-03 09:15:00,7800,7800,7800,7800,26500
2021-12-03 09:16:00,7800,7800,7800,7800,200
2021-12-03 09:17:00,7800,7800,7800,7800,1500
2021-12-03 09:18:00,7800,7800,7800,7800,2800
2021-12-03 09:19:00,7775,7775,7800,7800,4100
2021-12-03 09:20:00,7800,7800,7800,7800,19100
2021-12-03 09:21:00,7800,7800,7800,7800,5500
2021-12-03 09:22:00,7800,7800,7800,7800,12200
2021-12-03 09:23:00,7825,7825,7825,7825,1800
2021-12-03 09:24:00,7825,7800,7825,7800,10600
2021-12-03 09:25:00,7825,7800,7825,7800,4500
2021-12-03 09:26:00,7800,7800,7800,7800,1000
2021-12-03 09:27:00,7800,7800,7825,7825,500
2021-12-03 09:28:00,7825,7800,7825,7825,8300
2021-12-03 09:29:00,7800,7800,7800,7800,10200
2021-12-03 09:30:00,7800,7800,7800,7800,1000
2021-12-03 09:31:00,7800,7800,7800,7800,1400
2021-12-03 09:32:00,7800,7800,7800,7800,100
2021-12-03 09:33:00,7800,7800,7800,7800,12200
2021-12-03 09:34:00,7800,7800,7800,7800,500
2021-12-03 09:35:00,7800,7800,7800,7800,10100
2021-12-03 09:36:00,7800,7800,7800,7800,100
2021-12-03 09:37:00,7800,7800,7800,7800,1300
2021-12-03 09:38:00,7800,7800,7800,7800,1200
2021-12-03 09:39:00,7800,7800,7800,7800,9100
2021-12-03 09:40:00,7800,7800,7800,7800,0
2021-12-03 09:41:00,7800,7800,7800,7800,0
2021-12-03 09:42:00,7800,7800,7800,7800,100
2021-12-03 09:43:00,7800,7800,7800,7800,0
2021-12-03 09:44:00,7800,7800,7800,7800,200
2021-12-03 09:45:00,7800,7800,7800,7800,400
2021-12-03 09:46:00,7800,7800,7800,7800,1200
2021-12-03 09:47:00,7800,7800,7800,7800,5000
2021-12-03 09:48:00,7800,7800,7800,7800,1000
2021-12-03 09:49:00,7800,7800,7800,7800,0
2021-12-03 09:50:00,7825,7825,7825,7825,800
2021-12-03 09:51:00,7825,7825,7825,7825,0
2021-12-03 09:52:00,7825,7825,7825,7825,100
2021-12-03 09:53:00,7825,7825,7825,7825,0
2021-12-03 09:54:00,7825,7825,7825,7825,0
2021-12-03 09:55:00,7825,7825,7825,7825,0
2021-12-03 09:56:00,7825,7825,7825,7825,400
2021-12-03 09:57:00,7825,7800,7825,7825,4300
2021-12-03 09:58:00,7800,7800,7800,7800,1300
2021-12-03 09:59:00,7800,7800,7800,7800,9100
2021-12-03 10:00:00,7825,7800,7825,7800,900
2021-12-03 10:01:00,7825,7800,7825,7800,3000
2021-12-03 10:02:00,7800,7800,7800,7800,6500
2021-12-03 10:03:00,7825,7825,7825,7825,100
2021-12-03 10:04:00,7800,7800,7800,7800,1600
2021-12-03 10:05:00,7800,7800,7800,7800,10900
2021-12-03 10:06:00,7800,7800,7800,7800,0
2021-12-03 10:07:00,7800,7800,7800,7800,0
2021-12-03 10:08:00,7775,7775,7775,7775,27600
2021-12-03 10:09:00,7775,7775,7775,7775,1200
2021-12-03 10:10:00,7775,7775,7800,7800,3700
2021-12-03 10:11:00,7775,7775,7800,7800,0
2021-12-03 10:12:00,7800,7775,7800,7775,31300
2021-12-03 10:13:00,7775,7775,7775,7775,15500
2021-12-03 10:14:00,7750,7750,7750,7750,200
2021-12-03 10:15:00,7775,7775,7775,7775,5000
2021-12-03 10:16:00,7750,7750,7775,7775,1200
2021-12-03 10:17:00,7775,7775,7775,7775,2100
2021-12-03 10:18:00,7775,7775,7775,7775,200
2021-12-03 10:19:00,7775,7750,7775,7775,5100
2021-12-03 10:20:00,7775,7750,7775,7775,0
2021-12-03 10:21:00,7775,7750,7775,7750,20000
2021-12-03 10:22:00,7775,7750,7775,7750,0
2021-12-03 10:23:00,7750,7750,7800,7800,5100
2021-12-03 10:24:00,7750,7750,7800,7800,0
2021-12-03 10:25:00,7775,7775,7775,7775,100
2021-12-03 10:26:00,7775,7775,7775,7775,100
2021-12-03 10:27:00,7775,7775,7775,7775,100
2021-12-03 10:28:00,7775,7775,7775,7775,3400
2021-12-03 10:29:00,7775,7775,7775,7775,0
2021-12-03 10:30:00,7775,7775,7775,7775,300
2021-12-03 10:31:00,7775,7775,7775,7775,800
2021-12-03 10:32:00,7775,7775,7775,7775,0
2021-12-03 10:33:00,7775,7775,7775,7775,400
2021-12-03 10:34:00,7775,7750,7775,7750,600
2021-12-03 10:35:00,7775,7750,7775,7750,0
2021-12-03 10:36:00,7750,7750,7750,7750,35600
2021-12-03 10:37:00,7750,7750,7750,7750,0
2021-12-03 10:38:00,7750,7750,7750,7750,0
2021-12-03 10:39:00,7750,7750,7750,7750,2400
2021-12-03 10:40:00,7750,7750,7750,7750,0
2021-12-03 10:41:00,7750,7750,7750,7750,1600
2021-12-03 10:42:00,7750,7750,7750,7750,0
2021-12-03 10:43:00,7750,7750,7750,7750,0
2021-12-03 10:44:00,7750,7750,7750,7750,0
2021-12-03 10:45:00,7750,7750,7750,7750,0
2021-12-03 10:46:00,7775,7775,7775,7775,1400
2021-12-03 10:47:00,7775,7775,7775,7775,200
2021-12-03 10:48:00,7775,7775,7775,7775,0
2021-12-03 10:49:00,7775,7750,7775,7750,700
2021-12-03 10:50:00,7750,7750,7750,7750,2800
2021-12-03 10:51:00,7750,7750,7750,7750,0
2021-12-03 10:52:00,7750,7750,7750,7750,1100
2021-12-03 10:53:00,7775,7750,7775,7750,2200
2021-12-03 10:54:00,7750,7750,7750,7750,12800
2021-12-03 10:55:00,7750,7750,7750,7750,0
2021-12-03 10:56:00,7750,7750,7750,7750,100
2021-12-03 10:57:00,7750,7750,7750,7750,2000
2021-12-03 10:58:00,7750,7750,7750,7750,0
2021-12-03 10:59:00,7750,7750,7750,7750,0
2021-12-03 11:00:00,7750,7750,7750,7750,0
2021-12-03 11:01:00,7750,7750,7750,7750,0
2021-12-03 11:02:00,7750,7750,7750,7750,0
2021-12-03 11:03:00,7750,7750,7750,7750,400
2021-12-03 11:04:00,7750,7750,7750,7750,200
2021-12-03 11:05:00,7775,7775,7775,7775,300
2021-12-03 11:06:00,7775,7775,7775,7775,100
2021-12-03 11:07:00,7775,7775,7775,7775,0
2021-12-03 11:08:00,7775,7750,7775,7775,1500
2021-12-03 11:09:00,7775,7775,7775,7775,200
2021-12-03 11:10:00,7775,7775,7775,7775,0
2021-12-03 11:11:00,7775,7775,7775,7775,0
2021-12-03 11:12:00,7775,7775,7775,7775,0
2021-12-03 11:13:00,7750,7750,7750,7750,3900
2021-12-03 11:14:00,7750,7750,7750,7750,0
2021-12-03 11:15:00,7750,7750,7750,7750,0
2021-12-03 11:16:00,7750,7750,7750,7750,20900
2021-12-03 11:17:00,7750,7725,7750,7725,10400
2021-12-03 11:18:00,7750,7725,7750,7725,0
2021-12-03 11:19:00,7725,7725,7750,7750,400
2021-12-03 11:20:00,7725,7725,7750,7750,0
2021-12-03 11:21:00,7750,7750,7750,7750,500
2021-12-03 11:22:00,7750,7750,7750,7750,0
2021-12-03 11:23:00,7750,7750,7750,7750,0
2021-12-03 11:24:00,7750,7750,7750,7750,0
2021-12-03 11:25:00,7750,7750,7750,7750,0
2021-12-03 11:26:00,7750,7750,7750,7750,0
2021-12-03 11:27:00,7750,7750,7750,7750,0
2021-12-03 11:28:00,7750,7750,7750,7750,200
2021-12-03 11:29:00,7725,7725,7725,7725,5900
2021-12-03 11:30:00,7725,7725,7725,7725,0
2021-12-03 11:31:00,7725,7725,7725,7725,0
2021-12-03 11:32:00,7725,7725,7725,7725,0
2021-12-03 11:33:00,7725,7725,7725,7725,0
2021-12-03 11:34:00,7725,7725,7725,7725,0
2021-12-03 11:35:00,7725,7725,7725,7725,0
2021-12-03 11:36:00,7725,7725,7725,7725,0
2021-12-03 11:37:00,7725,7725,7725,7725,0
2021-12-03 11:38:00,7725,7725,7725,7725,0
2021-12-03 11:39:00,7725,7725,7725,7725,0
2021-12-03 11:40:00,7725,7725,7725,7725,0
2021-12-03 11:41:00,7725,7725,7725,7725,0
2021-12-03 11:42:00,7725,7725,7725,7725,0
2021-12-03 11:43:00,7725,7725,7725,7725,0
2021-12-03 11:44:00,7725,7725,7725,7725,0
2021-12-03 11:45:00,7725,7725,7725,7725,0
2021-12-03 11:46:00,7725,7725,7725,7725,0
2021-12-03 11:47:00,7725,7725,7725,7725,0
2021-12-03 11:48:00,7725,7725,7725,7725,0
2021-12-03 11:49:00,7725,7725,7725,7725,0
2021-12-03 11:50:00,7725,7725,7725,7725,0
2021-12-03 11:51:00,7725,7725,7725,7725,0
2021-12-03 11:52:00,7725,7725,7725,7725,0
2021-12-03 11:53:00,7725,7725,7725,7725,0
2021-12-03 11:54:00,7725,7725,7725,7725,0
2021-12-03 11:55:00,7725,7725,7725,7725,0
2021-12-03 11:56:00,7725,7725,7725,7725,0
2021-12-03 11:57:00,7725,7725,7725,7725,0
2021-12-03 11:58:00,7725,7725,7725,7725,0
2021-12-03 11:59:00,7725,7725,7725,7725,0
2021-12-03 12:00:00,7725,7725,7725,7725,0
2021-12-03 12:01:00,7725,7725,7725,7725,0
2021-12-03 12:02:00,7725,7725,7725,7725,0
2021-12-03 12:03:00,7725,7725,7725,7725,0
2021-12-03 12:04:00,7725,7725,7725,7725,0
2021-12-03 12:05:00,7725,7725,7725,7725,0
2021-12-03 12:06:00,7725,7725,7725,7725,0
2021-12-03 12:07:00,7725,7725,7725,7725,0
2021-12-03 12:08:00,7725,7725,7725,7725,0
2021-12-03 12:09:00,7725,7725,7725,7725,0
2021-12-03 12:10:00,7725,7725,7725,7725,0
2021-12-03 12:11:00,7725,7725,7725,7725,0
2021-12-03 12:12:00,7725,7725,7725,7725,0
2021-12-03 12:13:00,7725,7725,7725,7725,0
2021-12-03 12:14:00,7725,7725,7725,7725,0
2021-12-03 12:15:00,7725,7725,7725,7725,0
2021-12-03 12:16:00,7725,7725,7725,7725,0
2021-12-03 12:17:00,7725,7725,7725,7725,0
2021-12-03 12:18:00,7725,7725,7725,7725,0
2021-12-03 12:19:00,7725,7725,7725,7725,0
2021-12-03 12:20:00,7725,7725,7725,7725,0
2021-12-03 12:21:00,7725,7725,7725,7725,0
2021-12-03 12:22:00,7725,7725,7725,7725,0
2021-12-03 12:23:00,7725,7725,7725,7725,0
2021-12-03 12:24:00,7725,7725,7725,7725,0
2021-12-03 12:25:00,7725,7725,7725,7725,0
2021-12-03 12:26:00,7725,7725,7725,7725,0
2021-12-03 12:27:00,7725,7725,7725,7725,0
2021-12-03 12:28:00,7725,7725,7725,7725,0
2021-12-03 12:29:00,7725,7725,7725,7725,0
2021-12-03 12:30:00,7725,7725,7725,7725,0
2021-12-03 12:31:00,7725,7725,7725,7725,0
2021-12-03 12:32:00,7725,7725,7725,7725,0
2021-12-03 12:33:00,7725,7725,7725,7725,0
2021-12-03 12:34:00,7725,7725,7725,7725,0
2021-12-03 12:35:00,7725,7725,7725,7725,0
2021-12-03 12:36:00,7725,7725,7725,7725,0
2021-12-03 12:37:00,7725,7725,7725,7725,0
2021-12-03 12:38:00,7725,7725,7725,7725,0
2021-12-03 12:39:00,7725,7725,7725,7725,0
2021-12-03 12:40:00,7725,7725,7725,7725,0
2021-12-03 12:41:00,7725,7725,7725,7725,0
2021-12-03 12:42:00,7725,7725,7725,7725,0
2021-12-03 12:43:00,7725,7725,7725,7725,0
2021-12-03 12:44:00,7725,7725,7725,7725,0
2021-12-03 12:45:00,7725,7725,7725,7725,0
2021-12-03 12:46:00,7725,7725,7725,7725,0
2021-12-03 12:47:00,7725,7725,7725,7725,0
2021-12-03 12:48:00,7725,7725,7725,7725,0
2021-12-03 12:49:00,7725,7725,7725,7725,0
2021-12-03 12:50:00,7725,7725,7725,7725,0
2021-12-03 12:51:00,7725,7725,7725,7725,0
2021-12-03 12:52:00,7725,7725,7725,7725,0
2021-12-03 12:53:00,7725,7725,7725,7725,0
2021-12-03 12:54:00,7725,7725,7725,7725,0
2021-12-03 12:55:00,7725,7725,7725,7725,0
2021-12-03 12:56:00,7725,7725,7725,7725,0
2021-12-03 12:57:00,7725,7725,7725,7725,0
2021-12-03 12:58:00,7725,7725,7725,7725,0
2021-12-03 12:59:00,7725,7725,7725,7725,0
2021-12-03 13:00:00,7725,7725,7725,7725,0
2021-12-03 13:01:00,7725,7725,7725,7725,0
2021-12-03 13:02:00,7725,7725,7725,7725,0
2021-12-03 13:03:00,7725,7725,7725,7725,0
2021-12-03 13:04:00,7725,7725,7725,7725,0
2021-12-03 13:05:00,7725,7725,7725,7725,0
2021-12-03 13:06:00,7725,7725,7725,7725,0
2021-12-03 13:07:00,7725,7725,7725,7725,0
2021-12-03 13:08:00,7725,7725,7725,7725,0
2021-12-03 13:09:00,7725,7725,7725,7725,0
2021-12-03 13:10:00,7725,7725,7725,7725,0
2021-12-03 13:11:00,7725,7725,7725,7725,0
2021-12-03 13:12:00,7725,7725,7725,7725,0
2021-12-03 13:13:00,7725,7725,7725,7725,0
2021-12-03 13:14:00,7725,7725,7725,7725,0
2021-12-03 13:15:00,7725,7725,7725,7725,0
2021-12-03 13:16:00,7725,7725,7725,7725,0
2021-12-03 13:17:00,7725,7725,7725,7725,0
2021-12-03 13:18:00,7725,7725,7725,7725,0
2021-12-03 13:19:00,7725,7725,7725,7725,0
2021-12-03 13:20:00,7725,7725,7725,7725,0
2021-12-03 13:21:00,7725,7725,7725,7725,0
2021-12-03 13:22:00,7725,7725,7725,7725,0
2021-12-03 13:23:00,7725,7725,7725,7725,0
2021-12-03 13:24:00,7725,7725,7725,7725,0
2021-12-03 13:25:00,7725,7725,7725,7725,0
2021-12-03 13:26:00,7725,7725,7725,7725,0
2021-12-03 13:27:00,7725,7725,7725,7725,0
2021-12-03 13:28:00,7725,7725,7725,7725,0
2021-12-03 13:29:00,7725,7725,7725,7725,0
2021-12-03 13:30:00,7725,7725,7750,7750,52300
2021-12-03 13:31:00,7750,7750,7750,7750,1100
2021-12-03 13:32:00,7750,7750,7750,7750,0
2021-12-03 13:33:00,7750,7750,7750,7750,0
2021-12-03 13:34:00,7750,7750,7750,7750,7200
2021-12-03 13:35:00,7750,7750,7750,7750,0
2021-12-03 13:36:00,7750,7750,7750,7750,0
2021-12-03 13:37:00,7750,7750,7800,7800,88400
2021-12-03 13:38:00,7800,7800,7825,7825,25400
2021-12-03 13:39:00,7825,7825,7875,7825,150100
2021-12-03 13:40:00,7875,7875,7950,7950,300000
2021-12-03 13:41:00,7925,7925,7975,7950,233400
2021-12-03 13:42:00,7925,7900,7925,7900,18900
2021-12-03 13:43:00,7900,7850,7925,7850,20400
2021-12-03 13:44:00,7875,7850,7900,7900,4300
2021-12-03 13:45:00,7900,7875,7900,7875,1800
2021-12-03 13:46:00,7875,7825,7875,7825,34500
2021-12-03 13:47:00,7850,7800,7850,7800,34500
2021-12-03 13:48:00,7800,7775,7800,7775,20500
2021-12-03 13:49:00,7800,7800,7800,7800,300
2021-12-03 13:50:00,7825,7825,7825,7825,1000
2021-12-03 13:51:00,7825,7825,7825,7825,400
2021-12-03 13:52:00,7850,7850,7850,7850,3500
2021-12-03 13:53:00,7850,7850,7850,7850,2500
2021-12-03 13:54:00,7850,7825,7850,7825,11400
2021-12-03 13:55:00,7850,7850,7850,7850,700
2021-12-03 13:56:00,7850,7850,7850,7850,2300
2021-12-03 13:57:00,7850,7850,7850,7850,700
2021-12-03 13:58:00,7825,7825,7850,7850,15700
2021-12-03 13:59:00,7850,7850,7850,7850,800
2021-12-03 14:00:00,7875,7875,7900,7900,6600
2021-12-03 14:01:00,7875,7875,7875,7875,2400
2021-12-03 14:02:00,7875,7875,7875,7875,20800
2021-12-03 14:03:00,7875,7875,7875,7875,300
2021-12-03 14:04:00,7875,7875,7900,7875,16800
2021-12-03 14:05:00,7900,7900,7900,7900,600
2021-12-03 14:06:00,7900,7875,7900,7875,3400
2021-12-03 14:07:00,7875,7850,7875,7850,22400
2021-12-03 14:08:00,7850,7850,7850,7850,1700
2021-12-03 14:09:00,7850,7850,7850,7850,500
2021-12-03 14:10:00,7850,7850,7850,7850,5700
2021-12-03 14:11:00,7850,7850,7850,7850,20000
2021-12-03 14:12:00,7850,7850,7850,7850,1500
2021-12-03 14:13:00,7850,7850,7850,7850,3800
2021-12-03 14:14:00,7825,7825,7825,7825,18500
2021-12-03 14:15:00,7825,7825,7825,7825,2000
2021-12-03 14:16:00,7825,7825,7825,7825,12300
2021-12-03 14:17:00,7825,7825,7825,7825,100
2021-12-03 14:18:00,7850,7825,7850,7825,200
2021-12-03 14:19:00,7825,7825,7825,7825,14700
2021-12-03 14:20:00,7825,7825,7825,7825,800
2021-12-03 14:21:00,7825,7800,7825,7800,25100
2021-12-03 14:22:00,7800,7800,7800,7800,3800
2021-12-03 14:23:00,7800,7800,7800,7800,100
2021-12-03 14:24:00,7800,7800,7800,7800,200
2021-12-03 14:25:00,7825,7825,7825,7825,100
2021-12-03 14:26:00,7800,7800,7825,7825,200
2021-12-03 14:27:00,7800,7800,7825,7825,0
2021-12-03 14:28:00,7800,7800,7825,7825,0
2021-12-03 14:29:00,7800,7800,7825,7825,0
2021-12-03 14:30:00,7800,7800,7800,7800,1400
2021-12-03 14:31:00,7825,7825,7825,7825,8000
2021-12-03 14:32:00,7825,7825,7850,7850,4900
2021-12-03 14:33:00,7825,7800,7825,7800,11800
2021-12-03 14:34:00,7825,7800,7825,7800,2700
2021-12-03 14:35:00,7800,7800,7800,7800,6000
2021-12-03 14:36:00,7800,7800,7800,7800,600
2021-12-03 14:37:00,7800,7800,7800,7800,11500
2021-12-03 14:38:00,7800,7800,7800,7800,0
2021-12-03 14:39:00,7800,7800,7800,7800,300
2021-12-03 14:40:00,7775,7775,7775,7775,15500
2021-12-03 14:41:00,7775,7775,7775,7775,200
2021-12-03 14:42:00,7775,7775,7775,7775,1700
2021-12-03 14:43:00,7775,7750,7775,7750,200
2021-12-03 14:44:00,7750,7750,7775,7750,7500
2021-12-03 14:45:00,7750,7750,7775,7750,6200
2021-12-03 14:46:00,7775,7750,7775,7775,11500
2021-12-03 14:47:00,7775,7750,7775,7775,13400
2021-12-03 14:48:00,7750,7750,7800,7775,21100
2021-12-03 14:49:00,7775,7775,7775,7775,2300
2021-12-03 14:50:00,7775,7775,7775,7775,0
2021-12-03 14:51:00,7775,7775,7775,7775,0
2021-12-03 14:52:00,7775,7775,7775,7775,0
2021-12-03 14:53:00,7775,7775,7775,7775,0
2021-12-03 14:54:00,7775,7775,7775,7775,0
2021-12-03 14:55:00,7775,7775,7775,7775,0
2021-12-03 14:56:00,7775,7775,7775,7775,0
2021-12-03 14:57:00,7775,7775,7775,7775,0
2021-12-03 14:58:00,7775,7775,7775,7775,0
2021-12-03 14:59:00,7775,7775,7775,7775,0
2021-12-03 15:00:00,7775,7775,7775,7775,71400
2021-12-03 15:01:00,7775,7775,7775,7775,0
2021-12-03 15:02:00,7775,7775,7775,7775,0
2021-12-03 15:03:00,7775,7775,7775,7775,0
2021-12-03 15:04:00,7775,7775,7775,7775,0
2021-12-03 15:05:00,7775,7775,7775,7775,11900
2021-12-03 15:06:00,7775,7775,7775,7775,0
2021-12-03 15:07:00,7775,7775,7775,7775,1100
2021-12-03 15:08:00,7775,7775,7775,7775,200
2021-12-03 15:09:00,7775,7775,7775,7775,0
2021-12-03 15:10:00,7775,7775,7775,7775,200
2021-12-03 15:11:00,7775,7775,7775,7775,0
2021-12-03 15:12:00,7775,7775,7775,7775,2400
2021-12-03 15:13:00,7775,7775,7775,7775,200
2021-12-03 15:14:00,7775,7775,7775,7775,0
2021-12-03 15:15:00,7775,7775,7775,7775,0
2021-12-03 15:16:00,7775,7775,7775,7775,0
2021-12-03 15:17:00,7775,7775,7775,7775,0
2021-12-03 15:18:00,7775,7775,7775,7775,0
2021-12-03 15:19:00,7775,7775,7775,7775,0
2021-12-03 15:20:00,7775,7775,7775,7775,0
2021-12-03 15:21:00,7775,7775,7775,7775,0
2021-12-03 15:22:00,7775,7775,7775,7775,0
2021-12-03 15:23:00,7775,7775,7775,7775,0
2021-12-03 15:24:00,7775,7775,7775,7775,0
2021-12-03 15:25:00,7775,7775,7775,7775,0
2021-12-03 15:26:00,7775,7775,7775,7775,0
2021-12-03 15:27:00,7775,7775,7775,7775,0
2021-12-03 15:28:00,7775,7775,7775,7775,0
2021-12-03 15:29:00,7775,7775,7775,7775,0
2021-12-03 15:30:00,7775,7775,7775,7775,0
2021-12-03 15:31:00,7775,7775,7775,7775,0
2021-12-03 15:32:00,7775,7775,7775,7775,0
2021-12-03 15:33:00,7775,7775,7775,7775,0
2021-12-03 15:34:00,7775,7775,7775,7775,0
2021-12-03 15:35:00,7775,7775,7775,7775,0
2021-12-03 15:36:00,7775,7775,7775,7775,0
2021-12-03 15:37:00,7775,7775,7775,7775,0
2021-12-03 15:38:00,7775,7775,7775,7775,0
2021-12-03 15:39:00,7775,7775,7775,7775,0
2021-12-03 15:40:00,7775,7775,7775,7775,0
2021-12-03 15:41:00,7775,7775,7775,7775,0
2021-12-03 15:42:00,7775,7775,7775,7775,0
2021-12-03 15:43:00,7775,7775,7775,7775,0
2021-12-03 15:44:00,7775,7775,7775,7775,0
2021-12-03 15:45:00,7775,7775,7775,7775,0
2021-12-03 15:46:00,7775,7775,7775,7775,0
2021-12-03 15:47:00,7775,7775,7775,7775,0
2021-12-03 15:48:00,7775,7775,7775,7775,0
2021-12-03 15:49:00,7775,7775,7775,7775,0
2021-12-03 15:50:00,7775,7775,7775,7775,0
2021-12-03 15:51:00,7775,7775,7775,7775,0
2021-12-03 15:52:00,7775,7775,7775,7775,0
2021-12-03 15:53:00,7775,7775,7775,7775,0
2021-12-03 15:54:00,7775,7775,7775,7775,0
2021-12-03 15:55:00,7775,7775,7775,7775,0
2021-12-03 15:56:00,7775,7775,7775,7775,0
2021-12-03 15:57:00,7775,7775,7775,7775,0
2021-12-03 15:58:00,7775,7775,7775,7775,0
2021-12-03 15:59:00,7775,7775,7775,7775,0
2021-12-06 09:00:00,7800,7800,7800,7800,0
2021-12-06 09:01:00,7800,7800,7800,7800,0
2021-12-06 09:02:00,7800,7800,7800,7800,0
2021-12-06 09:03:00,7800,7800,7800,7800,0
2021-12-06 09:04:00,7800,7800,7800,7800,0
2021-12-06 09:05:00,7800,7800,7800,7800,0
2021-12-06 09:06:00,7800,7800,7800,7800,0
2021-12-06 09:07:00,7800,7800,7800,7800,0
2021-12-06 09:08:00,7800,7800,7800,7800,0
2021-12-06 09:09:00,7800,7800,7800,7800,0
2021-12-06 09:10:00,7800,7800,7800,7800,0
2021-12-06 09:11:00,7800,7800,7800,7800,0
2021-12-06 09:12:00,7800,7800,7800,7800,0
2021-12-06 09:13:00,7800,7800,7800,7800,0
2021-12-06 09:14:00,7800,7800,7800,7800,0
2021-12-06 09:15:00,7800,7800,7800,7800,0
2021-12-06 09:16:00,7800,7800,7800,7800,0
2021-12-06 09:17:00,7800,7800,7800,7800,0
2021-12-06 09:18:00,7800,7800,7800,7800,0
2021-12-06 09:19:00,7800,7800,7800,7800,0
2021-12-06 09:20:00,7800,7800,7800,7800,0
2021-12-06 09:21:00,7800,7800,7800,7800,0
2021-12-06 09:22:00,7800,7800,7800,7800,0
2021-12-06 09:23:00,7800,7800,7800,7800,0
2021-12-06 09:24:00,7800,7800,7800,7800,0
2021-12-06 09:25:00,7800,7800,7800,7800,0
2021-12-06 09:26:00,7800,7800,7800,7800,0
2021-12-06 09:27:00,7800,7800,7800,7800,0
2021-12-06 09:28:00,7800,7800,7800,7800,0
2021-12-06 09:29:00,7800,7800,7800,7800,0
2021-12-06 09:30:00,7800,7800,7800,7800,0
2021-12-06 09:31:00,7800,7800,7800,7800,0
2021-12-06 09:32:00,7800,7800,7800,7800,0
2021-12-06 09:33:00,7800,7800,7800,7800,0
2021-12-06 09:34:00,7800,7800,7800,7800,0
2021-12-06 09:35:00,7800,7800,7800,7800,0
2021-12-06 09:36:00,7800,7800,7800,7800,0
2021-12-06 09:37:00,7800,7800,7800,7800,0
2021-12-06 09:38:00,7800,7800,7800,7800,0
2021-12-06 09:39:00,7800,7800,7800,7800,0
2021-12-06 09:40:00,7800,7800,7800,7800,0
2021-12-06 09:41:00,7800,7800,7800,7800,0
2021-12-06 09:42:00,7800,7800,7800,7800,0
2021-12-06 09:43:00,7800,7800,7800,7800,0
2021-12-06 09:44:00,7800,7800,7800,7800,0
2021-12-06 09:45:00,7800,7800,7800,7800,0
2021-12-06 09:46:00,7800,7800,7800,7800,0
2021-12-06 09:47:00,7800,7800,7800,7800,0
2021-12-06 09:48:00,7800,7800,7800,7800,0
2021-12-06 09:49:00,7800,7800,7800,7800,0
2021-12-06 09:50:00,7800,7800,7800,7800,0
2021-12-06 09:51:00,7800,7800,7800,7800,0
2021-12-06 09:52:00,7800,7800,7800,7800,0
2021-12-06 09:53:00,7800,7800,7800,7800,0
2021-12-06 09:54:00,7800,7800,7800,7800,0
2021-12-06 09:55:00,7800,7800,7800,7800,0
2021-12-06 09:56:00,7800,7800,7800,7800,0
2021-12-06 09:57:00,7800,7800,7800,7800,0
2021-12-06 09:58:00,7800,7800,7800,7800,0
2021-12-06 09:59:00,7800,7800,7800,7800,0
2021-12-06 10:00:00,7800,7800,7800,7800,0
2021-12-06 10:01:00,7800,7800,7800,7800,0
2021-12-06 10:02:00,7800,7800,7800,7800,0
2021-12-06 10:03:00,7800,7800,7800,7800,0
2021-12-06 10:04:00,7800,7800,7800,7800,0
2021-12-06 10:05:00,7800,7800,7800,7800,0
2021-12-06 10:06:00,7800,7800,7800,7800,0
2021-12-06 10:07:00,7800,7800,7800,7800,0
2021-12-06 10:08:00,7800,7800,7800,7800,0
2021-12-06 10:09:00,7800,7800,7800,7800,0
2021-12-06 10:10:00,7800,7800,7800,7800,0
2021-12-06 10:11:00,7800,7800,7800,7800,0
2021-12-06 10:12:00,7800,7800,7800,7800,0
2021-12-06 10:13:00,7800,7800,7800,7800,0
2021-12-06 10:14:00,7800,7800,7800,7800,0
2021-12-06 10:15:00,7800,7800,7800,7800,0
2021-12-06 10:16:00,7800,7800,7800,7800,0
2021-12-06 10:17:00,7800,7800,7800,7800,0
2021-12-06 10:18:00,7800,7800,7800,7800,0
2021-12-06 10:19:00,7800,7800,7800,7800,0
2021-12-06 10:20:00,7800,7800,7800,7800,0
2021-12-06 10:21:00,7800,7800,7800,7800,0
2021-12-06 10:22:00,7800,7800,7800,7800,0
2021-12-06 10:23:00,7800,7800,7800,7800,0
2021-12-06 10:24:00,7800,7800,7800,7800,0
2021-12-06 10:25:00,7800,7800,7800,7800,0
2021-12-06 10:26:00,7800,7800,7800,7800,0
2021-12-06 10:27:00,7800,7800,7800,7800,0
2021-12-06 10:28:00,7800,7800,7800,7800,0
2021-12-06 10:29:00,7800,7800,7800,7800,0
2021-12-06 10:30:00,7800,7800,7800,7800,0
2021-12-06 10:31:00,7800,7800,7800,7800,0
2021-12-06 10:32:00,7800,7800,7800,7800,0
2021-12-06 10:33:00,7800,7800,7800,7800,0
2021-12-06 10:34:00,7800,7800,7800,7800,0
2021-12-06 10:35:00,7800,7800,7800,7800,0
2021-12-06 10:36:00,7800,7800,7800,7800,0
2021-12-06 10:37:00,7800,7800,7800,7800,0
2021-12-06 10:38:00,7800,7800,7800,7800,0
2021-12-06 10:39:00,7800,7800,7800,7800,0
2021-12-06 10:40:00,7800,7800,7800,7800,0
2021-12-06 10:41:00,7800,7800,7800,7800,0
2021-12-06 10:42:00,7800,7800,7800,7800,0
2021-12-06 10:43:00,7800,7800,7800,7800,0
2021-12-06 10:44:00,7800,7800,7800,7800,0
2021-12-06 10:45:00,7800,7800,7800,7800,0
2021-12-06 10:46:00,7800,7800,7800,7800,0
2021-12-06 10:47:00,7800,7800,7800,7800,0
2021-12-06 10:48:00,7800,7800,7800,7800,0
2021-12-06 10:49:00,7800,7800,7800,7800,0
2021-12-06 10:50:00,7800,7800,7800,7800,0
2021-12-06 10:51:00,7800,7800,7800,7800,0
2021-12-06 10:52:00,7800,7800,7800,7800,0
2021-12-06 10:53:00,7800,7800,7800,7800,0
2021-12-06 10:54:00,7800,7800,7800,7800,0
2021-12-06 10:55:00,7800,7800,7800,7800,0
2021-12-06 10:56:00,7800,7800,7800,7800,0
2021-12-06 10:57:00,7800,7800,7800,7800,0
2021-12-06 10:58:00,7800,7800,7800,7800,0
2021-12-06 10:59:00,7800,7800,7800,7800,0
2021-12-06 11:00:00,7800,7800,7800,7800,0
2021-12-06 11:01:00,7800,7800,7800,7800,0
2021-12-06 11:02:00,7800,7800,7800,7800,0
2021-12-06 11:03:00,7800,7800,7800,7800,0
2021-12-06 11:04:00,7800,7800,7800,7800,0
2021-12-06 11:05:00,7800,7800,7800,7800,0
2021-12-06 11:06:00,7800,7800,7800,7800,0
2021-12-06 11:07:00,7800,7800,7800,7800,0
2021-12-06 11:08:00,7800,7800,7800,7800,0
2021-12-06 11:09:00,7800,7800,7800,7800,0
2021-12-06 11:10:00,7800,7800,7800,7800,0
2021-12-06 11:11:00,7800,7800,7800,7800,0
2021-12-06 11:12:00,7800,7800,7800,7800,0
2021-12-06 11:13:00,7800,7800,7800,7800,0
2021-12-06 11:14:00,7800,7800,7800,7800,0
2021-12-06 11:15:00,7800,7800,7800,7800,0
2021-12-06 11:16:00,7800,7800,7800,7800,0
2021-12-06 11:17:00,7800,7800,7800,7800,0
2021-12-06 11:18:00,7800,7800,7800,7800,0
2021-12-06 11:19:00,7800,7800,7800,7800,0
2021-12-06 11:20:00,7800,7800,7800,7800,0
2021-12-06 11:21:00,7800,7800,7800,7800,0
2021-12-06 11:22:00,7800,7800,7800,7800,0
2021-12-06 11:23:00,7800,7800,7800,7800,0
2021-12-06 11:24:00,7800,7800,7800,7800,0
2021-12-06 11:25:00,7800,7800,7800,7800,0
2021-12-06 11:26:00,7800,7800,7800,7800,0
2021-12-06 11:27:00,7800,7800,7800,7800,0
2021-12-06 11:28:00,7800,7800,7800,7800,0
2021-12-06 11:29:00,7800,7800,7800,7800,0
2021-12-06 11:30:00,7800,7800,7800,7800,0
2021-12-06 11:31:00,7800,7800,7800,7800,0
2021-12-06 11:32:00,7800,7800,7800,7800,0
2021-12-06 11:33:00,7800,7800,7800,7800,0
2021-12-06 11:34:00,7800,7800,7800,7800,0
2021-12-06 11:35:00,7800,7800,7800,7800,0
2021-12-06 11:36:00,7800,7800,7800,7800,0
2021-12-06 11:37:00,7800,7800,7800,7800,0
2021-12-06 11:38:00,7800,7800,7800,7800,0
2021-12-06 11:39:00,7800,7800,7800,7800,0
2021-12-06 11:40:00,7800,7800,7800,7800,0
2021-12-06 11:41:00,7800,7800,7800,7800,0
2021-12-06 11:42:00,7800,7800,7800,7800,0
2021-12-06 11:43:00,7800,7800,7800,7800,0
2021-12-06 11:44:00,7800,7800,7800,7800,0
2021-12-06 11:45:00,7800,7800,7800,7800,0
2021-12-06 11:46:00,7800,7800,7800,7800,0
2021-12-06 11:47:00,7800,7800,7800,7800,0
2021-12-06 11:48:00,7800,7800,7800,7800,0
2021-12-06 11:49:00,7800,7800,7800,7800,0
2021-12-06 11:50:00,7800,7800,7800,7800,0
2021-12-06 11:51:00,7800,7800,7800,7800,0
2021-12-06 11:52:00,7800,7800,7800,7800,0
2021-12-06 11:53:00,7800,7800,7800,7800,0
2021-12-06 11:54:00,7800,7800,7800,7800,0
2021-12-06 11:55:00,7800,7800,7800,7800,0
2021-12-06 11:56:00,7800,7800,7800,7800,0
2021-12-06 11:57:00,7800,7800,7800,7800,0
2021-12-06 11:58:00,7800,7800,7800,7800,0
2021-12-06 11:59:00,7800,7800,7800,7800,0
2021-12-06 12:00:00,7800,7800,7800,7800,0
2021-12-06 12:01:00,7800,7800,7800,7800,0
2021-12-06 12:02:00,7800,7800,7800,7800,0
2021-12-06 12:03:00,7800,7800,7800,7800,0
2021-12-06 12:04:00,7800,7800,7800,7800,0
2021-12-06 12:05:00,7800,7800,7800,7800,0
2021-12-06 12:06:00,7800,7800,7800,7800,0
2021-12-06 12:07:00,7800,7800,7800,7800,0
2021-12-06 12:08:00,7800,7800,7800,7800,0
2021-12-06 12:09:00,7800,7800,7800,7800,0
2021-12-06 12:10:00,7800,7800,7800,7800,0
2021-12-06 12:11:00,7800,7800,7800,7800,0
2021-12-06 12:12:00,7800,7800,7800,7800,0
2021-12-06 12:13:00,7800,7800,7800,7800,0
2021-12-06 12:14:00,7800,7800,7800,7800,0
2021-12-06 12:15:00,7800,7800,7800,7800,0
2021-12-06 12:16:00,7800,7800,7800,7800,0
2021-12-06 12:17:00,7800,7800,7800,7800,0
2021-12-06 12:18:00,7800,7800,7800,7800,0
2021-12-06 12:19:00,7800,7800,7800,7800,0
2021-12-06 12:20:00,7800,7800,7800,7800,0
2021-12-06 12:21:00,7800,7800,7800,7800,0
2021-12-06 12:22:00,7800,7800,7800,7800,0
2021-12-06 12:23:00,7800,7800,7800,7800,0
2021-12-06 12:24:00,7800,7800,7800,7800,0
2021-12-06 12:25:00,7800,7800,7800,7800,0
2021-12-06 12:26:00,7800,7800,7800,7800,0
2021-12-06 12:27:00,7800,7800,7800,7800,0
2021-12-06 12:28:00,7800,7800,7800,7800,0
2021-12-06 12:29:00,7800,7800,7800,7800,0
2021-12-06 12:30:00,7800,7800,7800,7800,0
2021-12-06 12:31:00,7800,7800,7800,7800,0
2021-12-06 12:32:00,7800,7800,7800,7800,0
2021-12-06 12:33:00,7800,7800,7800,7800,0
2021-12-06 12:34:00,7800,7800,7800,7800,0
2021-12-06 12:35:00,7800,7800,7800,7800,0
2021-12-06 12:36:00,7800,7800,7800,7800,0
2021-12-06 12:37:00,7800,7800,7800,7800,0
2021-12-06 12:38:00,7800,7800,7800,7800,0
2021-12-06 12:39:00,7800,7800,7800,7800,0
2021-12-06 12:40:00,7800,7800,7800,7800,0
2021-12-06 12:41:00,7800,7800,7800,7800,0
2021-12-06 12:42:00,7800,7800,7800,7800,0
2021-12-06 12:43:00,7800,7800,7800,7800,0
2021-12-06 12:44:00,7800,7800,7800,7800,0
2021-12-06 12:45:00,7800,7800,7800,7800,0
2021-12-06 12:46:00,7800,7800,7800,7800,0
2021-12-06 12:47:00,7800,7800,7800,7800,0
2021-12-06 12:48:00,7800,7800,7800,7800,0
2021-12-06 12:49:00,7800,7800,7800,7800,0
2021-12-06 12:50:00,7800,7800,7800,7800,0
2021-12-06 12:51:00,7800,7800,7800,7800,0
2021-12-06 12:52:00,7800,7800,7800,7800,0
2021-12-06 12:53:00,7800,7800,7800,7800,0
2021-12-06 12:54:00,7800,7800,7800,7800,0
2021-12-06 12:55:00,7800,7800,7800,7800,0
2021-12-06 12:56:00,7800,7800,7800,7800,0
2021-12-06 12:57:00,7800,7800,7800,7800,0
2021-12-06 12:58:00,7800,7800,7800,7800,0
2021-12-06 12:59:00,7800,7800,7800,7800,0
2021-12-06 13:00:00,7800,7800,7800,7800,0
2021-12-06 13:01:00,7800,7800,7800,7800,0
2021-12-06 13:02:00,7800,7800,7800,7800,0
2021-12-06 13:03:00,7800,7800,7800,7800,0
2021-12-06 13:04:00,7800,7800,7800,7800,0
2021-12-06 13:05:00,7800,7800,7800,7800,0
2021-12-06 13:06:00,7800,7800,7800,7800,0
2021-12-06 13:07:00,7800,7800,7800,7800,0
2021-12-06 13:08:00,7800,7800,7800,7800,0
2021-12-06 13:09:00,7800,7800,7800,7800,0
2021-12-06 13:10:00,7800,7800,7800,7800,0
2021-12-06 13:11:00,7800,7800,7800,7800,0
2021-12-06 13:12:00,7800,7800,7800,7800,0
2021-12-06 13:13:00,7800,7800,7800,7800,0
2021-12-06 13:14:00,7800,7800,7800,7800,0
2021-12-06 13:15:00,7800,7800,7800,7800,0
2021-12-06 13:16:00,7800,7800,7800,7800,0
2021-12-06 13:17:00,7800,7800,7800,7800,0
2021-12-06 13:18:00,7800,7800,7800,7800,0
2021-12-06 13:19:00,7800,7800,7800,7800,0
2021-12-06 13:20:00,7800,7800,7800,7800,0
2021-12-06 13:21:00,7800,7800,7800,7800,0
2021-12-06 13:22:00,7800,7800,7800,7800,0
2021-12-06 13:23:00,7800,7800,7800,7800,0
2021-12-06 13:24:00,7800,7800,7800,7800,0
2021-12-06 13:25:00,7800,7800,7800,7800,0
2021-12-06 13:26:00,7800,7800,7800,7800,0
2021-12-06 13:27:00,7800,7800,7800,7800,0
2021-12-06 13:28:00,7800,7800,7800,7800,0
2021-12-06 13:29:00,7800,7800,7800,7800,0
2021-12-06 13:30:00,7800,7800,7800,7800,0
2021-12-06 13:31:00,7800,7800,7800,7800,0
2021-12-06 13:32:00,7800,7800,7800,7800,0
2021-12-06 13:33:00,7800,7800,7800,7800,0
2021-12-06 13:34:00,7800,7800,7800,7800,0
2021-12-06 13:35:00,7800,7800,7800,7800,0
2021-12-06 13:36:00,7800,7800,7800,7800,0
2021-12-06 13:37:00,7800,7800,7800,7800,0
2021-12-06 13:38:00,7800,7800,7800,7800,0
2021-12-06 13:39:00,7800,7800,7800,7800,0
2021-12-06 13:40:00,7800,7800,7800,7800,0
2021-12-06 13:41:00,7800,7800,7800,7800,0
2021-12-06 13:42:00,7800,7800,7800,7800,0
2021-12-06 13:43:00,7800,7800,7800,7800,0
2021-12-06 13:44:00,7800,7800,7800,7800,0
2021-12-06 13:45:00,7800,7800,7800,7800,0
2021-12-06 13:46:00,7800,7800,7800,7800,0
2021-12-06 13:47:00,7800,7800,7800,7800,0
2021-12-06 13:48:00,7800,7800,7800,7800,0
2021-12-06 13:49:00,7800,7800,7800,7800,0
2021-12-06 13:50:00,7800,7800,7800,7800,0
2021-12-06 13:51:00,7800,7800,7800,7800,0
2021-12-06 13:52:00,7800,7800,7800,7800,0
2021-12-06 13:53:00,7800,7800,7800,7800,0
2021-12-06 13:54:00,7800,7800,7800,7800,0
2021-12-06 13:55:00,7800,7800,7800,7800,0
2021-12-06 13:56:00,7800,7800,7800,7800,0
2021-12-06 13:57:00,7800,7800,7800,7800,0
2021-12-06 13:58:00,7800,7800,7800,7800,0
2021-12-06 13:59:00,7800,7800,7800,7800,0
2021-12-06 14:00:00,7800,7800,7800,7800,0
2021-12-06 14:01:00,7800,7800,7800,7800,0
2021-12-06 14:02:00,7800,7800,7800,7800,0
2021-12-06 14:03:00,7800,7800,7800,7800,0
2021-12-06 14:04:00,7800,7800,7800,7800,0
2021-12-06 14:05:00,7800,7800,7800,7800,0
2021-12-06 14:06:00,7800,7800,7800,7800,0
2021-12-06 14:07:00,7800,7800,7800,7800,0
2021-12-06 14:08:00,7800,7800,7800,7800,0
2021-12-06 14:09:00,7800,7800,7800,7800,0
2021-12-06 14:10:00,7800,7800,7800,7800,0
2021-12-06 14:11:00,7800,7800,7800,7800,0
2021-12-06 14:12:00,7800,7800,7800,7800,0
2021-12-06 14:13:00,7800,7800,7800,7800,0
2021-12-06 14:14:00,7800,7800,7800,7800,0
2021-12-06 14:15:00,7800,7800,7800,7800,0
2021-12-06 14:16:00,7800,7800,7800,7800,0
2021-12-06 14:17:00,7800,7800,7800,7800,0
2021-12-06 14:18:00,7800,7800,7800,7800,0
2021-12-06 14:19:00,7800,7800,7800,7800,0
2021-12-06 14:20:00,7800,7800,7800,7800,0
2021-12-06 14:21:00,7800,7800,7800,7800,0
2021-12-06 14:22:00,7800,7800,7800,7800,0
2021-12-06 14:23:00,7800,7800,7800,7800,0
2021-12-06 14:24:00,7800,7800,7800,7800,0
2021-12-06 14:25:00,7800,7800,7800,7800,0
2021-12-06 14:26:00,7800,7800,7800,7800,0
2021-12-06 14:27:00,7800,7800,7800,7800,0
2021-12-06 14:28:00,7800,7800,7800,7800,0
2021-12-06 14:29:00,7800,7800,7800,7800,0
2021-12-06 14:30:00,7800,7800,7800,7800,0
2021-12-06 14:31:00,7800,7800,7800,7800,0
2021-12-06 14:32:00,7800,7800,7800,7800,0
2021-12-06 14:33:00,7800,7800,7800,7800,0
2021-12-06 14:34:00,7800,7800,7800,7800,0
2021-12-06 14:35:00,7800,7800,7800,7800,0
2021-12-06 14:36:00,7800,7800,7800,7800,0
2021-12-06 14:37:00,7800,7800,7800,7800,0
2021-12-06 14:38:00,7800,7800,7800,7800,0
2021-12-06 14:39:00,7800,7800,7800,7800,0
2021-12-06 14:40:00,7800,7800,7800,7800,0
2021-12-06 14:41:00,7800,7800,7800,7800,0
2021-12-06 14:42:00,7800,7800,7800,7800,0
2021-12-06 14:43:00,7800,7800,7800,7800,0
2021-12-06 14:44:00,7800,7800,7800,7800,0
2021-12-06 14:45:00,7800,7800,7800,7800,0
2021-12-06 14:46:00,7800,7800,7800,7800,0
2021-12-06 14:47:00,7800,7800,7800,7800,0
2021-12-06 14:48:00,7800,7800,7800,7800,0
2021-12-06 14:49:00,7800,7800,7800,7800,0
2021-12-06 14:50:00,7800,7800,7800,7800,0
2021-12-06 14:51:00,7800,7800,7800,7800,0
2021-12-06 14:52:00,7800,7800,7800,7800,0
2021-12-06 14:53:00,7800,7800,7800,7800,0
2021-12-06 14:54:00,7800,7800,7800,7800,0
2021-12-06 14:55:00,7800,7800,7800,7800,0
2021-12-06 14:56:00,7800,7800,7800,7800,0
2021-12-06 14:57:00,7800,7800,7800,7800,0
2021-12-06 14:58:00,7800,7800,7800,7800,0
2021-12-06 14:59:00,7800,7800,7800,7800,0
2021-12-06 15:00:00,7800,7800,7800,7800,0
2021-12-06 15:01:00,7800,7800,7800,7800,0
2021-12-06 15:02:00,7800,7800,7800,7800,0
2021-12-06 15:03:00,7800,7800,7800,7800,0
2021-12-06 15:04:00,7800,7800,7800,7800,0
2021-12-06 15:05:00,7800,7800,7800,7800,0
2021-12-06 15:06:00,7800,7800,7800,7800,0
2021-12-06 15:07:00,7800,7800,7800,7800,0
2021-12-06 15:08:00,7800,7800,7800,7800,0
2021-12-06 15:09:00,7800,7800,7800,7800,0
2021-12-06 15:10:00,7800,7800,7800,7800,0
2021-12-06 15:11:00,7800,7800,7800,7800,0
2021-12-06 15:12:00,7800,7800,7800,7800,0
2021-12-06 15:13:00,7800,7800,7800,7800,0
2021-12-06 15:14:00,7800,7800,7800,7800,0
2021-12-06 15:15:00,7800,7800,7800,7800,0
2021-12-06 15:16:00,7800,7800,7800,7800,0
2021-12-06 15:17:00,7800,7800,7800,7800,0
2021-12-06 15:18:00,7800,7800,7800,7800,0
2021-12-06 15:19:00,7800,7800,7800,7800,0
2021-12-06 15:20:00,7800,7800,7800,7800,0
2021-12-06 15:21:00,7800,7800,7800,7800,0
2021-12-06 15:22:00,7800,7800,7800,7800,0
2021-12-06 15:23:00,7800,7800,7800,7800,0
2021-12-06 15:24:00,7800,7800,7800,7800,0
2021-12-06 15:25:00,7800,7800,7800,7800,0
2021-12-06 15:26:00,7800,7800,7800,7800,0
2021-12-06 15:27:00,7800,7800,7800,7800,0
2021-12-06 15:28:00,7800,7800,7800,7800,0
2021-12-06 15:29:00,7800,7800,7800,7800,0
2021-12-06 15:30:00,7800,7800,7800,7800,0
2021-12-06 15:31:00,7800,7800,7800,7800,0
2021-12-06 15:32:00,7800,7800,7800,7800,0
2021-12-06 15:33:00,7800,7800,7800,7800,0
2021-12-06 15:34:00,7800,7800,7800,7800,0
2021-12-06 15:35:00,7800,7800,7800,7800,0
2021-12-06 15:36:00,7800,7800,7800,7800,0
2021-12-06 15:37:00,7800,7800,7800,7800,0
2021-12-06 15:38:00,7800,7800,7800,7800,0
2021-12-06 15:39:00,7800,7800,7800,7800,0
2021-12-06 15:40:00,7800,7800,7800,7800,0
2021-12-06 15:41:00,7800,7800,7800,7800,0
2021-12-06 15:42:00,7800,7800,7800,7800,0
2021-12-06 15:43:00,7800,7800,7800,7800,0
2021-12-06 15:44:00,7800,7800,7800,7800,0
2021-12-06 15:45:00,7800,7800,7800,7800,0
2021-12-06 15:46:00,7800,7800,7800,7800,0
2021-12-06 15:47:00,7800,7800,7800,7800,0
2021-12-06 15:48:00,7800,7800,7800,7800,0
2021-12-06 15:49:00,7800,7800,7800,7800,0
2021-12-06 15:50:00,7800,7800,7800,7800,0
2021-12-06 15:51:00,7800,7800,7800,7800,0
2021-12-06 15:52:00,7800,7800,7800,7800,0
2021-12-06 15:53:00,7800,7800,7800,7800,0
2021-12-06 15:54:00,7800,7800,7800,7800,0
2021-12-06 15:55:00,7800,7800,7800,7800,0
2021-12-06 15:56:00,7800,7800,7800,7800,0
2021-12-06 15:57:00,7800,7800,7800,7800,0
2021-12-06 15:58:00,7800,7800,7800,7800,0
2021-12-06 15:59:00,7800,7800,7800,7800,0
2021-12-07 09:00:00,7800,7800,7800,7800,0
2021-12-07 09:01:00,7800,7800,7800,7800,0
2021-12-07 09:02:00,7800,7800,7800,7800,0
2021-12-07 09:03:00,7800,7800,7800,7800,0
2021-12-07 09:04:00,7800,7800,7800,7800,0
2021-12-07 09:05:00,7800,7800,7800,7800,0
2021-12-07 09:06:00,7800,7800,7800,7800,0
2021-12-07 09:07:00,7800,7800,7800,7800,0
2021-12-07 09:08:00,7800,7800,7800,7800,0
2021-12-07 09:09:00,7800,7800,7800,7800,0
2021-12-07 09:10:00,7800,7800,7800,7800,0
2021-12-07 09:11:00,7800,7800,7800,7800,0
2021-12-07 09:12:00,7800,7800,7800,7800,0
2021-12-07 09:13:00,7800,7800,7800,7800,0
2021-12-07 09:14:00,7800,7800,7800,7800,0
2021-12-07 09:15:00,7800,7800,7800,7800,0
2021-12-07 09:16:00,7800,7800,7800,7800,0
2021-12-07 09:17:00,7800,7800,7800,7800,0
2021-12-07 09:18:00,7800,7800,7800,7800,0
2021-12-07 09:19:00,7800,7800,7800,7800,0
2021-12-07 09:20:00,7800,7800,7800,7800,0
2021-12-07 09:21:00,7800,7800,7800,7800,0
2021-12-07 09:22:00,7800,7800,7800,7800,0
2021-12-07 09:23:00,7800,7800,7800,7800,0
2021-12-07 09:24:00,7800,7800,7800,7800,0
2021-12-07 09:25:00,7800,7800,7800,7800,0
2021-12-07 09:26:00,7800,7800,7800,7800,0
2021-12-07 09:27:00,7800,7800,7800,7800,0
2021-12-07 09:28:00,7800,7800,7800,7800,0
2021-12-07 09:29:00,7800,7800,7800,7800,0
2021-12-07 09:30:00,7800,7800,7800,7800,0
2021-12-07 09:31:00,7800,7800,7800,7800,0
2021-12-07 09:32:00,7800,7800,7800,7800,0
2021-12-07 09:33:00,7800,7800,7800,7800,0
2021-12-07 09:34:00,7800,7800,7800,7800,0
2021-12-07 09:35:00,7800,7800,7800,7800,0
2021-12-07 09:36:00,7800,7800,7800,7800,0
2021-12-07 09:37:00,7800,7800,7800,7800,0
2021-12-07 09:38:00,7800,7800,7800,7800,0
2021-12-07 09:39:00,7800,7800,7800,7800,0
2021-12-07 09:40:00,7800,7800,7800,7800,0
2021-12-07 09:41:00,7800,7800,7800,7800,0
2021-12-07 09:42:00,7800,7800,7800,7800,0
2021-12-07 09:43:00,7800,7800,7800,7800,0
2021-12-07 09:44:00,7800,7800,7800,7800,0
2021-12-07 09:45:00,7800,7800,7800,7800,0
2021-12-07 09:46:00,7800,7800,7800,7800,0
2021-12-07 09:47:00,7800,7800,7800,7800,0
2021-12-07 09:48:00,7800,7800,7800,7800,0
2021-12-07 09:49:00,7800,7800,7800,7800,0
2021-12-07 09:50:00,7800,7800,7800,7800,0
2021-12-07 09:51:00,7800,7800,7800,7800,0
2021-12-07 09:52:00,7800,7800,7800,7800,0
2021-12-07 09:53:00,7800,7800,7800,7800,0
2021-12-07 09:54:00,7800,7800,7800,7800,0
2021-12-07 09:55:00,7800,7800,7800,7800,0
2021-12-07 09:56:00,7800,7800,7800,7800,0
2021-12-07 09:57:00,7800,7800,7800,7800,0
2021-12-07 09:58:00,7800,7800,7800,7800,0
2021-12-07 09:59:00,7800,7800,7800,7800,0
2021-12-07 10:00:00,7800,7800,7800,7800,0
2021-12-07 10:01:00,7800,7800,7800,7800,0
2021-12-07 10:02:00,7800,7800,7800,7800,0
2021-12-07 10:03:00,7800,7800,7800,7800,0
2021-12-07 10:04:00,7800,7800,7800,7800,0
2021-12-07 10:05:00,7800,7800,7800,7800,0
2021-12-07 10:06:00,7800,7800,7800,7800,0
2021-12-07 10:07:00,7800,7800,7800,7800,0
2021-12-07 10:08:00,7800,7800,7800,7800,0
2021-12-07 10:09:00,7800,7800,7800,7800,0
2021-12-07 10:10:00,7800,7800,7800,7800,0
2021-12-07 10:11:00,7800,7800,7800,7800,0
2021-12-07 10:12:00,7800,7800,7800,7800,0
2021-12-07 10:13:00,7800,7800,7800,7800,0
2021-12-07 10:14:00,7800,7800,7800,7800,0
2021-12-07 10:15:00,7800,7800,7800,7800,0
2021-12-07 10:16:00,7800,7800,7800,7800,0
2021-12-07 10:17:00,7800,7800,7800,7800,0
2021-12-07 10:18:00,7800,7800,7800,7800,0
2021-12-07 10:19:00,7800,7800,7800,7800,0
2021-12-07 10:20:00,7800,7800,7800,7800,0
2021-12-07 10:21:00,7800,7800,7800,7800,0
2021-12-07 10:22:00,7800,7800,7800,7800,0
2021-12-07 10:23:00,7800,7800,7800,7800,0
2021-12-07 10:24:00,7800,7800,7800,7800,0
2021-12-07 10:25:00,7800,7800,7800,7800,0
2021-12-07 10:26:00,7800,7800,7800,7800,0
2021-12-07 10:27:00,7800,7800,7800,7800,0
2021-12-07 10:28:00,7800,7800,7800,7800,0
2021-12-07 10:29:00,7800,7800,7800,7800,0
2021-12-07 10:30:00,7800,7800,7800,7800,0
2021-12-07 10:31:00,7800,7800,7800,7800,0
2021-12-07 10:32:00,7800,7800,7800,7800,0
2021-12-07 10:33:00,7800,7800,7800,7800,0
2021-12-07 10:34:00,7800,7800,7800,7800,0
2021-12-07 10:35:00,7800,7800,7800,7800,0
2021-12-07 10:36:00,7800,7800,7800,7800,0
2021-12-07 10:37:00,7800,7800,7800,7800,0
2021-12-07 10:38:00,7800,7800,7800,7800,0
2021-12-07 10:39:00,7800,7800,7800,7800,0
2021-12-07 10:40:00,7800,7800,7800,7800,0
2021-12-07 10:41:00,7800,7800,7800,7800,0
2021-12-07 10:42:00,7800,7800,7800,7800,0
2021-12-07 10:43:00,7800,7800,7800,7800,0
2021-12-07 10:44:00,7800,7800,7800,7800,0
2021-12-07 10:45:00,7800,7800,7800,7800,0
2021-12-07 10:46:00,7800,7800,7800,7800,0
2021-12-07 10:47:00,7800,7800,7800,7800,0
2021-12-07 10:48:00,7800,7800,7800,7800,0
2021-12-07 10:49:00,7800,7800,7800,7800,0
2021-12-07 10:50:00,7800,7800,7800,7800,0
2021-12-07 10:51:00,7800,7800,7800,7800,0
2021-12-07 10:52:00,7800,7800,7800,7800,0
2021-12-07 10:53:00,7800,7800,7800,7800,0
2021-12-07 10:54:00,7800,7800,7800,7800,0
2021-12-07 10:55:00,7800,7800,7800,7800,0
2021-12-07 10:56:00,7800,7800,7800,7800,0
2021-12-07 10:57:00,7800,7800,7800,7800,0
2021-12-07 10:58:00,7800,7800,7800,7800,0
2021-12-07 10:59:00,7800,7800,7800,7800,0
2021-12-07 11:00:00,7800,7800,7800,7800,0
2021-12-07 11:01:00,7800,7800,7800,7800,0
2021-12-07 11:02:00,7800,7800,7800,7800,0
2021-12-07 11:03:00,7800,7800,7800,7800,0
2021-12-07 11:04:00,7800,7800,7800,7800,0
2021-12-07 11:05:00,7800,7800,7800,7800,0
2021-12-07 11:06:00,7800,7800,7800,7800,0
2021-12-07 11:07:00,7800,7800,7800,7800,0
2021-12-07 11:08:00,7800,7800,7800,7800,0
2021-12-07 11:09:00,7800,7800,7800,7800,0
2021-12-07 11:10:00,7800,7800,7800,7800,0
2021-12-07 11:11:00,7800,7800,7800,7800,0
2021-12-07 11:12:00,7800,7800,7800,7800,0
2021-12-07 11:13:00,7800,7800,7800,7800,0
2021-12-07 11:14:00,7800,7800,7800,7800,0
2021-12-07 11:15:00,7800,7800,7800,7800,0
2021-12-07 11:16:00,7800,7800,7800,7800,0
2021-12-07 11:17:00,7800,7800,7800,7800,0
2021-12-07 11:18:00,7800,7800,7800,7800,0
2021-12-07 11:19:00,7800,7800,7800,7800,0
2021-12-07 11:20:00,7800,7800,7800,7800,0
2021-12-07 11:21:00,7800,7800,7800,7800,0
2021-12-07 11:22:00,7800,7800,7800,7800,0
2021-12-07 11:23:00,7800,7800,7800,7800,0
2021-12-07 11:24:00,7800,7800,7800,7800,0
2021-12-07 11:25:00,7800,7800,7800,7800,0
2021-12-07 11:26:00,7800,7800,7800,7800,0
2021-12-07 11:27:00,7800,7800,7800,7800,0
2021-12-07 11:28:00,7800,7800,7800,7800,0
2021-12-07 11:29:00,7800,7800,7800,7800,0
2021-12-07 11:30:00,7800,7800,7800,7800,0
2021-12-07 11:31:00,7800,7800,7800,7800,0
2021-12-07 11:32:00,7800,7800,7800,7800,0
2021-12-07 11:33:00,7800,7800,7800,7800,0
2021-12-07 11:34:00,7800,7800,7800,7800,0
2021-12-07 11:35:00,7800,7800,7800,7800,0
2021-12-07 11:36:00,7800,7800,7800,7800,0
2021-12-07 11:37:00,7800,7800,7800,7800,0
2021-12-07 11:38:00,7800,7800,7800,7800,0
2021-12-07 11:39:00,7800,7800,7800,7800,0
2021-12-07 11:40:00,7800,7800,7800,7800,0
2021-12-07 11:41:00,7800,7800,7800,7800,0
2021-12-07 11:42:00,7800,7800,7800,7800,0
2021-12-07 11:43:00,7800,7800,7800,7800,0
2021-12-07 11:44:00,7800,7800,7800,7800,0
2021-12-07 11:45:00,7800,7800,7800,7800,0
2021-12-07 11:46:00,7800,7800,7800,7800,0
2021-12-07 11:47:00,7800,7800,7800,7800,0
2021-12-07 11:48:00,7800,7800,7800,7800,0
2021-12-07 11:49:00,7800,7800,7800,7800,0
2021-12-07 11:50:00,7800,7800,7800,7800,0
2021-12-07 11:51:00,7800,7800,7800,7800,0
2021-12-07 11:52:00,7800,7800,7800,7800,0
2021-12-07 11:53:00,7800,7800,7800,7800,0
2021-12-07 11:54:00,7800,7800,7800,7800,0
2021-12-07 11:55:00,7800,7800,7800,7800,0
2021-12-07 11:56:00,7800,7800,7800,7800,0
2021-12-07 11:57:00,7800,7800,7800,7800,0
2021-12-07 11:58:00,7800,7800,7800,7800,0
2021-12-07 11:59:00,7800,7800,7800,7800,0
2021-12-07 12:00:00,7800,7800,7800,7800,0
2021-12-07 12:01:00,7800,7800,7800,7800,0
2021-12-07 12:02:00,7800,7800,7800,7800,0
2021-12-07 12:03:00,7800,7800,7800,7800,0
2021-12-07 12:04:00,7800,7800,7800,7800,0
2021-12-07 12:05:00,7800,7800,7800,7800,0
2021-12-07 12:06:00,7800,7800,7800,7800,0
2021-12-07 12:07:00,7800,7800,7800,7800,0
2021-12-07 12:08:00,7800,7800,7800,7800,0
2021-12-07 12:09:00,7800,7800,7800,7800,0
2021-12-07 12:10:00,7800,7800,7800,7800,0
2021-12-07 12:11:00,7800,7800,7800,7800,0
2021-12-07 12:12:00,7800,7800,7800,7800,0
2021-12-07 12:13:00,7800,7800,7800,7800,0
2021-12-07 12:14:00,7800,7800,7800,7800,0
2021-12-07 12:15:00,7800,7800,7800,7800,0
2021-12-07 12:16:00,7800,7800,7800,7800,0
2021-12-07 12:17:00,7800,7800,7800,7800,0
2021-12-07 12:18:00,7800,7800,7800,7800,0
2021-12-07 12:19:00,7800,7800,7800,7800,0
2021-12-07 12:20:00,7800,7800,7800,7800,0
2021-12-07 12:21:00,7800,7800,7800,7800,0
2021-12-07 12:22:00,7800,7800,7800,7800,0
2021-12-07 12:23:00,7800,7800,7800,7800,0
2021-12-07 12:24:00,7800,7800,7800,7800,0
2021-12-07 12:25:00,7800,7800,7800,7800,0
2021-12-07 12:26:00,7800,7800,7800,7800,0
2021-12-07 12:27:00,7800,7800,7800,7800,0
2021-12-07 12:28:00,7800,7800,7800,7800,0
2021-12-07 12:29:00,7800,7800,7800,7800,0
2021-12-07 12:30:00,7800,7800,7800,7800,0
2021-12-07 12:31:00,7800,7800,7800,7800,0
2021-12-07 12:32:00,7800,7800,7800,7800,0
2021-12-07 12:33:00,7800,7800,7800,7800,0
2021-12-07 12:34:00,7800,7800,7800,7800,0
2021-12-07 12:35:00,7800,7800,7800,7800,0
2021-12-07 12:36:00,7800,7800,7800,7800,0
2021-12-07 12:37:00,7800,7800,7800,7800,0
2021-12-07 12:38:00,7800,7800,7800,7800,0
2021-12-07 12:39:00,7800,7800,7800,7800,0
2021-12-07 12:40:00,7800,7800,7800,7800,0
2021-12-07 12:41:00,7800,7800,7800,7800,0
2021-12-07 12:42:00,7800,7800,7800,7800,0
2021-12-07 12:43:00,7800,7800,7800,7800,0
2021-12-07 12:44:00,7800,7800,7800,7800,0
2021-12-07 12:45:00,7800,7800,7800,7800,0
2021-12-07 12:46:00,7800,7800,7800,7800,0
2021-12-07 12:47:00,7800,7800,7800,7800,0
2021-12-07 12:48:00,7800,7800,7800,7800,0
2021-12-07 12:49:00,7800,7800,7800,7800,0
2021-12-07 12:50:00,7800,7800,7800,7800,0
2021-12-07 12:51:00,7800,7800,7800,7800,0
2021-12-07 12:52:00,7800,7800,7800,7800,0
2021-12-07 12:53:00,7800,7800,7800,7800,0
2021-12-07 12:54:00,7800,7800,7800,7800,0
2021-12-07 12:55:00,7800,7800,7800,7800,0
2021-12-07 12:56:00,7800,7800,7800,7800,0
2021-12-07 12:57:00,7800,7800,7800,7800,0
2021-12-07 12:58:00,7800,7800,7800,7800,0
2021-12-07 12:59:00,7800,7800,7800,7800,0
2021-12-07 13:00:00,7800,7800,7800,7800,0
2021-12-07 13:01:00,7800,7800,7800,7800,0
2021-12-07 13:02:00,7800,7800,7800,7800,0
2021-12-07 13:03:00,7800,7800,7800,7800,0
2021-12-07 13:04:00,7800,7800,7800,7800,0
2021-12-07 13:05:00,7800,7800,7800,7800,0
2021-12-07 13:06:00,7800,7800,7800,7800,0
2021-12-07 13:07:00,7800,7800,7800,7800,0
2021-12-07 13:08:00,7800,7800,7800,7800,0
2021-12-07 13:09:00,7800,7800,7800,7800,0
2021-12-07 13:10:00,7800,7800,7800,7800,0
2021-12-07 13:11:00,7800,7800,7800,7800,0
2021-12-07 13:12:00,7800,7800,7800,7800,0
2021-12-07 13:13:00,7800,7800,7800,7800,0
2021-12-07 13:14:00,7800,7800,7800,7800,0
2021-12-07 13:15:00,7800,7800,7800,7800,0
2021-12-07 13:16:00,7800,7800,7800,7800,0
2021-12-07 13:17:00,7800,7800,7800,7800,0
2021-12-07 13:18:00,7800,7800,7800,7800,0
2021-12-07 13:19:00,7800,7800,7800,7800,0
2021-12-07 13:20:00,7800,7800,7800,7800,0
2021-12-07 13:21:00,7800,7800,7800,7800,0
2021-12-07 13:22:00,7800,7800,7800,7800,0
2021-12-07 13:23:00,7800,7800,7800,7800,0
2021-12-07 13:24:00,7800,7800,7800,7800,0
2021-12-07 13:25:00,7800,7800,7800,7800,0
2021-12-07 13:26:00,7800,7800,7800,7800,0
2021-12-07 13:27:00,7800,7800,7800,7800,0
2021-12-07 13:28:00,7800,7800,7800,7800,0
2021-12-07 13:29:00,7800,7800,7800,7800,0
2021-12-07 13:30:00,7800,7800,7800,7800,0
2021-12-07 13:31:00,7800,7800,7800,7800,0
2021-12-07 13:32:00,7800,7800,7800,7800,0
2021-12-07 13:33:00,7800,7800,7800,7800,0
2021-12-07 13:34:00,7800,7800,7800,7800,0
2021-12-07 13:35:00,7800,7800,7800,7800,0
2021-12-07 13:36:00,7800,7800,7800,7800,0
2021-12-07 13:37:00,7800,7800,7800,7800,0
2021-12-07 13:38:00,7800,7800,7800,7800,0
2021-12-07 13:39:00,7800,7800,7800,7800,0
2021-12-07 13:40:00,7800,7800,7800,7800,0
2021-12-07 13:41:00,7800,7800,7800,7800,0
2021-12-07 13:42:00,7800,7800,7800,7800,0
2021-12-07 13:43:00,7800,7800,7800,7800,0
2021-12-07 13:44:00,7800,7800,7800,7800,0
2021-12-07 13:45:00,7800,7800,7800,7800,0
2021-12-07 13:46:00,7800,7800,7800,7800,0
2021-12-07 13:47:00,7800,7800,7800,7800,0
2021-12-07 13:48:00,7800,7800,7800,7800,0
2021-12-07 13:49:00,7800,7800,7800,7800,0
2021-12-07 13:50:00,7800,7800,7800,7800,0
2021-12-07 13:51:00,7800,7800,7800,7800,0
2021-12-07 13:52:00,7800,7800,7800,7800,0
2021-12-07 13:53:00,7800,7800,7800,7800,0
2021-12-07 13:54:00,7800,7800,7800,7800,0
2021-12-07 13:55:00,7800,7800,7800,7800,0
2021-12-07 13:56:00,7800,7800,7800,7800,0
2021-12-07 13:57:00,7800,7800,7800,7800,0
2021-12-07 13:58:00,7800,7800,7800,7800,0
2021-12-07 13:59:00,7800,7800,7800,7800,0
2021-12-07 14:00:00,7800,7800,7800,7800,0
2021-12-07 14:01:00,7800,7800,7800,7800,0
2021-12-07 14:02:00,7800,7800,7800,7800,0
2021-12-07 14:03:00,7800,7800,7800,7800,0
2021-12-07 14:04:00,7800,7800,7800,7800,0
2021-12-07 14:05:00,7800,7800,7800,7800,0
2021-12-07 14:06:00,7800,7800,7800,7800,0
2021-12-07 14:07:00,7800,7800,7800,7800,0
2021-12-07 14:08:00,7800,7800,7800,7800,0
2021-12-07 14:09:00,7800,7800,7800,7800,0
2021-12-07 14:10:00,7800,7800,7800,7800,0
2021-12-07 14:11:00,7800,7800,7800,7800,0
2021-12-07 14:12:00,7800,7800,7800,7800,0
2021-12-07 14:13:00,7800,7800,7800,7800,0
2021-12-07 14:14:00,7800,7800,7800,7800,0
2021-12-07 14:15:00,7800,7800,7800,7800,0
2021-12-07 14:16:00,7800,7800,7800,7800,0
2021-12-07 14:17:00,7800,7800,7800,7800,0
2021-12-07 14:18:00,7800,7800,7800,7800,0
2021-12-07 14:19:00,7800,7800,7800,7800,0
2021-12-07 14:20:00,7800,7800,7800,7800,0
2021-12-07 14:21:00,7800,7800,7800,7800,0
2021-12-07 14:22:00,7800,7800,7800,7800,0
2021-12-07 14:23:00,7800,7800,7800,7800,0
2021-12-07 14:24:00,7800,7800,7800,7800,0
2021-12-07 14:25:00,7800,7800,7800,7800,0
2021-12-07 14:26:00,7800,7800,7800,7800,0
2021-12-07 14:27:00,7800,7800,7800,7800,0
2021-12-07 14:28:00,7800,7800,7800,7800,0
2021-12-07 14:29:00,7800,7800,7800,7800,0
2021-12-07 14:30:00,7800,7800,7800,7800,0
2021-12-07 14:31:00,7800,7800,7800,7800,0
2021-12-07 14:32:00,7800,7800,7800,7800,0
2021-12-07 14:33:00,7800,7800,7800,7800,0
2021-12-07 14:34:00,7800,7800,7800,7800,0
2021-12-07 14:35:00,7800,7800,7800,7800,0
2021-12-07 14:36:00,7800,7800,7800,7800,0
2021-12-07 14:37:00,7800,7800,7800,7800,0
2021-12-07 14:38:00,7800,7800,7800,7800,0
2021-12-07 14:39:00,7800,7800,7800,7800,0
2021-12-07 14:40:00,7800,7800,7800,7800,0
2021-12-07 14:41:00,7800,7800,7800,7800,0
2021-12-07 14:42:00,7800,7800,7800,7800,0
2021-12-07 14:43:00,7800,7800,7800,7800,0
2021-12-07 14:44:00,7800,7800,7800,7800,0
2021-12-07 14:45:00,7800,7800,7800,7800,0
2021-12-07 14:46:00,7800,7800,7800,7800,0
2021-12-07 14:47:00,7800,7800,7800,7800,0
2021-12-07 14:48:00,7800,7800,7800,7800,0
2021-12-07 14:49:00,7800,7800,7800,7800,0
2021-12-07 14:50:00,7800,7800,7800,7800,0
2021-12-07 14:51:00,7800,7800,7800,7800,0
2021-12-07 14:52:00,7800,7800,7800,7800,0
2021-12-07 14:53:00,7800,7800,7800,7800,0
2021-12-07 14:54:00,7800,7800,7800,7800,0
2021-12-07 14:55:00,7800,7800,7800,7800,0
2021-12-07 14:56:00,7800,7800,7800,7800,0
2021-12-07 14:57:00,7800,7800,7800,7800,0
2021-12-07 14:58:00,7800,7800,7800,7800,0
2021-12-07 14:59:00,7800,7800,7800,7800,0
2021-12-07 15:00:00,7800,7800,7800,7800,0
2021-12-07 15:01:00,7800,7800,7800,7800,0
2021-12-07 15:02:00,7800,7800,7800,7800,0
2021-12-07 15:03:00,7800,7800,7800,7800,0
2021-12-07 15:04:00,7800,7800,7800,7800,0
2021-12-07 15:05:00,7800,7800,7800,7800,0
2021-12-07 15:06:00,7800,7800,7800,7800,0
2021-12-07 15:07:00,7800,7800,7800,7800,0
2021-12-07 15:08:00,7800,7800,7800,7800,0
2021-12-07 15:09:00,7800,7800,7800,7800,0
2021-12-07 15:10:00,7800,7800,7800,7800,0
2021-12-07 15:11:00,7800,7800,7800,7800,0
2021-12-07 15:12:00,7800,7800,7800,7800,0
2021-12-07 15:13:00,7800,7800,7800,7800,0
2021-12-07 15:14:00,7800,7800,7800,7800,0
2021-12-07 15:15:00,7800,7800,7800,7800,0
2021-12-07 15:16:00,7800,7800,7800,7800,0
2021-12-07 15:17:00,7800,7800,7800,7800,0
2021-12-07 15:18:00,7800,7800,7800,7800,0
2021-12-07 15:19:00,7800,7800,7800,7800,0
2021-12-07 15:20:00,7800,7800,7800,7800,0
2021-12-07 15:21:00,7800,7800,7800,7800,0
2021-12-07 15:22:00,7800,7800,7800,7800,0
2021-12-07 15:23:00,7800,7800,7800,7800,0
2021-12-07 15:24:00,7800,7800,7800,7800,0
2021-12-07 15:25:00,7800,7800,7800,7800,0
2021-12-07 15:26:00,7800,7800,7800,7800,0
2021-12-07 15:27:00,7800,7800,7800,7800,0
2021-12-07 15:28:00,7800,7800,7800,7800,0
2021-12-07 15:29:00,7800,7800,7800,7800,0
2021-12-07 15:30:00,7800,7800,7800,7800,0
2021-12-07 15:31:00,7800,7800,7800,7800,0
2021-12-07 15:32:00,7800,7800,7800,7800,0
2021-12-07 15:33:00,7800,7800,7800,7800,0
2021-12-07 15:34:00,7800,7800,7800,7800,0
2021-12-07 15:35:00,7800,7800,7800,7800,0
2021-12-07 15:36:00,7800,7800,7800,7800,0
2021-12-07 15:37:00,7800,7800,7800,7800,0
2021-12-07 15:38:00,7800,7800,7800,7800,0
2021-12-07 15:39:00,7800,7800,7800,7800,0
2021-12-07 15:40:00,7800,7800,7800,7800,0
2021-12-07 15:41:00,7800,7800,7800,7800,0
2021-12-07 15:42:00,7800,7800,7800,7800,0
2021-12-07 15:43:00,7800,7800,7800,7800,0
2021-12-07 15:44:00,7800,7800,7800,7800,0
2021-12-07 15:45:00,7800,7800,7800,7800,0
2021-12-07 15:46:00,7800,7800,7800,7800,0
2021-12-07 15:47:00,7800,7800,7800,7800,0
2021-12-07 15:48:00,7800,7800,7800,7800,0
2021-12-07 15:49:00,7800,7800,7800,7800,0
2021-12-07 15:50:00,7800,7800,7800,7800,0
2021-12-07 15:51:00,7800,7800,7800,7800,0
2021-12-07 15:52:00,7800,7800,7800,7800,0
2021-12-07 15:53:00,7800,7800,7800,7800,0
2021-12-07 15:54:00,7800,7800,7800,7800,0
2021-12-07 15:55:00,7800,7800,7800,7800,0
2021-12-07 15:56:00,7800,7800,7800,7800,0
2021-12-07 15:57:00,7800,7800,7800,7800,0
2021-12-07 15:58:00,7800,7800,7800,7800,0
2021-12-07 15:59:00,7800,7800,7800,7800,0
2021-12-08 09:00:00,7850,7850,7875,7875,2400
2021-12-08 09:01:00,7875,7825,7875,7850,30500
2021-12-08 09:02:00,7850,7825,7850,7825,92600
2021-12-08 09:03:00,7825,7825,7825,7825,5800
2021-12-08 09:04:00,7825,7800,7825,7800,59500
2021-12-08 09:05:00,7825,7800,7850,7850,14600
2021-12-08 09:06:00,7850,7825,7850,7850,37500
2021-12-08 09:07:00,7825,7825,7900,7875,51800
2021-12-08 09:08:00,7875,7875,7875,7875,18200
2021-12-08 09:09:00,7875,7875,7875,7875,15300
2021-12-08 09:10:00,7875,7850,7875,7850,65800
2021-12-08 09:11:00,7850,7825,7850,7825,32000
2021-12-08 09:12:00,7850,7850,7875,7875,24700
2021-12-08 09:13:00,7875,7850,7875,7875,16700
2021-12-08 09:14:00,7875,7875,7875,7875,1800
2021-12-08 09:15:00,7875,7850,7875,7875,116000
2021-12-08 09:16:00,7875,7850,7875,7850,42300
2021-12-08 09:17:00,7850,7825,7850,7825,26200
2021-12-08 09:18:00,7825,7825,7850,7825,5500
2021-12-08 09:19:00,7850,7825,7850,7850,4500
2021-12-08 09:20:00,7850,7850,7850,7850,3500
2021-12-08 09:21:00,7825,7825,7850,7825,23200
2021-12-08 09:22:00,7825,7825,7825,7825,2100
2021-12-08 09:23:00,7825,7825,7825,7825,11500
2021-12-08 09:24:00,7825,7825,7850,7825,17400
2021-12-08 09:25:00,7825,7825,7825,7825,1100
2021-12-08 09:26:00,7850,7850,7850,7850,7900
2021-12-08 09:27:00,7850,7825,7850,7825,15000
2021-12-08 09:28:00,7850,7850,7875,7875,33600
2021-12-08 09:29:00,7875,7875,7875,7875,100
2021-12-08 09:30:00,7875,7875,7875,7875,800
2021-12-08 09:31:00,7875,7875,7875,7875,200
2021-12-08 09:32:00,7875,7850,7875,7850,34000
2021-12-08 09:33:00,7875,7850,7875,7850,4400
2021-12-08 09:34:00,7875,7875,7875,7875,100
2021-12-08 09:35:00,7875,7875,7875,7875,11000
2021-12-08 09:36:00,7875,7850,7875,7850,49300
2021-12-08 09:37:00,7850,7850,7850,7850,28100
2021-12-08 09:38:00,7850,7850,7875,7850,8500
2021-12-08 09:39:00,7850,7850,7850,7850,10000
2021-12-08 09:40:00,7875,7875,7875,7875,3300
2021-12-08 09:41:00,7850,7850,7850,7850,4700
2021-12-08 09:42:00,7875,7875,7900,7900,230700
2021-12-08 09:43:00,7900,7875,7925,7900,50500
2021-12-08 09:44:00,7900,7900,7925,7900,13300
2021-12-08 09:45:00,7925,7900,7925,7925,83900
2021-12-08 09:46:00,7925,7925,7950,7950,6700
2021-12-08 09:47:00,7950,7925,7950,7925,69800
2021-12-08 09:48:00,7925,7900,7925,7925,15000
2021-12-08 09:49:00,7925,7925,7925,7925,9100
2021-12-08 09:50:00,7925,7900,7925,7900,2300
2021-12-08 09:51:00,7900,7900,7925,7925,34400
2021-12-08 09:52:00,7900,7900,7900,7900,36700
2021-12-08 09:53:00,7900,7900,7925,7900,48100
2021-12-08 09:54:00,7900,7900,7900,7900,4500
2021-12-08 09:55:00,7900,7900,7900,7900,2600
2021-12-08 09:56:00,7900,7900,7900,7900,10000
2021-12-08 09:57:00,7900,7900,7900,7900,0
2021-12-08 09:58:00,7900,7900,7925,7925,9800
2021-12-08 09:59:00,7925,7925,7925,7925,1400
2021-12-08 10:00:00,7925,7900,7925,7900,22400
2021-12-08 10:01:00,7900,7900,7900,7900,18100
2021-12-08 10:02:00,7900,7875,7900,7900,2100
2021-12-08 10:03:00,7900,7875,7900,7900,12100
2021-12-08 10:04:00,7875,7875,7875,7875,1200
2021-12-08 10:05:00,7900,7900,7900,7900,500
2021-12-08 10:06:00,7900,7900,7900,7900,1300
2021-12-08 10:07:00,7875,7875,7900,7875,56300
2021-12-08 10:08:00,7875,7875,7875,7875,11000
2021-12-08 10:09:00,7875,7875,7875,7875,1500
2021-12-08 10:10:00,7900,7900,7900,7900,300
2021-12-08 10:11:00,7875,7850,7875,7850,37500
2021-12-08 10:12:00,7875,7850,7875,7850,1400
2021-12-08 10:13:00,7900,7850,7900,7875,25600
2021-12-08 10:14:00,7875,7850,7875,7850,5500
2021-12-08 10:15:00,7850,7850,7875,7875,3100
2021-12-08 10:16:00,7875,7875,7875,7875,1600
2021-12-08 10:17:00,7875,7850,7875,7875,2300
2021-12-08 10:18:00,7875,7850,7875,7875,0
2021-12-08 10:19:00,7850,7825,7875,7850,84300
2021-12-08 10:20:00,7850,7850,7850,7850,400
2021-12-08 10:21:00,7850,7850,7850,7850,2500
2021-12-08 10:22:00,7850,7850,7850,7850,20100
2021-12-08 10:23:00,7850,7825,7875,7875,8700
2021-12-08 10:24:00,7825,7825,7825,7825,30000
2021-12-08 10:25:00,7850,7850,7850,7850,200
2021-12-08 10:26:00,7850,7850,7850,7850,500
2021-12-08 10:27:00,7850,7850,7850,7850,5100
2021-12-08 10:28:00,7850,7850,7850,7850,0
2021-12-08 10:29:00,7850,7850,7850,7850,4100
2021-12-08 10:30:00,7850,7850,7850,7850,2100
2021-12-08 10:31:00,7850,7850,7850,7850,2200
2021-12-08 10:32:00,7825,7825,7825,7825,57000
2021-12-08 10:33:00,7850,7850,7850,7850,300
2021-12-08 10:34:00,7850,7850,7850,7850,0
2021-12-08 10:35:00,7850,7850,7850,7850,0
2021-12-08 10:36:00,7850,7850,7850,7850,0
2021-12-08 10:37:00,7825,7825,7825,7825,41800
2021-12-08 10:38:00,7850,7850,7850,7850,1100
2021-12-08 10:39:00,7850,7850,7850,7850,300
2021-12-08 10:40:00,7825,7825,7825,7825,4100
2021-12-08 10:41:00,7850,7825,7850,7825,600
2021-12-08 10:42:00,7850,7800,7850,7850,70400
2021-12-08 10:43:00,7825,7825,7825,7825,300
2021-12-08 10:44:00,7825,7800,7825,7800,3300
2021-12-08 10:45:00,7825,7825,7825,7825,3400
2021-12-08 10:46:00,7825,7825,7825,7825,300
2021-12-08 10:47:00,7825,7825,7825,7825,0
2021-12-08 10:48:00,7825,7825,7825,7825,2500
2021-12-08 10:49:00,7825,7825,7825,7825,0
2021-12-08 10:50:00,7825,7825,7825,7825,0
2021-12-08 10:51:00,7800,7800,7800,7800,3200
2021-12-08 10:52:00,7800,7800,7800,7800,0
2021-12-08 10:53:00,7825,7825,7825,7825,500
2021-12-08 10:54:00,7825,7825,7825,7825,0
2021-12-08 10:55:00,7825,7825,7825,7825,0
2021-12-08 10:56:00,7825,7825,7825,7825,400
2021-12-08 10:57:00,7825,7800,7825,7800,3400
2021-12-08 10:58:00,7800,7800,7825,7800,42500
2021-12-08 10:59:00,7825,7800,7825,7800,3000
2021-12-08 11:00:00,7825,7800,7825,7800,0
2021-12-08 11:01:00,7800,7800,7800,7800,130600
2021-12-08 11:02:00,7800,7800,7800,7800,11500
2021-12-08 11:03:00,7800,7800,7800,7800,6900
2021-12-08 11:04:00,7800,7800,7800,7800,1000
2021-12-08 11:05:00,7800,7800,7800,7800,34100
2021-12-08 11:06:00,7800,7800,7800,7800,14700
2021-12-08 11:07:00,7800,7800,7800,7800,3000
2021-12-08 11:08:00,7800,7800,7800,7800,0
2021-12-08 11:09:00,7775,7775,7775,7775,200
2021-12-08 11:10:00,7775,7775,7800,7800,3700
2021-12-08 11:11:00,7800,7800,7800,7800,400
2021-12-08 11:12:00,7800,7800,7800,7800,0
2021-12-08 11:13:00,7800,7775,7800,7775,700
2021-12-08 11:14:00,7775,7775,7775,7775,600
2021-12-08 11:15:00,7775,7775,7775,7775,58400
2021-12-08 11:16:00,7775,7775,7800,7800,17400
2021-12-08 11:17:00,7775,7775,7775,7775,400
2021-12-08 11:18:00,7800,7800,7800,7800,3200
2021-12-08 11:19:00,7800,7800,7800,7800,100
2021-12-08 11:20:00,7800,7775,7800,7775,2700
2021-12-08 11:21:00,7775,7775,7775,7775,300
2021-12-08 11:22:00,7800,7800,7800,7800,15000
2021-12-08 11:23:00,7800,7775,7800,7800,8400
2021-12-08 11:24:00,7800,7775,7800,7775,7400
2021-12-08 11:25:00,7800,7775,7800,7775,500
2021-12-08 11:26:00,7800,7800,7800,7800,100
2021-12-08 11:27:00,7800,7800,7800,7800,200
2021-12-08 11:28:00,7800,7800,7800,7800,200
2021-12-08 11:29:00,7775,7775,7775,7775,7600
2021-12-08 11:30:00,7775,7775,7775,7775,0
2021-12-08 11:31:00,7775,7775,7775,7775,0
2021-12-08 11:32:00,7775,7775,7775,7775,0
2021-12-08 11:33:00,7775,7775,7775,7775,0
2021-12-08 11:34:00,7775,7775,7775,7775,0
2021-12-08 11:35:00,7775,7775,7775,7775,0
2021-12-08 11:36:00,7775,7775,7775,7775,0
2021-12-08 11:37:00,7775,7775,7775,7775,0
2021-12-08 11:38:00,7775,7775,7775,7775,0
2021-12-08 11:39:00,7775,7775,7775,7775,0
2021-12-08 11:40:00,7775,7775,7775,7775,0
2021-12-08 11:41:00,7775,7775,7775,7775,0
2021-12-08 11:42:00,7775,7775,7775,7775,0
2021-12-08 11:43:00,7775,7775,7775,7775,0
2021-12-08 11:44:00,7775,7775,7775,7775,0
2021-12-08 11:45:00,7775,7775,7775,7775,0
2021-12-08 11:46:00,7775,7775,7775,7775,0
2021-12-08 11:47:00,7775,7775,7775,7775,0
2021-12-08 11:48:00,7775,7775,7775,7775,0
2021-12-08 11:49:00,7775,7775,7775,7775,0
2021-12-08 11:50:00,7775,7775,7775,7775,0
2021-12-08 11:51:00,7775,7775,7775,7775,0
2021-12-08 11:52:00,7775,7775,7775,7775,0
2021-12-08 11:53:00,7775,7775,7775,7775,0
2021-12-08 11:54:00,7775,7775,7775,7775,0
2021-12-08 11:55:00,7775,7775,7775,7775,0
2021-12-08 11:56:00,7775,7775,7775,7775,0
2021-12-08 11:57:00,7775,7775,7775,7775,0
2021-12-08 11:58:00,7775,7775,7775,7775,0
2021-12-08 11:59:00,7775,7775,7775,7775,0
2021-12-08 12:00:00,7775,7775,7775,7775,0
2021-12-08 12:01:00,7775,7775,7775,7775,0
2021-12-08 12:02:00,7775,7775,7775,7775,0
2021-12-08 12:03:00,7775,7775,7775,7775,0
2021-12-08 12:04:00,7775,7775,7775,7775,0
2021-12-08 12:05:00,7775,7775,7775,7775,0
2021-12-08 12:06:00,7775,7775,7775,7775,0
2021-12-08 12:07:00,7775,7775,7775,7775,0
2021-12-08 12:08:00,7775,7775,7775,7775,0
2021-12-08 12:09:00,7775,7775,7775,7775,0
2021-12-08 12:10:00,7775,7775,7775,7775,0
2021-12-08 12:11:00,7775,7775,7775,7775,0
2021-12-08 12:12:00,7775,7775,7775,7775,0
2021-12-08 12:13:00,7775,7775,7775,7775,0
2021-12-08 12:14:00,7775,7775,7775,7775,0
2021-12-08 12:15:00,7775,7775,7775,7775,0
2021-12-08 12:16:00,7775,7775,7775,7775,0
2021-12-08 12:17:00,7775,7775,7775,7775,0
2021-12-08 12:18:00,7775,7775,7775,7775,0
2021-12-08 12:19:00,7775,7775,7775,7775,0
2021-12-08 12:20:00,7775,7775,7775,7775,0
2021-12-08 12:21:00,7775,7775,7775,7775,0
2021-12-08 12:22:00,7775,7775,7775,7775,0
2021-12-08 12:23:00,7775,7775,7775,7775,0
2021-12-08 12:24:00,7775,7775,7775,7775,0
2021-12-08 12:25:00,7775,7775,7775,7775,0
2021-12-08 12:26:00,7775,7775,7775,7775,0
2021-12-08 12:27:00,7775,7775,7775,7775,0
2021-12-08 12:28:00,7775,7775,7775,7775,0
2021-12-08 12:29:00,7775,7775,7775,7775,0
2021-12-08 12:30:00,7775,7775,7775,7775,0
2021-12-08 12:31:00,7775,7775,7775,7775,0
2021-12-08 12:32:00,7775,7775,7775,7775,0
2021-12-08 12:33:00,7775,7775,7775,7775,0
2021-12-08 12:34:00,7775,7775,7775,7775,0
2021-12-08 12:35:00,7775,7775,7775,7775,0
2021-12-08 12:36:00,7775,7775,7775,7775,0
2021-12-08 12:37:00,7775,7775,7775,7775,0
2021-12-08 12:38:00,7775,7775,7775,7775,0
2021-12-08 12:39:00,7775,7775,7775,7775,0
2021-12-08 12:40:00,7775,7775,7775,7775,0
2021-12-08 12:41:00,7775,7775,7775,7775,0
2021-12-08 12:42:00,7775,7775,7775,7775,0
2021-12-08 12:43:00,7775,7775,7775,7775,0
2021-12-08 12:44:00,7775,7775,7775,7775,0
2021-12-08 12:45:00,7775,7775,7775,7775,0
2021-12-08 12:46:00,7775,7775,7775,7775,0
2021-12-08 12:47:00,7775,7775,7775,7775,0
2021-12-08 12:48:00,7775,7775,7775,7775,0
2021-12-08 12:49:00,7775,7775,7775,7775,0
2021-12-08 12:50:00,7775,7775,7775,7775,0
2021-12-08 12:51:00,7775,7775,7775,7775,0
2021-12-08 12:52:00,7775,7775,7775,7775,0
2021-12-08 12:53:00,7775,7775,7775,7775,0
2021-12-08 12:54:00,7775,7775,7775,7775,0
2021-12-08 12:55:00,7775,7775,7775,7775,0
2021-12-08 12:56:00,7775,7775,7775,7775,0
2021-12-08 12:57:00,7775,7775,7775,7775,0
2021-12-08 12:58:00,7775,7775,7775,7775,0
2021-12-08 12:59:00,7775,7775,7775,7775,0
2021-12-08 13:00:00,7775,7775,7775,7775,0
2021-12-08 13:01:00,7775,7775,7775,7775,0
2021-12-08 13:02:00,7775,7775,7775,7775,0
2021-12-08 13:03:00,7775,7775,7775,7775,0
2021-12-08 13:04:00,7775,7775,7775,7775,0
2021-12-08 13:05:00,7775,7775,7775,7775,0
2021-12-08 13:06:00,7775,7775,7775,7775,0
2021-12-08 13:07:00,7775,7775,7775,7775,0
2021-12-08 13:08:00,7775,7775,7775,7775,0
2021-12-08 13:09:00,7775,7775,7775,7775,0
2021-12-08 13:10:00,7775,7775,7775,7775,0
2021-12-08 13:11:00,7775,7775,7775,7775,0
2021-12-08 13:12:00,7775,7775,7775,7775,0
2021-12-08 13:13:00,7775,7775,7775,7775,0
2021-12-08 13:14:00,7775,7775,7775,7775,0
2021-12-08 13:15:00,7775,7775,7775,7775,0
2021-12-08 13:16:00,7775,7775,7775,7775,0
2021-12-08 13:17:00,7775,7775,7775,7775,0
2021-12-08 13:18:00,7775,7775,7775,7775,0
2021-12-08 13:19:00,7775,7775,7775,7775,0
2021-12-08 13:20:00,7775,7775,7775,7775,0
2021-12-08 13:21:00,7775,7775,7775,7775,0
2021-12-08 13:22:00,7775,7775,7775,7775,0
2021-12-08 13:23:00,7775,7775,7775,7775,0
2021-12-08 13:24:00,7775,7775,7775,7775,0
2021-12-08 13:25:00,7775,7775,7775,7775,0
2021-12-08 13:26:00,7775,7775,7775,7775,0
2021-12-08 13:27:00,7775,7775,7775,7775,0
2021-12-08 13:28:00,7775,7775,7775,7775,0
2021-12-08 13:29:00,7775,7775,7775,7775,0
2021-12-08 13:30:00,7775,7775,7800,7775,6100
2021-12-08 13:31:00,7775,7775,7800,7775,0
2021-12-08 13:32:00,7800,7800,7800,7800,700
2021-12-08 13:33:00,7775,7775,7775,7775,200
2021-12-08 13:34:00,7775,7775,7775,7775,2000
2021-12-08 13:35:00,7775,7775,7800,7800,300
2021-12-08 13:36:00,7775,7775,7800,7800,2100
2021-12-08 13:37:00,7800,7800,7800,7800,300
2021-12-08 13:38:00,7800,7800,7800,7800,300
2021-12-08 13:39:00,7800,7800,7800,7800,5500
2021-12-08 13:40:00,7775,7775,7800,7800,6600
2021-12-08 13:41:00,7775,7775,7800,7800,0
2021-12-08 13:42:00,7800,7800,7800,7800,26600
2021-12-08 13:43:00,7800,7800,7800,7800,500
2021-12-08 13:44:00,7800,7800,7800,7800,800
2021-12-08 13:45:00,7800,7800,7800,7800,1000
2021-12-08 13:46:00,7800,7775,7800,7775,40900
2021-12-08 13:47:00,7775,7775,7775,7775,1100
2021-12-08 13:48:00,7775,7750,7775,7750,1200
2021-12-08 13:49:00,7775,7750,7775,7775,8500
2021-12-08 13:50:00,7775,7775,7775,7775,17800
2021-12-08 13:51:00,7775,7775,7775,7775,0
2021-12-08 13:52:00,7750,7750,7750,7750,12300
2021-12-08 13:53:00,7775,7750,7775,7750,15600
2021-12-08 13:54:00,7750,7750,7775,7775,10700
2021-12-08 13:55:00,7750,7750,7750,7750,58200
2021-12-08 13:56:00,7725,7725,7750,7750,8100
2021-12-08 13:57:00,7750,7750,7750,7750,4200
2021-12-08 13:58:00,7750,7750,7775,7750,9900
2021-12-08 13:59:00,7750,7750,7750,7750,5400
2021-12-08 14:00:00,7750,7750,7750,7750,1100
2021-12-08 14:01:00,7750,7725,7750,7725,25300
2021-12-08 14:02:00,7750,7725,7750,7750,2800
2021-12-08 14:03:00,7750,7725,7750,7725,3000
2021-12-08 14:04:00,7725,7725,7750,7725,13700
2021-12-08 14:05:00,7725,7725,7750,7725,9200
2021-12-08 14:06:00,7725,7725,7750,7725,31000
2021-12-08 14:07:00,7750,7725,7750,7750,14200
2021-12-08 14:08:00,7750,7750,7750,7750,5700
2021-12-08 14:09:00,7750,7725,7750,7725,1300
2021-12-08 14:10:00,7725,7725,7725,7725,3400
2021-12-08 14:11:00,7725,7725,7725,7725,200
2021-12-08 14:12:00,7725,7725,7725,7725,10000
2021-12-08 14:13:00,7750,7725,7750,7725,1900
2021-12-08 14:14:00,7750,7750,7750,7750,2600
2021-12-08 14:15:00,7750,7750,7750,7750,2500
2021-12-08 14:16:00,7750,7750,7750,7750,1700
2021-12-08 14:17:00,7750,7750,7750,7750,1700
2021-12-08 14:18:00,7750,7725,7750,7725,104400
2021-12-08 14:19:00,7725,7725,7725,7725,2000
2021-12-08 14:20:00,7725,7725,7725,7725,500
2021-12-08 14:21:00,7725,7725,7725,7725,1200
2021-12-08 14:22:00,7725,7700,7725,7725,1300
2021-12-08 14:23:00,7725,7725,7725,7725,11000
2021-12-08 14:24:00,7725,7725,7725,7725,2100
2021-12-08 14:25:00,7725,7725,7725,7725,300
2021-12-08 14:26:00,7700,7700,7725,7725,6500
2021-12-08 14:27:00,7725,7725,7725,7725,1400
2021-12-08 14:28:00,7700,7700,7725,7700,12100
2021-12-08 14:29:00,7700,7700,7725,7725,500
2021-12-08 14:30:00,7725,7700,7725,7700,24700
2021-12-08 14:31:00,7700,7700,7725,7700,12100
2021-12-08 14:32:00,7725,7700,7725,7700,1500
2021-12-08 14:33:00,7725,7700,7725,7700,6300
2021-12-08 14:34:00,7725,7700,7725,7700,13400
2021-12-08 14:35:00,7700,7700,7700,7700,6600
2021-12-08 14:36:00,7725,7700,7725,7700,14500
2021-12-08 14:37:00,7700,7700,7700,7700,2000
2021-12-08 14:38:00,7725,7700,7725,7725,3100
2021-12-08 14:39:00,7700,7700,7725,7700,2400
2021-12-08 14:40:00,7725,7725,7725,7725,1500
2021-12-08 14:41:00,7700,7700,7725,7725,14800
2021-12-08 14:42:00,7725,7700,7725,7700,5400
2021-12-08 14:43:00,7725,7700,7725,7725,46600
2021-12-08 14:44:00,7725,7700,7725,7725,16800
2021-12-08 14:45:00,7725,7725,7725,7725,39300
2021-12-08 14:46:00,7725,7725,7750,7750,9300
2021-12-08 14:47:00,7725,7725,7750,7725,79500
2021-12-08 14:48:00,7725,7725,7750,7725,0
2021-12-08 14:49:00,7750,7700,7750,7700,82300
2021-12-08 14:50:00,7750,7700,7750,7700,0
2021-12-08 14:51:00,7750,7700,7750,7700,0
2021-12-08 14:52:00,7750,7700,7750,7700,0
2021-12-08 14:53:00,7750,7700,7750,7700,0
2021-12-08 14:54:00,7750,7700,7750,7700,0
2021-12-08 14:55:00,7750,7700,7750,7700,0
2021-12-08 14:56:00,7750,7700,7750,7700,0
2021-12-08 14:57:00,7750,7700,7750,7700,0
2021-12-08 14:58:00,7750,7700,7750,7700,0
2021-12-08 14:59:00,7750,7700,7750,7700,0
2021-12-08 15:00:00,7750,7750,7750,7750,64300
2021-12-08 15:01:00,7750,7750,7750,7750,200
2021-12-08 15:02:00,7750,7750,7750,7750,25800
2021-12-08 15:03:00,7750,7750,7750,7750,5200
2021-12-08 15:04:00,7750,7750,7750,7750,1900
2021-12-08 15:05:00,7750,7750,7750,7750,1100
2021-12-08 15:06:00,7750,7750,7750,7750,1500
2021-12-08 15:07:00,7750,7750,7750,7750,1800
2021-12-08 15:08:00,7750,7750,7750,7750,200
2021-12-08 15:09:00,7750,7750,7750,7750,0
2021-12-08 15:10:00,7750,7750,7750,7750,0
2021-12-08 15:11:00,7750,7750,7750,7750,26300
2021-12-08 15:12:00,7750,7750,7750,7750,400
2021-12-08 15:13:00,7750,7750,7750,7750,10000
2021-12-08 15:14:00,7750,7750,7750,7750,0
2021-12-08 15:15:00,7750,7750,7750,7750,0
2021-12-08 15:16:00,7750,7750,7750,7750,0
2021-12-08 15:17:00,7750,7750,7750,7750,0
2021-12-08 15:18:00,7750,7750,7750,7750,0
2021-12-08 15:19:00,7750,7750,7750,7750,0
2021-12-08 15:20:00,7750,7750,7750,7750,0
2021-12-08 15:21:00,7750,7750,7750,7750,0
2021-12-08 15:22:00,7750,7750,7750,7750,0
2021-12-08 15:23:00,7750,7750,7750,7750,0
2021-12-08 15:24:00,7750,7750,7750,7750,0
2021-12-08 15:25:00,7750,7750,7750,7750,0
2021-12-08 15:26:00,7750,7750,7750,7750,0
2021-12-08 15:27:00,7750,7750,7750,7750,0
2021-12-08 15:28:00,7750,7750,7750,7750,0
2021-12-08 15:29:00,7750,7750,7750,7750,0
2021-12-08 15:30:00,7750,7750,7750,7750,0
2021-12-08 15:31:00,7750,7750,7750,7750,0
2021-12-08 15:32:00,7750,7750,7750,7750,0
2021-12-08 15:33:00,7750,7750,7750,7750,0
2021-12-08 15:34:00,7750,7750,7750,7750,0
2021-12-08 15:35:00,7750,7750,7750,7750,0
2021-12-08 15:36:00,7750,7750,7750,7750,0
2021-12-08 15:37:00,7750,7750,7750,7750,0
2021-12-08 15:38:00,7750,7750,7750,7750,0
2021-12-08 15:39:00,7750,7750,7750,7750,0
2021-12-08 15:40:00,7750,7750,7750,7750,0
2021-12-08 15:41:00,7750,7750,7750,7750,0
2021-12-08 15:42:00,7750,7750,7750,7750,0
2021-12-08 15:43:00,7750,7750,7750,7750,0
2021-12-08 15:44:00,7750,7750,7750,7750,0
2021-12-08 15:45:00,7750,7750,7750,7750,0
2021-12-08 15:46:00,7750,7750,7750,7750,0
2021-12-08 15:47:00,7750,7750,7750,7750,0
2021-12-08 15:48:00,7750,7750,7750,7750,0
2021-12-08 15:49:00,7750,7750,7750,7750,0
2021-12-08 15:50:00,7750,7750,7750,7750,0
2021-12-08 15:51:00,7750,7750,7750,7750,0
2021-12-08 15:52:00,7750,7750,7750,7750,0
2021-12-08 15:53:00,7750,7750,7750,7750,0
2021-12-08 15:54:00,7750,7750,7750,7750,0
2021-12-08 15:55:00,7750,7750,7750,7750,0
2021-12-08 15:56:00,7750,7750,7750,7750,0
2021-12-08 15:57:00,7750,7750,7750,7750,0
2021-12-08 15:58:00,7750,7750,7750,7750,0
2021-12-08 15:59:00,7750,7750,7750,7750,0
2021-12-09 09:00:00,7775,7775,7775,7775,2000
2021-12-09 09:01:00,7775,7750,7775,7750,3400
2021-12-09 09:02:00,7750,7750,7750,7750,1400
2021-12-09 09:03:00,7750,7750,7750,7750,1800
2021-12-09 09:04:00,7750,7750,7750,7750,11000
2021-12-09 09:05:00,7750,7750,7750,7750,0
2021-12-09 09:06:00,7725,7725,7750,7750,10600
2021-12-09 09:07:00,7750,7725,7750,7725,26500
2021-12-09 09:08:00,7725,7725,7725,7725,3000
2021-12-09 09:09:00,7725,7725,7725,7725,0
2021-12-09 09:10:00,7750,7725,7750,7725,300
2021-12-09 09:11:00,7725,7725,7725,7725,400
2021-12-09 09:12:00,7725,7725,7725,7725,100
2021-12-09 09:13:00,7725,7700,7750,7700,88000
2021-12-09 09:14:00,7700,7700,7725,7725,10000
2021-12-09 09:15:00,7725,7725,7725,7725,23300
2021-12-09 09:16:00,7725,7725,7725,7725,6800
2021-12-09 09:17:00,7725,7725,7725,7725,3200
2021-12-09 09:18:00,7725,7725,7750,7750,19300
2021-12-09 09:19:00,7750,7725,7750,7725,5300
2021-12-09 09:20:00,7750,7750,7750,7750,200
2021-12-09 09:21:00,7750,7750,7750,7750,28000
2021-12-09 09:22:00,7750,7750,7750,7750,10000
2021-12-09 09:23:00,7775,7750,7775,7775,28200
2021-12-09 09:24:00,7775,7775,7775,7775,16100
2021-12-09 09:25:00,7775,7775,7775,7775,11300
2021-12-09 09:26:00,7800,7800,7800,7800,2600
2021-12-09 09:27:00,7800,7800,7800,7800,3500
2021-12-09 09:28:00,7800,7800,7800,7800,10100
2021-12-09 09:29:00,7800,7800,7800,7800,3200
2021-12-09 09:30:00,7800,7800,7800,7800,100
2021-12-09 09:31:00,7775,7775,7775,7775,53700
2021-12-09 09:32:00,7775,7775,7775,7775,9700
2021-12-09 09:33:00,7775,7750,7775,7775,1600
2021-12-09 09:34:00,7775,7775,7775,7775,2400
2021-12-09 09:35:00,7775,7775,7775,7775,0
2021-12-09 09:36:00,7775,7750,7775,7750,1100
2021-12-09 09:37:00,7775,7775,7775,7775,100
2021-12-09 09:38:00,7775,7775,7775,7775,2500
2021-12-09 09:39:00,7800,7800,7800,7800,5600
2021-12-09 09:40:00,7800,7800,7800,7800,0
2021-12-09 09:41:00,7775,7775,7775,7775,9600
2021-12-09 09:42:00,7775,7750,7775,7750,1000
2021-12-09 09:43:00,7775,7775,7775,7775,5200
2021-12-09 09:44:00,7775,7775,7775,7775,200
2021-12-09 09:45:00,7775,7775,7775,7775,21100
2021-12-09 09:46:00,7775,7775,7775,7775,200
2021-12-09 09:47:00,7775,7775,7775,7775,20200
2021-12-09 09:48:00,7775,7750,7775,7750,500
2021-12-09 09:49:00,7750,7725,7750,7725,25400
2021-12-09 09:50:00,7750,7725,7750,7725,0
2021-12-09 09:51:00,7750,7725,7750,7725,0
2021-12-09 09:52:00,7750,7725,7750,7725,0
2021-12-09 09:53:00,7725,7725,7725,7725,4200
2021-12-09 09:54:00,7750,7750,7750,7750,1600
2021-12-09 09:55:00,7750,7750,7750,7750,0
2021-12-09 09:56:00,7750,7750,7750,7750,2100
2021-12-09 09:57:00,7750,7750,7750,7750,500
2021-12-09 09:58:00,7750,7750,7750,7750,1200
2021-12-09 09:59:00,7750,7750,7750,7750,100
2021-12-09 10:00:00,7750,7725,7750,7725,1600
2021-12-09 10:01:00,7725,7725,7725,7725,300
2021-12-09 10:02:00,7725,7725,7725,7725,0
2021-12-09 10:03:00,7750,7750,7750,7750,6400
2021-12-09 10:04:00,7750,7750,7750,7750,3000
2021-12-09 10:05:00,7750,7750,7750,7750,400
2021-12-09 10:06:00,7750,7750,7750,7750,200
2021-12-09 10:07:00,7750,7750,7750,7750,100
2021-12-09 10:08:00,7750,7750,7750,7750,500
2021-12-09 10:09:00,7750,7750,7750,7750,0
2021-12-09 10:10:00,7750,7750,7750,7750,0
2021-12-09 10:11:00,7750,7750,7750,7750,0
2021-12-09 10:12:00,7750,7750,7750,7750,1500
2021-12-09 10:13:00,7725,7725,7725,7725,30000
2021-12-09 10:14:00,7725,7725,7725,7725,100
2021-12-09 10:15:00,7725,7725,7725,7725,4100
2021-12-09 10:16:00,7700,7700,7725,7725,5800
2021-12-09 10:17:00,7725,7725,7725,7725,2400
2021-12-09 10:18:00,7725,7725,7725,7725,500
2021-12-09 10:19:00,7725,7725,7725,7725,500
2021-12-09 10:20:00,7725,7725,7725,7725,0
2021-12-09 10:21:00,7725,7725,7725,7725,600
2021-12-09 10:22:00,7725,7725,7725,7725,700
2021-12-09 10:23:00,7725,7700,7725,7700,1200
2021-12-09 10:24:00,7700,7700,7700,7700,400
2021-12-09 10:25:00,7725,7725,7725,7725,600
2021-12-09 10:26:00,7725,7725,7725,7725,1000
2021-12-09 10:27:00,7725,7700,7725,7725,1400
2021-12-09 10:28:00,7725,7725,7725,7725,1500
2021-12-09 10:29:00,7725,7725,7725,7725,500
2021-12-09 10:30:00,7725,7725,7725,7725,0
2021-12-09 10:31:00,7725,7725,7725,7725,2800
2021-12-09 10:32:00,7700,7700,7700,7700,1200
2021-12-09 10:33:00,7725,7725,7725,7725,1700
2021-12-09 10:34:00,7725,7725,7725,7725,1000
2021-12-09 10:35:00,7700,7700,7725,7725,2500
2021-12-09 10:36:00,7700,7700,7725,7725,0
2021-12-09 10:37:00,7725,7725,7725,7725,1200
2021-12-09 10:38:00,7725,7725,7725,7725,0
2021-12-09 10:39:00,7725,7725,7725,7725,0
2021-12-09 10:40:00,7725,7725,7725,7725,1000
2021-12-09 10:41:00,7725,7725,7725,7725,1000
2021-12-09 10:42:00,7725,7725,7725,7725,0
2021-12-09 10:43:00,7725,7725,7725,7725,100
2021-12-09 10:44:00,7725,7725,7725,7725,200
2021-12-09 10:45:00,7700,7700,7700,7700,2000
2021-12-09 10:46:00,7700,7700,7700,7700,600
2021-12-09 10:47:00,7700,7700,7700,7700,0
2021-12-09 10:48:00,7700,7700,7700,7700,0
2021-12-09 10:49:00,7700,7700,7700,7700,0
2021-12-09 10:50:00,7725,7725,7725,7725,1000
2021-12-09 10:51:00,7725,7700,7725,7700,2700
2021-12-09 10:52:00,7700,7700,7725,7725,600
2021-12-09 10:53:00,7700,7700,7725,7725,200
2021-12-09 10:54:00,7700,7700,7725,7700,12500
2021-12-09 10:55:00,7725,7700,7725,7700,400
2021-12-09 10:56:00,7725,7700,7725,7700,600
2021-12-09 10:57:00,7700,7700,7700,7700,5400
2021-12-09 10:58:00,7700,7700,7700,7700,0
2021-12-09 10:59:00,7700,7700,7700,7700,2100
2021-12-09 11:00:00,7700,7700,7700,7700,800
2021-12-09 11:01:00,7700,7700,7725,7700,10400
2021-12-09 11:02:00,7700,7700,7700,7700,1400
2021-12-09 11:03:00,7700,7700,7700,7700,92100
2021-12-09 11:04:00,7700,7700,7700,7700,2300
2021-12-09 11:05:00,7700,7700,7700,7700,0
2021-12-09 11:06:00,7700,7700,7700,7700,1500
2021-12-09 11:07:00,7700,7700,7700,7700,1000
2021-12-09 11:08:00,7700,7700,7700,7700,100
2021-12-09 11:09:00,7700,7700,7700,7700,3000
2021-12-09 11:10:00,7700,7700,7700,7700,400
2021-12-09 11:11:00,7700,7700,7700,7700,100
2021-12-09 11:12:00,7675,7675,7700,7700,8100
2021-12-09 11:13:00,7700,7700,7700,7700,21100
2021-12-09 11:14:00,7700,7700,7700,7700,2600
2021-12-09 11:15:00,7700,7700,7700,7700,0
2021-12-09 11:16:00,7700,7700,7700,7700,3400
2021-12-09 11:17:00,7700,7675,7700,7700,3100
2021-12-09 11:18:00,7700,7675,7700,7700,0
2021-12-09 11:19:00,7700,7675,7700,7700,0
2021-12-09 11:20:00,7700,7675,7700,7675,900
2021-12-09 11:21:00,7700,7675,7700,7700,12700
2021-12-09 11:22:00,7700,7675,7700,7700,36500
2021-12-09 11:23:00,7700,7700,7700,7700,1500
2021-12-09 11:24:00,7675,7675,7675,7675,1900
2021-12-09 11:25:00,7675,7675,7675,7675,0
2021-12-09 11:26:00,7700,7700,7700,7700,100
2021-12-09 11:27:00,7700,7700,7700,7700,300
2021-12-09 11:28:00,7700,7700,7700,7700,0
2021-12-09 11:29:00,7675,7675,7675,7675,1000
2021-12-09 11:30:00,7675,7675,7675,7675,0
2021-12-09 11:31:00,7675,7675,7675,7675,0
2021-12-09 11:32:00,7675,7675,7675,7675,0
2021-12-09 11:33:00,7675,7675,7675,7675,0
2021-12-09 11:34:00,7675,7675,7675,7675,0
2021-12-09 11:35:00,7675,7675,7675,7675,0
2021-12-09 11:36:00,7675,7675,7675,7675,0
2021-12-09 11:37:00,7675,7675,7675,7675,0
2021-12-09 11:38:00,7675,7675,7675,7675,0
2021-12-09 11:39:00,7675,7675,7675,7675,0
2021-12-09 11:40:00,7675,7675,7675,7675,0
2021-12-09 11:41:00,7675,7675,7675,7675,0
2021-12-09 11:42:00,7675,7675,7675,7675,0
2021-12-09 11:43:00,7675,7675,7675,7675,0
2021-12-09 11:44:00,7675,7675,7675,7675,0
2021-12-09 11:45:00,7675,7675,7675,7675,0
2021-12-09 11:46:00,7675,7675,7675,7675,0
2021-12-09 11:47:00,7675,7675,7675,7675,0
2021-12-09 11:48:00,7675,7675,7675,7675,0
2021-12-09 11:49:00,7675,7675,7675,7675,0
2021-12-09 11:50:00,7675,7675,7675,7675,0
2021-12-09 11:51:00,7675,7675,7675,7675,0
2021-12-09 11:52:00,7675,7675,7675,7675,0
2021-12-09 11:53:00,7675,7675,7675,7675,0
2021-12-09 11:54:00,7675,7675,7675,7675,0
2021-12-09 11:55:00,7675,7675,7675,7675,0
2021-12-09 11:56:00,7675,7675,7675,7675,0
2021-12-09 11:57:00,7675,7675,7675,7675,0
2021-12-09 11:58:00,7675,7675,7675,7675,0
2021-12-09 11:59:00,7675,7675,7675,7675,0
2021-12-09 12:00:00,7675,7675,7675,7675,0
2021-12-09 12:01:00,7675,7675,7675,7675,0
2021-12-09 12:02:00,7675,7675,7675,7675,0
2021-12-09 12:03:00,7675,7675,7675,7675,0
2021-12-09 12:04:00,7675,7675,7675,7675,0
2021-12-09 12:05:00,7675,7675,7675,7675,0
2021-12-09 12:06:00,7675,7675,7675,7675,0
2021-12-09 12:07:00,7675,7675,7675,7675,0
2021-12-09 12:08:00,7675,7675,7675,7675,0
2021-12-09 12:09:00,7675,7675,7675,7675,0
2021-12-09 12:10:00,7675,7675,7675,7675,0
2021-12-09 12:11:00,7675,7675,7675,7675,0
2021-12-09 12:12:00,7675,7675,7675,7675,0
2021-12-09 12:13:00,7675,7675,7675,7675,0
2021-12-09 12:14:00,7675,7675,7675,7675,0
2021-12-09 12:15:00,7675,7675,7675,7675,0
2021-12-09 12:16:00,7675,7675,7675,7675,0
2021-12-09 12:17:00,7675,7675,7675,7675,0
2021-12-09 12:18:00,7675,7675,7675,7675,0
2021-12-09 12:19:00,7675,7675,7675,7675,0
2021-12-09 12:20:00,7675,7675,7675,7675,0
2021-12-09 12:21:00,7675,7675,7675,7675,0
2021-12-09 12:22:00,7675,7675,7675,7675,0
2021-12-09 12:23:00,7675,7675,7675,7675,0
2021-12-09 12:24:00,7675,7675,7675,7675,0
2021-12-09 12:25:00,7675,7675,7675,7675,0
2021-12-09 12:26:00,7675,7675,7675,7675,0
2021-12-09 12:27:00,7675,7675,7675,7675,0
2021-12-09 12:28:00,7675,7675,7675,7675,0
2021-12-09 12:29:00,7675,7675,7675,7675,0
2021-12-09 12:30:00,7675,7675,7675,7675,0
2021-12-09 12:31:00,7675,7675,7675,7675,0
2021-12-09 12:32:00,7675,7675,7675,7675,0
2021-12-09 12:33:00,7675,7675,7675,7675,0
2021-12-09 12:34:00,7675,7675,7675,7675,0
2021-12-09 12:35:00,7675,7675,7675,7675,0
2021-12-09 12:36:00,7675,7675,7675,7675,0
2021-12-09 12:37:00,7675,7675,7675,7675,0
2021-12-09 12:38:00,7675,7675,7675,7675,0
2021-12-09 12:39:00,7675,7675,7675,7675,0
2021-12-09 12:40:00,7675,7675,7675,7675,0
2021-12-09 12:41:00,7675,7675,7675,7675,0
2021-12-09 12:42:00,7675,7675,7675,7675,0
2021-12-09 12:43:00,7675,7675,7675,7675,0
2021-12-09 12:44:00,7675,7675,7675,7675,0
2021-12-09 12:45:00,7675,7675,7675,7675,0
2021-12-09 12:46:00,7675,7675,7675,7675,0
2021-12-09 12:47:00,7675,7675,7675,7675,0
2021-12-09 12:48:00,7675,7675,7675,7675,0
2021-12-09 12:49:00,7675,7675,7675,7675,0
2021-12-09 12:50:00,7675,7675,7675,7675,0
2021-12-09 12:51:00,7675,7675,7675,7675,0
2021-12-09 12:52:00,7675,7675,7675,7675,0
2021-12-09 12:53:00,7675,7675,7675,7675,0
2021-12-09 12:54:00,7675,7675,7675,7675,0
2021-12-09 12:55:00,7675,7675,7675,7675,0
2021-12-09 12:56:00,7675,7675,7675,7675,0
2021-12-09 12:57:00,7675,7675,7675,7675,0
2021-12-09 12:58:00,7675,7675,7675,7675,0
2021-12-09 12:59:00,7675,7675,7675,7675,0
2021-12-09 13:00:00,7675,7675,7675,7675,0
2021-12-09 13:01:00,7675,7675,7675,7675,0
2021-12-09 13:02:00,7675,7675,7675,7675,0
2021-12-09 13:03:00,7675,7675,7675,7675,0
2021-12-09 13:04:00,7675,7675,7675,7675,0
2021-12-09 13:05:00,7675,7675,7675,7675,0
2021-12-09 13:06:00,7675,7675,7675,7675,0
2021-12-09 13:07:00,7675,7675,7675,7675,0
2021-12-09 13:08:00,7675,7675,7675,7675,0
2021-12-09 13:09:00,7675,7675,7675,7675,0
2021-12-09 13:10:00,7675,7675,7675,7675,0
2021-12-09 13:11:00,7675,7675,7675,7675,0
2021-12-09 13:12:00,7675,7675,7675,7675,0
2021-12-09 13:13:00,7675,7675,7675,7675,0
2021-12-09 13:14:00,7675,7675,7675,7675,0
2021-12-09 13:15:00,7675,7675,7675,7675,0
2021-12-09 13:16:00,7675,7675,7675,7675,0
2021-12-09 13:17:00,7675,7675,7675,7675,0
2021-12-09 13:18:00,7675,7675,7675,7675,0
2021-12-09 13:19:00,7675,7675,7675,7675,0
2021-12-09 13:20:00,7675,7675,7675,7675,0
2021-12-09 13:21:00,7675,7675,7675,7675,0
2021-12-09 13:22:00,7675,7675,7675,7675,0
2021-12-09 13:23:00,7675,7675,7675,7675,0
2021-12-09 13:24:00,7675,7675,7675,7675,0
2021-12-09 13:25:00,7675,7675,7675,7675,0
2021-12-09 13:26:00,7675,7675,7675,7675,0
2021-12-09 13:27:00,7675,7675,7675,7675,0
2021-12-09 13:28:00,7675,7675,7675,7675,0
2021-12-09 13:29:00,7675,7675,7675,7675,0
2021-12-09 13:30:00,7700,7675,7700,7675,8500
2021-12-09 13:31:00,7700,7675,7700,7700,4400
2021-12-09 13:32:00,7700,7700,7700,7700,100
2021-12-09 13:33:00,7700,7700,7700,7700,0
2021-12-09 13:34:00,7675,7675,7675,7675,100
2021-12-09 13:35:00,7675,7675,7675,7675,3300
2021-12-09 13:36:00,7675,7675,7675,7675,100
2021-12-09 13:37:00,7675,7675,7675,7675,500
2021-12-09 13:38:00,7675,7675,7675,7675,100
2021-12-09 13:39:00,7700,7700,7700,7700,2600
2021-12-09 13:40:00,7700,7700,7700,7700,3000
2021-12-09 13:41:00,7700,7700,7700,7700,1000
2021-12-09 13:42:00,7700,7700,7700,7700,5000
2021-12-09 13:43:00,7700,7700,7700,7700,27300
2021-12-09 13:44:00,7700,7700,7700,7700,500
2021-12-09 13:45:00,7700,7675,7700,7700,1700
2021-12-09 13:46:00,7675,7675,7675,7675,300
2021-12-09 13:47:00,7700,7700,7700,7700,700
2021-12-09 13:48:00,7700,7700,7700,7700,3200
2021-12-09 13:49:00,7700,7700,7700,7700,1000
2021-12-09 13:50:00,7700,7700,7700,7700,0
2021-12-09 13:51:00,7700,7700,7700,7700,7900
2021-12-09 13:52:00,7700,7700,7700,7700,1300
2021-12-09 13:53:00,7675,7675,7675,7675,50500
2021-12-09 13:54:00,7675,7675,7675,7675,1200
2021-12-09 13:55:00,7700,7700,7700,7700,5100
2021-12-09 13:56:00,7700,7700,7700,7700,21800
2021-12-09 13:57:00,7700,7675,7700,7700,2200
2021-12-09 13:58:00,7700,7675,7700,7675,23700
2021-12-09 13:59:00,7700,7675,7700,7675,0
2021-12-09 14:00:00,7700,7675,7700,7675,0
2021-12-09 14:01:00,7675,7675,7675,7675,900
2021-12-09 14:02:00,7675,7675,7675,7675,0
2021-12-09 14:03:00,7700,7675,7700,7700,300
2021-12-09 14:04:00,7700,7675,7700,7700,0
2021-12-09 14:05:00,7700,7675,7700,7700,2800
2021-12-09 14:06:00,7700,7675,7700,7675,1800
2021-12-09 14:07:00,7700,7700,7700,7700,600
2021-12-09 14:08:00,7700,7700,7700,7700,0
2021-12-09 14:09:00,7700,7700,7700,7700,1500
2021-12-09 14:10:00,7700,7700,7700,7700,3800
2021-12-09 14:11:00,7675,7675,7675,7675,400
2021-12-09 14:12:00,7700,7700,7700,7700,900
2021-12-09 14:13:00,7700,7700,7700,7700,100
2021-12-09 14:14:00,7675,7650,7675,7650,160400
2021-12-09 14:15:00,7650,7650,7675,7675,10500
2021-12-09 14:16:00,7675,7650,7675,7675,23700
2021-12-09 14:17:00,7675,7675,7675,7675,12000
2021-12-09 14:18:00,7675,7675,7675,7675,2100
2021-12-09 14:19:00,7675,7650,7675,7650,208000
2021-12-09 14:20:00,7650,7600,7650,7625,224700
2021-12-09 14:21:00,7625,7550,7625,7575,396100
2021-12-09 14:22:00,7575,7550,7575,7550,18400
2021-12-09 14:23:00,7550,7550,7575,7575,83500
2021-12-09 14:24:00,7550,7550,7600,7575,45100
2021-12-09 14:25:00,7600,7575,7600,7575,11900
2021-12-09 14:26:00,7575,7550,7600,7575,107200
2021-12-09 14:27:00,7600,7575,7600,7600,8200
2021-12-09 14:28:00,7600,7575,7600,7575,44900
2021-12-09 14:29:00,7600,7575,7600,7600,36800
2021-12-09 14:30:00,7600,7600,7600,7600,8600
2021-12-09 14:31:00,7600,7575,7600,7600,5600
2021-12-09 14:32:00,7600,7575,7600,7600,10000
2021-12-09 14:33:00,7600,7575,7600,7600,3300
2021-12-09 14:34:00,7600,7600,7600,7600,34400
2021-12-09 14:35:00,7600,7575,7600,7575,3700
2021-12-09 14:36:00,7575,7575,7600,7575,18800
2021-12-09 14:37:00,7575,7575,7600,7575,1400
2021-12-09 14:38:00,7600,7575,7600,7600,31700
2021-12-09 14:39:00,7575,7575,7600,7575,75100
2021-12-09 14:40:00,7575,7575,7600,7600,13100
2021-12-09 14:41:00,7575,7575,7600,7600,8400
2021-12-09 14:42:00,7600,7575,7600,7600,6100
2021-12-09 14:43:00,7600,7600,7600,7600,75300
2021-12-09 14:44:00,7600,7600,7600,7600,15500
2021-12-09 14:45:00,7600,7575,7600,7600,4500
2021-12-09 14:46:00,7600,7575,7600,7600,13600
2021-12-09 14:47:00,7600,7600,7625,7625,4400
2021-12-09 14:48:00,7625,7600,7625,7600,1500
2021-12-09 14:49:00,7600,7600,7625,7625,2800
2021-12-09 14:50:00,7600,7600,7625,7625,0
2021-12-09 14:51:00,7600,7600,7625,7625,0
2021-12-09 14:52:00,7600,7600,7625,7625,0
2021-12-09 14:53:00,7600,7600,7625,7625,0
2021-12-09 14:54:00,7600,7600,7625,7625,0
2021-12-09 14:55:00,7600,7600,7625,7625,0
2021-12-09 14:56:00,7600,7600,7625,7625,0
2021-12-09 14:57:00,7600,7600,7625,7625,0
2021-12-09 14:58:00,7600,7600,7625,7625,0
2021-12-09 14:59:00,7600,7600,7625,7625,0
2021-12-09 15:00:00,7625,7625,7625,7625,111200
2021-12-09 15:01:00,7625,7625,7625,7625,19900
2021-12-09 15:02:00,7625,7625,7625,7625,42600
2021-12-09 15:03:00,7625,7625,7625,7625,6700
2021-12-09 15:04:00,7625,7625,7625,7625,3600
2021-12-09 15:05:00,7625,7625,7625,7625,0
2021-12-09 15:06:00,7625,7625,7625,7625,5200
2021-12-09 15:07:00,7625,7625,7625,7625,1500
2021-12-09 15:08:00,7625,7625,7625,7625,40000
2021-12-09 15:09:00,7625,7625,7625,7625,10200
2021-12-09 15:10:00,7625,7625,7625,7625,1000
2021-12-09 15:11:00,7625,7625,7625,7625,100
2021-12-09 15:12:00,7625,7625,7625,7625,3000
2021-12-09 15:13:00,7625,7625,7625,7625,300
2021-12-09 15:14:00,7625,7625,7625,7625,2300
2021-12-09 15:15:00,7625,7625,7625,7625,0
2021-12-09 15:16:00,7625,7625,7625,7625,0
2021-12-09 15:17:00,7625,7625,7625,7625,0
2021-12-09 15:18:00,7625,7625,7625,7625,0
2021-12-09 15:19:00,7625,7625,7625,7625,0
2021-12-09 15:20:00,7625,7625,7625,7625,0
2021-12-09 15:21:00,7625,7625,7625,7625,0
2021-12-09 15:22:00,7625,7625,7625,7625,0
2021-12-09 15:23:00,7625,7625,7625,7625,0
2021-12-09 15:24:00,7625,7625,7625,7625,0
2021-12-09 15:25:00,7625,7625,7625,7625,0
2021-12-09 15:26:00,7625,7625,7625,7625,0
2021-12-09 15:27:00,7625,7625,7625,7625,0
2021-12-09 15:28:00,7625,7625,7625,7625,0
2021-12-09 15:29:00,7625,7625,7625,7625,0
2021-12-09 15:30:00,7625,7625,7625,7625,0
2021-12-09 15:31:00,7625,7625,7625,7625,0
2021-12-09 15:32:00,7625,7625,7625,7625,0
2021-12-09 15:33:00,7625,7625,7625,7625,0
2021-12-09 15:34:00,7625,7625,7625,7625,0
2021-12-09 15:35:00,7625,7625,7625,7625,0
2021-12-09 15:36:00,7625,7625,7625,7625,0
2021-12-09 15:37:00,7625,7625,7625,7625,0
2021-12-09 15:38:00,7625,7625,7625,7625,0
2021-12-09 15:39:00,7625,7625,7625,7625,0
2021-12-09 15:40:00,7625,7625,7625,7625,0
2021-12-09 15:41:00,7625,7625,7625,7625,0
2021-12-09 15:42:00,7625,7625,7625,7625,0
2021-12-09 15:43:00,7625,7625,7625,7625,0
2021-12-09 15:44:00,7625,7625,7625,7625,0
2021-12-09 15:45:00,7625,7625,7625,7625,0
2021-12-09 15:46:00,7625,7625,7625,7625,0
2021-12-09 15:47:00,7625,7625,7625,7625,0
2021-12-09 15:48:00,7625,7625,7625,7625,0
2021-12-09 15:49:00,7625,7625,7625,7625,0
2021-12-09 15:50:00,7625,7625,7625,7625,0
2021-12-09 15:51:00,7625,7625,7625,7625,0
2021-12-09 15:52:00,7625,7625,7625,7625,0
2021-12-09 15:53:00,7625,7625,7625,7625,0
2021-12-09 15:54:00,7625,7625,7625,7625,0
2021-12-09 15:55:00,7625,7625,7625,7625,0
2021-12-09 15:56:00,7625,7625,7625,7625,0
2021-12-09 15:57:00,7625,7625,7625,7625,0
2021-12-09 15:58:00,7625,7625,7625,7625,0
2021-12-09 15:59:00,7625,7625,7625,7625,0
2021-12-10 09:00:00,7625,7625,7625,7625,1900
2021-12-10 09:01:00,7625,7600,7625,7625,33100
2021-12-10 09:02:00,7625,7625,7625,7625,9600
2021-12-10 09:03:00,7625,7625,7625,7625,3700
2021-12-10 09:04:00,7625,7625,7625,7625,500
2021-12-10 09:05:00,7625,7600,7625,7625,7500
2021-12-10 09:06:00,7625,7625,7625,7625,4300
2021-12-10 09:07:00,7625,7625,7625,7625,1400
2021-12-10 09:08:00,7625,7600,7625,7625,34700
2021-12-10 09:09:00,7625,7625,7625,7625,50600
2021-12-10 09:10:00,7625,7625,7625,7625,5000
2021-12-10 09:11:00,7625,7625,7625,7625,2000
2021-12-10 09:12:00,7600,7600,7625,7600,600
2021-12-10 09:13:00,7600,7600,7600,7600,500
2021-12-10 09:14:00,7600,7600,7625,7600,12000
2021-12-10 09:15:00,7625,7600,7625,7625,22500
2021-12-10 09:16:00,7625,7600,7625,7625,0
2021-12-10 09:17:00,7625,7625,7650,7650,2900
2021-12-10 09:18:00,7650,7625,7650,7625,33200
2021-12-10 09:19:00,7625,7600,7625,7625,10900
2021-12-10 09:20:00,7600,7600,7600,7600,300
2021-12-10 09:21:00,7625,7625,7625,7625,6300
2021-12-10 09:22:00,7625,7625,7625,7625,0
2021-12-10 09:23:00,7625,7600,7625,7625,8500
2021-12-10 09:24:00,7600,7600,7625,7625,600
2021-12-10 09:25:00,7625,7625,7625,7625,38700
2021-12-10 09:26:00,7625,7625,7625,7625,8100
2021-12-10 09:27:00,7625,7600,7625,7600,35100
2021-12-10 09:28:00,7625,7625,7625,7625,400
2021-12-10 09:29:00,7625,7625,7625,7625,22400
2021-12-10 09:30:00,7625,7600,7625,7600,16100
2021-12-10 09:31:00,7600,7600,7625,7625,2100
2021-12-10 09:32:00,7625,7625,7625,7625,2500
2021-12-10 09:33:00,7625,7625,7625,7625,900
2021-12-10 09:34:00,7625,7625,7625,7625,7500
2021-12-10 09:35:00,7625,7625,7625,7625,0
2021-12-10 09:36:00,7625,7625,7650,7650,6500
2021-12-10 09:37:00,7650,7650,7650,7650,400
2021-12-10 09:38:00,7625,7625,7625,7625,500
2021-12-10 09:39:00,7625,7625,7625,7625,100
2021-12-10 09:40:00,7650,7650,7650,7650,2000
2021-12-10 09:41:00,7625,7625,7650,7650,100
2021-12-10 09:42:00,7650,7650,7650,7650,1800
2021-12-10 09:43:00,7650,7650,7650,7650,50700
2021-12-10 09:44:00,7675,7675,7675,7675,200
2021-12-10 09:45:00,7650,7650,7675,7650,7100
2021-12-10 09:46:00,7650,7650,7650,7650,20500
2021-12-10 09:47:00,7650,7650,7650,7650,800
2021-12-10 09:48:00,7625,7625,7650,7650,200
2021-12-10 09:49:00,7650,7650,7650,7650,500
2021-12-10 09:50:00,7625,7625,7625,7625,800
2021-12-10 09:51:00,7625,7625,7625,7625,0
2021-12-10 09:52:00,7625,7625,7625,7625,1200
2021-12-10 09:53:00,7625,7625,7650,7650,500
2021-12-10 09:54:00,7625,7625,7650,7650,0
2021-12-10 09:55:00,7625,7625,7625,7625,200
2021-12-10 09:56:00,7625,7625,7625,7625,300
2021-12-10 09:57:00,7650,7625,7650,7650,2800
2021-12-10 09:58:00,7650,7650,7650,7650,23900
2021-12-10 09:59:00,7650,7650,7650,7650,5400
2021-12-10 10:00:00,7650,7650,7650,7650,0
2021-12-10 10:01:00,7650,7650,7650,7650,0
2021-12-10 10:02:00,7625,7625,7625,7625,5000
2021-12-10 10:03:00,7650,7650,7650,7650,600
2021-12-10 10:04:00,7625,7625,7625,7625,100
2021-12-10 10:05:00,7625,7625,7625,7625,500
2021-12-10 10:06:00,7650,7650,7650,7650,100
2021-12-10 10:07:00,7650,7650,7650,7650,6500
2021-12-10 10:08:00,7650,7625,7650,7625,52700
2021-12-10 10:09:00,7625,7625,7625,7625,400
2021-12-10 10:10:00,7625,7625,7650,7650,3200
2021-12-10 10:11:00,7650,7650,7650,7650,16500
2021-12-10 10:12:00,7625,7625,7650,7625,3000
2021-12-10 10:13:00,7625,7625,7650,7650,1700
2021-12-10 10:14:00,7625,7625,7650,7625,900
2021-12-10 10:15:00,7625,7625,7650,7650,100
2021-12-10 10:16:00,7625,7625,7625,7625,800
2021-12-10 10:17:00,7650,7650,7650,7650,1600
2021-12-10 10:18:00,7650,7650,7650,7650,0
2021-12-10 10:19:00,7625,7625,7625,7625,7600
2021-12-10 10:20:00,7625,7625,7625,7625,0
2021-12-10 10:21:00,7625,7625,7625,7625,100
2021-12-10 10:22:00,7625,7625,7650,7650,2100
2021-12-10 10:23:00,7650,7625,7650,7625,300
2021-12-10 10:24:00,7650,7625,7650,7625,0
2021-12-10 10:25:00,7625,7625,7625,7625,200
2021-12-10 10:26:00,7625,7625,7625,7625,1900
2021-12-10 10:27:00,7625,7625,7625,7625,500
2021-12-10 10:28:00,7625,7625,7625,7625,200
2021-12-10 10:29:00,7625,7625,7625,7625,600
2021-12-10 10:30:00,7625,7625,7625,7625,3000
2021-12-10 10:31:00,7625,7625,7625,7625,300
2021-12-10 10:32:00,7625,7625,7625,7625,600
2021-12-10 10:33:00,7625,7625,7625,7625,4500
2021-12-10 10:34:00,7625,7625,7625,7625,0
2021-12-10 10:35:00,7625,7625,7625,7625,0
2021-12-10 10:36:00,7625,7625,7650,7650,2100
2021-12-10 10:37:00,7625,7625,7625,7625,100
2021-12-10 10:38:00,7625,7625,7625,7625,300
2021-12-10 10:39:00,7625,7625,7625,7625,0
2021-12-10 10:40:00,7625,7625,7625,7625,1400
2021-12-10 10:41:00,7625,7625,7625,7625,0
2021-12-10 10:42:00,7625,7625,7625,7625,0
2021-12-10 10:43:00,7625,7625,7625,7625,0
2021-12-10 10:44:00,7650,7650,7650,7650,200
2021-12-10 10:45:00,7650,7650,7650,7650,0
2021-12-10 10:46:00,7650,7650,7650,7650,0
2021-12-10 10:47:00,7650,7650,7650,7650,200
2021-12-10 10:48:00,7650,7625,7650,7650,200
2021-12-10 10:49:00,7650,7625,7650,7650,0
2021-12-10 10:50:00,7650,7625,7650,7650,0
2021-12-10 10:51:00,7650,7625,7650,7650,0
2021-12-10 10:52:00,7625,7625,7625,7625,3600
2021-12-10 10:53:00,7625,7625,7625,7625,1300
2021-12-10 10:54:00,7625,7625,7625,7625,1100
2021-12-10 10:55:00,7625,7625,7625,7625,0
2021-12-10 10:56:00,7625,7625,7625,7625,300
2021-12-10 10:57:00,7625,7625,7625,7625,0
2021-12-10 10:58:00,7625,7625,7625,7625,0
2021-12-10 10:59:00,7625,7625,7625,7625,0
2021-12-10 11:00:00,7625,7625,7625,7625,1000
2021-12-10 11:01:00,7625,7625,7625,7625,500
2021-12-10 11:02:00,7625,7625,7625,7625,0
2021-12-10 11:03:00,7625,7625,7625,7625,100
2021-12-10 11:04:00,7625,7625,7625,7625,200
2021-12-10 11:05:00,7625,7625,7625,7625,8000
2021-12-10 11:06:00,7625,7625,7625,7625,0
2021-12-10 11:07:00,7625,7625,7625,7625,0
2021-12-10 11:08:00,7650,7625,7650,7625,200
2021-12-10 11:09:00,7650,7625,7650,7625,0
2021-12-10 11:10:00,7650,7625,7650,7625,0
2021-12-10 11:11:00,7625,7625,7625,7625,300
2021-12-10 11:12:00,7625,7625,7625,7625,100
2021-12-10 11:13:00,7625,7625,7625,7625,100
2021-12-10 11:14:00,7650,7625,7650,7625,400
2021-12-10 11:15:00,7650,7625,7650,7625,0
2021-12-10 11:16:00,7625,7625,7650,7625,1900
2021-12-10 11:17:00,7625,7625,7625,7625,400
2021-12-10 11:18:00,7625,7625,7625,7625,220000
2021-12-10 11:19:00,7625,7625,7625,7625,300
2021-12-10 11:20:00,7650,7650,7650,7650,14400
2021-12-10 11:21:00,7625,7625,7625,7625,200
2021-12-10 11:22:00,7650,7625,7650,7625,4800
2021-12-10 11:23:00,7625,7625,7625,7625,14500
2021-12-10 11:24:00,7625,7625,7625,7625,2800
2021-12-10 11:25:00,7625,7625,7625,7625,2400
2021-12-10 11:26:00,7625,7625,7625,7625,0
2021-12-10 11:27:00,7625,7625,7625,7625,28900
2021-12-10 11:28:00,7600,7600,7600,7600,900
2021-12-10 11:29:00,7600,7600,7625,7625,2500
2021-12-10 11:30:00,7600,7600,7625,7625,0
2021-12-10 11:31:00,7600,7600,7625,7625,0
2021-12-10 11:32:00,7600,7600,7625,7625,0
2021-12-10 11:33:00,7600,7600,7625,7625,0
2021-12-10 11:34:00,7600,7600,7625,7625,0
2021-12-10 11:35:00,7600,7600,7625,7625,0
2021-12-10 11:36:00,7600,7600,7625,7625,0
2021-12-10 11:37:00,7600,7600,7625,7625,0
2021-12-10 11:38:00,7600,7600,7625,7625,0
2021-12-10 11:39:00,7600,7600,7625,7625,0
2021-12-10 11:40:00,7600,7600,7625,7625,0
2021-12-10 11:41:00,7600,7600,7625,7625,0
2021-12-10 11:42:00,7600,7600,7625,7625,0
2021-12-10 11:43:00,7600,7600,7625,7625,0
2021-12-10 11:44:00,7600,7600,7625,7625,0
2021-12-10 11:45:00,7600,7600,7625,7625,0
2021-12-10 11:46:00,7600,7600,7625,7625,0
2021-12-10 11:47:00,7600,7600,7625,7625,0
2021-12-10 11:48:00,7600,7600,7625,7625,0
2021-12-10 11:49:00,7600,7600,7625,7625,0
2021-12-10 11:50:00,7600,7600,7625,7625,0
2021-12-10 11:51:00,7600,7600,7625,7625,0
2021-12-10 11:52:00,7600,7600,7625,7625,0
2021-12-10 11:53:00,7600,7600,7625,7625,0
2021-12-10 11:54:00,7600,7600,7625,7625,0
2021-12-10 11:55:00,7600,7600,7625,7625,0
2021-12-10 11:56:00,7600,7600,7625,7625,0
2021-12-10 11:57:00,7600,7600,7625,7625,0
2021-12-10 11:58:00,7600,7600,7625,7625,0
2021-12-10 11:59:00,7600,7600,7625,7625,0
2021-12-10 12:00:00,7600,7600,7625,7625,0
2021-12-10 12:01:00,7600,7600,7625,7625,0
2021-12-10 12:02:00,7600,7600,7625,7625,0
2021-12-10 12:03:00,7600,7600,7625,7625,0
2021-12-10 12:04:00,7600,7600,7625,7625,0
2021-12-10 12:05:00,7600,7600,7625,7625,0
2021-12-10 12:06:00,7600,7600,7625,7625,0
2021-12-10 12:07:00,7600,7600,7625,7625,0
2021-12-10 12:08:00,7600,7600,7625,7625,0
2021-12-10 12:09:00,7600,7600,7625,7625,0
2021-12-10 12:10:00,7600,7600,7625,7625,0
2021-12-10 12:11:00,7600,7600,7625,7625,0
2021-12-10 12:12:00,7600,7600,7625,7625,0
2021-12-10 12:13:00,7600,7600,7625,7625,0
2021-12-10 12:14:00,7600,7600,7625,7625,0
2021-12-10 12:15:00,7600,7600,7625,7625,0
2021-12-10 12:16:00,7600,7600,7625,7625,0
2021-12-10 12:17:00,7600,7600,7625,7625,0
2021-12-10 12:18:00,7600,7600,7625,7625,0
2021-12-10 12:19:00,7600,7600,7625,7625,0
2021-12-10 12:20:00,7600,7600,7625,7625,0
2021-12-10 12:21:00,7600,7600,7625,7625,0
2021-12-10 12:22:00,7600,7600,7625,7625,0
2021-12-10 12:23:00,7600,7600,7625,7625,0
2021-12-10 12:24:00,7600,7600,7625,7625,0
2021-12-10 12:25:00,7600,7600,7625,7625,0
2021-12-10 12:26:00,7600,7600,7625,7625,0
2021-12-10 12:27:00,7600,7600,7625,7625,0
2021-12-10 12:28:00,7600,7600,7625,7625,0
2021-12-10 12:29:00,7600,7600,7625,7625,0
2021-12-10 12:30:00,7600,7600,7625,7625,0
2021-12-10 12:31:00,7600,7600,7625,7625,0
2021-12-10 12:32:00,7600,7600,7625,7625,0
2021-12-10 12:33:00,7600,7600,7625,7625,0
2021-12-10 12:34:00,7600,7600,7625,7625,0
2021-12-10 12:35:00,7600,7600,7625,7625,0
2021-12-10 12:36:00,7600,7600,7625,7625,0
2021-12-10 12:37:00,7600,7600,7625,7625,0
2021-12-10 12:38:00,7600,7600,7625,7625,0
2021-12-10 12:39:00,7600,7600,7625,7625,0
2021-12-10 12:40:00,7600,7600,7625,7625,0
2021-12-10 12:41:00,7600,7600,7625,7625,0
2021-12-10 12:42:00,7600,7600,7625,7625,0
2021-12-10 12:43:00,7600,7600,7625,7625,0
2021-12-10 12:44:00,7600,7600,7625,7625,0
2021-12-10 12:45:00,7600,7600,7625,7625,0
2021-12-10 12:46:00,7600,7600,7625,7625,0
2021-12-10 12:47:00,7600,7600,7625,7625,0
2021-12-10 12:48:00,7600,7600,7625,7625,0
2021-12-10 12:49:00,7600,7600,7625,7625,0
2021-12-10 12:50:00,7600,7600,7625,7625,0
2021-12-10 12:51:00,7600,7600,7625,7625,0
2021-12-10 12:52:00,7600,7600,7625,7625,0
2021-12-10 12:53:00,7600,7600,7625,7625,0
2021-12-10 12:54:00,7600,7600,7625,7625,0
2021-12-10 12:55:00,7600,7600,7625,7625,0
2021-12-10 12:56:00,7600,7600,7625,7625,0
2021-12-10 12:57:00,7600,7600,7625,7625,0
2021-12-10 12:58:00,7600,7600,7625,7625,0
2021-12-10 12:59:00,7600,7600,7625,7625,0
2021-12-10 13:00:00,7600,7600,7625,7625,0
2021-12-10 13:01:00,7600,7600,7625,7625,0
2021-12-10 13:02:00,7600,7600,7625,7625,0
2021-12-10 13:03:00,7600,7600,7625,7625,0
2021-12-10 13:04:00,7600,7600,7625,7625,0
2021-12-10 13:05:00,7600,7600,7625,7625,0
2021-12-10 13:06:00,7600,7600,7625,7625,0
2021-12-10 13:07:00,7600,7600,7625,7625,0
2021-12-10 13:08:00,7600,7600,7625,7625,0
2021-12-10 13:09:00,7600,7600,7625,7625,0
2021-12-10 13:10:00,7600,7600,7625,7625,0
2021-12-10 13:11:00,7600,7600,7625,7625,0
2021-12-10 13:12:00,7600,7600,7625,7625,0
2021-12-10 13:13:00,7600,7600,7625,7625,0
2021-12-10 13:14:00,7600,7600,7625,7625,0
2021-12-10 13:15:00,7600,7600,7625,7625,0
2021-12-10 13:16:00,7600,7600,7625,7625,0
2021-12-10 13:17:00,7600,7600,7625,7625,0
2021-12-10 13:18:00,7600,7600,7625,7625,0
2021-12-10 13:19:00,7600,7600,7625,7625,0
2021-12-10 13:20:00,7600,7600,7625,7625,0
2021-12-10 13:21:00,7600,7600,7625,7625,0
2021-12-10 13:22:00,7600,7600,7625,7625,0
2021-12-10 13:23:00,7600,7600,7625,7625,0
2021-12-10 13:24:00,7600,7600,7625,7625,0
2021-12-10 13:25:00,7600,7600,7625,7625,0
2021-12-10 13:26:00,7600,7600,7625,7625,0
2021-12-10 13:27:00,7600,7600,7625,7625,0
2021-12-10 13:28:00,7600,7600,7625,7625,0
2021-12-10 13:29:00,7600,7600,7625,7625,0
2021-12-10 13:30:00,7625,7625,7625,7625,30700
2021-12-10 13:31:00,7625,7625,7625,7625,400
2021-12-10 13:32:00,7625,7625,7625,7625,2600
2021-12-10 13:33:00,7625,7625,7625,7625,1200
2021-12-10 13:34:00,7625,7625,7625,7625,0
2021-12-10 13:35:00,7625,7625,7625,7625,1000
2021-12-10 13:36:00,7625,7625,7625,7625,0
2021-12-10 13:37:00,7625,7625,7625,7625,15000
2021-12-10 13:38:00,7625,7625,7625,7625,1600
2021-12-10 13:39:00,7625,7625,7625,7625,1400
2021-12-10 13:40:00,7625,7625,7625,7625,3000
2021-12-10 13:41:00,7625,7625,7625,7625,0
2021-12-10 13:42:00,7625,7625,7625,7625,300
2021-12-10 13:43:00,7625,7625,7625,7625,0
2021-12-10 13:44:00,7625,7625,7625,7625,0
2021-12-10 13:45:00,7625,7625,7625,7625,0
2021-12-10 13:46:00,7650,7650,7650,7650,600
2021-12-10 13:47:00,7650,7650,7650,7650,1000
2021-12-10 13:48:00,7650,7650,7650,7650,400
2021-12-10 13:49:00,7650,7625,7650,7625,100
2021-12-10 13:50:00,7650,7625,7650,7625,0
2021-12-10 13:51:00,7625,7625,7650,7650,7000
2021-12-10 13:52:00,7625,7625,7625,7625,18500
2021-12-10 13:53:00,7650,7625,7650,7625,21500
2021-12-10 13:54:00,7650,7650,7650,7650,100
2021-12-10 13:55:00,7625,7625,7625,7625,1800
2021-12-10 13:56:00,7625,7625,7625,7625,200
2021-12-10 13:57:00,7625,7625,7625,7625,600
2021-12-10 13:58:00,7625,7625,7625,7625,0
2021-12-10 13:59:00,7625,7625,7625,7625,300
2021-12-10 14:00:00,7625,7625,7625,7625,2500
2021-12-10 14:01:00,7625,7625,7625,7625,2000
2021-12-10 14:02:00,7625,7625,7650,7650,1800
2021-12-10 14:03:00,7625,7625,7650,7650,0
2021-12-10 14:04:00,7650,7650,7650,7650,1100
2021-12-10 14:05:00,7650,7650,7650,7650,0
2021-12-10 14:06:00,7625,7625,7625,7625,15500
2021-12-10 14:07:00,7625,7625,7625,7625,400
2021-12-10 14:08:00,7625,7625,7625,7625,5000
2021-12-10 14:09:00,7625,7625,7625,7625,100
2021-12-10 14:10:00,7625,7625,7650,7650,1600
2021-12-10 14:11:00,7625,7625,7650,7650,0
2021-12-10 14:12:00,7650,7650,7650,7650,100
2021-12-10 14:13:00,7650,7650,7650,7650,100
2021-12-10 14:14:00,7625,7625,7650,7650,7600
2021-12-10 14:15:00,7625,7625,7625,7625,400
2021-12-10 14:16:00,7625,7625,7625,7625,1600
2021-12-10 14:17:00,7625,7625,7625,7625,0
2021-12-10 14:18:00,7625,7625,7650,7650,1600
2021-12-10 14:19:00,7650,7650,7650,7650,100
2021-12-10 14:20:00,7650,7650,7650,7650,3100
2021-12-10 14:21:00,7650,7625,7650,7625,26200
2021-12-10 14:22:00,7625,7625,7625,7625,100
2021-12-10 14:23:00,7625,7600,7625,7625,2400
2021-12-10 14:24:00,7625,7625,7625,7625,2000
2021-12-10 14:25:00,7625,7625,7625,7625,9000
2021-12-10 14:26:00,7625,7625,7625,7625,5500
2021-12-10 14:27:00,7625,7625,7625,7625,0
2021-12-10 14:28:00,7625,7625,7625,7625,300
2021-12-10 14:29:00,7625,7625,7625,7625,1400
2021-12-10 14:30:00,7650,7625,7650,7625,1300
2021-12-10 14:31:00,7625,7625,7650,7650,1300
2021-12-10 14:32:00,7625,7625,7625,7625,31000
2021-12-10 14:33:00,7650,7625,7650,7625,15400
2021-12-10 14:34:00,7625,7625,7625,7625,10000
2021-12-10 14:35:00,7625,7625,7625,7625,600
2021-12-10 14:36:00,7625,7625,7625,7625,800
2021-12-10 14:37:00,7625,7625,7625,7625,900
2021-12-10 14:38:00,7600,7600,7625,7625,1300
2021-12-10 14:39:00,7600,7600,7625,7625,1300
2021-12-10 14:40:00,7625,7600,7625,7600,13200
2021-12-10 14:41:00,7600,7600,7625,7625,5100
2021-12-10 14:42:00,7600,7600,7625,7625,0
2021-12-10 14:43:00,7625,7600,7625,7625,90400
2021-12-10 14:44:00,7625,7600,7625,7625,37200
2021-12-10 14:45:00,7625,7625,7625,7625,1100
2021-12-10 14:46:00,7625,7625,7625,7625,3900
2021-12-10 14:47:00,7625,7625,7625,7625,900
2021-12-10 14:48:00,7625,7625,7625,7625,16500
2021-12-10 14:49:00,7650,7625,7650,7650,20200
2021-12-10 14:50:00,7650,7625,7650,7650,0
2021-12-10 14:51:00,7650,7625,7650,7650,0
2021-12-10 14:52:00,7650,7625,7650,7650,0
2021-12-10 14:53:00,7650,7625,7650,7650,0
2021-12-10 14:54:00,7650,7625,7650,7650,0
2021-12-10 14:55:00,7650,7625,7650,7650,0
2021-12-10 14:56:00,7650,7625,7650,7650,0
2021-12-10 14:57:00,7650,7625,7650,7650,0
2021-12-10 14:58:00,7650,7625,7650,7650,0
2021-12-10 14:59:00,7650,7625,7650,7650,0
2021-12-10 15:00:00,7625,7625,7625,7625,105400
2021-12-10 15:01:00,7625,7625,7625,7625,0
2021-12-10 15:02:00,7625,7625,7625,7625,5900
2021-12-10 15:03:00,7625,7625,7625,7625,600
2021-12-10 15:04:00,7625,7625,7625,7625,2200
2021-12-10 15:05:00,7625,7625,7625,7625,1700
2021-12-10 15:06:00,7625,7625,7625,7625,0
2021-12-10 15:07:00,7625,7625,7625,7625,400
2021-12-10 15:08:00,7625,7625,7625,7625,0
2021-12-10 15:09:00,7625,7625,7625,7625,0
2021-12-10 15:10:00,7625,7625,7625,7625,0
2021-12-10 15:11:00,7625,7625,7625,7625,0
2021-12-10 15:12:00,7625,7625,7625,7625,0
2021-12-10 15:13:00,7625,7625,7625,7625,0
2021-12-10 15:14:00,7625,7625,7625,7625,0
2021-12-10 15:15:00,7625,7625,7625,7625,0
2021-12-10 15:16:00,7625,7625,7625,7625,0
2021-12-10 15:17:00,7625,7625,7625,7625,0
2021-12-10 15:18:00,7625,7625,7625,7625,0
2021-12-10 15:19:00,7625,7625,7625,7625,0
2021-12-10 15:20:00,7625,7625,7625,7625,0
2021-12-10 15:21:00,7625,7625,7625,7625,0
2021-12-10 15:22:00,7625,7625,7625,7625,0
2021-12-10 15:23:00,7625,7625,7625,7625,0
2021-12-10 15:24:00,7625,7625,7625,7625,0
2021-12-10 15:25:00,7625,7625,7625,7625,0
2021-12-10 15:26:00,7625,7625,7625,7625,0
2021-12-10 15:27:00,7625,7625,7625,7625,0
2021-12-10 15:28:00,7625,7625,7625,7625,0
2021-12-10 15:29:00,7625,7625,7625,7625,0
2021-12-10 15:30:00,7625,7625,7625,7625,0
2021-12-10 15:31:00,7625,7625,7625,7625,0
2021-12-10 15:32:00,7625,7625,7625,7625,0
2021-12-10 15:33:00,7625,7625,7625,7625,0
2021-12-10 15:34:00,7625,7625,7625,7625,0
2021-12-10 15:35:00,7625,7625,7625,7625,0
2021-12-10 15:36:00,7625,7625,7625,7625,0
2021-12-10 15:37:00,7625,7625,7625,7625,0
2021-12-10 15:38:00,7625,7625,7625,7625,0
2021-12-10 15:39:00,7625,7625,7625,7625,0
2021-12-10 15:40:00,7625,7625,7625,7625,0
2021-12-10 15:41:00,7625,7625,7625,7625,0
2021-12-10 15:42:00,7625,7625,7625,7625,0
2021-12-10 15:43:00,7625,7625,7625,7625,0
2021-12-10 15:44:00,7625,7625,7625,7625,0
2021-12-10 15:45:00,7625,7625,7625,7625,0
2021-12-10 15:46:00,7625,7625,7625,7625,0
2021-12-10 15:47:00,7625,7625,7625,7625,0
2021-12-10 15:48:00,7625,7625,7625,7625,0
2021-12-10 15:49:00,7625,7625,7625,7625,0
2021-12-10 15:50:00,7625,7625,7625,7625,0
2021-12-10 15:51:00,7625,7625,7625,7625,0
2021-12-10 15:52:00,7625,7625,7625,7625,0
2021-12-10 15:53:00,7625,7625,7625,7625,0
2021-12-10 15:54:00,7625,7625,7625,7625,0
2021-12-10 15:55:00,7625,7625,7625,7625,0
2021-12-10 15:56:00,7625,7625,7625,7625,0
2021-12-10 15:57:00,7625,7625,7625,7625,0
2021-12-10 15:58:00,7625,7625,7625,7625,0
2021-12-10 15:59:00,7625,7625,7625,7625,0
2021-12-13 09:00:00,7675,7675,7725,7725,17200
2021-12-13 09:01:00,7725,7725,7775,7750,19100
2021-12-13 09:02:00,7775,7775,7775,7775,47800
2021-12-13 09:03:00,7750,7725,7775,7750,26100
2021-12-13 09:04:00,7750,7750,7750,7750,2700
2021-12-13 09:05:00,7725,7725,7750,7725,13700
2021-12-13 09:06:00,7750,7725,7750,7725,31900
2021-12-13 09:07:00,7725,7725,7725,7725,11100
2021-12-13 09:08:00,7725,7700,7725,7700,10200
2021-12-13 09:09:00,7700,7700,7700,7700,5800
2021-12-13 09:10:00,7700,7700,7700,7700,2800
2021-12-13 09:11:00,7700,7700,7725,7725,16700
2021-12-13 09:12:00,7725,7725,7750,7750,9600
2021-12-13 09:13:00,7725,7725,7750,7725,47300
2021-12-13 09:14:00,7750,7750,7750,7750,600
2021-12-13 09:15:00,7725,7725,7750,7725,27700
2021-12-13 09:16:00,7725,7725,7725,7725,4500
2021-12-13 09:17:00,7725,7700,7725,7725,4400
2021-12-13 09:18:00,7725,7700,7725,7725,9400
2021-12-13 09:19:00,7725,7725,7725,7725,32800
2021-12-13 09:20:00,7725,7725,7725,7725,15000
2021-12-13 09:21:00,7750,7725,7750,7725,21700
2021-12-13 09:22:00,7725,7725,7725,7725,3500
2021-12-13 09:23:00,7725,7725,7750,7725,21400
2021-12-13 09:24:00,7700,7700,7725,7725,17700
2021-12-13 09:25:00,7725,7725,7725,7725,6300
2021-12-13 09:26:00,7700,7700,7725,7700,700
2021-12-13 09:27:00,7725,7725,7725,7725,3000
2021-12-13 09:28:00,7700,7700,7725,7725,2700
2021-12-13 09:29:00,7725,7725,7725,7725,1900
2021-12-13 09:30:00,7725,7725,7725,7725,1000
2021-12-13 09:31:00,7725,7725,7725,7725,0
2021-12-13 09:32:00,7700,7700,7725,7700,1400
2021-12-13 09:33:00,7725,7725,7725,7725,10200
2021-12-13 09:34:00,7725,7725,7725,7725,1600
2021-12-13 09:35:00,7725,7725,7725,7725,0
2021-12-13 09:36:00,7725,7725,7725,7725,0
2021-12-13 09:37:00,7700,7700,7700,7700,1400
2021-12-13 09:38:00,7700,7700,7700,7700,12200
2021-12-13 09:39:00,7700,7700,7700,7700,0
2021-12-13 09:40:00,7700,7700,7725,7725,500
2021-12-13 09:41:00,7700,7700,7700,7700,300
2021-12-13 09:42:00,7700,7700,7700,7700,5500
2021-12-13 09:43:00,7725,7700,7725,7725,9700
2021-12-13 09:44:00,7725,7725,7725,7725,2500
2021-12-13 09:45:00,7725,7725,7725,7725,2800
2021-12-13 09:46:00,7725,7700,7725,7725,2800
2021-12-13 09:47:00,7725,7700,7725,7700,3700
2021-12-13 09:48:00,7700,7700,7725,7725,3600
2021-12-13 09:49:00,7725,7725,7725,7725,500
2021-12-13 09:50:00,7725,7725,7725,7725,11700
2021-12-13 09:51:00,7725,7725,7725,7725,700
2021-12-13 09:52:00,7725,7725,7725,7725,0
2021-12-13 09:53:00,7725,7725,7725,7725,700
2021-12-13 09:54:00,7700,7700,7725,7725,1100
2021-12-13 09:55:00,7725,7700,7725,7725,2500
2021-12-13 09:56:00,7700,7700,7700,7700,1700
2021-12-13 09:57:00,7725,7725,7725,7725,100
2021-12-13 09:58:00,7725,7725,7725,7725,100
2021-12-13 09:59:00,7725,7725,7725,7725,100
2021-12-13 10:00:00,7700,7700,7700,7700,6600
2021-12-13 10:01:00,7700,7700,7700,7700,0
2021-12-13 10:02:00,7700,7700,7700,7700,14000
2021-12-13 10:03:00,7700,7700,7725,7725,7500
2021-12-13 10:04:00,7700,7700,7725,7725,600
2021-12-13 10:05:00,7700,7675,7700,7700,59000
2021-12-13 10:06:00,7700,7700,7700,7700,11700
2021-12-13 10:07:00,7700,7700,7700,7700,0
2021-12-13 10:08:00,7700,7700,7700,7700,600
2021-12-13 10:09:00,7700,7700,7700,7700,200
2021-12-13 10:10:00,7700,7700,7700,7700,5300
2021-12-13 10:11:00,7675,7675,7675,7675,500
2021-12-13 10:12:00,7675,7675,7700,7700,800
2021-12-13 10:13:00,7700,7700,7700,7700,200
2021-12-13 10:14:00,7700,7700,7700,7700,9400
2021-12-13 10:15:00,7700,7700,7700,7700,0
2021-12-13 10:16:00,7700,7700,7700,7700,7400
2021-12-13 10:17:00,7700,7700,7700,7700,2900
2021-12-13 10:18:00,7700,7700,7700,7700,0
2021-12-13 10:19:00,7700,7700,7700,7700,100
2021-12-13 10:20:00,7675,7675,7675,7675,100
2021-12-13 10:21:00,7675,7675,7675,7675,0
2021-12-13 10:22:00,7700,7700,7700,7700,4500
2021-12-13 10:23:00,7700,7700,7700,7700,100
2021-12-13 10:24:00,7700,7700,7700,7700,0
2021-12-13 10:25:00,7700,7700,7700,7700,7800
2021-12-13 10:26:00,7700,7700,7700,7700,500
2021-12-13 10:27:00,7700,7675,7700,7675,2200
2021-12-13 10:28:00,7700,7675,7700,7675,0
2021-12-13 10:29:00,7700,7700,7700,7700,14200
2021-12-13 10:30:00,7700,7700,7700,7700,100
2021-12-13 10:31:00,7700,7700,7700,7700,2800
2021-12-13 10:32:00,7700,7700,7700,7700,0
2021-12-13 10:33:00,7700,7675,7700,7675,20600
2021-12-13 10:34:00,7700,7700,7700,7700,1300
2021-12-13 10:35:00,7700,7700,7700,7700,0
2021-12-13 10:36:00,7700,7700,7700,7700,0
2021-12-13 10:37:00,7700,7700,7700,7700,0
2021-12-13 10:38:00,7700,7700,7700,7700,5100
2021-12-13 10:39:00,7700,7700,7700,7700,0
2021-12-13 10:40:00,7700,7700,7700,7700,0
2021-12-13 10:41:00,7700,7700,7700,7700,0
2021-12-13 10:42:00,7675,7675,7675,7675,5000
2021-12-13 10:43:00,7675,7675,7675,7675,5500
2021-12-13 10:44:00,7700,7700,7700,7700,900
2021-12-13 10:45:00,7700,7700,7700,7700,19300
2021-12-13 10:46:00,7700,7700,7700,7700,100
2021-12-13 10:47:00,7700,7700,7700,7700,0
2021-12-13 10:48:00,7700,7675,7700,7700,12900
2021-12-13 10:49:00,7700,7700,7700,7700,1100
2021-12-13 10:50:00,7700,7700,7700,7700,100
2021-12-13 10:51:00,7700,7700,7700,7700,0
2021-12-13 10:52:00,7700,7700,7700,7700,300
2021-12-13 10:53:00,7700,7700,7700,7700,200
2021-12-13 10:54:00,7700,7675,7700,7675,600
2021-12-13 10:55:00,7700,7675,7700,7675,0
2021-12-13 10:56:00,7675,7675,7700,7700,52900
2021-12-13 10:57:00,7700,7700,7700,7700,14300
2021-12-13 10:58:00,7700,7700,7700,7700,100
2021-12-13 10:59:00,7700,7700,7700,7700,1100
2021-12-13 11:00:00,7700,7675,7700,7675,2100
2021-12-13 11:01:00,7675,7675,7675,7675,100
2021-12-13 11:02:00,7675,7675,7675,7675,0
2021-12-13 11:03:00,7700,7700,7700,7700,1500
2021-12-13 11:04:00,7700,7700,7700,7700,600
2021-12-13 11:05:00,7700,7700,7700,7700,100
2021-12-13 11:06:00,7700,7700,7700,7700,0
2021-12-13 11:07:00,7700,7700,7700,7700,0
2021-12-13 11:08:00,7700,7700,7700,7700,0
2021-12-13 11:09:00,7700,7700,7700,7700,0
2021-12-13 11:10:00,7700,7700,7700,7700,0
2021-12-13 11:11:00,7675,7675,7675,7675,1600
2021-12-13 11:12:00,7675,7675,7675,7675,500
2021-12-13 11:13:00,7675,7675,7675,7675,30000
2021-12-13 11:14:00,7675,7675,7675,7675,100
2021-12-13 11:15:00,7675,7675,7675,7675,2200
2021-12-13 11:16:00,7675,7675,7675,7675,0
2021-12-13 11:17:00,7675,7675,7675,7675,0
2021-12-13 11:18:00,7675,7675,7675,7675,0
2021-12-13 11:19:00,7675,7675,7675,7675,0
2021-12-13 11:20:00,7675,7675,7675,7675,1000
2021-12-13 11:21:00,7675,7675,7675,7675,0
2021-12-13 11:22:00,7675,7675,7675,7675,2000
2021-12-13 11:23:00,7675,7675,7675,7675,0
2021-12-13 11:24:00,7675,7675,7675,7675,0
2021-12-13 11:25:00,7675,7675,7675,7675,0
2021-12-13 11:26:00,7700,7700,7700,7700,100
2021-12-13 11:27:00,7700,7700,7700,7700,200
2021-12-13 11:28:00,7675,7675,7675,7675,100
2021-12-13 11:29:00,7675,7675,7700,7700,19400
2021-12-13 11:30:00,7675,7675,7700,7700,0
2021-12-13 11:31:00,7675,7675,7700,7700,0
2021-12-13 11:32:00,7675,7675,7700,7700,0
2021-12-13 11:33:00,7675,7675,7700,7700,0
2021-12-13 11:34:00,7675,7675,7700,7700,0
2021-12-13 11:35:00,7675,7675,7700,7700,0
2021-12-13 11:36:00,7675,7675,7700,7700,0
2021-12-13 11:37:00,7675,7675,7700,7700,0
2021-12-13 11:38:00,7675,7675,7700,7700,0
2021-12-13 11:39:00,7675,7675,7700,7700,0
2021-12-13 11:40:00,7675,7675,7700,7700,0
2021-12-13 11:41:00,7675,7675,7700,7700,0
2021-12-13 11:42:00,7675,7675,7700,7700,0
2021-12-13 11:43:00,7675,7675,7700,7700,0
2021-12-13 11:44:00,7675,7675,7700,7700,0
2021-12-13 11:45:00,7675,7675,7700,7700,0
2021-12-13 11:46:00,7675,7675,7700,7700,0
2021-12-13 11:47:00,7675,7675,7700,7700,0
2021-12-13 11:48:00,7675,7675,7700,7700,0
2021-12-13 11:49:00,7675,7675,7700,7700,0
2021-12-13 11:50:00,7675,7675,7700,7700,0
2021-12-13 11:51:00,7675,7675,7700,7700,0
2021-12-13 11:52:00,7675,7675,7700,7700,0
2021-12-13 11:53:00,7675,7675,7700,7700,0
2021-12-13 11:54:00,7675,7675,7700,7700,0
2021-12-13 11:55:00,7675,7675,7700,7700,0
2021-12-13 11:56:00,7675,7675,7700,7700,0
2021-12-13 11:57:00,7675,7675,7700,7700,0
2021-12-13 11:58:00,7675,7675,7700,7700,0
2021-12-13 11:59:00,7675,7675,7700,7700,0
2021-12-13 12:00:00,7675,7675,7700,7700,0
2021-12-13 12:01:00,7675,7675,7700,7700,0
2021-12-13 12:02:00,7675,7675,7700,7700,0
2021-12-13 12:03:00,7675,7675,7700,7700,0
2021-12-13 12:04:00,7675,7675,7700,7700,0
2021-12-13 12:05:00,7675,7675,7700,7700,0
2021-12-13 12:06:00,7675,7675,7700,7700,0
2021-12-13 12:07:00,7675,7675,7700,7700,0
2021-12-13 12:08:00,7675,7675,7700,7700,0
2021-12-13 12:09:00,7675,7675,7700,7700,0
2021-12-13 12:10:00,7675,7675,7700,7700,0
2021-12-13 12:11:00,7675,7675,7700,7700,0
2021-12-13 12:12:00,7675,7675,7700,7700,0
2021-12-13 12:13:00,7675,7675,7700,7700,0
2021-12-13 12:14:00,7675,7675,7700,7700,0
2021-12-13 12:15:00,7675,7675,7700,7700,0
2021-12-13 12:16:00,7675,7675,7700,7700,0
2021-12-13 12:17:00,7675,7675,7700,7700,0
2021-12-13 12:18:00,7675,7675,7700,7700,0
2021-12-13 12:19:00,7675,7675,7700,7700,0
2021-12-13 12:20:00,7675,7675,7700,7700,0
2021-12-13 12:21:00,7675,7675,7700,7700,0
2021-12-13 12:22:00,7675,7675,7700,7700,0
2021-12-13 12:23:00,7675,7675,7700,7700,0
2021-12-13 12:24:00,7675,7675,7700,7700,0
2021-12-13 12:25:00,7675,7675,7700,7700,0
2021-12-13 12:26:00,7675,7675,7700,7700,0
2021-12-13 12:27:00,7675,7675,7700,7700,0
2021-12-13 12:28:00,7675,7675,7700,7700,0
2021-12-13 12:29:00,7675,7675,7700,7700,0
2021-12-13 12:30:00,7675,7675,7700,7700,0
2021-12-13 12:31:00,7675,7675,7700,7700,0
2021-12-13 12:32:00,7675,7675,7700,7700,0
2021-12-13 12:33:00,7675,7675,7700,7700,0
2021-12-13 12:34:00,7675,7675,7700,7700,0
2021-12-13 12:35:00,7675,7675,7700,7700,0
2021-12-13 12:36:00,7675,7675,7700,7700,0
2021-12-13 12:37:00,7675,7675,7700,7700,0
2021-12-13 12:38:00,7675,7675,7700,7700,0
2021-12-13 12:39:00,7675,7675,7700,7700,0
2021-12-13 12:40:00,7675,7675,7700,7700,0
2021-12-13 12:41:00,7675,7675,7700,7700,0
2021-12-13 12:42:00,7675,7675,7700,7700,0
2021-12-13 12:43:00,7675,7675,7700,7700,0
2021-12-13 12:44:00,7675,7675,7700,7700,0
2021-12-13 12:45:00,7675,7675,7700,7700,0
2021-12-13 12:46:00,7675,7675,7700,7700,0
2021-12-13 12:47:00,7675,7675,7700,7700,0
2021-12-13 12:48:00,7675,7675,7700,7700,0
2021-12-13 12:49:00,7675,7675,7700,7700,0
2021-12-13 12:50:00,7675,7675,7700,7700,0
2021-12-13 12:51:00,7675,7675,7700,7700,0
2021-12-13 12:52:00,7675,7675,7700,7700,0
2021-12-13 12:53:00,7675,7675,7700,7700,0
2021-12-13 12:54:00,7675,7675,7700,7700,0
2021-12-13 12:55:00,7675,7675,7700,7700,0
2021-12-13 12:56:00,7675,7675,7700,7700,0
2021-12-13 12:57:00,7675,7675,7700,7700,0
2021-12-13 12:58:00,7675,7675,7700,7700,0
2021-12-13 12:59:00,7675,7675,7700,7700,0
2021-12-13 13:00:00,7675,7675,7700,7700,0
2021-12-13 13:01:00,7675,7675,7700,7700,0
2021-12-13 13:02:00,7675,7675,7700,7700,0
2021-12-13 13:03:00,7675,7675,7700,7700,0
2021-12-13 13:04:00,7675,7675,7700,7700,0
2021-12-13 13:05:00,7675,7675,7700,7700,0
2021-12-13 13:06:00,7675,7675,7700,7700,0
2021-12-13 13:07:00,7675,7675,7700,7700,0
2021-12-13 13:08:00,7675,7675,7700,7700,0
2021-12-13 13:09:00,7675,7675,7700,7700,0
2021-12-13 13:10:00,7675,7675,7700,7700,0
2021-12-13 13:11:00,7675,7675,7700,7700,0
2021-12-13 13:12:00,7675,7675,7700,7700,0
2021-12-13 13:13:00,7675,7675,7700,7700,0
2021-12-13 13:14:00,7675,7675,7700,7700,0
2021-12-13 13:15:00,7675,7675,7700,7700,0
2021-12-13 13:16:00,7675,7675,7700,7700,0
2021-12-13 13:17:00,7675,7675,7700,7700,0
2021-12-13 13:18:00,7675,7675,7700,7700,0
2021-12-13 13:19:00,7675,7675,7700,7700,0
2021-12-13 13:20:00,7675,7675,7700,7700,0
2021-12-13 13:21:00,7675,7675,7700,7700,0
2021-12-13 13:22:00,7675,7675,7700,7700,0
2021-12-13 13:23:00,7675,7675,7700,7700,0
2021-12-13 13:24:00,7675,7675,7700,7700,0
2021-12-13 13:25:00,7675,7675,7700,7700,0
2021-12-13 13:26:00,7675,7675,7700,7700,0
2021-12-13 13:27:00,7675,7675,7700,7700,0
2021-12-13 13:28:00,7675,7675,7700,7700,0
2021-12-13 13:29:00,7675,7675,7700,7700,0
2021-12-13 13:30:00,7700,7675,7700,7700,14800
2021-12-13 13:31:00,7700,7675,7700,7700,0
2021-12-13 13:32:00,7700,7700,7700,7700,25500
2021-12-13 13:33:00,7700,7700,7725,7725,22700
2021-12-13 13:34:00,7700,7700,7700,7700,25000
2021-12-13 13:35:00,7700,7700,7700,7700,400
2021-12-13 13:36:00,7700,7675,7700,7675,76800
2021-12-13 13:37:00,7700,7675,7700,7675,0
2021-12-13 13:38:00,7675,7675,7675,7675,1800
2021-12-13 13:39:00,7700,7700,7700,7700,100
2021-12-13 13:40:00,7675,7675,7675,7675,10000
2021-12-13 13:41:00,7675,7675,7675,7675,7000
2021-12-13 13:42:00,7675,7675,7675,7675,0
2021-12-13 13:43:00,7675,7675,7675,7675,3000
2021-12-13 13:44:00,7675,7675,7675,7675,0
2021-12-13 13:45:00,7675,7675,7675,7675,0
2021-12-13 13:46:00,7700,7700,7700,7700,5000
2021-12-13 13:47:00,7700,7700,7700,7700,600
2021-12-13 13:48:00,7700,7700,7700,7700,1600
2021-12-13 13:49:00,7700,7700,7700,7700,7000
2021-12-13 13:50:00,7700,7700,7700,7700,6700
2021-12-13 13:51:00,7700,7700,7700,7700,100
2021-12-13 13:52:00,7700,7700,7700,7700,2500
2021-12-13 13:53:00,7700,7700,7700,7700,1000
2021-12-13 13:54:00,7700,7700,7700,7700,3000
2021-12-13 13:55:00,7700,7700,7700,7700,0
2021-12-13 13:56:00,7700,7675,7700,7675,1800
2021-12-13 13:57:00,7700,7700,7700,7700,9300
2021-12-13 13:58:00,7700,7675,7700,7675,1600
2021-12-13 13:59:00,7700,7675,7700,7675,0
2021-12-13 14:00:00,7675,7675,7675,7675,700
2021-12-13 14:01:00,7675,7675,7675,7675,2200
2021-12-13 14:02:00,7675,7675,7675,7675,0
2021-12-13 14:03:00,7675,7675,7700,7700,300
2021-12-13 14:04:00,7700,7700,7725,7700,119400
2021-12-13 14:05:00,7675,7675,7675,7675,100
2021-12-13 14:06:00,7700,7700,7700,7700,15700
2021-12-13 14:07:00,7675,7675,7700,7675,700
2021-12-13 14:08:00,7700,7700,7700,7700,1200
2021-12-13 14:09:00,7700,7700,7700,7700,126300
2021-12-13 14:10:00,7700,7675,7700,7675,52200
2021-12-13 14:11:00,7700,7700,7700,7700,5800
2021-12-13 14:12:00,7700,7700,7700,7700,0
2021-12-13 14:13:00,7675,7675,7675,7675,1900
2021-12-13 14:14:00,7675,7675,7675,7675,500
2021-12-13 14:15:00,7675,7675,7675,7675,100
2021-12-13 14:16:00,7675,7675,7675,7675,0
2021-12-13 14:17:00,7675,7675,7675,7675,100
2021-12-13 14:18:00,7675,7675,7675,7675,0
2021-12-13 14:19:00,7675,7675,7675,7675,0
2021-12-13 14:20:00,7675,7675,7700,7700,10300
2021-12-13 14:21:00,7700,7675,7700,7700,1600
2021-12-13 14:22:00,7675,7675,7700,7700,100
2021-12-13 14:23:00,7700,7700,7700,7700,6900
2021-12-13 14:24:00,7700,7700,7700,7700,1800
2021-12-13 14:25:00,7700,7700,7700,7700,52900
2021-12-13 14:26:00,7700,7700,7700,7700,20300
2021-12-13 14:27:00,7700,7700,7700,7700,3600
2021-12-13 14:28:00,7700,7675,7700,7700,4300
2021-12-13 14:29:00,7700,7675,7700,7700,35600
2021-12-13 14:30:00,7700,7700,7700,7700,3900
2021-12-13 14:31:00,7675,7675,7700,7700,14100
2021-12-13 14:32:00,7700,7700,7700,7700,7800
2021-12-13 14:33:00,7700,7700,7700,7700,16600
2021-12-13 14:34:00,7700,7700,7700,7700,3800
2021-12-13 14:35:00,7700,7700,7700,7700,10500
2021-12-13 14:36:00,7700,7700,7700,7700,7000
2021-12-13 14:37:00,7700,7700,7700,7700,47700
2021-12-13 14:38:00,7700,7700,7700,7700,2600
2021-12-13 14:39:00,7700,7700,7700,7700,6400
2021-12-13 14:40:00,7700,7700,7700,7700,7900
2021-12-13 14:41:00,7700,7675,7700,7700,9400
2021-12-13 14:42:00,7700,7675,7700,7700,11300
2021-12-13 14:43:00,7675,7675,7700,7700,17400
2021-12-13 14:44:00,7700,7675,7700,7700,13700
2021-12-13 14:45:00,7700,7675,7700,7700,13100
2021-12-13 14:46:00,7700,7700,7700,7700,12900
2021-12-13 14:47:00,7700,7675,7700,7700,10400
2021-12-13 14:48:00,7700,7700,7700,7700,20500
2021-12-13 14:49:00,7700,7700,7700,7700,23500
2021-12-13 14:50:00,7700,7700,7700,7700,0
2021-12-13 14:51:00,7700,7700,7700,7700,0
2021-12-13 14:52:00,7700,7700,7700,7700,0
2021-12-13 14:53:00,7700,7700,7700,7700,0
2021-12-13 14:54:00,7700,7700,7700,7700,0
2021-12-13 14:55:00,7700,7700,7700,7700,0
2021-12-13 14:56:00,7700,7700,7700,7700,0
2021-12-13 14:57:00,7700,7700,7700,7700,0
2021-12-13 14:58:00,7700,7700,7700,7700,0
2021-12-13 14:59:00,7700,7700,7700,7700,0
2021-12-13 15:00:00,7700,7700,7700,7700,80900
2021-12-13 15:01:00,7700,7700,7700,7700,30100
2021-12-13 15:02:00,7700,7700,7700,7700,900
2021-12-13 15:03:00,7700,7700,7700,7700,0
2021-12-13 15:04:00,7700,7700,7700,7700,0
2021-12-13 15:05:00,7700,7700,7700,7700,0
2021-12-13 15:06:00,7700,7700,7700,7700,0
2021-12-13 15:07:00,7700,7700,7700,7700,0
2021-12-13 15:08:00,7700,7700,7700,7700,2400
2021-12-13 15:09:00,7700,7700,7700,7700,500
2021-12-13 15:10:00,7700,7700,7700,7700,1963800
2021-12-13 15:11:00,7700,7700,7700,7700,0
2021-12-13 15:12:00,7700,7700,7700,7700,0
2021-12-13 15:13:00,7700,7700,7700,7700,0
2021-12-13 15:14:00,7700,7700,7700,7700,0
2021-12-13 15:15:00,7700,7700,7700,7700,0
2021-12-13 15:16:00,7700,7700,7700,7700,0
2021-12-13 15:17:00,7700,7700,7700,7700,0
2021-12-13 15:18:00,7700,7700,7700,7700,0
2021-12-13 15:19:00,7700,7700,7700,7700,0
2021-12-13 15:20:00,7700,7700,7700,7700,0
2021-12-13 15:21:00,7700,7700,7700,7700,0
2021-12-13 15:22:00,7700,7700,7700,7700,0
2021-12-13 15:23:00,7700,7700,7700,7700,0
2021-12-13 15:24:00,7700,7700,7700,7700,0
2021-12-13 15:25:00,7700,7700,7700,7700,0
2021-12-13 15:26:00,7700,7700,7700,7700,0
2021-12-13 15:27:00,7700,7700,7700,7700,0
2021-12-13 15:28:00,7700,7700,7700,7700,0
2021-12-13 15:29:00,7700,7700,7700,7700,0
2021-12-13 15:30:00,7700,7700,7700,7700,0
2021-12-13 15:31:00,7700,7700,7700,7700,0
2021-12-13 15:32:00,7700,7700,7700,7700,0
2021-12-13 15:33:00,7700,7700,7700,7700,0
2021-12-13 15:34:00,7700,7700,7700,7700,0
2021-12-13 15:35:00,7700,7700,7700,7700,0
2021-12-13 15:36:00,7700,7700,7700,7700,0
2021-12-13 15:37:00,7700,7700,7700,7700,0
2021-12-13 15:38:00,7700,7700,7700,7700,0
2021-12-13 15:39:00,7700,7700,7700,7700,0
2021-12-13 15:40:00,7700,7700,7700,7700,0
2021-12-13 15:41:00,7700,7700,7700,7700,0
2021-12-13 15:42:00,7700,7700,7700,7700,0
2021-12-13 15:43:00,7700,7700,7700,7700,0
2021-12-13 15:44:00,7700,7700,7700,7700,0
2021-12-13 15:45:00,7700,7700,7700,7700,0
2021-12-13 15:46:00,7700,7700,7700,7700,0
2021-12-13 15:47:00,7700,7700,7700,7700,0
2021-12-13 15:48:00,7700,7700,7700,7700,0
2021-12-13 15:49:00,7700,7700,7700,7700,0
2021-12-13 15:50:00,7700,7700,7700,7700,0
2021-12-13 15:51:00,7700,7700,7700,7700,0
2021-12-13 15:52:00,7700,7700,7700,7700,0
2021-12-13 15:53:00,7700,7700,7700,7700,0
2021-12-13 15:54:00,7700,7700,7700,7700,0
2021-12-13 15:55:00,7700,7700,7700,7700,0
2021-12-13 15:56:00,7700,7700,7700,7700,0
2021-12-13 15:57:00,7700,7700,7700,7700,0
2021-12-13 15:58:00,7700,7700,7700,7700,0
2021-12-13 15:59:00,7700,7700,7700,7700,0
2021-12-14 09:00:00,7700,7700,7725,7700,900
2021-12-14 09:01:00,7725,7700,7725,7700,16400
2021-12-14 09:02:00,7700,7650,7700,7700,8300
2021-12-14 09:03:00,7675,7675,7675,7675,200
2021-12-14 09:04:00,7650,7650,7650,7650,2100
2021-12-14 09:05:00,7650,7650,7650,7650,13800
2021-12-14 09:06:00,7650,7650,7650,7650,0
2021-12-14 09:07:00,7650,7650,7650,7650,8400
2021-12-14 09:08:00,7650,7650,7650,7650,1700
2021-12-14 09:09:00,7650,7650,7650,7650,0
2021-12-14 09:10:00,7650,7650,7650,7650,1000
2021-12-14 09:11:00,7650,7625,7650,7650,17000
2021-12-14 09:12:00,7650,7650,7650,7650,1100
2021-12-14 09:13:00,7650,7625,7650,7650,900
2021-12-14 09:14:00,7625,7625,7650,7650,3100
2021-12-14 09:15:00,7650,7625,7650,7625,38500
2021-12-14 09:16:00,7625,7600,7625,7625,37000
2021-12-14 09:17:00,7625,7625,7625,7625,9400
2021-12-14 09:18:00,7625,7600,7625,7625,11400
2021-12-14 09:19:00,7600,7600,7625,7625,2500
2021-12-14 09:20:00,7600,7600,7625,7625,7000
2021-12-14 09:21:00,7625,7600,7625,7625,4300
2021-12-14 09:22:00,7625,7600,7625,7600,5000
2021-12-14 09:23:00,7625,7600,7625,7625,1400
2021-12-14 09:24:00,7600,7600,7625,7600,900
2021-12-14 09:25:00,7625,7625,7625,7625,7900
2021-12-14 09:26:00,7625,7600,7625,7625,4100
2021-12-14 09:27:00,7625,7625,7625,7625,22800
2021-12-14 09:28:00,7625,7625,7625,7625,400
2021-12-14 09:29:00,7625,7625,7625,7625,0
2021-12-14 09:30:00,7625,7625,7625,7625,400
2021-12-14 09:31:00,7625,7625,7625,7625,5500
2021-12-14 09:32:00,7625,7625,7625,7625,6100
2021-12-14 09:33:00,7625,7625,7650,7650,2500
2021-12-14 09:34:00,7625,7625,7625,7625,9200
2021-12-14 09:35:00,7625,7625,7625,7625,600
2021-12-14 09:36:00,7625,7625,7625,7625,1000
2021-12-14 09:37:00,7625,7625,7625,7625,0
2021-12-14 09:38:00,7625,7625,7625,7625,100
2021-12-14 09:39:00,7650,7625,7650,7625,400
2021-12-14 09:40:00,7650,7625,7650,7625,0
2021-12-14 09:41:00,7650,7625,7650,7625,0
2021-12-14 09:42:00,7625,7625,7625,7625,1100
2021-12-14 09:43:00,7625,7625,7650,7650,1100
2021-12-14 09:44:00,7650,7650,7650,7650,100
2021-12-14 09:45:00,7650,7650,7650,7650,0
2021-12-14 09:46:00,7625,7625,7625,7625,900
2021-12-14 09:47:00,7625,7625,7650,7650,2100
2021-12-14 09:48:00,7625,7625,7625,7625,300
2021-12-14 09:49:00,7650,7625,7650,7650,14100
2021-12-14 09:50:00,7625,7625,7625,7625,132500
2021-12-14 09:51:00,7625,7625,7625,7625,1000
2021-12-14 09:52:00,7625,7625,7625,7625,3300
2021-12-14 09:53:00,7625,7625,7625,7625,68200
2021-12-14 09:54:00,7625,7625,7625,7625,3200
2021-12-14 09:55:00,7625,7600,7625,7600,20200
2021-12-14 09:56:00,7600,7600,7625,7625,20200
2021-12-14 09:57:00,7625,7625,7625,7625,25100
2021-12-14 09:58:00,7625,7625,7625,7625,28900
2021-12-14 09:59:00,7625,7625,7625,7625,4200
2021-12-14 10:00:00,7625,7625,7625,7625,3500
2021-12-14 10:01:00,7625,7625,7650,7625,18000
2021-12-14 10:02:00,7625,7625,7625,7625,200
2021-12-14 10:03:00,7625,7625,7625,7625,200
2021-12-14 10:04:00,7625,7625,7625,7625,0
2021-12-14 10:05:00,7600,7600,7625,7625,1800
2021-12-14 10:06:00,7600,7600,7625,7625,0
2021-12-14 10:07:00,7625,7625,7625,7625,300
2021-12-14 10:08:00,7625,7625,7625,7625,200
2021-12-14 10:09:00,7600,7600,7625,7625,1400
2021-12-14 10:10:00,7600,7600,7600,7600,500
2021-12-14 10:11:00,7600,7600,7625,7625,1200
2021-12-14 10:12:00,7625,7625,7625,7625,100
2021-12-14 10:13:00,7625,7625,7625,7625,400
2021-12-14 10:14:00,7625,7625,7625,7625,0
2021-12-14 10:15:00,7600,7600,7625,7625,2000
2021-12-14 10:16:00,7625,7625,7625,7625,10000
2021-12-14 10:17:00,7600,7600,7600,7600,3500
2021-12-14 10:18:00,7625,7625,7625,7625,400
2021-12-14 10:19:00,7600,7600,7625,7625,5600
2021-12-14 10:20:00,7625,7625,7625,7625,4500
2021-12-14 10:21:00,7600,7600,7600,7600,500
2021-12-14 10:22:00,7600,7600,7600,7600,3200
2021-12-14 10:23:00,7600,7600,7600,7600,0
2021-12-14 10:24:00,7625,7625,7625,7625,2000
2021-12-14 10:25:00,7600,7600,7625,7625,26900
2021-12-14 10:26:00,7600,7600,7625,7625,5800
2021-12-14 10:27:00,7625,7625,7625,7625,10300
2021-12-14 10:28:00,7600,7600,7600,7600,3000
2021-12-14 10:29:00,7600,7600,7600,7600,12700
2021-12-14 10:30:00,7600,7600,7600,7600,6200
2021-12-14 10:31:00,7600,7600,7625,7600,3300
2021-12-14 10:32:00,7600,7600,7625,7600,0
2021-12-14 10:33:00,7600,7600,7600,7600,2700
2021-12-14 10:34:00,7625,7625,7625,7625,100
2021-12-14 10:35:00,7625,7600,7625,7600,7700
2021-12-14 10:36:00,7625,7600,7625,7600,16500
2021-12-14 10:37:00,7600,7600,7600,7600,3000
2021-12-14 10:38:00,7625,7600,7625,7625,8900
2021-12-14 10:39:00,7600,7600,7625,7625,2600
2021-12-14 10:40:00,7600,7600,7625,7625,8600
2021-12-14 10:41:00,7600,7600,7625,7625,0
2021-12-14 10:42:00,7625,7625,7625,7625,100
2021-12-14 10:43:00,7625,7625,7625,7625,0
2021-12-14 10:44:00,7600,7600,7600,7600,2700
2021-12-14 10:45:00,7625,7625,7650,7650,135700
2021-12-14 10:46:00,7650,7650,7650,7650,1800
2021-12-14 10:47:00,7650,7650,7650,7650,600
2021-12-14 10:48:00,7650,7650,7650,7650,0
2021-12-14 10:49:00,7650,7650,7650,7650,2700
2021-12-14 10:50:00,7650,7625,7650,7650,12200
2021-12-14 10:51:00,7650,7650,7650,7650,200
2021-12-14 10:52:00,7650,7650,7650,7650,0
2021-12-14 10:53:00,7625,7625,7625,7625,8400
2021-12-14 10:54:00,7650,7650,7650,7650,700
2021-12-14 10:55:00,7650,7650,7650,7650,0
2021-12-14 10:56:00,7625,7625,7650,7650,5100
2021-12-14 10:57:00,7625,7625,7650,7650,12300
2021-12-14 10:58:00,7625,7625,7650,7650,0
2021-12-14 10:59:00,7650,7650,7650,7650,100
2021-12-14 11:00:00,7625,7625,7625,7625,42300
2021-12-14 11:01:00,7625,7625,7625,7625,8600
2021-12-14 11:02:00,7600,7600,7625,7625,8900
2021-12-14 11:03:00,7625,7625,7625,7625,2500
2021-12-14 11:04:00,7625,7625,7625,7625,0
2021-12-14 11:05:00,7625,7600,7625,7625,3800
2021-12-14 11:06:00,7625,7625,7625,7625,3100
2021-12-14 11:07:00,7600,7600,7600,7600,5000
2021-12-14 11:08:00,7600,7600,7600,7600,15600
2021-12-14 11:09:00,7625,7625,7625,7625,2000
2021-12-14 11:10:00,7625,7625,7625,7625,0
2021-12-14 11:11:00,7625,7625,7625,7625,0
2021-12-14 11:12:00,7625,7625,7625,7625,23900
2021-12-14 11:13:00,7625,7625,7625,7625,300
2021-12-14 11:14:00,7625,7625,7625,7625,26000
2021-12-14 11:15:00,7625,7625,7625,7625,1300
2021-12-14 11:16:00,7625,7625,7625,7625,4900
2021-12-14 11:17:00,7625,7625,7625,7625,500
2021-12-14 11:18:00,7600,7600,7600,7600,4300
2021-12-14 11:19:00,7600,7600,7600,7600,0
2021-12-14 11:20:00,7625,7600,7625,7625,8200
2021-12-14 11:21:00,7625,7625,7625,7625,200
2021-12-14 11:22:00,7600,7600,7625,7625,3900
2021-12-14 11:23:00,7625,7625,7625,7625,20400
2021-12-14 11:24:00,7625,7625,7625,7625,0
2021-12-14 11:25:00,7625,7625,7625,7625,2900
2021-12-14 11:26:00,7625,7625,7625,7625,700
2021-12-14 11:27:00,7625,7625,7625,7625,900
2021-12-14 11:28:00,7600,7600,7625,7625,4300
2021-12-14 11:29:00,7600,7600,7625,7625,0
2021-12-14 11:30:00,7600,7600,7625,7625,0
2021-12-14 11:31:00,7600,7600,7625,7625,0
2021-12-14 11:32:00,7600,7600,7625,7625,0
2021-12-14 11:33:00,7600,7600,7625,7625,0
2021-12-14 11:34:00,7600,7600,7625,7625,0
2021-12-14 11:35:00,7600,7600,7625,7625,0
2021-12-14 11:36:00,7600,7600,7625,7625,0
2021-12-14 11:37:00,7600,7600,7625,7625,0
2021-12-14 11:38:00,7600,7600,7625,7625,0
2021-12-14 11:39:00,7600,7600,7625,7625,0
2021-12-14 11:40:00,7600,7600,7625,7625,0
2021-12-14 11:41:00,7600,7600,7625,7625,0
2021-12-14 11:42:00,7600,7600,7625,7625,0
2021-12-14 11:43:00,7600,7600,7625,7625,0
2021-12-14 11:44:00,7600,7600,7625,7625,0
2021-12-14 11:45:00,7600,7600,7625,7625,0
2021-12-14 11:46:00,7600,7600,7625,7625,0
2021-12-14 11:47:00,7600,7600,7625,7625,0
2021-12-14 11:48:00,7600,7600,7625,7625,0
2021-12-14 11:49:00,7600,7600,7625,7625,0
2021-12-14 11:50:00,7600,7600,7625,7625,0
2021-12-14 11:51:00,7600,7600,7625,7625,0
2021-12-14 11:52:00,7600,7600,7625,7625,0
2021-12-14 11:53:00,7600,7600,7625,7625,0
2021-12-14 11:54:00,7600,7600,7625,7625,0
2021-12-14 11:55:00,7600,7600,7625,7625,0
2021-12-14 11:56:00,7600,7600,7625,7625,0
2021-12-14 11:57:00,7600,7600,7625,7625,0
2021-12-14 11:58:00,7600,7600,7625,7625,0
2021-12-14 11:59:00,7600,7600,7625,7625,0
2021-12-14 12:00:00,7600,7600,7625,7625,0
2021-12-14 12:01:00,7600,7600,7625,7625,0
2021-12-14 12:02:00,7600,7600,7625,7625,0
2021-12-14 12:03:00,7600,7600,7625,7625,0
2021-12-14 12:04:00,7600,7600,7625,7625,0
2021-12-14 12:05:00,7600,7600,7625,7625,0
2021-12-14 12:06:00,7600,7600,7625,7625,0
2021-12-14 12:07:00,7600,7600,7625,7625,0
2021-12-14 12:08:00,7600,7600,7625,7625,0
2021-12-14 12:09:00,7600,7600,7625,7625,0
2021-12-14 12:10:00,7600,7600,7625,7625,0
2021-12-14 12:11:00,7600,7600,7625,7625,0
2021-12-14 12:12:00,7600,7600,7625,7625,0
2021-12-14 12:13:00,7600,7600,7625,7625,0
2021-12-14 12:14:00,7600,7600,7625,7625,0
2021-12-14 12:15:00,7600,7600,7625,7625,0
2021-12-14 12:16:00,7600,7600,7625,7625,0
2021-12-14 12:17:00,7600,7600,7625,7625,0
2021-12-14 12:18:00,7600,7600,7625,7625,0
2021-12-14 12:19:00,7600,7600,7625,7625,0
2021-12-14 12:20:00,7600,7600,7625,7625,0
2021-12-14 12:21:00,7600,7600,7625,7625,0
2021-12-14 12:22:00,7600,7600,7625,7625,0
2021-12-14 12:23:00,7600,7600,7625,7625,0
2021-12-14 12:24:00,7600,7600,7625,7625,0
2021-12-14 12:25:00,7600,7600,7625,7625,0
2021-12-14 12:26:00,7600,7600,7625,7625,0
2021-12-14 12:27:00,7600,7600,7625,7625,0
2021-12-14 12:28:00,7600,7600,7625,7625,0
2021-12-14 12:29:00,7600,7600,7625,7625,0
2021-12-14 12:30:00,7600,7600,7625,7625,0
2021-12-14 12:31:00,7600,7600,7625,7625,0
2021-12-14 12:32:00,7600,7600,7625,7625,0
2021-12-14 12:33:00,7600,7600,7625,7625,0
2021-12-14 12:34:00,7600,7600,7625,7625,0
2021-12-14 12:35:00,7600,7600,7625,7625,0
2021-12-14 12:36:00,7600,7600,7625,7625,0
2021-12-14 12:37:00,7600,7600,7625,7625,0
2021-12-14 12:38:00,7600,7600,7625,7625,0
2021-12-14 12:39:00,7600,7600,7625,7625,0
2021-12-14 12:40:00,7600,7600,7625,7625,0
2021-12-14 12:41:00,7600,7600,7625,7625,0
2021-12-14 12:42:00,7600,7600,7625,7625,0
2021-12-14 12:43:00,7600,7600,7625,7625,0
2021-12-14 12:44:00,7600,7600,7625,7625,0
2021-12-14 12:45:00,7600,7600,7625,7625,0
2021-12-14 12:46:00,7600,7600,7625,7625,0
2021-12-14 12:47:00,7600,7600,7625,7625,0
2021-12-14 12:48:00,7600,7600,7625,7625,0
2021-12-14 12:49:00,7600,7600,7625,7625,0
2021-12-14 12:50:00,7600,7600,7625,7625,0
2021-12-14 12:51:00,7600,7600,7625,7625,0
2021-12-14 12:52:00,7600,7600,7625,7625,0
2021-12-14 12:53:00,7600,7600,7625,7625,0
2021-12-14 12:54:00,7600,7600,7625,7625,0
2021-12-14 12:55:00,7600,7600,7625,7625,0
2021-12-14 12:56:00,7600,7600,7625,7625,0
2021-12-14 12:57:00,7600,7600,7625,7625,0
2021-12-14 12:58:00,7600,7600,7625,7625,0
2021-12-14 12:59:00,7600,7600,7625,7625,0
2021-12-14 13:00:00,7600,7600,7625,7625,0
2021-12-14 13:01:00,7600,7600,7625,7625,0
2021-12-14 13:02:00,7600,7600,7625,7625,0
2021-12-14 13:03:00,7600,7600,7625,7625,0
2021-12-14 13:04:00,7600,7600,7625,7625,0
2021-12-14 13:05:00,7600,7600,7625,7625,0
2021-12-14 13:06:00,7600,7600,7625,7625,0
2021-12-14 13:07:00,7600,7600,7625,7625,0
2021-12-14 13:08:00,7600,7600,7625,7625,0
2021-12-14 13:09:00,7600,7600,7625,7625,0
2021-12-14 13:10:00,7600,7600,7625,7625,0
2021-12-14 13:11:00,7600,7600,7625,7625,0
2021-12-14 13:12:00,7600,7600,7625,7625,0
2021-12-14 13:13:00,7600,7600,7625,7625,0
2021-12-14 13:14:00,7600,7600,7625,7625,0
2021-12-14 13:15:00,7600,7600,7625,7625,0
2021-12-14 13:16:00,7600,7600,7625,7625,0
2021-12-14 13:17:00,7600,7600,7625,7625,0
2021-12-14 13:18:00,7600,7600,7625,7625,0
2021-12-14 13:19:00,7600,7600,7625,7625,0
2021-12-14 13:20:00,7600,7600,7625,7625,0
2021-12-14 13:21:00,7600,7600,7625,7625,0
2021-12-14 13:22:00,7600,7600,7625,7625,0
2021-12-14 13:23:00,7600,7600,7625,7625,0
2021-12-14 13:24:00,7600,7600,7625,7625,0
2021-12-14 13:25:00,7600,7600,7625,7625,0
2021-12-14 13:26:00,7600,7600,7625,7625,0
2021-12-14 13:27:00,7600,7600,7625,7625,0
2021-12-14 13:28:00,7600,7600,7625,7625,0
2021-12-14 13:29:00,7600,7600,7625,7625,0
2021-12-14 13:30:00,7625,7600,7625,7600,33100
2021-12-14 13:31:00,7600,7600,7625,7625,22100
2021-12-14 13:32:00,7625,7625,7625,7625,5300
2021-12-14 13:33:00,7600,7600,7600,7600,195000
2021-12-14 13:34:00,7600,7600,7600,7600,1100
2021-12-14 13:35:00,7575,7575,7600,7600,36500
2021-12-14 13:36:00,7625,7625,7625,7625,1400
2021-12-14 13:37:00,7625,7625,7625,7625,17400
2021-12-14 13:38:00,7600,7600,7600,7600,3900
2021-12-14 13:39:00,7600,7600,7600,7600,13000
2021-12-14 13:40:00,7600,7600,7600,7600,16000
2021-12-14 13:41:00,7600,7600,7625,7625,11000
2021-12-14 13:42:00,7600,7600,7625,7600,12200
2021-12-14 13:43:00,7600,7575,7625,7625,4900
2021-12-14 13:44:00,7600,7600,7600,7600,300
2021-12-14 13:45:00,7600,7600,7600,7600,1800
2021-12-14 13:46:00,7600,7600,7625,7625,4500
2021-12-14 13:47:00,7600,7600,7600,7600,2400
2021-12-14 13:48:00,7600,7600,7600,7600,2500
2021-12-14 13:49:00,7600,7600,7600,7600,1500
2021-12-14 13:50:00,7600,7600,7600,7600,5900
2021-12-14 13:51:00,7600,7575,7600,7575,1300
2021-12-14 13:52:00,7600,7575,7600,7575,1200
2021-12-14 13:53:00,7575,7575,7600,7600,5100
2021-12-14 13:54:00,7600,7600,7600,7600,900
2021-12-14 13:55:00,7575,7575,7600,7600,66200
2021-12-14 13:56:00,7575,7575,7575,7575,1500
2021-12-14 13:57:00,7575,7575,7600,7600,13800
2021-12-14 13:58:00,7600,7600,7600,7600,3300
2021-12-14 13:59:00,7600,7600,7600,7600,2100
2021-12-14 14:00:00,7575,7575,7600,7600,2900
2021-12-14 14:01:00,7600,7600,7600,7600,1100
2021-12-14 14:02:00,7575,7575,7600,7575,5800
2021-12-14 14:03:00,7600,7600,7600,7600,100
2021-12-14 14:04:00,7575,7575,7575,7575,4600
2021-12-14 14:05:00,7575,7575,7575,7575,10000
2021-12-14 14:06:00,7575,7575,7600,7575,10100
2021-12-14 14:07:00,7575,7575,7600,7600,300
2021-12-14 14:08:00,7575,7575,7575,7575,3200
2021-12-14 14:09:00,7600,7600,7600,7600,1200
2021-12-14 14:10:00,7600,7575,7600,7600,6100
2021-12-14 14:11:00,7575,7575,7600,7600,25700
2021-12-14 14:12:00,7600,7575,7600,7600,3900
2021-12-14 14:13:00,7575,7575,7600,7575,2100
2021-12-14 14:14:00,7600,7600,7600,7600,2100
2021-12-14 14:15:00,7575,7575,7600,7600,19800
2021-12-14 14:16:00,7600,7600,7600,7600,1700
2021-12-14 14:17:00,7600,7600,7600,7600,11200
2021-12-14 14:18:00,7575,7575,7575,7575,4400
2021-12-14 14:19:00,7575,7575,7575,7575,600
2021-12-14 14:20:00,7575,7575,7600,7600,5700
2021-12-14 14:21:00,7600,7600,7600,7600,700
2021-12-14 14:22:00,7575,7575,7575,7575,25700
2021-12-14 14:23:00,7575,7575,7575,7575,6500
2021-12-14 14:24:00,7575,7575,7600,7600,6600
2021-12-14 14:25:00,7600,7600,7600,7600,500
2021-12-14 14:26:00,7575,7575,7575,7575,5500
2021-12-14 14:27:00,7575,7575,7600,7600,3100
2021-12-14 14:28:00,7575,7575,7600,7600,6700
2021-12-14 14:29:00,7600,7600,7600,7600,200
2021-12-14 14:30:00,7575,7575,7575,7575,7000
2021-12-14 14:31:00,7600,7575,7600,7575,600
2021-12-14 14:32:00,7575,7575,7600,7600,37000
2021-12-14 14:33:00,7600,7600,7600,7600,3200
2021-12-14 14:34:00,7575,7575,7600,7575,5500
2021-12-14 14:35:00,7600,7600,7600,7600,10900
2021-12-14 14:36:00,7600,7600,7600,7600,5600
2021-12-14 14:37:00,7600,7600,7600,7600,10600
2021-12-14 14:38:00,7600,7600,7600,7600,6300
2021-12-14 14:39:00,7575,7575,7600,7600,4900
2021-12-14 14:40:00,7575,7575,7600,7600,3100
2021-12-14 14:41:00,7575,7575,7575,7575,6600
2021-12-14 14:42:00,7575,7575,7575,7575,1800
2021-12-14 14:43:00,7575,7575,7600,7600,2800
2021-12-14 14:44:00,7600,7600,7600,7600,6300
2021-12-14 14:45:00,7600,7575,7600,7575,1200
2021-12-14 14:46:00,7600,7600,7600,7600,53200
2021-12-14 14:47:00,7600,7575,7600,7600,2600
2021-12-14 14:48:00,7600,7600,7600,7600,200
2021-12-14 14:49:00,7600,7600,7600,7600,7100
2021-12-14 14:50:00,7600,7600,7600,7600,0
2021-12-14 14:51:00,7600,7600,7600,7600,0
2021-12-14 14:52:00,7600,7600,7600,7600,0
2021-12-14 14:53:00,7600,7600,7600,7600,0
2021-12-14 14:54:00,7600,7600,7600,7600,0
2021-12-14 14:55:00,7600,7600,7600,7600,0
2021-12-14 14:56:00,7600,7600,7600,7600,0
2021-12-14 14:57:00,7600,7600,7600,7600,0
2021-12-14 14:58:00,7600,7600,7600,7600,0
2021-12-14 14:59:00,7600,7600,7600,7600,0
2021-12-14 15:00:00,7600,7600,7600,7600,176000
2021-12-14 15:01:00,7600,7600,7600,7600,68200
2021-12-14 15:02:00,7600,7600,7600,7600,1100
2021-12-14 15:03:00,7600,7600,7600,7600,100
2021-12-14 15:04:00,7600,7600,7600,7600,0
2021-12-14 15:05:00,7600,7600,7600,7600,300
2021-12-14 15:06:00,7600,7600,7600,7600,100
2021-12-14 15:07:00,7600,7600,7600,7600,0
2021-12-14 15:08:00,7600,7600,7600,7600,46800
2021-12-14 15:09:00,7600,7600,7600,7600,0
2021-12-14 15:10:00,7600,7600,7600,7600,0
2021-12-14 15:11:00,7600,7600,7600,7600,0
2021-12-14 15:12:00,7600,7600,7600,7600,5000
2021-12-14 15:13:00,7600,7600,7600,7600,0
2021-12-14 15:14:00,7600,7600,7600,7600,2292500
2021-12-14 15:15:00,7600,7600,7600,7600,0
2021-12-14 15:16:00,7600,7600,7600,7600,0
2021-12-14 15:17:00,7600,7600,7600,7600,0
2021-12-14 15:18:00,7600,7600,7600,7600,0
2021-12-14 15:19:00,7600,7600,7600,7600,0
2021-12-14 15:20:00,7600,7600,7600,7600,0
2021-12-14 15:21:00,7600,7600,7600,7600,0
2021-12-14 15:22:00,7600,7600,7600,7600,0
2021-12-14 15:23:00,7600,7600,7600,7600,0
2021-12-14 15:24:00,7600,7600,7600,7600,0
2021-12-14 15:25:00,7600,7600,7600,7600,0
2021-12-14 15:26:00,7600,7600,7600,7600,0
2021-12-14 15:27:00,7600,7600,7600,7600,0
2021-12-14 15:28:00,7600,7600,7600,7600,0
2021-12-14 15:29:00,7600,7600,7600,7600,0
2021-12-14 15:30:00,7600,7600,7600,7600,0
2021-12-14 15:31:00,7600,7600,7600,7600,0
2021-12-14 15:32:00,7600,7600,7600,7600,0
2021-12-14 15:33:00,7600,7600,7600,7600,0
2021-12-14 15:34:00,7600,7600,7600,7600,0
2021-12-14 15:35:00,7600,7600,7600,7600,0
2021-12-14 15:36:00,7600,7600,7600,7600,0
2021-12-14 15:37:00,7600,7600,7600,7600,0
2021-12-14 15:38:00,7600,7600,7600,7600,0
2021-12-14 15:39:00,7600,7600,7600,7600,0
2021-12-14 15:40:00,7600,7600,7600,7600,0
2021-12-14 15:41:00,7600,7600,7600,7600,0
2021-12-14 15:42:00,7600,7600,7600,7600,0
2021-12-14 15:43:00,7600,7600,7600,7600,0
2021-12-14 15:44:00,7600,7600,7600,7600,0
2021-12-14 15:45:00,7600,7600,7600,7600,0
2021-12-14 15:46:00,7600,7600,7600,7600,0
2021-12-14 15:47:00,7600,7600,7600,7600,0
2021-12-14 15:48:00,7600,7600,7600,7600,0
2021-12-14 15:49:00,7600,7600,7600,7600,0
2021-12-14 15:50:00,7600,7600,7600,7600,0
2021-12-14 15:51:00,7600,7600,7600,7600,0
2021-12-14 15:52:00,7600,7600,7600,7600,0
2021-12-14 15:53:00,7600,7600,7600,7600,0
2021-12-14 15:54:00,7600,7600,7600,7600,0
2021-12-14 15:55:00,7600,7600,7600,7600,0
2021-12-14 15:56:00,7600,7600,7600,7600,0
2021-12-14 15:57:00,7600,7600,7600,7600,0
2021-12-14 15:58:00,7600,7600,7600,7600,0
2021-12-14 15:59:00,7600,7600,7600,7600,0
2021-12-15 09:00:00,7650,7625,7650,7650,19400
2021-12-15 09:01:00,7650,7600,7650,7600,7200
2021-12-15 09:02:00,7625,7600,7625,7600,1600
2021-12-15 09:03:00,7600,7600,7600,7600,21900
2021-12-15 09:04:00,7600,7600,7600,7600,3000
2021-12-15 09:05:00,7600,7600,7600,7600,500
2021-12-15 09:06:00,7600,7600,7600,7600,100
2021-12-15 09:07:00,7625,7625,7625,7625,1300
2021-12-15 09:08:00,7650,7650,7650,7650,2400
2021-12-15 09:09:00,7650,7625,7650,7625,1800
2021-12-15 09:10:00,7625,7625,7625,7625,9000
2021-12-15 09:11:00,7625,7625,7625,7625,500
2021-12-15 09:12:00,7625,7625,7625,7625,5900
2021-12-15 09:13:00,7625,7625,7625,7625,500
2021-12-15 09:14:00,7625,7600,7625,7600,700
2021-12-15 09:15:00,7625,7600,7625,7600,0
2021-12-15 09:16:00,7600,7600,7625,7625,1100
2021-12-15 09:17:00,7625,7625,7625,7625,600
2021-12-15 09:18:00,7625,7600,7625,7600,200
2021-12-15 09:19:00,7625,7625,7625,7625,2800
2021-12-15 09:20:00,7625,7625,7625,7625,400
2021-12-15 09:21:00,7625,7625,7625,7625,0
2021-12-15 09:22:00,7625,7625,7625,7625,500
2021-12-15 09:23:00,7600,7600,7600,7600,1600
2021-12-15 09:24:00,7600,7600,7600,7600,1600
2021-12-15 09:25:00,7600,7600,7600,7600,4700
2021-12-15 09:26:00,7600,7600,7600,7600,0
2021-12-15 09:27:00,7600,7600,7600,7600,0
2021-12-15 09:28:00,7600,7600,7600,7600,94300
2021-12-15 09:29:00,7600,7600,7600,7600,0
2021-12-15 09:30:00,7600,7600,7600,7600,0
2021-12-15 09:31:00,7600,7600,7600,7600,400
2021-12-15 09:32:00,7600,7600,7600,7600,500
2021-12-15 09:33:00,7600,7600,7600,7600,1000
2021-12-15 09:34:00,7600,7600,7600,7600,2900
2021-12-15 09:35:00,7600,7600,7600,7600,3300
2021-12-15 09:36:00,7600,7600,7600,7600,400
2021-12-15 09:37:00,7600,7600,7600,7600,2900
2021-12-15 09:38:00,7600,7600,7600,7600,0
2021-12-15 09:39:00,7600,7600,7600,7600,4000
2021-12-15 09:40:00,7600,7600,7600,7600,400
2021-12-15 09:41:00,7625,7625,7625,7625,600
2021-12-15 09:42:00,7625,7625,7625,7625,600
2021-12-15 09:43:00,7625,7625,7625,7625,200
2021-12-15 09:44:00,7625,7625,7625,7625,0
2021-12-15 09:45:00,7625,7625,7625,7625,0
2021-12-15 09:46:00,7600,7600,7600,7600,5000
2021-12-15 09:47:00,7600,7600,7625,7625,800
2021-12-15 09:48:00,7600,7600,7625,7625,5500
2021-12-15 09:49:00,7600,7600,7625,7625,0
2021-12-15 09:50:00,7625,7600,7625,7600,1600
2021-12-15 09:51:00,7600,7600,7600,7600,400
2021-12-15 09:52:00,7625,7600,7625,7600,3100
2021-12-15 09:53:00,7600,7600,7600,7600,1400
2021-12-15 09:54:00,7600,7600,7600,7600,0
2021-12-15 09:55:00,7625,7600,7625,7600,300
2021-12-15 09:56:00,7625,7600,7625,7600,4200
2021-12-15 09:57:00,7600,7600,7600,7600,1000
2021-12-15 09:58:00,7625,7625,7625,7625,4000
2021-12-15 09:59:00,7625,7625,7625,7625,600
2021-12-15 10:00:00,7600,7600,7600,7600,500
2021-12-15 10:01:00,7600,7600,7600,7600,400
2021-12-15 10:02:00,7600,7600,7625,7625,4000
2021-12-15 10:03:00,7625,7625,7625,7625,1500
2021-12-15 10:04:00,7625,7625,7625,7625,5000
2021-12-15 10:05:00,7625,7625,7625,7625,900
2021-12-15 10:06:00,7600,7600,7600,7600,2000
2021-12-15 10:07:00,7625,7625,7625,7625,200
2021-12-15 10:08:00,7600,7600,7600,7600,31000
2021-12-15 10:09:00,7600,7600,7600,7600,4000
2021-12-15 10:10:00,7600,7600,7625,7600,4600
2021-12-15 10:11:00,7600,7600,7625,7600,0
2021-12-15 10:12:00,7625,7625,7625,7625,6500
2021-12-15 10:13:00,7600,7600,7600,7600,300
2021-12-15 10:14:00,7600,7600,7600,7600,0
2021-12-15 10:15:00,7600,7600,7625,7600,14100
2021-12-15 10:16:00,7600,7600,7625,7600,0
2021-12-15 10:17:00,7600,7600,7600,7600,2000
2021-12-15 10:18:00,7600,7600,7600,7600,0
2021-12-15 10:19:00,7600,7600,7600,7600,100
2021-12-15 10:20:00,7600,7600,7600,7600,2100
2021-12-15 10:21:00,7600,7600,7600,7600,42200
2021-12-15 10:22:00,7600,7575,7600,7575,21700
2021-12-15 10:23:00,7575,7575,7575,7575,1700
2021-12-15 10:24:00,7575,7575,7575,7575,3500
2021-12-15 10:25:00,7600,7575,7600,7575,6800
2021-12-15 10:26:00,7550,7550,7550,7550,6400
2021-12-15 10:27:00,7600,7600,7600,7600,200
2021-12-15 10:28:00,7575,7575,7575,7575,2600
2021-12-15 10:29:00,7575,7575,7575,7575,4300
2021-12-15 10:30:00,7575,7575,7575,7575,12300
2021-12-15 10:31:00,7600,7600,7600,7600,100
2021-12-15 10:32:00,7600,7600,7600,7600,200
2021-12-15 10:33:00,7600,7600,7600,7600,100
2021-12-15 10:34:00,7600,7600,7600,7600,500
2021-12-15 10:35:00,7600,7600,7600,7600,0
2021-12-15 10:36:00,7600,7600,7600,7600,200
2021-12-15 10:37:00,7600,7600,7600,7600,0
2021-12-15 10:38:00,7600,7600,7600,7600,0
2021-12-15 10:39:00,7600,7600,7600,7600,500
2021-12-15 10:40:00,7600,7575,7600,7575,4200
2021-12-15 10:41:00,7600,7575,7600,7575,0
2021-12-15 10:42:00,7575,7575,7575,7575,500
2021-12-15 10:43:00,7575,7575,7600,7600,2900
2021-12-15 10:44:00,7600,7600,7600,7600,30200
2021-12-15 10:45:00,7600,7600,7600,7600,1200
2021-12-15 10:46:00,7575,7575,7575,7575,7900
2021-12-15 10:47:00,7575,7575,7575,7575,22400
2021-12-15 10:48:00,7575,7575,7575,7575,500
2021-12-15 10:49:00,7575,7575,7575,7575,0
2021-12-15 10:50:00,7550,7550,7550,7550,7800
2021-12-15 10:51:00,7550,7550,7575,7550,32200
2021-12-15 10:52:00,7550,7550,7575,7550,0
2021-12-15 10:53:00,7550,7550,7575,7575,34500
2021-12-15 10:54:00,7550,7525,7550,7525,69100
2021-12-15 10:55:00,7525,7525,7550,7525,9900
2021-12-15 10:56:00,7525,7525,7550,7525,1900
2021-12-15 10:57:00,7525,7525,7550,7550,1100
2021-12-15 10:58:00,7525,7525,7550,7525,4400
2021-12-15 10:59:00,7525,7525,7525,7525,800
2021-12-15 11:00:00,7550,7525,7550,7525,1600
2021-12-15 11:01:00,7525,7525,7525,7525,4100
2021-12-15 11:02:00,7525,7500,7525,7525,44800
2021-12-15 11:03:00,7525,7525,7525,7525,5100
2021-12-15 11:04:00,7525,7500,7525,7500,2700
2021-12-15 11:05:00,7500,7500,7500,7500,1300
2021-12-15 11:06:00,7500,7500,7525,7500,5800
2021-12-15 11:07:00,7500,7500,7500,7500,13600
2021-12-15 11:08:00,7500,7500,7525,7500,2800
2021-12-15 11:09:00,7525,7500,7525,7525,5400
2021-12-15 11:10:00,7525,7525,7525,7525,1700
2021-12-15 11:11:00,7525,7500,7525,7500,1100
2021-12-15 11:12:00,7500,7500,7525,7525,1800
2021-12-15 11:13:00,7525,7500,7525,7525,21100
2021-12-15 11:14:00,7525,7525,7525,7525,400
2021-12-15 11:15:00,7525,7525,7525,7525,1700
2021-12-15 11:16:00,7525,7525,7525,7525,2200
2021-12-15 11:17:00,7525,7500,7525,7525,46100
2021-12-15 11:18:00,7525,7500,7525,7525,0
2021-12-15 11:19:00,7525,7525,7550,7550,16200
2021-12-15 11:20:00,7550,7550,7550,7550,5000
2021-12-15 11:21:00,7525,7500,7525,7500,72300
2021-12-15 11:22:00,7525,7525,7525,7525,700
2021-12-15 11:23:00,7525,7500,7525,7525,13300
2021-12-15 11:24:00,7525,7525,7525,7525,200
2021-12-15 11:25:00,7500,7500,7525,7500,8300
2021-12-15 11:26:00,7525,7525,7525,7525,300
2021-12-15 11:27:00,7525,7500,7525,7525,41500
2021-12-15 11:28:00,7525,7525,7525,7525,300
2021-12-15 11:29:00,7525,7525,7525,7525,5400
2021-12-15 11:30:00,7525,7525,7525,7525,0
2021-12-15 11:31:00,7525,7525,7525,7525,0
2021-12-15 11:32:00,7525,7525,7525,7525,0
2021-12-15 11:33:00,7525,7525,7525,7525,0
2021-12-15 11:34:00,7525,7525,7525,7525,0
2021-12-15 11:35:00,7525,7525,7525,7525,0
2021-12-15 11:36:00,7525,7525,7525,7525,0
2021-12-15 11:37:00,7525,7525,7525,7525,0
2021-12-15 11:38:00,7525,7525,7525,7525,0
2021-12-15 11:39:00,7525,7525,7525,7525,0
2021-12-15 11:40:00,7525,7525,7525,7525,0
2021-12-15 11:41:00,7525,7525,7525,7525,0
2021-12-15 11:42:00,7525,7525,7525,7525,0
2021-12-15 11:43:00,7525,7525,7525,7525,0
2021-12-15 11:44:00,7525,7525,7525,7525,0
2021-12-15 11:45:00,7525,7525,7525,7525,0
2021-12-15 11:46:00,7525,7525,7525,7525,0
2021-12-15 11:47:00,7525,7525,7525,7525,0
2021-12-15 11:48:00,7525,7525,7525,7525,0
2021-12-15 11:49:00,7525,7525,7525,7525,0
2021-12-15 11:50:00,7525,7525,7525,7525,0
2021-12-15 11:51:00,7525,7525,7525,7525,0
2021-12-15 11:52:00,7525,7525,7525,7525,0
2021-12-15 11:53:00,7525,7525,7525,7525,0
2021-12-15 11:54:00,7525,7525,7525,7525,0
2021-12-15 11:55:00,7525,7525,7525,7525,0
2021-12-15 11:56:00,7525,7525,7525,7525,0
2021-12-15 11:57:00,7525,7525,7525,7525,0
2021-12-15 11:58:00,7525,7525,7525,7525,0
2021-12-15 11:59:00,7525,7525,7525,7525,0
2021-12-15 12:00:00,7525,7525,7525,7525,0
2021-12-15 12:01:00,7525,7525,7525,7525,0
2021-12-15 12:02:00,7525,7525,7525,7525,0
2021-12-15 12:03:00,7525,7525,7525,7525,0
2021-12-15 12:04:00,7525,7525,7525,7525,0
2021-12-15 12:05:00,7525,7525,7525,7525,0
2021-12-15 12:06:00,7525,7525,7525,7525,0
2021-12-15 12:07:00,7525,7525,7525,7525,0
2021-12-15 12:08:00,7525,7525,7525,7525,0
2021-12-15 12:09:00,7525,7525,7525,7525,0
2021-12-15 12:10:00,7525,7525,7525,7525,0
2021-12-15 12:11:00,7525,7525,7525,7525,0
2021-12-15 12:12:00,7525,7525,7525,7525,0
2021-12-15 12:13:00,7525,7525,7525,7525,0
2021-12-15 12:14:00,7525,7525,7525,7525,0
2021-12-15 12:15:00,7525,7525,7525,7525,0
2021-12-15 12:16:00,7525,7525,7525,7525,0
2021-12-15 12:17:00,7525,7525,7525,7525,0
2021-12-15 12:18:00,7525,7525,7525,7525,0
2021-12-15 12:19:00,7525,7525,7525,7525,0
2021-12-15 12:20:00,7525,7525,7525,7525,0
2021-12-15 12:21:00,7525,7525,7525,7525,0
2021-12-15 12:22:00,7525,7525,7525,7525,0
2021-12-15 12:23:00,7525,7525,7525,7525,0
2021-12-15 12:24:00,7525,7525,7525,7525,0
2021-12-15 12:25:00,7525,7525,7525,7525,0
2021-12-15 12:26:00,7525,7525,7525,7525,0
2021-12-15 12:27:00,7525,7525,7525,7525,0
2021-12-15 12:28:00,7525,7525,7525,7525,0
2021-12-15 12:29:00,7525,7525,7525,7525,0
2021-12-15 12:30:00,7525,7525,7525,7525,0
2021-12-15 12:31:00,7525,7525,7525,7525,0
2021-12-15 12:32:00,7525,7525,7525,7525,0
2021-12-15 12:33:00,7525,7525,7525,7525,0
2021-12-15 12:34:00,7525,7525,7525,7525,0
2021-12-15 12:35:00,7525,7525,7525,7525,0
2021-12-15 12:36:00,7525,7525,7525,7525,0
2021-12-15 12:37:00,7525,7525,7525,7525,0
2021-12-15 12:38:00,7525,7525,7525,7525,0
2021-12-15 12:39:00,7525,7525,7525,7525,0
2021-12-15 12:40:00,7525,7525,7525,7525,0
2021-12-15 12:41:00,7525,7525,7525,7525,0
2021-12-15 12:42:00,7525,7525,7525,7525,0
2021-12-15 12:43:00,7525,7525,7525,7525,0
2021-12-15 12:44:00,7525,7525,7525,7525,0
2021-12-15 12:45:00,7525,7525,7525,7525,0
2021-12-15 12:46:00,7525,7525,7525,7525,0
2021-12-15 12:47:00,7525,7525,7525,7525,0
2021-12-15 12:48:00,7525,7525,7525,7525,0
2021-12-15 12:49:00,7525,7525,7525,7525,0
2021-12-15 12:50:00,7525,7525,7525,7525,0
2021-12-15 12:51:00,7525,7525,7525,7525,0
2021-12-15 12:52:00,7525,7525,7525,7525,0
2021-12-15 12:53:00,7525,7525,7525,7525,0
2021-12-15 12:54:00,7525,7525,7525,7525,0
2021-12-15 12:55:00,7525,7525,7525,7525,0
2021-12-15 12:56:00,7525,7525,7525,7525,0
2021-12-15 12:57:00,7525,7525,7525,7525,0
2021-12-15 12:58:00,7525,7525,7525,7525,0
2021-12-15 12:59:00,7525,7525,7525,7525,0
2021-12-15 13:00:00,7525,7525,7525,7525,0
2021-12-15 13:01:00,7525,7525,7525,7525,0
2021-12-15 13:02:00,7525,7525,7525,7525,0
2021-12-15 13:03:00,7525,7525,7525,7525,0
2021-12-15 13:04:00,7525,7525,7525,7525,0
2021-12-15 13:05:00,7525,7525,7525,7525,0
2021-12-15 13:06:00,7525,7525,7525,7525,0
2021-12-15 13:07:00,7525,7525,7525,7525,0
2021-12-15 13:08:00,7525,7525,7525,7525,0
2021-12-15 13:09:00,7525,7525,7525,7525,0
2021-12-15 13:10:00,7525,7525,7525,7525,0
2021-12-15 13:11:00,7525,7525,7525,7525,0
2021-12-15 13:12:00,7525,7525,7525,7525,0
2021-12-15 13:13:00,7525,7525,7525,7525,0
2021-12-15 13:14:00,7525,7525,7525,7525,0
2021-12-15 13:15:00,7525,7525,7525,7525,0
2021-12-15 13:16:00,7525,7525,7525,7525,0
2021-12-15 13:17:00,7525,7525,7525,7525,0
2021-12-15 13:18:00,7525,7525,7525,7525,0
2021-12-15 13:19:00,7525,7525,7525,7525,0
2021-12-15 13:20:00,7525,7525,7525,7525,0
2021-12-15 13:21:00,7525,7525,7525,7525,0
2021-12-15 13:22:00,7525,7525,7525,7525,0
2021-12-15 13:23:00,7525,7525,7525,7525,0
2021-12-15 13:24:00,7525,7525,7525,7525,0
2021-12-15 13:25:00,7525,7525,7525,7525,0
2021-12-15 13:26:00,7525,7525,7525,7525,0
2021-12-15 13:27:00,7525,7525,7525,7525,0
2021-12-15 13:28:00,7525,7525,7525,7525,0
2021-12-15 13:29:00,7525,7525,7525,7525,0
2021-12-15 13:30:00,7525,7500,7525,7500,15600
2021-12-15 13:31:00,7525,7525,7525,7525,7500
2021-12-15 13:32:00,7525,7500,7525,7500,7200
2021-12-15 13:33:00,7525,7525,7525,7525,5200
2021-12-15 13:34:00,7525,7500,7525,7500,2000
2021-12-15 13:35:00,7500,7500,7525,7525,43600
2021-12-15 13:36:00,7500,7500,7525,7525,0
2021-12-15 13:37:00,7525,7525,7550,7550,200
2021-12-15 13:38:00,7525,7525,7550,7550,0
2021-12-15 13:39:00,7550,7550,7550,7550,300
2021-12-15 13:40:00,7550,7550,7550,7550,100
2021-12-15 13:41:00,7550,7550,7550,7550,5800
2021-12-15 13:42:00,7550,7550,7550,7550,3100
2021-12-15 13:43:00,7550,7550,7550,7550,5400
2021-12-15 13:44:00,7525,7525,7550,7550,3300
2021-12-15 13:45:00,7550,7550,7550,7550,500
2021-12-15 13:46:00,7550,7550,7550,7550,1100
2021-12-15 13:47:00,7550,7550,7550,7550,5400
2021-12-15 13:48:00,7550,7550,7550,7550,0
2021-12-15 13:49:00,7525,7525,7525,7525,800
2021-12-15 13:50:00,7550,7525,7550,7525,12700
2021-12-15 13:51:00,7550,7525,7550,7525,0
2021-12-15 13:52:00,7525,7525,7525,7525,300
2021-12-15 13:53:00,7525,7525,7525,7525,500
2021-12-15 13:54:00,7525,7525,7525,7525,13100
2021-12-15 13:55:00,7525,7525,7550,7550,5800
2021-12-15 13:56:00,7525,7525,7525,7525,20400
2021-12-15 13:57:00,7525,7525,7525,7525,2300
2021-12-15 13:58:00,7525,7525,7525,7525,0
2021-12-15 13:59:00,7525,7525,7550,7525,1600
2021-12-15 14:00:00,7525,7525,7550,7550,5200
2021-12-15 14:01:00,7525,7525,7525,7525,800
2021-12-15 14:02:00,7525,7525,7525,7525,3400
2021-12-15 14:03:00,7525,7525,7550,7550,14100
2021-12-15 14:04:00,7525,7525,7550,7550,0
2021-12-15 14:05:00,7525,7525,7550,7550,700
2021-12-15 14:06:00,7550,7525,7550,7525,7100
2021-12-15 14:07:00,7525,7525,7550,7550,1000
2021-12-15 14:08:00,7525,7525,7550,7550,5600
2021-12-15 14:09:00,7525,7525,7525,7525,7700
2021-12-15 14:10:00,7550,7550,7550,7550,8000
2021-12-15 14:11:00,7525,7525,7525,7525,4500
2021-12-15 14:12:00,7525,7525,7525,7525,2400
2021-12-15 14:13:00,7525,7525,7525,7525,1300
2021-12-15 14:14:00,7525,7525,7525,7525,600
2021-12-15 14:15:00,7550,7525,7550,7550,5000
2021-12-15 14:16:00,7550,7550,7550,7550,2300
2021-12-15 14:17:00,7550,7525,7550,7525,62000
2021-12-15 14:18:00,7500,7500,7525,7525,14200
2021-12-15 14:19:00,7525,7525,7525,7525,2600
2021-12-15 14:20:00,7500,7500,7525,7525,1600
2021-12-15 14:21:00,7525,7525,7525,7525,700
2021-12-15 14:22:00,7525,7500,7525,7500,4800
2021-12-15 14:23:00,7500,7500,7525,7500,28600
2021-12-15 14:24:00,7500,7500,7500,7500,51300
2021-12-15 14:25:00,7500,7500,7500,7500,145700
2021-12-15 14:26:00,7500,7450,7500,7450,154100
2021-12-15 14:27:00,7450,7450,7450,7450,4100
2021-12-15 14:28:00,7450,7450,7475,7475,10800
2021-12-15 14:29:00,7450,7425,7475,7425,67700
2021-12-15 14:30:00,7450,7425,7450,7450,19000
2021-12-15 14:31:00,7450,7425,7450,7450,2000
2021-12-15 14:32:00,7450,7425,7450,7450,6700
2021-12-15 14:33:00,7425,7425,7450,7450,800
2021-12-15 14:34:00,7450,7425,7450,7425,3200
2021-12-15 14:35:00,7425,7425,7450,7450,7100
2021-12-15 14:36:00,7450,7425,7450,7450,22400
2021-12-15 14:37:00,7450,7425,7450,7425,30700
2021-12-15 14:38:00,7450,7450,7475,7450,70000
2021-12-15 14:39:00,7475,7475,7475,7475,26300
2021-12-15 14:40:00,7475,7450,7475,7450,4800
2021-12-15 14:41:00,7475,7450,7475,7475,9200
2021-12-15 14:42:00,7475,7475,7500,7500,55800
2021-12-15 14:43:00,7500,7500,7500,7500,15300
2021-12-15 14:44:00,7500,7475,7500,7500,6600
2021-12-15 14:45:00,7500,7500,7500,7500,6000
2021-12-15 14:46:00,7500,7475,7500,7500,15200
2021-12-15 14:47:00,7500,7500,7525,7525,22100
2021-12-15 14:48:00,7500,7500,7500,7500,11300
2021-12-15 14:49:00,7500,7475,7500,7475,28400
2021-12-15 14:50:00,7500,7475,7500,7475,0
2021-12-15 14:51:00,7500,7475,7500,7475,0
2021-12-15 14:52:00,7500,7475,7500,7475,0
2021-12-15 14:53:00,7500,7475,7500,7475,0
2021-12-15 14:54:00,7500,7475,7500,7475,0
2021-12-15 14:55:00,7500,7475,7500,7475,0
2021-12-15 14:56:00,7500,7475,7500,7475,0
2021-12-15 14:57:00,7500,7475,7500,7475,0
2021-12-15 14:58:00,7500,7475,7500,7475,0
2021-12-15 14:59:00,7500,7475,7500,7475,0
2021-12-15 15:00:00,7475,7475,7475,7475,211000
2021-12-15 15:01:00,7475,7475,7475,7475,1700
2021-12-15 15:02:00,7475,7475,7475,7475,11500
2021-12-15 15:03:00,7475,7475,7475,7475,1000
2021-12-15 15:04:00,7475,7475,7475,7475,1500
2021-12-15 15:05:00,7475,7475,7475,7475,1600
2021-12-15 15:06:00,7475,7475,7475,7475,1500
2021-12-15 15:07:00,7475,7475,7475,7475,2800
2021-12-15 15:08:00,7475,7475,7475,7475,100
2021-12-15 15:09:00,7475,7475,7475,7475,16600
2021-12-15 15:10:00,7475,7475,7475,7475,400
2021-12-15 15:11:00,7475,7475,7475,7475,600
2021-12-15 15:12:00,7475,7475,7475,7475,900
2021-12-15 15:13:00,7475,7475,7475,7475,1000
2021-12-15 15:14:00,7475,7475,7475,7475,2280100
2021-12-15 15:15:00,7475,7475,7475,7475,0
2021-12-15 15:16:00,7475,7475,7475,7475,0
2021-12-15 15:17:00,7475,7475,7475,7475,0
2021-12-15 15:18:00,7475,7475,7475,7475,0
2021-12-15 15:19:00,7475,7475,7475,7475,0
2021-12-15 15:20:00,7475,7475,7475,7475,0
2021-12-15 15:21:00,7475,7475,7475,7475,0
2021-12-15 15:22:00,7475,7475,7475,7475,0
2021-12-15 15:23:00,7475,7475,7475,7475,0
2021-12-15 15:24:00,7475,7475,7475,7475,0
2021-12-15 15:25:00,7475,7475,7475,7475,0
2021-12-15 15:26:00,7475,7475,7475,7475,0
2021-12-15 15:27:00,7475,7475,7475,7475,0
2021-12-15 15:28:00,7475,7475,7475,7475,0
2021-12-15 15:29:00,7475,7475,7475,7475,0
2021-12-15 15:30:00,7475,7475,7475,7475,0
2021-12-15 15:31:00,7475,7475,7475,7475,0
2021-12-15 15:32:00,7475,7475,7475,7475,0
2021-12-15 15:33:00,7475,7475,7475,7475,0
2021-12-15 15:34:00,7475,7475,7475,7475,0
2021-12-15 15:35:00,7475,7475,7475,7475,0
2021-12-15 15:36:00,7475,7475,7475,7475,0
2021-12-15 15:37:00,7475,7475,7475,7475,0
2021-12-15 15:38:00,7475,7475,7475,7475,0
2021-12-15 15:39:00,7475,7475,7475,7475,0
2021-12-15 15:40:00,7475,7475,7475,7475,0
2021-12-15 15:41:00,7475,7475,7475,7475,0
2021-12-15 15:42:00,7475,7475,7475,7475,0
2021-12-15 15:43:00,7475,7475,7475,7475,0
2021-12-15 15:44:00,7475,7475,7475,7475,0
2021-12-15 15:45:00,7475,7475,7475,7475,0
2021-12-15 15:46:00,7475,7475,7475,7475,0
2021-12-15 15:47:00,7475,7475,7475,7475,0
2021-12-15 15:48:00,7475,7475,7475,7475,0
2021-12-15 15:49:00,7475,7475,7475,7475,0
2021-12-15 15:50:00,7475,7475,7475,7475,0
2021-12-15 15:51:00,7475,7475,7475,7475,0
2021-12-15 15:52:00,7475,7475,7475,7475,0
2021-12-15 15:53:00,7475,7475,7475,7475,0
2021-12-15 15:54:00,7475,7475,7475,7475,0
2021-12-15 15:55:00,7475,7475,7475,7475,0
2021-12-15 15:56:00,7475,7475,7475,7475,0
2021-12-15 15:57:00,7475,7475,7475,7475,0
2021-12-15 15:58:00,7475,7475,7475,7475,0
2021-12-15 15:59:00,7475,7475,7475,7475,0
2021-12-16 09:00:00,7500,7500,7525,7525,6800
2021-12-16 09:01:00,7500,7500,7550,7550,16800
2021-12-16 09:02:00,7525,7525,7525,7525,1800
2021-12-16 09:03:00,7525,7525,7525,7525,700
2021-12-16 09:04:00,7525,7525,7550,7550,1200
2021-12-16 09:05:00,7550,7525,7550,7525,14200
2021-12-16 09:06:00,7525,7525,7550,7525,6900
2021-12-16 09:07:00,7550,7525,7550,7525,1000
2021-12-16 09:08:00,7525,7525,7550,7525,42500
2021-12-16 09:09:00,7525,7525,7550,7525,0
2021-12-16 09:10:00,7525,7525,7525,7525,1700
2021-12-16 09:11:00,7525,7525,7525,7525,21700
2021-12-16 09:12:00,7550,7550,7550,7550,1500
2021-12-16 09:13:00,7550,7550,7550,7550,100
2021-12-16 09:14:00,7525,7500,7525,7500,12400
2021-12-16 09:15:00,7500,7475,7500,7475,34400
2021-12-16 09:16:00,7475,7450,7475,7450,62400
2021-12-16 09:17:00,7450,7450,7475,7450,20300
2021-12-16 09:18:00,7450,7450,7475,7450,4800
2021-12-16 09:19:00,7450,7450,7450,7450,23200
2021-12-16 09:20:00,7450,7425,7450,7425,34700
2021-12-16 09:21:00,7425,7425,7450,7425,8300
2021-12-16 09:22:00,7425,7400,7450,7425,83900
2021-12-16 09:23:00,7425,7400,7425,7400,65100
2021-12-16 09:24:00,7425,7400,7425,7425,31900
2021-12-16 09:25:00,7425,7425,7450,7450,1100
2021-12-16 09:26:00,7450,7425,7450,7425,15400
2021-12-16 09:27:00,7425,7400,7425,7400,34500
2021-12-16 09:28:00,7400,7375,7425,7400,25700
2021-12-16 09:29:00,7400,7400,7425,7400,15700
2021-12-16 09:30:00,7400,7400,7425,7400,17900
2021-12-16 09:31:00,7400,7400,7400,7400,11300
2021-12-16 09:32:00,7400,7375,7400,7400,18300
2021-12-16 09:33:00,7400,7375,7400,7400,22600
2021-12-16 09:34:00,7425,7400,7425,7400,2900
2021-12-16 09:35:00,7425,7425,7425,7425,10200
2021-12-16 09:36:00,7425,7400,7425,7400,3600
2021-12-16 09:37:00,7425,7425,7425,7425,800
2021-12-16 09:38:00,7425,7400,7425,7400,1700
2021-12-16 09:39:00,7400,7400,7425,7425,1500
2021-12-16 09:40:00,7400,7400,7425,7425,1800
2021-12-16 09:41:00,7425,7425,7425,7425,3100
2021-12-16 09:42:00,7425,7400,7425,7425,3600
2021-12-16 09:43:00,7425,7425,7425,7425,300
2021-12-16 09:44:00,7425,7425,7425,7425,400
2021-12-16 09:45:00,7425,7425,7425,7425,900
2021-12-16 09:46:00,7425,7425,7425,7425,5200
2021-12-16 09:47:00,7425,7425,7425,7425,1400
2021-12-16 09:48:00,7425,7425,7425,7425,700
2021-12-16 09:49:00,7425,7425,7425,7425,1100
2021-12-16 09:50:00,7425,7425,7425,7425,43600
2021-12-16 09:51:00,7425,7400,7425,7425,39700
2021-12-16 09:52:00,7425,7425,7450,7425,14100
2021-12-16 09:53:00,7425,7425,7450,7450,9400
2021-12-16 09:54:00,7450,7425,7450,7425,900
2021-12-16 09:55:00,7450,7425,7450,7450,2700
2021-12-16 09:56:00,7450,7450,7450,7450,500
2021-12-16 09:57:00,7450,7450,7450,7450,700
2021-12-16 09:58:00,7450,7450,7450,7450,5700
2021-12-16 09:59:00,7450,7450,7450,7450,11000
2021-12-16 10:00:00,7450,7450,7450,7450,1000
2021-12-16 10:01:00,7450,7450,7450,7450,300
2021-12-16 10:02:00,7450,7450,7450,7450,100
2021-12-16 10:03:00,7425,7425,7450,7450,500
2021-12-16 10:04:00,7425,7425,7450,7450,0
2021-12-16 10:05:00,7450,7450,7450,7450,200
2021-12-16 10:06:00,7450,7450,7450,7450,500
2021-12-16 10:07:00,7425,7425,7450,7450,400
2021-12-16 10:08:00,7450,7450,7450,7450,200
2021-12-16 10:09:00,7450,7450,7450,7450,0
2021-12-16 10:10:00,7450,7450,7450,7450,0
2021-12-16 10:11:00,7450,7425,7450,7425,3400
2021-12-16 10:12:00,7425,7425,7425,7425,1500
2021-12-16 10:13:00,7450,7450,7450,7450,100
2021-12-16 10:14:00,7450,7450,7450,7450,0
2021-12-16 10:15:00,7450,7425,7450,7425,2100
2021-12-16 10:16:00,7425,7425,7425,7425,1600
2021-12-16 10:17:00,7425,7425,7425,7425,300
2021-12-16 10:18:00,7425,7400,7425,7400,87800
2021-12-16 10:19:00,7425,7425,7425,7425,300
2021-12-16 10:20:00,7400,7400,7400,7400,15900
2021-12-16 10:21:00,7425,7400,7425,7400,1100
2021-12-16 10:22:00,7400,7400,7400,7400,2900
2021-12-16 10:23:00,7400,7400,7425,7425,16300
2021-12-16 10:24:00,7400,7400,7425,7425,0
2021-12-16 10:25:00,7400,7400,7400,7400,1000
2021-12-16 10:26:00,7425,7425,7425,7425,200
2021-12-16 10:27:00,7400,7400,7425,7425,2800
2021-12-16 10:28:00,7400,7400,7400,7400,100
2021-12-16 10:29:00,7425,7400,7425,7400,2700
2021-12-16 10:30:00,7425,7400,7425,7400,3600
2021-12-16 10:31:00,7425,7400,7425,7400,10100
2021-12-16 10:32:00,7425,7400,7425,7400,5000
2021-12-16 10:33:00,7400,7400,7425,7425,400
2021-12-16 10:34:00,7400,7400,7425,7425,0
2021-12-16 10:35:00,7400,7400,7425,7425,0
2021-12-16 10:36:00,7425,7425,7425,7425,200
2021-12-16 10:37:00,7425,7400,7425,7400,600
2021-12-16 10:38:00,7425,7400,7425,7400,0
2021-12-16 10:39:00,7400,7400,7425,7425,11800
2021-12-16 10:40:00,7425,7400,7425,7400,700
2021-12-16 10:41:00,7425,7425,7425,7425,2100
2021-12-16 10:42:00,7400,7400,7425,7425,400
2021-12-16 10:43:00,7425,7425,7425,7425,36000
2021-12-16 10:44:00,7425,7425,7450,7450,200
2021-12-16 10:45:00,7450,7450,7450,7450,1000
2021-12-16 10:46:00,7450,7450,7450,7450,1500
2021-12-16 10:47:00,7425,7425,7450,7450,8400
2021-12-16 10:48:00,7450,7450,7450,7450,500
2021-12-16 10:49:00,7450,7450,7450,7450,100
2021-12-16 10:50:00,7425,7425,7425,7425,50000
2021-12-16 10:51:00,7450,7425,7450,7425,16700
2021-12-16 10:52:00,7425,7425,7425,7425,1600
2021-12-16 10:53:00,7425,7425,7425,7425,1100
2021-12-16 10:54:00,7425,7425,7425,7425,2000
2021-12-16 10:55:00,7425,7425,7425,7425,0
2021-12-16 10:56:00,7425,7425,7425,7425,0
2021-12-16 10:57:00,7400,7400,7400,7400,2100
2021-12-16 10:58:00,7425,7400,7425,7400,23300
2021-12-16 10:59:00,7400,7400,7400,7400,100
2021-12-16 11:00:00,7400,7400,7400,7400,300
2021-12-16 11:01:00,7400,7400,7400,7400,1500
2021-12-16 11:02:00,7400,7400,7400,7400,300
2021-12-16 11:03:00,7400,7400,7400,7400,5600
2021-12-16 11:04:00,7425,7400,7425,7425,12100
2021-12-16 11:05:00,7425,7400,7425,7400,700
2021-12-16 11:06:00,7425,7400,7425,7400,2500
2021-12-16 11:07:00,7400,7400,7425,7425,1300
2021-12-16 11:08:00,7425,7400,7425,7400,2900
2021-12-16 11:09:00,7400,7400,7400,7400,84500
2021-12-16 11:10:00,7400,7400,7400,7400,3600
2021-12-16 11:11:00,7375,7375,7400,7375,50200
2021-12-16 11:12:00,7400,7375,7400,7375,3000
2021-12-16 11:13:00,7375,7350,7400,7350,94900
2021-12-16 11:14:00,7350,7350,7375,7350,12200
2021-12-16 11:15:00,7350,7350,7375,7375,144800
2021-12-16 11:16:00,7375,7325,7375,7325,156400
2021-12-16 11:17:00,7350,7325,7350,7325,29000
2021-12-16 11:18:00,7350,7325,7350,7350,2200
2021-12-16 11:19:00,7325,7300,7350,7325,79500
2021-12-16 11:20:00,7325,7300,7325,7325,17100
2021-12-16 11:21:00,7325,7325,7325,7325,14100
2021-12-16 11:22:00,7325,7300,7325,7300,3600
2021-12-16 11:23:00,7325,7325,7350,7350,14300
2021-12-16 11:24:00,7350,7325,7350,7350,11900
2021-12-16 11:25:00,7350,7350,7350,7350,3800
2021-12-16 11:26:00,7350,7325,7350,7350,7300
2021-12-16 11:27:00,7325,7325,7325,7325,9200
2021-12-16 11:28:00,7350,7300,7350,7325,57000
2021-12-16 11:29:00,7325,7325,7350,7350,9600
2021-12-16 11:30:00,7325,7325,7325,7325,100
2021-12-16 11:31:00,7325,7325,7325,7325,0
2021-12-16 11:32:00,7325,7325,7325,7325,0
2021-12-16 11:33:00,7325,7325,7325,7325,0
2021-12-16 11:34:00,7325,7325,7325,7325,0
2021-12-16 11:35:00,7325,7325,7325,7325,0
2021-12-16 11:36:00,7325,7325,7325,7325,0
2021-12-16 11:37:00,7325,7325,7325,7325,0
2021-12-16 11:38:00,7325,7325,7325,7325,0
2021-12-16 11:39:00,7325,7325,7325,7325,0
2021-12-16 11:40:00,7325,7325,7325,7325,0
2021-12-16 11:41:00,7325,7325,7325,7325,0
2021-12-16 11:42:00,7325,7325,7325,7325,0
2021-12-16 11:43:00,7325,7325,7325,7325,0
2021-12-16 11:44:00,7325,7325,7325,7325,0
2021-12-16 11:45:00,7325,7325,7325,7325,0
2021-12-16 11:46:00,7325,7325,7325,7325,0
2021-12-16 11:47:00,7325,7325,7325,7325,0
2021-12-16 11:48:00,7325,7325,7325,7325,0
2021-12-16 11:49:00,7325,7325,7325,7325,0
2021-12-16 11:50:00,7325,7325,7325,7325,0
2021-12-16 11:51:00,7325,7325,7325,7325,0
2021-12-16 11:52:00,7325,7325,7325,7325,0
2021-12-16 11:53:00,7325,7325,7325,7325,0
2021-12-16 11:54:00,7325,7325,7325,7325,0
2021-12-16 11:55:00,7325,7325,7325,7325,0
2021-12-16 11:56:00,7325,7325,7325,7325,0
2021-12-16 11:57:00,7325,7325,7325,7325,0
2021-12-16 11:58:00,7325,7325,7325,7325,0
2021-12-16 11:59:00,7325,7325,7325,7325,0
2021-12-16 12:00:00,7325,7325,7325,7325,0
2021-12-16 12:01:00,7325,7325,7325,7325,0
2021-12-16 12:02:00,7325,7325,7325,7325,0
2021-12-16 12:03:00,7325,7325,7325,7325,0
2021-12-16 12:04:00,7325,7325,7325,7325,0
2021-12-16 12:05:00,7325,7325,7325,7325,0
2021-12-16 12:06:00,7325,7325,7325,7325,0
2021-12-16 12:07:00,7325,7325,7325,7325,0
2021-12-16 12:08:00,7325,7325,7325,7325,0
2021-12-16 12:09:00,7325,7325,7325,7325,0
2021-12-16 12:10:00,7325,7325,7325,7325,0
2021-12-16 12:11:00,7325,7325,7325,7325,0
2021-12-16 12:12:00,7325,7325,7325,7325,0
2021-12-16 12:13:00,7325,7325,7325,7325,0
2021-12-16 12:14:00,7325,7325,7325,7325,0
2021-12-16 12:15:00,7325,7325,7325,7325,0
2021-12-16 12:16:00,7325,7325,7325,7325,0
2021-12-16 12:17:00,7325,7325,7325,7325,0
2021-12-16 12:18:00,7325,7325,7325,7325,0
2021-12-16 12:19:00,7325,7325,7325,7325,0
2021-12-16 12:20:00,7325,7325,7325,7325,0
2021-12-16 12:21:00,7325,7325,7325,7325,0
2021-12-16 12:22:00,7325,7325,7325,7325,0
2021-12-16 12:23:00,7325,7325,7325,7325,0
2021-12-16 12:24:00,7325,7325,7325,7325,0
2021-12-16 12:25:00,7325,7325,7325,7325,0
2021-12-16 12:26:00,7325,7325,7325,7325,0
2021-12-16 12:27:00,7325,7325,7325,7325,0
2021-12-16 12:28:00,7325,7325,7325,7325,0
2021-12-16 12:29:00,7325,7325,7325,7325,0
2021-12-16 12:30:00,7325,7325,7325,7325,0
2021-12-16 12:31:00,7325,7325,7325,7325,0
2021-12-16 12:32:00,7325,7325,7325,7325,0
2021-12-16 12:33:00,7325,7325,7325,7325,0
2021-12-16 12:34:00,7325,7325,7325,7325,0
2021-12-16 12:35:00,7325,7325,7325,7325,0
2021-12-16 12:36:00,7325,7325,7325,7325,0
2021-12-16 12:37:00,7325,7325,7325,7325,0
2021-12-16 12:38:00,7325,7325,7325,7325,0
2021-12-16 12:39:00,7325,7325,7325,7325,0
2021-12-16 12:40:00,7325,7325,7325,7325,0
2021-12-16 12:41:00,7325,7325,7325,7325,0
2021-12-16 12:42:00,7325,7325,7325,7325,0
2021-12-16 12:43:00,7325,7325,7325,7325,0
2021-12-16 12:44:00,7325,7325,7325,7325,0
2021-12-16 12:45:00,7325,7325,7325,7325,0
2021-12-16 12:46:00,7325,7325,7325,7325,0
2021-12-16 12:47:00,7325,7325,7325,7325,0
2021-12-16 12:48:00,7325,7325,7325,7325,0
2021-12-16 12:49:00,7325,7325,7325,7325,0
2021-12-16 12:50:00,7325,7325,7325,7325,0
2021-12-16 12:51:00,7325,7325,7325,7325,0
2021-12-16 12:52:00,7325,7325,7325,7325,0
2021-12-16 12:53:00,7325,7325,7325,7325,0
2021-12-16 12:54:00,7325,7325,7325,7325,0
2021-12-16 12:55:00,7325,7325,7325,7325,0
2021-12-16 12:56:00,7325,7325,7325,7325,0
2021-12-16 12:57:00,7325,7325,7325,7325,0
2021-12-16 12:58:00,7325,7325,7325,7325,0
2021-12-16 12:59:00,7325,7325,7325,7325,0
2021-12-16 13:00:00,7325,7325,7325,7325,0
2021-12-16 13:01:00,7325,7325,7325,7325,0
2021-12-16 13:02:00,7325,7325,7325,7325,0
2021-12-16 13:03:00,7325,7325,7325,7325,0
2021-12-16 13:04:00,7325,7325,7325,7325,0
2021-12-16 13:05:00,7325,7325,7325,7325,0
2021-12-16 13:06:00,7325,7325,7325,7325,0
2021-12-16 13:07:00,7325,7325,7325,7325,0
2021-12-16 13:08:00,7325,7325,7325,7325,0
2021-12-16 13:09:00,7325,7325,7325,7325,0
2021-12-16 13:10:00,7325,7325,7325,7325,0
2021-12-16 13:11:00,7325,7325,7325,7325,0
2021-12-16 13:12:00,7325,7325,7325,7325,0
2021-12-16 13:13:00,7325,7325,7325,7325,0
2021-12-16 13:14:00,7325,7325,7325,7325,0
2021-12-16 13:15:00,7325,7325,7325,7325,0
2021-12-16 13:16:00,7325,7325,7325,7325,0
2021-12-16 13:17:00,7325,7325,7325,7325,0
2021-12-16 13:18:00,7325,7325,7325,7325,0
2021-12-16 13:19:00,7325,7325,7325,7325,0
2021-12-16 13:20:00,7325,7325,7325,7325,0
2021-12-16 13:21:00,7325,7325,7325,7325,0
2021-12-16 13:22:00,7325,7325,7325,7325,0
2021-12-16 13:23:00,7325,7325,7325,7325,0
2021-12-16 13:24:00,7325,7325,7325,7325,0
2021-12-16 13:25:00,7325,7325,7325,7325,0
2021-12-16 13:26:00,7325,7325,7325,7325,0
2021-12-16 13:27:00,7325,7325,7325,7325,0
2021-12-16 13:28:00,7325,7325,7325,7325,0
2021-12-16 13:29:00,7325,7325,7325,7325,0
2021-12-16 13:30:00,7325,7300,7350,7300,129300
2021-12-16 13:31:00,7300,7300,7325,7300,86600
2021-12-16 13:32:00,7325,7300,7325,7300,13600
2021-12-16 13:33:00,7300,7300,7300,7300,4300
2021-12-16 13:34:00,7325,7300,7325,7325,4700
2021-12-16 13:35:00,7325,7325,7325,7325,13600
2021-12-16 13:36:00,7325,7325,7350,7325,2100
2021-12-16 13:37:00,7350,7325,7350,7325,1900
2021-12-16 13:38:00,7325,7325,7325,7325,24600
2021-12-16 13:39:00,7350,7325,7350,7325,13800
2021-12-16 13:40:00,7325,7325,7325,7325,6100
2021-12-16 13:41:00,7325,7325,7350,7325,21700
2021-12-16 13:42:00,7325,7325,7350,7350,23100
2021-12-16 13:43:00,7350,7325,7350,7325,6400
2021-12-16 13:44:00,7325,7325,7350,7350,3300
2021-12-16 13:45:00,7325,7325,7350,7350,4000
2021-12-16 13:46:00,7325,7325,7350,7350,0
2021-12-16 13:47:00,7325,7325,7325,7325,300
2021-12-16 13:48:00,7325,7300,7325,7300,61200
2021-12-16 13:49:00,7325,7325,7325,7325,2000
2021-12-16 13:50:00,7325,7300,7325,7300,2200
2021-12-16 13:51:00,7300,7275,7325,7300,183800
2021-12-16 13:52:00,7275,7275,7300,7300,11900
2021-12-16 13:53:00,7300,7275,7300,7300,14700
2021-12-16 13:54:00,7300,7275,7300,7275,6800
2021-12-16 13:55:00,7275,7275,7300,7300,80900
2021-12-16 13:56:00,7300,7300,7325,7325,4900
2021-12-16 13:57:00,7325,7325,7325,7325,39900
2021-12-16 13:58:00,7325,7325,7325,7325,3300
2021-12-16 13:59:00,7325,7325,7325,7325,8200
2021-12-16 14:00:00,7350,7350,7350,7350,5500
2021-12-16 14:01:00,7325,7325,7350,7350,14800
2021-12-16 14:02:00,7350,7325,7350,7350,2802600
2021-12-16 14:03:00,7325,7325,7325,7325,14200
2021-12-16 14:04:00,7325,7325,7325,7325,500
2021-12-16 14:05:00,7325,7300,7325,7300,30100
2021-12-16 14:06:00,7300,7300,7300,7300,2800
2021-12-16 14:07:00,7325,7325,7325,7325,100
2021-12-16 14:08:00,7300,7300,7300,7300,7000
2021-12-16 14:09:00,7325,7300,7325,7300,2100
2021-12-16 14:10:00,7325,7325,7325,7325,1300
2021-12-16 14:11:00,7325,7300,7325,7300,5200
2021-12-16 14:12:00,7300,7300,7300,7300,4500
2021-12-16 14:13:00,7300,7300,7325,7325,2300
2021-12-16 14:14:00,7325,7325,7325,7325,500
2021-12-16 14:15:00,7300,7300,7325,7325,5700
2021-12-16 14:16:00,7325,7300,7325,7325,7600
2021-12-16 14:17:00,7300,7300,7325,7325,10800
2021-12-16 14:18:00,7300,7275,7300,7300,36700
2021-12-16 14:19:00,7300,7275,7300,7300,14700
2021-12-16 14:20:00,7275,7275,7300,7300,60800
2021-12-16 14:21:00,7300,7275,7300,7275,5700
2021-12-16 14:22:00,7300,7300,7300,7300,18800
2021-12-16 14:23:00,7300,7300,7325,7325,3700
2021-12-16 14:24:00,7325,7300,7325,7325,4600
2021-12-16 14:25:00,7325,7300,7325,7300,22300
2021-12-16 14:26:00,7300,7300,7300,7300,3800
2021-12-16 14:27:00,7300,7300,7325,7325,6100
2021-12-16 14:28:00,7325,7325,7325,7325,600
2021-12-16 14:29:00,7300,7300,7300,7300,7500
2021-12-16 14:30:00,7300,7300,7325,7300,16700
2021-12-16 14:31:00,7300,7300,7300,7300,4200
2021-12-16 14:32:00,7300,7300,7325,7300,2500
2021-12-16 14:33:00,7300,7275,7300,7300,4900
2021-12-16 14:34:00,7300,7275,7300,7300,6200
2021-12-16 14:35:00,7300,7275,7300,7275,20600
2021-12-16 14:36:00,7275,7275,7300,7275,63700
2021-12-16 14:37:00,7275,7275,7300,7275,112200
2021-12-16 14:38:00,7275,7275,7300,7275,6000
2021-12-16 14:39:00,7300,7250,7300,7275,72700
2021-12-16 14:40:00,7275,7250,7275,7250,20000
2021-12-16 14:41:00,7250,7250,7275,7275,28800
2021-12-16 14:42:00,7250,7250,7275,7275,27900
2021-12-16 14:43:00,7275,7275,7275,7275,14700
2021-12-16 14:44:00,7275,7250,7300,7275,55400
2021-12-16 14:45:00,7275,7275,7275,7275,5300
2021-12-16 14:46:00,7300,7275,7300,7300,4200
2021-12-16 14:47:00,7275,7275,7275,7275,10100
2021-12-16 14:48:00,7275,7275,7275,7275,22600
2021-12-16 14:49:00,7275,7250,7300,7250,22900
2021-12-16 14:50:00,7250,7250,7250,7250,1600
2021-12-16 14:51:00,7250,7250,7250,7250,0
2021-12-16 14:52:00,7250,7250,7250,7250,0
2021-12-16 14:53:00,7250,7250,7250,7250,0
2021-12-16 14:54:00,7250,7250,7250,7250,0
2021-12-16 14:55:00,7250,7250,7250,7250,0
2021-12-16 14:56:00,7250,7250,7250,7250,0
2021-12-16 14:57:00,7250,7250,7250,7250,0
2021-12-16 14:58:00,7250,7250,7250,7250,0
2021-12-16 14:59:00,7250,7250,7250,7250,0
2021-12-16 15:00:00,7250,7250,7250,7250,277500
2021-12-16 15:01:00,7250,7250,7250,7250,8000
2021-12-16 15:02:00,7250,7250,7250,7250,12800
2021-12-16 15:03:00,7250,7250,7250,7250,4600
2021-12-16 15:04:00,7250,7250,7250,7250,0
2021-12-16 15:05:00,7250,7250,7250,7250,0
2021-12-16 15:06:00,7250,7250,7250,7250,2000
2021-12-16 15:07:00,7250,7250,7250,7250,8300
2021-12-16 15:08:00,7250,7250,7250,7250,1600
2021-12-16 15:09:00,7250,7250,7250,7250,500
2021-12-16 15:10:00,7250,7250,7250,7250,0
2021-12-16 15:11:00,7250,7250,7250,7250,13300
2021-12-16 15:12:00,7250,7250,7250,7250,300
2021-12-16 15:13:00,7250,7250,7250,7250,5500
2021-12-16 15:14:00,7250,7250,7250,7250,3940300
2021-12-16 15:15:00,7250,7250,7250,7250,0
2021-12-16 15:16:00,7250,7250,7250,7250,0
2021-12-16 15:17:00,7250,7250,7250,7250,0
2021-12-16 15:18:00,7250,7250,7250,7250,0
2021-12-16 15:19:00,7250,7250,7250,7250,0
2021-12-16 15:20:00,7250,7250,7250,7250,0
2021-12-16 15:21:00,7250,7250,7250,7250,0
2021-12-16 15:22:00,7250,7250,7250,7250,0
2021-12-16 15:23:00,7250,7250,7250,7250,0
2021-12-16 15:24:00,7250,7250,7250,7250,0
2021-12-16 15:25:00,7250,7250,7250,7250,0
2021-12-16 15:26:00,7250,7250,7250,7250,0
2021-12-16 15:27:00,7250,7250,7250,7250,0
2021-12-16 15:28:00,7250,7250,7250,7250,0
2021-12-16 15:29:00,7250,7250,7250,7250,0
2021-12-16 15:30:00,7250,7250,7250,7250,0
2021-12-16 15:31:00,7250,7250,7250,7250,0
2021-12-16 15:32:00,7250,7250,7250,7250,0
2021-12-16 15:33:00,7250,7250,7250,7250,0
2021-12-16 15:34:00,7250,7250,7250,7250,0
2021-12-16 15:35:00,7250,7250,7250,7250,0
2021-12-16 15:36:00,7250,7250,7250,7250,0
2021-12-16 15:37:00,7250,7250,7250,7250,0
2021-12-16 15:38:00,7250,7250,7250,7250,0
2021-12-16 15:39:00,7250,7250,7250,7250,0
2021-12-16 15:40:00,7250,7250,7250,7250,0
2021-12-16 15:41:00,7250,7250,7250,7250,0
2021-12-16 15:42:00,7250,7250,7250,7250,0
2021-12-16 15:43:00,7250,7250,7250,7250,0
2021-12-16 15:44:00,7250,7250,7250,7250,0
2021-12-16 15:45:00,7250,7250,7250,7250,0
2021-12-16 15:46:00,7250,7250,7250,7250,0
2021-12-16 15:47:00,7250,7250,7250,7250,0
2021-12-16 15:48:00,7250,7250,7250,7250,0
2021-12-16 15:49:00,7250,7250,7250,7250,0
2021-12-16 15:50:00,7250,7250,7250,7250,0
2021-12-16 15:51:00,7250,7250,7250,7250,0
2021-12-16 15:52:00,7250,7250,7250,7250,0
2021-12-16 15:53:00,7250,7250,7250,7250,0
2021-12-16 15:54:00,7250,7250,7250,7250,0
2021-12-16 15:55:00,7250,7250,7250,7250,0
2021-12-16 15:56:00,7250,7250,7250,7250,0
2021-12-16 15:57:00,7250,7250,7250,7250,0
2021-12-16 15:58:00,7250,7250,7250,7250,0
2021-12-16 15:59:00,7250,7250,7250,7250,0
2021-12-17 09:00:00,7275,7275,7275,7275,2200
2021-12-17 09:01:00,7300,7275,7300,7300,2100
2021-12-17 09:02:00,7275,7275,7300,7300,11100
2021-12-17 09:03:00,7300,7275,7300,7275,26000
2021-12-17 09:04:00,7275,7275,7275,7275,1500
2021-12-17 09:05:00,7250,7225,7275,7225,70400
2021-12-17 09:06:00,7225,7200,7225,7200,39600
2021-12-17 09:07:00,7225,7200,7250,7250,26600
2021-12-17 09:08:00,7250,7200,7250,7250,1200
2021-12-17 09:09:00,7250,7200,7250,7225,3400
2021-12-17 09:10:00,7225,7225,7225,7225,3900
2021-12-17 09:11:00,7225,7200,7225,7225,6500
2021-12-17 09:12:00,7225,7200,7225,7200,2000
2021-12-17 09:13:00,7200,7200,7225,7225,6000
2021-12-17 09:14:00,7225,7225,7225,7225,1100
2021-12-17 09:15:00,7225,7200,7225,7225,4600
2021-12-17 09:16:00,7200,7200,7225,7225,1700
2021-12-17 09:17:00,7225,7200,7225,7200,37600
2021-12-17 09:18:00,7225,7200,7225,7200,900
2021-12-17 09:19:00,7200,7200,7225,7225,3500
2021-12-17 09:20:00,7225,7225,7225,7225,400
2021-12-17 09:21:00,7225,7200,7225,7200,13300
2021-12-17 09:22:00,7225,7200,7225,7200,1700
2021-12-17 09:23:00,7225,7200,7225,7225,3100
2021-12-17 09:24:00,7225,7225,7225,7225,100
2021-12-17 09:25:00,7225,7200,7225,7200,1700
2021-12-17 09:26:00,7200,7200,7225,7225,700
2021-12-17 09:27:00,7225,7200,7225,7225,64400
2021-12-17 09:28:00,7225,7225,7250,7250,29500
2021-12-17 09:29:00,7250,7250,7250,7250,22800
2021-12-17 09:30:00,7250,7250,7275,7275,3900
2021-12-17 09:31:00,7300,7275,7300,7300,9000
2021-12-17 09:32:00,7300,7300,7300,7300,3700
2021-12-17 09:33:00,7300,7300,7300,7300,0
2021-12-17 09:34:00,7300,7275,7300,7275,3400
2021-12-17 09:35:00,7300,7275,7300,7275,200
2021-12-17 09:36:00,7300,7275,7300,7300,16600
2021-12-17 09:37:00,7300,7300,7300,7300,300
2021-12-17 09:38:00,7325,7325,7325,7325,1400
2021-12-17 09:39:00,7300,7300,7300,7300,800
2021-12-17 09:40:00,7300,7300,7300,7300,14400
2021-12-17 09:41:00,7325,7325,7325,7325,100
2021-12-17 09:42:00,7300,7300,7300,7300,26400
2021-12-17 09:43:00,7300,7300,7300,7300,2100
2021-12-17 09:44:00,7325,7325,7325,7325,600
2021-12-17 09:45:00,7300,7300,7325,7325,43300
2021-12-17 09:46:00,7325,7325,7325,7325,1900
2021-12-17 09:47:00,7350,7350,7350,7350,10300
2021-12-17 09:48:00,7350,7325,7350,7325,25700
2021-12-17 09:49:00,7350,7325,7350,7350,15300
2021-12-17 09:50:00,7350,7350,7350,7350,15100
2021-12-17 09:51:00,7375,7350,7375,7350,600
2021-12-17 09:52:00,7350,7350,7350,7350,1500
2021-12-17 09:53:00,7375,7375,7375,7375,3600
2021-12-17 09:54:00,7375,7350,7375,7350,23400
2021-12-17 09:55:00,7325,7325,7325,7325,26900
2021-12-17 09:56:00,7325,7325,7325,7325,2800
2021-12-17 09:57:00,7325,7300,7325,7325,3200
2021-12-17 09:58:00,7300,7300,7325,7325,19400
2021-12-17 09:59:00,7300,7300,7300,7300,400
2021-12-17 10:00:00,7325,7300,7325,7300,8600
2021-12-17 10:01:00,7300,7275,7300,7275,26700
2021-12-17 10:02:00,7275,7275,7275,7275,7900
2021-12-17 10:03:00,7300,7300,7300,7300,6000
2021-12-17 10:04:00,7300,7300,7300,7300,8200
2021-12-17 10:05:00,7325,7300,7325,7300,15100
2021-12-17 10:06:00,7300,7300,7300,7300,6900
2021-12-17 10:07:00,7300,7300,7300,7300,900
2021-12-17 10:08:00,7300,7300,7300,7300,9100
2021-12-17 10:09:00,7325,7300,7325,7300,500
2021-12-17 10:10:00,7300,7300,7300,7300,5700
2021-12-17 10:11:00,7300,7300,7300,7300,2500
2021-12-17 10:12:00,7300,7300,7300,7300,0
2021-12-17 10:13:00,7275,7275,7300,7300,14500
2021-12-17 10:14:00,7325,7300,7325,7300,17000
2021-12-17 10:15:00,7325,7300,7325,7300,10200
2021-12-17 10:16:00,7325,7325,7325,7325,1300
2021-12-17 10:17:00,7325,7325,7325,7325,3000
2021-12-17 10:18:00,7325,7325,7325,7325,2500
2021-12-17 10:19:00,7325,7325,7325,7325,0
2021-12-17 10:20:00,7325,7325,7325,7325,0
2021-12-17 10:21:00,7300,7300,7300,7300,100
2021-12-17 10:22:00,7300,7300,7300,7300,300
2021-12-17 10:23:00,7300,7275,7300,7275,3300
2021-12-17 10:24:00,7300,7300,7300,7300,500
2021-12-17 10:25:00,7300,7250,7300,7250,290000
2021-12-17 10:26:00,7250,7250,7250,7250,48300
2021-12-17 10:27:00,7250,7250,7250,7250,0
2021-12-17 10:28:00,7250,7250,7250,7250,0
2021-12-17 10:29:00,7275,7275,7275,7275,0
2021-12-17 10:30:00,7275,7275,7275,7275,1218400
2021-12-17 10:31:00,7275,7275,7275,7275,0
2021-12-17 10:32:00,7275,7275,7300,7300,15400
2021-12-17 10:33:00,7275,7275,7300,7300,0
2021-12-17 10:34:00,7300,7275,7300,7275,1700
2021-12-17 10:35:00,7300,7275,7300,7275,0
2021-12-17 10:36:00,7275,7275,7275,7275,12000
2021-12-17 10:37:00,7275,7275,7275,7275,5000
2021-12-17 10:38:00,7275,7275,7275,7275,28700
2021-12-17 10:39:00,7275,7275,7275,7275,0
2021-12-17 10:40:00,7275,7275,7275,7275,0
2021-12-17 10:41:00,7275,7275,7275,7275,1700
2021-12-17 10:42:00,7275,7275,7275,7275,0
2021-12-17 10:43:00,7275,7275,7300,7300,5500
2021-12-17 10:44:00,7275,7250,7275,7250,3000
2021-12-17 10:45:00,7300,7300,7300,7300,700
2021-12-17 10:46:00,7300,7275,7300,7275,1700
2021-12-17 10:47:00,7275,7275,7275,7275,500
2021-12-17 10:48:00,7275,7275,7275,7275,2000
2021-12-17 10:49:00,7275,7275,7275,7275,5000
2021-12-17 10:50:00,7275,7250,7275,7250,600
2021-12-17 10:51:00,7250,7250,7250,7250,1900
2021-12-17 10:52:00,7250,7250,7275,7250,16000
2021-12-17 10:53:00,7250,7225,7250,7225,45800
2021-12-17 10:54:00,7250,7250,7250,7250,2900
2021-12-17 10:55:00,7250,7250,7250,7250,0
2021-12-17 10:56:00,7250,7250,7250,7250,1000
2021-12-17 10:57:00,7250,7225,7250,7225,11000
2021-12-17 10:58:00,7225,7225,7225,7225,11800
2021-12-17 10:59:00,7200,7200,7225,7225,11400
2021-12-17 11:00:00,7225,7225,7225,7225,3700
2021-12-17 11:01:00,7225,7200,7225,7225,700
2021-12-17 11:02:00,7225,7225,7225,7225,30200
2021-12-17 11:03:00,7225,7225,7225,7225,600
2021-12-17 11:04:00,7225,7225,7250,7250,9200
2021-12-17 11:05:00,7225,7225,7250,7250,0
2021-12-17 11:06:00,7225,7225,7225,7225,13000
2021-12-17 11:07:00,7250,7250,7250,7250,200
2021-12-17 11:08:00,7225,7225,7225,7225,4500
2021-12-17 11:09:00,7225,7225,7225,7225,1600
2021-12-17 11:10:00,7225,7225,7225,7225,0
2021-12-17 11:11:00,7225,7225,7225,7225,11700
2021-12-17 11:12:00,7225,7225,7225,7225,0
2021-12-17 11:13:00,7225,7225,7225,7225,3900
2021-12-17 11:14:00,7250,7250,7250,7250,200
2021-12-17 11:15:00,7250,7250,7250,7250,500
2021-12-17 11:16:00,7250,7250,7250,7250,0
2021-12-17 11:17:00,7225,7200,7225,7200,8000
2021-12-17 11:18:00,7225,7225,7225,7225,1000
2021-12-17 11:19:00,7225,7225,7225,7225,4200
2021-12-17 11:20:00,7225,7200,7225,7200,6400
2021-12-17 11:21:00,7225,7200,7225,7200,0
2021-12-17 11:22:00,7200,7200,7200,7200,1100
2021-12-17 11:23:00,7200,7200,7225,7200,37800
2021-12-17 11:24:00,7200,7200,7225,7225,3300
2021-12-17 11:25:00,7225,7200,7225,7200,3600
2021-12-17 11:26:00,7200,7200,7200,7200,1000
2021-12-17 11:27:00,7200,7200,7225,7225,15300
2021-12-17 11:28:00,7225,7225,7225,7225,1500
2021-12-17 11:29:00,7200,7200,7225,7225,13700
2021-12-17 11:30:00,7200,7200,7225,7225,0
2021-12-17 11:31:00,7200,7200,7225,7225,0
2021-12-17 11:32:00,7200,7200,7225,7225,0
2021-12-17 11:33:00,7200,7200,7225,7225,0
2021-12-17 11:34:00,7200,7200,7225,7225,0
2021-12-17 11:35:00,7200,7200,7225,7225,0
2021-12-17 11:36:00,7200,7200,7225,7225,0
2021-12-17 11:37:00,7200,7200,7225,7225,0
2021-12-17 11:38:00,7200,7200,7225,7225,0
2021-12-17 11:39:00,7200,7200,7225,7225,0
2021-12-17 11:40:00,7200,7200,7225,7225,0
2021-12-17 11:41:00,7200,7200,7225,7225,0
2021-12-17 11:42:00,7200,7200,7225,7225,0
2021-12-17 11:43:00,7200,7200,7225,7225,0
2021-12-17 11:44:00,7200,7200,7225,7225,0
2021-12-17 11:45:00,7200,7200,7225,7225,0
2021-12-17 11:46:00,7200,7200,7225,7225,0
2021-12-17 11:47:00,7200,7200,7225,7225,0
2021-12-17 11:48:00,7200,7200,7225,7225,0
2021-12-17 11:49:00,7200,7200,7225,7225,0
2021-12-17 11:50:00,7200,7200,7225,7225,0
2021-12-17 11:51:00,7200,7200,7225,7225,0
2021-12-17 11:52:00,7200,7200,7225,7225,0
2021-12-17 11:53:00,7200,7200,7225,7225,0
2021-12-17 11:54:00,7200,7200,7225,7225,0
2021-12-17 11:55:00,7200,7200,7225,7225,0
2021-12-17 11:56:00,7200,7200,7225,7225,0
2021-12-17 11:57:00,7200,7200,7225,7225,0
2021-12-17 11:58:00,7200,7200,7225,7225,0
2021-12-17 11:59:00,7200,7200,7225,7225,0
2021-12-17 12:00:00,7200,7200,7225,7225,0
2021-12-17 12:01:00,7200,7200,7225,7225,0
2021-12-17 12:02:00,7200,7200,7225,7225,0
2021-12-17 12:03:00,7200,7200,7225,7225,0
2021-12-17 12:04:00,7200,7200,7225,7225,0
2021-12-17 12:05:00,7200,7200,7225,7225,0
2021-12-17 12:06:00,7200,7200,7225,7225,0
2021-12-17 12:07:00,7200,7200,7225,7225,0
2021-12-17 12:08:00,7200,7200,7225,7225,0
2021-12-17 12:09:00,7200,7200,7225,7225,0
2021-12-17 12:10:00,7200,7200,7225,7225,0
2021-12-17 12:11:00,7200,7200,7225,7225,0
2021-12-17 12:12:00,7200,7200,7225,7225,0
2021-12-17 12:13:00,7200,7200,7225,7225,0
2021-12-17 12:14:00,7200,7200,7225,7225,0
2021-12-17 12:15:00,7200,7200,7225,7225,0
2021-12-17 12:16:00,7200,7200,7225,7225,0
2021-12-17 12:17:00,7200,7200,7225,7225,0
2021-12-17 12:18:00,7200,7200,7225,7225,0
2021-12-17 12:19:00,7200,7200,7225,7225,0
2021-12-17 12:20:00,7200,7200,7225,7225,0
2021-12-17 12:21:00,7200,7200,7225,7225,0
2021-12-17 12:22:00,7200,7200,7225,7225,0
2021-12-17 12:23:00,7200,7200,7225,7225,0
2021-12-17 12:24:00,7200,7200,7225,7225,0
2021-12-17 12:25:00,7200,7200,7225,7225,0
2021-12-17 12:26:00,7200,7200,7225,7225,0
2021-12-17 12:27:00,7200,7200,7225,7225,0
2021-12-17 12:28:00,7200,7200,7225,7225,0
2021-12-17 12:29:00,7200,7200,7225,7225,0
2021-12-17 12:30:00,7200,7200,7225,7225,0
2021-12-17 12:31:00,7200,7200,7225,7225,0
2021-12-17 12:32:00,7200,7200,7225,7225,0
2021-12-17 12:33:00,7200,7200,7225,7225,0
2021-12-17 12:34:00,7200,7200,7225,7225,0
2021-12-17 12:35:00,7200,7200,7225,7225,0
2021-12-17 12:36:00,7200,7200,7225,7225,0
2021-12-17 12:37:00,7200,7200,7225,7225,0
2021-12-17 12:38:00,7200,7200,7225,7225,0
2021-12-17 12:39:00,7200,7200,7225,7225,0
2021-12-17 12:40:00,7200,7200,7225,7225,0
2021-12-17 12:41:00,7200,7200,7225,7225,0
2021-12-17 12:42:00,7200,7200,7225,7225,0
2021-12-17 12:43:00,7200,7200,7225,7225,0
2021-12-17 12:44:00,7200,7200,7225,7225,0
2021-12-17 12:45:00,7200,7200,7225,7225,0
2021-12-17 12:46:00,7200,7200,7225,7225,0
2021-12-17 12:47:00,7200,7200,7225,7225,0
2021-12-17 12:48:00,7200,7200,7225,7225,0
2021-12-17 12:49:00,7200,7200,7225,7225,0
2021-12-17 12:50:00,7200,7200,7225,7225,0
2021-12-17 12:51:00,7200,7200,7225,7225,0
2021-12-17 12:52:00,7200,7200,7225,7225,0
2021-12-17 12:53:00,7200,7200,7225,7225,0
2021-12-17 12:54:00,7200,7200,7225,7225,0
2021-12-17 12:55:00,7200,7200,7225,7225,0
2021-12-17 12:56:00,7200,7200,7225,7225,0
2021-12-17 12:57:00,7200,7200,7225,7225,0
2021-12-17 12:58:00,7200,7200,7225,7225,0
2021-12-17 12:59:00,7200,7200,7225,7225,0
2021-12-17 13:00:00,7200,7200,7225,7225,0
2021-12-17 13:01:00,7200,7200,7225,7225,0
2021-12-17 13:02:00,7200,7200,7225,7225,0
2021-12-17 13:03:00,7200,7200,7225,7225,0
2021-12-17 13:04:00,7200,7200,7225,7225,0
2021-12-17 13:05:00,7200,7200,7225,7225,0
2021-12-17 13:06:00,7200,7200,7225,7225,0
2021-12-17 13:07:00,7200,7200,7225,7225,0
2021-12-17 13:08:00,7200,7200,7225,7225,0
2021-12-17 13:09:00,7200,7200,7225,7225,0
2021-12-17 13:10:00,7200,7200,7225,7225,0
2021-12-17 13:11:00,7200,7200,7225,7225,0
2021-12-17 13:12:00,7200,7200,7225,7225,0
2021-12-17 13:13:00,7200,7200,7225,7225,0
2021-12-17 13:14:00,7200,7200,7225,7225,0
2021-12-17 13:15:00,7200,7200,7225,7225,0
2021-12-17 13:16:00,7200,7200,7225,7225,0
2021-12-17 13:17:00,7200,7200,7225,7225,0
2021-12-17 13:18:00,7200,7200,7225,7225,0
2021-12-17 13:19:00,7200,7200,7225,7225,0
2021-12-17 13:20:00,7200,7200,7225,7225,0
2021-12-17 13:21:00,7200,7200,7225,7225,0
2021-12-17 13:22:00,7200,7200,7225,7225,0
2021-12-17 13:23:00,7200,7200,7225,7225,0
2021-12-17 13:24:00,7200,7200,7225,7225,0
2021-12-17 13:25:00,7200,7200,7225,7225,0
2021-12-17 13:26:00,7200,7200,7225,7225,0
2021-12-17 13:27:00,7200,7200,7225,7225,0
2021-12-17 13:28:00,7200,7200,7225,7225,0
2021-12-17 13:29:00,7200,7200,7225,7225,0
2021-12-17 13:30:00,7225,7200,7225,7225,4800
2021-12-17 13:31:00,7225,7200,7225,7200,1100
2021-12-17 13:32:00,7200,7200,7200,7200,2200
2021-12-17 13:33:00,7200,7200,7200,7200,500
2021-12-17 13:34:00,7200,7200,7225,7225,11000
2021-12-17 13:35:00,7200,7200,7200,7200,200
2021-12-17 13:36:00,7200,7200,7225,7225,400
2021-12-17 13:37:00,7225,7225,7225,7225,4000
2021-12-17 13:38:00,7225,7225,7225,7225,50300
2021-12-17 13:39:00,7225,7225,7250,7250,51500
2021-12-17 13:40:00,7250,7250,7250,7250,300
2021-12-17 13:41:00,7250,7250,7250,7250,1700
2021-12-17 13:42:00,7275,7275,7275,7275,2100
2021-12-17 13:43:00,7275,7250,7275,7275,26400
2021-12-17 13:44:00,7275,7275,7275,7275,1600
2021-12-17 13:45:00,7275,7250,7275,7275,2000
2021-12-17 13:46:00,7250,7250,7250,7250,1100
2021-12-17 13:47:00,7250,7250,7250,7250,0
2021-12-17 13:48:00,7275,7250,7275,7250,24500
2021-12-17 13:49:00,7275,7275,7275,7275,10000
2021-12-17 13:50:00,7275,7275,7275,7275,0
2021-12-17 13:51:00,7275,7275,7275,7275,15600
2021-12-17 13:52:00,7250,7250,7250,7250,100
2021-12-17 13:53:00,7250,7250,7250,7250,400
2021-12-17 13:54:00,7250,7250,7250,7250,0
2021-12-17 13:55:00,7250,7250,7250,7250,0
2021-12-17 13:56:00,7250,7250,7250,7250,3100
2021-12-17 13:57:00,7275,7250,7275,7250,900
2021-12-17 13:58:00,7275,7250,7275,7250,0
2021-12-17 13:59:00,7275,7275,7275,7275,2700
2021-12-17 14:00:00,7275,7275,7275,7275,3000
2021-12-17 14:01:00,7275,7275,7275,7275,0
2021-12-17 14:02:00,7275,7275,7275,7275,500
2021-12-17 14:03:00,7275,7275,7275,7275,1700
2021-12-17 14:04:00,7275,7275,7275,7275,0
2021-12-17 14:05:00,7275,7275,7275,7275,100
2021-12-17 14:06:00,7275,7275,7275,7275,0
2021-12-17 14:07:00,7250,7250,7250,7250,300
2021-12-17 14:08:00,7250,7250,7250,7250,0
2021-12-17 14:09:00,7250,7250,7250,7250,2600
2021-12-17 14:10:00,7250,7250,7250,7250,500
2021-12-17 14:11:00,7250,7250,7250,7250,0
2021-12-17 14:12:00,7250,7250,7250,7250,10100
2021-12-17 14:13:00,7275,7275,7275,7275,5000
2021-12-17 14:14:00,7250,7250,7250,7250,1500
2021-12-17 14:15:00,7275,7250,7275,7250,1100
2021-12-17 14:16:00,7275,7250,7275,7250,0
2021-12-17 14:17:00,7250,7250,7250,7250,1000
2021-12-17 14:18:00,7275,7275,7275,7275,200
2021-12-17 14:19:00,7275,7275,7275,7275,500
2021-12-17 14:20:00,7275,7250,7275,7250,2600
2021-12-17 14:21:00,7250,7250,7275,7275,9500
2021-12-17 14:22:00,7275,7250,7275,7250,700
2021-12-17 14:23:00,7250,7250,7250,7250,600
2021-12-17 14:24:00,7250,7250,7250,7250,3800
2021-12-17 14:25:00,7250,7250,7250,7250,0
2021-12-17 14:26:00,7250,7250,7275,7275,3500
2021-12-17 14:27:00,7250,7250,7275,7275,0
2021-12-17 14:28:00,7275,7275,7275,7275,500
2021-12-17 14:29:00,7275,7275,7275,7275,700
2021-12-17 14:30:00,7275,7275,7275,7275,100
2021-12-17 14:31:00,7275,7275,7275,7275,6000
2021-12-17 14:32:00,7250,7250,7250,7250,100
2021-12-17 14:33:00,7250,7250,7275,7275,400
2021-12-17 14:34:00,7275,7275,7275,7275,200
2021-12-17 14:35:00,7275,7275,7275,7275,100
2021-12-17 14:36:00,7250,7250,7250,7250,8100
2021-12-17 14:37:00,7250,7250,7275,7250,1200
2021-12-17 14:38:00,7250,7250,7250,7250,23000
2021-12-17 14:39:00,7250,7250,7275,7275,2500
2021-12-17 14:40:00,7250,7250,7250,7250,800
2021-12-17 14:41:00,7250,7250,7250,7250,7600
2021-12-17 14:42:00,7250,7250,7250,7250,5000
2021-12-17 14:43:00,7250,7250,7275,7275,8700
2021-12-17 14:44:00,7275,7250,7275,7250,2400
2021-12-17 14:45:00,7250,7250,7250,7250,400
2021-12-17 14:46:00,7250,7250,7250,7250,2000
2021-12-17 14:47:00,7250,7250,7250,7250,8800
2021-12-17 14:48:00,7250,7250,7275,7250,23600
2021-12-17 14:49:00,7250,7250,7275,7275,18200
2021-12-17 14:50:00,7250,7250,7275,7275,0
2021-12-17 14:51:00,7250,7250,7275,7275,0
2021-12-17 14:52:00,7250,7250,7275,7275,0
2021-12-17 14:53:00,7250,7250,7275,7275,0
2021-12-17 14:54:00,7250,7250,7275,7275,0
2021-12-17 14:55:00,7250,7250,7275,7275,0
2021-12-17 14:56:00,7250,7250,7275,7275,0
2021-12-17 14:57:00,7250,7250,7275,7275,0
2021-12-17 14:58:00,7250,7250,7275,7275,0
2021-12-17 14:59:00,7250,7250,7275,7275,0
2021-12-17 15:00:00,7275,7275,7275,7275,126900
2021-12-17 15:01:00,7275,7275,7275,7275,32700
2021-12-17 15:02:00,7275,7275,7275,7275,38900
2021-12-17 15:03:00,7275,7275,7275,7275,10100
2021-12-17 15:04:00,7275,7275,7275,7275,27400
2021-12-17 15:05:00,7275,7275,7275,7275,2400
2021-12-17 15:06:00,7275,7275,7275,7275,10900
2021-12-17 15:07:00,7275,7275,7275,7275,12200
2021-12-17 15:08:00,7275,7275,7275,7275,0
2021-12-17 15:09:00,7275,7275,7275,7275,0
2021-12-17 15:10:00,7275,7275,7275,7275,0
2021-12-17 15:11:00,7275,7275,7275,7275,0
2021-12-17 15:12:00,7275,7275,7275,7275,3600
2021-12-17 15:13:00,7275,7275,7275,7275,0
2021-12-17 15:14:00,7275,7275,7275,7275,1200
2021-12-17 15:15:00,7275,7275,7275,7275,0
2021-12-17 15:16:00,7275,7275,7275,7275,0
2021-12-17 15:17:00,7275,7275,7275,7275,0
2021-12-17 15:18:00,7275,7275,7275,7275,0
2021-12-17 15:19:00,7275,7275,7275,7275,0
2021-12-17 15:20:00,7275,7275,7275,7275,0
2021-12-17 15:21:00,7275,7275,7275,7275,0
2021-12-17 15:22:00,7275,7275,7275,7275,0
2021-12-17 15:23:00,7275,7275,7275,7275,0
2021-12-17 15:24:00,7275,7275,7275,7275,0
2021-12-17 15:25:00,7275,7275,7275,7275,0
2021-12-17 15:26:00,7275,7275,7275,7275,0
2021-12-17 15:27:00,7275,7275,7275,7275,0
2021-12-17 15:28:00,7275,7275,7275,7275,0
2021-12-17 15:29:00,7275,7275,7275,7275,0
2021-12-17 15:30:00,7275,7275,7275,7275,0
2021-12-17 15:31:00,7275,7275,7275,7275,0
2021-12-17 15:32:00,7275,7275,7275,7275,0
2021-12-17 15:33:00,7275,7275,7275,7275,0
2021-12-17 15:34:00,7275,7275,7275,7275,0
2021-12-17 15:35:00,7275,7275,7275,7275,0
2021-12-17 15:36:00,7275,7275,7275,7275,0
2021-12-17 15:37:00,7275,7275,7275,7275,0
2021-12-17 15:38:00,7275,7275,7275,7275,0
2021-12-17 15:39:00,7275,7275,7275,7275,0
2021-12-17 15:40:00,7275,7275,7275,7275,0
2021-12-17 15:41:00,7275,7275,7275,7275,0
2021-12-17 15:42:00,7275,7275,7275,7275,0
2021-12-17 15:43:00,7275,7275,7275,7275,0
2021-12-17 15:44:00,7275,7275,7275,7275,0
2021-12-17 15:45:00,7275,7275,7275,7275,0
2021-12-17 15:46:00,7275,7275,7275,7275,0
2021-12-17 15:47:00,7275,7275,7275,7275,0
2021-12-17 15:48:00,7275,7275,7275,7275,0
2021-12-17 15:49:00,7275,7275,7275,7275,0
2021-12-17 15:50:00,7275,7275,7275,7275,0
2021-12-17 15:51:00,7275,7275,7275,7275,0
2021-12-17 15:52:00,7275,7275,7275,7275,0
2021-12-17 15:53:00,7275,7275,7275,7275,0
2021-12-17 15:54:00,7275,7275,7275,7275,0
2021-12-17 15:55:00,7275,7275,7275,7275,0
2021-12-17 15:56:00,7275,7275,7275,7275,0
2021-12-17 15:57:00,7275,7275,7275,7275,0
2021-12-17 15:58:00,7275,7275,7275,7275,0
2021-12-17 15:59:00,7275,7275,7275,7275,0
2021-12-20 09:00:00,7300,7250,7300,7275,12600
2021-12-20 09:01:00,7300,7250,7300,7275,0
2021-12-20 09:02:00,7300,7275,7300,7275,2400
2021-12-20 09:03:00,7275,7275,7275,7275,1700
2021-12-20 09:04:00,7275,7275,7275,7275,6100
2021-12-20 09:05:00,7275,7275,7275,7275,4700
2021-12-20 09:06:00,7275,7275,7275,7275,300
2021-12-20 09:07:00,7275,7275,7300,7300,4400
2021-12-20 09:08:00,7350,7350,7350,7350,300
2021-12-20 09:09:00,7325,7300,7325,7300,7600
2021-12-20 09:10:00,7275,7275,7300,7300,4400
2021-12-20 09:11:00,7275,7275,7300,7300,22100
2021-12-20 09:12:00,7275,7275,7275,7275,100
2021-12-20 09:13:00,7275,7275,7275,7275,200
2021-12-20 09:14:00,7250,7250,7250,7250,300
2021-12-20 09:15:00,7250,7250,7300,7300,23700
2021-12-20 09:16:00,7300,7300,7300,7300,9900
2021-12-20 09:17:00,7300,7300,7300,7300,500
2021-12-20 09:18:00,7300,7300,7300,7300,0
2021-12-20 09:19:00,7325,7300,7325,7325,14500
2021-12-20 09:20:00,7325,7325,7325,7325,200
2021-12-20 09:21:00,7325,7325,7325,7325,100
2021-12-20 09:22:00,7325,7325,7325,7325,600
2021-12-20 09:23:00,7325,7300,7325,7325,1000
2021-12-20 09:24:00,7325,7325,7325,7325,300
2021-12-20 09:25:00,7325,7300,7325,7300,2300
2021-12-20 09:26:00,7325,7300,7325,7300,0
2021-12-20 09:27:00,7300,7300,7325,7300,11600
2021-12-20 09:28:00,7300,7300,7300,7300,100
2021-12-20 09:29:00,7300,7300,7300,7300,1000
2021-12-20 09:30:00,7300,7275,7300,7275,12000
2021-12-20 09:31:00,7300,7300,7300,7300,400
2021-12-20 09:32:00,7300,7275,7300,7275,17300
2021-12-20 09:33:00,7300,7300,7300,7300,2600
2021-12-20 09:34:00,7275,7275,7275,7275,1700
2021-12-20 09:35:00,7275,7275,7275,7275,1000
2021-12-20 09:36:00,7275,7275,7275,7275,900
2021-12-20 09:37:00,7275,7275,7275,7275,0
2021-12-20 09:38:00,7300,7300,7300,7300,200
2021-12-20 09:39:00,7300,7300,7300,7300,1000
2021-12-20 09:40:00,7300,7300,7300,7300,200
2021-12-20 09:41:00,7300,7300,7300,7300,1700
2021-12-20 09:42:00,7300,7300,7300,7300,500
2021-12-20 09:43:00,7300,7300,7300,7300,3000
2021-12-20 09:44:00,7300,7300,7300,7300,6400
2021-12-20 09:45:00,7300,7300,7300,7300,2600
2021-12-20 09:46:00,7275,7275,7300,7300,10900
2021-12-20 09:47:00,7300,7300,7300,7300,300
2021-12-20 09:48:00,7275,7275,7275,7275,100
2021-12-20 09:49:00,7275,7275,7275,7275,300
2021-12-20 09:50:00,7275,7275,7275,7275,0
2021-12-20 09:51:00,7275,7275,7300,7300,600
2021-12-20 09:52:00,7275,7275,7300,7300,0
2021-12-20 09:53:00,7275,7275,7275,7275,200
2021-12-20 09:54:00,7300,7300,7300,7300,100
2021-12-20 09:55:00,7300,7300,7300,7300,2600
2021-12-20 09:56:00,7300,7300,7300,7300,0
2021-12-20 09:57:00,7300,7275,7300,7275,600
2021-12-20 09:58:00,7300,7275,7300,7275,0
2021-12-20 09:59:00,7275,7275,7275,7275,900
2021-12-20 10:00:00,7275,7275,7275,7275,0
2021-12-20 10:01:00,7275,7275,7275,7275,100
2021-12-20 10:02:00,7275,7275,7275,7275,32200
2021-12-20 10:03:00,7275,7275,7275,7275,200
2021-12-20 10:04:00,7275,7275,7275,7275,45100
2021-12-20 10:05:00,7275,7275,7275,7275,300
2021-12-20 10:06:00,7250,7250,7250,7250,6400
2021-12-20 10:07:00,7250,7250,7275,7275,400
2021-12-20 10:08:00,7275,7275,7275,7275,700
2021-12-20 10:09:00,7275,7275,7275,7275,100
2021-12-20 10:10:00,7250,7250,7250,7250,11600
2021-12-20 10:11:00,7250,7250,7275,7275,1100
2021-12-20 10:12:00,7275,7275,7275,7275,1600
2021-12-20 10:13:00,7275,7275,7275,7275,13100
2021-12-20 10:14:00,7275,7275,7275,7275,12900
2021-12-20 10:15:00,7275,7250,7275,7275,700
2021-12-20 10:16:00,7275,7250,7275,7275,0
2021-12-20 10:17:00,7275,7275,7275,7275,500
2021-12-20 10:18:00,7250,7250,7250,7250,1200
2021-12-20 10:19:00,7275,7275,7275,7275,300
2021-12-20 10:20:00,7250,7250,7250,7250,600
2021-12-20 10:21:00,7275,7275,7275,7275,1000
2021-12-20 10:22:00,7275,7275,7275,7275,0
2021-12-20 10:23:00,7275,7250,7275,7250,6700
2021-12-20 10:24:00,7250,7250,7250,7250,300
2021-12-20 10:25:00,7250,7250,7250,7250,200
2021-12-20 10:26:00,7250,7250,7250,7250,2400
2021-12-20 10:27:00,7250,7250,7250,7250,11400
2021-12-20 10:28:00,7250,7250,7250,7250,0
2021-12-20 10:29:00,7250,7250,7250,7250,5000
2021-12-20 10:30:00,7250,7250,7250,7250,0
2021-12-20 10:31:00,7250,7250,7250,7250,29800
2021-12-20 10:32:00,7250,7250,7250,7250,4000
2021-12-20 10:33:00,7250,7250,7250,7250,36800
2021-12-20 10:34:00,7250,7250,7250,7250,0
2021-12-20 10:35:00,7250,7225,7250,7225,5500
2021-12-20 10:36:00,7250,7225,7250,7225,300
2021-12-20 10:37:00,7250,7250,7250,7250,1400
2021-12-20 10:38:00,7250,7250,7250,7250,0
2021-12-20 10:39:00,7225,7225,7225,7225,400
2021-12-20 10:40:00,7225,7225,7225,7225,200
2021-12-20 10:41:00,7225,7225,7250,7225,4200
2021-12-20 10:42:00,7250,7250,7250,7250,400
2021-12-20 10:43:00,7250,7250,7250,7250,400
2021-12-20 10:44:00,7250,7250,7250,7250,1300
2021-12-20 10:45:00,7250,7250,7250,7250,0
2021-12-20 10:46:00,7250,7250,7250,7250,500
2021-12-20 10:47:00,7250,7250,7250,7250,0
2021-12-20 10:48:00,7250,7250,7250,7250,0
2021-12-20 10:49:00,7250,7225,7250,7250,24500
2021-12-20 10:50:00,7250,7250,7250,7250,17300
2021-12-20 10:51:00,7250,7250,7250,7250,1000
2021-12-20 10:52:00,7250,7250,7250,7250,7100
2021-12-20 10:53:00,7250,7250,7250,7250,0
2021-12-20 10:54:00,7250,7250,7250,7250,0
2021-12-20 10:55:00,7250,7250,7250,7250,1500
2021-12-20 10:56:00,7250,7250,7250,7250,200
2021-12-20 10:57:00,7250,7250,7250,7250,500
2021-12-20 10:58:00,7250,7250,7250,7250,0
2021-12-20 10:59:00,7250,7250,7250,7250,0
2021-12-20 11:00:00,7250,7250,7250,7250,0
2021-12-20 11:01:00,7250,7225,7275,7225,1200
2021-12-20 11:02:00,7250,7225,7275,7225,0
2021-12-20 11:03:00,7250,7250,7250,7250,100
2021-12-20 11:04:00,7250,7250,7250,7250,500
2021-12-20 11:05:00,7250,7250,7250,7250,800
2021-12-20 11:06:00,7275,7250,7275,7250,2400
2021-12-20 11:07:00,7250,7250,7250,7250,7200
2021-12-20 11:08:00,7225,7225,7225,7225,2400
2021-12-20 11:09:00,7225,7225,7225,7225,0
2021-12-20 11:10:00,7225,7225,7225,7225,0
2021-12-20 11:11:00,7225,7225,7225,7225,0
2021-12-20 11:12:00,7225,7225,7225,7225,0
2021-12-20 11:13:00,7225,7225,7250,7250,1700
2021-12-20 11:14:00,7225,7225,7225,7225,100
2021-12-20 11:15:00,7225,7225,7225,7225,1700
2021-12-20 11:16:00,7225,7225,7250,7250,500
2021-12-20 11:17:00,7250,7250,7250,7250,500
2021-12-20 11:18:00,7250,7250,7250,7250,5000
2021-12-20 11:19:00,7250,7225,7250,7250,3200
2021-12-20 11:20:00,7250,7225,7250,7250,0
2021-12-20 11:21:00,7250,7225,7250,7250,0
2021-12-20 11:22:00,7250,7250,7250,7250,200
2021-12-20 11:23:00,7250,7250,7250,7250,0
2021-12-20 11:24:00,7225,7225,7225,7225,1600
2021-12-20 11:25:00,7225,7225,7225,7225,0
2021-12-20 11:26:00,7225,7225,7225,7225,0
2021-12-20 11:27:00,7250,7250,7250,7250,100
2021-12-20 11:28:00,7250,7250,7250,7250,0
2021-12-20 11:29:00,7225,7225,7250,7250,600
2021-12-20 11:30:00,7225,7225,7250,7250,0
2021-12-20 11:31:00,7225,7225,7250,7250,0
2021-12-20 11:32:00,7225,7225,7250,7250,0
2021-12-20 11:33:00,7225,7225,7250,7250,0
2021-12-20 11:34:00,7225,7225,7250,7250,0
2021-12-20 11:35:00,7225,7225,7250,7250,0
2021-12-20 11:36:00,7225,7225,7250,7250,0
2021-12-20 11:37:00,7225,7225,7250,7250,0
2021-12-20 11:38:00,7225,7225,7250,7250,0
2021-12-20 11:39:00,7225,7225,7250,7250,0
2021-12-20 11:40:00,7225,7225,7250,7250,0
2021-12-20 11:41:00,7225,7225,7250,7250,0
2021-12-20 11:42:00,7225,7225,7250,7250,0
2021-12-20 11:43:00,7225,7225,7250,7250,0
2021-12-20 11:44:00,7225,7225,7250,7250,0
2021-12-20 11:45:00,7225,7225,7250,7250,0
2021-12-20 11:46:00,7225,7225,7250,7250,0
2021-12-20 11:47:00,7225,7225,7250,7250,0
2021-12-20 11:48:00,7225,7225,7250,7250,0
2021-12-20 11:49:00,7225,7225,7250,7250,0
2021-12-20 11:50:00,7225,7225,7250,7250,0
2021-12-20 11:51:00,7225,7225,7250,7250,0
2021-12-20 11:52:00,7225,7225,7250,7250,0
2021-12-20 11:53:00,7225,7225,7250,7250,0
2021-12-20 11:54:00,7225,7225,7250,7250,0
2021-12-20 11:55:00,7225,7225,7250,7250,0
2021-12-20 11:56:00,7225,7225,7250,7250,0
2021-12-20 11:57:00,7225,7225,7250,7250,0
2021-12-20 11:58:00,7225,7225,7250,7250,0
2021-12-20 11:59:00,7225,7225,7250,7250,0
2021-12-20 12:00:00,7225,7225,7250,7250,0
2021-12-20 12:01:00,7225,7225,7250,7250,0
2021-12-20 12:02:00,7225,7225,7250,7250,0
2021-12-20 12:03:00,7225,7225,7250,7250,0
2021-12-20 12:04:00,7225,7225,7250,7250,0
2021-12-20 12:05:00,7225,7225,7250,7250,0
2021-12-20 12:06:00,7225,7225,7250,7250,0
2021-12-20 12:07:00,7225,7225,7250,7250,0
2021-12-20 12:08:00,7225,7225,7250,7250,0
2021-12-20 12:09:00,7225,7225,7250,7250,0
2021-12-20 12:10:00,7225,7225,7250,7250,0
2021-12-20 12:11:00,7225,7225,7250,7250,0
2021-12-20 12:12:00,7225,7225,7250,7250,0
2021-12-20 12:13:00,7225,7225,7250,7250,0
2021-12-20 12:14:00,7225,7225,7250,7250,0
2021-12-20 12:15:00,7225,7225,7250,7250,0
2021-12-20 12:16:00,7225,7225,7250,7250,0
2021-12-20 12:17:00,7225,7225,7250,7250,0
2021-12-20 12:18:00,7225,7225,7250,7250,0
2021-12-20 12:19:00,7225,7225,7250,7250,0
2021-12-20 12:20:00,7225,7225,7250,7250,0
2021-12-20 12:21:00,7225,7225,7250,7250,0
2021-12-20 12:22:00,7225,7225,7250,7250,0
2021-12-20 12:23:00,7225,7225,7250,7250,0
2021-12-20 12:24:00,7225,7225,7250,7250,0
2021-12-20 12:25:00,7225,7225,7250,7250,0
2021-12-20 12:26:00,7225,7225,7250,7250,0
2021-12-20 12:27:00,7225,7225,7250,7250,0
2021-12-20 12:28:00,7225,7225,7250,7250,0
2021-12-20 12:29:00,7225,7225,7250,7250,0
2021-12-20 12:30:00,7225,7225,7250,7250,0
2021-12-20 12:31:00,7225,7225,7250,7250,0
2021-12-20 12:32:00,7225,7225,7250,7250,0
2021-12-20 12:33:00,7225,7225,7250,7250,0
2021-12-20 12:34:00,7225,7225,7250,7250,0
2021-12-20 12:35:00,7225,7225,7250,7250,0
2021-12-20 12:36:00,7225,7225,7250,7250,0
2021-12-20 12:37:00,7225,7225,7250,7250,0
2021-12-20 12:38:00,7225,7225,7250,7250,0
2021-12-20 12:39:00,7225,7225,7250,7250,0
2021-12-20 12:40:00,7225,7225,7250,7250,0
2021-12-20 12:41:00,7225,7225,7250,7250,0
2021-12-20 12:42:00,7225,7225,7250,7250,0
2021-12-20 12:43:00,7225,7225,7250,7250,0
2021-12-20 12:44:00,7225,7225,7250,7250,0
2021-12-20 12:45:00,7225,7225,7250,7250,0
2021-12-20 12:46:00,7225,7225,7250,7250,0
2021-12-20 12:47:00,7225,7225,7250,7250,0
2021-12-20 12:48:00,7225,7225,7250,7250,0
2021-12-20 12:49:00,7225,7225,7250,7250,0
2021-12-20 12:50:00,7225,7225,7250,7250,0
2021-12-20 12:51:00,7225,7225,7250,7250,0
2021-12-20 12:52:00,7225,7225,7250,7250,0
2021-12-20 12:53:00,7225,7225,7250,7250,0
2021-12-20 12:54:00,7225,7225,7250,7250,0
2021-12-20 12:55:00,7225,7225,7250,7250,0
2021-12-20 12:56:00,7225,7225,7250,7250,0
2021-12-20 12:57:00,7225,7225,7250,7250,0
2021-12-20 12:58:00,7225,7225,7250,7250,0
2021-12-20 12:59:00,7225,7225,7250,7250,0
2021-12-20 13:00:00,7225,7225,7250,7250,0
2021-12-20 13:01:00,7225,7225,7250,7250,0
2021-12-20 13:02:00,7225,7225,7250,7250,0
2021-12-20 13:03:00,7225,7225,7250,7250,0
2021-12-20 13:04:00,7225,7225,7250,7250,0
2021-12-20 13:05:00,7225,7225,7250,7250,0
2021-12-20 13:06:00,7225,7225,7250,7250,0
2021-12-20 13:07:00,7225,7225,7250,7250,0
2021-12-20 13:08:00,7225,7225,7250,7250,0
2021-12-20 13:09:00,7225,7225,7250,7250,0
2021-12-20 13:10:00,7225,7225,7250,7250,0
2021-12-20 13:11:00,7225,7225,7250,7250,0
2021-12-20 13:12:00,7225,7225,7250,7250,0
2021-12-20 13:13:00,7225,7225,7250,7250,0
2021-12-20 13:14:00,7225,7225,7250,7250,0
2021-12-20 13:15:00,7225,7225,7250,7250,0
2021-12-20 13:16:00,7225,7225,7250,7250,0
2021-12-20 13:17:00,7225,7225,7250,7250,0
2021-12-20 13:18:00,7225,7225,7250,7250,0
2021-12-20 13:19:00,7225,7225,7250,7250,0
2021-12-20 13:20:00,7225,7225,7250,7250,0
2021-12-20 13:21:00,7225,7225,7250,7250,0
2021-12-20 13:22:00,7225,7225,7250,7250,0
2021-12-20 13:23:00,7225,7225,7250,7250,0
2021-12-20 13:24:00,7225,7225,7250,7250,0
2021-12-20 13:25:00,7225,7225,7250,7250,0
2021-12-20 13:26:00,7225,7225,7250,7250,0
2021-12-20 13:27:00,7225,7225,7250,7250,0
2021-12-20 13:28:00,7225,7225,7250,7250,0
2021-12-20 13:29:00,7225,7225,7250,7250,0
2021-12-20 13:30:00,7250,7225,7250,7250,11300
2021-12-20 13:31:00,7250,7225,7250,7250,6600
2021-12-20 13:32:00,7250,7250,7250,7250,400
2021-12-20 13:33:00,7250,7250,7250,7250,0
2021-12-20 13:34:00,7250,7250,7250,7250,100
2021-12-20 13:35:00,7225,7225,7225,7225,3000
2021-12-20 13:36:00,7225,7225,7225,7225,1700
2021-12-20 13:37:00,7225,7225,7225,7225,4100
2021-12-20 13:38:00,7250,7225,7250,7225,1200
2021-12-20 13:39:00,7250,7225,7250,7225,0
2021-12-20 13:40:00,7225,7225,7225,7225,1000
2021-12-20 13:41:00,7225,7225,7225,7225,0
2021-12-20 13:42:00,7225,7225,7225,7225,0
2021-12-20 13:43:00,7250,7200,7250,7200,48900
2021-12-20 13:44:00,7200,7200,7200,7200,2800
2021-12-20 13:45:00,7200,7200,7225,7225,200
2021-12-20 13:46:00,7225,7225,7225,7225,100
2021-12-20 13:47:00,7200,7200,7225,7200,6200
2021-12-20 13:48:00,7200,7200,7200,7200,4300
2021-12-20 13:49:00,7200,7200,7200,7200,2900
2021-12-20 13:50:00,7225,7200,7225,7200,14400
2021-12-20 13:51:00,7225,7225,7225,7225,300
2021-12-20 13:52:00,7225,7200,7225,7200,3800
2021-12-20 13:53:00,7200,7200,7225,7225,1700
2021-12-20 13:54:00,7200,7200,7225,7200,5800
2021-12-20 13:55:00,7200,7200,7225,7200,0
2021-12-20 13:56:00,7225,7200,7225,7200,200
2021-12-20 13:57:00,7225,7225,7225,7225,14000
2021-12-20 13:58:00,7225,7225,7225,7225,3400
2021-12-20 13:59:00,7225,7225,7225,7225,2400
2021-12-20 14:00:00,7225,7225,7225,7225,700
2021-12-20 14:01:00,7225,7225,7225,7225,600
2021-12-20 14:02:00,7225,7225,7225,7225,100
2021-12-20 14:03:00,7225,7225,7225,7225,0
2021-12-20 14:04:00,7200,7200,7225,7225,19000
2021-12-20 14:05:00,7225,7225,7225,7225,100
2021-12-20 14:06:00,7225,7225,7225,7225,3000
2021-12-20 14:07:00,7200,7200,7225,7200,23900
2021-12-20 14:08:00,7225,7225,7225,7225,300
2021-12-20 14:09:00,7225,7225,7225,7225,800
2021-12-20 14:10:00,7225,7225,7225,7225,100
2021-12-20 14:11:00,7225,7225,7225,7225,1100
2021-12-20 14:12:00,7225,7200,7225,7225,4200
2021-12-20 14:13:00,7225,7225,7225,7225,1000
2021-12-20 14:14:00,7225,7225,7225,7225,1200
2021-12-20 14:15:00,7225,7225,7225,7225,1900
2021-12-20 14:16:00,7225,7225,7225,7225,0
2021-12-20 14:17:00,7225,7225,7225,7225,5500
2021-12-20 14:18:00,7225,7225,7250,7250,25700
2021-12-20 14:19:00,7225,7225,7250,7250,0
2021-12-20 14:20:00,7225,7225,7250,7250,0
2021-12-20 14:21:00,7250,7250,7275,7250,7600
2021-12-20 14:22:00,7250,7250,7250,7250,15000
2021-12-20 14:23:00,7250,7225,7250,7225,3400
2021-12-20 14:24:00,7225,7225,7250,7250,13200
2021-12-20 14:25:00,7250,7250,7275,7275,2500
2021-12-20 14:26:00,7275,7250,7275,7250,7500
2021-12-20 14:27:00,7250,7250,7250,7250,1400
2021-12-20 14:28:00,7250,7250,7250,7250,15500
2021-12-20 14:29:00,7250,7250,7250,7250,0
2021-12-20 14:30:00,7250,7250,7250,7250,3100
2021-12-20 14:31:00,7225,7225,7250,7250,1600
2021-12-20 14:32:00,7225,7225,7250,7250,0
2021-12-20 14:33:00,7225,7225,7250,7225,8500
2021-12-20 14:34:00,7225,7225,7250,7225,0
2021-12-20 14:35:00,7225,7225,7225,7225,1100
2021-12-20 14:36:00,7225,7225,7225,7225,200
2021-12-20 14:37:00,7250,7250,7250,7250,100
2021-12-20 14:38:00,7250,7250,7250,7250,0
2021-12-20 14:39:00,7250,7250,7250,7250,0
2021-12-20 14:40:00,7250,7250,7250,7250,3800
2021-12-20 14:41:00,7225,7225,7225,7225,400
2021-12-20 14:42:00,7225,7225,7225,7225,0
2021-12-20 14:43:00,7225,7225,7225,7225,3000
2021-12-20 14:44:00,7225,7225,7225,7225,100
2021-12-20 14:45:00,7225,7225,7225,7225,100
2021-12-20 14:46:00,7225,7225,7225,7225,1300
2021-12-20 14:47:00,7250,7250,7250,7250,700
2021-12-20 14:48:00,7250,7225,7250,7225,3300
2021-12-20 14:49:00,7225,7225,7225,7225,14400
2021-12-20 14:50:00,7225,7225,7225,7225,0
2021-12-20 14:51:00,7225,7225,7225,7225,0
2021-12-20 14:52:00,7225,7225,7225,7225,0
2021-12-20 14:53:00,7225,7225,7225,7225,0
2021-12-20 14:54:00,7225,7225,7225,7225,0
2021-12-20 14:55:00,7225,7225,7225,7225,0
2021-12-20 14:56:00,7225,7225,7225,7225,0
2021-12-20 14:57:00,7225,7225,7225,7225,0
2021-12-20 14:58:00,7225,7225,7225,7225,0
2021-12-20 14:59:00,7225,7225,7225,7225,0
2021-12-20 15:00:00,7250,7250,7250,7250,24700
2021-12-20 15:01:00,7250,7250,7250,7250,12400
2021-12-20 15:02:00,7250,7250,7250,7250,11700
2021-12-20 15:03:00,7250,7250,7250,7250,7000
2021-12-20 15:04:00,7250,7250,7250,7250,1400
2021-12-20 15:05:00,7250,7250,7250,7250,500
2021-12-20 15:06:00,7250,7250,7250,7250,100
2021-12-20 15:07:00,7250,7250,7250,7250,300
2021-12-20 15:08:00,7250,7250,7250,7250,0
2021-12-20 15:09:00,7250,7250,7250,7250,3600
2021-12-20 15:10:00,7250,7250,7250,7250,0
2021-12-20 15:11:00,7250,7250,7250,7250,0
2021-12-20 15:12:00,7250,7250,7250,7250,500
2021-12-20 15:13:00,7250,7250,7250,7250,0
2021-12-20 15:14:00,7250,7250,7250,7250,0
2021-12-20 15:15:00,7250,7250,7250,7250,100
2021-12-20 15:16:00,7250,7250,7250,7250,0
2021-12-20 15:17:00,7250,7250,7250,7250,0
2021-12-20 15:18:00,7250,7250,7250,7250,0
2021-12-20 15:19:00,7250,7250,7250,7250,0
2021-12-20 15:20:00,7250,7250,7250,7250,0
2021-12-20 15:21:00,7250,7250,7250,7250,0
2021-12-20 15:22:00,7250,7250,7250,7250,0
2021-12-20 15:23:00,7250,7250,7250,7250,0
2021-12-20 15:24:00,7250,7250,7250,7250,0
2021-12-20 15:25:00,7250,7250,7250,7250,0
2021-12-20 15:26:00,7250,7250,7250,7250,0
2021-12-20 15:27:00,7250,7250,7250,7250,0
2021-12-20 15:28:00,7250,7250,7250,7250,0
2021-12-20 15:29:00,7250,7250,7250,7250,0
2021-12-20 15:30:00,7250,7250,7250,7250,0
2021-12-20 15:31:00,7250,7250,7250,7250,0
2021-12-20 15:32:00,7250,7250,7250,7250,0
2021-12-20 15:33:00,7250,7250,7250,7250,0
2021-12-20 15:34:00,7250,7250,7250,7250,0
2021-12-20 15:35:00,7250,7250,7250,7250,0
2021-12-20 15:36:00,7250,7250,7250,7250,0
2021-12-20 15:37:00,7250,7250,7250,7250,0
2021-12-20 15:38:00,7250,7250,7250,7250,0
2021-12-20 15:39:00,7250,7250,7250,7250,0
2021-12-20 15:40:00,7250,7250,7250,7250,0
2021-12-20 15:41:00,7250,7250,7250,7250,0
2021-12-20 15:42:00,7250,7250,7250,7250,0
2021-12-20 15:43:00,7250,7250,7250,7250,0
2021-12-20 15:44:00,7250,7250,7250,7250,0
2021-12-20 15:45:00,7250,7250,7250,7250,0
2021-12-20 15:46:00,7250,7250,7250,7250,0
2021-12-20 15:47:00,7250,7250,7250,7250,0
2021-12-20 15:48:00,7250,7250,7250,7250,0
2021-12-20 15:49:00,7250,7250,7250,7250,0
2021-12-20 15:50:00,7250,7250,7250,7250,0
2021-12-20 15:51:00,7250,7250,7250,7250,0
2021-12-20 15:52:00,7250,7250,7250,7250,0
2021-12-20 15:53:00,7250,7250,7250,7250,0
2021-12-20 15:54:00,7250,7250,7250,7250,0
2021-12-20 15:55:00,7250,7250,7250,7250,0
2021-12-20 15:56:00,7250,7250,7250,7250,0
2021-12-20 15:57:00,7250,7250,7250,7250,0
2021-12-20 15:58:00,7250,7250,7250,7250,0
2021-12-20 15:59:00,7250,7250,7250,7250,0
2021-12-21 09:00:00,7250,7250,7250,7250,0
2021-12-21 09:01:00,7250,7250,7250,7250,0
2021-12-21 09:02:00,7275,7250,7275,7250,1200
2021-12-21 09:03:00,7275,7250,7275,7250,0
2021-12-21 09:04:00,7250,7250,7250,7250,5000
2021-12-21 09:05:00,7275,7250,7275,7275,14900
2021-12-21 09:06:00,7275,7250,7275,7250,3400
2021-12-21 09:07:00,7250,7250,7275,7275,200
2021-12-21 09:08:00,7275,7250,7275,7250,13300
2021-12-21 09:09:00,7250,7250,7250,7250,30900
2021-12-21 09:10:00,7250,7250,7250,7250,1700
2021-12-21 09:11:00,7250,7250,7250,7250,13000
2021-12-21 09:12:00,7250,7250,7250,7250,5300
2021-12-21 09:13:00,7250,7225,7250,7250,7200
2021-12-21 09:14:00,7225,7225,7225,7225,11700
2021-12-21 09:15:00,7225,7225,7250,7250,15400
2021-12-21 09:16:00,7275,7250,7275,7275,10600
2021-12-21 09:17:00,7275,7275,7275,7275,100
2021-12-21 09:18:00,7275,7275,7300,7275,3200
2021-12-21 09:19:00,7300,7300,7300,7300,3100
2021-12-21 09:20:00,7300,7300,7300,7300,1500
2021-12-21 09:21:00,7300,7300,7300,7300,3600
2021-12-21 09:22:00,7300,7300,7300,7300,0
2021-12-21 09:23:00,7275,7275,7300,7300,800
2021-12-21 09:24:00,7300,7300,7300,7300,800
2021-12-21 09:25:00,7300,7275,7300,7275,6800
2021-12-21 09:26:00,7300,7275,7300,7300,1700
2021-12-21 09:27:00,7300,7300,7300,7300,100
2021-12-21 09:28:00,7275,7275,7275,7275,4100
2021-12-21 09:29:00,7275,7275,7275,7275,100
2021-12-21 09:30:00,7275,7275,7275,7275,5900
2021-12-21 09:31:00,7275,7275,7275,7275,400
2021-12-21 09:32:00,7250,7250,7250,7250,5600
2021-12-21 09:33:00,7250,7250,7250,7250,0
2021-12-21 09:34:00,7250,7250,7250,7250,4100
2021-12-21 09:35:00,7275,7275,7275,7275,100
2021-12-21 09:36:00,7275,7275,7275,7275,5100
2021-12-21 09:37:00,7275,7275,7275,7275,1200
2021-12-21 09:38:00,7275,7275,7275,7275,100
2021-12-21 09:39:00,7275,7275,7275,7275,300
2021-12-21 09:40:00,7275,7275,7275,7275,100
2021-12-21 09:41:00,7275,7275,7275,7275,1500
2021-12-21 09:42:00,7275,7250,7275,7250,1700
2021-12-21 09:43:00,7275,7275,7275,7275,100
2021-12-21 09:44:00,7275,7275,7275,7275,1000
2021-12-21 09:45:00,7275,7275,7275,7275,100
2021-12-21 09:46:00,7250,7250,7250,7250,600
2021-12-21 09:47:00,7250,7250,7250,7250,300
2021-12-21 09:48:00,7250,7250,7250,7250,1000
2021-12-21 09:49:00,7275,7250,7275,7275,300
2021-12-21 09:50:00,7275,7250,7275,7275,0
2021-12-21 09:51:00,7275,7250,7275,7275,0
2021-12-21 09:52:00,7275,7275,7275,7275,1000
2021-12-21 09:53:00,7250,7250,7250,7250,68400
2021-12-21 09:54:00,7250,7250,7250,7250,300
2021-12-21 09:55:00,7225,7225,7250,7250,2100
2021-12-21 09:56:00,7250,7225,7250,7225,2000
2021-12-21 09:57:00,7250,7225,7250,7225,0
2021-12-21 09:58:00,7225,7225,7225,7225,400
2021-12-21 09:59:00,7225,7225,7250,7225,700
2021-12-21 10:00:00,7225,7225,7225,7225,600
2021-12-21 10:01:00,7250,7200,7250,7200,19600
2021-12-21 10:02:00,7250,7200,7250,7200,0
2021-12-21 10:03:00,7225,7200,7225,7225,2000
2021-12-21 10:04:00,7225,7225,7225,7225,1200
2021-12-21 10:05:00,7200,7200,7225,7200,36300
2021-12-21 10:06:00,7175,7175,7175,7175,30100
2021-12-21 10:07:00,7150,7150,7150,7150,13800
2021-12-21 10:08:00,7150,7150,7175,7150,28600
2021-12-21 10:09:00,7150,7150,7175,7175,10200
2021-12-21 10:10:00,7175,7150,7175,7150,1400
2021-12-21 10:11:00,7175,7150,7175,7150,5800
2021-12-21 10:12:00,7150,7150,7175,7175,5400
2021-12-21 10:13:00,7175,7150,7175,7175,17000
2021-12-21 10:14:00,7150,7150,7175,7175,3000
2021-12-21 10:15:00,7175,7175,7175,7175,2600
2021-12-21 10:16:00,7175,7150,7175,7175,2400
2021-12-21 10:17:00,7150,7150,7175,7150,2000
2021-12-21 10:18:00,7150,7150,7175,7175,2300
2021-12-21 10:19:00,7175,7175,7175,7175,100
2021-12-21 10:20:00,7175,7150,7175,7150,3900
2021-12-21 10:21:00,7150,7150,7175,7175,41400
2021-12-21 10:22:00,7175,7175,7175,7175,2800
2021-12-21 10:23:00,7175,7175,7175,7175,200
2021-12-21 10:24:00,7200,7200,7200,7200,300
2021-12-21 10:25:00,7175,7175,7200,7200,1200
2021-12-21 10:26:00,7200,7175,7200,7175,1300
2021-12-21 10:27:00,7175,7175,7175,7175,1100
2021-12-21 10:28:00,7200,7200,7200,7200,1000
2021-12-21 10:29:00,7200,7200,7200,7200,100
2021-12-21 10:30:00,7200,7200,7200,7200,700
2021-12-21 10:31:00,7200,7200,7200,7200,200
2021-12-21 10:32:00,7175,7175,7175,7175,1500
2021-12-21 10:33:00,7175,7175,7175,7175,1100
2021-12-21 10:34:00,7200,7200,7200,7200,1000
2021-12-21 10:35:00,7200,7200,7200,7200,1200
2021-12-21 10:36:00,7200,7200,7200,7200,2500
2021-12-21 10:37:00,7200,7200,7200,7200,100
2021-12-21 10:38:00,7175,7175,7175,7175,1900
2021-12-21 10:39:00,7175,7175,7200,7200,1700
2021-12-21 10:40:00,7200,7175,7200,7175,6600
2021-12-21 10:41:00,7175,7175,7175,7175,2000
2021-12-21 10:42:00,7175,7175,7175,7175,0
2021-12-21 10:43:00,7175,7175,7175,7175,0
2021-12-21 10:44:00,7175,7175,7175,7175,800
2021-12-21 10:45:00,7175,7175,7175,7175,600
2021-12-21 10:46:00,7175,7175,7175,7175,8800
2021-12-21 10:47:00,7175,7175,7175,7175,500
2021-12-21 10:48:00,7175,7175,7175,7175,800
2021-12-21 10:49:00,7175,7175,7175,7175,1000
2021-12-21 10:50:00,7175,7175,7175,7175,0
2021-12-21 10:51:00,7175,7175,7175,7175,46200
2021-12-21 10:52:00,7175,7175,7200,7200,5300
2021-12-21 10:53:00,7200,7175,7200,7175,4900
2021-12-21 10:54:00,7175,7175,7175,7175,3200
2021-12-21 10:55:00,7175,7175,7175,7175,2900
2021-12-21 10:56:00,7175,7175,7175,7175,100
2021-12-21 10:57:00,7175,7175,7175,7175,100
2021-12-21 10:58:00,7175,7175,7175,7175,500
2021-12-21 10:59:00,7175,7175,7175,7175,0
2021-12-21 11:00:00,7175,7175,7175,7175,2500
2021-12-21 11:01:00,7175,7150,7175,7175,12300
2021-12-21 11:02:00,7175,7150,7175,7175,0
2021-12-21 11:03:00,7175,7175,7175,7175,2000
2021-12-21 11:04:00,7175,7175,7175,7175,0
2021-12-21 11:05:00,7175,7175,7175,7175,4100
2021-12-21 11:06:00,7175,7175,7175,7175,0
2021-12-21 11:07:00,7175,7150,7175,7175,8500
2021-12-21 11:08:00,7175,7150,7175,7175,0
2021-12-21 11:09:00,7175,7175,7175,7175,500
2021-12-21 11:10:00,7175,7175,7175,7175,1200
2021-12-21 11:11:00,7175,7175,7175,7175,100
2021-12-21 11:12:00,7175,7175,7175,7175,2300
2021-12-21 11:13:00,7175,7175,7175,7175,0
2021-12-21 11:14:00,7175,7175,7175,7175,0
2021-12-21 11:15:00,7175,7175,7175,7175,10400
2021-12-21 11:16:00,7175,7175,7175,7175,100
2021-12-21 11:17:00,7175,7175,7175,7175,500
2021-12-21 11:18:00,7175,7175,7175,7175,400
2021-12-21 11:19:00,7175,7175,7175,7175,3300
2021-12-21 11:20:00,7175,7175,7175,7175,0
2021-12-21 11:21:00,7175,7175,7175,7175,1100
2021-12-21 11:22:00,7175,7175,7175,7175,1400
2021-12-21 11:23:00,7175,7175,7175,7175,100
2021-12-21 11:24:00,7175,7175,7175,7175,0
2021-12-21 11:25:00,7175,7175,7175,7175,100
2021-12-21 11:26:00,7175,7175,7175,7175,0
2021-12-21 11:27:00,7175,7175,7175,7175,0
2021-12-21 11:28:00,7175,7175,7175,7175,900
2021-12-21 11:29:00,7175,7175,7175,7175,0
2021-12-21 11:30:00,7175,7175,7175,7175,0
2021-12-21 11:31:00,7175,7175,7175,7175,0
2021-12-21 11:32:00,7175,7175,7175,7175,0
2021-12-21 11:33:00,7175,7175,7175,7175,0
2021-12-21 11:34:00,7175,7175,7175,7175,0
2021-12-21 11:35:00,7175,7175,7175,7175,0
2021-12-21 11:36:00,7175,7175,7175,7175,0
2021-12-21 11:37:00,7175,7175,7175,7175,0
2021-12-21 11:38:00,7175,7175,7175,7175,0
2021-12-21 11:39:00,7175,7175,7175,7175,0
2021-12-21 11:40:00,7175,7175,7175,7175,0
2021-12-21 11:41:00,7175,7175,7175,7175,0
2021-12-21 11:42:00,7175,7175,7175,7175,0
2021-12-21 11:43:00,7175,7175,7175,7175,0
2021-12-21 11:44:00,7175,7175,7175,7175,0
2021-12-21 11:45:00,7175,7175,7175,7175,0
2021-12-21 11:46:00,7175,7175,7175,7175,0
2021-12-21 11:47:00,7175,7175,7175,7175,0
2021-12-21 11:48:00,7175,7175,7175,7175,0
2021-12-21 11:49:00,7175,7175,7175,7175,0
2021-12-21 11:50:00,7175,7175,7175,7175,0
2021-12-21 11:51:00,7175,7175,7175,7175,0
2021-12-21 11:52:00,7175,7175,7175,7175,0
2021-12-21 11:53:00,7175,7175,7175,7175,0
2021-12-21 11:54:00,7175,7175,7175,7175,0
2021-12-21 11:55:00,7175,7175,7175,7175,0
2021-12-21 11:56:00,7175,7175,7175,7175,0
2021-12-21 11:57:00,7175,7175,7175,7175,0
2021-12-21 11:58:00,7175,7175,7175,7175,0
2021-12-21 11:59:00,7175,7175,7175,7175,0
2021-12-21 12:00:00,7175,7175,7175,7175,0
2021-12-21 12:01:00,7175,7175,7175,7175,0
2021-12-21 12:02:00,7175,7175,7175,7175,0
2021-12-21 12:03:00,7175,7175,7175,7175,0
2021-12-21 12:04:00,7175,7175,7175,7175,0
2021-12-21 12:05:00,7175,7175,7175,7175,0
2021-12-21 12:06:00,7175,7175,7175,7175,0
2021-12-21 12:07:00,7175,7175,7175,7175,0
2021-12-21 12:08:00,7175,7175,7175,7175,0
2021-12-21 12:09:00,7175,7175,7175,7175,0
2021-12-21 12:10:00,7175,7175,7175,7175,0
2021-12-21 12:11:00,7175,7175,7175,7175,0
2021-12-21 12:12:00,7175,7175,7175,7175,0
2021-12-21 12:13:00,7175,7175,7175,7175,0
2021-12-21 12:14:00,7175,7175,7175,7175,0
2021-12-21 12:15:00,7175,7175,7175,7175,0
2021-12-21 12:16:00,7175,7175,7175,7175,0
2021-12-21 12:17:00,7175,7175,7175,7175,0
2021-12-21 12:18:00,7175,7175,7175,7175,0
2021-12-21 12:19:00,7175,7175,7175,7175,0
2021-12-21 12:20:00,7175,7175,7175,7175,0
2021-12-21 12:21:00,7175,7175,7175,7175,0
2021-12-21 12:22:00,7175,7175,7175,7175,0
2021-12-21 12:23:00,7175,7175,7175,7175,0
2021-12-21 12:24:00,7175,7175,7175,7175,0
2021-12-21 12:25:00,7175,7175,7175,7175,0
2021-12-21 12:26:00,7175,7175,7175,7175,0
2021-12-21 12:27:00,7175,7175,7175,7175,0
2021-12-21 12:28:00,7175,7175,7175,7175,0
2021-12-21 12:29:00,7175,7175,7175,7175,0
2021-12-21 12:30:00,7175,7175,7175,7175,0
2021-12-21 12:31:00,7175,7175,7175,7175,0
2021-12-21 12:32:00,7175,7175,7175,7175,0
2021-12-21 12:33:00,7175,7175,7175,7175,0
2021-12-21 12:34:00,7175,7175,7175,7175,0
2021-12-21 12:35:00,7175,7175,7175,7175,0
2021-12-21 12:36:00,7175,7175,7175,7175,0
2021-12-21 12:37:00,7175,7175,7175,7175,0
2021-12-21 12:38:00,7175,7175,7175,7175,0
2021-12-21 12:39:00,7175,7175,7175,7175,0
2021-12-21 12:40:00,7175,7175,7175,7175,0
2021-12-21 12:41:00,7175,7175,7175,7175,0
2021-12-21 12:42:00,7175,7175,7175,7175,0
2021-12-21 12:43:00,7175,7175,7175,7175,0
2021-12-21 12:44:00,7175,7175,7175,7175,0
2021-12-21 12:45:00,7175,7175,7175,7175,0
2021-12-21 12:46:00,7175,7175,7175,7175,0
2021-12-21 12:47:00,7175,7175,7175,7175,0
2021-12-21 12:48:00,7175,7175,7175,7175,0
2021-12-21 12:49:00,7175,7175,7175,7175,0
2021-12-21 12:50:00,7175,7175,7175,7175,0
2021-12-21 12:51:00,7175,7175,7175,7175,0
2021-12-21 12:52:00,7175,7175,7175,7175,0
2021-12-21 12:53:00,7175,7175,7175,7175,0
2021-12-21 12:54:00,7175,7175,7175,7175,0
2021-12-21 12:55:00,7175,7175,7175,7175,0
2021-12-21 12:56:00,7175,7175,7175,7175,0
2021-12-21 12:57:00,7175,7175,7175,7175,0
2021-12-21 12:58:00,7175,7175,7175,7175,0
2021-12-21 12:59:00,7175,7175,7175,7175,0
2021-12-21 13:00:00,7175,7175,7175,7175,0
2021-12-21 13:01:00,7175,7175,7175,7175,0
2021-12-21 13:02:00,7175,7175,7175,7175,0
2021-12-21 13:03:00,7175,7175,7175,7175,0
2021-12-21 13:04:00,7175,7175,7175,7175,0
2021-12-21 13:05:00,7175,7175,7175,7175,0
2021-12-21 13:06:00,7175,7175,7175,7175,0
2021-12-21 13:07:00,7175,7175,7175,7175,0
2021-12-21 13:08:00,7175,7175,7175,7175,0
2021-12-21 13:09:00,7175,7175,7175,7175,0
2021-12-21 13:10:00,7175,7175,7175,7175,0
2021-12-21 13:11:00,7175,7175,7175,7175,0
2021-12-21 13:12:00,7175,7175,7175,7175,0
2021-12-21 13:13:00,7175,7175,7175,7175,0
2021-12-21 13:14:00,7175,7175,7175,7175,0
2021-12-21 13:15:00,7175,7175,7175,7175,0
2021-12-21 13:16:00,7175,7175,7175,7175,0
2021-12-21 13:17:00,7175,7175,7175,7175,0
2021-12-21 13:18:00,7175,7175,7175,7175,0
2021-12-21 13:19:00,7175,7175,7175,7175,0
2021-12-21 13:20:00,7175,7175,7175,7175,0
2021-12-21 13:21:00,7175,7175,7175,7175,0
2021-12-21 13:22:00,7175,7175,7175,7175,0
2021-12-21 13:23:00,7175,7175,7175,7175,0
2021-12-21 13:24:00,7175,7175,7175,7175,0
2021-12-21 13:25:00,7175,7175,7175,7175,0
2021-12-21 13:26:00,7175,7175,7175,7175,0
2021-12-21 13:27:00,7175,7175,7175,7175,0
2021-12-21 13:28:00,7175,7175,7175,7175,0
2021-12-21 13:29:00,7175,7175,7175,7175,0
2021-12-21 13:30:00,7175,7175,7200,7200,40800
2021-12-21 13:31:00,7200,7200,7200,7200,100
2021-12-21 13:32:00,7200,7175,7200,7200,10200
2021-12-21 13:33:00,7200,7175,7200,7200,0
2021-12-21 13:34:00,7200,7200,7200,7200,4000
2021-12-21 13:35:00,7175,7175,7175,7175,1600
2021-12-21 13:36:00,7175,7175,7175,7175,0
2021-12-21 13:37:00,7175,7175,7175,7175,1000
2021-12-21 13:38:00,7200,7200,7200,7200,100
2021-12-21 13:39:00,7200,7200,7200,7200,0
2021-12-21 13:40:00,7200,7200,7200,7200,100
2021-12-21 13:41:00,7175,7175,7200,7175,3200
2021-12-21 13:42:00,7175,7175,7175,7175,800
2021-12-21 13:43:00,7175,7175,7175,7175,200
2021-12-21 13:44:00,7200,7200,7200,7200,500
2021-12-21 13:45:00,7200,7175,7200,7175,1100
2021-12-21 13:46:00,7175,7175,7200,7200,14800
2021-12-21 13:47:00,7175,7175,7200,7200,1200
2021-12-21 13:48:00,7200,7200,7200,7200,900
2021-12-21 13:49:00,7175,7175,7175,7175,1400
2021-12-21 13:50:00,7175,7175,7175,7175,3200
2021-12-21 13:51:00,7175,7175,7175,7175,71000
2021-12-21 13:52:00,7150,7150,7175,7175,10800
2021-12-21 13:53:00,7150,7150,7150,7150,3000
2021-12-21 13:54:00,7150,7150,7150,7150,11600
2021-12-21 13:55:00,7175,7175,7175,7175,2200
2021-12-21 13:56:00,7175,7175,7175,7175,500
2021-12-21 13:57:00,7175,7175,7175,7175,1000
2021-12-21 13:58:00,7150,7150,7175,7150,6100
2021-12-21 13:59:00,7175,7175,7175,7175,1600
2021-12-21 14:00:00,7175,7150,7175,7175,3200
2021-12-21 14:01:00,7175,7175,7175,7175,500
2021-12-21 14:02:00,7175,7175,7175,7175,34200
2021-12-21 14:03:00,7175,7175,7175,7175,9300
2021-12-21 14:04:00,7175,7175,7175,7175,36500
2021-12-21 14:05:00,7175,7175,7175,7175,0
2021-12-21 14:06:00,7175,7175,7175,7175,0
2021-12-21 14:07:00,7175,7175,7175,7175,100
2021-12-21 14:08:00,7175,7175,7175,7175,200
2021-12-21 14:09:00,7175,7175,7175,7175,200
2021-12-21 14:10:00,7175,7175,7175,7175,300
2021-12-21 14:11:00,7175,7175,7175,7175,1500
2021-12-21 14:12:00,7175,7175,7175,7175,100
2021-12-21 14:13:00,7175,7175,7175,7175,1000
2021-12-21 14:14:00,7175,7175,7175,7175,100
2021-12-21 14:15:00,7175,7175,7200,7175,1000
2021-12-21 14:16:00,7175,7175,7175,7175,100
2021-12-21 14:17:00,7200,7200,7200,7200,100
2021-12-21 14:18:00,7200,7175,7200,7200,14000
2021-12-21 14:19:00,7200,7175,7200,7200,0
2021-12-21 14:20:00,7175,7175,7175,7175,5300
2021-12-21 14:21:00,7200,7200,7200,7200,5400
2021-12-21 14:22:00,7200,7200,7200,7200,5500
2021-12-21 14:23:00,7200,7200,7200,7200,1000
2021-12-21 14:24:00,7200,7200,7225,7225,106600
2021-12-21 14:25:00,7225,7225,7225,7225,1700
2021-12-21 14:26:00,7225,7200,7225,7200,1100
2021-12-21 14:27:00,7225,7200,7225,7200,0
2021-12-21 14:28:00,7225,7200,7225,7200,0
2021-12-21 14:29:00,7225,7200,7225,7200,0
2021-12-21 14:30:00,7200,7200,7200,7200,7800
2021-12-21 14:31:00,7200,7200,7200,7200,11000
2021-12-21 14:32:00,7200,7200,7225,7225,1700
2021-12-21 14:33:00,7200,7200,7200,7200,100
2021-12-21 14:34:00,7200,7200,7200,7200,14300
2021-12-21 14:35:00,7200,7175,7200,7200,5800
2021-12-21 14:36:00,7200,7200,7200,7200,3800
2021-12-21 14:37:00,7200,7200,7200,7200,7000
2021-12-21 14:38:00,7200,7200,7200,7200,10300
2021-12-21 14:39:00,7175,7175,7175,7175,1200
2021-12-21 14:40:00,7175,7175,7200,7200,5400
2021-12-21 14:41:00,7200,7200,7200,7200,400
2021-12-21 14:42:00,7225,7200,7225,7200,1700
2021-12-21 14:43:00,7200,7200,7200,7200,1600
2021-12-21 14:44:00,7175,7175,7200,7200,23600
2021-12-21 14:45:00,7175,7175,7200,7200,25500
2021-12-21 14:46:00,7175,7175,7200,7200,300
2021-12-21 14:47:00,7200,7175,7200,7175,4000
2021-12-21 14:48:00,7175,7175,7200,7175,5900
2021-12-21 14:49:00,7175,7175,7200,7175,4100
2021-12-21 14:50:00,7175,7175,7200,7175,0
2021-12-21 14:51:00,7175,7175,7200,7175,0
2021-12-21 14:52:00,7175,7175,7200,7175,0
2021-12-21 14:53:00,7175,7175,7200,7175,0
2021-12-21 14:54:00,7175,7175,7200,7175,0
2021-12-21 14:55:00,7175,7175,7200,7175,0
2021-12-21 14:56:00,7175,7175,7200,7175,0
2021-12-21 14:57:00,7175,7175,7200,7175,0
2021-12-21 14:58:00,7175,7175,7200,7175,0
2021-12-21 14:59:00,7175,7175,7200,7175,0
2021-12-21 15:00:00,7175,7175,7175,7175,49400
2021-12-21 15:01:00,7175,7175,7175,7175,6400
2021-12-21 15:02:00,7175,7175,7175,7175,2700
2021-12-21 15:03:00,7175,7175,7175,7175,0
2021-12-21 15:04:00,7175,7175,7175,7175,200
2021-12-21 15:05:00,7175,7175,7175,7175,2700
2021-12-21 15:06:00,7175,7175,7175,7175,100
2021-12-21 15:07:00,7175,7175,7175,7175,74000
2021-12-21 15:08:00,7175,7175,7175,7175,100
2021-12-21 15:09:00,7175,7175,7175,7175,2000
2021-12-21 15:10:00,7175,7175,7175,7175,2500
2021-12-21 15:11:00,7175,7175,7175,7175,0
2021-12-21 15:12:00,7175,7175,7175,7175,0
2021-12-21 15:13:00,7175,7175,7175,7175,0
2021-12-21 15:14:00,7175,7175,7175,7175,0
2021-12-21 15:15:00,7175,7175,7175,7175,0
2021-12-21 15:16:00,7175,7175,7175,7175,0
2021-12-21 15:17:00,7175,7175,7175,7175,0
2021-12-21 15:18:00,7175,7175,7175,7175,0
2021-12-21 15:19:00,7175,7175,7175,7175,0
2021-12-21 15:20:00,7175,7175,7175,7175,0
2021-12-21 15:21:00,7175,7175,7175,7175,0
2021-12-21 15:22:00,7175,7175,7175,7175,0
2021-12-21 15:23:00,7175,7175,7175,7175,0
2021-12-21 15:24:00,7175,7175,7175,7175,0
2021-12-21 15:25:00,7175,7175,7175,7175,0
2021-12-21 15:26:00,7175,7175,7175,7175,0
2021-12-21 15:27:00,7175,7175,7175,7175,0
2021-12-21 15:28:00,7175,7175,7175,7175,0
2021-12-21 15:29:00,7175,7175,7175,7175,0
2021-12-21 15:30:00,7175,7175,7175,7175,0
2021-12-21 15:31:00,7175,7175,7175,7175,0
2021-12-21 15:32:00,7175,7175,7175,7175,0
2021-12-21 15:33:00,7175,7175,7175,7175,0
2021-12-21 15:34:00,7175,7175,7175,7175,0
2021-12-21 15:35:00,7175,7175,7175,7175,0
2021-12-21 15:36:00,7175,7175,7175,7175,0
2021-12-21 15:37:00,7175,7175,7175,7175,0
2021-12-21 15:38:00,7175,7175,7175,7175,0
2021-12-21 15:39:00,7175,7175,7175,7175,0
2021-12-21 15:40:00,7175,7175,7175,7175,0
2021-12-21 15:41:00,7175,7175,7175,7175,0
2021-12-21 15:42:00,7175,7175,7175,7175,0
2021-12-21 15:43:00,7175,7175,7175,7175,0
2021-12-21 15:44:00,7175,7175,7175,7175,0
2021-12-21 15:45:00,7175,7175,7175,7175,0
2021-12-21 15:46:00,7175,7175,7175,7175,0
2021-12-21 15:47:00,7175,7175,7175,7175,0
2021-12-21 15:48:00,7175,7175,7175,7175,0
2021-12-21 15:49:00,7175,7175,7175,7175,0
2021-12-21 15:50:00,7175,7175,7175,7175,0
2021-12-21 15:51:00,7175,7175,7175,7175,0
2021-12-21 15:52:00,7175,7175,7175,7175,0
2021-12-21 15:53:00,7175,7175,7175,7175,0
2021-12-21 15:54:00,7175,7175,7175,7175,0
2021-12-21 15:55:00,7175,7175,7175,7175,0
2021-12-21 15:56:00,7175,7175,7175,7175,0
2021-12-21 15:57:00,7175,7175,7175,7175,0
2021-12-21 15:58:00,7175,7175,7175,7175,0
2021-12-21 15:59:00,7175,7175,7175,7175,0
2021-12-22 09:00:00,7250,7200,7250,7250,2400
2021-12-22 09:01:00,7250,7250,7250,7250,6600
2021-12-22 09:02:00,7250,7225,7250,7250,10100
2021-12-22 09:03:00,7250,7250,7250,7250,7200
2021-12-22 09:04:00,7250,7250,7250,7250,200
2021-12-22 09:05:00,7250,7250,7250,7250,6800
2021-12-22 09:06:00,7250,7250,7250,7250,13000
2021-12-22 09:07:00,7225,7225,7225,7225,2600
2021-12-22 09:08:00,7225,7225,7225,7225,2000
2021-12-22 09:09:00,7225,7225,7250,7250,1400
2021-12-22 09:10:00,7250,7250,7250,7250,1700
2021-12-22 09:11:00,7225,7225,7225,7225,100
2021-12-22 09:12:00,7225,7225,7225,7225,1100
2021-12-22 09:13:00,7225,7225,7225,7225,12300
2021-12-22 09:14:00,7225,7225,7225,7225,6000
2021-12-22 09:15:00,7225,7225,7225,7225,2000
2021-12-22 09:16:00,7225,7225,7225,7225,100
2021-12-22 09:17:00,7225,7225,7225,7225,100
2021-12-22 09:18:00,7225,7225,7225,7225,2900
2021-12-22 09:19:00,7200,7200,7225,7225,3200
2021-12-22 09:20:00,7200,7200,7225,7225,300
2021-12-22 09:21:00,7225,7225,7225,7225,400
2021-12-22 09:22:00,7200,7200,7200,7200,400
2021-12-22 09:23:00,7225,7225,7225,7225,1200
2021-12-22 09:24:00,7225,7225,7225,7225,500
2021-12-22 09:25:00,7225,7225,7225,7225,100
2021-12-22 09:26:00,7225,7225,7225,7225,300
2021-12-22 09:27:00,7225,7225,7225,7225,3500
2021-12-22 09:28:00,7225,7225,7225,7225,100
2021-12-22 09:29:00,7225,7225,7225,7225,0
2021-12-22 09:30:00,7225,7225,7225,7225,500
2021-12-22 09:31:00,7225,7225,7225,7225,0
2021-12-22 09:32:00,7225,7225,7225,7225,700
2021-12-22 09:33:00,7225,7225,7225,7225,600
2021-12-22 09:34:00,7225,7225,7225,7225,0
2021-12-22 09:35:00,7225,7225,7225,7225,3300
2021-12-22 09:36:00,7225,7225,7225,7225,4000
2021-12-22 09:37:00,7225,7225,7225,7225,0
2021-12-22 09:38:00,7250,7250,7250,7250,13700
2021-12-22 09:39:00,7200,7200,7200,7200,15500
2021-12-22 09:40:00,7225,7225,7225,7225,4000
2021-12-22 09:41:00,7225,7225,7225,7225,0
2021-12-22 09:42:00,7200,7200,7200,7200,2100
2021-12-22 09:43:00,7200,7200,7200,7200,5100
2021-12-22 09:44:00,7200,7200,7200,7200,0
2021-12-22 09:45:00,7225,7225,7225,7225,900
2021-12-22 09:46:00,7225,7225,7225,7225,0
2021-12-22 09:47:00,7200,7200,7200,7200,200
2021-12-22 09:48:00,7200,7200,7200,7200,0
2021-12-22 09:49:00,7200,7200,7200,7200,0
2021-12-22 09:50:00,7200,7200,7225,7225,200
2021-12-22 09:51:00,7225,7225,7225,7225,800
2021-12-22 09:52:00,7225,7225,7225,7225,2200
2021-12-22 09:53:00,7200,7200,7225,7225,23500
2021-12-22 09:54:00,7200,7200,7225,7225,400
2021-12-22 09:55:00,7200,7200,7200,7200,3900
2021-12-22 09:56:00,7225,7200,7225,7200,31100
2021-12-22 09:57:00,7200,7200,7200,7200,63600
2021-12-22 09:58:00,7200,7200,7225,7200,38500
2021-12-22 09:59:00,7200,7150,7200,7150,136100
2021-12-22 10:00:00,7175,7175,7175,7175,200
2021-12-22 10:01:00,7175,7150,7175,7175,900
2021-12-22 10:02:00,7175,7175,7175,7175,300
2021-12-22 10:03:00,7175,7175,7175,7175,200
2021-12-22 10:04:00,7150,7150,7175,7175,900
2021-12-22 10:05:00,7175,7175,7175,7175,700
2021-12-22 10:06:00,7150,7150,7150,7150,3800
2021-12-22 10:07:00,7175,7175,7175,7175,500
2021-12-22 10:08:00,7175,7175,7175,7175,0
2021-12-22 10:09:00,7175,7175,7175,7175,0
2021-12-22 10:10:00,7150,7150,7175,7175,2200
2021-12-22 10:11:00,7150,7150,7150,7150,100
2021-12-22 10:12:00,7150,7150,7150,7150,0
2021-12-22 10:13:00,7175,7175,7175,7175,300
2021-12-22 10:14:00,7175,7150,7175,7175,400
2021-12-22 10:15:00,7175,7175,7175,7175,100
2021-12-22 10:16:00,7175,7175,7175,7175,4000
2021-12-22 10:17:00,7175,7175,7175,7175,0
2021-12-22 10:18:00,7175,7175,7175,7175,200
2021-12-22 10:19:00,7175,7175,7175,7175,0
2021-12-22 10:20:00,7175,7175,7175,7175,800
2021-12-22 10:21:00,7175,7175,7175,7175,0
2021-12-22 10:22:00,7175,7175,7175,7175,5000
2021-12-22 10:23:00,7175,7175,7175,7175,1100
2021-12-22 10:24:00,7175,7175,7175,7175,200
2021-12-22 10:25:00,7175,7175,7175,7175,2000
2021-12-22 10:26:00,7175,7175,7175,7175,0
2021-12-22 10:27:00,7175,7175,7175,7175,300
2021-12-22 10:28:00,7175,7175,7175,7175,0
2021-12-22 10:29:00,7175,7175,7175,7175,0
2021-12-22 10:30:00,7175,7175,7175,7175,0
2021-12-22 10:31:00,7175,7175,7175,7175,100
2021-12-22 10:32:00,7175,7175,7175,7175,0
2021-12-22 10:33:00,7175,7175,7175,7175,0
2021-12-22 10:34:00,7175,7175,7175,7175,300
2021-12-22 10:35:00,7175,7175,7175,7175,400
2021-12-22 10:36:00,7150,7150,7175,7175,1300
2021-12-22 10:37:00,7175,7175,7175,7175,12300
2021-12-22 10:38:00,7175,7175,7175,7175,8700
2021-12-22 10:39:00,7175,7175,7175,7175,100
2021-12-22 10:40:00,7175,7175,7175,7175,0
2021-12-22 10:41:00,7175,7175,7175,7175,3500
2021-12-22 10:42:00,7175,7175,7175,7175,0
2021-12-22 10:43:00,7175,7175,7175,7175,0
2021-12-22 10:44:00,7175,7175,7175,7175,300
2021-12-22 10:45:00,7175,7175,7175,7175,100
2021-12-22 10:46:00,7175,7175,7175,7175,400
2021-12-22 10:47:00,7175,7175,7175,7175,100
2021-12-22 10:48:00,7175,7175,7175,7175,0
2021-12-22 10:49:00,7175,7175,7200,7200,1100
2021-12-22 10:50:00,7175,7175,7175,7175,100
2021-12-22 10:51:00,7175,7175,7175,7175,0
2021-12-22 10:52:00,7200,7200,7200,7200,500
2021-12-22 10:53:00,7175,7175,7175,7175,2100
2021-12-22 10:54:00,7175,7175,7175,7175,100
2021-12-22 10:55:00,7175,7175,7175,7175,700
2021-12-22 10:56:00,7175,7175,7175,7175,100
2021-12-22 10:57:00,7175,7175,7175,7175,0
2021-12-22 10:58:00,7175,7175,7175,7175,0
2021-12-22 10:59:00,7175,7175,7175,7175,1100
2021-12-22 11:00:00,7175,7150,7175,7150,13800
2021-12-22 11:01:00,7175,7175,7175,7175,100
2021-12-22 11:02:00,7150,7150,7150,7150,13800
2021-12-22 11:03:00,7150,7150,7150,7150,1100
2021-12-22 11:04:00,7175,7150,7175,7150,5300
2021-12-22 11:05:00,7175,7150,7175,7150,0
2021-12-22 11:06:00,7150,7150,7150,7150,200
2021-12-22 11:07:00,7150,7150,7150,7150,0
2021-12-22 11:08:00,7150,7150,7150,7150,0
2021-12-22 11:09:00,7150,7150,7175,7175,500
2021-12-22 11:10:00,7150,7150,7175,7175,0
2021-12-22 11:11:00,7150,7150,7175,7175,1100
2021-12-22 11:12:00,7175,7150,7175,7150,200
2021-12-22 11:13:00,7150,7150,7150,7150,100
2021-12-22 11:14:00,7175,7150,7175,7150,3600
2021-12-22 11:15:00,7175,7150,7175,7150,0
2021-12-22 11:16:00,7175,7150,7175,7150,0
2021-12-22 11:17:00,7150,7150,7150,7150,100
2021-12-22 11:18:00,7150,7150,7150,7150,100
2021-12-22 11:19:00,7150,7150,7175,7175,200
2021-12-22 11:20:00,7175,7175,7175,7175,1300
2021-12-22 11:21:00,7175,7175,7175,7175,0
2021-12-22 11:22:00,7175,7175,7175,7175,0
2021-12-22 11:23:00,7175,7150,7175,7150,600
2021-12-22 11:24:00,7175,7175,7175,7175,100
2021-12-22 11:25:00,7175,7175,7175,7175,0
2021-12-22 11:26:00,7175,7175,7175,7175,0
2021-12-22 11:27:00,7150,7150,7150,7150,2500
2021-12-22 11:28:00,7150,7150,7150,7150,2500
2021-12-22 11:29:00,7150,7150,7150,7150,0
2021-12-22 11:30:00,7150,7150,7150,7150,0
2021-12-22 11:31:00,7150,7150,7150,7150,0
2021-12-22 11:32:00,7150,7150,7150,7150,0
2021-12-22 11:33:00,7150,7150,7150,7150,0
2021-12-22 11:34:00,7150,7150,7150,7150,0
2021-12-22 11:35:00,7150,7150,7150,7150,0
2021-12-22 11:36:00,7150,7150,7150,7150,0
2021-12-22 11:37:00,7150,7150,7150,7150,0
2021-12-22 11:38:00,7150,7150,7150,7150,0
2021-12-22 11:39:00,7150,7150,7150,7150,0
2021-12-22 11:40:00,7150,7150,7150,7150,0
2021-12-22 11:41:00,7150,7150,7150,7150,0
2021-12-22 11:42:00,7150,7150,7150,7150,0
2021-12-22 11:43:00,7150,7150,7150,7150,0
2021-12-22 11:44:00,7150,7150,7150,7150,0
2021-12-22 11:45:00,7150,7150,7150,7150,0
2021-12-22 11:46:00,7150,7150,7150,7150,0
2021-12-22 11:47:00,7150,7150,7150,7150,0
2021-12-22 11:48:00,7150,7150,7150,7150,0
2021-12-22 11:49:00,7150,7150,7150,7150,0
2021-12-22 11:50:00,7150,7150,7150,7150,0
2021-12-22 11:51:00,7150,7150,7150,7150,0
2021-12-22 11:52:00,7150,7150,7150,7150,0
2021-12-22 11:53:00,7150,7150,7150,7150,0
2021-12-22 11:54:00,7150,7150,7150,7150,0
2021-12-22 11:55:00,7150,7150,7150,7150,0
2021-12-22 11:56:00,7150,7150,7150,7150,0
2021-12-22 11:57:00,7150,7150,7150,7150,0
2021-12-22 11:58:00,7150,7150,7150,7150,0
2021-12-22 11:59:00,7150,7150,7150,7150,0
2021-12-22 12:00:00,7150,7150,7150,7150,0
2021-12-22 12:01:00,7150,7150,7150,7150,0
2021-12-22 12:02:00,7150,7150,7150,7150,0
2021-12-22 12:03:00,7150,7150,7150,7150,0
2021-12-22 12:04:00,7150,7150,7150,7150,0
2021-12-22 12:05:00,7150,7150,7150,7150,0
2021-12-22 12:06:00,7150,7150,7150,7150,0
2021-12-22 12:07:00,7150,7150,7150,7150,0
2021-12-22 12:08:00,7150,7150,7150,7150,0
2021-12-22 12:09:00,7150,7150,7150,7150,0
2021-12-22 12:10:00,7150,7150,7150,7150,0
2021-12-22 12:11:00,7150,7150,7150,7150,0
2021-12-22 12:12:00,7150,7150,7150,7150,0
2021-12-22 12:13:00,7150,7150,7150,7150,0
2021-12-22 12:14:00,7150,7150,7150,7150,0
2021-12-22 12:15:00,7150,7150,7150,7150,0
2021-12-22 12:16:00,7150,7150,7150,7150,0
2021-12-22 12:17:00,7150,7150,7150,7150,0
2021-12-22 12:18:00,7150,7150,7150,7150,0
2021-12-22 12:19:00,7150,7150,7150,7150,0
2021-12-22 12:20:00,7150,7150,7150,7150,0
2021-12-22 12:21:00,7150,7150,7150,7150,0
2021-12-22 12:22:00,7150,7150,7150,7150,0
2021-12-22 12:23:00,7150,7150,7150,7150,0
2021-12-22 12:24:00,7150,7150,7150,7150,0
2021-12-22 12:25:00,7150,7150,7150,7150,0
2021-12-22 12:26:00,7150,7150,7150,7150,0
2021-12-22 12:27:00,7150,7150,7150,7150,0
2021-12-22 12:28:00,7150,7150,7150,7150,0
2021-12-22 12:29:00,7150,7150,7150,7150,0
2021-12-22 12:30:00,7150,7150,7150,7150,0
2021-12-22 12:31:00,7150,7150,7150,7150,0
2021-12-22 12:32:00,7150,7150,7150,7150,0
2021-12-22 12:33:00,7150,7150,7150,7150,0
2021-12-22 12:34:00,7150,7150,7150,7150,0
2021-12-22 12:35:00,7150,7150,7150,7150,0
2021-12-22 12:36:00,7150,7150,7150,7150,0
2021-12-22 12:37:00,7150,7150,7150,7150,0
2021-12-22 12:38:00,7150,7150,7150,7150,0
2021-12-22 12:39:00,7150,7150,7150,7150,0
2021-12-22 12:40:00,7150,7150,7150,7150,0
2021-12-22 12:41:00,7150,7150,7150,7150,0
2021-12-22 12:42:00,7150,7150,7150,7150,0
2021-12-22 12:43:00,7150,7150,7150,7150,0
2021-12-22 12:44:00,7150,7150,7150,7150,0
2021-12-22 12:45:00,7150,7150,7150,7150,0
2021-12-22 12:46:00,7150,7150,7150,7150,0
2021-12-22 12:47:00,7150,7150,7150,7150,0
2021-12-22 12:48:00,7150,7150,7150,7150,0
2021-12-22 12:49:00,7150,7150,7150,7150,0
2021-12-22 12:50:00,7150,7150,7150,7150,0
2021-12-22 12:51:00,7150,7150,7150,7150,0
2021-12-22 12:52:00,7150,7150,7150,7150,0
2021-12-22 12:53:00,7150,7150,7150,7150,0
2021-12-22 12:54:00,7150,7150,7150,7150,0
2021-12-22 12:55:00,7150,7150,7150,7150,0
2021-12-22 12:56:00,7150,7150,7150,7150,0
2021-12-22 12:57:00,7150,7150,7150,7150,0
2021-12-22 12:58:00,7150,7150,7150,7150,0
2021-12-22 12:59:00,7150,7150,7150,7150,0
2021-12-22 13:00:00,7150,7150,7150,7150,0
2021-12-22 13:01:00,7150,7150,7150,7150,0
2021-12-22 13:02:00,7150,7150,7150,7150,0
2021-12-22 13:03:00,7150,7150,7150,7150,0
2021-12-22 13:04:00,7150,7150,7150,7150,0
2021-12-22 13:05:00,7150,7150,7150,7150,0
2021-12-22 13:06:00,7150,7150,7150,7150,0
2021-12-22 13:07:00,7150,7150,7150,7150,0
2021-12-22 13:08:00,7150,7150,7150,7150,0
2021-12-22 13:09:00,7150,7150,7150,7150,0
2021-12-22 13:10:00,7150,7150,7150,7150,0
2021-12-22 13:11:00,7150,7150,7150,7150,0
2021-12-22 13:12:00,7150,7150,7150,7150,0
2021-12-22 13:13:00,7150,7150,7150,7150,0
2021-12-22 13:14:00,7150,7150,7150,7150,0
2021-12-22 13:15:00,7150,7150,7150,7150,0
2021-12-22 13:16:00,7150,7150,7150,7150,0
2021-12-22 13:17:00,7150,7150,7150,7150,0
2021-12-22 13:18:00,7150,7150,7150,7150,0
2021-12-22 13:19:00,7150,7150,7150,7150,0
2021-12-22 13:20:00,7150,7150,7150,7150,0
2021-12-22 13:21:00,7150,7150,7150,7150,0
2021-12-22 13:22:00,7150,7150,7150,7150,0
2021-12-22 13:23:00,7150,7150,7150,7150,0
2021-12-22 13:24:00,7150,7150,7150,7150,0
2021-12-22 13:25:00,7150,7150,7150,7150,0
2021-12-22 13:26:00,7150,7150,7150,7150,0
2021-12-22 13:27:00,7150,7150,7150,7150,0
2021-12-22 13:28:00,7150,7150,7150,7150,0
2021-12-22 13:29:00,7150,7150,7150,7150,0
2021-12-22 13:30:00,7175,7150,7175,7150,4300
2021-12-22 13:31:00,7150,7150,7150,7150,800
2021-12-22 13:32:00,7175,7175,7175,7175,300
2021-12-22 13:33:00,7150,7150,7150,7150,100
2021-12-22 13:34:00,7150,7150,7150,7150,5900
2021-12-22 13:35:00,7150,7150,7150,7150,300
2021-12-22 13:36:00,7150,7150,7150,7150,17700
2021-12-22 13:37:00,7150,7150,7150,7150,0
2021-12-22 13:38:00,7150,7150,7150,7150,500
2021-12-22 13:39:00,7150,7150,7150,7150,100
2021-12-22 13:40:00,7150,7150,7150,7150,100
2021-12-22 13:41:00,7150,7150,7150,7150,0
2021-12-22 13:42:00,7150,7150,7175,7175,600
2021-12-22 13:43:00,7150,7150,7150,7150,200
2021-12-22 13:44:00,7150,7150,7150,7150,3600
2021-12-22 13:45:00,7150,7150,7150,7150,200
2021-12-22 13:46:00,7150,7150,7150,7150,200
2021-12-22 13:47:00,7150,7150,7150,7150,1100
2021-12-22 13:48:00,7150,7150,7150,7150,400
2021-12-22 13:49:00,7150,7150,7150,7150,600
2021-12-22 13:50:00,7150,7150,7150,7150,45900
2021-12-22 13:51:00,7150,7125,7150,7125,45600
2021-12-22 13:52:00,7150,7150,7150,7150,100
2021-12-22 13:53:00,7150,7150,7150,7150,0
2021-12-22 13:54:00,7150,7125,7150,7150,10500
2021-12-22 13:55:00,7125,7125,7150,7150,3200
2021-12-22 13:56:00,7125,7125,7150,7150,0
2021-12-22 13:57:00,7150,7150,7150,7150,3000
2021-12-22 13:58:00,7150,7125,7150,7150,300
2021-12-22 13:59:00,7150,7150,7150,7150,200
2021-12-22 14:00:00,7150,7150,7150,7150,0
2021-12-22 14:01:00,7150,7150,7150,7150,100
2021-12-22 14:02:00,7125,7125,7150,7150,4100
2021-12-22 14:03:00,7125,7125,7125,7125,4000
2021-12-22 14:04:00,7150,7150,7150,7150,2500
2021-12-22 14:05:00,7150,7150,7150,7150,0
2021-12-22 14:06:00,7125,7125,7125,7125,700
2021-12-22 14:07:00,7150,7150,7150,7150,100
2021-12-22 14:08:00,7150,7150,7150,7150,100
2021-12-22 14:09:00,7125,7125,7125,7125,100
2021-12-22 14:10:00,7125,7125,7125,7125,2900
2021-12-22 14:11:00,7125,7125,7125,7125,900
2021-12-22 14:12:00,7150,7125,7150,7125,3100
2021-12-22 14:13:00,7125,7125,7125,7125,1000
2021-12-22 14:14:00,7125,7125,7125,7125,1100
2021-12-22 14:15:00,7125,7125,7150,7150,1100
2021-12-22 14:16:00,7125,7125,7125,7125,200
2021-12-22 14:17:00,7125,7125,7125,7125,500
2021-12-22 14:18:00,7125,7125,7125,7125,1800
2021-12-22 14:19:00,7125,7125,7150,7150,300
2021-12-22 14:20:00,7150,7125,7150,7125,1400
2021-12-22 14:21:00,7150,7125,7150,7125,0
2021-12-22 14:22:00,7125,7125,7125,7125,3800
2021-12-22 14:23:00,7125,7125,7125,7125,0
2021-12-22 14:24:00,7125,7125,7125,7125,300
2021-12-22 14:25:00,7125,7125,7125,7125,0
2021-12-22 14:26:00,7125,7125,7125,7125,500
2021-12-22 14:27:00,7125,7125,7125,7125,300
2021-12-22 14:28:00,7125,7125,7125,7125,0
2021-12-22 14:29:00,7125,7125,7125,7125,200
2021-12-22 14:30:00,7125,7125,7125,7125,1400
2021-12-22 14:31:00,7125,7125,7125,7125,26800
2021-12-22 14:32:00,7150,7150,7150,7150,1300
2021-12-22 14:33:00,7125,7125,7125,7125,200
2021-12-22 14:34:00,7125,7125,7125,7125,3200
2021-12-22 14:35:00,7125,7125,7125,7125,100
2021-12-22 14:36:00,7150,7125,7150,7150,1600
2021-12-22 14:37:00,7125,7125,7125,7125,400
2021-12-22 14:38:00,7150,7125,7150,7125,5400
2021-12-22 14:39:00,7150,7125,7150,7125,400
2021-12-22 14:40:00,7125,7125,7125,7125,31600
2021-12-22 14:41:00,7125,7125,7125,7125,4300
2021-12-22 14:42:00,7125,7125,7125,7125,3100
2021-12-22 14:43:00,7125,7100,7125,7125,11200
2021-12-22 14:44:00,7125,7100,7125,7125,4400
2021-12-22 14:45:00,7125,7125,7125,7125,2700
2021-12-22 14:46:00,7125,7125,7150,7150,9000
2021-12-22 14:47:00,7150,7150,7150,7150,2600
2021-12-22 14:48:00,7150,7125,7150,7125,5800
2021-12-22 14:49:00,7150,7125,7150,7125,8200
2021-12-22 14:50:00,7150,7125,7150,7125,0
2021-12-22 14:51:00,7150,7125,7150,7125,0
2021-12-22 14:52:00,7150,7125,7150,7125,0
2021-12-22 14:53:00,7150,7125,7150,7125,0
2021-12-22 14:54:00,7150,7125,7150,7125,0
2021-12-22 14:55:00,7150,7125,7150,7125,0
2021-12-22 14:56:00,7150,7125,7150,7125,0
2021-12-22 14:57:00,7150,7125,7150,7125,0
2021-12-22 14:58:00,7150,7125,7150,7125,0
2021-12-22 14:59:00,7150,7125,7150,7125,0
2021-12-22 15:00:00,7125,7125,7125,7125,55300
2021-12-22 15:01:00,7125,7125,7125,7125,1000
2021-12-22 15:02:00,7125,7125,7125,7125,1400
2021-12-22 15:03:00,7125,7125,7125,7125,400
2021-12-22 15:04:00,7125,7125,7125,7125,300
2021-12-22 15:05:00,7125,7125,7125,7125,1600
2021-12-22 15:06:00,7125,7125,7125,7125,1100
2021-12-22 15:07:00,7125,7125,7125,7125,100
2021-12-22 15:08:00,7125,7125,7125,7125,2200
2021-12-22 15:09:00,7125,7125,7125,7125,0
2021-12-22 15:10:00,7125,7125,7125,7125,0
2021-12-22 15:11:00,7125,7125,7125,7125,0
2021-12-22 15:12:00,7125,7125,7125,7125,200
2021-12-22 15:13:00,7125,7125,7125,7125,0
2021-12-22 15:14:00,7125,7125,7125,7125,30000
2021-12-22 15:15:00,7125,7125,7125,7125,0
2021-12-22 15:16:00,7125,7125,7125,7125,0
2021-12-22 15:17:00,7125,7125,7125,7125,0
2021-12-22 15:18:00,7125,7125,7125,7125,0
2021-12-22 15:19:00,7125,7125,7125,7125,0
2021-12-22 15:20:00,7125,7125,7125,7125,0
2021-12-22 15:21:00,7125,7125,7125,7125,0
2021-12-22 15:22:00,7125,7125,7125,7125,0
2021-12-22 15:23:00,7125,7125,7125,7125,0
2021-12-22 15:24:00,7125,7125,7125,7125,0
2021-12-22 15:25:00,7125,7125,7125,7125,0
2021-12-22 15:26:00,7125,7125,7125,7125,0
2021-12-22 15:27:00,7125,7125,7125,7125,0
2021-12-22 15:28:00,7125,7125,7125,7125,0
2021-12-22 15:29:00,7125,7125,7125,7125,0
2021-12-22 15:30:00,7125,7125,7125,7125,0
2021-12-22 15:31:00,7125,7125,7125,7125,0
2021-12-22 15:32:00,7125,7125,7125,7125,0
2021-12-22 15:33:00,7125,7125,7125,7125,0
2021-12-22 15:34:00,7125,7125,7125,7125,0
2021-12-22 15:35:00,7125,7125,7125,7125,0
2021-12-22 15:36:00,7125,7125,7125,7125,0
2021-12-22 15:37:00,7125,7125,7125,7125,0
2021-12-22 15:38:00,7125,7125,7125,7125,0
2021-12-22 15:39:00,7125,7125,7125,7125,0
2021-12-22 15:40:00,7125,7125,7125,7125,0
2021-12-22 15:41:00,7125,7125,7125,7125,0
2021-12-22 15:42:00,7125,7125,7125,7125,0
2021-12-22 15:43:00,7125,7125,7125,7125,0
2021-12-22 15:44:00,7125,7125,7125,7125,0
2021-12-22 15:45:00,7125,7125,7125,7125,0
2021-12-22 15:46:00,7125,7125,7125,7125,0
2021-12-22 15:47:00,7125,7125,7125,7125,0
2021-12-22 15:48:00,7125,7125,7125,7125,0
2021-12-22 15:49:00,7125,7125,7125,7125,0
2021-12-22 15:50:00,7125,7125,7125,7125,0
2021-12-22 15:51:00,7125,7125,7125,7125,0
2021-12-22 15:52:00,7125,7125,7125,7125,0
2021-12-22 15:53:00,7125,7125,7125,7125,0
2021-12-22 15:54:00,7125,7125,7125,7125,0
2021-12-22 15:55:00,7125,7125,7125,7125,0
2021-12-22 15:56:00,7125,7125,7125,7125,0
2021-12-22 15:57:00,7125,7125,7125,7125,0
2021-12-22 15:58:00,7125,7125,7125,7125,0
2021-12-22 15:59:00,7125,7125,7125,7125,0
2021-12-23 09:00:00,7125,7125,7125,7125,100
2021-12-23 09:01:00,7125,7125,7150,7150,1100
2021-12-23 09:02:00,7150,7150,7175,7150,1300
2021-12-23 09:03:00,7175,7175,7200,7200,1500
2021-12-23 09:04:00,7175,7175,7200,7200,1100
2021-12-23 09:05:00,7200,7200,7200,7200,8600
2021-12-23 09:06:00,7200,7200,7200,7200,4300
2021-12-23 09:07:00,7200,7175,7200,7175,1700
2021-12-23 09:08:00,7200,7175,7200,7175,28700
2021-12-23 09:09:00,7175,7150,7175,7150,1100
2021-12-23 09:10:00,7150,7150,7175,7175,200
2021-12-23 09:11:00,7150,7150,7175,7175,0
2021-12-23 09:12:00,7175,7175,7175,7175,200
2021-12-23 09:13:00,7150,7150,7150,7150,3200
2021-12-23 09:14:00,7150,7150,7150,7150,700
2021-12-23 09:15:00,7150,7150,7150,7150,1100
2021-12-23 09:16:00,7150,7150,7150,7150,1700
2021-12-23 09:17:00,7125,7125,7150,7150,1400
2021-12-23 09:18:00,7150,7150,7150,7150,1800
2021-12-23 09:19:00,7150,7125,7150,7125,10100
2021-12-23 09:20:00,7125,7125,7125,7125,5000
2021-12-23 09:21:00,7125,7125,7125,7125,0
2021-12-23 09:22:00,7150,7150,7150,7150,600
2021-12-23 09:23:00,7150,7150,7150,7150,0
2021-12-23 09:24:00,7125,7125,7125,7125,400
2021-12-23 09:25:00,7150,7150,7150,7150,400
2021-12-23 09:26:00,7150,7150,7150,7150,0
2021-12-23 09:27:00,7150,7150,7150,7150,400
2021-12-23 09:28:00,7150,7150,7150,7150,0
2021-12-23 09:29:00,7150,7150,7150,7150,0
2021-12-23 09:30:00,7125,7125,7125,7125,200
2021-12-23 09:31:00,7125,7125,7125,7125,1200
2021-12-23 09:32:00,7150,7150,7150,7150,500
2021-12-23 09:33:00,7125,7125,7125,7125,400
2021-12-23 09:34:00,7125,7125,7150,7150,400
2021-12-23 09:35:00,7125,7125,7125,7125,300
2021-12-23 09:36:00,7125,7125,7125,7125,100
2021-12-23 09:37:00,7125,7125,7125,7125,200
2021-12-23 09:38:00,7125,7125,7125,7125,4900
2021-12-23 09:39:00,7125,7125,7125,7125,9300
2021-12-23 09:40:00,7125,7125,7125,7125,30100
2021-12-23 09:41:00,7125,7125,7150,7125,25800
2021-12-23 09:42:00,7125,7100,7125,7100,11200
2021-12-23 09:43:00,7100,7100,7150,7125,2000
2021-12-23 09:44:00,7125,7125,7125,7125,1100
2021-12-23 09:45:00,7125,7125,7150,7125,300
2021-12-23 09:46:00,7125,7125,7150,7125,0
2021-12-23 09:47:00,7125,7125,7125,7125,200
2021-12-23 09:48:00,7125,7125,7125,7125,500
2021-12-23 09:49:00,7125,7125,7150,7150,300
2021-12-23 09:50:00,7125,7125,7125,7125,300
2021-12-23 09:51:00,7125,7125,7125,7125,100
2021-12-23 09:52:00,7125,7100,7125,7125,15700
2021-12-23 09:53:00,7125,7125,7125,7125,3800
2021-12-23 09:54:00,7125,7125,7125,7125,900
2021-12-23 09:55:00,7125,7125,7125,7125,4900
2021-12-23 09:56:00,7125,7125,7125,7125,300
2021-12-23 09:57:00,7125,7125,7125,7125,0
2021-12-23 09:58:00,7125,7125,7125,7125,11000
2021-12-23 09:59:00,7125,7125,7125,7125,1500
2021-12-23 10:00:00,7150,7150,7150,7150,2000
2021-12-23 10:01:00,7150,7150,7150,7150,0
2021-12-23 10:02:00,7150,7150,7150,7150,1400
2021-12-23 10:03:00,7150,7150,7150,7150,0
2021-12-23 10:04:00,7150,7150,7150,7150,0
2021-12-23 10:05:00,7150,7150,7150,7150,400
2021-12-23 10:06:00,7125,7125,7125,7125,500
2021-12-23 10:07:00,7125,7125,7125,7125,2200
2021-12-23 10:08:00,7125,7125,7125,7125,500
2021-12-23 10:09:00,7125,7125,7125,7125,400
2021-12-23 10:10:00,7125,7125,7150,7125,3900
2021-12-23 10:11:00,7150,7125,7150,7125,700
2021-12-23 10:12:00,7150,7125,7150,7125,0
2021-12-23 10:13:00,7125,7125,7125,7125,500
2021-12-23 10:14:00,7125,7125,7125,7125,1000
2021-12-23 10:15:00,7125,7125,7150,7125,13600
2021-12-23 10:16:00,7125,7125,7125,7125,1800
2021-12-23 10:17:00,7125,7125,7125,7125,200
2021-12-23 10:18:00,7125,7125,7125,7125,59000
2021-12-23 10:19:00,7100,7100,7100,7100,2700
2021-12-23 10:20:00,7125,7100,7125,7100,7300
2021-12-23 10:21:00,7125,7125,7125,7125,500
2021-12-23 10:22:00,7100,7100,7100,7100,200
2021-12-23 10:23:00,7100,7100,7100,7100,2200
2021-12-23 10:24:00,7100,7100,7100,7100,6400
2021-12-23 10:25:00,7125,7100,7125,7100,7000
2021-12-23 10:26:00,7100,7100,7125,7125,500
2021-12-23 10:27:00,7100,7100,7100,7100,200
2021-12-23 10:28:00,7100,7100,7125,7100,2000
2021-12-23 10:29:00,7100,7100,7100,7100,300
2021-12-23 10:30:00,7100,7100,7100,7100,600
2021-12-23 10:31:00,7125,7100,7125,7100,76800
2021-12-23 10:32:00,7125,7125,7125,7125,2000
2021-12-23 10:33:00,7100,7100,7100,7100,8200
2021-12-23 10:34:00,7100,7100,7100,7100,109000
2021-12-23 10:35:00,7100,7075,7100,7100,1400
2021-12-23 10:36:00,7075,7075,7075,7075,23900
2021-12-23 10:37:00,7075,7050,7075,7050,2100
2021-12-23 10:38:00,7050,7050,7050,7050,5800
2021-12-23 10:39:00,7075,7050,7075,7050,1800
2021-12-23 10:40:00,7075,7050,7075,7075,33700
2021-12-23 10:41:00,7075,7075,7075,7075,15600
2021-12-23 10:42:00,7075,7075,7100,7100,6800
2021-12-23 10:43:00,7075,7075,7100,7075,7800
2021-12-23 10:44:00,7075,7075,7075,7075,1000
2021-12-23 10:45:00,7075,7050,7075,7050,2100
2021-12-23 10:46:00,7050,7050,7050,7050,800
2021-12-23 10:47:00,7075,7050,7075,7050,700
2021-12-23 10:48:00,7075,7075,7075,7075,200
2021-12-23 10:49:00,7075,7075,7075,7075,200
2021-12-23 10:50:00,7075,7075,7075,7075,8500
2021-12-23 10:51:00,7075,7075,7075,7075,2700
2021-12-23 10:52:00,7075,7075,7075,7075,200
2021-12-23 10:53:00,7075,7075,7075,7075,500
2021-12-23 10:54:00,7075,7050,7075,7075,37500
2021-12-23 10:55:00,7075,7050,7075,7075,7100
2021-12-23 10:56:00,7075,7050,7075,7050,12800
2021-12-23 10:57:00,7050,7025,7050,7025,2500
2021-12-23 10:58:00,7050,7050,7050,7050,700
2021-12-23 10:59:00,7050,7050,7050,7050,1300
2021-12-23 11:00:00,7050,7025,7050,7025,30400
2021-12-23 11:01:00,7050,7050,7050,7050,100
2021-12-23 11:02:00,7050,7050,7050,7050,300
2021-12-23 11:03:00,7050,7025,7050,7025,4500
2021-12-23 11:04:00,7025,7025,7050,7050,4400
2021-12-23 11:05:00,7050,7050,7075,7050,21000
2021-12-23 11:06:00,7050,7050,7050,7050,4300
2021-12-23 11:07:00,7050,7050,7050,7050,6900
2021-12-23 11:08:00,7050,7050,7050,7050,2500
2021-12-23 11:09:00,7075,7050,7075,7050,1200
2021-12-23 11:10:00,7075,7050,7075,7050,700
2021-12-23 11:11:00,7050,7050,7050,7050,2600
2021-12-23 11:12:00,7050,7050,7050,7050,800
2021-12-23 11:13:00,7050,7050,7075,7075,1200
2021-12-23 11:14:00,7050,7050,7075,7050,10400
2021-12-23 11:15:00,7050,7050,7075,7050,5100
2021-12-23 11:16:00,7075,7050,7075,7050,1000
2021-12-23 11:17:00,7050,7050,7050,7050,10200
2021-12-23 11:18:00,7050,7050,7050,7050,600
2021-12-23 11:19:00,7050,7050,7050,7050,3400
2021-12-23 11:20:00,7050,7050,7075,7075,700
2021-12-23 11:21:00,7050,7050,7050,7050,1600
2021-12-23 11:22:00,7075,7050,7075,7075,1300
2021-12-23 11:23:00,7075,7075,7075,7075,600
2021-12-23 11:24:00,7050,7050,7075,7075,2500
2021-12-23 11:25:00,7050,7050,7075,7050,1100
2021-12-23 11:26:00,7050,7050,7075,7050,3200
2021-12-23 11:27:00,7050,7050,7050,7050,11300
2021-12-23 11:28:00,7050,7050,7075,7050,800
2021-12-23 11:29:00,7050,7050,7050,7050,1100
2021-12-23 11:30:00,7050,7050,7050,7050,0
2021-12-23 11:31:00,7050,7050,7050,7050,0
2021-12-23 11:32:00,7050,7050,7050,7050,0
2021-12-23 11:33:00,7050,7050,7050,7050,0
2021-12-23 11:34:00,7050,7050,7050,7050,0
2021-12-23 11:35:00,7050,7050,7050,7050,0
2021-12-23 11:36:00,7050,7050,7050,7050,0
2021-12-23 11:37:00,7050,7050,7050,7050,0
2021-12-23 11:38:00,7050,7050,7050,7050,0
2021-12-23 11:39:00,7050,7050,7050,7050,0
2021-12-23 11:40:00,7050,7050,7050,7050,0
2021-12-23 11:41:00,7050,7050,7050,7050,0
2021-12-23 11:42:00,7050,7050,7050,7050,0
2021-12-23 11:43:00,7050,7050,7050,7050,0
2021-12-23 11:44:00,7050,7050,7050,7050,0
2021-12-23 11:45:00,7050,7050,7050,7050,0
2021-12-23 11:46:00,7050,7050,7050,7050,0
2021-12-23 11:47:00,7050,7050,7050,7050,0
2021-12-23 11:48:00,7050,7050,7050,7050,0
2021-12-23 11:49:00,7050,7050,7050,7050,0
2021-12-23 11:50:00,7050,7050,7050,7050,0
2021-12-23 11:51:00,7050,7050,7050,7050,0
2021-12-23 11:52:00,7050,7050,7050,7050,0
2021-12-23 11:53:00,7050,7050,7050,7050,0
2021-12-23 11:54:00,7050,7050,7050,7050,0
2021-12-23 11:55:00,7050,7050,7050,7050,0
2021-12-23 11:56:00,7050,7050,7050,7050,0
2021-12-23 11:57:00,7050,7050,7050,7050,0
2021-12-23 11:58:00,7050,7050,7050,7050,0
2021-12-23 11:59:00,7050,7050,7050,7050,0
2021-12-23 12:00:00,7050,7050,7050,7050,0
2021-12-23 12:01:00,7050,7050,7050,7050,0
2021-12-23 12:02:00,7050,7050,7050,7050,0
2021-12-23 12:03:00,7050,7050,7050,7050,0
2021-12-23 12:04:00,7050,7050,7050,7050,0
2021-12-23 12:05:00,7050,7050,7050,7050,0
2021-12-23 12:06:00,7050,7050,7050,7050,0
2021-12-23 12:07:00,7050,7050,7050,7050,0
2021-12-23 12:08:00,7050,7050,7050,7050,0
2021-12-23 12:09:00,7050,7050,7050,7050,0
2021-12-23 12:10:00,7050,7050,7050,7050,0
2021-12-23 12:11:00,7050,7050,7050,7050,0
2021-12-23 12:12:00,7050,7050,7050,7050,0
2021-12-23 12:13:00,7050,7050,7050,7050,0
2021-12-23 12:14:00,7050,7050,7050,7050,0
2021-12-23 12:15:00,7050,7050,7050,7050,0
2021-12-23 12:16:00,7050,7050,7050,7050,0
2021-12-23 12:17:00,7050,7050,7050,7050,0
2021-12-23 12:18:00,7050,7050,7050,7050,0
2021-12-23 12:19:00,7050,7050,7050,7050,0
2021-12-23 12:20:00,7050,7050,7050,7050,0
2021-12-23 12:21:00,7050,7050,7050,7050,0
2021-12-23 12:22:00,7050,7050,7050,7050,0
2021-12-23 12:23:00,7050,7050,7050,7050,0
2021-12-23 12:24:00,7050,7050,7050,7050,0
2021-12-23 12:25:00,7050,7050,7050,7050,0
2021-12-23 12:26:00,7050,7050,7050,7050,0
2021-12-23 12:27:00,7050,7050,7050,7050,0
2021-12-23 12:28:00,7050,7050,7050,7050,0
2021-12-23 12:29:00,7050,7050,7050,7050,0
2021-12-23 12:30:00,7050,7050,7050,7050,0
2021-12-23 12:31:00,7050,7050,7050,7050,0
2021-12-23 12:32:00,7050,7050,7050,7050,0
2021-12-23 12:33:00,7050,7050,7050,7050,0
2021-12-23 12:34:00,7050,7050,7050,7050,0
2021-12-23 12:35:00,7050,7050,7050,7050,0
2021-12-23 12:36:00,7050,7050,7050,7050,0
2021-12-23 12:37:00,7050,7050,7050,7050,0
2021-12-23 12:38:00,7050,7050,7050,7050,0
2021-12-23 12:39:00,7050,7050,7050,7050,0
2021-12-23 12:40:00,7050,7050,7050,7050,0
2021-12-23 12:41:00,7050,7050,7050,7050,0
2021-12-23 12:42:00,7050,7050,7050,7050,0
2021-12-23 12:43:00,7050,7050,7050,7050,0
2021-12-23 12:44:00,7050,7050,7050,7050,0
2021-12-23 12:45:00,7050,7050,7050,7050,0
2021-12-23 12:46:00,7050,7050,7050,7050,0
2021-12-23 12:47:00,7050,7050,7050,7050,0
2021-12-23 12:48:00,7050,7050,7050,7050,0
2021-12-23 12:49:00,7050,7050,7050,7050,0
2021-12-23 12:50:00,7050,7050,7050,7050,0
2021-12-23 12:51:00,7050,7050,7050,7050,0
2021-12-23 12:52:00,7050,7050,7050,7050,0
2021-12-23 12:53:00,7050,7050,7050,7050,0
2021-12-23 12:54:00,7050,7050,7050,7050,0
2021-12-23 12:55:00,7050,7050,7050,7050,0
2021-12-23 12:56:00,7050,7050,7050,7050,0
2021-12-23 12:57:00,7050,7050,7050,7050,0
2021-12-23 12:58:00,7050,7050,7050,7050,0
2021-12-23 12:59:00,7050,7050,7050,7050,0
2021-12-23 13:00:00,7050,7050,7050,7050,0
2021-12-23 13:01:00,7050,7050,7050,7050,0
2021-12-23 13:02:00,7050,7050,7050,7050,0
2021-12-23 13:03:00,7050,7050,7050,7050,0
2021-12-23 13:04:00,7050,7050,7050,7050,0
2021-12-23 13:05:00,7050,7050,7050,7050,0
2021-12-23 13:06:00,7050,7050,7050,7050,0
2021-12-23 13:07:00,7050,7050,7050,7050,0
2021-12-23 13:08:00,7050,7050,7050,7050,0
2021-12-23 13:09:00,7050,7050,7050,7050,0
2021-12-23 13:10:00,7050,7050,7050,7050,0
2021-12-23 13:11:00,7050,7050,7050,7050,0
2021-12-23 13:12:00,7050,7050,7050,7050,0
2021-12-23 13:13:00,7050,7050,7050,7050,0
2021-12-23 13:14:00,7050,7050,7050,7050,0
2021-12-23 13:15:00,7050,7050,7050,7050,0
2021-12-23 13:16:00,7050,7050,7050,7050,0
2021-12-23 13:17:00,7050,7050,7050,7050,0
2021-12-23 13:18:00,7050,7050,7050,7050,0
2021-12-23 13:19:00,7050,7050,7050,7050,0
2021-12-23 13:20:00,7050,7050,7050,7050,0
2021-12-23 13:21:00,7050,7050,7050,7050,0
2021-12-23 13:22:00,7050,7050,7050,7050,0
2021-12-23 13:23:00,7050,7050,7050,7050,0
2021-12-23 13:24:00,7050,7050,7050,7050,0
2021-12-23 13:25:00,7050,7050,7050,7050,0
2021-12-23 13:26:00,7050,7050,7050,7050,0
2021-12-23 13:27:00,7050,7050,7050,7050,0
2021-12-23 13:28:00,7050,7050,7050,7050,0
2021-12-23 13:29:00,7050,7050,7050,7050,0
2021-12-23 13:30:00,7050,7050,7075,7050,21200
2021-12-23 13:31:00,7050,7050,7050,7050,400
2021-12-23 13:32:00,7075,7050,7075,7050,9100
2021-12-23 13:33:00,7050,7050,7050,7050,1000
2021-12-23 13:34:00,7075,7075,7075,7075,500
2021-12-23 13:35:00,7075,7075,7075,7075,0
2021-12-23 13:36:00,7075,7050,7075,7050,5700
2021-12-23 13:37:00,7050,7050,7075,7075,900
2021-12-23 13:38:00,7050,7050,7050,7050,200
2021-12-23 13:39:00,7075,7050,7075,7075,6700
2021-12-23 13:40:00,7050,7050,7075,7075,3200
2021-12-23 13:41:00,7075,7075,7075,7075,1000
2021-12-23 13:42:00,7075,7050,7075,7050,900
2021-12-23 13:43:00,7050,7050,7075,7075,2100
2021-12-23 13:44:00,7050,7050,7050,7050,900
2021-12-23 13:45:00,7050,7050,7050,7050,600
2021-12-23 13:46:00,7075,7075,7075,7075,800
2021-12-23 13:47:00,7050,7050,7075,7050,2900
2021-12-23 13:48:00,7050,7050,7075,7050,0
2021-12-23 13:49:00,7050,7050,7050,7050,2900
2021-12-23 13:50:00,7050,7050,7075,7050,15100
2021-12-23 13:51:00,7050,7050,7050,7050,800
2021-12-23 13:52:00,7050,7050,7075,7050,31800
2021-12-23 13:53:00,7050,7050,7050,7050,300
2021-12-23 13:54:00,7025,7025,7050,7025,30300
2021-12-23 13:55:00,7050,7050,7050,7050,300
2021-12-23 13:56:00,7050,7050,7050,7050,0
2021-12-23 13:57:00,7050,7050,7050,7050,500
2021-12-23 13:58:00,7050,7025,7050,7025,2700
2021-12-23 13:59:00,7025,7025,7050,7025,4200
2021-12-23 14:00:00,7025,7025,7025,7025,13400
2021-12-23 14:01:00,7050,7025,7050,7050,3800
2021-12-23 14:02:00,7050,7050,7050,7050,5600
2021-12-23 14:03:00,7050,7050,7050,7050,17300
2021-12-23 14:04:00,7050,7050,7050,7050,500
2021-12-23 14:05:00,7050,7050,7075,7050,500
2021-12-23 14:06:00,7050,7050,7050,7050,16200
2021-12-23 14:07:00,7050,7050,7050,7050,500
2021-12-23 14:08:00,7025,7025,7025,7025,10000
2021-12-23 14:09:00,7050,7050,7050,7050,1400
2021-12-23 14:10:00,7025,7025,7025,7025,2100
2021-12-23 14:11:00,7050,7025,7050,7025,600
2021-12-23 14:12:00,7050,7050,7075,7075,6800
2021-12-23 14:13:00,7050,7050,7050,7050,100
2021-12-23 14:14:00,7050,7050,7050,7050,100
2021-12-23 14:15:00,7075,7050,7075,7050,800
2021-12-23 14:16:00,7075,7050,7075,7050,0
2021-12-23 14:17:00,7075,7050,7075,7050,1200
2021-12-23 14:18:00,7050,7050,7050,7050,5700
2021-12-23 14:19:00,7050,7050,7050,7050,3000
2021-12-23 14:20:00,7050,7050,7050,7050,6400
2021-12-23 14:21:00,7050,7050,7050,7050,4300
2021-12-23 14:22:00,7075,7075,7075,7075,1300
2021-12-23 14:23:00,7050,7050,7050,7050,600
2021-12-23 14:24:00,7050,7050,7050,7050,5500
2021-12-23 14:25:00,7050,7050,7050,7050,3500
2021-12-23 14:26:00,7050,7050,7050,7050,300
2021-12-23 14:27:00,7050,7050,7075,7050,7700
2021-12-23 14:28:00,7050,7050,7050,7050,1100
2021-12-23 14:29:00,7050,7050,7050,7050,700
2021-12-23 14:30:00,7050,7050,7050,7050,200
2021-12-23 14:31:00,7050,7050,7050,7050,4000
2021-12-23 14:32:00,7050,7050,7075,7050,1200
2021-12-23 14:33:00,7050,7050,7050,7050,3600
2021-12-23 14:34:00,7050,7050,7050,7050,1400
2021-12-23 14:35:00,7050,7050,7050,7050,800
2021-12-23 14:36:00,7050,7050,7050,7050,3800
2021-12-23 14:37:00,7075,7075,7075,7075,700
2021-12-23 14:38:00,7075,7075,7075,7075,200
2021-12-23 14:39:00,7050,7050,7075,7050,1900
2021-12-23 14:40:00,7050,7050,7050,7050,3900
2021-12-23 14:41:00,7075,7050,7075,7050,500
2021-12-23 14:42:00,7075,7075,7075,7075,900
2021-12-23 14:43:00,7050,7050,7050,7050,800
2021-12-23 14:44:00,7050,7050,7050,7050,800
2021-12-23 14:45:00,7050,7050,7075,7050,4500
2021-12-23 14:46:00,7050,7050,7050,7050,1000
2021-12-23 14:47:00,7050,7050,7075,7050,11000
2021-12-23 14:48:00,7050,7050,7075,7050,15500
2021-12-23 14:49:00,7050,7050,7075,7050,12000
2021-12-23 14:50:00,7050,7050,7075,7050,0
2021-12-23 14:51:00,7050,7050,7075,7050,0
2021-12-23 14:52:00,7050,7050,7075,7050,0
2021-12-23 14:53:00,7050,7050,7075,7050,0
2021-12-23 14:54:00,7050,7050,7075,7050,0
2021-12-23 14:55:00,7050,7050,7075,7050,0
2021-12-23 14:56:00,7050,7050,7075,7050,0
2021-12-23 14:57:00,7050,7050,7075,7050,0
2021-12-23 14:58:00,7050,7050,7075,7050,0
2021-12-23 14:59:00,7050,7050,7075,7050,0
2021-12-23 15:00:00,7075,7075,7075,7075,77300
2021-12-23 15:01:00,7075,7075,7075,7075,0
2021-12-23 15:02:00,7075,7075,7075,7075,900
2021-12-23 15:03:00,7075,7075,7075,7075,3500
2021-12-23 15:04:00,7075,7075,7075,7075,1400
2021-12-23 15:05:00,7075,7075,7075,7075,0
2021-12-23 15:06:00,7075,7075,7075,7075,400
2021-12-23 15:07:00,7075,7075,7075,7075,10300
2021-12-23 15:08:00,7075,7075,7075,7075,0
2021-12-23 15:09:00,7075,7075,7075,7075,500
2021-12-23 15:10:00,7075,7075,7075,7075,500
2021-12-23 15:11:00,7075,7075,7075,7075,3000
2021-12-23 15:12:00,7075,7075,7075,7075,0
2021-12-23 15:13:00,7075,7075,7075,7075,17000
2021-12-23 15:14:00,7075,7075,7075,7075,0
2021-12-23 15:15:00,7075,7075,7075,7075,0
2021-12-23 15:16:00,7075,7075,7075,7075,0
2021-12-23 15:17:00,7075,7075,7075,7075,0
2021-12-23 15:18:00,7075,7075,7075,7075,0
2021-12-23 15:19:00,7075,7075,7075,7075,0
2021-12-23 15:20:00,7075,7075,7075,7075,0
2021-12-23 15:21:00,7075,7075,7075,7075,0
2021-12-23 15:22:00,7075,7075,7075,7075,0
2021-12-23 15:23:00,7075,7075,7075,7075,0
2021-12-23 15:24:00,7075,7075,7075,7075,0
2021-12-23 15:25:00,7075,7075,7075,7075,0
2021-12-23 15:26:00,7075,7075,7075,7075,0
2021-12-23 15:27:00,7075,7075,7075,7075,0
2021-12-23 15:28:00,7075,7075,7075,7075,0
2021-12-23 15:29:00,7075,7075,7075,7075,0
2021-12-23 15:30:00,7075,7075,7075,7075,0
2021-12-23 15:31:00,7075,7075,7075,7075,0
2021-12-23 15:32:00,7075,7075,7075,7075,0
2021-12-23 15:33:00,7075,7075,7075,7075,0
2021-12-23 15:34:00,7075,7075,7075,7075,0
2021-12-23 15:35:00,7075,7075,7075,7075,0
2021-12-23 15:36:00,7075,7075,7075,7075,0
2021-12-23 15:37:00,7075,7075,7075,7075,0
2021-12-23 15:38:00,7075,7075,7075,7075,0
2021-12-23 15:39:00,7075,7075,7075,7075,0
2021-12-23 15:40:00,7075,7075,7075,7075,0
2021-12-23 15:41:00,7075,7075,7075,7075,0
2021-12-23 15:42:00,7075,7075,7075,7075,0
2021-12-23 15:43:00,7075,7075,7075,7075,0
2021-12-23 15:44:00,7075,7075,7075,7075,0
2021-12-23 15:45:00,7075,7075,7075,7075,0
2021-12-23 15:46:00,7075,7075,7075,7075,0
2021-12-23 15:47:00,7075,7075,7075,7075,0
2021-12-23 15:48:00,7075,7075,7075,7075,0
2021-12-23 15:49:00,7075,7075,7075,7075,0
2021-12-23 15:50:00,7075,7075,7075,7075,0
2021-12-23 15:51:00,7075,7075,7075,7075,0
2021-12-23 15:52:00,7075,7075,7075,7075,0
2021-12-23 15:53:00,7075,7075,7075,7075,0
2021-12-23 15:54:00,7075,7075,7075,7075,0
2021-12-23 15:55:00,7075,7075,7075,7075,0
2021-12-23 15:56:00,7075,7075,7075,7075,0
2021-12-23 15:57:00,7075,7075,7075,7075,0
2021-12-23 15:58:00,7075,7075,7075,7075,0
2021-12-23 15:59:00,7075,7075,7075,7075,0
2021-12-24 09:00:00,7075,7075,7075,7075,3500
2021-12-24 09:01:00,7075,7075,7075,7075,400
2021-12-24 09:02:00,7075,7075,7100,7075,5100
2021-12-24 09:03:00,7100,7075,7100,7075,1500
2021-12-24 09:04:00,7075,7075,7100,7100,500
2021-12-24 09:05:00,7100,7100,7100,7100,1100
2021-12-24 09:06:00,7100,7075,7100,7075,3100
2021-12-24 09:07:00,7075,7075,7075,7075,400
2021-12-24 09:08:00,7075,7075,7075,7075,5000
2021-12-24 09:09:00,7075,7050,7075,7050,10700
2021-12-24 09:10:00,7050,7025,7050,7025,2200
2021-12-24 09:11:00,7050,7050,7075,7075,1100
2021-12-24 09:12:00,7075,7050,7075,7075,1900
2021-12-24 09:13:00,7050,7050,7075,7075,6900
2021-12-24 09:14:00,7050,7050,7075,7075,0
2021-12-24 09:15:00,7050,7050,7075,7075,1700
2021-12-24 09:16:00,7050,7050,7075,7075,0
2021-12-24 09:17:00,7050,7050,7050,7050,6700
2021-12-24 09:18:00,7050,7050,7050,7050,400
2021-12-24 09:19:00,7050,7050,7050,7050,200
2021-12-24 09:20:00,7050,7050,7075,7075,700
2021-12-24 09:21:00,7075,7075,7075,7075,200
2021-12-24 09:22:00,7075,7075,7075,7075,400
2021-12-24 09:23:00,7075,7075,7075,7075,0
2021-12-24 09:24:00,7050,7050,7050,7050,2000
2021-12-24 09:25:00,7075,7075,7075,7075,3500
2021-12-24 09:26:00,7075,7075,7075,7075,0
2021-12-24 09:27:00,7050,7050,7050,7050,400
2021-12-24 09:28:00,7050,7050,7050,7050,200
2021-12-24 09:29:00,7075,7050,7075,7050,7500
2021-12-24 09:30:00,7050,7050,7075,7075,2800
2021-12-24 09:31:00,7075,7050,7075,7050,200
2021-12-24 09:32:00,7050,7050,7075,7075,1100
2021-12-24 09:33:00,7075,7075,7075,7075,300
2021-12-24 09:34:00,7075,7075,7075,7075,0
2021-12-24 09:35:00,7075,7075,7075,7075,0
2021-12-24 09:36:00,7075,7075,7075,7075,4200
2021-12-24 09:37:00,7075,7075,7100,7100,300
2021-12-24 09:38:00,7075,7075,7100,7100,0
2021-12-24 09:39:00,7100,7100,7100,7100,100
2021-12-24 09:40:00,7100,7100,7100,7100,200
2021-12-24 09:41:00,7100,7100,7100,7100,1100
2021-12-24 09:42:00,7100,7100,7100,7100,4900
2021-12-24 09:43:00,7100,7100,7100,7100,100
2021-12-24 09:44:00,7100,7100,7100,7100,100
2021-12-24 09:45:00,7100,7100,7100,7100,0
2021-12-24 09:46:00,7100,7100,7100,7100,0
2021-12-24 09:47:00,7075,7075,7075,7075,100
2021-12-24 09:48:00,7075,7075,7075,7075,2800
2021-12-24 09:49:00,7075,7075,7075,7075,0
2021-12-24 09:50:00,7075,7075,7075,7075,500
2021-12-24 09:51:00,7075,7075,7075,7075,100
2021-12-24 09:52:00,7075,7075,7075,7075,0
2021-12-24 09:53:00,7075,7075,7075,7075,800
2021-12-24 09:54:00,7075,7075,7075,7075,1600
2021-12-24 09:55:00,7075,7075,7075,7075,0
2021-12-24 09:56:00,7075,7075,7100,7075,3500
2021-12-24 09:57:00,7100,7075,7100,7075,700
2021-12-24 09:58:00,7075,7075,7075,7075,100
2021-12-24 09:59:00,7075,7075,7075,7075,2700
2021-12-24 10:00:00,7100,7100,7100,7100,10000
2021-12-24 10:01:00,7100,7100,7100,7100,0
2021-12-24 10:02:00,7100,7100,7100,7100,200
2021-12-24 10:03:00,7100,7100,7100,7100,100
2021-12-24 10:04:00,7100,7100,7100,7100,0
2021-12-24 10:05:00,7100,7100,7100,7100,300
2021-12-24 10:06:00,7100,7100,7100,7100,92600
2021-12-24 10:07:00,7100,7100,7125,7125,700
2021-12-24 10:08:00,7125,7125,7125,7125,55900
2021-12-24 10:09:00,7150,7150,7150,7150,2200
2021-12-24 10:10:00,7150,7150,7150,7150,3500
2021-12-24 10:11:00,7150,7150,7150,7150,15300
2021-12-24 10:12:00,7150,7150,7150,7150,400
2021-12-24 10:13:00,7175,7175,7175,7175,300
2021-12-24 10:14:00,7175,7175,7175,7175,4400
2021-12-24 10:15:00,7175,7175,7175,7175,0
2021-12-24 10:16:00,7175,7150,7175,7150,20300
2021-12-24 10:17:00,7150,7150,7150,7150,3600
2021-12-24 10:18:00,7150,7150,7150,7150,3300
2021-12-24 10:19:00,7150,7150,7150,7150,3700
2021-12-24 10:20:00,7150,7150,7150,7150,0
2021-12-24 10:21:00,7150,7150,7150,7150,1000
2021-12-24 10:22:00,7150,7125,7150,7125,7500
2021-12-24 10:23:00,7125,7125,7150,7150,6000
2021-12-24 10:24:00,7150,7125,7150,7125,500
2021-12-24 10:25:00,7125,7100,7125,7100,8800
2021-12-24 10:26:00,7100,7100,7100,7100,1300
2021-12-24 10:27:00,7100,7100,7100,7100,16900
2021-12-24 10:28:00,7100,7100,7100,7100,0
2021-12-24 10:29:00,7125,7125,7125,7125,200
2021-12-24 10:30:00,7125,7125,7150,7150,800
2021-12-24 10:31:00,7150,7150,7150,7150,800
2021-12-24 10:32:00,7150,7150,7150,7150,0
2021-12-24 10:33:00,7150,7150,7150,7150,1700
2021-12-24 10:34:00,7150,7125,7150,7125,3000
2021-12-24 10:35:00,7150,7125,7150,7125,0
2021-12-24 10:36:00,7150,7125,7150,7125,0
2021-12-24 10:37:00,7150,7150,7150,7150,100
2021-12-24 10:38:00,7125,7125,7150,7125,1800
2021-12-24 10:39:00,7150,7150,7150,7150,10500
2021-12-24 10:40:00,7150,7150,7150,7150,7200
2021-12-24 10:41:00,7125,7125,7125,7125,100
2021-12-24 10:42:00,7125,7125,7125,7125,0
2021-12-24 10:43:00,7125,7125,7125,7125,0
2021-12-24 10:44:00,7125,7125,7125,7125,0
2021-12-24 10:45:00,7125,7125,7125,7125,100
2021-12-24 10:46:00,7125,7125,7125,7125,200
2021-12-24 10:47:00,7125,7125,7125,7125,600
2021-12-24 10:48:00,7125,7125,7125,7125,6000
2021-12-24 10:49:00,7125,7125,7125,7125,2000
2021-12-24 10:50:00,7125,7125,7125,7125,3200
2021-12-24 10:51:00,7125,7125,7125,7125,8200
2021-12-24 10:52:00,7125,7125,7125,7125,0
2021-12-24 10:53:00,7125,7125,7125,7125,1000
2021-12-24 10:54:00,7125,7125,7150,7150,900
2021-12-24 10:55:00,7150,7150,7150,7150,8000
2021-12-24 10:56:00,7125,7125,7150,7150,400
2021-12-24 10:57:00,7125,7125,7150,7150,0
2021-12-24 10:58:00,7125,7125,7150,7150,0
2021-12-24 10:59:00,7150,7150,7150,7150,10000
2021-12-24 11:00:00,7150,7150,7150,7150,100
2021-12-24 11:01:00,7150,7150,7150,7150,1100
2021-12-24 11:02:00,7150,7150,7150,7150,100
2021-12-24 11:03:00,7150,7150,7150,7150,0
2021-12-24 11:04:00,7150,7150,7150,7150,0
2021-12-24 11:05:00,7125,7125,7125,7125,500
2021-12-24 11:06:00,7125,7125,7125,7125,5000
2021-12-24 11:07:00,7125,7125,7150,7150,33200
2021-12-24 11:08:00,7175,7175,7200,7175,20700
2021-12-24 11:09:00,7175,7175,7175,7175,2900
2021-12-24 11:10:00,7175,7150,7175,7150,2500
2021-12-24 11:11:00,7150,7150,7150,7150,100
2021-12-24 11:12:00,7175,7175,7175,7175,20400
2021-12-24 11:13:00,7175,7150,7175,7150,1600
2021-12-24 11:14:00,7175,7150,7175,7150,1300
2021-12-24 11:15:00,7175,7150,7175,7150,0
2021-12-24 11:16:00,7175,7150,7175,7150,0
2021-12-24 11:17:00,7150,7150,7150,7150,200
2021-12-24 11:18:00,7150,7150,7150,7150,200
2021-12-24 11:19:00,7175,7150,7175,7150,1600
2021-12-24 11:20:00,7150,7150,7175,7150,1600
2021-12-24 11:21:00,7150,7150,7150,7150,100
2021-12-24 11:22:00,7150,7150,7150,7150,0
2021-12-24 11:23:00,7150,7150,7175,7175,800
2021-12-24 11:24:00,7150,7150,7175,7175,0
2021-12-24 11:25:00,7175,7175,7175,7175,5200
2021-12-24 11:26:00,7175,7175,7175,7175,2200
2021-12-24 11:27:00,7175,7175,7175,7175,100
2021-12-24 11:28:00,7175,7175,7175,7175,1100
2021-12-24 11:29:00,7175,7175,7175,7175,0
2021-12-24 11:30:00,7175,7175,7175,7175,0
2021-12-24 11:31:00,7175,7175,7175,7175,0
2021-12-24 11:32:00,7175,7175,7175,7175,0
2021-12-24 11:33:00,7175,7175,7175,7175,0
2021-12-24 11:34:00,7175,7175,7175,7175,0
2021-12-24 11:35:00,7175,7175,7175,7175,0
2021-12-24 11:36:00,7175,7175,7175,7175,0
2021-12-24 11:37:00,7175,7175,7175,7175,0
2021-12-24 11:38:00,7175,7175,7175,7175,0
2021-12-24 11:39:00,7175,7175,7175,7175,0
2021-12-24 11:40:00,7175,7175,7175,7175,0
2021-12-24 11:41:00,7175,7175,7175,7175,0
2021-12-24 11:42:00,7175,7175,7175,7175,0
2021-12-24 11:43:00,7175,7175,7175,7175,0
2021-12-24 11:44:00,7175,7175,7175,7175,0
2021-12-24 11:45:00,7175,7175,7175,7175,0
2021-12-24 11:46:00,7175,7175,7175,7175,0
2021-12-24 11:47:00,7175,7175,7175,7175,0
2021-12-24 11:48:00,7175,7175,7175,7175,0
2021-12-24 11:49:00,7175,7175,7175,7175,0
2021-12-24 11:50:00,7175,7175,7175,7175,0
2021-12-24 11:51:00,7175,7175,7175,7175,0
2021-12-24 11:52:00,7175,7175,7175,7175,0
2021-12-24 11:53:00,7175,7175,7175,7175,0
2021-12-24 11:54:00,7175,7175,7175,7175,0
2021-12-24 11:55:00,7175,7175,7175,7175,0
2021-12-24 11:56:00,7175,7175,7175,7175,0
2021-12-24 11:57:00,7175,7175,7175,7175,0
2021-12-24 11:58:00,7175,7175,7175,7175,0
2021-12-24 11:59:00,7175,7175,7175,7175,0
2021-12-24 12:00:00,7175,7175,7175,7175,0
2021-12-24 12:01:00,7175,7175,7175,7175,0
2021-12-24 12:02:00,7175,7175,7175,7175,0
2021-12-24 12:03:00,7175,7175,7175,7175,0
2021-12-24 12:04:00,7175,7175,7175,7175,0
2021-12-24 12:05:00,7175,7175,7175,7175,0
2021-12-24 12:06:00,7175,7175,7175,7175,0
2021-12-24 12:07:00,7175,7175,7175,7175,0
2021-12-24 12:08:00,7175,7175,7175,7175,0
2021-12-24 12:09:00,7175,7175,7175,7175,0
2021-12-24 12:10:00,7175,7175,7175,7175,0
2021-12-24 12:11:00,7175,7175,7175,7175,0
2021-12-24 12:12:00,7175,7175,7175,7175,0
2021-12-24 12:13:00,7175,7175,7175,7175,0
2021-12-24 12:14:00,7175,7175,7175,7175,0
2021-12-24 12:15:00,7175,7175,7175,7175,0
2021-12-24 12:16:00,7175,7175,7175,7175,0
2021-12-24 12:17:00,7175,7175,7175,7175,0
2021-12-24 12:18:00,7175,7175,7175,7175,0
2021-12-24 12:19:00,7175,7175,7175,7175,0
2021-12-24 12:20:00,7175,7175,7175,7175,0
2021-12-24 12:21:00,7175,7175,7175,7175,0
2021-12-24 12:22:00,7175,7175,7175,7175,0
2021-12-24 12:23:00,7175,7175,7175,7175,0
2021-12-24 12:24:00,7175,7175,7175,7175,0
2021-12-24 12:25:00,7175,7175,7175,7175,0
2021-12-24 12:26:00,7175,7175,7175,7175,0
2021-12-24 12:27:00,7175,7175,7175,7175,0
2021-12-24 12:28:00,7175,7175,7175,7175,0
2021-12-24 12:29:00,7175,7175,7175,7175,0
2021-12-24 12:30:00,7175,7175,7175,7175,0
2021-12-24 12:31:00,7175,7175,7175,7175,0
2021-12-24 12:32:00,7175,7175,7175,7175,0
2021-12-24 12:33:00,7175,7175,7175,7175,0
2021-12-24 12:34:00,7175,7175,7175,7175,0
2021-12-24 12:35:00,7175,7175,7175,7175,0
2021-12-24 12:36:00,7175,7175,7175,7175,0
2021-12-24 12:37:00,7175,7175,7175,7175,0
2021-12-24 12:38:00,7175,7175,7175,7175,0
2021-12-24 12:39:00,7175,7175,7175,7175,0
2021-12-24 12:40:00,7175,7175,7175,7175,0
2021-12-24 12:41:00,7175,7175,7175,7175,0
2021-12-24 12:42:00,7175,7175,7175,7175,0
2021-12-24 12:43:00,7175,7175,7175,7175,0
2021-12-24 12:44:00,7175,7175,7175,7175,0
2021-12-24 12:45:00,7175,7175,7175,7175,0
2021-12-24 12:46:00,7175,7175,7175,7175,0
2021-12-24 12:47:00,7175,7175,7175,7175,0
2021-12-24 12:48:00,7175,7175,7175,7175,0
2021-12-24 12:49:00,7175,7175,7175,7175,0
2021-12-24 12:50:00,7175,7175,7175,7175,0
2021-12-24 12:51:00,7175,7175,7175,7175,0
2021-12-24 12:52:00,7175,7175,7175,7175,0
2021-12-24 12:53:00,7175,7175,7175,7175,0
2021-12-24 12:54:00,7175,7175,7175,7175,0
2021-12-24 12:55:00,7175,7175,7175,7175,0
2021-12-24 12:56:00,7175,7175,7175,7175,0
2021-12-24 12:57:00,7175,7175,7175,7175,0
2021-12-24 12:58:00,7175,7175,7175,7175,0
2021-12-24 12:59:00,7175,7175,7175,7175,0
2021-12-24 13:00:00,7175,7175,7175,7175,0
2021-12-24 13:01:00,7175,7175,7175,7175,0
2021-12-24 13:02:00,7175,7175,7175,7175,0
2021-12-24 13:03:00,7175,7175,7175,7175,0
2021-12-24 13:04:00,7175,7175,7175,7175,0
2021-12-24 13:05:00,7175,7175,7175,7175,0
2021-12-24 13:06:00,7175,7175,7175,7175,0
2021-12-24 13:07:00,7175,7175,7175,7175,0
2021-12-24 13:08:00,7175,7175,7175,7175,0
2021-12-24 13:09:00,7175,7175,7175,7175,0
2021-12-24 13:10:00,7175,7175,7175,7175,0
2021-12-24 13:11:00,7175,7175,7175,7175,0
2021-12-24 13:12:00,7175,7175,7175,7175,0
2021-12-24 13:13:00,7175,7175,7175,7175,0
2021-12-24 13:14:00,7175,7175,7175,7175,0
2021-12-24 13:15:00,7175,7175,7175,7175,0
2021-12-24 13:16:00,7175,7175,7175,7175,0
2021-12-24 13:17:00,7175,7175,7175,7175,0
2021-12-24 13:18:00,7175,7175,7175,7175,0
2021-12-24 13:19:00,7175,7175,7175,7175,0
2021-12-24 13:20:00,7175,7175,7175,7175,0
2021-12-24 13:21:00,7175,7175,7175,7175,0
2021-12-24 13:22:00,7175,7175,7175,7175,0
2021-12-24 13:23:00,7175,7175,7175,7175,0
2021-12-24 13:24:00,7175,7175,7175,7175,0
2021-12-24 13:25:00,7175,7175,7175,7175,0
2021-12-24 13:26:00,7175,7175,7175,7175,0
2021-12-24 13:27:00,7175,7175,7175,7175,0
2021-12-24 13:28:00,7175,7175,7175,7175,0
2021-12-24 13:29:00,7175,7175,7175,7175,0
2021-12-24 13:30:00,7175,7175,7175,7175,10200
2021-12-24 13:31:00,7175,7175,7175,7175,0
2021-12-24 13:32:00,7175,7175,7175,7175,0
2021-12-24 13:33:00,7175,7175,7175,7175,0
2021-12-24 13:34:00,7175,7175,7175,7175,600
2021-12-24 13:35:00,7175,7175,7175,7175,0
2021-12-24 13:36:00,7175,7175,7200,7200,1500
2021-12-24 13:37:00,7200,7200,7200,7200,26000
2021-12-24 13:38:00,7200,7200,7200,7200,15600
2021-12-24 13:39:00,7200,7200,7200,7200,16700
2021-12-24 13:40:00,7200,7200,7200,7200,12400
2021-12-24 13:41:00,7200,7200,7225,7225,400
2021-12-24 13:42:00,7200,7200,7225,7225,2700
2021-12-24 13:43:00,7225,7225,7225,7225,31300
2021-12-24 13:44:00,7225,7225,7225,7225,28500
2021-12-24 13:45:00,7225,7225,7225,7225,4800
2021-12-24 13:46:00,7225,7225,7225,7225,11300
2021-12-24 13:47:00,7225,7225,7250,7250,3500
2021-12-24 13:48:00,7225,7200,7225,7225,9500
2021-12-24 13:49:00,7225,7225,7225,7225,2100
2021-12-24 13:50:00,7225,7225,7225,7225,8300
2021-12-24 13:51:00,7225,7225,7225,7225,1400
2021-12-24 13:52:00,7225,7225,7225,7225,16200
2021-12-24 13:53:00,7225,7200,7225,7200,1000
2021-12-24 13:54:00,7200,7200,7200,7200,1300
2021-12-24 13:55:00,7200,7200,7200,7200,400
2021-12-24 13:56:00,7200,7200,7200,7200,0
2021-12-24 13:57:00,7200,7200,7225,7225,5500
2021-12-24 13:58:00,7200,7200,7225,7225,0
2021-12-24 13:59:00,7200,7200,7225,7225,0
2021-12-24 14:00:00,7200,7200,7225,7225,0
2021-12-24 14:01:00,7200,7200,7225,7225,0
2021-12-24 14:02:00,7225,7225,7225,7225,4700
2021-12-24 14:03:00,7225,7225,7225,7225,17900
2021-12-24 14:04:00,7225,7225,7225,7225,2000
2021-12-24 14:05:00,7225,7225,7225,7225,3100
2021-12-24 14:06:00,7225,7225,7225,7225,0
2021-12-24 14:07:00,7225,7225,7225,7225,100
2021-12-24 14:08:00,7225,7200,7225,7200,400
2021-12-24 14:09:00,7200,7200,7200,7200,17500
2021-12-24 14:10:00,7175,7175,7175,7175,1200
2021-12-24 14:11:00,7175,7175,7175,7175,2200
2021-12-24 14:12:00,7175,7175,7175,7175,1900
2021-12-24 14:13:00,7175,7175,7175,7175,6400
2021-12-24 14:14:00,7175,7175,7175,7175,100
2021-12-24 14:15:00,7175,7175,7175,7175,0
2021-12-24 14:16:00,7175,7175,7175,7175,1700
2021-12-24 14:17:00,7175,7175,7175,7175,2200
2021-12-24 14:18:00,7175,7175,7175,7175,0
2021-12-24 14:19:00,7175,7175,7175,7175,5300
2021-12-24 14:20:00,7175,7175,7175,7175,5300
2021-12-24 14:21:00,7175,7175,7175,7175,3000
2021-12-24 14:22:00,7175,7175,7175,7175,800
2021-12-24 14:23:00,7175,7175,7200,7200,21000
2021-12-24 14:24:00,7175,7175,7175,7175,7100
2021-12-24 14:25:00,7150,7150,7175,7175,2100
2021-12-24 14:26:00,7175,7175,7175,7175,1800
2021-12-24 14:27:00,7175,7175,7175,7175,500
2021-12-24 14:28:00,7175,7175,7175,7175,100
2021-12-24 14:29:00,7175,7175,7175,7175,2800
2021-12-24 14:30:00,7175,7175,7175,7175,1700
2021-12-24 14:31:00,7150,7150,7150,7150,100
2021-12-24 14:32:00,7150,7150,7150,7150,0
2021-12-24 14:33:00,7150,7150,7150,7150,0
2021-12-24 14:34:00,7175,7175,7175,7175,700
2021-12-24 14:35:00,7175,7175,7175,7175,1400
2021-12-24 14:36:00,7200,7200,7200,7200,100
2021-12-24 14:37:00,7200,7200,7200,7200,0
2021-12-24 14:38:00,7175,7175,7175,7175,5500
2021-12-24 14:39:00,7175,7175,7175,7175,5400
2021-12-24 14:40:00,7175,7175,7175,7175,0
2021-12-24 14:41:00,7175,7175,7200,7200,1900
2021-12-24 14:42:00,7200,7200,7200,7200,700
2021-12-24 14:43:00,7175,7175,7175,7175,9600
2021-12-24 14:44:00,7175,7175,7175,7175,0
2021-12-24 14:45:00,7200,7200,7200,7200,300
2021-12-24 14:46:00,7200,7200,7200,7200,100
2021-12-24 14:47:00,7200,7200,7200,7200,0
2021-12-24 14:48:00,7175,7175,7175,7175,17000
2021-12-24 14:49:00,7175,7175,7175,7175,3500
2021-12-24 14:50:00,7175,7175,7175,7175,0
2021-12-24 14:51:00,7175,7175,7175,7175,0
2021-12-24 14:52:00,7175,7175,7175,7175,0
2021-12-24 14:53:00,7175,7175,7175,7175,0
2021-12-24 14:54:00,7175,7175,7175,7175,0
2021-12-24 14:55:00,7175,7175,7175,7175,0
2021-12-24 14:56:00,7175,7175,7175,7175,0
2021-12-24 14:57:00,7175,7175,7175,7175,0
2021-12-24 14:58:00,7175,7175,7175,7175,0
2021-12-24 14:59:00,7175,7175,7175,7175,0
2021-12-24 15:00:00,7200,7200,7200,7200,39400
2021-12-24 15:01:00,7200,7200,7200,7200,31800
2021-12-24 15:02:00,7200,7200,7200,7200,6400
2021-12-24 15:03:00,7200,7200,7200,7200,100
2021-12-24 15:04:00,7200,7200,7200,7200,400
2021-12-24 15:05:00,7200,7200,7200,7200,400
2021-12-24 15:06:00,7200,7200,7200,7200,0
2021-12-24 15:07:00,7200,7200,7200,7200,1000
2021-12-24 15:08:00,7200,7200,7200,7200,0
2021-12-24 15:09:00,7200,7200,7200,7200,500
2021-12-24 15:10:00,7200,7200,7200,7200,0
2021-12-24 15:11:00,7200,7200,7200,7200,0
2021-12-24 15:12:00,7200,7200,7200,7200,200
2021-12-24 15:13:00,7200,7200,7200,7200,0
2021-12-24 15:14:00,7200,7200,7200,7200,600
2021-12-24 15:15:00,7200,7200,7200,7200,0
2021-12-24 15:16:00,7200,7200,7200,7200,0
2021-12-24 15:17:00,7200,7200,7200,7200,0
2021-12-24 15:18:00,7200,7200,7200,7200,0
2021-12-24 15:19:00,7200,7200,7200,7200,0
2021-12-24 15:20:00,7200,7200,7200,7200,0
2021-12-24 15:21:00,7200,7200,7200,7200,0
2021-12-24 15:22:00,7200,7200,7200,7200,0
2021-12-24 15:23:00,7200,7200,7200,7200,0
2021-12-24 15:24:00,7200,7200,7200,7200,0
2021-12-24 15:25:00,7200,7200,7200,7200,0
2021-12-24 15:26:00,7200,7200,7200,7200,0
2021-12-24 15:27:00,7200,7200,7200,7200,0
2021-12-24 15:28:00,7200,7200,7200,7200,0
2021-12-24 15:29:00,7200,7200,7200,7200,0
2021-12-24 15:30:00,7200,7200,7200,7200,0
2021-12-24 15:31:00,7200,7200,7200,7200,0
2021-12-24 15:32:00,7200,7200,7200,7200,0
2021-12-24 15:33:00,7200,7200,7200,7200,0
2021-12-24 15:34:00,7200,7200,7200,7200,0
2021-12-24 15:35:00,7200,7200,7200,7200,0
2021-12-24 15:36:00,7200,7200,7200,7200,0
2021-12-24 15:37:00,7200,7200,7200,7200,0
2021-12-24 15:38:00,7200,7200,7200,7200,0
2021-12-24 15:39:00,7200,7200,7200,7200,0
2021-12-24 15:40:00,7200,7200,7200,7200,0
2021-12-24 15:41:00,7200,7200,7200,7200,0
2021-12-24 15:42:00,7200,7200,7200,7200,0
2021-12-24 15:43:00,7200,7200,7200,7200,0
2021-12-24 15:44:00,7200,7200,7200,7200,0
2021-12-24 15:45:00,7200,7200,7200,7200,0
2021-12-24 15:46:00,7200,7200,7200,7200,0
2021-12-24 15:47:00,7200,7200,7200,7200,0
2021-12-24 15:48:00,7200,7200,7200,7200,0
2021-12-24 15:49:00,7200,7200,7200,7200,0
2021-12-24 15:50:00,7200,7200,7200,7200,0
2021-12-24 15:51:00,7200,7200,7200,7200,0
2021-12-24 15:52:00,7200,7200,7200,7200,0
2021-12-24 15:53:00,7200,7200,7200,7200,0
2021-12-24 15:54:00,7200,7200,7200,7200,0
2021-12-24 15:55:00,7200,7200,7200,7200,0
2021-12-24 15:56:00,7200,7200,7200,7200,0
2021-12-24 15:57:00,7200,7200,7200,7200,0
2021-12-24 15:58:00,7200,7200,7200,7200,0
2021-12-24 15:59:00,7200,7200,7200,7200,0
2021-12-27 09:00:00,7225,7225,7250,7250,6200
2021-12-27 09:01:00,7250,7225,7250,7225,12900
2021-12-27 09:02:00,7225,7225,7250,7250,1800
2021-12-27 09:03:00,7250,7225,7250,7250,5300
2021-12-27 09:04:00,7250,7250,7250,7250,9700
2021-12-27 09:05:00,7250,7250,7250,7250,5900
2021-12-27 09:06:00,7250,7250,7250,7250,5300
2021-12-27 09:07:00,7250,7250,7250,7250,4700
2021-12-27 09:08:00,7250,7250,7275,7275,3100
2021-12-27 09:09:00,7275,7250,7275,7250,1600
2021-12-27 09:10:00,7250,7250,7250,7250,600
2021-12-27 09:11:00,7275,7275,7300,7300,69300
2021-12-27 09:12:00,7300,7300,7350,7325,49200
2021-12-27 09:13:00,7350,7325,7375,7375,14000
2021-12-27 09:14:00,7350,7350,7400,7400,7100
2021-12-27 09:15:00,7400,7375,7400,7375,13600
2021-12-27 09:16:00,7375,7375,7400,7375,17300
2021-12-27 09:17:00,7375,7375,7400,7400,43900
2021-12-27 09:18:00,7375,7325,7375,7325,22600
2021-12-27 09:19:00,7325,7325,7350,7350,6800
2021-12-27 09:20:00,7350,7350,7375,7375,37700
2021-12-27 09:21:00,7375,7375,7375,7375,4400
2021-12-27 09:22:00,7375,7375,7375,7375,5000
2021-12-27 09:23:00,7375,7375,7450,7450,73100
2021-12-27 09:24:00,7425,7425,7500,7500,114400
2021-12-27 09:25:00,7500,7475,7500,7475,33800
2021-12-27 09:26:00,7475,7425,7500,7450,87400
2021-12-27 09:27:00,7475,7450,7475,7450,25100
2021-12-27 09:28:00,7475,7450,7475,7450,32300
2021-12-27 09:29:00,7450,7450,7475,7475,7100
2021-12-27 09:30:00,7450,7450,7475,7475,4600
2021-12-27 09:31:00,7475,7475,7500,7500,20700
2021-12-27 09:32:00,7475,7475,7500,7475,800
2021-12-27 09:33:00,7475,7475,7500,7475,52700
2021-12-27 09:34:00,7475,7475,7500,7475,6900
2021-12-27 09:35:00,7475,7475,7575,7575,151600
2021-12-27 09:36:00,7575,7525,7575,7525,50000
2021-12-27 09:37:00,7550,7525,7550,7550,15500
2021-12-27 09:38:00,7550,7550,7625,7625,136000
2021-12-27 09:39:00,7625,7625,7700,7675,117000
2021-12-27 09:40:00,7700,7600,7700,7650,186200
2021-12-27 09:41:00,7650,7625,7650,7625,48700
2021-12-27 09:42:00,7625,7625,7650,7650,66500
2021-12-27 09:43:00,7650,7650,7675,7675,61400
2021-12-27 09:44:00,7700,7675,7750,7700,98900
2021-12-27 09:45:00,7725,7675,7725,7700,139200
2021-12-27 09:46:00,7700,7700,7725,7700,57000
2021-12-27 09:47:00,7700,7700,7725,7725,26700
2021-12-27 09:48:00,7700,7650,7725,7650,196600
2021-12-27 09:49:00,7650,7625,7650,7650,54300
2021-12-27 09:50:00,7650,7575,7650,7575,204700
2021-12-27 09:51:00,7575,7575,7650,7650,110600
2021-12-27 09:52:00,7625,7625,7650,7625,21800
2021-12-27 09:53:00,7650,7625,7650,7625,3200
2021-12-27 09:54:00,7650,7625,7650,7650,53100
2021-12-27 09:55:00,7625,7625,7650,7650,4600
2021-12-27 09:56:00,7650,7600,7650,7600,60200
2021-12-27 09:57:00,7600,7600,7625,7600,8700
2021-12-27 09:58:00,7625,7600,7625,7600,32200
2021-12-27 09:59:00,7625,7600,7625,7600,62800
2021-12-27 10:00:00,7600,7600,7625,7600,29000
2021-12-27 10:01:00,7600,7600,7625,7625,11300
2021-12-27 10:02:00,7625,7600,7625,7625,23300
2021-12-27 10:03:00,7625,7600,7625,7625,4700
2021-12-27 10:04:00,7625,7600,7625,7625,19800
2021-12-27 10:05:00,7625,7625,7625,7625,4300
2021-12-27 10:06:00,7625,7600,7625,7625,16800
2021-12-27 10:07:00,7625,7600,7625,7625,62500
2021-12-27 10:08:00,7625,7625,7625,7625,11200
2021-12-27 10:09:00,7625,7600,7650,7625,17100
2021-12-27 10:10:00,7600,7600,7600,7600,7600
2021-12-27 10:11:00,7625,7600,7625,7625,3000
2021-12-27 10:12:00,7625,7600,7625,7625,2400
2021-12-27 10:13:00,7625,7600,7625,7600,400
2021-12-27 10:14:00,7625,7600,7625,7625,1800
2021-12-27 10:15:00,7625,7625,7625,7625,59300
2021-12-27 10:16:00,7625,7625,7650,7650,7600
2021-12-27 10:17:00,7650,7650,7650,7650,1600
2021-12-27 10:18:00,7650,7625,7650,7650,4000
2021-12-27 10:19:00,7650,7650,7675,7675,121100
2021-12-27 10:20:00,7675,7650,7675,7650,1500
2021-12-27 10:21:00,7650,7650,7650,7650,5400
2021-12-27 10:22:00,7650,7650,7675,7675,700
2021-12-27 10:23:00,7675,7675,7675,7675,800
2021-12-27 10:24:00,7650,7650,7675,7675,1300
2021-12-27 10:25:00,7675,7675,7675,7675,12000
2021-12-27 10:26:00,7675,7650,7675,7650,5300
2021-12-27 10:27:00,7650,7650,7675,7675,10100
2021-12-27 10:28:00,7675,7675,7675,7675,1000
2021-12-27 10:29:00,7650,7650,7675,7675,4200
2021-12-27 10:30:00,7675,7650,7675,7650,8800
2021-12-27 10:31:00,7675,7650,7675,7675,1200
2021-12-27 10:32:00,7675,7675,7675,7675,1900
2021-12-27 10:33:00,7675,7650,7675,7650,5500
2021-12-27 10:34:00,7675,7650,7675,7675,1600
2021-12-27 10:35:00,7675,7650,7675,7675,30100
2021-12-27 10:36:00,7675,7650,7675,7675,10800
2021-12-27 10:37:00,7675,7675,7675,7675,300
2021-12-27 10:38:00,7675,7650,7675,7650,600
2021-12-27 10:39:00,7650,7650,7675,7675,3000
2021-12-27 10:40:00,7675,7650,7675,7675,5900
2021-12-27 10:41:00,7675,7675,7675,7675,64100
2021-12-27 10:42:00,7700,7700,7700,7700,2800
2021-12-27 10:43:00,7700,7700,7725,7725,213200
2021-12-27 10:44:00,7700,7700,7725,7700,75000
2021-12-27 10:45:00,7700,7675,7700,7700,30400
2021-12-27 10:46:00,7675,7675,7700,7675,8700
2021-12-27 10:47:00,7700,7675,7700,7700,6800
2021-12-27 10:48:00,7700,7700,7700,7700,4000
2021-12-27 10:49:00,7700,7675,7700,7700,7500
2021-12-27 10:50:00,7700,7675,7700,7700,8900
2021-12-27 10:51:00,7700,7675,7700,7700,8600
2021-12-27 10:52:00,7675,7675,7675,7675,2400
2021-12-27 10:53:00,7675,7675,7700,7700,6900
2021-12-27 10:54:00,7675,7675,7700,7700,105600
2021-12-27 10:55:00,7700,7700,7700,7700,4900
2021-12-27 10:56:00,7700,7700,7700,7700,28800
2021-12-27 10:57:00,7725,7675,7725,7700,25500
2021-12-27 10:58:00,7700,7700,7700,7700,9800
2021-12-27 10:59:00,7700,7675,7700,7700,50700
2021-12-27 11:00:00,7700,7700,7725,7725,65100
2021-12-27 11:01:00,7725,7725,7725,7725,16100
2021-12-27 11:02:00,7725,7725,7725,7725,3300
2021-12-27 11:03:00,7725,7725,7725,7725,8500
2021-12-27 11:04:00,7725,7700,7725,7700,32900
2021-12-27 11:05:00,7725,7725,7725,7725,2500
2021-12-27 11:06:00,7725,7725,7725,7725,5100
2021-12-27 11:07:00,7725,7700,7725,7700,2400
2021-12-27 11:08:00,7725,7700,7725,7700,12000
2021-12-27 11:09:00,7700,7700,7700,7700,68700
2021-12-27 11:10:00,7675,7675,7700,7700,23800
2021-12-27 11:11:00,7700,7700,7725,7700,14900
2021-12-27 11:12:00,7700,7700,7700,7700,40800
2021-12-27 11:13:00,7700,7700,7725,7725,1800
2021-12-27 11:14:00,7700,7700,7700,7700,4100
2021-12-27 11:15:00,7700,7700,7700,7700,100
2021-12-27 11:16:00,7700,7700,7700,7700,100
2021-12-27 11:17:00,7700,7700,7700,7700,4500
2021-12-27 11:18:00,7725,7700,7725,7700,16700
2021-12-27 11:19:00,7700,7700,7700,7700,9600
2021-12-27 11:20:00,7700,7700,7725,7725,8000
2021-12-27 11:21:00,7725,7725,7750,7750,61200
2021-12-27 11:22:00,7725,7725,7725,7725,700
2021-12-27 11:23:00,7725,7725,7750,7725,32400
2021-12-27 11:24:00,7750,7750,7750,7750,148900
2021-12-27 11:25:00,7750,7750,7775,7750,36100
2021-12-27 11:26:00,7750,7750,7750,7750,21200
2021-12-27 11:27:00,7750,7750,7750,7750,3400
2021-12-27 11:28:00,7750,7750,7750,7750,20800
2021-12-27 11:29:00,7750,7750,7750,7750,34400
2021-12-27 11:30:00,7750,7750,7750,7750,0
2021-12-27 11:31:00,7750,7750,7750,7750,0
2021-12-27 11:32:00,7750,7750,7750,7750,0
2021-12-27 11:33:00,7750,7750,7750,7750,0
2021-12-27 11:34:00,7750,7750,7750,7750,0
2021-12-27 11:35:00,7750,7750,7750,7750,0
2021-12-27 11:36:00,7750,7750,7750,7750,0
2021-12-27 11:37:00,7750,7750,7750,7750,0
2021-12-27 11:38:00,7750,7750,7750,7750,0
2021-12-27 11:39:00,7750,7750,7750,7750,0
2021-12-27 11:40:00,7750,7750,7750,7750,0
2021-12-27 11:41:00,7750,7750,7750,7750,0
2021-12-27 11:42:00,7750,7750,7750,7750,0
2021-12-27 11:43:00,7750,7750,7750,7750,0
2021-12-27 11:44:00,7750,7750,7750,7750,0
2021-12-27 11:45:00,7750,7750,7750,7750,0
2021-12-27 11:46:00,7750,7750,7750,7750,0
2021-12-27 11:47:00,7750,7750,7750,7750,0
2021-12-27 11:48:00,7750,7750,7750,7750,0
2021-12-27 11:49:00,7750,7750,7750,7750,0
2021-12-27 11:50:00,7750,7750,7750,7750,0
2021-12-27 11:51:00,7750,7750,7750,7750,0
2021-12-27 11:52:00,7750,7750,7750,7750,0
2021-12-27 11:53:00,7750,7750,7750,7750,0
2021-12-27 11:54:00,7750,7750,7750,7750,0
2021-12-27 11:55:00,7750,7750,7750,7750,0
2021-12-27 11:56:00,7750,7750,7750,7750,0
2021-12-27 11:57:00,7750,7750,7750,7750,0
2021-12-27 11:58:00,7750,7750,7750,7750,0
2021-12-27 11:59:00,7750,7750,7750,7750,0
2021-12-27 12:00:00,7750,7750,7750,7750,0
2021-12-27 12:01:00,7750,7750,7750,7750,0
2021-12-27 12:02:00,7750,7750,7750,7750,0
2021-12-27 12:03:00,7750,7750,7750,7750,0
2021-12-27 12:04:00,7750,7750,7750,7750,0
2021-12-27 12:05:00,7750,7750,7750,7750,0
2021-12-27 12:06:00,7750,7750,7750,7750,0
2021-12-27 12:07:00,7750,7750,7750,7750,0
2021-12-27 12:08:00,7750,7750,7750,7750,0
2021-12-27 12:09:00,7750,7750,7750,7750,0
2021-12-27 12:10:00,7750,7750,7750,7750,0
2021-12-27 12:11:00,7750,7750,7750,7750,0
2021-12-27 12:12:00,7750,7750,7750,7750,0
2021-12-27 12:13:00,7750,7750,7750,7750,0
2021-12-27 12:14:00,7750,7750,7750,7750,0
2021-12-27 12:15:00,7750,7750,7750,7750,0
2021-12-27 12:16:00,7750,7750,7750,7750,0
2021-12-27 12:17:00,7750,7750,7750,7750,0
2021-12-27 12:18:00,7750,7750,7750,7750,0
2021-12-27 12:19:00,7750,7750,7750,7750,0
2021-12-27 12:20:00,7750,7750,7750,7750,0
2021-12-27 12:21:00,7750,7750,7750,7750,0
2021-12-27 12:22:00,7750,7750,7750,7750,0
2021-12-27 12:23:00,7750,7750,7750,7750,0
2021-12-27 12:24:00,7750,7750,7750,7750,0
2021-12-27 12:25:00,7750,7750,7750,7750,0
2021-12-27 12:26:00,7750,7750,7750,7750,0
2021-12-27 12:27:00,7750,7750,7750,7750,0
2021-12-27 12:28:00,7750,7750,7750,7750,0
2021-12-27 12:29:00,7750,7750,7750,7750,0
2021-12-27 12:30:00,7750,7750,7750,7750,0
2021-12-27 12:31:00,7750,7750,7750,7750,0
2021-12-27 12:32:00,7750,7750,7750,7750,0
2021-12-27 12:33:00,7750,7750,7750,7750,0
2021-12-27 12:34:00,7750,7750,7750,7750,0
2021-12-27 12:35:00,7750,7750,7750,7750,0
2021-12-27 12:36:00,7750,7750,7750,7750,0
2021-12-27 12:37:00,7750,7750,7750,7750,0
2021-12-27 12:38:00,7750,7750,7750,7750,0
2021-12-27 12:39:00,7750,7750,7750,7750,0
2021-12-27 12:40:00,7750,7750,7750,7750,0
2021-12-27 12:41:00,7750,7750,7750,7750,0
2021-12-27 12:42:00,7750,7750,7750,7750,0
2021-12-27 12:43:00,7750,7750,7750,7750,0
2021-12-27 12:44:00,7750,7750,7750,7750,0
2021-12-27 12:45:00,7750,7750,7750,7750,0
2021-12-27 12:46:00,7750,7750,7750,7750,0
2021-12-27 12:47:00,7750,7750,7750,7750,0
2021-12-27 12:48:00,7750,7750,7750,7750,0
2021-12-27 12:49:00,7750,7750,7750,7750,0
2021-12-27 12:50:00,7750,7750,7750,7750,0
2021-12-27 12:51:00,7750,7750,7750,7750,0
2021-12-27 12:52:00,7750,7750,7750,7750,0
2021-12-27 12:53:00,7750,7750,7750,7750,0
2021-12-27 12:54:00,7750,7750,7750,7750,0
2021-12-27 12:55:00,7750,7750,7750,7750,0
2021-12-27 12:56:00,7750,7750,7750,7750,0
2021-12-27 12:57:00,7750,7750,7750,7750,0
2021-12-27 12:58:00,7750,7750,7750,7750,0
2021-12-27 12:59:00,7750,7750,7750,7750,0
2021-12-27 13:00:00,7750,7750,7750,7750,0
2021-12-27 13:01:00,7750,7750,7750,7750,0
2021-12-27 13:02:00,7750,7750,7750,7750,0
2021-12-27 13:03:00,7750,7750,7750,7750,0
2021-12-27 13:04:00,7750,7750,7750,7750,0
2021-12-27 13:05:00,7750,7750,7750,7750,0
2021-12-27 13:06:00,7750,7750,7750,7750,0
2021-12-27 13:07:00,7750,7750,7750,7750,0
2021-12-27 13:08:00,7750,7750,7750,7750,0
2021-12-27 13:09:00,7750,7750,7750,7750,0
2021-12-27 13:10:00,7750,7750,7750,7750,0
2021-12-27 13:11:00,7750,7750,7750,7750,0
2021-12-27 13:12:00,7750,7750,7750,7750,0
2021-12-27 13:13:00,7750,7750,7750,7750,0
2021-12-27 13:14:00,7750,7750,7750,7750,0
2021-12-27 13:15:00,7750,7750,7750,7750,0
2021-12-27 13:16:00,7750,7750,7750,7750,0
2021-12-27 13:17:00,7750,7750,7750,7750,0
2021-12-27 13:18:00,7750,7750,7750,7750,0
2021-12-27 13:19:00,7750,7750,7750,7750,0
2021-12-27 13:20:00,7750,7750,7750,7750,0
2021-12-27 13:21:00,7750,7750,7750,7750,0
2021-12-27 13:22:00,7750,7750,7750,7750,0
2021-12-27 13:23:00,7750,7750,7750,7750,0
2021-12-27 13:24:00,7750,7750,7750,7750,0
2021-12-27 13:25:00,7750,7750,7750,7750,0
2021-12-27 13:26:00,7750,7750,7750,7750,0
2021-12-27 13:27:00,7750,7750,7750,7750,0
2021-12-27 13:28:00,7750,7750,7750,7750,0
2021-12-27 13:29:00,7750,7750,7750,7750,0
2021-12-27 13:30:00,7750,7750,7775,7750,60400
2021-12-27 13:31:00,7750,7750,7750,7750,3500
2021-12-27 13:32:00,7775,7750,7775,7750,1800
2021-12-27 13:33:00,7750,7750,7775,7750,2100
2021-12-27 13:34:00,7750,7750,7750,7750,7500
2021-12-27 13:35:00,7750,7750,7750,7750,24300
2021-12-27 13:36:00,7725,7725,7725,7725,3300
2021-12-27 13:37:00,7725,7725,7725,7725,600
2021-12-27 13:38:00,7725,7725,7750,7725,2600
2021-12-27 13:39:00,7750,7725,7750,7750,45600
2021-12-27 13:40:00,7750,7750,7750,7750,200
2021-12-27 13:41:00,7725,7725,7725,7725,11600
2021-12-27 13:42:00,7725,7725,7725,7725,3200
2021-12-27 13:43:00,7725,7725,7750,7725,3200
2021-12-27 13:44:00,7725,7725,7725,7725,200
2021-12-27 13:45:00,7725,7725,7725,7725,2700
2021-12-27 13:46:00,7725,7725,7750,7750,3400
2021-12-27 13:47:00,7725,7725,7725,7725,110900
2021-12-27 13:48:00,7725,7725,7725,7725,9200
2021-12-27 13:49:00,7725,7725,7725,7725,55400
2021-12-27 13:50:00,7725,7725,7750,7750,31400
2021-12-27 13:51:00,7725,7725,7725,7725,25700
2021-12-27 13:52:00,7725,7725,7725,7725,2600
2021-12-27 13:53:00,7750,7750,7750,7750,137500
2021-12-27 13:54:00,7725,7725,7725,7725,92300
2021-12-27 13:55:00,7725,7725,7750,7750,500
2021-12-27 13:56:00,7750,7750,7750,7750,4800
2021-12-27 13:57:00,7750,7750,7750,7750,400
2021-12-27 13:58:00,7725,7725,7750,7750,200
2021-12-27 13:59:00,7750,7750,7750,7750,27400
2021-12-27 14:00:00,7750,7750,7750,7750,17500
2021-12-27 14:01:00,7750,7750,7750,7750,1900
2021-12-27 14:02:00,7750,7725,7750,7725,13700
2021-12-27 14:03:00,7750,7750,7750,7750,10300
2021-12-27 14:04:00,7725,7725,7750,7750,5500
2021-12-27 14:05:00,7750,7725,7750,7725,67200
2021-12-27 14:06:00,7725,7725,7750,7725,85700
2021-12-27 14:07:00,7750,7725,7750,7750,14100
2021-12-27 14:08:00,7725,7725,7725,7725,1700
2021-12-27 14:09:00,7750,7750,7750,7750,17000
2021-12-27 14:10:00,7750,7750,7750,7750,4000
2021-12-27 14:11:00,7750,7750,7750,7750,28900
2021-12-27 14:12:00,7750,7750,7750,7750,40400
2021-12-27 14:13:00,7750,7750,7750,7750,400
2021-12-27 14:14:00,7750,7750,7750,7750,2100
2021-12-27 14:15:00,7750,7750,7775,7775,6300
2021-12-27 14:16:00,7775,7750,7775,7750,7500
2021-12-27 14:17:00,7750,7750,7750,7750,3700
2021-12-27 14:18:00,7775,7775,7800,7775,190000
2021-12-27 14:19:00,7775,7775,7800,7800,8600
2021-12-27 14:20:00,7800,7800,7850,7825,522900
2021-12-27 14:21:00,7850,7800,7875,7825,133900
2021-12-27 14:22:00,7825,7825,7825,7825,74100
2021-12-27 14:23:00,7825,7800,7825,7800,2400
2021-12-27 14:24:00,7800,7800,7825,7800,6400
2021-12-27 14:25:00,7800,7800,7825,7825,8100
2021-12-27 14:26:00,7825,7825,7825,7825,8500
2021-12-27 14:27:00,7800,7800,7825,7825,8700
2021-12-27 14:28:00,7825,7825,7850,7825,32900
2021-12-27 14:29:00,7850,7825,7850,7850,3700
2021-12-27 14:30:00,7825,7825,7850,7825,40700
2021-12-27 14:31:00,7825,7825,7850,7850,10100
2021-12-27 14:32:00,7850,7850,7850,7850,20900
2021-12-27 14:33:00,7850,7825,7850,7825,20200
2021-12-27 14:34:00,7825,7825,7850,7825,16300
2021-12-27 14:35:00,7850,7825,7850,7825,13600
2021-12-27 14:36:00,7825,7825,7850,7850,2600
2021-12-27 14:37:00,7850,7825,7850,7825,17600
2021-12-27 14:38:00,7825,7825,7850,7850,14500
2021-12-27 14:39:00,7825,7825,7825,7825,99600
2021-12-27 14:40:00,7825,7825,7850,7850,10500
2021-12-27 14:41:00,7850,7825,7850,7825,24500
2021-12-27 14:42:00,7850,7825,7850,7825,16700
2021-12-27 14:43:00,7825,7800,7850,7800,113800
2021-12-27 14:44:00,7800,7800,7825,7825,2100
2021-12-27 14:45:00,7825,7800,7825,7800,2200
2021-12-27 14:46:00,7825,7825,7825,7825,35100
2021-12-27 14:47:00,7825,7800,7825,7825,25100
2021-12-27 14:48:00,7825,7825,7850,7825,125900
2021-12-27 14:49:00,7825,7825,7850,7825,159400
2021-12-27 14:50:00,7825,7825,7850,7825,0
2021-12-27 14:51:00,7825,7825,7850,7825,0
2021-12-27 14:52:00,7825,7825,7850,7825,0
2021-12-27 14:53:00,7825,7825,7850,7825,0
2021-12-27 14:54:00,7825,7825,7850,7825,0
2021-12-27 14:55:00,7825,7825,7850,7825,0
2021-12-27 14:56:00,7825,7825,7850,7825,0
2021-12-27 14:57:00,7825,7825,7850,7825,0
2021-12-27 14:58:00,7825,7825,7850,7825,0
2021-12-27 14:59:00,7825,7825,7850,7825,0
2021-12-27 15:00:00,7825,7825,7825,7825,372000
2021-12-27 15:01:00,7825,7825,7825,7825,17300
2021-12-27 15:02:00,7825,7825,7825,7825,71200
2021-12-27 15:03:00,7825,7825,7825,7825,3100
2021-12-27 15:04:00,7825,7825,7825,7825,3000
2021-12-27 15:05:00,7825,7825,7825,7825,14000
2021-12-27 15:06:00,7825,7825,7825,7825,10200
2021-12-27 15:07:00,7825,7825,7825,7825,11400
2021-12-27 15:08:00,7825,7825,7825,7825,600
2021-12-27 15:09:00,7825,7825,7825,7825,7300
2021-12-27 15:10:00,7825,7825,7825,7825,100
2021-12-27 15:11:00,7825,7825,7825,7825,3100
2021-12-27 15:12:00,7825,7825,7825,7825,200
2021-12-27 15:13:00,7825,7825,7825,7825,1100
2021-12-27 15:14:00,7825,7825,7825,7825,0
2021-12-27 15:15:00,7825,7825,7825,7825,0
2021-12-27 15:16:00,7825,7825,7825,7825,0
2021-12-27 15:17:00,7825,7825,7825,7825,0
2021-12-27 15:18:00,7825,7825,7825,7825,0
2021-12-27 15:19:00,7825,7825,7825,7825,0
2021-12-27 15:20:00,7825,7825,7825,7825,0
2021-12-27 15:21:00,7825,7825,7825,7825,0
2021-12-27 15:22:00,7825,7825,7825,7825,0
2021-12-27 15:23:00,7825,7825,7825,7825,0
2021-12-27 15:24:00,7825,7825,7825,7825,0
2021-12-27 15:25:00,7825,7825,7825,7825,0
2021-12-27 15:26:00,7825,7825,7825,7825,0
2021-12-27 15:27:00,7825,7825,7825,7825,0
2021-12-27 15:28:00,7825,7825,7825,7825,0
2021-12-27 15:29:00,7825,7825,7825,7825,0
2021-12-27 15:30:00,7825,7825,7825,7825,0
2021-12-27 15:31:00,7825,7825,7825,7825,0
2021-12-27 15:32:00,7825,7825,7825,7825,0
2021-12-27 15:33:00,7825,7825,7825,7825,0
2021-12-27 15:34:00,7825,7825,7825,7825,0
2021-12-27 15:35:00,7825,7825,7825,7825,0
2021-12-27 15:36:00,7825,7825,7825,7825,0
2021-12-27 15:37:00,7825,7825,7825,7825,0
2021-12-27 15:38:00,7825,7825,7825,7825,0
2021-12-27 15:39:00,7825,7825,7825,7825,0
2021-12-27 15:40:00,7825,7825,7825,7825,0
2021-12-27 15:41:00,7825,7825,7825,7825,0
2021-12-27 15:42:00,7825,7825,7825,7825,0
2021-12-27 15:43:00,7825,7825,7825,7825,0
2021-12-27 15:44:00,7825,7825,7825,7825,0
2021-12-27 15:45:00,7825,7825,7825,7825,0
2021-12-27 15:46:00,7825,7825,7825,7825,0
2021-12-27 15:47:00,7825,7825,7825,7825,0
2021-12-27 15:48:00,7825,7825,7825,7825,0
2021-12-27 15:49:00,7825,7825,7825,7825,0
2021-12-27 15:50:00,7825,7825,7825,7825,0
2021-12-27 15:51:00,7825,7825,7825,7825,0
2021-12-27 15:52:00,7825,7825,7825,7825,0
2021-12-27 15:53:00,7825,7825,7825,7825,0
2021-12-27 15:54:00,7825,7825,7825,7825,0
2021-12-27 15:55:00,7825,7825,7825,7825,0
2021-12-27 15:56:00,7825,7825,7825,7825,0
2021-12-27 15:57:00,7825,7825,7825,7825,0
2021-12-27 15:58:00,7825,7825,7825,7825,0
2021-12-27 15:59:00,7825,7825,7825,7825,0
2021-12-28 09:00:00,7875,7875,7900,7900,42100
2021-12-28 09:01:00,7900,7875,7950,7950,67600
2021-12-28 09:02:00,7950,7925,7975,7925,196000
2021-12-28 09:03:00,7950,7900,7950,7925,81300
2021-12-28 09:04:00,7925,7800,7925,7800,236100
2021-12-28 09:05:00,7825,7775,7825,7775,64300
2021-12-28 09:06:00,7750,7725,7775,7750,96400
2021-12-28 09:07:00,7750,7750,7775,7750,7200
2021-12-28 09:08:00,7775,7750,7775,7775,19200
2021-12-28 09:09:00,7775,7775,7800,7775,31900
2021-12-28 09:10:00,7775,7775,7775,7775,38000
2021-12-28 09:11:00,7775,7775,7800,7775,30700
2021-12-28 09:12:00,7775,7750,7775,7750,36200
2021-12-28 09:13:00,7775,7750,7775,7775,14200
2021-12-28 09:14:00,7750,7750,7775,7750,40400
2021-12-28 09:15:00,7750,7725,7750,7750,25300
2021-12-28 09:16:00,7725,7725,7750,7750,1800
2021-12-28 09:17:00,7750,7725,7750,7750,17600
2021-12-28 09:18:00,7750,7725,7750,7725,4500
2021-12-28 09:19:00,7725,7725,7775,7775,87700
2021-12-28 09:20:00,7750,7750,7775,7775,3300
2021-12-28 09:21:00,7775,7775,7775,7775,13600
2021-12-28 09:22:00,7775,7750,7775,7750,9600
2021-12-28 09:23:00,7775,7750,7775,7750,36400
2021-12-28 09:24:00,7750,7750,7800,7800,5000
2021-12-28 09:25:00,7775,7750,7800,7750,16900
2021-12-28 09:26:00,7775,7775,7775,7775,7800
2021-12-28 09:27:00,7775,7750,7775,7775,7700
2021-12-28 09:28:00,7800,7775,7800,7775,1600
2021-12-28 09:29:00,7775,7775,7775,7775,100
2021-12-28 09:30:00,7775,7775,7800,7800,800
2021-12-28 09:31:00,7800,7775,7800,7775,37900
2021-12-28 09:32:00,7775,7725,7775,7725,61000
2021-12-28 09:33:00,7725,7650,7725,7675,295200
2021-12-28 09:34:00,7675,7675,7700,7675,33600
2021-12-28 09:35:00,7675,7650,7675,7675,28000
2021-12-28 09:36:00,7650,7650,7675,7650,59300
2021-12-28 09:37:00,7650,7650,7700,7700,42600
2021-12-28 09:38:00,7675,7675,7700,7700,5000
2021-12-28 09:39:00,7700,7675,7700,7700,12400
2021-12-28 09:40:00,7700,7700,7700,7700,10300
2021-12-28 09:41:00,7700,7650,7700,7650,44000
2021-12-28 09:42:00,7650,7650,7700,7650,27600
2021-12-28 09:43:00,7650,7650,7700,7700,2900
2021-12-28 09:44:00,7700,7700,7700,7700,1000
2021-12-28 09:45:00,7700,7675,7700,7700,1700
2021-12-28 09:46:00,7675,7675,7675,7675,7000
2021-12-28 09:47:00,7675,7675,7675,7675,800
2021-12-28 09:48:00,7675,7650,7675,7675,3300
2021-12-28 09:49:00,7675,7675,7675,7675,1500
2021-12-28 09:50:00,7675,7650,7675,7675,1500
2021-12-28 09:51:00,7675,7650,7675,7675,1900
2021-12-28 09:52:00,7675,7625,7675,7625,98900
2021-12-28 09:53:00,7625,7625,7650,7650,6100
2021-12-28 09:54:00,7650,7625,7650,7650,4600
2021-12-28 09:55:00,7650,7625,7675,7625,12300
2021-12-28 09:56:00,7650,7650,7650,7650,4700
2021-12-28 09:57:00,7650,7650,7675,7650,8000
2021-12-28 09:58:00,7650,7650,7675,7675,1300
2021-12-28 09:59:00,7675,7675,7675,7675,11200
2021-12-28 10:00:00,7675,7650,7675,7675,1500
2021-12-28 10:01:00,7675,7675,7700,7700,6900
2021-12-28 10:02:00,7700,7675,7700,7700,3600
2021-12-28 10:03:00,7700,7700,7700,7700,30800
2021-12-28 10:04:00,7700,7700,7700,7700,11300
2021-12-28 10:05:00,7675,7675,7700,7700,20100
2021-12-28 10:06:00,7700,7700,7700,7700,2800
2021-12-28 10:07:00,7700,7700,7700,7700,2800
2021-12-28 10:08:00,7700,7700,7725,7725,30200
2021-12-28 10:09:00,7700,7700,7700,7700,37600
2021-12-28 10:10:00,7700,7700,7725,7725,9900
2021-12-28 10:11:00,7725,7725,7725,7725,3100
2021-12-28 10:12:00,7725,7725,7725,7725,4300
2021-12-28 10:13:00,7725,7700,7725,7725,2100
2021-12-28 10:14:00,7725,7700,7725,7725,5100
2021-12-28 10:15:00,7725,7700,7725,7725,2200
2021-12-28 10:16:00,7725,7725,7725,7725,3100
2021-12-28 10:17:00,7725,7725,7750,7750,29200
2021-12-28 10:18:00,7750,7750,7750,7750,2500
2021-12-28 10:19:00,7725,7725,7750,7750,10500
2021-12-28 10:20:00,7750,7725,7750,7725,35000
2021-12-28 10:21:00,7725,7725,7725,7725,7900
2021-12-28 10:22:00,7725,7725,7725,7725,0
2021-12-28 10:23:00,7750,7750,7750,7750,200
2021-12-28 10:24:00,7750,7750,7750,7750,1300
2021-12-28 10:25:00,7750,7750,7750,7750,0
2021-12-28 10:26:00,7750,7725,7750,7725,200
2021-12-28 10:27:00,7750,7750,7750,7750,15000
2021-12-28 10:28:00,7725,7725,7750,7750,28300
2021-12-28 10:29:00,7750,7750,7750,7750,100
2021-12-28 10:30:00,7750,7750,7750,7750,24300
2021-12-28 10:31:00,7775,7775,7775,7775,100
2021-12-28 10:32:00,7775,7775,7775,7775,800
2021-12-28 10:33:00,7775,7775,7775,7775,600
2021-12-28 10:34:00,7775,7775,7775,7775,12100
2021-12-28 10:35:00,7775,7775,7775,7775,0
2021-12-28 10:36:00,7775,7775,7775,7775,0
2021-12-28 10:37:00,7775,7775,7775,7775,100
2021-12-28 10:38:00,7775,7775,7775,7775,32300
2021-12-28 10:39:00,7750,7750,7750,7750,17400
2021-12-28 10:40:00,7750,7725,7750,7750,30100
2021-12-28 10:41:00,7750,7750,7775,7775,18200
2021-12-28 10:42:00,7775,7775,7775,7775,13000
2021-12-28 10:43:00,7750,7750,7750,7750,11900
2021-12-28 10:44:00,7750,7750,7750,7750,100
2021-12-28 10:45:00,7750,7750,7750,7750,0
2021-12-28 10:46:00,7750,7750,7750,7750,0
2021-12-28 10:47:00,7750,7750,7750,7750,9100
2021-12-28 10:48:00,7750,7750,7750,7750,200
2021-12-28 10:49:00,7750,7750,7750,7750,700
2021-12-28 10:50:00,7750,7750,7750,7750,31000
2021-12-28 10:51:00,7750,7750,7750,7750,200
2021-12-28 10:52:00,7750,7750,7750,7750,9300
2021-12-28 10:53:00,7750,7750,7750,7750,1800
2021-12-28 10:54:00,7750,7750,7750,7750,900
2021-12-28 10:55:00,7750,7750,7750,7750,4400
2021-12-28 10:56:00,7750,7750,7750,7750,500
2021-12-28 10:57:00,7750,7750,7750,7750,0
2021-12-28 10:58:00,7750,7750,7750,7750,0
2021-12-28 10:59:00,7750,7750,7750,7750,300
2021-12-28 11:00:00,7750,7750,7750,7750,0
2021-12-28 11:01:00,7750,7750,7750,7750,600
2021-12-28 11:02:00,7750,7750,7750,7750,500
2021-12-28 11:03:00,7750,7750,7750,7750,7700
2021-12-28 11:04:00,7750,7750,7750,7750,0
2021-12-28 11:05:00,7775,7775,7775,7775,37100
2021-12-28 11:06:00,7775,7775,7775,7775,5400
2021-12-28 11:07:00,7775,7775,7775,7775,0
2021-12-28 11:08:00,7750,7750,7775,7775,600
2021-12-28 11:09:00,7775,7775,7775,7775,100
2021-12-28 11:10:00,7750,7750,7750,7750,6000
2021-12-28 11:11:00,7775,7775,7775,7775,12000
2021-12-28 11:12:00,7775,7775,7800,7800,14100
2021-12-28 11:13:00,7800,7775,7800,7800,400
2021-12-28 11:14:00,7800,7800,7800,7800,300
2021-12-28 11:15:00,7800,7800,7800,7800,200
2021-12-28 11:16:00,7775,7775,7775,7775,700
2021-12-28 11:17:00,7800,7775,7800,7775,1400
2021-12-28 11:18:00,7775,7775,7775,7775,2000
2021-12-28 11:19:00,7775,7775,7775,7775,2700
2021-12-28 11:20:00,7775,7775,7800,7775,16500
2021-12-28 11:21:00,7800,7800,7800,7800,10700
2021-12-28 11:22:00,7800,7775,7800,7800,54600
2021-12-28 11:23:00,7800,7800,7800,7800,700
2021-12-28 11:24:00,7800,7800,7800,7800,400
2021-12-28 11:25:00,7800,7800,7800,7800,0
2021-12-28 11:26:00,7800,7800,7800,7800,5000
2021-12-28 11:27:00,7825,7825,7825,7825,59200
2021-12-28 11:28:00,7825,7800,7825,7800,30300
2021-12-28 11:29:00,7825,7825,7825,7825,2200
2021-12-28 11:30:00,7825,7825,7825,7825,0
2021-12-28 11:31:00,7825,7825,7825,7825,0
2021-12-28 11:32:00,7825,7825,7825,7825,0
2021-12-28 11:33:00,7825,7825,7825,7825,0
2021-12-28 11:34:00,7825,7825,7825,7825,0
2021-12-28 11:35:00,7825,7825,7825,7825,0
2021-12-28 11:36:00,7825,7825,7825,7825,0
2021-12-28 11:37:00,7825,7825,7825,7825,0
2021-12-28 11:38:00,7825,7825,7825,7825,0
2021-12-28 11:39:00,7825,7825,7825,7825,0
2021-12-28 11:40:00,7825,7825,7825,7825,0
2021-12-28 11:41:00,7825,7825,7825,7825,0
2021-12-28 11:42:00,7825,7825,7825,7825,0
2021-12-28 11:43:00,7825,7825,7825,7825,0
2021-12-28 11:44:00,7825,7825,7825,7825,0
2021-12-28 11:45:00,7825,7825,7825,7825,0
2021-12-28 11:46:00,7825,7825,7825,7825,0
2021-12-28 11:47:00,7825,7825,7825,7825,0
2021-12-28 11:48:00,7825,7825,7825,7825,0
2021-12-28 11:49:00,7825,7825,7825,7825,0
2021-12-28 11:50:00,7825,7825,7825,7825,0
2021-12-28 11:51:00,7825,7825,7825,7825,0
2021-12-28 11:52:00,7825,7825,7825,7825,0
2021-12-28 11:53:00,7825,7825,7825,7825,0
2021-12-28 11:54:00,7825,7825,7825,7825,0
2021-12-28 11:55:00,7825,7825,7825,7825,0
2021-12-28 11:56:00,7825,7825,7825,7825,0
2021-12-28 11:57:00,7825,7825,7825,7825,0
2021-12-28 11:58:00,7825,7825,7825,7825,0
2021-12-28 11:59:00,7825,7825,7825,7825,0
2021-12-28 12:00:00,7825,7825,7825,7825,0
2021-12-28 12:01:00,7825,7825,7825,7825,0
2021-12-28 12:02:00,7825,7825,7825,7825,0
2021-12-28 12:03:00,7825,7825,7825,7825,0
2021-12-28 12:04:00,7825,7825,7825,7825,0
2021-12-28 12:05:00,7825,7825,7825,7825,0
2021-12-28 12:06:00,7825,7825,7825,7825,0
2021-12-28 12:07:00,7825,7825,7825,7825,0
2021-12-28 12:08:00,7825,7825,7825,7825,0
2021-12-28 12:09:00,7825,7825,7825,7825,0
2021-12-28 12:10:00,7825,7825,7825,7825,0
2021-12-28 12:11:00,7825,7825,7825,7825,0
2021-12-28 12:12:00,7825,7825,7825,7825,0
2021-12-28 12:13:00,7825,7825,7825,7825,0
2021-12-28 12:14:00,7825,7825,7825,7825,0
2021-12-28 12:15:00,7825,7825,7825,7825,0
2021-12-28 12:16:00,7825,7825,7825,7825,0
2021-12-28 12:17:00,7825,7825,7825,7825,0
2021-12-28 12:18:00,7825,7825,7825,7825,0
2021-12-28 12:19:00,7825,7825,7825,7825,0
2021-12-28 12:20:00,7825,7825,7825,7825,0
2021-12-28 12:21:00,7825,7825,7825,7825,0
2021-12-28 12:22:00,7825,7825,7825,7825,0
2021-12-28 12:23:00,7825,7825,7825,7825,0
2021-12-28 12:24:00,7825,7825,7825,7825,0
2021-12-28 12:25:00,7825,7825,7825,7825,0
2021-12-28 12:26:00,7825,7825,7825,7825,0
2021-12-28 12:27:00,7825,7825,7825,7825,0
2021-12-28 12:28:00,7825,7825,7825,7825,0
2021-12-28 12:29:00,7825,7825,7825,7825,0
2021-12-28 12:30:00,7825,7825,7825,7825,0
2021-12-28 12:31:00,7825,7825,7825,7825,0
2021-12-28 12:32:00,7825,7825,7825,7825,0
2021-12-28 12:33:00,7825,7825,7825,7825,0
2021-12-28 12:34:00,7825,7825,7825,7825,0
2021-12-28 12:35:00,7825,7825,7825,7825,0
2021-12-28 12:36:00,7825,7825,7825,7825,0
2021-12-28 12:37:00,7825,7825,7825,7825,0
2021-12-28 12:38:00,7825,7825,7825,7825,0
2021-12-28 12:39:00,7825,7825,7825,7825,0
2021-12-28 12:40:00,7825,7825,7825,7825,0
2021-12-28 12:41:00,7825,7825,7825,7825,0
2021-12-28 12:42:00,7825,7825,7825,7825,0
2021-12-28 12:43:00,7825,7825,7825,7825,0
2021-12-28 12:44:00,7825,7825,7825,7825,0
2021-12-28 12:45:00,7825,7825,7825,7825,0
2021-12-28 12:46:00,7825,7825,7825,7825,0
2021-12-28 12:47:00,7825,7825,7825,7825,0
2021-12-28 12:48:00,7825,7825,7825,7825,0
2021-12-28 12:49:00,7825,7825,7825,7825,0
2021-12-28 12:50:00,7825,7825,7825,7825,0
2021-12-28 12:51:00,7825,7825,7825,7825,0
2021-12-28 12:52:00,7825,7825,7825,7825,0
2021-12-28 12:53:00,7825,7825,7825,7825,0
2021-12-28 12:54:00,7825,7825,7825,7825,0
2021-12-28 12:55:00,7825,7825,7825,7825,0
2021-12-28 12:56:00,7825,7825,7825,7825,0
2021-12-28 12:57:00,7825,7825,7825,7825,0
2021-12-28 12:58:00,7825,7825,7825,7825,0
2021-12-28 12:59:00,7825,7825,7825,7825,0
2021-12-28 13:00:00,7825,7825,7825,7825,0
2021-12-28 13:01:00,7825,7825,7825,7825,0
2021-12-28 13:02:00,7825,7825,7825,7825,0
2021-12-28 13:03:00,7825,7825,7825,7825,0
2021-12-28 13:04:00,7825,7825,7825,7825,0
2021-12-28 13:05:00,7825,7825,7825,7825,0
2021-12-28 13:06:00,7825,7825,7825,7825,0
2021-12-28 13:07:00,7825,7825,7825,7825,0
2021-12-28 13:08:00,7825,7825,7825,7825,0
2021-12-28 13:09:00,7825,7825,7825,7825,0
2021-12-28 13:10:00,7825,7825,7825,7825,0
2021-12-28 13:11:00,7825,7825,7825,7825,0
2021-12-28 13:12:00,7825,7825,7825,7825,0
2021-12-28 13:13:00,7825,7825,7825,7825,0
2021-12-28 13:14:00,7825,7825,7825,7825,0
2021-12-28 13:15:00,7825,7825,7825,7825,0
2021-12-28 13:16:00,7825,7825,7825,7825,0
2021-12-28 13:17:00,7825,7825,7825,7825,0
2021-12-28 13:18:00,7825,7825,7825,7825,0
2021-12-28 13:19:00,7825,7825,7825,7825,0
2021-12-28 13:20:00,7825,7825,7825,7825,0
2021-12-28 13:21:00,7825,7825,7825,7825,0
2021-12-28 13:22:00,7825,7825,7825,7825,0
2021-12-28 13:23:00,7825,7825,7825,7825,0
2021-12-28 13:24:00,7825,7825,7825,7825,0
2021-12-28 13:25:00,7825,7825,7825,7825,0
2021-12-28 13:26:00,7825,7825,7825,7825,0
2021-12-28 13:27:00,7825,7825,7825,7825,0
2021-12-28 13:28:00,7825,7825,7825,7825,0
2021-12-28 13:29:00,7825,7825,7825,7825,0
2021-12-28 13:30:00,7825,7800,7825,7825,27400
2021-12-28 13:31:00,7825,7825,7825,7825,32600
2021-12-28 13:32:00,7800,7800,7800,7800,10700
2021-12-28 13:33:00,7800,7800,7825,7825,800
2021-12-28 13:34:00,7825,7825,7825,7825,500
2021-12-28 13:35:00,7825,7825,7825,7825,600
2021-12-28 13:36:00,7825,7800,7825,7800,5300
2021-12-28 13:37:00,7800,7800,7825,7800,12600
2021-12-28 13:38:00,7800,7800,7825,7825,11000
2021-12-28 13:39:00,7825,7825,7825,7825,1000
2021-12-28 13:40:00,7800,7800,7800,7800,1100
2021-12-28 13:41:00,7800,7800,7800,7800,3300
2021-12-28 13:42:00,7800,7800,7800,7800,75700
2021-12-28 13:43:00,7800,7800,7800,7800,100
2021-12-28 13:44:00,7775,7775,7800,7800,25800
2021-12-28 13:45:00,7800,7800,7825,7800,3200
2021-12-28 13:46:00,7800,7800,7800,7800,500
2021-12-28 13:47:00,7800,7800,7825,7800,111200
2021-12-28 13:48:00,7775,7775,7800,7775,41000
2021-12-28 13:49:00,7750,7725,7750,7725,73800
2021-12-28 13:50:00,7725,7725,7725,7725,500
2021-12-28 13:51:00,7725,7700,7725,7700,11400
2021-12-28 13:52:00,7725,7725,7725,7725,800
2021-12-28 13:53:00,7725,7725,7750,7750,21900
2021-12-28 13:54:00,7750,7725,7775,7775,5200
2021-12-28 13:55:00,7775,7775,7775,7775,500
2021-12-28 13:56:00,7775,7725,7775,7750,21000
2021-12-28 13:57:00,7750,7750,7775,7750,2900
2021-12-28 13:58:00,7725,7725,7750,7750,2600
2021-12-28 13:59:00,7750,7725,7750,7725,9100
2021-12-28 14:00:00,7700,7700,7725,7725,14200
2021-12-28 14:01:00,7725,7725,7725,7725,3500
2021-12-28 14:02:00,7725,7725,7750,7750,11000
2021-12-28 14:03:00,7750,7750,7775,7775,6100
2021-12-28 14:04:00,7775,7750,7775,7775,4200
2021-12-28 14:05:00,7775,7750,7775,7775,5300
2021-12-28 14:06:00,7775,7775,7775,7775,3900
2021-12-28 14:07:00,7775,7775,7775,7775,3700
2021-12-28 14:08:00,7775,7775,7800,7800,29700
2021-12-28 14:09:00,7800,7800,7800,7800,15600
2021-12-28 14:10:00,7800,7775,7800,7775,5200
2021-12-28 14:11:00,7775,7750,7775,7775,10100
2021-12-28 14:12:00,7775,7775,7775,7775,2400
2021-12-28 14:13:00,7775,7750,7775,7750,1800
2021-12-28 14:14:00,7775,7750,7775,7750,19300
2021-12-28 14:15:00,7750,7750,7750,7750,800
2021-12-28 14:16:00,7750,7750,7750,7750,6400
2021-12-28 14:17:00,7750,7750,7775,7775,2900
2021-12-28 14:18:00,7750,7750,7775,7750,4400
2021-12-28 14:19:00,7775,7775,7775,7775,3300
2021-12-28 14:20:00,7775,7750,7775,7775,14300
2021-12-28 14:21:00,7775,7750,7775,7775,4700
2021-12-28 14:22:00,7775,7775,7775,7775,1600
2021-12-28 14:23:00,7775,7775,7775,7775,3900
2021-12-28 14:24:00,7775,7750,7775,7775,2200
2021-12-28 14:25:00,7775,7750,7775,7775,6100
2021-12-28 14:26:00,7775,7750,7775,7775,30900
2021-12-28 14:27:00,7775,7750,7775,7750,36300
2021-12-28 14:28:00,7750,7725,7750,7725,1000
2021-12-28 14:29:00,7725,7725,7725,7725,400
2021-12-28 14:30:00,7725,7725,7750,7725,2400
2021-12-28 14:31:00,7750,7725,7750,7725,3100
2021-12-28 14:32:00,7750,7725,7750,7725,3700
2021-12-28 14:33:00,7750,7750,7750,7750,200
2021-12-28 14:34:00,7750,7750,7750,7750,2800
2021-12-28 14:35:00,7750,7725,7750,7750,3200
2021-12-28 14:36:00,7725,7725,7750,7750,11200
2021-12-28 14:37:00,7725,7725,7750,7750,3300
2021-12-28 14:38:00,7750,7725,7750,7725,4500
2021-12-28 14:39:00,7725,7725,7750,7725,9300
2021-12-28 14:40:00,7750,7725,7750,7750,3400
2021-12-28 14:41:00,7750,7725,7750,7750,27600
2021-12-28 14:42:00,7750,7725,7750,7750,67600
2021-12-28 14:43:00,7750,7725,7750,7750,3200
2021-12-28 14:44:00,7750,7750,7750,7750,21400
2021-12-28 14:45:00,7750,7725,7750,7725,24200
2021-12-28 14:46:00,7750,7725,7750,7750,28800
2021-12-28 14:47:00,7750,7750,7750,7750,16100
2021-12-28 14:48:00,7750,7725,7750,7750,42900
2021-12-28 14:49:00,7750,7700,7750,7700,49600
2021-12-28 14:50:00,7750,7700,7750,7700,0
2021-12-28 14:51:00,7750,7700,7750,7700,0
2021-12-28 14:52:00,7750,7700,7750,7700,0
2021-12-28 14:53:00,7750,7700,7750,7700,0
2021-12-28 14:54:00,7750,7700,7750,7700,0
2021-12-28 14:55:00,7750,7700,7750,7700,0
2021-12-28 14:56:00,7750,7700,7750,7700,0
2021-12-28 14:57:00,7750,7700,7750,7700,0
2021-12-28 14:58:00,7750,7700,7750,7700,0
2021-12-28 14:59:00,7750,7700,7750,7700,0
2021-12-28 15:00:00,7700,7700,7700,7700,92000
2021-12-28 15:01:00,7700,7700,7700,7700,20600
2021-12-28 15:02:00,7700,7700,7700,7700,2100
2021-12-28 15:03:00,7700,7700,7700,7700,2800
2021-12-28 15:04:00,7700,7700,7700,7700,8800
2021-12-28 15:05:00,7700,7700,7700,7700,1400
2021-12-28 15:06:00,7700,7700,7700,7700,9000
2021-12-28 15:07:00,7700,7700,7700,7700,11900
2021-12-28 15:08:00,7700,7700,7700,7700,2400
2021-12-28 15:09:00,7700,7700,7700,7700,700
2021-12-28 15:10:00,7700,7700,7700,7700,1800
2021-12-28 15:11:00,7700,7700,7700,7700,0
2021-12-28 15:12:00,7700,7700,7700,7700,2700
2021-12-28 15:13:00,7700,7700,7700,7700,600
2021-12-28 15:14:00,7700,7700,7700,7700,0
2021-12-28 15:15:00,7700,7700,7700,7700,0
2021-12-28 15:16:00,7700,7700,7700,7700,0
2021-12-28 15:17:00,7700,7700,7700,7700,0
2021-12-28 15:18:00,7700,7700,7700,7700,0
2021-12-28 15:19:00,7700,7700,7700,7700,0
2021-12-28 15:20:00,7700,7700,7700,7700,0
2021-12-28 15:21:00,7700,7700,7700,7700,0
2021-12-28 15:22:00,7700,7700,7700,7700,0
2021-12-28 15:23:00,7700,7700,7700,7700,0
2021-12-28 15:24:00,7700,7700,7700,7700,0
2021-12-28 15:25:00,7700,7700,7700,7700,0
2021-12-28 15:26:00,7700,7700,7700,7700,0
2021-12-28 15:27:00,7700,7700,7700,7700,0
2021-12-28 15:28:00,7700,7700,7700,7700,0
2021-12-28 15:29:00,7700,7700,7700,7700,0
2021-12-28 15:30:00,7700,7700,7700,7700,0
2021-12-28 15:31:00,7700,7700,7700,7700,0
2021-12-28 15:32:00,7700,7700,7700,7700,0
2021-12-28 15:33:00,7700,7700,7700,7700,0
2021-12-28 15:34:00,7700,7700,7700,7700,0
2021-12-28 15:35:00,7700,7700,7700,7700,0
2021-12-28 15:36:00,7700,7700,7700,7700,0
2021-12-28 15:37:00,7700,7700,7700,7700,0
2021-12-28 15:38:00,7700,7700,7700,7700,0
2021-12-28 15:39:00,7700,7700,7700,7700,0
2021-12-28 15:40:00,7700,7700,7700,7700,0
2021-12-28 15:41:00,7700,7700,7700,7700,0
2021-12-28 15:42:00,7700,7700,7700,7700,0
2021-12-28 15:43:00,7700,7700,7700,7700,0
2021-12-28 15:44:00,7700,7700,7700,7700,0
2021-12-28 15:45:00,7700,7700,7700,7700,0
2021-12-28 15:46:00,7700,7700,7700,7700,0
2021-12-28 15:47:00,7700,7700,7700,7700,0
2021-12-28 15:48:00,7700,7700,7700,7700,0
2021-12-28 15:49:00,7700,7700,7700,7700,0
2021-12-28 15:50:00,7700,7700,7700,7700,0
2021-12-28 15:51:00,7700,7700,7700,7700,0
2021-12-28 15:52:00,7700,7700,7700,7700,0
2021-12-28 15:53:00,7700,7700,7700,7700,0
2021-12-28 15:54:00,7700,7700,7700,7700,0
2021-12-28 15:55:00,7700,7700,7700,7700,0
2021-12-28 15:56:00,7700,7700,7700,7700,0
2021-12-28 15:57:00,7700,7700,7700,7700,0
2021-12-28 15:58:00,7700,7700,7700,7700,0
2021-12-28 15:59:00,7700,7700,7700,7700,0
2021-12-29 09:00:00,7725,7725,7725,7725,100
2021-12-29 09:01:00,7725,7700,7725,7725,800
2021-12-29 09:02:00,7725,7700,7725,7700,33100
2021-12-29 09:03:00,7700,7700,7725,7725,3500
2021-12-29 09:04:00,7725,7700,7725,7700,1100
2021-12-29 09:05:00,7725,7700,7725,7725,31800
2021-12-29 09:06:00,7700,7700,7725,7725,19300
2021-12-29 09:07:00,7725,7725,7750,7750,2400
2021-12-29 09:08:00,7750,7750,7750,7750,19600
2021-12-29 09:09:00,7750,7750,7750,7750,600
2021-12-29 09:10:00,7775,7775,7800,7800,43900
2021-12-29 09:11:00,7800,7775,7800,7800,58000
2021-12-29 09:12:00,7800,7800,7825,7800,19000
2021-12-29 09:13:00,7800,7800,7825,7825,31200
2021-12-29 09:14:00,7825,7800,7825,7825,21500
2021-12-29 09:15:00,7825,7800,7825,7800,32100
2021-12-29 09:16:00,7800,7750,7800,7750,94600
2021-12-29 09:17:00,7750,7750,7750,7750,1200
2021-12-29 09:18:00,7750,7750,7750,7750,4100
2021-12-29 09:19:00,7750,7750,7750,7750,13700
2021-12-29 09:20:00,7725,7725,7750,7725,3400
2021-12-29 09:21:00,7725,7650,7725,7675,59600
2021-12-29 09:22:00,7675,7675,7700,7675,3800
2021-12-29 09:23:00,7675,7675,7675,7675,3800
2021-12-29 09:24:00,7700,7675,7700,7700,1900
2021-12-29 09:25:00,7675,7675,7700,7675,5700
2021-12-29 09:26:00,7675,7675,7675,7675,1900
2021-12-29 09:27:00,7675,7675,7700,7700,12100
2021-12-29 09:28:00,7700,7675,7700,7675,3600
2021-12-29 09:29:00,7675,7675,7675,7675,2000
2021-12-29 09:30:00,7675,7675,7700,7700,2000
2021-12-29 09:31:00,7700,7675,7700,7675,1400
2021-12-29 09:32:00,7700,7675,7700,7675,900
2021-12-29 09:33:00,7700,7700,7700,7700,17500
2021-12-29 09:34:00,7700,7700,7700,7700,4000
2021-12-29 09:35:00,7700,7700,7700,7700,5700
2021-12-29 09:36:00,7725,7725,7725,7725,1500
2021-12-29 09:37:00,7700,7700,7700,7700,500
2021-12-29 09:38:00,7725,7725,7725,7725,14900
2021-12-29 09:39:00,7725,7725,7725,7725,600
2021-12-29 09:40:00,7725,7725,7725,7725,300
2021-12-29 09:41:00,7750,7750,7750,7750,900
2021-12-29 09:42:00,7750,7750,7750,7750,500
2021-12-29 09:43:00,7725,7725,7750,7750,50700
2021-12-29 09:44:00,7750,7750,7750,7750,6100
2021-12-29 09:45:00,7750,7750,7750,7750,11100
2021-12-29 09:46:00,7750,7750,7750,7750,3000
2021-12-29 09:47:00,7750,7725,7750,7725,500
2021-12-29 09:48:00,7725,7725,7725,7725,5300
2021-12-29 09:49:00,7725,7725,7725,7725,6100
2021-12-29 09:50:00,7725,7725,7725,7725,0
2021-12-29 09:51:00,7725,7725,7725,7725,100
2021-12-29 09:52:00,7725,7725,7725,7725,1400
2021-12-29 09:53:00,7725,7725,7750,7750,500
2021-12-29 09:54:00,7750,7750,7750,7750,500
2021-12-29 09:55:00,7725,7725,7725,7725,300
2021-12-29 09:56:00,7725,7725,7725,7725,0
2021-12-29 09:57:00,7725,7725,7750,7750,300
2021-12-29 09:58:00,7725,7725,7725,7725,1000
2021-12-29 09:59:00,7725,7725,7725,7725,1900
2021-12-29 10:00:00,7725,7725,7725,7725,2200
2021-12-29 10:01:00,7725,7725,7725,7725,700
2021-12-29 10:02:00,7725,7725,7725,7725,15300
2021-12-29 10:03:00,7725,7725,7725,7725,0
2021-12-29 10:04:00,7725,7725,7725,7725,100
2021-12-29 10:05:00,7725,7725,7725,7725,19000
2021-12-29 10:06:00,7725,7725,7725,7725,300
2021-12-29 10:07:00,7725,7725,7750,7750,31500
2021-12-29 10:08:00,7750,7750,7750,7750,2100
2021-12-29 10:09:00,7775,7775,7775,7775,26300
2021-12-29 10:10:00,7775,7775,7775,7775,2800
2021-12-29 10:11:00,7775,7775,7775,7775,0
2021-12-29 10:12:00,7775,7775,7800,7775,21000
2021-12-29 10:13:00,7775,7775,7775,7775,1100
2021-12-29 10:14:00,7800,7800,7825,7825,148200
2021-12-29 10:15:00,7825,7800,7825,7800,32400
2021-12-29 10:16:00,7825,7800,7825,7825,13100
2021-12-29 10:17:00,7825,7825,7825,7825,8300
2021-12-29 10:18:00,7825,7825,7825,7825,28700
2021-12-29 10:19:00,7800,7800,7850,7850,29200
2021-12-29 10:20:00,7850,7825,7850,7850,4000
2021-12-29 10:21:00,7850,7850,7850,7850,127300
2021-12-29 10:22:00,7850,7825,7850,7825,13200
2021-12-29 10:23:00,7825,7825,7850,7850,1600
2021-12-29 10:24:00,7850,7825,7850,7825,2400
2021-12-29 10:25:00,7825,7825,7825,7825,4200
2021-12-29 10:26:00,7825,7825,7850,7825,25300
2021-12-29 10:27:00,7825,7825,7850,7825,0
2021-12-29 10:28:00,7800,7800,7825,7825,800
2021-12-29 10:29:00,7800,7800,7825,7825,0
2021-12-29 10:30:00,7800,7800,7825,7825,31700
2021-12-29 10:31:00,7825,7825,7825,7825,300
2021-12-29 10:32:00,7825,7825,7825,7825,14800
2021-12-29 10:33:00,7825,7800,7825,7800,5300
2021-12-29 10:34:00,7800,7800,7825,7800,19800
2021-12-29 10:35:00,7800,7800,7825,7825,14800
2021-12-29 10:36:00,7800,7800,7825,7825,0
2021-12-29 10:37:00,7800,7800,7800,7800,1600
2021-12-29 10:38:00,7800,7800,7800,7800,1200
2021-12-29 10:39:00,7800,7800,7800,7800,12100
2021-12-29 10:40:00,7800,7800,7800,7800,1100
2021-12-29 10:41:00,7800,7800,7825,7825,500
2021-12-29 10:42:00,7825,7825,7825,7825,3000
2021-12-29 10:43:00,7825,7800,7825,7800,57200
2021-12-29 10:44:00,7825,7800,7825,7800,13200
2021-12-29 10:45:00,7825,7825,7825,7825,400
2021-12-29 10:46:00,7825,7825,7825,7825,100
2021-12-29 10:47:00,7825,7825,7825,7825,0
2021-12-29 10:48:00,7800,7800,7800,7800,200
2021-12-29 10:49:00,7800,7800,7800,7800,0
2021-12-29 10:50:00,7800,7800,7800,7800,0
2021-12-29 10:51:00,7800,7800,7800,7800,1200
2021-12-29 10:52:00,7800,7800,7800,7800,11100
2021-12-29 10:53:00,7800,7800,7800,7800,100
2021-12-29 10:54:00,7800,7800,7800,7800,2000
2021-12-29 10:55:00,7800,7800,7800,7800,4900
2021-12-29 10:56:00,7800,7800,7800,7800,0
2021-12-29 10:57:00,7800,7800,7800,7800,0
2021-12-29 10:58:00,7800,7800,7800,7800,900
2021-12-29 10:59:00,7800,7800,7800,7800,2500
2021-12-29 11:00:00,7800,7800,7800,7800,500
2021-12-29 11:01:00,7825,7825,7825,7825,100
2021-12-29 11:02:00,7800,7800,7800,7800,700
2021-12-29 11:03:00,7800,7800,7800,7800,300
2021-12-29 11:04:00,7800,7800,7800,7800,4200
2021-12-29 11:05:00,7800,7800,7800,7800,500
2021-12-29 11:06:00,7800,7800,7825,7825,4300
2021-12-29 11:07:00,7825,7825,7825,7825,1300
2021-12-29 11:08:00,7800,7800,7800,7800,2000
2021-12-29 11:09:00,7800,7800,7800,7800,2100
2021-12-29 11:10:00,7800,7800,7800,7800,5100
2021-12-29 11:11:00,7825,7825,7825,7825,300
2021-12-29 11:12:00,7800,7800,7800,7800,6700
2021-12-29 11:13:00,7800,7800,7800,7800,0
2021-12-29 11:14:00,7800,7800,7800,7800,20200
2021-12-29 11:15:00,7800,7800,7800,7800,18400
2021-12-29 11:16:00,7800,7800,7800,7800,5000
2021-12-29 11:17:00,7800,7800,7800,7800,174300
2021-12-29 11:18:00,7800,7800,7800,7800,55100
2021-12-29 11:19:00,7800,7800,7800,7800,49100
2021-12-29 11:20:00,7800,7775,7800,7775,60600
2021-12-29 11:21:00,7800,7775,7800,7775,0
2021-12-29 11:22:00,7750,7750,7750,7750,1200
2021-12-29 11:23:00,7750,7750,7750,7750,8100
2021-12-29 11:24:00,7750,7750,7750,7750,1100
2021-12-29 11:25:00,7750,7750,7750,7750,1500
2021-12-29 11:26:00,7750,7750,7750,7750,2200
2021-12-29 11:27:00,7750,7750,7750,7750,100
2021-12-29 11:28:00,7750,7750,7750,7750,5200
2021-12-29 11:29:00,7750,7750,7750,7750,7000
2021-12-29 11:30:00,7750,7750,7750,7750,0
2021-12-29 11:31:00,7750,7750,7750,7750,0
2021-12-29 11:32:00,7750,7750,7750,7750,0
2021-12-29 11:33:00,7750,7750,7750,7750,0
2021-12-29 11:34:00,7750,7750,7750,7750,0
2021-12-29 11:35:00,7750,7750,7750,7750,0
2021-12-29 11:36:00,7750,7750,7750,7750,0
2021-12-29 11:37:00,7750,7750,7750,7750,0
2021-12-29 11:38:00,7750,7750,7750,7750,0
2021-12-29 11:39:00,7750,7750,7750,7750,0
2021-12-29 11:40:00,7750,7750,7750,7750,0
2021-12-29 11:41:00,7750,7750,7750,7750,0
2021-12-29 11:42:00,7750,7750,7750,7750,0
2021-12-29 11:43:00,7750,7750,7750,7750,0
2021-12-29 11:44:00,7750,7750,7750,7750,0
2021-12-29 11:45:00,7750,7750,7750,7750,0
2021-12-29 11:46:00,7750,7750,7750,7750,0
2021-12-29 11:47:00,7750,7750,7750,7750,0
2021-12-29 11:48:00,7750,7750,7750,7750,0
2021-12-29 11:49:00,7750,7750,7750,7750,0
2021-12-29 11:50:00,7750,7750,7750,7750,0
2021-12-29 11:51:00,7750,7750,7750,7750,0
2021-12-29 11:52:00,7750,7750,7750,7750,0
2021-12-29 11:53:00,7750,7750,7750,7750,0
2021-12-29 11:54:00,7750,7750,7750,7750,0
2021-12-29 11:55:00,7750,7750,7750,7750,0
2021-12-29 11:56:00,7750,7750,7750,7750,0
2021-12-29 11:57:00,7750,7750,7750,7750,0
2021-12-29 11:58:00,7750,7750,7750,7750,0
2021-12-29 11:59:00,7750,7750,7750,7750,0
2021-12-29 12:00:00,7750,7750,7750,7750,0
2021-12-29 12:01:00,7750,7750,7750,7750,0
2021-12-29 12:02:00,7750,7750,7750,7750,0
2021-12-29 12:03:00,7750,7750,7750,7750,0
2021-12-29 12:04:00,7750,7750,7750,7750,0
2021-12-29 12:05:00,7750,7750,7750,7750,0
2021-12-29 12:06:00,7750,7750,7750,7750,0
2021-12-29 12:07:00,7750,7750,7750,7750,0
2021-12-29 12:08:00,7750,7750,7750,7750,0
2021-12-29 12:09:00,7750,7750,7750,7750,0
2021-12-29 12:10:00,7750,7750,7750,7750,0
2021-12-29 12:11:00,7750,7750,7750,7750,0
2021-12-29 12:12:00,7750,7750,7750,7750,0
2021-12-29 12:13:00,7750,7750,7750,7750,0
2021-12-29 12:14:00,7750,7750,7750,7750,0
2021-12-29 12:15:00,7750,7750,7750,7750,0
2021-12-29 12:16:00,7750,7750,7750,7750,0
2021-12-29 12:17:00,7750,7750,7750,7750,0
2021-12-29 12:18:00,7750,7750,7750,7750,0
2021-12-29 12:19:00,7750,7750,7750,7750,0
2021-12-29 12:20:00,7750,7750,7750,7750,0
2021-12-29 12:21:00,7750,7750,7750,7750,0
2021-12-29 12:22:00,7750,7750,7750,7750,0
2021-12-29 12:23:00,7750,7750,7750,7750,0
2021-12-29 12:24:00,7750,7750,7750,7750,0
2021-12-29 12:25:00,7750,7750,7750,7750,0
2021-12-29 12:26:00,7750,7750,7750,7750,0
2021-12-29 12:27:00,7750,7750,7750,7750,0
2021-12-29 12:28:00,7750,7750,7750,7750,0
2021-12-29 12:29:00,7750,7750,7750,7750,0
2021-12-29 12:30:00,7750,7750,7750,7750,0
2021-12-29 12:31:00,7750,7750,7750,7750,0
2021-12-29 12:32:00,7750,7750,7750,7750,0
2021-12-29 12:33:00,7750,7750,7750,7750,0
2021-12-29 12:34:00,7750,7750,7750,7750,0
2021-12-29 12:35:00,7750,7750,7750,7750,0
2021-12-29 12:36:00,7750,7750,7750,7750,0
2021-12-29 12:37:00,7750,7750,7750,7750,0
2021-12-29 12:38:00,7750,7750,7750,7750,0
2021-12-29 12:39:00,7750,7750,7750,7750,0
2021-12-29 12:40:00,7750,7750,7750,7750,0
2021-12-29 12:41:00,7750,7750,7750,7750,0
2021-12-29 12:42:00,7750,7750,7750,7750,0
2021-12-29 12:43:00,7750,7750,7750,7750,0
2021-12-29 12:44:00,7750,7750,7750,7750,0
2021-12-29 12:45:00,7750,7750,7750,7750,0
2021-12-29 12:46:00,7750,7750,7750,7750,0
2021-12-29 12:47:00,7750,7750,7750,7750,0
2021-12-29 12:48:00,7750,7750,7750,7750,0
2021-12-29 12:49:00,7750,7750,7750,7750,0
2021-12-29 12:50:00,7750,7750,7750,7750,0
2021-12-29 12:51:00,7750,7750,7750,7750,0
2021-12-29 12:52:00,7750,7750,7750,7750,0
2021-12-29 12:53:00,7750,7750,7750,7750,0
2021-12-29 12:54:00,7750,7750,7750,7750,0
2021-12-29 12:55:00,7750,7750,7750,7750,0
2021-12-29 12:56:00,7750,7750,7750,7750,0
2021-12-29 12:57:00,7750,7750,7750,7750,0
2021-12-29 12:58:00,7750,7750,7750,7750,0
2021-12-29 12:59:00,7750,7750,7750,7750,0
2021-12-29 13:00:00,7750,7750,7750,7750,0
2021-12-29 13:01:00,7750,7750,7750,7750,0
2021-12-29 13:02:00,7750,7750,7750,7750,0
2021-12-29 13:03:00,7750,7750,7750,7750,0
2021-12-29 13:04:00,7750,7750,7750,7750,0
2021-12-29 13:05:00,7750,7750,7750,7750,0
2021-12-29 13:06:00,7750,7750,7750,7750,0
2021-12-29 13:07:00,7750,7750,7750,7750,0
2021-12-29 13:08:00,7750,7750,7750,7750,0
2021-12-29 13:09:00,7750,7750,7750,7750,0
2021-12-29 13:10:00,7750,7750,7750,7750,0
2021-12-29 13:11:00,7750,7750,7750,7750,0
2021-12-29 13:12:00,7750,7750,7750,7750,0
2021-12-29 13:13:00,7750,7750,7750,7750,0
2021-12-29 13:14:00,7750,7750,7750,7750,0
2021-12-29 13:15:00,7750,7750,7750,7750,0
2021-12-29 13:16:00,7750,7750,7750,7750,0
2021-12-29 13:17:00,7750,7750,7750,7750,0
2021-12-29 13:18:00,7750,7750,7750,7750,0
2021-12-29 13:19:00,7750,7750,7750,7750,0
2021-12-29 13:20:00,7750,7750,7750,7750,0
2021-12-29 13:21:00,7750,7750,7750,7750,0
2021-12-29 13:22:00,7750,7750,7750,7750,0
2021-12-29 13:23:00,7750,7750,7750,7750,0
2021-12-29 13:24:00,7750,7750,7750,7750,0
2021-12-29 13:25:00,7750,7750,7750,7750,0
2021-12-29 13:26:00,7750,7750,7750,7750,0
2021-12-29 13:27:00,7750,7750,7750,7750,0
2021-12-29 13:28:00,7750,7750,7750,7750,0
2021-12-29 13:29:00,7750,7750,7750,7750,0
2021-12-29 13:30:00,7750,7750,7775,7750,21700
2021-12-29 13:31:00,7750,7750,7750,7750,3900
2021-12-29 13:32:00,7750,7750,7750,7750,0
2021-12-29 13:33:00,7750,7750,7750,7750,0
2021-12-29 13:34:00,7750,7750,7750,7750,28200
2021-12-29 13:35:00,7750,7750,7750,7750,0
2021-12-29 13:36:00,7750,7750,7750,7750,3500
2021-12-29 13:37:00,7725,7725,7750,7750,1100
2021-12-29 13:38:00,7725,7725,7725,7725,3400
2021-12-29 13:39:00,7725,7725,7725,7725,0
2021-12-29 13:40:00,7750,7725,7750,7750,3700
2021-12-29 13:41:00,7750,7750,7750,7750,900
2021-12-29 13:42:00,7750,7750,7750,7750,2500
2021-12-29 13:43:00,7750,7750,7750,7750,500
2021-12-29 13:44:00,7750,7750,7750,7750,1900
2021-12-29 13:45:00,7750,7750,7750,7750,0
2021-12-29 13:46:00,7750,7750,7750,7750,1700
2021-12-29 13:47:00,7750,7750,7750,7750,1500
2021-12-29 13:48:00,7750,7750,7750,7750,1000
2021-12-29 13:49:00,7750,7750,7750,7750,100
2021-12-29 13:50:00,7750,7750,7750,7750,4900
2021-12-29 13:51:00,7750,7750,7750,7750,500
2021-12-29 13:52:00,7750,7750,7750,7750,1400
2021-12-29 13:53:00,7750,7750,7750,7750,9000
2021-12-29 13:54:00,7750,7750,7750,7750,0
2021-12-29 13:55:00,7750,7750,7750,7750,0
2021-12-29 13:56:00,7750,7750,7750,7750,1300
2021-12-29 13:57:00,7750,7750,7750,7750,0
2021-12-29 13:58:00,7750,7750,7750,7750,0
2021-12-29 13:59:00,7750,7750,7750,7750,1800
2021-12-29 14:00:00,7750,7750,7750,7750,600
2021-12-29 14:01:00,7750,7750,7750,7750,8600
2021-12-29 14:02:00,7750,7750,7750,7750,5400
2021-12-29 14:03:00,7750,7750,7750,7750,1500
2021-12-29 14:04:00,7750,7750,7750,7750,9100
2021-12-29 14:05:00,7750,7725,7750,7725,200
2021-12-29 14:06:00,7725,7725,7725,7725,1600
2021-12-29 14:07:00,7725,7725,7725,7725,1400
2021-12-29 14:08:00,7725,7725,7725,7725,0
2021-12-29 14:09:00,7725,7725,7725,7725,18700
2021-12-29 14:10:00,7725,7725,7725,7725,20100
2021-12-29 14:11:00,7725,7725,7725,7725,1700
2021-12-29 14:12:00,7725,7725,7750,7725,3700
2021-12-29 14:13:00,7725,7725,7725,7725,1500
2021-12-29 14:14:00,7725,7725,7725,7725,30600
2021-12-29 14:15:00,7725,7725,7725,7725,200
2021-12-29 14:16:00,7725,7725,7725,7725,3600
2021-12-29 14:17:00,7725,7725,7725,7725,600
2021-12-29 14:18:00,7725,7725,7725,7725,12400
2021-12-29 14:19:00,7725,7725,7750,7725,9500
2021-12-29 14:20:00,7725,7725,7725,7725,1100
2021-12-29 14:21:00,7725,7725,7725,7725,500
2021-12-29 14:22:00,7725,7725,7725,7725,2500
2021-12-29 14:23:00,7725,7725,7750,7750,1600
2021-12-29 14:24:00,7725,7725,7725,7725,900
2021-12-29 14:25:00,7725,7725,7725,7725,0
2021-12-29 14:26:00,7725,7725,7725,7725,900
2021-12-29 14:27:00,7725,7725,7725,7725,1400
2021-12-29 14:28:00,7725,7725,7725,7725,500
2021-12-29 14:29:00,7725,7725,7725,7725,2000
2021-12-29 14:30:00,7725,7725,7725,7725,400
2021-12-29 14:31:00,7725,7725,7725,7725,9900
2021-12-29 14:32:00,7725,7725,7750,7750,49800
2021-12-29 14:33:00,7750,7750,7750,7750,700
2021-12-29 14:34:00,7750,7750,7750,7750,4400
2021-12-29 14:35:00,7750,7750,7750,7750,600
2021-12-29 14:36:00,7750,7750,7750,7750,900
2021-12-29 14:37:00,7750,7750,7750,7750,20400
2021-12-29 14:38:00,7750,7750,7775,7775,4100
2021-12-29 14:39:00,7750,7750,7750,7750,600
2021-12-29 14:40:00,7750,7750,7750,7750,900
2021-12-29 14:41:00,7750,7725,7750,7725,23400
2021-12-29 14:42:00,7725,7725,7725,7725,6900
2021-12-29 14:43:00,7750,7725,7750,7725,5300
2021-12-29 14:44:00,7725,7700,7725,7725,44100
2021-12-29 14:45:00,7725,7700,7725,7725,32100
2021-12-29 14:46:00,7725,7725,7725,7725,48100
2021-12-29 14:47:00,7725,7725,7750,7725,4000
2021-12-29 14:48:00,7750,7725,7750,7725,2700
2021-12-29 14:49:00,7750,7725,7750,7750,5600
2021-12-29 14:50:00,7750,7725,7750,7750,0
2021-12-29 14:51:00,7750,7725,7750,7750,0
2021-12-29 14:52:00,7750,7725,7750,7750,0
2021-12-29 14:53:00,7750,7725,7750,7750,0
2021-12-29 14:54:00,7750,7725,7750,7750,0
2021-12-29 14:55:00,7750,7725,7750,7750,0
2021-12-29 14:56:00,7750,7725,7750,7750,0
2021-12-29 14:57:00,7750,7725,7750,7750,0
2021-12-29 14:58:00,7750,7725,7750,7750,0
2021-12-29 14:59:00,7750,7725,7750,7750,0
2021-12-29 15:00:00,7725,7725,7725,7725,67100
2021-12-29 15:01:00,7725,7725,7725,7725,2400
2021-12-29 15:02:00,7725,7725,7725,7725,0
2021-12-29 15:03:00,7725,7725,7725,7725,40900
2021-12-29 15:04:00,7725,7725,7725,7725,22900
2021-12-29 15:05:00,7725,7725,7725,7725,300
2021-12-29 15:06:00,7725,7725,7725,7725,100
2021-12-29 15:07:00,7725,7725,7725,7725,4800
2021-12-29 15:08:00,7725,7725,7725,7725,0
2021-12-29 15:09:00,7725,7725,7725,7725,100
2021-12-29 15:10:00,7725,7725,7725,7725,900
2021-12-29 15:11:00,7725,7725,7725,7725,0
2021-12-29 15:12:00,7725,7725,7725,7725,200
2021-12-29 15:13:00,7725,7725,7725,7725,100
2021-12-29 15:14:00,7725,7725,7725,7725,0
2021-12-29 15:15:00,7725,7725,7725,7725,0
2021-12-29 15:16:00,7725,7725,7725,7725,0
2021-12-29 15:17:00,7725,7725,7725,7725,0
2021-12-29 15:18:00,7725,7725,7725,7725,0
2021-12-29 15:19:00,7725,7725,7725,7725,0
2021-12-29 15:20:00,7725,7725,7725,7725,0
2021-12-29 15:21:00,7725,7725,7725,7725,0
2021-12-29 15:22:00,7725,7725,7725,7725,0
2021-12-29 15:23:00,7725,7725,7725,7725,0
2021-12-29 15:24:00,7725,7725,7725,7725,0
2021-12-29 15:25:00,7725,7725,7725,7725,0
2021-12-29 15:26:00,7725,7725,7725,7725,0
2021-12-29 15:27:00,7725,7725,7725,7725,0
2021-12-29 15:28:00,7725,7725,7725,7725,0
2021-12-29 15:29:00,7725,7725,7725,7725,0
2021-12-29 15:30:00,7725,7725,7725,7725,0
2021-12-29 15:31:00,7725,7725,7725,7725,0
2021-12-29 15:32:00,7725,7725,7725,7725,0
2021-12-29 15:33:00,7725,7725,7725,7725,0
2021-12-29 15:34:00,7725,7725,7725,7725,0
2021-12-29 15:35:00,7725,7725,7725,7725,0
2021-12-29 15:36:00,7725,7725,7725,7725,0
2021-12-29 15:37:00,7725,7725,7725,7725,0
2021-12-29 15:38:00,7725,7725,7725,7725,0
2021-12-29 15:39:00,7725,7725,7725,7725,0
2021-12-29 15:40:00,7725,7725,7725,7725,0
2021-12-29 15:41:00,7725,7725,7725,7725,0
2021-12-29 15:42:00,7725,7725,7725,7725,0
2021-12-29 15:43:00,7725,7725,7725,7725,0
2021-12-29 15:44:00,7725,7725,7725,7725,0
2021-12-29 15:45:00,7725,7725,7725,7725,0
2021-12-29 15:46:00,7725,7725,7725,7725,0
2021-12-29 15:47:00,7725,7725,7725,7725,0
2021-12-29 15:48:00,7725,7725,7725,7725,0
2021-12-29 15:49:00,7725,7725,7725,7725,0
2021-12-29 15:50:00,7725,7725,7725,7725,0
2021-12-29 15:51:00,7725,7725,7725,7725,0
2021-12-29 15:52:00,7725,7725,7725,7725,0
2021-12-29 15:53:00,7725,7725,7725,7725,0
2021-12-29 15:54:00,7725,7725,7725,7725,0
2021-12-29 15:55:00,7725,7725,7725,7725,0
2021-12-29 15:56:00,7725,7725,7725,7725,0
2021-12-29 15:57:00,7725,7725,7725,7725,0
2021-12-29 15:58:00,7725,7725,7725,7725,0
2021-12-29 15:59:00,7725,7725,7725,7725,0
2021-12-30 09:00:00,7750,7725,7750,7750,8600
2021-12-30 09:01:00,7775,7750,7775,7750,7600
2021-12-30 09:02:00,7775,7750,7775,7775,6200
2021-12-30 09:03:00,7775,7775,7775,7775,1500
2021-12-30 09:04:00,7775,7775,7775,7775,3200
2021-12-30 09:05:00,7775,7750,7775,7775,13000
2021-12-30 09:06:00,7775,7750,7775,7750,1900
2021-12-30 09:07:00,7750,7750,7750,7750,10200
2021-12-30 09:08:00,7750,7725,7750,7750,2900
2021-12-30 09:09:00,7750,7750,7750,7750,4000
2021-12-30 09:10:00,7750,7750,7775,7775,5900
2021-12-30 09:11:00,7775,7775,7775,7775,1500
2021-12-30 09:12:00,7775,7775,7775,7775,0
2021-12-30 09:13:00,7750,7750,7750,7750,700
2021-12-30 09:14:00,7750,7750,7775,7775,21900
2021-12-30 09:15:00,7750,7750,7775,7775,0
2021-12-30 09:16:00,7750,7750,7775,7775,5400
2021-12-30 09:17:00,7750,7750,7750,7750,1100
2021-12-30 09:18:00,7725,7725,7725,7725,17600
2021-12-30 09:19:00,7725,7725,7725,7725,900
2021-12-30 09:20:00,7725,7725,7725,7725,2000
2021-12-30 09:21:00,7725,7725,7725,7725,39700
2021-12-30 09:22:00,7725,7725,7725,7725,0
2021-12-30 09:23:00,7700,7700,7700,7700,200
2021-12-30 09:24:00,7700,7700,7725,7700,4700
2021-12-30 09:25:00,7700,7700,7700,7700,102200
2021-12-30 09:26:00,7675,7675,7700,7675,3100
2021-12-30 09:27:00,7675,7675,7700,7700,6600
2021-12-30 09:28:00,7675,7675,7700,7700,0
2021-12-30 09:29:00,7675,7650,7675,7650,14300
2021-12-30 09:30:00,7650,7650,7675,7675,7600
2021-12-30 09:31:00,7650,7650,7650,7650,43000
2021-12-30 09:32:00,7650,7650,7650,7650,34200
2021-12-30 09:33:00,7650,7625,7650,7625,3300
2021-12-30 09:34:00,7625,7625,7650,7650,40200
2021-12-30 09:35:00,7650,7625,7650,7625,15900
2021-12-30 09:36:00,7650,7650,7650,7650,12300
2021-12-30 09:37:00,7650,7650,7650,7650,0
2021-12-30 09:38:00,7650,7650,7650,7650,32400
2021-12-30 09:39:00,7650,7650,7650,7650,0
2021-12-30 09:40:00,7650,7650,7650,7650,17800
2021-12-30 09:41:00,7650,7650,7650,7650,11000
2021-12-30 09:42:00,7650,7625,7650,7650,6300
2021-12-30 09:43:00,7650,7650,7650,7650,100
2021-12-30 09:44:00,7650,7650,7650,7650,100
2021-12-30 09:45:00,7650,7650,7650,7650,2600
2021-12-30 09:46:00,7650,7650,7650,7650,0
2021-12-30 09:47:00,7650,7650,7650,7650,0
2021-12-30 09:48:00,7650,7650,7650,7650,0
2021-12-30 09:49:00,7650,7650,7650,7650,0
2021-12-30 09:50:00,7650,7650,7650,7650,1300
2021-12-30 09:51:00,7625,7625,7650,7625,145000
2021-12-30 09:52:00,7625,7625,7625,7625,2300
2021-12-30 09:53:00,7600,7575,7600,7600,147500
2021-12-30 09:54:00,7600,7600,7600,7600,4600
2021-12-30 09:55:00,7575,7575,7600,7575,9500
2021-12-30 09:56:00,7575,7575,7575,7575,18900
2021-12-30 09:57:00,7575,7575,7575,7575,10600
2021-12-30 09:58:00,7575,7575,7600,7600,3200
2021-12-30 09:59:00,7600,7575,7600,7575,35900
2021-12-30 10:00:00,7600,7600,7600,7600,4100
2021-12-30 10:01:00,7600,7575,7600,7575,3900
2021-12-30 10:02:00,7575,7575,7600,7600,3600
2021-12-30 10:03:00,7600,7575,7600,7575,24200
2021-12-30 10:04:00,7575,7575,7575,7575,2200
2021-12-30 10:05:00,7575,7575,7600,7600,1000
2021-12-30 10:06:00,7575,7575,7600,7600,0
2021-12-30 10:07:00,7575,7575,7600,7575,18500
2021-12-30 10:08:00,7575,7575,7600,7600,600
2021-12-30 10:09:00,7600,7600,7600,7600,100
2021-12-30 10:10:00,7600,7575,7600,7600,1800
2021-12-30 10:11:00,7600,7575,7600,7575,1400
2021-12-30 10:12:00,7600,7575,7600,7575,2000
2021-12-30 10:13:00,7600,7575,7600,7600,13600
2021-12-30 10:14:00,7600,7600,7600,7600,9000
2021-12-30 10:15:00,7600,7600,7600,7600,1900
2021-12-30 10:16:00,7600,7600,7600,7600,1600
2021-12-30 10:17:00,7600,7600,7600,7600,1600
2021-12-30 10:18:00,7600,7600,7600,7600,500
2021-12-30 10:19:00,7575,7575,7600,7575,5700
2021-12-30 10:20:00,7600,7600,7600,7600,6600
2021-12-30 10:21:00,7600,7600,7600,7600,11700
2021-12-30 10:22:00,7625,7625,7625,7625,1700
2021-12-30 10:23:00,7600,7600,7625,7625,1600
2021-12-30 10:24:00,7600,7600,7600,7600,400
2021-12-30 10:25:00,7600,7600,7625,7625,800
2021-12-30 10:26:00,7625,7600,7625,7600,6200
2021-12-30 10:27:00,7625,7625,7625,7625,2600
2021-12-30 10:28:00,7600,7600,7600,7600,1000
2021-12-30 10:29:00,7625,7600,7625,7625,500
2021-12-30 10:30:00,7625,7600,7625,7600,1600
2021-12-30 10:31:00,7600,7600,7600,7600,2300
2021-12-30 10:32:00,7600,7600,7600,7600,0
2021-12-30 10:33:00,7600,7600,7625,7625,4000
2021-12-30 10:34:00,7600,7600,7600,7600,800
2021-12-30 10:35:00,7625,7625,7625,7625,4000
2021-12-30 10:36:00,7625,7625,7625,7625,200
2021-12-30 10:37:00,7625,7600,7625,7600,14700
2021-12-30 10:38:00,7625,7600,7625,7600,98700
2021-12-30 10:39:00,7600,7575,7600,7575,6100
2021-12-30 10:40:00,7575,7575,7575,7575,47400
2021-12-30 10:41:00,7575,7575,7575,7575,4000
2021-12-30 10:42:00,7575,7575,7575,7575,9100
2021-12-30 10:43:00,7575,7575,7575,7575,100
2021-12-30 10:44:00,7575,7550,7575,7575,6800
2021-12-30 10:45:00,7550,7550,7575,7550,1700
2021-12-30 10:46:00,7550,7550,7575,7550,0
2021-12-30 10:47:00,7550,7550,7575,7575,5600
2021-12-30 10:48:00,7575,7550,7575,7575,15800
2021-12-30 10:49:00,7575,7575,7575,7575,10900
2021-12-30 10:50:00,7575,7575,7575,7575,2000
2021-12-30 10:51:00,7575,7575,7575,7575,600
2021-12-30 10:52:00,7575,7575,7575,7575,55100
2021-12-30 10:53:00,7575,7575,7575,7575,0
2021-12-30 10:54:00,7575,7575,7575,7575,400
2021-12-30 10:55:00,7575,7575,7600,7600,9400
2021-12-30 10:56:00,7575,7575,7600,7600,600
2021-12-30 10:57:00,7600,7600,7600,7600,13100
2021-12-30 10:58:00,7600,7600,7600,7600,200
2021-12-30 10:59:00,7600,7575,7600,7575,6500
2021-12-30 11:00:00,7575,7575,7600,7600,1700
2021-12-30 11:01:00,7600,7600,7600,7600,100
2021-12-30 11:02:00,7575,7575,7575,7575,600
2021-12-30 11:03:00,7575,7575,7575,7575,200
2021-12-30 11:04:00,7575,7575,7575,7575,0
2021-12-30 11:05:00,7600,7575,7600,7575,2700
2021-12-30 11:06:00,7575,7575,7575,7575,8100
2021-12-30 11:07:00,7600,7600,7600,7600,2000
2021-12-30 11:08:00,7600,7600,7600,7600,0
2021-12-30 11:09:00,7600,7600,7600,7600,1600
2021-12-30 11:10:00,7600,7575,7600,7575,2100
2021-12-30 11:11:00,7600,7575,7600,7575,0
2021-12-30 11:12:00,7575,7575,7575,7575,2300
2021-12-30 11:13:00,7575,7575,7575,7575,0
2021-12-30 11:14:00,7575,7575,7575,7575,1600
2021-12-30 11:15:00,7600,7575,7600,7575,300
2021-12-30 11:16:00,7575,7575,7575,7575,8400
2021-12-30 11:17:00,7575,7575,7575,7575,400
2021-12-30 11:18:00,7575,7575,7575,7575,0
2021-12-30 11:19:00,7600,7600,7600,7600,28700
2021-12-30 11:20:00,7600,7575,7600,7575,22000
2021-12-30 11:21:00,7575,7575,7575,7575,22600
2021-12-30 11:22:00,7575,7575,7575,7575,37100
2021-12-30 11:23:00,7575,7575,7575,7575,0
2021-12-30 11:24:00,7575,7550,7575,7550,45400
2021-12-30 11:25:00,7550,7550,7575,7550,300
2021-12-30 11:26:00,7575,7575,7575,7575,50900
2021-12-30 11:27:00,7550,7550,7550,7550,21000
2021-12-30 11:28:00,7550,7550,7550,7550,0
2021-12-30 11:29:00,7550,7550,7550,7550,1000
2021-12-30 11:30:00,7550,7550,7550,7550,0
2021-12-30 11:31:00,7550,7550,7550,7550,0
2021-12-30 11:32:00,7550,7550,7550,7550,0
2021-12-30 11:33:00,7550,7550,7550,7550,0
2021-12-30 11:34:00,7550,7550,7550,7550,0
2021-12-30 11:35:00,7550,7550,7550,7550,0
2021-12-30 11:36:00,7550,7550,7550,7550,0
2021-12-30 11:37:00,7550,7550,7550,7550,0
2021-12-30 11:38:00,7550,7550,7550,7550,0
2021-12-30 11:39:00,7550,7550,7550,7550,0
2021-12-30 11:40:00,7550,7550,7550,7550,0
2021-12-30 11:41:00,7550,7550,7550,7550,0
2021-12-30 11:42:00,7550,7550,7550,7550,0
2021-12-30 11:43:00,7550,7550,7550,7550,0
2021-12-30 11:44:00,7550,7550,7550,7550,0
2021-12-30 11:45:00,7550,7550,7550,7550,0
2021-12-30 11:46:00,7550,7550,7550,7550,0
2021-12-30 11:47:00,7550,7550,7550,7550,0
2021-12-30 11:48:00,7550,7550,7550,7550,0
2021-12-30 11:49:00,7550,7550,7550,7550,0
2021-12-30 11:50:00,7550,7550,7550,7550,0
2021-12-30 11:51:00,7550,7550,7550,7550,0
2021-12-30 11:52:00,7550,7550,7550,7550,0
2021-12-30 11:53:00,7550,7550,7550,7550,0
2021-12-30 11:54:00,7550,7550,7550,7550,0
2021-12-30 11:55:00,7550,7550,7550,7550,0
2021-12-30 11:56:00,7550,7550,7550,7550,0
2021-12-30 11:57:00,7550,7550,7550,7550,0
2021-12-30 11:58:00,7550,7550,7550,7550,0
2021-12-30 11:59:00,7550,7550,7550,7550,0
2021-12-30 12:00:00,7550,7550,7550,7550,0
2021-12-30 12:01:00,7550,7550,7550,7550,0
2021-12-30 12:02:00,7550,7550,7550,7550,0
2021-12-30 12:03:00,7550,7550,7550,7550,0
2021-12-30 12:04:00,7550,7550,7550,7550,0
2021-12-30 12:05:00,7550,7550,7550,7550,0
2021-12-30 12:06:00,7550,7550,7550,7550,0
2021-12-30 12:07:00,7550,7550,7550,7550,0
2021-12-30 12:08:00,7550,7550,7550,7550,0
2021-12-30 12:09:00,7550,7550,7550,7550,0
2021-12-30 12:10:00,7550,7550,7550,7550,0
2021-12-30 12:11:00,7550,7550,7550,7550,0
2021-12-30 12:12:00,7550,7550,7550,7550,0
2021-12-30 12:13:00,7550,7550,7550,7550,0
2021-12-30 12:14:00,7550,7550,7550,7550,0
2021-12-30 12:15:00,7550,7550,7550,7550,0
2021-12-30 12:16:00,7550,7550,7550,7550,0
2021-12-30 12:17:00,7550,7550,7550,7550,0
2021-12-30 12:18:00,7550,7550,7550,7550,0
2021-12-30 12:19:00,7550,7550,7550,7550,0
2021-12-30 12:20:00,7550,7550,7550,7550,0
2021-12-30 12:21:00,7550,7550,7550,7550,0
2021-12-30 12:22:00,7550,7550,7550,7550,0
2021-12-30 12:23:00,7550,7550,7550,7550,0
2021-12-30 12:24:00,7550,7550,7550,7550,0
2021-12-30 12:25:00,7550,7550,7550,7550,0
2021-12-30 12:26:00,7550,7550,7550,7550,0
2021-12-30 12:27:00,7550,7550,7550,7550,0
2021-12-30 12:28:00,7550,7550,7550,7550,0
2021-12-30 12:29:00,7550,7550,7550,7550,0
2021-12-30 12:30:00,7550,7550,7550,7550,0
2021-12-30 12:31:00,7550,7550,7550,7550,0
2021-12-30 12:32:00,7550,7550,7550,7550,0
2021-12-30 12:33:00,7550,7550,7550,7550,0
2021-12-30 12:34:00,7550,7550,7550,7550,0
2021-12-30 12:35:00,7550,7550,7550,7550,0
2021-12-30 12:36:00,7550,7550,7550,7550,0
2021-12-30 12:37:00,7550,7550,7550,7550,0
2021-12-30 12:38:00,7550,7550,7550,7550,0
2021-12-30 12:39:00,7550,7550,7550,7550,0
2021-12-30 12:40:00,7550,7550,7550,7550,0
2021-12-30 12:41:00,7550,7550,7550,7550,0
2021-12-30 12:42:00,7550,7550,7550,7550,0
2021-12-30 12:43:00,7550,7550,7550,7550,0
2021-12-30 12:44:00,7550,7550,7550,7550,0
2021-12-30 12:45:00,7550,7550,7550,7550,0
2021-12-30 12:46:00,7550,7550,7550,7550,0
2021-12-30 12:47:00,7550,7550,7550,7550,0
2021-12-30 12:48:00,7550,7550,7550,7550,0
2021-12-30 12:49:00,7550,7550,7550,7550,0
2021-12-30 12:50:00,7550,7550,7550,7550,0
2021-12-30 12:51:00,7550,7550,7550,7550,0
2021-12-30 12:52:00,7550,7550,7550,7550,0
2021-12-30 12:53:00,7550,7550,7550,7550,0
2021-12-30 12:54:00,7550,7550,7550,7550,0
2021-12-30 12:55:00,7550,7550,7550,7550,0
2021-12-30 12:56:00,7550,7550,7550,7550,0
2021-12-30 12:57:00,7550,7550,7550,7550,0
2021-12-30 12:58:00,7550,7550,7550,7550,0
2021-12-30 12:59:00,7550,7550,7550,7550,0
2021-12-30 13:00:00,7550,7550,7550,7550,0
2021-12-30 13:01:00,7550,7550,7550,7550,0
2021-12-30 13:02:00,7550,7550,7550,7550,0
2021-12-30 13:03:00,7550,7550,7550,7550,0
2021-12-30 13:04:00,7550,7550,7550,7550,0
2021-12-30 13:05:00,7550,7550,7550,7550,0
2021-12-30 13:06:00,7550,7550,7550,7550,0
2021-12-30 13:07:00,7550,7550,7550,7550,0
2021-12-30 13:08:00,7550,7550,7550,7550,0
2021-12-30 13:09:00,7550,7550,7550,7550,0
2021-12-30 13:10:00,7550,7550,7550,7550,0
2021-12-30 13:11:00,7550,7550,7550,7550,0
2021-12-30 13:12:00,7550,7550,7550,7550,0
2021-12-30 13:13:00,7550,7550,7550,7550,0
2021-12-30 13:14:00,7550,7550,7550,7550,0
2021-12-30 13:15:00,7550,7550,7550,7550,0
2021-12-30 13:16:00,7550,7550,7550,7550,0
2021-12-30 13:17:00,7550,7550,7550,7550,0
2021-12-30 13:18:00,7550,7550,7550,7550,0
2021-12-30 13:19:00,7550,7550,7550,7550,0
2021-12-30 13:20:00,7550,7550,7550,7550,0
2021-12-30 13:21:00,7550,7550,7550,7550,0
2021-12-30 13:22:00,7550,7550,7550,7550,0
2021-12-30 13:23:00,7550,7550,7550,7550,0
2021-12-30 13:24:00,7550,7550,7550,7550,0
2021-12-30 13:25:00,7550,7550,7550,7550,0
2021-12-30 13:26:00,7550,7550,7550,7550,0
2021-12-30 13:27:00,7550,7550,7550,7550,0
2021-12-30 13:28:00,7550,7550,7550,7550,0
2021-12-30 13:29:00,7550,7550,7550,7550,0
2021-12-30 13:30:00,7550,7550,7575,7550,12600
2021-12-30 13:31:00,7550,7550,7575,7550,0
2021-12-30 13:32:00,7550,7550,7550,7550,300
2021-12-30 13:33:00,7575,7575,7575,7575,5800
2021-12-30 13:34:00,7575,7575,7575,7575,100
2021-12-30 13:35:00,7575,7575,7575,7575,0
2021-12-30 13:36:00,7575,7575,7575,7575,200
2021-12-30 13:37:00,7575,7575,7575,7575,0
2021-12-30 13:38:00,7575,7550,7575,7575,1400
2021-12-30 13:39:00,7575,7575,7575,7575,100
2021-12-30 13:40:00,7575,7575,7575,7575,2700
2021-12-30 13:41:00,7575,7550,7575,7575,13300
2021-12-30 13:42:00,7550,7550,7575,7575,1000
2021-12-30 13:43:00,7550,7550,7550,7550,600
2021-12-30 13:44:00,7575,7575,7575,7575,1400
2021-12-30 13:45:00,7550,7550,7575,7575,800
2021-12-30 13:46:00,7550,7550,7550,7550,8500
2021-12-30 13:47:00,7550,7550,7550,7550,500
2021-12-30 13:48:00,7550,7550,7575,7575,25900
2021-12-30 13:49:00,7550,7550,7575,7575,0
2021-12-30 13:50:00,7550,7550,7550,7550,800
2021-12-30 13:51:00,7550,7550,7575,7575,55800
2021-12-30 13:52:00,7550,7550,7575,7575,6500
2021-12-30 13:53:00,7575,7550,7575,7575,20600
2021-12-30 13:54:00,7575,7550,7575,7550,600
2021-12-30 13:55:00,7550,7550,7575,7575,1100
2021-12-30 13:56:00,7550,7550,7575,7575,600
2021-12-30 13:57:00,7550,7550,7575,7575,600
2021-12-30 13:58:00,7575,7550,7575,7550,1600
2021-12-30 13:59:00,7575,7550,7575,7550,0
2021-12-30 14:00:00,7575,7550,7575,7550,3500
2021-12-30 14:01:00,7575,7550,7575,7550,1100
2021-12-30 14:02:00,7550,7550,7575,7575,1900
2021-12-30 14:03:00,7550,7550,7575,7575,13200
2021-12-30 14:04:00,7575,7575,7575,7575,6900
2021-12-30 14:05:00,7575,7575,7575,7575,2300
2021-12-30 14:06:00,7575,7575,7575,7575,0
2021-12-30 14:07:00,7575,7575,7575,7575,5700
2021-12-30 14:08:00,7575,7575,7575,7575,0
2021-12-30 14:09:00,7550,7550,7575,7575,5600
2021-12-30 14:10:00,7550,7550,7575,7550,6200
2021-12-30 14:11:00,7550,7550,7550,7550,2300
2021-12-30 14:12:00,7575,7550,7575,7550,4500
2021-12-30 14:13:00,7575,7550,7575,7550,1700
2021-12-30 14:14:00,7575,7550,7575,7550,0
2021-12-30 14:15:00,7575,7575,7575,7575,2300
2021-12-30 14:16:00,7575,7550,7575,7575,2300
2021-12-30 14:17:00,7575,7575,7575,7575,11000
2021-12-30 14:18:00,7575,7575,7575,7575,8800
2021-12-30 14:19:00,7575,7550,7575,7550,800
2021-12-30 14:20:00,7575,7575,7575,7575,2700
2021-12-30 14:21:00,7575,7575,7575,7575,19500
2021-12-30 14:22:00,7575,7550,7575,7575,8600
2021-12-30 14:23:00,7575,7575,7575,7575,5300
2021-12-30 14:24:00,7575,7550,7575,7575,11400
2021-12-30 14:25:00,7550,7550,7575,7575,3300
2021-12-30 14:26:00,7575,7550,7575,7550,11000
2021-12-30 14:27:00,7575,7550,7575,7550,5600
2021-12-30 14:28:00,7550,7550,7575,7550,15100
2021-12-30 14:29:00,7575,7550,7575,7550,49400
2021-12-30 14:30:00,7550,7550,7575,7575,1800
2021-12-30 14:31:00,7550,7550,7575,7575,5600
2021-12-30 14:32:00,7575,7575,7575,7575,1400
2021-12-30 14:33:00,7575,7550,7575,7550,14300
2021-12-30 14:34:00,7550,7525,7550,7525,110900
2021-12-30 14:35:00,7525,7525,7550,7550,2900
2021-12-30 14:36:00,7525,7525,7550,7550,12500
2021-12-30 14:37:00,7550,7525,7550,7525,2700
2021-12-30 14:38:00,7525,7525,7550,7525,38500
2021-12-30 14:39:00,7550,7525,7550,7525,500
2021-12-30 14:40:00,7525,7525,7525,7525,4200
2021-12-30 14:41:00,7525,7525,7550,7550,14700
2021-12-30 14:42:00,7550,7525,7550,7525,14900
2021-12-30 14:43:00,7550,7525,7550,7550,8600
2021-12-30 14:44:00,7550,7525,7550,7525,4100
2021-12-30 14:45:00,7550,7525,7550,7550,14400
2021-12-30 14:46:00,7550,7525,7550,7525,16700
2021-12-30 14:47:00,7550,7525,7550,7525,136200
2021-12-30 14:48:00,7525,7525,7550,7525,33700
2021-12-30 14:49:00,7550,7525,7550,7525,16500
2021-12-30 14:50:00,7550,7525,7550,7525,0
2021-12-30 14:51:00,7550,7525,7550,7525,0
2021-12-30 14:52:00,7550,7525,7550,7525,0
2021-12-30 14:53:00,7550,7525,7550,7525,0
2021-12-30 14:54:00,7550,7525,7550,7525,0
2021-12-30 14:55:00,7550,7525,7550,7525,0
2021-12-30 14:56:00,7550,7525,7550,7525,0
2021-12-30 14:57:00,7550,7525,7550,7525,0
2021-12-30 14:58:00,7550,7525,7550,7525,0
2021-12-30 14:59:00,7550,7525,7550,7525,0
2021-12-30 15:00:00,7525,7525,7525,7525,238600
2021-12-30 15:01:00,7525,7525,7525,7525,1300
2021-12-30 15:02:00,7525,7525,7525,7525,7100
2021-12-30 15:03:00,7525,7525,7525,7525,300
2021-12-30 15:04:00,7525,7525,7525,7525,1200
2021-12-30 15:05:00,7525,7525,7525,7525,30000
2021-12-30 15:06:00,7525,7525,7525,7525,6100
2021-12-30 15:07:00,7525,7525,7525,7525,100
2021-12-30 15:08:00,7525,7525,7525,7525,1100
2021-12-30 15:09:00,7525,7525,7525,7525,0
2021-12-30 15:10:00,7525,7525,7525,7525,800
2021-12-30 15:11:00,7525,7525,7525,7525,4400
2021-12-30 15:12:00,7525,7525,7525,7525,20000
2021-12-30 15:13:00,7525,7525,7525,7525,0
2021-12-30 15:14:00,7525,7525,7525,7525,1900
2021-12-30 15:15:00,7525,7525,7525,7525,0
2021-12-30 15:16:00,7525,7525,7525,7525,0
2021-12-30 15:17:00,7525,7525,7525,7525,0
2021-12-30 15:18:00,7525,7525,7525,7525,0
2021-12-30 15:19:00,7525,7525,7525,7525,0
2021-12-30 15:20:00,7525,7525,7525,7525,0
2021-12-30 15:21:00,7525,7525,7525,7525,0
2021-12-30 15:22:00,7525,7525,7525,7525,0
2021-12-30 15:23:00,7525,7525,7525,7525,0
2021-12-30 15:24:00,7525,7525,7525,7525,0
2021-12-30 15:25:00,7525,7525,7525,7525,0
2021-12-30 15:26:00,7525,7525,7525,7525,0
2021-12-30 15:27:00,7525,7525,7525,7525,0
2021-12-30 15:28:00,7525,7525,7525,7525,0
2021-12-30 15:29:00,7525,7525,7525,7525,0
2021-12-30 15:30:00,7525,7525,7525,7525,0
2021-12-30 15:31:00,7525,7525,7525,7525,0
2021-12-30 15:32:00,7525,7525,7525,7525,0
2021-12-30 15:33:00,7525,7525,7525,7525,0
2021-12-30 15:34:00,7525,7525,7525,7525,0
2021-12-30 15:35:00,7525,7525,7525,7525,0
2021-12-30 15:36:00,7525,7525,7525,7525,0
2021-12-30 15:37:00,7525,7525,7525,7525,0
2021-12-30 15:38:00,7525,7525,7525,7525,0
2021-12-30 15:39:00,7525,7525,7525,7525,0
2021-12-30 15:40:00,7525,7525,7525,7525,0
2021-12-30 15:41:00,7525,7525,7525,7525,0
2021-12-30 15:42:00,7525,7525,7525,7525,0
2021-12-30 15:43:00,7525,7525,7525,7525,0
2021-12-30 15:44:00,7525,7525,7525,7525,0
2021-12-30 15:45:00,7525,7525,7525,7525,0
2021-12-30 15:46:00,7525,7525,7525,7525,0
2021-12-30 15:47:00,7525,7525,7525,7525,0
2021-12-30 15:48:00,7525,7525,7525,7525,0
2021-12-30 15:49:00,7525,7525,7525,7525,0
2021-12-30 15:50:00,7525,7525,7525,7525,0
2021-12-30 15:51:00,7525,7525,7525,7525,0
2021-12-30 15:52:00,7525,7525,7525,7525,0
2021-12-30 15:53:00,7525,7525,7525,7525,0
2021-12-30 15:54:00,7525,7525,7525,7525,0
2021-12-30 15:55:00,7525,7525,7525,7525,0
2021-12-30 15:56:00,7525,7525,7525,7525,0
2021-12-30 15:57:00,7525,7525,7525,7525,0
2021-12-30 15:58:00,7525,7525,7525,7525,0
2021-12-30 15:59:00,7525,7525,7525,7525,0
2021-12-31 09:00:00,7525,7525,7525,7525,0
2021-12-31 09:01:00,7525,7525,7525,7525,0
2021-12-31 09:02:00,7525,7525,7525,7525,0
2021-12-31 09:03:00,7525,7525,7525,7525,0
2021-12-31 09:04:00,7525,7525,7525,7525,0
2021-12-31 09:05:00,7525,7525,7525,7525,0
2021-12-31 09:06:00,7525,7525,7525,7525,0
2021-12-31 09:07:00,7525,7525,7525,7525,0
2021-12-31 09:08:00,7525,7525,7525,7525,0
2021-12-31 09:09:00,7525,7525,7525,7525,0
2021-12-31 09:10:00,7525,7525,7525,7525,0
2021-12-31 09:11:00,7525,7525,7525,7525,0
2021-12-31 09:12:00,7525,7525,7525,7525,0
2021-12-31 09:13:00,7525,7525,7525,7525,0
2021-12-31 09:14:00,7525,7525,7525,7525,0
2021-12-31 09:15:00,7525,7525,7525,7525,0
2021-12-31 09:16:00,7525,7525,7525,7525,0
2021-12-31 09:17:00,7525,7525,7525,7525,0
2021-12-31 09:18:00,7525,7525,7525,7525,0
2021-12-31 09:19:00,7525,7525,7525,7525,0
2021-12-31 09:20:00,7525,7525,7525,7525,0
2021-12-31 09:21:00,7525,7525,7525,7525,0
2021-12-31 09:22:00,7525,7525,7525,7525,0
2021-12-31 09:23:00,7525,7525,7525,7525,0
2021-12-31 09:24:00,7525,7525,7525,7525,0
2021-12-31 09:25:00,7525,7525,7525,7525,0
2021-12-31 09:26:00,7525,7525,7525,7525,0
2021-12-31 09:27:00,7525,7525,7525,7525,0
2021-12-31 09:28:00,7525,7525,7525,7525,0
2021-12-31 09:29:00,7525,7525,7525,7525,0
2021-12-31 09:30:00,7525,7525,7525,7525,0
2021-12-31 09:31:00,7525,7525,7525,7525,0
2021-12-31 09:32:00,7525,7525,7525,7525,0
2021-12-31 09:33:00,7525,7525,7525,7525,0
2021-12-31 09:34:00,7525,7525,7525,7525,0
2021-12-31 09:35:00,7525,7525,7525,7525,0
2021-12-31 09:36:00,7525,7525,7525,7525,0
2021-12-31 09:37:00,7525,7525,7525,7525,0
2021-12-31 09:38:00,7525,7525,7525,7525,0
2021-12-31 09:39:00,7525,7525,7525,7525,0
2021-12-31 09:40:00,7525,7525,7525,7525,0
2021-12-31 09:41:00,7525,7525,7525,7525,0
2021-12-31 09:42:00,7525,7525,7525,7525,0
2021-12-31 09:43:00,7525,7525,7525,7525,0
2021-12-31 09:44:00,7525,7525,7525,7525,0
2021-12-31 09:45:00,7525,7525,7525,7525,0
2021-12-31 09:46:00,7525,7525,7525,7525,0
2021-12-31 09:47:00,7525,7525,7525,7525,0
2021-12-31 09:48:00,7525,7525,7525,7525,0
2021-12-31 09:49:00,7525,7525,7525,7525,0
2021-12-31 09:50:00,7525,7525,7525,7525,0
2021-12-31 09:51:00,7525,7525,7525,7525,0
2021-12-31 09:52:00,7525,7525,7525,7525,0
2021-12-31 09:53:00,7525,7525,7525,7525,0
2021-12-31 09:54:00,7525,7525,7525,7525,0
2021-12-31 09:55:00,7525,7525,7525,7525,0
2021-12-31 09:56:00,7525,7525,7525,7525,0
2021-12-31 09:57:00,7525,7525,7525,7525,0
2021-12-31 09:58:00,7525,7525,7525,7525,0
2021-12-31 09:59:00,7525,7525,7525,7525,0
2021-12-31 10:00:00,7525,7525,7525,7525,0
2021-12-31 10:01:00,7525,7525,7525,7525,0
2021-12-31 10:02:00,7525,7525,7525,7525,0
2021-12-31 10:03:00,7525,7525,7525,7525,0
2021-12-31 10:04:00,7525,7525,7525,7525,0
2021-12-31 10:05:00,7525,7525,7525,7525,0
2021-12-31 10:06:00,7525,7525,7525,7525,0
2021-12-31 10:07:00,7525,7525,7525,7525,0
2021-12-31 10:08:00,7525,7525,7525,7525,0
2021-12-31 10:09:00,7525,7525,7525,7525,0
2021-12-31 10:10:00,7525,7525,7525,7525,0
2021-12-31 10:11:00,7525,7525,7525,7525,0
2021-12-31 10:12:00,7525,7525,7525,7525,0
2021-12-31 10:13:00,7525,7525,7525,7525,0
2021-12-31 10:14:00,7525,7525,7525,7525,0
2021-12-31 10:15:00,7525,7525,7525,7525,0
2021-12-31 10:16:00,7525,7525,7525,7525,0
2021-12-31 10:17:00,7525,7525,7525,7525,0
2021-12-31 10:18:00,7525,7525,7525,7525,0
2021-12-31 10:19:00,7525,7525,7525,7525,0
2021-12-31 10:20:00,7525,7525,7525,7525,0
2021-12-31 10:21:00,7525,7525,7525,7525,0
2021-12-31 10:22:00,7525,7525,7525,7525,0
2021-12-31 10:23:00,7525,7525,7525,7525,0
2021-12-31 10:24:00,7525,7525,7525,7525,0
2021-12-31 10:25:00,7525,7525,7525,7525,0
2021-12-31 10:26:00,7525,7525,7525,7525,0
2021-12-31 10:27:00,7525,7525,7525,7525,0
2021-12-31 10:28:00,7525,7525,7525,7525,0
2021-12-31 10:29:00,7525,7525,7525,7525,0
2021-12-31 10:30:00,7525,7525,7525,7525,0
2021-12-31 10:31:00,7525,7525,7525,7525,0
2021-12-31 10:32:00,7525,7525,7525,7525,0
2021-12-31 10:33:00,7525,7525,7525,7525,0
2021-12-31 10:34:00,7525,7525,7525,7525,0
2021-12-31 10:35:00,7525,7525,7525,7525,0
2021-12-31 10:36:00,7525,7525,7525,7525,0
2021-12-31 10:37:00,7525,7525,7525,7525,0
2021-12-31 10:38:00,7525,7525,7525,7525,0
2021-12-31 10:39:00,7525,7525,7525,7525,0
2021-12-31 10:40:00,7525,7525,7525,7525,0
2021-12-31 10:41:00,7525,7525,7525,7525,0
2021-12-31 10:42:00,7525,7525,7525,7525,0
2021-12-31 10:43:00,7525,7525,7525,7525,0
2021-12-31 10:44:00,7525,7525,7525,7525,0
2021-12-31 10:45:00,7525,7525,7525,7525,0
2021-12-31 10:46:00,7525,7525,7525,7525,0
2021-12-31 10:47:00,7525,7525,7525,7525,0
2021-12-31 10:48:00,7525,7525,7525,7525,0
2021-12-31 10:49:00,7525,7525,7525,7525,0
2021-12-31 10:50:00,7525,7525,7525,7525,0
2021-12-31 10:51:00,7525,7525,7525,7525,0
2021-12-31 10:52:00,7525,7525,7525,7525,0
2021-12-31 10:53:00,7525,7525,7525,7525,0
2021-12-31 10:54:00,7525,7525,7525,7525,0
2021-12-31 10:55:00,7525,7525,7525,7525,0
2021-12-31 10:56:00,7525,7525,7525,7525,0
2021-12-31 10:57:00,7525,7525,7525,7525,0
2021-12-31 10:58:00,7525,7525,7525,7525,0
2021-12-31 10:59:00,7525,7525,7525,7525,0
2021-12-31 11:00:00,7525,7525,7525,7525,0
2021-12-31 11:01:00,7525,7525,7525,7525,0
2021-12-31 11:02:00,7525,7525,7525,7525,0
2021-12-31 11:03:00,7525,7525,7525,7525,0
2021-12-31 11:04:00,7525,7525,7525,7525,0
2021-12-31 11:05:00,7525,7525,7525,7525,0
2021-12-31 11:06:00,7525,7525,7525,7525,0
2021-12-31 11:07:00,7525,7525,7525,7525,0
2021-12-31 11:08:00,7525,7525,7525,7525,0
2021-12-31 11:09:00,7525,7525,7525,7525,0
2021-12-31 11:10:00,7525,7525,7525,7525,0
2021-12-31 11:11:00,7525,7525,7525,7525,0
2021-12-31 11:12:00,7525,7525,7525,7525,0
2021-12-31 11:13:00,7525,7525,7525,7525,0
2021-12-31 11:14:00,7525,7525,7525,7525,0
2021-12-31 11:15:00,7525,7525,7525,7525,0
2021-12-31 11:16:00,7525,7525,7525,7525,0
2021-12-31 11:17:00,7525,7525,7525,7525,0
2021-12-31 11:18:00,7525,7525,7525,7525,0
2021-12-31 11:19:00,7525,7525,7525,7525,0
2021-12-31 11:20:00,7525,7525,7525,7525,0
2021-12-31 11:21:00,7525,7525,7525,7525,0
2021-12-31 11:22:00,7525,7525,7525,7525,0
2021-12-31 11:23:00,7525,7525,7525,7525,0
2021-12-31 11:24:00,7525,7525,7525,7525,0
2021-12-31 11:25:00,7525,7525,7525,7525,0
2021-12-31 11:26:00,7525,7525,7525,7525,0
2021-12-31 11:27:00,7525,7525,7525,7525,0
2021-12-31 11:28:00,7525,7525,7525,7525,0
2021-12-31 11:29:00,7525,7525,7525,7525,0
2021-12-31 11:30:00,7525,7525,7525,7525,0
2021-12-31 11:31:00,7525,7525,7525,7525,0
2021-12-31 11:32:00,7525,7525,7525,7525,0
2021-12-31 11:33:00,7525,7525,7525,7525,0
2021-12-31 11:34:00,7525,7525,7525,7525,0
2021-12-31 11:35:00,7525,7525,7525,7525,0
2021-12-31 11:36:00,7525,7525,7525,7525,0
2021-12-31 11:37:00,7525,7525,7525,7525,0
2021-12-31 11:38:00,7525,7525,7525,7525,0
2021-12-31 11:39:00,7525,7525,7525,7525,0
2021-12-31 11:40:00,7525,7525,7525,7525,0
2021-12-31 11:41:00,7525,7525,7525,7525,0
2021-12-31 11:42:00,7525,7525,7525,7525,0
2021-12-31 11:43:00,7525,7525,7525,7525,0
2021-12-31 11:44:00,7525,7525,7525,7525,0
2021-12-31 11:45:00,7525,7525,7525,7525,0
2021-12-31 11:46:00,7525,7525,7525,7525,0
2021-12-31 11:47:00,7525,7525,7525,7525,0
2021-12-31 11:48:00,7525,7525,7525,7525,0
2021-12-31 11:49:00,7525,7525,7525,7525,0
2021-12-31 11:50:00,7525,7525,7525,7525,0
2021-12-31 11:51:00,7525,7525,7525,7525,0
2021-12-31 11:52:00,7525,7525,7525,7525,0
2021-12-31 11:53:00,7525,7525,7525,7525,0
2021-12-31 11:54:00,7525,7525,7525,7525,0
2021-12-31 11:55:00,7525,7525,7525,7525,0
2021-12-31 11:56:00,7525,7525,7525,7525,0
2021-12-31 11:57:00,7525,7525,7525,7525,0
2021-12-31 11:58:00,7525,7525,7525,7525,0
2021-12-31 11:59:00,7525,7525,7525,7525,0
2021-12-31 12:00:00,7525,7525,7525,7525,0
2021-12-31 12:01:00,7525,7525,7525,7525,0
2021-12-31 12:02:00,7525,7525,7525,7525,0
2021-12-31 12:03:00,7525,7525,7525,7525,0
2021-12-31 12:04:00,7525,7525,7525,7525,0
2021-12-31 12:05:00,7525,7525,7525,7525,0
2021-12-31 12:06:00,7525,7525,7525,7525,0
2021-12-31 12:07:00,7525,7525,7525,7525,0
2021-12-31 12:08:00,7525,7525,7525,7525,0
2021-12-31 12:09:00,7525,7525,7525,7525,0
2021-12-31 12:10:00,7525,7525,7525,7525,0
2021-12-31 12:11:00,7525,7525,7525,7525,0
2021-12-31 12:12:00,7525,7525,7525,7525,0
2021-12-31 12:13:00,7525,7525,7525,7525,0
2021-12-31 12:14:00,7525,7525,7525,7525,0
2021-12-31 12:15:00,7525,7525,7525,7525,0
2021-12-31 12:16:00,7525,7525,7525,7525,0
2021-12-31 12:17:00,7525,7525,7525,7525,0
2021-12-31 12:18:00,7525,7525,7525,7525,0
2021-12-31 12:19:00,7525,7525,7525,7525,0
2021-12-31 12:20:00,7525,7525,7525,7525,0
2021-12-31 12:21:00,7525,7525,7525,7525,0
2021-12-31 12:22:00,7525,7525,7525,7525,0
2021-12-31 12:23:00,7525,7525,7525,7525,0
2021-12-31 12:24:00,7525,7525,7525,7525,0
2021-12-31 12:25:00,7525,7525,7525,7525,0
2021-12-31 12:26:00,7525,7525,7525,7525,0
2021-12-31 12:27:00,7525,7525,7525,7525,0
2021-12-31 12:28:00,7525,7525,7525,7525,0
2021-12-31 12:29:00,7525,7525,7525,7525,0
2021-12-31 12:30:00,7525,7525,7525,7525,0
2021-12-31 12:31:00,7525,7525,7525,7525,0
2021-12-31 12:32:00,7525,7525,7525,7525,0
2021-12-31 12:33:00,7525,7525,7525,7525,0
2021-12-31 12:34:00,7525,7525,7525,7525,0
2021-12-31 12:35:00,7525,7525,7525,7525,0
2021-12-31 12:36:00,7525,7525,7525,7525,0
2021-12-31 12:37:00,7525,7525,7525,7525,0
2021-12-31 12:38:00,7525,7525,7525,7525,0
2021-12-31 12:39:00,7525,7525,7525,7525,0
2021-12-31 12:40:00,7525,7525,7525,7525,0
2021-12-31 12:41:00,7525,7525,7525,7525,0
2021-12-31 12:42:00,7525,7525,7525,7525,0
2021-12-31 12:43:00,7525,7525,7525,7525,0
2021-12-31 12:44:00,7525,7525,7525,7525,0
2021-12-31 12:45:00,7525,7525,7525,7525,0
2021-12-31 12:46:00,7525,7525,7525,7525,0
2021-12-31 12:47:00,7525,7525,7525,7525,0
2021-12-31 12:48:00,7525,7525,7525,7525,0
2021-12-31 12:49:00,7525,7525,7525,7525,0
2021-12-31 12:50:00,7525,7525,7525,7525,0
2021-12-31 12:51:00,7525,7525,7525,7525,0
2021-12-31 12:52:00,7525,7525,7525,7525,0
2021-12-31 12:53:00,7525,7525,7525,7525,0
2021-12-31 12:54:00,7525,7525,7525,7525,0
2021-12-31 12:55:00,7525,7525,7525,7525,0
2021-12-31 12:56:00,7525,7525,7525,7525,0
2021-12-31 12:57:00,7525,7525,7525,7525,0
2021-12-31 12:58:00,7525,7525,7525,7525,0
2021-12-31 12:59:00,7525,7525,7525,7525,0
2021-12-31 13:00:00,7525,7525,7525,7525,0
2021-12-31 13:01:00,7525,7525,7525,7525,0
2021-12-31 13:02:00,7525,7525,7525,7525,0
2021-12-31 13:03:00,7525,7525,7525,7525,0
2021-12-31 13:04:00,7525,7525,7525,7525,0
2021-12-31 13:05:00,7525,7525,7525,7525,0
2021-12-31 13:06:00,7525,7525,7525,7525,0
2021-12-31 13:07:00,7525,7525,7525,7525,0
2021-12-31 13:08:00,7525,7525,7525,7525,0
2021-12-31 13:09:00,7525,7525,7525,7525,0
2021-12-31 13:10:00,7525,7525,7525,7525,0
2021-12-31 13:11:00,7525,7525,7525,7525,0
2021-12-31 13:12:00,7525,7525,7525,7525,0
2021-12-31 13:13:00,7525,7525,7525,7525,0
2021-12-31 13:14:00,7525,7525,7525,7525,0
2021-12-31 13:15:00,7525,7525,7525,7525,0
2021-12-31 13:16:00,7525,7525,7525,7525,0
2021-12-31 13:17:00,7525,7525,7525,7525,0
2021-12-31 13:18:00,7525,7525,7525,7525,0
2021-12-31 13:19:00,7525,7525,7525,7525,0
2021-12-31 13:20:00,7525,7525,7525,7525,0
2021-12-31 13:21:00,7525,7525,7525,7525,0
2021-12-31 13:22:00,7525,7525,7525,7525,0
2021-12-31 13:23:00,7525,7525,7525,7525,0
2021-12-31 13:24:00,7525,7525,7525,7525,0
2021-12-31 13:25:00,7525,7525,7525,7525,0
2021-12-31 13:26:00,7525,7525,7525,7525,0
2021-12-31 13:27:00,7525,7525,7525,7525,0
2021-12-31 13:28:00,7525,7525,7525,7525,0
2021-12-31 13:29:00,7525,7525,7525,7525,0
2021-12-31 13:30:00,7525,7525,7525,7525,0
2021-12-31 13:31:00,7525,7525,7525,7525,0
2021-12-31 13:32:00,7525,7525,7525,7525,0
2021-12-31 13:33:00,7525,7525,7525,7525,0
2021-12-31 13:34:00,7525,7525,7525,7525,0
2021-12-31 13:35:00,7525,7525,7525,7525,0
2021-12-31 13:36:00,7525,7525,7525,7525,0
2021-12-31 13:37:00,7525,7525,7525,7525,0
2021-12-31 13:38:00,7525,7525,7525,7525,0
2021-12-31 13:39:00,7525,7525,7525,7525,0
2021-12-31 13:40:00,7525,7525,7525,7525,0
2021-12-31 13:41:00,7525,7525,7525,7525,0
2021-12-31 13:42:00,7525,7525,7525,7525,0
2021-12-31 13:43:00,7525,7525,7525,7525,0
2021-12-31 13:44:00,7525,7525,7525,7525,0
2021-12-31 13:45:00,7525,7525,7525,7525,0
2021-12-31 13:46:00,7525,7525,7525,7525,0
2021-12-31 13:47:00,7525,7525,7525,7525,0
2021-12-31 13:48:00,7525,7525,7525,7525,0
2021-12-31 13:49:00,7525,7525,7525,7525,0
2021-12-31 13:50:00,7525,7525,7525,7525,0
2021-12-31 13:51:00,7525,7525,7525,7525,0
2021-12-31 13:52:00,7525,7525,7525,7525,0
2021-12-31 13:53:00,7525,7525,7525,7525,0
2021-12-31 13:54:00,7525,7525,7525,7525,0
2021-12-31 13:55:00,7525,7525,7525,7525,0
2021-12-31 13:56:00,7525,7525,7525,7525,0
2021-12-31 13:57:00,7525,7525,7525,7525,0
2021-12-31 13:58:00,7525,7525,7525,7525,0
2021-12-31 13:59:00,7525,7525,7525,7525,0
2021-12-31 14:00:00,7525,7525,7525,7525,0
2021-12-31 14:01:00,7525,7525,7525,7525,0
2021-12-31 14:02:00,7525,7525,7525,7525,0
2021-12-31 14:03:00,7525,7525,7525,7525,0
2021-12-31 14:04:00,7525,7525,7525,7525,0
2021-12-31 14:05:00,7525,7525,7525,7525,0
2021-12-31 14:06:00,7525,7525,7525,7525,0
2021-12-31 14:07:00,7525,7525,7525,7525,0
2021-12-31 14:08:00,7525,7525,7525,7525,0
2021-12-31 14:09:00,7525,7525,7525,7525,0
2021-12-31 14:10:00,7525,7525,7525,7525,0
2021-12-31 14:11:00,7525,7525,7525,7525,0
2021-12-31 14:12:00,7525,7525,7525,7525,0
2021-12-31 14:13:00,7525,7525,7525,7525,0
2021-12-31 14:14:00,7525,7525,7525,7525,0
2021-12-31 14:15:00,7525,7525,7525,7525,0
2021-12-31 14:16:00,7525,7525,7525,7525,0
2021-12-31 14:17:00,7525,7525,7525,7525,0
2021-12-31 14:18:00,7525,7525,7525,7525,0
2021-12-31 14:19:00,7525,7525,7525,7525,0
2021-12-31 14:20:00,7525,7525,7525,7525,0
2021-12-31 14:21:00,7525,7525,7525,7525,0
2021-12-31 14:22:00,7525,7525,7525,7525,0
2021-12-31 14:23:00,7525,7525,7525,7525,0
2021-12-31 14:24:00,7525,7525,7525,7525,0
2021-12-31 14:25:00,7525,7525,7525,7525,0
2021-12-31 14:26:00,7525,7525,7525,7525,0
2021-12-31 14:27:00,7525,7525,7525,7525,0
2021-12-31 14:28:00,7525,7525,7525,7525,0
2021-12-31 14:29:00,7525,7525,7525,7525,0
2021-12-31 14:30:00,7525,7525,7525,7525,0
2021-12-31 14:31:00,7525,7525,7525,7525,0
2021-12-31 14:32:00,7525,7525,7525,7525,0
2021-12-31 14:33:00,7525,7525,7525,7525,0
2021-12-31 14:34:00,7525,7525,7525,7525,0
2021-12-31 14:35:00,7525,7525,7525,7525,0
2021-12-31 14:36:00,7525,7525,7525,7525,0
2021-12-31 14:37:00,7525,7525,7525,7525,0
2021-12-31 14:38:00,7525,7525,7525,7525,0
2021-12-31 14:39:00,7525,7525,7525,7525,0
2021-12-31 14:40:00,7525,7525,7525,7525,0
2021-12-31 14:41:00,7525,7525,7525,7525,0
2021-12-31 14:42:00,7525,7525,7525,7525,0
2021-12-31 14:43:00,7525,7525,7525,7525,0
2021-12-31 14:44:00,7525,7525,7525,7525,0
2021-12-31 14:45:00,7525,7525,7525,7525,0
2021-12-31 14:46:00,7525,7525,7525,7525,0
2021-12-31 14:47:00,7525,7525,7525,7525,0
2021-12-31 14:48:00,7525,7525,7525,7525,0
2021-12-31 14:49:00,7525,7525,7525,7525,0
2021-12-31 14:50:00,7525,7525,7525,7525,0
2021-12-31 14:51:00,7525,7525,7525,7525,0
2021-12-31 14:52:00,7525,7525,7525,7525,0
2021-12-31 14:53:00,7525,7525,7525,7525,0
2021-12-31 14:54:00,7525,7525,7525,7525,0
2021-12-31 14:55:00,7525,7525,7525,7525,0
2021-12-31 14:56:00,7525,7525,7525,7525,0
2021-12-31 14:57:00,7525,7525,7525,7525,0
2021-12-31 14:58:00,7525,7525,7525,7525,0
2021-12-31 14:59:00,7525,7525,7525,7525,0
2021-12-31 15:00:00,7525,7525,7525,7525,0
2021-12-31 15:01:00,7525,7525,7525,7525,0
2021-12-31 15:02:00,7525,7525,7525,7525,0
2021-12-31 15:03:00,7525,7525,7525,7525,0
2021-12-31 15:04:00,7525,7525,7525,7525,0
2021-12-31 15:05:00,7525,7525,7525,7525,0
2021-12-31 15:06:00,7525,7525,7525,7525,0
2021-12-31 15:07:00,7525,7525,7525,7525,0
2021-12-31 15:08:00,7525,7525,7525,7525,0
2021-12-31 15:09:00,7525,7525,7525,7525,0
2021-12-31 15:10:00,7525,7525,7525,7525,0
2021-12-31 15:11:00,7525,7525,7525,7525,0
2021-12-31 15:12:00,7525,7525,7525,7525,0
2021-12-31 15:13:00,7525,7525,7525,7525,0
2021-12-31 15:14:00,7525,7525,7525,7525,0
2021-12-31 15:15:00,7525,7525,7525,7525,0
2021-12-31 15:16:00,7525,7525,7525,7525,0
2021-12-31 15:17:00,7525,7525,7525,7525,0
2021-12-31 15:18:00,7525,7525,7525,7525,0
2021-12-31 15:19:00,7525,7525,7525,7525,0
2021-12-31 15:20:00,7525,7525,7525,7525,0
2021-12-31 15:21:00,7525,7525,7525,7525,0
2021-12-31 15:22:00,7525,7525,7525,7525,0
2021-12-31 15:23:00,7525,7525,7525,7525,0
2021-12-31 15:24:00,7525,7525,7525,7525,0
2021-12-31 15:25:00,7525,7525,7525,7525,0
2021-12-31 15:26:00,7525,7525,7525,7525,0
2021-12-31 15:27:00,7525,7525,7525,7525,0
2021-12-31 15:28:00,7525,7525,7525,7525,0
2021-12-31 15:29:00,7525,7525,7525,7525,0
2021-12-31 15:30:00,7525,7525,7525,7525,0
2021-12-31 15:31:00,7525,7525,7525,7525,0
2021-12-31 15:32:00,7525,7525,7525,7525,0
2021-12-31 15:33:00,7525,7525,7525,7525,0
2021-12-31 15:34:00,7525,7525,7525,7525,0
2021-12-31 15:35:00,7525,7525,7525,7525,0
2021-12-31 15:36:00,7525,7525,7525,7525,0
2021-12-31 15:37:00,7525,7525,7525,7525,0
2021-12-31 15:38:00,7525,7525,7525,7525,0
2021-12-31 15:39:00,7525,7525,7525,7525,0
2021-12-31 15:40:00,7525,7525,7525,7525,0
2021-12-31 15:41:00,7525,7525,7525,7525,0
2021-12-31 15:42:00,7525,7525,7525,7525,0
2021-12-31 15:43:00,7525,7525,7525,7525,0
2021-12-31 15:44:00,7525,7525,7525,7525,0
2021-12-31 15:45:00,7525,7525,7525,7525,0
2021-12-31 15:46:00,7525,7525,7525,7525,0
2021-12-31 15:47:00,7525,7525,7525,7525,0
2021-12-31 15:48:00,7525,7525,7525,7525,0
2021-12-31 15:49:00,7525,7525,7525,7525,0
2021-12-31 15:50:00,7525,7525,7525,7525,0
2021-12-31 15:51:00,7525,7525,7525,7525,0
2021-12-31 15:52:00,7525,7525,7525,7525,0
2021-12-31 15:53:00,7525,7525,7525,7525,0
2021-12-31 15:54:00,7525,7525,7525,7525,0
2021-12-31 15:55:00,7525,7525,7525,7525,0
2021-12-31 15:56:00,7525,7525,7525,7525,0
2021-12-31 15:57:00,7525,7525,7525,7525,0
2021-12-31 15:58:00,7525,7525,7525,7525,0
2021-12-31 15:59:00,7525,7525,7525,7525,0
2022-01-03 09:00:00,7500,7500,7525,7500,0
2022-01-03 09:01:00,7525,7500,7525,7500,11400
2022-01-03 09:02:00,7525,7500,7525,7500,1600
2022-01-03 09:03:00,7525,7500,7525,7525,4700
2022-01-03 09:04:00,7525,7525,7525,7525,3700
2022-01-03 09:05:00,7525,7525,7525,7525,1100
2022-01-03 09:06:00,7525,7525,7525,7525,200
2022-01-03 09:07:00,7525,7525,7525,7525,16100
2022-01-03 09:08:00,7500,7500,7525,7500,900
2022-01-03 09:09:00,7500,7500,7500,7500,28100
2022-01-03 09:10:00,7500,7475,7500,7475,8200
2022-01-03 09:11:00,7475,7450,7500,7475,14400
2022-01-03 09:12:00,7450,7425,7450,7425,26800
2022-01-03 09:13:00,7425,7400,7425,7425,7300
2022-01-03 09:14:00,7425,7425,7450,7450,2100
2022-01-03 09:15:00,7425,7400,7425,7425,46800
2022-01-03 09:16:00,7425,7400,7425,7400,27300
2022-01-03 09:17:00,7400,7400,7400,7400,6000
2022-01-03 09:18:00,7400,7400,7450,7450,50300
2022-01-03 09:19:00,7475,7475,7475,7475,5100
2022-01-03 09:20:00,7500,7500,7525,7525,4200
2022-01-03 09:21:00,7525,7500,7525,7500,900
2022-01-03 09:22:00,7525,7500,7525,7500,28300
2022-01-03 09:23:00,7500,7500,7500,7500,500
2022-01-03 09:24:00,7500,7500,7500,7500,3700
2022-01-03 09:25:00,7525,7525,7525,7525,6000
2022-01-03 09:26:00,7550,7550,7550,7550,7900
2022-01-03 09:27:00,7550,7550,7550,7550,5000
2022-01-03 09:28:00,7550,7550,7550,7550,0
2022-01-03 09:29:00,7575,7575,7575,7575,1000
2022-01-03 09:30:00,7575,7575,7575,7575,1800
2022-01-03 09:31:00,7550,7525,7550,7525,15400
2022-01-03 09:32:00,7525,7525,7525,7525,10500
2022-01-03 09:33:00,7525,7525,7525,7525,0
2022-01-03 09:34:00,7500,7500,7525,7525,2600
2022-01-03 09:35:00,7525,7525,7550,7550,4700
2022-01-03 09:36:00,7525,7525,7525,7525,4000
2022-01-03 09:37:00,7525,7525,7525,7525,0
2022-01-03 09:38:00,7525,7525,7525,7525,0
2022-01-03 09:39:00,7525,7525,7525,7525,900
2022-01-03 09:40:00,7500,7500,7525,7525,5600
2022-01-03 09:41:00,7500,7500,7525,7525,0
2022-01-03 09:42:00,7525,7525,7525,7525,5600
2022-01-03 09:43:00,7525,7525,7525,7525,10600
2022-01-03 09:44:00,7550,7525,7550,7525,25200
2022-01-03 09:45:00,7525,7525,7525,7525,10800
2022-01-03 09:46:00,7550,7550,7550,7550,5000
2022-01-03 09:47:00,7525,7525,7525,7525,100
2022-01-03 09:48:00,7525,7525,7550,7550,7800
2022-01-03 09:49:00,7550,7525,7550,7525,4500
2022-01-03 09:50:00,7525,7525,7525,7525,3600
2022-01-03 09:51:00,7525,7525,7525,7525,200
2022-01-03 09:52:00,7525,7500,7525,7525,1900
2022-01-03 09:53:00,7550,7550,7550,7550,200
2022-01-03 09:54:00,7525,7525,7525,7525,500
2022-01-03 09:55:00,7525,7525,7525,7525,0
2022-01-03 09:56:00,7525,7525,7550,7550,12800
2022-01-03 09:57:00,7550,7525,7550,7550,21400
2022-01-03 09:58:00,7550,7550,7550,7550,7800
2022-01-03 09:59:00,7550,7550,7550,7550,0
2022-01-03 10:00:00,7550,7550,7550,7550,9900
2022-01-03 10:01:00,7575,7575,7575,7575,500
2022-01-03 10:02:00,7550,7550,7550,7550,800
2022-01-03 10:03:00,7550,7550,7550,7550,200
2022-01-03 10:04:00,7575,7575,7575,7575,600
2022-01-03 10:05:00,7575,7575,7575,7575,200
2022-01-03 10:06:00,7575,7575,7625,7625,98400
2022-01-03 10:07:00,7625,7625,7625,7625,3900
2022-01-03 10:08:00,7625,7625,7625,7625,18900
2022-01-03 10:09:00,7650,7625,7675,7675,52200
2022-01-03 10:10:00,7675,7675,7725,7725,137500
2022-01-03 10:11:00,7725,7700,7725,7725,189500
2022-01-03 10:12:00,7700,7700,7725,7700,56200
2022-01-03 10:13:00,7700,7700,7750,7750,47900
2022-01-03 10:14:00,7725,7725,7750,7725,41000
2022-01-03 10:15:00,7725,7725,7750,7750,10100
2022-01-03 10:16:00,7750,7750,7750,7750,10800
2022-01-03 10:17:00,7750,7700,7750,7725,73100
2022-01-03 10:18:00,7700,7700,7725,7700,10600
2022-01-03 10:19:00,7700,7675,7700,7700,82600
2022-01-03 10:20:00,7675,7675,7675,7675,76500
2022-01-03 10:21:00,7675,7675,7700,7675,76800
2022-01-03 10:22:00,7700,7700,7725,7700,52000
2022-01-03 10:23:00,7700,7700,7725,7725,126700
2022-01-03 10:24:00,7750,7725,7750,7750,82200
2022-01-03 10:25:00,7775,7775,7800,7800,72200
2022-01-03 10:26:00,7800,7775,7800,7775,41500
2022-01-03 10:27:00,7775,7750,7775,7775,36200
2022-01-03 10:28:00,7775,7775,7775,7775,20200
2022-01-03 10:29:00,7775,7775,7775,7775,28100
2022-01-03 10:30:00,7775,7750,7775,7750,2500
2022-01-03 10:31:00,7750,7750,7775,7775,4200
2022-01-03 10:32:00,7775,7750,7775,7750,3100
2022-01-03 10:33:00,7750,7750,7775,7775,14200
2022-01-03 10:34:00,7775,7725,7775,7725,109200
2022-01-03 10:35:00,7725,7725,7750,7725,8100
2022-01-03 10:36:00,7750,7725,7750,7725,2200
2022-01-03 10:37:00,7700,7675,7700,7700,20800
2022-01-03 10:38:00,7700,7700,7700,7700,4100
2022-01-03 10:39:00,7700,7700,7700,7700,17000
2022-01-03 10:40:00,7700,7675,7700,7675,400
2022-01-03 10:41:00,7700,7700,7700,7700,7500
2022-01-03 10:42:00,7700,7675,7700,7700,1600
2022-01-03 10:43:00,7700,7675,7700,7700,1100
2022-01-03 10:44:00,7700,7700,7700,7700,1600
2022-01-03 10:45:00,7700,7675,7700,7700,6200
2022-01-03 10:46:00,7700,7700,7700,7700,3200
2022-01-03 10:47:00,7675,7675,7675,7675,1100
2022-01-03 10:48:00,7675,7675,7675,7675,2400
2022-01-03 10:49:00,7675,7675,7675,7675,200
2022-01-03 10:50:00,7675,7675,7675,7675,1100
2022-01-03 10:51:00,7675,7675,7700,7700,2600
2022-01-03 10:52:00,7700,7675,7700,7675,600
2022-01-03 10:53:00,7675,7675,7675,7675,100
2022-01-03 10:54:00,7675,7675,7675,7675,4100
2022-01-03 10:55:00,7675,7675,7675,7675,22700
2022-01-03 10:56:00,7675,7675,7675,7675,0
2022-01-03 10:57:00,7650,7650,7650,7650,4000
2022-01-03 10:58:00,7650,7650,7675,7675,1200
2022-01-03 10:59:00,7675,7650,7675,7650,91900
2022-01-03 11:00:00,7650,7650,7650,7650,4300
2022-01-03 11:01:00,7625,7625,7650,7650,17400
2022-01-03 11:02:00,7675,7675,7700,7700,16500
2022-01-03 11:03:00,7675,7675,7700,7675,700
2022-01-03 11:04:00,7675,7675,7675,7675,9200
2022-01-03 11:05:00,7650,7625,7650,7625,15700
2022-01-03 11:06:00,7625,7625,7625,7625,11000
2022-01-03 11:07:00,7650,7625,7650,7650,8800
2022-01-03 11:08:00,7650,7650,7650,7650,14500
2022-01-03 11:09:00,7650,7650,7650,7650,200
2022-01-03 11:10:00,7675,7675,7675,7675,1600
2022-01-03 11:11:00,7675,7675,7675,7675,15500
2022-01-03 11:12:00,7675,7650,7675,7650,500
2022-01-03 11:13:00,7700,7650,7700,7650,8600
2022-01-03 11:14:00,7675,7675,7675,7675,1400
2022-01-03 11:15:00,7675,7675,7675,7675,0
2022-01-03 11:16:00,7675,7675,7675,7675,100
2022-01-03 11:17:00,7675,7675,7675,7675,9200
2022-01-03 11:18:00,7675,7650,7675,7650,1200
2022-01-03 11:19:00,7650,7650,7650,7650,500
2022-01-03 11:20:00,7675,7675,7675,7675,200
2022-01-03 11:21:00,7675,7650,7675,7650,1100
2022-01-03 11:22:00,7650,7650,7650,7650,700
2022-01-03 11:23:00,7675,7650,7675,7650,700
2022-01-03 11:24:00,7675,7650,7675,7650,1200
2022-01-03 11:25:00,7675,7650,7675,7650,0
2022-01-03 11:26:00,7675,7675,7675,7675,29400
2022-01-03 11:27:00,7650,7650,7650,7650,1000
2022-01-03 11:28:00,7675,7675,7675,7675,4200
2022-01-03 11:29:00,7675,7650,7675,7650,4800
2022-01-03 11:30:00,7675,7650,7675,7650,0
2022-01-03 11:31:00,7675,7650,7675,7650,0
2022-01-03 11:32:00,7675,7650,7675,7650,0
2022-01-03 11:33:00,7675,7650,7675,7650,0
2022-01-03 11:34:00,7675,7650,7675,7650,0
2022-01-03 11:35:00,7675,7650,7675,7650,0
2022-01-03 11:36:00,7675,7650,7675,7650,0
2022-01-03 11:37:00,7675,7650,7675,7650,0
2022-01-03 11:38:00,7675,7650,7675,7650,0
2022-01-03 11:39:00,7675,7650,7675,7650,0
2022-01-03 11:40:00,7675,7650,7675,7650,0
2022-01-03 11:41:00,7675,7650,7675,7650,0
2022-01-03 11:42:00,7675,7650,7675,7650,0
2022-01-03 11:43:00,7675,7650,7675,7650,0
2022-01-03 11:44:00,7675,7650,7675,7650,0
2022-01-03 11:45:00,7675,7650,7675,7650,0
2022-01-03 11:46:00,7675,7650,7675,7650,0
2022-01-03 11:47:00,7675,7650,7675,7650,0
2022-01-03 11:48:00,7675,7650,7675,7650,0
2022-01-03 11:49:00,7675,7650,7675,7650,0
2022-01-03 11:50:00,7675,7650,7675,7650,0
2022-01-03 11:51:00,7675,7650,7675,7650,0
2022-01-03 11:52:00,7675,7650,7675,7650,0
2022-01-03 11:53:00,7675,7650,7675,7650,0
2022-01-03 11:54:00,7675,7650,7675,7650,0
2022-01-03 11:55:00,7675,7650,7675,7650,0
2022-01-03 11:56:00,7675,7650,7675,7650,0
2022-01-03 11:57:00,7675,7650,7675,7650,0
2022-01-03 11:58:00,7675,7650,7675,7650,0
2022-01-03 11:59:00,7675,7650,7675,7650,0
2022-01-03 12:00:00,7675,7650,7675,7650,0
2022-01-03 12:01:00,7675,7650,7675,7650,0
2022-01-03 12:02:00,7675,7650,7675,7650,0
2022-01-03 12:03:00,7675,7650,7675,7650,0
2022-01-03 12:04:00,7675,7650,7675,7650,0
2022-01-03 12:05:00,7675,7650,7675,7650,0
2022-01-03 12:06:00,7675,7650,7675,7650,0
2022-01-03 12:07:00,7675,7650,7675,7650,0
2022-01-03 12:08:00,7675,7650,7675,7650,0
2022-01-03 12:09:00,7675,7650,7675,7650,0
2022-01-03 12:10:00,7675,7650,7675,7650,0
2022-01-03 12:11:00,7675,7650,7675,7650,0
2022-01-03 12:12:00,7675,7650,7675,7650,0
2022-01-03 12:13:00,7675,7650,7675,7650,0
2022-01-03 12:14:00,7675,7650,7675,7650,0
2022-01-03 12:15:00,7675,7650,7675,7650,0
2022-01-03 12:16:00,7675,7650,7675,7650,0
2022-01-03 12:17:00,7675,7650,7675,7650,0
2022-01-03 12:18:00,7675,7650,7675,7650,0
2022-01-03 12:19:00,7675,7650,7675,7650,0
2022-01-03 12:20:00,7675,7650,7675,7650,0
2022-01-03 12:21:00,7675,7650,7675,7650,0
2022-01-03 12:22:00,7675,7650,7675,7650,0
2022-01-03 12:23:00,7675,7650,7675,7650,0
2022-01-03 12:24:00,7675,7650,7675,7650,0
2022-01-03 12:25:00,7675,7650,7675,7650,0
2022-01-03 12:26:00,7675,7650,7675,7650,0
2022-01-03 12:27:00,7675,7650,7675,7650,0
2022-01-03 12:28:00,7675,7650,7675,7650,0
2022-01-03 12:29:00,7675,7650,7675,7650,0
2022-01-03 12:30:00,7675,7650,7675,7650,0
2022-01-03 12:31:00,7675,7650,7675,7650,0
2022-01-03 12:32:00,7675,7650,7675,7650,0
2022-01-03 12:33:00,7675,7650,7675,7650,0
2022-01-03 12:34:00,7675,7650,7675,7650,0
2022-01-03 12:35:00,7675,7650,7675,7650,0
2022-01-03 12:36:00,7675,7650,7675,7650,0
2022-01-03 12:37:00,7675,7650,7675,7650,0
2022-01-03 12:38:00,7675,7650,7675,7650,0
2022-01-03 12:39:00,7675,7650,7675,7650,0
2022-01-03 12:40:00,7675,7650,7675,7650,0
2022-01-03 12:41:00,7675,7650,7675,7650,0
2022-01-03 12:42:00,7675,7650,7675,7650,0
2022-01-03 12:43:00,7675,7650,7675,7650,0
2022-01-03 12:44:00,7675,7650,7675,7650,0
2022-01-03 12:45:00,7675,7650,7675,7650,0
2022-01-03 12:46:00,7675,7650,7675,7650,0
2022-01-03 12:47:00,7675,7650,7675,7650,0
2022-01-03 12:48:00,7675,7650,7675,7650,0
2022-01-03 12:49:00,7675,7650,7675,7650,0
2022-01-03 12:50:00,7675,7650,7675,7650,0
2022-01-03 12:51:00,7675,7650,7675,7650,0
2022-01-03 12:52:00,7675,7650,7675,7650,0
2022-01-03 12:53:00,7675,7650,7675,7650,0
2022-01-03 12:54:00,7675,7650,7675,7650,0
2022-01-03 12:55:00,7675,7650,7675,7650,0
2022-01-03 12:56:00,7675,7650,7675,7650,0
2022-01-03 12:57:00,7675,7650,7675,7650,0
2022-01-03 12:58:00,7675,7650,7675,7650,0
2022-01-03 12:59:00,7675,7650,7675,7650,0
2022-01-03 13:00:00,7675,7650,7675,7650,0
2022-01-03 13:01:00,7675,7650,7675,7650,0
2022-01-03 13:02:00,7675,7650,7675,7650,0
2022-01-03 13:03:00,7675,7650,7675,7650,0
2022-01-03 13:04:00,7675,7650,7675,7650,0
2022-01-03 13:05:00,7675,7650,7675,7650,0
2022-01-03 13:06:00,7675,7650,7675,7650,0
2022-01-03 13:07:00,7675,7650,7675,7650,0
2022-01-03 13:08:00,7675,7650,7675,7650,0
2022-01-03 13:09:00,7675,7650,7675,7650,0
2022-01-03 13:10:00,7675,7650,7675,7650,0
2022-01-03 13:11:00,7675,7650,7675,7650,0
2022-01-03 13:12:00,7675,7650,7675,7650,0
2022-01-03 13:13:00,7675,7650,7675,7650,0
2022-01-03 13:14:00,7675,7650,7675,7650,0
2022-01-03 13:15:00,7675,7650,7675,7650,0
2022-01-03 13:16:00,7675,7650,7675,7650,0
2022-01-03 13:17:00,7675,7650,7675,7650,0
2022-01-03 13:18:00,7675,7650,7675,7650,0
2022-01-03 13:19:00,7675,7650,7675,7650,0
2022-01-03 13:20:00,7675,7650,7675,7650,0
2022-01-03 13:21:00,7675,7650,7675,7650,0
2022-01-03 13:22:00,7675,7650,7675,7650,0
2022-01-03 13:23:00,7675,7650,7675,7650,0
2022-01-03 13:24:00,7675,7650,7675,7650,0
2022-01-03 13:25:00,7675,7650,7675,7650,0
2022-01-03 13:26:00,7675,7650,7675,7650,0
2022-01-03 13:27:00,7675,7650,7675,7650,0
2022-01-03 13:28:00,7675,7650,7675,7650,0
2022-01-03 13:29:00,7675,7650,7675,7650,0
2022-01-03 13:30:00,7675,7650,7675,7650,8100
2022-01-03 13:31:00,7675,7650,7675,7650,0
2022-01-03 13:32:00,7675,7675,7675,7675,300
2022-01-03 13:33:00,7675,7675,7675,7675,19200
2022-01-03 13:34:00,7675,7675,7675,7675,0
2022-01-03 13:35:00,7675,7650,7675,7650,1900
2022-01-03 13:36:00,7675,7650,7675,7650,0
2022-01-03 13:37:00,7675,7675,7675,7675,200
2022-01-03 13:38:00,7650,7650,7675,7650,2900
2022-01-03 13:39:00,7650,7650,7700,7700,45700
2022-01-03 13:40:00,7700,7700,7700,7700,5900
2022-01-03 13:41:00,7700,7675,7700,7675,38600
2022-01-03 13:42:00,7700,7700,7700,7700,3600
2022-01-03 13:43:00,7700,7700,7700,7700,1400
2022-01-03 13:44:00,7700,7700,7700,7700,14700
2022-01-03 13:45:00,7700,7675,7700,7700,18100
2022-01-03 13:46:00,7700,7700,7700,7700,100
2022-01-03 13:47:00,7700,7700,7700,7700,100
2022-01-03 13:48:00,7700,7700,7700,7700,3400
2022-01-03 13:49:00,7725,7725,7725,7725,50500
2022-01-03 13:50:00,7725,7725,7725,7725,13600
2022-01-03 13:51:00,7725,7725,7725,7725,0
2022-01-03 13:52:00,7750,7725,7750,7725,5800
2022-01-03 13:53:00,7725,7725,7750,7750,12400
2022-01-03 13:54:00,7725,7725,7750,7725,39700
2022-01-03 13:55:00,7750,7700,7750,7700,5800
2022-01-03 13:56:00,7725,7700,7725,7700,18500
2022-01-03 13:57:00,7700,7675,7700,7675,10800
2022-01-03 13:58:00,7675,7675,7675,7675,3500
2022-01-03 13:59:00,7675,7675,7675,7675,1400
2022-01-03 14:00:00,7675,7675,7700,7700,23400
2022-01-03 14:01:00,7700,7675,7700,7675,2500
2022-01-03 14:02:00,7675,7675,7675,7675,23600
2022-01-03 14:03:00,7675,7675,7675,7675,200
2022-01-03 14:04:00,7675,7675,7675,7675,200
2022-01-03 14:05:00,7675,7675,7700,7700,19500
2022-01-03 14:06:00,7700,7700,7700,7700,500
2022-01-03 14:07:00,7725,7725,7725,7725,300
2022-01-03 14:08:00,7700,7700,7725,7725,2200
2022-01-03 14:09:00,7700,7700,7725,7700,13800
2022-01-03 14:10:00,7700,7700,7700,7700,4500
2022-01-03 14:11:00,7700,7700,7700,7700,4000
2022-01-03 14:12:00,7700,7700,7700,7700,1900
2022-01-03 14:13:00,7675,7675,7700,7700,2600
2022-01-03 14:14:00,7700,7700,7700,7700,1400
2022-01-03 14:15:00,7700,7700,7700,7700,700
2022-01-03 14:16:00,7700,7700,7700,7700,500
2022-01-03 14:17:00,7700,7700,7700,7700,1700
2022-01-03 14:18:00,7700,7700,7700,7700,0
2022-01-03 14:19:00,7675,7675,7675,7675,16400
2022-01-03 14:20:00,7675,7675,7700,7700,1200
2022-01-03 14:21:00,7675,7675,7675,7675,100
2022-01-03 14:22:00,7675,7675,7675,7675,5500
2022-01-03 14:23:00,7675,7675,7675,7675,1000
2022-01-03 14:24:00,7700,7675,7700,7700,16900
2022-01-03 14:25:00,7700,7675,7725,7700,29800
2022-01-03 14:26:00,7725,7700,7725,7700,1100
2022-01-03 14:27:00,7725,7725,7725,7725,1900
2022-01-03 14:28:00,7725,7700,7725,7725,5100
2022-01-03 14:29:00,7725,7700,7725,7700,400
2022-01-03 14:30:00,7700,7700,7725,7700,29000
2022-01-03 14:31:00,7700,7675,7700,7700,13300
2022-01-03 14:32:00,7675,7675,7700,7700,5800
2022-01-03 14:33:00,7700,7700,7700,7700,2000
2022-01-03 14:34:00,7675,7675,7700,7700,1700
2022-01-03 14:35:00,7700,7675,7700,7700,2200
2022-01-03 14:36:00,7675,7675,7700,7700,400
2022-01-03 14:37:00,7700,7675,7700,7700,25300
2022-01-03 14:38:00,7675,7675,7700,7675,22600
2022-01-03 14:39:00,7675,7675,7700,7675,5800
2022-01-03 14:40:00,7675,7675,7700,7675,6000
2022-01-03 14:41:00,7700,7675,7700,7700,1600
2022-01-03 14:42:00,7675,7675,7675,7675,3500
2022-01-03 14:43:00,7675,7650,7675,7650,83600
2022-01-03 14:44:00,7650,7650,7700,7700,43400
2022-01-03 14:45:00,7700,7675,7700,7675,28600
2022-01-03 14:46:00,7675,7675,7700,7700,4800
2022-01-03 14:47:00,7700,7675,7700,7675,16200
2022-01-03 14:48:00,7675,7675,7700,7675,60800
2022-01-03 14:49:00,7675,7675,7700,7700,41500
2022-01-03 14:50:00,7675,7675,7700,7700,0
2022-01-03 14:51:00,7675,7675,7700,7700,0
2022-01-03 14:52:00,7675,7675,7700,7700,0
2022-01-03 14:53:00,7675,7675,7700,7700,0
2022-01-03 14:54:00,7675,7675,7700,7700,0
2022-01-03 14:55:00,7675,7675,7700,7700,0
2022-01-03 14:56:00,7675,7675,7700,7700,0
2022-01-03 14:57:00,7675,7675,7700,7700,0
2022-01-03 14:58:00,7675,7675,7700,7700,0
2022-01-03 14:59:00,7675,7675,7700,7700,0
2022-01-03 15:00:00,7700,7700,7700,7700,95400
2022-01-03 15:01:00,7700,7700,7700,7700,11600
2022-01-03 15:02:00,7700,7700,7700,7700,4000
2022-01-03 15:03:00,7700,7700,7700,7700,15500
2022-01-03 15:04:00,7700,7700,7700,7700,600
2022-01-03 15:05:00,7700,7700,7700,7700,5500
2022-01-03 15:06:00,7700,7700,7700,7700,4000
2022-01-03 15:07:00,7700,7700,7700,7700,0
2022-01-03 15:08:00,7700,7700,7700,7700,1300
2022-01-03 15:09:00,7700,7700,7700,7700,0
2022-01-03 15:10:00,7700,7700,7700,7700,0
2022-01-03 15:11:00,7700,7700,7700,7700,0
2022-01-03 15:12:00,7700,7700,7700,7700,200
2022-01-03 15:13:00,7700,7700,7700,7700,300
2022-01-03 15:14:00,7700,7700,7700,7700,100
2022-01-03 15:15:00,7700,7700,7700,7700,0
2022-01-03 15:16:00,7700,7700,7700,7700,0
2022-01-03 15:17:00,7700,7700,7700,7700,0
2022-01-03 15:18:00,7700,7700,7700,7700,0
2022-01-03 15:19:00,7700,7700,7700,7700,0
2022-01-03 15:20:00,7700,7700,7700,7700,0
2022-01-03 15:21:00,7700,7700,7700,7700,0
2022-01-03 15:22:00,7700,7700,7700,7700,0
2022-01-03 15:23:00,7700,7700,7700,7700,0
2022-01-03 15:24:00,7700,7700,7700,7700,0
2022-01-03 15:25:00,7700,7700,7700,7700,0
2022-01-03 15:26:00,7700,7700,7700,7700,0
2022-01-03 15:27:00,7700,7700,7700,7700,0
2022-01-03 15:28:00,7700,7700,7700,7700,0
2022-01-03 15:29:00,7700,7700,7700,7700,0
2022-01-03 15:30:00,7700,7700,7700,7700,0
2022-01-03 15:31:00,7700,7700,7700,7700,0
2022-01-03 15:32:00,7700,7700,7700,7700,0
2022-01-03 15:33:00,7700,7700,7700,7700,0
2022-01-03 15:34:00,7700,7700,7700,7700,0
2022-01-03 15:35:00,7700,7700,7700,7700,0
2022-01-03 15:36:00,7700,7700,7700,7700,0
2022-01-03 15:37:00,7700,7700,7700,7700,0
2022-01-03 15:38:00,7700,7700,7700,7700,0
2022-01-03 15:39:00,7700,7700,7700,7700,0
2022-01-03 15:40:00,7700,7700,7700,7700,0
2022-01-03 15:41:00,7700,7700,7700,7700,0
2022-01-03 15:42:00,7700,7700,7700,7700,0
2022-01-03 15:43:00,7700,7700,7700,7700,0
2022-01-03 15:44:00,7700,7700,7700,7700,0
2022-01-03 15:45:00,7700,7700,7700,7700,0
2022-01-03 15:46:00,7700,7700,7700,7700,0
2022-01-03 15:47:00,7700,7700,7700,7700,0
2022-01-03 15:48:00,7700,7700,7700,7700,0
2022-01-03 15:49:00,7700,7700,7700,7700,0
2022-01-03 15:50:00,7700,7700,7700,7700,0
2022-01-03 15:51:00,7700,7700,7700,7700,0
2022-01-03 15:52:00,7700,7700,7700,7700,0
2022-01-03 15:53:00,7700,7700,7700,7700,0
2022-01-03 15:54:00,7700,7700,7700,7700,0
2022-01-03 15:55:00,7700,7700,7700,7700,0
2022-01-03 15:56:00,7700,7700,7700,7700,0
2022-01-03 15:57:00,7700,7700,7700,7700,0
2022-01-03 15:58:00,7700,7700,7700,7700,0
2022-01-03 15:59:00,7700,7700,7700,7700,0
2022-01-04 09:00:00,7700,7700,7700,7700,0
2022-01-04 09:01:00,7700,7700,7725,7725,2600
2022-01-04 09:02:00,7725,7725,7750,7750,21000
2022-01-04 09:03:00,7750,7750,7775,7775,9100
2022-01-04 09:04:00,7775,7775,7775,7775,18900
2022-01-04 09:05:00,7775,7775,7775,7775,18300
2022-01-04 09:06:00,7750,7750,7750,7750,28900
2022-01-04 09:07:00,7750,7725,7750,7725,21600
2022-01-04 09:08:00,7725,7725,7725,7725,1700
2022-01-04 09:09:00,7750,7725,7750,7725,7300
2022-01-04 09:10:00,7750,7725,7750,7725,1100
2022-01-04 09:11:00,7725,7725,7725,7725,5000
2022-01-04 09:12:00,7750,7725,7750,7725,200
2022-01-04 09:13:00,7725,7725,7725,7725,12200
2022-01-04 09:14:00,7725,7725,7750,7725,15700
2022-01-04 09:15:00,7725,7725,7750,7750,2300
2022-01-04 09:16:00,7750,7750,7750,7750,4400
2022-01-04 09:17:00,7750,7725,7750,7750,15600
2022-01-04 09:18:00,7750,7750,7775,7750,18500
2022-01-04 09:19:00,7775,7750,7775,7775,17500
2022-01-04 09:20:00,7775,7775,7775,7775,2000
2022-01-04 09:21:00,7775,7775,7775,7775,7400
2022-01-04 09:22:00,7775,7775,7800,7775,12600
2022-01-04 09:23:00,7775,7750,7775,7750,3000
2022-01-04 09:24:00,7750,7750,7750,7750,15000
2022-01-04 09:25:00,7750,7750,7775,7775,6700
2022-01-04 09:26:00,7750,7750,7750,7750,1800
2022-01-04 09:27:00,7750,7750,7750,7750,14400
2022-01-04 09:28:00,7750,7750,7750,7750,100
2022-01-04 09:29:00,7750,7725,7750,7750,7900
2022-01-04 09:30:00,7725,7725,7750,7725,4800
2022-01-04 09:31:00,7725,7725,7750,7750,1300
2022-01-04 09:32:00,7725,7725,7725,7725,1100
2022-01-04 09:33:00,7725,7725,7750,7750,4200
2022-01-04 09:34:00,7750,7725,7750,7725,2900
2022-01-04 09:35:00,7725,7725,7725,7725,100
2022-01-04 09:36:00,7750,7750,7750,7750,400
2022-01-04 09:37:00,7750,7750,7750,7750,500
2022-01-04 09:38:00,7725,7725,7750,7750,1500
2022-01-04 09:39:00,7725,7725,7725,7725,1000
2022-01-04 09:40:00,7725,7725,7725,7725,1600
2022-01-04 09:41:00,7750,7725,7750,7725,6600
2022-01-04 09:42:00,7725,7725,7725,7725,1700
2022-01-04 09:43:00,7725,7725,7725,7725,100
2022-01-04 09:44:00,7725,7725,7725,7725,50300
2022-01-04 09:45:00,7700,7700,7725,7725,6300
2022-01-04 09:46:00,7725,7725,7725,7725,500
2022-01-04 09:47:00,7725,7725,7725,7725,1000
2022-01-04 09:48:00,7725,7725,7725,7725,2000
2022-01-04 09:49:00,7725,7725,7725,7725,200
2022-01-04 09:50:00,7725,7725,7725,7725,100
2022-01-04 09:51:00,7725,7725,7725,7725,300
2022-01-04 09:52:00,7700,7700,7725,7700,5700
2022-01-04 09:53:00,7725,7725,7725,7725,10500
2022-01-04 09:54:00,7725,7700,7725,7725,4300
2022-01-04 09:55:00,7725,7725,7725,7725,1500
2022-01-04 09:56:00,7725,7700,7725,7700,3300
2022-01-04 09:57:00,7700,7700,7700,7700,83900
2022-01-04 09:58:00,7700,7700,7725,7700,19400
2022-01-04 09:59:00,7725,7725,7725,7725,200
2022-01-04 10:00:00,7725,7725,7725,7725,2300
2022-01-04 10:01:00,7725,7725,7725,7725,100
2022-01-04 10:02:00,7700,7700,7725,7725,24700
2022-01-04 10:03:00,7750,7725,7750,7725,4900
2022-01-04 10:04:00,7725,7725,7725,7725,1000
2022-01-04 10:05:00,7725,7725,7750,7750,5300
2022-01-04 10:06:00,7725,7725,7725,7725,3500
2022-01-04 10:07:00,7725,7725,7725,7725,600
2022-01-04 10:08:00,7725,7725,7725,7725,0
2022-01-04 10:09:00,7750,7750,7750,7750,5000
2022-01-04 10:10:00,7725,7725,7725,7725,1000
2022-01-04 10:11:00,7725,7725,7725,7725,12400
2022-01-04 10:12:00,7725,7725,7725,7725,0
2022-01-04 10:13:00,7725,7725,7725,7725,100
2022-01-04 10:14:00,7725,7725,7725,7725,200
2022-01-04 10:15:00,7700,7700,7700,7700,500
2022-01-04 10:16:00,7700,7700,7700,7700,0
2022-01-04 10:17:00,7700,7700,7700,7700,8900
2022-01-04 10:18:00,7700,7700,7700,7700,30400
2022-01-04 10:19:00,7700,7700,7700,7700,16200
2022-01-04 10:20:00,7700,7700,7700,7700,700
2022-01-04 10:21:00,7700,7700,7700,7700,600
2022-01-04 10:22:00,7700,7700,7725,7725,6000
2022-01-04 10:23:00,7725,7725,7725,7725,1100
2022-01-04 10:24:00,7725,7725,7725,7725,1000
2022-01-04 10:25:00,7725,7725,7725,7725,200
2022-01-04 10:26:00,7725,7725,7725,7725,2500
2022-01-04 10:27:00,7725,7725,7725,7725,100
2022-01-04 10:28:00,7725,7725,7725,7725,200
2022-01-04 10:29:00,7700,7700,7700,7700,17600
2022-01-04 10:30:00,7700,7700,7725,7725,900
2022-01-04 10:31:00,7700,7700,7700,7700,1400
2022-01-04 10:32:00,7700,7700,7700,7700,12600
2022-01-04 10:33:00,7700,7700,7700,7700,700
2022-01-04 10:34:00,7700,7700,7700,7700,400
2022-01-04 10:35:00,7700,7700,7700,7700,500
2022-01-04 10:36:00,7700,7700,7700,7700,3100
2022-01-04 10:37:00,7700,7700,7700,7700,3500
2022-01-04 10:38:00,7700,7700,7700,7700,3600
2022-01-04 10:39:00,7700,7700,7700,7700,7000
2022-01-04 10:40:00,7700,7675,7700,7675,12600
2022-01-04 10:41:00,7700,7675,7700,7675,300
2022-01-04 10:42:00,7700,7675,7700,7675,7400
2022-01-04 10:43:00,7675,7675,7700,7700,700
2022-01-04 10:44:00,7675,7675,7675,7675,4200
2022-01-04 10:45:00,7675,7675,7675,7675,3500
2022-01-04 10:46:00,7675,7675,7675,7675,5100
2022-01-04 10:47:00,7675,7675,7675,7675,400
2022-01-04 10:48:00,7675,7675,7675,7675,600
2022-01-04 10:49:00,7700,7675,7700,7675,1100
2022-01-04 10:50:00,7675,7675,7675,7675,1700
2022-01-04 10:51:00,7700,7700,7700,7700,100
2022-01-04 10:52:00,7700,7700,7700,7700,0
2022-01-04 10:53:00,7675,7675,7675,7675,100
2022-01-04 10:54:00,7675,7675,7675,7675,500
2022-01-04 10:55:00,7675,7675,7675,7675,0
2022-01-04 10:56:00,7675,7675,7675,7675,2800
2022-01-04 10:57:00,7700,7700,7700,7700,6000
2022-01-04 10:58:00,7700,7700,7700,7700,0
2022-01-04 10:59:00,7700,7700,7700,7700,100
2022-01-04 11:00:00,7675,7675,7675,7675,3300
2022-01-04 11:01:00,7675,7675,7675,7675,0
2022-01-04 11:02:00,7675,7675,7675,7675,7700
2022-01-04 11:03:00,7675,7675,7675,7675,5600
2022-01-04 11:04:00,7675,7675,7675,7675,500
2022-01-04 11:05:00,7675,7675,7675,7675,0
2022-01-04 11:06:00,7675,7675,7675,7675,0
2022-01-04 11:07:00,7675,7675,7675,7675,0
2022-01-04 11:08:00,7675,7675,7675,7675,100
2022-01-04 11:09:00,7675,7675,7675,7675,500
2022-01-04 11:10:00,7675,7675,7675,7675,100
2022-01-04 11:11:00,7675,7675,7675,7675,15100
2022-01-04 11:12:00,7700,7675,7700,7700,2700
2022-01-04 11:13:00,7675,7675,7675,7675,300
2022-01-04 11:14:00,7700,7700,7700,7700,1100
2022-01-04 11:15:00,7675,7675,7675,7675,17700
2022-01-04 11:16:00,7675,7675,7675,7675,0
2022-01-04 11:17:00,7675,7675,7675,7675,200
2022-01-04 11:18:00,7675,7675,7675,7675,1200
2022-01-04 11:19:00,7675,7650,7675,7675,25600
2022-01-04 11:20:00,7675,7650,7675,7650,1200
2022-01-04 11:21:00,7675,7650,7675,7675,1200
2022-01-04 11:22:00,7650,7650,7650,7650,3200
2022-01-04 11:23:00,7650,7650,7650,7650,600
2022-01-04 11:24:00,7650,7650,7650,7650,300
2022-01-04 11:25:00,7650,7650,7675,7675,900
2022-01-04 11:26:00,7650,7650,7650,7650,6000
2022-01-04 11:27:00,7650,7650,7650,7650,300
2022-01-04 11:28:00,7650,7650,7650,7650,100600
2022-01-04 11:29:00,7650,7650,7650,7650,3500
2022-01-04 11:30:00,7650,7650,7650,7650,0
2022-01-04 11:31:00,7650,7650,7650,7650,0
2022-01-04 11:32:00,7650,7650,7650,7650,0
2022-01-04 11:33:00,7650,7650,7650,7650,0
2022-01-04 11:34:00,7650,7650,7650,7650,0
2022-01-04 11:35:00,7650,7650,7650,7650,0
2022-01-04 11:36:00,7650,7650,7650,7650,0
2022-01-04 11:37:00,7650,7650,7650,7650,0
2022-01-04 11:38:00,7650,7650,7650,7650,0
2022-01-04 11:39:00,7650,7650,7650,7650,0
2022-01-04 11:40:00,7650,7650,7650,7650,0
2022-01-04 11:41:00,7650,7650,7650,7650,0
2022-01-04 11:42:00,7650,7650,7650,7650,0
2022-01-04 11:43:00,7650,7650,7650,7650,0
2022-01-04 11:44:00,7650,7650,7650,7650,0
2022-01-04 11:45:00,7650,7650,7650,7650,0
2022-01-04 11:46:00,7650,7650,7650,7650,0
2022-01-04 11:47:00,7650,7650,7650,7650,0
2022-01-04 11:48:00,7650,7650,7650,7650,0
2022-01-04 11:49:00,7650,7650,7650,7650,0
2022-01-04 11:50:00,7650,7650,7650,7650,0
2022-01-04 11:51:00,7650,7650,7650,7650,0
2022-01-04 11:52:00,7650,7650,7650,7650,0
2022-01-04 11:53:00,7650,7650,7650,7650,0
2022-01-04 11:54:00,7650,7650,7650,7650,0
2022-01-04 11:55:00,7650,7650,7650,7650,0
2022-01-04 11:56:00,7650,7650,7650,7650,0
2022-01-04 11:57:00,7650,7650,7650,7650,0
2022-01-04 11:58:00,7650,7650,7650,7650,0
2022-01-04 11:59:00,7650,7650,7650,7650,0
2022-01-04 12:00:00,7650,7650,7650,7650,0
2022-01-04 12:01:00,7650,7650,7650,7650,0
2022-01-04 12:02:00,7650,7650,7650,7650,0
2022-01-04 12:03:00,7650,7650,7650,7650,0
2022-01-04 12:04:00,7650,7650,7650,7650,0
2022-01-04 12:05:00,7650,7650,7650,7650,0
2022-01-04 12:06:00,7650,7650,7650,7650,0
2022-01-04 12:07:00,7650,7650,7650,7650,0
2022-01-04 12:08:00,7650,7650,7650,7650,0
2022-01-04 12:09:00,7650,7650,7650,7650,0
2022-01-04 12:10:00,7650,7650,7650,7650,0
2022-01-04 12:11:00,7650,7650,7650,7650,0
2022-01-04 12:12:00,7650,7650,7650,7650,0
2022-01-04 12:13:00,7650,7650,7650,7650,0
2022-01-04 12:14:00,7650,7650,7650,7650,0
2022-01-04 12:15:00,7650,7650,7650,7650,0
2022-01-04 12:16:00,7650,7650,7650,7650,0
2022-01-04 12:17:00,7650,7650,7650,7650,0
2022-01-04 12:18:00,7650,7650,7650,7650,0
2022-01-04 12:19:00,7650,7650,7650,7650,0
2022-01-04 12:20:00,7650,7650,7650,7650,0
2022-01-04 12:21:00,7650,7650,7650,7650,0
2022-01-04 12:22:00,7650,7650,7650,7650,0
2022-01-04 12:23:00,7650,7650,7650,7650,0
2022-01-04 12:24:00,7650,7650,7650,7650,0
2022-01-04 12:25:00,7650,7650,7650,7650,0
2022-01-04 12:26:00,7650,7650,7650,7650,0
2022-01-04 12:27:00,7650,7650,7650,7650,0
2022-01-04 12:28:00,7650,7650,7650,7650,0
2022-01-04 12:29:00,7650,7650,7650,7650,0
2022-01-04 12:30:00,7650,7650,7650,7650,0
2022-01-04 12:31:00,7650,7650,7650,7650,0
2022-01-04 12:32:00,7650,7650,7650,7650,0
2022-01-04 12:33:00,7650,7650,7650,7650,0
2022-01-04 12:34:00,7650,7650,7650,7650,0
2022-01-04 12:35:00,7650,7650,7650,7650,0
2022-01-04 12:36:00,7650,7650,7650,7650,0
2022-01-04 12:37:00,7650,7650,7650,7650,0
2022-01-04 12:38:00,7650,7650,7650,7650,0
2022-01-04 12:39:00,7650,7650,7650,7650,0
2022-01-04 12:40:00,7650,7650,7650,7650,0
2022-01-04 12:41:00,7650,7650,7650,7650,0
2022-01-04 12:42:00,7650,7650,7650,7650,0
2022-01-04 12:43:00,7650,7650,7650,7650,0
2022-01-04 12:44:00,7650,7650,7650,7650,0
2022-01-04 12:45:00,7650,7650,7650,7650,0
2022-01-04 12:46:00,7650,7650,7650,7650,0
2022-01-04 12:47:00,7650,7650,7650,7650,0
2022-01-04 12:48:00,7650,7650,7650,7650,0
2022-01-04 12:49:00,7650,7650,7650,7650,0
2022-01-04 12:50:00,7650,7650,7650,7650,0
2022-01-04 12:51:00,7650,7650,7650,7650,0
2022-01-04 12:52:00,7650,7650,7650,7650,0
2022-01-04 12:53:00,7650,7650,7650,7650,0
2022-01-04 12:54:00,7650,7650,7650,7650,0
2022-01-04 12:55:00,7650,7650,7650,7650,0
2022-01-04 12:56:00,7650,7650,7650,7650,0
2022-01-04 12:57:00,7650,7650,7650,7650,0
2022-01-04 12:58:00,7650,7650,7650,7650,0
2022-01-04 12:59:00,7650,7650,7650,7650,0
2022-01-04 13:00:00,7650,7650,7650,7650,0
2022-01-04 13:01:00,7650,7650,7650,7650,0
2022-01-04 13:02:00,7650,7650,7650,7650,0
2022-01-04 13:03:00,7650,7650,7650,7650,0
2022-01-04 13:04:00,7650,7650,7650,7650,0
2022-01-04 13:05:00,7650,7650,7650,7650,0
2022-01-04 13:06:00,7650,7650,7650,7650,0
2022-01-04 13:07:00,7650,7650,7650,7650,0
2022-01-04 13:08:00,7650,7650,7650,7650,0
2022-01-04 13:09:00,7650,7650,7650,7650,0
2022-01-04 13:10:00,7650,7650,7650,7650,0
2022-01-04 13:11:00,7650,7650,7650,7650,0
2022-01-04 13:12:00,7650,7650,7650,7650,0
2022-01-04 13:13:00,7650,7650,7650,7650,0
2022-01-04 13:14:00,7650,7650,7650,7650,0
2022-01-04 13:15:00,7650,7650,7650,7650,0
2022-01-04 13:16:00,7650,7650,7650,7650,0
2022-01-04 13:17:00,7650,7650,7650,7650,0
2022-01-04 13:18:00,7650,7650,7650,7650,0
2022-01-04 13:19:00,7650,7650,7650,7650,0
2022-01-04 13:20:00,7650,7650,7650,7650,0
2022-01-04 13:21:00,7650,7650,7650,7650,0
2022-01-04 13:22:00,7650,7650,7650,7650,0
2022-01-04 13:23:00,7650,7650,7650,7650,0
2022-01-04 13:24:00,7650,7650,7650,7650,0
2022-01-04 13:25:00,7650,7650,7650,7650,0
2022-01-04 13:26:00,7650,7650,7650,7650,0
2022-01-04 13:27:00,7650,7650,7650,7650,0
2022-01-04 13:28:00,7650,7650,7650,7650,0
2022-01-04 13:29:00,7650,7650,7650,7650,0
2022-01-04 13:30:00,7650,7625,7650,7625,43800
2022-01-04 13:31:00,7650,7625,7650,7625,0
2022-01-04 13:32:00,7625,7625,7650,7650,1600
2022-01-04 13:33:00,7650,7650,7650,7650,5600
2022-01-04 13:34:00,7650,7650,7650,7650,200
2022-01-04 13:35:00,7650,7650,7650,7650,100
2022-01-04 13:36:00,7650,7650,7650,7650,21400
2022-01-04 13:37:00,7650,7650,7650,7650,800
2022-01-04 13:38:00,7650,7650,7650,7650,8200
2022-01-04 13:39:00,7650,7650,7650,7650,2100
2022-01-04 13:40:00,7650,7650,7650,7650,1700
2022-01-04 13:41:00,7650,7650,7650,7650,7000
2022-01-04 13:42:00,7650,7625,7650,7650,25200
2022-01-04 13:43:00,7650,7625,7650,7650,30300
2022-01-04 13:44:00,7625,7625,7625,7625,4100
2022-01-04 13:45:00,7625,7600,7625,7600,14500
2022-01-04 13:46:00,7600,7600,7625,7625,1400
2022-01-04 13:47:00,7625,7600,7625,7600,8000
2022-01-04 13:48:00,7600,7600,7600,7600,11900
2022-01-04 13:49:00,7600,7600,7625,7625,4300
2022-01-04 13:50:00,7625,7600,7625,7600,5800
2022-01-04 13:51:00,7600,7600,7625,7600,1600
2022-01-04 13:52:00,7600,7600,7600,7600,2600
2022-01-04 13:53:00,7625,7600,7625,7600,400
2022-01-04 13:54:00,7600,7600,7600,7600,1400
2022-01-04 13:55:00,7600,7600,7625,7600,700
2022-01-04 13:56:00,7600,7600,7600,7600,2800
2022-01-04 13:57:00,7600,7600,7625,7600,9500
2022-01-04 13:58:00,7600,7600,7625,7600,0
2022-01-04 13:59:00,7600,7600,7600,7600,11800
2022-01-04 14:00:00,7600,7600,7600,7600,16000
2022-01-04 14:01:00,7600,7600,7600,7600,4500
2022-01-04 14:02:00,7625,7600,7625,7625,11700
2022-01-04 14:03:00,7625,7625,7625,7625,4100
2022-01-04 14:04:00,7625,7625,7625,7625,700
2022-01-04 14:05:00,7625,7625,7625,7625,1400
2022-01-04 14:06:00,7625,7625,7625,7625,600
2022-01-04 14:07:00,7625,7625,7625,7625,16100
2022-01-04 14:08:00,7625,7625,7650,7650,1000
2022-01-04 14:09:00,7625,7625,7650,7650,0
2022-01-04 14:10:00,7650,7625,7650,7625,3400
2022-01-04 14:11:00,7625,7625,7625,7625,100
2022-01-04 14:12:00,7625,7625,7625,7625,7100
2022-01-04 14:13:00,7650,7650,7650,7650,1500
2022-01-04 14:14:00,7650,7650,7650,7650,500
2022-01-04 14:15:00,7650,7650,7650,7650,100
2022-01-04 14:16:00,7650,7650,7650,7650,100
2022-01-04 14:17:00,7625,7625,7625,7625,14100
2022-01-04 14:18:00,7625,7625,7625,7625,200
2022-01-04 14:19:00,7625,7625,7625,7625,0
2022-01-04 14:20:00,7625,7600,7625,7600,40000
2022-01-04 14:21:00,7600,7600,7625,7600,40600
2022-01-04 14:22:00,7625,7625,7650,7650,4400
2022-01-04 14:23:00,7650,7650,7650,7650,5000
2022-01-04 14:24:00,7625,7625,7650,7625,1800
2022-01-04 14:25:00,7650,7650,7650,7650,200
2022-01-04 14:26:00,7650,7650,7650,7650,0
2022-01-04 14:27:00,7650,7650,7650,7650,23200
2022-01-04 14:28:00,7650,7650,7650,7650,0
2022-01-04 14:29:00,7650,7650,7650,7650,0
2022-01-04 14:30:00,7675,7675,7675,7675,8200
2022-01-04 14:31:00,7675,7675,7675,7675,1000
2022-01-04 14:32:00,7675,7675,7675,7675,0
2022-01-04 14:33:00,7675,7675,7675,7675,0
2022-01-04 14:34:00,7675,7675,7700,7700,1500
2022-01-04 14:35:00,7675,7675,7700,7700,0
2022-01-04 14:36:00,7700,7700,7700,7700,10100
2022-01-04 14:37:00,7700,7700,7700,7700,100
2022-01-04 14:38:00,7675,7675,7675,7675,2500
2022-01-04 14:39:00,7700,7700,7700,7700,17700
2022-01-04 14:40:00,7700,7675,7700,7675,1400
2022-01-04 14:41:00,7675,7675,7675,7675,2600
2022-01-04 14:42:00,7675,7675,7700,7700,9000
2022-01-04 14:43:00,7700,7675,7700,7675,4600
2022-01-04 14:44:00,7675,7675,7700,7700,2500
2022-01-04 14:45:00,7700,7675,7700,7675,7600
2022-01-04 14:46:00,7700,7675,7700,7675,0
2022-01-04 14:47:00,7675,7675,7700,7700,900
2022-01-04 14:48:00,7675,7675,7700,7700,2100
2022-01-04 14:49:00,7700,7650,7700,7650,52800
2022-01-04 14:50:00,7700,7650,7700,7650,0
2022-01-04 14:51:00,7700,7650,7700,7650,0
2022-01-04 14:52:00,7700,7650,7700,7650,0
2022-01-04 14:53:00,7700,7650,7700,7650,0
2022-01-04 14:54:00,7700,7650,7700,7650,0
2022-01-04 14:55:00,7700,7650,7700,7650,0
2022-01-04 14:56:00,7700,7650,7700,7650,0
2022-01-04 14:57:00,7700,7650,7700,7650,0
2022-01-04 14:58:00,7700,7650,7700,7650,0
2022-01-04 14:59:00,7700,7650,7700,7650,0
2022-01-04 15:00:00,7575,7575,7575,7575,540600
2022-01-04 15:01:00,7575,7575,7575,7575,16100
2022-01-04 15:02:00,7575,7575,7575,7575,32100
2022-01-04 15:03:00,7575,7575,7575,7575,5300
2022-01-04 15:04:00,7575,7575,7575,7575,20700
2022-01-04 15:05:00,7575,7575,7575,7575,100
2022-01-04 15:06:00,7575,7575,7575,7575,100
2022-01-04 15:07:00,7575,7575,7575,7575,700
2022-01-04 15:08:00,7575,7575,7575,7575,100
2022-01-04 15:09:00,7575,7575,7575,7575,2700
2022-01-04 15:10:00,7575,7575,7575,7575,0
2022-01-04 15:11:00,7575,7575,7575,7575,2300
2022-01-04 15:12:00,7575,7575,7575,7575,0
2022-01-04 15:13:00,7575,7575,7575,7575,0
2022-01-04 15:14:00,7575,7575,7575,7575,0
2022-01-04 15:15:00,7575,7575,7575,7575,0
2022-01-04 15:16:00,7575,7575,7575,7575,0
2022-01-04 15:17:00,7575,7575,7575,7575,0
2022-01-04 15:18:00,7575,7575,7575,7575,0
2022-01-04 15:19:00,7575,7575,7575,7575,0
2022-01-04 15:20:00,7575,7575,7575,7575,0
2022-01-04 15:21:00,7575,7575,7575,7575,0
2022-01-04 15:22:00,7575,7575,7575,7575,0
2022-01-04 15:23:00,7575,7575,7575,7575,0
2022-01-04 15:24:00,7575,7575,7575,7575,0
2022-01-04 15:25:00,7575,7575,7575,7575,0
2022-01-04 15:26:00,7575,7575,7575,7575,0
2022-01-04 15:27:00,7575,7575,7575,7575,0
2022-01-04 15:28:00,7575,7575,7575,7575,0
2022-01-04 15:29:00,7575,7575,7575,7575,0
2022-01-04 15:30:00,7575,7575,7575,7575,0
2022-01-04 15:31:00,7575,7575,7575,7575,0
2022-01-04 15:32:00,7575,7575,7575,7575,0
2022-01-04 15:33:00,7575,7575,7575,7575,0
2022-01-04 15:34:00,7575,7575,7575,7575,0
2022-01-04 15:35:00,7575,7575,7575,7575,0
2022-01-04 15:36:00,7575,7575,7575,7575,0
2022-01-04 15:37:00,7575,7575,7575,7575,0
2022-01-04 15:38:00,7575,7575,7575,7575,0
2022-01-04 15:39:00,7575,7575,7575,7575,0
2022-01-04 15:40:00,7575,7575,7575,7575,0
2022-01-04 15:41:00,7575,7575,7575,7575,0
2022-01-04 15:42:00,7575,7575,7575,7575,0
2022-01-04 15:43:00,7575,7575,7575,7575,0
2022-01-04 15:44:00,7575,7575,7575,7575,0
2022-01-04 15:45:00,7575,7575,7575,7575,0
2022-01-04 15:46:00,7575,7575,7575,7575,0
2022-01-04 15:47:00,7575,7575,7575,7575,0
2022-01-04 15:48:00,7575,7575,7575,7575,0
2022-01-04 15:49:00,7575,7575,7575,7575,0
2022-01-04 15:50:00,7575,7575,7575,7575,0
2022-01-04 15:51:00,7575,7575,7575,7575,0
2022-01-04 15:52:00,7575,7575,7575,7575,0
2022-01-04 15:53:00,7575,7575,7575,7575,0
2022-01-04 15:54:00,7575,7575,7575,7575,0
2022-01-04 15:55:00,7575,7575,7575,7575,0
2022-01-04 15:56:00,7575,7575,7575,7575,0
2022-01-04 15:57:00,7575,7575,7575,7575,0
2022-01-04 15:58:00,7575,7575,7575,7575,0
2022-01-04 15:59:00,7575,7575,7575,7575,0
2022-01-05 09:00:00,7600,7600,7600,7600,600
2022-01-05 09:01:00,7600,7600,7625,7625,2800
2022-01-05 09:02:00,7625,7625,7650,7625,10700
2022-01-05 09:03:00,7625,7625,7625,7625,10300
2022-01-05 09:04:00,7625,7625,7625,7625,400
2022-01-05 09:05:00,7625,7625,7625,7625,3900
2022-01-05 09:06:00,7625,7625,7625,7625,3100
2022-01-05 09:07:00,7600,7600,7625,7625,1900
2022-01-05 09:08:00,7625,7600,7625,7600,3100
2022-01-05 09:09:00,7625,7600,7625,7600,0
2022-01-05 09:10:00,7625,7600,7625,7600,10000
2022-01-05 09:11:00,7625,7625,7625,7625,300
2022-01-05 09:12:00,7625,7625,7625,7625,4100
2022-01-05 09:13:00,7650,7625,7650,7625,3500
2022-01-05 09:14:00,7625,7600,7625,7600,400
2022-01-05 09:15:00,7625,7600,7625,7625,4700
2022-01-05 09:16:00,7650,7650,7650,7650,5200
2022-01-05 09:17:00,7650,7625,7650,7625,600
2022-01-05 09:18:00,7625,7625,7625,7625,1200
2022-01-05 09:19:00,7625,7625,7625,7625,10900
2022-01-05 09:20:00,7625,7625,7625,7625,11400
2022-01-05 09:21:00,7625,7625,7625,7625,3000
2022-01-05 09:22:00,7625,7625,7625,7625,0
2022-01-05 09:23:00,7625,7625,7625,7625,400
2022-01-05 09:24:00,7625,7625,7625,7625,800
2022-01-05 09:25:00,7625,7625,7650,7625,5400
2022-01-05 09:26:00,7625,7625,7650,7650,63500
2022-01-05 09:27:00,7650,7650,7675,7675,40200
2022-01-05 09:28:00,7675,7675,7700,7675,3800
2022-01-05 09:29:00,7700,7700,7700,7700,3600
2022-01-05 09:30:00,7700,7675,7725,7725,85200
2022-01-05 09:31:00,7725,7725,7775,7775,176500
2022-01-05 09:32:00,7775,7775,7800,7775,113500
2022-01-05 09:33:00,7775,7750,7775,7775,81100
2022-01-05 09:34:00,7775,7775,7850,7800,365900
2022-01-05 09:35:00,7850,7800,7850,7800,75400
2022-01-05 09:36:00,7800,7775,7800,7775,25900
2022-01-05 09:37:00,7775,7750,7775,7775,42500
2022-01-05 09:38:00,7775,7775,7825,7825,121800
2022-01-05 09:39:00,7825,7800,7825,7825,155500
2022-01-05 09:40:00,7825,7825,7850,7850,62200
2022-01-05 09:41:00,7825,7825,7875,7850,179400
2022-01-05 09:42:00,7850,7825,7850,7850,28400
2022-01-05 09:43:00,7825,7825,7850,7825,66000
2022-01-05 09:44:00,7850,7825,7850,7825,72000
2022-01-05 09:45:00,7825,7825,7825,7825,600
2022-01-05 09:46:00,7800,7800,7825,7825,2700
2022-01-05 09:47:00,7800,7800,7825,7800,46500
2022-01-05 09:48:00,7800,7775,7800,7800,3000
2022-01-05 09:49:00,7775,7775,7800,7800,11800
2022-01-05 09:50:00,7800,7775,7800,7775,200
2022-01-05 09:51:00,7775,7775,7800,7775,42800
2022-01-05 09:52:00,7750,7750,7750,7750,4500
2022-01-05 09:53:00,7750,7750,7775,7775,5900
2022-01-05 09:54:00,7775,7775,7775,7775,2000
2022-01-05 09:55:00,7750,7750,7775,7775,11400
2022-01-05 09:56:00,7750,7750,7750,7750,1900
2022-01-05 09:57:00,7750,7750,7750,7750,2500
2022-01-05 09:58:00,7750,7750,7750,7750,178400
2022-01-05 09:59:00,7750,7725,7750,7750,13100
2022-01-05 10:00:00,7725,7725,7725,7725,58000
2022-01-05 10:01:00,7725,7700,7725,7725,2200
2022-01-05 10:02:00,7700,7700,7725,7725,7000
2022-01-05 10:03:00,7725,7725,7725,7725,16300
2022-01-05 10:04:00,7725,7725,7725,7725,1700
2022-01-05 10:05:00,7725,7725,7750,7750,75200
2022-01-05 10:06:00,7750,7750,7750,7750,1700
2022-01-05 10:07:00,7750,7750,7750,7750,5500
2022-01-05 10:08:00,7750,7750,7750,7750,1800
2022-01-05 10:09:00,7750,7750,7750,7750,7500
2022-01-05 10:10:00,7750,7725,7750,7725,18600
2022-01-05 10:11:00,7750,7750,7750,7750,100
2022-01-05 10:12:00,7700,7700,7725,7725,1600
2022-01-05 10:13:00,7725,7725,7725,7725,1300
2022-01-05 10:14:00,7725,7725,7725,7725,14100
2022-01-05 10:15:00,7725,7725,7725,7725,500
2022-01-05 10:16:00,7725,7700,7725,7700,2200
2022-01-05 10:17:00,7725,7725,7750,7725,1000
2022-01-05 10:18:00,7725,7725,7725,7725,300
2022-01-05 10:19:00,7725,7725,7750,7750,1500
2022-01-05 10:20:00,7725,7725,7750,7750,0
2022-01-05 10:21:00,7750,7750,7750,7750,20000
2022-01-05 10:22:00,7725,7725,7725,7725,600
2022-01-05 10:23:00,7725,7725,7725,7725,200
2022-01-05 10:24:00,7725,7725,7725,7725,400
2022-01-05 10:25:00,7725,7725,7725,7725,0
2022-01-05 10:26:00,7725,7725,7725,7725,600
2022-01-05 10:27:00,7725,7725,7725,7725,0
2022-01-05 10:28:00,7725,7725,7725,7725,4500
2022-01-05 10:29:00,7725,7700,7725,7700,28100
2022-01-05 10:30:00,7725,7700,7725,7700,0
2022-01-05 10:31:00,7700,7700,7700,7700,2300
2022-01-05 10:32:00,7725,7725,7725,7725,2100
2022-01-05 10:33:00,7725,7700,7725,7725,700
2022-01-05 10:34:00,7700,7700,7700,7700,100
2022-01-05 10:35:00,7700,7700,7700,7700,0
2022-01-05 10:36:00,7700,7700,7700,7700,0
2022-01-05 10:37:00,7725,7725,7725,7725,29500
2022-01-05 10:38:00,7725,7725,7725,7725,5600
2022-01-05 10:39:00,7725,7725,7725,7725,11000
2022-01-05 10:40:00,7725,7725,7725,7725,100
2022-01-05 10:41:00,7725,7725,7725,7725,100
2022-01-05 10:42:00,7700,7700,7725,7725,18700
2022-01-05 10:43:00,7725,7725,7725,7725,800
2022-01-05 10:44:00,7725,7725,7725,7725,600
2022-01-05 10:45:00,7725,7725,7725,7725,0
2022-01-05 10:46:00,7725,7725,7725,7725,1300
2022-01-05 10:47:00,7725,7725,7725,7725,9000
2022-01-05 10:48:00,7725,7725,7725,7725,22500
2022-01-05 10:49:00,7725,7725,7725,7725,21500
2022-01-05 10:50:00,7700,7700,7700,7700,500
2022-01-05 10:51:00,7700,7700,7725,7725,15100
2022-01-05 10:52:00,7725,7725,7725,7725,300
2022-01-05 10:53:00,7725,7725,7725,7725,0
2022-01-05 10:54:00,7700,7700,7700,7700,400
2022-01-05 10:55:00,7700,7700,7700,7700,51200
2022-01-05 10:56:00,7700,7700,7700,7700,20200
2022-01-05 10:57:00,7700,7700,7700,7700,47200
2022-01-05 10:58:00,7700,7675,7700,7675,2400
2022-01-05 10:59:00,7700,7700,7700,7700,800
2022-01-05 11:00:00,7675,7675,7675,7675,29400
2022-01-05 11:01:00,7700,7675,7700,7700,41300
2022-01-05 11:02:00,7700,7700,7700,7700,5100
2022-01-05 11:03:00,7675,7675,7700,7700,11100
2022-01-05 11:04:00,7675,7675,7675,7675,100
2022-01-05 11:05:00,7675,7675,7675,7675,300
2022-01-05 11:06:00,7675,7675,7675,7675,2100
2022-01-05 11:07:00,7675,7675,7675,7675,0
2022-01-05 11:08:00,7675,7675,7675,7675,100
2022-01-05 11:09:00,7675,7675,7675,7675,4300
2022-01-05 11:10:00,7675,7675,7675,7675,1000
2022-01-05 11:11:00,7675,7675,7675,7675,6700
2022-01-05 11:12:00,7675,7675,7675,7675,22200
2022-01-05 11:13:00,7675,7675,7675,7675,10400
2022-01-05 11:14:00,7675,7675,7675,7675,0
2022-01-05 11:15:00,7675,7675,7675,7675,0
2022-01-05 11:16:00,7675,7675,7675,7675,36600
2022-01-05 11:17:00,7675,7675,7675,7675,900
2022-01-05 11:18:00,7675,7675,7700,7700,1500
2022-01-05 11:19:00,7675,7675,7700,7700,0
2022-01-05 11:20:00,7675,7675,7700,7700,0
2022-01-05 11:21:00,7675,7675,7675,7675,2700
2022-01-05 11:22:00,7675,7675,7675,7675,200
2022-01-05 11:23:00,7675,7675,7675,7675,400
2022-01-05 11:24:00,7675,7675,7675,7675,200
2022-01-05 11:25:00,7675,7675,7675,7675,23100
2022-01-05 11:26:00,7675,7675,7675,7675,32300
2022-01-05 11:27:00,7675,7675,7675,7675,0
2022-01-05 11:28:00,7675,7675,7675,7675,1500
2022-01-05 11:29:00,7675,7675,7675,7675,500
2022-01-05 11:30:00,7675,7675,7675,7675,0
2022-01-05 11:31:00,7675,7675,7675,7675,0
2022-01-05 11:32:00,7675,7675,7675,7675,0
2022-01-05 11:33:00,7675,7675,7675,7675,0
2022-01-05 11:34:00,7675,7675,7675,7675,0
2022-01-05 11:35:00,7675,7675,7675,7675,0
2022-01-05 11:36:00,7675,7675,7675,7675,0
2022-01-05 11:37:00,7675,7675,7675,7675,0
2022-01-05 11:38:00,7675,7675,7675,7675,0
2022-01-05 11:39:00,7675,7675,7675,7675,0
2022-01-05 11:40:00,7675,7675,7675,7675,0
2022-01-05 11:41:00,7675,7675,7675,7675,0
2022-01-05 11:42:00,7675,7675,7675,7675,0
2022-01-05 11:43:00,7675,7675,7675,7675,0
2022-01-05 11:44:00,7675,7675,7675,7675,0
2022-01-05 11:45:00,7675,7675,7675,7675,0
2022-01-05 11:46:00,7675,7675,7675,7675,0
2022-01-05 11:47:00,7675,7675,7675,7675,0
2022-01-05 11:48:00,7675,7675,7675,7675,0
2022-01-05 11:49:00,7675,7675,7675,7675,0
2022-01-05 11:50:00,7675,7675,7675,7675,0
2022-01-05 11:51:00,7675,7675,7675,7675,0
2022-01-05 11:52:00,7675,7675,7675,7675,0
2022-01-05 11:53:00,7675,7675,7675,7675,0
2022-01-05 11:54:00,7675,7675,7675,7675,0
2022-01-05 11:55:00,7675,7675,7675,7675,0
2022-01-05 11:56:00,7675,7675,7675,7675,0
2022-01-05 11:57:00,7675,7675,7675,7675,0
2022-01-05 11:58:00,7675,7675,7675,7675,0
2022-01-05 11:59:00,7675,7675,7675,7675,0
2022-01-05 12:00:00,7675,7675,7675,7675,0
2022-01-05 12:01:00,7675,7675,7675,7675,0
2022-01-05 12:02:00,7675,7675,7675,7675,0
2022-01-05 12:03:00,7675,7675,7675,7675,0
2022-01-05 12:04:00,7675,7675,7675,7675,0
2022-01-05 12:05:00,7675,7675,7675,7675,0
2022-01-05 12:06:00,7675,7675,7675,7675,0
2022-01-05 12:07:00,7675,7675,7675,7675,0
2022-01-05 12:08:00,7675,7675,7675,7675,0
2022-01-05 12:09:00,7675,7675,7675,7675,0
2022-01-05 12:10:00,7675,7675,7675,7675,0
2022-01-05 12:11:00,7675,7675,7675,7675,0
2022-01-05 12:12:00,7675,7675,7675,7675,0
2022-01-05 12:13:00,7675,7675,7675,7675,0
2022-01-05 12:14:00,7675,7675,7675,7675,0
2022-01-05 12:15:00,7675,7675,7675,7675,0
2022-01-05 12:16:00,7675,7675,7675,7675,0
2022-01-05 12:17:00,7675,7675,7675,7675,0
2022-01-05 12:18:00,7675,7675,7675,7675,0
2022-01-05 12:19:00,7675,7675,7675,7675,0
2022-01-05 12:20:00,7675,7675,7675,7675,0
2022-01-05 12:21:00,7675,7675,7675,7675,0
2022-01-05 12:22:00,7675,7675,7675,7675,0
2022-01-05 12:23:00,7675,7675,7675,7675,0
2022-01-05 12:24:00,7675,7675,7675,7675,0
2022-01-05 12:25:00,7675,7675,7675,7675,0
2022-01-05 12:26:00,7675,7675,7675,7675,0
2022-01-05 12:27:00,7675,7675,7675,7675,0
2022-01-05 12:28:00,7675,7675,7675,7675,0
2022-01-05 12:29:00,7675,7675,7675,7675,0
2022-01-05 12:30:00,7675,7675,7675,7675,0
2022-01-05 12:31:00,7675,7675,7675,7675,0
2022-01-05 12:32:00,7675,7675,7675,7675,0
2022-01-05 12:33:00,7675,7675,7675,7675,0
2022-01-05 12:34:00,7675,7675,7675,7675,0
2022-01-05 12:35:00,7675,7675,7675,7675,0
2022-01-05 12:36:00,7675,7675,7675,7675,0
2022-01-05 12:37:00,7675,7675,7675,7675,0
2022-01-05 12:38:00,7675,7675,7675,7675,0
2022-01-05 12:39:00,7675,7675,7675,7675,0
2022-01-05 12:40:00,7675,7675,7675,7675,0
2022-01-05 12:41:00,7675,7675,7675,7675,0
2022-01-05 12:42:00,7675,7675,7675,7675,0
2022-01-05 12:43:00,7675,7675,7675,7675,0
2022-01-05 12:44:00,7675,7675,7675,7675,0
2022-01-05 12:45:00,7675,7675,7675,7675,0
2022-01-05 12:46:00,7675,7675,7675,7675,0
2022-01-05 12:47:00,7675,7675,7675,7675,0
2022-01-05 12:48:00,7675,7675,7675,7675,0
2022-01-05 12:49:00,7675,7675,7675,7675,0
2022-01-05 12:50:00,7675,7675,7675,7675,0
2022-01-05 12:51:00,7675,7675,7675,7675,0
2022-01-05 12:52:00,7675,7675,7675,7675,0
2022-01-05 12:53:00,7675,7675,7675,7675,0
2022-01-05 12:54:00,7675,7675,7675,7675,0
2022-01-05 12:55:00,7675,7675,7675,7675,0
2022-01-05 12:56:00,7675,7675,7675,7675,0
2022-01-05 12:57:00,7675,7675,7675,7675,0
2022-01-05 12:58:00,7675,7675,7675,7675,0
2022-01-05 12:59:00,7675,7675,7675,7675,0
2022-01-05 13:00:00,7675,7675,7675,7675,0
2022-01-05 13:01:00,7675,7675,7675,7675,0
2022-01-05 13:02:00,7675,7675,7675,7675,0
2022-01-05 13:03:00,7675,7675,7675,7675,0
2022-01-05 13:04:00,7675,7675,7675,7675,0
2022-01-05 13:05:00,7675,7675,7675,7675,0
2022-01-05 13:06:00,7675,7675,7675,7675,0
2022-01-05 13:07:00,7675,7675,7675,7675,0
2022-01-05 13:08:00,7675,7675,7675,7675,0
2022-01-05 13:09:00,7675,7675,7675,7675,0
2022-01-05 13:10:00,7675,7675,7675,7675,0
2022-01-05 13:11:00,7675,7675,7675,7675,0
2022-01-05 13:12:00,7675,7675,7675,7675,0
2022-01-05 13:13:00,7675,7675,7675,7675,0
2022-01-05 13:14:00,7675,7675,7675,7675,0
2022-01-05 13:15:00,7675,7675,7675,7675,0
2022-01-05 13:16:00,7675,7675,7675,7675,0
2022-01-05 13:17:00,7675,7675,7675,7675,0
2022-01-05 13:18:00,7675,7675,7675,7675,0
2022-01-05 13:19:00,7675,7675,7675,7675,0
2022-01-05 13:20:00,7675,7675,7675,7675,0
2022-01-05 13:21:00,7675,7675,7675,7675,0
2022-01-05 13:22:00,7675,7675,7675,7675,0
2022-01-05 13:23:00,7675,7675,7675,7675,0
2022-01-05 13:24:00,7675,7675,7675,7675,0
2022-01-05 13:25:00,7675,7675,7675,7675,0
2022-01-05 13:26:00,7675,7675,7675,7675,0
2022-01-05 13:27:00,7675,7675,7675,7675,0
2022-01-05 13:28:00,7675,7675,7675,7675,0
2022-01-05 13:29:00,7675,7675,7675,7675,0
2022-01-05 13:30:00,7675,7675,7700,7675,9900
2022-01-05 13:31:00,7675,7675,7675,7675,5000
2022-01-05 13:32:00,7675,7675,7675,7675,1800
2022-01-05 13:33:00,7675,7675,7675,7675,9100
2022-01-05 13:34:00,7650,7650,7675,7675,1300
2022-01-05 13:35:00,7675,7675,7675,7675,200
2022-01-05 13:36:00,7675,7675,7675,7675,0
2022-01-05 13:37:00,7650,7650,7675,7675,23400
2022-01-05 13:38:00,7650,7650,7650,7650,5000
2022-01-05 13:39:00,7650,7650,7650,7650,100
2022-01-05 13:40:00,7675,7675,7675,7675,100
2022-01-05 13:41:00,7675,7675,7675,7675,11100
2022-01-05 13:42:00,7675,7675,7675,7675,11800
2022-01-05 13:43:00,7675,7675,7675,7675,200
2022-01-05 13:44:00,7675,7675,7675,7675,100
2022-01-05 13:45:00,7650,7650,7675,7675,7000
2022-01-05 13:46:00,7650,7650,7675,7650,20200
2022-01-05 13:47:00,7650,7650,7650,7650,3800
2022-01-05 13:48:00,7650,7650,7650,7650,3200
2022-01-05 13:49:00,7650,7650,7650,7650,400
2022-01-05 13:50:00,7650,7650,7650,7650,200
2022-01-05 13:51:00,7650,7650,7675,7650,72300
2022-01-05 13:52:00,7650,7625,7650,7625,18300
2022-01-05 13:53:00,7650,7625,7650,7625,0
2022-01-05 13:54:00,7650,7625,7650,7625,0
2022-01-05 13:55:00,7650,7625,7650,7625,1200
2022-01-05 13:56:00,7625,7625,7625,7625,17200
2022-01-05 13:57:00,7625,7625,7625,7625,200
2022-01-05 13:58:00,7625,7625,7675,7675,47200
2022-01-05 13:59:00,7625,7625,7675,7675,0
2022-01-05 14:00:00,7625,7625,7675,7675,0
2022-01-05 14:01:00,7625,7625,7675,7675,0
2022-01-05 14:02:00,7650,7650,7675,7675,7400
2022-01-05 14:03:00,7675,7650,7675,7650,4900
2022-01-05 14:04:00,7650,7650,7650,7650,2100
2022-01-05 14:05:00,7650,7650,7675,7675,500
2022-01-05 14:06:00,7650,7650,7675,7675,0
2022-01-05 14:07:00,7675,7675,7675,7675,24100
2022-01-05 14:08:00,7675,7675,7675,7675,500
2022-01-05 14:09:00,7675,7675,7675,7675,1100
2022-01-05 14:10:00,7675,7675,7675,7675,2500
2022-01-05 14:11:00,7675,7675,7675,7675,700
2022-01-05 14:12:00,7675,7675,7675,7675,1000
2022-01-05 14:13:00,7675,7675,7675,7675,12000
2022-01-05 14:14:00,7675,7675,7700,7700,1500
2022-01-05 14:15:00,7700,7675,7700,7675,2700
2022-01-05 14:16:00,7675,7675,7675,7675,6900
2022-01-05 14:17:00,7675,7650,7675,7650,21400
2022-01-05 14:18:00,7650,7650,7650,7650,28200
2022-01-05 14:19:00,7650,7650,7650,7650,23500
2022-01-05 14:20:00,7650,7650,7650,7650,1100
2022-01-05 14:21:00,7625,7625,7650,7650,20800
2022-01-05 14:22:00,7650,7650,7650,7650,50500
2022-01-05 14:23:00,7650,7625,7650,7650,2500
2022-01-05 14:24:00,7650,7625,7650,7650,0
2022-01-05 14:25:00,7650,7625,7650,7650,0
2022-01-05 14:26:00,7650,7625,7650,7650,0
2022-01-05 14:27:00,7650,7625,7650,7650,0
2022-01-05 14:28:00,7650,7625,7650,7650,0
2022-01-05 14:29:00,7650,7625,7650,7650,0
2022-01-05 14:30:00,7600,7600,7600,7600,0
2022-01-05 14:31:00,7625,7600,7625,7600,3513400
2022-01-05 14:32:00,7600,7600,7625,7625,43800
2022-01-05 14:33:00,7600,7600,7625,7625,22300
2022-01-05 14:34:00,7600,7600,7625,7625,3700
2022-01-05 14:35:00,7600,7600,7600,7600,25700
2022-01-05 14:36:00,7625,7600,7625,7600,18700
2022-01-05 14:37:00,7600,7600,7600,7600,6200
2022-01-05 14:38:00,7600,7550,7600,7550,97200
2022-01-05 14:39:00,7575,7575,7600,7575,100600
2022-01-05 14:40:00,7600,7575,7600,7600,22100
2022-01-05 14:41:00,7625,7625,7625,7625,2700
2022-01-05 14:42:00,7625,7625,7625,7625,700
2022-01-05 14:43:00,7625,7625,7625,7625,1500
2022-01-05 14:44:00,7625,7625,7625,7625,7500
2022-01-05 14:45:00,7625,7625,7625,7625,300
2022-01-05 14:46:00,7625,7600,7650,7600,26500
2022-01-05 14:47:00,7600,7600,7625,7625,11000
2022-01-05 14:48:00,7650,7625,7650,7625,11400
2022-01-05 14:49:00,7625,7625,7625,7625,1100
2022-01-05 14:50:00,7625,7625,7625,7625,0
2022-01-05 14:51:00,7625,7625,7625,7625,0
2022-01-05 14:52:00,7625,7625,7625,7625,0
2022-01-05 14:53:00,7625,7625,7625,7625,0
2022-01-05 14:54:00,7625,7625,7625,7625,0
2022-01-05 14:55:00,7625,7625,7625,7625,0
2022-01-05 14:56:00,7625,7625,7625,7625,0
2022-01-05 14:57:00,7625,7625,7625,7625,0
2022-01-05 14:58:00,7625,7625,7625,7625,0
2022-01-05 14:59:00,7625,7625,7625,7625,0
2022-01-05 15:00:00,7625,7625,7625,7625,89700
2022-01-05 15:01:00,7625,7625,7625,7625,800
2022-01-05 15:02:00,7625,7625,7625,7625,0
2022-01-05 15:03:00,7625,7625,7625,7625,2100
2022-01-05 15:04:00,7625,7625,7625,7625,0
2022-01-05 15:05:00,7625,7625,7625,7625,30000
2022-01-05 15:06:00,7625,7625,7625,7625,0
2022-01-05 15:07:00,7625,7625,7625,7625,100
2022-01-05 15:08:00,7625,7625,7625,7625,2000
2022-01-05 15:09:00,7625,7625,7625,7625,0
2022-01-05 15:10:00,7625,7625,7625,7625,0
2022-01-05 15:11:00,7625,7625,7625,7625,0
2022-01-05 15:12:00,7625,7625,7625,7625,0
2022-01-05 15:13:00,7625,7625,7625,7625,700
2022-01-05 15:14:00,7625,7625,7625,7625,4041900
2022-01-05 15:15:00,7625,7625,7625,7625,0
2022-01-05 15:16:00,7625,7625,7625,7625,0
2022-01-05 15:17:00,7625,7625,7625,7625,0
2022-01-05 15:18:00,7625,7625,7625,7625,0
2022-01-05 15:19:00,7625,7625,7625,7625,0
2022-01-05 15:20:00,7625,7625,7625,7625,0
2022-01-05 15:21:00,7625,7625,7625,7625,0
2022-01-05 15:22:00,7625,7625,7625,7625,0
2022-01-05 15:23:00,7625,7625,7625,7625,0
2022-01-05 15:24:00,7625,7625,7625,7625,0
2022-01-05 15:25:00,7625,7625,7625,7625,0
2022-01-05 15:26:00,7625,7625,7625,7625,0
2022-01-05 15:27:00,7625,7625,7625,7625,0
2022-01-05 15:28:00,7625,7625,7625,7625,0
2022-01-05 15:29:00,7625,7625,7625,7625,0
2022-01-05 15:30:00,7625,7625,7625,7625,0
2022-01-05 15:31:00,7625,7625,7625,7625,0
2022-01-05 15:32:00,7625,7625,7625,7625,0
2022-01-05 15:33:00,7625,7625,7625,7625,0
2022-01-05 15:34:00,7625,7625,7625,7625,0
2022-01-05 15:35:00,7625,7625,7625,7625,0
2022-01-05 15:36:00,7625,7625,7625,7625,0
2022-01-05 15:37:00,7625,7625,7625,7625,0
2022-01-05 15:38:00,7625,7625,7625,7625,0
2022-01-05 15:39:00,7625,7625,7625,7625,0
2022-01-05 15:40:00,7625,7625,7625,7625,0
2022-01-05 15:41:00,7625,7625,7625,7625,0
2022-01-05 15:42:00,7625,7625,7625,7625,0
2022-01-05 15:43:00,7625,7625,7625,7625,0
2022-01-05 15:44:00,7625,7625,7625,7625,0
2022-01-05 15:45:00,7625,7625,7625,7625,0
2022-01-05 15:46:00,7625,7625,7625,7625,0
2022-01-05 15:47:00,7625,7625,7625,7625,0
2022-01-05 15:48:00,7625,7625,7625,7625,0
2022-01-05 15:49:00,7625,7625,7625,7625,0
2022-01-05 15:50:00,7625,7625,7625,7625,0
2022-01-05 15:51:00,7625,7625,7625,7625,0
2022-01-05 15:52:00,7625,7625,7625,7625,0
2022-01-05 15:53:00,7625,7625,7625,7625,0
2022-01-05 15:54:00,7625,7625,7625,7625,0
2022-01-05 15:55:00,7625,7625,7625,7625,0
2022-01-05 15:56:00,7625,7625,7625,7625,0
2022-01-05 15:57:00,7625,7625,7625,7625,0
2022-01-05 15:58:00,7625,7625,7625,7625,0
2022-01-05 15:59:00,7625,7625,7625,7625,0
2022-01-06 09:00:00,7650,7650,7650,7650,13500
2022-01-06 09:01:00,7650,7625,7675,7625,33200
2022-01-06 09:02:00,7625,7450,7625,7475,95900
2022-01-06 09:03:00,7475,7475,7575,7575,10400
2022-01-06 09:04:00,7575,7575,7575,7575,6800
2022-01-06 09:05:00,7575,7575,7575,7575,6200
2022-01-06 09:06:00,7575,7575,7575,7575,7900
2022-01-06 09:07:00,7575,7575,7575,7575,4500
2022-01-06 09:08:00,7575,7550,7600,7550,23100
2022-01-06 09:09:00,7550,7550,7550,7550,7400
2022-01-06 09:10:00,7550,7550,7550,7550,1500
2022-01-06 09:11:00,7550,7525,7575,7550,26800
2022-01-06 09:12:00,7550,7550,7575,7575,5500
2022-01-06 09:13:00,7600,7600,7600,7600,100
2022-01-06 09:14:00,7575,7575,7600,7575,7800
2022-01-06 09:15:00,7575,7575,7600,7575,0
2022-01-06 09:16:00,7600,7600,7600,7600,500
2022-01-06 09:17:00,7600,7600,7600,7600,300
2022-01-06 09:18:00,7600,7600,7600,7600,400
2022-01-06 09:19:00,7600,7575,7625,7575,6800
2022-01-06 09:20:00,7600,7600,7600,7600,7200
2022-01-06 09:21:00,7600,7600,7600,7600,0
2022-01-06 09:22:00,7600,7600,7600,7600,1200
2022-01-06 09:23:00,7600,7600,7600,7600,600
2022-01-06 09:24:00,7600,7600,7600,7600,0
2022-01-06 09:25:00,7600,7600,7600,7600,0
2022-01-06 09:26:00,7600,7600,7600,7600,20700
2022-01-06 09:27:00,7600,7600,7600,7600,300
2022-01-06 09:28:00,7600,7600,7600,7600,2200
2022-01-06 09:29:00,7575,7575,7600,7600,27700
2022-01-06 09:30:00,7575,7550,7600,7575,84000
2022-01-06 09:31:00,7575,7575,7575,7575,900
2022-01-06 09:32:00,7575,7575,7575,7575,0
2022-01-06 09:33:00,7575,7575,7575,7575,300
2022-01-06 09:34:00,7575,7575,7575,7575,0
2022-01-06 09:35:00,7575,7575,7575,7575,1300
2022-01-06 09:36:00,7550,7550,7550,7550,600
2022-01-06 09:37:00,7550,7550,7550,7550,15100
2022-01-06 09:38:00,7550,7550,7550,7550,8500
2022-01-06 09:39:00,7550,7550,7550,7550,2300
2022-01-06 09:40:00,7550,7550,7550,7550,0
2022-01-06 09:41:00,7550,7550,7550,7550,6600
2022-01-06 09:42:00,7550,7550,7550,7550,100
2022-01-06 09:43:00,7575,7575,7575,7575,3000
2022-01-06 09:44:00,7575,7575,7575,7575,100
2022-01-06 09:45:00,7575,7575,7575,7575,0
2022-01-06 09:46:00,7575,7550,7575,7550,3700
2022-01-06 09:47:00,7550,7550,7550,7550,1000
2022-01-06 09:48:00,7550,7550,7550,7550,41600
2022-01-06 09:49:00,7525,7525,7550,7550,9100
2022-01-06 09:50:00,7550,7550,7550,7550,3200
2022-01-06 09:51:00,7550,7550,7550,7550,800
2022-01-06 09:52:00,7550,7525,7550,7525,38000
2022-01-06 09:53:00,7500,7500,7500,7500,51300
2022-01-06 09:54:00,7500,7475,7500,7475,160200
2022-01-06 09:55:00,7475,7475,7500,7500,20300
2022-01-06 09:56:00,7475,7475,7500,7475,2400
2022-01-06 09:57:00,7475,7475,7475,7475,200
2022-01-06 09:58:00,7475,7475,7500,7500,3200
2022-01-06 09:59:00,7500,7500,7500,7500,1700
2022-01-06 10:00:00,7475,7450,7475,7475,31300
2022-01-06 10:01:00,7475,7475,7475,7475,3600
2022-01-06 10:02:00,7475,7475,7475,7475,14500
2022-01-06 10:03:00,7475,7450,7475,7450,5100
2022-01-06 10:04:00,7450,7450,7475,7475,4000
2022-01-06 10:05:00,7475,7475,7475,7475,1300
2022-01-06 10:06:00,7475,7475,7475,7475,1500
2022-01-06 10:07:00,7475,7475,7475,7475,0
2022-01-06 10:08:00,7500,7500,7500,7500,3000
2022-01-06 10:09:00,7500,7500,7500,7500,700
2022-01-06 10:10:00,7500,7500,7500,7500,2300
2022-01-06 10:11:00,7500,7500,7500,7500,0
2022-01-06 10:12:00,7500,7475,7500,7500,6000
2022-01-06 10:13:00,7475,7475,7475,7475,100
2022-01-06 10:14:00,7475,7475,7475,7475,0
2022-01-06 10:15:00,7475,7475,7475,7475,3400
2022-01-06 10:16:00,7475,7475,7475,7475,0
2022-01-06 10:17:00,7475,7475,7475,7475,3300
2022-01-06 10:18:00,7475,7475,7475,7475,6800
2022-01-06 10:19:00,7475,7475,7475,7475,6700
2022-01-06 10:20:00,7450,7425,7450,7425,75100
2022-01-06 10:21:00,7450,7450,7450,7450,1600
2022-01-06 10:22:00,7450,7450,7450,7450,3500
2022-01-06 10:23:00,7450,7425,7450,7450,3900
2022-01-06 10:24:00,7450,7425,7450,7425,7100
2022-01-06 10:25:00,7425,7425,7425,7425,8100
2022-01-06 10:26:00,7425,7425,7450,7450,11500
2022-01-06 10:27:00,7450,7425,7450,7425,6100
2022-01-06 10:28:00,7425,7425,7425,7425,1073500
2022-01-06 10:29:00,7425,7425,7425,7425,200
2022-01-06 10:30:00,7425,7425,7425,7425,1800
2022-01-06 10:31:00,7425,7425,7425,7425,2000
2022-01-06 10:32:00,7450,7425,7450,7425,8000
2022-01-06 10:33:00,7425,7425,7425,7425,2700
2022-01-06 10:34:00,7425,7425,7425,7425,900
2022-01-06 10:35:00,7425,7425,7425,7425,100
2022-01-06 10:36:00,7450,7450,7450,7450,2600
2022-01-06 10:37:00,7425,7425,7425,7425,500
2022-01-06 10:38:00,7425,7425,7425,7425,300
2022-01-06 10:39:00,7450,7425,7450,7450,6000
2022-01-06 10:40:00,7450,7450,7450,7450,400
2022-01-06 10:41:00,7450,7450,7450,7450,0
2022-01-06 10:42:00,7425,7425,7450,7450,900
2022-01-06 10:43:00,7425,7425,7450,7450,6000
2022-01-06 10:44:00,7450,7450,7450,7450,1000
2022-01-06 10:45:00,7425,7425,7450,7450,700
2022-01-06 10:46:00,7425,7425,7450,7450,0
2022-01-06 10:47:00,7450,7450,7450,7450,5900
2022-01-06 10:48:00,7450,7450,7450,7450,2900
2022-01-06 10:49:00,7450,7425,7450,7425,11100
2022-01-06 10:50:00,7425,7425,7450,7450,9000
2022-01-06 10:51:00,7425,7425,7425,7425,9400
2022-01-06 10:52:00,7450,7450,7450,7450,200
2022-01-06 10:53:00,7450,7450,7450,7450,200
2022-01-06 10:54:00,7450,7450,7450,7450,400
2022-01-06 10:55:00,7450,7450,7450,7450,0
2022-01-06 10:56:00,7450,7425,7450,7425,300
2022-01-06 10:57:00,7450,7425,7450,7425,0
2022-01-06 10:58:00,7450,7450,7450,7450,1000
2022-01-06 10:59:00,7425,7425,7450,7450,20500
2022-01-06 11:00:00,7450,7450,7450,7450,10100
2022-01-06 11:01:00,7450,7450,7450,7450,0
2022-01-06 11:02:00,7450,7450,7450,7450,0
2022-01-06 11:03:00,7450,7425,7450,7450,1100
2022-01-06 11:04:00,7425,7400,7425,7400,36700
2022-01-06 11:05:00,7425,7400,7425,7425,78100
2022-01-06 11:06:00,7425,7425,7425,7425,200
2022-01-06 11:07:00,7425,7425,7425,7425,0
2022-01-06 11:08:00,7450,7425,7450,7425,1200
2022-01-06 11:09:00,7425,7425,7425,7425,800
2022-01-06 11:10:00,7425,7425,7425,7425,3200
2022-01-06 11:11:00,7425,7425,7425,7425,0
2022-01-06 11:12:00,7425,7425,7425,7425,3000
2022-01-06 11:13:00,7425,7425,7425,7425,4700
2022-01-06 11:14:00,7425,7425,7425,7425,3500
2022-01-06 11:15:00,7425,7425,7425,7425,700
2022-01-06 11:16:00,7425,7425,7425,7425,0
2022-01-06 11:17:00,7425,7425,7425,7425,500
2022-01-06 11:18:00,7450,7425,7450,7450,1900
2022-01-06 11:19:00,7450,7450,7450,7450,17500
2022-01-06 11:20:00,7450,7450,7450,7450,2500
2022-01-06 11:21:00,7475,7475,7475,7475,3200
2022-01-06 11:22:00,7475,7475,7500,7500,600
2022-01-06 11:23:00,7500,7475,7500,7475,700
2022-01-06 11:24:00,7500,7500,7500,7500,1500
2022-01-06 11:25:00,7500,7500,7500,7500,32000
2022-01-06 11:26:00,7500,7500,7500,7500,0
2022-01-06 11:27:00,7500,7475,7500,7500,2500
2022-01-06 11:28:00,7500,7500,7500,7500,1800
2022-01-06 11:29:00,7500,7500,7525,7525,1800
2022-01-06 11:30:00,7500,7500,7525,7525,0
2022-01-06 11:31:00,7500,7500,7525,7525,0
2022-01-06 11:32:00,7500,7500,7525,7525,0
2022-01-06 11:33:00,7500,7500,7525,7525,0
2022-01-06 11:34:00,7500,7500,7525,7525,0
2022-01-06 11:35:00,7500,7500,7525,7525,0
2022-01-06 11:36:00,7500,7500,7525,7525,0
2022-01-06 11:37:00,7500,7500,7525,7525,0
2022-01-06 11:38:00,7500,7500,7525,7525,0
2022-01-06 11:39:00,7500,7500,7525,7525,0
2022-01-06 11:40:00,7500,7500,7525,7525,0
2022-01-06 11:41:00,7500,7500,7525,7525,0
2022-01-06 11:42:00,7500,7500,7525,7525,0
2022-01-06 11:43:00,7500,7500,7525,7525,0
2022-01-06 11:44:00,7500,7500,7525,7525,0
2022-01-06 11:45:00,7500,7500,7525,7525,0
2022-01-06 11:46:00,7500,7500,7525,7525,0
2022-01-06 11:47:00,7500,7500,7525,7525,0
2022-01-06 11:48:00,7500,7500,7525,7525,0
2022-01-06 11:49:00,7500,7500,7525,7525,0
2022-01-06 11:50:00,7500,7500,7525,7525,0
2022-01-06 11:51:00,7500,7500,7525,7525,0
2022-01-06 11:52:00,7500,7500,7525,7525,0
2022-01-06 11:53:00,7500,7500,7525,7525,0
2022-01-06 11:54:00,7500,7500,7525,7525,0
2022-01-06 11:55:00,7500,7500,7525,7525,0
2022-01-06 11:56:00,7500,7500,7525,7525,0
2022-01-06 11:57:00,7500,7500,7525,7525,0
2022-01-06 11:58:00,7500,7500,7525,7525,0
2022-01-06 11:59:00,7500,7500,7525,7525,0
2022-01-06 12:00:00,7500,7500,7525,7525,0
2022-01-06 12:01:00,7500,7500,7525,7525,0
2022-01-06 12:02:00,7500,7500,7525,7525,0
2022-01-06 12:03:00,7500,7500,7525,7525,0
2022-01-06 12:04:00,7500,7500,7525,7525,0
2022-01-06 12:05:00,7500,7500,7525,7525,0
2022-01-06 12:06:00,7500,7500,7525,7525,0
2022-01-06 12:07:00,7500,7500,7525,7525,0
2022-01-06 12:08:00,7500,7500,7525,7525,0
2022-01-06 12:09:00,7500,7500,7525,7525,0
2022-01-06 12:10:00,7500,7500,7525,7525,0
2022-01-06 12:11:00,7500,7500,7525,7525,0
2022-01-06 12:12:00,7500,7500,7525,7525,0
2022-01-06 12:13:00,7500,7500,7525,7525,0
2022-01-06 12:14:00,7500,7500,7525,7525,0
2022-01-06 12:15:00,7500,7500,7525,7525,0
2022-01-06 12:16:00,7500,7500,7525,7525,0
2022-01-06 12:17:00,7500,7500,7525,7525,0
2022-01-06 12:18:00,7500,7500,7525,7525,0
2022-01-06 12:19:00,7500,7500,7525,7525,0
2022-01-06 12:20:00,7500,7500,7525,7525,0
2022-01-06 12:21:00,7500,7500,7525,7525,0
2022-01-06 12:22:00,7500,7500,7525,7525,0
2022-01-06 12:23:00,7500,7500,7525,7525,0
2022-01-06 12:24:00,7500,7500,7525,7525,0
2022-01-06 12:25:00,7500,7500,7525,7525,0
2022-01-06 12:26:00,7500,7500,7525,7525,0
2022-01-06 12:27:00,7500,7500,7525,7525,0
2022-01-06 12:28:00,7500,7500,7525,7525,0
2022-01-06 12:29:00,7500,7500,7525,7525,0
2022-01-06 12:30:00,7500,7500,7525,7525,0
2022-01-06 12:31:00,7500,7500,7525,7525,0
2022-01-06 12:32:00,7500,7500,7525,7525,0
2022-01-06 12:33:00,7500,7500,7525,7525,0
2022-01-06 12:34:00,7500,7500,7525,7525,0
2022-01-06 12:35:00,7500,7500,7525,7525,0
2022-01-06 12:36:00,7500,7500,7525,7525,0
2022-01-06 12:37:00,7500,7500,7525,7525,0
2022-01-06 12:38:00,7500,7500,7525,7525,0
2022-01-06 12:39:00,7500,7500,7525,7525,0
2022-01-06 12:40:00,7500,7500,7525,7525,0
2022-01-06 12:41:00,7500,7500,7525,7525,0
2022-01-06 12:42:00,7500,7500,7525,7525,0
2022-01-06 12:43:00,7500,7500,7525,7525,0
2022-01-06 12:44:00,7500,7500,7525,7525,0
2022-01-06 12:45:00,7500,7500,7525,7525,0
2022-01-06 12:46:00,7500,7500,7525,7525,0
2022-01-06 12:47:00,7500,7500,7525,7525,0
2022-01-06 12:48:00,7500,7500,7525,7525,0
2022-01-06 12:49:00,7500,7500,7525,7525,0
2022-01-06 12:50:00,7500,7500,7525,7525,0
2022-01-06 12:51:00,7500,7500,7525,7525,0
2022-01-06 12:52:00,7500,7500,7525,7525,0
2022-01-06 12:53:00,7500,7500,7525,7525,0
2022-01-06 12:54:00,7500,7500,7525,7525,0
2022-01-06 12:55:00,7500,7500,7525,7525,0
2022-01-06 12:56:00,7500,7500,7525,7525,0
2022-01-06 12:57:00,7500,7500,7525,7525,0
2022-01-06 12:58:00,7500,7500,7525,7525,0
2022-01-06 12:59:00,7500,7500,7525,7525,0
2022-01-06 13:00:00,7500,7500,7525,7525,0
2022-01-06 13:01:00,7500,7500,7525,7525,0
2022-01-06 13:02:00,7500,7500,7525,7525,0
2022-01-06 13:03:00,7500,7500,7525,7525,0
2022-01-06 13:04:00,7500,7500,7525,7525,0
2022-01-06 13:05:00,7500,7500,7525,7525,0
2022-01-06 13:06:00,7500,7500,7525,7525,0
2022-01-06 13:07:00,7500,7500,7525,7525,0
2022-01-06 13:08:00,7500,7500,7525,7525,0
2022-01-06 13:09:00,7500,7500,7525,7525,0
2022-01-06 13:10:00,7500,7500,7525,7525,0
2022-01-06 13:11:00,7500,7500,7525,7525,0
2022-01-06 13:12:00,7500,7500,7525,7525,0
2022-01-06 13:13:00,7500,7500,7525,7525,0
2022-01-06 13:14:00,7500,7500,7525,7525,0
2022-01-06 13:15:00,7500,7500,7525,7525,0
2022-01-06 13:16:00,7500,7500,7525,7525,0
2022-01-06 13:17:00,7500,7500,7525,7525,0
2022-01-06 13:18:00,7500,7500,7525,7525,0
2022-01-06 13:19:00,7500,7500,7525,7525,0
2022-01-06 13:20:00,7500,7500,7525,7525,0
2022-01-06 13:21:00,7500,7500,7525,7525,0
2022-01-06 13:22:00,7500,7500,7525,7525,0
2022-01-06 13:23:00,7500,7500,7525,7525,0
2022-01-06 13:24:00,7500,7500,7525,7525,0
2022-01-06 13:25:00,7500,7500,7525,7525,0
2022-01-06 13:26:00,7500,7500,7525,7525,0
2022-01-06 13:27:00,7500,7500,7525,7525,0
2022-01-06 13:28:00,7500,7500,7525,7525,0
2022-01-06 13:29:00,7500,7500,7525,7525,0
2022-01-06 13:30:00,7525,7500,7525,7500,18500
2022-01-06 13:31:00,7500,7500,7525,7525,34200
2022-01-06 13:32:00,7500,7500,7500,7500,1300
2022-01-06 13:33:00,7500,7500,7500,7500,1500
2022-01-06 13:34:00,7500,7500,7500,7500,0
2022-01-06 13:35:00,7500,7500,7500,7500,1000
2022-01-06 13:36:00,7500,7500,7500,7500,0
2022-01-06 13:37:00,7500,7500,7500,7500,1400
2022-01-06 13:38:00,7500,7500,7500,7500,700
2022-01-06 13:39:00,7525,7500,7525,7525,16300
2022-01-06 13:40:00,7550,7550,7550,7550,400
2022-01-06 13:41:00,7550,7550,7550,7550,1000
2022-01-06 13:42:00,7550,7550,7575,7575,21100
2022-01-06 13:43:00,7575,7575,7575,7575,3700
2022-01-06 13:44:00,7575,7575,7600,7600,24300
2022-01-06 13:45:00,7600,7600,7600,7600,4000
2022-01-06 13:46:00,7600,7600,7625,7625,34700
2022-01-06 13:47:00,7600,7600,7675,7675,60400
2022-01-06 13:48:00,7675,7675,7700,7700,25600
2022-01-06 13:49:00,7700,7675,7700,7675,32700
2022-01-06 13:50:00,7675,7650,7700,7650,30500
2022-01-06 13:51:00,7650,7650,7650,7650,24700
2022-01-06 13:52:00,7650,7650,7675,7675,6200
2022-01-06 13:53:00,7650,7650,7675,7675,0
2022-01-06 13:54:00,7675,7675,7675,7675,26900
2022-01-06 13:55:00,7675,7675,7675,7675,12100
2022-01-06 13:56:00,7650,7625,7650,7625,61900
2022-01-06 13:57:00,7625,7625,7650,7650,6100
2022-01-06 13:58:00,7650,7625,7650,7650,12700
2022-01-06 13:59:00,7650,7625,7650,7625,13300
2022-01-06 14:00:00,7625,7600,7625,7600,1900
2022-01-06 14:01:00,7625,7600,7625,7600,0
2022-01-06 14:02:00,7625,7625,7625,7625,1800
2022-01-06 14:03:00,7625,7625,7625,7625,200
2022-01-06 14:04:00,7625,7625,7625,7625,3000
2022-01-06 14:05:00,7625,7625,7625,7625,2100
2022-01-06 14:06:00,7625,7625,7625,7625,3100
2022-01-06 14:07:00,7625,7625,7625,7625,3100
2022-01-06 14:08:00,7625,7600,7625,7600,4100
2022-01-06 14:09:00,7625,7625,7625,7625,200
2022-01-06 14:10:00,7650,7650,7650,7650,41700
2022-01-06 14:11:00,7650,7625,7650,7650,134900
2022-01-06 14:12:00,7650,7625,7675,7675,48700
2022-01-06 14:13:00,7650,7650,7675,7675,31000
2022-01-06 14:14:00,7700,7675,7700,7700,72200
2022-01-06 14:15:00,7700,7675,7700,7675,92600
2022-01-06 14:16:00,7675,7650,7700,7675,17700
2022-01-06 14:17:00,7675,7675,7700,7700,683400
2022-01-06 14:18:00,7700,7675,7700,7675,1200
2022-01-06 14:19:00,7700,7700,7700,7700,41600
2022-01-06 14:20:00,7700,7700,7725,7725,49300
2022-01-06 14:21:00,7725,7725,7725,7725,40400
2022-01-06 14:22:00,7725,7700,7725,7700,79400
2022-01-06 14:23:00,7675,7675,7700,7700,12900
2022-01-06 14:24:00,7700,7700,7700,7700,6200
2022-01-06 14:25:00,7700,7700,7700,7700,27400
2022-01-06 14:26:00,7700,7700,7725,7700,1700
2022-01-06 14:27:00,7700,7700,7725,7725,1100
2022-01-06 14:28:00,7700,7700,7700,7700,24600
2022-01-06 14:29:00,7700,7700,7700,7700,500
2022-01-06 14:30:00,7700,7700,7700,7700,0
2022-01-06 14:31:00,7700,7675,7700,7675,2900
2022-01-06 14:32:00,7700,7700,7700,7700,4500
2022-01-06 14:33:00,7700,7675,7700,7675,61700
2022-01-06 14:34:00,7650,7650,7675,7675,1700
2022-01-06 14:35:00,7675,7675,7675,7675,700
2022-01-06 14:36:00,7650,7650,7675,7675,41500
2022-01-06 14:37:00,7650,7625,7675,7650,20300
2022-01-06 14:38:00,7650,7625,7650,7650,4500
2022-01-06 14:39:00,7650,7650,7650,7650,3500
2022-01-06 14:40:00,7650,7650,7675,7650,4000
2022-01-06 14:41:00,7650,7650,7675,7650,4300
2022-01-06 14:42:00,7650,7650,7650,7650,500
2022-01-06 14:43:00,7650,7650,7650,7650,5500
2022-01-06 14:44:00,7650,7650,7650,7650,3300
2022-01-06 14:45:00,7650,7650,7650,7650,1700
2022-01-06 14:46:00,7650,7650,7675,7650,5400
2022-01-06 14:47:00,7650,7650,7675,7650,7900
2022-01-06 14:48:00,7650,7650,7675,7675,4800
2022-01-06 14:49:00,7675,7650,7675,7675,3700
2022-01-06 14:50:00,7675,7650,7675,7675,0
2022-01-06 14:51:00,7675,7650,7675,7675,0
2022-01-06 14:52:00,7675,7650,7675,7675,0
2022-01-06 14:53:00,7675,7650,7675,7675,0
2022-01-06 14:54:00,7675,7650,7675,7675,0
2022-01-06 14:55:00,7675,7650,7675,7675,0
2022-01-06 14:56:00,7675,7650,7675,7675,0
2022-01-06 14:57:00,7675,7650,7675,7675,0
2022-01-06 14:58:00,7675,7650,7675,7675,0
2022-01-06 14:59:00,7675,7650,7675,7675,0
2022-01-06 15:00:00,7675,7675,7675,7675,82800
2022-01-06 15:01:00,7675,7675,7675,7675,44200
2022-01-06 15:02:00,7675,7675,7675,7675,20000
2022-01-06 15:03:00,7675,7675,7675,7675,0
2022-01-06 15:04:00,7675,7675,7675,7675,0
2022-01-06 15:05:00,7675,7675,7675,7675,5200
2022-01-06 15:06:00,7675,7675,7675,7675,100
2022-01-06 15:07:00,7675,7675,7675,7675,0
2022-01-06 15:08:00,7675,7675,7675,7675,100
2022-01-06 15:09:00,7675,7675,7675,7675,0
2022-01-06 15:10:00,7675,7675,7675,7675,0
2022-01-06 15:11:00,7675,7675,7675,7675,0
2022-01-06 15:12:00,7675,7675,7675,7675,1500
2022-01-06 15:13:00,7675,7675,7675,7675,0
2022-01-06 15:14:00,7675,7675,7675,7675,0
2022-01-06 15:15:00,7675,7675,7675,7675,0
2022-01-06 15:16:00,7675,7675,7675,7675,0
2022-01-06 15:17:00,7675,7675,7675,7675,0
2022-01-06 15:18:00,7675,7675,7675,7675,0
2022-01-06 15:19:00,7675,7675,7675,7675,0
2022-01-06 15:20:00,7675,7675,7675,7675,0
2022-01-06 15:21:00,7675,7675,7675,7675,0
2022-01-06 15:22:00,7675,7675,7675,7675,0
2022-01-06 15:23:00,7675,7675,7675,7675,0
2022-01-06 15:24:00,7675,7675,7675,7675,0
2022-01-06 15:25:00,7675,7675,7675,7675,0
2022-01-06 15:26:00,7675,7675,7675,7675,0
2022-01-06 15:27:00,7675,7675,7675,7675,0
2022-01-06 15:28:00,7675,7675,7675,7675,0
2022-01-06 15:29:00,7675,7675,7675,7675,0
2022-01-06 15:30:00,7675,7675,7675,7675,0
2022-01-06 15:31:00,7675,7675,7675,7675,0
2022-01-06 15:32:00,7675,7675,7675,7675,0
2022-01-06 15:33:00,7675,7675,7675,7675,0
2022-01-06 15:34:00,7675,7675,7675,7675,0
2022-01-06 15:35:00,7675,7675,7675,7675,0
2022-01-06 15:36:00,7675,7675,7675,7675,0
2022-01-06 15:37:00,7675,7675,7675,7675,0
2022-01-06 15:38:00,7675,7675,7675,7675,0
2022-01-06 15:39:00,7675,7675,7675,7675,0
2022-01-06 15:40:00,7675,7675,7675,7675,0
2022-01-06 15:41:00,7675,7675,7675,7675,0
2022-01-06 15:42:00,7675,7675,7675,7675,0
2022-01-06 15:43:00,7675,7675,7675,7675,0
2022-01-06 15:44:00,7675,7675,7675,7675,0
2022-01-06 15:45:00,7675,7675,7675,7675,0
2022-01-06 15:46:00,7675,7675,7675,7675,0
2022-01-06 15:47:00,7675,7675,7675,7675,0
2022-01-06 15:48:00,7675,7675,7675,7675,0
2022-01-06 15:49:00,7675,7675,7675,7675,0
2022-01-06 15:50:00,7675,7675,7675,7675,0
2022-01-06 15:51:00,7675,7675,7675,7675,0
2022-01-06 15:52:00,7675,7675,7675,7675,0
2022-01-06 15:53:00,7675,7675,7675,7675,0
2022-01-06 15:54:00,7675,7675,7675,7675,0
2022-01-06 15:55:00,7675,7675,7675,7675,0
2022-01-06 15:56:00,7675,7675,7675,7675,0
2022-01-06 15:57:00,7675,7675,7675,7675,0
2022-01-06 15:58:00,7675,7675,7675,7675,0
2022-01-06 15:59:00,7675,7675,7675,7675,0
2022-01-07 09:00:00,7725,7700,7725,7725,11900
2022-01-07 09:01:00,7725,7725,7750,7750,51100
2022-01-07 09:02:00,7725,7700,7750,7700,68100
2022-01-07 09:03:00,7700,7675,7725,7700,17000
2022-01-07 09:04:00,7675,7675,7700,7700,7800
2022-01-07 09:05:00,7700,7675,7700,7675,26500
2022-01-07 09:06:00,7675,7675,7700,7700,45700
2022-01-07 09:07:00,7700,7675,7700,7675,2700
2022-01-07 09:08:00,7675,7675,7675,7675,1400
2022-01-07 09:09:00,7675,7675,7675,7675,1300
2022-01-07 09:10:00,7675,7675,7700,7700,1400
2022-01-07 09:11:00,7700,7675,7700,7700,3700
2022-01-07 09:12:00,7675,7675,7700,7700,8700
2022-01-07 09:13:00,7725,7725,7725,7725,1400
2022-01-07 09:14:00,7725,7725,7725,7725,5800
2022-01-07 09:15:00,7725,7700,7725,7725,42100
2022-01-07 09:16:00,7725,7700,7725,7725,13700
2022-01-07 09:17:00,7725,7700,7725,7700,13200
2022-01-07 09:18:00,7750,7750,7750,7750,200
2022-01-07 09:19:00,7750,7725,7750,7725,19000
2022-01-07 09:20:00,7725,7725,7750,7725,3900
2022-01-07 09:21:00,7725,7725,7750,7725,40900
2022-01-07 09:22:00,7725,7725,7725,7725,700
2022-01-07 09:23:00,7725,7725,7725,7725,6400
2022-01-07 09:24:00,7725,7725,7725,7725,2000
2022-01-07 09:25:00,7725,7725,7750,7725,5300
2022-01-07 09:26:00,7725,7700,7750,7725,23800
2022-01-07 09:27:00,7725,7700,7725,7700,1600
2022-01-07 09:28:00,7700,7700,7700,7700,700
2022-01-07 09:29:00,7725,7725,7725,7725,9500
2022-01-07 09:30:00,7725,7725,7725,7725,0
2022-01-07 09:31:00,7725,7725,7725,7725,22200
2022-01-07 09:32:00,7725,7700,7725,7700,53400
2022-01-07 09:33:00,7700,7700,7725,7725,600
2022-01-07 09:34:00,7700,7700,7725,7700,1800
2022-01-07 09:35:00,7700,7700,7725,7700,9400
2022-01-07 09:36:00,7700,7700,7700,7700,2000
2022-01-07 09:37:00,7700,7700,7725,7725,8200
2022-01-07 09:38:00,7700,7700,7700,7700,2100
2022-01-07 09:39:00,7700,7650,7700,7675,61400
2022-01-07 09:40:00,7675,7650,7675,7675,4400
2022-01-07 09:41:00,7675,7650,7675,7650,400
2022-01-07 09:42:00,7650,7650,7675,7675,7500
2022-01-07 09:43:00,7700,7700,7700,7700,200
2022-01-07 09:44:00,7675,7675,7675,7675,200
2022-01-07 09:45:00,7675,7675,7675,7675,2100
2022-01-07 09:46:00,7700,7675,7700,7700,6900
2022-01-07 09:47:00,7675,7675,7675,7675,7000
2022-01-07 09:48:00,7675,7650,7675,7650,33900
2022-01-07 09:49:00,7650,7650,7675,7675,1900
2022-01-07 09:50:00,7675,7675,7675,7675,2900
2022-01-07 09:51:00,7675,7675,7675,7675,0
2022-01-07 09:52:00,7675,7675,7675,7675,0
2022-01-07 09:53:00,7675,7675,7675,7675,100
2022-01-07 09:54:00,7675,7675,7675,7675,100
2022-01-07 09:55:00,7700,7700,7700,7700,1600
2022-01-07 09:56:00,7700,7700,7700,7700,10100
2022-01-07 09:57:00,7700,7700,7700,7700,6300
2022-01-07 09:58:00,7700,7700,7700,7700,1000
2022-01-07 09:59:00,7700,7700,7700,7700,3000
2022-01-07 10:00:00,7700,7675,7700,7700,6700
2022-01-07 10:01:00,7700,7700,7700,7700,30900
2022-01-07 10:02:00,7700,7700,7700,7700,2000
2022-01-07 10:03:00,7700,7700,7700,7700,2400
2022-01-07 10:04:00,7700,7675,7700,7700,3300
2022-01-07 10:05:00,7700,7700,7700,7700,1300
2022-01-07 10:06:00,7700,7700,7700,7700,600
2022-01-07 10:07:00,7700,7700,7700,7700,1000
2022-01-07 10:08:00,7700,7675,7700,7700,1800
2022-01-07 10:09:00,7700,7700,7700,7700,2300
2022-01-07 10:10:00,7700,7700,7700,7700,1800
2022-01-07 10:11:00,7700,7700,7700,7700,12900
2022-01-07 10:12:00,7700,7700,7725,7725,1400
2022-01-07 10:13:00,7725,7700,7725,7700,1000
2022-01-07 10:14:00,7700,7700,7725,7725,700
2022-01-07 10:15:00,7725,7700,7725,7725,2600
2022-01-07 10:16:00,7700,7700,7700,7700,9500
2022-01-07 10:17:00,7700,7700,7700,7700,0
2022-01-07 10:18:00,7700,7700,7700,7700,6300
2022-01-07 10:19:00,7725,7725,7725,7725,2900
2022-01-07 10:20:00,7700,7700,7700,7700,8500
2022-01-07 10:21:00,7700,7700,7700,7700,500
2022-01-07 10:22:00,7700,7675,7700,7675,1800
2022-01-07 10:23:00,7700,7700,7700,7700,4400
2022-01-07 10:24:00,7700,7675,7700,7675,12600
2022-01-07 10:25:00,7700,7675,7700,7675,1200
2022-01-07 10:26:00,7700,7675,7700,7675,0
2022-01-07 10:27:00,7675,7675,7700,7700,20500
2022-01-07 10:28:00,7700,7675,7700,7675,900
2022-01-07 10:29:00,7675,7675,7700,7700,20600
2022-01-07 10:30:00,7700,7700,7700,7700,100
2022-01-07 10:31:00,7675,7675,7700,7700,8700
2022-01-07 10:32:00,7675,7675,7700,7700,0
2022-01-07 10:33:00,7700,7675,7700,7675,1100
2022-01-07 10:34:00,7700,7700,7700,7700,800
2022-01-07 10:35:00,7700,7675,7700,7700,16600
2022-01-07 10:36:00,7700,7700,7700,7700,900
2022-01-07 10:37:00,7700,7700,7700,7700,10000
2022-01-07 10:38:00,7700,7700,7700,7700,0
2022-01-07 10:39:00,7700,7700,7700,7700,600
2022-01-07 10:40:00,7700,7700,7700,7700,1100
2022-01-07 10:41:00,7700,7700,7700,7700,20100
2022-01-07 10:42:00,7700,7700,7700,7700,2200
2022-01-07 10:43:00,7700,7675,7700,7700,11600
2022-01-07 10:44:00,7675,7675,7700,7675,15600
2022-01-07 10:45:00,7675,7675,7675,7675,500
2022-01-07 10:46:00,7675,7675,7675,7675,0
2022-01-07 10:47:00,7675,7675,7675,7675,45100
2022-01-07 10:48:00,7675,7675,7675,7675,12000
2022-01-07 10:49:00,7675,7675,7675,7675,6600
2022-01-07 10:50:00,7675,7675,7675,7675,2700
2022-01-07 10:51:00,7700,7700,7700,7700,200
2022-01-07 10:52:00,7675,7675,7675,7675,300
2022-01-07 10:53:00,7675,7675,7675,7675,15800
2022-01-07 10:54:00,7700,7675,7700,7675,5800
2022-01-07 10:55:00,7675,7675,7675,7675,700
2022-01-07 10:56:00,7700,7700,7700,7700,100
2022-01-07 10:57:00,7700,7700,7700,7700,0
2022-01-07 10:58:00,7675,7675,7675,7675,6800
2022-01-07 10:59:00,7675,7675,7675,7675,100
2022-01-07 11:00:00,7675,7675,7675,7675,13100
2022-01-07 11:01:00,7675,7675,7675,7675,0
2022-01-07 11:02:00,7675,7675,7675,7675,1100
2022-01-07 11:03:00,7675,7675,7675,7675,3200
2022-01-07 11:04:00,7675,7675,7675,7675,2000
2022-01-07 11:05:00,7675,7675,7675,7675,6500
2022-01-07 11:06:00,7675,7675,7675,7675,2000
2022-01-07 11:07:00,7675,7675,7675,7675,0
2022-01-07 11:08:00,7675,7675,7675,7675,0
2022-01-07 11:09:00,7675,7675,7675,7675,2500
2022-01-07 11:10:00,7675,7675,7675,7675,900
2022-01-07 11:11:00,7675,7675,7675,7675,2100
2022-01-07 11:12:00,7675,7675,7675,7675,0
2022-01-07 11:13:00,7675,7675,7675,7675,700
2022-01-07 11:14:00,7700,7700,7700,7700,600
2022-01-07 11:15:00,7700,7700,7700,7700,700
2022-01-07 11:16:00,7700,7700,7700,7700,600
2022-01-07 11:17:00,7700,7675,7700,7675,12300
2022-01-07 11:18:00,7700,7675,7700,7675,0
2022-01-07 11:19:00,7700,7700,7700,7700,82800
2022-01-07 11:20:00,7700,7700,7700,7700,200
2022-01-07 11:21:00,7700,7700,7700,7700,1200
2022-01-07 11:22:00,7700,7700,7700,7700,1100
2022-01-07 11:23:00,7700,7700,7700,7700,28900
2022-01-07 11:24:00,7700,7700,7700,7700,1400
2022-01-07 11:25:00,7700,7700,7725,7725,1700
2022-01-07 11:26:00,7725,7725,7725,7725,600
2022-01-07 11:27:00,7725,7700,7725,7700,1300
2022-01-07 11:28:00,7700,7700,7700,7700,2000
2022-01-07 11:29:00,7700,7700,7700,7700,700
2022-01-07 11:30:00,7700,7700,7700,7700,0
2022-01-07 11:31:00,7700,7700,7700,7700,0
2022-01-07 11:32:00,7700,7700,7700,7700,0
2022-01-07 11:33:00,7700,7700,7700,7700,0
2022-01-07 11:34:00,7700,7700,7700,7700,0
2022-01-07 11:35:00,7700,7700,7700,7700,0
2022-01-07 11:36:00,7700,7700,7700,7700,0
2022-01-07 11:37:00,7700,7700,7700,7700,0
2022-01-07 11:38:00,7700,7700,7700,7700,0
2022-01-07 11:39:00,7700,7700,7700,7700,0
2022-01-07 11:40:00,7700,7700,7700,7700,0
2022-01-07 11:41:00,7700,7700,7700,7700,0
2022-01-07 11:42:00,7700,7700,7700,7700,0
2022-01-07 11:43:00,7700,7700,7700,7700,0
2022-01-07 11:44:00,7700,7700,7700,7700,0
2022-01-07 11:45:00,7700,7700,7700,7700,0
2022-01-07 11:46:00,7700,7700,7700,7700,0
2022-01-07 11:47:00,7700,7700,7700,7700,0
2022-01-07 11:48:00,7700,7700,7700,7700,0
2022-01-07 11:49:00,7700,7700,7700,7700,0
2022-01-07 11:50:00,7700,7700,7700,7700,0
2022-01-07 11:51:00,7700,7700,7700,7700,0
2022-01-07 11:52:00,7700,7700,7700,7700,0
2022-01-07 11:53:00,7700,7700,7700,7700,0
2022-01-07 11:54:00,7700,7700,7700,7700,0
2022-01-07 11:55:00,7700,7700,7700,7700,0
2022-01-07 11:56:00,7700,7700,7700,7700,0
2022-01-07 11:57:00,7700,7700,7700,7700,0
2022-01-07 11:58:00,7700,7700,7700,7700,0
2022-01-07 11:59:00,7700,7700,7700,7700,0
2022-01-07 12:00:00,7700,7700,7700,7700,0
2022-01-07 12:01:00,7700,7700,7700,7700,0
2022-01-07 12:02:00,7700,7700,7700,7700,0
2022-01-07 12:03:00,7700,7700,7700,7700,0
2022-01-07 12:04:00,7700,7700,7700,7700,0
2022-01-07 12:05:00,7700,7700,7700,7700,0
2022-01-07 12:06:00,7700,7700,7700,7700,0
2022-01-07 12:07:00,7700,7700,7700,7700,0
2022-01-07 12:08:00,7700,7700,7700,7700,0
2022-01-07 12:09:00,7700,7700,7700,7700,0
2022-01-07 12:10:00,7700,7700,7700,7700,0
2022-01-07 12:11:00,7700,7700,7700,7700,0
2022-01-07 12:12:00,7700,7700,7700,7700,0
2022-01-07 12:13:00,7700,7700,7700,7700,0
2022-01-07 12:14:00,7700,7700,7700,7700,0
2022-01-07 12:15:00,7700,7700,7700,7700,0
2022-01-07 12:16:00,7700,7700,7700,7700,0
2022-01-07 12:17:00,7700,7700,7700,7700,0
2022-01-07 12:18:00,7700,7700,7700,7700,0
2022-01-07 12:19:00,7700,7700,7700,7700,0
2022-01-07 12:20:00,7700,7700,7700,7700,0
2022-01-07 12:21:00,7700,7700,7700,7700,0
2022-01-07 12:22:00,7700,7700,7700,7700,0
2022-01-07 12:23:00,7700,7700,7700,7700,0
2022-01-07 12:24:00,7700,7700,7700,7700,0
2022-01-07 12:25:00,7700,7700,7700,7700,0
2022-01-07 12:26:00,7700,7700,7700,7700,0
2022-01-07 12:27:00,7700,7700,7700,7700,0
2022-01-07 12:28:00,7700,7700,7700,7700,0
2022-01-07 12:29:00,7700,7700,7700,7700,0
2022-01-07 12:30:00,7700,7700,7700,7700,0
2022-01-07 12:31:00,7700,7700,7700,7700,0
2022-01-07 12:32:00,7700,7700,7700,7700,0
2022-01-07 12:33:00,7700,7700,7700,7700,0
2022-01-07 12:34:00,7700,7700,7700,7700,0
2022-01-07 12:35:00,7700,7700,7700,7700,0
2022-01-07 12:36:00,7700,7700,7700,7700,0
2022-01-07 12:37:00,7700,7700,7700,7700,0
2022-01-07 12:38:00,7700,7700,7700,7700,0
2022-01-07 12:39:00,7700,7700,7700,7700,0
2022-01-07 12:40:00,7700,7700,7700,7700,0
2022-01-07 12:41:00,7700,7700,7700,7700,0
2022-01-07 12:42:00,7700,7700,7700,7700,0
2022-01-07 12:43:00,7700,7700,7700,7700,0
2022-01-07 12:44:00,7700,7700,7700,7700,0
2022-01-07 12:45:00,7700,7700,7700,7700,0
2022-01-07 12:46:00,7700,7700,7700,7700,0
2022-01-07 12:47:00,7700,7700,7700,7700,0
2022-01-07 12:48:00,7700,7700,7700,7700,0
2022-01-07 12:49:00,7700,7700,7700,7700,0
2022-01-07 12:50:00,7700,7700,7700,7700,0
2022-01-07 12:51:00,7700,7700,7700,7700,0
2022-01-07 12:52:00,7700,7700,7700,7700,0
2022-01-07 12:53:00,7700,7700,7700,7700,0
2022-01-07 12:54:00,7700,7700,7700,7700,0
2022-01-07 12:55:00,7700,7700,7700,7700,0
2022-01-07 12:56:00,7700,7700,7700,7700,0
2022-01-07 12:57:00,7700,7700,7700,7700,0
2022-01-07 12:58:00,7700,7700,7700,7700,0
2022-01-07 12:59:00,7700,7700,7700,7700,0
2022-01-07 13:00:00,7700,7700,7700,7700,0
2022-01-07 13:01:00,7700,7700,7700,7700,0
2022-01-07 13:02:00,7700,7700,7700,7700,0
2022-01-07 13:03:00,7700,7700,7700,7700,0
2022-01-07 13:04:00,7700,7700,7700,7700,0
2022-01-07 13:05:00,7700,7700,7700,7700,0
2022-01-07 13:06:00,7700,7700,7700,7700,0
2022-01-07 13:07:00,7700,7700,7700,7700,0
2022-01-07 13:08:00,7700,7700,7700,7700,0
2022-01-07 13:09:00,7700,7700,7700,7700,0
2022-01-07 13:10:00,7700,7700,7700,7700,0
2022-01-07 13:11:00,7700,7700,7700,7700,0
2022-01-07 13:12:00,7700,7700,7700,7700,0
2022-01-07 13:13:00,7700,7700,7700,7700,0
2022-01-07 13:14:00,7700,7700,7700,7700,0
2022-01-07 13:15:00,7700,7700,7700,7700,0
2022-01-07 13:16:00,7700,7700,7700,7700,0
2022-01-07 13:17:00,7700,7700,7700,7700,0
2022-01-07 13:18:00,7700,7700,7700,7700,0
2022-01-07 13:19:00,7700,7700,7700,7700,0
2022-01-07 13:20:00,7700,7700,7700,7700,0
2022-01-07 13:21:00,7700,7700,7700,7700,0
2022-01-07 13:22:00,7700,7700,7700,7700,0
2022-01-07 13:23:00,7700,7700,7700,7700,0
2022-01-07 13:24:00,7700,7700,7700,7700,0
2022-01-07 13:25:00,7700,7700,7700,7700,0
2022-01-07 13:26:00,7700,7700,7700,7700,0
2022-01-07 13:27:00,7700,7700,7700,7700,0
2022-01-07 13:28:00,7700,7700,7700,7700,0
2022-01-07 13:29:00,7700,7700,7700,7700,0
2022-01-07 13:30:00,7725,7700,7725,7725,19900
2022-01-07 13:31:00,7725,7700,7725,7725,0
2022-01-07 13:32:00,7725,7700,7725,7725,0
2022-01-07 13:33:00,7725,7700,7725,7725,0
2022-01-07 13:34:00,7725,7700,7725,7725,0
2022-01-07 13:35:00,7725,7700,7725,7725,0
2022-01-07 13:36:00,7725,7700,7725,7725,0
2022-01-07 13:37:00,7725,7725,7725,7725,1300
2022-01-07 13:38:00,7725,7725,7725,7725,2900
2022-01-07 13:39:00,7725,7725,7725,7725,700
2022-01-07 13:40:00,7725,7700,7725,7700,15500
2022-01-07 13:41:00,7700,7700,7725,7700,17600
2022-01-07 13:42:00,7725,7700,7725,7700,2100
2022-01-07 13:43:00,7725,7725,7725,7725,1200
2022-01-07 13:44:00,7700,7700,7725,7700,4000
2022-01-07 13:45:00,7700,7700,7725,7700,2600
2022-01-07 13:46:00,7700,7700,7700,7700,10100
2022-01-07 13:47:00,7700,7700,7700,7700,400
2022-01-07 13:48:00,7725,7700,7725,7700,3100
2022-01-07 13:49:00,7700,7700,7725,7700,1100
2022-01-07 13:50:00,7700,7700,7725,7700,22700
2022-01-07 13:51:00,7700,7700,7700,7700,3500
2022-01-07 13:52:00,7725,7700,7725,7700,6400
2022-01-07 13:53:00,7700,7700,7725,7700,1400
2022-01-07 13:54:00,7725,7700,7725,7725,3600
2022-01-07 13:55:00,7700,7700,7700,7700,9300
2022-01-07 13:56:00,7700,7700,7700,7700,7600
2022-01-07 13:57:00,7700,7700,7725,7725,40400
2022-01-07 13:58:00,7700,7700,7700,7700,40600
2022-01-07 13:59:00,7675,7675,7700,7700,17000
2022-01-07 14:00:00,7700,7700,7700,7700,22000
2022-01-07 14:01:00,7700,7700,7700,7700,2000
2022-01-07 14:02:00,7700,7700,7700,7700,31200
2022-01-07 14:03:00,7700,7700,7700,7700,900
2022-01-07 14:04:00,7700,7700,7700,7700,900
2022-01-07 14:05:00,7700,7700,7700,7700,300
2022-01-07 14:06:00,7700,7700,7700,7700,100
2022-01-07 14:07:00,7700,7700,7700,7700,4000
2022-01-07 14:08:00,7700,7700,7700,7700,600
2022-01-07 14:09:00,7700,7700,7725,7725,13500
2022-01-07 14:10:00,7700,7700,7725,7725,0
2022-01-07 14:11:00,7725,7700,7725,7700,5000
2022-01-07 14:12:00,7725,7700,7725,7700,1900
2022-01-07 14:13:00,7700,7700,7700,7700,20600
2022-01-07 14:14:00,7700,7700,7700,7700,300
2022-01-07 14:15:00,7700,7700,7700,7700,400
2022-01-07 14:16:00,7725,7725,7750,7750,337500
2022-01-07 14:17:00,7725,7725,7750,7750,42600
2022-01-07 14:18:00,7775,7775,7825,7825,288900
2022-01-07 14:19:00,7800,7800,7825,7800,65400
2022-01-07 14:20:00,7800,7800,7825,7800,40500
2022-01-07 14:21:00,7800,7800,7825,7825,64100
2022-01-07 14:22:00,7800,7800,7825,7800,65500
2022-01-07 14:23:00,7775,7775,7800,7775,12800
2022-01-07 14:24:00,7775,7775,7800,7775,24700
2022-01-07 14:25:00,7775,7775,7800,7775,6000
2022-01-07 14:26:00,7775,7750,7775,7750,129000
2022-01-07 14:27:00,7750,7750,7775,7775,100000
2022-01-07 14:28:00,7775,7775,7775,7775,12100
2022-01-07 14:29:00,7775,7775,7775,7775,10500
2022-01-07 14:30:00,7775,7775,7775,7775,34000
2022-01-07 14:31:00,7775,7775,7775,7775,400
2022-01-07 14:32:00,7775,7775,7775,7775,0
2022-01-07 14:33:00,7775,7775,7800,7775,47800
2022-01-07 14:34:00,7775,7775,7775,7775,13000
2022-01-07 14:35:00,7775,7775,7775,7775,29800
2022-01-07 14:36:00,7750,7750,7775,7775,33900
2022-01-07 14:37:00,7775,7775,7800,7800,29300
2022-01-07 14:38:00,7775,7775,7775,7775,300
2022-01-07 14:39:00,7800,7800,7825,7825,121400
2022-01-07 14:40:00,7825,7800,7825,7800,11400
2022-01-07 14:41:00,7800,7800,7825,7800,35300
2022-01-07 14:42:00,7800,7775,7825,7800,93800
2022-01-07 14:43:00,7800,7800,7800,7800,7700
2022-01-07 14:44:00,7800,7800,7825,7800,28600
2022-01-07 14:45:00,7800,7800,7825,7800,5200
2022-01-07 14:46:00,7825,7800,7825,7800,56100
2022-01-07 14:47:00,7800,7800,7800,7800,37700
2022-01-07 14:48:00,7800,7775,7800,7800,38200
2022-01-07 14:49:00,7800,7800,7825,7800,45500
2022-01-07 14:50:00,7800,7800,7825,7800,0
2022-01-07 14:51:00,7800,7800,7825,7800,0
2022-01-07 14:52:00,7800,7800,7825,7800,0
2022-01-07 14:53:00,7800,7800,7825,7800,0
2022-01-07 14:54:00,7800,7800,7825,7800,0
2022-01-07 14:55:00,7800,7800,7825,7800,0
2022-01-07 14:56:00,7800,7800,7825,7800,0
2022-01-07 14:57:00,7800,7800,7825,7800,0
2022-01-07 14:58:00,7800,7800,7825,7800,0
2022-01-07 14:59:00,7800,7800,7825,7800,0
2022-01-07 15:00:00,7800,7800,7800,7800,152500
2022-01-07 15:01:00,7800,7800,7800,7800,65600
2022-01-07 15:02:00,7800,7800,7800,7800,14500
2022-01-07 15:03:00,7800,7800,7800,7800,9700
2022-01-07 15:04:00,7800,7800,7800,7800,27900
2022-01-07 15:05:00,7800,7800,7800,7800,1400
2022-01-07 15:06:00,7800,7800,7800,7800,0
2022-01-07 15:07:00,7800,7800,7800,7800,12300
2022-01-07 15:08:00,7800,7800,7800,7800,2900
2022-01-07 15:09:00,7800,7800,7800,7800,200
2022-01-07 15:10:00,7800,7800,7800,7800,2100
2022-01-07 15:11:00,7800,7800,7800,7800,15300
2022-01-07 15:12:00,7800,7800,7800,7800,13200
2022-01-07 15:13:00,7800,7800,7800,7800,7500
2022-01-07 15:14:00,7800,7800,7800,7800,700
2022-01-07 15:15:00,7800,7800,7800,7800,0
2022-01-07 15:16:00,7800,7800,7800,7800,0
2022-01-07 15:17:00,7800,7800,7800,7800,0
2022-01-07 15:18:00,7800,7800,7800,7800,0
2022-01-07 15:19:00,7800,7800,7800,7800,0
2022-01-07 15:20:00,7800,7800,7800,7800,0
2022-01-07 15:21:00,7800,7800,7800,7800,0
2022-01-07 15:22:00,7800,7800,7800,7800,0
2022-01-07 15:23:00,7800,7800,7800,7800,0
2022-01-07 15:24:00,7800,7800,7800,7800,0
2022-01-07 15:25:00,7800,7800,7800,7800,0
2022-01-07 15:26:00,7800,7800,7800,7800,0
2022-01-07 15:27:00,7800,7800,7800,7800,0
2022-01-07 15:28:00,7800,7800,7800,7800,0
2022-01-07 15:29:00,7800,7800,7800,7800,0
2022-01-07 15:30:00,7800,7800,7800,7800,0
2022-01-07 15:31:00,7800,7800,7800,7800,0
2022-01-07 15:32:00,7800,7800,7800,7800,0
2022-01-07 15:33:00,7800,7800,7800,7800,0
2022-01-07 15:34:00,7800,7800,7800,7800,0
2022-01-07 15:35:00,7800,7800,7800,7800,0
2022-01-07 15:36:00,7800,7800,7800,7800,0
2022-01-07 15:37:00,7800,7800,7800,7800,0
2022-01-07 15:38:00,7800,7800,7800,7800,0
2022-01-07 15:39:00,7800,7800,7800,7800,0
2022-01-07 15:40:00,7800,7800,7800,7800,0
2022-01-07 15:41:00,7800,7800,7800,7800,0
2022-01-07 15:42:00,7800,7800,7800,7800,0
2022-01-07 15:43:00,7800,7800,7800,7800,0
2022-01-07 15:44:00,7800,7800,7800,7800,0
2022-01-07 15:45:00,7800,7800,7800,7800,0
2022-01-07 15:46:00,7800,7800,7800,7800,0
2022-01-07 15:47:00,7800,7800,7800,7800,0
2022-01-07 15:48:00,7800,7800,7800,7800,0
2022-01-07 15:49:00,7800,7800,7800,7800,0
2022-01-07 15:50:00,7800,7800,7800,7800,0
2022-01-07 15:51:00,7800,7800,7800,7800,0
2022-01-07 15:52:00,7800,7800,7800,7800,0
2022-01-07 15:53:00,7800,7800,7800,7800,0
2022-01-07 15:54:00,7800,7800,7800,7800,0
2022-01-07 15:55:00,7800,7800,7800,7800,0
2022-01-07 15:56:00,7800,7800,7800,7800,0
2022-01-07 15:57:00,7800,7800,7800,7800,0
2022-01-07 15:58:00,7800,7800,7800,7800,0
2022-01-07 15:59:00,7800,7800,7800,7800,0
2022-01-10 09:00:00,7850,7825,7875,7875,49900
2022-01-10 09:01:00,7875,7850,7925,7925,141800
2022-01-10 09:02:00,7925,7875,7925,7900,158100
2022-01-10 09:03:00,7900,7850,7925,7850,49800
2022-01-10 09:04:00,7875,7825,7900,7875,147600
2022-01-10 09:05:00,7875,7850,7900,7875,7200
2022-01-10 09:06:00,7850,7850,7850,7850,30300
2022-01-10 09:07:00,7825,7825,7850,7825,5600
2022-01-10 09:08:00,7850,7850,7875,7875,27300
2022-01-10 09:09:00,7850,7850,7875,7850,1600
2022-01-10 09:10:00,7850,7850,7875,7850,4500
2022-01-10 09:11:00,7850,7850,7875,7875,51300
2022-01-10 09:12:00,7875,7850,7875,7850,4700
2022-01-10 09:13:00,7875,7850,7875,7875,36100
2022-01-10 09:14:00,7850,7850,7875,7850,4300
2022-01-10 09:15:00,7875,7875,7900,7900,59300
2022-01-10 09:16:00,7900,7875,7900,7875,2600
2022-01-10 09:17:00,7900,7875,7900,7875,10700
2022-01-10 09:18:00,7875,7875,7900,7875,36600
2022-01-10 09:19:00,7875,7875,7900,7875,21700
2022-01-10 09:20:00,7875,7875,7900,7900,11500
2022-01-10 09:21:00,7900,7900,7925,7925,160400
2022-01-10 09:22:00,7925,7900,7925,7925,7100
2022-01-10 09:23:00,7925,7900,7925,7900,16100
2022-01-10 09:24:00,7925,7900,7925,7900,1700
2022-01-10 09:25:00,7900,7900,7925,7900,11100
2022-01-10 09:26:00,7900,7900,7925,7925,21800
2022-01-10 09:27:00,7925,7900,7925,7925,7100
2022-01-10 09:28:00,7925,7900,7925,7925,13200
2022-01-10 09:29:00,7900,7900,7925,7900,1500
2022-01-10 09:30:00,7925,7900,7925,7925,5700
2022-01-10 09:31:00,7925,7900,7925,7900,89500
2022-01-10 09:32:00,7900,7875,7900,7900,35200
2022-01-10 09:33:00,7900,7900,7900,7900,3500
2022-01-10 09:34:00,7900,7875,7925,7900,25300
2022-01-10 09:35:00,7900,7900,7925,7925,22200
2022-01-10 09:36:00,7925,7900,7925,7925,12800
2022-01-10 09:37:00,7925,7900,7925,7925,16600
2022-01-10 09:38:00,7925,7900,7925,7925,28300
2022-01-10 09:39:00,7925,7900,7925,7925,34100
2022-01-10 09:40:00,7925,7900,7925,7925,44800
2022-01-10 09:41:00,7925,7925,7950,7925,14600
2022-01-10 09:42:00,7925,7925,7950,7950,3000
2022-01-10 09:43:00,7950,7925,7950,7950,22300
2022-01-10 09:44:00,7950,7925,7950,7925,51700
2022-01-10 09:45:00,7925,7925,7925,7925,1500
2022-01-10 09:46:00,7925,7925,7950,7950,16600
2022-01-10 09:47:00,7925,7925,7925,7925,1100
2022-01-10 09:48:00,7925,7925,7950,7925,55100
2022-01-10 09:49:00,7925,7925,7925,7925,25400
2022-01-10 09:50:00,7925,7925,7925,7925,800
2022-01-10 09:51:00,7925,7925,7950,7950,22200
2022-01-10 09:52:00,7950,7925,7950,7950,1500
2022-01-10 09:53:00,7950,7925,7950,7950,8700
2022-01-10 09:54:00,7950,7950,7950,7950,6300
2022-01-10 09:55:00,7950,7925,7950,7925,5600
2022-01-10 09:56:00,7950,7925,7950,7950,5300
2022-01-10 09:57:00,7925,7925,7950,7925,22600
2022-01-10 09:58:00,7925,7925,7950,7925,8100
2022-01-10 09:59:00,7925,7925,7925,7925,1600
2022-01-10 10:00:00,7950,7925,7950,7950,2400
2022-01-10 10:01:00,7950,7925,7950,7925,1300
2022-01-10 10:02:00,7925,7925,7950,7925,66000
2022-01-10 10:03:00,7950,7925,7950,7950,13000
2022-01-10 10:04:00,7925,7925,7925,7925,11100
2022-01-10 10:05:00,7925,7925,7925,7925,9000
2022-01-10 10:06:00,7925,7925,7950,7950,9300
2022-01-10 10:07:00,7925,7925,7950,7925,6400
2022-01-10 10:08:00,7925,7925,7950,7950,8900
2022-01-10 10:09:00,7950,7950,7950,7950,900
2022-01-10 10:10:00,7950,7925,7950,7950,13200
2022-01-10 10:11:00,7950,7925,7950,7925,2500
2022-01-10 10:12:00,7950,7925,7950,7925,26700
2022-01-10 10:13:00,7925,7925,7925,7925,74100
2022-01-10 10:14:00,7925,7900,7925,7925,500
2022-01-10 10:15:00,7925,7925,7925,7925,4300
2022-01-10 10:16:00,7925,7925,7925,7925,3900
2022-01-10 10:17:00,7925,7925,7950,7925,49800
2022-01-10 10:18:00,7950,7925,8000,8000,758400
2022-01-10 10:19:00,8025,8000,8050,8025,278200
2022-01-10 10:20:00,8025,8000,8050,8025,54600
2022-01-10 10:21:00,8025,8000,8050,8025,41900
2022-01-10 10:22:00,8025,8025,8050,8025,89500
2022-01-10 10:23:00,8025,8000,8025,8025,4600
2022-01-10 10:24:00,8000,8000,8025,8025,98100
2022-01-10 10:25:00,8025,8000,8025,8000,145100
2022-01-10 10:26:00,8000,8000,8025,8025,35700
2022-01-10 10:27:00,8000,8000,8025,8025,5900
2022-01-10 10:28:00,8025,8000,8025,8025,1700
2022-01-10 10:29:00,8025,8000,8025,8025,5900
2022-01-10 10:30:00,8000,8000,8025,8025,16600
2022-01-10 10:31:00,8025,8000,8025,8000,18500
2022-01-10 10:32:00,8025,8000,8025,8000,5300
2022-01-10 10:33:00,8025,8000,8025,8025,4900
2022-01-10 10:34:00,8025,8000,8050,8050,128500
2022-01-10 10:35:00,8050,8000,8050,8025,5900
2022-01-10 10:36:00,8025,8000,8025,8025,13800
2022-01-10 10:37:00,8025,8025,8025,8025,6300
2022-01-10 10:38:00,8025,8025,8050,8050,5900
2022-01-10 10:39:00,8025,8025,8050,8025,27800
2022-01-10 10:40:00,8025,8025,8025,8025,15900
2022-01-10 10:41:00,8025,8000,8050,8050,46700
2022-01-10 10:42:00,8050,8025,8050,8025,6200
2022-01-10 10:43:00,8025,8025,8050,8050,2200
2022-01-10 10:44:00,8025,8025,8050,8050,13100
2022-01-10 10:45:00,8025,8025,8050,8050,39800
2022-01-10 10:46:00,8025,8025,8050,8050,20500
2022-01-10 10:47:00,8050,8025,8050,8050,5500
2022-01-10 10:48:00,8050,8025,8050,8025,2800
2022-01-10 10:49:00,8025,8025,8050,8050,10500
2022-01-10 10:50:00,8025,8025,8050,8050,32100
2022-01-10 10:51:00,8025,8025,8050,8050,0
2022-01-10 10:52:00,8025,8025,8050,8025,21500
2022-01-10 10:53:00,8025,8025,8050,8025,42100
2022-01-10 10:54:00,8000,8000,8000,8000,400
2022-01-10 10:55:00,8000,8000,8025,8025,11200
2022-01-10 10:56:00,8000,8000,8050,8025,48900
2022-01-10 10:57:00,8025,8025,8050,8050,15000
2022-01-10 10:58:00,8050,8025,8050,8050,42700
2022-01-10 10:59:00,8025,8025,8050,8050,9000
2022-01-10 11:00:00,8025,8025,8050,8050,8400
2022-01-10 11:01:00,8025,8025,8050,8050,300
2022-01-10 11:02:00,8025,8025,8050,8050,10800
2022-01-10 11:03:00,8025,8025,8025,8025,41700
2022-01-10 11:04:00,8025,8025,8025,8025,400
2022-01-10 11:05:00,8025,8000,8025,8000,500
2022-01-10 11:06:00,8000,8000,8000,8000,500
2022-01-10 11:07:00,8025,8000,8025,8000,2200
2022-01-10 11:08:00,8025,8000,8025,8025,2000
2022-01-10 11:09:00,8025,8000,8025,8025,10000
2022-01-10 11:10:00,8000,8000,8025,8025,2700
2022-01-10 11:11:00,8025,8000,8025,8025,5700
2022-01-10 11:12:00,8000,8000,8025,8000,8800
2022-01-10 11:13:00,8025,8000,8025,8000,5600
2022-01-10 11:14:00,8025,8025,8025,8025,11400
2022-01-10 11:15:00,8025,8025,8025,8025,21000
2022-01-10 11:16:00,8000,8000,8000,8000,1200
2022-01-10 11:17:00,8000,8000,8025,8025,52400
2022-01-10 11:18:00,8025,8025,8025,8025,10300
2022-01-10 11:19:00,8025,8025,8025,8025,10100
2022-01-10 11:20:00,8050,8025,8050,8050,400
2022-01-10 11:21:00,8050,8025,8050,8025,30300
2022-01-10 11:22:00,8025,8025,8050,8025,7800
2022-01-10 11:23:00,8025,8025,8050,8025,3700
2022-01-10 11:24:00,8025,8025,8050,8050,46200
2022-01-10 11:25:00,8050,8025,8050,8025,15700
2022-01-10 11:26:00,8050,8025,8050,8050,2400
2022-01-10 11:27:00,8025,8025,8050,8025,1600
2022-01-10 11:28:00,8025,8025,8050,8050,23300
2022-01-10 11:29:00,8050,8050,8075,8050,319000
2022-01-10 11:30:00,8050,8050,8075,8050,0
2022-01-10 11:31:00,8050,8050,8075,8050,0
2022-01-10 11:32:00,8050,8050,8075,8050,0
2022-01-10 11:33:00,8050,8050,8075,8050,0
2022-01-10 11:34:00,8050,8050,8075,8050,0
2022-01-10 11:35:00,8050,8050,8075,8050,0
2022-01-10 11:36:00,8050,8050,8075,8050,0
2022-01-10 11:37:00,8050,8050,8075,8050,0
2022-01-10 11:38:00,8050,8050,8075,8050,0
2022-01-10 11:39:00,8050,8050,8075,8050,0
2022-01-10 11:40:00,8050,8050,8075,8050,0
2022-01-10 11:41:00,8050,8050,8075,8050,0
2022-01-10 11:42:00,8050,8050,8075,8050,0
2022-01-10 11:43:00,8050,8050,8075,8050,0
2022-01-10 11:44:00,8050,8050,8075,8050,0
2022-01-10 11:45:00,8050,8050,8075,8050,0
2022-01-10 11:46:00,8050,8050,8075,8050,0
2022-01-10 11:47:00,8050,8050,8075,8050,0
2022-01-10 11:48:00,8050,8050,8075,8050,0
2022-01-10 11:49:00,8050,8050,8075,8050,0
2022-01-10 11:50:00,8050,8050,8075,8050,0
2022-01-10 11:51:00,8050,8050,8075,8050,0
2022-01-10 11:52:00,8050,8050,8075,8050,0
2022-01-10 11:53:00,8050,8050,8075,8050,0
2022-01-10 11:54:00,8050,8050,8075,8050,0
2022-01-10 11:55:00,8050,8050,8075,8050,0
2022-01-10 11:56:00,8050,8050,8075,8050,0
2022-01-10 11:57:00,8050,8050,8075,8050,0
2022-01-10 11:58:00,8050,8050,8075,8050,0
2022-01-10 11:59:00,8050,8050,8075,8050,0
2022-01-10 12:00:00,8050,8050,8075,8050,0
2022-01-10 12:01:00,8050,8050,8075,8050,0
2022-01-10 12:02:00,8050,8050,8075,8050,0
2022-01-10 12:03:00,8050,8050,8075,8050,0
2022-01-10 12:04:00,8050,8050,8075,8050,0
2022-01-10 12:05:00,8050,8050,8075,8050,0
2022-01-10 12:06:00,8050,8050,8075,8050,0
2022-01-10 12:07:00,8050,8050,8075,8050,0
2022-01-10 12:08:00,8050,8050,8075,8050,0
2022-01-10 12:09:00,8050,8050,8075,8050,0
2022-01-10 12:10:00,8050,8050,8075,8050,0
2022-01-10 12:11:00,8050,8050,8075,8050,0
2022-01-10 12:12:00,8050,8050,8075,8050,0
2022-01-10 12:13:00,8050,8050,8075,8050,0
2022-01-10 12:14:00,8050,8050,8075,8050,0
2022-01-10 12:15:00,8050,8050,8075,8050,0
2022-01-10 12:16:00,8050,8050,8075,8050,0
2022-01-10 12:17:00,8050,8050,8075,8050,0
2022-01-10 12:18:00,8050,8050,8075,8050,0
2022-01-10 12:19:00,8050,8050,8075,8050,0
2022-01-10 12:20:00,8050,8050,8075,8050,0
2022-01-10 12:21:00,8050,8050,8075,8050,0
2022-01-10 12:22:00,8050,8050,8075,8050,0
2022-01-10 12:23:00,8050,8050,8075,8050,0
2022-01-10 12:24:00,8050,8050,8075,8050,0
2022-01-10 12:25:00,8050,8050,8075,8050,0
2022-01-10 12:26:00,8050,8050,8075,8050,0
2022-01-10 12:27:00,8050,8050,8075,8050,0
2022-01-10 12:28:00,8050,8050,8075,8050,0
2022-01-10 12:29:00,8050,8050,8075,8050,0
2022-01-10 12:30:00,8050,8050,8075,8050,0
2022-01-10 12:31:00,8050,8050,8075,8050,0
2022-01-10 12:32:00,8050,8050,8075,8050,0
2022-01-10 12:33:00,8050,8050,8075,8050,0
2022-01-10 12:34:00,8050,8050,8075,8050,0
2022-01-10 12:35:00,8050,8050,8075,8050,0
2022-01-10 12:36:00,8050,8050,8075,8050,0
2022-01-10 12:37:00,8050,8050,8075,8050,0
2022-01-10 12:38:00,8050,8050,8075,8050,0
2022-01-10 12:39:00,8050,8050,8075,8050,0
2022-01-10 12:40:00,8050,8050,8075,8050,0
2022-01-10 12:41:00,8050,8050,8075,8050,0
2022-01-10 12:42:00,8050,8050,8075,8050,0
2022-01-10 12:43:00,8050,8050,8075,8050,0
2022-01-10 12:44:00,8050,8050,8075,8050,0
2022-01-10 12:45:00,8050,8050,8075,8050,0
2022-01-10 12:46:00,8050,8050,8075,8050,0
2022-01-10 12:47:00,8050,8050,8075,8050,0
2022-01-10 12:48:00,8050,8050,8075,8050,0
2022-01-10 12:49:00,8050,8050,8075,8050,0
2022-01-10 12:50:00,8050,8050,8075,8050,0
2022-01-10 12:51:00,8050,8050,8075,8050,0
2022-01-10 12:52:00,8050,8050,8075,8050,0
2022-01-10 12:53:00,8050,8050,8075,8050,0
2022-01-10 12:54:00,8050,8050,8075,8050,0
2022-01-10 12:55:00,8050,8050,8075,8050,0
2022-01-10 12:56:00,8050,8050,8075,8050,0
2022-01-10 12:57:00,8050,8050,8075,8050,0
2022-01-10 12:58:00,8050,8050,8075,8050,0
2022-01-10 12:59:00,8050,8050,8075,8050,0
2022-01-10 13:00:00,8050,8050,8075,8050,0
2022-01-10 13:01:00,8050,8050,8075,8050,0
2022-01-10 13:02:00,8050,8050,8075,8050,0
2022-01-10 13:03:00,8050,8050,8075,8050,0
2022-01-10 13:04:00,8050,8050,8075,8050,0
2022-01-10 13:05:00,8050,8050,8075,8050,0
2022-01-10 13:06:00,8050,8050,8075,8050,0
2022-01-10 13:07:00,8050,8050,8075,8050,0
2022-01-10 13:08:00,8050,8050,8075,8050,0
2022-01-10 13:09:00,8050,8050,8075,8050,0
2022-01-10 13:10:00,8050,8050,8075,8050,0
2022-01-10 13:11:00,8050,8050,8075,8050,0
2022-01-10 13:12:00,8050,8050,8075,8050,0
2022-01-10 13:13:00,8050,8050,8075,8050,0
2022-01-10 13:14:00,8050,8050,8075,8050,0
2022-01-10 13:15:00,8050,8050,8075,8050,0
2022-01-10 13:16:00,8050,8050,8075,8050,0
2022-01-10 13:17:00,8050,8050,8075,8050,0
2022-01-10 13:18:00,8050,8050,8075,8050,0
2022-01-10 13:19:00,8050,8050,8075,8050,0
2022-01-10 13:20:00,8050,8050,8075,8050,0
2022-01-10 13:21:00,8050,8050,8075,8050,0
2022-01-10 13:22:00,8050,8050,8075,8050,0
2022-01-10 13:23:00,8050,8050,8075,8050,0
2022-01-10 13:24:00,8050,8050,8075,8050,0
2022-01-10 13:25:00,8050,8050,8075,8050,0
2022-01-10 13:26:00,8050,8050,8075,8050,0
2022-01-10 13:27:00,8050,8050,8075,8050,0
2022-01-10 13:28:00,8050,8050,8075,8050,0
2022-01-10 13:29:00,8050,8050,8075,8050,0
2022-01-10 13:30:00,8075,8000,8075,8075,224200
2022-01-10 13:31:00,8075,8075,8075,8075,400
2022-01-10 13:32:00,8050,8050,8075,8075,3800
2022-01-10 13:33:00,8050,8050,8075,8075,600
2022-01-10 13:34:00,8075,8050,8100,8050,162500
2022-01-10 13:35:00,8075,8050,8075,8050,2200
2022-01-10 13:36:00,8050,8050,8075,8075,10800
2022-01-10 13:37:00,8075,8050,8075,8050,3100
2022-01-10 13:38:00,8075,8050,8100,8075,130200
2022-01-10 13:39:00,8075,8050,8075,8075,10500
2022-01-10 13:40:00,8075,8075,8075,8075,19600
2022-01-10 13:41:00,8075,8050,8075,8075,3500
2022-01-10 13:42:00,8050,8050,8075,8075,35300
2022-01-10 13:43:00,8075,8050,8075,8075,11200
2022-01-10 13:44:00,8050,8050,8075,8075,14900
2022-01-10 13:45:00,8075,8050,8075,8075,1000
2022-01-10 13:46:00,8075,8050,8075,8075,1800
2022-01-10 13:47:00,8075,8050,8075,8075,13700
2022-01-10 13:48:00,8050,8050,8075,8050,25300
2022-01-10 13:49:00,8050,8025,8075,8025,17100
2022-01-10 13:50:00,8050,8050,8050,8050,7000
2022-01-10 13:51:00,8050,8000,8050,8000,117800
2022-01-10 13:52:00,8025,8025,8025,8025,45200
2022-01-10 13:53:00,8025,8025,8050,8025,1800
2022-01-10 13:54:00,8025,8025,8050,8025,25500
2022-01-10 13:55:00,8025,8025,8050,8025,13300
2022-01-10 13:56:00,8000,8000,8025,8025,24100
2022-01-10 13:57:00,8025,8000,8025,8000,3900
2022-01-10 13:58:00,8000,8000,8025,8025,800
2022-01-10 13:59:00,8025,8000,8025,8025,11700
2022-01-10 14:00:00,8000,8000,8025,8025,2100
2022-01-10 14:01:00,8025,8000,8025,8000,1000
2022-01-10 14:02:00,8000,8000,8025,8025,200
2022-01-10 14:03:00,8025,8025,8025,8025,400
2022-01-10 14:04:00,8025,8000,8025,8025,2600
2022-01-10 14:05:00,8000,7975,8025,8025,175100
2022-01-10 14:06:00,8025,8000,8025,8000,15700
2022-01-10 14:07:00,8000,7975,8000,8000,2800
2022-01-10 14:08:00,8000,8000,8000,8000,21700
2022-01-10 14:09:00,8000,8000,8000,8000,5200
2022-01-10 14:10:00,8000,7975,8000,8000,88900
2022-01-10 14:11:00,8000,7975,8000,8000,41600
2022-01-10 14:12:00,8000,8000,8000,8000,4700
2022-01-10 14:13:00,8000,7975,8000,8000,18700
2022-01-10 14:14:00,8000,8000,8000,8000,51800
2022-01-10 14:15:00,8000,8000,8000,8000,2500
2022-01-10 14:16:00,8025,8000,8025,8000,11800
2022-01-10 14:17:00,8000,8000,8000,8000,6600
2022-01-10 14:18:00,8000,8000,8000,8000,7500
2022-01-10 14:19:00,8025,8025,8025,8025,300
2022-01-10 14:20:00,8000,8000,8025,8000,18500
2022-01-10 14:21:00,8025,8000,8025,8025,1300
2022-01-10 14:22:00,8025,8000,8025,8025,32400
2022-01-10 14:23:00,8000,8000,8000,8000,6800
2022-01-10 14:24:00,8000,8000,8000,8000,1800
2022-01-10 14:25:00,8000,8000,8000,8000,2500
2022-01-10 14:26:00,8000,8000,8025,8000,70500
2022-01-10 14:27:00,8000,8000,8025,8025,200
2022-01-10 14:28:00,8025,8025,8025,8025,1000
2022-01-10 14:29:00,8000,8000,8025,8025,13700
2022-01-10 14:30:00,8000,8000,8025,8025,0
2022-01-10 14:31:00,8050,8025,8050,8025,3700
2022-01-10 14:32:00,8025,8025,8050,8025,8000
2022-01-10 14:33:00,8025,8025,8025,8025,5600
2022-01-10 14:34:00,8025,8025,8025,8025,3400
2022-01-10 14:35:00,8025,8025,8025,8025,500
2022-01-10 14:36:00,8025,8025,8025,8025,8300
2022-01-10 14:37:00,8025,8025,8025,8025,5400
2022-01-10 14:38:00,8025,8025,8025,8025,7900
2022-01-10 14:39:00,8025,8025,8025,8025,300
2022-01-10 14:40:00,8025,8000,8025,8000,16900
2022-01-10 14:41:00,8025,8025,8050,8025,36500
2022-01-10 14:42:00,8050,8025,8050,8025,34500
2022-01-10 14:43:00,8025,8025,8050,8025,8500
2022-01-10 14:44:00,8025,8025,8050,8025,31000
2022-01-10 14:45:00,8025,8025,8050,8050,6600
2022-01-10 14:46:00,8050,8025,8050,8025,2700
2022-01-10 14:47:00,8025,8025,8075,8075,241200
2022-01-10 14:48:00,8075,8050,8075,8050,123000
2022-01-10 14:49:00,8050,8000,8050,8000,188800
2022-01-10 14:50:00,8000,8000,8000,8000,400
2022-01-10 14:51:00,8000,8000,8000,8000,0
2022-01-10 14:52:00,8000,8000,8000,8000,0
2022-01-10 14:53:00,8000,8000,8000,8000,0
2022-01-10 14:54:00,8000,8000,8000,8000,0
2022-01-10 14:55:00,8000,8000,8000,8000,0
2022-01-10 14:56:00,8000,8000,8000,8000,0
2022-01-10 14:57:00,8000,8000,8000,8000,0
2022-01-10 14:58:00,8000,8000,8000,8000,0
2022-01-10 14:59:00,8000,8000,8000,8000,0
2022-01-10 15:00:00,8000,8000,8000,8000,462200
2022-01-10 15:01:00,8000,8000,8000,8000,33600
2022-01-10 15:02:00,8000,8000,8000,8000,2500
2022-01-10 15:03:00,8000,8000,8000,8000,2500
2022-01-10 15:04:00,8000,8000,8000,8000,3700
2022-01-10 15:05:00,8000,8000,8000,8000,600
2022-01-10 15:06:00,8000,8000,8000,8000,27100
2022-01-10 15:07:00,8000,8000,8000,8000,600
2022-01-10 15:08:00,8000,8000,8000,8000,0
2022-01-10 15:09:00,8000,8000,8000,8000,300
2022-01-10 15:10:00,8000,8000,8000,8000,0
2022-01-10 15:11:00,8000,8000,8000,8000,12000
2022-01-10 15:12:00,8000,8000,8000,8000,1800
2022-01-10 15:13:00,8000,8000,8000,8000,2000
2022-01-10 15:14:00,8000,8000,8000,8000,0
2022-01-10 15:15:00,8000,8000,8000,8000,0
2022-01-10 15:16:00,8000,8000,8000,8000,0
2022-01-10 15:17:00,8000,8000,8000,8000,0
2022-01-10 15:18:00,8000,8000,8000,8000,0
2022-01-10 15:19:00,8000,8000,8000,8000,0
2022-01-10 15:20:00,8000,8000,8000,8000,0
2022-01-10 15:21:00,8000,8000,8000,8000,0
2022-01-10 15:22:00,8000,8000,8000,8000,0
2022-01-10 15:23:00,8000,8000,8000,8000,0
2022-01-10 15:24:00,8000,8000,8000,8000,0
2022-01-10 15:25:00,8000,8000,8000,8000,0
2022-01-10 15:26:00,8000,8000,8000,8000,0
2022-01-10 15:27:00,8000,8000,8000,8000,0
2022-01-10 15:28:00,8000,8000,8000,8000,0
2022-01-10 15:29:00,8000,8000,8000,8000,0
2022-01-10 15:30:00,8000,8000,8000,8000,0
2022-01-10 15:31:00,8000,8000,8000,8000,0
2022-01-10 15:32:00,8000,8000,8000,8000,0
2022-01-10 15:33:00,8000,8000,8000,8000,0
2022-01-10 15:34:00,8000,8000,8000,8000,0
2022-01-10 15:35:00,8000,8000,8000,8000,0
2022-01-10 15:36:00,8000,8000,8000,8000,0
2022-01-10 15:37:00,8000,8000,8000,8000,0
2022-01-10 15:38:00,8000,8000,8000,8000,0
2022-01-10 15:39:00,8000,8000,8000,8000,0
2022-01-10 15:40:00,8000,8000,8000,8000,0
2022-01-10 15:41:00,8000,8000,8000,8000,0
2022-01-10 15:42:00,8000,8000,8000,8000,0
2022-01-10 15:43:00,8000,8000,8000,8000,0
2022-01-10 15:44:00,8000,8000,8000,8000,0
2022-01-10 15:45:00,8000,8000,8000,8000,0
2022-01-10 15:46:00,8000,8000,8000,8000,0
2022-01-10 15:47:00,8000,8000,8000,8000,0
2022-01-10 15:48:00,8000,8000,8000,8000,0
2022-01-10 15:49:00,8000,8000,8000,8000,0
2022-01-10 15:50:00,8000,8000,8000,8000,0
2022-01-10 15:51:00,8000,8000,8000,8000,0
2022-01-10 15:52:00,8000,8000,8000,8000,0
2022-01-10 15:53:00,8000,8000,8000,8000,0
2022-01-10 15:54:00,8000,8000,8000,8000,0
2022-01-10 15:55:00,8000,8000,8000,8000,0
2022-01-10 15:56:00,8000,8000,8000,8000,0
2022-01-10 15:57:00,8000,8000,8000,8000,0
2022-01-10 15:58:00,8000,8000,8000,8000,0
2022-01-10 15:59:00,8000,8000,8000,8000,0
2022-01-11 09:00:00,8050,8025,8050,8050,45000
2022-01-11 09:01:00,8050,8025,8075,8075,36100
2022-01-11 09:02:00,8050,8025,8050,8025,22900
2022-01-11 09:03:00,8025,8025,8050,8025,13800
2022-01-11 09:04:00,8025,8025,8025,8025,46300
2022-01-11 09:05:00,8025,8025,8025,8025,1700
2022-01-11 09:06:00,8025,8025,8025,8025,13300
2022-01-11 09:07:00,8025,8025,8050,8050,12200
2022-01-11 09:08:00,8025,8025,8025,8025,15300
2022-01-11 09:09:00,8025,8000,8025,8025,9600
2022-01-11 09:10:00,8025,8000,8025,8000,4100
2022-01-11 09:11:00,8025,8000,8025,8000,2700
2022-01-11 09:12:00,8000,8000,8025,8000,11600
2022-01-11 09:13:00,8025,8000,8025,8025,23800
2022-01-11 09:14:00,8025,8000,8025,8000,163900
2022-01-11 09:15:00,7975,7950,8000,7950,65700
2022-01-11 09:16:00,7950,7950,7975,7975,25800
2022-01-11 09:17:00,7975,7975,7975,7975,22700
2022-01-11 09:18:00,7975,7975,8000,7975,13800
2022-01-11 09:19:00,7975,7975,7975,7975,11700
2022-01-11 09:20:00,7975,7975,8000,7975,2600
2022-01-11 09:21:00,7975,7975,8000,7975,10200
2022-01-11 09:22:00,7975,7975,7975,7975,200
2022-01-11 09:23:00,7975,7975,7975,7975,0
2022-01-11 09:24:00,7975,7975,8000,8000,5600
2022-01-11 09:25:00,7975,7975,8000,7975,21300
2022-01-11 09:26:00,7975,7975,8000,7975,13000
2022-01-11 09:27:00,7975,7975,7975,7975,18800
2022-01-11 09:28:00,7975,7975,7975,7975,3700
2022-01-11 09:29:00,7975,7975,7975,7975,3800
2022-01-11 09:30:00,7975,7975,8000,8000,13400
2022-01-11 09:31:00,8000,7975,8000,8000,5200
2022-01-11 09:32:00,8000,8000,8000,8000,3600
2022-01-11 09:33:00,7975,7975,7975,7975,200
2022-01-11 09:34:00,7975,7975,8000,8000,3600
2022-01-11 09:35:00,7975,7975,8000,8000,11200
2022-01-11 09:36:00,8000,8000,8000,8000,4500
2022-01-11 09:37:00,8000,8000,8000,8000,0
2022-01-11 09:38:00,7975,7975,8000,8000,3300
2022-01-11 09:39:00,7975,7975,8000,8000,14700
2022-01-11 09:40:00,7975,7975,7975,7975,9800
2022-01-11 09:41:00,7975,7975,8000,8000,4500
2022-01-11 09:42:00,7975,7975,8000,8000,200
2022-01-11 09:43:00,8000,7975,8000,7975,81200
2022-01-11 09:44:00,7950,7950,7975,7950,11900
2022-01-11 09:45:00,7950,7950,7950,7950,81600
2022-01-11 09:46:00,7950,7925,7950,7925,86400
2022-01-11 09:47:00,7925,7900,7925,7925,77800
2022-01-11 09:48:00,7900,7900,7925,7925,14800
2022-01-11 09:49:00,7925,7925,7950,7925,2100
2022-01-11 09:50:00,7925,7925,7925,7925,28800
2022-01-11 09:51:00,7900,7900,7925,7925,23500
2022-01-11 09:52:00,7900,7900,7900,7900,7300
2022-01-11 09:53:00,7925,7900,7925,7900,15100
2022-01-11 09:54:00,7900,7900,7925,7900,4300
2022-01-11 09:55:00,7925,7925,7925,7925,1200
2022-01-11 09:56:00,7900,7900,7925,7925,2900
2022-01-11 09:57:00,7900,7900,7900,7900,3600
2022-01-11 09:58:00,7900,7900,7925,7900,4400
2022-01-11 09:59:00,7900,7900,7925,7925,22700
2022-01-11 10:00:00,7950,7925,7950,7925,4900
2022-01-11 10:01:00,7925,7925,7925,7925,1300
2022-01-11 10:02:00,7925,7925,7925,7925,1000
2022-01-11 10:03:00,7900,7900,7900,7900,300
2022-01-11 10:04:00,7900,7900,7900,7900,500
2022-01-11 10:05:00,7900,7900,7900,7900,8100
2022-01-11 10:06:00,7900,7900,7900,7900,1300
2022-01-11 10:07:00,7900,7900,7900,7900,36300
2022-01-11 10:08:00,7900,7900,7925,7900,40300
2022-01-11 10:09:00,7900,7900,7900,7900,20600
2022-01-11 10:10:00,7900,7900,7900,7900,200
2022-01-11 10:11:00,7900,7900,7925,7925,33900
2022-01-11 10:12:00,7925,7925,7925,7925,18900
2022-01-11 10:13:00,7925,7925,7925,7925,5000
2022-01-11 10:14:00,7950,7925,7950,7925,1000
2022-01-11 10:15:00,7925,7925,7925,7925,12100
2022-01-11 10:16:00,7925,7925,7925,7925,8100
2022-01-11 10:17:00,7900,7900,7900,7900,12000
2022-01-11 10:18:00,7900,7900,7900,7900,100
2022-01-11 10:19:00,7900,7900,7900,7900,1600
2022-01-11 10:20:00,7900,7900,7900,7900,4400
2022-01-11 10:21:00,7900,7900,7900,7900,10000
2022-01-11 10:22:00,7900,7900,7900,7900,1900
2022-01-11 10:23:00,7900,7900,7925,7900,17300
2022-01-11 10:24:00,7900,7900,7900,7900,3700
2022-01-11 10:25:00,7900,7900,7925,7925,700
2022-01-11 10:26:00,7900,7900,7900,7900,2000
2022-01-11 10:27:00,7900,7900,7900,7900,1100
2022-01-11 10:28:00,7900,7875,7900,7875,73000
2022-01-11 10:29:00,7900,7875,7900,7875,9400
2022-01-11 10:30:00,7875,7875,7875,7875,100
2022-01-11 10:31:00,7900,7900,7900,7900,6600
2022-01-11 10:32:00,7900,7900,7900,7900,5400
2022-01-11 10:33:00,7875,7875,7900,7875,75700
2022-01-11 10:34:00,7875,7850,7875,7875,24800
2022-01-11 10:35:00,7875,7850,7875,7875,6600
2022-01-11 10:36:00,7875,7850,7875,7875,10700
2022-01-11 10:37:00,7875,7875,7875,7875,700
2022-01-11 10:38:00,7875,7850,7875,7875,33800
2022-01-11 10:39:00,7875,7875,7900,7875,5800
2022-01-11 10:40:00,7875,7875,7875,7875,3800
2022-01-11 10:41:00,7875,7875,7875,7875,3400
2022-01-11 10:42:00,7875,7875,7900,7900,2900
2022-01-11 10:43:00,7875,7875,7900,7875,2200
2022-01-11 10:44:00,7875,7875,7875,7875,1900
2022-01-11 10:45:00,7875,7875,7875,7875,2800
2022-01-11 10:46:00,7900,7875,7900,7875,2200
2022-01-11 10:47:00,7875,7875,7875,7875,3700
2022-01-11 10:48:00,7875,7850,7875,7850,3100
2022-01-11 10:49:00,7875,7875,7875,7875,22100
2022-01-11 10:50:00,7875,7875,7875,7875,14700
2022-01-11 10:51:00,7875,7875,7875,7875,11600
2022-01-11 10:52:00,7900,7875,7900,7875,31500
2022-01-11 10:53:00,7875,7850,7875,7875,4800
2022-01-11 10:54:00,7850,7850,7850,7850,500
2022-01-11 10:55:00,7850,7850,7850,7850,10000
2022-01-11 10:56:00,7850,7850,7850,7850,400
2022-01-11 10:57:00,7850,7850,7875,7875,3400
2022-01-11 10:58:00,7875,7875,7875,7875,2000
2022-01-11 10:59:00,7875,7875,7875,7875,1000
2022-01-11 11:00:00,7875,7875,7875,7875,38200
2022-01-11 11:01:00,7875,7875,7875,7875,5000
2022-01-11 11:02:00,7875,7875,7875,7875,100
2022-01-11 11:03:00,7875,7875,7875,7875,1600
2022-01-11 11:04:00,7875,7875,7875,7875,5300
2022-01-11 11:05:00,7875,7875,7875,7875,3600
2022-01-11 11:06:00,7875,7875,7875,7875,3900
2022-01-11 11:07:00,7875,7875,7875,7875,2700
2022-01-11 11:08:00,7875,7875,7900,7900,2300
2022-01-11 11:09:00,7875,7875,7875,7875,600
2022-01-11 11:10:00,7875,7875,7875,7875,3600
2022-01-11 11:11:00,7875,7875,7875,7875,42800
2022-01-11 11:12:00,7875,7875,7875,7875,100
2022-01-11 11:13:00,7875,7875,7875,7875,9000
2022-01-11 11:14:00,7875,7875,7875,7875,3600
2022-01-11 11:15:00,7875,7875,7875,7875,7800
2022-01-11 11:16:00,7875,7875,7875,7875,1400
2022-01-11 11:17:00,7875,7875,7875,7875,6300
2022-01-11 11:18:00,7850,7850,7875,7875,3400
2022-01-11 11:19:00,7850,7850,7875,7875,0
2022-01-11 11:20:00,7875,7875,7875,7875,2100
2022-01-11 11:21:00,7875,7850,7875,7850,2000
2022-01-11 11:22:00,7850,7850,7850,7850,1000
2022-01-11 11:23:00,7850,7850,7875,7875,300
2022-01-11 11:24:00,7875,7875,7875,7875,6900
2022-01-11 11:25:00,7875,7850,7875,7850,19700
2022-01-11 11:26:00,7875,7850,7875,7850,0
2022-01-11 11:27:00,7850,7850,7850,7850,1000
2022-01-11 11:28:00,7850,7850,7875,7850,22200
2022-01-11 11:29:00,7850,7850,7875,7850,0
2022-01-11 11:30:00,7850,7850,7875,7850,0
2022-01-11 11:31:00,7850,7850,7875,7850,0
2022-01-11 11:32:00,7850,7850,7875,7850,0
2022-01-11 11:33:00,7850,7850,7875,7850,0
2022-01-11 11:34:00,7850,7850,7875,7850,0
2022-01-11 11:35:00,7850,7850,7875,7850,0
2022-01-11 11:36:00,7850,7850,7875,7850,0
2022-01-11 11:37:00,7850,7850,7875,7850,0
2022-01-11 11:38:00,7850,7850,7875,7850,0
2022-01-11 11:39:00,7850,7850,7875,7850,0
2022-01-11 11:40:00,7850,7850,7875,7850,0
2022-01-11 11:41:00,7850,7850,7875,7850,0
2022-01-11 11:42:00,7850,7850,7875,7850,0
2022-01-11 11:43:00,7850,7850,7875,7850,0
2022-01-11 11:44:00,7850,7850,7875,7850,0
2022-01-11 11:45:00,7850,7850,7875,7850,0
2022-01-11 11:46:00,7850,7850,7875,7850,0
2022-01-11 11:47:00,7850,7850,7875,7850,0
2022-01-11 11:48:00,7850,7850,7875,7850,0
2022-01-11 11:49:00,7850,7850,7875,7850,0
2022-01-11 11:50:00,7850,7850,7875,7850,0
2022-01-11 11:51:00,7850,7850,7875,7850,0
2022-01-11 11:52:00,7850,7850,7875,7850,0
2022-01-11 11:53:00,7850,7850,7875,7850,0
2022-01-11 11:54:00,7850,7850,7875,7850,0
2022-01-11 11:55:00,7850,7850,7875,7850,0
2022-01-11 11:56:00,7850,7850,7875,7850,0
2022-01-11 11:57:00,7850,7850,7875,7850,0
2022-01-11 11:58:00,7850,7850,7875,7850,0
2022-01-11 11:59:00,7850,7850,7875,7850,0
2022-01-11 12:00:00,7850,7850,7875,7850,0
2022-01-11 12:01:00,7850,7850,7875,7850,0
2022-01-11 12:02:00,7850,7850,7875,7850,0
2022-01-11 12:03:00,7850,7850,7875,7850,0
2022-01-11 12:04:00,7850,7850,7875,7850,0
2022-01-11 12:05:00,7850,7850,7875,7850,0
2022-01-11 12:06:00,7850,7850,7875,7850,0
2022-01-11 12:07:00,7850,7850,7875,7850,0
2022-01-11 12:08:00,7850,7850,7875,7850,0
2022-01-11 12:09:00,7850,7850,7875,7850,0
2022-01-11 12:10:00,7850,7850,7875,7850,0
2022-01-11 12:11:00,7850,7850,7875,7850,0
2022-01-11 12:12:00,7850,7850,7875,7850,0
2022-01-11 12:13:00,7850,7850,7875,7850,0
2022-01-11 12:14:00,7850,7850,7875,7850,0
2022-01-11 12:15:00,7850,7850,7875,7850,0
2022-01-11 12:16:00,7850,7850,7875,7850,0
2022-01-11 12:17:00,7850,7850,7875,7850,0
2022-01-11 12:18:00,7850,7850,7875,7850,0
2022-01-11 12:19:00,7850,7850,7875,7850,0
2022-01-11 12:20:00,7850,7850,7875,7850,0
2022-01-11 12:21:00,7850,7850,7875,7850,0
2022-01-11 12:22:00,7850,7850,7875,7850,0
2022-01-11 12:23:00,7850,7850,7875,7850,0
2022-01-11 12:24:00,7850,7850,7875,7850,0
2022-01-11 12:25:00,7850,7850,7875,7850,0
2022-01-11 12:26:00,7850,7850,7875,7850,0
2022-01-11 12:27:00,7850,7850,7875,7850,0
2022-01-11 12:28:00,7850,7850,7875,7850,0
2022-01-11 12:29:00,7850,7850,7875,7850,0
2022-01-11 12:30:00,7850,7850,7875,7850,0
2022-01-11 12:31:00,7850,7850,7875,7850,0
2022-01-11 12:32:00,7850,7850,7875,7850,0
2022-01-11 12:33:00,7850,7850,7875,7850,0
2022-01-11 12:34:00,7850,7850,7875,7850,0
2022-01-11 12:35:00,7850,7850,7875,7850,0
2022-01-11 12:36:00,7850,7850,7875,7850,0
2022-01-11 12:37:00,7850,7850,7875,7850,0
2022-01-11 12:38:00,7850,7850,7875,7850,0
2022-01-11 12:39:00,7850,7850,7875,7850,0
2022-01-11 12:40:00,7850,7850,7875,7850,0
2022-01-11 12:41:00,7850,7850,7875,7850,0
2022-01-11 12:42:00,7850,7850,7875,7850,0
2022-01-11 12:43:00,7850,7850,7875,7850,0
2022-01-11 12:44:00,7850,7850,7875,7850,0
2022-01-11 12:45:00,7850,7850,7875,7850,0
2022-01-11 12:46:00,7850,7850,7875,7850,0
2022-01-11 12:47:00,7850,7850,7875,7850,0
2022-01-11 12:48:00,7850,7850,7875,7850,0
2022-01-11 12:49:00,7850,7850,7875,7850,0
2022-01-11 12:50:00,7850,7850,7875,7850,0
2022-01-11 12:51:00,7850,7850,7875,7850,0
2022-01-11 12:52:00,7850,7850,7875,7850,0
2022-01-11 12:53:00,7850,7850,7875,7850,0
2022-01-11 12:54:00,7850,7850,7875,7850,0
2022-01-11 12:55:00,7850,7850,7875,7850,0
2022-01-11 12:56:00,7850,7850,7875,7850,0
2022-01-11 12:57:00,7850,7850,7875,7850,0
2022-01-11 12:58:00,7850,7850,7875,7850,0
2022-01-11 12:59:00,7850,7850,7875,7850,0
2022-01-11 13:00:00,7850,7850,7875,7850,0
2022-01-11 13:01:00,7850,7850,7875,7850,0
2022-01-11 13:02:00,7850,7850,7875,7850,0
2022-01-11 13:03:00,7850,7850,7875,7850,0
2022-01-11 13:04:00,7850,7850,7875,7850,0
2022-01-11 13:05:00,7850,7850,7875,7850,0
2022-01-11 13:06:00,7850,7850,7875,7850,0
2022-01-11 13:07:00,7850,7850,7875,7850,0
2022-01-11 13:08:00,7850,7850,7875,7850,0
2022-01-11 13:09:00,7850,7850,7875,7850,0
2022-01-11 13:10:00,7850,7850,7875,7850,0
2022-01-11 13:11:00,7850,7850,7875,7850,0
2022-01-11 13:12:00,7850,7850,7875,7850,0
2022-01-11 13:13:00,7850,7850,7875,7850,0
2022-01-11 13:14:00,7850,7850,7875,7850,0
2022-01-11 13:15:00,7850,7850,7875,7850,0
2022-01-11 13:16:00,7850,7850,7875,7850,0
2022-01-11 13:17:00,7850,7850,7875,7850,0
2022-01-11 13:18:00,7850,7850,7875,7850,0
2022-01-11 13:19:00,7850,7850,7875,7850,0
2022-01-11 13:20:00,7850,7850,7875,7850,0
2022-01-11 13:21:00,7850,7850,7875,7850,0
2022-01-11 13:22:00,7850,7850,7875,7850,0
2022-01-11 13:23:00,7850,7850,7875,7850,0
2022-01-11 13:24:00,7850,7850,7875,7850,0
2022-01-11 13:25:00,7850,7850,7875,7850,0
2022-01-11 13:26:00,7850,7850,7875,7850,0
2022-01-11 13:27:00,7850,7850,7875,7850,0
2022-01-11 13:28:00,7850,7850,7875,7850,0
2022-01-11 13:29:00,7850,7850,7875,7850,0
2022-01-11 13:30:00,7850,7850,7875,7850,0
2022-01-11 13:31:00,7850,7850,7875,7850,0
2022-01-11 13:32:00,7850,7850,7875,7850,0
2022-01-11 13:33:00,7850,7850,7875,7850,0
2022-01-11 13:34:00,7850,7850,7875,7850,0
2022-01-11 13:35:00,7850,7850,7875,7850,0
2022-01-11 13:36:00,7850,7850,7875,7850,0
2022-01-11 13:37:00,7850,7850,7875,7850,0
2022-01-11 13:38:00,7850,7850,7875,7850,0
2022-01-11 13:39:00,7850,7850,7875,7850,0
2022-01-11 13:40:00,7850,7850,7875,7850,0
2022-01-11 13:41:00,7850,7850,7875,7850,0
2022-01-11 13:42:00,7850,7850,7875,7850,0
2022-01-11 13:43:00,7850,7850,7875,7850,0
2022-01-11 13:44:00,7850,7850,7875,7850,0
2022-01-11 13:45:00,7850,7850,7875,7850,0
2022-01-11 13:46:00,7850,7850,7875,7850,0
2022-01-11 13:47:00,7850,7850,7875,7850,0
2022-01-11 13:48:00,7850,7850,7875,7850,0
2022-01-11 13:49:00,7850,7850,7875,7850,0
2022-01-11 13:50:00,7850,7850,7875,7850,0
2022-01-11 13:51:00,7850,7850,7875,7850,0
2022-01-11 13:52:00,7850,7850,7875,7850,0
2022-01-11 13:53:00,7850,7850,7875,7850,0
2022-01-11 13:54:00,7850,7850,7875,7850,0
2022-01-11 13:55:00,7850,7850,7875,7850,0
2022-01-11 13:56:00,7850,7850,7875,7850,0
2022-01-11 13:57:00,7850,7850,7875,7850,0
2022-01-11 13:58:00,7850,7850,7875,7850,0
2022-01-11 13:59:00,7850,7850,7875,7850,0
2022-01-11 14:00:00,7850,7850,7875,7850,0
2022-01-11 14:01:00,7850,7850,7875,7850,0
2022-01-11 14:02:00,7850,7850,7875,7850,0
2022-01-11 14:03:00,7850,7850,7875,7850,0
2022-01-11 14:04:00,7850,7850,7875,7850,0
2022-01-11 14:05:00,7850,7850,7875,7850,0
2022-01-11 14:06:00,7850,7850,7875,7850,0
2022-01-11 14:07:00,7850,7850,7875,7850,0
2022-01-11 14:08:00,7850,7850,7875,7850,0
2022-01-11 14:09:00,7850,7850,7875,7850,0
2022-01-11 14:10:00,7850,7850,7875,7850,0
2022-01-11 14:11:00,7850,7850,7875,7850,0
2022-01-11 14:12:00,7850,7850,7875,7850,0
2022-01-11 14:13:00,7850,7850,7875,7850,0
2022-01-11 14:14:00,7850,7850,7875,7850,0
2022-01-11 14:15:00,7850,7850,7875,7850,0
2022-01-11 14:16:00,7850,7850,7875,7850,0
2022-01-11 14:17:00,7850,7850,7875,7850,0
2022-01-11 14:18:00,7850,7850,7875,7850,0
2022-01-11 14:19:00,7850,7850,7875,7850,0
2022-01-11 14:20:00,7850,7850,7875,7850,0
2022-01-11 14:21:00,7850,7850,7875,7850,0
2022-01-11 14:22:00,7850,7850,7875,7850,0
2022-01-11 14:23:00,7850,7850,7875,7850,0
2022-01-11 14:24:00,7850,7850,7875,7850,0
2022-01-11 14:25:00,7850,7850,7875,7850,0
2022-01-11 14:26:00,7850,7850,7875,7850,0
2022-01-11 14:27:00,7850,7850,7875,7850,0
2022-01-11 14:28:00,7850,7850,7875,7850,0
2022-01-11 14:29:00,7850,7850,7875,7850,0
2022-01-11 14:30:00,7850,7850,7875,7850,0
2022-01-11 14:31:00,7850,7850,7875,7850,0
2022-01-11 14:32:00,7850,7850,7875,7850,0
2022-01-11 14:33:00,7850,7850,7875,7850,0
2022-01-11 14:34:00,7850,7850,7875,7850,0
2022-01-11 14:35:00,7850,7850,7875,7850,0
2022-01-11 14:36:00,7850,7850,7875,7850,0
2022-01-11 14:37:00,7850,7850,7875,7850,0
2022-01-11 14:38:00,7850,7850,7875,7850,0
2022-01-11 14:39:00,7850,7850,7875,7850,0
2022-01-11 14:40:00,7850,7850,7875,7850,0
2022-01-11 14:41:00,7850,7850,7875,7850,0
2022-01-11 14:42:00,7850,7850,7875,7850,0
2022-01-11 14:43:00,7850,7850,7875,7850,0
2022-01-11 14:44:00,7850,7850,7875,7850,0
2022-01-11 14:45:00,7850,7850,7875,7850,0
2022-01-11 14:46:00,7850,7850,7875,7850,0
2022-01-11 14:47:00,7850,7850,7875,7850,0
2022-01-11 14:48:00,7850,7850,7875,7850,0
2022-01-11 14:49:00,7850,7850,7875,7850,0
2022-01-11 14:50:00,7850,7850,7875,7850,0
2022-01-11 14:51:00,7850,7850,7875,7850,0
2022-01-11 14:52:00,7850,7850,7875,7850,0
2022-01-11 14:53:00,7850,7850,7875,7850,0
2022-01-11 14:54:00,7850,7850,7875,7850,0
2022-01-11 14:55:00,7850,7850,7875,7850,0
2022-01-11 14:56:00,7850,7850,7875,7850,0
2022-01-11 14:57:00,7850,7850,7875,7850,0
2022-01-11 14:58:00,7850,7850,7875,7850,0
2022-01-11 14:59:00,7850,7850,7875,7850,0
2022-01-11 15:00:00,7850,7850,7875,7850,0
2022-01-11 15:01:00,7850,7850,7875,7850,0
2022-01-11 15:02:00,7850,7850,7875,7850,0
2022-01-11 15:03:00,7850,7850,7875,7850,0
2022-01-11 15:04:00,7850,7850,7875,7850,0
2022-01-11 15:05:00,7850,7850,7875,7850,0
2022-01-11 15:06:00,7850,7850,7875,7850,0
2022-01-11 15:07:00,7850,7850,7875,7850,0
2022-01-11 15:08:00,7850,7850,7875,7850,0
2022-01-11 15:09:00,7850,7850,7875,7850,0
2022-01-11 15:10:00,7850,7850,7875,7850,0
2022-01-11 15:11:00,7850,7850,7875,7850,0
2022-01-11 15:12:00,7850,7850,7875,7850,0
2022-01-11 15:13:00,7850,7850,7875,7850,0
2022-01-11 15:14:00,7850,7850,7875,7850,0
2022-01-11 15:15:00,7850,7850,7875,7850,0
2022-01-11 15:16:00,7850,7850,7875,7850,0
2022-01-11 15:17:00,7850,7850,7875,7850,0
2022-01-11 15:18:00,7850,7850,7875,7850,0
2022-01-11 15:19:00,7850,7850,7875,7850,0
2022-01-11 15:20:00,7850,7850,7875,7850,0
2022-01-11 15:21:00,7850,7850,7875,7850,0
2022-01-11 15:22:00,7850,7850,7875,7850,0
2022-01-11 15:23:00,7850,7850,7875,7850,0
2022-01-11 15:24:00,7850,7850,7875,7850,0
2022-01-11 15:25:00,7850,7850,7875,7850,0
2022-01-11 15:26:00,7850,7850,7875,7850,0
2022-01-11 15:27:00,7850,7850,7875,7850,0
2022-01-11 15:28:00,7850,7850,7875,7850,0
2022-01-11 15:29:00,7850,7850,7875,7850,0
2022-01-11 15:30:00,7850,7850,7875,7850,0
2022-01-11 15:31:00,7850,7850,7875,7850,0
2022-01-11 15:32:00,7850,7850,7875,7850,0
2022-01-11 15:33:00,7850,7850,7875,7850,0
2022-01-11 15:34:00,7850,7850,7875,7850,0
2022-01-11 15:35:00,7850,7850,7875,7850,0
2022-01-11 15:36:00,7850,7850,7875,7850,0
2022-01-11 15:37:00,7850,7850,7875,7850,0
2022-01-11 15:38:00,7850,7850,7875,7850,0
2022-01-11 15:39:00,7850,7850,7875,7850,0
2022-01-11 15:40:00,7850,7850,7875,7850,0
2022-01-11 15:41:00,7850,7850,7875,7850,0
2022-01-11 15:42:00,7850,7850,7875,7850,0
2022-01-11 15:43:00,7850,7850,7875,7850,0
2022-01-11 15:44:00,7850,7850,7875,7850,0
2022-01-11 15:45:00,7850,7850,7875,7850,0
2022-01-11 15:46:00,7850,7850,7875,7850,0
2022-01-11 15:47:00,7850,7850,7875,7850,0
2022-01-11 15:48:00,7850,7850,7875,7850,0
2022-01-11 15:49:00,7850,7850,7875,7850,0
2022-01-11 15:50:00,7850,7850,7875,7850,0
2022-01-11 15:51:00,7850,7850,7875,7850,0
2022-01-11 15:52:00,7850,7850,7875,7850,0
2022-01-11 15:53:00,7850,7850,7875,7850,0
2022-01-11 15:54:00,7850,7850,7875,7850,0
2022-01-11 15:55:00,7850,7850,7875,7850,0
2022-01-11 15:56:00,7850,7850,7875,7850,0
2022-01-11 15:57:00,7850,7850,7875,7850,0
2022-01-11 15:58:00,7850,7850,7875,7850,0
2022-01-11 15:59:00,7850,7850,7875,7850,0
2022-01-12 09:00:00,7850,7850,7875,7850,0
2022-01-12 09:01:00,7850,7850,7875,7850,0
2022-01-12 09:02:00,7850,7850,7875,7850,0
2022-01-12 09:03:00,7850,7850,7875,7850,0
2022-01-12 09:04:00,7850,7850,7875,7850,0
2022-01-12 09:05:00,7850,7850,7875,7850,0
2022-01-12 09:06:00,7850,7850,7875,7850,0
2022-01-12 09:07:00,7850,7850,7875,7850,0
2022-01-12 09:08:00,7850,7850,7875,7850,0
2022-01-12 09:09:00,7850,7850,7875,7850,0
2022-01-12 09:10:00,7850,7850,7875,7850,0
2022-01-12 09:11:00,7850,7850,7875,7850,0
2022-01-12 09:12:00,7850,7850,7875,7850,0
2022-01-12 09:13:00,7850,7850,7875,7850,0
2022-01-12 09:14:00,7850,7850,7875,7850,0
2022-01-12 09:15:00,7850,7850,7875,7850,0
2022-01-12 09:16:00,7850,7850,7875,7850,0
2022-01-12 09:17:00,7850,7850,7875,7850,0
2022-01-12 09:18:00,7850,7850,7875,7850,0
2022-01-12 09:19:00,7850,7850,7875,7850,0
2022-01-12 09:20:00,7850,7850,7875,7850,0
2022-01-12 09:21:00,7850,7850,7875,7850,0
2022-01-12 09:22:00,7850,7850,7875,7850,0
2022-01-12 09:23:00,7850,7850,7875,7850,0
2022-01-12 09:24:00,7850,7850,7875,7850,0
2022-01-12 09:25:00,7850,7850,7875,7850,0
2022-01-12 09:26:00,7850,7850,7875,7850,0
2022-01-12 09:27:00,7850,7850,7875,7850,0
2022-01-12 09:28:00,7850,7850,7875,7850,0
2022-01-12 09:29:00,7850,7850,7875,7850,0
2022-01-12 09:30:00,7850,7850,7875,7850,0
2022-01-12 09:31:00,7850,7850,7875,7850,0
2022-01-12 09:32:00,7850,7850,7875,7850,0
2022-01-12 09:33:00,7850,7850,7875,7850,0
2022-01-12 09:34:00,7850,7850,7875,7850,0
2022-01-12 09:35:00,7850,7850,7875,7850,0
2022-01-12 09:36:00,7850,7850,7875,7850,0
2022-01-12 09:37:00,7850,7850,7875,7850,0
2022-01-12 09:38:00,7850,7850,7875,7850,0
2022-01-12 09:39:00,7850,7850,7875,7850,0
2022-01-12 09:40:00,7850,7850,7875,7850,0
2022-01-12 09:41:00,7850,7850,7875,7850,0
2022-01-12 09:42:00,7850,7850,7875,7850,0
2022-01-12 09:43:00,7850,7850,7875,7850,0
2022-01-12 09:44:00,7850,7850,7875,7850,0
2022-01-12 09:45:00,7850,7850,7875,7850,0
2022-01-12 09:46:00,7850,7850,7875,7850,0
2022-01-12 09:47:00,7850,7850,7875,7850,0
2022-01-12 09:48:00,7850,7850,7875,7850,0
2022-01-12 09:49:00,7850,7850,7875,7850,0
2022-01-12 09:50:00,7850,7850,7875,7850,0
2022-01-12 09:51:00,7850,7850,7875,7850,0
2022-01-12 09:52:00,7850,7850,7875,7850,0
2022-01-12 09:53:00,7850,7850,7875,7850,0
2022-01-12 09:54:00,7850,7850,7875,7850,0
2022-01-12 09:55:00,7850,7850,7875,7850,0
2022-01-12 09:56:00,7850,7850,7875,7850,0
2022-01-12 09:57:00,7850,7850,7875,7850,0
2022-01-12 09:58:00,7850,7850,7875,7850,0
2022-01-12 09:59:00,7850,7850,7875,7850,0
2022-01-12 10:00:00,7850,7850,7875,7850,0
2022-01-12 10:01:00,7850,7850,7875,7850,0
2022-01-12 10:02:00,7850,7850,7875,7850,0
2022-01-12 10:03:00,7850,7850,7875,7850,0
2022-01-12 10:04:00,7850,7850,7875,7850,0
2022-01-12 10:05:00,7850,7850,7875,7850,0
2022-01-12 10:06:00,7850,7850,7875,7850,0
2022-01-12 10:07:00,7850,7850,7875,7850,0
2022-01-12 10:08:00,7850,7850,7875,7850,0
2022-01-12 10:09:00,7850,7850,7875,7850,0
2022-01-12 10:10:00,7850,7850,7875,7850,0
2022-01-12 10:11:00,7850,7850,7875,7850,0
2022-01-12 10:12:00,7850,7850,7875,7850,0
2022-01-12 10:13:00,7850,7850,7875,7850,0
2022-01-12 10:14:00,7850,7850,7875,7850,0
2022-01-12 10:15:00,7850,7850,7875,7850,0
2022-01-12 10:16:00,7850,7850,7875,7850,0
2022-01-12 10:17:00,7850,7850,7875,7850,0
2022-01-12 10:18:00,7850,7850,7875,7850,0
2022-01-12 10:19:00,7850,7850,7875,7850,0
2022-01-12 10:20:00,7850,7850,7875,7850,0
2022-01-12 10:21:00,7850,7850,7875,7850,0
2022-01-12 10:22:00,7850,7850,7875,7850,0
2022-01-12 10:23:00,7850,7850,7875,7850,0
2022-01-12 10:24:00,7850,7850,7875,7850,0
2022-01-12 10:25:00,7850,7850,7875,7850,0
2022-01-12 10:26:00,7850,7850,7875,7850,0
2022-01-12 10:27:00,7850,7850,7875,7850,0
2022-01-12 10:28:00,7850,7850,7875,7850,0
2022-01-12 10:29:00,7850,7850,7875,7850,0
2022-01-12 10:30:00,7850,7850,7875,7850,0
2022-01-12 10:31:00,7850,7850,7875,7850,0
2022-01-12 10:32:00,7850,7850,7875,7850,0
2022-01-12 10:33:00,7850,7850,7875,7850,0
2022-01-12 10:34:00,7850,7850,7875,7850,0
2022-01-12 10:35:00,7850,7850,7875,7850,0
2022-01-12 10:36:00,7850,7850,7875,7850,0
2022-01-12 10:37:00,7850,7850,7875,7850,0
2022-01-12 10:38:00,7850,7850,7875,7850,0
2022-01-12 10:39:00,7850,7850,7875,7850,0
2022-01-12 10:40:00,7850,7850,7875,7850,0
2022-01-12 10:41:00,7850,7850,7875,7850,0
2022-01-12 10:42:00,7850,7850,7875,7850,0
2022-01-12 10:43:00,7850,7850,7875,7850,0
2022-01-12 10:44:00,7850,7850,7875,7850,0
2022-01-12 10:45:00,7850,7850,7875,7850,0
2022-01-12 10:46:00,7850,7850,7875,7850,0
2022-01-12 10:47:00,7850,7850,7875,7850,0
2022-01-12 10:48:00,7850,7850,7875,7850,0
2022-01-12 10:49:00,7850,7850,7875,7850,0
2022-01-12 10:50:00,7850,7850,7875,7850,0
2022-01-12 10:51:00,7850,7850,7875,7850,0
2022-01-12 10:52:00,7850,7850,7875,7850,0
2022-01-12 10:53:00,7850,7850,7875,7850,0
2022-01-12 10:54:00,7850,7850,7875,7850,0
2022-01-12 10:55:00,7850,7850,7875,7850,0
2022-01-12 10:56:00,7850,7850,7875,7850,0
2022-01-12 10:57:00,7850,7850,7875,7850,0
2022-01-12 10:58:00,7850,7850,7875,7850,0
2022-01-12 10:59:00,7850,7850,7875,7850,0
2022-01-12 11:00:00,7850,7850,7875,7850,0
2022-01-12 11:01:00,7850,7850,7875,7850,0
2022-01-12 11:02:00,7850,7850,7875,7850,0
2022-01-12 11:03:00,7850,7850,7875,7850,0
2022-01-12 11:04:00,7850,7850,7875,7850,0
2022-01-12 11:05:00,7850,7850,7875,7850,0
2022-01-12 11:06:00,7850,7850,7875,7850,0
2022-01-12 11:07:00,7850,7850,7875,7850,0
2022-01-12 11:08:00,7850,7850,7875,7850,0
2022-01-12 11:09:00,7850,7850,7875,7850,0
2022-01-12 11:10:00,7850,7850,7875,7850,0
2022-01-12 11:11:00,7850,7850,7875,7850,0
2022-01-12 11:12:00,7850,7850,7875,7850,0
2022-01-12 11:13:00,7850,7850,7875,7850,0
2022-01-12 11:14:00,7850,7850,7875,7850,0
2022-01-12 11:15:00,7850,7850,7875,7850,0
2022-01-12 11:16:00,7850,7850,7875,7850,0
2022-01-12 11:17:00,7850,7850,7875,7850,0
2022-01-12 11:18:00,7850,7850,7875,7850,0
2022-01-12 11:19:00,7850,7850,7875,7850,0
2022-01-12 11:20:00,7850,7850,7875,7850,0
2022-01-12 11:21:00,7850,7850,7875,7850,0
2022-01-12 11:22:00,7850,7850,7875,7850,0
2022-01-12 11:23:00,7850,7850,7875,7850,0
2022-01-12 11:24:00,7850,7850,7875,7850,0
2022-01-12 11:25:00,7850,7850,7875,7850,0
2022-01-12 11:26:00,7850,7850,7875,7850,0
2022-01-12 11:27:00,7850,7850,7875,7850,0
2022-01-12 11:28:00,7850,7850,7875,7850,0
2022-01-12 11:29:00,7850,7850,7875,7850,0
2022-01-12 11:30:00,7850,7850,7875,7850,0
2022-01-12 11:31:00,7850,7850,7875,7850,0
2022-01-12 11:32:00,7850,7850,7875,7850,0
2022-01-12 11:33:00,7850,7850,7875,7850,0
2022-01-12 11:34:00,7850,7850,7875,7850,0
2022-01-12 11:35:00,7850,7850,7875,7850,0
2022-01-12 11:36:00,7850,7850,7875,7850,0
2022-01-12 11:37:00,7850,7850,7875,7850,0
2022-01-12 11:38:00,7850,7850,7875,7850,0
2022-01-12 11:39:00,7850,7850,7875,7850,0
2022-01-12 11:40:00,7850,7850,7875,7850,0
2022-01-12 11:41:00,7850,7850,7875,7850,0
2022-01-12 11:42:00,7850,7850,7875,7850,0
2022-01-12 11:43:00,7850,7850,7875,7850,0
2022-01-12 11:44:00,7850,7850,7875,7850,0
2022-01-12 11:45:00,7850,7850,7875,7850,0
2022-01-12 11:46:00,7850,7850,7875,7850,0
2022-01-12 11:47:00,7850,7850,7875,7850,0
2022-01-12 11:48:00,7850,7850,7875,7850,0
2022-01-12 11:49:00,7850,7850,7875,7850,0
2022-01-12 11:50:00,7850,7850,7875,7850,0
2022-01-12 11:51:00,7850,7850,7875,7850,0
2022-01-12 11:52:00,7850,7850,7875,7850,0
2022-01-12 11:53:00,7850,7850,7875,7850,0
2022-01-12 11:54:00,7850,7850,7875,7850,0
2022-01-12 11:55:00,7850,7850,7875,7850,0
2022-01-12 11:56:00,7850,7850,7875,7850,0
2022-01-12 11:57:00,7850,7850,7875,7850,0
2022-01-12 11:58:00,7850,7850,7875,7850,0
2022-01-12 11:59:00,7850,7850,7875,7850,0
2022-01-12 12:00:00,7850,7850,7875,7850,0
2022-01-12 12:01:00,7850,7850,7875,7850,0
2022-01-12 12:02:00,7850,7850,7875,7850,0
2022-01-12 12:03:00,7850,7850,7875,7850,0
2022-01-12 12:04:00,7850,7850,7875,7850,0
2022-01-12 12:05:00,7850,7850,7875,7850,0
2022-01-12 12:06:00,7850,7850,7875,7850,0
2022-01-12 12:07:00,7850,7850,7875,7850,0
2022-01-12 12:08:00,7850,7850,7875,7850,0
2022-01-12 12:09:00,7850,7850,7875,7850,0
2022-01-12 12:10:00,7850,7850,7875,7850,0
2022-01-12 12:11:00,7850,7850,7875,7850,0
2022-01-12 12:12:00,7850,7850,7875,7850,0
2022-01-12 12:13:00,7850,7850,7875,7850,0
2022-01-12 12:14:00,7850,7850,7875,7850,0
2022-01-12 12:15:00,7850,7850,7875,7850,0
2022-01-12 12:16:00,7850,7850,7875,7850,0
2022-01-12 12:17:00,7850,7850,7875,7850,0
2022-01-12 12:18:00,7850,7850,7875,7850,0
2022-01-12 12:19:00,7850,7850,7875,7850,0
2022-01-12 12:20:00,7850,7850,7875,7850,0
2022-01-12 12:21:00,7850,7850,7875,7850,0
2022-01-12 12:22:00,7850,7850,7875,7850,0
2022-01-12 12:23:00,7850,7850,7875,7850,0
2022-01-12 12:24:00,7850,7850,7875,7850,0
2022-01-12 12:25:00,7850,7850,7875,7850,0
2022-01-12 12:26:00,7850,7850,7875,7850,0
2022-01-12 12:27:00,7850,7850,7875,7850,0
2022-01-12 12:28:00,7850,7850,7875,7850,0
2022-01-12 12:29:00,7850,7850,7875,7850,0
2022-01-12 12:30:00,7850,7850,7875,7850,0
2022-01-12 12:31:00,7850,7850,7875,7850,0
2022-01-12 12:32:00,7850,7850,7875,7850,0
2022-01-12 12:33:00,7850,7850,7875,7850,0
2022-01-12 12:34:00,7850,7850,7875,7850,0
2022-01-12 12:35:00,7850,7850,7875,7850,0
2022-01-12 12:36:00,7850,7850,7875,7850,0
2022-01-12 12:37:00,7850,7850,7875,7850,0
2022-01-12 12:38:00,7850,7850,7875,7850,0
2022-01-12 12:39:00,7850,7850,7875,7850,0
2022-01-12 12:40:00,7850,7850,7875,7850,0
2022-01-12 12:41:00,7850,7850,7875,7850,0
2022-01-12 12:42:00,7850,7850,7875,7850,0
2022-01-12 12:43:00,7850,7850,7875,7850,0
2022-01-12 12:44:00,7850,7850,7875,7850,0
2022-01-12 12:45:00,7850,7850,7875,7850,0
2022-01-12 12:46:00,7850,7850,7875,7850,0
2022-01-12 12:47:00,7850,7850,7875,7850,0
2022-01-12 12:48:00,7850,7850,7875,7850,0
2022-01-12 12:49:00,7850,7850,7875,7850,0
2022-01-12 12:50:00,7850,7850,7875,7850,0
2022-01-12 12:51:00,7850,7850,7875,7850,0
2022-01-12 12:52:00,7850,7850,7875,7850,0
2022-01-12 12:53:00,7850,7850,7875,7850,0
2022-01-12 12:54:00,7850,7850,7875,7850,0
2022-01-12 12:55:00,7850,7850,7875,7850,0
2022-01-12 12:56:00,7850,7850,7875,7850,0
2022-01-12 12:57:00,7850,7850,7875,7850,0
2022-01-12 12:58:00,7850,7850,7875,7850,0
2022-01-12 12:59:00,7850,7850,7875,7850,0
2022-01-12 13:00:00,7850,7850,7875,7850,0
2022-01-12 13:01:00,7850,7850,7875,7850,0
2022-01-12 13:02:00,7850,7850,7875,7850,0
2022-01-12 13:03:00,7850,7850,7875,7850,0
2022-01-12 13:04:00,7850,7850,7875,7850,0
2022-01-12 13:05:00,7850,7850,7875,7850,0
2022-01-12 13:06:00,7850,7850,7875,7850,0
2022-01-12 13:07:00,7850,7850,7875,7850,0
2022-01-12 13:08:00,7850,7850,7875,7850,0
2022-01-12 13:09:00,7850,7850,7875,7850,0
2022-01-12 13:10:00,7850,7850,7875,7850,0
2022-01-12 13:11:00,7850,7850,7875,7850,0
2022-01-12 13:12:00,7850,7850,7875,7850,0
2022-01-12 13:13:00,7850,7850,7875,7850,0
2022-01-12 13:14:00,7850,7850,7875,7850,0
2022-01-12 13:15:00,7850,7850,7875,7850,0
2022-01-12 13:16:00,7850,7850,7875,7850,0
2022-01-12 13:17:00,7850,7850,7875,7850,0
2022-01-12 13:18:00,7850,7850,7875,7850,0
2022-01-12 13:19:00,7850,7850,7875,7850,0
2022-01-12 13:20:00,7850,7850,7875,7850,0
2022-01-12 13:21:00,7850,7850,7875,7850,0
2022-01-12 13:22:00,7850,7850,7875,7850,0
2022-01-12 13:23:00,7850,7850,7875,7850,0
2022-01-12 13:24:00,7850,7850,7875,7850,0
2022-01-12 13:25:00,7850,7850,7875,7850,0
2022-01-12 13:26:00,7850,7850,7875,7850,0
2022-01-12 13:27:00,7850,7850,7875,7850,0
2022-01-12 13:28:00,7850,7850,7875,7850,0
2022-01-12 13:29:00,7850,7850,7875,7850,0
2022-01-12 13:30:00,7850,7850,7875,7850,0
2022-01-12 13:31:00,7850,7850,7875,7850,0
2022-01-12 13:32:00,7850,7850,7875,7850,0
2022-01-12 13:33:00,7850,7850,7875,7850,0
2022-01-12 13:34:00,7850,7850,7875,7850,0
2022-01-12 13:35:00,7850,7850,7875,7850,0
2022-01-12 13:36:00,7850,7850,7875,7850,0
2022-01-12 13:37:00,7850,7850,7875,7850,0
2022-01-12 13:38:00,7850,7850,7875,7850,0
2022-01-12 13:39:00,7850,7850,7875,7850,0
2022-01-12 13:40:00,7850,7850,7875,7850,0
2022-01-12 13:41:00,7850,7850,7875,7850,0
2022-01-12 13:42:00,7850,7850,7875,7850,0
2022-01-12 13:43:00,7850,7850,7875,7850,0
2022-01-12 13:44:00,7850,7850,7875,7850,0
2022-01-12 13:45:00,7850,7850,7875,7850,0
2022-01-12 13:46:00,7850,7850,7875,7850,0
2022-01-12 13:47:00,7850,7850,7875,7850,0
2022-01-12 13:48:00,7850,7850,7875,7850,0
2022-01-12 13:49:00,7850,7850,7875,7850,0
2022-01-12 13:50:00,7850,7850,7875,7850,0
2022-01-12 13:51:00,7850,7850,7875,7850,0
2022-01-12 13:52:00,7850,7850,7875,7850,0
2022-01-12 13:53:00,7850,7850,7875,7850,0
2022-01-12 13:54:00,7850,7850,7875,7850,0
2022-01-12 13:55:00,7850,7850,7875,7850,0
2022-01-12 13:56:00,7850,7850,7875,7850,0
2022-01-12 13:57:00,7850,7850,7875,7850,0
2022-01-12 13:58:00,7850,7850,7875,7850,0
2022-01-12 13:59:00,7850,7850,7875,7850,0
2022-01-12 14:00:00,7850,7850,7875,7850,0
2022-01-12 14:01:00,7850,7850,7875,7850,0
2022-01-12 14:02:00,7850,7850,7875,7850,0
2022-01-12 14:03:00,7850,7850,7875,7850,0
2022-01-12 14:04:00,7850,7850,7875,7850,0
2022-01-12 14:05:00,7850,7850,7875,7850,0
2022-01-12 14:06:00,7850,7850,7875,7850,0
2022-01-12 14:07:00,7850,7850,7875,7850,0
2022-01-12 14:08:00,7850,7850,7875,7850,0
2022-01-12 14:09:00,7850,7850,7875,7850,0
2022-01-12 14:10:00,7850,7850,7875,7850,0
2022-01-12 14:11:00,7850,7850,7875,7850,0
2022-01-12 14:12:00,7850,7850,7875,7850,0
2022-01-12 14:13:00,7850,7850,7875,7850,0
2022-01-12 14:14:00,7850,7850,7875,7850,0
2022-01-12 14:15:00,7850,7850,7875,7850,0
2022-01-12 14:16:00,7850,7850,7875,7850,0
2022-01-12 14:17:00,7850,7850,7875,7850,0
2022-01-12 14:18:00,7850,7850,7875,7850,0
2022-01-12 14:19:00,7850,7850,7875,7850,0
2022-01-12 14:20:00,7850,7850,7875,7850,0
2022-01-12 14:21:00,7850,7850,7875,7850,0
2022-01-12 14:22:00,7850,7850,7875,7850,0
2022-01-12 14:23:00,7850,7850,7875,7850,0
2022-01-12 14:24:00,7850,7850,7875,7850,0
2022-01-12 14:25:00,7850,7850,7875,7850,0
2022-01-12 14:26:00,7850,7850,7875,7850,0
2022-01-12 14:27:00,7850,7850,7875,7850,0
2022-01-12 14:28:00,7850,7850,7875,7850,0
2022-01-12 14:29:00,7850,7850,7875,7850,0
2022-01-12 14:30:00,7850,7850,7875,7850,0
2022-01-12 14:31:00,7850,7850,7875,7850,0
2022-01-12 14:32:00,7850,7850,7875,7850,0
2022-01-12 14:33:00,7850,7850,7875,7850,0
2022-01-12 14:34:00,7850,7850,7875,7850,0
2022-01-12 14:35:00,7850,7850,7875,7850,0
2022-01-12 14:36:00,7850,7850,7875,7850,0
2022-01-12 14:37:00,7850,7850,7875,7850,0
2022-01-12 14:38:00,7850,7850,7875,7850,0
2022-01-12 14:39:00,7850,7850,7875,7850,0
2022-01-12 14:40:00,7850,7850,7875,7850,0
2022-01-12 14:41:00,7850,7850,7875,7850,0
2022-01-12 14:42:00,7850,7850,7875,7850,0
2022-01-12 14:43:00,7850,7850,7875,7850,0
2022-01-12 14:44:00,7850,7850,7875,7850,0
2022-01-12 14:45:00,7850,7850,7875,7850,0
2022-01-12 14:46:00,7850,7850,7875,7850,0
2022-01-12 14:47:00,7850,7850,7875,7850,0
2022-01-12 14:48:00,7850,7850,7875,7850,0
2022-01-12 14:49:00,7850,7850,7875,7850,0
2022-01-12 14:50:00,7850,7850,7875,7850,0
2022-01-12 14:51:00,7850,7850,7875,7850,0
2022-01-12 14:52:00,7850,7850,7875,7850,0
2022-01-12 14:53:00,7850,7850,7875,7850,0
2022-01-12 14:54:00,7850,7850,7875,7850,0
2022-01-12 14:55:00,7850,7850,7875,7850,0
2022-01-12 14:56:00,7850,7850,7875,7850,0
2022-01-12 14:57:00,7850,7850,7875,7850,0
2022-01-12 14:58:00,7850,7850,7875,7850,0
2022-01-12 14:59:00,7850,7850,7875,7850,0
2022-01-12 15:00:00,7850,7850,7875,7850,0
2022-01-12 15:01:00,7850,7850,7875,7850,0
2022-01-12 15:02:00,7850,7850,7875,7850,0
2022-01-12 15:03:00,7850,7850,7875,7850,0
2022-01-12 15:04:00,7850,7850,7875,7850,0
2022-01-12 15:05:00,7850,7850,7875,7850,0
2022-01-12 15:06:00,7850,7850,7875,7850,0
2022-01-12 15:07:00,7850,7850,7875,7850,0
2022-01-12 15:08:00,7850,7850,7875,7850,0
2022-01-12 15:09:00,7850,7850,7875,7850,0
2022-01-12 15:10:00,7850,7850,7875,7850,0
2022-01-12 15:11:00,7850,7850,7875,7850,0
2022-01-12 15:12:00,7850,7850,7875,7850,0
2022-01-12 15:13:00,7850,7850,7875,7850,0
2022-01-12 15:14:00,7850,7850,7875,7850,0
2022-01-12 15:15:00,7850,7850,7875,7850,0
2022-01-12 15:16:00,7850,7850,7875,7850,0
2022-01-12 15:17:00,7850,7850,7875,7850,0
2022-01-12 15:18:00,7850,7850,7875,7850,0
2022-01-12 15:19:00,7850,7850,7875,7850,0
2022-01-12 15:20:00,7850,7850,7875,7850,0
2022-01-12 15:21:00,7850,7850,7875,7850,0
2022-01-12 15:22:00,7850,7850,7875,7850,0
2022-01-12 15:23:00,7850,7850,7875,7850,0
2022-01-12 15:24:00,7850,7850,7875,7850,0
2022-01-12 15:25:00,7850,7850,7875,7850,0
2022-01-12 15:26:00,7850,7850,7875,7850,0
2022-01-12 15:27:00,7850,7850,7875,7850,0
2022-01-12 15:28:00,7850,7850,7875,7850,0
2022-01-12 15:29:00,7850,7850,7875,7850,0
2022-01-12 15:30:00,7850,7850,7875,7850,0
2022-01-12 15:31:00,7850,7850,7875,7850,0
2022-01-12 15:32:00,7850,7850,7875,7850,0
2022-01-12 15:33:00,7850,7850,7875,7850,0
2022-01-12 15:34:00,7850,7850,7875,7850,0
2022-01-12 15:35:00,7850,7850,7875,7850,0
2022-01-12 15:36:00,7850,7850,7875,7850,0
2022-01-12 15:37:00,7850,7850,7875,7850,0
2022-01-12 15:38:00,7850,7850,7875,7850,0
2022-01-12 15:39:00,7850,7850,7875,7850,0
2022-01-12 15:40:00,7850,7850,7875,7850,0
2022-01-12 15:41:00,7850,7850,7875,7850,0
2022-01-12 15:42:00,7850,7850,7875,7850,0
2022-01-12 15:43:00,7850,7850,7875,7850,0
2022-01-12 15:44:00,7850,7850,7875,7850,0
2022-01-12 15:45:00,7850,7850,7875,7850,0
2022-01-12 15:46:00,7850,7850,7875,7850,0
2022-01-12 15:47:00,7850,7850,7875,7850,0
2022-01-12 15:48:00,7850,7850,7875,7850,0
2022-01-12 15:49:00,7850,7850,7875,7850,0
2022-01-12 15:50:00,7850,7850,7875,7850,0
2022-01-12 15:51:00,7850,7850,7875,7850,0
2022-01-12 15:52:00,7850,7850,7875,7850,0
2022-01-12 15:53:00,7850,7850,7875,7850,0
2022-01-12 15:54:00,7850,7850,7875,7850,0
2022-01-12 15:55:00,7850,7850,7875,7850,0
2022-01-12 15:56:00,7850,7850,7875,7850,0
2022-01-12 15:57:00,7850,7850,7875,7850,0
2022-01-12 15:58:00,7850,7850,7875,7850,0
2022-01-12 15:59:00,7850,7850,7875,7850,0
2022-01-13 09:00:00,7850,7850,7875,7850,0
2022-01-13 09:01:00,7850,7850,7875,7850,0
2022-01-13 09:02:00,7850,7850,7875,7850,0
2022-01-13 09:03:00,7850,7850,7875,7850,0
2022-01-13 09:04:00,7850,7850,7875,7850,0
2022-01-13 09:05:00,7850,7850,7875,7850,0
2022-01-13 09:06:00,7850,7850,7875,7850,0
2022-01-13 09:07:00,7850,7850,7875,7850,0
2022-01-13 09:08:00,7850,7850,7875,7850,0
2022-01-13 09:09:00,7850,7850,7875,7850,0
2022-01-13 09:10:00,7850,7850,7875,7850,0
2022-01-13 09:11:00,7850,7850,7875,7850,0
2022-01-13 09:12:00,7850,7850,7875,7850,0
2022-01-13 09:13:00,7850,7850,7875,7850,0
2022-01-13 09:14:00,7850,7850,7875,7850,0
2022-01-13 09:15:00,7850,7850,7875,7850,0
2022-01-13 09:16:00,7850,7850,7875,7850,0
2022-01-13 09:17:00,7850,7850,7875,7850,0
2022-01-13 09:18:00,7850,7850,7875,7850,0
2022-01-13 09:19:00,7850,7850,7875,7850,0
2022-01-13 09:20:00,7850,7850,7875,7850,0
2022-01-13 09:21:00,7850,7850,7875,7850,0
2022-01-13 09:22:00,7850,7850,7875,7850,0
2022-01-13 09:23:00,7850,7850,7875,7850,0
2022-01-13 09:24:00,7850,7850,7875,7850,0
2022-01-13 09:25:00,7850,7850,7875,7850,0
2022-01-13 09:26:00,7850,7850,7875,7850,0
2022-01-13 09:27:00,7850,7850,7875,7850,0
2022-01-13 09:28:00,7850,7850,7875,7850,0
2022-01-13 09:29:00,7850,7850,7875,7850,0
2022-01-13 09:30:00,7850,7850,7875,7850,0
2022-01-13 09:31:00,7850,7850,7875,7850,0
2022-01-13 09:32:00,7850,7850,7875,7850,0
2022-01-13 09:33:00,7850,7850,7875,7850,0
2022-01-13 09:34:00,7850,7850,7875,7850,0
2022-01-13 09:35:00,7850,7850,7875,7850,0
2022-01-13 09:36:00,7850,7850,7875,7850,0
2022-01-13 09:37:00,7850,7850,7875,7850,0
2022-01-13 09:38:00,7850,7850,7875,7850,0
2022-01-13 09:39:00,7850,7850,7875,7850,0
2022-01-13 09:40:00,7850,7850,7875,7850,0
2022-01-13 09:41:00,7850,7850,7875,7850,0
2022-01-13 09:42:00,7850,7850,7875,7850,0
2022-01-13 09:43:00,7850,7850,7875,7850,0
2022-01-13 09:44:00,7850,7850,7875,7850,0
2022-01-13 09:45:00,7850,7850,7875,7850,0
2022-01-13 09:46:00,7850,7850,7875,7850,0
2022-01-13 09:47:00,7850,7850,7875,7850,0
2022-01-13 09:48:00,7850,7850,7875,7850,0
2022-01-13 09:49:00,7850,7850,7875,7850,0
2022-01-13 09:50:00,7850,7850,7875,7850,0
2022-01-13 09:51:00,7850,7850,7875,7850,0
2022-01-13 09:52:00,7850,7850,7875,7850,0
2022-01-13 09:53:00,7850,7850,7875,7850,0
2022-01-13 09:54:00,7850,7850,7875,7850,0
2022-01-13 09:55:00,7850,7850,7875,7850,0
2022-01-13 09:56:00,7850,7850,7875,7850,0
2022-01-13 09:57:00,7850,7850,7875,7850,0
2022-01-13 09:58:00,7850,7850,7875,7850,0
2022-01-13 09:59:00,7850,7850,7875,7850,0
2022-01-13 10:00:00,7850,7850,7875,7850,0
2022-01-13 10:01:00,7850,7850,7875,7850,0
2022-01-13 10:02:00,7850,7850,7875,7850,0
2022-01-13 10:03:00,7850,7850,7875,7850,0
2022-01-13 10:04:00,7850,7850,7875,7850,0
2022-01-13 10:05:00,7850,7850,7875,7850,0
2022-01-13 10:06:00,7850,7850,7875,7850,0
2022-01-13 10:07:00,7850,7850,7875,7850,0
2022-01-13 10:08:00,7850,7850,7875,7850,0
2022-01-13 10:09:00,7850,7850,7875,7850,0
2022-01-13 10:10:00,7850,7850,7875,7850,0
2022-01-13 10:11:00,7850,7850,7875,7850,0
2022-01-13 10:12:00,7850,7850,7875,7850,0
2022-01-13 10:13:00,7850,7850,7875,7850,0
2022-01-13 10:14:00,7850,7850,7875,7850,0
2022-01-13 10:15:00,7850,7850,7875,7850,0
2022-01-13 10:16:00,7850,7850,7875,7850,0
2022-01-13 10:17:00,7850,7850,7875,7850,0
2022-01-13 10:18:00,7850,7850,7875,7850,0
2022-01-13 10:19:00,7850,7850,7875,7850,0
2022-01-13 10:20:00,7850,7850,7875,7850,0
2022-01-13 10:21:00,7850,7850,7875,7850,0
2022-01-13 10:22:00,7850,7850,7875,7850,0
2022-01-13 10:23:00,7850,7850,7875,7850,0
2022-01-13 10:24:00,7850,7850,7875,7850,0
2022-01-13 10:25:00,7850,7850,7875,7850,0
2022-01-13 10:26:00,7850,7850,7875,7850,0
2022-01-13 10:27:00,7850,7850,7875,7850,0
2022-01-13 10:28:00,7850,7850,7875,7850,0
2022-01-13 10:29:00,7850,7850,7875,7850,0
2022-01-13 10:30:00,7850,7850,7875,7850,0
2022-01-13 10:31:00,7850,7850,7875,7850,0
2022-01-13 10:32:00,7850,7850,7875,7850,0
2022-01-13 10:33:00,7850,7850,7875,7850,0
2022-01-13 10:34:00,7850,7850,7875,7850,0
2022-01-13 10:35:00,7850,7850,7875,7850,0
2022-01-13 10:36:00,7850,7850,7875,7850,0
2022-01-13 10:37:00,7850,7850,7875,7850,0
2022-01-13 10:38:00,7850,7850,7875,7850,0
2022-01-13 10:39:00,7850,7850,7875,7850,0
2022-01-13 10:40:00,7850,7850,7875,7850,0
2022-01-13 10:41:00,7850,7850,7875,7850,0
2022-01-13 10:42:00,7850,7850,7875,7850,0
2022-01-13 10:43:00,7850,7850,7875,7850,0
2022-01-13 10:44:00,7850,7850,7875,7850,0
2022-01-13 10:45:00,7850,7850,7875,7850,0
2022-01-13 10:46:00,7850,7850,7875,7850,0
2022-01-13 10:47:00,7850,7850,7875,7850,0
2022-01-13 10:48:00,7850,7850,7875,7850,0
2022-01-13 10:49:00,7850,7850,7875,7850,0
2022-01-13 10:50:00,7850,7850,7875,7850,0
2022-01-13 10:51:00,7850,7850,7875,7850,0
2022-01-13 10:52:00,7850,7850,7875,7850,0
2022-01-13 10:53:00,7850,7850,7875,7850,0
2022-01-13 10:54:00,7850,7850,7875,7850,0
2022-01-13 10:55:00,7850,7850,7875,7850,0
2022-01-13 10:56:00,7850,7850,7875,7850,0
2022-01-13 10:57:00,7850,7850,7875,7850,0
2022-01-13 10:58:00,7850,7850,7875,7850,0
2022-01-13 10:59:00,7850,7850,7875,7850,0
2022-01-13 11:00:00,7850,7850,7875,7850,0
2022-01-13 11:01:00,7850,7850,7875,7850,0
2022-01-13 11:02:00,7850,7850,7875,7850,0
2022-01-13 11:03:00,7850,7850,7875,7850,0
2022-01-13 11:04:00,7850,7850,7875,7850,0
2022-01-13 11:05:00,7850,7850,7875,7850,0
2022-01-13 11:06:00,7850,7850,7875,7850,0
2022-01-13 11:07:00,7850,7850,7875,7850,0
2022-01-13 11:08:00,7850,7850,7875,7850,0
2022-01-13 11:09:00,7850,7850,7875,7850,0
2022-01-13 11:10:00,7850,7850,7875,7850,0
2022-01-13 11:11:00,7850,7850,7875,7850,0
2022-01-13 11:12:00,7850,7850,7875,7850,0
2022-01-13 11:13:00,7850,7850,7875,7850,0
2022-01-13 11:14:00,7850,7850,7875,7850,0
2022-01-13 11:15:00,7850,7850,7875,7850,0
2022-01-13 11:16:00,7850,7850,7875,7850,0
2022-01-13 11:17:00,7850,7850,7875,7850,0
2022-01-13 11:18:00,7850,7850,7875,7850,0
2022-01-13 11:19:00,7850,7850,7875,7850,0
2022-01-13 11:20:00,7850,7850,7875,7850,0
2022-01-13 11:21:00,7850,7850,7875,7850,0
2022-01-13 11:22:00,7850,7850,7875,7850,0
2022-01-13 11:23:00,7850,7850,7875,7850,0
2022-01-13 11:24:00,7850,7850,7875,7850,0
2022-01-13 11:25:00,7850,7850,7875,7850,0
2022-01-13 11:26:00,7850,7850,7875,7850,0
2022-01-13 11:27:00,7850,7850,7875,7850,0
2022-01-13 11:28:00,7850,7850,7875,7850,0
2022-01-13 11:29:00,7850,7850,7875,7850,0
2022-01-13 11:30:00,7850,7850,7875,7850,0
2022-01-13 11:31:00,7850,7850,7875,7850,0
2022-01-13 11:32:00,7850,7850,7875,7850,0
2022-01-13 11:33:00,7850,7850,7875,7850,0
2022-01-13 11:34:00,7850,7850,7875,7850,0
2022-01-13 11:35:00,7850,7850,7875,7850,0
2022-01-13 11:36:00,7850,7850,7875,7850,0
2022-01-13 11:37:00,7850,7850,7875,7850,0
2022-01-13 11:38:00,7850,7850,7875,7850,0
2022-01-13 11:39:00,7850,7850,7875,7850,0
2022-01-13 11:40:00,7850,7850,7875,7850,0
2022-01-13 11:41:00,7850,7850,7875,7850,0
2022-01-13 11:42:00,7850,7850,7875,7850,0
2022-01-13 11:43:00,7850,7850,7875,7850,0
2022-01-13 11:44:00,7850,7850,7875,7850,0
2022-01-13 11:45:00,7850,7850,7875,7850,0
2022-01-13 11:46:00,7850,7850,7875,7850,0
2022-01-13 11:47:00,7850,7850,7875,7850,0
2022-01-13 11:48:00,7850,7850,7875,7850,0
2022-01-13 11:49:00,7850,7850,7875,7850,0
2022-01-13 11:50:00,7850,7850,7875,7850,0
2022-01-13 11:51:00,7850,7850,7875,7850,0
2022-01-13 11:52:00,7850,7850,7875,7850,0
2022-01-13 11:53:00,7850,7850,7875,7850,0
2022-01-13 11:54:00,7850,7850,7875,7850,0
2022-01-13 11:55:00,7850,7850,7875,7850,0
2022-01-13 11:56:00,7850,7850,7875,7850,0
2022-01-13 11:57:00,7850,7850,7875,7850,0
2022-01-13 11:58:00,7850,7850,7875,7850,0
2022-01-13 11:59:00,7850,7850,7875,7850,0
2022-01-13 12:00:00,7850,7850,7875,7850,0
2022-01-13 12:01:00,7850,7850,7875,7850,0
2022-01-13 12:02:00,7850,7850,7875,7850,0
2022-01-13 12:03:00,7850,7850,7875,7850,0
2022-01-13 12:04:00,7850,7850,7875,7850,0
2022-01-13 12:05:00,7850,7850,7875,7850,0
2022-01-13 12:06:00,7850,7850,7875,7850,0
2022-01-13 12:07:00,7850,7850,7875,7850,0
2022-01-13 12:08:00,7850,7850,7875,7850,0
2022-01-13 12:09:00,7850,7850,7875,7850,0
2022-01-13 12:10:00,7850,7850,7875,7850,0
2022-01-13 12:11:00,7850,7850,7875,7850,0
2022-01-13 12:12:00,7850,7850,7875,7850,0
2022-01-13 12:13:00,7850,7850,7875,7850,0
2022-01-13 12:14:00,7850,7850,7875,7850,0
2022-01-13 12:15:00,7850,7850,7875,7850,0
2022-01-13 12:16:00,7850,7850,7875,7850,0
2022-01-13 12:17:00,7850,7850,7875,7850,0
2022-01-13 12:18:00,7850,7850,7875,7850,0
2022-01-13 12:19:00,7850,7850,7875,7850,0
2022-01-13 12:20:00,7850,7850,7875,7850,0
2022-01-13 12:21:00,7850,7850,7875,7850,0
2022-01-13 12:22:00,7850,7850,7875,7850,0
2022-01-13 12:23:00,7850,7850,7875,7850,0
2022-01-13 12:24:00,7850,7850,7875,7850,0
2022-01-13 12:25:00,7850,7850,7875,7850,0
2022-01-13 12:26:00,7850,7850,7875,7850,0
2022-01-13 12:27:00,7850,7850,7875,7850,0
2022-01-13 12:28:00,7850,7850,7875,7850,0
2022-01-13 12:29:00,7850,7850,7875,7850,0
2022-01-13 12:30:00,7850,7850,7875,7850,0
2022-01-13 12:31:00,7850,7850,7875,7850,0
2022-01-13 12:32:00,7850,7850,7875,7850,0
2022-01-13 12:33:00,7850,7850,7875,7850,0
2022-01-13 12:34:00,7850,7850,7875,7850,0
2022-01-13 12:35:00,7850,7850,7875,7850,0
2022-01-13 12:36:00,7850,7850,7875,7850,0
2022-01-13 12:37:00,7850,7850,7875,7850,0
2022-01-13 12:38:00,7850,7850,7875,7850,0
2022-01-13 12:39:00,7850,7850,7875,7850,0
2022-01-13 12:40:00,7850,7850,7875,7850,0
2022-01-13 12:41:00,7850,7850,7875,7850,0
2022-01-13 12:42:00,7850,7850,7875,7850,0
2022-01-13 12:43:00,7850,7850,7875,7850,0
2022-01-13 12:44:00,7850,7850,7875,7850,0
2022-01-13 12:45:00,7850,7850,7875,7850,0
2022-01-13 12:46:00,7850,7850,7875,7850,0
2022-01-13 12:47:00,7850,7850,7875,7850,0
2022-01-13 12:48:00,7850,7850,7875,7850,0
2022-01-13 12:49:00,7850,7850,7875,7850,0
2022-01-13 12:50:00,7850,7850,7875,7850,0
2022-01-13 12:51:00,7850,7850,7875,7850,0
2022-01-13 12:52:00,7850,7850,7875,7850,0
2022-01-13 12:53:00,7850,7850,7875,7850,0
2022-01-13 12:54:00,7850,7850,7875,7850,0
2022-01-13 12:55:00,7850,7850,7875,7850,0
2022-01-13 12:56:00,7850,7850,7875,7850,0
2022-01-13 12:57:00,7850,7850,7875,7850,0
2022-01-13 12:58:00,7850,7850,7875,7850,0
2022-01-13 12:59:00,7850,7850,7875,7850,0
2022-01-13 13:00:00,7850,7850,7875,7850,0
2022-01-13 13:01:00,7850,7850,7875,7850,0
2022-01-13 13:02:00,7850,7850,7875,7850,0
2022-01-13 13:03:00,7850,7850,7875,7850,0
2022-01-13 13:04:00,7850,7850,7875,7850,0
2022-01-13 13:05:00,7850,7850,7875,7850,0
2022-01-13 13:06:00,7850,7850,7875,7850,0
2022-01-13 13:07:00,7850,7850,7875,7850,0
2022-01-13 13:08:00,7850,7850,7875,7850,0
2022-01-13 13:09:00,7850,7850,7875,7850,0
2022-01-13 13:10:00,7850,7850,7875,7850,0
2022-01-13 13:11:00,7850,7850,7875,7850,0
2022-01-13 13:12:00,7850,7850,7875,7850,0
2022-01-13 13:13:00,7850,7850,7875,7850,0
2022-01-13 13:14:00,7850,7850,7875,7850,0
2022-01-13 13:15:00,7850,7850,7875,7850,0
2022-01-13 13:16:00,7850,7850,7875,7850,0
2022-01-13 13:17:00,7850,7850,7875,7850,0
2022-01-13 13:18:00,7850,7850,7875,7850,0
2022-01-13 13:19:00,7850,7850,7875,7850,0
2022-01-13 13:20:00,7850,7850,7875,7850,0
2022-01-13 13:21:00,7850,7850,7875,7850,0
2022-01-13 13:22:00,7850,7850,7875,7850,0
2022-01-13 13:23:00,7850,7850,7875,7850,0
2022-01-13 13:24:00,7850,7850,7875,7850,0
2022-01-13 13:25:00,7850,7850,7875,7850,0
2022-01-13 13:26:00,7850,7850,7875,7850,0
2022-01-13 13:27:00,7850,7850,7875,7850,0
2022-01-13 13:28:00,7850,7850,7875,7850,0
2022-01-13 13:29:00,7850,7850,7875,7850,0
2022-01-13 13:30:00,7850,7850,7875,7850,0
2022-01-13 13:31:00,7850,7850,7875,7850,0
2022-01-13 13:32:00,7850,7850,7875,7850,0
2022-01-13 13:33:00,7850,7850,7875,7850,0
2022-01-13 13:34:00,7850,7850,7875,7850,0
2022-01-13 13:35:00,7850,7850,7875,7850,0
2022-01-13 13:36:00,7850,7850,7875,7850,0
2022-01-13 13:37:00,7850,7850,7875,7850,0
2022-01-13 13:38:00,7850,7850,7875,7850,0
2022-01-13 13:39:00,7850,7850,7875,7850,0
2022-01-13 13:40:00,7850,7850,7875,7850,0
2022-01-13 13:41:00,7850,7850,7875,7850,0
2022-01-13 13:42:00,7850,7850,7875,7850,0
2022-01-13 13:43:00,7850,7850,7875,7850,0
2022-01-13 13:44:00,7850,7850,7875,7850,0
2022-01-13 13:45:00,7850,7850,7875,7850,0
2022-01-13 13:46:00,7850,7850,7875,7850,0
2022-01-13 13:47:00,7850,7850,7875,7850,0
2022-01-13 13:48:00,7850,7850,7875,7850,0
2022-01-13 13:49:00,7850,7850,7875,7850,0
2022-01-13 13:50:00,7850,7850,7875,7850,0
2022-01-13 13:51:00,7850,7850,7875,7850,0
2022-01-13 13:52:00,7850,7850,7875,7850,0
2022-01-13 13:53:00,7850,7850,7875,7850,0
2022-01-13 13:54:00,7850,7850,7875,7850,0
2022-01-13 13:55:00,7850,7850,7875,7850,0
2022-01-13 13:56:00,7850,7850,7875,7850,0
2022-01-13 13:57:00,7850,7850,7875,7850,0
2022-01-13 13:58:00,7850,7850,7875,7850,0
2022-01-13 13:59:00,7850,7850,7875,7850,0
2022-01-13 14:00:00,7850,7850,7875,7850,0
2022-01-13 14:01:00,7850,7850,7875,7850,0
2022-01-13 14:02:00,7850,7850,7875,7850,0
2022-01-13 14:03:00,7850,7850,7875,7850,0
2022-01-13 14:04:00,7850,7850,7875,7850,0
2022-01-13 14:05:00,7850,7850,7875,7850,0
2022-01-13 14:06:00,7850,7850,7875,7850,0
2022-01-13 14:07:00,7850,7850,7875,7850,0
2022-01-13 14:08:00,7850,7850,7875,7850,0
2022-01-13 14:09:00,7850,7850,7875,7850,0
2022-01-13 14:10:00,7850,7850,7875,7850,0
2022-01-13 14:11:00,7850,7850,7875,7850,0
2022-01-13 14:12:00,7850,7850,7875,7850,0
2022-01-13 14:13:00,7850,7850,7875,7850,0
2022-01-13 14:14:00,7850,7850,7875,7850,0
2022-01-13 14:15:00,7850,7850,7875,7850,0
2022-01-13 14:16:00,7850,7850,7875,7850,0
2022-01-13 14:17:00,7850,7850,7875,7850,0
2022-01-13 14:18:00,7850,7850,7875,7850,0
2022-01-13 14:19:00,7850,7850,7875,7850,0
2022-01-13 14:20:00,7850,7850,7875,7850,0
2022-01-13 14:21:00,7850,7850,7875,7850,0
2022-01-13 14:22:00,7850,7850,7875,7850,0
2022-01-13 14:23:00,7850,7850,7875,7850,0
2022-01-13 14:24:00,7850,7850,7875,7850,0
2022-01-13 14:25:00,7850,7850,7875,7850,0
2022-01-13 14:26:00,7850,7850,7875,7850,0
2022-01-13 14:27:00,7850,7850,7875,7850,0
2022-01-13 14:28:00,7850,7850,7875,7850,0
2022-01-13 14:29:00,7850,7850,7875,7850,0
2022-01-13 14:30:00,7850,7850,7875,7850,0
2022-01-13 14:31:00,7850,7850,7875,7850,0
2022-01-13 14:32:00,7850,7850,7875,7850,0
2022-01-13 14:33:00,7850,7850,7875,7850,0
2022-01-13 14:34:00,7850,7850,7875,7850,0
2022-01-13 14:35:00,7850,7850,7875,7850,0
2022-01-13 14:36:00,7850,7850,7875,7850,0
2022-01-13 14:37:00,7850,7850,7875,7850,0
2022-01-13 14:38:00,7850,7850,7875,7850,0
2022-01-13 14:39:00,7850,7850,7875,7850,0
2022-01-13 14:40:00,7850,7850,7875,7850,0
2022-01-13 14:41:00,7850,7850,7875,7850,0
2022-01-13 14:42:00,7850,7850,7875,7850,0
2022-01-13 14:43:00,7850,7850,7875,7850,0
2022-01-13 14:44:00,7850,7850,7875,7850,0
2022-01-13 14:45:00,7850,7850,7875,7850,0
2022-01-13 14:46:00,7850,7850,7875,7850,0
2022-01-13 14:47:00,7850,7850,7875,7850,0
2022-01-13 14:48:00,7850,7850,7875,7850,0
2022-01-13 14:49:00,7850,7850,7875,7850,0
2022-01-13 14:50:00,7850,7850,7875,7850,0
2022-01-13 14:51:00,7850,7850,7875,7850,0
2022-01-13 14:52:00,7850,7850,7875,7850,0
2022-01-13 14:53:00,7850,7850,7875,7850,0
2022-01-13 14:54:00,7850,7850,7875,7850,0
2022-01-13 14:55:00,7850,7850,7875,7850,0
2022-01-13 14:56:00,7850,7850,7875,7850,0
2022-01-13 14:57:00,7850,7850,7875,7850,0
2022-01-13 14:58:00,7850,7850,7875,7850,0
2022-01-13 14:59:00,7850,7850,7875,7850,0
2022-01-13 15:00:00,7850,7850,7875,7850,0
2022-01-13 15:01:00,7850,7850,7875,7850,0
2022-01-13 15:02:00,7850,7850,7875,7850,0
2022-01-13 15:03:00,7850,7850,7875,7850,0
2022-01-13 15:04:00,7850,7850,7875,7850,0
2022-01-13 15:05:00,7850,7850,7875,7850,0
2022-01-13 15:06:00,7850,7850,7875,7850,0
2022-01-13 15:07:00,7850,7850,7875,7850,0
2022-01-13 15:08:00,7850,7850,7875,7850,0
2022-01-13 15:09:00,7850,7850,7875,7850,0
2022-01-13 15:10:00,7850,7850,7875,7850,0
2022-01-13 15:11:00,7850,7850,7875,7850,0
2022-01-13 15:12:00,7850,7850,7875,7850,0
2022-01-13 15:13:00,7850,7850,7875,7850,0
2022-01-13 15:14:00,7850,7850,7875,7850,0
2022-01-13 15:15:00,7850,7850,7875,7850,0
2022-01-13 15:16:00,7850,7850,7875,7850,0
2022-01-13 15:17:00,7850,7850,7875,7850,0
2022-01-13 15:18:00,7850,7850,7875,7850,0
2022-01-13 15:19:00,7850,7850,7875,7850,0
2022-01-13 15:20:00,7850,7850,7875,7850,0
2022-01-13 15:21:00,7850,7850,7875,7850,0
2022-01-13 15:22:00,7850,7850,7875,7850,0
2022-01-13 15:23:00,7850,7850,7875,7850,0
2022-01-13 15:24:00,7850,7850,7875,7850,0
2022-01-13 15:25:00,7850,7850,7875,7850,0
2022-01-13 15:26:00,7850,7850,7875,7850,0
2022-01-13 15:27:00,7850,7850,7875,7850,0
2022-01-13 15:28:00,7850,7850,7875,7850,0
2022-01-13 15:29:00,7850,7850,7875,7850,0
2022-01-13 15:30:00,7850,7850,7875,7850,0
2022-01-13 15:31:00,7850,7850,7875,7850,0
2022-01-13 15:32:00,7850,7850,7875,7850,0
2022-01-13 15:33:00,7850,7850,7875,7850,0
2022-01-13 15:34:00,7850,7850,7875,7850,0
2022-01-13 15:35:00,7850,7850,7875,7850,0
2022-01-13 15:36:00,7850,7850,7875,7850,0
2022-01-13 15:37:00,7850,7850,7875,7850,0
2022-01-13 15:38:00,7850,7850,7875,7850,0
2022-01-13 15:39:00,7850,7850,7875,7850,0
2022-01-13 15:40:00,7850,7850,7875,7850,0
2022-01-13 15:41:00,7850,7850,7875,7850,0
2022-01-13 15:42:00,7850,7850,7875,7850,0
2022-01-13 15:43:00,7850,7850,7875,7850,0
2022-01-13 15:44:00,7850,7850,7875,7850,0
2022-01-13 15:45:00,7850,7850,7875,7850,0
2022-01-13 15:46:00,7850,7850,7875,7850,0
2022-01-13 15:47:00,7850,7850,7875,7850,0
2022-01-13 15:48:00,7850,7850,7875,7850,0
2022-01-13 15:49:00,7850,7850,7875,7850,0
2022-01-13 15:50:00,7850,7850,7875,7850,0
2022-01-13 15:51:00,7850,7850,7875,7850,0
2022-01-13 15:52:00,7850,7850,7875,7850,0
2022-01-13 15:53:00,7850,7850,7875,7850,0
2022-01-13 15:54:00,7850,7850,7875,7850,0
2022-01-13 15:55:00,7850,7850,7875,7850,0
2022-01-13 15:56:00,7850,7850,7875,7850,0
2022-01-13 15:57:00,7850,7850,7875,7850,0
2022-01-13 15:58:00,7850,7850,7875,7850,0
2022-01-13 15:59:00,7850,7850,7875,7850,0
2022-01-14 09:00:00,7850,7850,7875,7850,0
2022-01-14 09:01:00,7850,7850,7875,7850,0
2022-01-14 09:02:00,7850,7850,7875,7850,0
2022-01-14 09:03:00,7850,7850,7875,7850,0
2022-01-14 09:04:00,7850,7850,7875,7850,0
2022-01-14 09:05:00,7850,7850,7875,7850,0
2022-01-14 09:06:00,7850,7850,7875,7850,0
2022-01-14 09:07:00,7850,7850,7875,7850,0
2022-01-14 09:08:00,7850,7850,7875,7850,0
2022-01-14 09:09:00,7850,7850,7875,7850,0
2022-01-14 09:10:00,7850,7850,7875,7850,0
2022-01-14 09:11:00,7850,7850,7875,7850,0
2022-01-14 09:12:00,7850,7850,7875,7850,0
2022-01-14 09:13:00,7850,7850,7875,7850,0
2022-01-14 09:14:00,7850,7850,7875,7850,0
2022-01-14 09:15:00,7850,7850,7875,7850,0
2022-01-14 09:16:00,7850,7850,7875,7850,0
2022-01-14 09:17:00,7850,7850,7875,7850,0
2022-01-14 09:18:00,7850,7850,7875,7850,0
2022-01-14 09:19:00,7850,7850,7875,7850,0
2022-01-14 09:20:00,7850,7850,7875,7850,0
2022-01-14 09:21:00,7850,7850,7875,7850,0
2022-01-14 09:22:00,7850,7850,7875,7850,0
2022-01-14 09:23:00,7850,7850,7875,7850,0
2022-01-14 09:24:00,7850,7850,7875,7850,0
2022-01-14 09:25:00,7850,7850,7875,7850,0
2022-01-14 09:26:00,7850,7850,7875,7850,0
2022-01-14 09:27:00,7850,7850,7875,7850,0
2022-01-14 09:28:00,7850,7850,7875,7850,0
2022-01-14 09:29:00,7850,7850,7875,7850,0
2022-01-14 09:30:00,7850,7850,7875,7850,0
2022-01-14 09:31:00,7850,7850,7875,7850,0
2022-01-14 09:32:00,7850,7850,7875,7850,0
2022-01-14 09:33:00,7850,7850,7875,7850,0
2022-01-14 09:34:00,7850,7850,7875,7850,0
2022-01-14 09:35:00,7850,7850,7875,7850,0
2022-01-14 09:36:00,7850,7850,7875,7850,0
2022-01-14 09:37:00,7850,7850,7875,7850,0
2022-01-14 09:38:00,7850,7850,7875,7850,0
2022-01-14 09:39:00,7850,7850,7875,7850,0
2022-01-14 09:40:00,7850,7850,7875,7850,0
2022-01-14 09:41:00,7850,7850,7875,7850,0
2022-01-14 09:42:00,7850,7850,7875,7850,0
2022-01-14 09:43:00,7850,7850,7875,7850,0
2022-01-14 09:44:00,7850,7850,7875,7850,0
2022-01-14 09:45:00,7850,7850,7875,7850,0
2022-01-14 09:46:00,7850,7850,7875,7850,0
2022-01-14 09:47:00,7850,7850,7875,7850,0
2022-01-14 09:48:00,7850,7850,7875,7850,0
2022-01-14 09:49:00,7850,7850,7875,7850,0
2022-01-14 09:50:00,7850,7850,7875,7850,0
2022-01-14 09:51:00,7850,7850,7875,7850,0
2022-01-14 09:52:00,7850,7850,7875,7850,0
2022-01-14 09:53:00,7850,7850,7875,7850,0
2022-01-14 09:54:00,7850,7850,7875,7850,0
2022-01-14 09:55:00,7850,7850,7875,7850,0
2022-01-14 09:56:00,7850,7850,7875,7850,0
2022-01-14 09:57:00,7850,7850,7875,7850,0
2022-01-14 09:58:00,7850,7850,7875,7850,0
2022-01-14 09:59:00,7850,7850,7875,7850,0
2022-01-14 10:00:00,7850,7850,7875,7850,0
2022-01-14 10:01:00,7850,7850,7875,7850,0
2022-01-14 10:02:00,7850,7850,7875,7850,0
2022-01-14 10:03:00,7850,7850,7875,7850,0
2022-01-14 10:04:00,7850,7850,7875,7850,0
2022-01-14 10:05:00,7850,7850,7875,7850,0
2022-01-14 10:06:00,7850,7850,7875,7850,0
2022-01-14 10:07:00,7850,7850,7875,7850,0
2022-01-14 10:08:00,7850,7850,7875,7850,0
2022-01-14 10:09:00,7850,7850,7875,7850,0
2022-01-14 10:10:00,7850,7850,7875,7850,0
2022-01-14 10:11:00,7850,7850,7875,7850,0
2022-01-14 10:12:00,7850,7850,7875,7850,0
2022-01-14 10:13:00,7850,7850,7875,7850,0
2022-01-14 10:14:00,7850,7850,7875,7850,0
2022-01-14 10:15:00,7850,7850,7875,7850,0
2022-01-14 10:16:00,7850,7850,7875,7850,0
2022-01-14 10:17:00,7850,7850,7875,7850,0
2022-01-14 10:18:00,7850,7850,7875,7850,0
2022-01-14 10:19:00,7850,7850,7875,7850,0
2022-01-14 10:20:00,7850,7850,7875,7850,0
2022-01-14 10:21:00,7850,7850,7875,7850,0
2022-01-14 10:22:00,7850,7850,7875,7850,0
2022-01-14 10:23:00,7850,7850,7875,7850,0
2022-01-14 10:24:00,7850,7850,7875,7850,0
2022-01-14 10:25:00,7850,7850,7875,7850,0
2022-01-14 10:26:00,7850,7850,7875,7850,0
2022-01-14 10:27:00,7850,7850,7875,7850,0
2022-01-14 10:28:00,7850,7850,7875,7850,0
2022-01-14 10:29:00,7850,7850,7875,7850,0
2022-01-14 10:30:00,7850,7850,7875,7850,0
2022-01-14 10:31:00,7850,7850,7875,7850,0
2022-01-14 10:32:00,7850,7850,7875,7850,0
2022-01-14 10:33:00,7850,7850,7875,7850,0
2022-01-14 10:34:00,7850,7850,7875,7850,0
2022-01-14 10:35:00,7850,7850,7875,7850,0
2022-01-14 10:36:00,7850,7850,7875,7850,0
2022-01-14 10:37:00,7850,7850,7875,7850,0
2022-01-14 10:38:00,7850,7850,7875,7850,0
2022-01-14 10:39:00,7850,7850,7875,7850,0
2022-01-14 10:40:00,7850,7850,7875,7850,0
2022-01-14 10:41:00,7850,7850,7875,7850,0
2022-01-14 10:42:00,7850,7850,7875,7850,0
2022-01-14 10:43:00,7850,7850,7875,7850,0
2022-01-14 10:44:00,7850,7850,7875,7850,0
2022-01-14 10:45:00,7850,7850,7875,7850,0
2022-01-14 10:46:00,7850,7850,7875,7850,0
2022-01-14 10:47:00,7850,7850,7875,7850,0
2022-01-14 10:48:00,7850,7850,7875,7850,0
2022-01-14 10:49:00,7850,7850,7875,7850,0
2022-01-14 10:50:00,7850,7850,7875,7850,0
2022-01-14 10:51:00,7850,7850,7875,7850,0
2022-01-14 10:52:00,7850,7850,7875,7850,0
2022-01-14 10:53:00,7850,7850,7875,7850,0
2022-01-14 10:54:00,7850,7850,7875,7850,0
2022-01-14 10:55:00,7850,7850,7875,7850,0
2022-01-14 10:56:00,7850,7850,7875,7850,0
2022-01-14 10:57:00,7850,7850,7875,7850,0
2022-01-14 10:58:00,7850,7850,7875,7850,0
2022-01-14 10:59:00,7850,7850,7875,7850,0
2022-01-14 11:00:00,7850,7850,7875,7850,0
2022-01-14 11:01:00,7850,7850,7875,7850,0
2022-01-14 11:02:00,7850,7850,7875,7850,0
2022-01-14 11:03:00,7850,7850,7875,7850,0
2022-01-14 11:04:00,7850,7850,7875,7850,0
2022-01-14 11:05:00,7850,7850,7875,7850,0
2022-01-14 11:06:00,7850,7850,7875,7850,0
2022-01-14 11:07:00,7850,7850,7875,7850,0
2022-01-14 11:08:00,7850,7850,7875,7850,0
2022-01-14 11:09:00,7850,7850,7875,7850,0
2022-01-14 11:10:00,7850,7850,7875,7850,0
2022-01-14 11:11:00,7850,7850,7875,7850,0
2022-01-14 11:12:00,7850,7850,7875,7850,0
2022-01-14 11:13:00,7850,7850,7875,7850,0
2022-01-14 11:14:00,7850,7850,7875,7850,0
2022-01-14 11:15:00,7850,7850,7875,7850,0
2022-01-14 11:16:00,7850,7850,7875,7850,0
2022-01-14 11:17:00,7850,7850,7875,7850,0
2022-01-14 11:18:00,7850,7850,7875,7850,0
2022-01-14 11:19:00,7850,7850,7875,7850,0
2022-01-14 11:20:00,7850,7850,7875,7850,0
2022-01-14 11:21:00,7850,7850,7875,7850,0
2022-01-14 11:22:00,7850,7850,7875,7850,0
2022-01-14 11:23:00,7850,7850,7875,7850,0
2022-01-14 11:24:00,7850,7850,7875,7850,0
2022-01-14 11:25:00,7850,7850,7875,7850,0
2022-01-14 11:26:00,7850,7850,7875,7850,0
2022-01-14 11:27:00,7850,7850,7875,7850,0
2022-01-14 11:28:00,7850,7850,7875,7850,0
2022-01-14 11:29:00,7850,7850,7875,7850,0
2022-01-14 11:30:00,7850,7850,7875,7850,0
2022-01-14 11:31:00,7850,7850,7875,7850,0
2022-01-14 11:32:00,7850,7850,7875,7850,0
2022-01-14 11:33:00,7850,7850,7875,7850,0
2022-01-14 11:34:00,7850,7850,7875,7850,0
2022-01-14 11:35:00,7850,7850,7875,7850,0
2022-01-14 11:36:00,7850,7850,7875,7850,0
2022-01-14 11:37:00,7850,7850,7875,7850,0
2022-01-14 11:38:00,7850,7850,7875,7850,0
2022-01-14 11:39:00,7850,7850,7875,7850,0
2022-01-14 11:40:00,7850,7850,7875,7850,0
2022-01-14 11:41:00,7850,7850,7875,7850,0
2022-01-14 11:42:00,7850,7850,7875,7850,0
2022-01-14 11:43:00,7850,7850,7875,7850,0
2022-01-14 11:44:00,7850,7850,7875,7850,0
2022-01-14 11:45:00,7850,7850,7875,7850,0
2022-01-14 11:46:00,7850,7850,7875,7850,0
2022-01-14 11:47:00,7850,7850,7875,7850,0
2022-01-14 11:48:00,7850,7850,7875,7850,0
2022-01-14 11:49:00,7850,7850,7875,7850,0
2022-01-14 11:50:00,7850,7850,7875,7850,0
2022-01-14 11:51:00,7850,7850,7875,7850,0
2022-01-14 11:52:00,7850,7850,7875,7850,0
2022-01-14 11:53:00,7850,7850,7875,7850,0
2022-01-14 11:54:00,7850,7850,7875,7850,0
2022-01-14 11:55:00,7850,7850,7875,7850,0
2022-01-14 11:56:00,7850,7850,7875,7850,0
2022-01-14 11:57:00,7850,7850,7875,7850,0
2022-01-14 11:58:00,7850,7850,7875,7850,0
2022-01-14 11:59:00,7850,7850,7875,7850,0
2022-01-14 12:00:00,7850,7850,7875,7850,0
2022-01-14 12:01:00,7850,7850,7875,7850,0
2022-01-14 12:02:00,7850,7850,7875,7850,0
2022-01-14 12:03:00,7850,7850,7875,7850,0
2022-01-14 12:04:00,7850,7850,7875,7850,0
2022-01-14 12:05:00,7850,7850,7875,7850,0
2022-01-14 12:06:00,7850,7850,7875,7850,0
2022-01-14 12:07:00,7850,7850,7875,7850,0
2022-01-14 12:08:00,7850,7850,7875,7850,0
2022-01-14 12:09:00,7850,7850,7875,7850,0
2022-01-14 12:10:00,7850,7850,7875,7850,0
2022-01-14 12:11:00,7850,7850,7875,7850,0
2022-01-14 12:12:00,7850,7850,7875,7850,0
2022-01-14 12:13:00,7850,7850,7875,7850,0
2022-01-14 12:14:00,7850,7850,7875,7850,0
2022-01-14 12:15:00,7850,7850,7875,7850,0
2022-01-14 12:16:00,7850,7850,7875,7850,0
2022-01-14 12:17:00,7850,7850,7875,7850,0
2022-01-14 12:18:00,7850,7850,7875,7850,0
2022-01-14 12:19:00,7850,7850,7875,7850,0
2022-01-14 12:20:00,7850,7850,7875,7850,0
2022-01-14 12:21:00,7850,7850,7875,7850,0
2022-01-14 12:22:00,7850,7850,7875,7850,0
2022-01-14 12:23:00,7850,7850,7875,7850,0
2022-01-14 12:24:00,7850,7850,7875,7850,0
2022-01-14 12:25:00,7850,7850,7875,7850,0
2022-01-14 12:26:00,7850,7850,7875,7850,0
2022-01-14 12:27:00,7850,7850,7875,7850,0
2022-01-14 12:28:00,7850,7850,7875,7850,0
2022-01-14 12:29:00,7850,7850,7875,7850,0
2022-01-14 12:30:00,7850,7850,7875,7850,0
2022-01-14 12:31:00,7850,7850,7875,7850,0
2022-01-14 12:32:00,7850,7850,7875,7850,0
2022-01-14 12:33:00,7850,7850,7875,7850,0
2022-01-14 12:34:00,7850,7850,7875,7850,0
2022-01-14 12:35:00,7850,7850,7875,7850,0
2022-01-14 12:36:00,7850,7850,7875,7850,0
2022-01-14 12:37:00,7850,7850,7875,7850,0
2022-01-14 12:38:00,7850,7850,7875,7850,0
2022-01-14 12:39:00,7850,7850,7875,7850,0
2022-01-14 12:40:00,7850,7850,7875,7850,0
2022-01-14 12:41:00,7850,7850,7875,7850,0
2022-01-14 12:42:00,7850,7850,7875,7850,0
2022-01-14 12:43:00,7850,7850,7875,7850,0
2022-01-14 12:44:00,7850,7850,7875,7850,0
2022-01-14 12:45:00,7850,7850,7875,7850,0
2022-01-14 12:46:00,7850,7850,7875,7850,0
2022-01-14 12:47:00,7850,7850,7875,7850,0
2022-01-14 12:48:00,7850,7850,7875,7850,0
2022-01-14 12:49:00,7850,7850,7875,7850,0
2022-01-14 12:50:00,7850,7850,7875,7850,0
2022-01-14 12:51:00,7850,7850,7875,7850,0
2022-01-14 12:52:00,7850,7850,7875,7850,0
2022-01-14 12:53:00,7850,7850,7875,7850,0
2022-01-14 12:54:00,7850,7850,7875,7850,0
2022-01-14 12:55:00,7850,7850,7875,7850,0
2022-01-14 12:56:00,7850,7850,7875,7850,0
2022-01-14 12:57:00,7850,7850,7875,7850,0
2022-01-14 12:58:00,7850,7850,7875,7850,0
2022-01-14 12:59:00,7850,7850,7875,7850,0
2022-01-14 13:00:00,7850,7850,7875,7850,0
2022-01-14 13:01:00,7850,7850,7875,7850,0
2022-01-14 13:02:00,7850,7850,7875,7850,0
2022-01-14 13:03:00,7850,7850,7875,7850,0
2022-01-14 13:04:00,7850,7850,7875,7850,0
2022-01-14 13:05:00,7850,7850,7875,7850,0
2022-01-14 13:06:00,7850,7850,7875,7850,0
2022-01-14 13:07:00,7850,7850,7875,7850,0
2022-01-14 13:08:00,7850,7850,7875,7850,0
2022-01-14 13:09:00,7850,7850,7875,7850,0
2022-01-14 13:10:00,7850,7850,7875,7850,0
2022-01-14 13:11:00,7850,7850,7875,7850,0
2022-01-14 13:12:00,7850,7850,7875,7850,0
2022-01-14 13:13:00,7850,7850,7875,7850,0
2022-01-14 13:14:00,7850,7850,7875,7850,0
2022-01-14 13:15:00,7850,7850,7875,7850,0
2022-01-14 13:16:00,7850,7850,7875,7850,0
2022-01-14 13:17:00,7850,7850,7875,7850,0
2022-01-14 13:18:00,7850,7850,7875,7850,0
2022-01-14 13:19:00,7850,7850,7875,7850,0
2022-01-14 13:20:00,7850,7850,7875,7850,0
2022-01-14 13:21:00,7850,7850,7875,7850,0
2022-01-14 13:22:00,7850,7850,7875,7850,0
2022-01-14 13:23:00,7850,7850,7875,7850,0
2022-01-14 13:24:00,7850,7850,7875,7850,0
2022-01-14 13:25:00,7850,7850,7875,7850,0
2022-01-14 13:26:00,7850,7850,7875,7850,0
2022-01-14 13:27:00,7850,7850,7875,7850,0
2022-01-14 13:28:00,7850,7850,7875,7850,0
2022-01-14 13:29:00,7850,7850,7875,7850,0
2022-01-14 13:30:00,7850,7850,7875,7850,0
2022-01-14 13:31:00,7850,7850,7875,7850,0
2022-01-14 13:32:00,7850,7850,7875,7850,0
2022-01-14 13:33:00,7850,7850,7875,7850,0
2022-01-14 13:34:00,7850,7850,7875,7850,0
2022-01-14 13:35:00,7850,7850,7875,7850,0
2022-01-14 13:36:00,7850,7850,7875,7850,0
2022-01-14 13:37:00,7850,7850,7875,7850,0
2022-01-14 13:38:00,7850,7850,7875,7850,0
2022-01-14 13:39:00,7850,7850,7875,7850,0
2022-01-14 13:40:00,7850,7850,7875,7850,0
2022-01-14 13:41:00,7850,7850,7875,7850,0
2022-01-14 13:42:00,7850,7850,7875,7850,0
2022-01-14 13:43:00,7850,7850,7875,7850,0
2022-01-14 13:44:00,7850,7850,7875,7850,0
2022-01-14 13:45:00,7850,7850,7875,7850,0
2022-01-14 13:46:00,7850,7850,7875,7850,0
2022-01-14 13:47:00,7850,7850,7875,7850,0
2022-01-14 13:48:00,7850,7850,7875,7850,0
2022-01-14 13:49:00,7850,7850,7875,7850,0
2022-01-14 13:50:00,7850,7850,7875,7850,0
2022-01-14 13:51:00,7850,7850,7875,7850,0
2022-01-14 13:52:00,7850,7850,7875,7850,0
2022-01-14 13:53:00,7850,7850,7875,7850,0
2022-01-14 13:54:00,7850,7850,7875,7850,0
2022-01-14 13:55:00,7850,7850,7875,7850,0
2022-01-14 13:56:00,7850,7850,7875,7850,0
2022-01-14 13:57:00,7850,7850,7875,7850,0
2022-01-14 13:58:00,7850,7850,7875,7850,0
2022-01-14 13:59:00,7850,7850,7875,7850,0
2022-01-14 14:00:00,7850,7850,7875,7850,0
2022-01-14 14:01:00,7850,7850,7875,7850,0
2022-01-14 14:02:00,7850,7850,7875,7850,0
2022-01-14 14:03:00,7850,7850,7875,7850,0
2022-01-14 14:04:00,7850,7850,7875,7850,0
2022-01-14 14:05:00,7850,7850,7875,7850,0
2022-01-14 14:06:00,7850,7850,7875,7850,0
2022-01-14 14:07:00,7850,7850,7875,7850,0
2022-01-14 14:08:00,7850,7850,7875,7850,0
2022-01-14 14:09:00,7850,7850,7875,7850,0
2022-01-14 14:10:00,7850,7850,7875,7850,0
2022-01-14 14:11:00,7850,7850,7875,7850,0
2022-01-14 14:12:00,7850,7850,7875,7850,0
2022-01-14 14:13:00,7850,7850,7875,7850,0
2022-01-14 14:14:00,7850,7850,7875,7850,0
2022-01-14 14:15:00,7850,7850,7875,7850,0
2022-01-14 14:16:00,7850,7850,7875,7850,0
2022-01-14 14:17:00,7850,7850,7875,7850,0
2022-01-14 14:18:00,7850,7850,7875,7850,0
2022-01-14 14:19:00,7850,7850,7875,7850,0
2022-01-14 14:20:00,7850,7850,7875,7850,0
2022-01-14 14:21:00,7850,7850,7875,7850,0
2022-01-14 14:22:00,7850,7850,7875,7850,0
2022-01-14 14:23:00,7850,7850,7875,7850,0
2022-01-14 14:24:00,7850,7850,7875,7850,0
2022-01-14 14:25:00,7850,7850,7875,7850,0
2022-01-14 14:26:00,7850,7850,7875,7850,0
2022-01-14 14:27:00,7850,7850,7875,7850,0
2022-01-14 14:28:00,7850,7850,7875,7850,0
2022-01-14 14:29:00,7850,7850,7875,7850,0
2022-01-14 14:30:00,7850,7850,7875,7850,0
2022-01-14 14:31:00,7850,7850,7875,7850,0
2022-01-14 14:32:00,7850,7850,7875,7850,0
2022-01-14 14:33:00,7850,7850,7875,7850,0
2022-01-14 14:34:00,7850,7850,7875,7850,0
2022-01-14 14:35:00,7850,7850,7875,7850,0
2022-01-14 14:36:00,7850,7850,7875,7850,0
2022-01-14 14:37:00,7850,7850,7875,7850,0
2022-01-14 14:38:00,7850,7850,7875,7850,0
2022-01-14 14:39:00,7850,7850,7875,7850,0
2022-01-14 14:40:00,7850,7850,7875,7850,0
2022-01-14 14:41:00,7850,7850,7875,7850,0
2022-01-14 14:42:00,7850,7850,7875,7850,0
2022-01-14 14:43:00,7850,7850,7875,7850,0
2022-01-14 14:44:00,7850,7850,7875,7850,0
2022-01-14 14:45:00,7850,7850,7875,7850,0
2022-01-14 14:46:00,7850,7850,7875,7850,0
2022-01-14 14:47:00,7850,7850,7875,7850,0
2022-01-14 14:48:00,7850,7850,7875,7850,0
2022-01-14 14:49:00,7850,7850,7875,7850,0
2022-01-14 14:50:00,7850,7850,7875,7850,0
2022-01-14 14:51:00,7850,7850,7875,7850,0
2022-01-14 14:52:00,7850,7850,7875,7850,0
2022-01-14 14:53:00,7850,7850,7875,7850,0
2022-01-14 14:54:00,7850,7850,7875,7850,0
2022-01-14 14:55:00,7850,7850,7875,7850,0
2022-01-14 14:56:00,7850,7850,7875,7850,0
2022-01-14 14:57:00,7850,7850,7875,7850,0
2022-01-14 14:58:00,7850,7850,7875,7850,0
2022-01-14 14:59:00,7850,7850,7875,7850,0
2022-01-14 15:00:00,7850,7850,7875,7850,0
2022-01-14 15:01:00,7850,7850,7875,7850,0
2022-01-14 15:02:00,7850,7850,7875,7850,0
2022-01-14 15:03:00,7850,7850,7875,7850,0
2022-01-14 15:04:00,7850,7850,7875,7850,0
2022-01-14 15:05:00,7850,7850,7875,7850,0
2022-01-14 15:06:00,7850,7850,7875,7850,0
2022-01-14 15:07:00,7850,7850,7875,7850,0
2022-01-14 15:08:00,7850,7850,7875,7850,0
2022-01-14 15:09:00,7850,7850,7875,7850,0
2022-01-14 15:10:00,7850,7850,7875,7850,0
2022-01-14 15:11:00,7850,7850,7875,7850,0
2022-01-14 15:12:00,7850,7850,7875,7850,0
2022-01-14 15:13:00,7850,7850,7875,7850,0
2022-01-14 15:14:00,7875,7875,7875,7875,0
2022-01-14 15:15:00,7875,7875,7875,7875,0
2022-01-14 15:16:00,7875,7875,7875,7875,0
2022-01-14 15:17:00,7875,7875,7875,7875,0
2022-01-14 15:18:00,7875,7875,7875,7875,0
2022-01-14 15:19:00,7875,7875,7875,7875,0
2022-01-14 15:20:00,7875,7875,7875,7875,0
2022-01-14 15:21:00,7875,7875,7875,7875,0
2022-01-14 15:22:00,7875,7875,7875,7875,0
2022-01-14 15:23:00,7875,7875,7875,7875,0
2022-01-14 15:24:00,7875,7875,7875,7875,0
2022-01-14 15:25:00,7875,7875,7875,7875,0
2022-01-14 15:26:00,7875,7875,7875,7875,0
2022-01-14 15:27:00,7875,7875,7875,7875,0
2022-01-14 15:28:00,7875,7875,7875,7875,0
2022-01-14 15:29:00,7875,7875,7875,7875,0
2022-01-14 15:30:00,7875,7875,7875,7875,0
2022-01-14 15:31:00,7875,7875,7875,7875,0
2022-01-14 15:32:00,7875,7875,7875,7875,0
2022-01-14 15:33:00,7875,7875,7875,7875,0
2022-01-14 15:34:00,7875,7875,7875,7875,0
2022-01-14 15:35:00,7875,7875,7875,7875,0
2022-01-14 15:36:00,7875,7875,7875,7875,0
2022-01-14 15:37:00,7875,7875,7875,7875,0
2022-01-14 15:38:00,7875,7875,7875,7875,0
2022-01-14 15:39:00,7875,7875,7875,7875,0
2022-01-14 15:40:00,7875,7875,7875,7875,0
2022-01-14 15:41:00,7875,7875,7875,7875,0
2022-01-14 15:42:00,7875,7875,7875,7875,0
2022-01-14 15:43:00,7875,7875,7875,7875,0
2022-01-14 15:44:00,7875,7875,7875,7875,0
2022-01-14 15:45:00,7875,7875,7875,7875,0
2022-01-14 15:46:00,7875,7875,7875,7875,0
2022-01-14 15:47:00,7875,7875,7875,7875,0
2022-01-14 15:48:00,7875,7875,7875,7875,0
2022-01-14 15:49:00,7875,7875,7875,7875,0
2022-01-14 15:50:00,7875,7875,7875,7875,0
2022-01-14 15:51:00,7875,7875,7875,7875,0
2022-01-14 15:52:00,7875,7875,7875,7875,0
2022-01-14 15:53:00,7875,7875,7875,7875,0
2022-01-14 15:54:00,7875,7875,7875,7875,0
2022-01-14 15:55:00,7875,7875,7875,7875,0
2022-01-14 15:56:00,7875,7875,7875,7875,0
2022-01-14 15:57:00,7875,7875,7875,7875,0
2022-01-14 15:58:00,7875,7875,7875,7875,0
2022-01-14 15:59:00,7875,7875,7875,7875,0
2022-01-17 09:00:00,7900,7900,7900,7900,6600
2022-01-17 09:01:00,7900,7900,7900,7900,7200
2022-01-17 09:02:00,7925,7925,7925,7925,4700
2022-01-17 09:03:00,7925,7925,7925,7925,9500
2022-01-17 09:04:00,7925,7925,7925,7925,6800
2022-01-17 09:05:00,7925,7925,7925,7925,2400
2022-01-17 09:06:00,7925,7925,7925,7925,1700
2022-01-17 09:07:00,7925,7900,7925,7900,12400
2022-01-17 09:08:00,7900,7850,7900,7900,51300
2022-01-17 09:09:00,7875,7875,7875,7875,5100
2022-01-17 09:10:00,7875,7875,7875,7875,200
2022-01-17 09:11:00,7875,7875,7875,7875,0
2022-01-17 09:12:00,7875,7850,7875,7850,7000
2022-01-17 09:13:00,7850,7850,7850,7850,400
2022-01-17 09:14:00,7850,7850,7875,7875,900
2022-01-17 09:15:00,7875,7875,7875,7875,15500
2022-01-17 09:16:00,7875,7875,7875,7875,1200
2022-01-17 09:17:00,7875,7875,7875,7875,500
2022-01-17 09:18:00,7875,7875,7875,7875,18300
2022-01-17 09:19:00,7875,7875,7875,7875,0
2022-01-17 09:20:00,7875,7875,7875,7875,0
2022-01-17 09:21:00,7875,7875,7875,7875,1500
2022-01-17 09:22:00,7875,7875,7875,7875,2900
2022-01-17 09:23:00,7875,7875,7875,7875,900
2022-01-17 09:24:00,7875,7875,7875,7875,200
2022-01-17 09:25:00,7875,7875,7875,7875,0
2022-01-17 09:26:00,7875,7850,7875,7850,2900
2022-01-17 09:27:00,7850,7850,7850,7850,300
2022-01-17 09:28:00,7850,7850,7850,7850,1000
2022-01-17 09:29:00,7850,7850,7850,7850,22400
2022-01-17 09:30:00,7850,7850,7850,7850,2500
2022-01-17 09:31:00,7875,7875,7875,7875,2800
2022-01-17 09:32:00,7875,7875,7875,7875,3100
2022-01-17 09:33:00,7875,7850,7875,7850,500
2022-01-17 09:34:00,7875,7850,7875,7850,0
2022-01-17 09:35:00,7850,7850,7850,7850,2700
2022-01-17 09:36:00,7850,7825,7850,7825,102300
2022-01-17 09:37:00,7800,7775,7825,7775,90000
2022-01-17 09:38:00,7775,7775,7800,7775,800
2022-01-17 09:39:00,7800,7800,7800,7800,600
2022-01-17 09:40:00,7800,7800,7825,7800,36000
2022-01-17 09:41:00,7800,7800,7800,7800,3200
2022-01-17 09:42:00,7800,7775,7800,7800,2700
2022-01-17 09:43:00,7800,7750,7800,7750,39200
2022-01-17 09:44:00,7750,7725,7750,7750,20800
2022-01-17 09:45:00,7725,7700,7725,7725,34800
2022-01-17 09:46:00,7725,7725,7750,7725,38300
2022-01-17 09:47:00,7700,7700,7725,7700,12300
2022-01-17 09:48:00,7725,7700,7725,7700,88100
2022-01-17 09:49:00,7725,7700,7725,7700,37200
2022-01-17 09:50:00,7700,7700,7725,7700,63200
2022-01-17 09:51:00,7700,7700,7700,7700,2100
2022-01-17 09:52:00,7675,7675,7700,7700,15700
2022-01-17 09:53:00,7700,7675,7700,7675,3800
2022-01-17 09:54:00,7700,7700,7700,7700,2400
2022-01-17 09:55:00,7725,7725,7725,7725,44300
2022-01-17 09:56:00,7725,7725,7725,7725,600
2022-01-17 09:57:00,7700,7700,7700,7700,100
2022-01-17 09:58:00,7700,7700,7700,7700,1400
2022-01-17 09:59:00,7700,7700,7700,7700,1900
2022-01-17 10:00:00,7700,7700,7725,7725,1700
2022-01-17 10:01:00,7725,7725,7725,7725,400
2022-01-17 10:02:00,7725,7700,7725,7700,800
2022-01-17 10:03:00,7700,7700,7700,7700,400
2022-01-17 10:04:00,7725,7700,7725,7725,6200
2022-01-17 10:05:00,7700,7700,7725,7700,1400
2022-01-17 10:06:00,7725,7725,7725,7725,600
2022-01-17 10:07:00,7725,7725,7725,7725,100
2022-01-17 10:08:00,7725,7725,7725,7725,100
2022-01-17 10:09:00,7700,7700,7725,7700,8400
2022-01-17 10:10:00,7700,7700,7725,7725,1700
2022-01-17 10:11:00,7700,7700,7725,7725,0
2022-01-17 10:12:00,7725,7725,7725,7725,100
2022-01-17 10:13:00,7700,7700,7725,7725,1300
2022-01-17 10:14:00,7700,7700,7725,7700,3400
2022-01-17 10:15:00,7700,7700,7700,7700,400
2022-01-17 10:16:00,7700,7700,7725,7700,2000
2022-01-17 10:17:00,7700,7700,7700,7700,100
2022-01-17 10:18:00,7700,7700,7700,7700,6000
2022-01-17 10:19:00,7700,7700,7700,7700,0
2022-01-17 10:20:00,7700,7700,7725,7725,1500
2022-01-17 10:21:00,7700,7700,7700,7700,9000
2022-01-17 10:22:00,7700,7700,7700,7700,0
2022-01-17 10:23:00,7700,7700,7725,7725,6000
2022-01-17 10:24:00,7725,7725,7725,7725,2200
2022-01-17 10:25:00,7725,7725,7725,7725,600
2022-01-17 10:26:00,7725,7725,7725,7725,2500
2022-01-17 10:27:00,7725,7725,7725,7725,1700
2022-01-17 10:28:00,7725,7700,7725,7700,1100
2022-01-17 10:29:00,7725,7700,7725,7700,0
2022-01-17 10:30:00,7725,7725,7725,7725,8000
2022-01-17 10:31:00,7725,7700,7725,7700,1600
2022-01-17 10:32:00,7700,7700,7700,7700,700
2022-01-17 10:33:00,7700,7700,7725,7725,21500
2022-01-17 10:34:00,7725,7725,7725,7725,1100
2022-01-17 10:35:00,7725,7725,7725,7725,1500
2022-01-17 10:36:00,7750,7750,7750,7750,100
2022-01-17 10:37:00,7750,7750,7750,7750,100
2022-01-17 10:38:00,7750,7750,7750,7750,1000
2022-01-17 10:39:00,7750,7750,7750,7750,100
2022-01-17 10:40:00,7725,7725,7725,7725,200
2022-01-17 10:41:00,7725,7725,7750,7750,1100
2022-01-17 10:42:00,7750,7750,7750,7750,100
2022-01-17 10:43:00,7750,7750,7750,7750,300
2022-01-17 10:44:00,7750,7750,7750,7750,0
2022-01-17 10:45:00,7750,7750,7750,7750,0
2022-01-17 10:46:00,7750,7750,7750,7750,100
2022-01-17 10:47:00,7750,7750,7750,7750,500
2022-01-17 10:48:00,7750,7750,7750,7750,0
2022-01-17 10:49:00,7750,7750,7750,7750,0
2022-01-17 10:50:00,7750,7750,7750,7750,0
2022-01-17 10:51:00,7750,7725,7750,7725,3700
2022-01-17 10:52:00,7750,7750,7750,7750,13000
2022-01-17 10:53:00,7750,7750,7750,7750,0
2022-01-17 10:54:00,7750,7750,7750,7750,0
2022-01-17 10:55:00,7750,7750,7750,7750,100
2022-01-17 10:56:00,7725,7725,7750,7750,3800
2022-01-17 10:57:00,7725,7725,7725,7725,2200
2022-01-17 10:58:00,7725,7700,7725,7700,13600
2022-01-17 10:59:00,7700,7700,7725,7700,1500
2022-01-17 11:00:00,7700,7700,7725,7700,0
2022-01-17 11:01:00,7700,7700,7700,7700,7100
2022-01-17 11:02:00,7700,7700,7700,7700,4100
2022-01-17 11:03:00,7700,7700,7700,7700,3600
2022-01-17 11:04:00,7700,7700,7725,7725,1100
2022-01-17 11:05:00,7725,7725,7725,7725,1200
2022-01-17 11:06:00,7700,7700,7725,7725,15100
2022-01-17 11:07:00,7725,7725,7725,7725,1300
2022-01-17 11:08:00,7725,7725,7725,7725,0
2022-01-17 11:09:00,7725,7725,7725,7725,2800
2022-01-17 11:10:00,7725,7725,7725,7725,600
2022-01-17 11:11:00,7725,7725,7725,7725,0
2022-01-17 11:12:00,7725,7725,7725,7725,3700
2022-01-17 11:13:00,7725,7725,7725,7725,0
2022-01-17 11:14:00,7725,7725,7725,7725,0
2022-01-17 11:15:00,7725,7725,7750,7750,2300
2022-01-17 11:16:00,7725,7725,7750,7750,0
2022-01-17 11:17:00,7750,7750,7750,7750,5000
2022-01-17 11:18:00,7750,7750,7750,7750,2100
2022-01-17 11:19:00,7750,7750,7750,7750,0
2022-01-17 11:20:00,7725,7725,7725,7725,4200
2022-01-17 11:21:00,7725,7725,7725,7725,5800
2022-01-17 11:22:00,7725,7725,7725,7725,3400
2022-01-17 11:23:00,7750,7750,7750,7750,300
2022-01-17 11:24:00,7725,7725,7750,7750,5400
2022-01-17 11:25:00,7725,7725,7750,7750,0
2022-01-17 11:26:00,7725,7725,7725,7725,5700
2022-01-17 11:27:00,7725,7725,7725,7725,2100
2022-01-17 11:28:00,7725,7725,7725,7725,1600
2022-01-17 11:29:00,7700,7700,7725,7725,7900
2022-01-17 11:30:00,7700,7700,7725,7725,0
2022-01-17 11:31:00,7700,7700,7725,7725,0
2022-01-17 11:32:00,7700,7700,7725,7725,0
2022-01-17 11:33:00,7700,7700,7725,7725,0
2022-01-17 11:34:00,7700,7700,7725,7725,0
2022-01-17 11:35:00,7700,7700,7725,7725,0
2022-01-17 11:36:00,7700,7700,7725,7725,0
2022-01-17 11:37:00,7700,7700,7725,7725,0
2022-01-17 11:38:00,7700,7700,7725,7725,0
2022-01-17 11:39:00,7700,7700,7725,7725,0
2022-01-17 11:40:00,7700,7700,7725,7725,0
2022-01-17 11:41:00,7700,7700,7725,7725,0
2022-01-17 11:42:00,7700,7700,7725,7725,0
2022-01-17 11:43:00,7700,7700,7725,7725,0
2022-01-17 11:44:00,7700,7700,7725,7725,0
2022-01-17 11:45:00,7700,7700,7725,7725,0
2022-01-17 11:46:00,7700,7700,7725,7725,0
2022-01-17 11:47:00,7700,7700,7725,7725,0
2022-01-17 11:48:00,7700,7700,7725,7725,0
2022-01-17 11:49:00,7700,7700,7725,7725,0
2022-01-17 11:50:00,7700,7700,7725,7725,0
2022-01-17 11:51:00,7700,7700,7725,7725,0
2022-01-17 11:52:00,7700,7700,7725,7725,0
2022-01-17 11:53:00,7700,7700,7725,7725,0
2022-01-17 11:54:00,7700,7700,7725,7725,0
2022-01-17 11:55:00,7700,7700,7725,7725,0
2022-01-17 11:56:00,7700,7700,7725,7725,0
2022-01-17 11:57:00,7700,7700,7725,7725,0
2022-01-17 11:58:00,7700,7700,7725,7725,0
2022-01-17 11:59:00,7700,7700,7725,7725,0
2022-01-17 12:00:00,7700,7700,7725,7725,0
2022-01-17 12:01:00,7700,7700,7725,7725,0
2022-01-17 12:02:00,7700,7700,7725,7725,0
2022-01-17 12:03:00,7700,7700,7725,7725,0
2022-01-17 12:04:00,7700,7700,7725,7725,0
2022-01-17 12:05:00,7700,7700,7725,7725,0
2022-01-17 12:06:00,7700,7700,7725,7725,0
2022-01-17 12:07:00,7700,7700,7725,7725,0
2022-01-17 12:08:00,7700,7700,7725,7725,0
2022-01-17 12:09:00,7700,7700,7725,7725,0
2022-01-17 12:10:00,7700,7700,7725,7725,0
2022-01-17 12:11:00,7700,7700,7725,7725,0
2022-01-17 12:12:00,7700,7700,7725,7725,0
2022-01-17 12:13:00,7700,7700,7725,7725,0
2022-01-17 12:14:00,7700,7700,7725,7725,0
2022-01-17 12:15:00,7700,7700,7725,7725,0
2022-01-17 12:16:00,7700,7700,7725,7725,0
2022-01-17 12:17:00,7700,7700,7725,7725,0
2022-01-17 12:18:00,7700,7700,7725,7725,0
2022-01-17 12:19:00,7700,7700,7725,7725,0
2022-01-17 12:20:00,7700,7700,7725,7725,0
2022-01-17 12:21:00,7700,7700,7725,7725,0
2022-01-17 12:22:00,7700,7700,7725,7725,0
2022-01-17 12:23:00,7700,7700,7725,7725,0
2022-01-17 12:24:00,7700,7700,7725,7725,0
2022-01-17 12:25:00,7700,7700,7725,7725,0
2022-01-17 12:26:00,7700,7700,7725,7725,0
2022-01-17 12:27:00,7700,7700,7725,7725,0
2022-01-17 12:28:00,7700,7700,7725,7725,0
2022-01-17 12:29:00,7700,7700,7725,7725,0
2022-01-17 12:30:00,7700,7700,7725,7725,0
2022-01-17 12:31:00,7700,7700,7725,7725,0
2022-01-17 12:32:00,7700,7700,7725,7725,0
2022-01-17 12:33:00,7700,7700,7725,7725,0
2022-01-17 12:34:00,7700,7700,7725,7725,0
2022-01-17 12:35:00,7700,7700,7725,7725,0
2022-01-17 12:36:00,7700,7700,7725,7725,0
2022-01-17 12:37:00,7700,7700,7725,7725,0
2022-01-17 12:38:00,7700,7700,7725,7725,0
2022-01-17 12:39:00,7700,7700,7725,7725,0
2022-01-17 12:40:00,7700,7700,7725,7725,0
2022-01-17 12:41:00,7700,7700,7725,7725,0
2022-01-17 12:42:00,7700,7700,7725,7725,0
2022-01-17 12:43:00,7700,7700,7725,7725,0
2022-01-17 12:44:00,7700,7700,7725,7725,0
2022-01-17 12:45:00,7700,7700,7725,7725,0
2022-01-17 12:46:00,7700,7700,7725,7725,0
2022-01-17 12:47:00,7700,7700,7725,7725,0
2022-01-17 12:48:00,7700,7700,7725,7725,0
2022-01-17 12:49:00,7700,7700,7725,7725,0
2022-01-17 12:50:00,7700,7700,7725,7725,0
2022-01-17 12:51:00,7700,7700,7725,7725,0
2022-01-17 12:52:00,7700,7700,7725,7725,0
2022-01-17 12:53:00,7700,7700,7725,7725,0
2022-01-17 12:54:00,7700,7700,7725,7725,0
2022-01-17 12:55:00,7700,7700,7725,7725,0
2022-01-17 12:56:00,7700,7700,7725,7725,0
2022-01-17 12:57:00,7700,7700,7725,7725,0
2022-01-17 12:58:00,7700,7700,7725,7725,0
2022-01-17 12:59:00,7700,7700,7725,7725,0
2022-01-17 13:00:00,7700,7700,7725,7725,0
2022-01-17 13:01:00,7700,7700,7725,7725,0
2022-01-17 13:02:00,7700,7700,7725,7725,0
2022-01-17 13:03:00,7700,7700,7725,7725,0
2022-01-17 13:04:00,7700,7700,7725,7725,0
2022-01-17 13:05:00,7700,7700,7725,7725,0
2022-01-17 13:06:00,7700,7700,7725,7725,0
2022-01-17 13:07:00,7700,7700,7725,7725,0
2022-01-17 13:08:00,7700,7700,7725,7725,0
2022-01-17 13:09:00,7700,7700,7725,7725,0
2022-01-17 13:10:00,7700,7700,7725,7725,0
2022-01-17 13:11:00,7700,7700,7725,7725,0
2022-01-17 13:12:00,7700,7700,7725,7725,0
2022-01-17 13:13:00,7700,7700,7725,7725,0
2022-01-17 13:14:00,7700,7700,7725,7725,0
2022-01-17 13:15:00,7700,7700,7725,7725,0
2022-01-17 13:16:00,7700,7700,7725,7725,0
2022-01-17 13:17:00,7700,7700,7725,7725,0
2022-01-17 13:18:00,7700,7700,7725,7725,0
2022-01-17 13:19:00,7700,7700,7725,7725,0
2022-01-17 13:20:00,7700,7700,7725,7725,0
2022-01-17 13:21:00,7700,7700,7725,7725,0
2022-01-17 13:22:00,7700,7700,7725,7725,0
2022-01-17 13:23:00,7700,7700,7725,7725,0
2022-01-17 13:24:00,7700,7700,7725,7725,0
2022-01-17 13:25:00,7700,7700,7725,7725,0
2022-01-17 13:26:00,7700,7700,7725,7725,0
2022-01-17 13:27:00,7700,7700,7725,7725,0
2022-01-17 13:28:00,7700,7700,7725,7725,0
2022-01-17 13:29:00,7700,7700,7725,7725,0
2022-01-17 13:30:00,7725,7700,7725,7700,8400
2022-01-17 13:31:00,7725,7725,7725,7725,2400
2022-01-17 13:32:00,7725,7700,7725,7725,4900
2022-01-17 13:33:00,7725,7725,7725,7725,7100
2022-01-17 13:34:00,7725,7725,7725,7725,1300
2022-01-17 13:35:00,7725,7700,7725,7700,16400
2022-01-17 13:36:00,7700,7700,7725,7725,1600
2022-01-17 13:37:00,7725,7725,7725,7725,100
2022-01-17 13:38:00,7700,7700,7700,7700,5000
2022-01-17 13:39:00,7725,7725,7725,7725,1000
2022-01-17 13:40:00,7700,7700,7725,7700,4800
2022-01-17 13:41:00,7725,7725,7725,7725,1200
2022-01-17 13:42:00,7700,7700,7725,7725,3400
2022-01-17 13:43:00,7725,7725,7725,7725,2200
2022-01-17 13:44:00,7700,7700,7700,7700,10300
2022-01-17 13:45:00,7700,7700,7725,7725,1100
2022-01-17 13:46:00,7700,7700,7725,7725,2500
2022-01-17 13:47:00,7725,7725,7725,7725,300
2022-01-17 13:48:00,7700,7700,7700,7700,8000
2022-01-17 13:49:00,7725,7725,7725,7725,600
2022-01-17 13:50:00,7700,7700,7725,7725,7200
2022-01-17 13:51:00,7725,7725,7725,7725,1700
2022-01-17 13:52:00,7700,7700,7725,7725,24000
2022-01-17 13:53:00,7725,7725,7725,7725,8500
2022-01-17 13:54:00,7725,7725,7725,7725,5300
2022-01-17 13:55:00,7725,7725,7725,7725,300
2022-01-17 13:56:00,7725,7725,7725,7725,1500
2022-01-17 13:57:00,7700,7700,7725,7725,3600
2022-01-17 13:58:00,7725,7725,7725,7725,5300
2022-01-17 13:59:00,7725,7725,7725,7725,1600
2022-01-17 14:00:00,7725,7725,7725,7725,1400
2022-01-17 14:01:00,7725,7725,7725,7725,4900
2022-01-17 14:02:00,7725,7725,7725,7725,0
2022-01-17 14:03:00,7725,7725,7725,7725,16600
2022-01-17 14:04:00,7700,7700,7700,7700,3800
2022-01-17 14:05:00,7725,7725,7725,7725,500
2022-01-17 14:06:00,7700,7700,7725,7725,4600
2022-01-17 14:07:00,7700,7700,7700,7700,100
2022-01-17 14:08:00,7700,7700,7700,7700,2400
2022-01-17 14:09:00,7700,7700,7700,7700,0
2022-01-17 14:10:00,7700,7700,7700,7700,29500
2022-01-17 14:11:00,7700,7700,7700,7700,38500
2022-01-17 14:12:00,7675,7675,7700,7675,26100
2022-01-17 14:13:00,7675,7675,7700,7700,4300
2022-01-17 14:14:00,7675,7675,7700,7675,6900
2022-01-17 14:15:00,7675,7675,7700,7700,2600
2022-01-17 14:16:00,7675,7675,7675,7675,6900
2022-01-17 14:17:00,7675,7675,7675,7675,4300
2022-01-17 14:18:00,7675,7675,7700,7700,16400
2022-01-17 14:19:00,7675,7675,7675,7675,11100
2022-01-17 14:20:00,7675,7675,7700,7675,12400
2022-01-17 14:21:00,7700,7675,7700,7675,3200
2022-01-17 14:22:00,7675,7675,7675,7675,8800
2022-01-17 14:23:00,7675,7675,7675,7675,41300
2022-01-17 14:24:00,7675,7675,7700,7700,6800
2022-01-17 14:25:00,7675,7675,7675,7675,21200
2022-01-17 14:26:00,7675,7650,7675,7675,6500
2022-01-17 14:27:00,7675,7675,7675,7675,1500
2022-01-17 14:28:00,7675,7675,7675,7675,5400
2022-01-17 14:29:00,7675,7675,7700,7700,58400
2022-01-17 14:30:00,7700,7700,7700,7700,1700
2022-01-17 14:31:00,7700,7700,7700,7700,5500
2022-01-17 14:32:00,7700,7700,7700,7700,200
2022-01-17 14:33:00,7675,7675,7675,7675,4700
2022-01-17 14:34:00,7675,7675,7675,7675,700
2022-01-17 14:35:00,7675,7675,7700,7700,19300
2022-01-17 14:36:00,7675,7675,7675,7675,25000
2022-01-17 14:37:00,7675,7675,7700,7700,5800
2022-01-17 14:38:00,7700,7700,7700,7700,200
2022-01-17 14:39:00,7675,7675,7675,7675,7500
2022-01-17 14:40:00,7700,7700,7700,7700,600
2022-01-17 14:41:00,7675,7675,7700,7675,6500
2022-01-17 14:42:00,7700,7700,7700,7700,500
2022-01-17 14:43:00,7675,7675,7700,7675,17300
2022-01-17 14:44:00,7675,7675,7700,7700,4000
2022-01-17 14:45:00,7675,7675,7675,7675,5300
2022-01-17 14:46:00,7675,7675,7675,7675,1400
2022-01-17 14:47:00,7700,7700,7700,7700,1000
2022-01-17 14:48:00,7675,7675,7700,7675,26200
2022-01-17 14:49:00,7675,7675,7675,7675,5100
2022-01-17 14:50:00,7675,7675,7675,7675,0
2022-01-17 14:51:00,7675,7675,7675,7675,0
2022-01-17 14:52:00,7675,7675,7675,7675,0
2022-01-17 14:53:00,7675,7675,7675,7675,0
2022-01-17 14:54:00,7675,7675,7675,7675,0
2022-01-17 14:55:00,7675,7675,7675,7675,0
2022-01-17 14:56:00,7675,7675,7675,7675,0
2022-01-17 14:57:00,7675,7675,7675,7675,0
2022-01-17 14:58:00,7675,7675,7675,7675,0
2022-01-17 14:59:00,7675,7675,7675,7675,0
2022-01-17 15:00:00,7675,7675,7675,7675,118800
2022-01-17 15:01:00,7675,7675,7675,7675,14600
2022-01-17 15:02:00,7675,7675,7675,7675,8500
2022-01-17 15:03:00,7675,7675,7675,7675,6100
2022-01-17 15:04:00,7675,7675,7675,7675,800
2022-01-17 15:05:00,7675,7675,7675,7675,900
2022-01-17 15:06:00,7675,7675,7675,7675,0
2022-01-17 15:07:00,7675,7675,7675,7675,1400
2022-01-17 15:08:00,7675,7675,7675,7675,11700
2022-01-17 15:09:00,7675,7675,7675,7675,1200
2022-01-17 15:10:00,7675,7675,7675,7675,1100
2022-01-17 15:11:00,7675,7675,7675,7675,3700
2022-01-17 15:12:00,7675,7675,7675,7675,3000
2022-01-17 15:13:00,7675,7675,7675,7675,4000
2022-01-17 15:14:00,7675,7675,7675,7675,1000
2022-01-17 15:15:00,7675,7675,7675,7675,0
2022-01-17 15:16:00,7675,7675,7675,7675,0
2022-01-17 15:17:00,7675,7675,7675,7675,0
2022-01-17 15:18:00,7675,7675,7675,7675,0
2022-01-17 15:19:00,7675,7675,7675,7675,0
2022-01-17 15:20:00,7675,7675,7675,7675,0
2022-01-17 15:21:00,7675,7675,7675,7675,0
2022-01-17 15:22:00,7675,7675,7675,7675,0
2022-01-17 15:23:00,7675,7675,7675,7675,0
2022-01-17 15:24:00,7675,7675,7675,7675,0
2022-01-17 15:25:00,7675,7675,7675,7675,0
2022-01-17 15:26:00,7675,7675,7675,7675,0
2022-01-17 15:27:00,7675,7675,7675,7675,0
2022-01-17 15:28:00,7675,7675,7675,7675,0
2022-01-17 15:29:00,7675,7675,7675,7675,0
2022-01-17 15:30:00,7675,7675,7675,7675,0
2022-01-17 15:31:00,7675,7675,7675,7675,0
2022-01-17 15:32:00,7675,7675,7675,7675,0
2022-01-17 15:33:00,7675,7675,7675,7675,0
2022-01-17 15:34:00,7675,7675,7675,7675,0
2022-01-17 15:35:00,7675,7675,7675,7675,0
2022-01-17 15:36:00,7675,7675,7675,7675,0
2022-01-17 15:37:00,7675,7675,7675,7675,0
2022-01-17 15:38:00,7675,7675,7675,7675,0
2022-01-17 15:39:00,7675,7675,7675,7675,0
2022-01-17 15:40:00,7675,7675,7675,7675,0
2022-01-17 15:41:00,7675,7675,7675,7675,0
2022-01-17 15:42:00,7675,7675,7675,7675,0
2022-01-17 15:43:00,7675,7675,7675,7675,0
2022-01-17 15:44:00,7675,7675,7675,7675,0
2022-01-17 15:45:00,7675,7675,7675,7675,0
2022-01-17 15:46:00,7675,7675,7675,7675,0
2022-01-17 15:47:00,7675,7675,7675,7675,0
2022-01-17 15:48:00,7675,7675,7675,7675,0
2022-01-17 15:49:00,7675,7675,7675,7675,0
2022-01-17 15:50:00,7675,7675,7675,7675,0
2022-01-17 15:51:00,7675,7675,7675,7675,0
2022-01-17 15:52:00,7675,7675,7675,7675,0
2022-01-17 15:53:00,7675,7675,7675,7675,0
2022-01-17 15:54:00,7675,7675,7675,7675,0
2022-01-17 15:55:00,7675,7675,7675,7675,0
2022-01-17 15:56:00,7675,7675,7675,7675,0
2022-01-17 15:57:00,7675,7675,7675,7675,0
2022-01-17 15:58:00,7675,7675,7675,7675,0
2022-01-17 15:59:00,7675,7675,7675,7675,0
2022-01-18 09:00:00,7700,7700,7700,7700,100
2022-01-18 09:01:00,7700,7675,7700,7700,1600
2022-01-18 09:02:00,7700,7700,7700,7700,25000
2022-01-18 09:03:00,7700,7700,7725,7700,4900
2022-01-18 09:04:00,7700,7700,7700,7700,2300
2022-01-18 09:05:00,7675,7675,7700,7700,19800
2022-01-18 09:06:00,7700,7675,7700,7675,7700
2022-01-18 09:07:00,7675,7675,7700,7700,1300
2022-01-18 09:08:00,7700,7700,7700,7700,700
2022-01-18 09:09:00,7700,7700,7700,7700,5300
2022-01-18 09:10:00,7700,7675,7700,7675,1300
2022-01-18 09:11:00,7675,7675,7675,7675,1400
2022-01-18 09:12:00,7675,7650,7675,7650,38500
2022-01-18 09:13:00,7650,7600,7650,7625,72400
2022-01-18 09:14:00,7625,7625,7650,7625,1900
2022-01-18 09:15:00,7625,7625,7625,7625,13600
2022-01-18 09:16:00,7625,7625,7650,7650,3500
2022-01-18 09:17:00,7650,7625,7650,7650,5500
2022-01-18 09:18:00,7650,7625,7650,7650,0
2022-01-18 09:19:00,7650,7650,7650,7650,13400
2022-01-18 09:20:00,7650,7625,7650,7625,5500
2022-01-18 09:21:00,7625,7625,7625,7625,26800
2022-01-18 09:22:00,7625,7600,7625,7600,3500
2022-01-18 09:23:00,7625,7600,7625,7625,2900
2022-01-18 09:24:00,7600,7550,7600,7550,159400
2022-01-18 09:25:00,7575,7550,7575,7550,59700
2022-01-18 09:26:00,7550,7525,7575,7550,33400
2022-01-18 09:27:00,7550,7525,7550,7550,24300
2022-01-18 09:28:00,7550,7550,7550,7550,6400
2022-01-18 09:29:00,7550,7525,7550,7525,21100
2022-01-18 09:30:00,7525,7500,7525,7500,118200
2022-01-18 09:31:00,7500,7500,7525,7500,48800
2022-01-18 09:32:00,7525,7500,7525,7525,43800
2022-01-18 09:33:00,7525,7525,7525,7525,18400
2022-01-18 09:34:00,7525,7500,7525,7525,15800
2022-01-18 09:35:00,7525,7525,7525,7525,3500
2022-01-18 09:36:00,7525,7500,7525,7500,3100
2022-01-18 09:37:00,7500,7500,7500,7500,27300
2022-01-18 09:38:00,7525,7500,7525,7500,16800
2022-01-18 09:39:00,7500,7500,7525,7525,8100
2022-01-18 09:40:00,7525,7500,7525,7525,19000
2022-01-18 09:41:00,7500,7500,7525,7500,10800
2022-01-18 09:42:00,7525,7525,7525,7525,4000
2022-01-18 09:43:00,7525,7525,7525,7525,56500
2022-01-18 09:44:00,7525,7500,7525,7500,11400
2022-01-18 09:45:00,7525,7525,7525,7525,4200
2022-01-18 09:46:00,7525,7500,7525,7525,2500
2022-01-18 09:47:00,7525,7525,7525,7525,1200
2022-01-18 09:48:00,7525,7500,7525,7500,9800
2022-01-18 09:49:00,7525,7500,7525,7525,6500
2022-01-18 09:50:00,7525,7525,7525,7525,2400
2022-01-18 09:51:00,7525,7525,7525,7525,2600
2022-01-18 09:52:00,7525,7500,7525,7525,1200
2022-01-18 09:53:00,7525,7525,7525,7525,26100
2022-01-18 09:54:00,7525,7525,7550,7550,1600
2022-01-18 09:55:00,7550,7525,7550,7525,6500
2022-01-18 09:56:00,7550,7525,7550,7525,11800
2022-01-18 09:57:00,7500,7500,7525,7525,1800
2022-01-18 09:58:00,7525,7500,7525,7500,58100
2022-01-18 09:59:00,7500,7500,7500,7500,10100
2022-01-18 10:00:00,7500,7500,7525,7525,7100
2022-01-18 10:01:00,7525,7525,7525,7525,500
2022-01-18 10:02:00,7525,7500,7525,7500,8300
2022-01-18 10:03:00,7500,7500,7525,7525,5600
2022-01-18 10:04:00,7500,7500,7525,7525,13500
2022-01-18 10:05:00,7525,7525,7525,7525,100
2022-01-18 10:06:00,7525,7525,7525,7525,400
2022-01-18 10:07:00,7525,7525,7525,7525,4200
2022-01-18 10:08:00,7500,7500,7500,7500,1600
2022-01-18 10:09:00,7525,7500,7525,7500,3400
2022-01-18 10:10:00,7500,7500,7500,7500,200
2022-01-18 10:11:00,7500,7500,7500,7500,86700
2022-01-18 10:12:00,7500,7450,7500,7450,77500
2022-01-18 10:13:00,7450,7425,7450,7450,43100
2022-01-18 10:14:00,7450,7425,7450,7425,88300
2022-01-18 10:15:00,7400,7400,7425,7425,87400
2022-01-18 10:16:00,7425,7425,7425,7425,19400
2022-01-18 10:17:00,7425,7425,7425,7425,14100
2022-01-18 10:18:00,7425,7425,7425,7425,41200
2022-01-18 10:19:00,7425,7400,7425,7425,3700
2022-01-18 10:20:00,7425,7400,7425,7425,4200
2022-01-18 10:21:00,7425,7400,7425,7400,32400
2022-01-18 10:22:00,7425,7400,7425,7400,190400
2022-01-18 10:23:00,7400,7350,7400,7375,102400
2022-01-18 10:24:00,7375,7350,7375,7350,110000
2022-01-18 10:25:00,7350,7350,7375,7350,19700
2022-01-18 10:26:00,7350,7350,7375,7350,29700
2022-01-18 10:27:00,7350,7350,7375,7375,5400
2022-01-18 10:28:00,7350,7350,7375,7350,20100
2022-01-18 10:29:00,7350,7350,7375,7375,82600
2022-01-18 10:30:00,7400,7400,7425,7400,40800
2022-01-18 10:31:00,7375,7375,7400,7400,2100
2022-01-18 10:32:00,7425,7425,7425,7425,2400
2022-01-18 10:33:00,7400,7400,7425,7400,21500
2022-01-18 10:34:00,7400,7400,7425,7400,11200
2022-01-18 10:35:00,7400,7400,7400,7400,31000
2022-01-18 10:36:00,7400,7400,7400,7400,200
2022-01-18 10:37:00,7400,7400,7400,7400,15000
2022-01-18 10:38:00,7400,7400,7400,7400,13400
2022-01-18 10:39:00,7400,7400,7400,7400,400
2022-01-18 10:40:00,7400,7375,7400,7375,6500
2022-01-18 10:41:00,7400,7400,7400,7400,6200
2022-01-18 10:42:00,7400,7400,7400,7400,1800
2022-01-18 10:43:00,7375,7375,7400,7400,18700
2022-01-18 10:44:00,7375,7375,7400,7400,0
2022-01-18 10:45:00,7400,7400,7400,7400,7000
2022-01-18 10:46:00,7400,7400,7425,7400,12200
2022-01-18 10:47:00,7375,7375,7375,7375,21000
2022-01-18 10:48:00,7375,7375,7375,7375,500
2022-01-18 10:49:00,7375,7375,7400,7375,17700
2022-01-18 10:50:00,7375,7375,7375,7375,10000
2022-01-18 10:51:00,7400,7375,7400,7375,6300
2022-01-18 10:52:00,7375,7375,7400,7400,2900
2022-01-18 10:53:00,7400,7375,7400,7375,2700
2022-01-18 10:54:00,7400,7375,7400,7375,3200
2022-01-18 10:55:00,7375,7350,7375,7350,34500
2022-01-18 10:56:00,7350,7350,7350,7350,52200
2022-01-18 10:57:00,7350,7325,7350,7325,159200
2022-01-18 10:58:00,7325,7300,7325,7300,102400
2022-01-18 10:59:00,7300,7250,7300,7275,116800
2022-01-18 11:00:00,7275,7275,7300,7300,19500
2022-01-18 11:01:00,7300,7275,7300,7300,18100
2022-01-18 11:02:00,7300,7275,7300,7300,7100
2022-01-18 11:03:00,7300,7300,7300,7300,1900
2022-01-18 11:04:00,7300,7275,7300,7300,5300
2022-01-18 11:05:00,7300,7275,7300,7300,30000
2022-01-18 11:06:00,7300,7275,7300,7275,15200
2022-01-18 11:07:00,7300,7275,7300,7275,4000
2022-01-18 11:08:00,7275,7275,7300,7275,20100
2022-01-18 11:09:00,7275,7275,7275,7275,15300
2022-01-18 11:10:00,7275,7250,7275,7275,6400
2022-01-18 11:11:00,7275,7275,7275,7275,12500
2022-01-18 11:12:00,7275,7250,7275,7275,24300
2022-01-18 11:13:00,7250,7250,7275,7275,3900
2022-01-18 11:14:00,7275,7275,7275,7275,14700
2022-01-18 11:15:00,7275,7250,7275,7250,5900
2022-01-18 11:16:00,7250,7200,7250,7225,133300
2022-01-18 11:17:00,7225,7225,7250,7250,11300
2022-01-18 11:18:00,7250,7225,7250,7225,17300
2022-01-18 11:19:00,7225,7200,7225,7225,14200
2022-01-18 11:20:00,7225,7225,7250,7225,7500
2022-01-18 11:21:00,7250,7225,7250,7250,12000
2022-01-18 11:22:00,7250,7250,7275,7275,12700
2022-01-18 11:23:00,7275,7225,7275,7225,31100
2022-01-18 11:24:00,7250,7250,7275,7275,7500
2022-01-18 11:25:00,7275,7275,7300,7300,7300
2022-01-18 11:26:00,7300,7300,7300,7300,8900
2022-01-18 11:27:00,7300,7300,7300,7300,4200
2022-01-18 11:28:00,7275,7250,7275,7275,19600
2022-01-18 11:29:00,7275,7275,7275,7275,8700
2022-01-18 11:30:00,7275,7275,7275,7275,0
2022-01-18 11:31:00,7275,7275,7275,7275,0
2022-01-18 11:32:00,7275,7275,7275,7275,0
2022-01-18 11:33:00,7275,7275,7275,7275,0
2022-01-18 11:34:00,7275,7275,7275,7275,0
2022-01-18 11:35:00,7275,7275,7275,7275,0
2022-01-18 11:36:00,7275,7275,7275,7275,0
2022-01-18 11:37:00,7275,7275,7275,7275,0
2022-01-18 11:38:00,7275,7275,7275,7275,0
2022-01-18 11:39:00,7275,7275,7275,7275,0
2022-01-18 11:40:00,7275,7275,7275,7275,0
2022-01-18 11:41:00,7275,7275,7275,7275,0
2022-01-18 11:42:00,7275,7275,7275,7275,0
2022-01-18 11:43:00,7275,7275,7275,7275,0
2022-01-18 11:44:00,7275,7275,7275,7275,0
2022-01-18 11:45:00,7275,7275,7275,7275,0
2022-01-18 11:46:00,7275,7275,7275,7275,0
2022-01-18 11:47:00,7275,7275,7275,7275,0
2022-01-18 11:48:00,7275,7275,7275,7275,0
2022-01-18 11:49:00,7275,7275,7275,7275,0
2022-01-18 11:50:00,7275,7275,7275,7275,0
2022-01-18 11:51:00,7275,7275,7275,7275,0
2022-01-18 11:52:00,7275,7275,7275,7275,0
2022-01-18 11:53:00,7275,7275,7275,7275,0
2022-01-18 11:54:00,7275,7275,7275,7275,0
2022-01-18 11:55:00,7275,7275,7275,7275,0
2022-01-18 11:56:00,7275,7275,7275,7275,0
2022-01-18 11:57:00,7275,7275,7275,7275,0
2022-01-18 11:58:00,7275,7275,7275,7275,0
2022-01-18 11:59:00,7275,7275,7275,7275,0
2022-01-18 12:00:00,7275,7275,7275,7275,0
2022-01-18 12:01:00,7275,7275,7275,7275,0
2022-01-18 12:02:00,7275,7275,7275,7275,0
2022-01-18 12:03:00,7275,7275,7275,7275,0
2022-01-18 12:04:00,7275,7275,7275,7275,0
2022-01-18 12:05:00,7275,7275,7275,7275,0
2022-01-18 12:06:00,7275,7275,7275,7275,0
2022-01-18 12:07:00,7275,7275,7275,7275,0
2022-01-18 12:08:00,7275,7275,7275,7275,0
2022-01-18 12:09:00,7275,7275,7275,7275,0
2022-01-18 12:10:00,7275,7275,7275,7275,0
2022-01-18 12:11:00,7275,7275,7275,7275,0
2022-01-18 12:12:00,7275,7275,7275,7275,0
2022-01-18 12:13:00,7275,7275,7275,7275,0
2022-01-18 12:14:00,7275,7275,7275,7275,0
2022-01-18 12:15:00,7275,7275,7275,7275,0
2022-01-18 12:16:00,7275,7275,7275,7275,0
2022-01-18 12:17:00,7275,7275,7275,7275,0
2022-01-18 12:18:00,7275,7275,7275,7275,0
2022-01-18 12:19:00,7275,7275,7275,7275,0
2022-01-18 12:20:00,7275,7275,7275,7275,0
2022-01-18 12:21:00,7275,7275,7275,7275,0
2022-01-18 12:22:00,7275,7275,7275,7275,0
2022-01-18 12:23:00,7275,7275,7275,7275,0
2022-01-18 12:24:00,7275,7275,7275,7275,0
2022-01-18 12:25:00,7275,7275,7275,7275,0
2022-01-18 12:26:00,7275,7275,7275,7275,0
2022-01-18 12:27:00,7275,7275,7275,7275,0
2022-01-18 12:28:00,7275,7275,7275,7275,0
2022-01-18 12:29:00,7275,7275,7275,7275,0
2022-01-18 12:30:00,7275,7275,7275,7275,0
2022-01-18 12:31:00,7275,7275,7275,7275,0
2022-01-18 12:32:00,7275,7275,7275,7275,0
2022-01-18 12:33:00,7275,7275,7275,7275,0
2022-01-18 12:34:00,7275,7275,7275,7275,0
2022-01-18 12:35:00,7275,7275,7275,7275,0
2022-01-18 12:36:00,7275,7275,7275,7275,0
2022-01-18 12:37:00,7275,7275,7275,7275,0
2022-01-18 12:38:00,7275,7275,7275,7275,0
2022-01-18 12:39:00,7275,7275,7275,7275,0
2022-01-18 12:40:00,7275,7275,7275,7275,0
2022-01-18 12:41:00,7275,7275,7275,7275,0
2022-01-18 12:42:00,7275,7275,7275,7275,0
2022-01-18 12:43:00,7275,7275,7275,7275,0
2022-01-18 12:44:00,7275,7275,7275,7275,0
2022-01-18 12:45:00,7275,7275,7275,7275,0
2022-01-18 12:46:00,7275,7275,7275,7275,0
2022-01-18 12:47:00,7275,7275,7275,7275,0
2022-01-18 12:48:00,7275,7275,7275,7275,0
2022-01-18 12:49:00,7275,7275,7275,7275,0
2022-01-18 12:50:00,7275,7275,7275,7275,0
2022-01-18 12:51:00,7275,7275,7275,7275,0
2022-01-18 12:52:00,7275,7275,7275,7275,0
2022-01-18 12:53:00,7275,7275,7275,7275,0
2022-01-18 12:54:00,7275,7275,7275,7275,0
2022-01-18 12:55:00,7275,7275,7275,7275,0
2022-01-18 12:56:00,7275,7275,7275,7275,0
2022-01-18 12:57:00,7275,7275,7275,7275,0
2022-01-18 12:58:00,7275,7275,7275,7275,0
2022-01-18 12:59:00,7275,7275,7275,7275,0
2022-01-18 13:00:00,7275,7275,7275,7275,0
2022-01-18 13:01:00,7275,7275,7275,7275,0
2022-01-18 13:02:00,7275,7275,7275,7275,0
2022-01-18 13:03:00,7275,7275,7275,7275,0
2022-01-18 13:04:00,7275,7275,7275,7275,0
2022-01-18 13:05:00,7275,7275,7275,7275,0
2022-01-18 13:06:00,7275,7275,7275,7275,0
2022-01-18 13:07:00,7275,7275,7275,7275,0
2022-01-18 13:08:00,7275,7275,7275,7275,0
2022-01-18 13:09:00,7275,7275,7275,7275,0
2022-01-18 13:10:00,7275,7275,7275,7275,0
2022-01-18 13:11:00,7275,7275,7275,7275,0
2022-01-18 13:12:00,7275,7275,7275,7275,0
2022-01-18 13:13:00,7275,7275,7275,7275,0
2022-01-18 13:14:00,7275,7275,7275,7275,0
2022-01-18 13:15:00,7275,7275,7275,7275,0
2022-01-18 13:16:00,7275,7275,7275,7275,0
2022-01-18 13:17:00,7275,7275,7275,7275,0
2022-01-18 13:18:00,7275,7275,7275,7275,0
2022-01-18 13:19:00,7275,7275,7275,7275,0
2022-01-18 13:20:00,7275,7275,7275,7275,0
2022-01-18 13:21:00,7275,7275,7275,7275,0
2022-01-18 13:22:00,7275,7275,7275,7275,0
2022-01-18 13:23:00,7275,7275,7275,7275,0
2022-01-18 13:24:00,7275,7275,7275,7275,0
2022-01-18 13:25:00,7275,7275,7275,7275,0
2022-01-18 13:26:00,7275,7275,7275,7275,0
2022-01-18 13:27:00,7275,7275,7275,7275,0
2022-01-18 13:28:00,7275,7275,7275,7275,0
2022-01-18 13:29:00,7275,7275,7275,7275,0
2022-01-18 13:30:00,7250,7250,7300,7275,47300
2022-01-18 13:31:00,7275,7275,7300,7275,42400
2022-01-18 13:32:00,7250,7225,7250,7225,31000
2022-01-18 13:33:00,7225,7225,7225,7225,10600
2022-01-18 13:34:00,7225,7225,7225,7225,35200
2022-01-18 13:35:00,7225,7225,7225,7225,46400
2022-01-18 13:36:00,7225,7200,7225,7225,26300
2022-01-18 13:37:00,7225,7225,7250,7225,18300
2022-01-18 13:38:00,7225,7225,7225,7225,11000
2022-01-18 13:39:00,7225,7225,7225,7225,4500
2022-01-18 13:40:00,7225,7200,7225,7225,130700
2022-01-18 13:41:00,7225,7225,7250,7225,13400
2022-01-18 13:42:00,7225,7225,7250,7250,2100
2022-01-18 13:43:00,7225,7200,7225,7225,29300
2022-01-18 13:44:00,7225,7200,7225,7225,17100
2022-01-18 13:45:00,7200,7200,7225,7200,95300
2022-01-18 13:46:00,7225,7200,7250,7250,148100
2022-01-18 13:47:00,7250,7225,7250,7250,19800
2022-01-18 13:48:00,7250,7225,7250,7250,123700
2022-01-18 13:49:00,7275,7275,7275,7275,88900
2022-01-18 13:50:00,7300,7275,7300,7300,39800
2022-01-18 13:51:00,7300,7275,7300,7275,1700
2022-01-18 13:52:00,7300,7275,7300,7275,1100
2022-01-18 13:53:00,7300,7275,7300,7300,45600
2022-01-18 13:54:00,7325,7325,7325,7325,5200
2022-01-18 13:55:00,7325,7300,7325,7325,60600
2022-01-18 13:56:00,7325,7300,7325,7325,25600
2022-01-18 13:57:00,7325,7300,7325,7325,24400
2022-01-18 13:58:00,7300,7300,7325,7325,22800
2022-01-18 13:59:00,7325,7325,7350,7325,59600
2022-01-18 14:00:00,7325,7325,7350,7350,20700
2022-01-18 14:01:00,7350,7300,7350,7300,107600
2022-01-18 14:02:00,7300,7275,7325,7275,13200
2022-01-18 14:03:00,7300,7275,7300,7300,2400
2022-01-18 14:04:00,7275,7275,7300,7300,20000
2022-01-18 14:05:00,7300,7275,7300,7300,10300
2022-01-18 14:06:00,7300,7300,7300,7300,6100
2022-01-18 14:07:00,7300,7300,7300,7300,6100
2022-01-18 14:08:00,7300,7300,7300,7300,4100
2022-01-18 14:09:00,7275,7275,7300,7275,11600
2022-01-18 14:10:00,7275,7275,7300,7300,2400
2022-01-18 14:11:00,7300,7300,7300,7300,18400
2022-01-18 14:12:00,7300,7300,7300,7300,1200
2022-01-18 14:13:00,7300,7275,7300,7300,14700
2022-01-18 14:14:00,7300,7300,7300,7300,15100
2022-01-18 14:15:00,7275,7275,7275,7275,13700
2022-01-18 14:16:00,7275,7275,7300,7275,30600
2022-01-18 14:17:00,7275,7250,7275,7250,25100
2022-01-18 14:18:00,7275,7250,7275,7275,6600
2022-01-18 14:19:00,7250,7250,7275,7250,13800
2022-01-18 14:20:00,7250,7250,7275,7275,12600
2022-01-18 14:21:00,7250,7250,7250,7250,10400
2022-01-18 14:22:00,7250,7250,7275,7275,11700
2022-01-18 14:23:00,7275,7250,7275,7275,20400
2022-01-18 14:24:00,7275,7250,7275,7275,22600
2022-01-18 14:25:00,7275,7250,7300,7275,19900
2022-01-18 14:26:00,7250,7250,7250,7250,700
2022-01-18 14:27:00,7300,7275,7300,7275,12400
2022-01-18 14:28:00,7300,7275,7300,7275,2200
2022-01-18 14:29:00,7300,7275,7300,7275,2300
2022-01-18 14:30:00,7275,7275,7300,7275,2300
2022-01-18 14:31:00,7275,7275,7300,7300,1400
2022-01-18 14:32:00,7300,7275,7300,7300,12200
2022-01-18 14:33:00,7300,7275,7300,7275,21900
2022-01-18 14:34:00,7300,7275,7300,7275,20700
2022-01-18 14:35:00,7275,7275,7275,7275,14200
2022-01-18 14:36:00,7300,7275,7300,7275,300
2022-01-18 14:37:00,7300,7275,7300,7275,10000
2022-01-18 14:38:00,7275,7275,7275,7275,20000
2022-01-18 14:39:00,7275,7275,7275,7275,100
2022-01-18 14:40:00,7275,7275,7300,7300,3000
2022-01-18 14:41:00,7275,7275,7300,7300,5500
2022-01-18 14:42:00,7300,7275,7300,7300,18000
2022-01-18 14:43:00,7300,7300,7300,7300,1600
2022-01-18 14:44:00,7300,7275,7300,7300,18600
2022-01-18 14:45:00,7300,7275,7300,7300,52300
2022-01-18 14:46:00,7300,7275,7300,7300,20300
2022-01-18 14:47:00,7275,7275,7300,7300,13100
2022-01-18 14:48:00,7300,7275,7300,7275,48700
2022-01-18 14:49:00,7300,7275,7325,7325,51600
2022-01-18 14:50:00,7300,7275,7325,7325,0
2022-01-18 14:51:00,7300,7275,7325,7325,0
2022-01-18 14:52:00,7300,7275,7325,7325,0
2022-01-18 14:53:00,7300,7275,7325,7325,0
2022-01-18 14:54:00,7300,7275,7325,7325,0
2022-01-18 14:55:00,7300,7275,7325,7325,0
2022-01-18 14:56:00,7300,7275,7325,7325,0
2022-01-18 14:57:00,7300,7275,7325,7325,0
2022-01-18 14:58:00,7300,7275,7325,7325,0
2022-01-18 14:59:00,7300,7275,7325,7325,0
2022-01-18 15:00:00,7325,7325,7325,7325,319300
2022-01-18 15:01:00,7325,7325,7325,7325,35400
2022-01-18 15:02:00,7325,7325,7325,7325,12200
2022-01-18 15:03:00,7325,7325,7325,7325,1300
2022-01-18 15:04:00,7325,7325,7325,7325,2500
2022-01-18 15:05:00,7325,7325,7325,7325,100
2022-01-18 15:06:00,7325,7325,7325,7325,0
2022-01-18 15:07:00,7325,7325,7325,7325,5000
2022-01-18 15:08:00,7325,7325,7325,7325,2000
2022-01-18 15:09:00,7325,7325,7325,7325,3400
2022-01-18 15:10:00,7325,7325,7325,7325,6200
2022-01-18 15:11:00,7325,7325,7325,7325,1700
2022-01-18 15:12:00,7325,7325,7325,7325,0
2022-01-18 15:13:00,7325,7325,7325,7325,300
2022-01-18 15:14:00,7325,7325,7325,7325,5861700
2022-01-18 15:15:00,7325,7325,7325,7325,0
2022-01-18 15:16:00,7325,7325,7325,7325,0
2022-01-18 15:17:00,7325,7325,7325,7325,0
2022-01-18 15:18:00,7325,7325,7325,7325,0
2022-01-18 15:19:00,7325,7325,7325,7325,0
2022-01-18 15:20:00,7325,7325,7325,7325,0
2022-01-18 15:21:00,7325,7325,7325,7325,0
2022-01-18 15:22:00,7325,7325,7325,7325,0
2022-01-18 15:23:00,7325,7325,7325,7325,0
2022-01-18 15:24:00,7325,7325,7325,7325,0
2022-01-18 15:25:00,7325,7325,7325,7325,0
2022-01-18 15:26:00,7325,7325,7325,7325,0
2022-01-18 15:27:00,7325,7325,7325,7325,0
2022-01-18 15:28:00,7325,7325,7325,7325,0
2022-01-18 15:29:00,7325,7325,7325,7325,0
2022-01-18 15:30:00,7325,7325,7325,7325,0
2022-01-18 15:31:00,7325,7325,7325,7325,0
2022-01-18 15:32:00,7325,7325,7325,7325,0
2022-01-18 15:33:00,7325,7325,7325,7325,0
2022-01-18 15:34:00,7325,7325,7325,7325,0
2022-01-18 15:35:00,7325,7325,7325,7325,0
2022-01-18 15:36:00,7325,7325,7325,7325,0
2022-01-18 15:37:00,7325,7325,7325,7325,0
2022-01-18 15:38:00,7325,7325,7325,7325,0
2022-01-18 15:39:00,7325,7325,7325,7325,0
2022-01-18 15:40:00,7325,7325,7325,7325,0
2022-01-18 15:41:00,7325,7325,7325,7325,0
2022-01-18 15:42:00,7325,7325,7325,7325,0
2022-01-18 15:43:00,7325,7325,7325,7325,0
2022-01-18 15:44:00,7325,7325,7325,7325,0
2022-01-18 15:45:00,7325,7325,7325,7325,0
2022-01-18 15:46:00,7325,7325,7325,7325,0
2022-01-18 15:47:00,7325,7325,7325,7325,0
2022-01-18 15:48:00,7325,7325,7325,7325,0
2022-01-18 15:49:00,7325,7325,7325,7325,0
2022-01-18 15:50:00,7325,7325,7325,7325,0
2022-01-18 15:51:00,7325,7325,7325,7325,0
2022-01-18 15:52:00,7325,7325,7325,7325,0
2022-01-18 15:53:00,7325,7325,7325,7325,0
2022-01-18 15:54:00,7325,7325,7325,7325,0
2022-01-18 15:55:00,7325,7325,7325,7325,0
2022-01-18 15:56:00,7325,7325,7325,7325,0
2022-01-18 15:57:00,7325,7325,7325,7325,0
2022-01-18 15:58:00,7325,7325,7325,7325,0
2022-01-18 15:59:00,7325,7325,7325,7325,0
2022-01-19 09:00:00,7325,7325,7325,7325,36400
2022-01-19 09:01:00,7300,7225,7325,7225,38900
2022-01-19 09:02:00,7225,7225,7275,7275,18700
2022-01-19 09:03:00,7275,7225,7275,7225,14300
2022-01-19 09:04:00,7250,7250,7250,7250,5000
2022-01-19 09:05:00,7275,7250,7275,7250,24300
2022-01-19 09:06:00,7250,7250,7300,7300,15700
2022-01-19 09:07:00,7300,7300,7300,7300,10400
2022-01-19 09:08:00,7300,7300,7300,7300,9500
2022-01-19 09:09:00,7300,7300,7300,7300,12500
2022-01-19 09:10:00,7325,7325,7325,7325,600
2022-01-19 09:11:00,7325,7325,7325,7325,17600
2022-01-19 09:12:00,7325,7325,7325,7325,7100
2022-01-19 09:13:00,7325,7325,7325,7325,3300
2022-01-19 09:14:00,7325,7325,7325,7325,2000
2022-01-19 09:15:00,7325,7300,7325,7300,37500
2022-01-19 09:16:00,7300,7300,7300,7300,11600
2022-01-19 09:17:00,7300,7300,7300,7300,100
2022-01-19 09:18:00,7275,7250,7275,7275,22100
2022-01-19 09:19:00,7250,7250,7250,7250,300
2022-01-19 09:20:00,7250,7250,7250,7250,100
2022-01-19 09:21:00,7250,7250,7275,7275,32500
2022-01-19 09:22:00,7275,7250,7275,7250,6700
2022-01-19 09:23:00,7275,7275,7275,7275,9300
2022-01-19 09:24:00,7275,7275,7275,7275,500
2022-01-19 09:25:00,7275,7275,7275,7275,0
2022-01-19 09:26:00,7300,7275,7325,7275,34300
2022-01-19 09:27:00,7300,7300,7300,7300,11800
2022-01-19 09:28:00,7350,7350,7350,7350,11600
2022-01-19 09:29:00,7350,7325,7350,7325,5100
2022-01-19 09:30:00,7325,7325,7325,7325,400
2022-01-19 09:31:00,7300,7250,7300,7250,17900
2022-01-19 09:32:00,7275,7275,7325,7300,12300
2022-01-19 09:33:00,7300,7300,7300,7300,200
2022-01-19 09:34:00,7300,7275,7300,7275,26700
2022-01-19 09:35:00,7300,7275,7300,7275,7800
2022-01-19 09:36:00,7250,7250,7250,7250,3000
2022-01-19 09:37:00,7250,7250,7275,7275,11200
2022-01-19 09:38:00,7250,7250,7275,7275,26000
2022-01-19 09:39:00,7275,7250,7275,7250,11700
2022-01-19 09:40:00,7250,7250,7250,7250,200
2022-01-19 09:41:00,7250,7250,7275,7275,8000
2022-01-19 09:42:00,7275,7250,7275,7250,1200
2022-01-19 09:43:00,7275,7250,7275,7250,0
2022-01-19 09:44:00,7250,7250,7250,7250,1100
2022-01-19 09:45:00,7250,7250,7250,7250,13500
2022-01-19 09:46:00,7275,7275,7275,7275,2500
2022-01-19 09:47:00,7275,7250,7275,7250,8700
2022-01-19 09:48:00,7275,7250,7275,7250,0
2022-01-19 09:49:00,7250,7250,7250,7250,300
2022-01-19 09:50:00,7275,7250,7275,7275,13300
2022-01-19 09:51:00,7275,7275,7275,7275,6400
2022-01-19 09:52:00,7275,7275,7275,7275,0
2022-01-19 09:53:00,7250,7250,7250,7250,7200
2022-01-19 09:54:00,7275,7250,7275,7250,16200
2022-01-19 09:55:00,7275,7250,7275,7250,9300
2022-01-19 09:56:00,7250,7250,7275,7275,1900
2022-01-19 09:57:00,7275,7250,7275,7250,2600
2022-01-19 09:58:00,7250,7250,7275,7250,11900
2022-01-19 09:59:00,7275,7250,7275,7250,3400
2022-01-19 10:00:00,7250,7250,7250,7250,800
2022-01-19 10:01:00,7250,7250,7250,7250,6500
2022-01-19 10:02:00,7250,7250,7250,7250,0
2022-01-19 10:03:00,7250,7250,7250,7250,13900
2022-01-19 10:04:00,7250,7250,7250,7250,0
2022-01-19 10:05:00,7250,7250,7250,7250,1300
2022-01-19 10:06:00,7250,7250,7250,7250,10200
2022-01-19 10:07:00,7250,7250,7250,7250,17100
2022-01-19 10:08:00,7225,7225,7250,7225,2100
2022-01-19 10:09:00,7225,7225,7225,7225,10900
2022-01-19 10:10:00,7225,7225,7225,7225,0
2022-01-19 10:11:00,7250,7225,7250,7225,18900
2022-01-19 10:12:00,7225,7225,7225,7225,1500
2022-01-19 10:13:00,7225,7225,7225,7225,100
2022-01-19 10:14:00,7250,7225,7250,7225,16800
2022-01-19 10:15:00,7250,7250,7250,7250,6500
2022-01-19 10:16:00,7250,7250,7250,7250,300
2022-01-19 10:17:00,7250,7225,7250,7225,13100
2022-01-19 10:18:00,7225,7225,7250,7250,19200
2022-01-19 10:19:00,7225,7225,7225,7225,39200
2022-01-19 10:20:00,7225,7225,7225,7225,7200
2022-01-19 10:21:00,7225,7225,7225,7225,13500
2022-01-19 10:22:00,7250,7225,7250,7225,12300
2022-01-19 10:23:00,7225,7225,7250,7250,41100
2022-01-19 10:24:00,7250,7250,7250,7250,2400
2022-01-19 10:25:00,7250,7250,7250,7250,3800
2022-01-19 10:26:00,7250,7250,7250,7250,100
2022-01-19 10:27:00,7250,7225,7250,7225,6200
2022-01-19 10:28:00,7225,7225,7250,7250,5700
2022-01-19 10:29:00,7250,7250,7250,7250,10000
2022-01-19 10:30:00,7225,7225,7225,7225,2600
2022-01-19 10:31:00,7225,7225,7250,7250,5600
2022-01-19 10:32:00,7225,7225,7250,7250,0
2022-01-19 10:33:00,7275,7225,7275,7225,37000
2022-01-19 10:34:00,7250,7250,7250,7250,6200
2022-01-19 10:35:00,7250,7250,7275,7275,1100
2022-01-19 10:36:00,7250,7225,7250,7225,4600
2022-01-19 10:37:00,7250,7250,7250,7250,900
2022-01-19 10:38:00,7225,7225,7225,7225,10700
2022-01-19 10:39:00,7225,7225,7225,7225,100
2022-01-19 10:40:00,7225,7225,7250,7250,8000
2022-01-19 10:41:00,7225,7225,7225,7225,11200
2022-01-19 10:42:00,7225,7225,7225,7225,300
2022-01-19 10:43:00,7250,7250,7250,7250,600
2022-01-19 10:44:00,7225,7225,7250,7225,13500
2022-01-19 10:45:00,7225,7225,7250,7250,1400
2022-01-19 10:46:00,7225,7225,7225,7225,10700
2022-01-19 10:47:00,7225,7225,7225,7225,5000
2022-01-19 10:48:00,7250,7225,7250,7225,500
2022-01-19 10:49:00,7250,7250,7250,7250,24600
2022-01-19 10:50:00,7250,7250,7250,7250,0
2022-01-19 10:51:00,7250,7225,7275,7225,1600
2022-01-19 10:52:00,7225,7225,7275,7250,11200
2022-01-19 10:53:00,7250,7250,7250,7250,300
2022-01-19 10:54:00,7250,7225,7250,7250,15300
2022-01-19 10:55:00,7250,7225,7250,7250,0
2022-01-19 10:56:00,7250,7225,7250,7250,0
2022-01-19 10:57:00,7225,7225,7250,7250,6200
2022-01-19 10:58:00,7225,7225,7225,7225,5000
2022-01-19 10:59:00,7250,7225,7250,7250,2500
2022-01-19 11:00:00,7225,7225,7250,7250,25300
2022-01-19 11:01:00,7250,7250,7275,7275,700
2022-01-19 11:02:00,7275,7275,7275,7275,100
2022-01-19 11:03:00,7250,7250,7250,7250,600
2022-01-19 11:04:00,7275,7275,7275,7275,100
2022-01-19 11:05:00,7250,7250,7250,7250,10900
2022-01-19 11:06:00,7250,7250,7250,7250,200
2022-01-19 11:07:00,7250,7250,7250,7250,1500
2022-01-19 11:08:00,7250,7250,7250,7250,11000
2022-01-19 11:09:00,7250,7250,7250,7250,0
2022-01-19 11:10:00,7275,7250,7275,7250,11400
2022-01-19 11:11:00,7250,7250,7250,7250,29400
2022-01-19 11:12:00,7250,7225,7250,7225,1200
2022-01-19 11:13:00,7225,7225,7225,7225,11700
2022-01-19 11:14:00,7225,7225,7225,7225,300
2022-01-19 11:15:00,7225,7225,7225,7225,0
2022-01-19 11:16:00,7225,7225,7225,7225,24400
2022-01-19 11:17:00,7225,7225,7225,7225,7100
2022-01-19 11:18:00,7250,7225,7250,7225,17900
2022-01-19 11:19:00,7225,7225,7225,7225,12500
2022-01-19 11:20:00,7225,7225,7225,7225,1700
2022-01-19 11:21:00,7225,7200,7225,7200,38000
2022-01-19 11:22:00,7225,7200,7225,7200,0
2022-01-19 11:23:00,7225,7225,7225,7225,700
2022-01-19 11:24:00,7200,7200,7225,7200,15500
2022-01-19 11:25:00,7200,7200,7200,7200,400
2022-01-19 11:26:00,7200,7200,7200,7200,13800
2022-01-19 11:27:00,7225,7200,7225,7225,5600
2022-01-19 11:28:00,7225,7200,7225,7200,13500
2022-01-19 11:29:00,7200,7200,7200,7200,4200
2022-01-19 11:30:00,7200,7200,7200,7200,100
2022-01-19 11:31:00,7200,7200,7200,7200,0
2022-01-19 11:32:00,7200,7200,7200,7200,0
2022-01-19 11:33:00,7200,7200,7200,7200,0
2022-01-19 11:34:00,7200,7200,7200,7200,0
2022-01-19 11:35:00,7200,7200,7200,7200,0
2022-01-19 11:36:00,7200,7200,7200,7200,0
2022-01-19 11:37:00,7200,7200,7200,7200,0
2022-01-19 11:38:00,7200,7200,7200,7200,0
2022-01-19 11:39:00,7200,7200,7200,7200,0
2022-01-19 11:40:00,7200,7200,7200,7200,0
2022-01-19 11:41:00,7200,7200,7200,7200,0
2022-01-19 11:42:00,7200,7200,7200,7200,0
2022-01-19 11:43:00,7200,7200,7200,7200,0
2022-01-19 11:44:00,7200,7200,7200,7200,0
2022-01-19 11:45:00,7200,7200,7200,7200,0
2022-01-19 11:46:00,7200,7200,7200,7200,0
2022-01-19 11:47:00,7200,7200,7200,7200,0
2022-01-19 11:48:00,7200,7200,7200,7200,0
2022-01-19 11:49:00,7200,7200,7200,7200,0
2022-01-19 11:50:00,7200,7200,7200,7200,0
2022-01-19 11:51:00,7200,7200,7200,7200,0
2022-01-19 11:52:00,7200,7200,7200,7200,0
2022-01-19 11:53:00,7200,7200,7200,7200,0
2022-01-19 11:54:00,7200,7200,7200,7200,0
2022-01-19 11:55:00,7200,7200,7200,7200,0
2022-01-19 11:56:00,7200,7200,7200,7200,0
2022-01-19 11:57:00,7200,7200,7200,7200,0
2022-01-19 11:58:00,7200,7200,7200,7200,0
2022-01-19 11:59:00,7200,7200,7200,7200,0
2022-01-19 12:00:00,7200,7200,7200,7200,0
2022-01-19 12:01:00,7200,7200,7200,7200,0
2022-01-19 12:02:00,7200,7200,7200,7200,0
2022-01-19 12:03:00,7200,7200,7200,7200,0
2022-01-19 12:04:00,7200,7200,7200,7200,0
2022-01-19 12:05:00,7200,7200,7200,7200,0
2022-01-19 12:06:00,7200,7200,7200,7200,0
2022-01-19 12:07:00,7200,7200,7200,7200,0
2022-01-19 12:08:00,7200,7200,7200,7200,0
2022-01-19 12:09:00,7200,7200,7200,7200,0
2022-01-19 12:10:00,7200,7200,7200,7200,0
2022-01-19 12:11:00,7200,7200,7200,7200,0
2022-01-19 12:12:00,7200,7200,7200,7200,0
2022-01-19 12:13:00,7200,7200,7200,7200,0
2022-01-19 12:14:00,7200,7200,7200,7200,0
2022-01-19 12:15:00,7200,7200,7200,7200,0
2022-01-19 12:16:00,7200,7200,7200,7200,0
2022-01-19 12:17:00,7200,7200,7200,7200,0
2022-01-19 12:18:00,7200,7200,7200,7200,0
2022-01-19 12:19:00,7200,7200,7200,7200,0
2022-01-19 12:20:00,7200,7200,7200,7200,0
2022-01-19 12:21:00,7200,7200,7200,7200,0
2022-01-19 12:22:00,7200,7200,7200,7200,0
2022-01-19 12:23:00,7200,7200,7200,7200,0
2022-01-19 12:24:00,7200,7200,7200,7200,0
2022-01-19 12:25:00,7200,7200,7200,7200,0
2022-01-19 12:26:00,7200,7200,7200,7200,0
2022-01-19 12:27:00,7200,7200,7200,7200,0
2022-01-19 12:28:00,7200,7200,7200,7200,0
2022-01-19 12:29:00,7200,7200,7200,7200,0
2022-01-19 12:30:00,7200,7200,7200,7200,0
2022-01-19 12:31:00,7200,7200,7200,7200,0
2022-01-19 12:32:00,7200,7200,7200,7200,0
2022-01-19 12:33:00,7200,7200,7200,7200,0
2022-01-19 12:34:00,7200,7200,7200,7200,0
2022-01-19 12:35:00,7200,7200,7200,7200,0
2022-01-19 12:36:00,7200,7200,7200,7200,0
2022-01-19 12:37:00,7200,7200,7200,7200,0
2022-01-19 12:38:00,7200,7200,7200,7200,0
2022-01-19 12:39:00,7200,7200,7200,7200,0
2022-01-19 12:40:00,7200,7200,7200,7200,0
2022-01-19 12:41:00,7200,7200,7200,7200,0
2022-01-19 12:42:00,7200,7200,7200,7200,0
2022-01-19 12:43:00,7200,7200,7200,7200,0
2022-01-19 12:44:00,7200,7200,7200,7200,0
2022-01-19 12:45:00,7200,7200,7200,7200,0
2022-01-19 12:46:00,7200,7200,7200,7200,0
2022-01-19 12:47:00,7200,7200,7200,7200,0
2022-01-19 12:48:00,7200,7200,7200,7200,0
2022-01-19 12:49:00,7200,7200,7200,7200,0
2022-01-19 12:50:00,7200,7200,7200,7200,0
2022-01-19 12:51:00,7200,7200,7200,7200,0
2022-01-19 12:52:00,7200,7200,7200,7200,0
2022-01-19 12:53:00,7200,7200,7200,7200,0
2022-01-19 12:54:00,7200,7200,7200,7200,0
2022-01-19 12:55:00,7200,7200,7200,7200,0
2022-01-19 12:56:00,7200,7200,7200,7200,0
2022-01-19 12:57:00,7200,7200,7200,7200,0
2022-01-19 12:58:00,7200,7200,7200,7200,0
2022-01-19 12:59:00,7200,7200,7200,7200,0
2022-01-19 13:00:00,7200,7200,7200,7200,0
2022-01-19 13:01:00,7200,7200,7200,7200,0
2022-01-19 13:02:00,7200,7200,7200,7200,0
2022-01-19 13:03:00,7200,7200,7200,7200,0
2022-01-19 13:04:00,7200,7200,7200,7200,0
2022-01-19 13:05:00,7200,7200,7200,7200,0
2022-01-19 13:06:00,7200,7200,7200,7200,0
2022-01-19 13:07:00,7200,7200,7200,7200,0
2022-01-19 13:08:00,7200,7200,7200,7200,0
2022-01-19 13:09:00,7200,7200,7200,7200,0
2022-01-19 13:10:00,7200,7200,7200,7200,0
2022-01-19 13:11:00,7200,7200,7200,7200,0
2022-01-19 13:12:00,7200,7200,7200,7200,0
2022-01-19 13:13:00,7200,7200,7200,7200,0
2022-01-19 13:14:00,7200,7200,7200,7200,0
2022-01-19 13:15:00,7200,7200,7200,7200,0
2022-01-19 13:16:00,7200,7200,7200,7200,0
2022-01-19 13:17:00,7200,7200,7200,7200,0
2022-01-19 13:18:00,7200,7200,7200,7200,0
2022-01-19 13:19:00,7200,7200,7200,7200,0
2022-01-19 13:20:00,7200,7200,7200,7200,0
2022-01-19 13:21:00,7200,7200,7200,7200,0
2022-01-19 13:22:00,7200,7200,7200,7200,0
2022-01-19 13:23:00,7200,7200,7200,7200,0
2022-01-19 13:24:00,7200,7200,7200,7200,0
2022-01-19 13:25:00,7200,7200,7200,7200,0
2022-01-19 13:26:00,7200,7200,7200,7200,0
2022-01-19 13:27:00,7200,7200,7200,7200,0
2022-01-19 13:28:00,7200,7200,7200,7200,0
2022-01-19 13:29:00,7200,7200,7200,7200,0
2022-01-19 13:30:00,7225,7200,7250,7225,81500
2022-01-19 13:31:00,7225,7200,7225,7225,3300
2022-01-19 13:32:00,7225,7200,7225,7200,12500
2022-01-19 13:33:00,7200,7200,7225,7200,3600
2022-01-19 13:34:00,7225,7225,7225,7225,300
2022-01-19 13:35:00,7200,7200,7225,7200,16300
2022-01-19 13:36:00,7225,7225,7225,7225,32500
2022-01-19 13:37:00,7225,7200,7225,7225,11000
2022-01-19 13:38:00,7200,7200,7225,7200,33200
2022-01-19 13:39:00,7225,7225,7225,7225,300
2022-01-19 13:40:00,7225,7200,7225,7200,17200
2022-01-19 13:41:00,7200,7200,7200,7200,300
2022-01-19 13:42:00,7200,7200,7200,7200,29400
2022-01-19 13:43:00,7200,7200,7200,7200,13800
2022-01-19 13:44:00,7200,7200,7200,7200,2200
2022-01-19 13:45:00,7225,7225,7225,7225,200
2022-01-19 13:46:00,7200,7200,7200,7200,11300
2022-01-19 13:47:00,7200,7200,7225,7200,8000
2022-01-19 13:48:00,7225,7200,7225,7200,502400
2022-01-19 13:49:00,7200,7150,7200,7150,259800
2022-01-19 13:50:00,7175,7150,7175,7150,3300
2022-01-19 13:51:00,7175,7150,7175,7150,62000
2022-01-19 13:52:00,7150,7150,7150,7150,32300
2022-01-19 13:53:00,7150,7150,7150,7150,100
2022-01-19 13:54:00,7175,7150,7175,7150,101300
2022-01-19 13:55:00,7150,7150,7150,7150,400
2022-01-19 13:56:00,7150,7150,7175,7175,3200
2022-01-19 13:57:00,7150,7150,7150,7150,100400
2022-01-19 13:58:00,7125,7125,7150,7150,1100
2022-01-19 13:59:00,7150,7125,7150,7125,17500
2022-01-19 14:00:00,7150,7125,7150,7150,25400
2022-01-19 14:01:00,7125,7125,7150,7150,2300
2022-01-19 14:02:00,7125,7125,7150,7125,11800
2022-01-19 14:03:00,7125,7125,7125,7125,29900
2022-01-19 14:04:00,7125,7125,7125,7125,73700
2022-01-19 14:05:00,7125,7100,7125,7125,76200
2022-01-19 14:06:00,7125,7100,7125,7125,44500
2022-01-19 14:07:00,7125,7100,7125,7100,379500
2022-01-19 14:08:00,7075,7050,7100,7050,100600
2022-01-19 14:09:00,7050,7050,7075,7075,10200
2022-01-19 14:10:00,7075,7075,7075,7075,152600
2022-01-19 14:11:00,7075,7075,7075,7075,45600
2022-01-19 14:12:00,7075,7075,7100,7100,3600
2022-01-19 14:13:00,7100,7075,7100,7100,13300
2022-01-19 14:14:00,7075,7075,7100,7100,5500
2022-01-19 14:15:00,7100,7100,7100,7100,3900
2022-01-19 14:16:00,7100,7075,7100,7075,17200
2022-01-19 14:17:00,7075,7075,7075,7075,37800
2022-01-19 14:18:00,7075,7075,7075,7075,1900
2022-01-19 14:19:00,7075,7075,7100,7100,14700
2022-01-19 14:20:00,7100,7075,7100,7100,107800
2022-01-19 14:21:00,7100,7075,7100,7100,41000
2022-01-19 14:22:00,7075,7075,7100,7100,151700
2022-01-19 14:23:00,7100,7100,7100,7100,28600
2022-01-19 14:24:00,7100,7100,7100,7100,23300
2022-01-19 14:25:00,7100,7075,7100,7100,6700
2022-01-19 14:26:00,7100,7075,7100,7100,28600
2022-01-19 14:27:00,7100,7050,7100,7050,133900
2022-01-19 14:28:00,7075,7050,7075,7075,48300
2022-01-19 14:29:00,7075,7050,7075,7075,12100
2022-01-19 14:30:00,7050,7050,7075,7075,43700
2022-01-19 14:31:00,7075,7075,7075,7075,7400
2022-01-19 14:32:00,7050,7050,7075,7075,36800
2022-01-19 14:33:00,7075,7050,7075,7075,36900
2022-01-19 14:34:00,7075,7050,7075,7075,33100
2022-01-19 14:35:00,7075,7050,7075,7075,30700
2022-01-19 14:36:00,7050,7050,7075,7075,15500
2022-01-19 14:37:00,7075,7050,7075,7050,1000
2022-01-19 14:38:00,7075,7050,7075,7075,13900
2022-01-19 14:39:00,7075,7050,7075,7050,178500
2022-01-19 14:40:00,7050,7025,7050,7050,21800
2022-01-19 14:41:00,7050,7025,7050,7050,21300
2022-01-19 14:42:00,7050,7025,7050,7025,265700
2022-01-19 14:43:00,7025,7000,7025,7025,59100
2022-01-19 14:44:00,7025,7000,7025,7000,113900
2022-01-19 14:45:00,7025,7000,7025,7025,45500
2022-01-19 14:46:00,7025,7025,7050,7025,59300
2022-01-19 14:47:00,7050,7000,7050,7025,173400
2022-01-19 14:48:00,7050,7050,7050,7050,3400
2022-01-19 14:49:00,7050,7025,7050,7025,82000
2022-01-19 14:50:00,7050,7025,7050,7025,0
2022-01-19 14:51:00,7050,7025,7050,7025,0
2022-01-19 14:52:00,7050,7025,7050,7025,0
2022-01-19 14:53:00,7050,7025,7050,7025,0
2022-01-19 14:54:00,7050,7025,7050,7025,0
2022-01-19 14:55:00,7050,7025,7050,7025,0
2022-01-19 14:56:00,7050,7025,7050,7025,0
2022-01-19 14:57:00,7050,7025,7050,7025,0
2022-01-19 14:58:00,7050,7025,7050,7025,0
2022-01-19 14:59:00,7050,7025,7050,7025,0
2022-01-19 15:00:00,7000,7000,7000,7000,262800
2022-01-19 15:01:00,7000,7000,7000,7000,12200
2022-01-19 15:02:00,7000,7000,7000,7000,10200
2022-01-19 15:03:00,7000,7000,7000,7000,1000
2022-01-19 15:04:00,7000,7000,7000,7000,113000
2022-01-19 15:05:00,7000,7000,7000,7000,2800
2022-01-19 15:06:00,7000,7000,7000,7000,1100
2022-01-19 15:07:00,7000,7000,7000,7000,0
2022-01-19 15:08:00,7000,7000,7000,7000,200
2022-01-19 15:09:00,7000,7000,7000,7000,3600
2022-01-19 15:10:00,7000,7000,7000,7000,10800
2022-01-19 15:11:00,7000,7000,7000,7000,4300
2022-01-19 15:12:00,7000,7000,7000,7000,1000
2022-01-19 15:13:00,7000,7000,7000,7000,0
2022-01-19 15:14:00,7000,7000,7000,7000,1000
2022-01-19 15:15:00,7000,7000,7000,7000,0
2022-01-19 15:16:00,7000,7000,7000,7000,0
2022-01-19 15:17:00,7000,7000,7000,7000,0
2022-01-19 15:18:00,7000,7000,7000,7000,0
2022-01-19 15:19:00,7000,7000,7000,7000,0
2022-01-19 15:20:00,7000,7000,7000,7000,0
2022-01-19 15:21:00,7000,7000,7000,7000,0
2022-01-19 15:22:00,7000,7000,7000,7000,0
2022-01-19 15:23:00,7000,7000,7000,7000,0
2022-01-19 15:24:00,7000,7000,7000,7000,0
2022-01-19 15:25:00,7000,7000,7000,7000,0
2022-01-19 15:26:00,7000,7000,7000,7000,0
2022-01-19 15:27:00,7000,7000,7000,7000,0
2022-01-19 15:28:00,7000,7000,7000,7000,0
2022-01-19 15:29:00,7000,7000,7000,7000,0
2022-01-19 15:30:00,7000,7000,7000,7000,0
2022-01-19 15:31:00,7000,7000,7000,7000,0
2022-01-19 15:32:00,7000,7000,7000,7000,0
2022-01-19 15:33:00,7000,7000,7000,7000,0
2022-01-19 15:34:00,7000,7000,7000,7000,0
2022-01-19 15:35:00,7000,7000,7000,7000,0
2022-01-19 15:36:00,7000,7000,7000,7000,0
2022-01-19 15:37:00,7000,7000,7000,7000,0
2022-01-19 15:38:00,7000,7000,7000,7000,0
2022-01-19 15:39:00,7000,7000,7000,7000,0
2022-01-19 15:40:00,7000,7000,7000,7000,0
2022-01-19 15:41:00,7000,7000,7000,7000,0
2022-01-19 15:42:00,7000,7000,7000,7000,0
2022-01-19 15:43:00,7000,7000,7000,7000,0
2022-01-19 15:44:00,7000,7000,7000,7000,0
2022-01-19 15:45:00,7000,7000,7000,7000,0
2022-01-19 15:46:00,7000,7000,7000,7000,0
2022-01-19 15:47:00,7000,7000,7000,7000,0
2022-01-19 15:48:00,7000,7000,7000,7000,0
2022-01-19 15:49:00,7000,7000,7000,7000,0
2022-01-19 15:50:00,7000,7000,7000,7000,0
2022-01-19 15:51:00,7000,7000,7000,7000,0
2022-01-19 15:52:00,7000,7000,7000,7000,0
2022-01-19 15:53:00,7000,7000,7000,7000,0
2022-01-19 15:54:00,7000,7000,7000,7000,0
2022-01-19 15:55:00,7000,7000,7000,7000,0
2022-01-19 15:56:00,7000,7000,7000,7000,0
2022-01-19 15:57:00,7000,7000,7000,7000,0
2022-01-19 15:58:00,7000,7000,7000,7000,0
2022-01-19 15:59:00,7000,7000,7000,7000,0
2022-01-20 09:00:00,7025,7025,7075,7050,14500
2022-01-20 09:01:00,7050,7050,7075,7075,6200
2022-01-20 09:02:00,7075,7050,7075,7075,11000
2022-01-20 09:03:00,7075,7075,7100,7100,51800
2022-01-20 09:04:00,7100,7075,7125,7100,41600
2022-01-20 09:05:00,7100,7100,7100,7100,13500
2022-01-20 09:06:00,7100,7100,7125,7125,24800
2022-01-20 09:07:00,7125,7125,7125,7125,9100
2022-01-20 09:08:00,7125,7125,7150,7150,6000
2022-01-20 09:09:00,7125,7125,7150,7150,3200
2022-01-20 09:10:00,7150,7150,7175,7150,57900
2022-01-20 09:11:00,7150,7100,7150,7125,23600
2022-01-20 09:12:00,7125,7125,7125,7125,9700
2022-01-20 09:13:00,7125,7100,7125,7100,59800
2022-01-20 09:14:00,7075,7050,7075,7050,59000
2022-01-20 09:15:00,7075,7050,7075,7050,7300
2022-01-20 09:16:00,7050,7050,7050,7050,8600
2022-01-20 09:17:00,7050,7050,7075,7050,59800
2022-01-20 09:18:00,7050,7050,7050,7050,8400
2022-01-20 09:19:00,7050,7025,7050,7025,53600
2022-01-20 09:20:00,7025,7025,7050,7050,10000
2022-01-20 09:21:00,7025,7025,7050,7050,37400
2022-01-20 09:22:00,7050,7050,7075,7075,15700
2022-01-20 09:23:00,7075,7075,7075,7075,17100
2022-01-20 09:24:00,7075,7075,7100,7100,20800
2022-01-20 09:25:00,7075,7075,7075,7075,1800
2022-01-20 09:26:00,7075,7050,7075,7050,1600
2022-01-20 09:27:00,7100,7075,7100,7075,4100
2022-01-20 09:28:00,7075,7075,7075,7075,600
2022-01-20 09:29:00,7075,7075,7075,7075,5900
2022-01-20 09:30:00,7050,7050,7050,7050,100
2022-01-20 09:31:00,7050,7050,7050,7050,200
2022-01-20 09:32:00,7075,7050,7075,7050,2100
2022-01-20 09:33:00,7075,7075,7075,7075,1000
2022-01-20 09:34:00,7075,7075,7075,7075,16600
2022-01-20 09:35:00,7075,7075,7075,7075,6900
2022-01-20 09:36:00,7075,7075,7100,7075,8500
2022-01-20 09:37:00,7100,7100,7100,7100,1200
2022-01-20 09:38:00,7100,7100,7100,7100,22200
2022-01-20 09:39:00,7100,7100,7100,7100,24500
2022-01-20 09:40:00,7125,7125,7125,7125,8300
2022-01-20 09:41:00,7125,7125,7125,7125,21800
2022-01-20 09:42:00,7125,7125,7125,7125,5000
2022-01-20 09:43:00,7125,7125,7125,7125,0
2022-01-20 09:44:00,7125,7125,7125,7125,1600
2022-01-20 09:45:00,7125,7100,7125,7125,4200
2022-01-20 09:46:00,7125,7125,7125,7125,200
2022-01-20 09:47:00,7125,7125,7125,7125,10100
2022-01-20 09:48:00,7125,7100,7125,7125,13500
2022-01-20 09:49:00,7125,7125,7125,7125,12200
2022-01-20 09:50:00,7125,7125,7125,7125,13700
2022-01-20 09:51:00,7125,7125,7125,7125,300
2022-01-20 09:52:00,7125,7125,7125,7125,400
2022-01-20 09:53:00,7125,7100,7125,7100,52900
2022-01-20 09:54:00,7100,7100,7100,7100,100
2022-01-20 09:55:00,7100,7100,7100,7100,3700
2022-01-20 09:56:00,7100,7100,7100,7100,2300
2022-01-20 09:57:00,7100,7100,7100,7100,12100
2022-01-20 09:58:00,7100,7100,7100,7100,0
2022-01-20 09:59:00,7100,7100,7100,7100,15200
2022-01-20 10:00:00,7100,7075,7100,7075,2300
2022-01-20 10:01:00,7075,7075,7075,7075,21900
2022-01-20 10:02:00,7100,7100,7100,7100,500
2022-01-20 10:03:00,7100,7100,7100,7100,2200
2022-01-20 10:04:00,7100,7075,7100,7075,300
2022-01-20 10:05:00,7100,7075,7100,7075,2100
2022-01-20 10:06:00,7100,7100,7100,7100,100
2022-01-20 10:07:00,7100,7100,7100,7100,4300
2022-01-20 10:08:00,7100,7100,7100,7100,5200
2022-01-20 10:09:00,7100,7100,7100,7100,500
2022-01-20 10:10:00,7100,7100,7100,7100,5000
2022-01-20 10:11:00,7100,7100,7100,7100,400
2022-01-20 10:12:00,7100,7100,7100,7100,5400
2022-01-20 10:13:00,7100,7100,7100,7100,200
2022-01-20 10:14:00,7100,7100,7100,7100,0
2022-01-20 10:15:00,7100,7100,7100,7100,9000
2022-01-20 10:16:00,7100,7100,7100,7100,1700
2022-01-20 10:17:00,7100,7100,7100,7100,5300
2022-01-20 10:18:00,7100,7100,7100,7100,3700
2022-01-20 10:19:00,7100,7100,7100,7100,600
2022-01-20 10:20:00,7100,7100,7100,7100,100
2022-01-20 10:21:00,7100,7100,7125,7125,9000
2022-01-20 10:22:00,7100,7100,7100,7100,9300
2022-01-20 10:23:00,7100,7100,7100,7100,11000
2022-01-20 10:24:00,7100,7075,7100,7075,9500
2022-01-20 10:25:00,7100,7075,7100,7075,0
2022-01-20 10:26:00,7100,7100,7100,7100,300
2022-01-20 10:27:00,7100,7100,7100,7100,0
2022-01-20 10:28:00,7100,7100,7100,7100,400
2022-01-20 10:29:00,7100,7100,7100,7100,1100
2022-01-20 10:30:00,7100,7075,7100,7075,1800
2022-01-20 10:31:00,7075,7075,7075,7075,4000
2022-01-20 10:32:00,7075,7075,7075,7075,0
2022-01-20 10:33:00,7100,7075,7100,7075,300
2022-01-20 10:34:00,7100,7100,7100,7100,100
2022-01-20 10:35:00,7100,7075,7100,7075,5300
2022-01-20 10:36:00,7100,7100,7100,7100,5500
2022-01-20 10:37:00,7100,7100,7100,7100,5700
2022-01-20 10:38:00,7100,7100,7100,7100,1000
2022-01-20 10:39:00,7100,7100,7100,7100,0
2022-01-20 10:40:00,7125,7125,7125,7125,900
2022-01-20 10:41:00,7125,7125,7125,7125,2600
2022-01-20 10:42:00,7125,7125,7125,7125,1200
2022-01-20 10:43:00,7125,7125,7125,7125,200
2022-01-20 10:44:00,7125,7125,7125,7125,0
2022-01-20 10:45:00,7100,7100,7100,7100,8400
2022-01-20 10:46:00,7100,7100,7100,7100,0
2022-01-20 10:47:00,7100,7100,7100,7100,15300
2022-01-20 10:48:00,7100,7100,7100,7100,0
2022-01-20 10:49:00,7100,7100,7100,7100,0
2022-01-20 10:50:00,7100,7100,7100,7100,100
2022-01-20 10:51:00,7100,7100,7100,7100,37400
2022-01-20 10:52:00,7100,7100,7100,7100,1500
2022-01-20 10:53:00,7100,7100,7100,7100,10400
2022-01-20 10:54:00,7100,7100,7100,7100,1600
2022-01-20 10:55:00,7100,7100,7100,7100,1400
2022-01-20 10:56:00,7100,7100,7100,7100,1000
2022-01-20 10:57:00,7100,7100,7100,7100,1100
2022-01-20 10:58:00,7100,7100,7100,7100,500
2022-01-20 10:59:00,7075,7075,7100,7100,1300
2022-01-20 11:00:00,7100,7100,7100,7100,700
2022-01-20 11:01:00,7100,7100,7100,7100,10100
2022-01-20 11:02:00,7100,7100,7100,7100,3800
2022-01-20 11:03:00,7100,7075,7100,7075,8600
2022-01-20 11:04:00,7075,7075,7075,7075,3700
2022-01-20 11:05:00,7075,7075,7075,7075,0
2022-01-20 11:06:00,7075,7075,7075,7075,0
2022-01-20 11:07:00,7075,7075,7075,7075,0
2022-01-20 11:08:00,7075,7075,7100,7100,2700
2022-01-20 11:09:00,7100,7100,7100,7100,1100
2022-01-20 11:10:00,7075,7075,7075,7075,7500
2022-01-20 11:11:00,7075,7075,7075,7075,500
2022-01-20 11:12:00,7075,7075,7075,7075,200
2022-01-20 11:13:00,7100,7100,7100,7100,2000
2022-01-20 11:14:00,7100,7075,7100,7075,1300
2022-01-20 11:15:00,7100,7075,7100,7075,1500
2022-01-20 11:16:00,7075,7075,7075,7075,500
2022-01-20 11:17:00,7075,7075,7100,7100,1700
2022-01-20 11:18:00,7100,7075,7100,7075,1000
2022-01-20 11:19:00,7100,7075,7100,7075,1600
2022-01-20 11:20:00,7100,7100,7100,7100,800
2022-01-20 11:21:00,7100,7100,7100,7100,1300
2022-01-20 11:22:00,7100,7100,7100,7100,300
2022-01-20 11:23:00,7075,7075,7100,7100,2000
2022-01-20 11:24:00,7100,7100,7100,7100,1500
2022-01-20 11:25:00,7100,7100,7100,7100,1200
2022-01-20 11:26:00,7100,7100,7100,7100,1200
2022-01-20 11:27:00,7100,7100,7100,7100,6400
2022-01-20 11:28:00,7100,7100,7100,7100,4000
2022-01-20 11:29:00,7100,7100,7100,7100,500
2022-01-20 11:30:00,7100,7100,7100,7100,0
2022-01-20 11:31:00,7100,7100,7100,7100,0
2022-01-20 11:32:00,7100,7100,7100,7100,0
2022-01-20 11:33:00,7100,7100,7100,7100,0
2022-01-20 11:34:00,7100,7100,7100,7100,0
2022-01-20 11:35:00,7100,7100,7100,7100,0
2022-01-20 11:36:00,7100,7100,7100,7100,0
2022-01-20 11:37:00,7100,7100,7100,7100,0
2022-01-20 11:38:00,7100,7100,7100,7100,0
2022-01-20 11:39:00,7100,7100,7100,7100,0
2022-01-20 11:40:00,7100,7100,7100,7100,0
2022-01-20 11:41:00,7100,7100,7100,7100,0
2022-01-20 11:42:00,7100,7100,7100,7100,0
2022-01-20 11:43:00,7100,7100,7100,7100,0
2022-01-20 11:44:00,7100,7100,7100,7100,0
2022-01-20 11:45:00,7100,7100,7100,7100,0
2022-01-20 11:46:00,7100,7100,7100,7100,0
2022-01-20 11:47:00,7100,7100,7100,7100,0
2022-01-20 11:48:00,7100,7100,7100,7100,0
2022-01-20 11:49:00,7100,7100,7100,7100,0
2022-01-20 11:50:00,7100,7100,7100,7100,0
2022-01-20 11:51:00,7100,7100,7100,7100,0
2022-01-20 11:52:00,7100,7100,7100,7100,0
2022-01-20 11:53:00,7100,7100,7100,7100,0
2022-01-20 11:54:00,7100,7100,7100,7100,0
2022-01-20 11:55:00,7100,7100,7100,7100,0
2022-01-20 11:56:00,7100,7100,7100,7100,0
2022-01-20 11:57:00,7100,7100,7100,7100,0
2022-01-20 11:58:00,7100,7100,7100,7100,0
2022-01-20 11:59:00,7100,7100,7100,7100,0
2022-01-20 12:00:00,7100,7100,7100,7100,0
2022-01-20 12:01:00,7100,7100,7100,7100,0
2022-01-20 12:02:00,7100,7100,7100,7100,0
2022-01-20 12:03:00,7100,7100,7100,7100,0
2022-01-20 12:04:00,7100,7100,7100,7100,0
2022-01-20 12:05:00,7100,7100,7100,7100,0
2022-01-20 12:06:00,7100,7100,7100,7100,0
2022-01-20 12:07:00,7100,7100,7100,7100,0
2022-01-20 12:08:00,7100,7100,7100,7100,0
2022-01-20 12:09:00,7100,7100,7100,7100,0
2022-01-20 12:10:00,7100,7100,7100,7100,0
2022-01-20 12:11:00,7100,7100,7100,7100,0
2022-01-20 12:12:00,7100,7100,7100,7100,0
2022-01-20 12:13:00,7100,7100,7100,7100,0
2022-01-20 12:14:00,7100,7100,7100,7100,0
2022-01-20 12:15:00,7100,7100,7100,7100,0
2022-01-20 12:16:00,7100,7100,7100,7100,0
2022-01-20 12:17:00,7100,7100,7100,7100,0
2022-01-20 12:18:00,7100,7100,7100,7100,0
2022-01-20 12:19:00,7100,7100,7100,7100,0
2022-01-20 12:20:00,7100,7100,7100,7100,0
2022-01-20 12:21:00,7100,7100,7100,7100,0
2022-01-20 12:22:00,7100,7100,7100,7100,0
2022-01-20 12:23:00,7100,7100,7100,7100,0
2022-01-20 12:24:00,7100,7100,7100,7100,0
2022-01-20 12:25:00,7100,7100,7100,7100,0
2022-01-20 12:26:00,7100,7100,7100,7100,0
2022-01-20 12:27:00,7100,7100,7100,7100,0
2022-01-20 12:28:00,7100,7100,7100,7100,0
2022-01-20 12:29:00,7100,7100,7100,7100,0
2022-01-20 12:30:00,7100,7100,7100,7100,0
2022-01-20 12:31:00,7100,7100,7100,7100,0
2022-01-20 12:32:00,7100,7100,7100,7100,0
2022-01-20 12:33:00,7100,7100,7100,7100,0
2022-01-20 12:34:00,7100,7100,7100,7100,0
2022-01-20 12:35:00,7100,7100,7100,7100,0
2022-01-20 12:36:00,7100,7100,7100,7100,0
2022-01-20 12:37:00,7100,7100,7100,7100,0
2022-01-20 12:38:00,7100,7100,7100,7100,0
2022-01-20 12:39:00,7100,7100,7100,7100,0
2022-01-20 12:40:00,7100,7100,7100,7100,0
2022-01-20 12:41:00,7100,7100,7100,7100,0
2022-01-20 12:42:00,7100,7100,7100,7100,0
2022-01-20 12:43:00,7100,7100,7100,7100,0
2022-01-20 12:44:00,7100,7100,7100,7100,0
2022-01-20 12:45:00,7100,7100,7100,7100,0
2022-01-20 12:46:00,7100,7100,7100,7100,0
2022-01-20 12:47:00,7100,7100,7100,7100,0
2022-01-20 12:48:00,7100,7100,7100,7100,0
2022-01-20 12:49:00,7100,7100,7100,7100,0
2022-01-20 12:50:00,7100,7100,7100,7100,0
2022-01-20 12:51:00,7100,7100,7100,7100,0
2022-01-20 12:52:00,7100,7100,7100,7100,0
2022-01-20 12:53:00,7100,7100,7100,7100,0
2022-01-20 12:54:00,7100,7100,7100,7100,0
2022-01-20 12:55:00,7100,7100,7100,7100,0
2022-01-20 12:56:00,7100,7100,7100,7100,0
2022-01-20 12:57:00,7100,7100,7100,7100,0
2022-01-20 12:58:00,7100,7100,7100,7100,0
2022-01-20 12:59:00,7100,7100,7100,7100,0
2022-01-20 13:00:00,7100,7100,7100,7100,0
2022-01-20 13:01:00,7100,7100,7100,7100,0
2022-01-20 13:02:00,7100,7100,7100,7100,0
2022-01-20 13:03:00,7100,7100,7100,7100,0
2022-01-20 13:04:00,7100,7100,7100,7100,0
2022-01-20 13:05:00,7100,7100,7100,7100,0
2022-01-20 13:06:00,7100,7100,7100,7100,0
2022-01-20 13:07:00,7100,7100,7100,7100,0
2022-01-20 13:08:00,7100,7100,7100,7100,0
2022-01-20 13:09:00,7100,7100,7100,7100,0
2022-01-20 13:10:00,7100,7100,7100,7100,0
2022-01-20 13:11:00,7100,7100,7100,7100,0
2022-01-20 13:12:00,7100,7100,7100,7100,0
2022-01-20 13:13:00,7100,7100,7100,7100,0
2022-01-20 13:14:00,7100,7100,7100,7100,0
2022-01-20 13:15:00,7100,7100,7100,7100,0
2022-01-20 13:16:00,7100,7100,7100,7100,0
2022-01-20 13:17:00,7100,7100,7100,7100,0
2022-01-20 13:18:00,7100,7100,7100,7100,0
2022-01-20 13:19:00,7100,7100,7100,7100,0
2022-01-20 13:20:00,7100,7100,7100,7100,0
2022-01-20 13:21:00,7100,7100,7100,7100,0
2022-01-20 13:22:00,7100,7100,7100,7100,0
2022-01-20 13:23:00,7100,7100,7100,7100,0
2022-01-20 13:24:00,7100,7100,7100,7100,0
2022-01-20 13:25:00,7100,7100,7100,7100,0
2022-01-20 13:26:00,7100,7100,7100,7100,0
2022-01-20 13:27:00,7100,7100,7100,7100,0
2022-01-20 13:28:00,7100,7100,7100,7100,0
2022-01-20 13:29:00,7100,7100,7100,7100,0
2022-01-20 13:30:00,7100,7075,7125,7100,77200
2022-01-20 13:31:00,7100,7100,7100,7100,8600
2022-01-20 13:32:00,7100,7100,7100,7100,0
2022-01-20 13:33:00,7100,7100,7100,7100,200
2022-01-20 13:34:00,7100,7100,7100,7100,600
2022-01-20 13:35:00,7100,7100,7100,7100,700
2022-01-20 13:36:00,7100,7100,7100,7100,1100
2022-01-20 13:37:00,7100,7100,7100,7100,100
2022-01-20 13:38:00,7100,7100,7100,7100,1900
2022-01-20 13:39:00,7100,7100,7100,7100,0
2022-01-20 13:40:00,7075,7075,7100,7100,10000
2022-01-20 13:41:00,7100,7075,7100,7075,600
2022-01-20 13:42:00,7100,7075,7100,7075,97600
2022-01-20 13:43:00,7100,7075,7100,7075,0
2022-01-20 13:44:00,7075,7075,7075,7075,5100
2022-01-20 13:45:00,7075,7075,7075,7075,100
2022-01-20 13:46:00,7075,7050,7075,7050,3400
2022-01-20 13:47:00,7050,7050,7050,7050,100
2022-01-20 13:48:00,7050,7050,7050,7050,800
2022-01-20 13:49:00,7050,7050,7075,7075,4800
2022-01-20 13:50:00,7050,7050,7075,7075,1200
2022-01-20 13:51:00,7050,7050,7050,7050,300
2022-01-20 13:52:00,7050,7050,7050,7050,800
2022-01-20 13:53:00,7050,7050,7050,7050,500
2022-01-20 13:54:00,7050,7050,7050,7050,500
2022-01-20 13:55:00,7075,7075,7075,7075,100
2022-01-20 13:56:00,7050,7050,7075,7075,84000
2022-01-20 13:57:00,7100,7100,7100,7100,30000
2022-01-20 13:58:00,7100,7075,7100,7075,900
2022-01-20 13:59:00,7075,7075,7075,7075,34000
2022-01-20 14:00:00,7075,7075,7075,7075,3000
2022-01-20 14:01:00,7075,7075,7075,7075,6000
2022-01-20 14:02:00,7100,7075,7100,7075,400
2022-01-20 14:03:00,7075,7075,7075,7075,5200
2022-01-20 14:04:00,7075,7075,7100,7100,1900
2022-01-20 14:05:00,7100,7100,7100,7100,1300
2022-01-20 14:06:00,7100,7100,7100,7100,3000
2022-01-20 14:07:00,7100,7100,7100,7100,100
2022-01-20 14:08:00,7075,7075,7100,7075,18400
2022-01-20 14:09:00,7075,7075,7100,7075,0
2022-01-20 14:10:00,7075,7075,7075,7075,1600
2022-01-20 14:11:00,7075,7075,7075,7075,2800
2022-01-20 14:12:00,7075,7075,7075,7075,800
2022-01-20 14:13:00,7075,7075,7075,7075,100
2022-01-20 14:14:00,7050,7050,7050,7050,200
2022-01-20 14:15:00,7075,7075,7075,7075,200
2022-01-20 14:16:00,7075,7075,7075,7075,14100
2022-01-20 14:17:00,7075,7075,7075,7075,300
2022-01-20 14:18:00,7075,7075,7075,7075,800
2022-01-20 14:19:00,7050,7050,7050,7050,200
2022-01-20 14:20:00,7050,7050,7075,7075,1500
2022-01-20 14:21:00,7050,7050,7075,7075,300
2022-01-20 14:22:00,7075,7075,7075,7075,1800
2022-01-20 14:23:00,7075,7075,7075,7075,0
2022-01-20 14:24:00,7075,7075,7075,7075,2600
2022-01-20 14:25:00,7050,7050,7050,7050,25200
2022-01-20 14:26:00,7050,7050,7075,7075,22700
2022-01-20 14:27:00,7050,7050,7075,7050,21100
2022-01-20 14:28:00,7050,7050,7075,7050,10100
2022-01-20 14:29:00,7050,7025,7050,7050,240100
2022-01-20 14:30:00,7050,7050,7050,7050,400
2022-01-20 14:31:00,7050,7050,7050,7050,24400
2022-01-20 14:32:00,7025,7025,7025,7025,5300
2022-01-20 14:33:00,7025,7025,7025,7025,4500
2022-01-20 14:34:00,7025,7025,7050,7050,8600
2022-01-20 14:35:00,7050,7025,7050,7050,300
2022-01-20 14:36:00,7050,7050,7050,7050,600
2022-01-20 14:37:00,7050,7050,7050,7050,1900
2022-01-20 14:38:00,7050,7025,7050,7050,16900
2022-01-20 14:39:00,7050,7025,7050,7025,900
2022-01-20 14:40:00,7050,7025,7050,7025,4100
2022-01-20 14:41:00,7050,7050,7050,7050,1700
2022-01-20 14:42:00,7025,7025,7050,7050,5300
2022-01-20 14:43:00,7050,7050,7050,7050,800
2022-01-20 14:44:00,7050,7025,7050,7050,9300
2022-01-20 14:45:00,7050,7050,7050,7050,34200
2022-01-20 14:46:00,7050,7025,7050,7050,26900
2022-01-20 14:47:00,7025,7025,7050,7050,17000
2022-01-20 14:48:00,7050,7025,7050,7050,7200
2022-01-20 14:49:00,7050,7050,7050,7050,6300
2022-01-20 14:50:00,7050,7050,7050,7050,0
2022-01-20 14:51:00,7050,7050,7050,7050,0
2022-01-20 14:52:00,7050,7050,7050,7050,0
2022-01-20 14:53:00,7050,7050,7050,7050,0
2022-01-20 14:54:00,7050,7050,7050,7050,0
2022-01-20 14:55:00,7050,7050,7050,7050,0
2022-01-20 14:56:00,7050,7050,7050,7050,0
2022-01-20 14:57:00,7050,7050,7050,7050,0
2022-01-20 14:58:00,7050,7050,7050,7050,0
2022-01-20 14:59:00,7050,7050,7050,7050,0
2022-01-20 15:00:00,7050,7050,7050,7050,233600
2022-01-20 15:01:00,7050,7050,7050,7050,7700
2022-01-20 15:02:00,7050,7050,7050,7050,16400
2022-01-20 15:03:00,7050,7050,7050,7050,17500
2022-01-20 15:04:00,7050,7050,7050,7050,2000
2022-01-20 15:05:00,7050,7050,7050,7050,0
2022-01-20 15:06:00,7050,7050,7050,7050,1000
2022-01-20 15:07:00,7050,7050,7050,7050,0
2022-01-20 15:08:00,7050,7050,7050,7050,0
2022-01-20 15:09:00,7050,7050,7050,7050,2415000
2022-01-20 15:10:00,7050,7050,7050,7050,0
2022-01-20 15:11:00,7050,7050,7050,7050,0
2022-01-20 15:12:00,7050,7050,7050,7050,0
2022-01-20 15:13:00,7050,7050,7050,7050,0
2022-01-20 15:14:00,7050,7050,7050,7050,0
2022-01-20 15:15:00,7050,7050,7050,7050,0
2022-01-20 15:16:00,7050,7050,7050,7050,0
2022-01-20 15:17:00,7050,7050,7050,7050,0
2022-01-20 15:18:00,7050,7050,7050,7050,0
2022-01-20 15:19:00,7050,7050,7050,7050,0
2022-01-20 15:20:00,7050,7050,7050,7050,0
2022-01-20 15:21:00,7050,7050,7050,7050,0
2022-01-20 15:22:00,7050,7050,7050,7050,0
2022-01-20 15:23:00,7050,7050,7050,7050,0
2022-01-20 15:24:00,7050,7050,7050,7050,0
2022-01-20 15:25:00,7050,7050,7050,7050,0
2022-01-20 15:26:00,7050,7050,7050,7050,0
2022-01-20 15:27:00,7050,7050,7050,7050,0
2022-01-20 15:28:00,7050,7050,7050,7050,0
2022-01-20 15:29:00,7050,7050,7050,7050,0
2022-01-20 15:30:00,7050,7050,7050,7050,0
2022-01-20 15:31:00,7050,7050,7050,7050,0
2022-01-20 15:32:00,7050,7050,7050,7050,0
2022-01-20 15:33:00,7050,7050,7050,7050,0
2022-01-20 15:34:00,7050,7050,7050,7050,0
2022-01-20 15:35:00,7050,7050,7050,7050,0
2022-01-20 15:36:00,7050,7050,7050,7050,0
2022-01-20 15:37:00,7050,7050,7050,7050,0
2022-01-20 15:38:00,7050,7050,7050,7050,0
2022-01-20 15:39:00,7050,7050,7050,7050,0
2022-01-20 15:40:00,7050,7050,7050,7050,0
2022-01-20 15:41:00,7050,7050,7050,7050,0
2022-01-20 15:42:00,7050,7050,7050,7050,0
2022-01-20 15:43:00,7050,7050,7050,7050,0
2022-01-20 15:44:00,7050,7050,7050,7050,0
2022-01-20 15:45:00,7050,7050,7050,7050,0
2022-01-20 15:46:00,7050,7050,7050,7050,0
2022-01-20 15:47:00,7050,7050,7050,7050,0
2022-01-20 15:48:00,7050,7050,7050,7050,0
2022-01-20 15:49:00,7050,7050,7050,7050,0
2022-01-20 15:50:00,7050,7050,7050,7050,0
2022-01-20 15:51:00,7050,7050,7050,7050,0
2022-01-20 15:52:00,7050,7050,7050,7050,0
2022-01-20 15:53:00,7050,7050,7050,7050,0
2022-01-20 15:54:00,7050,7050,7050,7050,0
2022-01-20 15:55:00,7050,7050,7050,7050,0
2022-01-20 15:56:00,7050,7050,7050,7050,0
2022-01-20 15:57:00,7050,7050,7050,7050,0
2022-01-20 15:58:00,7050,7050,7050,7050,0
2022-01-20 15:59:00,7050,7050,7050,7050,0
2022-01-21 09:00:00,7050,7050,7050,7050,9400
2022-01-21 09:01:00,7050,7025,7050,7025,17700
2022-01-21 09:02:00,7025,7000,7025,7000,62100
2022-01-21 09:03:00,7000,6925,7000,6925,87300
2022-01-21 09:04:00,6925,6925,6975,6950,39300
2022-01-21 09:05:00,6950,6925,6950,6950,54500
2022-01-21 09:06:00,6950,6950,6975,6950,3800
2022-01-21 09:07:00,6950,6925,6950,6950,27400
2022-01-21 09:08:00,6950,6925,6950,6925,44200
2022-01-21 09:09:00,6925,6925,6975,6975,57700
2022-01-21 09:10:00,6975,6950,6975,6975,3400
2022-01-21 09:11:00,6975,6950,6975,6975,4900
2022-01-21 09:12:00,6975,6950,6975,6950,1900
2022-01-21 09:13:00,6950,6950,6975,6975,23300
2022-01-21 09:14:00,6950,6950,6975,6950,3400
2022-01-21 09:15:00,6975,6950,6975,6950,27500
2022-01-21 09:16:00,6950,6925,6950,6925,1700
2022-01-21 09:17:00,6925,6925,6975,6975,54200
2022-01-21 09:18:00,6950,6950,6950,6950,16100
2022-01-21 09:19:00,6925,6925,6950,6950,45700
2022-01-21 09:20:00,6975,6950,6975,6950,22600
2022-01-21 09:21:00,6950,6950,6950,6950,63300
2022-01-21 09:22:00,6950,6925,6950,6950,14300
2022-01-21 09:23:00,6950,6950,6950,6950,1300
2022-01-21 09:24:00,6950,6925,6975,6950,7000
2022-01-21 09:25:00,6975,6975,6975,6975,5500
2022-01-21 09:26:00,6975,6975,7000,7000,25700
2022-01-21 09:27:00,7000,7000,7000,7000,13100
2022-01-21 09:28:00,7000,7000,7000,7000,6200
2022-01-21 09:29:00,7025,7025,7025,7025,400
2022-01-21 09:30:00,7025,7025,7050,7050,15200
2022-01-21 09:31:00,7050,7050,7050,7050,200
2022-01-21 09:32:00,7050,7025,7050,7025,10800
2022-01-21 09:33:00,7025,7025,7025,7025,24900
2022-01-21 09:34:00,7025,7025,7025,7025,2200
2022-01-21 09:35:00,7025,7025,7025,7025,0
2022-01-21 09:36:00,7000,7000,7000,7000,3000
2022-01-21 09:37:00,7000,7000,7000,7000,1000
2022-01-21 09:38:00,7000,7000,7025,7025,400
2022-01-21 09:39:00,7025,7000,7025,7000,40000
2022-01-21 09:40:00,7025,7000,7025,7000,0
2022-01-21 09:41:00,7000,7000,7000,7000,200
2022-01-21 09:42:00,7000,7000,7000,7000,100
2022-01-21 09:43:00,7000,7000,7025,7000,17200
2022-01-21 09:44:00,7000,7000,7000,7000,700
2022-01-21 09:45:00,7000,7000,7000,7000,400
2022-01-21 09:46:00,7000,7000,7000,7000,600
2022-01-21 09:47:00,7000,7000,7025,7025,2200
2022-01-21 09:48:00,7025,7025,7025,7025,100
2022-01-21 09:49:00,7025,7025,7025,7025,2900
2022-01-21 09:50:00,7025,7000,7025,7025,18600
2022-01-21 09:51:00,7025,7025,7025,7025,3400
2022-01-21 09:52:00,7025,7025,7025,7025,0
2022-01-21 09:53:00,7025,7025,7025,7025,1000
2022-01-21 09:54:00,7025,7025,7025,7025,0
2022-01-21 09:55:00,7025,7025,7025,7025,0
2022-01-21 09:56:00,7025,7025,7025,7025,100
2022-01-21 09:57:00,7025,7025,7025,7025,200
2022-01-21 09:58:00,7000,7000,7000,7000,5100
2022-01-21 09:59:00,7000,7000,7000,7000,0
2022-01-21 10:00:00,7000,7000,7000,7000,0
2022-01-21 10:01:00,7000,7000,7000,7000,0
2022-01-21 10:02:00,7000,7000,7000,7000,0
2022-01-21 10:03:00,7000,7000,7000,7000,300
2022-01-21 10:04:00,7000,7000,7000,7000,0
2022-01-21 10:05:00,7025,7000,7025,7025,6200
2022-01-21 10:06:00,7025,7000,7025,7025,31700
2022-01-21 10:07:00,7025,7025,7025,7025,800
2022-01-21 10:08:00,7025,7000,7025,7000,3400
2022-01-21 10:09:00,7025,7025,7025,7025,1300
2022-01-21 10:10:00,7025,7025,7025,7025,400
2022-01-21 10:11:00,7025,7025,7025,7025,900
2022-01-21 10:12:00,7025,7025,7025,7025,4500
2022-01-21 10:13:00,7025,7000,7025,7000,2200
2022-01-21 10:14:00,7025,7025,7025,7025,800
2022-01-21 10:15:00,7000,7000,7025,7025,4100
2022-01-21 10:16:00,7025,7000,7025,7000,1200
2022-01-21 10:17:00,7025,7025,7025,7025,900
2022-01-21 10:18:00,7025,7025,7025,7025,5800
2022-01-21 10:19:00,7000,7000,7025,7025,500
2022-01-21 10:20:00,7000,7000,7025,7025,0
2022-01-21 10:21:00,7025,7025,7025,7025,2800
2022-01-21 10:22:00,7025,7025,7025,7025,3300
2022-01-21 10:23:00,7025,7025,7025,7025,18500
2022-01-21 10:24:00,7025,7025,7025,7025,0
2022-01-21 10:25:00,7025,7000,7025,7000,4500
2022-01-21 10:26:00,7025,7025,7025,7025,500
2022-01-21 10:27:00,7025,7025,7025,7025,3600
2022-01-21 10:28:00,7025,7025,7025,7025,0
2022-01-21 10:29:00,7025,7025,7025,7025,3000
2022-01-21 10:30:00,7025,7000,7025,7000,3000
2022-01-21 10:31:00,7025,7025,7025,7025,2800
2022-01-21 10:32:00,7025,7025,7025,7025,1000
2022-01-21 10:33:00,7025,7025,7025,7025,4500
2022-01-21 10:34:00,7025,7025,7025,7025,3100
2022-01-21 10:35:00,7025,7025,7025,7025,2900
2022-01-21 10:36:00,7025,7025,7025,7025,1000
2022-01-21 10:37:00,7025,7025,7025,7025,2200
2022-01-21 10:38:00,7025,7025,7025,7025,700
2022-01-21 10:39:00,7025,7025,7025,7025,2900
2022-01-21 10:40:00,7025,7025,7025,7025,7200
2022-01-21 10:41:00,7025,7025,7025,7025,1500
2022-01-21 10:42:00,7025,7025,7025,7025,1600
2022-01-21 10:43:00,7025,7025,7025,7025,8700
2022-01-21 10:44:00,7025,7025,7025,7025,2400
2022-01-21 10:45:00,7025,7025,7025,7025,500
2022-01-21 10:46:00,7025,7025,7025,7025,1400
2022-01-21 10:47:00,7025,7000,7025,7000,3500
2022-01-21 10:48:00,7025,7025,7025,7025,1900
2022-01-21 10:49:00,7025,7000,7025,7025,14000
2022-01-21 10:50:00,7025,7000,7025,7000,99200
2022-01-21 10:51:00,6975,6975,6975,6975,100
2022-01-21 10:52:00,6975,6975,6975,6975,0
2022-01-21 10:53:00,6975,6975,6975,6975,3500
2022-01-21 10:54:00,6975,6975,6975,6975,0
2022-01-21 10:55:00,6975,6975,7000,7000,4300
2022-01-21 10:56:00,7000,6975,7000,7000,14500
2022-01-21 10:57:00,7000,7000,7000,7000,1200
2022-01-21 10:58:00,7000,7000,7000,7000,12000
2022-01-21 10:59:00,7000,7000,7000,7000,3200
2022-01-21 11:00:00,7000,7000,7000,7000,0
2022-01-21 11:01:00,7000,7000,7000,7000,100
2022-01-21 11:02:00,7000,7000,7000,7000,300
2022-01-21 11:03:00,7025,7025,7025,7025,33300
2022-01-21 11:04:00,7025,7025,7025,7025,4500
2022-01-21 11:05:00,7025,7025,7025,7025,1300
2022-01-21 11:06:00,7025,7025,7025,7025,1500
2022-01-21 11:07:00,7025,7025,7025,7025,1200
2022-01-21 11:08:00,7025,7025,7025,7025,0
2022-01-21 11:09:00,7025,7025,7025,7025,6300
2022-01-21 11:10:00,7025,7025,7025,7025,20700
2022-01-21 11:11:00,7025,7025,7050,7050,51000
2022-01-21 11:12:00,7050,7025,7050,7025,4000
2022-01-21 11:13:00,7025,7025,7025,7025,2500
2022-01-21 11:14:00,7025,7025,7025,7025,5000
2022-01-21 11:15:00,7025,7025,7025,7025,8000
2022-01-21 11:16:00,7025,7025,7025,7025,0
2022-01-21 11:17:00,7025,7025,7025,7025,0
2022-01-21 11:18:00,7050,7050,7050,7050,100
2022-01-21 11:19:00,7025,7025,7025,7025,600
2022-01-21 11:20:00,7025,7025,7025,7025,0
2022-01-21 11:21:00,7050,7025,7050,7025,1200
2022-01-21 11:22:00,7025,7025,7025,7025,100
2022-01-21 11:23:00,7050,7050,7050,7050,2100
2022-01-21 11:24:00,7050,7050,7050,7050,1400
2022-01-21 11:25:00,7050,7050,7050,7050,200
2022-01-21 11:26:00,7050,7050,7050,7050,400
2022-01-21 11:27:00,7050,7050,7050,7050,6200
2022-01-21 11:28:00,7050,7050,7050,7050,1400
2022-01-21 11:29:00,7050,7025,7050,7050,20800
2022-01-21 11:30:00,7050,7025,7050,7050,0
2022-01-21 11:31:00,7050,7025,7050,7050,0
2022-01-21 11:32:00,7050,7025,7050,7050,0
2022-01-21 11:33:00,7050,7025,7050,7050,0
2022-01-21 11:34:00,7050,7025,7050,7050,0
2022-01-21 11:35:00,7050,7025,7050,7050,0
2022-01-21 11:36:00,7050,7025,7050,7050,0
2022-01-21 11:37:00,7050,7025,7050,7050,0
2022-01-21 11:38:00,7050,7025,7050,7050,0
2022-01-21 11:39:00,7050,7025,7050,7050,0
2022-01-21 11:40:00,7050,7025,7050,7050,0
2022-01-21 11:41:00,7050,7025,7050,7050,0
2022-01-21 11:42:00,7050,7025,7050,7050,0
2022-01-21 11:43:00,7050,7025,7050,7050,0
2022-01-21 11:44:00,7050,7025,7050,7050,0
2022-01-21 11:45:00,7050,7025,7050,7050,0
2022-01-21 11:46:00,7050,7025,7050,7050,0
2022-01-21 11:47:00,7050,7025,7050,7050,0
2022-01-21 11:48:00,7050,7025,7050,7050,0
2022-01-21 11:49:00,7050,7025,7050,7050,0
2022-01-21 11:50:00,7050,7025,7050,7050,0
2022-01-21 11:51:00,7050,7025,7050,7050,0
2022-01-21 11:52:00,7050,7025,7050,7050,0
2022-01-21 11:53:00,7050,7025,7050,7050,0
2022-01-21 11:54:00,7050,7025,7050,7050,0
2022-01-21 11:55:00,7050,7025,7050,7050,0
2022-01-21 11:56:00,7050,7025,7050,7050,0
2022-01-21 11:57:00,7050,7025,7050,7050,0
2022-01-21 11:58:00,7050,7025,7050,7050,0
2022-01-21 11:59:00,7050,7025,7050,7050,0
2022-01-21 12:00:00,7050,7025,7050,7050,0
2022-01-21 12:01:00,7050,7025,7050,7050,0
2022-01-21 12:02:00,7050,7025,7050,7050,0
2022-01-21 12:03:00,7050,7025,7050,7050,0
2022-01-21 12:04:00,7050,7025,7050,7050,0
2022-01-21 12:05:00,7050,7025,7050,7050,0
2022-01-21 12:06:00,7050,7025,7050,7050,0
2022-01-21 12:07:00,7050,7025,7050,7050,0
2022-01-21 12:08:00,7050,7025,7050,7050,0
2022-01-21 12:09:00,7050,7025,7050,7050,0
2022-01-21 12:10:00,7050,7025,7050,7050,0
2022-01-21 12:11:00,7050,7025,7050,7050,0
2022-01-21 12:12:00,7050,7025,7050,7050,0
2022-01-21 12:13:00,7050,7025,7050,7050,0
2022-01-21 12:14:00,7050,7025,7050,7050,0
2022-01-21 12:15:00,7050,7025,7050,7050,0
2022-01-21 12:16:00,7050,7025,7050,7050,0
2022-01-21 12:17:00,7050,7025,7050,7050,0
2022-01-21 12:18:00,7050,7025,7050,7050,0
2022-01-21 12:19:00,7050,7025,7050,7050,0
2022-01-21 12:20:00,7050,7025,7050,7050,0
2022-01-21 12:21:00,7050,7025,7050,7050,0
2022-01-21 12:22:00,7050,7025,7050,7050,0
2022-01-21 12:23:00,7050,7025,7050,7050,0
2022-01-21 12:24:00,7050,7025,7050,7050,0
2022-01-21 12:25:00,7050,7025,7050,7050,0
2022-01-21 12:26:00,7050,7025,7050,7050,0
2022-01-21 12:27:00,7050,7025,7050,7050,0
2022-01-21 12:28:00,7050,7025,7050,7050,0
2022-01-21 12:29:00,7050,7025,7050,7050,0
2022-01-21 12:30:00,7050,7025,7050,7050,0
2022-01-21 12:31:00,7050,7025,7050,7050,0
2022-01-21 12:32:00,7050,7025,7050,7050,0
2022-01-21 12:33:00,7050,7025,7050,7050,0
2022-01-21 12:34:00,7050,7025,7050,7050,0
2022-01-21 12:35:00,7050,7025,7050,7050,0
2022-01-21 12:36:00,7050,7025,7050,7050,0
2022-01-21 12:37:00,7050,7025,7050,7050,0
2022-01-21 12:38:00,7050,7025,7050,7050,0
2022-01-21 12:39:00,7050,7025,7050,7050,0
2022-01-21 12:40:00,7050,7025,7050,7050,0
2022-01-21 12:41:00,7050,7025,7050,7050,0
2022-01-21 12:42:00,7050,7025,7050,7050,0
2022-01-21 12:43:00,7050,7025,7050,7050,0
2022-01-21 12:44:00,7050,7025,7050,7050,0
2022-01-21 12:45:00,7050,7025,7050,7050,0
2022-01-21 12:46:00,7050,7025,7050,7050,0
2022-01-21 12:47:00,7050,7025,7050,7050,0
2022-01-21 12:48:00,7050,7025,7050,7050,0
2022-01-21 12:49:00,7050,7025,7050,7050,0
2022-01-21 12:50:00,7050,7025,7050,7050,0
2022-01-21 12:51:00,7050,7025,7050,7050,0
2022-01-21 12:52:00,7050,7025,7050,7050,0
2022-01-21 12:53:00,7050,7025,7050,7050,0
2022-01-21 12:54:00,7050,7025,7050,7050,0
2022-01-21 12:55:00,7050,7025,7050,7050,0
2022-01-21 12:56:00,7050,7025,7050,7050,0
2022-01-21 12:57:00,7050,7025,7050,7050,0
2022-01-21 12:58:00,7050,7025,7050,7050,0
2022-01-21 12:59:00,7050,7025,7050,7050,0
2022-01-21 13:00:00,7050,7025,7050,7050,0
2022-01-21 13:01:00,7050,7025,7050,7050,0
2022-01-21 13:02:00,7050,7025,7050,7050,0
2022-01-21 13:03:00,7050,7025,7050,7050,0
2022-01-21 13:04:00,7050,7025,7050,7050,0
2022-01-21 13:05:00,7050,7025,7050,7050,0
2022-01-21 13:06:00,7050,7025,7050,7050,0
2022-01-21 13:07:00,7050,7025,7050,7050,0
2022-01-21 13:08:00,7050,7025,7050,7050,0
2022-01-21 13:09:00,7050,7025,7050,7050,0
2022-01-21 13:10:00,7050,7025,7050,7050,0
2022-01-21 13:11:00,7050,7025,7050,7050,0
2022-01-21 13:12:00,7050,7025,7050,7050,0
2022-01-21 13:13:00,7050,7025,7050,7050,0
2022-01-21 13:14:00,7050,7025,7050,7050,0
2022-01-21 13:15:00,7050,7025,7050,7050,0
2022-01-21 13:16:00,7050,7025,7050,7050,0
2022-01-21 13:17:00,7050,7025,7050,7050,0
2022-01-21 13:18:00,7050,7025,7050,7050,0
2022-01-21 13:19:00,7050,7025,7050,7050,0
2022-01-21 13:20:00,7050,7025,7050,7050,0
2022-01-21 13:21:00,7050,7025,7050,7050,0
2022-01-21 13:22:00,7050,7025,7050,7050,0
2022-01-21 13:23:00,7050,7025,7050,7050,0
2022-01-21 13:24:00,7050,7025,7050,7050,0
2022-01-21 13:25:00,7050,7025,7050,7050,0
2022-01-21 13:26:00,7050,7025,7050,7050,0
2022-01-21 13:27:00,7050,7025,7050,7050,0
2022-01-21 13:28:00,7050,7025,7050,7050,0
2022-01-21 13:29:00,7050,7025,7050,7050,0
2022-01-21 13:30:00,7050,7025,7050,7025,19800
2022-01-21 13:31:00,7050,7025,7050,7025,0
2022-01-21 13:32:00,7050,7025,7050,7025,0
2022-01-21 13:33:00,7050,7025,7050,7025,0
2022-01-21 13:34:00,7050,7050,7050,7050,37200
2022-01-21 13:35:00,7050,7050,7050,7050,0
2022-01-21 13:36:00,7050,7050,7050,7050,0
2022-01-21 13:37:00,7050,7050,7050,7050,3300
2022-01-21 13:38:00,7075,7075,7075,7075,400
2022-01-21 13:39:00,7075,7075,7075,7075,19100
2022-01-21 13:40:00,7075,7075,7075,7075,4100
2022-01-21 13:41:00,7075,7075,7100,7075,1800
2022-01-21 13:42:00,7075,7075,7075,7075,1800
2022-01-21 13:43:00,7075,7050,7075,7050,3500
2022-01-21 13:44:00,7075,7050,7075,7050,0
2022-01-21 13:45:00,7075,7075,7075,7075,56400
2022-01-21 13:46:00,7075,7075,7075,7075,0
2022-01-21 13:47:00,7075,7075,7075,7075,12400
2022-01-21 13:48:00,7075,7075,7075,7075,1000
2022-01-21 13:49:00,7075,7075,7075,7075,100
2022-01-21 13:50:00,7075,7075,7075,7075,100
2022-01-21 13:51:00,7075,7075,7075,7075,46400
2022-01-21 13:52:00,7100,7075,7100,7100,42800
2022-01-21 13:53:00,7100,7100,7100,7100,41900
2022-01-21 13:54:00,7125,7100,7125,7100,6200
2022-01-21 13:55:00,7125,7100,7125,7100,200
2022-01-21 13:56:00,7100,7100,7100,7100,9400
2022-01-21 13:57:00,7100,7100,7100,7100,21000
2022-01-21 13:58:00,7100,7100,7100,7100,1400
2022-01-21 13:59:00,7100,7100,7100,7100,20000
2022-01-21 14:00:00,7100,7100,7100,7100,5500
2022-01-21 14:01:00,7100,7075,7100,7100,1200
2022-01-21 14:02:00,7100,7100,7100,7100,15600
2022-01-21 14:03:00,7075,7075,7100,7075,3300
2022-01-21 14:04:00,7100,7075,7100,7075,1500
2022-01-21 14:05:00,7075,7075,7100,7100,11400
2022-01-21 14:06:00,7100,7100,7100,7100,1200
2022-01-21 14:07:00,7100,7075,7100,7075,200
2022-01-21 14:08:00,7075,7075,7100,7100,800
2022-01-21 14:09:00,7100,7100,7100,7100,3700
2022-01-21 14:10:00,7100,7100,7100,7100,900
2022-01-21 14:11:00,7075,7075,7075,7075,100
2022-01-21 14:12:00,7075,7075,7075,7075,0
2022-01-21 14:13:00,7075,7075,7075,7075,0
2022-01-21 14:14:00,7075,7075,7075,7075,101000
2022-01-21 14:15:00,7100,7100,7100,7100,22600
2022-01-21 14:16:00,7125,7125,7125,7125,500
2022-01-21 14:17:00,7125,7125,7125,7125,47000
2022-01-21 14:18:00,7125,7125,7150,7150,32700
2022-01-21 14:19:00,7150,7150,7175,7175,158900
2022-01-21 14:20:00,7175,7175,7175,7175,2600
2022-01-21 14:21:00,7200,7175,7200,7200,96500
2022-01-21 14:22:00,7200,7200,7225,7200,44100
2022-01-21 14:23:00,7200,7175,7200,7200,11000
2022-01-21 14:24:00,7175,7175,7200,7200,1100
2022-01-21 14:25:00,7200,7200,7200,7200,2500
2022-01-21 14:26:00,7200,7150,7200,7150,72700
2022-01-21 14:27:00,7150,7150,7175,7175,6900
2022-01-21 14:28:00,7175,7175,7175,7175,300
2022-01-21 14:29:00,7175,7175,7175,7175,16300
2022-01-21 14:30:00,7175,7175,7175,7175,31200
2022-01-21 14:31:00,7175,7150,7175,7175,8600
2022-01-21 14:32:00,7150,7150,7150,7150,23600
2022-01-21 14:33:00,7150,7150,7150,7150,0
2022-01-21 14:34:00,7175,7175,7175,7175,23200
2022-01-21 14:35:00,7175,7175,7200,7200,10800
2022-01-21 14:36:00,7175,7175,7200,7175,3200
2022-01-21 14:37:00,7175,7175,7175,7175,16200
2022-01-21 14:38:00,7175,7175,7175,7175,7200
2022-01-21 14:39:00,7175,7175,7175,7175,1400
2022-01-21 14:40:00,7175,7175,7175,7175,3200
2022-01-21 14:41:00,7175,7150,7175,7150,5000
2022-01-21 14:42:00,7175,7150,7200,7175,41500
2022-01-21 14:43:00,7175,7175,7175,7175,200
2022-01-21 14:44:00,7200,7175,7200,7175,36600
2022-01-21 14:45:00,7150,7150,7150,7150,400
2022-01-21 14:46:00,7175,7150,7175,7150,32600
2022-01-21 14:47:00,7150,7150,7150,7150,27400
2022-01-21 14:48:00,7175,7150,7175,7150,80400
2022-01-21 14:49:00,7175,7150,7175,7175,18000
2022-01-21 14:50:00,7175,7175,7175,7175,10000
2022-01-21 14:51:00,7175,7175,7175,7175,0
2022-01-21 14:52:00,7175,7175,7175,7175,0
2022-01-21 14:53:00,7175,7175,7175,7175,0
2022-01-21 14:54:00,7175,7175,7175,7175,0
2022-01-21 14:55:00,7175,7175,7175,7175,0
2022-01-21 14:56:00,7175,7175,7175,7175,0
2022-01-21 14:57:00,7175,7175,7175,7175,0
2022-01-21 14:58:00,7175,7175,7175,7175,0
2022-01-21 14:59:00,7175,7175,7175,7175,0
2022-01-21 15:00:00,7175,7175,7175,7175,126200
2022-01-21 15:01:00,7175,7175,7175,7175,112300
2022-01-21 15:02:00,7175,7175,7175,7175,700
2022-01-21 15:03:00,7175,7175,7175,7175,84500
2022-01-21 15:04:00,7175,7175,7175,7175,12600
2022-01-21 15:05:00,7175,7175,7175,7175,13800
2022-01-21 15:06:00,7175,7175,7175,7175,300
2022-01-21 15:07:00,7175,7175,7175,7175,0
2022-01-21 15:08:00,7175,7175,7175,7175,21800
2022-01-21 15:09:00,7175,7175,7175,7175,4100
2022-01-21 15:10:00,7175,7175,7175,7175,0
2022-01-21 15:11:00,7175,7175,7175,7175,400
2022-01-21 15:12:00,7175,7175,7175,7175,100
2022-01-21 15:13:00,7175,7175,7175,7175,0
2022-01-21 15:14:00,7175,7175,7175,7175,0
2022-01-21 15:15:00,7175,7175,7175,7175,0
2022-01-21 15:16:00,7175,7175,7175,7175,0
2022-01-21 15:17:00,7175,7175,7175,7175,0
2022-01-21 15:18:00,7175,7175,7175,7175,0
2022-01-21 15:19:00,7175,7175,7175,7175,0
2022-01-21 15:20:00,7175,7175,7175,7175,0
2022-01-21 15:21:00,7175,7175,7175,7175,0
2022-01-21 15:22:00,7175,7175,7175,7175,0
2022-01-21 15:23:00,7175,7175,7175,7175,0
2022-01-21 15:24:00,7175,7175,7175,7175,0
2022-01-21 15:25:00,7175,7175,7175,7175,0
2022-01-21 15:26:00,7175,7175,7175,7175,0
2022-01-21 15:27:00,7175,7175,7175,7175,0
2022-01-21 15:28:00,7175,7175,7175,7175,0
2022-01-21 15:29:00,7175,7175,7175,7175,0
2022-01-21 15:30:00,7175,7175,7175,7175,0
2022-01-21 15:31:00,7175,7175,7175,7175,0
2022-01-21 15:32:00,7175,7175,7175,7175,0
2022-01-21 15:33:00,7175,7175,7175,7175,0
2022-01-21 15:34:00,7175,7175,7175,7175,0
2022-01-21 15:35:00,7175,7175,7175,7175,0
2022-01-21 15:36:00,7175,7175,7175,7175,0
2022-01-21 15:37:00,7175,7175,7175,7175,0
2022-01-21 15:38:00,7175,7175,7175,7175,0
2022-01-21 15:39:00,7175,7175,7175,7175,0
2022-01-21 15:40:00,7175,7175,7175,7175,0
2022-01-21 15:41:00,7175,7175,7175,7175,0
2022-01-21 15:42:00,7175,7175,7175,7175,0
2022-01-21 15:43:00,7175,7175,7175,7175,0
2022-01-21 15:44:00,7175,7175,7175,7175,0
2022-01-21 15:45:00,7175,7175,7175,7175,0
2022-01-21 15:46:00,7175,7175,7175,7175,0
2022-01-21 15:47:00,7175,7175,7175,7175,0
2022-01-21 15:48:00,7175,7175,7175,7175,0
2022-01-21 15:49:00,7175,7175,7175,7175,0
2022-01-21 15:50:00,7175,7175,7175,7175,0
2022-01-21 15:51:00,7175,7175,7175,7175,0
2022-01-21 15:52:00,7175,7175,7175,7175,0
2022-01-21 15:53:00,7175,7175,7175,7175,0
2022-01-21 15:54:00,7175,7175,7175,7175,0
2022-01-21 15:55:00,7175,7175,7175,7175,0
2022-01-21 15:56:00,7175,7175,7175,7175,0
2022-01-21 15:57:00,7175,7175,7175,7175,0
2022-01-21 15:58:00,7175,7175,7175,7175,0
2022-01-21 15:59:00,7175,7175,7175,7175,0
2022-01-24 09:00:00,6900,6900,6900,6900,0
2022-01-24 09:01:00,6900,6900,6900,6900,0
2022-01-24 09:02:00,6900,6900,6900,6900,0
2022-01-24 09:03:00,6900,6900,6900,6900,0
2022-01-24 09:04:00,6900,6900,6900,6900,0
2022-01-24 09:05:00,6900,6900,6900,6900,0
2022-01-24 09:06:00,6900,6900,6900,6900,0
2022-01-24 09:07:00,6900,6900,6900,6900,0
2022-01-24 09:08:00,6900,6900,6900,6900,0
2022-01-24 09:09:00,6900,6900,6900,6900,0
2022-01-24 09:10:00,6900,6900,6900,6900,0
2022-01-24 09:11:00,6900,6900,6900,6900,0
2022-01-24 09:12:00,6900,6900,6900,6900,0
2022-01-24 09:13:00,6900,6900,6900,6900,0
2022-01-24 09:14:00,6900,6900,6900,6900,0
2022-01-24 09:15:00,6900,6900,6900,6900,0
2022-01-24 09:16:00,6900,6900,6900,6900,0
2022-01-24 09:17:00,6900,6900,6900,6900,0
2022-01-24 09:18:00,6900,6900,6900,6900,0
2022-01-24 09:19:00,6900,6900,6900,6900,0
2022-01-24 09:20:00,6900,6900,6900,6900,0
2022-01-24 09:21:00,6900,6900,6900,6900,0
2022-01-24 09:22:00,6900,6900,6900,6900,0
2022-01-24 09:23:00,6900,6900,6900,6900,0
2022-01-24 09:24:00,6900,6900,6900,6900,0
2022-01-24 09:25:00,6900,6900,6900,6900,0
2022-01-24 09:26:00,6900,6900,6900,6900,0
2022-01-24 09:27:00,6900,6900,6900,6900,0
2022-01-24 09:28:00,6900,6900,6900,6900,0
2022-01-24 09:29:00,6900,6900,6900,6900,0
2022-01-24 09:30:00,6900,6900,6900,6900,0
2022-01-24 09:31:00,6900,6900,6900,6900,0
2022-01-24 09:32:00,6900,6900,6900,6900,0
2022-01-24 09:33:00,6900,6900,6900,6900,0
2022-01-24 09:34:00,6900,6900,6900,6900,0
2022-01-24 09:35:00,6900,6900,6900,6900,0
2022-01-24 09:36:00,6900,6900,6900,6900,0
2022-01-24 09:37:00,6900,6900,6900,6900,0
2022-01-24 09:38:00,6900,6900,6900,6900,0
2022-01-24 09:39:00,6900,6900,6900,6900,0
2022-01-24 09:40:00,6900,6900,6900,6900,0
2022-01-24 09:41:00,6900,6900,6900,6900,0
2022-01-24 09:42:00,6900,6900,6900,6900,0
2022-01-24 09:43:00,6900,6900,6900,6900,0
2022-01-24 09:44:00,6900,6900,6900,6900,0
2022-01-24 09:45:00,6900,6900,6900,6900,0
2022-01-24 09:46:00,6900,6900,6900,6900,0
2022-01-24 09:47:00,6900,6900,6900,6900,0
2022-01-24 09:48:00,6900,6900,6900,6900,0
2022-01-24 09:49:00,6900,6900,6900,6900,0
2022-01-24 09:50:00,6900,6900,6900,6900,0
2022-01-24 09:51:00,6900,6900,6900,6900,0
2022-01-24 09:52:00,6900,6900,6900,6900,0
2022-01-24 09:53:00,6900,6900,6900,6900,0
2022-01-24 09:54:00,6900,6900,6900,6900,0
2022-01-24 09:55:00,6900,6900,6900,6900,0
2022-01-24 09:56:00,6900,6900,6900,6900,0
2022-01-24 09:57:00,6900,6900,6900,6900,0
2022-01-24 09:58:00,6900,6900,6900,6900,0
2022-01-24 09:59:00,6900,6900,6900,6900,0
2022-01-24 10:00:00,6900,6900,6900,6900,0
2022-01-24 10:01:00,6900,6900,6900,6900,0
2022-01-24 10:02:00,6900,6900,6900,6900,0
2022-01-24 10:03:00,6900,6900,6900,6900,0
2022-01-24 10:04:00,6900,6900,6900,6900,0
2022-01-24 10:05:00,6900,6900,6900,6900,0
2022-01-24 10:06:00,6900,6900,6900,6900,0
2022-01-24 10:07:00,6900,6900,6900,6900,0
2022-01-24 10:08:00,6900,6900,6900,6900,0
2022-01-24 10:09:00,6900,6900,6900,6900,0
2022-01-24 10:10:00,6900,6900,6900,6900,0
2022-01-24 10:11:00,6900,6900,6900,6900,0
2022-01-24 10:12:00,6900,6900,6900,6900,0
2022-01-24 10:13:00,6900,6900,6900,6900,0
2022-01-24 10:14:00,6900,6900,6900,6900,0
2022-01-24 10:15:00,6900,6900,6900,6900,0
2022-01-24 10:16:00,6900,6900,6900,6900,0
2022-01-24 10:17:00,6900,6900,6900,6900,0
2022-01-24 10:18:00,6900,6900,6900,6900,0
2022-01-24 10:19:00,6900,6900,6900,6900,0
2022-01-24 10:20:00,6900,6900,6900,6900,0
2022-01-24 10:21:00,6900,6900,6900,6900,0
2022-01-24 10:22:00,6900,6900,6900,6900,0
2022-01-24 10:23:00,6900,6900,6900,6900,0
2022-01-24 10:24:00,6900,6900,6900,6900,0
2022-01-24 10:25:00,6900,6900,6900,6900,0
2022-01-24 10:26:00,6900,6900,6900,6900,0
2022-01-24 10:27:00,6900,6900,6900,6900,0
2022-01-24 10:28:00,6900,6900,6900,6900,0
2022-01-24 10:29:00,6900,6900,6900,6900,0
2022-01-24 10:30:00,6900,6900,6900,6900,0
2022-01-24 10:31:00,6900,6900,6900,6900,0
2022-01-24 10:32:00,6900,6900,6900,6900,0
2022-01-24 10:33:00,6900,6900,6900,6900,0
2022-01-24 10:34:00,6900,6900,6900,6900,0
2022-01-24 10:35:00,6900,6900,6900,6900,0
2022-01-24 10:36:00,6900,6900,6900,6900,0
2022-01-24 10:37:00,6900,6900,6900,6900,0
2022-01-24 10:38:00,6900,6900,6900,6900,0
2022-01-24 10:39:00,6900,6900,6900,6900,0
2022-01-24 10:40:00,6900,6900,6900,6900,0
2022-01-24 10:41:00,6900,6900,6900,6900,0
2022-01-24 10:42:00,6900,6900,6900,6900,0
2022-01-24 10:43:00,6900,6900,6900,6900,0
2022-01-24 10:44:00,6900,6900,6900,6900,0
2022-01-24 10:45:00,6900,6900,6900,6900,0
2022-01-24 10:46:00,6900,6900,6900,6900,0
2022-01-24 10:47:00,6900,6900,6900,6900,0
2022-01-24 10:48:00,6900,6900,6900,6900,0
2022-01-24 10:49:00,6900,6900,6900,6900,0
2022-01-24 10:50:00,6900,6900,6900,6900,0
2022-01-24 10:51:00,6900,6900,6900,6900,0
2022-01-24 10:52:00,6900,6900,6900,6900,0
2022-01-24 10:53:00,6900,6900,6900,6900,0
2022-01-24 10:54:00,6900,6900,6900,6900,0
2022-01-24 10:55:00,6900,6900,6900,6900,0
2022-01-24 10:56:00,6900,6900,6900,6900,0
2022-01-24 10:57:00,6900,6900,6900,6900,0
2022-01-24 10:58:00,6900,6900,6900,6900,0
2022-01-24 10:59:00,6900,6900,6900,6900,0
2022-01-24 11:00:00,6900,6900,6900,6900,0
2022-01-24 11:01:00,6900,6900,6900,6900,0
2022-01-24 11:02:00,6900,6900,6900,6900,0
2022-01-24 11:03:00,6900,6900,6900,6900,0
2022-01-24 11:04:00,6900,6900,6900,6900,0
2022-01-24 11:05:00,6900,6900,6900,6900,0
2022-01-24 11:06:00,6900,6900,6900,6900,0
2022-01-24 11:07:00,6900,6900,6900,6900,0
2022-01-24 11:08:00,6900,6900,6900,6900,0
2022-01-24 11:09:00,6900,6900,6900,6900,0
2022-01-24 11:10:00,6900,6900,6900,6900,0
2022-01-24 11:11:00,6900,6900,6900,6900,0
2022-01-24 11:12:00,6900,6900,6900,6900,0
2022-01-24 11:13:00,6900,6900,6900,6900,0
2022-01-24 11:14:00,6900,6900,6900,6900,0
2022-01-24 11:15:00,6900,6900,6900,6900,0
2022-01-24 11:16:00,6900,6900,6900,6900,0
2022-01-24 11:17:00,6900,6900,6900,6900,0
2022-01-24 11:18:00,6900,6900,6900,6900,0
2022-01-24 11:19:00,6900,6900,6900,6900,0
2022-01-24 11:20:00,6900,6900,6900,6900,0
2022-01-24 11:21:00,6900,6900,6900,6900,0
2022-01-24 11:22:00,6900,6900,6900,6900,0
2022-01-24 11:23:00,6900,6900,6900,6900,0
2022-01-24 11:24:00,6900,6900,6900,6900,0
2022-01-24 11:25:00,6900,6900,6900,6900,0
2022-01-24 11:26:00,6900,6900,6900,6900,0
2022-01-24 11:27:00,6900,6900,6900,6900,0
2022-01-24 11:28:00,6900,6900,6900,6900,0
2022-01-24 11:29:00,6900,6900,6900,6900,0
2022-01-24 11:30:00,6900,6900,6900,6900,0
2022-01-24 11:31:00,6900,6900,6900,6900,0
2022-01-24 11:32:00,6900,6900,6900,6900,0
2022-01-24 11:33:00,6900,6900,6900,6900,0
2022-01-24 11:34:00,6900,6900,6900,6900,0
2022-01-24 11:35:00,6900,6900,6900,6900,0
2022-01-24 11:36:00,6900,6900,6900,6900,0
2022-01-24 11:37:00,6900,6900,6900,6900,0
2022-01-24 11:38:00,6900,6900,6900,6900,0
2022-01-24 11:39:00,6900,6900,6900,6900,0
2022-01-24 11:40:00,6900,6900,6900,6900,0
2022-01-24 11:41:00,6900,6900,6900,6900,0
2022-01-24 11:42:00,6900,6900,6900,6900,0
2022-01-24 11:43:00,6900,6900,6900,6900,0
2022-01-24 11:44:00,6900,6900,6900,6900,0
2022-01-24 11:45:00,6900,6900,6900,6900,0
2022-01-24 11:46:00,6900,6900,6900,6900,0
2022-01-24 11:47:00,6900,6900,6900,6900,0
2022-01-24 11:48:00,6900,6900,6900,6900,0
2022-01-24 11:49:00,6900,6900,6900,6900,0
2022-01-24 11:50:00,6900,6900,6900,6900,0
2022-01-24 11:51:00,6900,6900,6900,6900,0
2022-01-24 11:52:00,6900,6900,6900,6900,0
2022-01-24 11:53:00,6900,6900,6900,6900,0
2022-01-24 11:54:00,6900,6900,6900,6900,0
2022-01-24 11:55:00,6900,6900,6900,6900,0
2022-01-24 11:56:00,6900,6900,6900,6900,0
2022-01-24 11:57:00,6900,6900,6900,6900,0
2022-01-24 11:58:00,6900,6900,6900,6900,0
2022-01-24 11:59:00,6900,6900,6900,6900,0
2022-01-24 12:00:00,6900,6900,6900,6900,0
2022-01-24 12:01:00,6900,6900,6900,6900,0
2022-01-24 12:02:00,6900,6900,6900,6900,0
2022-01-24 12:03:00,6900,6900,6900,6900,0
2022-01-24 12:04:00,6900,6900,6900,6900,0
2022-01-24 12:05:00,6900,6900,6900,6900,0
2022-01-24 12:06:00,6900,6900,6900,6900,0
2022-01-24 12:07:00,6900,6900,6900,6900,0
2022-01-24 12:08:00,6900,6900,6900,6900,0
2022-01-24 12:09:00,6900,6900,6900,6900,0
2022-01-24 12:10:00,6900,6900,6900,6900,0
2022-01-24 12:11:00,6900,6900,6900,6900,0
2022-01-24 12:12:00,6900,6900,6900,6900,0
2022-01-24 12:13:00,6900,6900,6900,6900,0
2022-01-24 12:14:00,6900,6900,6900,6900,0
2022-01-24 12:15:00,6900,6900,6900,6900,0
2022-01-24 12:16:00,6900,6900,6900,6900,0
2022-01-24 12:17:00,6900,6900,6900,6900,0
2022-01-24 12:18:00,6900,6900,6900,6900,0
2022-01-24 12:19:00,6900,6900,6900,6900,0
2022-01-24 12:20:00,6900,6900,6900,6900,0
2022-01-24 12:21:00,6900,6900,6900,6900,0
2022-01-24 12:22:00,6900,6900,6900,6900,0
2022-01-24 12:23:00,6900,6900,6900,6900,0
2022-01-24 12:24:00,6900,6900,6900,6900,0
2022-01-24 12:25:00,6900,6900,6900,6900,0
2022-01-24 12:26:00,6900,6900,6900,6900,0
2022-01-24 12:27:00,6900,6900,6900,6900,0
2022-01-24 12:28:00,6900,6900,6900,6900,0
2022-01-24 12:29:00,6900,6900,6900,6900,0
2022-01-24 12:30:00,6900,6900,6900,6900,0
2022-01-24 12:31:00,6900,6900,6900,6900,0
2022-01-24 12:32:00,6900,6900,6900,6900,0
2022-01-24 12:33:00,6900,6900,6900,6900,0
2022-01-24 12:34:00,6900,6900,6900,6900,0
2022-01-24 12:35:00,6900,6900,6900,6900,0
2022-01-24 12:36:00,6900,6900,6900,6900,0
2022-01-24 12:37:00,6900,6900,6900,6900,0
2022-01-24 12:38:00,6900,6900,6900,6900,0
2022-01-24 12:39:00,6900,6900,6900,6900,0
2022-01-24 12:40:00,6900,6900,6900,6900,0
2022-01-24 12:41:00,6900,6900,6900,6900,0
2022-01-24 12:42:00,6900,6900,6900,6900,0
2022-01-24 12:43:00,6900,6900,6900,6900,0
2022-01-24 12:44:00,6900,6900,6900,6900,0
2022-01-24 12:45:00,6900,6900,6900,6900,0
2022-01-24 12:46:00,6900,6900,6900,6900,0
2022-01-24 12:47:00,6900,6900,6900,6900,0
2022-01-24 12:48:00,6900,6900,6900,6900,0
2022-01-24 12:49:00,6900,6900,6900,6900,0
2022-01-24 12:50:00,6900,6900,6900,6900,0
2022-01-24 12:51:00,6900,6900,6900,6900,0
2022-01-24 12:52:00,6900,6900,6900,6900,0
2022-01-24 12:53:00,6900,6900,6900,6900,0
2022-01-24 12:54:00,6900,6900,6900,6900,0
2022-01-24 12:55:00,6900,6900,6900,6900,0
2022-01-24 12:56:00,6900,6900,6900,6900,0
2022-01-24 12:57:00,6900,6900,6900,6900,0
2022-01-24 12:58:00,6900,6900,6900,6900,0
2022-01-24 12:59:00,6900,6900,6900,6900,0
2022-01-24 13:00:00,6900,6900,6900,6900,0
2022-01-24 13:01:00,6900,6900,6900,6900,0
2022-01-24 13:02:00,6900,6900,6900,6900,0
2022-01-24 13:03:00,6900,6900,6900,6900,0
2022-01-24 13:04:00,6900,6900,6900,6900,0
2022-01-24 13:05:00,6900,6900,6900,6900,0
2022-01-24 13:06:00,6900,6900,6900,6900,0
2022-01-24 13:07:00,6900,6900,6900,6900,0
2022-01-24 13:08:00,6900,6900,6900,6900,0
2022-01-24 13:09:00,6900,6900,6900,6900,0
2022-01-24 13:10:00,6900,6900,6900,6900,0
2022-01-24 13:11:00,6900,6900,6900,6900,0
2022-01-24 13:12:00,6900,6900,6900,6900,0
2022-01-24 13:13:00,6900,6900,6900,6900,0
2022-01-24 13:14:00,6900,6900,6900,6900,0
2022-01-24 13:15:00,6900,6900,6900,6900,0
2022-01-24 13:16:00,6900,6900,6900,6900,0
2022-01-24 13:17:00,6900,6900,6900,6900,0
2022-01-24 13:18:00,6900,6900,6900,6900,0
2022-01-24 13:19:00,6900,6900,6900,6900,0
2022-01-24 13:20:00,6900,6900,6900,6900,0
2022-01-24 13:21:00,6900,6900,6900,6900,0
2022-01-24 13:22:00,6900,6900,6900,6900,0
2022-01-24 13:23:00,6900,6900,6900,6900,0
2022-01-24 13:24:00,6900,6900,6900,6900,0
2022-01-24 13:25:00,6900,6900,6900,6900,0
2022-01-24 13:26:00,6900,6900,6900,6900,0
2022-01-24 13:27:00,6900,6900,6900,6900,0
2022-01-24 13:28:00,6900,6900,6900,6900,0
2022-01-24 13:29:00,6900,6900,6900,6900,0
2022-01-24 13:30:00,6900,6900,6900,6900,0
2022-01-24 13:31:00,6900,6900,6900,6900,0
2022-01-24 13:32:00,6900,6900,6900,6900,0
2022-01-24 13:33:00,6900,6900,6900,6900,0
2022-01-24 13:34:00,6900,6900,6900,6900,0
2022-01-24 13:35:00,6900,6900,6900,6900,0
2022-01-24 13:36:00,6900,6900,6900,6900,0
2022-01-24 13:37:00,6900,6900,6900,6900,0
2022-01-24 13:38:00,6900,6900,6900,6900,0
2022-01-24 13:39:00,6900,6900,6900,6900,0
2022-01-24 13:40:00,6900,6900,6900,6900,0
2022-01-24 13:41:00,6900,6900,6900,6900,0
2022-01-24 13:42:00,6900,6900,6900,6900,0
2022-01-24 13:43:00,6900,6900,6900,6900,0
2022-01-24 13:44:00,6900,6900,6900,6900,0
2022-01-24 13:45:00,6900,6900,6900,6900,0
2022-01-24 13:46:00,6900,6900,6900,6900,0
2022-01-24 13:47:00,6900,6900,6900,6900,0
2022-01-24 13:48:00,6900,6900,6900,6900,0
2022-01-24 13:49:00,6900,6900,6900,6900,0
2022-01-24 13:50:00,6900,6900,6900,6900,0
2022-01-24 13:51:00,6900,6900,6900,6900,0
2022-01-24 13:52:00,6900,6900,6900,6900,0
2022-01-24 13:53:00,6900,6900,6900,6900,0
2022-01-24 13:54:00,6900,6900,6900,6900,0
2022-01-24 13:55:00,6900,6900,6900,6900,0
2022-01-24 13:56:00,6900,6900,6900,6900,0
2022-01-24 13:57:00,6900,6900,6900,6900,0
2022-01-24 13:58:00,6900,6900,6900,6900,0
2022-01-24 13:59:00,6900,6900,6900,6900,0
2022-01-24 14:00:00,6900,6900,6900,6900,0
2022-01-24 14:01:00,6900,6900,6900,6900,0
2022-01-24 14:02:00,6900,6900,6900,6900,0
2022-01-24 14:03:00,6900,6900,6900,6900,0
2022-01-24 14:04:00,6900,6900,6900,6900,0
2022-01-24 14:05:00,6900,6900,6900,6900,0
2022-01-24 14:06:00,6900,6900,6900,6900,0
2022-01-24 14:07:00,6900,6900,6900,6900,0
2022-01-24 14:08:00,6900,6900,6900,6900,0
2022-01-24 14:09:00,6900,6900,6900,6900,0
2022-01-24 14:10:00,6900,6900,6900,6900,0
2022-01-24 14:11:00,6900,6900,6900,6900,0
2022-01-24 14:12:00,6900,6900,6900,6900,0
2022-01-24 14:13:00,6900,6900,6900,6900,0
2022-01-24 14:14:00,6900,6900,6900,6900,0
2022-01-24 14:15:00,6900,6900,6900,6900,0
2022-01-24 14:16:00,6900,6900,6900,6900,0
2022-01-24 14:17:00,6900,6900,6900,6900,0
2022-01-24 14:18:00,6900,6900,6900,6900,0
2022-01-24 14:19:00,6900,6900,6900,6900,0
2022-01-24 14:20:00,6900,6900,6900,6900,0
2022-01-24 14:21:00,6900,6900,6900,6900,0
2022-01-24 14:22:00,6900,6900,6900,6900,0
2022-01-24 14:23:00,6900,6900,6900,6900,0
2022-01-24 14:24:00,6900,6900,6900,6900,0
2022-01-24 14:25:00,6900,6900,6900,6900,0
2022-01-24 14:26:00,6900,6900,6900,6900,0
2022-01-24 14:27:00,6900,6900,6900,6900,0
2022-01-24 14:28:00,6900,6900,6900,6900,0
2022-01-24 14:29:00,6900,6900,6900,6900,0
2022-01-24 14:30:00,6900,6900,6900,6900,0
2022-01-24 14:31:00,6900,6900,6900,6900,0
2022-01-24 14:32:00,6900,6900,6900,6900,0
2022-01-24 14:33:00,6900,6900,6900,6900,0
2022-01-24 14:34:00,6900,6900,6900,6900,0
2022-01-24 14:35:00,6900,6900,6900,6900,0
2022-01-24 14:36:00,6900,6900,6900,6900,0
2022-01-24 14:37:00,6900,6900,6900,6900,0
2022-01-24 14:38:00,6900,6900,6900,6900,0
2022-01-24 14:39:00,6900,6900,6900,6900,0
2022-01-24 14:40:00,6900,6900,6900,6900,0
2022-01-24 14:41:00,6900,6900,6900,6900,0
2022-01-24 14:42:00,6900,6900,6900,6900,0
2022-01-24 14:43:00,6900,6900,6900,6900,0
2022-01-24 14:44:00,6900,6900,6900,6900,0
2022-01-24 14:45:00,6900,6900,6900,6900,0
2022-01-24 14:46:00,6900,6900,6900,6900,0
2022-01-24 14:47:00,6900,6900,6900,6900,0
2022-01-24 14:48:00,6900,6900,6900,6900,0
2022-01-24 14:49:00,6900,6900,6900,6900,0
2022-01-24 14:50:00,6900,6900,6900,6900,0
2022-01-24 14:51:00,6900,6900,6900,6900,0
2022-01-24 14:52:00,6900,6900,6900,6900,0
2022-01-24 14:53:00,6900,6900,6900,6900,0
2022-01-24 14:54:00,6900,6900,6900,6900,0
2022-01-24 14:55:00,6900,6900,6900,6900,0
2022-01-24 14:56:00,6900,6900,6900,6900,0
2022-01-24 14:57:00,6900,6900,6900,6900,0
2022-01-24 14:58:00,6900,6900,6900,6900,0
2022-01-24 14:59:00,6900,6900,6900,6900,0
2022-01-24 15:00:00,6900,6900,6900,6900,0
2022-01-24 15:01:00,6900,6900,6900,6900,0
2022-01-24 15:02:00,6900,6900,6900,6900,0
2022-01-24 15:03:00,6900,6900,6900,6900,0
2022-01-24 15:04:00,6900,6900,6900,6900,0
2022-01-24 15:05:00,6900,6900,6900,6900,0
2022-01-24 15:06:00,6900,6900,6900,6900,0
2022-01-24 15:07:00,6900,6900,6900,6900,0
2022-01-24 15:08:00,6900,6900,6900,6900,0
2022-01-24 15:09:00,6900,6900,6900,6900,0
2022-01-24 15:10:00,6900,6900,6900,6900,0
2022-01-24 15:11:00,6900,6900,6900,6900,0
2022-01-24 15:12:00,6900,6900,6900,6900,0
2022-01-24 15:13:00,6900,6900,6900,6900,0
2022-01-24 15:14:00,6900,6900,6900,6900,0
2022-01-24 15:15:00,6900,6900,6900,6900,0
2022-01-24 15:16:00,6900,6900,6900,6900,0
2022-01-24 15:17:00,6900,6900,6900,6900,0
2022-01-24 15:18:00,6900,6900,6900,6900,0
2022-01-24 15:19:00,6900,6900,6900,6900,0
2022-01-24 15:20:00,6900,6900,6900,6900,0
2022-01-24 15:21:00,6900,6900,6900,6900,0
2022-01-24 15:22:00,6900,6900,6900,6900,0
2022-01-24 15:23:00,6900,6900,6900,6900,0
2022-01-24 15:24:00,6900,6900,6900,6900,0
2022-01-24 15:25:00,6900,6900,6900,6900,0
2022-01-24 15:26:00,6900,6900,6900,6900,0
2022-01-24 15:27:00,6900,6900,6900,6900,0
2022-01-24 15:28:00,6900,6900,6900,6900,0
2022-01-24 15:29:00,6900,6900,6900,6900,0
2022-01-24 15:30:00,6900,6900,6900,6900,0
2022-01-24 15:31:00,6900,6900,6900,6900,0
2022-01-24 15:32:00,6900,6900,6900,6900,0
2022-01-24 15:33:00,6900,6900,6900,6900,0
2022-01-24 15:34:00,6900,6900,6900,6900,0
2022-01-24 15:35:00,6900,6900,6900,6900,0
2022-01-24 15:36:00,6900,6900,6900,6900,0
2022-01-24 15:37:00,6900,6900,6900,6900,0
2022-01-24 15:38:00,6900,6900,6900,6900,0
2022-01-24 15:39:00,6900,6900,6900,6900,0
2022-01-24 15:40:00,6900,6900,6900,6900,0
2022-01-24 15:41:00,6900,6900,6900,6900,0
2022-01-24 15:42:00,6900,6900,6900,6900,0
2022-01-24 15:43:00,6900,6900,6900,6900,0
2022-01-24 15:44:00,6900,6900,6900,6900,0
2022-01-24 15:45:00,6900,6900,6900,6900,0
2022-01-24 15:46:00,6900,6900,6900,6900,0
2022-01-24 15:47:00,6900,6900,6900,6900,0
2022-01-24 15:48:00,6900,6900,6900,6900,0
2022-01-24 15:49:00,6900,6900,6900,6900,0
2022-01-24 15:50:00,6900,6900,6900,6900,0
2022-01-24 15:51:00,6900,6900,6900,6900,0
2022-01-24 15:52:00,6900,6900,6900,6900,0
2022-01-24 15:53:00,6900,6900,6900,6900,0
2022-01-24 15:54:00,6900,6900,6900,6900,0
2022-01-24 15:55:00,6900,6900,6900,6900,0
2022-01-24 15:56:00,6900,6900,6900,6900,0
2022-01-24 15:57:00,6900,6900,6900,6900,0
2022-01-24 15:58:00,6900,6900,6900,6900,0
2022-01-24 15:59:00,6900,6900,6900,6900,0
2022-01-25 09:00:00,6900,6900,6900,6900,0
2022-01-25 09:01:00,6900,6900,6900,6900,0
2022-01-25 09:02:00,6900,6900,6900,6900,0
2022-01-25 09:03:00,6900,6900,6900,6900,0
2022-01-25 09:04:00,6900,6900,6900,6900,0
2022-01-25 09:05:00,6900,6900,6900,6900,0
2022-01-25 09:06:00,6900,6900,6900,6900,0
2022-01-25 09:07:00,6900,6900,6900,6900,0
2022-01-25 09:08:00,6900,6900,6900,6900,0
2022-01-25 09:09:00,6900,6900,6900,6900,0
2022-01-25 09:10:00,6900,6900,6900,6900,0
2022-01-25 09:11:00,6900,6900,6900,6900,0
2022-01-25 09:12:00,6900,6900,6900,6900,0
2022-01-25 09:13:00,6900,6900,6900,6900,0
2022-01-25 09:14:00,6900,6900,6900,6900,0
2022-01-25 09:15:00,6900,6900,6900,6900,0
2022-01-25 09:16:00,6900,6900,6900,6900,0
2022-01-25 09:17:00,6900,6900,6900,6900,0
2022-01-25 09:18:00,6900,6900,6900,6900,0
2022-01-25 09:19:00,6900,6900,6900,6900,0
2022-01-25 09:20:00,6900,6900,6900,6900,0
2022-01-25 09:21:00,6900,6900,6900,6900,0
2022-01-25 09:22:00,6900,6900,6900,6900,0
2022-01-25 09:23:00,6900,6900,6900,6900,0
2022-01-25 09:24:00,6900,6900,6900,6900,0
2022-01-25 09:25:00,6900,6900,6900,6900,0
2022-01-25 09:26:00,6900,6900,6900,6900,0
2022-01-25 09:27:00,6900,6900,6900,6900,0
2022-01-25 09:28:00,6900,6900,6900,6900,0
2022-01-25 09:29:00,6900,6900,6900,6900,0
2022-01-25 09:30:00,6900,6900,6900,6900,0
2022-01-25 09:31:00,6900,6900,6900,6900,0
2022-01-25 09:32:00,6900,6900,6900,6900,0
2022-01-25 09:33:00,6900,6900,6900,6900,0
2022-01-25 09:34:00,6900,6900,6900,6900,0
2022-01-25 09:35:00,6900,6900,6900,6900,0
2022-01-25 09:36:00,6900,6900,6900,6900,0
2022-01-25 09:37:00,6900,6900,6900,6900,0
2022-01-25 09:38:00,6900,6900,6900,6900,0
2022-01-25 09:39:00,6900,6900,6900,6900,0
2022-01-25 09:40:00,6900,6900,6900,6900,0
2022-01-25 09:41:00,6900,6900,6900,6900,0
2022-01-25 09:42:00,6900,6900,6900,6900,0
2022-01-25 09:43:00,6900,6900,6900,6900,0
2022-01-25 09:44:00,6900,6900,6900,6900,0
2022-01-25 09:45:00,6900,6900,6900,6900,0
2022-01-25 09:46:00,6900,6900,6900,6900,0
2022-01-25 09:47:00,6900,6900,6900,6900,0
2022-01-25 09:48:00,6900,6900,6900,6900,0
2022-01-25 09:49:00,6900,6900,6900,6900,0
2022-01-25 09:50:00,6900,6900,6900,6900,0
2022-01-25 09:51:00,6900,6900,6900,6900,0
2022-01-25 09:52:00,6900,6900,6900,6900,0
2022-01-25 09:53:00,6900,6900,6900,6900,0
2022-01-25 09:54:00,6900,6900,6900,6900,0
2022-01-25 09:55:00,6900,6900,6900,6900,0
2022-01-25 09:56:00,6900,6900,6900,6900,0
2022-01-25 09:57:00,6900,6900,6900,6900,0
2022-01-25 09:58:00,6900,6900,6900,6900,0
2022-01-25 09:59:00,6900,6900,6900,6900,0
2022-01-25 10:00:00,6900,6900,6900,6900,0
2022-01-25 10:01:00,6900,6900,6900,6900,0
2022-01-25 10:02:00,6900,6900,6900,6900,0
2022-01-25 10:03:00,6900,6900,6900,6900,0
2022-01-25 10:04:00,6900,6900,6900,6900,0
2022-01-25 10:05:00,6900,6900,6900,6900,0
2022-01-25 10:06:00,6900,6900,6900,6900,0
2022-01-25 10:07:00,6900,6900,6900,6900,0
2022-01-25 10:08:00,6900,6900,6900,6900,0
2022-01-25 10:09:00,6900,6900,6900,6900,0
2022-01-25 10:10:00,6900,6900,6900,6900,0
2022-01-25 10:11:00,6900,6900,6900,6900,0
2022-01-25 10:12:00,6900,6900,6900,6900,0
2022-01-25 10:13:00,6900,6900,6900,6900,0
2022-01-25 10:14:00,6900,6900,6900,6900,0
2022-01-25 10:15:00,6900,6900,6900,6900,0
2022-01-25 10:16:00,6900,6900,6900,6900,0
2022-01-25 10:17:00,6900,6900,6900,6900,0
2022-01-25 10:18:00,6900,6900,6900,6900,0
2022-01-25 10:19:00,6900,6900,6900,6900,0
2022-01-25 10:20:00,6900,6900,6900,6900,0
2022-01-25 10:21:00,6900,6900,6900,6900,0
2022-01-25 10:22:00,6900,6900,6900,6900,0
2022-01-25 10:23:00,6900,6900,6900,6900,0
2022-01-25 10:24:00,6900,6900,6900,6900,0
2022-01-25 10:25:00,6900,6900,6900,6900,0
2022-01-25 10:26:00,6900,6900,6900,6900,0
2022-01-25 10:27:00,6900,6900,6900,6900,0
2022-01-25 10:28:00,6900,6900,6900,6900,0
2022-01-25 10:29:00,6900,6900,6900,6900,0
2022-01-25 10:30:00,6900,6900,6900,6900,0
2022-01-25 10:31:00,6900,6900,6900,6900,0
2022-01-25 10:32:00,6900,6900,6900,6900,0
2022-01-25 10:33:00,6900,6900,6900,6900,0
2022-01-25 10:34:00,6900,6900,6900,6900,0
2022-01-25 10:35:00,6900,6900,6900,6900,0
2022-01-25 10:36:00,6900,6900,6900,6900,0
2022-01-25 10:37:00,6900,6900,6900,6900,0
2022-01-25 10:38:00,6900,6900,6900,6900,0
2022-01-25 10:39:00,6900,6900,6900,6900,0
2022-01-25 10:40:00,6900,6900,6900,6900,0
2022-01-25 10:41:00,6900,6900,6900,6900,0
2022-01-25 10:42:00,6900,6900,6900,6900,0
2022-01-25 10:43:00,6900,6900,6900,6900,0
2022-01-25 10:44:00,6900,6900,6900,6900,0
2022-01-25 10:45:00,6900,6900,6900,6900,0
2022-01-25 10:46:00,6900,6900,6900,6900,0
2022-01-25 10:47:00,6900,6900,6900,6900,0
2022-01-25 10:48:00,6900,6900,6900,6900,0
2022-01-25 10:49:00,6900,6900,6900,6900,0
2022-01-25 10:50:00,6900,6900,6900,6900,0
2022-01-25 10:51:00,6900,6900,6900,6900,0
2022-01-25 10:52:00,6900,6900,6900,6900,0
2022-01-25 10:53:00,6900,6900,6900,6900,0
2022-01-25 10:54:00,6900,6900,6900,6900,0
2022-01-25 10:55:00,6900,6900,6900,6900,0
2022-01-25 10:56:00,6900,6900,6900,6900,0
2022-01-25 10:57:00,6900,6900,6900,6900,0
2022-01-25 10:58:00,6900,6900,6900,6900,0
2022-01-25 10:59:00,6900,6900,6900,6900,0
2022-01-25 11:00:00,6900,6900,6900,6900,0
2022-01-25 11:01:00,6900,6900,6900,6900,0
2022-01-25 11:02:00,6900,6900,6900,6900,0
2022-01-25 11:03:00,6900,6900,6900,6900,0
2022-01-25 11:04:00,6900,6900,6900,6900,0
2022-01-25 11:05:00,6900,6900,6900,6900,0
2022-01-25 11:06:00,6900,6900,6900,6900,0
2022-01-25 11:07:00,6900,6900,6900,6900,0
2022-01-25 11:08:00,6900,6900,6900,6900,0
2022-01-25 11:09:00,6900,6900,6900,6900,0
2022-01-25 11:10:00,6900,6900,6900,6900,0
2022-01-25 11:11:00,6900,6900,6900,6900,0
2022-01-25 11:12:00,6900,6900,6900,6900,0
2022-01-25 11:13:00,6900,6900,6900,6900,0
2022-01-25 11:14:00,6900,6900,6900,6900,0
2022-01-25 11:15:00,6900,6900,6900,6900,0
2022-01-25 11:16:00,6900,6900,6900,6900,0
2022-01-25 11:17:00,6900,6900,6900,6900,0
2022-01-25 11:18:00,6900,6900,6900,6900,0
2022-01-25 11:19:00,6900,6900,6900,6900,0
2022-01-25 11:20:00,6900,6900,6900,6900,0
2022-01-25 11:21:00,6900,6900,6900,6900,0
2022-01-25 11:22:00,6900,6900,6900,6900,0
2022-01-25 11:23:00,6900,6900,6900,6900,0
2022-01-25 11:24:00,6900,6900,6900,6900,0
2022-01-25 11:25:00,6900,6900,6900,6900,0
2022-01-25 11:26:00,6900,6900,6900,6900,0
2022-01-25 11:27:00,6900,6900,6900,6900,0
2022-01-25 11:28:00,6900,6900,6900,6900,0
2022-01-25 11:29:00,6900,6900,6900,6900,0
2022-01-25 11:30:00,6900,6900,6900,6900,0
2022-01-25 11:31:00,6900,6900,6900,6900,0
2022-01-25 11:32:00,6900,6900,6900,6900,0
2022-01-25 11:33:00,6900,6900,6900,6900,0
2022-01-25 11:34:00,6900,6900,6900,6900,0
2022-01-25 11:35:00,6900,6900,6900,6900,0
2022-01-25 11:36:00,6900,6900,6900,6900,0
2022-01-25 11:37:00,6900,6900,6900,6900,0
2022-01-25 11:38:00,6900,6900,6900,6900,0
2022-01-25 11:39:00,6900,6900,6900,6900,0
2022-01-25 11:40:00,6900,6900,6900,6900,0
2022-01-25 11:41:00,6900,6900,6900,6900,0
2022-01-25 11:42:00,6900,6900,6900,6900,0
2022-01-25 11:43:00,6900,6900,6900,6900,0
2022-01-25 11:44:00,6900,6900,6900,6900,0
2022-01-25 11:45:00,6900,6900,6900,6900,0
2022-01-25 11:46:00,6900,6900,6900,6900,0
2022-01-25 11:47:00,6900,6900,6900,6900,0
2022-01-25 11:48:00,6900,6900,6900,6900,0
2022-01-25 11:49:00,6900,6900,6900,6900,0
2022-01-25 11:50:00,6900,6900,6900,6900,0
2022-01-25 11:51:00,6900,6900,6900,6900,0
2022-01-25 11:52:00,6900,6900,6900,6900,0
2022-01-25 11:53:00,6900,6900,6900,6900,0
2022-01-25 11:54:00,6900,6900,6900,6900,0
2022-01-25 11:55:00,6900,6900,6900,6900,0
2022-01-25 11:56:00,6900,6900,6900,6900,0
2022-01-25 11:57:00,6900,6900,6900,6900,0
2022-01-25 11:58:00,6900,6900,6900,6900,0
2022-01-25 11:59:00,6900,6900,6900,6900,0
2022-01-25 12:00:00,6900,6900,6900,6900,0
2022-01-25 12:01:00,6900,6900,6900,6900,0
2022-01-25 12:02:00,6900,6900,6900,6900,0
2022-01-25 12:03:00,6900,6900,6900,6900,0
2022-01-25 12:04:00,6900,6900,6900,6900,0
2022-01-25 12:05:00,6900,6900,6900,6900,0
2022-01-25 12:06:00,6900,6900,6900,6900,0
2022-01-25 12:07:00,6900,6900,6900,6900,0
2022-01-25 12:08:00,6900,6900,6900,6900,0
2022-01-25 12:09:00,6900,6900,6900,6900,0
2022-01-25 12:10:00,6900,6900,6900,6900,0
2022-01-25 12:11:00,6900,6900,6900,6900,0
2022-01-25 12:12:00,6900,6900,6900,6900,0
2022-01-25 12:13:00,6900,6900,6900,6900,0
2022-01-25 12:14:00,6900,6900,6900,6900,0
2022-01-25 12:15:00,6900,6900,6900,6900,0
2022-01-25 12:16:00,6900,6900,6900,6900,0
2022-01-25 12:17:00,6900,6900,6900,6900,0
2022-01-25 12:18:00,6900,6900,6900,6900,0
2022-01-25 12:19:00,6900,6900,6900,6900,0
2022-01-25 12:20:00,6900,6900,6900,6900,0
2022-01-25 12:21:00,6900,6900,6900,6900,0
2022-01-25 12:22:00,6900,6900,6900,6900,0
2022-01-25 12:23:00,6900,6900,6900,6900,0
2022-01-25 12:24:00,6900,6900,6900,6900,0
2022-01-25 12:25:00,6900,6900,6900,6900,0
2022-01-25 12:26:00,6900,6900,6900,6900,0
2022-01-25 12:27:00,6900,6900,6900,6900,0
2022-01-25 12:28:00,6900,6900,6900,6900,0
2022-01-25 12:29:00,6900,6900,6900,6900,0
2022-01-25 12:30:00,6900,6900,6900,6900,0
2022-01-25 12:31:00,6900,6900,6900,6900,0
2022-01-25 12:32:00,6900,6900,6900,6900,0
2022-01-25 12:33:00,6900,6900,6900,6900,0
2022-01-25 12:34:00,6900,6900,6900,6900,0
2022-01-25 12:35:00,6900,6900,6900,6900,0
2022-01-25 12:36:00,6900,6900,6900,6900,0
2022-01-25 12:37:00,6900,6900,6900,6900,0
2022-01-25 12:38:00,6900,6900,6900,6900,0
2022-01-25 12:39:00,6900,6900,6900,6900,0
2022-01-25 12:40:00,6900,6900,6900,6900,0
2022-01-25 12:41:00,6900,6900,6900,6900,0
2022-01-25 12:42:00,6900,6900,6900,6900,0
2022-01-25 12:43:00,6900,6900,6900,6900,0
2022-01-25 12:44:00,6900,6900,6900,6900,0
2022-01-25 12:45:00,6900,6900,6900,6900,0
2022-01-25 12:46:00,6900,6900,6900,6900,0
2022-01-25 12:47:00,6900,6900,6900,6900,0
2022-01-25 12:48:00,6900,6900,6900,6900,0
2022-01-25 12:49:00,6900,6900,6900,6900,0
2022-01-25 12:50:00,6900,6900,6900,6900,0
2022-01-25 12:51:00,6900,6900,6900,6900,0
2022-01-25 12:52:00,6900,6900,6900,6900,0
2022-01-25 12:53:00,6900,6900,6900,6900,0
2022-01-25 12:54:00,6900,6900,6900,6900,0
2022-01-25 12:55:00,6900,6900,6900,6900,0
2022-01-25 12:56:00,6900,6900,6900,6900,0
2022-01-25 12:57:00,6900,6900,6900,6900,0
2022-01-25 12:58:00,6900,6900,6900,6900,0
2022-01-25 12:59:00,6900,6900,6900,6900,0
2022-01-25 13:00:00,6900,6900,6900,6900,0
2022-01-25 13:01:00,6900,6900,6900,6900,0
2022-01-25 13:02:00,6900,6900,6900,6900,0
2022-01-25 13:03:00,6900,6900,6900,6900,0
2022-01-25 13:04:00,6900,6900,6900,6900,0
2022-01-25 13:05:00,6900,6900,6900,6900,0
2022-01-25 13:06:00,6900,6900,6900,6900,0
2022-01-25 13:07:00,6900,6900,6900,6900,0
2022-01-25 13:08:00,6900,6900,6900,6900,0
2022-01-25 13:09:00,6900,6900,6900,6900,0
2022-01-25 13:10:00,6900,6900,6900,6900,0
2022-01-25 13:11:00,6900,6900,6900,6900,0
2022-01-25 13:12:00,6900,6900,6900,6900,0
2022-01-25 13:13:00,6900,6900,6900,6900,0
2022-01-25 13:14:00,6900,6900,6900,6900,0
2022-01-25 13:15:00,6900,6900,6900,6900,0
2022-01-25 13:16:00,6900,6900,6900,6900,0
2022-01-25 13:17:00,6900,6900,6900,6900,0
2022-01-25 13:18:00,6900,6900,6900,6900,0
2022-01-25 13:19:00,6900,6900,6900,6900,0
2022-01-25 13:20:00,6900,6900,6900,6900,0
2022-01-25 13:21:00,6900,6900,6900,6900,0
2022-01-25 13:22:00,6900,6900,6900,6900,0
2022-01-25 13:23:00,6900,6900,6900,6900,0
2022-01-25 13:24:00,6900,6900,6900,6900,0
2022-01-25 13:25:00,6900,6900,6900,6900,0
2022-01-25 13:26:00,6900,6900,6900,6900,0
2022-01-25 13:27:00,6900,6900,6900,6900,0
2022-01-25 13:28:00,6900,6900,6900,6900,0
2022-01-25 13:29:00,6900,6900,6900,6900,0
2022-01-25 13:30:00,6900,6900,6900,6900,0
2022-01-25 13:31:00,6900,6900,6900,6900,0
2022-01-25 13:32:00,6900,6900,6900,6900,0
2022-01-25 13:33:00,6900,6900,6900,6900,0
2022-01-25 13:34:00,6900,6900,6900,6900,0
2022-01-25 13:35:00,6900,6900,6900,6900,0
2022-01-25 13:36:00,6900,6900,6900,6900,0
2022-01-25 13:37:00,6900,6900,6900,6900,0
2022-01-25 13:38:00,6900,6900,6900,6900,0
2022-01-25 13:39:00,6900,6900,6900,6900,0
2022-01-25 13:40:00,6900,6900,6900,6900,0
2022-01-25 13:41:00,6900,6900,6900,6900,0
2022-01-25 13:42:00,6900,6900,6900,6900,0
2022-01-25 13:43:00,6900,6900,6900,6900,0
2022-01-25 13:44:00,6900,6900,6900,6900,0
2022-01-25 13:45:00,6900,6900,6900,6900,0
2022-01-25 13:46:00,6900,6900,6900,6900,0
2022-01-25 13:47:00,6900,6900,6900,6900,0
2022-01-25 13:48:00,6900,6900,6900,6900,0
2022-01-25 13:49:00,6900,6900,6900,6900,0
2022-01-25 13:50:00,6900,6900,6900,6900,0
2022-01-25 13:51:00,6900,6900,6900,6900,0
2022-01-25 13:52:00,6900,6900,6900,6900,0
2022-01-25 13:53:00,6900,6900,6900,6900,0
2022-01-25 13:54:00,6900,6900,6900,6900,0
2022-01-25 13:55:00,6900,6900,6900,6900,0
2022-01-25 13:56:00,6900,6900,6900,6900,0
2022-01-25 13:57:00,6900,6900,6900,6900,0
2022-01-25 13:58:00,6900,6900,6900,6900,0
2022-01-25 13:59:00,6900,6900,6900,6900,0
2022-01-25 14:00:00,6900,6900,6900,6900,0
2022-01-25 14:01:00,6900,6900,6900,6900,0
2022-01-25 14:02:00,6900,6900,6900,6900,0
2022-01-25 14:03:00,6900,6900,6900,6900,0
2022-01-25 14:04:00,6900,6900,6900,6900,0
2022-01-25 14:05:00,6900,6900,6900,6900,0
2022-01-25 14:06:00,6900,6900,6900,6900,0
2022-01-25 14:07:00,6900,6900,6900,6900,0
2022-01-25 14:08:00,6900,6900,6900,6900,0
2022-01-25 14:09:00,6900,6900,6900,6900,0
2022-01-25 14:10:00,6900,6900,6900,6900,0
2022-01-25 14:11:00,6900,6900,6900,6900,0
2022-01-25 14:12:00,6900,6900,6900,6900,0
2022-01-25 14:13:00,6900,6900,6900,6900,0
2022-01-25 14:14:00,6900,6900,6900,6900,0
2022-01-25 14:15:00,6900,6900,6900,6900,0
2022-01-25 14:16:00,6900,6900,6900,6900,0
2022-01-25 14:17:00,6900,6900,6900,6900,0
2022-01-25 14:18:00,6900,6900,6900,6900,0
2022-01-25 14:19:00,6900,6900,6900,6900,0
2022-01-25 14:20:00,6900,6900,6900,6900,0
2022-01-25 14:21:00,6900,6900,6900,6900,0
2022-01-25 14:22:00,6900,6900,6900,6900,0
2022-01-25 14:23:00,6900,6900,6900,6900,0
2022-01-25 14:24:00,6900,6900,6900,6900,0
2022-01-25 14:25:00,6900,6900,6900,6900,0
2022-01-25 14:26:00,6900,6900,6900,6900,0
2022-01-25 14:27:00,6900,6900,6900,6900,0
2022-01-25 14:28:00,6900,6900,6900,6900,0
2022-01-25 14:29:00,6900,6900,6900,6900,0
2022-01-25 14:30:00,6900,6900,6900,6900,0
2022-01-25 14:31:00,6900,6900,6900,6900,0
2022-01-25 14:32:00,6900,6900,6900,6900,0
2022-01-25 14:33:00,6900,6900,6900,6900,0
2022-01-25 14:34:00,6900,6900,6900,6900,0
2022-01-25 14:35:00,6900,6900,6900,6900,0
2022-01-25 14:36:00,6900,6900,6900,6900,0
2022-01-25 14:37:00,6900,6900,6900,6900,0
2022-01-25 14:38:00,6900,6900,6900,6900,0
2022-01-25 14:39:00,6900,6900,6900,6900,0
2022-01-25 14:40:00,6900,6900,6900,6900,0
2022-01-25 14:41:00,6900,6900,6900,6900,0
2022-01-25 14:42:00,6900,6900,6900,6900,0
2022-01-25 14:43:00,6900,6900,6900,6900,0
2022-01-25 14:44:00,6900,6900,6900,6900,0
2022-01-25 14:45:00,6900,6900,6900,6900,0
2022-01-25 14:46:00,6900,6900,6900,6900,0
2022-01-25 14:47:00,6900,6900,6900,6900,0
2022-01-25 14:48:00,6900,6900,6900,6900,0
2022-01-25 14:49:00,6900,6900,6900,6900,0
2022-01-25 14:50:00,6900,6900,6900,6900,0
2022-01-25 14:51:00,6900,6900,6900,6900,0
2022-01-25 14:52:00,6900,6900,6900,6900,0
2022-01-25 14:53:00,6900,6900,6900,6900,0
2022-01-25 14:54:00,6900,6900,6900,6900,0
2022-01-25 14:55:00,6900,6900,6900,6900,0
2022-01-25 14:56:00,6900,6900,6900,6900,0
2022-01-25 14:57:00,6900,6900,6900,6900,0
2022-01-25 14:58:00,6900,6900,6900,6900,0
2022-01-25 14:59:00,6900,6900,6900,6900,0
2022-01-25 15:00:00,6900,6900,6900,6900,0
2022-01-25 15:01:00,6900,6900,6900,6900,0
2022-01-25 15:02:00,6900,6900,6900,6900,0
2022-01-25 15:03:00,6900,6900,6900,6900,0
2022-01-25 15:04:00,6900,6900,6900,6900,0
2022-01-25 15:05:00,6900,6900,6900,6900,0
2022-01-25 15:06:00,6900,6900,6900,6900,0
2022-01-25 15:07:00,6900,6900,6900,6900,0
2022-01-25 15:08:00,6900,6900,6900,6900,0
2022-01-25 15:09:00,6900,6900,6900,6900,0
2022-01-25 15:10:00,6900,6900,6900,6900,0
2022-01-25 15:11:00,6900,6900,6900,6900,0
2022-01-25 15:12:00,6900,6900,6900,6900,0
2022-01-25 15:13:00,6900,6900,6900,6900,0
2022-01-25 15:14:00,6900,6900,6900,6900,0
2022-01-25 15:15:00,6900,6900,6900,6900,0
2022-01-25 15:16:00,6900,6900,6900,6900,0
2022-01-25 15:17:00,6900,6900,6900,6900,0
2022-01-25 15:18:00,6900,6900,6900,6900,0
2022-01-25 15:19:00,6900,6900,6900,6900,0
2022-01-25 15:20:00,6900,6900,6900,6900,0
2022-01-25 15:21:00,6900,6900,6900,6900,0
2022-01-25 15:22:00,6900,6900,6900,6900,0
2022-01-25 15:23:00,6900,6900,6900,6900,0
2022-01-25 15:24:00,6900,6900,6900,6900,0
2022-01-25 15:25:00,6900,6900,6900,6900,0
2022-01-25 15:26:00,6900,6900,6900,6900,0
2022-01-25 15:27:00,6900,6900,6900,6900,0
2022-01-25 15:28:00,6900,6900,6900,6900,0
2022-01-25 15:29:00,6900,6900,6900,6900,0
2022-01-25 15:30:00,6900,6900,6900,6900,0
2022-01-25 15:31:00,6900,6900,6900,6900,0
2022-01-25 15:32:00,6900,6900,6900,6900,0
2022-01-25 15:33:00,6900,6900,6900,6900,0
2022-01-25 15:34:00,6900,6900,6900,6900,0
2022-01-25 15:35:00,6900,6900,6900,6900,0
2022-01-25 15:36:00,6900,6900,6900,6900,0
2022-01-25 15:37:00,6900,6900,6900,6900,0
2022-01-25 15:38:00,6900,6900,6900,6900,0
2022-01-25 15:39:00,6900,6900,6900,6900,0
2022-01-25 15:40:00,6900,6900,6900,6900,0
2022-01-25 15:41:00,6900,6900,6900,6900,0
2022-01-25 15:42:00,6900,6900,6900,6900,0
2022-01-25 15:43:00,6900,6900,6900,6900,0
2022-01-25 15:44:00,6900,6900,6900,6900,0
2022-01-25 15:45:00,6900,6900,6900,6900,0
2022-01-25 15:46:00,6900,6900,6900,6900,0
2022-01-25 15:47:00,6900,6900,6900,6900,0
2022-01-25 15:48:00,6900,6900,6900,6900,0
2022-01-25 15:49:00,6900,6900,6900,6900,0
2022-01-25 15:50:00,6900,6900,6900,6900,0
2022-01-25 15:51:00,6900,6900,6900,6900,0
2022-01-25 15:52:00,6900,6900,6900,6900,0
2022-01-25 15:53:00,6900,6900,6900,6900,0
2022-01-25 15:54:00,6900,6900,6900,6900,0
2022-01-25 15:55:00,6900,6900,6900,6900,0
2022-01-25 15:56:00,6900,6900,6900,6900,0
2022-01-25 15:57:00,6900,6900,6900,6900,0
2022-01-25 15:58:00,6900,6900,6900,6900,0
2022-01-25 15:59:00,6900,6900,6900,6900,0
2022-01-26 09:00:00,6925,6900,6925,6925,5700
2022-01-26 09:01:00,6950,6950,6950,6950,0
2022-01-26 09:02:00,6950,6950,6950,6950,41800
2022-01-26 09:03:00,6950,6950,6950,6950,0
2022-01-26 09:04:00,6925,6925,6925,6925,14900
2022-01-26 09:05:00,6925,6925,6925,6925,3500
2022-01-26 09:06:00,6925,6925,6925,6925,500
2022-01-26 09:07:00,6925,6925,6925,6925,5300
2022-01-26 09:08:00,6950,6950,6975,6975,7800
2022-01-26 09:09:00,6950,6950,6975,6975,5000
2022-01-26 09:10:00,6975,6975,6975,6975,7500
2022-01-26 09:11:00,6975,6975,6975,6975,8400
2022-01-26 09:12:00,6975,6975,6975,6975,2500
2022-01-26 09:13:00,6975,6975,6975,6975,8500
2022-01-26 09:14:00,6975,6975,6975,6975,0
2022-01-26 09:15:00,6975,6975,6975,6975,137700
2022-01-26 09:16:00,6975,6975,6975,6975,5600
2022-01-26 09:17:00,6975,6975,7000,6975,46300
2022-01-26 09:18:00,7000,7000,7000,7000,4100
2022-01-26 09:19:00,7000,7000,7000,7000,2100
2022-01-26 09:20:00,7000,7000,7000,7000,8300
2022-01-26 09:21:00,7000,6975,7000,7000,3200
2022-01-26 09:22:00,7000,7000,7050,7050,21500
2022-01-26 09:23:00,7050,7025,7050,7025,2800
2022-01-26 09:24:00,7025,7025,7025,7025,13200
2022-01-26 09:25:00,7025,7025,7025,7025,1200
2022-01-26 09:26:00,7025,7025,7025,7025,0
2022-01-26 09:27:00,7025,7025,7025,7025,0
2022-01-26 09:28:00,7050,7025,7050,7050,264100
2022-01-26 09:29:00,7050,7025,7050,7050,0
2022-01-26 09:30:00,7050,7050,7050,7050,1200
2022-01-26 09:31:00,7025,7025,7025,7025,10100
2022-01-26 09:32:00,7025,7025,7025,7025,0
2022-01-26 09:33:00,7000,7000,7025,7025,11900
2022-01-26 09:34:00,7000,7000,7000,7000,0
2022-01-26 09:35:00,7000,7000,7000,7000,309100
2022-01-26 09:36:00,7000,7000,7025,7025,4500
2022-01-26 09:37:00,7000,7000,7025,7025,0
2022-01-26 09:38:00,7050,7025,7050,7025,3800
2022-01-26 09:39:00,7025,7025,7025,7025,0
2022-01-26 09:40:00,7025,7025,7050,7050,332500
2022-01-26 09:41:00,7025,7000,7025,7000,1100
2022-01-26 09:42:00,7000,7000,7000,7000,200
2022-01-26 09:43:00,7025,7025,7025,7025,0
2022-01-26 09:44:00,7000,7000,7000,7000,337100
2022-01-26 09:45:00,7025,7000,7025,7000,6000
2022-01-26 09:46:00,7000,7000,7000,7000,21500
2022-01-26 09:47:00,6975,6975,6975,6975,58100
2022-01-26 09:48:00,6975,6975,6975,6975,300
2022-01-26 09:49:00,6975,6975,6975,6975,100
2022-01-26 09:50:00,6975,6975,6975,6975,400
2022-01-26 09:51:00,6975,6975,6975,6975,0
2022-01-26 09:52:00,6975,6975,6975,6975,12500
2022-01-26 09:53:00,6975,6975,6975,6975,0
2022-01-26 09:54:00,6975,6975,6975,6975,1200
2022-01-26 09:55:00,6975,6950,6975,6975,1600
2022-01-26 09:56:00,6975,6975,6975,6975,300
2022-01-26 09:57:00,6975,6975,6975,6975,0
2022-01-26 09:58:00,6975,6975,7000,6975,600
2022-01-26 09:59:00,6975,6975,6975,6975,0
2022-01-26 10:00:00,6975,6975,6975,6975,0
2022-01-26 10:01:00,6975,6975,6975,6975,0
2022-01-26 10:02:00,6975,6975,6975,6975,0
2022-01-26 10:03:00,6975,6975,7000,7000,445900
2022-01-26 10:04:00,6975,6975,6975,6975,446500
2022-01-26 10:05:00,6975,6975,6975,6975,16400
2022-01-26 10:06:00,6975,6975,6975,6975,0
2022-01-26 10:07:00,6975,6975,6975,6975,0
2022-01-26 10:08:00,6975,6975,6975,6975,464200
2022-01-26 10:09:00,6975,6975,6975,6975,0
2022-01-26 10:10:00,6950,6950,6975,6975,200
2022-01-26 10:11:00,6975,6975,6975,6975,8400
2022-01-26 10:12:00,6975,6975,6975,6975,0
2022-01-26 10:13:00,6975,6975,6975,6975,0
2022-01-26 10:14:00,6975,6975,6975,6975,0
2022-01-26 10:15:00,6975,6975,6975,6975,0
2022-01-26 10:16:00,6975,6975,6975,6975,489500
2022-01-26 10:17:00,7000,7000,7000,7000,0
2022-01-26 10:18:00,6975,6975,6975,6975,506300
2022-01-26 10:19:00,6975,6975,6975,6975,600
2022-01-26 10:20:00,6975,6975,6975,6975,0
2022-01-26 10:21:00,6950,6950,6950,6950,33400
2022-01-26 10:22:00,6950,6950,6950,6950,0
2022-01-26 10:23:00,6950,6950,6950,6950,541600
2022-01-26 10:24:00,6950,6950,6950,6950,0
2022-01-26 10:25:00,6950,6950,6950,6950,0
2022-01-26 10:26:00,6950,6950,6950,6950,3000
2022-01-26 10:27:00,6950,6950,6950,6950,0
2022-01-26 10:28:00,6925,6925,6925,6925,5700
2022-01-26 10:29:00,6950,6925,6950,6925,13700
2022-01-26 10:30:00,6925,6925,6950,6950,4100
2022-01-26 10:31:00,6925,6925,6925,6925,0
2022-01-26 10:32:00,6950,6950,6950,6950,584000
2022-01-26 10:33:00,6950,6950,6950,6950,0
2022-01-26 10:34:00,6950,6950,6950,6950,0
2022-01-26 10:35:00,6950,6950,6950,6950,0
2022-01-26 10:36:00,6950,6950,6950,6950,0
2022-01-26 10:37:00,6950,6950,6950,6950,586200
2022-01-26 10:38:00,6950,6950,6950,6950,200
2022-01-26 10:39:00,6950,6950,6950,6950,0
2022-01-26 10:40:00,6925,6925,6925,6925,66900
2022-01-26 10:41:00,6925,6900,6925,6900,56300
2022-01-26 10:42:00,6900,6900,6925,6925,1900
2022-01-26 10:43:00,6950,6925,6950,6925,500
2022-01-26 10:44:00,6925,6900,6925,6925,1000
2022-01-26 10:45:00,6900,6900,6900,6900,0
2022-01-26 10:46:00,6900,6900,6900,6900,0
2022-01-26 10:47:00,6900,6900,6900,6900,0
2022-01-26 10:48:00,6950,6950,6950,6950,0
2022-01-26 10:49:00,6925,6925,6925,6925,0
2022-01-26 10:50:00,6925,6925,6925,6925,0
2022-01-26 10:51:00,6925,6925,6925,6925,0
2022-01-26 10:52:00,6925,6925,6925,6925,0
2022-01-26 10:53:00,6925,6925,6925,6925,0
2022-01-26 10:54:00,6925,6925,6925,6925,0
2022-01-26 10:55:00,6925,6925,6925,6925,0
2022-01-26 10:56:00,6950,6950,6950,6950,0
2022-01-26 10:57:00,6950,6950,6950,6950,0
2022-01-26 10:58:00,6950,6950,6950,6950,0
2022-01-26 10:59:00,6950,6950,6950,6950,0
2022-01-26 11:00:00,6925,6925,6950,6925,751800
2022-01-26 11:01:00,6900,6900,6900,6900,100
2022-01-26 11:02:00,6900,6900,6900,6900,242500
2022-01-26 11:03:00,6900,6900,6900,6900,0
2022-01-26 11:04:00,6900,6900,6900,6900,0
2022-01-26 11:05:00,6900,6900,6900,6900,72500
2022-01-26 11:06:00,6900,6900,6900,6900,1800
2022-01-26 11:07:00,6900,6900,6900,6900,0
2022-01-26 11:08:00,6925,6925,6925,6925,3800
2022-01-26 11:09:00,6925,6925,6925,6925,1500
2022-01-26 11:10:00,6925,6925,6925,6925,0
2022-01-26 11:11:00,6925,6925,6925,6925,1077300
2022-01-26 11:12:00,6925,6900,6925,6900,9500
2022-01-26 11:13:00,6925,6925,6925,6925,0
2022-01-26 11:14:00,6925,6925,6925,6925,1087300
2022-01-26 11:15:00,6900,6900,6900,6900,0
2022-01-26 11:16:00,6900,6900,6900,6900,0
2022-01-26 11:17:00,6950,6950,6950,6950,1090600
2022-01-26 11:18:00,6925,6925,6925,6925,0
2022-01-26 11:19:00,6925,6925,6925,6925,0
2022-01-26 11:20:00,6925,6925,6925,6925,0
2022-01-26 11:21:00,6925,6925,6925,6925,0
2022-01-26 11:22:00,6925,6925,6925,6925,0
2022-01-26 11:23:00,6925,6925,6925,6925,1099700
2022-01-26 11:24:00,6925,6925,6925,6925,0
2022-01-26 11:25:00,6925,6925,6925,6925,0
2022-01-26 11:26:00,6925,6925,6925,6925,0
2022-01-26 11:27:00,6925,6925,6925,6925,0
2022-01-26 11:28:00,6925,6925,6925,6925,0
2022-01-26 11:29:00,6925,6925,6925,6925,0
2022-01-26 11:30:00,6925,6925,6925,6925,0
2022-01-26 11:31:00,6925,6925,6925,6925,0
2022-01-26 11:32:00,6925,6925,6925,6925,0
2022-01-26 11:33:00,6925,6925,6925,6925,0
2022-01-26 11:34:00,6925,6925,6925,6925,0
2022-01-26 11:35:00,6925,6925,6925,6925,0
2022-01-26 11:36:00,6925,6925,6925,6925,0
2022-01-26 11:37:00,6925,6925,6925,6925,0
2022-01-26 11:38:00,6925,6925,6925,6925,0
2022-01-26 11:39:00,6925,6925,6925,6925,0
2022-01-26 11:40:00,6925,6925,6925,6925,0
2022-01-26 11:41:00,6925,6925,6925,6925,0
2022-01-26 11:42:00,6925,6925,6925,6925,0
2022-01-26 11:43:00,6925,6925,6925,6925,0
2022-01-26 11:44:00,6925,6925,6925,6925,0
2022-01-26 11:45:00,6925,6925,6925,6925,0
2022-01-26 11:46:00,6925,6925,6925,6925,0
2022-01-26 11:47:00,6925,6925,6925,6925,0
2022-01-26 11:48:00,6925,6925,6925,6925,0
2022-01-26 11:49:00,6925,6925,6925,6925,0
2022-01-26 11:50:00,6925,6925,6925,6925,0
2022-01-26 11:51:00,6925,6925,6925,6925,0
2022-01-26 11:52:00,6925,6925,6925,6925,0
2022-01-26 11:53:00,6925,6925,6925,6925,0
2022-01-26 11:54:00,6925,6925,6925,6925,0
2022-01-26 11:55:00,6925,6925,6925,6925,0
2022-01-26 11:56:00,6925,6925,6925,6925,0
2022-01-26 11:57:00,6925,6925,6925,6925,0
2022-01-26 11:58:00,6925,6925,6925,6925,0
2022-01-26 11:59:00,6925,6925,6925,6925,0
2022-01-26 12:00:00,6925,6925,6925,6925,0
2022-01-26 12:01:00,6925,6925,6925,6925,0
2022-01-26 12:02:00,6925,6925,6925,6925,0
2022-01-26 12:03:00,6925,6925,6925,6925,0
2022-01-26 12:04:00,6925,6925,6925,6925,0
2022-01-26 12:05:00,6925,6925,6925,6925,0
2022-01-26 12:06:00,6925,6925,6925,6925,0
2022-01-26 12:07:00,6925,6925,6925,6925,0
2022-01-26 12:08:00,6925,6925,6925,6925,0
2022-01-26 12:09:00,6925,6925,6925,6925,0
2022-01-26 12:10:00,6925,6925,6925,6925,0
2022-01-26 12:11:00,6925,6925,6925,6925,0
2022-01-26 12:12:00,6925,6925,6925,6925,0
2022-01-26 12:13:00,6925,6925,6925,6925,0
2022-01-26 12:14:00,6925,6925,6925,6925,0
2022-01-26 12:15:00,6925,6925,6925,6925,0
2022-01-26 12:16:00,6925,6925,6925,6925,0
2022-01-26 12:17:00,6925,6925,6925,6925,0
2022-01-26 12:18:00,6925,6925,6925,6925,0
2022-01-26 12:19:00,6925,6925,6925,6925,0
2022-01-26 12:20:00,6925,6925,6925,6925,0
2022-01-26 12:21:00,6925,6925,6925,6925,0
2022-01-26 12:22:00,6925,6925,6925,6925,0
2022-01-26 12:23:00,6925,6925,6925,6925,0
2022-01-26 12:24:00,6925,6925,6925,6925,0
2022-01-26 12:25:00,6925,6925,6925,6925,0
2022-01-26 12:26:00,6925,6925,6925,6925,0
2022-01-26 12:27:00,6925,6925,6925,6925,0
2022-01-26 12:28:00,6925,6925,6925,6925,0
2022-01-26 12:29:00,6925,6925,6925,6925,0
2022-01-26 12:30:00,6925,6925,6925,6925,0
2022-01-26 12:31:00,6925,6925,6925,6925,0
2022-01-26 12:32:00,6925,6925,6925,6925,0
2022-01-26 12:33:00,6925,6925,6925,6925,0
2022-01-26 12:34:00,6925,6925,6925,6925,0
2022-01-26 12:35:00,6925,6925,6925,6925,0
2022-01-26 12:36:00,6925,6925,6925,6925,0
2022-01-26 12:37:00,6925,6925,6925,6925,0
2022-01-26 12:38:00,6925,6925,6925,6925,0
2022-01-26 12:39:00,6925,6925,6925,6925,0
2022-01-26 12:40:00,6925,6925,6925,6925,0
2022-01-26 12:41:00,6925,6925,6925,6925,0
2022-01-26 12:42:00,6925,6925,6925,6925,0
2022-01-26 12:43:00,6925,6925,6925,6925,0
2022-01-26 12:44:00,6925,6925,6925,6925,0
2022-01-26 12:45:00,6925,6925,6925,6925,0
2022-01-26 12:46:00,6925,6925,6925,6925,0
2022-01-26 12:47:00,6925,6925,6925,6925,0
2022-01-26 12:48:00,6925,6925,6925,6925,0
2022-01-26 12:49:00,6925,6925,6925,6925,0
2022-01-26 12:50:00,6925,6925,6925,6925,0
2022-01-26 12:51:00,6925,6925,6925,6925,0
2022-01-26 12:52:00,6925,6925,6925,6925,0
2022-01-26 12:53:00,6925,6925,6925,6925,0
2022-01-26 12:54:00,6925,6925,6925,6925,0
2022-01-26 12:55:00,6925,6925,6925,6925,0
2022-01-26 12:56:00,6925,6925,6925,6925,0
2022-01-26 12:57:00,6925,6925,6925,6925,0
2022-01-26 12:58:00,6925,6925,6925,6925,0
2022-01-26 12:59:00,6925,6925,6925,6925,0
2022-01-26 13:00:00,6925,6925,6925,6925,0
2022-01-26 13:01:00,6925,6925,6925,6925,0
2022-01-26 13:02:00,6925,6925,6925,6925,0
2022-01-26 13:03:00,6925,6925,6925,6925,0
2022-01-26 13:04:00,6925,6925,6925,6925,0
2022-01-26 13:05:00,6925,6925,6925,6925,0
2022-01-26 13:06:00,6925,6925,6925,6925,0
2022-01-26 13:07:00,6925,6925,6925,6925,0
2022-01-26 13:08:00,6925,6925,6925,6925,0
2022-01-26 13:09:00,6925,6925,6925,6925,0
2022-01-26 13:10:00,6925,6925,6925,6925,0
2022-01-26 13:11:00,6925,6925,6925,6925,0
2022-01-26 13:12:00,6925,6925,6925,6925,0
2022-01-26 13:13:00,6925,6925,6925,6925,0
2022-01-26 13:14:00,6925,6925,6925,6925,0
2022-01-26 13:15:00,6925,6925,6925,6925,0
2022-01-26 13:16:00,6925,6925,6925,6925,0
2022-01-26 13:17:00,6925,6925,6925,6925,0
2022-01-26 13:18:00,6925,6925,6925,6925,0
2022-01-26 13:19:00,6925,6925,6925,6925,0
2022-01-26 13:20:00,6925,6925,6925,6925,0
2022-01-26 13:21:00,6925,6925,6925,6925,0
2022-01-26 13:22:00,6925,6925,6925,6925,0
2022-01-26 13:23:00,6925,6925,6925,6925,0
2022-01-26 13:24:00,6925,6925,6925,6925,0
2022-01-26 13:25:00,6925,6925,6925,6925,0
2022-01-26 13:26:00,6925,6925,6925,6925,0
2022-01-26 13:27:00,6925,6925,6925,6925,0
2022-01-26 13:28:00,6925,6925,6925,6925,0
2022-01-26 13:29:00,6925,6925,6925,6925,0
2022-01-26 13:30:00,6950,6950,6975,6975,1185000
2022-01-26 13:31:00,6975,6975,6975,6975,0
2022-01-26 13:32:00,6950,6950,6950,6950,1186700
2022-01-26 13:33:00,6950,6950,6975,6950,5700
2022-01-26 13:34:00,6950,6950,6975,6950,0
2022-01-26 13:35:00,6950,6950,6950,6950,7000
2022-01-26 13:36:00,6950,6950,6950,6950,0
2022-01-26 13:37:00,6950,6950,6950,6950,0
2022-01-26 13:38:00,6950,6950,6950,6950,0
2022-01-26 13:39:00,6975,6925,6975,6925,12300
2022-01-26 13:40:00,6925,6925,6925,6925,0
2022-01-26 13:41:00,6925,6925,6925,6925,0
2022-01-26 13:42:00,6925,6925,6925,6925,0
2022-01-26 13:43:00,6950,6950,6950,6950,1214400
2022-01-26 13:44:00,6950,6925,6950,6925,6200
2022-01-26 13:45:00,6925,6925,6975,6925,11200
2022-01-26 13:46:00,6925,6925,6925,6925,0
2022-01-26 13:47:00,6925,6925,6925,6925,0
2022-01-26 13:48:00,6925,6925,6925,6925,0
2022-01-26 13:49:00,6925,6900,6925,6900,1256300
2022-01-26 13:50:00,6925,6900,6925,6900,0
2022-01-26 13:51:00,6925,6900,6925,6900,0
2022-01-26 13:52:00,6950,6925,6950,6925,7100
2022-01-26 13:53:00,6950,6925,6950,6925,0
2022-01-26 13:54:00,6925,6925,6925,6925,0
2022-01-26 13:55:00,6925,6925,6925,6925,0
2022-01-26 13:56:00,6925,6925,6925,6925,1283800
2022-01-26 13:57:00,6950,6950,6950,6950,0
2022-01-26 13:58:00,6925,6925,6925,6925,1304200
2022-01-26 13:59:00,6925,6925,6925,6925,0
2022-01-26 14:00:00,6950,6950,6950,6950,15100
2022-01-26 14:01:00,6950,6950,6950,6950,0
2022-01-26 14:02:00,6950,6950,6950,6950,0
2022-01-26 14:03:00,6950,6925,6950,6925,2900
2022-01-26 14:04:00,6950,6950,6950,6950,1300
2022-01-26 14:05:00,6950,6925,6950,6925,13700
2022-01-26 14:06:00,6975,6975,6975,6975,0
2022-01-26 14:07:00,6975,6975,6975,6975,0
2022-01-26 14:08:00,6950,6950,6950,6950,1339600
2022-01-26 14:09:00,6950,6950,6950,6950,5700
2022-01-26 14:10:00,6975,6975,6975,6975,200
2022-01-26 14:11:00,6975,6975,6975,6975,500
2022-01-26 14:12:00,6975,6975,6975,6975,0
2022-01-26 14:13:00,6975,6975,6975,6975,0
2022-01-26 14:14:00,6950,6950,6975,6950,15900
2022-01-26 14:15:00,6950,6950,6975,6950,6200
2022-01-26 14:16:00,6975,6975,6975,6975,0
2022-01-26 14:17:00,6975,6975,6975,6975,0
2022-01-26 14:18:00,6950,6925,6975,6950,1412600
2022-01-26 14:19:00,6975,6925,6975,6925,11000
2022-01-26 14:20:00,6975,6925,6975,6925,0
2022-01-26 14:21:00,6925,6925,6925,6925,0
2022-01-26 14:22:00,6975,6925,6975,6925,1426300
2022-01-26 14:23:00,6950,6950,6950,6950,100
2022-01-26 14:24:00,6950,6950,6950,6950,0
2022-01-26 14:25:00,6975,6950,6975,6950,2200
2022-01-26 14:26:00,6950,6950,6950,6950,100
2022-01-26 14:27:00,6950,6950,6950,6950,0
2022-01-26 14:28:00,6975,6975,6975,6975,3200
2022-01-26 14:29:00,6975,6950,6975,6950,900
2022-01-26 14:30:00,6975,6925,6975,6925,60100
2022-01-26 14:31:00,6925,6925,6925,6925,2000
2022-01-26 14:32:00,6925,6925,6925,6925,34300
2022-01-26 14:33:00,6925,6925,6925,6925,0
2022-01-26 14:34:00,6950,6925,6950,6925,20900
2022-01-26 14:35:00,6950,6925,6950,6925,0
2022-01-26 14:36:00,6925,6925,6950,6925,8500
2022-01-26 14:37:00,6950,6925,6950,6950,2000
2022-01-26 14:38:00,6925,6925,6925,6925,0
2022-01-26 14:39:00,6925,6925,6925,6925,1573200
2022-01-26 14:40:00,6925,6925,6950,6925,24100
2022-01-26 14:41:00,6925,6925,6950,6925,0
2022-01-26 14:42:00,6925,6925,6925,6925,12100
2022-01-26 14:43:00,6925,6925,6925,6925,4400
2022-01-26 14:44:00,6925,6925,6925,6925,0
2022-01-26 14:45:00,6925,6925,6950,6925,29500
2022-01-26 14:46:00,6925,6925,6950,6925,5400
2022-01-26 14:47:00,6925,6925,6925,6925,0
2022-01-26 14:48:00,6950,6925,6950,6950,1672200
2022-01-26 14:49:00,6950,6950,6950,6950,0
2022-01-26 14:50:00,6950,6950,6950,6950,0
2022-01-26 14:51:00,6950,6950,6950,6950,0
2022-01-26 14:52:00,6950,6950,6950,6950,0
2022-01-26 14:53:00,6950,6950,6950,6950,0
2022-01-26 14:54:00,6950,6950,6950,6950,0
2022-01-26 14:55:00,6950,6950,6950,6950,0
2022-01-26 14:56:00,6950,6950,6950,6950,0
2022-01-26 14:57:00,6950,6950,6950,6950,0
2022-01-26 14:58:00,6950,6950,6950,6950,0
2022-01-26 14:59:00,6950,6950,6950,6950,0
2022-01-26 15:00:00,6950,6950,6950,6950,1849600
2022-01-26 15:01:00,6950,6950,6950,6950,3800
2022-01-26 15:02:00,6950,6950,6950,6950,400
2022-01-26 15:03:00,6950,6950,6950,6950,0
2022-01-26 15:04:00,6950,6950,6950,6950,0
2022-01-26 15:05:00,6950,6950,6950,6950,0
2022-01-26 15:06:00,6950,6950,6950,6950,5400
2022-01-26 15:07:00,6950,6950,6950,6950,0
2022-01-26 15:08:00,6950,6950,6950,6950,0
2022-01-26 15:09:00,6950,6950,6950,6950,0
2022-01-26 15:10:00,6950,6950,6950,6950,6200
2022-01-26 15:11:00,6950,6950,6950,6950,0
2022-01-26 15:12:00,6950,6950,6950,6950,5400
2022-01-26 15:13:00,6950,6950,6950,6950,0
2022-01-26 15:14:00,6950,6950,6950,6950,0
2022-01-26 15:15:00,6950,6950,6950,6950,0
2022-01-26 15:16:00,6950,6950,6950,6950,0
2022-01-26 15:17:00,6950,6950,6950,6950,0
2022-01-26 15:18:00,6950,6950,6950,6950,0
2022-01-26 15:19:00,6950,6950,6950,6950,0
2022-01-26 15:20:00,6950,6950,6950,6950,0
2022-01-26 15:21:00,6950,6950,6950,6950,0
2022-01-26 15:22:00,6950,6950,6950,6950,0
2022-01-26 15:23:00,6950,6950,6950,6950,0
2022-01-26 15:24:00,6950,6950,6950,6950,0
2022-01-26 15:25:00,6950,6950,6950,6950,0
2022-01-26 15:26:00,6950,6950,6950,6950,0
2022-01-26 15:27:00,6950,6950,6950,6950,0
2022-01-26 15:28:00,6950,6950,6950,6950,0
2022-01-26 15:29:00,6950,6950,6950,6950,0
2022-01-26 15:30:00,6950,6950,6950,6950,0
2022-01-26 15:31:00,6950,6950,6950,6950,0
2022-01-26 15:32:00,6950,6950,6950,6950,0
2022-01-26 15:33:00,6950,6950,6950,6950,0
2022-01-26 15:34:00,6950,6950,6950,6950,0
2022-01-26 15:35:00,6950,6950,6950,6950,0
2022-01-26 15:36:00,6950,6950,6950,6950,0
2022-01-26 15:37:00,6950,6950,6950,6950,0
2022-01-26 15:38:00,6950,6950,6950,6950,0
2022-01-26 15:39:00,6950,6950,6950,6950,0
2022-01-26 15:40:00,6950,6950,6950,6950,0
2022-01-26 15:41:00,6950,6950,6950,6950,0
2022-01-26 15:42:00,6950,6950,6950,6950,0
2022-01-26 15:43:00,6950,6950,6950,6950,0
2022-01-26 15:44:00,6950,6950,6950,6950,0
2022-01-26 15:45:00,6950,6950,6950,6950,0
2022-01-26 15:46:00,6950,6950,6950,6950,0
2022-01-26 15:47:00,6950,6950,6950,6950,0
2022-01-26 15:48:00,6950,6950,6950,6950,0
2022-01-26 15:49:00,6950,6950,6950,6950,0
2022-01-26 15:50:00,6950,6950,6950,6950,0
2022-01-26 15:51:00,6950,6950,6950,6950,0
2022-01-26 15:52:00,6950,6950,6950,6950,0
2022-01-26 15:53:00,6950,6950,6950,6950,0
2022-01-26 15:54:00,6950,6950,6950,6950,0
2022-01-26 15:55:00,6950,6950,6950,6950,0
2022-01-26 15:56:00,6950,6950,6950,6950,0
2022-01-26 15:57:00,6950,6950,6950,6950,0
2022-01-26 15:58:00,6950,6950,6950,6950,0
2022-01-26 15:59:00,6950,6950,6950,6950,0
2022-01-27 09:00:00,6950,6925,6950,6925,100
2022-01-27 09:01:00,6900,6875,6900,6875,16000
2022-01-27 09:02:00,6875,6850,6875,6850,45100
2022-01-27 09:03:00,6875,6875,6900,6900,35600
2022-01-27 09:04:00,6900,6850,6900,6850,42400
2022-01-27 09:05:00,6850,6825,6850,6850,20600
2022-01-27 09:06:00,6850,6850,6850,6850,1500
2022-01-27 09:07:00,6850,6825,6850,6825,15900
2022-01-27 09:08:00,6825,6825,6850,6825,50200
2022-01-27 09:09:00,6825,6825,6875,6850,8700
2022-01-27 09:10:00,6850,6850,6850,6850,21300
2022-01-27 09:11:00,6850,6850,6875,6875,22900
2022-01-27 09:12:00,6875,6850,6875,6875,6800
2022-01-27 09:13:00,6850,6825,6875,6850,47000
2022-01-27 09:14:00,6825,6825,6850,6825,9800
2022-01-27 09:15:00,6850,6850,6850,6850,15600
2022-01-27 09:16:00,6850,6825,6850,6850,14500
2022-01-27 09:17:00,6850,6850,6875,6850,4700
2022-01-27 09:18:00,6875,6875,6875,6875,10400
2022-01-27 09:19:00,6875,6875,6875,6875,4100
2022-01-27 09:20:00,6875,6875,6875,6875,10100
2022-01-27 09:21:00,6875,6875,6875,6875,5600
2022-01-27 09:22:00,6850,6850,6850,6850,33800
2022-01-27 09:23:00,6850,6850,6850,6850,800
2022-01-27 09:24:00,6875,6850,6875,6850,22700
2022-01-27 09:25:00,6850,6850,6850,6850,1500
2022-01-27 09:26:00,6850,6850,6850,6850,24000
2022-01-27 09:27:00,6850,6850,6850,6850,12100
2022-01-27 09:28:00,6850,6850,6850,6850,8600
2022-01-27 09:29:00,6850,6850,6850,6850,12000
2022-01-27 09:30:00,6850,6850,6850,6850,4800
2022-01-27 09:31:00,6850,6850,6850,6850,16100
2022-01-27 09:32:00,6875,6875,6875,6875,200
2022-01-27 09:33:00,6875,6850,6875,6850,68900
2022-01-27 09:34:00,6850,6850,6850,6850,5000
2022-01-27 09:35:00,6850,6850,6850,6850,2700
2022-01-27 09:36:00,6850,6850,6850,6850,6500
2022-01-27 09:37:00,6850,6825,6850,6825,15900
2022-01-27 09:38:00,6825,6800,6825,6800,95200
2022-01-27 09:39:00,6825,6800,6825,6825,13900
2022-01-27 09:40:00,6825,6800,6825,6825,6600
2022-01-27 09:41:00,6825,6825,6825,6825,5500
2022-01-27 09:42:00,6825,6825,6825,6825,23000
2022-01-27 09:43:00,6825,6800,6825,6800,7700
2022-01-27 09:44:00,6825,6825,6825,6825,4600
2022-01-27 09:45:00,6825,6825,6825,6825,800
2022-01-27 09:46:00,6825,6800,6825,6825,21900
2022-01-27 09:47:00,6825,6825,6825,6825,400
2022-01-27 09:48:00,6825,6800,6825,6825,31600
2022-01-27 09:49:00,6800,6800,6825,6800,47800
2022-01-27 09:50:00,6825,6800,6825,6800,126100
2022-01-27 09:51:00,6825,6825,6825,6825,22600
2022-01-27 09:52:00,6825,6800,6825,6800,23000
2022-01-27 09:53:00,6800,6800,6825,6825,36900
2022-01-27 09:54:00,6825,6800,6825,6800,200
2022-01-27 09:55:00,6800,6775,6800,6800,76300
2022-01-27 09:56:00,6800,6775,6800,6775,6900
2022-01-27 09:57:00,6775,6775,6800,6800,14800
2022-01-27 09:58:00,6775,6775,6800,6775,62600
2022-01-27 09:59:00,6775,6775,6800,6800,5400
2022-01-27 10:00:00,6800,6775,6800,6800,1600
2022-01-27 10:01:00,6800,6800,6800,6800,104100
2022-01-27 10:02:00,6800,6775,6800,6775,5900
2022-01-27 10:03:00,6800,6800,6800,6800,8200
2022-01-27 10:04:00,6800,6800,6800,6800,21200
2022-01-27 10:05:00,6800,6775,6800,6775,11000
2022-01-27 10:06:00,6775,6775,6800,6800,60600
2022-01-27 10:07:00,6800,6775,6800,6775,12200
2022-01-27 10:08:00,6800,6775,6800,6800,3600
2022-01-27 10:09:00,6800,6800,6800,6800,2700
2022-01-27 10:10:00,6800,6800,6800,6800,12500
2022-01-27 10:11:00,6800,6800,6800,6800,5000
2022-01-27 10:12:00,6800,6775,6800,6800,1000
2022-01-27 10:13:00,6800,6775,6800,6800,8500
2022-01-27 10:14:00,6800,6800,6800,6800,2600
2022-01-27 10:15:00,6800,6775,6800,6775,20600
2022-01-27 10:16:00,6800,6800,6800,6800,400
2022-01-27 10:17:00,6800,6800,6800,6800,9600
2022-01-27 10:18:00,6800,6775,6800,6800,4900
2022-01-27 10:19:00,6800,6775,6800,6800,1700
2022-01-27 10:20:00,6775,6775,6800,6800,700
2022-01-27 10:21:00,6800,6800,6800,6800,1900
2022-01-27 10:22:00,6800,6775,6800,6800,1200
2022-01-27 10:23:00,6800,6800,6800,6800,600
2022-01-27 10:24:00,6800,6775,6800,6775,500
2022-01-27 10:25:00,6800,6800,6800,6800,400
2022-01-27 10:26:00,6800,6800,6800,6800,500
2022-01-27 10:27:00,6800,6775,6800,6775,5000
2022-01-27 10:28:00,6775,6775,6775,6775,3800
2022-01-27 10:29:00,6800,6800,6800,6800,5200
2022-01-27 10:30:00,6800,6800,6800,6800,1600
2022-01-27 10:31:00,6800,6800,6800,6800,1200
2022-01-27 10:32:00,6800,6775,6800,6775,7000
2022-01-27 10:33:00,6800,6800,6800,6800,1000
2022-01-27 10:34:00,6800,6775,6800,6775,109900
2022-01-27 10:35:00,6775,6775,6800,6775,9800
2022-01-27 10:36:00,6775,6775,6775,6775,300
2022-01-27 10:37:00,6775,6775,6800,6775,18500
2022-01-27 10:38:00,6775,6750,6775,6775,6400
2022-01-27 10:39:00,6775,6775,6775,6775,18600
2022-01-27 10:40:00,6775,6750,6775,6750,300
2022-01-27 10:41:00,6775,6750,6775,6775,2600
2022-01-27 10:42:00,6775,6775,6775,6775,500
2022-01-27 10:43:00,6775,6750,6775,6750,900
2022-01-27 10:44:00,6750,6750,6775,6775,1300
2022-01-27 10:45:00,6750,6750,6775,6750,31500
2022-01-27 10:46:00,6750,6750,6750,6750,5500
2022-01-27 10:47:00,6750,6750,6775,6775,4000
2022-01-27 10:48:00,6750,6750,6750,6750,400
2022-01-27 10:49:00,6750,6750,6775,6775,3100
2022-01-27 10:50:00,6775,6750,6775,6750,162400
2022-01-27 10:51:00,6775,6750,6775,6750,0
2022-01-27 10:52:00,6750,6750,6750,6750,47700
2022-01-27 10:53:00,6750,6725,6750,6750,21200
2022-01-27 10:54:00,6725,6725,6750,6750,6100
2022-01-27 10:55:00,6750,6725,6750,6750,13900
2022-01-27 10:56:00,6750,6750,6750,6750,500
2022-01-27 10:57:00,6750,6725,6750,6725,10800
2022-01-27 10:58:00,6725,6725,6725,6725,2200
2022-01-27 10:59:00,6725,6725,6750,6750,11200
2022-01-27 11:00:00,6750,6725,6750,6725,11000
2022-01-27 11:01:00,6725,6725,6750,6750,200
2022-01-27 11:02:00,6750,6750,6750,6750,3000
2022-01-27 11:03:00,6750,6725,6750,6725,4800
2022-01-27 11:04:00,6725,6725,6750,6725,4000
2022-01-27 11:05:00,6725,6725,6750,6750,200
2022-01-27 11:06:00,6750,6750,6750,6750,100
2022-01-27 11:07:00,6750,6750,6750,6750,200
2022-01-27 11:08:00,6725,6725,6750,6750,1000
2022-01-27 11:09:00,6750,6725,6750,6725,900
2022-01-27 11:10:00,6725,6725,6750,6750,1500
2022-01-27 11:11:00,6725,6725,6750,6750,600
2022-01-27 11:12:00,6750,6750,6750,6750,1200
2022-01-27 11:13:00,6750,6750,6750,6750,800
2022-01-27 11:14:00,6750,6725,6750,6750,21200
2022-01-27 11:15:00,6750,6725,6750,6725,3300
2022-01-27 11:16:00,6725,6725,6725,6725,1100
2022-01-27 11:17:00,6725,6725,6725,6725,0
2022-01-27 11:18:00,6725,6725,6725,6725,0
2022-01-27 11:19:00,6750,6750,6750,6750,800
2022-01-27 11:20:00,6750,6750,6750,6750,15800
2022-01-27 11:21:00,6725,6725,6750,6725,16100
2022-01-27 11:22:00,6725,6725,6725,6725,100
2022-01-27 11:23:00,6750,6750,6750,6750,33600
2022-01-27 11:24:00,6750,6750,6750,6750,37400
2022-01-27 11:25:00,6750,6750,6750,6750,200
2022-01-27 11:26:00,6750,6750,6750,6750,100
2022-01-27 11:27:00,6750,6750,6750,6750,91900
2022-01-27 11:28:00,6750,6750,6750,6750,14200
2022-01-27 11:29:00,6775,6775,6775,6775,2600
2022-01-27 11:30:00,6775,6775,6775,6775,0
2022-01-27 11:31:00,6775,6775,6775,6775,0
2022-01-27 11:32:00,6775,6775,6775,6775,0
2022-01-27 11:33:00,6775,6775,6775,6775,0
2022-01-27 11:34:00,6775,6775,6775,6775,0
2022-01-27 11:35:00,6775,6775,6775,6775,0
2022-01-27 11:36:00,6775,6775,6775,6775,0
2022-01-27 11:37:00,6775,6775,6775,6775,0
2022-01-27 11:38:00,6775,6775,6775,6775,0
2022-01-27 11:39:00,6775,6775,6775,6775,0
2022-01-27 11:40:00,6775,6775,6775,6775,0
2022-01-27 11:41:00,6775,6775,6775,6775,0
2022-01-27 11:42:00,6775,6775,6775,6775,0
2022-01-27 11:43:00,6775,6775,6775,6775,0
2022-01-27 11:44:00,6775,6775,6775,6775,0
2022-01-27 11:45:00,6775,6775,6775,6775,0
2022-01-27 11:46:00,6775,6775,6775,6775,0
2022-01-27 11:47:00,6775,6775,6775,6775,0
2022-01-27 11:48:00,6775,6775,6775,6775,0
2022-01-27 11:49:00,6775,6775,6775,6775,0
2022-01-27 11:50:00,6775,6775,6775,6775,0
2022-01-27 11:51:00,6775,6775,6775,6775,0
2022-01-27 11:52:00,6775,6775,6775,6775,0
2022-01-27 11:53:00,6775,6775,6775,6775,0
2022-01-27 11:54:00,6775,6775,6775,6775,0
2022-01-27 11:55:00,6775,6775,6775,6775,0
2022-01-27 11:56:00,6775,6775,6775,6775,0
2022-01-27 11:57:00,6775,6775,6775,6775,0
2022-01-27 11:58:00,6775,6775,6775,6775,0
2022-01-27 11:59:00,6775,6775,6775,6775,0
2022-01-27 12:00:00,6775,6775,6775,6775,0
2022-01-27 12:01:00,6775,6775,6775,6775,0
2022-01-27 12:02:00,6775,6775,6775,6775,0
2022-01-27 12:03:00,6775,6775,6775,6775,0
2022-01-27 12:04:00,6775,6775,6775,6775,0
2022-01-27 12:05:00,6775,6775,6775,6775,0
2022-01-27 12:06:00,6775,6775,6775,6775,0
2022-01-27 12:07:00,6775,6775,6775,6775,0
2022-01-27 12:08:00,6775,6775,6775,6775,0
2022-01-27 12:09:00,6775,6775,6775,6775,0
2022-01-27 12:10:00,6775,6775,6775,6775,0
2022-01-27 12:11:00,6775,6775,6775,6775,0
2022-01-27 12:12:00,6775,6775,6775,6775,0
2022-01-27 12:13:00,6775,6775,6775,6775,0
2022-01-27 12:14:00,6775,6775,6775,6775,0
2022-01-27 12:15:00,6775,6775,6775,6775,0
2022-01-27 12:16:00,6775,6775,6775,6775,0
2022-01-27 12:17:00,6775,6775,6775,6775,0
2022-01-27 12:18:00,6775,6775,6775,6775,0
2022-01-27 12:19:00,6775,6775,6775,6775,0
2022-01-27 12:20:00,6775,6775,6775,6775,0
2022-01-27 12:21:00,6775,6775,6775,6775,0
2022-01-27 12:22:00,6775,6775,6775,6775,0
2022-01-27 12:23:00,6775,6775,6775,6775,0
2022-01-27 12:24:00,6775,6775,6775,6775,0
2022-01-27 12:25:00,6775,6775,6775,6775,0
2022-01-27 12:26:00,6775,6775,6775,6775,0
2022-01-27 12:27:00,6775,6775,6775,6775,0
2022-01-27 12:28:00,6775,6775,6775,6775,0
2022-01-27 12:29:00,6775,6775,6775,6775,0
2022-01-27 12:30:00,6775,6775,6775,6775,0
2022-01-27 12:31:00,6775,6775,6775,6775,0
2022-01-27 12:32:00,6775,6775,6775,6775,0
2022-01-27 12:33:00,6775,6775,6775,6775,0
2022-01-27 12:34:00,6775,6775,6775,6775,0
2022-01-27 12:35:00,6775,6775,6775,6775,0
2022-01-27 12:36:00,6775,6775,6775,6775,0
2022-01-27 12:37:00,6775,6775,6775,6775,0
2022-01-27 12:38:00,6775,6775,6775,6775,0
2022-01-27 12:39:00,6775,6775,6775,6775,0
2022-01-27 12:40:00,6775,6775,6775,6775,0
2022-01-27 12:41:00,6775,6775,6775,6775,0
2022-01-27 12:42:00,6775,6775,6775,6775,0
2022-01-27 12:43:00,6775,6775,6775,6775,0
2022-01-27 12:44:00,6775,6775,6775,6775,0
2022-01-27 12:45:00,6775,6775,6775,6775,0
2022-01-27 12:46:00,6775,6775,6775,6775,0
2022-01-27 12:47:00,6775,6775,6775,6775,0
2022-01-27 12:48:00,6775,6775,6775,6775,0
2022-01-27 12:49:00,6775,6775,6775,6775,0
2022-01-27 12:50:00,6775,6775,6775,6775,0
2022-01-27 12:51:00,6775,6775,6775,6775,0
2022-01-27 12:52:00,6775,6775,6775,6775,0
2022-01-27 12:53:00,6775,6775,6775,6775,0
2022-01-27 12:54:00,6775,6775,6775,6775,0
2022-01-27 12:55:00,6775,6775,6775,6775,0
2022-01-27 12:56:00,6775,6775,6775,6775,0
2022-01-27 12:57:00,6775,6775,6775,6775,0
2022-01-27 12:58:00,6775,6775,6775,6775,0
2022-01-27 12:59:00,6775,6775,6775,6775,0
2022-01-27 13:00:00,6775,6775,6775,6775,0
2022-01-27 13:01:00,6775,6775,6775,6775,0
2022-01-27 13:02:00,6775,6775,6775,6775,0
2022-01-27 13:03:00,6775,6775,6775,6775,0
2022-01-27 13:04:00,6775,6775,6775,6775,0
2022-01-27 13:05:00,6775,6775,6775,6775,0
2022-01-27 13:06:00,6775,6775,6775,6775,0
2022-01-27 13:07:00,6775,6775,6775,6775,0
2022-01-27 13:08:00,6775,6775,6775,6775,0
2022-01-27 13:09:00,6775,6775,6775,6775,0
2022-01-27 13:10:00,6775,6775,6775,6775,0
2022-01-27 13:11:00,6775,6775,6775,6775,0
2022-01-27 13:12:00,6775,6775,6775,6775,0
2022-01-27 13:13:00,6775,6775,6775,6775,0
2022-01-27 13:14:00,6775,6775,6775,6775,0
2022-01-27 13:15:00,6775,6775,6775,6775,0
2022-01-27 13:16:00,6775,6775,6775,6775,0
2022-01-27 13:17:00,6775,6775,6775,6775,0
2022-01-27 13:18:00,6775,6775,6775,6775,0
2022-01-27 13:19:00,6775,6775,6775,6775,0
2022-01-27 13:20:00,6775,6775,6775,6775,0
2022-01-27 13:21:00,6775,6775,6775,6775,0
2022-01-27 13:22:00,6775,6775,6775,6775,0
2022-01-27 13:23:00,6775,6775,6775,6775,0
2022-01-27 13:24:00,6775,6775,6775,6775,0
2022-01-27 13:25:00,6775,6775,6775,6775,0
2022-01-27 13:26:00,6775,6775,6775,6775,0
2022-01-27 13:27:00,6775,6775,6775,6775,0
2022-01-27 13:28:00,6775,6775,6775,6775,0
2022-01-27 13:29:00,6775,6775,6775,6775,0
2022-01-27 13:30:00,6775,6750,6775,6775,34000
2022-01-27 13:31:00,6775,6750,6775,6775,0
2022-01-27 13:32:00,6750,6750,6750,6750,10100
2022-01-27 13:33:00,6750,6750,6750,6750,20000
2022-01-27 13:34:00,6750,6750,6750,6750,0
2022-01-27 13:35:00,6750,6750,6750,6750,10000
2022-01-27 13:36:00,6750,6725,6750,6725,46300
2022-01-27 13:37:00,6750,6750,6750,6750,3000
2022-01-27 13:38:00,6750,6750,6750,6750,24300
2022-01-27 13:39:00,6750,6750,6750,6750,25200
2022-01-27 13:40:00,6750,6750,6750,6750,0
2022-01-27 13:41:00,6750,6750,6750,6750,1700
2022-01-27 13:42:00,6750,6750,6750,6750,24500
2022-01-27 13:43:00,6750,6750,6750,6750,3100
2022-01-27 13:44:00,6750,6750,6750,6750,600
2022-01-27 13:45:00,6750,6725,6750,6725,13600
2022-01-27 13:46:00,6750,6750,6750,6750,100
2022-01-27 13:47:00,6725,6725,6750,6750,7700
2022-01-27 13:48:00,6750,6750,6750,6750,900
2022-01-27 13:49:00,6750,6750,6750,6750,23500
2022-01-27 13:50:00,6750,6750,6750,6750,800
2022-01-27 13:51:00,6750,6750,6750,6750,0
2022-01-27 13:52:00,6750,6750,6750,6750,1600
2022-01-27 13:53:00,6750,6725,6750,6725,31500
2022-01-27 13:54:00,6725,6725,6725,6725,10000
2022-01-27 13:55:00,6725,6725,6750,6750,7300
2022-01-27 13:56:00,6750,6725,6750,6750,13100
2022-01-27 13:57:00,6775,6775,6775,6775,900
2022-01-27 13:58:00,6750,6750,6750,6750,1000
2022-01-27 13:59:00,6775,6750,6775,6750,500
2022-01-27 14:00:00,6775,6750,6775,6750,400
2022-01-27 14:01:00,6750,6750,6750,6750,10000
2022-01-27 14:02:00,6750,6750,6750,6750,100
2022-01-27 14:03:00,6750,6750,6750,6750,6500
2022-01-27 14:04:00,6750,6750,6750,6750,7500
2022-01-27 14:05:00,6775,6775,6775,6775,600
2022-01-27 14:06:00,6750,6750,6750,6750,500
2022-01-27 14:07:00,6750,6750,6775,6775,900
2022-01-27 14:08:00,6750,6750,6775,6775,0
2022-01-27 14:09:00,6750,6750,6775,6750,2000
2022-01-27 14:10:00,6750,6750,6775,6750,0
2022-01-27 14:11:00,6775,6750,6775,6750,110100
2022-01-27 14:12:00,6750,6725,6750,6750,55600
2022-01-27 14:13:00,6750,6725,6750,6750,76500
2022-01-27 14:14:00,6750,6750,6750,6750,1900
2022-01-27 14:15:00,6750,6750,6775,6775,24300
2022-01-27 14:16:00,6775,6775,6775,6775,1000
2022-01-27 14:17:00,6775,6775,6775,6775,100
2022-01-27 14:18:00,6775,6750,6775,6750,100500
2022-01-27 14:19:00,6750,6750,6750,6750,30800
2022-01-27 14:20:00,6750,6750,6750,6750,50500
2022-01-27 14:21:00,6750,6750,6750,6750,83200
2022-01-27 14:22:00,6750,6750,6750,6750,8300
2022-01-27 14:23:00,6750,6725,6750,6750,4800
2022-01-27 14:24:00,6750,6725,6750,6750,9300
2022-01-27 14:25:00,6750,6725,6750,6725,12100
2022-01-27 14:26:00,6725,6725,6750,6750,500
2022-01-27 14:27:00,6725,6725,6750,6750,24700
2022-01-27 14:28:00,6750,6725,6750,6725,231100
2022-01-27 14:29:00,6750,6725,6750,6750,92200
2022-01-27 14:30:00,6750,6725,6750,6725,14300
2022-01-27 14:31:00,6725,6725,6750,6750,1400
2022-01-27 14:32:00,6725,6725,6725,6725,36800
2022-01-27 14:33:00,6725,6725,6725,6725,205600
2022-01-27 14:34:00,6750,6725,6750,6725,22800
2022-01-27 14:35:00,6725,6725,6750,6750,26000
2022-01-27 14:36:00,6750,6750,6750,6750,600
2022-01-27 14:37:00,6725,6725,6750,6750,96900
2022-01-27 14:38:00,6775,6750,6775,6750,5100
2022-01-27 14:39:00,6750,6750,6750,6750,1000
2022-01-27 14:40:00,6775,6775,6775,6775,90900
2022-01-27 14:41:00,6800,6775,6800,6775,2200
2022-01-27 14:42:00,6775,6775,6775,6775,21200
2022-01-27 14:43:00,6750,6750,6775,6775,5400
2022-01-27 14:44:00,6775,6750,6775,6775,3900
2022-01-27 14:45:00,6750,6750,6775,6775,6200
2022-01-27 14:46:00,6775,6775,6775,6775,2700
2022-01-27 14:47:00,6775,6775,6775,6775,4000
2022-01-27 14:48:00,6750,6750,6775,6775,7700
2022-01-27 14:49:00,6750,6750,6775,6775,55700
2022-01-27 14:50:00,6750,6750,6775,6775,0
2022-01-27 14:51:00,6750,6750,6775,6775,0
2022-01-27 14:52:00,6750,6750,6775,6775,0
2022-01-27 14:53:00,6750,6750,6775,6775,0
2022-01-27 14:54:00,6750,6750,6775,6775,0
2022-01-27 14:55:00,6750,6750,6775,6775,0
2022-01-27 14:56:00,6750,6750,6775,6775,0
2022-01-27 14:57:00,6750,6750,6775,6775,0
2022-01-27 14:58:00,6750,6750,6775,6775,0
2022-01-27 14:59:00,6750,6750,6775,6775,0
2022-01-27 15:00:00,6750,6750,6750,6750,332900
2022-01-27 15:01:00,6750,6750,6750,6750,164700
2022-01-27 15:02:00,6750,6750,6750,6750,17400
2022-01-27 15:03:00,6750,6750,6750,6750,34500
2022-01-27 15:04:00,6750,6750,6750,6750,1700
2022-01-27 15:05:00,6750,6750,6750,6750,8600
2022-01-27 15:06:00,6750,6750,6750,6750,1900
2022-01-27 15:07:00,6750,6750,6750,6750,2700
2022-01-27 15:08:00,6750,6750,6750,6750,3600
2022-01-27 15:09:00,6750,6750,6750,6750,96500
2022-01-27 15:10:00,6750,6750,6750,6750,20300
2022-01-27 15:11:00,6750,6750,6750,6750,19600
2022-01-27 15:12:00,6750,6750,6750,6750,5400
2022-01-27 15:13:00,6750,6750,6750,6750,0
2022-01-27 15:14:00,6750,6750,6750,6750,0
2022-01-27 15:15:00,6750,6750,6750,6750,0
2022-01-27 15:16:00,6750,6750,6750,6750,0
2022-01-27 15:17:00,6750,6750,6750,6750,0
2022-01-27 15:18:00,6750,6750,6750,6750,0
2022-01-27 15:19:00,6750,6750,6750,6750,0
2022-01-27 15:20:00,6750,6750,6750,6750,0
2022-01-27 15:21:00,6750,6750,6750,6750,0
2022-01-27 15:22:00,6750,6750,6750,6750,0
2022-01-27 15:23:00,6750,6750,6750,6750,0
2022-01-27 15:24:00,6750,6750,6750,6750,0
2022-01-27 15:25:00,6750,6750,6750,6750,0
2022-01-27 15:26:00,6750,6750,6750,6750,0
2022-01-27 15:27:00,6750,6750,6750,6750,0
2022-01-27 15:28:00,6750,6750,6750,6750,0
2022-01-27 15:29:00,6750,6750,6750,6750,0
2022-01-27 15:30:00,6750,6750,6750,6750,0
2022-01-27 15:31:00,6750,6750,6750,6750,0
2022-01-27 15:32:00,6750,6750,6750,6750,0
2022-01-27 15:33:00,6750,6750,6750,6750,0
2022-01-27 15:34:00,6750,6750,6750,6750,0
2022-01-27 15:35:00,6750,6750,6750,6750,0
2022-01-27 15:36:00,6750,6750,6750,6750,0
2022-01-27 15:37:00,6750,6750,6750,6750,0
2022-01-27 15:38:00,6750,6750,6750,6750,0
2022-01-27 15:39:00,6750,6750,6750,6750,0
2022-01-27 15:40:00,6750,6750,6750,6750,0
2022-01-27 15:41:00,6750,6750,6750,6750,0
2022-01-27 15:42:00,6750,6750,6750,6750,0
2022-01-27 15:43:00,6750,6750,6750,6750,0
2022-01-27 15:44:00,6750,6750,6750,6750,0
2022-01-27 15:45:00,6750,6750,6750,6750,0
2022-01-27 15:46:00,6750,6750,6750,6750,0
2022-01-27 15:47:00,6750,6750,6750,6750,0
2022-01-27 15:48:00,6750,6750,6750,6750,0
2022-01-27 15:49:00,6750,6750,6750,6750,0
2022-01-27 15:50:00,6750,6750,6750,6750,0
2022-01-27 15:51:00,6750,6750,6750,6750,0
2022-01-27 15:52:00,6750,6750,6750,6750,0
2022-01-27 15:53:00,6750,6750,6750,6750,0
2022-01-27 15:54:00,6750,6750,6750,6750,0
2022-01-27 15:55:00,6750,6750,6750,6750,0
2022-01-27 15:56:00,6750,6750,6750,6750,0
2022-01-27 15:57:00,6750,6750,6750,6750,0
2022-01-27 15:58:00,6750,6750,6750,6750,0
2022-01-27 15:59:00,6750,6750,6750,6750,0
2022-01-28 09:00:00,6775,6775,6800,6775,900
2022-01-28 09:01:00,6775,6775,6775,6775,600
2022-01-28 09:02:00,6800,6800,6800,6800,10500
2022-01-28 09:03:00,6775,6775,6775,6775,28500
2022-01-28 09:04:00,6750,6750,6750,6750,12500
2022-01-28 09:05:00,6775,6750,6775,6750,11200
2022-01-28 09:06:00,6775,6750,6775,6750,0
2022-01-28 09:07:00,6750,6750,6750,6750,200
2022-01-28 09:08:00,6775,6775,6775,6775,600
2022-01-28 09:09:00,6775,6775,6775,6775,900
2022-01-28 09:10:00,6750,6750,6775,6775,14400
2022-01-28 09:11:00,6775,6775,6775,6775,13800
2022-01-28 09:12:00,6775,6775,6775,6775,7100
2022-01-28 09:13:00,6775,6750,6775,6750,1300
2022-01-28 09:14:00,6775,6775,6775,6775,6900
2022-01-28 09:15:00,6775,6775,6775,6775,3400
2022-01-28 09:16:00,6800,6775,6800,6775,7600
2022-01-28 09:17:00,6775,6775,6800,6800,800
2022-01-28 09:18:00,6800,6800,6800,6800,700
2022-01-28 09:19:00,6800,6800,6800,6800,100
2022-01-28 09:20:00,6800,6800,6800,6800,0
2022-01-28 09:21:00,6800,6775,6800,6775,5500
2022-01-28 09:22:00,6775,6775,6800,6775,2600
2022-01-28 09:23:00,6775,6775,6775,6775,1600
2022-01-28 09:24:00,6800,6775,6800,6800,5700
2022-01-28 09:25:00,6800,6800,6800,6800,15400
2022-01-28 09:26:00,6800,6800,6800,6800,2000
2022-01-28 09:27:00,6800,6800,6800,6800,1100
2022-01-28 09:28:00,6800,6775,6800,6775,400
2022-01-28 09:29:00,6775,6775,6800,6800,8600
2022-01-28 09:30:00,6800,6775,6800,6800,400
2022-01-28 09:31:00,6800,6775,6800,6775,1000
2022-01-28 09:32:00,6800,6800,6800,6800,100
2022-01-28 09:33:00,6775,6775,6800,6800,10200
2022-01-28 09:34:00,6800,6800,6800,6800,20100
2022-01-28 09:35:00,6800,6800,6800,6800,200
2022-01-28 09:36:00,6800,6800,6800,6800,400
2022-01-28 09:37:00,6775,6775,6775,6775,700
2022-01-28 09:38:00,6800,6800,6800,6800,100
2022-01-28 09:39:00,6800,6775,6800,6800,37000
2022-01-28 09:40:00,6800,6800,6800,6800,16300
2022-01-28 09:41:00,6800,6800,6800,6800,0
2022-01-28 09:42:00,6800,6800,6800,6800,2200
2022-01-28 09:43:00,6800,6775,6800,6775,200
2022-01-28 09:44:00,6800,6775,6800,6775,0
2022-01-28 09:45:00,6775,6775,6775,6775,30600
2022-01-28 09:46:00,6775,6775,6775,6775,20200
2022-01-28 09:47:00,6775,6775,6800,6775,5200
2022-01-28 09:48:00,6775,6775,6775,6775,23000
2022-01-28 09:49:00,6775,6775,6775,6775,20400
2022-01-28 09:50:00,6775,6775,6800,6775,700
2022-01-28 09:51:00,6775,6775,6800,6775,0
2022-01-28 09:52:00,6775,6775,6800,6775,0
2022-01-28 09:53:00,6800,6800,6800,6800,21300
2022-01-28 09:54:00,6800,6775,6800,6775,2600
2022-01-28 09:55:00,6775,6775,6800,6800,300
2022-01-28 09:56:00,6800,6800,6800,6800,3600
2022-01-28 09:57:00,6800,6800,6800,6800,600
2022-01-28 09:58:00,6800,6800,6800,6800,2000
2022-01-28 09:59:00,6800,6800,6800,6800,15000
2022-01-28 10:00:00,6775,6775,6775,6775,500
2022-01-28 10:01:00,6775,6775,6775,6775,100
2022-01-28 10:02:00,6775,6775,6775,6775,0
2022-01-28 10:03:00,6775,6775,6775,6775,1200
2022-01-28 10:04:00,6800,6800,6800,6800,200
2022-01-28 10:05:00,6800,6800,6800,6800,36400
2022-01-28 10:06:00,6825,6825,6825,6825,68800
2022-01-28 10:07:00,6825,6825,6825,6825,200
2022-01-28 10:08:00,6850,6850,6850,6850,1100
2022-01-28 10:09:00,6850,6850,6850,6850,400
2022-01-28 10:10:00,6850,6825,6850,6825,1500
2022-01-28 10:11:00,6825,6825,6825,6825,3900
2022-01-28 10:12:00,6825,6825,6825,6825,49100
2022-01-28 10:13:00,6825,6825,6825,6825,2600
2022-01-28 10:14:00,6800,6800,6800,6800,100
2022-01-28 10:15:00,6800,6800,6800,6800,10000
2022-01-28 10:16:00,6800,6800,6800,6800,600
2022-01-28 10:17:00,6800,6800,6800,6800,1600
2022-01-28 10:18:00,6825,6825,6825,6825,100
2022-01-28 10:19:00,6800,6800,6800,6800,105300
2022-01-28 10:20:00,6775,6775,6800,6800,13600
2022-01-28 10:21:00,6825,6825,6825,6825,200
2022-01-28 10:22:00,6825,6825,6825,6825,0
2022-01-28 10:23:00,6825,6825,6825,6825,17300
2022-01-28 10:24:00,6825,6825,6825,6825,100
2022-01-28 10:25:00,6825,6825,6825,6825,300
2022-01-28 10:26:00,6825,6825,6825,6825,100
2022-01-28 10:27:00,6800,6800,6825,6825,10500
2022-01-28 10:28:00,6825,6825,6825,6825,200
2022-01-28 10:29:00,6825,6800,6825,6800,1200
2022-01-28 10:30:00,6825,6825,6825,6825,300
2022-01-28 10:31:00,6825,6825,6825,6825,1000
2022-01-28 10:32:00,6825,6825,6825,6825,0
2022-01-28 10:33:00,6800,6800,6800,6800,1000
2022-01-28 10:34:00,6825,6825,6825,6825,10800
2022-01-28 10:35:00,6825,6825,6825,6825,1000
2022-01-28 10:36:00,6800,6800,6800,6800,16700
2022-01-28 10:37:00,6800,6800,6800,6800,100
2022-01-28 10:38:00,6800,6800,6800,6800,60000
2022-01-28 10:39:00,6800,6800,6800,6800,0
2022-01-28 10:40:00,6800,6800,6800,6800,50000
2022-01-28 10:41:00,6800,6800,6825,6825,100
2022-01-28 10:42:00,6800,6800,6800,6800,50900
2022-01-28 10:43:00,6800,6800,6800,6800,1100
2022-01-28 10:44:00,6800,6800,6800,6800,700
2022-01-28 10:45:00,6800,6800,6800,6800,100
2022-01-28 10:46:00,6800,6800,6825,6825,3200
2022-01-28 10:47:00,6825,6800,6825,6800,1000
2022-01-28 10:48:00,6800,6800,6800,6800,2000
2022-01-28 10:49:00,6800,6800,6800,6800,2100
2022-01-28 10:50:00,6800,6800,6800,6800,0
2022-01-28 10:51:00,6800,6800,6800,6800,0
2022-01-28 10:52:00,6800,6800,6825,6825,400
2022-01-28 10:53:00,6825,6825,6825,6825,100
2022-01-28 10:54:00,6800,6800,6800,6800,100
2022-01-28 10:55:00,6800,6800,6800,6800,500
2022-01-28 10:56:00,6800,6800,6800,6800,0
2022-01-28 10:57:00,6800,6800,6800,6800,15800
2022-01-28 10:58:00,6800,6800,6800,6800,500
2022-01-28 10:59:00,6800,6800,6800,6800,0
2022-01-28 11:00:00,6800,6800,6800,6800,0
2022-01-28 11:01:00,6800,6800,6800,6800,1000
2022-01-28 11:02:00,6800,6800,6800,6800,1300
2022-01-28 11:03:00,6800,6800,6800,6800,0
2022-01-28 11:04:00,6800,6800,6800,6800,0
2022-01-28 11:05:00,6800,6800,6800,6800,12100
2022-01-28 11:06:00,6800,6800,6800,6800,0
2022-01-28 11:07:00,6800,6800,6800,6800,0
2022-01-28 11:08:00,6800,6800,6800,6800,1500
2022-01-28 11:09:00,6800,6800,6800,6800,0
2022-01-28 11:10:00,6775,6775,6800,6800,2400
2022-01-28 11:11:00,6775,6775,6800,6800,0
2022-01-28 11:12:00,6775,6775,6800,6800,1400
2022-01-28 11:13:00,6775,6775,6775,6775,800
2022-01-28 11:14:00,6775,6775,6775,6775,0
2022-01-28 11:15:00,6775,6775,6775,6775,0
2022-01-28 11:16:00,6775,6775,6775,6775,0
2022-01-28 11:17:00,6775,6775,6775,6775,0
2022-01-28 11:18:00,6775,6775,6775,6775,0
2022-01-28 11:19:00,6800,6800,6800,6800,100
2022-01-28 11:20:00,6800,6775,6800,6775,700
2022-01-28 11:21:00,6800,6800,6800,6800,800
2022-01-28 11:22:00,6800,6800,6800,6800,0
2022-01-28 11:23:00,6775,6775,6800,6800,1500
2022-01-28 11:24:00,6800,6800,6800,6800,2000
2022-01-28 11:25:00,6775,6775,6775,6775,1300
2022-01-28 11:26:00,6775,6775,6775,6775,100
2022-01-28 11:27:00,6775,6775,6775,6775,500
2022-01-28 11:28:00,6775,6775,6775,6775,0
2022-01-28 11:29:00,6775,6775,6775,6775,0
2022-01-28 11:30:00,6775,6775,6775,6775,0
2022-01-28 11:31:00,6775,6775,6775,6775,0
2022-01-28 11:32:00,6775,6775,6775,6775,0
2022-01-28 11:33:00,6775,6775,6775,6775,0
2022-01-28 11:34:00,6775,6775,6775,6775,0
2022-01-28 11:35:00,6775,6775,6775,6775,0
2022-01-28 11:36:00,6775,6775,6775,6775,0
2022-01-28 11:37:00,6775,6775,6775,6775,0
2022-01-28 11:38:00,6775,6775,6775,6775,0
2022-01-28 11:39:00,6775,6775,6775,6775,0
2022-01-28 11:40:00,6775,6775,6775,6775,0
2022-01-28 11:41:00,6775,6775,6775,6775,0
2022-01-28 11:42:00,6775,6775,6775,6775,0
2022-01-28 11:43:00,6775,6775,6775,6775,0
2022-01-28 11:44:00,6775,6775,6775,6775,0
2022-01-28 11:45:00,6775,6775,6775,6775,0
2022-01-28 11:46:00,6775,6775,6775,6775,0
2022-01-28 11:47:00,6775,6775,6775,6775,0
2022-01-28 11:48:00,6775,6775,6775,6775,0
2022-01-28 11:49:00,6775,6775,6775,6775,0
2022-01-28 11:50:00,6775,6775,6775,6775,0
2022-01-28 11:51:00,6775,6775,6775,6775,0
2022-01-28 11:52:00,6775,6775,6775,6775,0
2022-01-28 11:53:00,6775,6775,6775,6775,0
2022-01-28 11:54:00,6775,6775,6775,6775,0
2022-01-28 11:55:00,6775,6775,6775,6775,0
2022-01-28 11:56:00,6775,6775,6775,6775,0
2022-01-28 11:57:00,6775,6775,6775,6775,0
2022-01-28 11:58:00,6775,6775,6775,6775,0
2022-01-28 11:59:00,6775,6775,6775,6775,0
2022-01-28 12:00:00,6775,6775,6775,6775,0
2022-01-28 12:01:00,6775,6775,6775,6775,0
2022-01-28 12:02:00,6775,6775,6775,6775,0
2022-01-28 12:03:00,6775,6775,6775,6775,0
2022-01-28 12:04:00,6775,6775,6775,6775,0
2022-01-28 12:05:00,6775,6775,6775,6775,0
2022-01-28 12:06:00,6775,6775,6775,6775,0
2022-01-28 12:07:00,6775,6775,6775,6775,0
2022-01-28 12:08:00,6775,6775,6775,6775,0
2022-01-28 12:09:00,6775,6775,6775,6775,0
2022-01-28 12:10:00,6775,6775,6775,6775,0
2022-01-28 12:11:00,6775,6775,6775,6775,0
2022-01-28 12:12:00,6775,6775,6775,6775,0
2022-01-28 12:13:00,6775,6775,6775,6775,0
2022-01-28 12:14:00,6775,6775,6775,6775,0
2022-01-28 12:15:00,6775,6775,6775,6775,0
2022-01-28 12:16:00,6775,6775,6775,6775,0
2022-01-28 12:17:00,6775,6775,6775,6775,0
2022-01-28 12:18:00,6775,6775,6775,6775,0
2022-01-28 12:19:00,6775,6775,6775,6775,0
2022-01-28 12:20:00,6775,6775,6775,6775,0
2022-01-28 12:21:00,6775,6775,6775,6775,0
2022-01-28 12:22:00,6775,6775,6775,6775,0
2022-01-28 12:23:00,6775,6775,6775,6775,0
2022-01-28 12:24:00,6775,6775,6775,6775,0
2022-01-28 12:25:00,6775,6775,6775,6775,0
2022-01-28 12:26:00,6775,6775,6775,6775,0
2022-01-28 12:27:00,6775,6775,6775,6775,0
2022-01-28 12:28:00,6775,6775,6775,6775,0
2022-01-28 12:29:00,6775,6775,6775,6775,0
2022-01-28 12:30:00,6775,6775,6775,6775,0
2022-01-28 12:31:00,6775,6775,6775,6775,0
2022-01-28 12:32:00,6775,6775,6775,6775,0
2022-01-28 12:33:00,6775,6775,6775,6775,0
2022-01-28 12:34:00,6775,6775,6775,6775,0
2022-01-28 12:35:00,6775,6775,6775,6775,0
2022-01-28 12:36:00,6775,6775,6775,6775,0
2022-01-28 12:37:00,6775,6775,6775,6775,0
2022-01-28 12:38:00,6775,6775,6775,6775,0
2022-01-28 12:39:00,6775,6775,6775,6775,0
2022-01-28 12:40:00,6775,6775,6775,6775,0
2022-01-28 12:41:00,6775,6775,6775,6775,0
2022-01-28 12:42:00,6775,6775,6775,6775,0
2022-01-28 12:43:00,6775,6775,6775,6775,0
2022-01-28 12:44:00,6775,6775,6775,6775,0
2022-01-28 12:45:00,6775,6775,6775,6775,0
2022-01-28 12:46:00,6775,6775,6775,6775,0
2022-01-28 12:47:00,6775,6775,6775,6775,0
2022-01-28 12:48:00,6775,6775,6775,6775,0
2022-01-28 12:49:00,6775,6775,6775,6775,0
2022-01-28 12:50:00,6775,6775,6775,6775,0
2022-01-28 12:51:00,6775,6775,6775,6775,0
2022-01-28 12:52:00,6775,6775,6775,6775,0
2022-01-28 12:53:00,6775,6775,6775,6775,0
2022-01-28 12:54:00,6775,6775,6775,6775,0
2022-01-28 12:55:00,6775,6775,6775,6775,0
2022-01-28 12:56:00,6775,6775,6775,6775,0
2022-01-28 12:57:00,6775,6775,6775,6775,0
2022-01-28 12:58:00,6775,6775,6775,6775,0
2022-01-28 12:59:00,6775,6775,6775,6775,0
2022-01-28 13:00:00,6775,6775,6775,6775,0
2022-01-28 13:01:00,6775,6775,6775,6775,0
2022-01-28 13:02:00,6775,6775,6775,6775,0
2022-01-28 13:03:00,6775,6775,6775,6775,0
2022-01-28 13:04:00,6775,6775,6775,6775,0
2022-01-28 13:05:00,6775,6775,6775,6775,0
2022-01-28 13:06:00,6775,6775,6775,6775,0
2022-01-28 13:07:00,6775,6775,6775,6775,0
2022-01-28 13:08:00,6775,6775,6775,6775,0
2022-01-28 13:09:00,6775,6775,6775,6775,0
2022-01-28 13:10:00,6775,6775,6775,6775,0
2022-01-28 13:11:00,6775,6775,6775,6775,0
2022-01-28 13:12:00,6775,6775,6775,6775,0
2022-01-28 13:13:00,6775,6775,6775,6775,0
2022-01-28 13:14:00,6775,6775,6775,6775,0
2022-01-28 13:15:00,6775,6775,6775,6775,0
2022-01-28 13:16:00,6775,6775,6775,6775,0
2022-01-28 13:17:00,6775,6775,6775,6775,0
2022-01-28 13:18:00,6775,6775,6775,6775,0
2022-01-28 13:19:00,6775,6775,6775,6775,0
2022-01-28 13:20:00,6775,6775,6775,6775,0
2022-01-28 13:21:00,6775,6775,6775,6775,0
2022-01-28 13:22:00,6775,6775,6775,6775,0
2022-01-28 13:23:00,6775,6775,6775,6775,0
2022-01-28 13:24:00,6775,6775,6775,6775,0
2022-01-28 13:25:00,6775,6775,6775,6775,0
2022-01-28 13:26:00,6775,6775,6775,6775,0
2022-01-28 13:27:00,6775,6775,6775,6775,0
2022-01-28 13:28:00,6775,6775,6775,6775,0
2022-01-28 13:29:00,6775,6775,6775,6775,0
2022-01-28 13:30:00,6775,6775,6800,6775,23500
2022-01-28 13:31:00,6800,6800,6800,6800,2800
2022-01-28 13:32:00,6800,6800,6800,6800,300
2022-01-28 13:33:00,6800,6800,6800,6800,0
2022-01-28 13:34:00,6800,6800,6800,6800,20000
2022-01-28 13:35:00,6800,6775,6800,6775,72000
2022-01-28 13:36:00,6800,6775,6800,6775,400
2022-01-28 13:37:00,6775,6775,6775,6775,5100
2022-01-28 13:38:00,6775,6775,6775,6775,0
2022-01-28 13:39:00,6800,6800,6800,6800,100
2022-01-28 13:40:00,6775,6775,6775,6775,500
2022-01-28 13:41:00,6775,6775,6775,6775,0
2022-01-28 13:42:00,6775,6775,6775,6775,900
2022-01-28 13:43:00,6775,6775,6775,6775,4100
2022-01-28 13:44:00,6775,6775,6775,6775,51700
2022-01-28 13:45:00,6775,6775,6775,6775,0
2022-01-28 13:46:00,6800,6800,6800,6800,7400
2022-01-28 13:47:00,6800,6775,6800,6775,29900
2022-01-28 13:48:00,6775,6775,6800,6800,12300
2022-01-28 13:49:00,6775,6775,6800,6800,0
2022-01-28 13:50:00,6800,6775,6800,6775,1300
2022-01-28 13:51:00,6800,6775,6800,6775,0
2022-01-28 13:52:00,6800,6775,6800,6775,900
2022-01-28 13:53:00,6800,6775,6800,6775,0
2022-01-28 13:54:00,6775,6775,6775,6775,400
2022-01-28 13:55:00,6775,6775,6775,6775,1000
2022-01-28 13:56:00,6800,6800,6800,6800,136700
2022-01-28 13:57:00,6825,6825,6825,6825,100
2022-01-28 13:58:00,6825,6825,6825,6825,0
2022-01-28 13:59:00,6825,6825,6825,6825,200
2022-01-28 14:00:00,6800,6800,6800,6800,2000
2022-01-28 14:01:00,6825,6825,6825,6825,1000
2022-01-28 14:02:00,6825,6825,6825,6825,500
2022-01-28 14:03:00,6800,6800,6800,6800,200
2022-01-28 14:04:00,6825,6825,6825,6825,200
2022-01-28 14:05:00,6800,6800,6825,6800,39700
2022-01-28 14:06:00,6800,6800,6825,6800,0
2022-01-28 14:07:00,6800,6800,6800,6800,41200
2022-01-28 14:08:00,6800,6800,6800,6800,600
2022-01-28 14:09:00,6800,6800,6800,6800,100
2022-01-28 14:10:00,6775,6775,6800,6800,20700
2022-01-28 14:11:00,6800,6800,6800,6800,500
2022-01-28 14:12:00,6800,6800,6800,6800,1100
2022-01-28 14:13:00,6800,6800,6800,6800,18600
2022-01-28 14:14:00,6800,6800,6800,6800,5100
2022-01-28 14:15:00,6800,6775,6800,6800,600
2022-01-28 14:16:00,6800,6775,6800,6800,0
2022-01-28 14:17:00,6800,6800,6800,6800,7500
2022-01-28 14:18:00,6775,6775,6775,6775,2100
2022-01-28 14:19:00,6775,6775,6775,6775,0
2022-01-28 14:20:00,6800,6800,6800,6800,200
2022-01-28 14:21:00,6800,6775,6800,6800,2000
2022-01-28 14:22:00,6800,6800,6800,6800,1700
2022-01-28 14:23:00,6800,6800,6800,6800,4200
2022-01-28 14:24:00,6800,6800,6800,6800,21100
2022-01-28 14:25:00,6800,6800,6800,6800,6600
2022-01-28 14:26:00,6775,6775,6800,6800,1600
2022-01-28 14:27:00,6800,6800,6800,6800,9400
2022-01-28 14:28:00,6800,6800,6800,6800,2500
2022-01-28 14:29:00,6775,6775,6800,6800,160700
2022-01-28 14:30:00,6800,6800,6825,6800,22900
2022-01-28 14:31:00,6800,6800,6800,6800,15000
2022-01-28 14:32:00,6800,6800,6800,6800,0
2022-01-28 14:33:00,6800,6800,6800,6800,100
2022-01-28 14:34:00,6800,6800,6800,6800,500
2022-01-28 14:35:00,6800,6800,6800,6800,20000
2022-01-28 14:36:00,6800,6800,6800,6800,3000
2022-01-28 14:37:00,6800,6800,6800,6800,5500
2022-01-28 14:38:00,6800,6800,6800,6800,0
2022-01-28 14:39:00,6800,6800,6800,6800,15000
2022-01-28 14:40:00,6800,6800,6800,6800,12100
2022-01-28 14:41:00,6800,6800,6800,6800,900
2022-01-28 14:42:00,6800,6775,6800,6775,13700
2022-01-28 14:43:00,6800,6800,6800,6800,18500
2022-01-28 14:44:00,6800,6800,6800,6800,3000
2022-01-28 14:45:00,6800,6800,6800,6800,13600
2022-01-28 14:46:00,6800,6800,6800,6800,1300
2022-01-28 14:47:00,6800,6800,6800,6800,3400
2022-01-28 14:48:00,6775,6775,6800,6800,29300
2022-01-28 14:49:00,6800,6800,6825,6825,4400
2022-01-28 14:50:00,6800,6800,6825,6825,0
2022-01-28 14:51:00,6800,6800,6825,6825,0
2022-01-28 14:52:00,6800,6800,6825,6825,0
2022-01-28 14:53:00,6800,6800,6825,6825,0
2022-01-28 14:54:00,6800,6800,6825,6825,0
2022-01-28 14:55:00,6800,6800,6825,6825,0
2022-01-28 14:56:00,6800,6800,6825,6825,0
2022-01-28 14:57:00,6800,6800,6825,6825,0
2022-01-28 14:58:00,6800,6800,6825,6825,0
2022-01-28 14:59:00,6800,6800,6825,6825,0
2022-01-28 15:00:00,6825,6825,6825,6825,45600
2022-01-28 15:01:00,6825,6825,6825,6825,9400
2022-01-28 15:02:00,6825,6825,6825,6825,300
2022-01-28 15:03:00,6825,6825,6825,6825,7400
2022-01-28 15:04:00,6825,6825,6825,6825,12500
2022-01-28 15:05:00,6825,6825,6825,6825,0
2022-01-28 15:06:00,6825,6825,6825,6825,100
2022-01-28 15:07:00,6825,6825,6825,6825,200
2022-01-28 15:08:00,6825,6825,6825,6825,1100
2022-01-28 15:09:00,6825,6825,6825,6825,200
2022-01-28 15:10:00,6825,6825,6825,6825,600
2022-01-28 15:11:00,6825,6825,6825,6825,0
2022-01-28 15:12:00,6825,6825,6825,6825,1000
2022-01-28 15:13:00,6825,6825,6825,6825,100
2022-01-28 15:14:00,6825,6825,6825,6825,0
2022-01-28 15:15:00,6825,6825,6825,6825,0
2022-01-28 15:16:00,6825,6825,6825,6825,0
2022-01-28 15:17:00,6825,6825,6825,6825,0
2022-01-28 15:18:00,6825,6825,6825,6825,0
2022-01-28 15:19:00,6825,6825,6825,6825,0
2022-01-28 15:20:00,6825,6825,6825,6825,0
2022-01-28 15:21:00,6825,6825,6825,6825,0
2022-01-28 15:22:00,6825,6825,6825,6825,0
2022-01-28 15:23:00,6825,6825,6825,6825,0
2022-01-28 15:24:00,6825,6825,6825,6825,0
2022-01-28 15:25:00,6825,6825,6825,6825,0
2022-01-28 15:26:00,6825,6825,6825,6825,0
2022-01-28 15:27:00,6825,6825,6825,6825,0
2022-01-28 15:28:00,6825,6825,6825,6825,0
2022-01-28 15:29:00,6825,6825,6825,6825,0
2022-01-28 15:30:00,6825,6825,6825,6825,0
2022-01-28 15:31:00,6825,6825,6825,6825,0
2022-01-28 15:32:00,6825,6825,6825,6825,0
2022-01-28 15:33:00,6825,6825,6825,6825,0
2022-01-28 15:34:00,6825,6825,6825,6825,0
2022-01-28 15:35:00,6825,6825,6825,6825,0
2022-01-28 15:36:00,6825,6825,6825,6825,0
2022-01-28 15:37:00,6825,6825,6825,6825,0
2022-01-28 15:38:00,6825,6825,6825,6825,0
2022-01-28 15:39:00,6825,6825,6825,6825,0
2022-01-28 15:40:00,6825,6825,6825,6825,0
2022-01-28 15:41:00,6825,6825,6825,6825,0
2022-01-28 15:42:00,6825,6825,6825,6825,0
2022-01-28 15:43:00,6825,6825,6825,6825,0
2022-01-28 15:44:00,6825,6825,6825,6825,0
2022-01-28 15:45:00,6825,6825,6825,6825,0
2022-01-28 15:46:00,6825,6825,6825,6825,0
2022-01-28 15:47:00,6825,6825,6825,6825,0
2022-01-28 15:48:00,6825,6825,6825,6825,0
2022-01-28 15:49:00,6825,6825,6825,6825,0
2022-01-28 15:50:00,6825,6825,6825,6825,0
2022-01-28 15:51:00,6825,6825,6825,6825,0
2022-01-28 15:52:00,6825,6825,6825,6825,0
2022-01-28 15:53:00,6825,6825,6825,6825,0
2022-01-28 15:54:00,6825,6825,6825,6825,0
2022-01-28 15:55:00,6825,6825,6825,6825,0
2022-01-28 15:56:00,6825,6825,6825,6825,0
2022-01-28 15:57:00,6825,6825,6825,6825,0
2022-01-28 15:58:00,6825,6825,6825,6825,0
2022-01-28 15:59:00,6825,6825,6825,6825,0
2022-01-31 09:00:00,6875,6850,6900,6900,7100
2022-01-31 09:01:00,6900,6900,6925,6900,15900
2022-01-31 09:02:00,6900,6875,6900,6875,7600
2022-01-31 09:03:00,6875,6875,6900,6875,4300
2022-01-31 09:04:00,6875,6875,6875,6875,3900
2022-01-31 09:05:00,6850,6850,6875,6850,2000
2022-01-31 09:06:00,6850,6850,6850,6850,100
2022-01-31 09:07:00,6850,6850,6850,6850,17500
2022-01-31 09:08:00,6850,6850,6875,6875,2500
2022-01-31 09:09:00,6875,6875,6875,6875,5600
2022-01-31 09:10:00,6875,6875,6875,6875,2100
2022-01-31 09:11:00,6875,6875,6875,6875,9900
2022-01-31 09:12:00,6875,6875,6875,6875,16600
2022-01-31 09:13:00,6875,6875,6900,6875,7700
2022-01-31 09:14:00,6900,6875,6900,6900,35100
2022-01-31 09:15:00,6900,6900,6900,6900,12800
2022-01-31 09:16:00,6900,6900,6900,6900,600
2022-01-31 09:17:00,6900,6875,6900,6900,8400
2022-01-31 09:18:00,6900,6900,6900,6900,700
2022-01-31 09:19:00,6900,6900,6900,6900,6500
2022-01-31 09:20:00,6900,6900,6900,6900,600
2022-01-31 09:21:00,6900,6900,6900,6900,20100
2022-01-31 09:22:00,6900,6875,6900,6875,6400
2022-01-31 09:23:00,6900,6900,6900,6900,2100
2022-01-31 09:24:00,6900,6900,6900,6900,2600
2022-01-31 09:25:00,6875,6850,6875,6850,19600
2022-01-31 09:26:00,6875,6875,6875,6875,5600
2022-01-31 09:27:00,6875,6875,6875,6875,4300
2022-01-31 09:28:00,6875,6850,6875,6850,400
2022-01-31 09:29:00,6875,6875,6875,6875,200
2022-01-31 09:30:00,6875,6850,6875,6875,500
2022-01-31 09:31:00,6875,6850,6875,6875,0
2022-01-31 09:32:00,6875,6875,6875,6875,100
2022-01-31 09:33:00,6875,6875,6875,6875,10000
2022-01-31 09:34:00,6875,6875,6875,6875,2500
2022-01-31 09:35:00,6875,6875,6875,6875,600
2022-01-31 09:36:00,6875,6875,6875,6875,0
2022-01-31 09:37:00,6875,6850,6875,6850,5000
2022-01-31 09:38:00,6850,6850,6850,6850,600
2022-01-31 09:39:00,6850,6850,6850,6850,0
2022-01-31 09:40:00,6850,6850,6850,6850,200
2022-01-31 09:41:00,6850,6850,6850,6850,300
2022-01-31 09:42:00,6850,6850,6850,6850,0
2022-01-31 09:43:00,6875,6875,6875,6875,200
2022-01-31 09:44:00,6875,6875,6875,6875,100
2022-01-31 09:45:00,6850,6850,6875,6850,10400
2022-01-31 09:46:00,6875,6875,6875,6875,4400
2022-01-31 09:47:00,6875,6875,6900,6900,1600
2022-01-31 09:48:00,6900,6875,6900,6875,800
2022-01-31 09:49:00,6900,6875,6900,6875,0
2022-01-31 09:50:00,6875,6875,6875,6875,300
2022-01-31 09:51:00,6875,6875,6875,6875,12300
2022-01-31 09:52:00,6875,6875,6875,6875,100
2022-01-31 09:53:00,6875,6875,6875,6875,1000
2022-01-31 09:54:00,6875,6875,6875,6875,0
2022-01-31 09:55:00,6875,6875,6875,6875,500
2022-01-31 09:56:00,6875,6875,6875,6875,5000
2022-01-31 09:57:00,6875,6875,6875,6875,3700
2022-01-31 09:58:00,6875,6875,6875,6875,2100
2022-01-31 09:59:00,6875,6850,6875,6850,500
2022-01-31 10:00:00,6875,6875,6875,6875,1200
2022-01-31 10:01:00,6875,6875,6875,6875,0
2022-01-31 10:02:00,6850,6850,6875,6850,400
2022-01-31 10:03:00,6850,6850,6850,6850,200
2022-01-31 10:04:00,6850,6850,6850,6850,0
2022-01-31 10:05:00,6875,6875,6875,6875,38700
2022-01-31 10:06:00,6875,6875,6875,6875,2100
2022-01-31 10:07:00,6875,6875,6875,6875,10600
2022-01-31 10:08:00,6875,6875,6875,6875,3800
2022-01-31 10:09:00,6875,6875,6875,6875,100
2022-01-31 10:10:00,6875,6875,6875,6875,200
2022-01-31 10:11:00,6875,6875,6875,6875,0
2022-01-31 10:12:00,6875,6875,6875,6875,0
2022-01-31 10:13:00,6875,6875,6875,6875,4500
2022-01-31 10:14:00,6875,6875,6875,6875,1500
2022-01-31 10:15:00,6875,6875,6875,6875,2200
2022-01-31 10:16:00,6875,6875,6875,6875,1300
2022-01-31 10:17:00,6875,6850,6875,6850,1100
2022-01-31 10:18:00,6875,6875,6875,6875,400
2022-01-31 10:19:00,6875,6875,6875,6875,3000
2022-01-31 10:20:00,6875,6875,6875,6875,700
2022-01-31 10:21:00,6875,6875,6875,6875,200
2022-01-31 10:22:00,6850,6850,6850,6850,600
2022-01-31 10:23:00,6875,6875,6875,6875,500
2022-01-31 10:24:00,6875,6875,6875,6875,800
2022-01-31 10:25:00,6875,6875,6875,6875,10000
2022-01-31 10:26:00,6875,6875,6900,6900,7600
2022-01-31 10:27:00,6875,6875,6875,6875,300
2022-01-31 10:28:00,6875,6875,6875,6875,100
2022-01-31 10:29:00,6875,6875,6900,6900,1300
2022-01-31 10:30:00,6900,6900,6900,6900,900
2022-01-31 10:31:00,6900,6900,6900,6900,600
2022-01-31 10:32:00,6900,6900,6900,6900,0
2022-01-31 10:33:00,6875,6875,6900,6900,8500
2022-01-31 10:34:00,6875,6875,6900,6900,0
2022-01-31 10:35:00,6875,6875,6900,6900,0
2022-01-31 10:36:00,6900,6900,6900,6900,1300
2022-01-31 10:37:00,6900,6900,6900,6900,1500
2022-01-31 10:38:00,6900,6875,6900,6875,1300
2022-01-31 10:39:00,6875,6875,6875,6875,100
2022-01-31 10:40:00,6875,6875,6875,6875,0
2022-01-31 10:41:00,6875,6875,6900,6900,1400
2022-01-31 10:42:00,6900,6875,6900,6900,7600
2022-01-31 10:43:00,6900,6875,6900,6900,0
2022-01-31 10:44:00,6900,6875,6900,6900,0
2022-01-31 10:45:00,6900,6900,6900,6900,6600
2022-01-31 10:46:00,6875,6875,6900,6900,5200
2022-01-31 10:47:00,6900,6900,6900,6900,19700
2022-01-31 10:48:00,6900,6900,6900,6900,0
2022-01-31 10:49:00,6900,6900,6900,6900,0
2022-01-31 10:50:00,6900,6900,6900,6900,2600
2022-01-31 10:51:00,6900,6900,6900,6900,0
2022-01-31 10:52:00,6900,6900,6900,6900,3200
2022-01-31 10:53:00,6900,6900,6900,6900,100
2022-01-31 10:54:00,6900,6900,6900,6900,200
2022-01-31 10:55:00,6900,6900,6900,6900,100
2022-01-31 10:56:00,6900,6900,6900,6900,0
2022-01-31 10:57:00,6900,6900,6900,6900,100
2022-01-31 10:58:00,6900,6900,6900,6900,100
2022-01-31 10:59:00,6900,6900,6900,6900,200
2022-01-31 11:00:00,6900,6900,6900,6900,0
2022-01-31 11:01:00,6900,6900,6900,6900,500
2022-01-31 11:02:00,6925,6925,6925,6925,200
2022-01-31 11:03:00,6900,6900,6925,6900,1700
2022-01-31 11:04:00,6925,6900,6925,6925,1600
2022-01-31 11:05:00,6925,6925,6925,6925,1200
2022-01-31 11:06:00,6900,6900,6900,6900,600
2022-01-31 11:07:00,6900,6900,6900,6900,12000
2022-01-31 11:08:00,6900,6900,6900,6900,200
2022-01-31 11:09:00,6925,6925,6925,6925,300
2022-01-31 11:10:00,6925,6925,6925,6925,0
2022-01-31 11:11:00,6900,6900,6900,6900,300
2022-01-31 11:12:00,6900,6900,6900,6900,0
2022-01-31 11:13:00,6900,6900,6900,6900,100
2022-01-31 11:14:00,6900,6900,6900,6900,1900
2022-01-31 11:15:00,6900,6900,6900,6900,20000
2022-01-31 11:16:00,6900,6900,6900,6900,0
2022-01-31 11:17:00,6900,6900,6900,6900,10000
2022-01-31 11:18:00,6900,6900,6900,6900,0
2022-01-31 11:19:00,6875,6875,6900,6875,22600
2022-01-31 11:20:00,6900,6900,6900,6900,1000
2022-01-31 11:21:00,6900,6900,6925,6900,15000
2022-01-31 11:22:00,6900,6900,6900,6900,1400
2022-01-31 11:23:00,6900,6900,6900,6900,12000
2022-01-31 11:24:00,6900,6900,6900,6900,3900
2022-01-31 11:25:00,6875,6875,6900,6875,2500
2022-01-31 11:26:00,6875,6875,6900,6875,0
2022-01-31 11:27:00,6900,6900,6900,6900,600
2022-01-31 11:28:00,6900,6900,6900,6900,500
2022-01-31 11:29:00,6900,6900,6900,6900,2900
2022-01-31 11:30:00,6900,6900,6900,6900,0
2022-01-31 11:31:00,6900,6900,6900,6900,0
2022-01-31 11:32:00,6900,6900,6900,6900,0
2022-01-31 11:33:00,6900,6900,6900,6900,0
2022-01-31 11:34:00,6900,6900,6900,6900,0
2022-01-31 11:35:00,6900,6900,6900,6900,0
2022-01-31 11:36:00,6900,6900,6900,6900,0
2022-01-31 11:37:00,6900,6900,6900,6900,0
2022-01-31 11:38:00,6900,6900,6900,6900,0
2022-01-31 11:39:00,6900,6900,6900,6900,0
2022-01-31 11:40:00,6900,6900,6900,6900,0
2022-01-31 11:41:00,6900,6900,6900,6900,0
2022-01-31 11:42:00,6900,6900,6900,6900,0
2022-01-31 11:43:00,6900,6900,6900,6900,0
2022-01-31 11:44:00,6900,6900,6900,6900,0
2022-01-31 11:45:00,6900,6900,6900,6900,0
2022-01-31 11:46:00,6900,6900,6900,6900,0
2022-01-31 11:47:00,6900,6900,6900,6900,0
2022-01-31 11:48:00,6900,6900,6900,6900,0
2022-01-31 11:49:00,6900,6900,6900,6900,0
2022-01-31 11:50:00,6900,6900,6900,6900,0
2022-01-31 11:51:00,6900,6900,6900,6900,0
2022-01-31 11:52:00,6900,6900,6900,6900,0
2022-01-31 11:53:00,6900,6900,6900,6900,0
2022-01-31 11:54:00,6900,6900,6900,6900,0
2022-01-31 11:55:00,6900,6900,6900,6900,0
2022-01-31 11:56:00,6900,6900,6900,6900,0
2022-01-31 11:57:00,6900,6900,6900,6900,0
2022-01-31 11:58:00,6900,6900,6900,6900,0
2022-01-31 11:59:00,6900,6900,6900,6900,0
2022-01-31 12:00:00,6900,6900,6900,6900,0
2022-01-31 12:01:00,6900,6900,6900,6900,0
2022-01-31 12:02:00,6900,6900,6900,6900,0
2022-01-31 12:03:00,6900,6900,6900,6900,0
2022-01-31 12:04:00,6900,6900,6900,6900,0
2022-01-31 12:05:00,6900,6900,6900,6900,0
2022-01-31 12:06:00,6900,6900,6900,6900,0
2022-01-31 12:07:00,6900,6900,6900,6900,0
2022-01-31 12:08:00,6900,6900,6900,6900,0
2022-01-31 12:09:00,6900,6900,6900,6900,0
2022-01-31 12:10:00,6900,6900,6900,6900,0
2022-01-31 12:11:00,6900,6900,6900,6900,0
2022-01-31 12:12:00,6900,6900,6900,6900,0
2022-01-31 12:13:00,6900,6900,6900,6900,0
2022-01-31 12:14:00,6900,6900,6900,6900,0
2022-01-31 12:15:00,6900,6900,6900,6900,0
2022-01-31 12:16:00,6900,6900,6900,6900,0
2022-01-31 12:17:00,6900,6900,6900,6900,0
2022-01-31 12:18:00,6900,6900,6900,6900,0
2022-01-31 12:19:00,6900,6900,6900,6900,0
2022-01-31 12:20:00,6900,6900,6900,6900,0
2022-01-31 12:21:00,6900,6900,6900,6900,0
2022-01-31 12:22:00,6900,6900,6900,6900,0
2022-01-31 12:23:00,6900,6900,6900,6900,0
2022-01-31 12:24:00,6900,6900,6900,6900,0
2022-01-31 12:25:00,6900,6900,6900,6900,0
2022-01-31 12:26:00,6900,6900,6900,6900,0
2022-01-31 12:27:00,6900,6900,6900,6900,0
2022-01-31 12:28:00,6900,6900,6900,6900,0
2022-01-31 12:29:00,6900,6900,6900,6900,0
2022-01-31 12:30:00,6900,6900,6900,6900,0
2022-01-31 12:31:00,6900,6900,6900,6900,0
2022-01-31 12:32:00,6900,6900,6900,6900,0
2022-01-31 12:33:00,6900,6900,6900,6900,0
2022-01-31 12:34:00,6900,6900,6900,6900,0
2022-01-31 12:35:00,6900,6900,6900,6900,0
2022-01-31 12:36:00,6900,6900,6900,6900,0
2022-01-31 12:37:00,6900,6900,6900,6900,0
2022-01-31 12:38:00,6900,6900,6900,6900,0
2022-01-31 12:39:00,6900,6900,6900,6900,0
2022-01-31 12:40:00,6900,6900,6900,6900,0
2022-01-31 12:41:00,6900,6900,6900,6900,0
2022-01-31 12:42:00,6900,6900,6900,6900,0
2022-01-31 12:43:00,6900,6900,6900,6900,0
2022-01-31 12:44:00,6900,6900,6900,6900,0
2022-01-31 12:45:00,6900,6900,6900,6900,0
2022-01-31 12:46:00,6900,6900,6900,6900,0
2022-01-31 12:47:00,6900,6900,6900,6900,0
2022-01-31 12:48:00,6900,6900,6900,6900,0
2022-01-31 12:49:00,6900,6900,6900,6900,0
2022-01-31 12:50:00,6900,6900,6900,6900,0
2022-01-31 12:51:00,6900,6900,6900,6900,0
2022-01-31 12:52:00,6900,6900,6900,6900,0
2022-01-31 12:53:00,6900,6900,6900,6900,0
2022-01-31 12:54:00,6900,6900,6900,6900,0
2022-01-31 12:55:00,6900,6900,6900,6900,0
2022-01-31 12:56:00,6900,6900,6900,6900,0
2022-01-31 12:57:00,6900,6900,6900,6900,0
2022-01-31 12:58:00,6900,6900,6900,6900,0
2022-01-31 12:59:00,6900,6900,6900,6900,0
2022-01-31 13:00:00,6900,6900,6900,6900,0
2022-01-31 13:01:00,6900,6900,6900,6900,0
2022-01-31 13:02:00,6900,6900,6900,6900,0
2022-01-31 13:03:00,6900,6900,6900,6900,0
2022-01-31 13:04:00,6900,6900,6900,6900,0
2022-01-31 13:05:00,6900,6900,6900,6900,0
2022-01-31 13:06:00,6900,6900,6900,6900,0
2022-01-31 13:07:00,6900,6900,6900,6900,0
2022-01-31 13:08:00,6900,6900,6900,6900,0
2022-01-31 13:09:00,6900,6900,6900,6900,0
2022-01-31 13:10:00,6900,6900,6900,6900,0
2022-01-31 13:11:00,6900,6900,6900,6900,0
2022-01-31 13:12:00,6900,6900,6900,6900,0
2022-01-31 13:13:00,6900,6900,6900,6900,0
2022-01-31 13:14:00,6900,6900,6900,6900,0
2022-01-31 13:15:00,6900,6900,6900,6900,0
2022-01-31 13:16:00,6900,6900,6900,6900,0
2022-01-31 13:17:00,6900,6900,6900,6900,0
2022-01-31 13:18:00,6900,6900,6900,6900,0
2022-01-31 13:19:00,6900,6900,6900,6900,0
2022-01-31 13:20:00,6900,6900,6900,6900,0
2022-01-31 13:21:00,6900,6900,6900,6900,0
2022-01-31 13:22:00,6900,6900,6900,6900,0
2022-01-31 13:23:00,6900,6900,6900,6900,0
2022-01-31 13:24:00,6900,6900,6900,6900,0
2022-01-31 13:25:00,6900,6900,6900,6900,0
2022-01-31 13:26:00,6900,6900,6900,6900,0
2022-01-31 13:27:00,6900,6900,6900,6900,0
2022-01-31 13:28:00,6900,6900,6900,6900,0
2022-01-31 13:29:00,6900,6900,6900,6900,0
2022-01-31 13:30:00,6900,6900,6900,6900,20900
2022-01-31 13:31:00,6925,6925,6925,6925,52100
2022-01-31 13:32:00,6925,6925,6950,6950,700
2022-01-31 13:33:00,6925,6925,6925,6925,4600
2022-01-31 13:34:00,6925,6925,6925,6925,9900
2022-01-31 13:35:00,6950,6950,6975,6975,52500
2022-01-31 13:36:00,6975,6950,6975,6975,78300
2022-01-31 13:37:00,7000,7000,7100,7100,191300
2022-01-31 13:38:00,7075,7075,7075,7075,15800
2022-01-31 13:39:00,7075,7075,7075,7075,4700
2022-01-31 13:40:00,7050,7000,7050,7000,36900
2022-01-31 13:41:00,7025,7000,7050,7050,2500
2022-01-31 13:42:00,7050,7025,7050,7025,2600
2022-01-31 13:43:00,7050,7025,7050,7025,8900
2022-01-31 13:44:00,7050,7025,7075,7075,17400
2022-01-31 13:45:00,7075,7050,7075,7075,11400
2022-01-31 13:46:00,7075,7050,7075,7050,800
2022-01-31 13:47:00,7050,7050,7050,7050,4700
2022-01-31 13:48:00,7050,7050,7075,7050,3800
2022-01-31 13:49:00,7050,7050,7075,7050,37700
2022-01-31 13:50:00,7050,7050,7075,7075,10600
2022-01-31 13:51:00,7050,7050,7050,7050,1400
2022-01-31 13:52:00,7050,7050,7075,7075,3500
2022-01-31 13:53:00,7050,7050,7075,7050,113200
2022-01-31 13:54:00,7050,7025,7050,7050,5200
2022-01-31 13:55:00,7050,7050,7050,7050,7000
2022-01-31 13:56:00,7050,7050,7075,7050,6900
2022-01-31 13:57:00,7050,7050,7075,7050,156100
2022-01-31 13:58:00,7050,7050,7100,7075,69300
2022-01-31 13:59:00,7075,7050,7075,7075,2900
2022-01-31 14:00:00,7075,7050,7075,7050,34400
2022-01-31 14:01:00,7050,7050,7050,7050,11100
2022-01-31 14:02:00,7050,7025,7050,7050,4300
2022-01-31 14:03:00,7050,7050,7050,7050,7800
2022-01-31 14:04:00,7050,7050,7050,7050,4200
2022-01-31 14:05:00,7050,7050,7075,7050,48100
2022-01-31 14:06:00,7075,7050,7075,7050,23800
2022-01-31 14:07:00,7050,7050,7050,7050,4100
2022-01-31 14:08:00,7050,7050,7050,7050,3000
2022-01-31 14:09:00,7075,7050,7075,7050,4500
2022-01-31 14:10:00,7050,7025,7050,7050,61200
2022-01-31 14:11:00,7050,7050,7050,7050,300
2022-01-31 14:12:00,7075,7050,7075,7050,3300
2022-01-31 14:13:00,7050,7050,7050,7050,4800
2022-01-31 14:14:00,7050,7050,7075,7050,22000
2022-01-31 14:15:00,7050,7050,7050,7050,2400
2022-01-31 14:16:00,7050,7050,7075,7075,21600
2022-01-31 14:17:00,7075,7050,7075,7050,56400
2022-01-31 14:18:00,7050,7025,7050,7025,16000
2022-01-31 14:19:00,7050,7025,7050,7025,4400
2022-01-31 14:20:00,7050,7025,7050,7025,6000
2022-01-31 14:21:00,7025,7025,7025,7025,3300
2022-01-31 14:22:00,7025,7025,7025,7025,2700
2022-01-31 14:23:00,7050,7025,7050,7025,17400
2022-01-31 14:24:00,7025,7025,7050,7025,3200
2022-01-31 14:25:00,7025,7025,7050,7050,4000
2022-01-31 14:26:00,7025,7025,7025,7025,3400
2022-01-31 14:27:00,7050,7025,7050,7025,9000
2022-01-31 14:28:00,7025,7025,7025,7025,2400
2022-01-31 14:29:00,7025,7025,7050,7050,5200
2022-01-31 14:30:00,7050,7025,7050,7025,83300
2022-01-31 14:31:00,7025,7025,7050,7050,11500
2022-01-31 14:32:00,7050,7025,7050,7025,5000
2022-01-31 14:33:00,7025,7025,7025,7025,3700
2022-01-31 14:34:00,7025,7025,7025,7025,9400
2022-01-31 14:35:00,7050,7025,7050,7025,1200
2022-01-31 14:36:00,7025,7025,7025,7025,5000
2022-01-31 14:37:00,7025,7025,7050,7050,8400
2022-01-31 14:38:00,7050,7050,7050,7050,1300
2022-01-31 14:39:00,7050,7025,7050,7050,19300
2022-01-31 14:40:00,7025,7025,7025,7025,21000
2022-01-31 14:41:00,7025,7025,7025,7025,11100
2022-01-31 14:42:00,7025,7025,7025,7025,50800
2022-01-31 14:43:00,7025,7025,7025,7025,4200
2022-01-31 14:44:00,7025,7025,7025,7025,9900
2022-01-31 14:45:00,7025,7025,7025,7025,11600
2022-01-31 14:46:00,7025,7025,7025,7025,10000
2022-01-31 14:47:00,7025,7025,7025,7025,61700
2022-01-31 14:48:00,7025,7025,7050,7025,18200
2022-01-31 14:49:00,7025,7025,7025,7025,1300
2022-01-31 14:50:00,7025,7025,7025,7025,0
2022-01-31 14:51:00,7025,7025,7025,7025,0
2022-01-31 14:52:00,7025,7025,7025,7025,0
2022-01-31 14:53:00,7025,7025,7025,7025,0
2022-01-31 14:54:00,7025,7025,7025,7025,0
2022-01-31 14:55:00,7025,7025,7025,7025,0
2022-01-31 14:56:00,7025,7025,7025,7025,0
2022-01-31 14:57:00,7025,7025,7025,7025,0
2022-01-31 14:58:00,7025,7025,7025,7025,0
2022-01-31 14:59:00,7025,7025,7025,7025,0
2022-01-31 15:00:00,7025,7025,7025,7025,85400
2022-01-31 15:01:00,7025,7025,7025,7025,2700
2022-01-31 15:02:00,7025,7025,7025,7025,0
2022-01-31 15:03:00,7025,7025,7025,7025,21500
2022-01-31 15:04:00,7025,7025,7025,7025,2000
2022-01-31 15:05:00,7025,7025,7025,7025,13700
2022-01-31 15:06:00,7025,7025,7025,7025,7800
2022-01-31 15:07:00,7025,7025,7025,7025,20400
2022-01-31 15:08:00,7025,7025,7025,7025,300
2022-01-31 15:09:00,7025,7025,7025,7025,25100
2022-01-31 15:10:00,7025,7025,7025,7025,0
2022-01-31 15:11:00,7025,7025,7025,7025,100
2022-01-31 15:12:00,7025,7025,7025,7025,6400
2022-01-31 15:13:00,7025,7025,7025,7025,100
2022-01-31 15:14:00,7025,7025,7025,7025,1100
2022-01-31 15:15:00,7025,7025,7025,7025,0
2022-01-31 15:16:00,7025,7025,7025,7025,0
2022-01-31 15:17:00,7025,7025,7025,7025,0
2022-01-31 15:18:00,7025,7025,7025,7025,0
2022-01-31 15:19:00,7025,7025,7025,7025,0
2022-01-31 15:20:00,7025,7025,7025,7025,0
2022-01-31 15:21:00,7025,7025,7025,7025,0
2022-01-31 15:22:00,7025,7025,7025,7025,0
2022-01-31 15:23:00,7025,7025,7025,7025,0
2022-01-31 15:24:00,7025,7025,7025,7025,0
2022-01-31 15:25:00,7025,7025,7025,7025,0
2022-01-31 15:26:00,7025,7025,7025,7025,0
2022-01-31 15:27:00,7025,7025,7025,7025,0
2022-01-31 15:28:00,7025,7025,7025,7025,0
2022-01-31 15:29:00,7025,7025,7025,7025,0
2022-01-31 15:30:00,7025,7025,7025,7025,0
2022-01-31 15:31:00,7025,7025,7025,7025,0
2022-01-31 15:32:00,7025,7025,7025,7025,0
2022-01-31 15:33:00,7025,7025,7025,7025,0
2022-01-31 15:34:00,7025,7025,7025,7025,0
2022-01-31 15:35:00,7025,7025,7025,7025,0
2022-01-31 15:36:00,7025,7025,7025,7025,0
2022-01-31 15:37:00,7025,7025,7025,7025,0
2022-01-31 15:38:00,7025,7025,7025,7025,0
2022-01-31 15:39:00,7025,7025,7025,7025,0
2022-01-31 15:40:00,7025,7025,7025,7025,0
2022-01-31 15:41:00,7025,7025,7025,7025,0
2022-01-31 15:42:00,7025,7025,7025,7025,0
2022-01-31 15:43:00,7025,7025,7025,7025,0
2022-01-31 15:44:00,7025,7025,7025,7025,0
2022-01-31 15:45:00,7025,7025,7025,7025,0
2022-01-31 15:46:00,7025,7025,7025,7025,0
2022-01-31 15:47:00,7025,7025,7025,7025,0
2022-01-31 15:48:00,7025,7025,7025,7025,0
2022-01-31 15:49:00,7025,7025,7025,7025,0
2022-01-31 15:50:00,7025,7025,7025,7025,0
2022-01-31 15:51:00,7025,7025,7025,7025,0
2022-01-31 15:52:00,7025,7025,7025,7025,0
2022-01-31 15:53:00,7025,7025,7025,7025,0
2022-01-31 15:54:00,7025,7025,7025,7025,0
2022-01-31 15:55:00,7025,7025,7025,7025,0
2022-01-31 15:56:00,7025,7025,7025,7025,0
2022-01-31 15:57:00,7025,7025,7025,7025,0
2022-01-31 15:58:00,7025,7025,7025,7025,0
2022-01-31 15:59:00,7025,7025,7025,7025,0
2022-02-01 09:00:00,7025,7025,7025,7025,0
2022-02-01 09:01:00,7025,7025,7025,7025,0
2022-02-01 09:02:00,7025,7025,7025,7025,0
2022-02-01 09:03:00,7025,7025,7025,7025,0
2022-02-01 09:04:00,7025,7025,7025,7025,0
2022-02-01 09:05:00,7025,7025,7025,7025,0
2022-02-01 09:06:00,7025,7025,7025,7025,0
2022-02-01 09:07:00,7025,7025,7025,7025,0
2022-02-01 09:08:00,7025,7025,7025,7025,0
2022-02-01 09:09:00,7025,7025,7025,7025,0
2022-02-01 09:10:00,7025,7025,7025,7025,0
2022-02-01 09:11:00,7025,7025,7025,7025,0
2022-02-01 09:12:00,7025,7025,7025,7025,0
2022-02-01 09:13:00,7025,7025,7025,7025,0
2022-02-01 09:14:00,7025,7025,7025,7025,0
2022-02-01 09:15:00,7025,7025,7025,7025,0
2022-02-01 09:16:00,7025,7025,7025,7025,0
2022-02-01 09:17:00,7025,7025,7025,7025,0
2022-02-01 09:18:00,7025,7025,7025,7025,0
2022-02-01 09:19:00,7025,7025,7025,7025,0
2022-02-01 09:20:00,7025,7025,7025,7025,0
2022-02-01 09:21:00,7025,7025,7025,7025,0
2022-02-01 09:22:00,7025,7025,7025,7025,0
2022-02-01 09:23:00,7025,7025,7025,7025,0
2022-02-01 09:24:00,7025,7025,7025,7025,0
2022-02-01 09:25:00,7025,7025,7025,7025,0
2022-02-01 09:26:00,7025,7025,7025,7025,0
2022-02-01 09:27:00,7025,7025,7025,7025,0
2022-02-01 09:28:00,7025,7025,7025,7025,0
2022-02-01 09:29:00,7025,7025,7025,7025,0
2022-02-01 09:30:00,7025,7025,7025,7025,0
2022-02-01 09:31:00,7025,7025,7025,7025,0
2022-02-01 09:32:00,7025,7025,7025,7025,0
2022-02-01 09:33:00,7025,7025,7025,7025,0
2022-02-01 09:34:00,7025,7025,7025,7025,0
2022-02-01 09:35:00,7025,7025,7025,7025,0
2022-02-01 09:36:00,7025,7025,7025,7025,0
2022-02-01 09:37:00,7025,7025,7025,7025,0
2022-02-01 09:38:00,7025,7025,7025,7025,0
2022-02-01 09:39:00,7025,7025,7025,7025,0
2022-02-01 09:40:00,7025,7025,7025,7025,0
2022-02-01 09:41:00,7025,7025,7025,7025,0
2022-02-01 09:42:00,7025,7025,7025,7025,0
2022-02-01 09:43:00,7025,7025,7025,7025,0
2022-02-01 09:44:00,7025,7025,7025,7025,0
2022-02-01 09:45:00,7025,7025,7025,7025,0
2022-02-01 09:46:00,7025,7025,7025,7025,0
2022-02-01 09:47:00,7025,7025,7025,7025,0
2022-02-01 09:48:00,7025,7025,7025,7025,0
2022-02-01 09:49:00,7025,7025,7025,7025,0
2022-02-01 09:50:00,7025,7025,7025,7025,0
2022-02-01 09:51:00,7025,7025,7025,7025,0
2022-02-01 09:52:00,7025,7025,7025,7025,0
2022-02-01 09:53:00,7025,7025,7025,7025,0
2022-02-01 09:54:00,7025,7025,7025,7025,0
2022-02-01 09:55:00,7025,7025,7025,7025,0
2022-02-01 09:56:00,7025,7025,7025,7025,0
2022-02-01 09:57:00,7025,7025,7025,7025,0
2022-02-01 09:58:00,7025,7025,7025,7025,0
2022-02-01 09:59:00,7025,7025,7025,7025,0
2022-02-01 10:00:00,7025,7025,7025,7025,0
2022-02-01 10:01:00,7025,7025,7025,7025,0
2022-02-01 10:02:00,7025,7025,7025,7025,0
2022-02-01 10:03:00,7025,7025,7025,7025,0
2022-02-01 10:04:00,7025,7025,7025,7025,0
2022-02-01 10:05:00,7025,7025,7025,7025,0
2022-02-01 10:06:00,7025,7025,7025,7025,0
2022-02-01 10:07:00,7025,7025,7025,7025,0
2022-02-01 10:08:00,7025,7025,7025,7025,0
2022-02-01 10:09:00,7025,7025,7025,7025,0
2022-02-01 10:10:00,7025,7025,7025,7025,0
2022-02-01 10:11:00,7025,7025,7025,7025,0
2022-02-01 10:12:00,7025,7025,7025,7025,0
2022-02-01 10:13:00,7025,7025,7025,7025,0
2022-02-01 10:14:00,7025,7025,7025,7025,0
2022-02-01 10:15:00,7025,7025,7025,7025,0
2022-02-01 10:16:00,7025,7025,7025,7025,0
2022-02-01 10:17:00,7025,7025,7025,7025,0
2022-02-01 10:18:00,7025,7025,7025,7025,0
2022-02-01 10:19:00,7025,7025,7025,7025,0
2022-02-01 10:20:00,7025,7025,7025,7025,0
2022-02-01 10:21:00,7025,7025,7025,7025,0
2022-02-01 10:22:00,7025,7025,7025,7025,0
2022-02-01 10:23:00,7025,7025,7025,7025,0
2022-02-01 10:24:00,7025,7025,7025,7025,0
2022-02-01 10:25:00,7025,7025,7025,7025,0
2022-02-01 10:26:00,7025,7025,7025,7025,0
2022-02-01 10:27:00,7025,7025,7025,7025,0
2022-02-01 10:28:00,7025,7025,7025,7025,0
2022-02-01 10:29:00,7025,7025,7025,7025,0
2022-02-01 10:30:00,7025,7025,7025,7025,0
2022-02-01 10:31:00,7025,7025,7025,7025,0
2022-02-01 10:32:00,7025,7025,7025,7025,0
2022-02-01 10:33:00,7025,7025,7025,7025,0
2022-02-01 10:34:00,7025,7025,7025,7025,0
2022-02-01 10:35:00,7025,7025,7025,7025,0
2022-02-01 10:36:00,7025,7025,7025,7025,0
2022-02-01 10:37:00,7025,7025,7025,7025,0
2022-02-01 10:38:00,7025,7025,7025,7025,0
2022-02-01 10:39:00,7025,7025,7025,7025,0
2022-02-01 10:40:00,7025,7025,7025,7025,0
2022-02-01 10:41:00,7025,7025,7025,7025,0
2022-02-01 10:42:00,7025,7025,7025,7025,0
2022-02-01 10:43:00,7025,7025,7025,7025,0
2022-02-01 10:44:00,7025,7025,7025,7025,0
2022-02-01 10:45:00,7025,7025,7025,7025,0
2022-02-01 10:46:00,7025,7025,7025,7025,0
2022-02-01 10:47:00,7025,7025,7025,7025,0
2022-02-01 10:48:00,7025,7025,7025,7025,0
2022-02-01 10:49:00,7025,7025,7025,7025,0
2022-02-01 10:50:00,7025,7025,7025,7025,0
2022-02-01 10:51:00,7025,7025,7025,7025,0
2022-02-01 10:52:00,7025,7025,7025,7025,0
2022-02-01 10:53:00,7025,7025,7025,7025,0
2022-02-01 10:54:00,7025,7025,7025,7025,0
2022-02-01 10:55:00,7025,7025,7025,7025,0
2022-02-01 10:56:00,7025,7025,7025,7025,0
2022-02-01 10:57:00,7025,7025,7025,7025,0
2022-02-01 10:58:00,7025,7025,7025,7025,0
2022-02-01 10:59:00,7025,7025,7025,7025,0
2022-02-01 11:00:00,7025,7025,7025,7025,0
2022-02-01 11:01:00,7025,7025,7025,7025,0
2022-02-01 11:02:00,7025,7025,7025,7025,0
2022-02-01 11:03:00,7025,7025,7025,7025,0
2022-02-01 11:04:00,7025,7025,7025,7025,0
2022-02-01 11:05:00,7025,7025,7025,7025,0
2022-02-01 11:06:00,7025,7025,7025,7025,0
2022-02-01 11:07:00,7025,7025,7025,7025,0
2022-02-01 11:08:00,7025,7025,7025,7025,0
2022-02-01 11:09:00,7025,7025,7025,7025,0
2022-02-01 11:10:00,7025,7025,7025,7025,0
2022-02-01 11:11:00,7025,7025,7025,7025,0
2022-02-01 11:12:00,7025,7025,7025,7025,0
2022-02-01 11:13:00,7025,7025,7025,7025,0
2022-02-01 11:14:00,7025,7025,7025,7025,0
2022-02-01 11:15:00,7025,7025,7025,7025,0
2022-02-01 11:16:00,7025,7025,7025,7025,0
2022-02-01 11:17:00,7025,7025,7025,7025,0
2022-02-01 11:18:00,7025,7025,7025,7025,0
2022-02-01 11:19:00,7025,7025,7025,7025,0
2022-02-01 11:20:00,7025,7025,7025,7025,0
2022-02-01 11:21:00,7025,7025,7025,7025,0
2022-02-01 11:22:00,7025,7025,7025,7025,0
2022-02-01 11:23:00,7025,7025,7025,7025,0
2022-02-01 11:24:00,7025,7025,7025,7025,0
2022-02-01 11:25:00,7025,7025,7025,7025,0
2022-02-01 11:26:00,7025,7025,7025,7025,0
2022-02-01 11:27:00,7025,7025,7025,7025,0
2022-02-01 11:28:00,7025,7025,7025,7025,0
2022-02-01 11:29:00,7025,7025,7025,7025,0
2022-02-01 11:30:00,7025,7025,7025,7025,0
2022-02-01 11:31:00,7025,7025,7025,7025,0
2022-02-01 11:32:00,7025,7025,7025,7025,0
2022-02-01 11:33:00,7025,7025,7025,7025,0
2022-02-01 11:34:00,7025,7025,7025,7025,0
2022-02-01 11:35:00,7025,7025,7025,7025,0
2022-02-01 11:36:00,7025,7025,7025,7025,0
2022-02-01 11:37:00,7025,7025,7025,7025,0
2022-02-01 11:38:00,7025,7025,7025,7025,0
2022-02-01 11:39:00,7025,7025,7025,7025,0
2022-02-01 11:40:00,7025,7025,7025,7025,0
2022-02-01 11:41:00,7025,7025,7025,7025,0
2022-02-01 11:42:00,7025,7025,7025,7025,0
2022-02-01 11:43:00,7025,7025,7025,7025,0
2022-02-01 11:44:00,7025,7025,7025,7025,0
2022-02-01 11:45:00,7025,7025,7025,7025,0
2022-02-01 11:46:00,7025,7025,7025,7025,0
2022-02-01 11:47:00,7025,7025,7025,7025,0
2022-02-01 11:48:00,7025,7025,7025,7025,0
2022-02-01 11:49:00,7025,7025,7025,7025,0
2022-02-01 11:50:00,7025,7025,7025,7025,0
2022-02-01 11:51:00,7025,7025,7025,7025,0
2022-02-01 11:52:00,7025,7025,7025,7025,0
2022-02-01 11:53:00,7025,7025,7025,7025,0
2022-02-01 11:54:00,7025,7025,7025,7025,0
2022-02-01 11:55:00,7025,7025,7025,7025,0
2022-02-01 11:56:00,7025,7025,7025,7025,0
2022-02-01 11:57:00,7025,7025,7025,7025,0
2022-02-01 11:58:00,7025,7025,7025,7025,0
2022-02-01 11:59:00,7025,7025,7025,7025,0
2022-02-01 12:00:00,7025,7025,7025,7025,0
2022-02-01 12:01:00,7025,7025,7025,7025,0
2022-02-01 12:02:00,7025,7025,7025,7025,0
2022-02-01 12:03:00,7025,7025,7025,7025,0
2022-02-01 12:04:00,7025,7025,7025,7025,0
2022-02-01 12:05:00,7025,7025,7025,7025,0
2022-02-01 12:06:00,7025,7025,7025,7025,0
2022-02-01 12:07:00,7025,7025,7025,7025,0
2022-02-01 12:08:00,7025,7025,7025,7025,0
2022-02-01 12:09:00,7025,7025,7025,7025,0
2022-02-01 12:10:00,7025,7025,7025,7025,0
2022-02-01 12:11:00,7025,7025,7025,7025,0
2022-02-01 12:12:00,7025,7025,7025,7025,0
2022-02-01 12:13:00,7025,7025,7025,7025,0
2022-02-01 12:14:00,7025,7025,7025,7025,0
2022-02-01 12:15:00,7025,7025,7025,7025,0
2022-02-01 12:16:00,7025,7025,7025,7025,0
2022-02-01 12:17:00,7025,7025,7025,7025,0
2022-02-01 12:18:00,7025,7025,7025,7025,0
2022-02-01 12:19:00,7025,7025,7025,7025,0
2022-02-01 12:20:00,7025,7025,7025,7025,0
2022-02-01 12:21:00,7025,7025,7025,7025,0
2022-02-01 12:22:00,7025,7025,7025,7025,0
2022-02-01 12:23:00,7025,7025,7025,7025,0
2022-02-01 12:24:00,7025,7025,7025,7025,0
2022-02-01 12:25:00,7025,7025,7025,7025,0
2022-02-01 12:26:00,7025,7025,7025,7025,0
2022-02-01 12:27:00,7025,7025,7025,7025,0
2022-02-01 12:28:00,7025,7025,7025,7025,0
2022-02-01 12:29:00,7025,7025,7025,7025,0
2022-02-01 12:30:00,7025,7025,7025,7025,0
2022-02-01 12:31:00,7025,7025,7025,7025,0
2022-02-01 12:32:00,7025,7025,7025,7025,0
2022-02-01 12:33:00,7025,7025,7025,7025,0
2022-02-01 12:34:00,7025,7025,7025,7025,0
2022-02-01 12:35:00,7025,7025,7025,7025,0
2022-02-01 12:36:00,7025,7025,7025,7025,0
2022-02-01 12:37:00,7025,7025,7025,7025,0
2022-02-01 12:38:00,7025,7025,7025,7025,0
2022-02-01 12:39:00,7025,7025,7025,7025,0
2022-02-01 12:40:00,7025,7025,7025,7025,0
2022-02-01 12:41:00,7025,7025,7025,7025,0
2022-02-01 12:42:00,7025,7025,7025,7025,0
2022-02-01 12:43:00,7025,7025,7025,7025,0
2022-02-01 12:44:00,7025,7025,7025,7025,0
2022-02-01 12:45:00,7025,7025,7025,7025,0
2022-02-01 12:46:00,7025,7025,7025,7025,0
2022-02-01 12:47:00,7025,7025,7025,7025,0
2022-02-01 12:48:00,7025,7025,7025,7025,0
2022-02-01 12:49:00,7025,7025,7025,7025,0
2022-02-01 12:50:00,7025,7025,7025,7025,0
2022-02-01 12:51:00,7025,7025,7025,7025,0
2022-02-01 12:52:00,7025,7025,7025,7025,0
2022-02-01 12:53:00,7025,7025,7025,7025,0
2022-02-01 12:54:00,7025,7025,7025,7025,0
2022-02-01 12:55:00,7025,7025,7025,7025,0
2022-02-01 12:56:00,7025,7025,7025,7025,0
2022-02-01 12:57:00,7025,7025,7025,7025,0
2022-02-01 12:58:00,7025,7025,7025,7025,0
2022-02-01 12:59:00,7025,7025,7025,7025,0
2022-02-01 13:00:00,7025,7025,7025,7025,0
2022-02-01 13:01:00,7025,7025,7025,7025,0
2022-02-01 13:02:00,7025,7025,7025,7025,0
2022-02-01 13:03:00,7025,7025,7025,7025,0
2022-02-01 13:04:00,7025,7025,7025,7025,0
2022-02-01 13:05:00,7025,7025,7025,7025,0
2022-02-01 13:06:00,7025,7025,7025,7025,0
2022-02-01 13:07:00,7025,7025,7025,7025,0
2022-02-01 13:08:00,7025,7025,7025,7025,0
2022-02-01 13:09:00,7025,7025,7025,7025,0
2022-02-01 13:10:00,7025,7025,7025,7025,0
2022-02-01 13:11:00,7025,7025,7025,7025,0
2022-02-01 13:12:00,7025,7025,7025,7025,0
2022-02-01 13:13:00,7025,7025,7025,7025,0
2022-02-01 13:14:00,7025,7025,7025,7025,0
2022-02-01 13:15:00,7025,7025,7025,7025,0
2022-02-01 13:16:00,7025,7025,7025,7025,0
2022-02-01 13:17:00,7025,7025,7025,7025,0
2022-02-01 13:18:00,7025,7025,7025,7025,0
2022-02-01 13:19:00,7025,7025,7025,7025,0
2022-02-01 13:20:00,7025,7025,7025,7025,0
2022-02-01 13:21:00,7025,7025,7025,7025,0
2022-02-01 13:22:00,7025,7025,7025,7025,0
2022-02-01 13:23:00,7025,7025,7025,7025,0
2022-02-01 13:24:00,7025,7025,7025,7025,0
2022-02-01 13:25:00,7025,7025,7025,7025,0
2022-02-01 13:26:00,7025,7025,7025,7025,0
2022-02-01 13:27:00,7025,7025,7025,7025,0
2022-02-01 13:28:00,7025,7025,7025,7025,0
2022-02-01 13:29:00,7025,7025,7025,7025,0
2022-02-01 13:30:00,7025,7025,7025,7025,0
2022-02-01 13:31:00,7025,7025,7025,7025,0
2022-02-01 13:32:00,7025,7025,7025,7025,0
2022-02-01 13:33:00,7025,7025,7025,7025,0
2022-02-01 13:34:00,7025,7025,7025,7025,0
2022-02-01 13:35:00,7025,7025,7025,7025,0
2022-02-01 13:36:00,7025,7025,7025,7025,0
2022-02-01 13:37:00,7025,7025,7025,7025,0
2022-02-01 13:38:00,7025,7025,7025,7025,0
2022-02-01 13:39:00,7025,7025,7025,7025,0
2022-02-01 13:40:00,7025,7025,7025,7025,0
2022-02-01 13:41:00,7025,7025,7025,7025,0
2022-02-01 13:42:00,7025,7025,7025,7025,0
2022-02-01 13:43:00,7025,7025,7025,7025,0
2022-02-01 13:44:00,7025,7025,7025,7025,0
2022-02-01 13:45:00,7025,7025,7025,7025,0
2022-02-01 13:46:00,7025,7025,7025,7025,0
2022-02-01 13:47:00,7025,7025,7025,7025,0
2022-02-01 13:48:00,7025,7025,7025,7025,0
2022-02-01 13:49:00,7025,7025,7025,7025,0
2022-02-01 13:50:00,7025,7025,7025,7025,0
2022-02-01 13:51:00,7025,7025,7025,7025,0
2022-02-01 13:52:00,7025,7025,7025,7025,0
2022-02-01 13:53:00,7025,7025,7025,7025,0
2022-02-01 13:54:00,7025,7025,7025,7025,0
2022-02-01 13:55:00,7025,7025,7025,7025,0
2022-02-01 13:56:00,7025,7025,7025,7025,0
2022-02-01 13:57:00,7025,7025,7025,7025,0
2022-02-01 13:58:00,7025,7025,7025,7025,0
2022-02-01 13:59:00,7025,7025,7025,7025,0
2022-02-01 14:00:00,7025,7025,7025,7025,0
2022-02-01 14:01:00,7025,7025,7025,7025,0
2022-02-01 14:02:00,7025,7025,7025,7025,0
2022-02-01 14:03:00,7025,7025,7025,7025,0
2022-02-01 14:04:00,7025,7025,7025,7025,0
2022-02-01 14:05:00,7025,7025,7025,7025,0
2022-02-01 14:06:00,7025,7025,7025,7025,0
2022-02-01 14:07:00,7025,7025,7025,7025,0
2022-02-01 14:08:00,7025,7025,7025,7025,0
2022-02-01 14:09:00,7025,7025,7025,7025,0
2022-02-01 14:10:00,7025,7025,7025,7025,0
2022-02-01 14:11:00,7025,7025,7025,7025,0
2022-02-01 14:12:00,7025,7025,7025,7025,0
2022-02-01 14:13:00,7025,7025,7025,7025,0
2022-02-01 14:14:00,7025,7025,7025,7025,0
2022-02-01 14:15:00,7025,7025,7025,7025,0
2022-02-01 14:16:00,7025,7025,7025,7025,0
2022-02-01 14:17:00,7025,7025,7025,7025,0
2022-02-01 14:18:00,7025,7025,7025,7025,0
2022-02-01 14:19:00,7025,7025,7025,7025,0
2022-02-01 14:20:00,7025,7025,7025,7025,0
2022-02-01 14:21:00,7025,7025,7025,7025,0
2022-02-01 14:22:00,7025,7025,7025,7025,0
2022-02-01 14:23:00,7025,7025,7025,7025,0
2022-02-01 14:24:00,7025,7025,7025,7025,0
2022-02-01 14:25:00,7025,7025,7025,7025,0
2022-02-01 14:26:00,7025,7025,7025,7025,0
2022-02-01 14:27:00,7025,7025,7025,7025,0
2022-02-01 14:28:00,7025,7025,7025,7025,0
2022-02-01 14:29:00,7025,7025,7025,7025,0
2022-02-01 14:30:00,7025,7025,7025,7025,0
2022-02-01 14:31:00,7025,7025,7025,7025,0
2022-02-01 14:32:00,7025,7025,7025,7025,0
2022-02-01 14:33:00,7025,7025,7025,7025,0
2022-02-01 14:34:00,7025,7025,7025,7025,0
2022-02-01 14:35:00,7025,7025,7025,7025,0
2022-02-01 14:36:00,7025,7025,7025,7025,0
2022-02-01 14:37:00,7025,7025,7025,7025,0
2022-02-01 14:38:00,7025,7025,7025,7025,0
2022-02-01 14:39:00,7025,7025,7025,7025,0
2022-02-01 14:40:00,7025,7025,7025,7025,0
2022-02-01 14:41:00,7025,7025,7025,7025,0
2022-02-01 14:42:00,7025,7025,7025,7025,0
2022-02-01 14:43:00,7025,7025,7025,7025,0
2022-02-01 14:44:00,7025,7025,7025,7025,0
2022-02-01 14:45:00,7025,7025,7025,7025,0
2022-02-01 14:46:00,7025,7025,7025,7025,0
2022-02-01 14:47:00,7025,7025,7025,7025,0
2022-02-01 14:48:00,7025,7025,7025,7025,0
2022-02-01 14:49:00,7025,7025,7025,7025,0
2022-02-01 14:50:00,7025,7025,7025,7025,0
2022-02-01 14:51:00,7025,7025,7025,7025,0
2022-02-01 14:52:00,7025,7025,7025,7025,0
2022-02-01 14:53:00,7025,7025,7025,7025,0
2022-02-01 14:54:00,7025,7025,7025,7025,0
2022-02-01 14:55:00,7025,7025,7025,7025,0
2022-02-01 14:56:00,7025,7025,7025,7025,0
2022-02-01 14:57:00,7025,7025,7025,7025,0
2022-02-01 14:58:00,7025,7025,7025,7025,0
2022-02-01 14:59:00,7025,7025,7025,7025,0
2022-02-01 15:00:00,7025,7025,7025,7025,0
2022-02-01 15:01:00,7025,7025,7025,7025,0
2022-02-01 15:02:00,7025,7025,7025,7025,0
2022-02-01 15:03:00,7025,7025,7025,7025,0
2022-02-01 15:04:00,7025,7025,7025,7025,0
2022-02-01 15:05:00,7025,7025,7025,7025,0
2022-02-01 15:06:00,7025,7025,7025,7025,0
2022-02-01 15:07:00,7025,7025,7025,7025,0
2022-02-01 15:08:00,7025,7025,7025,7025,0
2022-02-01 15:09:00,7025,7025,7025,7025,0
2022-02-01 15:10:00,7025,7025,7025,7025,0
2022-02-01 15:11:00,7025,7025,7025,7025,0
2022-02-01 15:12:00,7025,7025,7025,7025,0
2022-02-01 15:13:00,7025,7025,7025,7025,0
2022-02-01 15:14:00,7025,7025,7025,7025,0
2022-02-01 15:15:00,7025,7025,7025,7025,0
2022-02-01 15:16:00,7025,7025,7025,7025,0
2022-02-01 15:17:00,7025,7025,7025,7025,0
2022-02-01 15:18:00,7025,7025,7025,7025,0
2022-02-01 15:19:00,7025,7025,7025,7025,0
2022-02-01 15:20:00,7025,7025,7025,7025,0
2022-02-01 15:21:00,7025,7025,7025,7025,0
2022-02-01 15:22:00,7025,7025,7025,7025,0
2022-02-01 15:23:00,7025,7025,7025,7025,0
2022-02-01 15:24:00,7025,7025,7025,7025,0
2022-02-01 15:25:00,7025,7025,7025,7025,0
2022-02-01 15:26:00,7025,7025,7025,7025,0
2022-02-01 15:27:00,7025,7025,7025,7025,0
2022-02-01 15:28:00,7025,7025,7025,7025,0
2022-02-01 15:29:00,7025,7025,7025,7025,0
2022-02-01 15:30:00,7025,7025,7025,7025,0
2022-02-01 15:31:00,7025,7025,7025,7025,0
2022-02-01 15:32:00,7025,7025,7025,7025,0
2022-02-01 15:33:00,7025,7025,7025,7025,0
2022-02-01 15:34:00,7025,7025,7025,7025,0
2022-02-01 15:35:00,7025,7025,7025,7025,0
2022-02-01 15:36:00,7025,7025,7025,7025,0
2022-02-01 15:37:00,7025,7025,7025,7025,0
2022-02-01 15:38:00,7025,7025,7025,7025,0
2022-02-01 15:39:00,7025,7025,7025,7025,0
2022-02-01 15:40:00,7025,7025,7025,7025,0
2022-02-01 15:41:00,7025,7025,7025,7025,0
2022-02-01 15:42:00,7025,7025,7025,7025,0
2022-02-01 15:43:00,7025,7025,7025,7025,0
2022-02-01 15:44:00,7025,7025,7025,7025,0
2022-02-01 15:45:00,7025,7025,7025,7025,0
2022-02-01 15:46:00,7025,7025,7025,7025,0
2022-02-01 15:47:00,7025,7025,7025,7025,0
2022-02-01 15:48:00,7025,7025,7025,7025,0
2022-02-01 15:49:00,7025,7025,7025,7025,0
2022-02-01 15:50:00,7025,7025,7025,7025,0
2022-02-01 15:51:00,7025,7025,7025,7025,0
2022-02-01 15:52:00,7025,7025,7025,7025,0
2022-02-01 15:53:00,7025,7025,7025,7025,0
2022-02-01 15:54:00,7025,7025,7025,7025,0
2022-02-01 15:55:00,7025,7025,7025,7025,0
2022-02-01 15:56:00,7025,7025,7025,7025,0
2022-02-01 15:57:00,7025,7025,7025,7025,0
2022-02-01 15:58:00,7025,7025,7025,7025,0
2022-02-01 15:59:00,7025,7025,7025,7025,0
2022-02-02 09:00:00,7025,7025,7075,7075,5600
2022-02-02 09:01:00,7075,7050,7075,7075,6400
2022-02-02 09:02:00,7075,7075,7075,7075,3600
2022-02-02 09:03:00,7075,7050,7075,7050,1500
2022-02-02 09:04:00,7050,7050,7075,7075,500
2022-02-02 09:05:00,7075,7075,7075,7075,10100
2022-02-02 09:06:00,7075,7050,7075,7050,1700
2022-02-02 09:07:00,7050,7050,7075,7075,4800
2022-02-02 09:08:00,7075,7075,7100,7100,13100
2022-02-02 09:09:00,7100,7100,7100,7100,500
2022-02-02 09:10:00,7075,7075,7100,7100,29500
2022-02-02 09:11:00,7100,7075,7100,7075,3900
2022-02-02 09:12:00,7100,7100,7100,7100,2100
2022-02-02 09:13:00,7100,7100,7100,7100,10800
2022-02-02 09:14:00,7100,7100,7100,7100,6400
2022-02-02 09:15:00,7100,7100,7100,7100,800
2022-02-02 09:16:00,7100,7100,7100,7100,600
2022-02-02 09:17:00,7125,7100,7125,7100,6000
2022-02-02 09:18:00,7100,7100,7100,7100,1400
2022-02-02 09:19:00,7100,7100,7100,7100,200
2022-02-02 09:20:00,7100,7100,7125,7100,3500
2022-02-02 09:21:00,7100,7100,7100,7100,4500
2022-02-02 09:22:00,7100,7100,7100,7100,8300
2022-02-02 09:23:00,7100,7100,7100,7100,52100
2022-02-02 09:24:00,7100,7100,7100,7100,3400
2022-02-02 09:25:00,7100,7100,7100,7100,5100
2022-02-02 09:26:00,7100,7075,7100,7075,25200
2022-02-02 09:27:00,7075,7075,7100,7100,7500
2022-02-02 09:28:00,7075,7075,7075,7075,9100
2022-02-02 09:29:00,7050,7050,7075,7050,800
2022-02-02 09:30:00,7050,7050,7050,7050,300
2022-02-02 09:31:00,7050,7050,7050,7050,300
2022-02-02 09:32:00,7050,7050,7075,7075,1400
2022-02-02 09:33:00,7075,7075,7075,7075,57800
2022-02-02 09:34:00,7075,7075,7075,7075,200
2022-02-02 09:35:00,7075,7075,7075,7075,100
2022-02-02 09:36:00,7075,7075,7075,7075,100
2022-02-02 09:37:00,7075,7075,7075,7075,200
2022-02-02 09:38:00,7075,7075,7075,7075,2500
2022-02-02 09:39:00,7075,7075,7100,7100,50000
2022-02-02 09:40:00,7075,7075,7100,7100,0
2022-02-02 09:41:00,7075,7075,7100,7100,0
2022-02-02 09:42:00,7075,7075,7100,7100,0
2022-02-02 09:43:00,7100,7075,7100,7075,4100
2022-02-02 09:44:00,7075,7075,7075,7075,300
2022-02-02 09:45:00,7100,7100,7100,7100,100
2022-02-02 09:46:00,7075,7075,7075,7075,100
2022-02-02 09:47:00,7075,7075,7075,7075,10000
2022-02-02 09:48:00,7075,7075,7075,7075,10500
2022-02-02 09:49:00,7075,7075,7075,7075,18000
2022-02-02 09:50:00,7050,7050,7050,7050,200
2022-02-02 09:51:00,7050,7050,7050,7050,0
2022-02-02 09:52:00,7075,7075,7075,7075,2000
2022-02-02 09:53:00,7075,7075,7075,7075,0
2022-02-02 09:54:00,7075,7075,7075,7075,0
2022-02-02 09:55:00,7075,7075,7075,7075,1000
2022-02-02 09:56:00,7075,7075,7075,7075,200
2022-02-02 09:57:00,7075,7075,7075,7075,100
2022-02-02 09:58:00,7075,7075,7075,7075,100
2022-02-02 09:59:00,7075,7075,7075,7075,0
2022-02-02 10:00:00,7075,7075,7075,7075,2500
2022-02-02 10:01:00,7075,7075,7075,7075,0
2022-02-02 10:02:00,7075,7075,7075,7075,400
2022-02-02 10:03:00,7075,7075,7100,7100,100000
2022-02-02 10:04:00,7075,7075,7075,7075,100
2022-02-02 10:05:00,7075,7075,7075,7075,0
2022-02-02 10:06:00,7075,7075,7075,7075,100
2022-02-02 10:07:00,7075,7075,7075,7075,5600
2022-02-02 10:08:00,7075,7075,7075,7075,7100
2022-02-02 10:09:00,7075,7075,7075,7075,600
2022-02-02 10:10:00,7075,7075,7075,7075,13300
2022-02-02 10:11:00,7075,7075,7100,7100,3900
2022-02-02 10:12:00,7100,7100,7100,7100,10300
2022-02-02 10:13:00,7100,7100,7125,7125,55600
2022-02-02 10:14:00,7125,7100,7125,7125,65400
2022-02-02 10:15:00,7125,7125,7150,7150,14900
2022-02-02 10:16:00,7150,7125,7150,7150,5200
2022-02-02 10:17:00,7125,7125,7150,7150,4800
2022-02-02 10:18:00,7125,7125,7150,7150,52700
2022-02-02 10:19:00,7150,7150,7150,7150,37700
2022-02-02 10:20:00,7150,7150,7175,7175,95100
2022-02-02 10:21:00,7200,7175,7200,7200,74800
2022-02-02 10:22:00,7200,7200,7225,7200,114200
2022-02-02 10:23:00,7200,7175,7200,7175,5200
2022-02-02 10:24:00,7175,7175,7175,7175,1700
2022-02-02 10:25:00,7175,7175,7175,7175,10500
2022-02-02 10:26:00,7175,7175,7175,7175,900
2022-02-02 10:27:00,7200,7200,7200,7200,16100
2022-02-02 10:28:00,7200,7200,7200,7200,13900
2022-02-02 10:29:00,7175,7175,7175,7175,39900
2022-02-02 10:30:00,7175,7175,7200,7200,19400
2022-02-02 10:31:00,7175,7175,7175,7175,1000
2022-02-02 10:32:00,7175,7175,7175,7175,27200
2022-02-02 10:33:00,7175,7150,7175,7150,5800
2022-02-02 10:34:00,7150,7150,7150,7150,1900
2022-02-02 10:35:00,7150,7150,7150,7150,10900
2022-02-02 10:36:00,7150,7150,7150,7150,0
2022-02-02 10:37:00,7175,7175,7175,7175,1700
2022-02-02 10:38:00,7175,7175,7175,7175,34500
2022-02-02 10:39:00,7200,7200,7200,7200,40200
2022-02-02 10:40:00,7200,7200,7200,7200,100
2022-02-02 10:41:00,7200,7200,7225,7200,28300
2022-02-02 10:42:00,7200,7200,7200,7200,600
2022-02-02 10:43:00,7200,7200,7225,7200,60100
2022-02-02 10:44:00,7200,7200,7200,7200,2800
2022-02-02 10:45:00,7225,7225,7225,7225,200
2022-02-02 10:46:00,7225,7225,7225,7225,50100
2022-02-02 10:47:00,7225,7225,7225,7225,26800
2022-02-02 10:48:00,7225,7225,7225,7225,37100
2022-02-02 10:49:00,7225,7225,7225,7225,1800
2022-02-02 10:50:00,7225,7225,7225,7225,30900
2022-02-02 10:51:00,7225,7225,7225,7225,0
2022-02-02 10:52:00,7225,7225,7225,7225,9600
2022-02-02 10:53:00,7225,7225,7225,7225,3400
2022-02-02 10:54:00,7225,7225,7225,7225,20700
2022-02-02 10:55:00,7250,7250,7250,7250,1100
2022-02-02 10:56:00,7200,7200,7200,7200,700
2022-02-02 10:57:00,7225,7225,7225,7225,100
2022-02-02 10:58:00,7225,7225,7225,7225,3500
2022-02-02 10:59:00,7225,7225,7225,7225,300
2022-02-02 11:00:00,7200,7200,7200,7200,45200
2022-02-02 11:01:00,7225,7225,7225,7225,8700
2022-02-02 11:02:00,7225,7225,7225,7225,10600
2022-02-02 11:03:00,7225,7225,7225,7225,300
2022-02-02 11:04:00,7225,7200,7225,7225,158000
2022-02-02 11:05:00,7200,7175,7200,7175,3200
2022-02-02 11:06:00,7175,7175,7175,7175,1800
2022-02-02 11:07:00,7175,7175,7175,7175,500
2022-02-02 11:08:00,7175,7175,7175,7175,0
2022-02-02 11:09:00,7175,7175,7175,7175,9400
2022-02-02 11:10:00,7175,7150,7175,7175,16300
2022-02-02 11:11:00,7150,7150,7150,7150,42400
2022-02-02 11:12:00,7125,7125,7150,7125,2600
2022-02-02 11:13:00,7125,7125,7150,7150,12100
2022-02-02 11:14:00,7125,7125,7150,7150,1500
2022-02-02 11:15:00,7150,7150,7150,7150,500
2022-02-02 11:16:00,7150,7150,7150,7150,500
2022-02-02 11:17:00,7150,7150,7150,7150,0
2022-02-02 11:18:00,7150,7150,7150,7150,0
2022-02-02 11:19:00,7150,7150,7150,7150,5000
2022-02-02 11:20:00,7150,7150,7150,7150,6800
2022-02-02 11:21:00,7150,7150,7150,7150,73400
2022-02-02 11:22:00,7150,7150,7150,7150,0
2022-02-02 11:23:00,7150,7150,7150,7150,100
2022-02-02 11:24:00,7150,7150,7150,7150,900
2022-02-02 11:25:00,7150,7150,7150,7150,1900
2022-02-02 11:26:00,7150,7150,7150,7150,1000
2022-02-02 11:27:00,7150,7150,7150,7150,51700
2022-02-02 11:28:00,7150,7150,7150,7150,4000
2022-02-02 11:29:00,7150,7150,7150,7150,5200
2022-02-02 11:30:00,7150,7150,7150,7150,0
2022-02-02 11:31:00,7150,7150,7150,7150,0
2022-02-02 11:32:00,7150,7150,7150,7150,0
2022-02-02 11:33:00,7150,7150,7150,7150,0
2022-02-02 11:34:00,7150,7150,7150,7150,0
2022-02-02 11:35:00,7150,7150,7150,7150,0
2022-02-02 11:36:00,7150,7150,7150,7150,0
2022-02-02 11:37:00,7150,7150,7150,7150,0
2022-02-02 11:38:00,7150,7150,7150,7150,0
2022-02-02 11:39:00,7150,7150,7150,7150,0
2022-02-02 11:40:00,7150,7150,7150,7150,0
2022-02-02 11:41:00,7150,7150,7150,7150,0
2022-02-02 11:42:00,7150,7150,7150,7150,0
2022-02-02 11:43:00,7150,7150,7150,7150,0
2022-02-02 11:44:00,7150,7150,7150,7150,0
2022-02-02 11:45:00,7150,7150,7150,7150,0
2022-02-02 11:46:00,7150,7150,7150,7150,0
2022-02-02 11:47:00,7150,7150,7150,7150,0
2022-02-02 11:48:00,7150,7150,7150,7150,0
2022-02-02 11:49:00,7150,7150,7150,7150,0
2022-02-02 11:50:00,7150,7150,7150,7150,0
2022-02-02 11:51:00,7150,7150,7150,7150,0
2022-02-02 11:52:00,7150,7150,7150,7150,0
2022-02-02 11:53:00,7150,7150,7150,7150,0
2022-02-02 11:54:00,7150,7150,7150,7150,0
2022-02-02 11:55:00,7150,7150,7150,7150,0
2022-02-02 11:56:00,7150,7150,7150,7150,0
2022-02-02 11:57:00,7150,7150,7150,7150,0
2022-02-02 11:58:00,7150,7150,7150,7150,0
2022-02-02 11:59:00,7150,7150,7150,7150,0
2022-02-02 12:00:00,7150,7150,7150,7150,0
2022-02-02 12:01:00,7150,7150,7150,7150,0
2022-02-02 12:02:00,7150,7150,7150,7150,0
2022-02-02 12:03:00,7150,7150,7150,7150,0
2022-02-02 12:04:00,7150,7150,7150,7150,0
2022-02-02 12:05:00,7150,7150,7150,7150,0
2022-02-02 12:06:00,7150,7150,7150,7150,0
2022-02-02 12:07:00,7150,7150,7150,7150,0
2022-02-02 12:08:00,7150,7150,7150,7150,0
2022-02-02 12:09:00,7150,7150,7150,7150,0
2022-02-02 12:10:00,7150,7150,7150,7150,0
2022-02-02 12:11:00,7150,7150,7150,7150,0
2022-02-02 12:12:00,7150,7150,7150,7150,0
2022-02-02 12:13:00,7150,7150,7150,7150,0
2022-02-02 12:14:00,7150,7150,7150,7150,0
2022-02-02 12:15:00,7150,7150,7150,7150,0
2022-02-02 12:16:00,7150,7150,7150,7150,0
2022-02-02 12:17:00,7150,7150,7150,7150,0
2022-02-02 12:18:00,7150,7150,7150,7150,0
2022-02-02 12:19:00,7150,7150,7150,7150,0
2022-02-02 12:20:00,7150,7150,7150,7150,0
2022-02-02 12:21:00,7150,7150,7150,7150,0
2022-02-02 12:22:00,7150,7150,7150,7150,0
2022-02-02 12:23:00,7150,7150,7150,7150,0
2022-02-02 12:24:00,7150,7150,7150,7150,0
2022-02-02 12:25:00,7150,7150,7150,7150,0
2022-02-02 12:26:00,7150,7150,7150,7150,0
2022-02-02 12:27:00,7150,7150,7150,7150,0
2022-02-02 12:28:00,7150,7150,7150,7150,0
2022-02-02 12:29:00,7150,7150,7150,7150,0
2022-02-02 12:30:00,7150,7150,7150,7150,0
2022-02-02 12:31:00,7150,7150,7150,7150,0
2022-02-02 12:32:00,7150,7150,7150,7150,0
2022-02-02 12:33:00,7150,7150,7150,7150,0
2022-02-02 12:34:00,7150,7150,7150,7150,0
2022-02-02 12:35:00,7150,7150,7150,7150,0
2022-02-02 12:36:00,7150,7150,7150,7150,0
2022-02-02 12:37:00,7150,7150,7150,7150,0
2022-02-02 12:38:00,7150,7150,7150,7150,0
2022-02-02 12:39:00,7150,7150,7150,7150,0
2022-02-02 12:40:00,7150,7150,7150,7150,0
2022-02-02 12:41:00,7150,7150,7150,7150,0
2022-02-02 12:42:00,7150,7150,7150,7150,0
2022-02-02 12:43:00,7150,7150,7150,7150,0
2022-02-02 12:44:00,7150,7150,7150,7150,0
2022-02-02 12:45:00,7150,7150,7150,7150,0
2022-02-02 12:46:00,7150,7150,7150,7150,0
2022-02-02 12:47:00,7150,7150,7150,7150,0
2022-02-02 12:48:00,7150,7150,7150,7150,0
2022-02-02 12:49:00,7150,7150,7150,7150,0
2022-02-02 12:50:00,7150,7150,7150,7150,0
2022-02-02 12:51:00,7150,7150,7150,7150,0
2022-02-02 12:52:00,7150,7150,7150,7150,0
2022-02-02 12:53:00,7150,7150,7150,7150,0
2022-02-02 12:54:00,7150,7150,7150,7150,0
2022-02-02 12:55:00,7150,7150,7150,7150,0
2022-02-02 12:56:00,7150,7150,7150,7150,0
2022-02-02 12:57:00,7150,7150,7150,7150,0
2022-02-02 12:58:00,7150,7150,7150,7150,0
2022-02-02 12:59:00,7150,7150,7150,7150,0
2022-02-02 13:00:00,7150,7150,7150,7150,0
2022-02-02 13:01:00,7150,7150,7150,7150,0
2022-02-02 13:02:00,7150,7150,7150,7150,0
2022-02-02 13:03:00,7150,7150,7150,7150,0
2022-02-02 13:04:00,7150,7150,7150,7150,0
2022-02-02 13:05:00,7150,7150,7150,7150,0
2022-02-02 13:06:00,7150,7150,7150,7150,0
2022-02-02 13:07:00,7150,7150,7150,7150,0
2022-02-02 13:08:00,7150,7150,7150,7150,0
2022-02-02 13:09:00,7150,7150,7150,7150,0
2022-02-02 13:10:00,7150,7150,7150,7150,0
2022-02-02 13:11:00,7150,7150,7150,7150,0
2022-02-02 13:12:00,7150,7150,7150,7150,0
2022-02-02 13:13:00,7150,7150,7150,7150,0
2022-02-02 13:14:00,7150,7150,7150,7150,0
2022-02-02 13:15:00,7150,7150,7150,7150,0
2022-02-02 13:16:00,7150,7150,7150,7150,0
2022-02-02 13:17:00,7150,7150,7150,7150,0
2022-02-02 13:18:00,7150,7150,7150,7150,0
2022-02-02 13:19:00,7150,7150,7150,7150,0
2022-02-02 13:20:00,7150,7150,7150,7150,0
2022-02-02 13:21:00,7150,7150,7150,7150,0
2022-02-02 13:22:00,7150,7150,7150,7150,0
2022-02-02 13:23:00,7150,7150,7150,7150,0
2022-02-02 13:24:00,7150,7150,7150,7150,0
2022-02-02 13:25:00,7150,7150,7150,7150,0
2022-02-02 13:26:00,7150,7150,7150,7150,0
2022-02-02 13:27:00,7150,7150,7150,7150,0
2022-02-02 13:28:00,7150,7150,7150,7150,0
2022-02-02 13:29:00,7150,7150,7150,7150,0
2022-02-02 13:30:00,7150,7125,7150,7150,13900
2022-02-02 13:31:00,7150,7125,7150,7150,0
2022-02-02 13:32:00,7150,7125,7150,7150,0
2022-02-02 13:33:00,7150,7125,7150,7150,0
2022-02-02 13:34:00,7150,7150,7150,7150,100
2022-02-02 13:35:00,7150,7150,7150,7150,10000
2022-02-02 13:36:00,7150,7150,7150,7150,200
2022-02-02 13:37:00,7150,7150,7150,7150,500
2022-02-02 13:38:00,7150,7150,7150,7150,5100
2022-02-02 13:39:00,7150,7150,7150,7150,17600
2022-02-02 13:40:00,7150,7150,7150,7150,1500
2022-02-02 13:41:00,7150,7150,7150,7150,0
2022-02-02 13:42:00,7150,7150,7150,7150,200
2022-02-02 13:43:00,7150,7150,7150,7150,2400
2022-02-02 13:44:00,7125,7125,7125,7125,28400
2022-02-02 13:45:00,7125,7125,7125,7125,8500
2022-02-02 13:46:00,7125,7125,7125,7125,1000
2022-02-02 13:47:00,7125,7125,7125,7125,300
2022-02-02 13:48:00,7125,7125,7125,7125,2000
2022-02-02 13:49:00,7125,7125,7125,7125,100
2022-02-02 13:50:00,7150,7150,7150,7150,200
2022-02-02 13:51:00,7150,7150,7150,7150,200
2022-02-02 13:52:00,7150,7150,7150,7150,1100
2022-02-02 13:53:00,7125,7125,7125,7125,300
2022-02-02 13:54:00,7125,7100,7125,7125,180000
2022-02-02 13:55:00,7125,7125,7125,7125,1600
2022-02-02 13:56:00,7125,7125,7125,7125,4000
2022-02-02 13:57:00,7125,7100,7125,7100,9800
2022-02-02 13:58:00,7125,7125,7125,7125,6900
2022-02-02 13:59:00,7125,7125,7125,7125,500
2022-02-02 14:00:00,7125,7125,7125,7125,100
2022-02-02 14:01:00,7100,7100,7100,7100,2000
2022-02-02 14:02:00,7100,7100,7125,7125,6500
2022-02-02 14:03:00,7100,7100,7100,7100,3000
2022-02-02 14:04:00,7100,7100,7100,7100,138100
2022-02-02 14:05:00,7100,7075,7100,7075,43000
2022-02-02 14:06:00,7100,7100,7100,7100,100
2022-02-02 14:07:00,7100,7100,7100,7100,7500
2022-02-02 14:08:00,7075,7075,7100,7100,1200
2022-02-02 14:09:00,7100,7100,7100,7100,1000
2022-02-02 14:10:00,7100,7100,7100,7100,5100
2022-02-02 14:11:00,7100,7100,7100,7100,2500
2022-02-02 14:12:00,7100,7100,7100,7100,2100
2022-02-02 14:13:00,7100,7100,7100,7100,8300
2022-02-02 14:14:00,7100,7100,7100,7100,4100
2022-02-02 14:15:00,7100,7075,7100,7075,5100
2022-02-02 14:16:00,7075,7075,7100,7075,1100
2022-02-02 14:17:00,7075,7075,7075,7075,11900
2022-02-02 14:18:00,7075,7075,7075,7075,2500
2022-02-02 14:19:00,7075,7075,7075,7075,2100
2022-02-02 14:20:00,7075,7075,7075,7075,0
2022-02-02 14:21:00,7100,7100,7100,7100,6400
2022-02-02 14:22:00,7100,7100,7100,7100,300
2022-02-02 14:23:00,7100,7100,7100,7100,0
2022-02-02 14:24:00,7100,7100,7100,7100,4100
2022-02-02 14:25:00,7100,7100,7100,7100,0
2022-02-02 14:26:00,7075,7075,7075,7075,400
2022-02-02 14:27:00,7100,7100,7100,7100,600
2022-02-02 14:28:00,7100,7100,7100,7100,200
2022-02-02 14:29:00,7100,7075,7100,7075,1700
2022-02-02 14:30:00,7100,7075,7100,7075,0
2022-02-02 14:31:00,7100,7075,7100,7075,4100
2022-02-02 14:32:00,7100,7075,7100,7075,1200
2022-02-02 14:33:00,7075,7075,7075,7075,200
2022-02-02 14:34:00,7075,7075,7100,7100,4400
2022-02-02 14:35:00,7075,7075,7100,7100,0
2022-02-02 14:36:00,7075,7075,7075,7075,600
2022-02-02 14:37:00,7100,7100,7100,7100,100
2022-02-02 14:38:00,7100,7075,7100,7100,2000
2022-02-02 14:39:00,7100,7075,7100,7100,0
2022-02-02 14:40:00,7100,7075,7100,7100,0
2022-02-02 14:41:00,7100,7075,7100,7075,1500
2022-02-02 14:42:00,7100,7075,7100,7075,0
2022-02-02 14:43:00,7075,7075,7075,7075,5000
2022-02-02 14:44:00,7075,7075,7075,7075,200
2022-02-02 14:45:00,7075,7075,7075,7075,2000
2022-02-02 14:46:00,7075,7075,7100,7100,3600
2022-02-02 14:47:00,7100,7100,7100,7100,10000
2022-02-02 14:48:00,7075,7075,7100,7075,10400
2022-02-02 14:49:00,7075,7075,7100,7075,5500
2022-02-02 14:50:00,7075,7075,7100,7075,0
2022-02-02 14:51:00,7075,7075,7100,7075,0
2022-02-02 14:52:00,7075,7075,7100,7075,0
2022-02-02 14:53:00,7075,7075,7100,7075,0
2022-02-02 14:54:00,7075,7075,7100,7075,0
2022-02-02 14:55:00,7075,7075,7100,7075,0
2022-02-02 14:56:00,7075,7075,7100,7075,0
2022-02-02 14:57:00,7075,7075,7100,7075,0
2022-02-02 14:58:00,7075,7075,7100,7075,0
2022-02-02 14:59:00,7075,7075,7100,7075,0
2022-02-02 15:00:00,7075,7075,7075,7075,120100
2022-02-02 15:01:00,7075,7075,7075,7075,7500
2022-02-02 15:02:00,7075,7075,7075,7075,0
2022-02-02 15:03:00,7075,7075,7075,7075,0
2022-02-02 15:04:00,7075,7075,7075,7075,300
2022-02-02 15:05:00,7075,7075,7075,7075,2500
2022-02-02 15:06:00,7075,7075,7075,7075,3200
2022-02-02 15:07:00,7075,7075,7075,7075,0
2022-02-02 15:08:00,7075,7075,7075,7075,100
2022-02-02 15:09:00,7075,7075,7075,7075,0
2022-02-02 15:10:00,7075,7075,7075,7075,100
2022-02-02 15:11:00,7075,7075,7075,7075,3900
2022-02-02 15:12:00,7075,7075,7075,7075,0
2022-02-02 15:13:00,7075,7075,7075,7075,1000
2022-02-02 15:14:00,7075,7075,7075,7075,0
2022-02-02 15:15:00,7075,7075,7075,7075,0
2022-02-02 15:16:00,7075,7075,7075,7075,0
2022-02-02 15:17:00,7075,7075,7075,7075,0
2022-02-02 15:18:00,7075,7075,7075,7075,0
2022-02-02 15:19:00,7075,7075,7075,7075,0
2022-02-02 15:20:00,7075,7075,7075,7075,0
2022-02-02 15:21:00,7075,7075,7075,7075,0
2022-02-02 15:22:00,7075,7075,7075,7075,0
2022-02-02 15:23:00,7075,7075,7075,7075,0
2022-02-02 15:24:00,7075,7075,7075,7075,0
2022-02-02 15:25:00,7075,7075,7075,7075,0
2022-02-02 15:26:00,7075,7075,7075,7075,0
2022-02-02 15:27:00,7075,7075,7075,7075,0
2022-02-02 15:28:00,7075,7075,7075,7075,0
2022-02-02 15:29:00,7075,7075,7075,7075,0
2022-02-02 15:30:00,7075,7075,7075,7075,0
2022-02-02 15:31:00,7075,7075,7075,7075,0
2022-02-02 15:32:00,7075,7075,7075,7075,0
2022-02-02 15:33:00,7075,7075,7075,7075,0
2022-02-02 15:34:00,7075,7075,7075,7075,0
2022-02-02 15:35:00,7075,7075,7075,7075,0
2022-02-02 15:36:00,7075,7075,7075,7075,0
2022-02-02 15:37:00,7075,7075,7075,7075,0
2022-02-02 15:38:00,7075,7075,7075,7075,0
2022-02-02 15:39:00,7075,7075,7075,7075,0
2022-02-02 15:40:00,7075,7075,7075,7075,0
2022-02-02 15:41:00,7075,7075,7075,7075,0
2022-02-02 15:42:00,7075,7075,7075,7075,0
2022-02-02 15:43:00,7075,7075,7075,7075,0
2022-02-02 15:44:00,7075,7075,7075,7075,0
2022-02-02 15:45:00,7075,7075,7075,7075,0
2022-02-02 15:46:00,7075,7075,7075,7075,0
2022-02-02 15:47:00,7075,7075,7075,7075,0
2022-02-02 15:48:00,7075,7075,7075,7075,0
2022-02-02 15:49:00,7075,7075,7075,7075,0
2022-02-02 15:50:00,7075,7075,7075,7075,0
2022-02-02 15:51:00,7075,7075,7075,7075,0
2022-02-02 15:52:00,7075,7075,7075,7075,0
2022-02-02 15:53:00,7075,7075,7075,7075,0
2022-02-02 15:54:00,7075,7075,7075,7075,0
2022-02-02 15:55:00,7075,7075,7075,7075,0
2022-02-02 15:56:00,7075,7075,7075,7075,0
2022-02-02 15:57:00,7075,7075,7075,7075,0
2022-02-02 15:58:00,7075,7075,7075,7075,0
2022-02-02 15:59:00,7075,7075,7075,7075,0
2022-02-03 09:00:00,7150,7150,7150,7150,100
2022-02-03 09:01:00,7125,7125,7150,7125,4900
2022-02-03 09:02:00,7100,7100,7100,7100,600
2022-02-03 09:03:00,7100,7100,7100,7100,1900
2022-02-03 09:04:00,7100,7100,7100,7100,0
2022-02-03 09:05:00,7075,7075,7100,7075,5300
2022-02-03 09:06:00,7075,7075,7075,7075,5300
2022-02-03 09:07:00,7050,7000,7075,7025,93400
2022-02-03 09:08:00,7025,7000,7025,7000,15500
2022-02-03 09:09:00,7000,6975,7000,7000,8700
2022-02-03 09:10:00,7000,6975,7000,6975,1700
2022-02-03 09:11:00,6975,6975,7000,6975,27700
2022-02-03 09:12:00,6975,6975,6975,6975,2900
2022-02-03 09:13:00,6975,6950,6975,6950,16800
2022-02-03 09:14:00,6975,6975,6975,6975,800
2022-02-03 09:15:00,7000,6975,7000,7000,2700
2022-02-03 09:16:00,7000,7000,7000,7000,7100
2022-02-03 09:17:00,7000,7000,7000,7000,300
2022-02-03 09:18:00,7000,7000,7000,7000,100
2022-02-03 09:19:00,7000,7000,7000,7000,1200
2022-02-03 09:20:00,7000,6975,7000,6975,2100
2022-02-03 09:21:00,6975,6950,6975,6950,26700
2022-02-03 09:22:00,6975,6950,6975,6950,2600
2022-02-03 09:23:00,6950,6950,6975,6975,14200
2022-02-03 09:24:00,6975,6950,6975,6950,3200
2022-02-03 09:25:00,6950,6950,6950,6950,16300
2022-02-03 09:26:00,6950,6950,6950,6950,4400
2022-02-03 09:27:00,6950,6950,6950,6950,400
2022-02-03 09:28:00,6950,6950,6950,6950,700
2022-02-03 09:29:00,6950,6950,6950,6950,1000
2022-02-03 09:30:00,6950,6950,6950,6950,4300
2022-02-03 09:31:00,6975,6975,7000,7000,31400
2022-02-03 09:32:00,7000,6975,7000,6975,900
2022-02-03 09:33:00,7000,7000,7025,7000,17400
2022-02-03 09:34:00,7000,7000,7000,7000,700
2022-02-03 09:35:00,7000,7000,7025,7025,2300
2022-02-03 09:36:00,7025,7025,7025,7025,12600
2022-02-03 09:37:00,7025,7025,7025,7025,500
2022-02-03 09:38:00,7025,7000,7025,7000,6300
2022-02-03 09:39:00,7000,6975,7000,6975,22500
2022-02-03 09:40:00,6975,6975,6975,6975,400
2022-02-03 09:41:00,6975,6975,6975,6975,3300
2022-02-03 09:42:00,6975,6975,6975,6975,5400
2022-02-03 09:43:00,6975,6975,7000,7000,600
2022-02-03 09:44:00,6975,6950,7000,6950,24500
2022-02-03 09:45:00,6950,6950,6950,6950,1200
2022-02-03 09:46:00,6950,6950,6975,6975,1000
2022-02-03 09:47:00,6975,6975,7000,6975,36200
2022-02-03 09:48:00,6975,6975,6975,6975,400
2022-02-03 09:49:00,6975,6975,6975,6975,700
2022-02-03 09:50:00,7000,7000,7000,7000,200
2022-02-03 09:51:00,6975,6975,6975,6975,700
2022-02-03 09:52:00,6975,6975,6975,6975,600
2022-02-03 09:53:00,6975,6975,6975,6975,3100
2022-02-03 09:54:00,6975,6975,6975,6975,400
2022-02-03 09:55:00,6975,6975,6975,6975,900
2022-02-03 09:56:00,6975,6975,6975,6975,200
2022-02-03 09:57:00,6975,6950,6975,6950,3400
2022-02-03 09:58:00,6950,6950,6950,6950,2700
2022-02-03 09:59:00,6950,6950,7000,7000,6800
2022-02-03 10:00:00,6975,6975,7000,7000,600
2022-02-03 10:01:00,6975,6975,7000,7000,1700
2022-02-03 10:02:00,7000,7000,7000,7000,4300
2022-02-03 10:03:00,6975,6975,6975,6975,500
2022-02-03 10:04:00,6975,6975,6975,6975,4700
2022-02-03 10:05:00,6975,6975,6975,6975,400
2022-02-03 10:06:00,6975,6975,6975,6975,3000
2022-02-03 10:07:00,6950,6950,6975,6950,600
2022-02-03 10:08:00,6950,6950,6950,6950,1100
2022-02-03 10:09:00,6950,6925,6950,6925,201100
2022-02-03 10:10:00,6950,6925,6950,6925,500
2022-02-03 10:11:00,6925,6925,6925,6925,2800
2022-02-03 10:12:00,6925,6900,6925,6925,35600
2022-02-03 10:13:00,6925,6925,6950,6925,7800
2022-02-03 10:14:00,6950,6950,6950,6950,700
2022-02-03 10:15:00,6950,6950,6950,6950,700
2022-02-03 10:16:00,6950,6950,6950,6950,200
2022-02-03 10:17:00,6950,6950,6950,6950,1200
2022-02-03 10:18:00,6950,6950,6950,6950,2900
2022-02-03 10:19:00,6950,6950,6950,6950,1300
2022-02-03 10:20:00,6950,6950,6950,6950,1000
2022-02-03 10:21:00,6950,6950,6950,6950,12100
2022-02-03 10:22:00,6950,6925,6950,6925,6000
2022-02-03 10:23:00,6950,6950,6950,6950,1500
2022-02-03 10:24:00,6950,6950,6950,6950,2200
2022-02-03 10:25:00,6950,6925,6950,6925,2100
2022-02-03 10:26:00,6950,6925,6950,6925,0
2022-02-03 10:27:00,6950,6925,6950,6925,0
2022-02-03 10:28:00,6925,6925,6950,6950,1500
2022-02-03 10:29:00,6925,6925,6950,6950,0
2022-02-03 10:30:00,6925,6925,6925,6925,21500
2022-02-03 10:31:00,6950,6950,6950,6950,47900
2022-02-03 10:32:00,6950,6950,6975,6975,6200
2022-02-03 10:33:00,7000,6975,7000,6975,700
2022-02-03 10:34:00,6975,6975,6975,6975,500
2022-02-03 10:35:00,6975,6975,6975,6975,0
2022-02-03 10:36:00,6975,6950,6975,6950,1100
2022-02-03 10:37:00,6975,6950,6975,6950,0
2022-02-03 10:38:00,6950,6950,6950,6950,1500
2022-02-03 10:39:00,7000,7000,7000,7000,200
2022-02-03 10:40:00,6950,6950,6950,6950,2400
2022-02-03 10:41:00,6950,6950,6950,6950,1200
2022-02-03 10:42:00,6950,6950,6950,6950,100
2022-02-03 10:43:00,6975,6950,6975,6950,2500
2022-02-03 10:44:00,6975,6950,6975,6950,0
2022-02-03 10:45:00,6975,6950,6975,6950,0
2022-02-03 10:46:00,6975,6950,6975,6950,2700
2022-02-03 10:47:00,6975,6950,6975,6950,0
2022-02-03 10:48:00,6975,6950,6975,6950,0
2022-02-03 10:49:00,6950,6950,6950,6950,1100
2022-02-03 10:50:00,6950,6925,6950,6925,1700
2022-02-03 10:51:00,6975,6975,6975,6975,2000
2022-02-03 10:52:00,6975,6975,6975,6975,1000
2022-02-03 10:53:00,6950,6950,6975,6975,1900
2022-02-03 10:54:00,6975,6975,6975,6975,100
2022-02-03 10:55:00,6975,6975,6975,6975,2200
2022-02-03 10:56:00,6975,6975,6975,6975,2700
2022-02-03 10:57:00,7000,7000,7000,7000,100
2022-02-03 10:58:00,7000,7000,7000,7000,0
2022-02-03 10:59:00,7000,7000,7000,7000,200
2022-02-03 11:00:00,7000,7000,7000,7000,0
2022-02-03 11:01:00,7000,7000,7000,7000,500
2022-02-03 11:02:00,6975,6975,6975,6975,500
2022-02-03 11:03:00,6975,6975,6975,6975,0
2022-02-03 11:04:00,7000,7000,7000,7000,200
2022-02-03 11:05:00,7000,7000,7000,7000,0
2022-02-03 11:06:00,7000,7000,7000,7000,1000
2022-02-03 11:07:00,7000,7000,7000,7000,20200
2022-02-03 11:08:00,7000,7000,7025,7025,2200
2022-02-03 11:09:00,7025,7025,7025,7025,300
2022-02-03 11:10:00,7025,7025,7025,7025,200
2022-02-03 11:11:00,7025,7025,7025,7025,100
2022-02-03 11:12:00,7025,7025,7025,7025,0
2022-02-03 11:13:00,7025,7025,7025,7025,0
2022-02-03 11:14:00,7000,7000,7000,7000,300
2022-02-03 11:15:00,7025,7000,7025,7000,700
2022-02-03 11:16:00,7025,7000,7025,7000,0
2022-02-03 11:17:00,7000,7000,7000,7000,900
2022-02-03 11:18:00,7000,7000,7000,7000,500
2022-02-03 11:19:00,7000,7000,7025,7025,400
2022-02-03 11:20:00,7000,7000,7025,7025,500
2022-02-03 11:21:00,7000,7000,7000,7000,100
2022-02-03 11:22:00,7000,7000,7000,7000,100
2022-02-03 11:23:00,7000,7000,7000,7000,0
2022-02-03 11:24:00,7025,7000,7025,7025,2900
2022-02-03 11:25:00,7000,7000,7000,7000,5700
2022-02-03 11:26:00,7000,7000,7000,7000,0
2022-02-03 11:27:00,7025,7000,7025,7000,300
2022-02-03 11:28:00,7025,7025,7025,7025,500
2022-02-03 11:29:00,7000,7000,7000,7000,100
2022-02-03 11:30:00,7000,7000,7000,7000,0
2022-02-03 11:31:00,7000,7000,7000,7000,0
2022-02-03 11:32:00,7000,7000,7000,7000,0
2022-02-03 11:33:00,7000,7000,7000,7000,0
2022-02-03 11:34:00,7000,7000,7000,7000,0
2022-02-03 11:35:00,7000,7000,7000,7000,0
2022-02-03 11:36:00,7000,7000,7000,7000,0
2022-02-03 11:37:00,7000,7000,7000,7000,0
2022-02-03 11:38:00,7000,7000,7000,7000,0
2022-02-03 11:39:00,7000,7000,7000,7000,0
2022-02-03 11:40:00,7000,7000,7000,7000,0
2022-02-03 11:41:00,7000,7000,7000,7000,0
2022-02-03 11:42:00,7000,7000,7000,7000,0
2022-02-03 11:43:00,7000,7000,7000,7000,0
2022-02-03 11:44:00,7000,7000,7000,7000,0
2022-02-03 11:45:00,7000,7000,7000,7000,0
2022-02-03 11:46:00,7000,7000,7000,7000,0
2022-02-03 11:47:00,7000,7000,7000,7000,0
2022-02-03 11:48:00,7000,7000,7000,7000,0
2022-02-03 11:49:00,7000,7000,7000,7000,0
2022-02-03 11:50:00,7000,7000,7000,7000,0
2022-02-03 11:51:00,7000,7000,7000,7000,0
2022-02-03 11:52:00,7000,7000,7000,7000,0
2022-02-03 11:53:00,7000,7000,7000,7000,0
2022-02-03 11:54:00,7000,7000,7000,7000,0
2022-02-03 11:55:00,7000,7000,7000,7000,0
2022-02-03 11:56:00,7000,7000,7000,7000,0
2022-02-03 11:57:00,7000,7000,7000,7000,0
2022-02-03 11:58:00,7000,7000,7000,7000,0
2022-02-03 11:59:00,7000,7000,7000,7000,0
2022-02-03 12:00:00,7000,7000,7000,7000,0
2022-02-03 12:01:00,7000,7000,7000,7000,0
2022-02-03 12:02:00,7000,7000,7000,7000,0
2022-02-03 12:03:00,7000,7000,7000,7000,0
2022-02-03 12:04:00,7000,7000,7000,7000,0
2022-02-03 12:05:00,7000,7000,7000,7000,0
2022-02-03 12:06:00,7000,7000,7000,7000,0
2022-02-03 12:07:00,7000,7000,7000,7000,0
2022-02-03 12:08:00,7000,7000,7000,7000,0
2022-02-03 12:09:00,7000,7000,7000,7000,0
2022-02-03 12:10:00,7000,7000,7000,7000,0
2022-02-03 12:11:00,7000,7000,7000,7000,0
2022-02-03 12:12:00,7000,7000,7000,7000,0
2022-02-03 12:13:00,7000,7000,7000,7000,0
2022-02-03 12:14:00,7000,7000,7000,7000,0
2022-02-03 12:15:00,7000,7000,7000,7000,0
2022-02-03 12:16:00,7000,7000,7000,7000,0
2022-02-03 12:17:00,7000,7000,7000,7000,0
2022-02-03 12:18:00,7000,7000,7000,7000,0
2022-02-03 12:19:00,7000,7000,7000,7000,0
2022-02-03 12:20:00,7000,7000,7000,7000,0
2022-02-03 12:21:00,7000,7000,7000,7000,0
2022-02-03 12:22:00,7000,7000,7000,7000,0
2022-02-03 12:23:00,7000,7000,7000,7000,0
2022-02-03 12:24:00,7000,7000,7000,7000,0
2022-02-03 12:25:00,7000,7000,7000,7000,0
2022-02-03 12:26:00,7000,7000,7000,7000,0
2022-02-03 12:27:00,7000,7000,7000,7000,0
2022-02-03 12:28:00,7000,7000,7000,7000,0
2022-02-03 12:29:00,7000,7000,7000,7000,0
2022-02-03 12:30:00,7000,7000,7000,7000,0
2022-02-03 12:31:00,7000,7000,7000,7000,0
2022-02-03 12:32:00,7000,7000,7000,7000,0
2022-02-03 12:33:00,7000,7000,7000,7000,0
2022-02-03 12:34:00,7000,7000,7000,7000,0
2022-02-03 12:35:00,7000,7000,7000,7000,0
2022-02-03 12:36:00,7000,7000,7000,7000,0
2022-02-03 12:37:00,7000,7000,7000,7000,0
2022-02-03 12:38:00,7000,7000,7000,7000,0
2022-02-03 12:39:00,7000,7000,7000,7000,0
2022-02-03 12:40:00,7000,7000,7000,7000,0
2022-02-03 12:41:00,7000,7000,7000,7000,0
2022-02-03 12:42:00,7000,7000,7000,7000,0
2022-02-03 12:43:00,7000,7000,7000,7000,0
2022-02-03 12:44:00,7000,7000,7000,7000,0
2022-02-03 12:45:00,7000,7000,7000,7000,0
2022-02-03 12:46:00,7000,7000,7000,7000,0
2022-02-03 12:47:00,7000,7000,7000,7000,0
2022-02-03 12:48:00,7000,7000,7000,7000,0
2022-02-03 12:49:00,7000,7000,7000,7000,0
2022-02-03 12:50:00,7000,7000,7000,7000,0
2022-02-03 12:51:00,7000,7000,7000,7000,0
2022-02-03 12:52:00,7000,7000,7000,7000,0
2022-02-03 12:53:00,7000,7000,7000,7000,0
2022-02-03 12:54:00,7000,7000,7000,7000,0
2022-02-03 12:55:00,7000,7000,7000,7000,0
2022-02-03 12:56:00,7000,7000,7000,7000,0
2022-02-03 12:57:00,7000,7000,7000,7000,0
2022-02-03 12:58:00,7000,7000,7000,7000,0
2022-02-03 12:59:00,7000,7000,7000,7000,0
2022-02-03 13:00:00,7000,7000,7000,7000,0
2022-02-03 13:01:00,7000,7000,7000,7000,0
2022-02-03 13:02:00,7000,7000,7000,7000,0
2022-02-03 13:03:00,7000,7000,7000,7000,0
2022-02-03 13:04:00,7000,7000,7000,7000,0
2022-02-03 13:05:00,7000,7000,7000,7000,0
2022-02-03 13:06:00,7000,7000,7000,7000,0
2022-02-03 13:07:00,7000,7000,7000,7000,0
2022-02-03 13:08:00,7000,7000,7000,7000,0
2022-02-03 13:09:00,7000,7000,7000,7000,0
2022-02-03 13:10:00,7000,7000,7000,7000,0
2022-02-03 13:11:00,7000,7000,7000,7000,0
2022-02-03 13:12:00,7000,7000,7000,7000,0
2022-02-03 13:13:00,7000,7000,7000,7000,0
2022-02-03 13:14:00,7000,7000,7000,7000,0
2022-02-03 13:15:00,7000,7000,7000,7000,0
2022-02-03 13:16:00,7000,7000,7000,7000,0
2022-02-03 13:17:00,7000,7000,7000,7000,0
2022-02-03 13:18:00,7000,7000,7000,7000,0
2022-02-03 13:19:00,7000,7000,7000,7000,0
2022-02-03 13:20:00,7000,7000,7000,7000,0
2022-02-03 13:21:00,7000,7000,7000,7000,0
2022-02-03 13:22:00,7000,7000,7000,7000,0
2022-02-03 13:23:00,7000,7000,7000,7000,0
2022-02-03 13:24:00,7000,7000,7000,7000,0
2022-02-03 13:25:00,7000,7000,7000,7000,0
2022-02-03 13:26:00,7000,7000,7000,7000,0
2022-02-03 13:27:00,7000,7000,7000,7000,0
2022-02-03 13:28:00,7000,7000,7000,7000,0
2022-02-03 13:29:00,7000,7000,7000,7000,0
2022-02-03 13:30:00,7000,7000,7025,7025,3800
2022-02-03 13:31:00,7000,7000,7025,7025,0
2022-02-03 13:32:00,7000,7000,7000,7000,1000
2022-02-03 13:33:00,7000,7000,7000,7000,2800
2022-02-03 13:34:00,7025,7000,7025,7000,1800
2022-02-03 13:35:00,7000,7000,7000,7000,6600
2022-02-03 13:36:00,7000,7000,7000,7000,1700
2022-02-03 13:37:00,7000,7000,7000,7000,1700
2022-02-03 13:38:00,7000,7000,7000,7000,800
2022-02-03 13:39:00,7000,7000,7000,7000,1000
2022-02-03 13:40:00,7000,7000,7025,7000,2800
2022-02-03 13:41:00,7000,7000,7000,7000,800
2022-02-03 13:42:00,7000,7000,7000,7000,1600
2022-02-03 13:43:00,7000,7000,7025,7025,1100
2022-02-03 13:44:00,7000,7000,7000,7000,1400
2022-02-03 13:45:00,7000,7000,7000,7000,1400
2022-02-03 13:46:00,7000,7000,7000,7000,1900
2022-02-03 13:47:00,7000,7000,7000,7000,6000
2022-02-03 13:48:00,7000,7000,7000,7000,900
2022-02-03 13:49:00,7000,7000,7000,7000,1000
2022-02-03 13:50:00,7000,7000,7000,7000,900
2022-02-03 13:51:00,7000,7000,7000,7000,0
2022-02-03 13:52:00,7000,7000,7000,7000,3400
2022-02-03 13:53:00,7000,7000,7000,7000,900
2022-02-03 13:54:00,7000,7000,7000,7000,1000
2022-02-03 13:55:00,7000,7000,7000,7000,1100
2022-02-03 13:56:00,7000,7000,7000,7000,9900
2022-02-03 13:57:00,7000,6975,7000,7000,2200
2022-02-03 13:58:00,7000,6975,7000,6975,1900
2022-02-03 13:59:00,6975,6975,6975,6975,3300
2022-02-03 14:00:00,6975,6975,6975,6975,900
2022-02-03 14:01:00,6975,6975,6975,6975,800
2022-02-03 14:02:00,6975,6975,7000,7000,1900
2022-02-03 14:03:00,6975,6975,6975,6975,900
2022-02-03 14:04:00,7000,6975,7000,6975,1000
2022-02-03 14:05:00,6975,6975,6975,6975,900
2022-02-03 14:06:00,6975,6975,6975,6975,1800
2022-02-03 14:07:00,7000,6975,7000,7000,3100
2022-02-03 14:08:00,7000,7000,7000,7000,6300
2022-02-03 14:09:00,7025,7025,7025,7025,200
2022-02-03 14:10:00,7025,7025,7025,7025,0
2022-02-03 14:11:00,7025,7025,7025,7025,0
2022-02-03 14:12:00,7025,7025,7025,7025,200
2022-02-03 14:13:00,7025,7025,7025,7025,0
2022-02-03 14:14:00,7025,7025,7025,7025,0
2022-02-03 14:15:00,7025,7025,7025,7025,0
2022-02-03 14:16:00,7025,7025,7025,7025,0
2022-02-03 14:17:00,7025,7000,7025,7025,1800
2022-02-03 14:18:00,7025,7000,7025,7025,0
2022-02-03 14:19:00,7025,7000,7025,7025,0
2022-02-03 14:20:00,7000,7000,7000,7000,2000
2022-02-03 14:21:00,7025,7025,7025,7025,400
2022-02-03 14:22:00,7000,7000,7025,7025,3500
2022-02-03 14:23:00,7000,7000,7025,7025,0
2022-02-03 14:24:00,7000,7000,7000,7000,3400
2022-02-03 14:25:00,7000,7000,7000,7000,30800
2022-02-03 14:26:00,7000,7000,7000,7000,3400
2022-02-03 14:27:00,7000,7000,7000,7000,11000
2022-02-03 14:28:00,7000,7000,7000,7000,600
2022-02-03 14:29:00,7000,7000,7000,7000,2500
2022-02-03 14:30:00,7000,6975,7000,6975,7800
2022-02-03 14:31:00,7000,7000,7000,7000,800
2022-02-03 14:32:00,7000,6975,7000,7000,2800
2022-02-03 14:33:00,6975,6975,7000,7000,7900
2022-02-03 14:34:00,6975,6975,7025,7025,32800
2022-02-03 14:35:00,6975,6975,7025,7025,0
2022-02-03 14:36:00,7025,7025,7025,7025,2900
2022-02-03 14:37:00,7025,7025,7025,7025,900
2022-02-03 14:38:00,7025,7025,7025,7025,3200
2022-02-03 14:39:00,7025,7025,7025,7025,3200
2022-02-03 14:40:00,7025,7025,7050,7025,6000
2022-02-03 14:41:00,7050,7050,7050,7050,49600
2022-02-03 14:42:00,7050,7050,7050,7050,4300
2022-02-03 14:43:00,7025,7025,7025,7025,200
2022-02-03 14:44:00,7025,7025,7050,7050,500
2022-02-03 14:45:00,7025,7025,7025,7025,2700
2022-02-03 14:46:00,7025,7025,7025,7025,5200
2022-02-03 14:47:00,7025,7000,7025,7000,101000
2022-02-03 14:48:00,7000,7000,7025,7000,1000
2022-02-03 14:49:00,7000,7000,7025,7025,52200
2022-02-03 14:50:00,7000,7000,7025,7025,0
2022-02-03 14:51:00,7000,7000,7025,7025,0
2022-02-03 14:52:00,7000,7000,7025,7025,0
2022-02-03 14:53:00,7000,7000,7025,7025,0
2022-02-03 14:54:00,7000,7000,7025,7025,0
2022-02-03 14:55:00,7000,7000,7025,7025,0
2022-02-03 14:56:00,7000,7000,7025,7025,0
2022-02-03 14:57:00,7000,7000,7025,7025,0
2022-02-03 14:58:00,7000,7000,7025,7025,0
2022-02-03 14:59:00,7000,7000,7025,7025,0
2022-02-03 15:00:00,6950,6950,6950,6950,454300
2022-02-03 15:01:00,6950,6950,6950,6950,400
2022-02-03 15:02:00,6950,6950,6950,6950,0
2022-02-03 15:03:00,6950,6950,6950,6950,300
2022-02-03 15:04:00,6950,6950,6950,6950,2500
2022-02-03 15:05:00,6950,6950,6950,6950,500
2022-02-03 15:06:00,6950,6950,6950,6950,5200
2022-02-03 15:07:00,6950,6950,6950,6950,0
2022-02-03 15:08:00,6950,6950,6950,6950,100
2022-02-03 15:09:00,6950,6950,6950,6950,0
2022-02-03 15:10:00,6950,6950,6950,6950,11500
2022-02-03 15:11:00,6950,6950,6950,6950,100
2022-02-03 15:12:00,6950,6950,6950,6950,500
2022-02-03 15:13:00,6950,6950,6950,6950,0
2022-02-03 15:14:00,6950,6950,6950,6950,0
2022-02-03 15:15:00,6950,6950,6950,6950,0
2022-02-03 15:16:00,6950,6950,6950,6950,0
2022-02-03 15:17:00,6950,6950,6950,6950,0
2022-02-03 15:18:00,6950,6950,6950,6950,0
2022-02-03 15:19:00,6950,6950,6950,6950,0
2022-02-03 15:20:00,6950,6950,6950,6950,0
2022-02-03 15:21:00,6950,6950,6950,6950,0
2022-02-03 15:22:00,6950,6950,6950,6950,0
2022-02-03 15:23:00,6950,6950,6950,6950,0
2022-02-03 15:24:00,6950,6950,6950,6950,0
2022-02-03 15:25:00,6950,6950,6950,6950,0
2022-02-03 15:26:00,6950,6950,6950,6950,0
2022-02-03 15:27:00,6950,6950,6950,6950,0
2022-02-03 15:28:00,6950,6950,6950,6950,0
2022-02-03 15:29:00,6950,6950,6950,6950,0
2022-02-03 15:30:00,6950,6950,6950,6950,0
2022-02-03 15:31:00,6950,6950,6950,6950,0
2022-02-03 15:32:00,6950,6950,6950,6950,0
2022-02-03 15:33:00,6950,6950,6950,6950,0
2022-02-03 15:34:00,6950,6950,6950,6950,0
2022-02-03 15:35:00,6950,6950,6950,6950,0
2022-02-03 15:36:00,6950,6950,6950,6950,0
2022-02-03 15:37:00,6950,6950,6950,6950,0
2022-02-03 15:38:00,6950,6950,6950,6950,0
2022-02-03 15:39:00,6950,6950,6950,6950,0
2022-02-03 15:40:00,6950,6950,6950,6950,0
2022-02-03 15:41:00,6950,6950,6950,6950,0
2022-02-03 15:42:00,6950,6950,6950,6950,0
2022-02-03 15:43:00,6950,6950,6950,6950,0
2022-02-03 15:44:00,6950,6950,6950,6950,0
2022-02-03 15:45:00,6950,6950,6950,6950,0
2022-02-03 15:46:00,6950,6950,6950,6950,0
2022-02-03 15:47:00,6950,6950,6950,6950,0
2022-02-03 15:48:00,6950,6950,6950,6950,0
2022-02-03 15:49:00,6950,6950,6950,6950,0
2022-02-03 15:50:00,6950,6950,6950,6950,0
2022-02-03 15:51:00,6950,6950,6950,6950,0
2022-02-03 15:52:00,6950,6950,6950,6950,0
2022-02-03 15:53:00,6950,6950,6950,6950,0
2022-02-03 15:54:00,6950,6950,6950,6950,0
2022-02-03 15:55:00,6950,6950,6950,6950,0
2022-02-03 15:56:00,6950,6950,6950,6950,0
2022-02-03 15:57:00,6950,6950,6950,6950,0
2022-02-03 15:58:00,6950,6950,6950,6950,0
2022-02-03 15:59:00,6950,6950,6950,6950,0
2022-02-04 09:00:00,6950,6950,6950,6950,0
2022-02-04 09:01:00,6950,6950,6950,6950,0
2022-02-04 09:02:00,6950,6950,6950,6950,0
2022-02-04 09:03:00,6950,6950,6950,6950,0
2022-02-04 09:04:00,6950,6950,6950,6950,0
2022-02-04 09:05:00,6950,6950,6950,6950,0
2022-02-04 09:06:00,6950,6950,6950,6950,0
2022-02-04 09:07:00,6950,6950,6950,6950,0
2022-02-04 09:08:00,6950,6950,6950,6950,0
2022-02-04 09:09:00,6950,6950,6950,6950,0
2022-02-04 09:10:00,6950,6950,6950,6950,0
2022-02-04 09:11:00,6950,6950,6950,6950,0
2022-02-04 09:12:00,6950,6950,6950,6950,0
2022-02-04 09:13:00,6950,6950,6950,6950,0
2022-02-04 09:14:00,6950,6950,6950,6950,0
2022-02-04 09:15:00,6950,6950,6950,6950,0
2022-02-04 09:16:00,6950,6950,6950,6950,0
2022-02-04 09:17:00,6950,6950,6950,6950,0
2022-02-04 09:18:00,6950,6950,6950,6950,0
2022-02-04 09:19:00,6950,6950,6950,6950,0
2022-02-04 09:20:00,6950,6950,6950,6950,0
2022-02-04 09:21:00,6950,6950,6950,6950,0
2022-02-04 09:22:00,6950,6950,6950,6950,0
2022-02-04 09:23:00,6950,6950,6950,6950,0
2022-02-04 09:24:00,6950,6950,6950,6950,0
2022-02-04 09:25:00,6950,6950,6950,6950,0
2022-02-04 09:26:00,6950,6950,6950,6950,0
2022-02-04 09:27:00,6950,6950,6950,6950,0
2022-02-04 09:28:00,6950,6950,6950,6950,0
2022-02-04 09:29:00,6950,6950,6950,6950,0
2022-02-04 09:30:00,6950,6950,6950,6950,0
2022-02-04 09:31:00,6950,6950,6950,6950,0
2022-02-04 09:32:00,6950,6950,6950,6950,0
2022-02-04 09:33:00,6950,6950,6950,6950,0
2022-02-04 09:34:00,6950,6950,6950,6950,0
2022-02-04 09:35:00,6950,6950,6950,6950,0
2022-02-04 09:36:00,6950,6950,6950,6950,0
2022-02-04 09:37:00,6950,6950,6950,6950,0
2022-02-04 09:38:00,6950,6950,6950,6950,0
2022-02-04 09:39:00,6950,6950,6950,6950,0
2022-02-04 09:40:00,6950,6950,6950,6950,0
2022-02-04 09:41:00,6950,6950,6950,6950,0
2022-02-04 09:42:00,6950,6950,6950,6950,0
2022-02-04 09:43:00,6950,6950,6950,6950,0
2022-02-04 09:44:00,6950,6950,6950,6950,0
2022-02-04 09:45:00,6950,6950,6950,6950,0
2022-02-04 09:46:00,6950,6950,6950,6950,0
2022-02-04 09:47:00,6950,6950,6950,6950,0
2022-02-04 09:48:00,6950,6950,6950,6950,0
2022-02-04 09:49:00,6950,6950,6950,6950,0
2022-02-04 09:50:00,6950,6950,6950,6950,0
2022-02-04 09:51:00,6950,6950,6950,6950,0
2022-02-04 09:52:00,6950,6950,6950,6950,0
2022-02-04 09:53:00,6950,6950,6950,6950,0
2022-02-04 09:54:00,6950,6950,6950,6950,0
2022-02-04 09:55:00,6950,6950,6950,6950,0
2022-02-04 09:56:00,6950,6950,6950,6950,0
2022-02-04 09:57:00,6950,6950,6950,6950,0
2022-02-04 09:58:00,6950,6950,6950,6950,0
2022-02-04 09:59:00,6950,6950,6950,6950,0
2022-02-04 10:00:00,6950,6950,6950,6950,0
2022-02-04 10:01:00,6950,6950,6950,6950,0
2022-02-04 10:02:00,6950,6950,6950,6950,0
2022-02-04 10:03:00,6950,6950,6950,6950,0
2022-02-04 10:04:00,6950,6950,6950,6950,0
2022-02-04 10:05:00,6950,6950,6950,6950,0
2022-02-04 10:06:00,6950,6950,6950,6950,0
2022-02-04 10:07:00,6950,6950,6950,6950,0
2022-02-04 10:08:00,6950,6950,6950,6950,0
2022-02-04 10:09:00,6950,6950,6950,6950,0
2022-02-04 10:10:00,6950,6950,6950,6950,0
2022-02-04 10:11:00,6950,6950,6950,6950,0
2022-02-04 10:12:00,6950,6950,6950,6950,0
2022-02-04 10:13:00,6950,6950,6950,6950,0
2022-02-04 10:14:00,6950,6950,6950,6950,0
2022-02-04 10:15:00,6950,6950,6950,6950,0
2022-02-04 10:16:00,6950,6950,6950,6950,0
2022-02-04 10:17:00,6950,6950,6950,6950,0
2022-02-04 10:18:00,6950,6950,6950,6950,0
2022-02-04 10:19:00,6950,6950,6950,6950,0
2022-02-04 10:20:00,6950,6950,6950,6950,0
2022-02-04 10:21:00,6950,6950,6950,6950,0
2022-02-04 10:22:00,6950,6950,6950,6950,0
2022-02-04 10:23:00,6950,6950,6950,6950,0
2022-02-04 10:24:00,6950,6950,6950,6950,0
2022-02-04 10:25:00,6950,6950,6950,6950,0
2022-02-04 10:26:00,6950,6950,6950,6950,0
2022-02-04 10:27:00,6950,6950,6950,6950,0
2022-02-04 10:28:00,6950,6950,6950,6950,0
2022-02-04 10:29:00,6950,6950,6950,6950,0
2022-02-04 10:30:00,6950,6950,6950,6950,0
2022-02-04 10:31:00,6950,6950,6950,6950,0
2022-02-04 10:32:00,6950,6950,6950,6950,0
2022-02-04 10:33:00,6950,6950,6950,6950,0
2022-02-04 10:34:00,6950,6950,6950,6950,0
2022-02-04 10:35:00,6950,6950,6950,6950,0
2022-02-04 10:36:00,6950,6950,6950,6950,0
2022-02-04 10:37:00,6950,6950,6950,6950,0
2022-02-04 10:38:00,6950,6950,6950,6950,0
2022-02-04 10:39:00,6950,6950,6950,6950,0
2022-02-04 10:40:00,6950,6950,6950,6950,0
2022-02-04 10:41:00,6950,6950,6950,6950,0
2022-02-04 10:42:00,6950,6950,6950,6950,0
2022-02-04 10:43:00,6950,6950,6950,6950,0
2022-02-04 10:44:00,6950,6950,6950,6950,0
2022-02-04 10:45:00,6950,6950,6950,6950,0
2022-02-04 10:46:00,6950,6950,6950,6950,0
2022-02-04 10:47:00,6950,6950,6950,6950,0
2022-02-04 10:48:00,6950,6950,6950,6950,0
2022-02-04 10:49:00,6950,6950,6950,6950,0
2022-02-04 10:50:00,6950,6950,6950,6950,0
2022-02-04 10:51:00,6950,6950,6950,6950,0
2022-02-04 10:52:00,6950,6950,6950,6950,0
2022-02-04 10:53:00,6950,6950,6950,6950,0
2022-02-04 10:54:00,6950,6950,6950,6950,0
2022-02-04 10:55:00,6950,6950,6950,6950,0
2022-02-04 10:56:00,6950,6950,6950,6950,0
2022-02-04 10:57:00,6950,6950,6950,6950,0
2022-02-04 10:58:00,6950,6950,6950,6950,0
2022-02-04 10:59:00,6950,6950,6950,6950,0
2022-02-04 11:00:00,6950,6950,6950,6950,0
2022-02-04 11:01:00,6950,6950,6950,6950,0
2022-02-04 11:02:00,6950,6950,6950,6950,0
2022-02-04 11:03:00,6950,6950,6950,6950,0
2022-02-04 11:04:00,6950,6950,6950,6950,0
2022-02-04 11:05:00,6950,6950,6950,6950,0
2022-02-04 11:06:00,6950,6950,6950,6950,0
2022-02-04 11:07:00,6950,6950,6950,6950,0
2022-02-04 11:08:00,6950,6950,6950,6950,0
2022-02-04 11:09:00,6950,6950,6950,6950,0
2022-02-04 11:10:00,6950,6950,6950,6950,0
2022-02-04 11:11:00,6950,6950,6950,6950,0
2022-02-04 11:12:00,6950,6950,6950,6950,0
2022-02-04 11:13:00,6950,6950,6950,6950,0
2022-02-04 11:14:00,6950,6950,6950,6950,0
2022-02-04 11:15:00,6950,6950,6950,6950,0
2022-02-04 11:16:00,6950,6950,6950,6950,0
2022-02-04 11:17:00,6950,6950,6950,6950,0
2022-02-04 11:18:00,6950,6950,6950,6950,0
2022-02-04 11:19:00,6950,6950,6950,6950,0
2022-02-04 11:20:00,6950,6950,6950,6950,0
2022-02-04 11:21:00,6950,6950,6950,6950,0
2022-02-04 11:22:00,6950,6950,6950,6950,0
2022-02-04 11:23:00,6950,6950,6950,6950,0
2022-02-04 11:24:00,6950,6950,6950,6950,0
2022-02-04 11:25:00,6950,6950,6950,6950,0
2022-02-04 11:26:00,6950,6950,6950,6950,0
2022-02-04 11:27:00,6950,6950,6950,6950,0
2022-02-04 11:28:00,6950,6950,6950,6950,0
2022-02-04 11:29:00,6950,6950,6950,6950,0
2022-02-04 11:30:00,6950,6950,6950,6950,0
2022-02-04 11:31:00,6950,6950,6950,6950,0
2022-02-04 11:32:00,6950,6950,6950,6950,0
2022-02-04 11:33:00,6950,6950,6950,6950,0
2022-02-04 11:34:00,6950,6950,6950,6950,0
2022-02-04 11:35:00,6950,6950,6950,6950,0
2022-02-04 11:36:00,6950,6950,6950,6950,0
2022-02-04 11:37:00,6950,6950,6950,6950,0
2022-02-04 11:38:00,6950,6950,6950,6950,0
2022-02-04 11:39:00,6950,6950,6950,6950,0
2022-02-04 11:40:00,6950,6950,6950,6950,0
2022-02-04 11:41:00,6950,6950,6950,6950,0
2022-02-04 11:42:00,6950,6950,6950,6950,0
2022-02-04 11:43:00,6950,6950,6950,6950,0
2022-02-04 11:44:00,6950,6950,6950,6950,0
2022-02-04 11:45:00,6950,6950,6950,6950,0
2022-02-04 11:46:00,6950,6950,6950,6950,0
2022-02-04 11:47:00,6950,6950,6950,6950,0
2022-02-04 11:48:00,6950,6950,6950,6950,0
2022-02-04 11:49:00,6950,6950,6950,6950,0
2022-02-04 11:50:00,6950,6950,6950,6950,0
2022-02-04 11:51:00,6950,6950,6950,6950,0
2022-02-04 11:52:00,6950,6950,6950,6950,0
2022-02-04 11:53:00,6950,6950,6950,6950,0
2022-02-04 11:54:00,6950,6950,6950,6950,0
2022-02-04 11:55:00,6950,6950,6950,6950,0
2022-02-04 11:56:00,6950,6950,6950,6950,0
2022-02-04 11:57:00,6950,6950,6950,6950,0
2022-02-04 11:58:00,6950,6950,6950,6950,0
2022-02-04 11:59:00,6950,6950,6950,6950,0
2022-02-04 12:00:00,6950,6950,6950,6950,0
2022-02-04 12:01:00,6950,6950,6950,6950,0
2022-02-04 12:02:00,6950,6950,6950,6950,0
2022-02-04 12:03:00,6950,6950,6950,6950,0
2022-02-04 12:04:00,6950,6950,6950,6950,0
2022-02-04 12:05:00,6950,6950,6950,6950,0
2022-02-04 12:06:00,6950,6950,6950,6950,0
2022-02-04 12:07:00,6950,6950,6950,6950,0
2022-02-04 12:08:00,6950,6950,6950,6950,0
2022-02-04 12:09:00,6950,6950,6950,6950,0
2022-02-04 12:10:00,6950,6950,6950,6950,0
2022-02-04 12:11:00,6950,6950,6950,6950,0
2022-02-04 12:12:00,6950,6950,6950,6950,0
2022-02-04 12:13:00,6950,6950,6950,6950,0
2022-02-04 12:14:00,6950,6950,6950,6950,0
2022-02-04 12:15:00,6950,6950,6950,6950,0
2022-02-04 12:16:00,6950,6950,6950,6950,0
2022-02-04 12:17:00,6950,6950,6950,6950,0
2022-02-04 12:18:00,6950,6950,6950,6950,0
2022-02-04 12:19:00,6950,6950,6950,6950,0
2022-02-04 12:20:00,6950,6950,6950,6950,0
2022-02-04 12:21:00,6950,6950,6950,6950,0
2022-02-04 12:22:00,6950,6950,6950,6950,0
2022-02-04 12:23:00,6950,6950,6950,6950,0
2022-02-04 12:24:00,6950,6950,6950,6950,0
2022-02-04 12:25:00,6950,6950,6950,6950,0
2022-02-04 12:26:00,6950,6950,6950,6950,0
2022-02-04 12:27:00,6950,6950,6950,6950,0
2022-02-04 12:28:00,6950,6950,6950,6950,0
2022-02-04 12:29:00,6950,6950,6950,6950,0
2022-02-04 12:30:00,6950,6950,6950,6950,0
2022-02-04 12:31:00,6950,6950,6950,6950,0
2022-02-04 12:32:00,6950,6950,6950,6950,0
2022-02-04 12:33:00,6950,6950,6950,6950,0
2022-02-04 12:34:00,6950,6950,6950,6950,0
2022-02-04 12:35:00,6950,6950,6950,6950,0
2022-02-04 12:36:00,6950,6950,6950,6950,0
2022-02-04 12:37:00,6950,6950,6950,6950,0
2022-02-04 12:38:00,6950,6950,6950,6950,0
2022-02-04 12:39:00,6950,6950,6950,6950,0
2022-02-04 12:40:00,6950,6950,6950,6950,0
2022-02-04 12:41:00,6950,6950,6950,6950,0
2022-02-04 12:42:00,6950,6950,6950,6950,0
2022-02-04 12:43:00,6950,6950,6950,6950,0
2022-02-04 12:44:00,6950,6950,6950,6950,0
2022-02-04 12:45:00,6950,6950,6950,6950,0
2022-02-04 12:46:00,6950,6950,6950,6950,0
2022-02-04 12:47:00,6950,6950,6950,6950,0
2022-02-04 12:48:00,6950,6950,6950,6950,0
2022-02-04 12:49:00,6950,6950,6950,6950,0
2022-02-04 12:50:00,6950,6950,6950,6950,0
2022-02-04 12:51:00,6950,6950,6950,6950,0
2022-02-04 12:52:00,6950,6950,6950,6950,0
2022-02-04 12:53:00,6950,6950,6950,6950,0
2022-02-04 12:54:00,6950,6950,6950,6950,0
2022-02-04 12:55:00,6950,6950,6950,6950,0
2022-02-04 12:56:00,6950,6950,6950,6950,0
2022-02-04 12:57:00,6950,6950,6950,6950,0
2022-02-04 12:58:00,6950,6950,6950,6950,0
2022-02-04 12:59:00,6950,6950,6950,6950,0
2022-02-04 13:00:00,6950,6950,6950,6950,0
2022-02-04 13:01:00,6950,6950,6950,6950,0
2022-02-04 13:02:00,6950,6950,6950,6950,0
2022-02-04 13:03:00,6950,6950,6950,6950,0
2022-02-04 13:04:00,6950,6950,6950,6950,0
2022-02-04 13:05:00,6950,6950,6950,6950,0
2022-02-04 13:06:00,6950,6950,6950,6950,0
2022-02-04 13:07:00,6950,6950,6950,6950,0
2022-02-04 13:08:00,6950,6950,6950,6950,0
2022-02-04 13:09:00,6950,6950,6950,6950,0
2022-02-04 13:10:00,6950,6950,6950,6950,0
2022-02-04 13:11:00,6950,6950,6950,6950,0
2022-02-04 13:12:00,6950,6950,6950,6950,0
2022-02-04 13:13:00,6950,6950,6950,6950,0
2022-02-04 13:14:00,6950,6950,6950,6950,0
2022-02-04 13:15:00,6950,6950,6950,6950,0
2022-02-04 13:16:00,6950,6950,6950,6950,0
2022-02-04 13:17:00,6950,6950,6950,6950,0
2022-02-04 13:18:00,6950,6950,6950,6950,0
2022-02-04 13:19:00,6950,6950,6950,6950,0
2022-02-04 13:20:00,6950,6950,6950,6950,0
2022-02-04 13:21:00,6950,6950,6950,6950,0
2022-02-04 13:22:00,6950,6950,6950,6950,0
2022-02-04 13:23:00,6950,6950,6950,6950,0
2022-02-04 13:24:00,6950,6950,6950,6950,0
2022-02-04 13:25:00,6950,6950,6950,6950,0
2022-02-04 13:26:00,6950,6950,6950,6950,0
2022-02-04 13:27:00,6950,6950,6950,6950,0
2022-02-04 13:28:00,6950,6950,6950,6950,0
2022-02-04 13:29:00,6950,6950,6950,6950,0
2022-02-04 13:30:00,6950,6950,6950,6950,0
2022-02-04 13:31:00,6950,6950,6950,6950,0
2022-02-04 13:32:00,6950,6950,6950,6950,0
2022-02-04 13:33:00,6950,6950,6950,6950,0
2022-02-04 13:34:00,6950,6950,6950,6950,0
2022-02-04 13:35:00,6950,6950,6950,6950,0
2022-02-04 13:36:00,6950,6950,6950,6950,0
2022-02-04 13:37:00,6950,6950,6950,6950,0
2022-02-04 13:38:00,6950,6950,6950,6950,0
2022-02-04 13:39:00,6950,6950,6950,6950,0
2022-02-04 13:40:00,6950,6950,6950,6950,0
2022-02-04 13:41:00,6950,6950,6950,6950,0
2022-02-04 13:42:00,6950,6950,6950,6950,0
2022-02-04 13:43:00,6950,6950,6950,6950,0
2022-02-04 13:44:00,6950,6950,6950,6950,0
2022-02-04 13:45:00,6950,6950,6950,6950,0
2022-02-04 13:46:00,6950,6950,6950,6950,0
2022-02-04 13:47:00,6950,6950,6950,6950,0
2022-02-04 13:48:00,6950,6950,6950,6950,0
2022-02-04 13:49:00,6950,6950,6950,6950,0
2022-02-04 13:50:00,6950,6950,6950,6950,0
2022-02-04 13:51:00,6950,6950,6950,6950,0
2022-02-04 13:52:00,6950,6950,6950,6950,0
2022-02-04 13:53:00,6950,6950,6950,6950,0
2022-02-04 13:54:00,6950,6950,6950,6950,0
2022-02-04 13:55:00,6950,6950,6950,6950,0
2022-02-04 13:56:00,6950,6950,6950,6950,0
2022-02-04 13:57:00,6950,6950,6950,6950,0
2022-02-04 13:58:00,6950,6950,6950,6950,0
2022-02-04 13:59:00,6950,6950,6950,6950,0
2022-02-04 14:00:00,6950,6950,6950,6950,0
2022-02-04 14:01:00,6950,6950,6950,6950,0
2022-02-04 14:02:00,6950,6950,6950,6950,0
2022-02-04 14:03:00,6950,6950,6950,6950,0
2022-02-04 14:04:00,6950,6950,6950,6950,0
2022-02-04 14:05:00,6950,6950,6950,6950,0
2022-02-04 14:06:00,6950,6950,6950,6950,0
2022-02-04 14:07:00,6950,6950,6950,6950,0
2022-02-04 14:08:00,6950,6950,6950,6950,0
2022-02-04 14:09:00,6950,6950,6950,6950,0
2022-02-04 14:10:00,6950,6950,6950,6950,0
2022-02-04 14:11:00,6950,6950,6950,6950,0
2022-02-04 14:12:00,6950,6950,6950,6950,0
2022-02-04 14:13:00,6950,6950,6950,6950,0
2022-02-04 14:14:00,6950,6950,6950,6950,0
2022-02-04 14:15:00,6950,6950,6950,6950,0
2022-02-04 14:16:00,6950,6950,6950,6950,0
2022-02-04 14:17:00,6950,6950,6950,6950,0
2022-02-04 14:18:00,6950,6950,6950,6950,0
2022-02-04 14:19:00,6950,6950,6950,6950,0
2022-02-04 14:20:00,6950,6950,6950,6950,0
2022-02-04 14:21:00,6950,6950,6950,6950,0
2022-02-04 14:22:00,6950,6950,6950,6950,0
2022-02-04 14:23:00,6950,6950,6950,6950,0
2022-02-04 14:24:00,6950,6950,6950,6950,0
2022-02-04 14:25:00,6950,6950,6950,6950,0
2022-02-04 14:26:00,6950,6950,6950,6950,0
2022-02-04 14:27:00,6950,6950,6950,6950,0
2022-02-04 14:28:00,6950,6950,6950,6950,0
2022-02-04 14:29:00,6950,6950,6950,6950,0
2022-02-04 14:30:00,6950,6950,6950,6950,0
2022-02-04 14:31:00,6950,6950,6950,6950,0
2022-02-04 14:32:00,6950,6950,6950,6950,0
2022-02-04 14:33:00,6950,6950,6950,6950,0
2022-02-04 14:34:00,6950,6950,6950,6950,0
2022-02-04 14:35:00,6950,6950,6950,6950,0
2022-02-04 14:36:00,6950,6950,6950,6950,0
2022-02-04 14:37:00,6950,6950,6950,6950,0
2022-02-04 14:38:00,6950,6950,6950,6950,0
2022-02-04 14:39:00,6950,6950,6950,6950,0
2022-02-04 14:40:00,6950,6950,6950,6950,0
2022-02-04 14:41:00,6950,6950,6950,6950,0
2022-02-04 14:42:00,6950,6950,6950,6950,0
2022-02-04 14:43:00,6950,6950,6950,6950,0
2022-02-04 14:44:00,6950,6950,6950,6950,0
2022-02-04 14:45:00,6950,6950,6950,6950,0
2022-02-04 14:46:00,6950,6950,6950,6950,0
2022-02-04 14:47:00,6950,6950,6950,6950,0
2022-02-04 14:48:00,6950,6950,6950,6950,0
2022-02-04 14:49:00,6950,6950,6950,6950,0
2022-02-04 14:50:00,6950,6950,6950,6950,0
2022-02-04 14:51:00,6950,6950,6950,6950,0
2022-02-04 14:52:00,6950,6950,6950,6950,0
2022-02-04 14:53:00,6950,6950,6950,6950,0
2022-02-04 14:54:00,6950,6950,6950,6950,0
2022-02-04 14:55:00,6950,6950,6950,6950,0
2022-02-04 14:56:00,6950,6950,6950,6950,0
2022-02-04 14:57:00,6950,6950,6950,6950,0
2022-02-04 14:58:00,6950,6950,6950,6950,0
2022-02-04 14:59:00,6950,6950,6950,6950,0
2022-02-04 15:00:00,6950,6950,6950,6950,0
2022-02-04 15:01:00,6950,6950,6950,6950,0
2022-02-04 15:02:00,6950,6950,6950,6950,0
2022-02-04 15:03:00,6950,6950,6950,6950,0
2022-02-04 15:04:00,6950,6950,6950,6950,0
2022-02-04 15:05:00,6950,6950,6950,6950,0
2022-02-04 15:06:00,6950,6950,6950,6950,0
2022-02-04 15:07:00,6950,6950,6950,6950,0
2022-02-04 15:08:00,6950,6950,6950,6950,0
2022-02-04 15:09:00,6950,6950,6950,6950,0
2022-02-04 15:10:00,6950,6950,6950,6950,0
2022-02-04 15:11:00,6950,6950,6950,6950,0
2022-02-04 15:12:00,6950,6950,6950,6950,0
2022-02-04 15:13:00,6950,6950,6950,6950,0
2022-02-04 15:14:00,6950,6950,6950,6950,0
2022-02-04 15:15:00,6950,6950,6950,6950,0
2022-02-04 15:16:00,6950,6950,6950,6950,0
2022-02-04 15:17:00,6950,6950,6950,6950,0
2022-02-04 15:18:00,6950,6950,6950,6950,0
2022-02-04 15:19:00,6950,6950,6950,6950,0
2022-02-04 15:20:00,6950,6950,6950,6950,0
2022-02-04 15:21:00,6950,6950,6950,6950,0
2022-02-04 15:22:00,6950,6950,6950,6950,0
2022-02-04 15:23:00,6950,6950,6950,6950,0
2022-02-04 15:24:00,6950,6950,6950,6950,0
2022-02-04 15:25:00,6950,6950,6950,6950,0
2022-02-04 15:26:00,6950,6950,6950,6950,0
2022-02-04 15:27:00,6950,6950,6950,6950,0
2022-02-04 15:28:00,6950,6950,6950,6950,0
2022-02-04 15:29:00,6950,6950,6950,6950,0
2022-02-04 15:30:00,6950,6950,6950,6950,0
2022-02-04 15:31:00,6950,6950,6950,6950,0
2022-02-04 15:32:00,6950,6950,6950,6950,0
2022-02-04 15:33:00,6950,6950,6950,6950,0
2022-02-04 15:34:00,6950,6950,6950,6950,0
2022-02-04 15:35:00,6950,6950,6950,6950,0
2022-02-04 15:36:00,6950,6950,6950,6950,0
2022-02-04 15:37:00,6950,6950,6950,6950,0
2022-02-04 15:38:00,6950,6950,6950,6950,0
2022-02-04 15:39:00,6950,6950,6950,6950,0
2022-02-04 15:40:00,6950,6950,6950,6950,0
2022-02-04 15:41:00,6950,6950,6950,6950,0
2022-02-04 15:42:00,6950,6950,6950,6950,0
2022-02-04 15:43:00,6950,6950,6950,6950,0
2022-02-04 15:44:00,6950,6950,6950,6950,0
2022-02-04 15:45:00,6950,6950,6950,6950,0
2022-02-04 15:46:00,6950,6950,6950,6950,0
2022-02-04 15:47:00,6950,6950,6950,6950,0
2022-02-04 15:48:00,6950,6950,6950,6950,0
2022-02-04 15:49:00,6950,6950,6950,6950,0
2022-02-04 15:50:00,6950,6950,6950,6950,0
2022-02-04 15:51:00,6950,6950,6950,6950,0
2022-02-04 15:52:00,6950,6950,6950,6950,0
2022-02-04 15:53:00,6950,6950,6950,6950,0
2022-02-04 15:54:00,6950,6950,6950,6950,0
2022-02-04 15:55:00,6950,6950,6950,6950,0
2022-02-04 15:56:00,6950,6950,6950,6950,0
2022-02-04 15:57:00,6950,6950,6950,6950,0
2022-02-04 15:58:00,6950,6950,6950,6950,0
2022-02-04 15:59:00,6950,6950,6950,6950,0
2022-02-07 09:00:00,7100,7100,7100,7100,3300
2022-02-07 09:01:00,7000,7000,7000,7000,3100
2022-02-07 09:02:00,7000,7000,7000,7000,1000
2022-02-07 09:03:00,6975,6975,7000,7000,16200
2022-02-07 09:04:00,7000,7000,7000,7000,5600
2022-02-07 09:05:00,7000,7000,7000,7000,0
2022-02-07 09:06:00,7000,7000,7000,7000,0
2022-02-07 09:07:00,7000,7000,7000,7000,4300
2022-02-07 09:08:00,7000,7000,7025,7025,200
2022-02-07 09:09:00,7025,7025,7025,7025,6200
2022-02-07 09:10:00,7025,7025,7025,7025,600
2022-02-07 09:11:00,7050,7025,7050,7050,1400
2022-02-07 09:12:00,7050,7025,7050,7050,0
2022-02-07 09:13:00,7025,7025,7025,7025,1000
2022-02-07 09:14:00,7025,7025,7050,7050,12400
2022-02-07 09:15:00,7075,7075,7075,7075,5100
2022-02-07 09:16:00,7075,7075,7075,7075,300
2022-02-07 09:17:00,7075,7050,7075,7050,11800
2022-02-07 09:18:00,7075,7075,7075,7075,500
2022-02-07 09:19:00,7050,7050,7050,7050,1000
2022-02-07 09:20:00,7050,7050,7050,7050,700
2022-02-07 09:21:00,7050,7025,7050,7050,13600
2022-02-07 09:22:00,7050,7025,7050,7050,2800
2022-02-07 09:23:00,7050,7025,7050,7050,0
2022-02-07 09:24:00,7050,7025,7050,7050,0
2022-02-07 09:25:00,7025,7025,7025,7025,3200
2022-02-07 09:26:00,7050,7025,7050,7025,7600
2022-02-07 09:27:00,7025,7025,7050,7050,90500
2022-02-07 09:28:00,7050,7050,7050,7050,500
2022-02-07 09:29:00,7075,7050,7075,7050,3100
2022-02-07 09:30:00,7050,7050,7050,7050,1500
2022-02-07 09:31:00,7050,7050,7050,7050,6200
2022-02-07 09:32:00,7050,7050,7075,7050,27900
2022-02-07 09:33:00,7050,7050,7075,7050,0
2022-02-07 09:34:00,7075,7075,7075,7075,14300
2022-02-07 09:35:00,7075,7075,7075,7075,1100
2022-02-07 09:36:00,7050,7050,7050,7050,5500
2022-02-07 09:37:00,7075,7075,7075,7075,1600
2022-02-07 09:38:00,7050,7050,7050,7050,4700
2022-02-07 09:39:00,7050,7050,7050,7050,0
2022-02-07 09:40:00,7075,7075,7075,7075,400
2022-02-07 09:41:00,7050,7050,7050,7050,2800
2022-02-07 09:42:00,7050,7050,7050,7050,2500
2022-02-07 09:43:00,7075,7050,7075,7050,14500
2022-02-07 09:44:00,7050,7050,7050,7050,5900
2022-02-07 09:45:00,7075,7075,7075,7075,500
2022-02-07 09:46:00,7050,7050,7075,7075,1900
2022-02-07 09:47:00,7050,7050,7050,7050,3100
2022-02-07 09:48:00,7050,7050,7050,7050,1000
2022-02-07 09:49:00,7050,7050,7075,7050,11300
2022-02-07 09:50:00,7050,7050,7075,7050,0
2022-02-07 09:51:00,7050,7050,7050,7050,10700
2022-02-07 09:52:00,7050,7050,7050,7050,20200
2022-02-07 09:53:00,7050,7050,7050,7050,0
2022-02-07 09:54:00,7025,7025,7050,7050,50400
2022-02-07 09:55:00,7050,7050,7050,7050,20200
2022-02-07 09:56:00,7025,7025,7050,7050,3300
2022-02-07 09:57:00,7025,7025,7025,7025,800
2022-02-07 09:58:00,7050,7050,7050,7050,3600
2022-02-07 09:59:00,7050,7050,7050,7050,3100
2022-02-07 10:00:00,7050,7050,7050,7050,7400
2022-02-07 10:01:00,7075,7075,7100,7100,60300
2022-02-07 10:02:00,7100,7100,7100,7100,24100
2022-02-07 10:03:00,7100,7100,7100,7100,5700
2022-02-07 10:04:00,7100,7100,7100,7100,11000
2022-02-07 10:05:00,7100,7100,7100,7100,10700
2022-02-07 10:06:00,7125,7100,7125,7100,2000
2022-02-07 10:07:00,7100,7100,7100,7100,2800
2022-02-07 10:08:00,7100,7100,7125,7125,12700
2022-02-07 10:09:00,7075,7075,7125,7125,8100
2022-02-07 10:10:00,7125,7100,7125,7100,3500
2022-02-07 10:11:00,7100,7100,7100,7100,100
2022-02-07 10:12:00,7075,7075,7075,7075,3300
2022-02-07 10:13:00,7075,7075,7075,7075,4000
2022-02-07 10:14:00,7050,7050,7050,7050,4800
2022-02-07 10:15:00,7050,7050,7050,7050,0
2022-02-07 10:16:00,7050,7025,7050,7025,2000
2022-02-07 10:17:00,7050,7025,7050,7025,0
2022-02-07 10:18:00,7025,7025,7025,7025,16000
2022-02-07 10:19:00,7025,7025,7025,7025,58300
2022-02-07 10:20:00,7025,7025,7025,7025,0
2022-02-07 10:21:00,7050,7050,7050,7050,5200
2022-02-07 10:22:00,7075,7075,7075,7075,1500
2022-02-07 10:23:00,7050,7050,7050,7050,200
2022-02-07 10:24:00,7075,7075,7075,7075,500
2022-02-07 10:25:00,7050,7050,7050,7050,2600
2022-02-07 10:26:00,7025,7025,7050,7050,5700
2022-02-07 10:27:00,7050,7050,7050,7050,100
2022-02-07 10:28:00,7050,7050,7050,7050,1000
2022-02-07 10:29:00,7050,7050,7050,7050,0
2022-02-07 10:30:00,7025,7025,7050,7050,8000
2022-02-07 10:31:00,7050,7050,7050,7050,500
2022-02-07 10:32:00,7050,7050,7050,7050,500
2022-02-07 10:33:00,7050,7050,7050,7050,200
2022-02-07 10:34:00,7050,7050,7050,7050,400
2022-02-07 10:35:00,7025,7025,7025,7025,2800
2022-02-07 10:36:00,7025,7025,7025,7025,700
2022-02-07 10:37:00,7025,7025,7050,7050,3400
2022-02-07 10:38:00,7050,7050,7050,7050,300
2022-02-07 10:39:00,7050,7050,7050,7050,0
2022-02-07 10:40:00,7050,7050,7050,7050,0
2022-02-07 10:41:00,7025,7025,7050,7050,30800
2022-02-07 10:42:00,7025,7025,7050,7050,0
2022-02-07 10:43:00,7025,7025,7050,7050,0
2022-02-07 10:44:00,7025,7025,7050,7050,0
2022-02-07 10:45:00,7025,7025,7025,7025,2600
2022-02-07 10:46:00,7050,7050,7050,7050,100
2022-02-07 10:47:00,7050,7050,7050,7050,1600
2022-02-07 10:48:00,7025,7025,7050,7050,17800
2022-02-07 10:49:00,7025,7025,7050,7050,0
2022-02-07 10:50:00,7025,7025,7050,7050,0
2022-02-07 10:51:00,7050,7050,7050,7050,300
2022-02-07 10:52:00,7050,7050,7050,7050,0
2022-02-07 10:53:00,7025,7025,7025,7025,3100
2022-02-07 10:54:00,7025,7025,7050,7050,2800
2022-02-07 10:55:00,7025,7025,7050,7050,0
2022-02-07 10:56:00,7050,7050,7050,7050,200
2022-02-07 10:57:00,7025,7025,7025,7025,3300
2022-02-07 10:58:00,7025,7025,7025,7025,0
2022-02-07 10:59:00,7025,7025,7050,7050,3700
2022-02-07 11:00:00,7025,7025,7025,7025,2800
2022-02-07 11:01:00,7025,7025,7025,7025,1700
2022-02-07 11:02:00,7050,7050,7050,7050,100
2022-02-07 11:03:00,7025,7025,7050,7050,4400
2022-02-07 11:04:00,7025,7025,7050,7050,0
2022-02-07 11:05:00,7025,7025,7050,7050,0
2022-02-07 11:06:00,7025,7025,7025,7025,6700
2022-02-07 11:07:00,7025,7025,7025,7025,2000
2022-02-07 11:08:00,7000,7000,7025,7025,3800
2022-02-07 11:09:00,7025,7025,7025,7025,3900
2022-02-07 11:10:00,7025,7025,7025,7025,500
2022-02-07 11:11:00,7000,7000,7025,7025,1000
2022-02-07 11:12:00,7025,7025,7025,7025,600
2022-02-07 11:13:00,7025,7025,7025,7025,200
2022-02-07 11:14:00,7025,7025,7025,7025,500
2022-02-07 11:15:00,7000,7000,7025,7025,6000
2022-02-07 11:16:00,7025,7025,7025,7025,700
2022-02-07 11:17:00,7025,7025,7025,7025,200
2022-02-07 11:18:00,7025,7025,7025,7025,9400
2022-02-07 11:19:00,7025,7025,7025,7025,5000
2022-02-07 11:20:00,7025,7025,7025,7025,200
2022-02-07 11:21:00,7025,7025,7025,7025,400
2022-02-07 11:22:00,7025,7025,7025,7025,0
2022-02-07 11:23:00,7025,7025,7025,7025,0
2022-02-07 11:24:00,7025,7025,7025,7025,0
2022-02-07 11:25:00,7025,7025,7025,7025,8300
2022-02-07 11:26:00,7025,7025,7025,7025,0
2022-02-07 11:27:00,7025,7025,7025,7025,1400
2022-02-07 11:28:00,7025,7025,7025,7025,0
2022-02-07 11:29:00,7025,7025,7025,7025,200
2022-02-07 11:30:00,7025,7025,7025,7025,0
2022-02-07 11:31:00,7025,7025,7025,7025,0
2022-02-07 11:32:00,7025,7025,7025,7025,0
2022-02-07 11:33:00,7025,7025,7025,7025,0
2022-02-07 11:34:00,7025,7025,7025,7025,0
2022-02-07 11:35:00,7025,7025,7025,7025,0
2022-02-07 11:36:00,7025,7025,7025,7025,0
2022-02-07 11:37:00,7025,7025,7025,7025,0
2022-02-07 11:38:00,7025,7025,7025,7025,0
2022-02-07 11:39:00,7025,7025,7025,7025,0
2022-02-07 11:40:00,7025,7025,7025,7025,0
2022-02-07 11:41:00,7025,7025,7025,7025,0
2022-02-07 11:42:00,7025,7025,7025,7025,0
2022-02-07 11:43:00,7025,7025,7025,7025,0
2022-02-07 11:44:00,7025,7025,7025,7025,0
2022-02-07 11:45:00,7025,7025,7025,7025,0
2022-02-07 11:46:00,7025,7025,7025,7025,0
2022-02-07 11:47:00,7025,7025,7025,7025,0
2022-02-07 11:48:00,7025,7025,7025,7025,0
2022-02-07 11:49:00,7025,7025,7025,7025,0
2022-02-07 11:50:00,7025,7025,7025,7025,0
2022-02-07 11:51:00,7025,7025,7025,7025,0
2022-02-07 11:52:00,7025,7025,7025,7025,0
2022-02-07 11:53:00,7025,7025,7025,7025,0
2022-02-07 11:54:00,7025,7025,7025,7025,0
2022-02-07 11:55:00,7025,7025,7025,7025,0
2022-02-07 11:56:00,7025,7025,7025,7025,0
2022-02-07 11:57:00,7025,7025,7025,7025,0
2022-02-07 11:58:00,7025,7025,7025,7025,0
2022-02-07 11:59:00,7025,7025,7025,7025,0
2022-02-07 12:00:00,7025,7025,7025,7025,0
2022-02-07 12:01:00,7025,7025,7025,7025,0
2022-02-07 12:02:00,7025,7025,7025,7025,0
2022-02-07 12:03:00,7025,7025,7025,7025,0
2022-02-07 12:04:00,7025,7025,7025,7025,0
2022-02-07 12:05:00,7025,7025,7025,7025,0
2022-02-07 12:06:00,7025,7025,7025,7025,0
2022-02-07 12:07:00,7025,7025,7025,7025,0
2022-02-07 12:08:00,7025,7025,7025,7025,0
2022-02-07 12:09:00,7025,7025,7025,7025,0
2022-02-07 12:10:00,7025,7025,7025,7025,0
2022-02-07 12:11:00,7025,7025,7025,7025,0
2022-02-07 12:12:00,7025,7025,7025,7025,0
2022-02-07 12:13:00,7025,7025,7025,7025,0
2022-02-07 12:14:00,7025,7025,7025,7025,0
2022-02-07 12:15:00,7025,7025,7025,7025,0
2022-02-07 12:16:00,7025,7025,7025,7025,0
2022-02-07 12:17:00,7025,7025,7025,7025,0
2022-02-07 12:18:00,7025,7025,7025,7025,0
2022-02-07 12:19:00,7025,7025,7025,7025,0
2022-02-07 12:20:00,7025,7025,7025,7025,0
2022-02-07 12:21:00,7025,7025,7025,7025,0
2022-02-07 12:22:00,7025,7025,7025,7025,0
2022-02-07 12:23:00,7025,7025,7025,7025,0
2022-02-07 12:24:00,7025,7025,7025,7025,0
2022-02-07 12:25:00,7025,7025,7025,7025,0
2022-02-07 12:26:00,7025,7025,7025,7025,0
2022-02-07 12:27:00,7025,7025,7025,7025,0
2022-02-07 12:28:00,7025,7025,7025,7025,0
2022-02-07 12:29:00,7025,7025,7025,7025,0
2022-02-07 12:30:00,7025,7025,7025,7025,0
2022-02-07 12:31:00,7025,7025,7025,7025,0
2022-02-07 12:32:00,7025,7025,7025,7025,0
2022-02-07 12:33:00,7025,7025,7025,7025,0
2022-02-07 12:34:00,7025,7025,7025,7025,0
2022-02-07 12:35:00,7025,7025,7025,7025,0
2022-02-07 12:36:00,7025,7025,7025,7025,0
2022-02-07 12:37:00,7025,7025,7025,7025,0
2022-02-07 12:38:00,7025,7025,7025,7025,0
2022-02-07 12:39:00,7025,7025,7025,7025,0
2022-02-07 12:40:00,7025,7025,7025,7025,0
2022-02-07 12:41:00,7025,7025,7025,7025,0
2022-02-07 12:42:00,7025,7025,7025,7025,0
2022-02-07 12:43:00,7025,7025,7025,7025,0
2022-02-07 12:44:00,7025,7025,7025,7025,0
2022-02-07 12:45:00,7025,7025,7025,7025,0
2022-02-07 12:46:00,7025,7025,7025,7025,0
2022-02-07 12:47:00,7025,7025,7025,7025,0
2022-02-07 12:48:00,7025,7025,7025,7025,0
2022-02-07 12:49:00,7025,7025,7025,7025,0
2022-02-07 12:50:00,7025,7025,7025,7025,0
2022-02-07 12:51:00,7025,7025,7025,7025,0
2022-02-07 12:52:00,7025,7025,7025,7025,0
2022-02-07 12:53:00,7025,7025,7025,7025,0
2022-02-07 12:54:00,7025,7025,7025,7025,0
2022-02-07 12:55:00,7025,7025,7025,7025,0
2022-02-07 12:56:00,7025,7025,7025,7025,0
2022-02-07 12:57:00,7025,7025,7025,7025,0
2022-02-07 12:58:00,7025,7025,7025,7025,0
2022-02-07 12:59:00,7025,7025,7025,7025,0
2022-02-07 13:00:00,7025,7025,7025,7025,0
2022-02-07 13:01:00,7025,7025,7025,7025,0
2022-02-07 13:02:00,7025,7025,7025,7025,0
2022-02-07 13:03:00,7025,7025,7025,7025,0
2022-02-07 13:04:00,7025,7025,7025,7025,0
2022-02-07 13:05:00,7025,7025,7025,7025,0
2022-02-07 13:06:00,7025,7025,7025,7025,0
2022-02-07 13:07:00,7025,7025,7025,7025,0
2022-02-07 13:08:00,7025,7025,7025,7025,0
2022-02-07 13:09:00,7025,7025,7025,7025,0
2022-02-07 13:10:00,7025,7025,7025,7025,0
2022-02-07 13:11:00,7025,7025,7025,7025,0
2022-02-07 13:12:00,7025,7025,7025,7025,0
2022-02-07 13:13:00,7025,7025,7025,7025,0
2022-02-07 13:14:00,7025,7025,7025,7025,0
2022-02-07 13:15:00,7025,7025,7025,7025,0
2022-02-07 13:16:00,7025,7025,7025,7025,0
2022-02-07 13:17:00,7025,7025,7025,7025,0
2022-02-07 13:18:00,7025,7025,7025,7025,0
2022-02-07 13:19:00,7025,7025,7025,7025,0
2022-02-07 13:20:00,7025,7025,7025,7025,0
2022-02-07 13:21:00,7025,7025,7025,7025,0
2022-02-07 13:22:00,7025,7025,7025,7025,0
2022-02-07 13:23:00,7025,7025,7025,7025,0
2022-02-07 13:24:00,7025,7025,7025,7025,0
2022-02-07 13:25:00,7025,7025,7025,7025,0
2022-02-07 13:26:00,7025,7025,7025,7025,0
2022-02-07 13:27:00,7025,7025,7025,7025,0
2022-02-07 13:28:00,7025,7025,7025,7025,0
2022-02-07 13:29:00,7025,7025,7025,7025,0
2022-02-07 13:30:00,7050,7000,7050,7050,279700
2022-02-07 13:31:00,7025,7025,7050,7050,7700
2022-02-07 13:32:00,7000,7000,7025,7025,20500
2022-02-07 13:33:00,7000,7000,7025,7025,5800
2022-02-07 13:34:00,7025,7025,7025,7025,2600
2022-02-07 13:35:00,7025,7025,7025,7025,700
2022-02-07 13:36:00,7000,7000,7000,7000,2400
2022-02-07 13:37:00,7000,7000,7000,7000,2900
2022-02-07 13:38:00,7000,7000,7025,7025,5500
2022-02-07 13:39:00,7025,7025,7025,7025,100
2022-02-07 13:40:00,7000,7000,7025,7025,7500
2022-02-07 13:41:00,7025,7025,7025,7025,3800
2022-02-07 13:42:00,7025,7025,7025,7025,0
2022-02-07 13:43:00,7025,7025,7025,7025,5000
2022-02-07 13:44:00,7025,7025,7025,7025,900
2022-02-07 13:45:00,7025,7025,7025,7025,0
2022-02-07 13:46:00,7025,7025,7050,7050,27900
2022-02-07 13:47:00,7050,7050,7050,7050,12400
2022-02-07 13:48:00,7075,7075,7075,7075,2500
2022-02-07 13:49:00,7075,7075,7075,7075,300
2022-02-07 13:50:00,7075,7075,7075,7075,300
2022-02-07 13:51:00,7075,7075,7075,7075,0
2022-02-07 13:52:00,7050,7050,7075,7075,5300
2022-02-07 13:53:00,7075,7075,7075,7075,21500
2022-02-07 13:54:00,7050,7050,7050,7050,900
2022-02-07 13:55:00,7050,7050,7050,7050,6700
2022-02-07 13:56:00,7050,7050,7050,7050,5300
2022-02-07 13:57:00,7075,7075,7075,7075,5400
2022-02-07 13:58:00,7050,7050,7075,7075,7100
2022-02-07 13:59:00,7050,7050,7050,7050,2300
2022-02-07 14:00:00,7050,7050,7050,7050,200
2022-02-07 14:01:00,7075,7050,7075,7050,1200
2022-02-07 14:02:00,7050,7050,7050,7050,5000
2022-02-07 14:03:00,7075,7075,7075,7075,600
2022-02-07 14:04:00,7050,7050,7075,7050,4100
2022-02-07 14:05:00,7050,7050,7050,7050,4800
2022-02-07 14:06:00,7050,7050,7050,7050,0
2022-02-07 14:07:00,7050,7050,7050,7050,3500
2022-02-07 14:08:00,7050,7050,7050,7050,8500
2022-02-07 14:09:00,7050,7050,7075,7075,12500
2022-02-07 14:10:00,7075,7075,7075,7075,600
2022-02-07 14:11:00,7050,7050,7075,7050,8000
2022-02-07 14:12:00,7050,7050,7050,7050,4800
2022-02-07 14:13:00,7050,7050,7050,7050,2300
2022-02-07 14:14:00,7050,7050,7075,7050,4300
2022-02-07 14:15:00,7050,7050,7075,7050,0
2022-02-07 14:16:00,7075,7050,7075,7050,167100
2022-02-07 14:17:00,7050,7050,7075,7075,400
2022-02-07 14:18:00,7075,7075,7075,7075,100
2022-02-07 14:19:00,7050,7050,7050,7050,6600
2022-02-07 14:20:00,7050,7050,7050,7050,2200
2022-02-07 14:21:00,7050,7050,7050,7050,26600
2022-02-07 14:22:00,7050,7050,7050,7050,1500
2022-02-07 14:23:00,7025,7025,7050,7050,9900
2022-02-07 14:24:00,7025,7025,7050,7050,50500
2022-02-07 14:25:00,7075,7075,7075,7075,2500
2022-02-07 14:26:00,7075,7050,7075,7050,10500
2022-02-07 14:27:00,7075,7075,7075,7075,600
2022-02-07 14:28:00,7075,7050,7075,7050,1400
2022-02-07 14:29:00,7050,7050,7075,7075,9000
2022-02-07 14:30:00,7050,7050,7050,7050,200
2022-02-07 14:31:00,7050,7050,7050,7050,4000
2022-02-07 14:32:00,7050,7050,7050,7050,2600
2022-02-07 14:33:00,7075,7075,7075,7075,400
2022-02-07 14:34:00,7050,7050,7075,7075,4800
2022-02-07 14:35:00,7075,7050,7075,7050,1700
2022-02-07 14:36:00,7050,7050,7075,7075,6900
2022-02-07 14:37:00,7050,7050,7075,7075,50000
2022-02-07 14:38:00,7075,7050,7075,7075,2100
2022-02-07 14:39:00,7075,7075,7100,7075,29300
2022-02-07 14:40:00,7075,7075,7075,7075,7400
2022-02-07 14:41:00,7075,7075,7100,7075,2300
2022-02-07 14:42:00,7075,7075,7075,7075,10000
2022-02-07 14:43:00,7075,7075,7075,7075,2900
2022-02-07 14:44:00,7075,7075,7075,7075,2300
2022-02-07 14:45:00,7075,7075,7075,7075,1000
2022-02-07 14:46:00,7075,7075,7100,7075,21700
2022-02-07 14:47:00,7075,7075,7100,7100,12200
2022-02-07 14:48:00,7075,7075,7100,7075,10700
2022-02-07 14:49:00,7100,7100,7125,7100,143100
2022-02-07 14:50:00,7100,7100,7125,7100,0
2022-02-07 14:51:00,7100,7100,7125,7100,0
2022-02-07 14:52:00,7100,7100,7125,7100,0
2022-02-07 14:53:00,7100,7100,7125,7100,0
2022-02-07 14:54:00,7100,7100,7125,7100,0
2022-02-07 14:55:00,7100,7100,7125,7100,0
2022-02-07 14:56:00,7100,7100,7125,7100,0
2022-02-07 14:57:00,7100,7100,7125,7100,0
2022-02-07 14:58:00,7100,7100,7125,7100,0
2022-02-07 14:59:00,7100,7100,7125,7100,0
2022-02-07 15:00:00,7125,7125,7125,7125,274700
2022-02-07 15:01:00,7125,7125,7125,7125,17200
2022-02-07 15:02:00,7125,7125,7125,7125,800
2022-02-07 15:03:00,7125,7125,7125,7125,16600
2022-02-07 15:04:00,7125,7125,7125,7125,0
2022-02-07 15:05:00,7125,7125,7125,7125,2100
2022-02-07 15:06:00,7125,7125,7125,7125,1000
2022-02-07 15:07:00,7125,7125,7125,7125,33800
2022-02-07 15:08:00,7125,7125,7125,7125,3000
2022-02-07 15:09:00,7125,7125,7125,7125,100
2022-02-07 15:10:00,7125,7125,7125,7125,100
2022-02-07 15:11:00,7125,7125,7125,7125,0
2022-02-07 15:12:00,7125,7125,7125,7125,0
2022-02-07 15:13:00,7125,7125,7125,7125,0
2022-02-07 15:14:00,7125,7125,7125,7125,3100
2022-02-07 15:15:00,7125,7125,7125,7125,0
2022-02-07 15:16:00,7125,7125,7125,7125,0
2022-02-07 15:17:00,7125,7125,7125,7125,0
2022-02-07 15:18:00,7125,7125,7125,7125,0
2022-02-07 15:19:00,7125,7125,7125,7125,0
2022-02-07 15:20:00,7125,7125,7125,7125,0
2022-02-07 15:21:00,7125,7125,7125,7125,0
2022-02-07 15:22:00,7125,7125,7125,7125,0
2022-02-07 15:23:00,7125,7125,7125,7125,0
2022-02-07 15:24:00,7125,7125,7125,7125,0
2022-02-07 15:25:00,7125,7125,7125,7125,0
2022-02-07 15:26:00,7125,7125,7125,7125,0
2022-02-07 15:27:00,7125,7125,7125,7125,0
2022-02-07 15:28:00,7125,7125,7125,7125,0
2022-02-07 15:29:00,7125,7125,7125,7125,0
2022-02-07 15:30:00,7125,7125,7125,7125,0
2022-02-07 15:31:00,7125,7125,7125,7125,0
2022-02-07 15:32:00,7125,7125,7125,7125,0
2022-02-07 15:33:00,7125,7125,7125,7125,0
2022-02-07 15:34:00,7125,7125,7125,7125,0
2022-02-07 15:35:00,7125,7125,7125,7125,0
2022-02-07 15:36:00,7125,7125,7125,7125,0
2022-02-07 15:37:00,7125,7125,7125,7125,0
2022-02-07 15:38:00,7125,7125,7125,7125,0
2022-02-07 15:39:00,7125,7125,7125,7125,0
2022-02-07 15:40:00,7125,7125,7125,7125,0
2022-02-07 15:41:00,7125,7125,7125,7125,0
2022-02-07 15:42:00,7125,7125,7125,7125,0
2022-02-07 15:43:00,7125,7125,7125,7125,0
2022-02-07 15:44:00,7125,7125,7125,7125,0
2022-02-07 15:45:00,7125,7125,7125,7125,0
2022-02-07 15:46:00,7125,7125,7125,7125,0
2022-02-07 15:47:00,7125,7125,7125,7125,0
2022-02-07 15:48:00,7125,7125,7125,7125,0
2022-02-07 15:49:00,7125,7125,7125,7125,0
2022-02-07 15:50:00,7125,7125,7125,7125,0
2022-02-07 15:51:00,7125,7125,7125,7125,0
2022-02-07 15:52:00,7125,7125,7125,7125,0
2022-02-07 15:53:00,7125,7125,7125,7125,0
2022-02-07 15:54:00,7125,7125,7125,7125,0
2022-02-07 15:55:00,7125,7125,7125,7125,0
2022-02-07 15:56:00,7125,7125,7125,7125,0
2022-02-07 15:57:00,7125,7125,7125,7125,0
2022-02-07 15:58:00,7125,7125,7125,7125,0
2022-02-07 15:59:00,7125,7125,7125,7125,0
2022-02-08 09:00:00,7150,7150,7175,7175,10800
2022-02-08 09:01:00,7175,7175,7175,7175,11000
2022-02-08 09:02:00,7175,7175,7200,7200,4500
2022-02-08 09:03:00,7200,7175,7200,7175,6700
2022-02-08 09:04:00,7200,7175,7200,7175,32300
2022-02-08 09:05:00,7175,7175,7175,7175,14100
2022-02-08 09:06:00,7150,7150,7150,7150,15000
2022-02-08 09:07:00,7150,7125,7150,7150,53500
2022-02-08 09:08:00,7150,7150,7150,7150,4900
2022-02-08 09:09:00,7150,7150,7150,7150,1000
2022-02-08 09:10:00,7150,7150,7150,7150,44800
2022-02-08 09:11:00,7150,7150,7150,7150,1500
2022-02-08 09:12:00,7150,7125,7150,7125,5900
2022-02-08 09:13:00,7125,7125,7125,7125,8800
2022-02-08 09:14:00,7125,7125,7125,7125,11900
2022-02-08 09:15:00,7150,7150,7150,7150,700
2022-02-08 09:16:00,7150,7150,7150,7150,0
2022-02-08 09:17:00,7125,7125,7150,7150,3000
2022-02-08 09:18:00,7150,7150,7150,7150,16300
2022-02-08 09:19:00,7125,7125,7150,7150,23600
2022-02-08 09:20:00,7150,7150,7150,7150,8500
2022-02-08 09:21:00,7150,7150,7150,7150,1800
2022-02-08 09:22:00,7125,7125,7125,7125,200
2022-02-08 09:23:00,7125,7125,7125,7125,87300
2022-02-08 09:24:00,7125,7125,7125,7125,20000
2022-02-08 09:25:00,7100,7100,7100,7100,3300
2022-02-08 09:26:00,7100,7100,7100,7100,8500
2022-02-08 09:27:00,7100,7100,7100,7100,11100
2022-02-08 09:28:00,7100,7100,7100,7100,12000
2022-02-08 09:29:00,7100,7100,7100,7100,13700
2022-02-08 09:30:00,7075,7075,7100,7100,27700
2022-02-08 09:31:00,7100,7100,7100,7100,6700
2022-02-08 09:32:00,7125,7100,7125,7100,2300
2022-02-08 09:33:00,7100,7100,7100,7100,1000
2022-02-08 09:34:00,7100,7100,7125,7125,52000
2022-02-08 09:35:00,7100,7100,7125,7125,100
2022-02-08 09:36:00,7100,7100,7125,7125,14200
2022-02-08 09:37:00,7125,7100,7125,7100,12900
2022-02-08 09:38:00,7100,7100,7100,7100,2200
2022-02-08 09:39:00,7125,7125,7125,7125,100
2022-02-08 09:40:00,7125,7125,7125,7125,200
2022-02-08 09:41:00,7100,7100,7125,7125,1100
2022-02-08 09:42:00,7125,7125,7125,7125,100
2022-02-08 09:43:00,7125,7125,7125,7125,100
2022-02-08 09:44:00,7125,7125,7125,7125,100
2022-02-08 09:45:00,7100,7100,7125,7125,700
2022-02-08 09:46:00,7125,7125,7125,7125,1300
2022-02-08 09:47:00,7100,7100,7100,7100,700
2022-02-08 09:48:00,7100,7100,7100,7100,2000
2022-02-08 09:49:00,7100,7100,7100,7100,200
2022-02-08 09:50:00,7100,7100,7100,7100,2800
2022-02-08 09:51:00,7100,7100,7100,7100,0
2022-02-08 09:52:00,7100,7100,7100,7100,1700
2022-02-08 09:53:00,7100,7100,7100,7100,1100
2022-02-08 09:54:00,7100,7100,7100,7100,0
2022-02-08 09:55:00,7100,7100,7100,7100,0
2022-02-08 09:56:00,7100,7100,7125,7125,21400
2022-02-08 09:57:00,7100,7100,7125,7125,0
2022-02-08 09:58:00,7100,7100,7100,7100,1200
2022-02-08 09:59:00,7100,7100,7100,7100,7000
2022-02-08 10:00:00,7100,7100,7100,7100,2000
2022-02-08 10:01:00,7100,7100,7100,7100,800
2022-02-08 10:02:00,7100,7075,7100,7100,15700
2022-02-08 10:03:00,7100,7100,7100,7100,100
2022-02-08 10:04:00,7100,7100,7100,7100,300
2022-02-08 10:05:00,7100,7100,7100,7100,900
2022-02-08 10:06:00,7100,7100,7100,7100,2500
2022-02-08 10:07:00,7100,7100,7100,7100,15100
2022-02-08 10:08:00,7075,7075,7075,7075,2300
2022-02-08 10:09:00,7075,7075,7075,7075,600
2022-02-08 10:10:00,7075,7075,7075,7075,0
2022-02-08 10:11:00,7100,7075,7100,7075,1500
2022-02-08 10:12:00,7100,7100,7100,7100,100
2022-02-08 10:13:00,7075,7075,7075,7075,47900
2022-02-08 10:14:00,7075,7075,7075,7075,0
2022-02-08 10:15:00,7050,7050,7050,7050,17800
2022-02-08 10:16:00,7050,7050,7050,7050,500
2022-02-08 10:17:00,7050,7050,7075,7050,5700
2022-02-08 10:18:00,7075,7075,7075,7075,5000
2022-02-08 10:19:00,7075,7075,7075,7075,600
2022-02-08 10:20:00,7075,7075,7075,7075,2100
2022-02-08 10:21:00,7075,7050,7075,7050,49100
2022-02-08 10:22:00,7050,7050,7075,7075,2100
2022-02-08 10:23:00,7050,7050,7050,7050,700
2022-02-08 10:24:00,7050,7050,7050,7050,0
2022-02-08 10:25:00,7075,7075,7075,7075,200
2022-02-08 10:26:00,7075,7075,7075,7075,0
2022-02-08 10:27:00,7075,7075,7075,7075,0
2022-02-08 10:28:00,7050,7050,7050,7050,100
2022-02-08 10:29:00,7050,7050,7050,7050,100
2022-02-08 10:30:00,7050,7050,7050,7050,0
2022-02-08 10:31:00,7050,7050,7050,7050,0
2022-02-08 10:32:00,7050,7050,7050,7050,100
2022-02-08 10:33:00,7050,7050,7050,7050,100
2022-02-08 10:34:00,7050,7050,7050,7050,0
2022-02-08 10:35:00,7050,7050,7050,7050,0
2022-02-08 10:36:00,7050,7050,7050,7050,0
2022-02-08 10:37:00,7050,7050,7050,7050,0
2022-02-08 10:38:00,7050,7050,7050,7050,4100
2022-02-08 10:39:00,7075,7075,7075,7075,100
2022-02-08 10:40:00,7075,7075,7075,7075,1800
2022-02-08 10:41:00,7075,7075,7075,7075,1500
2022-02-08 10:42:00,7075,7050,7075,7050,700
2022-02-08 10:43:00,7050,7050,7050,7050,100
2022-02-08 10:44:00,7050,7050,7050,7050,0
2022-02-08 10:45:00,7075,7050,7075,7050,700
2022-02-08 10:46:00,7050,7050,7050,7050,4000
2022-02-08 10:47:00,7075,7075,7075,7075,100
2022-02-08 10:48:00,7075,7050,7075,7050,1100
2022-02-08 10:49:00,7075,7050,7075,7050,0
2022-02-08 10:50:00,7075,7050,7075,7050,0
2022-02-08 10:51:00,7075,7050,7075,7050,0
2022-02-08 10:52:00,7050,7050,7050,7050,500
2022-02-08 10:53:00,7050,7050,7050,7050,14900
2022-02-08 10:54:00,7050,7050,7050,7050,100
2022-02-08 10:55:00,7050,7050,7050,7050,800
2022-02-08 10:56:00,7050,7050,7050,7050,0
2022-02-08 10:57:00,7050,7050,7050,7050,100
2022-02-08 10:58:00,7050,7050,7050,7050,2500
2022-02-08 10:59:00,7050,7050,7050,7050,0
2022-02-08 11:00:00,7050,7050,7050,7050,11000
2022-02-08 11:01:00,7050,7050,7050,7050,100
2022-02-08 11:02:00,7050,7050,7050,7050,300
2022-02-08 11:03:00,7050,7050,7050,7050,0
2022-02-08 11:04:00,7050,7050,7050,7050,0
2022-02-08 11:05:00,7050,7050,7050,7050,1000
2022-02-08 11:06:00,7050,7050,7050,7050,0
2022-02-08 11:07:00,7050,7050,7050,7050,0
2022-02-08 11:08:00,7075,7075,7075,7075,5000
2022-02-08 11:09:00,7050,7050,7050,7050,500
2022-02-08 11:10:00,7050,7025,7050,7025,16900
2022-02-08 11:11:00,7050,7050,7050,7050,44200
2022-02-08 11:12:00,7050,7050,7050,7050,2100
2022-02-08 11:13:00,7050,7050,7050,7050,8500
2022-02-08 11:14:00,7050,7050,7050,7050,0
2022-02-08 11:15:00,7050,7050,7050,7050,0
2022-02-08 11:16:00,7050,7050,7050,7050,0
2022-02-08 11:17:00,7050,7050,7050,7050,0
2022-02-08 11:18:00,7050,7050,7050,7050,100
2022-02-08 11:19:00,7050,7050,7050,7050,1000
2022-02-08 11:20:00,7050,7050,7050,7050,0
2022-02-08 11:21:00,7050,7025,7050,7025,200
2022-02-08 11:22:00,7050,7025,7050,7025,0
2022-02-08 11:23:00,7050,7050,7050,7050,100
2022-02-08 11:24:00,7025,7025,7025,7025,100
2022-02-08 11:25:00,7050,7050,7050,7050,100
2022-02-08 11:26:00,7050,7050,7050,7050,51500
2022-02-08 11:27:00,7075,7075,7075,7075,100
2022-02-08 11:28:00,7075,7075,7075,7075,0
2022-02-08 11:29:00,7075,7050,7075,7050,9100
2022-02-08 11:30:00,7075,7050,7075,7050,0
2022-02-08 11:31:00,7075,7050,7075,7050,0
2022-02-08 11:32:00,7075,7050,7075,7050,0
2022-02-08 11:33:00,7075,7050,7075,7050,0
2022-02-08 11:34:00,7075,7050,7075,7050,0
2022-02-08 11:35:00,7075,7050,7075,7050,0
2022-02-08 11:36:00,7075,7050,7075,7050,0
2022-02-08 11:37:00,7075,7050,7075,7050,0
2022-02-08 11:38:00,7075,7050,7075,7050,0
2022-02-08 11:39:00,7075,7050,7075,7050,0
2022-02-08 11:40:00,7075,7050,7075,7050,0
2022-02-08 11:41:00,7075,7050,7075,7050,0
2022-02-08 11:42:00,7075,7050,7075,7050,0
2022-02-08 11:43:00,7075,7050,7075,7050,0
2022-02-08 11:44:00,7075,7050,7075,7050,0
2022-02-08 11:45:00,7075,7050,7075,7050,0
2022-02-08 11:46:00,7075,7050,7075,7050,0
2022-02-08 11:47:00,7075,7050,7075,7050,0
2022-02-08 11:48:00,7075,7050,7075,7050,0
2022-02-08 11:49:00,7075,7050,7075,7050,0
2022-02-08 11:50:00,7075,7050,7075,7050,0
2022-02-08 11:51:00,7075,7050,7075,7050,0
2022-02-08 11:52:00,7075,7050,7075,7050,0
2022-02-08 11:53:00,7075,7050,7075,7050,0
2022-02-08 11:54:00,7075,7050,7075,7050,0
2022-02-08 11:55:00,7075,7050,7075,7050,0
2022-02-08 11:56:00,7075,7050,7075,7050,0
2022-02-08 11:57:00,7075,7050,7075,7050,0
2022-02-08 11:58:00,7075,7050,7075,7050,0
2022-02-08 11:59:00,7075,7050,7075,7050,0
2022-02-08 12:00:00,7075,7050,7075,7050,0
2022-02-08 12:01:00,7075,7050,7075,7050,0
2022-02-08 12:02:00,7075,7050,7075,7050,0
2022-02-08 12:03:00,7075,7050,7075,7050,0
2022-02-08 12:04:00,7075,7050,7075,7050,0
2022-02-08 12:05:00,7075,7050,7075,7050,0
2022-02-08 12:06:00,7075,7050,7075,7050,0
2022-02-08 12:07:00,7075,7050,7075,7050,0
2022-02-08 12:08:00,7075,7050,7075,7050,0
2022-02-08 12:09:00,7075,7050,7075,7050,0
2022-02-08 12:10:00,7075,7050,7075,7050,0
2022-02-08 12:11:00,7075,7050,7075,7050,0
2022-02-08 12:12:00,7075,7050,7075,7050,0
2022-02-08 12:13:00,7075,7050,7075,7050,0
2022-02-08 12:14:00,7075,7050,7075,7050,0
2022-02-08 12:15:00,7075,7050,7075,7050,0
2022-02-08 12:16:00,7075,7050,7075,7050,0
2022-02-08 12:17:00,7075,7050,7075,7050,0
2022-02-08 12:18:00,7075,7050,7075,7050,0
2022-02-08 12:19:00,7075,7050,7075,7050,0
2022-02-08 12:20:00,7075,7050,7075,7050,0
2022-02-08 12:21:00,7075,7050,7075,7050,0
2022-02-08 12:22:00,7075,7050,7075,7050,0
2022-02-08 12:23:00,7075,7050,7075,7050,0
2022-02-08 12:24:00,7075,7050,7075,7050,0
2022-02-08 12:25:00,7075,7050,7075,7050,0
2022-02-08 12:26:00,7075,7050,7075,7050,0
2022-02-08 12:27:00,7075,7050,7075,7050,0
2022-02-08 12:28:00,7075,7050,7075,7050,0
2022-02-08 12:29:00,7075,7050,7075,7050,0
2022-02-08 12:30:00,7075,7050,7075,7050,0
2022-02-08 12:31:00,7075,7050,7075,7050,0
2022-02-08 12:32:00,7075,7050,7075,7050,0
2022-02-08 12:33:00,7075,7050,7075,7050,0
2022-02-08 12:34:00,7075,7050,7075,7050,0
2022-02-08 12:35:00,7075,7050,7075,7050,0
2022-02-08 12:36:00,7075,7050,7075,7050,0
2022-02-08 12:37:00,7075,7050,7075,7050,0
2022-02-08 12:38:00,7075,7050,7075,7050,0
2022-02-08 12:39:00,7075,7050,7075,7050,0
2022-02-08 12:40:00,7075,7050,7075,7050,0
2022-02-08 12:41:00,7075,7050,7075,7050,0
2022-02-08 12:42:00,7075,7050,7075,7050,0
2022-02-08 12:43:00,7075,7050,7075,7050,0
2022-02-08 12:44:00,7075,7050,7075,7050,0
2022-02-08 12:45:00,7075,7050,7075,7050,0
2022-02-08 12:46:00,7075,7050,7075,7050,0
2022-02-08 12:47:00,7075,7050,7075,7050,0
2022-02-08 12:48:00,7075,7050,7075,7050,0
2022-02-08 12:49:00,7075,7050,7075,7050,0
2022-02-08 12:50:00,7075,7050,7075,7050,0
2022-02-08 12:51:00,7075,7050,7075,7050,0
2022-02-08 12:52:00,7075,7050,7075,7050,0
2022-02-08 12:53:00,7075,7050,7075,7050,0
2022-02-08 12:54:00,7075,7050,7075,7050,0
2022-02-08 12:55:00,7075,7050,7075,7050,0
2022-02-08 12:56:00,7075,7050,7075,7050,0
2022-02-08 12:57:00,7075,7050,7075,7050,0
2022-02-08 12:58:00,7075,7050,7075,7050,0
2022-02-08 12:59:00,7075,7050,7075,7050,0
2022-02-08 13:00:00,7075,7050,7075,7050,0
2022-02-08 13:01:00,7075,7050,7075,7050,0
2022-02-08 13:02:00,7075,7050,7075,7050,0
2022-02-08 13:03:00,7075,7050,7075,7050,0
2022-02-08 13:04:00,7075,7050,7075,7050,0
2022-02-08 13:05:00,7075,7050,7075,7050,0
2022-02-08 13:06:00,7075,7050,7075,7050,0
2022-02-08 13:07:00,7075,7050,7075,7050,0
2022-02-08 13:08:00,7075,7050,7075,7050,0
2022-02-08 13:09:00,7075,7050,7075,7050,0
2022-02-08 13:10:00,7075,7050,7075,7050,0
2022-02-08 13:11:00,7075,7050,7075,7050,0
2022-02-08 13:12:00,7075,7050,7075,7050,0
2022-02-08 13:13:00,7075,7050,7075,7050,0
2022-02-08 13:14:00,7075,7050,7075,7050,0
2022-02-08 13:15:00,7075,7050,7075,7050,0
2022-02-08 13:16:00,7075,7050,7075,7050,0
2022-02-08 13:17:00,7075,7050,7075,7050,0
2022-02-08 13:18:00,7075,7050,7075,7050,0
2022-02-08 13:19:00,7075,7050,7075,7050,0
2022-02-08 13:20:00,7075,7050,7075,7050,0
2022-02-08 13:21:00,7075,7050,7075,7050,0
2022-02-08 13:22:00,7075,7050,7075,7050,0
2022-02-08 13:23:00,7075,7050,7075,7050,0
2022-02-08 13:24:00,7075,7050,7075,7050,0
2022-02-08 13:25:00,7075,7050,7075,7050,0
2022-02-08 13:26:00,7075,7050,7075,7050,0
2022-02-08 13:27:00,7075,7050,7075,7050,0
2022-02-08 13:28:00,7075,7050,7075,7050,0
2022-02-08 13:29:00,7075,7050,7075,7050,0
2022-02-08 13:30:00,7050,7050,7050,7050,10400
2022-02-08 13:31:00,7050,7050,7050,7050,0
2022-02-08 13:32:00,7050,7050,7050,7050,0
2022-02-08 13:33:00,7050,7050,7050,7050,400
2022-02-08 13:34:00,7050,7050,7050,7050,500
2022-02-08 13:35:00,7050,7050,7050,7050,700
2022-02-08 13:36:00,7050,7050,7050,7050,300
2022-02-08 13:37:00,7050,7050,7050,7050,2500
2022-02-08 13:38:00,7050,7050,7050,7050,17400
2022-02-08 13:39:00,7050,7050,7050,7050,0
2022-02-08 13:40:00,7050,7050,7075,7075,4500
2022-02-08 13:41:00,7050,7050,7075,7075,29100
2022-02-08 13:42:00,7075,7075,7075,7075,300
2022-02-08 13:43:00,7075,7075,7075,7075,500
2022-02-08 13:44:00,7075,7075,7075,7075,0
2022-02-08 13:45:00,7075,7075,7075,7075,4000
2022-02-08 13:46:00,7075,7075,7075,7075,0
2022-02-08 13:47:00,7075,7075,7100,7100,500
2022-02-08 13:48:00,7075,7075,7075,7075,1000
2022-02-08 13:49:00,7075,7075,7075,7075,0
2022-02-08 13:50:00,7075,7075,7075,7075,0
2022-02-08 13:51:00,7075,7075,7075,7075,0
2022-02-08 13:52:00,7075,7075,7075,7075,5300
2022-02-08 13:53:00,7100,7100,7100,7100,200
2022-02-08 13:54:00,7100,7100,7100,7100,100
2022-02-08 13:55:00,7100,7100,7100,7100,50000
2022-02-08 13:56:00,7100,7100,7100,7100,0
2022-02-08 13:57:00,7100,7100,7100,7100,0
2022-02-08 13:58:00,7100,7100,7100,7100,2000
2022-02-08 13:59:00,7100,7100,7100,7100,200
2022-02-08 14:00:00,7100,7100,7100,7100,0
2022-02-08 14:01:00,7075,7075,7075,7075,100
2022-02-08 14:02:00,7075,7075,7100,7100,900
2022-02-08 14:03:00,7100,7100,7100,7100,1000
2022-02-08 14:04:00,7075,7075,7075,7075,1100
2022-02-08 14:05:00,7075,7075,7075,7075,4100
2022-02-08 14:06:00,7075,7075,7075,7075,0
2022-02-08 14:07:00,7075,7075,7075,7075,0
2022-02-08 14:08:00,7075,7075,7075,7075,0
2022-02-08 14:09:00,7075,7075,7075,7075,0
2022-02-08 14:10:00,7100,7100,7100,7100,300
2022-02-08 14:11:00,7075,7075,7075,7075,4500
2022-02-08 14:12:00,7075,7075,7075,7075,0
2022-02-08 14:13:00,7075,7075,7075,7075,12100
2022-02-08 14:14:00,7075,7075,7075,7075,0
2022-02-08 14:15:00,7075,7075,7075,7075,200
2022-02-08 14:16:00,7075,7075,7075,7075,0
2022-02-08 14:17:00,7075,7075,7075,7075,0
2022-02-08 14:18:00,7075,7075,7075,7075,1100
2022-02-08 14:19:00,7075,7075,7075,7075,9700
2022-02-08 14:20:00,7075,7075,7075,7075,0
2022-02-08 14:21:00,7050,7050,7050,7050,1200
2022-02-08 14:22:00,7050,7050,7050,7050,0
2022-02-08 14:23:00,7050,7050,7050,7050,0
2022-02-08 14:24:00,7050,7050,7075,7075,4500
2022-02-08 14:25:00,7050,7050,7075,7075,0
2022-02-08 14:26:00,7075,7050,7075,7050,4300
2022-02-08 14:27:00,7050,7050,7050,7050,11700
2022-02-08 14:28:00,7050,7050,7050,7050,800
2022-02-08 14:29:00,7050,7050,7050,7050,0
2022-02-08 14:30:00,7075,7075,7075,7075,1200
2022-02-08 14:31:00,7075,7050,7075,7050,5700
2022-02-08 14:32:00,7075,7050,7075,7075,20800
2022-02-08 14:33:00,7075,7050,7075,7075,0
2022-02-08 14:34:00,7075,7075,7075,7075,2600
2022-02-08 14:35:00,7075,7075,7075,7075,5000
2022-02-08 14:36:00,7075,7075,7075,7075,0
2022-02-08 14:37:00,7075,7075,7075,7075,1000
2022-02-08 14:38:00,7075,7075,7100,7100,1600
2022-02-08 14:39:00,7075,7075,7075,7075,300
2022-02-08 14:40:00,7075,7075,7075,7075,500
2022-02-08 14:41:00,7075,7075,7075,7075,2700
2022-02-08 14:42:00,7075,7075,7100,7075,900
2022-02-08 14:43:00,7075,7075,7075,7075,600
2022-02-08 14:44:00,7100,7075,7100,7075,4300
2022-02-08 14:45:00,7075,7075,7075,7075,2300
2022-02-08 14:46:00,7100,7100,7100,7100,100
2022-02-08 14:47:00,7100,7075,7100,7075,23400
2022-02-08 14:48:00,7075,7075,7075,7075,2300
2022-02-08 14:49:00,7100,7050,7100,7075,198400
2022-02-08 14:50:00,7100,7050,7100,7075,0
2022-02-08 14:51:00,7100,7050,7100,7075,0
2022-02-08 14:52:00,7100,7050,7100,7075,0
2022-02-08 14:53:00,7100,7050,7100,7075,0
2022-02-08 14:54:00,7100,7050,7100,7075,0
2022-02-08 14:55:00,7100,7050,7100,7075,0
2022-02-08 14:56:00,7100,7050,7100,7075,0
2022-02-08 14:57:00,7100,7050,7100,7075,0
2022-02-08 14:58:00,7100,7050,7100,7075,0
2022-02-08 14:59:00,7100,7050,7100,7075,0
2022-02-08 15:00:00,7050,7050,7050,7050,213700
2022-02-08 15:01:00,7050,7050,7050,7050,28200
2022-02-08 15:02:00,7050,7050,7050,7050,0
2022-02-08 15:03:00,7050,7050,7050,7050,0
2022-02-08 15:04:00,7050,7050,7050,7050,3400
2022-02-08 15:05:00,7050,7050,7050,7050,10000
2022-02-08 15:06:00,7050,7050,7050,7050,7500
2022-02-08 15:07:00,7050,7050,7050,7050,0
2022-02-08 15:08:00,7050,7050,7050,7050,0
2022-02-08 15:09:00,7050,7050,7050,7050,1000
2022-02-08 15:10:00,7050,7050,7050,7050,1600
2022-02-08 15:11:00,7050,7050,7050,7050,0
2022-02-08 15:12:00,7050,7050,7050,7050,0
2022-02-08 15:13:00,7050,7050,7050,7050,1400
2022-02-08 15:14:00,7050,7050,7050,7050,2500
2022-02-08 15:15:00,7050,7050,7050,7050,0
2022-02-08 15:16:00,7050,7050,7050,7050,0
2022-02-08 15:17:00,7050,7050,7050,7050,0
2022-02-08 15:18:00,7050,7050,7050,7050,0
2022-02-08 15:19:00,7050,7050,7050,7050,0
2022-02-08 15:20:00,7050,7050,7050,7050,0
2022-02-08 15:21:00,7050,7050,7050,7050,0
2022-02-08 15:22:00,7050,7050,7050,7050,0
2022-02-08 15:23:00,7050,7050,7050,7050,0
2022-02-08 15:24:00,7050,7050,7050,7050,0
2022-02-08 15:25:00,7050,7050,7050,7050,0
2022-02-08 15:26:00,7050,7050,7050,7050,0
2022-02-08 15:27:00,7050,7050,7050,7050,0
2022-02-08 15:28:00,7050,7050,7050,7050,0
2022-02-08 15:29:00,7050,7050,7050,7050,0
2022-02-08 15:30:00,7050,7050,7050,7050,0
2022-02-08 15:31:00,7050,7050,7050,7050,0
2022-02-08 15:32:00,7050,7050,7050,7050,0
2022-02-08 15:33:00,7050,7050,7050,7050,0
2022-02-08 15:34:00,7050,7050,7050,7050,0
2022-02-08 15:35:00,7050,7050,7050,7050,0
2022-02-08 15:36:00,7050,7050,7050,7050,0
2022-02-08 15:37:00,7050,7050,7050,7050,0
2022-02-08 15:38:00,7050,7050,7050,7050,0
2022-02-08 15:39:00,7050,7050,7050,7050,0
2022-02-08 15:40:00,7050,7050,7050,7050,0
2022-02-08 15:41:00,7050,7050,7050,7050,0
2022-02-08 15:42:00,7050,7050,7050,7050,0
2022-02-08 15:43:00,7050,7050,7050,7050,0
2022-02-08 15:44:00,7050,7050,7050,7050,0
2022-02-08 15:45:00,7050,7050,7050,7050,0
2022-02-08 15:46:00,7050,7050,7050,7050,0
2022-02-08 15:47:00,7050,7050,7050,7050,0
2022-02-08 15:48:00,7050,7050,7050,7050,0
2022-02-08 15:49:00,7050,7050,7050,7050,0
2022-02-08 15:50:00,7050,7050,7050,7050,0
2022-02-08 15:51:00,7050,7050,7050,7050,0
2022-02-08 15:52:00,7050,7050,7050,7050,0
2022-02-08 15:53:00,7050,7050,7050,7050,0
2022-02-08 15:54:00,7050,7050,7050,7050,0
2022-02-08 15:55:00,7050,7050,7050,7050,0
2022-02-08 15:56:00,7050,7050,7050,7050,0
2022-02-08 15:57:00,7050,7050,7050,7050,0
2022-02-08 15:58:00,7050,7050,7050,7050,0
2022-02-08 15:59:00,7050,7050,7050,7050,0
2022-02-09 09:00:00,7075,7075,7100,7075,9500
2022-02-09 09:01:00,7075,7075,7100,7075,46000
2022-02-09 09:02:00,7075,7050,7075,7050,4700
2022-02-09 09:03:00,7050,7050,7050,7050,1000
2022-02-09 09:04:00,7075,7075,7075,7075,300
2022-02-09 09:05:00,7075,7050,7075,7050,9100
2022-02-09 09:06:00,7050,7050,7050,7050,10100
2022-02-09 09:07:00,7050,7050,7050,7050,2200
2022-02-09 09:08:00,7075,7075,7075,7075,1400
2022-02-09 09:09:00,7075,7075,7100,7100,7600
2022-02-09 09:10:00,7100,7100,7125,7125,2500
2022-02-09 09:11:00,7100,7100,7125,7125,17000
2022-02-09 09:12:00,7100,7100,7125,7125,0
2022-02-09 09:13:00,7125,7125,7125,7125,500
2022-02-09 09:14:00,7075,7050,7075,7050,18100
2022-02-09 09:15:00,7075,7050,7075,7050,0
2022-02-09 09:16:00,7075,7050,7075,7050,0
2022-02-09 09:17:00,7075,7050,7075,7050,0
2022-02-09 09:18:00,7075,7050,7075,7050,0
2022-02-09 09:19:00,7050,7050,7050,7050,500
2022-02-09 09:20:00,7075,7075,7075,7075,7000
2022-02-09 09:21:00,7075,7075,7075,7075,0
2022-02-09 09:22:00,7075,7075,7075,7075,300
2022-02-09 09:23:00,7075,7075,7075,7075,1600
2022-02-09 09:24:00,7075,7075,7075,7075,0
2022-02-09 09:25:00,7075,7075,7075,7075,0
2022-02-09 09:26:00,7075,7075,7075,7075,1100
2022-02-09 09:27:00,7075,7075,7075,7075,0
2022-02-09 09:28:00,7075,7075,7075,7075,100
2022-02-09 09:29:00,7075,7075,7075,7075,0
2022-02-09 09:30:00,7075,7075,7075,7075,600
2022-02-09 09:31:00,7075,7075,7075,7075,20000
2022-02-09 09:32:00,7075,7075,7075,7075,0
2022-02-09 09:33:00,7075,7075,7075,7075,0
2022-02-09 09:34:00,7075,7075,7075,7075,0
2022-02-09 09:35:00,7075,7050,7075,7050,19900
2022-02-09 09:36:00,7050,7050,7075,7075,4100
2022-02-09 09:37:00,7050,7050,7075,7075,0
2022-02-09 09:38:00,7050,7050,7075,7075,0
2022-02-09 09:39:00,7075,7075,7075,7075,300
2022-02-09 09:40:00,7075,7075,7075,7075,100
2022-02-09 09:41:00,7050,7050,7050,7050,1600
2022-02-09 09:42:00,7050,7050,7050,7050,0
2022-02-09 09:43:00,7050,7050,7050,7050,0
2022-02-09 09:44:00,7050,7050,7050,7050,0
2022-02-09 09:45:00,7050,7050,7050,7050,1400
2022-02-09 09:46:00,7050,7050,7050,7050,300
2022-02-09 09:47:00,7050,7050,7075,7050,700
2022-02-09 09:48:00,7050,7050,7075,7050,0
2022-02-09 09:49:00,7050,7050,7075,7050,0
2022-02-09 09:50:00,7050,7050,7075,7050,0
2022-02-09 09:51:00,7050,7050,7075,7050,0
2022-02-09 09:52:00,7050,7050,7075,7075,600
2022-02-09 09:53:00,7075,7050,7075,7075,2800
2022-02-09 09:54:00,7075,7075,7075,7075,500
2022-02-09 09:55:00,7075,7050,7075,7050,700
2022-02-09 09:56:00,7075,7050,7075,7050,0
2022-02-09 09:57:00,7075,7075,7075,7075,200
2022-02-09 09:58:00,7075,7075,7075,7075,500
2022-02-09 09:59:00,7075,7050,7075,7075,3900
2022-02-09 10:00:00,7075,7050,7075,7075,0
2022-02-09 10:01:00,7075,7050,7075,7075,0
2022-02-09 10:02:00,7050,7050,7075,7075,200
2022-02-09 10:03:00,7050,7050,7050,7050,3000
2022-02-09 10:04:00,7050,7050,7050,7050,1200
2022-02-09 10:05:00,7075,7050,7075,7050,27000
2022-02-09 10:06:00,7075,7075,7075,7075,200
2022-02-09 10:07:00,7075,7075,7075,7075,0
2022-02-09 10:08:00,7075,7075,7075,7075,300
2022-02-09 10:09:00,7050,7050,7050,7050,10100
2022-02-09 10:10:00,7050,7050,7050,7050,15000
2022-02-09 10:11:00,7050,7050,7050,7050,28100
2022-02-09 10:12:00,7050,7050,7050,7050,0
2022-02-09 10:13:00,7050,7025,7050,7025,6600
2022-02-09 10:14:00,7050,7025,7050,7050,600
2022-02-09 10:15:00,7050,7050,7050,7050,2500
2022-02-09 10:16:00,7050,7050,7050,7050,5100
2022-02-09 10:17:00,7025,7025,7025,7025,100
2022-02-09 10:18:00,7025,7025,7025,7025,1300
2022-02-09 10:19:00,7050,7050,7050,7050,100
2022-02-09 10:20:00,7025,7025,7050,7050,1600
2022-02-09 10:21:00,7025,7025,7050,7050,9500
2022-02-09 10:22:00,7075,7075,7075,7075,1100
2022-02-09 10:23:00,7075,7075,7075,7075,0
2022-02-09 10:24:00,7075,7050,7075,7050,300
2022-02-09 10:25:00,7075,7050,7075,7050,0
2022-02-09 10:26:00,7050,7050,7050,7050,2600
2022-02-09 10:27:00,7050,7050,7050,7050,0
2022-02-09 10:28:00,7050,7050,7050,7050,0
2022-02-09 10:29:00,7050,7050,7050,7050,31000
2022-02-09 10:30:00,7075,7050,7075,7050,21300
2022-02-09 10:31:00,7050,7050,7050,7050,1000
2022-02-09 10:32:00,7050,7050,7050,7050,1300
2022-02-09 10:33:00,7075,7075,7075,7075,100
2022-02-09 10:34:00,7075,7075,7075,7075,400
2022-02-09 10:35:00,7075,7075,7075,7075,3000
2022-02-09 10:36:00,7100,7100,7100,7100,400
2022-02-09 10:37:00,7100,7100,7100,7100,0
2022-02-09 10:38:00,7075,7075,7075,7075,2100
2022-02-09 10:39:00,7075,7075,7075,7075,1000
2022-02-09 10:40:00,7075,7075,7075,7075,100
2022-02-09 10:41:00,7075,7075,7075,7075,0
2022-02-09 10:42:00,7075,7075,7075,7075,2100
2022-02-09 10:43:00,7050,7050,7050,7050,2500
2022-02-09 10:44:00,7050,7050,7050,7050,1000
2022-02-09 10:45:00,7050,7050,7050,7050,0
2022-02-09 10:46:00,7050,7050,7050,7050,3500
2022-02-09 10:47:00,7050,7050,7050,7050,0
2022-02-09 10:48:00,7075,7075,7075,7075,100
2022-02-09 10:49:00,7075,7075,7075,7075,100
2022-02-09 10:50:00,7075,7075,7075,7075,0
2022-02-09 10:51:00,7075,7075,7075,7075,0
2022-02-09 10:52:00,7050,7050,7050,7050,10000
2022-02-09 10:53:00,7050,7050,7050,7050,0
2022-02-09 10:54:00,7050,7050,7050,7050,0
2022-02-09 10:55:00,7050,7050,7050,7050,0
2022-02-09 10:56:00,7050,7050,7050,7050,0
2022-02-09 10:57:00,7050,7050,7050,7050,0
2022-02-09 10:58:00,7050,7050,7050,7050,0
2022-02-09 10:59:00,7075,7075,7075,7075,100
2022-02-09 11:00:00,7050,7050,7075,7075,5200
2022-02-09 11:01:00,7050,7050,7050,7050,100
2022-02-09 11:02:00,7075,7075,7075,7075,300
2022-02-09 11:03:00,7075,7075,7075,7075,0
2022-02-09 11:04:00,7050,7050,7050,7050,500
2022-02-09 11:05:00,7050,7050,7050,7050,1000
2022-02-09 11:06:00,7050,7050,7050,7050,800
2022-02-09 11:07:00,7050,7050,7050,7050,0
2022-02-09 11:08:00,7050,7050,7050,7050,200
2022-02-09 11:09:00,7050,7050,7050,7050,25200
2022-02-09 11:10:00,7050,7050,7050,7050,0
2022-02-09 11:11:00,7050,7050,7050,7050,0
2022-02-09 11:12:00,7050,7050,7050,7050,500
2022-02-09 11:13:00,7050,7050,7050,7050,15200
2022-02-09 11:14:00,7050,7050,7050,7050,0
2022-02-09 11:15:00,7050,7025,7050,7025,300
2022-02-09 11:16:00,7025,7025,7050,7050,700
2022-02-09 11:17:00,7050,7050,7050,7050,5200
2022-02-09 11:18:00,7050,7050,7050,7050,500
2022-02-09 11:19:00,7050,7050,7050,7050,200
2022-02-09 11:20:00,7050,7050,7050,7050,200
2022-02-09 11:21:00,7050,7050,7050,7050,4800
2022-02-09 11:22:00,7050,7050,7050,7050,500
2022-02-09 11:23:00,7050,7050,7050,7050,0
2022-02-09 11:24:00,7050,7050,7050,7050,0
2022-02-09 11:25:00,7050,7050,7050,7050,3000
2022-02-09 11:26:00,7050,7050,7050,7050,5700
2022-02-09 11:27:00,7050,7050,7050,7050,700
2022-02-09 11:28:00,7050,7050,7050,7050,1500
2022-02-09 11:29:00,7050,7050,7050,7050,300
2022-02-09 11:30:00,7050,7050,7050,7050,0
2022-02-09 11:31:00,7050,7050,7050,7050,0
2022-02-09 11:32:00,7050,7050,7050,7050,0
2022-02-09 11:33:00,7050,7050,7050,7050,0
2022-02-09 11:34:00,7050,7050,7050,7050,0
2022-02-09 11:35:00,7050,7050,7050,7050,0
2022-02-09 11:36:00,7050,7050,7050,7050,0
2022-02-09 11:37:00,7050,7050,7050,7050,0
2022-02-09 11:38:00,7050,7050,7050,7050,0
2022-02-09 11:39:00,7050,7050,7050,7050,0
2022-02-09 11:40:00,7050,7050,7050,7050,0
2022-02-09 11:41:00,7050,7050,7050,7050,0
2022-02-09 11:42:00,7050,7050,7050,7050,0
2022-02-09 11:43:00,7050,7050,7050,7050,0
2022-02-09 11:44:00,7050,7050,7050,7050,0
2022-02-09 11:45:00,7050,7050,7050,7050,0
2022-02-09 11:46:00,7050,7050,7050,7050,0
2022-02-09 11:47:00,7050,7050,7050,7050,0
2022-02-09 11:48:00,7050,7050,7050,7050,0
2022-02-09 11:49:00,7050,7050,7050,7050,0
2022-02-09 11:50:00,7050,7050,7050,7050,0
2022-02-09 11:51:00,7050,7050,7050,7050,0
2022-02-09 11:52:00,7050,7050,7050,7050,0
2022-02-09 11:53:00,7050,7050,7050,7050,0
2022-02-09 11:54:00,7050,7050,7050,7050,0
2022-02-09 11:55:00,7050,7050,7050,7050,0
2022-02-09 11:56:00,7050,7050,7050,7050,0
2022-02-09 11:57:00,7050,7050,7050,7050,0
2022-02-09 11:58:00,7050,7050,7050,7050,0
2022-02-09 11:59:00,7050,7050,7050,7050,0
2022-02-09 12:00:00,7050,7050,7050,7050,0
2022-02-09 12:01:00,7050,7050,7050,7050,0
2022-02-09 12:02:00,7050,7050,7050,7050,0
2022-02-09 12:03:00,7050,7050,7050,7050,0
2022-02-09 12:04:00,7050,7050,7050,7050,0
2022-02-09 12:05:00,7050,7050,7050,7050,0
2022-02-09 12:06:00,7050,7050,7050,7050,0
2022-02-09 12:07:00,7050,7050,7050,7050,0
2022-02-09 12:08:00,7050,7050,7050,7050,0
2022-02-09 12:09:00,7050,7050,7050,7050,0
2022-02-09 12:10:00,7050,7050,7050,7050,0
2022-02-09 12:11:00,7050,7050,7050,7050,0
2022-02-09 12:12:00,7050,7050,7050,7050,0
2022-02-09 12:13:00,7050,7050,7050,7050,0
2022-02-09 12:14:00,7050,7050,7050,7050,0
2022-02-09 12:15:00,7050,7050,7050,7050,0
2022-02-09 12:16:00,7050,7050,7050,7050,0
2022-02-09 12:17:00,7050,7050,7050,7050,0
2022-02-09 12:18:00,7050,7050,7050,7050,0
2022-02-09 12:19:00,7050,7050,7050,7050,0
2022-02-09 12:20:00,7050,7050,7050,7050,0
2022-02-09 12:21:00,7050,7050,7050,7050,0
2022-02-09 12:22:00,7050,7050,7050,7050,0
2022-02-09 12:23:00,7050,7050,7050,7050,0
2022-02-09 12:24:00,7050,7050,7050,7050,0
2022-02-09 12:25:00,7050,7050,7050,7050,0
2022-02-09 12:26:00,7050,7050,7050,7050,0
2022-02-09 12:27:00,7050,7050,7050,7050,0
2022-02-09 12:28:00,7050,7050,7050,7050,0
2022-02-09 12:29:00,7050,7050,7050,7050,0
2022-02-09 12:30:00,7050,7050,7050,7050,0
2022-02-09 12:31:00,7050,7050,7050,7050,0
2022-02-09 12:32:00,7050,7050,7050,7050,0
2022-02-09 12:33:00,7050,7050,7050,7050,0
2022-02-09 12:34:00,7050,7050,7050,7050,0
2022-02-09 12:35:00,7050,7050,7050,7050,0
2022-02-09 12:36:00,7050,7050,7050,7050,0
2022-02-09 12:37:00,7050,7050,7050,7050,0
2022-02-09 12:38:00,7050,7050,7050,7050,0
2022-02-09 12:39:00,7050,7050,7050,7050,0
2022-02-09 12:40:00,7050,7050,7050,7050,0
2022-02-09 12:41:00,7050,7050,7050,7050,0
2022-02-09 12:42:00,7050,7050,7050,7050,0
2022-02-09 12:43:00,7050,7050,7050,7050,0
2022-02-09 12:44:00,7050,7050,7050,7050,0
2022-02-09 12:45:00,7050,7050,7050,7050,0
2022-02-09 12:46:00,7050,7050,7050,7050,0
2022-02-09 12:47:00,7050,7050,7050,7050,0
2022-02-09 12:48:00,7050,7050,7050,7050,0
2022-02-09 12:49:00,7050,7050,7050,7050,0
2022-02-09 12:50:00,7050,7050,7050,7050,0
2022-02-09 12:51:00,7050,7050,7050,7050,0
2022-02-09 12:52:00,7050,7050,7050,7050,0
2022-02-09 12:53:00,7050,7050,7050,7050,0
2022-02-09 12:54:00,7050,7050,7050,7050,0
2022-02-09 12:55:00,7050,7050,7050,7050,0
2022-02-09 12:56:00,7050,7050,7050,7050,0
2022-02-09 12:57:00,7050,7050,7050,7050,0
2022-02-09 12:58:00,7050,7050,7050,7050,0
2022-02-09 12:59:00,7050,7050,7050,7050,0
2022-02-09 13:00:00,7050,7050,7050,7050,0
2022-02-09 13:01:00,7050,7050,7050,7050,0
2022-02-09 13:02:00,7050,7050,7050,7050,0
2022-02-09 13:03:00,7050,7050,7050,7050,0
2022-02-09 13:04:00,7050,7050,7050,7050,0
2022-02-09 13:05:00,7050,7050,7050,7050,0
2022-02-09 13:06:00,7050,7050,7050,7050,0
2022-02-09 13:07:00,7050,7050,7050,7050,0
2022-02-09 13:08:00,7050,7050,7050,7050,0
2022-02-09 13:09:00,7050,7050,7050,7050,0
2022-02-09 13:10:00,7050,7050,7050,7050,0
2022-02-09 13:11:00,7050,7050,7050,7050,0
2022-02-09 13:12:00,7050,7050,7050,7050,0
2022-02-09 13:13:00,7050,7050,7050,7050,0
2022-02-09 13:14:00,7050,7050,7050,7050,0
2022-02-09 13:15:00,7050,7050,7050,7050,0
2022-02-09 13:16:00,7050,7050,7050,7050,0
2022-02-09 13:17:00,7050,7050,7050,7050,0
2022-02-09 13:18:00,7050,7050,7050,7050,0
2022-02-09 13:19:00,7050,7050,7050,7050,0
2022-02-09 13:20:00,7050,7050,7050,7050,0
2022-02-09 13:21:00,7050,7050,7050,7050,0
2022-02-09 13:22:00,7050,7050,7050,7050,0
2022-02-09 13:23:00,7050,7050,7050,7050,0
2022-02-09 13:24:00,7050,7050,7050,7050,0
2022-02-09 13:25:00,7050,7050,7050,7050,0
2022-02-09 13:26:00,7050,7050,7050,7050,0
2022-02-09 13:27:00,7050,7050,7050,7050,0
2022-02-09 13:28:00,7050,7050,7050,7050,0
2022-02-09 13:29:00,7050,7050,7050,7050,0
2022-02-09 13:30:00,7050,7050,7050,7050,3700
2022-02-09 13:31:00,7050,7050,7050,7050,0
2022-02-09 13:32:00,7050,7050,7050,7050,900
2022-02-09 13:33:00,7050,7050,7050,7050,0
2022-02-09 13:34:00,7075,7075,7075,7075,2700
2022-02-09 13:35:00,7075,7075,7075,7075,300
2022-02-09 13:36:00,7075,7050,7075,7075,4600
2022-02-09 13:37:00,7075,7050,7075,7075,0
2022-02-09 13:38:00,7075,7050,7075,7050,400
2022-02-09 13:39:00,7050,7050,7050,7050,1500
2022-02-09 13:40:00,7075,7075,7075,7075,100
2022-02-09 13:41:00,7050,7050,7050,7050,100
2022-02-09 13:42:00,7050,7050,7050,7050,13400
2022-02-09 13:43:00,7050,7050,7050,7050,200
2022-02-09 13:44:00,7050,7050,7050,7050,1700
2022-02-09 13:45:00,7050,7050,7050,7050,0
2022-02-09 13:46:00,7050,7050,7050,7050,0
2022-02-09 13:47:00,7050,7050,7050,7050,100
2022-02-09 13:48:00,7050,7050,7050,7050,0
2022-02-09 13:49:00,7075,7075,7075,7075,100
2022-02-09 13:50:00,7075,7075,7075,7075,0
2022-02-09 13:51:00,7075,7075,7075,7075,100
2022-02-09 13:52:00,7075,7075,7075,7075,0
2022-02-09 13:53:00,7075,7075,7075,7075,0
2022-02-09 13:54:00,7075,7075,7075,7075,0
2022-02-09 13:55:00,7075,7075,7075,7075,0
2022-02-09 13:56:00,7075,7075,7075,7075,0
2022-02-09 13:57:00,7050,7050,7050,7050,71800
2022-02-09 13:58:00,7050,7050,7050,7050,1700
2022-02-09 13:59:00,7050,7050,7050,7050,600
2022-02-09 14:00:00,7050,7050,7050,7050,500
2022-02-09 14:01:00,7050,7050,7050,7050,0
2022-02-09 14:02:00,7050,7050,7050,7050,2400
2022-02-09 14:03:00,7050,7050,7050,7050,6400
2022-02-09 14:04:00,7050,7050,7050,7050,100
2022-02-09 14:05:00,7050,7050,7050,7050,1200
2022-02-09 14:06:00,7050,7050,7050,7050,0
2022-02-09 14:07:00,7050,7050,7050,7050,300
2022-02-09 14:08:00,7050,7050,7050,7050,0
2022-02-09 14:09:00,7050,7050,7050,7050,600
2022-02-09 14:10:00,7050,7050,7050,7050,200
2022-02-09 14:11:00,7050,7050,7075,7075,12900
2022-02-09 14:12:00,7050,7050,7075,7075,0
2022-02-09 14:13:00,7050,7050,7075,7075,6900
2022-02-09 14:14:00,7075,7050,7075,7050,6000
2022-02-09 14:15:00,7050,7050,7050,7050,2400
2022-02-09 14:16:00,7050,7050,7050,7050,0
2022-02-09 14:17:00,7075,7075,7075,7075,300
2022-02-09 14:18:00,7075,7050,7075,7050,13600
2022-02-09 14:19:00,7025,7025,7025,7025,200
2022-02-09 14:20:00,7050,7050,7050,7050,200
2022-02-09 14:21:00,7050,7050,7050,7050,3000
2022-02-09 14:22:00,7050,7050,7050,7050,1100
2022-02-09 14:23:00,7050,7050,7050,7050,4000
2022-02-09 14:24:00,7050,7050,7050,7050,1000
2022-02-09 14:25:00,7050,7025,7050,7050,10100
2022-02-09 14:26:00,7050,7050,7075,7050,2800
2022-02-09 14:27:00,7050,7050,7075,7050,30700
2022-02-09 14:28:00,7050,7050,7050,7050,1600
2022-02-09 14:29:00,7025,7025,7050,7025,46000
2022-02-09 14:30:00,7050,7050,7050,7050,700
2022-02-09 14:31:00,7050,7050,7050,7050,300
2022-02-09 14:32:00,7050,7050,7050,7050,2400
2022-02-09 14:33:00,7050,7050,7075,7075,11600
2022-02-09 14:34:00,7075,7050,7075,7050,400
2022-02-09 14:35:00,7075,7050,7075,7050,500
2022-02-09 14:36:00,7050,7050,7050,7050,23400
2022-02-09 14:37:00,7050,7050,7050,7050,300
2022-02-09 14:38:00,7050,7050,7050,7050,1000
2022-02-09 14:39:00,7025,7025,7025,7025,1000
2022-02-09 14:40:00,7050,7025,7050,7050,1500
2022-02-09 14:41:00,7050,7025,7050,7025,500
2022-02-09 14:42:00,7050,7025,7050,7025,1000
2022-02-09 14:43:00,7025,7025,7050,7025,14200
2022-02-09 14:44:00,7025,7025,7025,7025,3200
2022-02-09 14:45:00,7050,7025,7050,7025,51100
2022-02-09 14:46:00,7050,7025,7050,7025,900
2022-02-09 14:47:00,7025,7025,7025,7025,400
2022-02-09 14:48:00,7025,7025,7050,7025,4900
2022-02-09 14:49:00,7050,7025,7050,7050,5300
2022-02-09 14:50:00,7050,7025,7050,7050,0
2022-02-09 14:51:00,7050,7025,7050,7050,0
2022-02-09 14:52:00,7050,7025,7050,7050,0
2022-02-09 14:53:00,7050,7025,7050,7050,0
2022-02-09 14:54:00,7050,7025,7050,7050,0
2022-02-09 14:55:00,7050,7025,7050,7050,0
2022-02-09 14:56:00,7050,7025,7050,7050,0
2022-02-09 14:57:00,7050,7025,7050,7050,0
2022-02-09 14:58:00,7050,7025,7050,7050,0
2022-02-09 14:59:00,7050,7025,7050,7050,0
2022-02-09 15:00:00,7050,7050,7050,7050,52400
2022-02-09 15:01:00,7050,7050,7050,7050,300
2022-02-09 15:02:00,7050,7050,7050,7050,300
2022-02-09 15:03:00,7050,7050,7050,7050,13400
2022-02-09 15:04:00,7050,7050,7050,7050,500
2022-02-09 15:05:00,7050,7050,7050,7050,200
2022-02-09 15:06:00,7050,7050,7050,7050,0
2022-02-09 15:07:00,7050,7050,7050,7050,0
2022-02-09 15:08:00,7050,7050,7050,7050,1300
2022-02-09 15:09:00,7050,7050,7050,7050,100
2022-02-09 15:10:00,7050,7050,7050,7050,100
2022-02-09 15:11:00,7050,7050,7050,7050,800
2022-02-09 15:12:00,7050,7050,7050,7050,2000
2022-02-09 15:13:00,7050,7050,7050,7050,100
2022-02-09 15:14:00,7050,7050,7050,7050,300
2022-02-09 15:15:00,7050,7050,7050,7050,0
2022-02-09 15:16:00,7050,7050,7050,7050,0
2022-02-09 15:17:00,7050,7050,7050,7050,0
2022-02-09 15:18:00,7050,7050,7050,7050,0
2022-02-09 15:19:00,7050,7050,7050,7050,0
2022-02-09 15:20:00,7050,7050,7050,7050,0
2022-02-09 15:21:00,7050,7050,7050,7050,0
2022-02-09 15:22:00,7050,7050,7050,7050,0
2022-02-09 15:23:00,7050,7050,7050,7050,0
2022-02-09 15:24:00,7050,7050,7050,7050,0
2022-02-09 15:25:00,7050,7050,7050,7050,0
2022-02-09 15:26:00,7050,7050,7050,7050,0
2022-02-09 15:27:00,7050,7050,7050,7050,0
2022-02-09 15:28:00,7050,7050,7050,7050,0
2022-02-09 15:29:00,7050,7050,7050,7050,0
2022-02-09 15:30:00,7050,7050,7050,7050,0
2022-02-09 15:31:00,7050,7050,7050,7050,0
2022-02-09 15:32:00,7050,7050,7050,7050,0
2022-02-09 15:33:00,7050,7050,7050,7050,0
2022-02-09 15:34:00,7050,7050,7050,7050,0
2022-02-09 15:35:00,7050,7050,7050,7050,0
2022-02-09 15:36:00,7050,7050,7050,7050,0
2022-02-09 15:37:00,7050,7050,7050,7050,0
2022-02-09 15:38:00,7050,7050,7050,7050,0
2022-02-09 15:39:00,7050,7050,7050,7050,0
2022-02-09 15:40:00,7050,7050,7050,7050,0
2022-02-09 15:41:00,7050,7050,7050,7050,0
2022-02-09 15:42:00,7050,7050,7050,7050,0
2022-02-09 15:43:00,7050,7050,7050,7050,0
2022-02-09 15:44:00,7050,7050,7050,7050,0
2022-02-09 15:45:00,7050,7050,7050,7050,0
2022-02-09 15:46:00,7050,7050,7050,7050,0
2022-02-09 15:47:00,7050,7050,7050,7050,0
2022-02-09 15:48:00,7050,7050,7050,7050,0
2022-02-09 15:49:00,7050,7050,7050,7050,0
2022-02-09 15:50:00,7050,7050,7050,7050,0
2022-02-09 15:51:00,7050,7050,7050,7050,0
2022-02-09 15:52:00,7050,7050,7050,7050,0
2022-02-09 15:53:00,7050,7050,7050,7050,0
2022-02-09 15:54:00,7050,7050,7050,7050,0
2022-02-09 15:55:00,7050,7050,7050,7050,0
2022-02-09 15:56:00,7050,7050,7050,7050,0
2022-02-09 15:57:00,7050,7050,7050,7050,0
2022-02-09 15:58:00,7050,7050,7050,7050,0
2022-02-09 15:59:00,7050,7050,7050,7050,0
2022-02-10 09:00:00,7050,7050,7075,7050,23000
2022-02-10 09:01:00,7050,7050,7050,7050,1700
2022-02-10 09:02:00,7050,7050,7050,7050,0
2022-02-10 09:03:00,7050,7050,7050,7050,300
2022-02-10 09:04:00,7050,7050,7050,7050,0
2022-02-10 09:05:00,7050,7050,7050,7050,100
2022-02-10 09:06:00,7050,7050,7050,7050,0
2022-02-10 09:07:00,7050,7050,7100,7100,7900
2022-02-10 09:08:00,7100,7100,7100,7100,1000
2022-02-10 09:09:00,7075,7075,7100,7100,3200
2022-02-10 09:10:00,7075,7075,7100,7100,0
2022-02-10 09:11:00,7075,7075,7100,7100,0
2022-02-10 09:12:00,7100,7100,7100,7100,200
2022-02-10 09:13:00,7100,7100,7100,7100,1100
2022-02-10 09:14:00,7100,7100,7100,7100,100
2022-02-10 09:15:00,7100,7100,7100,7100,0
2022-02-10 09:16:00,7100,7075,7100,7075,300
2022-02-10 09:17:00,7100,7075,7100,7075,0
2022-02-10 09:18:00,7075,7075,7100,7075,15100
2022-02-10 09:19:00,7075,7075,7075,7075,17100
2022-02-10 09:20:00,7075,7075,7075,7075,500
2022-02-10 09:21:00,7075,7075,7075,7075,12300
2022-02-10 09:22:00,7075,7075,7075,7075,400
2022-02-10 09:23:00,7075,7075,7075,7075,2000
2022-02-10 09:24:00,7075,7075,7075,7075,0
2022-02-10 09:25:00,7075,7075,7075,7075,20000
2022-02-10 09:26:00,7075,7075,7075,7075,500
2022-02-10 09:27:00,7075,7075,7075,7075,0
2022-02-10 09:28:00,7075,7075,7100,7100,9700
2022-02-10 09:29:00,7100,7100,7100,7100,100
2022-02-10 09:30:00,7075,7075,7075,7075,500
2022-02-10 09:31:00,7075,7075,7075,7075,0
2022-02-10 09:32:00,7100,7100,7100,7100,100
2022-02-10 09:33:00,7075,7075,7100,7075,70100
2022-02-10 09:34:00,7100,7100,7100,7100,100
2022-02-10 09:35:00,7075,7075,7075,7075,100
2022-02-10 09:36:00,7075,7075,7075,7075,0
2022-02-10 09:37:00,7075,7075,7075,7075,700
2022-02-10 09:38:00,7075,7075,7075,7075,0
2022-02-10 09:39:00,7075,7075,7100,7100,1900
2022-02-10 09:40:00,7075,7075,7100,7100,0
2022-02-10 09:41:00,7100,7100,7100,7100,1000
2022-02-10 09:42:00,7100,7100,7100,7100,2500
2022-02-10 09:43:00,7100,7100,7100,7100,0
2022-02-10 09:44:00,7075,7075,7075,7075,25000
2022-02-10 09:45:00,7075,7075,7075,7075,200
2022-02-10 09:46:00,7075,7075,7075,7075,0
2022-02-10 09:47:00,7075,7075,7075,7075,0
2022-02-10 09:48:00,7075,7075,7075,7075,20000
2022-02-10 09:49:00,7075,7075,7075,7075,100
2022-02-10 09:50:00,7075,7075,7075,7075,0
2022-02-10 09:51:00,7100,7100,7100,7100,100
2022-02-10 09:52:00,7100,7100,7100,7100,0
2022-02-10 09:53:00,7100,7100,7100,7100,200
2022-02-10 09:54:00,7100,7100,7100,7100,35600
2022-02-10 09:55:00,7100,7100,7100,7100,100
2022-02-10 09:56:00,7100,7075,7100,7100,13000
2022-02-10 09:57:00,7100,7075,7100,7075,4000
2022-02-10 09:58:00,7100,7075,7100,7075,0
2022-02-10 09:59:00,7100,7075,7100,7075,0
2022-02-10 10:00:00,7100,7100,7100,7100,300
2022-02-10 10:01:00,7100,7100,7100,7100,2600
2022-02-10 10:02:00,7100,7100,7125,7125,56800
2022-02-10 10:03:00,7100,7100,7125,7125,2800
2022-02-10 10:04:00,7100,7100,7100,7100,500
2022-02-10 10:05:00,7125,7125,7125,7125,200
2022-02-10 10:06:00,7125,7125,7125,7125,0
2022-02-10 10:07:00,7125,7125,7125,7125,300
2022-02-10 10:08:00,7100,7100,7100,7100,100
2022-02-10 10:09:00,7100,7100,7100,7100,2400
2022-02-10 10:10:00,7125,7100,7125,7100,9700
2022-02-10 10:11:00,7100,7100,7100,7100,32300
2022-02-10 10:12:00,7100,7100,7100,7100,5800
2022-02-10 10:13:00,7075,7075,7075,7075,400
2022-02-10 10:14:00,7100,7100,7100,7100,2600
2022-02-10 10:15:00,7075,7075,7075,7075,300
2022-02-10 10:16:00,7075,7075,7075,7075,0
2022-02-10 10:17:00,7075,7075,7075,7075,0
2022-02-10 10:18:00,7100,7100,7100,7100,52900
2022-02-10 10:19:00,7100,7100,7100,7100,700
2022-02-10 10:20:00,7100,7100,7100,7100,1800
2022-02-10 10:21:00,7100,7100,7100,7100,30900
2022-02-10 10:22:00,7100,7100,7100,7100,100
2022-02-10 10:23:00,7100,7100,7100,7100,100
2022-02-10 10:24:00,7100,7100,7100,7100,100
2022-02-10 10:25:00,7100,7100,7100,7100,200
2022-02-10 10:26:00,7100,7100,7100,7100,600
2022-02-10 10:27:00,7100,7100,7125,7125,1700
2022-02-10 10:28:00,7100,7100,7100,7100,1500
2022-02-10 10:29:00,7125,7125,7125,7125,800
2022-02-10 10:30:00,7125,7125,7125,7125,1100
2022-02-10 10:31:00,7125,7125,7125,7125,1500
2022-02-10 10:32:00,7100,7100,7125,7100,1300
2022-02-10 10:33:00,7100,7100,7100,7100,3300
2022-02-10 10:34:00,7100,7100,7100,7100,2800
2022-02-10 10:35:00,7100,7100,7100,7100,6200
2022-02-10 10:36:00,7100,7100,7100,7100,23800
2022-02-10 10:37:00,7100,7100,7100,7100,2200
2022-02-10 10:38:00,7100,7100,7100,7100,0
2022-02-10 10:39:00,7100,7100,7100,7100,900
2022-02-10 10:40:00,7100,7100,7100,7100,0
2022-02-10 10:41:00,7100,7100,7100,7100,0
2022-02-10 10:42:00,7100,7100,7100,7100,1100
2022-02-10 10:43:00,7100,7100,7100,7100,0
2022-02-10 10:44:00,7100,7100,7100,7100,5000
2022-02-10 10:45:00,7100,7100,7100,7100,1100
2022-02-10 10:46:00,7100,7100,7100,7100,3500
2022-02-10 10:47:00,7100,7100,7100,7100,100
2022-02-10 10:48:00,7100,7100,7100,7100,6500
2022-02-10 10:49:00,7100,7100,7100,7100,1300
2022-02-10 10:50:00,7100,7100,7100,7100,0
2022-02-10 10:51:00,7075,7075,7075,7075,1100
2022-02-10 10:52:00,7075,7075,7075,7075,0
2022-02-10 10:53:00,7075,7075,7075,7075,0
2022-02-10 10:54:00,7075,7075,7075,7075,400
2022-02-10 10:55:00,7075,7075,7075,7075,0
2022-02-10 10:56:00,7100,7100,7100,7100,800
2022-02-10 10:57:00,7100,7075,7100,7075,500
2022-02-10 10:58:00,7075,7075,7075,7075,1100
2022-02-10 10:59:00,7075,7075,7075,7075,20000
2022-02-10 11:00:00,7075,7075,7075,7075,0
2022-02-10 11:01:00,7075,7075,7075,7075,1800
2022-02-10 11:02:00,7075,7075,7075,7075,400
2022-02-10 11:03:00,7100,7075,7100,7075,4900
2022-02-10 11:04:00,7100,7075,7100,7075,0
2022-02-10 11:05:00,7075,7075,7075,7075,100
2022-02-10 11:06:00,7075,7075,7075,7075,1000
2022-02-10 11:07:00,7075,7075,7075,7075,0
2022-02-10 11:08:00,7075,7075,7075,7075,0
2022-02-10 11:09:00,7075,7075,7075,7075,0
2022-02-10 11:10:00,7075,7075,7075,7075,22000
2022-02-10 11:11:00,7075,7075,7075,7075,0
2022-02-10 11:12:00,7075,7075,7100,7100,3800
2022-02-10 11:13:00,7075,7075,7100,7100,0
2022-02-10 11:14:00,7075,7075,7100,7100,0
2022-02-10 11:15:00,7075,7075,7075,7075,400
2022-02-10 11:16:00,7100,7100,7100,7100,3000
2022-02-10 11:17:00,7100,7100,7100,7100,1500
2022-02-10 11:18:00,7075,7075,7075,7075,500
2022-02-10 11:19:00,7075,7075,7075,7075,500
2022-02-10 11:20:00,7100,7100,7100,7100,100
2022-02-10 11:21:00,7100,7100,7100,7100,0
2022-02-10 11:22:00,7100,7100,7100,7100,0
2022-02-10 11:23:00,7100,7100,7100,7100,0
2022-02-10 11:24:00,7100,7100,7100,7100,100
2022-02-10 11:25:00,7100,7100,7100,7100,0
2022-02-10 11:26:00,7100,7100,7100,7100,0
2022-02-10 11:27:00,7100,7100,7100,7100,0
2022-02-10 11:28:00,7100,7100,7100,7100,1000
2022-02-10 11:29:00,7100,7100,7100,7100,0
2022-02-10 11:30:00,7100,7100,7100,7100,0
2022-02-10 11:31:00,7100,7100,7100,7100,0
2022-02-10 11:32:00,7100,7100,7100,7100,0
2022-02-10 11:33:00,7100,7100,7100,7100,0
2022-02-10 11:34:00,7100,7100,7100,7100,0
2022-02-10 11:35:00,7100,7100,7100,7100,0
2022-02-10 11:36:00,7100,7100,7100,7100,0
2022-02-10 11:37:00,7100,7100,7100,7100,0
2022-02-10 11:38:00,7100,7100,7100,7100,0
2022-02-10 11:39:00,7100,7100,7100,7100,0
2022-02-10 11:40:00,7100,7100,7100,7100,0
2022-02-10 11:41:00,7100,7100,7100,7100,0
2022-02-10 11:42:00,7100,7100,7100,7100,0
2022-02-10 11:43:00,7100,7100,7100,7100,0
2022-02-10 11:44:00,7100,7100,7100,7100,0
2022-02-10 11:45:00,7100,7100,7100,7100,0
2022-02-10 11:46:00,7100,7100,7100,7100,0
2022-02-10 11:47:00,7100,7100,7100,7100,0
2022-02-10 11:48:00,7100,7100,7100,7100,0
2022-02-10 11:49:00,7100,7100,7100,7100,0
2022-02-10 11:50:00,7100,7100,7100,7100,0
2022-02-10 11:51:00,7100,7100,7100,7100,0
2022-02-10 11:52:00,7100,7100,7100,7100,0
2022-02-10 11:53:00,7100,7100,7100,7100,0
2022-02-10 11:54:00,7100,7100,7100,7100,0
2022-02-10 11:55:00,7100,7100,7100,7100,0
2022-02-10 11:56:00,7100,7100,7100,7100,0
2022-02-10 11:57:00,7100,7100,7100,7100,0
2022-02-10 11:58:00,7100,7100,7100,7100,0
2022-02-10 11:59:00,7100,7100,7100,7100,0
2022-02-10 12:00:00,7100,7100,7100,7100,0
2022-02-10 12:01:00,7100,7100,7100,7100,0
2022-02-10 12:02:00,7100,7100,7100,7100,0
2022-02-10 12:03:00,7100,7100,7100,7100,0
2022-02-10 12:04:00,7100,7100,7100,7100,0
2022-02-10 12:05:00,7100,7100,7100,7100,0
2022-02-10 12:06:00,7100,7100,7100,7100,0
2022-02-10 12:07:00,7100,7100,7100,7100,0
2022-02-10 12:08:00,7100,7100,7100,7100,0
2022-02-10 12:09:00,7100,7100,7100,7100,0
2022-02-10 12:10:00,7100,7100,7100,7100,0
2022-02-10 12:11:00,7100,7100,7100,7100,0
2022-02-10 12:12:00,7100,7100,7100,7100,0
2022-02-10 12:13:00,7100,7100,7100,7100,0
2022-02-10 12:14:00,7100,7100,7100,7100,0
2022-02-10 12:15:00,7100,7100,7100,7100,0
2022-02-10 12:16:00,7100,7100,7100,7100,0
2022-02-10 12:17:00,7100,7100,7100,7100,0
2022-02-10 12:18:00,7100,7100,7100,7100,0
2022-02-10 12:19:00,7100,7100,7100,7100,0
2022-02-10 12:20:00,7100,7100,7100,7100,0
2022-02-10 12:21:00,7100,7100,7100,7100,0
2022-02-10 12:22:00,7100,7100,7100,7100,0
2022-02-10 12:23:00,7100,7100,7100,7100,0
2022-02-10 12:24:00,7100,7100,7100,7100,0
2022-02-10 12:25:00,7100,7100,7100,7100,0
2022-02-10 12:26:00,7100,7100,7100,7100,0
2022-02-10 12:27:00,7100,7100,7100,7100,0
2022-02-10 12:28:00,7100,7100,7100,7100,0
2022-02-10 12:29:00,7100,7100,7100,7100,0
2022-02-10 12:30:00,7100,7100,7100,7100,0
2022-02-10 12:31:00,7100,7100,7100,7100,0
2022-02-10 12:32:00,7100,7100,7100,7100,0
2022-02-10 12:33:00,7100,7100,7100,7100,0
2022-02-10 12:34:00,7100,7100,7100,7100,0
2022-02-10 12:35:00,7100,7100,7100,7100,0
2022-02-10 12:36:00,7100,7100,7100,7100,0
2022-02-10 12:37:00,7100,7100,7100,7100,0
2022-02-10 12:38:00,7100,7100,7100,7100,0
2022-02-10 12:39:00,7100,7100,7100,7100,0
2022-02-10 12:40:00,7100,7100,7100,7100,0
2022-02-10 12:41:00,7100,7100,7100,7100,0
2022-02-10 12:42:00,7100,7100,7100,7100,0
2022-02-10 12:43:00,7100,7100,7100,7100,0
2022-02-10 12:44:00,7100,7100,7100,7100,0
2022-02-10 12:45:00,7100,7100,7100,7100,0
2022-02-10 12:46:00,7100,7100,7100,7100,0
2022-02-10 12:47:00,7100,7100,7100,7100,0
2022-02-10 12:48:00,7100,7100,7100,7100,0
2022-02-10 12:49:00,7100,7100,7100,7100,0
2022-02-10 12:50:00,7100,7100,7100,7100,0
2022-02-10 12:51:00,7100,7100,7100,7100,0
2022-02-10 12:52:00,7100,7100,7100,7100,0
2022-02-10 12:53:00,7100,7100,7100,7100,0
2022-02-10 12:54:00,7100,7100,7100,7100,0
2022-02-10 12:55:00,7100,7100,7100,7100,0
2022-02-10 12:56:00,7100,7100,7100,7100,0
2022-02-10 12:57:00,7100,7100,7100,7100,0
2022-02-10 12:58:00,7100,7100,7100,7100,0
2022-02-10 12:59:00,7100,7100,7100,7100,0
2022-02-10 13:00:00,7100,7100,7100,7100,0
2022-02-10 13:01:00,7100,7100,7100,7100,0
2022-02-10 13:02:00,7100,7100,7100,7100,0
2022-02-10 13:03:00,7100,7100,7100,7100,0
2022-02-10 13:04:00,7100,7100,7100,7100,0
2022-02-10 13:05:00,7100,7100,7100,7100,0
2022-02-10 13:06:00,7100,7100,7100,7100,0
2022-02-10 13:07:00,7100,7100,7100,7100,0
2022-02-10 13:08:00,7100,7100,7100,7100,0
2022-02-10 13:09:00,7100,7100,7100,7100,0
2022-02-10 13:10:00,7100,7100,7100,7100,0
2022-02-10 13:11:00,7100,7100,7100,7100,0
2022-02-10 13:12:00,7100,7100,7100,7100,0
2022-02-10 13:13:00,7100,7100,7100,7100,0
2022-02-10 13:14:00,7100,7100,7100,7100,0
2022-02-10 13:15:00,7100,7100,7100,7100,0
2022-02-10 13:16:00,7100,7100,7100,7100,0
2022-02-10 13:17:00,7100,7100,7100,7100,0
2022-02-10 13:18:00,7100,7100,7100,7100,0
2022-02-10 13:19:00,7100,7100,7100,7100,0
2022-02-10 13:20:00,7100,7100,7100,7100,0
2022-02-10 13:21:00,7100,7100,7100,7100,0
2022-02-10 13:22:00,7100,7100,7100,7100,0
2022-02-10 13:23:00,7100,7100,7100,7100,0
2022-02-10 13:24:00,7100,7100,7100,7100,0
2022-02-10 13:25:00,7100,7100,7100,7100,0
2022-02-10 13:26:00,7100,7100,7100,7100,0
2022-02-10 13:27:00,7100,7100,7100,7100,0
2022-02-10 13:28:00,7100,7100,7100,7100,0
2022-02-10 13:29:00,7100,7100,7100,7100,0
2022-02-10 13:30:00,7100,7075,7100,7100,13500
2022-02-10 13:31:00,7100,7075,7100,7100,0
2022-02-10 13:32:00,7100,7075,7100,7100,0
2022-02-10 13:33:00,7100,7075,7100,7100,0
2022-02-10 13:34:00,7100,7075,7100,7100,0
2022-02-10 13:35:00,7075,7075,7100,7100,6100
2022-02-10 13:36:00,7075,7075,7075,7075,10000
2022-02-10 13:37:00,7075,7075,7075,7075,6800
2022-02-10 13:38:00,7075,7075,7075,7075,0
2022-02-10 13:39:00,7075,7075,7075,7075,7200
2022-02-10 13:40:00,7075,7075,7075,7075,17400
2022-02-10 13:41:00,7075,7075,7075,7075,59200
2022-02-10 13:42:00,7075,7075,7075,7075,0
2022-02-10 13:43:00,7075,7075,7100,7075,3900
2022-02-10 13:44:00,7075,7050,7075,7050,11400
2022-02-10 13:45:00,7075,7050,7075,7050,2400
2022-02-10 13:46:00,7050,7050,7050,7050,2400
2022-02-10 13:47:00,7050,7050,7050,7050,17400
2022-02-10 13:48:00,7050,7050,7050,7050,0
2022-02-10 13:49:00,7050,7050,7075,7075,12700
2022-02-10 13:50:00,7075,7050,7075,7075,10700
2022-02-10 13:51:00,7075,7075,7075,7075,35300
2022-02-10 13:52:00,7075,7075,7075,7075,200
2022-02-10 13:53:00,7075,7050,7075,7050,1900
2022-02-10 13:54:00,7075,7050,7075,7050,0
2022-02-10 13:55:00,7050,7050,7075,7075,5900
2022-02-10 13:56:00,7050,7050,7075,7075,0
2022-02-10 13:57:00,7050,7050,7050,7050,14600
2022-02-10 13:58:00,7050,7050,7050,7050,4700
2022-02-10 13:59:00,7050,7050,7050,7050,600
2022-02-10 14:00:00,7050,7050,7050,7050,11100
2022-02-10 14:01:00,7050,7050,7050,7050,0
2022-02-10 14:02:00,7050,7050,7050,7050,5100
2022-02-10 14:03:00,7050,7050,7050,7050,3100
2022-02-10 14:04:00,7050,7050,7050,7050,8200
2022-02-10 14:05:00,7050,7050,7050,7050,4200
2022-02-10 14:06:00,7050,7050,7050,7050,12000
2022-02-10 14:07:00,7050,7050,7050,7050,7000
2022-02-10 14:08:00,7050,7050,7050,7050,13800
2022-02-10 14:09:00,7050,7050,7075,7050,16300
2022-02-10 14:10:00,7050,7050,7050,7050,11300
2022-02-10 14:11:00,7050,7050,7050,7050,3800
2022-02-10 14:12:00,7050,7050,7050,7050,8300
2022-02-10 14:13:00,7050,7050,7050,7050,2900
2022-02-10 14:14:00,7050,7050,7050,7050,900
2022-02-10 14:15:00,7050,7050,7050,7050,9400
2022-02-10 14:16:00,7050,7050,7050,7050,0
2022-02-10 14:17:00,7050,7050,7050,7050,0
2022-02-10 14:18:00,7050,7050,7050,7050,9300
2022-02-10 14:19:00,7075,7025,7075,7025,207000
2022-02-10 14:20:00,7025,7025,7050,7025,14500
2022-02-10 14:21:00,7025,7025,7025,7025,3000
2022-02-10 14:22:00,7025,7025,7050,7050,11300
2022-02-10 14:23:00,7050,7025,7050,7025,15200
2022-02-10 14:24:00,7025,7025,7025,7025,500
2022-02-10 14:25:00,7025,7025,7025,7025,1100
2022-02-10 14:26:00,7025,7025,7025,7025,3900
2022-02-10 14:27:00,7025,7025,7025,7025,7700
2022-02-10 14:28:00,7025,7025,7025,7025,6300
2022-02-10 14:29:00,7025,7025,7025,7025,14500
2022-02-10 14:30:00,7025,7025,7050,7050,12300
2022-02-10 14:31:00,7025,7025,7025,7025,11000
2022-02-10 14:32:00,7050,7050,7050,7050,100
2022-02-10 14:33:00,7025,7025,7050,7050,4900
2022-02-10 14:34:00,7025,7025,7025,7025,8900
2022-02-10 14:35:00,7025,7025,7025,7025,4900
2022-02-10 14:36:00,7050,7050,7050,7050,200
2022-02-10 14:37:00,7050,7025,7050,7025,101300
2022-02-10 14:38:00,7000,7000,7025,7025,8500
2022-02-10 14:39:00,7000,7000,7025,7000,26300
2022-02-10 14:40:00,7025,7025,7025,7025,400
2022-02-10 14:41:00,7000,7000,7025,7025,29300
2022-02-10 14:42:00,7025,7025,7025,7025,6000
2022-02-10 14:43:00,7000,7000,7025,7025,5100
2022-02-10 14:44:00,7025,7000,7025,7025,1700
2022-02-10 14:45:00,7000,7000,7025,7025,2700
2022-02-10 14:46:00,7025,7025,7025,7025,100
2022-02-10 14:47:00,7025,7000,7025,7025,1800
2022-02-10 14:48:00,7025,7025,7025,7025,6200
2022-02-10 14:49:00,7025,7000,7025,7000,2700
2022-02-10 14:50:00,7025,7000,7025,7000,0
2022-02-10 14:51:00,7025,7000,7025,7000,0
2022-02-10 14:52:00,7025,7000,7025,7000,0
2022-02-10 14:53:00,7025,7000,7025,7000,0
2022-02-10 14:54:00,7025,7000,7025,7000,0
2022-02-10 14:55:00,7025,7000,7025,7000,0
2022-02-10 14:56:00,7025,7000,7025,7000,0
2022-02-10 14:57:00,7025,7000,7025,7000,0
2022-02-10 14:58:00,7025,7000,7025,7000,0
2022-02-10 14:59:00,7025,7000,7025,7000,0
2022-02-10 15:00:00,7050,7050,7050,7050,54500
2022-02-10 15:01:00,7050,7050,7050,7050,57800
2022-02-10 15:02:00,7050,7050,7050,7050,2000
2022-02-10 15:03:00,7050,7050,7050,7050,100
2022-02-10 15:04:00,7050,7050,7050,7050,4500
2022-02-10 15:05:00,7050,7050,7050,7050,35600
2022-02-10 15:06:00,7050,7050,7050,7050,100
2022-02-10 15:07:00,7050,7050,7050,7050,0
2022-02-10 15:08:00,7050,7050,7050,7050,0
2022-02-10 15:09:00,7050,7050,7050,7050,1100
2022-02-10 15:10:00,7050,7050,7050,7050,0
2022-02-10 15:11:00,7050,7050,7050,7050,10000
2022-02-10 15:12:00,7050,7050,7050,7050,0
2022-02-10 15:13:00,7050,7050,7050,7050,500
2022-02-10 15:14:00,7050,7050,7050,7050,1100
2022-02-10 15:15:00,7050,7050,7050,7050,0
2022-02-10 15:16:00,7050,7050,7050,7050,0
2022-02-10 15:17:00,7050,7050,7050,7050,0
2022-02-10 15:18:00,7050,7050,7050,7050,0
2022-02-10 15:19:00,7050,7050,7050,7050,0
2022-02-10 15:20:00,7050,7050,7050,7050,0
2022-02-10 15:21:00,7050,7050,7050,7050,0
2022-02-10 15:22:00,7050,7050,7050,7050,0
2022-02-10 15:23:00,7050,7050,7050,7050,0
2022-02-10 15:24:00,7050,7050,7050,7050,0
2022-02-10 15:25:00,7050,7050,7050,7050,0
2022-02-10 15:26:00,7050,7050,7050,7050,0
2022-02-10 15:27:00,7050,7050,7050,7050,0
2022-02-10 15:28:00,7050,7050,7050,7050,0
2022-02-10 15:29:00,7050,7050,7050,7050,0
2022-02-10 15:30:00,7050,7050,7050,7050,0
2022-02-10 15:31:00,7050,7050,7050,7050,0
2022-02-10 15:32:00,7050,7050,7050,7050,0
2022-02-10 15:33:00,7050,7050,7050,7050,0
2022-02-10 15:34:00,7050,7050,7050,7050,0
2022-02-10 15:35:00,7050,7050,7050,7050,0
2022-02-10 15:36:00,7050,7050,7050,7050,0
2022-02-10 15:37:00,7050,7050,7050,7050,0
2022-02-10 15:38:00,7050,7050,7050,7050,0
2022-02-10 15:39:00,7050,7050,7050,7050,0
2022-02-10 15:40:00,7050,7050,7050,7050,0
2022-02-10 15:41:00,7050,7050,7050,7050,0
2022-02-10 15:42:00,7050,7050,7050,7050,0
2022-02-10 15:43:00,7050,7050,7050,7050,0
2022-02-10 15:44:00,7050,7050,7050,7050,0
2022-02-10 15:45:00,7050,7050,7050,7050,0
2022-02-10 15:46:00,7050,7050,7050,7050,0
2022-02-10 15:47:00,7050,7050,7050,7050,0
2022-02-10 15:48:00,7050,7050,7050,7050,0
2022-02-10 15:49:00,7050,7050,7050,7050,0
2022-02-10 15:50:00,7050,7050,7050,7050,0
2022-02-10 15:51:00,7050,7050,7050,7050,0
2022-02-10 15:52:00,7050,7050,7050,7050,0
2022-02-10 15:53:00,7050,7050,7050,7050,0
2022-02-10 15:54:00,7050,7050,7050,7050,0
2022-02-10 15:55:00,7050,7050,7050,7050,0
2022-02-10 15:56:00,7050,7050,7050,7050,0
2022-02-10 15:57:00,7050,7050,7050,7050,0
2022-02-10 15:58:00,7050,7050,7050,7050,0
2022-02-10 15:59:00,7050,7050,7050,7050,0
2022-02-11 09:00:00,7050,7050,7050,7050,7300
2022-02-11 09:01:00,7050,7025,7050,7025,20600
2022-02-11 09:02:00,7025,7025,7025,7025,8200
2022-02-11 09:03:00,7025,7025,7025,7025,0
2022-02-11 09:04:00,7025,7025,7025,7025,11400
2022-02-11 09:05:00,7050,7025,7050,7025,1100
2022-02-11 09:06:00,7000,7000,7025,7000,47900
2022-02-11 09:07:00,7025,7000,7025,7000,600
2022-02-11 09:08:00,7000,7000,7025,7025,90600
2022-02-11 09:09:00,7025,7025,7025,7025,200
2022-02-11 09:10:00,7025,7025,7025,7025,600
2022-02-11 09:11:00,7025,7025,7025,7025,900
2022-02-11 09:12:00,7025,7025,7025,7025,600
2022-02-11 09:13:00,7000,7000,7025,7025,11400
2022-02-11 09:14:00,7000,7000,7025,7025,0
2022-02-11 09:15:00,7025,7000,7025,7000,28200
2022-02-11 09:16:00,7025,7000,7025,7025,18400
2022-02-11 09:17:00,7025,7025,7025,7025,2100
2022-02-11 09:18:00,7025,7025,7025,7025,300
2022-02-11 09:19:00,7025,7025,7025,7025,1100
2022-02-11 09:20:00,7025,7000,7025,7000,5100
2022-02-11 09:21:00,7025,7025,7025,7025,800
2022-02-11 09:22:00,7025,7025,7025,7025,36700
2022-02-11 09:23:00,7025,7025,7025,7025,1900
2022-02-11 09:24:00,7050,7025,7050,7025,15500
2022-02-11 09:25:00,7025,7025,7025,7025,10500
2022-02-11 09:26:00,7025,7025,7025,7025,12600
2022-02-11 09:27:00,7025,7025,7025,7025,1000
2022-02-11 09:28:00,7025,7025,7025,7025,600
2022-02-11 09:29:00,7025,7025,7025,7025,700
2022-02-11 09:30:00,7025,7000,7025,7000,4800
2022-02-11 09:31:00,7025,7025,7025,7025,1200
2022-02-11 09:32:00,7025,7000,7025,7025,3300
2022-02-11 09:33:00,7025,7000,7025,7025,0
2022-02-11 09:34:00,7025,7025,7025,7025,300
2022-02-11 09:35:00,7000,7000,7000,7000,800
2022-02-11 09:36:00,7025,7025,7025,7025,500
2022-02-11 09:37:00,7025,7025,7025,7025,200
2022-02-11 09:38:00,7025,7025,7025,7025,0
2022-02-11 09:39:00,7025,7025,7025,7025,400
2022-02-11 09:40:00,7025,7025,7025,7025,5400
2022-02-11 09:41:00,7025,7025,7025,7025,500
2022-02-11 09:42:00,7025,7025,7025,7025,0
2022-02-11 09:43:00,7025,7000,7025,7000,201500
2022-02-11 09:44:00,7000,7000,7025,7000,285900
2022-02-11 09:45:00,7000,7000,7025,7025,5900
2022-02-11 09:46:00,7000,7000,7000,7000,20000
2022-02-11 09:47:00,7000,7000,7000,7000,0
2022-02-11 09:48:00,7000,7000,7000,7000,0
2022-02-11 09:49:00,7025,7025,7025,7025,200
2022-02-11 09:50:00,7025,7025,7025,7025,1000
2022-02-11 09:51:00,7025,7025,7025,7025,1800
2022-02-11 09:52:00,7000,7000,7000,7000,1400
2022-02-11 09:53:00,7000,7000,7025,7025,3800
2022-02-11 09:54:00,7025,7025,7025,7025,4000
2022-02-11 09:55:00,7025,7025,7025,7025,300
2022-02-11 09:56:00,7025,7025,7025,7025,0
2022-02-11 09:57:00,7000,7000,7000,7000,1000
2022-02-11 09:58:00,7000,7000,7000,7000,0
2022-02-11 09:59:00,7025,7025,7025,7025,100
2022-02-11 10:00:00,7025,7025,7025,7025,3400
2022-02-11 10:01:00,7025,7025,7025,7025,0
2022-02-11 10:02:00,7025,7025,7025,7025,21500
2022-02-11 10:03:00,7025,7025,7025,7025,20800
2022-02-11 10:04:00,7025,7025,7025,7025,0
2022-02-11 10:05:00,7025,7025,7025,7025,3300
2022-02-11 10:06:00,7025,7025,7025,7025,0
2022-02-11 10:07:00,7025,7025,7025,7025,2800
2022-02-11 10:08:00,7025,7025,7025,7025,0
2022-02-11 10:09:00,7000,7000,7000,7000,2000
2022-02-11 10:10:00,7025,7025,7025,7025,2000
2022-02-11 10:11:00,7025,7025,7025,7025,100
2022-02-11 10:12:00,7025,7025,7025,7025,7600
2022-02-11 10:13:00,7025,7025,7025,7025,3300
2022-02-11 10:14:00,7025,7025,7025,7025,0
2022-02-11 10:15:00,7025,7025,7025,7025,200
2022-02-11 10:16:00,7025,7025,7025,7025,5000
2022-02-11 10:17:00,7025,7025,7025,7025,16400
2022-02-11 10:18:00,7025,7025,7025,7025,1600
2022-02-11 10:19:00,7025,7025,7025,7025,8200
2022-02-11 10:20:00,7025,7025,7025,7025,2400
2022-02-11 10:21:00,7025,7025,7025,7025,0
2022-02-11 10:22:00,7025,7025,7025,7025,100
2022-02-11 10:23:00,7025,7025,7025,7025,0
2022-02-11 10:24:00,7025,7025,7025,7025,0
2022-02-11 10:25:00,7025,7025,7025,7025,0
2022-02-11 10:26:00,7050,7050,7050,7050,2800
2022-02-11 10:27:00,7025,7025,7025,7025,100
2022-02-11 10:28:00,7025,7025,7025,7025,5500
2022-02-11 10:29:00,7025,7025,7025,7025,0
2022-02-11 10:30:00,7050,7050,7050,7050,1500
2022-02-11 10:31:00,7050,7050,7050,7050,0
2022-02-11 10:32:00,7050,7050,7050,7050,100
2022-02-11 10:33:00,7050,7050,7050,7050,1000
2022-02-11 10:34:00,7050,7050,7050,7050,1200
2022-02-11 10:35:00,7050,7050,7050,7050,100
2022-02-11 10:36:00,7050,7050,7050,7050,700
2022-02-11 10:37:00,7025,7025,7025,7025,600
2022-02-11 10:38:00,7025,7025,7025,7025,0
2022-02-11 10:39:00,7025,7025,7050,7050,1200
2022-02-11 10:40:00,7025,7025,7025,7025,500
2022-02-11 10:41:00,7050,7050,7050,7050,800
2022-02-11 10:42:00,7050,7050,7050,7050,100
2022-02-11 10:43:00,7050,7025,7050,7025,1300
2022-02-11 10:44:00,7050,7025,7050,7025,0
2022-02-11 10:45:00,7050,7050,7050,7050,1200
2022-02-11 10:46:00,7025,7025,7025,7025,5200
2022-02-11 10:47:00,7050,7050,7050,7050,200
2022-02-11 10:48:00,7050,7025,7050,7025,600
2022-02-11 10:49:00,7050,7025,7050,7025,0
2022-02-11 10:50:00,7050,7050,7050,7050,6300
2022-02-11 10:51:00,7050,7050,7050,7050,100
2022-02-11 10:52:00,7050,7050,7050,7050,5800
2022-02-11 10:53:00,7050,7050,7050,7050,1300
2022-02-11 10:54:00,7050,7050,7050,7050,0
2022-02-11 10:55:00,7050,7050,7050,7050,0
2022-02-11 10:56:00,7050,7050,7050,7050,1200
2022-02-11 10:57:00,7050,7050,7050,7050,100
2022-02-11 10:58:00,7050,7050,7050,7050,100
2022-02-11 10:59:00,7050,7050,7050,7050,1000
2022-02-11 11:00:00,7050,7050,7050,7050,100
2022-02-11 11:01:00,7025,7025,7025,7025,2500
2022-02-11 11:02:00,7025,7025,7050,7050,1800
2022-02-11 11:03:00,7050,7025,7050,7025,13100
2022-02-11 11:04:00,7025,7025,7025,7025,200
2022-02-11 11:05:00,7050,7050,7050,7050,200
2022-02-11 11:06:00,7025,7025,7050,7050,1300
2022-02-11 11:07:00,7050,7050,7050,7050,1100
2022-02-11 11:08:00,7050,7050,7050,7050,500
2022-02-11 11:09:00,7050,7050,7050,7050,1700
2022-02-11 11:10:00,7050,7050,7050,7050,0
2022-02-11 11:11:00,7050,7050,7050,7050,0
2022-02-11 11:12:00,7025,7025,7050,7025,1100
2022-02-11 11:13:00,7025,7025,7050,7050,1100
2022-02-11 11:14:00,7025,7025,7050,7050,3100
2022-02-11 11:15:00,7025,7025,7050,7050,0
2022-02-11 11:16:00,7050,7050,7050,7050,500
2022-02-11 11:17:00,7050,7025,7050,7025,1500
2022-02-11 11:18:00,7050,7025,7050,7025,5800
2022-02-11 11:19:00,7050,7050,7050,7050,800
2022-02-11 11:20:00,7025,7025,7025,7025,2400
2022-02-11 11:21:00,7025,7025,7050,7050,700
2022-02-11 11:22:00,7025,7025,7050,7050,1700
2022-02-11 11:23:00,7025,7025,7050,7050,0
2022-02-11 11:24:00,7025,7025,7025,7025,500
2022-02-11 11:25:00,7050,7025,7050,7025,400
2022-02-11 11:26:00,7050,7025,7050,7025,1600
2022-02-11 11:27:00,7025,7025,7025,7025,500
2022-02-11 11:28:00,7025,7025,7025,7025,0
2022-02-11 11:29:00,7050,7025,7050,7050,1000
2022-02-11 11:30:00,7050,7025,7050,7050,0
2022-02-11 11:31:00,7050,7025,7050,7050,0
2022-02-11 11:32:00,7050,7025,7050,7050,0
2022-02-11 11:33:00,7050,7025,7050,7050,0
2022-02-11 11:34:00,7050,7025,7050,7050,0
2022-02-11 11:35:00,7050,7025,7050,7050,0
2022-02-11 11:36:00,7050,7025,7050,7050,0
2022-02-11 11:37:00,7050,7025,7050,7050,0
2022-02-11 11:38:00,7050,7025,7050,7050,0
2022-02-11 11:39:00,7050,7025,7050,7050,0
2022-02-11 11:40:00,7050,7025,7050,7050,0
2022-02-11 11:41:00,7050,7025,7050,7050,0
2022-02-11 11:42:00,7050,7025,7050,7050,0
2022-02-11 11:43:00,7050,7025,7050,7050,0
2022-02-11 11:44:00,7050,7025,7050,7050,0
2022-02-11 11:45:00,7050,7025,7050,7050,0
2022-02-11 11:46:00,7050,7025,7050,7050,0
2022-02-11 11:47:00,7050,7025,7050,7050,0
2022-02-11 11:48:00,7050,7025,7050,7050,0
2022-02-11 11:49:00,7050,7025,7050,7050,0
2022-02-11 11:50:00,7050,7025,7050,7050,0
2022-02-11 11:51:00,7050,7025,7050,7050,0
2022-02-11 11:52:00,7050,7025,7050,7050,0
2022-02-11 11:53:00,7050,7025,7050,7050,0
2022-02-11 11:54:00,7050,7025,7050,7050,0
2022-02-11 11:55:00,7050,7025,7050,7050,0
2022-02-11 11:56:00,7050,7025,7050,7050,0
2022-02-11 11:57:00,7050,7025,7050,7050,0
2022-02-11 11:58:00,7050,7025,7050,7050,0
2022-02-11 11:59:00,7050,7025,7050,7050,0
2022-02-11 12:00:00,7050,7025,7050,7050,0
2022-02-11 12:01:00,7050,7025,7050,7050,0
2022-02-11 12:02:00,7050,7025,7050,7050,0
2022-02-11 12:03:00,7050,7025,7050,7050,0
2022-02-11 12:04:00,7050,7025,7050,7050,0
2022-02-11 12:05:00,7050,7025,7050,7050,0
2022-02-11 12:06:00,7050,7025,7050,7050,0
2022-02-11 12:07:00,7050,7025,7050,7050,0
2022-02-11 12:08:00,7050,7025,7050,7050,0
2022-02-11 12:09:00,7050,7025,7050,7050,0
2022-02-11 12:10:00,7050,7025,7050,7050,0
2022-02-11 12:11:00,7050,7025,7050,7050,0
2022-02-11 12:12:00,7050,7025,7050,7050,0
2022-02-11 12:13:00,7050,7025,7050,7050,0
2022-02-11 12:14:00,7050,7025,7050,7050,0
2022-02-11 12:15:00,7050,7025,7050,7050,0
2022-02-11 12:16:00,7050,7025,7050,7050,0
2022-02-11 12:17:00,7050,7025,7050,7050,0
2022-02-11 12:18:00,7050,7025,7050,7050,0
2022-02-11 12:19:00,7050,7025,7050,7050,0
2022-02-11 12:20:00,7050,7025,7050,7050,0
2022-02-11 12:21:00,7050,7025,7050,7050,0
2022-02-11 12:22:00,7050,7025,7050,7050,0
2022-02-11 12:23:00,7050,7025,7050,7050,0
2022-02-11 12:24:00,7050,7025,7050,7050,0
2022-02-11 12:25:00,7050,7025,7050,7050,0
2022-02-11 12:26:00,7050,7025,7050,7050,0
2022-02-11 12:27:00,7050,7025,7050,7050,0
2022-02-11 12:28:00,7050,7025,7050,7050,0
2022-02-11 12:29:00,7050,7025,7050,7050,0
2022-02-11 12:30:00,7050,7025,7050,7050,0
2022-02-11 12:31:00,7050,7025,7050,7050,0
2022-02-11 12:32:00,7050,7025,7050,7050,0
2022-02-11 12:33:00,7050,7025,7050,7050,0
2022-02-11 12:34:00,7050,7025,7050,7050,0
2022-02-11 12:35:00,7050,7025,7050,7050,0
2022-02-11 12:36:00,7050,7025,7050,7050,0
2022-02-11 12:37:00,7050,7025,7050,7050,0
2022-02-11 12:38:00,7050,7025,7050,7050,0
2022-02-11 12:39:00,7050,7025,7050,7050,0
2022-02-11 12:40:00,7050,7025,7050,7050,0
2022-02-11 12:41:00,7050,7025,7050,7050,0
2022-02-11 12:42:00,7050,7025,7050,7050,0
2022-02-11 12:43:00,7050,7025,7050,7050,0
2022-02-11 12:44:00,7050,7025,7050,7050,0
2022-02-11 12:45:00,7050,7025,7050,7050,0
2022-02-11 12:46:00,7050,7025,7050,7050,0
2022-02-11 12:47:00,7050,7025,7050,7050,0
2022-02-11 12:48:00,7050,7025,7050,7050,0
2022-02-11 12:49:00,7050,7025,7050,7050,0
2022-02-11 12:50:00,7050,7025,7050,7050,0
2022-02-11 12:51:00,7050,7025,7050,7050,0
2022-02-11 12:52:00,7050,7025,7050,7050,0
2022-02-11 12:53:00,7050,7025,7050,7050,0
2022-02-11 12:54:00,7050,7025,7050,7050,0
2022-02-11 12:55:00,7050,7025,7050,7050,0
2022-02-11 12:56:00,7050,7025,7050,7050,0
2022-02-11 12:57:00,7050,7025,7050,7050,0
2022-02-11 12:58:00,7050,7025,7050,7050,0
2022-02-11 12:59:00,7050,7025,7050,7050,0
2022-02-11 13:00:00,7050,7025,7050,7050,0
2022-02-11 13:01:00,7050,7025,7050,7050,0
2022-02-11 13:02:00,7050,7025,7050,7050,0
2022-02-11 13:03:00,7050,7025,7050,7050,0
2022-02-11 13:04:00,7050,7025,7050,7050,0
2022-02-11 13:05:00,7050,7025,7050,7050,0
2022-02-11 13:06:00,7050,7025,7050,7050,0
2022-02-11 13:07:00,7050,7025,7050,7050,0
2022-02-11 13:08:00,7050,7025,7050,7050,0
2022-02-11 13:09:00,7050,7025,7050,7050,0
2022-02-11 13:10:00,7050,7025,7050,7050,0
2022-02-11 13:11:00,7050,7025,7050,7050,0
2022-02-11 13:12:00,7050,7025,7050,7050,0
2022-02-11 13:13:00,7050,7025,7050,7050,0
2022-02-11 13:14:00,7050,7025,7050,7050,0
2022-02-11 13:15:00,7050,7025,7050,7050,0
2022-02-11 13:16:00,7050,7025,7050,7050,0
2022-02-11 13:17:00,7050,7025,7050,7050,0
2022-02-11 13:18:00,7050,7025,7050,7050,0
2022-02-11 13:19:00,7050,7025,7050,7050,0
2022-02-11 13:20:00,7050,7025,7050,7050,0
2022-02-11 13:21:00,7050,7025,7050,7050,0
2022-02-11 13:22:00,7050,7025,7050,7050,0
2022-02-11 13:23:00,7050,7025,7050,7050,0
2022-02-11 13:24:00,7050,7025,7050,7050,0
2022-02-11 13:25:00,7050,7025,7050,7050,0
2022-02-11 13:26:00,7050,7025,7050,7050,0
2022-02-11 13:27:00,7050,7025,7050,7050,0
2022-02-11 13:28:00,7050,7025,7050,7050,0
2022-02-11 13:29:00,7050,7025,7050,7050,0
2022-02-11 13:30:00,7025,7025,7050,7050,53500
2022-02-11 13:31:00,7025,7025,7050,7050,0
2022-02-11 13:32:00,7025,7025,7025,7025,600
2022-02-11 13:33:00,7025,7025,7025,7025,16000
2022-02-11 13:34:00,7025,7025,7025,7025,7300
2022-02-11 13:35:00,7025,7025,7025,7025,36900
2022-02-11 13:36:00,7025,7025,7025,7025,10300
2022-02-11 13:37:00,7000,7000,7000,7000,500
2022-02-11 13:38:00,7000,7000,7000,7000,100
2022-02-11 13:39:00,7000,7000,7000,7000,2700
2022-02-11 13:40:00,7000,7000,7000,7000,0
2022-02-11 13:41:00,7000,7000,7000,7000,0
2022-02-11 13:42:00,7000,7000,7025,7025,600
2022-02-11 13:43:00,7025,7025,7025,7025,2000
2022-02-11 13:44:00,7025,7025,7025,7025,10500
2022-02-11 13:45:00,7025,7025,7025,7025,0
2022-02-11 13:46:00,7025,7025,7025,7025,2300
2022-02-11 13:47:00,7025,7025,7025,7025,0
2022-02-11 13:48:00,7025,7025,7025,7025,31700
2022-02-11 13:49:00,7050,7050,7050,7050,160300
2022-02-11 13:50:00,7050,7050,7050,7050,1400
2022-02-11 13:51:00,7050,7050,7050,7050,2500
2022-02-11 13:52:00,7050,7050,7050,7050,5100
2022-02-11 13:53:00,7025,7025,7025,7025,500
2022-02-11 13:54:00,7025,7025,7025,7025,0
2022-02-11 13:55:00,7025,7025,7025,7025,500
2022-02-11 13:56:00,7025,7025,7025,7025,100
2022-02-11 13:57:00,7025,7025,7025,7025,1300
2022-02-11 13:58:00,7025,7025,7025,7025,0
2022-02-11 13:59:00,7025,7025,7050,7050,200
2022-02-11 14:00:00,7050,7025,7075,7050,32700
2022-02-11 14:01:00,7050,7050,7050,7050,5200
2022-02-11 14:02:00,7050,7050,7050,7050,6300
2022-02-11 14:03:00,7075,7075,7075,7075,3600
2022-02-11 14:04:00,7050,7050,7075,7075,700
2022-02-11 14:05:00,7050,7050,7050,7050,3200
2022-02-11 14:06:00,7050,7050,7050,7050,0
2022-02-11 14:07:00,7025,7025,7050,7025,2600
2022-02-11 14:08:00,7050,7050,7050,7050,1400
2022-02-11 14:09:00,7050,7025,7050,7025,700
2022-02-11 14:10:00,7050,7050,7050,7050,5300
2022-02-11 14:11:00,7050,7025,7050,7025,1100
2022-02-11 14:12:00,7050,7025,7050,7025,0
2022-02-11 14:13:00,7050,7050,7050,7050,400
2022-02-11 14:14:00,7025,7025,7050,7025,1700
2022-02-11 14:15:00,7050,7025,7050,7025,13100
2022-02-11 14:16:00,7025,7025,7050,7050,900
2022-02-11 14:17:00,7050,7050,7050,7050,31200
2022-02-11 14:18:00,7050,7025,7050,7025,2300
2022-02-11 14:19:00,7050,7025,7050,7025,0
2022-02-11 14:20:00,7050,7025,7050,7025,0
2022-02-11 14:21:00,7025,7025,7050,7025,4000
2022-02-11 14:22:00,7050,7050,7050,7050,400
2022-02-11 14:23:00,7050,7025,7050,7050,5700
2022-02-11 14:24:00,7050,7050,7050,7050,100
2022-02-11 14:25:00,7050,7025,7050,7025,900
2022-02-11 14:26:00,7050,7025,7050,7025,4000
2022-02-11 14:27:00,7050,7025,7050,7025,0
2022-02-11 14:28:00,7025,7025,7050,7050,5000
2022-02-11 14:29:00,7050,7050,7050,7050,200
2022-02-11 14:30:00,7050,7025,7050,7025,4900
2022-02-11 14:31:00,7050,7050,7050,7050,1600
2022-02-11 14:32:00,7050,7025,7050,7025,1400
2022-02-11 14:33:00,7050,7050,7050,7050,1100
2022-02-11 14:34:00,7050,7050,7050,7050,4700
2022-02-11 14:35:00,7025,7025,7025,7025,500
2022-02-11 14:36:00,7025,7025,7025,7025,0
2022-02-11 14:37:00,7025,7025,7025,7025,400
2022-02-11 14:38:00,7050,7025,7050,7025,13200
2022-02-11 14:39:00,7025,7025,7025,7025,19500
2022-02-11 14:40:00,7050,7025,7050,7050,6800
2022-02-11 14:41:00,7025,7025,7025,7025,500
2022-02-11 14:42:00,7025,7025,7025,7025,1300
2022-02-11 14:43:00,7025,7025,7025,7025,10100
2022-02-11 14:44:00,7025,7025,7050,7050,2700
2022-02-11 14:45:00,7050,7050,7050,7050,6300
2022-02-11 14:46:00,7050,7025,7050,7025,20600
2022-02-11 14:47:00,7025,7025,7050,7025,22400
2022-02-11 14:48:00,7050,7050,7050,7050,4400
2022-02-11 14:49:00,7050,7050,7050,7050,4700
2022-02-11 14:50:00,7050,7050,7050,7050,0
2022-02-11 14:51:00,7050,7050,7050,7050,0
2022-02-11 14:52:00,7050,7050,7050,7050,0
2022-02-11 14:53:00,7050,7050,7050,7050,0
2022-02-11 14:54:00,7050,7050,7050,7050,0
2022-02-11 14:55:00,7050,7050,7050,7050,0
2022-02-11 14:56:00,7050,7050,7050,7050,0
2022-02-11 14:57:00,7050,7050,7050,7050,0
2022-02-11 14:58:00,7050,7050,7050,7050,0
2022-02-11 14:59:00,7050,7050,7050,7050,0
2022-02-11 15:00:00,7050,7050,7050,7050,96800
2022-02-11 15:01:00,7050,7050,7050,7050,55500
2022-02-11 15:02:00,7050,7050,7050,7050,300
2022-02-11 15:03:00,7050,7050,7050,7050,5700
2022-02-11 15:04:00,7050,7050,7050,7050,1000
2022-02-11 15:05:00,7050,7050,7050,7050,24300
2022-02-11 15:06:00,7050,7050,7050,7050,0
2022-02-11 15:07:00,7050,7050,7050,7050,2600
2022-02-11 15:08:00,7050,7050,7050,7050,3000
2022-02-11 15:09:00,7050,7050,7050,7050,0
2022-02-11 15:10:00,7050,7050,7050,7050,0
2022-02-11 15:11:00,7050,7050,7050,7050,1200
2022-02-11 15:12:00,7050,7050,7050,7050,2900
2022-02-11 15:13:00,7050,7050,7050,7050,1100
2022-02-11 15:14:00,7050,7050,7050,7050,100
2022-02-11 15:15:00,7050,7050,7050,7050,0
2022-02-11 15:16:00,7050,7050,7050,7050,0
2022-02-11 15:17:00,7050,7050,7050,7050,0
2022-02-11 15:18:00,7050,7050,7050,7050,0
2022-02-11 15:19:00,7050,7050,7050,7050,0
2022-02-11 15:20:00,7050,7050,7050,7050,0
2022-02-11 15:21:00,7050,7050,7050,7050,0
2022-02-11 15:22:00,7050,7050,7050,7050,0
2022-02-11 15:23:00,7050,7050,7050,7050,0
2022-02-11 15:24:00,7050,7050,7050,7050,0
2022-02-11 15:25:00,7050,7050,7050,7050,0
2022-02-11 15:26:00,7050,7050,7050,7050,0
2022-02-11 15:27:00,7050,7050,7050,7050,0
2022-02-11 15:28:00,7050,7050,7050,7050,0
2022-02-11 15:29:00,7050,7050,7050,7050,0
2022-02-11 15:30:00,7050,7050,7050,7050,0
2022-02-11 15:31:00,7050,7050,7050,7050,0
2022-02-11 15:32:00,7050,7050,7050,7050,0
2022-02-11 15:33:00,7050,7050,7050,7050,0
2022-02-11 15:34:00,7050,7050,7050,7050,0
2022-02-11 15:35:00,7050,7050,7050,7050,0
2022-02-11 15:36:00,7050,7050,7050,7050,0
2022-02-11 15:37:00,7050,7050,7050,7050,0
2022-02-11 15:38:00,7050,7050,7050,7050,0
2022-02-11 15:39:00,7050,7050,7050,7050,0
2022-02-11 15:40:00,7050,7050,7050,7050,0
2022-02-11 15:41:00,7050,7050,7050,7050,0
2022-02-11 15:42:00,7050,7050,7050,7050,0
2022-02-11 15:43:00,7050,7050,7050,7050,0
2022-02-11 15:44:00,7050,7050,7050,7050,0
2022-02-11 15:45:00,7050,7050,7050,7050,0
2022-02-11 15:46:00,7050,7050,7050,7050,0
2022-02-11 15:47:00,7050,7050,7050,7050,0
2022-02-11 15:48:00,7050,7050,7050,7050,0
2022-02-11 15:49:00,7050,7050,7050,7050,0
2022-02-11 15:50:00,7050,7050,7050,7050,0
2022-02-11 15:51:00,7050,7050,7050,7050,0
2022-02-11 15:52:00,7050,7050,7050,7050,0
2022-02-11 15:53:00,7050,7050,7050,7050,0
2022-02-11 15:54:00,7050,7050,7050,7050,0
2022-02-11 15:55:00,7050,7050,7050,7050,0
2022-02-11 15:56:00,7050,7050,7050,7050,0
2022-02-11 15:57:00,7050,7050,7050,7050,0
2022-02-11 15:58:00,7050,7050,7050,7050,0
2022-02-11 15:59:00,7050,7050,7050,7050,0
2022-02-14 09:00:00,7025,7025,7050,7050,6900
2022-02-14 09:01:00,7025,7025,7025,7025,24800
2022-02-14 09:02:00,7025,7025,7025,7025,6000
2022-02-14 09:03:00,7025,7025,7025,7025,1500
2022-02-14 09:04:00,7000,7000,7025,7000,20100
2022-02-14 09:05:00,7000,7000,7025,7000,6600
2022-02-14 09:06:00,7000,6975,7000,6975,349700
2022-02-14 09:07:00,6975,6975,7000,7000,8600
2022-02-14 09:08:00,6975,6950,6975,6975,8800
2022-02-14 09:09:00,6975,6950,6975,6950,21600
2022-02-14 09:10:00,6950,6950,6950,6950,19800
2022-02-14 09:11:00,6975,6950,6975,6950,3800
2022-02-14 09:12:00,6950,6925,6950,6950,16700
2022-02-14 09:13:00,6950,6925,6950,6950,22900
2022-02-14 09:14:00,6950,6950,6950,6950,3200
2022-02-14 09:15:00,6950,6925,6950,6925,5000
2022-02-14 09:16:00,6950,6950,6950,6950,2100
2022-02-14 09:17:00,6950,6925,6950,6925,6600
2022-02-14 09:18:00,6950,6950,6950,6950,8600
2022-02-14 09:19:00,6950,6950,6950,6950,16200
2022-02-14 09:20:00,6950,6950,6950,6950,19900
2022-02-14 09:21:00,6950,6950,6950,6950,600
2022-02-14 09:22:00,6950,6925,6950,6925,3400
2022-02-14 09:23:00,6925,6925,6950,6950,9900
2022-02-14 09:24:00,6925,6925,6950,6925,111900
2022-02-14 09:25:00,6950,6925,6950,6950,31400
2022-02-14 09:26:00,6925,6925,6925,6925,11500
2022-02-14 09:27:00,6950,6925,6950,6950,4000
2022-02-14 09:28:00,6950,6925,6950,6950,5900
2022-02-14 09:29:00,6950,6950,6950,6950,10800
2022-02-14 09:30:00,6950,6925,6950,6925,1100
2022-02-14 09:31:00,6925,6925,6925,6925,1200
2022-02-14 09:32:00,6950,6950,6950,6950,600
2022-02-14 09:33:00,6950,6950,6950,6950,600
2022-02-14 09:34:00,6925,6925,6950,6950,3900
2022-02-14 09:35:00,6950,6950,6950,6950,12700
2022-02-14 09:36:00,6950,6950,6950,6950,23600
2022-02-14 09:37:00,6950,6950,6950,6950,1500
2022-02-14 09:38:00,6950,6950,6950,6950,11400
2022-02-14 09:39:00,6975,6975,6975,6975,1000
2022-02-14 09:40:00,6950,6950,6975,6975,900
2022-02-14 09:41:00,6975,6950,6975,6975,800
2022-02-14 09:42:00,6975,6950,6975,6975,0
2022-02-14 09:43:00,6950,6950,6950,6950,35200
2022-02-14 09:44:00,6950,6950,6950,6950,300
2022-02-14 09:45:00,6950,6950,6950,6950,46700
2022-02-14 09:46:00,6950,6950,6950,6950,29900
2022-02-14 09:47:00,6950,6950,6950,6950,2100
2022-02-14 09:48:00,6925,6925,6925,6925,151800
2022-02-14 09:49:00,6925,6925,6925,6925,3400
2022-02-14 09:50:00,6925,6925,6925,6925,0
2022-02-14 09:51:00,6925,6925,6925,6925,0
2022-02-14 09:52:00,6925,6925,6925,6925,0
2022-02-14 09:53:00,6925,6925,6925,6925,4100
2022-02-14 09:54:00,6925,6925,6950,6950,15200
2022-02-14 09:55:00,6925,6925,6925,6925,5900
2022-02-14 09:56:00,6925,6925,6925,6925,18900
2022-02-14 09:57:00,6925,6925,6925,6925,0
2022-02-14 09:58:00,6925,6925,6925,6925,0
2022-02-14 09:59:00,6925,6925,6925,6925,0
2022-02-14 10:00:00,6925,6925,6950,6950,4500
2022-02-14 10:01:00,6950,6950,6950,6950,100
2022-02-14 10:02:00,6950,6950,6950,6950,0
2022-02-14 10:03:00,6925,6925,6925,6925,700
2022-02-14 10:04:00,6925,6925,6925,6925,100
2022-02-14 10:05:00,6925,6925,6925,6925,0
2022-02-14 10:06:00,6925,6925,6925,6925,11000
2022-02-14 10:07:00,6925,6925,6925,6925,300
2022-02-14 10:08:00,6925,6925,6925,6925,2700
2022-02-14 10:09:00,6925,6925,6925,6925,300
2022-02-14 10:10:00,6925,6925,6925,6925,1200
2022-02-14 10:11:00,6925,6925,6925,6925,0
2022-02-14 10:12:00,6925,6925,6925,6925,0
2022-02-14 10:13:00,6925,6925,6950,6950,1500
2022-02-14 10:14:00,6950,6950,6950,6950,300
2022-02-14 10:15:00,6950,6950,6950,6950,500
2022-02-14 10:16:00,6950,6950,6950,6950,0
2022-02-14 10:17:00,6950,6950,6950,6950,1100
2022-02-14 10:18:00,6950,6950,6950,6950,300
2022-02-14 10:19:00,6950,6950,6950,6950,0
2022-02-14 10:20:00,6950,6950,6950,6950,100
2022-02-14 10:21:00,6925,6925,6925,6925,800
2022-02-14 10:22:00,6925,6925,6950,6950,600
2022-02-14 10:23:00,6950,6950,6950,6950,100
2022-02-14 10:24:00,6950,6950,6950,6950,0
2022-02-14 10:25:00,6950,6950,6950,6950,300
2022-02-14 10:26:00,6950,6950,6950,6950,100
2022-02-14 10:27:00,6925,6925,6925,6925,8400
2022-02-14 10:28:00,6925,6925,6950,6950,2600
2022-02-14 10:29:00,6950,6925,6950,6925,1100
2022-02-14 10:30:00,6925,6925,6925,6925,100
2022-02-14 10:31:00,6950,6925,6950,6925,1400
2022-02-14 10:32:00,6950,6950,6950,6950,100
2022-02-14 10:33:00,6950,6925,6950,6925,2900
2022-02-14 10:34:00,6925,6925,6950,6950,300
2022-02-14 10:35:00,6950,6950,6950,6950,100
2022-02-14 10:36:00,6950,6925,6950,6925,700
2022-02-14 10:37:00,6950,6950,6950,6950,100
2022-02-14 10:38:00,6925,6925,6925,6925,2500
2022-02-14 10:39:00,6925,6925,6925,6925,13800
2022-02-14 10:40:00,6950,6950,6950,6950,100
2022-02-14 10:41:00,6950,6950,6950,6950,100
2022-02-14 10:42:00,6925,6925,6925,6925,400
2022-02-14 10:43:00,6925,6925,6925,6925,1000
2022-02-14 10:44:00,6925,6925,6950,6925,4700
2022-02-14 10:45:00,6925,6925,6925,6925,100
2022-02-14 10:46:00,6925,6925,6925,6925,0
2022-02-14 10:47:00,6950,6925,6950,6925,98700
2022-02-14 10:48:00,6925,6925,6925,6925,900
2022-02-14 10:49:00,6925,6900,6925,6900,14100
2022-02-14 10:50:00,6900,6900,6900,6900,100
2022-02-14 10:51:00,6925,6925,6925,6925,200
2022-02-14 10:52:00,6925,6900,6925,6925,700
2022-02-14 10:53:00,6925,6925,6925,6925,400
2022-02-14 10:54:00,6925,6925,6925,6925,10500
2022-02-14 10:55:00,6925,6900,6925,6900,13000
2022-02-14 10:56:00,6925,6900,6925,6925,8300
2022-02-14 10:57:00,6925,6925,6925,6925,800
2022-02-14 10:58:00,6925,6925,6925,6925,500
2022-02-14 10:59:00,6925,6925,6925,6925,100
2022-02-14 11:00:00,6925,6925,6925,6925,14100
2022-02-14 11:01:00,6900,6900,6900,6900,4200
2022-02-14 11:02:00,6925,6925,6925,6925,3500
2022-02-14 11:03:00,6925,6900,6925,6925,7000
2022-02-14 11:04:00,6925,6925,6925,6925,1100
2022-02-14 11:05:00,6925,6925,6925,6925,200
2022-02-14 11:06:00,6925,6925,6925,6925,400
2022-02-14 11:07:00,6925,6900,6925,6925,6100
2022-02-14 11:08:00,6925,6900,6925,6925,0
2022-02-14 11:09:00,6900,6900,6900,6900,300
2022-02-14 11:10:00,6925,6900,6925,6900,4300
2022-02-14 11:11:00,6925,6925,6925,6925,1500
2022-02-14 11:12:00,6925,6925,6925,6925,900
2022-02-14 11:13:00,6925,6925,6925,6925,300
2022-02-14 11:14:00,6925,6900,6925,6925,2500
2022-02-14 11:15:00,6925,6900,6925,6900,400
2022-02-14 11:16:00,6925,6925,6925,6925,1100
2022-02-14 11:17:00,6925,6925,6925,6925,100
2022-02-14 11:18:00,6925,6925,6925,6925,1100
2022-02-14 11:19:00,6925,6925,6925,6925,200
2022-02-14 11:20:00,6925,6925,6925,6925,100
2022-02-14 11:21:00,6925,6925,6925,6925,700
2022-02-14 11:22:00,6925,6925,6925,6925,500
2022-02-14 11:23:00,6925,6925,6925,6925,100
2022-02-14 11:24:00,6925,6925,6925,6925,0
2022-02-14 11:25:00,6925,6925,6925,6925,5300
2022-02-14 11:26:00,6925,6925,6925,6925,300
2022-02-14 11:27:00,6925,6925,6925,6925,1600
2022-02-14 11:28:00,6925,6900,6925,6900,2200
2022-02-14 11:29:00,6925,6900,6925,6900,0
2022-02-14 11:30:00,6925,6900,6925,6900,0
2022-02-14 11:31:00,6925,6900,6925,6900,0
2022-02-14 11:32:00,6925,6900,6925,6900,0
2022-02-14 11:33:00,6925,6900,6925,6900,0
2022-02-14 11:34:00,6925,6900,6925,6900,0
2022-02-14 11:35:00,6925,6900,6925,6900,0
2022-02-14 11:36:00,6925,6900,6925,6900,0
2022-02-14 11:37:00,6925,6900,6925,6900,0
2022-02-14 11:38:00,6925,6900,6925,6900,0
2022-02-14 11:39:00,6925,6900,6925,6900,0
2022-02-14 11:40:00,6925,6900,6925,6900,0
2022-02-14 11:41:00,6925,6900,6925,6900,0
2022-02-14 11:42:00,6925,6900,6925,6900,0
2022-02-14 11:43:00,6925,6900,6925,6900,0
2022-02-14 11:44:00,6925,6900,6925,6900,0
2022-02-14 11:45:00,6925,6900,6925,6900,0
2022-02-14 11:46:00,6925,6900,6925,6900,0
2022-02-14 11:47:00,6925,6900,6925,6900,0
2022-02-14 11:48:00,6925,6900,6925,6900,0
2022-02-14 11:49:00,6925,6900,6925,6900,0
2022-02-14 11:50:00,6925,6900,6925,6900,0
2022-02-14 11:51:00,6925,6900,6925,6900,0
2022-02-14 11:52:00,6925,6900,6925,6900,0
2022-02-14 11:53:00,6925,6900,6925,6900,0
2022-02-14 11:54:00,6925,6900,6925,6900,0
2022-02-14 11:55:00,6925,6900,6925,6900,0
2022-02-14 11:56:00,6925,6900,6925,6900,0
2022-02-14 11:57:00,6925,6900,6925,6900,0
2022-02-14 11:58:00,6925,6900,6925,6900,0
2022-02-14 11:59:00,6925,6900,6925,6900,0
2022-02-14 12:00:00,6925,6900,6925,6900,0
2022-02-14 12:01:00,6925,6900,6925,6900,0
2022-02-14 12:02:00,6925,6900,6925,6900,0
2022-02-14 12:03:00,6925,6900,6925,6900,0
2022-02-14 12:04:00,6925,6900,6925,6900,0
2022-02-14 12:05:00,6925,6900,6925,6900,0
2022-02-14 12:06:00,6925,6900,6925,6900,0
2022-02-14 12:07:00,6925,6900,6925,6900,0
2022-02-14 12:08:00,6925,6900,6925,6900,0
2022-02-14 12:09:00,6925,6900,6925,6900,0
2022-02-14 12:10:00,6925,6900,6925,6900,0
2022-02-14 12:11:00,6925,6900,6925,6900,0
2022-02-14 12:12:00,6925,6900,6925,6900,0
2022-02-14 12:13:00,6925,6900,6925,6900,0
2022-02-14 12:14:00,6925,6900,6925,6900,0
2022-02-14 12:15:00,6925,6900,6925,6900,0
2022-02-14 12:16:00,6925,6900,6925,6900,0
2022-02-14 12:17:00,6925,6900,6925,6900,0
2022-02-14 12:18:00,6925,6900,6925,6900,0
2022-02-14 12:19:00,6925,6900,6925,6900,0
2022-02-14 12:20:00,6925,6900,6925,6900,0
2022-02-14 12:21:00,6925,6900,6925,6900,0
2022-02-14 12:22:00,6925,6900,6925,6900,0
2022-02-14 12:23:00,6925,6900,6925,6900,0
2022-02-14 12:24:00,6925,6900,6925,6900,0
2022-02-14 12:25:00,6925,6900,6925,6900,0
2022-02-14 12:26:00,6925,6900,6925,6900,0
2022-02-14 12:27:00,6925,6900,6925,6900,0
2022-02-14 12:28:00,6925,6900,6925,6900,0
2022-02-14 12:29:00,6925,6900,6925,6900,0
2022-02-14 12:30:00,6925,6900,6925,6900,0
2022-02-14 12:31:00,6925,6900,6925,6900,0
2022-02-14 12:32:00,6925,6900,6925,6900,0
2022-02-14 12:33:00,6925,6900,6925,6900,0
2022-02-14 12:34:00,6925,6900,6925,6900,0
2022-02-14 12:35:00,6925,6900,6925,6900,0
2022-02-14 12:36:00,6925,6900,6925,6900,0
2022-02-14 12:37:00,6925,6900,6925,6900,0
2022-02-14 12:38:00,6925,6900,6925,6900,0
2022-02-14 12:39:00,6925,6900,6925,6900,0
2022-02-14 12:40:00,6925,6900,6925,6900,0
2022-02-14 12:41:00,6925,6900,6925,6900,0
2022-02-14 12:42:00,6925,6900,6925,6900,0
2022-02-14 12:43:00,6925,6900,6925,6900,0
2022-02-14 12:44:00,6925,6900,6925,6900,0
2022-02-14 12:45:00,6925,6900,6925,6900,0
2022-02-14 12:46:00,6925,6900,6925,6900,0
2022-02-14 12:47:00,6925,6900,6925,6900,0
2022-02-14 12:48:00,6925,6900,6925,6900,0
2022-02-14 12:49:00,6925,6900,6925,6900,0
2022-02-14 12:50:00,6925,6900,6925,6900,0
2022-02-14 12:51:00,6925,6900,6925,6900,0
2022-02-14 12:52:00,6925,6900,6925,6900,0
2022-02-14 12:53:00,6925,6900,6925,6900,0
2022-02-14 12:54:00,6925,6900,6925,6900,0
2022-02-14 12:55:00,6925,6900,6925,6900,0
2022-02-14 12:56:00,6925,6900,6925,6900,0
2022-02-14 12:57:00,6925,6900,6925,6900,0
2022-02-14 12:58:00,6925,6900,6925,6900,0
2022-02-14 12:59:00,6925,6900,6925,6900,0
2022-02-14 13:00:00,6925,6900,6925,6900,0
2022-02-14 13:01:00,6925,6900,6925,6900,0
2022-02-14 13:02:00,6925,6900,6925,6900,0
2022-02-14 13:03:00,6925,6900,6925,6900,0
2022-02-14 13:04:00,6925,6900,6925,6900,0
2022-02-14 13:05:00,6925,6900,6925,6900,0
2022-02-14 13:06:00,6925,6900,6925,6900,0
2022-02-14 13:07:00,6925,6900,6925,6900,0
2022-02-14 13:08:00,6925,6900,6925,6900,0
2022-02-14 13:09:00,6925,6900,6925,6900,0
2022-02-14 13:10:00,6925,6900,6925,6900,0
2022-02-14 13:11:00,6925,6900,6925,6900,0
2022-02-14 13:12:00,6925,6900,6925,6900,0
2022-02-14 13:13:00,6925,6900,6925,6900,0
2022-02-14 13:14:00,6925,6900,6925,6900,0
2022-02-14 13:15:00,6925,6900,6925,6900,0
2022-02-14 13:16:00,6925,6900,6925,6900,0
2022-02-14 13:17:00,6925,6900,6925,6900,0
2022-02-14 13:18:00,6925,6900,6925,6900,0
2022-02-14 13:19:00,6925,6900,6925,6900,0
2022-02-14 13:20:00,6925,6900,6925,6900,0
2022-02-14 13:21:00,6925,6900,6925,6900,0
2022-02-14 13:22:00,6925,6900,6925,6900,0
2022-02-14 13:23:00,6925,6900,6925,6900,0
2022-02-14 13:24:00,6925,6900,6925,6900,0
2022-02-14 13:25:00,6925,6900,6925,6900,0
2022-02-14 13:26:00,6925,6900,6925,6900,0
2022-02-14 13:27:00,6925,6900,6925,6900,0
2022-02-14 13:28:00,6925,6900,6925,6900,0
2022-02-14 13:29:00,6925,6900,6925,6900,0
2022-02-14 13:30:00,6925,6900,6925,6925,19000
2022-02-14 13:31:00,6925,6925,6925,6925,1000
2022-02-14 13:32:00,6900,6900,6900,6900,400
2022-02-14 13:33:00,6900,6900,6900,6900,0
2022-02-14 13:34:00,6925,6900,6925,6900,1700
2022-02-14 13:35:00,6925,6925,6925,6925,13000
2022-02-14 13:36:00,6925,6925,6925,6925,1600
2022-02-14 13:37:00,6925,6925,6925,6925,5500
2022-02-14 13:38:00,6925,6925,6925,6925,0
2022-02-14 13:39:00,6925,6925,6925,6925,0
2022-02-14 13:40:00,6925,6925,6925,6925,0
2022-02-14 13:41:00,6925,6925,6925,6925,400
2022-02-14 13:42:00,6925,6925,6925,6925,0
2022-02-14 13:43:00,6925,6925,6925,6925,10700
2022-02-14 13:44:00,6925,6925,6925,6925,8000
2022-02-14 13:45:00,6925,6900,6925,6900,22100
2022-02-14 13:46:00,6925,6900,6925,6900,0
2022-02-14 13:47:00,6925,6925,6925,6925,100
2022-02-14 13:48:00,6925,6925,6925,6925,100
2022-02-14 13:49:00,6925,6925,6925,6925,1100
2022-02-14 13:50:00,6925,6900,6925,6900,5700
2022-02-14 13:51:00,6925,6925,6925,6925,600
2022-02-14 13:52:00,6925,6925,6925,6925,1300
2022-02-14 13:53:00,6900,6900,6925,6925,20000
2022-02-14 13:54:00,6900,6900,6925,6925,0
2022-02-14 13:55:00,6925,6925,6925,6925,1500
2022-02-14 13:56:00,6900,6900,6925,6900,2200
2022-02-14 13:57:00,6925,6925,6925,6925,5000
2022-02-14 13:58:00,6900,6900,6925,6900,9400
2022-02-14 13:59:00,6925,6925,6925,6925,2500
2022-02-14 14:00:00,6925,6925,6925,6925,500
2022-02-14 14:01:00,6925,6925,6925,6925,1600
2022-02-14 14:02:00,6925,6925,6925,6925,6000
2022-02-14 14:03:00,6925,6925,6925,6925,6700
2022-02-14 14:04:00,6925,6900,6925,6925,13400
2022-02-14 14:05:00,6925,6900,6925,6925,0
2022-02-14 14:06:00,6925,6925,6925,6925,500
2022-02-14 14:07:00,6925,6925,6925,6925,0
2022-02-14 14:08:00,6925,6925,6925,6925,2300
2022-02-14 14:09:00,6925,6925,6925,6925,2200
2022-02-14 14:10:00,6925,6900,6925,6900,21500
2022-02-14 14:11:00,6925,6900,6925,6900,0
2022-02-14 14:12:00,6925,6900,6925,6925,18200
2022-02-14 14:13:00,6925,6925,6925,6925,200
2022-02-14 14:14:00,6925,6925,6925,6925,12000
2022-02-14 14:15:00,6925,6925,6925,6925,300
2022-02-14 14:16:00,6925,6900,6925,6925,22600
2022-02-14 14:17:00,6925,6925,6925,6925,200
2022-02-14 14:18:00,6925,6925,6925,6925,35300
2022-02-14 14:19:00,6900,6900,6925,6925,15400
2022-02-14 14:20:00,6925,6900,6925,6925,10800
2022-02-14 14:21:00,6925,6925,6925,6925,100
2022-02-14 14:22:00,6900,6900,6900,6900,2300
2022-02-14 14:23:00,6925,6925,6925,6925,900
2022-02-14 14:24:00,6925,6925,6925,6925,500
2022-02-14 14:25:00,6925,6925,6925,6925,100
2022-02-14 14:26:00,6925,6925,6925,6925,10400
2022-02-14 14:27:00,6925,6925,6925,6925,54800
2022-02-14 14:28:00,6925,6925,6925,6925,200
2022-02-14 14:29:00,6900,6900,6900,6900,1000
2022-02-14 14:30:00,6925,6925,6925,6925,200
2022-02-14 14:31:00,6925,6925,6925,6925,0
2022-02-14 14:32:00,6900,6900,6925,6925,1900
2022-02-14 14:33:00,6925,6900,6925,6900,47600
2022-02-14 14:34:00,6900,6900,6925,6925,15600
2022-02-14 14:35:00,6925,6900,6925,6925,11100
2022-02-14 14:36:00,6900,6900,6925,6925,16200
2022-02-14 14:37:00,6925,6925,6925,6925,600
2022-02-14 14:38:00,6925,6900,6925,6925,12200
2022-02-14 14:39:00,6925,6925,6925,6925,200
2022-02-14 14:40:00,6925,6925,6925,6925,5300
2022-02-14 14:41:00,6925,6925,6925,6925,1400
2022-02-14 14:42:00,6925,6900,6925,6925,21500
2022-02-14 14:43:00,6925,6900,6925,6925,4700
2022-02-14 14:44:00,6925,6925,6925,6925,1700
2022-02-14 14:45:00,6925,6900,6925,6900,1000
2022-02-14 14:46:00,6925,6900,6925,6900,14700
2022-02-14 14:47:00,6925,6900,6925,6900,5100
2022-02-14 14:48:00,6925,6925,6925,6925,400
2022-02-14 14:49:00,6925,6900,6925,6925,34600
2022-02-14 14:50:00,6925,6900,6925,6925,0
2022-02-14 14:51:00,6925,6900,6925,6925,0
2022-02-14 14:52:00,6925,6900,6925,6925,0
2022-02-14 14:53:00,6925,6900,6925,6925,0
2022-02-14 14:54:00,6925,6900,6925,6925,0
2022-02-14 14:55:00,6925,6900,6925,6925,0
2022-02-14 14:56:00,6925,6900,6925,6925,0
2022-02-14 14:57:00,6925,6900,6925,6925,0
2022-02-14 14:58:00,6925,6900,6925,6925,0
2022-02-14 14:59:00,6925,6900,6925,6925,0
2022-02-14 15:00:00,6925,6925,6925,6925,148800
2022-02-14 15:01:00,6925,6925,6925,6925,2000
2022-02-14 15:02:00,6925,6925,6925,6925,0
2022-02-14 15:03:00,6925,6925,6925,6925,1100
2022-02-14 15:04:00,6925,6925,6925,6925,0
2022-02-14 15:05:00,6925,6925,6925,6925,0
2022-02-14 15:06:00,6925,6925,6925,6925,100
2022-02-14 15:07:00,6925,6925,6925,6925,0
2022-02-14 15:08:00,6925,6925,6925,6925,8300
2022-02-14 15:09:00,6925,6925,6925,6925,0
2022-02-14 15:10:00,6925,6925,6925,6925,0
2022-02-14 15:11:00,6925,6925,6925,6925,0
2022-02-14 15:12:00,6925,6925,6925,6925,0
2022-02-14 15:13:00,6925,6925,6925,6925,0
2022-02-14 15:14:00,6925,6925,6925,6925,0
2022-02-14 15:15:00,6925,6925,6925,6925,0
2022-02-14 15:16:00,6925,6925,6925,6925,0
2022-02-14 15:17:00,6925,6925,6925,6925,0
2022-02-14 15:18:00,6925,6925,6925,6925,0
2022-02-14 15:19:00,6925,6925,6925,6925,0
2022-02-14 15:20:00,6925,6925,6925,6925,0
2022-02-14 15:21:00,6925,6925,6925,6925,0
2022-02-14 15:22:00,6925,6925,6925,6925,0
2022-02-14 15:23:00,6925,6925,6925,6925,0
2022-02-14 15:24:00,6925,6925,6925,6925,0
2022-02-14 15:25:00,6925,6925,6925,6925,0
2022-02-14 15:26:00,6925,6925,6925,6925,0
2022-02-14 15:27:00,6925,6925,6925,6925,0
2022-02-14 15:28:00,6925,6925,6925,6925,0
2022-02-14 15:29:00,6925,6925,6925,6925,0
2022-02-14 15:30:00,6925,6925,6925,6925,0
2022-02-14 15:31:00,6925,6925,6925,6925,0
2022-02-14 15:32:00,6925,6925,6925,6925,0
2022-02-14 15:33:00,6925,6925,6925,6925,0
2022-02-14 15:34:00,6925,6925,6925,6925,0
2022-02-14 15:35:00,6925,6925,6925,6925,0
2022-02-14 15:36:00,6925,6925,6925,6925,0
2022-02-14 15:37:00,6925,6925,6925,6925,0
2022-02-14 15:38:00,6925,6925,6925,6925,0
2022-02-14 15:39:00,6925,6925,6925,6925,0
2022-02-14 15:40:00,6925,6925,6925,6925,0
2022-02-14 15:41:00,6925,6925,6925,6925,0
2022-02-14 15:42:00,6925,6925,6925,6925,0
2022-02-14 15:43:00,6925,6925,6925,6925,0
2022-02-14 15:44:00,6925,6925,6925,6925,0
2022-02-14 15:45:00,6925,6925,6925,6925,0
2022-02-14 15:46:00,6925,6925,6925,6925,0
2022-02-14 15:47:00,6925,6925,6925,6925,0
2022-02-14 15:48:00,6925,6925,6925,6925,0
2022-02-14 15:49:00,6925,6925,6925,6925,0
2022-02-14 15:50:00,6925,6925,6925,6925,0
2022-02-14 15:51:00,6925,6925,6925,6925,0
2022-02-14 15:52:00,6925,6925,6925,6925,0
2022-02-14 15:53:00,6925,6925,6925,6925,0
2022-02-14 15:54:00,6925,6925,6925,6925,0
2022-02-14 15:55:00,6925,6925,6925,6925,0
2022-02-14 15:56:00,6925,6925,6925,6925,0
2022-02-14 15:57:00,6925,6925,6925,6925,0
2022-02-14 15:58:00,6925,6925,6925,6925,0
2022-02-14 15:59:00,6925,6925,6925,6925,0
2022-02-15 09:00:00,6925,6925,6950,6950,13600
2022-02-15 09:01:00,6950,6950,6950,6950,1000
2022-02-15 09:02:00,6950,6950,6950,6950,1200
2022-02-15 09:03:00,6975,6975,6975,6975,3400
2022-02-15 09:04:00,6975,6975,6975,6975,2700
2022-02-15 09:05:00,6975,6975,6975,6975,0
2022-02-15 09:06:00,6975,6975,6975,6975,0
2022-02-15 09:07:00,7000,7000,7000,7000,10600
2022-02-15 09:08:00,7000,7000,7000,7000,900
2022-02-15 09:09:00,7000,7000,7000,7000,8000
2022-02-15 09:10:00,7000,7000,7000,7000,2100
2022-02-15 09:11:00,7000,6975,7000,6975,2100
2022-02-15 09:12:00,6975,6975,6975,6975,7100
2022-02-15 09:13:00,6975,6975,6975,6975,900
2022-02-15 09:14:00,6975,6975,6975,6975,1200
2022-02-15 09:15:00,6950,6950,6950,6950,300
2022-02-15 09:16:00,6950,6950,6950,6950,0
2022-02-15 09:17:00,6950,6950,6950,6950,500
2022-02-15 09:18:00,6950,6950,6950,6950,1000
2022-02-15 09:19:00,6950,6950,6950,6950,1400
2022-02-15 09:20:00,6950,6950,6950,6950,1000
2022-02-15 09:21:00,6950,6950,6950,6950,0
2022-02-15 09:22:00,6950,6950,6950,6950,300
2022-02-15 09:23:00,6975,6975,6975,6975,1600
2022-02-15 09:24:00,6975,6975,6975,6975,0
2022-02-15 09:25:00,6975,6975,6975,6975,0
2022-02-15 09:26:00,6975,6975,6975,6975,0
2022-02-15 09:27:00,6975,6975,6975,6975,1000
2022-02-15 09:28:00,6975,6975,6975,6975,14400
2022-02-15 09:29:00,6975,6975,7000,7000,1200
2022-02-15 09:30:00,6975,6975,7000,7000,0
2022-02-15 09:31:00,6975,6975,7000,7000,0
2022-02-15 09:32:00,7000,7000,7000,7000,1100
2022-02-15 09:33:00,7000,7000,7000,7000,10000
2022-02-15 09:34:00,7000,7000,7000,7000,0
2022-02-15 09:35:00,7000,7000,7000,7000,4600
2022-02-15 09:36:00,7000,6975,7000,6975,6000
2022-02-15 09:37:00,6975,6975,6975,6975,2100
2022-02-15 09:38:00,7000,7000,7000,7000,10000
2022-02-15 09:39:00,7000,7000,7000,7000,2900
2022-02-15 09:40:00,7000,7000,7000,7000,3100
2022-02-15 09:41:00,6975,6975,7000,6975,5100
2022-02-15 09:42:00,6975,6975,6975,6975,5800
2022-02-15 09:43:00,6975,6975,6975,6975,2800
2022-02-15 09:44:00,6975,6975,6975,6975,5000
2022-02-15 09:45:00,6975,6975,6975,6975,0
2022-02-15 09:46:00,6975,6975,6975,6975,0
2022-02-15 09:47:00,6975,6975,6975,6975,3400
2022-02-15 09:48:00,6975,6975,6975,6975,300
2022-02-15 09:49:00,6975,6975,6975,6975,100
2022-02-15 09:50:00,7000,6975,7000,6975,1800
2022-02-15 09:51:00,7000,6975,7000,6975,0
2022-02-15 09:52:00,6975,6975,6975,6975,7000
2022-02-15 09:53:00,7000,6975,7000,6975,3000
2022-02-15 09:54:00,7000,7000,7000,7000,400
2022-02-15 09:55:00,7000,7000,7000,7000,0
2022-02-15 09:56:00,6975,6975,6975,6975,100
2022-02-15 09:57:00,6975,6975,6975,6975,0
2022-02-15 09:58:00,6975,6975,6975,6975,3100
2022-02-15 09:59:00,6975,6975,6975,6975,0
2022-02-15 10:00:00,6975,6975,6975,6975,2700
2022-02-15 10:01:00,6975,6975,6975,6975,0
2022-02-15 10:02:00,6975,6975,6975,6975,0
2022-02-15 10:03:00,7000,7000,7000,7000,500
2022-02-15 10:04:00,7000,7000,7000,7000,2600
2022-02-15 10:05:00,6975,6975,6975,6975,4000
2022-02-15 10:06:00,6975,6975,6975,6975,0
2022-02-15 10:07:00,7000,6975,7000,6975,47200
2022-02-15 10:08:00,7000,6975,7000,6975,0
2022-02-15 10:09:00,7000,7000,7000,7000,200
2022-02-15 10:10:00,7000,7000,7000,7000,100
2022-02-15 10:11:00,7000,7000,7000,7000,11200
2022-02-15 10:12:00,7000,7000,7000,7000,1000
2022-02-15 10:13:00,7000,7000,7000,7000,1000
2022-02-15 10:14:00,7000,7000,7000,7000,100
2022-02-15 10:15:00,7000,7000,7000,7000,27600
2022-02-15 10:16:00,7000,7000,7000,7000,800
2022-02-15 10:17:00,7000,7000,7000,7000,1000
2022-02-15 10:18:00,7000,7000,7000,7000,1000
2022-02-15 10:19:00,7000,7000,7000,7000,4300
2022-02-15 10:20:00,7000,7000,7000,7000,8100
2022-02-15 10:21:00,7000,7000,7000,7000,1000
2022-02-15 10:22:00,7000,7000,7000,7000,0
2022-02-15 10:23:00,7000,7000,7000,7000,6500
2022-02-15 10:24:00,7000,7000,7000,7000,700
2022-02-15 10:25:00,7000,7000,7000,7000,0
2022-02-15 10:26:00,7000,7000,7000,7000,2600
2022-02-15 10:27:00,7000,7000,7000,7000,200
2022-02-15 10:28:00,7000,7000,7000,7000,900
2022-02-15 10:29:00,7000,7000,7000,7000,0
2022-02-15 10:30:00,7000,7000,7000,7000,0
2022-02-15 10:31:00,7000,7000,7000,7000,600
2022-02-15 10:32:00,7000,7000,7000,7000,100
2022-02-15 10:33:00,7000,7000,7000,7000,0
2022-02-15 10:34:00,7000,7000,7000,7000,700
2022-02-15 10:35:00,7000,7000,7000,7000,200
2022-02-15 10:36:00,7000,7000,7000,7000,600
2022-02-15 10:37:00,7000,7000,7000,7000,0
2022-02-15 10:38:00,7000,7000,7000,7000,2600
2022-02-15 10:39:00,7000,7000,7000,7000,0
2022-02-15 10:40:00,7000,7000,7000,7000,1100
2022-02-15 10:41:00,7000,7000,7000,7000,0
2022-02-15 10:42:00,7000,7000,7000,7000,1100
2022-02-15 10:43:00,7000,7000,7000,7000,0
2022-02-15 10:44:00,7000,7000,7000,7000,0
2022-02-15 10:45:00,7000,7000,7000,7000,500
2022-02-15 10:46:00,7000,7000,7000,7000,2900
2022-02-15 10:47:00,7000,7000,7000,7000,0
2022-02-15 10:48:00,7000,7000,7000,7000,0
2022-02-15 10:49:00,7000,7000,7000,7000,0
2022-02-15 10:50:00,7000,7000,7000,7000,700
2022-02-15 10:51:00,7000,7000,7000,7000,0
2022-02-15 10:52:00,7000,7000,7000,7000,300
2022-02-15 10:53:00,7000,7000,7000,7000,800
2022-02-15 10:54:00,7000,7000,7000,7000,0
2022-02-15 10:55:00,7000,7000,7000,7000,0
2022-02-15 10:56:00,7000,7000,7000,7000,1300
2022-02-15 10:57:00,7000,7000,7000,7000,0
2022-02-15 10:58:00,7000,7000,7000,7000,0
2022-02-15 10:59:00,7000,7000,7000,7000,0
2022-02-15 11:00:00,7000,7000,7000,7000,700
2022-02-15 11:01:00,7000,7000,7000,7000,500
2022-02-15 11:02:00,7000,7000,7000,7000,0
2022-02-15 11:03:00,7000,7000,7000,7000,100
2022-02-15 11:04:00,7000,7000,7000,7000,0
2022-02-15 11:05:00,7000,7000,7000,7000,600
2022-02-15 11:06:00,7000,7000,7000,7000,200
2022-02-15 11:07:00,7000,7000,7000,7000,700
2022-02-15 11:08:00,7000,7000,7000,7000,1000
2022-02-15 11:09:00,7000,7000,7000,7000,100
2022-02-15 11:10:00,7000,7000,7000,7000,500
2022-02-15 11:11:00,7000,7000,7000,7000,0
2022-02-15 11:12:00,7000,7000,7000,7000,200
2022-02-15 11:13:00,7000,7000,7000,7000,400
2022-02-15 11:14:00,7000,7000,7000,7000,700
2022-02-15 11:15:00,7000,7000,7000,7000,0
2022-02-15 11:16:00,7000,7000,7000,7000,1800
2022-02-15 11:17:00,7000,7000,7000,7000,800
2022-02-15 11:18:00,7000,7000,7000,7000,900
2022-02-15 11:19:00,7000,7000,7000,7000,0
2022-02-15 11:20:00,6975,6975,7000,7000,400
2022-02-15 11:21:00,7000,7000,7000,7000,900
2022-02-15 11:22:00,7000,7000,7000,7000,0
2022-02-15 11:23:00,7000,7000,7000,7000,200
2022-02-15 11:24:00,7000,6975,7000,6975,1600
2022-02-15 11:25:00,7000,6975,7000,6975,0
2022-02-15 11:26:00,7000,6975,7000,6975,0
2022-02-15 11:27:00,7000,7000,7000,7000,200
2022-02-15 11:28:00,7000,7000,7000,7000,0
2022-02-15 11:29:00,7000,7000,7000,7000,400
2022-02-15 11:30:00,7000,7000,7000,7000,0
2022-02-15 11:31:00,7000,7000,7000,7000,0
2022-02-15 11:32:00,7000,7000,7000,7000,0
2022-02-15 11:33:00,7000,7000,7000,7000,0
2022-02-15 11:34:00,7000,7000,7000,7000,0
2022-02-15 11:35:00,7000,7000,7000,7000,0
2022-02-15 11:36:00,7000,7000,7000,7000,0
2022-02-15 11:37:00,7000,7000,7000,7000,0
2022-02-15 11:38:00,7000,7000,7000,7000,0
2022-02-15 11:39:00,7000,7000,7000,7000,0
2022-02-15 11:40:00,7000,7000,7000,7000,0
2022-02-15 11:41:00,7000,7000,7000,7000,0
2022-02-15 11:42:00,7000,7000,7000,7000,0
2022-02-15 11:43:00,7000,7000,7000,7000,0
2022-02-15 11:44:00,7000,7000,7000,7000,0
2022-02-15 11:45:00,7000,7000,7000,7000,0
2022-02-15 11:46:00,7000,7000,7000,7000,0
2022-02-15 11:47:00,7000,7000,7000,7000,0
2022-02-15 11:48:00,7000,7000,7000,7000,0
2022-02-15 11:49:00,7000,7000,7000,7000,0
2022-02-15 11:50:00,7000,7000,7000,7000,0
2022-02-15 11:51:00,7000,7000,7000,7000,0
2022-02-15 11:52:00,7000,7000,7000,7000,0
2022-02-15 11:53:00,7000,7000,7000,7000,0
2022-02-15 11:54:00,7000,7000,7000,7000,0
2022-02-15 11:55:00,7000,7000,7000,7000,0
2022-02-15 11:56:00,7000,7000,7000,7000,0
2022-02-15 11:57:00,7000,7000,7000,7000,0
2022-02-15 11:58:00,7000,7000,7000,7000,0
2022-02-15 11:59:00,7000,7000,7000,7000,0
2022-02-15 12:00:00,7000,7000,7000,7000,0
2022-02-15 12:01:00,7000,7000,7000,7000,0
2022-02-15 12:02:00,7000,7000,7000,7000,0
2022-02-15 12:03:00,7000,7000,7000,7000,0
2022-02-15 12:04:00,7000,7000,7000,7000,0
2022-02-15 12:05:00,7000,7000,7000,7000,0
2022-02-15 12:06:00,7000,7000,7000,7000,0
2022-02-15 12:07:00,7000,7000,7000,7000,0
2022-02-15 12:08:00,7000,7000,7000,7000,0
2022-02-15 12:09:00,7000,7000,7000,7000,0
2022-02-15 12:10:00,7000,7000,7000,7000,0
2022-02-15 12:11:00,7000,7000,7000,7000,0
2022-02-15 12:12:00,7000,7000,7000,7000,0
2022-02-15 12:13:00,7000,7000,7000,7000,0
2022-02-15 12:14:00,7000,7000,7000,7000,0
2022-02-15 12:15:00,7000,7000,7000,7000,0
2022-02-15 12:16:00,7000,7000,7000,7000,0
2022-02-15 12:17:00,7000,7000,7000,7000,0
2022-02-15 12:18:00,7000,7000,7000,7000,0
2022-02-15 12:19:00,7000,7000,7000,7000,0
2022-02-15 12:20:00,7000,7000,7000,7000,0
2022-02-15 12:21:00,7000,7000,7000,7000,0
2022-02-15 12:22:00,7000,7000,7000,7000,0
2022-02-15 12:23:00,7000,7000,7000,7000,0
2022-02-15 12:24:00,7000,7000,7000,7000,0
2022-02-15 12:25:00,7000,7000,7000,7000,0
2022-02-15 12:26:00,7000,7000,7000,7000,0
2022-02-15 12:27:00,7000,7000,7000,7000,0
2022-02-15 12:28:00,7000,7000,7000,7000,0
2022-02-15 12:29:00,7000,7000,7000,7000,0
2022-02-15 12:30:00,7000,7000,7000,7000,0
2022-02-15 12:31:00,7000,7000,7000,7000,0
2022-02-15 12:32:00,7000,7000,7000,7000,0
2022-02-15 12:33:00,7000,7000,7000,7000,0
2022-02-15 12:34:00,7000,7000,7000,7000,0
2022-02-15 12:35:00,7000,7000,7000,7000,0
2022-02-15 12:36:00,7000,7000,7000,7000,0
2022-02-15 12:37:00,7000,7000,7000,7000,0
2022-02-15 12:38:00,7000,7000,7000,7000,0
2022-02-15 12:39:00,7000,7000,7000,7000,0
2022-02-15 12:40:00,7000,7000,7000,7000,0
2022-02-15 12:41:00,7000,7000,7000,7000,0
2022-02-15 12:42:00,7000,7000,7000,7000,0
2022-02-15 12:43:00,7000,7000,7000,7000,0
2022-02-15 12:44:00,7000,7000,7000,7000,0
2022-02-15 12:45:00,7000,7000,7000,7000,0
2022-02-15 12:46:00,7000,7000,7000,7000,0
2022-02-15 12:47:00,7000,7000,7000,7000,0
2022-02-15 12:48:00,7000,7000,7000,7000,0
2022-02-15 12:49:00,7000,7000,7000,7000,0
2022-02-15 12:50:00,7000,7000,7000,7000,0
2022-02-15 12:51:00,7000,7000,7000,7000,0
2022-02-15 12:52:00,7000,7000,7000,7000,0
2022-02-15 12:53:00,7000,7000,7000,7000,0
2022-02-15 12:54:00,7000,7000,7000,7000,0
2022-02-15 12:55:00,7000,7000,7000,7000,0
2022-02-15 12:56:00,7000,7000,7000,7000,0
2022-02-15 12:57:00,7000,7000,7000,7000,0
2022-02-15 12:58:00,7000,7000,7000,7000,0
2022-02-15 12:59:00,7000,7000,7000,7000,0
2022-02-15 13:00:00,7000,7000,7000,7000,0
2022-02-15 13:01:00,7000,7000,7000,7000,0
2022-02-15 13:02:00,7000,7000,7000,7000,0
2022-02-15 13:03:00,7000,7000,7000,7000,0
2022-02-15 13:04:00,7000,7000,7000,7000,0
2022-02-15 13:05:00,7000,7000,7000,7000,0
2022-02-15 13:06:00,7000,7000,7000,7000,0
2022-02-15 13:07:00,7000,7000,7000,7000,0
2022-02-15 13:08:00,7000,7000,7000,7000,0
2022-02-15 13:09:00,7000,7000,7000,7000,0
2022-02-15 13:10:00,7000,7000,7000,7000,0
2022-02-15 13:11:00,7000,7000,7000,7000,0
2022-02-15 13:12:00,7000,7000,7000,7000,0
2022-02-15 13:13:00,7000,7000,7000,7000,0
2022-02-15 13:14:00,7000,7000,7000,7000,0
2022-02-15 13:15:00,7000,7000,7000,7000,0
2022-02-15 13:16:00,7000,7000,7000,7000,0
2022-02-15 13:17:00,7000,7000,7000,7000,0
2022-02-15 13:18:00,7000,7000,7000,7000,0
2022-02-15 13:19:00,7000,7000,7000,7000,0
2022-02-15 13:20:00,7000,7000,7000,7000,0
2022-02-15 13:21:00,7000,7000,7000,7000,0
2022-02-15 13:22:00,7000,7000,7000,7000,0
2022-02-15 13:23:00,7000,7000,7000,7000,0
2022-02-15 13:24:00,7000,7000,7000,7000,0
2022-02-15 13:25:00,7000,7000,7000,7000,0
2022-02-15 13:26:00,7000,7000,7000,7000,0
2022-02-15 13:27:00,7000,7000,7000,7000,0
2022-02-15 13:28:00,7000,7000,7000,7000,0
2022-02-15 13:29:00,7000,7000,7000,7000,0
2022-02-15 13:30:00,7000,7000,7000,7000,9500
2022-02-15 13:31:00,7000,7000,7000,7000,0
2022-02-15 13:32:00,7000,7000,7000,7000,500
2022-02-15 13:33:00,7000,7000,7000,7000,0
2022-02-15 13:34:00,7000,7000,7000,7000,0
2022-02-15 13:35:00,7000,7000,7000,7000,300
2022-02-15 13:36:00,7000,7000,7000,7000,3700
2022-02-15 13:37:00,7000,7000,7000,7000,0
2022-02-15 13:38:00,7000,7000,7000,7000,0
2022-02-15 13:39:00,7000,7000,7000,7000,0
2022-02-15 13:40:00,7000,7000,7000,7000,3000
2022-02-15 13:41:00,6975,6975,6975,6975,500
2022-02-15 13:42:00,7000,7000,7000,7000,1000
2022-02-15 13:43:00,7000,7000,7000,7000,0
2022-02-15 13:44:00,6975,6975,7000,7000,112300
2022-02-15 13:45:00,7000,7000,7000,7000,100
2022-02-15 13:46:00,7000,7000,7000,7000,0
2022-02-15 13:47:00,6975,6975,6975,6975,500
2022-02-15 13:48:00,7000,7000,7000,7000,900
2022-02-15 13:49:00,7000,7000,7000,7000,0
2022-02-15 13:50:00,7000,7000,7000,7000,0
2022-02-15 13:51:00,7000,6975,7000,6975,10700
2022-02-15 13:52:00,6975,6975,7000,7000,1500
2022-02-15 13:53:00,7000,7000,7000,7000,100
2022-02-15 13:54:00,6975,6975,6975,6975,4200
2022-02-15 13:55:00,7000,7000,7000,7000,900
2022-02-15 13:56:00,7000,7000,7000,7000,100
2022-02-15 13:57:00,7000,6975,7000,6975,1000
2022-02-15 13:58:00,6975,6975,6975,6975,9000
2022-02-15 13:59:00,6975,6975,7000,6975,1200
2022-02-15 14:00:00,6975,6975,6975,6975,50400
2022-02-15 14:01:00,6975,6975,6975,6975,100
2022-02-15 14:02:00,6975,6975,6975,6975,1000
2022-02-15 14:03:00,6975,6975,6975,6975,200
2022-02-15 14:04:00,6950,6950,6950,6950,6600
2022-02-15 14:05:00,6975,6975,6975,6975,4400
2022-02-15 14:06:00,6975,6975,6975,6975,100
2022-02-15 14:07:00,6975,6975,6975,6975,2600
2022-02-15 14:08:00,6975,6975,6975,6975,200
2022-02-15 14:09:00,6975,6975,6975,6975,100
2022-02-15 14:10:00,6975,6975,6975,6975,0
2022-02-15 14:11:00,6975,6975,6975,6975,100
2022-02-15 14:12:00,6975,6975,6975,6975,2000
2022-02-15 14:13:00,6975,6975,6975,6975,0
2022-02-15 14:14:00,6975,6975,6975,6975,0
2022-02-15 14:15:00,6975,6975,6975,6975,200
2022-02-15 14:16:00,6975,6975,6975,6975,0
2022-02-15 14:17:00,6975,6975,6975,6975,600
2022-02-15 14:18:00,6975,6975,6975,6975,0
2022-02-15 14:19:00,6975,6975,6975,6975,500
2022-02-15 14:20:00,6975,6950,6975,6950,800
2022-02-15 14:21:00,6950,6950,6975,6975,300
2022-02-15 14:22:00,6975,6975,6975,6975,2000
2022-02-15 14:23:00,6975,6975,6975,6975,4400
2022-02-15 14:24:00,6950,6950,6975,6975,1500
2022-02-15 14:25:00,6975,6975,6975,6975,500
2022-02-15 14:26:00,6975,6950,6975,6975,3200
2022-02-15 14:27:00,6975,6975,6975,6975,900
2022-02-15 14:28:00,6975,6975,6975,6975,4500
2022-02-15 14:29:00,6975,6975,6975,6975,500
2022-02-15 14:30:00,6975,6975,6975,6975,1000
2022-02-15 14:31:00,6975,6975,6975,6975,1300
2022-02-15 14:32:00,6975,6975,6975,6975,1500
2022-02-15 14:33:00,6975,6975,6975,6975,10100
2022-02-15 14:34:00,6975,6975,6975,6975,100
2022-02-15 14:35:00,6975,6975,6975,6975,0
2022-02-15 14:36:00,6950,6950,6950,6950,1300
2022-02-15 14:37:00,6950,6950,6975,6975,9500
2022-02-15 14:38:00,6950,6950,6975,6950,22700
2022-02-15 14:39:00,6975,6975,6975,6975,2800
2022-02-15 14:40:00,6975,6975,6975,6975,1400
2022-02-15 14:41:00,6975,6975,6975,6975,1200
2022-02-15 14:42:00,6975,6975,6975,6975,3100
2022-02-15 14:43:00,6975,6975,6975,6975,0
2022-02-15 14:44:00,6975,6975,6975,6975,3000
2022-02-15 14:45:00,6950,6950,6975,6975,3900
2022-02-15 14:46:00,6975,6950,6975,6975,3200
2022-02-15 14:47:00,6975,6975,6975,6975,4400
2022-02-15 14:48:00,6975,6975,6975,6975,1600
2022-02-15 14:49:00,6975,6975,6975,6975,13600
2022-02-15 14:50:00,6975,6975,6975,6975,0
2022-02-15 14:51:00,6975,6975,6975,6975,0
2022-02-15 14:52:00,6975,6975,6975,6975,0
2022-02-15 14:53:00,6975,6975,6975,6975,0
2022-02-15 14:54:00,6975,6975,6975,6975,0
2022-02-15 14:55:00,6975,6975,6975,6975,0
2022-02-15 14:56:00,6975,6975,6975,6975,0
2022-02-15 14:57:00,6975,6975,6975,6975,0
2022-02-15 14:58:00,6975,6975,6975,6975,0
2022-02-15 14:59:00,6975,6975,6975,6975,0
2022-02-15 15:00:00,6975,6975,6975,6975,22200
2022-02-15 15:01:00,6975,6975,6975,6975,5600
2022-02-15 15:02:00,6975,6975,6975,6975,6500
2022-02-15 15:03:00,6975,6975,6975,6975,7500
2022-02-15 15:04:00,6975,6975,6975,6975,1200
2022-02-15 15:05:00,6975,6975,6975,6975,300
2022-02-15 15:06:00,6975,6975,6975,6975,5300
2022-02-15 15:07:00,6975,6975,6975,6975,4500
2022-02-15 15:08:00,6975,6975,6975,6975,200
2022-02-15 15:09:00,6975,6975,6975,6975,0
2022-02-15 15:10:00,6975,6975,6975,6975,500
2022-02-15 15:11:00,6975,6975,6975,6975,11600
2022-02-15 15:12:00,6975,6975,6975,6975,0
2022-02-15 15:13:00,6975,6975,6975,6975,0
2022-02-15 15:14:00,6975,6975,6975,6975,100
2022-02-15 15:15:00,6975,6975,6975,6975,0
2022-02-15 15:16:00,6975,6975,6975,6975,0
2022-02-15 15:17:00,6975,6975,6975,6975,0
2022-02-15 15:18:00,6975,6975,6975,6975,0
2022-02-15 15:19:00,6975,6975,6975,6975,0
2022-02-15 15:20:00,6975,6975,6975,6975,0
2022-02-15 15:21:00,6975,6975,6975,6975,0
2022-02-15 15:22:00,6975,6975,6975,6975,0
2022-02-15 15:23:00,6975,6975,6975,6975,0
2022-02-15 15:24:00,6975,6975,6975,6975,0
2022-02-15 15:25:00,6975,6975,6975,6975,0
2022-02-15 15:26:00,6975,6975,6975,6975,0
2022-02-15 15:27:00,6975,6975,6975,6975,0
2022-02-15 15:28:00,6975,6975,6975,6975,0
2022-02-15 15:29:00,6975,6975,6975,6975,0
2022-02-15 15:30:00,6975,6975,6975,6975,0
2022-02-15 15:31:00,6975,6975,6975,6975,0
2022-02-15 15:32:00,6975,6975,6975,6975,0
2022-02-15 15:33:00,6975,6975,6975,6975,0
2022-02-15 15:34:00,6975,6975,6975,6975,0
2022-02-15 15:35:00,6975,6975,6975,6975,0
2022-02-15 15:36:00,6975,6975,6975,6975,0
2022-02-15 15:37:00,6975,6975,6975,6975,0
2022-02-15 15:38:00,6975,6975,6975,6975,0
2022-02-15 15:39:00,6975,6975,6975,6975,0
2022-02-15 15:40:00,6975,6975,6975,6975,0
2022-02-15 15:41:00,6975,6975,6975,6975,0
2022-02-15 15:42:00,6975,6975,6975,6975,0
2022-02-15 15:43:00,6975,6975,6975,6975,0
2022-02-15 15:44:00,6975,6975,6975,6975,0
2022-02-15 15:45:00,6975,6975,6975,6975,0
2022-02-15 15:46:00,6975,6975,6975,6975,0
2022-02-15 15:47:00,6975,6975,6975,6975,0
2022-02-15 15:48:00,6975,6975,6975,6975,0
2022-02-15 15:49:00,6975,6975,6975,6975,0
2022-02-15 15:50:00,6975,6975,6975,6975,0
2022-02-15 15:51:00,6975,6975,6975,6975,0
2022-02-15 15:52:00,6975,6975,6975,6975,0
2022-02-15 15:53:00,6975,6975,6975,6975,0
2022-02-15 15:54:00,6975,6975,6975,6975,0
2022-02-15 15:55:00,6975,6975,6975,6975,0
2022-02-15 15:56:00,6975,6975,6975,6975,0
2022-02-15 15:57:00,6975,6975,6975,6975,0
2022-02-15 15:58:00,6975,6975,6975,6975,0
2022-02-15 15:59:00,6975,6975,6975,6975,0
2022-02-16 09:00:00,7025,7025,7075,7075,21700
2022-02-16 09:01:00,7075,7050,7075,7050,1000
2022-02-16 09:02:00,7050,7050,7050,7050,6600
2022-02-16 09:03:00,7050,7050,7050,7050,9200
2022-02-16 09:04:00,7075,7075,7100,7100,89900
2022-02-16 09:05:00,7075,7075,7075,7075,47600
2022-02-16 09:06:00,7075,7075,7100,7075,27000
2022-02-16 09:07:00,7100,7100,7125,7100,80000
2022-02-16 09:08:00,7100,7075,7100,7075,50300
2022-02-16 09:09:00,7075,7075,7100,7100,5500
2022-02-16 09:10:00,7075,7075,7100,7100,0
2022-02-16 09:11:00,7100,7075,7100,7075,34900
2022-02-16 09:12:00,7100,7100,7100,7100,3600
2022-02-16 09:13:00,7100,7100,7100,7100,54400
2022-02-16 09:14:00,7100,7100,7125,7125,17200
2022-02-16 09:15:00,7125,7100,7125,7100,17200
2022-02-16 09:16:00,7100,7100,7125,7125,9800
2022-02-16 09:17:00,7125,7125,7125,7125,5700
2022-02-16 09:18:00,7125,7100,7125,7100,7800
2022-02-16 09:19:00,7100,7100,7125,7100,3200
2022-02-16 09:20:00,7100,7100,7125,7125,3600
2022-02-16 09:21:00,7100,7100,7125,7100,22800
2022-02-16 09:22:00,7100,7100,7100,7100,2300
2022-02-16 09:23:00,7100,7100,7125,7100,29900
2022-02-16 09:24:00,7100,7100,7100,7100,1000
2022-02-16 09:25:00,7100,7075,7100,7075,300
2022-02-16 09:26:00,7100,7100,7100,7100,1800
2022-02-16 09:27:00,7100,7100,7100,7100,0
2022-02-16 09:28:00,7100,7100,7100,7100,15000
2022-02-16 09:29:00,7100,7100,7100,7100,5100
2022-02-16 09:30:00,7100,7100,7100,7100,5300
2022-02-16 09:31:00,7100,7075,7100,7075,4700
2022-02-16 09:32:00,7100,7075,7100,7075,0
2022-02-16 09:33:00,7075,7075,7075,7075,4800
2022-02-16 09:34:00,7075,7075,7075,7075,6600
2022-02-16 09:35:00,7075,7075,7075,7075,51000
2022-02-16 09:36:00,7075,7075,7075,7075,8800
2022-02-16 09:37:00,7075,7075,7075,7075,23200
2022-02-16 09:38:00,7075,7075,7075,7075,0
2022-02-16 09:39:00,7075,7075,7075,7075,14200
2022-02-16 09:40:00,7075,7050,7075,7050,57300
2022-02-16 09:41:00,7050,7050,7075,7075,7300
2022-02-16 09:42:00,7075,7075,7075,7075,3100
2022-02-16 09:43:00,7075,7050,7075,7075,3400
2022-02-16 09:44:00,7050,7050,7075,7075,3500
2022-02-16 09:45:00,7050,7050,7050,7050,200
2022-02-16 09:46:00,7075,7075,7075,7075,4000
2022-02-16 09:47:00,7075,7075,7075,7075,0
2022-02-16 09:48:00,7050,7050,7050,7050,500
2022-02-16 09:49:00,7050,7050,7050,7050,0
2022-02-16 09:50:00,7050,7050,7050,7050,500
2022-02-16 09:51:00,7050,7050,7050,7050,0
2022-02-16 09:52:00,7050,7050,7050,7050,1000
2022-02-16 09:53:00,7050,7050,7050,7050,0
2022-02-16 09:54:00,7050,7050,7050,7050,5000
2022-02-16 09:55:00,7050,7050,7050,7050,2000
2022-02-16 09:56:00,7050,7050,7050,7050,200
2022-02-16 09:57:00,7050,7050,7050,7050,0
2022-02-16 09:58:00,7075,7075,7075,7075,2500
2022-02-16 09:59:00,7050,7050,7050,7050,1500
2022-02-16 10:00:00,7075,7075,7075,7075,100
2022-02-16 10:01:00,7075,7075,7075,7075,600
2022-02-16 10:02:00,7075,7075,7075,7075,1900
2022-02-16 10:03:00,7075,7050,7075,7050,3400
2022-02-16 10:04:00,7050,7050,7075,7075,1200
2022-02-16 10:05:00,7075,7075,7075,7075,2000
2022-02-16 10:06:00,7075,7075,7075,7075,1500
2022-02-16 10:07:00,7075,7075,7075,7075,0
2022-02-16 10:08:00,7075,7075,7075,7075,400
2022-02-16 10:09:00,7075,7075,7075,7075,2100
2022-02-16 10:10:00,7075,7075,7075,7075,700
2022-02-16 10:11:00,7075,7075,7075,7075,1000
2022-02-16 10:12:00,7075,7075,7075,7075,800
2022-02-16 10:13:00,7075,7075,7075,7075,2900
2022-02-16 10:14:00,7075,7075,7075,7075,3000
2022-02-16 10:15:00,7075,7075,7075,7075,1000
2022-02-16 10:16:00,7075,7075,7075,7075,0
2022-02-16 10:17:00,7075,7075,7075,7075,800
2022-02-16 10:18:00,7075,7075,7075,7075,1900
2022-02-16 10:19:00,7075,7075,7075,7075,4400
2022-02-16 10:20:00,7075,7075,7075,7075,600
2022-02-16 10:21:00,7075,7050,7075,7075,18000
2022-02-16 10:22:00,7050,7050,7075,7075,500
2022-02-16 10:23:00,7075,7075,7075,7075,1600
2022-02-16 10:24:00,7075,7075,7075,7075,1000
2022-02-16 10:25:00,7075,7050,7075,7075,1300
2022-02-16 10:26:00,7075,7075,7075,7075,800
2022-02-16 10:27:00,7075,7075,7075,7075,1100
2022-02-16 10:28:00,7075,7075,7075,7075,900
2022-02-16 10:29:00,7075,7075,7075,7075,600
2022-02-16 10:30:00,7075,7075,7075,7075,1500
2022-02-16 10:31:00,7050,7050,7075,7075,1900
2022-02-16 10:32:00,7075,7075,7075,7075,800
2022-02-16 10:33:00,7075,7075,7075,7075,10000
2022-02-16 10:34:00,7075,7075,7075,7075,6100
2022-02-16 10:35:00,7075,7050,7075,7075,1900
2022-02-16 10:36:00,7075,7075,7075,7075,200
2022-02-16 10:37:00,7075,7050,7075,7050,1400
2022-02-16 10:38:00,7075,7050,7075,7075,3700
2022-02-16 10:39:00,7075,7050,7075,7050,128300
2022-02-16 10:40:00,7050,7025,7050,7050,8300
2022-02-16 10:41:00,7050,7050,7050,7050,6600
2022-02-16 10:42:00,7050,7050,7050,7050,700
2022-02-16 10:43:00,7050,7050,7050,7050,0
2022-02-16 10:44:00,7050,7050,7050,7050,0
2022-02-16 10:45:00,7050,7050,7050,7050,1500
2022-02-16 10:46:00,7050,7050,7050,7050,200
2022-02-16 10:47:00,7050,7050,7050,7050,400
2022-02-16 10:48:00,7050,7050,7050,7050,0
2022-02-16 10:49:00,7050,7050,7050,7050,200
2022-02-16 10:50:00,7050,7050,7050,7050,0
2022-02-16 10:51:00,7050,7050,7050,7050,0
2022-02-16 10:52:00,7050,7050,7075,7075,500
2022-02-16 10:53:00,7050,7050,7075,7075,0
2022-02-16 10:54:00,7075,7075,7075,7075,100
2022-02-16 10:55:00,7075,7050,7075,7075,6200
2022-02-16 10:56:00,7050,7050,7050,7050,600
2022-02-16 10:57:00,7050,7050,7050,7050,100
2022-02-16 10:58:00,7075,7075,7075,7075,1000
2022-02-16 10:59:00,7075,7075,7075,7075,1200
2022-02-16 11:00:00,7075,7075,7075,7075,1100
2022-02-16 11:01:00,7075,7075,7075,7075,0
2022-02-16 11:02:00,7050,7050,7050,7050,100
2022-02-16 11:03:00,7050,7050,7050,7050,8600
2022-02-16 11:04:00,7050,7050,7050,7050,0
2022-02-16 11:05:00,7050,7050,7050,7050,0
2022-02-16 11:06:00,7050,7050,7050,7050,0
2022-02-16 11:07:00,7075,7075,7075,7075,1000
2022-02-16 11:08:00,7050,7050,7050,7050,39900
2022-02-16 11:09:00,7050,7050,7050,7050,5700
2022-02-16 11:10:00,7050,7050,7050,7050,200
2022-02-16 11:11:00,7050,7050,7050,7050,0
2022-02-16 11:12:00,7050,7050,7050,7050,0
2022-02-16 11:13:00,7050,7050,7050,7050,0
2022-02-16 11:14:00,7075,7075,7075,7075,400
2022-02-16 11:15:00,7075,7075,7075,7075,5000
2022-02-16 11:16:00,7075,7075,7075,7075,500
2022-02-16 11:17:00,7075,7075,7075,7075,400
2022-02-16 11:18:00,7075,7075,7075,7075,1300
2022-02-16 11:19:00,7075,7075,7075,7075,0
2022-02-16 11:20:00,7075,7075,7075,7075,2100
2022-02-16 11:21:00,7075,7075,7075,7075,100
2022-02-16 11:22:00,7075,7075,7075,7075,1400
2022-02-16 11:23:00,7075,7075,7075,7075,0
2022-02-16 11:24:00,7075,7075,7075,7075,0
2022-02-16 11:25:00,7075,7075,7075,7075,200
2022-02-16 11:26:00,7075,7075,7075,7075,1100
2022-02-16 11:27:00,7075,7075,7075,7075,0
2022-02-16 11:28:00,7075,7075,7075,7075,0
2022-02-16 11:29:00,7075,7075,7075,7075,200
2022-02-16 11:30:00,7075,7075,7075,7075,0
2022-02-16 11:31:00,7075,7075,7075,7075,0
2022-02-16 11:32:00,7075,7075,7075,7075,0
2022-02-16 11:33:00,7075,7075,7075,7075,0
2022-02-16 11:34:00,7075,7075,7075,7075,0
2022-02-16 11:35:00,7075,7075,7075,7075,0
2022-02-16 11:36:00,7075,7075,7075,7075,0
2022-02-16 11:37:00,7075,7075,7075,7075,0
2022-02-16 11:38:00,7075,7075,7075,7075,0
2022-02-16 11:39:00,7075,7075,7075,7075,0
2022-02-16 11:40:00,7075,7075,7075,7075,0
2022-02-16 11:41:00,7075,7075,7075,7075,0
2022-02-16 11:42:00,7075,7075,7075,7075,0
2022-02-16 11:43:00,7075,7075,7075,7075,0
2022-02-16 11:44:00,7075,7075,7075,7075,0
2022-02-16 11:45:00,7075,7075,7075,7075,0
2022-02-16 11:46:00,7075,7075,7075,7075,0
2022-02-16 11:47:00,7075,7075,7075,7075,0
2022-02-16 11:48:00,7075,7075,7075,7075,0
2022-02-16 11:49:00,7075,7075,7075,7075,0
2022-02-16 11:50:00,7075,7075,7075,7075,0
2022-02-16 11:51:00,7075,7075,7075,7075,0
2022-02-16 11:52:00,7075,7075,7075,7075,0
2022-02-16 11:53:00,7075,7075,7075,7075,0
2022-02-16 11:54:00,7075,7075,7075,7075,0
2022-02-16 11:55:00,7075,7075,7075,7075,0
2022-02-16 11:56:00,7075,7075,7075,7075,0
2022-02-16 11:57:00,7075,7075,7075,7075,0
2022-02-16 11:58:00,7075,7075,7075,7075,0
2022-02-16 11:59:00,7075,7075,7075,7075,0
2022-02-16 12:00:00,7075,7075,7075,7075,0
2022-02-16 12:01:00,7075,7075,7075,7075,0
2022-02-16 12:02:00,7075,7075,7075,7075,0
2022-02-16 12:03:00,7075,7075,7075,7075,0
2022-02-16 12:04:00,7075,7075,7075,7075,0
2022-02-16 12:05:00,7075,7075,7075,7075,0
2022-02-16 12:06:00,7075,7075,7075,7075,0
2022-02-16 12:07:00,7075,7075,7075,7075,0
2022-02-16 12:08:00,7075,7075,7075,7075,0
2022-02-16 12:09:00,7075,7075,7075,7075,0
2022-02-16 12:10:00,7075,7075,7075,7075,0
2022-02-16 12:11:00,7075,7075,7075,7075,0
2022-02-16 12:12:00,7075,7075,7075,7075,0
2022-02-16 12:13:00,7075,7075,7075,7075,0
2022-02-16 12:14:00,7075,7075,7075,7075,0
2022-02-16 12:15:00,7075,7075,7075,7075,0
2022-02-16 12:16:00,7075,7075,7075,7075,0
2022-02-16 12:17:00,7075,7075,7075,7075,0
2022-02-16 12:18:00,7075,7075,7075,7075,0
2022-02-16 12:19:00,7075,7075,7075,7075,0
2022-02-16 12:20:00,7075,7075,7075,7075,0
2022-02-16 12:21:00,7075,7075,7075,7075,0
2022-02-16 12:22:00,7075,7075,7075,7075,0
2022-02-16 12:23:00,7075,7075,7075,7075,0
2022-02-16 12:24:00,7075,7075,7075,7075,0
2022-02-16 12:25:00,7075,7075,7075,7075,0
2022-02-16 12:26:00,7075,7075,7075,7075,0
2022-02-16 12:27:00,7075,7075,7075,7075,0
2022-02-16 12:28:00,7075,7075,7075,7075,0
2022-02-16 12:29:00,7075,7075,7075,7075,0
2022-02-16 12:30:00,7075,7075,7075,7075,0
2022-02-16 12:31:00,7075,7075,7075,7075,0
2022-02-16 12:32:00,7075,7075,7075,7075,0
2022-02-16 12:33:00,7075,7075,7075,7075,0
2022-02-16 12:34:00,7075,7075,7075,7075,0
2022-02-16 12:35:00,7075,7075,7075,7075,0
2022-02-16 12:36:00,7075,7075,7075,7075,0
2022-02-16 12:37:00,7075,7075,7075,7075,0
2022-02-16 12:38:00,7075,7075,7075,7075,0
2022-02-16 12:39:00,7075,7075,7075,7075,0
2022-02-16 12:40:00,7075,7075,7075,7075,0
2022-02-16 12:41:00,7075,7075,7075,7075,0
2022-02-16 12:42:00,7075,7075,7075,7075,0
2022-02-16 12:43:00,7075,7075,7075,7075,0
2022-02-16 12:44:00,7075,7075,7075,7075,0
2022-02-16 12:45:00,7075,7075,7075,7075,0
2022-02-16 12:46:00,7075,7075,7075,7075,0
2022-02-16 12:47:00,7075,7075,7075,7075,0
2022-02-16 12:48:00,7075,7075,7075,7075,0
2022-02-16 12:49:00,7075,7075,7075,7075,0
2022-02-16 12:50:00,7075,7075,7075,7075,0
2022-02-16 12:51:00,7075,7075,7075,7075,0
2022-02-16 12:52:00,7075,7075,7075,7075,0
2022-02-16 12:53:00,7075,7075,7075,7075,0
2022-02-16 12:54:00,7075,7075,7075,7075,0
2022-02-16 12:55:00,7075,7075,7075,7075,0
2022-02-16 12:56:00,7075,7075,7075,7075,0
2022-02-16 12:57:00,7075,7075,7075,7075,0
2022-02-16 12:58:00,7075,7075,7075,7075,0
2022-02-16 12:59:00,7075,7075,7075,7075,0
2022-02-16 13:00:00,7075,7075,7075,7075,0
2022-02-16 13:01:00,7075,7075,7075,7075,0
2022-02-16 13:02:00,7075,7075,7075,7075,0
2022-02-16 13:03:00,7075,7075,7075,7075,0
2022-02-16 13:04:00,7075,7075,7075,7075,0
2022-02-16 13:05:00,7075,7075,7075,7075,0
2022-02-16 13:06:00,7075,7075,7075,7075,0
2022-02-16 13:07:00,7075,7075,7075,7075,0
2022-02-16 13:08:00,7075,7075,7075,7075,0
2022-02-16 13:09:00,7075,7075,7075,7075,0
2022-02-16 13:10:00,7075,7075,7075,7075,0
2022-02-16 13:11:00,7075,7075,7075,7075,0
2022-02-16 13:12:00,7075,7075,7075,7075,0
2022-02-16 13:13:00,7075,7075,7075,7075,0
2022-02-16 13:14:00,7075,7075,7075,7075,0
2022-02-16 13:15:00,7075,7075,7075,7075,0
2022-02-16 13:16:00,7075,7075,7075,7075,0
2022-02-16 13:17:00,7075,7075,7075,7075,0
2022-02-16 13:18:00,7075,7075,7075,7075,0
2022-02-16 13:19:00,7075,7075,7075,7075,0
2022-02-16 13:20:00,7075,7075,7075,7075,0
2022-02-16 13:21:00,7075,7075,7075,7075,0
2022-02-16 13:22:00,7075,7075,7075,7075,0
2022-02-16 13:23:00,7075,7075,7075,7075,0
2022-02-16 13:24:00,7075,7075,7075,7075,0
2022-02-16 13:25:00,7075,7075,7075,7075,0
2022-02-16 13:26:00,7075,7075,7075,7075,0
2022-02-16 13:27:00,7075,7075,7075,7075,0
2022-02-16 13:28:00,7075,7075,7075,7075,0
2022-02-16 13:29:00,7075,7075,7075,7075,0
2022-02-16 13:30:00,7075,7050,7075,7050,6700
2022-02-16 13:31:00,7075,7050,7075,7050,0
2022-02-16 13:32:00,7050,7050,7050,7050,1000
2022-02-16 13:33:00,7050,7050,7075,7075,300
2022-02-16 13:34:00,7075,7075,7075,7075,100
2022-02-16 13:35:00,7075,7050,7075,7050,5600
2022-02-16 13:36:00,7075,7075,7075,7075,85200
2022-02-16 13:37:00,7100,7100,7100,7100,2100
2022-02-16 13:38:00,7100,7100,7100,7100,74000
2022-02-16 13:39:00,7100,7100,7100,7100,112100
2022-02-16 13:40:00,7100,7100,7100,7100,41700
2022-02-16 13:41:00,7100,7100,7100,7100,1100
2022-02-16 13:42:00,7100,7100,7100,7100,41100
2022-02-16 13:43:00,7100,7100,7100,7100,12300
2022-02-16 13:44:00,7100,7100,7125,7125,35100
2022-02-16 13:45:00,7100,7100,7125,7125,5100
2022-02-16 13:46:00,7125,7125,7125,7125,1000
2022-02-16 13:47:00,7100,7100,7125,7125,2700
2022-02-16 13:48:00,7100,7100,7125,7125,0
2022-02-16 13:49:00,7100,7100,7125,7125,0
2022-02-16 13:50:00,7125,7125,7125,7125,5500
2022-02-16 13:51:00,7125,7100,7125,7100,800
2022-02-16 13:52:00,7125,7125,7125,7125,200
2022-02-16 13:53:00,7100,7100,7100,7100,7800
2022-02-16 13:54:00,7125,7125,7125,7125,200
2022-02-16 13:55:00,7125,7125,7125,7125,7500
2022-02-16 13:56:00,7125,7125,7125,7125,2000
2022-02-16 13:57:00,7125,7100,7125,7100,2700
2022-02-16 13:58:00,7100,7100,7125,7100,111600
2022-02-16 13:59:00,7100,7100,7100,7100,17900
2022-02-16 14:00:00,7100,7100,7100,7100,1200
2022-02-16 14:01:00,7100,7100,7100,7100,1800
2022-02-16 14:02:00,7100,7075,7100,7100,7600
2022-02-16 14:03:00,7100,7100,7100,7100,18800
2022-02-16 14:04:00,7100,7100,7100,7100,300
2022-02-16 14:05:00,7100,7100,7100,7100,1500
2022-02-16 14:06:00,7100,7100,7100,7100,100
2022-02-16 14:07:00,7100,7075,7100,7100,2900
2022-02-16 14:08:00,7100,7100,7100,7100,300
2022-02-16 14:09:00,7100,7100,7100,7100,1900
2022-02-16 14:10:00,7100,7100,7100,7100,4000
2022-02-16 14:11:00,7100,7100,7100,7100,3000
2022-02-16 14:12:00,7075,7075,7100,7100,7600
2022-02-16 14:13:00,7075,7075,7100,7100,0
2022-02-16 14:14:00,7100,7100,7100,7100,8700
2022-02-16 14:15:00,7100,7100,7100,7100,1200
2022-02-16 14:16:00,7100,7100,7100,7100,10000
2022-02-16 14:17:00,7100,7100,7100,7100,0
2022-02-16 14:18:00,7100,7100,7100,7100,0
2022-02-16 14:19:00,7100,7075,7100,7075,12800
2022-02-16 14:20:00,7075,7075,7100,7100,5200
2022-02-16 14:21:00,7075,7075,7100,7100,0
2022-02-16 14:22:00,7100,7100,7100,7100,1100
2022-02-16 14:23:00,7100,7100,7100,7100,0
2022-02-16 14:24:00,7100,7100,7100,7100,800
2022-02-16 14:25:00,7075,7075,7075,7075,2800
2022-02-16 14:26:00,7075,7075,7100,7100,6600
2022-02-16 14:27:00,7100,7075,7100,7100,29700
2022-02-16 14:28:00,7100,7100,7100,7100,109700
2022-02-16 14:29:00,7100,7100,7100,7100,28800
2022-02-16 14:30:00,7100,7100,7100,7100,0
2022-02-16 14:31:00,7100,7075,7100,7075,22800
2022-02-16 14:32:00,7100,7100,7100,7100,11800
2022-02-16 14:33:00,7100,7075,7100,7075,1100
2022-02-16 14:34:00,7100,7100,7100,7100,2700
2022-02-16 14:35:00,7100,7100,7100,7100,2000
2022-02-16 14:36:00,7100,7100,7100,7100,9400
2022-02-16 14:37:00,7100,7075,7100,7075,50700
2022-02-16 14:38:00,7100,7075,7100,7075,0
2022-02-16 14:39:00,7075,7075,7075,7075,5000
2022-02-16 14:40:00,7075,7075,7075,7075,23600
2022-02-16 14:41:00,7075,7075,7075,7075,300
2022-02-16 14:42:00,7075,7075,7075,7075,0
2022-02-16 14:43:00,7100,7075,7100,7100,6300
2022-02-16 14:44:00,7075,7075,7100,7100,2000
2022-02-16 14:45:00,7100,7100,7100,7100,1600
2022-02-16 14:46:00,7100,7075,7100,7075,4300
2022-02-16 14:47:00,7100,7100,7100,7100,1700
2022-02-16 14:48:00,7075,7075,7100,7100,5600
2022-02-16 14:49:00,7100,7075,7100,7100,30900
2022-02-16 14:50:00,7100,7075,7100,7100,0
2022-02-16 14:51:00,7100,7075,7100,7100,0
2022-02-16 14:52:00,7100,7075,7100,7100,0
2022-02-16 14:53:00,7100,7075,7100,7100,0
2022-02-16 14:54:00,7100,7075,7100,7100,0
2022-02-16 14:55:00,7100,7075,7100,7100,0
2022-02-16 14:56:00,7100,7075,7100,7100,0
2022-02-16 14:57:00,7100,7075,7100,7100,0
2022-02-16 14:58:00,7100,7075,7100,7100,0
2022-02-16 14:59:00,7100,7075,7100,7100,0
2022-02-16 15:00:00,7100,7100,7100,7100,72600
2022-02-16 15:01:00,7100,7100,7100,7100,600
2022-02-16 15:02:00,7100,7100,7100,7100,0
2022-02-16 15:03:00,7100,7100,7100,7100,200
2022-02-16 15:04:00,7100,7100,7100,7100,300
2022-02-16 15:05:00,7100,7100,7100,7100,200
2022-02-16 15:06:00,7100,7100,7100,7100,0
2022-02-16 15:07:00,7100,7100,7100,7100,200
2022-02-16 15:08:00,7100,7100,7100,7100,700
2022-02-16 15:09:00,7100,7100,7100,7100,0
2022-02-16 15:10:00,7100,7100,7100,7100,100
2022-02-16 15:11:00,7100,7100,7100,7100,0
2022-02-16 15:12:00,7100,7100,7100,7100,3100
2022-02-16 15:13:00,7100,7100,7100,7100,23700
2022-02-16 15:14:00,7100,7100,7100,7100,10000
2022-02-16 15:15:00,7100,7100,7100,7100,0
2022-02-16 15:16:00,7100,7100,7100,7100,0
2022-02-16 15:17:00,7100,7100,7100,7100,0
2022-02-16 15:18:00,7100,7100,7100,7100,0
2022-02-16 15:19:00,7100,7100,7100,7100,0
2022-02-16 15:20:00,7100,7100,7100,7100,0
2022-02-16 15:21:00,7100,7100,7100,7100,0
2022-02-16 15:22:00,7100,7100,7100,7100,0
2022-02-16 15:23:00,7100,7100,7100,7100,0
2022-02-16 15:24:00,7100,7100,7100,7100,0
2022-02-16 15:25:00,7100,7100,7100,7100,0
2022-02-16 15:26:00,7100,7100,7100,7100,0
2022-02-16 15:27:00,7100,7100,7100,7100,0
2022-02-16 15:28:00,7100,7100,7100,7100,0
2022-02-16 15:29:00,7100,7100,7100,7100,0
2022-02-16 15:30:00,7100,7100,7100,7100,0
2022-02-16 15:31:00,7100,7100,7100,7100,0
2022-02-16 15:32:00,7100,7100,7100,7100,0
2022-02-16 15:33:00,7100,7100,7100,7100,0
2022-02-16 15:34:00,7100,7100,7100,7100,0
2022-02-16 15:35:00,7100,7100,7100,7100,0
2022-02-16 15:36:00,7100,7100,7100,7100,0
2022-02-16 15:37:00,7100,7100,7100,7100,0
2022-02-16 15:38:00,7100,7100,7100,7100,0
2022-02-16 15:39:00,7100,7100,7100,7100,0
2022-02-16 15:40:00,7100,7100,7100,7100,0
2022-02-16 15:41:00,7100,7100,7100,7100,0
2022-02-16 15:42:00,7100,7100,7100,7100,0
2022-02-16 15:43:00,7100,7100,7100,7100,0
2022-02-16 15:44:00,7100,7100,7100,7100,0
2022-02-16 15:45:00,7100,7100,7100,7100,0
2022-02-16 15:46:00,7100,7100,7100,7100,0
2022-02-16 15:47:00,7100,7100,7100,7100,0
2022-02-16 15:48:00,7100,7100,7100,7100,0
2022-02-16 15:49:00,7100,7100,7100,7100,0
2022-02-16 15:50:00,7100,7100,7100,7100,0
2022-02-16 15:51:00,7100,7100,7100,7100,0
2022-02-16 15:52:00,7100,7100,7100,7100,0
2022-02-16 15:53:00,7100,7100,7100,7100,0
2022-02-16 15:54:00,7100,7100,7100,7100,0
2022-02-16 15:55:00,7100,7100,7100,7100,0
2022-02-16 15:56:00,7100,7100,7100,7100,0
2022-02-16 15:57:00,7100,7100,7100,7100,0
2022-02-16 15:58:00,7100,7100,7100,7100,0
2022-02-16 15:59:00,7100,7100,7100,7100,0
2022-02-17 09:00:00,7175,7175,7175,7175,14400
2022-02-17 09:01:00,7175,7150,7175,7150,3900
2022-02-17 09:02:00,7150,7125,7175,7150,106100
2022-02-17 09:03:00,7150,7150,7150,7150,7500
2022-02-17 09:04:00,7150,7150,7150,7150,0
2022-02-17 09:05:00,7150,7125,7150,7150,20200
2022-02-17 09:06:00,7150,7125,7150,7125,16500
2022-02-17 09:07:00,7125,7125,7125,7125,34100
2022-02-17 09:08:00,7125,7125,7125,7125,30800
2022-02-17 09:09:00,7125,7125,7125,7125,100
2022-02-17 09:10:00,7125,7100,7125,7100,7100
2022-02-17 09:11:00,7100,7100,7100,7100,42700
2022-02-17 09:12:00,7100,7100,7100,7100,11600
2022-02-17 09:13:00,7100,7100,7100,7100,100
2022-02-17 09:14:00,7075,7075,7100,7100,8100
2022-02-17 09:15:00,7100,7100,7100,7100,23200
2022-02-17 09:16:00,7100,7100,7100,7100,2900
2022-02-17 09:17:00,7100,7100,7100,7100,0
2022-02-17 09:18:00,7100,7100,7100,7100,0
2022-02-17 09:19:00,7075,7075,7075,7075,200
2022-02-17 09:20:00,7075,7075,7075,7075,100
2022-02-17 09:21:00,7100,7100,7100,7100,2000
2022-02-17 09:22:00,7100,7075,7100,7075,200
2022-02-17 09:23:00,7075,7075,7075,7075,100
2022-02-17 09:24:00,7075,7075,7075,7075,5200
2022-02-17 09:25:00,7075,7075,7075,7075,13300
2022-02-17 09:26:00,7075,7075,7075,7075,19500
2022-02-17 09:27:00,7075,7075,7075,7075,200
2022-02-17 09:28:00,7075,7075,7075,7075,0
2022-02-17 09:29:00,7075,7050,7075,7050,48500
2022-02-17 09:30:00,7075,7050,7075,7050,10000
2022-02-17 09:31:00,7050,7050,7050,7050,400
2022-02-17 09:32:00,7050,7050,7075,7075,1700
2022-02-17 09:33:00,7050,7050,7050,7050,1600
2022-02-17 09:34:00,7050,7050,7050,7050,0
2022-02-17 09:35:00,7050,7050,7050,7050,0
2022-02-17 09:36:00,7075,7075,7075,7075,2000
2022-02-17 09:37:00,7075,7075,7075,7075,0
2022-02-17 09:38:00,7075,7075,7075,7075,0
2022-02-17 09:39:00,7075,7075,7075,7075,0
2022-02-17 09:40:00,7075,7075,7075,7075,0
2022-02-17 09:41:00,7075,7075,7075,7075,0
2022-02-17 09:42:00,7075,7075,7075,7075,10000
2022-02-17 09:43:00,7075,7075,7075,7075,200
2022-02-17 09:44:00,7075,7075,7075,7075,13600
2022-02-17 09:45:00,7050,7050,7050,7050,1000
2022-02-17 09:46:00,7075,7075,7075,7075,2000
2022-02-17 09:47:00,7050,7050,7050,7050,1700
2022-02-17 09:48:00,7050,7050,7050,7050,101400
2022-02-17 09:49:00,7050,7050,7050,7050,1000
2022-02-17 09:50:00,7075,7075,7075,7075,100
2022-02-17 09:51:00,7075,7075,7075,7075,0
2022-02-17 09:52:00,7075,7075,7075,7075,0
2022-02-17 09:53:00,7075,7075,7075,7075,0
2022-02-17 09:54:00,7075,7075,7075,7075,1000
2022-02-17 09:55:00,7050,7050,7050,7050,1900
2022-02-17 09:56:00,7050,7050,7050,7050,5100
2022-02-17 09:57:00,7050,7050,7050,7050,3500
2022-02-17 09:58:00,7050,7050,7050,7050,5100
2022-02-17 09:59:00,7050,7050,7050,7050,6600
2022-02-17 10:00:00,7050,7050,7050,7050,100
2022-02-17 10:01:00,7050,7050,7050,7050,0
2022-02-17 10:02:00,7050,7050,7050,7050,0
2022-02-17 10:03:00,7050,7050,7050,7050,1000
2022-02-17 10:04:00,7050,7050,7050,7050,1000
2022-02-17 10:05:00,7050,7050,7050,7050,600
2022-02-17 10:06:00,7075,7075,7075,7075,500
2022-02-17 10:07:00,7075,7075,7075,7075,0
2022-02-17 10:08:00,7075,7075,7075,7075,0
2022-02-17 10:09:00,7050,7050,7075,7075,2600
2022-02-17 10:10:00,7050,7050,7075,7075,0
2022-02-17 10:11:00,7050,7050,7050,7050,1200
2022-02-17 10:12:00,7050,7050,7050,7050,300
2022-02-17 10:13:00,7050,7050,7050,7050,0
2022-02-17 10:14:00,7050,7050,7050,7050,0
2022-02-17 10:15:00,7050,7050,7050,7050,300
2022-02-17 10:16:00,7050,7050,7050,7050,300
2022-02-17 10:17:00,7050,7050,7050,7050,0
2022-02-17 10:18:00,7050,7050,7050,7050,5800
2022-02-17 10:19:00,7050,7050,7050,7050,0
2022-02-17 10:20:00,7075,7075,7075,7075,100
2022-02-17 10:21:00,7075,7075,7075,7075,8700
2022-02-17 10:22:00,7075,7050,7075,7050,4600
2022-02-17 10:23:00,7075,7075,7075,7075,200
2022-02-17 10:24:00,7050,7050,7050,7050,1000
2022-02-17 10:25:00,7050,7050,7050,7050,800
2022-02-17 10:26:00,7050,7050,7050,7050,35500
2022-02-17 10:27:00,7050,7050,7050,7050,0
2022-02-17 10:28:00,7050,7050,7050,7050,0
2022-02-17 10:29:00,7050,7050,7050,7050,0
2022-02-17 10:30:00,7050,7050,7050,7050,5100
2022-02-17 10:31:00,7050,7050,7050,7050,1100
2022-02-17 10:32:00,7050,7050,7050,7050,1500
2022-02-17 10:33:00,7050,7050,7050,7050,6900
2022-02-17 10:34:00,7050,7050,7050,7050,0
2022-02-17 10:35:00,7050,7050,7075,7075,1500
2022-02-17 10:36:00,7050,7050,7075,7075,300
2022-02-17 10:37:00,7075,7050,7075,7050,1300
2022-02-17 10:38:00,7075,7050,7075,7050,0
2022-02-17 10:39:00,7050,7050,7050,7050,3100
2022-02-17 10:40:00,7050,7050,7050,7050,0
2022-02-17 10:41:00,7050,7050,7050,7050,0
2022-02-17 10:42:00,7050,7050,7050,7050,1600
2022-02-17 10:43:00,7050,7050,7050,7050,0
2022-02-17 10:44:00,7025,7025,7050,7050,2300
2022-02-17 10:45:00,7050,7050,7050,7050,300
2022-02-17 10:46:00,7050,7050,7050,7050,600
2022-02-17 10:47:00,7050,7050,7050,7050,0
2022-02-17 10:48:00,7050,7050,7050,7050,2500
2022-02-17 10:49:00,7050,7050,7050,7050,0
2022-02-17 10:50:00,7025,7025,7025,7025,1100
2022-02-17 10:51:00,7025,7025,7025,7025,0
2022-02-17 10:52:00,7050,7025,7050,7025,500
2022-02-17 10:53:00,7050,7050,7050,7050,200
2022-02-17 10:54:00,7025,7025,7025,7025,600
2022-02-17 10:55:00,7025,7025,7050,7050,2200
2022-02-17 10:56:00,7050,7050,7050,7050,10100
2022-02-17 10:57:00,7025,7025,7050,7050,1700
2022-02-17 10:58:00,7025,7025,7050,7050,0
2022-02-17 10:59:00,7025,7025,7050,7050,0
2022-02-17 11:00:00,7025,7025,7050,7050,0
2022-02-17 11:01:00,7025,7025,7050,7050,0
2022-02-17 11:02:00,7025,7025,7050,7050,0
2022-02-17 11:03:00,7050,7025,7050,7025,44300
2022-02-17 11:04:00,7025,7025,7050,7025,2500
2022-02-17 11:05:00,7050,7025,7050,7025,28900
2022-02-17 11:06:00,7025,7025,7025,7025,5200
2022-02-17 11:07:00,7050,7050,7050,7050,700
2022-02-17 11:08:00,7050,7050,7050,7050,0
2022-02-17 11:09:00,7050,7050,7050,7050,0
2022-02-17 11:10:00,7025,7025,7025,7025,1000
2022-02-17 11:11:00,7025,7025,7025,7025,20000
2022-02-17 11:12:00,7025,7025,7025,7025,0
2022-02-17 11:13:00,7025,7025,7025,7025,46500
2022-02-17 11:14:00,7025,7025,7025,7025,0
2022-02-17 11:15:00,7025,7025,7025,7025,0
2022-02-17 11:16:00,7025,7025,7025,7025,2200
2022-02-17 11:17:00,7025,7025,7025,7025,1500
2022-02-17 11:18:00,7025,7025,7025,7025,0
2022-02-17 11:19:00,7050,7050,7050,7050,100
2022-02-17 11:20:00,7050,7050,7050,7050,0
2022-02-17 11:21:00,7025,7025,7025,7025,1000
2022-02-17 11:22:00,7050,7050,7050,7050,100
2022-02-17 11:23:00,7025,7025,7025,7025,1100
2022-02-17 11:24:00,7025,7025,7025,7025,0
2022-02-17 11:25:00,7025,7025,7025,7025,3000
2022-02-17 11:26:00,7025,7025,7025,7025,1500
2022-02-17 11:27:00,7025,7025,7025,7025,0
2022-02-17 11:28:00,7025,7025,7025,7025,1000
2022-02-17 11:29:00,7025,7000,7025,7000,301800
2022-02-17 11:30:00,7025,7000,7025,7000,0
2022-02-17 11:31:00,7025,7000,7025,7000,0
2022-02-17 11:32:00,7025,7000,7025,7000,0
2022-02-17 11:33:00,7025,7000,7025,7000,0
2022-02-17 11:34:00,7025,7000,7025,7000,0
2022-02-17 11:35:00,7025,7000,7025,7000,0
2022-02-17 11:36:00,7025,7000,7025,7000,0
2022-02-17 11:37:00,7025,7000,7025,7000,0
2022-02-17 11:38:00,7025,7000,7025,7000,0
2022-02-17 11:39:00,7025,7000,7025,7000,0
2022-02-17 11:40:00,7025,7000,7025,7000,0
2022-02-17 11:41:00,7025,7000,7025,7000,0
2022-02-17 11:42:00,7025,7000,7025,7000,0
2022-02-17 11:43:00,7025,7000,7025,7000,0
2022-02-17 11:44:00,7025,7000,7025,7000,0
2022-02-17 11:45:00,7025,7000,7025,7000,0
2022-02-17 11:46:00,7025,7000,7025,7000,0
2022-02-17 11:47:00,7025,7000,7025,7000,0
2022-02-17 11:48:00,7025,7000,7025,7000,0
2022-02-17 11:49:00,7025,7000,7025,7000,0
2022-02-17 11:50:00,7025,7000,7025,7000,0
2022-02-17 11:51:00,7025,7000,7025,7000,0
2022-02-17 11:52:00,7025,7000,7025,7000,0
2022-02-17 11:53:00,7025,7000,7025,7000,0
2022-02-17 11:54:00,7025,7000,7025,7000,0
2022-02-17 11:55:00,7025,7000,7025,7000,0
2022-02-17 11:56:00,7025,7000,7025,7000,0
2022-02-17 11:57:00,7025,7000,7025,7000,0
2022-02-17 11:58:00,7025,7000,7025,7000,0
2022-02-17 11:59:00,7025,7000,7025,7000,0
2022-02-17 12:00:00,7025,7000,7025,7000,0
2022-02-17 12:01:00,7025,7000,7025,7000,0
2022-02-17 12:02:00,7025,7000,7025,7000,0
2022-02-17 12:03:00,7025,7000,7025,7000,0
2022-02-17 12:04:00,7025,7000,7025,7000,0
2022-02-17 12:05:00,7025,7000,7025,7000,0
2022-02-17 12:06:00,7025,7000,7025,7000,0
2022-02-17 12:07:00,7025,7000,7025,7000,0
2022-02-17 12:08:00,7025,7000,7025,7000,0
2022-02-17 12:09:00,7025,7000,7025,7000,0
2022-02-17 12:10:00,7025,7000,7025,7000,0
2022-02-17 12:11:00,7025,7000,7025,7000,0
2022-02-17 12:12:00,7025,7000,7025,7000,0
2022-02-17 12:13:00,7025,7000,7025,7000,0
2022-02-17 12:14:00,7025,7000,7025,7000,0
2022-02-17 12:15:00,7025,7000,7025,7000,0
2022-02-17 12:16:00,7025,7000,7025,7000,0
2022-02-17 12:17:00,7025,7000,7025,7000,0
2022-02-17 12:18:00,7025,7000,7025,7000,0
2022-02-17 12:19:00,7025,7000,7025,7000,0
2022-02-17 12:20:00,7025,7000,7025,7000,0
2022-02-17 12:21:00,7025,7000,7025,7000,0
2022-02-17 12:22:00,7025,7000,7025,7000,0
2022-02-17 12:23:00,7025,7000,7025,7000,0
2022-02-17 12:24:00,7025,7000,7025,7000,0
2022-02-17 12:25:00,7025,7000,7025,7000,0
2022-02-17 12:26:00,7025,7000,7025,7000,0
2022-02-17 12:27:00,7025,7000,7025,7000,0
2022-02-17 12:28:00,7025,7000,7025,7000,0
2022-02-17 12:29:00,7025,7000,7025,7000,0
2022-02-17 12:30:00,7025,7000,7025,7000,0
2022-02-17 12:31:00,7025,7000,7025,7000,0
2022-02-17 12:32:00,7025,7000,7025,7000,0
2022-02-17 12:33:00,7025,7000,7025,7000,0
2022-02-17 12:34:00,7025,7000,7025,7000,0
2022-02-17 12:35:00,7025,7000,7025,7000,0
2022-02-17 12:36:00,7025,7000,7025,7000,0
2022-02-17 12:37:00,7025,7000,7025,7000,0
2022-02-17 12:38:00,7025,7000,7025,7000,0
2022-02-17 12:39:00,7025,7000,7025,7000,0
2022-02-17 12:40:00,7025,7000,7025,7000,0
2022-02-17 12:41:00,7025,7000,7025,7000,0
2022-02-17 12:42:00,7025,7000,7025,7000,0
2022-02-17 12:43:00,7025,7000,7025,7000,0
2022-02-17 12:44:00,7025,7000,7025,7000,0
2022-02-17 12:45:00,7025,7000,7025,7000,0
2022-02-17 12:46:00,7025,7000,7025,7000,0
2022-02-17 12:47:00,7025,7000,7025,7000,0
2022-02-17 12:48:00,7025,7000,7025,7000,0
2022-02-17 12:49:00,7025,7000,7025,7000,0
2022-02-17 12:50:00,7025,7000,7025,7000,0
2022-02-17 12:51:00,7025,7000,7025,7000,0
2022-02-17 12:52:00,7025,7000,7025,7000,0
2022-02-17 12:53:00,7025,7000,7025,7000,0
2022-02-17 12:54:00,7025,7000,7025,7000,0
2022-02-17 12:55:00,7025,7000,7025,7000,0
2022-02-17 12:56:00,7025,7000,7025,7000,0
2022-02-17 12:57:00,7025,7000,7025,7000,0
2022-02-17 12:58:00,7025,7000,7025,7000,0
2022-02-17 12:59:00,7025,7000,7025,7000,0
2022-02-17 13:00:00,7025,7000,7025,7000,0
2022-02-17 13:01:00,7025,7000,7025,7000,0
2022-02-17 13:02:00,7025,7000,7025,7000,0
2022-02-17 13:03:00,7025,7000,7025,7000,0
2022-02-17 13:04:00,7025,7000,7025,7000,0
2022-02-17 13:05:00,7025,7000,7025,7000,0
2022-02-17 13:06:00,7025,7000,7025,7000,0
2022-02-17 13:07:00,7025,7000,7025,7000,0
2022-02-17 13:08:00,7025,7000,7025,7000,0
2022-02-17 13:09:00,7025,7000,7025,7000,0
2022-02-17 13:10:00,7025,7000,7025,7000,0
2022-02-17 13:11:00,7025,7000,7025,7000,0
2022-02-17 13:12:00,7025,7000,7025,7000,0
2022-02-17 13:13:00,7025,7000,7025,7000,0
2022-02-17 13:14:00,7025,7000,7025,7000,0
2022-02-17 13:15:00,7025,7000,7025,7000,0
2022-02-17 13:16:00,7025,7000,7025,7000,0
2022-02-17 13:17:00,7025,7000,7025,7000,0
2022-02-17 13:18:00,7025,7000,7025,7000,0
2022-02-17 13:19:00,7025,7000,7025,7000,0
2022-02-17 13:20:00,7025,7000,7025,7000,0
2022-02-17 13:21:00,7025,7000,7025,7000,0
2022-02-17 13:22:00,7025,7000,7025,7000,0
2022-02-17 13:23:00,7025,7000,7025,7000,0
2022-02-17 13:24:00,7025,7000,7025,7000,0
2022-02-17 13:25:00,7025,7000,7025,7000,0
2022-02-17 13:26:00,7025,7000,7025,7000,0
2022-02-17 13:27:00,7025,7000,7025,7000,0
2022-02-17 13:28:00,7025,7000,7025,7000,0
2022-02-17 13:29:00,7025,7000,7025,7000,0
2022-02-17 13:30:00,7025,7000,7025,7000,17900
2022-02-17 13:31:00,7000,7000,7000,7000,15300
2022-02-17 13:32:00,7025,7025,7025,7025,10100
2022-02-17 13:33:00,7025,7025,7025,7025,100
2022-02-17 13:34:00,7025,7025,7025,7025,700
2022-02-17 13:35:00,7025,7025,7025,7025,0
2022-02-17 13:36:00,7025,7025,7025,7025,1000
2022-02-17 13:37:00,7025,7025,7025,7025,11300
2022-02-17 13:38:00,7025,7025,7025,7025,700
2022-02-17 13:39:00,7025,7025,7025,7025,2300
2022-02-17 13:40:00,7025,7025,7025,7025,2400
2022-02-17 13:41:00,7025,7025,7025,7025,2700
2022-02-17 13:42:00,7025,7025,7025,7025,0
2022-02-17 13:43:00,7025,7025,7025,7025,0
2022-02-17 13:44:00,7025,7025,7025,7025,0
2022-02-17 13:45:00,7025,7025,7025,7025,0
2022-02-17 13:46:00,7025,7025,7050,7050,200
2022-02-17 13:47:00,7025,7025,7050,7050,0
2022-02-17 13:48:00,7050,7050,7050,7050,700
2022-02-17 13:49:00,7050,7050,7050,7050,1000
2022-02-17 13:50:00,7025,7025,7025,7025,1500
2022-02-17 13:51:00,7050,7050,7050,7050,5600
2022-02-17 13:52:00,7050,7050,7050,7050,0
2022-02-17 13:53:00,7050,7025,7050,7025,1800
2022-02-17 13:54:00,7025,7025,7025,7025,200
2022-02-17 13:55:00,7025,7025,7050,7050,800
2022-02-17 13:56:00,7050,7050,7050,7050,40600
2022-02-17 13:57:00,7050,7050,7050,7050,1000
2022-02-17 13:58:00,7050,7050,7050,7050,0
2022-02-17 13:59:00,7050,7050,7050,7050,200
2022-02-17 14:00:00,7050,7025,7050,7025,2100
2022-02-17 14:01:00,7050,7025,7050,7025,0
2022-02-17 14:02:00,7050,7025,7050,7025,0
2022-02-17 14:03:00,7050,7050,7050,7050,1300
2022-02-17 14:04:00,7050,7050,7050,7050,1100
2022-02-17 14:05:00,7050,7050,7050,7050,1000
2022-02-17 14:06:00,7050,7025,7050,7050,6800
2022-02-17 14:07:00,7025,7025,7025,7025,1100
2022-02-17 14:08:00,7050,7050,7050,7050,400
2022-02-17 14:09:00,7050,7050,7050,7050,0
2022-02-17 14:10:00,7050,7050,7050,7050,3600
2022-02-17 14:11:00,7050,7050,7050,7050,500
2022-02-17 14:12:00,7050,7050,7050,7050,0
2022-02-17 14:13:00,7050,7050,7050,7050,100
2022-02-17 14:14:00,7025,7025,7025,7025,20100
2022-02-17 14:15:00,7050,7050,7050,7050,100
2022-02-17 14:16:00,7050,7050,7050,7050,500
2022-02-17 14:17:00,7050,7050,7050,7050,0
2022-02-17 14:18:00,7050,7050,7050,7050,0
2022-02-17 14:19:00,7050,7050,7050,7050,0
2022-02-17 14:20:00,7050,7025,7050,7025,2400
2022-02-17 14:21:00,7050,7050,7050,7050,200
2022-02-17 14:22:00,7050,7050,7050,7050,0
2022-02-17 14:23:00,7050,7050,7050,7050,100
2022-02-17 14:24:00,7050,7025,7050,7025,1200
2022-02-17 14:25:00,7050,7025,7050,7025,0
2022-02-17 14:26:00,7050,7025,7050,7025,0
2022-02-17 14:27:00,7050,7025,7050,7025,2300
2022-02-17 14:28:00,7050,7050,7050,7050,100
2022-02-17 14:29:00,7050,7050,7050,7050,200
2022-02-17 14:30:00,7050,7025,7050,7025,5100
2022-02-17 14:31:00,7025,7025,7025,7025,11200
2022-02-17 14:32:00,7050,7050,7050,7050,200
2022-02-17 14:33:00,7050,7050,7050,7050,0
2022-02-17 14:34:00,7025,7025,7050,7050,4500
2022-02-17 14:35:00,7050,7050,7050,7050,200
2022-02-17 14:36:00,7050,7025,7050,7025,4800
2022-02-17 14:37:00,7050,7025,7050,7025,0
2022-02-17 14:38:00,7050,7025,7050,7025,0
2022-02-17 14:39:00,7050,7050,7050,7050,2300
2022-02-17 14:40:00,7050,7025,7050,7025,59200
2022-02-17 14:41:00,7025,7025,7025,7025,21000
2022-02-17 14:42:00,7025,7025,7025,7025,13400
2022-02-17 14:43:00,7025,7025,7025,7025,2800
2022-02-17 14:44:00,7025,7025,7025,7025,200
2022-02-17 14:45:00,7025,7025,7025,7025,0
2022-02-17 14:46:00,7025,7025,7025,7025,10700
2022-02-17 14:47:00,7025,7025,7025,7025,7600
2022-02-17 14:48:00,7025,7025,7025,7025,0
2022-02-17 14:49:00,7025,7025,7050,7025,54700
2022-02-17 14:50:00,7025,7025,7050,7025,0
2022-02-17 14:51:00,7025,7025,7050,7025,0
2022-02-17 14:52:00,7025,7025,7050,7025,0
2022-02-17 14:53:00,7025,7025,7050,7025,0
2022-02-17 14:54:00,7025,7025,7050,7025,0
2022-02-17 14:55:00,7025,7025,7050,7025,0
2022-02-17 14:56:00,7025,7025,7050,7025,0
2022-02-17 14:57:00,7025,7025,7050,7025,0
2022-02-17 14:58:00,7025,7025,7050,7025,0
2022-02-17 14:59:00,7025,7025,7050,7025,0
2022-02-17 15:00:00,7000,7000,7000,7000,57000
2022-02-17 15:01:00,7000,7000,7000,7000,0
2022-02-17 15:02:00,7000,7000,7000,7000,200
2022-02-17 15:03:00,7000,7000,7000,7000,0
2022-02-17 15:04:00,7000,7000,7000,7000,0
2022-02-17 15:05:00,7000,7000,7000,7000,0
2022-02-17 15:06:00,7000,7000,7000,7000,0
2022-02-17 15:07:00,7000,7000,7000,7000,0
2022-02-17 15:08:00,7000,7000,7000,7000,0
2022-02-17 15:09:00,7000,7000,7000,7000,0
2022-02-17 15:10:00,7000,7000,7000,7000,100
2022-02-17 15:11:00,7000,7000,7000,7000,0
2022-02-17 15:12:00,7000,7000,7000,7000,0
2022-02-17 15:13:00,7000,7000,7000,7000,0
2022-02-17 15:14:00,7000,7000,7000,7000,0
2022-02-17 15:15:00,7000,7000,7000,7000,0
2022-02-17 15:16:00,7000,7000,7000,7000,0
2022-02-17 15:17:00,7000,7000,7000,7000,0
2022-02-17 15:18:00,7000,7000,7000,7000,0
2022-02-17 15:19:00,7000,7000,7000,7000,0
2022-02-17 15:20:00,7000,7000,7000,7000,0
2022-02-17 15:21:00,7000,7000,7000,7000,0
2022-02-17 15:22:00,7000,7000,7000,7000,0
2022-02-17 15:23:00,7000,7000,7000,7000,0
2022-02-17 15:24:00,7000,7000,7000,7000,0
2022-02-17 15:25:00,7000,7000,7000,7000,0
2022-02-17 15:26:00,7000,7000,7000,7000,0
2022-02-17 15:27:00,7000,7000,7000,7000,0
2022-02-17 15:28:00,7000,7000,7000,7000,0
2022-02-17 15:29:00,7000,7000,7000,7000,0
2022-02-17 15:30:00,7000,7000,7000,7000,0
2022-02-17 15:31:00,7000,7000,7000,7000,0
2022-02-17 15:32:00,7000,7000,7000,7000,0
2022-02-17 15:33:00,7000,7000,7000,7000,0
2022-02-17 15:34:00,7000,7000,7000,7000,0
2022-02-17 15:35:00,7000,7000,7000,7000,0
2022-02-17 15:36:00,7000,7000,7000,7000,0
2022-02-17 15:37:00,7000,7000,7000,7000,0
2022-02-17 15:38:00,7000,7000,7000,7000,0
2022-02-17 15:39:00,7000,7000,7000,7000,0
2022-02-17 15:40:00,7000,7000,7000,7000,0
2022-02-17 15:41:00,7000,7000,7000,7000,0
2022-02-17 15:42:00,7000,7000,7000,7000,0
2022-02-17 15:43:00,7000,7000,7000,7000,0
2022-02-17 15:44:00,7000,7000,7000,7000,0
2022-02-17 15:45:00,7000,7000,7000,7000,0
2022-02-17 15:46:00,7000,7000,7000,7000,0
2022-02-17 15:47:00,7000,7000,7000,7000,0
2022-02-17 15:48:00,7000,7000,7000,7000,0
2022-02-17 15:49:00,7000,7000,7000,7000,0
2022-02-17 15:50:00,7000,7000,7000,7000,0
2022-02-17 15:51:00,7000,7000,7000,7000,0
2022-02-17 15:52:00,7000,7000,7000,7000,0
2022-02-17 15:53:00,7000,7000,7000,7000,0
2022-02-17 15:54:00,7000,7000,7000,7000,0
2022-02-17 15:55:00,7000,7000,7000,7000,0
2022-02-17 15:56:00,7000,7000,7000,7000,0
2022-02-17 15:57:00,7000,7000,7000,7000,0
2022-02-17 15:58:00,7000,7000,7000,7000,0
2022-02-17 15:59:00,7000,7000,7000,7000,0
2022-02-18 09:00:00,6975,6975,7000,6975,14800
2022-02-18 09:01:00,6975,6975,7000,7000,31400
2022-02-18 09:02:00,7000,6975,7000,6975,8800
2022-02-18 09:03:00,6975,6975,6975,6975,100
2022-02-18 09:04:00,6975,6975,6975,6975,2800
2022-02-18 09:05:00,7000,7000,7000,7000,10200
2022-02-18 09:06:00,7000,6975,7000,6975,3100
2022-02-18 09:07:00,7000,7000,7000,7000,1300
2022-02-18 09:08:00,7000,7000,7000,7000,300
2022-02-18 09:09:00,7000,7000,7000,7000,1100
2022-02-18 09:10:00,7000,7000,7000,7000,9100
2022-02-18 09:11:00,7000,7000,7000,7000,200
2022-02-18 09:12:00,7000,7000,7000,7000,0
2022-02-18 09:13:00,7000,7000,7000,7000,0
2022-02-18 09:14:00,7000,7000,7000,7000,0
2022-02-18 09:15:00,7000,7000,7000,7000,13300
2022-02-18 09:16:00,7025,7025,7025,7025,1100
2022-02-18 09:17:00,7025,7025,7025,7025,1000
2022-02-18 09:18:00,7025,7000,7025,7000,5300
2022-02-18 09:19:00,7025,7025,7025,7025,100
2022-02-18 09:20:00,7025,7025,7025,7025,10800
2022-02-18 09:21:00,7025,7025,7025,7025,100
2022-02-18 09:22:00,7025,7025,7025,7025,6300
2022-02-18 09:23:00,7025,7025,7025,7025,200
2022-02-18 09:24:00,7025,7025,7025,7025,2100
2022-02-18 09:25:00,7000,7000,7000,7000,100
2022-02-18 09:26:00,7000,7000,7000,7000,0
2022-02-18 09:27:00,7025,7000,7025,7025,3700
2022-02-18 09:28:00,7025,7025,7050,7050,2800
2022-02-18 09:29:00,7050,7050,7050,7050,3900
2022-02-18 09:30:00,7025,7025,7050,7050,4900
2022-02-18 09:31:00,7025,7025,7025,7025,9000
2022-02-18 09:32:00,7025,7025,7025,7025,500
2022-02-18 09:33:00,7025,7025,7025,7025,4100
2022-02-18 09:34:00,7025,7025,7025,7025,4200
2022-02-18 09:35:00,7025,7025,7025,7025,5200
2022-02-18 09:36:00,7025,7025,7025,7025,1300
2022-02-18 09:37:00,7050,7025,7050,7025,1500
2022-02-18 09:38:00,7025,7025,7025,7025,400
2022-02-18 09:39:00,7050,7050,7050,7050,500
2022-02-18 09:40:00,7025,7025,7025,7025,500
2022-02-18 09:41:00,7025,7025,7025,7025,500
2022-02-18 09:42:00,7025,7025,7025,7025,300
2022-02-18 09:43:00,7025,7025,7025,7025,100
2022-02-18 09:44:00,7025,7025,7025,7025,3300
2022-02-18 09:45:00,7025,7025,7025,7025,1500
2022-02-18 09:46:00,7025,7025,7025,7025,0
2022-02-18 09:47:00,7025,7025,7025,7025,1800
2022-02-18 09:48:00,7025,7025,7025,7025,500
2022-02-18 09:49:00,7025,7025,7025,7025,0
2022-02-18 09:50:00,7025,7025,7025,7025,100
2022-02-18 09:51:00,7025,7025,7025,7025,0
2022-02-18 09:52:00,7025,7025,7025,7025,0
2022-02-18 09:53:00,7025,7025,7025,7025,0
2022-02-18 09:54:00,7000,7000,7000,7000,34000
2022-02-18 09:55:00,7000,7000,7000,7000,100
2022-02-18 09:56:00,7025,7025,7025,7025,3400
2022-02-18 09:57:00,7025,7025,7025,7025,400
2022-02-18 09:58:00,7025,7025,7025,7025,100
2022-02-18 09:59:00,7000,7000,7000,7000,200
2022-02-18 10:00:00,7000,7000,7000,7000,50000
2022-02-18 10:01:00,7000,7000,7025,7000,36400
2022-02-18 10:02:00,7000,7000,7000,7000,1000
2022-02-18 10:03:00,7000,7000,7025,7025,1200
2022-02-18 10:04:00,7000,7000,7000,7000,12000
2022-02-18 10:05:00,7000,7000,7000,7000,8000
2022-02-18 10:06:00,7000,7000,7000,7000,200
2022-02-18 10:07:00,7000,7000,7000,7000,2000
2022-02-18 10:08:00,7000,7000,7000,7000,200
2022-02-18 10:09:00,7000,7000,7000,7000,0
2022-02-18 10:10:00,7000,7000,7000,7000,1000
2022-02-18 10:11:00,7000,7000,7000,7000,4200
2022-02-18 10:12:00,7000,7000,7000,7000,200
2022-02-18 10:13:00,7025,7025,7025,7025,400
2022-02-18 10:14:00,7000,7000,7025,7025,5900
2022-02-18 10:15:00,7025,7025,7025,7025,7400
2022-02-18 10:16:00,7025,7025,7025,7025,100
2022-02-18 10:17:00,7050,7050,7050,7050,1700
2022-02-18 10:18:00,7050,7050,7075,7075,72100
2022-02-18 10:19:00,7050,7050,7075,7075,0
2022-02-18 10:20:00,7050,7050,7075,7075,0
2022-02-18 10:21:00,7050,7050,7075,7075,0
2022-02-18 10:22:00,7075,7075,7075,7075,200
2022-02-18 10:23:00,7075,7075,7075,7075,1200
2022-02-18 10:24:00,7075,7075,7075,7075,1000
2022-02-18 10:25:00,7075,7075,7075,7075,36400
2022-02-18 10:26:00,7075,7075,7075,7075,600
2022-02-18 10:27:00,7100,7075,7100,7075,2100
2022-02-18 10:28:00,7075,7075,7075,7075,200
2022-02-18 10:29:00,7075,7075,7075,7075,16000
2022-02-18 10:30:00,7075,7075,7075,7075,6000
2022-02-18 10:31:00,7075,7075,7075,7075,4600
2022-02-18 10:32:00,7100,7100,7100,7100,1400
2022-02-18 10:33:00,7100,7100,7100,7100,105100
2022-02-18 10:34:00,7100,7100,7100,7100,40200
2022-02-18 10:35:00,7100,7100,7100,7100,9700
2022-02-18 10:36:00,7100,7100,7100,7100,1200
2022-02-18 10:37:00,7075,7075,7075,7075,100
2022-02-18 10:38:00,7075,7075,7075,7075,1800
2022-02-18 10:39:00,7100,7100,7100,7100,300
2022-02-18 10:40:00,7100,7075,7100,7075,1600
2022-02-18 10:41:00,7100,7100,7125,7125,78700
2022-02-18 10:42:00,7125,7100,7125,7100,600
2022-02-18 10:43:00,7100,7100,7125,7100,5400
2022-02-18 10:44:00,7100,7100,7100,7100,3000
2022-02-18 10:45:00,7100,7100,7100,7100,16400
2022-02-18 10:46:00,7100,7100,7125,7125,76600
2022-02-18 10:47:00,7125,7125,7125,7125,3200
2022-02-18 10:48:00,7125,7125,7125,7125,3200
2022-02-18 10:49:00,7125,7125,7150,7125,9500
2022-02-18 10:50:00,7125,7125,7125,7125,26500
2022-02-18 10:51:00,7125,7125,7125,7125,500
2022-02-18 10:52:00,7125,7125,7125,7125,2100
2022-02-18 10:53:00,7125,7125,7125,7125,31400
2022-02-18 10:54:00,7125,7125,7150,7150,164200
2022-02-18 10:55:00,7150,7150,7150,7150,28000
2022-02-18 10:56:00,7125,7125,7175,7150,37900
2022-02-18 10:57:00,7150,7150,7250,7225,593400
2022-02-18 10:58:00,7225,7200,7225,7200,53800
2022-02-18 10:59:00,7200,7200,7200,7200,13700
2022-02-18 11:00:00,7200,7175,7200,7175,105000
2022-02-18 11:01:00,7150,7150,7175,7175,10300
2022-02-18 11:02:00,7150,7150,7150,7150,300
2022-02-18 11:03:00,7150,7150,7200,7200,26100
2022-02-18 11:04:00,7200,7200,7225,7200,33500
2022-02-18 11:05:00,7200,7200,7200,7200,12500
2022-02-18 11:06:00,7200,7200,7250,7225,119400
2022-02-18 11:07:00,7250,7225,7300,7275,227900
2022-02-18 11:08:00,7275,7275,7300,7300,183900
2022-02-18 11:09:00,7300,7300,7375,7350,508600
2022-02-18 11:10:00,7350,7350,7425,7375,312600
2022-02-18 11:11:00,7375,7300,7375,7325,79000
2022-02-18 11:12:00,7300,7275,7300,7275,49200
2022-02-18 11:13:00,7275,7275,7325,7300,80000
2022-02-18 11:14:00,7325,7300,7325,7325,20600
2022-02-18 11:15:00,7325,7300,7325,7325,8600
2022-02-18 11:16:00,7325,7300,7325,7300,15000
2022-02-18 11:17:00,7325,7300,7325,7300,110900
2022-02-18 11:18:00,7300,7300,7300,7300,25200
2022-02-18 11:19:00,7300,7300,7300,7300,15700
2022-02-18 11:20:00,7300,7300,7300,7300,35700
2022-02-18 11:21:00,7300,7275,7300,7275,2300
2022-02-18 11:22:00,7275,7275,7300,7275,9000
2022-02-18 11:23:00,7275,7275,7300,7300,8300
2022-02-18 11:24:00,7275,7275,7300,7300,14600
2022-02-18 11:25:00,7275,7275,7275,7275,5400
2022-02-18 11:26:00,7275,7275,7275,7275,6700
2022-02-18 11:27:00,7275,7275,7275,7275,10800
2022-02-18 11:28:00,7275,7275,7300,7300,2700
2022-02-18 11:29:00,7275,7275,7300,7300,1400
2022-02-18 11:30:00,7275,7275,7300,7300,0
2022-02-18 11:31:00,7275,7275,7300,7300,0
2022-02-18 11:32:00,7275,7275,7300,7300,0
2022-02-18 11:33:00,7275,7275,7300,7300,0
2022-02-18 11:34:00,7275,7275,7300,7300,0
2022-02-18 11:35:00,7275,7275,7300,7300,0
2022-02-18 11:36:00,7275,7275,7300,7300,0
2022-02-18 11:37:00,7275,7275,7300,7300,0
2022-02-18 11:38:00,7275,7275,7300,7300,0
2022-02-18 11:39:00,7275,7275,7300,7300,0
2022-02-18 11:40:00,7275,7275,7300,7300,0
2022-02-18 11:41:00,7275,7275,7300,7300,0
2022-02-18 11:42:00,7275,7275,7300,7300,0
2022-02-18 11:43:00,7275,7275,7300,7300,0
2022-02-18 11:44:00,7275,7275,7300,7300,0
2022-02-18 11:45:00,7275,7275,7300,7300,0
2022-02-18 11:46:00,7275,7275,7300,7300,0
2022-02-18 11:47:00,7275,7275,7300,7300,0
2022-02-18 11:48:00,7275,7275,7300,7300,0
2022-02-18 11:49:00,7275,7275,7300,7300,0
2022-02-18 11:50:00,7275,7275,7300,7300,0
2022-02-18 11:51:00,7275,7275,7300,7300,0
2022-02-18 11:52:00,7275,7275,7300,7300,0
2022-02-18 11:53:00,7275,7275,7300,7300,0
2022-02-18 11:54:00,7275,7275,7300,7300,0
2022-02-18 11:55:00,7275,7275,7300,7300,0
2022-02-18 11:56:00,7275,7275,7300,7300,0
2022-02-18 11:57:00,7275,7275,7300,7300,0
2022-02-18 11:58:00,7275,7275,7300,7300,0
2022-02-18 11:59:00,7275,7275,7300,7300,0
2022-02-18 12:00:00,7275,7275,7300,7300,0
2022-02-18 12:01:00,7275,7275,7300,7300,0
2022-02-18 12:02:00,7275,7275,7300,7300,0
2022-02-18 12:03:00,7275,7275,7300,7300,0
2022-02-18 12:04:00,7275,7275,7300,7300,0
2022-02-18 12:05:00,7275,7275,7300,7300,0
2022-02-18 12:06:00,7275,7275,7300,7300,0
2022-02-18 12:07:00,7275,7275,7300,7300,0
2022-02-18 12:08:00,7275,7275,7300,7300,0
2022-02-18 12:09:00,7275,7275,7300,7300,0
2022-02-18 12:10:00,7275,7275,7300,7300,0
2022-02-18 12:11:00,7275,7275,7300,7300,0
2022-02-18 12:12:00,7275,7275,7300,7300,0
2022-02-18 12:13:00,7275,7275,7300,7300,0
2022-02-18 12:14:00,7275,7275,7300,7300,0
2022-02-18 12:15:00,7275,7275,7300,7300,0
2022-02-18 12:16:00,7275,7275,7300,7300,0
2022-02-18 12:17:00,7275,7275,7300,7300,0
2022-02-18 12:18:00,7275,7275,7300,7300,0
2022-02-18 12:19:00,7275,7275,7300,7300,0
2022-02-18 12:20:00,7275,7275,7300,7300,0
2022-02-18 12:21:00,7275,7275,7300,7300,0
2022-02-18 12:22:00,7275,7275,7300,7300,0
2022-02-18 12:23:00,7275,7275,7300,7300,0
2022-02-18 12:24:00,7275,7275,7300,7300,0
2022-02-18 12:25:00,7275,7275,7300,7300,0
2022-02-18 12:26:00,7275,7275,7300,7300,0
2022-02-18 12:27:00,7275,7275,7300,7300,0
2022-02-18 12:28:00,7275,7275,7300,7300,0
2022-02-18 12:29:00,7275,7275,7300,7300,0
2022-02-18 12:30:00,7275,7275,7300,7300,0
2022-02-18 12:31:00,7275,7275,7300,7300,0
2022-02-18 12:32:00,7275,7275,7300,7300,0
2022-02-18 12:33:00,7275,7275,7300,7300,0
2022-02-18 12:34:00,7275,7275,7300,7300,0
2022-02-18 12:35:00,7275,7275,7300,7300,0
2022-02-18 12:36:00,7275,7275,7300,7300,0
2022-02-18 12:37:00,7275,7275,7300,7300,0
2022-02-18 12:38:00,7275,7275,7300,7300,0
2022-02-18 12:39:00,7275,7275,7300,7300,0
2022-02-18 12:40:00,7275,7275,7300,7300,0
2022-02-18 12:41:00,7275,7275,7300,7300,0
2022-02-18 12:42:00,7275,7275,7300,7300,0
2022-02-18 12:43:00,7275,7275,7300,7300,0
2022-02-18 12:44:00,7275,7275,7300,7300,0
2022-02-18 12:45:00,7275,7275,7300,7300,0
2022-02-18 12:46:00,7275,7275,7300,7300,0
2022-02-18 12:47:00,7275,7275,7300,7300,0
2022-02-18 12:48:00,7275,7275,7300,7300,0
2022-02-18 12:49:00,7275,7275,7300,7300,0
2022-02-18 12:50:00,7275,7275,7300,7300,0
2022-02-18 12:51:00,7275,7275,7300,7300,0
2022-02-18 12:52:00,7275,7275,7300,7300,0
2022-02-18 12:53:00,7275,7275,7300,7300,0
2022-02-18 12:54:00,7275,7275,7300,7300,0
2022-02-18 12:55:00,7275,7275,7300,7300,0
2022-02-18 12:56:00,7275,7275,7300,7300,0
2022-02-18 12:57:00,7275,7275,7300,7300,0
2022-02-18 12:58:00,7275,7275,7300,7300,0
2022-02-18 12:59:00,7275,7275,7300,7300,0
2022-02-18 13:00:00,7275,7275,7300,7300,0
2022-02-18 13:01:00,7275,7275,7300,7300,0
2022-02-18 13:02:00,7275,7275,7300,7300,0
2022-02-18 13:03:00,7275,7275,7300,7300,0
2022-02-18 13:04:00,7275,7275,7300,7300,0
2022-02-18 13:05:00,7275,7275,7300,7300,0
2022-02-18 13:06:00,7275,7275,7300,7300,0
2022-02-18 13:07:00,7275,7275,7300,7300,0
2022-02-18 13:08:00,7275,7275,7300,7300,0
2022-02-18 13:09:00,7275,7275,7300,7300,0
2022-02-18 13:10:00,7275,7275,7300,7300,0
2022-02-18 13:11:00,7275,7275,7300,7300,0
2022-02-18 13:12:00,7275,7275,7300,7300,0
2022-02-18 13:13:00,7275,7275,7300,7300,0
2022-02-18 13:14:00,7275,7275,7300,7300,0
2022-02-18 13:15:00,7275,7275,7300,7300,0
2022-02-18 13:16:00,7275,7275,7300,7300,0
2022-02-18 13:17:00,7275,7275,7300,7300,0
2022-02-18 13:18:00,7275,7275,7300,7300,0
2022-02-18 13:19:00,7275,7275,7300,7300,0
2022-02-18 13:20:00,7275,7275,7300,7300,0
2022-02-18 13:21:00,7275,7275,7300,7300,0
2022-02-18 13:22:00,7275,7275,7300,7300,0
2022-02-18 13:23:00,7275,7275,7300,7300,0
2022-02-18 13:24:00,7275,7275,7300,7300,0
2022-02-18 13:25:00,7275,7275,7300,7300,0
2022-02-18 13:26:00,7275,7275,7300,7300,0
2022-02-18 13:27:00,7275,7275,7300,7300,0
2022-02-18 13:28:00,7275,7275,7300,7300,0
2022-02-18 13:29:00,7275,7275,7300,7300,0
2022-02-18 13:30:00,7300,7275,7300,7300,99000
2022-02-18 13:31:00,7300,7275,7300,7275,27700
2022-02-18 13:32:00,7275,7275,7300,7275,27200
2022-02-18 13:33:00,7275,7275,7275,7275,32500
2022-02-18 13:34:00,7275,7275,7275,7275,23900
2022-02-18 13:35:00,7250,7250,7275,7275,5100
2022-02-18 13:36:00,7250,7250,7250,7250,3100
2022-02-18 13:37:00,7250,7250,7250,7250,29100
2022-02-18 13:38:00,7250,7250,7275,7275,300
2022-02-18 13:39:00,7250,7250,7275,7250,1400
2022-02-18 13:40:00,7275,7250,7275,7275,10500
2022-02-18 13:41:00,7275,7275,7275,7275,6300
2022-02-18 13:42:00,7275,7250,7275,7275,36500
2022-02-18 13:43:00,7275,7225,7275,7225,151200
2022-02-18 13:44:00,7250,7250,7250,7250,14300
2022-02-18 13:45:00,7250,7250,7250,7250,8700
2022-02-18 13:46:00,7250,7250,7275,7250,4000
2022-02-18 13:47:00,7250,7250,7275,7275,1000
2022-02-18 13:48:00,7250,7250,7275,7275,0
2022-02-18 13:49:00,7250,7250,7275,7275,0
2022-02-18 13:50:00,7250,7250,7275,7250,35000
2022-02-18 13:51:00,7250,7250,7250,7250,5400
2022-02-18 13:52:00,7250,7250,7250,7250,1000
2022-02-18 13:53:00,7250,7250,7250,7250,9800
2022-02-18 13:54:00,7250,7250,7250,7250,6400
2022-02-18 13:55:00,7250,7250,7250,7250,11600
2022-02-18 13:56:00,7250,7250,7250,7250,0
2022-02-18 13:57:00,7225,7225,7250,7225,28000
2022-02-18 13:58:00,7250,7250,7250,7250,13400
2022-02-18 13:59:00,7250,7225,7250,7225,10000
2022-02-18 14:00:00,7225,7225,7225,7225,2700
2022-02-18 14:01:00,7250,7225,7250,7225,11100
2022-02-18 14:02:00,7250,7225,7250,7250,13500
2022-02-18 14:03:00,7250,7250,7250,7250,24900
2022-02-18 14:04:00,7250,7250,7250,7250,26200
2022-02-18 14:05:00,7250,7250,7275,7250,14700
2022-02-18 14:06:00,7250,7250,7275,7275,2800
2022-02-18 14:07:00,7250,7250,7250,7250,10100
2022-02-18 14:08:00,7250,7250,7275,7275,3000
2022-02-18 14:09:00,7275,7250,7275,7275,10600
2022-02-18 14:10:00,7275,7250,7275,7275,5800
2022-02-18 14:11:00,7275,7250,7275,7275,30500
2022-02-18 14:12:00,7275,7250,7275,7250,14000
2022-02-18 14:13:00,7250,7250,7250,7250,5000
2022-02-18 14:14:00,7250,7250,7250,7250,3700
2022-02-18 14:15:00,7275,7275,7275,7275,200
2022-02-18 14:16:00,7275,7250,7275,7275,4300
2022-02-18 14:17:00,7250,7250,7250,7250,300
2022-02-18 14:18:00,7250,7250,7275,7275,3400
2022-02-18 14:19:00,7275,7275,7275,7275,23400
2022-02-18 14:20:00,7275,7275,7275,7275,15400
2022-02-18 14:21:00,7275,7250,7275,7275,4700
2022-02-18 14:22:00,7275,7250,7275,7250,18600
2022-02-18 14:23:00,7250,7250,7250,7250,26800
2022-02-18 14:24:00,7250,7250,7250,7250,40400
2022-02-18 14:25:00,7250,7250,7250,7250,0
2022-02-18 14:26:00,7250,7250,7250,7250,9000
2022-02-18 14:27:00,7225,7225,7225,7225,6700
2022-02-18 14:28:00,7225,7225,7225,7225,50200
2022-02-18 14:29:00,7225,7225,7225,7225,17000
2022-02-18 14:30:00,7225,7225,7225,7225,7000
2022-02-18 14:31:00,7225,7225,7225,7225,28900
2022-02-18 14:32:00,7225,7225,7225,7225,600
2022-02-18 14:33:00,7225,7225,7225,7225,26200
2022-02-18 14:34:00,7225,7225,7225,7225,100
2022-02-18 14:35:00,7225,7225,7225,7225,44800
2022-02-18 14:36:00,7225,7200,7225,7200,12700
2022-02-18 14:37:00,7225,7200,7225,7225,23000
2022-02-18 14:38:00,7225,7225,7225,7225,13000
2022-02-18 14:39:00,7225,7225,7250,7225,4200
2022-02-18 14:40:00,7225,7225,7225,7225,15100
2022-02-18 14:41:00,7250,7225,7250,7225,52700
2022-02-18 14:42:00,7200,7200,7200,7200,12000
2022-02-18 14:43:00,7200,7200,7200,7200,200
2022-02-18 14:44:00,7225,7200,7225,7225,2900
2022-02-18 14:45:00,7225,7225,7225,7225,600
2022-02-18 14:46:00,7225,7225,7225,7225,19800
2022-02-18 14:47:00,7225,7225,7225,7225,23500
2022-02-18 14:48:00,7225,7225,7225,7225,12900
2022-02-18 14:49:00,7225,7200,7225,7200,22900
2022-02-18 14:50:00,7225,7200,7225,7200,0
2022-02-18 14:51:00,7225,7200,7225,7200,0
2022-02-18 14:52:00,7225,7200,7225,7200,0
2022-02-18 14:53:00,7225,7200,7225,7200,0
2022-02-18 14:54:00,7225,7200,7225,7200,0
2022-02-18 14:55:00,7225,7200,7225,7200,0
2022-02-18 14:56:00,7225,7200,7225,7200,0
2022-02-18 14:57:00,7225,7200,7225,7200,0
2022-02-18 14:58:00,7225,7200,7225,7200,0
2022-02-18 14:59:00,7225,7200,7225,7200,0
2022-02-18 15:00:00,7225,7225,7225,7225,151100
2022-02-18 15:01:00,7225,7225,7225,7225,5900
2022-02-18 15:02:00,7225,7225,7225,7225,3800
2022-02-18 15:03:00,7225,7225,7225,7225,32100
2022-02-18 15:04:00,7225,7225,7225,7225,1900
2022-02-18 15:05:00,7225,7225,7225,7225,14200
2022-02-18 15:06:00,7225,7225,7225,7225,1200
2022-02-18 15:07:00,7225,7225,7225,7225,3800
2022-02-18 15:08:00,7225,7225,7225,7225,2100
2022-02-18 15:09:00,7225,7225,7225,7225,2000
2022-02-18 15:10:00,7225,7225,7225,7225,500
2022-02-18 15:11:00,7225,7225,7225,7225,5700
2022-02-18 15:12:00,7225,7225,7225,7225,700
2022-02-18 15:13:00,7225,7225,7225,7225,7200
2022-02-18 15:14:00,7225,7225,7225,7225,7700
2022-02-18 15:15:00,7225,7225,7225,7225,0
2022-02-18 15:16:00,7225,7225,7225,7225,0
2022-02-18 15:17:00,7225,7225,7225,7225,0
2022-02-18 15:18:00,7225,7225,7225,7225,0
2022-02-18 15:19:00,7225,7225,7225,7225,0
2022-02-18 15:20:00,7225,7225,7225,7225,0
2022-02-18 15:21:00,7225,7225,7225,7225,0
2022-02-18 15:22:00,7225,7225,7225,7225,0
2022-02-18 15:23:00,7225,7225,7225,7225,0
2022-02-18 15:24:00,7225,7225,7225,7225,0
2022-02-18 15:25:00,7225,7225,7225,7225,0
2022-02-18 15:26:00,7225,7225,7225,7225,0
2022-02-18 15:27:00,7225,7225,7225,7225,0
2022-02-18 15:28:00,7225,7225,7225,7225,0
2022-02-18 15:29:00,7225,7225,7225,7225,0
2022-02-18 15:30:00,7225,7225,7225,7225,0
2022-02-18 15:31:00,7225,7225,7225,7225,0
2022-02-18 15:32:00,7225,7225,7225,7225,0
2022-02-18 15:33:00,7225,7225,7225,7225,0
2022-02-18 15:34:00,7225,7225,7225,7225,0
2022-02-18 15:35:00,7225,7225,7225,7225,0
2022-02-18 15:36:00,7225,7225,7225,7225,0
2022-02-18 15:37:00,7225,7225,7225,7225,0
2022-02-18 15:38:00,7225,7225,7225,7225,0
2022-02-18 15:39:00,7225,7225,7225,7225,0
2022-02-18 15:40:00,7225,7225,7225,7225,0
2022-02-18 15:41:00,7225,7225,7225,7225,0
2022-02-18 15:42:00,7225,7225,7225,7225,0
2022-02-18 15:43:00,7225,7225,7225,7225,0
2022-02-18 15:44:00,7225,7225,7225,7225,0
2022-02-18 15:45:00,7225,7225,7225,7225,0
2022-02-18 15:46:00,7225,7225,7225,7225,0
2022-02-18 15:47:00,7225,7225,7225,7225,0
2022-02-18 15:48:00,7225,7225,7225,7225,0
2022-02-18 15:49:00,7225,7225,7225,7225,0
2022-02-18 15:50:00,7225,7225,7225,7225,0
2022-02-18 15:51:00,7225,7225,7225,7225,0
2022-02-18 15:52:00,7225,7225,7225,7225,0
2022-02-18 15:53:00,7225,7225,7225,7225,0
2022-02-18 15:54:00,7225,7225,7225,7225,0
2022-02-18 15:55:00,7225,7225,7225,7225,0
2022-02-18 15:56:00,7225,7225,7225,7225,0
2022-02-18 15:57:00,7225,7225,7225,7225,0
2022-02-18 15:58:00,7225,7225,7225,7225,0
2022-02-18 15:59:00,7225,7225,7225,7225,0
2022-02-21 09:00:00,7275,7275,7275,7275,1800
2022-02-21 09:01:00,7275,7275,7300,7300,20900
2022-02-21 09:02:00,7275,7275,7300,7275,14800
2022-02-21 09:03:00,7275,7250,7275,7275,2100
2022-02-21 09:04:00,7275,7275,7275,7275,21100
2022-02-21 09:05:00,7275,7250,7275,7250,33200
2022-02-21 09:06:00,7275,7275,7275,7275,1900
2022-02-21 09:07:00,7275,7250,7275,7275,6100
2022-02-21 09:08:00,7275,7275,7275,7275,5600
2022-02-21 09:09:00,7250,7250,7250,7250,600
2022-02-21 09:10:00,7250,7250,7275,7275,9500
2022-02-21 09:11:00,7250,7250,7275,7250,46400
2022-02-21 09:12:00,7250,7225,7250,7250,3200
2022-02-21 09:13:00,7250,7225,7250,7250,18500
2022-02-21 09:14:00,7250,7250,7250,7250,1400
2022-02-21 09:15:00,7225,7225,7250,7250,10500
2022-02-21 09:16:00,7250,7250,7250,7250,1400
2022-02-21 09:17:00,7250,7250,7250,7250,900
2022-02-21 09:18:00,7250,7250,7250,7250,300
2022-02-21 09:19:00,7275,7250,7275,7250,8600
2022-02-21 09:20:00,7275,7250,7275,7250,16400
2022-02-21 09:21:00,7250,7250,7250,7250,6700
2022-02-21 09:22:00,7250,7250,7250,7250,5700
2022-02-21 09:23:00,7250,7250,7250,7250,10500
2022-02-21 09:24:00,7250,7250,7250,7250,200
2022-02-21 09:25:00,7250,7225,7250,7225,6000
2022-02-21 09:26:00,7250,7225,7250,7225,14000
2022-02-21 09:27:00,7225,7225,7225,7225,900
2022-02-21 09:28:00,7225,7225,7225,7225,3600
2022-02-21 09:29:00,7225,7225,7225,7225,30400
2022-02-21 09:30:00,7225,7225,7225,7225,14000
2022-02-21 09:31:00,7225,7225,7250,7250,1500
2022-02-21 09:32:00,7225,7225,7225,7225,500
2022-02-21 09:33:00,7225,7225,7225,7225,200
2022-02-21 09:34:00,7225,7225,7250,7250,2600
2022-02-21 09:35:00,7250,7250,7250,7250,200
2022-02-21 09:36:00,7225,7225,7250,7250,6800
2022-02-21 09:37:00,7250,7225,7250,7225,8600
2022-02-21 09:38:00,7225,7225,7225,7225,25500
2022-02-21 09:39:00,7225,7225,7225,7225,1000
2022-02-21 09:40:00,7225,7225,7225,7225,0
2022-02-21 09:41:00,7225,7225,7225,7225,500
2022-02-21 09:42:00,7200,7200,7200,7200,2600
2022-02-21 09:43:00,7200,7200,7200,7200,49800
2022-02-21 09:44:00,7200,7200,7200,7200,28900
2022-02-21 09:45:00,7200,7200,7225,7200,11800
2022-02-21 09:46:00,7200,7200,7200,7200,600
2022-02-21 09:47:00,7200,7175,7200,7175,92200
2022-02-21 09:48:00,7200,7200,7200,7200,100
2022-02-21 09:49:00,7200,7175,7200,7200,1300
2022-02-21 09:50:00,7200,7200,7200,7200,400
2022-02-21 09:51:00,7200,7175,7200,7200,14700
2022-02-21 09:52:00,7200,7200,7200,7200,500
2022-02-21 09:53:00,7175,7175,7175,7175,4000
2022-02-21 09:54:00,7175,7175,7175,7175,700
2022-02-21 09:55:00,7175,7175,7200,7200,2200
2022-02-21 09:56:00,7200,7200,7200,7200,15900
2022-02-21 09:57:00,7200,7175,7200,7200,2100
2022-02-21 09:58:00,7200,7200,7200,7200,300
2022-02-21 09:59:00,7200,7200,7200,7200,0
2022-02-21 10:00:00,7200,7200,7200,7200,1700
2022-02-21 10:01:00,7200,7200,7200,7200,1800
2022-02-21 10:02:00,7200,7200,7200,7200,2100
2022-02-21 10:03:00,7175,7175,7175,7175,13600
2022-02-21 10:04:00,7200,7175,7200,7175,1800
2022-02-21 10:05:00,7200,7200,7200,7200,200
2022-02-21 10:06:00,7175,7175,7200,7200,5700
2022-02-21 10:07:00,7175,7175,7175,7175,75000
2022-02-21 10:08:00,7175,7175,7175,7175,0
2022-02-21 10:09:00,7175,7175,7175,7175,500
2022-02-21 10:10:00,7175,7175,7175,7175,300
2022-02-21 10:11:00,7175,7175,7175,7175,1100
2022-02-21 10:12:00,7200,7175,7200,7175,400
2022-02-21 10:13:00,7175,7175,7200,7175,3400
2022-02-21 10:14:00,7175,7175,7175,7175,1100
2022-02-21 10:15:00,7175,7175,7175,7175,2500
2022-02-21 10:16:00,7175,7175,7175,7175,7300
2022-02-21 10:17:00,7200,7200,7200,7200,2000
2022-02-21 10:18:00,7200,7200,7200,7200,4300
2022-02-21 10:19:00,7200,7200,7200,7200,0
2022-02-21 10:20:00,7200,7200,7200,7200,0
2022-02-21 10:21:00,7200,7200,7200,7200,0
2022-02-21 10:22:00,7200,7200,7200,7200,1500
2022-02-21 10:23:00,7200,7200,7200,7200,0
2022-02-21 10:24:00,7175,7175,7200,7200,1400
2022-02-21 10:25:00,7200,7200,7200,7200,100
2022-02-21 10:26:00,7200,7200,7200,7200,400
2022-02-21 10:27:00,7200,7200,7200,7200,0
2022-02-21 10:28:00,7200,7200,7200,7200,0
2022-02-21 10:29:00,7200,7200,7200,7200,1000
2022-02-21 10:30:00,7200,7200,7200,7200,0
2022-02-21 10:31:00,7200,7200,7200,7200,0
2022-02-21 10:32:00,7200,7175,7200,7175,2100
2022-02-21 10:33:00,7175,7175,7175,7175,100
2022-02-21 10:34:00,7200,7175,7200,7175,3900
2022-02-21 10:35:00,7175,7175,7175,7175,14400
2022-02-21 10:36:00,7200,7200,7200,7200,100
2022-02-21 10:37:00,7200,7200,7200,7200,10000
2022-02-21 10:38:00,7200,7200,7200,7200,1000
2022-02-21 10:39:00,7175,7175,7175,7175,5100
2022-02-21 10:40:00,7175,7175,7175,7175,1300
2022-02-21 10:41:00,7175,7175,7175,7175,0
2022-02-21 10:42:00,7175,7175,7175,7175,0
2022-02-21 10:43:00,7175,7175,7175,7175,1000
2022-02-21 10:44:00,7175,7175,7175,7175,7600
2022-02-21 10:45:00,7175,7175,7175,7175,300
2022-02-21 10:46:00,7175,7175,7175,7175,6500
2022-02-21 10:47:00,7175,7175,7175,7175,4800
2022-02-21 10:48:00,7175,7175,7175,7175,1000
2022-02-21 10:49:00,7175,7175,7175,7175,500
2022-02-21 10:50:00,7175,7175,7175,7175,900
2022-02-21 10:51:00,7175,7175,7175,7175,0
2022-02-21 10:52:00,7150,7150,7150,7150,5600
2022-02-21 10:53:00,7175,7150,7175,7150,26100
2022-02-21 10:54:00,7175,7150,7175,7175,1200
2022-02-21 10:55:00,7175,7175,7175,7175,2500
2022-02-21 10:56:00,7175,7150,7175,7150,1600
2022-02-21 10:57:00,7175,7150,7175,7150,3800
2022-02-21 10:58:00,7150,7150,7175,7175,3700
2022-02-21 10:59:00,7175,7175,7175,7175,100
2022-02-21 11:00:00,7175,7175,7175,7175,100
2022-02-21 11:01:00,7175,7175,7175,7175,0
2022-02-21 11:02:00,7150,7150,7150,7150,1100
2022-02-21 11:03:00,7150,7150,7150,7150,0
2022-02-21 11:04:00,7150,7150,7175,7175,20100
2022-02-21 11:05:00,7150,7150,7150,7150,2500
2022-02-21 11:06:00,7150,7150,7150,7150,15200
2022-02-21 11:07:00,7175,7150,7175,7175,2600
2022-02-21 11:08:00,7150,7150,7150,7150,10900
2022-02-21 11:09:00,7150,7150,7175,7175,4700
2022-02-21 11:10:00,7150,7150,7175,7175,2700
2022-02-21 11:11:00,7175,7175,7175,7175,700
2022-02-21 11:12:00,7150,7150,7150,7150,53900
2022-02-21 11:13:00,7150,7150,7150,7150,700
2022-02-21 11:14:00,7150,7150,7150,7150,7000
2022-02-21 11:15:00,7125,7125,7125,7125,7500
2022-02-21 11:16:00,7125,7125,7150,7150,2600
2022-02-21 11:17:00,7125,7100,7125,7125,72400
2022-02-21 11:18:00,7100,7100,7125,7125,1400
2022-02-21 11:19:00,7125,7125,7150,7150,30200
2022-02-21 11:20:00,7125,7125,7125,7125,2100
2022-02-21 11:21:00,7125,7125,7125,7125,27600
2022-02-21 11:22:00,7125,7125,7125,7125,0
2022-02-21 11:23:00,7150,7125,7150,7125,3300
2022-02-21 11:24:00,7125,7100,7125,7125,500
2022-02-21 11:25:00,7125,7100,7125,7100,500
2022-02-21 11:26:00,7100,7100,7100,7100,2500
2022-02-21 11:27:00,7125,7125,7125,7125,2100
2022-02-21 11:28:00,7125,7125,7125,7125,600
2022-02-21 11:29:00,7125,7125,7125,7125,1300
2022-02-21 11:30:00,7125,7125,7125,7125,0
2022-02-21 11:31:00,7125,7125,7125,7125,0
2022-02-21 11:32:00,7125,7125,7125,7125,0
2022-02-21 11:33:00,7125,7125,7125,7125,0
2022-02-21 11:34:00,7125,7125,7125,7125,0
2022-02-21 11:35:00,7125,7125,7125,7125,0
2022-02-21 11:36:00,7125,7125,7125,7125,0
2022-02-21 11:37:00,7125,7125,7125,7125,0
2022-02-21 11:38:00,7125,7125,7125,7125,0
2022-02-21 11:39:00,7125,7125,7125,7125,0
2022-02-21 11:40:00,7125,7125,7125,7125,0
2022-02-21 11:41:00,7125,7125,7125,7125,0
2022-02-21 11:42:00,7125,7125,7125,7125,0
2022-02-21 11:43:00,7125,7125,7125,7125,0
2022-02-21 11:44:00,7125,7125,7125,7125,0
2022-02-21 11:45:00,7125,7125,7125,7125,0
2022-02-21 11:46:00,7125,7125,7125,7125,0
2022-02-21 11:47:00,7125,7125,7125,7125,0
2022-02-21 11:48:00,7125,7125,7125,7125,0
2022-02-21 11:49:00,7125,7125,7125,7125,0
2022-02-21 11:50:00,7125,7125,7125,7125,0
2022-02-21 11:51:00,7125,7125,7125,7125,0
2022-02-21 11:52:00,7125,7125,7125,7125,0
2022-02-21 11:53:00,7125,7125,7125,7125,0
2022-02-21 11:54:00,7125,7125,7125,7125,0
2022-02-21 11:55:00,7125,7125,7125,7125,0
2022-02-21 11:56:00,7125,7125,7125,7125,0
2022-02-21 11:57:00,7125,7125,7125,7125,0
2022-02-21 11:58:00,7125,7125,7125,7125,0
2022-02-21 11:59:00,7125,7125,7125,7125,0
2022-02-21 12:00:00,7125,7125,7125,7125,0
2022-02-21 12:01:00,7125,7125,7125,7125,0
2022-02-21 12:02:00,7125,7125,7125,7125,0
2022-02-21 12:03:00,7125,7125,7125,7125,0
2022-02-21 12:04:00,7125,7125,7125,7125,0
2022-02-21 12:05:00,7125,7125,7125,7125,0
2022-02-21 12:06:00,7125,7125,7125,7125,0
2022-02-21 12:07:00,7125,7125,7125,7125,0
2022-02-21 12:08:00,7125,7125,7125,7125,0
2022-02-21 12:09:00,7125,7125,7125,7125,0
2022-02-21 12:10:00,7125,7125,7125,7125,0
2022-02-21 12:11:00,7125,7125,7125,7125,0
2022-02-21 12:12:00,7125,7125,7125,7125,0
2022-02-21 12:13:00,7125,7125,7125,7125,0
2022-02-21 12:14:00,7125,7125,7125,7125,0
2022-02-21 12:15:00,7125,7125,7125,7125,0
2022-02-21 12:16:00,7125,7125,7125,7125,0
2022-02-21 12:17:00,7125,7125,7125,7125,0
2022-02-21 12:18:00,7125,7125,7125,7125,0
2022-02-21 12:19:00,7125,7125,7125,7125,0
2022-02-21 12:20:00,7125,7125,7125,7125,0
2022-02-21 12:21:00,7125,7125,7125,7125,0
2022-02-21 12:22:00,7125,7125,7125,7125,0
2022-02-21 12:23:00,7125,7125,7125,7125,0
2022-02-21 12:24:00,7125,7125,7125,7125,0
2022-02-21 12:25:00,7125,7125,7125,7125,0
2022-02-21 12:26:00,7125,7125,7125,7125,0
2022-02-21 12:27:00,7125,7125,7125,7125,0
2022-02-21 12:28:00,7125,7125,7125,7125,0
2022-02-21 12:29:00,7125,7125,7125,7125,0
2022-02-21 12:30:00,7125,7125,7125,7125,0
2022-02-21 12:31:00,7125,7125,7125,7125,0
2022-02-21 12:32:00,7125,7125,7125,7125,0
2022-02-21 12:33:00,7125,7125,7125,7125,0
2022-02-21 12:34:00,7125,7125,7125,7125,0
2022-02-21 12:35:00,7125,7125,7125,7125,0
2022-02-21 12:36:00,7125,7125,7125,7125,0
2022-02-21 12:37:00,7125,7125,7125,7125,0
2022-02-21 12:38:00,7125,7125,7125,7125,0
2022-02-21 12:39:00,7125,7125,7125,7125,0
2022-02-21 12:40:00,7125,7125,7125,7125,0
2022-02-21 12:41:00,7125,7125,7125,7125,0
2022-02-21 12:42:00,7125,7125,7125,7125,0
2022-02-21 12:43:00,7125,7125,7125,7125,0
2022-02-21 12:44:00,7125,7125,7125,7125,0
2022-02-21 12:45:00,7125,7125,7125,7125,0
2022-02-21 12:46:00,7125,7125,7125,7125,0
2022-02-21 12:47:00,7125,7125,7125,7125,0
2022-02-21 12:48:00,7125,7125,7125,7125,0
2022-02-21 12:49:00,7125,7125,7125,7125,0
2022-02-21 12:50:00,7125,7125,7125,7125,0
2022-02-21 12:51:00,7125,7125,7125,7125,0
2022-02-21 12:52:00,7125,7125,7125,7125,0
2022-02-21 12:53:00,7125,7125,7125,7125,0
2022-02-21 12:54:00,7125,7125,7125,7125,0
2022-02-21 12:55:00,7125,7125,7125,7125,0
2022-02-21 12:56:00,7125,7125,7125,7125,0
2022-02-21 12:57:00,7125,7125,7125,7125,0
2022-02-21 12:58:00,7125,7125,7125,7125,0
2022-02-21 12:59:00,7125,7125,7125,7125,0
2022-02-21 13:00:00,7125,7125,7125,7125,0
2022-02-21 13:01:00,7125,7125,7125,7125,0
2022-02-21 13:02:00,7125,7125,7125,7125,0
2022-02-21 13:03:00,7125,7125,7125,7125,0
2022-02-21 13:04:00,7125,7125,7125,7125,0
2022-02-21 13:05:00,7125,7125,7125,7125,0
2022-02-21 13:06:00,7125,7125,7125,7125,0
2022-02-21 13:07:00,7125,7125,7125,7125,0
2022-02-21 13:08:00,7125,7125,7125,7125,0
2022-02-21 13:09:00,7125,7125,7125,7125,0
2022-02-21 13:10:00,7125,7125,7125,7125,0
2022-02-21 13:11:00,7125,7125,7125,7125,0
2022-02-21 13:12:00,7125,7125,7125,7125,0
2022-02-21 13:13:00,7125,7125,7125,7125,0
2022-02-21 13:14:00,7125,7125,7125,7125,0
2022-02-21 13:15:00,7125,7125,7125,7125,0
2022-02-21 13:16:00,7125,7125,7125,7125,0
2022-02-21 13:17:00,7125,7125,7125,7125,0
2022-02-21 13:18:00,7125,7125,7125,7125,0
2022-02-21 13:19:00,7125,7125,7125,7125,0
2022-02-21 13:20:00,7125,7125,7125,7125,0
2022-02-21 13:21:00,7125,7125,7125,7125,0
2022-02-21 13:22:00,7125,7125,7125,7125,0
2022-02-21 13:23:00,7125,7125,7125,7125,0
2022-02-21 13:24:00,7125,7125,7125,7125,0
2022-02-21 13:25:00,7125,7125,7125,7125,0
2022-02-21 13:26:00,7125,7125,7125,7125,0
2022-02-21 13:27:00,7125,7125,7125,7125,0
2022-02-21 13:28:00,7125,7125,7125,7125,0
2022-02-21 13:29:00,7125,7125,7125,7125,0
2022-02-21 13:30:00,7125,7125,7150,7125,30000
2022-02-21 13:31:00,7125,7125,7150,7150,9600
2022-02-21 13:32:00,7125,7125,7150,7150,0
2022-02-21 13:33:00,7150,7150,7150,7150,100
2022-02-21 13:34:00,7125,7125,7125,7125,44200
2022-02-21 13:35:00,7125,7125,7125,7125,1100
2022-02-21 13:36:00,7125,7100,7125,7125,3100
2022-02-21 13:37:00,7125,7125,7125,7125,100
2022-02-21 13:38:00,7125,7125,7125,7125,9300
2022-02-21 13:39:00,7125,7125,7125,7125,600
2022-02-21 13:40:00,7125,7125,7125,7125,1600
2022-02-21 13:41:00,7125,7100,7125,7100,3600
2022-02-21 13:42:00,7125,7125,7125,7125,900
2022-02-21 13:43:00,7125,7125,7125,7125,100
2022-02-21 13:44:00,7100,7100,7100,7100,300
2022-02-21 13:45:00,7100,7100,7125,7125,2100
2022-02-21 13:46:00,7125,7125,7125,7125,14500
2022-02-21 13:47:00,7125,7125,7125,7125,6000
2022-02-21 13:48:00,7125,7125,7125,7125,800
2022-02-21 13:49:00,7125,7125,7125,7125,5000
2022-02-21 13:50:00,7125,7125,7125,7125,14300
2022-02-21 13:51:00,7125,7125,7125,7125,0
2022-02-21 13:52:00,7150,7125,7150,7125,8700
2022-02-21 13:53:00,7125,7125,7125,7125,13600
2022-02-21 13:54:00,7125,7125,7125,7125,2000
2022-02-21 13:55:00,7125,7100,7125,7125,1700
2022-02-21 13:56:00,7100,7100,7100,7100,1000
2022-02-21 13:57:00,7125,7125,7125,7125,200
2022-02-21 13:58:00,7125,7125,7125,7125,1700
2022-02-21 13:59:00,7125,7100,7125,7100,3100
2022-02-21 14:00:00,7100,7100,7100,7100,8500
2022-02-21 14:01:00,7100,7100,7100,7100,0
2022-02-21 14:02:00,7100,7100,7100,7100,0
2022-02-21 14:03:00,7100,7100,7100,7100,0
2022-02-21 14:04:00,7125,7125,7125,7125,700
2022-02-21 14:05:00,7125,7125,7125,7125,0
2022-02-21 14:06:00,7100,7100,7100,7100,1700
2022-02-21 14:07:00,7100,7100,7100,7100,1100
2022-02-21 14:08:00,7125,7125,7125,7125,1000
2022-02-21 14:09:00,7125,7125,7125,7125,400
2022-02-21 14:10:00,7100,7100,7125,7100,13000
2022-02-21 14:11:00,7125,7125,7125,7125,7600
2022-02-21 14:12:00,7125,7125,7125,7125,400
2022-02-21 14:13:00,7125,7125,7125,7125,1000
2022-02-21 14:14:00,7125,7125,7125,7125,100
2022-02-21 14:15:00,7125,7125,7125,7125,200
2022-02-21 14:16:00,7125,7125,7125,7125,3700
2022-02-21 14:17:00,7125,7125,7125,7125,100
2022-02-21 14:18:00,7125,7125,7125,7125,0
2022-02-21 14:19:00,7100,7100,7100,7100,300
2022-02-21 14:20:00,7100,7100,7100,7100,4200
2022-02-21 14:21:00,7100,7100,7100,7100,10200
2022-02-21 14:22:00,7125,7100,7125,7100,9800
2022-02-21 14:23:00,7125,7100,7125,7125,12300
2022-02-21 14:24:00,7100,7100,7100,7100,10200
2022-02-21 14:25:00,7125,7125,7125,7125,900
2022-02-21 14:26:00,7125,7125,7125,7125,1900
2022-02-21 14:27:00,7125,7100,7125,7100,15800
2022-02-21 14:28:00,7100,7100,7100,7100,1000
2022-02-21 14:29:00,7100,7100,7100,7100,2000
2022-02-21 14:30:00,7125,7125,7125,7125,100
2022-02-21 14:31:00,7125,7100,7125,7100,6300
2022-02-21 14:32:00,7125,7125,7125,7125,1000
2022-02-21 14:33:00,7125,7100,7125,7100,6600
2022-02-21 14:34:00,7125,7100,7125,7100,1100
2022-02-21 14:35:00,7125,7100,7125,7100,1100
2022-02-21 14:36:00,7100,7100,7125,7125,800
2022-02-21 14:37:00,7125,7100,7125,7100,7600
2022-02-21 14:38:00,7125,7100,7125,7125,6300
2022-02-21 14:39:00,7125,7125,7125,7125,5800
2022-02-21 14:40:00,7125,7100,7125,7125,3100
2022-02-21 14:41:00,7100,7100,7125,7125,9200
2022-02-21 14:42:00,7125,7100,7125,7125,3400
2022-02-21 14:43:00,7125,7100,7125,7125,61900
2022-02-21 14:44:00,7125,7125,7125,7125,7000
2022-02-21 14:45:00,7125,7100,7125,7125,17400
2022-02-21 14:46:00,7125,7125,7125,7125,100
2022-02-21 14:47:00,7150,7125,7150,7125,10700
2022-02-21 14:48:00,7125,7125,7125,7125,8000
2022-02-21 14:49:00,7125,7100,7150,7100,7400
2022-02-21 14:50:00,7125,7100,7150,7100,0
2022-02-21 14:51:00,7125,7100,7150,7100,0
2022-02-21 14:52:00,7125,7100,7150,7100,0
2022-02-21 14:53:00,7125,7100,7150,7100,0
2022-02-21 14:54:00,7125,7100,7150,7100,0
2022-02-21 14:55:00,7125,7100,7150,7100,0
2022-02-21 14:56:00,7125,7100,7150,7100,0
2022-02-21 14:57:00,7125,7100,7150,7100,0
2022-02-21 14:58:00,7125,7100,7150,7100,0
2022-02-21 14:59:00,7125,7100,7150,7100,0
2022-02-21 15:00:00,7150,7150,7150,7150,270500
2022-02-21 15:01:00,7150,7150,7150,7150,1100
2022-02-21 15:02:00,7150,7150,7150,7150,0
2022-02-21 15:03:00,7150,7150,7150,7150,200
2022-02-21 15:04:00,7150,7150,7150,7150,500
2022-02-21 15:05:00,7150,7150,7150,7150,0
2022-02-21 15:06:00,7150,7150,7150,7150,2200
2022-02-21 15:07:00,7150,7150,7150,7150,200
2022-02-21 15:08:00,7150,7150,7150,7150,1000
2022-02-21 15:09:00,7150,7150,7150,7150,2300
2022-02-21 15:10:00,7150,7150,7150,7150,16200
2022-02-21 15:11:00,7150,7150,7150,7150,0
2022-02-21 15:12:00,7150,7150,7150,7150,200
2022-02-21 15:13:00,7150,7150,7150,7150,10000
2022-02-21 15:14:00,7150,7150,7150,7150,21700
2022-02-21 15:15:00,7150,7150,7150,7150,0
2022-02-21 15:16:00,7150,7150,7150,7150,0
2022-02-21 15:17:00,7150,7150,7150,7150,0
2022-02-21 15:18:00,7150,7150,7150,7150,0
2022-02-21 15:19:00,7150,7150,7150,7150,0
2022-02-21 15:20:00,7150,7150,7150,7150,0
2022-02-21 15:21:00,7150,7150,7150,7150,0
2022-02-21 15:22:00,7150,7150,7150,7150,0
2022-02-21 15:23:00,7150,7150,7150,7150,0
2022-02-21 15:24:00,7150,7150,7150,7150,0
2022-02-21 15:25:00,7150,7150,7150,7150,0
2022-02-21 15:26:00,7150,7150,7150,7150,0
2022-02-21 15:27:00,7150,7150,7150,7150,0
2022-02-21 15:28:00,7150,7150,7150,7150,0
2022-02-21 15:29:00,7150,7150,7150,7150,0
2022-02-21 15:30:00,7150,7150,7150,7150,0
2022-02-21 15:31:00,7150,7150,7150,7150,0
2022-02-21 15:32:00,7150,7150,7150,7150,0
2022-02-21 15:33:00,7150,7150,7150,7150,0
2022-02-21 15:34:00,7150,7150,7150,7150,0
2022-02-21 15:35:00,7150,7150,7150,7150,0
2022-02-21 15:36:00,7150,7150,7150,7150,0
2022-02-21 15:37:00,7150,7150,7150,7150,0
2022-02-21 15:38:00,7150,7150,7150,7150,0
2022-02-21 15:39:00,7150,7150,7150,7150,0
2022-02-21 15:40:00,7150,7150,7150,7150,0
2022-02-21 15:41:00,7150,7150,7150,7150,0
2022-02-21 15:42:00,7150,7150,7150,7150,0
2022-02-21 15:43:00,7150,7150,7150,7150,0
2022-02-21 15:44:00,7150,7150,7150,7150,0
2022-02-21 15:45:00,7150,7150,7150,7150,0
2022-02-21 15:46:00,7150,7150,7150,7150,0
2022-02-21 15:47:00,7150,7150,7150,7150,0
2022-02-21 15:48:00,7150,7150,7150,7150,0
2022-02-21 15:49:00,7150,7150,7150,7150,0
2022-02-21 15:50:00,7150,7150,7150,7150,0
2022-02-21 15:51:00,7150,7150,7150,7150,0
2022-02-21 15:52:00,7150,7150,7150,7150,0
2022-02-21 15:53:00,7150,7150,7150,7150,0
2022-02-21 15:54:00,7150,7150,7150,7150,0
2022-02-21 15:55:00,7150,7150,7150,7150,0
2022-02-21 15:56:00,7150,7150,7150,7150,0
2022-02-21 15:57:00,7150,7150,7150,7150,0
2022-02-21 15:58:00,7150,7150,7150,7150,0
2022-02-21 15:59:00,7150,7150,7150,7150,0
2022-02-22 09:00:00,7125,7125,7150,7125,9600
2022-02-22 09:01:00,7125,7125,7125,7125,400
2022-02-22 09:02:00,7100,7100,7100,7100,2700
2022-02-22 09:03:00,7125,7100,7125,7100,3900
2022-02-22 09:04:00,7100,7100,7125,7100,41100
2022-02-22 09:05:00,7075,7075,7075,7075,17000
2022-02-22 09:06:00,7075,7075,7075,7075,10700
2022-02-22 09:07:00,7075,7075,7075,7075,16400
2022-02-22 09:08:00,7075,7075,7075,7075,13700
2022-02-22 09:09:00,7075,7050,7075,7075,21200
2022-02-22 09:10:00,7075,7075,7075,7075,200
2022-02-22 09:11:00,7075,7075,7075,7075,2900
2022-02-22 09:12:00,7100,7100,7100,7100,300
2022-02-22 09:13:00,7100,7100,7100,7100,0
2022-02-22 09:14:00,7075,7075,7075,7075,3000
2022-02-22 09:15:00,7075,7075,7075,7075,100
2022-02-22 09:16:00,7100,7100,7100,7100,600
2022-02-22 09:17:00,7100,7100,7100,7100,3600
2022-02-22 09:18:00,7100,7100,7100,7100,400
2022-02-22 09:19:00,7100,7100,7100,7100,600
2022-02-22 09:20:00,7075,7075,7075,7075,25700
2022-02-22 09:21:00,7075,7075,7075,7075,400
2022-02-22 09:22:00,7050,7050,7050,7050,900
2022-02-22 09:23:00,7050,7050,7075,7075,4700
2022-02-22 09:24:00,7075,7075,7075,7075,800
2022-02-22 09:25:00,7050,7050,7075,7050,15300
2022-02-22 09:26:00,7075,7050,7075,7075,7200
2022-02-22 09:27:00,7050,7050,7075,7075,6100
2022-02-22 09:28:00,7075,7075,7100,7075,9500
2022-02-22 09:29:00,7075,7075,7075,7075,4700
2022-02-22 09:30:00,7075,7075,7075,7075,10800
2022-02-22 09:31:00,7075,7075,7100,7075,9700
2022-02-22 09:32:00,7075,7050,7075,7050,600
2022-02-22 09:33:00,7075,7050,7075,7050,7000
2022-02-22 09:34:00,7050,7050,7075,7075,2800
2022-02-22 09:35:00,7075,7075,7075,7075,10000
2022-02-22 09:36:00,7075,7075,7075,7075,1500
2022-02-22 09:37:00,7075,7075,7075,7075,100
2022-02-22 09:38:00,7075,7075,7075,7075,0
2022-02-22 09:39:00,7075,7075,7075,7075,2300
2022-02-22 09:40:00,7075,7075,7075,7075,200
2022-02-22 09:41:00,7050,7050,7050,7050,5700
2022-02-22 09:42:00,7050,7050,7050,7050,13000
2022-02-22 09:43:00,7050,7050,7050,7050,1800
2022-02-22 09:44:00,7075,7050,7075,7050,1300
2022-02-22 09:45:00,7075,7050,7075,7050,0
2022-02-22 09:46:00,7075,7050,7075,7050,0
2022-02-22 09:47:00,7050,7050,7075,7050,5000
2022-02-22 09:48:00,7050,7050,7075,7075,1300
2022-02-22 09:49:00,7050,7050,7050,7050,7100
2022-02-22 09:50:00,7050,7050,7050,7050,0
2022-02-22 09:51:00,7050,7050,7050,7050,0
2022-02-22 09:52:00,7050,7050,7050,7050,0
2022-02-22 09:53:00,7050,7050,7050,7050,5600
2022-02-22 09:54:00,7050,7050,7050,7050,700
2022-02-22 09:55:00,7050,7050,7050,7050,1300
2022-02-22 09:56:00,7050,7050,7050,7050,7100
2022-02-22 09:57:00,7075,7050,7075,7050,3200
2022-02-22 09:58:00,7050,7050,7050,7050,1700
2022-02-22 09:59:00,7050,7050,7050,7050,2100
2022-02-22 10:00:00,7075,7075,7075,7075,100
2022-02-22 10:01:00,7075,7075,7075,7075,11000
2022-02-22 10:02:00,7075,7075,7075,7075,4000
2022-02-22 10:03:00,7075,7075,7075,7075,0
2022-02-22 10:04:00,7075,7075,7075,7075,1400
2022-02-22 10:05:00,7075,7075,7075,7075,900
2022-02-22 10:06:00,7075,7050,7075,7050,15900
2022-02-22 10:07:00,7050,7050,7050,7050,1800
2022-02-22 10:08:00,7050,7050,7050,7050,3700
2022-02-22 10:09:00,7075,7075,7075,7075,2500
2022-02-22 10:10:00,7075,7050,7075,7050,400
2022-02-22 10:11:00,7075,7075,7075,7075,100
2022-02-22 10:12:00,7075,7075,7075,7075,200
2022-02-22 10:13:00,7075,7050,7075,7075,7600
2022-02-22 10:14:00,7075,7075,7075,7075,100
2022-02-22 10:15:00,7075,7050,7075,7050,1200
2022-02-22 10:16:00,7075,7050,7075,7050,0
2022-02-22 10:17:00,7075,7050,7075,7050,0
2022-02-22 10:18:00,7050,7050,7075,7075,900
2022-02-22 10:19:00,7075,7050,7075,7050,1500
2022-02-22 10:20:00,7050,7050,7050,7050,400
2022-02-22 10:21:00,7050,7050,7050,7050,100
2022-02-22 10:22:00,7075,7050,7075,7050,11900
2022-02-22 10:23:00,7050,7050,7050,7050,6300
2022-02-22 10:24:00,7050,7050,7050,7050,200
2022-02-22 10:25:00,7050,7025,7050,7025,300200
2022-02-22 10:26:00,7025,7025,7025,7025,7300
2022-02-22 10:27:00,7025,7025,7025,7025,0
2022-02-22 10:28:00,7025,7025,7025,7025,20800
2022-02-22 10:29:00,7025,7025,7025,7025,1100
2022-02-22 10:30:00,7050,7025,7050,7025,700
2022-02-22 10:31:00,7050,7025,7050,7025,300
2022-02-22 10:32:00,7050,7050,7050,7050,7500
2022-02-22 10:33:00,7025,7025,7025,7025,1800
2022-02-22 10:34:00,7050,7050,7050,7050,1000
2022-02-22 10:35:00,7050,7025,7050,7050,1100
2022-02-22 10:36:00,7025,7025,7050,7025,8100
2022-02-22 10:37:00,7025,7025,7025,7025,34000
2022-02-22 10:38:00,7025,7025,7025,7025,1300
2022-02-22 10:39:00,7025,7025,7025,7025,14900
2022-02-22 10:40:00,7025,7025,7050,7050,4200
2022-02-22 10:41:00,7050,7025,7050,7025,600
2022-02-22 10:42:00,7050,7025,7050,7025,0
2022-02-22 10:43:00,7050,7025,7050,7050,800
2022-02-22 10:44:00,7025,7025,7025,7025,41500
2022-02-22 10:45:00,7025,7025,7025,7025,3000
2022-02-22 10:46:00,7025,7025,7025,7025,400
2022-02-22 10:47:00,7025,7025,7050,7025,600
2022-02-22 10:48:00,7025,7025,7050,7025,5900
2022-02-22 10:49:00,7025,7025,7025,7025,900
2022-02-22 10:50:00,7050,7000,7050,7000,122000
2022-02-22 10:51:00,7000,7000,7000,7000,3900
2022-02-22 10:52:00,7025,7025,7025,7025,100
2022-02-22 10:53:00,7025,7025,7025,7025,600
2022-02-22 10:54:00,7000,7000,7025,7025,3100
2022-02-22 10:55:00,7025,7025,7025,7025,1300
2022-02-22 10:56:00,7000,7000,7025,7025,4000
2022-02-22 10:57:00,7025,7025,7025,7025,3200
2022-02-22 10:58:00,7025,7025,7025,7025,600
2022-02-22 10:59:00,7000,7000,7000,7000,21900
2022-02-22 11:00:00,7000,7000,7000,7000,500
2022-02-22 11:01:00,7025,7000,7025,7000,500
2022-02-22 11:02:00,7000,7000,7025,7025,8600
2022-02-22 11:03:00,7025,7025,7025,7025,10500
2022-02-22 11:04:00,7025,7000,7025,7025,1200
2022-02-22 11:05:00,7000,7000,7025,7025,36200
2022-02-22 11:06:00,7025,7025,7025,7025,11300
2022-02-22 11:07:00,7000,7000,7025,7025,1400
2022-02-22 11:08:00,7025,7025,7025,7025,3500
2022-02-22 11:09:00,7000,7000,7000,7000,700
2022-02-22 11:10:00,7025,7000,7025,7000,1600
2022-02-22 11:11:00,7000,7000,7000,7000,22600
2022-02-22 11:12:00,7000,7000,7000,7000,0
2022-02-22 11:13:00,7000,7000,7025,7025,200
2022-02-22 11:14:00,7000,7000,7025,7025,600
2022-02-22 11:15:00,7025,7025,7025,7025,3000
2022-02-22 11:16:00,7025,7025,7025,7025,4100
2022-02-22 11:17:00,7025,7000,7025,7000,700
2022-02-22 11:18:00,7025,7000,7025,7000,0
2022-02-22 11:19:00,7000,7000,7025,7025,700
2022-02-22 11:20:00,7025,7025,7025,7025,20300
2022-02-22 11:21:00,7025,7025,7025,7025,22000
2022-02-22 11:22:00,7025,7000,7025,7000,19600
2022-02-22 11:23:00,7025,7025,7025,7025,200
2022-02-22 11:24:00,7025,7000,7025,7000,6500
2022-02-22 11:25:00,7025,7025,7025,7025,56000
2022-02-22 11:26:00,7025,7025,7050,7050,65800
2022-02-22 11:27:00,7025,7025,7050,7050,0
2022-02-22 11:28:00,7025,7025,7050,7050,0
2022-02-22 11:29:00,7050,7025,7050,7025,1600
2022-02-22 11:30:00,7050,7025,7050,7025,0
2022-02-22 11:31:00,7050,7025,7050,7025,0
2022-02-22 11:32:00,7050,7025,7050,7025,0
2022-02-22 11:33:00,7050,7025,7050,7025,0
2022-02-22 11:34:00,7050,7025,7050,7025,0
2022-02-22 11:35:00,7050,7025,7050,7025,0
2022-02-22 11:36:00,7050,7025,7050,7025,0
2022-02-22 11:37:00,7050,7025,7050,7025,0
2022-02-22 11:38:00,7050,7025,7050,7025,0
2022-02-22 11:39:00,7050,7025,7050,7025,0
2022-02-22 11:40:00,7050,7025,7050,7025,0
2022-02-22 11:41:00,7050,7025,7050,7025,0
2022-02-22 11:42:00,7050,7025,7050,7025,0
2022-02-22 11:43:00,7050,7025,7050,7025,0
2022-02-22 11:44:00,7050,7025,7050,7025,0
2022-02-22 11:45:00,7050,7025,7050,7025,0
2022-02-22 11:46:00,7050,7025,7050,7025,0
2022-02-22 11:47:00,7050,7025,7050,7025,0
2022-02-22 11:48:00,7050,7025,7050,7025,0
2022-02-22 11:49:00,7050,7025,7050,7025,0
2022-02-22 11:50:00,7050,7025,7050,7025,0
2022-02-22 11:51:00,7050,7025,7050,7025,0
2022-02-22 11:52:00,7050,7025,7050,7025,0
2022-02-22 11:53:00,7050,7025,7050,7025,0
2022-02-22 11:54:00,7050,7025,7050,7025,0
2022-02-22 11:55:00,7050,7025,7050,7025,0
2022-02-22 11:56:00,7050,7025,7050,7025,0
2022-02-22 11:57:00,7050,7025,7050,7025,0
2022-02-22 11:58:00,7050,7025,7050,7025,0
2022-02-22 11:59:00,7050,7025,7050,7025,0
2022-02-22 12:00:00,7050,7025,7050,7025,0
2022-02-22 12:01:00,7050,7025,7050,7025,0
2022-02-22 12:02:00,7050,7025,7050,7025,0
2022-02-22 12:03:00,7050,7025,7050,7025,0
2022-02-22 12:04:00,7050,7025,7050,7025,0
2022-02-22 12:05:00,7050,7025,7050,7025,0
2022-02-22 12:06:00,7050,7025,7050,7025,0
2022-02-22 12:07:00,7050,7025,7050,7025,0
2022-02-22 12:08:00,7050,7025,7050,7025,0
2022-02-22 12:09:00,7050,7025,7050,7025,0
2022-02-22 12:10:00,7050,7025,7050,7025,0
2022-02-22 12:11:00,7050,7025,7050,7025,0
2022-02-22 12:12:00,7050,7025,7050,7025,0
2022-02-22 12:13:00,7050,7025,7050,7025,0
2022-02-22 12:14:00,7050,7025,7050,7025,0
2022-02-22 12:15:00,7050,7025,7050,7025,0
2022-02-22 12:16:00,7050,7025,7050,7025,0
2022-02-22 12:17:00,7050,7025,7050,7025,0
2022-02-22 12:18:00,7050,7025,7050,7025,0
2022-02-22 12:19:00,7050,7025,7050,7025,0
2022-02-22 12:20:00,7050,7025,7050,7025,0
2022-02-22 12:21:00,7050,7025,7050,7025,0
2022-02-22 12:22:00,7050,7025,7050,7025,0
2022-02-22 12:23:00,7050,7025,7050,7025,0
2022-02-22 12:24:00,7050,7025,7050,7025,0
2022-02-22 12:25:00,7050,7025,7050,7025,0
2022-02-22 12:26:00,7050,7025,7050,7025,0
2022-02-22 12:27:00,7050,7025,7050,7025,0
2022-02-22 12:28:00,7050,7025,7050,7025,0
2022-02-22 12:29:00,7050,7025,7050,7025,0
2022-02-22 12:30:00,7050,7025,7050,7025,0
2022-02-22 12:31:00,7050,7025,7050,7025,0
2022-02-22 12:32:00,7050,7025,7050,7025,0
2022-02-22 12:33:00,7050,7025,7050,7025,0
2022-02-22 12:34:00,7050,7025,7050,7025,0
2022-02-22 12:35:00,7050,7025,7050,7025,0
2022-02-22 12:36:00,7050,7025,7050,7025,0
2022-02-22 12:37:00,7050,7025,7050,7025,0
2022-02-22 12:38:00,7050,7025,7050,7025,0
2022-02-22 12:39:00,7050,7025,7050,7025,0
2022-02-22 12:40:00,7050,7025,7050,7025,0
2022-02-22 12:41:00,7050,7025,7050,7025,0
2022-02-22 12:42:00,7050,7025,7050,7025,0
2022-02-22 12:43:00,7050,7025,7050,7025,0
2022-02-22 12:44:00,7050,7025,7050,7025,0
2022-02-22 12:45:00,7050,7025,7050,7025,0
2022-02-22 12:46:00,7050,7025,7050,7025,0
2022-02-22 12:47:00,7050,7025,7050,7025,0
2022-02-22 12:48:00,7050,7025,7050,7025,0
2022-02-22 12:49:00,7050,7025,7050,7025,0
2022-02-22 12:50:00,7050,7025,7050,7025,0
2022-02-22 12:51:00,7050,7025,7050,7025,0
2022-02-22 12:52:00,7050,7025,7050,7025,0
2022-02-22 12:53:00,7050,7025,7050,7025,0
2022-02-22 12:54:00,7050,7025,7050,7025,0
2022-02-22 12:55:00,7050,7025,7050,7025,0
2022-02-22 12:56:00,7050,7025,7050,7025,0
2022-02-22 12:57:00,7050,7025,7050,7025,0
2022-02-22 12:58:00,7050,7025,7050,7025,0
2022-02-22 12:59:00,7050,7025,7050,7025,0
2022-02-22 13:00:00,7050,7025,7050,7025,0
2022-02-22 13:01:00,7050,7025,7050,7025,0
2022-02-22 13:02:00,7050,7025,7050,7025,0
2022-02-22 13:03:00,7050,7025,7050,7025,0
2022-02-22 13:04:00,7050,7025,7050,7025,0
2022-02-22 13:05:00,7050,7025,7050,7025,0
2022-02-22 13:06:00,7050,7025,7050,7025,0
2022-02-22 13:07:00,7050,7025,7050,7025,0
2022-02-22 13:08:00,7050,7025,7050,7025,0
2022-02-22 13:09:00,7050,7025,7050,7025,0
2022-02-22 13:10:00,7050,7025,7050,7025,0
2022-02-22 13:11:00,7050,7025,7050,7025,0
2022-02-22 13:12:00,7050,7025,7050,7025,0
2022-02-22 13:13:00,7050,7025,7050,7025,0
2022-02-22 13:14:00,7050,7025,7050,7025,0
2022-02-22 13:15:00,7050,7025,7050,7025,0
2022-02-22 13:16:00,7050,7025,7050,7025,0
2022-02-22 13:17:00,7050,7025,7050,7025,0
2022-02-22 13:18:00,7050,7025,7050,7025,0
2022-02-22 13:19:00,7050,7025,7050,7025,0
2022-02-22 13:20:00,7050,7025,7050,7025,0
2022-02-22 13:21:00,7050,7025,7050,7025,0
2022-02-22 13:22:00,7050,7025,7050,7025,0
2022-02-22 13:23:00,7050,7025,7050,7025,0
2022-02-22 13:24:00,7050,7025,7050,7025,0
2022-02-22 13:25:00,7050,7025,7050,7025,0
2022-02-22 13:26:00,7050,7025,7050,7025,0
2022-02-22 13:27:00,7050,7025,7050,7025,0
2022-02-22 13:28:00,7050,7025,7050,7025,0
2022-02-22 13:29:00,7050,7025,7050,7025,0
2022-02-22 13:30:00,7050,7025,7050,7025,18700
2022-02-22 13:31:00,7050,7025,7050,7025,0
2022-02-22 13:32:00,7025,7025,7025,7025,13100
2022-02-22 13:33:00,7025,7025,7025,7025,0
2022-02-22 13:34:00,7025,7025,7025,7025,500
2022-02-22 13:35:00,7050,7050,7050,7050,300
2022-02-22 13:36:00,7050,7050,7050,7050,0
2022-02-22 13:37:00,7050,7025,7050,7025,600
2022-02-22 13:38:00,7050,7025,7050,7025,0
2022-02-22 13:39:00,7050,7025,7050,7025,0
2022-02-22 13:40:00,7025,7025,7025,7025,45000
2022-02-22 13:41:00,7025,7025,7025,7025,800
2022-02-22 13:42:00,7025,7025,7025,7025,500
2022-02-22 13:43:00,7025,7025,7025,7025,0
2022-02-22 13:44:00,7025,7025,7025,7025,600
2022-02-22 13:45:00,7025,7025,7025,7025,500
2022-02-22 13:46:00,7025,7025,7025,7025,300
2022-02-22 13:47:00,7025,7025,7025,7025,9000
2022-02-22 13:48:00,7025,7025,7025,7025,3000
2022-02-22 13:49:00,7025,7025,7025,7025,1000
2022-02-22 13:50:00,7025,7025,7025,7025,13500
2022-02-22 13:51:00,7025,7025,7025,7025,0
2022-02-22 13:52:00,7050,7050,7050,7050,1800
2022-02-22 13:53:00,7025,7025,7050,7050,600
2022-02-22 13:54:00,7025,7025,7050,7050,10500
2022-02-22 13:55:00,7025,7025,7050,7025,49700
2022-02-22 13:56:00,7025,7025,7050,7025,0
2022-02-22 13:57:00,7025,7025,7025,7025,20400
2022-02-22 13:58:00,7025,7025,7025,7025,500
2022-02-22 13:59:00,7025,7025,7025,7025,2700
2022-02-22 14:00:00,7025,7025,7025,7025,20500
2022-02-22 14:01:00,7025,7025,7025,7025,0
2022-02-22 14:02:00,7025,7025,7025,7025,200
2022-02-22 14:03:00,7025,7025,7025,7025,500
2022-02-22 14:04:00,7025,7025,7025,7025,0
2022-02-22 14:05:00,7025,7025,7025,7025,11500
2022-02-22 14:06:00,7025,7025,7025,7025,0
2022-02-22 14:07:00,7025,7025,7025,7025,0
2022-02-22 14:08:00,7050,7025,7050,7025,30300
2022-02-22 14:09:00,7025,7025,7025,7025,300
2022-02-22 14:10:00,7025,7025,7025,7025,0
2022-02-22 14:11:00,7025,7025,7050,7050,1500
2022-02-22 14:12:00,7025,7025,7025,7025,10700
2022-02-22 14:13:00,7025,7000,7025,7025,4400
2022-02-22 14:14:00,7025,7000,7025,7025,0
2022-02-22 14:15:00,7025,7025,7025,7025,700
2022-02-22 14:16:00,7000,7000,7000,7000,500
2022-02-22 14:17:00,7000,7000,7025,7025,8700
2022-02-22 14:18:00,7025,7000,7025,7025,24800
2022-02-22 14:19:00,7025,7025,7025,7025,65700
2022-02-22 14:20:00,7025,7025,7025,7025,2000
2022-02-22 14:21:00,7025,7025,7025,7025,0
2022-02-22 14:22:00,7025,7025,7025,7025,0
2022-02-22 14:23:00,7025,7025,7050,7025,2600
2022-02-22 14:24:00,7050,7050,7050,7050,10000
2022-02-22 14:25:00,7050,7050,7050,7050,9100
2022-02-22 14:26:00,7025,7025,7050,7050,2700
2022-02-22 14:27:00,7050,7050,7050,7050,1600
2022-02-22 14:28:00,7050,7025,7050,7025,700
2022-02-22 14:29:00,7025,7025,7025,7025,12500
2022-02-22 14:30:00,7025,7025,7025,7025,3000
2022-02-22 14:31:00,7025,7025,7025,7025,6400
2022-02-22 14:32:00,7050,7025,7050,7050,14200
2022-02-22 14:33:00,7025,7025,7025,7025,2300
2022-02-22 14:34:00,7025,7025,7050,7025,10300
2022-02-22 14:35:00,7025,7025,7025,7025,29500
2022-02-22 14:36:00,7025,7025,7050,7025,6100
2022-02-22 14:37:00,7050,7025,7050,7025,5100
2022-02-22 14:38:00,7025,7025,7025,7025,6100
2022-02-22 14:39:00,7025,7025,7025,7025,5500
2022-02-22 14:40:00,7025,7025,7050,7025,10000
2022-02-22 14:41:00,7025,7025,7025,7025,5600
2022-02-22 14:42:00,7025,7025,7025,7025,10200
2022-02-22 14:43:00,7025,7025,7050,7025,30900
2022-02-22 14:44:00,7025,7025,7050,7025,7600
2022-02-22 14:45:00,7025,7025,7025,7025,5100
2022-02-22 14:46:00,7025,7025,7050,7025,27200
2022-02-22 14:47:00,7025,7025,7050,7025,42200
2022-02-22 14:48:00,7025,7025,7050,7025,20100
2022-02-22 14:49:00,7025,7025,7050,7025,12300
2022-02-22 14:50:00,7025,7025,7050,7025,0
2022-02-22 14:51:00,7025,7025,7050,7025,0
2022-02-22 14:52:00,7025,7025,7050,7025,0
2022-02-22 14:53:00,7025,7025,7050,7025,0
2022-02-22 14:54:00,7025,7025,7050,7025,0
2022-02-22 14:55:00,7025,7025,7050,7025,0
2022-02-22 14:56:00,7025,7025,7050,7025,0
2022-02-22 14:57:00,7025,7025,7050,7025,0
2022-02-22 14:58:00,7025,7025,7050,7025,0
2022-02-22 14:59:00,7025,7025,7050,7025,0
2022-02-22 15:00:00,7050,7050,7050,7050,48300
2022-02-22 15:01:00,7050,7050,7050,7050,3800
2022-02-22 15:02:00,7050,7050,7050,7050,3400
2022-02-22 15:03:00,7050,7050,7050,7050,23700
2022-02-22 15:04:00,7050,7050,7050,7050,31200
2022-02-22 15:05:00,7050,7050,7050,7050,0
2022-02-22 15:06:00,7050,7050,7050,7050,1100
2022-02-22 15:07:00,7050,7050,7050,7050,15000
2022-02-22 15:08:00,7050,7050,7050,7050,9600
2022-02-22 15:09:00,7050,7050,7050,7050,400
2022-02-22 15:10:00,7050,7050,7050,7050,500
2022-02-22 15:11:00,7050,7050,7050,7050,6700
2022-02-22 15:12:00,7050,7050,7050,7050,2800
2022-02-22 15:13:00,7050,7050,7050,7050,0
2022-02-22 15:14:00,7050,7050,7050,7050,0
2022-02-22 15:15:00,7050,7050,7050,7050,0
2022-02-22 15:16:00,7050,7050,7050,7050,0
2022-02-22 15:17:00,7050,7050,7050,7050,0
2022-02-22 15:18:00,7050,7050,7050,7050,0
2022-02-22 15:19:00,7050,7050,7050,7050,0
2022-02-22 15:20:00,7050,7050,7050,7050,0
2022-02-22 15:21:00,7050,7050,7050,7050,0
2022-02-22 15:22:00,7050,7050,7050,7050,0
2022-02-22 15:23:00,7050,7050,7050,7050,0
2022-02-22 15:24:00,7050,7050,7050,7050,0
2022-02-22 15:25:00,7050,7050,7050,7050,0
2022-02-22 15:26:00,7050,7050,7050,7050,0
2022-02-22 15:27:00,7050,7050,7050,7050,0
2022-02-22 15:28:00,7050,7050,7050,7050,0
2022-02-22 15:29:00,7050,7050,7050,7050,0
2022-02-22 15:30:00,7050,7050,7050,7050,0
2022-02-22 15:31:00,7050,7050,7050,7050,0
2022-02-22 15:32:00,7050,7050,7050,7050,0
2022-02-22 15:33:00,7050,7050,7050,7050,0
2022-02-22 15:34:00,7050,7050,7050,7050,0
2022-02-22 15:35:00,7050,7050,7050,7050,0
2022-02-22 15:36:00,7050,7050,7050,7050,0
2022-02-22 15:37:00,7050,7050,7050,7050,0
2022-02-22 15:38:00,7050,7050,7050,7050,0
2022-02-22 15:39:00,7050,7050,7050,7050,0
2022-02-22 15:40:00,7050,7050,7050,7050,0
2022-02-22 15:41:00,7050,7050,7050,7050,0
2022-02-22 15:42:00,7050,7050,7050,7050,0
2022-02-22 15:43:00,7050,7050,7050,7050,0
2022-02-22 15:44:00,7050,7050,7050,7050,0
2022-02-22 15:45:00,7050,7050,7050,7050,0
2022-02-22 15:46:00,7050,7050,7050,7050,0
2022-02-22 15:47:00,7050,7050,7050,7050,0
2022-02-22 15:48:00,7050,7050,7050,7050,0
2022-02-22 15:49:00,7050,7050,7050,7050,0
2022-02-22 15:50:00,7050,7050,7050,7050,0
2022-02-22 15:51:00,7050,7050,7050,7050,0
2022-02-22 15:52:00,7050,7050,7050,7050,0
2022-02-22 15:53:00,7050,7050,7050,7050,0
2022-02-22 15:54:00,7050,7050,7050,7050,0
2022-02-22 15:55:00,7050,7050,7050,7050,0
2022-02-22 15:56:00,7050,7050,7050,7050,0
2022-02-22 15:57:00,7050,7050,7050,7050,0
2022-02-22 15:58:00,7050,7050,7050,7050,0
2022-02-22 15:59:00,7050,7050,7050,7050,0
2022-02-23 09:00:00,7050,7050,7050,7050,1000
2022-02-23 09:01:00,7050,7025,7050,7025,1700
2022-02-23 09:02:00,7025,7025,7050,7050,23400
2022-02-23 09:03:00,7050,7025,7050,7050,32900
2022-02-23 09:04:00,7050,7050,7075,7075,47800
2022-02-23 09:05:00,7075,7075,7100,7100,4100
2022-02-23 09:06:00,7100,7100,7100,7100,2200
2022-02-23 09:07:00,7100,7100,7100,7100,14400
2022-02-23 09:08:00,7100,7100,7150,7150,226300
2022-02-23 09:09:00,7175,7150,7200,7175,217700
2022-02-23 09:10:00,7175,7175,7200,7175,106600
2022-02-23 09:11:00,7175,7175,7200,7175,52600
2022-02-23 09:12:00,7175,7150,7200,7150,35300
2022-02-23 09:13:00,7175,7175,7175,7175,3200
2022-02-23 09:14:00,7175,7150,7175,7150,7000
2022-02-23 09:15:00,7150,7150,7175,7150,48800
2022-02-23 09:16:00,7150,7150,7150,7150,30800
2022-02-23 09:17:00,7150,7125,7150,7150,6300
2022-02-23 09:18:00,7150,7150,7150,7150,12800
2022-02-23 09:19:00,7150,7150,7150,7150,8200
2022-02-23 09:20:00,7150,7150,7150,7150,7200
2022-02-23 09:21:00,7150,7150,7175,7175,8000
2022-02-23 09:22:00,7150,7150,7150,7150,100
2022-02-23 09:23:00,7150,7150,7150,7150,14000
2022-02-23 09:24:00,7150,7150,7175,7175,9100
2022-02-23 09:25:00,7150,7150,7175,7175,10300
2022-02-23 09:26:00,7150,7150,7175,7175,3400
2022-02-23 09:27:00,7150,7150,7175,7150,1000
2022-02-23 09:28:00,7150,7150,7175,7175,1200
2022-02-23 09:29:00,7175,7175,7175,7175,22500
2022-02-23 09:30:00,7175,7175,7175,7175,29900
2022-02-23 09:31:00,7175,7175,7175,7175,4500
2022-02-23 09:32:00,7175,7175,7175,7175,200
2022-02-23 09:33:00,7175,7175,7175,7175,0
2022-02-23 09:34:00,7175,7150,7175,7150,15800
2022-02-23 09:35:00,7150,7150,7150,7150,2000
2022-02-23 09:36:00,7175,7150,7175,7150,3200
2022-02-23 09:37:00,7150,7150,7150,7150,300
2022-02-23 09:38:00,7150,7150,7175,7175,21200
2022-02-23 09:39:00,7175,7150,7175,7150,28300
2022-02-23 09:40:00,7175,7175,7175,7175,1000
2022-02-23 09:41:00,7175,7175,7175,7175,35000
2022-02-23 09:42:00,7175,7175,7175,7175,28600
2022-02-23 09:43:00,7150,7150,7175,7175,45700
2022-02-23 09:44:00,7175,7175,7175,7175,5900
2022-02-23 09:45:00,7175,7175,7200,7175,66000
2022-02-23 09:46:00,7175,7175,7175,7175,2100
2022-02-23 09:47:00,7175,7175,7200,7200,18300
2022-02-23 09:48:00,7200,7200,7225,7200,165400
2022-02-23 09:49:00,7200,7200,7225,7225,7000
2022-02-23 09:50:00,7200,7200,7275,7275,319700
2022-02-23 09:51:00,7275,7250,7275,7275,133400
2022-02-23 09:52:00,7275,7250,7275,7275,109700
2022-02-23 09:53:00,7275,7250,7275,7275,116200
2022-02-23 09:54:00,7250,7250,7275,7275,56000
2022-02-23 09:55:00,7275,7250,7275,7250,7600
2022-02-23 09:56:00,7275,7275,7275,7275,8400
2022-02-23 09:57:00,7275,7275,7275,7275,9900
2022-02-23 09:58:00,7275,7250,7275,7275,2300
2022-02-23 09:59:00,7275,7250,7275,7250,10600
2022-02-23 10:00:00,7250,7250,7275,7250,28300
2022-02-23 10:01:00,7250,7250,7275,7250,10700
2022-02-23 10:02:00,7250,7250,7275,7250,103600
2022-02-23 10:03:00,7250,7250,7275,7250,13500
2022-02-23 10:04:00,7250,7250,7275,7250,8500
2022-02-23 10:05:00,7275,7250,7275,7250,171000
2022-02-23 10:06:00,7250,7250,7250,7250,199800
2022-02-23 10:07:00,7250,7225,7250,7225,38800
2022-02-23 10:08:00,7225,7225,7225,7225,65200
2022-02-23 10:09:00,7225,7225,7250,7225,9200
2022-02-23 10:10:00,7225,7225,7225,7225,26400
2022-02-23 10:11:00,7225,7225,7225,7225,11000
2022-02-23 10:12:00,7200,7200,7250,7225,48600
2022-02-23 10:13:00,7225,7225,7225,7225,41500
2022-02-23 10:14:00,7225,7225,7225,7225,9900
2022-02-23 10:15:00,7225,7225,7225,7225,100
2022-02-23 10:16:00,7200,7200,7200,7200,4700
2022-02-23 10:17:00,7200,7200,7200,7200,5000
2022-02-23 10:18:00,7200,7200,7200,7200,27300
2022-02-23 10:19:00,7200,7200,7200,7200,200
2022-02-23 10:20:00,7200,7200,7200,7200,30200
2022-02-23 10:21:00,7200,7175,7200,7175,13200
2022-02-23 10:22:00,7175,7175,7200,7200,1500
2022-02-23 10:23:00,7200,7200,7225,7225,7400
2022-02-23 10:24:00,7225,7225,7225,7225,400
2022-02-23 10:25:00,7225,7225,7225,7225,0
2022-02-23 10:26:00,7200,7200,7225,7225,2800
2022-02-23 10:27:00,7225,7225,7225,7225,200
2022-02-23 10:28:00,7200,7200,7225,7225,9300
2022-02-23 10:29:00,7225,7225,7225,7225,3000
2022-02-23 10:30:00,7200,7200,7200,7200,200
2022-02-23 10:31:00,7200,7200,7200,7200,1900
2022-02-23 10:32:00,7200,7200,7225,7225,1200
2022-02-23 10:33:00,7225,7200,7225,7200,89600
2022-02-23 10:34:00,7225,7200,7225,7200,0
2022-02-23 10:35:00,7225,7200,7225,7200,0
2022-02-23 10:36:00,7200,7175,7200,7200,11100
2022-02-23 10:37:00,7200,7175,7200,7200,0
2022-02-23 10:38:00,7175,7175,7200,7200,1200
2022-02-23 10:39:00,7200,7175,7200,7200,11200
2022-02-23 10:40:00,7200,7200,7200,7200,1300
2022-02-23 10:41:00,7200,7200,7200,7200,17100
2022-02-23 10:42:00,7200,7175,7200,7175,3000
2022-02-23 10:43:00,7200,7175,7200,7175,0
2022-02-23 10:44:00,7200,7200,7200,7200,600
2022-02-23 10:45:00,7200,7200,7200,7200,1500
2022-02-23 10:46:00,7200,7200,7200,7200,3000
2022-02-23 10:47:00,7200,7200,7200,7200,1500
2022-02-23 10:48:00,7200,7175,7200,7200,1600
2022-02-23 10:49:00,7200,7175,7200,7200,0
2022-02-23 10:50:00,7200,7175,7200,7175,2100
2022-02-23 10:51:00,7200,7200,7200,7200,2200
2022-02-23 10:52:00,7175,7175,7175,7175,400
2022-02-23 10:53:00,7175,7175,7175,7175,0
2022-02-23 10:54:00,7175,7175,7175,7175,800
2022-02-23 10:55:00,7200,7175,7200,7175,99600
2022-02-23 10:56:00,7175,7175,7175,7175,2100
2022-02-23 10:57:00,7175,7150,7175,7150,101000
2022-02-23 10:58:00,7150,7150,7150,7150,4900
2022-02-23 10:59:00,7150,7150,7175,7175,800
2022-02-23 11:00:00,7175,7175,7175,7175,700
2022-02-23 11:01:00,7175,7150,7175,7150,1300
2022-02-23 11:02:00,7175,7150,7175,7150,0
2022-02-23 11:03:00,7150,7150,7150,7150,1800
2022-02-23 11:04:00,7150,7150,7150,7150,500
2022-02-23 11:05:00,7175,7175,7175,7175,5100
2022-02-23 11:06:00,7175,7175,7175,7175,1500
2022-02-23 11:07:00,7175,7175,7175,7175,500
2022-02-23 11:08:00,7175,7175,7175,7175,1200
2022-02-23 11:09:00,7175,7175,7175,7175,0
2022-02-23 11:10:00,7150,7150,7150,7150,300
2022-02-23 11:11:00,7150,7150,7150,7150,0
2022-02-23 11:12:00,7150,7150,7150,7150,100
2022-02-23 11:13:00,7175,7175,7175,7175,300
2022-02-23 11:14:00,7175,7175,7175,7175,86200
2022-02-23 11:15:00,7200,7200,7200,7200,105500
2022-02-23 11:16:00,7200,7200,7200,7200,500
2022-02-23 11:17:00,7200,7200,7200,7200,2100
2022-02-23 11:18:00,7200,7200,7200,7200,23000
2022-02-23 11:19:00,7200,7200,7200,7200,5500
2022-02-23 11:20:00,7200,7200,7200,7200,600
2022-02-23 11:21:00,7200,7200,7200,7200,4300
2022-02-23 11:22:00,7200,7200,7200,7200,10000
2022-02-23 11:23:00,7200,7200,7200,7200,100
2022-02-23 11:24:00,7200,7200,7200,7200,500
2022-02-23 11:25:00,7200,7200,7200,7200,16900
2022-02-23 11:26:00,7200,7200,7225,7225,600
2022-02-23 11:27:00,7200,7200,7225,7225,0
2022-02-23 11:28:00,7200,7200,7200,7200,28300
2022-02-23 11:29:00,7200,7200,7225,7225,190600
2022-02-23 11:30:00,7200,7200,7225,7225,0
2022-02-23 11:31:00,7200,7200,7225,7225,0
2022-02-23 11:32:00,7200,7200,7225,7225,0
2022-02-23 11:33:00,7200,7200,7225,7225,0
2022-02-23 11:34:00,7200,7200,7225,7225,0
2022-02-23 11:35:00,7200,7200,7225,7225,0
2022-02-23 11:36:00,7200,7200,7225,7225,0
2022-02-23 11:37:00,7200,7200,7225,7225,0
2022-02-23 11:38:00,7200,7200,7225,7225,0
2022-02-23 11:39:00,7200,7200,7225,7225,0
2022-02-23 11:40:00,7200,7200,7225,7225,0
2022-02-23 11:41:00,7200,7200,7225,7225,0
2022-02-23 11:42:00,7200,7200,7225,7225,0
2022-02-23 11:43:00,7200,7200,7225,7225,0
2022-02-23 11:44:00,7200,7200,7225,7225,0
2022-02-23 11:45:00,7200,7200,7225,7225,0
2022-02-23 11:46:00,7200,7200,7225,7225,0
2022-02-23 11:47:00,7200,7200,7225,7225,0
2022-02-23 11:48:00,7200,7200,7225,7225,0
2022-02-23 11:49:00,7200,7200,7225,7225,0
2022-02-23 11:50:00,7200,7200,7225,7225,0
2022-02-23 11:51:00,7200,7200,7225,7225,0
2022-02-23 11:52:00,7200,7200,7225,7225,0
2022-02-23 11:53:00,7200,7200,7225,7225,0
2022-02-23 11:54:00,7200,7200,7225,7225,0
2022-02-23 11:55:00,7200,7200,7225,7225,0
2022-02-23 11:56:00,7200,7200,7225,7225,0
2022-02-23 11:57:00,7200,7200,7225,7225,0
2022-02-23 11:58:00,7200,7200,7225,7225,0
2022-02-23 11:59:00,7200,7200,7225,7225,0
2022-02-23 12:00:00,7200,7200,7225,7225,0
2022-02-23 12:01:00,7200,7200,7225,7225,0
2022-02-23 12:02:00,7200,7200,7225,7225,0
2022-02-23 12:03:00,7200,7200,7225,7225,0
2022-02-23 12:04:00,7200,7200,7225,7225,0
2022-02-23 12:05:00,7200,7200,7225,7225,0
2022-02-23 12:06:00,7200,7200,7225,7225,0
2022-02-23 12:07:00,7200,7200,7225,7225,0
2022-02-23 12:08:00,7200,7200,7225,7225,0
2022-02-23 12:09:00,7200,7200,7225,7225,0
2022-02-23 12:10:00,7200,7200,7225,7225,0
2022-02-23 12:11:00,7200,7200,7225,7225,0
2022-02-23 12:12:00,7200,7200,7225,7225,0
2022-02-23 12:13:00,7200,7200,7225,7225,0
2022-02-23 12:14:00,7200,7200,7225,7225,0
2022-02-23 12:15:00,7200,7200,7225,7225,0
2022-02-23 12:16:00,7200,7200,7225,7225,0
2022-02-23 12:17:00,7200,7200,7225,7225,0
2022-02-23 12:18:00,7200,7200,7225,7225,0
2022-02-23 12:19:00,7200,7200,7225,7225,0
2022-02-23 12:20:00,7200,7200,7225,7225,0
2022-02-23 12:21:00,7200,7200,7225,7225,0
2022-02-23 12:22:00,7200,7200,7225,7225,0
2022-02-23 12:23:00,7200,7200,7225,7225,0
2022-02-23 12:24:00,7200,7200,7225,7225,0
2022-02-23 12:25:00,7200,7200,7225,7225,0
2022-02-23 12:26:00,7200,7200,7225,7225,0
2022-02-23 12:27:00,7200,7200,7225,7225,0
2022-02-23 12:28:00,7200,7200,7225,7225,0
2022-02-23 12:29:00,7200,7200,7225,7225,0
2022-02-23 12:30:00,7200,7200,7225,7225,0
2022-02-23 12:31:00,7200,7200,7225,7225,0
2022-02-23 12:32:00,7200,7200,7225,7225,0
2022-02-23 12:33:00,7200,7200,7225,7225,0
2022-02-23 12:34:00,7200,7200,7225,7225,0
2022-02-23 12:35:00,7200,7200,7225,7225,0
2022-02-23 12:36:00,7200,7200,7225,7225,0
2022-02-23 12:37:00,7200,7200,7225,7225,0
2022-02-23 12:38:00,7200,7200,7225,7225,0
2022-02-23 12:39:00,7200,7200,7225,7225,0
2022-02-23 12:40:00,7200,7200,7225,7225,0
2022-02-23 12:41:00,7200,7200,7225,7225,0
2022-02-23 12:42:00,7200,7200,7225,7225,0
2022-02-23 12:43:00,7200,7200,7225,7225,0
2022-02-23 12:44:00,7200,7200,7225,7225,0
2022-02-23 12:45:00,7200,7200,7225,7225,0
2022-02-23 12:46:00,7200,7200,7225,7225,0
2022-02-23 12:47:00,7200,7200,7225,7225,0
2022-02-23 12:48:00,7200,7200,7225,7225,0
2022-02-23 12:49:00,7200,7200,7225,7225,0
2022-02-23 12:50:00,7200,7200,7225,7225,0
2022-02-23 12:51:00,7200,7200,7225,7225,0
2022-02-23 12:52:00,7200,7200,7225,7225,0
2022-02-23 12:53:00,7200,7200,7225,7225,0
2022-02-23 12:54:00,7200,7200,7225,7225,0
2022-02-23 12:55:00,7200,7200,7225,7225,0
2022-02-23 12:56:00,7200,7200,7225,7225,0
2022-02-23 12:57:00,7200,7200,7225,7225,0
2022-02-23 12:58:00,7200,7200,7225,7225,0
2022-02-23 12:59:00,7200,7200,7225,7225,0
2022-02-23 13:00:00,7200,7200,7225,7225,0
2022-02-23 13:01:00,7200,7200,7225,7225,0
2022-02-23 13:02:00,7200,7200,7225,7225,0
2022-02-23 13:03:00,7200,7200,7225,7225,0
2022-02-23 13:04:00,7200,7200,7225,7225,0
2022-02-23 13:05:00,7200,7200,7225,7225,0
2022-02-23 13:06:00,7200,7200,7225,7225,0
2022-02-23 13:07:00,7200,7200,7225,7225,0
2022-02-23 13:08:00,7200,7200,7225,7225,0
2022-02-23 13:09:00,7200,7200,7225,7225,0
2022-02-23 13:10:00,7200,7200,7225,7225,0
2022-02-23 13:11:00,7200,7200,7225,7225,0
2022-02-23 13:12:00,7200,7200,7225,7225,0
2022-02-23 13:13:00,7200,7200,7225,7225,0
2022-02-23 13:14:00,7200,7200,7225,7225,0
2022-02-23 13:15:00,7200,7200,7225,7225,0
2022-02-23 13:16:00,7200,7200,7225,7225,0
2022-02-23 13:17:00,7200,7200,7225,7225,0
2022-02-23 13:18:00,7200,7200,7225,7225,0
2022-02-23 13:19:00,7200,7200,7225,7225,0
2022-02-23 13:20:00,7200,7200,7225,7225,0
2022-02-23 13:21:00,7200,7200,7225,7225,0
2022-02-23 13:22:00,7200,7200,7225,7225,0
2022-02-23 13:23:00,7200,7200,7225,7225,0
2022-02-23 13:24:00,7200,7200,7225,7225,0
2022-02-23 13:25:00,7200,7200,7225,7225,0
2022-02-23 13:26:00,7200,7200,7225,7225,0
2022-02-23 13:27:00,7200,7200,7225,7225,0
2022-02-23 13:28:00,7200,7200,7225,7225,0
2022-02-23 13:29:00,7200,7200,7225,7225,0
2022-02-23 13:30:00,7250,7225,7250,7225,88700
2022-02-23 13:31:00,7225,7225,7250,7250,8200
2022-02-23 13:32:00,7250,7225,7250,7250,17200
2022-02-23 13:33:00,7225,7225,7250,7250,12600
2022-02-23 13:34:00,7225,7225,7225,7225,5900
2022-02-23 13:35:00,7225,7225,7225,7225,5200
2022-02-23 13:36:00,7225,7225,7250,7250,22200
2022-02-23 13:37:00,7225,7225,7225,7225,16300
2022-02-23 13:38:00,7225,7225,7250,7225,19000
2022-02-23 13:39:00,7225,7225,7225,7225,6100
2022-02-23 13:40:00,7225,7225,7225,7225,10400
2022-02-23 13:41:00,7225,7225,7225,7225,22400
2022-02-23 13:42:00,7250,7225,7250,7225,5300
2022-02-23 13:43:00,7250,7250,7250,7250,208400
2022-02-23 13:44:00,7250,7250,7275,7275,26600
2022-02-23 13:45:00,7250,7250,7275,7275,8700
2022-02-23 13:46:00,7275,7250,7275,7275,5200
2022-02-23 13:47:00,7250,7250,7275,7250,12300
2022-02-23 13:48:00,7250,7250,7275,7275,3500
2022-02-23 13:49:00,7275,7250,7275,7250,21700
2022-02-23 13:50:00,7250,7250,7250,7250,8300
2022-02-23 13:51:00,7275,7250,7275,7250,12500
2022-02-23 13:52:00,7250,7250,7275,7250,12300
2022-02-23 13:53:00,7275,7250,7275,7275,205700
2022-02-23 13:54:00,7275,7275,7300,7300,13200
2022-02-23 13:55:00,7275,7275,7300,7300,469000
2022-02-23 13:56:00,7300,7300,7325,7300,4900
2022-02-23 13:57:00,7300,7300,7325,7325,154900
2022-02-23 13:58:00,7325,7325,7350,7325,84600
2022-02-23 13:59:00,7325,7300,7325,7300,56700
2022-02-23 14:00:00,7300,7300,7300,7300,4000
2022-02-23 14:01:00,7300,7300,7325,7325,15400
2022-02-23 14:02:00,7325,7300,7325,7300,15100
2022-02-23 14:03:00,7300,7300,7300,7300,49100
2022-02-23 14:04:00,7300,7300,7325,7300,47800
2022-02-23 14:05:00,7300,7300,7300,7300,105500
2022-02-23 14:06:00,7300,7300,7300,7300,58300
2022-02-23 14:07:00,7300,7300,7350,7325,154800
2022-02-23 14:08:00,7325,7300,7325,7300,31600
2022-02-23 14:09:00,7300,7300,7300,7300,3800
2022-02-23 14:10:00,7300,7300,7325,7300,5000
2022-02-23 14:11:00,7300,7300,7300,7300,1300
2022-02-23 14:12:00,7300,7300,7325,7300,2600
2022-02-23 14:13:00,7325,7300,7325,7300,50200
2022-02-23 14:14:00,7325,7300,7325,7325,5000
2022-02-23 14:15:00,7300,7300,7325,7325,19300
2022-02-23 14:16:00,7300,7300,7325,7325,283800
2022-02-23 14:17:00,7325,7325,7350,7350,118200
2022-02-23 14:18:00,7325,7325,7350,7350,6200
2022-02-23 14:19:00,7350,7325,7350,7325,53600
2022-02-23 14:20:00,7325,7325,7325,7325,184500
2022-02-23 14:21:00,7325,7325,7325,7325,40800
2022-02-23 14:22:00,7325,7325,7350,7350,11500
2022-02-23 14:23:00,7350,7325,7350,7350,21100
2022-02-23 14:24:00,7350,7325,7375,7375,417800
2022-02-23 14:25:00,7375,7350,7375,7375,238200
2022-02-23 14:26:00,7400,7375,7400,7375,236100
2022-02-23 14:27:00,7400,7350,7400,7375,166700
2022-02-23 14:28:00,7375,7350,7375,7375,8500
2022-02-23 14:29:00,7375,7350,7375,7375,184700
2022-02-23 14:30:00,7375,7350,7375,7350,29500
2022-02-23 14:31:00,7350,7350,7400,7375,59500
2022-02-23 14:32:00,7375,7375,7400,7375,27600
2022-02-23 14:33:00,7375,7350,7400,7350,35300
2022-02-23 14:34:00,7350,7350,7350,7350,5600
2022-02-23 14:35:00,7350,7350,7375,7375,5400
2022-02-23 14:36:00,7375,7350,7375,7350,64600
2022-02-23 14:37:00,7350,7350,7375,7350,88300
2022-02-23 14:38:00,7350,7325,7375,7325,10000
2022-02-23 14:39:00,7350,7325,7350,7325,6700
2022-02-23 14:40:00,7325,7325,7325,7325,39400
2022-02-23 14:41:00,7325,7325,7375,7350,181600
2022-02-23 14:42:00,7375,7325,7375,7325,31700
2022-02-23 14:43:00,7325,7325,7375,7350,36400
2022-02-23 14:44:00,7350,7350,7375,7375,36300
2022-02-23 14:45:00,7375,7350,7375,7350,136700
2022-02-23 14:46:00,7375,7350,7375,7350,1700
2022-02-23 14:47:00,7350,7350,7375,7375,26700
2022-02-23 14:48:00,7350,7350,7375,7375,48200
2022-02-23 14:49:00,7350,7350,7375,7350,108700
2022-02-23 14:50:00,7350,7350,7350,7350,100
2022-02-23 14:51:00,7350,7350,7350,7350,0
2022-02-23 14:52:00,7350,7350,7350,7350,0
2022-02-23 14:53:00,7350,7350,7350,7350,0
2022-02-23 14:54:00,7350,7350,7350,7350,0
2022-02-23 14:55:00,7350,7350,7350,7350,0
2022-02-23 14:56:00,7350,7350,7350,7350,0
2022-02-23 14:57:00,7350,7350,7350,7350,0
2022-02-23 14:58:00,7350,7350,7350,7350,0
2022-02-23 14:59:00,7350,7350,7350,7350,0
2022-02-23 15:00:00,7350,7350,7350,7350,167000
2022-02-23 15:01:00,7350,7350,7350,7350,17200
2022-02-23 15:02:00,7350,7350,7350,7350,2200
2022-02-23 15:03:00,7350,7350,7350,7350,111700
2022-02-23 15:04:00,7350,7350,7350,7350,8800
2022-02-23 15:05:00,7350,7350,7350,7350,8400
2022-02-23 15:06:00,7350,7350,7350,7350,300
2022-02-23 15:07:00,7350,7350,7350,7350,6000
2022-02-23 15:08:00,7350,7350,7350,7350,2400
2022-02-23 15:09:00,7350,7350,7350,7350,1500
2022-02-23 15:10:00,7350,7350,7350,7350,0
2022-02-23 15:11:00,7350,7350,7350,7350,111700
2022-02-23 15:12:00,7350,7350,7350,7350,42600
2022-02-23 15:13:00,7350,7350,7350,7350,20000
2022-02-23 15:14:00,7350,7350,7350,7350,100
2022-02-23 15:15:00,7350,7350,7350,7350,0
2022-02-23 15:16:00,7350,7350,7350,7350,0
2022-02-23 15:17:00,7350,7350,7350,7350,0
2022-02-23 15:18:00,7350,7350,7350,7350,0
2022-02-23 15:19:00,7350,7350,7350,7350,0
2022-02-23 15:20:00,7350,7350,7350,7350,0
2022-02-23 15:21:00,7350,7350,7350,7350,0
2022-02-23 15:22:00,7350,7350,7350,7350,0
2022-02-23 15:23:00,7350,7350,7350,7350,0
2022-02-23 15:24:00,7350,7350,7350,7350,0
2022-02-23 15:25:00,7350,7350,7350,7350,0
2022-02-23 15:26:00,7350,7350,7350,7350,0
2022-02-23 15:27:00,7350,7350,7350,7350,0
2022-02-23 15:28:00,7350,7350,7350,7350,0
2022-02-23 15:29:00,7350,7350,7350,7350,0
2022-02-23 15:30:00,7350,7350,7350,7350,0
2022-02-23 15:31:00,7350,7350,7350,7350,0
2022-02-23 15:32:00,7350,7350,7350,7350,0
2022-02-23 15:33:00,7350,7350,7350,7350,0
2022-02-23 15:34:00,7350,7350,7350,7350,0
2022-02-23 15:35:00,7350,7350,7350,7350,0
2022-02-23 15:36:00,7350,7350,7350,7350,0
2022-02-23 15:37:00,7350,7350,7350,7350,0
2022-02-23 15:38:00,7350,7350,7350,7350,0
2022-02-23 15:39:00,7350,7350,7350,7350,0
2022-02-23 15:40:00,7350,7350,7350,7350,0
2022-02-23 15:41:00,7350,7350,7350,7350,0
2022-02-23 15:42:00,7350,7350,7350,7350,0
2022-02-23 15:43:00,7350,7350,7350,7350,0
2022-02-23 15:44:00,7350,7350,7350,7350,0
2022-02-23 15:45:00,7350,7350,7350,7350,0
2022-02-23 15:46:00,7350,7350,7350,7350,0
2022-02-23 15:47:00,7350,7350,7350,7350,0
2022-02-23 15:48:00,7350,7350,7350,7350,0
2022-02-23 15:49:00,7350,7350,7350,7350,0
2022-02-23 15:50:00,7350,7350,7350,7350,0
2022-02-23 15:51:00,7350,7350,7350,7350,0
2022-02-23 15:52:00,7350,7350,7350,7350,0
2022-02-23 15:53:00,7350,7350,7350,7350,0
2022-02-23 15:54:00,7350,7350,7350,7350,0
2022-02-23 15:55:00,7350,7350,7350,7350,0
2022-02-23 15:56:00,7350,7350,7350,7350,0
2022-02-23 15:57:00,7350,7350,7350,7350,0
2022-02-23 15:58:00,7350,7350,7350,7350,0
2022-02-23 15:59:00,7350,7350,7350,7350,0
2022-02-24 09:00:00,7375,7350,7450,7450,135300
2022-02-24 09:01:00,7450,7400,7500,7450,307800
2022-02-24 09:02:00,7425,7400,7450,7450,73700
2022-02-24 09:03:00,7450,7400,7450,7425,271700
2022-02-24 09:04:00,7400,7375,7450,7400,228400
2022-02-24 09:05:00,7400,7400,7425,7425,27000
2022-02-24 09:06:00,7400,7400,7425,7425,10900
2022-02-24 09:07:00,7425,7425,7450,7450,27200
2022-02-24 09:08:00,7450,7425,7450,7425,131100
2022-02-24 09:09:00,7425,7400,7425,7400,113800
2022-02-24 09:10:00,7400,7400,7400,7400,15200
2022-02-24 09:11:00,7400,7400,7425,7400,41100
2022-02-24 09:12:00,7400,7400,7425,7400,52000
2022-02-24 09:13:00,7400,7375,7425,7425,66600
2022-02-24 09:14:00,7425,7400,7425,7425,29600
2022-02-24 09:15:00,7425,7400,7425,7425,13000
2022-02-24 09:16:00,7425,7425,7450,7425,15600
2022-02-24 09:17:00,7425,7425,7450,7450,403600
2022-02-24 09:18:00,7450,7450,7475,7450,54600
2022-02-24 09:19:00,7475,7450,7475,7475,28900
2022-02-24 09:20:00,7475,7475,7475,7475,67100
2022-02-24 09:21:00,7475,7475,7475,7475,7600
2022-02-24 09:22:00,7475,7450,7475,7475,20400
2022-02-24 09:23:00,7475,7450,7475,7475,3400
2022-02-24 09:24:00,7475,7450,7500,7500,110100
2022-02-24 09:25:00,7500,7475,7500,7500,259000
2022-02-24 09:26:00,7500,7500,7525,7525,81200
2022-02-24 09:27:00,7550,7525,7550,7550,58000
2022-02-24 09:28:00,7550,7525,7550,7525,52600
2022-02-24 09:29:00,7525,7525,7600,7575,564100
2022-02-24 09:30:00,7575,7550,7575,7550,108100
2022-02-24 09:31:00,7550,7525,7575,7575,179400
2022-02-24 09:32:00,7575,7575,7600,7575,144000
2022-02-24 09:33:00,7575,7550,7575,7550,48300
2022-02-24 09:34:00,7550,7550,7575,7550,17400
2022-02-24 09:35:00,7550,7525,7575,7525,118900
2022-02-24 09:36:00,7525,7525,7550,7525,26800
2022-02-24 09:37:00,7525,7525,7550,7550,13200
2022-02-24 09:38:00,7550,7525,7550,7550,14600
2022-02-24 09:39:00,7525,7525,7550,7550,20600
2022-02-24 09:40:00,7525,7525,7550,7550,13700
2022-02-24 09:41:00,7525,7525,7550,7550,26100
2022-02-24 09:42:00,7550,7550,7575,7550,33200
2022-02-24 09:43:00,7575,7550,7575,7550,97800
2022-02-24 09:44:00,7550,7525,7575,7550,42400
2022-02-24 09:45:00,7550,7550,7575,7550,8400
2022-02-24 09:46:00,7550,7550,7575,7575,17600
2022-02-24 09:47:00,7575,7550,7600,7600,120600
2022-02-24 09:48:00,7575,7550,7600,7575,11400
2022-02-24 09:49:00,7600,7550,7600,7550,89700
2022-02-24 09:50:00,7550,7550,7575,7550,48100
2022-02-24 09:51:00,7550,7550,7575,7575,46300
2022-02-24 09:52:00,7550,7550,7575,7550,37400
2022-02-24 09:53:00,7575,7550,7575,7575,28700
2022-02-24 09:54:00,7575,7550,7575,7575,15700
2022-02-24 09:55:00,7550,7550,7575,7550,62000
2022-02-24 09:56:00,7550,7550,7575,7550,16000
2022-02-24 09:57:00,7550,7550,7575,7550,42500
2022-02-24 09:58:00,7550,7550,7575,7550,5900
2022-02-24 09:59:00,7575,7550,7575,7575,149600
2022-02-24 10:00:00,7550,7550,7575,7575,33000
2022-02-24 10:01:00,7575,7550,7575,7575,45000
2022-02-24 10:02:00,7575,7550,7575,7575,7600
2022-02-24 10:03:00,7575,7575,7575,7575,11100
2022-02-24 10:04:00,7575,7550,7600,7575,344600
2022-02-24 10:05:00,7575,7575,7625,7600,291600
2022-02-24 10:06:00,7600,7600,7625,7625,8700
2022-02-24 10:07:00,7625,7625,7625,7625,108900
2022-02-24 10:08:00,7600,7600,7625,7625,77700
2022-02-24 10:09:00,7600,7600,7625,7625,14300
2022-02-24 10:10:00,7625,7600,7625,7600,193900
2022-02-24 10:11:00,7600,7575,7625,7575,66100
2022-02-24 10:12:00,7600,7575,7600,7600,76700
2022-02-24 10:13:00,7600,7575,7600,7600,21300
2022-02-24 10:14:00,7600,7575,7600,7575,6300
2022-02-24 10:15:00,7575,7575,7600,7600,13800
2022-02-24 10:16:00,7600,7600,7600,7600,6100
2022-02-24 10:17:00,7600,7600,7600,7600,6400
2022-02-24 10:18:00,7600,7575,7600,7575,4300
2022-02-24 10:19:00,7575,7575,7600,7600,4600
2022-02-24 10:20:00,7600,7575,7600,7575,7400
2022-02-24 10:21:00,7600,7575,7600,7600,16500
2022-02-24 10:22:00,7600,7600,7600,7600,3300
2022-02-24 10:23:00,7575,7575,7600,7600,9100
2022-02-24 10:24:00,7600,7600,7600,7600,6500
2022-02-24 10:25:00,7600,7575,7600,7575,5100
2022-02-24 10:26:00,7575,7575,7600,7600,19200
2022-02-24 10:27:00,7575,7575,7600,7575,140100
2022-02-24 10:28:00,7550,7550,7575,7575,6700
2022-02-24 10:29:00,7575,7550,7575,7575,12100
2022-02-24 10:30:00,7550,7550,7575,7575,106900
2022-02-24 10:31:00,7550,7550,7575,7575,5700
2022-02-24 10:32:00,7550,7550,7575,7550,167700
2022-02-24 10:33:00,7525,7500,7550,7525,178000
2022-02-24 10:34:00,7525,7500,7525,7500,23000
2022-02-24 10:35:00,7500,7500,7525,7500,40400
2022-02-24 10:36:00,7500,7450,7500,7450,220900
2022-02-24 10:37:00,7450,7425,7475,7425,283200
2022-02-24 10:38:00,7450,7425,7450,7425,44400
2022-02-24 10:39:00,7425,7300,7425,7300,806100
2022-02-24 10:40:00,7350,7300,7350,7300,10600
2022-02-24 10:41:00,7300,7300,7325,7325,61200
2022-02-24 10:42:00,7325,7300,7325,7325,32600
2022-02-24 10:43:00,7325,7275,7325,7300,49000
2022-02-24 10:44:00,7275,7250,7275,7275,139400
2022-02-24 10:45:00,7250,7250,7300,7275,107200
2022-02-24 10:46:00,7275,7250,7275,7250,119500
2022-02-24 10:47:00,7250,7250,7275,7275,54000
2022-02-24 10:48:00,7250,7250,7300,7300,25400
2022-02-24 10:49:00,7300,7275,7300,7300,5300
2022-02-24 10:50:00,7275,7275,7300,7275,7700
2022-02-24 10:51:00,7275,7275,7300,7300,62400
2022-02-24 10:52:00,7300,7300,7350,7350,20300
2022-02-24 10:53:00,7325,7325,7350,7350,32000
2022-02-24 10:54:00,7350,7350,7375,7375,27600
2022-02-24 10:55:00,7375,7350,7375,7375,15500
2022-02-24 10:56:00,7375,7350,7400,7375,78400
2022-02-24 10:57:00,7350,7275,7350,7275,163700
2022-02-24 10:58:00,7275,7275,7300,7275,32800
2022-02-24 10:59:00,7275,7250,7275,7275,86400
2022-02-24 11:00:00,7250,7250,7275,7250,39600
2022-02-24 11:01:00,7250,7250,7275,7250,11300
2022-02-24 11:02:00,7250,7250,7275,7250,36600
2022-02-24 11:03:00,7250,7225,7275,7225,33800
2022-02-24 11:04:00,7250,7225,7250,7225,174700
2022-02-24 11:05:00,7200,7200,7225,7225,234000
2022-02-24 11:06:00,7225,7200,7250,7225,61200
2022-02-24 11:07:00,7225,7225,7250,7225,23400
2022-02-24 11:08:00,7250,7225,7250,7225,26500
2022-02-24 11:09:00,7225,7225,7250,7225,15900
2022-02-24 11:10:00,7225,7225,7250,7225,21700
2022-02-24 11:11:00,7225,7225,7275,7275,76600
2022-02-24 11:12:00,7275,7275,7300,7300,20900
2022-02-24 11:13:00,7300,7275,7300,7300,9400
2022-02-24 11:14:00,7300,7275,7300,7275,46200
2022-02-24 11:15:00,7300,7300,7325,7325,12200
2022-02-24 11:16:00,7300,7275,7325,7275,31400
2022-02-24 11:17:00,7275,7275,7300,7300,132500
2022-02-24 11:18:00,7300,7275,7325,7275,90900
2022-02-24 11:19:00,7250,7250,7300,7300,18300
2022-02-24 11:20:00,7275,7250,7275,7275,10200
2022-02-24 11:21:00,7275,7275,7275,7275,10500
2022-02-24 11:22:00,7275,7250,7275,7275,11700
2022-02-24 11:23:00,7300,7275,7300,7300,21300
2022-02-24 11:24:00,7300,7300,7300,7300,17100
2022-02-24 11:25:00,7300,7275,7300,7275,3700
2022-02-24 11:26:00,7275,7275,7275,7275,31900
2022-02-24 11:27:00,7275,7250,7275,7250,34900
2022-02-24 11:28:00,7250,7250,7275,7250,15800
2022-02-24 11:29:00,7275,7250,7275,7275,9400
2022-02-24 11:30:00,7275,7250,7275,7275,0
2022-02-24 11:31:00,7275,7250,7275,7275,0
2022-02-24 11:32:00,7275,7250,7275,7275,0
2022-02-24 11:33:00,7275,7250,7275,7275,0
2022-02-24 11:34:00,7275,7250,7275,7275,0
2022-02-24 11:35:00,7275,7250,7275,7275,0
2022-02-24 11:36:00,7275,7250,7275,7275,0
2022-02-24 11:37:00,7275,7250,7275,7275,0
2022-02-24 11:38:00,7275,7250,7275,7275,0
2022-02-24 11:39:00,7275,7250,7275,7275,0
2022-02-24 11:40:00,7275,7250,7275,7275,0
2022-02-24 11:41:00,7275,7250,7275,7275,0
2022-02-24 11:42:00,7275,7250,7275,7275,0
2022-02-24 11:43:00,7275,7250,7275,7275,0
2022-02-24 11:44:00,7275,7250,7275,7275,0
2022-02-24 11:45:00,7275,7250,7275,7275,0
2022-02-24 11:46:00,7275,7250,7275,7275,0
2022-02-24 11:47:00,7275,7250,7275,7275,0
2022-02-24 11:48:00,7275,7250,7275,7275,0
2022-02-24 11:49:00,7275,7250,7275,7275,0
2022-02-24 11:50:00,7275,7250,7275,7275,0
2022-02-24 11:51:00,7275,7250,7275,7275,0
2022-02-24 11:52:00,7275,7250,7275,7275,0
2022-02-24 11:53:00,7275,7250,7275,7275,0
2022-02-24 11:54:00,7275,7250,7275,7275,0
2022-02-24 11:55:00,7275,7250,7275,7275,0
2022-02-24 11:56:00,7275,7250,7275,7275,0
2022-02-24 11:57:00,7275,7250,7275,7275,0
2022-02-24 11:58:00,7275,7250,7275,7275,0
2022-02-24 11:59:00,7275,7250,7275,7275,0
2022-02-24 12:00:00,7275,7250,7275,7275,0
2022-02-24 12:01:00,7275,7250,7275,7275,0
2022-02-24 12:02:00,7275,7250,7275,7275,0
2022-02-24 12:03:00,7275,7250,7275,7275,0
2022-02-24 12:04:00,7275,7250,7275,7275,0
2022-02-24 12:05:00,7275,7250,7275,7275,0
2022-02-24 12:06:00,7275,7250,7275,7275,0
2022-02-24 12:07:00,7275,7250,7275,7275,0
2022-02-24 12:08:00,7275,7250,7275,7275,0
2022-02-24 12:09:00,7275,7250,7275,7275,0
2022-02-24 12:10:00,7275,7250,7275,7275,0
2022-02-24 12:11:00,7275,7250,7275,7275,0
2022-02-24 12:12:00,7275,7250,7275,7275,0
2022-02-24 12:13:00,7275,7250,7275,7275,0
2022-02-24 12:14:00,7275,7250,7275,7275,0
2022-02-24 12:15:00,7275,7250,7275,7275,0
2022-02-24 12:16:00,7275,7250,7275,7275,0
2022-02-24 12:17:00,7275,7250,7275,7275,0
2022-02-24 12:18:00,7275,7250,7275,7275,0
2022-02-24 12:19:00,7275,7250,7275,7275,0
2022-02-24 12:20:00,7275,7250,7275,7275,0
2022-02-24 12:21:00,7275,7250,7275,7275,0
2022-02-24 12:22:00,7275,7250,7275,7275,0
2022-02-24 12:23:00,7275,7250,7275,7275,0
2022-02-24 12:24:00,7275,7250,7275,7275,0
2022-02-24 12:25:00,7275,7250,7275,7275,0
2022-02-24 12:26:00,7275,7250,7275,7275,0
2022-02-24 12:27:00,7275,7250,7275,7275,0
2022-02-24 12:28:00,7275,7250,7275,7275,0
2022-02-24 12:29:00,7275,7250,7275,7275,0
2022-02-24 12:30:00,7275,7250,7275,7275,0
2022-02-24 12:31:00,7275,7250,7275,7275,0
2022-02-24 12:32:00,7275,7250,7275,7275,0
2022-02-24 12:33:00,7275,7250,7275,7275,0
2022-02-24 12:34:00,7275,7250,7275,7275,0
2022-02-24 12:35:00,7275,7250,7275,7275,0
2022-02-24 12:36:00,7275,7250,7275,7275,0
2022-02-24 12:37:00,7275,7250,7275,7275,0
2022-02-24 12:38:00,7275,7250,7275,7275,0
2022-02-24 12:39:00,7275,7250,7275,7275,0
2022-02-24 12:40:00,7275,7250,7275,7275,0
2022-02-24 12:41:00,7275,7250,7275,7275,0
2022-02-24 12:42:00,7275,7250,7275,7275,0
2022-02-24 12:43:00,7275,7250,7275,7275,0
2022-02-24 12:44:00,7275,7250,7275,7275,0
2022-02-24 12:45:00,7275,7250,7275,7275,0
2022-02-24 12:46:00,7275,7250,7275,7275,0
2022-02-24 12:47:00,7275,7250,7275,7275,0
2022-02-24 12:48:00,7275,7250,7275,7275,0
2022-02-24 12:49:00,7275,7250,7275,7275,0
2022-02-24 12:50:00,7275,7250,7275,7275,0
2022-02-24 12:51:00,7275,7250,7275,7275,0
2022-02-24 12:52:00,7275,7250,7275,7275,0
2022-02-24 12:53:00,7275,7250,7275,7275,0
2022-02-24 12:54:00,7275,7250,7275,7275,0
2022-02-24 12:55:00,7275,7250,7275,7275,0
2022-02-24 12:56:00,7275,7250,7275,7275,0
2022-02-24 12:57:00,7275,7250,7275,7275,0
2022-02-24 12:58:00,7275,7250,7275,7275,0
2022-02-24 12:59:00,7275,7250,7275,7275,0
2022-02-24 13:00:00,7275,7250,7275,7275,0
2022-02-24 13:01:00,7275,7250,7275,7275,0
2022-02-24 13:02:00,7275,7250,7275,7275,0
2022-02-24 13:03:00,7275,7250,7275,7275,0
2022-02-24 13:04:00,7275,7250,7275,7275,0
2022-02-24 13:05:00,7275,7250,7275,7275,0
2022-02-24 13:06:00,7275,7250,7275,7275,0
2022-02-24 13:07:00,7275,7250,7275,7275,0
2022-02-24 13:08:00,7275,7250,7275,7275,0
2022-02-24 13:09:00,7275,7250,7275,7275,0
2022-02-24 13:10:00,7275,7250,7275,7275,0
2022-02-24 13:11:00,7275,7250,7275,7275,0
2022-02-24 13:12:00,7275,7250,7275,7275,0
2022-02-24 13:13:00,7275,7250,7275,7275,0
2022-02-24 13:14:00,7275,7250,7275,7275,0
2022-02-24 13:15:00,7275,7250,7275,7275,0
2022-02-24 13:16:00,7275,7250,7275,7275,0
2022-02-24 13:17:00,7275,7250,7275,7275,0
2022-02-24 13:18:00,7275,7250,7275,7275,0
2022-02-24 13:19:00,7275,7250,7275,7275,0
2022-02-24 13:20:00,7275,7250,7275,7275,0
2022-02-24 13:21:00,7275,7250,7275,7275,0
2022-02-24 13:22:00,7275,7250,7275,7275,0
2022-02-24 13:23:00,7275,7250,7275,7275,0
2022-02-24 13:24:00,7275,7250,7275,7275,0
2022-02-24 13:25:00,7275,7250,7275,7275,0
2022-02-24 13:26:00,7275,7250,7275,7275,0
2022-02-24 13:27:00,7275,7250,7275,7275,0
2022-02-24 13:28:00,7275,7250,7275,7275,0
2022-02-24 13:29:00,7275,7250,7275,7275,0
2022-02-24 13:30:00,7250,7225,7275,7225,122200
2022-02-24 13:31:00,7225,7225,7250,7225,77400
2022-02-24 13:32:00,7225,7175,7225,7175,349400
2022-02-24 13:33:00,7175,7150,7175,7150,193800
2022-02-24 13:34:00,7150,7100,7175,7125,398000
2022-02-24 13:35:00,7125,7100,7125,7100,30100
2022-02-24 13:36:00,7125,7100,7150,7150,42400
2022-02-24 13:37:00,7150,7100,7150,7125,45300
2022-02-24 13:38:00,7100,7100,7150,7125,16200
2022-02-24 13:39:00,7150,7125,7150,7150,136600
2022-02-24 13:40:00,7150,7150,7200,7200,15600
2022-02-24 13:41:00,7175,7125,7175,7125,159900
2022-02-24 13:42:00,7125,7125,7150,7150,42200
2022-02-24 13:43:00,7150,7125,7150,7150,32400
2022-02-24 13:44:00,7150,7125,7150,7150,10300
2022-02-24 13:45:00,7150,7125,7175,7175,29500
2022-02-24 13:46:00,7150,7150,7175,7175,60500
2022-02-24 13:47:00,7175,7175,7200,7200,21500
2022-02-24 13:48:00,7175,7175,7200,7200,5500
2022-02-24 13:49:00,7200,7175,7200,7200,16100
2022-02-24 13:50:00,7200,7150,7200,7150,4000
2022-02-24 13:51:00,7150,7150,7150,7150,68700
2022-02-24 13:52:00,7150,7125,7150,7150,19400
2022-02-24 13:53:00,7150,7125,7150,7125,4900
2022-02-24 13:54:00,7150,7150,7150,7150,4700
2022-02-24 13:55:00,7150,7150,7150,7150,4800
2022-02-24 13:56:00,7150,7125,7150,7150,7600
2022-02-24 13:57:00,7150,7150,7150,7150,5700
2022-02-24 13:58:00,7150,7125,7150,7125,7500
2022-02-24 13:59:00,7150,7125,7150,7150,10100
2022-02-24 14:00:00,7125,7125,7150,7150,68700
2022-02-24 14:01:00,7150,7150,7200,7200,35100
2022-02-24 14:02:00,7175,7175,7175,7175,7000
2022-02-24 14:03:00,7175,7175,7200,7175,113300
2022-02-24 14:04:00,7175,7175,7225,7225,34800
2022-02-24 14:05:00,7225,7200,7225,7200,42600
2022-02-24 14:06:00,7225,7200,7225,7200,23000
2022-02-24 14:07:00,7200,7175,7200,7175,13100
2022-02-24 14:08:00,7175,7175,7200,7200,8000
2022-02-24 14:09:00,7200,7175,7200,7200,12900
2022-02-24 14:10:00,7175,7175,7200,7200,35700
2022-02-24 14:11:00,7225,7200,7225,7225,18100
2022-02-24 14:12:00,7225,7200,7225,7225,18500
2022-02-24 14:13:00,7250,7250,7275,7275,43500
2022-02-24 14:14:00,7275,7275,7300,7300,27700
2022-02-24 14:15:00,7300,7275,7300,7300,10500
2022-02-24 14:16:00,7300,7275,7300,7300,5400
2022-02-24 14:17:00,7275,7275,7325,7275,131700
2022-02-24 14:18:00,7300,7250,7300,7250,47900
2022-02-24 14:19:00,7275,7250,7275,7250,3600
2022-02-24 14:20:00,7250,7250,7275,7250,7500
2022-02-24 14:21:00,7250,7250,7275,7275,3300
2022-02-24 14:22:00,7275,7275,7275,7275,200
2022-02-24 14:23:00,7275,7275,7300,7300,20500
2022-02-24 14:24:00,7300,7300,7300,7300,16300
2022-02-24 14:25:00,7300,7300,7300,7300,15800
2022-02-24 14:26:00,7300,7300,7300,7300,5100
2022-02-24 14:27:00,7300,7300,7325,7325,31100
2022-02-24 14:28:00,7325,7300,7325,7325,39900
2022-02-24 14:29:00,7300,7300,7325,7325,5600
2022-02-24 14:30:00,7325,7300,7325,7300,24800
2022-02-24 14:31:00,7300,7300,7325,7300,31600
2022-02-24 14:32:00,7300,7300,7325,7325,7600
2022-02-24 14:33:00,7325,7300,7325,7325,9600
2022-02-24 14:34:00,7300,7300,7325,7300,68800
2022-02-24 14:35:00,7300,7300,7325,7325,5300
2022-02-24 14:36:00,7300,7300,7325,7300,23200
2022-02-24 14:37:00,7300,7300,7325,7300,14700
2022-02-24 14:38:00,7325,7300,7325,7325,11400
2022-02-24 14:39:00,7325,7300,7325,7325,1100
2022-02-24 14:40:00,7325,7325,7325,7325,35900
2022-02-24 14:41:00,7325,7300,7325,7325,89600
2022-02-24 14:42:00,7325,7300,7325,7300,23000
2022-02-24 14:43:00,7325,7300,7350,7350,156200
2022-02-24 14:44:00,7350,7325,7350,7325,15700
2022-02-24 14:45:00,7300,7300,7350,7300,106500
2022-02-24 14:46:00,7300,7225,7300,7250,59000
2022-02-24 14:47:00,7225,7225,7250,7225,17000
2022-02-24 14:48:00,7250,7225,7250,7250,18200
2022-02-24 14:49:00,7250,7225,7250,7250,24000
2022-02-24 14:50:00,7250,7250,7250,7250,100
2022-02-24 14:51:00,7250,7250,7250,7250,0
2022-02-24 14:52:00,7250,7250,7250,7250,0
2022-02-24 14:53:00,7250,7250,7250,7250,0
2022-02-24 14:54:00,7250,7250,7250,7250,0
2022-02-24 14:55:00,7250,7250,7250,7250,0
2022-02-24 14:56:00,7250,7250,7250,7250,0
2022-02-24 14:57:00,7250,7250,7250,7250,0
2022-02-24 14:58:00,7250,7250,7250,7250,0
2022-02-24 14:59:00,7250,7250,7250,7250,0
2022-02-24 15:00:00,7225,7225,7225,7225,274100
2022-02-24 15:01:00,7225,7225,7225,7225,27800
2022-02-24 15:02:00,7225,7225,7225,7225,18800
2022-02-24 15:03:00,7225,7225,7225,7225,4000
2022-02-24 15:04:00,7225,7225,7225,7225,2900
2022-02-24 15:05:00,7225,7225,7225,7225,1200
2022-02-24 15:06:00,7225,7225,7225,7225,0
2022-02-24 15:07:00,7225,7225,7225,7225,2400
2022-02-24 15:08:00,7225,7225,7225,7225,0
2022-02-24 15:09:00,7225,7225,7225,7225,700
2022-02-24 15:10:00,7225,7225,7225,7225,30100
2022-02-24 15:11:00,7225,7225,7225,7225,400
2022-02-24 15:12:00,7225,7225,7225,7225,4300
2022-02-24 15:13:00,7225,7225,7225,7225,0
2022-02-24 15:14:00,7225,7225,7225,7225,0
2022-02-24 15:15:00,7225,7225,7225,7225,0
2022-02-24 15:16:00,7225,7225,7225,7225,0
2022-02-24 15:17:00,7225,7225,7225,7225,0
2022-02-24 15:18:00,7225,7225,7225,7225,0
2022-02-24 15:19:00,7225,7225,7225,7225,0
2022-02-24 15:20:00,7225,7225,7225,7225,0
2022-02-24 15:21:00,7225,7225,7225,7225,0
2022-02-24 15:22:00,7225,7225,7225,7225,0
2022-02-24 15:23:00,7225,7225,7225,7225,0
2022-02-24 15:24:00,7225,7225,7225,7225,0
2022-02-24 15:25:00,7225,7225,7225,7225,0
2022-02-24 15:26:00,7225,7225,7225,7225,0
2022-02-24 15:27:00,7225,7225,7225,7225,0
2022-02-24 15:28:00,7225,7225,7225,7225,0
2022-02-24 15:29:00,7225,7225,7225,7225,0
2022-02-24 15:30:00,7225,7225,7225,7225,0
2022-02-24 15:31:00,7225,7225,7225,7225,0
2022-02-24 15:32:00,7225,7225,7225,7225,0
2022-02-24 15:33:00,7225,7225,7225,7225,0
2022-02-24 15:34:00,7225,7225,7225,7225,0
2022-02-24 15:35:00,7225,7225,7225,7225,0
2022-02-24 15:36:00,7225,7225,7225,7225,0
2022-02-24 15:37:00,7225,7225,7225,7225,0
2022-02-24 15:38:00,7225,7225,7225,7225,0
2022-02-24 15:39:00,7225,7225,7225,7225,0
2022-02-24 15:40:00,7225,7225,7225,7225,0
2022-02-24 15:41:00,7225,7225,7225,7225,0
2022-02-24 15:42:00,7225,7225,7225,7225,0
2022-02-24 15:43:00,7225,7225,7225,7225,0
2022-02-24 15:44:00,7225,7225,7225,7225,0
2022-02-24 15:45:00,7225,7225,7225,7225,0
2022-02-24 15:46:00,7225,7225,7225,7225,0
2022-02-24 15:47:00,7225,7225,7225,7225,0
2022-02-24 15:48:00,7225,7225,7225,7225,0
2022-02-24 15:49:00,7225,7225,7225,7225,0
2022-02-24 15:50:00,7225,7225,7225,7225,0
2022-02-24 15:51:00,7225,7225,7225,7225,0
2022-02-24 15:52:00,7225,7225,7225,7225,0
2022-02-24 15:53:00,7225,7225,7225,7225,0
2022-02-24 15:54:00,7225,7225,7225,7225,0
2022-02-24 15:55:00,7225,7225,7225,7225,0
2022-02-24 15:56:00,7225,7225,7225,7225,0
2022-02-24 15:57:00,7225,7225,7225,7225,0
2022-02-24 15:58:00,7225,7225,7225,7225,0
2022-02-24 15:59:00,7225,7225,7225,7225,0
2022-02-25 09:00:00,7275,7275,7300,7300,27900
2022-02-25 09:01:00,7300,7300,7325,7325,5400
2022-02-25 09:02:00,7325,7300,7325,7300,12300
2022-02-25 09:03:00,7300,7300,7325,7325,49600
2022-02-25 09:04:00,7300,7275,7325,7275,77800
2022-02-25 09:05:00,7275,7200,7300,7200,176100
2022-02-25 09:06:00,7200,7200,7250,7250,19700
2022-02-25 09:07:00,7250,7250,7250,7250,8900
2022-02-25 09:08:00,7275,7250,7275,7275,3100
2022-02-25 09:09:00,7275,7275,7275,7275,2800
2022-02-25 09:10:00,7275,7275,7275,7275,11100
2022-02-25 09:11:00,7300,7300,7300,7300,8600
2022-02-25 09:12:00,7275,7275,7300,7300,25300
2022-02-25 09:13:00,7300,7300,7325,7325,1500
2022-02-25 09:14:00,7325,7300,7325,7300,1700
2022-02-25 09:15:00,7325,7300,7325,7300,200
2022-02-25 09:16:00,7300,7300,7300,7300,30500
2022-02-25 09:17:00,7300,7275,7300,7275,6700
2022-02-25 09:18:00,7300,7275,7300,7300,6200
2022-02-25 09:19:00,7300,7275,7300,7275,20500
2022-02-25 09:20:00,7275,7275,7300,7300,11300
2022-02-25 09:21:00,7300,7300,7300,7300,23300
2022-02-25 09:22:00,7300,7300,7375,7375,163400
2022-02-25 09:23:00,7350,7350,7375,7375,58100
2022-02-25 09:24:00,7350,7350,7375,7350,24200
2022-02-25 09:25:00,7350,7350,7375,7350,6300
2022-02-25 09:26:00,7350,7350,7375,7350,1100
2022-02-25 09:27:00,7350,7350,7375,7350,15300
2022-02-25 09:28:00,7350,7350,7375,7375,10000
2022-02-25 09:29:00,7350,7350,7350,7350,7500
2022-02-25 09:30:00,7375,7350,7375,7375,9000
2022-02-25 09:31:00,7375,7350,7375,7350,8100
2022-02-25 09:32:00,7350,7350,7350,7350,20000
2022-02-25 09:33:00,7375,7350,7375,7350,1300
2022-02-25 09:34:00,7350,7350,7350,7350,400
2022-02-25 09:35:00,7375,7350,7375,7375,67200
2022-02-25 09:36:00,7350,7350,7375,7375,7300
2022-02-25 09:37:00,7375,7350,7375,7350,3500
2022-02-25 09:38:00,7350,7350,7375,7375,3600
2022-02-25 09:39:00,7375,7375,7375,7375,6200
2022-02-25 09:40:00,7375,7375,7375,7375,5500
2022-02-25 09:41:00,7375,7375,7375,7375,6800
2022-02-25 09:42:00,7375,7375,7375,7375,4000
2022-02-25 09:43:00,7375,7350,7375,7375,69400
2022-02-25 09:44:00,7375,7375,7375,7375,300
2022-02-25 09:45:00,7350,7350,7350,7350,1000
2022-02-25 09:46:00,7350,7350,7350,7350,500
2022-02-25 09:47:00,7375,7375,7375,7375,100
2022-02-25 09:48:00,7375,7350,7375,7350,28100
2022-02-25 09:49:00,7350,7350,7375,7375,1100
2022-02-25 09:50:00,7375,7375,7375,7375,1400
2022-02-25 09:51:00,7375,7375,7375,7375,7500
2022-02-25 09:52:00,7350,7350,7350,7350,81100
2022-02-25 09:53:00,7350,7325,7375,7325,59000
2022-02-25 09:54:00,7325,7325,7325,7325,200
2022-02-25 09:55:00,7325,7325,7325,7325,0
2022-02-25 09:56:00,7325,7325,7325,7325,1100
2022-02-25 09:57:00,7350,7350,7350,7350,1000
2022-02-25 09:58:00,7350,7350,7350,7350,49200
2022-02-25 09:59:00,7350,7350,7350,7350,10200
2022-02-25 10:00:00,7350,7350,7350,7350,700
2022-02-25 10:01:00,7350,7350,7375,7375,300
2022-02-25 10:02:00,7350,7350,7350,7350,21300
2022-02-25 10:03:00,7350,7350,7350,7350,2300
2022-02-25 10:04:00,7350,7350,7350,7350,0
2022-02-25 10:05:00,7350,7350,7350,7350,1900
2022-02-25 10:06:00,7350,7350,7350,7350,3600
2022-02-25 10:07:00,7350,7350,7350,7350,0
2022-02-25 10:08:00,7350,7350,7350,7350,1100
2022-02-25 10:09:00,7350,7350,7350,7350,33700
2022-02-25 10:10:00,7350,7350,7350,7350,47800
2022-02-25 10:11:00,7350,7350,7350,7350,1700
2022-02-25 10:12:00,7350,7350,7350,7350,4900
2022-02-25 10:13:00,7350,7350,7350,7350,0
2022-02-25 10:14:00,7350,7350,7350,7350,15500
2022-02-25 10:15:00,7350,7350,7350,7350,3500
2022-02-25 10:16:00,7350,7350,7350,7350,2500
2022-02-25 10:17:00,7350,7350,7350,7350,800
2022-02-25 10:18:00,7350,7325,7350,7325,1200
2022-02-25 10:19:00,7350,7325,7350,7325,14500
2022-02-25 10:20:00,7325,7325,7350,7350,1500
2022-02-25 10:21:00,7350,7350,7350,7350,5100
2022-02-25 10:22:00,7350,7325,7350,7350,6200
2022-02-25 10:23:00,7350,7350,7350,7350,62400
2022-02-25 10:24:00,7375,7350,7375,7350,10900
2022-02-25 10:25:00,7350,7350,7350,7350,34900
2022-02-25 10:26:00,7350,7350,7350,7350,41300
2022-02-25 10:27:00,7350,7350,7350,7350,6300
2022-02-25 10:28:00,7325,7325,7375,7325,112700
2022-02-25 10:29:00,7325,7325,7375,7325,0
2022-02-25 10:30:00,7325,7325,7325,7325,1600
2022-02-25 10:31:00,7325,7325,7325,7325,1600
2022-02-25 10:32:00,7325,7325,7325,7325,0
2022-02-25 10:33:00,7325,7325,7350,7325,28000
2022-02-25 10:34:00,7300,7300,7300,7300,23500
2022-02-25 10:35:00,7300,7300,7325,7325,33500
2022-02-25 10:36:00,7325,7325,7325,7325,1100
2022-02-25 10:37:00,7325,7325,7325,7325,300
2022-02-25 10:38:00,7325,7325,7325,7325,0
2022-02-25 10:39:00,7325,7325,7325,7325,0
2022-02-25 10:40:00,7325,7325,7325,7325,0
2022-02-25 10:41:00,7300,7300,7300,7300,100
2022-02-25 10:42:00,7325,7325,7325,7325,200
2022-02-25 10:43:00,7325,7325,7325,7325,30700
2022-02-25 10:44:00,7325,7325,7325,7325,2700
2022-02-25 10:45:00,7300,7300,7300,7300,1200
2022-02-25 10:46:00,7300,7300,7300,7300,0
2022-02-25 10:47:00,7300,7300,7300,7300,0
2022-02-25 10:48:00,7300,7300,7300,7300,0
2022-02-25 10:49:00,7300,7300,7325,7325,2700
2022-02-25 10:50:00,7325,7325,7325,7325,4300
2022-02-25 10:51:00,7325,7325,7325,7325,5400
2022-02-25 10:52:00,7325,7325,7325,7325,9300
2022-02-25 10:53:00,7300,7300,7325,7325,6200
2022-02-25 10:54:00,7325,7325,7325,7325,16200
2022-02-25 10:55:00,7325,7325,7325,7325,6500
2022-02-25 10:56:00,7325,7325,7350,7325,20200
2022-02-25 10:57:00,7325,7325,7350,7350,31100
2022-02-25 10:58:00,7350,7350,7350,7350,4400
2022-02-25 10:59:00,7350,7350,7350,7350,9000
2022-02-25 11:00:00,7350,7350,7350,7350,10100
2022-02-25 11:01:00,7350,7350,7375,7375,5600
2022-02-25 11:02:00,7375,7350,7375,7350,4500
2022-02-25 11:03:00,7375,7375,7375,7375,3800
2022-02-25 11:04:00,7375,7375,7375,7375,15000
2022-02-25 11:05:00,7375,7350,7375,7350,10100
2022-02-25 11:06:00,7375,7350,7400,7400,125800
2022-02-25 11:07:00,7400,7375,7400,7375,15500
2022-02-25 11:08:00,7400,7400,7400,7400,10000
2022-02-25 11:09:00,7375,7375,7400,7400,12500
2022-02-25 11:10:00,7375,7375,7400,7400,9900
2022-02-25 11:11:00,7400,7375,7400,7375,6700
2022-02-25 11:12:00,7400,7375,7400,7375,78200
2022-02-25 11:13:00,7400,7375,7400,7375,42900
2022-02-25 11:14:00,7375,7375,7375,7375,1000
2022-02-25 11:15:00,7375,7375,7375,7375,5400
2022-02-25 11:16:00,7375,7375,7375,7375,29600
2022-02-25 11:17:00,7375,7375,7400,7400,600
2022-02-25 11:18:00,7400,7400,7400,7400,1000
2022-02-25 11:19:00,7400,7400,7400,7400,103500
2022-02-25 11:20:00,7425,7425,7425,7425,11300
2022-02-25 11:21:00,7425,7425,7425,7425,2700
2022-02-25 11:22:00,7425,7425,7425,7425,9000
2022-02-25 11:23:00,7400,7400,7425,7425,4400
2022-02-25 11:24:00,7425,7425,7425,7425,16600
2022-02-25 11:25:00,7425,7400,7425,7400,11500
2022-02-25 11:26:00,7425,7425,7450,7425,29800
2022-02-25 11:27:00,7425,7425,7450,7450,9500
2022-02-25 11:28:00,7450,7425,7475,7450,49600
2022-02-25 11:29:00,7450,7450,7475,7475,22100
2022-02-25 11:30:00,7450,7450,7475,7475,0
2022-02-25 11:31:00,7450,7450,7475,7475,0
2022-02-25 11:32:00,7450,7450,7475,7475,0
2022-02-25 11:33:00,7450,7450,7475,7475,0
2022-02-25 11:34:00,7450,7450,7475,7475,0
2022-02-25 11:35:00,7450,7450,7475,7475,0
2022-02-25 11:36:00,7450,7450,7475,7475,0
2022-02-25 11:37:00,7450,7450,7475,7475,0
2022-02-25 11:38:00,7450,7450,7475,7475,0
2022-02-25 11:39:00,7450,7450,7475,7475,0
2022-02-25 11:40:00,7450,7450,7475,7475,0
2022-02-25 11:41:00,7450,7450,7475,7475,0
2022-02-25 11:42:00,7450,7450,7475,7475,0
2022-02-25 11:43:00,7450,7450,7475,7475,0
2022-02-25 11:44:00,7450,7450,7475,7475,0
2022-02-25 11:45:00,7450,7450,7475,7475,0
2022-02-25 11:46:00,7450,7450,7475,7475,0
2022-02-25 11:47:00,7450,7450,7475,7475,0
2022-02-25 11:48:00,7450,7450,7475,7475,0
2022-02-25 11:49:00,7450,7450,7475,7475,0
2022-02-25 11:50:00,7450,7450,7475,7475,0
2022-02-25 11:51:00,7450,7450,7475,7475,0
2022-02-25 11:52:00,7450,7450,7475,7475,0
2022-02-25 11:53:00,7450,7450,7475,7475,0
2022-02-25 11:54:00,7450,7450,7475,7475,0
2022-02-25 11:55:00,7450,7450,7475,7475,0
2022-02-25 11:56:00,7450,7450,7475,7475,0
2022-02-25 11:57:00,7450,7450,7475,7475,0
2022-02-25 11:58:00,7450,7450,7475,7475,0
2022-02-25 11:59:00,7450,7450,7475,7475,0
2022-02-25 12:00:00,7450,7450,7475,7475,0
2022-02-25 12:01:00,7450,7450,7475,7475,0
2022-02-25 12:02:00,7450,7450,7475,7475,0
2022-02-25 12:03:00,7450,7450,7475,7475,0
2022-02-25 12:04:00,7450,7450,7475,7475,0
2022-02-25 12:05:00,7450,7450,7475,7475,0
2022-02-25 12:06:00,7450,7450,7475,7475,0
2022-02-25 12:07:00,7450,7450,7475,7475,0
2022-02-25 12:08:00,7450,7450,7475,7475,0
2022-02-25 12:09:00,7450,7450,7475,7475,0
2022-02-25 12:10:00,7450,7450,7475,7475,0
2022-02-25 12:11:00,7450,7450,7475,7475,0
2022-02-25 12:12:00,7450,7450,7475,7475,0
2022-02-25 12:13:00,7450,7450,7475,7475,0
2022-02-25 12:14:00,7450,7450,7475,7475,0
2022-02-25 12:15:00,7450,7450,7475,7475,0
2022-02-25 12:16:00,7450,7450,7475,7475,0
2022-02-25 12:17:00,7450,7450,7475,7475,0
2022-02-25 12:18:00,7450,7450,7475,7475,0
2022-02-25 12:19:00,7450,7450,7475,7475,0
2022-02-25 12:20:00,7450,7450,7475,7475,0
2022-02-25 12:21:00,7450,7450,7475,7475,0
2022-02-25 12:22:00,7450,7450,7475,7475,0
2022-02-25 12:23:00,7450,7450,7475,7475,0
2022-02-25 12:24:00,7450,7450,7475,7475,0
2022-02-25 12:25:00,7450,7450,7475,7475,0
2022-02-25 12:26:00,7450,7450,7475,7475,0
2022-02-25 12:27:00,7450,7450,7475,7475,0
2022-02-25 12:28:00,7450,7450,7475,7475,0
2022-02-25 12:29:00,7450,7450,7475,7475,0
2022-02-25 12:30:00,7450,7450,7475,7475,0
2022-02-25 12:31:00,7450,7450,7475,7475,0
2022-02-25 12:32:00,7450,7450,7475,7475,0
2022-02-25 12:33:00,7450,7450,7475,7475,0
2022-02-25 12:34:00,7450,7450,7475,7475,0
2022-02-25 12:35:00,7450,7450,7475,7475,0
2022-02-25 12:36:00,7450,7450,7475,7475,0
2022-02-25 12:37:00,7450,7450,7475,7475,0
2022-02-25 12:38:00,7450,7450,7475,7475,0
2022-02-25 12:39:00,7450,7450,7475,7475,0
2022-02-25 12:40:00,7450,7450,7475,7475,0
2022-02-25 12:41:00,7450,7450,7475,7475,0
2022-02-25 12:42:00,7450,7450,7475,7475,0
2022-02-25 12:43:00,7450,7450,7475,7475,0
2022-02-25 12:44:00,7450,7450,7475,7475,0
2022-02-25 12:45:00,7450,7450,7475,7475,0
2022-02-25 12:46:00,7450,7450,7475,7475,0
2022-02-25 12:47:00,7450,7450,7475,7475,0
2022-02-25 12:48:00,7450,7450,7475,7475,0
2022-02-25 12:49:00,7450,7450,7475,7475,0
2022-02-25 12:50:00,7450,7450,7475,7475,0
2022-02-25 12:51:00,7450,7450,7475,7475,0
2022-02-25 12:52:00,7450,7450,7475,7475,0
2022-02-25 12:53:00,7450,7450,7475,7475,0
2022-02-25 12:54:00,7450,7450,7475,7475,0
2022-02-25 12:55:00,7450,7450,7475,7475,0
2022-02-25 12:56:00,7450,7450,7475,7475,0
2022-02-25 12:57:00,7450,7450,7475,7475,0
2022-02-25 12:58:00,7450,7450,7475,7475,0
2022-02-25 12:59:00,7450,7450,7475,7475,0
2022-02-25 13:00:00,7450,7450,7475,7475,0
2022-02-25 13:01:00,7450,7450,7475,7475,0
2022-02-25 13:02:00,7450,7450,7475,7475,0
2022-02-25 13:03:00,7450,7450,7475,7475,0
2022-02-25 13:04:00,7450,7450,7475,7475,0
2022-02-25 13:05:00,7450,7450,7475,7475,0
2022-02-25 13:06:00,7450,7450,7475,7475,0
2022-02-25 13:07:00,7450,7450,7475,7475,0
2022-02-25 13:08:00,7450,7450,7475,7475,0
2022-02-25 13:09:00,7450,7450,7475,7475,0
2022-02-25 13:10:00,7450,7450,7475,7475,0
2022-02-25 13:11:00,7450,7450,7475,7475,0
2022-02-25 13:12:00,7450,7450,7475,7475,0
2022-02-25 13:13:00,7450,7450,7475,7475,0
2022-02-25 13:14:00,7450,7450,7475,7475,0
2022-02-25 13:15:00,7450,7450,7475,7475,0
2022-02-25 13:16:00,7450,7450,7475,7475,0
2022-02-25 13:17:00,7450,7450,7475,7475,0
2022-02-25 13:18:00,7450,7450,7475,7475,0
2022-02-25 13:19:00,7450,7450,7475,7475,0
2022-02-25 13:20:00,7450,7450,7475,7475,0
2022-02-25 13:21:00,7450,7450,7475,7475,0
2022-02-25 13:22:00,7450,7450,7475,7475,0
2022-02-25 13:23:00,7450,7450,7475,7475,0
2022-02-25 13:24:00,7450,7450,7475,7475,0
2022-02-25 13:25:00,7450,7450,7475,7475,0
2022-02-25 13:26:00,7450,7450,7475,7475,0
2022-02-25 13:27:00,7450,7450,7475,7475,0
2022-02-25 13:28:00,7450,7450,7475,7475,0
2022-02-25 13:29:00,7450,7450,7475,7475,0
2022-02-25 13:30:00,7475,7375,7475,7375,222700
2022-02-25 13:31:00,7400,7400,7450,7450,7400
2022-02-25 13:32:00,7450,7450,7450,7450,4500
2022-02-25 13:33:00,7450,7450,7475,7475,18500
2022-02-25 13:34:00,7475,7450,7475,7450,11300
2022-02-25 13:35:00,7475,7450,7475,7450,25300
2022-02-25 13:36:00,7450,7450,7450,7450,400
2022-02-25 13:37:00,7475,7475,7475,7475,20200
2022-02-25 13:38:00,7475,7475,7500,7475,21800
2022-02-25 13:39:00,7500,7450,7500,7450,67500
2022-02-25 13:40:00,7475,7450,7475,7450,7900
2022-02-25 13:41:00,7450,7450,7450,7450,3600
2022-02-25 13:42:00,7425,7425,7425,7425,5200
2022-02-25 13:43:00,7425,7425,7450,7425,9600
2022-02-25 13:44:00,7425,7425,7450,7425,8800
2022-02-25 13:45:00,7450,7425,7450,7425,5700
2022-02-25 13:46:00,7425,7425,7475,7475,61200
2022-02-25 13:47:00,7450,7450,7475,7475,9000
2022-02-25 13:48:00,7475,7475,7475,7475,85000
2022-02-25 13:49:00,7450,7450,7450,7450,2400
2022-02-25 13:50:00,7450,7450,7450,7450,0
2022-02-25 13:51:00,7450,7450,7450,7450,1800
2022-02-25 13:52:00,7450,7450,7475,7450,24700
2022-02-25 13:53:00,7475,7450,7475,7475,11300
2022-02-25 13:54:00,7450,7450,7475,7475,11100
2022-02-25 13:55:00,7475,7450,7475,7475,44500
2022-02-25 13:56:00,7475,7475,7475,7475,9000
2022-02-25 13:57:00,7475,7475,7475,7475,0
2022-02-25 13:58:00,7475,7475,7475,7475,0
2022-02-25 13:59:00,7450,7450,7475,7475,57800
2022-02-25 14:00:00,7450,7450,7475,7450,17500
2022-02-25 14:01:00,7450,7450,7450,7450,6000
2022-02-25 14:02:00,7475,7450,7475,7450,1100
2022-02-25 14:03:00,7475,7450,7475,7450,29900
2022-02-25 14:04:00,7450,7450,7450,7450,22400
2022-02-25 14:05:00,7450,7450,7450,7450,17000
2022-02-25 14:06:00,7450,7450,7475,7450,45300
2022-02-25 14:07:00,7450,7450,7450,7450,78500
2022-02-25 14:08:00,7450,7425,7450,7425,5300
2022-02-25 14:09:00,7450,7450,7450,7450,12100
2022-02-25 14:10:00,7425,7425,7475,7475,31500
2022-02-25 14:11:00,7450,7450,7450,7450,20100
2022-02-25 14:12:00,7450,7450,7475,7475,3800
2022-02-25 14:13:00,7450,7450,7450,7450,20000
2022-02-25 14:14:00,7450,7450,7450,7450,21100
2022-02-25 14:15:00,7450,7450,7475,7450,34400
2022-02-25 14:16:00,7450,7450,7450,7450,1000
2022-02-25 14:17:00,7450,7425,7450,7425,26700
2022-02-25 14:18:00,7425,7425,7450,7450,12100
2022-02-25 14:19:00,7450,7450,7450,7450,18100
2022-02-25 14:20:00,7450,7450,7450,7450,22600
2022-02-25 14:21:00,7450,7450,7475,7450,205200
2022-02-25 14:22:00,7450,7450,7450,7450,600
2022-02-25 14:23:00,7475,7475,7500,7475,15600
2022-02-25 14:24:00,7475,7475,7475,7475,45300
2022-02-25 14:25:00,7450,7450,7475,7450,24500
2022-02-25 14:26:00,7475,7475,7475,7475,9900
2022-02-25 14:27:00,7475,7475,7475,7475,8900
2022-02-25 14:28:00,7475,7475,7500,7500,39900
2022-02-25 14:29:00,7475,7475,7475,7475,4600
2022-02-25 14:30:00,7475,7475,7475,7475,135900
2022-02-25 14:31:00,7475,7475,7475,7475,2000
2022-02-25 14:32:00,7450,7450,7475,7450,2800
2022-02-25 14:33:00,7450,7450,7475,7475,24400
2022-02-25 14:34:00,7475,7450,7500,7475,13200
2022-02-25 14:35:00,7475,7475,7500,7500,500
2022-02-25 14:36:00,7500,7475,7500,7475,1700
2022-02-25 14:37:00,7475,7475,7475,7475,18500
2022-02-25 14:38:00,7475,7475,7475,7475,47300
2022-02-25 14:39:00,7475,7475,7500,7500,37600
2022-02-25 14:40:00,7475,7450,7475,7450,36700
2022-02-25 14:41:00,7475,7475,7500,7475,53700
2022-02-25 14:42:00,7500,7475,7500,7475,84000
2022-02-25 14:43:00,7475,7475,7500,7475,25600
2022-02-25 14:44:00,7500,7475,7500,7500,200200
2022-02-25 14:45:00,7500,7475,7500,7500,46100
2022-02-25 14:46:00,7500,7475,7500,7475,30300
2022-02-25 14:47:00,7500,7475,7500,7500,73200
2022-02-25 14:48:00,7500,7475,7500,7500,43100
2022-02-25 14:49:00,7475,7475,7500,7500,52200
2022-02-25 14:50:00,7475,7475,7500,7500,0
2022-02-25 14:51:00,7475,7475,7500,7500,0
2022-02-25 14:52:00,7475,7475,7500,7500,0
2022-02-25 14:53:00,7475,7475,7500,7500,0
2022-02-25 14:54:00,7475,7475,7500,7500,0
2022-02-25 14:55:00,7475,7475,7500,7500,0
2022-02-25 14:56:00,7475,7475,7500,7500,0
2022-02-25 14:57:00,7475,7475,7500,7500,0
2022-02-25 14:58:00,7475,7475,7500,7500,0
2022-02-25 14:59:00,7475,7475,7500,7500,0
2022-02-25 15:00:00,7475,7475,7475,7475,307800
2022-02-25 15:01:00,7475,7475,7475,7475,4600
2022-02-25 15:02:00,7475,7475,7475,7475,1500
2022-02-25 15:03:00,7475,7475,7475,7475,4100
2022-02-25 15:04:00,7475,7475,7475,7475,1500
2022-02-25 15:05:00,7475,7475,7475,7475,1000
2022-02-25 15:06:00,7475,7475,7475,7475,30500
2022-02-25 15:07:00,7475,7475,7475,7475,300
2022-02-25 15:08:00,7475,7475,7475,7475,3000
2022-02-25 15:09:00,7475,7475,7475,7475,0
2022-02-25 15:10:00,7475,7475,7475,7475,2100
2022-02-25 15:11:00,7475,7475,7475,7475,140500
2022-02-25 15:12:00,7475,7475,7475,7475,52000
2022-02-25 15:13:00,7475,7475,7475,7475,0
2022-02-25 15:14:00,7475,7475,7475,7475,100
2022-02-25 15:15:00,7475,7475,7475,7475,0
2022-02-25 15:16:00,7475,7475,7475,7475,0
2022-02-25 15:17:00,7475,7475,7475,7475,0
2022-02-25 15:18:00,7475,7475,7475,7475,0
2022-02-25 15:19:00,7475,7475,7475,7475,0
2022-02-25 15:20:00,7475,7475,7475,7475,0
2022-02-25 15:21:00,7475,7475,7475,7475,0
2022-02-25 15:22:00,7475,7475,7475,7475,0
2022-02-25 15:23:00,7475,7475,7475,7475,0
2022-02-25 15:24:00,7475,7475,7475,7475,0
2022-02-25 15:25:00,7475,7475,7475,7475,0
2022-02-25 15:26:00,7475,7475,7475,7475,0
2022-02-25 15:27:00,7475,7475,7475,7475,0
2022-02-25 15:28:00,7475,7475,7475,7475,0
2022-02-25 15:29:00,7475,7475,7475,7475,0
2022-02-25 15:30:00,7475,7475,7475,7475,0
2022-02-25 15:31:00,7475,7475,7475,7475,0
2022-02-25 15:32:00,7475,7475,7475,7475,0
2022-02-25 15:33:00,7475,7475,7475,7475,0
2022-02-25 15:34:00,7475,7475,7475,7475,0
2022-02-25 15:35:00,7475,7475,7475,7475,0
2022-02-25 15:36:00,7475,7475,7475,7475,0
2022-02-25 15:37:00,7475,7475,7475,7475,0
2022-02-25 15:38:00,7475,7475,7475,7475,0
2022-02-25 15:39:00,7475,7475,7475,7475,0
2022-02-25 15:40:00,7475,7475,7475,7475,0
2022-02-25 15:41:00,7475,7475,7475,7475,0
2022-02-25 15:42:00,7475,7475,7475,7475,0
2022-02-25 15:43:00,7475,7475,7475,7475,0
2022-02-25 15:44:00,7475,7475,7475,7475,0
2022-02-25 15:45:00,7475,7475,7475,7475,0
2022-02-25 15:46:00,7475,7475,7475,7475,0
2022-02-25 15:47:00,7475,7475,7475,7475,0
2022-02-25 15:48:00,7475,7475,7475,7475,0
2022-02-25 15:49:00,7475,7475,7475,7475,0
2022-02-25 15:50:00,7475,7475,7475,7475,0
2022-02-25 15:51:00,7475,7475,7475,7475,0
2022-02-25 15:52:00,7475,7475,7475,7475,0
2022-02-25 15:53:00,7475,7475,7475,7475,0
2022-02-25 15:54:00,7475,7475,7475,7475,0
2022-02-25 15:55:00,7475,7475,7475,7475,0
2022-02-25 15:56:00,7475,7475,7475,7475,0
2022-02-25 15:57:00,7475,7475,7475,7475,0
2022-02-25 15:58:00,7475,7475,7475,7475,0
2022-02-25 15:59:00,7475,7475,7475,7475,0
2022-02-28 09:00:00,7475,7475,7475,7475,0
2022-02-28 09:01:00,7475,7475,7475,7475,0
2022-02-28 09:02:00,7475,7475,7475,7475,0
2022-02-28 09:03:00,7475,7475,7475,7475,0
2022-02-28 09:04:00,7475,7475,7475,7475,0
2022-02-28 09:05:00,7475,7475,7475,7475,0
2022-02-28 09:06:00,7475,7475,7475,7475,0
2022-02-28 09:07:00,7475,7475,7475,7475,0
2022-02-28 09:08:00,7475,7475,7475,7475,0
2022-02-28 09:09:00,7475,7475,7475,7475,0
2022-02-28 09:10:00,7475,7475,7475,7475,0
2022-02-28 09:11:00,7475,7475,7475,7475,0
2022-02-28 09:12:00,7475,7475,7475,7475,0
2022-02-28 09:13:00,7475,7475,7475,7475,0
2022-02-28 09:14:00,7475,7475,7475,7475,0
2022-02-28 09:15:00,7475,7475,7475,7475,0
2022-02-28 09:16:00,7475,7475,7475,7475,0
2022-02-28 09:17:00,7475,7475,7475,7475,0
2022-02-28 09:18:00,7475,7475,7475,7475,0
2022-02-28 09:19:00,7475,7475,7475,7475,0
2022-02-28 09:20:00,7475,7475,7475,7475,0
2022-02-28 09:21:00,7475,7475,7475,7475,0
2022-02-28 09:22:00,7475,7475,7475,7475,0
2022-02-28 09:23:00,7475,7475,7475,7475,0
2022-02-28 09:24:00,7475,7475,7475,7475,0
2022-02-28 09:25:00,7475,7475,7475,7475,0
2022-02-28 09:26:00,7475,7475,7475,7475,0
2022-02-28 09:27:00,7475,7475,7475,7475,0
2022-02-28 09:28:00,7475,7475,7475,7475,0
2022-02-28 09:29:00,7475,7475,7475,7475,0
2022-02-28 09:30:00,7475,7475,7475,7475,0
2022-02-28 09:31:00,7475,7475,7475,7475,0
2022-02-28 09:32:00,7475,7475,7475,7475,0
2022-02-28 09:33:00,7475,7475,7475,7475,0
2022-02-28 09:34:00,7475,7475,7475,7475,0
2022-02-28 09:35:00,7475,7475,7475,7475,0
2022-02-28 09:36:00,7475,7475,7475,7475,0
2022-02-28 09:37:00,7475,7475,7475,7475,0
2022-02-28 09:38:00,7475,7475,7475,7475,0
2022-02-28 09:39:00,7475,7475,7475,7475,0
2022-02-28 09:40:00,7475,7475,7475,7475,0
2022-02-28 09:41:00,7475,7475,7475,7475,0
2022-02-28 09:42:00,7475,7475,7475,7475,0
2022-02-28 09:43:00,7475,7475,7475,7475,0
2022-02-28 09:44:00,7475,7475,7475,7475,0
2022-02-28 09:45:00,7475,7475,7475,7475,0
2022-02-28 09:46:00,7475,7475,7475,7475,0
2022-02-28 09:47:00,7475,7475,7475,7475,0
2022-02-28 09:48:00,7475,7475,7475,7475,0
2022-02-28 09:49:00,7475,7475,7475,7475,0
2022-02-28 09:50:00,7475,7475,7475,7475,0
2022-02-28 09:51:00,7475,7475,7475,7475,0
2022-02-28 09:52:00,7475,7475,7475,7475,0
2022-02-28 09:53:00,7475,7475,7475,7475,0
2022-02-28 09:54:00,7475,7475,7475,7475,0
2022-02-28 09:55:00,7475,7475,7475,7475,0
2022-02-28 09:56:00,7475,7475,7475,7475,0
2022-02-28 09:57:00,7475,7475,7475,7475,0
2022-02-28 09:58:00,7475,7475,7475,7475,0
2022-02-28 09:59:00,7475,7475,7475,7475,0
2022-02-28 10:00:00,7475,7475,7475,7475,0
2022-02-28 10:01:00,7475,7475,7475,7475,0
2022-02-28 10:02:00,7475,7475,7475,7475,0
2022-02-28 10:03:00,7475,7475,7475,7475,0
2022-02-28 10:04:00,7475,7475,7475,7475,0
2022-02-28 10:05:00,7475,7475,7475,7475,0
2022-02-28 10:06:00,7475,7475,7475,7475,0
2022-02-28 10:07:00,7475,7475,7475,7475,0
2022-02-28 10:08:00,7475,7475,7475,7475,0
2022-02-28 10:09:00,7475,7475,7475,7475,0
2022-02-28 10:10:00,7475,7475,7475,7475,0
2022-02-28 10:11:00,7475,7475,7475,7475,0
2022-02-28 10:12:00,7475,7475,7475,7475,0
2022-02-28 10:13:00,7475,7475,7475,7475,0
2022-02-28 10:14:00,7475,7475,7475,7475,0
2022-02-28 10:15:00,7475,7475,7475,7475,0
2022-02-28 10:16:00,7475,7475,7475,7475,0
2022-02-28 10:17:00,7475,7475,7475,7475,0
2022-02-28 10:18:00,7475,7475,7475,7475,0
2022-02-28 10:19:00,7475,7475,7475,7475,0
2022-02-28 10:20:00,7475,7475,7475,7475,0
2022-02-28 10:21:00,7475,7475,7475,7475,0
2022-02-28 10:22:00,7475,7475,7475,7475,0
2022-02-28 10:23:00,7475,7475,7475,7475,0
2022-02-28 10:24:00,7475,7475,7475,7475,0
2022-02-28 10:25:00,7475,7475,7475,7475,0
2022-02-28 10:26:00,7475,7475,7475,7475,0
2022-02-28 10:27:00,7475,7475,7475,7475,0
2022-02-28 10:28:00,7475,7475,7475,7475,0
2022-02-28 10:29:00,7475,7475,7475,7475,0
2022-02-28 10:30:00,7475,7475,7475,7475,0
2022-02-28 10:31:00,7475,7475,7475,7475,0
2022-02-28 10:32:00,7475,7475,7475,7475,0
2022-02-28 10:33:00,7475,7475,7475,7475,0
2022-02-28 10:34:00,7475,7475,7475,7475,0
2022-02-28 10:35:00,7475,7475,7475,7475,0
2022-02-28 10:36:00,7475,7475,7475,7475,0
2022-02-28 10:37:00,7475,7475,7475,7475,0
2022-02-28 10:38:00,7475,7475,7475,7475,0
2022-02-28 10:39:00,7475,7475,7475,7475,0
2022-02-28 10:40:00,7475,7475,7475,7475,0
2022-02-28 10:41:00,7475,7475,7475,7475,0
2022-02-28 10:42:00,7475,7475,7475,7475,0
2022-02-28 10:43:00,7475,7475,7475,7475,0
2022-02-28 10:44:00,7475,7475,7475,7475,0
2022-02-28 10:45:00,7475,7475,7475,7475,0
2022-02-28 10:46:00,7475,7475,7475,7475,0
2022-02-28 10:47:00,7475,7475,7475,7475,0
2022-02-28 10:48:00,7475,7475,7475,7475,0
2022-02-28 10:49:00,7475,7475,7475,7475,0
2022-02-28 10:50:00,7475,7475,7475,7475,0
2022-02-28 10:51:00,7475,7475,7475,7475,0
2022-02-28 10:52:00,7475,7475,7475,7475,0
2022-02-28 10:53:00,7475,7475,7475,7475,0
2022-02-28 10:54:00,7475,7475,7475,7475,0
2022-02-28 10:55:00,7475,7475,7475,7475,0
2022-02-28 10:56:00,7475,7475,7475,7475,0
2022-02-28 10:57:00,7475,7475,7475,7475,0
2022-02-28 10:58:00,7475,7475,7475,7475,0
2022-02-28 10:59:00,7475,7475,7475,7475,0
2022-02-28 11:00:00,7475,7475,7475,7475,0
2022-02-28 11:01:00,7475,7475,7475,7475,0
2022-02-28 11:02:00,7475,7475,7475,7475,0
2022-02-28 11:03:00,7475,7475,7475,7475,0
2022-02-28 11:04:00,7475,7475,7475,7475,0
2022-02-28 11:05:00,7475,7475,7475,7475,0
2022-02-28 11:06:00,7475,7475,7475,7475,0
2022-02-28 11:07:00,7475,7475,7475,7475,0
2022-02-28 11:08:00,7475,7475,7475,7475,0
2022-02-28 11:09:00,7475,7475,7475,7475,0
2022-02-28 11:10:00,7475,7475,7475,7475,0
2022-02-28 11:11:00,7475,7475,7475,7475,0
2022-02-28 11:12:00,7475,7475,7475,7475,0
2022-02-28 11:13:00,7475,7475,7475,7475,0
2022-02-28 11:14:00,7475,7475,7475,7475,0
2022-02-28 11:15:00,7475,7475,7475,7475,0
2022-02-28 11:16:00,7475,7475,7475,7475,0
2022-02-28 11:17:00,7475,7475,7475,7475,0
2022-02-28 11:18:00,7475,7475,7475,7475,0
2022-02-28 11:19:00,7475,7475,7475,7475,0
2022-02-28 11:20:00,7475,7475,7475,7475,0
2022-02-28 11:21:00,7475,7475,7475,7475,0
2022-02-28 11:22:00,7475,7475,7475,7475,0
2022-02-28 11:23:00,7475,7475,7475,7475,0
2022-02-28 11:24:00,7475,7475,7475,7475,0
2022-02-28 11:25:00,7475,7475,7475,7475,0
2022-02-28 11:26:00,7475,7475,7475,7475,0
2022-02-28 11:27:00,7475,7475,7475,7475,0
2022-02-28 11:28:00,7475,7475,7475,7475,0
2022-02-28 11:29:00,7475,7475,7475,7475,0
2022-02-28 11:30:00,7475,7475,7475,7475,0
2022-02-28 11:31:00,7475,7475,7475,7475,0
2022-02-28 11:32:00,7475,7475,7475,7475,0
2022-02-28 11:33:00,7475,7475,7475,7475,0
2022-02-28 11:34:00,7475,7475,7475,7475,0
2022-02-28 11:35:00,7475,7475,7475,7475,0
2022-02-28 11:36:00,7475,7475,7475,7475,0
2022-02-28 11:37:00,7475,7475,7475,7475,0
2022-02-28 11:38:00,7475,7475,7475,7475,0
2022-02-28 11:39:00,7475,7475,7475,7475,0
2022-02-28 11:40:00,7475,7475,7475,7475,0
2022-02-28 11:41:00,7475,7475,7475,7475,0
2022-02-28 11:42:00,7475,7475,7475,7475,0
2022-02-28 11:43:00,7475,7475,7475,7475,0
2022-02-28 11:44:00,7475,7475,7475,7475,0
2022-02-28 11:45:00,7475,7475,7475,7475,0
2022-02-28 11:46:00,7475,7475,7475,7475,0
2022-02-28 11:47:00,7475,7475,7475,7475,0
2022-02-28 11:48:00,7475,7475,7475,7475,0
2022-02-28 11:49:00,7475,7475,7475,7475,0
2022-02-28 11:50:00,7475,7475,7475,7475,0
2022-02-28 11:51:00,7475,7475,7475,7475,0
2022-02-28 11:52:00,7475,7475,7475,7475,0
2022-02-28 11:53:00,7475,7475,7475,7475,0
2022-02-28 11:54:00,7475,7475,7475,7475,0
2022-02-28 11:55:00,7475,7475,7475,7475,0
2022-02-28 11:56:00,7475,7475,7475,7475,0
2022-02-28 11:57:00,7475,7475,7475,7475,0
2022-02-28 11:58:00,7475,7475,7475,7475,0
2022-02-28 11:59:00,7475,7475,7475,7475,0
2022-02-28 12:00:00,7475,7475,7475,7475,0
2022-02-28 12:01:00,7475,7475,7475,7475,0
2022-02-28 12:02:00,7475,7475,7475,7475,0
2022-02-28 12:03:00,7475,7475,7475,7475,0
2022-02-28 12:04:00,7475,7475,7475,7475,0
2022-02-28 12:05:00,7475,7475,7475,7475,0
2022-02-28 12:06:00,7475,7475,7475,7475,0
2022-02-28 12:07:00,7475,7475,7475,7475,0
2022-02-28 12:08:00,7475,7475,7475,7475,0
2022-02-28 12:09:00,7475,7475,7475,7475,0
2022-02-28 12:10:00,7475,7475,7475,7475,0
2022-02-28 12:11:00,7475,7475,7475,7475,0
2022-02-28 12:12:00,7475,7475,7475,7475,0
2022-02-28 12:13:00,7475,7475,7475,7475,0
2022-02-28 12:14:00,7475,7475,7475,7475,0
2022-02-28 12:15:00,7475,7475,7475,7475,0
2022-02-28 12:16:00,7475,7475,7475,7475,0
2022-02-28 12:17:00,7475,7475,7475,7475,0
2022-02-28 12:18:00,7475,7475,7475,7475,0
2022-02-28 12:19:00,7475,7475,7475,7475,0
2022-02-28 12:20:00,7475,7475,7475,7475,0
2022-02-28 12:21:00,7475,7475,7475,7475,0
2022-02-28 12:22:00,7475,7475,7475,7475,0
2022-02-28 12:23:00,7475,7475,7475,7475,0
2022-02-28 12:24:00,7475,7475,7475,7475,0
2022-02-28 12:25:00,7475,7475,7475,7475,0
2022-02-28 12:26:00,7475,7475,7475,7475,0
2022-02-28 12:27:00,7475,7475,7475,7475,0
2022-02-28 12:28:00,7475,7475,7475,7475,0
2022-02-28 12:29:00,7475,7475,7475,7475,0
2022-02-28 12:30:00,7475,7475,7475,7475,0
2022-02-28 12:31:00,7475,7475,7475,7475,0
2022-02-28 12:32:00,7475,7475,7475,7475,0
2022-02-28 12:33:00,7475,7475,7475,7475,0
2022-02-28 12:34:00,7475,7475,7475,7475,0
2022-02-28 12:35:00,7475,7475,7475,7475,0
2022-02-28 12:36:00,7475,7475,7475,7475,0
2022-02-28 12:37:00,7475,7475,7475,7475,0
2022-02-28 12:38:00,7475,7475,7475,7475,0
2022-02-28 12:39:00,7475,7475,7475,7475,0
2022-02-28 12:40:00,7475,7475,7475,7475,0
2022-02-28 12:41:00,7475,7475,7475,7475,0
2022-02-28 12:42:00,7475,7475,7475,7475,0
2022-02-28 12:43:00,7475,7475,7475,7475,0
2022-02-28 12:44:00,7475,7475,7475,7475,0
2022-02-28 12:45:00,7475,7475,7475,7475,0
2022-02-28 12:46:00,7475,7475,7475,7475,0
2022-02-28 12:47:00,7475,7475,7475,7475,0
2022-02-28 12:48:00,7475,7475,7475,7475,0
2022-02-28 12:49:00,7475,7475,7475,7475,0
2022-02-28 12:50:00,7475,7475,7475,7475,0
2022-02-28 12:51:00,7475,7475,7475,7475,0
2022-02-28 12:52:00,7475,7475,7475,7475,0
2022-02-28 12:53:00,7475,7475,7475,7475,0
2022-02-28 12:54:00,7475,7475,7475,7475,0
2022-02-28 12:55:00,7475,7475,7475,7475,0
2022-02-28 12:56:00,7475,7475,7475,7475,0
2022-02-28 12:57:00,7475,7475,7475,7475,0
2022-02-28 12:58:00,7475,7475,7475,7475,0
2022-02-28 12:59:00,7475,7475,7475,7475,0
2022-02-28 13:00:00,7475,7475,7475,7475,0
2022-02-28 13:01:00,7475,7475,7475,7475,0
2022-02-28 13:02:00,7475,7475,7475,7475,0
2022-02-28 13:03:00,7475,7475,7475,7475,0
2022-02-28 13:04:00,7475,7475,7475,7475,0
2022-02-28 13:05:00,7475,7475,7475,7475,0
2022-02-28 13:06:00,7475,7475,7475,7475,0
2022-02-28 13:07:00,7475,7475,7475,7475,0
2022-02-28 13:08:00,7475,7475,7475,7475,0
2022-02-28 13:09:00,7475,7475,7475,7475,0
2022-02-28 13:10:00,7475,7475,7475,7475,0
2022-02-28 13:11:00,7475,7475,7475,7475,0
2022-02-28 13:12:00,7475,7475,7475,7475,0
2022-02-28 13:13:00,7475,7475,7475,7475,0
2022-02-28 13:14:00,7475,7475,7475,7475,0
2022-02-28 13:15:00,7475,7475,7475,7475,0
2022-02-28 13:16:00,7475,7475,7475,7475,0
2022-02-28 13:17:00,7475,7475,7475,7475,0
2022-02-28 13:18:00,7475,7475,7475,7475,0
2022-02-28 13:19:00,7475,7475,7475,7475,0
2022-02-28 13:20:00,7475,7475,7475,7475,0
2022-02-28 13:21:00,7475,7475,7475,7475,0
2022-02-28 13:22:00,7475,7475,7475,7475,0
2022-02-28 13:23:00,7475,7475,7475,7475,0
2022-02-28 13:24:00,7475,7475,7475,7475,0
2022-02-28 13:25:00,7475,7475,7475,7475,0
2022-02-28 13:26:00,7475,7475,7475,7475,0
2022-02-28 13:27:00,7475,7475,7475,7475,0
2022-02-28 13:28:00,7475,7475,7475,7475,0
2022-02-28 13:29:00,7475,7475,7475,7475,0
2022-02-28 13:30:00,7475,7475,7475,7475,0
2022-02-28 13:31:00,7475,7475,7475,7475,0
2022-02-28 13:32:00,7475,7475,7475,7475,0
2022-02-28 13:33:00,7475,7475,7475,7475,0
2022-02-28 13:34:00,7475,7475,7475,7475,0
2022-02-28 13:35:00,7475,7475,7475,7475,0
2022-02-28 13:36:00,7475,7475,7475,7475,0
2022-02-28 13:37:00,7475,7475,7475,7475,0
2022-02-28 13:38:00,7475,7475,7475,7475,0
2022-02-28 13:39:00,7475,7475,7475,7475,0
2022-02-28 13:40:00,7475,7475,7475,7475,0
2022-02-28 13:41:00,7475,7475,7475,7475,0
2022-02-28 13:42:00,7475,7475,7475,7475,0
2022-02-28 13:43:00,7475,7475,7475,7475,0
2022-02-28 13:44:00,7475,7475,7475,7475,0
2022-02-28 13:45:00,7475,7475,7475,7475,0
2022-02-28 13:46:00,7475,7475,7475,7475,0
2022-02-28 13:47:00,7475,7475,7475,7475,0
2022-02-28 13:48:00,7475,7475,7475,7475,0
2022-02-28 13:49:00,7475,7475,7475,7475,0
2022-02-28 13:50:00,7475,7475,7475,7475,0
2022-02-28 13:51:00,7475,7475,7475,7475,0
2022-02-28 13:52:00,7475,7475,7475,7475,0
2022-02-28 13:53:00,7475,7475,7475,7475,0
2022-02-28 13:54:00,7475,7475,7475,7475,0
2022-02-28 13:55:00,7475,7475,7475,7475,0
2022-02-28 13:56:00,7475,7475,7475,7475,0
2022-02-28 13:57:00,7475,7475,7475,7475,0
2022-02-28 13:58:00,7475,7475,7475,7475,0
2022-02-28 13:59:00,7475,7475,7475,7475,0
2022-02-28 14:00:00,7475,7475,7475,7475,0
2022-02-28 14:01:00,7475,7475,7475,7475,0
2022-02-28 14:02:00,7475,7475,7475,7475,0
2022-02-28 14:03:00,7475,7475,7475,7475,0
2022-02-28 14:04:00,7475,7475,7475,7475,0
2022-02-28 14:05:00,7475,7475,7475,7475,0
2022-02-28 14:06:00,7475,7475,7475,7475,0
2022-02-28 14:07:00,7475,7475,7475,7475,0
2022-02-28 14:08:00,7475,7475,7475,7475,0
2022-02-28 14:09:00,7475,7475,7475,7475,0
2022-02-28 14:10:00,7475,7475,7475,7475,0
2022-02-28 14:11:00,7475,7475,7475,7475,0
2022-02-28 14:12:00,7475,7475,7475,7475,0
2022-02-28 14:13:00,7475,7475,7475,7475,0
2022-02-28 14:14:00,7475,7475,7475,7475,0
2022-02-28 14:15:00,7475,7475,7475,7475,0
2022-02-28 14:16:00,7475,7475,7475,7475,0
2022-02-28 14:17:00,7475,7475,7475,7475,0
2022-02-28 14:18:00,7475,7475,7475,7475,0
2022-02-28 14:19:00,7475,7475,7475,7475,0
2022-02-28 14:20:00,7475,7475,7475,7475,0
2022-02-28 14:21:00,7475,7475,7475,7475,0
2022-02-28 14:22:00,7475,7475,7475,7475,0
2022-02-28 14:23:00,7475,7475,7475,7475,0
2022-02-28 14:24:00,7475,7475,7475,7475,0
2022-02-28 14:25:00,7475,7475,7475,7475,0
2022-02-28 14:26:00,7475,7475,7475,7475,0
2022-02-28 14:27:00,7475,7475,7475,7475,0
2022-02-28 14:28:00,7475,7475,7475,7475,0
2022-02-28 14:29:00,7475,7475,7475,7475,0
2022-02-28 14:30:00,7475,7475,7475,7475,0
2022-02-28 14:31:00,7475,7475,7475,7475,0
2022-02-28 14:32:00,7475,7475,7475,7475,0
2022-02-28 14:33:00,7475,7475,7475,7475,0
2022-02-28 14:34:00,7475,7475,7475,7475,0
2022-02-28 14:35:00,7475,7475,7475,7475,0
2022-02-28 14:36:00,7475,7475,7475,7475,0
2022-02-28 14:37:00,7475,7475,7475,7475,0
2022-02-28 14:38:00,7475,7475,7475,7475,0
2022-02-28 14:39:00,7475,7475,7475,7475,0
2022-02-28 14:40:00,7475,7475,7475,7475,0
2022-02-28 14:41:00,7475,7475,7475,7475,0
2022-02-28 14:42:00,7475,7475,7475,7475,0
2022-02-28 14:43:00,7475,7475,7475,7475,0
2022-02-28 14:44:00,7475,7475,7475,7475,0
2022-02-28 14:45:00,7475,7475,7475,7475,0
2022-02-28 14:46:00,7475,7475,7475,7475,0
2022-02-28 14:47:00,7475,7475,7475,7475,0
2022-02-28 14:48:00,7475,7475,7475,7475,0
2022-02-28 14:49:00,7475,7475,7475,7475,0
2022-02-28 14:50:00,7475,7475,7475,7475,0
2022-02-28 14:51:00,7475,7475,7475,7475,0
2022-02-28 14:52:00,7475,7475,7475,7475,0
2022-02-28 14:53:00,7475,7475,7475,7475,0
2022-02-28 14:54:00,7475,7475,7475,7475,0
2022-02-28 14:55:00,7475,7475,7475,7475,0
2022-02-28 14:56:00,7475,7475,7475,7475,0
2022-02-28 14:57:00,7475,7475,7475,7475,0
2022-02-28 14:58:00,7475,7475,7475,7475,0
2022-02-28 14:59:00,7475,7475,7475,7475,0
2022-02-28 15:00:00,7475,7475,7475,7475,0
2022-02-28 15:01:00,7475,7475,7475,7475,0
2022-02-28 15:02:00,7475,7475,7475,7475,0
2022-02-28 15:03:00,7475,7475,7475,7475,0
2022-02-28 15:04:00,7475,7475,7475,7475,0
2022-02-28 15:05:00,7475,7475,7475,7475,0
2022-02-28 15:06:00,7475,7475,7475,7475,0
2022-02-28 15:07:00,7475,7475,7475,7475,0
2022-02-28 15:08:00,7475,7475,7475,7475,0
2022-02-28 15:09:00,7475,7475,7475,7475,0
2022-02-28 15:10:00,7475,7475,7475,7475,0
2022-02-28 15:11:00,7475,7475,7475,7475,0
2022-02-28 15:12:00,7475,7475,7475,7475,0
2022-02-28 15:13:00,7475,7475,7475,7475,0
2022-02-28 15:14:00,7475,7475,7475,7475,0
2022-02-28 15:15:00,7475,7475,7475,7475,0
2022-02-28 15:16:00,7475,7475,7475,7475,0
2022-02-28 15:17:00,7475,7475,7475,7475,0
2022-02-28 15:18:00,7475,7475,7475,7475,0
2022-02-28 15:19:00,7475,7475,7475,7475,0
2022-02-28 15:20:00,7475,7475,7475,7475,0
2022-02-28 15:21:00,7475,7475,7475,7475,0
2022-02-28 15:22:00,7475,7475,7475,7475,0
2022-02-28 15:23:00,7475,7475,7475,7475,0
2022-02-28 15:24:00,7475,7475,7475,7475,0
2022-02-28 15:25:00,7475,7475,7475,7475,0
2022-02-28 15:26:00,7475,7475,7475,7475,0
2022-02-28 15:27:00,7475,7475,7475,7475,0
2022-02-28 15:28:00,7475,7475,7475,7475,0
2022-02-28 15:29:00,7475,7475,7475,7475,0
2022-02-28 15:30:00,7475,7475,7475,7475,0
2022-02-28 15:31:00,7475,7475,7475,7475,0
2022-02-28 15:32:00,7475,7475,7475,7475,0
2022-02-28 15:33:00,7475,7475,7475,7475,0
2022-02-28 15:34:00,7475,7475,7475,7475,0
2022-02-28 15:35:00,7475,7475,7475,7475,0
2022-02-28 15:36:00,7475,7475,7475,7475,0
2022-02-28 15:37:00,7475,7475,7475,7475,0
2022-02-28 15:38:00,7475,7475,7475,7475,0
2022-02-28 15:39:00,7475,7475,7475,7475,0
2022-02-28 15:40:00,7475,7475,7475,7475,0
2022-02-28 15:41:00,7475,7475,7475,7475,0
2022-02-28 15:42:00,7475,7475,7475,7475,0
2022-02-28 15:43:00,7475,7475,7475,7475,0
2022-02-28 15:44:00,7475,7475,7475,7475,0
2022-02-28 15:45:00,7475,7475,7475,7475,0
2022-02-28 15:46:00,7475,7475,7475,7475,0
2022-02-28 15:47:00,7475,7475,7475,7475,0
2022-02-28 15:48:00,7475,7475,7475,7475,0
2022-02-28 15:49:00,7475,7475,7475,7475,0
2022-02-28 15:50:00,7475,7475,7475,7475,0
2022-02-28 15:51:00,7475,7475,7475,7475,0
2022-02-28 15:52:00,7475,7475,7475,7475,0
2022-02-28 15:53:00,7475,7475,7475,7475,0
2022-02-28 15:54:00,7475,7475,7475,7475,0
2022-02-28 15:55:00,7475,7475,7475,7475,0
2022-02-28 15:56:00,7475,7475,7475,7475,0
2022-02-28 15:57:00,7475,7475,7475,7475,0
2022-02-28 15:58:00,7475,7475,7475,7475,0
2022-02-28 15:59:00,7475,7475,7475,7475,0
2022-03-01 09:00:00,7475,7450,7475,7475,19200
2022-03-01 09:01:00,7500,7475,7500,7475,42000
2022-03-01 09:02:00,7500,7500,7550,7550,78300
2022-03-01 09:03:00,7550,7525,7550,7525,1800
2022-03-01 09:04:00,7525,7450,7525,7475,87200
2022-03-01 09:05:00,7475,7475,7475,7475,4400
2022-03-01 09:06:00,7475,7400,7475,7425,147900
2022-03-01 09:07:00,7425,7425,7450,7450,18900
2022-03-01 09:08:00,7450,7450,7475,7450,23500
2022-03-01 09:09:00,7475,7450,7475,7475,7400
2022-03-01 09:10:00,7500,7450,7500,7475,22200
2022-03-01 09:11:00,7475,7475,7475,7475,2300
2022-03-01 09:12:00,7450,7450,7475,7450,56500
2022-03-01 09:13:00,7450,7450,7450,7450,1900
2022-03-01 09:14:00,7450,7450,7475,7450,2800
2022-03-01 09:15:00,7450,7450,7450,7450,44400
2022-03-01 09:16:00,7450,7450,7450,7450,10500
2022-03-01 09:17:00,7450,7450,7450,7450,200
2022-03-01 09:18:00,7450,7450,7450,7450,6700
2022-03-01 09:19:00,7425,7425,7425,7425,100
2022-03-01 09:20:00,7450,7400,7450,7425,66700
2022-03-01 09:21:00,7400,7375,7425,7400,61400
2022-03-01 09:22:00,7375,7375,7400,7375,32800
2022-03-01 09:23:00,7375,7375,7375,7375,8700
2022-03-01 09:24:00,7375,7375,7400,7375,27500
2022-03-01 09:25:00,7400,7400,7425,7400,16500
2022-03-01 09:26:00,7400,7400,7400,7400,1400
2022-03-01 09:27:00,7400,7400,7400,7400,1000
2022-03-01 09:28:00,7400,7375,7400,7400,16500
2022-03-01 09:29:00,7400,7400,7425,7400,4100
2022-03-01 09:30:00,7425,7400,7425,7425,2000
2022-03-01 09:31:00,7425,7400,7425,7400,3800
2022-03-01 09:32:00,7425,7400,7425,7400,5300
2022-03-01 09:33:00,7400,7400,7400,7400,1400
2022-03-01 09:34:00,7425,7400,7425,7425,22800
2022-03-01 09:35:00,7425,7425,7425,7425,5900
2022-03-01 09:36:00,7425,7425,7425,7425,2400
2022-03-01 09:37:00,7425,7425,7425,7425,10300
2022-03-01 09:38:00,7425,7425,7425,7425,17400
2022-03-01 09:39:00,7425,7425,7425,7425,2100
2022-03-01 09:40:00,7400,7400,7425,7425,600
2022-03-01 09:41:00,7425,7425,7425,7425,1000
2022-03-01 09:42:00,7425,7400,7425,7400,200
2022-03-01 09:43:00,7425,7425,7425,7425,100
2022-03-01 09:44:00,7425,7400,7425,7400,14000
2022-03-01 09:45:00,7425,7425,7425,7425,3300
2022-03-01 09:46:00,7425,7425,7450,7450,1600
2022-03-01 09:47:00,7450,7425,7450,7450,32000
2022-03-01 09:48:00,7450,7450,7450,7450,15400
2022-03-01 09:49:00,7425,7425,7425,7425,1500
2022-03-01 09:50:00,7450,7450,7450,7450,8100
2022-03-01 09:51:00,7425,7425,7450,7450,2200
2022-03-01 09:52:00,7450,7450,7450,7450,2000
2022-03-01 09:53:00,7425,7425,7425,7425,100
2022-03-01 09:54:00,7450,7450,7450,7450,10000
2022-03-01 09:55:00,7450,7450,7450,7450,1700
2022-03-01 09:56:00,7425,7425,7450,7450,4900
2022-03-01 09:57:00,7450,7425,7450,7450,16100
2022-03-01 09:58:00,7450,7450,7450,7450,1400
2022-03-01 09:59:00,7450,7450,7450,7450,14700
2022-03-01 10:00:00,7450,7450,7450,7450,4000
2022-03-01 10:01:00,7450,7450,7450,7450,200
2022-03-01 10:02:00,7450,7450,7450,7450,11100
2022-03-01 10:03:00,7450,7425,7450,7450,13600
2022-03-01 10:04:00,7450,7450,7450,7450,12000
2022-03-01 10:05:00,7450,7450,7450,7450,5300
2022-03-01 10:06:00,7450,7450,7450,7450,400
2022-03-01 10:07:00,7450,7450,7450,7450,1400
2022-03-01 10:08:00,7450,7425,7450,7450,2800
2022-03-01 10:09:00,7450,7450,7450,7450,9300
2022-03-01 10:10:00,7450,7425,7450,7450,37800
2022-03-01 10:11:00,7450,7450,7450,7450,800
2022-03-01 10:12:00,7450,7450,7450,7450,500
2022-03-01 10:13:00,7425,7425,7450,7425,3100
2022-03-01 10:14:00,7450,7425,7450,7425,10800
2022-03-01 10:15:00,7450,7450,7450,7450,100
2022-03-01 10:16:00,7425,7425,7425,7425,112100
2022-03-01 10:17:00,7425,7425,7425,7425,300
2022-03-01 10:18:00,7425,7400,7425,7400,9500
2022-03-01 10:19:00,7400,7400,7425,7400,8200
2022-03-01 10:20:00,7425,7425,7425,7425,2800
2022-03-01 10:21:00,7400,7400,7400,7400,4000
2022-03-01 10:22:00,7400,7400,7400,7400,59300
2022-03-01 10:23:00,7400,7400,7400,7400,4500
2022-03-01 10:24:00,7400,7400,7425,7425,600
2022-03-01 10:25:00,7400,7400,7425,7400,1800
2022-03-01 10:26:00,7400,7400,7400,7400,2500
2022-03-01 10:27:00,7425,7425,7425,7425,6800
2022-03-01 10:28:00,7425,7400,7425,7400,27500
2022-03-01 10:29:00,7400,7400,7400,7400,4300
2022-03-01 10:30:00,7425,7400,7425,7400,9100
2022-03-01 10:31:00,7400,7400,7400,7400,17800
2022-03-01 10:32:00,7400,7400,7400,7400,23600
2022-03-01 10:33:00,7400,7400,7400,7400,3600
2022-03-01 10:34:00,7425,7425,7425,7425,600
2022-03-01 10:35:00,7425,7425,7425,7425,500
2022-03-01 10:36:00,7425,7425,7425,7425,0
2022-03-01 10:37:00,7425,7425,7425,7425,0
2022-03-01 10:38:00,7425,7425,7425,7425,0
2022-03-01 10:39:00,7425,7425,7425,7425,0
2022-03-01 10:40:00,7425,7425,7425,7425,0
2022-03-01 10:41:00,7425,7425,7425,7425,800
2022-03-01 10:42:00,7425,7425,7425,7425,600
2022-03-01 10:43:00,7425,7425,7425,7425,0
2022-03-01 10:44:00,7425,7425,7425,7425,900
2022-03-01 10:45:00,7425,7425,7425,7425,900
2022-03-01 10:46:00,7425,7425,7425,7425,1800
2022-03-01 10:47:00,7425,7425,7425,7425,600
2022-03-01 10:48:00,7425,7425,7425,7425,600
2022-03-01 10:49:00,7425,7425,7425,7425,7300
2022-03-01 10:50:00,7400,7400,7425,7425,900
2022-03-01 10:51:00,7400,7400,7425,7425,0
2022-03-01 10:52:00,7400,7400,7425,7425,2100
2022-03-01 10:53:00,7400,7400,7425,7425,0
2022-03-01 10:54:00,7425,7425,7425,7425,100
2022-03-01 10:55:00,7425,7425,7425,7425,900
2022-03-01 10:56:00,7425,7400,7425,7425,1500
2022-03-01 10:57:00,7425,7425,7425,7425,100
2022-03-01 10:58:00,7400,7400,7425,7425,300
2022-03-01 10:59:00,7425,7425,7425,7425,13200
2022-03-01 11:00:00,7425,7425,7425,7425,0
2022-03-01 11:01:00,7425,7425,7425,7425,0
2022-03-01 11:02:00,7425,7425,7425,7425,0
2022-03-01 11:03:00,7425,7425,7425,7425,1700
2022-03-01 11:04:00,7450,7450,7450,7450,2000
2022-03-01 11:05:00,7450,7425,7450,7425,1700
2022-03-01 11:06:00,7425,7425,7425,7425,1100
2022-03-01 11:07:00,7425,7425,7425,7425,200
2022-03-01 11:08:00,7425,7425,7425,7425,0
2022-03-01 11:09:00,7425,7400,7425,7400,26800
2022-03-01 11:10:00,7400,7400,7400,7400,19600
2022-03-01 11:11:00,7400,7400,7400,7400,0
2022-03-01 11:12:00,7400,7400,7400,7400,500
2022-03-01 11:13:00,7400,7400,7400,7400,400
2022-03-01 11:14:00,7425,7400,7425,7400,1900
2022-03-01 11:15:00,7425,7400,7425,7425,6500
2022-03-01 11:16:00,7425,7400,7425,7425,0
2022-03-01 11:17:00,7400,7400,7400,7400,500
2022-03-01 11:18:00,7425,7425,7425,7425,100
2022-03-01 11:19:00,7425,7400,7425,7400,1500
2022-03-01 11:20:00,7425,7400,7425,7425,2000
2022-03-01 11:21:00,7425,7400,7425,7400,3500
2022-03-01 11:22:00,7425,7425,7425,7425,400
2022-03-01 11:23:00,7425,7400,7425,7400,1800
2022-03-01 11:24:00,7425,7400,7425,7400,3500
2022-03-01 11:25:00,7425,7425,7425,7425,400
2022-03-01 11:26:00,7425,7400,7425,7400,700
2022-03-01 11:27:00,7400,7400,7425,7425,2400
2022-03-01 11:28:00,7425,7400,7425,7425,2200
2022-03-01 11:29:00,7400,7400,7425,7400,5300
2022-03-01 11:30:00,7400,7400,7425,7400,0
2022-03-01 11:31:00,7400,7400,7425,7400,0
2022-03-01 11:32:00,7400,7400,7425,7400,0
2022-03-01 11:33:00,7400,7400,7425,7400,0
2022-03-01 11:34:00,7400,7400,7425,7400,0
2022-03-01 11:35:00,7400,7400,7425,7400,0
2022-03-01 11:36:00,7400,7400,7425,7400,0
2022-03-01 11:37:00,7400,7400,7425,7400,0
2022-03-01 11:38:00,7400,7400,7425,7400,0
2022-03-01 11:39:00,7400,7400,7425,7400,0
2022-03-01 11:40:00,7400,7400,7425,7400,0
2022-03-01 11:41:00,7400,7400,7425,7400,0
2022-03-01 11:42:00,7400,7400,7425,7400,0
2022-03-01 11:43:00,7400,7400,7425,7400,0
2022-03-01 11:44:00,7400,7400,7425,7400,0
2022-03-01 11:45:00,7400,7400,7425,7400,0
2022-03-01 11:46:00,7400,7400,7425,7400,0
2022-03-01 11:47:00,7400,7400,7425,7400,0
2022-03-01 11:48:00,7400,7400,7425,7400,0
2022-03-01 11:49:00,7400,7400,7425,7400,0
2022-03-01 11:50:00,7400,7400,7425,7400,0
2022-03-01 11:51:00,7400,7400,7425,7400,0
2022-03-01 11:52:00,7400,7400,7425,7400,0
2022-03-01 11:53:00,7400,7400,7425,7400,0
2022-03-01 11:54:00,7400,7400,7425,7400,0
2022-03-01 11:55:00,7400,7400,7425,7400,0
2022-03-01 11:56:00,7400,7400,7425,7400,0
2022-03-01 11:57:00,7400,7400,7425,7400,0
2022-03-01 11:58:00,7400,7400,7425,7400,0
2022-03-01 11:59:00,7400,7400,7425,7400,0
2022-03-01 12:00:00,7400,7400,7425,7400,0
2022-03-01 12:01:00,7400,7400,7425,7400,0
2022-03-01 12:02:00,7400,7400,7425,7400,0
2022-03-01 12:03:00,7400,7400,7425,7400,0
2022-03-01 12:04:00,7400,7400,7425,7400,0
2022-03-01 12:05:00,7400,7400,7425,7400,0
2022-03-01 12:06:00,7400,7400,7425,7400,0
2022-03-01 12:07:00,7400,7400,7425,7400,0
2022-03-01 12:08:00,7400,7400,7425,7400,0
2022-03-01 12:09:00,7400,7400,7425,7400,0
2022-03-01 12:10:00,7400,7400,7425,7400,0
2022-03-01 12:11:00,7400,7400,7425,7400,0
2022-03-01 12:12:00,7400,7400,7425,7400,0
2022-03-01 12:13:00,7400,7400,7425,7400,0
2022-03-01 12:14:00,7400,7400,7425,7400,0
2022-03-01 12:15:00,7400,7400,7425,7400,0
2022-03-01 12:16:00,7400,7400,7425,7400,0
2022-03-01 12:17:00,7400,7400,7425,7400,0
2022-03-01 12:18:00,7400,7400,7425,7400,0
2022-03-01 12:19:00,7400,7400,7425,7400,0
2022-03-01 12:20:00,7400,7400,7425,7400,0
2022-03-01 12:21:00,7400,7400,7425,7400,0
2022-03-01 12:22:00,7400,7400,7425,7400,0
2022-03-01 12:23:00,7400,7400,7425,7400,0
2022-03-01 12:24:00,7400,7400,7425,7400,0
2022-03-01 12:25:00,7400,7400,7425,7400,0
2022-03-01 12:26:00,7400,7400,7425,7400,0
2022-03-01 12:27:00,7400,7400,7425,7400,0
2022-03-01 12:28:00,7400,7400,7425,7400,0
2022-03-01 12:29:00,7400,7400,7425,7400,0
2022-03-01 12:30:00,7400,7400,7425,7400,0
2022-03-01 12:31:00,7400,7400,7425,7400,0
2022-03-01 12:32:00,7400,7400,7425,7400,0
2022-03-01 12:33:00,7400,7400,7425,7400,0
2022-03-01 12:34:00,7400,7400,7425,7400,0
2022-03-01 12:35:00,7400,7400,7425,7400,0
2022-03-01 12:36:00,7400,7400,7425,7400,0
2022-03-01 12:37:00,7400,7400,7425,7400,0
2022-03-01 12:38:00,7400,7400,7425,7400,0
2022-03-01 12:39:00,7400,7400,7425,7400,0
2022-03-01 12:40:00,7400,7400,7425,7400,0
2022-03-01 12:41:00,7400,7400,7425,7400,0
2022-03-01 12:42:00,7400,7400,7425,7400,0
2022-03-01 12:43:00,7400,7400,7425,7400,0
2022-03-01 12:44:00,7400,7400,7425,7400,0
2022-03-01 12:45:00,7400,7400,7425,7400,0
2022-03-01 12:46:00,7400,7400,7425,7400,0
2022-03-01 12:47:00,7400,7400,7425,7400,0
2022-03-01 12:48:00,7400,7400,7425,7400,0
2022-03-01 12:49:00,7400,7400,7425,7400,0
2022-03-01 12:50:00,7400,7400,7425,7400,0
2022-03-01 12:51:00,7400,7400,7425,7400,0
2022-03-01 12:52:00,7400,7400,7425,7400,0
2022-03-01 12:53:00,7400,7400,7425,7400,0
2022-03-01 12:54:00,7400,7400,7425,7400,0
2022-03-01 12:55:00,7400,7400,7425,7400,0
2022-03-01 12:56:00,7400,7400,7425,7400,0
2022-03-01 12:57:00,7400,7400,7425,7400,0
2022-03-01 12:58:00,7400,7400,7425,7400,0
2022-03-01 12:59:00,7400,7400,7425,7400,0
2022-03-01 13:00:00,7400,7400,7425,7400,0
2022-03-01 13:01:00,7400,7400,7425,7400,0
2022-03-01 13:02:00,7400,7400,7425,7400,0
2022-03-01 13:03:00,7400,7400,7425,7400,0
2022-03-01 13:04:00,7400,7400,7425,7400,0
2022-03-01 13:05:00,7400,7400,7425,7400,0
2022-03-01 13:06:00,7400,7400,7425,7400,0
2022-03-01 13:07:00,7400,7400,7425,7400,0
2022-03-01 13:08:00,7400,7400,7425,7400,0
2022-03-01 13:09:00,7400,7400,7425,7400,0
2022-03-01 13:10:00,7400,7400,7425,7400,0
2022-03-01 13:11:00,7400,7400,7425,7400,0
2022-03-01 13:12:00,7400,7400,7425,7400,0
2022-03-01 13:13:00,7400,7400,7425,7400,0
2022-03-01 13:14:00,7400,7400,7425,7400,0
2022-03-01 13:15:00,7400,7400,7425,7400,0
2022-03-01 13:16:00,7400,7400,7425,7400,0
2022-03-01 13:17:00,7400,7400,7425,7400,0
2022-03-01 13:18:00,7400,7400,7425,7400,0
2022-03-01 13:19:00,7400,7400,7425,7400,0
2022-03-01 13:20:00,7400,7400,7425,7400,0
2022-03-01 13:21:00,7400,7400,7425,7400,0
2022-03-01 13:22:00,7400,7400,7425,7400,0
2022-03-01 13:23:00,7400,7400,7425,7400,0
2022-03-01 13:24:00,7400,7400,7425,7400,0
2022-03-01 13:25:00,7400,7400,7425,7400,0
2022-03-01 13:26:00,7400,7400,7425,7400,0
2022-03-01 13:27:00,7400,7400,7425,7400,0
2022-03-01 13:28:00,7400,7400,7425,7400,0
2022-03-01 13:29:00,7400,7400,7425,7400,0
2022-03-01 13:30:00,7425,7400,7425,7425,34200
2022-03-01 13:31:00,7400,7325,7400,7325,400600
2022-03-01 13:32:00,7325,7300,7350,7325,75900
2022-03-01 13:33:00,7325,7300,7325,7325,14700
2022-03-01 13:34:00,7325,7300,7350,7325,11600
2022-03-01 13:35:00,7325,7300,7350,7325,0
2022-03-01 13:36:00,7350,7350,7350,7350,100
2022-03-01 13:37:00,7325,7300,7325,7300,40500
2022-03-01 13:38:00,7325,7300,7325,7325,13800
2022-03-01 13:39:00,7325,7300,7325,7325,5100
2022-03-01 13:40:00,7300,7300,7325,7325,7100
2022-03-01 13:41:00,7325,7300,7325,7325,17800
2022-03-01 13:42:00,7300,7300,7325,7300,2900
2022-03-01 13:43:00,7325,7325,7325,7325,6000
2022-03-01 13:44:00,7325,7300,7325,7300,2500
2022-03-01 13:45:00,7300,7300,7325,7325,11100
2022-03-01 13:46:00,7300,7300,7325,7300,5200
2022-03-01 13:47:00,7300,7300,7325,7325,24300
2022-03-01 13:48:00,7325,7300,7325,7300,45300
2022-03-01 13:49:00,7300,7300,7300,7300,34700
2022-03-01 13:50:00,7300,7300,7300,7300,2700
2022-03-01 13:51:00,7325,7300,7325,7300,11700
2022-03-01 13:52:00,7300,7300,7325,7325,21200
2022-03-01 13:53:00,7325,7325,7325,7325,1400
2022-03-01 13:54:00,7325,7325,7325,7325,3800
2022-03-01 13:55:00,7325,7325,7350,7325,3800
2022-03-01 13:56:00,7325,7300,7325,7325,34300
2022-03-01 13:57:00,7325,7325,7325,7325,2000
2022-03-01 13:58:00,7325,7325,7325,7325,0
2022-03-01 13:59:00,7300,7300,7325,7300,126400
2022-03-01 14:00:00,7325,7275,7325,7275,54500
2022-03-01 14:01:00,7300,7275,7300,7275,30300
2022-03-01 14:02:00,7275,7275,7275,7275,26100
2022-03-01 14:03:00,7275,7275,7275,7275,1200
2022-03-01 14:04:00,7275,7275,7275,7275,44200
2022-03-01 14:05:00,7275,7250,7275,7250,29800
2022-03-01 14:06:00,7250,7250,7275,7275,4600
2022-03-01 14:07:00,7275,7250,7275,7275,3500
2022-03-01 14:08:00,7275,7250,7275,7250,20300
2022-03-01 14:09:00,7275,7250,7275,7250,1200
2022-03-01 14:10:00,7250,7250,7275,7250,7000
2022-03-01 14:11:00,7250,7250,7275,7275,2600
2022-03-01 14:12:00,7275,7250,7300,7300,19700
2022-03-01 14:13:00,7300,7300,7300,7300,1300
2022-03-01 14:14:00,7300,7300,7300,7300,400
2022-03-01 14:15:00,7300,7275,7300,7275,5500
2022-03-01 14:16:00,7275,7275,7275,7275,1900
2022-03-01 14:17:00,7300,7300,7300,7300,16300
2022-03-01 14:18:00,7300,7300,7300,7300,0
2022-03-01 14:19:00,7325,7300,7325,7300,4400
2022-03-01 14:20:00,7300,7275,7300,7275,35100
2022-03-01 14:21:00,7275,7275,7300,7275,6100
2022-03-01 14:22:00,7275,7250,7275,7250,53100
2022-03-01 14:23:00,7275,7250,7275,7275,15700
2022-03-01 14:24:00,7250,7250,7275,7250,700
2022-03-01 14:25:00,7250,7250,7275,7250,8400
2022-03-01 14:26:00,7250,7250,7275,7275,11400
2022-03-01 14:27:00,7250,7250,7275,7275,0
2022-03-01 14:28:00,7300,7300,7300,7300,4300
2022-03-01 14:29:00,7300,7250,7300,7250,74400
2022-03-01 14:30:00,7275,7275,7275,7275,2300
2022-03-01 14:31:00,7275,7250,7275,7275,1800
2022-03-01 14:32:00,7275,7275,7275,7275,2900
2022-03-01 14:33:00,7275,7275,7275,7275,8000
2022-03-01 14:34:00,7275,7275,7275,7275,800
2022-03-01 14:35:00,7250,7250,7275,7275,2100
2022-03-01 14:36:00,7275,7250,7275,7275,5100
2022-03-01 14:37:00,7275,7275,7275,7275,5300
2022-03-01 14:38:00,7275,7250,7275,7275,15300
2022-03-01 14:39:00,7275,7275,7275,7275,20000
2022-03-01 14:40:00,7300,7275,7300,7300,4000
2022-03-01 14:41:00,7300,7275,7300,7275,17600
2022-03-01 14:42:00,7275,7275,7275,7275,20800
2022-03-01 14:43:00,7275,7275,7275,7275,300
2022-03-01 14:44:00,7300,7275,7300,7275,20000
2022-03-01 14:45:00,7275,7275,7300,7300,300
2022-03-01 14:46:00,7300,7250,7300,7250,71600
2022-03-01 14:47:00,7275,7275,7275,7275,1500
2022-03-01 14:48:00,7250,7250,7250,7250,3800
2022-03-01 14:49:00,7275,7250,7275,7275,125200
2022-03-01 14:50:00,7275,7250,7275,7275,0
2022-03-01 14:51:00,7275,7250,7275,7275,0
2022-03-01 14:52:00,7275,7250,7275,7275,0
2022-03-01 14:53:00,7275,7250,7275,7275,0
2022-03-01 14:54:00,7275,7250,7275,7275,0
2022-03-01 14:55:00,7275,7250,7275,7275,0
2022-03-01 14:56:00,7275,7250,7275,7275,0
2022-03-01 14:57:00,7275,7250,7275,7275,0
2022-03-01 14:58:00,7275,7250,7275,7275,0
2022-03-01 14:59:00,7275,7250,7275,7275,0
2022-03-01 15:00:00,7275,7275,7275,7275,72100
2022-03-01 15:01:00,7275,7275,7275,7275,6700
2022-03-01 15:02:00,7275,7275,7275,7275,10000
2022-03-01 15:03:00,7275,7275,7275,7275,4600
2022-03-01 15:04:00,7275,7275,7275,7275,14400
2022-03-01 15:05:00,7275,7275,7275,7275,43100
2022-03-01 15:06:00,7275,7275,7275,7275,3400
2022-03-01 15:07:00,7275,7275,7275,7275,0
2022-03-01 15:08:00,7275,7275,7275,7275,200
2022-03-01 15:09:00,7275,7275,7275,7275,20000
2022-03-01 15:10:00,7275,7275,7275,7275,0
2022-03-01 15:11:00,7275,7275,7275,7275,200
2022-03-01 15:12:00,7275,7275,7275,7275,0
2022-03-01 15:13:00,7275,7275,7275,7275,6800
2022-03-01 15:14:00,7275,7275,7275,7275,900
2022-03-01 15:15:00,7275,7275,7275,7275,0
2022-03-01 15:16:00,7275,7275,7275,7275,0
2022-03-01 15:17:00,7275,7275,7275,7275,0
2022-03-01 15:18:00,7275,7275,7275,7275,0
2022-03-01 15:19:00,7275,7275,7275,7275,0
2022-03-01 15:20:00,7275,7275,7275,7275,0
2022-03-01 15:21:00,7275,7275,7275,7275,0
2022-03-01 15:22:00,7275,7275,7275,7275,0
2022-03-01 15:23:00,7275,7275,7275,7275,0
2022-03-01 15:24:00,7275,7275,7275,7275,0
2022-03-01 15:25:00,7275,7275,7275,7275,0
2022-03-01 15:26:00,7275,7275,7275,7275,0
2022-03-01 15:27:00,7275,7275,7275,7275,0
2022-03-01 15:28:00,7275,7275,7275,7275,0
2022-03-01 15:29:00,7275,7275,7275,7275,0
2022-03-01 15:30:00,7275,7275,7275,7275,0
2022-03-01 15:31:00,7275,7275,7275,7275,0
2022-03-01 15:32:00,7275,7275,7275,7275,0
2022-03-01 15:33:00,7275,7275,7275,7275,0
2022-03-01 15:34:00,7275,7275,7275,7275,0
2022-03-01 15:35:00,7275,7275,7275,7275,0
2022-03-01 15:36:00,7275,7275,7275,7275,0
2022-03-01 15:37:00,7275,7275,7275,7275,0
2022-03-01 15:38:00,7275,7275,7275,7275,0
2022-03-01 15:39:00,7275,7275,7275,7275,0
2022-03-01 15:40:00,7275,7275,7275,7275,0
2022-03-01 15:41:00,7275,7275,7275,7275,0
2022-03-01 15:42:00,7275,7275,7275,7275,0
2022-03-01 15:43:00,7275,7275,7275,7275,0
2022-03-01 15:44:00,7275,7275,7275,7275,0
2022-03-01 15:45:00,7275,7275,7275,7275,0
2022-03-01 15:46:00,7275,7275,7275,7275,0
2022-03-01 15:47:00,7275,7275,7275,7275,0
2022-03-01 15:48:00,7275,7275,7275,7275,0
2022-03-01 15:49:00,7275,7275,7275,7275,0
2022-03-01 15:50:00,7275,7275,7275,7275,0
2022-03-01 15:51:00,7275,7275,7275,7275,0
2022-03-01 15:52:00,7275,7275,7275,7275,0
2022-03-01 15:53:00,7275,7275,7275,7275,0
2022-03-01 15:54:00,7275,7275,7275,7275,0
2022-03-01 15:55:00,7275,7275,7275,7275,0
2022-03-01 15:56:00,7275,7275,7275,7275,0
2022-03-01 15:57:00,7275,7275,7275,7275,0
2022-03-01 15:58:00,7275,7275,7275,7275,0
2022-03-01 15:59:00,7275,7275,7275,7275,0
2022-03-02 09:00:00,7275,7275,7275,7275,1100
2022-03-02 09:01:00,7275,7250,7275,7250,1700
2022-03-02 09:02:00,7250,7250,7275,7250,6300
2022-03-02 09:03:00,7250,7250,7275,7250,3800
2022-03-02 09:04:00,7275,7275,7325,7325,52800
2022-03-02 09:05:00,7325,7300,7325,7300,25500
2022-03-02 09:06:00,7300,7275,7300,7275,12200
2022-03-02 09:07:00,7250,7250,7275,7275,1500
2022-03-02 09:08:00,7300,7275,7300,7275,1100
2022-03-02 09:09:00,7300,7275,7300,7275,11600
2022-03-02 09:10:00,7275,7275,7275,7275,6200
2022-03-02 09:11:00,7275,7275,7275,7275,17200
2022-03-02 09:12:00,7275,7275,7275,7275,600
2022-03-02 09:13:00,7275,7275,7275,7275,900
2022-03-02 09:14:00,7275,7275,7275,7275,0
2022-03-02 09:15:00,7275,7275,7275,7275,15500
2022-03-02 09:16:00,7275,7275,7275,7275,11600
2022-03-02 09:17:00,7275,7275,7275,7275,9800
2022-03-02 09:18:00,7275,7275,7275,7275,1900
2022-03-02 09:19:00,7275,7275,7275,7275,200
2022-03-02 09:20:00,7250,7250,7250,7250,35000
2022-03-02 09:21:00,7250,7225,7250,7225,14700
2022-03-02 09:22:00,7225,7225,7250,7250,6100
2022-03-02 09:23:00,7250,7250,7250,7250,100
2022-03-02 09:24:00,7250,7225,7250,7250,600
2022-03-02 09:25:00,7250,7225,7250,7225,1700
2022-03-02 09:26:00,7250,7225,7250,7225,1300
2022-03-02 09:27:00,7225,7225,7250,7250,3700
2022-03-02 09:28:00,7225,7225,7250,7250,0
2022-03-02 09:29:00,7250,7250,7250,7250,5900
2022-03-02 09:30:00,7250,7250,7275,7250,7900
2022-03-02 09:31:00,7250,7250,7250,7250,4800
2022-03-02 09:32:00,7250,7250,7250,7250,10000
2022-03-02 09:33:00,7250,7225,7250,7250,5100
2022-03-02 09:34:00,7250,7250,7250,7250,300
2022-03-02 09:35:00,7250,7250,7250,7250,0
2022-03-02 09:36:00,7250,7250,7250,7250,900
2022-03-02 09:37:00,7250,7250,7250,7250,2800
2022-03-02 09:38:00,7275,7275,7275,7275,100
2022-03-02 09:39:00,7250,7250,7250,7250,5900
2022-03-02 09:40:00,7250,7250,7250,7250,200
2022-03-02 09:41:00,7250,7250,7250,7250,1300
2022-03-02 09:42:00,7250,7250,7250,7250,0
2022-03-02 09:43:00,7250,7250,7250,7250,30300
2022-03-02 09:44:00,7250,7250,7275,7275,5400
2022-03-02 09:45:00,7250,7250,7250,7250,18900
2022-03-02 09:46:00,7275,7250,7275,7250,6500
2022-03-02 09:47:00,7250,7250,7250,7250,6600
2022-03-02 09:48:00,7275,7250,7275,7250,2800
2022-03-02 09:49:00,7275,7250,7275,7275,8900
2022-03-02 09:50:00,7275,7275,7275,7275,500
2022-03-02 09:51:00,7275,7275,7275,7275,500
2022-03-02 09:52:00,7275,7275,7275,7275,11300
2022-03-02 09:53:00,7275,7275,7275,7275,0
2022-03-02 09:54:00,7275,7250,7275,7275,22600
2022-03-02 09:55:00,7250,7225,7250,7225,20800
2022-03-02 09:56:00,7225,7225,7225,7225,11200
2022-03-02 09:57:00,7225,7225,7225,7225,8300
2022-03-02 09:58:00,7225,7225,7225,7225,100
2022-03-02 09:59:00,7225,7225,7225,7225,300
2022-03-02 10:00:00,7250,7250,7250,7250,700
2022-03-02 10:01:00,7250,7225,7250,7225,3700
2022-03-02 10:02:00,7225,7225,7225,7225,300
2022-03-02 10:03:00,7225,7200,7225,7225,148400
2022-03-02 10:04:00,7200,7200,7225,7200,74000
2022-03-02 10:05:00,7200,7200,7225,7225,10300
2022-03-02 10:06:00,7200,7200,7200,7200,5200
2022-03-02 10:07:00,7200,7200,7200,7200,37800
2022-03-02 10:08:00,7200,7200,7200,7200,2500
2022-03-02 10:09:00,7200,7200,7200,7200,1500
2022-03-02 10:10:00,7200,7200,7200,7200,3000
2022-03-02 10:11:00,7200,7200,7200,7200,0
2022-03-02 10:12:00,7200,7200,7200,7200,3900
2022-03-02 10:13:00,7225,7225,7225,7225,3500
2022-03-02 10:14:00,7225,7225,7225,7225,0
2022-03-02 10:15:00,7225,7150,7225,7175,58000
2022-03-02 10:16:00,7175,7175,7175,7175,10900
2022-03-02 10:17:00,7175,7175,7175,7175,600
2022-03-02 10:18:00,7175,7175,7175,7175,1100
2022-03-02 10:19:00,7200,7200,7225,7225,13100
2022-03-02 10:20:00,7200,7200,7200,7200,1000
2022-03-02 10:21:00,7200,7200,7200,7200,0
2022-03-02 10:22:00,7200,7200,7200,7200,0
2022-03-02 10:23:00,7200,7200,7200,7200,0
2022-03-02 10:24:00,7200,7200,7200,7200,500
2022-03-02 10:25:00,7200,7200,7200,7200,200
2022-03-02 10:26:00,7200,7200,7200,7200,5000
2022-03-02 10:27:00,7200,7200,7200,7200,0
2022-03-02 10:28:00,7200,7200,7200,7200,100
2022-03-02 10:29:00,7200,7200,7200,7200,700
2022-03-02 10:30:00,7200,7200,7200,7200,0
2022-03-02 10:31:00,7200,7200,7200,7200,500
2022-03-02 10:32:00,7200,7200,7200,7200,2400
2022-03-02 10:33:00,7200,7200,7200,7200,0
2022-03-02 10:34:00,7225,7225,7225,7225,15000
2022-03-02 10:35:00,7225,7225,7225,7225,100
2022-03-02 10:36:00,7200,7175,7200,7175,26400
2022-03-02 10:37:00,7200,7200,7200,7200,5500
2022-03-02 10:38:00,7200,7175,7200,7200,2300
2022-03-02 10:39:00,7200,7175,7200,7200,0
2022-03-02 10:40:00,7200,7200,7200,7200,5200
2022-03-02 10:41:00,7200,7175,7200,7200,3500
2022-03-02 10:42:00,7200,7200,7200,7200,300
2022-03-02 10:43:00,7200,7200,7200,7200,0
2022-03-02 10:44:00,7200,7200,7200,7200,0
2022-03-02 10:45:00,7200,7200,7200,7200,100
2022-03-02 10:46:00,7200,7200,7200,7200,13200
2022-03-02 10:47:00,7200,7200,7200,7200,200
2022-03-02 10:48:00,7175,7175,7175,7175,200
2022-03-02 10:49:00,7175,7175,7200,7200,1400
2022-03-02 10:50:00,7175,7175,7200,7200,0
2022-03-02 10:51:00,7175,7175,7175,7175,100
2022-03-02 10:52:00,7175,7175,7175,7175,0
2022-03-02 10:53:00,7200,7200,7200,7200,10000
2022-03-02 10:54:00,7200,7200,7200,7200,800
2022-03-02 10:55:00,7200,7200,7200,7200,100
2022-03-02 10:56:00,7200,7175,7200,7175,58900
2022-03-02 10:57:00,7175,7175,7175,7175,15300
2022-03-02 10:58:00,7175,7175,7175,7175,8800
2022-03-02 10:59:00,7175,7175,7175,7175,0
2022-03-02 11:00:00,7175,7175,7175,7175,200
2022-03-02 11:01:00,7175,7175,7175,7175,500
2022-03-02 11:02:00,7175,7175,7175,7175,0
2022-03-02 11:03:00,7150,7150,7150,7150,7600
2022-03-02 11:04:00,7150,7150,7150,7150,13400
2022-03-02 11:05:00,7175,7150,7175,7175,20000
2022-03-02 11:06:00,7175,7150,7175,7150,4600
2022-03-02 11:07:00,7150,7150,7150,7150,400
2022-03-02 11:08:00,7175,7175,7175,7175,3400
2022-03-02 11:09:00,7150,7150,7150,7150,5700
2022-03-02 11:10:00,7175,7150,7175,7150,6000
2022-03-02 11:11:00,7150,7150,7150,7150,1900
2022-03-02 11:12:00,7150,7150,7150,7150,800
2022-03-02 11:13:00,7150,7150,7175,7150,2300
2022-03-02 11:14:00,7150,7150,7175,7150,1100
2022-03-02 11:15:00,7150,7150,7150,7150,900
2022-03-02 11:16:00,7150,7150,7150,7150,1200
2022-03-02 11:17:00,7175,7150,7175,7175,3700
2022-03-02 11:18:00,7175,7175,7175,7175,400
2022-03-02 11:19:00,7175,7175,7175,7175,600
2022-03-02 11:20:00,7175,7175,7175,7175,200
2022-03-02 11:21:00,7150,7150,7150,7150,1400
2022-03-02 11:22:00,7150,7150,7175,7150,4300
2022-03-02 11:23:00,7150,7150,7150,7150,37600
2022-03-02 11:24:00,7150,7150,7150,7150,8500
2022-03-02 11:25:00,7150,7150,7150,7150,7100
2022-03-02 11:26:00,7150,7150,7150,7150,900
2022-03-02 11:27:00,7175,7150,7175,7175,400
2022-03-02 11:28:00,7175,7175,7175,7175,1000
2022-03-02 11:29:00,7175,7150,7175,7175,3300
2022-03-02 11:30:00,7175,7150,7175,7175,0
2022-03-02 11:31:00,7175,7150,7175,7175,0
2022-03-02 11:32:00,7175,7150,7175,7175,0
2022-03-02 11:33:00,7175,7150,7175,7175,0
2022-03-02 11:34:00,7175,7150,7175,7175,0
2022-03-02 11:35:00,7175,7150,7175,7175,0
2022-03-02 11:36:00,7175,7150,7175,7175,0
2022-03-02 11:37:00,7175,7150,7175,7175,0
2022-03-02 11:38:00,7175,7150,7175,7175,0
2022-03-02 11:39:00,7175,7150,7175,7175,0
2022-03-02 11:40:00,7175,7150,7175,7175,0
2022-03-02 11:41:00,7175,7150,7175,7175,0
2022-03-02 11:42:00,7175,7150,7175,7175,0
2022-03-02 11:43:00,7175,7150,7175,7175,0
2022-03-02 11:44:00,7175,7150,7175,7175,0
2022-03-02 11:45:00,7175,7150,7175,7175,0
2022-03-02 11:46:00,7175,7150,7175,7175,0
2022-03-02 11:47:00,7175,7150,7175,7175,0
2022-03-02 11:48:00,7175,7150,7175,7175,0
2022-03-02 11:49:00,7175,7150,7175,7175,0
2022-03-02 11:50:00,7175,7150,7175,7175,0
2022-03-02 11:51:00,7175,7150,7175,7175,0
2022-03-02 11:52:00,7175,7150,7175,7175,0
2022-03-02 11:53:00,7175,7150,7175,7175,0
2022-03-02 11:54:00,7175,7150,7175,7175,0
2022-03-02 11:55:00,7175,7150,7175,7175,0
2022-03-02 11:56:00,7175,7150,7175,7175,0
2022-03-02 11:57:00,7175,7150,7175,7175,0
2022-03-02 11:58:00,7175,7150,7175,7175,0
2022-03-02 11:59:00,7175,7150,7175,7175,0
2022-03-02 12:00:00,7175,7150,7175,7175,0
2022-03-02 12:01:00,7175,7150,7175,7175,0
2022-03-02 12:02:00,7175,7150,7175,7175,0
2022-03-02 12:03:00,7175,7150,7175,7175,0
2022-03-02 12:04:00,7175,7150,7175,7175,0
2022-03-02 12:05:00,7175,7150,7175,7175,0
2022-03-02 12:06:00,7175,7150,7175,7175,0
2022-03-02 12:07:00,7175,7150,7175,7175,0
2022-03-02 12:08:00,7175,7150,7175,7175,0
2022-03-02 12:09:00,7175,7150,7175,7175,0
2022-03-02 12:10:00,7175,7150,7175,7175,0
2022-03-02 12:11:00,7175,7150,7175,7175,0
2022-03-02 12:12:00,7175,7150,7175,7175,0
2022-03-02 12:13:00,7175,7150,7175,7175,0
2022-03-02 12:14:00,7175,7150,7175,7175,0
2022-03-02 12:15:00,7175,7150,7175,7175,0
2022-03-02 12:16:00,7175,7150,7175,7175,0
2022-03-02 12:17:00,7175,7150,7175,7175,0
2022-03-02 12:18:00,7175,7150,7175,7175,0
2022-03-02 12:19:00,7175,7150,7175,7175,0
2022-03-02 12:20:00,7175,7150,7175,7175,0
2022-03-02 12:21:00,7175,7150,7175,7175,0
2022-03-02 12:22:00,7175,7150,7175,7175,0
2022-03-02 12:23:00,7175,7150,7175,7175,0
2022-03-02 12:24:00,7175,7150,7175,7175,0
2022-03-02 12:25:00,7175,7150,7175,7175,0
2022-03-02 12:26:00,7175,7150,7175,7175,0
2022-03-02 12:27:00,7175,7150,7175,7175,0
2022-03-02 12:28:00,7175,7150,7175,7175,0
2022-03-02 12:29:00,7175,7150,7175,7175,0
2022-03-02 12:30:00,7175,7150,7175,7175,0
2022-03-02 12:31:00,7175,7150,7175,7175,0
2022-03-02 12:32:00,7175,7150,7175,7175,0
2022-03-02 12:33:00,7175,7150,7175,7175,0
2022-03-02 12:34:00,7175,7150,7175,7175,0
2022-03-02 12:35:00,7175,7150,7175,7175,0
2022-03-02 12:36:00,7175,7150,7175,7175,0
2022-03-02 12:37:00,7175,7150,7175,7175,0
2022-03-02 12:38:00,7175,7150,7175,7175,0
2022-03-02 12:39:00,7175,7150,7175,7175,0
2022-03-02 12:40:00,7175,7150,7175,7175,0
2022-03-02 12:41:00,7175,7150,7175,7175,0
2022-03-02 12:42:00,7175,7150,7175,7175,0
2022-03-02 12:43:00,7175,7150,7175,7175,0
2022-03-02 12:44:00,7175,7150,7175,7175,0
2022-03-02 12:45:00,7175,7150,7175,7175,0
2022-03-02 12:46:00,7175,7150,7175,7175,0
2022-03-02 12:47:00,7175,7150,7175,7175,0
2022-03-02 12:48:00,7175,7150,7175,7175,0
2022-03-02 12:49:00,7175,7150,7175,7175,0
2022-03-02 12:50:00,7175,7150,7175,7175,0
2022-03-02 12:51:00,7175,7150,7175,7175,0
2022-03-02 12:52:00,7175,7150,7175,7175,0
2022-03-02 12:53:00,7175,7150,7175,7175,0
2022-03-02 12:54:00,7175,7150,7175,7175,0
2022-03-02 12:55:00,7175,7150,7175,7175,0
2022-03-02 12:56:00,7175,7150,7175,7175,0
2022-03-02 12:57:00,7175,7150,7175,7175,0
2022-03-02 12:58:00,7175,7150,7175,7175,0
2022-03-02 12:59:00,7175,7150,7175,7175,0
2022-03-02 13:00:00,7175,7150,7175,7175,0
2022-03-02 13:01:00,7175,7150,7175,7175,0
2022-03-02 13:02:00,7175,7150,7175,7175,0
2022-03-02 13:03:00,7175,7150,7175,7175,0
2022-03-02 13:04:00,7175,7150,7175,7175,0
2022-03-02 13:05:00,7175,7150,7175,7175,0
2022-03-02 13:06:00,7175,7150,7175,7175,0
2022-03-02 13:07:00,7175,7150,7175,7175,0
2022-03-02 13:08:00,7175,7150,7175,7175,0
2022-03-02 13:09:00,7175,7150,7175,7175,0
2022-03-02 13:10:00,7175,7150,7175,7175,0
2022-03-02 13:11:00,7175,7150,7175,7175,0
2022-03-02 13:12:00,7175,7150,7175,7175,0
2022-03-02 13:13:00,7175,7150,7175,7175,0
2022-03-02 13:14:00,7175,7150,7175,7175,0
2022-03-02 13:15:00,7175,7150,7175,7175,0
2022-03-02 13:16:00,7175,7150,7175,7175,0
2022-03-02 13:17:00,7175,7150,7175,7175,0
2022-03-02 13:18:00,7175,7150,7175,7175,0
2022-03-02 13:19:00,7175,7150,7175,7175,0
2022-03-02 13:20:00,7175,7150,7175,7175,0
2022-03-02 13:21:00,7175,7150,7175,7175,0
2022-03-02 13:22:00,7175,7150,7175,7175,0
2022-03-02 13:23:00,7175,7150,7175,7175,0
2022-03-02 13:24:00,7175,7150,7175,7175,0
2022-03-02 13:25:00,7175,7150,7175,7175,0
2022-03-02 13:26:00,7175,7150,7175,7175,0
2022-03-02 13:27:00,7175,7150,7175,7175,0
2022-03-02 13:28:00,7175,7150,7175,7175,0
2022-03-02 13:29:00,7175,7150,7175,7175,0
2022-03-02 13:30:00,7150,7150,7175,7175,23500
2022-03-02 13:31:00,7150,7150,7175,7175,0
2022-03-02 13:32:00,7150,7150,7175,7175,0
2022-03-02 13:33:00,7175,7175,7175,7175,1700
2022-03-02 13:34:00,7150,7150,7175,7175,2100
2022-03-02 13:35:00,7175,7150,7175,7150,700
2022-03-02 13:36:00,7175,7150,7175,7175,2900
2022-03-02 13:37:00,7175,7175,7175,7175,1600
2022-03-02 13:38:00,7175,7150,7175,7175,4500
2022-03-02 13:39:00,7175,7175,7175,7175,1200
2022-03-02 13:40:00,7175,7150,7175,7175,15400
2022-03-02 13:41:00,7150,7125,7175,7125,191500
2022-03-02 13:42:00,7125,7125,7150,7125,28500
2022-03-02 13:43:00,7125,7125,7150,7125,5600
2022-03-02 13:44:00,7125,7125,7150,7150,4100
2022-03-02 13:45:00,7150,7150,7150,7150,500
2022-03-02 13:46:00,7150,7150,7150,7150,1300
2022-03-02 13:47:00,7125,7125,7150,7150,900
2022-03-02 13:48:00,7125,7125,7150,7125,2500
2022-03-02 13:49:00,7125,7125,7150,7125,4400
2022-03-02 13:50:00,7125,7125,7150,7125,7800
2022-03-02 13:51:00,7125,7125,7150,7150,7900
2022-03-02 13:52:00,7125,7125,7150,7150,4200
2022-03-02 13:53:00,7150,7150,7150,7150,2200
2022-03-02 13:54:00,7150,7125,7150,7150,900
2022-03-02 13:55:00,7125,7125,7125,7125,167900
2022-03-02 13:56:00,7125,7125,7125,7125,10900
2022-03-02 13:57:00,7100,7100,7100,7100,24000
2022-03-02 13:58:00,7100,7100,7100,7100,57100
2022-03-02 13:59:00,7100,7100,7100,7100,5700
2022-03-02 14:00:00,7100,7100,7125,7125,1200
2022-03-02 14:01:00,7125,7100,7125,7125,6700
2022-03-02 14:02:00,7100,7075,7100,7075,314300
2022-03-02 14:03:00,7075,7075,7075,7075,7300
2022-03-02 14:04:00,7075,7075,7100,7075,75900
2022-03-02 14:05:00,7075,7075,7075,7075,28700
2022-03-02 14:06:00,7075,7075,7075,7075,3800
2022-03-02 14:07:00,7075,7075,7100,7100,4000
2022-03-02 14:08:00,7075,7075,7100,7075,3400
2022-03-02 14:09:00,7075,7075,7100,7075,0
2022-03-02 14:10:00,7075,7075,7075,7075,13600
2022-03-02 14:11:00,7075,7075,7075,7075,34500
2022-03-02 14:12:00,7075,7075,7075,7075,800
2022-03-02 14:13:00,7100,7075,7100,7075,5900
2022-03-02 14:14:00,7075,7075,7100,7075,12000
2022-03-02 14:15:00,7100,7075,7100,7075,1500
2022-03-02 14:16:00,7100,7075,7100,7075,15400
2022-03-02 14:17:00,7100,7075,7100,7100,400
2022-03-02 14:18:00,7100,7075,7100,7100,3100
2022-03-02 14:19:00,7100,7075,7100,7075,1500
2022-03-02 14:20:00,7075,7075,7075,7075,500
2022-03-02 14:21:00,7075,7075,7100,7075,13500
2022-03-02 14:22:00,7075,7075,7075,7075,41600
2022-03-02 14:23:00,7075,7075,7075,7075,1200
2022-03-02 14:24:00,7100,7100,7100,7100,1300
2022-03-02 14:25:00,7100,7075,7100,7075,13100
2022-03-02 14:26:00,7100,7075,7100,7075,39700
2022-03-02 14:27:00,7075,7075,7100,7075,14300
2022-03-02 14:28:00,7075,7075,7100,7075,150100
2022-03-02 14:29:00,7075,7075,7100,7075,27700
2022-03-02 14:30:00,7075,7075,7075,7075,1900
2022-03-02 14:31:00,7075,7050,7075,7050,115900
2022-03-02 14:32:00,7075,7050,7075,7050,5600
2022-03-02 14:33:00,7050,7050,7050,7050,1000
2022-03-02 14:34:00,7050,7050,7075,7050,9900
2022-03-02 14:35:00,7075,7050,7075,7075,11300
2022-03-02 14:36:00,7075,7050,7075,7050,4800
2022-03-02 14:37:00,7050,7050,7075,7075,3000
2022-03-02 14:38:00,7050,7050,7075,7050,35000
2022-03-02 14:39:00,7075,7050,7075,7050,36400
2022-03-02 14:40:00,7075,7050,7075,7050,13800
2022-03-02 14:41:00,7075,7050,7075,7075,30600
2022-03-02 14:42:00,7075,7050,7075,7050,119100
2022-03-02 14:43:00,7050,7050,7075,7050,22900
2022-03-02 14:44:00,7050,7050,7075,7050,3000
2022-03-02 14:45:00,7050,7050,7075,7075,4400
2022-03-02 14:46:00,7050,7050,7075,7050,16000
2022-03-02 14:47:00,7075,7050,7075,7050,168300
2022-03-02 14:48:00,7075,7025,7075,7050,167000
2022-03-02 14:49:00,7050,7025,7050,7050,93400
2022-03-02 14:50:00,7050,7025,7050,7050,0
2022-03-02 14:51:00,7050,7025,7050,7050,0
2022-03-02 14:52:00,7050,7025,7050,7050,0
2022-03-02 14:53:00,7050,7025,7050,7050,0
2022-03-02 14:54:00,7050,7025,7050,7050,0
2022-03-02 14:55:00,7050,7025,7050,7050,0
2022-03-02 14:56:00,7050,7025,7050,7050,0
2022-03-02 14:57:00,7050,7025,7050,7050,0
2022-03-02 14:58:00,7050,7025,7050,7050,0
2022-03-02 14:59:00,7050,7025,7050,7050,0
2022-03-02 15:00:00,7050,7050,7050,7050,127400
2022-03-02 15:01:00,7050,7050,7050,7050,28000
2022-03-02 15:02:00,7050,7050,7050,7050,0
2022-03-02 15:03:00,7050,7050,7050,7050,300
2022-03-02 15:04:00,7050,7050,7050,7050,3000
2022-03-02 15:05:00,7050,7050,7050,7050,0
2022-03-02 15:06:00,7050,7050,7050,7050,0
2022-03-02 15:07:00,7050,7050,7050,7050,2100
2022-03-02 15:08:00,7050,7050,7050,7050,2000
2022-03-02 15:09:00,7050,7050,7050,7050,50300
2022-03-02 15:10:00,7050,7050,7050,7050,1500
2022-03-02 15:11:00,7050,7050,7050,7050,48000
2022-03-02 15:12:00,7050,7050,7050,7050,0
2022-03-02 15:13:00,7050,7050,7050,7050,100
2022-03-02 15:14:00,7050,7050,7050,7050,0
2022-03-02 15:15:00,7050,7050,7050,7050,0
2022-03-02 15:16:00,7050,7050,7050,7050,0
2022-03-02 15:17:00,7050,7050,7050,7050,0
2022-03-02 15:18:00,7050,7050,7050,7050,0
2022-03-02 15:19:00,7050,7050,7050,7050,0
2022-03-02 15:20:00,7050,7050,7050,7050,0
2022-03-02 15:21:00,7050,7050,7050,7050,0
2022-03-02 15:22:00,7050,7050,7050,7050,0
2022-03-02 15:23:00,7050,7050,7050,7050,0
2022-03-02 15:24:00,7050,7050,7050,7050,0
2022-03-02 15:25:00,7050,7050,7050,7050,0
2022-03-02 15:26:00,7050,7050,7050,7050,0
2022-03-02 15:27:00,7050,7050,7050,7050,0
2022-03-02 15:28:00,7050,7050,7050,7050,0
2022-03-02 15:29:00,7050,7050,7050,7050,0
2022-03-02 15:30:00,7050,7050,7050,7050,0
2022-03-02 15:31:00,7050,7050,7050,7050,0
2022-03-02 15:32:00,7050,7050,7050,7050,0
2022-03-02 15:33:00,7050,7050,7050,7050,0
2022-03-02 15:34:00,7050,7050,7050,7050,0
2022-03-02 15:35:00,7050,7050,7050,7050,0
2022-03-02 15:36:00,7050,7050,7050,7050,0
2022-03-02 15:37:00,7050,7050,7050,7050,0
2022-03-02 15:38:00,7050,7050,7050,7050,0
2022-03-02 15:39:00,7050,7050,7050,7050,0
2022-03-02 15:40:00,7050,7050,7050,7050,0
2022-03-02 15:41:00,7050,7050,7050,7050,0
2022-03-02 15:42:00,7050,7050,7050,7050,0
2022-03-02 15:43:00,7050,7050,7050,7050,0
2022-03-02 15:44:00,7050,7050,7050,7050,0
2022-03-02 15:45:00,7050,7050,7050,7050,0
2022-03-02 15:46:00,7050,7050,7050,7050,0
2022-03-02 15:47:00,7050,7050,7050,7050,0
2022-03-02 15:48:00,7050,7050,7050,7050,0
2022-03-02 15:49:00,7050,7050,7050,7050,0
2022-03-02 15:50:00,7050,7050,7050,7050,0
2022-03-02 15:51:00,7050,7050,7050,7050,0
2022-03-02 15:52:00,7050,7050,7050,7050,0
2022-03-02 15:53:00,7050,7050,7050,7050,0
2022-03-02 15:54:00,7050,7050,7050,7050,0
2022-03-02 15:55:00,7050,7050,7050,7050,0
2022-03-02 15:56:00,7050,7050,7050,7050,0
2022-03-02 15:57:00,7050,7050,7050,7050,0
2022-03-02 15:58:00,7050,7050,7050,7050,0
2022-03-02 15:59:00,7050,7050,7050,7050,0
2022-03-03 09:00:00,7050,7050,7050,7050,0
2022-03-03 09:01:00,7050,7050,7050,7050,0
2022-03-03 09:02:00,7050,7050,7050,7050,0
2022-03-03 09:03:00,7050,7050,7050,7050,0
2022-03-03 09:04:00,7050,7050,7050,7050,0
2022-03-03 09:05:00,7050,7050,7050,7050,0
2022-03-03 09:06:00,7050,7050,7050,7050,0
2022-03-03 09:07:00,7050,7050,7050,7050,0
2022-03-03 09:08:00,7050,7050,7050,7050,0
2022-03-03 09:09:00,7050,7050,7050,7050,0
2022-03-03 09:10:00,7050,7050,7050,7050,0
2022-03-03 09:11:00,7050,7050,7050,7050,0
2022-03-03 09:12:00,7050,7050,7050,7050,0
2022-03-03 09:13:00,7050,7050,7050,7050,0
2022-03-03 09:14:00,7050,7050,7050,7050,0
2022-03-03 09:15:00,7050,7050,7050,7050,0
2022-03-03 09:16:00,7050,7050,7050,7050,0
2022-03-03 09:17:00,7050,7050,7050,7050,0
2022-03-03 09:18:00,7050,7050,7050,7050,0
2022-03-03 09:19:00,7050,7050,7050,7050,0
2022-03-03 09:20:00,7050,7050,7050,7050,0
2022-03-03 09:21:00,7050,7050,7050,7050,0
2022-03-03 09:22:00,7050,7050,7050,7050,0
2022-03-03 09:23:00,7050,7050,7050,7050,0
2022-03-03 09:24:00,7050,7050,7050,7050,0
2022-03-03 09:25:00,7050,7050,7050,7050,0
2022-03-03 09:26:00,7050,7050,7050,7050,0
2022-03-03 09:27:00,7050,7050,7050,7050,0
2022-03-03 09:28:00,7050,7050,7050,7050,0
2022-03-03 09:29:00,7050,7050,7050,7050,0
2022-03-03 09:30:00,7050,7050,7050,7050,0
2022-03-03 09:31:00,7050,7050,7050,7050,0
2022-03-03 09:32:00,7050,7050,7050,7050,0
2022-03-03 09:33:00,7050,7050,7050,7050,0
2022-03-03 09:34:00,7050,7050,7050,7050,0
2022-03-03 09:35:00,7050,7050,7050,7050,0
2022-03-03 09:36:00,7050,7050,7050,7050,0
2022-03-03 09:37:00,7050,7050,7050,7050,0
2022-03-03 09:38:00,7050,7050,7050,7050,0
2022-03-03 09:39:00,7050,7050,7050,7050,0
2022-03-03 09:40:00,7050,7050,7050,7050,0
2022-03-03 09:41:00,7050,7050,7050,7050,0
2022-03-03 09:42:00,7050,7050,7050,7050,0
2022-03-03 09:43:00,7050,7050,7050,7050,0
2022-03-03 09:44:00,7050,7050,7050,7050,0
2022-03-03 09:45:00,7050,7050,7050,7050,0
2022-03-03 09:46:00,7050,7050,7050,7050,0
2022-03-03 09:47:00,7050,7050,7050,7050,0
2022-03-03 09:48:00,7050,7050,7050,7050,0
2022-03-03 09:49:00,7050,7050,7050,7050,0
2022-03-03 09:50:00,7050,7050,7050,7050,0
2022-03-03 09:51:00,7050,7050,7050,7050,0
2022-03-03 09:52:00,7050,7050,7050,7050,0
2022-03-03 09:53:00,7050,7050,7050,7050,0
2022-03-03 09:54:00,7050,7050,7050,7050,0
2022-03-03 09:55:00,7050,7050,7050,7050,0
2022-03-03 09:56:00,7050,7050,7050,7050,0
2022-03-03 09:57:00,7050,7050,7050,7050,0
2022-03-03 09:58:00,7050,7050,7050,7050,0
2022-03-03 09:59:00,7050,7050,7050,7050,0
2022-03-03 10:00:00,7050,7050,7050,7050,0
2022-03-03 10:01:00,7050,7050,7050,7050,0
2022-03-03 10:02:00,7050,7050,7050,7050,0
2022-03-03 10:03:00,7050,7050,7050,7050,0
2022-03-03 10:04:00,7050,7050,7050,7050,0
2022-03-03 10:05:00,7050,7050,7050,7050,0
2022-03-03 10:06:00,7050,7050,7050,7050,0
2022-03-03 10:07:00,7050,7050,7050,7050,0
2022-03-03 10:08:00,7050,7050,7050,7050,0
2022-03-03 10:09:00,7050,7050,7050,7050,0
2022-03-03 10:10:00,7050,7050,7050,7050,0
2022-03-03 10:11:00,7050,7050,7050,7050,0
2022-03-03 10:12:00,7050,7050,7050,7050,0
2022-03-03 10:13:00,7050,7050,7050,7050,0
2022-03-03 10:14:00,7050,7050,7050,7050,0
2022-03-03 10:15:00,7050,7050,7050,7050,0
2022-03-03 10:16:00,7050,7050,7050,7050,0
2022-03-03 10:17:00,7050,7050,7050,7050,0
2022-03-03 10:18:00,7050,7050,7050,7050,0
2022-03-03 10:19:00,7050,7050,7050,7050,0
2022-03-03 10:20:00,7050,7050,7050,7050,0
2022-03-03 10:21:00,7050,7050,7050,7050,0
2022-03-03 10:22:00,7050,7050,7050,7050,0
2022-03-03 10:23:00,7050,7050,7050,7050,0
2022-03-03 10:24:00,7050,7050,7050,7050,0
2022-03-03 10:25:00,7050,7050,7050,7050,0
2022-03-03 10:26:00,7050,7050,7050,7050,0
2022-03-03 10:27:00,7050,7050,7050,7050,0
2022-03-03 10:28:00,7050,7050,7050,7050,0
2022-03-03 10:29:00,7050,7050,7050,7050,0
2022-03-03 10:30:00,7050,7050,7050,7050,0
2022-03-03 10:31:00,7050,7050,7050,7050,0
2022-03-03 10:32:00,7050,7050,7050,7050,0
2022-03-03 10:33:00,7050,7050,7050,7050,0
2022-03-03 10:34:00,7050,7050,7050,7050,0
2022-03-03 10:35:00,7050,7050,7050,7050,0
2022-03-03 10:36:00,7050,7050,7050,7050,0
2022-03-03 10:37:00,7050,7050,7050,7050,0
2022-03-03 10:38:00,7050,7050,7050,7050,0
2022-03-03 10:39:00,7050,7050,7050,7050,0
2022-03-03 10:40:00,7050,7050,7050,7050,0
2022-03-03 10:41:00,7050,7050,7050,7050,0
2022-03-03 10:42:00,7050,7050,7050,7050,0
2022-03-03 10:43:00,7050,7050,7050,7050,0
2022-03-03 10:44:00,7050,7050,7050,7050,0
2022-03-03 10:45:00,7050,7050,7050,7050,0
2022-03-03 10:46:00,7050,7050,7050,7050,0
2022-03-03 10:47:00,7050,7050,7050,7050,0
2022-03-03 10:48:00,7050,7050,7050,7050,0
2022-03-03 10:49:00,7050,7050,7050,7050,0
2022-03-03 10:50:00,7050,7050,7050,7050,0
2022-03-03 10:51:00,7050,7050,7050,7050,0
2022-03-03 10:52:00,7050,7050,7050,7050,0
2022-03-03 10:53:00,7050,7050,7050,7050,0
2022-03-03 10:54:00,7050,7050,7050,7050,0
2022-03-03 10:55:00,7050,7050,7050,7050,0
2022-03-03 10:56:00,7050,7050,7050,7050,0
2022-03-03 10:57:00,7050,7050,7050,7050,0
2022-03-03 10:58:00,7050,7050,7050,7050,0
2022-03-03 10:59:00,7050,7050,7050,7050,0
2022-03-03 11:00:00,7050,7050,7050,7050,0
2022-03-03 11:01:00,7050,7050,7050,7050,0
2022-03-03 11:02:00,7050,7050,7050,7050,0
2022-03-03 11:03:00,7050,7050,7050,7050,0
2022-03-03 11:04:00,7050,7050,7050,7050,0
2022-03-03 11:05:00,7050,7050,7050,7050,0
2022-03-03 11:06:00,7050,7050,7050,7050,0
2022-03-03 11:07:00,7050,7050,7050,7050,0
2022-03-03 11:08:00,7050,7050,7050,7050,0
2022-03-03 11:09:00,7050,7050,7050,7050,0
2022-03-03 11:10:00,7050,7050,7050,7050,0
2022-03-03 11:11:00,7050,7050,7050,7050,0
2022-03-03 11:12:00,7050,7050,7050,7050,0
2022-03-03 11:13:00,7050,7050,7050,7050,0
2022-03-03 11:14:00,7050,7050,7050,7050,0
2022-03-03 11:15:00,7050,7050,7050,7050,0
2022-03-03 11:16:00,7050,7050,7050,7050,0
2022-03-03 11:17:00,7050,7050,7050,7050,0
2022-03-03 11:18:00,7050,7050,7050,7050,0
2022-03-03 11:19:00,7050,7050,7050,7050,0
2022-03-03 11:20:00,7050,7050,7050,7050,0
2022-03-03 11:21:00,7050,7050,7050,7050,0
2022-03-03 11:22:00,7050,7050,7050,7050,0
2022-03-03 11:23:00,7050,7050,7050,7050,0
2022-03-03 11:24:00,7050,7050,7050,7050,0
2022-03-03 11:25:00,7050,7050,7050,7050,0
2022-03-03 11:26:00,7050,7050,7050,7050,0
2022-03-03 11:27:00,7050,7050,7050,7050,0
2022-03-03 11:28:00,7050,7050,7050,7050,0
2022-03-03 11:29:00,7050,7050,7050,7050,0
2022-03-03 11:30:00,7050,7050,7050,7050,0
2022-03-03 11:31:00,7050,7050,7050,7050,0
2022-03-03 11:32:00,7050,7050,7050,7050,0
2022-03-03 11:33:00,7050,7050,7050,7050,0
2022-03-03 11:34:00,7050,7050,7050,7050,0
2022-03-03 11:35:00,7050,7050,7050,7050,0
2022-03-03 11:36:00,7050,7050,7050,7050,0
2022-03-03 11:37:00,7050,7050,7050,7050,0
2022-03-03 11:38:00,7050,7050,7050,7050,0
2022-03-03 11:39:00,7050,7050,7050,7050,0
2022-03-03 11:40:00,7050,7050,7050,7050,0
2022-03-03 11:41:00,7050,7050,7050,7050,0
2022-03-03 11:42:00,7050,7050,7050,7050,0
2022-03-03 11:43:00,7050,7050,7050,7050,0
2022-03-03 11:44:00,7050,7050,7050,7050,0
2022-03-03 11:45:00,7050,7050,7050,7050,0
2022-03-03 11:46:00,7050,7050,7050,7050,0
2022-03-03 11:47:00,7050,7050,7050,7050,0
2022-03-03 11:48:00,7050,7050,7050,7050,0
2022-03-03 11:49:00,7050,7050,7050,7050,0
2022-03-03 11:50:00,7050,7050,7050,7050,0
2022-03-03 11:51:00,7050,7050,7050,7050,0
2022-03-03 11:52:00,7050,7050,7050,7050,0
2022-03-03 11:53:00,7050,7050,7050,7050,0
2022-03-03 11:54:00,7050,7050,7050,7050,0
2022-03-03 11:55:00,7050,7050,7050,7050,0
2022-03-03 11:56:00,7050,7050,7050,7050,0
2022-03-03 11:57:00,7050,7050,7050,7050,0
2022-03-03 11:58:00,7050,7050,7050,7050,0
2022-03-03 11:59:00,7050,7050,7050,7050,0
2022-03-03 12:00:00,7050,7050,7050,7050,0
2022-03-03 12:01:00,7050,7050,7050,7050,0
2022-03-03 12:02:00,7050,7050,7050,7050,0
2022-03-03 12:03:00,7050,7050,7050,7050,0
2022-03-03 12:04:00,7050,7050,7050,7050,0
2022-03-03 12:05:00,7050,7050,7050,7050,0
2022-03-03 12:06:00,7050,7050,7050,7050,0
2022-03-03 12:07:00,7050,7050,7050,7050,0
2022-03-03 12:08:00,7050,7050,7050,7050,0
2022-03-03 12:09:00,7050,7050,7050,7050,0
2022-03-03 12:10:00,7050,7050,7050,7050,0
2022-03-03 12:11:00,7050,7050,7050,7050,0
2022-03-03 12:12:00,7050,7050,7050,7050,0
2022-03-03 12:13:00,7050,7050,7050,7050,0
2022-03-03 12:14:00,7050,7050,7050,7050,0
2022-03-03 12:15:00,7050,7050,7050,7050,0
2022-03-03 12:16:00,7050,7050,7050,7050,0
2022-03-03 12:17:00,7050,7050,7050,7050,0
2022-03-03 12:18:00,7050,7050,7050,7050,0
2022-03-03 12:19:00,7050,7050,7050,7050,0
2022-03-03 12:20:00,7050,7050,7050,7050,0
2022-03-03 12:21:00,7050,7050,7050,7050,0
2022-03-03 12:22:00,7050,7050,7050,7050,0
2022-03-03 12:23:00,7050,7050,7050,7050,0
2022-03-03 12:24:00,7050,7050,7050,7050,0
2022-03-03 12:25:00,7050,7050,7050,7050,0
2022-03-03 12:26:00,7050,7050,7050,7050,0
2022-03-03 12:27:00,7050,7050,7050,7050,0
2022-03-03 12:28:00,7050,7050,7050,7050,0
2022-03-03 12:29:00,7050,7050,7050,7050,0
2022-03-03 12:30:00,7050,7050,7050,7050,0
2022-03-03 12:31:00,7050,7050,7050,7050,0
2022-03-03 12:32:00,7050,7050,7050,7050,0
2022-03-03 12:33:00,7050,7050,7050,7050,0
2022-03-03 12:34:00,7050,7050,7050,7050,0
2022-03-03 12:35:00,7050,7050,7050,7050,0
2022-03-03 12:36:00,7050,7050,7050,7050,0
2022-03-03 12:37:00,7050,7050,7050,7050,0
2022-03-03 12:38:00,7050,7050,7050,7050,0
2022-03-03 12:39:00,7050,7050,7050,7050,0
2022-03-03 12:40:00,7050,7050,7050,7050,0
2022-03-03 12:41:00,7050,7050,7050,7050,0
2022-03-03 12:42:00,7050,7050,7050,7050,0
2022-03-03 12:43:00,7050,7050,7050,7050,0
2022-03-03 12:44:00,7050,7050,7050,7050,0
2022-03-03 12:45:00,7050,7050,7050,7050,0
2022-03-03 12:46:00,7050,7050,7050,7050,0
2022-03-03 12:47:00,7050,7050,7050,7050,0
2022-03-03 12:48:00,7050,7050,7050,7050,0
2022-03-03 12:49:00,7050,7050,7050,7050,0
2022-03-03 12:50:00,7050,7050,7050,7050,0
2022-03-03 12:51:00,7050,7050,7050,7050,0
2022-03-03 12:52:00,7050,7050,7050,7050,0
2022-03-03 12:53:00,7050,7050,7050,7050,0
2022-03-03 12:54:00,7050,7050,7050,7050,0
2022-03-03 12:55:00,7050,7050,7050,7050,0
2022-03-03 12:56:00,7050,7050,7050,7050,0
2022-03-03 12:57:00,7050,7050,7050,7050,0
2022-03-03 12:58:00,7050,7050,7050,7050,0
2022-03-03 12:59:00,7050,7050,7050,7050,0
2022-03-03 13:00:00,7050,7050,7050,7050,0
2022-03-03 13:01:00,7050,7050,7050,7050,0
2022-03-03 13:02:00,7050,7050,7050,7050,0
2022-03-03 13:03:00,7050,7050,7050,7050,0
2022-03-03 13:04:00,7050,7050,7050,7050,0
2022-03-03 13:05:00,7050,7050,7050,7050,0
2022-03-03 13:06:00,7050,7050,7050,7050,0
2022-03-03 13:07:00,7050,7050,7050,7050,0
2022-03-03 13:08:00,7050,7050,7050,7050,0
2022-03-03 13:09:00,7050,7050,7050,7050,0
2022-03-03 13:10:00,7050,7050,7050,7050,0
2022-03-03 13:11:00,7050,7050,7050,7050,0
2022-03-03 13:12:00,7050,7050,7050,7050,0
2022-03-03 13:13:00,7050,7050,7050,7050,0
2022-03-03 13:14:00,7050,7050,7050,7050,0
2022-03-03 13:15:00,7050,7050,7050,7050,0
2022-03-03 13:16:00,7050,7050,7050,7050,0
2022-03-03 13:17:00,7050,7050,7050,7050,0
2022-03-03 13:18:00,7050,7050,7050,7050,0
2022-03-03 13:19:00,7050,7050,7050,7050,0
2022-03-03 13:20:00,7050,7050,7050,7050,0
2022-03-03 13:21:00,7050,7050,7050,7050,0
2022-03-03 13:22:00,7050,7050,7050,7050,0
2022-03-03 13:23:00,7050,7050,7050,7050,0
2022-03-03 13:24:00,7050,7050,7050,7050,0
2022-03-03 13:25:00,7050,7050,7050,7050,0
2022-03-03 13:26:00,7050,7050,7050,7050,0
2022-03-03 13:27:00,7050,7050,7050,7050,0
2022-03-03 13:28:00,7050,7050,7050,7050,0
2022-03-03 13:29:00,7050,7050,7050,7050,0
2022-03-03 13:30:00,7050,7050,7050,7050,0
2022-03-03 13:31:00,7050,7050,7050,7050,0
2022-03-03 13:32:00,7050,7050,7050,7050,0
2022-03-03 13:33:00,7050,7050,7050,7050,0
2022-03-03 13:34:00,7050,7050,7050,7050,0
2022-03-03 13:35:00,7050,7050,7050,7050,0
2022-03-03 13:36:00,7050,7050,7050,7050,0
2022-03-03 13:37:00,7050,7050,7050,7050,0
2022-03-03 13:38:00,7050,7050,7050,7050,0
2022-03-03 13:39:00,7050,7050,7050,7050,0
2022-03-03 13:40:00,7050,7050,7050,7050,0
2022-03-03 13:41:00,7050,7050,7050,7050,0
2022-03-03 13:42:00,7050,7050,7050,7050,0
2022-03-03 13:43:00,7050,7050,7050,7050,0
2022-03-03 13:44:00,7050,7050,7050,7050,0
2022-03-03 13:45:00,7050,7050,7050,7050,0
2022-03-03 13:46:00,7050,7050,7050,7050,0
2022-03-03 13:47:00,7050,7050,7050,7050,0
2022-03-03 13:48:00,7050,7050,7050,7050,0
2022-03-03 13:49:00,7050,7050,7050,7050,0
2022-03-03 13:50:00,7050,7050,7050,7050,0
2022-03-03 13:51:00,7050,7050,7050,7050,0
2022-03-03 13:52:00,7050,7050,7050,7050,0
2022-03-03 13:53:00,7050,7050,7050,7050,0
2022-03-03 13:54:00,7050,7050,7050,7050,0
2022-03-03 13:55:00,7050,7050,7050,7050,0
2022-03-03 13:56:00,7050,7050,7050,7050,0
2022-03-03 13:57:00,7050,7050,7050,7050,0
2022-03-03 13:58:00,7050,7050,7050,7050,0
2022-03-03 13:59:00,7050,7050,7050,7050,0
2022-03-03 14:00:00,7050,7050,7050,7050,0
2022-03-03 14:01:00,7050,7050,7050,7050,0
2022-03-03 14:02:00,7050,7050,7050,7050,0
2022-03-03 14:03:00,7050,7050,7050,7050,0
2022-03-03 14:04:00,7050,7050,7050,7050,0
2022-03-03 14:05:00,7050,7050,7050,7050,0
2022-03-03 14:06:00,7050,7050,7050,7050,0
2022-03-03 14:07:00,7050,7050,7050,7050,0
2022-03-03 14:08:00,7050,7050,7050,7050,0
2022-03-03 14:09:00,7050,7050,7050,7050,0
2022-03-03 14:10:00,7050,7050,7050,7050,0
2022-03-03 14:11:00,7050,7050,7050,7050,0
2022-03-03 14:12:00,7050,7050,7050,7050,0
2022-03-03 14:13:00,7050,7050,7050,7050,0
2022-03-03 14:14:00,7050,7050,7050,7050,0
2022-03-03 14:15:00,7050,7050,7050,7050,0
2022-03-03 14:16:00,7050,7050,7050,7050,0
2022-03-03 14:17:00,7050,7050,7050,7050,0
2022-03-03 14:18:00,7050,7050,7050,7050,0
2022-03-03 14:19:00,7050,7050,7050,7050,0
2022-03-03 14:20:00,7050,7050,7050,7050,0
2022-03-03 14:21:00,7050,7050,7050,7050,0
2022-03-03 14:22:00,7050,7050,7050,7050,0
2022-03-03 14:23:00,7050,7050,7050,7050,0
2022-03-03 14:24:00,7050,7050,7050,7050,0
2022-03-03 14:25:00,7050,7050,7050,7050,0
2022-03-03 14:26:00,7050,7050,7050,7050,0
2022-03-03 14:27:00,7050,7050,7050,7050,0
2022-03-03 14:28:00,7050,7050,7050,7050,0
2022-03-03 14:29:00,7050,7050,7050,7050,0
2022-03-03 14:30:00,7050,7050,7050,7050,0
2022-03-03 14:31:00,7050,7050,7050,7050,0
2022-03-03 14:32:00,7050,7050,7050,7050,0
2022-03-03 14:33:00,7050,7050,7050,7050,0
2022-03-03 14:34:00,7050,7050,7050,7050,0
2022-03-03 14:35:00,7050,7050,7050,7050,0
2022-03-03 14:36:00,7050,7050,7050,7050,0
2022-03-03 14:37:00,7050,7050,7050,7050,0
2022-03-03 14:38:00,7050,7050,7050,7050,0
2022-03-03 14:39:00,7050,7050,7050,7050,0
2022-03-03 14:40:00,7050,7050,7050,7050,0
2022-03-03 14:41:00,7050,7050,7050,7050,0
2022-03-03 14:42:00,7050,7050,7050,7050,0
2022-03-03 14:43:00,7050,7050,7050,7050,0
2022-03-03 14:44:00,7050,7050,7050,7050,0
2022-03-03 14:45:00,7050,7050,7050,7050,0
2022-03-03 14:46:00,7050,7050,7050,7050,0
2022-03-03 14:47:00,7050,7050,7050,7050,0
2022-03-03 14:48:00,7050,7050,7050,7050,0
2022-03-03 14:49:00,7050,7050,7050,7050,0
2022-03-03 14:50:00,7050,7050,7050,7050,0
2022-03-03 14:51:00,7050,7050,7050,7050,0
2022-03-03 14:52:00,7050,7050,7050,7050,0
2022-03-03 14:53:00,7050,7050,7050,7050,0
2022-03-03 14:54:00,7050,7050,7050,7050,0
2022-03-03 14:55:00,7050,7050,7050,7050,0
2022-03-03 14:56:00,7050,7050,7050,7050,0
2022-03-03 14:57:00,7050,7050,7050,7050,0
2022-03-03 14:58:00,7050,7050,7050,7050,0
2022-03-03 14:59:00,7050,7050,7050,7050,0
2022-03-03 15:00:00,7050,7050,7050,7050,0
2022-03-03 15:01:00,7050,7050,7050,7050,0
2022-03-03 15:02:00,7050,7050,7050,7050,0
2022-03-03 15:03:00,7050,7050,7050,7050,0
2022-03-03 15:04:00,7050,7050,7050,7050,0
2022-03-03 15:05:00,7050,7050,7050,7050,0
2022-03-03 15:06:00,7050,7050,7050,7050,0
2022-03-03 15:07:00,7050,7050,7050,7050,0
2022-03-03 15:08:00,7050,7050,7050,7050,0
2022-03-03 15:09:00,7050,7050,7050,7050,0
2022-03-03 15:10:00,7050,7050,7050,7050,0
2022-03-03 15:11:00,7050,7050,7050,7050,0
2022-03-03 15:12:00,7050,7050,7050,7050,0
2022-03-03 15:13:00,7050,7050,7050,7050,0
2022-03-03 15:14:00,7050,7050,7050,7050,0
2022-03-03 15:15:00,7050,7050,7050,7050,0
2022-03-03 15:16:00,7050,7050,7050,7050,0
2022-03-03 15:17:00,7050,7050,7050,7050,0
2022-03-03 15:18:00,7050,7050,7050,7050,0
2022-03-03 15:19:00,7050,7050,7050,7050,0
2022-03-03 15:20:00,7050,7050,7050,7050,0
2022-03-03 15:21:00,7050,7050,7050,7050,0
2022-03-03 15:22:00,7050,7050,7050,7050,0
2022-03-03 15:23:00,7050,7050,7050,7050,0
2022-03-03 15:24:00,7050,7050,7050,7050,0
2022-03-03 15:25:00,7050,7050,7050,7050,0
2022-03-03 15:26:00,7050,7050,7050,7050,0
2022-03-03 15:27:00,7050,7050,7050,7050,0
2022-03-03 15:28:00,7050,7050,7050,7050,0
2022-03-03 15:29:00,7050,7050,7050,7050,0
2022-03-03 15:30:00,7050,7050,7050,7050,0
2022-03-03 15:31:00,7050,7050,7050,7050,0
2022-03-03 15:32:00,7050,7050,7050,7050,0
2022-03-03 15:33:00,7050,7050,7050,7050,0
2022-03-03 15:34:00,7050,7050,7050,7050,0
2022-03-03 15:35:00,7050,7050,7050,7050,0
2022-03-03 15:36:00,7050,7050,7050,7050,0
2022-03-03 15:37:00,7050,7050,7050,7050,0
2022-03-03 15:38:00,7050,7050,7050,7050,0
2022-03-03 15:39:00,7050,7050,7050,7050,0
2022-03-03 15:40:00,7050,7050,7050,7050,0
2022-03-03 15:41:00,7050,7050,7050,7050,0
2022-03-03 15:42:00,7050,7050,7050,7050,0
2022-03-03 15:43:00,7050,7050,7050,7050,0
2022-03-03 15:44:00,7050,7050,7050,7050,0
2022-03-03 15:45:00,7050,7050,7050,7050,0
2022-03-03 15:46:00,7050,7050,7050,7050,0
2022-03-03 15:47:00,7050,7050,7050,7050,0
2022-03-03 15:48:00,7050,7050,7050,7050,0
2022-03-03 15:49:00,7050,7050,7050,7050,0
2022-03-03 15:50:00,7050,7050,7050,7050,0
2022-03-03 15:51:00,7050,7050,7050,7050,0
2022-03-03 15:52:00,7050,7050,7050,7050,0
2022-03-03 15:53:00,7050,7050,7050,7050,0
2022-03-03 15:54:00,7050,7050,7050,7050,0
2022-03-03 15:55:00,7050,7050,7050,7050,0
2022-03-03 15:56:00,7050,7050,7050,7050,0
2022-03-03 15:57:00,7050,7050,7050,7050,0
2022-03-03 15:58:00,7050,7050,7050,7050,0
2022-03-03 15:59:00,7050,7050,7050,7050,0
2022-03-04 09:00:00,7075,7075,7075,7075,4900
2022-03-04 09:01:00,7075,7075,7100,7100,49200
2022-03-04 09:02:00,7100,7100,7125,7125,15200
2022-03-04 09:03:00,7125,7100,7125,7125,5200
2022-03-04 09:04:00,7125,7100,7125,7100,13100
2022-03-04 09:05:00,7100,7100,7100,7100,8000
2022-03-04 09:06:00,7100,7075,7100,7075,11100
2022-03-04 09:07:00,7075,7075,7075,7075,16300
2022-03-04 09:08:00,7075,7075,7075,7075,1500
2022-03-04 09:09:00,7075,7050,7075,7050,81600
2022-03-04 09:10:00,7025,7000,7050,7000,89600
2022-03-04 09:11:00,7000,7000,7025,7000,35900
2022-03-04 09:12:00,7000,7000,7025,7025,900
2022-03-04 09:13:00,7025,7000,7025,7000,33200
2022-03-04 09:14:00,7000,7000,7025,7025,1400
2022-03-04 09:15:00,7000,7000,7025,7025,60000
2022-03-04 09:16:00,7000,7000,7050,7050,29300
2022-03-04 09:17:00,7050,7025,7050,7025,2400
2022-03-04 09:18:00,7025,7025,7025,7025,6800
2022-03-04 09:19:00,7050,7050,7075,7075,34800
2022-03-04 09:20:00,7075,7075,7075,7075,800
2022-03-04 09:21:00,7075,7075,7075,7075,4600
2022-03-04 09:22:00,7075,7050,7075,7050,5700
2022-03-04 09:23:00,7050,7050,7075,7075,28100
2022-03-04 09:24:00,7050,7025,7050,7025,109200
2022-03-04 09:25:00,7000,7000,7025,7025,19700
2022-03-04 09:26:00,7025,7000,7025,7000,7200
2022-03-04 09:27:00,7025,7025,7025,7025,1100
2022-03-04 09:28:00,7000,7000,7025,7025,13800
2022-03-04 09:29:00,7025,7000,7025,7000,16500
2022-03-04 09:30:00,7000,7000,7025,7025,3000
2022-03-04 09:31:00,7000,7000,7000,7000,97000
2022-03-04 09:32:00,7000,7000,7000,7000,18200
2022-03-04 09:33:00,7000,6950,7000,6950,313300
2022-03-04 09:34:00,6950,6925,6950,6925,21000
2022-03-04 09:35:00,6925,6925,6950,6950,75500
2022-03-04 09:36:00,6950,6950,6975,6950,23500
2022-03-04 09:37:00,6950,6950,6975,6975,14200
2022-03-04 09:38:00,6950,6950,6975,6975,2900
2022-03-04 09:39:00,6950,6950,6975,6975,6200
2022-03-04 09:40:00,6975,6950,6975,6950,1400
2022-03-04 09:41:00,6975,6950,6975,6950,1900
2022-03-04 09:42:00,6950,6950,6975,6950,9600
2022-03-04 09:43:00,6950,6950,6950,6950,4000
2022-03-04 09:44:00,6950,6950,6975,6975,17700
2022-03-04 09:45:00,6975,6975,6975,6975,12000
2022-03-04 09:46:00,6975,6950,6975,6950,66200
2022-03-04 09:47:00,6950,6950,6950,6950,16100
2022-03-04 09:48:00,6950,6950,6975,6950,70500
2022-03-04 09:49:00,6975,6950,6975,6950,7100
2022-03-04 09:50:00,6950,6950,6950,6950,15500
2022-03-04 09:51:00,6950,6950,6975,6975,4200
2022-03-04 09:52:00,6975,6950,6975,6975,2400
2022-03-04 09:53:00,6950,6950,6975,6950,12700
2022-03-04 09:54:00,6975,6975,6975,6975,3600
2022-03-04 09:55:00,6975,6950,6975,6975,37700
2022-03-04 09:56:00,6975,6900,6975,6925,577100
2022-03-04 09:57:00,6925,6925,6950,6950,1600
2022-03-04 09:58:00,6950,6950,6950,6950,6900
2022-03-04 09:59:00,6950,6925,6950,6950,2800
2022-03-04 10:00:00,6950,6925,6950,6925,1700
2022-03-04 10:01:00,6950,6925,6950,6925,2800
2022-03-04 10:02:00,6950,6925,6950,6925,4500
2022-03-04 10:03:00,6925,6925,6950,6925,7900
2022-03-04 10:04:00,6950,6925,6950,6950,7500
2022-03-04 10:05:00,6950,6925,6950,6950,27300
2022-03-04 10:06:00,6925,6925,6950,6950,5100
2022-03-04 10:07:00,6950,6925,6950,6925,24000
2022-03-04 10:08:00,6925,6925,6950,6950,19000
2022-03-04 10:09:00,6950,6950,6950,6950,8800
2022-03-04 10:10:00,6925,6925,6975,6975,87700
2022-03-04 10:11:00,6975,6975,6975,6975,1100
2022-03-04 10:12:00,6975,6975,6975,6975,2500
2022-03-04 10:13:00,6975,6975,6975,6975,900
2022-03-04 10:14:00,6950,6950,6975,6975,9900
2022-03-04 10:15:00,6975,6950,6975,6975,5300
2022-03-04 10:16:00,6975,6950,6975,6975,14100
2022-03-04 10:17:00,6975,6975,6975,6975,16000
2022-03-04 10:18:00,6975,6950,6975,6975,12000
2022-03-04 10:19:00,6975,6950,6975,6975,11200
2022-03-04 10:20:00,6975,6975,6975,6975,12500
2022-03-04 10:21:00,6975,6975,6975,6975,200
2022-03-04 10:22:00,6975,6975,6975,6975,800
2022-03-04 10:23:00,6950,6950,6950,6950,7400
2022-03-04 10:24:00,6950,6950,6975,6975,4400
2022-03-04 10:25:00,6975,6975,6975,6975,200
2022-03-04 10:26:00,6975,6950,6975,6975,2600
2022-03-04 10:27:00,6950,6950,6950,6950,100
2022-03-04 10:28:00,6950,6950,6950,6950,6000
2022-03-04 10:29:00,6950,6950,6975,6975,34800
2022-03-04 10:30:00,6950,6950,6975,6950,7800
2022-03-04 10:31:00,6975,6975,6975,6975,100
2022-03-04 10:32:00,6950,6950,6950,6950,3400
2022-03-04 10:33:00,6950,6950,6950,6950,3000
2022-03-04 10:34:00,6950,6950,6975,6950,11700
2022-03-04 10:35:00,6950,6950,6950,6950,2600
2022-03-04 10:36:00,6975,6950,6975,6950,20400
2022-03-04 10:37:00,6950,6950,6950,6950,4600
2022-03-04 10:38:00,6975,6975,6975,6975,5100
2022-03-04 10:39:00,6950,6950,6950,6950,1000
2022-03-04 10:40:00,6950,6950,6950,6950,10400
2022-03-04 10:41:00,6950,6950,6950,6950,300
2022-03-04 10:42:00,6950,6950,6950,6950,0
2022-03-04 10:43:00,6950,6950,6950,6950,800
2022-03-04 10:44:00,6950,6950,6950,6950,3400
2022-03-04 10:45:00,6950,6950,6950,6950,0
2022-03-04 10:46:00,6950,6950,6950,6950,80800
2022-03-04 10:47:00,6925,6925,6950,6950,12600
2022-03-04 10:48:00,6925,6925,6950,6950,5200
2022-03-04 10:49:00,6925,6925,6925,6925,6900
2022-03-04 10:50:00,6950,6950,6950,6950,26000
2022-03-04 10:51:00,6950,6950,6975,6975,1100
2022-03-04 10:52:00,6950,6950,6950,6950,11900
2022-03-04 10:53:00,6950,6950,6950,6950,0
2022-03-04 10:54:00,6950,6950,6950,6950,4500
2022-03-04 10:55:00,6975,6975,6975,6975,300
2022-03-04 10:56:00,6975,6975,6975,6975,0
2022-03-04 10:57:00,6950,6950,6975,6950,10400
2022-03-04 10:58:00,6950,6950,6950,6950,100
2022-03-04 10:59:00,6975,6950,6975,6950,1400
2022-03-04 11:00:00,6950,6950,6950,6950,13800
2022-03-04 11:01:00,6975,6950,6975,6975,1900
2022-03-04 11:02:00,6975,6950,6975,6975,0
2022-03-04 11:03:00,6950,6950,6950,6950,2900
2022-03-04 11:04:00,6950,6950,6950,6950,1000
2022-03-04 11:05:00,6950,6950,6950,6950,12300
2022-03-04 11:06:00,6950,6950,6950,6950,2300
2022-03-04 11:07:00,6950,6950,6975,6950,6800
2022-03-04 11:08:00,6950,6950,6975,6950,0
2022-03-04 11:09:00,6950,6950,6975,6975,21200
2022-03-04 11:10:00,6950,6950,6975,6975,0
2022-03-04 11:11:00,6950,6950,6950,6950,7200
2022-03-04 11:12:00,6950,6950,6975,6975,3400
2022-03-04 11:13:00,6950,6950,6950,6950,3700
2022-03-04 11:14:00,6950,6950,6950,6950,0
2022-03-04 11:15:00,6975,6950,6975,6950,4600
2022-03-04 11:16:00,6950,6950,6975,6975,28500
2022-03-04 11:17:00,6975,6975,6975,6975,900
2022-03-04 11:18:00,6950,6950,6950,6950,1500
2022-03-04 11:19:00,6950,6950,6975,6975,2900
2022-03-04 11:20:00,6950,6950,6975,6975,0
2022-03-04 11:21:00,6975,6950,6975,6950,2000
2022-03-04 11:22:00,6950,6950,6975,6950,14700
2022-03-04 11:23:00,6950,6950,6950,6950,4500
2022-03-04 11:24:00,6950,6950,6950,6950,1200
2022-03-04 11:25:00,6950,6950,6950,6950,0
2022-03-04 11:26:00,6950,6950,6975,6975,11200
2022-03-04 11:27:00,6950,6950,6950,6950,200
2022-03-04 11:28:00,6950,6950,6950,6950,6900
2022-03-04 11:29:00,6950,6950,6950,6950,0
2022-03-04 11:30:00,6950,6950,6950,6950,0
2022-03-04 11:31:00,6950,6950,6950,6950,0
2022-03-04 11:32:00,6950,6950,6950,6950,0
2022-03-04 11:33:00,6950,6950,6950,6950,0
2022-03-04 11:34:00,6950,6950,6950,6950,0
2022-03-04 11:35:00,6950,6950,6950,6950,0
2022-03-04 11:36:00,6950,6950,6950,6950,0
2022-03-04 11:37:00,6950,6950,6950,6950,0
2022-03-04 11:38:00,6950,6950,6950,6950,0
2022-03-04 11:39:00,6950,6950,6950,6950,0
2022-03-04 11:40:00,6950,6950,6950,6950,0
2022-03-04 11:41:00,6950,6950,6950,6950,0
2022-03-04 11:42:00,6950,6950,6950,6950,0
2022-03-04 11:43:00,6950,6950,6950,6950,0
2022-03-04 11:44:00,6950,6950,6950,6950,0
2022-03-04 11:45:00,6950,6950,6950,6950,0
2022-03-04 11:46:00,6950,6950,6950,6950,0
2022-03-04 11:47:00,6950,6950,6950,6950,0
2022-03-04 11:48:00,6950,6950,6950,6950,0
2022-03-04 11:49:00,6950,6950,6950,6950,0
2022-03-04 11:50:00,6950,6950,6950,6950,0
2022-03-04 11:51:00,6950,6950,6950,6950,0
2022-03-04 11:52:00,6950,6950,6950,6950,0
2022-03-04 11:53:00,6950,6950,6950,6950,0
2022-03-04 11:54:00,6950,6950,6950,6950,0
2022-03-04 11:55:00,6950,6950,6950,6950,0
2022-03-04 11:56:00,6950,6950,6950,6950,0
2022-03-04 11:57:00,6950,6950,6950,6950,0
2022-03-04 11:58:00,6950,6950,6950,6950,0
2022-03-04 11:59:00,6950,6950,6950,6950,0
2022-03-04 12:00:00,6950,6950,6950,6950,0
2022-03-04 12:01:00,6950,6950,6950,6950,0
2022-03-04 12:02:00,6950,6950,6950,6950,0
2022-03-04 12:03:00,6950,6950,6950,6950,0
2022-03-04 12:04:00,6950,6950,6950,6950,0
2022-03-04 12:05:00,6950,6950,6950,6950,0
2022-03-04 12:06:00,6950,6950,6950,6950,0
2022-03-04 12:07:00,6950,6950,6950,6950,0
2022-03-04 12:08:00,6950,6950,6950,6950,0
2022-03-04 12:09:00,6950,6950,6950,6950,0
2022-03-04 12:10:00,6950,6950,6950,6950,0
2022-03-04 12:11:00,6950,6950,6950,6950,0
2022-03-04 12:12:00,6950,6950,6950,6950,0
2022-03-04 12:13:00,6950,6950,6950,6950,0
2022-03-04 12:14:00,6950,6950,6950,6950,0
2022-03-04 12:15:00,6950,6950,6950,6950,0
2022-03-04 12:16:00,6950,6950,6950,6950,0
2022-03-04 12:17:00,6950,6950,6950,6950,0
2022-03-04 12:18:00,6950,6950,6950,6950,0
2022-03-04 12:19:00,6950,6950,6950,6950,0
2022-03-04 12:20:00,6950,6950,6950,6950,0
2022-03-04 12:21:00,6950,6950,6950,6950,0
2022-03-04 12:22:00,6950,6950,6950,6950,0
2022-03-04 12:23:00,6950,6950,6950,6950,0
2022-03-04 12:24:00,6950,6950,6950,6950,0
2022-03-04 12:25:00,6950,6950,6950,6950,0
2022-03-04 12:26:00,6950,6950,6950,6950,0
2022-03-04 12:27:00,6950,6950,6950,6950,0
2022-03-04 12:28:00,6950,6950,6950,6950,0
2022-03-04 12:29:00,6950,6950,6950,6950,0
2022-03-04 12:30:00,6950,6950,6950,6950,0
2022-03-04 12:31:00,6950,6950,6950,6950,0
2022-03-04 12:32:00,6950,6950,6950,6950,0
2022-03-04 12:33:00,6950,6950,6950,6950,0
2022-03-04 12:34:00,6950,6950,6950,6950,0
2022-03-04 12:35:00,6950,6950,6950,6950,0
2022-03-04 12:36:00,6950,6950,6950,6950,0
2022-03-04 12:37:00,6950,6950,6950,6950,0
2022-03-04 12:38:00,6950,6950,6950,6950,0
2022-03-04 12:39:00,6950,6950,6950,6950,0
2022-03-04 12:40:00,6950,6950,6950,6950,0
2022-03-04 12:41:00,6950,6950,6950,6950,0
2022-03-04 12:42:00,6950,6950,6950,6950,0
2022-03-04 12:43:00,6950,6950,6950,6950,0
2022-03-04 12:44:00,6950,6950,6950,6950,0
2022-03-04 12:45:00,6950,6950,6950,6950,0
2022-03-04 12:46:00,6950,6950,6950,6950,0
2022-03-04 12:47:00,6950,6950,6950,6950,0
2022-03-04 12:48:00,6950,6950,6950,6950,0
2022-03-04 12:49:00,6950,6950,6950,6950,0
2022-03-04 12:50:00,6950,6950,6950,6950,0
2022-03-04 12:51:00,6950,6950,6950,6950,0
2022-03-04 12:52:00,6950,6950,6950,6950,0
2022-03-04 12:53:00,6950,6950,6950,6950,0
2022-03-04 12:54:00,6950,6950,6950,6950,0
2022-03-04 12:55:00,6950,6950,6950,6950,0
2022-03-04 12:56:00,6950,6950,6950,6950,0
2022-03-04 12:57:00,6950,6950,6950,6950,0
2022-03-04 12:58:00,6950,6950,6950,6950,0
2022-03-04 12:59:00,6950,6950,6950,6950,0
2022-03-04 13:00:00,6950,6950,6950,6950,0
2022-03-04 13:01:00,6950,6950,6950,6950,0
2022-03-04 13:02:00,6950,6950,6950,6950,0
2022-03-04 13:03:00,6950,6950,6950,6950,0
2022-03-04 13:04:00,6950,6950,6950,6950,0
2022-03-04 13:05:00,6950,6950,6950,6950,0
2022-03-04 13:06:00,6950,6950,6950,6950,0
2022-03-04 13:07:00,6950,6950,6950,6950,0
2022-03-04 13:08:00,6950,6950,6950,6950,0
2022-03-04 13:09:00,6950,6950,6950,6950,0
2022-03-04 13:10:00,6950,6950,6950,6950,0
2022-03-04 13:11:00,6950,6950,6950,6950,0
2022-03-04 13:12:00,6950,6950,6950,6950,0
2022-03-04 13:13:00,6950,6950,6950,6950,0
2022-03-04 13:14:00,6950,6950,6950,6950,0
2022-03-04 13:15:00,6950,6950,6950,6950,0
2022-03-04 13:16:00,6950,6950,6950,6950,0
2022-03-04 13:17:00,6950,6950,6950,6950,0
2022-03-04 13:18:00,6950,6950,6950,6950,0
2022-03-04 13:19:00,6950,6950,6950,6950,0
2022-03-04 13:20:00,6950,6950,6950,6950,0
2022-03-04 13:21:00,6950,6950,6950,6950,0
2022-03-04 13:22:00,6950,6950,6950,6950,0
2022-03-04 13:23:00,6950,6950,6950,6950,0
2022-03-04 13:24:00,6950,6950,6950,6950,0
2022-03-04 13:25:00,6950,6950,6950,6950,0
2022-03-04 13:26:00,6950,6950,6950,6950,0
2022-03-04 13:27:00,6950,6950,6950,6950,0
2022-03-04 13:28:00,6950,6950,6950,6950,0
2022-03-04 13:29:00,6950,6950,6950,6950,0
2022-03-04 13:30:00,6975,6950,6975,6950,8700
2022-03-04 13:31:00,6950,6950,6950,6950,14100
2022-03-04 13:32:00,6950,6950,6975,6975,5200
2022-03-04 13:33:00,6950,6950,6975,6975,7300
2022-03-04 13:34:00,6950,6950,6950,6950,46200
2022-03-04 13:35:00,6950,6950,6950,6950,69600
2022-03-04 13:36:00,6950,6950,6950,6950,30100
2022-03-04 13:37:00,6950,6950,6950,6950,33100
2022-03-04 13:38:00,6950,6950,6950,6950,110500
2022-03-04 13:39:00,6925,6925,6925,6925,104300
2022-03-04 13:40:00,6950,6950,6950,6950,100
2022-03-04 13:41:00,6925,6925,6950,6950,5700
2022-03-04 13:42:00,6950,6950,6950,6950,3900
2022-03-04 13:43:00,6925,6925,6950,6925,5600
2022-03-04 13:44:00,6950,6950,6950,6950,4200
2022-03-04 13:45:00,6925,6925,6925,6925,5700
2022-03-04 13:46:00,6950,6925,6950,6925,27000
2022-03-04 13:47:00,6950,6950,6950,6950,400
2022-03-04 13:48:00,6925,6925,6950,6925,56900
2022-03-04 13:49:00,6925,6925,6950,6925,0
2022-03-04 13:50:00,6925,6925,6950,6925,10400
2022-03-04 13:51:00,6925,6925,6950,6950,19600
2022-03-04 13:52:00,6950,6925,6950,6950,29200
2022-03-04 13:53:00,6925,6925,6950,6925,20300
2022-03-04 13:54:00,6925,6925,6925,6925,3000
2022-03-04 13:55:00,6925,6925,6950,6950,70200
2022-03-04 13:56:00,6950,6925,6950,6950,1800
2022-03-04 13:57:00,6925,6925,6950,6950,4800
2022-03-04 13:58:00,6925,6925,6950,6925,14100
2022-03-04 13:59:00,6925,6925,6925,6925,16500
2022-03-04 14:00:00,6925,6925,6950,6925,124600
2022-03-04 14:01:00,6925,6925,6950,6950,10900
2022-03-04 14:02:00,6950,6925,6950,6925,1200
2022-03-04 14:03:00,6950,6925,6950,6925,400
2022-03-04 14:04:00,6925,6925,6950,6925,51100
2022-03-04 14:05:00,6925,6925,6925,6925,42500
2022-03-04 14:06:00,6925,6925,6925,6925,12300
2022-03-04 14:07:00,6925,6925,6925,6925,3100
2022-03-04 14:08:00,6925,6925,6925,6925,2500
2022-03-04 14:09:00,6925,6925,6925,6925,13200
2022-03-04 14:10:00,6925,6925,6925,6925,29100
2022-03-04 14:11:00,6925,6925,6925,6925,19800
2022-03-04 14:12:00,6925,6925,6950,6925,5900
2022-03-04 14:13:00,6925,6925,6950,6925,0
2022-03-04 14:14:00,6925,6925,6950,6925,0
2022-03-04 14:15:00,6925,6925,6950,6925,27400
2022-03-04 14:16:00,6925,6925,6950,6950,44400
2022-03-04 14:17:00,6925,6925,6950,6950,36600
2022-03-04 14:18:00,6925,6925,6950,6950,4100
2022-03-04 14:19:00,6925,6925,6925,6925,11100
2022-03-04 14:20:00,6925,6925,6950,6950,69500
2022-03-04 14:21:00,6925,6925,6950,6950,42300
2022-03-04 14:22:00,6925,6925,6950,6950,38000
2022-03-04 14:23:00,6950,6925,6950,6950,24600
2022-03-04 14:24:00,6950,6950,6950,6950,4500
2022-03-04 14:25:00,6950,6925,6950,6950,62300
2022-03-04 14:26:00,6950,6925,6950,6925,26500
2022-03-04 14:27:00,6925,6925,6950,6925,7700
2022-03-04 14:28:00,6925,6925,6950,6950,33300
2022-03-04 14:29:00,6925,6900,6925,6900,42400
2022-03-04 14:30:00,6925,6900,6925,6900,4000
2022-03-04 14:31:00,6900,6900,6900,6900,4600
2022-03-04 14:32:00,6925,6900,6925,6925,16700
2022-03-04 14:33:00,6925,6925,6925,6925,122900
2022-03-04 14:34:00,6925,6900,6925,6925,23700
2022-03-04 14:35:00,6900,6900,6925,6925,59600
2022-03-04 14:36:00,6925,6925,6950,6950,2900
2022-03-04 14:37:00,6925,6925,6925,6925,67500
2022-03-04 14:38:00,6925,6900,6925,6925,20200
2022-03-04 14:39:00,6925,6900,6925,6925,8300
2022-03-04 14:40:00,6925,6900,6925,6925,11500
2022-03-04 14:41:00,6900,6900,6925,6925,76700
2022-03-04 14:42:00,6925,6925,6925,6925,8300
2022-03-04 14:43:00,6925,6900,6925,6900,3100
2022-03-04 14:44:00,6925,6900,6925,6925,15800
2022-03-04 14:45:00,6925,6900,6925,6925,31700
2022-03-04 14:46:00,6925,6900,6925,6925,140900
2022-03-04 14:47:00,6925,6900,6950,6925,107800
2022-03-04 14:48:00,6925,6925,6950,6925,29400
2022-03-04 14:49:00,6950,6950,6975,6975,21700
2022-03-04 14:50:00,6950,6950,6975,6975,0
2022-03-04 14:51:00,6950,6950,6975,6975,0
2022-03-04 14:52:00,6950,6950,6975,6975,0
2022-03-04 14:53:00,6950,6950,6975,6975,0
2022-03-04 14:54:00,6950,6950,6975,6975,0
2022-03-04 14:55:00,6950,6950,6975,6975,0
2022-03-04 14:56:00,6950,6950,6975,6975,0
2022-03-04 14:57:00,6950,6950,6975,6975,0
2022-03-04 14:58:00,6950,6950,6975,6975,0
2022-03-04 14:59:00,6950,6950,6975,6975,0
2022-03-04 15:00:00,6975,6975,6975,6975,222700
2022-03-04 15:01:00,6975,6975,6975,6975,800
2022-03-04 15:02:00,6975,6975,6975,6975,1100
2022-03-04 15:03:00,6975,6975,6975,6975,400
2022-03-04 15:04:00,6975,6975,6975,6975,36200
2022-03-04 15:05:00,6975,6975,6975,6975,0
2022-03-04 15:06:00,6975,6975,6975,6975,100
2022-03-04 15:07:00,6975,6975,6975,6975,6300
2022-03-04 15:08:00,6975,6975,6975,6975,100
2022-03-04 15:09:00,6975,6975,6975,6975,100
2022-03-04 15:10:00,6975,6975,6975,6975,0
2022-03-04 15:11:00,6975,6975,6975,6975,0
2022-03-04 15:12:00,6975,6975,6975,6975,0
2022-03-04 15:13:00,6975,6975,6975,6975,500
2022-03-04 15:14:00,6975,6975,6975,6975,0
2022-03-04 15:15:00,6975,6975,6975,6975,0
2022-03-04 15:16:00,6975,6975,6975,6975,0
2022-03-04 15:17:00,6975,6975,6975,6975,0
2022-03-04 15:18:00,6975,6975,6975,6975,0
2022-03-04 15:19:00,6975,6975,6975,6975,0
2022-03-04 15:20:00,6975,6975,6975,6975,0
2022-03-04 15:21:00,6975,6975,6975,6975,0
2022-03-04 15:22:00,6975,6975,6975,6975,0
2022-03-04 15:23:00,6975,6975,6975,6975,0
2022-03-04 15:24:00,6975,6975,6975,6975,0
2022-03-04 15:25:00,6975,6975,6975,6975,0
2022-03-04 15:26:00,6975,6975,6975,6975,0
2022-03-04 15:27:00,6975,6975,6975,6975,0
2022-03-04 15:28:00,6975,6975,6975,6975,0
2022-03-04 15:29:00,6975,6975,6975,6975,0
2022-03-04 15:30:00,6975,6975,6975,6975,0
2022-03-04 15:31:00,6975,6975,6975,6975,0
2022-03-04 15:32:00,6975,6975,6975,6975,0
2022-03-04 15:33:00,6975,6975,6975,6975,0
2022-03-04 15:34:00,6975,6975,6975,6975,0
2022-03-04 15:35:00,6975,6975,6975,6975,0
2022-03-04 15:36:00,6975,6975,6975,6975,0
2022-03-04 15:37:00,6975,6975,6975,6975,0
2022-03-04 15:38:00,6975,6975,6975,6975,0
2022-03-04 15:39:00,6975,6975,6975,6975,0
2022-03-04 15:40:00,6975,6975,6975,6975,0
2022-03-04 15:41:00,6975,6975,6975,6975,0
2022-03-04 15:42:00,6975,6975,6975,6975,0
2022-03-04 15:43:00,6975,6975,6975,6975,0
2022-03-04 15:44:00,6975,6975,6975,6975,0
2022-03-04 15:45:00,6975,6975,6975,6975,0
2022-03-04 15:46:00,6975,6975,6975,6975,0
2022-03-04 15:47:00,6975,6975,6975,6975,0
2022-03-04 15:48:00,6975,6975,6975,6975,0
2022-03-04 15:49:00,6975,6975,6975,6975,0
2022-03-04 15:50:00,6975,6975,6975,6975,0
2022-03-04 15:51:00,6975,6975,6975,6975,0
2022-03-04 15:52:00,6975,6975,6975,6975,0
2022-03-04 15:53:00,6975,6975,6975,6975,0
2022-03-04 15:54:00,6975,6975,6975,6975,0
2022-03-04 15:55:00,6975,6975,6975,6975,0
2022-03-04 15:56:00,6975,6975,6975,6975,0
2022-03-04 15:57:00,6975,6975,6975,6975,0
2022-03-04 15:58:00,6975,6975,6975,6975,0
2022-03-04 15:59:00,6975,6975,6975,6975,0
2022-03-07 09:00:00,7125,7125,7150,7125,107900
2022-03-07 09:01:00,7125,7125,7225,7200,158200
2022-03-07 09:02:00,7225,7200,7250,7225,113100
2022-03-07 09:03:00,7250,7225,7250,7225,111500
2022-03-07 09:04:00,7200,7200,7225,7200,62400
2022-03-07 09:05:00,7175,7175,7200,7200,45400
2022-03-07 09:06:00,7200,7200,7250,7225,159800
2022-03-07 09:07:00,7225,7225,7250,7225,57100
2022-03-07 09:08:00,7250,7225,7250,7225,35800
2022-03-07 09:09:00,7225,7200,7250,7200,128700
2022-03-07 09:10:00,7225,7200,7250,7250,73200
2022-03-07 09:11:00,7225,7225,7250,7250,94900
2022-03-07 09:12:00,7250,7250,7300,7300,250900
2022-03-07 09:13:00,7300,7300,7350,7325,160800
2022-03-07 09:14:00,7325,7325,7350,7350,87700
2022-03-07 09:15:00,7325,7325,7350,7350,201800
2022-03-07 09:16:00,7350,7350,7400,7375,95000
2022-03-07 09:17:00,7375,7375,7425,7375,216900
2022-03-07 09:18:00,7375,7350,7375,7350,73800
2022-03-07 09:19:00,7350,7300,7350,7325,101900
2022-03-07 09:20:00,7350,7325,7350,7325,30600
2022-03-07 09:21:00,7325,7300,7325,7325,23500
2022-03-07 09:22:00,7325,7325,7400,7400,131400
2022-03-07 09:23:00,7400,7375,7400,7400,142100
2022-03-07 09:24:00,7375,7375,7425,7400,133200
2022-03-07 09:25:00,7400,7400,7425,7425,103100
2022-03-07 09:26:00,7425,7425,7450,7425,59100
2022-03-07 09:27:00,7425,7425,7500,7475,380400
2022-03-07 09:28:00,7475,7475,7500,7500,138800
2022-03-07 09:29:00,7500,7450,7500,7500,343500
2022-03-07 09:30:00,7525,7500,7550,7550,151400
2022-03-07 09:31:00,7550,7525,7575,7525,161500
2022-03-07 09:32:00,7525,7500,7550,7500,154900
2022-03-07 09:33:00,7500,7450,7500,7450,147500
2022-03-07 09:34:00,7425,7400,7475,7475,185900
2022-03-07 09:35:00,7475,7425,7475,7475,39000
2022-03-07 09:36:00,7475,7475,7500,7500,157900
2022-03-07 09:37:00,7475,7475,7575,7575,452600
2022-03-07 09:38:00,7550,7525,7575,7525,227300
2022-03-07 09:39:00,7525,7500,7550,7525,186500
2022-03-07 09:40:00,7525,7500,7525,7500,104000
2022-03-07 09:41:00,7500,7500,7500,7500,63300
2022-03-07 09:42:00,7500,7475,7525,7475,44800
2022-03-07 09:43:00,7475,7475,7500,7475,60000
2022-03-07 09:44:00,7475,7475,7525,7525,107900
2022-03-07 09:45:00,7525,7500,7525,7500,36000
2022-03-07 09:46:00,7500,7500,7525,7525,31000
2022-03-07 09:47:00,7500,7500,7525,7500,55600
2022-03-07 09:48:00,7500,7475,7500,7475,69500
2022-03-07 09:49:00,7475,7475,7500,7475,34900
2022-03-07 09:50:00,7475,7450,7500,7475,30000
2022-03-07 09:51:00,7450,7450,7475,7475,37000
2022-03-07 09:52:00,7500,7475,7500,7475,88900
2022-03-07 09:53:00,7475,7475,7500,7475,56300
2022-03-07 09:54:00,7475,7475,7500,7475,50500
2022-03-07 09:55:00,7500,7475,7500,7475,23200
2022-03-07 09:56:00,7475,7475,7500,7475,11300
2022-03-07 09:57:00,7500,7475,7500,7500,19500
2022-03-07 09:58:00,7500,7500,7500,7500,1000
2022-03-07 09:59:00,7475,7475,7500,7500,62300
2022-03-07 10:00:00,7500,7500,7500,7500,38500
2022-03-07 10:01:00,7500,7500,7500,7500,35200
2022-03-07 10:02:00,7500,7500,7500,7500,27800
2022-03-07 10:03:00,7525,7500,7525,7500,83100
2022-03-07 10:04:00,7500,7500,7500,7500,3700
2022-03-07 10:05:00,7525,7500,7525,7525,100400
2022-03-07 10:06:00,7500,7500,7500,7500,20900
2022-03-07 10:07:00,7500,7500,7500,7500,0
2022-03-07 10:08:00,7500,7500,7500,7500,21600
2022-03-07 10:09:00,7525,7475,7525,7475,16800
2022-03-07 10:10:00,7475,7475,7475,7475,2200
2022-03-07 10:11:00,7475,7475,7500,7500,12600
2022-03-07 10:12:00,7500,7500,7500,7500,18000
2022-03-07 10:13:00,7500,7500,7500,7500,38800
2022-03-07 10:14:00,7500,7475,7500,7475,7800
2022-03-07 10:15:00,7500,7475,7500,7475,30600
2022-03-07 10:16:00,7475,7450,7475,7450,81600
2022-03-07 10:17:00,7450,7450,7475,7475,27400
2022-03-07 10:18:00,7475,7450,7475,7475,2200
2022-03-07 10:19:00,7450,7450,7450,7450,34400
2022-03-07 10:20:00,7450,7450,7475,7475,64100
2022-03-07 10:21:00,7500,7475,7500,7475,24700
2022-03-07 10:22:00,7475,7475,7500,7475,73500
2022-03-07 10:23:00,7500,7475,7500,7475,29600
2022-03-07 10:24:00,7475,7475,7475,7475,13700
2022-03-07 10:25:00,7450,7450,7475,7450,9200
2022-03-07 10:26:00,7450,7450,7475,7450,33100
2022-03-07 10:27:00,7450,7425,7450,7425,1600
2022-03-07 10:28:00,7425,7425,7450,7425,78400
2022-03-07 10:29:00,7425,7425,7450,7450,21200
2022-03-07 10:30:00,7425,7425,7425,7425,39900
2022-03-07 10:31:00,7400,7400,7425,7400,19000
2022-03-07 10:32:00,7400,7400,7425,7400,18400
2022-03-07 10:33:00,7400,7400,7425,7425,30900
2022-03-07 10:34:00,7450,7450,7450,7450,10400
2022-03-07 10:35:00,7450,7450,7450,7450,500
2022-03-07 10:36:00,7450,7425,7450,7425,22700
2022-03-07 10:37:00,7450,7425,7450,7450,14000
2022-03-07 10:38:00,7425,7425,7450,7425,14500
2022-03-07 10:39:00,7450,7425,7450,7450,9100
2022-03-07 10:40:00,7425,7425,7450,7450,2000
2022-03-07 10:41:00,7450,7425,7450,7450,20700
2022-03-07 10:42:00,7450,7425,7450,7450,7000
2022-03-07 10:43:00,7450,7450,7475,7475,25900
2022-03-07 10:44:00,7450,7450,7450,7450,1200
2022-03-07 10:45:00,7475,7450,7475,7450,6700
2022-03-07 10:46:00,7450,7450,7450,7450,3700
2022-03-07 10:47:00,7450,7450,7475,7475,1400
2022-03-07 10:48:00,7475,7475,7475,7475,3900
2022-03-07 10:49:00,7450,7450,7475,7450,12300
2022-03-07 10:50:00,7475,7475,7475,7475,9900
2022-03-07 10:51:00,7475,7475,7475,7475,5900
2022-03-07 10:52:00,7450,7450,7450,7450,1000
2022-03-07 10:53:00,7450,7450,7450,7450,600
2022-03-07 10:54:00,7475,7475,7475,7475,800
2022-03-07 10:55:00,7475,7450,7475,7450,14600
2022-03-07 10:56:00,7450,7450,7450,7450,300
2022-03-07 10:57:00,7475,7450,7475,7450,51700
2022-03-07 10:58:00,7450,7450,7475,7475,800
2022-03-07 10:59:00,7475,7450,7475,7450,73500
2022-03-07 11:00:00,7475,7450,7475,7450,2100
2022-03-07 11:01:00,7450,7450,7450,7450,7700
2022-03-07 11:02:00,7450,7450,7475,7475,500
2022-03-07 11:03:00,7450,7450,7450,7450,6700
2022-03-07 11:04:00,7475,7400,7475,7450,337200
2022-03-07 11:05:00,7450,7450,7450,7450,800
2022-03-07 11:06:00,7450,7450,7450,7450,11900
2022-03-07 11:07:00,7450,7450,7450,7450,20100
2022-03-07 11:08:00,7450,7450,7450,7450,11000
2022-03-07 11:09:00,7450,7450,7450,7450,6000
2022-03-07 11:10:00,7450,7450,7450,7450,900
2022-03-07 11:11:00,7450,7450,7450,7450,700
2022-03-07 11:12:00,7475,7450,7475,7450,31600
2022-03-07 11:13:00,7450,7450,7450,7450,100
2022-03-07 11:14:00,7475,7425,7475,7425,20500
2022-03-07 11:15:00,7450,7425,7450,7450,3600
2022-03-07 11:16:00,7425,7425,7450,7425,6400
2022-03-07 11:17:00,7425,7425,7450,7425,4500
2022-03-07 11:18:00,7425,7425,7450,7425,20600
2022-03-07 11:19:00,7450,7425,7450,7425,7800
2022-03-07 11:20:00,7425,7425,7450,7450,7900
2022-03-07 11:21:00,7450,7450,7450,7450,5900
2022-03-07 11:22:00,7450,7450,7450,7450,25000
2022-03-07 11:23:00,7425,7425,7425,7425,2300
2022-03-07 11:24:00,7425,7425,7425,7425,1400
2022-03-07 11:25:00,7425,7425,7425,7425,1800
2022-03-07 11:26:00,7450,7425,7450,7450,30900
2022-03-07 11:27:00,7450,7425,7450,7425,22200
2022-03-07 11:28:00,7425,7425,7425,7425,3200
2022-03-07 11:29:00,7425,7425,7450,7450,25700
2022-03-07 11:30:00,7425,7425,7450,7450,0
2022-03-07 11:31:00,7425,7425,7450,7450,0
2022-03-07 11:32:00,7425,7425,7450,7450,0
2022-03-07 11:33:00,7425,7425,7450,7450,0
2022-03-07 11:34:00,7425,7425,7450,7450,0
2022-03-07 11:35:00,7425,7425,7450,7450,0
2022-03-07 11:36:00,7425,7425,7450,7450,0
2022-03-07 11:37:00,7425,7425,7450,7450,0
2022-03-07 11:38:00,7425,7425,7450,7450,0
2022-03-07 11:39:00,7425,7425,7450,7450,0
2022-03-07 11:40:00,7425,7425,7450,7450,0
2022-03-07 11:41:00,7425,7425,7450,7450,0
2022-03-07 11:42:00,7425,7425,7450,7450,0
2022-03-07 11:43:00,7425,7425,7450,7450,0
2022-03-07 11:44:00,7425,7425,7450,7450,0
2022-03-07 11:45:00,7425,7425,7450,7450,0
2022-03-07 11:46:00,7425,7425,7450,7450,0
2022-03-07 11:47:00,7425,7425,7450,7450,0
2022-03-07 11:48:00,7425,7425,7450,7450,0
2022-03-07 11:49:00,7425,7425,7450,7450,0
2022-03-07 11:50:00,7425,7425,7450,7450,0
2022-03-07 11:51:00,7425,7425,7450,7450,0
2022-03-07 11:52:00,7425,7425,7450,7450,0
2022-03-07 11:53:00,7425,7425,7450,7450,0
2022-03-07 11:54:00,7425,7425,7450,7450,0
2022-03-07 11:55:00,7425,7425,7450,7450,0
2022-03-07 11:56:00,7425,7425,7450,7450,0
2022-03-07 11:57:00,7425,7425,7450,7450,0
2022-03-07 11:58:00,7425,7425,7450,7450,0
2022-03-07 11:59:00,7425,7425,7450,7450,0
2022-03-07 12:00:00,7425,7425,7450,7450,0
2022-03-07 12:01:00,7425,7425,7450,7450,0
2022-03-07 12:02:00,7425,7425,7450,7450,0
2022-03-07 12:03:00,7425,7425,7450,7450,0
2022-03-07 12:04:00,7425,7425,7450,7450,0
2022-03-07 12:05:00,7425,7425,7450,7450,0
2022-03-07 12:06:00,7425,7425,7450,7450,0
2022-03-07 12:07:00,7425,7425,7450,7450,0
2022-03-07 12:08:00,7425,7425,7450,7450,0
2022-03-07 12:09:00,7425,7425,7450,7450,0
2022-03-07 12:10:00,7425,7425,7450,7450,0
2022-03-07 12:11:00,7425,7425,7450,7450,0
2022-03-07 12:12:00,7425,7425,7450,7450,0
2022-03-07 12:13:00,7425,7425,7450,7450,0
2022-03-07 12:14:00,7425,7425,7450,7450,0
2022-03-07 12:15:00,7425,7425,7450,7450,0
2022-03-07 12:16:00,7425,7425,7450,7450,0
2022-03-07 12:17:00,7425,7425,7450,7450,0
2022-03-07 12:18:00,7425,7425,7450,7450,0
2022-03-07 12:19:00,7425,7425,7450,7450,0
2022-03-07 12:20:00,7425,7425,7450,7450,0
2022-03-07 12:21:00,7425,7425,7450,7450,0
2022-03-07 12:22:00,7425,7425,7450,7450,0
2022-03-07 12:23:00,7425,7425,7450,7450,0
2022-03-07 12:24:00,7425,7425,7450,7450,0
2022-03-07 12:25:00,7425,7425,7450,7450,0
2022-03-07 12:26:00,7425,7425,7450,7450,0
2022-03-07 12:27:00,7425,7425,7450,7450,0
2022-03-07 12:28:00,7425,7425,7450,7450,0
2022-03-07 12:29:00,7425,7425,7450,7450,0
2022-03-07 12:30:00,7425,7425,7450,7450,0
2022-03-07 12:31:00,7425,7425,7450,7450,0
2022-03-07 12:32:00,7425,7425,7450,7450,0
2022-03-07 12:33:00,7425,7425,7450,7450,0
2022-03-07 12:34:00,7425,7425,7450,7450,0
2022-03-07 12:35:00,7425,7425,7450,7450,0
2022-03-07 12:36:00,7425,7425,7450,7450,0
2022-03-07 12:37:00,7425,7425,7450,7450,0
2022-03-07 12:38:00,7425,7425,7450,7450,0
2022-03-07 12:39:00,7425,7425,7450,7450,0
2022-03-07 12:40:00,7425,7425,7450,7450,0
2022-03-07 12:41:00,7425,7425,7450,7450,0
2022-03-07 12:42:00,7425,7425,7450,7450,0
2022-03-07 12:43:00,7425,7425,7450,7450,0
2022-03-07 12:44:00,7425,7425,7450,7450,0
2022-03-07 12:45:00,7425,7425,7450,7450,0
2022-03-07 12:46:00,7425,7425,7450,7450,0
2022-03-07 12:47:00,7425,7425,7450,7450,0
2022-03-07 12:48:00,7425,7425,7450,7450,0
2022-03-07 12:49:00,7425,7425,7450,7450,0
2022-03-07 12:50:00,7425,7425,7450,7450,0
2022-03-07 12:51:00,7425,7425,7450,7450,0
2022-03-07 12:52:00,7425,7425,7450,7450,0
2022-03-07 12:53:00,7425,7425,7450,7450,0
2022-03-07 12:54:00,7425,7425,7450,7450,0
2022-03-07 12:55:00,7425,7425,7450,7450,0
2022-03-07 12:56:00,7425,7425,7450,7450,0
2022-03-07 12:57:00,7425,7425,7450,7450,0
2022-03-07 12:58:00,7425,7425,7450,7450,0
2022-03-07 12:59:00,7425,7425,7450,7450,0
2022-03-07 13:00:00,7425,7425,7450,7450,0
2022-03-07 13:01:00,7425,7425,7450,7450,0
2022-03-07 13:02:00,7425,7425,7450,7450,0
2022-03-07 13:03:00,7425,7425,7450,7450,0
2022-03-07 13:04:00,7425,7425,7450,7450,0
2022-03-07 13:05:00,7425,7425,7450,7450,0
2022-03-07 13:06:00,7425,7425,7450,7450,0
2022-03-07 13:07:00,7425,7425,7450,7450,0
2022-03-07 13:08:00,7425,7425,7450,7450,0
2022-03-07 13:09:00,7425,7425,7450,7450,0
2022-03-07 13:10:00,7425,7425,7450,7450,0
2022-03-07 13:11:00,7425,7425,7450,7450,0
2022-03-07 13:12:00,7425,7425,7450,7450,0
2022-03-07 13:13:00,7425,7425,7450,7450,0
2022-03-07 13:14:00,7425,7425,7450,7450,0
2022-03-07 13:15:00,7425,7425,7450,7450,0
2022-03-07 13:16:00,7425,7425,7450,7450,0
2022-03-07 13:17:00,7425,7425,7450,7450,0
2022-03-07 13:18:00,7425,7425,7450,7450,0
2022-03-07 13:19:00,7425,7425,7450,7450,0
2022-03-07 13:20:00,7425,7425,7450,7450,0
2022-03-07 13:21:00,7425,7425,7450,7450,0
2022-03-07 13:22:00,7425,7425,7450,7450,0
2022-03-07 13:23:00,7425,7425,7450,7450,0
2022-03-07 13:24:00,7425,7425,7450,7450,0
2022-03-07 13:25:00,7425,7425,7450,7450,0
2022-03-07 13:26:00,7425,7425,7450,7450,0
2022-03-07 13:27:00,7425,7425,7450,7450,0
2022-03-07 13:28:00,7425,7425,7450,7450,0
2022-03-07 13:29:00,7425,7425,7450,7450,0
2022-03-07 13:30:00,7425,7425,7475,7475,48000
2022-03-07 13:31:00,7475,7450,7475,7475,26800
2022-03-07 13:32:00,7450,7450,7475,7475,18400
2022-03-07 13:33:00,7450,7450,7475,7475,0
2022-03-07 13:34:00,7475,7450,7475,7450,11200
2022-03-07 13:35:00,7475,7475,7475,7475,22900
2022-03-07 13:36:00,7475,7450,7500,7500,138600
2022-03-07 13:37:00,7475,7475,7500,7500,29800
2022-03-07 13:38:00,7500,7475,7500,7475,126300
2022-03-07 13:39:00,7500,7500,7525,7525,256000
2022-03-07 13:40:00,7525,7525,7550,7550,168800
2022-03-07 13:41:00,7550,7525,7550,7525,84400
2022-03-07 13:42:00,7550,7525,7550,7525,6900
2022-03-07 13:43:00,7525,7500,7525,7500,75600
2022-03-07 13:44:00,7500,7500,7500,7500,68000
2022-03-07 13:45:00,7500,7500,7500,7500,11100
2022-03-07 13:46:00,7500,7500,7525,7525,30200
2022-03-07 13:47:00,7500,7500,7550,7550,229700
2022-03-07 13:48:00,7550,7525,7550,7550,2900
2022-03-07 13:49:00,7525,7525,7525,7525,154900
2022-03-07 13:50:00,7525,7525,7525,7525,6800
2022-03-07 13:51:00,7525,7525,7550,7550,4000
2022-03-07 13:52:00,7525,7525,7550,7525,2000
2022-03-07 13:53:00,7550,7550,7550,7550,212500
2022-03-07 13:54:00,7550,7525,7575,7575,54300
2022-03-07 13:55:00,7575,7550,7575,7575,164300
2022-03-07 13:56:00,7575,7550,7575,7550,51100
2022-03-07 13:57:00,7550,7550,7550,7550,8300
2022-03-07 13:58:00,7575,7550,7575,7575,13300
2022-03-07 13:59:00,7550,7550,7575,7575,9400
2022-03-07 14:00:00,7575,7575,7575,7575,6100
2022-03-07 14:01:00,7575,7575,7575,7575,8600
2022-03-07 14:02:00,7550,7525,7575,7525,20800
2022-03-07 14:03:00,7525,7525,7550,7550,61900
2022-03-07 14:04:00,7550,7550,7575,7575,13200
2022-03-07 14:05:00,7550,7550,7600,7600,624400
2022-03-07 14:06:00,7600,7600,7625,7600,397300
2022-03-07 14:07:00,7600,7575,7600,7600,55100
2022-03-07 14:08:00,7600,7575,7600,7600,84800
2022-03-07 14:09:00,7600,7600,7625,7625,129900
2022-03-07 14:10:00,7625,7600,7625,7600,22600
2022-03-07 14:11:00,7625,7600,7625,7600,140800
2022-03-07 14:12:00,7600,7575,7600,7575,23900
2022-03-07 14:13:00,7600,7575,7625,7600,85200
2022-03-07 14:14:00,7600,7600,7600,7600,30500
2022-03-07 14:15:00,7600,7575,7600,7600,11900
2022-03-07 14:16:00,7600,7575,7600,7600,112200
2022-03-07 14:17:00,7625,7575,7625,7575,21200
2022-03-07 14:18:00,7575,7575,7600,7600,28000
2022-03-07 14:19:00,7625,7600,7625,7625,23900
2022-03-07 14:20:00,7625,7600,7625,7600,20400
2022-03-07 14:21:00,7625,7625,7625,7625,28100
2022-03-07 14:22:00,7625,7600,7625,7600,7800
2022-03-07 14:23:00,7625,7600,7625,7600,12700
2022-03-07 14:24:00,7600,7600,7625,7625,13100
2022-03-07 14:25:00,7625,7600,7625,7600,40800
2022-03-07 14:26:00,7600,7600,7600,7600,36400
2022-03-07 14:27:00,7625,7575,7625,7600,117300
2022-03-07 14:28:00,7600,7600,7600,7600,125900
2022-03-07 14:29:00,7600,7575,7600,7600,5700
2022-03-07 14:30:00,7600,7575,7600,7575,5500
2022-03-07 14:31:00,7600,7575,7600,7600,18000
2022-03-07 14:32:00,7575,7575,7600,7600,12600
2022-03-07 14:33:00,7600,7600,7600,7600,3100
2022-03-07 14:34:00,7600,7575,7600,7600,84900
2022-03-07 14:35:00,7600,7575,7600,7600,10100
2022-03-07 14:36:00,7600,7575,7600,7600,15100
2022-03-07 14:37:00,7600,7575,7600,7600,10200
2022-03-07 14:38:00,7600,7600,7600,7600,17400
2022-03-07 14:39:00,7600,7600,7600,7600,114900
2022-03-07 14:40:00,7600,7575,7600,7600,87200
2022-03-07 14:41:00,7600,7600,7625,7625,19000
2022-03-07 14:42:00,7625,7600,7625,7600,11200
2022-03-07 14:43:00,7600,7600,7625,7625,3100
2022-03-07 14:44:00,7625,7600,7625,7625,320000
2022-03-07 14:45:00,7625,7625,7650,7650,50700
2022-03-07 14:46:00,7650,7650,7700,7700,418100
2022-03-07 14:47:00,7675,7675,7700,7675,103500
2022-03-07 14:48:00,7675,7650,7700,7675,211100
2022-03-07 14:49:00,7675,7650,7675,7675,155300
2022-03-07 14:50:00,7675,7675,7675,7675,600
2022-03-07 14:51:00,7675,7675,7675,7675,0
2022-03-07 14:52:00,7675,7675,7675,7675,0
2022-03-07 14:53:00,7675,7675,7675,7675,0
2022-03-07 14:54:00,7675,7675,7675,7675,0
2022-03-07 14:55:00,7675,7675,7675,7675,0
2022-03-07 14:56:00,7675,7675,7675,7675,0
2022-03-07 14:57:00,7675,7675,7675,7675,0
2022-03-07 14:58:00,7675,7675,7675,7675,0
2022-03-07 14:59:00,7675,7675,7675,7675,0
2022-03-07 15:00:00,7675,7675,7675,7675,237900
2022-03-07 15:01:00,7675,7675,7675,7675,12700
2022-03-07 15:02:00,7675,7675,7675,7675,16100
2022-03-07 15:03:00,7675,7675,7675,7675,11900
2022-03-07 15:04:00,7675,7675,7675,7675,7900
2022-03-07 15:05:00,7675,7675,7675,7675,24200
2022-03-07 15:06:00,7675,7675,7675,7675,3900
2022-03-07 15:07:00,7675,7675,7675,7675,20400
2022-03-07 15:08:00,7675,7675,7675,7675,42300
2022-03-07 15:09:00,7675,7675,7675,7675,3300
2022-03-07 15:10:00,7675,7675,7675,7675,6300
2022-03-07 15:11:00,7675,7675,7675,7675,3500
2022-03-07 15:12:00,7675,7675,7675,7675,3900
2022-03-07 15:13:00,7675,7675,7675,7675,7300
2022-03-07 15:14:00,7675,7675,7675,7675,10200
2022-03-07 15:15:00,7675,7675,7675,7675,0
2022-03-07 15:16:00,7675,7675,7675,7675,0
2022-03-07 15:17:00,7675,7675,7675,7675,0
2022-03-07 15:18:00,7675,7675,7675,7675,0
2022-03-07 15:19:00,7675,7675,7675,7675,0
2022-03-07 15:20:00,7675,7675,7675,7675,0
2022-03-07 15:21:00,7675,7675,7675,7675,0
2022-03-07 15:22:00,7675,7675,7675,7675,0
2022-03-07 15:23:00,7675,7675,7675,7675,0
2022-03-07 15:24:00,7675,7675,7675,7675,0
2022-03-07 15:25:00,7675,7675,7675,7675,0
2022-03-07 15:26:00,7675,7675,7675,7675,0
2022-03-07 15:27:00,7675,7675,7675,7675,0
2022-03-07 15:28:00,7675,7675,7675,7675,0
2022-03-07 15:29:00,7675,7675,7675,7675,0
2022-03-07 15:30:00,7675,7675,7675,7675,0
2022-03-07 15:31:00,7675,7675,7675,7675,0
2022-03-07 15:32:00,7675,7675,7675,7675,0
2022-03-07 15:33:00,7675,7675,7675,7675,0
2022-03-07 15:34:00,7675,7675,7675,7675,0
2022-03-07 15:35:00,7675,7675,7675,7675,0
2022-03-07 15:36:00,7675,7675,7675,7675,0
2022-03-07 15:37:00,7675,7675,7675,7675,0
2022-03-07 15:38:00,7675,7675,7675,7675,0
2022-03-07 15:39:00,7675,7675,7675,7675,0
2022-03-07 15:40:00,7675,7675,7675,7675,0
2022-03-07 15:41:00,7675,7675,7675,7675,0
2022-03-07 15:42:00,7675,7675,7675,7675,0
2022-03-07 15:43:00,7675,7675,7675,7675,0
2022-03-07 15:44:00,7675,7675,7675,7675,0
2022-03-07 15:45:00,7675,7675,7675,7675,0
2022-03-07 15:46:00,7675,7675,7675,7675,0
2022-03-07 15:47:00,7675,7675,7675,7675,0
2022-03-07 15:48:00,7675,7675,7675,7675,0
2022-03-07 15:49:00,7675,7675,7675,7675,0
2022-03-07 15:50:00,7675,7675,7675,7675,0
2022-03-07 15:51:00,7675,7675,7675,7675,0
2022-03-07 15:52:00,7675,7675,7675,7675,0
2022-03-07 15:53:00,7675,7675,7675,7675,0
2022-03-07 15:54:00,7675,7675,7675,7675,0
2022-03-07 15:55:00,7675,7675,7675,7675,0
2022-03-07 15:56:00,7675,7675,7675,7675,0
2022-03-07 15:57:00,7675,7675,7675,7675,0
2022-03-07 15:58:00,7675,7675,7675,7675,0
2022-03-07 15:59:00,7675,7675,7675,7675,0
2022-03-08 09:00:00,7800,7775,7850,7850,102800
2022-03-08 09:01:00,7850,7825,7925,7900,312400
2022-03-08 09:02:00,7900,7875,7925,7875,242800
2022-03-08 09:03:00,7875,7850,7875,7850,153800
2022-03-08 09:04:00,7850,7825,7850,7825,28800
2022-03-08 09:05:00,7850,7800,7850,7825,101400
2022-03-08 09:06:00,7825,7800,7850,7825,116000
2022-03-08 09:07:00,7825,7800,7850,7825,133100
2022-03-08 09:08:00,7800,7800,7825,7825,92500
2022-03-08 09:09:00,7800,7800,7825,7800,38700
2022-03-08 09:10:00,7800,7775,7825,7775,184000
2022-03-08 09:11:00,7775,7775,7800,7800,14500
2022-03-08 09:12:00,7775,7775,7800,7775,19800
2022-03-08 09:13:00,7800,7775,7800,7800,112500
2022-03-08 09:14:00,7775,7675,7800,7700,457100
2022-03-08 09:15:00,7700,7650,7700,7675,213500
2022-03-08 09:16:00,7675,7650,7700,7700,71600
2022-03-08 09:17:00,7725,7700,7725,7725,7600
2022-03-08 09:18:00,7725,7700,7750,7750,27600
2022-03-08 09:19:00,7750,7750,7775,7775,14400
2022-03-08 09:20:00,7750,7700,7775,7700,221700
2022-03-08 09:21:00,7700,7675,7725,7675,48700
2022-03-08 09:22:00,7675,7650,7700,7675,89900
2022-03-08 09:23:00,7650,7625,7650,7650,66000
2022-03-08 09:24:00,7625,7600,7625,7600,43100
2022-03-08 09:25:00,7600,7600,7625,7600,26700
2022-03-08 09:26:00,7600,7575,7625,7575,110700
2022-03-08 09:27:00,7575,7575,7600,7600,25900
2022-03-08 09:28:00,7575,7575,7625,7600,88400
2022-03-08 09:29:00,7600,7600,7650,7625,63600
2022-03-08 09:30:00,7650,7575,7650,7575,78500
2022-03-08 09:31:00,7575,7575,7600,7575,27100
2022-03-08 09:32:00,7575,7550,7575,7550,42700
2022-03-08 09:33:00,7550,7550,7575,7575,35800
2022-03-08 09:34:00,7575,7550,7575,7550,78400
2022-03-08 09:35:00,7550,7525,7550,7550,27000
2022-03-08 09:36:00,7575,7575,7600,7600,13600
2022-03-08 09:37:00,7575,7575,7600,7575,80500
2022-03-08 09:38:00,7575,7550,7600,7600,147800
2022-03-08 09:39:00,7550,7550,7600,7550,36100
2022-03-08 09:40:00,7550,7550,7550,7550,14700
2022-03-08 09:41:00,7550,7525,7575,7550,72800
2022-03-08 09:42:00,7550,7550,7575,7575,28000
2022-03-08 09:43:00,7550,7550,7575,7575,11800
2022-03-08 09:44:00,7575,7550,7575,7575,4300
2022-03-08 09:45:00,7575,7550,7575,7550,197900
2022-03-08 09:46:00,7550,7525,7575,7550,86600
2022-03-08 09:47:00,7550,7525,7600,7600,118500
2022-03-08 09:48:00,7600,7600,7625,7625,64600
2022-03-08 09:49:00,7600,7600,7650,7650,111700
2022-03-08 09:50:00,7650,7600,7650,7600,241800
2022-03-08 09:51:00,7575,7550,7600,7550,66100
2022-03-08 09:52:00,7550,7550,7575,7550,24500
2022-03-08 09:53:00,7550,7550,7550,7550,2400
2022-03-08 09:54:00,7550,7525,7550,7525,138800
2022-03-08 09:55:00,7525,7525,7550,7550,54300
2022-03-08 09:56:00,7550,7550,7550,7550,5000
2022-03-08 09:57:00,7525,7525,7575,7575,22200
2022-03-08 09:58:00,7575,7550,7575,7575,1400
2022-03-08 09:59:00,7550,7550,7575,7575,2900
2022-03-08 10:00:00,7575,7550,7575,7550,300
2022-03-08 10:01:00,7550,7550,7550,7550,21100
2022-03-08 10:02:00,7550,7550,7550,7550,30300
2022-03-08 10:03:00,7550,7550,7550,7550,14000
2022-03-08 10:04:00,7525,7525,7575,7550,27800
2022-03-08 10:05:00,7550,7550,7550,7550,200
2022-03-08 10:06:00,7575,7550,7575,7550,10400
2022-03-08 10:07:00,7550,7550,7575,7575,26200
2022-03-08 10:08:00,7575,7550,7575,7550,5300
2022-03-08 10:09:00,7550,7550,7575,7550,84800
2022-03-08 10:10:00,7550,7550,7550,7550,9800
2022-03-08 10:11:00,7525,7525,7550,7550,58700
2022-03-08 10:12:00,7550,7525,7550,7525,1900
2022-03-08 10:13:00,7525,7525,7550,7525,20000
2022-03-08 10:14:00,7525,7525,7525,7525,13400
2022-03-08 10:15:00,7525,7525,7550,7550,11900
2022-03-08 10:16:00,7550,7550,7550,7550,22100
2022-03-08 10:17:00,7550,7550,7550,7550,2100
2022-03-08 10:18:00,7525,7525,7550,7550,22100
2022-03-08 10:19:00,7550,7550,7575,7550,31800
2022-03-08 10:20:00,7550,7550,7550,7550,21800
2022-03-08 10:21:00,7550,7525,7550,7525,17300
2022-03-08 10:22:00,7550,7525,7550,7525,8200
2022-03-08 10:23:00,7525,7525,7550,7550,14000
2022-03-08 10:24:00,7550,7525,7550,7525,21700
2022-03-08 10:25:00,7550,7525,7550,7525,48900
2022-03-08 10:26:00,7525,7525,7525,7525,18300
2022-03-08 10:27:00,7525,7525,7550,7525,70300
2022-03-08 10:28:00,7525,7525,7550,7525,18000
2022-03-08 10:29:00,7550,7550,7550,7550,3500
2022-03-08 10:30:00,7525,7525,7550,7525,19000
2022-03-08 10:31:00,7525,7525,7550,7550,3200
2022-03-08 10:32:00,7525,7525,7525,7525,18900
2022-03-08 10:33:00,7525,7525,7525,7525,100
2022-03-08 10:34:00,7525,7500,7525,7500,53500
2022-03-08 10:35:00,7500,7500,7500,7500,15700
2022-03-08 10:36:00,7500,7500,7525,7500,44900
2022-03-08 10:37:00,7500,7500,7500,7500,23600
2022-03-08 10:38:00,7500,7500,7525,7525,31600
2022-03-08 10:39:00,7500,7500,7525,7525,16800
2022-03-08 10:40:00,7500,7500,7525,7525,25500
2022-03-08 10:41:00,7500,7500,7525,7525,9400
2022-03-08 10:42:00,7525,7500,7525,7525,62800
2022-03-08 10:43:00,7525,7500,7525,7525,0
2022-03-08 10:44:00,7525,7525,7525,7525,21000
2022-03-08 10:45:00,7550,7525,7550,7525,1600
2022-03-08 10:46:00,7525,7500,7525,7500,151100
2022-03-08 10:47:00,7525,7500,7525,7500,46900
2022-03-08 10:48:00,7475,7475,7500,7500,46100
2022-03-08 10:49:00,7475,7475,7500,7500,200
2022-03-08 10:50:00,7500,7475,7500,7475,14200
2022-03-08 10:51:00,7475,7450,7475,7450,56000
2022-03-08 10:52:00,7450,7450,7475,7475,12400
2022-03-08 10:53:00,7475,7450,7525,7475,89700
2022-03-08 10:54:00,7475,7475,7475,7475,1300
2022-03-08 10:55:00,7475,7475,7475,7475,1600
2022-03-08 10:56:00,7475,7475,7500,7475,2100
2022-03-08 10:57:00,7475,7450,7475,7475,29800
2022-03-08 10:58:00,7475,7450,7475,7475,59300
2022-03-08 10:59:00,7475,7450,7475,7450,6600
2022-03-08 11:00:00,7450,7450,7450,7450,35400
2022-03-08 11:01:00,7450,7425,7450,7425,36700
2022-03-08 11:02:00,7450,7425,7450,7450,28000
2022-03-08 11:03:00,7450,7425,7450,7425,54900
2022-03-08 11:04:00,7400,7400,7425,7425,56600
2022-03-08 11:05:00,7400,7400,7425,7400,52600
2022-03-08 11:06:00,7400,7400,7425,7400,54000
2022-03-08 11:07:00,7400,7400,7400,7400,51500
2022-03-08 11:08:00,7400,7375,7400,7375,69100
2022-03-08 11:09:00,7375,7375,7400,7400,36400
2022-03-08 11:10:00,7375,7375,7400,7400,79300
2022-03-08 11:11:00,7400,7375,7400,7375,2600
2022-03-08 11:12:00,7375,7375,7400,7375,16800
2022-03-08 11:13:00,7375,7375,7400,7375,25300
2022-03-08 11:14:00,7375,7375,7375,7375,11500
2022-03-08 11:15:00,7375,7375,7375,7375,3100
2022-03-08 11:16:00,7375,7375,7400,7400,7800
2022-03-08 11:17:00,7400,7375,7400,7375,2200
2022-03-08 11:18:00,7375,7375,7400,7400,26500
2022-03-08 11:19:00,7375,7375,7400,7400,20300
2022-03-08 11:20:00,7375,7375,7375,7375,27600
2022-03-08 11:21:00,7375,7375,7375,7375,300
2022-03-08 11:22:00,7375,7375,7400,7400,9300
2022-03-08 11:23:00,7400,7375,7400,7400,700
2022-03-08 11:24:00,7375,7375,7400,7375,9400
2022-03-08 11:25:00,7375,7375,7400,7400,12100
2022-03-08 11:26:00,7375,7375,7375,7375,24100
2022-03-08 11:27:00,7375,7375,7375,7375,2500
2022-03-08 11:28:00,7375,7375,7375,7375,15100
2022-03-08 11:29:00,7400,7400,7400,7400,10300
2022-03-08 11:30:00,7400,7400,7400,7400,0
2022-03-08 11:31:00,7400,7400,7400,7400,0
2022-03-08 11:32:00,7400,7400,7400,7400,0
2022-03-08 11:33:00,7400,7400,7400,7400,0
2022-03-08 11:34:00,7400,7400,7400,7400,0
2022-03-08 11:35:00,7400,7400,7400,7400,0
2022-03-08 11:36:00,7400,7400,7400,7400,0
2022-03-08 11:37:00,7400,7400,7400,7400,0
2022-03-08 11:38:00,7400,7400,7400,7400,0
2022-03-08 11:39:00,7400,7400,7400,7400,0
2022-03-08 11:40:00,7400,7400,7400,7400,0
2022-03-08 11:41:00,7400,7400,7400,7400,0
2022-03-08 11:42:00,7400,7400,7400,7400,0
2022-03-08 11:43:00,7400,7400,7400,7400,0
2022-03-08 11:44:00,7400,7400,7400,7400,0
2022-03-08 11:45:00,7400,7400,7400,7400,0
2022-03-08 11:46:00,7400,7400,7400,7400,0
2022-03-08 11:47:00,7400,7400,7400,7400,0
2022-03-08 11:48:00,7400,7400,7400,7400,0
2022-03-08 11:49:00,7400,7400,7400,7400,0
2022-03-08 11:50:00,7400,7400,7400,7400,0
2022-03-08 11:51:00,7400,7400,7400,7400,0
2022-03-08 11:52:00,7400,7400,7400,7400,0
2022-03-08 11:53:00,7400,7400,7400,7400,0
2022-03-08 11:54:00,7400,7400,7400,7400,0
2022-03-08 11:55:00,7400,7400,7400,7400,0
2022-03-08 11:56:00,7400,7400,7400,7400,0
2022-03-08 11:57:00,7400,7400,7400,7400,0
2022-03-08 11:58:00,7400,7400,7400,7400,0
2022-03-08 11:59:00,7400,7400,7400,7400,0
2022-03-08 12:00:00,7400,7400,7400,7400,0
2022-03-08 12:01:00,7400,7400,7400,7400,0
2022-03-08 12:02:00,7400,7400,7400,7400,0
2022-03-08 12:03:00,7400,7400,7400,7400,0
2022-03-08 12:04:00,7400,7400,7400,7400,0
2022-03-08 12:05:00,7400,7400,7400,7400,0
2022-03-08 12:06:00,7400,7400,7400,7400,0
2022-03-08 12:07:00,7400,7400,7400,7400,0
2022-03-08 12:08:00,7400,7400,7400,7400,0
2022-03-08 12:09:00,7400,7400,7400,7400,0
2022-03-08 12:10:00,7400,7400,7400,7400,0
2022-03-08 12:11:00,7400,7400,7400,7400,0
2022-03-08 12:12:00,7400,7400,7400,7400,0
2022-03-08 12:13:00,7400,7400,7400,7400,0
2022-03-08 12:14:00,7400,7400,7400,7400,0
2022-03-08 12:15:00,7400,7400,7400,7400,0
2022-03-08 12:16:00,7400,7400,7400,7400,0
2022-03-08 12:17:00,7400,7400,7400,7400,0
2022-03-08 12:18:00,7400,7400,7400,7400,0
2022-03-08 12:19:00,7400,7400,7400,7400,0
2022-03-08 12:20:00,7400,7400,7400,7400,0
2022-03-08 12:21:00,7400,7400,7400,7400,0
2022-03-08 12:22:00,7400,7400,7400,7400,0
2022-03-08 12:23:00,7400,7400,7400,7400,0
2022-03-08 12:24:00,7400,7400,7400,7400,0
2022-03-08 12:25:00,7400,7400,7400,7400,0
2022-03-08 12:26:00,7400,7400,7400,7400,0
2022-03-08 12:27:00,7400,7400,7400,7400,0
2022-03-08 12:28:00,7400,7400,7400,7400,0
2022-03-08 12:29:00,7400,7400,7400,7400,0
2022-03-08 12:30:00,7400,7400,7400,7400,0
2022-03-08 12:31:00,7400,7400,7400,7400,0
2022-03-08 12:32:00,7400,7400,7400,7400,0
2022-03-08 12:33:00,7400,7400,7400,7400,0
2022-03-08 12:34:00,7400,7400,7400,7400,0
2022-03-08 12:35:00,7400,7400,7400,7400,0
2022-03-08 12:36:00,7400,7400,7400,7400,0
2022-03-08 12:37:00,7400,7400,7400,7400,0
2022-03-08 12:38:00,7400,7400,7400,7400,0
2022-03-08 12:39:00,7400,7400,7400,7400,0
2022-03-08 12:40:00,7400,7400,7400,7400,0
2022-03-08 12:41:00,7400,7400,7400,7400,0
2022-03-08 12:42:00,7400,7400,7400,7400,0
2022-03-08 12:43:00,7400,7400,7400,7400,0
2022-03-08 12:44:00,7400,7400,7400,7400,0
2022-03-08 12:45:00,7400,7400,7400,7400,0
2022-03-08 12:46:00,7400,7400,7400,7400,0
2022-03-08 12:47:00,7400,7400,7400,7400,0
2022-03-08 12:48:00,7400,7400,7400,7400,0
2022-03-08 12:49:00,7400,7400,7400,7400,0
2022-03-08 12:50:00,7400,7400,7400,7400,0
2022-03-08 12:51:00,7400,7400,7400,7400,0
2022-03-08 12:52:00,7400,7400,7400,7400,0
2022-03-08 12:53:00,7400,7400,7400,7400,0
2022-03-08 12:54:00,7400,7400,7400,7400,0
2022-03-08 12:55:00,7400,7400,7400,7400,0
2022-03-08 12:56:00,7400,7400,7400,7400,0
2022-03-08 12:57:00,7400,7400,7400,7400,0
2022-03-08 12:58:00,7400,7400,7400,7400,0
2022-03-08 12:59:00,7400,7400,7400,7400,0
2022-03-08 13:00:00,7400,7400,7400,7400,0
2022-03-08 13:01:00,7400,7400,7400,7400,0
2022-03-08 13:02:00,7400,7400,7400,7400,0
2022-03-08 13:03:00,7400,7400,7400,7400,0
2022-03-08 13:04:00,7400,7400,7400,7400,0
2022-03-08 13:05:00,7400,7400,7400,7400,0
2022-03-08 13:06:00,7400,7400,7400,7400,0
2022-03-08 13:07:00,7400,7400,7400,7400,0
2022-03-08 13:08:00,7400,7400,7400,7400,0
2022-03-08 13:09:00,7400,7400,7400,7400,0
2022-03-08 13:10:00,7400,7400,7400,7400,0
2022-03-08 13:11:00,7400,7400,7400,7400,0
2022-03-08 13:12:00,7400,7400,7400,7400,0
2022-03-08 13:13:00,7400,7400,7400,7400,0
2022-03-08 13:14:00,7400,7400,7400,7400,0
2022-03-08 13:15:00,7400,7400,7400,7400,0
2022-03-08 13:16:00,7400,7400,7400,7400,0
2022-03-08 13:17:00,7400,7400,7400,7400,0
2022-03-08 13:18:00,7400,7400,7400,7400,0
2022-03-08 13:19:00,7400,7400,7400,7400,0
2022-03-08 13:20:00,7400,7400,7400,7400,0
2022-03-08 13:21:00,7400,7400,7400,7400,0
2022-03-08 13:22:00,7400,7400,7400,7400,0
2022-03-08 13:23:00,7400,7400,7400,7400,0
2022-03-08 13:24:00,7400,7400,7400,7400,0
2022-03-08 13:25:00,7400,7400,7400,7400,0
2022-03-08 13:26:00,7400,7400,7400,7400,0
2022-03-08 13:27:00,7400,7400,7400,7400,0
2022-03-08 13:28:00,7400,7400,7400,7400,0
2022-03-08 13:29:00,7400,7400,7400,7400,0
2022-03-08 13:30:00,7400,7350,7400,7375,123000
2022-03-08 13:31:00,7375,7325,7375,7325,163300
2022-03-08 13:32:00,7350,7300,7350,7300,256700
2022-03-08 13:33:00,7300,7300,7325,7325,199800
2022-03-08 13:34:00,7325,7300,7325,7325,43900
2022-03-08 13:35:00,7325,7300,7325,7325,63400
2022-03-08 13:36:00,7325,7300,7325,7325,65500
2022-03-08 13:37:00,7325,7325,7325,7325,4300
2022-03-08 13:38:00,7325,7325,7375,7350,58500
2022-03-08 13:39:00,7375,7350,7375,7375,6200
2022-03-08 13:40:00,7350,7350,7375,7375,16900
2022-03-08 13:41:00,7375,7350,7375,7375,18200
2022-03-08 13:42:00,7350,7350,7400,7400,24800
2022-03-08 13:43:00,7400,7375,7400,7375,2700
2022-03-08 13:44:00,7375,7375,7400,7400,27100
2022-03-08 13:45:00,7400,7400,7400,7400,500
2022-03-08 13:46:00,7375,7350,7400,7350,175900
2022-03-08 13:47:00,7350,7325,7350,7350,217300
2022-03-08 13:48:00,7325,7325,7350,7350,13600
2022-03-08 13:49:00,7325,7325,7350,7350,20700
2022-03-08 13:50:00,7325,7325,7350,7350,16400
2022-03-08 13:51:00,7350,7325,7350,7325,13200
2022-03-08 13:52:00,7325,7325,7350,7350,11000
2022-03-08 13:53:00,7350,7350,7350,7350,1300
2022-03-08 13:54:00,7325,7325,7350,7350,22400
2022-03-08 13:55:00,7325,7325,7350,7350,51600
2022-03-08 13:56:00,7325,7325,7350,7350,44700
2022-03-08 13:57:00,7350,7350,7375,7350,38900
2022-03-08 13:58:00,7350,7350,7350,7350,5800
2022-03-08 13:59:00,7325,7325,7350,7350,23100
2022-03-08 14:00:00,7350,7325,7350,7350,14400
2022-03-08 14:01:00,7325,7325,7350,7325,15700
2022-03-08 14:02:00,7350,7325,7350,7325,3600
2022-03-08 14:03:00,7325,7325,7350,7325,36800
2022-03-08 14:04:00,7325,7325,7350,7325,0
2022-03-08 14:05:00,7325,7325,7350,7350,38200
2022-03-08 14:06:00,7350,7350,7350,7350,100
2022-03-08 14:07:00,7325,7325,7350,7350,28300
2022-03-08 14:08:00,7350,7325,7350,7325,3500
2022-03-08 14:09:00,7325,7325,7350,7325,33300
2022-03-08 14:10:00,7325,7325,7325,7325,10700
2022-03-08 14:11:00,7325,7325,7350,7350,10400
2022-03-08 14:12:00,7350,7325,7350,7350,5500
2022-03-08 14:13:00,7325,7325,7350,7350,17600
2022-03-08 14:14:00,7350,7350,7350,7350,28200
2022-03-08 14:15:00,7350,7325,7350,7325,19200
2022-03-08 14:16:00,7325,7325,7325,7325,19400
2022-03-08 14:17:00,7350,7325,7350,7350,6300
2022-03-08 14:18:00,7325,7325,7350,7325,17700
2022-03-08 14:19:00,7325,7325,7325,7325,1300
2022-03-08 14:20:00,7325,7325,7325,7325,26800
2022-03-08 14:21:00,7325,7325,7325,7325,23500
2022-03-08 14:22:00,7325,7300,7325,7300,61600
2022-03-08 14:23:00,7300,7300,7325,7325,2600
2022-03-08 14:24:00,7300,7300,7325,7300,29100
2022-03-08 14:25:00,7325,7300,7325,7325,73400
2022-03-08 14:26:00,7300,7300,7325,7300,32600
2022-03-08 14:27:00,7300,7300,7325,7325,6900
2022-03-08 14:28:00,7325,7300,7325,7325,29900
2022-03-08 14:29:00,7325,7325,7325,7325,5900
2022-03-08 14:30:00,7325,7325,7325,7325,15200
2022-03-08 14:31:00,7325,7325,7350,7325,16800
2022-03-08 14:32:00,7325,7325,7350,7325,10900
2022-03-08 14:33:00,7325,7325,7350,7325,32200
2022-03-08 14:34:00,7300,7300,7325,7300,25800
2022-03-08 14:35:00,7300,7300,7300,7300,18400
2022-03-08 14:36:00,7300,7300,7325,7325,42300
2022-03-08 14:37:00,7300,7300,7325,7300,9600
2022-03-08 14:38:00,7300,7300,7325,7300,56800
2022-03-08 14:39:00,7325,7300,7325,7300,13300
2022-03-08 14:40:00,7300,7300,7325,7300,26600
2022-03-08 14:41:00,7300,7300,7325,7300,38800
2022-03-08 14:42:00,7300,7300,7325,7325,17400
2022-03-08 14:43:00,7300,7300,7325,7325,46400
2022-03-08 14:44:00,7300,7300,7325,7300,22500
2022-03-08 14:45:00,7325,7300,7325,7325,12600
2022-03-08 14:46:00,7300,7300,7325,7300,27400
2022-03-08 14:47:00,7325,7300,7325,7300,39700
2022-03-08 14:48:00,7300,7275,7325,7275,41500
2022-03-08 14:49:00,7275,7250,7300,7250,74900
2022-03-08 14:50:00,7275,7275,7275,7275,100
2022-03-08 14:51:00,7275,7275,7275,7275,0
2022-03-08 14:52:00,7275,7275,7275,7275,0
2022-03-08 14:53:00,7275,7275,7275,7275,0
2022-03-08 14:54:00,7275,7275,7275,7275,0
2022-03-08 14:55:00,7275,7275,7275,7275,0
2022-03-08 14:56:00,7275,7275,7275,7275,0
2022-03-08 14:57:00,7275,7275,7275,7275,0
2022-03-08 14:58:00,7275,7275,7275,7275,0
2022-03-08 14:59:00,7275,7275,7275,7275,0
2022-03-08 15:00:00,7275,7275,7275,7275,119500
2022-03-08 15:01:00,7275,7275,7275,7275,26700
2022-03-08 15:02:00,7275,7275,7275,7275,22500
2022-03-08 15:03:00,7275,7275,7275,7275,100
2022-03-08 15:04:00,7275,7275,7275,7275,3800
2022-03-08 15:05:00,7275,7275,7275,7275,600
2022-03-08 15:06:00,7275,7275,7275,7275,2500
2022-03-08 15:07:00,7275,7275,7275,7275,0
2022-03-08 15:08:00,7275,7275,7275,7275,0
2022-03-08 15:09:00,7275,7275,7275,7275,0
2022-03-08 15:10:00,7275,7275,7275,7275,31500
2022-03-08 15:11:00,7275,7275,7275,7275,200
2022-03-08 15:12:00,7275,7275,7275,7275,49800
2022-03-08 15:13:00,7275,7275,7275,7275,19300
2022-03-08 15:14:00,7275,7275,7275,7275,14700
2022-03-08 15:15:00,7275,7275,7275,7275,0
2022-03-08 15:16:00,7275,7275,7275,7275,0
2022-03-08 15:17:00,7275,7275,7275,7275,0
2022-03-08 15:18:00,7275,7275,7275,7275,0
2022-03-08 15:19:00,7275,7275,7275,7275,0
2022-03-08 15:20:00,7275,7275,7275,7275,0
2022-03-08 15:21:00,7275,7275,7275,7275,0
2022-03-08 15:22:00,7275,7275,7275,7275,0
2022-03-08 15:23:00,7275,7275,7275,7275,0
2022-03-08 15:24:00,7275,7275,7275,7275,0
2022-03-08 15:25:00,7275,7275,7275,7275,0
2022-03-08 15:26:00,7275,7275,7275,7275,0
2022-03-08 15:27:00,7275,7275,7275,7275,0
2022-03-08 15:28:00,7275,7275,7275,7275,0
2022-03-08 15:29:00,7275,7275,7275,7275,0
2022-03-08 15:30:00,7275,7275,7275,7275,0
2022-03-08 15:31:00,7275,7275,7275,7275,0
2022-03-08 15:32:00,7275,7275,7275,7275,0
2022-03-08 15:33:00,7275,7275,7275,7275,0
2022-03-08 15:34:00,7275,7275,7275,7275,0
2022-03-08 15:35:00,7275,7275,7275,7275,0
2022-03-08 15:36:00,7275,7275,7275,7275,0
2022-03-08 15:37:00,7275,7275,7275,7275,0
2022-03-08 15:38:00,7275,7275,7275,7275,0
2022-03-08 15:39:00,7275,7275,7275,7275,0
2022-03-08 15:40:00,7275,7275,7275,7275,0
2022-03-08 15:41:00,7275,7275,7275,7275,0
2022-03-08 15:42:00,7275,7275,7275,7275,0
2022-03-08 15:43:00,7275,7275,7275,7275,0
2022-03-08 15:44:00,7275,7275,7275,7275,0
2022-03-08 15:45:00,7275,7275,7275,7275,0
2022-03-08 15:46:00,7275,7275,7275,7275,0
2022-03-08 15:47:00,7275,7275,7275,7275,0
2022-03-08 15:48:00,7275,7275,7275,7275,0
2022-03-08 15:49:00,7275,7275,7275,7275,0
2022-03-08 15:50:00,7275,7275,7275,7275,0
2022-03-08 15:51:00,7275,7275,7275,7275,0
2022-03-08 15:52:00,7275,7275,7275,7275,0
2022-03-08 15:53:00,7275,7275,7275,7275,0
2022-03-08 15:54:00,7275,7275,7275,7275,0
2022-03-08 15:55:00,7275,7275,7275,7275,0
2022-03-08 15:56:00,7275,7275,7275,7275,0
2022-03-08 15:57:00,7275,7275,7275,7275,0
2022-03-08 15:58:00,7275,7275,7275,7275,0
2022-03-08 15:59:00,7275,7275,7275,7275,0
2022-03-09 09:00:00,7300,7300,7300,7300,24700
2022-03-09 09:01:00,7300,7300,7325,7325,3500
2022-03-09 09:02:00,7325,7325,7325,7325,14600
2022-03-09 09:03:00,7325,7300,7350,7325,4600
2022-03-09 09:04:00,7325,7325,7350,7325,6400
2022-03-09 09:05:00,7350,7325,7350,7350,110300
2022-03-09 09:06:00,7375,7350,7375,7375,26300
2022-03-09 09:07:00,7400,7375,7425,7400,163300
2022-03-09 09:08:00,7400,7350,7400,7375,49300
2022-03-09 09:09:00,7375,7375,7400,7375,20100
2022-03-09 09:10:00,7350,7350,7350,7350,16100
2022-03-09 09:11:00,7325,7325,7350,7350,13500
2022-03-09 09:12:00,7350,7350,7375,7350,68100
2022-03-09 09:13:00,7375,7375,7375,7375,8200
2022-03-09 09:14:00,7375,7375,7425,7425,9100
2022-03-09 09:15:00,7425,7425,7425,7425,84000
2022-03-09 09:16:00,7425,7425,7525,7525,273600
2022-03-09 09:17:00,7525,7500,7525,7525,141400
2022-03-09 09:18:00,7525,7500,7525,7525,66300
2022-03-09 09:19:00,7525,7500,7550,7525,43000
2022-03-09 09:20:00,7525,7525,7525,7525,31800
2022-03-09 09:21:00,7525,7500,7525,7500,30600
2022-03-09 09:22:00,7525,7500,7525,7525,7400
2022-03-09 09:23:00,7525,7500,7525,7525,33200
2022-03-09 09:24:00,7525,7500,7525,7525,53400
2022-03-09 09:25:00,7525,7500,7550,7525,48400
2022-03-09 09:26:00,7550,7525,7550,7525,61700
2022-03-09 09:27:00,7500,7500,7525,7500,8300
2022-03-09 09:28:00,7525,7500,7525,7525,13200
2022-03-09 09:29:00,7525,7500,7525,7500,10700
2022-03-09 09:30:00,7525,7500,7525,7500,37200
2022-03-09 09:31:00,7525,7500,7525,7500,78300
2022-03-09 09:32:00,7500,7475,7500,7500,60600
2022-03-09 09:33:00,7500,7500,7500,7500,5400
2022-03-09 09:34:00,7500,7475,7500,7475,1100
2022-03-09 09:35:00,7475,7475,7475,7475,64100
2022-03-09 09:36:00,7475,7450,7475,7450,34100
2022-03-09 09:37:00,7450,7450,7500,7475,52500
2022-03-09 09:38:00,7475,7450,7475,7475,2600
2022-03-09 09:39:00,7475,7475,7475,7475,1400
2022-03-09 09:40:00,7475,7450,7475,7450,1600
2022-03-09 09:41:00,7450,7425,7450,7450,28600
2022-03-09 09:42:00,7425,7425,7450,7450,1100
2022-03-09 09:43:00,7450,7425,7450,7450,1400
2022-03-09 09:44:00,7450,7425,7450,7450,0
2022-03-09 09:45:00,7450,7450,7450,7450,500
2022-03-09 09:46:00,7425,7425,7450,7425,6200
2022-03-09 09:47:00,7425,7425,7450,7425,9100
2022-03-09 09:48:00,7450,7425,7450,7425,14900
2022-03-09 09:49:00,7425,7425,7450,7450,22100
2022-03-09 09:50:00,7425,7425,7425,7425,29300
2022-03-09 09:51:00,7400,7400,7425,7425,7600
2022-03-09 09:52:00,7400,7400,7425,7425,9400
2022-03-09 09:53:00,7400,7400,7425,7425,1800
2022-03-09 09:54:00,7425,7400,7425,7400,39500
2022-03-09 09:55:00,7400,7400,7400,7400,116400
2022-03-09 09:56:00,7375,7375,7375,7375,7800
2022-03-09 09:57:00,7375,7375,7375,7375,31000
2022-03-09 09:58:00,7375,7350,7375,7375,35700
2022-03-09 09:59:00,7375,7375,7400,7400,13200
2022-03-09 10:00:00,7375,7375,7400,7400,5200
2022-03-09 10:01:00,7400,7375,7425,7375,10400
2022-03-09 10:02:00,7425,7425,7425,7425,1500
2022-03-09 10:03:00,7425,7400,7425,7400,9500
2022-03-09 10:04:00,7425,7400,7425,7400,0
2022-03-09 10:05:00,7400,7400,7400,7400,300
2022-03-09 10:06:00,7425,7425,7450,7450,5300
2022-03-09 10:07:00,7425,7425,7450,7450,23300
2022-03-09 10:08:00,7450,7450,7450,7450,300
2022-03-09 10:09:00,7425,7425,7425,7425,2800
2022-03-09 10:10:00,7450,7425,7450,7425,6600
2022-03-09 10:11:00,7425,7425,7425,7425,1600
2022-03-09 10:12:00,7425,7425,7425,7425,3000
2022-03-09 10:13:00,7450,7450,7450,7450,100
2022-03-09 10:14:00,7450,7450,7450,7450,200
2022-03-09 10:15:00,7450,7450,7450,7450,7100
2022-03-09 10:16:00,7450,7425,7450,7425,7600
2022-03-09 10:17:00,7425,7425,7425,7425,1600
2022-03-09 10:18:00,7425,7425,7425,7425,0
2022-03-09 10:19:00,7450,7450,7475,7450,7500
2022-03-09 10:20:00,7450,7450,7450,7450,2100
2022-03-09 10:21:00,7450,7450,7450,7450,200
2022-03-09 10:22:00,7475,7475,7475,7475,6000
2022-03-09 10:23:00,7475,7475,7475,7475,100
2022-03-09 10:24:00,7450,7450,7450,7450,1900
2022-03-09 10:25:00,7450,7450,7450,7450,1700
2022-03-09 10:26:00,7450,7450,7475,7475,8300
2022-03-09 10:27:00,7475,7475,7475,7475,1000
2022-03-09 10:28:00,7475,7475,7475,7475,0
2022-03-09 10:29:00,7475,7450,7475,7450,8400
2022-03-09 10:30:00,7450,7450,7450,7450,1100
2022-03-09 10:31:00,7450,7450,7475,7475,5700
2022-03-09 10:32:00,7475,7475,7475,7475,2500
2022-03-09 10:33:00,7475,7475,7500,7500,8400
2022-03-09 10:34:00,7475,7475,7500,7500,0
2022-03-09 10:35:00,7500,7475,7500,7500,6500
2022-03-09 10:36:00,7475,7475,7475,7475,5000
2022-03-09 10:37:00,7475,7475,7475,7475,0
2022-03-09 10:38:00,7475,7475,7475,7475,100
2022-03-09 10:39:00,7475,7475,7475,7475,1000
2022-03-09 10:40:00,7475,7475,7475,7475,5800
2022-03-09 10:41:00,7475,7475,7475,7475,200
2022-03-09 10:42:00,7475,7475,7500,7500,5000
2022-03-09 10:43:00,7475,7475,7475,7475,3200
2022-03-09 10:44:00,7500,7500,7500,7500,2800
2022-03-09 10:45:00,7475,7475,7500,7475,6500
2022-03-09 10:46:00,7450,7450,7450,7450,1100
2022-03-09 10:47:00,7450,7450,7475,7475,7600
2022-03-09 10:48:00,7475,7425,7475,7425,17100
2022-03-09 10:49:00,7475,7425,7475,7425,0
2022-03-09 10:50:00,7425,7425,7450,7450,36800
2022-03-09 10:51:00,7450,7450,7450,7450,1800
2022-03-09 10:52:00,7475,7475,7475,7475,4000
2022-03-09 10:53:00,7450,7450,7475,7450,2000
2022-03-09 10:54:00,7475,7475,7475,7475,5000
2022-03-09 10:55:00,7475,7475,7475,7475,1000
2022-03-09 10:56:00,7475,7475,7500,7500,4300
2022-03-09 10:57:00,7500,7500,7500,7500,2400
2022-03-09 10:58:00,7500,7500,7500,7500,14400
2022-03-09 10:59:00,7500,7475,7500,7475,6500
2022-03-09 11:00:00,7475,7475,7475,7475,700
2022-03-09 11:01:00,7500,7500,7500,7500,10500
2022-03-09 11:02:00,7475,7475,7475,7475,700
2022-03-09 11:03:00,7500,7500,7500,7500,4800
2022-03-09 11:04:00,7500,7475,7500,7475,3600
2022-03-09 11:05:00,7475,7475,7500,7500,6200
2022-03-09 11:06:00,7500,7500,7500,7500,1800
2022-03-09 11:07:00,7500,7500,7500,7500,300
2022-03-09 11:08:00,7500,7500,7500,7500,8800
2022-03-09 11:09:00,7475,7475,7500,7500,1100
2022-03-09 11:10:00,7475,7475,7500,7500,7700
2022-03-09 11:11:00,7500,7475,7500,7475,1900
2022-03-09 11:12:00,7500,7475,7500,7500,8100
2022-03-09 11:13:00,7500,7475,7500,7500,0
2022-03-09 11:14:00,7475,7475,7475,7475,1500
2022-03-09 11:15:00,7475,7475,7500,7475,6000
2022-03-09 11:16:00,7500,7475,7500,7475,1400
2022-03-09 11:17:00,7475,7475,7500,7475,4900
2022-03-09 11:18:00,7500,7475,7500,7475,8400
2022-03-09 11:19:00,7475,7475,7500,7475,9700
2022-03-09 11:20:00,7475,7475,7500,7475,0
2022-03-09 11:21:00,7475,7475,7500,7475,0
2022-03-09 11:22:00,7475,7475,7475,7475,4700
2022-03-09 11:23:00,7475,7475,7475,7475,1900
2022-03-09 11:24:00,7450,7450,7475,7475,10000
2022-03-09 11:25:00,7475,7475,7475,7475,1700
2022-03-09 11:26:00,7475,7475,7475,7475,0
2022-03-09 11:27:00,7475,7450,7475,7475,1200
2022-03-09 11:28:00,7475,7475,7475,7475,6300
2022-03-09 11:29:00,7475,7475,7475,7475,100
2022-03-09 11:30:00,7475,7475,7475,7475,0
2022-03-09 11:31:00,7475,7475,7475,7475,0
2022-03-09 11:32:00,7475,7475,7475,7475,0
2022-03-09 11:33:00,7475,7475,7475,7475,0
2022-03-09 11:34:00,7475,7475,7475,7475,0
2022-03-09 11:35:00,7475,7475,7475,7475,0
2022-03-09 11:36:00,7475,7475,7475,7475,0
2022-03-09 11:37:00,7475,7475,7475,7475,0
2022-03-09 11:38:00,7475,7475,7475,7475,0
2022-03-09 11:39:00,7475,7475,7475,7475,0
2022-03-09 11:40:00,7475,7475,7475,7475,0
2022-03-09 11:41:00,7475,7475,7475,7475,0
2022-03-09 11:42:00,7475,7475,7475,7475,0
2022-03-09 11:43:00,7475,7475,7475,7475,0
2022-03-09 11:44:00,7475,7475,7475,7475,0
2022-03-09 11:45:00,7475,7475,7475,7475,0
2022-03-09 11:46:00,7475,7475,7475,7475,0
2022-03-09 11:47:00,7475,7475,7475,7475,0
2022-03-09 11:48:00,7475,7475,7475,7475,0
2022-03-09 11:49:00,7475,7475,7475,7475,0
2022-03-09 11:50:00,7475,7475,7475,7475,0
2022-03-09 11:51:00,7475,7475,7475,7475,0
2022-03-09 11:52:00,7475,7475,7475,7475,0
2022-03-09 11:53:00,7475,7475,7475,7475,0
2022-03-09 11:54:00,7475,7475,7475,7475,0
2022-03-09 11:55:00,7475,7475,7475,7475,0
2022-03-09 11:56:00,7475,7475,7475,7475,0
2022-03-09 11:57:00,7475,7475,7475,7475,0
2022-03-09 11:58:00,7475,7475,7475,7475,0
2022-03-09 11:59:00,7475,7475,7475,7475,0
2022-03-09 12:00:00,7475,7475,7475,7475,0
2022-03-09 12:01:00,7475,7475,7475,7475,0
2022-03-09 12:02:00,7475,7475,7475,7475,0
2022-03-09 12:03:00,7475,7475,7475,7475,0
2022-03-09 12:04:00,7475,7475,7475,7475,0
2022-03-09 12:05:00,7475,7475,7475,7475,0
2022-03-09 12:06:00,7475,7475,7475,7475,0
2022-03-09 12:07:00,7475,7475,7475,7475,0
2022-03-09 12:08:00,7475,7475,7475,7475,0
2022-03-09 12:09:00,7475,7475,7475,7475,0
2022-03-09 12:10:00,7475,7475,7475,7475,0
2022-03-09 12:11:00,7475,7475,7475,7475,0
2022-03-09 12:12:00,7475,7475,7475,7475,0
2022-03-09 12:13:00,7475,7475,7475,7475,0
2022-03-09 12:14:00,7475,7475,7475,7475,0
2022-03-09 12:15:00,7475,7475,7475,7475,0
2022-03-09 12:16:00,7475,7475,7475,7475,0
2022-03-09 12:17:00,7475,7475,7475,7475,0
2022-03-09 12:18:00,7475,7475,7475,7475,0
2022-03-09 12:19:00,7475,7475,7475,7475,0
2022-03-09 12:20:00,7475,7475,7475,7475,0
2022-03-09 12:21:00,7475,7475,7475,7475,0
2022-03-09 12:22:00,7475,7475,7475,7475,0
2022-03-09 12:23:00,7475,7475,7475,7475,0
2022-03-09 12:24:00,7475,7475,7475,7475,0
2022-03-09 12:25:00,7475,7475,7475,7475,0
2022-03-09 12:26:00,7475,7475,7475,7475,0
2022-03-09 12:27:00,7475,7475,7475,7475,0
2022-03-09 12:28:00,7475,7475,7475,7475,0
2022-03-09 12:29:00,7475,7475,7475,7475,0
2022-03-09 12:30:00,7475,7475,7475,7475,0
2022-03-09 12:31:00,7475,7475,7475,7475,0
2022-03-09 12:32:00,7475,7475,7475,7475,0
2022-03-09 12:33:00,7475,7475,7475,7475,0
2022-03-09 12:34:00,7475,7475,7475,7475,0
2022-03-09 12:35:00,7475,7475,7475,7475,0
2022-03-09 12:36:00,7475,7475,7475,7475,0
2022-03-09 12:37:00,7475,7475,7475,7475,0
2022-03-09 12:38:00,7475,7475,7475,7475,0
2022-03-09 12:39:00,7475,7475,7475,7475,0
2022-03-09 12:40:00,7475,7475,7475,7475,0
2022-03-09 12:41:00,7475,7475,7475,7475,0
2022-03-09 12:42:00,7475,7475,7475,7475,0
2022-03-09 12:43:00,7475,7475,7475,7475,0
2022-03-09 12:44:00,7475,7475,7475,7475,0
2022-03-09 12:45:00,7475,7475,7475,7475,0
2022-03-09 12:46:00,7475,7475,7475,7475,0
2022-03-09 12:47:00,7475,7475,7475,7475,0
2022-03-09 12:48:00,7475,7475,7475,7475,0
2022-03-09 12:49:00,7475,7475,7475,7475,0
2022-03-09 12:50:00,7475,7475,7475,7475,0
2022-03-09 12:51:00,7475,7475,7475,7475,0
2022-03-09 12:52:00,7475,7475,7475,7475,0
2022-03-09 12:53:00,7475,7475,7475,7475,0
2022-03-09 12:54:00,7475,7475,7475,7475,0
2022-03-09 12:55:00,7475,7475,7475,7475,0
2022-03-09 12:56:00,7475,7475,7475,7475,0
2022-03-09 12:57:00,7475,7475,7475,7475,0
2022-03-09 12:58:00,7475,7475,7475,7475,0
2022-03-09 12:59:00,7475,7475,7475,7475,0
2022-03-09 13:00:00,7475,7475,7475,7475,0
2022-03-09 13:01:00,7475,7475,7475,7475,0
2022-03-09 13:02:00,7475,7475,7475,7475,0
2022-03-09 13:03:00,7475,7475,7475,7475,0
2022-03-09 13:04:00,7475,7475,7475,7475,0
2022-03-09 13:05:00,7475,7475,7475,7475,0
2022-03-09 13:06:00,7475,7475,7475,7475,0
2022-03-09 13:07:00,7475,7475,7475,7475,0
2022-03-09 13:08:00,7475,7475,7475,7475,0
2022-03-09 13:09:00,7475,7475,7475,7475,0
2022-03-09 13:10:00,7475,7475,7475,7475,0
2022-03-09 13:11:00,7475,7475,7475,7475,0
2022-03-09 13:12:00,7475,7475,7475,7475,0
2022-03-09 13:13:00,7475,7475,7475,7475,0
2022-03-09 13:14:00,7475,7475,7475,7475,0
2022-03-09 13:15:00,7475,7475,7475,7475,0
2022-03-09 13:16:00,7475,7475,7475,7475,0
2022-03-09 13:17:00,7475,7475,7475,7475,0
2022-03-09 13:18:00,7475,7475,7475,7475,0
2022-03-09 13:19:00,7475,7475,7475,7475,0
2022-03-09 13:20:00,7475,7475,7475,7475,0
2022-03-09 13:21:00,7475,7475,7475,7475,0
2022-03-09 13:22:00,7475,7475,7475,7475,0
2022-03-09 13:23:00,7475,7475,7475,7475,0
2022-03-09 13:24:00,7475,7475,7475,7475,0
2022-03-09 13:25:00,7475,7475,7475,7475,0
2022-03-09 13:26:00,7475,7475,7475,7475,0
2022-03-09 13:27:00,7475,7475,7475,7475,0
2022-03-09 13:28:00,7475,7475,7475,7475,0
2022-03-09 13:29:00,7475,7475,7475,7475,0
2022-03-09 13:30:00,7450,7450,7475,7475,23300
2022-03-09 13:31:00,7475,7475,7475,7475,1500
2022-03-09 13:32:00,7500,7500,7500,7500,100
2022-03-09 13:33:00,7475,7475,7500,7500,5600
2022-03-09 13:34:00,7500,7500,7500,7500,1000
2022-03-09 13:35:00,7475,7475,7475,7475,800
2022-03-09 13:36:00,7475,7475,7475,7475,700
2022-03-09 13:37:00,7475,7475,7475,7475,700
2022-03-09 13:38:00,7475,7475,7475,7475,35100
2022-03-09 13:39:00,7475,7475,7475,7475,0
2022-03-09 13:40:00,7475,7475,7500,7475,5200
2022-03-09 13:41:00,7500,7475,7500,7500,800
2022-03-09 13:42:00,7475,7475,7500,7500,5500
2022-03-09 13:43:00,7475,7450,7475,7475,3300
2022-03-09 13:44:00,7475,7475,7475,7475,3000
2022-03-09 13:45:00,7475,7450,7475,7450,23800
2022-03-09 13:46:00,7425,7425,7425,7425,7300
2022-03-09 13:47:00,7425,7425,7425,7425,10200
2022-03-09 13:48:00,7425,7425,7425,7425,0
2022-03-09 13:49:00,7425,7400,7425,7400,24400
2022-03-09 13:50:00,7425,7425,7425,7425,3500
2022-03-09 13:51:00,7425,7425,7425,7425,200
2022-03-09 13:52:00,7425,7400,7425,7425,1500
2022-03-09 13:53:00,7425,7400,7425,7400,6100
2022-03-09 13:54:00,7400,7400,7400,7400,500
2022-03-09 13:55:00,7425,7425,7425,7425,2300
2022-03-09 13:56:00,7425,7425,7425,7425,200
2022-03-09 13:57:00,7400,7400,7400,7400,200
2022-03-09 13:58:00,7425,7400,7425,7425,2300
2022-03-09 13:59:00,7400,7400,7425,7425,300
2022-03-09 14:00:00,7425,7425,7425,7425,1400
2022-03-09 14:01:00,7425,7425,7450,7450,5100
2022-03-09 14:02:00,7425,7425,7425,7425,8900
2022-03-09 14:03:00,7425,7425,7425,7425,500
2022-03-09 14:04:00,7425,7425,7425,7425,800
2022-03-09 14:05:00,7425,7425,7425,7425,500
2022-03-09 14:06:00,7425,7425,7425,7425,700
2022-03-09 14:07:00,7425,7425,7425,7425,3500
2022-03-09 14:08:00,7425,7425,7425,7425,0
2022-03-09 14:09:00,7425,7425,7425,7425,900
2022-03-09 14:10:00,7425,7425,7425,7425,200
2022-03-09 14:11:00,7400,7400,7400,7400,200
2022-03-09 14:12:00,7425,7425,7425,7425,2000
2022-03-09 14:13:00,7425,7425,7425,7425,0
2022-03-09 14:14:00,7425,7425,7425,7425,900
2022-03-09 14:15:00,7425,7425,7425,7425,12200
2022-03-09 14:16:00,7425,7425,7450,7450,6100
2022-03-09 14:17:00,7425,7425,7450,7450,0
2022-03-09 14:18:00,7425,7425,7425,7425,1200
2022-03-09 14:19:00,7425,7425,7450,7450,3500
2022-03-09 14:20:00,7425,7425,7450,7450,0
2022-03-09 14:21:00,7425,7425,7450,7450,300
2022-03-09 14:22:00,7450,7425,7450,7450,7400
2022-03-09 14:23:00,7450,7450,7450,7450,5000
2022-03-09 14:24:00,7450,7450,7450,7450,23900
2022-03-09 14:25:00,7450,7450,7475,7450,33500
2022-03-09 14:26:00,7450,7450,7450,7450,4800
2022-03-09 14:27:00,7450,7450,7450,7450,2900
2022-03-09 14:28:00,7425,7425,7425,7425,1200
2022-03-09 14:29:00,7425,7425,7425,7425,0
2022-03-09 14:30:00,7425,7425,7425,7425,21200
2022-03-09 14:31:00,7425,7425,7425,7425,0
2022-03-09 14:32:00,7425,7425,7425,7425,21100
2022-03-09 14:33:00,7425,7425,7425,7425,0
2022-03-09 14:34:00,7425,7425,7425,7425,1100
2022-03-09 14:35:00,7425,7425,7425,7425,2000
2022-03-09 14:36:00,7425,7425,7425,7425,200
2022-03-09 14:37:00,7400,7400,7425,7425,800
2022-03-09 14:38:00,7400,7400,7400,7400,92900
2022-03-09 14:39:00,7400,7400,7400,7400,23400
2022-03-09 14:40:00,7375,7375,7375,7375,22600
2022-03-09 14:41:00,7375,7375,7400,7400,40300
2022-03-09 14:42:00,7400,7400,7400,7400,14900
2022-03-09 14:43:00,7400,7400,7400,7400,2500
2022-03-09 14:44:00,7400,7400,7400,7400,18900
2022-03-09 14:45:00,7375,7375,7400,7400,3200
2022-03-09 14:46:00,7400,7375,7400,7400,31400
2022-03-09 14:47:00,7375,7375,7375,7375,15100
2022-03-09 14:48:00,7375,7375,7400,7375,54100
2022-03-09 14:49:00,7375,7375,7375,7375,34600
2022-03-09 14:50:00,7375,7375,7375,7375,1100
2022-03-09 14:51:00,7375,7375,7375,7375,0
2022-03-09 14:52:00,7375,7375,7375,7375,0
2022-03-09 14:53:00,7375,7375,7375,7375,0
2022-03-09 14:54:00,7375,7375,7375,7375,0
2022-03-09 14:55:00,7375,7375,7375,7375,0
2022-03-09 14:56:00,7375,7375,7375,7375,0
2022-03-09 14:57:00,7375,7375,7375,7375,0
2022-03-09 14:58:00,7375,7375,7375,7375,0
2022-03-09 14:59:00,7375,7375,7375,7375,0
2022-03-09 15:00:00,7375,7375,7375,7375,123200
2022-03-09 15:01:00,7375,7375,7375,7375,1400
2022-03-09 15:02:00,7375,7375,7375,7375,100
2022-03-09 15:03:00,7375,7375,7375,7375,1400
2022-03-09 15:04:00,7375,7375,7375,7375,0
2022-03-09 15:05:00,7375,7375,7375,7375,300
2022-03-09 15:06:00,7375,7375,7375,7375,0
2022-03-09 15:07:00,7375,7375,7375,7375,0
2022-03-09 15:08:00,7375,7375,7375,7375,400
2022-03-09 15:09:00,7375,7375,7375,7375,100
2022-03-09 15:10:00,7375,7375,7375,7375,0
2022-03-09 15:11:00,7375,7375,7375,7375,0
2022-03-09 15:12:00,7375,7375,7375,7375,0
2022-03-09 15:13:00,7375,7375,7375,7375,0
2022-03-09 15:14:00,7375,7375,7375,7375,0
2022-03-09 15:15:00,7375,7375,7375,7375,0
2022-03-09 15:16:00,7375,7375,7375,7375,0
2022-03-09 15:17:00,7375,7375,7375,7375,0
2022-03-09 15:18:00,7375,7375,7375,7375,0
2022-03-09 15:19:00,7375,7375,7375,7375,0
2022-03-09 15:20:00,7375,7375,7375,7375,0
2022-03-09 15:21:00,7375,7375,7375,7375,0
2022-03-09 15:22:00,7375,7375,7375,7375,0
2022-03-09 15:23:00,7375,7375,7375,7375,0
2022-03-09 15:24:00,7375,7375,7375,7375,0
2022-03-09 15:25:00,7375,7375,7375,7375,0
2022-03-09 15:26:00,7375,7375,7375,7375,0
2022-03-09 15:27:00,7375,7375,7375,7375,0
2022-03-09 15:28:00,7375,7375,7375,7375,0
2022-03-09 15:29:00,7375,7375,7375,7375,0
2022-03-09 15:30:00,7375,7375,7375,7375,0
2022-03-09 15:31:00,7375,7375,7375,7375,0
2022-03-09 15:32:00,7375,7375,7375,7375,0
2022-03-09 15:33:00,7375,7375,7375,7375,0
2022-03-09 15:34:00,7375,7375,7375,7375,0
2022-03-09 15:35:00,7375,7375,7375,7375,0
2022-03-09 15:36:00,7375,7375,7375,7375,0
2022-03-09 15:37:00,7375,7375,7375,7375,0
2022-03-09 15:38:00,7375,7375,7375,7375,0
2022-03-09 15:39:00,7375,7375,7375,7375,0
2022-03-09 15:40:00,7375,7375,7375,7375,0
2022-03-09 15:41:00,7375,7375,7375,7375,0
2022-03-09 15:42:00,7375,7375,7375,7375,0
2022-03-09 15:43:00,7375,7375,7375,7375,0
2022-03-09 15:44:00,7375,7375,7375,7375,0
2022-03-09 15:45:00,7375,7375,7375,7375,0
2022-03-09 15:46:00,7375,7375,7375,7375,0
2022-03-09 15:47:00,7375,7375,7375,7375,0
2022-03-09 15:48:00,7375,7375,7375,7375,0
2022-03-09 15:49:00,7375,7375,7375,7375,0
2022-03-09 15:50:00,7375,7375,7375,7375,0
2022-03-09 15:51:00,7375,7375,7375,7375,0
2022-03-09 15:52:00,7375,7375,7375,7375,0
2022-03-09 15:53:00,7375,7375,7375,7375,0
2022-03-09 15:54:00,7375,7375,7375,7375,0
2022-03-09 15:55:00,7375,7375,7375,7375,0
2022-03-09 15:56:00,7375,7375,7375,7375,0
2022-03-09 15:57:00,7375,7375,7375,7375,0
2022-03-09 15:58:00,7375,7375,7375,7375,0
2022-03-09 15:59:00,7375,7375,7375,7375,0
2022-03-10 09:00:00,7500,7500,7500,7500,6400
2022-03-10 09:01:00,7500,7500,7500,7500,8600
2022-03-10 09:02:00,7500,7500,7525,7500,28200
2022-03-10 09:03:00,7500,7500,7500,7500,26200
2022-03-10 09:04:00,7500,7475,7500,7475,12500
2022-03-10 09:05:00,7500,7475,7500,7500,19000
2022-03-10 09:06:00,7500,7500,7500,7500,5800
2022-03-10 09:07:00,7500,7475,7500,7475,4200
2022-03-10 09:08:00,7500,7450,7500,7475,83200
2022-03-10 09:09:00,7475,7450,7475,7475,6700
2022-03-10 09:10:00,7475,7475,7475,7475,4900
2022-03-10 09:11:00,7475,7450,7475,7450,2300
2022-03-10 09:12:00,7475,7450,7475,7450,21100
2022-03-10 09:13:00,7475,7450,7475,7475,5600
2022-03-10 09:14:00,7450,7425,7450,7450,42300
2022-03-10 09:15:00,7425,7375,7425,7375,118800
2022-03-10 09:16:00,7375,7375,7375,7375,19800
2022-03-10 09:17:00,7375,7375,7400,7400,29700
2022-03-10 09:18:00,7400,7400,7400,7400,31700
2022-03-10 09:19:00,7425,7400,7425,7425,24800
2022-03-10 09:20:00,7425,7425,7425,7425,300
2022-03-10 09:21:00,7400,7400,7400,7400,40100
2022-03-10 09:22:00,7400,7400,7400,7400,600
2022-03-10 09:23:00,7375,7375,7375,7375,61400
2022-03-10 09:24:00,7375,7375,7400,7400,16400
2022-03-10 09:25:00,7375,7375,7400,7375,1600
2022-03-10 09:26:00,7375,7375,7400,7400,23600
2022-03-10 09:27:00,7400,7400,7400,7400,500
2022-03-10 09:28:00,7400,7400,7400,7400,5100
2022-03-10 09:29:00,7400,7400,7400,7400,1600
2022-03-10 09:30:00,7400,7375,7400,7375,11600
2022-03-10 09:31:00,7375,7375,7375,7375,24100
2022-03-10 09:32:00,7375,7375,7400,7375,38500
2022-03-10 09:33:00,7375,7375,7425,7425,27100
2022-03-10 09:34:00,7425,7425,7425,7425,19200
2022-03-10 09:35:00,7425,7400,7425,7425,3100
2022-03-10 09:36:00,7425,7400,7425,7425,0
2022-03-10 09:37:00,7425,7425,7425,7425,5000
2022-03-10 09:38:00,7425,7425,7450,7450,2100
2022-03-10 09:39:00,7425,7425,7425,7425,500
2022-03-10 09:40:00,7450,7450,7450,7450,1500
2022-03-10 09:41:00,7450,7450,7450,7450,100
2022-03-10 09:42:00,7450,7450,7450,7450,0
2022-03-10 09:43:00,7425,7425,7425,7425,48100
2022-03-10 09:44:00,7425,7425,7425,7425,100
2022-03-10 09:45:00,7425,7425,7425,7425,20100
2022-03-10 09:46:00,7425,7425,7425,7425,0
2022-03-10 09:47:00,7425,7425,7425,7425,2000
2022-03-10 09:48:00,7425,7425,7450,7425,48800
2022-03-10 09:49:00,7425,7425,7425,7425,3100
2022-03-10 09:50:00,7425,7425,7425,7425,300
2022-03-10 09:51:00,7400,7400,7425,7425,21600
2022-03-10 09:52:00,7425,7425,7450,7450,3400
2022-03-10 09:53:00,7425,7425,7450,7450,6200
2022-03-10 09:54:00,7450,7450,7450,7450,8600
2022-03-10 09:55:00,7450,7450,7450,7450,400
2022-03-10 09:56:00,7450,7450,7450,7450,700
2022-03-10 09:57:00,7450,7450,7450,7450,700
2022-03-10 09:58:00,7425,7425,7425,7425,500
2022-03-10 09:59:00,7450,7450,7450,7450,5400
2022-03-10 10:00:00,7450,7450,7450,7450,800
2022-03-10 10:01:00,7450,7450,7450,7450,3000
2022-03-10 10:02:00,7450,7450,7450,7450,16400
2022-03-10 10:03:00,7450,7450,7475,7450,46400
2022-03-10 10:04:00,7475,7475,7475,7475,500
2022-03-10 10:05:00,7475,7475,7475,7475,1100
2022-03-10 10:06:00,7475,7475,7475,7475,100
2022-03-10 10:07:00,7475,7450,7475,7475,23200
2022-03-10 10:08:00,7475,7475,7500,7500,9100
2022-03-10 10:09:00,7475,7475,7475,7475,33400
2022-03-10 10:10:00,7450,7425,7450,7450,19500
2022-03-10 10:11:00,7450,7450,7450,7450,11400
2022-03-10 10:12:00,7450,7450,7450,7450,3300
2022-03-10 10:13:00,7450,7450,7450,7450,3700
2022-03-10 10:14:00,7450,7450,7450,7450,200
2022-03-10 10:15:00,7450,7450,7450,7450,800
2022-03-10 10:16:00,7450,7450,7450,7450,1400
2022-03-10 10:17:00,7450,7450,7450,7450,2300
2022-03-10 10:18:00,7450,7450,7450,7450,11900
2022-03-10 10:19:00,7425,7425,7450,7450,3800
2022-03-10 10:20:00,7450,7450,7450,7450,600
2022-03-10 10:21:00,7450,7450,7450,7450,1500
2022-03-10 10:22:00,7450,7450,7450,7450,6100
2022-03-10 10:23:00,7450,7450,7475,7450,4200
2022-03-10 10:24:00,7450,7450,7450,7450,2500
2022-03-10 10:25:00,7450,7450,7450,7450,2200
2022-03-10 10:26:00,7425,7425,7425,7425,20400
2022-03-10 10:27:00,7425,7425,7425,7425,100
2022-03-10 10:28:00,7400,7400,7425,7425,2400
2022-03-10 10:29:00,7425,7425,7425,7425,400
2022-03-10 10:30:00,7400,7400,7400,7400,72700
2022-03-10 10:31:00,7400,7400,7400,7400,12700
2022-03-10 10:32:00,7425,7425,7425,7425,100
2022-03-10 10:33:00,7425,7400,7425,7400,3500
2022-03-10 10:34:00,7400,7375,7400,7375,3000
2022-03-10 10:35:00,7400,7400,7400,7400,700
2022-03-10 10:36:00,7400,7400,7450,7450,400
2022-03-10 10:37:00,7450,7450,7450,7450,2200
2022-03-10 10:38:00,7450,7450,7450,7450,1000
2022-03-10 10:39:00,7450,7450,7450,7450,200
2022-03-10 10:40:00,7450,7450,7450,7450,100
2022-03-10 10:41:00,7425,7400,7425,7400,2600
2022-03-10 10:42:00,7425,7425,7425,7425,600
2022-03-10 10:43:00,7400,7400,7450,7450,2500
2022-03-10 10:44:00,7450,7450,7450,7450,100
2022-03-10 10:45:00,7450,7450,7475,7475,8900
2022-03-10 10:46:00,7475,7475,7475,7475,3200
2022-03-10 10:47:00,7475,7475,7475,7475,6700
2022-03-10 10:48:00,7475,7450,7475,7450,13000
2022-03-10 10:49:00,7475,7475,7500,7500,7800
2022-03-10 10:50:00,7500,7475,7500,7475,500
2022-03-10 10:51:00,7500,7475,7500,7475,0
2022-03-10 10:52:00,7450,7425,7450,7425,16300
2022-03-10 10:53:00,7475,7475,7475,7475,2200
2022-03-10 10:54:00,7475,7450,7475,7450,2800
2022-03-10 10:55:00,7450,7450,7475,7475,2200
2022-03-10 10:56:00,7475,7475,7475,7475,200
2022-03-10 10:57:00,7475,7475,7475,7475,200
2022-03-10 10:58:00,7475,7450,7475,7475,2600
2022-03-10 10:59:00,7475,7475,7475,7475,100
2022-03-10 11:00:00,7475,7450,7475,7450,4400
2022-03-10 11:01:00,7450,7450,7450,7450,2100
2022-03-10 11:02:00,7450,7450,7450,7450,2700
2022-03-10 11:03:00,7450,7450,7450,7450,100
2022-03-10 11:04:00,7450,7450,7450,7450,300
2022-03-10 11:05:00,7450,7450,7450,7450,1200
2022-03-10 11:06:00,7450,7450,7450,7450,400
2022-03-10 11:07:00,7450,7450,7450,7450,400
2022-03-10 11:08:00,7450,7450,7450,7450,200
2022-03-10 11:09:00,7450,7450,7450,7450,800
2022-03-10 11:10:00,7450,7450,7450,7450,1200
2022-03-10 11:11:00,7475,7475,7475,7475,200
2022-03-10 11:12:00,7475,7450,7475,7450,4700
2022-03-10 11:13:00,7475,7475,7475,7475,15000
2022-03-10 11:14:00,7475,7450,7475,7450,1000
2022-03-10 11:15:00,7475,7425,7475,7475,12000
2022-03-10 11:16:00,7475,7450,7500,7500,41600
2022-03-10 11:17:00,7500,7500,7500,7500,100
2022-03-10 11:18:00,7500,7475,7500,7475,700
2022-03-10 11:19:00,7450,7450,7450,7450,2600
2022-03-10 11:20:00,7475,7475,7475,7475,500
2022-03-10 11:21:00,7475,7475,7475,7475,100
2022-03-10 11:22:00,7475,7475,7475,7475,100
2022-03-10 11:23:00,7475,7475,7475,7475,100
2022-03-10 11:24:00,7475,7475,7475,7475,300
2022-03-10 11:25:00,7475,7475,7475,7475,100
2022-03-10 11:26:00,7475,7475,7475,7475,300
2022-03-10 11:27:00,7475,7475,7475,7475,100
2022-03-10 11:28:00,7475,7475,7475,7475,900
2022-03-10 11:29:00,7475,7475,7475,7475,300
2022-03-10 11:30:00,7475,7475,7475,7475,0
2022-03-10 11:31:00,7475,7475,7475,7475,0
2022-03-10 11:32:00,7475,7475,7475,7475,0
2022-03-10 11:33:00,7475,7475,7475,7475,0
2022-03-10 11:34:00,7475,7475,7475,7475,0
2022-03-10 11:35:00,7475,7475,7475,7475,0
2022-03-10 11:36:00,7475,7475,7475,7475,0
2022-03-10 11:37:00,7475,7475,7475,7475,0
2022-03-10 11:38:00,7475,7475,7475,7475,0
2022-03-10 11:39:00,7475,7475,7475,7475,0
2022-03-10 11:40:00,7475,7475,7475,7475,0
2022-03-10 11:41:00,7475,7475,7475,7475,0
2022-03-10 11:42:00,7475,7475,7475,7475,0
2022-03-10 11:43:00,7475,7475,7475,7475,0
2022-03-10 11:44:00,7475,7475,7475,7475,0
2022-03-10 11:45:00,7475,7475,7475,7475,0
2022-03-10 11:46:00,7475,7475,7475,7475,0
2022-03-10 11:47:00,7475,7475,7475,7475,0
2022-03-10 11:48:00,7475,7475,7475,7475,0
2022-03-10 11:49:00,7475,7475,7475,7475,0
2022-03-10 11:50:00,7475,7475,7475,7475,0
2022-03-10 11:51:00,7475,7475,7475,7475,0
2022-03-10 11:52:00,7475,7475,7475,7475,0
2022-03-10 11:53:00,7475,7475,7475,7475,0
2022-03-10 11:54:00,7475,7475,7475,7475,0
2022-03-10 11:55:00,7475,7475,7475,7475,0
2022-03-10 11:56:00,7475,7475,7475,7475,0
2022-03-10 11:57:00,7475,7475,7475,7475,0
2022-03-10 11:58:00,7475,7475,7475,7475,0
2022-03-10 11:59:00,7475,7475,7475,7475,0
2022-03-10 12:00:00,7475,7475,7475,7475,0
2022-03-10 12:01:00,7475,7475,7475,7475,0
2022-03-10 12:02:00,7475,7475,7475,7475,0
2022-03-10 12:03:00,7475,7475,7475,7475,0
2022-03-10 12:04:00,7475,7475,7475,7475,0
2022-03-10 12:05:00,7475,7475,7475,7475,0
2022-03-10 12:06:00,7475,7475,7475,7475,0
2022-03-10 12:07:00,7475,7475,7475,7475,0
2022-03-10 12:08:00,7475,7475,7475,7475,0
2022-03-10 12:09:00,7475,7475,7475,7475,0
2022-03-10 12:10:00,7475,7475,7475,7475,0
2022-03-10 12:11:00,7475,7475,7475,7475,0
2022-03-10 12:12:00,7475,7475,7475,7475,0
2022-03-10 12:13:00,7475,7475,7475,7475,0
2022-03-10 12:14:00,7475,7475,7475,7475,0
2022-03-10 12:15:00,7475,7475,7475,7475,0
2022-03-10 12:16:00,7475,7475,7475,7475,0
2022-03-10 12:17:00,7475,7475,7475,7475,0
2022-03-10 12:18:00,7475,7475,7475,7475,0
2022-03-10 12:19:00,7475,7475,7475,7475,0
2022-03-10 12:20:00,7475,7475,7475,7475,0
2022-03-10 12:21:00,7475,7475,7475,7475,0
2022-03-10 12:22:00,7475,7475,7475,7475,0
2022-03-10 12:23:00,7475,7475,7475,7475,0
2022-03-10 12:24:00,7475,7475,7475,7475,0
2022-03-10 12:25:00,7475,7475,7475,7475,0
2022-03-10 12:26:00,7475,7475,7475,7475,0
2022-03-10 12:27:00,7475,7475,7475,7475,0
2022-03-10 12:28:00,7475,7475,7475,7475,0
2022-03-10 12:29:00,7475,7475,7475,7475,0
2022-03-10 12:30:00,7475,7475,7475,7475,0
2022-03-10 12:31:00,7475,7475,7475,7475,0
2022-03-10 12:32:00,7475,7475,7475,7475,0
2022-03-10 12:33:00,7475,7475,7475,7475,0
2022-03-10 12:34:00,7475,7475,7475,7475,0
2022-03-10 12:35:00,7475,7475,7475,7475,0
2022-03-10 12:36:00,7475,7475,7475,7475,0
2022-03-10 12:37:00,7475,7475,7475,7475,0
2022-03-10 12:38:00,7475,7475,7475,7475,0
2022-03-10 12:39:00,7475,7475,7475,7475,0
2022-03-10 12:40:00,7475,7475,7475,7475,0
2022-03-10 12:41:00,7475,7475,7475,7475,0
2022-03-10 12:42:00,7475,7475,7475,7475,0
2022-03-10 12:43:00,7475,7475,7475,7475,0
2022-03-10 12:44:00,7475,7475,7475,7475,0
2022-03-10 12:45:00,7475,7475,7475,7475,0
2022-03-10 12:46:00,7475,7475,7475,7475,0
2022-03-10 12:47:00,7475,7475,7475,7475,0
2022-03-10 12:48:00,7475,7475,7475,7475,0
2022-03-10 12:49:00,7475,7475,7475,7475,0
2022-03-10 12:50:00,7475,7475,7475,7475,0
2022-03-10 12:51:00,7475,7475,7475,7475,0
2022-03-10 12:52:00,7475,7475,7475,7475,0
2022-03-10 12:53:00,7475,7475,7475,7475,0
2022-03-10 12:54:00,7475,7475,7475,7475,0
2022-03-10 12:55:00,7475,7475,7475,7475,0
2022-03-10 12:56:00,7475,7475,7475,7475,0
2022-03-10 12:57:00,7475,7475,7475,7475,0
2022-03-10 12:58:00,7475,7475,7475,7475,0
2022-03-10 12:59:00,7475,7475,7475,7475,0
2022-03-10 13:00:00,7475,7475,7475,7475,0
2022-03-10 13:01:00,7475,7475,7475,7475,0
2022-03-10 13:02:00,7475,7475,7475,7475,0
2022-03-10 13:03:00,7475,7475,7475,7475,0
2022-03-10 13:04:00,7475,7475,7475,7475,0
2022-03-10 13:05:00,7475,7475,7475,7475,0
2022-03-10 13:06:00,7475,7475,7475,7475,0
2022-03-10 13:07:00,7475,7475,7475,7475,0
2022-03-10 13:08:00,7475,7475,7475,7475,0
2022-03-10 13:09:00,7475,7475,7475,7475,0
2022-03-10 13:10:00,7475,7475,7475,7475,0
2022-03-10 13:11:00,7475,7475,7475,7475,0
2022-03-10 13:12:00,7475,7475,7475,7475,0
2022-03-10 13:13:00,7475,7475,7475,7475,0
2022-03-10 13:14:00,7475,7475,7475,7475,0
2022-03-10 13:15:00,7475,7475,7475,7475,0
2022-03-10 13:16:00,7475,7475,7475,7475,0
2022-03-10 13:17:00,7475,7475,7475,7475,0
2022-03-10 13:18:00,7475,7475,7475,7475,0
2022-03-10 13:19:00,7475,7475,7475,7475,0
2022-03-10 13:20:00,7475,7475,7475,7475,0
2022-03-10 13:21:00,7475,7475,7475,7475,0
2022-03-10 13:22:00,7475,7475,7475,7475,0
2022-03-10 13:23:00,7475,7475,7475,7475,0
2022-03-10 13:24:00,7475,7475,7475,7475,0
2022-03-10 13:25:00,7475,7475,7475,7475,0
2022-03-10 13:26:00,7475,7475,7475,7475,0
2022-03-10 13:27:00,7475,7475,7475,7475,0
2022-03-10 13:28:00,7475,7475,7475,7475,0
2022-03-10 13:29:00,7475,7475,7475,7475,0
2022-03-10 13:30:00,7450,7450,7475,7450,15500
2022-03-10 13:31:00,7425,7425,7475,7475,400
2022-03-10 13:32:00,7425,7425,7425,7425,8800
2022-03-10 13:33:00,7475,7475,7475,7475,600
2022-03-10 13:34:00,7475,7375,7475,7375,108400
2022-03-10 13:35:00,7425,7425,7450,7450,200
2022-03-10 13:36:00,7475,7450,7475,7475,800
2022-03-10 13:37:00,7450,7450,7450,7450,600
2022-03-10 13:38:00,7475,7450,7475,7475,400
2022-03-10 13:39:00,7475,7475,7475,7475,400
2022-03-10 13:40:00,7475,7475,7475,7475,500
2022-03-10 13:41:00,7425,7400,7425,7400,3000
2022-03-10 13:42:00,7475,7475,7475,7475,200
2022-03-10 13:43:00,7475,7475,7475,7475,200
2022-03-10 13:44:00,7400,7400,7400,7400,100
2022-03-10 13:45:00,7450,7400,7450,7400,400
2022-03-10 13:46:00,7450,7425,7450,7425,300
2022-03-10 13:47:00,7400,7400,7425,7425,400
2022-03-10 13:48:00,7425,7425,7425,7425,1500
2022-03-10 13:49:00,7425,7425,7425,7425,200
2022-03-10 13:50:00,7425,7425,7425,7425,100
2022-03-10 13:51:00,7425,7425,7425,7425,100
2022-03-10 13:52:00,7425,7425,7425,7425,300
2022-03-10 13:53:00,7425,7400,7425,7400,600
2022-03-10 13:54:00,7425,7425,7425,7425,5100
2022-03-10 13:55:00,7425,7425,7425,7425,600
2022-03-10 13:56:00,7425,7400,7425,7425,400
2022-03-10 13:57:00,7400,7400,7425,7400,2400
2022-03-10 13:58:00,7425,7400,7425,7425,1600
2022-03-10 13:59:00,7400,7400,7425,7425,8700
2022-03-10 14:00:00,7400,7400,7425,7425,700
2022-03-10 14:01:00,7400,7400,7425,7425,500
2022-03-10 14:02:00,7425,7400,7425,7400,19600
2022-03-10 14:03:00,7400,7400,7425,7425,5100
2022-03-10 14:04:00,7425,7400,7425,7425,600
2022-03-10 14:05:00,7425,7425,7425,7425,1300
2022-03-10 14:06:00,7425,7425,7425,7425,200
2022-03-10 14:07:00,7425,7425,7425,7425,1600
2022-03-10 14:08:00,7425,7400,7425,7400,8600
2022-03-10 14:09:00,7400,7400,7425,7425,700
2022-03-10 14:10:00,7425,7425,7425,7425,700
2022-03-10 14:11:00,7425,7400,7425,7400,1100
2022-03-10 14:12:00,7425,7425,7425,7425,200
2022-03-10 14:13:00,7425,7425,7425,7425,1600
2022-03-10 14:14:00,7425,7425,7425,7425,10300
2022-03-10 14:15:00,7425,7425,7450,7425,3800
2022-03-10 14:16:00,7425,7425,7425,7425,200
2022-03-10 14:17:00,7425,7425,7425,7425,200
2022-03-10 14:18:00,7425,7425,7425,7425,1200
2022-03-10 14:19:00,7425,7425,7425,7425,2300
2022-03-10 14:20:00,7425,7425,7425,7425,1200
2022-03-10 14:21:00,7425,7425,7425,7425,3200
2022-03-10 14:22:00,7425,7425,7425,7425,1500
2022-03-10 14:23:00,7425,7400,7425,7425,900
2022-03-10 14:24:00,7425,7400,7425,7400,72200
2022-03-10 14:25:00,7400,7400,7400,7400,1200
2022-03-10 14:26:00,7400,7400,7400,7400,2500
2022-03-10 14:27:00,7400,7400,7400,7400,300
2022-03-10 14:28:00,7375,7375,7400,7400,1700
2022-03-10 14:29:00,7400,7375,7400,7400,1300
2022-03-10 14:30:00,7400,7400,7400,7400,2800
2022-03-10 14:31:00,7400,7375,7400,7375,59600
2022-03-10 14:32:00,7375,7375,7400,7400,5000
2022-03-10 14:33:00,7400,7400,7425,7425,18800
2022-03-10 14:34:00,7425,7425,7450,7450,19200
2022-03-10 14:35:00,7450,7450,7450,7450,15200
2022-03-10 14:36:00,7450,7425,7450,7425,13300
2022-03-10 14:37:00,7425,7425,7425,7425,1000
2022-03-10 14:38:00,7425,7425,7425,7425,4600
2022-03-10 14:39:00,7425,7425,7450,7425,23700
2022-03-10 14:40:00,7425,7425,7425,7425,900
2022-03-10 14:41:00,7425,7425,7425,7425,0
2022-03-10 14:42:00,7425,7425,7425,7425,3500
2022-03-10 14:43:00,7425,7425,7425,7425,2400
2022-03-10 14:44:00,7425,7400,7425,7400,1100
2022-03-10 14:45:00,7425,7425,7450,7450,5500
2022-03-10 14:46:00,7450,7425,7450,7425,10300
2022-03-10 14:47:00,7425,7425,7475,7450,7700
2022-03-10 14:48:00,7425,7400,7450,7400,77800
2022-03-10 14:49:00,7450,7400,7475,7400,2200
2022-03-10 14:50:00,7450,7450,7450,7450,100
2022-03-10 14:51:00,7450,7450,7450,7450,0
2022-03-10 14:52:00,7450,7450,7450,7450,0
2022-03-10 14:53:00,7450,7450,7450,7450,0
2022-03-10 14:54:00,7450,7450,7450,7450,0
2022-03-10 14:55:00,7450,7450,7450,7450,0
2022-03-10 14:56:00,7450,7450,7450,7450,0
2022-03-10 14:57:00,7450,7450,7450,7450,0
2022-03-10 14:58:00,7450,7450,7450,7450,0
2022-03-10 14:59:00,7450,7450,7450,7450,0
2022-03-10 15:00:00,7400,7400,7400,7400,66100
2022-03-10 15:01:00,7400,7400,7400,7400,74000
2022-03-10 15:02:00,7400,7400,7400,7400,13200
2022-03-10 15:03:00,7400,7400,7400,7400,26900
2022-03-10 15:04:00,7400,7400,7400,7400,15400
2022-03-10 15:05:00,7400,7400,7400,7400,24100
2022-03-10 15:06:00,7400,7400,7400,7400,25600
2022-03-10 15:07:00,7400,7400,7400,7400,1700
2022-03-10 15:08:00,7400,7400,7400,7400,0
2022-03-10 15:09:00,7400,7400,7400,7400,0
2022-03-10 15:10:00,7400,7400,7400,7400,0
2022-03-10 15:11:00,7400,7400,7400,7400,0
2022-03-10 15:12:00,7400,7400,7400,7400,0
2022-03-10 15:13:00,7400,7400,7400,7400,0
2022-03-10 15:14:00,7400,7400,7400,7400,5100
2022-03-10 15:15:00,7400,7400,7400,7400,0
2022-03-10 15:16:00,7400,7400,7400,7400,0
2022-03-10 15:17:00,7400,7400,7400,7400,0
2022-03-10 15:18:00,7400,7400,7400,7400,0
2022-03-10 15:19:00,7400,7400,7400,7400,0
2022-03-10 15:20:00,7400,7400,7400,7400,0
2022-03-10 15:21:00,7400,7400,7400,7400,0
2022-03-10 15:22:00,7400,7400,7400,7400,0
2022-03-10 15:23:00,7400,7400,7400,7400,0
2022-03-10 15:24:00,7400,7400,7400,7400,0
2022-03-10 15:25:00,7400,7400,7400,7400,0
2022-03-10 15:26:00,7400,7400,7400,7400,0
2022-03-10 15:27:00,7400,7400,7400,7400,0
2022-03-10 15:28:00,7400,7400,7400,7400,0
2022-03-10 15:29:00,7400,7400,7400,7400,0
2022-03-10 15:30:00,7400,7400,7400,7400,0
2022-03-10 15:31:00,7400,7400,7400,7400,0
2022-03-10 15:32:00,7400,7400,7400,7400,0
2022-03-10 15:33:00,7400,7400,7400,7400,0
2022-03-10 15:34:00,7400,7400,7400,7400,0
2022-03-10 15:35:00,7400,7400,7400,7400,0
2022-03-10 15:36:00,7400,7400,7400,7400,0
2022-03-10 15:37:00,7400,7400,7400,7400,0
2022-03-10 15:38:00,7400,7400,7400,7400,0
2022-03-10 15:39:00,7400,7400,7400,7400,0
2022-03-10 15:40:00,7400,7400,7400,7400,0
2022-03-10 15:41:00,7400,7400,7400,7400,0
2022-03-10 15:42:00,7400,7400,7400,7400,0
2022-03-10 15:43:00,7400,7400,7400,7400,0
2022-03-10 15:44:00,7400,7400,7400,7400,0
2022-03-10 15:45:00,7400,7400,7400,7400,0
2022-03-10 15:46:00,7400,7400,7400,7400,0
2022-03-10 15:47:00,7400,7400,7400,7400,0
2022-03-10 15:48:00,7400,7400,7400,7400,0
2022-03-10 15:49:00,7400,7400,7400,7400,0
2022-03-10 15:50:00,7400,7400,7400,7400,0
2022-03-10 15:51:00,7400,7400,7400,7400,0
2022-03-10 15:52:00,7400,7400,7400,7400,0
2022-03-10 15:53:00,7400,7400,7400,7400,0
2022-03-10 15:54:00,7400,7400,7400,7400,0
2022-03-10 15:55:00,7400,7400,7400,7400,0
2022-03-10 15:56:00,7400,7400,7400,7400,0
2022-03-10 15:57:00,7400,7400,7400,7400,0
2022-03-10 15:58:00,7400,7400,7400,7400,0
2022-03-10 15:59:00,7400,7400,7400,7400,0
2022-03-11 09:00:00,7475,7475,7475,7475,1500
2022-03-11 09:01:00,7475,7400,7475,7400,34000
2022-03-11 09:02:00,7400,7400,7425,7400,10300
2022-03-11 09:03:00,7425,7425,7475,7475,25700
2022-03-11 09:04:00,7475,7475,7500,7475,23100
2022-03-11 09:05:00,7450,7450,7475,7475,1300
2022-03-11 09:06:00,7475,7475,7475,7475,4800
2022-03-11 09:07:00,7450,7450,7475,7450,4100
2022-03-11 09:08:00,7475,7450,7475,7450,15300
2022-03-11 09:09:00,7425,7400,7425,7400,52900
2022-03-11 09:10:00,7400,7400,7400,7400,5200
2022-03-11 09:11:00,7400,7400,7400,7400,2400
2022-03-11 09:12:00,7425,7425,7450,7450,700
2022-03-11 09:13:00,7425,7425,7450,7450,500
2022-03-11 09:14:00,7450,7450,7450,7450,100
2022-03-11 09:15:00,7425,7425,7425,7425,2000
2022-03-11 09:16:00,7425,7425,7425,7425,7100
2022-03-11 09:17:00,7425,7425,7425,7425,1300
2022-03-11 09:18:00,7425,7425,7450,7450,1100
2022-03-11 09:19:00,7425,7425,7450,7450,1200
2022-03-11 09:20:00,7425,7425,7450,7450,0
2022-03-11 09:21:00,7425,7425,7450,7450,0
2022-03-11 09:22:00,7450,7425,7450,7450,18200
2022-03-11 09:23:00,7450,7425,7450,7425,7200
2022-03-11 09:24:00,7450,7450,7450,7450,8800
2022-03-11 09:25:00,7450,7450,7450,7450,5300
2022-03-11 09:26:00,7450,7450,7450,7450,0
2022-03-11 09:27:00,7450,7450,7450,7450,0
2022-03-11 09:28:00,7425,7425,7425,7425,2100
2022-03-11 09:29:00,7425,7425,7425,7425,0
2022-03-11 09:30:00,7425,7425,7425,7425,0
2022-03-11 09:31:00,7425,7425,7425,7425,100
2022-03-11 09:32:00,7425,7425,7425,7425,100
2022-03-11 09:33:00,7450,7450,7450,7450,3500
2022-03-11 09:34:00,7450,7425,7450,7425,3600
2022-03-11 09:35:00,7450,7425,7450,7425,0
2022-03-11 09:36:00,7450,7425,7450,7425,0
2022-03-11 09:37:00,7450,7450,7450,7450,15900
2022-03-11 09:38:00,7425,7425,7425,7425,31000
2022-03-11 09:39:00,7425,7425,7425,7425,200
2022-03-11 09:40:00,7450,7450,7450,7450,1000
2022-03-11 09:41:00,7450,7450,7450,7450,4700
2022-03-11 09:42:00,7475,7450,7475,7475,5300
2022-03-11 09:43:00,7475,7450,7475,7475,0
2022-03-11 09:44:00,7475,7475,7475,7475,1000
2022-03-11 09:45:00,7450,7450,7450,7450,900
2022-03-11 09:46:00,7450,7450,7450,7450,600
2022-03-11 09:47:00,7425,7425,7425,7425,100
2022-03-11 09:48:00,7425,7425,7450,7425,1100
2022-03-11 09:49:00,7425,7425,7425,7425,8000
2022-03-11 09:50:00,7425,7425,7425,7425,100
2022-03-11 09:51:00,7425,7425,7425,7425,200
2022-03-11 09:52:00,7425,7425,7425,7425,9100
2022-03-11 09:53:00,7425,7400,7425,7400,6200
2022-03-11 09:54:00,7400,7400,7400,7400,50000
2022-03-11 09:55:00,7400,7375,7400,7400,7300
2022-03-11 09:56:00,7400,7400,7400,7400,4200
2022-03-11 09:57:00,7400,7400,7400,7400,1300
2022-03-11 09:58:00,7425,7425,7425,7425,5200
2022-03-11 09:59:00,7400,7400,7400,7400,500
2022-03-11 10:00:00,7400,7400,7400,7400,200
2022-03-11 10:01:00,7400,7400,7400,7400,2900
2022-03-11 10:02:00,7400,7400,7400,7400,8000
2022-03-11 10:03:00,7400,7400,7400,7400,5900
2022-03-11 10:04:00,7400,7400,7400,7400,1000
2022-03-11 10:05:00,7400,7400,7400,7400,1200
2022-03-11 10:06:00,7400,7375,7400,7375,7200
2022-03-11 10:07:00,7375,7375,7375,7375,5500
2022-03-11 10:08:00,7375,7375,7375,7375,2200
2022-03-11 10:09:00,7375,7375,7375,7375,300
2022-03-11 10:10:00,7375,7375,7375,7375,100
2022-03-11 10:11:00,7375,7375,7400,7375,1800
2022-03-11 10:12:00,7375,7350,7375,7375,34200
2022-03-11 10:13:00,7350,7350,7350,7350,8600
2022-03-11 10:14:00,7350,7350,7375,7375,10600
2022-03-11 10:15:00,7400,7375,7400,7375,6100
2022-03-11 10:16:00,7375,7375,7375,7375,1700
2022-03-11 10:17:00,7375,7375,7400,7400,1700
2022-03-11 10:18:00,7375,7375,7400,7400,0
2022-03-11 10:19:00,7400,7400,7400,7400,500
2022-03-11 10:20:00,7400,7375,7400,7375,20400
2022-03-11 10:21:00,7400,7375,7400,7375,0
2022-03-11 10:22:00,7375,7375,7375,7375,2200
2022-03-11 10:23:00,7375,7375,7375,7375,0
2022-03-11 10:24:00,7375,7375,7375,7375,13600
2022-03-11 10:25:00,7375,7375,7375,7375,500
2022-03-11 10:26:00,7375,7375,7375,7375,0
2022-03-11 10:27:00,7375,7375,7375,7375,300
2022-03-11 10:28:00,7375,7375,7375,7375,200
2022-03-11 10:29:00,7375,7375,7375,7375,200
2022-03-11 10:30:00,7375,7375,7375,7375,0
2022-03-11 10:31:00,7375,7375,7375,7375,7400
2022-03-11 10:32:00,7375,7375,7375,7375,0
2022-03-11 10:33:00,7400,7400,7400,7400,100
2022-03-11 10:34:00,7400,7400,7400,7400,5500
2022-03-11 10:35:00,7425,7425,7425,7425,5300
2022-03-11 10:36:00,7425,7425,7450,7450,11700
2022-03-11 10:37:00,7425,7425,7450,7450,300
2022-03-11 10:38:00,7450,7450,7450,7450,800
2022-03-11 10:39:00,7450,7450,7450,7450,0
2022-03-11 10:40:00,7450,7450,7450,7450,0
2022-03-11 10:41:00,7450,7450,7450,7450,0
2022-03-11 10:42:00,7450,7450,7450,7450,2100
2022-03-11 10:43:00,7450,7450,7450,7450,0
2022-03-11 10:44:00,7450,7450,7450,7450,1000
2022-03-11 10:45:00,7450,7450,7450,7450,0
2022-03-11 10:46:00,7450,7450,7450,7450,0
2022-03-11 10:47:00,7425,7425,7450,7450,200
2022-03-11 10:48:00,7450,7450,7450,7450,100
2022-03-11 10:49:00,7450,7450,7450,7450,0
2022-03-11 10:50:00,7450,7450,7450,7450,0
2022-03-11 10:51:00,7450,7425,7450,7425,900
2022-03-11 10:52:00,7425,7425,7425,7425,2000
2022-03-11 10:53:00,7400,7400,7400,7400,50100
2022-03-11 10:54:00,7400,7400,7400,7400,20000
2022-03-11 10:55:00,7400,7375,7400,7375,58700
2022-03-11 10:56:00,7400,7400,7400,7400,1300
2022-03-11 10:57:00,7400,7400,7400,7400,1700
2022-03-11 10:58:00,7400,7400,7400,7400,0
2022-03-11 10:59:00,7400,7400,7400,7400,0
2022-03-11 11:00:00,7400,7400,7400,7400,1600
2022-03-11 11:01:00,7400,7400,7400,7400,0
2022-03-11 11:02:00,7425,7400,7425,7400,2200
2022-03-11 11:03:00,7400,7375,7400,7375,1700
2022-03-11 11:04:00,7375,7375,7375,7375,100
2022-03-11 11:05:00,7375,7375,7375,7375,0
2022-03-11 11:06:00,7375,7375,7425,7425,600
2022-03-11 11:07:00,7375,7375,7425,7425,0
2022-03-11 11:08:00,7375,7375,7425,7425,0
2022-03-11 11:09:00,7375,7375,7425,7425,0
2022-03-11 11:10:00,7375,7375,7425,7425,2200
2022-03-11 11:11:00,7375,7375,7425,7425,0
2022-03-11 11:12:00,7425,7425,7425,7425,500
2022-03-11 11:13:00,7425,7425,7425,7425,0
2022-03-11 11:14:00,7425,7400,7425,7400,700
2022-03-11 11:15:00,7375,7375,7375,7375,1600
2022-03-11 11:16:00,7375,7375,7375,7375,0
2022-03-11 11:17:00,7375,7375,7375,7375,300
2022-03-11 11:18:00,7375,7375,7375,7375,0
2022-03-11 11:19:00,7400,7400,7400,7400,300
2022-03-11 11:20:00,7400,7400,7400,7400,1800
2022-03-11 11:21:00,7400,7400,7425,7425,1900
2022-03-11 11:22:00,7400,7400,7425,7425,0
2022-03-11 11:23:00,7425,7400,7425,7400,600
2022-03-11 11:24:00,7425,7425,7425,7425,100
2022-03-11 11:25:00,7425,7425,7425,7425,200
2022-03-11 11:26:00,7425,7425,7425,7425,200
2022-03-11 11:27:00,7400,7400,7425,7425,500
2022-03-11 11:28:00,7425,7425,7425,7425,100
2022-03-11 11:29:00,7425,7425,7425,7425,0
2022-03-11 11:30:00,7425,7425,7425,7425,0
2022-03-11 11:31:00,7425,7425,7425,7425,0
2022-03-11 11:32:00,7425,7425,7425,7425,0
2022-03-11 11:33:00,7425,7425,7425,7425,0
2022-03-11 11:34:00,7425,7425,7425,7425,0
2022-03-11 11:35:00,7425,7425,7425,7425,0
2022-03-11 11:36:00,7425,7425,7425,7425,0
2022-03-11 11:37:00,7425,7425,7425,7425,0
2022-03-11 11:38:00,7425,7425,7425,7425,0
2022-03-11 11:39:00,7425,7425,7425,7425,0
2022-03-11 11:40:00,7425,7425,7425,7425,0
2022-03-11 11:41:00,7425,7425,7425,7425,0
2022-03-11 11:42:00,7425,7425,7425,7425,0
2022-03-11 11:43:00,7425,7425,7425,7425,0
2022-03-11 11:44:00,7425,7425,7425,7425,0
2022-03-11 11:45:00,7425,7425,7425,7425,0
2022-03-11 11:46:00,7425,7425,7425,7425,0
2022-03-11 11:47:00,7425,7425,7425,7425,0
2022-03-11 11:48:00,7425,7425,7425,7425,0
2022-03-11 11:49:00,7425,7425,7425,7425,0
2022-03-11 11:50:00,7425,7425,7425,7425,0
2022-03-11 11:51:00,7425,7425,7425,7425,0
2022-03-11 11:52:00,7425,7425,7425,7425,0
2022-03-11 11:53:00,7425,7425,7425,7425,0
2022-03-11 11:54:00,7425,7425,7425,7425,0
2022-03-11 11:55:00,7425,7425,7425,7425,0
2022-03-11 11:56:00,7425,7425,7425,7425,0
2022-03-11 11:57:00,7425,7425,7425,7425,0
2022-03-11 11:58:00,7425,7425,7425,7425,0
2022-03-11 11:59:00,7425,7425,7425,7425,0
2022-03-11 12:00:00,7425,7425,7425,7425,0
2022-03-11 12:01:00,7425,7425,7425,7425,0
2022-03-11 12:02:00,7425,7425,7425,7425,0
2022-03-11 12:03:00,7425,7425,7425,7425,0
2022-03-11 12:04:00,7425,7425,7425,7425,0
2022-03-11 12:05:00,7425,7425,7425,7425,0
2022-03-11 12:06:00,7425,7425,7425,7425,0
2022-03-11 12:07:00,7425,7425,7425,7425,0
2022-03-11 12:08:00,7425,7425,7425,7425,0
2022-03-11 12:09:00,7425,7425,7425,7425,0
2022-03-11 12:10:00,7425,7425,7425,7425,0
2022-03-11 12:11:00,7425,7425,7425,7425,0
2022-03-11 12:12:00,7425,7425,7425,7425,0
2022-03-11 12:13:00,7425,7425,7425,7425,0
2022-03-11 12:14:00,7425,7425,7425,7425,0
2022-03-11 12:15:00,7425,7425,7425,7425,0
2022-03-11 12:16:00,7425,7425,7425,7425,0
2022-03-11 12:17:00,7425,7425,7425,7425,0
2022-03-11 12:18:00,7425,7425,7425,7425,0
2022-03-11 12:19:00,7425,7425,7425,7425,0
2022-03-11 12:20:00,7425,7425,7425,7425,0
2022-03-11 12:21:00,7425,7425,7425,7425,0
2022-03-11 12:22:00,7425,7425,7425,7425,0
2022-03-11 12:23:00,7425,7425,7425,7425,0
2022-03-11 12:24:00,7425,7425,7425,7425,0
2022-03-11 12:25:00,7425,7425,7425,7425,0
2022-03-11 12:26:00,7425,7425,7425,7425,0
2022-03-11 12:27:00,7425,7425,7425,7425,0
2022-03-11 12:28:00,7425,7425,7425,7425,0
2022-03-11 12:29:00,7425,7425,7425,7425,0
2022-03-11 12:30:00,7425,7425,7425,7425,0
2022-03-11 12:31:00,7425,7425,7425,7425,0
2022-03-11 12:32:00,7425,7425,7425,7425,0
2022-03-11 12:33:00,7425,7425,7425,7425,0
2022-03-11 12:34:00,7425,7425,7425,7425,0
2022-03-11 12:35:00,7425,7425,7425,7425,0
2022-03-11 12:36:00,7425,7425,7425,7425,0
2022-03-11 12:37:00,7425,7425,7425,7425,0
2022-03-11 12:38:00,7425,7425,7425,7425,0
2022-03-11 12:39:00,7425,7425,7425,7425,0
2022-03-11 12:40:00,7425,7425,7425,7425,0
2022-03-11 12:41:00,7425,7425,7425,7425,0
2022-03-11 12:42:00,7425,7425,7425,7425,0
2022-03-11 12:43:00,7425,7425,7425,7425,0
2022-03-11 12:44:00,7425,7425,7425,7425,0
2022-03-11 12:45:00,7425,7425,7425,7425,0
2022-03-11 12:46:00,7425,7425,7425,7425,0
2022-03-11 12:47:00,7425,7425,7425,7425,0
2022-03-11 12:48:00,7425,7425,7425,7425,0
2022-03-11 12:49:00,7425,7425,7425,7425,0
2022-03-11 12:50:00,7425,7425,7425,7425,0
2022-03-11 12:51:00,7425,7425,7425,7425,0
2022-03-11 12:52:00,7425,7425,7425,7425,0
2022-03-11 12:53:00,7425,7425,7425,7425,0
2022-03-11 12:54:00,7425,7425,7425,7425,0
2022-03-11 12:55:00,7425,7425,7425,7425,0
2022-03-11 12:56:00,7425,7425,7425,7425,0
2022-03-11 12:57:00,7425,7425,7425,7425,0
2022-03-11 12:58:00,7425,7425,7425,7425,0
2022-03-11 12:59:00,7425,7425,7425,7425,0
2022-03-11 13:00:00,7425,7425,7425,7425,0
2022-03-11 13:01:00,7425,7425,7425,7425,0
2022-03-11 13:02:00,7425,7425,7425,7425,0
2022-03-11 13:03:00,7425,7425,7425,7425,0
2022-03-11 13:04:00,7425,7425,7425,7425,0
2022-03-11 13:05:00,7425,7425,7425,7425,0
2022-03-11 13:06:00,7425,7425,7425,7425,0
2022-03-11 13:07:00,7425,7425,7425,7425,0
2022-03-11 13:08:00,7425,7425,7425,7425,0
2022-03-11 13:09:00,7425,7425,7425,7425,0
2022-03-11 13:10:00,7425,7425,7425,7425,0
2022-03-11 13:11:00,7425,7425,7425,7425,0
2022-03-11 13:12:00,7425,7425,7425,7425,0
2022-03-11 13:13:00,7425,7425,7425,7425,0
2022-03-11 13:14:00,7425,7425,7425,7425,0
2022-03-11 13:15:00,7425,7425,7425,7425,0
2022-03-11 13:16:00,7425,7425,7425,7425,0
2022-03-11 13:17:00,7425,7425,7425,7425,0
2022-03-11 13:18:00,7425,7425,7425,7425,0
2022-03-11 13:19:00,7425,7425,7425,7425,0
2022-03-11 13:20:00,7425,7425,7425,7425,0
2022-03-11 13:21:00,7425,7425,7425,7425,0
2022-03-11 13:22:00,7425,7425,7425,7425,0
2022-03-11 13:23:00,7425,7425,7425,7425,0
2022-03-11 13:24:00,7425,7425,7425,7425,0
2022-03-11 13:25:00,7425,7425,7425,7425,0
2022-03-11 13:26:00,7425,7425,7425,7425,0
2022-03-11 13:27:00,7425,7425,7425,7425,0
2022-03-11 13:28:00,7425,7425,7425,7425,0
2022-03-11 13:29:00,7425,7425,7425,7425,0
2022-03-11 13:30:00,7425,7425,7450,7425,22800
2022-03-11 13:31:00,7425,7425,7450,7425,0
2022-03-11 13:32:00,7400,7400,7400,7400,300
2022-03-11 13:33:00,7400,7400,7400,7400,100
2022-03-11 13:34:00,7425,7425,7425,7425,200
2022-03-11 13:35:00,7425,7425,7425,7425,0
2022-03-11 13:36:00,7400,7400,7400,7400,2600
2022-03-11 13:37:00,7400,7400,7400,7400,0
2022-03-11 13:38:00,7400,7400,7400,7400,0
2022-03-11 13:39:00,7400,7400,7400,7400,12600
2022-03-11 13:40:00,7400,7375,7400,7375,14000
2022-03-11 13:41:00,7375,7375,7400,7375,11300
2022-03-11 13:42:00,7375,7375,7400,7375,49200
2022-03-11 13:43:00,7375,7375,7375,7375,600
2022-03-11 13:44:00,7375,7350,7375,7350,17400
2022-03-11 13:45:00,7375,7350,7400,7400,5400
2022-03-11 13:46:00,7375,7350,7400,7400,0
2022-03-11 13:47:00,7400,7400,7400,7400,2000
2022-03-11 13:48:00,7375,7375,7375,7375,300
2022-03-11 13:49:00,7375,7375,7375,7375,1300
2022-03-11 13:50:00,7375,7350,7375,7375,3600
2022-03-11 13:51:00,7375,7350,7375,7375,0
2022-03-11 13:52:00,7375,7350,7375,7375,0
2022-03-11 13:53:00,7375,7350,7375,7375,0
2022-03-11 13:54:00,7375,7375,7375,7375,1000
2022-03-11 13:55:00,7400,7375,7400,7375,5300
2022-03-11 13:56:00,7375,7375,7375,7375,500
2022-03-11 13:57:00,7375,7375,7375,7375,6400
2022-03-11 13:58:00,7375,7375,7375,7375,1800
2022-03-11 13:59:00,7375,7375,7375,7375,0
2022-03-11 14:00:00,7375,7350,7375,7375,21500
2022-03-11 14:01:00,7375,7375,7375,7375,4100
2022-03-11 14:02:00,7375,7375,7375,7375,0
2022-03-11 14:03:00,7375,7375,7375,7375,100
2022-03-11 14:04:00,7375,7375,7375,7375,13500
2022-03-11 14:05:00,7375,7350,7375,7350,16200
2022-03-11 14:06:00,7375,7375,7375,7375,5500
2022-03-11 14:07:00,7375,7375,7375,7375,600
2022-03-11 14:08:00,7375,7375,7375,7375,1200
2022-03-11 14:09:00,7375,7375,7375,7375,500
2022-03-11 14:10:00,7375,7375,7375,7375,5300
2022-03-11 14:11:00,7375,7375,7375,7375,1200
2022-03-11 14:12:00,7375,7375,7375,7375,0
2022-03-11 14:13:00,7375,7375,7375,7375,10100
2022-03-11 14:14:00,7375,7350,7375,7350,17300
2022-03-11 14:15:00,7375,7350,7375,7375,9900
2022-03-11 14:16:00,7375,7375,7375,7375,10000
2022-03-11 14:17:00,7375,7375,7375,7375,600
2022-03-11 14:18:00,7375,7375,7375,7375,4500
2022-03-11 14:19:00,7375,7375,7375,7375,100
2022-03-11 14:20:00,7375,7375,7375,7375,1000
2022-03-11 14:21:00,7375,7375,7375,7375,400
2022-03-11 14:22:00,7375,7350,7375,7350,2400
2022-03-11 14:23:00,7350,7350,7375,7375,2300
2022-03-11 14:24:00,7375,7350,7375,7375,2900
2022-03-11 14:25:00,7375,7375,7400,7400,300
2022-03-11 14:26:00,7375,7375,7375,7375,2100
2022-03-11 14:27:00,7375,7375,7375,7375,2000
2022-03-11 14:28:00,7375,7375,7375,7375,600
2022-03-11 14:29:00,7400,7400,7400,7400,6600
2022-03-11 14:30:00,7400,7400,7400,7400,5200
2022-03-11 14:31:00,7400,7375,7400,7400,14200
2022-03-11 14:32:00,7400,7375,7400,7400,0
2022-03-11 14:33:00,7400,7375,7400,7375,2900
2022-03-11 14:34:00,7375,7375,7375,7375,800
2022-03-11 14:35:00,7375,7375,7400,7375,4900
2022-03-11 14:36:00,7375,7375,7400,7400,35400
2022-03-11 14:37:00,7425,7400,7425,7400,1700
2022-03-11 14:38:00,7425,7400,7425,7400,500
2022-03-11 14:39:00,7400,7400,7425,7400,21300
2022-03-11 14:40:00,7400,7400,7400,7400,12900
2022-03-11 14:41:00,7400,7400,7400,7400,0
2022-03-11 14:42:00,7400,7400,7400,7400,0
2022-03-11 14:43:00,7375,7375,7375,7375,10500
2022-03-11 14:44:00,7375,7375,7375,7375,1700
2022-03-11 14:45:00,7375,7375,7375,7375,0
2022-03-11 14:46:00,7375,7375,7375,7375,15300
2022-03-11 14:47:00,7400,7375,7400,7400,18100
2022-03-11 14:48:00,7400,7375,7400,7400,0
2022-03-11 14:49:00,7375,7375,7400,7400,22800
2022-03-11 14:50:00,7375,7375,7400,7400,0
2022-03-11 14:51:00,7375,7375,7400,7400,0
2022-03-11 14:52:00,7375,7375,7400,7400,0
2022-03-11 14:53:00,7375,7375,7400,7400,0
2022-03-11 14:54:00,7375,7375,7400,7400,0
2022-03-11 14:55:00,7375,7375,7400,7400,0
2022-03-11 14:56:00,7375,7375,7400,7400,0
2022-03-11 14:57:00,7375,7375,7400,7400,0
2022-03-11 14:58:00,7375,7375,7400,7400,0
2022-03-11 14:59:00,7375,7375,7400,7400,0
2022-03-11 15:00:00,7375,7375,7375,7375,95500
2022-03-11 15:01:00,7375,7375,7375,7375,5400
2022-03-11 15:02:00,7375,7375,7375,7375,0
2022-03-11 15:03:00,7375,7375,7375,7375,5000
2022-03-11 15:04:00,7375,7375,7375,7375,0
2022-03-11 15:05:00,7375,7375,7375,7375,2900
2022-03-11 15:06:00,7375,7375,7375,7375,21000
2022-03-11 15:07:00,7375,7375,7375,7375,1100
2022-03-11 15:08:00,7375,7375,7375,7375,0
2022-03-11 15:09:00,7375,7375,7375,7375,0
2022-03-11 15:10:00,7375,7375,7375,7375,0
2022-03-11 15:11:00,7375,7375,7375,7375,0
2022-03-11 15:12:00,7375,7375,7375,7375,100
2022-03-11 15:13:00,7375,7375,7375,7375,0
2022-03-11 15:14:00,7375,7375,7375,7375,0
2022-03-11 15:15:00,7375,7375,7375,7375,0
2022-03-11 15:16:00,7375,7375,7375,7375,0
2022-03-11 15:17:00,7375,7375,7375,7375,0
2022-03-11 15:18:00,7375,7375,7375,7375,0
2022-03-11 15:19:00,7375,7375,7375,7375,0
2022-03-11 15:20:00,7375,7375,7375,7375,0
2022-03-11 15:21:00,7375,7375,7375,7375,0
2022-03-11 15:22:00,7375,7375,7375,7375,0
2022-03-11 15:23:00,7375,7375,7375,7375,0
2022-03-11 15:24:00,7375,7375,7375,7375,0
2022-03-11 15:25:00,7375,7375,7375,7375,0
2022-03-11 15:26:00,7375,7375,7375,7375,0
2022-03-11 15:27:00,7375,7375,7375,7375,0
2022-03-11 15:28:00,7375,7375,7375,7375,0
2022-03-11 15:29:00,7375,7375,7375,7375,0
2022-03-11 15:30:00,7375,7375,7375,7375,0
2022-03-11 15:31:00,7375,7375,7375,7375,0
2022-03-11 15:32:00,7375,7375,7375,7375,0
2022-03-11 15:33:00,7375,7375,7375,7375,0
2022-03-11 15:34:00,7375,7375,7375,7375,0
2022-03-11 15:35:00,7375,7375,7375,7375,0
2022-03-11 15:36:00,7375,7375,7375,7375,0
2022-03-11 15:37:00,7375,7375,7375,7375,0
2022-03-11 15:38:00,7375,7375,7375,7375,0
2022-03-11 15:39:00,7375,7375,7375,7375,0
2022-03-11 15:40:00,7375,7375,7375,7375,0
2022-03-11 15:41:00,7375,7375,7375,7375,0
2022-03-11 15:42:00,7375,7375,7375,7375,0
2022-03-11 15:43:00,7375,7375,7375,7375,0
2022-03-11 15:44:00,7375,7375,7375,7375,0
2022-03-11 15:45:00,7375,7375,7375,7375,0
2022-03-11 15:46:00,7375,7375,7375,7375,0
2022-03-11 15:47:00,7375,7375,7375,7375,0
2022-03-11 15:48:00,7375,7375,7375,7375,0
2022-03-11 15:49:00,7375,7375,7375,7375,0
2022-03-11 15:50:00,7375,7375,7375,7375,0
2022-03-11 15:51:00,7375,7375,7375,7375,0
2022-03-11 15:52:00,7375,7375,7375,7375,0
2022-03-11 15:53:00,7375,7375,7375,7375,0
2022-03-11 15:54:00,7375,7375,7375,7375,0
2022-03-11 15:55:00,7375,7375,7375,7375,0
2022-03-11 15:56:00,7375,7375,7375,7375,0
2022-03-11 15:57:00,7375,7375,7375,7375,0
2022-03-11 15:58:00,7375,7375,7375,7375,0
2022-03-11 15:59:00,7375,7375,7375,7375,0
2022-03-14 09:00:00,7400,7375,7425,7425,17700
2022-03-14 09:01:00,7425,7375,7425,7375,13800
2022-03-14 09:02:00,7425,7375,7425,7375,0
2022-03-14 09:03:00,7375,7375,7375,7375,15600
2022-03-14 09:04:00,7375,7375,7375,7375,4800
2022-03-14 09:05:00,7375,7375,7375,7375,19700
2022-03-14 09:06:00,7375,7375,7375,7375,6300
2022-03-14 09:07:00,7375,7375,7375,7375,1900
2022-03-14 09:08:00,7375,7375,7375,7375,4600
2022-03-14 09:09:00,7375,7375,7375,7375,0
2022-03-14 09:10:00,7375,7375,7375,7375,400
2022-03-14 09:11:00,7375,7375,7375,7375,2500
2022-03-14 09:12:00,7375,7375,7375,7375,0
2022-03-14 09:13:00,7375,7375,7375,7375,0
2022-03-14 09:14:00,7375,7375,7375,7375,0
2022-03-14 09:15:00,7375,7375,7375,7375,0
2022-03-14 09:16:00,7375,7375,7375,7375,0
2022-03-14 09:17:00,7375,7375,7375,7375,0
2022-03-14 09:18:00,7375,7375,7450,7400,20200
2022-03-14 09:19:00,7400,7400,7400,7400,1100
2022-03-14 09:20:00,7400,7400,7400,7400,800
2022-03-14 09:21:00,7400,7400,7400,7400,1300
2022-03-14 09:22:00,7400,7400,7425,7425,600
2022-03-14 09:23:00,7425,7425,7425,7425,5000
2022-03-14 09:24:00,7400,7400,7400,7400,100
2022-03-14 09:25:00,7400,7400,7400,7400,0
2022-03-14 09:26:00,7400,7400,7400,7400,500
2022-03-14 09:27:00,7400,7400,7400,7400,4000
2022-03-14 09:28:00,7425,7425,7425,7425,200
2022-03-14 09:29:00,7425,7425,7425,7425,0
2022-03-14 09:30:00,7425,7425,7425,7425,0
2022-03-14 09:31:00,7425,7425,7425,7425,0
2022-03-14 09:32:00,7425,7425,7425,7425,0
2022-03-14 09:33:00,7425,7425,7425,7425,2200
2022-03-14 09:34:00,7425,7425,7425,7425,1300
2022-03-14 09:35:00,7400,7400,7400,7400,700
2022-03-14 09:36:00,7400,7400,7425,7425,1400
2022-03-14 09:37:00,7425,7425,7425,7425,3500
2022-03-14 09:38:00,7425,7425,7425,7425,500
2022-03-14 09:39:00,7425,7425,7450,7450,14500
2022-03-14 09:40:00,7450,7450,7450,7450,49300
2022-03-14 09:41:00,7450,7450,7475,7450,9800
2022-03-14 09:42:00,7450,7425,7450,7450,1000
2022-03-14 09:43:00,7425,7425,7425,7425,100
2022-03-14 09:44:00,7425,7400,7425,7400,17600
2022-03-14 09:45:00,7400,7400,7400,7400,11600
2022-03-14 09:46:00,7400,7375,7400,7375,27600
2022-03-14 09:47:00,7400,7400,7400,7400,7200
2022-03-14 09:48:00,7400,7400,7400,7400,700
2022-03-14 09:49:00,7400,7400,7400,7400,1500
2022-03-14 09:50:00,7375,7375,7400,7375,26100
2022-03-14 09:51:00,7425,7400,7425,7400,9900
2022-03-14 09:52:00,7425,7400,7425,7400,0
2022-03-14 09:53:00,7450,7450,7450,7450,100
2022-03-14 09:54:00,7425,7425,7425,7425,600
2022-03-14 09:55:00,7425,7425,7425,7425,0
2022-03-14 09:56:00,7425,7425,7425,7425,100
2022-03-14 09:57:00,7425,7425,7425,7425,5100
2022-03-14 09:58:00,7425,7425,7425,7425,200
2022-03-14 09:59:00,7425,7425,7425,7425,0
2022-03-14 10:00:00,7425,7425,7425,7425,1400
2022-03-14 10:01:00,7425,7425,7425,7425,0
2022-03-14 10:02:00,7425,7425,7425,7425,200
2022-03-14 10:03:00,7425,7425,7425,7425,0
2022-03-14 10:04:00,7450,7450,7450,7450,18400
2022-03-14 10:05:00,7450,7450,7450,7450,400
2022-03-14 10:06:00,7450,7450,7450,7450,12000
2022-03-14 10:07:00,7450,7425,7450,7425,6000
2022-03-14 10:08:00,7450,7450,7450,7450,1000
2022-03-14 10:09:00,7450,7450,7450,7450,7800
2022-03-14 10:10:00,7450,7450,7475,7450,13000
2022-03-14 10:11:00,7450,7450,7450,7450,1000
2022-03-14 10:12:00,7475,7450,7500,7500,43000
2022-03-14 10:13:00,7475,7475,7500,7475,96600
2022-03-14 10:14:00,7475,7475,7475,7475,1400
2022-03-14 10:15:00,7475,7475,7475,7475,3800
2022-03-14 10:16:00,7475,7450,7475,7450,700
2022-03-14 10:17:00,7475,7450,7475,7450,0
2022-03-14 10:18:00,7475,7450,7475,7450,0
2022-03-14 10:19:00,7450,7425,7450,7425,5000
2022-03-14 10:20:00,7450,7450,7450,7450,2100
2022-03-14 10:21:00,7450,7450,7450,7450,6800
2022-03-14 10:22:00,7450,7450,7475,7450,3600
2022-03-14 10:23:00,7450,7450,7475,7450,0
2022-03-14 10:24:00,7425,7425,7425,7425,300
2022-03-14 10:25:00,7425,7425,7425,7425,0
2022-03-14 10:26:00,7450,7450,7450,7450,200
2022-03-14 10:27:00,7450,7450,7450,7450,4200
2022-03-14 10:28:00,7450,7450,7450,7450,5700
2022-03-14 10:29:00,7450,7450,7450,7450,500
2022-03-14 10:30:00,7450,7450,7450,7450,1300
2022-03-14 10:31:00,7425,7425,7425,7425,15600
2022-03-14 10:32:00,7425,7425,7425,7425,0
2022-03-14 10:33:00,7425,7425,7450,7425,36000
2022-03-14 10:34:00,7425,7425,7425,7425,5000
2022-03-14 10:35:00,7425,7425,7425,7425,12000
2022-03-14 10:36:00,7425,7425,7425,7425,100
2022-03-14 10:37:00,7425,7425,7425,7425,4000
2022-03-14 10:38:00,7425,7425,7425,7425,900
2022-03-14 10:39:00,7425,7425,7425,7425,400
2022-03-14 10:40:00,7425,7425,7425,7425,1000
2022-03-14 10:41:00,7425,7425,7425,7425,500
2022-03-14 10:42:00,7425,7425,7425,7425,700
2022-03-14 10:43:00,7425,7425,7425,7425,0
2022-03-14 10:44:00,7425,7425,7425,7425,0
2022-03-14 10:45:00,7425,7425,7425,7425,100
2022-03-14 10:46:00,7425,7425,7450,7450,8500
2022-03-14 10:47:00,7425,7425,7450,7450,0
2022-03-14 10:48:00,7425,7425,7450,7450,0
2022-03-14 10:49:00,7425,7425,7450,7450,0
2022-03-14 10:50:00,7450,7450,7450,7450,400
2022-03-14 10:51:00,7450,7450,7450,7450,0
2022-03-14 10:52:00,7450,7425,7450,7425,400
2022-03-14 10:53:00,7450,7425,7450,7425,0
2022-03-14 10:54:00,7450,7450,7450,7450,2300
2022-03-14 10:55:00,7425,7425,7425,7425,1300
2022-03-14 10:56:00,7425,7425,7425,7425,4500
2022-03-14 10:57:00,7425,7425,7425,7425,0
2022-03-14 10:58:00,7425,7425,7425,7425,0
2022-03-14 10:59:00,7425,7425,7425,7425,15000
2022-03-14 11:00:00,7425,7425,7425,7425,200
2022-03-14 11:01:00,7425,7425,7425,7425,700
2022-03-14 11:02:00,7425,7425,7450,7450,164200
2022-03-14 11:03:00,7450,7450,7500,7500,43600
2022-03-14 11:04:00,7500,7475,7500,7500,6300
2022-03-14 11:05:00,7500,7475,7500,7475,20200
2022-03-14 11:06:00,7475,7475,7475,7475,51500
2022-03-14 11:07:00,7475,7475,7500,7500,9700
2022-03-14 11:08:00,7500,7500,7500,7500,104500
2022-03-14 11:09:00,7500,7500,7500,7500,77900
2022-03-14 11:10:00,7500,7500,7500,7500,200
2022-03-14 11:11:00,7475,7475,7475,7475,1000
2022-03-14 11:12:00,7475,7475,7475,7475,300
2022-03-14 11:13:00,7475,7475,7500,7475,51900
2022-03-14 11:14:00,7475,7450,7475,7475,30300
2022-03-14 11:15:00,7475,7475,7475,7475,2100
2022-03-14 11:16:00,7450,7450,7450,7450,45700
2022-03-14 11:17:00,7450,7450,7450,7450,9800
2022-03-14 11:18:00,7450,7450,7475,7475,35100
2022-03-14 11:19:00,7475,7475,7475,7475,2200
2022-03-14 11:20:00,7475,7425,7475,7425,151700
2022-03-14 11:21:00,7475,7475,7475,7475,7500
2022-03-14 11:22:00,7475,7475,7475,7475,48800
2022-03-14 11:23:00,7475,7475,7500,7500,1800
2022-03-14 11:24:00,7500,7500,7525,7525,99600
2022-03-14 11:25:00,7525,7500,7525,7525,61400
2022-03-14 11:26:00,7525,7500,7525,7500,83200
2022-03-14 11:27:00,7500,7500,7500,7500,10700
2022-03-14 11:28:00,7500,7500,7500,7500,1100
2022-03-14 11:29:00,7500,7500,7525,7525,27200
2022-03-14 11:30:00,7500,7500,7525,7525,0
2022-03-14 11:31:00,7500,7500,7525,7525,0
2022-03-14 11:32:00,7500,7500,7525,7525,0
2022-03-14 11:33:00,7500,7500,7525,7525,0
2022-03-14 11:34:00,7500,7500,7525,7525,0
2022-03-14 11:35:00,7500,7500,7525,7525,0
2022-03-14 11:36:00,7500,7500,7525,7525,0
2022-03-14 11:37:00,7500,7500,7525,7525,0
2022-03-14 11:38:00,7500,7500,7525,7525,0
2022-03-14 11:39:00,7500,7500,7525,7525,0
2022-03-14 11:40:00,7500,7500,7525,7525,0
2022-03-14 11:41:00,7500,7500,7525,7525,0
2022-03-14 11:42:00,7500,7500,7525,7525,0
2022-03-14 11:43:00,7500,7500,7525,7525,0
2022-03-14 11:44:00,7500,7500,7525,7525,0
2022-03-14 11:45:00,7500,7500,7525,7525,0
2022-03-14 11:46:00,7500,7500,7525,7525,0
2022-03-14 11:47:00,7500,7500,7525,7525,0
2022-03-14 11:48:00,7500,7500,7525,7525,0
2022-03-14 11:49:00,7500,7500,7525,7525,0
2022-03-14 11:50:00,7500,7500,7525,7525,0
2022-03-14 11:51:00,7500,7500,7525,7525,0
2022-03-14 11:52:00,7500,7500,7525,7525,0
2022-03-14 11:53:00,7500,7500,7525,7525,0
2022-03-14 11:54:00,7500,7500,7525,7525,0
2022-03-14 11:55:00,7500,7500,7525,7525,0
2022-03-14 11:56:00,7500,7500,7525,7525,0
2022-03-14 11:57:00,7500,7500,7525,7525,0
2022-03-14 11:58:00,7500,7500,7525,7525,0
2022-03-14 11:59:00,7500,7500,7525,7525,0
2022-03-14 12:00:00,7500,7500,7525,7525,0
2022-03-14 12:01:00,7500,7500,7525,7525,0
2022-03-14 12:02:00,7500,7500,7525,7525,0
2022-03-14 12:03:00,7500,7500,7525,7525,0
2022-03-14 12:04:00,7500,7500,7525,7525,0
2022-03-14 12:05:00,7500,7500,7525,7525,0
2022-03-14 12:06:00,7500,7500,7525,7525,0
2022-03-14 12:07:00,7500,7500,7525,7525,0
2022-03-14 12:08:00,7500,7500,7525,7525,0
2022-03-14 12:09:00,7500,7500,7525,7525,0
2022-03-14 12:10:00,7500,7500,7525,7525,0
2022-03-14 12:11:00,7500,7500,7525,7525,0
2022-03-14 12:12:00,7500,7500,7525,7525,0
2022-03-14 12:13:00,7500,7500,7525,7525,0
2022-03-14 12:14:00,7500,7500,7525,7525,0
2022-03-14 12:15:00,7500,7500,7525,7525,0
2022-03-14 12:16:00,7500,7500,7525,7525,0
2022-03-14 12:17:00,7500,7500,7525,7525,0
2022-03-14 12:18:00,7500,7500,7525,7525,0
2022-03-14 12:19:00,7500,7500,7525,7525,0
2022-03-14 12:20:00,7500,7500,7525,7525,0
2022-03-14 12:21:00,7500,7500,7525,7525,0
2022-03-14 12:22:00,7500,7500,7525,7525,0
2022-03-14 12:23:00,7500,7500,7525,7525,0
2022-03-14 12:24:00,7500,7500,7525,7525,0
2022-03-14 12:25:00,7500,7500,7525,7525,0
2022-03-14 12:26:00,7500,7500,7525,7525,0
2022-03-14 12:27:00,7500,7500,7525,7525,0
2022-03-14 12:28:00,7500,7500,7525,7525,0
2022-03-14 12:29:00,7500,7500,7525,7525,0
2022-03-14 12:30:00,7500,7500,7525,7525,0
2022-03-14 12:31:00,7500,7500,7525,7525,0
2022-03-14 12:32:00,7500,7500,7525,7525,0
2022-03-14 12:33:00,7500,7500,7525,7525,0
2022-03-14 12:34:00,7500,7500,7525,7525,0
2022-03-14 12:35:00,7500,7500,7525,7525,0
2022-03-14 12:36:00,7500,7500,7525,7525,0
2022-03-14 12:37:00,7500,7500,7525,7525,0
2022-03-14 12:38:00,7500,7500,7525,7525,0
2022-03-14 12:39:00,7500,7500,7525,7525,0
2022-03-14 12:40:00,7500,7500,7525,7525,0
2022-03-14 12:41:00,7500,7500,7525,7525,0
2022-03-14 12:42:00,7500,7500,7525,7525,0
2022-03-14 12:43:00,7500,7500,7525,7525,0
2022-03-14 12:44:00,7500,7500,7525,7525,0
2022-03-14 12:45:00,7500,7500,7525,7525,0
2022-03-14 12:46:00,7500,7500,7525,7525,0
2022-03-14 12:47:00,7500,7500,7525,7525,0
2022-03-14 12:48:00,7500,7500,7525,7525,0
2022-03-14 12:49:00,7500,7500,7525,7525,0
2022-03-14 12:50:00,7500,7500,7525,7525,0
2022-03-14 12:51:00,7500,7500,7525,7525,0
2022-03-14 12:52:00,7500,7500,7525,7525,0
2022-03-14 12:53:00,7500,7500,7525,7525,0
2022-03-14 12:54:00,7500,7500,7525,7525,0
2022-03-14 12:55:00,7500,7500,7525,7525,0
2022-03-14 12:56:00,7500,7500,7525,7525,0
2022-03-14 12:57:00,7500,7500,7525,7525,0
2022-03-14 12:58:00,7500,7500,7525,7525,0
2022-03-14 12:59:00,7500,7500,7525,7525,0
2022-03-14 13:00:00,7500,7500,7525,7525,0
2022-03-14 13:01:00,7500,7500,7525,7525,0
2022-03-14 13:02:00,7500,7500,7525,7525,0
2022-03-14 13:03:00,7500,7500,7525,7525,0
2022-03-14 13:04:00,7500,7500,7525,7525,0
2022-03-14 13:05:00,7500,7500,7525,7525,0
2022-03-14 13:06:00,7500,7500,7525,7525,0
2022-03-14 13:07:00,7500,7500,7525,7525,0
2022-03-14 13:08:00,7500,7500,7525,7525,0
2022-03-14 13:09:00,7500,7500,7525,7525,0
2022-03-14 13:10:00,7500,7500,7525,7525,0
2022-03-14 13:11:00,7500,7500,7525,7525,0
2022-03-14 13:12:00,7500,7500,7525,7525,0
2022-03-14 13:13:00,7500,7500,7525,7525,0
2022-03-14 13:14:00,7500,7500,7525,7525,0
2022-03-14 13:15:00,7500,7500,7525,7525,0
2022-03-14 13:16:00,7500,7500,7525,7525,0
2022-03-14 13:17:00,7500,7500,7525,7525,0
2022-03-14 13:18:00,7500,7500,7525,7525,0
2022-03-14 13:19:00,7500,7500,7525,7525,0
2022-03-14 13:20:00,7500,7500,7525,7525,0
2022-03-14 13:21:00,7500,7500,7525,7525,0
2022-03-14 13:22:00,7500,7500,7525,7525,0
2022-03-14 13:23:00,7500,7500,7525,7525,0
2022-03-14 13:24:00,7500,7500,7525,7525,0
2022-03-14 13:25:00,7500,7500,7525,7525,0
2022-03-14 13:26:00,7500,7500,7525,7525,0
2022-03-14 13:27:00,7500,7500,7525,7525,0
2022-03-14 13:28:00,7500,7500,7525,7525,0
2022-03-14 13:29:00,7500,7500,7525,7525,0
2022-03-14 13:30:00,7525,7500,7525,7500,19500
2022-03-14 13:31:00,7500,7475,7500,7475,73500
2022-03-14 13:32:00,7500,7475,7500,7475,0
2022-03-14 13:33:00,7475,7475,7500,7500,6200
2022-03-14 13:34:00,7500,7475,7500,7475,1000
2022-03-14 13:35:00,7475,7475,7475,7475,57100
2022-03-14 13:36:00,7475,7475,7475,7475,52700
2022-03-14 13:37:00,7475,7475,7475,7475,24200
2022-03-14 13:38:00,7475,7475,7475,7475,500
2022-03-14 13:39:00,7475,7475,7475,7475,1500
2022-03-14 13:40:00,7475,7475,7475,7475,200
2022-03-14 13:41:00,7475,7450,7475,7450,6000
2022-03-14 13:42:00,7450,7450,7475,7450,26900
2022-03-14 13:43:00,7450,7450,7450,7450,17500
2022-03-14 13:44:00,7475,7450,7475,7450,28400
2022-03-14 13:45:00,7450,7425,7450,7425,26400
2022-03-14 13:46:00,7425,7425,7425,7425,2900
2022-03-14 13:47:00,7425,7425,7425,7425,0
2022-03-14 13:48:00,7425,7425,7425,7425,37500
2022-03-14 13:49:00,7400,7400,7400,7400,800
2022-03-14 13:50:00,7400,7400,7400,7400,0
2022-03-14 13:51:00,7400,7400,7425,7400,10600
2022-03-14 13:52:00,7400,7400,7425,7400,0
2022-03-14 13:53:00,7400,7400,7425,7425,8000
2022-03-14 13:54:00,7400,7400,7400,7400,5700
2022-03-14 13:55:00,7400,7400,7425,7425,12000
2022-03-14 13:56:00,7400,7400,7400,7400,3500
2022-03-14 13:57:00,7400,7400,7400,7400,50100
2022-03-14 13:58:00,7425,7425,7425,7425,600
2022-03-14 13:59:00,7400,7400,7400,7400,17500
2022-03-14 14:00:00,7400,7400,7400,7400,20900
2022-03-14 14:01:00,7400,7400,7400,7400,2400
2022-03-14 14:02:00,7400,7375,7400,7375,37900
2022-03-14 14:03:00,7375,7375,7375,7375,1200
2022-03-14 14:04:00,7375,7375,7375,7375,27200
2022-03-14 14:05:00,7375,7375,7375,7375,29100
2022-03-14 14:06:00,7375,7375,7375,7375,87100
2022-03-14 14:07:00,7375,7350,7375,7375,31800
2022-03-14 14:08:00,7375,7350,7375,7350,5400
2022-03-14 14:09:00,7350,7350,7375,7375,9500
2022-03-14 14:10:00,7375,7350,7375,7375,6500
2022-03-14 14:11:00,7350,7350,7375,7350,5500
2022-03-14 14:12:00,7350,7350,7350,7350,33000
2022-03-14 14:13:00,7350,7350,7350,7350,300
2022-03-14 14:14:00,7375,7350,7375,7350,90000
2022-03-14 14:15:00,7350,7350,7350,7350,200
2022-03-14 14:16:00,7350,7350,7375,7375,24400
2022-03-14 14:17:00,7375,7350,7375,7350,5400
2022-03-14 14:18:00,7350,7350,7350,7350,12700
2022-03-14 14:19:00,7375,7350,7375,7350,2200
2022-03-14 14:20:00,7350,7350,7350,7350,1100
2022-03-14 14:21:00,7350,7350,7350,7350,0
2022-03-14 14:22:00,7375,7350,7375,7350,1700
2022-03-14 14:23:00,7350,7350,7350,7350,900
2022-03-14 14:24:00,7375,7375,7375,7375,400
2022-03-14 14:25:00,7350,7350,7350,7350,3300
2022-03-14 14:26:00,7375,7375,7375,7375,8300
2022-03-14 14:27:00,7375,7375,7375,7375,200
2022-03-14 14:28:00,7375,7375,7400,7400,8500
2022-03-14 14:29:00,7400,7375,7400,7375,1100
2022-03-14 14:30:00,7375,7375,7375,7375,100
2022-03-14 14:31:00,7400,7375,7400,7375,1600
2022-03-14 14:32:00,7400,7375,7400,7375,8900
2022-03-14 14:33:00,7400,7375,7400,7375,0
2022-03-14 14:34:00,7400,7375,7400,7400,3200
2022-03-14 14:35:00,7375,7375,7375,7375,700
2022-03-14 14:36:00,7375,7375,7375,7375,0
2022-03-14 14:37:00,7375,7375,7375,7375,5000
2022-03-14 14:38:00,7375,7375,7375,7375,0
2022-03-14 14:39:00,7375,7375,7375,7375,14600
2022-03-14 14:40:00,7375,7375,7400,7400,41200
2022-03-14 14:41:00,7425,7400,7425,7400,1800
2022-03-14 14:42:00,7425,7425,7425,7425,400
2022-03-14 14:43:00,7425,7400,7425,7425,1000
2022-03-14 14:44:00,7425,7425,7425,7425,5800
2022-03-14 14:45:00,7425,7425,7450,7450,10600
2022-03-14 14:46:00,7450,7425,7450,7450,4000
2022-03-14 14:47:00,7425,7425,7450,7450,5900
2022-03-14 14:48:00,7425,7425,7450,7450,7600
2022-03-14 14:49:00,7425,7425,7450,7425,13700
2022-03-14 14:50:00,7425,7425,7450,7425,0
2022-03-14 14:51:00,7425,7425,7450,7425,0
2022-03-14 14:52:00,7425,7425,7450,7425,0
2022-03-14 14:53:00,7425,7425,7450,7425,0
2022-03-14 14:54:00,7425,7425,7450,7425,0
2022-03-14 14:55:00,7425,7425,7450,7425,0
2022-03-14 14:56:00,7425,7425,7450,7425,0
2022-03-14 14:57:00,7425,7425,7450,7425,0
2022-03-14 14:58:00,7425,7425,7450,7425,0
2022-03-14 14:59:00,7425,7425,7450,7425,0
2022-03-14 15:00:00,7425,7425,7425,7425,135000
2022-03-14 15:01:00,7425,7425,7425,7425,0
2022-03-14 15:02:00,7425,7425,7425,7425,4000
2022-03-14 15:03:00,7425,7425,7425,7425,500
2022-03-14 15:04:00,7425,7425,7425,7425,1000
2022-03-14 15:05:00,7425,7425,7425,7425,200
2022-03-14 15:06:00,7425,7425,7425,7425,15000
2022-03-14 15:07:00,7425,7425,7425,7425,0
2022-03-14 15:08:00,7425,7425,7425,7425,12000
2022-03-14 15:09:00,7425,7425,7425,7425,10400
2022-03-14 15:10:00,7425,7425,7425,7425,0
2022-03-14 15:11:00,7425,7425,7425,7425,0
2022-03-14 15:12:00,7425,7425,7425,7425,1800
2022-03-14 15:13:00,7425,7425,7425,7425,1500
2022-03-14 15:14:00,7425,7425,7425,7425,10000
2022-03-14 15:15:00,7425,7425,7425,7425,0
2022-03-14 15:16:00,7425,7425,7425,7425,0
2022-03-14 15:17:00,7425,7425,7425,7425,0
2022-03-14 15:18:00,7425,7425,7425,7425,0
2022-03-14 15:19:00,7425,7425,7425,7425,0
2022-03-14 15:20:00,7425,7425,7425,7425,0
2022-03-14 15:21:00,7425,7425,7425,7425,0
2022-03-14 15:22:00,7425,7425,7425,7425,0
2022-03-14 15:23:00,7425,7425,7425,7425,0
2022-03-14 15:24:00,7425,7425,7425,7425,0
2022-03-14 15:25:00,7425,7425,7425,7425,0
2022-03-14 15:26:00,7425,7425,7425,7425,0
2022-03-14 15:27:00,7425,7425,7425,7425,0
2022-03-14 15:28:00,7425,7425,7425,7425,0
2022-03-14 15:29:00,7425,7425,7425,7425,0
2022-03-14 15:30:00,7425,7425,7425,7425,0
2022-03-14 15:31:00,7425,7425,7425,7425,0
2022-03-14 15:32:00,7425,7425,7425,7425,0
2022-03-14 15:33:00,7425,7425,7425,7425,0
2022-03-14 15:34:00,7425,7425,7425,7425,0
2022-03-14 15:35:00,7425,7425,7425,7425,0
2022-03-14 15:36:00,7425,7425,7425,7425,0
2022-03-14 15:37:00,7425,7425,7425,7425,0
2022-03-14 15:38:00,7425,7425,7425,7425,0
2022-03-14 15:39:00,7425,7425,7425,7425,0
2022-03-14 15:40:00,7425,7425,7425,7425,0
2022-03-14 15:41:00,7425,7425,7425,7425,0
2022-03-14 15:42:00,7425,7425,7425,7425,0
2022-03-14 15:43:00,7425,7425,7425,7425,0
2022-03-14 15:44:00,7425,7425,7425,7425,0
2022-03-14 15:45:00,7425,7425,7425,7425,0
2022-03-14 15:46:00,7425,7425,7425,7425,0
2022-03-14 15:47:00,7425,7425,7425,7425,0
2022-03-14 15:48:00,7425,7425,7425,7425,0
2022-03-14 15:49:00,7425,7425,7425,7425,0
2022-03-14 15:50:00,7425,7425,7425,7425,0
2022-03-14 15:51:00,7425,7425,7425,7425,0
2022-03-14 15:52:00,7425,7425,7425,7425,0
2022-03-14 15:53:00,7425,7425,7425,7425,0
2022-03-14 15:54:00,7425,7425,7425,7425,0
2022-03-14 15:55:00,7425,7425,7425,7425,0
2022-03-14 15:56:00,7425,7425,7425,7425,0
2022-03-14 15:57:00,7425,7425,7425,7425,0
2022-03-14 15:58:00,7425,7425,7425,7425,0
2022-03-14 15:59:00,7425,7425,7425,7425,0
2022-03-15 09:00:00,7450,7450,7450,7450,3200
2022-03-15 09:01:00,7450,7425,7450,7450,19900
2022-03-15 09:02:00,7425,7425,7425,7425,6300
2022-03-15 09:03:00,7425,7425,7450,7450,24900
2022-03-15 09:04:00,7450,7425,7475,7425,10000
2022-03-15 09:05:00,7450,7450,7475,7475,6900
2022-03-15 09:06:00,7450,7450,7475,7475,45400
2022-03-15 09:07:00,7450,7450,7475,7475,1500
2022-03-15 09:08:00,7475,7475,7475,7475,2500
2022-03-15 09:09:00,7475,7475,7475,7475,4900
2022-03-15 09:10:00,7475,7450,7475,7450,14800
2022-03-15 09:11:00,7450,7450,7475,7450,18700
2022-03-15 09:12:00,7450,7425,7450,7425,46500
2022-03-15 09:13:00,7400,7400,7425,7425,13200
2022-03-15 09:14:00,7400,7400,7425,7425,0
2022-03-15 09:15:00,7400,7400,7400,7400,1500
2022-03-15 09:16:00,7400,7400,7425,7425,34200
2022-03-15 09:17:00,7450,7450,7450,7450,800
2022-03-15 09:18:00,7450,7450,7450,7450,0
2022-03-15 09:19:00,7425,7425,7425,7425,800
2022-03-15 09:20:00,7425,7425,7425,7425,3500
2022-03-15 09:21:00,7425,7425,7425,7425,200
2022-03-15 09:22:00,7425,7425,7450,7425,3100
2022-03-15 09:23:00,7425,7425,7425,7425,20000
2022-03-15 09:24:00,7425,7400,7425,7400,7900
2022-03-15 09:25:00,7425,7400,7425,7400,77800
2022-03-15 09:26:00,7400,7375,7400,7375,46100
2022-03-15 09:27:00,7375,7375,7375,7375,11500
2022-03-15 09:28:00,7375,7350,7375,7375,51100
2022-03-15 09:29:00,7375,7375,7375,7375,1400
2022-03-15 09:30:00,7375,7350,7375,7350,800
2022-03-15 09:31:00,7350,7350,7350,7350,18100
2022-03-15 09:32:00,7350,7350,7350,7350,7100
2022-03-15 09:33:00,7375,7350,7375,7350,1400
2022-03-15 09:34:00,7350,7350,7350,7350,2500
2022-03-15 09:35:00,7375,7375,7375,7375,700
2022-03-15 09:36:00,7375,7375,7375,7375,700
2022-03-15 09:37:00,7375,7375,7375,7375,1800
2022-03-15 09:38:00,7350,7350,7375,7375,4100
2022-03-15 09:39:00,7375,7375,7375,7375,100
2022-03-15 09:40:00,7375,7375,7375,7375,1000
2022-03-15 09:41:00,7375,7375,7375,7375,400
2022-03-15 09:42:00,7375,7375,7375,7375,2500
2022-03-15 09:43:00,7350,7350,7375,7375,3100
2022-03-15 09:44:00,7350,7350,7350,7350,3500
2022-03-15 09:45:00,7350,7350,7350,7350,1600
2022-03-15 09:46:00,7350,7350,7350,7350,16900
2022-03-15 09:47:00,7350,7325,7350,7325,54100
2022-03-15 09:48:00,7325,7300,7325,7300,45200
2022-03-15 09:49:00,7300,7300,7325,7300,17400
2022-03-15 09:50:00,7300,7300,7325,7325,3900
2022-03-15 09:51:00,7300,7300,7325,7300,24000
2022-03-15 09:52:00,7300,7300,7300,7300,4300
2022-03-15 09:53:00,7300,7300,7300,7300,0
2022-03-15 09:54:00,7300,7300,7300,7300,500
2022-03-15 09:55:00,7300,7300,7325,7300,1800
2022-03-15 09:56:00,7300,7300,7300,7300,100
2022-03-15 09:57:00,7300,7300,7325,7325,6400
2022-03-15 09:58:00,7325,7300,7325,7300,500
2022-03-15 09:59:00,7325,7300,7325,7325,23400
2022-03-15 10:00:00,7300,7300,7325,7325,10100
2022-03-15 10:01:00,7300,7300,7325,7300,8700
2022-03-15 10:02:00,7325,7300,7325,7325,7200
2022-03-15 10:03:00,7325,7325,7325,7325,89700
2022-03-15 10:04:00,7300,7300,7325,7325,31800
2022-03-15 10:05:00,7325,7300,7325,7325,4000
2022-03-15 10:06:00,7325,7325,7325,7325,23000
2022-03-15 10:07:00,7325,7325,7325,7325,1800
2022-03-15 10:08:00,7325,7325,7325,7325,10500
2022-03-15 10:09:00,7325,7325,7325,7325,700
2022-03-15 10:10:00,7325,7325,7325,7325,9900
2022-03-15 10:11:00,7325,7325,7325,7325,5700
2022-03-15 10:12:00,7325,7325,7325,7325,0
2022-03-15 10:13:00,7325,7325,7325,7325,8400
2022-03-15 10:14:00,7325,7325,7325,7325,800
2022-03-15 10:15:00,7325,7325,7325,7325,1400
2022-03-15 10:16:00,7325,7300,7325,7300,5300
2022-03-15 10:17:00,7325,7300,7325,7300,5000
2022-03-15 10:18:00,7300,7300,7300,7300,2800
2022-03-15 10:19:00,7300,7300,7325,7325,5700
2022-03-15 10:20:00,7325,7325,7325,7325,10700
2022-03-15 10:21:00,7325,7325,7325,7325,11900
2022-03-15 10:22:00,7300,7300,7325,7325,2400
2022-03-15 10:23:00,7325,7300,7325,7325,1400
2022-03-15 10:24:00,7325,7325,7325,7325,2100
2022-03-15 10:25:00,7325,7325,7325,7325,11400
2022-03-15 10:26:00,7325,7300,7325,7300,400
2022-03-15 10:27:00,7325,7325,7325,7325,4700
2022-03-15 10:28:00,7325,7325,7325,7325,1000
2022-03-15 10:29:00,7325,7300,7325,7300,1500
2022-03-15 10:30:00,7325,7325,7325,7325,1200
2022-03-15 10:31:00,7300,7300,7325,7300,6900
2022-03-15 10:32:00,7325,7325,7325,7325,2500
2022-03-15 10:33:00,7325,7325,7325,7325,500
2022-03-15 10:34:00,7325,7325,7325,7325,9200
2022-03-15 10:35:00,7350,7350,7350,7350,400
2022-03-15 10:36:00,7325,7325,7325,7325,200
2022-03-15 10:37:00,7325,7325,7325,7325,3400
2022-03-15 10:38:00,7325,7325,7325,7325,0
2022-03-15 10:39:00,7325,7325,7325,7325,1000
2022-03-15 10:40:00,7300,7300,7300,7300,3500
2022-03-15 10:41:00,7325,7325,7325,7325,200
2022-03-15 10:42:00,7300,7275,7325,7275,362300
2022-03-15 10:43:00,7275,7275,7275,7275,39100
2022-03-15 10:44:00,7275,7250,7275,7250,12500
2022-03-15 10:45:00,7275,7250,7275,7250,56100
2022-03-15 10:46:00,7250,7225,7250,7225,116800
2022-03-15 10:47:00,7225,7225,7250,7250,19600
2022-03-15 10:48:00,7250,7225,7250,7250,21100
2022-03-15 10:49:00,7250,7200,7250,7225,123100
2022-03-15 10:50:00,7225,7225,7225,7225,700
2022-03-15 10:51:00,7225,7200,7225,7200,2000
2022-03-15 10:52:00,7200,7200,7225,7225,2600
2022-03-15 10:53:00,7200,7200,7200,7200,17200
2022-03-15 10:54:00,7200,7200,7225,7225,11000
2022-03-15 10:55:00,7200,7175,7200,7175,109300
2022-03-15 10:56:00,7175,7175,7175,7175,18200
2022-03-15 10:57:00,7175,7175,7175,7175,39900
2022-03-15 10:58:00,7175,7150,7175,7150,95000
2022-03-15 10:59:00,7150,7125,7150,7150,42000
2022-03-15 11:00:00,7150,7150,7150,7150,16800
2022-03-15 11:01:00,7150,7150,7175,7175,1200
2022-03-15 11:02:00,7150,7150,7200,7175,7200
2022-03-15 11:03:00,7175,7175,7200,7200,1200
2022-03-15 11:04:00,7175,7175,7175,7175,900
2022-03-15 11:05:00,7200,7200,7200,7200,4500
2022-03-15 11:06:00,7200,7200,7200,7200,1000
2022-03-15 11:07:00,7175,7175,7175,7175,100
2022-03-15 11:08:00,7175,7175,7200,7200,23600
2022-03-15 11:09:00,7175,7175,7200,7200,3900
2022-03-15 11:10:00,7175,7175,7200,7200,0
2022-03-15 11:11:00,7200,7200,7200,7200,2200
2022-03-15 11:12:00,7175,7175,7200,7200,54200
2022-03-15 11:13:00,7200,7200,7200,7200,7500
2022-03-15 11:14:00,7200,7200,7200,7200,4300
2022-03-15 11:15:00,7200,7200,7200,7200,7100
2022-03-15 11:16:00,7200,7200,7200,7200,3000
2022-03-15 11:17:00,7200,7200,7225,7225,1300
2022-03-15 11:18:00,7225,7225,7225,7225,100
2022-03-15 11:19:00,7225,7225,7225,7225,1100
2022-03-15 11:20:00,7225,7200,7225,7225,3900
2022-03-15 11:21:00,7225,7225,7225,7225,400
2022-03-15 11:22:00,7225,7200,7225,7200,7900
2022-03-15 11:23:00,7225,7225,7225,7225,200
2022-03-15 11:24:00,7225,7225,7225,7225,8100
2022-03-15 11:25:00,7200,7200,7225,7200,11200
2022-03-15 11:26:00,7225,7225,7250,7225,3200
2022-03-15 11:27:00,7225,7225,7250,7225,9400
2022-03-15 11:28:00,7225,7200,7225,7200,28700
2022-03-15 11:29:00,7225,7225,7225,7225,100
2022-03-15 11:30:00,7225,7225,7225,7225,0
2022-03-15 11:31:00,7225,7225,7225,7225,0
2022-03-15 11:32:00,7225,7225,7225,7225,0
2022-03-15 11:33:00,7225,7225,7225,7225,0
2022-03-15 11:34:00,7225,7225,7225,7225,0
2022-03-15 11:35:00,7225,7225,7225,7225,0
2022-03-15 11:36:00,7225,7225,7225,7225,0
2022-03-15 11:37:00,7225,7225,7225,7225,0
2022-03-15 11:38:00,7225,7225,7225,7225,0
2022-03-15 11:39:00,7225,7225,7225,7225,0
2022-03-15 11:40:00,7225,7225,7225,7225,0
2022-03-15 11:41:00,7225,7225,7225,7225,0
2022-03-15 11:42:00,7225,7225,7225,7225,0
2022-03-15 11:43:00,7225,7225,7225,7225,0
2022-03-15 11:44:00,7225,7225,7225,7225,0
2022-03-15 11:45:00,7225,7225,7225,7225,0
2022-03-15 11:46:00,7225,7225,7225,7225,0
2022-03-15 11:47:00,7225,7225,7225,7225,0
2022-03-15 11:48:00,7225,7225,7225,7225,0
2022-03-15 11:49:00,7225,7225,7225,7225,0
2022-03-15 11:50:00,7225,7225,7225,7225,0
2022-03-15 11:51:00,7225,7225,7225,7225,0
2022-03-15 11:52:00,7225,7225,7225,7225,0
2022-03-15 11:53:00,7225,7225,7225,7225,0
2022-03-15 11:54:00,7225,7225,7225,7225,0
2022-03-15 11:55:00,7225,7225,7225,7225,0
2022-03-15 11:56:00,7225,7225,7225,7225,0
2022-03-15 11:57:00,7225,7225,7225,7225,0
2022-03-15 11:58:00,7225,7225,7225,7225,0
2022-03-15 11:59:00,7225,7225,7225,7225,0
2022-03-15 12:00:00,7225,7225,7225,7225,0
2022-03-15 12:01:00,7225,7225,7225,7225,0
2022-03-15 12:02:00,7225,7225,7225,7225,0
2022-03-15 12:03:00,7225,7225,7225,7225,0
2022-03-15 12:04:00,7225,7225,7225,7225,0
2022-03-15 12:05:00,7225,7225,7225,7225,0
2022-03-15 12:06:00,7225,7225,7225,7225,0
2022-03-15 12:07:00,7225,7225,7225,7225,0
2022-03-15 12:08:00,7225,7225,7225,7225,0
2022-03-15 12:09:00,7225,7225,7225,7225,0
2022-03-15 12:10:00,7225,7225,7225,7225,0
2022-03-15 12:11:00,7225,7225,7225,7225,0
2022-03-15 12:12:00,7225,7225,7225,7225,0
2022-03-15 12:13:00,7225,7225,7225,7225,0
2022-03-15 12:14:00,7225,7225,7225,7225,0
2022-03-15 12:15:00,7225,7225,7225,7225,0
2022-03-15 12:16:00,7225,7225,7225,7225,0
2022-03-15 12:17:00,7225,7225,7225,7225,0
2022-03-15 12:18:00,7225,7225,7225,7225,0
2022-03-15 12:19:00,7225,7225,7225,7225,0
2022-03-15 12:20:00,7225,7225,7225,7225,0
2022-03-15 12:21:00,7225,7225,7225,7225,0
2022-03-15 12:22:00,7225,7225,7225,7225,0
2022-03-15 12:23:00,7225,7225,7225,7225,0
2022-03-15 12:24:00,7225,7225,7225,7225,0
2022-03-15 12:25:00,7225,7225,7225,7225,0
2022-03-15 12:26:00,7225,7225,7225,7225,0
2022-03-15 12:27:00,7225,7225,7225,7225,0
2022-03-15 12:28:00,7225,7225,7225,7225,0
2022-03-15 12:29:00,7225,7225,7225,7225,0
2022-03-15 12:30:00,7225,7225,7225,7225,0
2022-03-15 12:31:00,7225,7225,7225,7225,0
2022-03-15 12:32:00,7225,7225,7225,7225,0
2022-03-15 12:33:00,7225,7225,7225,7225,0
2022-03-15 12:34:00,7225,7225,7225,7225,0
2022-03-15 12:35:00,7225,7225,7225,7225,0
2022-03-15 12:36:00,7225,7225,7225,7225,0
2022-03-15 12:37:00,7225,7225,7225,7225,0
2022-03-15 12:38:00,7225,7225,7225,7225,0
2022-03-15 12:39:00,7225,7225,7225,7225,0
2022-03-15 12:40:00,7225,7225,7225,7225,0
2022-03-15 12:41:00,7225,7225,7225,7225,0
2022-03-15 12:42:00,7225,7225,7225,7225,0
2022-03-15 12:43:00,7225,7225,7225,7225,0
2022-03-15 12:44:00,7225,7225,7225,7225,0
2022-03-15 12:45:00,7225,7225,7225,7225,0
2022-03-15 12:46:00,7225,7225,7225,7225,0
2022-03-15 12:47:00,7225,7225,7225,7225,0
2022-03-15 12:48:00,7225,7225,7225,7225,0
2022-03-15 12:49:00,7225,7225,7225,7225,0
2022-03-15 12:50:00,7225,7225,7225,7225,0
2022-03-15 12:51:00,7225,7225,7225,7225,0
2022-03-15 12:52:00,7225,7225,7225,7225,0
2022-03-15 12:53:00,7225,7225,7225,7225,0
2022-03-15 12:54:00,7225,7225,7225,7225,0
2022-03-15 12:55:00,7225,7225,7225,7225,0
2022-03-15 12:56:00,7225,7225,7225,7225,0
2022-03-15 12:57:00,7225,7225,7225,7225,0
2022-03-15 12:58:00,7225,7225,7225,7225,0
2022-03-15 12:59:00,7225,7225,7225,7225,0
2022-03-15 13:00:00,7225,7225,7225,7225,0
2022-03-15 13:01:00,7225,7225,7225,7225,0
2022-03-15 13:02:00,7225,7225,7225,7225,0
2022-03-15 13:03:00,7225,7225,7225,7225,0
2022-03-15 13:04:00,7225,7225,7225,7225,0
2022-03-15 13:05:00,7225,7225,7225,7225,0
2022-03-15 13:06:00,7225,7225,7225,7225,0
2022-03-15 13:07:00,7225,7225,7225,7225,0
2022-03-15 13:08:00,7225,7225,7225,7225,0
2022-03-15 13:09:00,7225,7225,7225,7225,0
2022-03-15 13:10:00,7225,7225,7225,7225,0
2022-03-15 13:11:00,7225,7225,7225,7225,0
2022-03-15 13:12:00,7225,7225,7225,7225,0
2022-03-15 13:13:00,7225,7225,7225,7225,0
2022-03-15 13:14:00,7225,7225,7225,7225,0
2022-03-15 13:15:00,7225,7225,7225,7225,0
2022-03-15 13:16:00,7225,7225,7225,7225,0
2022-03-15 13:17:00,7225,7225,7225,7225,0
2022-03-15 13:18:00,7225,7225,7225,7225,0
2022-03-15 13:19:00,7225,7225,7225,7225,0
2022-03-15 13:20:00,7225,7225,7225,7225,0
2022-03-15 13:21:00,7225,7225,7225,7225,0
2022-03-15 13:22:00,7225,7225,7225,7225,0
2022-03-15 13:23:00,7225,7225,7225,7225,0
2022-03-15 13:24:00,7225,7225,7225,7225,0
2022-03-15 13:25:00,7225,7225,7225,7225,0
2022-03-15 13:26:00,7225,7225,7225,7225,0
2022-03-15 13:27:00,7225,7225,7225,7225,0
2022-03-15 13:28:00,7225,7225,7225,7225,0
2022-03-15 13:29:00,7225,7225,7225,7225,0
2022-03-15 13:30:00,7225,7200,7225,7200,39700
2022-03-15 13:31:00,7200,7175,7200,7175,20500
2022-03-15 13:32:00,7175,7175,7175,7175,4100
2022-03-15 13:33:00,7175,7175,7175,7175,1000
2022-03-15 13:34:00,7175,7175,7200,7175,7400
2022-03-15 13:35:00,7200,7175,7200,7200,5400
2022-03-15 13:36:00,7175,7175,7200,7200,1400
2022-03-15 13:37:00,7200,7175,7200,7175,5000
2022-03-15 13:38:00,7200,7175,7200,7200,7800
2022-03-15 13:39:00,7175,7175,7175,7175,6200
2022-03-15 13:40:00,7175,7175,7175,7175,15700
2022-03-15 13:41:00,7175,7175,7175,7175,22600
2022-03-15 13:42:00,7175,7150,7175,7150,94700
2022-03-15 13:43:00,7175,7150,7175,7175,9800
2022-03-15 13:44:00,7175,7150,7175,7175,12800
2022-03-15 13:45:00,7175,7175,7175,7175,600
2022-03-15 13:46:00,7150,7150,7175,7175,2000
2022-03-15 13:47:00,7175,7150,7175,7175,11000
2022-03-15 13:48:00,7175,7150,7175,7150,1500
2022-03-15 13:49:00,7150,7150,7175,7150,11400
2022-03-15 13:50:00,7175,7150,7175,7150,3100
2022-03-15 13:51:00,7150,7150,7150,7150,134800
2022-03-15 13:52:00,7150,7150,7150,7150,1100
2022-03-15 13:53:00,7175,7150,7175,7150,127200
2022-03-15 13:54:00,7150,7125,7150,7125,5800
2022-03-15 13:55:00,7150,7150,7150,7150,2000
2022-03-15 13:56:00,7125,7125,7150,7150,4900
2022-03-15 13:57:00,7150,7125,7150,7125,101400
2022-03-15 13:58:00,7150,7125,7150,7125,22200
2022-03-15 13:59:00,7150,7125,7150,7150,6600
2022-03-15 14:00:00,7150,7150,7150,7150,35500
2022-03-15 14:01:00,7150,7125,7150,7150,13700
2022-03-15 14:02:00,7150,7125,7150,7150,2100
2022-03-15 14:03:00,7125,7125,7150,7150,42500
2022-03-15 14:04:00,7150,7150,7150,7150,4500
2022-03-15 14:05:00,7150,7125,7150,7150,2100
2022-03-15 14:06:00,7150,7125,7150,7125,15700
2022-03-15 14:07:00,7125,7125,7150,7150,10500
2022-03-15 14:08:00,7150,7125,7150,7125,18400
2022-03-15 14:09:00,7125,7125,7150,7150,12700
2022-03-15 14:10:00,7150,7150,7150,7150,4800
2022-03-15 14:11:00,7150,7125,7150,7125,2600
2022-03-15 14:12:00,7125,7125,7150,7150,32400
2022-03-15 14:13:00,7150,7150,7150,7150,1300
2022-03-15 14:14:00,7150,7150,7150,7150,1400
2022-03-15 14:15:00,7125,7125,7150,7125,220100
2022-03-15 14:16:00,7125,7100,7125,7100,19900
2022-03-15 14:17:00,7100,7100,7125,7125,27600
2022-03-15 14:18:00,7100,7100,7125,7125,5900
2022-03-15 14:19:00,7125,7125,7125,7125,11200
2022-03-15 14:20:00,7125,7100,7125,7125,1700
2022-03-15 14:21:00,7125,7100,7125,7125,3300
2022-03-15 14:22:00,7125,7125,7125,7125,16800
2022-03-15 14:23:00,7125,7125,7125,7125,1600
2022-03-15 14:24:00,7100,7100,7125,7100,3800
2022-03-15 14:25:00,7100,7100,7125,7125,37900
2022-03-15 14:26:00,7125,7100,7125,7100,20400
2022-03-15 14:27:00,7100,7100,7125,7100,58200
2022-03-15 14:28:00,7100,7100,7125,7100,79500
2022-03-15 14:29:00,7100,7100,7125,7100,86600
2022-03-15 14:30:00,7100,7100,7125,7100,17900
2022-03-15 14:31:00,7100,7100,7125,7100,12700
2022-03-15 14:32:00,7125,7100,7125,7100,8400
2022-03-15 14:33:00,7125,7100,7125,7100,13400
2022-03-15 14:34:00,7125,7100,7125,7125,26800
2022-03-15 14:35:00,7125,7100,7125,7100,62500
2022-03-15 14:36:00,7100,7100,7125,7100,171800
2022-03-15 14:37:00,7100,7075,7100,7100,220900
2022-03-15 14:38:00,7075,7075,7100,7075,28500
2022-03-15 14:39:00,7100,7075,7100,7075,12900
2022-03-15 14:40:00,7075,7075,7075,7075,24900
2022-03-15 14:41:00,7100,7075,7100,7075,17000
2022-03-15 14:42:00,7075,7075,7100,7075,114500
2022-03-15 14:43:00,7075,7075,7100,7100,10700
2022-03-15 14:44:00,7075,7075,7100,7100,4200
2022-03-15 14:45:00,7100,7075,7100,7075,41200
2022-03-15 14:46:00,7075,7075,7100,7075,8000
2022-03-15 14:47:00,7075,7075,7100,7075,20900
2022-03-15 14:48:00,7075,7075,7100,7100,30700
2022-03-15 14:49:00,7100,7075,7100,7100,31700
2022-03-15 14:50:00,7100,7075,7100,7100,0
2022-03-15 14:51:00,7100,7075,7100,7100,0
2022-03-15 14:52:00,7100,7075,7100,7100,0
2022-03-15 14:53:00,7100,7075,7100,7100,0
2022-03-15 14:54:00,7100,7075,7100,7100,0
2022-03-15 14:55:00,7100,7075,7100,7100,0
2022-03-15 14:56:00,7100,7075,7100,7100,0
2022-03-15 14:57:00,7100,7075,7100,7100,0
2022-03-15 14:58:00,7100,7075,7100,7100,0
2022-03-15 14:59:00,7100,7075,7100,7100,0
2022-03-15 15:00:00,7100,7100,7100,7100,128100
2022-03-15 15:01:00,7100,7100,7100,7100,97800
2022-03-15 15:02:00,7100,7100,7100,7100,11000
2022-03-15 15:03:00,7100,7100,7100,7100,15400
2022-03-15 15:04:00,7100,7100,7100,7100,16500
2022-03-15 15:05:00,7100,7100,7100,7100,55200
2022-03-15 15:06:00,7100,7100,7100,7100,3700
2022-03-15 15:07:00,7100,7100,7100,7100,2200
2022-03-15 15:08:00,7100,7100,7100,7100,1800
2022-03-15 15:09:00,7100,7100,7100,7100,21000
2022-03-15 15:10:00,7100,7100,7100,7100,26200
2022-03-15 15:11:00,7100,7100,7100,7100,26800
2022-03-15 15:12:00,7100,7100,7100,7100,15100
2022-03-15 15:13:00,7100,7100,7100,7100,37800
2022-03-15 15:14:00,7100,7100,7100,7100,62500
2022-03-15 15:15:00,7100,7100,7100,7100,0
2022-03-15 15:16:00,7100,7100,7100,7100,0
2022-03-15 15:17:00,7100,7100,7100,7100,0
2022-03-15 15:18:00,7100,7100,7100,7100,0
2022-03-15 15:19:00,7100,7100,7100,7100,0
2022-03-15 15:20:00,7100,7100,7100,7100,0
2022-03-15 15:21:00,7100,7100,7100,7100,0
2022-03-15 15:22:00,7100,7100,7100,7100,0
2022-03-15 15:23:00,7100,7100,7100,7100,0
2022-03-15 15:24:00,7100,7100,7100,7100,0
2022-03-15 15:25:00,7100,7100,7100,7100,0
2022-03-15 15:26:00,7100,7100,7100,7100,0
2022-03-15 15:27:00,7100,7100,7100,7100,0
2022-03-15 15:28:00,7100,7100,7100,7100,0
2022-03-15 15:29:00,7100,7100,7100,7100,0
2022-03-15 15:30:00,7100,7100,7100,7100,0
2022-03-15 15:31:00,7100,7100,7100,7100,0
2022-03-15 15:32:00,7100,7100,7100,7100,0
2022-03-15 15:33:00,7100,7100,7100,7100,0
2022-03-15 15:34:00,7100,7100,7100,7100,0
2022-03-15 15:35:00,7100,7100,7100,7100,0
2022-03-15 15:36:00,7100,7100,7100,7100,0
2022-03-15 15:37:00,7100,7100,7100,7100,0
2022-03-15 15:38:00,7100,7100,7100,7100,0
2022-03-15 15:39:00,7100,7100,7100,7100,0
2022-03-15 15:40:00,7100,7100,7100,7100,0
2022-03-15 15:41:00,7100,7100,7100,7100,0
2022-03-15 15:42:00,7100,7100,7100,7100,0
2022-03-15 15:43:00,7100,7100,7100,7100,0
2022-03-15 15:44:00,7100,7100,7100,7100,0
2022-03-15 15:45:00,7100,7100,7100,7100,0
2022-03-15 15:46:00,7100,7100,7100,7100,0
2022-03-15 15:47:00,7100,7100,7100,7100,0
2022-03-15 15:48:00,7100,7100,7100,7100,0
2022-03-15 15:49:00,7100,7100,7100,7100,0
2022-03-15 15:50:00,7100,7100,7100,7100,0
2022-03-15 15:51:00,7100,7100,7100,7100,0
2022-03-15 15:52:00,7100,7100,7100,7100,0
2022-03-15 15:53:00,7100,7100,7100,7100,0
2022-03-15 15:54:00,7100,7100,7100,7100,0
2022-03-15 15:55:00,7100,7100,7100,7100,0
2022-03-15 15:56:00,7100,7100,7100,7100,0
2022-03-15 15:57:00,7100,7100,7100,7100,0
2022-03-15 15:58:00,7100,7100,7100,7100,0
2022-03-15 15:59:00,7100,7100,7100,7100,0
2022-03-16 09:00:00,7100,7100,7100,7100,2300
2022-03-16 09:01:00,7125,7125,7150,7150,5800
2022-03-16 09:02:00,7150,7150,7175,7150,20300
2022-03-16 09:03:00,7150,7150,7175,7150,7400
2022-03-16 09:04:00,7150,7150,7175,7150,4700
2022-03-16 09:05:00,7150,7150,7175,7150,10200
2022-03-16 09:06:00,7175,7150,7175,7175,5000
2022-03-16 09:07:00,7175,7175,7200,7175,25500
2022-03-16 09:08:00,7175,7175,7175,7175,3900
2022-03-16 09:09:00,7175,7150,7175,7150,6600
2022-03-16 09:10:00,7150,7150,7150,7150,1900
2022-03-16 09:11:00,7150,7150,7175,7150,1800
2022-03-16 09:12:00,7175,7150,7175,7150,11700
2022-03-16 09:13:00,7150,7150,7175,7150,2300
2022-03-16 09:14:00,7150,7150,7175,7150,16500
2022-03-16 09:15:00,7175,7150,7175,7150,7200
2022-03-16 09:16:00,7150,7150,7175,7150,10700
2022-03-16 09:17:00,7150,7150,7150,7150,2100
2022-03-16 09:18:00,7150,7150,7175,7150,8500
2022-03-16 09:19:00,7150,7150,7175,7150,6100
2022-03-16 09:20:00,7150,7150,7175,7150,1900
2022-03-16 09:21:00,7175,7150,7175,7150,36400
2022-03-16 09:22:00,7150,7150,7150,7150,1500
2022-03-16 09:23:00,7150,7125,7150,7125,30100
2022-03-16 09:24:00,7125,7100,7125,7125,45800
2022-03-16 09:25:00,7125,7100,7125,7125,3700
2022-03-16 09:26:00,7125,7125,7125,7125,12500
2022-03-16 09:27:00,7100,7100,7100,7100,34800
2022-03-16 09:28:00,7100,7100,7100,7100,14100
2022-03-16 09:29:00,7100,7100,7100,7100,50900
2022-03-16 09:30:00,7100,7050,7100,7050,53400
2022-03-16 09:31:00,7050,7050,7075,7075,56100
2022-03-16 09:32:00,7075,7075,7075,7075,4500
2022-03-16 09:33:00,7075,7050,7075,7050,19700
2022-03-16 09:34:00,7050,7050,7075,7075,11500
2022-03-16 09:35:00,7075,7075,7075,7075,800
2022-03-16 09:36:00,7100,7075,7100,7075,2200
2022-03-16 09:37:00,7075,7075,7075,7075,1700
2022-03-16 09:38:00,7075,7075,7100,7075,12500
2022-03-16 09:39:00,7075,7075,7100,7075,2500
2022-03-16 09:40:00,7075,7075,7100,7100,2500
2022-03-16 09:41:00,7075,7075,7075,7075,3100
2022-03-16 09:42:00,7075,7075,7100,7100,2700
2022-03-16 09:43:00,7075,7075,7100,7075,2100
2022-03-16 09:44:00,7100,7075,7100,7075,2400
2022-03-16 09:45:00,7075,7075,7100,7075,10400
2022-03-16 09:46:00,7075,7075,7100,7100,1200
2022-03-16 09:47:00,7075,7075,7100,7100,500
2022-03-16 09:48:00,7100,7075,7100,7075,14400
2022-03-16 09:49:00,7100,7075,7100,7100,5800
2022-03-16 09:50:00,7075,7075,7100,7100,2800
2022-03-16 09:51:00,7100,7075,7100,7075,25200
2022-03-16 09:52:00,7100,7075,7100,7075,2200
2022-03-16 09:53:00,7100,7075,7100,7075,0
2022-03-16 09:54:00,7075,7050,7075,7050,73900
2022-03-16 09:55:00,7050,7050,7075,7050,1200
2022-03-16 09:56:00,7050,7050,7075,7050,5700
2022-03-16 09:57:00,7050,7050,7075,7050,11300
2022-03-16 09:58:00,7050,7050,7075,7075,1000
2022-03-16 09:59:00,7075,7050,7075,7050,3000
2022-03-16 10:00:00,7050,7050,7075,7050,13500
2022-03-16 10:01:00,7050,7050,7050,7050,300
2022-03-16 10:02:00,7075,7050,7075,7050,9600
2022-03-16 10:03:00,7050,7050,7075,7050,47600
2022-03-16 10:04:00,7075,7075,7075,7075,1000
2022-03-16 10:05:00,7075,7075,7100,7100,2800
2022-03-16 10:06:00,7075,7075,7075,7075,700
2022-03-16 10:07:00,7075,7075,7075,7075,0
2022-03-16 10:08:00,7075,7075,7075,7075,10300
2022-03-16 10:09:00,7075,7050,7075,7075,39200
2022-03-16 10:10:00,7050,7050,7075,7050,1600
2022-03-16 10:11:00,7050,7050,7075,7050,6700
2022-03-16 10:12:00,7050,7050,7075,7050,7200
2022-03-16 10:13:00,7050,7050,7075,7050,1000
2022-03-16 10:14:00,7075,7050,7075,7050,3400
2022-03-16 10:15:00,7075,7050,7075,7075,2100
2022-03-16 10:16:00,7050,7050,7075,7050,1300
2022-03-16 10:17:00,7050,7050,7075,7050,6000
2022-03-16 10:18:00,7050,7050,7050,7050,300
2022-03-16 10:19:00,7075,7075,7075,7075,100
2022-03-16 10:20:00,7075,7075,7075,7075,53500
2022-03-16 10:21:00,7075,7075,7075,7075,1900
2022-03-16 10:22:00,7075,7075,7075,7075,2900
2022-03-16 10:23:00,7100,7050,7100,7050,800
2022-03-16 10:24:00,7050,7050,7075,7075,2400
2022-03-16 10:25:00,7075,7075,7075,7075,500
2022-03-16 10:26:00,7075,7075,7075,7075,0
2022-03-16 10:27:00,7075,7075,7075,7075,3300
2022-03-16 10:28:00,7075,7050,7075,7050,2100
2022-03-16 10:29:00,7050,7050,7050,7050,100
2022-03-16 10:30:00,7075,7050,7075,7050,1100
2022-03-16 10:31:00,7050,7050,7075,7050,17100
2022-03-16 10:32:00,7075,7050,7075,7075,15600
2022-03-16 10:33:00,7075,7050,7075,7050,6200
2022-03-16 10:34:00,7050,7050,7075,7050,6400
2022-03-16 10:35:00,7050,7050,7075,7075,1500
2022-03-16 10:36:00,7075,7050,7075,7050,700
2022-03-16 10:37:00,7050,7050,7050,7050,2300
2022-03-16 10:38:00,7075,7075,7075,7075,100
2022-03-16 10:39:00,7075,7050,7075,7050,5700
2022-03-16 10:40:00,7075,7050,7075,7075,1900
2022-03-16 10:41:00,7050,7050,7050,7050,300
2022-03-16 10:42:00,7050,7050,7050,7050,800
2022-03-16 10:43:00,7050,7050,7050,7050,0
2022-03-16 10:44:00,7075,7075,7075,7075,100
2022-03-16 10:45:00,7075,7050,7075,7075,33800
2022-03-16 10:46:00,7050,7050,7075,7075,3000
2022-03-16 10:47:00,7050,7050,7050,7050,200
2022-03-16 10:48:00,7050,7050,7050,7050,0
2022-03-16 10:49:00,7050,7050,7050,7050,0
2022-03-16 10:50:00,7050,7050,7050,7050,100
2022-03-16 10:51:00,7050,7050,7050,7050,69900
2022-03-16 10:52:00,7050,7050,7075,7075,900
2022-03-16 10:53:00,7050,7050,7075,7075,0
2022-03-16 10:54:00,7075,7050,7075,7075,21100
2022-03-16 10:55:00,7050,7050,7075,7050,16800
2022-03-16 10:56:00,7075,7050,7075,7050,200
2022-03-16 10:57:00,7050,7050,7050,7050,900
2022-03-16 10:58:00,7050,7050,7050,7050,100
2022-03-16 10:59:00,7050,7050,7050,7050,1600
2022-03-16 11:00:00,7050,7050,7075,7050,3200
2022-03-16 11:01:00,7050,7050,7050,7050,100
2022-03-16 11:02:00,7050,7050,7050,7050,0
2022-03-16 11:03:00,7050,7050,7050,7050,800
2022-03-16 11:04:00,7075,7050,7075,7075,79000
2022-03-16 11:05:00,7075,7050,7075,7050,3800
2022-03-16 11:06:00,7050,7050,7050,7050,300
2022-03-16 11:07:00,7075,7050,7075,7050,5100
2022-03-16 11:08:00,7050,7050,7050,7050,700
2022-03-16 11:09:00,7050,7050,7075,7075,1300
2022-03-16 11:10:00,7075,7050,7075,7050,1000
2022-03-16 11:11:00,7050,7050,7050,7050,3400
2022-03-16 11:12:00,7050,7050,7050,7050,100
2022-03-16 11:13:00,7050,7050,7050,7050,1300
2022-03-16 11:14:00,7050,7050,7075,7050,3600
2022-03-16 11:15:00,7050,7050,7075,7075,3000
2022-03-16 11:16:00,7075,7050,7075,7050,1700
2022-03-16 11:17:00,7050,7050,7050,7050,143100
2022-03-16 11:18:00,7050,7050,7050,7050,3200
2022-03-16 11:19:00,7050,7050,7050,7050,1400
2022-03-16 11:20:00,7050,7050,7050,7050,66800
2022-03-16 11:21:00,7050,7050,7050,7050,0
2022-03-16 11:22:00,7050,7025,7050,7050,15800
2022-03-16 11:23:00,7025,7025,7050,7025,7100
2022-03-16 11:24:00,7050,7025,7050,7050,34000
2022-03-16 11:25:00,7025,7025,7050,7025,600
2022-03-16 11:26:00,7025,7025,7050,7025,0
2022-03-16 11:27:00,7025,7025,7025,7025,2200
2022-03-16 11:28:00,7025,7025,7050,7025,11700
2022-03-16 11:29:00,7025,7025,7050,7050,10200
2022-03-16 11:30:00,7025,7025,7050,7050,0
2022-03-16 11:31:00,7025,7025,7050,7050,0
2022-03-16 11:32:00,7025,7025,7050,7050,0
2022-03-16 11:33:00,7025,7025,7050,7050,0
2022-03-16 11:34:00,7025,7025,7050,7050,0
2022-03-16 11:35:00,7025,7025,7050,7050,0
2022-03-16 11:36:00,7025,7025,7050,7050,0
2022-03-16 11:37:00,7025,7025,7050,7050,0
2022-03-16 11:38:00,7025,7025,7050,7050,0
2022-03-16 11:39:00,7025,7025,7050,7050,0
2022-03-16 11:40:00,7025,7025,7050,7050,0
2022-03-16 11:41:00,7025,7025,7050,7050,0
2022-03-16 11:42:00,7025,7025,7050,7050,0
2022-03-16 11:43:00,7025,7025,7050,7050,0
2022-03-16 11:44:00,7025,7025,7050,7050,0
2022-03-16 11:45:00,7025,7025,7050,7050,0
2022-03-16 11:46:00,7025,7025,7050,7050,0
2022-03-16 11:47:00,7025,7025,7050,7050,0
2022-03-16 11:48:00,7025,7025,7050,7050,0
2022-03-16 11:49:00,7025,7025,7050,7050,0
2022-03-16 11:50:00,7025,7025,7050,7050,0
2022-03-16 11:51:00,7025,7025,7050,7050,0
2022-03-16 11:52:00,7025,7025,7050,7050,0
2022-03-16 11:53:00,7025,7025,7050,7050,0
2022-03-16 11:54:00,7025,7025,7050,7050,0
2022-03-16 11:55:00,7025,7025,7050,7050,0
2022-03-16 11:56:00,7025,7025,7050,7050,0
2022-03-16 11:57:00,7025,7025,7050,7050,0
2022-03-16 11:58:00,7025,7025,7050,7050,0
2022-03-16 11:59:00,7025,7025,7050,7050,0
2022-03-16 12:00:00,7025,7025,7050,7050,0
2022-03-16 12:01:00,7025,7025,7050,7050,0
2022-03-16 12:02:00,7025,7025,7050,7050,0
2022-03-16 12:03:00,7025,7025,7050,7050,0
2022-03-16 12:04:00,7025,7025,7050,7050,0
2022-03-16 12:05:00,7025,7025,7050,7050,0
2022-03-16 12:06:00,7025,7025,7050,7050,0
2022-03-16 12:07:00,7025,7025,7050,7050,0
2022-03-16 12:08:00,7025,7025,7050,7050,0
2022-03-16 12:09:00,7025,7025,7050,7050,0
2022-03-16 12:10:00,7025,7025,7050,7050,0
2022-03-16 12:11:00,7025,7025,7050,7050,0
2022-03-16 12:12:00,7025,7025,7050,7050,0
2022-03-16 12:13:00,7025,7025,7050,7050,0
2022-03-16 12:14:00,7025,7025,7050,7050,0
2022-03-16 12:15:00,7025,7025,7050,7050,0
2022-03-16 12:16:00,7025,7025,7050,7050,0
2022-03-16 12:17:00,7025,7025,7050,7050,0
2022-03-16 12:18:00,7025,7025,7050,7050,0
2022-03-16 12:19:00,7025,7025,7050,7050,0
2022-03-16 12:20:00,7025,7025,7050,7050,0
2022-03-16 12:21:00,7025,7025,7050,7050,0
2022-03-16 12:22:00,7025,7025,7050,7050,0
2022-03-16 12:23:00,7025,7025,7050,7050,0
2022-03-16 12:24:00,7025,7025,7050,7050,0
2022-03-16 12:25:00,7025,7025,7050,7050,0
2022-03-16 12:26:00,7025,7025,7050,7050,0
2022-03-16 12:27:00,7025,7025,7050,7050,0
2022-03-16 12:28:00,7025,7025,7050,7050,0
2022-03-16 12:29:00,7025,7025,7050,7050,0
2022-03-16 12:30:00,7025,7025,7050,7050,0
2022-03-16 12:31:00,7025,7025,7050,7050,0
2022-03-16 12:32:00,7025,7025,7050,7050,0
2022-03-16 12:33:00,7025,7025,7050,7050,0
2022-03-16 12:34:00,7025,7025,7050,7050,0
2022-03-16 12:35:00,7025,7025,7050,7050,0
2022-03-16 12:36:00,7025,7025,7050,7050,0
2022-03-16 12:37:00,7025,7025,7050,7050,0
2022-03-16 12:38:00,7025,7025,7050,7050,0
2022-03-16 12:39:00,7025,7025,7050,7050,0
2022-03-16 12:40:00,7025,7025,7050,7050,0
2022-03-16 12:41:00,7025,7025,7050,7050,0
2022-03-16 12:42:00,7025,7025,7050,7050,0
2022-03-16 12:43:00,7025,7025,7050,7050,0
2022-03-16 12:44:00,7025,7025,7050,7050,0
2022-03-16 12:45:00,7025,7025,7050,7050,0
2022-03-16 12:46:00,7025,7025,7050,7050,0
2022-03-16 12:47:00,7025,7025,7050,7050,0
2022-03-16 12:48:00,7025,7025,7050,7050,0
2022-03-16 12:49:00,7025,7025,7050,7050,0
2022-03-16 12:50:00,7025,7025,7050,7050,0
2022-03-16 12:51:00,7025,7025,7050,7050,0
2022-03-16 12:52:00,7025,7025,7050,7050,0
2022-03-16 12:53:00,7025,7025,7050,7050,0
2022-03-16 12:54:00,7025,7025,7050,7050,0
2022-03-16 12:55:00,7025,7025,7050,7050,0
2022-03-16 12:56:00,7025,7025,7050,7050,0
2022-03-16 12:57:00,7025,7025,7050,7050,0
2022-03-16 12:58:00,7025,7025,7050,7050,0
2022-03-16 12:59:00,7025,7025,7050,7050,0
2022-03-16 13:00:00,7025,7025,7050,7050,0
2022-03-16 13:01:00,7025,7025,7050,7050,0
2022-03-16 13:02:00,7025,7025,7050,7050,0
2022-03-16 13:03:00,7025,7025,7050,7050,0
2022-03-16 13:04:00,7025,7025,7050,7050,0
2022-03-16 13:05:00,7025,7025,7050,7050,0
2022-03-16 13:06:00,7025,7025,7050,7050,0
2022-03-16 13:07:00,7025,7025,7050,7050,0
2022-03-16 13:08:00,7025,7025,7050,7050,0
2022-03-16 13:09:00,7025,7025,7050,7050,0
2022-03-16 13:10:00,7025,7025,7050,7050,0
2022-03-16 13:11:00,7025,7025,7050,7050,0
2022-03-16 13:12:00,7025,7025,7050,7050,0
2022-03-16 13:13:00,7025,7025,7050,7050,0
2022-03-16 13:14:00,7025,7025,7050,7050,0
2022-03-16 13:15:00,7025,7025,7050,7050,0
2022-03-16 13:16:00,7025,7025,7050,7050,0
2022-03-16 13:17:00,7025,7025,7050,7050,0
2022-03-16 13:18:00,7025,7025,7050,7050,0
2022-03-16 13:19:00,7025,7025,7050,7050,0
2022-03-16 13:20:00,7025,7025,7050,7050,0
2022-03-16 13:21:00,7025,7025,7050,7050,0
2022-03-16 13:22:00,7025,7025,7050,7050,0
2022-03-16 13:23:00,7025,7025,7050,7050,0
2022-03-16 13:24:00,7025,7025,7050,7050,0
2022-03-16 13:25:00,7025,7025,7050,7050,0
2022-03-16 13:26:00,7025,7025,7050,7050,0
2022-03-16 13:27:00,7025,7025,7050,7050,0
2022-03-16 13:28:00,7025,7025,7050,7050,0
2022-03-16 13:29:00,7025,7025,7050,7050,0
2022-03-16 13:30:00,7050,7025,7050,7025,66200
2022-03-16 13:31:00,7025,7025,7050,7050,6700
2022-03-16 13:32:00,7025,7025,7050,7025,44600
2022-03-16 13:33:00,7025,7025,7050,7050,7700
2022-03-16 13:34:00,7025,7025,7050,7025,4500
2022-03-16 13:35:00,7025,7025,7050,7050,44100
2022-03-16 13:36:00,7025,7025,7050,7025,1000
2022-03-16 13:37:00,7050,7025,7050,7050,11400
2022-03-16 13:38:00,7025,7025,7050,7025,21400
2022-03-16 13:39:00,7050,7025,7050,7050,9700
2022-03-16 13:40:00,7025,7025,7050,7050,1100
2022-03-16 13:41:00,7050,7025,7050,7050,4100
2022-03-16 13:42:00,7025,7025,7050,7025,5600
2022-03-16 13:43:00,7050,7025,7050,7025,7000
2022-03-16 13:44:00,7050,7025,7050,7025,3100
2022-03-16 13:45:00,7025,7025,7050,7050,3300
2022-03-16 13:46:00,7025,7025,7050,7025,2100
2022-03-16 13:47:00,7025,7025,7050,7025,4800
2022-03-16 13:48:00,7050,7025,7050,7025,33200
2022-03-16 13:49:00,7025,7025,7050,7050,71200
2022-03-16 13:50:00,7050,7050,7075,7050,11200
2022-03-16 13:51:00,7050,7050,7050,7050,1200
2022-03-16 13:52:00,7075,7075,7075,7075,500
2022-03-16 13:53:00,7050,7050,7050,7050,400
2022-03-16 13:54:00,7050,7050,7050,7050,300
2022-03-16 13:55:00,7075,7075,7075,7075,1600
2022-03-16 13:56:00,7075,7075,7075,7075,500
2022-03-16 13:57:00,7075,7075,7075,7075,1200
2022-03-16 13:58:00,7075,7050,7075,7050,6100
2022-03-16 13:59:00,7075,7075,7075,7075,100
2022-03-16 14:00:00,7075,7050,7075,7075,12700
2022-03-16 14:01:00,7050,7050,7075,7050,162300
2022-03-16 14:02:00,7050,7050,7050,7050,5700
2022-03-16 14:03:00,7050,7050,7050,7050,9000
2022-03-16 14:04:00,7050,7050,7050,7050,25600
2022-03-16 14:05:00,7025,7025,7050,7050,11500
2022-03-16 14:06:00,7050,7050,7050,7050,9300
2022-03-16 14:07:00,7050,7050,7050,7050,22700
2022-03-16 14:08:00,7050,7050,7050,7050,1000
2022-03-16 14:09:00,7050,7025,7050,7025,11100
2022-03-16 14:10:00,7025,7025,7050,7025,5700
2022-03-16 14:11:00,7025,7025,7050,7025,29100
2022-03-16 14:12:00,7025,7025,7050,7050,151700
2022-03-16 14:13:00,7050,7050,7050,7050,18500
2022-03-16 14:14:00,7050,7050,7050,7050,1800
2022-03-16 14:15:00,7050,7050,7050,7050,9200
2022-03-16 14:16:00,7025,7025,7050,7025,7000
2022-03-16 14:17:00,7050,7025,7050,7025,9900
2022-03-16 14:18:00,7025,7025,7050,7025,10900
2022-03-16 14:19:00,7025,7025,7050,7025,7400
2022-03-16 14:20:00,7025,7025,7050,7050,2600
2022-03-16 14:21:00,7025,7025,7050,7025,6000
2022-03-16 14:22:00,7025,7025,7050,7025,9400
2022-03-16 14:23:00,7025,7025,7050,7050,2000
2022-03-16 14:24:00,7025,7025,7025,7025,5700
2022-03-16 14:25:00,7025,7025,7050,7025,1700
2022-03-16 14:26:00,7025,7025,7050,7050,27500
2022-03-16 14:27:00,7050,7025,7050,7050,10700
2022-03-16 14:28:00,7025,7025,7050,7050,27000
2022-03-16 14:29:00,7050,7050,7050,7050,4000
2022-03-16 14:30:00,7050,7050,7050,7050,3300
2022-03-16 14:31:00,7025,7025,7050,7050,4000
2022-03-16 14:32:00,7050,7025,7050,7050,5400
2022-03-16 14:33:00,7050,7050,7050,7050,55900
2022-03-16 14:34:00,7025,7025,7050,7050,9700
2022-03-16 14:35:00,7050,7025,7050,7025,36300
2022-03-16 14:36:00,7025,7025,7050,7025,5400
2022-03-16 14:37:00,7025,7025,7025,7025,2600
2022-03-16 14:38:00,7025,7025,7050,7050,14200
2022-03-16 14:39:00,7025,7025,7050,7025,23300
2022-03-16 14:40:00,7025,7025,7025,7025,13300
2022-03-16 14:41:00,7025,7025,7025,7025,15300
2022-03-16 14:42:00,7025,7025,7050,7025,19900
2022-03-16 14:43:00,7025,7025,7050,7050,29400
2022-03-16 14:44:00,7025,7025,7050,7025,17700
2022-03-16 14:45:00,7025,7025,7050,7050,18100
2022-03-16 14:46:00,7050,7025,7050,7050,9100
2022-03-16 14:47:00,7025,7025,7050,7050,22600
2022-03-16 14:48:00,7050,7025,7050,7025,105600
2022-03-16 14:49:00,7025,7025,7050,7025,424500
2022-03-16 14:50:00,7025,7025,7050,7025,0
2022-03-16 14:51:00,7025,7025,7050,7025,0
2022-03-16 14:52:00,7025,7025,7050,7025,0
2022-03-16 14:53:00,7025,7025,7050,7025,0
2022-03-16 14:54:00,7025,7025,7050,7025,0
2022-03-16 14:55:00,7025,7025,7050,7025,0
2022-03-16 14:56:00,7025,7025,7050,7025,0
2022-03-16 14:57:00,7025,7025,7050,7025,0
2022-03-16 14:58:00,7025,7025,7050,7025,0
2022-03-16 14:59:00,7025,7025,7050,7025,0
2022-03-16 15:00:00,7025,7025,7025,7025,236100
2022-03-16 15:01:00,7025,7025,7025,7025,200
2022-03-16 15:02:00,7025,7025,7025,7025,5000
2022-03-16 15:03:00,7025,7025,7025,7025,0
2022-03-16 15:04:00,7025,7025,7025,7025,0
2022-03-16 15:05:00,7025,7025,7025,7025,0
2022-03-16 15:06:00,7025,7025,7025,7025,400
2022-03-16 15:07:00,7025,7025,7025,7025,0
2022-03-16 15:08:00,7025,7025,7025,7025,200
2022-03-16 15:09:00,7025,7025,7025,7025,1000
2022-03-16 15:10:00,7025,7025,7025,7025,1000
2022-03-16 15:11:00,7025,7025,7025,7025,300
2022-03-16 15:12:00,7025,7025,7025,7025,0
2022-03-16 15:13:00,7025,7025,7025,7025,1000
2022-03-16 15:14:00,7025,7025,7025,7025,1200
2022-03-16 15:15:00,7025,7025,7025,7025,0
2022-03-16 15:16:00,7025,7025,7025,7025,0
2022-03-16 15:17:00,7025,7025,7025,7025,0
2022-03-16 15:18:00,7025,7025,7025,7025,0
2022-03-16 15:19:00,7025,7025,7025,7025,0
2022-03-16 15:20:00,7025,7025,7025,7025,0
2022-03-16 15:21:00,7025,7025,7025,7025,0
2022-03-16 15:22:00,7025,7025,7025,7025,0
2022-03-16 15:23:00,7025,7025,7025,7025,0
2022-03-16 15:24:00,7025,7025,7025,7025,0
2022-03-16 15:25:00,7025,7025,7025,7025,0
2022-03-16 15:26:00,7025,7025,7025,7025,0
2022-03-16 15:27:00,7025,7025,7025,7025,0
2022-03-16 15:28:00,7025,7025,7025,7025,0
2022-03-16 15:29:00,7025,7025,7025,7025,0
2022-03-16 15:30:00,7025,7025,7025,7025,0
2022-03-16 15:31:00,7025,7025,7025,7025,0
2022-03-16 15:32:00,7025,7025,7025,7025,0
2022-03-16 15:33:00,7025,7025,7025,7025,0
2022-03-16 15:34:00,7025,7025,7025,7025,0
2022-03-16 15:35:00,7025,7025,7025,7025,0
2022-03-16 15:36:00,7025,7025,7025,7025,0
2022-03-16 15:37:00,7025,7025,7025,7025,0
2022-03-16 15:38:00,7025,7025,7025,7025,0
2022-03-16 15:39:00,7025,7025,7025,7025,0
2022-03-16 15:40:00,7025,7025,7025,7025,0
2022-03-16 15:41:00,7025,7025,7025,7025,0
2022-03-16 15:42:00,7025,7025,7025,7025,0
2022-03-16 15:43:00,7025,7025,7025,7025,0
2022-03-16 15:44:00,7025,7025,7025,7025,0
2022-03-16 15:45:00,7025,7025,7025,7025,0
2022-03-16 15:46:00,7025,7025,7025,7025,0
2022-03-16 15:47:00,7025,7025,7025,7025,0
2022-03-16 15:48:00,7025,7025,7025,7025,0
2022-03-16 15:49:00,7025,7025,7025,7025,0
2022-03-16 15:50:00,7025,7025,7025,7025,0
2022-03-16 15:51:00,7025,7025,7025,7025,0
2022-03-16 15:52:00,7025,7025,7025,7025,0
2022-03-16 15:53:00,7025,7025,7025,7025,0
2022-03-16 15:54:00,7025,7025,7025,7025,0
2022-03-16 15:55:00,7025,7025,7025,7025,0
2022-03-16 15:56:00,7025,7025,7025,7025,0
2022-03-16 15:57:00,7025,7025,7025,7025,0
2022-03-16 15:58:00,7025,7025,7025,7025,0
2022-03-16 15:59:00,7025,7025,7025,7025,0
2022-03-17 09:00:00,7125,7125,7125,7125,12400
2022-03-17 09:01:00,7125,7100,7125,7125,28700
2022-03-17 09:02:00,7125,7125,7150,7150,22900
2022-03-17 09:03:00,7150,7125,7150,7150,5200
2022-03-17 09:04:00,7150,7125,7150,7150,45700
2022-03-17 09:05:00,7150,7150,7175,7150,13900
2022-03-17 09:06:00,7150,7150,7150,7150,4200
2022-03-17 09:07:00,7150,7125,7150,7125,54900
2022-03-17 09:08:00,7125,7125,7125,7125,17800
2022-03-17 09:09:00,7125,7125,7125,7125,2200
2022-03-17 09:10:00,7125,7125,7125,7125,2000
2022-03-17 09:11:00,7125,7125,7125,7125,3300
2022-03-17 09:12:00,7125,7125,7150,7150,87600
2022-03-17 09:13:00,7150,7150,7150,7150,10100
2022-03-17 09:14:00,7150,7150,7150,7150,200
2022-03-17 09:15:00,7150,7150,7150,7150,1100
2022-03-17 09:16:00,7150,7150,7150,7150,42500
2022-03-17 09:17:00,7150,7150,7150,7150,800
2022-03-17 09:18:00,7175,7175,7175,7175,51400
2022-03-17 09:19:00,7175,7175,7200,7200,15000
2022-03-17 09:20:00,7175,7175,7200,7200,7300
2022-03-17 09:21:00,7175,7175,7200,7175,7600
2022-03-17 09:22:00,7175,7175,7200,7175,15600
2022-03-17 09:23:00,7175,7175,7175,7175,15300
2022-03-17 09:24:00,7175,7175,7200,7175,30400
2022-03-17 09:25:00,7175,7175,7175,7175,7800
2022-03-17 09:26:00,7175,7175,7175,7175,12000
2022-03-17 09:27:00,7175,7175,7175,7175,2800
2022-03-17 09:28:00,7175,7150,7175,7175,4900
2022-03-17 09:29:00,7175,7175,7175,7175,500
2022-03-17 09:30:00,7175,7150,7175,7150,1100
2022-03-17 09:31:00,7175,7150,7175,7150,800
2022-03-17 09:32:00,7150,7150,7175,7150,3200
2022-03-17 09:33:00,7150,7150,7175,7150,5000
2022-03-17 09:34:00,7150,7150,7175,7150,800
2022-03-17 09:35:00,7175,7150,7175,7175,5500
2022-03-17 09:36:00,7175,7150,7175,7150,23900
2022-03-17 09:37:00,7150,7150,7150,7150,3000
2022-03-17 09:38:00,7150,7150,7150,7150,4200
2022-03-17 09:39:00,7150,7125,7150,7150,2600
2022-03-17 09:40:00,7125,7125,7150,7125,1700
2022-03-17 09:41:00,7125,7125,7150,7150,1500
2022-03-17 09:42:00,7125,7125,7150,7150,8200
2022-03-17 09:43:00,7150,7150,7150,7150,27000
2022-03-17 09:44:00,7150,7150,7150,7150,4300
2022-03-17 09:45:00,7150,7150,7150,7150,13100
2022-03-17 09:46:00,7175,7150,7175,7150,8300
2022-03-17 09:47:00,7150,7150,7150,7150,1900
2022-03-17 09:48:00,7150,7150,7150,7150,500
2022-03-17 09:49:00,7150,7150,7150,7150,3700
2022-03-17 09:50:00,7150,7150,7150,7150,5500
2022-03-17 09:51:00,7150,7150,7175,7175,2000
2022-03-17 09:52:00,7175,7175,7175,7175,100
2022-03-17 09:53:00,7175,7150,7175,7150,15800
2022-03-17 09:54:00,7150,7150,7150,7150,300
2022-03-17 09:55:00,7150,7150,7150,7150,6300
2022-03-17 09:56:00,7150,7150,7150,7150,4500
2022-03-17 09:57:00,7150,7150,7150,7150,2600
2022-03-17 09:58:00,7150,7150,7150,7150,400
2022-03-17 09:59:00,7150,7150,7150,7150,2300
2022-03-17 10:00:00,7150,7125,7150,7125,400
2022-03-17 10:01:00,7125,7125,7125,7125,2300
2022-03-17 10:02:00,7125,7125,7125,7125,200
2022-03-17 10:03:00,7150,7150,7150,7150,100
2022-03-17 10:04:00,7125,7125,7125,7125,400
2022-03-17 10:05:00,7125,7125,7125,7125,0
2022-03-17 10:06:00,7125,7125,7125,7125,0
2022-03-17 10:07:00,7125,7125,7125,7125,0
2022-03-17 10:08:00,7125,7125,7125,7125,0
2022-03-17 10:09:00,7125,7125,7125,7125,0
2022-03-17 10:10:00,7125,7125,7125,7125,0
2022-03-17 10:11:00,7150,7150,7150,7150,100
2022-03-17 10:12:00,7150,7150,7150,7150,100
2022-03-17 10:13:00,7125,7125,7150,7150,1600
2022-03-17 10:14:00,7150,7150,7150,7150,200
2022-03-17 10:15:00,7125,7125,7125,7125,400
2022-03-17 10:16:00,7125,7125,7125,7125,0
2022-03-17 10:17:00,7125,7125,7125,7125,0
2022-03-17 10:18:00,7150,7150,7150,7150,10000
2022-03-17 10:19:00,7150,7150,7150,7150,4200
2022-03-17 10:20:00,7150,7150,7150,7150,200
2022-03-17 10:21:00,7125,7125,7125,7125,2000
2022-03-17 10:22:00,7150,7150,7150,7150,2000
2022-03-17 10:23:00,7150,7150,7150,7150,500
2022-03-17 10:24:00,7150,7150,7150,7150,0
2022-03-17 10:25:00,7150,7150,7150,7150,100
2022-03-17 10:26:00,7150,7150,7150,7150,200
2022-03-17 10:27:00,7150,7150,7150,7150,1000
2022-03-17 10:28:00,7150,7150,7150,7150,0
2022-03-17 10:29:00,7150,7150,7150,7150,0
2022-03-17 10:30:00,7125,7125,7125,7125,15600
2022-03-17 10:31:00,7125,7125,7125,7125,0
2022-03-17 10:32:00,7150,7150,7150,7150,800
2022-03-17 10:33:00,7125,7125,7125,7125,25100
2022-03-17 10:34:00,7125,7125,7125,7125,0
2022-03-17 10:35:00,7125,7125,7125,7125,0
2022-03-17 10:36:00,7125,7125,7125,7125,0
2022-03-17 10:37:00,7125,7125,7125,7125,0
2022-03-17 10:38:00,7125,7125,7125,7125,0
2022-03-17 10:39:00,7125,7125,7125,7125,400
2022-03-17 10:40:00,7125,7125,7125,7125,7800
2022-03-17 10:41:00,7125,7125,7125,7125,10000
2022-03-17 10:42:00,7150,7150,7150,7150,700
2022-03-17 10:43:00,7150,7150,7150,7150,0
2022-03-17 10:44:00,7150,7150,7150,7150,0
2022-03-17 10:45:00,7150,7150,7150,7150,0
2022-03-17 10:46:00,7150,7150,7150,7150,0
2022-03-17 10:47:00,7125,7125,7150,7150,1600
2022-03-17 10:48:00,7125,7125,7150,7150,0
2022-03-17 10:49:00,7125,7125,7150,7150,0
2022-03-17 10:50:00,7150,7150,7150,7150,400
2022-03-17 10:51:00,7125,7125,7125,7125,10000
2022-03-17 10:52:00,7150,7150,7150,7150,500
2022-03-17 10:53:00,7150,7150,7150,7150,0
2022-03-17 10:54:00,7150,7150,7150,7150,700
2022-03-17 10:55:00,7150,7150,7150,7150,700
2022-03-17 10:56:00,7150,7150,7150,7150,7000
2022-03-17 10:57:00,7150,7125,7150,7125,13100
2022-03-17 10:58:00,7150,7125,7150,7150,3100
2022-03-17 10:59:00,7125,7125,7125,7125,62800
2022-03-17 11:00:00,7125,7125,7125,7125,9100
2022-03-17 11:01:00,7125,7125,7125,7125,1600
2022-03-17 11:02:00,7100,7100,7100,7100,100
2022-03-17 11:03:00,7100,7100,7100,7100,10200
2022-03-17 11:04:00,7100,7100,7100,7100,900
2022-03-17 11:05:00,7125,7100,7125,7100,8100
2022-03-17 11:06:00,7100,7100,7100,7100,15000
2022-03-17 11:07:00,7100,7100,7100,7100,100
2022-03-17 11:08:00,7100,7100,7100,7100,100
2022-03-17 11:09:00,7100,7100,7100,7100,500
2022-03-17 11:10:00,7125,7100,7125,7100,3500
2022-03-17 11:11:00,7125,7100,7125,7100,0
2022-03-17 11:12:00,7125,7125,7125,7125,300
2022-03-17 11:13:00,7100,7100,7100,7100,15000
2022-03-17 11:14:00,7100,7100,7100,7100,0
2022-03-17 11:15:00,7125,7125,7125,7125,400
2022-03-17 11:16:00,7125,7125,7125,7125,200
2022-03-17 11:17:00,7125,7125,7125,7125,10200
2022-03-17 11:18:00,7125,7125,7125,7125,10800
2022-03-17 11:19:00,7125,7125,7125,7125,0
2022-03-17 11:20:00,7125,7125,7125,7125,11300
2022-03-17 11:21:00,7125,7125,7125,7125,2600
2022-03-17 11:22:00,7125,7125,7150,7150,1100
2022-03-17 11:23:00,7125,7125,7150,7150,500
2022-03-17 11:24:00,7125,7125,7150,7150,0
2022-03-17 11:25:00,7125,7125,7125,7125,100
2022-03-17 11:26:00,7125,7125,7125,7125,500
2022-03-17 11:27:00,7125,7125,7125,7125,2900
2022-03-17 11:28:00,7125,7125,7125,7125,500
2022-03-17 11:29:00,7125,7125,7125,7125,0
2022-03-17 11:30:00,7125,7125,7125,7125,0
2022-03-17 11:31:00,7125,7125,7125,7125,0
2022-03-17 11:32:00,7125,7125,7125,7125,0
2022-03-17 11:33:00,7125,7125,7125,7125,0
2022-03-17 11:34:00,7125,7125,7125,7125,0
2022-03-17 11:35:00,7125,7125,7125,7125,0
2022-03-17 11:36:00,7125,7125,7125,7125,0
2022-03-17 11:37:00,7125,7125,7125,7125,0
2022-03-17 11:38:00,7125,7125,7125,7125,0
2022-03-17 11:39:00,7125,7125,7125,7125,0
2022-03-17 11:40:00,7125,7125,7125,7125,0
2022-03-17 11:41:00,7125,7125,7125,7125,0
2022-03-17 11:42:00,7125,7125,7125,7125,0
2022-03-17 11:43:00,7125,7125,7125,7125,0
2022-03-17 11:44:00,7125,7125,7125,7125,0
2022-03-17 11:45:00,7125,7125,7125,7125,0
2022-03-17 11:46:00,7125,7125,7125,7125,0
2022-03-17 11:47:00,7125,7125,7125,7125,0
2022-03-17 11:48:00,7125,7125,7125,7125,0
2022-03-17 11:49:00,7125,7125,7125,7125,0
2022-03-17 11:50:00,7125,7125,7125,7125,0
2022-03-17 11:51:00,7125,7125,7125,7125,0
2022-03-17 11:52:00,7125,7125,7125,7125,0
2022-03-17 11:53:00,7125,7125,7125,7125,0
2022-03-17 11:54:00,7125,7125,7125,7125,0
2022-03-17 11:55:00,7125,7125,7125,7125,0
2022-03-17 11:56:00,7125,7125,7125,7125,0
2022-03-17 11:57:00,7125,7125,7125,7125,0
2022-03-17 11:58:00,7125,7125,7125,7125,0
2022-03-17 11:59:00,7125,7125,7125,7125,0
2022-03-17 12:00:00,7125,7125,7125,7125,0
2022-03-17 12:01:00,7125,7125,7125,7125,0
2022-03-17 12:02:00,7125,7125,7125,7125,0
2022-03-17 12:03:00,7125,7125,7125,7125,0
2022-03-17 12:04:00,7125,7125,7125,7125,0
2022-03-17 12:05:00,7125,7125,7125,7125,0
2022-03-17 12:06:00,7125,7125,7125,7125,0
2022-03-17 12:07:00,7125,7125,7125,7125,0
2022-03-17 12:08:00,7125,7125,7125,7125,0
2022-03-17 12:09:00,7125,7125,7125,7125,0
2022-03-17 12:10:00,7125,7125,7125,7125,0
2022-03-17 12:11:00,7125,7125,7125,7125,0
2022-03-17 12:12:00,7125,7125,7125,7125,0
2022-03-17 12:13:00,7125,7125,7125,7125,0
2022-03-17 12:14:00,7125,7125,7125,7125,0
2022-03-17 12:15:00,7125,7125,7125,7125,0
2022-03-17 12:16:00,7125,7125,7125,7125,0
2022-03-17 12:17:00,7125,7125,7125,7125,0
2022-03-17 12:18:00,7125,7125,7125,7125,0
2022-03-17 12:19:00,7125,7125,7125,7125,0
2022-03-17 12:20:00,7125,7125,7125,7125,0
2022-03-17 12:21:00,7125,7125,7125,7125,0
2022-03-17 12:22:00,7125,7125,7125,7125,0
2022-03-17 12:23:00,7125,7125,7125,7125,0
2022-03-17 12:24:00,7125,7125,7125,7125,0
2022-03-17 12:25:00,7125,7125,7125,7125,0
2022-03-17 12:26:00,7125,7125,7125,7125,0
2022-03-17 12:27:00,7125,7125,7125,7125,0
2022-03-17 12:28:00,7125,7125,7125,7125,0
2022-03-17 12:29:00,7125,7125,7125,7125,0
2022-03-17 12:30:00,7125,7125,7125,7125,0
2022-03-17 12:31:00,7125,7125,7125,7125,0
2022-03-17 12:32:00,7125,7125,7125,7125,0
2022-03-17 12:33:00,7125,7125,7125,7125,0
2022-03-17 12:34:00,7125,7125,7125,7125,0
2022-03-17 12:35:00,7125,7125,7125,7125,0
2022-03-17 12:36:00,7125,7125,7125,7125,0
2022-03-17 12:37:00,7125,7125,7125,7125,0
2022-03-17 12:38:00,7125,7125,7125,7125,0
2022-03-17 12:39:00,7125,7125,7125,7125,0
2022-03-17 12:40:00,7125,7125,7125,7125,0
2022-03-17 12:41:00,7125,7125,7125,7125,0
2022-03-17 12:42:00,7125,7125,7125,7125,0
2022-03-17 12:43:00,7125,7125,7125,7125,0
2022-03-17 12:44:00,7125,7125,7125,7125,0
2022-03-17 12:45:00,7125,7125,7125,7125,0
2022-03-17 12:46:00,7125,7125,7125,7125,0
2022-03-17 12:47:00,7125,7125,7125,7125,0
2022-03-17 12:48:00,7125,7125,7125,7125,0
2022-03-17 12:49:00,7125,7125,7125,7125,0
2022-03-17 12:50:00,7125,7125,7125,7125,0
2022-03-17 12:51:00,7125,7125,7125,7125,0
2022-03-17 12:52:00,7125,7125,7125,7125,0
2022-03-17 12:53:00,7125,7125,7125,7125,0
2022-03-17 12:54:00,7125,7125,7125,7125,0
2022-03-17 12:55:00,7125,7125,7125,7125,0
2022-03-17 12:56:00,7125,7125,7125,7125,0
2022-03-17 12:57:00,7125,7125,7125,7125,0
2022-03-17 12:58:00,7125,7125,7125,7125,0
2022-03-17 12:59:00,7125,7125,7125,7125,0
2022-03-17 13:00:00,7125,7125,7125,7125,0
2022-03-17 13:01:00,7125,7125,7125,7125,0
2022-03-17 13:02:00,7125,7125,7125,7125,0
2022-03-17 13:03:00,7125,7125,7125,7125,0
2022-03-17 13:04:00,7125,7125,7125,7125,0
2022-03-17 13:05:00,7125,7125,7125,7125,0
2022-03-17 13:06:00,7125,7125,7125,7125,0
2022-03-17 13:07:00,7125,7125,7125,7125,0
2022-03-17 13:08:00,7125,7125,7125,7125,0
2022-03-17 13:09:00,7125,7125,7125,7125,0
2022-03-17 13:10:00,7125,7125,7125,7125,0
2022-03-17 13:11:00,7125,7125,7125,7125,0
2022-03-17 13:12:00,7125,7125,7125,7125,0
2022-03-17 13:13:00,7125,7125,7125,7125,0
2022-03-17 13:14:00,7125,7125,7125,7125,0
2022-03-17 13:15:00,7125,7125,7125,7125,0
2022-03-17 13:16:00,7125,7125,7125,7125,0
2022-03-17 13:17:00,7125,7125,7125,7125,0
2022-03-17 13:18:00,7125,7125,7125,7125,0
2022-03-17 13:19:00,7125,7125,7125,7125,0
2022-03-17 13:20:00,7125,7125,7125,7125,0
2022-03-17 13:21:00,7125,7125,7125,7125,0
2022-03-17 13:22:00,7125,7125,7125,7125,0
2022-03-17 13:23:00,7125,7125,7125,7125,0
2022-03-17 13:24:00,7125,7125,7125,7125,0
2022-03-17 13:25:00,7125,7125,7125,7125,0
2022-03-17 13:26:00,7125,7125,7125,7125,0
2022-03-17 13:27:00,7125,7125,7125,7125,0
2022-03-17 13:28:00,7125,7125,7125,7125,0
2022-03-17 13:29:00,7125,7125,7125,7125,0
2022-03-17 13:30:00,7125,7125,7150,7125,4700
2022-03-17 13:31:00,7125,7125,7150,7125,0
2022-03-17 13:32:00,7125,7125,7150,7125,0
2022-03-17 13:33:00,7125,7125,7125,7125,2700
2022-03-17 13:34:00,7125,7125,7125,7125,0
2022-03-17 13:35:00,7125,7125,7125,7125,0
2022-03-17 13:36:00,7125,7125,7125,7125,800
2022-03-17 13:37:00,7125,7125,7125,7125,100
2022-03-17 13:38:00,7150,7150,7150,7150,2500
2022-03-17 13:39:00,7150,7150,7150,7150,700
2022-03-17 13:40:00,7150,7150,7150,7150,14500
2022-03-17 13:41:00,7150,7150,7150,7150,0
2022-03-17 13:42:00,7150,7150,7150,7150,1900
2022-03-17 13:43:00,7150,7125,7150,7125,10100
2022-03-17 13:44:00,7125,7125,7125,7125,100
2022-03-17 13:45:00,7150,7150,7150,7150,2900
2022-03-17 13:46:00,7125,7125,7150,7150,6100
2022-03-17 13:47:00,7125,7125,7150,7150,600
2022-03-17 13:48:00,7150,7150,7150,7150,400
2022-03-17 13:49:00,7150,7125,7150,7125,14400
2022-03-17 13:50:00,7125,7125,7125,7125,10000
2022-03-17 13:51:00,7125,7125,7125,7125,400
2022-03-17 13:52:00,7125,7125,7150,7150,5200
2022-03-17 13:53:00,7125,7125,7150,7150,0
2022-03-17 13:54:00,7150,7150,7150,7150,1800
2022-03-17 13:55:00,7150,7150,7150,7150,100
2022-03-17 13:56:00,7125,7125,7125,7125,5100
2022-03-17 13:57:00,7125,7125,7125,7125,3400
2022-03-17 13:58:00,7125,7125,7125,7125,0
2022-03-17 13:59:00,7125,7125,7125,7125,12000
2022-03-17 14:00:00,7150,7125,7150,7125,400
2022-03-17 14:01:00,7150,7125,7150,7125,0
2022-03-17 14:02:00,7150,7125,7150,7125,4300
2022-03-17 14:03:00,7125,7125,7125,7125,1500
2022-03-17 14:04:00,7150,7125,7150,7150,3800
2022-03-17 14:05:00,7150,7150,7150,7150,800
2022-03-17 14:06:00,7125,7125,7150,7125,2500
2022-03-17 14:07:00,7150,7125,7150,7150,6800
2022-03-17 14:08:00,7125,7125,7125,7125,32700
2022-03-17 14:09:00,7125,7125,7125,7125,0
2022-03-17 14:10:00,7150,7125,7150,7125,1600
2022-03-17 14:11:00,7125,7125,7150,7150,400
2022-03-17 14:12:00,7150,7150,7150,7150,1200
2022-03-17 14:13:00,7125,7125,7125,7125,200
2022-03-17 14:14:00,7150,7150,7150,7150,1400
2022-03-17 14:15:00,7150,7125,7150,7150,2700
2022-03-17 14:16:00,7150,7125,7150,7150,0
2022-03-17 14:17:00,7150,7150,7150,7150,1500
2022-03-17 14:18:00,7125,7125,7125,7125,15900
2022-03-17 14:19:00,7125,7125,7150,7150,11100
2022-03-17 14:20:00,7125,7125,7150,7125,20300
2022-03-17 14:21:00,7125,7125,7125,7125,13700
2022-03-17 14:22:00,7125,7125,7125,7125,0
2022-03-17 14:23:00,7150,7125,7150,7150,5400
2022-03-17 14:24:00,7150,7150,7150,7150,600
2022-03-17 14:25:00,7150,7150,7150,7150,400
2022-03-17 14:26:00,7150,7125,7150,7125,400
2022-03-17 14:27:00,7125,7125,7150,7125,12400
2022-03-17 14:28:00,7125,7125,7150,7150,1400
2022-03-17 14:29:00,7125,7125,7125,7125,12700
2022-03-17 14:30:00,7125,7125,7125,7125,9600
2022-03-17 14:31:00,7150,7100,7150,7100,3100
2022-03-17 14:32:00,7150,7100,7150,7100,0
2022-03-17 14:33:00,7125,7125,7125,7125,100
2022-03-17 14:34:00,7125,7125,7125,7125,200
2022-03-17 14:35:00,7125,7125,7125,7125,0
2022-03-17 14:36:00,7125,7125,7125,7125,0
2022-03-17 14:37:00,7125,7125,7125,7125,1000
2022-03-17 14:38:00,7125,7100,7125,7100,17900
2022-03-17 14:39:00,7100,7100,7100,7100,1600
2022-03-17 14:40:00,7125,7100,7125,7125,14600
2022-03-17 14:41:00,7125,7125,7150,7150,51300
2022-03-17 14:42:00,7125,7125,7125,7125,2000
2022-03-17 14:43:00,7150,7125,7150,7150,21200
2022-03-17 14:44:00,7150,7125,7150,7125,1300
2022-03-17 14:45:00,7150,7150,7150,7150,100
2022-03-17 14:46:00,7125,7125,7150,7125,1600
2022-03-17 14:47:00,7125,7125,7150,7125,12500
2022-03-17 14:48:00,7125,7100,7125,7125,16500
2022-03-17 14:49:00,7100,7100,7125,7100,19100
2022-03-17 14:50:00,7100,7100,7125,7100,0
2022-03-17 14:51:00,7100,7100,7125,7100,0
2022-03-17 14:52:00,7100,7100,7125,7100,0
2022-03-17 14:53:00,7100,7100,7125,7100,0
2022-03-17 14:54:00,7100,7100,7125,7100,0
2022-03-17 14:55:00,7100,7100,7125,7100,0
2022-03-17 14:56:00,7100,7100,7125,7100,0
2022-03-17 14:57:00,7100,7100,7125,7100,0
2022-03-17 14:58:00,7100,7100,7125,7100,0
2022-03-17 14:59:00,7100,7100,7125,7100,0
2022-03-17 15:00:00,7125,7125,7125,7125,122700
2022-03-17 15:01:00,7125,7125,7125,7125,11200
2022-03-17 15:02:00,7125,7125,7125,7125,100
2022-03-17 15:03:00,7125,7125,7125,7125,5000
2022-03-17 15:04:00,7125,7125,7125,7125,3000
2022-03-17 15:05:00,7125,7125,7125,7125,4600
2022-03-17 15:06:00,7125,7125,7125,7125,100
2022-03-17 15:07:00,7125,7125,7125,7125,100
2022-03-17 15:08:00,7125,7125,7125,7125,0
2022-03-17 15:09:00,7125,7125,7125,7125,0
2022-03-17 15:10:00,7125,7125,7125,7125,0
2022-03-17 15:11:00,7125,7125,7125,7125,0
2022-03-17 15:12:00,7125,7125,7125,7125,0
2022-03-17 15:13:00,7125,7125,7125,7125,0
2022-03-17 15:14:00,7125,7125,7125,7125,0
2022-03-17 15:15:00,7125,7125,7125,7125,0
2022-03-17 15:16:00,7125,7125,7125,7125,0
2022-03-17 15:17:00,7125,7125,7125,7125,0
2022-03-17 15:18:00,7125,7125,7125,7125,0
2022-03-17 15:19:00,7125,7125,7125,7125,0
2022-03-17 15:20:00,7125,7125,7125,7125,0
2022-03-17 15:21:00,7125,7125,7125,7125,0
2022-03-17 15:22:00,7125,7125,7125,7125,0
2022-03-17 15:23:00,7125,7125,7125,7125,0
2022-03-17 15:24:00,7125,7125,7125,7125,0
2022-03-17 15:25:00,7125,7125,7125,7125,0
2022-03-17 15:26:00,7125,7125,7125,7125,0
2022-03-17 15:27:00,7125,7125,7125,7125,0
2022-03-17 15:28:00,7125,7125,7125,7125,0
2022-03-17 15:29:00,7125,7125,7125,7125,0
2022-03-17 15:30:00,7125,7125,7125,7125,0
2022-03-17 15:31:00,7125,7125,7125,7125,0
2022-03-17 15:32:00,7125,7125,7125,7125,0
2022-03-17 15:33:00,7125,7125,7125,7125,0
2022-03-17 15:34:00,7125,7125,7125,7125,0
2022-03-17 15:35:00,7125,7125,7125,7125,0
2022-03-17 15:36:00,7125,7125,7125,7125,0
2022-03-17 15:37:00,7125,7125,7125,7125,0
2022-03-17 15:38:00,7125,7125,7125,7125,0
2022-03-17 15:39:00,7125,7125,7125,7125,0
2022-03-17 15:40:00,7125,7125,7125,7125,0
2022-03-17 15:41:00,7125,7125,7125,7125,0
2022-03-17 15:42:00,7125,7125,7125,7125,0
2022-03-17 15:43:00,7125,7125,7125,7125,0
2022-03-17 15:44:00,7125,7125,7125,7125,0
2022-03-17 15:45:00,7125,7125,7125,7125,0
2022-03-17 15:46:00,7125,7125,7125,7125,0
2022-03-17 15:47:00,7125,7125,7125,7125,0
2022-03-17 15:48:00,7125,7125,7125,7125,0
2022-03-17 15:49:00,7125,7125,7125,7125,0
2022-03-17 15:50:00,7125,7125,7125,7125,0
2022-03-17 15:51:00,7125,7125,7125,7125,0
2022-03-17 15:52:00,7125,7125,7125,7125,0
2022-03-17 15:53:00,7125,7125,7125,7125,0
2022-03-17 15:54:00,7125,7125,7125,7125,0
2022-03-17 15:55:00,7125,7125,7125,7125,0
2022-03-17 15:56:00,7125,7125,7125,7125,0
2022-03-17 15:57:00,7125,7125,7125,7125,0
2022-03-17 15:58:00,7125,7125,7125,7125,0
2022-03-17 15:59:00,7125,7125,7125,7125,0
2022-03-18 09:00:00,7150,7125,7150,7125,6800
2022-03-18 09:01:00,7150,7150,7150,7150,400
2022-03-18 09:02:00,7150,7150,7175,7150,1400
2022-03-18 09:03:00,7150,7150,7150,7150,500
2022-03-18 09:04:00,7150,7150,7150,7150,6400
2022-03-18 09:05:00,7150,7150,7150,7150,800
2022-03-18 09:06:00,7150,7150,7150,7150,1000
2022-03-18 09:07:00,7150,7150,7150,7150,0
2022-03-18 09:08:00,7125,7125,7125,7125,34800
2022-03-18 09:09:00,7125,7125,7125,7125,0
2022-03-18 09:10:00,7100,7075,7100,7075,171500
2022-03-18 09:11:00,7100,7075,7100,7075,0
2022-03-18 09:12:00,7100,7100,7100,7100,8900
2022-03-18 09:13:00,7100,7100,7125,7125,6000
2022-03-18 09:14:00,7125,7100,7125,7100,30500
2022-03-18 09:15:00,7100,7100,7100,7100,200
2022-03-18 09:16:00,7100,7100,7100,7100,100
2022-03-18 09:17:00,7100,7100,7100,7100,0
2022-03-18 09:18:00,7125,7125,7125,7125,1500
2022-03-18 09:19:00,7150,7125,7150,7125,3700
2022-03-18 09:20:00,7125,7125,7125,7125,100
2022-03-18 09:21:00,7125,7125,7150,7150,2100
2022-03-18 09:22:00,7150,7125,7150,7125,25500
2022-03-18 09:23:00,7150,7125,7150,7125,0
2022-03-18 09:24:00,7125,7100,7125,7100,300
2022-03-18 09:25:00,7100,7100,7100,7100,13200
2022-03-18 09:26:00,7100,7100,7100,7100,0
2022-03-18 09:27:00,7100,7100,7100,7100,3000
2022-03-18 09:28:00,7100,7100,7100,7100,600
2022-03-18 09:29:00,7100,7100,7100,7100,500
2022-03-18 09:30:00,7100,7100,7100,7100,200
2022-03-18 09:31:00,7100,7100,7100,7100,200
2022-03-18 09:32:00,7100,7100,7100,7100,3100
2022-03-18 09:33:00,7100,7100,7100,7100,400
2022-03-18 09:34:00,7100,7100,7100,7100,1700
2022-03-18 09:35:00,7100,7100,7100,7100,2000
2022-03-18 09:36:00,7125,7125,7125,7125,100
2022-03-18 09:37:00,7125,7125,7125,7125,0
2022-03-18 09:38:00,7125,7125,7125,7125,1000
2022-03-18 09:39:00,7100,7100,7100,7100,300
2022-03-18 09:40:00,7100,7100,7100,7100,100
2022-03-18 09:41:00,7100,7100,7100,7100,0
2022-03-18 09:42:00,7100,7100,7100,7100,0
2022-03-18 09:43:00,7100,7100,7125,7125,600
2022-03-18 09:44:00,7100,7100,7125,7125,0
2022-03-18 09:45:00,7125,7125,7125,7125,200
2022-03-18 09:46:00,7125,7100,7125,7100,55300
2022-03-18 09:47:00,7100,7100,7100,7100,200
2022-03-18 09:48:00,7100,7100,7100,7100,0
2022-03-18 09:49:00,7100,7100,7100,7100,300
2022-03-18 09:50:00,7100,7100,7100,7100,300
2022-03-18 09:51:00,7100,7100,7100,7100,20400
2022-03-18 09:52:00,7100,7100,7100,7100,0
2022-03-18 09:53:00,7100,7100,7125,7100,3200
2022-03-18 09:54:00,7100,7100,7100,7100,2700
2022-03-18 09:55:00,7100,7100,7100,7100,2500
2022-03-18 09:56:00,7100,7100,7100,7100,0
2022-03-18 09:57:00,7100,7100,7100,7100,4800
2022-03-18 09:58:00,7125,7125,7125,7125,100
2022-03-18 09:59:00,7125,7125,7125,7125,0
2022-03-18 10:00:00,7100,7100,7100,7100,300
2022-03-18 10:01:00,7100,7100,7100,7100,0
2022-03-18 10:02:00,7100,7100,7100,7100,30000
2022-03-18 10:03:00,7100,7100,7100,7100,0
2022-03-18 10:04:00,7100,7100,7100,7100,12600
2022-03-18 10:05:00,7075,7075,7075,7075,100
2022-03-18 10:06:00,7075,7075,7075,7075,0
2022-03-18 10:07:00,7075,7075,7075,7075,0
2022-03-18 10:08:00,7075,7075,7075,7075,2500
2022-03-18 10:09:00,7075,7075,7075,7075,500
2022-03-18 10:10:00,7075,7075,7075,7075,0
2022-03-18 10:11:00,7100,7100,7100,7100,500
2022-03-18 10:12:00,7100,7100,7100,7100,600
2022-03-18 10:13:00,7100,7100,7100,7100,0
2022-03-18 10:14:00,7075,7075,7075,7075,3900
2022-03-18 10:15:00,7075,7075,7100,7075,26400
2022-03-18 10:16:00,7100,7100,7100,7100,3500
2022-03-18 10:17:00,7100,7100,7100,7100,4200
2022-03-18 10:18:00,7100,7100,7100,7100,300
2022-03-18 10:19:00,7100,7100,7100,7100,0
2022-03-18 10:20:00,7125,7125,7125,7125,100
2022-03-18 10:21:00,7100,7100,7100,7100,100
2022-03-18 10:22:00,7125,7125,7125,7125,500
2022-03-18 10:23:00,7125,7125,7125,7125,0
2022-03-18 10:24:00,7125,7125,7125,7125,0
2022-03-18 10:25:00,7100,7100,7100,7100,100
2022-03-18 10:26:00,7100,7100,7100,7100,0
2022-03-18 10:27:00,7100,7100,7100,7100,3000
2022-03-18 10:28:00,7100,7100,7100,7100,100
2022-03-18 10:29:00,7100,7100,7100,7100,100
2022-03-18 10:30:00,7100,7100,7100,7100,1100
2022-03-18 10:31:00,7100,7100,7100,7100,1000
2022-03-18 10:32:00,7100,7100,7100,7100,24000
2022-03-18 10:33:00,7100,7100,7100,7100,0
2022-03-18 10:34:00,7100,7100,7100,7100,400
2022-03-18 10:35:00,7100,7100,7100,7100,0
2022-03-18 10:36:00,7100,7100,7100,7100,1000
2022-03-18 10:37:00,7100,7100,7100,7100,200
2022-03-18 10:38:00,7100,7100,7100,7100,100
2022-03-18 10:39:00,7100,7100,7100,7100,0
2022-03-18 10:40:00,7100,7100,7100,7100,5100
2022-03-18 10:41:00,7100,7100,7100,7100,0
2022-03-18 10:42:00,7100,7100,7100,7100,10700
2022-03-18 10:43:00,7100,7100,7100,7100,0
2022-03-18 10:44:00,7100,7100,7100,7100,30400
2022-03-18 10:45:00,7100,7100,7100,7100,2700
2022-03-18 10:46:00,7075,7075,7075,7075,200
2022-03-18 10:47:00,7075,7075,7075,7075,1300
2022-03-18 10:48:00,7075,7075,7100,7100,4400
2022-03-18 10:49:00,7100,7100,7100,7100,22400
2022-03-18 10:50:00,7100,7100,7100,7100,100
2022-03-18 10:51:00,7100,7100,7100,7100,100
2022-03-18 10:52:00,7100,7100,7100,7100,0
2022-03-18 10:53:00,7100,7100,7100,7100,200
2022-03-18 10:54:00,7100,7100,7100,7100,1300
2022-03-18 10:55:00,7100,7100,7100,7100,0
2022-03-18 10:56:00,7100,7100,7100,7100,0
2022-03-18 10:57:00,7125,7125,7125,7125,100
2022-03-18 10:58:00,7125,7125,7125,7125,0
2022-03-18 10:59:00,7125,7125,7125,7125,0
2022-03-18 11:00:00,7125,7125,7125,7125,1000
2022-03-18 11:01:00,7125,7125,7125,7125,300
2022-03-18 11:02:00,7100,7100,7100,7100,2000
2022-03-18 11:03:00,7100,7100,7100,7100,1100
2022-03-18 11:04:00,7100,7100,7100,7100,400
2022-03-18 11:05:00,7100,7100,7100,7100,7600
2022-03-18 11:06:00,7100,7100,7100,7100,0
2022-03-18 11:07:00,7100,7100,7100,7100,0
2022-03-18 11:08:00,7125,7125,7125,7125,100
2022-03-18 11:09:00,7100,7100,7100,7100,700
2022-03-18 11:10:00,7100,7100,7100,7100,17700
2022-03-18 11:11:00,7100,7100,7100,7100,0
2022-03-18 11:12:00,7100,7100,7100,7100,30000
2022-03-18 11:13:00,7100,7100,7100,7100,1700
2022-03-18 11:14:00,7100,7100,7100,7100,0
2022-03-18 11:15:00,7100,7100,7100,7100,17000
2022-03-18 11:16:00,7100,7100,7100,7100,21100
2022-03-18 11:17:00,7100,7075,7100,7100,2900
2022-03-18 11:18:00,7100,7075,7100,7075,200
2022-03-18 11:19:00,7100,7100,7100,7100,5000
2022-03-18 11:20:00,7100,7100,7100,7100,6100
2022-03-18 11:21:00,7100,7075,7100,7100,11000
2022-03-18 11:22:00,7100,7100,7100,7100,8600
2022-03-18 11:23:00,7100,7100,7125,7125,500
2022-03-18 11:24:00,7125,7125,7125,7125,10000
2022-03-18 11:25:00,7100,7100,7100,7100,3000
2022-03-18 11:26:00,7100,7100,7100,7100,0
2022-03-18 11:27:00,7100,7100,7100,7100,0
2022-03-18 11:28:00,7100,7100,7100,7100,5700
2022-03-18 11:29:00,7100,7100,7100,7100,2000
2022-03-18 11:30:00,7100,7100,7100,7100,0
2022-03-18 11:31:00,7100,7100,7100,7100,0
2022-03-18 11:32:00,7100,7100,7100,7100,0
2022-03-18 11:33:00,7100,7100,7100,7100,0
2022-03-18 11:34:00,7100,7100,7100,7100,0
2022-03-18 11:35:00,7100,7100,7100,7100,0
2022-03-18 11:36:00,7100,7100,7100,7100,0
2022-03-18 11:37:00,7100,7100,7100,7100,0
2022-03-18 11:38:00,7100,7100,7100,7100,0
2022-03-18 11:39:00,7100,7100,7100,7100,0
2022-03-18 11:40:00,7100,7100,7100,7100,0
2022-03-18 11:41:00,7100,7100,7100,7100,0
2022-03-18 11:42:00,7100,7100,7100,7100,0
2022-03-18 11:43:00,7100,7100,7100,7100,0
2022-03-18 11:44:00,7100,7100,7100,7100,0
2022-03-18 11:45:00,7100,7100,7100,7100,0
2022-03-18 11:46:00,7100,7100,7100,7100,0
2022-03-18 11:47:00,7100,7100,7100,7100,0
2022-03-18 11:48:00,7100,7100,7100,7100,0
2022-03-18 11:49:00,7100,7100,7100,7100,0
2022-03-18 11:50:00,7100,7100,7100,7100,0
2022-03-18 11:51:00,7100,7100,7100,7100,0
2022-03-18 11:52:00,7100,7100,7100,7100,0
2022-03-18 11:53:00,7100,7100,7100,7100,0
2022-03-18 11:54:00,7100,7100,7100,7100,0
2022-03-18 11:55:00,7100,7100,7100,7100,0
2022-03-18 11:56:00,7100,7100,7100,7100,0
2022-03-18 11:57:00,7100,7100,7100,7100,0
2022-03-18 11:58:00,7100,7100,7100,7100,0
2022-03-18 11:59:00,7100,7100,7100,7100,0
2022-03-18 12:00:00,7100,7100,7100,7100,0
2022-03-18 12:01:00,7100,7100,7100,7100,0
2022-03-18 12:02:00,7100,7100,7100,7100,0
2022-03-18 12:03:00,7100,7100,7100,7100,0
2022-03-18 12:04:00,7100,7100,7100,7100,0
2022-03-18 12:05:00,7100,7100,7100,7100,0
2022-03-18 12:06:00,7100,7100,7100,7100,0
2022-03-18 12:07:00,7100,7100,7100,7100,0
2022-03-18 12:08:00,7100,7100,7100,7100,0
2022-03-18 12:09:00,7100,7100,7100,7100,0
2022-03-18 12:10:00,7100,7100,7100,7100,0
2022-03-18 12:11:00,7100,7100,7100,7100,0
2022-03-18 12:12:00,7100,7100,7100,7100,0
2022-03-18 12:13:00,7100,7100,7100,7100,0
2022-03-18 12:14:00,7100,7100,7100,7100,0
2022-03-18 12:15:00,7100,7100,7100,7100,0
2022-03-18 12:16:00,7100,7100,7100,7100,0
2022-03-18 12:17:00,7100,7100,7100,7100,0
2022-03-18 12:18:00,7100,7100,7100,7100,0
2022-03-18 12:19:00,7100,7100,7100,7100,0
2022-03-18 12:20:00,7100,7100,7100,7100,0
2022-03-18 12:21:00,7100,7100,7100,7100,0
2022-03-18 12:22:00,7100,7100,7100,7100,0
2022-03-18 12:23:00,7100,7100,7100,7100,0
2022-03-18 12:24:00,7100,7100,7100,7100,0
2022-03-18 12:25:00,7100,7100,7100,7100,0
2022-03-18 12:26:00,7100,7100,7100,7100,0
2022-03-18 12:27:00,7100,7100,7100,7100,0
2022-03-18 12:28:00,7100,7100,7100,7100,0
2022-03-18 12:29:00,7100,7100,7100,7100,0
2022-03-18 12:30:00,7100,7100,7100,7100,0
2022-03-18 12:31:00,7100,7100,7100,7100,0
2022-03-18 12:32:00,7100,7100,7100,7100,0
2022-03-18 12:33:00,7100,7100,7100,7100,0
2022-03-18 12:34:00,7100,7100,7100,7100,0
2022-03-18 12:35:00,7100,7100,7100,7100,0
2022-03-18 12:36:00,7100,7100,7100,7100,0
2022-03-18 12:37:00,7100,7100,7100,7100,0
2022-03-18 12:38:00,7100,7100,7100,7100,0
2022-03-18 12:39:00,7100,7100,7100,7100,0
2022-03-18 12:40:00,7100,7100,7100,7100,0
2022-03-18 12:41:00,7100,7100,7100,7100,0
2022-03-18 12:42:00,7100,7100,7100,7100,0
2022-03-18 12:43:00,7100,7100,7100,7100,0
2022-03-18 12:44:00,7100,7100,7100,7100,0
2022-03-18 12:45:00,7100,7100,7100,7100,0
2022-03-18 12:46:00,7100,7100,7100,7100,0
2022-03-18 12:47:00,7100,7100,7100,7100,0
2022-03-18 12:48:00,7100,7100,7100,7100,0
2022-03-18 12:49:00,7100,7100,7100,7100,0
2022-03-18 12:50:00,7100,7100,7100,7100,0
2022-03-18 12:51:00,7100,7100,7100,7100,0
2022-03-18 12:52:00,7100,7100,7100,7100,0
2022-03-18 12:53:00,7100,7100,7100,7100,0
2022-03-18 12:54:00,7100,7100,7100,7100,0
2022-03-18 12:55:00,7100,7100,7100,7100,0
2022-03-18 12:56:00,7100,7100,7100,7100,0
2022-03-18 12:57:00,7100,7100,7100,7100,0
2022-03-18 12:58:00,7100,7100,7100,7100,0
2022-03-18 12:59:00,7100,7100,7100,7100,0
2022-03-18 13:00:00,7100,7100,7100,7100,0
2022-03-18 13:01:00,7100,7100,7100,7100,0
2022-03-18 13:02:00,7100,7100,7100,7100,0
2022-03-18 13:03:00,7100,7100,7100,7100,0
2022-03-18 13:04:00,7100,7100,7100,7100,0
2022-03-18 13:05:00,7100,7100,7100,7100,0
2022-03-18 13:06:00,7100,7100,7100,7100,0
2022-03-18 13:07:00,7100,7100,7100,7100,0
2022-03-18 13:08:00,7100,7100,7100,7100,0
2022-03-18 13:09:00,7100,7100,7100,7100,0
2022-03-18 13:10:00,7100,7100,7100,7100,0
2022-03-18 13:11:00,7100,7100,7100,7100,0
2022-03-18 13:12:00,7100,7100,7100,7100,0
2022-03-18 13:13:00,7100,7100,7100,7100,0
2022-03-18 13:14:00,7100,7100,7100,7100,0
2022-03-18 13:15:00,7100,7100,7100,7100,0
2022-03-18 13:16:00,7100,7100,7100,7100,0
2022-03-18 13:17:00,7100,7100,7100,7100,0
2022-03-18 13:18:00,7100,7100,7100,7100,0
2022-03-18 13:19:00,7100,7100,7100,7100,0
2022-03-18 13:20:00,7100,7100,7100,7100,0
2022-03-18 13:21:00,7100,7100,7100,7100,0
2022-03-18 13:22:00,7100,7100,7100,7100,0
2022-03-18 13:23:00,7100,7100,7100,7100,0
2022-03-18 13:24:00,7100,7100,7100,7100,0
2022-03-18 13:25:00,7100,7100,7100,7100,0
2022-03-18 13:26:00,7100,7100,7100,7100,0
2022-03-18 13:27:00,7100,7100,7100,7100,0
2022-03-18 13:28:00,7100,7100,7100,7100,0
2022-03-18 13:29:00,7100,7100,7100,7100,0
2022-03-18 13:30:00,7100,7100,7125,7125,17700
2022-03-18 13:31:00,7125,7125,7125,7125,100
2022-03-18 13:32:00,7125,7125,7125,7125,0
2022-03-18 13:33:00,7100,7100,7100,7100,100
2022-03-18 13:34:00,7100,7100,7100,7100,100
2022-03-18 13:35:00,7100,7100,7100,7100,0
2022-03-18 13:36:00,7100,7100,7100,7100,1200
2022-03-18 13:37:00,7100,7100,7100,7100,500
2022-03-18 13:38:00,7100,7100,7125,7125,1100
2022-03-18 13:39:00,7100,7100,7100,7100,700
2022-03-18 13:40:00,7100,7100,7100,7100,0
2022-03-18 13:41:00,7100,7100,7100,7100,0
2022-03-18 13:42:00,7100,7100,7100,7100,0
2022-03-18 13:43:00,7100,7100,7100,7100,2400
2022-03-18 13:44:00,7100,7100,7100,7100,500
2022-03-18 13:45:00,7100,7100,7100,7100,1400
2022-03-18 13:46:00,7100,7100,7100,7100,1000
2022-03-18 13:47:00,7100,7100,7100,7100,0
2022-03-18 13:48:00,7100,7100,7100,7100,23400
2022-03-18 13:49:00,7100,7100,7100,7100,0
2022-03-18 13:50:00,7100,7100,7100,7100,2300
2022-03-18 13:51:00,7100,7100,7100,7100,2600
2022-03-18 13:52:00,7100,7100,7125,7125,3700
2022-03-18 13:53:00,7100,7100,7100,7100,1500
2022-03-18 13:54:00,7100,7100,7100,7100,50500
2022-03-18 13:55:00,7100,7100,7100,7100,0
2022-03-18 13:56:00,7100,7100,7100,7100,30000
2022-03-18 13:57:00,7100,7100,7100,7100,2500
2022-03-18 13:58:00,7100,7100,7100,7100,6300
2022-03-18 13:59:00,7100,7100,7100,7100,1100
2022-03-18 14:00:00,7100,7100,7100,7100,1600
2022-03-18 14:01:00,7100,7100,7100,7100,100
2022-03-18 14:02:00,7100,7100,7100,7100,0
2022-03-18 14:03:00,7100,7100,7100,7100,55100
2022-03-18 14:04:00,7100,7100,7100,7100,3000
2022-03-18 14:05:00,7100,7100,7100,7100,1200
2022-03-18 14:06:00,7125,7100,7125,7100,11500
2022-03-18 14:07:00,7125,7100,7125,7100,0
2022-03-18 14:08:00,7125,7100,7125,7100,0
2022-03-18 14:09:00,7125,7100,7125,7100,0
2022-03-18 14:10:00,7100,7100,7100,7100,500
2022-03-18 14:11:00,7100,7100,7100,7100,1200
2022-03-18 14:12:00,7100,7100,7125,7100,9100
2022-03-18 14:13:00,7100,7100,7125,7100,4800
2022-03-18 14:14:00,7100,7100,7100,7100,3400
2022-03-18 14:15:00,7100,7100,7100,7100,13800
2022-03-18 14:16:00,7100,7100,7100,7100,1000
2022-03-18 14:17:00,7100,7100,7125,7125,200
2022-03-18 14:18:00,7100,7100,7100,7100,400
2022-03-18 14:19:00,7100,7100,7100,7100,3100
2022-03-18 14:20:00,7100,7100,7100,7100,800
2022-03-18 14:21:00,7100,7100,7100,7100,1600
2022-03-18 14:22:00,7100,7100,7100,7100,0
2022-03-18 14:23:00,7100,7100,7100,7100,13700
2022-03-18 14:24:00,7100,7100,7100,7100,5800
2022-03-18 14:25:00,7125,7125,7125,7125,100
2022-03-18 14:26:00,7100,7100,7100,7100,2300
2022-03-18 14:27:00,7100,7100,7100,7100,100
2022-03-18 14:28:00,7100,7100,7125,7100,4700
2022-03-18 14:29:00,7100,7100,7125,7100,0
2022-03-18 14:30:00,7100,7100,7100,7100,500
2022-03-18 14:31:00,7100,7100,7100,7100,100
2022-03-18 14:32:00,7100,7100,7125,7125,9100
2022-03-18 14:33:00,7100,7100,7100,7100,100
2022-03-18 14:34:00,7100,7100,7125,7125,6500
2022-03-18 14:35:00,7100,7100,7125,7125,5400
2022-03-18 14:36:00,7100,7100,7100,7100,1800
2022-03-18 14:37:00,7125,7100,7125,7100,300
2022-03-18 14:38:00,7100,7100,7100,7100,2100
2022-03-18 14:39:00,7100,7100,7100,7100,600
2022-03-18 14:40:00,7100,7100,7100,7100,2300
2022-03-18 14:41:00,7125,7100,7125,7125,19200
2022-03-18 14:42:00,7100,7100,7100,7100,1100
2022-03-18 14:43:00,7100,7100,7100,7100,3800
2022-03-18 14:44:00,7100,7100,7125,7100,6300
2022-03-18 14:45:00,7125,7100,7125,7100,3400
2022-03-18 14:46:00,7125,7100,7125,7100,3700
2022-03-18 14:47:00,7100,7100,7125,7125,3600
2022-03-18 14:48:00,7125,7125,7125,7125,6500
2022-03-18 14:49:00,7125,7100,7125,7125,6500
2022-03-18 14:50:00,7125,7100,7125,7125,0
2022-03-18 14:51:00,7125,7100,7125,7125,0
2022-03-18 14:52:00,7125,7100,7125,7125,0
2022-03-18 14:53:00,7125,7100,7125,7125,0
2022-03-18 14:54:00,7125,7100,7125,7125,0
2022-03-18 14:55:00,7125,7100,7125,7125,0
2022-03-18 14:56:00,7125,7100,7125,7125,0
2022-03-18 14:57:00,7125,7100,7125,7125,0
2022-03-18 14:58:00,7125,7100,7125,7125,0
2022-03-18 14:59:00,7125,7100,7125,7125,0
2022-03-18 15:00:00,7200,7200,7200,7200,935800
2022-03-18 15:01:00,7200,7200,7200,7200,1400
2022-03-18 15:02:00,7200,7200,7200,7200,3900
2022-03-18 15:03:00,7200,7200,7200,7200,1400
2022-03-18 15:04:00,7200,7200,7200,7200,1500
2022-03-18 15:05:00,7200,7200,7200,7200,1000
2022-03-18 15:06:00,7200,7200,7200,7200,800
2022-03-18 15:07:00,7200,7200,7200,7200,200
2022-03-18 15:08:00,7200,7200,7200,7200,300
2022-03-18 15:09:00,7200,7200,7200,7200,5400
2022-03-18 15:10:00,7200,7200,7200,7200,200
2022-03-18 15:11:00,7200,7200,7200,7200,4200
2022-03-18 15:12:00,7200,7200,7200,7200,1000
2022-03-18 15:13:00,7200,7200,7200,7200,300
2022-03-18 15:14:00,7200,7200,7200,7200,600
2022-03-18 15:15:00,7200,7200,7200,7200,0
2022-03-18 15:16:00,7200,7200,7200,7200,0
2022-03-18 15:17:00,7200,7200,7200,7200,0
2022-03-18 15:18:00,7200,7200,7200,7200,0
2022-03-18 15:19:00,7200,7200,7200,7200,0
2022-03-18 15:20:00,7200,7200,7200,7200,0
2022-03-18 15:21:00,7200,7200,7200,7200,0
2022-03-18 15:22:00,7200,7200,7200,7200,0
2022-03-18 15:23:00,7200,7200,7200,7200,0
2022-03-18 15:24:00,7200,7200,7200,7200,0
2022-03-18 15:25:00,7200,7200,7200,7200,0
2022-03-18 15:26:00,7200,7200,7200,7200,0
2022-03-18 15:27:00,7200,7200,7200,7200,0
2022-03-18 15:28:00,7200,7200,7200,7200,0
2022-03-18 15:29:00,7200,7200,7200,7200,0
2022-03-18 15:30:00,7200,7200,7200,7200,0
2022-03-18 15:31:00,7200,7200,7200,7200,0
2022-03-18 15:32:00,7200,7200,7200,7200,0
2022-03-18 15:33:00,7200,7200,7200,7200,0
2022-03-18 15:34:00,7200,7200,7200,7200,0
2022-03-18 15:35:00,7200,7200,7200,7200,0
2022-03-18 15:36:00,7200,7200,7200,7200,0
2022-03-18 15:37:00,7200,7200,7200,7200,0
2022-03-18 15:38:00,7200,7200,7200,7200,0
2022-03-18 15:39:00,7200,7200,7200,7200,0
2022-03-18 15:40:00,7200,7200,7200,7200,0
2022-03-18 15:41:00,7200,7200,7200,7200,0
2022-03-18 15:42:00,7200,7200,7200,7200,0
2022-03-18 15:43:00,7200,7200,7200,7200,0
2022-03-18 15:44:00,7200,7200,7200,7200,0
2022-03-18 15:45:00,7200,7200,7200,7200,0
2022-03-18 15:46:00,7200,7200,7200,7200,0
2022-03-18 15:47:00,7200,7200,7200,7200,0
2022-03-18 15:48:00,7200,7200,7200,7200,0
2022-03-18 15:49:00,7200,7200,7200,7200,0
2022-03-18 15:50:00,7200,7200,7200,7200,0
2022-03-18 15:51:00,7200,7200,7200,7200,0
2022-03-18 15:52:00,7200,7200,7200,7200,0
2022-03-18 15:53:00,7200,7200,7200,7200,0
2022-03-18 15:54:00,7200,7200,7200,7200,0
2022-03-18 15:55:00,7200,7200,7200,7200,0
2022-03-18 15:56:00,7200,7200,7200,7200,0
2022-03-18 15:57:00,7200,7200,7200,7200,0
2022-03-18 15:58:00,7200,7200,7200,7200,0
2022-03-18 15:59:00,7200,7200,7200,7200,0
2022-03-21 09:00:00,7200,7200,7200,7200,1600
2022-03-21 09:01:00,7175,7175,7175,7175,1400
2022-03-21 09:02:00,7175,7175,7200,7175,10600
2022-03-21 09:03:00,7175,7150,7175,7175,5000
2022-03-21 09:04:00,7150,7150,7150,7150,2600
2022-03-21 09:05:00,7150,7125,7175,7125,24000
2022-03-21 09:06:00,7150,7150,7175,7175,2400
2022-03-21 09:07:00,7175,7150,7175,7150,1700
2022-03-21 09:08:00,7150,7150,7175,7150,11400
2022-03-21 09:09:00,7150,7150,7150,7150,18200
2022-03-21 09:10:00,7150,7150,7150,7150,6900
2022-03-21 09:11:00,7150,7150,7150,7150,5400
2022-03-21 09:12:00,7150,7150,7150,7150,1300
2022-03-21 09:13:00,7150,7150,7150,7150,10600
2022-03-21 09:14:00,7150,7150,7150,7150,400
2022-03-21 09:15:00,7150,7150,7175,7175,900
2022-03-21 09:16:00,7150,7125,7150,7125,31500
2022-03-21 09:17:00,7125,7125,7125,7125,5100
2022-03-21 09:18:00,7125,7125,7125,7125,100
2022-03-21 09:19:00,7125,7125,7125,7125,100
2022-03-21 09:20:00,7125,7125,7150,7125,10900
2022-03-21 09:21:00,7150,7150,7175,7175,23400
2022-03-21 09:22:00,7150,7150,7175,7175,0
2022-03-21 09:23:00,7150,7150,7150,7150,400
2022-03-21 09:24:00,7150,7150,7150,7150,300
2022-03-21 09:25:00,7150,7150,7150,7150,0
2022-03-21 09:26:00,7150,7150,7175,7175,5700
2022-03-21 09:27:00,7175,7175,7175,7175,500
2022-03-21 09:28:00,7175,7125,7175,7125,140200
2022-03-21 09:29:00,7125,7125,7125,7125,2300
2022-03-21 09:30:00,7125,7125,7125,7125,0
2022-03-21 09:31:00,7125,7125,7125,7125,100
2022-03-21 09:32:00,7125,7050,7125,7075,313800
2022-03-21 09:33:00,7075,7075,7075,7075,200
2022-03-21 09:34:00,7075,7075,7100,7100,500
2022-03-21 09:35:00,7100,7100,7125,7125,600
2022-03-21 09:36:00,7125,7125,7125,7125,800
2022-03-21 09:37:00,7125,7100,7125,7100,1000
2022-03-21 09:38:00,7100,7100,7125,7125,1200
2022-03-21 09:39:00,7125,7100,7125,7100,21300
2022-03-21 09:40:00,7100,7100,7125,7125,3800
2022-03-21 09:41:00,7100,7100,7125,7125,0
2022-03-21 09:42:00,7100,7100,7100,7100,2900
2022-03-21 09:43:00,7100,7100,7100,7100,0
2022-03-21 09:44:00,7100,7100,7100,7100,0
2022-03-21 09:45:00,7100,7100,7100,7100,2200
2022-03-21 09:46:00,7125,7125,7125,7125,3700
2022-03-21 09:47:00,7100,7100,7100,7100,1000
2022-03-21 09:48:00,7100,7100,7100,7100,200
2022-03-21 09:49:00,7100,7100,7100,7100,1600
2022-03-21 09:50:00,7100,7100,7100,7100,3200
2022-03-21 09:51:00,7100,7100,7100,7100,5300
2022-03-21 09:52:00,7100,7100,7100,7100,10000
2022-03-21 09:53:00,7100,7100,7100,7100,2000
2022-03-21 09:54:00,7100,7100,7100,7100,0
2022-03-21 09:55:00,7100,7100,7100,7100,0
2022-03-21 09:56:00,7100,7100,7100,7100,2000
2022-03-21 09:57:00,7100,7100,7100,7100,0
2022-03-21 09:58:00,7100,7100,7125,7125,400
2022-03-21 09:59:00,7125,7125,7125,7125,3700
2022-03-21 10:00:00,7125,7100,7125,7100,500
2022-03-21 10:01:00,7125,7100,7125,7100,0
2022-03-21 10:02:00,7100,7100,7100,7100,900
2022-03-21 10:03:00,7100,7100,7100,7100,400
2022-03-21 10:04:00,7100,7100,7100,7100,300
2022-03-21 10:05:00,7100,7100,7100,7100,1500
2022-03-21 10:06:00,7100,7100,7100,7100,10000
2022-03-21 10:07:00,7100,7100,7100,7100,1000
2022-03-21 10:08:00,7100,7100,7100,7100,0
2022-03-21 10:09:00,7100,7100,7100,7100,100
2022-03-21 10:10:00,7100,7100,7100,7100,100
2022-03-21 10:11:00,7100,7100,7125,7125,4500
2022-03-21 10:12:00,7125,7125,7125,7125,100
2022-03-21 10:13:00,7125,7125,7125,7125,400
2022-03-21 10:14:00,7125,7125,7125,7125,0
2022-03-21 10:15:00,7125,7125,7125,7125,0
2022-03-21 10:16:00,7125,7125,7125,7125,0
2022-03-21 10:17:00,7100,7100,7125,7125,1100
2022-03-21 10:18:00,7125,7125,7125,7125,200
2022-03-21 10:19:00,7100,7100,7100,7100,300
2022-03-21 10:20:00,7100,7100,7100,7100,300
2022-03-21 10:21:00,7100,7100,7100,7100,100
2022-03-21 10:22:00,7100,7100,7100,7100,200
2022-03-21 10:23:00,7100,7100,7100,7100,300
2022-03-21 10:24:00,7100,7100,7100,7100,100
2022-03-21 10:25:00,7100,7100,7100,7100,200
2022-03-21 10:26:00,7100,7100,7100,7100,0
2022-03-21 10:27:00,7100,7100,7125,7100,2200
2022-03-21 10:28:00,7100,7100,7150,7150,47400
2022-03-21 10:29:00,7100,7100,7150,7150,0
2022-03-21 10:30:00,7125,7125,7150,7150,4200
2022-03-21 10:31:00,7150,7150,7150,7150,100
2022-03-21 10:32:00,7125,7125,7150,7150,5600
2022-03-21 10:33:00,7150,7150,7150,7150,100
2022-03-21 10:34:00,7150,7150,7150,7150,0
2022-03-21 10:35:00,7150,7150,7150,7150,0
2022-03-21 10:36:00,7150,7150,7150,7150,0
2022-03-21 10:37:00,7150,7150,7150,7150,100
2022-03-21 10:38:00,7125,7125,7125,7125,100
2022-03-21 10:39:00,7125,7125,7150,7150,31700
2022-03-21 10:40:00,7150,7150,7150,7150,300
2022-03-21 10:41:00,7150,7125,7150,7125,27900
2022-03-21 10:42:00,7150,7125,7150,7125,0
2022-03-21 10:43:00,7150,7125,7150,7125,0
2022-03-21 10:44:00,7150,7150,7150,7150,100
2022-03-21 10:45:00,7150,7150,7150,7150,4200
2022-03-21 10:46:00,7150,7150,7150,7150,300
2022-03-21 10:47:00,7125,7125,7125,7125,100
2022-03-21 10:48:00,7125,7125,7125,7125,400
2022-03-21 10:49:00,7125,7125,7125,7125,500
2022-03-21 10:50:00,7125,7125,7125,7125,0
2022-03-21 10:51:00,7125,7125,7125,7125,0
2022-03-21 10:52:00,7125,7125,7125,7125,0
2022-03-21 10:53:00,7125,7125,7125,7125,0
2022-03-21 10:54:00,7125,7125,7150,7150,19000
2022-03-21 10:55:00,7125,7125,7150,7150,0
2022-03-21 10:56:00,7125,7125,7125,7125,700
2022-03-21 10:57:00,7150,7150,7150,7150,1000
2022-03-21 10:58:00,7150,7150,7150,7150,0
2022-03-21 10:59:00,7125,7125,7125,7125,100
2022-03-21 11:00:00,7125,7125,7125,7125,0
2022-03-21 11:01:00,7150,7150,7150,7150,1000
2022-03-21 11:02:00,7125,7125,7150,7150,4700
2022-03-21 11:03:00,7150,7125,7150,7125,1100
2022-03-21 11:04:00,7125,7125,7125,7125,600
2022-03-21 11:05:00,7125,7125,7125,7125,700
2022-03-21 11:06:00,7125,7125,7125,7125,200
2022-03-21 11:07:00,7125,7125,7125,7125,0
2022-03-21 11:08:00,7125,7125,7125,7125,300
2022-03-21 11:09:00,7125,7125,7125,7125,500
2022-03-21 11:10:00,7150,7125,7150,7125,10700
2022-03-21 11:11:00,7125,7125,7125,7125,28500
2022-03-21 11:12:00,7125,7125,7125,7125,33600
2022-03-21 11:13:00,7125,7125,7125,7125,12000
2022-03-21 11:14:00,7125,7125,7125,7125,8300
2022-03-21 11:15:00,7125,7125,7125,7125,800
2022-03-21 11:16:00,7125,7125,7125,7125,200
2022-03-21 11:17:00,7125,7125,7125,7125,300
2022-03-21 11:18:00,7125,7125,7125,7125,200
2022-03-21 11:19:00,7125,7100,7125,7125,40700
2022-03-21 11:20:00,7125,7125,7125,7125,500
2022-03-21 11:21:00,7125,7125,7125,7125,100
2022-03-21 11:22:00,7125,7125,7125,7125,200
2022-03-21 11:23:00,7125,7125,7125,7125,400
2022-03-21 11:24:00,7125,7125,7125,7125,100
2022-03-21 11:25:00,7125,7125,7125,7125,1300
2022-03-21 11:26:00,7125,7125,7125,7125,100
2022-03-21 11:27:00,7125,7125,7125,7125,1400
2022-03-21 11:28:00,7125,7125,7125,7125,300
2022-03-21 11:29:00,7125,7100,7125,7100,14800
2022-03-21 11:30:00,7125,7100,7125,7100,0
2022-03-21 11:31:00,7125,7100,7125,7100,0
2022-03-21 11:32:00,7125,7100,7125,7100,0
2022-03-21 11:33:00,7125,7100,7125,7100,0
2022-03-21 11:34:00,7125,7100,7125,7100,0
2022-03-21 11:35:00,7125,7100,7125,7100,0
2022-03-21 11:36:00,7125,7100,7125,7100,0
2022-03-21 11:37:00,7125,7100,7125,7100,0
2022-03-21 11:38:00,7125,7100,7125,7100,0
2022-03-21 11:39:00,7125,7100,7125,7100,0
2022-03-21 11:40:00,7125,7100,7125,7100,0
2022-03-21 11:41:00,7125,7100,7125,7100,0
2022-03-21 11:42:00,7125,7100,7125,7100,0
2022-03-21 11:43:00,7125,7100,7125,7100,0
2022-03-21 11:44:00,7125,7100,7125,7100,0
2022-03-21 11:45:00,7125,7100,7125,7100,0
2022-03-21 11:46:00,7125,7100,7125,7100,0
2022-03-21 11:47:00,7125,7100,7125,7100,0
2022-03-21 11:48:00,7125,7100,7125,7100,0
2022-03-21 11:49:00,7125,7100,7125,7100,0
2022-03-21 11:50:00,7125,7100,7125,7100,0
2022-03-21 11:51:00,7125,7100,7125,7100,0
2022-03-21 11:52:00,7125,7100,7125,7100,0
2022-03-21 11:53:00,7125,7100,7125,7100,0
2022-03-21 11:54:00,7125,7100,7125,7100,0
2022-03-21 11:55:00,7125,7100,7125,7100,0
2022-03-21 11:56:00,7125,7100,7125,7100,0
2022-03-21 11:57:00,7125,7100,7125,7100,0
2022-03-21 11:58:00,7125,7100,7125,7100,0
2022-03-21 11:59:00,7125,7100,7125,7100,0
2022-03-21 12:00:00,7125,7100,7125,7100,0
2022-03-21 12:01:00,7125,7100,7125,7100,0
2022-03-21 12:02:00,7125,7100,7125,7100,0
2022-03-21 12:03:00,7125,7100,7125,7100,0
2022-03-21 12:04:00,7125,7100,7125,7100,0
2022-03-21 12:05:00,7125,7100,7125,7100,0
2022-03-21 12:06:00,7125,7100,7125,7100,0
2022-03-21 12:07:00,7125,7100,7125,7100,0
2022-03-21 12:08:00,7125,7100,7125,7100,0
2022-03-21 12:09:00,7125,7100,7125,7100,0
2022-03-21 12:10:00,7125,7100,7125,7100,0
2022-03-21 12:11:00,7125,7100,7125,7100,0
2022-03-21 12:12:00,7125,7100,7125,7100,0
2022-03-21 12:13:00,7125,7100,7125,7100,0
2022-03-21 12:14:00,7125,7100,7125,7100,0
2022-03-21 12:15:00,7125,7100,7125,7100,0
2022-03-21 12:16:00,7125,7100,7125,7100,0
2022-03-21 12:17:00,7125,7100,7125,7100,0
2022-03-21 12:18:00,7125,7100,7125,7100,0
2022-03-21 12:19:00,7125,7100,7125,7100,0
2022-03-21 12:20:00,7125,7100,7125,7100,0
2022-03-21 12:21:00,7125,7100,7125,7100,0
2022-03-21 12:22:00,7125,7100,7125,7100,0
2022-03-21 12:23:00,7125,7100,7125,7100,0
2022-03-21 12:24:00,7125,7100,7125,7100,0
2022-03-21 12:25:00,7125,7100,7125,7100,0
2022-03-21 12:26:00,7125,7100,7125,7100,0
2022-03-21 12:27:00,7125,7100,7125,7100,0
2022-03-21 12:28:00,7125,7100,7125,7100,0
2022-03-21 12:29:00,7125,7100,7125,7100,0
2022-03-21 12:30:00,7125,7100,7125,7100,0
2022-03-21 12:31:00,7125,7100,7125,7100,0
2022-03-21 12:32:00,7125,7100,7125,7100,0
2022-03-21 12:33:00,7125,7100,7125,7100,0
2022-03-21 12:34:00,7125,7100,7125,7100,0
2022-03-21 12:35:00,7125,7100,7125,7100,0
2022-03-21 12:36:00,7125,7100,7125,7100,0
2022-03-21 12:37:00,7125,7100,7125,7100,0
2022-03-21 12:38:00,7125,7100,7125,7100,0
2022-03-21 12:39:00,7125,7100,7125,7100,0
2022-03-21 12:40:00,7125,7100,7125,7100,0
2022-03-21 12:41:00,7125,7100,7125,7100,0
2022-03-21 12:42:00,7125,7100,7125,7100,0
2022-03-21 12:43:00,7125,7100,7125,7100,0
2022-03-21 12:44:00,7125,7100,7125,7100,0
2022-03-21 12:45:00,7125,7100,7125,7100,0
2022-03-21 12:46:00,7125,7100,7125,7100,0
2022-03-21 12:47:00,7125,7100,7125,7100,0
2022-03-21 12:48:00,7125,7100,7125,7100,0
2022-03-21 12:49:00,7125,7100,7125,7100,0
2022-03-21 12:50:00,7125,7100,7125,7100,0
2022-03-21 12:51:00,7125,7100,7125,7100,0
2022-03-21 12:52:00,7125,7100,7125,7100,0
2022-03-21 12:53:00,7125,7100,7125,7100,0
2022-03-21 12:54:00,7125,7100,7125,7100,0
2022-03-21 12:55:00,7125,7100,7125,7100,0
2022-03-21 12:56:00,7125,7100,7125,7100,0
2022-03-21 12:57:00,7125,7100,7125,7100,0
2022-03-21 12:58:00,7125,7100,7125,7100,0
2022-03-21 12:59:00,7125,7100,7125,7100,0
2022-03-21 13:00:00,7125,7100,7125,7100,0
2022-03-21 13:01:00,7125,7100,7125,7100,0
2022-03-21 13:02:00,7125,7100,7125,7100,0
2022-03-21 13:03:00,7125,7100,7125,7100,0
2022-03-21 13:04:00,7125,7100,7125,7100,0
2022-03-21 13:05:00,7125,7100,7125,7100,0
2022-03-21 13:06:00,7125,7100,7125,7100,0
2022-03-21 13:07:00,7125,7100,7125,7100,0
2022-03-21 13:08:00,7125,7100,7125,7100,0
2022-03-21 13:09:00,7125,7100,7125,7100,0
2022-03-21 13:10:00,7125,7100,7125,7100,0
2022-03-21 13:11:00,7125,7100,7125,7100,0
2022-03-21 13:12:00,7125,7100,7125,7100,0
2022-03-21 13:13:00,7125,7100,7125,7100,0
2022-03-21 13:14:00,7125,7100,7125,7100,0
2022-03-21 13:15:00,7125,7100,7125,7100,0
2022-03-21 13:16:00,7125,7100,7125,7100,0
2022-03-21 13:17:00,7125,7100,7125,7100,0
2022-03-21 13:18:00,7125,7100,7125,7100,0
2022-03-21 13:19:00,7125,7100,7125,7100,0
2022-03-21 13:20:00,7125,7100,7125,7100,0
2022-03-21 13:21:00,7125,7100,7125,7100,0
2022-03-21 13:22:00,7125,7100,7125,7100,0
2022-03-21 13:23:00,7125,7100,7125,7100,0
2022-03-21 13:24:00,7125,7100,7125,7100,0
2022-03-21 13:25:00,7125,7100,7125,7100,0
2022-03-21 13:26:00,7125,7100,7125,7100,0
2022-03-21 13:27:00,7125,7100,7125,7100,0
2022-03-21 13:28:00,7125,7100,7125,7100,0
2022-03-21 13:29:00,7125,7100,7125,7100,0
2022-03-21 13:30:00,7100,7100,7125,7100,8300
2022-03-21 13:31:00,7100,7100,7125,7100,0
2022-03-21 13:32:00,7125,7100,7125,7100,1700
2022-03-21 13:33:00,7100,7100,7100,7100,1100
2022-03-21 13:34:00,7100,7100,7100,7100,400
2022-03-21 13:35:00,7125,7100,7125,7100,900
2022-03-21 13:36:00,7100,7100,7125,7125,2100
2022-03-21 13:37:00,7100,7100,7100,7100,400
2022-03-21 13:38:00,7100,7100,7100,7100,300
2022-03-21 13:39:00,7100,7100,7125,7125,3000
2022-03-21 13:40:00,7100,7100,7125,7125,500
2022-03-21 13:41:00,7125,7125,7125,7125,100
2022-03-21 13:42:00,7100,7100,7125,7125,1900
2022-03-21 13:43:00,7100,7100,7100,7100,3000
2022-03-21 13:44:00,7100,7100,7100,7100,800
2022-03-21 13:45:00,7100,7100,7100,7100,800
2022-03-21 13:46:00,7100,7100,7100,7100,0
2022-03-21 13:47:00,7100,7100,7100,7100,32900
2022-03-21 13:48:00,7125,7125,7125,7125,2300
2022-03-21 13:49:00,7100,7100,7100,7100,300
2022-03-21 13:50:00,7100,7100,7100,7100,100
2022-03-21 13:51:00,7100,7100,7100,7100,53000
2022-03-21 13:52:00,7100,7100,7100,7100,300
2022-03-21 13:53:00,7100,7100,7100,7100,0
2022-03-21 13:54:00,7100,7100,7100,7100,102800
2022-03-21 13:55:00,7100,7075,7100,7075,11300
2022-03-21 13:56:00,7100,7075,7100,7075,2600
2022-03-21 13:57:00,7075,7075,7075,7075,1400
2022-03-21 13:58:00,7075,7075,7075,7075,0
2022-03-21 13:59:00,7100,7075,7100,7075,3100
2022-03-21 14:00:00,7100,7075,7100,7075,2300
2022-03-21 14:01:00,7075,7075,7100,7100,2700
2022-03-21 14:02:00,7100,7075,7100,7100,1500
2022-03-21 14:03:00,7075,7075,7075,7075,100
2022-03-21 14:04:00,7100,7075,7100,7075,800
2022-03-21 14:05:00,7075,7075,7100,7100,19200
2022-03-21 14:06:00,7100,7100,7100,7100,1700
2022-03-21 14:07:00,7075,7075,7100,7100,3100
2022-03-21 14:08:00,7100,7075,7100,7100,6600
2022-03-21 14:09:00,7100,7075,7100,7100,7600
2022-03-21 14:10:00,7075,7075,7100,7100,1700
2022-03-21 14:11:00,7100,7075,7100,7075,2100
2022-03-21 14:12:00,7100,7075,7100,7100,10000
2022-03-21 14:13:00,7100,7075,7100,7100,3200
2022-03-21 14:14:00,7100,7075,7100,7075,500
2022-03-21 14:15:00,7075,7075,7100,7100,6100
2022-03-21 14:16:00,7100,7100,7100,7100,2300
2022-03-21 14:17:00,7100,7075,7100,7075,700
2022-03-21 14:18:00,7100,7100,7100,7100,500
2022-03-21 14:19:00,7100,7100,7100,7100,200
2022-03-21 14:20:00,7100,7100,7100,7100,700
2022-03-21 14:21:00,7075,7075,7075,7075,600
2022-03-21 14:22:00,7075,7075,7075,7075,1000
2022-03-21 14:23:00,7100,7100,7100,7100,700
2022-03-21 14:24:00,7100,7075,7100,7075,21000
2022-03-21 14:25:00,7100,7100,7100,7100,1200
2022-03-21 14:26:00,7100,7075,7100,7075,4000
2022-03-21 14:27:00,7100,7075,7100,7075,3200
2022-03-21 14:28:00,7100,7075,7100,7075,0
2022-03-21 14:29:00,7075,7075,7100,7100,11200
2022-03-21 14:30:00,7100,7100,7100,7100,5400
2022-03-21 14:31:00,7100,7100,7100,7100,300
2022-03-21 14:32:00,7100,7100,7100,7100,3600
2022-03-21 14:33:00,7100,7100,7100,7100,0
2022-03-21 14:34:00,7100,7075,7100,7100,7300
2022-03-21 14:35:00,7100,7075,7100,7100,4000
2022-03-21 14:36:00,7100,7100,7100,7100,17400
2022-03-21 14:37:00,7100,7100,7100,7100,16500
2022-03-21 14:38:00,7100,7100,7100,7100,700
2022-03-21 14:39:00,7100,7100,7100,7100,100
2022-03-21 14:40:00,7075,7075,7075,7075,100
2022-03-21 14:41:00,7075,7075,7100,7100,2300
2022-03-21 14:42:00,7100,7075,7100,7075,30200
2022-03-21 14:43:00,7100,7100,7125,7125,51300
2022-03-21 14:44:00,7100,7100,7125,7125,10500
2022-03-21 14:45:00,7125,7100,7125,7100,1000
2022-03-21 14:46:00,7100,7100,7100,7100,300
2022-03-21 14:47:00,7100,7100,7125,7100,47000
2022-03-21 14:48:00,7125,7100,7125,7125,12300
2022-03-21 14:49:00,7100,7100,7125,7100,3400
2022-03-21 14:50:00,7100,7100,7125,7100,0
2022-03-21 14:51:00,7100,7100,7125,7100,0
2022-03-21 14:52:00,7100,7100,7125,7100,0
2022-03-21 14:53:00,7100,7100,7125,7100,0
2022-03-21 14:54:00,7100,7100,7125,7100,0
2022-03-21 14:55:00,7100,7100,7125,7100,0
2022-03-21 14:56:00,7100,7100,7125,7100,0
2022-03-21 14:57:00,7100,7100,7125,7100,0
2022-03-21 14:58:00,7100,7100,7125,7100,0
2022-03-21 14:59:00,7100,7100,7125,7100,0
2022-03-21 15:00:00,7125,7125,7125,7125,32400
2022-03-21 15:01:00,7125,7125,7125,7125,1200
2022-03-21 15:02:00,7125,7125,7125,7125,2700
2022-03-21 15:03:00,7125,7125,7125,7125,5400
2022-03-21 15:04:00,7125,7125,7125,7125,100
2022-03-21 15:05:00,7125,7125,7125,7125,5000
2022-03-21 15:06:00,7125,7125,7125,7125,1800
2022-03-21 15:07:00,7125,7125,7125,7125,15000
2022-03-21 15:08:00,7125,7125,7125,7125,0
2022-03-21 15:09:00,7125,7125,7125,7125,0
2022-03-21 15:10:00,7125,7125,7125,7125,0
2022-03-21 15:11:00,7125,7125,7125,7125,20000
2022-03-21 15:12:00,7125,7125,7125,7125,0
2022-03-21 15:13:00,7125,7125,7125,7125,0
2022-03-21 15:14:00,7125,7125,7125,7125,0
2022-03-21 15:15:00,7125,7125,7125,7125,0
2022-03-21 15:16:00,7125,7125,7125,7125,0
2022-03-21 15:17:00,7125,7125,7125,7125,0
2022-03-21 15:18:00,7125,7125,7125,7125,0
2022-03-21 15:19:00,7125,7125,7125,7125,0
2022-03-21 15:20:00,7125,7125,7125,7125,0
2022-03-21 15:21:00,7125,7125,7125,7125,0
2022-03-21 15:22:00,7125,7125,7125,7125,0
2022-03-21 15:23:00,7125,7125,7125,7125,0
2022-03-21 15:24:00,7125,7125,7125,7125,0
2022-03-21 15:25:00,7125,7125,7125,7125,0
2022-03-21 15:26:00,7125,7125,7125,7125,0
2022-03-21 15:27:00,7125,7125,7125,7125,0
2022-03-21 15:28:00,7125,7125,7125,7125,0
2022-03-21 15:29:00,7125,7125,7125,7125,0
2022-03-21 15:30:00,7125,7125,7125,7125,0
2022-03-21 15:31:00,7125,7125,7125,7125,0
2022-03-21 15:32:00,7125,7125,7125,7125,0
2022-03-21 15:33:00,7125,7125,7125,7125,0
2022-03-21 15:34:00,7125,7125,7125,7125,0
2022-03-21 15:35:00,7125,7125,7125,7125,0
2022-03-21 15:36:00,7125,7125,7125,7125,0
2022-03-21 15:37:00,7125,7125,7125,7125,0
2022-03-21 15:38:00,7125,7125,7125,7125,0
2022-03-21 15:39:00,7125,7125,7125,7125,0
2022-03-21 15:40:00,7125,7125,7125,7125,0
2022-03-21 15:41:00,7125,7125,7125,7125,0
2022-03-21 15:42:00,7125,7125,7125,7125,0
2022-03-21 15:43:00,7125,7125,7125,7125,0
2022-03-21 15:44:00,7125,7125,7125,7125,0
2022-03-21 15:45:00,7125,7125,7125,7125,0
2022-03-21 15:46:00,7125,7125,7125,7125,0
2022-03-21 15:47:00,7125,7125,7125,7125,0
2022-03-21 15:48:00,7125,7125,7125,7125,0
2022-03-21 15:49:00,7125,7125,7125,7125,0
2022-03-21 15:50:00,7125,7125,7125,7125,0
2022-03-21 15:51:00,7125,7125,7125,7125,0
2022-03-21 15:52:00,7125,7125,7125,7125,0
2022-03-21 15:53:00,7125,7125,7125,7125,0
2022-03-21 15:54:00,7125,7125,7125,7125,0
2022-03-21 15:55:00,7125,7125,7125,7125,0
2022-03-21 15:56:00,7125,7125,7125,7125,0
2022-03-21 15:57:00,7125,7125,7125,7125,0
2022-03-21 15:58:00,7125,7125,7125,7125,0
2022-03-21 15:59:00,7125,7125,7125,7125,0
2022-03-22 09:00:00,7150,7150,7150,7150,0
2022-03-22 09:01:00,7175,7175,7175,7175,6300
2022-03-22 09:02:00,7175,7175,7175,7175,0
2022-03-22 09:03:00,7175,7150,7175,7175,2300
2022-03-22 09:04:00,7175,7150,7175,7150,4000
2022-03-22 09:05:00,7150,7150,7150,7150,900
2022-03-22 09:06:00,7150,7150,7150,7150,200
2022-03-22 09:07:00,7150,7150,7150,7150,100
2022-03-22 09:08:00,7150,7150,7150,7150,20700
2022-03-22 09:09:00,7150,7150,7150,7150,4100
2022-03-22 09:10:00,7150,7150,7150,7150,0
2022-03-22 09:11:00,7150,7150,7150,7150,0
2022-03-22 09:12:00,7150,7150,7175,7175,10500
2022-03-22 09:13:00,7175,7125,7175,7125,11400
2022-03-22 09:14:00,7150,7150,7150,7150,500
2022-03-22 09:15:00,7150,7150,7150,7150,0
2022-03-22 09:16:00,7150,7150,7150,7150,5200
2022-03-22 09:17:00,7150,7150,7150,7150,2100
2022-03-22 09:18:00,7150,7150,7150,7150,1000
2022-03-22 09:19:00,7175,7175,7175,7175,200
2022-03-22 09:20:00,7175,7175,7175,7175,400
2022-03-22 09:21:00,7150,7150,7150,7150,4200
2022-03-22 09:22:00,7150,7150,7150,7150,4300
2022-03-22 09:23:00,7150,7125,7150,7125,25100
2022-03-22 09:24:00,7150,7150,7150,7150,1200
2022-03-22 09:25:00,7150,7125,7150,7150,4100
2022-03-22 09:26:00,7125,7125,7150,7150,2400
2022-03-22 09:27:00,7150,7150,7150,7150,4000
2022-03-22 09:28:00,7125,7125,7150,7150,1600
2022-03-22 09:29:00,7125,7125,7150,7150,0
2022-03-22 09:30:00,7125,7125,7125,7125,4500
2022-03-22 09:31:00,7150,7125,7150,7150,1900
2022-03-22 09:32:00,7150,7150,7150,7150,20600
2022-03-22 09:33:00,7125,7125,7125,7125,800
2022-03-22 09:34:00,7125,7125,7125,7125,0
2022-03-22 09:35:00,7125,7125,7125,7125,0
2022-03-22 09:36:00,7125,7125,7125,7125,300
2022-03-22 09:37:00,7125,7125,7125,7125,300
2022-03-22 09:38:00,7125,7125,7125,7125,0
2022-03-22 09:39:00,7125,7125,7125,7125,0
2022-03-22 09:40:00,7125,7125,7125,7125,12100
2022-03-22 09:41:00,7150,7150,7150,7150,100
2022-03-22 09:42:00,7150,7150,7150,7150,100
2022-03-22 09:43:00,7150,7150,7150,7150,0
2022-03-22 09:44:00,7150,7150,7150,7150,200
2022-03-22 09:45:00,7150,7150,7150,7150,0
2022-03-22 09:46:00,7150,7150,7150,7150,0
2022-03-22 09:47:00,7150,7150,7150,7150,5300
2022-03-22 09:48:00,7150,7150,7150,7150,0
2022-03-22 09:49:00,7150,7150,7150,7150,0
2022-03-22 09:50:00,7150,7150,7150,7150,500
2022-03-22 09:51:00,7150,7150,7150,7150,0
2022-03-22 09:52:00,7175,7175,7175,7175,200
2022-03-22 09:53:00,7175,7175,7175,7175,0
2022-03-22 09:54:00,7150,7150,7150,7150,100
2022-03-22 09:55:00,7150,7150,7150,7150,1200
2022-03-22 09:56:00,7150,7150,7150,7150,300
2022-03-22 09:57:00,7150,7150,7150,7150,600
2022-03-22 09:58:00,7150,7150,7150,7150,0
2022-03-22 09:59:00,7150,7150,7150,7150,5600
2022-03-22 10:00:00,7150,7150,7150,7150,0
2022-03-22 10:01:00,7150,7150,7150,7150,2300
2022-03-22 10:02:00,7150,7150,7150,7150,0
2022-03-22 10:03:00,7150,7150,7150,7150,7600
2022-03-22 10:04:00,7150,7125,7150,7125,19400
2022-03-22 10:05:00,7125,7125,7125,7125,8900
2022-03-22 10:06:00,7125,7125,7125,7125,1100
2022-03-22 10:07:00,7125,7125,7125,7125,1600
2022-03-22 10:08:00,7125,7125,7125,7125,2000
2022-03-22 10:09:00,7150,7150,7150,7150,2900
2022-03-22 10:10:00,7150,7125,7150,7125,1000
2022-03-22 10:11:00,7150,7150,7150,7150,9400
2022-03-22 10:12:00,7150,7150,7150,7150,0
2022-03-22 10:13:00,7150,7150,7150,7150,700
2022-03-22 10:14:00,7150,7150,7150,7150,0
2022-03-22 10:15:00,7150,7150,7150,7150,200
2022-03-22 10:16:00,7150,7150,7150,7150,0
2022-03-22 10:17:00,7175,7150,7175,7150,2700
2022-03-22 10:18:00,7175,7150,7175,7150,0
2022-03-22 10:19:00,7150,7150,7150,7150,1100
2022-03-22 10:20:00,7150,7125,7150,7125,600
2022-03-22 10:21:00,7150,7150,7150,7150,900
2022-03-22 10:22:00,7150,7125,7150,7125,1600
2022-03-22 10:23:00,7125,7125,7150,7150,6300
2022-03-22 10:24:00,7125,7125,7125,7125,5100
2022-03-22 10:25:00,7125,7125,7125,7125,900
2022-03-22 10:26:00,7125,7125,7125,7125,1000
2022-03-22 10:27:00,7125,7125,7125,7125,1200
2022-03-22 10:28:00,7125,7125,7125,7125,200
2022-03-22 10:29:00,7125,7125,7125,7125,7900
2022-03-22 10:30:00,7125,7125,7125,7125,3500
2022-03-22 10:31:00,7125,7125,7125,7125,0
2022-03-22 10:32:00,7125,7125,7125,7125,2900
2022-03-22 10:33:00,7125,7125,7125,7125,1000
2022-03-22 10:34:00,7125,7125,7125,7125,7200
2022-03-22 10:35:00,7125,7125,7125,7125,800
2022-03-22 10:36:00,7125,7125,7125,7125,0
2022-03-22 10:37:00,7125,7125,7125,7125,200
2022-03-22 10:38:00,7125,7125,7125,7125,3300
2022-03-22 10:39:00,7125,7125,7125,7125,900
2022-03-22 10:40:00,7125,7125,7125,7125,2800
2022-03-22 10:41:00,7125,7125,7125,7125,900
2022-03-22 10:42:00,7150,7125,7150,7125,7800
2022-03-22 10:43:00,7150,7150,7150,7150,300
2022-03-22 10:44:00,7125,7100,7125,7100,127400
2022-03-22 10:45:00,7100,7100,7125,7125,8500
2022-03-22 10:46:00,7125,7100,7125,7100,5300
2022-03-22 10:47:00,7100,7100,7125,7125,10600
2022-03-22 10:48:00,7125,7125,7125,7125,200
2022-03-22 10:49:00,7125,7125,7125,7125,5100
2022-03-22 10:50:00,7125,7125,7150,7150,18300
2022-03-22 10:51:00,7125,7125,7150,7150,0
2022-03-22 10:52:00,7125,7125,7150,7150,0
2022-03-22 10:53:00,7150,7150,7175,7175,56900
2022-03-22 10:54:00,7150,7150,7175,7175,0
2022-03-22 10:55:00,7175,7175,7175,7175,1000
2022-03-22 10:56:00,7150,7150,7150,7150,200
2022-03-22 10:57:00,7150,7150,7150,7150,0
2022-03-22 10:58:00,7150,7150,7175,7175,1900
2022-03-22 10:59:00,7150,7150,7175,7175,0
2022-03-22 11:00:00,7150,7125,7150,7125,700
2022-03-22 11:01:00,7150,7125,7150,7125,0
2022-03-22 11:02:00,7125,7125,7175,7175,43400
2022-03-22 11:03:00,7125,7125,7175,7175,0
2022-03-22 11:04:00,7125,7125,7175,7175,0
2022-03-22 11:05:00,7125,7125,7125,7125,700
2022-03-22 11:06:00,7125,7125,7125,7125,0
2022-03-22 11:07:00,7125,7125,7150,7125,8800
2022-03-22 11:08:00,7150,7150,7175,7150,67500
2022-03-22 11:09:00,7150,7150,7175,7150,0
2022-03-22 11:10:00,7175,7175,7175,7175,600
2022-03-22 11:11:00,7175,7175,7175,7175,300
2022-03-22 11:12:00,7150,7150,7150,7150,900
2022-03-22 11:13:00,7175,7175,7175,7175,11700
2022-03-22 11:14:00,7175,7150,7175,7175,2700
2022-03-22 11:15:00,7150,7150,7175,7175,3100
2022-03-22 11:16:00,7175,7175,7175,7175,1600
2022-03-22 11:17:00,7175,7175,7175,7175,0
2022-03-22 11:18:00,7175,7175,7175,7175,200
2022-03-22 11:19:00,7150,7150,7175,7175,5900
2022-03-22 11:20:00,7175,7175,7175,7175,200
2022-03-22 11:21:00,7175,7150,7175,7150,2500
2022-03-22 11:22:00,7150,7150,7175,7175,1000
2022-03-22 11:23:00,7175,7150,7175,7175,3800
2022-03-22 11:24:00,7150,7150,7175,7175,4700
2022-03-22 11:25:00,7150,7150,7150,7150,30200
2022-03-22 11:26:00,7150,7150,7150,7150,1700
2022-03-22 11:27:00,7150,7150,7150,7150,2800
2022-03-22 11:28:00,7175,7150,7175,7150,3300
2022-03-22 11:29:00,7150,7150,7150,7150,2500
2022-03-22 11:30:00,7150,7150,7150,7150,0
2022-03-22 11:31:00,7150,7150,7150,7150,0
2022-03-22 11:32:00,7150,7150,7150,7150,0
2022-03-22 11:33:00,7150,7150,7150,7150,0
2022-03-22 11:34:00,7150,7150,7150,7150,0
2022-03-22 11:35:00,7150,7150,7150,7150,0
2022-03-22 11:36:00,7150,7150,7150,7150,0
2022-03-22 11:37:00,7150,7150,7150,7150,0
2022-03-22 11:38:00,7150,7150,7150,7150,0
2022-03-22 11:39:00,7150,7150,7150,7150,0
2022-03-22 11:40:00,7150,7150,7150,7150,0
2022-03-22 11:41:00,7150,7150,7150,7150,0
2022-03-22 11:42:00,7150,7150,7150,7150,0
2022-03-22 11:43:00,7150,7150,7150,7150,0
2022-03-22 11:44:00,7150,7150,7150,7150,0
2022-03-22 11:45:00,7150,7150,7150,7150,0
2022-03-22 11:46:00,7150,7150,7150,7150,0
2022-03-22 11:47:00,7150,7150,7150,7150,0
2022-03-22 11:48:00,7150,7150,7150,7150,0
2022-03-22 11:49:00,7150,7150,7150,7150,0
2022-03-22 11:50:00,7150,7150,7150,7150,0
2022-03-22 11:51:00,7150,7150,7150,7150,0
2022-03-22 11:52:00,7150,7150,7150,7150,0
2022-03-22 11:53:00,7150,7150,7150,7150,0
2022-03-22 11:54:00,7150,7150,7150,7150,0
2022-03-22 11:55:00,7150,7150,7150,7150,0
2022-03-22 11:56:00,7150,7150,7150,7150,0
2022-03-22 11:57:00,7150,7150,7150,7150,0
2022-03-22 11:58:00,7150,7150,7150,7150,0
2022-03-22 11:59:00,7150,7150,7150,7150,0
2022-03-22 12:00:00,7150,7150,7150,7150,0
2022-03-22 12:01:00,7150,7150,7150,7150,0
2022-03-22 12:02:00,7150,7150,7150,7150,0
2022-03-22 12:03:00,7150,7150,7150,7150,0
2022-03-22 12:04:00,7150,7150,7150,7150,0
2022-03-22 12:05:00,7150,7150,7150,7150,0
2022-03-22 12:06:00,7150,7150,7150,7150,0
2022-03-22 12:07:00,7150,7150,7150,7150,0
2022-03-22 12:08:00,7150,7150,7150,7150,0
2022-03-22 12:09:00,7150,7150,7150,7150,0
2022-03-22 12:10:00,7150,7150,7150,7150,0
2022-03-22 12:11:00,7150,7150,7150,7150,0
2022-03-22 12:12:00,7150,7150,7150,7150,0
2022-03-22 12:13:00,7150,7150,7150,7150,0
2022-03-22 12:14:00,7150,7150,7150,7150,0
2022-03-22 12:15:00,7150,7150,7150,7150,0
2022-03-22 12:16:00,7150,7150,7150,7150,0
2022-03-22 12:17:00,7150,7150,7150,7150,0
2022-03-22 12:18:00,7150,7150,7150,7150,0
2022-03-22 12:19:00,7150,7150,7150,7150,0
2022-03-22 12:20:00,7150,7150,7150,7150,0
2022-03-22 12:21:00,7150,7150,7150,7150,0
2022-03-22 12:22:00,7150,7150,7150,7150,0
2022-03-22 12:23:00,7150,7150,7150,7150,0
2022-03-22 12:24:00,7150,7150,7150,7150,0
2022-03-22 12:25:00,7150,7150,7150,7150,0
2022-03-22 12:26:00,7150,7150,7150,7150,0
2022-03-22 12:27:00,7150,7150,7150,7150,0
2022-03-22 12:28:00,7150,7150,7150,7150,0
2022-03-22 12:29:00,7150,7150,7150,7150,0
2022-03-22 12:30:00,7150,7150,7150,7150,0
2022-03-22 12:31:00,7150,7150,7150,7150,0
2022-03-22 12:32:00,7150,7150,7150,7150,0
2022-03-22 12:33:00,7150,7150,7150,7150,0
2022-03-22 12:34:00,7150,7150,7150,7150,0
2022-03-22 12:35:00,7150,7150,7150,7150,0
2022-03-22 12:36:00,7150,7150,7150,7150,0
2022-03-22 12:37:00,7150,7150,7150,7150,0
2022-03-22 12:38:00,7150,7150,7150,7150,0
2022-03-22 12:39:00,7150,7150,7150,7150,0
2022-03-22 12:40:00,7150,7150,7150,7150,0
2022-03-22 12:41:00,7150,7150,7150,7150,0
2022-03-22 12:42:00,7150,7150,7150,7150,0
2022-03-22 12:43:00,7150,7150,7150,7150,0
2022-03-22 12:44:00,7150,7150,7150,7150,0
2022-03-22 12:45:00,7150,7150,7150,7150,0
2022-03-22 12:46:00,7150,7150,7150,7150,0
2022-03-22 12:47:00,7150,7150,7150,7150,0
2022-03-22 12:48:00,7150,7150,7150,7150,0
2022-03-22 12:49:00,7150,7150,7150,7150,0
2022-03-22 12:50:00,7150,7150,7150,7150,0
2022-03-22 12:51:00,7150,7150,7150,7150,0
2022-03-22 12:52:00,7150,7150,7150,7150,0
2022-03-22 12:53:00,7150,7150,7150,7150,0
2022-03-22 12:54:00,7150,7150,7150,7150,0
2022-03-22 12:55:00,7150,7150,7150,7150,0
2022-03-22 12:56:00,7150,7150,7150,7150,0
2022-03-22 12:57:00,7150,7150,7150,7150,0
2022-03-22 12:58:00,7150,7150,7150,7150,0
2022-03-22 12:59:00,7150,7150,7150,7150,0
2022-03-22 13:00:00,7150,7150,7150,7150,0
2022-03-22 13:01:00,7150,7150,7150,7150,0
2022-03-22 13:02:00,7150,7150,7150,7150,0
2022-03-22 13:03:00,7150,7150,7150,7150,0
2022-03-22 13:04:00,7150,7150,7150,7150,0
2022-03-22 13:05:00,7150,7150,7150,7150,0
2022-03-22 13:06:00,7150,7150,7150,7150,0
2022-03-22 13:07:00,7150,7150,7150,7150,0
2022-03-22 13:08:00,7150,7150,7150,7150,0
2022-03-22 13:09:00,7150,7150,7150,7150,0
2022-03-22 13:10:00,7150,7150,7150,7150,0
2022-03-22 13:11:00,7150,7150,7150,7150,0
2022-03-22 13:12:00,7150,7150,7150,7150,0
2022-03-22 13:13:00,7150,7150,7150,7150,0
2022-03-22 13:14:00,7150,7150,7150,7150,0
2022-03-22 13:15:00,7150,7150,7150,7150,0
2022-03-22 13:16:00,7150,7150,7150,7150,0
2022-03-22 13:17:00,7150,7150,7150,7150,0
2022-03-22 13:18:00,7150,7150,7150,7150,0
2022-03-22 13:19:00,7150,7150,7150,7150,0
2022-03-22 13:20:00,7150,7150,7150,7150,0
2022-03-22 13:21:00,7150,7150,7150,7150,0
2022-03-22 13:22:00,7150,7150,7150,7150,0
2022-03-22 13:23:00,7150,7150,7150,7150,0
2022-03-22 13:24:00,7150,7150,7150,7150,0
2022-03-22 13:25:00,7150,7150,7150,7150,0
2022-03-22 13:26:00,7150,7150,7150,7150,0
2022-03-22 13:27:00,7150,7150,7150,7150,0
2022-03-22 13:28:00,7150,7150,7150,7150,0
2022-03-22 13:29:00,7150,7150,7150,7150,0
2022-03-22 13:30:00,7150,7150,7175,7150,17000
2022-03-22 13:31:00,7150,7150,7150,7150,900
2022-03-22 13:32:00,7150,7150,7150,7150,0
2022-03-22 13:33:00,7150,7150,7150,7150,0
2022-03-22 13:34:00,7150,7125,7150,7125,16800
2022-03-22 13:35:00,7125,7125,7125,7125,1100
2022-03-22 13:36:00,7125,7125,7125,7125,0
2022-03-22 13:37:00,7125,7125,7125,7125,8200
2022-03-22 13:38:00,7125,7125,7150,7125,14700
2022-03-22 13:39:00,7125,7125,7150,7125,0
2022-03-22 13:40:00,7125,7125,7125,7125,25200
2022-03-22 13:41:00,7125,7125,7125,7125,1800
2022-03-22 13:42:00,7125,7125,7125,7125,18700
2022-03-22 13:43:00,7125,7100,7125,7125,19000
2022-03-22 13:44:00,7125,7100,7125,7100,9300
2022-03-22 13:45:00,7100,7100,7125,7125,3200
2022-03-22 13:46:00,7125,7100,7125,7125,2400
2022-03-22 13:47:00,7125,7100,7125,7125,11900
2022-03-22 13:48:00,7125,7125,7150,7150,16100
2022-03-22 13:49:00,7150,7150,7150,7150,100
2022-03-22 13:50:00,7150,7150,7150,7150,0
2022-03-22 13:51:00,7150,7150,7150,7150,500
2022-03-22 13:52:00,7150,7125,7150,7125,6400
2022-03-22 13:53:00,7150,7125,7150,7125,0
2022-03-22 13:54:00,7125,7125,7150,7150,3200
2022-03-22 13:55:00,7125,7125,7150,7150,0
2022-03-22 13:56:00,7125,7125,7125,7125,10500
2022-03-22 13:57:00,7125,7125,7125,7125,2500
2022-03-22 13:58:00,7125,7125,7150,7125,3500
2022-03-22 13:59:00,7150,7125,7150,7125,3400
2022-03-22 14:00:00,7150,7125,7150,7125,0
2022-03-22 14:01:00,7150,7125,7150,7125,0
2022-03-22 14:02:00,7125,7100,7150,7125,67400
2022-03-22 14:03:00,7100,7100,7125,7125,3300
2022-03-22 14:04:00,7100,7100,7125,7100,8900
2022-03-22 14:05:00,7125,7100,7125,7125,5800
2022-03-22 14:06:00,7125,7100,7125,7125,0
2022-03-22 14:07:00,7100,7100,7125,7125,13300
2022-03-22 14:08:00,7125,7125,7125,7125,100
2022-03-22 14:09:00,7125,7125,7125,7125,500
2022-03-22 14:10:00,7100,7100,7100,7100,100
2022-03-22 14:11:00,7100,7100,7100,7100,0
2022-03-22 14:12:00,7100,7100,7125,7125,1700
2022-03-22 14:13:00,7100,7100,7125,7125,66000
2022-03-22 14:14:00,7150,7150,7175,7150,18600
2022-03-22 14:15:00,7125,7125,7175,7175,15700
2022-03-22 14:16:00,7150,7150,7150,7150,2700
2022-03-22 14:17:00,7150,7125,7150,7125,600
2022-03-22 14:18:00,7125,7125,7150,7150,1600
2022-03-22 14:19:00,7150,7150,7150,7150,1000
2022-03-22 14:20:00,7150,7150,7150,7150,200
2022-03-22 14:21:00,7150,7150,7150,7150,1100
2022-03-22 14:22:00,7125,7125,7125,7125,100
2022-03-22 14:23:00,7125,7125,7150,7150,8000
2022-03-22 14:24:00,7150,7150,7150,7150,300
2022-03-22 14:25:00,7150,7150,7150,7150,2100
2022-03-22 14:26:00,7150,7150,7150,7150,2600
2022-03-22 14:27:00,7150,7150,7150,7150,0
2022-03-22 14:28:00,7125,7125,7150,7150,7800
2022-03-22 14:29:00,7125,7125,7125,7125,800
2022-03-22 14:30:00,7150,7150,7150,7150,100
2022-03-22 14:31:00,7125,7125,7150,7125,31100
2022-03-22 14:32:00,7125,7125,7125,7125,4400
2022-03-22 14:33:00,7125,7125,7125,7125,2200
2022-03-22 14:34:00,7125,7125,7125,7125,8400
2022-03-22 14:35:00,7125,7125,7125,7125,6300
2022-03-22 14:36:00,7125,7125,7125,7125,1300
2022-03-22 14:37:00,7125,7125,7125,7125,2800
2022-03-22 14:38:00,7125,7125,7125,7125,1800
2022-03-22 14:39:00,7125,7125,7125,7125,5200
2022-03-22 14:40:00,7125,7125,7150,7125,34000
2022-03-22 14:41:00,7125,7125,7150,7125,17200
2022-03-22 14:42:00,7125,7125,7125,7125,47300
2022-03-22 14:43:00,7125,7100,7125,7100,25500
2022-03-22 14:44:00,7100,7100,7125,7100,4900
2022-03-22 14:45:00,7100,7100,7125,7100,12800
2022-03-22 14:46:00,7100,7100,7125,7100,44800
2022-03-22 14:47:00,7125,7100,7125,7125,24300
2022-03-22 14:48:00,7100,7100,7125,7125,107800
2022-03-22 14:49:00,7125,7125,7125,7125,7900
2022-03-22 14:50:00,7125,7125,7125,7125,0
2022-03-22 14:51:00,7125,7125,7125,7125,0
2022-03-22 14:52:00,7125,7125,7125,7125,0
2022-03-22 14:53:00,7125,7125,7125,7125,0
2022-03-22 14:54:00,7125,7125,7125,7125,0
2022-03-22 14:55:00,7125,7125,7125,7125,0
2022-03-22 14:56:00,7125,7125,7125,7125,0
2022-03-22 14:57:00,7125,7125,7125,7125,0
2022-03-22 14:58:00,7125,7125,7125,7125,0
2022-03-22 14:59:00,7125,7125,7125,7125,0
2022-03-22 15:00:00,7125,7125,7125,7125,81400
2022-03-22 15:01:00,7125,7125,7125,7125,0
2022-03-22 15:02:00,7125,7125,7125,7125,50000
2022-03-22 15:03:00,7125,7125,7125,7125,0
2022-03-22 15:04:00,7125,7125,7125,7125,0
2022-03-22 15:05:00,7125,7125,7125,7125,0
2022-03-22 15:06:00,7125,7125,7125,7125,0
2022-03-22 15:07:00,7125,7125,7125,7125,300
2022-03-22 15:08:00,7125,7125,7125,7125,200
2022-03-22 15:09:00,7125,7125,7125,7125,1400
2022-03-22 15:10:00,7125,7125,7125,7125,0
2022-03-22 15:11:00,7125,7125,7125,7125,0
2022-03-22 15:12:00,7125,7125,7125,7125,100
2022-03-22 15:13:00,7125,7125,7125,7125,500
2022-03-22 15:14:00,7125,7125,7125,7125,0
2022-03-22 15:15:00,7125,7125,7125,7125,0
2022-03-22 15:16:00,7125,7125,7125,7125,0
2022-03-22 15:17:00,7125,7125,7125,7125,0
2022-03-22 15:18:00,7125,7125,7125,7125,0
2022-03-22 15:19:00,7125,7125,7125,7125,0
2022-03-22 15:20:00,7125,7125,7125,7125,0
2022-03-22 15:21:00,7125,7125,7125,7125,0
2022-03-22 15:22:00,7125,7125,7125,7125,0
2022-03-22 15:23:00,7125,7125,7125,7125,0
2022-03-22 15:24:00,7125,7125,7125,7125,0
2022-03-22 15:25:00,7125,7125,7125,7125,0
2022-03-22 15:26:00,7125,7125,7125,7125,0
2022-03-22 15:27:00,7125,7125,7125,7125,0
2022-03-22 15:28:00,7125,7125,7125,7125,0
2022-03-22 15:29:00,7125,7125,7125,7125,0
2022-03-22 15:30:00,7125,7125,7125,7125,0
2022-03-22 15:31:00,7125,7125,7125,7125,0
2022-03-22 15:32:00,7125,7125,7125,7125,0
2022-03-22 15:33:00,7125,7125,7125,7125,0
2022-03-22 15:34:00,7125,7125,7125,7125,0
2022-03-22 15:35:00,7125,7125,7125,7125,0
2022-03-22 15:36:00,7125,7125,7125,7125,0
2022-03-22 15:37:00,7125,7125,7125,7125,0
2022-03-22 15:38:00,7125,7125,7125,7125,0
2022-03-22 15:39:00,7125,7125,7125,7125,0
2022-03-22 15:40:00,7125,7125,7125,7125,0
2022-03-22 15:41:00,7125,7125,7125,7125,0
2022-03-22 15:42:00,7125,7125,7125,7125,0
2022-03-22 15:43:00,7125,7125,7125,7125,0
2022-03-22 15:44:00,7125,7125,7125,7125,0
2022-03-22 15:45:00,7125,7125,7125,7125,0
2022-03-22 15:46:00,7125,7125,7125,7125,0
2022-03-22 15:47:00,7125,7125,7125,7125,0
2022-03-22 15:48:00,7125,7125,7125,7125,0
2022-03-22 15:49:00,7125,7125,7125,7125,0
2022-03-22 15:50:00,7125,7125,7125,7125,0
2022-03-22 15:51:00,7125,7125,7125,7125,0
2022-03-22 15:52:00,7125,7125,7125,7125,0
2022-03-22 15:53:00,7125,7125,7125,7125,0
2022-03-22 15:54:00,7125,7125,7125,7125,0
2022-03-22 15:55:00,7125,7125,7125,7125,0
2022-03-22 15:56:00,7125,7125,7125,7125,0
2022-03-22 15:57:00,7125,7125,7125,7125,0
2022-03-22 15:58:00,7125,7125,7125,7125,0
2022-03-22 15:59:00,7125,7125,7125,7125,0
2022-03-23 09:00:00,7175,7175,7175,7175,10300
2022-03-23 09:01:00,7175,7175,7175,7175,200
2022-03-23 09:02:00,7175,7175,7200,7200,200
2022-03-23 09:03:00,7200,7200,7225,7225,32500
2022-03-23 09:04:00,7225,7225,7250,7225,21300
2022-03-23 09:05:00,7225,7225,7250,7225,57400
2022-03-23 09:06:00,7225,7225,7250,7250,17900
2022-03-23 09:07:00,7225,7225,7250,7225,19300
2022-03-23 09:08:00,7225,7225,7250,7250,23100
2022-03-23 09:09:00,7250,7225,7250,7250,55500
2022-03-23 09:10:00,7250,7250,7250,7250,18700
2022-03-23 09:11:00,7275,7250,7275,7250,55600
2022-03-23 09:12:00,7275,7250,7275,7275,11100
2022-03-23 09:13:00,7275,7250,7275,7250,2200
2022-03-23 09:14:00,7250,7250,7250,7250,12400
2022-03-23 09:15:00,7250,7250,7250,7250,17500
2022-03-23 09:16:00,7250,7250,7250,7250,13500
2022-03-23 09:17:00,7225,7225,7250,7250,700
2022-03-23 09:18:00,7250,7225,7275,7250,17100
2022-03-23 09:19:00,7250,7250,7275,7275,300
2022-03-23 09:20:00,7275,7275,7275,7275,51000
2022-03-23 09:21:00,7275,7250,7275,7250,10300
2022-03-23 09:22:00,7250,7250,7250,7250,49400
2022-03-23 09:23:00,7250,7225,7250,7225,600
2022-03-23 09:24:00,7225,7225,7250,7250,23000
2022-03-23 09:25:00,7250,7250,7250,7250,5700
2022-03-23 09:26:00,7250,7250,7250,7250,1300
2022-03-23 09:27:00,7225,7225,7250,7250,3200
2022-03-23 09:28:00,7250,7225,7250,7225,29500
2022-03-23 09:29:00,7225,7225,7225,7225,28900
2022-03-23 09:30:00,7200,7200,7200,7200,1300
2022-03-23 09:31:00,7200,7200,7200,7200,1500
2022-03-23 09:32:00,7200,7200,7225,7225,20000
2022-03-23 09:33:00,7200,7200,7225,7200,6100
2022-03-23 09:34:00,7225,7200,7225,7225,3400
2022-03-23 09:35:00,7225,7225,7225,7225,61300
2022-03-23 09:36:00,7225,7225,7250,7250,4200
2022-03-23 09:37:00,7250,7225,7250,7250,14700
2022-03-23 09:38:00,7250,7225,7250,7250,5500
2022-03-23 09:39:00,7250,7225,7250,7250,6800
2022-03-23 09:40:00,7250,7225,7250,7250,16700
2022-03-23 09:41:00,7225,7225,7250,7250,1600
2022-03-23 09:42:00,7250,7225,7250,7250,2700
2022-03-23 09:43:00,7250,7225,7250,7225,1500
2022-03-23 09:44:00,7225,7225,7225,7225,1300
2022-03-23 09:45:00,7225,7225,7225,7225,1000
2022-03-23 09:46:00,7225,7225,7250,7250,52800
2022-03-23 09:47:00,7225,7225,7225,7225,2500
2022-03-23 09:48:00,7225,7200,7225,7200,59300
2022-03-23 09:49:00,7225,7225,7225,7225,9800
2022-03-23 09:50:00,7225,7225,7250,7250,2700
2022-03-23 09:51:00,7250,7225,7250,7225,1400
2022-03-23 09:52:00,7225,7225,7225,7225,1300
2022-03-23 09:53:00,7225,7200,7225,7225,18100
2022-03-23 09:54:00,7200,7200,7200,7200,1000
2022-03-23 09:55:00,7200,7200,7200,7200,1100
2022-03-23 09:56:00,7200,7175,7200,7200,94800
2022-03-23 09:57:00,7200,7200,7200,7200,309300
2022-03-23 09:58:00,7200,7200,7200,7200,1100
2022-03-23 09:59:00,7200,7200,7200,7200,1000
2022-03-23 10:00:00,7200,7200,7200,7200,1000
2022-03-23 10:01:00,7225,7200,7225,7200,3400
2022-03-23 10:02:00,7200,7200,7200,7200,1000
2022-03-23 10:03:00,7200,7200,7200,7200,900
2022-03-23 10:04:00,7225,7200,7225,7200,10900
2022-03-23 10:05:00,7200,7200,7200,7200,51900
2022-03-23 10:06:00,7200,7200,7200,7200,4200
2022-03-23 10:07:00,7200,7200,7200,7200,1000
2022-03-23 10:08:00,7200,7200,7200,7200,1500
2022-03-23 10:09:00,7200,7200,7200,7200,5900
2022-03-23 10:10:00,7200,7200,7200,7200,1300
2022-03-23 10:11:00,7200,7200,7200,7200,1000
2022-03-23 10:12:00,7200,7200,7200,7200,7200
2022-03-23 10:13:00,7200,7200,7200,7200,2500
2022-03-23 10:14:00,7200,7200,7200,7200,1500
2022-03-23 10:15:00,7200,7175,7200,7175,1800
2022-03-23 10:16:00,7200,7175,7200,7200,2200
2022-03-23 10:17:00,7200,7200,7200,7200,2600
2022-03-23 10:18:00,7225,7200,7225,7200,800
2022-03-23 10:19:00,7200,7200,7200,7200,700
2022-03-23 10:20:00,7200,7200,7225,7225,900
2022-03-23 10:21:00,7200,7200,7225,7225,1700
2022-03-23 10:22:00,7200,7200,7200,7200,700
2022-03-23 10:23:00,7200,7200,7200,7200,11400
2022-03-23 10:24:00,7200,7200,7200,7200,1400
2022-03-23 10:25:00,7200,7200,7200,7200,1500
2022-03-23 10:26:00,7200,7200,7200,7200,1500
2022-03-23 10:27:00,7200,7200,7200,7200,900
2022-03-23 10:28:00,7200,7200,7200,7200,600
2022-03-23 10:29:00,7200,7200,7200,7200,700
2022-03-23 10:30:00,7200,7200,7200,7200,700
2022-03-23 10:31:00,7200,7200,7200,7200,800
2022-03-23 10:32:00,7200,7200,7200,7200,700
2022-03-23 10:33:00,7200,7200,7200,7200,700
2022-03-23 10:34:00,7200,7200,7200,7200,700
2022-03-23 10:35:00,7200,7200,7200,7200,700
2022-03-23 10:36:00,7200,7200,7200,7200,600
2022-03-23 10:37:00,7200,7200,7200,7200,700
2022-03-23 10:38:00,7200,7200,7200,7200,600
2022-03-23 10:39:00,7200,7200,7200,7200,700
2022-03-23 10:40:00,7200,7200,7225,7200,2700
2022-03-23 10:41:00,7225,7200,7225,7225,21100
2022-03-23 10:42:00,7200,7200,7225,7225,5000
2022-03-23 10:43:00,7225,7200,7225,7200,11600
2022-03-23 10:44:00,7200,7200,7200,7200,700
2022-03-23 10:45:00,7200,7200,7200,7200,900
2022-03-23 10:46:00,7200,7200,7225,7225,27200
2022-03-23 10:47:00,7250,7225,7250,7225,3900
2022-03-23 10:48:00,7250,7250,7250,7250,81100
2022-03-23 10:49:00,7250,7250,7250,7250,3200
2022-03-23 10:50:00,7250,7250,7250,7250,1800
2022-03-23 10:51:00,7275,7250,7275,7275,21800
2022-03-23 10:52:00,7275,7250,7275,7275,8300
2022-03-23 10:53:00,7250,7250,7275,7250,4700
2022-03-23 10:54:00,7275,7250,7275,7250,71000
2022-03-23 10:55:00,7250,7250,7250,7250,24800
2022-03-23 10:56:00,7225,7225,7225,7225,800
2022-03-23 10:57:00,7225,7225,7225,7225,1000
2022-03-23 10:58:00,7225,7225,7225,7225,900
2022-03-23 10:59:00,7225,7225,7250,7250,5500
2022-03-23 11:00:00,7225,7225,7250,7225,3100
2022-03-23 11:01:00,7225,7225,7225,7225,900
2022-03-23 11:02:00,7225,7225,7225,7225,3000
2022-03-23 11:03:00,7225,7225,7225,7225,900
2022-03-23 11:04:00,7250,7225,7250,7250,16300
2022-03-23 11:05:00,7225,7225,7225,7225,15900
2022-03-23 11:06:00,7225,7225,7250,7250,1200
2022-03-23 11:07:00,7225,7225,7225,7225,800
2022-03-23 11:08:00,7225,7225,7225,7225,2500
2022-03-23 11:09:00,7225,7225,7225,7225,1600
2022-03-23 11:10:00,7225,7225,7225,7225,800
2022-03-23 11:11:00,7225,7225,7225,7225,900
2022-03-23 11:12:00,7225,7225,7225,7225,1000
2022-03-23 11:13:00,7225,7225,7225,7225,800
2022-03-23 11:14:00,7225,7200,7225,7200,22100
2022-03-23 11:15:00,7200,7200,7200,7200,600
2022-03-23 11:16:00,7200,7200,7200,7200,900
2022-03-23 11:17:00,7200,7200,7200,7200,800
2022-03-23 11:18:00,7200,7200,7225,7225,1300
2022-03-23 11:19:00,7225,7200,7225,7200,6900
2022-03-23 11:20:00,7200,7200,7200,7200,2400
2022-03-23 11:21:00,7200,7200,7225,7225,800
2022-03-23 11:22:00,7200,7200,7225,7200,1100
2022-03-23 11:23:00,7200,7200,7200,7200,600
2022-03-23 11:24:00,7200,7200,7225,7225,1800
2022-03-23 11:25:00,7225,7200,7225,7200,3300
2022-03-23 11:26:00,7225,7225,7225,7225,2400
2022-03-23 11:27:00,7200,7200,7200,7200,500
2022-03-23 11:28:00,7225,7200,7225,7200,800
2022-03-23 11:29:00,7200,7200,7200,7200,500
2022-03-23 11:30:00,7200,7200,7200,7200,0
2022-03-23 11:31:00,7200,7200,7200,7200,0
2022-03-23 11:32:00,7200,7200,7200,7200,0
2022-03-23 11:33:00,7200,7200,7200,7200,0
2022-03-23 11:34:00,7200,7200,7200,7200,0
2022-03-23 11:35:00,7200,7200,7200,7200,0
2022-03-23 11:36:00,7200,7200,7200,7200,0
2022-03-23 11:37:00,7200,7200,7200,7200,0
2022-03-23 11:38:00,7200,7200,7200,7200,0
2022-03-23 11:39:00,7200,7200,7200,7200,0
2022-03-23 11:40:00,7200,7200,7200,7200,0
2022-03-23 11:41:00,7200,7200,7200,7200,0
2022-03-23 11:42:00,7200,7200,7200,7200,0
2022-03-23 11:43:00,7200,7200,7200,7200,0
2022-03-23 11:44:00,7200,7200,7200,7200,0
2022-03-23 11:45:00,7200,7200,7200,7200,0
2022-03-23 11:46:00,7200,7200,7200,7200,0
2022-03-23 11:47:00,7200,7200,7200,7200,0
2022-03-23 11:48:00,7200,7200,7200,7200,0
2022-03-23 11:49:00,7200,7200,7200,7200,0
2022-03-23 11:50:00,7200,7200,7200,7200,0
2022-03-23 11:51:00,7200,7200,7200,7200,0
2022-03-23 11:52:00,7200,7200,7200,7200,0
2022-03-23 11:53:00,7200,7200,7200,7200,0
2022-03-23 11:54:00,7200,7200,7200,7200,0
2022-03-23 11:55:00,7200,7200,7200,7200,0
2022-03-23 11:56:00,7200,7200,7200,7200,0
2022-03-23 11:57:00,7200,7200,7200,7200,0
2022-03-23 11:58:00,7200,7200,7200,7200,0
2022-03-23 11:59:00,7200,7200,7200,7200,0
2022-03-23 12:00:00,7200,7200,7200,7200,0
2022-03-23 12:01:00,7200,7200,7200,7200,0
2022-03-23 12:02:00,7200,7200,7200,7200,0
2022-03-23 12:03:00,7200,7200,7200,7200,0
2022-03-23 12:04:00,7200,7200,7200,7200,0
2022-03-23 12:05:00,7200,7200,7200,7200,0
2022-03-23 12:06:00,7200,7200,7200,7200,0
2022-03-23 12:07:00,7200,7200,7200,7200,0
2022-03-23 12:08:00,7200,7200,7200,7200,0
2022-03-23 12:09:00,7200,7200,7200,7200,0
2022-03-23 12:10:00,7200,7200,7200,7200,0
2022-03-23 12:11:00,7200,7200,7200,7200,0
2022-03-23 12:12:00,7200,7200,7200,7200,0
2022-03-23 12:13:00,7200,7200,7200,7200,0
2022-03-23 12:14:00,7200,7200,7200,7200,0
2022-03-23 12:15:00,7200,7200,7200,7200,0
2022-03-23 12:16:00,7200,7200,7200,7200,0
2022-03-23 12:17:00,7200,7200,7200,7200,0
2022-03-23 12:18:00,7200,7200,7200,7200,0
2022-03-23 12:19:00,7200,7200,7200,7200,0
2022-03-23 12:20:00,7200,7200,7200,7200,0
2022-03-23 12:21:00,7200,7200,7200,7200,0
2022-03-23 12:22:00,7200,7200,7200,7200,0
2022-03-23 12:23:00,7200,7200,7200,7200,0
2022-03-23 12:24:00,7200,7200,7200,7200,0
2022-03-23 12:25:00,7200,7200,7200,7200,0
2022-03-23 12:26:00,7200,7200,7200,7200,0
2022-03-23 12:27:00,7200,7200,7200,7200,0
2022-03-23 12:28:00,7200,7200,7200,7200,0
2022-03-23 12:29:00,7200,7200,7200,7200,0
2022-03-23 12:30:00,7200,7200,7200,7200,0
2022-03-23 12:31:00,7200,7200,7200,7200,0
2022-03-23 12:32:00,7200,7200,7200,7200,0
2022-03-23 12:33:00,7200,7200,7200,7200,0
2022-03-23 12:34:00,7200,7200,7200,7200,0
2022-03-23 12:35:00,7200,7200,7200,7200,0
2022-03-23 12:36:00,7200,7200,7200,7200,0
2022-03-23 12:37:00,7200,7200,7200,7200,0
2022-03-23 12:38:00,7200,7200,7200,7200,0
2022-03-23 12:39:00,7200,7200,7200,7200,0
2022-03-23 12:40:00,7200,7200,7200,7200,0
2022-03-23 12:41:00,7200,7200,7200,7200,0
2022-03-23 12:42:00,7200,7200,7200,7200,0
2022-03-23 12:43:00,7200,7200,7200,7200,0
2022-03-23 12:44:00,7200,7200,7200,7200,0
2022-03-23 12:45:00,7200,7200,7200,7200,0
2022-03-23 12:46:00,7200,7200,7200,7200,0
2022-03-23 12:47:00,7200,7200,7200,7200,0
2022-03-23 12:48:00,7200,7200,7200,7200,0
2022-03-23 12:49:00,7200,7200,7200,7200,0
2022-03-23 12:50:00,7200,7200,7200,7200,0
2022-03-23 12:51:00,7200,7200,7200,7200,0
2022-03-23 12:52:00,7200,7200,7200,7200,0
2022-03-23 12:53:00,7200,7200,7200,7200,0
2022-03-23 12:54:00,7200,7200,7200,7200,0
2022-03-23 12:55:00,7200,7200,7200,7200,0
2022-03-23 12:56:00,7200,7200,7200,7200,0
2022-03-23 12:57:00,7200,7200,7200,7200,0
2022-03-23 12:58:00,7200,7200,7200,7200,0
2022-03-23 12:59:00,7200,7200,7200,7200,0
2022-03-23 13:00:00,7200,7200,7200,7200,0
2022-03-23 13:01:00,7200,7200,7200,7200,0
2022-03-23 13:02:00,7200,7200,7200,7200,0
2022-03-23 13:03:00,7200,7200,7200,7200,0
2022-03-23 13:04:00,7200,7200,7200,7200,0
2022-03-23 13:05:00,7200,7200,7200,7200,0
2022-03-23 13:06:00,7200,7200,7200,7200,0
2022-03-23 13:07:00,7200,7200,7200,7200,0
2022-03-23 13:08:00,7200,7200,7200,7200,0
2022-03-23 13:09:00,7200,7200,7200,7200,0
2022-03-23 13:10:00,7200,7200,7200,7200,0
2022-03-23 13:11:00,7200,7200,7200,7200,0
2022-03-23 13:12:00,7200,7200,7200,7200,0
2022-03-23 13:13:00,7200,7200,7200,7200,0
2022-03-23 13:14:00,7200,7200,7200,7200,0
2022-03-23 13:15:00,7200,7200,7200,7200,0
2022-03-23 13:16:00,7200,7200,7200,7200,0
2022-03-23 13:17:00,7200,7200,7200,7200,0
2022-03-23 13:18:00,7200,7200,7200,7200,0
2022-03-23 13:19:00,7200,7200,7200,7200,0
2022-03-23 13:20:00,7200,7200,7200,7200,0
2022-03-23 13:21:00,7200,7200,7200,7200,0
2022-03-23 13:22:00,7200,7200,7200,7200,0
2022-03-23 13:23:00,7200,7200,7200,7200,0
2022-03-23 13:24:00,7200,7200,7200,7200,0
2022-03-23 13:25:00,7200,7200,7200,7200,0
2022-03-23 13:26:00,7200,7200,7200,7200,0
2022-03-23 13:27:00,7200,7200,7200,7200,0
2022-03-23 13:28:00,7200,7200,7200,7200,0
2022-03-23 13:29:00,7200,7200,7200,7200,0
2022-03-23 13:30:00,7225,7200,7225,7200,7800
2022-03-23 13:31:00,7200,7200,7200,7200,4900
2022-03-23 13:32:00,7200,7200,7200,7200,0
2022-03-23 13:33:00,7200,7200,7225,7200,4100
2022-03-23 13:34:00,7200,7200,7200,7200,1300
2022-03-23 13:35:00,7200,7200,7200,7200,1500
2022-03-23 13:36:00,7200,7200,7200,7200,1400
2022-03-23 13:37:00,7200,7200,7200,7200,1900
2022-03-23 13:38:00,7200,7200,7200,7200,4800
2022-03-23 13:39:00,7200,7200,7200,7200,1600
2022-03-23 13:40:00,7225,7225,7225,7225,1300
2022-03-23 13:41:00,7200,7200,7225,7225,3100
2022-03-23 13:42:00,7200,7200,7200,7200,2000
2022-03-23 13:43:00,7225,7200,7225,7200,2000
2022-03-23 13:44:00,7200,7200,7225,7225,600
2022-03-23 13:45:00,7200,7200,7200,7200,2400
2022-03-23 13:46:00,7200,7200,7200,7200,0
2022-03-23 13:47:00,7200,7200,7200,7200,1000
2022-03-23 13:48:00,7200,7200,7200,7200,2200
2022-03-23 13:49:00,7200,7200,7200,7200,1200
2022-03-23 13:50:00,7200,7200,7225,7225,1000
2022-03-23 13:51:00,7200,7200,7200,7200,2300
2022-03-23 13:52:00,7200,7200,7200,7200,16100
2022-03-23 13:53:00,7200,7200,7200,7200,1300
2022-03-23 13:54:00,7200,7175,7200,7175,83600
2022-03-23 13:55:00,7175,7175,7200,7175,1500
2022-03-23 13:56:00,7175,7175,7200,7175,0
2022-03-23 13:57:00,7175,7175,7175,7175,2100
2022-03-23 13:58:00,7175,7175,7175,7175,1000
2022-03-23 13:59:00,7175,7175,7175,7175,0
2022-03-23 14:00:00,7175,7175,7175,7175,2100
2022-03-23 14:01:00,7175,7175,7175,7175,2100
2022-03-23 14:02:00,7175,7175,7175,7175,1000
2022-03-23 14:03:00,7175,7175,7200,7175,2000
2022-03-23 14:04:00,7175,7175,7175,7175,1900
2022-03-23 14:05:00,7175,7175,7175,7175,1000
2022-03-23 14:06:00,7175,7175,7175,7175,1000
2022-03-23 14:07:00,7175,7175,7175,7175,1800
2022-03-23 14:08:00,7175,7175,7175,7175,1200
2022-03-23 14:09:00,7200,7175,7200,7175,1200
2022-03-23 14:10:00,7175,7175,7200,7175,2800
2022-03-23 14:11:00,7175,7175,7200,7175,1500
2022-03-23 14:12:00,7175,7175,7175,7175,1100
2022-03-23 14:13:00,7175,7175,7175,7175,1100
2022-03-23 14:14:00,7175,7175,7175,7175,1100
2022-03-23 14:15:00,7175,7175,7175,7175,1100
2022-03-23 14:16:00,7175,7175,7175,7175,1100
2022-03-23 14:17:00,7175,7175,7200,7175,2200
2022-03-23 14:18:00,7175,7175,7175,7175,1200
2022-03-23 14:19:00,7175,7175,7175,7175,1200
2022-03-23 14:20:00,7175,7175,7175,7175,0
2022-03-23 14:21:00,7175,7175,7200,7175,1800
2022-03-23 14:22:00,7175,7175,7200,7175,2900
2022-03-23 14:23:00,7175,7175,7175,7175,100
2022-03-23 14:24:00,7175,7175,7200,7200,1300
2022-03-23 14:25:00,7175,7175,7175,7175,1200
2022-03-23 14:26:00,7175,7175,7175,7175,1200
2022-03-23 14:27:00,7175,7175,7200,7175,1900
2022-03-23 14:28:00,7175,7175,7175,7175,6200
2022-03-23 14:29:00,7175,7175,7200,7200,1400
2022-03-23 14:30:00,7175,7175,7175,7175,1000
2022-03-23 14:31:00,7175,7175,7200,7200,4400
2022-03-23 14:32:00,7175,7175,7200,7200,6900
2022-03-23 14:33:00,7175,7175,7200,7200,22500
2022-03-23 14:34:00,7175,7175,7200,7200,3300
2022-03-23 14:35:00,7200,7200,7200,7200,1500
2022-03-23 14:36:00,7200,7200,7200,7200,5900
2022-03-23 14:37:00,7200,7200,7200,7200,2600
2022-03-23 14:38:00,7200,7200,7200,7200,6500
2022-03-23 14:39:00,7200,7200,7200,7200,100
2022-03-23 14:40:00,7200,7200,7200,7200,0
2022-03-23 14:41:00,7200,7200,7200,7200,1300
2022-03-23 14:42:00,7200,7200,7225,7225,7600
2022-03-23 14:43:00,7225,7225,7225,7225,2500
2022-03-23 14:44:00,7225,7225,7225,7225,0
2022-03-23 14:45:00,7225,7200,7225,7225,8700
2022-03-23 14:46:00,7225,7200,7225,7200,47800
2022-03-23 14:47:00,7200,7200,7225,7200,10400
2022-03-23 14:48:00,7200,7200,7200,7200,3100
2022-03-23 14:49:00,7200,7200,7200,7200,2900
2022-03-23 14:50:00,7200,7200,7200,7200,0
2022-03-23 14:51:00,7200,7200,7200,7200,0
2022-03-23 14:52:00,7200,7200,7200,7200,0
2022-03-23 14:53:00,7200,7200,7200,7200,0
2022-03-23 14:54:00,7200,7200,7200,7200,0
2022-03-23 14:55:00,7200,7200,7200,7200,0
2022-03-23 14:56:00,7200,7200,7200,7200,0
2022-03-23 14:57:00,7200,7200,7200,7200,0
2022-03-23 14:58:00,7200,7200,7200,7200,0
2022-03-23 14:59:00,7200,7200,7200,7200,0
2022-03-23 15:00:00,7200,7200,7200,7200,113300
2022-03-23 15:01:00,7200,7200,7200,7200,14800
2022-03-23 15:02:00,7200,7200,7200,7200,500
2022-03-23 15:03:00,7200,7200,7200,7200,12500
2022-03-23 15:04:00,7200,7200,7200,7200,24500
2022-03-23 15:05:00,7200,7200,7200,7200,1500
2022-03-23 15:06:00,7200,7200,7200,7200,1300
2022-03-23 15:07:00,7200,7200,7200,7200,1200
2022-03-23 15:08:00,7200,7200,7200,7200,19400
2022-03-23 15:09:00,7200,7200,7200,7200,0
2022-03-23 15:10:00,7200,7200,7200,7200,0
2022-03-23 15:11:00,7200,7200,7200,7200,6300
2022-03-23 15:12:00,7200,7200,7200,7200,0
2022-03-23 15:13:00,7200,7200,7200,7200,0
2022-03-23 15:14:00,7200,7200,7200,7200,0
2022-03-23 15:15:00,7200,7200,7200,7200,0
2022-03-23 15:16:00,7200,7200,7200,7200,0
2022-03-23 15:17:00,7200,7200,7200,7200,0
2022-03-23 15:18:00,7200,7200,7200,7200,0
2022-03-23 15:19:00,7200,7200,7200,7200,0
2022-03-23 15:20:00,7200,7200,7200,7200,0
2022-03-23 15:21:00,7200,7200,7200,7200,0
2022-03-23 15:22:00,7200,7200,7200,7200,0
2022-03-23 15:23:00,7200,7200,7200,7200,0
2022-03-23 15:24:00,7200,7200,7200,7200,0
2022-03-23 15:25:00,7200,7200,7200,7200,0
2022-03-23 15:26:00,7200,7200,7200,7200,0
2022-03-23 15:27:00,7200,7200,7200,7200,0
2022-03-23 15:28:00,7200,7200,7200,7200,0
2022-03-23 15:29:00,7200,7200,7200,7200,0
2022-03-23 15:30:00,7200,7200,7200,7200,0
2022-03-23 15:31:00,7200,7200,7200,7200,0
2022-03-23 15:32:00,7200,7200,7200,7200,0
2022-03-23 15:33:00,7200,7200,7200,7200,0
2022-03-23 15:34:00,7200,7200,7200,7200,0
2022-03-23 15:35:00,7200,7200,7200,7200,0
2022-03-23 15:36:00,7200,7200,7200,7200,0
2022-03-23 15:37:00,7200,7200,7200,7200,0
2022-03-23 15:38:00,7200,7200,7200,7200,0
2022-03-23 15:39:00,7200,7200,7200,7200,0
2022-03-23 15:40:00,7200,7200,7200,7200,0
2022-03-23 15:41:00,7200,7200,7200,7200,0
2022-03-23 15:42:00,7200,7200,7200,7200,0
2022-03-23 15:43:00,7200,7200,7200,7200,0
2022-03-23 15:44:00,7200,7200,7200,7200,0
2022-03-23 15:45:00,7200,7200,7200,7200,0
2022-03-23 15:46:00,7200,7200,7200,7200,0
2022-03-23 15:47:00,7200,7200,7200,7200,0
2022-03-23 15:48:00,7200,7200,7200,7200,0
2022-03-23 15:49:00,7200,7200,7200,7200,0
2022-03-23 15:50:00,7200,7200,7200,7200,0
2022-03-23 15:51:00,7200,7200,7200,7200,0
2022-03-23 15:52:00,7200,7200,7200,7200,0
2022-03-23 15:53:00,7200,7200,7200,7200,0
2022-03-23 15:54:00,7200,7200,7200,7200,0
2022-03-23 15:55:00,7200,7200,7200,7200,0
2022-03-23 15:56:00,7200,7200,7200,7200,0
2022-03-23 15:57:00,7200,7200,7200,7200,0
2022-03-23 15:58:00,7200,7200,7200,7200,0
2022-03-23 15:59:00,7200,7200,7200,7200,0
2022-03-24 09:00:00,7225,7225,7250,7225,6300
2022-03-24 09:01:00,7225,7225,7250,7250,600
2022-03-24 09:02:00,7250,7225,7250,7225,17900
2022-03-24 09:03:00,7250,7225,7250,7225,0
2022-03-24 09:04:00,7225,7200,7225,7200,1700
2022-03-24 09:05:00,7200,7200,7225,7225,5000
2022-03-24 09:06:00,7225,7225,7225,7225,1500
2022-03-24 09:07:00,7250,7250,7250,7250,3800
2022-03-24 09:08:00,7250,7250,7250,7250,900
2022-03-24 09:09:00,7250,7250,7250,7250,100
2022-03-24 09:10:00,7250,7225,7250,7250,23800
2022-03-24 09:11:00,7250,7250,7250,7250,18500
2022-03-24 09:12:00,7225,7225,7250,7250,13100
2022-03-24 09:13:00,7250,7225,7250,7225,12000
2022-03-24 09:14:00,7225,7225,7250,7250,9000
2022-03-24 09:15:00,7250,7250,7250,7250,1800
2022-03-24 09:16:00,7250,7250,7250,7250,2900
2022-03-24 09:17:00,7250,7250,7250,7250,300
2022-03-24 09:18:00,7250,7250,7250,7250,500
2022-03-24 09:19:00,7225,7225,7225,7225,5500
2022-03-24 09:20:00,7225,7225,7225,7225,0
2022-03-24 09:21:00,7225,7225,7225,7225,1500
2022-03-24 09:22:00,7225,7225,7225,7225,0
2022-03-24 09:23:00,7225,7225,7225,7225,0
2022-03-24 09:24:00,7225,7225,7225,7225,0
2022-03-24 09:25:00,7250,7225,7250,7250,16000
2022-03-24 09:26:00,7250,7225,7250,7250,0
2022-03-24 09:27:00,7250,7250,7250,7250,10200
2022-03-24 09:28:00,7250,7225,7250,7250,26300
2022-03-24 09:29:00,7250,7225,7250,7250,6700
2022-03-24 09:30:00,7250,7250,7250,7250,3000
2022-03-24 09:31:00,7250,7250,7250,7250,0
2022-03-24 09:32:00,7275,7250,7275,7250,55700
2022-03-24 09:33:00,7250,7250,7250,7250,14000
2022-03-24 09:34:00,7250,7250,7250,7250,100
2022-03-24 09:35:00,7275,7250,7275,7275,38200
2022-03-24 09:36:00,7275,7275,7275,7275,2000
2022-03-24 09:37:00,7250,7250,7250,7250,2000
2022-03-24 09:38:00,7250,7250,7275,7275,700
2022-03-24 09:39:00,7250,7250,7250,7250,7000
2022-03-24 09:40:00,7250,7250,7250,7250,4600
2022-03-24 09:41:00,7250,7250,7250,7250,1200
2022-03-24 09:42:00,7275,7275,7275,7275,100
2022-03-24 09:43:00,7250,7250,7250,7250,500
2022-03-24 09:44:00,7250,7250,7250,7250,4900
2022-03-24 09:45:00,7250,7250,7275,7275,3400
2022-03-24 09:46:00,7250,7250,7250,7250,1100
2022-03-24 09:47:00,7275,7275,7275,7275,100
2022-03-24 09:48:00,7275,7275,7275,7275,0
2022-03-24 09:49:00,7275,7275,7275,7275,1000
2022-03-24 09:50:00,7275,7275,7275,7275,300
2022-03-24 09:51:00,7250,7250,7250,7250,100
2022-03-24 09:52:00,7250,7250,7250,7250,1600
2022-03-24 09:53:00,7250,7250,7250,7250,0
2022-03-24 09:54:00,7250,7250,7250,7250,200
2022-03-24 09:55:00,7250,7250,7250,7250,22400
2022-03-24 09:56:00,7250,7225,7250,7225,102200
2022-03-24 09:57:00,7250,7250,7250,7250,100
2022-03-24 09:58:00,7250,7250,7250,7250,500
2022-03-24 09:59:00,7250,7250,7250,7250,0
2022-03-24 10:00:00,7250,7250,7250,7250,2600
2022-03-24 10:01:00,7250,7225,7250,7225,700
2022-03-24 10:02:00,7250,7225,7250,7225,0
2022-03-24 10:03:00,7250,7225,7250,7225,700
2022-03-24 10:04:00,7250,7225,7250,7225,0
2022-03-24 10:05:00,7250,7250,7250,7250,5000
2022-03-24 10:06:00,7225,7225,7225,7225,100
2022-03-24 10:07:00,7225,7225,7225,7225,700
2022-03-24 10:08:00,7250,7250,7250,7250,100
2022-03-24 10:09:00,7250,7250,7250,7250,0
2022-03-24 10:10:00,7250,7225,7250,7225,1300
2022-03-24 10:11:00,7225,7225,7225,7225,7300
2022-03-24 10:12:00,7225,7225,7225,7225,100
2022-03-24 10:13:00,7225,7225,7225,7225,0
2022-03-24 10:14:00,7225,7225,7225,7225,3700
2022-03-24 10:15:00,7225,7225,7225,7225,600
2022-03-24 10:16:00,7225,7225,7225,7225,700
2022-03-24 10:17:00,7225,7225,7225,7225,0
2022-03-24 10:18:00,7225,7225,7225,7225,9600
2022-03-24 10:19:00,7225,7225,7250,7250,11300
2022-03-24 10:20:00,7250,7250,7250,7250,100
2022-03-24 10:21:00,7250,7250,7250,7250,500
2022-03-24 10:22:00,7250,7250,7250,7250,0
2022-03-24 10:23:00,7250,7250,7250,7250,1000
2022-03-24 10:24:00,7250,7250,7250,7250,2400
2022-03-24 10:25:00,7225,7225,7225,7225,1100
2022-03-24 10:26:00,7225,7225,7225,7225,0
2022-03-24 10:27:00,7225,7225,7225,7225,700
2022-03-24 10:28:00,7225,7225,7225,7225,1100
2022-03-24 10:29:00,7225,7225,7225,7225,41800
2022-03-24 10:30:00,7225,7225,7225,7225,2000
2022-03-24 10:31:00,7225,7225,7225,7225,10700
2022-03-24 10:32:00,7225,7200,7225,7200,10300
2022-03-24 10:33:00,7225,7225,7225,7225,300
2022-03-24 10:34:00,7225,7225,7225,7225,100
2022-03-24 10:35:00,7225,7225,7225,7225,0
2022-03-24 10:36:00,7225,7200,7225,7200,2400
2022-03-24 10:37:00,7200,7200,7200,7200,1000
2022-03-24 10:38:00,7200,7200,7200,7200,0
2022-03-24 10:39:00,7200,7200,7200,7200,6000
2022-03-24 10:40:00,7200,7200,7200,7200,700
2022-03-24 10:41:00,7200,7200,7225,7225,5700
2022-03-24 10:42:00,7200,7200,7225,7225,0
2022-03-24 10:43:00,7225,7225,7225,7225,600
2022-03-24 10:44:00,7225,7225,7225,7225,300
2022-03-24 10:45:00,7225,7225,7225,7225,1000
2022-03-24 10:46:00,7225,7225,7225,7225,200
2022-03-24 10:47:00,7225,7200,7225,7200,800
2022-03-24 10:48:00,7225,7200,7225,7200,0
2022-03-24 10:49:00,7200,7200,7200,7200,123000
2022-03-24 10:50:00,7200,7200,7200,7200,1800
2022-03-24 10:51:00,7200,7200,7200,7200,14500
2022-03-24 10:52:00,7200,7200,7200,7200,100
2022-03-24 10:53:00,7200,7200,7200,7200,1500
2022-03-24 10:54:00,7225,7225,7225,7225,100
2022-03-24 10:55:00,7225,7225,7225,7225,0
2022-03-24 10:56:00,7200,7200,7200,7200,1200
2022-03-24 10:57:00,7200,7200,7200,7200,0
2022-03-24 10:58:00,7200,7200,7200,7200,0
2022-03-24 10:59:00,7200,7200,7200,7200,800
2022-03-24 11:00:00,7225,7225,7225,7225,100
2022-03-24 11:01:00,7225,7225,7225,7225,5000
2022-03-24 11:02:00,7200,7200,7200,7200,1200
2022-03-24 11:03:00,7200,7200,7200,7200,0
2022-03-24 11:04:00,7200,7200,7200,7200,0
2022-03-24 11:05:00,7200,7200,7200,7200,400
2022-03-24 11:06:00,7200,7200,7200,7200,0
2022-03-24 11:07:00,7225,7225,7225,7225,1000
2022-03-24 11:08:00,7225,7225,7225,7225,0
2022-03-24 11:09:00,7225,7225,7225,7225,0
2022-03-24 11:10:00,7225,7225,7225,7225,0
2022-03-24 11:11:00,7225,7225,7225,7225,2900
2022-03-24 11:12:00,7225,7225,7225,7225,100
2022-03-24 11:13:00,7200,7200,7200,7200,10000
2022-03-24 11:14:00,7200,7200,7200,7200,2100
2022-03-24 11:15:00,7225,7225,7225,7225,10000
2022-03-24 11:16:00,7225,7225,7225,7225,2600
2022-03-24 11:17:00,7225,7225,7225,7225,4000
2022-03-24 11:18:00,7225,7225,7225,7225,0
2022-03-24 11:19:00,7225,7225,7225,7225,1900
2022-03-24 11:20:00,7225,7200,7225,7200,800
2022-03-24 11:21:00,7225,7200,7225,7200,0
2022-03-24 11:22:00,7225,7200,7225,7200,0
2022-03-24 11:23:00,7200,7200,7200,7200,1200
2022-03-24 11:24:00,7200,7200,7200,7200,1000
2022-03-24 11:25:00,7200,7200,7200,7200,0
2022-03-24 11:26:00,7200,7200,7200,7200,0
2022-03-24 11:27:00,7200,7200,7200,7200,700
2022-03-24 11:28:00,7225,7225,7225,7225,1300
2022-03-24 11:29:00,7225,7225,7225,7225,800
2022-03-24 11:30:00,7225,7225,7225,7225,0
2022-03-24 11:31:00,7225,7225,7225,7225,0
2022-03-24 11:32:00,7225,7225,7225,7225,0
2022-03-24 11:33:00,7225,7225,7225,7225,0
2022-03-24 11:34:00,7225,7225,7225,7225,0
2022-03-24 11:35:00,7225,7225,7225,7225,0
2022-03-24 11:36:00,7225,7225,7225,7225,0
2022-03-24 11:37:00,7225,7225,7225,7225,0
2022-03-24 11:38:00,7225,7225,7225,7225,0
2022-03-24 11:39:00,7225,7225,7225,7225,0
2022-03-24 11:40:00,7225,7225,7225,7225,0
2022-03-24 11:41:00,7225,7225,7225,7225,0
2022-03-24 11:42:00,7225,7225,7225,7225,0
2022-03-24 11:43:00,7225,7225,7225,7225,0
2022-03-24 11:44:00,7225,7225,7225,7225,0
2022-03-24 11:45:00,7225,7225,7225,7225,0
2022-03-24 11:46:00,7225,7225,7225,7225,0
2022-03-24 11:47:00,7225,7225,7225,7225,0
2022-03-24 11:48:00,7225,7225,7225,7225,0
2022-03-24 11:49:00,7225,7225,7225,7225,0
2022-03-24 11:50:00,7225,7225,7225,7225,0
2022-03-24 11:51:00,7225,7225,7225,7225,0
2022-03-24 11:52:00,7225,7225,7225,7225,0
2022-03-24 11:53:00,7225,7225,7225,7225,0
2022-03-24 11:54:00,7225,7225,7225,7225,0
2022-03-24 11:55:00,7225,7225,7225,7225,0
2022-03-24 11:56:00,7225,7225,7225,7225,0
2022-03-24 11:57:00,7225,7225,7225,7225,0
2022-03-24 11:58:00,7225,7225,7225,7225,0
2022-03-24 11:59:00,7225,7225,7225,7225,0
2022-03-24 12:00:00,7225,7225,7225,7225,0
2022-03-24 12:01:00,7225,7225,7225,7225,0
2022-03-24 12:02:00,7225,7225,7225,7225,0
2022-03-24 12:03:00,7225,7225,7225,7225,0
2022-03-24 12:04:00,7225,7225,7225,7225,0
2022-03-24 12:05:00,7225,7225,7225,7225,0
2022-03-24 12:06:00,7225,7225,7225,7225,0
2022-03-24 12:07:00,7225,7225,7225,7225,0
2022-03-24 12:08:00,7225,7225,7225,7225,0
2022-03-24 12:09:00,7225,7225,7225,7225,0
2022-03-24 12:10:00,7225,7225,7225,7225,0
2022-03-24 12:11:00,7225,7225,7225,7225,0
2022-03-24 12:12:00,7225,7225,7225,7225,0
2022-03-24 12:13:00,7225,7225,7225,7225,0
2022-03-24 12:14:00,7225,7225,7225,7225,0
2022-03-24 12:15:00,7225,7225,7225,7225,0
2022-03-24 12:16:00,7225,7225,7225,7225,0
2022-03-24 12:17:00,7225,7225,7225,7225,0
2022-03-24 12:18:00,7225,7225,7225,7225,0
2022-03-24 12:19:00,7225,7225,7225,7225,0
2022-03-24 12:20:00,7225,7225,7225,7225,0
2022-03-24 12:21:00,7225,7225,7225,7225,0
2022-03-24 12:22:00,7225,7225,7225,7225,0
2022-03-24 12:23:00,7225,7225,7225,7225,0
2022-03-24 12:24:00,7225,7225,7225,7225,0
2022-03-24 12:25:00,7225,7225,7225,7225,0
2022-03-24 12:26:00,7225,7225,7225,7225,0
2022-03-24 12:27:00,7225,7225,7225,7225,0
2022-03-24 12:28:00,7225,7225,7225,7225,0
2022-03-24 12:29:00,7225,7225,7225,7225,0
2022-03-24 12:30:00,7225,7225,7225,7225,0
2022-03-24 12:31:00,7225,7225,7225,7225,0
2022-03-24 12:32:00,7225,7225,7225,7225,0
2022-03-24 12:33:00,7225,7225,7225,7225,0
2022-03-24 12:34:00,7225,7225,7225,7225,0
2022-03-24 12:35:00,7225,7225,7225,7225,0
2022-03-24 12:36:00,7225,7225,7225,7225,0
2022-03-24 12:37:00,7225,7225,7225,7225,0
2022-03-24 12:38:00,7225,7225,7225,7225,0
2022-03-24 12:39:00,7225,7225,7225,7225,0
2022-03-24 12:40:00,7225,7225,7225,7225,0
2022-03-24 12:41:00,7225,7225,7225,7225,0
2022-03-24 12:42:00,7225,7225,7225,7225,0
2022-03-24 12:43:00,7225,7225,7225,7225,0
2022-03-24 12:44:00,7225,7225,7225,7225,0
2022-03-24 12:45:00,7225,7225,7225,7225,0
2022-03-24 12:46:00,7225,7225,7225,7225,0
2022-03-24 12:47:00,7225,7225,7225,7225,0
2022-03-24 12:48:00,7225,7225,7225,7225,0
2022-03-24 12:49:00,7225,7225,7225,7225,0
2022-03-24 12:50:00,7225,7225,7225,7225,0
2022-03-24 12:51:00,7225,7225,7225,7225,0
2022-03-24 12:52:00,7225,7225,7225,7225,0
2022-03-24 12:53:00,7225,7225,7225,7225,0
2022-03-24 12:54:00,7225,7225,7225,7225,0
2022-03-24 12:55:00,7225,7225,7225,7225,0
2022-03-24 12:56:00,7225,7225,7225,7225,0
2022-03-24 12:57:00,7225,7225,7225,7225,0
2022-03-24 12:58:00,7225,7225,7225,7225,0
2022-03-24 12:59:00,7225,7225,7225,7225,0
2022-03-24 13:00:00,7225,7225,7225,7225,0
2022-03-24 13:01:00,7225,7225,7225,7225,0
2022-03-24 13:02:00,7225,7225,7225,7225,0
2022-03-24 13:03:00,7225,7225,7225,7225,0
2022-03-24 13:04:00,7225,7225,7225,7225,0
2022-03-24 13:05:00,7225,7225,7225,7225,0
2022-03-24 13:06:00,7225,7225,7225,7225,0
2022-03-24 13:07:00,7225,7225,7225,7225,0
2022-03-24 13:08:00,7225,7225,7225,7225,0
2022-03-24 13:09:00,7225,7225,7225,7225,0
2022-03-24 13:10:00,7225,7225,7225,7225,0
2022-03-24 13:11:00,7225,7225,7225,7225,0
2022-03-24 13:12:00,7225,7225,7225,7225,0
2022-03-24 13:13:00,7225,7225,7225,7225,0
2022-03-24 13:14:00,7225,7225,7225,7225,0
2022-03-24 13:15:00,7225,7225,7225,7225,0
2022-03-24 13:16:00,7225,7225,7225,7225,0
2022-03-24 13:17:00,7225,7225,7225,7225,0
2022-03-24 13:18:00,7225,7225,7225,7225,0
2022-03-24 13:19:00,7225,7225,7225,7225,0
2022-03-24 13:20:00,7225,7225,7225,7225,0
2022-03-24 13:21:00,7225,7225,7225,7225,0
2022-03-24 13:22:00,7225,7225,7225,7225,0
2022-03-24 13:23:00,7225,7225,7225,7225,0
2022-03-24 13:24:00,7225,7225,7225,7225,0
2022-03-24 13:25:00,7225,7225,7225,7225,0
2022-03-24 13:26:00,7225,7225,7225,7225,0
2022-03-24 13:27:00,7225,7225,7225,7225,0
2022-03-24 13:28:00,7225,7225,7225,7225,0
2022-03-24 13:29:00,7225,7225,7225,7225,0
2022-03-24 13:30:00,7225,7200,7225,7200,104100
2022-03-24 13:31:00,7175,7175,7175,7175,1200
2022-03-24 13:32:00,7175,7175,7175,7175,500
2022-03-24 13:33:00,7200,7200,7200,7200,7800
2022-03-24 13:34:00,7200,7200,7200,7200,1000
2022-03-24 13:35:00,7175,7175,7175,7175,700
2022-03-24 13:36:00,7200,7200,7200,7200,1600
2022-03-24 13:37:00,7200,7200,7200,7200,300
2022-03-24 13:38:00,7200,7200,7200,7200,100
2022-03-24 13:39:00,7200,7200,7200,7200,0
2022-03-24 13:40:00,7175,7175,7175,7175,1000
2022-03-24 13:41:00,7175,7175,7175,7175,10000
2022-03-24 13:42:00,7175,7175,7175,7175,12200
2022-03-24 13:43:00,7175,7175,7200,7200,10200
2022-03-24 13:44:00,7200,7200,7200,7200,500
2022-03-24 13:45:00,7175,7175,7175,7175,1600
2022-03-24 13:46:00,7175,7175,7175,7175,800
2022-03-24 13:47:00,7175,7175,7175,7175,10100
2022-03-24 13:48:00,7175,7175,7175,7175,10700
2022-03-24 13:49:00,7175,7150,7200,7200,28600
2022-03-24 13:50:00,7175,7150,7175,7175,2100
2022-03-24 13:51:00,7175,7150,7175,7150,7600
2022-03-24 13:52:00,7150,7150,7175,7175,700
2022-03-24 13:53:00,7175,7175,7175,7175,3200
2022-03-24 13:54:00,7175,7175,7175,7175,100
2022-03-24 13:55:00,7175,7175,7175,7175,500
2022-03-24 13:56:00,7175,7175,7175,7175,6600
2022-03-24 13:57:00,7175,7175,7175,7175,100
2022-03-24 13:58:00,7175,7175,7175,7175,8600
2022-03-24 13:59:00,7175,7175,7175,7175,8500
2022-03-24 14:00:00,7175,7150,7175,7175,1200
2022-03-24 14:01:00,7175,7150,7175,7150,6400
2022-03-24 14:02:00,7150,7150,7175,7175,9500
2022-03-24 14:03:00,7150,7150,7200,7200,200
2022-03-24 14:04:00,7150,7150,7150,7150,1200
2022-03-24 14:05:00,7150,7150,7150,7150,0
2022-03-24 14:06:00,7150,7150,7150,7150,1100
2022-03-24 14:07:00,7175,7150,7175,7175,1700
2022-03-24 14:08:00,7175,7175,7175,7175,10900
2022-03-24 14:09:00,7175,7150,7175,7150,10400
2022-03-24 14:10:00,7150,7150,7150,7150,100
2022-03-24 14:11:00,7175,7175,7175,7175,100
2022-03-24 14:12:00,7175,7175,7175,7175,1700
2022-03-24 14:13:00,7175,7175,7175,7175,16100
2022-03-24 14:14:00,7175,7175,7175,7175,7600
2022-03-24 14:15:00,7175,7150,7175,7175,1700
2022-03-24 14:16:00,7175,7175,7175,7175,2100
2022-03-24 14:17:00,7175,7175,7175,7175,1600
2022-03-24 14:18:00,7175,7175,7175,7175,0
2022-03-24 14:19:00,7175,7175,7175,7175,2100
2022-03-24 14:20:00,7175,7175,7175,7175,500
2022-03-24 14:21:00,7175,7175,7175,7175,0
2022-03-24 14:22:00,7175,7175,7175,7175,0
2022-03-24 14:23:00,7150,7150,7175,7175,900
2022-03-24 14:24:00,7175,7175,7175,7175,300
2022-03-24 14:25:00,7175,7150,7175,7150,5300
2022-03-24 14:26:00,7150,7150,7175,7175,1100
2022-03-24 14:27:00,7175,7175,7175,7175,8400
2022-03-24 14:28:00,7175,7175,7175,7175,200
2022-03-24 14:29:00,7175,7175,7175,7175,0
2022-03-24 14:30:00,7175,7175,7175,7175,1600
2022-03-24 14:31:00,7150,7150,7150,7150,5000
2022-03-24 14:32:00,7150,7150,7150,7150,400
2022-03-24 14:33:00,7150,7150,7150,7150,1600
2022-03-24 14:34:00,7150,7150,7150,7150,0
2022-03-24 14:35:00,7175,7175,7175,7175,700
2022-03-24 14:36:00,7175,7150,7175,7150,3300
2022-03-24 14:37:00,7175,7175,7175,7175,1800
2022-03-24 14:38:00,7150,7150,7175,7175,4800
2022-03-24 14:39:00,7150,7150,7150,7150,1200
2022-03-24 14:40:00,7150,7150,7175,7175,7600
2022-03-24 14:41:00,7150,7150,7150,7150,600
2022-03-24 14:42:00,7150,7150,7175,7175,8900
2022-03-24 14:43:00,7150,7150,7175,7175,0
2022-03-24 14:44:00,7175,7150,7175,7175,9400
2022-03-24 14:45:00,7150,7150,7175,7175,3600
2022-03-24 14:46:00,7175,7150,7175,7150,12000
2022-03-24 14:47:00,7150,7150,7150,7150,16600
2022-03-24 14:48:00,7150,7150,7175,7150,3300
2022-03-24 14:49:00,7175,7150,7175,7150,6600
2022-03-24 14:50:00,7175,7150,7175,7150,0
2022-03-24 14:51:00,7175,7150,7175,7150,0
2022-03-24 14:52:00,7175,7150,7175,7150,0
2022-03-24 14:53:00,7175,7150,7175,7150,0
2022-03-24 14:54:00,7175,7150,7175,7150,0
2022-03-24 14:55:00,7175,7150,7175,7150,0
2022-03-24 14:56:00,7175,7150,7175,7150,0
2022-03-24 14:57:00,7175,7150,7175,7150,0
2022-03-24 14:58:00,7175,7150,7175,7150,0
2022-03-24 14:59:00,7175,7150,7175,7150,0
2022-03-24 15:00:00,7200,7200,7200,7200,86600
2022-03-24 15:01:00,7200,7200,7200,7200,0
2022-03-24 15:02:00,7200,7200,7200,7200,0
2022-03-24 15:03:00,7200,7200,7200,7200,2500
2022-03-24 15:04:00,7200,7200,7200,7200,0
2022-03-24 15:05:00,7200,7200,7200,7200,0
2022-03-24 15:06:00,7200,7200,7200,7200,300
2022-03-24 15:07:00,7200,7200,7200,7200,2800
2022-03-24 15:08:00,7200,7200,7200,7200,0
2022-03-24 15:09:00,7200,7200,7200,7200,200
2022-03-24 15:10:00,7200,7200,7200,7200,0
2022-03-24 15:11:00,7200,7200,7200,7200,40000
2022-03-24 15:12:00,7200,7200,7200,7200,1500
2022-03-24 15:13:00,7200,7200,7200,7200,800
2022-03-24 15:14:00,7200,7200,7200,7200,100
2022-03-24 15:15:00,7200,7200,7200,7200,0
2022-03-24 15:16:00,7200,7200,7200,7200,0
2022-03-24 15:17:00,7200,7200,7200,7200,0
2022-03-24 15:18:00,7200,7200,7200,7200,0
2022-03-24 15:19:00,7200,7200,7200,7200,0
2022-03-24 15:20:00,7200,7200,7200,7200,0
2022-03-24 15:21:00,7200,7200,7200,7200,0
2022-03-24 15:22:00,7200,7200,7200,7200,0
2022-03-24 15:23:00,7200,7200,7200,7200,0
2022-03-24 15:24:00,7200,7200,7200,7200,0
2022-03-24 15:25:00,7200,7200,7200,7200,0
2022-03-24 15:26:00,7200,7200,7200,7200,0
2022-03-24 15:27:00,7200,7200,7200,7200,0
2022-03-24 15:28:00,7200,7200,7200,7200,0
2022-03-24 15:29:00,7200,7200,7200,7200,0
2022-03-24 15:30:00,7200,7200,7200,7200,0
2022-03-24 15:31:00,7200,7200,7200,7200,0
2022-03-24 15:32:00,7200,7200,7200,7200,0
2022-03-24 15:33:00,7200,7200,7200,7200,0
2022-03-24 15:34:00,7200,7200,7200,7200,0
2022-03-24 15:35:00,7200,7200,7200,7200,0
2022-03-24 15:36:00,7200,7200,7200,7200,0
2022-03-24 15:37:00,7200,7200,7200,7200,0
2022-03-24 15:38:00,7200,7200,7200,7200,0
2022-03-24 15:39:00,7200,7200,7200,7200,0
2022-03-24 15:40:00,7200,7200,7200,7200,0
2022-03-24 15:41:00,7200,7200,7200,7200,0
2022-03-24 15:42:00,7200,7200,7200,7200,0
2022-03-24 15:43:00,7200,7200,7200,7200,0
2022-03-24 15:44:00,7200,7200,7200,7200,0
2022-03-24 15:45:00,7200,7200,7200,7200,0
2022-03-24 15:46:00,7200,7200,7200,7200,0
2022-03-24 15:47:00,7200,7200,7200,7200,0
2022-03-24 15:48:00,7200,7200,7200,7200,0
2022-03-24 15:49:00,7200,7200,7200,7200,0
2022-03-24 15:50:00,7200,7200,7200,7200,0
2022-03-24 15:51:00,7200,7200,7200,7200,0
2022-03-24 15:52:00,7200,7200,7200,7200,0
2022-03-24 15:53:00,7200,7200,7200,7200,0
2022-03-24 15:54:00,7200,7200,7200,7200,0
2022-03-24 15:55:00,7200,7200,7200,7200,0
2022-03-24 15:56:00,7200,7200,7200,7200,0
2022-03-24 15:57:00,7200,7200,7200,7200,0
2022-03-24 15:58:00,7200,7200,7200,7200,0
2022-03-24 15:59:00,7200,7200,7200,7200,0
2022-03-25 09:00:00,7200,7200,7200,7200,0
2022-03-25 09:01:00,7200,7200,7200,7200,0
2022-03-25 09:02:00,7200,7200,7200,7200,0
2022-03-25 09:03:00,7200,7200,7200,7200,100
2022-03-25 09:04:00,7200,7200,7200,7200,0
2022-03-25 09:05:00,7200,7200,7200,7200,0
2022-03-25 09:06:00,7200,7200,7200,7200,2000
2022-03-25 09:07:00,7200,7200,7200,7200,24600
2022-03-25 09:08:00,7200,7200,7200,7200,7700
2022-03-25 09:09:00,7200,7200,7225,7225,4800
2022-03-25 09:10:00,7200,7200,7200,7200,2800
2022-03-25 09:11:00,7225,7225,7225,7225,8400
2022-03-25 09:12:00,7200,7200,7225,7225,1000
2022-03-25 09:13:00,7225,7225,7225,7225,1000
2022-03-25 09:14:00,7225,7225,7225,7225,0
2022-03-25 09:15:00,7225,7225,7250,7250,3400
2022-03-25 09:16:00,7250,7200,7250,7200,2100
2022-03-25 09:17:00,7250,7200,7250,7200,0
2022-03-25 09:18:00,7225,7225,7225,7225,300
2022-03-25 09:19:00,7225,7225,7225,7225,12000
2022-03-25 09:20:00,7225,7225,7225,7225,100
2022-03-25 09:21:00,7225,7225,7225,7225,25800
2022-03-25 09:22:00,7225,7225,7225,7225,0
2022-03-25 09:23:00,7225,7225,7225,7225,0
2022-03-25 09:24:00,7225,7225,7225,7225,1000
2022-03-25 09:25:00,7200,7200,7200,7200,37700
2022-03-25 09:26:00,7200,7175,7200,7175,3400
2022-03-25 09:27:00,7200,7200,7200,7200,600
2022-03-25 09:28:00,7200,7200,7200,7200,1400
2022-03-25 09:29:00,7175,7175,7175,7175,100
2022-03-25 09:30:00,7175,7175,7175,7175,0
2022-03-25 09:31:00,7175,7175,7200,7200,17100
2022-03-25 09:32:00,7175,7150,7175,7150,60700
2022-03-25 09:33:00,7175,7175,7175,7175,1900
2022-03-25 09:34:00,7175,7175,7175,7175,600
2022-03-25 09:35:00,7175,7175,7175,7175,200
2022-03-25 09:36:00,7175,7175,7175,7175,0
2022-03-25 09:37:00,7175,7175,7175,7175,0
2022-03-25 09:38:00,7175,7175,7175,7175,10100
2022-03-25 09:39:00,7175,7175,7175,7175,12800
2022-03-25 09:40:00,7175,7175,7175,7175,9000
2022-03-25 09:41:00,7175,7175,7175,7175,1000
2022-03-25 09:42:00,7200,7200,7200,7200,900
2022-03-25 09:43:00,7175,7175,7175,7175,13200
2022-03-25 09:44:00,7175,7175,7175,7175,100
2022-03-25 09:45:00,7175,7175,7175,7175,1100
2022-03-25 09:46:00,7175,7175,7175,7175,13100
2022-03-25 09:47:00,7175,7175,7175,7175,0
2022-03-25 09:48:00,7175,7175,7175,7175,200
2022-03-25 09:49:00,7150,7150,7175,7175,600
2022-03-25 09:50:00,7175,7150,7175,7150,7600
2022-03-25 09:51:00,7175,7150,7175,7175,4700
2022-03-25 09:52:00,7150,7150,7175,7175,1300
2022-03-25 09:53:00,7175,7175,7175,7175,36400
2022-03-25 09:54:00,7175,7175,7175,7175,0
2022-03-25 09:55:00,7175,7175,7175,7175,1000
2022-03-25 09:56:00,7175,7175,7175,7175,0
2022-03-25 09:57:00,7175,7175,7175,7175,0
2022-03-25 09:58:00,7175,7175,7175,7175,6000
2022-03-25 09:59:00,7175,7175,7175,7175,1000
2022-03-25 10:00:00,7175,7175,7175,7175,49000
2022-03-25 10:01:00,7175,7175,7175,7175,36300
2022-03-25 10:02:00,7175,7175,7175,7175,58500
2022-03-25 10:03:00,7175,7175,7175,7175,2100
2022-03-25 10:04:00,7175,7175,7175,7175,0
2022-03-25 10:05:00,7175,7175,7175,7175,1000
2022-03-25 10:06:00,7175,7175,7175,7175,40500
2022-03-25 10:07:00,7175,7175,7175,7175,0
2022-03-25 10:08:00,7200,7200,7200,7200,100
2022-03-25 10:09:00,7175,7175,7175,7175,3400
2022-03-25 10:10:00,7175,7175,7175,7175,0
2022-03-25 10:11:00,7175,7175,7175,7175,1000
2022-03-25 10:12:00,7175,7175,7175,7175,1100
2022-03-25 10:13:00,7175,7175,7175,7175,1100
2022-03-25 10:14:00,7175,7175,7175,7175,0
2022-03-25 10:15:00,7175,7175,7175,7175,0
2022-03-25 10:16:00,7175,7175,7175,7175,0
2022-03-25 10:17:00,7175,7175,7175,7175,0
2022-03-25 10:18:00,7150,7150,7150,7150,700
2022-03-25 10:19:00,7175,7175,7175,7175,100
2022-03-25 10:20:00,7175,7175,7175,7175,0
2022-03-25 10:21:00,7150,7150,7150,7150,9600
2022-03-25 10:22:00,7150,7150,7150,7150,5100
2022-03-25 10:23:00,7150,7150,7150,7150,23000
2022-03-25 10:24:00,7150,7150,7150,7150,2100
2022-03-25 10:25:00,7150,7150,7175,7175,86000
2022-03-25 10:26:00,7150,7150,7150,7150,400
2022-03-25 10:27:00,7150,7150,7150,7150,0
2022-03-25 10:28:00,7150,7150,7175,7175,200
2022-03-25 10:29:00,7150,7150,7150,7150,17000
2022-03-25 10:30:00,7150,7150,7150,7150,3900
2022-03-25 10:31:00,7150,7150,7150,7150,1000
2022-03-25 10:32:00,7150,7150,7150,7150,2600
2022-03-25 10:33:00,7150,7150,7150,7150,16400
2022-03-25 10:34:00,7150,7150,7150,7150,21400
2022-03-25 10:35:00,7150,7125,7150,7125,3900
2022-03-25 10:36:00,7150,7150,7150,7150,16900
2022-03-25 10:37:00,7150,7150,7150,7150,0
2022-03-25 10:38:00,7150,7150,7150,7150,300
2022-03-25 10:39:00,7150,7150,7150,7150,200
2022-03-25 10:40:00,7150,7150,7150,7150,300
2022-03-25 10:41:00,7125,7125,7125,7125,7000
2022-03-25 10:42:00,7125,7125,7125,7125,0
2022-03-25 10:43:00,7125,7125,7125,7125,300
2022-03-25 10:44:00,7125,7125,7125,7125,0
2022-03-25 10:45:00,7125,7125,7125,7125,0
2022-03-25 10:46:00,7125,7125,7150,7150,4800
2022-03-25 10:47:00,7150,7150,7150,7150,3800
2022-03-25 10:48:00,7150,7150,7150,7150,0
2022-03-25 10:49:00,7150,7150,7150,7150,2900
2022-03-25 10:50:00,7150,7150,7150,7150,4000
2022-03-25 10:51:00,7150,7150,7150,7150,1600
2022-03-25 10:52:00,7150,7125,7150,7125,900
2022-03-25 10:53:00,7150,7150,7150,7150,100
2022-03-25 10:54:00,7150,7150,7150,7150,0
2022-03-25 10:55:00,7150,7150,7150,7150,800
2022-03-25 10:56:00,7150,7150,7150,7150,12200
2022-03-25 10:57:00,7150,7150,7150,7150,2700
2022-03-25 10:58:00,7150,7150,7150,7150,11300
2022-03-25 10:59:00,7125,7125,7125,7125,100
2022-03-25 11:00:00,7125,7125,7125,7125,0
2022-03-25 11:01:00,7150,7150,7150,7150,38000
2022-03-25 11:02:00,7150,7150,7175,7150,16000
2022-03-25 11:03:00,7150,7150,7175,7150,0
2022-03-25 11:04:00,7150,7150,7175,7150,0
2022-03-25 11:05:00,7150,7150,7175,7150,0
2022-03-25 11:06:00,7150,7150,7150,7150,200
2022-03-25 11:07:00,7150,7150,7150,7150,0
2022-03-25 11:08:00,7150,7150,7150,7150,0
2022-03-25 11:09:00,7150,7150,7150,7150,2700
2022-03-25 11:10:00,7150,7150,7175,7175,500
2022-03-25 11:11:00,7150,7150,7175,7175,0
2022-03-25 11:12:00,7150,7150,7175,7175,0
2022-03-25 11:13:00,7150,7150,7150,7150,3000
2022-03-25 11:14:00,7150,7150,7150,7150,63500
2022-03-25 11:15:00,7150,7125,7150,7125,400
2022-03-25 11:16:00,7150,7125,7150,7125,0
2022-03-25 11:17:00,7125,7125,7150,7150,56300
2022-03-25 11:18:00,7125,7125,7150,7150,0
2022-03-25 11:19:00,7125,7125,7150,7150,0
2022-03-25 11:20:00,7125,7125,7150,7150,0
2022-03-25 11:21:00,7125,7125,7150,7150,0
2022-03-25 11:22:00,7150,7150,7150,7150,1300
2022-03-25 11:23:00,7150,7150,7150,7150,1400
2022-03-25 11:24:00,7150,7150,7150,7150,0
2022-03-25 11:25:00,7150,7150,7150,7150,1200
2022-03-25 11:26:00,7150,7150,7150,7150,100
2022-03-25 11:27:00,7150,7150,7150,7150,0
2022-03-25 11:28:00,7150,7150,7150,7150,15400
2022-03-25 11:29:00,7150,7150,7150,7150,0
2022-03-25 11:30:00,7150,7150,7150,7150,0
2022-03-25 11:31:00,7150,7150,7150,7150,0
2022-03-25 11:32:00,7150,7150,7150,7150,0
2022-03-25 11:33:00,7150,7150,7150,7150,0
2022-03-25 11:34:00,7150,7150,7150,7150,0
2022-03-25 11:35:00,7150,7150,7150,7150,0
2022-03-25 11:36:00,7150,7150,7150,7150,0
2022-03-25 11:37:00,7150,7150,7150,7150,0
2022-03-25 11:38:00,7150,7150,7150,7150,0
2022-03-25 11:39:00,7150,7150,7150,7150,0
2022-03-25 11:40:00,7150,7150,7150,7150,0
2022-03-25 11:41:00,7150,7150,7150,7150,0
2022-03-25 11:42:00,7150,7150,7150,7150,0
2022-03-25 11:43:00,7150,7150,7150,7150,0
2022-03-25 11:44:00,7150,7150,7150,7150,0
2022-03-25 11:45:00,7150,7150,7150,7150,0
2022-03-25 11:46:00,7150,7150,7150,7150,0
2022-03-25 11:47:00,7150,7150,7150,7150,0
2022-03-25 11:48:00,7150,7150,7150,7150,0
2022-03-25 11:49:00,7150,7150,7150,7150,0
2022-03-25 11:50:00,7150,7150,7150,7150,0
2022-03-25 11:51:00,7150,7150,7150,7150,0
2022-03-25 11:52:00,7150,7150,7150,7150,0
2022-03-25 11:53:00,7150,7150,7150,7150,0
2022-03-25 11:54:00,7150,7150,7150,7150,0
2022-03-25 11:55:00,7150,7150,7150,7150,0
2022-03-25 11:56:00,7150,7150,7150,7150,0
2022-03-25 11:57:00,7150,7150,7150,7150,0
2022-03-25 11:58:00,7150,7150,7150,7150,0
2022-03-25 11:59:00,7150,7150,7150,7150,0
2022-03-25 12:00:00,7150,7150,7150,7150,0
2022-03-25 12:01:00,7150,7150,7150,7150,0
2022-03-25 12:02:00,7150,7150,7150,7150,0
2022-03-25 12:03:00,7150,7150,7150,7150,0
2022-03-25 12:04:00,7150,7150,7150,7150,0
2022-03-25 12:05:00,7150,7150,7150,7150,0
2022-03-25 12:06:00,7150,7150,7150,7150,0
2022-03-25 12:07:00,7150,7150,7150,7150,0
2022-03-25 12:08:00,7150,7150,7150,7150,0
2022-03-25 12:09:00,7150,7150,7150,7150,0
2022-03-25 12:10:00,7150,7150,7150,7150,0
2022-03-25 12:11:00,7150,7150,7150,7150,0
2022-03-25 12:12:00,7150,7150,7150,7150,0
2022-03-25 12:13:00,7150,7150,7150,7150,0
2022-03-25 12:14:00,7150,7150,7150,7150,0
2022-03-25 12:15:00,7150,7150,7150,7150,0
2022-03-25 12:16:00,7150,7150,7150,7150,0
2022-03-25 12:17:00,7150,7150,7150,7150,0
2022-03-25 12:18:00,7150,7150,7150,7150,0
2022-03-25 12:19:00,7150,7150,7150,7150,0
2022-03-25 12:20:00,7150,7150,7150,7150,0
2022-03-25 12:21:00,7150,7150,7150,7150,0
2022-03-25 12:22:00,7150,7150,7150,7150,0
2022-03-25 12:23:00,7150,7150,7150,7150,0
2022-03-25 12:24:00,7150,7150,7150,7150,0
2022-03-25 12:25:00,7150,7150,7150,7150,0
2022-03-25 12:26:00,7150,7150,7150,7150,0
2022-03-25 12:27:00,7150,7150,7150,7150,0
2022-03-25 12:28:00,7150,7150,7150,7150,0
2022-03-25 12:29:00,7150,7150,7150,7150,0
2022-03-25 12:30:00,7150,7150,7150,7150,0
2022-03-25 12:31:00,7150,7150,7150,7150,0
2022-03-25 12:32:00,7150,7150,7150,7150,0
2022-03-25 12:33:00,7150,7150,7150,7150,0
2022-03-25 12:34:00,7150,7150,7150,7150,0
2022-03-25 12:35:00,7150,7150,7150,7150,0
2022-03-25 12:36:00,7150,7150,7150,7150,0
2022-03-25 12:37:00,7150,7150,7150,7150,0
2022-03-25 12:38:00,7150,7150,7150,7150,0
2022-03-25 12:39:00,7150,7150,7150,7150,0
2022-03-25 12:40:00,7150,7150,7150,7150,0
2022-03-25 12:41:00,7150,7150,7150,7150,0
2022-03-25 12:42:00,7150,7150,7150,7150,0
2022-03-25 12:43:00,7150,7150,7150,7150,0
2022-03-25 12:44:00,7150,7150,7150,7150,0
2022-03-25 12:45:00,7150,7150,7150,7150,0
2022-03-25 12:46:00,7150,7150,7150,7150,0
2022-03-25 12:47:00,7150,7150,7150,7150,0
2022-03-25 12:48:00,7150,7150,7150,7150,0
2022-03-25 12:49:00,7150,7150,7150,7150,0
2022-03-25 12:50:00,7150,7150,7150,7150,0
2022-03-25 12:51:00,7150,7150,7150,7150,0
2022-03-25 12:52:00,7150,7150,7150,7150,0
2022-03-25 12:53:00,7150,7150,7150,7150,0
2022-03-25 12:54:00,7150,7150,7150,7150,0
2022-03-25 12:55:00,7150,7150,7150,7150,0
2022-03-25 12:56:00,7150,7150,7150,7150,0
2022-03-25 12:57:00,7150,7150,7150,7150,0
2022-03-25 12:58:00,7150,7150,7150,7150,0
2022-03-25 12:59:00,7150,7150,7150,7150,0
2022-03-25 13:00:00,7150,7150,7150,7150,0
2022-03-25 13:01:00,7150,7150,7150,7150,0
2022-03-25 13:02:00,7150,7150,7150,7150,0
2022-03-25 13:03:00,7150,7150,7150,7150,0
2022-03-25 13:04:00,7150,7150,7150,7150,0
2022-03-25 13:05:00,7150,7150,7150,7150,0
2022-03-25 13:06:00,7150,7150,7150,7150,0
2022-03-25 13:07:00,7150,7150,7150,7150,0
2022-03-25 13:08:00,7150,7150,7150,7150,0
2022-03-25 13:09:00,7150,7150,7150,7150,0
2022-03-25 13:10:00,7150,7150,7150,7150,0
2022-03-25 13:11:00,7150,7150,7150,7150,0
2022-03-25 13:12:00,7150,7150,7150,7150,0
2022-03-25 13:13:00,7150,7150,7150,7150,0
2022-03-25 13:14:00,7150,7150,7150,7150,0
2022-03-25 13:15:00,7150,7150,7150,7150,0
2022-03-25 13:16:00,7150,7150,7150,7150,0
2022-03-25 13:17:00,7150,7150,7150,7150,0
2022-03-25 13:18:00,7150,7150,7150,7150,0
2022-03-25 13:19:00,7150,7150,7150,7150,0
2022-03-25 13:20:00,7150,7150,7150,7150,0
2022-03-25 13:21:00,7150,7150,7150,7150,0
2022-03-25 13:22:00,7150,7150,7150,7150,0
2022-03-25 13:23:00,7150,7150,7150,7150,0
2022-03-25 13:24:00,7150,7150,7150,7150,0
2022-03-25 13:25:00,7150,7150,7150,7150,0
2022-03-25 13:26:00,7150,7150,7150,7150,0
2022-03-25 13:27:00,7150,7150,7150,7150,0
2022-03-25 13:28:00,7150,7150,7150,7150,0
2022-03-25 13:29:00,7150,7150,7150,7150,0
2022-03-25 13:30:00,7150,7150,7175,7150,14900
2022-03-25 13:31:00,7150,7150,7150,7150,300
2022-03-25 13:32:00,7150,7150,7150,7150,200
2022-03-25 13:33:00,7150,7150,7150,7150,300
2022-03-25 13:34:00,7150,7150,7150,7150,2300
2022-03-25 13:35:00,7150,7150,7150,7150,900
2022-03-25 13:36:00,7150,7150,7150,7150,15700
2022-03-25 13:37:00,7150,7125,7150,7125,23500
2022-03-25 13:38:00,7125,7125,7125,7125,100300
2022-03-25 13:39:00,7125,7125,7125,7125,900
2022-03-25 13:40:00,7125,7125,7125,7125,300
2022-03-25 13:41:00,7125,7125,7125,7125,1600
2022-03-25 13:42:00,7150,7150,7150,7150,99400
2022-03-25 13:43:00,7150,7150,7150,7150,1300
2022-03-25 13:44:00,7150,7150,7150,7150,1400
2022-03-25 13:45:00,7150,7125,7150,7125,16600
2022-03-25 13:46:00,7125,7125,7150,7125,600
2022-03-25 13:47:00,7150,7125,7150,7125,600
2022-03-25 13:48:00,7150,7150,7150,7150,5000
2022-03-25 13:49:00,7125,7125,7125,7125,200
2022-03-25 13:50:00,7125,7125,7125,7125,300
2022-03-25 13:51:00,7150,7125,7150,7125,1200
2022-03-25 13:52:00,7125,7125,7125,7125,300
2022-03-25 13:53:00,7125,7125,7150,7150,200
2022-03-25 13:54:00,7150,7125,7150,7125,8000
2022-03-25 13:55:00,7125,7125,7125,7125,300
2022-03-25 13:56:00,7125,7125,7125,7125,300
2022-03-25 13:57:00,7125,7125,7125,7125,400
2022-03-25 13:58:00,7125,7125,7125,7125,1000
2022-03-25 13:59:00,7125,7125,7125,7125,400
2022-03-25 14:00:00,7125,7125,7125,7125,200
2022-03-25 14:01:00,7125,7125,7125,7125,200
2022-03-25 14:02:00,7125,7125,7125,7125,10200
2022-03-25 14:03:00,7125,7125,7125,7125,5200
2022-03-25 14:04:00,7125,7125,7125,7125,200
2022-03-25 14:05:00,7125,7125,7125,7125,300
2022-03-25 14:06:00,7125,7125,7125,7125,200
2022-03-25 14:07:00,7125,7125,7125,7125,50300
2022-03-25 14:08:00,7125,7125,7150,7150,300
2022-03-25 14:09:00,7125,7125,7125,7125,57400
2022-03-25 14:10:00,7125,7125,7125,7125,6500
2022-03-25 14:11:00,7125,7125,7150,7125,10400
2022-03-25 14:12:00,7125,7125,7125,7125,22700
2022-03-25 14:13:00,7100,7100,7125,7100,15200
2022-03-25 14:14:00,7100,7100,7125,7100,1800
2022-03-25 14:15:00,7125,7100,7125,7100,700
2022-03-25 14:16:00,7125,7125,7125,7125,4000
2022-03-25 14:17:00,7125,7100,7125,7100,900
2022-03-25 14:18:00,7100,7100,7125,7125,13100
2022-03-25 14:19:00,7100,7100,7125,7100,15600
2022-03-25 14:20:00,7125,7100,7125,7100,1000
2022-03-25 14:21:00,7125,7125,7125,7125,400
2022-03-25 14:22:00,7125,7100,7125,7100,6600
2022-03-25 14:23:00,7125,7100,7125,7100,2600
2022-03-25 14:24:00,7125,7100,7125,7100,1400
2022-03-25 14:25:00,7125,7100,7125,7100,3400
2022-03-25 14:26:00,7125,7100,7125,7100,3400
2022-03-25 14:27:00,7100,7100,7100,7100,24800
2022-03-25 14:28:00,7100,7100,7100,7100,6100
2022-03-25 14:29:00,7100,7100,7125,7100,83000
2022-03-25 14:30:00,7100,7100,7125,7125,48800
2022-03-25 14:31:00,7100,7100,7125,7125,0
2022-03-25 14:32:00,7100,7100,7125,7100,5600
2022-03-25 14:33:00,7125,7100,7150,7150,111900
2022-03-25 14:34:00,7125,7125,7125,7125,15200
2022-03-25 14:35:00,7125,7125,7125,7125,17300
2022-03-25 14:36:00,7100,7100,7100,7100,1000
2022-03-25 14:37:00,7125,7125,7125,7125,5200
2022-03-25 14:38:00,7125,7100,7125,7100,16000
2022-03-25 14:39:00,7125,7125,7125,7125,1600
2022-03-25 14:40:00,7125,7125,7125,7125,0
2022-03-25 14:41:00,7100,7100,7100,7100,700
2022-03-25 14:42:00,7125,7100,7125,7100,600
2022-03-25 14:43:00,7100,7100,7100,7100,1000
2022-03-25 14:44:00,7100,7100,7100,7100,2500
2022-03-25 14:45:00,7100,7100,7125,7125,4600
2022-03-25 14:46:00,7100,7100,7125,7100,32000
2022-03-25 14:47:00,7100,7100,7125,7100,53800
2022-03-25 14:48:00,7100,7100,7125,7125,89700
2022-03-25 14:49:00,7125,7100,7125,7100,33300
2022-03-25 14:50:00,7125,7100,7125,7100,0
2022-03-25 14:51:00,7125,7100,7125,7100,0
2022-03-25 14:52:00,7125,7100,7125,7100,0
2022-03-25 14:53:00,7125,7100,7125,7100,0
2022-03-25 14:54:00,7125,7100,7125,7100,0
2022-03-25 14:55:00,7125,7100,7125,7100,0
2022-03-25 14:56:00,7125,7100,7125,7100,0
2022-03-25 14:57:00,7125,7100,7125,7100,0
2022-03-25 14:58:00,7125,7100,7125,7100,0
2022-03-25 14:59:00,7125,7100,7125,7100,0
2022-03-25 15:00:00,7100,7100,7100,7100,140000
2022-03-25 15:01:00,7100,7100,7100,7100,800
2022-03-25 15:02:00,7100,7100,7100,7100,5500
2022-03-25 15:03:00,7100,7100,7100,7100,500
2022-03-25 15:04:00,7100,7100,7100,7100,0
2022-03-25 15:05:00,7100,7100,7100,7100,0
2022-03-25 15:06:00,7100,7100,7100,7100,700
2022-03-25 15:07:00,7100,7100,7100,7100,0
2022-03-25 15:08:00,7100,7100,7100,7100,500
2022-03-25 15:09:00,7100,7100,7100,7100,0
2022-03-25 15:10:00,7100,7100,7100,7100,0
2022-03-25 15:11:00,7100,7100,7100,7100,0
2022-03-25 15:12:00,7100,7100,7100,7100,0
2022-03-25 15:13:00,7100,7100,7100,7100,100
2022-03-25 15:14:00,7100,7100,7100,7100,0
2022-03-25 15:15:00,7100,7100,7100,7100,0
2022-03-25 15:16:00,7100,7100,7100,7100,0
2022-03-25 15:17:00,7100,7100,7100,7100,0
2022-03-25 15:18:00,7100,7100,7100,7100,0
2022-03-25 15:19:00,7100,7100,7100,7100,0
2022-03-25 15:20:00,7100,7100,7100,7100,0
2022-03-25 15:21:00,7100,7100,7100,7100,0
2022-03-25 15:22:00,7100,7100,7100,7100,0
2022-03-25 15:23:00,7100,7100,7100,7100,0
2022-03-25 15:24:00,7100,7100,7100,7100,0
2022-03-25 15:25:00,7100,7100,7100,7100,0
2022-03-25 15:26:00,7100,7100,7100,7100,0
2022-03-25 15:27:00,7100,7100,7100,7100,0
2022-03-25 15:28:00,7100,7100,7100,7100,0
2022-03-25 15:29:00,7100,7100,7100,7100,0
2022-03-25 15:30:00,7100,7100,7100,7100,0
2022-03-25 15:31:00,7100,7100,7100,7100,0
2022-03-25 15:32:00,7100,7100,7100,7100,0
2022-03-25 15:33:00,7100,7100,7100,7100,0
2022-03-25 15:34:00,7100,7100,7100,7100,0
2022-03-25 15:35:00,7100,7100,7100,7100,0
2022-03-25 15:36:00,7100,7100,7100,7100,0
2022-03-25 15:37:00,7100,7100,7100,7100,0
2022-03-25 15:38:00,7100,7100,7100,7100,0
2022-03-25 15:39:00,7100,7100,7100,7100,0
2022-03-25 15:40:00,7100,7100,7100,7100,0
2022-03-25 15:41:00,7100,7100,7100,7100,0
2022-03-25 15:42:00,7100,7100,7100,7100,0
2022-03-25 15:43:00,7100,7100,7100,7100,0
2022-03-25 15:44:00,7100,7100,7100,7100,0
2022-03-25 15:45:00,7100,7100,7100,7100,0
2022-03-25 15:46:00,7100,7100,7100,7100,0
2022-03-25 15:47:00,7100,7100,7100,7100,0
2022-03-25 15:48:00,7100,7100,7100,7100,0
2022-03-25 15:49:00,7100,7100,7100,7100,0
2022-03-25 15:50:00,7100,7100,7100,7100,0
2022-03-25 15:51:00,7100,7100,7100,7100,0
2022-03-25 15:52:00,7100,7100,7100,7100,0
2022-03-25 15:53:00,7100,7100,7100,7100,0
2022-03-25 15:54:00,7100,7100,7100,7100,0
2022-03-25 15:55:00,7100,7100,7100,7100,0
2022-03-25 15:56:00,7100,7100,7100,7100,0
2022-03-25 15:57:00,7100,7100,7100,7100,0
2022-03-25 15:58:00,7100,7100,7100,7100,0
2022-03-25 15:59:00,7100,7100,7100,7100,0
2022-03-28 09:00:00,7100,7100,7100,7100,0
2022-03-28 09:01:00,7100,7100,7100,7100,0
2022-03-28 09:02:00,7100,7100,7100,7100,0
2022-03-28 09:03:00,7100,7100,7100,7100,0
2022-03-28 09:04:00,7100,7100,7100,7100,0
2022-03-28 09:05:00,7100,7100,7100,7100,0
2022-03-28 09:06:00,7100,7100,7100,7100,0
2022-03-28 09:07:00,7100,7100,7100,7100,0
2022-03-28 09:08:00,7100,7100,7100,7100,0
2022-03-28 09:09:00,7100,7100,7100,7100,0
2022-03-28 09:10:00,7100,7100,7100,7100,0
2022-03-28 09:11:00,7100,7100,7100,7100,0
2022-03-28 09:12:00,7100,7100,7100,7100,0
2022-03-28 09:13:00,7100,7100,7100,7100,0
2022-03-28 09:14:00,7100,7100,7100,7100,0
2022-03-28 09:15:00,7100,7100,7100,7100,0
2022-03-28 09:16:00,7100,7100,7100,7100,0
2022-03-28 09:17:00,7100,7100,7100,7100,0
2022-03-28 09:18:00,7100,7100,7100,7100,0
2022-03-28 09:19:00,7100,7100,7100,7100,0
2022-03-28 09:20:00,7100,7100,7100,7100,0
2022-03-28 09:21:00,7100,7100,7100,7100,0
2022-03-28 09:22:00,7100,7100,7100,7100,0
2022-03-28 09:23:00,7100,7100,7100,7100,0
2022-03-28 09:24:00,7100,7100,7100,7100,0
2022-03-28 09:25:00,7100,7100,7100,7100,0
2022-03-28 09:26:00,7100,7100,7100,7100,0
2022-03-28 09:27:00,7100,7100,7100,7100,0
2022-03-28 09:28:00,7100,7100,7100,7100,0
2022-03-28 09:29:00,7100,7100,7100,7100,0
2022-03-28 09:30:00,7100,7100,7100,7100,0
2022-03-28 09:31:00,7100,7100,7100,7100,0
2022-03-28 09:32:00,7100,7100,7100,7100,0
2022-03-28 09:33:00,7100,7100,7100,7100,0
2022-03-28 09:34:00,7100,7100,7100,7100,0
2022-03-28 09:35:00,7100,7100,7100,7100,0
2022-03-28 09:36:00,7100,7100,7100,7100,0
2022-03-28 09:37:00,7100,7100,7100,7100,0
2022-03-28 09:38:00,7100,7100,7100,7100,0
2022-03-28 09:39:00,7100,7100,7100,7100,0
2022-03-28 09:40:00,7100,7100,7100,7100,0
2022-03-28 09:41:00,7100,7100,7100,7100,0
2022-03-28 09:42:00,7100,7100,7100,7100,0
2022-03-28 09:43:00,7100,7100,7100,7100,0
2022-03-28 09:44:00,7100,7100,7100,7100,0
2022-03-28 09:45:00,7100,7100,7100,7100,0
2022-03-28 09:46:00,7100,7100,7100,7100,0
2022-03-28 09:47:00,7100,7100,7100,7100,0
2022-03-28 09:48:00,7100,7100,7100,7100,0
2022-03-28 09:49:00,7100,7100,7100,7100,0
2022-03-28 09:50:00,7100,7100,7100,7100,0
2022-03-28 09:51:00,7100,7100,7100,7100,0
2022-03-28 09:52:00,7100,7100,7100,7100,0
2022-03-28 09:53:00,7100,7100,7100,7100,0
2022-03-28 09:54:00,7100,7100,7100,7100,0
2022-03-28 09:55:00,7100,7100,7100,7100,0
2022-03-28 09:56:00,7100,7100,7100,7100,0
2022-03-28 09:57:00,7100,7100,7100,7100,0
2022-03-28 09:58:00,7100,7100,7100,7100,0
2022-03-28 09:59:00,7100,7100,7100,7100,0
2022-03-28 10:00:00,7100,7100,7100,7100,0
2022-03-28 10:01:00,7100,7100,7100,7100,0
2022-03-28 10:02:00,7100,7100,7100,7100,0
2022-03-28 10:03:00,7100,7100,7100,7100,0
2022-03-28 10:04:00,7100,7100,7100,7100,0
2022-03-28 10:05:00,7100,7100,7100,7100,0
2022-03-28 10:06:00,7100,7100,7100,7100,0
2022-03-28 10:07:00,7100,7100,7100,7100,0
2022-03-28 10:08:00,7100,7100,7100,7100,0
2022-03-28 10:09:00,7100,7100,7100,7100,0
2022-03-28 10:10:00,7100,7100,7100,7100,0
2022-03-28 10:11:00,7100,7100,7100,7100,0
2022-03-28 10:12:00,7100,7100,7100,7100,0
2022-03-28 10:13:00,7100,7100,7100,7100,0
2022-03-28 10:14:00,7100,7100,7100,7100,0
2022-03-28 10:15:00,7100,7100,7100,7100,0
2022-03-28 10:16:00,7100,7100,7100,7100,0
2022-03-28 10:17:00,7100,7100,7100,7100,0
2022-03-28 10:18:00,7100,7100,7100,7100,0
2022-03-28 10:19:00,7100,7100,7100,7100,0
2022-03-28 10:20:00,7100,7100,7100,7100,0
2022-03-28 10:21:00,7100,7100,7100,7100,0
2022-03-28 10:22:00,7100,7100,7100,7100,0
2022-03-28 10:23:00,7100,7100,7100,7100,0
2022-03-28 10:24:00,7100,7100,7100,7100,0
2022-03-28 10:25:00,7100,7100,7100,7100,0
2022-03-28 10:26:00,7100,7100,7100,7100,0
2022-03-28 10:27:00,7100,7100,7100,7100,0
2022-03-28 10:28:00,7100,7100,7100,7100,0
2022-03-28 10:29:00,7100,7100,7100,7100,0
2022-03-28 10:30:00,7100,7100,7100,7100,0
2022-03-28 10:31:00,7100,7100,7100,7100,0
2022-03-28 10:32:00,7100,7100,7100,7100,0
2022-03-28 10:33:00,7100,7100,7100,7100,0
2022-03-28 10:34:00,7100,7100,7100,7100,0
2022-03-28 10:35:00,7100,7100,7100,7100,0
2022-03-28 10:36:00,7100,7100,7100,7100,0
2022-03-28 10:37:00,7100,7100,7100,7100,0
2022-03-28 10:38:00,7100,7100,7100,7100,0
2022-03-28 10:39:00,7100,7100,7100,7100,0
2022-03-28 10:40:00,7100,7100,7100,7100,0
2022-03-28 10:41:00,7100,7100,7100,7100,0
2022-03-28 10:42:00,7100,7100,7100,7100,0
2022-03-28 10:43:00,7100,7100,7100,7100,0
2022-03-28 10:44:00,7100,7100,7100,7100,0
2022-03-28 10:45:00,7100,7100,7100,7100,0
2022-03-28 10:46:00,7100,7100,7100,7100,0
2022-03-28 10:47:00,7100,7100,7100,7100,0
2022-03-28 10:48:00,7100,7100,7100,7100,0
2022-03-28 10:49:00,7100,7100,7100,7100,0
2022-03-28 10:50:00,7100,7100,7100,7100,0
2022-03-28 10:51:00,7100,7100,7100,7100,0
2022-03-28 10:52:00,7100,7100,7100,7100,0
2022-03-28 10:53:00,7100,7100,7100,7100,0
2022-03-28 10:54:00,7100,7100,7100,7100,0
2022-03-28 10:55:00,7100,7100,7100,7100,0
2022-03-28 10:56:00,7100,7100,7100,7100,0
2022-03-28 10:57:00,7100,7100,7100,7100,0
2022-03-28 10:58:00,7100,7100,7100,7100,0
2022-03-28 10:59:00,7100,7100,7100,7100,0
2022-03-28 11:00:00,7100,7100,7100,7100,0
2022-03-28 11:01:00,7100,7100,7100,7100,0
2022-03-28 11:02:00,7100,7100,7100,7100,0
2022-03-28 11:03:00,7100,7100,7100,7100,0
2022-03-28 11:04:00,7100,7100,7100,7100,0
2022-03-28 11:05:00,7100,7100,7100,7100,0
2022-03-28 11:06:00,7100,7100,7100,7100,0
2022-03-28 11:07:00,7100,7100,7100,7100,0
2022-03-28 11:08:00,7100,7100,7100,7100,0
2022-03-28 11:09:00,7100,7100,7100,7100,0
2022-03-28 11:10:00,7100,7100,7100,7100,0
2022-03-28 11:11:00,7100,7100,7100,7100,0
2022-03-28 11:12:00,7100,7100,7100,7100,0
2022-03-28 11:13:00,7100,7100,7100,7100,0
2022-03-28 11:14:00,7100,7100,7100,7100,0
2022-03-28 11:15:00,7100,7100,7100,7100,0
2022-03-28 11:16:00,7100,7100,7100,7100,0
2022-03-28 11:17:00,7100,7100,7100,7100,0
2022-03-28 11:18:00,7100,7100,7100,7100,0
2022-03-28 11:19:00,7100,7100,7100,7100,0
2022-03-28 11:20:00,7100,7100,7100,7100,0
2022-03-28 11:21:00,7100,7100,7100,7100,0
2022-03-28 11:22:00,7100,7100,7100,7100,0
2022-03-28 11:23:00,7100,7100,7100,7100,0
2022-03-28 11:24:00,7100,7100,7100,7100,0
2022-03-28 11:25:00,7100,7100,7100,7100,0
2022-03-28 11:26:00,7100,7100,7100,7100,0
2022-03-28 11:27:00,7100,7100,7100,7100,0
2022-03-28 11:28:00,7100,7100,7100,7100,0
2022-03-28 11:29:00,7100,7100,7100,7100,0
2022-03-28 11:30:00,7100,7100,7100,7100,0
2022-03-28 11:31:00,7100,7100,7100,7100,0
2022-03-28 11:32:00,7100,7100,7100,7100,0
2022-03-28 11:33:00,7100,7100,7100,7100,0
2022-03-28 11:34:00,7100,7100,7100,7100,0
2022-03-28 11:35:00,7100,7100,7100,7100,0
2022-03-28 11:36:00,7100,7100,7100,7100,0
2022-03-28 11:37:00,7100,7100,7100,7100,0
2022-03-28 11:38:00,7100,7100,7100,7100,0
2022-03-28 11:39:00,7100,7100,7100,7100,0
2022-03-28 11:40:00,7100,7100,7100,7100,0
2022-03-28 11:41:00,7100,7100,7100,7100,0
2022-03-28 11:42:00,7100,7100,7100,7100,0
2022-03-28 11:43:00,7100,7100,7100,7100,0
2022-03-28 11:44:00,7100,7100,7100,7100,0
2022-03-28 11:45:00,7100,7100,7100,7100,0
2022-03-28 11:46:00,7100,7100,7100,7100,0
2022-03-28 11:47:00,7100,7100,7100,7100,0
2022-03-28 11:48:00,7100,7100,7100,7100,0
2022-03-28 11:49:00,7100,7100,7100,7100,0
2022-03-28 11:50:00,7100,7100,7100,7100,0
2022-03-28 11:51:00,7100,7100,7100,7100,0
2022-03-28 11:52:00,7100,7100,7100,7100,0
2022-03-28 11:53:00,7100,7100,7100,7100,0
2022-03-28 11:54:00,7100,7100,7100,7100,0
2022-03-28 11:55:00,7100,7100,7100,7100,0
2022-03-28 11:56:00,7100,7100,7100,7100,0
2022-03-28 11:57:00,7100,7100,7100,7100,0
2022-03-28 11:58:00,7100,7100,7100,7100,0
2022-03-28 11:59:00,7100,7100,7100,7100,0
2022-03-28 12:00:00,7100,7100,7100,7100,0
2022-03-28 12:01:00,7100,7100,7100,7100,0
2022-03-28 12:02:00,7100,7100,7100,7100,0
2022-03-28 12:03:00,7100,7100,7100,7100,0
2022-03-28 12:04:00,7100,7100,7100,7100,0
2022-03-28 12:05:00,7100,7100,7100,7100,0
2022-03-28 12:06:00,7100,7100,7100,7100,0
2022-03-28 12:07:00,7100,7100,7100,7100,0
2022-03-28 12:08:00,7100,7100,7100,7100,0
2022-03-28 12:09:00,7100,7100,7100,7100,0
2022-03-28 12:10:00,7100,7100,7100,7100,0
2022-03-28 12:11:00,7100,7100,7100,7100,0
2022-03-28 12:12:00,7100,7100,7100,7100,0
2022-03-28 12:13:00,7100,7100,7100,7100,0
2022-03-28 12:14:00,7100,7100,7100,7100,0
2022-03-28 12:15:00,7100,7100,7100,7100,0
2022-03-28 12:16:00,7100,7100,7100,7100,0
2022-03-28 12:17:00,7100,7100,7100,7100,0
2022-03-28 12:18:00,7100,7100,7100,7100,0
2022-03-28 12:19:00,7100,7100,7100,7100,0
2022-03-28 12:20:00,7100,7100,7100,7100,0
2022-03-28 12:21:00,7100,7100,7100,7100,0
2022-03-28 12:22:00,7100,7100,7100,7100,0
2022-03-28 12:23:00,7100,7100,7100,7100,0
2022-03-28 12:24:00,7100,7100,7100,7100,0
2022-03-28 12:25:00,7100,7100,7100,7100,0
2022-03-28 12:26:00,7100,7100,7100,7100,0
2022-03-28 12:27:00,7100,7100,7100,7100,0
2022-03-28 12:28:00,7100,7100,7100,7100,0
2022-03-28 12:29:00,7100,7100,7100,7100,0
2022-03-28 12:30:00,7100,7100,7100,7100,0
2022-03-28 12:31:00,7100,7100,7100,7100,0
2022-03-28 12:32:00,7100,7100,7100,7100,0
2022-03-28 12:33:00,7100,7100,7100,7100,0
2022-03-28 12:34:00,7100,7100,7100,7100,0
2022-03-28 12:35:00,7100,7100,7100,7100,0
2022-03-28 12:36:00,7100,7100,7100,7100,0
2022-03-28 12:37:00,7100,7100,7100,7100,0
2022-03-28 12:38:00,7100,7100,7100,7100,0
2022-03-28 12:39:00,7100,7100,7100,7100,0
2022-03-28 12:40:00,7100,7100,7100,7100,0
2022-03-28 12:41:00,7100,7100,7100,7100,0
2022-03-28 12:42:00,7100,7100,7100,7100,0
2022-03-28 12:43:00,7100,7100,7100,7100,0
2022-03-28 12:44:00,7100,7100,7100,7100,0
2022-03-28 12:45:00,7100,7100,7100,7100,0
2022-03-28 12:46:00,7100,7100,7100,7100,0
2022-03-28 12:47:00,7100,7100,7100,7100,0
2022-03-28 12:48:00,7100,7100,7100,7100,0
2022-03-28 12:49:00,7100,7100,7100,7100,0
2022-03-28 12:50:00,7100,7100,7100,7100,0
2022-03-28 12:51:00,7100,7100,7100,7100,0
2022-03-28 12:52:00,7100,7100,7100,7100,0
2022-03-28 12:53:00,7100,7100,7100,7100,0
2022-03-28 12:54:00,7100,7100,7100,7100,0
2022-03-28 12:55:00,7100,7100,7100,7100,0
2022-03-28 12:56:00,7100,7100,7100,7100,0
2022-03-28 12:57:00,7100,7100,7100,7100,0
2022-03-28 12:58:00,7100,7100,7100,7100,0
2022-03-28 12:59:00,7100,7100,7100,7100,0
2022-03-28 13:00:00,7100,7100,7100,7100,0
2022-03-28 13:01:00,7100,7100,7100,7100,0
2022-03-28 13:02:00,7100,7100,7100,7100,0
2022-03-28 13:03:00,7100,7100,7100,7100,0
2022-03-28 13:04:00,7100,7100,7100,7100,0
2022-03-28 13:05:00,7100,7100,7100,7100,0
2022-03-28 13:06:00,7100,7100,7100,7100,0
2022-03-28 13:07:00,7100,7100,7100,7100,0
2022-03-28 13:08:00,7100,7100,7100,7100,0
2022-03-28 13:09:00,7100,7100,7100,7100,0
2022-03-28 13:10:00,7100,7100,7100,7100,0
2022-03-28 13:11:00,7100,7100,7100,7100,0
2022-03-28 13:12:00,7100,7100,7100,7100,0
2022-03-28 13:13:00,7100,7100,7100,7100,0
2022-03-28 13:14:00,7100,7100,7100,7100,0
2022-03-28 13:15:00,7100,7100,7100,7100,0
2022-03-28 13:16:00,7100,7100,7100,7100,0
2022-03-28 13:17:00,7100,7100,7100,7100,0
2022-03-28 13:18:00,7100,7100,7100,7100,0
2022-03-28 13:19:00,7100,7100,7100,7100,0
2022-03-28 13:20:00,7100,7100,7100,7100,0
2022-03-28 13:21:00,7100,7100,7100,7100,0
2022-03-28 13:22:00,7100,7100,7100,7100,0
2022-03-28 13:23:00,7100,7100,7100,7100,0
2022-03-28 13:24:00,7100,7100,7100,7100,0
2022-03-28 13:25:00,7100,7100,7100,7100,0
2022-03-28 13:26:00,7100,7100,7100,7100,0
2022-03-28 13:27:00,7100,7100,7100,7100,0
2022-03-28 13:28:00,7100,7100,7100,7100,0
2022-03-28 13:29:00,7100,7100,7100,7100,0
2022-03-28 13:30:00,7100,7100,7100,7100,0
2022-03-28 13:31:00,7100,7100,7100,7100,0
2022-03-28 13:32:00,7100,7100,7100,7100,0
2022-03-28 13:33:00,7100,7100,7100,7100,0
2022-03-28 13:34:00,7100,7100,7100,7100,0
2022-03-28 13:35:00,7100,7100,7100,7100,0
2022-03-28 13:36:00,7100,7100,7100,7100,0
2022-03-28 13:37:00,7100,7100,7100,7100,0
2022-03-28 13:38:00,7100,7100,7100,7100,0
2022-03-28 13:39:00,7100,7100,7100,7100,0
2022-03-28 13:40:00,7100,7100,7100,7100,0
2022-03-28 13:41:00,7100,7100,7100,7100,0
2022-03-28 13:42:00,7100,7100,7100,7100,0
2022-03-28 13:43:00,7100,7100,7100,7100,0
2022-03-28 13:44:00,7100,7100,7100,7100,0
2022-03-28 13:45:00,7100,7100,7100,7100,0
2022-03-28 13:46:00,7100,7100,7100,7100,0
2022-03-28 13:47:00,7100,7100,7100,7100,0
2022-03-28 13:48:00,7100,7100,7100,7100,0
2022-03-28 13:49:00,7100,7100,7100,7100,0
2022-03-28 13:50:00,7100,7100,7100,7100,0
2022-03-28 13:51:00,7100,7100,7100,7100,0
2022-03-28 13:52:00,7100,7100,7100,7100,0
2022-03-28 13:53:00,7100,7100,7100,7100,0
2022-03-28 13:54:00,7100,7100,7100,7100,0
2022-03-28 13:55:00,7100,7100,7100,7100,0
2022-03-28 13:56:00,7100,7100,7100,7100,0
2022-03-28 13:57:00,7100,7100,7100,7100,0
2022-03-28 13:58:00,7100,7100,7100,7100,0
2022-03-28 13:59:00,7100,7100,7100,7100,0
2022-03-28 14:00:00,7100,7100,7100,7100,0
2022-03-28 14:01:00,7100,7100,7100,7100,0
2022-03-28 14:02:00,7100,7100,7100,7100,0
2022-03-28 14:03:00,7100,7100,7100,7100,0
2022-03-28 14:04:00,7100,7100,7100,7100,0
2022-03-28 14:05:00,7100,7100,7100,7100,0
2022-03-28 14:06:00,7100,7100,7100,7100,0
2022-03-28 14:07:00,7100,7100,7100,7100,0
2022-03-28 14:08:00,7100,7100,7100,7100,0
2022-03-28 14:09:00,7100,7100,7100,7100,0
2022-03-28 14:10:00,7100,7100,7100,7100,0
2022-03-28 14:11:00,7100,7100,7100,7100,0
2022-03-28 14:12:00,7100,7100,7100,7100,0
2022-03-28 14:13:00,7100,7100,7100,7100,0
2022-03-28 14:14:00,7100,7100,7100,7100,0
2022-03-28 14:15:00,7100,7100,7100,7100,0
2022-03-28 14:16:00,7100,7100,7100,7100,0
2022-03-28 14:17:00,7100,7100,7100,7100,0
2022-03-28 14:18:00,7100,7100,7100,7100,0
2022-03-28 14:19:00,7100,7100,7100,7100,0
2022-03-28 14:20:00,7100,7100,7100,7100,0
2022-03-28 14:21:00,7100,7100,7100,7100,0
2022-03-28 14:22:00,7100,7100,7100,7100,0
2022-03-28 14:23:00,7100,7100,7100,7100,0
2022-03-28 14:24:00,7100,7100,7100,7100,0
2022-03-28 14:25:00,7100,7100,7100,7100,0
2022-03-28 14:26:00,7100,7100,7100,7100,0
2022-03-28 14:27:00,7100,7100,7100,7100,0
2022-03-28 14:28:00,7100,7100,7100,7100,0
2022-03-28 14:29:00,7100,7100,7100,7100,0
2022-03-28 14:30:00,7100,7100,7100,7100,0
2022-03-28 14:31:00,7100,7100,7100,7100,0
2022-03-28 14:32:00,7100,7100,7100,7100,0
2022-03-28 14:33:00,7100,7100,7100,7100,0
2022-03-28 14:34:00,7100,7100,7100,7100,0
2022-03-28 14:35:00,7100,7100,7100,7100,0
2022-03-28 14:36:00,7100,7100,7100,7100,0
2022-03-28 14:37:00,7100,7100,7100,7100,0
2022-03-28 14:38:00,7100,7100,7100,7100,0
2022-03-28 14:39:00,7100,7100,7100,7100,0
2022-03-28 14:40:00,7100,7100,7100,7100,0
2022-03-28 14:41:00,7100,7100,7100,7100,0
2022-03-28 14:42:00,7100,7100,7100,7100,0
2022-03-28 14:43:00,7100,7100,7100,7100,0
2022-03-28 14:44:00,7100,7100,7100,7100,0
2022-03-28 14:45:00,7100,7100,7100,7100,0
2022-03-28 14:46:00,7100,7100,7100,7100,0
2022-03-28 14:47:00,7100,7100,7100,7100,0
2022-03-28 14:48:00,7100,7100,7100,7100,0
2022-03-28 14:49:00,7100,7100,7100,7100,0
2022-03-28 14:50:00,7100,7100,7100,7100,0
2022-03-28 14:51:00,7100,7100,7100,7100,0
2022-03-28 14:52:00,7100,7100,7100,7100,0
2022-03-28 14:53:00,7100,7100,7100,7100,0
2022-03-28 14:54:00,7100,7100,7100,7100,0
2022-03-28 14:55:00,7100,7100,7100,7100,0
2022-03-28 14:56:00,7100,7100,7100,7100,0
2022-03-28 14:57:00,7100,7100,7100,7100,0
2022-03-28 14:58:00,7100,7100,7100,7100,0
2022-03-28 14:59:00,7100,7100,7100,7100,0
2022-03-28 15:00:00,7100,7100,7100,7100,0
2022-03-28 15:01:00,7100,7100,7100,7100,0
2022-03-28 15:02:00,7100,7100,7100,7100,0
2022-03-28 15:03:00,7100,7100,7100,7100,0
2022-03-28 15:04:00,7100,7100,7100,7100,0
2022-03-28 15:05:00,7100,7100,7100,7100,0
2022-03-28 15:06:00,7100,7100,7100,7100,0
2022-03-28 15:07:00,7100,7100,7100,7100,0
2022-03-28 15:08:00,7100,7100,7100,7100,0
2022-03-28 15:09:00,7100,7100,7100,7100,0
2022-03-28 15:10:00,7100,7100,7100,7100,0
2022-03-28 15:11:00,7100,7100,7100,7100,0
2022-03-28 15:12:00,7100,7100,7100,7100,0
2022-03-28 15:13:00,7100,7100,7100,7100,0
2022-03-28 15:14:00,7100,7100,7100,7100,0
2022-03-28 15:15:00,7100,7100,7100,7100,0
2022-03-28 15:16:00,7100,7100,7100,7100,0
2022-03-28 15:17:00,7100,7100,7100,7100,0
2022-03-28 15:18:00,7100,7100,7100,7100,0
2022-03-28 15:19:00,7100,7100,7100,7100,0
2022-03-28 15:20:00,7100,7100,7100,7100,0
2022-03-28 15:21:00,7100,7100,7100,7100,0
2022-03-28 15:22:00,7100,7100,7100,7100,0
2022-03-28 15:23:00,7100,7100,7100,7100,0
2022-03-28 15:24:00,7100,7100,7100,7100,0
2022-03-28 15:25:00,7100,7100,7100,7100,0
2022-03-28 15:26:00,7100,7100,7100,7100,0
2022-03-28 15:27:00,7100,7100,7100,7100,0
2022-03-28 15:28:00,7100,7100,7100,7100,0
2022-03-28 15:29:00,7100,7100,7100,7100,0
2022-03-28 15:30:00,7100,7100,7100,7100,0
2022-03-28 15:31:00,7100,7100,7100,7100,0
2022-03-28 15:32:00,7100,7100,7100,7100,0
2022-03-28 15:33:00,7100,7100,7100,7100,0
2022-03-28 15:34:00,7100,7100,7100,7100,0
2022-03-28 15:35:00,7100,7100,7100,7100,0
2022-03-28 15:36:00,7100,7100,7100,7100,0
2022-03-28 15:37:00,7100,7100,7100,7100,0
2022-03-28 15:38:00,7100,7100,7100,7100,0
2022-03-28 15:39:00,7100,7100,7100,7100,0
2022-03-28 15:40:00,7100,7100,7100,7100,0
2022-03-28 15:41:00,7100,7100,7100,7100,0
2022-03-28 15:42:00,7100,7100,7100,7100,0
2022-03-28 15:43:00,7100,7100,7100,7100,0
2022-03-28 15:44:00,7100,7100,7100,7100,0
2022-03-28 15:45:00,7100,7100,7100,7100,0
2022-03-28 15:46:00,7100,7100,7100,7100,0
2022-03-28 15:47:00,7100,7100,7100,7100,0
2022-03-28 15:48:00,7100,7100,7100,7100,0
2022-03-28 15:49:00,7100,7100,7100,7100,0
2022-03-28 15:50:00,7100,7100,7100,7100,0
2022-03-28 15:51:00,7100,7100,7100,7100,0
2022-03-28 15:52:00,7100,7100,7100,7100,0
2022-03-28 15:53:00,7100,7100,7100,7100,0
2022-03-28 15:54:00,7100,7100,7100,7100,0
2022-03-28 15:55:00,7100,7100,7100,7100,0
2022-03-28 15:56:00,7100,7100,7100,7100,0
2022-03-28 15:57:00,7100,7100,7100,7100,0
2022-03-28 15:58:00,7100,7100,7100,7100,0
2022-03-28 15:59:00,7100,7100,7100,7100,0
2022-03-29 09:00:00,7100,7100,7100,7100,0
2022-03-29 09:01:00,7100,7100,7100,7100,0
2022-03-29 09:02:00,7100,7100,7100,7100,0
2022-03-29 09:03:00,7100,7100,7100,7100,0
2022-03-29 09:04:00,7100,7100,7100,7100,0
2022-03-29 09:05:00,7100,7100,7100,7100,0
2022-03-29 09:06:00,7100,7100,7100,7100,0
2022-03-29 09:07:00,7100,7100,7100,7100,0
2022-03-29 09:08:00,7100,7100,7100,7100,0
2022-03-29 09:09:00,7100,7100,7100,7100,0
2022-03-29 09:10:00,7100,7100,7100,7100,0
2022-03-29 09:11:00,7100,7100,7100,7100,0
2022-03-29 09:12:00,7100,7100,7100,7100,0
2022-03-29 09:13:00,7100,7100,7100,7100,0
2022-03-29 09:14:00,7100,7100,7100,7100,0
2022-03-29 09:15:00,7100,7100,7100,7100,0
2022-03-29 09:16:00,7100,7100,7100,7100,0
2022-03-29 09:17:00,7100,7100,7100,7100,0
2022-03-29 09:18:00,7100,7100,7100,7100,0
2022-03-29 09:19:00,7100,7100,7100,7100,0
2022-03-29 09:20:00,7100,7100,7100,7100,0
2022-03-29 09:21:00,7100,7100,7100,7100,0
2022-03-29 09:22:00,7100,7100,7100,7100,0
2022-03-29 09:23:00,7100,7100,7100,7100,0
2022-03-29 09:24:00,7100,7100,7100,7100,0
2022-03-29 09:25:00,7100,7100,7100,7100,0
2022-03-29 09:26:00,7100,7100,7100,7100,0
2022-03-29 09:27:00,7100,7100,7100,7100,0
2022-03-29 09:28:00,7100,7100,7100,7100,0
2022-03-29 09:29:00,7100,7100,7100,7100,0
2022-03-29 09:30:00,7100,7100,7100,7100,0
2022-03-29 09:31:00,7100,7100,7100,7100,0
2022-03-29 09:32:00,7100,7100,7100,7100,0
2022-03-29 09:33:00,7100,7100,7100,7100,0
2022-03-29 09:34:00,7100,7100,7100,7100,0
2022-03-29 09:35:00,7100,7100,7100,7100,0
2022-03-29 09:36:00,7100,7100,7100,7100,0
2022-03-29 09:37:00,7100,7100,7100,7100,0
2022-03-29 09:38:00,7100,7100,7100,7100,0
2022-03-29 09:39:00,7100,7100,7100,7100,0
2022-03-29 09:40:00,7100,7100,7100,7100,0
2022-03-29 09:41:00,7100,7100,7100,7100,0
2022-03-29 09:42:00,7100,7100,7100,7100,0
2022-03-29 09:43:00,7100,7100,7100,7100,0
2022-03-29 09:44:00,7100,7100,7100,7100,0
2022-03-29 09:45:00,7100,7100,7100,7100,0
2022-03-29 09:46:00,7100,7100,7100,7100,0
2022-03-29 09:47:00,7100,7100,7100,7100,0
2022-03-29 09:48:00,7100,7100,7100,7100,0
2022-03-29 09:49:00,7100,7100,7100,7100,0
2022-03-29 09:50:00,7100,7100,7100,7100,0
2022-03-29 09:51:00,7100,7100,7100,7100,0
2022-03-29 09:52:00,7100,7100,7100,7100,0
2022-03-29 09:53:00,7100,7100,7100,7100,0
2022-03-29 09:54:00,7100,7100,7100,7100,0
2022-03-29 09:55:00,7100,7100,7100,7100,0
2022-03-29 09:56:00,7100,7100,7100,7100,0
2022-03-29 09:57:00,7100,7100,7100,7100,0
2022-03-29 09:58:00,7100,7100,7100,7100,0
2022-03-29 09:59:00,7100,7100,7100,7100,0
2022-03-29 10:00:00,7100,7100,7100,7100,0
2022-03-29 10:01:00,7100,7100,7100,7100,0
2022-03-29 10:02:00,7100,7100,7100,7100,0
2022-03-29 10:03:00,7100,7100,7100,7100,0
2022-03-29 10:04:00,7100,7100,7100,7100,0
2022-03-29 10:05:00,7100,7100,7100,7100,0
2022-03-29 10:06:00,7100,7100,7100,7100,0
2022-03-29 10:07:00,7100,7100,7100,7100,0
2022-03-29 10:08:00,7100,7100,7100,7100,0
2022-03-29 10:09:00,7100,7100,7100,7100,0
2022-03-29 10:10:00,7100,7100,7100,7100,0
2022-03-29 10:11:00,7100,7100,7100,7100,0
2022-03-29 10:12:00,7100,7100,7100,7100,0
2022-03-29 10:13:00,7100,7100,7100,7100,0
2022-03-29 10:14:00,7100,7100,7100,7100,0
2022-03-29 10:15:00,7100,7100,7100,7100,0
2022-03-29 10:16:00,7100,7100,7100,7100,0
2022-03-29 10:17:00,7100,7100,7100,7100,0
2022-03-29 10:18:00,7100,7100,7100,7100,0
2022-03-29 10:19:00,7100,7100,7100,7100,0
2022-03-29 10:20:00,7100,7100,7100,7100,0
2022-03-29 10:21:00,7100,7100,7100,7100,0
2022-03-29 10:22:00,7100,7100,7100,7100,0
2022-03-29 10:23:00,7100,7100,7100,7100,0
2022-03-29 10:24:00,7100,7100,7100,7100,0
2022-03-29 10:25:00,7100,7100,7100,7100,0
2022-03-29 10:26:00,7100,7100,7100,7100,0
2022-03-29 10:27:00,7100,7100,7100,7100,0
2022-03-29 10:28:00,7100,7100,7100,7100,0
2022-03-29 10:29:00,7100,7100,7100,7100,0
2022-03-29 10:30:00,7100,7100,7100,7100,0
2022-03-29 10:31:00,7100,7100,7100,7100,0
2022-03-29 10:32:00,7100,7100,7100,7100,0
2022-03-29 10:33:00,7100,7100,7100,7100,0
2022-03-29 10:34:00,7100,7100,7100,7100,0
2022-03-29 10:35:00,7100,7100,7100,7100,0
2022-03-29 10:36:00,7100,7100,7100,7100,0
2022-03-29 10:37:00,7100,7100,7100,7100,0
2022-03-29 10:38:00,7100,7100,7100,7100,0
2022-03-29 10:39:00,7100,7100,7100,7100,0
2022-03-29 10:40:00,7100,7100,7100,7100,0
2022-03-29 10:41:00,7100,7100,7100,7100,0
2022-03-29 10:42:00,7100,7100,7100,7100,0
2022-03-29 10:43:00,7100,7100,7100,7100,0
2022-03-29 10:44:00,7100,7100,7100,7100,0
2022-03-29 10:45:00,7100,7100,7100,7100,0
2022-03-29 10:46:00,7100,7100,7100,7100,0
2022-03-29 10:47:00,7100,7100,7100,7100,0
2022-03-29 10:48:00,7100,7100,7100,7100,0
2022-03-29 10:49:00,7100,7100,7100,7100,0
2022-03-29 10:50:00,7100,7100,7100,7100,0
2022-03-29 10:51:00,7100,7100,7100,7100,0
2022-03-29 10:52:00,7100,7100,7100,7100,0
2022-03-29 10:53:00,7100,7100,7100,7100,0
2022-03-29 10:54:00,7100,7100,7100,7100,0
2022-03-29 10:55:00,7100,7100,7100,7100,0
2022-03-29 10:56:00,7100,7100,7100,7100,0
2022-03-29 10:57:00,7100,7100,7100,7100,0
2022-03-29 10:58:00,7100,7100,7100,7100,0
2022-03-29 10:59:00,7100,7100,7100,7100,0
2022-03-29 11:00:00,7100,7100,7100,7100,0
2022-03-29 11:01:00,7100,7100,7100,7100,0
2022-03-29 11:02:00,7100,7100,7100,7100,0
2022-03-29 11:03:00,7100,7100,7100,7100,0
2022-03-29 11:04:00,7100,7100,7100,7100,0
2022-03-29 11:05:00,7100,7100,7100,7100,0
2022-03-29 11:06:00,7100,7100,7100,7100,0
2022-03-29 11:07:00,7100,7100,7100,7100,0
2022-03-29 11:08:00,7100,7100,7100,7100,0
2022-03-29 11:09:00,7100,7100,7100,7100,0
2022-03-29 11:10:00,7100,7100,7100,7100,0
2022-03-29 11:11:00,7100,7100,7100,7100,0
2022-03-29 11:12:00,7100,7100,7100,7100,0
2022-03-29 11:13:00,7100,7100,7100,7100,0
2022-03-29 11:14:00,7100,7100,7100,7100,0
2022-03-29 11:15:00,7100,7100,7100,7100,0
2022-03-29 11:16:00,7100,7100,7100,7100,0
2022-03-29 11:17:00,7100,7100,7100,7100,0
2022-03-29 11:18:00,7100,7100,7100,7100,0
2022-03-29 11:19:00,7100,7100,7100,7100,0
2022-03-29 11:20:00,7100,7100,7100,7100,0
2022-03-29 11:21:00,7100,7100,7100,7100,0
2022-03-29 11:22:00,7100,7100,7100,7100,0
2022-03-29 11:23:00,7100,7100,7100,7100,0
2022-03-29 11:24:00,7100,7100,7100,7100,0
2022-03-29 11:25:00,7100,7100,7100,7100,0
2022-03-29 11:26:00,7100,7100,7100,7100,0
2022-03-29 11:27:00,7100,7100,7100,7100,0
2022-03-29 11:28:00,7100,7100,7100,7100,0
2022-03-29 11:29:00,7100,7100,7100,7100,0
2022-03-29 11:30:00,7100,7100,7100,7100,0
2022-03-29 11:31:00,7100,7100,7100,7100,0
2022-03-29 11:32:00,7100,7100,7100,7100,0
2022-03-29 11:33:00,7100,7100,7100,7100,0
2022-03-29 11:34:00,7100,7100,7100,7100,0
2022-03-29 11:35:00,7100,7100,7100,7100,0
2022-03-29 11:36:00,7100,7100,7100,7100,0
2022-03-29 11:37:00,7100,7100,7100,7100,0
2022-03-29 11:38:00,7100,7100,7100,7100,0
2022-03-29 11:39:00,7100,7100,7100,7100,0
2022-03-29 11:40:00,7100,7100,7100,7100,0
2022-03-29 11:41:00,7100,7100,7100,7100,0
2022-03-29 11:42:00,7100,7100,7100,7100,0
2022-03-29 11:43:00,7100,7100,7100,7100,0
2022-03-29 11:44:00,7100,7100,7100,7100,0
2022-03-29 11:45:00,7100,7100,7100,7100,0
2022-03-29 11:46:00,7100,7100,7100,7100,0
2022-03-29 11:47:00,7100,7100,7100,7100,0
2022-03-29 11:48:00,7100,7100,7100,7100,0
2022-03-29 11:49:00,7100,7100,7100,7100,0
2022-03-29 11:50:00,7100,7100,7100,7100,0
2022-03-29 11:51:00,7100,7100,7100,7100,0
2022-03-29 11:52:00,7100,7100,7100,7100,0
2022-03-29 11:53:00,7100,7100,7100,7100,0
2022-03-29 11:54:00,7100,7100,7100,7100,0
2022-03-29 11:55:00,7100,7100,7100,7100,0
2022-03-29 11:56:00,7100,7100,7100,7100,0
2022-03-29 11:57:00,7100,7100,7100,7100,0
2022-03-29 11:58:00,7100,7100,7100,7100,0
2022-03-29 11:59:00,7100,7100,7100,7100,0
2022-03-29 12:00:00,7100,7100,7100,7100,0
2022-03-29 12:01:00,7100,7100,7100,7100,0
2022-03-29 12:02:00,7100,7100,7100,7100,0
2022-03-29 12:03:00,7100,7100,7100,7100,0
2022-03-29 12:04:00,7100,7100,7100,7100,0
2022-03-29 12:05:00,7100,7100,7100,7100,0
2022-03-29 12:06:00,7100,7100,7100,7100,0
2022-03-29 12:07:00,7100,7100,7100,7100,0
2022-03-29 12:08:00,7100,7100,7100,7100,0
2022-03-29 12:09:00,7100,7100,7100,7100,0
2022-03-29 12:10:00,7100,7100,7100,7100,0
2022-03-29 12:11:00,7100,7100,7100,7100,0
2022-03-29 12:12:00,7100,7100,7100,7100,0
2022-03-29 12:13:00,7100,7100,7100,7100,0
2022-03-29 12:14:00,7100,7100,7100,7100,0
2022-03-29 12:15:00,7100,7100,7100,7100,0
2022-03-29 12:16:00,7100,7100,7100,7100,0
2022-03-29 12:17:00,7100,7100,7100,7100,0
2022-03-29 12:18:00,7100,7100,7100,7100,0
2022-03-29 12:19:00,7100,7100,7100,7100,0
2022-03-29 12:20:00,7100,7100,7100,7100,0
2022-03-29 12:21:00,7100,7100,7100,7100,0
2022-03-29 12:22:00,7100,7100,7100,7100,0
2022-03-29 12:23:00,7100,7100,7100,7100,0
2022-03-29 12:24:00,7100,7100,7100,7100,0
2022-03-29 12:25:00,7100,7100,7100,7100,0
2022-03-29 12:26:00,7100,7100,7100,7100,0
2022-03-29 12:27:00,7100,7100,7100,7100,0
2022-03-29 12:28:00,7100,7100,7100,7100,0
2022-03-29 12:29:00,7100,7100,7100,7100,0
2022-03-29 12:30:00,7100,7100,7100,7100,0
2022-03-29 12:31:00,7100,7100,7100,7100,0
2022-03-29 12:32:00,7100,7100,7100,7100,0
2022-03-29 12:33:00,7100,7100,7100,7100,0
2022-03-29 12:34:00,7100,7100,7100,7100,0
2022-03-29 12:35:00,7100,7100,7100,7100,0
2022-03-29 12:36:00,7100,7100,7100,7100,0
2022-03-29 12:37:00,7100,7100,7100,7100,0
2022-03-29 12:38:00,7100,7100,7100,7100,0
2022-03-29 12:39:00,7100,7100,7100,7100,0
2022-03-29 12:40:00,7100,7100,7100,7100,0
2022-03-29 12:41:00,7100,7100,7100,7100,0
2022-03-29 12:42:00,7100,7100,7100,7100,0
2022-03-29 12:43:00,7100,7100,7100,7100,0
2022-03-29 12:44:00,7100,7100,7100,7100,0
2022-03-29 12:45:00,7100,7100,7100,7100,0
2022-03-29 12:46:00,7100,7100,7100,7100,0
2022-03-29 12:47:00,7100,7100,7100,7100,0
2022-03-29 12:48:00,7100,7100,7100,7100,0
2022-03-29 12:49:00,7100,7100,7100,7100,0
2022-03-29 12:50:00,7100,7100,7100,7100,0
2022-03-29 12:51:00,7100,7100,7100,7100,0
2022-03-29 12:52:00,7100,7100,7100,7100,0
2022-03-29 12:53:00,7100,7100,7100,7100,0
2022-03-29 12:54:00,7100,7100,7100,7100,0
2022-03-29 12:55:00,7100,7100,7100,7100,0
2022-03-29 12:56:00,7100,7100,7100,7100,0
2022-03-29 12:57:00,7100,7100,7100,7100,0
2022-03-29 12:58:00,7100,7100,7100,7100,0
2022-03-29 12:59:00,7100,7100,7100,7100,0
2022-03-29 13:00:00,7100,7100,7100,7100,0
2022-03-29 13:01:00,7100,7100,7100,7100,0
2022-03-29 13:02:00,7100,7100,7100,7100,0
2022-03-29 13:03:00,7100,7100,7100,7100,0
2022-03-29 13:04:00,7100,7100,7100,7100,0
2022-03-29 13:05:00,7100,7100,7100,7100,0
2022-03-29 13:06:00,7100,7100,7100,7100,0
2022-03-29 13:07:00,7100,7100,7100,7100,0
2022-03-29 13:08:00,7100,7100,7100,7100,0
2022-03-29 13:09:00,7100,7100,7100,7100,0
2022-03-29 13:10:00,7100,7100,7100,7100,0
2022-03-29 13:11:00,7100,7100,7100,7100,0
2022-03-29 13:12:00,7100,7100,7100,7100,0
2022-03-29 13:13:00,7100,7100,7100,7100,0
2022-03-29 13:14:00,7100,7100,7100,7100,0
2022-03-29 13:15:00,7100,7100,7100,7100,0
2022-03-29 13:16:00,7100,7100,7100,7100,0
2022-03-29 13:17:00,7100,7100,7100,7100,0
2022-03-29 13:18:00,7100,7100,7100,7100,0
2022-03-29 13:19:00,7100,7100,7100,7100,0
2022-03-29 13:20:00,7100,7100,7100,7100,0
2022-03-29 13:21:00,7100,7100,7100,7100,0
2022-03-29 13:22:00,7100,7100,7100,7100,0
2022-03-29 13:23:00,7100,7100,7100,7100,0
2022-03-29 13:24:00,7100,7100,7100,7100,0
2022-03-29 13:25:00,7100,7100,7100,7100,0
2022-03-29 13:26:00,7100,7100,7100,7100,0
2022-03-29 13:27:00,7100,7100,7100,7100,0
2022-03-29 13:28:00,7100,7100,7100,7100,0
2022-03-29 13:29:00,7100,7100,7100,7100,0
2022-03-29 13:30:00,7100,7100,7100,7100,0
2022-03-29 13:31:00,7100,7100,7100,7100,0
2022-03-29 13:32:00,7100,7100,7100,7100,0
2022-03-29 13:33:00,7100,7100,7100,7100,0
2022-03-29 13:34:00,7100,7100,7100,7100,0
2022-03-29 13:35:00,7100,7100,7100,7100,0
2022-03-29 13:36:00,7100,7100,7100,7100,0
2022-03-29 13:37:00,7100,7100,7100,7100,0
2022-03-29 13:38:00,7100,7100,7100,7100,0
2022-03-29 13:39:00,7100,7100,7100,7100,0
2022-03-29 13:40:00,7100,7100,7100,7100,0
2022-03-29 13:41:00,7100,7100,7100,7100,0
2022-03-29 13:42:00,7100,7100,7100,7100,0
2022-03-29 13:43:00,7100,7100,7100,7100,0
2022-03-29 13:44:00,7100,7100,7100,7100,0
2022-03-29 13:45:00,7100,7100,7100,7100,0
2022-03-29 13:46:00,7100,7100,7100,7100,0
2022-03-29 13:47:00,7100,7100,7100,7100,0
2022-03-29 13:48:00,7100,7100,7100,7100,0
2022-03-29 13:49:00,7100,7100,7100,7100,0
2022-03-29 13:50:00,7100,7100,7100,7100,0
2022-03-29 13:51:00,7100,7100,7100,7100,0
2022-03-29 13:52:00,7100,7100,7100,7100,0
2022-03-29 13:53:00,7100,7100,7100,7100,0
2022-03-29 13:54:00,7100,7100,7100,7100,0
2022-03-29 13:55:00,7100,7100,7100,7100,0
2022-03-29 13:56:00,7100,7100,7100,7100,0
2022-03-29 13:57:00,7100,7100,7100,7100,0
2022-03-29 13:58:00,7100,7100,7100,7100,0
2022-03-29 13:59:00,7100,7100,7100,7100,0
2022-03-29 14:00:00,7100,7100,7100,7100,0
2022-03-29 14:01:00,7100,7100,7100,7100,0
2022-03-29 14:02:00,7100,7100,7100,7100,0
2022-03-29 14:03:00,7100,7100,7100,7100,0
2022-03-29 14:04:00,7100,7100,7100,7100,0
2022-03-29 14:05:00,7100,7100,7100,7100,0
2022-03-29 14:06:00,7100,7100,7100,7100,0
2022-03-29 14:07:00,7100,7100,7100,7100,0
2022-03-29 14:08:00,7100,7100,7100,7100,0
2022-03-29 14:09:00,7100,7100,7100,7100,0
2022-03-29 14:10:00,7100,7100,7100,7100,0
2022-03-29 14:11:00,7100,7100,7100,7100,0
2022-03-29 14:12:00,7100,7100,7100,7100,0
2022-03-29 14:13:00,7100,7100,7100,7100,0
2022-03-29 14:14:00,7100,7100,7100,7100,0
2022-03-29 14:15:00,7100,7100,7100,7100,0
2022-03-29 14:16:00,7100,7100,7100,7100,0
2022-03-29 14:17:00,7100,7100,7100,7100,0
2022-03-29 14:18:00,7100,7100,7100,7100,0
2022-03-29 14:19:00,7100,7100,7100,7100,0
2022-03-29 14:20:00,7100,7100,7100,7100,0
2022-03-29 14:21:00,7100,7100,7100,7100,0
2022-03-29 14:22:00,7100,7100,7100,7100,0
2022-03-29 14:23:00,7100,7100,7100,7100,0
2022-03-29 14:24:00,7100,7100,7100,7100,0
2022-03-29 14:25:00,7100,7100,7100,7100,0
2022-03-29 14:26:00,7100,7100,7100,7100,0
2022-03-29 14:27:00,7100,7100,7100,7100,0
2022-03-29 14:28:00,7100,7100,7100,7100,0
2022-03-29 14:29:00,7100,7100,7100,7100,0
2022-03-29 14:30:00,7100,7100,7100,7100,0
2022-03-29 14:31:00,7100,7100,7100,7100,0
2022-03-29 14:32:00,7100,7100,7100,7100,0
2022-03-29 14:33:00,7100,7100,7100,7100,0
2022-03-29 14:34:00,7100,7100,7100,7100,0
2022-03-29 14:35:00,7100,7100,7100,7100,0
2022-03-29 14:36:00,7100,7100,7100,7100,0
2022-03-29 14:37:00,7100,7100,7100,7100,0
2022-03-29 14:38:00,7100,7100,7100,7100,0
2022-03-29 14:39:00,7100,7100,7100,7100,0
2022-03-29 14:40:00,7100,7100,7100,7100,0
2022-03-29 14:41:00,7100,7100,7100,7100,0
2022-03-29 14:42:00,7100,7100,7100,7100,0
2022-03-29 14:43:00,7100,7100,7100,7100,0
2022-03-29 14:44:00,7100,7100,7100,7100,0
2022-03-29 14:45:00,7100,7100,7100,7100,0
2022-03-29 14:46:00,7100,7100,7100,7100,0
2022-03-29 14:47:00,7100,7100,7100,7100,0
2022-03-29 14:48:00,7100,7100,7100,7100,0
2022-03-29 14:49:00,7100,7100,7100,7100,0
2022-03-29 14:50:00,7100,7100,7100,7100,0
2022-03-29 14:51:00,7100,7100,7100,7100,0
2022-03-29 14:52:00,7100,7100,7100,7100,0
2022-03-29 14:53:00,7100,7100,7100,7100,0
2022-03-29 14:54:00,7100,7100,7100,7100,0
2022-03-29 14:55:00,7100,7100,7100,7100,0
2022-03-29 14:56:00,7100,7100,7100,7100,0
2022-03-29 14:57:00,7100,7100,7100,7100,0
2022-03-29 14:58:00,7100,7100,7100,7100,0
2022-03-29 14:59:00,7100,7100,7100,7100,0
2022-03-29 15:00:00,7100,7100,7100,7100,0
2022-03-29 15:01:00,7100,7100,7100,7100,0
2022-03-29 15:02:00,7100,7100,7100,7100,0
2022-03-29 15:03:00,7100,7100,7100,7100,0
2022-03-29 15:04:00,7100,7100,7100,7100,0
2022-03-29 15:05:00,7100,7100,7100,7100,0
2022-03-29 15:06:00,7100,7100,7100,7100,0
2022-03-29 15:07:00,7100,7100,7100,7100,0
2022-03-29 15:08:00,7100,7100,7100,7100,0
2022-03-29 15:09:00,7100,7100,7100,7100,0
2022-03-29 15:10:00,7100,7100,7100,7100,0
2022-03-29 15:11:00,7100,7100,7100,7100,0
2022-03-29 15:12:00,7100,7100,7100,7100,0
2022-03-29 15:13:00,7100,7100,7100,7100,0
2022-03-29 15:14:00,7100,7100,7100,7100,0
2022-03-29 15:15:00,7100,7100,7100,7100,0
2022-03-29 15:16:00,7100,7100,7100,7100,0
2022-03-29 15:17:00,7100,7100,7100,7100,0
2022-03-29 15:18:00,7100,7100,7100,7100,0
2022-03-29 15:19:00,7100,7100,7100,7100,0
2022-03-29 15:20:00,7100,7100,7100,7100,0
2022-03-29 15:21:00,7100,7100,7100,7100,0
2022-03-29 15:22:00,7100,7100,7100,7100,0
2022-03-29 15:23:00,7100,7100,7100,7100,0
2022-03-29 15:24:00,7100,7100,7100,7100,0
2022-03-29 15:25:00,7100,7100,7100,7100,0
2022-03-29 15:26:00,7100,7100,7100,7100,0
2022-03-29 15:27:00,7100,7100,7100,7100,0
2022-03-29 15:28:00,7100,7100,7100,7100,0
2022-03-29 15:29:00,7100,7100,7100,7100,0
2022-03-29 15:30:00,7100,7100,7100,7100,0
2022-03-29 15:31:00,7100,7100,7100,7100,0
2022-03-29 15:32:00,7100,7100,7100,7100,0
2022-03-29 15:33:00,7100,7100,7100,7100,0
2022-03-29 15:34:00,7100,7100,7100,7100,0
2022-03-29 15:35:00,7100,7100,7100,7100,0
2022-03-29 15:36:00,7100,7100,7100,7100,0
2022-03-29 15:37:00,7100,7100,7100,7100,0
2022-03-29 15:38:00,7100,7100,7100,7100,0
2022-03-29 15:39:00,7100,7100,7100,7100,0
2022-03-29 15:40:00,7100,7100,7100,7100,0
2022-03-29 15:41:00,7100,7100,7100,7100,0
2022-03-29 15:42:00,7100,7100,7100,7100,0
2022-03-29 15:43:00,7100,7100,7100,7100,0
2022-03-29 15:44:00,7100,7100,7100,7100,0
2022-03-29 15:45:00,7100,7100,7100,7100,0
2022-03-29 15:46:00,7100,7100,7100,7100,0
2022-03-29 15:47:00,7100,7100,7100,7100,0
2022-03-29 15:48:00,7100,7100,7100,7100,0
2022-03-29 15:49:00,7100,7100,7100,7100,0
2022-03-29 15:50:00,7100,7100,7100,7100,0
2022-03-29 15:51:00,7100,7100,7100,7100,0
2022-03-29 15:52:00,7100,7100,7100,7100,0
2022-03-29 15:53:00,7100,7100,7100,7100,0
2022-03-29 15:54:00,7100,7100,7100,7100,0
2022-03-29 15:55:00,7100,7100,7100,7100,0
2022-03-29 15:56:00,7100,7100,7100,7100,0
2022-03-29 15:57:00,7100,7100,7100,7100,0
2022-03-29 15:58:00,7100,7100,7100,7100,0
2022-03-29 15:59:00,7100,7100,7100,7100,0
2022-03-30 09:00:00,7125,7125,7125,7125,0
2022-03-30 09:01:00,7125,7125,7125,7125,6900
2022-03-30 09:02:00,7125,7100,7125,7100,19200
2022-03-30 09:03:00,7150,7100,7150,7125,1200
2022-03-30 09:04:00,7100,7100,7100,7100,51500
2022-03-30 09:05:00,7100,7075,7100,7075,2300
2022-03-30 09:06:00,7100,7100,7100,7100,19200
2022-03-30 09:07:00,7125,7125,7150,7150,32500
2022-03-30 09:08:00,7150,7150,7150,7150,300
2022-03-30 09:09:00,7150,7125,7150,7125,20500
2022-03-30 09:10:00,7150,7125,7150,7125,0
2022-03-30 09:11:00,7150,7150,7150,7150,300
2022-03-30 09:12:00,7150,7125,7150,7125,11400
2022-03-30 09:13:00,7125,7125,7125,7125,200
2022-03-30 09:14:00,7125,7125,7150,7150,5900
2022-03-30 09:15:00,7150,7150,7150,7150,1200
2022-03-30 09:16:00,7150,7125,7150,7150,2700
2022-03-30 09:17:00,7125,7125,7150,7150,3000
2022-03-30 09:18:00,7150,7150,7150,7150,2000
2022-03-30 09:19:00,7150,7125,7150,7125,46900
2022-03-30 09:20:00,7150,7125,7150,7125,0
2022-03-30 09:21:00,7125,7125,7125,7125,1000
2022-03-30 09:22:00,7125,7100,7125,7125,6100
2022-03-30 09:23:00,7125,7125,7125,7125,100
2022-03-30 09:24:00,7125,7125,7125,7125,0
2022-03-30 09:25:00,7125,7125,7125,7125,100
2022-03-30 09:26:00,7125,7125,7125,7125,100
2022-03-30 09:27:00,7125,7125,7125,7125,1000
2022-03-30 09:28:00,7125,7125,7125,7125,200
2022-03-30 09:29:00,7100,7100,7125,7100,16700
2022-03-30 09:30:00,7100,7100,7100,7100,500
2022-03-30 09:31:00,7100,7100,7100,7100,0
2022-03-30 09:32:00,7100,7100,7100,7100,0
2022-03-30 09:33:00,7100,7100,7100,7100,4000
2022-03-30 09:34:00,7125,7125,7125,7125,100
2022-03-30 09:35:00,7125,7125,7125,7125,300
2022-03-30 09:36:00,7125,7125,7125,7125,1100
2022-03-30 09:37:00,7125,7125,7125,7125,700
2022-03-30 09:38:00,7125,7125,7125,7125,5300
2022-03-30 09:39:00,7125,7125,7125,7125,1100
2022-03-30 09:40:00,7125,7100,7125,7125,5500
2022-03-30 09:41:00,7125,7125,7125,7125,10000
2022-03-30 09:42:00,7125,7125,7125,7125,900
2022-03-30 09:43:00,7125,7125,7125,7125,0
2022-03-30 09:44:00,7125,7100,7125,7100,2600
2022-03-30 09:45:00,7125,7125,7125,7125,800
2022-03-30 09:46:00,7125,7100,7125,7100,4600
2022-03-30 09:47:00,7125,7125,7125,7125,1300
2022-03-30 09:48:00,7125,7125,7125,7125,1400
2022-03-30 09:49:00,7125,7125,7125,7125,100
2022-03-30 09:50:00,7125,7125,7125,7125,900
2022-03-30 09:51:00,7125,7125,7125,7125,500
2022-03-30 09:52:00,7125,7125,7125,7125,1700
2022-03-30 09:53:00,7125,7125,7125,7125,200
2022-03-30 09:54:00,7125,7125,7125,7125,200
2022-03-30 09:55:00,7125,7125,7125,7125,100
2022-03-30 09:56:00,7125,7125,7125,7125,700
2022-03-30 09:57:00,7125,7100,7125,7100,700
2022-03-30 09:58:00,7125,7100,7125,7100,10900
2022-03-30 09:59:00,7125,7100,7125,7100,1000
2022-03-30 10:00:00,7100,7100,7100,7100,6400
2022-03-30 10:01:00,7125,7125,7125,7125,100
2022-03-30 10:02:00,7125,7100,7125,7100,3100
2022-03-30 10:03:00,7125,7100,7125,7100,1400
2022-03-30 10:04:00,7100,7100,7100,7100,1400
2022-03-30 10:05:00,7100,7100,7125,7125,1600
2022-03-30 10:06:00,7125,7125,7125,7125,300
2022-03-30 10:07:00,7125,7100,7125,7125,1800
2022-03-30 10:08:00,7125,7100,7125,7125,0
2022-03-30 10:09:00,7100,7100,7125,7125,900
2022-03-30 10:10:00,7100,7100,7100,7100,100
2022-03-30 10:11:00,7125,7125,7125,7125,1100
2022-03-30 10:12:00,7100,7100,7125,7125,1000
2022-03-30 10:13:00,7125,7125,7125,7125,800
2022-03-30 10:14:00,7100,7100,7125,7125,1900
2022-03-30 10:15:00,7100,7100,7100,7100,5800
2022-03-30 10:16:00,7125,7125,7125,7125,700
2022-03-30 10:17:00,7125,7125,7125,7125,700
2022-03-30 10:18:00,7100,7100,7100,7100,1900
2022-03-30 10:19:00,7100,7100,7100,7100,0
2022-03-30 10:20:00,7100,7100,7125,7125,1400
2022-03-30 10:21:00,7125,7125,7125,7125,2500
2022-03-30 10:22:00,7100,7100,7125,7125,1000
2022-03-30 10:23:00,7125,7125,7125,7125,600
2022-03-30 10:24:00,7100,7100,7100,7100,200
2022-03-30 10:25:00,7100,7100,7125,7125,800
2022-03-30 10:26:00,7125,7125,7125,7125,1200
2022-03-30 10:27:00,7100,7100,7125,7125,3400
2022-03-30 10:28:00,7125,7100,7125,7125,600
2022-03-30 10:29:00,7125,7100,7125,7100,21700
2022-03-30 10:30:00,7100,7100,7100,7100,37400
2022-03-30 10:31:00,7100,7100,7125,7125,4700
2022-03-30 10:32:00,7100,7100,7125,7125,0
2022-03-30 10:33:00,7100,7100,7100,7100,51500
2022-03-30 10:34:00,7100,7100,7100,7100,1400
2022-03-30 10:35:00,7100,7100,7100,7100,1500
2022-03-30 10:36:00,7100,7100,7100,7100,0
2022-03-30 10:37:00,7100,7100,7100,7100,900
2022-03-30 10:38:00,7100,7100,7100,7100,4000
2022-03-30 10:39:00,7100,7100,7100,7100,1500
2022-03-30 10:40:00,7100,7100,7100,7100,1000
2022-03-30 10:41:00,7075,7075,7075,7075,5900
2022-03-30 10:42:00,7075,7075,7100,7100,4500
2022-03-30 10:43:00,7100,7100,7100,7100,2400
2022-03-30 10:44:00,7100,7100,7100,7100,700
2022-03-30 10:45:00,7075,7075,7075,7075,1300
2022-03-30 10:46:00,7075,7075,7075,7075,7400
2022-03-30 10:47:00,7075,7075,7075,7075,400
2022-03-30 10:48:00,7075,7075,7075,7075,0
2022-03-30 10:49:00,7100,7075,7100,7075,13500
2022-03-30 10:50:00,7100,7075,7100,7075,1700
2022-03-30 10:51:00,7100,7075,7100,7075,0
2022-03-30 10:52:00,7100,7100,7100,7100,700
2022-03-30 10:53:00,7100,7100,7100,7100,6000
2022-03-30 10:54:00,7100,7075,7100,7075,1500
2022-03-30 10:55:00,7075,7075,7100,7100,15700
2022-03-30 10:56:00,7100,7100,7100,7100,200
2022-03-30 10:57:00,7100,7100,7100,7100,1200
2022-03-30 10:58:00,7075,7075,7100,7100,800
2022-03-30 10:59:00,7075,7075,7075,7075,1000
2022-03-30 11:00:00,7100,7100,7100,7100,900
2022-03-30 11:01:00,7100,7100,7100,7100,2500
2022-03-30 11:02:00,7100,7075,7100,7075,26400
2022-03-30 11:03:00,7075,7075,7100,7100,1800
2022-03-30 11:04:00,7100,7100,7100,7100,600
2022-03-30 11:05:00,7100,7075,7100,7075,1100
2022-03-30 11:06:00,7100,7075,7100,7075,1800
2022-03-30 11:07:00,7100,7100,7100,7100,300
2022-03-30 11:08:00,7075,7075,7100,7100,14100
2022-03-30 11:09:00,7075,7075,7075,7075,100
2022-03-30 11:10:00,7075,7075,7100,7075,1000
2022-03-30 11:11:00,7075,7050,7075,7050,110200
2022-03-30 11:12:00,7075,7075,7075,7075,101000
2022-03-30 11:13:00,7075,7075,7075,7075,800
2022-03-30 11:14:00,7075,7075,7075,7075,3500
2022-03-30 11:15:00,7075,7075,7075,7075,1400
2022-03-30 11:16:00,7075,7075,7075,7075,0
2022-03-30 11:17:00,7075,7075,7075,7075,6800
2022-03-30 11:18:00,7075,7075,7075,7075,500
2022-03-30 11:19:00,7075,7075,7075,7075,100
2022-03-30 11:20:00,7075,7075,7075,7075,0
2022-03-30 11:21:00,7075,7075,7075,7075,0
2022-03-30 11:22:00,7050,7050,7075,7075,82100
2022-03-30 11:23:00,7050,7050,7050,7050,400
2022-03-30 11:24:00,7050,7050,7050,7050,1000
2022-03-30 11:25:00,7050,7050,7050,7050,0
2022-03-30 11:26:00,7050,7050,7050,7050,1400
2022-03-30 11:27:00,7075,7075,7075,7075,14100
2022-03-30 11:28:00,7075,7075,7075,7075,0
2022-03-30 11:29:00,7050,7050,7075,7050,10700
2022-03-30 11:30:00,7050,7050,7075,7050,0
2022-03-30 11:31:00,7050,7050,7075,7050,0
2022-03-30 11:32:00,7050,7050,7075,7050,0
2022-03-30 11:33:00,7050,7050,7075,7050,0
2022-03-30 11:34:00,7050,7050,7075,7050,0
2022-03-30 11:35:00,7050,7050,7075,7050,0
2022-03-30 11:36:00,7050,7050,7075,7050,0
2022-03-30 11:37:00,7050,7050,7075,7050,0
2022-03-30 11:38:00,7050,7050,7075,7050,0
2022-03-30 11:39:00,7050,7050,7075,7050,0
2022-03-30 11:40:00,7050,7050,7075,7050,0
2022-03-30 11:41:00,7050,7050,7075,7050,0
2022-03-30 11:42:00,7050,7050,7075,7050,0
2022-03-30 11:43:00,7050,7050,7075,7050,0
2022-03-30 11:44:00,7050,7050,7075,7050,0
2022-03-30 11:45:00,7050,7050,7075,7050,0
2022-03-30 11:46:00,7050,7050,7075,7050,0
2022-03-30 11:47:00,7050,7050,7075,7050,0
2022-03-30 11:48:00,7050,7050,7075,7050,0
2022-03-30 11:49:00,7050,7050,7075,7050,0
2022-03-30 11:50:00,7050,7050,7075,7050,0
2022-03-30 11:51:00,7050,7050,7075,7050,0
2022-03-30 11:52:00,7050,7050,7075,7050,0
2022-03-30 11:53:00,7050,7050,7075,7050,0
2022-03-30 11:54:00,7050,7050,7075,7050,0
2022-03-30 11:55:00,7050,7050,7075,7050,0
2022-03-30 11:56:00,7050,7050,7075,7050,0
2022-03-30 11:57:00,7050,7050,7075,7050,0
2022-03-30 11:58:00,7050,7050,7075,7050,0
2022-03-30 11:59:00,7050,7050,7075,7050,0
2022-03-30 12:00:00,7050,7050,7075,7050,0
2022-03-30 12:01:00,7050,7050,7075,7050,0
2022-03-30 12:02:00,7050,7050,7075,7050,0
2022-03-30 12:03:00,7050,7050,7075,7050,0
2022-03-30 12:04:00,7050,7050,7075,7050,0
2022-03-30 12:05:00,7050,7050,7075,7050,0
2022-03-30 12:06:00,7050,7050,7075,7050,0
2022-03-30 12:07:00,7050,7050,7075,7050,0
2022-03-30 12:08:00,7050,7050,7075,7050,0
2022-03-30 12:09:00,7050,7050,7075,7050,0
2022-03-30 12:10:00,7050,7050,7075,7050,0
2022-03-30 12:11:00,7050,7050,7075,7050,0
2022-03-30 12:12:00,7050,7050,7075,7050,0
2022-03-30 12:13:00,7050,7050,7075,7050,0
2022-03-30 12:14:00,7050,7050,7075,7050,0
2022-03-30 12:15:00,7050,7050,7075,7050,0
2022-03-30 12:16:00,7050,7050,7075,7050,0
2022-03-30 12:17:00,7050,7050,7075,7050,0
2022-03-30 12:18:00,7050,7050,7075,7050,0
2022-03-30 12:19:00,7050,7050,7075,7050,0
2022-03-30 12:20:00,7050,7050,7075,7050,0
2022-03-30 12:21:00,7050,7050,7075,7050,0
2022-03-30 12:22:00,7050,7050,7075,7050,0
2022-03-30 12:23:00,7050,7050,7075,7050,0
2022-03-30 12:24:00,7050,7050,7075,7050,0
2022-03-30 12:25:00,7050,7050,7075,7050,0
2022-03-30 12:26:00,7050,7050,7075,7050,0
2022-03-30 12:27:00,7050,7050,7075,7050,0
2022-03-30 12:28:00,7050,7050,7075,7050,0
2022-03-30 12:29:00,7050,7050,7075,7050,0
2022-03-30 12:30:00,7050,7050,7075,7050,0
2022-03-30 12:31:00,7050,7050,7075,7050,0
2022-03-30 12:32:00,7050,7050,7075,7050,0
2022-03-30 12:33:00,7050,7050,7075,7050,0
2022-03-30 12:34:00,7050,7050,7075,7050,0
2022-03-30 12:35:00,7050,7050,7075,7050,0
2022-03-30 12:36:00,7050,7050,7075,7050,0
2022-03-30 12:37:00,7050,7050,7075,7050,0
2022-03-30 12:38:00,7050,7050,7075,7050,0
2022-03-30 12:39:00,7050,7050,7075,7050,0
2022-03-30 12:40:00,7050,7050,7075,7050,0
2022-03-30 12:41:00,7050,7050,7075,7050,0
2022-03-30 12:42:00,7050,7050,7075,7050,0
2022-03-30 12:43:00,7050,7050,7075,7050,0
2022-03-30 12:44:00,7050,7050,7075,7050,0
2022-03-30 12:45:00,7050,7050,7075,7050,0
2022-03-30 12:46:00,7050,7050,7075,7050,0
2022-03-30 12:47:00,7050,7050,7075,7050,0
2022-03-30 12:48:00,7050,7050,7075,7050,0
2022-03-30 12:49:00,7050,7050,7075,7050,0
2022-03-30 12:50:00,7050,7050,7075,7050,0
2022-03-30 12:51:00,7050,7050,7075,7050,0
2022-03-30 12:52:00,7050,7050,7075,7050,0
2022-03-30 12:53:00,7050,7050,7075,7050,0
2022-03-30 12:54:00,7050,7050,7075,7050,0
2022-03-30 12:55:00,7050,7050,7075,7050,0
2022-03-30 12:56:00,7050,7050,7075,7050,0
2022-03-30 12:57:00,7050,7050,7075,7050,0
2022-03-30 12:58:00,7050,7050,7075,7050,0
2022-03-30 12:59:00,7050,7050,7075,7050,0
2022-03-30 13:00:00,7050,7050,7075,7050,0
2022-03-30 13:01:00,7050,7050,7075,7050,0
2022-03-30 13:02:00,7050,7050,7075,7050,0
2022-03-30 13:03:00,7050,7050,7075,7050,0
2022-03-30 13:04:00,7050,7050,7075,7050,0
2022-03-30 13:05:00,7050,7050,7075,7050,0
2022-03-30 13:06:00,7050,7050,7075,7050,0
2022-03-30 13:07:00,7050,7050,7075,7050,0
2022-03-30 13:08:00,7050,7050,7075,7050,0
2022-03-30 13:09:00,7050,7050,7075,7050,0
2022-03-30 13:10:00,7050,7050,7075,7050,0
2022-03-30 13:11:00,7050,7050,7075,7050,0
2022-03-30 13:12:00,7050,7050,7075,7050,0
2022-03-30 13:13:00,7050,7050,7075,7050,0
2022-03-30 13:14:00,7050,7050,7075,7050,0
2022-03-30 13:15:00,7050,7050,7075,7050,0
2022-03-30 13:16:00,7050,7050,7075,7050,0
2022-03-30 13:17:00,7050,7050,7075,7050,0
2022-03-30 13:18:00,7050,7050,7075,7050,0
2022-03-30 13:19:00,7050,7050,7075,7050,0
2022-03-30 13:20:00,7050,7050,7075,7050,0
2022-03-30 13:21:00,7050,7050,7075,7050,0
2022-03-30 13:22:00,7050,7050,7075,7050,0
2022-03-30 13:23:00,7050,7050,7075,7050,0
2022-03-30 13:24:00,7050,7050,7075,7050,0
2022-03-30 13:25:00,7050,7050,7075,7050,0
2022-03-30 13:26:00,7050,7050,7075,7050,0
2022-03-30 13:27:00,7050,7050,7075,7050,0
2022-03-30 13:28:00,7050,7050,7075,7050,0
2022-03-30 13:29:00,7050,7050,7075,7050,0
2022-03-30 13:30:00,7075,7050,7075,7050,4800
2022-03-30 13:31:00,7050,7050,7050,7050,1800
2022-03-30 13:32:00,7050,7050,7075,7075,800
2022-03-30 13:33:00,7050,7050,7075,7050,45900
2022-03-30 13:34:00,7050,7050,7075,7075,7700
2022-03-30 13:35:00,7075,7050,7075,7050,5300
2022-03-30 13:36:00,7075,7075,7075,7075,1900
2022-03-30 13:37:00,7075,7050,7075,7050,3600
2022-03-30 13:38:00,7050,7050,7075,7075,400
2022-03-30 13:39:00,7075,7075,7075,7075,900
2022-03-30 13:40:00,7050,7050,7050,7050,300
2022-03-30 13:41:00,7075,7075,7075,7075,4300
2022-03-30 13:42:00,7050,7050,7075,7050,16500
2022-03-30 13:43:00,7050,7050,7075,7075,2200
2022-03-30 13:44:00,7075,7050,7075,7050,3400
2022-03-30 13:45:00,7075,7050,7075,7075,16900
2022-03-30 13:46:00,7050,7050,7050,7050,600
2022-03-30 13:47:00,7075,7050,7075,7050,1400
2022-03-30 13:48:00,7075,7050,7075,7075,20000
2022-03-30 13:49:00,7050,7050,7050,7050,10500
2022-03-30 13:50:00,7075,7050,7075,7050,800
2022-03-30 13:51:00,7075,7050,7075,7050,3500
2022-03-30 13:52:00,7075,7050,7075,7050,11300
2022-03-30 13:53:00,7050,7050,7050,7050,18700
2022-03-30 13:54:00,7050,7050,7050,7050,22000
2022-03-30 13:55:00,7050,7050,7050,7050,51100
2022-03-30 13:56:00,7050,7050,7050,7050,14100
2022-03-30 13:57:00,7050,7050,7075,7050,37500
2022-03-30 13:58:00,7050,7050,7050,7050,28000
2022-03-30 13:59:00,7050,7050,7050,7050,300
2022-03-30 14:00:00,7050,7050,7050,7050,4100
2022-03-30 14:01:00,7050,7050,7050,7050,2800
2022-03-30 14:02:00,7050,7050,7075,7050,22200
2022-03-30 14:03:00,7050,7050,7075,7050,0
2022-03-30 14:04:00,7050,7050,7050,7050,12000
2022-03-30 14:05:00,7050,7050,7050,7050,43900
2022-03-30 14:06:00,7050,7025,7050,7050,43200
2022-03-30 14:07:00,7050,7025,7050,7050,4200
2022-03-30 14:08:00,7050,7025,7050,7025,105000
2022-03-30 14:09:00,7050,7025,7050,7025,6300
2022-03-30 14:10:00,7050,7050,7050,7050,100
2022-03-30 14:11:00,7025,7025,7050,7050,41400
2022-03-30 14:12:00,7025,7025,7050,7050,800
2022-03-30 14:13:00,7050,7050,7050,7050,5300
2022-03-30 14:14:00,7050,7050,7050,7050,5200
2022-03-30 14:15:00,7025,7025,7050,7050,9000
2022-03-30 14:16:00,7050,7050,7050,7050,700
2022-03-30 14:17:00,7025,7025,7050,7025,13900
2022-03-30 14:18:00,7050,7050,7050,7050,3500
2022-03-30 14:19:00,7050,7025,7050,7025,30400
2022-03-30 14:20:00,7025,7025,7050,7050,14500
2022-03-30 14:21:00,7050,7050,7050,7050,3400
2022-03-30 14:22:00,7050,7025,7050,7025,21700
2022-03-30 14:23:00,7025,7025,7050,7050,1600
2022-03-30 14:24:00,7025,7025,7050,7025,36600
2022-03-30 14:25:00,7050,7025,7050,7050,15600
2022-03-30 14:26:00,7050,7050,7050,7050,100
2022-03-30 14:27:00,7025,7025,7050,7025,26800
2022-03-30 14:28:00,7025,7025,7025,7025,102200
2022-03-30 14:29:00,7025,7025,7050,7025,56600
2022-03-30 14:30:00,7025,7000,7025,7025,238400
2022-03-30 14:31:00,7025,7000,7025,7000,91700
2022-03-30 14:32:00,7025,7025,7025,7025,4200
2022-03-30 14:33:00,7025,7025,7025,7025,19200
2022-03-30 14:34:00,7025,7025,7025,7025,16900
2022-03-30 14:35:00,7025,7025,7025,7025,4100
2022-03-30 14:36:00,7025,7025,7050,7025,1800
2022-03-30 14:37:00,7025,7025,7025,7025,11900
2022-03-30 14:38:00,7025,7025,7050,7025,2400
2022-03-30 14:39:00,7050,7025,7050,7025,1400
2022-03-30 14:40:00,7050,7025,7050,7025,37500
2022-03-30 14:41:00,7025,7025,7050,7025,26300
2022-03-30 14:42:00,7025,7000,7025,7025,34600
2022-03-30 14:43:00,7025,7000,7025,7025,4300
2022-03-30 14:44:00,7025,7000,7025,7025,23900
2022-03-30 14:45:00,7025,7000,7025,7025,21200
2022-03-30 14:46:00,7025,7000,7025,7000,2400
2022-03-30 14:47:00,7025,7000,7025,7025,125300
2022-03-30 14:48:00,7025,7025,7025,7025,17700
2022-03-30 14:49:00,7025,7025,7050,7025,13200
2022-03-30 14:50:00,7025,7025,7050,7025,0
2022-03-30 14:51:00,7025,7025,7050,7025,0
2022-03-30 14:52:00,7025,7025,7050,7025,0
2022-03-30 14:53:00,7025,7025,7050,7025,0
2022-03-30 14:54:00,7025,7025,7050,7025,0
2022-03-30 14:55:00,7025,7025,7050,7025,0
2022-03-30 14:56:00,7025,7025,7050,7025,0
2022-03-30 14:57:00,7025,7025,7050,7025,0
2022-03-30 14:58:00,7025,7025,7050,7025,0
2022-03-30 14:59:00,7025,7025,7050,7025,0
2022-03-30 15:00:00,7025,7025,7025,7025,146700
2022-03-30 15:01:00,7025,7025,7025,7025,0
2022-03-30 15:02:00,7025,7025,7025,7025,1500
2022-03-30 15:03:00,7025,7025,7025,7025,0
2022-03-30 15:04:00,7025,7025,7025,7025,0
2022-03-30 15:05:00,7025,7025,7025,7025,1000
2022-03-30 15:06:00,7025,7025,7025,7025,200
2022-03-30 15:07:00,7025,7025,7025,7025,600
2022-03-30 15:08:00,7025,7025,7025,7025,500
2022-03-30 15:09:00,7025,7025,7025,7025,0
2022-03-30 15:10:00,7025,7025,7025,7025,100
2022-03-30 15:11:00,7025,7025,7025,7025,0
2022-03-30 15:12:00,7025,7025,7025,7025,100
2022-03-30 15:13:00,7025,7025,7025,7025,800
2022-03-30 15:14:00,7025,7025,7025,7025,0
2022-03-30 15:15:00,7025,7025,7025,7025,0
2022-03-30 15:16:00,7025,7025,7025,7025,0
2022-03-30 15:17:00,7025,7025,7025,7025,0
2022-03-30 15:18:00,7025,7025,7025,7025,0
2022-03-30 15:19:00,7025,7025,7025,7025,0
2022-03-30 15:20:00,7025,7025,7025,7025,0
2022-03-30 15:21:00,7025,7025,7025,7025,0
2022-03-30 15:22:00,7025,7025,7025,7025,0
2022-03-30 15:23:00,7025,7025,7025,7025,0
2022-03-30 15:24:00,7025,7025,7025,7025,0
2022-03-30 15:25:00,7025,7025,7025,7025,0
2022-03-30 15:26:00,7025,7025,7025,7025,0
2022-03-30 15:27:00,7025,7025,7025,7025,0
2022-03-30 15:28:00,7025,7025,7025,7025,0
2022-03-30 15:29:00,7025,7025,7025,7025,0
2022-03-30 15:30:00,7025,7025,7025,7025,0
2022-03-30 15:31:00,7025,7025,7025,7025,0
2022-03-30 15:32:00,7025,7025,7025,7025,0
2022-03-30 15:33:00,7025,7025,7025,7025,0
2022-03-30 15:34:00,7025,7025,7025,7025,0
2022-03-30 15:35:00,7025,7025,7025,7025,0
2022-03-30 15:36:00,7025,7025,7025,7025,0
2022-03-30 15:37:00,7025,7025,7025,7025,0
2022-03-30 15:38:00,7025,7025,7025,7025,0
2022-03-30 15:39:00,7025,7025,7025,7025,0
2022-03-30 15:40:00,7025,7025,7025,7025,0
2022-03-30 15:41:00,7025,7025,7025,7025,0
2022-03-30 15:42:00,7025,7025,7025,7025,0
2022-03-30 15:43:00,7025,7025,7025,7025,0
2022-03-30 15:44:00,7025,7025,7025,7025,0
2022-03-30 15:45:00,7025,7025,7025,7025,0
2022-03-30 15:46:00,7025,7025,7025,7025,0
2022-03-30 15:47:00,7025,7025,7025,7025,0
2022-03-30 15:48:00,7025,7025,7025,7025,0
2022-03-30 15:49:00,7025,7025,7025,7025,0
2022-03-30 15:50:00,7025,7025,7025,7025,0
2022-03-30 15:51:00,7025,7025,7025,7025,0
2022-03-30 15:52:00,7025,7025,7025,7025,0
2022-03-30 15:53:00,7025,7025,7025,7025,0
2022-03-30 15:54:00,7025,7025,7025,7025,0
2022-03-30 15:55:00,7025,7025,7025,7025,0
2022-03-30 15:56:00,7025,7025,7025,7025,0
2022-03-30 15:57:00,7025,7025,7025,7025,0
2022-03-30 15:58:00,7025,7025,7025,7025,0
2022-03-30 15:59:00,7025,7025,7025,7025,0
2022-03-31 09:00:00,7100,7100,7100,7100,600
2022-03-31 09:01:00,7100,7050,7100,7050,3200
2022-03-31 09:02:00,7050,7050,7100,7050,2800
2022-03-31 09:03:00,7075,7075,7075,7075,14000
2022-03-31 09:04:00,7075,7050,7075,7050,900
2022-03-31 09:05:00,7075,7050,7075,7050,0
2022-03-31 09:06:00,7075,7075,7075,7075,900
2022-03-31 09:07:00,7075,7075,7075,7075,10000
2022-03-31 09:08:00,7075,7075,7075,7075,0
2022-03-31 09:09:00,7075,7075,7075,7075,100
2022-03-31 09:10:00,7075,7050,7075,7075,8600
2022-03-31 09:11:00,7050,7050,7075,7075,32000
2022-03-31 09:12:00,7075,7075,7075,7075,2400
2022-03-31 09:13:00,7075,7075,7075,7075,0
2022-03-31 09:14:00,7075,7050,7075,7050,5600
2022-03-31 09:15:00,7075,7050,7075,7050,0
2022-03-31 09:16:00,7075,7075,7075,7075,2600
2022-03-31 09:17:00,7075,7050,7075,7075,23600
2022-03-31 09:18:00,7075,7050,7075,7075,0
2022-03-31 09:19:00,7075,7075,7075,7075,300
2022-03-31 09:20:00,7075,7075,7075,7075,2300
2022-03-31 09:21:00,7075,7075,7075,7075,200
2022-03-31 09:22:00,7075,7075,7075,7075,9500
2022-03-31 09:23:00,7075,7075,7075,7075,100
2022-03-31 09:24:00,7075,7075,7075,7075,200
2022-03-31 09:25:00,7075,7075,7075,7075,2500
2022-03-31 09:26:00,7100,7100,7100,7100,800
2022-03-31 09:27:00,7100,7100,7100,7100,0
2022-03-31 09:28:00,7075,7075,7075,7075,300
2022-03-31 09:29:00,7075,7075,7075,7075,800
2022-03-31 09:30:00,7075,7075,7100,7100,12100
2022-03-31 09:31:00,7100,7075,7100,7075,5200
2022-03-31 09:32:00,7100,7075,7100,7075,0
2022-03-31 09:33:00,7075,7075,7100,7100,500
2022-03-31 09:34:00,7075,7075,7100,7100,0
2022-03-31 09:35:00,7100,7100,7100,7100,1000
2022-03-31 09:36:00,7075,7075,7075,7075,10000
2022-03-31 09:37:00,7075,7075,7075,7075,0
2022-03-31 09:38:00,7075,7075,7075,7075,0
2022-03-31 09:39:00,7075,7075,7075,7075,16500
2022-03-31 09:40:00,7075,7075,7075,7075,700
2022-03-31 09:41:00,7075,7075,7075,7075,2500
2022-03-31 09:42:00,7075,7075,7075,7075,0
2022-03-31 09:43:00,7075,7075,7075,7075,200
2022-03-31 09:44:00,7075,7075,7075,7075,6600
2022-03-31 09:45:00,7075,7075,7075,7075,15500
2022-03-31 09:46:00,7075,7075,7075,7075,15600
2022-03-31 09:47:00,7075,7075,7075,7075,14000
2022-03-31 09:48:00,7075,7075,7075,7075,2000
2022-03-31 09:49:00,7075,7075,7075,7075,200
2022-03-31 09:50:00,7075,7075,7075,7075,0
2022-03-31 09:51:00,7075,7075,7075,7075,0
2022-03-31 09:52:00,7100,7100,7100,7100,800
2022-03-31 09:53:00,7075,7075,7075,7075,6300
2022-03-31 09:54:00,7075,7075,7075,7075,2000
2022-03-31 09:55:00,7050,7050,7050,7050,1200
2022-03-31 09:56:00,7050,7050,7050,7050,100
2022-03-31 09:57:00,7050,7050,7050,7050,0
2022-03-31 09:58:00,7050,7050,7050,7050,0
2022-03-31 09:59:00,7075,7050,7075,7050,2200
2022-03-31 10:00:00,7075,7050,7075,7050,0
2022-03-31 10:01:00,7075,7050,7075,7050,1000
2022-03-31 10:02:00,7075,7050,7075,7050,1200
2022-03-31 10:03:00,7050,7050,7050,7050,300
2022-03-31 10:04:00,7050,7050,7050,7050,0
2022-03-31 10:05:00,7050,7050,7050,7050,500
2022-03-31 10:06:00,7050,7050,7050,7050,0
2022-03-31 10:07:00,7075,7075,7075,7075,3400
2022-03-31 10:08:00,7075,7075,7075,7075,10000
2022-03-31 10:09:00,7075,7075,7075,7075,1200
2022-03-31 10:10:00,7075,7075,7075,7075,0
2022-03-31 10:11:00,7050,7050,7075,7075,50800
2022-03-31 10:12:00,7075,7050,7075,7050,3700
2022-03-31 10:13:00,7050,7050,7075,7075,1400
2022-03-31 10:14:00,7075,7050,7075,7050,52000
2022-03-31 10:15:00,7050,7050,7050,7050,9500
2022-03-31 10:16:00,7050,7050,7075,7075,6300
2022-03-31 10:17:00,7050,7050,7050,7050,1700
2022-03-31 10:18:00,7050,7050,7050,7050,800
2022-03-31 10:19:00,7050,7050,7050,7050,0
2022-03-31 10:20:00,7050,7050,7050,7050,600
2022-03-31 10:21:00,7050,7050,7050,7050,700
2022-03-31 10:22:00,7050,7050,7050,7050,0
2022-03-31 10:23:00,7050,7050,7050,7050,700
2022-03-31 10:24:00,7050,7050,7050,7050,2700
2022-03-31 10:25:00,7050,7050,7075,7075,6500
2022-03-31 10:26:00,7050,7050,7050,7050,800
2022-03-31 10:27:00,7050,7050,7050,7050,7500
2022-03-31 10:28:00,7050,7050,7050,7050,0
2022-03-31 10:29:00,7075,7050,7075,7050,1500
2022-03-31 10:30:00,7050,7050,7050,7050,6100
2022-03-31 10:31:00,7050,7050,7050,7050,700
2022-03-31 10:32:00,7050,7050,7050,7050,900
2022-03-31 10:33:00,7050,7050,7050,7050,1800
2022-03-31 10:34:00,7050,7050,7050,7050,0
2022-03-31 10:35:00,7050,7050,7050,7050,0
2022-03-31 10:36:00,7050,7050,7050,7050,900
2022-03-31 10:37:00,7075,7075,7075,7075,300
2022-03-31 10:38:00,7075,7075,7075,7075,100
2022-03-31 10:39:00,7050,7050,7050,7050,6400
2022-03-31 10:40:00,7075,7075,7075,7075,1000
2022-03-31 10:41:00,7050,7050,7050,7050,900
2022-03-31 10:42:00,7050,7050,7050,7050,0
2022-03-31 10:43:00,7050,7050,7050,7050,1000
2022-03-31 10:44:00,7075,7075,7075,7075,100
2022-03-31 10:45:00,7050,7050,7050,7050,1000
2022-03-31 10:46:00,7050,7050,7050,7050,0
2022-03-31 10:47:00,7050,7050,7075,7050,2100
2022-03-31 10:48:00,7050,7050,7050,7050,1000
2022-03-31 10:49:00,7050,7025,7075,7075,20400
2022-03-31 10:50:00,7050,7025,7075,7075,0
2022-03-31 10:51:00,7025,7025,7025,7025,2900
2022-03-31 10:52:00,7025,7025,7025,7025,0
2022-03-31 10:53:00,7050,7025,7050,7025,6000
2022-03-31 10:54:00,7050,7025,7050,7025,0
2022-03-31 10:55:00,7050,7025,7050,7025,4000
2022-03-31 10:56:00,7050,7050,7050,7050,1400
2022-03-31 10:57:00,7050,7050,7050,7050,900
2022-03-31 10:58:00,7050,7050,7050,7050,0
2022-03-31 10:59:00,7050,7050,7050,7050,500
2022-03-31 11:00:00,7050,7050,7050,7050,1000
2022-03-31 11:01:00,7050,7050,7050,7050,0
2022-03-31 11:02:00,7050,7050,7050,7050,1100
2022-03-31 11:03:00,7050,7050,7050,7050,1600
2022-03-31 11:04:00,7050,7025,7050,7025,2500
2022-03-31 11:05:00,7025,7025,7050,7050,200
2022-03-31 11:06:00,7050,7050,7050,7050,200
2022-03-31 11:07:00,7050,7050,7050,7050,0
2022-03-31 11:08:00,7050,7050,7050,7050,65200
2022-03-31 11:09:00,7050,7050,7050,7050,0
2022-03-31 11:10:00,7050,7050,7050,7050,0
2022-03-31 11:11:00,7075,7075,7075,7075,1500
2022-03-31 11:12:00,7075,7075,7075,7075,0
2022-03-31 11:13:00,7075,7075,7075,7075,100
2022-03-31 11:14:00,7075,7075,7075,7075,0
2022-03-31 11:15:00,7075,7075,7075,7075,100
2022-03-31 11:16:00,7075,7075,7075,7075,900
2022-03-31 11:17:00,7050,7050,7050,7050,200
2022-03-31 11:18:00,7075,7075,7075,7075,900
2022-03-31 11:19:00,7050,7050,7050,7050,1600
2022-03-31 11:20:00,7050,7050,7050,7050,200
2022-03-31 11:21:00,7050,7050,7050,7050,1300
2022-03-31 11:22:00,7050,7050,7050,7050,600
2022-03-31 11:23:00,7050,7050,7050,7050,800
2022-03-31 11:24:00,7050,7050,7050,7050,900
2022-03-31 11:25:00,7050,7050,7050,7050,2300
2022-03-31 11:26:00,7050,7050,7050,7050,1800
2022-03-31 11:27:00,7050,7050,7050,7050,5500
2022-03-31 11:28:00,7075,7075,7075,7075,1000
2022-03-31 11:29:00,7050,7050,7050,7050,400
2022-03-31 11:30:00,7050,7050,7050,7050,0
2022-03-31 11:31:00,7050,7050,7050,7050,0
2022-03-31 11:32:00,7050,7050,7050,7050,0
2022-03-31 11:33:00,7050,7050,7050,7050,0
2022-03-31 11:34:00,7050,7050,7050,7050,0
2022-03-31 11:35:00,7050,7050,7050,7050,0
2022-03-31 11:36:00,7050,7050,7050,7050,0
2022-03-31 11:37:00,7050,7050,7050,7050,0
2022-03-31 11:38:00,7050,7050,7050,7050,0
2022-03-31 11:39:00,7050,7050,7050,7050,0
2022-03-31 11:40:00,7050,7050,7050,7050,0
2022-03-31 11:41:00,7050,7050,7050,7050,0
2022-03-31 11:42:00,7050,7050,7050,7050,0
2022-03-31 11:43:00,7050,7050,7050,7050,0
2022-03-31 11:44:00,7050,7050,7050,7050,0
2022-03-31 11:45:00,7050,7050,7050,7050,0
2022-03-31 11:46:00,7050,7050,7050,7050,0
2022-03-31 11:47:00,7050,7050,7050,7050,0
2022-03-31 11:48:00,7050,7050,7050,7050,0
2022-03-31 11:49:00,7050,7050,7050,7050,0
2022-03-31 11:50:00,7050,7050,7050,7050,0
2022-03-31 11:51:00,7050,7050,7050,7050,0
2022-03-31 11:52:00,7050,7050,7050,7050,0
2022-03-31 11:53:00,7050,7050,7050,7050,0
2022-03-31 11:54:00,7050,7050,7050,7050,0
2022-03-31 11:55:00,7050,7050,7050,7050,0
2022-03-31 11:56:00,7050,7050,7050,7050,0
2022-03-31 11:57:00,7050,7050,7050,7050,0
2022-03-31 11:58:00,7050,7050,7050,7050,0
2022-03-31 11:59:00,7050,7050,7050,7050,0
2022-03-31 12:00:00,7050,7050,7050,7050,0
2022-03-31 12:01:00,7050,7050,7050,7050,0
2022-03-31 12:02:00,7050,7050,7050,7050,0
2022-03-31 12:03:00,7050,7050,7050,7050,0
2022-03-31 12:04:00,7050,7050,7050,7050,0
2022-03-31 12:05:00,7050,7050,7050,7050,0
2022-03-31 12:06:00,7050,7050,7050,7050,0
2022-03-31 12:07:00,7050,7050,7050,7050,0
2022-03-31 12:08:00,7050,7050,7050,7050,0
2022-03-31 12:09:00,7050,7050,7050,7050,0
2022-03-31 12:10:00,7050,7050,7050,7050,0
2022-03-31 12:11:00,7050,7050,7050,7050,0
2022-03-31 12:12:00,7050,7050,7050,7050,0
2022-03-31 12:13:00,7050,7050,7050,7050,0
2022-03-31 12:14:00,7050,7050,7050,7050,0
2022-03-31 12:15:00,7050,7050,7050,7050,0
2022-03-31 12:16:00,7050,7050,7050,7050,0
2022-03-31 12:17:00,7050,7050,7050,7050,0
2022-03-31 12:18:00,7050,7050,7050,7050,0
2022-03-31 12:19:00,7050,7050,7050,7050,0
2022-03-31 12:20:00,7050,7050,7050,7050,0
2022-03-31 12:21:00,7050,7050,7050,7050,0
2022-03-31 12:22:00,7050,7050,7050,7050,0
2022-03-31 12:23:00,7050,7050,7050,7050,0
2022-03-31 12:24:00,7050,7050,7050,7050,0
2022-03-31 12:25:00,7050,7050,7050,7050,0
2022-03-31 12:26:00,7050,7050,7050,7050,0
2022-03-31 12:27:00,7050,7050,7050,7050,0
2022-03-31 12:28:00,7050,7050,7050,7050,0
2022-03-31 12:29:00,7050,7050,7050,7050,0
2022-03-31 12:30:00,7050,7050,7050,7050,0
2022-03-31 12:31:00,7050,7050,7050,7050,0
2022-03-31 12:32:00,7050,7050,7050,7050,0
2022-03-31 12:33:00,7050,7050,7050,7050,0
2022-03-31 12:34:00,7050,7050,7050,7050,0
2022-03-31 12:35:00,7050,7050,7050,7050,0
2022-03-31 12:36:00,7050,7050,7050,7050,0
2022-03-31 12:37:00,7050,7050,7050,7050,0
2022-03-31 12:38:00,7050,7050,7050,7050,0
2022-03-31 12:39:00,7050,7050,7050,7050,0
2022-03-31 12:40:00,7050,7050,7050,7050,0
2022-03-31 12:41:00,7050,7050,7050,7050,0
2022-03-31 12:42:00,7050,7050,7050,7050,0
2022-03-31 12:43:00,7050,7050,7050,7050,0
2022-03-31 12:44:00,7050,7050,7050,7050,0
2022-03-31 12:45:00,7050,7050,7050,7050,0
2022-03-31 12:46:00,7050,7050,7050,7050,0
2022-03-31 12:47:00,7050,7050,7050,7050,0
2022-03-31 12:48:00,7050,7050,7050,7050,0
2022-03-31 12:49:00,7050,7050,7050,7050,0
2022-03-31 12:50:00,7050,7050,7050,7050,0
2022-03-31 12:51:00,7050,7050,7050,7050,0
2022-03-31 12:52:00,7050,7050,7050,7050,0
2022-03-31 12:53:00,7050,7050,7050,7050,0
2022-03-31 12:54:00,7050,7050,7050,7050,0
2022-03-31 12:55:00,7050,7050,7050,7050,0
2022-03-31 12:56:00,7050,7050,7050,7050,0
2022-03-31 12:57:00,7050,7050,7050,7050,0
2022-03-31 12:58:00,7050,7050,7050,7050,0
2022-03-31 12:59:00,7050,7050,7050,7050,0
2022-03-31 13:00:00,7050,7050,7050,7050,0
2022-03-31 13:01:00,7050,7050,7050,7050,0
2022-03-31 13:02:00,7050,7050,7050,7050,0
2022-03-31 13:03:00,7050,7050,7050,7050,0
2022-03-31 13:04:00,7050,7050,7050,7050,0
2022-03-31 13:05:00,7050,7050,7050,7050,0
2022-03-31 13:06:00,7050,7050,7050,7050,0
2022-03-31 13:07:00,7050,7050,7050,7050,0
2022-03-31 13:08:00,7050,7050,7050,7050,0
2022-03-31 13:09:00,7050,7050,7050,7050,0
2022-03-31 13:10:00,7050,7050,7050,7050,0
2022-03-31 13:11:00,7050,7050,7050,7050,0
2022-03-31 13:12:00,7050,7050,7050,7050,0
2022-03-31 13:13:00,7050,7050,7050,7050,0
2022-03-31 13:14:00,7050,7050,7050,7050,0
2022-03-31 13:15:00,7050,7050,7050,7050,0
2022-03-31 13:16:00,7050,7050,7050,7050,0
2022-03-31 13:17:00,7050,7050,7050,7050,0
2022-03-31 13:18:00,7050,7050,7050,7050,0
2022-03-31 13:19:00,7050,7050,7050,7050,0
2022-03-31 13:20:00,7050,7050,7050,7050,0
2022-03-31 13:21:00,7050,7050,7050,7050,0
2022-03-31 13:22:00,7050,7050,7050,7050,0
2022-03-31 13:23:00,7050,7050,7050,7050,0
2022-03-31 13:24:00,7050,7050,7050,7050,0
2022-03-31 13:25:00,7050,7050,7050,7050,0
2022-03-31 13:26:00,7050,7050,7050,7050,0
2022-03-31 13:27:00,7050,7050,7050,7050,0
2022-03-31 13:28:00,7050,7050,7050,7050,0
2022-03-31 13:29:00,7050,7050,7050,7050,0
2022-03-31 13:30:00,7050,7050,7075,7075,94400
2022-03-31 13:31:00,7050,7050,7075,7075,0
2022-03-31 13:32:00,7050,7050,7075,7075,0
2022-03-31 13:33:00,7050,7050,7050,7050,200
2022-03-31 13:34:00,7075,7075,7075,7075,100
2022-03-31 13:35:00,7075,7075,7075,7075,500
2022-03-31 13:36:00,7075,7075,7075,7075,0
2022-03-31 13:37:00,7075,7075,7075,7075,0
2022-03-31 13:38:00,7050,7050,7050,7050,10000
2022-03-31 13:39:00,7075,7075,7075,7075,100
2022-03-31 13:40:00,7075,7075,7075,7075,7100
2022-03-31 13:41:00,7075,7075,7075,7075,100
2022-03-31 13:42:00,7050,7050,7050,7050,8100
2022-03-31 13:43:00,7050,7050,7050,7050,4000
2022-03-31 13:44:00,7050,7050,7050,7050,7200
2022-03-31 13:45:00,7050,7050,7050,7050,5300
2022-03-31 13:46:00,7075,7075,7075,7075,300
2022-03-31 13:47:00,7050,7050,7050,7050,1200
2022-03-31 13:48:00,7050,7050,7050,7050,4000
2022-03-31 13:49:00,7050,7050,7050,7050,7700
2022-03-31 13:50:00,7050,7050,7050,7050,0
2022-03-31 13:51:00,7050,7050,7050,7050,6600
2022-03-31 13:52:00,7050,7050,7050,7050,61200
2022-03-31 13:53:00,7075,7050,7075,7050,20100
2022-03-31 13:54:00,7050,7050,7050,7050,400
2022-03-31 13:55:00,7050,7050,7050,7050,18200
2022-03-31 13:56:00,7050,7050,7050,7050,6200
2022-03-31 13:57:00,7050,7050,7050,7050,900
2022-03-31 13:58:00,7050,7050,7050,7050,1500
2022-03-31 13:59:00,7050,7050,7050,7050,9800
2022-03-31 14:00:00,7025,7025,7025,7025,1400
2022-03-31 14:01:00,7050,7050,7050,7050,600
2022-03-31 14:02:00,7025,7025,7050,7050,2300
2022-03-31 14:03:00,7025,7025,7025,7025,10600
2022-03-31 14:04:00,7025,7025,7025,7025,11800
2022-03-31 14:05:00,7025,7025,7025,7025,7300
2022-03-31 14:06:00,7025,7025,7025,7025,0
2022-03-31 14:07:00,7025,7025,7025,7025,29200
2022-03-31 14:08:00,7025,7025,7050,7050,1600
2022-03-31 14:09:00,7025,7025,7050,7050,0
2022-03-31 14:10:00,7025,7025,7025,7025,23500
2022-03-31 14:11:00,7025,7025,7025,7025,1100
2022-03-31 14:12:00,7025,7025,7050,7050,7600
2022-03-31 14:13:00,7025,7025,7025,7025,3100
2022-03-31 14:14:00,7025,7025,7050,7025,17700
2022-03-31 14:15:00,7025,7025,7025,7025,13000
2022-03-31 14:16:00,7025,7025,7025,7025,5500
2022-03-31 14:17:00,7025,7025,7025,7025,50000
2022-03-31 14:18:00,7025,7025,7025,7025,1900
2022-03-31 14:19:00,7025,7025,7050,7050,27500
2022-03-31 14:20:00,7025,7025,7025,7025,9300
2022-03-31 14:21:00,7050,7050,7050,7050,100
2022-03-31 14:22:00,7025,7025,7050,7050,3100
2022-03-31 14:23:00,7050,7025,7050,7025,15100
2022-03-31 14:24:00,7025,7025,7025,7025,16200
2022-03-31 14:25:00,7050,7025,7050,7025,31300
2022-03-31 14:26:00,7025,7025,7025,7025,3400
2022-03-31 14:27:00,7050,7025,7050,7025,17100
2022-03-31 14:28:00,7025,7025,7050,7025,3500
2022-03-31 14:29:00,7025,7025,7025,7025,1300
2022-03-31 14:30:00,7000,7000,7000,7000,1000
2022-03-31 14:31:00,7000,7000,7025,7025,4000
2022-03-31 14:32:00,7025,7025,7025,7025,300
2022-03-31 14:33:00,7000,7000,7025,7025,1400
2022-03-31 14:34:00,7025,7000,7025,7025,4700
2022-03-31 14:35:00,7025,7025,7025,7025,300
2022-03-31 14:36:00,7000,7000,7025,7025,12500
2022-03-31 14:37:00,7000,7000,7025,7025,51900
2022-03-31 14:38:00,7000,7000,7025,7025,15400
2022-03-31 14:39:00,7025,7000,7025,7025,13500
2022-03-31 14:40:00,7025,7025,7025,7025,6100
2022-03-31 14:41:00,7025,7025,7025,7025,15100
2022-03-31 14:42:00,7025,7000,7025,7000,115200
2022-03-31 14:43:00,7000,7000,7025,7000,102400
2022-03-31 14:44:00,7025,7000,7025,7025,6700
2022-03-31 14:45:00,7025,7025,7025,7025,3000
2022-03-31 14:46:00,7025,7000,7025,7025,3200
2022-03-31 14:47:00,7000,7000,7025,7000,70100
2022-03-31 14:48:00,7025,7000,7025,7025,1100
2022-03-31 14:49:00,7000,7000,7025,7000,47700
2022-03-31 14:50:00,7000,7000,7025,7000,0
2022-03-31 14:51:00,7000,7000,7025,7000,0
2022-03-31 14:52:00,7000,7000,7025,7000,0
2022-03-31 14:53:00,7000,7000,7025,7000,0
2022-03-31 14:54:00,7000,7000,7025,7000,0
2022-03-31 14:55:00,7000,7000,7025,7000,0
2022-03-31 14:56:00,7000,7000,7025,7000,0
2022-03-31 14:57:00,7000,7000,7025,7000,0
2022-03-31 14:58:00,7000,7000,7025,7000,0
2022-03-31 14:59:00,7000,7000,7025,7000,0
2022-03-31 15:00:00,7025,7025,7025,7025,142200
2022-03-31 15:01:00,7025,7025,7025,7025,500
2022-03-31 15:02:00,7025,7025,7025,7025,13000
2022-03-31 15:03:00,7025,7025,7025,7025,50200
2022-03-31 15:04:00,7025,7025,7025,7025,13600
2022-03-31 15:05:00,7025,7025,7025,7025,1300
2022-03-31 15:06:00,7025,7025,7025,7025,100
2022-03-31 15:07:00,7025,7025,7025,7025,1000
2022-03-31 15:08:00,7025,7025,7025,7025,26100
2022-03-31 15:09:00,7025,7025,7025,7025,700
2022-03-31 15:10:00,7025,7025,7025,7025,100
2022-03-31 15:11:00,7025,7025,7025,7025,7000
2022-03-31 15:12:00,7025,7025,7025,7025,500
2022-03-31 15:13:00,7025,7025,7025,7025,800
2022-03-31 15:14:00,7025,7025,7025,7025,1000
2022-03-31 15:15:00,7025,7025,7025,7025,0
2022-03-31 15:16:00,7025,7025,7025,7025,0
2022-03-31 15:17:00,7025,7025,7025,7025,0
2022-03-31 15:18:00,7025,7025,7025,7025,0
2022-03-31 15:19:00,7025,7025,7025,7025,0
2022-03-31 15:20:00,7025,7025,7025,7025,0
2022-03-31 15:21:00,7025,7025,7025,7025,0
2022-03-31 15:22:00,7025,7025,7025,7025,0
2022-03-31 15:23:00,7025,7025,7025,7025,0
2022-03-31 15:24:00,7025,7025,7025,7025,0
2022-03-31 15:25:00,7025,7025,7025,7025,0
2022-03-31 15:26:00,7025,7025,7025,7025,0
2022-03-31 15:27:00,7025,7025,7025,7025,0
2022-03-31 15:28:00,7025,7025,7025,7025,0
2022-03-31 15:29:00,7025,7025,7025,7025,0
2022-03-31 15:30:00,7025,7025,7025,7025,0
2022-03-31 15:31:00,7025,7025,7025,7025,0
2022-03-31 15:32:00,7025,7025,7025,7025,0
2022-03-31 15:33:00,7025,7025,7025,7025,0
2022-03-31 15:34:00,7025,7025,7025,7025,0
2022-03-31 15:35:00,7025,7025,7025,7025,0
2022-03-31 15:36:00,7025,7025,7025,7025,0
2022-03-31 15:37:00,7025,7025,7025,7025,0
2022-03-31 15:38:00,7025,7025,7025,7025,0
2022-03-31 15:39:00,7025,7025,7025,7025,0
2022-03-31 15:40:00,7025,7025,7025,7025,0
2022-03-31 15:41:00,7025,7025,7025,7025,0
2022-03-31 15:42:00,7025,7025,7025,7025,0
2022-03-31 15:43:00,7025,7025,7025,7025,0
2022-03-31 15:44:00,7025,7025,7025,7025,0
2022-03-31 15:45:00,7025,7025,7025,7025,0
2022-03-31 15:46:00,7025,7025,7025,7025,0
2022-03-31 15:47:00,7025,7025,7025,7025,0
2022-03-31 15:48:00,7025,7025,7025,7025,0
2022-03-31 15:49:00,7025,7025,7025,7025,0
2022-03-31 15:50:00,7025,7025,7025,7025,0
2022-03-31 15:51:00,7025,7025,7025,7025,0
2022-03-31 15:52:00,7025,7025,7025,7025,0
2022-03-31 15:53:00,7025,7025,7025,7025,0
2022-03-31 15:54:00,7025,7025,7025,7025,0
2022-03-31 15:55:00,7025,7025,7025,7025,0
2022-03-31 15:56:00,7025,7025,7025,7025,0
2022-03-31 15:57:00,7025,7025,7025,7025,0
2022-03-31 15:58:00,7025,7025,7025,7025,0
2022-03-31 15:59:00,7025,7025,7025,7025,0
2022-04-01 09:00:00,7000,7000,7025,7025,1200
2022-04-01 09:01:00,7025,7000,7025,7025,2200
2022-04-01 09:02:00,7025,7025,7025,7025,1200
2022-04-01 09:03:00,7025,7000,7025,7000,14800
2022-04-01 09:04:00,7025,7025,7025,7025,1100
2022-04-01 09:05:00,7025,7025,7025,7025,5000
2022-04-01 09:06:00,7025,7000,7025,7000,27800
2022-04-01 09:07:00,7000,6975,7000,6975,59100
2022-04-01 09:08:00,6975,6975,7000,7000,20500
2022-04-01 09:09:00,7000,7000,7000,7000,8800
2022-04-01 09:10:00,7000,6975,7000,6975,4600
2022-04-01 09:11:00,6975,6975,7000,6975,12300
2022-04-01 09:12:00,7000,6975,7000,6975,3600
2022-04-01 09:13:00,6975,6975,7000,6975,1500
2022-04-01 09:14:00,6975,6975,7000,6975,20800
2022-04-01 09:15:00,6975,6975,7025,7025,29200
2022-04-01 09:16:00,7025,7000,7025,7000,2400
2022-04-01 09:17:00,7000,7000,7000,7000,600
2022-04-01 09:18:00,7000,7000,7000,7000,10000
2022-04-01 09:19:00,7000,7000,7025,7025,3100
2022-04-01 09:20:00,7025,7000,7025,7025,1900
2022-04-01 09:21:00,7025,7025,7025,7025,300
2022-04-01 09:22:00,7000,7000,7025,7025,1400
2022-04-01 09:23:00,7000,7000,7000,7000,600
2022-04-01 09:24:00,7000,7000,7000,7000,200
2022-04-01 09:25:00,7000,7000,7000,7000,1000
2022-04-01 09:26:00,7000,7000,7000,7000,900
2022-04-01 09:27:00,7000,7000,7000,7000,9200
2022-04-01 09:28:00,7000,7000,7000,7000,4000
2022-04-01 09:29:00,7000,7000,7000,7000,2100
2022-04-01 09:30:00,7000,7000,7000,7000,1200
2022-04-01 09:31:00,7000,7000,7000,7000,700
2022-04-01 09:32:00,7000,7000,7025,7025,3000
2022-04-01 09:33:00,7025,7025,7025,7025,6200
2022-04-01 09:34:00,7025,7025,7025,7025,100
2022-04-01 09:35:00,7050,7025,7050,7025,2100
2022-04-01 09:36:00,7025,7000,7025,7000,33400
2022-04-01 09:37:00,7000,7000,7025,7000,1500
2022-04-01 09:38:00,7000,7000,7025,7000,0
2022-04-01 09:39:00,7000,7000,7000,7000,200
2022-04-01 09:40:00,7000,7000,7000,7000,200
2022-04-01 09:41:00,7000,7000,7000,7000,400
2022-04-01 09:42:00,7025,7000,7025,7000,1500
2022-04-01 09:43:00,7000,7000,7025,7025,900
2022-04-01 09:44:00,7000,7000,7000,7000,17500
2022-04-01 09:45:00,7000,7000,7000,7000,2400
2022-04-01 09:46:00,7000,7000,7000,7000,800
2022-04-01 09:47:00,7000,7000,7000,7000,700
2022-04-01 09:48:00,7025,7000,7025,7000,11800
2022-04-01 09:49:00,7000,7000,7000,7000,200
2022-04-01 09:50:00,7000,7000,7000,7000,1000
2022-04-01 09:51:00,7000,7000,7000,7000,1000
2022-04-01 09:52:00,7000,7000,7000,7000,17700
2022-04-01 09:53:00,6975,6975,7000,7000,500
2022-04-01 09:54:00,7000,6975,7000,6975,5100
2022-04-01 09:55:00,7000,6975,7000,7000,4300
2022-04-01 09:56:00,7000,7000,7000,7000,6000
2022-04-01 09:57:00,7000,7000,7000,7000,0
2022-04-01 09:58:00,7000,7000,7000,7000,0
2022-04-01 09:59:00,7000,7000,7000,7000,15000
2022-04-01 10:00:00,7000,7000,7000,7000,1100
2022-04-01 10:01:00,7000,7000,7000,7000,1800
2022-04-01 10:02:00,7000,7000,7000,7000,0
2022-04-01 10:03:00,7000,7000,7000,7000,16000
2022-04-01 10:04:00,7000,6975,7000,6975,1200
2022-04-01 10:05:00,7000,7000,7000,7000,500
2022-04-01 10:06:00,7000,7000,7000,7000,1200
2022-04-01 10:07:00,7025,7025,7025,7025,800
2022-04-01 10:08:00,7025,7025,7025,7025,100
2022-04-01 10:09:00,7000,7000,7000,7000,800
2022-04-01 10:10:00,7025,7025,7025,7025,50000
2022-04-01 10:11:00,7000,7000,7025,7000,2300
2022-04-01 10:12:00,7000,7000,7000,7000,1200
2022-04-01 10:13:00,7000,7000,7000,7000,3400
2022-04-01 10:14:00,7000,7000,7000,7000,1000
2022-04-01 10:15:00,7000,7000,7000,7000,3600
2022-04-01 10:16:00,7000,7000,7000,7000,1200
2022-04-01 10:17:00,7000,7000,7000,7000,800
2022-04-01 10:18:00,7000,7000,7025,7025,2300
2022-04-01 10:19:00,7025,7025,7025,7025,1300
2022-04-01 10:20:00,7025,7000,7025,7000,1400
2022-04-01 10:21:00,7025,7025,7025,7025,18900
2022-04-01 10:22:00,7025,7025,7025,7025,1700
2022-04-01 10:23:00,7025,7025,7025,7025,0
2022-04-01 10:24:00,7025,7025,7025,7025,200
2022-04-01 10:25:00,7025,7000,7025,7000,3800
2022-04-01 10:26:00,7000,7000,7025,7025,1300
2022-04-01 10:27:00,7025,7025,7025,7025,100
2022-04-01 10:28:00,7000,7000,7025,7000,800
2022-04-01 10:29:00,7025,7000,7025,7000,10500
2022-04-01 10:30:00,7025,7000,7025,7000,0
2022-04-01 10:31:00,7025,7000,7025,7000,300
2022-04-01 10:32:00,7025,7000,7025,7000,0
2022-04-01 10:33:00,7025,7000,7025,7000,1600
2022-04-01 10:34:00,7025,7000,7025,7000,1700
2022-04-01 10:35:00,7000,7000,7000,7000,800
2022-04-01 10:36:00,7000,7000,7000,7000,500
2022-04-01 10:37:00,7000,7000,7000,7000,600
2022-04-01 10:38:00,7000,7000,7000,7000,0
2022-04-01 10:39:00,7000,7000,7000,7000,500
2022-04-01 10:40:00,7000,7000,7025,7025,3000
2022-04-01 10:41:00,7025,7000,7025,7025,6900
2022-04-01 10:42:00,7025,7000,7025,7000,400
2022-04-01 10:43:00,7025,7025,7025,7025,600
2022-04-01 10:44:00,7025,7025,7025,7025,1000
2022-04-01 10:45:00,7000,7000,7025,7000,2900
2022-04-01 10:46:00,7000,7000,7025,7000,0
2022-04-01 10:47:00,7025,7025,7050,7050,26900
2022-04-01 10:48:00,7025,7025,7025,7025,200
2022-04-01 10:49:00,7025,7025,7025,7025,200
2022-04-01 10:50:00,7025,7025,7025,7025,0
2022-04-01 10:51:00,7025,7025,7025,7025,0
2022-04-01 10:52:00,7050,7050,7050,7050,2600
2022-04-01 10:53:00,7050,7050,7050,7050,0
2022-04-01 10:54:00,7050,7050,7050,7050,1000
2022-04-01 10:55:00,7050,7050,7050,7050,1000
2022-04-01 10:56:00,7050,7050,7050,7050,0
2022-04-01 10:57:00,7050,7050,7050,7050,1500
2022-04-01 10:58:00,7050,7050,7050,7050,6700
2022-04-01 10:59:00,7050,7050,7050,7050,200
2022-04-01 11:00:00,7050,7025,7050,7050,2300
2022-04-01 11:01:00,7025,7025,7050,7050,1400
2022-04-01 11:02:00,7025,7025,7050,7025,1200
2022-04-01 11:03:00,7025,7025,7025,7025,200
2022-04-01 11:04:00,7050,7050,7050,7050,400
2022-04-01 11:05:00,7050,7025,7050,7050,700
2022-04-01 11:06:00,7050,7050,7050,7050,2500
2022-04-01 11:07:00,7050,7050,7050,7050,3500
2022-04-01 11:08:00,7050,7050,7050,7050,1100
2022-04-01 11:09:00,7050,7025,7075,7075,30800
2022-04-01 11:10:00,7075,7075,7075,7075,100
2022-04-01 11:11:00,7075,7075,7075,7075,200
2022-04-01 11:12:00,7050,7050,7050,7050,3000
2022-04-01 11:13:00,7050,7050,7075,7075,1200
2022-04-01 11:14:00,7050,7050,7075,7075,0
2022-04-01 11:15:00,7075,7050,7075,7050,5400
2022-04-01 11:16:00,7050,7050,7050,7050,19500
2022-04-01 11:17:00,7050,7050,7050,7050,800
2022-04-01 11:18:00,7050,7050,7050,7050,0
2022-04-01 11:19:00,7050,7050,7050,7050,3300
2022-04-01 11:20:00,7050,7050,7050,7050,6700
2022-04-01 11:21:00,7050,7050,7050,7050,200
2022-04-01 11:22:00,7050,7050,7050,7050,300
2022-04-01 11:23:00,7050,7050,7050,7050,100
2022-04-01 11:24:00,7025,7025,7025,7025,700
2022-04-01 11:25:00,7050,7050,7050,7050,200
2022-04-01 11:26:00,7050,7050,7050,7050,0
2022-04-01 11:27:00,7050,7025,7050,7025,200
2022-04-01 11:28:00,7050,7025,7050,7025,0
2022-04-01 11:29:00,7050,7025,7050,7025,800
2022-04-01 11:30:00,7050,7025,7050,7025,0
2022-04-01 11:31:00,7050,7025,7050,7025,0
2022-04-01 11:32:00,7050,7025,7050,7025,0
2022-04-01 11:33:00,7050,7025,7050,7025,0
2022-04-01 11:34:00,7050,7025,7050,7025,0
2022-04-01 11:35:00,7050,7025,7050,7025,0
2022-04-01 11:36:00,7050,7025,7050,7025,0
2022-04-01 11:37:00,7050,7025,7050,7025,0
2022-04-01 11:38:00,7050,7025,7050,7025,0
2022-04-01 11:39:00,7050,7025,7050,7025,0
2022-04-01 11:40:00,7050,7025,7050,7025,0
2022-04-01 11:41:00,7050,7025,7050,7025,0
2022-04-01 11:42:00,7050,7025,7050,7025,0
2022-04-01 11:43:00,7050,7025,7050,7025,0
2022-04-01 11:44:00,7050,7025,7050,7025,0
2022-04-01 11:45:00,7050,7025,7050,7025,0
2022-04-01 11:46:00,7050,7025,7050,7025,0
2022-04-01 11:47:00,7050,7025,7050,7025,0
2022-04-01 11:48:00,7050,7025,7050,7025,0
2022-04-01 11:49:00,7050,7025,7050,7025,0
2022-04-01 11:50:00,7050,7025,7050,7025,0
2022-04-01 11:51:00,7050,7025,7050,7025,0
2022-04-01 11:52:00,7050,7025,7050,7025,0
2022-04-01 11:53:00,7050,7025,7050,7025,0
2022-04-01 11:54:00,7050,7025,7050,7025,0
2022-04-01 11:55:00,7050,7025,7050,7025,0
2022-04-01 11:56:00,7050,7025,7050,7025,0
2022-04-01 11:57:00,7050,7025,7050,7025,0
2022-04-01 11:58:00,7050,7025,7050,7025,0
2022-04-01 11:59:00,7050,7025,7050,7025,0
2022-04-01 12:00:00,7050,7025,7050,7025,0
2022-04-01 12:01:00,7050,7025,7050,7025,0
2022-04-01 12:02:00,7050,7025,7050,7025,0
2022-04-01 12:03:00,7050,7025,7050,7025,0
2022-04-01 12:04:00,7050,7025,7050,7025,0
2022-04-01 12:05:00,7050,7025,7050,7025,0
2022-04-01 12:06:00,7050,7025,7050,7025,0
2022-04-01 12:07:00,7050,7025,7050,7025,0
2022-04-01 12:08:00,7050,7025,7050,7025,0
2022-04-01 12:09:00,7050,7025,7050,7025,0
2022-04-01 12:10:00,7050,7025,7050,7025,0
2022-04-01 12:11:00,7050,7025,7050,7025,0
2022-04-01 12:12:00,7050,7025,7050,7025,0
2022-04-01 12:13:00,7050,7025,7050,7025,0
2022-04-01 12:14:00,7050,7025,7050,7025,0
2022-04-01 12:15:00,7050,7025,7050,7025,0
2022-04-01 12:16:00,7050,7025,7050,7025,0
2022-04-01 12:17:00,7050,7025,7050,7025,0
2022-04-01 12:18:00,7050,7025,7050,7025,0
2022-04-01 12:19:00,7050,7025,7050,7025,0
2022-04-01 12:20:00,7050,7025,7050,7025,0
2022-04-01 12:21:00,7050,7025,7050,7025,0
2022-04-01 12:22:00,7050,7025,7050,7025,0
2022-04-01 12:23:00,7050,7025,7050,7025,0
2022-04-01 12:24:00,7050,7025,7050,7025,0
2022-04-01 12:25:00,7050,7025,7050,7025,0
2022-04-01 12:26:00,7050,7025,7050,7025,0
2022-04-01 12:27:00,7050,7025,7050,7025,0
2022-04-01 12:28:00,7050,7025,7050,7025,0
2022-04-01 12:29:00,7050,7025,7050,7025,0
2022-04-01 12:30:00,7050,7025,7050,7025,0
2022-04-01 12:31:00,7050,7025,7050,7025,0
2022-04-01 12:32:00,7050,7025,7050,7025,0
2022-04-01 12:33:00,7050,7025,7050,7025,0
2022-04-01 12:34:00,7050,7025,7050,7025,0
2022-04-01 12:35:00,7050,7025,7050,7025,0
2022-04-01 12:36:00,7050,7025,7050,7025,0
2022-04-01 12:37:00,7050,7025,7050,7025,0
2022-04-01 12:38:00,7050,7025,7050,7025,0
2022-04-01 12:39:00,7050,7025,7050,7025,0
2022-04-01 12:40:00,7050,7025,7050,7025,0
2022-04-01 12:41:00,7050,7025,7050,7025,0
2022-04-01 12:42:00,7050,7025,7050,7025,0
2022-04-01 12:43:00,7050,7025,7050,7025,0
2022-04-01 12:44:00,7050,7025,7050,7025,0
2022-04-01 12:45:00,7050,7025,7050,7025,0
2022-04-01 12:46:00,7050,7025,7050,7025,0
2022-04-01 12:47:00,7050,7025,7050,7025,0
2022-04-01 12:48:00,7050,7025,7050,7025,0
2022-04-01 12:49:00,7050,7025,7050,7025,0
2022-04-01 12:50:00,7050,7025,7050,7025,0
2022-04-01 12:51:00,7050,7025,7050,7025,0
2022-04-01 12:52:00,7050,7025,7050,7025,0
2022-04-01 12:53:00,7050,7025,7050,7025,0
2022-04-01 12:54:00,7050,7025,7050,7025,0
2022-04-01 12:55:00,7050,7025,7050,7025,0
2022-04-01 12:56:00,7050,7025,7050,7025,0
2022-04-01 12:57:00,7050,7025,7050,7025,0
2022-04-01 12:58:00,7050,7025,7050,7025,0
2022-04-01 12:59:00,7050,7025,7050,7025,0
2022-04-01 13:00:00,7050,7025,7050,7025,0
2022-04-01 13:01:00,7050,7025,7050,7025,0
2022-04-01 13:02:00,7050,7025,7050,7025,0
2022-04-01 13:03:00,7050,7025,7050,7025,0
2022-04-01 13:04:00,7050,7025,7050,7025,0
2022-04-01 13:05:00,7050,7025,7050,7025,0
2022-04-01 13:06:00,7050,7025,7050,7025,0
2022-04-01 13:07:00,7050,7025,7050,7025,0
2022-04-01 13:08:00,7050,7025,7050,7025,0
2022-04-01 13:09:00,7050,7025,7050,7025,0
2022-04-01 13:10:00,7050,7025,7050,7025,0
2022-04-01 13:11:00,7050,7025,7050,7025,0
2022-04-01 13:12:00,7050,7025,7050,7025,0
2022-04-01 13:13:00,7050,7025,7050,7025,0
2022-04-01 13:14:00,7050,7025,7050,7025,0
2022-04-01 13:15:00,7050,7025,7050,7025,0
2022-04-01 13:16:00,7050,7025,7050,7025,0
2022-04-01 13:17:00,7050,7025,7050,7025,0
2022-04-01 13:18:00,7050,7025,7050,7025,0
2022-04-01 13:19:00,7050,7025,7050,7025,0
2022-04-01 13:20:00,7050,7025,7050,7025,0
2022-04-01 13:21:00,7050,7025,7050,7025,0
2022-04-01 13:22:00,7050,7025,7050,7025,0
2022-04-01 13:23:00,7050,7025,7050,7025,0
2022-04-01 13:24:00,7050,7025,7050,7025,0
2022-04-01 13:25:00,7050,7025,7050,7025,0
2022-04-01 13:26:00,7050,7025,7050,7025,0
2022-04-01 13:27:00,7050,7025,7050,7025,0
2022-04-01 13:28:00,7050,7025,7050,7025,0
2022-04-01 13:29:00,7050,7025,7050,7025,0
2022-04-01 13:30:00,7025,7025,7050,7050,34300
2022-04-01 13:31:00,7075,7050,7075,7050,1800
2022-04-01 13:32:00,7050,7050,7050,7050,1200
2022-04-01 13:33:00,7050,7050,7050,7050,0
2022-04-01 13:34:00,7050,7050,7050,7050,8600
2022-04-01 13:35:00,7050,7050,7050,7050,200
2022-04-01 13:36:00,7050,7050,7050,7050,100
2022-04-01 13:37:00,7050,7050,7050,7050,13100
2022-04-01 13:38:00,7050,7050,7050,7050,500
2022-04-01 13:39:00,7050,7050,7050,7050,300
2022-04-01 13:40:00,7050,7050,7050,7050,2500
2022-04-01 13:41:00,7050,7050,7050,7050,4000
2022-04-01 13:42:00,7050,7050,7050,7050,26400
2022-04-01 13:43:00,7025,7025,7025,7025,11400
2022-04-01 13:44:00,7025,7025,7025,7025,100
2022-04-01 13:45:00,7025,7025,7025,7025,900
2022-04-01 13:46:00,7025,7025,7050,7050,1100
2022-04-01 13:47:00,7050,7025,7050,7025,900
2022-04-01 13:48:00,7025,7025,7050,7050,2100
2022-04-01 13:49:00,7025,7025,7050,7025,2000
2022-04-01 13:50:00,7050,7025,7050,7025,400
2022-04-01 13:51:00,7025,7025,7025,7025,3300
2022-04-01 13:52:00,7025,7025,7025,7025,300
2022-04-01 13:53:00,7025,7025,7025,7025,2100
2022-04-01 13:54:00,7025,7025,7025,7025,1000
2022-04-01 13:55:00,7025,7025,7050,7025,5600
2022-04-01 13:56:00,7050,7025,7050,7025,5100
2022-04-01 13:57:00,7025,7025,7025,7025,10400
2022-04-01 13:58:00,7025,7025,7025,7025,10400
2022-04-01 13:59:00,7025,7025,7050,7050,1700
2022-04-01 14:00:00,7050,7050,7050,7050,800
2022-04-01 14:01:00,7050,7050,7050,7050,100
2022-04-01 14:02:00,7025,7025,7025,7025,3400
2022-04-01 14:03:00,7025,7025,7025,7025,5000
2022-04-01 14:04:00,7025,7025,7025,7025,300
2022-04-01 14:05:00,7025,7025,7025,7025,0
2022-04-01 14:06:00,7025,7025,7025,7025,100
2022-04-01 14:07:00,7025,7025,7025,7025,100
2022-04-01 14:08:00,7025,7025,7050,7050,2900
2022-04-01 14:09:00,7050,7050,7050,7050,700
2022-04-01 14:10:00,7025,7025,7025,7025,5000
2022-04-01 14:11:00,7050,7050,7050,7050,12000
2022-04-01 14:12:00,7050,7050,7050,7050,100
2022-04-01 14:13:00,7025,7025,7025,7025,1500
2022-04-01 14:14:00,7025,7025,7025,7025,2100
2022-04-01 14:15:00,7050,7025,7050,7025,300
2022-04-01 14:16:00,7025,7025,7050,7050,1600
2022-04-01 14:17:00,7050,7050,7050,7050,69600
2022-04-01 14:18:00,7050,7050,7050,7050,5100
2022-04-01 14:19:00,7075,7075,7075,7075,100
2022-04-01 14:20:00,7050,7050,7050,7050,1500
2022-04-01 14:21:00,7050,7050,7050,7050,100
2022-04-01 14:22:00,7050,7050,7050,7050,10000
2022-04-01 14:23:00,7050,7050,7050,7050,400
2022-04-01 14:24:00,7050,7050,7050,7050,500
2022-04-01 14:25:00,7050,7050,7075,7075,2400
2022-04-01 14:26:00,7075,7075,7075,7075,1600
2022-04-01 14:27:00,7075,7075,7075,7075,400
2022-04-01 14:28:00,7050,7050,7050,7050,60800
2022-04-01 14:29:00,7050,7050,7050,7050,0
2022-04-01 14:30:00,7075,7050,7075,7050,53600
2022-04-01 14:31:00,7050,7050,7050,7050,13400
2022-04-01 14:32:00,7025,7025,7025,7025,2700
2022-04-01 14:33:00,7025,7025,7025,7025,0
2022-04-01 14:34:00,7050,7025,7050,7025,3600
2022-04-01 14:35:00,7025,7025,7025,7025,1500
2022-04-01 14:36:00,7050,7025,7050,7050,2500
2022-04-01 14:37:00,7050,7025,7050,7050,0
2022-04-01 14:38:00,7050,7025,7050,7050,0
2022-04-01 14:39:00,7050,7025,7050,7050,2600
2022-04-01 14:40:00,7050,7025,7050,7050,3700
2022-04-01 14:41:00,7050,7025,7050,7025,13900
2022-04-01 14:42:00,7050,7050,7050,7050,100
2022-04-01 14:43:00,7050,7050,7050,7050,1100
2022-04-01 14:44:00,7025,7025,7025,7025,4000
2022-04-01 14:45:00,7050,7050,7075,7050,24200
2022-04-01 14:46:00,7050,7050,7050,7050,1000
2022-04-01 14:47:00,7050,7050,7075,7050,1400
2022-04-01 14:48:00,7075,7050,7075,7050,2700
2022-04-01 14:49:00,7075,7050,7075,7075,13700
2022-04-01 14:50:00,7075,7050,7075,7075,0
2022-04-01 14:51:00,7075,7050,7075,7075,0
2022-04-01 14:52:00,7075,7050,7075,7075,0
2022-04-01 14:53:00,7075,7050,7075,7075,0
2022-04-01 14:54:00,7075,7050,7075,7075,0
2022-04-01 14:55:00,7075,7050,7075,7075,0
2022-04-01 14:56:00,7075,7050,7075,7075,0
2022-04-01 14:57:00,7075,7050,7075,7075,0
2022-04-01 14:58:00,7075,7050,7075,7075,0
2022-04-01 14:59:00,7075,7050,7075,7075,0
2022-04-01 15:00:00,7050,7050,7050,7050,42200
2022-04-01 15:01:00,7050,7050,7050,7050,1100
2022-04-01 15:02:00,7050,7050,7050,7050,2000
2022-04-01 15:03:00,7050,7050,7050,7050,0
2022-04-01 15:04:00,7050,7050,7050,7050,0
2022-04-01 15:05:00,7050,7050,7050,7050,700
2022-04-01 15:06:00,7050,7050,7050,7050,1000
2022-04-01 15:07:00,7050,7050,7050,7050,0
2022-04-01 15:08:00,7050,7050,7050,7050,200
2022-04-01 15:09:00,7050,7050,7050,7050,2200
2022-04-01 15:10:00,7050,7050,7050,7050,0
2022-04-01 15:11:00,7050,7050,7050,7050,0
2022-04-01 15:12:00,7050,7050,7050,7050,0
2022-04-01 15:13:00,7050,7050,7050,7050,100
2022-04-01 15:14:00,7050,7050,7050,7050,0
2022-04-01 15:15:00,7050,7050,7050,7050,0
2022-04-01 15:16:00,7050,7050,7050,7050,0
2022-04-01 15:17:00,7050,7050,7050,7050,0
2022-04-01 15:18:00,7050,7050,7050,7050,0
2022-04-01 15:19:00,7050,7050,7050,7050,0
2022-04-01 15:20:00,7050,7050,7050,7050,0
2022-04-01 15:21:00,7050,7050,7050,7050,0
2022-04-01 15:22:00,7050,7050,7050,7050,0
2022-04-01 15:23:00,7050,7050,7050,7050,0
2022-04-01 15:24:00,7050,7050,7050,7050,0
2022-04-01 15:25:00,7050,7050,7050,7050,0
2022-04-01 15:26:00,7050,7050,7050,7050,0
2022-04-01 15:27:00,7050,7050,7050,7050,0
2022-04-01 15:28:00,7050,7050,7050,7050,0
2022-04-01 15:29:00,7050,7050,7050,7050,0
2022-04-01 15:30:00,7050,7050,7050,7050,0
2022-04-01 15:31:00,7050,7050,7050,7050,0
2022-04-01 15:32:00,7050,7050,7050,7050,0
2022-04-01 15:33:00,7050,7050,7050,7050,0
2022-04-01 15:34:00,7050,7050,7050,7050,0
2022-04-01 15:35:00,7050,7050,7050,7050,0
2022-04-01 15:36:00,7050,7050,7050,7050,0
2022-04-01 15:37:00,7050,7050,7050,7050,0
2022-04-01 15:38:00,7050,7050,7050,7050,0
2022-04-01 15:39:00,7050,7050,7050,7050,0
2022-04-01 15:40:00,7050,7050,7050,7050,0
2022-04-01 15:41:00,7050,7050,7050,7050,0
2022-04-01 15:42:00,7050,7050,7050,7050,0
2022-04-01 15:43:00,7050,7050,7050,7050,0
2022-04-01 15:44:00,7050,7050,7050,7050,0
2022-04-01 15:45:00,7050,7050,7050,7050,0
2022-04-01 15:46:00,7050,7050,7050,7050,0
2022-04-01 15:47:00,7050,7050,7050,7050,0
2022-04-01 15:48:00,7050,7050,7050,7050,0
2022-04-01 15:49:00,7050,7050,7050,7050,0
2022-04-01 15:50:00,7050,7050,7050,7050,0
2022-04-01 15:51:00,7050,7050,7050,7050,0
2022-04-01 15:52:00,7050,7050,7050,7050,0
2022-04-01 15:53:00,7050,7050,7050,7050,0
2022-04-01 15:54:00,7050,7050,7050,7050,0
2022-04-01 15:55:00,7050,7050,7050,7050,0
2022-04-01 15:56:00,7050,7050,7050,7050,0
2022-04-01 15:57:00,7050,7050,7050,7050,0
2022-04-01 15:58:00,7050,7050,7050,7050,0
2022-04-01 15:59:00,7050,7050,7050,7050,0
2022-04-04 09:00:00,7050,7050,7050,7050,0
2022-04-04 09:01:00,7050,7050,7050,7050,0
2022-04-04 09:02:00,7050,7025,7075,7025,27700
2022-04-04 09:03:00,7025,7025,7050,7050,2100
2022-04-04 09:04:00,7025,7025,7050,7050,0
2022-04-04 09:05:00,7050,7050,7075,7075,1300
2022-04-04 09:06:00,7075,7050,7075,7050,300
2022-04-04 09:07:00,7075,7075,7075,7075,14200
2022-04-04 09:08:00,7050,7050,7050,7050,2700
2022-04-04 09:09:00,7050,7050,7050,7050,0
2022-04-04 09:10:00,7050,7050,7050,7050,200
2022-04-04 09:11:00,7050,7050,7050,7050,0
2022-04-04 09:12:00,7050,7050,7050,7050,0
2022-04-04 09:13:00,7050,7050,7050,7050,1100
2022-04-04 09:14:00,7050,7050,7050,7050,0
2022-04-04 09:15:00,7050,7050,7050,7050,200
2022-04-04 09:16:00,7050,7050,7050,7050,8400
2022-04-04 09:17:00,7050,7050,7050,7050,0
2022-04-04 09:18:00,7050,7050,7050,7050,1400
2022-04-04 09:19:00,7050,7050,7050,7050,200
2022-04-04 09:20:00,7050,7050,7050,7050,0
2022-04-04 09:21:00,7075,7050,7075,7050,1000
2022-04-04 09:22:00,7075,7050,7075,7050,0
2022-04-04 09:23:00,7050,7050,7075,7050,7200
2022-04-04 09:24:00,7050,7050,7050,7050,500
2022-04-04 09:25:00,7050,7050,7050,7050,100
2022-04-04 09:26:00,7050,7050,7050,7050,0
2022-04-04 09:27:00,7050,7050,7050,7050,1500
2022-04-04 09:28:00,7050,7050,7050,7050,300
2022-04-04 09:29:00,7075,7050,7075,7050,1600
2022-04-04 09:30:00,7050,7025,7050,7050,47700
2022-04-04 09:31:00,7025,7025,7025,7025,100
2022-04-04 09:32:00,7025,7025,7025,7025,700
2022-04-04 09:33:00,7050,7050,7050,7050,4800
2022-04-04 09:34:00,7050,7050,7050,7050,1000
2022-04-04 09:35:00,7050,7050,7050,7050,1800
2022-04-04 09:36:00,7050,7050,7050,7050,1000
2022-04-04 09:37:00,7050,7050,7050,7050,14600
2022-04-04 09:38:00,7050,7050,7050,7050,15100
2022-04-04 09:39:00,7050,7050,7050,7050,0
2022-04-04 09:40:00,7025,7000,7025,7000,150000
2022-04-04 09:41:00,7025,7000,7025,7000,0
2022-04-04 09:42:00,7050,7025,7050,7025,7900
2022-04-04 09:43:00,7050,7050,7050,7050,8000
2022-04-04 09:44:00,7050,7050,7050,7050,100
2022-04-04 09:45:00,7050,7050,7050,7050,100
2022-04-04 09:46:00,7050,7050,7050,7050,0
2022-04-04 09:47:00,7050,7050,7050,7050,0
2022-04-04 09:48:00,7025,7025,7025,7025,5700
2022-04-04 09:49:00,7025,7025,7025,7025,1800
2022-04-04 09:50:00,7025,7025,7025,7025,1100
2022-04-04 09:51:00,7000,7000,7025,7025,2800
2022-04-04 09:52:00,7000,7000,7025,7025,0
2022-04-04 09:53:00,7025,7025,7025,7025,1500
2022-04-04 09:54:00,7025,7025,7025,7025,600
2022-04-04 09:55:00,7025,7025,7025,7025,1100
2022-04-04 09:56:00,7025,7025,7025,7025,0
2022-04-04 09:57:00,7025,7025,7025,7025,500
2022-04-04 09:58:00,7025,7025,7025,7025,0
2022-04-04 09:59:00,7025,7025,7025,7025,1000
2022-04-04 10:00:00,7025,7025,7025,7025,1200
2022-04-04 10:01:00,7025,7025,7025,7025,4000
2022-04-04 10:02:00,7025,7025,7025,7025,100
2022-04-04 10:03:00,7025,7025,7025,7025,0
2022-04-04 10:04:00,7025,7025,7025,7025,2600
2022-04-04 10:05:00,7025,7025,7025,7025,600
2022-04-04 10:06:00,7025,7025,7025,7025,0
2022-04-04 10:07:00,7025,7025,7025,7025,200
2022-04-04 10:08:00,7025,7025,7025,7025,0
2022-04-04 10:09:00,7025,7025,7025,7025,200
2022-04-04 10:10:00,7025,7025,7025,7025,300
2022-04-04 10:11:00,7025,7025,7025,7025,0
2022-04-04 10:12:00,7025,7025,7025,7025,100
2022-04-04 10:13:00,7025,7025,7025,7025,0
2022-04-04 10:14:00,7025,7025,7025,7025,300
2022-04-04 10:15:00,7025,7025,7050,7025,8400
2022-04-04 10:16:00,7050,7050,7050,7050,100
2022-04-04 10:17:00,7050,7050,7050,7050,100
2022-04-04 10:18:00,7025,7025,7025,7025,1200
2022-04-04 10:19:00,7025,7025,7025,7025,100
2022-04-04 10:20:00,7025,7025,7025,7025,0
2022-04-04 10:21:00,7025,7025,7025,7025,0
2022-04-04 10:22:00,7050,7050,7050,7050,600
2022-04-04 10:23:00,7025,7025,7025,7025,400
2022-04-04 10:24:00,7025,7025,7025,7025,200
2022-04-04 10:25:00,7025,7025,7025,7025,6500
2022-04-04 10:26:00,7025,7025,7025,7025,2400
2022-04-04 10:27:00,7050,7025,7050,7050,3100
2022-04-04 10:28:00,7025,7025,7025,7025,200
2022-04-04 10:29:00,7025,7025,7025,7025,0
2022-04-04 10:30:00,7025,7025,7025,7025,0
2022-04-04 10:31:00,7025,7025,7025,7025,0
2022-04-04 10:32:00,7050,7050,7050,7050,100
2022-04-04 10:33:00,7050,7050,7050,7050,0
2022-04-04 10:34:00,7050,7050,7050,7050,0
2022-04-04 10:35:00,7050,7050,7050,7050,0
2022-04-04 10:36:00,7050,7050,7050,7050,0
2022-04-04 10:37:00,7050,7050,7050,7050,200
2022-04-04 10:38:00,7050,7050,7050,7050,0
2022-04-04 10:39:00,7050,7050,7050,7050,0
2022-04-04 10:40:00,7050,7050,7050,7050,0
2022-04-04 10:41:00,7050,7050,7050,7050,100
2022-04-04 10:42:00,7050,7025,7050,7025,600
2022-04-04 10:43:00,7050,7025,7050,7025,0
2022-04-04 10:44:00,7025,7025,7050,7050,900
2022-04-04 10:45:00,7050,7050,7050,7050,500
2022-04-04 10:46:00,7050,7025,7050,7025,1400
2022-04-04 10:47:00,7025,7025,7025,7025,200
2022-04-04 10:48:00,7050,7025,7050,7025,5200
2022-04-04 10:49:00,7050,7025,7050,7025,0
2022-04-04 10:50:00,7025,7025,7025,7025,1000
2022-04-04 10:51:00,7050,7050,7050,7050,10000
2022-04-04 10:52:00,7050,7050,7050,7050,0
2022-04-04 10:53:00,7050,7025,7050,7025,700
2022-04-04 10:54:00,7025,7025,7025,7025,700
2022-04-04 10:55:00,7050,7050,7050,7050,400
2022-04-04 10:56:00,7025,7025,7025,7025,500
2022-04-04 10:57:00,7025,7025,7050,7050,1900
2022-04-04 10:58:00,7025,7025,7050,7050,0
2022-04-04 10:59:00,7050,7050,7050,7050,300
2022-04-04 11:00:00,7050,7050,7050,7050,100
2022-04-04 11:01:00,7050,7050,7050,7050,3300
2022-04-04 11:02:00,7050,7050,7050,7050,200
2022-04-04 11:03:00,7050,7025,7050,7025,500
2022-04-04 11:04:00,7050,7025,7050,7025,0
2022-04-04 11:05:00,7025,7025,7050,7025,700
2022-04-04 11:06:00,7025,7025,7050,7025,0
2022-04-04 11:07:00,7050,7025,7050,7025,400
2022-04-04 11:08:00,7025,7025,7025,7025,1600
2022-04-04 11:09:00,7025,7025,7025,7025,300
2022-04-04 11:10:00,7025,7025,7025,7025,100
2022-04-04 11:11:00,7050,7050,7050,7050,100
2022-04-04 11:12:00,7050,7025,7050,7025,5100
2022-04-04 11:13:00,7025,7025,7025,7025,100
2022-04-04 11:14:00,7025,7025,7025,7025,8800
2022-04-04 11:15:00,7025,7025,7025,7025,1100
2022-04-04 11:16:00,7025,7025,7025,7025,400
2022-04-04 11:17:00,7025,7025,7025,7025,100
2022-04-04 11:18:00,7050,7050,7050,7050,1100
2022-04-04 11:19:00,7025,7025,7025,7025,100
2022-04-04 11:20:00,7025,7025,7025,7025,300
2022-04-04 11:21:00,7050,7050,7050,7050,100
2022-04-04 11:22:00,7050,7050,7050,7050,0
2022-04-04 11:23:00,7025,7025,7025,7025,100
2022-04-04 11:24:00,7025,7025,7025,7025,69000
2022-04-04 11:25:00,7000,7000,7000,7000,100
2022-04-04 11:26:00,7000,7000,7000,7000,700
2022-04-04 11:27:00,7000,7000,7025,7025,21700
2022-04-04 11:28:00,7025,7025,7025,7025,15100
2022-04-04 11:29:00,7025,7025,7025,7025,7200
2022-04-04 11:30:00,7000,7000,7000,7000,200
2022-04-04 11:31:00,7000,7000,7000,7000,0
2022-04-04 11:32:00,7000,7000,7000,7000,0
2022-04-04 11:33:00,7000,7000,7000,7000,0
2022-04-04 11:34:00,7000,7000,7000,7000,0
2022-04-04 11:35:00,7000,7000,7000,7000,0
2022-04-04 11:36:00,7000,7000,7000,7000,0
2022-04-04 11:37:00,7000,7000,7000,7000,0
2022-04-04 11:38:00,7000,7000,7000,7000,0
2022-04-04 11:39:00,7000,7000,7000,7000,0
2022-04-04 11:40:00,7000,7000,7000,7000,0
2022-04-04 11:41:00,7000,7000,7000,7000,0
2022-04-04 11:42:00,7000,7000,7000,7000,0
2022-04-04 11:43:00,7000,7000,7000,7000,0
2022-04-04 11:44:00,7000,7000,7000,7000,0
2022-04-04 11:45:00,7000,7000,7000,7000,0
2022-04-04 11:46:00,7000,7000,7000,7000,0
2022-04-04 11:47:00,7000,7000,7000,7000,0
2022-04-04 11:48:00,7000,7000,7000,7000,0
2022-04-04 11:49:00,7000,7000,7000,7000,0
2022-04-04 11:50:00,7000,7000,7000,7000,0
2022-04-04 11:51:00,7000,7000,7000,7000,0
2022-04-04 11:52:00,7000,7000,7000,7000,0
2022-04-04 11:53:00,7000,7000,7000,7000,0
2022-04-04 11:54:00,7000,7000,7000,7000,0
2022-04-04 11:55:00,7000,7000,7000,7000,0
2022-04-04 11:56:00,7000,7000,7000,7000,0
2022-04-04 11:57:00,7000,7000,7000,7000,0
2022-04-04 11:58:00,7000,7000,7000,7000,0
2022-04-04 11:59:00,7000,7000,7000,7000,0
2022-04-04 12:00:00,7000,7000,7000,7000,0
2022-04-04 12:01:00,7000,7000,7000,7000,0
2022-04-04 12:02:00,7000,7000,7000,7000,0
2022-04-04 12:03:00,7000,7000,7000,7000,0
2022-04-04 12:04:00,7000,7000,7000,7000,0
2022-04-04 12:05:00,7000,7000,7000,7000,0
2022-04-04 12:06:00,7000,7000,7000,7000,0
2022-04-04 12:07:00,7000,7000,7000,7000,0
2022-04-04 12:08:00,7000,7000,7000,7000,0
2022-04-04 12:09:00,7000,7000,7000,7000,0
2022-04-04 12:10:00,7000,7000,7000,7000,0
2022-04-04 12:11:00,7000,7000,7000,7000,0
2022-04-04 12:12:00,7000,7000,7000,7000,0
2022-04-04 12:13:00,7000,7000,7000,7000,0
2022-04-04 12:14:00,7000,7000,7000,7000,0
2022-04-04 12:15:00,7000,7000,7000,7000,0
2022-04-04 12:16:00,7000,7000,7000,7000,0
2022-04-04 12:17:00,7000,7000,7000,7000,0
2022-04-04 12:18:00,7000,7000,7000,7000,0
2022-04-04 12:19:00,7000,7000,7000,7000,0
2022-04-04 12:20:00,7000,7000,7000,7000,0
2022-04-04 12:21:00,7000,7000,7000,7000,0
2022-04-04 12:22:00,7000,7000,7000,7000,0
2022-04-04 12:23:00,7000,7000,7000,7000,0
2022-04-04 12:24:00,7000,7000,7000,7000,0
2022-04-04 12:25:00,7000,7000,7000,7000,0
2022-04-04 12:26:00,7000,7000,7000,7000,0
2022-04-04 12:27:00,7000,7000,7000,7000,0
2022-04-04 12:28:00,7000,7000,7000,7000,0
2022-04-04 12:29:00,7000,7000,7000,7000,0
2022-04-04 12:30:00,7000,7000,7000,7000,0
2022-04-04 12:31:00,7000,7000,7000,7000,0
2022-04-04 12:32:00,7000,7000,7000,7000,0
2022-04-04 12:33:00,7000,7000,7000,7000,0
2022-04-04 12:34:00,7000,7000,7000,7000,0
2022-04-04 12:35:00,7000,7000,7000,7000,0
2022-04-04 12:36:00,7000,7000,7000,7000,0
2022-04-04 12:37:00,7000,7000,7000,7000,0
2022-04-04 12:38:00,7000,7000,7000,7000,0
2022-04-04 12:39:00,7000,7000,7000,7000,0
2022-04-04 12:40:00,7000,7000,7000,7000,0
2022-04-04 12:41:00,7000,7000,7000,7000,0
2022-04-04 12:42:00,7000,7000,7000,7000,0
2022-04-04 12:43:00,7000,7000,7000,7000,0
2022-04-04 12:44:00,7000,7000,7000,7000,0
2022-04-04 12:45:00,7000,7000,7000,7000,0
2022-04-04 12:46:00,7000,7000,7000,7000,0
2022-04-04 12:47:00,7000,7000,7000,7000,0
2022-04-04 12:48:00,7000,7000,7000,7000,0
2022-04-04 12:49:00,7000,7000,7000,7000,0
2022-04-04 12:50:00,7000,7000,7000,7000,0
2022-04-04 12:51:00,7000,7000,7000,7000,0
2022-04-04 12:52:00,7000,7000,7000,7000,0
2022-04-04 12:53:00,7000,7000,7000,7000,0
2022-04-04 12:54:00,7000,7000,7000,7000,0
2022-04-04 12:55:00,7000,7000,7000,7000,0
2022-04-04 12:56:00,7000,7000,7000,7000,0
2022-04-04 12:57:00,7000,7000,7000,7000,0
2022-04-04 12:58:00,7000,7000,7000,7000,0
2022-04-04 12:59:00,7000,7000,7000,7000,0
2022-04-04 13:00:00,7000,7000,7000,7000,0
2022-04-04 13:01:00,7000,7000,7000,7000,0
2022-04-04 13:02:00,7000,7000,7000,7000,0
2022-04-04 13:03:00,7000,7000,7000,7000,0
2022-04-04 13:04:00,7000,7000,7000,7000,0
2022-04-04 13:05:00,7000,7000,7000,7000,0
2022-04-04 13:06:00,7000,7000,7000,7000,0
2022-04-04 13:07:00,7000,7000,7000,7000,0
2022-04-04 13:08:00,7000,7000,7000,7000,0
2022-04-04 13:09:00,7000,7000,7000,7000,0
2022-04-04 13:10:00,7000,7000,7000,7000,0
2022-04-04 13:11:00,7000,7000,7000,7000,0
2022-04-04 13:12:00,7000,7000,7000,7000,0
2022-04-04 13:13:00,7000,7000,7000,7000,0
2022-04-04 13:14:00,7000,7000,7000,7000,0
2022-04-04 13:15:00,7000,7000,7000,7000,0
2022-04-04 13:16:00,7000,7000,7000,7000,0
2022-04-04 13:17:00,7000,7000,7000,7000,0
2022-04-04 13:18:00,7000,7000,7000,7000,0
2022-04-04 13:19:00,7000,7000,7000,7000,0
2022-04-04 13:20:00,7000,7000,7000,7000,0
2022-04-04 13:21:00,7000,7000,7000,7000,0
2022-04-04 13:22:00,7000,7000,7000,7000,0
2022-04-04 13:23:00,7000,7000,7000,7000,0
2022-04-04 13:24:00,7000,7000,7000,7000,0
2022-04-04 13:25:00,7000,7000,7000,7000,0
2022-04-04 13:26:00,7000,7000,7000,7000,0
2022-04-04 13:27:00,7000,7000,7000,7000,0
2022-04-04 13:28:00,7000,7000,7000,7000,0
2022-04-04 13:29:00,7000,7000,7000,7000,0
2022-04-04 13:30:00,7025,7000,7025,7000,5200
2022-04-04 13:31:00,7025,7000,7025,7000,0
2022-04-04 13:32:00,7025,7025,7025,7025,1500
2022-04-04 13:33:00,7025,7025,7025,7025,1200
2022-04-04 13:34:00,7025,7025,7025,7025,200
2022-04-04 13:35:00,7025,7025,7025,7025,1000
2022-04-04 13:36:00,7025,7025,7025,7025,900
2022-04-04 13:37:00,7025,7025,7025,7025,14000
2022-04-04 13:38:00,7025,7025,7025,7025,200
2022-04-04 13:39:00,7025,7025,7025,7025,300
2022-04-04 13:40:00,7025,7025,7025,7025,700
2022-04-04 13:41:00,7025,7025,7025,7025,500
2022-04-04 13:42:00,7000,7000,7025,7000,10500
2022-04-04 13:43:00,7000,7000,7000,7000,5100
2022-04-04 13:44:00,7000,7000,7000,7000,700
2022-04-04 13:45:00,7000,7000,7000,7000,11300
2022-04-04 13:46:00,7000,7000,7025,7025,3300
2022-04-04 13:47:00,7025,7025,7025,7025,100
2022-04-04 13:48:00,7025,7025,7025,7025,0
2022-04-04 13:49:00,7025,7000,7025,7000,3900
2022-04-04 13:50:00,7025,7000,7025,7000,0
2022-04-04 13:51:00,7025,7025,7025,7025,1700
2022-04-04 13:52:00,7025,7025,7025,7025,1700
2022-04-04 13:53:00,7025,7025,7025,7025,2400
2022-04-04 13:54:00,7025,7025,7025,7025,0
2022-04-04 13:55:00,7025,7025,7025,7025,3700
2022-04-04 13:56:00,7025,7000,7025,7025,500
2022-04-04 13:57:00,7000,7000,7000,7000,400
2022-04-04 13:58:00,7025,7025,7025,7025,300
2022-04-04 13:59:00,7025,7000,7025,7000,1200
2022-04-04 14:00:00,7000,7000,7025,7025,5100
2022-04-04 14:01:00,7025,7025,7025,7025,300
2022-04-04 14:02:00,7000,7000,7000,7000,300
2022-04-04 14:03:00,7000,7000,7000,7000,1600
2022-04-04 14:04:00,7025,7000,7025,7000,1700
2022-04-04 14:05:00,7000,7000,7000,7000,400
2022-04-04 14:06:00,7000,7000,7025,7025,1900
2022-04-04 14:07:00,7025,7025,7025,7025,2800
2022-04-04 14:08:00,7025,7025,7025,7025,3000
2022-04-04 14:09:00,7025,7025,7025,7025,500
2022-04-04 14:10:00,7025,7025,7025,7025,500
2022-04-04 14:11:00,7025,7025,7025,7025,1000
2022-04-04 14:12:00,7025,7000,7025,7000,500
2022-04-04 14:13:00,7000,7000,7025,7025,1300
2022-04-04 14:14:00,7025,7000,7025,7025,1100
2022-04-04 14:15:00,7025,7000,7025,7000,19300
2022-04-04 14:16:00,7025,7025,7025,7025,83300
2022-04-04 14:17:00,7025,7025,7025,7025,100
2022-04-04 14:18:00,7025,7025,7025,7025,0
2022-04-04 14:19:00,7025,7025,7025,7025,700
2022-04-04 14:20:00,7050,7050,7050,7050,600
2022-04-04 14:21:00,7050,7050,7050,7050,51000
2022-04-04 14:22:00,7050,7025,7050,7050,7300
2022-04-04 14:23:00,7050,7025,7050,7025,3400
2022-04-04 14:24:00,7050,7050,7050,7050,2800
2022-04-04 14:25:00,7050,7050,7050,7050,400
2022-04-04 14:26:00,7025,7025,7050,7050,33300
2022-04-04 14:27:00,7050,7050,7050,7050,600
2022-04-04 14:28:00,7050,7050,7050,7050,2800
2022-04-04 14:29:00,7050,7050,7050,7050,24600
2022-04-04 14:30:00,7025,7025,7025,7025,7700
2022-04-04 14:31:00,7025,7025,7050,7050,7600
2022-04-04 14:32:00,7025,7025,7050,7050,3900
2022-04-04 14:33:00,7025,7025,7025,7025,8600
2022-04-04 14:34:00,7025,7025,7025,7025,8300
2022-04-04 14:35:00,7025,7025,7050,7050,7400
2022-04-04 14:36:00,7025,7025,7025,7025,11300
2022-04-04 14:37:00,7025,7025,7025,7025,9900
2022-04-04 14:38:00,7025,7025,7025,7025,14900
2022-04-04 14:39:00,7025,7025,7025,7025,10600
2022-04-04 14:40:00,7025,7025,7025,7025,11300
2022-04-04 14:41:00,7025,7025,7025,7025,9300
2022-04-04 14:42:00,7025,7025,7050,7025,14100
2022-04-04 14:43:00,7025,7025,7025,7025,58800
2022-04-04 14:44:00,7025,7025,7025,7025,20400
2022-04-04 14:45:00,7000,7000,7000,7000,23900
2022-04-04 14:46:00,7025,7025,7025,7025,25600
2022-04-04 14:47:00,7025,7025,7025,7025,75200
2022-04-04 14:48:00,7025,7025,7050,7025,12900
2022-04-04 14:49:00,7025,7025,7050,7025,8300
2022-04-04 14:50:00,7025,7025,7050,7025,0
2022-04-04 14:51:00,7025,7025,7050,7025,0
2022-04-04 14:52:00,7025,7025,7050,7025,0
2022-04-04 14:53:00,7025,7025,7050,7025,0
2022-04-04 14:54:00,7025,7025,7050,7025,0
2022-04-04 14:55:00,7025,7025,7050,7025,0
2022-04-04 14:56:00,7025,7025,7050,7025,0
2022-04-04 14:57:00,7025,7025,7050,7025,0
2022-04-04 14:58:00,7025,7025,7050,7025,0
2022-04-04 14:59:00,7025,7025,7050,7025,0
2022-04-04 15:00:00,7050,7050,7050,7050,27600
2022-04-04 15:01:00,7050,7050,7050,7050,30700
2022-04-04 15:02:00,7050,7050,7050,7050,600
2022-04-04 15:03:00,7050,7050,7050,7050,0
2022-04-04 15:04:00,7050,7050,7050,7050,1300
2022-04-04 15:05:00,7050,7050,7050,7050,600
2022-04-04 15:06:00,7050,7050,7050,7050,2400
2022-04-04 15:07:00,7050,7050,7050,7050,0
2022-04-04 15:08:00,7050,7050,7050,7050,0
2022-04-04 15:09:00,7050,7050,7050,7050,0
2022-04-04 15:10:00,7050,7050,7050,7050,1000
2022-04-04 15:11:00,7050,7050,7050,7050,700
2022-04-04 15:12:00,7050,7050,7050,7050,11000
2022-04-04 15:13:00,7050,7050,7050,7050,8500
2022-04-04 15:14:00,7050,7050,7050,7050,400
2022-04-04 15:15:00,7050,7050,7050,7050,0
2022-04-04 15:16:00,7050,7050,7050,7050,0
2022-04-04 15:17:00,7050,7050,7050,7050,0
2022-04-04 15:18:00,7050,7050,7050,7050,0
2022-04-04 15:19:00,7050,7050,7050,7050,0
2022-04-04 15:20:00,7050,7050,7050,7050,0
2022-04-04 15:21:00,7050,7050,7050,7050,0
2022-04-04 15:22:00,7050,7050,7050,7050,0
2022-04-04 15:23:00,7050,7050,7050,7050,0
2022-04-04 15:24:00,7050,7050,7050,7050,0
2022-04-04 15:25:00,7050,7050,7050,7050,0
2022-04-04 15:26:00,7050,7050,7050,7050,0
2022-04-04 15:27:00,7050,7050,7050,7050,0
2022-04-04 15:28:00,7050,7050,7050,7050,0
2022-04-04 15:29:00,7050,7050,7050,7050,0
2022-04-04 15:30:00,7050,7050,7050,7050,0
2022-04-04 15:31:00,7050,7050,7050,7050,0
2022-04-04 15:32:00,7050,7050,7050,7050,0
2022-04-04 15:33:00,7050,7050,7050,7050,0
2022-04-04 15:34:00,7050,7050,7050,7050,0
2022-04-04 15:35:00,7050,7050,7050,7050,0
2022-04-04 15:36:00,7050,7050,7050,7050,0
2022-04-04 15:37:00,7050,7050,7050,7050,0
2022-04-04 15:38:00,7050,7050,7050,7050,0
2022-04-04 15:39:00,7050,7050,7050,7050,0
2022-04-04 15:40:00,7050,7050,7050,7050,0
2022-04-04 15:41:00,7050,7050,7050,7050,0
2022-04-04 15:42:00,7050,7050,7050,7050,0
2022-04-04 15:43:00,7050,7050,7050,7050,0
2022-04-04 15:44:00,7050,7050,7050,7050,0
2022-04-04 15:45:00,7050,7050,7050,7050,0
2022-04-04 15:46:00,7050,7050,7050,7050,0
2022-04-04 15:47:00,7050,7050,7050,7050,0
2022-04-04 15:48:00,7050,7050,7050,7050,0
2022-04-04 15:49:00,7050,7050,7050,7050,0
2022-04-04 15:50:00,7050,7050,7050,7050,0
2022-04-04 15:51:00,7050,7050,7050,7050,0
2022-04-04 15:52:00,7050,7050,7050,7050,0
2022-04-04 15:53:00,7050,7050,7050,7050,0
2022-04-04 15:54:00,7050,7050,7050,7050,0
2022-04-04 15:55:00,7050,7050,7050,7050,0
2022-04-04 15:56:00,7050,7050,7050,7050,0
2022-04-04 15:57:00,7050,7050,7050,7050,0
2022-04-04 15:58:00,7050,7050,7050,7050,0
2022-04-04 15:59:00,7050,7050,7050,7050,0
2022-04-05 09:00:00,7100,7100,7100,7100,100
2022-04-05 09:01:00,7075,7075,7175,7175,215300
2022-04-05 09:02:00,7150,7150,7175,7175,59500
2022-04-05 09:03:00,7150,7150,7175,7175,64600
2022-04-05 09:04:00,7175,7150,7175,7150,30900
2022-04-05 09:05:00,7150,7150,7150,7150,75400
2022-04-05 09:06:00,7150,7150,7175,7150,72700
2022-04-05 09:07:00,7150,7150,7150,7150,31900
2022-04-05 09:08:00,7150,7125,7150,7150,3500
2022-04-05 09:09:00,7150,7125,7150,7125,3700
2022-04-05 09:10:00,7150,7150,7150,7150,1500
2022-04-05 09:11:00,7150,7125,7150,7125,3000
2022-04-05 09:12:00,7150,7125,7150,7150,21800
2022-04-05 09:13:00,7125,7125,7150,7125,59900
2022-04-05 09:14:00,7100,7100,7125,7125,8000
2022-04-05 09:15:00,7125,7125,7125,7125,12800
2022-04-05 09:16:00,7150,7125,7150,7125,10100
2022-04-05 09:17:00,7125,7125,7125,7125,5000
2022-04-05 09:18:00,7125,7125,7125,7125,10200
2022-04-05 09:19:00,7125,7100,7125,7100,8400
2022-04-05 09:20:00,7100,7100,7125,7100,100300
2022-04-05 09:21:00,7100,7100,7100,7100,1400
2022-04-05 09:22:00,7125,7125,7125,7125,200
2022-04-05 09:23:00,7125,7125,7125,7125,3500
2022-04-05 09:24:00,7125,7125,7125,7125,7700
2022-04-05 09:25:00,7100,7100,7100,7100,1500
2022-04-05 09:26:00,7100,7100,7100,7100,600
2022-04-05 09:27:00,7100,7100,7125,7125,1000
2022-04-05 09:28:00,7125,7100,7125,7100,17600
2022-04-05 09:29:00,7100,7100,7100,7100,1100
2022-04-05 09:30:00,7100,7075,7100,7075,4100
2022-04-05 09:31:00,7075,7075,7100,7100,200
2022-04-05 09:32:00,7100,7100,7125,7125,74600
2022-04-05 09:33:00,7125,7125,7150,7150,30300
2022-04-05 09:34:00,7125,7125,7125,7125,15700
2022-04-05 09:35:00,7125,7125,7125,7125,16000
2022-04-05 09:36:00,7125,7125,7125,7125,300
2022-04-05 09:37:00,7125,7125,7125,7125,2000
2022-04-05 09:38:00,7100,7100,7125,7125,200
2022-04-05 09:39:00,7125,7075,7125,7075,162200
2022-04-05 09:40:00,7100,7100,7100,7100,5100
2022-04-05 09:41:00,7100,7100,7100,7100,2400
2022-04-05 09:42:00,7075,7075,7100,7100,31100
2022-04-05 09:43:00,7100,7075,7100,7075,58600
2022-04-05 09:44:00,7100,7075,7100,7100,21900
2022-04-05 09:45:00,7100,7100,7100,7100,6300
2022-04-05 09:46:00,7075,7075,7100,7075,27100
2022-04-05 09:47:00,7075,7075,7075,7075,4900
2022-04-05 09:48:00,7075,7075,7075,7075,100
2022-04-05 09:49:00,7100,7100,7100,7100,300
2022-04-05 09:50:00,7100,7075,7100,7075,8200
2022-04-05 09:51:00,7075,7075,7100,7075,51200
2022-04-05 09:52:00,7075,7075,7100,7075,0
2022-04-05 09:53:00,7075,7075,7075,7075,1500
2022-04-05 09:54:00,7075,7075,7075,7075,2100
2022-04-05 09:55:00,7075,7075,7075,7075,300
2022-04-05 09:56:00,7075,7075,7075,7075,52700
2022-04-05 09:57:00,7075,7075,7075,7075,200
2022-04-05 09:58:00,7075,7075,7075,7075,1600
2022-04-05 09:59:00,7100,7100,7100,7100,1500
2022-04-05 10:00:00,7100,7100,7100,7100,5000
2022-04-05 10:01:00,7100,7075,7100,7075,10400
2022-04-05 10:02:00,7075,7075,7075,7075,8400
2022-04-05 10:03:00,7075,7075,7075,7075,0
2022-04-05 10:04:00,7075,7075,7075,7075,0
2022-04-05 10:05:00,7075,7075,7075,7075,0
2022-04-05 10:06:00,7075,7075,7100,7100,13400
2022-04-05 10:07:00,7100,7100,7100,7100,1000
2022-04-05 10:08:00,7075,7075,7075,7075,29800
2022-04-05 10:09:00,7075,7075,7100,7100,14900
2022-04-05 10:10:00,7100,7100,7100,7100,200
2022-04-05 10:11:00,7100,7075,7100,7075,5000
2022-04-05 10:12:00,7075,7075,7075,7075,27200
2022-04-05 10:13:00,7100,7075,7100,7075,26000
2022-04-05 10:14:00,7100,7075,7100,7075,1800
2022-04-05 10:15:00,7075,7075,7075,7075,300
2022-04-05 10:16:00,7075,7075,7075,7075,4900
2022-04-05 10:17:00,7075,7075,7075,7075,0
2022-04-05 10:18:00,7075,7075,7075,7075,10400
2022-04-05 10:19:00,7075,7075,7075,7075,59500
2022-04-05 10:20:00,7075,7075,7075,7075,100
2022-04-05 10:21:00,7075,7075,7075,7075,1500
2022-04-05 10:22:00,7075,7050,7075,7075,61700
2022-04-05 10:23:00,7075,7075,7075,7075,11900
2022-04-05 10:24:00,7050,7050,7075,7075,1100
2022-04-05 10:25:00,7075,7075,7075,7075,4900
2022-04-05 10:26:00,7075,7075,7075,7075,0
2022-04-05 10:27:00,7075,7075,7075,7075,2700
2022-04-05 10:28:00,7075,7075,7075,7075,0
2022-04-05 10:29:00,7100,7075,7100,7075,7100
2022-04-05 10:30:00,7075,7075,7075,7075,200
2022-04-05 10:31:00,7075,7075,7075,7075,35600
2022-04-05 10:32:00,7075,7075,7075,7075,18100
2022-04-05 10:33:00,7075,7075,7075,7075,600
2022-04-05 10:34:00,7075,7075,7075,7075,1300
2022-04-05 10:35:00,7075,7075,7075,7075,0
2022-04-05 10:36:00,7075,7075,7075,7075,1400
2022-04-05 10:37:00,7075,7075,7075,7075,20300
2022-04-05 10:38:00,7075,7075,7075,7075,600
2022-04-05 10:39:00,7075,7075,7075,7075,39300
2022-04-05 10:40:00,7075,7075,7075,7075,100
2022-04-05 10:41:00,7075,7075,7075,7075,0
2022-04-05 10:42:00,7075,7075,7075,7075,32400
2022-04-05 10:43:00,7075,7075,7075,7075,200
2022-04-05 10:44:00,7075,7075,7075,7075,0
2022-04-05 10:45:00,7075,7075,7075,7075,4500
2022-04-05 10:46:00,7075,7075,7075,7075,300
2022-04-05 10:47:00,7075,7075,7075,7075,20000
2022-04-05 10:48:00,7050,7050,7050,7050,12200
2022-04-05 10:49:00,7050,7050,7050,7050,0
2022-04-05 10:50:00,7050,7050,7050,7050,75100
2022-04-05 10:51:00,7075,7050,7075,7075,111100
2022-04-05 10:52:00,7075,7050,7075,7050,80000
2022-04-05 10:53:00,7075,7050,7075,7050,0
2022-04-05 10:54:00,7100,7100,7100,7100,100
2022-04-05 10:55:00,7075,7075,7100,7075,800
2022-04-05 10:56:00,7100,7100,7100,7100,100
2022-04-05 10:57:00,7100,7100,7100,7100,5000
2022-04-05 10:58:00,7075,7075,7075,7075,10000
2022-04-05 10:59:00,7075,7075,7075,7075,1100
2022-04-05 11:00:00,7075,7075,7075,7075,2000
2022-04-05 11:01:00,7075,7075,7075,7075,0
2022-04-05 11:02:00,7050,7050,7050,7050,100
2022-04-05 11:03:00,7050,7050,7050,7050,35500
2022-04-05 11:04:00,7075,7075,7075,7075,5000
2022-04-05 11:05:00,7075,7075,7075,7075,0
2022-04-05 11:06:00,7075,7075,7075,7075,2100
2022-04-05 11:07:00,7050,7050,7050,7050,2600
2022-04-05 11:08:00,7050,7050,7050,7050,2700
2022-04-05 11:09:00,7050,7050,7075,7075,68800
2022-04-05 11:10:00,7050,7050,7075,7075,0
2022-04-05 11:11:00,7075,7075,7075,7075,1300
2022-04-05 11:12:00,7075,7075,7075,7075,100
2022-04-05 11:13:00,7075,7075,7075,7075,200
2022-04-05 11:14:00,7075,7075,7075,7075,0
2022-04-05 11:15:00,7075,7075,7075,7075,0
2022-04-05 11:16:00,7075,7075,7075,7075,0
2022-04-05 11:17:00,7100,7100,7100,7100,100
2022-04-05 11:18:00,7075,7075,7075,7075,100
2022-04-05 11:19:00,7075,7075,7075,7075,100
2022-04-05 11:20:00,7075,7075,7075,7075,100
2022-04-05 11:21:00,7075,7075,7075,7075,0
2022-04-05 11:22:00,7075,7075,7100,7100,4900
2022-04-05 11:23:00,7075,7075,7100,7100,0
2022-04-05 11:24:00,7075,7075,7100,7100,20300
2022-04-05 11:25:00,7075,7075,7075,7075,100
2022-04-05 11:26:00,7075,7075,7075,7075,6100
2022-04-05 11:27:00,7075,7075,7075,7075,1700
2022-04-05 11:28:00,7075,7075,7075,7075,0
2022-04-05 11:29:00,7100,7100,7100,7100,5600
2022-04-05 11:30:00,7100,7100,7100,7100,200
2022-04-05 11:31:00,7100,7100,7100,7100,0
2022-04-05 11:32:00,7100,7100,7100,7100,0
2022-04-05 11:33:00,7100,7100,7100,7100,0
2022-04-05 11:34:00,7100,7100,7100,7100,0
2022-04-05 11:35:00,7100,7100,7100,7100,0
2022-04-05 11:36:00,7100,7100,7100,7100,0
2022-04-05 11:37:00,7100,7100,7100,7100,0
2022-04-05 11:38:00,7100,7100,7100,7100,0
2022-04-05 11:39:00,7100,7100,7100,7100,0
2022-04-05 11:40:00,7100,7100,7100,7100,0
2022-04-05 11:41:00,7100,7100,7100,7100,0
2022-04-05 11:42:00,7100,7100,7100,7100,0
2022-04-05 11:43:00,7100,7100,7100,7100,0
2022-04-05 11:44:00,7100,7100,7100,7100,0
2022-04-05 11:45:00,7100,7100,7100,7100,0
2022-04-05 11:46:00,7100,7100,7100,7100,0
2022-04-05 11:47:00,7100,7100,7100,7100,0
2022-04-05 11:48:00,7100,7100,7100,7100,0
2022-04-05 11:49:00,7100,7100,7100,7100,0
2022-04-05 11:50:00,7100,7100,7100,7100,0
2022-04-05 11:51:00,7100,7100,7100,7100,0
2022-04-05 11:52:00,7100,7100,7100,7100,0
2022-04-05 11:53:00,7100,7100,7100,7100,0
2022-04-05 11:54:00,7100,7100,7100,7100,0
2022-04-05 11:55:00,7100,7100,7100,7100,0
2022-04-05 11:56:00,7100,7100,7100,7100,0
2022-04-05 11:57:00,7100,7100,7100,7100,0
2022-04-05 11:58:00,7100,7100,7100,7100,0
2022-04-05 11:59:00,7100,7100,7100,7100,0
2022-04-05 12:00:00,7100,7100,7100,7100,0
2022-04-05 12:01:00,7100,7100,7100,7100,0
2022-04-05 12:02:00,7100,7100,7100,7100,0
2022-04-05 12:03:00,7100,7100,7100,7100,0
2022-04-05 12:04:00,7100,7100,7100,7100,0
2022-04-05 12:05:00,7100,7100,7100,7100,0
2022-04-05 12:06:00,7100,7100,7100,7100,0
2022-04-05 12:07:00,7100,7100,7100,7100,0
2022-04-05 12:08:00,7100,7100,7100,7100,0
2022-04-05 12:09:00,7100,7100,7100,7100,0
2022-04-05 12:10:00,7100,7100,7100,7100,0
2022-04-05 12:11:00,7100,7100,7100,7100,0
2022-04-05 12:12:00,7100,7100,7100,7100,0
2022-04-05 12:13:00,7100,7100,7100,7100,0
2022-04-05 12:14:00,7100,7100,7100,7100,0
2022-04-05 12:15:00,7100,7100,7100,7100,0
2022-04-05 12:16:00,7100,7100,7100,7100,0
2022-04-05 12:17:00,7100,7100,7100,7100,0
2022-04-05 12:18:00,7100,7100,7100,7100,0
2022-04-05 12:19:00,7100,7100,7100,7100,0
2022-04-05 12:20:00,7100,7100,7100,7100,0
2022-04-05 12:21:00,7100,7100,7100,7100,0
2022-04-05 12:22:00,7100,7100,7100,7100,0
2022-04-05 12:23:00,7100,7100,7100,7100,0
2022-04-05 12:24:00,7100,7100,7100,7100,0
2022-04-05 12:25:00,7100,7100,7100,7100,0
2022-04-05 12:26:00,7100,7100,7100,7100,0
2022-04-05 12:27:00,7100,7100,7100,7100,0
2022-04-05 12:28:00,7100,7100,7100,7100,0
2022-04-05 12:29:00,7100,7100,7100,7100,0
2022-04-05 12:30:00,7100,7100,7100,7100,0
2022-04-05 12:31:00,7100,7100,7100,7100,0
2022-04-05 12:32:00,7100,7100,7100,7100,0
2022-04-05 12:33:00,7100,7100,7100,7100,0
2022-04-05 12:34:00,7100,7100,7100,7100,0
2022-04-05 12:35:00,7100,7100,7100,7100,0
2022-04-05 12:36:00,7100,7100,7100,7100,0
2022-04-05 12:37:00,7100,7100,7100,7100,0
2022-04-05 12:38:00,7100,7100,7100,7100,0
2022-04-05 12:39:00,7100,7100,7100,7100,0
2022-04-05 12:40:00,7100,7100,7100,7100,0
2022-04-05 12:41:00,7100,7100,7100,7100,0
2022-04-05 12:42:00,7100,7100,7100,7100,0
2022-04-05 12:43:00,7100,7100,7100,7100,0
2022-04-05 12:44:00,7100,7100,7100,7100,0
2022-04-05 12:45:00,7100,7100,7100,7100,0
2022-04-05 12:46:00,7100,7100,7100,7100,0
2022-04-05 12:47:00,7100,7100,7100,7100,0
2022-04-05 12:48:00,7100,7100,7100,7100,0
2022-04-05 12:49:00,7100,7100,7100,7100,0
2022-04-05 12:50:00,7100,7100,7100,7100,0
2022-04-05 12:51:00,7100,7100,7100,7100,0
2022-04-05 12:52:00,7100,7100,7100,7100,0
2022-04-05 12:53:00,7100,7100,7100,7100,0
2022-04-05 12:54:00,7100,7100,7100,7100,0
2022-04-05 12:55:00,7100,7100,7100,7100,0
2022-04-05 12:56:00,7100,7100,7100,7100,0
2022-04-05 12:57:00,7100,7100,7100,7100,0
2022-04-05 12:58:00,7100,7100,7100,7100,0
2022-04-05 12:59:00,7100,7100,7100,7100,0
2022-04-05 13:00:00,7100,7100,7100,7100,0
2022-04-05 13:01:00,7100,7100,7100,7100,0
2022-04-05 13:02:00,7100,7100,7100,7100,0
2022-04-05 13:03:00,7100,7100,7100,7100,0
2022-04-05 13:04:00,7100,7100,7100,7100,0
2022-04-05 13:05:00,7100,7100,7100,7100,0
2022-04-05 13:06:00,7100,7100,7100,7100,0
2022-04-05 13:07:00,7100,7100,7100,7100,0
2022-04-05 13:08:00,7100,7100,7100,7100,0
2022-04-05 13:09:00,7100,7100,7100,7100,0
2022-04-05 13:10:00,7100,7100,7100,7100,0
2022-04-05 13:11:00,7100,7100,7100,7100,0
2022-04-05 13:12:00,7100,7100,7100,7100,0
2022-04-05 13:13:00,7100,7100,7100,7100,0
2022-04-05 13:14:00,7100,7100,7100,7100,0
2022-04-05 13:15:00,7100,7100,7100,7100,0
2022-04-05 13:16:00,7100,7100,7100,7100,0
2022-04-05 13:17:00,7100,7100,7100,7100,0
2022-04-05 13:18:00,7100,7100,7100,7100,0
2022-04-05 13:19:00,7100,7100,7100,7100,0
2022-04-05 13:20:00,7100,7100,7100,7100,0
2022-04-05 13:21:00,7100,7100,7100,7100,0
2022-04-05 13:22:00,7100,7100,7100,7100,0
2022-04-05 13:23:00,7100,7100,7100,7100,0
2022-04-05 13:24:00,7100,7100,7100,7100,0
2022-04-05 13:25:00,7100,7100,7100,7100,0
2022-04-05 13:26:00,7100,7100,7100,7100,0
2022-04-05 13:27:00,7100,7100,7100,7100,0
2022-04-05 13:28:00,7100,7100,7100,7100,0
2022-04-05 13:29:00,7100,7100,7100,7100,0
2022-04-05 13:30:00,7100,7075,7100,7100,156200
2022-04-05 13:31:00,7125,7125,7125,7125,10000
2022-04-05 13:32:00,7100,7100,7100,7100,90000
2022-04-05 13:33:00,7100,7100,7100,7100,37700
2022-04-05 13:34:00,7100,7100,7100,7100,12000
2022-04-05 13:35:00,7100,7100,7100,7100,21000
2022-04-05 13:36:00,7100,7100,7100,7100,0
2022-04-05 13:37:00,7100,7100,7100,7100,13300
2022-04-05 13:38:00,7100,7100,7100,7100,0
2022-04-05 13:39:00,7100,7100,7100,7100,200
2022-04-05 13:40:00,7100,7100,7100,7100,100
2022-04-05 13:41:00,7100,7100,7100,7100,0
2022-04-05 13:42:00,7100,7100,7100,7100,0
2022-04-05 13:43:00,7075,7075,7075,7075,16800
2022-04-05 13:44:00,7075,7075,7075,7075,100
2022-04-05 13:45:00,7075,7075,7075,7075,200
2022-04-05 13:46:00,7075,7075,7075,7075,1400
2022-04-05 13:47:00,7100,7075,7100,7075,20300
2022-04-05 13:48:00,7100,7075,7100,7075,0
2022-04-05 13:49:00,7075,7075,7075,7075,18300
2022-04-05 13:50:00,7075,7075,7075,7075,0
2022-04-05 13:51:00,7075,7075,7075,7075,0
2022-04-05 13:52:00,7100,7100,7100,7100,8000
2022-04-05 13:53:00,7075,7075,7075,7075,100
2022-04-05 13:54:00,7075,7075,7075,7075,0
2022-04-05 13:55:00,7075,7075,7100,7100,17500
2022-04-05 13:56:00,7100,7100,7100,7100,7000
2022-04-05 13:57:00,7100,7100,7100,7100,0
2022-04-05 13:58:00,7100,7100,7100,7100,0
2022-04-05 13:59:00,7100,7100,7100,7100,25200
2022-04-05 14:00:00,7075,7075,7075,7075,400
2022-04-05 14:01:00,7075,7075,7075,7075,0
2022-04-05 14:02:00,7075,7075,7075,7075,35800
2022-04-05 14:03:00,7075,7075,7075,7075,100500
2022-04-05 14:04:00,7075,7075,7075,7075,101700
2022-04-05 14:05:00,7075,7075,7075,7075,0
2022-04-05 14:06:00,7075,7075,7075,7075,7500
2022-04-05 14:07:00,7050,7050,7075,7050,4200
2022-04-05 14:08:00,7050,7050,7075,7075,17200
2022-04-05 14:09:00,7050,7050,7075,7075,1600
2022-04-05 14:10:00,7075,7075,7075,7075,61700
2022-04-05 14:11:00,7075,7075,7075,7075,0
2022-04-05 14:12:00,7075,7075,7100,7100,3700
2022-04-05 14:13:00,7100,7100,7100,7100,14200
2022-04-05 14:14:00,7075,7075,7100,7100,4200
2022-04-05 14:15:00,7100,7100,7100,7100,200
2022-04-05 14:16:00,7100,7100,7100,7100,100
2022-04-05 14:17:00,7100,7075,7100,7075,32200
2022-04-05 14:18:00,7075,7075,7075,7075,32000
2022-04-05 14:19:00,7075,7075,7075,7075,700
2022-04-05 14:20:00,7075,7075,7075,7075,3800
2022-04-05 14:21:00,7075,7075,7100,7100,3700
2022-04-05 14:22:00,7075,7075,7100,7075,37600
2022-04-05 14:23:00,7075,7075,7075,7075,64100
2022-04-05 14:24:00,7075,7075,7100,7075,32600
2022-04-05 14:25:00,7075,7075,7075,7075,1400
2022-04-05 14:26:00,7050,7050,7075,7075,62100
2022-04-05 14:27:00,7075,7075,7075,7075,66300
2022-04-05 14:28:00,7075,7075,7075,7075,5900
2022-04-05 14:29:00,7075,7075,7075,7075,500
2022-04-05 14:30:00,7075,7075,7075,7075,1300
2022-04-05 14:31:00,7075,7050,7075,7050,17700
2022-04-05 14:32:00,7075,7075,7075,7075,5800
2022-04-05 14:33:00,7075,7075,7075,7075,21400
2022-04-05 14:34:00,7075,7075,7075,7075,0
2022-04-05 14:35:00,7075,7075,7075,7075,37400
2022-04-05 14:36:00,7075,7075,7075,7075,700
2022-04-05 14:37:00,7075,7075,7075,7075,100
2022-04-05 14:38:00,7100,7100,7100,7100,500
2022-04-05 14:39:00,7100,7100,7100,7100,5100
2022-04-05 14:40:00,7075,7075,7100,7075,100200
2022-04-05 14:41:00,7075,7075,7100,7075,0
2022-04-05 14:42:00,7075,7075,7075,7075,100
2022-04-05 14:43:00,7075,7075,7075,7075,30900
2022-04-05 14:44:00,7075,7075,7075,7075,70400
2022-04-05 14:45:00,7075,7050,7075,7050,24300
2022-04-05 14:46:00,7050,7050,7075,7075,6100
2022-04-05 14:47:00,7050,7050,7075,7075,116200
2022-04-05 14:48:00,7075,7050,7075,7050,105500
2022-04-05 14:49:00,7075,7075,7075,7075,100
2022-04-05 14:50:00,7075,7075,7075,7075,0
2022-04-05 14:51:00,7075,7075,7075,7075,0
2022-04-05 14:52:00,7075,7075,7075,7075,0
2022-04-05 14:53:00,7075,7075,7075,7075,0
2022-04-05 14:54:00,7075,7075,7075,7075,0
2022-04-05 14:55:00,7075,7075,7075,7075,0
2022-04-05 14:56:00,7075,7075,7075,7075,0
2022-04-05 14:57:00,7075,7075,7075,7075,0
2022-04-05 14:58:00,7075,7075,7075,7075,0
2022-04-05 14:59:00,7075,7075,7075,7075,0
2022-04-05 15:00:00,7075,7075,7075,7075,150500
2022-04-05 15:01:00,7075,7075,7075,7075,50100
2022-04-05 15:02:00,7075,7075,7075,7075,0
2022-04-05 15:03:00,7075,7075,7075,7075,0
2022-04-05 15:04:00,7075,7075,7075,7075,1600
2022-04-05 15:05:00,7075,7075,7075,7075,100
2022-04-05 15:06:00,7075,7075,7075,7075,12500
2022-04-05 15:07:00,7075,7075,7075,7075,0
2022-04-05 15:08:00,7075,7075,7075,7075,0
2022-04-05 15:09:00,7075,7075,7075,7075,0
2022-04-05 15:10:00,7075,7075,7075,7075,0
2022-04-05 15:11:00,7075,7075,7075,7075,500
2022-04-05 15:12:00,7075,7075,7075,7075,500
2022-04-05 15:13:00,7075,7075,7075,7075,0
2022-04-05 15:14:00,7075,7075,7075,7075,0
2022-04-05 15:15:00,7075,7075,7075,7075,0
2022-04-05 15:16:00,7075,7075,7075,7075,0
2022-04-05 15:17:00,7075,7075,7075,7075,0
2022-04-05 15:18:00,7075,7075,7075,7075,0
2022-04-05 15:19:00,7075,7075,7075,7075,0
2022-04-05 15:20:00,7075,7075,7075,7075,0
2022-04-05 15:21:00,7075,7075,7075,7075,0
2022-04-05 15:22:00,7075,7075,7075,7075,0
2022-04-05 15:23:00,7075,7075,7075,7075,0
2022-04-05 15:24:00,7075,7075,7075,7075,0
2022-04-05 15:25:00,7075,7075,7075,7075,0
2022-04-05 15:26:00,7075,7075,7075,7075,0
2022-04-05 15:27:00,7075,7075,7075,7075,0
2022-04-05 15:28:00,7075,7075,7075,7075,0
2022-04-05 15:29:00,7075,7075,7075,7075,0
2022-04-05 15:30:00,7075,7075,7075,7075,0
2022-04-05 15:31:00,7075,7075,7075,7075,0
2022-04-05 15:32:00,7075,7075,7075,7075,0
2022-04-05 15:33:00,7075,7075,7075,7075,0
2022-04-05 15:34:00,7075,7075,7075,7075,0
2022-04-05 15:35:00,7075,7075,7075,7075,0
2022-04-05 15:36:00,7075,7075,7075,7075,0
2022-04-05 15:37:00,7075,7075,7075,7075,0
2022-04-05 15:38:00,7075,7075,7075,7075,0
2022-04-05 15:39:00,7075,7075,7075,7075,0
2022-04-05 15:40:00,7075,7075,7075,7075,0
2022-04-05 15:41:00,7075,7075,7075,7075,0
2022-04-05 15:42:00,7075,7075,7075,7075,0
2022-04-05 15:43:00,7075,7075,7075,7075,0
2022-04-05 15:44:00,7075,7075,7075,7075,0
2022-04-05 15:45:00,7075,7075,7075,7075,0
2022-04-05 15:46:00,7075,7075,7075,7075,0
2022-04-05 15:47:00,7075,7075,7075,7075,0
2022-04-05 15:48:00,7075,7075,7075,7075,0
2022-04-05 15:49:00,7075,7075,7075,7075,0
2022-04-05 15:50:00,7075,7075,7075,7075,0
2022-04-05 15:51:00,7075,7075,7075,7075,0
2022-04-05 15:52:00,7075,7075,7075,7075,0
2022-04-05 15:53:00,7075,7075,7075,7075,0
2022-04-05 15:54:00,7075,7075,7075,7075,0
2022-04-05 15:55:00,7075,7075,7075,7075,0
2022-04-05 15:56:00,7075,7075,7075,7075,0
2022-04-05 15:57:00,7075,7075,7075,7075,0
2022-04-05 15:58:00,7075,7075,7075,7075,0
2022-04-05 15:59:00,7075,7075,7075,7075,0
2022-04-06 09:00:00,7100,7075,7100,7075,4200
2022-04-06 09:01:00,7075,7075,7100,7100,1200
2022-04-06 09:02:00,7075,7075,7100,7100,4200
2022-04-06 09:03:00,7100,7100,7100,7100,11700
2022-04-06 09:04:00,7100,7100,7125,7100,29100
2022-04-06 09:05:00,7125,7125,7150,7150,21200
2022-04-06 09:06:00,7150,7125,7150,7150,71900
2022-04-06 09:07:00,7150,7150,7150,7150,3400
2022-04-06 09:08:00,7150,7150,7150,7150,7900
2022-04-06 09:09:00,7150,7125,7175,7175,86800
2022-04-06 09:10:00,7175,7175,7200,7200,270400
2022-04-06 09:11:00,7200,7175,7225,7200,179700
2022-04-06 09:12:00,7200,7200,7275,7250,269200
2022-04-06 09:13:00,7275,7225,7275,7225,210200
2022-04-06 09:14:00,7225,7200,7225,7225,81800
2022-04-06 09:15:00,7225,7200,7225,7225,7800
2022-04-06 09:16:00,7200,7200,7225,7225,16900
2022-04-06 09:17:00,7225,7200,7225,7225,26600
2022-04-06 09:18:00,7200,7200,7200,7200,19000
2022-04-06 09:19:00,7200,7200,7200,7200,81100
2022-04-06 09:20:00,7175,7175,7175,7175,6800
2022-04-06 09:21:00,7175,7175,7225,7225,151500
2022-04-06 09:22:00,7200,7200,7200,7200,19900
2022-04-06 09:23:00,7200,7200,7200,7200,23400
2022-04-06 09:24:00,7200,7175,7200,7175,3200
2022-04-06 09:25:00,7175,7175,7200,7200,1000
2022-04-06 09:26:00,7175,7175,7200,7200,0
2022-04-06 09:27:00,7200,7200,7200,7200,900
2022-04-06 09:28:00,7200,7175,7200,7200,25700
2022-04-06 09:29:00,7175,7175,7175,7175,2200
2022-04-06 09:30:00,7200,7200,7200,7200,22300
2022-04-06 09:31:00,7200,7175,7200,7175,1400
2022-04-06 09:32:00,7200,7175,7200,7175,41800
2022-04-06 09:33:00,7175,7175,7200,7200,4100
2022-04-06 09:34:00,7175,7175,7200,7175,800
2022-04-06 09:35:00,7200,7175,7200,7175,800
2022-04-06 09:36:00,7200,7175,7200,7175,6400
2022-04-06 09:37:00,7200,7175,7200,7175,0
2022-04-06 09:38:00,7175,7175,7175,7175,200
2022-04-06 09:39:00,7175,7175,7200,7175,107600
2022-04-06 09:40:00,7175,7175,7175,7175,46600
2022-04-06 09:41:00,7150,7150,7175,7175,1700
2022-04-06 09:42:00,7175,7150,7175,7150,41700
2022-04-06 09:43:00,7150,7150,7150,7150,2500
2022-04-06 09:44:00,7150,7150,7150,7150,29700
2022-04-06 09:45:00,7150,7150,7175,7175,1600
2022-04-06 09:46:00,7150,7150,7175,7150,3100
2022-04-06 09:47:00,7150,7150,7175,7175,9900
2022-04-06 09:48:00,7175,7175,7175,7175,100
2022-04-06 09:49:00,7175,7175,7175,7175,0
2022-04-06 09:50:00,7175,7150,7175,7150,700
2022-04-06 09:51:00,7150,7150,7150,7150,900
2022-04-06 09:52:00,7150,7150,7150,7150,1400
2022-04-06 09:53:00,7150,7150,7150,7150,200
2022-04-06 09:54:00,7150,7150,7150,7150,200
2022-04-06 09:55:00,7175,7175,7175,7175,200
2022-04-06 09:56:00,7175,7150,7175,7175,3100
2022-04-06 09:57:00,7175,7175,7175,7175,100
2022-04-06 09:58:00,7175,7150,7175,7150,1000
2022-04-06 09:59:00,7150,7150,7150,7150,200
2022-04-06 10:00:00,7150,7150,7150,7150,200
2022-04-06 10:01:00,7150,7150,7175,7175,300
2022-04-06 10:02:00,7175,7150,7175,7175,1000
2022-04-06 10:03:00,7150,7150,7150,7150,10800
2022-04-06 10:04:00,7150,7150,7150,7150,0
2022-04-06 10:05:00,7150,7150,7175,7175,1000
2022-04-06 10:06:00,7175,7150,7175,7175,1000
2022-04-06 10:07:00,7150,7150,7175,7150,3400
2022-04-06 10:08:00,7150,7150,7175,7150,39100
2022-04-06 10:09:00,7150,7150,7150,7150,98700
2022-04-06 10:10:00,7150,7150,7150,7150,0
2022-04-06 10:11:00,7150,7150,7150,7150,100
2022-04-06 10:12:00,7150,7150,7150,7150,1400
2022-04-06 10:13:00,7150,7150,7150,7150,0
2022-04-06 10:14:00,7150,7150,7150,7150,100
2022-04-06 10:15:00,7150,7150,7150,7150,0
2022-04-06 10:16:00,7150,7150,7150,7150,100
2022-04-06 10:17:00,7150,7150,7150,7150,0
2022-04-06 10:18:00,7125,7125,7150,7150,132800
2022-04-06 10:19:00,7125,7125,7125,7125,10200
2022-04-06 10:20:00,7125,7125,7125,7125,0
2022-04-06 10:21:00,7125,7125,7125,7125,100
2022-04-06 10:22:00,7125,7125,7125,7125,100
2022-04-06 10:23:00,7100,7100,7100,7100,15800
2022-04-06 10:24:00,7125,7125,7125,7125,25700
2022-04-06 10:25:00,7125,7125,7125,7125,3200
2022-04-06 10:26:00,7125,7125,7125,7125,0
2022-04-06 10:27:00,7125,7125,7125,7125,1000
2022-04-06 10:28:00,7100,7100,7125,7100,8500
2022-04-06 10:29:00,7100,7100,7100,7100,5600
2022-04-06 10:30:00,7100,7100,7100,7100,200
2022-04-06 10:31:00,7100,7100,7100,7100,0
2022-04-06 10:32:00,7125,7125,7125,7125,500
2022-04-06 10:33:00,7125,7125,7125,7125,1800
2022-04-06 10:34:00,7125,7125,7125,7125,3900
2022-04-06 10:35:00,7125,7125,7125,7125,1600
2022-04-06 10:36:00,7125,7125,7125,7125,100
2022-04-06 10:37:00,7125,7125,7125,7125,400
2022-04-06 10:38:00,7125,7125,7125,7125,400
2022-04-06 10:39:00,7125,7125,7125,7125,33600
2022-04-06 10:40:00,7125,7125,7125,7125,200
2022-04-06 10:41:00,7125,7125,7125,7125,100
2022-04-06 10:42:00,7125,7125,7125,7125,0
2022-04-06 10:43:00,7125,7125,7125,7125,2000
2022-04-06 10:44:00,7125,7125,7125,7125,1200
2022-04-06 10:45:00,7125,7125,7125,7125,300
2022-04-06 10:46:00,7125,7125,7150,7150,1800
2022-04-06 10:47:00,7125,7125,7150,7150,0
2022-04-06 10:48:00,7150,7150,7150,7150,500
2022-04-06 10:49:00,7125,7125,7125,7125,9200
2022-04-06 10:50:00,7125,7125,7125,7125,60100
2022-04-06 10:51:00,7125,7125,7125,7125,5200
2022-04-06 10:52:00,7125,7125,7125,7125,45700
2022-04-06 10:53:00,7125,7125,7125,7125,2400
2022-04-06 10:54:00,7125,7125,7125,7125,0
2022-04-06 10:55:00,7100,7100,7100,7100,400
2022-04-06 10:56:00,7100,7100,7100,7100,600
2022-04-06 10:57:00,7100,7100,7100,7100,1700
2022-04-06 10:58:00,7100,7100,7100,7100,0
2022-04-06 10:59:00,7100,7100,7100,7100,0
2022-04-06 11:00:00,7100,7100,7100,7100,1100
2022-04-06 11:01:00,7100,7100,7100,7100,0
2022-04-06 11:02:00,7100,7100,7100,7100,800
2022-04-06 11:03:00,7125,7125,7125,7125,10200
2022-04-06 11:04:00,7125,7125,7125,7125,0
2022-04-06 11:05:00,7100,7100,7100,7100,600
2022-04-06 11:06:00,7100,7100,7100,7100,5000
2022-04-06 11:07:00,7100,7100,7100,7100,200
2022-04-06 11:08:00,7100,7100,7100,7100,0
2022-04-06 11:09:00,7100,7100,7100,7100,300
2022-04-06 11:10:00,7100,7100,7125,7125,14300
2022-04-06 11:11:00,7125,7125,7125,7125,30100
2022-04-06 11:12:00,7125,7125,7125,7125,100
2022-04-06 11:13:00,7125,7125,7125,7125,2000
2022-04-06 11:14:00,7125,7125,7125,7125,0
2022-04-06 11:15:00,7100,7100,7125,7125,1000
2022-04-06 11:16:00,7100,7100,7125,7125,0
2022-04-06 11:17:00,7125,7125,7125,7125,5100
2022-04-06 11:18:00,7125,7125,7125,7125,0
2022-04-06 11:19:00,7125,7125,7125,7125,200
2022-04-06 11:20:00,7125,7125,7125,7125,0
2022-04-06 11:21:00,7125,7125,7125,7125,10200
2022-04-06 11:22:00,7125,7100,7125,7100,200
2022-04-06 11:23:00,7125,7125,7125,7125,800
2022-04-06 11:24:00,7125,7125,7125,7125,0
2022-04-06 11:25:00,7100,7100,7125,7125,4900
2022-04-06 11:26:00,7125,7125,7125,7125,500
2022-04-06 11:27:00,7125,7125,7125,7125,1700
2022-04-06 11:28:00,7100,7100,7100,7100,100
2022-04-06 11:29:00,7125,7125,7125,7125,400
2022-04-06 11:30:00,7125,7125,7125,7125,0
2022-04-06 11:31:00,7125,7125,7125,7125,0
2022-04-06 11:32:00,7125,7125,7125,7125,0
2022-04-06 11:33:00,7125,7125,7125,7125,0
2022-04-06 11:34:00,7125,7125,7125,7125,0
2022-04-06 11:35:00,7125,7125,7125,7125,0
2022-04-06 11:36:00,7125,7125,7125,7125,0
2022-04-06 11:37:00,7125,7125,7125,7125,0
2022-04-06 11:38:00,7125,7125,7125,7125,0
2022-04-06 11:39:00,7125,7125,7125,7125,0
2022-04-06 11:40:00,7125,7125,7125,7125,0
2022-04-06 11:41:00,7125,7125,7125,7125,0
2022-04-06 11:42:00,7125,7125,7125,7125,0
2022-04-06 11:43:00,7125,7125,7125,7125,0
2022-04-06 11:44:00,7125,7125,7125,7125,0
2022-04-06 11:45:00,7125,7125,7125,7125,0
2022-04-06 11:46:00,7125,7125,7125,7125,0
2022-04-06 11:47:00,7125,7125,7125,7125,0
2022-04-06 11:48:00,7125,7125,7125,7125,0
2022-04-06 11:49:00,7125,7125,7125,7125,0
2022-04-06 11:50:00,7125,7125,7125,7125,0
2022-04-06 11:51:00,7125,7125,7125,7125,0
2022-04-06 11:52:00,7125,7125,7125,7125,0
2022-04-06 11:53:00,7125,7125,7125,7125,0
2022-04-06 11:54:00,7125,7125,7125,7125,0
2022-04-06 11:55:00,7125,7125,7125,7125,0
2022-04-06 11:56:00,7125,7125,7125,7125,0
2022-04-06 11:57:00,7125,7125,7125,7125,0
2022-04-06 11:58:00,7125,7125,7125,7125,0
2022-04-06 11:59:00,7125,7125,7125,7125,0
2022-04-06 12:00:00,7125,7125,7125,7125,0
2022-04-06 12:01:00,7125,7125,7125,7125,0
2022-04-06 12:02:00,7125,7125,7125,7125,0
2022-04-06 12:03:00,7125,7125,7125,7125,0
2022-04-06 12:04:00,7125,7125,7125,7125,0
2022-04-06 12:05:00,7125,7125,7125,7125,0
2022-04-06 12:06:00,7125,7125,7125,7125,0
2022-04-06 12:07:00,7125,7125,7125,7125,0
2022-04-06 12:08:00,7125,7125,7125,7125,0
2022-04-06 12:09:00,7125,7125,7125,7125,0
2022-04-06 12:10:00,7125,7125,7125,7125,0
2022-04-06 12:11:00,7125,7125,7125,7125,0
2022-04-06 12:12:00,7125,7125,7125,7125,0
2022-04-06 12:13:00,7125,7125,7125,7125,0
2022-04-06 12:14:00,7125,7125,7125,7125,0
2022-04-06 12:15:00,7125,7125,7125,7125,0
2022-04-06 12:16:00,7125,7125,7125,7125,0
2022-04-06 12:17:00,7125,7125,7125,7125,0
2022-04-06 12:18:00,7125,7125,7125,7125,0
2022-04-06 12:19:00,7125,7125,7125,7125,0
2022-04-06 12:20:00,7125,7125,7125,7125,0
2022-04-06 12:21:00,7125,7125,7125,7125,0
2022-04-06 12:22:00,7125,7125,7125,7125,0
2022-04-06 12:23:00,7125,7125,7125,7125,0
2022-04-06 12:24:00,7125,7125,7125,7125,0
2022-04-06 12:25:00,7125,7125,7125,7125,0
2022-04-06 12:26:00,7125,7125,7125,7125,0
2022-04-06 12:27:00,7125,7125,7125,7125,0
2022-04-06 12:28:00,7125,7125,7125,7125,0
2022-04-06 12:29:00,7125,7125,7125,7125,0
2022-04-06 12:30:00,7125,7125,7125,7125,0
2022-04-06 12:31:00,7125,7125,7125,7125,0
2022-04-06 12:32:00,7125,7125,7125,7125,0
2022-04-06 12:33:00,7125,7125,7125,7125,0
2022-04-06 12:34:00,7125,7125,7125,7125,0
2022-04-06 12:35:00,7125,7125,7125,7125,0
2022-04-06 12:36:00,7125,7125,7125,7125,0
2022-04-06 12:37:00,7125,7125,7125,7125,0
2022-04-06 12:38:00,7125,7125,7125,7125,0
2022-04-06 12:39:00,7125,7125,7125,7125,0
2022-04-06 12:40:00,7125,7125,7125,7125,0
2022-04-06 12:41:00,7125,7125,7125,7125,0
2022-04-06 12:42:00,7125,7125,7125,7125,0
2022-04-06 12:43:00,7125,7125,7125,7125,0
2022-04-06 12:44:00,7125,7125,7125,7125,0
2022-04-06 12:45:00,7125,7125,7125,7125,0
2022-04-06 12:46:00,7125,7125,7125,7125,0
2022-04-06 12:47:00,7125,7125,7125,7125,0
2022-04-06 12:48:00,7125,7125,7125,7125,0
2022-04-06 12:49:00,7125,7125,7125,7125,0
2022-04-06 12:50:00,7125,7125,7125,7125,0
2022-04-06 12:51:00,7125,7125,7125,7125,0
2022-04-06 12:52:00,7125,7125,7125,7125,0
2022-04-06 12:53:00,7125,7125,7125,7125,0
2022-04-06 12:54:00,7125,7125,7125,7125,0
2022-04-06 12:55:00,7125,7125,7125,7125,0
2022-04-06 12:56:00,7125,7125,7125,7125,0
2022-04-06 12:57:00,7125,7125,7125,7125,0
2022-04-06 12:58:00,7125,7125,7125,7125,0
2022-04-06 12:59:00,7125,7125,7125,7125,0
2022-04-06 13:00:00,7125,7125,7125,7125,0
2022-04-06 13:01:00,7125,7125,7125,7125,0
2022-04-06 13:02:00,7125,7125,7125,7125,0
2022-04-06 13:03:00,7125,7125,7125,7125,0
2022-04-06 13:04:00,7125,7125,7125,7125,0
2022-04-06 13:05:00,7125,7125,7125,7125,0
2022-04-06 13:06:00,7125,7125,7125,7125,0
2022-04-06 13:07:00,7125,7125,7125,7125,0
2022-04-06 13:08:00,7125,7125,7125,7125,0
2022-04-06 13:09:00,7125,7125,7125,7125,0
2022-04-06 13:10:00,7125,7125,7125,7125,0
2022-04-06 13:11:00,7125,7125,7125,7125,0
2022-04-06 13:12:00,7125,7125,7125,7125,0
2022-04-06 13:13:00,7125,7125,7125,7125,0
2022-04-06 13:14:00,7125,7125,7125,7125,0
2022-04-06 13:15:00,7125,7125,7125,7125,0
2022-04-06 13:16:00,7125,7125,7125,7125,0
2022-04-06 13:17:00,7125,7125,7125,7125,0
2022-04-06 13:18:00,7125,7125,7125,7125,0
2022-04-06 13:19:00,7125,7125,7125,7125,0
2022-04-06 13:20:00,7125,7125,7125,7125,0
2022-04-06 13:21:00,7125,7125,7125,7125,0
2022-04-06 13:22:00,7125,7125,7125,7125,0
2022-04-06 13:23:00,7125,7125,7125,7125,0
2022-04-06 13:24:00,7125,7125,7125,7125,0
2022-04-06 13:25:00,7125,7125,7125,7125,0
2022-04-06 13:26:00,7125,7125,7125,7125,0
2022-04-06 13:27:00,7125,7125,7125,7125,0
2022-04-06 13:28:00,7125,7125,7125,7125,0
2022-04-06 13:29:00,7125,7125,7125,7125,0
2022-04-06 13:30:00,7100,7100,7125,7125,35100
2022-04-06 13:31:00,7125,7125,7125,7125,13500
2022-04-06 13:32:00,7125,7100,7125,7125,21600
2022-04-06 13:33:00,7125,7125,7125,7125,7600
2022-04-06 13:34:00,7125,7100,7125,7125,3200
2022-04-06 13:35:00,7125,7125,7125,7125,1400
2022-04-06 13:36:00,7125,7100,7125,7125,9500
2022-04-06 13:37:00,7125,7125,7125,7125,6400
2022-04-06 13:38:00,7125,7125,7125,7125,5300
2022-04-06 13:39:00,7125,7125,7125,7125,1200
2022-04-06 13:40:00,7125,7125,7125,7125,5400
2022-04-06 13:41:00,7125,7125,7125,7125,1300
2022-04-06 13:42:00,7125,7100,7125,7125,4800
2022-04-06 13:43:00,7125,7125,7125,7125,2000
2022-04-06 13:44:00,7125,7100,7125,7125,5100
2022-04-06 13:45:00,7125,7125,7125,7125,3000
2022-04-06 13:46:00,7125,7125,7125,7125,14600
2022-04-06 13:47:00,7150,7125,7150,7125,2900
2022-04-06 13:48:00,7125,7125,7150,7150,3700
2022-04-06 13:49:00,7125,7125,7150,7150,1100
2022-04-06 13:50:00,7150,7125,7150,7125,3200
2022-04-06 13:51:00,7150,7150,7150,7150,1000
2022-04-06 13:52:00,7150,7150,7150,7150,0
2022-04-06 13:53:00,7150,7125,7150,7125,2762500
2022-04-06 13:54:00,7125,7125,7150,7125,4000
2022-04-06 13:55:00,7150,7125,7150,7125,38300
2022-04-06 13:56:00,7125,7125,7125,7125,3100
2022-04-06 13:57:00,7125,7125,7125,7125,1400
2022-04-06 13:58:00,7125,7125,7125,7125,4700
2022-04-06 13:59:00,7125,7100,7125,7125,3900
2022-04-06 14:00:00,7125,7125,7125,7125,5000
2022-04-06 14:01:00,7125,7125,7125,7125,0
2022-04-06 14:02:00,7125,7125,7125,7125,0
2022-04-06 14:03:00,7125,7100,7125,7100,1600
2022-04-06 14:04:00,7125,7100,7125,7100,0
2022-04-06 14:05:00,7100,7100,7100,7100,1000
2022-04-06 14:06:00,7100,7100,7100,7100,20000
2022-04-06 14:07:00,7100,7100,7100,7100,0
2022-04-06 14:08:00,7100,7100,7100,7100,2000
2022-04-06 14:09:00,7125,7125,7125,7125,400
2022-04-06 14:10:00,7125,7125,7125,7125,500
2022-04-06 14:11:00,7125,7125,7125,7125,200
2022-04-06 14:12:00,7125,7125,7125,7125,0
2022-04-06 14:13:00,7125,7125,7125,7125,0
2022-04-06 14:14:00,7125,7125,7125,7125,500
2022-04-06 14:15:00,7125,7100,7125,7100,1500
2022-04-06 14:16:00,7125,7100,7125,7100,0
2022-04-06 14:17:00,7100,7100,7100,7100,14600
2022-04-06 14:18:00,7100,7100,7100,7100,5300
2022-04-06 14:19:00,7100,7100,7100,7100,1200
2022-04-06 14:20:00,7100,7100,7100,7100,0
2022-04-06 14:21:00,7125,7125,7125,7125,500
2022-04-06 14:22:00,7125,7125,7125,7125,0
2022-04-06 14:23:00,7125,7125,7125,7125,0
2022-04-06 14:24:00,7100,7100,7125,7125,16100
2022-04-06 14:25:00,7100,7075,7100,7075,191100
2022-04-06 14:26:00,7075,7075,7075,7075,2100
2022-04-06 14:27:00,7075,7075,7100,7100,5700
2022-04-06 14:28:00,7100,7100,7100,7100,1300
2022-04-06 14:29:00,7100,7100,7100,7100,200
2022-04-06 14:30:00,7100,7075,7100,7075,6100
2022-04-06 14:31:00,7100,7075,7100,7075,3800
2022-04-06 14:32:00,7100,7100,7100,7100,1900
2022-04-06 14:33:00,7100,7100,7100,7100,0
2022-04-06 14:34:00,7100,7075,7100,7075,2500
2022-04-06 14:35:00,7100,7075,7100,7075,0
2022-04-06 14:36:00,7075,7075,7075,7075,2000
2022-04-06 14:37:00,7075,7075,7075,7075,7700
2022-04-06 14:38:00,7075,7075,7075,7075,4500
2022-04-06 14:39:00,7075,7075,7075,7075,4300
2022-04-06 14:40:00,7100,7100,7100,7100,1300
2022-04-06 14:41:00,7100,7100,7100,7100,3300
2022-04-06 14:42:00,7100,7075,7100,7075,3500
2022-04-06 14:43:00,7100,7075,7100,7075,1300
2022-04-06 14:44:00,7100,7075,7100,7100,3300
2022-04-06 14:45:00,7100,7075,7100,7100,87100
2022-04-06 14:46:00,7100,7100,7125,7100,39300
2022-04-06 14:47:00,7100,7100,7100,7100,4400
2022-04-06 14:48:00,7100,7075,7100,7075,40700
2022-04-06 14:49:00,7100,7075,7100,7075,21400
2022-04-06 14:50:00,7100,7075,7100,7075,0
2022-04-06 14:51:00,7100,7075,7100,7075,0
2022-04-06 14:52:00,7100,7075,7100,7075,0
2022-04-06 14:53:00,7100,7075,7100,7075,0
2022-04-06 14:54:00,7100,7075,7100,7075,0
2022-04-06 14:55:00,7100,7075,7100,7075,0
2022-04-06 14:56:00,7100,7075,7100,7075,0
2022-04-06 14:57:00,7100,7075,7100,7075,0
2022-04-06 14:58:00,7100,7075,7100,7075,0
2022-04-06 14:59:00,7100,7075,7100,7075,0
2022-04-06 15:00:00,7050,7050,7050,7050,314900
2022-04-06 15:01:00,7050,7050,7050,7050,9300
2022-04-06 15:02:00,7050,7050,7050,7050,34200
2022-04-06 15:03:00,7050,7050,7050,7050,200
2022-04-06 15:04:00,7050,7050,7050,7050,0
2022-04-06 15:05:00,7050,7050,7050,7050,9800
2022-04-06 15:06:00,7050,7050,7050,7050,0
2022-04-06 15:07:00,7050,7050,7050,7050,0
2022-04-06 15:08:00,7050,7050,7050,7050,0
2022-04-06 15:09:00,7050,7050,7050,7050,100
2022-04-06 15:10:00,7050,7050,7050,7050,0
2022-04-06 15:11:00,7050,7050,7050,7050,0
2022-04-06 15:12:00,7050,7050,7050,7050,10800
2022-04-06 15:13:00,7050,7050,7050,7050,0
2022-04-06 15:14:00,7050,7050,7050,7050,300
2022-04-06 15:15:00,7050,7050,7050,7050,0
2022-04-06 15:16:00,7050,7050,7050,7050,0
2022-04-06 15:17:00,7050,7050,7050,7050,0
2022-04-06 15:18:00,7050,7050,7050,7050,0
2022-04-06 15:19:00,7050,7050,7050,7050,0
2022-04-06 15:20:00,7050,7050,7050,7050,0
2022-04-06 15:21:00,7050,7050,7050,7050,0
2022-04-06 15:22:00,7050,7050,7050,7050,0
2022-04-06 15:23:00,7050,7050,7050,7050,0
2022-04-06 15:24:00,7050,7050,7050,7050,0
2022-04-06 15:25:00,7050,7050,7050,7050,0
2022-04-06 15:26:00,7050,7050,7050,7050,0
2022-04-06 15:27:00,7050,7050,7050,7050,0
2022-04-06 15:28:00,7050,7050,7050,7050,0
2022-04-06 15:29:00,7050,7050,7050,7050,0
2022-04-06 15:30:00,7050,7050,7050,7050,0
2022-04-06 15:31:00,7050,7050,7050,7050,0
2022-04-06 15:32:00,7050,7050,7050,7050,0
2022-04-06 15:33:00,7050,7050,7050,7050,0
2022-04-06 15:34:00,7050,7050,7050,7050,0
2022-04-06 15:35:00,7050,7050,7050,7050,0
2022-04-06 15:36:00,7050,7050,7050,7050,0
2022-04-06 15:37:00,7050,7050,7050,7050,0
2022-04-06 15:38:00,7050,7050,7050,7050,0
2022-04-06 15:39:00,7050,7050,7050,7050,0
2022-04-06 15:40:00,7050,7050,7050,7050,0
2022-04-06 15:41:00,7050,7050,7050,7050,0
2022-04-06 15:42:00,7050,7050,7050,7050,0
2022-04-06 15:43:00,7050,7050,7050,7050,0
2022-04-06 15:44:00,7050,7050,7050,7050,0
2022-04-06 15:45:00,7050,7050,7050,7050,0
2022-04-06 15:46:00,7050,7050,7050,7050,0
2022-04-06 15:47:00,7050,7050,7050,7050,0
2022-04-06 15:48:00,7050,7050,7050,7050,0
2022-04-06 15:49:00,7050,7050,7050,7050,0
2022-04-06 15:50:00,7050,7050,7050,7050,0
2022-04-06 15:51:00,7050,7050,7050,7050,0
2022-04-06 15:52:00,7050,7050,7050,7050,0
2022-04-06 15:53:00,7050,7050,7050,7050,0
2022-04-06 15:54:00,7050,7050,7050,7050,0
2022-04-06 15:55:00,7050,7050,7050,7050,0
2022-04-06 15:56:00,7050,7050,7050,7050,0
2022-04-06 15:57:00,7050,7050,7050,7050,0
2022-04-06 15:58:00,7050,7050,7050,7050,0
2022-04-06 15:59:00,7050,7050,7050,7050,0
2022-04-07 09:00:00,7050,7050,7050,7050,5700
2022-04-07 09:01:00,7100,7100,7100,7100,100
2022-04-07 09:02:00,7075,7050,7075,7075,1600
2022-04-07 09:03:00,7075,7050,7075,7075,2600
2022-04-07 09:04:00,7075,7075,7075,7075,4900
2022-04-07 09:05:00,7075,7075,7075,7075,300
2022-04-07 09:06:00,7050,7050,7050,7050,4000
2022-04-07 09:07:00,7075,7075,7075,7075,4800
2022-04-07 09:08:00,7075,7050,7075,7050,200
2022-04-07 09:09:00,7075,7050,7075,7050,0
2022-04-07 09:10:00,7050,7050,7075,7075,1700
2022-04-07 09:11:00,7075,7075,7075,7075,600
2022-04-07 09:12:00,7050,7050,7075,7050,8500
2022-04-07 09:13:00,7050,7050,7075,7075,26400
2022-04-07 09:14:00,7050,7050,7050,7050,200
2022-04-07 09:15:00,7050,7050,7050,7050,0
2022-04-07 09:16:00,7050,7050,7050,7050,3100
2022-04-07 09:17:00,7075,7075,7075,7075,3600
2022-04-07 09:18:00,7100,7100,7100,7100,2900
2022-04-07 09:19:00,7075,7075,7075,7075,600
2022-04-07 09:20:00,7075,7075,7075,7075,0
2022-04-07 09:21:00,7075,7075,7075,7075,0
2022-04-07 09:22:00,7075,7050,7075,7050,22600
2022-04-07 09:23:00,7075,7075,7075,7075,800
2022-04-07 09:24:00,7050,7050,7050,7050,3100
2022-04-07 09:25:00,7075,7075,7075,7075,200
2022-04-07 09:26:00,7050,7050,7050,7050,3200
2022-04-07 09:27:00,7050,7050,7050,7050,1400
2022-04-07 09:28:00,7050,7050,7050,7050,6500
2022-04-07 09:29:00,7050,7050,7050,7050,10000
2022-04-07 09:30:00,7050,7050,7050,7050,1800
2022-04-07 09:31:00,7050,7050,7050,7050,25100
2022-04-07 09:32:00,7075,7075,7075,7075,100
2022-04-07 09:33:00,7050,7025,7050,7025,2800
2022-04-07 09:34:00,7050,7050,7050,7050,3500
2022-04-07 09:35:00,7050,7050,7050,7050,0
2022-04-07 09:36:00,7050,7050,7050,7050,0
2022-04-07 09:37:00,7050,7050,7050,7050,0
2022-04-07 09:38:00,7050,7050,7050,7050,0
2022-04-07 09:39:00,7050,7050,7050,7050,0
2022-04-07 09:40:00,7025,7025,7025,7025,12000
2022-04-07 09:41:00,7025,7025,7025,7025,11600
2022-04-07 09:42:00,7025,7025,7050,7050,11000
2022-04-07 09:43:00,7050,7025,7050,7050,14100
2022-04-07 09:44:00,7050,7050,7050,7050,1300
2022-04-07 09:45:00,7050,7050,7050,7050,19200
2022-04-07 09:46:00,7050,7050,7050,7050,6600
2022-04-07 09:47:00,7050,7050,7050,7050,8200
2022-04-07 09:48:00,7050,7050,7050,7050,0
2022-04-07 09:49:00,7050,7050,7050,7050,100
2022-04-07 09:50:00,7050,7050,7050,7050,2000
2022-04-07 09:51:00,7025,7025,7025,7025,40600
2022-04-07 09:52:00,7025,7025,7025,7025,0
2022-04-07 09:53:00,7025,7025,7025,7025,0
2022-04-07 09:54:00,7050,7050,7050,7050,8000
2022-04-07 09:55:00,7050,7025,7050,7050,21700
2022-04-07 09:56:00,7050,7050,7050,7050,100
2022-04-07 09:57:00,7025,7025,7025,7025,76000
2022-04-07 09:58:00,7025,7025,7025,7025,0
2022-04-07 09:59:00,7025,7025,7025,7025,5200
2022-04-07 10:00:00,7025,7000,7025,7025,9200
2022-04-07 10:01:00,7025,7025,7025,7025,6000
2022-04-07 10:02:00,7025,7025,7025,7025,5800
2022-04-07 10:03:00,7025,7025,7025,7025,56100
2022-04-07 10:04:00,7025,7025,7025,7025,15100
2022-04-07 10:05:00,7025,7025,7025,7025,2500
2022-04-07 10:06:00,7025,7000,7025,7025,12000
2022-04-07 10:07:00,7000,7000,7025,7025,13600
2022-04-07 10:08:00,7000,7000,7025,7025,0
2022-04-07 10:09:00,7025,7025,7025,7025,1800
2022-04-07 10:10:00,7025,7025,7025,7025,5500
2022-04-07 10:11:00,7050,7050,7050,7050,500
2022-04-07 10:12:00,7050,7025,7050,7025,21100
2022-04-07 10:13:00,7025,7000,7025,7000,8700
2022-04-07 10:14:00,7025,7025,7025,7025,1100
2022-04-07 10:15:00,7025,7025,7025,7025,12400
2022-04-07 10:16:00,7025,7025,7025,7025,5900
2022-04-07 10:17:00,7025,7025,7025,7025,0
2022-04-07 10:18:00,7025,7025,7025,7025,1900
2022-04-07 10:19:00,7050,7050,7050,7050,5000
2022-04-07 10:20:00,7050,7025,7050,7025,10500
2022-04-07 10:21:00,7025,7025,7025,7025,29200
2022-04-07 10:22:00,7025,7025,7025,7025,0
2022-04-07 10:23:00,7025,7025,7025,7025,0
2022-04-07 10:24:00,7025,7025,7025,7025,0
2022-04-07 10:25:00,7025,7025,7025,7025,0
2022-04-07 10:26:00,7025,7025,7025,7025,25100
2022-04-07 10:27:00,7025,7025,7025,7025,200
2022-04-07 10:28:00,7025,7025,7025,7025,0
2022-04-07 10:29:00,7025,7025,7025,7025,1000
2022-04-07 10:30:00,7025,7025,7025,7025,600
2022-04-07 10:31:00,7025,7025,7025,7025,4700
2022-04-07 10:32:00,7025,7025,7050,7025,13000
2022-04-07 10:33:00,7025,7025,7025,7025,3000
2022-04-07 10:34:00,7025,7025,7025,7025,1300
2022-04-07 10:35:00,7025,7000,7025,7025,900
2022-04-07 10:36:00,7025,7025,7025,7025,11600
2022-04-07 10:37:00,7000,7000,7025,7025,1900
2022-04-07 10:38:00,7000,7000,7025,7025,0
2022-04-07 10:39:00,7025,7025,7025,7025,1100
2022-04-07 10:40:00,7025,7025,7025,7025,300
2022-04-07 10:41:00,7025,7000,7025,7000,1400
2022-04-07 10:42:00,7000,7000,7000,7000,1900
2022-04-07 10:43:00,7025,7000,7025,7025,1300
2022-04-07 10:44:00,7000,7000,7000,7000,301000
2022-04-07 10:45:00,7000,7000,7000,7000,3700
2022-04-07 10:46:00,7000,7000,7000,7000,18600
2022-04-07 10:47:00,7000,7000,7000,7000,158100
2022-04-07 10:48:00,7000,7000,7000,7000,20000
2022-04-07 10:49:00,7000,7000,7000,7000,2500
2022-04-07 10:50:00,7000,7000,7025,7000,500
2022-04-07 10:51:00,7000,7000,7025,7000,0
2022-04-07 10:52:00,7025,7025,7025,7025,100
2022-04-07 10:53:00,7025,7025,7025,7025,500
2022-04-07 10:54:00,7025,7025,7025,7025,100
2022-04-07 10:55:00,7025,7025,7025,7025,2600
2022-04-07 10:56:00,7000,7000,7000,7000,17400
2022-04-07 10:57:00,7000,7000,7000,7000,300
2022-04-07 10:58:00,7000,7000,7000,7000,1200
2022-04-07 10:59:00,7025,7000,7025,7025,102100
2022-04-07 11:00:00,7025,7000,7025,7000,8300
2022-04-07 11:01:00,7000,7000,7000,7000,300
2022-04-07 11:02:00,7000,7000,7000,7000,16200
2022-04-07 11:03:00,7025,7000,7025,7000,1500
2022-04-07 11:04:00,7000,7000,7000,7000,100
2022-04-07 11:05:00,7000,7000,7000,7000,1000
2022-04-07 11:06:00,7000,7000,7000,7000,0
2022-04-07 11:07:00,7025,7000,7025,7000,3100
2022-04-07 11:08:00,7000,7000,7000,7000,100
2022-04-07 11:09:00,7025,7025,7025,7025,100
2022-04-07 11:10:00,7025,7025,7025,7025,1200
2022-04-07 11:11:00,7025,7025,7025,7025,3000
2022-04-07 11:12:00,7000,7000,7000,7000,18700
2022-04-07 11:13:00,7025,7025,7025,7025,600
2022-04-07 11:14:00,7025,7025,7025,7025,2200
2022-04-07 11:15:00,7025,7025,7025,7025,20000
2022-04-07 11:16:00,7025,7025,7025,7025,7500
2022-04-07 11:17:00,7025,7025,7025,7025,0
2022-04-07 11:18:00,7000,7000,7000,7000,500
2022-04-07 11:19:00,7000,7000,7000,7000,0
2022-04-07 11:20:00,7000,7000,7000,7000,0
2022-04-07 11:21:00,7025,7025,7025,7025,2900
2022-04-07 11:22:00,7025,7025,7025,7025,0
2022-04-07 11:23:00,7025,7025,7025,7025,0
2022-04-07 11:24:00,7025,7025,7025,7025,1000
2022-04-07 11:25:00,7025,7025,7025,7025,200
2022-04-07 11:26:00,7025,7025,7025,7025,5000
2022-04-07 11:27:00,7025,7025,7025,7025,100
2022-04-07 11:28:00,7025,7000,7025,7025,20500
2022-04-07 11:29:00,7000,7000,7000,7000,50400
2022-04-07 11:30:00,7000,7000,7000,7000,0
2022-04-07 11:31:00,7000,7000,7000,7000,0
2022-04-07 11:32:00,7000,7000,7000,7000,0
2022-04-07 11:33:00,7000,7000,7000,7000,0
2022-04-07 11:34:00,7000,7000,7000,7000,0
2022-04-07 11:35:00,7000,7000,7000,7000,0
2022-04-07 11:36:00,7000,7000,7000,7000,0
2022-04-07 11:37:00,7000,7000,7000,7000,0
2022-04-07 11:38:00,7000,7000,7000,7000,0
2022-04-07 11:39:00,7000,7000,7000,7000,0
2022-04-07 11:40:00,7000,7000,7000,7000,0
2022-04-07 11:41:00,7000,7000,7000,7000,0
2022-04-07 11:42:00,7000,7000,7000,7000,0
2022-04-07 11:43:00,7000,7000,7000,7000,0
2022-04-07 11:44:00,7000,7000,7000,7000,0
2022-04-07 11:45:00,7000,7000,7000,7000,0
2022-04-07 11:46:00,7000,7000,7000,7000,0
2022-04-07 11:47:00,7000,7000,7000,7000,0
2022-04-07 11:48:00,7000,7000,7000,7000,0
2022-04-07 11:49:00,7000,7000,7000,7000,0
2022-04-07 11:50:00,7000,7000,7000,7000,0
2022-04-07 11:51:00,7000,7000,7000,7000,0
2022-04-07 11:52:00,7000,7000,7000,7000,0
2022-04-07 11:53:00,7000,7000,7000,7000,0
2022-04-07 11:54:00,7000,7000,7000,7000,0
2022-04-07 11:55:00,7000,7000,7000,7000,0
2022-04-07 11:56:00,7000,7000,7000,7000,0
2022-04-07 11:57:00,7000,7000,7000,7000,0
2022-04-07 11:58:00,7000,7000,7000,7000,0
2022-04-07 11:59:00,7000,7000,7000,7000,0
2022-04-07 12:00:00,7000,7000,7000,7000,0
2022-04-07 12:01:00,7000,7000,7000,7000,0
2022-04-07 12:02:00,7000,7000,7000,7000,0
2022-04-07 12:03:00,7000,7000,7000,7000,0
2022-04-07 12:04:00,7000,7000,7000,7000,0
2022-04-07 12:05:00,7000,7000,7000,7000,0
2022-04-07 12:06:00,7000,7000,7000,7000,0
2022-04-07 12:07:00,7000,7000,7000,7000,0
2022-04-07 12:08:00,7000,7000,7000,7000,0
2022-04-07 12:09:00,7000,7000,7000,7000,0
2022-04-07 12:10:00,7000,7000,7000,7000,0
2022-04-07 12:11:00,7000,7000,7000,7000,0
2022-04-07 12:12:00,7000,7000,7000,7000,0
2022-04-07 12:13:00,7000,7000,7000,7000,0
2022-04-07 12:14:00,7000,7000,7000,7000,0
2022-04-07 12:15:00,7000,7000,7000,7000,0
2022-04-07 12:16:00,7000,7000,7000,7000,0
2022-04-07 12:17:00,7000,7000,7000,7000,0
2022-04-07 12:18:00,7000,7000,7000,7000,0
2022-04-07 12:19:00,7000,7000,7000,7000,0
2022-04-07 12:20:00,7000,7000,7000,7000,0
2022-04-07 12:21:00,7000,7000,7000,7000,0
2022-04-07 12:22:00,7000,7000,7000,7000,0
2022-04-07 12:23:00,7000,7000,7000,7000,0
2022-04-07 12:24:00,7000,7000,7000,7000,0
2022-04-07 12:25:00,7000,7000,7000,7000,0
2022-04-07 12:26:00,7000,7000,7000,7000,0
2022-04-07 12:27:00,7000,7000,7000,7000,0
2022-04-07 12:28:00,7000,7000,7000,7000,0
2022-04-07 12:29:00,7000,7000,7000,7000,0
2022-04-07 12:30:00,7000,7000,7000,7000,0
2022-04-07 12:31:00,7000,7000,7000,7000,0
2022-04-07 12:32:00,7000,7000,7000,7000,0
2022-04-07 12:33:00,7000,7000,7000,7000,0
2022-04-07 12:34:00,7000,7000,7000,7000,0
2022-04-07 12:35:00,7000,7000,7000,7000,0
2022-04-07 12:36:00,7000,7000,7000,7000,0
2022-04-07 12:37:00,7000,7000,7000,7000,0
2022-04-07 12:38:00,7000,7000,7000,7000,0
2022-04-07 12:39:00,7000,7000,7000,7000,0
2022-04-07 12:40:00,7000,7000,7000,7000,0
2022-04-07 12:41:00,7000,7000,7000,7000,0
2022-04-07 12:42:00,7000,7000,7000,7000,0
2022-04-07 12:43:00,7000,7000,7000,7000,0
2022-04-07 12:44:00,7000,7000,7000,7000,0
2022-04-07 12:45:00,7000,7000,7000,7000,0
2022-04-07 12:46:00,7000,7000,7000,7000,0
2022-04-07 12:47:00,7000,7000,7000,7000,0
2022-04-07 12:48:00,7000,7000,7000,7000,0
2022-04-07 12:49:00,7000,7000,7000,7000,0
2022-04-07 12:50:00,7000,7000,7000,7000,0
2022-04-07 12:51:00,7000,7000,7000,7000,0
2022-04-07 12:52:00,7000,7000,7000,7000,0
2022-04-07 12:53:00,7000,7000,7000,7000,0
2022-04-07 12:54:00,7000,7000,7000,7000,0
2022-04-07 12:55:00,7000,7000,7000,7000,0
2022-04-07 12:56:00,7000,7000,7000,7000,0
2022-04-07 12:57:00,7000,7000,7000,7000,0
2022-04-07 12:58:00,7000,7000,7000,7000,0
2022-04-07 12:59:00,7000,7000,7000,7000,0
2022-04-07 13:00:00,7000,7000,7000,7000,0
2022-04-07 13:01:00,7000,7000,7000,7000,0
2022-04-07 13:02:00,7000,7000,7000,7000,0
2022-04-07 13:03:00,7000,7000,7000,7000,0
2022-04-07 13:04:00,7000,7000,7000,7000,0
2022-04-07 13:05:00,7000,7000,7000,7000,0
2022-04-07 13:06:00,7000,7000,7000,7000,0
2022-04-07 13:07:00,7000,7000,7000,7000,0
2022-04-07 13:08:00,7000,7000,7000,7000,0
2022-04-07 13:09:00,7000,7000,7000,7000,0
2022-04-07 13:10:00,7000,7000,7000,7000,0
2022-04-07 13:11:00,7000,7000,7000,7000,0
2022-04-07 13:12:00,7000,7000,7000,7000,0
2022-04-07 13:13:00,7000,7000,7000,7000,0
2022-04-07 13:14:00,7000,7000,7000,7000,0
2022-04-07 13:15:00,7000,7000,7000,7000,0
2022-04-07 13:16:00,7000,7000,7000,7000,0
2022-04-07 13:17:00,7000,7000,7000,7000,0
2022-04-07 13:18:00,7000,7000,7000,7000,0
2022-04-07 13:19:00,7000,7000,7000,7000,0
2022-04-07 13:20:00,7000,7000,7000,7000,0
2022-04-07 13:21:00,7000,7000,7000,7000,0
2022-04-07 13:22:00,7000,7000,7000,7000,0
2022-04-07 13:23:00,7000,7000,7000,7000,0
2022-04-07 13:24:00,7000,7000,7000,7000,0
2022-04-07 13:25:00,7000,7000,7000,7000,0
2022-04-07 13:26:00,7000,7000,7000,7000,0
2022-04-07 13:27:00,7000,7000,7000,7000,0
2022-04-07 13:28:00,7000,7000,7000,7000,0
2022-04-07 13:29:00,7000,7000,7000,7000,0
2022-04-07 13:30:00,7000,7000,7025,7000,3000
2022-04-07 13:31:00,7000,7000,7025,7000,0
2022-04-07 13:32:00,7000,7000,7025,7000,0
2022-04-07 13:33:00,7000,7000,7000,7000,12800
2022-04-07 13:34:00,7000,7000,7000,7000,400
2022-04-07 13:35:00,7000,7000,7000,7000,3900
2022-04-07 13:36:00,7000,7000,7000,7000,7000
2022-04-07 13:37:00,7025,7025,7025,7025,1000
2022-04-07 13:38:00,7000,7000,7025,7025,56800
2022-04-07 13:39:00,7025,7025,7025,7025,2100
2022-04-07 13:40:00,7025,7025,7025,7025,600
2022-04-07 13:41:00,7025,7025,7025,7025,2500
2022-04-07 13:42:00,7025,7025,7025,7025,1100
2022-04-07 13:43:00,7025,7025,7025,7025,1100
2022-04-07 13:44:00,7025,7025,7025,7025,2000
2022-04-07 13:45:00,7025,7000,7025,7000,1100
2022-04-07 13:46:00,7000,7000,7000,7000,15700
2022-04-07 13:47:00,7025,7025,7025,7025,1000
2022-04-07 13:48:00,7025,7025,7025,7025,0
2022-04-07 13:49:00,7025,7025,7025,7025,2500
2022-04-07 13:50:00,7000,7000,7025,7025,45100
2022-04-07 13:51:00,7000,7000,7025,7025,8100
2022-04-07 13:52:00,7000,7000,7025,7000,8100
2022-04-07 13:53:00,7000,7000,7000,7000,1000
2022-04-07 13:54:00,7025,7000,7025,7000,3300
2022-04-07 13:55:00,7025,7000,7025,7000,18100
2022-04-07 13:56:00,7025,7025,7025,7025,300
2022-04-07 13:57:00,7025,7025,7025,7025,0
2022-04-07 13:58:00,7000,7000,7000,7000,5700
2022-04-07 13:59:00,7000,7000,7000,7000,0
2022-04-07 14:00:00,7000,7000,7025,7000,1000
2022-04-07 14:01:00,7000,7000,7000,7000,2500
2022-04-07 14:02:00,7000,7000,7000,7000,5300
2022-04-07 14:03:00,7000,7000,7000,7000,0
2022-04-07 14:04:00,7000,7000,7000,7000,0
2022-04-07 14:05:00,7000,7000,7025,7000,6100
2022-04-07 14:06:00,7000,7000,7000,7000,5000
2022-04-07 14:07:00,7000,7000,7000,7000,3000
2022-04-07 14:08:00,7000,7000,7000,7000,78200
2022-04-07 14:09:00,7000,7000,7025,7000,75100
2022-04-07 14:10:00,7000,7000,7000,7000,72200
2022-04-07 14:11:00,7000,7000,7025,7025,8400
2022-04-07 14:12:00,7000,7000,7000,7000,73300
2022-04-07 14:13:00,7000,6975,7000,7000,14200
2022-04-07 14:14:00,7000,7000,7000,7000,10300
2022-04-07 14:15:00,7000,7000,7000,7000,700
2022-04-07 14:16:00,7000,6975,7000,6975,5800
2022-04-07 14:17:00,7000,7000,7000,7000,1500
2022-04-07 14:18:00,7000,6975,7000,6975,3700
2022-04-07 14:19:00,6975,6975,6975,6975,5900
2022-04-07 14:20:00,7000,6975,7000,7000,70800
2022-04-07 14:21:00,7000,7000,7000,7000,10100
2022-04-07 14:22:00,7000,7000,7000,7000,1900
2022-04-07 14:23:00,7000,7000,7000,7000,6000
2022-04-07 14:24:00,7000,6975,7000,7000,14200
2022-04-07 14:25:00,7000,7000,7000,7000,6500
2022-04-07 14:26:00,6975,6975,6975,6975,200
2022-04-07 14:27:00,7000,7000,7000,7000,2400
2022-04-07 14:28:00,6975,6975,7000,7000,95800
2022-04-07 14:29:00,7000,6975,7000,6975,7500
2022-04-07 14:30:00,7000,6975,7000,6975,98400
2022-04-07 14:31:00,6975,6975,7000,6975,42400
2022-04-07 14:32:00,6975,6975,6975,6975,93700
2022-04-07 14:33:00,6975,6975,6975,6975,158300
2022-04-07 14:34:00,6975,6975,6975,6975,18300
2022-04-07 14:35:00,6975,6950,6975,6950,11900
2022-04-07 14:36:00,6950,6950,6975,6975,2900
2022-04-07 14:37:00,6950,6950,6975,6975,18200
2022-04-07 14:38:00,6975,6975,6975,6975,43100
2022-04-07 14:39:00,6975,6975,6975,6975,11400
2022-04-07 14:40:00,6975,6950,6975,6950,35300
2022-04-07 14:41:00,6975,6975,6975,6975,96700
2022-04-07 14:42:00,6975,6975,7000,6975,6700
2022-04-07 14:43:00,6975,6975,6975,6975,70000
2022-04-07 14:44:00,6975,6975,6975,6975,1800
2022-04-07 14:45:00,6975,6950,6975,6950,100900
2022-04-07 14:46:00,6950,6950,6975,6975,46200
2022-04-07 14:47:00,6950,6950,6975,6950,92700
2022-04-07 14:48:00,6950,6950,6975,6975,382600
2022-04-07 14:49:00,6950,6950,6975,6950,43400
2022-04-07 14:50:00,6950,6950,6975,6950,0
2022-04-07 14:51:00,6950,6950,6975,6950,0
2022-04-07 14:52:00,6950,6950,6975,6950,0
2022-04-07 14:53:00,6950,6950,6975,6950,0
2022-04-07 14:54:00,6950,6950,6975,6950,0
2022-04-07 14:55:00,6950,6950,6975,6950,0
2022-04-07 14:56:00,6950,6950,6975,6950,0
2022-04-07 14:57:00,6950,6950,6975,6950,0
2022-04-07 14:58:00,6950,6950,6975,6950,0
2022-04-07 14:59:00,6950,6950,6975,6950,0
2022-04-07 15:00:00,6950,6950,6950,6950,198200
2022-04-07 15:01:00,6950,6950,6950,6950,24100
2022-04-07 15:02:00,6950,6950,6950,6950,800
2022-04-07 15:03:00,6950,6950,6950,6950,700
2022-04-07 15:04:00,6950,6950,6950,6950,1700
2022-04-07 15:05:00,6950,6950,6950,6950,2700
2022-04-07 15:06:00,6950,6950,6950,6950,5100
2022-04-07 15:07:00,6950,6950,6950,6950,400
2022-04-07 15:08:00,6950,6950,6950,6950,10000
2022-04-07 15:09:00,6950,6950,6950,6950,200
2022-04-07 15:10:00,6950,6950,6950,6950,100
2022-04-07 15:11:00,6950,6950,6950,6950,700
2022-04-07 15:12:00,6950,6950,6950,6950,0
2022-04-07 15:13:00,6950,6950,6950,6950,1500
2022-04-07 15:14:00,6950,6950,6950,6950,0
2022-04-07 15:15:00,6950,6950,6950,6950,0
2022-04-07 15:16:00,6950,6950,6950,6950,0
2022-04-07 15:17:00,6950,6950,6950,6950,0
2022-04-07 15:18:00,6950,6950,6950,6950,0
2022-04-07 15:19:00,6950,6950,6950,6950,0
2022-04-07 15:20:00,6950,6950,6950,6950,0
2022-04-07 15:21:00,6950,6950,6950,6950,0
2022-04-07 15:22:00,6950,6950,6950,6950,0
2022-04-07 15:23:00,6950,6950,6950,6950,0
2022-04-07 15:24:00,6950,6950,6950,6950,0
2022-04-07 15:25:00,6950,6950,6950,6950,0
2022-04-07 15:26:00,6950,6950,6950,6950,0
2022-04-07 15:27:00,6950,6950,6950,6950,0
2022-04-07 15:28:00,6950,6950,6950,6950,0
2022-04-07 15:29:00,6950,6950,6950,6950,0
2022-04-07 15:30:00,6950,6950,6950,6950,0
2022-04-07 15:31:00,6950,6950,6950,6950,0
2022-04-07 15:32:00,6950,6950,6950,6950,0
2022-04-07 15:33:00,6950,6950,6950,6950,0
2022-04-07 15:34:00,6950,6950,6950,6950,0
2022-04-07 15:35:00,6950,6950,6950,6950,0
2022-04-07 15:36:00,6950,6950,6950,6950,0
2022-04-07 15:37:00,6950,6950,6950,6950,0
2022-04-07 15:38:00,6950,6950,6950,6950,0
2022-04-07 15:39:00,6950,6950,6950,6950,0
2022-04-07 15:40:00,6950,6950,6950,6950,0
2022-04-07 15:41:00,6950,6950,6950,6950,0
2022-04-07 15:42:00,6950,6950,6950,6950,0
2022-04-07 15:43:00,6950,6950,6950,6950,0
2022-04-07 15:44:00,6950,6950,6950,6950,0
2022-04-07 15:45:00,6950,6950,6950,6950,0
2022-04-07 15:46:00,6950,6950,6950,6950,0
2022-04-07 15:47:00,6950,6950,6950,6950,0
2022-04-07 15:48:00,6950,6950,6950,6950,0
2022-04-07 15:49:00,6950,6950,6950,6950,0
2022-04-07 15:50:00,6950,6950,6950,6950,0
2022-04-07 15:51:00,6950,6950,6950,6950,0
2022-04-07 15:52:00,6950,6950,6950,6950,0
2022-04-07 15:53:00,6950,6950,6950,6950,0
2022-04-07 15:54:00,6950,6950,6950,6950,0
2022-04-07 15:55:00,6950,6950,6950,6950,0
2022-04-07 15:56:00,6950,6950,6950,6950,0
2022-04-07 15:57:00,6950,6950,6950,6950,0
2022-04-07 15:58:00,6950,6950,6950,6950,0
2022-04-07 15:59:00,6950,6950,6950,6950,0
2022-04-08 09:00:00,7025,7025,7050,7050,12900
2022-04-08 09:01:00,7050,7025,7050,7050,20200
2022-04-08 09:02:00,7050,7050,7050,7050,58300
2022-04-08 09:03:00,7050,7050,7050,7050,48200
2022-04-08 09:04:00,7050,7025,7050,7025,5800
2022-04-08 09:05:00,7025,7025,7050,7025,3300
2022-04-08 09:06:00,7025,7025,7050,7050,5800
2022-04-08 09:07:00,7050,7025,7050,7050,6800
2022-04-08 09:08:00,7050,7025,7050,7025,1600
2022-04-08 09:09:00,7025,7025,7050,7050,50900
2022-04-08 09:10:00,7050,7050,7050,7050,600
2022-04-08 09:11:00,7025,7025,7050,7025,3400
2022-04-08 09:12:00,7050,7050,7050,7050,2000
2022-04-08 09:13:00,7025,7025,7025,7025,10100
2022-04-08 09:14:00,7025,7025,7025,7025,3700
2022-04-08 09:15:00,7025,7025,7025,7025,1000
2022-04-08 09:16:00,7025,7025,7025,7025,56000
2022-04-08 09:17:00,7025,7000,7025,7000,23900
2022-04-08 09:18:00,7025,7025,7025,7025,300
2022-04-08 09:19:00,7025,7025,7025,7025,0
2022-04-08 09:20:00,7000,7000,7000,7000,500
2022-04-08 09:21:00,7000,7000,7025,7025,2900
2022-04-08 09:22:00,7025,7025,7025,7025,400
2022-04-08 09:23:00,7025,7000,7025,7000,3600
2022-04-08 09:24:00,7025,7000,7025,7000,1000
2022-04-08 09:25:00,7025,7025,7025,7025,500
2022-04-08 09:26:00,7000,7000,7000,7000,500
2022-04-08 09:27:00,7000,7000,7025,7025,8100
2022-04-08 09:28:00,7025,7025,7025,7025,14500
2022-04-08 09:29:00,7025,7025,7025,7025,3000
2022-04-08 09:30:00,7025,7025,7025,7025,100
2022-04-08 09:31:00,7025,7025,7025,7025,0
2022-04-08 09:32:00,7000,7000,7000,7000,9000
2022-04-08 09:33:00,7000,7000,7000,7000,2900
2022-04-08 09:34:00,7000,7000,7000,7000,36700
2022-04-08 09:35:00,7000,7000,7000,7000,8500
2022-04-08 09:36:00,7000,7000,7000,7000,48200
2022-04-08 09:37:00,7000,6975,7000,6975,300
2022-04-08 09:38:00,7000,6975,7000,6975,700
2022-04-08 09:39:00,7000,6975,7000,6975,0
2022-04-08 09:40:00,6975,6975,6975,6975,10700
2022-04-08 09:41:00,6975,6975,6975,6975,3900
2022-04-08 09:42:00,6975,6975,7000,7000,6200
2022-04-08 09:43:00,6975,6975,6975,6975,13100
2022-04-08 09:44:00,6975,6975,6975,6975,5000
2022-04-08 09:45:00,7000,6975,7000,6975,4200
2022-04-08 09:46:00,6975,6975,6975,6975,1000
2022-04-08 09:47:00,6975,6975,6975,6975,5000
2022-04-08 09:48:00,7000,6975,7000,6975,5000
2022-04-08 09:49:00,6975,6975,6975,6975,39700
2022-04-08 09:50:00,6975,6975,6975,6975,20600
2022-04-08 09:51:00,6975,6975,7000,6975,15000
2022-04-08 09:52:00,6975,6975,6975,6975,5000
2022-04-08 09:53:00,6975,6975,6975,6975,700
2022-04-08 09:54:00,6975,6975,6975,6975,1900
2022-04-08 09:55:00,6975,6975,6975,6975,1500
2022-04-08 09:56:00,6975,6975,6975,6975,16700
2022-04-08 09:57:00,6975,6975,6975,6975,2000
2022-04-08 09:58:00,6975,6975,7000,7000,27700
2022-04-08 09:59:00,7000,7000,7000,7000,1500
2022-04-08 10:00:00,7000,7000,7000,7000,0
2022-04-08 10:01:00,7000,7000,7000,7000,0
2022-04-08 10:02:00,6975,6975,6975,6975,1000
2022-04-08 10:03:00,6975,6975,7000,7000,4100
2022-04-08 10:04:00,6975,6975,6975,6975,8100
2022-04-08 10:05:00,6975,6975,6975,6975,0
2022-04-08 10:06:00,6975,6975,6975,6975,500
2022-04-08 10:07:00,6975,6975,7000,7000,800
2022-04-08 10:08:00,6975,6975,6975,6975,20800
2022-04-08 10:09:00,6975,6975,6975,6975,5600
2022-04-08 10:10:00,7000,7000,7000,7000,7100
2022-04-08 10:11:00,7000,6975,7000,6975,2100
2022-04-08 10:12:00,6975,6975,7000,7000,52600
2022-04-08 10:13:00,7000,7000,7000,7000,22000
2022-04-08 10:14:00,7000,7000,7000,7000,50000
2022-04-08 10:15:00,6975,6975,6975,6975,3800
2022-04-08 10:16:00,6975,6975,7000,7000,1400
2022-04-08 10:17:00,6975,6975,7000,7000,0
2022-04-08 10:18:00,7000,7000,7000,7000,500
2022-04-08 10:19:00,7000,6975,7000,6975,1200
2022-04-08 10:20:00,6975,6975,6975,6975,8100
2022-04-08 10:21:00,6975,6975,6975,6975,35000
2022-04-08 10:22:00,6975,6975,7000,7000,11800
2022-04-08 10:23:00,6975,6975,6975,6975,2500
2022-04-08 10:24:00,6975,6975,6975,6975,0
2022-04-08 10:25:00,6975,6975,6975,6975,0
2022-04-08 10:26:00,6975,6975,6975,6975,100
2022-04-08 10:27:00,6975,6975,6975,6975,24300
2022-04-08 10:28:00,6975,6975,6975,6975,8100
2022-04-08 10:29:00,6975,6975,6975,6975,8100
2022-04-08 10:30:00,6975,6975,6975,6975,200
2022-04-08 10:31:00,7000,7000,7000,7000,200
2022-04-08 10:32:00,7000,7000,7000,7000,1000
2022-04-08 10:33:00,7000,7000,7000,7000,1000
2022-04-08 10:34:00,7000,7000,7000,7000,5100
2022-04-08 10:35:00,7000,7000,7000,7000,900
2022-04-08 10:36:00,7000,7000,7000,7000,500
2022-04-08 10:37:00,7000,7000,7000,7000,100
2022-04-08 10:38:00,7000,7000,7000,7000,0
2022-04-08 10:39:00,7000,7000,7000,7000,500
2022-04-08 10:40:00,7000,7000,7000,7000,0
2022-04-08 10:41:00,7000,7000,7000,7000,50600
2022-04-08 10:42:00,7000,7000,7000,7000,2900
2022-04-08 10:43:00,7000,7000,7000,7000,100
2022-04-08 10:44:00,7000,6975,7000,6975,3600
2022-04-08 10:45:00,7000,7000,7000,7000,29500
2022-04-08 10:46:00,7000,7000,7000,7000,0
2022-04-08 10:47:00,7000,7000,7000,7000,0
2022-04-08 10:48:00,7000,7000,7000,7000,100
2022-04-08 10:49:00,6975,6975,7000,7000,3700
2022-04-08 10:50:00,7000,7000,7000,7000,100
2022-04-08 10:51:00,7000,7000,7000,7000,100
2022-04-08 10:52:00,7000,7000,7000,7000,100
2022-04-08 10:53:00,6975,6975,7000,7000,1000
2022-04-08 10:54:00,7000,7000,7000,7000,100
2022-04-08 10:55:00,7000,7000,7000,7000,200
2022-04-08 10:56:00,7000,7000,7000,7000,0
2022-04-08 10:57:00,7000,7000,7000,7000,0
2022-04-08 10:58:00,7000,6975,7000,6975,103000
2022-04-08 10:59:00,6975,6975,7000,7000,1500
2022-04-08 11:00:00,7000,6975,7000,6975,16900
2022-04-08 11:01:00,6975,6975,6975,6975,1000
2022-04-08 11:02:00,6975,6975,6975,6975,5000
2022-04-08 11:03:00,6975,6950,6975,6975,205400
2022-04-08 11:04:00,6975,6975,6975,6975,1000
2022-04-08 11:05:00,6975,6975,6975,6975,17200
2022-04-08 11:06:00,6975,6975,6975,6975,800
2022-04-08 11:07:00,6975,6950,6975,6975,1300
2022-04-08 11:08:00,6950,6950,6950,6950,200
2022-04-08 11:09:00,6950,6950,6950,6950,3000
2022-04-08 11:10:00,6975,6975,6975,6975,500
2022-04-08 11:11:00,6950,6950,6975,6975,8400
2022-04-08 11:12:00,6975,6975,6975,6975,600
2022-04-08 11:13:00,6975,6975,6975,6975,50000
2022-04-08 11:14:00,6975,6975,6975,6975,200
2022-04-08 11:15:00,6975,6975,6975,6975,2500
2022-04-08 11:16:00,6975,6975,6975,6975,0
2022-04-08 11:17:00,6975,6950,6975,6950,29600
2022-04-08 11:18:00,6975,6950,6975,6950,800
2022-04-08 11:19:00,6975,6975,6975,6975,3300
2022-04-08 11:20:00,6975,6975,6975,6975,1500
2022-04-08 11:21:00,6975,6975,6975,6975,100
2022-04-08 11:22:00,6975,6975,6975,6975,10700
2022-04-08 11:23:00,6975,6950,6975,6950,11000
2022-04-08 11:24:00,6975,6950,6975,6950,0
2022-04-08 11:25:00,6950,6950,6950,6950,200
2022-04-08 11:26:00,6950,6950,6950,6950,6300
2022-04-08 11:27:00,6975,6975,6975,6975,26300
2022-04-08 11:28:00,6975,6975,6975,6975,19800
2022-04-08 11:29:00,6975,6975,6975,6975,34800
2022-04-08 11:30:00,6975,6975,6975,6975,0
2022-04-08 11:31:00,6975,6975,6975,6975,0
2022-04-08 11:32:00,6975,6975,6975,6975,0
2022-04-08 11:33:00,6975,6975,6975,6975,0
2022-04-08 11:34:00,6975,6975,6975,6975,0
2022-04-08 11:35:00,6975,6975,6975,6975,0
2022-04-08 11:36:00,6975,6975,6975,6975,0
2022-04-08 11:37:00,6975,6975,6975,6975,0
2022-04-08 11:38:00,6975,6975,6975,6975,0
2022-04-08 11:39:00,6975,6975,6975,6975,0
2022-04-08 11:40:00,6975,6975,6975,6975,0
2022-04-08 11:41:00,6975,6975,6975,6975,0
2022-04-08 11:42:00,6975,6975,6975,6975,0
2022-04-08 11:43:00,6975,6975,6975,6975,0
2022-04-08 11:44:00,6975,6975,6975,6975,0
2022-04-08 11:45:00,6975,6975,6975,6975,0
2022-04-08 11:46:00,6975,6975,6975,6975,0
2022-04-08 11:47:00,6975,6975,6975,6975,0
2022-04-08 11:48:00,6975,6975,6975,6975,0
2022-04-08 11:49:00,6975,6975,6975,6975,0
2022-04-08 11:50:00,6975,6975,6975,6975,0
2022-04-08 11:51:00,6975,6975,6975,6975,0
2022-04-08 11:52:00,6975,6975,6975,6975,0
2022-04-08 11:53:00,6975,6975,6975,6975,0
2022-04-08 11:54:00,6975,6975,6975,6975,0
2022-04-08 11:55:00,6975,6975,6975,6975,0
2022-04-08 11:56:00,6975,6975,6975,6975,0
2022-04-08 11:57:00,6975,6975,6975,6975,0
2022-04-08 11:58:00,6975,6975,6975,6975,0
2022-04-08 11:59:00,6975,6975,6975,6975,0
2022-04-08 12:00:00,6975,6975,6975,6975,0
2022-04-08 12:01:00,6975,6975,6975,6975,0
2022-04-08 12:02:00,6975,6975,6975,6975,0
2022-04-08 12:03:00,6975,6975,6975,6975,0
2022-04-08 12:04:00,6975,6975,6975,6975,0
2022-04-08 12:05:00,6975,6975,6975,6975,0
2022-04-08 12:06:00,6975,6975,6975,6975,0
2022-04-08 12:07:00,6975,6975,6975,6975,0
2022-04-08 12:08:00,6975,6975,6975,6975,0
2022-04-08 12:09:00,6975,6975,6975,6975,0
2022-04-08 12:10:00,6975,6975,6975,6975,0
2022-04-08 12:11:00,6975,6975,6975,6975,0
2022-04-08 12:12:00,6975,6975,6975,6975,0
2022-04-08 12:13:00,6975,6975,6975,6975,0
2022-04-08 12:14:00,6975,6975,6975,6975,0
2022-04-08 12:15:00,6975,6975,6975,6975,0
2022-04-08 12:16:00,6975,6975,6975,6975,0
2022-04-08 12:17:00,6975,6975,6975,6975,0
2022-04-08 12:18:00,6975,6975,6975,6975,0
2022-04-08 12:19:00,6975,6975,6975,6975,0
2022-04-08 12:20:00,6975,6975,6975,6975,0
2022-04-08 12:21:00,6975,6975,6975,6975,0
2022-04-08 12:22:00,6975,6975,6975,6975,0
2022-04-08 12:23:00,6975,6975,6975,6975,0
2022-04-08 12:24:00,6975,6975,6975,6975,0
2022-04-08 12:25:00,6975,6975,6975,6975,0
2022-04-08 12:26:00,6975,6975,6975,6975,0
2022-04-08 12:27:00,6975,6975,6975,6975,0
2022-04-08 12:28:00,6975,6975,6975,6975,0
2022-04-08 12:29:00,6975,6975,6975,6975,0
2022-04-08 12:30:00,6975,6975,6975,6975,0
2022-04-08 12:31:00,6975,6975,6975,6975,0
2022-04-08 12:32:00,6975,6975,6975,6975,0
2022-04-08 12:33:00,6975,6975,6975,6975,0
2022-04-08 12:34:00,6975,6975,6975,6975,0
2022-04-08 12:35:00,6975,6975,6975,6975,0
2022-04-08 12:36:00,6975,6975,6975,6975,0
2022-04-08 12:37:00,6975,6975,6975,6975,0
2022-04-08 12:38:00,6975,6975,6975,6975,0
2022-04-08 12:39:00,6975,6975,6975,6975,0
2022-04-08 12:40:00,6975,6975,6975,6975,0
2022-04-08 12:41:00,6975,6975,6975,6975,0
2022-04-08 12:42:00,6975,6975,6975,6975,0
2022-04-08 12:43:00,6975,6975,6975,6975,0
2022-04-08 12:44:00,6975,6975,6975,6975,0
2022-04-08 12:45:00,6975,6975,6975,6975,0
2022-04-08 12:46:00,6975,6975,6975,6975,0
2022-04-08 12:47:00,6975,6975,6975,6975,0
2022-04-08 12:48:00,6975,6975,6975,6975,0
2022-04-08 12:49:00,6975,6975,6975,6975,0
2022-04-08 12:50:00,6975,6975,6975,6975,0
2022-04-08 12:51:00,6975,6975,6975,6975,0
2022-04-08 12:52:00,6975,6975,6975,6975,0
2022-04-08 12:53:00,6975,6975,6975,6975,0
2022-04-08 12:54:00,6975,6975,6975,6975,0
2022-04-08 12:55:00,6975,6975,6975,6975,0
2022-04-08 12:56:00,6975,6975,6975,6975,0
2022-04-08 12:57:00,6975,6975,6975,6975,0
2022-04-08 12:58:00,6975,6975,6975,6975,0
2022-04-08 12:59:00,6975,6975,6975,6975,0
2022-04-08 13:00:00,6975,6975,6975,6975,0
2022-04-08 13:01:00,6975,6975,6975,6975,0
2022-04-08 13:02:00,6975,6975,6975,6975,0
2022-04-08 13:03:00,6975,6975,6975,6975,0
2022-04-08 13:04:00,6975,6975,6975,6975,0
2022-04-08 13:05:00,6975,6975,6975,6975,0
2022-04-08 13:06:00,6975,6975,6975,6975,0
2022-04-08 13:07:00,6975,6975,6975,6975,0
2022-04-08 13:08:00,6975,6975,6975,6975,0
2022-04-08 13:09:00,6975,6975,6975,6975,0
2022-04-08 13:10:00,6975,6975,6975,6975,0
2022-04-08 13:11:00,6975,6975,6975,6975,0
2022-04-08 13:12:00,6975,6975,6975,6975,0
2022-04-08 13:13:00,6975,6975,6975,6975,0
2022-04-08 13:14:00,6975,6975,6975,6975,0
2022-04-08 13:15:00,6975,6975,6975,6975,0
2022-04-08 13:16:00,6975,6975,6975,6975,0
2022-04-08 13:17:00,6975,6975,6975,6975,0
2022-04-08 13:18:00,6975,6975,6975,6975,0
2022-04-08 13:19:00,6975,6975,6975,6975,0
2022-04-08 13:20:00,6975,6975,6975,6975,0
2022-04-08 13:21:00,6975,6975,6975,6975,0
2022-04-08 13:22:00,6975,6975,6975,6975,0
2022-04-08 13:23:00,6975,6975,6975,6975,0
2022-04-08 13:24:00,6975,6975,6975,6975,0
2022-04-08 13:25:00,6975,6975,6975,6975,0
2022-04-08 13:26:00,6975,6975,6975,6975,0
2022-04-08 13:27:00,6975,6975,6975,6975,0
2022-04-08 13:28:00,6975,6975,6975,6975,0
2022-04-08 13:29:00,6975,6975,6975,6975,0
2022-04-08 13:30:00,7000,6975,7000,6975,2800
2022-04-08 13:31:00,6975,6975,7000,7000,30400
2022-04-08 13:32:00,7000,7000,7000,7000,53900
2022-04-08 13:33:00,7000,7000,7000,7000,1000
2022-04-08 13:34:00,7000,7000,7000,7000,50000
2022-04-08 13:35:00,7000,7000,7000,7000,2200
2022-04-08 13:36:00,7000,7000,7000,7000,4500
2022-04-08 13:37:00,7000,7000,7000,7000,23900
2022-04-08 13:38:00,7000,7000,7000,7000,0
2022-04-08 13:39:00,7000,7000,7000,7000,11900
2022-04-08 13:40:00,7000,7000,7000,7000,900
2022-04-08 13:41:00,7000,7000,7000,7000,11200
2022-04-08 13:42:00,7000,7000,7000,7000,4700
2022-04-08 13:43:00,7000,6975,7000,6975,4100
2022-04-08 13:44:00,7000,7000,7000,7000,11000
2022-04-08 13:45:00,7000,7000,7000,7000,2600
2022-04-08 13:46:00,7000,7000,7000,7000,6400
2022-04-08 13:47:00,7000,7000,7000,7000,0
2022-04-08 13:48:00,7000,7000,7000,7000,500
2022-04-08 13:49:00,7000,7000,7000,7000,0
2022-04-08 13:50:00,7000,7000,7000,7000,9600
2022-04-08 13:51:00,7000,7000,7000,7000,600
2022-04-08 13:52:00,7000,7000,7000,7000,0
2022-04-08 13:53:00,7000,7000,7000,7000,1940800
2022-04-08 13:54:00,7000,7000,7000,7000,200
2022-04-08 13:55:00,7000,7000,7025,7025,12300
2022-04-08 13:56:00,7025,7025,7025,7025,500
2022-04-08 13:57:00,7025,7000,7025,7000,4500
2022-04-08 13:58:00,7025,7000,7025,7000,0
2022-04-08 13:59:00,7025,7000,7025,7000,0
2022-04-08 14:00:00,7025,7000,7025,7000,0
2022-04-08 14:01:00,7025,7000,7025,7000,0
2022-04-08 14:02:00,7025,7025,7025,7025,1000
2022-04-08 14:03:00,7025,7025,7025,7025,500
2022-04-08 14:04:00,7000,7000,7025,7025,5900
2022-04-08 14:05:00,7000,7000,7025,7025,0
2022-04-08 14:06:00,7000,7000,7025,7025,0
2022-04-08 14:07:00,7000,7000,7025,7025,113200
2022-04-08 14:08:00,7025,7025,7025,7025,800
2022-04-08 14:09:00,7025,7025,7025,7025,11800
2022-04-08 14:10:00,7025,7025,7025,7025,5100
2022-04-08 14:11:00,7025,7025,7025,7025,3100
2022-04-08 14:12:00,7025,7025,7025,7025,28600
2022-04-08 14:13:00,7025,7025,7025,7025,11500
2022-04-08 14:14:00,7025,7000,7025,7000,13200
2022-04-08 14:15:00,7025,7025,7025,7025,1400
2022-04-08 14:16:00,7025,7025,7025,7025,1200
2022-04-08 14:17:00,7000,7000,7025,7025,2900
2022-04-08 14:18:00,7025,7000,7025,7025,24200
2022-04-08 14:19:00,7025,7025,7025,7025,100
2022-04-08 14:20:00,7025,7025,7025,7025,3500
2022-04-08 14:21:00,7025,7025,7025,7025,8200
2022-04-08 14:22:00,7025,7025,7025,7025,500
2022-04-08 14:23:00,7025,7025,7025,7025,29400
2022-04-08 14:24:00,7025,7025,7025,7025,1100
2022-04-08 14:25:00,7025,7025,7025,7025,0
2022-04-08 14:26:00,7025,7025,7025,7025,100
2022-04-08 14:27:00,7025,7025,7025,7025,0
2022-04-08 14:28:00,7000,7000,7025,7025,5900
2022-04-08 14:29:00,7000,7000,7000,7000,7000
2022-04-08 14:30:00,7025,7000,7025,7000,2000
2022-04-08 14:31:00,7000,7000,7000,7000,300
2022-04-08 14:32:00,7000,7000,7025,7025,1900
2022-04-08 14:33:00,7025,7025,7025,7025,2000
2022-04-08 14:34:00,7025,7025,7025,7025,1000
2022-04-08 14:35:00,7000,7000,7000,7000,700
2022-04-08 14:36:00,7000,7000,7025,7000,17700
2022-04-08 14:37:00,7025,7025,7025,7025,100
2022-04-08 14:38:00,7025,7025,7025,7025,0
2022-04-08 14:39:00,7000,7000,7000,7000,81100
2022-04-08 14:40:00,7000,7000,7000,7000,4900
2022-04-08 14:41:00,7000,7000,7025,7000,29100
2022-04-08 14:42:00,7000,7000,7025,7000,0
2022-04-08 14:43:00,7000,7000,7000,7000,200
2022-04-08 14:44:00,7025,7025,7025,7025,7600
2022-04-08 14:45:00,7000,7000,7025,7000,55500
2022-04-08 14:46:00,7000,7000,7025,7000,20100
2022-04-08 14:47:00,7000,7000,7000,7000,13100
2022-04-08 14:48:00,7000,7000,7000,7000,29800
2022-04-08 14:49:00,7000,7000,7000,7000,78100
2022-04-08 14:50:00,7000,7000,7000,7000,0
2022-04-08 14:51:00,7000,7000,7000,7000,0
2022-04-08 14:52:00,7000,7000,7000,7000,0
2022-04-08 14:53:00,7000,7000,7000,7000,0
2022-04-08 14:54:00,7000,7000,7000,7000,0
2022-04-08 14:55:00,7000,7000,7000,7000,0
2022-04-08 14:56:00,7000,7000,7000,7000,0
2022-04-08 14:57:00,7000,7000,7000,7000,0
2022-04-08 14:58:00,7000,7000,7000,7000,0
2022-04-08 14:59:00,7000,7000,7000,7000,0
2022-04-08 15:00:00,7025,7025,7025,7025,208800
2022-04-08 15:01:00,7025,7025,7025,7025,8100
2022-04-08 15:02:00,7025,7025,7025,7025,3700
2022-04-08 15:03:00,7025,7025,7025,7025,1600
2022-04-08 15:04:00,7025,7025,7025,7025,700
2022-04-08 15:05:00,7025,7025,7025,7025,12800
2022-04-08 15:06:00,7025,7025,7025,7025,200
2022-04-08 15:07:00,7025,7025,7025,7025,400
2022-04-08 15:08:00,7025,7025,7025,7025,10100
2022-04-08 15:09:00,7025,7025,7025,7025,0
2022-04-08 15:10:00,7025,7025,7025,7025,0
2022-04-08 15:11:00,7025,7025,7025,7025,0
2022-04-08 15:12:00,7025,7025,7025,7025,100
2022-04-08 15:13:00,7025,7025,7025,7025,500
2022-04-08 15:14:00,7025,7025,7025,7025,500
2022-04-08 15:15:00,7025,7025,7025,7025,0
2022-04-08 15:16:00,7025,7025,7025,7025,0
2022-04-08 15:17:00,7025,7025,7025,7025,0
2022-04-08 15:18:00,7025,7025,7025,7025,0
2022-04-08 15:19:00,7025,7025,7025,7025,0
2022-04-08 15:20:00,7025,7025,7025,7025,0
2022-04-08 15:21:00,7025,7025,7025,7025,0
2022-04-08 15:22:00,7025,7025,7025,7025,0
2022-04-08 15:23:00,7025,7025,7025,7025,0
2022-04-08 15:24:00,7025,7025,7025,7025,0
2022-04-08 15:25:00,7025,7025,7025,7025,0
2022-04-08 15:26:00,7025,7025,7025,7025,0
2022-04-08 15:27:00,7025,7025,7025,7025,0
2022-04-08 15:28:00,7025,7025,7025,7025,0
2022-04-08 15:29:00,7025,7025,7025,7025,0
2022-04-08 15:30:00,7025,7025,7025,7025,0
2022-04-08 15:31:00,7025,7025,7025,7025,0
2022-04-08 15:32:00,7025,7025,7025,7025,0
2022-04-08 15:33:00,7025,7025,7025,7025,0
2022-04-08 15:34:00,7025,7025,7025,7025,0
2022-04-08 15:35:00,7025,7025,7025,7025,0
2022-04-08 15:36:00,7025,7025,7025,7025,0
2022-04-08 15:37:00,7025,7025,7025,7025,0
2022-04-08 15:38:00,7025,7025,7025,7025,0
2022-04-08 15:39:00,7025,7025,7025,7025,0
2022-04-08 15:40:00,7025,7025,7025,7025,0
2022-04-08 15:41:00,7025,7025,7025,7025,0
2022-04-08 15:42:00,7025,7025,7025,7025,0
2022-04-08 15:43:00,7025,7025,7025,7025,0
2022-04-08 15:44:00,7025,7025,7025,7025,0
2022-04-08 15:45:00,7025,7025,7025,7025,0
2022-04-08 15:46:00,7025,7025,7025,7025,0
2022-04-08 15:47:00,7025,7025,7025,7025,0
2022-04-08 15:48:00,7025,7025,7025,7025,0
2022-04-08 15:49:00,7025,7025,7025,7025,0
2022-04-08 15:50:00,7025,7025,7025,7025,0
2022-04-08 15:51:00,7025,7025,7025,7025,0
2022-04-08 15:52:00,7025,7025,7025,7025,0
2022-04-08 15:53:00,7025,7025,7025,7025,0
2022-04-08 15:54:00,7025,7025,7025,7025,0
2022-04-08 15:55:00,7025,7025,7025,7025,0
2022-04-08 15:56:00,7025,7025,7025,7025,0
2022-04-08 15:57:00,7025,7025,7025,7025,0
2022-04-08 15:58:00,7025,7025,7025,7025,0
2022-04-08 15:59:00,7025,7025,7025,7025,0
2022-04-11 09:00:00,7100,7075,7100,7075,32300
2022-04-11 09:01:00,7075,7075,7100,7075,117500
2022-04-11 09:02:00,7050,7050,7075,7050,8200
2022-04-11 09:03:00,7050,7025,7050,7050,59700
2022-04-11 09:04:00,7025,7025,7050,7050,20800
2022-04-11 09:05:00,7050,7025,7050,7025,45100
2022-04-11 09:06:00,7050,7050,7050,7050,1900
2022-04-11 09:07:00,7025,7025,7050,7050,2400
2022-04-11 09:08:00,7050,7050,7050,7050,1500
2022-04-11 09:09:00,7050,7050,7050,7050,700
2022-04-11 09:10:00,7050,7050,7050,7050,20700
2022-04-11 09:11:00,7050,7050,7050,7050,8800
2022-04-11 09:12:00,7050,7050,7050,7050,110000
2022-04-11 09:13:00,7050,7025,7050,7025,8400
2022-04-11 09:14:00,7050,7050,7050,7050,2700
2022-04-11 09:15:00,7050,7025,7050,7050,4100
2022-04-11 09:16:00,7050,7025,7050,7025,1100
2022-04-11 09:17:00,7025,7025,7025,7025,5700
2022-04-11 09:18:00,7025,7025,7025,7025,3800
2022-04-11 09:19:00,7025,7025,7025,7025,7200
2022-04-11 09:20:00,7025,7025,7025,7025,29600
2022-04-11 09:21:00,7025,7025,7025,7025,300
2022-04-11 09:22:00,7025,7025,7025,7025,600
2022-04-11 09:23:00,7025,7025,7025,7025,2000
2022-04-11 09:24:00,7025,7025,7025,7025,1000
2022-04-11 09:25:00,7025,7025,7025,7025,2200
2022-04-11 09:26:00,7025,7025,7025,7025,500
2022-04-11 09:27:00,7025,7025,7050,7050,3000
2022-04-11 09:28:00,7025,7025,7025,7025,3300
2022-04-11 09:29:00,7025,7025,7025,7025,11200
2022-04-11 09:30:00,7025,7025,7025,7025,16800
2022-04-11 09:31:00,7025,7025,7025,7025,0
2022-04-11 09:32:00,7025,7000,7025,7025,6600
2022-04-11 09:33:00,7000,7000,7000,7000,3800
2022-04-11 09:34:00,7000,7000,7000,7000,700
2022-04-11 09:35:00,7000,7000,7000,7000,8700
2022-04-11 09:36:00,7000,7000,7000,7000,900
2022-04-11 09:37:00,7000,7000,7000,7000,10400
2022-04-11 09:38:00,7000,7000,7000,7000,1900
2022-04-11 09:39:00,7000,7000,7000,7000,61800
2022-04-11 09:40:00,7025,7000,7025,7000,5500
2022-04-11 09:41:00,7000,7000,7000,7000,32400
2022-04-11 09:42:00,7025,7025,7025,7025,900
2022-04-11 09:43:00,7025,7025,7025,7025,100
2022-04-11 09:44:00,7000,7000,7000,7000,2100
2022-04-11 09:45:00,7000,7000,7000,7000,0
2022-04-11 09:46:00,7000,7000,7000,7000,687000
2022-04-11 09:47:00,7000,7000,7000,7000,1500
2022-04-11 09:48:00,7000,7000,7000,7000,0
2022-04-11 09:49:00,7000,7000,7000,7000,42500
2022-04-11 09:50:00,7000,7000,7000,7000,900
2022-04-11 09:51:00,7000,7000,7000,7000,3000
2022-04-11 09:52:00,7025,7000,7025,7000,900
2022-04-11 09:53:00,7000,7000,7000,7000,3400
2022-04-11 09:54:00,7000,7000,7000,7000,300
2022-04-11 09:55:00,7025,7000,7025,7025,10800
2022-04-11 09:56:00,7000,7000,7025,7025,1200
2022-04-11 09:57:00,7025,7025,7025,7025,100
2022-04-11 09:58:00,7000,7000,7000,7000,5300
2022-04-11 09:59:00,7000,7000,7000,7000,1200
2022-04-11 10:00:00,7000,7000,7000,7000,6100
2022-04-11 10:01:00,7000,7000,7000,7000,400
2022-04-11 10:02:00,7000,7000,7000,7000,100
2022-04-11 10:03:00,7000,7000,7025,7025,1100
2022-04-11 10:04:00,7000,7000,7000,7000,1800
2022-04-11 10:05:00,7000,7000,7000,7000,2500
2022-04-11 10:06:00,7000,7000,7000,7000,1100
2022-04-11 10:07:00,7000,7000,7000,7000,7200
2022-04-11 10:08:00,7000,7000,7000,7000,0
2022-04-11 10:09:00,7025,7025,7050,7050,150000
2022-04-11 10:10:00,7050,7025,7050,7025,2600
2022-04-11 10:11:00,7025,7025,7025,7025,12800
2022-04-11 10:12:00,7025,7025,7025,7025,10000
2022-04-11 10:13:00,7000,7000,7000,7000,102400
2022-04-11 10:14:00,7000,7000,7000,7000,15400
2022-04-11 10:15:00,7000,7000,7000,7000,20000
2022-04-11 10:16:00,7000,7000,7000,7000,0
2022-04-11 10:17:00,7000,7000,7000,7000,300
2022-04-11 10:18:00,6975,6975,7000,7000,7700
2022-04-11 10:19:00,6975,6975,7000,7000,2800
2022-04-11 10:20:00,7000,7000,7000,7000,100
2022-04-11 10:21:00,6975,6975,6975,6975,100
2022-04-11 10:22:00,7000,7000,7000,7000,1000
2022-04-11 10:23:00,6975,6975,7000,6975,100900
2022-04-11 10:24:00,6975,6975,6975,6975,42700
2022-04-11 10:25:00,6975,6975,6975,6975,1600
2022-04-11 10:26:00,6975,6975,6975,6975,9000
2022-04-11 10:27:00,6975,6975,6975,6975,14400
2022-04-11 10:28:00,6975,6975,6975,6975,1000
2022-04-11 10:29:00,6975,6975,7000,7000,6700
2022-04-11 10:30:00,6975,6975,6975,6975,3100
2022-04-11 10:31:00,6975,6975,6975,6975,3300
2022-04-11 10:32:00,6975,6975,6975,6975,600
2022-04-11 10:33:00,6975,6975,6975,6975,0
2022-04-11 10:34:00,6975,6975,6975,6975,2000
2022-04-11 10:35:00,6975,6975,6975,6975,0
2022-04-11 10:36:00,6975,6975,6975,6975,500
2022-04-11 10:37:00,6975,6975,6975,6975,8700
2022-04-11 10:38:00,6975,6975,6975,6975,3900
2022-04-11 10:39:00,6975,6975,6975,6975,500
2022-04-11 10:40:00,6975,6975,6975,6975,10400
2022-04-11 10:41:00,6975,6975,6975,6975,0
2022-04-11 10:42:00,6975,6975,6975,6975,3000
2022-04-11 10:43:00,6975,6975,6975,6975,0
2022-04-11 10:44:00,6950,6950,6975,6975,1329400
2022-04-11 10:45:00,6975,6975,6975,6975,1000
2022-04-11 10:46:00,6950,6950,6950,6950,100
2022-04-11 10:47:00,6950,6950,6950,6950,0
2022-04-11 10:48:00,6975,6975,6975,6975,2100
2022-04-11 10:49:00,6975,6975,6975,6975,10000
2022-04-11 10:50:00,6975,6975,7000,6975,10800
2022-04-11 10:51:00,6975,6975,6975,6975,100
2022-04-11 10:52:00,7000,7000,7000,7000,100
2022-04-11 10:53:00,7000,7000,7000,7000,0
2022-04-11 10:54:00,6975,6975,6975,6975,900
2022-04-11 10:55:00,6975,6975,6975,6975,0
2022-04-11 10:56:00,6975,6975,6975,6975,1200
2022-04-11 10:57:00,6975,6975,6975,6975,900
2022-04-11 10:58:00,7000,6975,7000,6975,500
2022-04-11 10:59:00,6975,6975,6975,6975,1400
2022-04-11 11:00:00,6975,6975,7000,6975,7800
2022-04-11 11:01:00,6975,6975,6975,6975,6400
2022-04-11 11:02:00,6975,6950,6975,6950,5800
2022-04-11 11:03:00,6975,6950,6975,6950,2200
2022-04-11 11:04:00,6950,6950,6975,6975,600
2022-04-11 11:05:00,6950,6950,6950,6950,700
2022-04-11 11:06:00,6975,6950,6975,6950,1000
2022-04-11 11:07:00,6975,6975,6975,6975,400
2022-04-11 11:08:00,6975,6975,6975,6975,1000
2022-04-11 11:09:00,6975,6950,6975,6950,6300
2022-04-11 11:10:00,6950,6950,6950,6950,2900
2022-04-11 11:11:00,6950,6950,6950,6950,100
2022-04-11 11:12:00,6950,6950,6950,6950,900
2022-04-11 11:13:00,6950,6950,6950,6950,3000
2022-04-11 11:14:00,6950,6950,6950,6950,1700
2022-04-11 11:15:00,6975,6950,6975,6950,2500
2022-04-11 11:16:00,6975,6950,6975,6950,4200
2022-04-11 11:17:00,6975,6975,6975,6975,500
2022-04-11 11:18:00,6950,6950,6950,6950,3800
2022-04-11 11:19:00,6950,6950,6950,6950,0
2022-04-11 11:20:00,6950,6950,6950,6950,0
2022-04-11 11:21:00,6950,6950,6975,6975,16200
2022-04-11 11:22:00,6975,6975,6975,6975,2000
2022-04-11 11:23:00,6975,6950,6975,6950,3400
2022-04-11 11:24:00,6975,6950,6975,6975,2400
2022-04-11 11:25:00,6950,6950,6950,6950,1500
2022-04-11 11:26:00,6975,6975,6975,6975,1700
2022-04-11 11:27:00,6950,6950,6975,6950,5300
2022-04-11 11:28:00,6950,6950,6975,6950,4900
2022-04-11 11:29:00,6950,6950,6950,6950,1300
2022-04-11 11:30:00,6950,6950,6950,6950,0
2022-04-11 11:31:00,6950,6950,6950,6950,0
2022-04-11 11:32:00,6950,6950,6950,6950,0
2022-04-11 11:33:00,6950,6950,6950,6950,0
2022-04-11 11:34:00,6950,6950,6950,6950,0
2022-04-11 11:35:00,6950,6950,6950,6950,0
2022-04-11 11:36:00,6950,6950,6950,6950,0
2022-04-11 11:37:00,6950,6950,6950,6950,0
2022-04-11 11:38:00,6950,6950,6950,6950,0
2022-04-11 11:39:00,6950,6950,6950,6950,0
2022-04-11 11:40:00,6950,6950,6950,6950,0
2022-04-11 11:41:00,6950,6950,6950,6950,0
2022-04-11 11:42:00,6950,6950,6950,6950,0
2022-04-11 11:43:00,6950,6950,6950,6950,0
2022-04-11 11:44:00,6950,6950,6950,6950,0
2022-04-11 11:45:00,6950,6950,6950,6950,0
2022-04-11 11:46:00,6950,6950,6950,6950,0
2022-04-11 11:47:00,6950,6950,6950,6950,0
2022-04-11 11:48:00,6950,6950,6950,6950,0
2022-04-11 11:49:00,6950,6950,6950,6950,0
2022-04-11 11:50:00,6950,6950,6950,6950,0
2022-04-11 11:51:00,6950,6950,6950,6950,0
2022-04-11 11:52:00,6950,6950,6950,6950,0
2022-04-11 11:53:00,6950,6950,6950,6950,0
2022-04-11 11:54:00,6950,6950,6950,6950,0
2022-04-11 11:55:00,6950,6950,6950,6950,0
2022-04-11 11:56:00,6950,6950,6950,6950,0
2022-04-11 11:57:00,6950,6950,6950,6950,0
2022-04-11 11:58:00,6950,6950,6950,6950,0
2022-04-11 11:59:00,6950,6950,6950,6950,0
2022-04-11 12:00:00,6950,6950,6950,6950,0
2022-04-11 12:01:00,6950,6950,6950,6950,0
2022-04-11 12:02:00,6950,6950,6950,6950,0
2022-04-11 12:03:00,6950,6950,6950,6950,0
2022-04-11 12:04:00,6950,6950,6950,6950,0
2022-04-11 12:05:00,6950,6950,6950,6950,0
2022-04-11 12:06:00,6950,6950,6950,6950,0
2022-04-11 12:07:00,6950,6950,6950,6950,0
2022-04-11 12:08:00,6950,6950,6950,6950,0
2022-04-11 12:09:00,6950,6950,6950,6950,0
2022-04-11 12:10:00,6950,6950,6950,6950,0
2022-04-11 12:11:00,6950,6950,6950,6950,0
2022-04-11 12:12:00,6950,6950,6950,6950,0
2022-04-11 12:13:00,6950,6950,6950,6950,0
2022-04-11 12:14:00,6950,6950,6950,6950,0
2022-04-11 12:15:00,6950,6950,6950,6950,0
2022-04-11 12:16:00,6950,6950,6950,6950,0
2022-04-11 12:17:00,6950,6950,6950,6950,0
2022-04-11 12:18:00,6950,6950,6950,6950,0
2022-04-11 12:19:00,6950,6950,6950,6950,0
2022-04-11 12:20:00,6950,6950,6950,6950,0
2022-04-11 12:21:00,6950,6950,6950,6950,0
2022-04-11 12:22:00,6950,6950,6950,6950,0
2022-04-11 12:23:00,6950,6950,6950,6950,0
2022-04-11 12:24:00,6950,6950,6950,6950,0
2022-04-11 12:25:00,6950,6950,6950,6950,0
2022-04-11 12:26:00,6950,6950,6950,6950,0
2022-04-11 12:27:00,6950,6950,6950,6950,0
2022-04-11 12:28:00,6950,6950,6950,6950,0
2022-04-11 12:29:00,6950,6950,6950,6950,0
2022-04-11 12:30:00,6950,6950,6950,6950,0
2022-04-11 12:31:00,6950,6950,6950,6950,0
2022-04-11 12:32:00,6950,6950,6950,6950,0
2022-04-11 12:33:00,6950,6950,6950,6950,0
2022-04-11 12:34:00,6950,6950,6950,6950,0
2022-04-11 12:35:00,6950,6950,6950,6950,0
2022-04-11 12:36:00,6950,6950,6950,6950,0
2022-04-11 12:37:00,6950,6950,6950,6950,0
2022-04-11 12:38:00,6950,6950,6950,6950,0
2022-04-11 12:39:00,6950,6950,6950,6950,0
2022-04-11 12:40:00,6950,6950,6950,6950,0
2022-04-11 12:41:00,6950,6950,6950,6950,0
2022-04-11 12:42:00,6950,6950,6950,6950,0
2022-04-11 12:43:00,6950,6950,6950,6950,0
2022-04-11 12:44:00,6950,6950,6950,6950,0
2022-04-11 12:45:00,6950,6950,6950,6950,0
2022-04-11 12:46:00,6950,6950,6950,6950,0
2022-04-11 12:47:00,6950,6950,6950,6950,0
2022-04-11 12:48:00,6950,6950,6950,6950,0
2022-04-11 12:49:00,6950,6950,6950,6950,0
2022-04-11 12:50:00,6950,6950,6950,6950,0
2022-04-11 12:51:00,6950,6950,6950,6950,0
2022-04-11 12:52:00,6950,6950,6950,6950,0
2022-04-11 12:53:00,6950,6950,6950,6950,0
2022-04-11 12:54:00,6950,6950,6950,6950,0
2022-04-11 12:55:00,6950,6950,6950,6950,0
2022-04-11 12:56:00,6950,6950,6950,6950,0
2022-04-11 12:57:00,6950,6950,6950,6950,0
2022-04-11 12:58:00,6950,6950,6950,6950,0
2022-04-11 12:59:00,6950,6950,6950,6950,0
2022-04-11 13:00:00,6950,6950,6950,6950,0
2022-04-11 13:01:00,6950,6950,6950,6950,0
2022-04-11 13:02:00,6950,6950,6950,6950,0
2022-04-11 13:03:00,6950,6950,6950,6950,0
2022-04-11 13:04:00,6950,6950,6950,6950,0
2022-04-11 13:05:00,6950,6950,6950,6950,0
2022-04-11 13:06:00,6950,6950,6950,6950,0
2022-04-11 13:07:00,6950,6950,6950,6950,0
2022-04-11 13:08:00,6950,6950,6950,6950,0
2022-04-11 13:09:00,6950,6950,6950,6950,0
2022-04-11 13:10:00,6950,6950,6950,6950,0
2022-04-11 13:11:00,6950,6950,6950,6950,0
2022-04-11 13:12:00,6950,6950,6950,6950,0
2022-04-11 13:13:00,6950,6950,6950,6950,0
2022-04-11 13:14:00,6950,6950,6950,6950,0
2022-04-11 13:15:00,6950,6950,6950,6950,0
2022-04-11 13:16:00,6950,6950,6950,6950,0
2022-04-11 13:17:00,6950,6950,6950,6950,0
2022-04-11 13:18:00,6950,6950,6950,6950,0
2022-04-11 13:19:00,6950,6950,6950,6950,0
2022-04-11 13:20:00,6950,6950,6950,6950,0
2022-04-11 13:21:00,6950,6950,6950,6950,0
2022-04-11 13:22:00,6950,6950,6950,6950,0
2022-04-11 13:23:00,6950,6950,6950,6950,0
2022-04-11 13:24:00,6950,6950,6950,6950,0
2022-04-11 13:25:00,6950,6950,6950,6950,0
2022-04-11 13:26:00,6950,6950,6950,6950,0
2022-04-11 13:27:00,6950,6950,6950,6950,0
2022-04-11 13:28:00,6950,6950,6950,6950,0
2022-04-11 13:29:00,6950,6950,6950,6950,0
2022-04-11 13:30:00,6950,6950,6975,6950,14400
2022-04-11 13:31:00,6950,6950,6950,6950,3800
2022-04-11 13:32:00,6950,6950,6950,6950,1200
2022-04-11 13:33:00,6950,6950,6950,6950,3400
2022-04-11 13:34:00,6950,6950,6975,6975,1400
2022-04-11 13:35:00,6950,6950,6975,6975,0
2022-04-11 13:36:00,6950,6950,6950,6950,800
2022-04-11 13:37:00,6950,6950,6975,6975,12500
2022-04-11 13:38:00,6975,6975,6975,6975,300
2022-04-11 13:39:00,6975,6975,6975,6975,0
2022-04-11 13:40:00,6975,6975,6975,6975,0
2022-04-11 13:41:00,6950,6950,6975,6950,16100
2022-04-11 13:42:00,6950,6950,6975,6950,0
2022-04-11 13:43:00,6975,6975,6975,6975,2600
2022-04-11 13:44:00,6975,6950,6975,6950,1500
2022-04-11 13:45:00,6975,6975,6975,6975,100
2022-04-11 13:46:00,6950,6950,6975,6950,11700
2022-04-11 13:47:00,6950,6950,6950,6950,2700
2022-04-11 13:48:00,6950,6950,6950,6950,0
2022-04-11 13:49:00,6975,6975,6975,6975,700
2022-04-11 13:50:00,6975,6975,6975,6975,100
2022-04-11 13:51:00,6950,6950,6950,6950,102600
2022-04-11 13:52:00,6950,6950,6975,6975,2500
2022-04-11 13:53:00,6950,6950,6950,6950,15000
2022-04-11 13:54:00,6975,6950,6975,6950,63400
2022-04-11 13:55:00,6950,6950,6975,6950,54400
2022-04-11 13:56:00,6950,6950,6950,6950,12000
2022-04-11 13:57:00,6950,6950,6950,6950,2300
2022-04-11 13:58:00,6950,6950,6950,6950,11100
2022-04-11 13:59:00,6975,6950,6975,6950,1000
2022-04-11 14:00:00,6950,6950,6950,6950,318000
2022-04-11 14:01:00,6950,6950,6950,6950,17100
2022-04-11 14:02:00,6925,6925,6950,6950,14900
2022-04-11 14:03:00,6925,6925,6925,6925,14700
2022-04-11 14:04:00,6925,6925,6925,6925,8500
2022-04-11 14:05:00,6925,6925,6925,6925,1000
2022-04-11 14:06:00,6950,6925,6950,6950,6300
2022-04-11 14:07:00,6925,6925,6925,6925,103200
2022-04-11 14:08:00,6925,6900,6925,6900,118800
2022-04-11 14:09:00,6925,6900,6925,6900,5200
2022-04-11 14:10:00,6900,6900,6900,6900,7200
2022-04-11 14:11:00,6925,6925,6925,6925,2900
2022-04-11 14:12:00,6925,6925,6925,6925,5200
2022-04-11 14:13:00,6900,6900,6900,6900,1800
2022-04-11 14:14:00,6925,6900,6925,6925,2100
2022-04-11 14:15:00,6900,6900,6900,6900,10000
2022-04-11 14:16:00,6925,6900,6925,6900,1500
2022-04-11 14:17:00,6925,6900,6925,6925,1600
2022-04-11 14:18:00,6925,6925,6925,6925,52100
2022-04-11 14:19:00,6900,6900,6925,6900,48000
2022-04-11 14:20:00,6925,6925,6925,6925,11400
2022-04-11 14:21:00,6900,6900,6925,6925,15500
2022-04-11 14:22:00,6900,6900,6925,6900,700
2022-04-11 14:23:00,6925,6900,6925,6925,10900
2022-04-11 14:24:00,6900,6900,6925,6900,700
2022-04-11 14:25:00,6900,6900,6925,6900,3800
2022-04-11 14:26:00,6925,6925,6925,6925,3200
2022-04-11 14:27:00,6925,6925,6925,6925,200
2022-04-11 14:28:00,6900,6900,6900,6900,1600
2022-04-11 14:29:00,6900,6900,6900,6900,200
2022-04-11 14:30:00,6900,6900,6900,6900,15400
2022-04-11 14:31:00,6900,6900,6925,6925,5300
2022-04-11 14:32:00,6925,6925,6925,6925,1200
2022-04-11 14:33:00,6900,6900,6925,6900,2500
2022-04-11 14:34:00,6900,6900,6925,6900,9200
2022-04-11 14:35:00,6925,6900,6925,6900,9900
2022-04-11 14:36:00,6925,6900,6925,6900,7300
2022-04-11 14:37:00,6925,6900,6925,6900,1200
2022-04-11 14:38:00,6900,6900,6925,6925,1600
2022-04-11 14:39:00,6925,6900,6925,6900,5500
2022-04-11 14:40:00,6925,6900,6925,6925,23900
2022-04-11 14:41:00,6900,6900,6925,6900,9900
2022-04-11 14:42:00,6900,6900,6925,6900,30700
2022-04-11 14:43:00,6900,6900,6900,6900,44900
2022-04-11 14:44:00,6925,6900,6925,6900,12600
2022-04-11 14:45:00,6900,6900,6925,6925,40100
2022-04-11 14:46:00,6900,6900,6925,6900,41000
2022-04-11 14:47:00,6900,6900,6925,6900,14500
2022-04-11 14:48:00,6900,6900,6925,6900,54400
2022-04-11 14:49:00,6900,6900,6925,6900,157700
2022-04-11 14:50:00,6900,6900,6925,6900,0
2022-04-11 14:51:00,6900,6900,6925,6900,0
2022-04-11 14:52:00,6900,6900,6925,6900,0
2022-04-11 14:53:00,6900,6900,6925,6900,0
2022-04-11 14:54:00,6900,6900,6925,6900,0
2022-04-11 14:55:00,6900,6900,6925,6900,0
2022-04-11 14:56:00,6900,6900,6925,6900,0
2022-04-11 14:57:00,6900,6900,6925,6900,0
2022-04-11 14:58:00,6900,6900,6925,6900,0
2022-04-11 14:59:00,6900,6900,6925,6900,0
2022-04-11 15:00:00,6900,6900,6900,6900,181300
2022-04-11 15:01:00,6900,6900,6900,6900,3200
2022-04-11 15:02:00,6900,6900,6900,6900,8800
2022-04-11 15:03:00,6900,6900,6900,6900,0
2022-04-11 15:04:00,6900,6900,6900,6900,12800
2022-04-11 15:05:00,6900,6900,6900,6900,12000
2022-04-11 15:06:00,6900,6900,6900,6900,0
2022-04-11 15:07:00,6900,6900,6900,6900,2000
2022-04-11 15:08:00,6900,6900,6900,6900,1000
2022-04-11 15:09:00,6900,6900,6900,6900,4300
2022-04-11 15:10:00,6900,6900,6900,6900,0
2022-04-11 15:11:00,6900,6900,6900,6900,300
2022-04-11 15:12:00,6900,6900,6900,6900,0
2022-04-11 15:13:00,6900,6900,6900,6900,0
2022-04-11 15:14:00,6900,6900,6900,6900,0
2022-04-11 15:15:00,6900,6900,6900,6900,0
2022-04-11 15:16:00,6900,6900,6900,6900,0
2022-04-11 15:17:00,6900,6900,6900,6900,0
2022-04-11 15:18:00,6900,6900,6900,6900,0
2022-04-11 15:19:00,6900,6900,6900,6900,0
2022-04-11 15:20:00,6900,6900,6900,6900,0
2022-04-11 15:21:00,6900,6900,6900,6900,0
2022-04-11 15:22:00,6900,6900,6900,6900,0
2022-04-11 15:23:00,6900,6900,6900,6900,0
2022-04-11 15:24:00,6900,6900,6900,6900,0
2022-04-11 15:25:00,6900,6900,6900,6900,0
2022-04-11 15:26:00,6900,6900,6900,6900,0
2022-04-11 15:27:00,6900,6900,6900,6900,0
2022-04-11 15:28:00,6900,6900,6900,6900,0
2022-04-11 15:29:00,6900,6900,6900,6900,0
2022-04-11 15:30:00,6900,6900,6900,6900,0
2022-04-11 15:31:00,6900,6900,6900,6900,0
2022-04-11 15:32:00,6900,6900,6900,6900,0
2022-04-11 15:33:00,6900,6900,6900,6900,0
2022-04-11 15:34:00,6900,6900,6900,6900,0
2022-04-11 15:35:00,6900,6900,6900,6900,0
2022-04-11 15:36:00,6900,6900,6900,6900,0
2022-04-11 15:37:00,6900,6900,6900,6900,0
2022-04-11 15:38:00,6900,6900,6900,6900,0
2022-04-11 15:39:00,6900,6900,6900,6900,0
2022-04-11 15:40:00,6900,6900,6900,6900,0
2022-04-11 15:41:00,6900,6900,6900,6900,0
2022-04-11 15:42:00,6900,6900,6900,6900,0
2022-04-11 15:43:00,6900,6900,6900,6900,0
2022-04-11 15:44:00,6900,6900,6900,6900,0
2022-04-11 15:45:00,6900,6900,6900,6900,0
2022-04-11 15:46:00,6900,6900,6900,6900,0
2022-04-11 15:47:00,6900,6900,6900,6900,0
2022-04-11 15:48:00,6900,6900,6900,6900,0
2022-04-11 15:49:00,6900,6900,6900,6900,0
2022-04-11 15:50:00,6900,6900,6900,6900,0
2022-04-11 15:51:00,6900,6900,6900,6900,0
2022-04-11 15:52:00,6900,6900,6900,6900,0
2022-04-11 15:53:00,6900,6900,6900,6900,0
2022-04-11 15:54:00,6900,6900,6900,6900,0
2022-04-11 15:55:00,6900,6900,6900,6900,0
2022-04-11 15:56:00,6900,6900,6900,6900,0
2022-04-11 15:57:00,6900,6900,6900,6900,0
2022-04-11 15:58:00,6900,6900,6900,6900,0
2022-04-11 15:59:00,6900,6900,6900,6900,0
2022-04-12 09:00:00,6950,6950,6950,6950,1500
2022-04-12 09:01:00,6950,6950,6950,6950,3700
2022-04-12 09:02:00,6975,6975,6975,6975,5300
2022-04-12 09:03:00,6975,6975,7000,7000,11300
2022-04-12 09:04:00,7000,7000,7000,7000,61200
2022-04-12 09:05:00,6975,6975,7000,7000,11500
2022-04-12 09:06:00,7000,6975,7000,6975,4800
2022-04-12 09:07:00,7000,6975,7000,7000,16200
2022-04-12 09:08:00,7000,7000,7000,7000,6900
2022-04-12 09:09:00,7000,7000,7000,7000,1500
2022-04-12 09:10:00,7000,7000,7000,7000,1400
2022-04-12 09:11:00,7000,7000,7000,7000,36100
2022-04-12 09:12:00,7000,7000,7000,7000,1000
2022-04-12 09:13:00,7000,7000,7000,7000,900
2022-04-12 09:14:00,7000,6975,7000,6975,6600
2022-04-12 09:15:00,6975,6975,6975,6975,3100
2022-04-12 09:16:00,6975,6975,6975,6975,1700
2022-04-12 09:17:00,6975,6975,6975,6975,0
2022-04-12 09:18:00,6975,6975,6975,6975,0
2022-04-12 09:19:00,6975,6975,6975,6975,0
2022-04-12 09:20:00,6975,6975,6975,6975,0
2022-04-12 09:21:00,7000,7000,7000,7000,600
2022-04-12 09:22:00,7000,7000,7000,7000,600
2022-04-12 09:23:00,7000,7000,7000,7000,0
2022-04-12 09:24:00,6975,6975,7000,7000,8700
2022-04-12 09:25:00,6975,6975,6975,6975,33400
2022-04-12 09:26:00,6975,6975,7000,6975,7600
2022-04-12 09:27:00,6975,6975,6975,6975,7600
2022-04-12 09:28:00,6975,6975,6975,6975,0
2022-04-12 09:29:00,6975,6975,6975,6975,0
2022-04-12 09:30:00,6975,6975,6975,6975,5700
2022-04-12 09:31:00,6975,6975,6975,6975,32200
2022-04-12 09:32:00,6975,6975,7000,6975,2400
2022-04-12 09:33:00,6975,6975,6975,6975,52700
2022-04-12 09:34:00,6975,6950,6975,6950,5100
2022-04-12 09:35:00,6950,6950,6950,6950,800
2022-04-12 09:36:00,6950,6950,6975,6950,2800
2022-04-12 09:37:00,6950,6950,6950,6950,900
2022-04-12 09:38:00,6950,6950,6950,6950,0
2022-04-12 09:39:00,6950,6950,6950,6950,6400
2022-04-12 09:40:00,6950,6950,6950,6950,3100
2022-04-12 09:41:00,6950,6950,6950,6950,0
2022-04-12 09:42:00,6975,6950,6975,6950,700
2022-04-12 09:43:00,6975,6950,6975,6950,0
2022-04-12 09:44:00,6975,6950,6975,6950,13500
2022-04-12 09:45:00,6950,6950,6950,6950,100
2022-04-12 09:46:00,6975,6950,6975,6950,3800
2022-04-12 09:47:00,6950,6950,6975,6975,22300
2022-04-12 09:48:00,6975,6950,6975,6950,4700
2022-04-12 09:49:00,6975,6950,6975,6950,13600
2022-04-12 09:50:00,6975,6950,6975,6950,0
2022-04-12 09:51:00,6950,6950,6950,6950,51000
2022-04-12 09:52:00,6950,6950,6950,6950,14500
2022-04-12 09:53:00,6950,6950,6950,6950,1100
2022-04-12 09:54:00,6975,6975,6975,6975,200
2022-04-12 09:55:00,6975,6975,6975,6975,0
2022-04-12 09:56:00,6975,6975,6975,6975,600
2022-04-12 09:57:00,6950,6950,6950,6950,17600
2022-04-12 09:58:00,6950,6950,6950,6950,100
2022-04-12 09:59:00,6950,6950,6950,6950,200
2022-04-12 10:00:00,6950,6950,6950,6950,1100
2022-04-12 10:01:00,6950,6950,6950,6950,200
2022-04-12 10:02:00,6950,6950,6950,6950,600
2022-04-12 10:03:00,6950,6950,6950,6950,100
2022-04-12 10:04:00,6950,6950,6950,6950,200
2022-04-12 10:05:00,6950,6925,6950,6950,9500
2022-04-12 10:06:00,6950,6950,6950,6950,1400
2022-04-12 10:07:00,6950,6950,6950,6950,100
2022-04-12 10:08:00,6950,6925,6950,6925,2600
2022-04-12 10:09:00,6950,6950,6950,6950,1500
2022-04-12 10:10:00,6950,6925,6950,6925,700
2022-04-12 10:11:00,6950,6925,6950,6925,0
2022-04-12 10:12:00,6950,6925,6950,6950,3700
2022-04-12 10:13:00,6950,6950,6950,6950,2100
2022-04-12 10:14:00,6950,6950,6950,6950,500
2022-04-12 10:15:00,6950,6950,6950,6950,0
2022-04-12 10:16:00,6950,6950,6950,6950,0
2022-04-12 10:17:00,6950,6950,6950,6950,500
2022-04-12 10:18:00,6950,6950,6950,6950,4000
2022-04-12 10:19:00,6950,6950,6950,6950,7200
2022-04-12 10:20:00,6950,6950,6950,6950,10200
2022-04-12 10:21:00,6950,6950,6950,6950,5100
2022-04-12 10:22:00,6925,6925,6950,6950,4900
2022-04-12 10:23:00,6925,6925,6925,6925,500
2022-04-12 10:24:00,6925,6925,6925,6925,2000
2022-04-12 10:25:00,6950,6950,6950,6950,600
2022-04-12 10:26:00,6950,6950,6950,6950,900
2022-04-12 10:27:00,6950,6950,6950,6950,100
2022-04-12 10:28:00,6950,6950,6950,6950,5500
2022-04-12 10:29:00,6950,6950,6950,6950,200
2022-04-12 10:30:00,6950,6950,6950,6950,0
2022-04-12 10:31:00,6950,6925,6950,6925,6600
2022-04-12 10:32:00,6925,6925,6925,6925,500
2022-04-12 10:33:00,6925,6925,6925,6925,12500
2022-04-12 10:34:00,6925,6925,6925,6925,500
2022-04-12 10:35:00,6925,6925,6925,6925,100
2022-04-12 10:36:00,6950,6925,6950,6925,800
2022-04-12 10:37:00,6950,6950,6950,6950,100
2022-04-12 10:38:00,6950,6925,6950,6925,600
2022-04-12 10:39:00,6950,6950,6950,6950,1000
2022-04-12 10:40:00,6925,6925,6925,6925,400
2022-04-12 10:41:00,6925,6925,6925,6925,13700
2022-04-12 10:42:00,6925,6925,6925,6925,0
2022-04-12 10:43:00,6925,6925,6925,6925,1100
2022-04-12 10:44:00,6925,6925,6950,6925,1200
2022-04-12 10:45:00,6925,6925,6925,6925,800
2022-04-12 10:46:00,6925,6925,6925,6925,0
2022-04-12 10:47:00,6925,6925,6925,6925,2400
2022-04-12 10:48:00,6925,6925,6925,6925,4700
2022-04-12 10:49:00,6950,6950,6950,6950,100
2022-04-12 10:50:00,6925,6925,6950,6950,4600
2022-04-12 10:51:00,6925,6925,6950,6950,0
2022-04-12 10:52:00,6925,6925,6950,6925,1900
2022-04-12 10:53:00,6925,6925,6950,6925,4200
2022-04-12 10:54:00,6925,6925,6950,6950,900
2022-04-12 10:55:00,6925,6925,6925,6925,2000
2022-04-12 10:56:00,6925,6925,6925,6925,500
2022-04-12 10:57:00,6925,6925,6925,6925,1200
2022-04-12 10:58:00,6925,6925,6925,6925,2000
2022-04-12 10:59:00,6925,6925,6925,6925,1300
2022-04-12 11:00:00,6925,6925,6925,6925,1200
2022-04-12 11:01:00,6925,6925,6925,6925,200
2022-04-12 11:02:00,6950,6925,6950,6925,1000
2022-04-12 11:03:00,6925,6925,6925,6925,2500
2022-04-12 11:04:00,6925,6925,6925,6925,127300
2022-04-12 11:05:00,6925,6925,6950,6925,53100
2022-04-12 11:06:00,6925,6925,6925,6925,5300
2022-04-12 11:07:00,6925,6925,6925,6925,300
2022-04-12 11:08:00,6925,6900,6925,6900,36300
2022-04-12 11:09:00,6900,6900,6900,6900,600
2022-04-12 11:10:00,6900,6900,6925,6925,1900
2022-04-12 11:11:00,6925,6900,6925,6900,400
2022-04-12 11:12:00,6925,6900,6925,6900,600
2022-04-12 11:13:00,6900,6900,6900,6900,700
2022-04-12 11:14:00,6900,6900,6900,6900,200
2022-04-12 11:15:00,6900,6900,6925,6925,900
2022-04-12 11:16:00,6925,6925,6925,6925,4200
2022-04-12 11:17:00,6900,6900,6925,6925,500
2022-04-12 11:18:00,6925,6925,6925,6925,2000
2022-04-12 11:19:00,6925,6900,6925,6900,1100
2022-04-12 11:20:00,6900,6900,6900,6900,200
2022-04-12 11:21:00,6900,6900,6900,6900,0
2022-04-12 11:22:00,6925,6925,6925,6925,100
2022-04-12 11:23:00,6925,6925,6925,6925,0
2022-04-12 11:24:00,6900,6900,6900,6900,162300
2022-04-12 11:25:00,6900,6900,6900,6900,90300
2022-04-12 11:26:00,6900,6900,6925,6925,400
2022-04-12 11:27:00,6900,6900,6900,6900,300
2022-04-12 11:28:00,6925,6900,6925,6925,2500
2022-04-12 11:29:00,6900,6900,6900,6900,0
2022-04-12 11:30:00,6900,6900,6900,6900,1120600
2022-04-12 11:31:00,6900,6900,6900,6900,0
2022-04-12 11:32:00,6900,6900,6900,6900,0
2022-04-12 11:33:00,6900,6900,6900,6900,0
2022-04-12 11:34:00,6900,6900,6900,6900,0
2022-04-12 11:35:00,6900,6900,6900,6900,0
2022-04-12 11:36:00,6900,6900,6900,6900,0
2022-04-12 11:37:00,6900,6900,6900,6900,0
2022-04-12 11:38:00,6900,6900,6900,6900,0
2022-04-12 11:39:00,6900,6900,6900,6900,0
2022-04-12 11:40:00,6900,6900,6900,6900,0
2022-04-12 11:41:00,6900,6900,6900,6900,0
2022-04-12 11:42:00,6900,6900,6900,6900,0
2022-04-12 11:43:00,6900,6900,6900,6900,0
2022-04-12 11:44:00,6900,6900,6900,6900,0
2022-04-12 11:45:00,6900,6900,6900,6900,0
2022-04-12 11:46:00,6900,6900,6900,6900,0
2022-04-12 11:47:00,6900,6900,6900,6900,0
2022-04-12 11:48:00,6900,6900,6900,6900,0
2022-04-12 11:49:00,6900,6900,6900,6900,0
2022-04-12 11:50:00,6900,6900,6900,6900,0
2022-04-12 11:51:00,6900,6900,6900,6900,0
2022-04-12 11:52:00,6900,6900,6900,6900,0
2022-04-12 11:53:00,6900,6900,6900,6900,0
2022-04-12 11:54:00,6900,6900,6900,6900,0
2022-04-12 11:55:00,6900,6900,6900,6900,0
2022-04-12 11:56:00,6900,6900,6900,6900,0
2022-04-12 11:57:00,6900,6900,6900,6900,0
2022-04-12 11:58:00,6900,6900,6900,6900,0
2022-04-12 11:59:00,6900,6900,6900,6900,0
2022-04-12 12:00:00,6900,6900,6900,6900,0
2022-04-12 12:01:00,6900,6900,6900,6900,0
2022-04-12 12:02:00,6900,6900,6900,6900,0
2022-04-12 12:03:00,6900,6900,6900,6900,0
2022-04-12 12:04:00,6900,6900,6900,6900,0
2022-04-12 12:05:00,6900,6900,6900,6900,0
2022-04-12 12:06:00,6900,6900,6900,6900,0
2022-04-12 12:07:00,6900,6900,6900,6900,0
2022-04-12 12:08:00,6900,6900,6900,6900,0
2022-04-12 12:09:00,6900,6900,6900,6900,0
2022-04-12 12:10:00,6900,6900,6900,6900,0
2022-04-12 12:11:00,6900,6900,6900,6900,0
2022-04-12 12:12:00,6900,6900,6900,6900,0
2022-04-12 12:13:00,6900,6900,6900,6900,0
2022-04-12 12:14:00,6900,6900,6900,6900,0
2022-04-12 12:15:00,6900,6900,6900,6900,0
2022-04-12 12:16:00,6900,6900,6900,6900,0
2022-04-12 12:17:00,6900,6900,6900,6900,0
2022-04-12 12:18:00,6900,6900,6900,6900,0
2022-04-12 12:19:00,6900,6900,6900,6900,0
2022-04-12 12:20:00,6900,6900,6900,6900,0
2022-04-12 12:21:00,6900,6900,6900,6900,0
2022-04-12 12:22:00,6900,6900,6900,6900,0
2022-04-12 12:23:00,6900,6900,6900,6900,0
2022-04-12 12:24:00,6900,6900,6900,6900,0
2022-04-12 12:25:00,6900,6900,6900,6900,0
2022-04-12 12:26:00,6900,6900,6900,6900,0
2022-04-12 12:27:00,6900,6900,6900,6900,0
2022-04-12 12:28:00,6900,6900,6900,6900,0
2022-04-12 12:29:00,6900,6900,6900,6900,0
2022-04-12 12:30:00,6900,6900,6900,6900,0
2022-04-12 12:31:00,6900,6900,6900,6900,0
2022-04-12 12:32:00,6900,6900,6900,6900,0
2022-04-12 12:33:00,6900,6900,6900,6900,0
2022-04-12 12:34:00,6900,6900,6900,6900,0
2022-04-12 12:35:00,6900,6900,6900,6900,0
2022-04-12 12:36:00,6900,6900,6900,6900,0
2022-04-12 12:37:00,6900,6900,6900,6900,0
2022-04-12 12:38:00,6900,6900,6900,6900,0
2022-04-12 12:39:00,6900,6900,6900,6900,0
2022-04-12 12:40:00,6900,6900,6900,6900,0
2022-04-12 12:41:00,6900,6900,6900,6900,0
2022-04-12 12:42:00,6900,6900,6900,6900,0
2022-04-12 12:43:00,6900,6900,6900,6900,0
2022-04-12 12:44:00,6900,6900,6900,6900,0
2022-04-12 12:45:00,6900,6900,6900,6900,0
2022-04-12 12:46:00,6900,6900,6900,6900,0
2022-04-12 12:47:00,6900,6900,6900,6900,0
2022-04-12 12:48:00,6900,6900,6900,6900,0
2022-04-12 12:49:00,6900,6900,6900,6900,0
2022-04-12 12:50:00,6900,6900,6900,6900,0
2022-04-12 12:51:00,6900,6900,6900,6900,0
2022-04-12 12:52:00,6900,6900,6900,6900,0
2022-04-12 12:53:00,6900,6900,6900,6900,0
2022-04-12 12:54:00,6900,6900,6900,6900,0
2022-04-12 12:55:00,6900,6900,6900,6900,0
2022-04-12 12:56:00,6900,6900,6900,6900,0
2022-04-12 12:57:00,6900,6900,6900,6900,0
2022-04-12 12:58:00,6900,6900,6900,6900,0
2022-04-12 12:59:00,6900,6900,6900,6900,0
2022-04-12 13:00:00,6900,6900,6900,6900,0
2022-04-12 13:01:00,6900,6900,6900,6900,0
2022-04-12 13:02:00,6900,6900,6900,6900,0
2022-04-12 13:03:00,6900,6900,6900,6900,0
2022-04-12 13:04:00,6900,6900,6900,6900,0
2022-04-12 13:05:00,6900,6900,6900,6900,0
2022-04-12 13:06:00,6900,6900,6900,6900,0
2022-04-12 13:07:00,6900,6900,6900,6900,0
2022-04-12 13:08:00,6900,6900,6900,6900,0
2022-04-12 13:09:00,6900,6900,6900,6900,0
2022-04-12 13:10:00,6900,6900,6900,6900,0
2022-04-12 13:11:00,6900,6900,6900,6900,0
2022-04-12 13:12:00,6900,6900,6900,6900,0
2022-04-12 13:13:00,6900,6900,6900,6900,0
2022-04-12 13:14:00,6900,6900,6900,6900,0
2022-04-12 13:15:00,6900,6900,6900,6900,0
2022-04-12 13:16:00,6900,6900,6900,6900,0
2022-04-12 13:17:00,6900,6900,6900,6900,0
2022-04-12 13:18:00,6900,6900,6900,6900,0
2022-04-12 13:19:00,6900,6900,6900,6900,0
2022-04-12 13:20:00,6900,6900,6900,6900,0
2022-04-12 13:21:00,6900,6900,6900,6900,0
2022-04-12 13:22:00,6900,6900,6900,6900,0
2022-04-12 13:23:00,6900,6900,6900,6900,0
2022-04-12 13:24:00,6900,6900,6900,6900,0
2022-04-12 13:25:00,6900,6900,6900,6900,0
2022-04-12 13:26:00,6900,6900,6900,6900,0
2022-04-12 13:27:00,6900,6900,6900,6900,0
2022-04-12 13:28:00,6900,6900,6900,6900,0
2022-04-12 13:29:00,6900,6900,6900,6900,0
2022-04-12 13:30:00,6900,6900,6925,6900,5900
2022-04-12 13:31:00,6900,6900,6900,6900,100
2022-04-12 13:32:00,6900,6900,6900,6900,2100
2022-04-12 13:33:00,6900,6900,6900,6900,2100
2022-04-12 13:34:00,6900,6900,6900,6900,0
2022-04-12 13:35:00,6900,6900,6900,6900,2600
2022-04-12 13:36:00,6900,6900,6900,6900,2200
2022-04-12 13:37:00,6900,6900,6925,6925,3100
2022-04-12 13:38:00,6925,6900,6925,6900,12100
2022-04-12 13:39:00,6925,6925,6925,6925,100
2022-04-12 13:40:00,6925,6900,6925,6925,10000
2022-04-12 13:41:00,6925,6900,6925,6925,0
2022-04-12 13:42:00,6925,6900,6925,6925,1500
2022-04-12 13:43:00,6900,6900,6925,6925,1600
2022-04-12 13:44:00,6925,6900,6925,6900,1200
2022-04-12 13:45:00,6900,6900,6900,6900,300
2022-04-12 13:46:00,6925,6925,6925,6925,900
2022-04-12 13:47:00,6925,6925,6925,6925,0
2022-04-12 13:48:00,6900,6900,6900,6900,1400
2022-04-12 13:49:00,6900,6900,6900,6900,1100
2022-04-12 13:50:00,6900,6900,6900,6900,2900
2022-04-12 13:51:00,6900,6900,6900,6900,1900
2022-04-12 13:52:00,6900,6900,6925,6925,3300
2022-04-12 13:53:00,6925,6925,6925,6925,100
2022-04-12 13:54:00,6925,6900,6925,6900,1100
2022-04-12 13:55:00,6900,6900,6900,6900,500
2022-04-12 13:56:00,6925,6900,6925,6900,17500
2022-04-12 13:57:00,6900,6900,6900,6900,400
2022-04-12 13:58:00,6900,6900,6900,6900,0
2022-04-12 13:59:00,6900,6900,6900,6900,0
2022-04-12 14:00:00,6900,6900,6900,6900,1600
2022-04-12 14:01:00,6925,6925,6925,6925,1400
2022-04-12 14:02:00,6900,6900,6925,6925,2600
2022-04-12 14:03:00,6925,6900,6925,6900,12800
2022-04-12 14:04:00,6900,6900,6925,6925,9800
2022-04-12 14:05:00,6900,6900,6925,6925,2200
2022-04-12 14:06:00,6900,6900,6925,6925,0
2022-04-12 14:07:00,6900,6900,6900,6900,2400
2022-04-12 14:08:00,6900,6900,6900,6900,1200
2022-04-12 14:09:00,6900,6900,6900,6900,5300
2022-04-12 14:10:00,6925,6900,6925,6900,2200
2022-04-12 14:11:00,6900,6900,6900,6900,31700
2022-04-12 14:12:00,6900,6900,6900,6900,1700
2022-04-12 14:13:00,6900,6900,6900,6900,4800
2022-04-12 14:14:00,6900,6900,6900,6900,0
2022-04-12 14:15:00,6925,6900,6925,6900,2100
2022-04-12 14:16:00,6900,6900,6900,6900,2200
2022-04-12 14:17:00,6925,6925,6925,6925,200
2022-04-12 14:18:00,6925,6900,6925,6900,2300
2022-04-12 14:19:00,6925,6900,6925,6900,10800
2022-04-12 14:20:00,6900,6900,6900,6900,1800
2022-04-12 14:21:00,6925,6925,6925,6925,1800
2022-04-12 14:22:00,6925,6925,6925,6925,100
2022-04-12 14:23:00,6925,6925,6925,6925,1400
2022-04-12 14:24:00,6925,6900,6925,6900,6300
2022-04-12 14:25:00,6925,6900,6925,6900,1300
2022-04-12 14:26:00,6925,6900,6925,6900,0
2022-04-12 14:27:00,6900,6900,6925,6925,15500
2022-04-12 14:28:00,6925,6900,6925,6900,1600
2022-04-12 14:29:00,6925,6900,6925,6925,191800
2022-04-12 14:30:00,6925,6925,6925,6925,4700
2022-04-12 14:31:00,6925,6925,6925,6925,100
2022-04-12 14:32:00,6925,6925,6925,6925,1200
2022-04-12 14:33:00,6925,6925,6925,6925,500
2022-04-12 14:34:00,6925,6925,6925,6925,100
2022-04-12 14:35:00,6925,6925,6925,6925,300
2022-04-12 14:36:00,6900,6900,6900,6900,4100
2022-04-12 14:37:00,6900,6900,6925,6925,2900
2022-04-12 14:38:00,6925,6925,6925,6925,4300
2022-04-12 14:39:00,6925,6900,6925,6925,5500
2022-04-12 14:40:00,6925,6925,6925,6925,2900
2022-04-12 14:41:00,6925,6925,6925,6925,700
2022-04-12 14:42:00,6900,6900,6900,6900,100
2022-04-12 14:43:00,6925,6925,6925,6925,1100
2022-04-12 14:44:00,6925,6900,6925,6900,5300
2022-04-12 14:45:00,6900,6900,6900,6900,221700
2022-04-12 14:46:00,6900,6900,6900,6900,11300
2022-04-12 14:47:00,6900,6900,6925,6900,20800
2022-04-12 14:48:00,6925,6900,6925,6900,13800
2022-04-12 14:49:00,6925,6900,6925,6900,18600
2022-04-12 14:50:00,6900,6900,6900,6900,300
2022-04-12 14:51:00,6900,6900,6900,6900,0
2022-04-12 14:52:00,6900,6900,6900,6900,0
2022-04-12 14:53:00,6900,6900,6900,6900,0
2022-04-12 14:54:00,6900,6900,6900,6900,0
2022-04-12 14:55:00,6900,6900,6900,6900,0
2022-04-12 14:56:00,6900,6900,6900,6900,0
2022-04-12 14:57:00,6900,6900,6900,6900,0
2022-04-12 14:58:00,6900,6900,6900,6900,0
2022-04-12 14:59:00,6900,6900,6900,6900,0
2022-04-12 15:00:00,6900,6900,6900,6900,73400
2022-04-12 15:01:00,6900,6900,6900,6900,11700
2022-04-12 15:02:00,6900,6900,6900,6900,2100
2022-04-12 15:03:00,6900,6900,6900,6900,0
2022-04-12 15:04:00,6900,6900,6900,6900,100
2022-04-12 15:05:00,6900,6900,6900,6900,0
2022-04-12 15:06:00,6900,6900,6900,6900,0
2022-04-12 15:07:00,6900,6900,6900,6900,1100
2022-04-12 15:08:00,6900,6900,6900,6900,0
2022-04-12 15:09:00,6900,6900,6900,6900,0
2022-04-12 15:10:00,6900,6900,6900,6900,0
2022-04-12 15:11:00,6900,6900,6900,6900,100
2022-04-12 15:12:00,6900,6900,6900,6900,0
2022-04-12 15:13:00,6900,6900,6900,6900,0
2022-04-12 15:14:00,6900,6900,6900,6900,1925000
2022-04-12 15:15:00,6900,6900,6900,6900,0
2022-04-12 15:16:00,6900,6900,6900,6900,0
2022-04-12 15:17:00,6900,6900,6900,6900,0
2022-04-12 15:18:00,6900,6900,6900,6900,0
2022-04-12 15:19:00,6900,6900,6900,6900,0
2022-04-12 15:20:00,6900,6900,6900,6900,0
2022-04-12 15:21:00,6900,6900,6900,6900,0
2022-04-12 15:22:00,6900,6900,6900,6900,0
2022-04-12 15:23:00,6900,6900,6900,6900,0
2022-04-12 15:24:00,6900,6900,6900,6900,0
2022-04-12 15:25:00,6900,6900,6900,6900,0
2022-04-12 15:26:00,6900,6900,6900,6900,0
2022-04-12 15:27:00,6900,6900,6900,6900,0
2022-04-12 15:28:00,6900,6900,6900,6900,0
2022-04-12 15:29:00,6900,6900,6900,6900,0
2022-04-12 15:30:00,6900,6900,6900,6900,0
2022-04-12 15:31:00,6900,6900,6900,6900,0
2022-04-12 15:32:00,6900,6900,6900,6900,0
2022-04-12 15:33:00,6900,6900,6900,6900,0
2022-04-12 15:34:00,6900,6900,6900,6900,0
2022-04-12 15:35:00,6900,6900,6900,6900,0
2022-04-12 15:36:00,6900,6900,6900,6900,0
2022-04-12 15:37:00,6900,6900,6900,6900,0
2022-04-12 15:38:00,6900,6900,6900,6900,0
2022-04-12 15:39:00,6900,6900,6900,6900,0
2022-04-12 15:40:00,6900,6900,6900,6900,0
2022-04-12 15:41:00,6900,6900,6900,6900,0
2022-04-12 15:42:00,6900,6900,6900,6900,0
2022-04-12 15:43:00,6900,6900,6900,6900,0
2022-04-12 15:44:00,6900,6900,6900,6900,0
2022-04-12 15:45:00,6900,6900,6900,6900,0
2022-04-12 15:46:00,6900,6900,6900,6900,0
2022-04-12 15:47:00,6900,6900,6900,6900,0
2022-04-12 15:48:00,6900,6900,6900,6900,0
2022-04-12 15:49:00,6900,6900,6900,6900,0
2022-04-12 15:50:00,6900,6900,6900,6900,0
2022-04-12 15:51:00,6900,6900,6900,6900,0
2022-04-12 15:52:00,6900,6900,6900,6900,0
2022-04-12 15:53:00,6900,6900,6900,6900,0
2022-04-12 15:54:00,6900,6900,6900,6900,0
2022-04-12 15:55:00,6900,6900,6900,6900,0
2022-04-12 15:56:00,6900,6900,6900,6900,0
2022-04-12 15:57:00,6900,6900,6900,6900,0
2022-04-12 15:58:00,6900,6900,6900,6900,0
2022-04-12 15:59:00,6900,6900,6900,6900,0
2022-04-13 09:00:00,6900,6900,6925,6925,700
2022-04-13 09:01:00,6925,6925,6925,6925,1800
2022-04-13 09:02:00,6925,6925,6925,6925,20200
2022-04-13 09:03:00,6925,6900,6925,6925,13200
2022-04-13 09:04:00,6925,6925,6925,6925,200
2022-04-13 09:05:00,6925,6925,6925,6925,200
2022-04-13 09:06:00,6925,6925,6925,6925,100
2022-04-13 09:07:00,6925,6925,6925,6925,100
2022-04-13 09:08:00,6925,6925,6925,6925,2200
2022-04-13 09:09:00,6925,6925,6925,6925,5800
2022-04-13 09:10:00,6900,6900,6925,6925,18800
2022-04-13 09:11:00,6925,6925,6925,6925,100
2022-04-13 09:12:00,6925,6925,6925,6925,10700
2022-04-13 09:13:00,6925,6925,6925,6925,2600
2022-04-13 09:14:00,6925,6925,6925,6925,1200
2022-04-13 09:15:00,6925,6925,6925,6925,800
2022-04-13 09:16:00,6900,6900,6900,6900,18300
2022-04-13 09:17:00,6900,6900,6900,6900,900
2022-04-13 09:18:00,6925,6900,6925,6900,1300
2022-04-13 09:19:00,6900,6900,6925,6925,2300
2022-04-13 09:20:00,6925,6925,6925,6925,300
2022-04-13 09:21:00,6900,6900,6925,6925,15100
2022-04-13 09:22:00,6900,6900,6925,6925,0
2022-04-13 09:23:00,6900,6900,6900,6900,500
2022-04-13 09:24:00,6925,6900,6925,6900,1300
2022-04-13 09:25:00,6900,6900,6925,6900,3500
2022-04-13 09:26:00,6900,6900,6900,6900,13000
2022-04-13 09:27:00,6900,6900,6925,6925,1200
2022-04-13 09:28:00,6900,6900,6925,6925,0
2022-04-13 09:29:00,6925,6925,6925,6925,900
2022-04-13 09:30:00,6900,6900,6925,6925,44700
2022-04-13 09:31:00,6900,6900,6900,6900,700
2022-04-13 09:32:00,6900,6900,6925,6925,3100
2022-04-13 09:33:00,6900,6900,6900,6900,1700
2022-04-13 09:34:00,6900,6900,6900,6900,0
2022-04-13 09:35:00,6900,6900,6900,6900,8100
2022-04-13 09:36:00,6900,6900,6925,6925,53400
2022-04-13 09:37:00,6925,6925,6950,6950,52700
2022-04-13 09:38:00,6925,6900,6950,6900,8100
2022-04-13 09:39:00,6950,6950,6950,6950,700
2022-04-13 09:40:00,6950,6950,6950,6950,0
2022-04-13 09:41:00,6925,6925,6925,6925,4800
2022-04-13 09:42:00,6925,6925,6925,6925,4000
2022-04-13 09:43:00,6950,6950,6950,6950,100
2022-04-13 09:44:00,6925,6925,6925,6925,3500
2022-04-13 09:45:00,6925,6925,6950,6925,3300
2022-04-13 09:46:00,6925,6925,6925,6925,600
2022-04-13 09:47:00,6925,6925,6925,6925,200
2022-04-13 09:48:00,6925,6925,6925,6925,0
2022-04-13 09:49:00,6925,6925,6950,6950,900
2022-04-13 09:50:00,6925,6925,6925,6925,9900
2022-04-13 09:51:00,6925,6925,6925,6925,0
2022-04-13 09:52:00,6950,6950,6950,6950,600
2022-04-13 09:53:00,6925,6925,6925,6925,600
2022-04-13 09:54:00,6925,6925,6925,6925,20000
2022-04-13 09:55:00,6925,6925,6925,6925,700
2022-04-13 09:56:00,6925,6925,6925,6925,5000
2022-04-13 09:57:00,6925,6925,6925,6925,5700
2022-04-13 09:58:00,6925,6925,6925,6925,0
2022-04-13 09:59:00,6925,6925,6925,6925,1400
2022-04-13 10:00:00,6950,6950,6950,6950,600
2022-04-13 10:01:00,6950,6950,6950,6950,0
2022-04-13 10:02:00,6925,6925,6925,6925,16500
2022-04-13 10:03:00,6925,6925,6925,6925,0
2022-04-13 10:04:00,6925,6925,6950,6950,10100
2022-04-13 10:05:00,6925,6925,6925,6925,17700
2022-04-13 10:06:00,6925,6925,6925,6925,17500
2022-04-13 10:07:00,6925,6925,6925,6925,0
2022-04-13 10:08:00,6925,6925,6925,6925,1000
2022-04-13 10:09:00,6925,6925,6925,6925,0
2022-04-13 10:10:00,6925,6925,6925,6925,3000
2022-04-13 10:11:00,6925,6925,6925,6925,100
2022-04-13 10:12:00,6925,6925,6925,6925,100
2022-04-13 10:13:00,6950,6925,6950,6950,300
2022-04-13 10:14:00,6950,6950,6950,6950,100
2022-04-13 10:15:00,6950,6950,6950,6950,0
2022-04-13 10:16:00,6950,6950,6950,6950,0
2022-04-13 10:17:00,6925,6925,6950,6950,300
2022-04-13 10:18:00,6925,6925,6950,6950,0
2022-04-13 10:19:00,6925,6925,6950,6950,0
2022-04-13 10:20:00,6925,6925,6950,6950,0
2022-04-13 10:21:00,6925,6925,6950,6925,5400
2022-04-13 10:22:00,6925,6925,6925,6925,700
2022-04-13 10:23:00,6950,6925,6950,6950,4300
2022-04-13 10:24:00,6950,6925,6950,6950,0
2022-04-13 10:25:00,6950,6950,6950,6950,5000
2022-04-13 10:26:00,6925,6925,6925,6925,1900
2022-04-13 10:27:00,6925,6925,6950,6950,5100
2022-04-13 10:28:00,6925,6925,6950,6950,0
2022-04-13 10:29:00,6950,6950,6950,6950,1000
2022-04-13 10:30:00,6950,6950,6950,6950,200
2022-04-13 10:31:00,6950,6950,6950,6950,0
2022-04-13 10:32:00,6950,6950,6950,6950,400
2022-04-13 10:33:00,6950,6950,6950,6950,400
2022-04-13 10:34:00,6950,6950,6950,6950,2500
2022-04-13 10:35:00,6950,6950,6950,6950,200
2022-04-13 10:36:00,6925,6925,6925,6925,7700
2022-04-13 10:37:00,6925,6925,6925,6925,0
2022-04-13 10:38:00,6925,6925,6925,6925,0
2022-04-13 10:39:00,6925,6925,6925,6925,10600
2022-04-13 10:40:00,6950,6950,6950,6950,900
2022-04-13 10:41:00,6950,6950,6950,6950,0
2022-04-13 10:42:00,6950,6950,6950,6950,800
2022-04-13 10:43:00,6950,6950,6950,6950,200
2022-04-13 10:44:00,6950,6925,6950,6925,1000
2022-04-13 10:45:00,6950,6925,6950,6925,0
2022-04-13 10:46:00,6925,6900,6925,6900,21200
2022-04-13 10:47:00,6900,6900,6900,6900,700
2022-04-13 10:48:00,6925,6925,6925,6925,300
2022-04-13 10:49:00,6925,6900,6925,6900,4500
2022-04-13 10:50:00,6925,6900,6925,6900,0
2022-04-13 10:51:00,6950,6950,6950,6950,300
2022-04-13 10:52:00,6950,6950,6950,6950,0
2022-04-13 10:53:00,6950,6950,6950,6950,0
2022-04-13 10:54:00,6950,6950,6950,6950,0
2022-04-13 10:55:00,6950,6950,6950,6950,300
2022-04-13 10:56:00,6925,6925,6925,6925,2100
2022-04-13 10:57:00,6925,6925,6925,6925,0
2022-04-13 10:58:00,6925,6925,6925,6925,1200
2022-04-13 10:59:00,6950,6925,6950,6925,700
2022-04-13 11:00:00,6925,6925,6925,6925,1600
2022-04-13 11:01:00,6925,6925,6925,6925,100
2022-04-13 11:02:00,6925,6925,6925,6925,3300
2022-04-13 11:03:00,6950,6950,6950,6950,700
2022-04-13 11:04:00,6950,6925,6950,6925,9700
2022-04-13 11:05:00,6950,6925,6950,6925,0
2022-04-13 11:06:00,6950,6925,6950,6925,0
2022-04-13 11:07:00,6950,6925,6950,6925,0
2022-04-13 11:08:00,6925,6925,6925,6925,1000
2022-04-13 11:09:00,6925,6925,6950,6925,4900
2022-04-13 11:10:00,6925,6925,6925,6925,200
2022-04-13 11:11:00,6925,6925,6925,6925,0
2022-04-13 11:12:00,6925,6925,6925,6925,0
2022-04-13 11:13:00,6950,6950,6950,6950,400
2022-04-13 11:14:00,6950,6950,6950,6950,0
2022-04-13 11:15:00,6950,6925,6950,6925,2300
2022-04-13 11:16:00,6950,6950,6950,6950,200
2022-04-13 11:17:00,6925,6925,6925,6925,4000
2022-04-13 11:18:00,6950,6950,6950,6950,200
2022-04-13 11:19:00,6950,6950,6950,6950,0
2022-04-13 11:20:00,6950,6950,6950,6950,200
2022-04-13 11:21:00,6950,6950,6950,6950,200
2022-04-13 11:22:00,6925,6925,6950,6950,2200
2022-04-13 11:23:00,6950,6950,6950,6950,100
2022-04-13 11:24:00,6950,6950,6950,6950,200
2022-04-13 11:25:00,6950,6950,6950,6950,1700
2022-04-13 11:26:00,6925,6925,6950,6950,1100
2022-04-13 11:27:00,6950,6950,6950,6950,200
2022-04-13 11:28:00,6925,6925,6925,6925,100
2022-04-13 11:29:00,6950,6950,6950,6950,1100
2022-04-13 11:30:00,6950,6950,6950,6950,200
2022-04-13 11:31:00,6950,6950,6950,6950,0
2022-04-13 11:32:00,6950,6950,6950,6950,0
2022-04-13 11:33:00,6950,6950,6950,6950,0
2022-04-13 11:34:00,6950,6950,6950,6950,0
2022-04-13 11:35:00,6950,6950,6950,6950,0
2022-04-13 11:36:00,6950,6950,6950,6950,0
2022-04-13 11:37:00,6950,6950,6950,6950,0
2022-04-13 11:38:00,6950,6950,6950,6950,0
2022-04-13 11:39:00,6950,6950,6950,6950,0
2022-04-13 11:40:00,6950,6950,6950,6950,0
2022-04-13 11:41:00,6950,6950,6950,6950,0
2022-04-13 11:42:00,6950,6950,6950,6950,0
2022-04-13 11:43:00,6950,6950,6950,6950,0
2022-04-13 11:44:00,6950,6950,6950,6950,0
2022-04-13 11:45:00,6950,6950,6950,6950,0
2022-04-13 11:46:00,6950,6950,6950,6950,0
2022-04-13 11:47:00,6950,6950,6950,6950,0
2022-04-13 11:48:00,6950,6950,6950,6950,0
2022-04-13 11:49:00,6950,6950,6950,6950,0
2022-04-13 11:50:00,6950,6950,6950,6950,0
2022-04-13 11:51:00,6950,6950,6950,6950,0
2022-04-13 11:52:00,6950,6950,6950,6950,0
2022-04-13 11:53:00,6950,6950,6950,6950,0
2022-04-13 11:54:00,6950,6950,6950,6950,0
2022-04-13 11:55:00,6950,6950,6950,6950,0
2022-04-13 11:56:00,6950,6950,6950,6950,0
2022-04-13 11:57:00,6950,6950,6950,6950,0
2022-04-13 11:58:00,6950,6950,6950,6950,0
2022-04-13 11:59:00,6950,6950,6950,6950,0
2022-04-13 12:00:00,6950,6950,6950,6950,0
2022-04-13 12:01:00,6950,6950,6950,6950,0
2022-04-13 12:02:00,6950,6950,6950,6950,0
2022-04-13 12:03:00,6950,6950,6950,6950,0
2022-04-13 12:04:00,6950,6950,6950,6950,0
2022-04-13 12:05:00,6950,6950,6950,6950,0
2022-04-13 12:06:00,6950,6950,6950,6950,0
2022-04-13 12:07:00,6950,6950,6950,6950,0
2022-04-13 12:08:00,6950,6950,6950,6950,0
2022-04-13 12:09:00,6950,6950,6950,6950,0
2022-04-13 12:10:00,6950,6950,6950,6950,0
2022-04-13 12:11:00,6950,6950,6950,6950,0
2022-04-13 12:12:00,6950,6950,6950,6950,0
2022-04-13 12:13:00,6950,6950,6950,6950,0
2022-04-13 12:14:00,6950,6950,6950,6950,0
2022-04-13 12:15:00,6950,6950,6950,6950,0
2022-04-13 12:16:00,6950,6950,6950,6950,0
2022-04-13 12:17:00,6950,6950,6950,6950,0
2022-04-13 12:18:00,6950,6950,6950,6950,0
2022-04-13 12:19:00,6950,6950,6950,6950,0
2022-04-13 12:20:00,6950,6950,6950,6950,0
2022-04-13 12:21:00,6950,6950,6950,6950,0
2022-04-13 12:22:00,6950,6950,6950,6950,0
2022-04-13 12:23:00,6950,6950,6950,6950,0
2022-04-13 12:24:00,6950,6950,6950,6950,0
2022-04-13 12:25:00,6950,6950,6950,6950,0
2022-04-13 12:26:00,6950,6950,6950,6950,0
2022-04-13 12:27:00,6950,6950,6950,6950,0
2022-04-13 12:28:00,6950,6950,6950,6950,0
2022-04-13 12:29:00,6950,6950,6950,6950,0
2022-04-13 12:30:00,6950,6950,6950,6950,0
2022-04-13 12:31:00,6950,6950,6950,6950,0
2022-04-13 12:32:00,6950,6950,6950,6950,0
2022-04-13 12:33:00,6950,6950,6950,6950,0
2022-04-13 12:34:00,6950,6950,6950,6950,0
2022-04-13 12:35:00,6950,6950,6950,6950,0
2022-04-13 12:36:00,6950,6950,6950,6950,0
2022-04-13 12:37:00,6950,6950,6950,6950,0
2022-04-13 12:38:00,6950,6950,6950,6950,0
2022-04-13 12:39:00,6950,6950,6950,6950,0
2022-04-13 12:40:00,6950,6950,6950,6950,0
2022-04-13 12:41:00,6950,6950,6950,6950,0
2022-04-13 12:42:00,6950,6950,6950,6950,0
2022-04-13 12:43:00,6950,6950,6950,6950,0
2022-04-13 12:44:00,6950,6950,6950,6950,0
2022-04-13 12:45:00,6950,6950,6950,6950,0
2022-04-13 12:46:00,6950,6950,6950,6950,0
2022-04-13 12:47:00,6950,6950,6950,6950,0
2022-04-13 12:48:00,6950,6950,6950,6950,0
2022-04-13 12:49:00,6950,6950,6950,6950,0
2022-04-13 12:50:00,6950,6950,6950,6950,0
2022-04-13 12:51:00,6950,6950,6950,6950,0
2022-04-13 12:52:00,6950,6950,6950,6950,0
2022-04-13 12:53:00,6950,6950,6950,6950,0
2022-04-13 12:54:00,6950,6950,6950,6950,0
2022-04-13 12:55:00,6950,6950,6950,6950,0
2022-04-13 12:56:00,6950,6950,6950,6950,0
2022-04-13 12:57:00,6950,6950,6950,6950,0
2022-04-13 12:58:00,6950,6950,6950,6950,0
2022-04-13 12:59:00,6950,6950,6950,6950,0
2022-04-13 13:00:00,6950,6950,6950,6950,0
2022-04-13 13:01:00,6950,6950,6950,6950,0
2022-04-13 13:02:00,6950,6950,6950,6950,0
2022-04-13 13:03:00,6950,6950,6950,6950,0
2022-04-13 13:04:00,6950,6950,6950,6950,0
2022-04-13 13:05:00,6950,6950,6950,6950,0
2022-04-13 13:06:00,6950,6950,6950,6950,0
2022-04-13 13:07:00,6950,6950,6950,6950,0
2022-04-13 13:08:00,6950,6950,6950,6950,0
2022-04-13 13:09:00,6950,6950,6950,6950,0
2022-04-13 13:10:00,6950,6950,6950,6950,0
2022-04-13 13:11:00,6950,6950,6950,6950,0
2022-04-13 13:12:00,6950,6950,6950,6950,0
2022-04-13 13:13:00,6950,6950,6950,6950,0
2022-04-13 13:14:00,6950,6950,6950,6950,0
2022-04-13 13:15:00,6950,6950,6950,6950,0
2022-04-13 13:16:00,6950,6950,6950,6950,0
2022-04-13 13:17:00,6950,6950,6950,6950,0
2022-04-13 13:18:00,6950,6950,6950,6950,0
2022-04-13 13:19:00,6950,6950,6950,6950,0
2022-04-13 13:20:00,6950,6950,6950,6950,0
2022-04-13 13:21:00,6950,6950,6950,6950,0
2022-04-13 13:22:00,6950,6950,6950,6950,0
2022-04-13 13:23:00,6950,6950,6950,6950,0
2022-04-13 13:24:00,6950,6950,6950,6950,0
2022-04-13 13:25:00,6950,6950,6950,6950,0
2022-04-13 13:26:00,6950,6950,6950,6950,0
2022-04-13 13:27:00,6950,6950,6950,6950,0
2022-04-13 13:28:00,6950,6950,6950,6950,0
2022-04-13 13:29:00,6950,6950,6950,6950,0
2022-04-13 13:30:00,6950,6925,6950,6925,72600
2022-04-13 13:31:00,6950,6925,6950,6925,0
2022-04-13 13:32:00,6950,6950,6950,6950,1500
2022-04-13 13:33:00,6925,6925,6925,6925,800
2022-04-13 13:34:00,6925,6925,6925,6925,3300
2022-04-13 13:35:00,6925,6925,6925,6925,700
2022-04-13 13:36:00,6925,6925,6925,6925,0
2022-04-13 13:37:00,6925,6925,6925,6925,0
2022-04-13 13:38:00,6925,6925,6925,6925,200
2022-04-13 13:39:00,6950,6925,6950,6925,2400
2022-04-13 13:40:00,6925,6925,6925,6925,1000
2022-04-13 13:41:00,6925,6925,6925,6925,800
2022-04-13 13:42:00,6925,6925,6925,6925,3400
2022-04-13 13:43:00,6925,6925,6950,6950,4200
2022-04-13 13:44:00,6950,6950,6950,6950,600
2022-04-13 13:45:00,6950,6950,6950,6950,10100
2022-04-13 13:46:00,6950,6950,6950,6950,0
2022-04-13 13:47:00,6950,6950,6950,6950,0
2022-04-13 13:48:00,6925,6925,6950,6950,6200
2022-04-13 13:49:00,6925,6925,6950,6950,0
2022-04-13 13:50:00,6925,6925,6950,6950,1500
2022-04-13 13:51:00,6925,6925,6950,6950,1000
2022-04-13 13:52:00,6950,6950,6950,6950,4300
2022-04-13 13:53:00,6950,6950,6950,6950,700
2022-04-13 13:54:00,6950,6925,6950,6925,4300
2022-04-13 13:55:00,6925,6925,6925,6925,1600
2022-04-13 13:56:00,6950,6925,6950,6925,500
2022-04-13 13:57:00,6925,6925,6925,6925,24100
2022-04-13 13:58:00,6925,6925,6925,6925,0
2022-04-13 13:59:00,6950,6925,6950,6925,800
2022-04-13 14:00:00,6950,6925,6950,6950,6500
2022-04-13 14:01:00,6950,6950,6950,6950,500
2022-04-13 14:02:00,6925,6925,6925,6925,800
2022-04-13 14:03:00,6950,6950,6950,6950,200
2022-04-13 14:04:00,6950,6950,6950,6950,2200
2022-04-13 14:05:00,6950,6950,6950,6950,1000
2022-04-13 14:06:00,6925,6925,6950,6950,4500
2022-04-13 14:07:00,6925,6925,6950,6950,0
2022-04-13 14:08:00,6950,6950,6950,6950,500
2022-04-13 14:09:00,6950,6950,6950,6950,100
2022-04-13 14:10:00,6925,6925,6925,6925,10100
2022-04-13 14:11:00,6925,6925,6925,6925,1900
2022-04-13 14:12:00,6925,6925,6925,6925,3800
2022-04-13 14:13:00,6925,6925,6925,6925,6000
2022-04-13 14:14:00,6925,6925,6925,6925,900
2022-04-13 14:15:00,6950,6950,6950,6950,700
2022-04-13 14:16:00,6950,6925,6950,6925,400
2022-04-13 14:17:00,6950,6925,6950,6925,0
2022-04-13 14:18:00,6925,6925,6925,6925,41300
2022-04-13 14:19:00,6925,6925,6925,6925,18200
2022-04-13 14:20:00,6925,6925,6925,6925,29600
2022-04-13 14:21:00,6925,6925,6925,6925,0
2022-04-13 14:22:00,6900,6900,6900,6900,1100
2022-04-13 14:23:00,6900,6900,6925,6925,6500
2022-04-13 14:24:00,6925,6900,6925,6900,5700
2022-04-13 14:25:00,6925,6925,6925,6925,1400
2022-04-13 14:26:00,6925,6900,6925,6900,8100
2022-04-13 14:27:00,6925,6900,6925,6925,9600
2022-04-13 14:28:00,6925,6925,6925,6925,3000
2022-04-13 14:29:00,6900,6900,6900,6900,5100
2022-04-13 14:30:00,6925,6925,6925,6925,1400
2022-04-13 14:31:00,6925,6900,6925,6900,18000
2022-04-13 14:32:00,6900,6900,6925,6925,30800
2022-04-13 14:33:00,6900,6900,6925,6925,3100
2022-04-13 14:34:00,6900,6900,6900,6900,900
2022-04-13 14:35:00,6925,6900,6925,6925,7000
2022-04-13 14:36:00,6900,6900,6900,6900,12700
2022-04-13 14:37:00,6925,6900,6925,6925,4100
2022-04-13 14:38:00,6925,6900,6925,6900,13400
2022-04-13 14:39:00,6925,6900,6925,6900,8000
2022-04-13 14:40:00,6900,6900,6900,6900,4200
2022-04-13 14:41:00,6900,6900,6925,6900,46800
2022-04-13 14:42:00,6925,6900,6925,6900,3500
2022-04-13 14:43:00,6925,6900,6925,6900,6000
2022-04-13 14:44:00,6925,6900,6925,6925,6700
2022-04-13 14:45:00,6925,6900,6925,6900,2500
2022-04-13 14:46:00,6900,6900,6900,6900,2500
2022-04-13 14:47:00,6900,6900,6925,6925,6600
2022-04-13 14:48:00,6900,6900,6925,6900,17700
2022-04-13 14:49:00,6925,6900,6925,6925,15000
2022-04-13 14:50:00,6925,6900,6925,6925,0
2022-04-13 14:51:00,6925,6900,6925,6925,0
2022-04-13 14:52:00,6925,6900,6925,6925,0
2022-04-13 14:53:00,6925,6900,6925,6925,0
2022-04-13 14:54:00,6925,6900,6925,6925,0
2022-04-13 14:55:00,6925,6900,6925,6925,0
2022-04-13 14:56:00,6925,6900,6925,6925,0
2022-04-13 14:57:00,6925,6900,6925,6925,0
2022-04-13 14:58:00,6925,6900,6925,6925,0
2022-04-13 14:59:00,6925,6900,6925,6925,0
2022-04-13 15:00:00,6925,6925,6925,6925,75000
2022-04-13 15:01:00,6925,6925,6925,6925,800
2022-04-13 15:02:00,6925,6925,6925,6925,600
2022-04-13 15:03:00,6925,6925,6925,6925,300
2022-04-13 15:04:00,6925,6925,6925,6925,19900
2022-04-13 15:05:00,6925,6925,6925,6925,400
2022-04-13 15:06:00,6925,6925,6925,6925,300
2022-04-13 15:07:00,6925,6925,6925,6925,3200
2022-04-13 15:08:00,6925,6925,6925,6925,0
2022-04-13 15:09:00,6925,6925,6925,6925,500
2022-04-13 15:10:00,6925,6925,6925,6925,200
2022-04-13 15:11:00,6925,6925,6925,6925,100
2022-04-13 15:12:00,6925,6925,6925,6925,5700
2022-04-13 15:13:00,6925,6925,6925,6925,0
2022-04-13 15:14:00,6925,6925,6925,6925,10500
2022-04-13 15:15:00,6925,6925,6925,6925,0
2022-04-13 15:16:00,6925,6925,6925,6925,0
2022-04-13 15:17:00,6925,6925,6925,6925,0
2022-04-13 15:18:00,6925,6925,6925,6925,0
2022-04-13 15:19:00,6925,6925,6925,6925,0
2022-04-13 15:20:00,6925,6925,6925,6925,0
2022-04-13 15:21:00,6925,6925,6925,6925,0
2022-04-13 15:22:00,6925,6925,6925,6925,0
2022-04-13 15:23:00,6925,6925,6925,6925,0
2022-04-13 15:24:00,6925,6925,6925,6925,0
2022-04-13 15:25:00,6925,6925,6925,6925,0
2022-04-13 15:26:00,6925,6925,6925,6925,0
2022-04-13 15:27:00,6925,6925,6925,6925,0
2022-04-13 15:28:00,6925,6925,6925,6925,0
2022-04-13 15:29:00,6925,6925,6925,6925,0
2022-04-13 15:30:00,6925,6925,6925,6925,0
2022-04-13 15:31:00,6925,6925,6925,6925,0
2022-04-13 15:32:00,6925,6925,6925,6925,0
2022-04-13 15:33:00,6925,6925,6925,6925,0
2022-04-13 15:34:00,6925,6925,6925,6925,0
2022-04-13 15:35:00,6925,6925,6925,6925,0
2022-04-13 15:36:00,6925,6925,6925,6925,0
2022-04-13 15:37:00,6925,6925,6925,6925,0
2022-04-13 15:38:00,6925,6925,6925,6925,0
2022-04-13 15:39:00,6925,6925,6925,6925,0
2022-04-13 15:40:00,6925,6925,6925,6925,0
2022-04-13 15:41:00,6925,6925,6925,6925,0
2022-04-13 15:42:00,6925,6925,6925,6925,0
2022-04-13 15:43:00,6925,6925,6925,6925,0
2022-04-13 15:44:00,6925,6925,6925,6925,0
2022-04-13 15:45:00,6925,6925,6925,6925,0
2022-04-13 15:46:00,6925,6925,6925,6925,0
2022-04-13 15:47:00,6925,6925,6925,6925,0
2022-04-13 15:48:00,6925,6925,6925,6925,0
2022-04-13 15:49:00,6925,6925,6925,6925,0
2022-04-13 15:50:00,6925,6925,6925,6925,0
2022-04-13 15:51:00,6925,6925,6925,6925,0
2022-04-13 15:52:00,6925,6925,6925,6925,0
2022-04-13 15:53:00,6925,6925,6925,6925,0
2022-04-13 15:54:00,6925,6925,6925,6925,0
2022-04-13 15:55:00,6925,6925,6925,6925,0
2022-04-13 15:56:00,6925,6925,6925,6925,0
2022-04-13 15:57:00,6925,6925,6925,6925,0
2022-04-13 15:58:00,6925,6925,6925,6925,0
2022-04-13 15:59:00,6925,6925,6925,6925,0
2022-04-14 09:00:00,6950,6900,6950,6925,22800
2022-04-14 09:01:00,6925,6925,6925,6925,700
2022-04-14 09:02:00,6925,6925,6925,6925,600
2022-04-14 09:03:00,6925,6925,6950,6950,300
2022-04-14 09:04:00,6925,6925,6950,6950,11100
2022-04-14 09:05:00,6950,6950,6950,6950,6100
2022-04-14 09:06:00,6950,6950,6950,6950,5800
2022-04-14 09:07:00,6975,6950,6975,6950,3700
2022-04-14 09:08:00,6950,6950,6950,6950,3200
2022-04-14 09:09:00,6950,6950,6950,6950,200
2022-04-14 09:10:00,6950,6950,6950,6950,0
2022-04-14 09:11:00,6950,6950,6950,6950,800
2022-04-14 09:12:00,6925,6925,6925,6925,1100
2022-04-14 09:13:00,6925,6925,6925,6925,0
2022-04-14 09:14:00,6925,6925,6925,6925,4200
2022-04-14 09:15:00,6925,6925,6950,6950,2000
2022-04-14 09:16:00,6950,6925,6950,6925,1400
2022-04-14 09:17:00,6925,6925,6925,6925,70600
2022-04-14 09:18:00,6925,6925,6925,6925,1900
2022-04-14 09:19:00,6925,6925,6925,6925,5000
2022-04-14 09:20:00,6925,6925,6925,6925,0
2022-04-14 09:21:00,6900,6900,6925,6900,3500
2022-04-14 09:22:00,6900,6900,6925,6900,0
2022-04-14 09:23:00,6900,6900,6925,6925,200
2022-04-14 09:24:00,6900,6900,6925,6925,0
2022-04-14 09:25:00,6900,6900,6900,6900,3400
2022-04-14 09:26:00,6900,6900,6900,6900,1900
2022-04-14 09:27:00,6900,6900,6925,6925,5100
2022-04-14 09:28:00,6925,6925,6925,6925,100
2022-04-14 09:29:00,6900,6900,6900,6900,300
2022-04-14 09:30:00,6900,6900,6900,6900,2600
2022-04-14 09:31:00,6925,6925,6925,6925,5000
2022-04-14 09:32:00,6925,6925,6925,6925,900
2022-04-14 09:33:00,6900,6900,6900,6900,5100
2022-04-14 09:34:00,6925,6900,6925,6900,23700
2022-04-14 09:35:00,6900,6900,6900,6900,600
2022-04-14 09:36:00,6900,6900,6900,6900,0
2022-04-14 09:37:00,6900,6900,6900,6900,500
2022-04-14 09:38:00,6900,6900,6925,6925,5100
2022-04-14 09:39:00,6925,6900,6925,6900,20200
2022-04-14 09:40:00,6925,6925,6925,6925,100
2022-04-14 09:41:00,6900,6900,6900,6900,600
2022-04-14 09:42:00,6900,6900,6900,6900,100
2022-04-14 09:43:00,6900,6900,6900,6900,0
2022-04-14 09:44:00,6900,6900,6900,6900,8400
2022-04-14 09:45:00,6900,6900,6900,6900,4100
2022-04-14 09:46:00,6900,6900,6900,6900,0
2022-04-14 09:47:00,6900,6900,6900,6900,1500
2022-04-14 09:48:00,6900,6900,6900,6900,0
2022-04-14 09:49:00,6900,6900,6900,6900,0
2022-04-14 09:50:00,6900,6900,6900,6900,7000
2022-04-14 09:51:00,6900,6900,6900,6900,6300
2022-04-14 09:52:00,6925,6925,6925,6925,3100
2022-04-14 09:53:00,6900,6900,6925,6900,9200
2022-04-14 09:54:00,6900,6900,6925,6900,0
2022-04-14 09:55:00,6900,6900,6925,6900,11500
2022-04-14 09:56:00,6900,6900,6900,6900,5700
2022-04-14 09:57:00,6925,6925,6925,6925,100
2022-04-14 09:58:00,6900,6900,6900,6900,200
2022-04-14 09:59:00,6925,6900,6925,6900,10600
2022-04-14 10:00:00,6900,6900,6900,6900,1000
2022-04-14 10:01:00,6900,6900,6925,6925,5200
2022-04-14 10:02:00,6900,6900,6900,6900,8400
2022-04-14 10:03:00,6900,6900,6925,6925,3300
2022-04-14 10:04:00,6900,6900,6925,6925,18400
2022-04-14 10:05:00,6900,6900,6925,6925,0
2022-04-14 10:06:00,6900,6900,6925,6925,0
2022-04-14 10:07:00,6900,6900,6900,6900,2000
2022-04-14 10:08:00,6900,6900,6900,6900,0
2022-04-14 10:09:00,6900,6900,6900,6900,2000
2022-04-14 10:10:00,6900,6900,6900,6900,900
2022-04-14 10:11:00,6900,6900,6900,6900,0
2022-04-14 10:12:00,6900,6900,6900,6900,600
2022-04-14 10:13:00,6900,6900,6900,6900,0
2022-04-14 10:14:00,6900,6900,6900,6900,2500
2022-04-14 10:15:00,6900,6900,6900,6900,95700
2022-04-14 10:16:00,6900,6875,6900,6875,150800
2022-04-14 10:17:00,6875,6850,6875,6850,15400
2022-04-14 10:18:00,6850,6850,6875,6850,8900
2022-04-14 10:19:00,6850,6850,6850,6850,1400
2022-04-14 10:20:00,6850,6850,6850,6850,9600
2022-04-14 10:21:00,6850,6850,6850,6850,10300
2022-04-14 10:22:00,6875,6850,6875,6875,9100
2022-04-14 10:23:00,6875,6875,6875,6875,100
2022-04-14 10:24:00,6875,6875,6875,6875,2000
2022-04-14 10:25:00,6850,6850,6875,6875,400
2022-04-14 10:26:00,6875,6850,6875,6850,3100
2022-04-14 10:27:00,6875,6875,6875,6875,500
2022-04-14 10:28:00,6875,6875,6875,6875,15500
2022-04-14 10:29:00,6875,6850,6875,6875,4100
2022-04-14 10:30:00,6875,6850,6875,6850,1900
2022-04-14 10:31:00,6850,6850,6850,6850,2500
2022-04-14 10:32:00,6875,6875,6875,6875,300
2022-04-14 10:33:00,6875,6875,6875,6875,1500
2022-04-14 10:34:00,6875,6875,6875,6875,400
2022-04-14 10:35:00,6850,6850,6875,6875,3000
2022-04-14 10:36:00,6875,6875,6875,6875,800
2022-04-14 10:37:00,6875,6875,6875,6875,2100
2022-04-14 10:38:00,6850,6850,6875,6875,900
2022-04-14 10:39:00,6850,6850,6850,6850,6800
2022-04-14 10:40:00,6850,6850,6850,6850,7300
2022-04-14 10:41:00,6850,6850,6850,6850,6700
2022-04-14 10:42:00,6850,6850,6875,6875,16700
2022-04-14 10:43:00,6850,6850,6850,6850,1100
2022-04-14 10:44:00,6850,6850,6850,6850,900
2022-04-14 10:45:00,6850,6850,6850,6850,1000
2022-04-14 10:46:00,6850,6825,6850,6825,114200
2022-04-14 10:47:00,6850,6850,6850,6850,500
2022-04-14 10:48:00,6825,6825,6825,6825,5700
2022-04-14 10:49:00,6825,6825,6850,6825,13900
2022-04-14 10:50:00,6825,6825,6850,6850,200
2022-04-14 10:51:00,6825,6825,6825,6825,4900
2022-04-14 10:52:00,6825,6825,6825,6825,100
2022-04-14 10:53:00,6825,6825,6850,6850,1100
2022-04-14 10:54:00,6850,6825,6850,6850,26400
2022-04-14 10:55:00,6850,6825,6850,6825,4500
2022-04-14 10:56:00,6850,6850,6850,6850,300
2022-04-14 10:57:00,6850,6825,6850,6850,5500
2022-04-14 10:58:00,6850,6850,6850,6850,11300
2022-04-14 10:59:00,6850,6850,6850,6850,3200
2022-04-14 11:00:00,6850,6850,6850,6850,2800
2022-04-14 11:01:00,6850,6850,6850,6850,4000
2022-04-14 11:02:00,6850,6850,6850,6850,5400
2022-04-14 11:03:00,6850,6850,6850,6850,2700
2022-04-14 11:04:00,6850,6850,6850,6850,0
2022-04-14 11:05:00,6825,6825,6825,6825,100
2022-04-14 11:06:00,6850,6850,6850,6850,600
2022-04-14 11:07:00,6825,6825,6825,6825,11500
2022-04-14 11:08:00,6825,6825,6825,6825,0
2022-04-14 11:09:00,6825,6825,6825,6825,600
2022-04-14 11:10:00,6825,6825,6825,6825,200
2022-04-14 11:11:00,6850,6825,6850,6825,3400
2022-04-14 11:12:00,6825,6825,6850,6850,900
2022-04-14 11:13:00,6850,6850,6850,6850,3600
2022-04-14 11:14:00,6825,6825,6850,6850,2900
2022-04-14 11:15:00,6825,6825,6850,6850,300
2022-04-14 11:16:00,6850,6850,6850,6850,1400
2022-04-14 11:17:00,6850,6850,6850,6850,50600
2022-04-14 11:18:00,6850,6850,6850,6850,100
2022-04-14 11:19:00,6850,6825,6850,6825,3100
2022-04-14 11:20:00,6825,6825,6825,6825,100
2022-04-14 11:21:00,6850,6850,6850,6850,50100
2022-04-14 11:22:00,6850,6850,6850,6850,700
2022-04-14 11:23:00,6850,6825,6850,6825,1900
2022-04-14 11:24:00,6825,6825,6825,6825,100
2022-04-14 11:25:00,6825,6825,6825,6825,0
2022-04-14 11:26:00,6825,6825,6825,6825,900
2022-04-14 11:27:00,6850,6850,6850,6850,50000
2022-04-14 11:28:00,6850,6850,6850,6850,0
2022-04-14 11:29:00,6850,6850,6850,6850,3700
2022-04-14 11:30:00,6850,6850,6850,6850,0
2022-04-14 11:31:00,6850,6850,6850,6850,0
2022-04-14 11:32:00,6850,6850,6850,6850,0
2022-04-14 11:33:00,6850,6850,6850,6850,0
2022-04-14 11:34:00,6850,6850,6850,6850,0
2022-04-14 11:35:00,6850,6850,6850,6850,0
2022-04-14 11:36:00,6850,6850,6850,6850,0
2022-04-14 11:37:00,6850,6850,6850,6850,0
2022-04-14 11:38:00,6850,6850,6850,6850,0
2022-04-14 11:39:00,6850,6850,6850,6850,0
2022-04-14 11:40:00,6850,6850,6850,6850,0
2022-04-14 11:41:00,6850,6850,6850,6850,0
2022-04-14 11:42:00,6850,6850,6850,6850,0
2022-04-14 11:43:00,6850,6850,6850,6850,0
2022-04-14 11:44:00,6850,6850,6850,6850,0
2022-04-14 11:45:00,6850,6850,6850,6850,0
2022-04-14 11:46:00,6850,6850,6850,6850,0
2022-04-14 11:47:00,6850,6850,6850,6850,0
2022-04-14 11:48:00,6850,6850,6850,6850,0
2022-04-14 11:49:00,6850,6850,6850,6850,0
2022-04-14 11:50:00,6850,6850,6850,6850,0
2022-04-14 11:51:00,6850,6850,6850,6850,0
2022-04-14 11:52:00,6850,6850,6850,6850,0
2022-04-14 11:53:00,6850,6850,6850,6850,0
2022-04-14 11:54:00,6850,6850,6850,6850,0
2022-04-14 11:55:00,6850,6850,6850,6850,0
2022-04-14 11:56:00,6850,6850,6850,6850,0
2022-04-14 11:57:00,6850,6850,6850,6850,0
2022-04-14 11:58:00,6850,6850,6850,6850,0
2022-04-14 11:59:00,6850,6850,6850,6850,0
2022-04-14 12:00:00,6850,6850,6850,6850,0
2022-04-14 12:01:00,6850,6850,6850,6850,0
2022-04-14 12:02:00,6850,6850,6850,6850,0
2022-04-14 12:03:00,6850,6850,6850,6850,0
2022-04-14 12:04:00,6850,6850,6850,6850,0
2022-04-14 12:05:00,6850,6850,6850,6850,0
2022-04-14 12:06:00,6850,6850,6850,6850,0
2022-04-14 12:07:00,6850,6850,6850,6850,0
2022-04-14 12:08:00,6850,6850,6850,6850,0
2022-04-14 12:09:00,6850,6850,6850,6850,0
2022-04-14 12:10:00,6850,6850,6850,6850,0
2022-04-14 12:11:00,6850,6850,6850,6850,0
2022-04-14 12:12:00,6850,6850,6850,6850,0
2022-04-14 12:13:00,6850,6850,6850,6850,0
2022-04-14 12:14:00,6850,6850,6850,6850,0
2022-04-14 12:15:00,6850,6850,6850,6850,0
2022-04-14 12:16:00,6850,6850,6850,6850,0
2022-04-14 12:17:00,6850,6850,6850,6850,0
2022-04-14 12:18:00,6850,6850,6850,6850,0
2022-04-14 12:19:00,6850,6850,6850,6850,0
2022-04-14 12:20:00,6850,6850,6850,6850,0
2022-04-14 12:21:00,6850,6850,6850,6850,0
2022-04-14 12:22:00,6850,6850,6850,6850,0
2022-04-14 12:23:00,6850,6850,6850,6850,0
2022-04-14 12:24:00,6850,6850,6850,6850,0
2022-04-14 12:25:00,6850,6850,6850,6850,0
2022-04-14 12:26:00,6850,6850,6850,6850,0
2022-04-14 12:27:00,6850,6850,6850,6850,0
2022-04-14 12:28:00,6850,6850,6850,6850,0
2022-04-14 12:29:00,6850,6850,6850,6850,0
2022-04-14 12:30:00,6850,6850,6850,6850,0
2022-04-14 12:31:00,6850,6850,6850,6850,0
2022-04-14 12:32:00,6850,6850,6850,6850,0
2022-04-14 12:33:00,6850,6850,6850,6850,0
2022-04-14 12:34:00,6850,6850,6850,6850,0
2022-04-14 12:35:00,6850,6850,6850,6850,0
2022-04-14 12:36:00,6850,6850,6850,6850,0
2022-04-14 12:37:00,6850,6850,6850,6850,0
2022-04-14 12:38:00,6850,6850,6850,6850,0
2022-04-14 12:39:00,6850,6850,6850,6850,0
2022-04-14 12:40:00,6850,6850,6850,6850,0
2022-04-14 12:41:00,6850,6850,6850,6850,0
2022-04-14 12:42:00,6850,6850,6850,6850,0
2022-04-14 12:43:00,6850,6850,6850,6850,0
2022-04-14 12:44:00,6850,6850,6850,6850,0
2022-04-14 12:45:00,6850,6850,6850,6850,0
2022-04-14 12:46:00,6850,6850,6850,6850,0
2022-04-14 12:47:00,6850,6850,6850,6850,0
2022-04-14 12:48:00,6850,6850,6850,6850,0
2022-04-14 12:49:00,6850,6850,6850,6850,0
2022-04-14 12:50:00,6850,6850,6850,6850,0
2022-04-14 12:51:00,6850,6850,6850,6850,0
2022-04-14 12:52:00,6850,6850,6850,6850,0
2022-04-14 12:53:00,6850,6850,6850,6850,0
2022-04-14 12:54:00,6850,6850,6850,6850,0
2022-04-14 12:55:00,6850,6850,6850,6850,0
2022-04-14 12:56:00,6850,6850,6850,6850,0
2022-04-14 12:57:00,6850,6850,6850,6850,0
2022-04-14 12:58:00,6850,6850,6850,6850,0
2022-04-14 12:59:00,6850,6850,6850,6850,0
2022-04-14 13:00:00,6850,6850,6850,6850,0
2022-04-14 13:01:00,6850,6850,6850,6850,0
2022-04-14 13:02:00,6850,6850,6850,6850,0
2022-04-14 13:03:00,6850,6850,6850,6850,0
2022-04-14 13:04:00,6850,6850,6850,6850,0
2022-04-14 13:05:00,6850,6850,6850,6850,0
2022-04-14 13:06:00,6850,6850,6850,6850,0
2022-04-14 13:07:00,6850,6850,6850,6850,0
2022-04-14 13:08:00,6850,6850,6850,6850,0
2022-04-14 13:09:00,6850,6850,6850,6850,0
2022-04-14 13:10:00,6850,6850,6850,6850,0
2022-04-14 13:11:00,6850,6850,6850,6850,0
2022-04-14 13:12:00,6850,6850,6850,6850,0
2022-04-14 13:13:00,6850,6850,6850,6850,0
2022-04-14 13:14:00,6850,6850,6850,6850,0
2022-04-14 13:15:00,6850,6850,6850,6850,0
2022-04-14 13:16:00,6850,6850,6850,6850,0
2022-04-14 13:17:00,6850,6850,6850,6850,0
2022-04-14 13:18:00,6850,6850,6850,6850,0
2022-04-14 13:19:00,6850,6850,6850,6850,0
2022-04-14 13:20:00,6850,6850,6850,6850,0
2022-04-14 13:21:00,6850,6850,6850,6850,0
2022-04-14 13:22:00,6850,6850,6850,6850,0
2022-04-14 13:23:00,6850,6850,6850,6850,0
2022-04-14 13:24:00,6850,6850,6850,6850,0
2022-04-14 13:25:00,6850,6850,6850,6850,0
2022-04-14 13:26:00,6850,6850,6850,6850,0
2022-04-14 13:27:00,6850,6850,6850,6850,0
2022-04-14 13:28:00,6850,6850,6850,6850,0
2022-04-14 13:29:00,6850,6850,6850,6850,0
2022-04-14 13:30:00,6850,6825,6850,6850,35200
2022-04-14 13:31:00,6850,6850,6850,6850,5200
2022-04-14 13:32:00,6850,6825,6850,6825,1300
2022-04-14 13:33:00,6825,6825,6850,6850,8800
2022-04-14 13:34:00,6850,6850,6850,6850,500
2022-04-14 13:35:00,6850,6850,6850,6850,0
2022-04-14 13:36:00,6850,6825,6850,6825,900
2022-04-14 13:37:00,6825,6825,6825,6825,13000
2022-04-14 13:38:00,6850,6825,6850,6825,300
2022-04-14 13:39:00,6825,6825,6825,6825,5200
2022-04-14 13:40:00,6825,6825,6850,6850,16900
2022-04-14 13:41:00,6825,6825,6825,6825,500
2022-04-14 13:42:00,6850,6825,6850,6825,600
2022-04-14 13:43:00,6825,6825,6825,6825,2300
2022-04-14 13:44:00,6850,6825,6850,6825,15700
2022-04-14 13:45:00,6825,6825,6825,6825,6200
2022-04-14 13:46:00,6825,6825,6825,6825,300
2022-04-14 13:47:00,6825,6825,6850,6825,8600
2022-04-14 13:48:00,6850,6850,6850,6850,200
2022-04-14 13:49:00,6825,6825,6825,6825,6800
2022-04-14 13:50:00,6825,6825,6825,6825,500
2022-04-14 13:51:00,6825,6825,6825,6825,226800
2022-04-14 13:52:00,6800,6800,6800,6800,28300
2022-04-14 13:53:00,6825,6800,6825,6800,17000
2022-04-14 13:54:00,6825,6825,6825,6825,4600
2022-04-14 13:55:00,6825,6800,6825,6800,3400
2022-04-14 13:56:00,6825,6825,6825,6825,900
2022-04-14 13:57:00,6825,6800,6825,6800,6100
2022-04-14 13:58:00,6800,6800,6825,6825,3700
2022-04-14 13:59:00,6825,6800,6825,6800,12400
2022-04-14 14:00:00,6825,6800,6825,6800,0
2022-04-14 14:01:00,6800,6800,6800,6800,3000
2022-04-14 14:02:00,6825,6800,6825,6825,46900
2022-04-14 14:03:00,6825,6800,6825,6800,15200
2022-04-14 14:04:00,6800,6800,6825,6825,300
2022-04-14 14:05:00,6800,6800,6825,6825,0
2022-04-14 14:06:00,6800,6800,6825,6825,1100
2022-04-14 14:07:00,6800,6800,6825,6825,55000
2022-04-14 14:08:00,6825,6825,6825,6825,5800
2022-04-14 14:09:00,6825,6825,6850,6850,45000
2022-04-14 14:10:00,6825,6825,6850,6850,0
2022-04-14 14:11:00,6850,6825,6850,6825,1500
2022-04-14 14:12:00,6850,6825,6850,6850,22900
2022-04-14 14:13:00,6850,6825,6850,6825,6600
2022-04-14 14:14:00,6825,6825,6850,6850,60500
2022-04-14 14:15:00,6850,6850,6875,6875,2100
2022-04-14 14:16:00,6875,6875,6875,6875,3900
2022-04-14 14:17:00,6875,6850,6875,6850,4600
2022-04-14 14:18:00,6850,6850,6850,6850,500
2022-04-14 14:19:00,6850,6850,6850,6850,2600
2022-04-14 14:20:00,6850,6850,6850,6850,1400
2022-04-14 14:21:00,6875,6875,6875,6875,27200
2022-04-14 14:22:00,6875,6875,6875,6875,0
2022-04-14 14:23:00,6875,6875,6875,6875,0
2022-04-14 14:24:00,6875,6875,6875,6875,0
2022-04-14 14:25:00,6875,6875,6875,6875,4300
2022-04-14 14:26:00,6875,6875,6875,6875,200
2022-04-14 14:27:00,6900,6900,6900,6900,0
2022-04-14 14:28:00,6900,6875,6900,6875,1867000
2022-04-14 14:29:00,6875,6875,6900,6900,154400
2022-04-14 14:30:00,6900,6900,6900,6900,500
2022-04-14 14:31:00,6900,6900,6900,6900,0
2022-04-14 14:32:00,6900,6900,6900,6900,2031100
2022-04-14 14:33:00,6900,6900,6900,6900,0
2022-04-14 14:34:00,6900,6900,6900,6900,2036300
2022-04-14 14:35:00,6900,6900,6900,6900,2500
2022-04-14 14:36:00,6900,6900,6900,6900,100
2022-04-14 14:37:00,6900,6900,6900,6900,3000
2022-04-14 14:38:00,6875,6875,6875,6875,2500
2022-04-14 14:39:00,6875,6875,6875,6875,0
2022-04-14 14:40:00,6875,6875,6875,6875,0
2022-04-14 14:41:00,6875,6875,6875,6875,2045300
2022-04-14 14:42:00,6875,6875,6875,6875,4300
2022-04-14 14:43:00,6875,6875,6900,6900,15400
2022-04-14 14:44:00,6875,6875,6900,6875,36400
2022-04-14 14:45:00,6875,6875,6900,6875,0
2022-04-14 14:46:00,6875,6875,6875,6875,2500
2022-04-14 14:47:00,6900,6900,6900,6900,700
2022-04-14 14:48:00,6900,6900,6900,6900,2700
2022-04-14 14:49:00,6900,6875,6900,6900,43200
2022-04-14 14:50:00,6900,6875,6900,6900,0
2022-04-14 14:51:00,6900,6875,6900,6900,0
2022-04-14 14:52:00,6900,6875,6900,6900,0
2022-04-14 14:53:00,6900,6875,6900,6900,0
2022-04-14 14:54:00,6900,6875,6900,6900,0
2022-04-14 14:55:00,6900,6875,6900,6900,0
2022-04-14 14:56:00,6900,6875,6900,6900,0
2022-04-14 14:57:00,6900,6875,6900,6900,0
2022-04-14 14:58:00,6900,6875,6900,6900,0
2022-04-14 14:59:00,6900,6875,6900,6900,0
2022-04-14 15:00:00,6900,6900,6900,6900,143300
2022-04-14 15:01:00,6900,6900,6900,6900,102300
2022-04-14 15:02:00,6900,6900,6900,6900,0
2022-04-14 15:03:00,6900,6900,6900,6900,4200
2022-04-14 15:04:00,6900,6900,6900,6900,6900
2022-04-14 15:05:00,6900,6900,6900,6900,600
2022-04-14 15:06:00,6900,6900,6900,6900,3000
2022-04-14 15:07:00,6900,6900,6900,6900,3100
2022-04-14 15:08:00,6900,6900,6900,6900,200
2022-04-14 15:09:00,6900,6900,6900,6900,0
2022-04-14 15:10:00,6900,6900,6900,6900,2500
2022-04-14 15:11:00,6900,6900,6900,6900,0
2022-04-14 15:12:00,6900,6900,6900,6900,600
2022-04-14 15:13:00,6900,6900,6900,6900,0
2022-04-14 15:14:00,6900,6900,6900,6900,400
2022-04-14 15:15:00,6900,6900,6900,6900,0
2022-04-14 15:16:00,6900,6900,6900,6900,0
2022-04-14 15:17:00,6900,6900,6900,6900,0
2022-04-14 15:18:00,6900,6900,6900,6900,0
2022-04-14 15:19:00,6900,6900,6900,6900,0
2022-04-14 15:20:00,6900,6900,6900,6900,0
2022-04-14 15:21:00,6900,6900,6900,6900,0
2022-04-14 15:22:00,6900,6900,6900,6900,0
2022-04-14 15:23:00,6900,6900,6900,6900,0
2022-04-14 15:24:00,6900,6900,6900,6900,0
2022-04-14 15:25:00,6900,6900,6900,6900,0
2022-04-14 15:26:00,6900,6900,6900,6900,0
2022-04-14 15:27:00,6900,6900,6900,6900,0
2022-04-14 15:28:00,6900,6900,6900,6900,0
2022-04-14 15:29:00,6900,6900,6900,6900,0
2022-04-14 15:30:00,6900,6900,6900,6900,0
2022-04-14 15:31:00,6900,6900,6900,6900,0
2022-04-14 15:32:00,6900,6900,6900,6900,0
2022-04-14 15:33:00,6900,6900,6900,6900,0
2022-04-14 15:34:00,6900,6900,6900,6900,0
2022-04-14 15:35:00,6900,6900,6900,6900,0
2022-04-14 15:36:00,6900,6900,6900,6900,0
2022-04-14 15:37:00,6900,6900,6900,6900,0
2022-04-14 15:38:00,6900,6900,6900,6900,0
2022-04-14 15:39:00,6900,6900,6900,6900,0
2022-04-14 15:40:00,6900,6900,6900,6900,0
2022-04-14 15:41:00,6900,6900,6900,6900,0
2022-04-14 15:42:00,6900,6900,6900,6900,0
2022-04-14 15:43:00,6900,6900,6900,6900,0
2022-04-14 15:44:00,6900,6900,6900,6900,0
2022-04-14 15:45:00,6900,6900,6900,6900,0
2022-04-14 15:46:00,6900,6900,6900,6900,0
2022-04-14 15:47:00,6900,6900,6900,6900,0
2022-04-14 15:48:00,6900,6900,6900,6900,0
2022-04-14 15:49:00,6900,6900,6900,6900,0
2022-04-14 15:50:00,6900,6900,6900,6900,0
2022-04-14 15:51:00,6900,6900,6900,6900,0
2022-04-14 15:52:00,6900,6900,6900,6900,0
2022-04-14 15:53:00,6900,6900,6900,6900,0
2022-04-14 15:54:00,6900,6900,6900,6900,0
2022-04-14 15:55:00,6900,6900,6900,6900,0
2022-04-14 15:56:00,6900,6900,6900,6900,0
2022-04-14 15:57:00,6900,6900,6900,6900,0
2022-04-14 15:58:00,6900,6900,6900,6900,0
2022-04-14 15:59:00,6900,6900,6900,6900,0
2022-04-15 09:00:00,6900,6900,6900,6900,0
2022-04-15 09:01:00,6900,6900,6900,6900,0
2022-04-15 09:02:00,6900,6900,6900,6900,0
2022-04-15 09:03:00,6900,6900,6900,6900,0
2022-04-15 09:04:00,6900,6900,6900,6900,0
2022-04-15 09:05:00,6900,6900,6900,6900,0
2022-04-15 09:06:00,6900,6900,6900,6900,0
2022-04-15 09:07:00,6900,6900,6900,6900,0
2022-04-15 09:08:00,6900,6900,6900,6900,0
2022-04-15 09:09:00,6900,6900,6900,6900,0
2022-04-15 09:10:00,6900,6900,6900,6900,0
2022-04-15 09:11:00,6900,6900,6900,6900,0
2022-04-15 09:12:00,6900,6900,6900,6900,0
2022-04-15 09:13:00,6900,6900,6900,6900,0
2022-04-15 09:14:00,6900,6900,6900,6900,0
2022-04-15 09:15:00,6900,6900,6900,6900,0
2022-04-15 09:16:00,6900,6900,6900,6900,0
2022-04-15 09:17:00,6900,6900,6900,6900,0
2022-04-15 09:18:00,6900,6900,6900,6900,0
2022-04-15 09:19:00,6900,6900,6900,6900,0
2022-04-15 09:20:00,6900,6900,6900,6900,0
2022-04-15 09:21:00,6900,6900,6900,6900,0
2022-04-15 09:22:00,6900,6900,6900,6900,0
2022-04-15 09:23:00,6900,6900,6900,6900,0
2022-04-15 09:24:00,6900,6900,6900,6900,0
2022-04-15 09:25:00,6900,6900,6900,6900,0
2022-04-15 09:26:00,6900,6900,6900,6900,0
2022-04-15 09:27:00,6900,6900,6900,6900,0
2022-04-15 09:28:00,6900,6900,6900,6900,0
2022-04-15 09:29:00,6900,6900,6900,6900,0
2022-04-15 09:30:00,6900,6900,6900,6900,0
2022-04-15 09:31:00,6900,6900,6900,6900,0
2022-04-15 09:32:00,6900,6900,6900,6900,0
2022-04-15 09:33:00,6900,6900,6900,6900,0
2022-04-15 09:34:00,6900,6900,6900,6900,0
2022-04-15 09:35:00,6900,6900,6900,6900,0
2022-04-15 09:36:00,6900,6900,6900,6900,0
2022-04-15 09:37:00,6900,6900,6900,6900,0
2022-04-15 09:38:00,6900,6900,6900,6900,0
2022-04-15 09:39:00,6900,6900,6900,6900,0
2022-04-15 09:40:00,6900,6900,6900,6900,0
2022-04-15 09:41:00,6900,6900,6900,6900,0
2022-04-15 09:42:00,6900,6900,6900,6900,0
2022-04-15 09:43:00,6900,6900,6900,6900,0
2022-04-15 09:44:00,6900,6900,6900,6900,0
2022-04-15 09:45:00,6900,6900,6900,6900,0
2022-04-15 09:46:00,6900,6900,6900,6900,0
2022-04-15 09:47:00,6900,6900,6900,6900,0
2022-04-15 09:48:00,6900,6900,6900,6900,0
2022-04-15 09:49:00,6900,6900,6900,6900,0
2022-04-15 09:50:00,6900,6900,6900,6900,0
2022-04-15 09:51:00,6900,6900,6900,6900,0
2022-04-15 09:52:00,6900,6900,6900,6900,0
2022-04-15 09:53:00,6900,6900,6900,6900,0
2022-04-15 09:54:00,6900,6900,6900,6900,0
2022-04-15 09:55:00,6900,6900,6900,6900,0
2022-04-15 09:56:00,6900,6900,6900,6900,0
2022-04-15 09:57:00,6900,6900,6900,6900,0
2022-04-15 09:58:00,6900,6900,6900,6900,0
2022-04-15 09:59:00,6900,6900,6900,6900,0
2022-04-15 10:00:00,6900,6900,6900,6900,0
2022-04-15 10:01:00,6900,6900,6900,6900,0
2022-04-15 10:02:00,6900,6900,6900,6900,0
2022-04-15 10:03:00,6900,6900,6900,6900,0
2022-04-15 10:04:00,6900,6900,6900,6900,0
2022-04-15 10:05:00,6900,6900,6900,6900,0
2022-04-15 10:06:00,6900,6900,6900,6900,0
2022-04-15 10:07:00,6900,6900,6900,6900,0
2022-04-15 10:08:00,6900,6900,6900,6900,0
2022-04-15 10:09:00,6900,6900,6900,6900,0
2022-04-15 10:10:00,6900,6900,6900,6900,0
2022-04-15 10:11:00,6900,6900,6900,6900,0
2022-04-15 10:12:00,6900,6900,6900,6900,0
2022-04-15 10:13:00,6900,6900,6900,6900,0
2022-04-15 10:14:00,6900,6900,6900,6900,0
2022-04-15 10:15:00,6900,6900,6900,6900,0
2022-04-15 10:16:00,6900,6900,6900,6900,0
2022-04-15 10:17:00,6900,6900,6900,6900,0
2022-04-15 10:18:00,6900,6900,6900,6900,0
2022-04-15 10:19:00,6900,6900,6900,6900,0
2022-04-15 10:20:00,6900,6900,6900,6900,0
2022-04-15 10:21:00,6900,6900,6900,6900,0
2022-04-15 10:22:00,6900,6900,6900,6900,0
2022-04-15 10:23:00,6900,6900,6900,6900,0
2022-04-15 10:24:00,6900,6900,6900,6900,0
2022-04-15 10:25:00,6900,6900,6900,6900,0
2022-04-15 10:26:00,6900,6900,6900,6900,0
2022-04-15 10:27:00,6900,6900,6900,6900,0
2022-04-15 10:28:00,6900,6900,6900,6900,0
2022-04-15 10:29:00,6900,6900,6900,6900,0
2022-04-15 10:30:00,6900,6900,6900,6900,0
2022-04-15 10:31:00,6900,6900,6900,6900,0
2022-04-15 10:32:00,6900,6900,6900,6900,0
2022-04-15 10:33:00,6900,6900,6900,6900,0
2022-04-15 10:34:00,6900,6900,6900,6900,0
2022-04-15 10:35:00,6900,6900,6900,6900,0
2022-04-15 10:36:00,6900,6900,6900,6900,0
2022-04-15 10:37:00,6900,6900,6900,6900,0
2022-04-15 10:38:00,6900,6900,6900,6900,0
2022-04-15 10:39:00,6900,6900,6900,6900,0
2022-04-15 10:40:00,6900,6900,6900,6900,0
2022-04-15 10:41:00,6900,6900,6900,6900,0
2022-04-15 10:42:00,6900,6900,6900,6900,0
2022-04-15 10:43:00,6900,6900,6900,6900,0
2022-04-15 10:44:00,6900,6900,6900,6900,0
2022-04-15 10:45:00,6900,6900,6900,6900,0
2022-04-15 10:46:00,6900,6900,6900,6900,0
2022-04-15 10:47:00,6900,6900,6900,6900,0
2022-04-15 10:48:00,6900,6900,6900,6900,0
2022-04-15 10:49:00,6900,6900,6900,6900,0
2022-04-15 10:50:00,6900,6900,6900,6900,0
2022-04-15 10:51:00,6900,6900,6900,6900,0
2022-04-15 10:52:00,6900,6900,6900,6900,0
2022-04-15 10:53:00,6900,6900,6900,6900,0
2022-04-15 10:54:00,6900,6900,6900,6900,0
2022-04-15 10:55:00,6900,6900,6900,6900,0
2022-04-15 10:56:00,6900,6900,6900,6900,0
2022-04-15 10:57:00,6900,6900,6900,6900,0
2022-04-15 10:58:00,6900,6900,6900,6900,0
2022-04-15 10:59:00,6900,6900,6900,6900,0
2022-04-15 11:00:00,6900,6900,6900,6900,0
2022-04-15 11:01:00,6900,6900,6900,6900,0
2022-04-15 11:02:00,6900,6900,6900,6900,0
2022-04-15 11:03:00,6900,6900,6900,6900,0
2022-04-15 11:04:00,6900,6900,6900,6900,0
2022-04-15 11:05:00,6900,6900,6900,6900,0
2022-04-15 11:06:00,6900,6900,6900,6900,0
2022-04-15 11:07:00,6900,6900,6900,6900,0
2022-04-15 11:08:00,6900,6900,6900,6900,0
2022-04-15 11:09:00,6900,6900,6900,6900,0
2022-04-15 11:10:00,6900,6900,6900,6900,0
2022-04-15 11:11:00,6900,6900,6900,6900,0
2022-04-15 11:12:00,6900,6900,6900,6900,0
2022-04-15 11:13:00,6900,6900,6900,6900,0
2022-04-15 11:14:00,6900,6900,6900,6900,0
2022-04-15 11:15:00,6900,6900,6900,6900,0
2022-04-15 11:16:00,6900,6900,6900,6900,0
2022-04-15 11:17:00,6900,6900,6900,6900,0
2022-04-15 11:18:00,6900,6900,6900,6900,0
2022-04-15 11:19:00,6900,6900,6900,6900,0
2022-04-15 11:20:00,6900,6900,6900,6900,0
2022-04-15 11:21:00,6900,6900,6900,6900,0
2022-04-15 11:22:00,6900,6900,6900,6900,0
2022-04-15 11:23:00,6900,6900,6900,6900,0
2022-04-15 11:24:00,6900,6900,6900,6900,0
2022-04-15 11:25:00,6900,6900,6900,6900,0
2022-04-15 11:26:00,6900,6900,6900,6900,0
2022-04-15 11:27:00,6900,6900,6900,6900,0
2022-04-15 11:28:00,6900,6900,6900,6900,0
2022-04-15 11:29:00,6900,6900,6900,6900,0
2022-04-15 11:30:00,6900,6900,6900,6900,0
2022-04-15 11:31:00,6900,6900,6900,6900,0
2022-04-15 11:32:00,6900,6900,6900,6900,0
2022-04-15 11:33:00,6900,6900,6900,6900,0
2022-04-15 11:34:00,6900,6900,6900,6900,0
2022-04-15 11:35:00,6900,6900,6900,6900,0
2022-04-15 11:36:00,6900,6900,6900,6900,0
2022-04-15 11:37:00,6900,6900,6900,6900,0
2022-04-15 11:38:00,6900,6900,6900,6900,0
2022-04-15 11:39:00,6900,6900,6900,6900,0
2022-04-15 11:40:00,6900,6900,6900,6900,0
2022-04-15 11:41:00,6900,6900,6900,6900,0
2022-04-15 11:42:00,6900,6900,6900,6900,0
2022-04-15 11:43:00,6900,6900,6900,6900,0
2022-04-15 11:44:00,6900,6900,6900,6900,0
2022-04-15 11:45:00,6900,6900,6900,6900,0
2022-04-15 11:46:00,6900,6900,6900,6900,0
2022-04-15 11:47:00,6900,6900,6900,6900,0
2022-04-15 11:48:00,6900,6900,6900,6900,0
2022-04-15 11:49:00,6900,6900,6900,6900,0
2022-04-15 11:50:00,6900,6900,6900,6900,0
2022-04-15 11:51:00,6900,6900,6900,6900,0
2022-04-15 11:52:00,6900,6900,6900,6900,0
2022-04-15 11:53:00,6900,6900,6900,6900,0
2022-04-15 11:54:00,6900,6900,6900,6900,0
2022-04-15 11:55:00,6900,6900,6900,6900,0
2022-04-15 11:56:00,6900,6900,6900,6900,0
2022-04-15 11:57:00,6900,6900,6900,6900,0
2022-04-15 11:58:00,6900,6900,6900,6900,0
2022-04-15 11:59:00,6900,6900,6900,6900,0
2022-04-15 12:00:00,6900,6900,6900,6900,0
2022-04-15 12:01:00,6900,6900,6900,6900,0
2022-04-15 12:02:00,6900,6900,6900,6900,0
2022-04-15 12:03:00,6900,6900,6900,6900,0
2022-04-15 12:04:00,6900,6900,6900,6900,0
2022-04-15 12:05:00,6900,6900,6900,6900,0
2022-04-15 12:06:00,6900,6900,6900,6900,0
2022-04-15 12:07:00,6900,6900,6900,6900,0
2022-04-15 12:08:00,6900,6900,6900,6900,0
2022-04-15 12:09:00,6900,6900,6900,6900,0
2022-04-15 12:10:00,6900,6900,6900,6900,0
2022-04-15 12:11:00,6900,6900,6900,6900,0
2022-04-15 12:12:00,6900,6900,6900,6900,0
2022-04-15 12:13:00,6900,6900,6900,6900,0
2022-04-15 12:14:00,6900,6900,6900,6900,0
2022-04-15 12:15:00,6900,6900,6900,6900,0
2022-04-15 12:16:00,6900,6900,6900,6900,0
2022-04-15 12:17:00,6900,6900,6900,6900,0
2022-04-15 12:18:00,6900,6900,6900,6900,0
2022-04-15 12:19:00,6900,6900,6900,6900,0
2022-04-15 12:20:00,6900,6900,6900,6900,0
2022-04-15 12:21:00,6900,6900,6900,6900,0
2022-04-15 12:22:00,6900,6900,6900,6900,0
2022-04-15 12:23:00,6900,6900,6900,6900,0
2022-04-15 12:24:00,6900,6900,6900,6900,0
2022-04-15 12:25:00,6900,6900,6900,6900,0
2022-04-15 12:26:00,6900,6900,6900,6900,0
2022-04-15 12:27:00,6900,6900,6900,6900,0
2022-04-15 12:28:00,6900,6900,6900,6900,0
2022-04-15 12:29:00,6900,6900,6900,6900,0
2022-04-15 12:30:00,6900,6900,6900,6900,0
2022-04-15 12:31:00,6900,6900,6900,6900,0
2022-04-15 12:32:00,6900,6900,6900,6900,0
2022-04-15 12:33:00,6900,6900,6900,6900,0
2022-04-15 12:34:00,6900,6900,6900,6900,0
2022-04-15 12:35:00,6900,6900,6900,6900,0
2022-04-15 12:36:00,6900,6900,6900,6900,0
2022-04-15 12:37:00,6900,6900,6900,6900,0
2022-04-15 12:38:00,6900,6900,6900,6900,0
2022-04-15 12:39:00,6900,6900,6900,6900,0
2022-04-15 12:40:00,6900,6900,6900,6900,0
2022-04-15 12:41:00,6900,6900,6900,6900,0
2022-04-15 12:42:00,6900,6900,6900,6900,0
2022-04-15 12:43:00,6900,6900,6900,6900,0
2022-04-15 12:44:00,6900,6900,6900,6900,0
2022-04-15 12:45:00,6900,6900,6900,6900,0
2022-04-15 12:46:00,6900,6900,6900,6900,0
2022-04-15 12:47:00,6900,6900,6900,6900,0
2022-04-15 12:48:00,6900,6900,6900,6900,0
2022-04-15 12:49:00,6900,6900,6900,6900,0
2022-04-15 12:50:00,6900,6900,6900,6900,0
2022-04-15 12:51:00,6900,6900,6900,6900,0
2022-04-15 12:52:00,6900,6900,6900,6900,0
2022-04-15 12:53:00,6900,6900,6900,6900,0
2022-04-15 12:54:00,6900,6900,6900,6900,0
2022-04-15 12:55:00,6900,6900,6900,6900,0
2022-04-15 12:56:00,6900,6900,6900,6900,0
2022-04-15 12:57:00,6900,6900,6900,6900,0
2022-04-15 12:58:00,6900,6900,6900,6900,0
2022-04-15 12:59:00,6900,6900,6900,6900,0
2022-04-15 13:00:00,6900,6900,6900,6900,0
2022-04-15 13:01:00,6900,6900,6900,6900,0
2022-04-15 13:02:00,6900,6900,6900,6900,0
2022-04-15 13:03:00,6900,6900,6900,6900,0
2022-04-15 13:04:00,6900,6900,6900,6900,0
2022-04-15 13:05:00,6900,6900,6900,6900,0
2022-04-15 13:06:00,6900,6900,6900,6900,0
2022-04-15 13:07:00,6900,6900,6900,6900,0
2022-04-15 13:08:00,6900,6900,6900,6900,0
2022-04-15 13:09:00,6900,6900,6900,6900,0
2022-04-15 13:10:00,6900,6900,6900,6900,0
2022-04-15 13:11:00,6900,6900,6900,6900,0
2022-04-15 13:12:00,6900,6900,6900,6900,0
2022-04-15 13:13:00,6900,6900,6900,6900,0
2022-04-15 13:14:00,6900,6900,6900,6900,0
2022-04-15 13:15:00,6900,6900,6900,6900,0
2022-04-15 13:16:00,6900,6900,6900,6900,0
2022-04-15 13:17:00,6900,6900,6900,6900,0
2022-04-15 13:18:00,6900,6900,6900,6900,0
2022-04-15 13:19:00,6900,6900,6900,6900,0
2022-04-15 13:20:00,6900,6900,6900,6900,0
2022-04-15 13:21:00,6900,6900,6900,6900,0
2022-04-15 13:22:00,6900,6900,6900,6900,0
2022-04-15 13:23:00,6900,6900,6900,6900,0
2022-04-15 13:24:00,6900,6900,6900,6900,0
2022-04-15 13:25:00,6900,6900,6900,6900,0
2022-04-15 13:26:00,6900,6900,6900,6900,0
2022-04-15 13:27:00,6900,6900,6900,6900,0
2022-04-15 13:28:00,6900,6900,6900,6900,0
2022-04-15 13:29:00,6900,6900,6900,6900,0
2022-04-15 13:30:00,6900,6900,6900,6900,0
2022-04-15 13:31:00,6900,6900,6900,6900,0
2022-04-15 13:32:00,6900,6900,6900,6900,0
2022-04-15 13:33:00,6900,6900,6900,6900,0
2022-04-15 13:34:00,6900,6900,6900,6900,0
2022-04-15 13:35:00,6900,6900,6900,6900,0
2022-04-15 13:36:00,6900,6900,6900,6900,0
2022-04-15 13:37:00,6900,6900,6900,6900,0
2022-04-15 13:38:00,6900,6900,6900,6900,0
2022-04-15 13:39:00,6900,6900,6900,6900,0
2022-04-15 13:40:00,6900,6900,6900,6900,0
2022-04-15 13:41:00,6900,6900,6900,6900,0
2022-04-15 13:42:00,6900,6900,6900,6900,0
2022-04-15 13:43:00,6900,6900,6900,6900,0
2022-04-15 13:44:00,6900,6900,6900,6900,0
2022-04-15 13:45:00,6900,6900,6900,6900,0
2022-04-15 13:46:00,6900,6900,6900,6900,0
2022-04-15 13:47:00,6900,6900,6900,6900,0
2022-04-15 13:48:00,6900,6900,6900,6900,0
2022-04-15 13:49:00,6900,6900,6900,6900,0
2022-04-15 13:50:00,6900,6900,6900,6900,0
2022-04-15 13:51:00,6900,6900,6900,6900,0
2022-04-15 13:52:00,6900,6900,6900,6900,0
2022-04-15 13:53:00,6900,6900,6900,6900,0
2022-04-15 13:54:00,6900,6900,6900,6900,0
2022-04-15 13:55:00,6900,6900,6900,6900,0
2022-04-15 13:56:00,6900,6900,6900,6900,0
2022-04-15 13:57:00,6900,6900,6900,6900,0
2022-04-15 13:58:00,6900,6900,6900,6900,0
2022-04-15 13:59:00,6900,6900,6900,6900,0
2022-04-15 14:00:00,6900,6900,6900,6900,0
2022-04-15 14:01:00,6900,6900,6900,6900,0
2022-04-15 14:02:00,6900,6900,6900,6900,0
2022-04-15 14:03:00,6900,6900,6900,6900,0
2022-04-15 14:04:00,6900,6900,6900,6900,0
2022-04-15 14:05:00,6900,6900,6900,6900,0
2022-04-15 14:06:00,6900,6900,6900,6900,0
2022-04-15 14:07:00,6900,6900,6900,6900,0
2022-04-15 14:08:00,6900,6900,6900,6900,0
2022-04-15 14:09:00,6900,6900,6900,6900,0
2022-04-15 14:10:00,6900,6900,6900,6900,0
2022-04-15 14:11:00,6900,6900,6900,6900,0
2022-04-15 14:12:00,6900,6900,6900,6900,0
2022-04-15 14:13:00,6900,6900,6900,6900,0
2022-04-15 14:14:00,6900,6900,6900,6900,0
2022-04-15 14:15:00,6900,6900,6900,6900,0
2022-04-15 14:16:00,6900,6900,6900,6900,0
2022-04-15 14:17:00,6900,6900,6900,6900,0
2022-04-15 14:18:00,6900,6900,6900,6900,0
2022-04-15 14:19:00,6900,6900,6900,6900,0
2022-04-15 14:20:00,6900,6900,6900,6900,0
2022-04-15 14:21:00,6900,6900,6900,6900,0
2022-04-15 14:22:00,6900,6900,6900,6900,0
2022-04-15 14:23:00,6900,6900,6900,6900,0
2022-04-15 14:24:00,6900,6900,6900,6900,0
2022-04-15 14:25:00,6900,6900,6900,6900,0
2022-04-15 14:26:00,6900,6900,6900,6900,0
2022-04-15 14:27:00,6900,6900,6900,6900,0
2022-04-15 14:28:00,6900,6900,6900,6900,0
2022-04-15 14:29:00,6900,6900,6900,6900,0
2022-04-15 14:30:00,6900,6900,6900,6900,0
2022-04-15 14:31:00,6900,6900,6900,6900,0
2022-04-15 14:32:00,6900,6900,6900,6900,0
2022-04-15 14:33:00,6900,6900,6900,6900,0
2022-04-15 14:34:00,6900,6900,6900,6900,0
2022-04-15 14:35:00,6900,6900,6900,6900,0
2022-04-15 14:36:00,6900,6900,6900,6900,0
2022-04-15 14:37:00,6900,6900,6900,6900,0
2022-04-15 14:38:00,6900,6900,6900,6900,0
2022-04-15 14:39:00,6900,6900,6900,6900,0
2022-04-15 14:40:00,6900,6900,6900,6900,0
2022-04-15 14:41:00,6900,6900,6900,6900,0
2022-04-15 14:42:00,6900,6900,6900,6900,0
2022-04-15 14:43:00,6900,6900,6900,6900,0
2022-04-15 14:44:00,6900,6900,6900,6900,0
2022-04-15 14:45:00,6900,6900,6900,6900,0
2022-04-15 14:46:00,6900,6900,6900,6900,0
2022-04-15 14:47:00,6900,6900,6900,6900,0
2022-04-15 14:48:00,6900,6900,6900,6900,0
2022-04-15 14:49:00,6900,6900,6900,6900,0
2022-04-15 14:50:00,6900,6900,6900,6900,0
2022-04-15 14:51:00,6900,6900,6900,6900,0
2022-04-15 14:52:00,6900,6900,6900,6900,0
2022-04-15 14:53:00,6900,6900,6900,6900,0
2022-04-15 14:54:00,6900,6900,6900,6900,0
2022-04-15 14:55:00,6900,6900,6900,6900,0
2022-04-15 14:56:00,6900,6900,6900,6900,0
2022-04-15 14:57:00,6900,6900,6900,6900,0
2022-04-15 14:58:00,6900,6900,6900,6900,0
2022-04-15 14:59:00,6900,6900,6900,6900,0
2022-04-15 15:00:00,6900,6900,6900,6900,0
2022-04-15 15:01:00,6900,6900,6900,6900,0
2022-04-15 15:02:00,6900,6900,6900,6900,0
2022-04-15 15:03:00,6900,6900,6900,6900,0
2022-04-15 15:04:00,6900,6900,6900,6900,0
2022-04-15 15:05:00,6900,6900,6900,6900,0
2022-04-15 15:06:00,6900,6900,6900,6900,0
2022-04-15 15:07:00,6900,6900,6900,6900,0
2022-04-15 15:08:00,6900,6900,6900,6900,0
2022-04-15 15:09:00,6900,6900,6900,6900,0
2022-04-15 15:10:00,6900,6900,6900,6900,0
2022-04-15 15:11:00,6900,6900,6900,6900,0
2022-04-15 15:12:00,6900,6900,6900,6900,0
2022-04-15 15:13:00,6900,6900,6900,6900,0
2022-04-15 15:14:00,6900,6900,6900,6900,0
2022-04-15 15:15:00,6900,6900,6900,6900,0
2022-04-15 15:16:00,6900,6900,6900,6900,0
2022-04-15 15:17:00,6900,6900,6900,6900,0
2022-04-15 15:18:00,6900,6900,6900,6900,0
2022-04-15 15:19:00,6900,6900,6900,6900,0
2022-04-15 15:20:00,6900,6900,6900,6900,0
2022-04-15 15:21:00,6900,6900,6900,6900,0
2022-04-15 15:22:00,6900,6900,6900,6900,0
2022-04-15 15:23:00,6900,6900,6900,6900,0
2022-04-15 15:24:00,6900,6900,6900,6900,0
2022-04-15 15:25:00,6900,6900,6900,6900,0
2022-04-15 15:26:00,6900,6900,6900,6900,0
2022-04-15 15:27:00,6900,6900,6900,6900,0
2022-04-15 15:28:00,6900,6900,6900,6900,0
2022-04-15 15:29:00,6900,6900,6900,6900,0
2022-04-15 15:30:00,6900,6900,6900,6900,0
2022-04-15 15:31:00,6900,6900,6900,6900,0
2022-04-15 15:32:00,6900,6900,6900,6900,0
2022-04-15 15:33:00,6900,6900,6900,6900,0
2022-04-15 15:34:00,6900,6900,6900,6900,0
2022-04-15 15:35:00,6900,6900,6900,6900,0
2022-04-15 15:36:00,6900,6900,6900,6900,0
2022-04-15 15:37:00,6900,6900,6900,6900,0
2022-04-15 15:38:00,6900,6900,6900,6900,0
2022-04-15 15:39:00,6900,6900,6900,6900,0
2022-04-15 15:40:00,6900,6900,6900,6900,0
2022-04-15 15:41:00,6900,6900,6900,6900,0
2022-04-15 15:42:00,6900,6900,6900,6900,0
2022-04-15 15:43:00,6900,6900,6900,6900,0
2022-04-15 15:44:00,6900,6900,6900,6900,0
2022-04-15 15:45:00,6900,6900,6900,6900,0
2022-04-15 15:46:00,6900,6900,6900,6900,0
2022-04-15 15:47:00,6900,6900,6900,6900,0
2022-04-15 15:48:00,6900,6900,6900,6900,0
2022-04-15 15:49:00,6900,6900,6900,6900,0
2022-04-15 15:50:00,6900,6900,6900,6900,0
2022-04-15 15:51:00,6900,6900,6900,6900,0
2022-04-15 15:52:00,6900,6900,6900,6900,0
2022-04-15 15:53:00,6900,6900,6900,6900,0
2022-04-15 15:54:00,6900,6900,6900,6900,0
2022-04-15 15:55:00,6900,6900,6900,6900,0
2022-04-15 15:56:00,6900,6900,6900,6900,0
2022-04-15 15:57:00,6900,6900,6900,6900,0
2022-04-15 15:58:00,6900,6900,6900,6900,0
2022-04-15 15:59:00,6900,6900,6900,6900,0
2022-04-18 09:00:00,6900,6900,6925,6900,15200
2022-04-18 09:01:00,6925,6925,6925,6925,300
2022-04-18 09:02:00,6925,6925,6925,6925,1100
2022-04-18 09:03:00,6925,6925,6925,6925,200
2022-04-18 09:04:00,6925,6925,6925,6925,4500
2022-04-18 09:05:00,6925,6900,6925,6925,5400
2022-04-18 09:06:00,6925,6925,6925,6925,4800
2022-04-18 09:07:00,6925,6900,6925,6900,8300
2022-04-18 09:08:00,6925,6900,6925,6900,0
2022-04-18 09:09:00,6900,6900,6900,6900,4200
2022-04-18 09:10:00,6900,6900,6900,6900,1800
2022-04-18 09:11:00,6900,6900,6925,6925,500
2022-04-18 09:12:00,6900,6900,6900,6900,300
2022-04-18 09:13:00,6900,6900,6925,6925,7600
2022-04-18 09:14:00,6925,6925,6925,6925,1000
2022-04-18 09:15:00,6925,6925,6925,6925,20100
2022-04-18 09:16:00,6925,6925,6925,6925,11700
2022-04-18 09:17:00,6900,6900,6900,6900,104900
2022-04-18 09:18:00,6900,6875,6900,6900,5900
2022-04-18 09:19:00,6900,6875,6900,6900,0
2022-04-18 09:20:00,6900,6900,6900,6900,4400
2022-04-18 09:21:00,6875,6875,6875,6875,20700
2022-04-18 09:22:00,6875,6850,6875,6875,7100
2022-04-18 09:23:00,6875,6850,6875,6875,1600
2022-04-18 09:24:00,6875,6850,6875,6850,600
2022-04-18 09:25:00,6850,6850,6875,6850,3100
2022-04-18 09:26:00,6850,6850,6875,6850,0
2022-04-18 09:27:00,6850,6850,6875,6875,2000
2022-04-18 09:28:00,6875,6875,6875,6875,5200
2022-04-18 09:29:00,6875,6875,6900,6900,500
2022-04-18 09:30:00,6875,6875,6900,6900,0
2022-04-18 09:31:00,6900,6900,6900,6900,100
2022-04-18 09:32:00,6900,6900,6900,6900,0
2022-04-18 09:33:00,6875,6875,6875,6875,6700
2022-04-18 09:34:00,6875,6875,6875,6875,0
2022-04-18 09:35:00,6875,6875,6875,6875,0
2022-04-18 09:36:00,6875,6875,6875,6875,14000
2022-04-18 09:37:00,6875,6875,6875,6875,1000
2022-04-18 09:38:00,6875,6875,6875,6875,1800
2022-04-18 09:39:00,6875,6875,6900,6875,46500
2022-04-18 09:40:00,6875,6875,6875,6875,100
2022-04-18 09:41:00,6875,6875,6875,6875,9300
2022-04-18 09:42:00,6875,6875,6875,6875,13300
2022-04-18 09:43:00,6850,6850,6850,6850,100
2022-04-18 09:44:00,6875,6850,6875,6875,28300
2022-04-18 09:45:00,6850,6850,6875,6875,25100
2022-04-18 09:46:00,6875,6850,6875,6850,162600
2022-04-18 09:47:00,6825,6825,6825,6825,4200
2022-04-18 09:48:00,6825,6825,6825,6825,0
2022-04-18 09:49:00,6825,6825,6825,6825,31000
2022-04-18 09:50:00,6825,6825,6825,6825,100
2022-04-18 09:51:00,6825,6825,6825,6825,600
2022-04-18 09:52:00,6850,6850,6850,6850,200
2022-04-18 09:53:00,6825,6825,6825,6825,104000
2022-04-18 09:54:00,6825,6825,6825,6825,5000
2022-04-18 09:55:00,6825,6825,6825,6825,3200
2022-04-18 09:56:00,6825,6825,6825,6825,22200
2022-04-18 09:57:00,6825,6825,6825,6825,2800
2022-04-18 09:58:00,6825,6825,6825,6825,200
2022-04-18 09:59:00,6850,6825,6850,6825,5000
2022-04-18 10:00:00,6850,6850,6850,6850,200
2022-04-18 10:01:00,6825,6825,6825,6825,2500
2022-04-18 10:02:00,6850,6850,6850,6850,600
2022-04-18 10:03:00,6850,6850,6850,6850,2100
2022-04-18 10:04:00,6850,6850,6850,6850,500
2022-04-18 10:05:00,6850,6850,6850,6850,0
2022-04-18 10:06:00,6850,6850,6850,6850,0
2022-04-18 10:07:00,6850,6825,6850,6825,13700
2022-04-18 10:08:00,6825,6825,6825,6825,34800
2022-04-18 10:09:00,6850,6850,6850,6850,200
2022-04-18 10:10:00,6825,6825,6850,6850,1600
2022-04-18 10:11:00,6825,6825,6850,6850,0
2022-04-18 10:12:00,6825,6825,6850,6850,0
2022-04-18 10:13:00,6825,6825,6850,6850,48800
2022-04-18 10:14:00,6850,6850,6850,6850,200
2022-04-18 10:15:00,6825,6825,6825,6825,100
2022-04-18 10:16:00,6850,6825,6850,6825,7300
2022-04-18 10:17:00,6850,6825,6850,6825,0
2022-04-18 10:18:00,6825,6825,6825,6825,4000
2022-04-18 10:19:00,6850,6825,6850,6825,25200
2022-04-18 10:20:00,6825,6825,6825,6825,60400
2022-04-18 10:21:00,6825,6825,6825,6825,14700
2022-04-18 10:22:00,6825,6825,6825,6825,900
2022-04-18 10:23:00,6825,6825,6850,6850,21700
2022-04-18 10:24:00,6825,6825,6825,6825,51700
2022-04-18 10:25:00,6825,6825,6825,6825,19300
2022-04-18 10:26:00,6825,6825,6850,6850,700
2022-04-18 10:27:00,6825,6825,6850,6850,0
2022-04-18 10:28:00,6825,6825,6825,6825,75900
2022-04-18 10:29:00,6825,6825,6825,6825,25200
2022-04-18 10:30:00,6825,6825,6825,6825,0
2022-04-18 10:31:00,6825,6825,6825,6825,114600
2022-04-18 10:32:00,6825,6800,6825,6825,10600
2022-04-18 10:33:00,6825,6800,6825,6825,99700
2022-04-18 10:34:00,6800,6800,6800,6800,7100
2022-04-18 10:35:00,6800,6800,6825,6800,1900
2022-04-18 10:36:00,6800,6800,6825,6825,900
2022-04-18 10:37:00,6825,6825,6825,6825,6600
2022-04-18 10:38:00,6800,6800,6825,6825,4500
2022-04-18 10:39:00,6825,6825,6825,6825,10300
2022-04-18 10:40:00,6825,6800,6825,6825,5200
2022-04-18 10:41:00,6825,6825,6825,6825,400
2022-04-18 10:42:00,6825,6825,6825,6825,800
2022-04-18 10:43:00,6825,6800,6825,6800,800
2022-04-18 10:44:00,6825,6825,6825,6825,600
2022-04-18 10:45:00,6825,6825,6825,6825,2800
2022-04-18 10:46:00,6825,6800,6825,6800,4600
2022-04-18 10:47:00,6800,6800,6825,6825,42900
2022-04-18 10:48:00,6825,6800,6825,6800,1200
2022-04-18 10:49:00,6800,6800,6825,6825,4700
2022-04-18 10:50:00,6800,6800,6825,6825,0
2022-04-18 10:51:00,6825,6825,6825,6825,5000
2022-04-18 10:52:00,6825,6800,6825,6825,4500
2022-04-18 10:53:00,6825,6825,6825,6825,20900
2022-04-18 10:54:00,6825,6825,6825,6825,6500
2022-04-18 10:55:00,6825,6800,6825,6825,25200
2022-04-18 10:56:00,6825,6825,6825,6825,300
2022-04-18 10:57:00,6825,6825,6825,6825,0
2022-04-18 10:58:00,6825,6825,6825,6825,400
2022-04-18 10:59:00,6825,6825,6825,6825,2700
2022-04-18 11:00:00,6825,6800,6825,6825,2300
2022-04-18 11:01:00,6825,6825,6825,6825,1600
2022-04-18 11:02:00,6825,6825,6825,6825,900
2022-04-18 11:03:00,6825,6825,6825,6825,3000
2022-04-18 11:04:00,6825,6825,6825,6825,0
2022-04-18 11:05:00,6825,6800,6825,6800,3200
2022-04-18 11:06:00,6800,6800,6800,6800,300
2022-04-18 11:07:00,6825,6825,6825,6825,300
2022-04-18 11:08:00,6825,6825,6825,6825,23000
2022-04-18 11:09:00,6800,6800,6800,6800,600
2022-04-18 11:10:00,6825,6800,6825,6825,4400
2022-04-18 11:11:00,6825,6825,6825,6825,5300
2022-04-18 11:12:00,6825,6825,6825,6825,4700
2022-04-18 11:13:00,6825,6800,6825,6800,300
2022-04-18 11:14:00,6825,6825,6825,6825,500
2022-04-18 11:15:00,6825,6825,6825,6825,1500
2022-04-18 11:16:00,6800,6800,6800,6800,1200
2022-04-18 11:17:00,6800,6800,6800,6800,0
2022-04-18 11:18:00,6800,6800,6800,6800,0
2022-04-18 11:19:00,6800,6800,6800,6800,0
2022-04-18 11:20:00,6800,6800,6800,6800,0
2022-04-18 11:21:00,6825,6825,6825,6825,1500
2022-04-18 11:22:00,6825,6825,6825,6825,400
2022-04-18 11:23:00,6825,6825,6825,6825,0
2022-04-18 11:24:00,6825,6825,6825,6825,1200
2022-04-18 11:25:00,6825,6800,6825,6800,10200
2022-04-18 11:26:00,6800,6800,6825,6800,6900
2022-04-18 11:27:00,6800,6800,6825,6800,0
2022-04-18 11:28:00,6800,6800,6800,6800,700
2022-04-18 11:29:00,6800,6800,6800,6800,0
2022-04-18 11:30:00,6800,6800,6800,6800,0
2022-04-18 11:31:00,6800,6800,6800,6800,0
2022-04-18 11:32:00,6800,6800,6800,6800,0
2022-04-18 11:33:00,6800,6800,6800,6800,0
2022-04-18 11:34:00,6800,6800,6800,6800,0
2022-04-18 11:35:00,6800,6800,6800,6800,0
2022-04-18 11:36:00,6800,6800,6800,6800,0
2022-04-18 11:37:00,6800,6800,6800,6800,0
2022-04-18 11:38:00,6800,6800,6800,6800,0
2022-04-18 11:39:00,6800,6800,6800,6800,0
2022-04-18 11:40:00,6800,6800,6800,6800,0
2022-04-18 11:41:00,6800,6800,6800,6800,0
2022-04-18 11:42:00,6800,6800,6800,6800,0
2022-04-18 11:43:00,6800,6800,6800,6800,0
2022-04-18 11:44:00,6800,6800,6800,6800,0
2022-04-18 11:45:00,6800,6800,6800,6800,0
2022-04-18 11:46:00,6800,6800,6800,6800,0
2022-04-18 11:47:00,6800,6800,6800,6800,0
2022-04-18 11:48:00,6800,6800,6800,6800,0
2022-04-18 11:49:00,6800,6800,6800,6800,0
2022-04-18 11:50:00,6800,6800,6800,6800,0
2022-04-18 11:51:00,6800,6800,6800,6800,0
2022-04-18 11:52:00,6800,6800,6800,6800,0
2022-04-18 11:53:00,6800,6800,6800,6800,0
2022-04-18 11:54:00,6800,6800,6800,6800,0
2022-04-18 11:55:00,6800,6800,6800,6800,0
2022-04-18 11:56:00,6800,6800,6800,6800,0
2022-04-18 11:57:00,6800,6800,6800,6800,0
2022-04-18 11:58:00,6800,6800,6800,6800,0
2022-04-18 11:59:00,6800,6800,6800,6800,0
2022-04-18 12:00:00,6800,6800,6800,6800,0
2022-04-18 12:01:00,6800,6800,6800,6800,0
2022-04-18 12:02:00,6800,6800,6800,6800,0
2022-04-18 12:03:00,6800,6800,6800,6800,0
2022-04-18 12:04:00,6800,6800,6800,6800,0
2022-04-18 12:05:00,6800,6800,6800,6800,0
2022-04-18 12:06:00,6800,6800,6800,6800,0
2022-04-18 12:07:00,6800,6800,6800,6800,0
2022-04-18 12:08:00,6800,6800,6800,6800,0
2022-04-18 12:09:00,6800,6800,6800,6800,0
2022-04-18 12:10:00,6800,6800,6800,6800,0
2022-04-18 12:11:00,6800,6800,6800,6800,0
2022-04-18 12:12:00,6800,6800,6800,6800,0
2022-04-18 12:13:00,6800,6800,6800,6800,0
2022-04-18 12:14:00,6800,6800,6800,6800,0
2022-04-18 12:15:00,6800,6800,6800,6800,0
2022-04-18 12:16:00,6800,6800,6800,6800,0
2022-04-18 12:17:00,6800,6800,6800,6800,0
2022-04-18 12:18:00,6800,6800,6800,6800,0
2022-04-18 12:19:00,6800,6800,6800,6800,0
2022-04-18 12:20:00,6800,6800,6800,6800,0
2022-04-18 12:21:00,6800,6800,6800,6800,0
2022-04-18 12:22:00,6800,6800,6800,6800,0
2022-04-18 12:23:00,6800,6800,6800,6800,0
2022-04-18 12:24:00,6800,6800,6800,6800,0
2022-04-18 12:25:00,6800,6800,6800,6800,0
2022-04-18 12:26:00,6800,6800,6800,6800,0
2022-04-18 12:27:00,6800,6800,6800,6800,0
2022-04-18 12:28:00,6800,6800,6800,6800,0
2022-04-18 12:29:00,6800,6800,6800,6800,0
2022-04-18 12:30:00,6800,6800,6800,6800,0
2022-04-18 12:31:00,6800,6800,6800,6800,0
2022-04-18 12:32:00,6800,6800,6800,6800,0
2022-04-18 12:33:00,6800,6800,6800,6800,0
2022-04-18 12:34:00,6800,6800,6800,6800,0
2022-04-18 12:35:00,6800,6800,6800,6800,0
2022-04-18 12:36:00,6800,6800,6800,6800,0
2022-04-18 12:37:00,6800,6800,6800,6800,0
2022-04-18 12:38:00,6800,6800,6800,6800,0
2022-04-18 12:39:00,6800,6800,6800,6800,0
2022-04-18 12:40:00,6800,6800,6800,6800,0
2022-04-18 12:41:00,6800,6800,6800,6800,0
2022-04-18 12:42:00,6800,6800,6800,6800,0
2022-04-18 12:43:00,6800,6800,6800,6800,0
2022-04-18 12:44:00,6800,6800,6800,6800,0
2022-04-18 12:45:00,6800,6800,6800,6800,0
2022-04-18 12:46:00,6800,6800,6800,6800,0
2022-04-18 12:47:00,6800,6800,6800,6800,0
2022-04-18 12:48:00,6800,6800,6800,6800,0
2022-04-18 12:49:00,6800,6800,6800,6800,0
2022-04-18 12:50:00,6800,6800,6800,6800,0
2022-04-18 12:51:00,6800,6800,6800,6800,0
2022-04-18 12:52:00,6800,6800,6800,6800,0
2022-04-18 12:53:00,6800,6800,6800,6800,0
2022-04-18 12:54:00,6800,6800,6800,6800,0
2022-04-18 12:55:00,6800,6800,6800,6800,0
2022-04-18 12:56:00,6800,6800,6800,6800,0
2022-04-18 12:57:00,6800,6800,6800,6800,0
2022-04-18 12:58:00,6800,6800,6800,6800,0
2022-04-18 12:59:00,6800,6800,6800,6800,0
2022-04-18 13:00:00,6800,6800,6800,6800,0
2022-04-18 13:01:00,6800,6800,6800,6800,0
2022-04-18 13:02:00,6800,6800,6800,6800,0
2022-04-18 13:03:00,6800,6800,6800,6800,0
2022-04-18 13:04:00,6800,6800,6800,6800,0
2022-04-18 13:05:00,6800,6800,6800,6800,0
2022-04-18 13:06:00,6800,6800,6800,6800,0
2022-04-18 13:07:00,6800,6800,6800,6800,0
2022-04-18 13:08:00,6800,6800,6800,6800,0
2022-04-18 13:09:00,6800,6800,6800,6800,0
2022-04-18 13:10:00,6800,6800,6800,6800,0
2022-04-18 13:11:00,6800,6800,6800,6800,0
2022-04-18 13:12:00,6800,6800,6800,6800,0
2022-04-18 13:13:00,6800,6800,6800,6800,0
2022-04-18 13:14:00,6800,6800,6800,6800,0
2022-04-18 13:15:00,6800,6800,6800,6800,0
2022-04-18 13:16:00,6800,6800,6800,6800,0
2022-04-18 13:17:00,6800,6800,6800,6800,0
2022-04-18 13:18:00,6800,6800,6800,6800,0
2022-04-18 13:19:00,6800,6800,6800,6800,0
2022-04-18 13:20:00,6800,6800,6800,6800,0
2022-04-18 13:21:00,6800,6800,6800,6800,0
2022-04-18 13:22:00,6800,6800,6800,6800,0
2022-04-18 13:23:00,6800,6800,6800,6800,0
2022-04-18 13:24:00,6800,6800,6800,6800,0
2022-04-18 13:25:00,6800,6800,6800,6800,0
2022-04-18 13:26:00,6800,6800,6800,6800,0
2022-04-18 13:27:00,6800,6800,6800,6800,0
2022-04-18 13:28:00,6800,6800,6800,6800,0
2022-04-18 13:29:00,6800,6800,6800,6800,0
2022-04-18 13:30:00,6800,6800,6825,6800,243000
2022-04-18 13:31:00,6800,6800,6800,6800,28400
2022-04-18 13:32:00,6800,6800,6825,6825,2300
2022-04-18 13:33:00,6825,6800,6825,6800,900
2022-04-18 13:34:00,6825,6800,6825,6800,0
2022-04-18 13:35:00,6800,6800,6825,6825,8500
2022-04-18 13:36:00,6825,6800,6825,6800,14500
2022-04-18 13:37:00,6825,6800,6825,6800,0
2022-04-18 13:38:00,6800,6800,6825,6825,3600
2022-04-18 13:39:00,6800,6800,6825,6825,1600
2022-04-18 13:40:00,6825,6825,6825,6825,1000
2022-04-18 13:41:00,6800,6800,6825,6825,6600
2022-04-18 13:42:00,6800,6800,6825,6825,0
2022-04-18 13:43:00,6825,6825,6825,6825,9600
2022-04-18 13:44:00,6800,6800,6825,6800,5900
2022-04-18 13:45:00,6800,6800,6825,6800,0
2022-04-18 13:46:00,6800,6800,6800,6800,500
2022-04-18 13:47:00,6800,6800,6800,6800,0
2022-04-18 13:48:00,6825,6800,6825,6825,2000
2022-04-18 13:49:00,6825,6800,6825,6800,5500
2022-04-18 13:50:00,6800,6800,6825,6800,2900
2022-04-18 13:51:00,6825,6825,6825,6825,1300
2022-04-18 13:52:00,6825,6800,6825,6825,1800
2022-04-18 13:53:00,6825,6825,6825,6825,1400
2022-04-18 13:54:00,6825,6825,6825,6825,5000
2022-04-18 13:55:00,6825,6825,6825,6825,2000
2022-04-18 13:56:00,6825,6825,6825,6825,1800
2022-04-18 13:57:00,6825,6825,6825,6825,800
2022-04-18 13:58:00,6800,6800,6800,6800,38700
2022-04-18 13:59:00,6800,6800,6825,6825,2600
2022-04-18 14:00:00,6825,6825,6825,6825,100
2022-04-18 14:01:00,6825,6825,6825,6825,300
2022-04-18 14:02:00,6825,6825,6825,6825,400
2022-04-18 14:03:00,6825,6825,6825,6825,100
2022-04-18 14:04:00,6825,6825,6825,6825,4300
2022-04-18 14:05:00,6825,6825,6825,6825,300
2022-04-18 14:06:00,6825,6825,6825,6825,600
2022-04-18 14:07:00,6825,6825,6825,6825,0
2022-04-18 14:08:00,6825,6825,6825,6825,0
2022-04-18 14:09:00,6825,6825,6825,6825,1500
2022-04-18 14:10:00,6800,6800,6800,6800,1500
2022-04-18 14:11:00,6800,6800,6800,6800,5800
2022-04-18 14:12:00,6825,6825,6825,6825,3600
2022-04-18 14:13:00,6825,6825,6825,6825,3100
2022-04-18 14:14:00,6800,6800,6800,6800,16800
2022-04-18 14:15:00,6825,6800,6825,6800,300
2022-04-18 14:16:00,6800,6800,6800,6800,9300
2022-04-18 14:17:00,6825,6800,6825,6800,8900
2022-04-18 14:18:00,6825,6825,6825,6825,100
2022-04-18 14:19:00,6800,6800,6825,6825,500
2022-04-18 14:20:00,6800,6800,6800,6800,7500
2022-04-18 14:21:00,6800,6800,6800,6800,399200
2022-04-18 14:22:00,6800,6800,6800,6800,5700
2022-04-18 14:23:00,6800,6800,6800,6800,400
2022-04-18 14:24:00,6800,6775,6800,6775,11300
2022-04-18 14:25:00,6800,6800,6800,6800,2200
2022-04-18 14:26:00,6775,6775,6800,6800,1700
2022-04-18 14:27:00,6800,6800,6800,6800,500
2022-04-18 14:28:00,6800,6800,6800,6800,200
2022-04-18 14:29:00,6800,6800,6800,6800,27200
2022-04-18 14:30:00,6800,6800,6800,6800,12500
2022-04-18 14:31:00,6800,6775,6800,6800,12200
2022-04-18 14:32:00,6800,6775,6800,6800,61700
2022-04-18 14:33:00,6800,6800,6800,6800,8000
2022-04-18 14:34:00,6800,6800,6800,6800,1800
2022-04-18 14:35:00,6800,6775,6800,6800,20300
2022-04-18 14:36:00,6800,6800,6800,6800,8000
2022-04-18 14:37:00,6775,6750,6775,6750,303900
2022-04-18 14:38:00,6750,6750,6775,6775,11600
2022-04-18 14:39:00,6775,6775,6775,6775,6000
2022-04-18 14:40:00,6775,6775,6775,6775,6400
2022-04-18 14:41:00,6775,6775,6775,6775,7800
2022-04-18 14:42:00,6800,6775,6800,6775,18100
2022-04-18 14:43:00,6775,6775,6775,6775,18600
2022-04-18 14:44:00,6775,6775,6775,6775,30300
2022-04-18 14:45:00,6800,6800,6800,6800,2500
2022-04-18 14:46:00,6775,6750,6800,6800,29000
2022-04-18 14:47:00,6800,6775,6800,6775,63400
2022-04-18 14:48:00,6775,6775,6775,6775,58900
2022-04-18 14:49:00,6775,6750,6775,6775,10500
2022-04-18 14:50:00,6775,6775,6775,6775,200
2022-04-18 14:51:00,6775,6775,6775,6775,0
2022-04-18 14:52:00,6775,6775,6775,6775,0
2022-04-18 14:53:00,6775,6775,6775,6775,0
2022-04-18 14:54:00,6775,6775,6775,6775,0
2022-04-18 14:55:00,6775,6775,6775,6775,0
2022-04-18 14:56:00,6775,6775,6775,6775,0
2022-04-18 14:57:00,6775,6775,6775,6775,0
2022-04-18 14:58:00,6775,6775,6775,6775,0
2022-04-18 14:59:00,6775,6775,6775,6775,0
2022-04-18 15:00:00,6775,6775,6775,6775,103700
2022-04-18 15:01:00,6775,6775,6775,6775,1700
2022-04-18 15:02:00,6775,6775,6775,6775,0
2022-04-18 15:03:00,6775,6775,6775,6775,30100
2022-04-18 15:04:00,6775,6775,6775,6775,600
2022-04-18 15:05:00,6775,6775,6775,6775,0
2022-04-18 15:06:00,6775,6775,6775,6775,0
2022-04-18 15:07:00,6775,6775,6775,6775,0
2022-04-18 15:08:00,6775,6775,6775,6775,0
2022-04-18 15:09:00,6775,6775,6775,6775,0
2022-04-18 15:10:00,6775,6775,6775,6775,1200
2022-04-18 15:11:00,6775,6775,6775,6775,100
2022-04-18 15:12:00,6775,6775,6775,6775,0
2022-04-18 15:13:00,6775,6775,6775,6775,300
2022-04-18 15:14:00,6775,6775,6775,6775,0
2022-04-18 15:15:00,6775,6775,6775,6775,0
2022-04-18 15:16:00,6775,6775,6775,6775,0
2022-04-18 15:17:00,6775,6775,6775,6775,0
2022-04-18 15:18:00,6775,6775,6775,6775,0
2022-04-18 15:19:00,6775,6775,6775,6775,0
2022-04-18 15:20:00,6775,6775,6775,6775,0
2022-04-18 15:21:00,6775,6775,6775,6775,0
2022-04-18 15:22:00,6775,6775,6775,6775,0
2022-04-18 15:23:00,6775,6775,6775,6775,0
2022-04-18 15:24:00,6775,6775,6775,6775,0
2022-04-18 15:25:00,6775,6775,6775,6775,0
2022-04-18 15:26:00,6775,6775,6775,6775,0
2022-04-18 15:27:00,6775,6775,6775,6775,0
2022-04-18 15:28:00,6775,6775,6775,6775,0
2022-04-18 15:29:00,6775,6775,6775,6775,0
2022-04-18 15:30:00,6775,6775,6775,6775,0
2022-04-18 15:31:00,6775,6775,6775,6775,0
2022-04-18 15:32:00,6775,6775,6775,6775,0
2022-04-18 15:33:00,6775,6775,6775,6775,0
2022-04-18 15:34:00,6775,6775,6775,6775,0
2022-04-18 15:35:00,6775,6775,6775,6775,0
2022-04-18 15:36:00,6775,6775,6775,6775,0
2022-04-18 15:37:00,6775,6775,6775,6775,0
2022-04-18 15:38:00,6775,6775,6775,6775,0
2022-04-18 15:39:00,6775,6775,6775,6775,0
2022-04-18 15:40:00,6775,6775,6775,6775,0
2022-04-18 15:41:00,6775,6775,6775,6775,0
2022-04-18 15:42:00,6775,6775,6775,6775,0
2022-04-18 15:43:00,6775,6775,6775,6775,0
2022-04-18 15:44:00,6775,6775,6775,6775,0
2022-04-18 15:45:00,6775,6775,6775,6775,0
2022-04-18 15:46:00,6775,6775,6775,6775,0
2022-04-18 15:47:00,6775,6775,6775,6775,0
2022-04-18 15:48:00,6775,6775,6775,6775,0
2022-04-18 15:49:00,6775,6775,6775,6775,0
2022-04-18 15:50:00,6775,6775,6775,6775,0
2022-04-18 15:51:00,6775,6775,6775,6775,0
2022-04-18 15:52:00,6775,6775,6775,6775,0
2022-04-18 15:53:00,6775,6775,6775,6775,0
2022-04-18 15:54:00,6775,6775,6775,6775,0
2022-04-18 15:55:00,6775,6775,6775,6775,0
2022-04-18 15:56:00,6775,6775,6775,6775,0
2022-04-18 15:57:00,6775,6775,6775,6775,0
2022-04-18 15:58:00,6775,6775,6775,6775,0
2022-04-18 15:59:00,6775,6775,6775,6775,0
2022-04-19 09:00:00,6800,6775,6800,6775,1500
2022-04-19 09:01:00,6800,6800,6800,6800,29500
2022-04-19 09:02:00,6800,6800,6800,6800,1200
2022-04-19 09:03:00,6800,6800,6800,6800,8400
2022-04-19 09:04:00,6800,6800,6800,6800,12500
2022-04-19 09:05:00,6825,6800,6825,6800,600
2022-04-19 09:06:00,6800,6800,6825,6825,3900
2022-04-19 09:07:00,6800,6800,6825,6825,2400
2022-04-19 09:08:00,6825,6800,6825,6800,1900
2022-04-19 09:09:00,6800,6800,6800,6800,5700
2022-04-19 09:10:00,6800,6775,6800,6775,68400
2022-04-19 09:11:00,6775,6775,6775,6775,7000
2022-04-19 09:12:00,6775,6775,6775,6775,4900
2022-04-19 09:13:00,6775,6775,6800,6800,9400
2022-04-19 09:14:00,6800,6800,6800,6800,1200
2022-04-19 09:15:00,6800,6800,6800,6800,48700
2022-04-19 09:16:00,6800,6800,6800,6800,0
2022-04-19 09:17:00,6800,6800,6800,6800,2600
2022-04-19 09:18:00,6800,6800,6800,6800,700
2022-04-19 09:19:00,6775,6775,6775,6775,1100
2022-04-19 09:20:00,6775,6775,6775,6775,8900
2022-04-19 09:21:00,6775,6775,6775,6775,2200
2022-04-19 09:22:00,6775,6775,6775,6775,0
2022-04-19 09:23:00,6775,6775,6775,6775,600
2022-04-19 09:24:00,6800,6775,6800,6775,73500
2022-04-19 09:25:00,6800,6800,6800,6800,8000
2022-04-19 09:26:00,6800,6800,6800,6800,2600
2022-04-19 09:27:00,6800,6800,6800,6800,400
2022-04-19 09:28:00,6825,6825,6825,6825,5100
2022-04-19 09:29:00,6825,6825,6825,6825,200
2022-04-19 09:30:00,6825,6825,6825,6825,11900
2022-04-19 09:31:00,6800,6800,6800,6800,2200
2022-04-19 09:32:00,6825,6800,6825,6800,300
2022-04-19 09:33:00,6825,6800,6825,6800,0
2022-04-19 09:34:00,6800,6800,6800,6800,5600
2022-04-19 09:35:00,6800,6800,6800,6800,400
2022-04-19 09:36:00,6800,6800,6800,6800,900
2022-04-19 09:37:00,6800,6800,6800,6800,3000
2022-04-19 09:38:00,6800,6800,6800,6800,2500
2022-04-19 09:39:00,6800,6800,6800,6800,6500
2022-04-19 09:40:00,6800,6800,6800,6800,1000
2022-04-19 09:41:00,6800,6800,6800,6800,0
2022-04-19 09:42:00,6800,6800,6825,6800,12100
2022-04-19 09:43:00,6800,6800,6800,6800,1000
2022-04-19 09:44:00,6800,6800,6800,6800,1000
2022-04-19 09:45:00,6800,6800,6800,6800,69700
2022-04-19 09:46:00,6800,6800,6800,6800,3800
2022-04-19 09:47:00,6775,6775,6775,6775,1800
2022-04-19 09:48:00,6775,6775,6775,6775,21000
2022-04-19 09:49:00,6775,6775,6775,6775,0
2022-04-19 09:50:00,6775,6775,6775,6775,0
2022-04-19 09:51:00,6775,6775,6800,6800,1400
2022-04-19 09:52:00,6775,6775,6775,6775,800
2022-04-19 09:53:00,6800,6800,6800,6800,1000
2022-04-19 09:54:00,6800,6800,6800,6800,2000
2022-04-19 09:55:00,6800,6800,6800,6800,0
2022-04-19 09:56:00,6775,6775,6775,6775,2500
2022-04-19 09:57:00,6775,6775,6775,6775,100
2022-04-19 09:58:00,6775,6775,6775,6775,21600
2022-04-19 09:59:00,6775,6775,6775,6775,100
2022-04-19 10:00:00,6800,6800,6800,6800,100
2022-04-19 10:01:00,6800,6800,6800,6800,0
2022-04-19 10:02:00,6775,6775,6775,6775,7200
2022-04-19 10:03:00,6800,6775,6800,6775,4600
2022-04-19 10:04:00,6800,6775,6800,6775,0
2022-04-19 10:05:00,6775,6775,6775,6775,2500
2022-04-19 10:06:00,6775,6775,6775,6775,3700
2022-04-19 10:07:00,6800,6800,6800,6800,2100
2022-04-19 10:08:00,6775,6775,6800,6800,43200
2022-04-19 10:09:00,6775,6775,6775,6775,24700
2022-04-19 10:10:00,6775,6775,6800,6800,300
2022-04-19 10:11:00,6775,6775,6775,6775,3200
2022-04-19 10:12:00,6775,6775,6775,6775,67800
2022-04-19 10:13:00,6775,6750,6775,6750,4800
2022-04-19 10:14:00,6775,6750,6775,6750,0
2022-04-19 10:15:00,6750,6750,6750,6750,1300
2022-04-19 10:16:00,6750,6750,6750,6750,200
2022-04-19 10:17:00,6750,6750,6750,6750,600
2022-04-19 10:18:00,6750,6750,6750,6750,0
2022-04-19 10:19:00,6750,6750,6750,6750,0
2022-04-19 10:20:00,6750,6750,6750,6750,500
2022-04-19 10:21:00,6750,6750,6750,6750,1800
2022-04-19 10:22:00,6750,6750,6750,6750,0
2022-04-19 10:23:00,6775,6750,6775,6750,200
2022-04-19 10:24:00,6775,6775,6775,6775,3300
2022-04-19 10:25:00,6775,6775,6775,6775,800
2022-04-19 10:26:00,6775,6775,6775,6775,1500
2022-04-19 10:27:00,6775,6775,6775,6775,200
2022-04-19 10:28:00,6750,6750,6775,6775,900
2022-04-19 10:29:00,6775,6775,6775,6775,100
2022-04-19 10:30:00,6775,6775,6775,6775,0
2022-04-19 10:31:00,6750,6750,6750,6750,100
2022-04-19 10:32:00,6775,6750,6775,6750,900
2022-04-19 10:33:00,6775,6750,6775,6750,0
2022-04-19 10:34:00,6750,6750,6750,6750,100
2022-04-19 10:35:00,6750,6750,6750,6750,7000
2022-04-19 10:36:00,6775,6775,6775,6775,10200
2022-04-19 10:37:00,6750,6750,6775,6775,200
2022-04-19 10:38:00,6750,6750,6750,6750,500
2022-04-19 10:39:00,6750,6750,6750,6750,200
2022-04-19 10:40:00,6775,6775,6775,6775,10000
2022-04-19 10:41:00,6775,6775,6775,6775,0
2022-04-19 10:42:00,6775,6775,6775,6775,700
2022-04-19 10:43:00,6775,6750,6775,6750,1500
2022-04-19 10:44:00,6775,6775,6775,6775,2800
2022-04-19 10:45:00,6750,6750,6775,6775,2300
2022-04-19 10:46:00,6775,6775,6775,6775,300
2022-04-19 10:47:00,6750,6750,6750,6750,100
2022-04-19 10:48:00,6750,6750,6775,6750,22700
2022-04-19 10:49:00,6750,6750,6775,6750,0
2022-04-19 10:50:00,6750,6750,6775,6750,0
2022-04-19 10:51:00,6750,6750,6750,6750,2100
2022-04-19 10:52:00,6775,6750,6775,6750,4500
2022-04-19 10:53:00,6750,6750,6750,6750,9600
2022-04-19 10:54:00,6750,6750,6750,6750,0
2022-04-19 10:55:00,6750,6750,6750,6750,4500
2022-04-19 10:56:00,6775,6750,6775,6750,11200
2022-04-19 10:57:00,6750,6750,6775,6750,3600
2022-04-19 10:58:00,6750,6750,6750,6750,6000
2022-04-19 10:59:00,6750,6750,6750,6750,1200
2022-04-19 11:00:00,6750,6750,6775,6750,5100
2022-04-19 11:01:00,6750,6750,6750,6750,2500
2022-04-19 11:02:00,6750,6750,6750,6750,1700
2022-04-19 11:03:00,6750,6750,6775,6750,8400
2022-04-19 11:04:00,6750,6750,6750,6750,1800
2022-04-19 11:05:00,6750,6750,6750,6750,2900
2022-04-19 11:06:00,6750,6750,6750,6750,700
2022-04-19 11:07:00,6750,6750,6750,6750,1800
2022-04-19 11:08:00,6750,6750,6750,6750,2600
2022-04-19 11:09:00,6750,6750,6750,6750,2800
2022-04-19 11:10:00,6750,6750,6750,6750,10600
2022-04-19 11:11:00,6750,6750,6750,6750,0
2022-04-19 11:12:00,6750,6750,6775,6750,59000
2022-04-19 11:13:00,6750,6725,6750,6750,189200
2022-04-19 11:14:00,6750,6750,6750,6750,2100
2022-04-19 11:15:00,6750,6725,6750,6725,41000
2022-04-19 11:16:00,6725,6725,6725,6725,2600
2022-04-19 11:17:00,6750,6725,6750,6725,2900
2022-04-19 11:18:00,6725,6725,6725,6725,6600
2022-04-19 11:19:00,6725,6725,6725,6725,6500
2022-04-19 11:20:00,6725,6725,6725,6725,600
2022-04-19 11:21:00,6750,6725,6750,6725,700
2022-04-19 11:22:00,6750,6725,6750,6725,500
2022-04-19 11:23:00,6750,6750,6750,6750,200
2022-04-19 11:24:00,6725,6725,6725,6725,500
2022-04-19 11:25:00,6725,6725,6725,6725,200
2022-04-19 11:26:00,6725,6725,6750,6725,700
2022-04-19 11:27:00,6750,6725,6750,6725,11400
2022-04-19 11:28:00,6750,6725,6750,6725,1100
2022-04-19 11:29:00,6725,6725,6725,6725,1100
2022-04-19 11:30:00,6750,6750,6750,6750,2000
2022-04-19 11:31:00,6750,6750,6750,6750,0
2022-04-19 11:32:00,6750,6750,6750,6750,0
2022-04-19 11:33:00,6750,6750,6750,6750,0
2022-04-19 11:34:00,6750,6750,6750,6750,0
2022-04-19 11:35:00,6750,6750,6750,6750,0
2022-04-19 11:36:00,6750,6750,6750,6750,0
2022-04-19 11:37:00,6750,6750,6750,6750,0
2022-04-19 11:38:00,6750,6750,6750,6750,0
2022-04-19 11:39:00,6750,6750,6750,6750,0
2022-04-19 11:40:00,6750,6750,6750,6750,0
2022-04-19 11:41:00,6750,6750,6750,6750,0
2022-04-19 11:42:00,6750,6750,6750,6750,0
2022-04-19 11:43:00,6750,6750,6750,6750,0
2022-04-19 11:44:00,6750,6750,6750,6750,0
2022-04-19 11:45:00,6750,6750,6750,6750,0
2022-04-19 11:46:00,6750,6750,6750,6750,0
2022-04-19 11:47:00,6750,6750,6750,6750,0
2022-04-19 11:48:00,6750,6750,6750,6750,0
2022-04-19 11:49:00,6750,6750,6750,6750,0
2022-04-19 11:50:00,6750,6750,6750,6750,0
2022-04-19 11:51:00,6750,6750,6750,6750,0
2022-04-19 11:52:00,6750,6750,6750,6750,0
2022-04-19 11:53:00,6750,6750,6750,6750,0
2022-04-19 11:54:00,6750,6750,6750,6750,0
2022-04-19 11:55:00,6750,6750,6750,6750,0
2022-04-19 11:56:00,6750,6750,6750,6750,0
2022-04-19 11:57:00,6750,6750,6750,6750,0
2022-04-19 11:58:00,6750,6750,6750,6750,0
2022-04-19 11:59:00,6750,6750,6750,6750,0
2022-04-19 12:00:00,6750,6750,6750,6750,0
2022-04-19 12:01:00,6750,6750,6750,6750,0
2022-04-19 12:02:00,6750,6750,6750,6750,0
2022-04-19 12:03:00,6750,6750,6750,6750,0
2022-04-19 12:04:00,6750,6750,6750,6750,0
2022-04-19 12:05:00,6750,6750,6750,6750,0
2022-04-19 12:06:00,6750,6750,6750,6750,0
2022-04-19 12:07:00,6750,6750,6750,6750,0
2022-04-19 12:08:00,6750,6750,6750,6750,0
2022-04-19 12:09:00,6750,6750,6750,6750,0
2022-04-19 12:10:00,6750,6750,6750,6750,0
2022-04-19 12:11:00,6750,6750,6750,6750,0
2022-04-19 12:12:00,6750,6750,6750,6750,0
2022-04-19 12:13:00,6750,6750,6750,6750,0
2022-04-19 12:14:00,6750,6750,6750,6750,0
2022-04-19 12:15:00,6750,6750,6750,6750,0
2022-04-19 12:16:00,6750,6750,6750,6750,0
2022-04-19 12:17:00,6750,6750,6750,6750,0
2022-04-19 12:18:00,6750,6750,6750,6750,0
2022-04-19 12:19:00,6750,6750,6750,6750,0
2022-04-19 12:20:00,6750,6750,6750,6750,0
2022-04-19 12:21:00,6750,6750,6750,6750,0
2022-04-19 12:22:00,6750,6750,6750,6750,0
2022-04-19 12:23:00,6750,6750,6750,6750,0
2022-04-19 12:24:00,6750,6750,6750,6750,0
2022-04-19 12:25:00,6750,6750,6750,6750,0
2022-04-19 12:26:00,6750,6750,6750,6750,0
2022-04-19 12:27:00,6750,6750,6750,6750,0
2022-04-19 12:28:00,6750,6750,6750,6750,0
2022-04-19 12:29:00,6750,6750,6750,6750,0
2022-04-19 12:30:00,6750,6750,6750,6750,0
2022-04-19 12:31:00,6750,6750,6750,6750,0
2022-04-19 12:32:00,6750,6750,6750,6750,0
2022-04-19 12:33:00,6750,6750,6750,6750,0
2022-04-19 12:34:00,6750,6750,6750,6750,0
2022-04-19 12:35:00,6750,6750,6750,6750,0
2022-04-19 12:36:00,6750,6750,6750,6750,0
2022-04-19 12:37:00,6750,6750,6750,6750,0
2022-04-19 12:38:00,6750,6750,6750,6750,0
2022-04-19 12:39:00,6750,6750,6750,6750,0
2022-04-19 12:40:00,6750,6750,6750,6750,0
2022-04-19 12:41:00,6750,6750,6750,6750,0
2022-04-19 12:42:00,6750,6750,6750,6750,0
2022-04-19 12:43:00,6750,6750,6750,6750,0
2022-04-19 12:44:00,6750,6750,6750,6750,0
2022-04-19 12:45:00,6750,6750,6750,6750,0
2022-04-19 12:46:00,6750,6750,6750,6750,0
2022-04-19 12:47:00,6750,6750,6750,6750,0
2022-04-19 12:48:00,6750,6750,6750,6750,0
2022-04-19 12:49:00,6750,6750,6750,6750,0
2022-04-19 12:50:00,6750,6750,6750,6750,0
2022-04-19 12:51:00,6750,6750,6750,6750,0
2022-04-19 12:52:00,6750,6750,6750,6750,0
2022-04-19 12:53:00,6750,6750,6750,6750,0
2022-04-19 12:54:00,6750,6750,6750,6750,0
2022-04-19 12:55:00,6750,6750,6750,6750,0
2022-04-19 12:56:00,6750,6750,6750,6750,0
2022-04-19 12:57:00,6750,6750,6750,6750,0
2022-04-19 12:58:00,6750,6750,6750,6750,0
2022-04-19 12:59:00,6750,6750,6750,6750,0
2022-04-19 13:00:00,6750,6750,6750,6750,0
2022-04-19 13:01:00,6750,6750,6750,6750,0
2022-04-19 13:02:00,6750,6750,6750,6750,0
2022-04-19 13:03:00,6750,6750,6750,6750,0
2022-04-19 13:04:00,6750,6750,6750,6750,0
2022-04-19 13:05:00,6750,6750,6750,6750,0
2022-04-19 13:06:00,6750,6750,6750,6750,0
2022-04-19 13:07:00,6750,6750,6750,6750,0
2022-04-19 13:08:00,6750,6750,6750,6750,0
2022-04-19 13:09:00,6750,6750,6750,6750,0
2022-04-19 13:10:00,6750,6750,6750,6750,0
2022-04-19 13:11:00,6750,6750,6750,6750,0
2022-04-19 13:12:00,6750,6750,6750,6750,0
2022-04-19 13:13:00,6750,6750,6750,6750,0
2022-04-19 13:14:00,6750,6750,6750,6750,0
2022-04-19 13:15:00,6750,6750,6750,6750,0
2022-04-19 13:16:00,6750,6750,6750,6750,0
2022-04-19 13:17:00,6750,6750,6750,6750,0
2022-04-19 13:18:00,6750,6750,6750,6750,0
2022-04-19 13:19:00,6750,6750,6750,6750,0
2022-04-19 13:20:00,6750,6750,6750,6750,0
2022-04-19 13:21:00,6750,6750,6750,6750,0
2022-04-19 13:22:00,6750,6750,6750,6750,0
2022-04-19 13:23:00,6750,6750,6750,6750,0
2022-04-19 13:24:00,6750,6750,6750,6750,0
2022-04-19 13:25:00,6750,6750,6750,6750,0
2022-04-19 13:26:00,6750,6750,6750,6750,0
2022-04-19 13:27:00,6750,6750,6750,6750,0
2022-04-19 13:28:00,6750,6750,6750,6750,0
2022-04-19 13:29:00,6750,6750,6750,6750,0
2022-04-19 13:30:00,6750,6750,6750,6750,16100
2022-04-19 13:31:00,6750,6750,6750,6750,10000
2022-04-19 13:32:00,6725,6725,6725,6725,4900
2022-04-19 13:33:00,6750,6725,6750,6725,5400
2022-04-19 13:34:00,6725,6725,6750,6750,17400
2022-04-19 13:35:00,6750,6725,6750,6725,3600
2022-04-19 13:36:00,6725,6725,6750,6725,900
2022-04-19 13:37:00,6725,6725,6750,6725,1500
2022-04-19 13:38:00,6725,6725,6725,6725,500
2022-04-19 13:39:00,6725,6725,6725,6725,400
2022-04-19 13:40:00,6725,6725,6725,6725,1300
2022-04-19 13:41:00,6725,6725,6750,6725,12200
2022-04-19 13:42:00,6725,6725,6725,6725,2200
2022-04-19 13:43:00,6725,6725,6750,6750,1900
2022-04-19 13:44:00,6725,6725,6750,6725,1100
2022-04-19 13:45:00,6750,6725,6750,6725,700
2022-04-19 13:46:00,6725,6725,6725,6725,6800
2022-04-19 13:47:00,6725,6725,6725,6725,7300
2022-04-19 13:48:00,6725,6725,6725,6725,58600
2022-04-19 13:49:00,6725,6725,6725,6725,20600
2022-04-19 13:50:00,6750,6725,6750,6725,400
2022-04-19 13:51:00,6750,6725,6750,6725,1600
2022-04-19 13:52:00,6750,6725,6750,6725,1500
2022-04-19 13:53:00,6725,6725,6725,6725,800
2022-04-19 13:54:00,6725,6725,6750,6725,23000
2022-04-19 13:55:00,6725,6725,6725,6725,6200
2022-04-19 13:56:00,6750,6725,6750,6750,2300
2022-04-19 13:57:00,6725,6725,6750,6725,1500
2022-04-19 13:58:00,6725,6725,6750,6725,88400
2022-04-19 13:59:00,6750,6725,6750,6725,96600
2022-04-19 14:00:00,6725,6725,6725,6725,10400
2022-04-19 14:01:00,6725,6700,6725,6700,85700
2022-04-19 14:02:00,6725,6700,6725,6700,8000
2022-04-19 14:03:00,6700,6700,6700,6700,4300
2022-04-19 14:04:00,6700,6700,6700,6700,1600
2022-04-19 14:05:00,6700,6700,6700,6700,107600
2022-04-19 14:06:00,6700,6700,6725,6725,11500
2022-04-19 14:07:00,6700,6700,6700,6700,5400
2022-04-19 14:08:00,6700,6700,6700,6700,18500
2022-04-19 14:09:00,6700,6700,6700,6700,74600
2022-04-19 14:10:00,6700,6700,6725,6725,9700
2022-04-19 14:11:00,6725,6700,6725,6725,12700
2022-04-19 14:12:00,6725,6700,6725,6725,17600
2022-04-19 14:13:00,6700,6700,6725,6700,5500
2022-04-19 14:14:00,6700,6700,6700,6700,5000
2022-04-19 14:15:00,6700,6700,6700,6700,5300
2022-04-19 14:16:00,6725,6700,6725,6700,9800
2022-04-19 14:17:00,6725,6700,6725,6700,9200
2022-04-19 14:18:00,6725,6700,6725,6725,22700
2022-04-19 14:19:00,6725,6700,6725,6700,19200
2022-04-19 14:20:00,6725,6700,6725,6725,7000
2022-04-19 14:21:00,6725,6725,6725,6725,2000
2022-04-19 14:22:00,6725,6725,6725,6725,1300
2022-04-19 14:23:00,6725,6725,6725,6725,100300
2022-04-19 14:24:00,6725,6725,6725,6725,5000
2022-04-19 14:25:00,6700,6700,6725,6725,1200
2022-04-19 14:26:00,6725,6700,6725,6700,700
2022-04-19 14:27:00,6700,6700,6725,6725,4300
2022-04-19 14:28:00,6725,6725,6725,6725,200
2022-04-19 14:29:00,6725,6700,6725,6700,50300
2022-04-19 14:30:00,6700,6700,6725,6700,2100
2022-04-19 14:31:00,6725,6725,6725,6725,2700
2022-04-19 14:32:00,6725,6725,6725,6725,3200
2022-04-19 14:33:00,6725,6700,6725,6700,1300
2022-04-19 14:34:00,6725,6725,6725,6725,1400
2022-04-19 14:35:00,6700,6700,6725,6725,32300
2022-04-19 14:36:00,6725,6700,6725,6725,29500
2022-04-19 14:37:00,6725,6700,6725,6700,19200
2022-04-19 14:38:00,6725,6700,6725,6700,6200
2022-04-19 14:39:00,6700,6700,6700,6700,9300
2022-04-19 14:40:00,6725,6700,6725,6700,27000
2022-04-19 14:41:00,6725,6700,6725,6700,0
2022-04-19 14:42:00,6700,6700,6700,6700,15100
2022-04-19 14:43:00,6700,6700,6725,6700,22200
2022-04-19 14:44:00,6700,6700,6725,6725,16500
2022-04-19 14:45:00,6725,6700,6725,6725,17600
2022-04-19 14:46:00,6700,6700,6725,6700,20500
2022-04-19 14:47:00,6700,6700,6725,6700,35900
2022-04-19 14:48:00,6700,6700,6725,6700,13800
2022-04-19 14:49:00,6725,6700,6725,6725,227600
2022-04-19 14:50:00,6725,6700,6725,6725,0
2022-04-19 14:51:00,6725,6700,6725,6725,0
2022-04-19 14:52:00,6725,6700,6725,6725,0
2022-04-19 14:53:00,6725,6700,6725,6725,0
2022-04-19 14:54:00,6725,6700,6725,6725,0
2022-04-19 14:55:00,6725,6700,6725,6725,0
2022-04-19 14:56:00,6725,6700,6725,6725,0
2022-04-19 14:57:00,6725,6700,6725,6725,0
2022-04-19 14:58:00,6725,6700,6725,6725,0
2022-04-19 14:59:00,6725,6700,6725,6725,0
2022-04-19 15:00:00,6725,6725,6725,6725,46000
2022-04-19 15:01:00,6725,6725,6725,6725,400
2022-04-19 15:02:00,6725,6725,6725,6725,100
2022-04-19 15:03:00,6725,6725,6725,6725,500
2022-04-19 15:04:00,6725,6725,6725,6725,0
2022-04-19 15:05:00,6725,6725,6725,6725,0
2022-04-19 15:06:00,6725,6725,6725,6725,400
2022-04-19 15:07:00,6725,6725,6725,6725,12000
2022-04-19 15:08:00,6725,6725,6725,6725,0
2022-04-19 15:09:00,6725,6725,6725,6725,0
2022-04-19 15:10:00,6725,6725,6725,6725,3000
2022-04-19 15:11:00,6725,6725,6725,6725,300
2022-04-19 15:12:00,6725,6725,6725,6725,500
2022-04-19 15:13:00,6725,6725,6725,6725,400
2022-04-19 15:14:00,6725,6725,6725,6725,0
2022-04-19 15:15:00,6725,6725,6725,6725,0
2022-04-19 15:16:00,6725,6725,6725,6725,0
2022-04-19 15:17:00,6725,6725,6725,6725,0
2022-04-19 15:18:00,6725,6725,6725,6725,0
2022-04-19 15:19:00,6725,6725,6725,6725,0
2022-04-19 15:20:00,6725,6725,6725,6725,0
2022-04-19 15:21:00,6725,6725,6725,6725,0
2022-04-19 15:22:00,6725,6725,6725,6725,0
2022-04-19 15:23:00,6725,6725,6725,6725,0
2022-04-19 15:24:00,6725,6725,6725,6725,0
2022-04-19 15:25:00,6725,6725,6725,6725,0
2022-04-19 15:26:00,6725,6725,6725,6725,0
2022-04-19 15:27:00,6725,6725,6725,6725,0
2022-04-19 15:28:00,6725,6725,6725,6725,0
2022-04-19 15:29:00,6725,6725,6725,6725,0
2022-04-19 15:30:00,6725,6725,6725,6725,0
2022-04-19 15:31:00,6725,6725,6725,6725,0
2022-04-19 15:32:00,6725,6725,6725,6725,0
2022-04-19 15:33:00,6725,6725,6725,6725,0
2022-04-19 15:34:00,6725,6725,6725,6725,0
2022-04-19 15:35:00,6725,6725,6725,6725,0
2022-04-19 15:36:00,6725,6725,6725,6725,0
2022-04-19 15:37:00,6725,6725,6725,6725,0
2022-04-19 15:38:00,6725,6725,6725,6725,0
2022-04-19 15:39:00,6725,6725,6725,6725,0
2022-04-19 15:40:00,6725,6725,6725,6725,0
2022-04-19 15:41:00,6725,6725,6725,6725,0
2022-04-19 15:42:00,6725,6725,6725,6725,0
2022-04-19 15:43:00,6725,6725,6725,6725,0
2022-04-19 15:44:00,6725,6725,6725,6725,0
2022-04-19 15:45:00,6725,6725,6725,6725,0
2022-04-19 15:46:00,6725,6725,6725,6725,0
2022-04-19 15:47:00,6725,6725,6725,6725,0
2022-04-19 15:48:00,6725,6725,6725,6725,0
2022-04-19 15:49:00,6725,6725,6725,6725,0
2022-04-19 15:50:00,6725,6725,6725,6725,0
2022-04-19 15:51:00,6725,6725,6725,6725,0
2022-04-19 15:52:00,6725,6725,6725,6725,0
2022-04-19 15:53:00,6725,6725,6725,6725,0
2022-04-19 15:54:00,6725,6725,6725,6725,0
2022-04-19 15:55:00,6725,6725,6725,6725,0
2022-04-19 15:56:00,6725,6725,6725,6725,0
2022-04-19 15:57:00,6725,6725,6725,6725,0
2022-04-19 15:58:00,6725,6725,6725,6725,0
2022-04-19 15:59:00,6725,6725,6725,6725,0
2022-04-20 09:00:00,6750,6750,6775,6775,19300
2022-04-20 09:01:00,6775,6750,6775,6750,1700
2022-04-20 09:02:00,6750,6750,6750,6750,200
2022-04-20 09:03:00,6775,6775,6775,6775,400
2022-04-20 09:04:00,6750,6750,6750,6750,0
2022-04-20 09:05:00,6775,6750,6775,6750,45200
2022-04-20 09:06:00,6750,6750,6750,6750,3000
2022-04-20 09:07:00,6750,6750,6750,6750,92100
2022-04-20 09:08:00,6750,6725,6750,6725,25600
2022-04-20 09:09:00,6725,6725,6750,6750,7400
2022-04-20 09:10:00,6750,6750,6750,6750,600
2022-04-20 09:11:00,6750,6750,6750,6750,1300
2022-04-20 09:12:00,6750,6725,6750,6750,6800
2022-04-20 09:13:00,6750,6750,6750,6750,300
2022-04-20 09:14:00,6750,6725,6750,6725,14200
2022-04-20 09:15:00,6750,6750,6750,6750,500
2022-04-20 09:16:00,6750,6725,6750,6750,500
2022-04-20 09:17:00,6725,6725,6725,6725,78900
2022-04-20 09:18:00,6725,6725,6725,6725,900
2022-04-20 09:19:00,6725,6725,6750,6750,600
2022-04-20 09:20:00,6750,6725,6750,6750,3800
2022-04-20 09:21:00,6750,6750,6750,6750,5300
2022-04-20 09:22:00,6750,6725,6750,6725,900
2022-04-20 09:23:00,6725,6725,6725,6725,6000
2022-04-20 09:24:00,6725,6725,6725,6725,0
2022-04-20 09:25:00,6725,6725,6725,6725,200
2022-04-20 09:26:00,6725,6725,6725,6725,100
2022-04-20 09:27:00,6750,6725,6750,6725,1800
2022-04-20 09:28:00,6725,6725,6750,6750,2000
2022-04-20 09:29:00,6750,6725,6750,6725,72500
2022-04-20 09:30:00,6725,6725,6725,6725,32900
2022-04-20 09:31:00,6725,6725,6725,6725,2400
2022-04-20 09:32:00,6725,6725,6725,6725,3500
2022-04-20 09:33:00,6725,6725,6725,6725,3300
2022-04-20 09:34:00,6725,6725,6725,6725,8200
2022-04-20 09:35:00,6725,6725,6725,6725,3200
2022-04-20 09:36:00,6725,6700,6725,6700,3400
2022-04-20 09:37:00,6725,6700,6725,6700,0
2022-04-20 09:38:00,6725,6725,6725,6725,10300
2022-04-20 09:39:00,6725,6725,6725,6725,0
2022-04-20 09:40:00,6700,6700,6725,6700,4200
2022-04-20 09:41:00,6725,6725,6725,6725,1800
2022-04-20 09:42:00,6725,6725,6725,6725,1500
2022-04-20 09:43:00,6700,6700,6700,6700,200
2022-04-20 09:44:00,6700,6700,6700,6700,100
2022-04-20 09:45:00,6700,6700,6700,6700,1300
2022-04-20 09:46:00,6700,6700,6700,6700,200
2022-04-20 09:47:00,6700,6700,6700,6700,20400
2022-04-20 09:48:00,6700,6700,6725,6725,60400
2022-04-20 09:49:00,6725,6700,6725,6700,1800
2022-04-20 09:50:00,6700,6700,6725,6725,500
2022-04-20 09:51:00,6725,6700,6725,6725,32700
2022-04-20 09:52:00,6725,6700,6725,6725,800
2022-04-20 09:53:00,6700,6700,6700,6700,100
2022-04-20 09:54:00,6700,6700,6725,6725,700
2022-04-20 09:55:00,6725,6725,6725,6725,14600
2022-04-20 09:56:00,6725,6725,6725,6725,7700
2022-04-20 09:57:00,6725,6700,6725,6700,1300
2022-04-20 09:58:00,6725,6725,6725,6725,11500
2022-04-20 09:59:00,6700,6700,6725,6725,3400
2022-04-20 10:00:00,6700,6700,6725,6700,6200
2022-04-20 10:01:00,6725,6725,6725,6725,47500
2022-04-20 10:02:00,6725,6700,6725,6725,40000
2022-04-20 10:03:00,6725,6725,6725,6725,2600
2022-04-20 10:04:00,6725,6725,6725,6725,0
2022-04-20 10:05:00,6725,6725,6725,6725,25800
2022-04-20 10:06:00,6725,6725,6725,6725,4100
2022-04-20 10:07:00,6725,6725,6725,6725,200
2022-04-20 10:08:00,6725,6700,6725,6700,3900
2022-04-20 10:09:00,6725,6725,6725,6725,24200
2022-04-20 10:10:00,6725,6725,6725,6725,500
2022-04-20 10:11:00,6725,6725,6725,6725,100
2022-04-20 10:12:00,6725,6725,6750,6750,15600
2022-04-20 10:13:00,6750,6750,6775,6775,180400
2022-04-20 10:14:00,6775,6775,6775,6775,8400
2022-04-20 10:15:00,6775,6750,6775,6750,31600
2022-04-20 10:16:00,6775,6775,6775,6775,300
2022-04-20 10:17:00,6750,6750,6750,6750,1900
2022-04-20 10:18:00,6775,6775,6775,6775,900
2022-04-20 10:19:00,6775,6775,6775,6775,0
2022-04-20 10:20:00,6775,6750,6775,6750,2300
2022-04-20 10:21:00,6750,6750,6750,6750,200
2022-04-20 10:22:00,6750,6750,6750,6750,0
2022-04-20 10:23:00,6775,6775,6775,6775,100
2022-04-20 10:24:00,6775,6775,6775,6775,0
2022-04-20 10:25:00,6775,6775,6775,6775,100
2022-04-20 10:26:00,6775,6775,6775,6775,100
2022-04-20 10:27:00,6775,6775,6775,6775,0
2022-04-20 10:28:00,6750,6750,6750,6750,600
2022-04-20 10:29:00,6775,6775,6775,6775,20200
2022-04-20 10:30:00,6775,6775,6775,6775,0
2022-04-20 10:31:00,6775,6750,6775,6775,2500
2022-04-20 10:32:00,6750,6750,6750,6750,1500
2022-04-20 10:33:00,6750,6750,6775,6775,1300
2022-04-20 10:34:00,6775,6775,6775,6775,33300
2022-04-20 10:35:00,6775,6750,6775,6750,10900
2022-04-20 10:36:00,6750,6750,6750,6750,400
2022-04-20 10:37:00,6750,6750,6750,6750,4300
2022-04-20 10:38:00,6750,6750,6750,6750,2000
2022-04-20 10:39:00,6750,6750,6750,6750,0
2022-04-20 10:40:00,6750,6750,6750,6750,0
2022-04-20 10:41:00,6750,6750,6750,6750,100
2022-04-20 10:42:00,6775,6775,6775,6775,2000
2022-04-20 10:43:00,6750,6750,6750,6750,500
2022-04-20 10:44:00,6750,6750,6750,6750,0
2022-04-20 10:45:00,6775,6775,6775,6775,100
2022-04-20 10:46:00,6775,6775,6775,6775,0
2022-04-20 10:47:00,6775,6750,6775,6775,1200
2022-04-20 10:48:00,6775,6750,6775,6775,12600
2022-04-20 10:49:00,6775,6775,6775,6775,100
2022-04-20 10:50:00,6750,6750,6775,6775,2900
2022-04-20 10:51:00,6750,6750,6775,6775,0
2022-04-20 10:52:00,6775,6750,6775,6750,13200
2022-04-20 10:53:00,6750,6750,6775,6775,110200
2022-04-20 10:54:00,6750,6750,6775,6775,0
2022-04-20 10:55:00,6750,6750,6775,6775,0
2022-04-20 10:56:00,6750,6750,6775,6775,0
2022-04-20 10:57:00,6775,6750,6775,6775,8700
2022-04-20 10:58:00,6800,6775,6800,6775,2100
2022-04-20 10:59:00,6800,6775,6800,6775,0
2022-04-20 11:00:00,6775,6775,6775,6775,56400
2022-04-20 11:01:00,6775,6775,6775,6775,300
2022-04-20 11:02:00,6750,6750,6775,6750,11600
2022-04-20 11:03:00,6750,6750,6750,6750,100
2022-04-20 11:04:00,6750,6750,6750,6750,0
2022-04-20 11:05:00,6750,6750,6750,6750,0
2022-04-20 11:06:00,6750,6750,6750,6750,21400
2022-04-20 11:07:00,6750,6750,6750,6750,0
2022-04-20 11:08:00,6750,6750,6750,6750,0
2022-04-20 11:09:00,6750,6750,6750,6750,800
2022-04-20 11:10:00,6750,6750,6750,6750,0
2022-04-20 11:11:00,6750,6750,6750,6750,0
2022-04-20 11:12:00,6750,6750,6750,6750,100
2022-04-20 11:13:00,6750,6750,6750,6750,1000
2022-04-20 11:14:00,6750,6750,6750,6750,1400
2022-04-20 11:15:00,6750,6750,6750,6750,500
2022-04-20 11:16:00,6750,6750,6750,6750,2100
2022-04-20 11:17:00,6750,6750,6750,6750,16400
2022-04-20 11:18:00,6750,6725,6750,6725,28000
2022-04-20 11:19:00,6725,6725,6725,6725,400
2022-04-20 11:20:00,6725,6725,6725,6725,200
2022-04-20 11:21:00,6725,6725,6725,6725,200
2022-04-20 11:22:00,6725,6725,6750,6725,6300
2022-04-20 11:23:00,6725,6725,6725,6725,700
2022-04-20 11:24:00,6750,6725,6750,6725,21200
2022-04-20 11:25:00,6750,6725,6750,6750,3400
2022-04-20 11:26:00,6725,6700,6725,6725,131200
2022-04-20 11:27:00,6725,6700,6725,6700,1000
2022-04-20 11:28:00,6700,6700,6725,6725,15100
2022-04-20 11:29:00,6700,6700,6700,6700,700
2022-04-20 11:30:00,6700,6700,6700,6700,0
2022-04-20 11:31:00,6700,6700,6700,6700,0
2022-04-20 11:32:00,6700,6700,6700,6700,0
2022-04-20 11:33:00,6700,6700,6700,6700,0
2022-04-20 11:34:00,6700,6700,6700,6700,0
2022-04-20 11:35:00,6700,6700,6700,6700,0
2022-04-20 11:36:00,6700,6700,6700,6700,0
2022-04-20 11:37:00,6700,6700,6700,6700,0
2022-04-20 11:38:00,6700,6700,6700,6700,0
2022-04-20 11:39:00,6700,6700,6700,6700,0
2022-04-20 11:40:00,6700,6700,6700,6700,0
2022-04-20 11:41:00,6700,6700,6700,6700,0
2022-04-20 11:42:00,6700,6700,6700,6700,0
2022-04-20 11:43:00,6700,6700,6700,6700,0
2022-04-20 11:44:00,6700,6700,6700,6700,0
2022-04-20 11:45:00,6700,6700,6700,6700,0
2022-04-20 11:46:00,6700,6700,6700,6700,0
2022-04-20 11:47:00,6700,6700,6700,6700,0
2022-04-20 11:48:00,6700,6700,6700,6700,0
2022-04-20 11:49:00,6700,6700,6700,6700,0
2022-04-20 11:50:00,6700,6700,6700,6700,0
2022-04-20 11:51:00,6700,6700,6700,6700,0
2022-04-20 11:52:00,6700,6700,6700,6700,0
2022-04-20 11:53:00,6700,6700,6700,6700,0
2022-04-20 11:54:00,6700,6700,6700,6700,0
2022-04-20 11:55:00,6700,6700,6700,6700,0
2022-04-20 11:56:00,6700,6700,6700,6700,0
2022-04-20 11:57:00,6700,6700,6700,6700,0
2022-04-20 11:58:00,6700,6700,6700,6700,0
2022-04-20 11:59:00,6700,6700,6700,6700,0
2022-04-20 12:00:00,6700,6700,6700,6700,0
2022-04-20 12:01:00,6700,6700,6700,6700,0
2022-04-20 12:02:00,6700,6700,6700,6700,0
2022-04-20 12:03:00,6700,6700,6700,6700,0
2022-04-20 12:04:00,6700,6700,6700,6700,0
2022-04-20 12:05:00,6700,6700,6700,6700,0
2022-04-20 12:06:00,6700,6700,6700,6700,0
2022-04-20 12:07:00,6700,6700,6700,6700,0
2022-04-20 12:08:00,6700,6700,6700,6700,0
2022-04-20 12:09:00,6700,6700,6700,6700,0
2022-04-20 12:10:00,6700,6700,6700,6700,0
2022-04-20 12:11:00,6700,6700,6700,6700,0
2022-04-20 12:12:00,6700,6700,6700,6700,0
2022-04-20 12:13:00,6700,6700,6700,6700,0
2022-04-20 12:14:00,6700,6700,6700,6700,0
2022-04-20 12:15:00,6700,6700,6700,6700,0
2022-04-20 12:16:00,6700,6700,6700,6700,0
2022-04-20 12:17:00,6700,6700,6700,6700,0
2022-04-20 12:18:00,6700,6700,6700,6700,0
2022-04-20 12:19:00,6700,6700,6700,6700,0
2022-04-20 12:20:00,6700,6700,6700,6700,0
2022-04-20 12:21:00,6700,6700,6700,6700,0
2022-04-20 12:22:00,6700,6700,6700,6700,0
2022-04-20 12:23:00,6700,6700,6700,6700,0
2022-04-20 12:24:00,6700,6700,6700,6700,0
2022-04-20 12:25:00,6700,6700,6700,6700,0
2022-04-20 12:26:00,6700,6700,6700,6700,0
2022-04-20 12:27:00,6700,6700,6700,6700,0
2022-04-20 12:28:00,6700,6700,6700,6700,0
2022-04-20 12:29:00,6700,6700,6700,6700,0
2022-04-20 12:30:00,6700,6700,6700,6700,0
2022-04-20 12:31:00,6700,6700,6700,6700,0
2022-04-20 12:32:00,6700,6700,6700,6700,0
2022-04-20 12:33:00,6700,6700,6700,6700,0
2022-04-20 12:34:00,6700,6700,6700,6700,0
2022-04-20 12:35:00,6700,6700,6700,6700,0
2022-04-20 12:36:00,6700,6700,6700,6700,0
2022-04-20 12:37:00,6700,6700,6700,6700,0
2022-04-20 12:38:00,6700,6700,6700,6700,0
2022-04-20 12:39:00,6700,6700,6700,6700,0
2022-04-20 12:40:00,6700,6700,6700,6700,0
2022-04-20 12:41:00,6700,6700,6700,6700,0
2022-04-20 12:42:00,6700,6700,6700,6700,0
2022-04-20 12:43:00,6700,6700,6700,6700,0
2022-04-20 12:44:00,6700,6700,6700,6700,0
2022-04-20 12:45:00,6700,6700,6700,6700,0
2022-04-20 12:46:00,6700,6700,6700,6700,0
2022-04-20 12:47:00,6700,6700,6700,6700,0
2022-04-20 12:48:00,6700,6700,6700,6700,0
2022-04-20 12:49:00,6700,6700,6700,6700,0
2022-04-20 12:50:00,6700,6700,6700,6700,0
2022-04-20 12:51:00,6700,6700,6700,6700,0
2022-04-20 12:52:00,6700,6700,6700,6700,0
2022-04-20 12:53:00,6700,6700,6700,6700,0
2022-04-20 12:54:00,6700,6700,6700,6700,0
2022-04-20 12:55:00,6700,6700,6700,6700,0
2022-04-20 12:56:00,6700,6700,6700,6700,0
2022-04-20 12:57:00,6700,6700,6700,6700,0
2022-04-20 12:58:00,6700,6700,6700,6700,0
2022-04-20 12:59:00,6700,6700,6700,6700,0
2022-04-20 13:00:00,6700,6700,6700,6700,0
2022-04-20 13:01:00,6700,6700,6700,6700,0
2022-04-20 13:02:00,6700,6700,6700,6700,0
2022-04-20 13:03:00,6700,6700,6700,6700,0
2022-04-20 13:04:00,6700,6700,6700,6700,0
2022-04-20 13:05:00,6700,6700,6700,6700,0
2022-04-20 13:06:00,6700,6700,6700,6700,0
2022-04-20 13:07:00,6700,6700,6700,6700,0
2022-04-20 13:08:00,6700,6700,6700,6700,0
2022-04-20 13:09:00,6700,6700,6700,6700,0
2022-04-20 13:10:00,6700,6700,6700,6700,0
2022-04-20 13:11:00,6700,6700,6700,6700,0
2022-04-20 13:12:00,6700,6700,6700,6700,0
2022-04-20 13:13:00,6700,6700,6700,6700,0
2022-04-20 13:14:00,6700,6700,6700,6700,0
2022-04-20 13:15:00,6700,6700,6700,6700,0
2022-04-20 13:16:00,6700,6700,6700,6700,0
2022-04-20 13:17:00,6700,6700,6700,6700,0
2022-04-20 13:18:00,6700,6700,6700,6700,0
2022-04-20 13:19:00,6700,6700,6700,6700,0
2022-04-20 13:20:00,6700,6700,6700,6700,0
2022-04-20 13:21:00,6700,6700,6700,6700,0
2022-04-20 13:22:00,6700,6700,6700,6700,0
2022-04-20 13:23:00,6700,6700,6700,6700,0
2022-04-20 13:24:00,6700,6700,6700,6700,0
2022-04-20 13:25:00,6700,6700,6700,6700,0
2022-04-20 13:26:00,6700,6700,6700,6700,0
2022-04-20 13:27:00,6700,6700,6700,6700,0
2022-04-20 13:28:00,6700,6700,6700,6700,0
2022-04-20 13:29:00,6700,6700,6700,6700,0
2022-04-20 13:30:00,6700,6700,6725,6725,89500
2022-04-20 13:31:00,6700,6700,6725,6725,11100
2022-04-20 13:32:00,6725,6725,6725,6725,377300
2022-04-20 13:33:00,6725,6700,6725,6700,3400
2022-04-20 13:34:00,6700,6700,6700,6700,5000
2022-04-20 13:35:00,6725,6700,6725,6700,5200
2022-04-20 13:36:00,6700,6700,6725,6725,1500
2022-04-20 13:37:00,6725,6725,6725,6725,800
2022-04-20 13:38:00,6725,6725,6725,6725,0
2022-04-20 13:39:00,6700,6700,6700,6700,2800
2022-04-20 13:40:00,6700,6700,6700,6700,2800
2022-04-20 13:41:00,6700,6700,6700,6700,7000
2022-04-20 13:42:00,6725,6725,6725,6725,1300
2022-04-20 13:43:00,6700,6700,6700,6700,2000
2022-04-20 13:44:00,6700,6700,6700,6700,157300
2022-04-20 13:45:00,6700,6700,6725,6725,6900
2022-04-20 13:46:00,6725,6725,6725,6725,100
2022-04-20 13:47:00,6725,6725,6725,6725,100
2022-04-20 13:48:00,6725,6725,6725,6725,50400
2022-04-20 13:49:00,6725,6725,6725,6725,58300
2022-04-20 13:50:00,6750,6750,6750,6750,1000
2022-04-20 13:51:00,6750,6750,6750,6750,0
2022-04-20 13:52:00,6750,6750,6750,6750,1200
2022-04-20 13:53:00,6750,6750,6750,6750,1800
2022-04-20 13:54:00,6750,6750,6750,6750,300
2022-04-20 13:55:00,6725,6725,6750,6750,4900
2022-04-20 13:56:00,6750,6750,6750,6750,2700
2022-04-20 13:57:00,6750,6750,6750,6750,3600
2022-04-20 13:58:00,6750,6750,6750,6750,1500
2022-04-20 13:59:00,6750,6750,6750,6750,15100
2022-04-20 14:00:00,6750,6750,6750,6750,3000
2022-04-20 14:01:00,6750,6750,6750,6750,6000
2022-04-20 14:02:00,6750,6750,6750,6750,600
2022-04-20 14:03:00,6750,6725,6750,6725,13800
2022-04-20 14:04:00,6775,6725,6775,6750,3700
2022-04-20 14:05:00,6775,6725,6775,6750,0
2022-04-20 14:06:00,6775,6750,6775,6750,22600
2022-04-20 14:07:00,6750,6750,6775,6750,1300
2022-04-20 14:08:00,6750,6750,6750,6750,1800
2022-04-20 14:09:00,6750,6750,6750,6750,3400
2022-04-20 14:10:00,6750,6725,6750,6725,3100
2022-04-20 14:11:00,6725,6725,6750,6725,4200
2022-04-20 14:12:00,6750,6750,6750,6750,15800
2022-04-20 14:13:00,6750,6750,6750,6750,0
2022-04-20 14:14:00,6750,6725,6750,6750,7900
2022-04-20 14:15:00,6750,6725,6750,6750,700
2022-04-20 14:16:00,6750,6750,6750,6750,11300
2022-04-20 14:17:00,6750,6750,6750,6750,100
2022-04-20 14:18:00,6750,6750,6750,6750,2100
2022-04-20 14:19:00,6725,6725,6750,6750,4400
2022-04-20 14:20:00,6750,6725,6750,6750,20000
2022-04-20 14:21:00,6725,6725,6725,6725,600
2022-04-20 14:22:00,6725,6725,6725,6725,0
2022-04-20 14:23:00,6725,6725,6725,6725,1200
2022-04-20 14:24:00,6725,6725,6725,6725,2900
2022-04-20 14:25:00,6750,6725,6750,6725,600
2022-04-20 14:26:00,6750,6750,6750,6750,2000
2022-04-20 14:27:00,6750,6725,6750,6725,1000
2022-04-20 14:28:00,6750,6750,6750,6750,600
2022-04-20 14:29:00,6725,6725,6725,6725,7800
2022-04-20 14:30:00,6750,6725,6750,6725,2300
2022-04-20 14:31:00,6725,6725,6725,6725,31100
2022-04-20 14:32:00,6725,6700,6725,6700,104300
2022-04-20 14:33:00,6725,6725,6725,6725,2000
2022-04-20 14:34:00,6700,6700,6725,6725,500
2022-04-20 14:35:00,6700,6700,6700,6700,900
2022-04-20 14:36:00,6700,6700,6700,6700,3300
2022-04-20 14:37:00,6700,6700,6700,6700,19600
2022-04-20 14:38:00,6700,6700,6725,6725,4200
2022-04-20 14:39:00,6700,6700,6725,6725,500
2022-04-20 14:40:00,6700,6700,6725,6725,1400
2022-04-20 14:41:00,6725,6725,6725,6725,2700
2022-04-20 14:42:00,6700,6700,6725,6725,61300
2022-04-20 14:43:00,6750,6750,6750,6750,37500
2022-04-20 14:44:00,6775,6775,6775,6775,6500
2022-04-20 14:45:00,6775,6775,6775,6775,15000
2022-04-20 14:46:00,6750,6750,6750,6750,200
2022-04-20 14:47:00,6750,6725,6750,6750,63900
2022-04-20 14:48:00,6725,6725,6725,6725,10800
2022-04-20 14:49:00,6725,6725,6750,6750,36200
2022-04-20 14:50:00,6725,6725,6750,6750,0
2022-04-20 14:51:00,6725,6725,6750,6750,0
2022-04-20 14:52:00,6725,6725,6750,6750,0
2022-04-20 14:53:00,6725,6725,6750,6750,0
2022-04-20 14:54:00,6725,6725,6750,6750,0
2022-04-20 14:55:00,6725,6725,6750,6750,0
2022-04-20 14:56:00,6725,6725,6750,6750,0
2022-04-20 14:57:00,6725,6725,6750,6750,0
2022-04-20 14:58:00,6725,6725,6750,6750,0
2022-04-20 14:59:00,6725,6725,6750,6750,0
2022-04-20 15:00:00,6775,6775,6775,6775,82500
2022-04-20 15:01:00,6775,6775,6775,6775,100
2022-04-20 15:02:00,6775,6775,6775,6775,4000
2022-04-20 15:03:00,6775,6775,6775,6775,6300
2022-04-20 15:04:00,6775,6775,6775,6775,5700
2022-04-20 15:05:00,6775,6775,6775,6775,2600
2022-04-20 15:06:00,6775,6775,6775,6775,100
2022-04-20 15:07:00,6775,6775,6775,6775,2900
2022-04-20 15:08:00,6775,6775,6775,6775,500
2022-04-20 15:09:00,6775,6775,6775,6775,300
2022-04-20 15:10:00,6775,6775,6775,6775,200
2022-04-20 15:11:00,6775,6775,6775,6775,6600
2022-04-20 15:12:00,6775,6775,6775,6775,5700
2022-04-20 15:13:00,6775,6775,6775,6775,0
2022-04-20 15:14:00,6775,6775,6775,6775,2700
2022-04-20 15:15:00,6775,6775,6775,6775,0
2022-04-20 15:16:00,6775,6775,6775,6775,0
2022-04-20 15:17:00,6775,6775,6775,6775,0
2022-04-20 15:18:00,6775,6775,6775,6775,0
2022-04-20 15:19:00,6775,6775,6775,6775,0
2022-04-20 15:20:00,6775,6775,6775,6775,0
2022-04-20 15:21:00,6775,6775,6775,6775,0
2022-04-20 15:22:00,6775,6775,6775,6775,0
2022-04-20 15:23:00,6775,6775,6775,6775,0
2022-04-20 15:24:00,6775,6775,6775,6775,0
2022-04-20 15:25:00,6775,6775,6775,6775,0
2022-04-20 15:26:00,6775,6775,6775,6775,0
2022-04-20 15:27:00,6775,6775,6775,6775,0
2022-04-20 15:28:00,6775,6775,6775,6775,0
2022-04-20 15:29:00,6775,6775,6775,6775,0
2022-04-20 15:30:00,6775,6775,6775,6775,0
2022-04-20 15:31:00,6775,6775,6775,6775,0
2022-04-20 15:32:00,6775,6775,6775,6775,0
2022-04-20 15:33:00,6775,6775,6775,6775,0
2022-04-20 15:34:00,6775,6775,6775,6775,0
2022-04-20 15:35:00,6775,6775,6775,6775,0
2022-04-20 15:36:00,6775,6775,6775,6775,0
2022-04-20 15:37:00,6775,6775,6775,6775,0
2022-04-20 15:38:00,6775,6775,6775,6775,0
2022-04-20 15:39:00,6775,6775,6775,6775,0
2022-04-20 15:40:00,6775,6775,6775,6775,0
2022-04-20 15:41:00,6775,6775,6775,6775,0
2022-04-20 15:42:00,6775,6775,6775,6775,0
2022-04-20 15:43:00,6775,6775,6775,6775,0
2022-04-20 15:44:00,6775,6775,6775,6775,0
2022-04-20 15:45:00,6775,6775,6775,6775,0
2022-04-20 15:46:00,6775,6775,6775,6775,0
2022-04-20 15:47:00,6775,6775,6775,6775,0
2022-04-20 15:48:00,6775,6775,6775,6775,0
2022-04-20 15:49:00,6775,6775,6775,6775,0
2022-04-20 15:50:00,6775,6775,6775,6775,0
2022-04-20 15:51:00,6775,6775,6775,6775,0
2022-04-20 15:52:00,6775,6775,6775,6775,0
2022-04-20 15:53:00,6775,6775,6775,6775,0
2022-04-20 15:54:00,6775,6775,6775,6775,0
2022-04-20 15:55:00,6775,6775,6775,6775,0
2022-04-20 15:56:00,6775,6775,6775,6775,0
2022-04-20 15:57:00,6775,6775,6775,6775,0
2022-04-20 15:58:00,6775,6775,6775,6775,0
2022-04-20 15:59:00,6775,6775,6775,6775,0
2022-04-21 09:00:00,6775,6775,6775,6775,0
2022-04-21 09:01:00,6775,6775,6775,6775,0
2022-04-21 09:02:00,6775,6775,6775,6775,0
2022-04-21 09:03:00,6775,6775,6775,6775,0
2022-04-21 09:04:00,6775,6775,6775,6775,0
2022-04-21 09:05:00,6775,6775,6775,6775,0
2022-04-21 09:06:00,6775,6775,6775,6775,0
2022-04-21 09:07:00,6775,6775,6775,6775,0
2022-04-21 09:08:00,6775,6775,6775,6775,0
2022-04-21 09:09:00,6775,6775,6775,6775,0
2022-04-21 09:10:00,6775,6775,6775,6775,0
2022-04-21 09:11:00,6775,6775,6775,6775,0
2022-04-21 09:12:00,6775,6775,6775,6775,0
2022-04-21 09:13:00,6775,6775,6775,6775,0
2022-04-21 09:14:00,6775,6775,6775,6775,0
2022-04-21 09:15:00,6775,6775,6775,6775,0
2022-04-21 09:16:00,6775,6775,6775,6775,0
2022-04-21 09:17:00,6775,6775,6775,6775,0
2022-04-21 09:18:00,6775,6775,6775,6775,0
2022-04-21 09:19:00,6775,6775,6775,6775,0
2022-04-21 09:20:00,6775,6775,6775,6775,0
2022-04-21 09:21:00,6775,6775,6775,6775,0
2022-04-21 09:22:00,6775,6775,6775,6775,0
2022-04-21 09:23:00,6775,6775,6775,6775,0
2022-04-21 09:24:00,6775,6775,6775,6775,0
2022-04-21 09:25:00,6775,6775,6775,6775,0
2022-04-21 09:26:00,6775,6775,6775,6775,0
2022-04-21 09:27:00,6775,6775,6775,6775,0
2022-04-21 09:28:00,6775,6775,6775,6775,0
2022-04-21 09:29:00,6775,6775,6775,6775,0
2022-04-21 09:30:00,6775,6775,6775,6775,0
2022-04-21 09:31:00,6775,6775,6775,6775,0
2022-04-21 09:32:00,6775,6775,6775,6775,0
2022-04-21 09:33:00,6775,6775,6775,6775,0
2022-04-21 09:34:00,6775,6775,6775,6775,0
2022-04-21 09:35:00,6775,6775,6775,6775,0
2022-04-21 09:36:00,6775,6775,6775,6775,0
2022-04-21 09:37:00,6775,6775,6775,6775,0
2022-04-21 09:38:00,6775,6775,6775,6775,0
2022-04-21 09:39:00,6775,6775,6775,6775,0
2022-04-21 09:40:00,6775,6775,6775,6775,0
2022-04-21 09:41:00,6775,6775,6775,6775,0
2022-04-21 09:42:00,6775,6775,6775,6775,0
2022-04-21 09:43:00,6775,6775,6775,6775,0
2022-04-21 09:44:00,6775,6775,6775,6775,0
2022-04-21 09:45:00,6775,6775,6775,6775,0
2022-04-21 09:46:00,6775,6775,6775,6775,0
2022-04-21 09:47:00,6775,6775,6775,6775,0
2022-04-21 09:48:00,6775,6775,6775,6775,0
2022-04-21 09:49:00,6775,6775,6775,6775,0
2022-04-21 09:50:00,6775,6775,6775,6775,0
2022-04-21 09:51:00,6775,6775,6775,6775,0
2022-04-21 09:52:00,6775,6775,6775,6775,0
2022-04-21 09:53:00,6775,6775,6775,6775,0
2022-04-21 09:54:00,6775,6775,6775,6775,0
2022-04-21 09:55:00,6775,6775,6775,6775,0
2022-04-21 09:56:00,6775,6775,6775,6775,0
2022-04-21 09:57:00,6775,6775,6775,6775,0
2022-04-21 09:58:00,6775,6775,6775,6775,0
2022-04-21 09:59:00,6775,6775,6775,6775,0
2022-04-21 10:00:00,6775,6775,6775,6775,0
2022-04-21 10:01:00,6775,6775,6775,6775,0
2022-04-21 10:02:00,6775,6775,6775,6775,0
2022-04-21 10:03:00,6775,6775,6775,6775,0
2022-04-21 10:04:00,6775,6775,6775,6775,0
2022-04-21 10:05:00,6775,6775,6775,6775,0
2022-04-21 10:06:00,6775,6775,6775,6775,0
2022-04-21 10:07:00,6775,6775,6775,6775,0
2022-04-21 10:08:00,6775,6775,6775,6775,0
2022-04-21 10:09:00,6775,6775,6775,6775,0
2022-04-21 10:10:00,6775,6775,6775,6775,0
2022-04-21 10:11:00,6800,6800,6800,6800,0
2022-04-21 10:12:00,6800,6800,6800,6800,0
2022-04-21 10:13:00,6825,6825,6825,6825,659100
2022-04-21 10:14:00,6800,6800,6800,6800,100
2022-04-21 10:15:00,6800,6800,6800,6800,0
2022-04-21 10:16:00,6800,6800,6800,6800,0
2022-04-21 10:17:00,6800,6800,6800,6800,0
2022-04-21 10:18:00,6800,6800,6800,6800,22800
2022-04-21 10:19:00,6800,6800,6800,6800,0
2022-04-21 10:20:00,6800,6800,6800,6800,500
2022-04-21 10:21:00,6800,6800,6800,6800,0
2022-04-21 10:22:00,6825,6825,6825,6825,4600
2022-04-21 10:23:00,6825,6825,6825,6825,3600
2022-04-21 10:24:00,6825,6825,6825,6825,0
2022-04-21 10:25:00,6825,6825,6825,6825,1500
2022-04-21 10:26:00,6800,6800,6800,6800,1000
2022-04-21 10:27:00,6800,6800,6800,6800,2000
2022-04-21 10:28:00,6800,6800,6800,6800,0
2022-04-21 10:29:00,6800,6800,6800,6800,0
2022-04-21 10:30:00,6825,6800,6825,6800,2000
2022-04-21 10:31:00,6825,6825,6825,6825,200
2022-04-21 10:32:00,6800,6800,6800,6800,100
2022-04-21 10:33:00,6800,6800,6800,6800,0
2022-04-21 10:34:00,6800,6800,6800,6800,0
2022-04-21 10:35:00,6800,6800,6800,6800,1000
2022-04-21 10:36:00,6800,6800,6800,6800,0
2022-04-21 10:37:00,6800,6800,6800,6800,0
2022-04-21 10:38:00,6800,6800,6800,6800,0
2022-04-21 10:39:00,6800,6800,6800,6800,900
2022-04-21 10:40:00,6800,6800,6800,6800,0
2022-04-21 10:41:00,6800,6800,6800,6800,2500
2022-04-21 10:42:00,6800,6800,6800,6800,100
2022-04-21 10:43:00,6800,6800,6800,6800,7600
2022-04-21 10:44:00,6800,6800,6800,6800,1500
2022-04-21 10:45:00,6800,6800,6800,6800,100
2022-04-21 10:46:00,6800,6800,6825,6825,900
2022-04-21 10:47:00,6800,6800,6800,6800,100
2022-04-21 10:48:00,6800,6800,6800,6800,4300
2022-04-21 10:49:00,6800,6800,6800,6800,0
2022-04-21 10:50:00,6800,6800,6800,6800,0
2022-04-21 10:51:00,6800,6800,6800,6800,5100
2022-04-21 10:52:00,6800,6800,6800,6800,2500
2022-04-21 10:53:00,6800,6800,6800,6800,63600
2022-04-21 10:54:00,6800,6800,6800,6800,0
2022-04-21 10:55:00,6800,6800,6800,6800,100
2022-04-21 10:56:00,6800,6800,6800,6800,62200
2022-04-21 10:57:00,6800,6800,6800,6800,5500
2022-04-21 10:58:00,6800,6800,6800,6800,0
2022-04-21 10:59:00,6800,6800,6800,6800,0
2022-04-21 11:00:00,6800,6800,6800,6800,1000
2022-04-21 11:01:00,6800,6800,6800,6800,200
2022-04-21 11:02:00,6800,6800,6800,6800,1100
2022-04-21 11:03:00,6800,6800,6800,6800,800
2022-04-21 11:04:00,6800,6800,6800,6800,200
2022-04-21 11:05:00,6800,6800,6800,6800,5800
2022-04-21 11:06:00,6800,6775,6800,6775,400
2022-04-21 11:07:00,6775,6775,6800,6775,36200
2022-04-21 11:08:00,6775,6775,6800,6775,0
2022-04-21 11:09:00,6800,6800,6800,6800,200
2022-04-21 11:10:00,6800,6800,6800,6800,0
2022-04-21 11:11:00,6800,6800,6800,6800,1700
2022-04-21 11:12:00,6775,6775,6775,6775,256200
2022-04-21 11:13:00,6775,6775,6775,6775,2300
2022-04-21 11:14:00,6775,6775,6775,6775,400
2022-04-21 11:15:00,6775,6775,6775,6775,300
2022-04-21 11:16:00,6775,6775,6775,6775,5200
2022-04-21 11:17:00,6775,6775,6775,6775,4800
2022-04-21 11:18:00,6775,6775,6775,6775,1400
2022-04-21 11:19:00,6775,6775,6775,6775,0
2022-04-21 11:20:00,6775,6750,6775,6750,1200
2022-04-21 11:21:00,6775,6775,6775,6775,400
2022-04-21 11:22:00,6750,6750,6750,6750,1400
2022-04-21 11:23:00,6775,6775,6775,6775,3100
2022-04-21 11:24:00,6775,6775,6775,6775,0
2022-04-21 11:25:00,6775,6775,6775,6775,0
2022-04-21 11:26:00,6775,6775,6775,6775,21000
2022-04-21 11:27:00,6775,6775,6775,6775,2500
2022-04-21 11:28:00,6750,6750,6775,6775,3100
2022-04-21 11:29:00,6750,6750,6750,6750,2900
2022-04-21 11:30:00,6750,6750,6750,6750,0
2022-04-21 11:31:00,6750,6750,6750,6750,0
2022-04-21 11:32:00,6750,6750,6750,6750,0
2022-04-21 11:33:00,6750,6750,6750,6750,0
2022-04-21 11:34:00,6750,6750,6750,6750,0
2022-04-21 11:35:00,6750,6750,6750,6750,0
2022-04-21 11:36:00,6750,6750,6750,6750,0
2022-04-21 11:37:00,6750,6750,6750,6750,0
2022-04-21 11:38:00,6750,6750,6750,6750,0
2022-04-21 11:39:00,6750,6750,6750,6750,0
2022-04-21 11:40:00,6750,6750,6750,6750,0
2022-04-21 11:41:00,6750,6750,6750,6750,0
2022-04-21 11:42:00,6750,6750,6750,6750,0
2022-04-21 11:43:00,6750,6750,6750,6750,0
2022-04-21 11:44:00,6750,6750,6750,6750,0
2022-04-21 11:45:00,6750,6750,6750,6750,0
2022-04-21 11:46:00,6750,6750,6750,6750,0
2022-04-21 11:47:00,6750,6750,6750,6750,0
2022-04-21 11:48:00,6750,6750,6750,6750,0
2022-04-21 11:49:00,6750,6750,6750,6750,0
2022-04-21 11:50:00,6750,6750,6750,6750,0
2022-04-21 11:51:00,6750,6750,6750,6750,0
2022-04-21 11:52:00,6750,6750,6750,6750,0
2022-04-21 11:53:00,6750,6750,6750,6750,0
2022-04-21 11:54:00,6750,6750,6750,6750,0
2022-04-21 11:55:00,6750,6750,6750,6750,0
2022-04-21 11:56:00,6750,6750,6750,6750,0
2022-04-21 11:57:00,6750,6750,6750,6750,0
2022-04-21 11:58:00,6750,6750,6750,6750,0
2022-04-21 11:59:00,6750,6750,6750,6750,0
2022-04-21 12:00:00,6750,6750,6750,6750,0
2022-04-21 12:01:00,6750,6750,6750,6750,0
2022-04-21 12:02:00,6750,6750,6750,6750,0
2022-04-21 12:03:00,6750,6750,6750,6750,0
2022-04-21 12:04:00,6750,6750,6750,6750,0
2022-04-21 12:05:00,6750,6750,6750,6750,0
2022-04-21 12:06:00,6750,6750,6750,6750,0
2022-04-21 12:07:00,6750,6750,6750,6750,0
2022-04-21 12:08:00,6750,6750,6750,6750,0
2022-04-21 12:09:00,6750,6750,6750,6750,0
2022-04-21 12:10:00,6750,6750,6750,6750,0
2022-04-21 12:11:00,6750,6750,6750,6750,0
2022-04-21 12:12:00,6750,6750,6750,6750,0
2022-04-21 12:13:00,6750,6750,6750,6750,0
2022-04-21 12:14:00,6750,6750,6750,6750,0
2022-04-21 12:15:00,6750,6750,6750,6750,0
2022-04-21 12:16:00,6750,6750,6750,6750,0
2022-04-21 12:17:00,6750,6750,6750,6750,0
2022-04-21 12:18:00,6750,6750,6750,6750,0
2022-04-21 12:19:00,6750,6750,6750,6750,0
2022-04-21 12:20:00,6750,6750,6750,6750,0
2022-04-21 12:21:00,6750,6750,6750,6750,0
2022-04-21 12:22:00,6750,6750,6750,6750,0
2022-04-21 12:23:00,6750,6750,6750,6750,0
2022-04-21 12:24:00,6750,6750,6750,6750,0
2022-04-21 12:25:00,6750,6750,6750,6750,0
2022-04-21 12:26:00,6750,6750,6750,6750,0
2022-04-21 12:27:00,6750,6750,6750,6750,0
2022-04-21 12:28:00,6750,6750,6750,6750,0
2022-04-21 12:29:00,6750,6750,6750,6750,0
2022-04-21 12:30:00,6750,6750,6750,6750,0
2022-04-21 12:31:00,6750,6750,6750,6750,0
2022-04-21 12:32:00,6750,6750,6750,6750,0
2022-04-21 12:33:00,6750,6750,6750,6750,0
2022-04-21 12:34:00,6750,6750,6750,6750,0
2022-04-21 12:35:00,6750,6750,6750,6750,0
2022-04-21 12:36:00,6750,6750,6750,6750,0
2022-04-21 12:37:00,6750,6750,6750,6750,0
2022-04-21 12:38:00,6750,6750,6750,6750,0
2022-04-21 12:39:00,6750,6750,6750,6750,0
2022-04-21 12:40:00,6750,6750,6750,6750,0
2022-04-21 12:41:00,6750,6750,6750,6750,0
2022-04-21 12:42:00,6750,6750,6750,6750,0
2022-04-21 12:43:00,6750,6750,6750,6750,0
2022-04-21 12:44:00,6750,6750,6750,6750,0
2022-04-21 12:45:00,6750,6750,6750,6750,0
2022-04-21 12:46:00,6750,6750,6750,6750,0
2022-04-21 12:47:00,6750,6750,6750,6750,0
2022-04-21 12:48:00,6750,6750,6750,6750,0
2022-04-21 12:49:00,6750,6750,6750,6750,0
2022-04-21 12:50:00,6750,6750,6750,6750,0
2022-04-21 12:51:00,6750,6750,6750,6750,0
2022-04-21 12:52:00,6750,6750,6750,6750,0
2022-04-21 12:53:00,6750,6750,6750,6750,0
2022-04-21 12:54:00,6750,6750,6750,6750,0
2022-04-21 12:55:00,6750,6750,6750,6750,0
2022-04-21 12:56:00,6750,6750,6750,6750,0
2022-04-21 12:57:00,6750,6750,6750,6750,0
2022-04-21 12:58:00,6750,6750,6750,6750,0
2022-04-21 12:59:00,6750,6750,6750,6750,0
2022-04-21 13:00:00,6750,6750,6750,6750,0
2022-04-21 13:01:00,6750,6750,6750,6750,0
2022-04-21 13:02:00,6750,6750,6750,6750,0
2022-04-21 13:03:00,6750,6750,6750,6750,0
2022-04-21 13:04:00,6750,6750,6750,6750,0
2022-04-21 13:05:00,6750,6750,6750,6750,0
2022-04-21 13:06:00,6750,6750,6750,6750,0
2022-04-21 13:07:00,6750,6750,6750,6750,0
2022-04-21 13:08:00,6750,6750,6750,6750,0
2022-04-21 13:09:00,6750,6750,6750,6750,0
2022-04-21 13:10:00,6750,6750,6750,6750,0
2022-04-21 13:11:00,6750,6750,6750,6750,0
2022-04-21 13:12:00,6750,6750,6750,6750,0
2022-04-21 13:13:00,6750,6750,6750,6750,0
2022-04-21 13:14:00,6750,6750,6750,6750,0
2022-04-21 13:15:00,6750,6750,6750,6750,0
2022-04-21 13:16:00,6750,6750,6750,6750,0
2022-04-21 13:17:00,6750,6750,6750,6750,0
2022-04-21 13:18:00,6750,6750,6750,6750,0
2022-04-21 13:19:00,6750,6750,6750,6750,0
2022-04-21 13:20:00,6750,6750,6750,6750,0
2022-04-21 13:21:00,6750,6750,6750,6750,0
2022-04-21 13:22:00,6750,6750,6750,6750,0
2022-04-21 13:23:00,6750,6750,6750,6750,0
2022-04-21 13:24:00,6750,6750,6750,6750,0
2022-04-21 13:25:00,6750,6750,6750,6750,0
2022-04-21 13:26:00,6750,6750,6750,6750,0
2022-04-21 13:27:00,6750,6750,6750,6750,0
2022-04-21 13:28:00,6750,6750,6750,6750,0
2022-04-21 13:29:00,6750,6750,6750,6750,0
2022-04-21 13:30:00,6750,6750,6775,6750,173100
2022-04-21 13:31:00,6750,6750,6750,6750,11100
2022-04-21 13:32:00,6750,6750,6750,6750,0
2022-04-21 13:33:00,6750,6750,6750,6750,66400
2022-04-21 13:34:00,6750,6750,6750,6750,0
2022-04-21 13:35:00,6750,6750,6750,6750,1900
2022-04-21 13:36:00,6750,6750,6750,6750,0
2022-04-21 13:37:00,6750,6725,6750,6725,40400
2022-04-21 13:38:00,6750,6750,6750,6750,20300
2022-04-21 13:39:00,6750,6750,6750,6750,2300
2022-04-21 13:40:00,6750,6750,6750,6750,900
2022-04-21 13:41:00,6750,6750,6750,6750,1200
2022-04-21 13:42:00,6750,6750,6775,6775,187500
2022-04-21 13:43:00,6800,6775,6800,6775,3100
2022-04-21 13:44:00,6775,6775,6775,6775,200
2022-04-21 13:45:00,6775,6775,6775,6775,100
2022-04-21 13:46:00,6775,6775,6775,6775,0
2022-04-21 13:47:00,6775,6775,6775,6775,400
2022-04-21 13:48:00,6775,6775,6775,6775,0
2022-04-21 13:49:00,6800,6800,6800,6800,211900
2022-04-21 13:50:00,6800,6800,6800,6800,0
2022-04-21 13:51:00,6800,6800,6800,6800,0
2022-04-21 13:52:00,6800,6800,6800,6800,0
2022-04-21 13:53:00,6800,6800,6800,6800,10000
2022-04-21 13:54:00,6800,6800,6800,6800,0
2022-04-21 13:55:00,6800,6800,6800,6800,0
2022-04-21 13:56:00,6800,6800,6800,6800,0
2022-04-21 13:57:00,6800,6800,6800,6800,10000
2022-04-21 13:58:00,6825,6800,6825,6800,700
2022-04-21 13:59:00,6825,6800,6825,6800,0
2022-04-21 14:00:00,6800,6800,6825,6825,300
2022-04-21 14:01:00,6800,6800,6825,6825,0
2022-04-21 14:02:00,6800,6800,6800,6800,2000
2022-04-21 14:03:00,6800,6800,6800,6800,58100
2022-04-21 14:04:00,6800,6800,6800,6800,8600
2022-04-21 14:05:00,6800,6800,6800,6800,0
2022-04-21 14:06:00,6800,6800,6800,6800,500
2022-04-21 14:07:00,6800,6800,6800,6800,2400
2022-04-21 14:08:00,6800,6800,6800,6800,3600
2022-04-21 14:09:00,6800,6775,6800,6775,1300
2022-04-21 14:10:00,6775,6775,6775,6775,200
2022-04-21 14:11:00,6800,6800,6800,6800,4000
2022-04-21 14:12:00,6800,6800,6800,6800,11100
2022-04-21 14:13:00,6800,6800,6800,6800,4100
2022-04-21 14:14:00,6800,6800,6800,6800,0
2022-04-21 14:15:00,6800,6800,6800,6800,500
2022-04-21 14:16:00,6800,6800,6800,6800,4100
2022-04-21 14:17:00,6800,6800,6800,6800,4000
2022-04-21 14:18:00,6775,6775,6800,6800,31600
2022-04-21 14:19:00,6800,6800,6800,6800,600
2022-04-21 14:20:00,6800,6800,6800,6800,6400
2022-04-21 14:21:00,6800,6800,6825,6825,2800
2022-04-21 14:22:00,6800,6800,6800,6800,2000
2022-04-21 14:23:00,6800,6800,6800,6800,200
2022-04-21 14:24:00,6800,6800,6800,6800,0
2022-04-21 14:25:00,6800,6800,6825,6800,9000
2022-04-21 14:26:00,6800,6800,6800,6800,2000
2022-04-21 14:27:00,6775,6775,6800,6800,3200
2022-04-21 14:28:00,6800,6775,6800,6775,6000
2022-04-21 14:29:00,6775,6775,6775,6775,5200
2022-04-21 14:30:00,6775,6775,6775,6775,100
2022-04-21 14:31:00,6775,6775,6775,6775,700
2022-04-21 14:32:00,6800,6800,6800,6800,300
2022-04-21 14:33:00,6800,6800,6800,6800,0
2022-04-21 14:34:00,6800,6800,6800,6800,600
2022-04-21 14:35:00,6775,6775,6775,6775,600
2022-04-21 14:36:00,6775,6775,6775,6775,0
2022-04-21 14:37:00,6775,6775,6800,6800,3100
2022-04-21 14:38:00,6800,6775,6800,6775,1600
2022-04-21 14:39:00,6800,6800,6800,6800,400
2022-04-21 14:40:00,6800,6775,6800,6775,1100
2022-04-21 14:41:00,6800,6800,6800,6800,13200
2022-04-21 14:42:00,6775,6775,6800,6800,400
2022-04-21 14:43:00,6775,6775,6775,6775,1500
2022-04-21 14:44:00,6775,6775,6775,6775,6300
2022-04-21 14:45:00,6775,6775,6775,6775,1600
2022-04-21 14:46:00,6775,6775,6775,6775,1300
2022-04-21 14:47:00,6800,6800,6800,6800,1500
2022-04-21 14:48:00,6800,6775,6800,6775,7200
2022-04-21 14:49:00,6775,6775,6800,6775,4200
2022-04-21 14:50:00,6775,6775,6800,6775,0
2022-04-21 14:51:00,6775,6775,6800,6775,0
2022-04-21 14:52:00,6775,6775,6800,6775,0
2022-04-21 14:53:00,6775,6775,6800,6775,0
2022-04-21 14:54:00,6775,6775,6800,6775,0
2022-04-21 14:55:00,6775,6775,6800,6775,0
2022-04-21 14:56:00,6775,6775,6800,6775,0
2022-04-21 14:57:00,6775,6775,6800,6775,0
2022-04-21 14:58:00,6775,6775,6800,6775,0
2022-04-21 14:59:00,6775,6775,6800,6775,0
2022-04-21 15:00:00,6775,6775,6775,6775,59400
2022-04-21 15:01:00,6775,6775,6775,6775,0
2022-04-21 15:02:00,6775,6775,6775,6775,0
2022-04-21 15:03:00,6775,6775,6775,6775,2000
2022-04-21 15:04:00,6775,6775,6775,6775,2000
2022-04-21 15:05:00,6775,6775,6775,6775,20000
2022-04-21 15:06:00,6775,6775,6775,6775,0
2022-04-21 15:07:00,6775,6775,6775,6775,0
2022-04-21 15:08:00,6775,6775,6775,6775,0
2022-04-21 15:09:00,6775,6775,6775,6775,0
2022-04-21 15:10:00,6775,6775,6775,6775,0
2022-04-21 15:11:00,6775,6775,6775,6775,0
2022-04-21 15:12:00,6775,6775,6775,6775,5200
2022-04-21 15:13:00,6775,6775,6775,6775,0
2022-04-21 15:14:00,6775,6775,6775,6775,5500
2022-04-21 15:15:00,6775,6775,6775,6775,0
2022-04-21 15:16:00,6775,6775,6775,6775,0
2022-04-21 15:17:00,6775,6775,6775,6775,0
2022-04-21 15:18:00,6775,6775,6775,6775,0
2022-04-21 15:19:00,6775,6775,6775,6775,0
2022-04-21 15:20:00,6775,6775,6775,6775,0
2022-04-21 15:21:00,6775,6775,6775,6775,0
2022-04-21 15:22:00,6775,6775,6775,6775,0
2022-04-21 15:23:00,6775,6775,6775,6775,0
2022-04-21 15:24:00,6775,6775,6775,6775,0
2022-04-21 15:25:00,6775,6775,6775,6775,0
2022-04-21 15:26:00,6775,6775,6775,6775,0
2022-04-21 15:27:00,6775,6775,6775,6775,0
2022-04-21 15:28:00,6775,6775,6775,6775,0
2022-04-21 15:29:00,6775,6775,6775,6775,0
2022-04-21 15:30:00,6775,6775,6775,6775,0
2022-04-21 15:31:00,6775,6775,6775,6775,0
2022-04-21 15:32:00,6775,6775,6775,6775,0
2022-04-21 15:33:00,6775,6775,6775,6775,0
2022-04-21 15:34:00,6775,6775,6775,6775,0
2022-04-21 15:35:00,6775,6775,6775,6775,0
2022-04-21 15:36:00,6775,6775,6775,6775,0
2022-04-21 15:37:00,6775,6775,6775,6775,0
2022-04-21 15:38:00,6775,6775,6775,6775,0
2022-04-21 15:39:00,6775,6775,6775,6775,0
2022-04-21 15:40:00,6775,6775,6775,6775,0
2022-04-21 15:41:00,6775,6775,6775,6775,0
2022-04-21 15:42:00,6775,6775,6775,6775,0
2022-04-21 15:43:00,6775,6775,6775,6775,0
2022-04-21 15:44:00,6775,6775,6775,6775,0
2022-04-21 15:45:00,6775,6775,6775,6775,0
2022-04-21 15:46:00,6775,6775,6775,6775,0
2022-04-21 15:47:00,6775,6775,6775,6775,0
2022-04-21 15:48:00,6775,6775,6775,6775,0
2022-04-21 15:49:00,6775,6775,6775,6775,0
2022-04-21 15:50:00,6775,6775,6775,6775,0
2022-04-21 15:51:00,6775,6775,6775,6775,0
2022-04-21 15:52:00,6775,6775,6775,6775,0
2022-04-21 15:53:00,6775,6775,6775,6775,0
2022-04-21 15:54:00,6775,6775,6775,6775,0
2022-04-21 15:55:00,6775,6775,6775,6775,0
2022-04-21 15:56:00,6775,6775,6775,6775,0
2022-04-21 15:57:00,6775,6775,6775,6775,0
2022-04-21 15:58:00,6775,6775,6775,6775,0
2022-04-21 15:59:00,6775,6775,6775,6775,0
2022-04-22 09:00:00,6725,6725,6725,6725,8200
2022-04-22 09:01:00,6725,6725,6750,6750,3300
2022-04-22 09:02:00,6725,6725,6725,6725,500
2022-04-22 09:03:00,6725,6725,6725,6725,79200
2022-04-22 09:04:00,6700,6700,6725,6700,53000
2022-04-22 09:05:00,6700,6700,6725,6725,3700
2022-04-22 09:06:00,6725,6700,6725,6700,4000
2022-04-22 09:07:00,6725,6725,6725,6725,2900
2022-04-22 09:08:00,6725,6725,6725,6725,26500
2022-04-22 09:09:00,6725,6725,6725,6725,7900
2022-04-22 09:10:00,6725,6725,6725,6725,0
2022-04-22 09:11:00,6725,6725,6725,6725,24300
2022-04-22 09:12:00,6725,6725,6725,6725,2600
2022-04-22 09:13:00,6750,6750,6750,6750,1000
2022-04-22 09:14:00,6725,6725,6750,6750,7700
2022-04-22 09:15:00,6750,6725,6750,6725,7800
2022-04-22 09:16:00,6725,6725,6750,6725,7400
2022-04-22 09:17:00,6725,6725,6750,6750,4800
2022-04-22 09:18:00,6725,6725,6750,6725,2900
2022-04-22 09:19:00,6725,6725,6725,6725,1600
2022-04-22 09:20:00,6725,6725,6725,6725,300
2022-04-22 09:21:00,6750,6725,6750,6725,300
2022-04-22 09:22:00,6725,6725,6750,6725,1300
2022-04-22 09:23:00,6750,6725,6750,6725,27300
2022-04-22 09:24:00,6725,6725,6725,6725,400
2022-04-22 09:25:00,6750,6725,6750,6725,400
2022-04-22 09:26:00,6750,6725,6750,6725,400
2022-04-22 09:27:00,6750,6725,6750,6750,2200
2022-04-22 09:28:00,6750,6750,6750,6750,100
2022-04-22 09:29:00,6725,6725,6725,6725,200
2022-04-22 09:30:00,6725,6725,6750,6750,2500
2022-04-22 09:31:00,6750,6750,6750,6750,28000
2022-04-22 09:32:00,6775,6775,6775,6775,40400
2022-04-22 09:33:00,6775,6775,6775,6775,100
2022-04-22 09:34:00,6800,6800,6825,6800,55900
2022-04-22 09:35:00,6800,6800,6825,6825,3300
2022-04-22 09:36:00,6825,6800,6825,6800,600
2022-04-22 09:37:00,6800,6800,6800,6800,500
2022-04-22 09:38:00,6800,6775,6800,6800,8400
2022-04-22 09:39:00,6800,6800,6800,6800,10400
2022-04-22 09:40:00,6775,6775,6775,6775,2900
2022-04-22 09:41:00,6775,6775,6800,6775,5400
2022-04-22 09:42:00,6775,6775,6775,6775,2100
2022-04-22 09:43:00,6775,6775,6775,6775,0
2022-04-22 09:44:00,6775,6775,6775,6775,5700
2022-04-22 09:45:00,6775,6775,6775,6775,0
2022-04-22 09:46:00,6775,6775,6775,6775,400
2022-04-22 09:47:00,6775,6775,6775,6775,12200
2022-04-22 09:48:00,6775,6775,6775,6775,3200
2022-04-22 09:49:00,6775,6775,6775,6775,3700
2022-04-22 09:50:00,6775,6775,6775,6775,0
2022-04-22 09:51:00,6775,6775,6775,6775,3000
2022-04-22 09:52:00,6775,6775,6775,6775,5300
2022-04-22 09:53:00,6775,6775,6775,6775,2300
2022-04-22 09:54:00,6775,6775,6800,6800,2200
2022-04-22 09:55:00,6775,6775,6775,6775,6800
2022-04-22 09:56:00,6800,6800,6800,6800,90000
2022-04-22 09:57:00,6800,6800,6800,6800,100
2022-04-22 09:58:00,6775,6775,6775,6775,1100
2022-04-22 09:59:00,6800,6800,6800,6800,1100
2022-04-22 10:00:00,6775,6775,6775,6775,100
2022-04-22 10:01:00,6800,6775,6800,6775,400
2022-04-22 10:02:00,6800,6775,6800,6775,0
2022-04-22 10:03:00,6800,6775,6800,6775,4100
2022-04-22 10:04:00,6775,6775,6775,6775,100
2022-04-22 10:05:00,6800,6800,6800,6800,100
2022-04-22 10:06:00,6775,6775,6800,6775,500
2022-04-22 10:07:00,6775,6775,6775,6775,2600
2022-04-22 10:08:00,6775,6775,6775,6775,300
2022-04-22 10:09:00,6775,6775,6775,6775,19900
2022-04-22 10:10:00,6800,6800,6800,6800,500
2022-04-22 10:11:00,6775,6775,6775,6775,300
2022-04-22 10:12:00,6775,6775,6775,6775,4600
2022-04-22 10:13:00,6775,6775,6775,6775,900
2022-04-22 10:14:00,6775,6775,6775,6775,8000
2022-04-22 10:15:00,6775,6775,6775,6775,1600
2022-04-22 10:16:00,6775,6750,6775,6750,89400
2022-04-22 10:17:00,6750,6750,6750,6750,1300
2022-04-22 10:18:00,6750,6750,6750,6750,300
2022-04-22 10:19:00,6750,6750,6750,6750,15500
2022-04-22 10:20:00,6750,6750,6750,6750,2200
2022-04-22 10:21:00,6750,6750,6750,6750,3400
2022-04-22 10:22:00,6750,6750,6750,6750,200
2022-04-22 10:23:00,6750,6750,6750,6750,0
2022-04-22 10:24:00,6750,6750,6750,6750,5100
2022-04-22 10:25:00,6750,6750,6750,6750,2500
2022-04-22 10:26:00,6750,6750,6750,6750,500
2022-04-22 10:27:00,6750,6750,6750,6750,2800
2022-04-22 10:28:00,6750,6750,6750,6750,4200
2022-04-22 10:29:00,6750,6750,6750,6750,2700
2022-04-22 10:30:00,6750,6750,6750,6750,8300
2022-04-22 10:31:00,6750,6750,6775,6750,3000
2022-04-22 10:32:00,6750,6750,6750,6750,3600
2022-04-22 10:33:00,6750,6750,6750,6750,53300
2022-04-22 10:34:00,6750,6750,6750,6750,2800
2022-04-22 10:35:00,6750,6750,6750,6750,12600
2022-04-22 10:36:00,6750,6750,6750,6750,2400
2022-04-22 10:37:00,6750,6750,6750,6750,95800
2022-04-22 10:38:00,6725,6725,6750,6725,4400
2022-04-22 10:39:00,6750,6750,6750,6750,100
2022-04-22 10:40:00,6725,6725,6725,6725,10200
2022-04-22 10:41:00,6725,6725,6725,6725,5300
2022-04-22 10:42:00,6725,6725,6725,6725,700
2022-04-22 10:43:00,6725,6725,6725,6725,6900
2022-04-22 10:44:00,6725,6725,6725,6725,700
2022-04-22 10:45:00,6725,6725,6725,6725,500
2022-04-22 10:46:00,6725,6725,6725,6725,2300
2022-04-22 10:47:00,6725,6725,6725,6725,3700
2022-04-22 10:48:00,6725,6725,6725,6725,2500
2022-04-22 10:49:00,6725,6725,6725,6725,4800
2022-04-22 10:50:00,6725,6725,6725,6725,2900
2022-04-22 10:51:00,6725,6725,6725,6725,3000
2022-04-22 10:52:00,6725,6725,6725,6725,3500
2022-04-22 10:53:00,6750,6750,6750,6750,100
2022-04-22 10:54:00,6725,6725,6725,6725,1200
2022-04-22 10:55:00,6725,6725,6725,6725,19100
2022-04-22 10:56:00,6725,6725,6725,6725,2400
2022-04-22 10:57:00,6725,6725,6725,6725,2600
2022-04-22 10:58:00,6725,6725,6725,6725,7800
2022-04-22 10:59:00,6725,6725,6725,6725,0
2022-04-22 11:00:00,6725,6725,6725,6725,3400
2022-04-22 11:01:00,6750,6725,6750,6725,8500
2022-04-22 11:02:00,6725,6700,6725,6700,42600
2022-04-22 11:03:00,6700,6700,6725,6700,16000
2022-04-22 11:04:00,6700,6700,6700,6700,12900
2022-04-22 11:05:00,6700,6700,6700,6700,3700
2022-04-22 11:06:00,6700,6700,6725,6700,20700
2022-04-22 11:07:00,6700,6700,6700,6700,2100
2022-04-22 11:08:00,6700,6700,6700,6700,2800
2022-04-22 11:09:00,6700,6700,6725,6700,6200
2022-04-22 11:10:00,6725,6700,6725,6700,17900
2022-04-22 11:11:00,6700,6700,6700,6700,2200
2022-04-22 11:12:00,6700,6700,6700,6700,5300
2022-04-22 11:13:00,6700,6700,6700,6700,1900
2022-04-22 11:14:00,6700,6700,6700,6700,4700
2022-04-22 11:15:00,6725,6700,6725,6700,700
2022-04-22 11:16:00,6725,6700,6725,6700,900
2022-04-22 11:17:00,6700,6700,6725,6725,700
2022-04-22 11:18:00,6725,6725,6725,6725,1000
2022-04-22 11:19:00,6700,6700,6700,6700,1100
2022-04-22 11:20:00,6725,6700,6725,6700,17800
2022-04-22 11:21:00,6725,6700,6725,6700,5500
2022-04-22 11:22:00,6700,6675,6700,6675,336800
2022-04-22 11:23:00,6675,6675,6675,6675,8300
2022-04-22 11:24:00,6675,6675,6675,6675,4500
2022-04-22 11:25:00,6675,6675,6700,6675,19800
2022-04-22 11:26:00,6700,6700,6700,6700,23400
2022-04-22 11:27:00,6700,6700,6700,6700,1000
2022-04-22 11:28:00,6700,6700,6700,6700,100
2022-04-22 11:29:00,6700,6700,6700,6700,7900
2022-04-22 11:30:00,6700,6700,6700,6700,0
2022-04-22 11:31:00,6700,6700,6700,6700,0
2022-04-22 11:32:00,6700,6700,6700,6700,0
2022-04-22 11:33:00,6700,6700,6700,6700,0
2022-04-22 11:34:00,6700,6700,6700,6700,0
2022-04-22 11:35:00,6700,6700,6700,6700,0
2022-04-22 11:36:00,6700,6700,6700,6700,0
2022-04-22 11:37:00,6700,6700,6700,6700,0
2022-04-22 11:38:00,6700,6700,6700,6700,0
2022-04-22 11:39:00,6700,6700,6700,6700,0
2022-04-22 11:40:00,6700,6700,6700,6700,0
2022-04-22 11:41:00,6700,6700,6700,6700,0
2022-04-22 11:42:00,6700,6700,6700,6700,0
2022-04-22 11:43:00,6700,6700,6700,6700,0
2022-04-22 11:44:00,6700,6700,6700,6700,0
2022-04-22 11:45:00,6700,6700,6700,6700,0
2022-04-22 11:46:00,6700,6700,6700,6700,0
2022-04-22 11:47:00,6700,6700,6700,6700,0
2022-04-22 11:48:00,6700,6700,6700,6700,0
2022-04-22 11:49:00,6700,6700,6700,6700,0
2022-04-22 11:50:00,6700,6700,6700,6700,0
2022-04-22 11:51:00,6700,6700,6700,6700,0
2022-04-22 11:52:00,6700,6700,6700,6700,0
2022-04-22 11:53:00,6700,6700,6700,6700,0
2022-04-22 11:54:00,6700,6700,6700,6700,0
2022-04-22 11:55:00,6700,6700,6700,6700,0
2022-04-22 11:56:00,6700,6700,6700,6700,0
2022-04-22 11:57:00,6700,6700,6700,6700,0
2022-04-22 11:58:00,6700,6700,6700,6700,0
2022-04-22 11:59:00,6700,6700,6700,6700,0
2022-04-22 12:00:00,6700,6700,6700,6700,0
2022-04-22 12:01:00,6700,6700,6700,6700,0
2022-04-22 12:02:00,6700,6700,6700,6700,0
2022-04-22 12:03:00,6700,6700,6700,6700,0
2022-04-22 12:04:00,6700,6700,6700,6700,0
2022-04-22 12:05:00,6700,6700,6700,6700,0
2022-04-22 12:06:00,6700,6700,6700,6700,0
2022-04-22 12:07:00,6700,6700,6700,6700,0
2022-04-22 12:08:00,6700,6700,6700,6700,0
2022-04-22 12:09:00,6700,6700,6700,6700,0
2022-04-22 12:10:00,6700,6700,6700,6700,0
2022-04-22 12:11:00,6700,6700,6700,6700,0
2022-04-22 12:12:00,6700,6700,6700,6700,0
2022-04-22 12:13:00,6700,6700,6700,6700,0
2022-04-22 12:14:00,6700,6700,6700,6700,0
2022-04-22 12:15:00,6700,6700,6700,6700,0
2022-04-22 12:16:00,6700,6700,6700,6700,0
2022-04-22 12:17:00,6700,6700,6700,6700,0
2022-04-22 12:18:00,6700,6700,6700,6700,0
2022-04-22 12:19:00,6700,6700,6700,6700,0
2022-04-22 12:20:00,6700,6700,6700,6700,0
2022-04-22 12:21:00,6700,6700,6700,6700,0
2022-04-22 12:22:00,6700,6700,6700,6700,0
2022-04-22 12:23:00,6700,6700,6700,6700,0
2022-04-22 12:24:00,6700,6700,6700,6700,0
2022-04-22 12:25:00,6700,6700,6700,6700,0
2022-04-22 12:26:00,6700,6700,6700,6700,0
2022-04-22 12:27:00,6700,6700,6700,6700,0
2022-04-22 12:28:00,6700,6700,6700,6700,0
2022-04-22 12:29:00,6700,6700,6700,6700,0
2022-04-22 12:30:00,6700,6700,6700,6700,0
2022-04-22 12:31:00,6700,6700,6700,6700,0
2022-04-22 12:32:00,6700,6700,6700,6700,0
2022-04-22 12:33:00,6700,6700,6700,6700,0
2022-04-22 12:34:00,6700,6700,6700,6700,0
2022-04-22 12:35:00,6700,6700,6700,6700,0
2022-04-22 12:36:00,6700,6700,6700,6700,0
2022-04-22 12:37:00,6700,6700,6700,6700,0
2022-04-22 12:38:00,6700,6700,6700,6700,0
2022-04-22 12:39:00,6700,6700,6700,6700,0
2022-04-22 12:40:00,6700,6700,6700,6700,0
2022-04-22 12:41:00,6700,6700,6700,6700,0
2022-04-22 12:42:00,6700,6700,6700,6700,0
2022-04-22 12:43:00,6700,6700,6700,6700,0
2022-04-22 12:44:00,6700,6700,6700,6700,0
2022-04-22 12:45:00,6700,6700,6700,6700,0
2022-04-22 12:46:00,6700,6700,6700,6700,0
2022-04-22 12:47:00,6700,6700,6700,6700,0
2022-04-22 12:48:00,6700,6700,6700,6700,0
2022-04-22 12:49:00,6700,6700,6700,6700,0
2022-04-22 12:50:00,6700,6700,6700,6700,0
2022-04-22 12:51:00,6700,6700,6700,6700,0
2022-04-22 12:52:00,6700,6700,6700,6700,0
2022-04-22 12:53:00,6700,6700,6700,6700,0
2022-04-22 12:54:00,6700,6700,6700,6700,0
2022-04-22 12:55:00,6700,6700,6700,6700,0
2022-04-22 12:56:00,6700,6700,6700,6700,0
2022-04-22 12:57:00,6700,6700,6700,6700,0
2022-04-22 12:58:00,6700,6700,6700,6700,0
2022-04-22 12:59:00,6700,6700,6700,6700,0
2022-04-22 13:00:00,6700,6700,6700,6700,0
2022-04-22 13:01:00,6700,6700,6700,6700,0
2022-04-22 13:02:00,6700,6700,6700,6700,0
2022-04-22 13:03:00,6700,6700,6700,6700,0
2022-04-22 13:04:00,6700,6700,6700,6700,0
2022-04-22 13:05:00,6700,6700,6700,6700,0
2022-04-22 13:06:00,6700,6700,6700,6700,0
2022-04-22 13:07:00,6700,6700,6700,6700,0
2022-04-22 13:08:00,6700,6700,6700,6700,0
2022-04-22 13:09:00,6700,6700,6700,6700,0
2022-04-22 13:10:00,6700,6700,6700,6700,0
2022-04-22 13:11:00,6700,6700,6700,6700,0
2022-04-22 13:12:00,6700,6700,6700,6700,0
2022-04-22 13:13:00,6700,6700,6700,6700,0
2022-04-22 13:14:00,6700,6700,6700,6700,0
2022-04-22 13:15:00,6700,6700,6700,6700,0
2022-04-22 13:16:00,6700,6700,6700,6700,0
2022-04-22 13:17:00,6700,6700,6700,6700,0
2022-04-22 13:18:00,6700,6700,6700,6700,0
2022-04-22 13:19:00,6700,6700,6700,6700,0
2022-04-22 13:20:00,6700,6700,6700,6700,0
2022-04-22 13:21:00,6700,6700,6700,6700,0
2022-04-22 13:22:00,6700,6700,6700,6700,0
2022-04-22 13:23:00,6700,6700,6700,6700,0
2022-04-22 13:24:00,6700,6700,6700,6700,0
2022-04-22 13:25:00,6700,6700,6700,6700,0
2022-04-22 13:26:00,6700,6700,6700,6700,0
2022-04-22 13:27:00,6700,6700,6700,6700,0
2022-04-22 13:28:00,6700,6700,6700,6700,0
2022-04-22 13:29:00,6700,6700,6700,6700,0
2022-04-22 13:30:00,6700,6700,6700,6700,0
2022-04-22 13:31:00,6700,6700,6700,6700,0
2022-04-22 13:32:00,6700,6700,6700,6700,0
2022-04-22 13:33:00,6700,6700,6700,6700,0
2022-04-22 13:34:00,6700,6700,6700,6700,0
2022-04-22 13:35:00,6700,6700,6700,6700,0
2022-04-22 13:36:00,6700,6700,6700,6700,0
2022-04-22 13:37:00,6700,6700,6700,6700,0
2022-04-22 13:38:00,6700,6700,6700,6700,0
2022-04-22 13:39:00,6700,6700,6700,6700,0
2022-04-22 13:40:00,6700,6700,6700,6700,0
2022-04-22 13:41:00,6700,6700,6700,6700,0
2022-04-22 13:42:00,6700,6700,6700,6700,0
2022-04-22 13:43:00,6700,6700,6700,6700,0
2022-04-22 13:44:00,6700,6700,6700,6700,0
2022-04-22 13:45:00,6700,6700,6700,6700,0
2022-04-22 13:46:00,6700,6700,6700,6700,0
2022-04-22 13:47:00,6700,6700,6700,6700,0
2022-04-22 13:48:00,6700,6700,6700,6700,0
2022-04-22 13:49:00,6700,6700,6700,6700,0
2022-04-22 13:50:00,6700,6700,6700,6700,0
2022-04-22 13:51:00,6700,6700,6700,6700,0
2022-04-22 13:52:00,6700,6700,6700,6700,0
2022-04-22 13:53:00,6700,6700,6700,6700,0
2022-04-22 13:54:00,6700,6700,6700,6700,0
2022-04-22 13:55:00,6700,6700,6700,6700,0
2022-04-22 13:56:00,6700,6700,6700,6700,0
2022-04-22 13:57:00,6700,6700,6700,6700,0
2022-04-22 13:58:00,6700,6700,6700,6700,0
2022-04-22 13:59:00,6700,6700,6700,6700,0
2022-04-22 14:00:00,6700,6700,6700,6700,0
2022-04-22 14:01:00,6700,6700,6700,6700,0
2022-04-22 14:02:00,6700,6700,6700,6700,0
2022-04-22 14:03:00,6700,6700,6700,6700,0
2022-04-22 14:04:00,6700,6700,6700,6700,0
2022-04-22 14:05:00,6700,6700,6700,6700,0
2022-04-22 14:06:00,6700,6700,6700,6700,0
2022-04-22 14:07:00,6700,6700,6700,6700,0
2022-04-22 14:08:00,6700,6700,6700,6700,0
2022-04-22 14:09:00,6700,6700,6700,6700,0
2022-04-22 14:10:00,6700,6700,6700,6700,0
2022-04-22 14:11:00,6700,6700,6700,6700,0
2022-04-22 14:12:00,6700,6700,6700,6700,0
2022-04-22 14:13:00,6700,6700,6700,6700,0
2022-04-22 14:14:00,6700,6700,6700,6700,0
2022-04-22 14:15:00,6700,6700,6700,6700,0
2022-04-22 14:16:00,6700,6700,6700,6700,0
2022-04-22 14:17:00,6700,6700,6700,6700,0
2022-04-22 14:18:00,6700,6700,6700,6700,0
2022-04-22 14:19:00,6700,6700,6700,6700,0
2022-04-22 14:20:00,6700,6700,6700,6700,0
2022-04-22 14:21:00,6700,6700,6700,6700,0
2022-04-22 14:22:00,6700,6700,6700,6700,0
2022-04-22 14:23:00,6700,6700,6700,6700,0
2022-04-22 14:24:00,6700,6700,6700,6700,0
2022-04-22 14:25:00,6700,6700,6700,6700,0
2022-04-22 14:26:00,6700,6700,6700,6700,0
2022-04-22 14:27:00,6700,6700,6700,6700,0
2022-04-22 14:28:00,6700,6700,6700,6700,0
2022-04-22 14:29:00,6700,6700,6700,6700,0
2022-04-22 14:30:00,6700,6700,6700,6700,0
2022-04-22 14:31:00,6700,6700,6700,6700,0
2022-04-22 14:32:00,6700,6700,6700,6700,0
2022-04-22 14:33:00,6700,6700,6700,6700,0
2022-04-22 14:34:00,6700,6700,6700,6700,0
2022-04-22 14:35:00,6700,6700,6700,6700,0
2022-04-22 14:36:00,6700,6700,6700,6700,0
2022-04-22 14:37:00,6700,6700,6700,6700,0
2022-04-22 14:38:00,6700,6700,6700,6700,0
2022-04-22 14:39:00,6700,6700,6700,6700,0
2022-04-22 14:40:00,6700,6700,6700,6700,0
2022-04-22 14:41:00,6700,6700,6700,6700,0
2022-04-22 14:42:00,6700,6700,6700,6700,0
2022-04-22 14:43:00,6700,6700,6700,6700,0
2022-04-22 14:44:00,6700,6700,6700,6700,0
2022-04-22 14:45:00,6700,6700,6700,6700,0
2022-04-22 14:46:00,6700,6700,6700,6700,0
2022-04-22 14:47:00,6700,6700,6700,6700,0
2022-04-22 14:48:00,6700,6700,6700,6700,0
2022-04-22 14:49:00,6700,6700,6700,6700,0
2022-04-22 14:50:00,6700,6700,6700,6700,0
2022-04-22 14:51:00,6700,6700,6700,6700,0
2022-04-22 14:52:00,6700,6700,6700,6700,0
2022-04-22 14:53:00,6700,6700,6700,6700,0
2022-04-22 14:54:00,6700,6700,6700,6700,0
2022-04-22 14:55:00,6700,6700,6700,6700,0
2022-04-22 14:56:00,6700,6700,6700,6700,0
2022-04-22 14:57:00,6700,6700,6700,6700,0
2022-04-22 14:58:00,6700,6700,6700,6700,0
2022-04-22 14:59:00,6700,6700,6700,6700,0
2022-04-22 15:00:00,6700,6700,6700,6700,0
2022-04-22 15:01:00,6700,6700,6700,6700,0
2022-04-22 15:02:00,6700,6700,6700,6700,0
2022-04-22 15:03:00,6700,6700,6700,6700,0
2022-04-22 15:04:00,6700,6700,6700,6700,0
2022-04-22 15:05:00,6700,6700,6700,6700,0
2022-04-22 15:06:00,6700,6700,6700,6700,0
2022-04-22 15:07:00,6700,6700,6700,6700,0
2022-04-22 15:08:00,6700,6700,6700,6700,0
2022-04-22 15:09:00,6700,6700,6700,6700,0
2022-04-22 15:10:00,6700,6700,6700,6700,0
2022-04-22 15:11:00,6700,6700,6700,6700,0
2022-04-22 15:12:00,6700,6700,6700,6700,0
2022-04-22 15:13:00,6700,6700,6700,6700,0
2022-04-22 15:14:00,6700,6700,6700,6700,0
2022-04-22 15:15:00,6700,6700,6700,6700,0
2022-04-22 15:16:00,6700,6700,6700,6700,0
2022-04-22 15:17:00,6700,6700,6700,6700,0
2022-04-22 15:18:00,6700,6700,6700,6700,0
2022-04-22 15:19:00,6700,6700,6700,6700,0
2022-04-22 15:20:00,6700,6700,6700,6700,0
2022-04-22 15:21:00,6700,6700,6700,6700,0
2022-04-22 15:22:00,6700,6700,6700,6700,0
2022-04-22 15:23:00,6700,6700,6700,6700,0
2022-04-22 15:24:00,6700,6700,6700,6700,0
2022-04-22 15:25:00,6700,6700,6700,6700,0
2022-04-22 15:26:00,6700,6700,6700,6700,0
2022-04-22 15:27:00,6700,6700,6700,6700,0
2022-04-22 15:28:00,6700,6700,6700,6700,0
2022-04-22 15:29:00,6700,6700,6700,6700,0
2022-04-22 15:30:00,6700,6700,6700,6700,0
2022-04-22 15:31:00,6700,6700,6700,6700,0
2022-04-22 15:32:00,6700,6700,6700,6700,0
2022-04-22 15:33:00,6700,6700,6700,6700,0
2022-04-22 15:34:00,6700,6700,6700,6700,0
2022-04-22 15:35:00,6700,6700,6700,6700,0
2022-04-22 15:36:00,6700,6700,6700,6700,0
2022-04-22 15:37:00,6700,6700,6700,6700,0
2022-04-22 15:38:00,6700,6700,6700,6700,0
2022-04-22 15:39:00,6700,6700,6700,6700,0
2022-04-22 15:40:00,6700,6700,6700,6700,0
2022-04-22 15:41:00,6700,6700,6700,6700,0
2022-04-22 15:42:00,6700,6700,6700,6700,0
2022-04-22 15:43:00,6700,6700,6700,6700,0
2022-04-22 15:44:00,6700,6700,6700,6700,0
2022-04-22 15:45:00,6700,6700,6700,6700,0
2022-04-22 15:46:00,6700,6700,6700,6700,0
2022-04-22 15:47:00,6700,6700,6700,6700,0
2022-04-22 15:48:00,6700,6700,6700,6700,0
2022-04-22 15:49:00,6700,6700,6700,6700,0
2022-04-22 15:50:00,6700,6700,6700,6700,0
2022-04-22 15:51:00,6700,6700,6700,6700,0
2022-04-22 15:52:00,6700,6700,6700,6700,0
2022-04-22 15:53:00,6700,6700,6700,6700,0
2022-04-22 15:54:00,6700,6700,6700,6700,0
2022-04-22 15:55:00,6700,6700,6700,6700,0
2022-04-22 15:56:00,6700,6700,6700,6700,0
2022-04-22 15:57:00,6700,6700,6700,6700,0
2022-04-22 15:58:00,6700,6700,6700,6700,0
2022-04-22 15:59:00,6700,6700,6700,6700,0
2022-04-25 09:00:00,6675,6625,6700,6625,40400
2022-04-25 09:01:00,6625,6625,6650,6650,1300
2022-04-25 09:02:00,6625,6625,6650,6650,38800
2022-04-25 09:03:00,6650,6625,6650,6625,2400
2022-04-25 09:04:00,6625,6625,6675,6675,25100
2022-04-25 09:05:00,6675,6650,6675,6650,21600
2022-04-25 09:06:00,6625,6625,6650,6625,21600
2022-04-25 09:07:00,6625,6600,6650,6600,142900
2022-04-25 09:08:00,6625,6600,6625,6600,36700
2022-04-25 09:09:00,6575,6575,6600,6600,18100
2022-04-25 09:10:00,6600,6550,6600,6575,32900
2022-04-25 09:11:00,6575,6575,6600,6600,4200
2022-04-25 09:12:00,6600,6575,6600,6575,1200
2022-04-25 09:13:00,6600,6575,6600,6575,22200
2022-04-25 09:14:00,6575,6575,6600,6575,6500
2022-04-25 09:15:00,6575,6575,6575,6575,12400
2022-04-25 09:16:00,6575,6575,6625,6600,66500
2022-04-25 09:17:00,6600,6600,6625,6625,4600
2022-04-25 09:18:00,6625,6600,6625,6600,26300
2022-04-25 09:19:00,6600,6600,6600,6600,1000
2022-04-25 09:20:00,6600,6600,6625,6600,31400
2022-04-25 09:21:00,6600,6600,6600,6600,44000
2022-04-25 09:22:00,6600,6600,6600,6600,55000
2022-04-25 09:23:00,6600,6575,6600,6575,15000
2022-04-25 09:24:00,6575,6575,6575,6575,1300
2022-04-25 09:25:00,6575,6575,6575,6575,24000
2022-04-25 09:26:00,6575,6575,6575,6575,0
2022-04-25 09:27:00,6575,6575,6575,6575,7400
2022-04-25 09:28:00,6575,6575,6600,6575,7100
2022-04-25 09:29:00,6600,6575,6600,6575,2400
2022-04-25 09:30:00,6575,6575,6600,6600,4600
2022-04-25 09:31:00,6575,6575,6600,6600,2100
2022-04-25 09:32:00,6575,6575,6575,6575,11500
2022-04-25 09:33:00,6575,6575,6600,6575,5700
2022-04-25 09:34:00,6575,6575,6575,6575,31400
2022-04-25 09:35:00,6575,6575,6575,6575,33800
2022-04-25 09:36:00,6575,6575,6575,6575,500
2022-04-25 09:37:00,6575,6575,6575,6575,0
2022-04-25 09:38:00,6575,6575,6575,6575,8300
2022-04-25 09:39:00,6575,6575,6575,6575,0
2022-04-25 09:40:00,6600,6600,6600,6600,58800
2022-04-25 09:41:00,6625,6625,6625,6625,6200
2022-04-25 09:42:00,6600,6575,6600,6575,39900
2022-04-25 09:43:00,6600,6575,6600,6600,2500
2022-04-25 09:44:00,6600,6575,6600,6575,100900
2022-04-25 09:45:00,6575,6575,6600,6600,700
2022-04-25 09:46:00,6575,6575,6575,6575,29200
2022-04-25 09:47:00,6575,6575,6575,6575,3300
2022-04-25 09:48:00,6550,6550,6575,6575,8700
2022-04-25 09:49:00,6575,6575,6575,6575,600
2022-04-25 09:50:00,6575,6575,6600,6575,2100
2022-04-25 09:51:00,6575,6575,6600,6575,0
2022-04-25 09:52:00,6600,6600,6600,6600,1200
2022-04-25 09:53:00,6600,6575,6600,6575,400
2022-04-25 09:54:00,6575,6575,6575,6575,2500
2022-04-25 09:55:00,6575,6575,6575,6575,30700
2022-04-25 09:56:00,6575,6575,6575,6575,100
2022-04-25 09:57:00,6575,6575,6575,6575,800
2022-04-25 09:58:00,6575,6575,6575,6575,400
2022-04-25 09:59:00,6575,6575,6600,6600,800
2022-04-25 10:00:00,6600,6600,6600,6600,1400
2022-04-25 10:01:00,6600,6575,6600,6575,1800
2022-04-25 10:02:00,6575,6575,6600,6600,800
2022-04-25 10:03:00,6600,6600,6600,6600,4100
2022-04-25 10:04:00,6600,6600,6600,6600,500
2022-04-25 10:05:00,6575,6575,6600,6600,6100
2022-04-25 10:06:00,6575,6575,6600,6600,112700
2022-04-25 10:07:00,6600,6575,6600,6575,600
2022-04-25 10:08:00,6600,6600,6600,6600,100
2022-04-25 10:09:00,6600,6600,6600,6600,8200
2022-04-25 10:10:00,6625,6600,6625,6625,7300
2022-04-25 10:11:00,6625,6625,6625,6625,200
2022-04-25 10:12:00,6625,6600,6625,6600,29200
2022-04-25 10:13:00,6600,6600,6600,6600,800
2022-04-25 10:14:00,6600,6575,6600,6575,9200
2022-04-25 10:15:00,6600,6600,6600,6600,10100
2022-04-25 10:16:00,6600,6600,6600,6600,200
2022-04-25 10:17:00,6575,6575,6600,6600,2200
2022-04-25 10:18:00,6600,6575,6600,6575,150800
2022-04-25 10:19:00,6575,6575,6575,6575,2000
2022-04-25 10:20:00,6575,6575,6575,6575,4000
2022-04-25 10:21:00,6575,6575,6575,6575,8000
2022-04-25 10:22:00,6575,6575,6575,6575,900
2022-04-25 10:23:00,6575,6575,6575,6575,3300
2022-04-25 10:24:00,6600,6600,6600,6600,200
2022-04-25 10:25:00,6600,6575,6600,6575,1100
2022-04-25 10:26:00,6575,6575,6600,6600,47900
2022-04-25 10:27:00,6550,6550,6550,6550,196100
2022-04-25 10:28:00,6550,6550,6550,6550,800
2022-04-25 10:29:00,6550,6550,6575,6575,69000
2022-04-25 10:30:00,6550,6550,6575,6575,0
2022-04-25 10:31:00,6575,6575,6575,6575,600
2022-04-25 10:32:00,6575,6575,6575,6575,300
2022-04-25 10:33:00,6575,6575,6575,6575,0
2022-04-25 10:34:00,6575,6575,6575,6575,0
2022-04-25 10:35:00,6575,6575,6575,6575,0
2022-04-25 10:36:00,6600,6600,6600,6600,100
2022-04-25 10:37:00,6600,6600,6600,6600,1000
2022-04-25 10:38:00,6600,6600,6600,6600,0
2022-04-25 10:39:00,6600,6600,6600,6600,50000
2022-04-25 10:40:00,6600,6600,6600,6600,0
2022-04-25 10:41:00,6575,6575,6575,6575,34300
2022-04-25 10:42:00,6575,6575,6575,6575,1500
2022-04-25 10:43:00,6550,6550,6575,6575,600
2022-04-25 10:44:00,6575,6575,6600,6600,11200
2022-04-25 10:45:00,6600,6600,6600,6600,1100
2022-04-25 10:46:00,6600,6600,6600,6600,0
2022-04-25 10:47:00,6575,6575,6575,6575,5800
2022-04-25 10:48:00,6575,6575,6575,6575,0
2022-04-25 10:49:00,6575,6575,6575,6575,0
2022-04-25 10:50:00,6575,6575,6575,6575,16200
2022-04-25 10:51:00,6575,6575,6575,6575,500
2022-04-25 10:52:00,6575,6575,6575,6575,0
2022-04-25 10:53:00,6575,6575,6575,6575,700
2022-04-25 10:54:00,6575,6575,6575,6575,1400
2022-04-25 10:55:00,6575,6575,6575,6575,74300
2022-04-25 10:56:00,6575,6575,6575,6575,900
2022-04-25 10:57:00,6550,6550,6575,6575,7800
2022-04-25 10:58:00,6550,6550,6550,6550,2800
2022-04-25 10:59:00,6550,6550,6550,6550,2800
2022-04-25 11:00:00,6575,6575,6575,6575,1100
2022-04-25 11:01:00,6575,6575,6575,6575,300
2022-04-25 11:02:00,6550,6550,6575,6575,4900
2022-04-25 11:03:00,6550,6550,6550,6550,101400
2022-04-25 11:04:00,6550,6550,6550,6550,2800
2022-04-25 11:05:00,6550,6550,6550,6550,104600
2022-04-25 11:06:00,6550,6550,6575,6550,69900
2022-04-25 11:07:00,6550,6550,6575,6550,5400
2022-04-25 11:08:00,6550,6550,6550,6550,9200
2022-04-25 11:09:00,6575,6550,6575,6550,2100
2022-04-25 11:10:00,6550,6550,6550,6550,15700
2022-04-25 11:11:00,6550,6550,6550,6550,17400
2022-04-25 11:12:00,6575,6575,6575,6575,100
2022-04-25 11:13:00,6575,6575,6575,6575,1000
2022-04-25 11:14:00,6575,6575,6575,6575,3400
2022-04-25 11:15:00,6575,6575,6575,6575,48900
2022-04-25 11:16:00,6575,6575,6575,6575,4300
2022-04-25 11:17:00,6575,6575,6575,6575,3000
2022-04-25 11:18:00,6600,6600,6600,6600,7000
2022-04-25 11:19:00,6600,6600,6600,6600,500
2022-04-25 11:20:00,6600,6600,6600,6600,700
2022-04-25 11:21:00,6600,6600,6600,6600,200
2022-04-25 11:22:00,6600,6600,6600,6600,1200
2022-04-25 11:23:00,6575,6575,6600,6600,700
2022-04-25 11:24:00,6600,6600,6600,6600,100
2022-04-25 11:25:00,6575,6575,6600,6600,2700
2022-04-25 11:26:00,6600,6600,6600,6600,200
2022-04-25 11:27:00,6575,6575,6575,6575,2400
2022-04-25 11:28:00,6575,6575,6575,6575,0
2022-04-25 11:29:00,6600,6600,6600,6600,36900
2022-04-25 11:30:00,6600,6600,6600,6600,0
2022-04-25 11:31:00,6600,6600,6600,6600,0
2022-04-25 11:32:00,6600,6600,6600,6600,0
2022-04-25 11:33:00,6600,6600,6600,6600,0
2022-04-25 11:34:00,6600,6600,6600,6600,0
2022-04-25 11:35:00,6600,6600,6600,6600,0
2022-04-25 11:36:00,6600,6600,6600,6600,0
2022-04-25 11:37:00,6600,6600,6600,6600,0
2022-04-25 11:38:00,6600,6600,6600,6600,0
2022-04-25 11:39:00,6600,6600,6600,6600,0
2022-04-25 11:40:00,6600,6600,6600,6600,0
2022-04-25 11:41:00,6600,6600,6600,6600,0
2022-04-25 11:42:00,6600,6600,6600,6600,0
2022-04-25 11:43:00,6600,6600,6600,6600,0
2022-04-25 11:44:00,6600,6600,6600,6600,0
2022-04-25 11:45:00,6600,6600,6600,6600,0
2022-04-25 11:46:00,6600,6600,6600,6600,0
2022-04-25 11:47:00,6600,6600,6600,6600,0
2022-04-25 11:48:00,6600,6600,6600,6600,0
2022-04-25 11:49:00,6600,6600,6600,6600,0
2022-04-25 11:50:00,6600,6600,6600,6600,0
2022-04-25 11:51:00,6600,6600,6600,6600,0
2022-04-25 11:52:00,6600,6600,6600,6600,0
2022-04-25 11:53:00,6600,6600,6600,6600,0
2022-04-25 11:54:00,6600,6600,6600,6600,0
2022-04-25 11:55:00,6600,6600,6600,6600,0
2022-04-25 11:56:00,6600,6600,6600,6600,0
2022-04-25 11:57:00,6600,6600,6600,6600,0
2022-04-25 11:58:00,6600,6600,6600,6600,0
2022-04-25 11:59:00,6600,6600,6600,6600,0
2022-04-25 12:00:00,6600,6600,6600,6600,0
2022-04-25 12:01:00,6600,6600,6600,6600,0
2022-04-25 12:02:00,6600,6600,6600,6600,0
2022-04-25 12:03:00,6600,6600,6600,6600,0
2022-04-25 12:04:00,6600,6600,6600,6600,0
2022-04-25 12:05:00,6600,6600,6600,6600,0
2022-04-25 12:06:00,6600,6600,6600,6600,0
2022-04-25 12:07:00,6600,6600,6600,6600,0
2022-04-25 12:08:00,6600,6600,6600,6600,0
2022-04-25 12:09:00,6600,6600,6600,6600,0
2022-04-25 12:10:00,6600,6600,6600,6600,0
2022-04-25 12:11:00,6600,6600,6600,6600,0
2022-04-25 12:12:00,6600,6600,6600,6600,0
2022-04-25 12:13:00,6600,6600,6600,6600,0
2022-04-25 12:14:00,6600,6600,6600,6600,0
2022-04-25 12:15:00,6600,6600,6600,6600,0
2022-04-25 12:16:00,6600,6600,6600,6600,0
2022-04-25 12:17:00,6600,6600,6600,6600,0
2022-04-25 12:18:00,6600,6600,6600,6600,0
2022-04-25 12:19:00,6600,6600,6600,6600,0
2022-04-25 12:20:00,6600,6600,6600,6600,0
2022-04-25 12:21:00,6600,6600,6600,6600,0
2022-04-25 12:22:00,6600,6600,6600,6600,0
2022-04-25 12:23:00,6600,6600,6600,6600,0
2022-04-25 12:24:00,6600,6600,6600,6600,0
2022-04-25 12:25:00,6600,6600,6600,6600,0
2022-04-25 12:26:00,6600,6600,6600,6600,0
2022-04-25 12:27:00,6600,6600,6600,6600,0
2022-04-25 12:28:00,6600,6600,6600,6600,0
2022-04-25 12:29:00,6600,6600,6600,6600,0
2022-04-25 12:30:00,6600,6600,6600,6600,0
2022-04-25 12:31:00,6600,6600,6600,6600,0
2022-04-25 12:32:00,6600,6600,6600,6600,0
2022-04-25 12:33:00,6600,6600,6600,6600,0
2022-04-25 12:34:00,6600,6600,6600,6600,0
2022-04-25 12:35:00,6600,6600,6600,6600,0
2022-04-25 12:36:00,6600,6600,6600,6600,0
2022-04-25 12:37:00,6600,6600,6600,6600,0
2022-04-25 12:38:00,6600,6600,6600,6600,0
2022-04-25 12:39:00,6600,6600,6600,6600,0
2022-04-25 12:40:00,6600,6600,6600,6600,0
2022-04-25 12:41:00,6600,6600,6600,6600,0
2022-04-25 12:42:00,6600,6600,6600,6600,0
2022-04-25 12:43:00,6600,6600,6600,6600,0
2022-04-25 12:44:00,6600,6600,6600,6600,0
2022-04-25 12:45:00,6600,6600,6600,6600,0
2022-04-25 12:46:00,6600,6600,6600,6600,0
2022-04-25 12:47:00,6600,6600,6600,6600,0
2022-04-25 12:48:00,6600,6600,6600,6600,0
2022-04-25 12:49:00,6600,6600,6600,6600,0
2022-04-25 12:50:00,6600,6600,6600,6600,0
2022-04-25 12:51:00,6600,6600,6600,6600,0
2022-04-25 12:52:00,6600,6600,6600,6600,0
2022-04-25 12:53:00,6600,6600,6600,6600,0
2022-04-25 12:54:00,6600,6600,6600,6600,0
2022-04-25 12:55:00,6600,6600,6600,6600,0
2022-04-25 12:56:00,6600,6600,6600,6600,0
2022-04-25 12:57:00,6600,6600,6600,6600,0
2022-04-25 12:58:00,6600,6600,6600,6600,0
2022-04-25 12:59:00,6600,6600,6600,6600,0
2022-04-25 13:00:00,6600,6600,6600,6600,0
2022-04-25 13:01:00,6600,6600,6600,6600,0
2022-04-25 13:02:00,6600,6600,6600,6600,0
2022-04-25 13:03:00,6600,6600,6600,6600,0
2022-04-25 13:04:00,6600,6600,6600,6600,0
2022-04-25 13:05:00,6600,6600,6600,6600,0
2022-04-25 13:06:00,6600,6600,6600,6600,0
2022-04-25 13:07:00,6600,6600,6600,6600,0
2022-04-25 13:08:00,6600,6600,6600,6600,0
2022-04-25 13:09:00,6600,6600,6600,6600,0
2022-04-25 13:10:00,6600,6600,6600,6600,0
2022-04-25 13:11:00,6600,6600,6600,6600,0
2022-04-25 13:12:00,6600,6600,6600,6600,0
2022-04-25 13:13:00,6600,6600,6600,6600,0
2022-04-25 13:14:00,6600,6600,6600,6600,0
2022-04-25 13:15:00,6600,6600,6600,6600,0
2022-04-25 13:16:00,6600,6600,6600,6600,0
2022-04-25 13:17:00,6600,6600,6600,6600,0
2022-04-25 13:18:00,6600,6600,6600,6600,0
2022-04-25 13:19:00,6600,6600,6600,6600,0
2022-04-25 13:20:00,6600,6600,6600,6600,0
2022-04-25 13:21:00,6600,6600,6600,6600,0
2022-04-25 13:22:00,6600,6600,6600,6600,0
2022-04-25 13:23:00,6600,6600,6600,6600,0
2022-04-25 13:24:00,6600,6600,6600,6600,0
2022-04-25 13:25:00,6600,6600,6600,6600,0
2022-04-25 13:26:00,6600,6600,6600,6600,0
2022-04-25 13:27:00,6600,6600,6600,6600,0
2022-04-25 13:28:00,6600,6600,6600,6600,0
2022-04-25 13:29:00,6600,6600,6600,6600,0
2022-04-25 13:30:00,6600,6600,6625,6600,15700
2022-04-25 13:31:00,6600,6600,6625,6625,5100
2022-04-25 13:32:00,6600,6600,6625,6625,0
2022-04-25 13:33:00,6625,6625,6625,6625,1400
2022-04-25 13:34:00,6600,6600,6600,6600,5500
2022-04-25 13:35:00,6600,6600,6600,6600,200
2022-04-25 13:36:00,6600,6600,6600,6600,0
2022-04-25 13:37:00,6600,6600,6600,6600,0
2022-04-25 13:38:00,6600,6600,6600,6600,0
2022-04-25 13:39:00,6600,6600,6600,6600,4800
2022-04-25 13:40:00,6600,6600,6600,6600,300
2022-04-25 13:41:00,6625,6625,6625,6625,800
2022-04-25 13:42:00,6625,6625,6625,6625,0
2022-04-25 13:43:00,6625,6625,6625,6625,5300
2022-04-25 13:44:00,6625,6600,6625,6625,10100
2022-04-25 13:45:00,6625,6600,6625,6625,0
2022-04-25 13:46:00,6625,6625,6650,6650,29800
2022-04-25 13:47:00,6650,6650,6650,6650,2600
2022-04-25 13:48:00,6650,6650,6650,6650,600
2022-04-25 13:49:00,6625,6625,6625,6625,3000
2022-04-25 13:50:00,6650,6650,6650,6650,200
2022-04-25 13:51:00,6625,6625,6625,6625,100
2022-04-25 13:52:00,6650,6650,6650,6650,200
2022-04-25 13:53:00,6625,6625,6625,6625,30700
2022-04-25 13:54:00,6625,6625,6625,6625,0
2022-04-25 13:55:00,6625,6625,6625,6625,0
2022-04-25 13:56:00,6625,6625,6625,6625,0
2022-04-25 13:57:00,6625,6625,6625,6625,500
2022-04-25 13:58:00,6625,6625,6625,6625,1700
2022-04-25 13:59:00,6625,6625,6625,6625,0
2022-04-25 14:00:00,6625,6600,6625,6600,900
2022-04-25 14:01:00,6625,6600,6625,6625,1100
2022-04-25 14:02:00,6625,6600,6625,6625,0
2022-04-25 14:03:00,6625,6625,6625,6625,100
2022-04-25 14:04:00,6625,6625,6625,6625,0
2022-04-25 14:05:00,6625,6625,6625,6625,0
2022-04-25 14:06:00,6625,6625,6625,6625,2700
2022-04-25 14:07:00,6600,6600,6600,6600,600
2022-04-25 14:08:00,6600,6600,6600,6600,400
2022-04-25 14:09:00,6625,6600,6625,6600,700
2022-04-25 14:10:00,6625,6600,6625,6600,0
2022-04-25 14:11:00,6600,6600,6600,6600,1500
2022-04-25 14:12:00,6625,6625,6625,6625,5300
2022-04-25 14:13:00,6625,6625,6625,6625,1500
2022-04-25 14:14:00,6600,6600,6600,6600,1400
2022-04-25 14:15:00,6600,6600,6600,6600,1400
2022-04-25 14:16:00,6625,6600,6625,6600,21600
2022-04-25 14:17:00,6600,6600,6625,6600,7200
2022-04-25 14:18:00,6600,6600,6600,6600,2900
2022-04-25 14:19:00,6600,6600,6600,6600,0
2022-04-25 14:20:00,6600,6600,6625,6600,8600
2022-04-25 14:21:00,6600,6600,6600,6600,3200
2022-04-25 14:22:00,6600,6600,6600,6600,2800
2022-04-25 14:23:00,6625,6625,6625,6625,30800
2022-04-25 14:24:00,6625,6625,6650,6650,37900
2022-04-25 14:25:00,6625,6625,6625,6625,100
2022-04-25 14:26:00,6625,6625,6625,6625,0
2022-04-25 14:27:00,6625,6625,6625,6625,2000
2022-04-25 14:28:00,6625,6625,6625,6625,500
2022-04-25 14:29:00,6625,6625,6650,6650,500
2022-04-25 14:30:00,6625,6625,6625,6625,13000
2022-04-25 14:31:00,6600,6600,6600,6600,4400
2022-04-25 14:32:00,6625,6625,6625,6625,2500
2022-04-25 14:33:00,6625,6625,6625,6625,600
2022-04-25 14:34:00,6625,6600,6625,6600,3500
2022-04-25 14:35:00,6600,6600,6600,6600,5900
2022-04-25 14:36:00,6600,6600,6600,6600,2700
2022-04-25 14:37:00,6625,6625,6625,6625,2000
2022-04-25 14:38:00,6625,6625,6625,6625,11800
2022-04-25 14:39:00,6625,6625,6625,6625,18400
2022-04-25 14:40:00,6625,6600,6625,6600,3800
2022-04-25 14:41:00,6600,6600,6625,6625,7600
2022-04-25 14:42:00,6625,6625,6625,6625,1500
2022-04-25 14:43:00,6625,6600,6625,6600,43600
2022-04-25 14:44:00,6600,6600,6600,6600,9100
2022-04-25 14:45:00,6625,6625,6625,6625,9700
2022-04-25 14:46:00,6625,6625,6625,6625,3700
2022-04-25 14:47:00,6625,6625,6625,6625,300
2022-04-25 14:48:00,6625,6625,6625,6625,1200
2022-04-25 14:49:00,6625,6625,6650,6625,7500
2022-04-25 14:50:00,6625,6625,6650,6625,0
2022-04-25 14:51:00,6625,6625,6650,6625,0
2022-04-25 14:52:00,6625,6625,6650,6625,0
2022-04-25 14:53:00,6625,6625,6650,6625,0
2022-04-25 14:54:00,6625,6625,6650,6625,0
2022-04-25 14:55:00,6625,6625,6650,6625,0
2022-04-25 14:56:00,6625,6625,6650,6625,0
2022-04-25 14:57:00,6625,6625,6650,6625,0
2022-04-25 14:58:00,6625,6625,6650,6625,0
2022-04-25 14:59:00,6625,6625,6650,6625,0
2022-04-25 15:00:00,6625,6625,6625,6625,79300
2022-04-25 15:01:00,6625,6625,6625,6625,33900
2022-04-25 15:02:00,6625,6625,6625,6625,700
2022-04-25 15:03:00,6625,6625,6625,6625,200
2022-04-25 15:04:00,6625,6625,6625,6625,0
2022-04-25 15:05:00,6625,6625,6625,6625,300
2022-04-25 15:06:00,6625,6625,6625,6625,100
2022-04-25 15:07:00,6625,6625,6625,6625,100
2022-04-25 15:08:00,6625,6625,6625,6625,300
2022-04-25 15:09:00,6625,6625,6625,6625,4100
2022-04-25 15:10:00,6625,6625,6625,6625,7500
2022-04-25 15:11:00,6625,6625,6625,6625,2900
2022-04-25 15:12:00,6625,6625,6625,6625,2500
2022-04-25 15:13:00,6625,6625,6625,6625,23600
2022-04-25 15:14:00,6625,6625,6625,6625,0
2022-04-25 15:15:00,6625,6625,6625,6625,0
2022-04-25 15:16:00,6625,6625,6625,6625,0
2022-04-25 15:17:00,6625,6625,6625,6625,0
2022-04-25 15:18:00,6625,6625,6625,6625,0
2022-04-25 15:19:00,6625,6625,6625,6625,0
2022-04-25 15:20:00,6625,6625,6625,6625,0
2022-04-25 15:21:00,6625,6625,6625,6625,0
2022-04-25 15:22:00,6625,6625,6625,6625,0
2022-04-25 15:23:00,6625,6625,6625,6625,0
2022-04-25 15:24:00,6625,6625,6625,6625,0
2022-04-25 15:25:00,6625,6625,6625,6625,0
2022-04-25 15:26:00,6625,6625,6625,6625,0
2022-04-25 15:27:00,6625,6625,6625,6625,0
2022-04-25 15:28:00,6625,6625,6625,6625,0
2022-04-25 15:29:00,6625,6625,6625,6625,0
2022-04-25 15:30:00,6625,6625,6625,6625,0
2022-04-25 15:31:00,6625,6625,6625,6625,0
2022-04-25 15:32:00,6625,6625,6625,6625,0
2022-04-25 15:33:00,6625,6625,6625,6625,0
2022-04-25 15:34:00,6625,6625,6625,6625,0
2022-04-25 15:35:00,6625,6625,6625,6625,0
2022-04-25 15:36:00,6625,6625,6625,6625,0
2022-04-25 15:37:00,6625,6625,6625,6625,0
2022-04-25 15:38:00,6625,6625,6625,6625,0
2022-04-25 15:39:00,6625,6625,6625,6625,0
2022-04-25 15:40:00,6625,6625,6625,6625,0
2022-04-25 15:41:00,6625,6625,6625,6625,0
2022-04-25 15:42:00,6625,6625,6625,6625,0
2022-04-25 15:43:00,6625,6625,6625,6625,0
2022-04-25 15:44:00,6625,6625,6625,6625,0
2022-04-25 15:45:00,6625,6625,6625,6625,0
2022-04-25 15:46:00,6625,6625,6625,6625,0
2022-04-25 15:47:00,6625,6625,6625,6625,0
2022-04-25 15:48:00,6625,6625,6625,6625,0
2022-04-25 15:49:00,6625,6625,6625,6625,0
2022-04-25 15:50:00,6625,6625,6625,6625,0
2022-04-25 15:51:00,6625,6625,6625,6625,0
2022-04-25 15:52:00,6625,6625,6625,6625,0
2022-04-25 15:53:00,6625,6625,6625,6625,0
2022-04-25 15:54:00,6625,6625,6625,6625,0
2022-04-25 15:55:00,6625,6625,6625,6625,0
2022-04-25 15:56:00,6625,6625,6625,6625,0
2022-04-25 15:57:00,6625,6625,6625,6625,0
2022-04-25 15:58:00,6625,6625,6625,6625,0
2022-04-25 15:59:00,6625,6625,6625,6625,0
2022-04-26 09:00:00,6600,6600,6600,6600,0
2022-04-26 09:01:00,6600,6600,6600,6600,200
2022-04-26 09:02:00,6600,6600,6600,6600,8100
2022-04-26 09:03:00,6625,6625,6625,6625,4800
2022-04-26 09:04:00,6625,6600,6650,6600,17400
2022-04-26 09:05:00,6625,6625,6625,6625,100
2022-04-26 09:06:00,6600,6600,6625,6600,79900
2022-04-26 09:07:00,6600,6600,6600,6600,7800
2022-04-26 09:08:00,6625,6625,6625,6625,2100
2022-04-26 09:09:00,6625,6600,6625,6600,10300
2022-04-26 09:10:00,6625,6600,6625,6600,11200
2022-04-26 09:11:00,6600,6600,6600,6600,2800
2022-04-26 09:12:00,6625,6600,6625,6600,2200
2022-04-26 09:13:00,6575,6575,6600,6600,10300
2022-04-26 09:14:00,6600,6600,6600,6600,6000
2022-04-26 09:15:00,6600,6600,6600,6600,23100
2022-04-26 09:16:00,6600,6600,6600,6600,15800
2022-04-26 09:17:00,6575,6575,6575,6575,45200
2022-04-26 09:18:00,6575,6575,6575,6575,1600
2022-04-26 09:19:00,6575,6575,6575,6575,200
2022-04-26 09:20:00,6550,6525,6575,6525,94800
2022-04-26 09:21:00,6525,6525,6550,6550,9400
2022-04-26 09:22:00,6550,6550,6550,6550,12200
2022-04-26 09:23:00,6550,6550,6550,6550,19900
2022-04-26 09:24:00,6550,6525,6550,6550,22800
2022-04-26 09:25:00,6550,6525,6550,6525,330400
2022-04-26 09:26:00,6525,6500,6525,6500,27100
2022-04-26 09:27:00,6525,6525,6525,6525,2900
2022-04-26 09:28:00,6525,6525,6550,6550,7300
2022-04-26 09:29:00,6550,6500,6550,6500,311600
2022-04-26 09:30:00,6500,6500,6525,6525,100700
2022-04-26 09:31:00,6500,6475,6500,6475,69000
2022-04-26 09:32:00,6500,6500,6500,6500,4600
2022-04-26 09:33:00,6500,6450,6500,6475,88600
2022-04-26 09:34:00,6475,6425,6475,6450,353200
2022-04-26 09:35:00,6425,6425,6450,6425,31100
2022-04-26 09:36:00,6450,6425,6450,6450,8800
2022-04-26 09:37:00,6450,6450,6450,6450,2700
2022-04-26 09:38:00,6450,6425,6450,6450,6500
2022-04-26 09:39:00,6450,6425,6450,6450,8500
2022-04-26 09:40:00,6450,6450,6450,6450,10300
2022-04-26 09:41:00,6450,6425,6475,6475,69400
2022-04-26 09:42:00,6475,6450,6475,6475,1900
2022-04-26 09:43:00,6475,6450,6475,6450,16900
2022-04-26 09:44:00,6475,6450,6475,6475,2800
2022-04-26 09:45:00,6475,6475,6475,6475,2300
2022-04-26 09:46:00,6475,6450,6475,6450,6900
2022-04-26 09:47:00,6475,6475,6475,6475,11100
2022-04-26 09:48:00,6475,6475,6475,6475,5800
2022-04-26 09:49:00,6475,6475,6475,6475,101600
2022-04-26 09:50:00,6475,6475,6475,6475,48600
2022-04-26 09:51:00,6450,6450,6475,6475,25800
2022-04-26 09:52:00,6475,6475,6475,6475,1300
2022-04-26 09:53:00,6475,6475,6475,6475,800
2022-04-26 09:54:00,6475,6475,6475,6475,100
2022-04-26 09:55:00,6475,6475,6475,6475,600
2022-04-26 09:56:00,6475,6475,6475,6475,200
2022-04-26 09:57:00,6475,6450,6475,6475,500
2022-04-26 09:58:00,6475,6450,6475,6475,16800
2022-04-26 09:59:00,6475,6475,6475,6475,5300
2022-04-26 10:00:00,6475,6475,6500,6475,103400
2022-04-26 10:01:00,6475,6475,6500,6500,4100
2022-04-26 10:02:00,6475,6475,6475,6475,8700
2022-04-26 10:03:00,6475,6475,6475,6475,500
2022-04-26 10:04:00,6475,6475,6475,6475,700
2022-04-26 10:05:00,6475,6475,6475,6475,3100
2022-04-26 10:06:00,6475,6450,6475,6450,4000
2022-04-26 10:07:00,6475,6450,6475,6450,1900
2022-04-26 10:08:00,6450,6450,6475,6475,4700
2022-04-26 10:09:00,6475,6475,6475,6475,39300
2022-04-26 10:10:00,6475,6450,6475,6475,76400
2022-04-26 10:11:00,6475,6450,6475,6475,13000
2022-04-26 10:12:00,6475,6450,6475,6475,3700
2022-04-26 10:13:00,6475,6450,6475,6450,2400
2022-04-26 10:14:00,6475,6450,6475,6475,3900
2022-04-26 10:15:00,6475,6475,6475,6475,1000
2022-04-26 10:16:00,6475,6475,6475,6475,50200
2022-04-26 10:17:00,6475,6475,6475,6475,2500
2022-04-26 10:18:00,6475,6475,6475,6475,1600
2022-04-26 10:19:00,6450,6450,6475,6450,15200
2022-04-26 10:20:00,6450,6450,6450,6450,22600
2022-04-26 10:21:00,6450,6450,6475,6475,300
2022-04-26 10:22:00,6475,6450,6475,6450,1600
2022-04-26 10:23:00,6450,6450,6450,6450,3600
2022-04-26 10:24:00,6450,6450,6450,6450,0
2022-04-26 10:25:00,6475,6475,6475,6475,62000
2022-04-26 10:26:00,6475,6475,6475,6475,10800
2022-04-26 10:27:00,6450,6450,6475,6475,20500
2022-04-26 10:28:00,6475,6475,6475,6475,1600
2022-04-26 10:29:00,6475,6475,6475,6475,5200
2022-04-26 10:30:00,6450,6450,6475,6475,5400
2022-04-26 10:31:00,6475,6450,6475,6475,25200
2022-04-26 10:32:00,6475,6475,6475,6475,200
2022-04-26 10:33:00,6475,6450,6475,6475,4100
2022-04-26 10:34:00,6450,6450,6475,6450,18100
2022-04-26 10:35:00,6450,6450,6450,6450,4900
2022-04-26 10:36:00,6475,6450,6475,6450,25600
2022-04-26 10:37:00,6450,6450,6475,6450,5800
2022-04-26 10:38:00,6450,6450,6450,6450,100
2022-04-26 10:39:00,6450,6450,6450,6450,0
2022-04-26 10:40:00,6450,6450,6450,6450,4500
2022-04-26 10:41:00,6450,6450,6475,6475,23400
2022-04-26 10:42:00,6475,6475,6475,6475,100
2022-04-26 10:43:00,6475,6475,6475,6475,42000
2022-04-26 10:44:00,6475,6475,6475,6475,1500
2022-04-26 10:45:00,6450,6450,6450,6450,14400
2022-04-26 10:46:00,6450,6450,6450,6450,100
2022-04-26 10:47:00,6450,6450,6475,6475,500
2022-04-26 10:48:00,6475,6475,6475,6475,500
2022-04-26 10:49:00,6475,6450,6475,6450,6600
2022-04-26 10:50:00,6450,6450,6475,6475,28900
2022-04-26 10:51:00,6475,6475,6475,6475,152900
2022-04-26 10:52:00,6475,6450,6475,6450,10600
2022-04-26 10:53:00,6475,6450,6475,6450,1200
2022-04-26 10:54:00,6475,6450,6475,6450,2500
2022-04-26 10:55:00,6475,6475,6475,6475,100
2022-04-26 10:56:00,6475,6475,6475,6475,2000
2022-04-26 10:57:00,6475,6475,6475,6475,300
2022-04-26 10:58:00,6475,6475,6475,6475,300
2022-04-26 10:59:00,6475,6475,6475,6475,1000
2022-04-26 11:00:00,6475,6475,6475,6475,300
2022-04-26 11:01:00,6475,6450,6475,6450,300
2022-04-26 11:02:00,6475,6475,6475,6475,6500
2022-04-26 11:03:00,6475,6475,6475,6475,7400
2022-04-26 11:04:00,6475,6475,6475,6475,2300
2022-04-26 11:05:00,6475,6475,6475,6475,4500
2022-04-26 11:06:00,6475,6475,6475,6475,0
2022-04-26 11:07:00,6475,6450,6475,6475,27900
2022-04-26 11:08:00,6475,6475,6475,6475,9100
2022-04-26 11:09:00,6475,6475,6475,6475,1200
2022-04-26 11:10:00,6475,6475,6475,6475,200
2022-04-26 11:11:00,6475,6475,6475,6475,3100
2022-04-26 11:12:00,6475,6475,6475,6475,1200
2022-04-26 11:13:00,6475,6475,6475,6475,2800
2022-04-26 11:14:00,6475,6450,6475,6450,3800
2022-04-26 11:15:00,6475,6450,6475,6450,23800
2022-04-26 11:16:00,6450,6450,6450,6450,300
2022-04-26 11:17:00,6475,6475,6475,6475,500
2022-04-26 11:18:00,6475,6475,6475,6475,0
2022-04-26 11:19:00,6475,6450,6475,6450,24400
2022-04-26 11:20:00,6450,6450,6475,6475,91600
2022-04-26 11:21:00,6475,6450,6475,6475,8200
2022-04-26 11:22:00,6475,6450,6475,6450,2000
2022-04-26 11:23:00,6475,6450,6475,6450,1400
2022-04-26 11:24:00,6475,6450,6475,6450,1900
2022-04-26 11:25:00,6450,6450,6450,6450,23000
2022-04-26 11:26:00,6450,6450,6450,6450,1600
2022-04-26 11:27:00,6475,6450,6475,6450,200
2022-04-26 11:28:00,6450,6450,6475,6475,85200
2022-04-26 11:29:00,6475,6450,6475,6450,600
2022-04-26 11:30:00,6475,6450,6475,6450,0
2022-04-26 11:31:00,6475,6450,6475,6450,0
2022-04-26 11:32:00,6475,6450,6475,6450,0
2022-04-26 11:33:00,6475,6450,6475,6450,0
2022-04-26 11:34:00,6475,6450,6475,6450,0
2022-04-26 11:35:00,6475,6450,6475,6450,0
2022-04-26 11:36:00,6475,6450,6475,6450,0
2022-04-26 11:37:00,6475,6450,6475,6450,0
2022-04-26 11:38:00,6475,6450,6475,6450,0
2022-04-26 11:39:00,6475,6450,6475,6450,0
2022-04-26 11:40:00,6475,6450,6475,6450,0
2022-04-26 11:41:00,6475,6450,6475,6450,0
2022-04-26 11:42:00,6475,6450,6475,6450,0
2022-04-26 11:43:00,6475,6450,6475,6450,0
2022-04-26 11:44:00,6475,6450,6475,6450,0
2022-04-26 11:45:00,6475,6450,6475,6450,0
2022-04-26 11:46:00,6475,6450,6475,6450,0
2022-04-26 11:47:00,6475,6450,6475,6450,0
2022-04-26 11:48:00,6475,6450,6475,6450,0
2022-04-26 11:49:00,6475,6450,6475,6450,0
2022-04-26 11:50:00,6475,6450,6475,6450,0
2022-04-26 11:51:00,6475,6450,6475,6450,0
2022-04-26 11:52:00,6475,6450,6475,6450,0
2022-04-26 11:53:00,6475,6450,6475,6450,0
2022-04-26 11:54:00,6475,6450,6475,6450,0
2022-04-26 11:55:00,6475,6450,6475,6450,0
2022-04-26 11:56:00,6475,6450,6475,6450,0
2022-04-26 11:57:00,6475,6450,6475,6450,0
2022-04-26 11:58:00,6475,6450,6475,6450,0
2022-04-26 11:59:00,6475,6450,6475,6450,0
2022-04-26 12:00:00,6475,6450,6475,6450,0
2022-04-26 12:01:00,6475,6450,6475,6450,0
2022-04-26 12:02:00,6475,6450,6475,6450,0
2022-04-26 12:03:00,6475,6450,6475,6450,0
2022-04-26 12:04:00,6475,6450,6475,6450,0
2022-04-26 12:05:00,6475,6450,6475,6450,0
2022-04-26 12:06:00,6475,6450,6475,6450,0
2022-04-26 12:07:00,6475,6450,6475,6450,0
2022-04-26 12:08:00,6475,6450,6475,6450,0
2022-04-26 12:09:00,6475,6450,6475,6450,0
2022-04-26 12:10:00,6475,6450,6475,6450,0
2022-04-26 12:11:00,6475,6450,6475,6450,0
2022-04-26 12:12:00,6475,6450,6475,6450,0
2022-04-26 12:13:00,6475,6450,6475,6450,0
2022-04-26 12:14:00,6475,6450,6475,6450,0
2022-04-26 12:15:00,6475,6450,6475,6450,0
2022-04-26 12:16:00,6475,6450,6475,6450,0
2022-04-26 12:17:00,6475,6450,6475,6450,0
2022-04-26 12:18:00,6475,6450,6475,6450,0
2022-04-26 12:19:00,6475,6450,6475,6450,0
2022-04-26 12:20:00,6475,6450,6475,6450,0
2022-04-26 12:21:00,6475,6450,6475,6450,0
2022-04-26 12:22:00,6475,6450,6475,6450,0
2022-04-26 12:23:00,6475,6450,6475,6450,0
2022-04-26 12:24:00,6475,6450,6475,6450,0
2022-04-26 12:25:00,6475,6450,6475,6450,0
2022-04-26 12:26:00,6475,6450,6475,6450,0
2022-04-26 12:27:00,6475,6450,6475,6450,0
2022-04-26 12:28:00,6475,6450,6475,6450,0
2022-04-26 12:29:00,6475,6450,6475,6450,0
2022-04-26 12:30:00,6475,6450,6475,6450,0
2022-04-26 12:31:00,6475,6450,6475,6450,0
2022-04-26 12:32:00,6475,6450,6475,6450,0
2022-04-26 12:33:00,6475,6450,6475,6450,0
2022-04-26 12:34:00,6475,6450,6475,6450,0
2022-04-26 12:35:00,6475,6450,6475,6450,0
2022-04-26 12:36:00,6475,6450,6475,6450,0
2022-04-26 12:37:00,6475,6450,6475,6450,0
2022-04-26 12:38:00,6475,6450,6475,6450,0
2022-04-26 12:39:00,6475,6450,6475,6450,0
2022-04-26 12:40:00,6475,6450,6475,6450,0
2022-04-26 12:41:00,6475,6450,6475,6450,0
2022-04-26 12:42:00,6475,6450,6475,6450,0
2022-04-26 12:43:00,6475,6450,6475,6450,0
2022-04-26 12:44:00,6475,6450,6475,6450,0
2022-04-26 12:45:00,6475,6450,6475,6450,0
2022-04-26 12:46:00,6475,6450,6475,6450,0
2022-04-26 12:47:00,6475,6450,6475,6450,0
2022-04-26 12:48:00,6475,6450,6475,6450,0
2022-04-26 12:49:00,6475,6450,6475,6450,0
2022-04-26 12:50:00,6475,6450,6475,6450,0
2022-04-26 12:51:00,6475,6450,6475,6450,0
2022-04-26 12:52:00,6475,6450,6475,6450,0
2022-04-26 12:53:00,6475,6450,6475,6450,0
2022-04-26 12:54:00,6475,6450,6475,6450,0
2022-04-26 12:55:00,6475,6450,6475,6450,0
2022-04-26 12:56:00,6475,6450,6475,6450,0
2022-04-26 12:57:00,6475,6450,6475,6450,0
2022-04-26 12:58:00,6475,6450,6475,6450,0
2022-04-26 12:59:00,6475,6450,6475,6450,0
2022-04-26 13:00:00,6475,6450,6475,6450,0
2022-04-26 13:01:00,6475,6450,6475,6450,0
2022-04-26 13:02:00,6475,6450,6475,6450,0
2022-04-26 13:03:00,6475,6450,6475,6450,0
2022-04-26 13:04:00,6475,6450,6475,6450,0
2022-04-26 13:05:00,6475,6450,6475,6450,0
2022-04-26 13:06:00,6475,6450,6475,6450,0
2022-04-26 13:07:00,6475,6450,6475,6450,0
2022-04-26 13:08:00,6475,6450,6475,6450,0
2022-04-26 13:09:00,6475,6450,6475,6450,0
2022-04-26 13:10:00,6475,6450,6475,6450,0
2022-04-26 13:11:00,6475,6450,6475,6450,0
2022-04-26 13:12:00,6475,6450,6475,6450,0
2022-04-26 13:13:00,6475,6450,6475,6450,0
2022-04-26 13:14:00,6475,6450,6475,6450,0
2022-04-26 13:15:00,6475,6450,6475,6450,0
2022-04-26 13:16:00,6475,6450,6475,6450,0
2022-04-26 13:17:00,6475,6450,6475,6450,0
2022-04-26 13:18:00,6475,6450,6475,6450,0
2022-04-26 13:19:00,6475,6450,6475,6450,0
2022-04-26 13:20:00,6475,6450,6475,6450,0
2022-04-26 13:21:00,6475,6450,6475,6450,0
2022-04-26 13:22:00,6475,6450,6475,6450,0
2022-04-26 13:23:00,6475,6450,6475,6450,0
2022-04-26 13:24:00,6475,6450,6475,6450,0
2022-04-26 13:25:00,6475,6450,6475,6450,0
2022-04-26 13:26:00,6475,6450,6475,6450,0
2022-04-26 13:27:00,6475,6450,6475,6450,0
2022-04-26 13:28:00,6475,6450,6475,6450,0
2022-04-26 13:29:00,6475,6450,6475,6450,0
2022-04-26 13:30:00,6475,6450,6475,6450,32200
2022-04-26 13:31:00,6450,6450,6450,6450,22700
2022-04-26 13:32:00,6450,6450,6475,6450,47300
2022-04-26 13:33:00,6475,6450,6475,6450,800
2022-04-26 13:34:00,6450,6450,6475,6475,40400
2022-04-26 13:35:00,6475,6475,6475,6475,100
2022-04-26 13:36:00,6475,6475,6475,6475,2500
2022-04-26 13:37:00,6475,6475,6475,6475,500
2022-04-26 13:38:00,6475,6475,6475,6475,200
2022-04-26 13:39:00,6450,6450,6475,6475,58600
2022-04-26 13:40:00,6450,6450,6450,6450,22600
2022-04-26 13:41:00,6450,6450,6450,6450,100000
2022-04-26 13:42:00,6450,6450,6450,6450,131800
2022-04-26 13:43:00,6450,6425,6450,6450,13200
2022-04-26 13:44:00,6450,6425,6450,6450,7300
2022-04-26 13:45:00,6450,6450,6450,6450,30100
2022-04-26 13:46:00,6450,6450,6450,6450,3300
2022-04-26 13:47:00,6450,6425,6450,6425,14200
2022-04-26 13:48:00,6450,6450,6450,6450,9400
2022-04-26 13:49:00,6450,6450,6450,6450,15200
2022-04-26 13:50:00,6425,6425,6425,6425,200
2022-04-26 13:51:00,6425,6425,6450,6450,60600
2022-04-26 13:52:00,6450,6425,6450,6450,29000
2022-04-26 13:53:00,6450,6450,6450,6450,2300
2022-04-26 13:54:00,6450,6450,6450,6450,1100
2022-04-26 13:55:00,6425,6425,6450,6450,44600
2022-04-26 13:56:00,6450,6450,6450,6450,4800
2022-04-26 13:57:00,6450,6450,6450,6450,5600
2022-04-26 13:58:00,6450,6450,6450,6450,1900
2022-04-26 13:59:00,6450,6450,6450,6450,158600
2022-04-26 14:00:00,6450,6450,6450,6450,11800
2022-04-26 14:01:00,6450,6450,6450,6450,93200
2022-04-26 14:02:00,6450,6450,6450,6450,3500
2022-04-26 14:03:00,6450,6450,6450,6450,7500
2022-04-26 14:04:00,6475,6475,6475,6475,300
2022-04-26 14:05:00,6450,6425,6450,6450,103700
2022-04-26 14:06:00,6450,6450,6475,6475,12800
2022-04-26 14:07:00,6450,6450,6475,6475,0
2022-04-26 14:08:00,6450,6450,6450,6450,96000
2022-04-26 14:09:00,6450,6450,6450,6450,13300
2022-04-26 14:10:00,6450,6425,6450,6450,18700
2022-04-26 14:11:00,6450,6425,6450,6450,41600
2022-04-26 14:12:00,6425,6425,6450,6450,49100
2022-04-26 14:13:00,6450,6450,6450,6450,32000
2022-04-26 14:14:00,6450,6450,6450,6450,4000
2022-04-26 14:15:00,6450,6425,6450,6425,7500
2022-04-26 14:16:00,6450,6450,6450,6450,33900
2022-04-26 14:17:00,6450,6450,6450,6450,3400
2022-04-26 14:18:00,6450,6450,6450,6450,300
2022-04-26 14:19:00,6450,6450,6450,6450,6400
2022-04-26 14:20:00,6450,6450,6450,6450,3500
2022-04-26 14:21:00,6450,6450,6450,6450,300
2022-04-26 14:22:00,6425,6425,6450,6450,60700
2022-04-26 14:23:00,6450,6425,6450,6450,5500
2022-04-26 14:24:00,6425,6425,6450,6450,9500
2022-04-26 14:25:00,6425,6425,6450,6450,2300
2022-04-26 14:26:00,6450,6450,6450,6450,52500
2022-04-26 14:27:00,6450,6450,6450,6450,8300
2022-04-26 14:28:00,6450,6425,6450,6450,18300
2022-04-26 14:29:00,6450,6425,6450,6450,42700
2022-04-26 14:30:00,6450,6450,6450,6450,17500
2022-04-26 14:31:00,6450,6450,6450,6450,8900
2022-04-26 14:32:00,6450,6450,6450,6450,34300
2022-04-26 14:33:00,6425,6425,6450,6425,81600
2022-04-26 14:34:00,6425,6425,6450,6425,5800
2022-04-26 14:35:00,6450,6425,6450,6450,9000
2022-04-26 14:36:00,6450,6450,6450,6450,500
2022-04-26 14:37:00,6450,6425,6450,6450,4300
2022-04-26 14:38:00,6450,6425,6450,6425,8900
2022-04-26 14:39:00,6425,6425,6450,6425,7600
2022-04-26 14:40:00,6450,6425,6450,6450,37400
2022-04-26 14:41:00,6425,6425,6450,6425,21000
2022-04-26 14:42:00,6425,6425,6450,6425,294500
2022-04-26 14:43:00,6425,6425,6450,6425,322300
2022-04-26 14:44:00,6425,6400,6425,6425,61900
2022-04-26 14:45:00,6425,6425,6425,6425,12000
2022-04-26 14:46:00,6425,6425,6425,6425,129900
2022-04-26 14:47:00,6450,6425,6450,6425,34300
2022-04-26 14:48:00,6425,6425,6425,6425,6300
2022-04-26 14:49:00,6450,6425,6450,6425,30600
2022-04-26 14:50:00,6450,6425,6450,6425,0
2022-04-26 14:51:00,6450,6425,6450,6425,0
2022-04-26 14:52:00,6450,6425,6450,6425,0
2022-04-26 14:53:00,6450,6425,6450,6425,0
2022-04-26 14:54:00,6450,6425,6450,6425,0
2022-04-26 14:55:00,6450,6425,6450,6425,0
2022-04-26 14:56:00,6450,6425,6450,6425,0
2022-04-26 14:57:00,6450,6425,6450,6425,0
2022-04-26 14:58:00,6450,6425,6450,6425,0
2022-04-26 14:59:00,6450,6425,6450,6425,0
2022-04-26 15:00:00,6450,6450,6450,6450,100600
2022-04-26 15:01:00,6450,6450,6450,6450,40200
2022-04-26 15:02:00,6450,6450,6450,6450,7100
2022-04-26 15:03:00,6450,6450,6450,6450,2000
2022-04-26 15:04:00,6450,6450,6450,6450,14000
2022-04-26 15:05:00,6450,6450,6450,6450,13100
2022-04-26 15:06:00,6450,6450,6450,6450,17500
2022-04-26 15:07:00,6450,6450,6450,6450,3200
2022-04-26 15:08:00,6450,6450,6450,6450,56000
2022-04-26 15:09:00,6450,6450,6450,6450,7400
2022-04-26 15:10:00,6450,6450,6450,6450,30900
2022-04-26 15:11:00,6450,6450,6450,6450,500
2022-04-26 15:12:00,6450,6450,6450,6450,300
2022-04-26 15:13:00,6450,6450,6450,6450,1400
2022-04-26 15:14:00,6450,6450,6450,6450,9600
2022-04-26 15:15:00,6450,6450,6450,6450,0
2022-04-26 15:16:00,6450,6450,6450,6450,0
2022-04-26 15:17:00,6450,6450,6450,6450,0
2022-04-26 15:18:00,6450,6450,6450,6450,0
2022-04-26 15:19:00,6450,6450,6450,6450,0
2022-04-26 15:20:00,6450,6450,6450,6450,0
2022-04-26 15:21:00,6450,6450,6450,6450,0
2022-04-26 15:22:00,6450,6450,6450,6450,0
2022-04-26 15:23:00,6450,6450,6450,6450,0
2022-04-26 15:24:00,6450,6450,6450,6450,0
2022-04-26 15:25:00,6450,6450,6450,6450,0
2022-04-26 15:26:00,6450,6450,6450,6450,0
2022-04-26 15:27:00,6450,6450,6450,6450,0
2022-04-26 15:28:00,6450,6450,6450,6450,0
2022-04-26 15:29:00,6450,6450,6450,6450,0
2022-04-26 15:30:00,6450,6450,6450,6450,0
2022-04-26 15:31:00,6450,6450,6450,6450,0
2022-04-26 15:32:00,6450,6450,6450,6450,0
2022-04-26 15:33:00,6450,6450,6450,6450,0
2022-04-26 15:34:00,6450,6450,6450,6450,0
2022-04-26 15:35:00,6450,6450,6450,6450,0
2022-04-26 15:36:00,6450,6450,6450,6450,0
2022-04-26 15:37:00,6450,6450,6450,6450,0
2022-04-26 15:38:00,6450,6450,6450,6450,0
2022-04-26 15:39:00,6450,6450,6450,6450,0
2022-04-26 15:40:00,6450,6450,6450,6450,0
2022-04-26 15:41:00,6450,6450,6450,6450,0
2022-04-26 15:42:00,6450,6450,6450,6450,0
2022-04-26 15:43:00,6450,6450,6450,6450,0
2022-04-26 15:44:00,6450,6450,6450,6450,0
2022-04-26 15:45:00,6450,6450,6450,6450,0
2022-04-26 15:46:00,6450,6450,6450,6450,0
2022-04-26 15:47:00,6450,6450,6450,6450,0
2022-04-26 15:48:00,6450,6450,6450,6450,0
2022-04-26 15:49:00,6450,6450,6450,6450,0
2022-04-26 15:50:00,6450,6450,6450,6450,0
2022-04-26 15:51:00,6450,6450,6450,6450,0
2022-04-26 15:52:00,6450,6450,6450,6450,0
2022-04-26 15:53:00,6450,6450,6450,6450,0
2022-04-26 15:54:00,6450,6450,6450,6450,0
2022-04-26 15:55:00,6450,6450,6450,6450,0
2022-04-26 15:56:00,6450,6450,6450,6450,0
2022-04-26 15:57:00,6450,6450,6450,6450,0
2022-04-26 15:58:00,6450,6450,6450,6450,0
2022-04-26 15:59:00,6450,6450,6450,6450,0
2022-04-27 09:00:00,6475,6450,6475,6450,37000
2022-04-27 09:01:00,6450,6450,6450,6450,58800
2022-04-27 09:02:00,6425,6425,6450,6425,5200
2022-04-27 09:03:00,6425,6425,6450,6425,3600
2022-04-27 09:04:00,6425,6400,6425,6425,60400
2022-04-27 09:05:00,6400,6400,6425,6425,2800
2022-04-27 09:06:00,6400,6400,6425,6425,10100
2022-04-27 09:07:00,6425,6400,6425,6425,18500
2022-04-27 09:08:00,6425,6425,6425,6425,1200
2022-04-27 09:09:00,6425,6425,6450,6450,7700
2022-04-27 09:10:00,6425,6425,6450,6425,1300
2022-04-27 09:11:00,6450,6425,6450,6425,1100
2022-04-27 09:12:00,6425,6425,6425,6425,800
2022-04-27 09:13:00,6450,6425,6450,6425,4800
2022-04-27 09:14:00,6425,6425,6450,6425,5700
2022-04-27 09:15:00,6450,6425,6450,6450,900
2022-04-27 09:16:00,6450,6425,6450,6425,1500
2022-04-27 09:17:00,6450,6425,6450,6425,11600
2022-04-27 09:18:00,6450,6425,6450,6425,4800
2022-04-27 09:19:00,6425,6425,6450,6425,92000
2022-04-27 09:20:00,6425,6425,6425,6425,400
2022-04-27 09:21:00,6450,6425,6450,6425,7400
2022-04-27 09:22:00,6450,6425,6450,6425,1300
2022-04-27 09:23:00,6425,6425,6450,6450,106100
2022-04-27 09:24:00,6450,6450,6450,6450,4300
2022-04-27 09:25:00,6450,6450,6450,6450,13900
2022-04-27 09:26:00,6450,6450,6450,6450,5600
2022-04-27 09:27:00,6475,6450,6475,6450,14800
2022-04-27 09:28:00,6450,6450,6450,6450,400
2022-04-27 09:29:00,6450,6450,6450,6450,600
2022-04-27 09:30:00,6475,6450,6475,6475,3900
2022-04-27 09:31:00,6475,6450,6475,6450,6400
2022-04-27 09:32:00,6450,6450,6475,6450,2000
2022-04-27 09:33:00,6450,6450,6450,6450,800
2022-04-27 09:34:00,6450,6450,6450,6450,300
2022-04-27 09:35:00,6450,6450,6450,6450,1000
2022-04-27 09:36:00,6475,6450,6475,6450,900
2022-04-27 09:37:00,6475,6450,6475,6450,40300
2022-04-27 09:38:00,6475,6450,6475,6450,6700
2022-04-27 09:39:00,6475,6450,6475,6475,73200
2022-04-27 09:40:00,6475,6475,6475,6475,3900
2022-04-27 09:41:00,6500,6475,6500,6500,66300
2022-04-27 09:42:00,6500,6500,6500,6500,29000
2022-04-27 09:43:00,6525,6500,6525,6525,36400
2022-04-27 09:44:00,6525,6525,6525,6525,35900
2022-04-27 09:45:00,6525,6500,6525,6500,5300
2022-04-27 09:46:00,6500,6500,6525,6500,900
2022-04-27 09:47:00,6525,6500,6525,6500,44600
2022-04-27 09:48:00,6525,6500,6525,6500,18500
2022-04-27 09:49:00,6525,6525,6550,6550,84400
2022-04-27 09:50:00,6550,6550,6575,6550,9100
2022-04-27 09:51:00,6550,6550,6575,6575,20200
2022-04-27 09:52:00,6550,6550,6575,6550,2100
2022-04-27 09:53:00,6575,6575,6575,6575,14500
2022-04-27 09:54:00,6550,6550,6550,6550,600
2022-04-27 09:55:00,6575,6575,6625,6625,132300
2022-04-27 09:56:00,6600,6600,6625,6600,12900
2022-04-27 09:57:00,6625,6600,6625,6600,6400
2022-04-27 09:58:00,6625,6625,6625,6625,33100
2022-04-27 09:59:00,6600,6600,6625,6625,55500
2022-04-27 10:00:00,6600,6575,6600,6575,78700
2022-04-27 10:01:00,6575,6575,6575,6575,12400
2022-04-27 10:02:00,6575,6575,6575,6575,2700
2022-04-27 10:03:00,6550,6550,6575,6575,2300
2022-04-27 10:04:00,6550,6550,6575,6575,1300
2022-04-27 10:05:00,6550,6550,6575,6550,8300
2022-04-27 10:06:00,6550,6550,6550,6550,40800
2022-04-27 10:07:00,6550,6550,6575,6550,45500
2022-04-27 10:08:00,6525,6525,6525,6525,300
2022-04-27 10:09:00,6525,6525,6550,6550,400
2022-04-27 10:10:00,6525,6525,6550,6550,5800
2022-04-27 10:11:00,6525,6525,6525,6525,200
2022-04-27 10:12:00,6525,6525,6550,6550,7500
2022-04-27 10:13:00,6525,6525,6550,6550,3700
2022-04-27 10:14:00,6525,6525,6550,6550,300
2022-04-27 10:15:00,6550,6525,6550,6550,1100
2022-04-27 10:16:00,6550,6525,6550,6525,400
2022-04-27 10:17:00,6525,6525,6525,6525,200
2022-04-27 10:18:00,6550,6525,6550,6550,1900
2022-04-27 10:19:00,6525,6525,6550,6550,5300
2022-04-27 10:20:00,6550,6550,6550,6550,3700
2022-04-27 10:21:00,6525,6525,6550,6550,1500
2022-04-27 10:22:00,6550,6525,6550,6550,900
2022-04-27 10:23:00,6525,6525,6525,6525,300
2022-04-27 10:24:00,6525,6525,6550,6550,2100
2022-04-27 10:25:00,6525,6525,6525,6525,15800
2022-04-27 10:26:00,6525,6525,6550,6550,1800
2022-04-27 10:27:00,6525,6525,6525,6525,700
2022-04-27 10:28:00,6525,6525,6525,6525,4800
2022-04-27 10:29:00,6525,6525,6525,6525,6400
2022-04-27 10:30:00,6525,6525,6550,6550,2700
2022-04-27 10:31:00,6525,6525,6550,6550,1500
2022-04-27 10:32:00,6525,6525,6525,6525,200
2022-04-27 10:33:00,6525,6525,6525,6525,1400
2022-04-27 10:34:00,6525,6525,6525,6525,200
2022-04-27 10:35:00,6525,6525,6525,6525,200
2022-04-27 10:36:00,6525,6525,6525,6525,4500
2022-04-27 10:37:00,6550,6525,6550,6525,2000
2022-04-27 10:38:00,6550,6525,6550,6525,3100
2022-04-27 10:39:00,6525,6525,6525,6525,36000
2022-04-27 10:40:00,6525,6500,6525,6500,28800
2022-04-27 10:41:00,6500,6500,6525,6500,500
2022-04-27 10:42:00,6500,6500,6500,6500,400
2022-04-27 10:43:00,6525,6500,6525,6500,400
2022-04-27 10:44:00,6500,6500,6500,6500,200
2022-04-27 10:45:00,6500,6500,6500,6500,7300
2022-04-27 10:46:00,6525,6500,6525,6500,500
2022-04-27 10:47:00,6500,6500,6500,6500,200
2022-04-27 10:48:00,6500,6500,6500,6500,300
2022-04-27 10:49:00,6500,6500,6500,6500,200
2022-04-27 10:50:00,6525,6500,6525,6500,1800
2022-04-27 10:51:00,6525,6500,6525,6525,1300
2022-04-27 10:52:00,6500,6500,6500,6500,200
2022-04-27 10:53:00,6500,6500,6500,6500,109800
2022-04-27 10:54:00,6500,6475,6500,6500,21400
2022-04-27 10:55:00,6475,6475,6500,6500,3300
2022-04-27 10:56:00,6500,6475,6500,6475,1600
2022-04-27 10:57:00,6475,6475,6500,6500,1400
2022-04-27 10:58:00,6475,6475,6500,6500,1300
2022-04-27 10:59:00,6500,6475,6500,6475,3200
2022-04-27 11:00:00,6475,6475,6475,6475,800
2022-04-27 11:01:00,6475,6475,6475,6475,300
2022-04-27 11:02:00,6475,6475,6475,6475,200
2022-04-27 11:03:00,6475,6475,6475,6475,300
2022-04-27 11:04:00,6475,6475,6500,6500,2400
2022-04-27 11:05:00,6475,6475,6475,6475,1200
2022-04-27 11:06:00,6475,6475,6475,6475,300
2022-04-27 11:07:00,6475,6475,6475,6475,300
2022-04-27 11:08:00,6475,6475,6475,6475,200
2022-04-27 11:09:00,6475,6475,6475,6475,300
2022-04-27 11:10:00,6475,6475,6475,6475,200
2022-04-27 11:11:00,6475,6475,6475,6475,2800
2022-04-27 11:12:00,6475,6475,6475,6475,500
2022-04-27 11:13:00,6475,6475,6475,6475,300
2022-04-27 11:14:00,6475,6475,6475,6475,200
2022-04-27 11:15:00,6475,6475,6475,6475,300
2022-04-27 11:16:00,6475,6475,6475,6475,200
2022-04-27 11:17:00,6475,6475,6500,6500,2300
2022-04-27 11:18:00,6475,6475,6500,6500,400
2022-04-27 11:19:00,6500,6475,6500,6500,6200
2022-04-27 11:20:00,6475,6475,6475,6475,200
2022-04-27 11:21:00,6475,6475,6500,6500,500
2022-04-27 11:22:00,6475,6475,6475,6475,49200
2022-04-27 11:23:00,6475,6475,6500,6500,300
2022-04-27 11:24:00,6475,6475,6475,6475,34100
2022-04-27 11:25:00,6475,6475,6475,6475,500
2022-04-27 11:26:00,6500,6475,6500,6475,2300
2022-04-27 11:27:00,6475,6475,6475,6475,200
2022-04-27 11:28:00,6475,6475,6475,6475,300
2022-04-27 11:29:00,6475,6475,6500,6500,400
2022-04-27 11:30:00,6475,6475,6500,6500,0
2022-04-27 11:31:00,6475,6475,6500,6500,0
2022-04-27 11:32:00,6475,6475,6500,6500,0
2022-04-27 11:33:00,6475,6475,6500,6500,0
2022-04-27 11:34:00,6475,6475,6500,6500,0
2022-04-27 11:35:00,6475,6475,6500,6500,0
2022-04-27 11:36:00,6475,6475,6500,6500,0
2022-04-27 11:37:00,6475,6475,6500,6500,0
2022-04-27 11:38:00,6475,6475,6500,6500,0
2022-04-27 11:39:00,6475,6475,6500,6500,0
2022-04-27 11:40:00,6475,6475,6500,6500,0
2022-04-27 11:41:00,6475,6475,6500,6500,0
2022-04-27 11:42:00,6475,6475,6500,6500,0
2022-04-27 11:43:00,6475,6475,6500,6500,0
2022-04-27 11:44:00,6475,6475,6500,6500,0
2022-04-27 11:45:00,6475,6475,6500,6500,0
2022-04-27 11:46:00,6475,6475,6500,6500,0
2022-04-27 11:47:00,6475,6475,6500,6500,0
2022-04-27 11:48:00,6475,6475,6500,6500,0
2022-04-27 11:49:00,6475,6475,6500,6500,0
2022-04-27 11:50:00,6475,6475,6500,6500,0
2022-04-27 11:51:00,6475,6475,6500,6500,0
2022-04-27 11:52:00,6475,6475,6500,6500,0
2022-04-27 11:53:00,6475,6475,6500,6500,0
2022-04-27 11:54:00,6475,6475,6500,6500,0
2022-04-27 11:55:00,6475,6475,6500,6500,0
2022-04-27 11:56:00,6475,6475,6500,6500,0
2022-04-27 11:57:00,6475,6475,6500,6500,0
2022-04-27 11:58:00,6475,6475,6500,6500,0
2022-04-27 11:59:00,6475,6475,6500,6500,0
2022-04-27 12:00:00,6475,6475,6500,6500,0
2022-04-27 12:01:00,6475,6475,6500,6500,0
2022-04-27 12:02:00,6475,6475,6500,6500,0
2022-04-27 12:03:00,6475,6475,6500,6500,0
2022-04-27 12:04:00,6475,6475,6500,6500,0
2022-04-27 12:05:00,6475,6475,6500,6500,0
2022-04-27 12:06:00,6475,6475,6500,6500,0
2022-04-27 12:07:00,6475,6475,6500,6500,0
2022-04-27 12:08:00,6475,6475,6500,6500,0
2022-04-27 12:09:00,6475,6475,6500,6500,0
2022-04-27 12:10:00,6475,6475,6500,6500,0
2022-04-27 12:11:00,6475,6475,6500,6500,0
2022-04-27 12:12:00,6475,6475,6500,6500,0
2022-04-27 12:13:00,6475,6475,6500,6500,0
2022-04-27 12:14:00,6475,6475,6500,6500,0
2022-04-27 12:15:00,6475,6475,6500,6500,0
2022-04-27 12:16:00,6475,6475,6500,6500,0
2022-04-27 12:17:00,6475,6475,6500,6500,0
2022-04-27 12:18:00,6475,6475,6500,6500,0
2022-04-27 12:19:00,6475,6475,6500,6500,0
2022-04-27 12:20:00,6475,6475,6500,6500,0
2022-04-27 12:21:00,6475,6475,6500,6500,0
2022-04-27 12:22:00,6475,6475,6500,6500,0
2022-04-27 12:23:00,6475,6475,6500,6500,0
2022-04-27 12:24:00,6475,6475,6500,6500,0
2022-04-27 12:25:00,6475,6475,6500,6500,0
2022-04-27 12:26:00,6475,6475,6500,6500,0
2022-04-27 12:27:00,6475,6475,6500,6500,0
2022-04-27 12:28:00,6475,6475,6500,6500,0
2022-04-27 12:29:00,6475,6475,6500,6500,0
2022-04-27 12:30:00,6475,6475,6500,6500,0
2022-04-27 12:31:00,6475,6475,6500,6500,0
2022-04-27 12:32:00,6475,6475,6500,6500,0
2022-04-27 12:33:00,6475,6475,6500,6500,0
2022-04-27 12:34:00,6475,6475,6500,6500,0
2022-04-27 12:35:00,6475,6475,6500,6500,0
2022-04-27 12:36:00,6475,6475,6500,6500,0
2022-04-27 12:37:00,6475,6475,6500,6500,0
2022-04-27 12:38:00,6475,6475,6500,6500,0
2022-04-27 12:39:00,6475,6475,6500,6500,0
2022-04-27 12:40:00,6475,6475,6500,6500,0
2022-04-27 12:41:00,6475,6475,6500,6500,0
2022-04-27 12:42:00,6475,6475,6500,6500,0
2022-04-27 12:43:00,6475,6475,6500,6500,0
2022-04-27 12:44:00,6475,6475,6500,6500,0
2022-04-27 12:45:00,6475,6475,6500,6500,0
2022-04-27 12:46:00,6475,6475,6500,6500,0
2022-04-27 12:47:00,6475,6475,6500,6500,0
2022-04-27 12:48:00,6475,6475,6500,6500,0
2022-04-27 12:49:00,6475,6475,6500,6500,0
2022-04-27 12:50:00,6475,6475,6500,6500,0
2022-04-27 12:51:00,6475,6475,6500,6500,0
2022-04-27 12:52:00,6475,6475,6500,6500,0
2022-04-27 12:53:00,6475,6475,6500,6500,0
2022-04-27 12:54:00,6475,6475,6500,6500,0
2022-04-27 12:55:00,6475,6475,6500,6500,0
2022-04-27 12:56:00,6475,6475,6500,6500,0
2022-04-27 12:57:00,6475,6475,6500,6500,0
2022-04-27 12:58:00,6475,6475,6500,6500,0
2022-04-27 12:59:00,6475,6475,6500,6500,0
2022-04-27 13:00:00,6475,6475,6500,6500,0
2022-04-27 13:01:00,6475,6475,6500,6500,0
2022-04-27 13:02:00,6475,6475,6500,6500,0
2022-04-27 13:03:00,6475,6475,6500,6500,0
2022-04-27 13:04:00,6475,6475,6500,6500,0
2022-04-27 13:05:00,6475,6475,6500,6500,0
2022-04-27 13:06:00,6475,6475,6500,6500,0
2022-04-27 13:07:00,6475,6475,6500,6500,0
2022-04-27 13:08:00,6475,6475,6500,6500,0
2022-04-27 13:09:00,6475,6475,6500,6500,0
2022-04-27 13:10:00,6475,6475,6500,6500,0
2022-04-27 13:11:00,6475,6475,6500,6500,0
2022-04-27 13:12:00,6475,6475,6500,6500,0
2022-04-27 13:13:00,6475,6475,6500,6500,0
2022-04-27 13:14:00,6475,6475,6500,6500,0
2022-04-27 13:15:00,6475,6475,6500,6500,0
2022-04-27 13:16:00,6475,6475,6500,6500,0
2022-04-27 13:17:00,6475,6475,6500,6500,0
2022-04-27 13:18:00,6475,6475,6500,6500,0
2022-04-27 13:19:00,6475,6475,6500,6500,0
2022-04-27 13:20:00,6475,6475,6500,6500,0
2022-04-27 13:21:00,6475,6475,6500,6500,0
2022-04-27 13:22:00,6475,6475,6500,6500,0
2022-04-27 13:23:00,6475,6475,6500,6500,0
2022-04-27 13:24:00,6475,6475,6500,6500,0
2022-04-27 13:25:00,6475,6475,6500,6500,0
2022-04-27 13:26:00,6475,6475,6500,6500,0
2022-04-27 13:27:00,6475,6475,6500,6500,0
2022-04-27 13:28:00,6475,6475,6500,6500,0
2022-04-27 13:29:00,6475,6475,6500,6500,0
2022-04-27 13:30:00,6500,6500,6500,6500,114400
2022-04-27 13:31:00,6500,6500,6500,6500,0
2022-04-27 13:32:00,6500,6500,6525,6500,2800
2022-04-27 13:33:00,6500,6500,6500,6500,100
2022-04-27 13:34:00,6500,6500,6525,6525,16100
2022-04-27 13:35:00,6500,6500,6500,6500,1300
2022-04-27 13:36:00,6500,6500,6500,6500,1500
2022-04-27 13:37:00,6500,6500,6500,6500,26700
2022-04-27 13:38:00,6475,6475,6475,6475,500
2022-04-27 13:39:00,6475,6475,6500,6500,9400
2022-04-27 13:40:00,6475,6475,6500,6500,3900
2022-04-27 13:41:00,6525,6525,6525,6525,100
2022-04-27 13:42:00,6500,6500,6500,6500,700
2022-04-27 13:43:00,6500,6500,6500,6500,900
2022-04-27 13:44:00,6500,6500,6500,6500,15100
2022-04-27 13:45:00,6475,6475,6500,6500,600
2022-04-27 13:46:00,6475,6475,6475,6475,400
2022-04-27 13:47:00,6475,6475,6500,6500,700
2022-04-27 13:48:00,6475,6475,6475,6475,1000
2022-04-27 13:49:00,6475,6475,6475,6475,700
2022-04-27 13:50:00,6500,6475,6500,6475,2400
2022-04-27 13:51:00,6500,6500,6500,6500,100
2022-04-27 13:52:00,6475,6475,6475,6475,300
2022-04-27 13:53:00,6475,6475,6475,6475,400
2022-04-27 13:54:00,6475,6475,6500,6500,74600
2022-04-27 13:55:00,6500,6500,6500,6500,100
2022-04-27 13:56:00,6500,6500,6500,6500,400
2022-04-27 13:57:00,6500,6500,6500,6500,6600
2022-04-27 13:58:00,6475,6475,6500,6500,3600
2022-04-27 13:59:00,6475,6475,6475,6475,800
2022-04-27 14:00:00,6475,6475,6475,6475,300
2022-04-27 14:01:00,6475,6475,6475,6475,400
2022-04-27 14:02:00,6475,6475,6475,6475,400
2022-04-27 14:03:00,6475,6475,6500,6500,1400
2022-04-27 14:04:00,6500,6475,6500,6475,500
2022-04-27 14:05:00,6475,6475,6500,6500,2900
2022-04-27 14:06:00,6500,6475,6500,6475,900
2022-04-27 14:07:00,6475,6475,6500,6475,27400
2022-04-27 14:08:00,6475,6475,6500,6500,2400
2022-04-27 14:09:00,6475,6475,6500,6500,1800
2022-04-27 14:10:00,6500,6475,6500,6475,7200
2022-04-27 14:11:00,6475,6475,6500,6500,7600
2022-04-27 14:12:00,6500,6475,6500,6500,4300
2022-04-27 14:13:00,6475,6475,6475,6475,900
2022-04-27 14:14:00,6500,6475,6500,6500,3500
2022-04-27 14:15:00,6475,6475,6475,6475,1100
2022-04-27 14:16:00,6475,6475,6500,6500,5200
2022-04-27 14:17:00,6475,6475,6500,6500,500
2022-04-27 14:18:00,6475,6475,6475,6475,10500
2022-04-27 14:19:00,6475,6475,6475,6475,500
2022-04-27 14:20:00,6475,6475,6500,6500,800
2022-04-27 14:21:00,6500,6475,6500,6500,8300
2022-04-27 14:22:00,6475,6475,6500,6500,2100
2022-04-27 14:23:00,6475,6475,6500,6500,6900
2022-04-27 14:24:00,6500,6475,6500,6475,4900
2022-04-27 14:25:00,6475,6475,6475,6475,800
2022-04-27 14:26:00,6475,6475,6500,6500,500
2022-04-27 14:27:00,6500,6475,6500,6500,2600
2022-04-27 14:28:00,6500,6475,6500,6500,5900
2022-04-27 14:29:00,6475,6475,6475,6475,2000
2022-04-27 14:30:00,6475,6475,6475,6475,2900
2022-04-27 14:31:00,6475,6475,6475,6475,6600
2022-04-27 14:32:00,6475,6475,6500,6500,227800
2022-04-27 14:33:00,6475,6475,6500,6500,0
2022-04-27 14:34:00,6500,6500,6500,6500,1200
2022-04-27 14:35:00,6525,6525,6525,6525,6600
2022-04-27 14:36:00,6525,6525,6525,6525,200
2022-04-27 14:37:00,6500,6500,6500,6500,5700
2022-04-27 14:38:00,6500,6500,6500,6500,6400
2022-04-27 14:39:00,6525,6525,6525,6525,1600
2022-04-27 14:40:00,6525,6525,6525,6525,0
2022-04-27 14:41:00,6525,6525,6525,6525,0
2022-04-27 14:42:00,6525,6525,6525,6525,2100
2022-04-27 14:43:00,6525,6525,6525,6525,600
2022-04-27 14:44:00,6500,6500,6525,6525,342400
2022-04-27 14:45:00,6500,6500,6500,6500,900
2022-04-27 14:46:00,6500,6475,6500,6475,70900
2022-04-27 14:47:00,6500,6475,6500,6500,142600
2022-04-27 14:48:00,6500,6475,6500,6500,0
2022-04-27 14:49:00,6500,6500,6500,6500,5600
2022-04-27 14:50:00,6500,6500,6500,6500,0
2022-04-27 14:51:00,6500,6500,6500,6500,0
2022-04-27 14:52:00,6500,6500,6500,6500,0
2022-04-27 14:53:00,6500,6500,6500,6500,0
2022-04-27 14:54:00,6500,6500,6500,6500,0
2022-04-27 14:55:00,6500,6500,6500,6500,0
2022-04-27 14:56:00,6500,6500,6500,6500,0
2022-04-27 14:57:00,6500,6500,6500,6500,0
2022-04-27 14:58:00,6500,6500,6500,6500,0
2022-04-27 14:59:00,6500,6500,6500,6500,0
2022-04-27 15:00:00,6500,6500,6500,6500,52700
2022-04-27 15:01:00,6500,6500,6500,6500,6000
2022-04-27 15:02:00,6500,6500,6500,6500,1100
2022-04-27 15:03:00,6500,6500,6500,6500,6000
2022-04-27 15:04:00,6500,6500,6500,6500,500
2022-04-27 15:05:00,6500,6500,6500,6500,100
2022-04-27 15:06:00,6500,6500,6500,6500,12700
2022-04-27 15:07:00,6500,6500,6500,6500,17100
2022-04-27 15:08:00,6500,6500,6500,6500,28700
2022-04-27 15:09:00,6500,6500,6500,6500,5200
2022-04-27 15:10:00,6500,6500,6500,6500,0
2022-04-27 15:11:00,6500,6500,6500,6500,0
2022-04-27 15:12:00,6500,6500,6500,6500,9600
2022-04-27 15:13:00,6500,6500,6500,6500,200
2022-04-27 15:14:00,6500,6500,6500,6500,0
2022-04-27 15:15:00,6500,6500,6500,6500,0
2022-04-27 15:16:00,6500,6500,6500,6500,0
2022-04-27 15:17:00,6500,6500,6500,6500,0
2022-04-27 15:18:00,6500,6500,6500,6500,0
2022-04-27 15:19:00,6500,6500,6500,6500,0
2022-04-27 15:20:00,6500,6500,6500,6500,0
2022-04-27 15:21:00,6500,6500,6500,6500,0
2022-04-27 15:22:00,6500,6500,6500,6500,0
2022-04-27 15:23:00,6500,6500,6500,6500,0
2022-04-27 15:24:00,6500,6500,6500,6500,0
2022-04-27 15:25:00,6500,6500,6500,6500,0
2022-04-27 15:26:00,6500,6500,6500,6500,0
2022-04-27 15:27:00,6500,6500,6500,6500,0
2022-04-27 15:28:00,6500,6500,6500,6500,0
2022-04-27 15:29:00,6500,6500,6500,6500,0
2022-04-27 15:30:00,6500,6500,6500,6500,0
2022-04-27 15:31:00,6500,6500,6500,6500,0
2022-04-27 15:32:00,6500,6500,6500,6500,0
2022-04-27 15:33:00,6500,6500,6500,6500,0
2022-04-27 15:34:00,6500,6500,6500,6500,0
2022-04-27 15:35:00,6500,6500,6500,6500,0
2022-04-27 15:36:00,6500,6500,6500,6500,0
2022-04-27 15:37:00,6500,6500,6500,6500,0
2022-04-27 15:38:00,6500,6500,6500,6500,0
2022-04-27 15:39:00,6500,6500,6500,6500,0
2022-04-27 15:40:00,6500,6500,6500,6500,0
2022-04-27 15:41:00,6500,6500,6500,6500,0
2022-04-27 15:42:00,6500,6500,6500,6500,0
2022-04-27 15:43:00,6500,6500,6500,6500,0
2022-04-27 15:44:00,6500,6500,6500,6500,0
2022-04-27 15:45:00,6500,6500,6500,6500,0
2022-04-27 15:46:00,6500,6500,6500,6500,0
2022-04-27 15:47:00,6500,6500,6500,6500,0
2022-04-27 15:48:00,6500,6500,6500,6500,0
2022-04-27 15:49:00,6500,6500,6500,6500,0
2022-04-27 15:50:00,6500,6500,6500,6500,0
2022-04-27 15:51:00,6500,6500,6500,6500,0
2022-04-27 15:52:00,6500,6500,6500,6500,0
2022-04-27 15:53:00,6500,6500,6500,6500,0
2022-04-27 15:54:00,6500,6500,6500,6500,0
2022-04-27 15:55:00,6500,6500,6500,6500,0
2022-04-27 15:56:00,6500,6500,6500,6500,0
2022-04-27 15:57:00,6500,6500,6500,6500,0
2022-04-27 15:58:00,6500,6500,6500,6500,0
2022-04-27 15:59:00,6500,6500,6500,6500,0
2022-04-28 09:00:00,6525,6525,6525,6525,0
2022-04-28 09:01:00,6525,6525,6525,6525,4800
2022-04-28 09:02:00,6525,6525,6525,6525,3200
2022-04-28 09:03:00,6525,6525,6525,6525,25100
2022-04-28 09:04:00,6525,6525,6525,6525,7000
2022-04-28 09:05:00,6525,6525,6550,6550,200
2022-04-28 09:06:00,6550,6550,6550,6550,4500
2022-04-28 09:07:00,6550,6550,6550,6550,200
2022-04-28 09:08:00,6550,6550,6550,6550,2600
2022-04-28 09:09:00,6550,6550,6550,6550,31800
2022-04-28 09:10:00,6575,6575,6575,6575,30500
2022-04-28 09:11:00,6600,6575,6600,6575,16900
2022-04-28 09:12:00,6575,6575,6600,6600,8400
2022-04-28 09:13:00,6600,6575,6600,6600,3000
2022-04-28 09:14:00,6600,6575,6600,6575,27400
2022-04-28 09:15:00,6575,6575,6575,6575,26400
2022-04-28 09:16:00,6575,6575,6575,6575,5400
2022-04-28 09:17:00,6600,6575,6600,6575,9200
2022-04-28 09:18:00,6575,6575,6600,6575,11000
2022-04-28 09:19:00,6600,6600,6600,6600,1500
2022-04-28 09:20:00,6600,6600,6600,6600,15600
2022-04-28 09:21:00,6600,6575,6600,6600,12700
2022-04-28 09:22:00,6575,6575,6575,6575,100
2022-04-28 09:23:00,6600,6575,6600,6575,2800
2022-04-28 09:24:00,6575,6575,6600,6600,1200
2022-04-28 09:25:00,6600,6600,6600,6600,800
2022-04-28 09:26:00,6575,6575,6600,6575,3500
2022-04-28 09:27:00,6600,6600,6600,6600,15800
2022-04-28 09:28:00,6600,6600,6600,6600,9400
2022-04-28 09:29:00,6600,6600,6600,6600,29300
2022-04-28 09:30:00,6600,6575,6600,6600,33000
2022-04-28 09:31:00,6600,6575,6600,6600,5900
2022-04-28 09:32:00,6600,6600,6600,6600,1500
2022-04-28 09:33:00,6575,6575,6600,6600,31700
2022-04-28 09:34:00,6575,6575,6600,6600,0
2022-04-28 09:35:00,6600,6575,6600,6575,1500
2022-04-28 09:36:00,6575,6575,6575,6575,200
2022-04-28 09:37:00,6600,6600,6600,6600,800
2022-04-28 09:38:00,6600,6575,6600,6575,6900
2022-04-28 09:39:00,6575,6575,6575,6575,9000
2022-04-28 09:40:00,6600,6600,6600,6600,1000
2022-04-28 09:41:00,6600,6600,6600,6600,1400
2022-04-28 09:42:00,6600,6600,6600,6600,1700
2022-04-28 09:43:00,6600,6600,6600,6600,100700
2022-04-28 09:44:00,6600,6600,6600,6600,2600
2022-04-28 09:45:00,6600,6600,6600,6600,2800
2022-04-28 09:46:00,6600,6600,6600,6600,31000
2022-04-28 09:47:00,6625,6600,6625,6600,12700
2022-04-28 09:48:00,6600,6600,6625,6625,10700
2022-04-28 09:49:00,6625,6600,6625,6600,33000
2022-04-28 09:50:00,6600,6600,6600,6600,600
2022-04-28 09:51:00,6625,6625,6625,6625,10000
2022-04-28 09:52:00,6625,6600,6625,6600,55300
2022-04-28 09:53:00,6600,6600,6600,6600,1100
2022-04-28 09:54:00,6600,6575,6600,6575,600
2022-04-28 09:55:00,6600,6600,6600,6600,200
2022-04-28 09:56:00,6600,6600,6600,6600,0
2022-04-28 09:57:00,6575,6575,6575,6575,3000
2022-04-28 09:58:00,6575,6575,6575,6575,0
2022-04-28 09:59:00,6575,6575,6575,6575,0
2022-04-28 10:00:00,6575,6575,6575,6575,400
2022-04-28 10:01:00,6600,6600,6600,6600,1300
2022-04-28 10:02:00,6600,6600,6600,6600,0
2022-04-28 10:03:00,6575,6575,6575,6575,5400
2022-04-28 10:04:00,6575,6575,6575,6575,700
2022-04-28 10:05:00,6575,6575,6575,6575,0
2022-04-28 10:06:00,6600,6600,6600,6600,300
2022-04-28 10:07:00,6600,6600,6600,6600,1500
2022-04-28 10:08:00,6575,6575,6575,6575,600
2022-04-28 10:09:00,6575,6575,6575,6575,0
2022-04-28 10:10:00,6575,6575,6575,6575,0
2022-04-28 10:11:00,6575,6575,6600,6600,2800
2022-04-28 10:12:00,6600,6575,6600,6575,1100
2022-04-28 10:13:00,6600,6575,6600,6575,0
2022-04-28 10:14:00,6600,6575,6600,6575,200
2022-04-28 10:15:00,6600,6575,6600,6600,16800
2022-04-28 10:16:00,6600,6600,6600,6600,200
2022-04-28 10:17:00,6600,6600,6600,6600,400
2022-04-28 10:18:00,6575,6575,6600,6600,22500
2022-04-28 10:19:00,6575,6575,6600,6600,10100
2022-04-28 10:20:00,6575,6575,6600,6600,0
2022-04-28 10:21:00,6575,6575,6600,6600,300
2022-04-28 10:22:00,6600,6600,6600,6600,1000
2022-04-28 10:23:00,6575,6575,6600,6600,500
2022-04-28 10:24:00,6575,6575,6600,6600,2100
2022-04-28 10:25:00,6600,6600,6600,6600,61300
2022-04-28 10:26:00,6600,6600,6600,6600,30300
2022-04-28 10:27:00,6600,6575,6600,6575,4800
2022-04-28 10:28:00,6600,6575,6600,6575,0
2022-04-28 10:29:00,6575,6575,6600,6600,1600
2022-04-28 10:30:00,6600,6600,6600,6600,2100
2022-04-28 10:31:00,6600,6600,6600,6600,3000
2022-04-28 10:32:00,6575,6575,6575,6575,10000
2022-04-28 10:33:00,6600,6575,6600,6575,1100
2022-04-28 10:34:00,6600,6575,6600,6575,400
2022-04-28 10:35:00,6600,6575,6600,6575,1400
2022-04-28 10:36:00,6575,6575,6575,6575,3600
2022-04-28 10:37:00,6600,6575,6600,6575,1400
2022-04-28 10:38:00,6600,6575,6600,6575,0
2022-04-28 10:39:00,6575,6575,6575,6575,1500
2022-04-28 10:40:00,6600,6600,6600,6600,300
2022-04-28 10:41:00,6575,6575,6575,6575,400
2022-04-28 10:42:00,6575,6575,6575,6575,0
2022-04-28 10:43:00,6575,6575,6575,6575,0
2022-04-28 10:44:00,6575,6575,6575,6575,200
2022-04-28 10:45:00,6600,6600,6600,6600,500
2022-04-28 10:46:00,6600,6600,6600,6600,1500
2022-04-28 10:47:00,6575,6575,6575,6575,5900
2022-04-28 10:48:00,6575,6575,6575,6575,2000
2022-04-28 10:49:00,6575,6575,6575,6575,0
2022-04-28 10:50:00,6575,6575,6575,6575,1200
2022-04-28 10:51:00,6600,6600,6600,6600,900
2022-04-28 10:52:00,6600,6600,6600,6600,100
2022-04-28 10:53:00,6600,6600,6600,6600,5200
2022-04-28 10:54:00,6600,6600,6600,6600,0
2022-04-28 10:55:00,6600,6550,6600,6550,188100
2022-04-28 10:56:00,6550,6550,6550,6550,1500
2022-04-28 10:57:00,6550,6550,6575,6575,1000
2022-04-28 10:58:00,6550,6550,6550,6550,1000
2022-04-28 10:59:00,6575,6575,6600,6600,45100
2022-04-28 11:00:00,6600,6575,6600,6575,2000
2022-04-28 11:01:00,6600,6575,6600,6575,600
2022-04-28 11:02:00,6575,6575,6600,6600,10700
2022-04-28 11:03:00,6575,6575,6600,6600,0
2022-04-28 11:04:00,6575,6575,6600,6575,69300
2022-04-28 11:05:00,6600,6600,6600,6600,5200
2022-04-28 11:06:00,6600,6575,6600,6600,10200
2022-04-28 11:07:00,6600,6575,6600,6600,70700
2022-04-28 11:08:00,6600,6600,6600,6600,3100
2022-04-28 11:09:00,6600,6600,6600,6600,1100
2022-04-28 11:10:00,6600,6600,6600,6600,200
2022-04-28 11:11:00,6600,6600,6600,6600,900
2022-04-28 11:12:00,6600,6575,6600,6600,3400
2022-04-28 11:13:00,6575,6575,6600,6600,800
2022-04-28 11:14:00,6600,6600,6600,6600,2100
2022-04-28 11:15:00,6600,6600,6600,6600,100
2022-04-28 11:16:00,6600,6600,6600,6600,100
2022-04-28 11:17:00,6600,6600,6600,6600,1500
2022-04-28 11:18:00,6575,6575,6600,6600,1800
2022-04-28 11:19:00,6600,6600,6600,6600,100
2022-04-28 11:20:00,6600,6600,6600,6600,600
2022-04-28 11:21:00,6600,6600,6600,6600,12600
2022-04-28 11:22:00,6600,6600,6600,6600,11100
2022-04-28 11:23:00,6600,6600,6600,6600,12400
2022-04-28 11:24:00,6625,6625,6625,6625,400
2022-04-28 11:25:00,6600,6600,6600,6600,500
2022-04-28 11:26:00,6625,6625,6625,6625,8700
2022-04-28 11:27:00,6625,6625,6625,6625,1000
2022-04-28 11:28:00,6625,6625,6625,6625,2900
2022-04-28 11:29:00,6625,6600,6625,6600,2600
2022-04-28 11:30:00,6625,6600,6625,6600,0
2022-04-28 11:31:00,6625,6600,6625,6600,0
2022-04-28 11:32:00,6625,6600,6625,6600,0
2022-04-28 11:33:00,6625,6600,6625,6600,0
2022-04-28 11:34:00,6625,6600,6625,6600,0
2022-04-28 11:35:00,6625,6600,6625,6600,0
2022-04-28 11:36:00,6625,6600,6625,6600,0
2022-04-28 11:37:00,6625,6600,6625,6600,0
2022-04-28 11:38:00,6625,6600,6625,6600,0
2022-04-28 11:39:00,6625,6600,6625,6600,0
2022-04-28 11:40:00,6625,6600,6625,6600,0
2022-04-28 11:41:00,6625,6600,6625,6600,0
2022-04-28 11:42:00,6625,6600,6625,6600,0
2022-04-28 11:43:00,6625,6600,6625,6600,0
2022-04-28 11:44:00,6625,6600,6625,6600,0
2022-04-28 11:45:00,6625,6600,6625,6600,0
2022-04-28 11:46:00,6625,6600,6625,6600,0
2022-04-28 11:47:00,6625,6600,6625,6600,0
2022-04-28 11:48:00,6625,6600,6625,6600,0
2022-04-28 11:49:00,6625,6600,6625,6600,0
2022-04-28 11:50:00,6625,6600,6625,6600,0
2022-04-28 11:51:00,6625,6600,6625,6600,0
2022-04-28 11:52:00,6625,6600,6625,6600,0
2022-04-28 11:53:00,6625,6600,6625,6600,0
2022-04-28 11:54:00,6625,6600,6625,6600,0
2022-04-28 11:55:00,6625,6600,6625,6600,0
2022-04-28 11:56:00,6625,6600,6625,6600,0
2022-04-28 11:57:00,6625,6600,6625,6600,0
2022-04-28 11:58:00,6625,6600,6625,6600,0
2022-04-28 11:59:00,6625,6600,6625,6600,0
2022-04-28 12:00:00,6625,6600,6625,6600,0
2022-04-28 12:01:00,6625,6600,6625,6600,0
2022-04-28 12:02:00,6625,6600,6625,6600,0
2022-04-28 12:03:00,6625,6600,6625,6600,0
2022-04-28 12:04:00,6625,6600,6625,6600,0
2022-04-28 12:05:00,6625,6600,6625,6600,0
2022-04-28 12:06:00,6625,6600,6625,6600,0
2022-04-28 12:07:00,6625,6600,6625,6600,0
2022-04-28 12:08:00,6625,6600,6625,6600,0
2022-04-28 12:09:00,6625,6600,6625,6600,0
2022-04-28 12:10:00,6625,6600,6625,6600,0
2022-04-28 12:11:00,6625,6600,6625,6600,0
2022-04-28 12:12:00,6625,6600,6625,6600,0
2022-04-28 12:13:00,6625,6600,6625,6600,0
2022-04-28 12:14:00,6625,6600,6625,6600,0
2022-04-28 12:15:00,6625,6600,6625,6600,0
2022-04-28 12:16:00,6625,6600,6625,6600,0
2022-04-28 12:17:00,6625,6600,6625,6600,0
2022-04-28 12:18:00,6625,6600,6625,6600,0
2022-04-28 12:19:00,6625,6600,6625,6600,0
2022-04-28 12:20:00,6625,6600,6625,6600,0
2022-04-28 12:21:00,6625,6600,6625,6600,0
2022-04-28 12:22:00,6625,6600,6625,6600,0
2022-04-28 12:23:00,6625,6600,6625,6600,0
2022-04-28 12:24:00,6625,6600,6625,6600,0
2022-04-28 12:25:00,6625,6600,6625,6600,0
2022-04-28 12:26:00,6625,6600,6625,6600,0
2022-04-28 12:27:00,6625,6600,6625,6600,0
2022-04-28 12:28:00,6625,6600,6625,6600,0
2022-04-28 12:29:00,6625,6600,6625,6600,0
2022-04-28 12:30:00,6625,6600,6625,6600,0
2022-04-28 12:31:00,6625,6600,6625,6600,0
2022-04-28 12:32:00,6625,6600,6625,6600,0
2022-04-28 12:33:00,6625,6600,6625,6600,0
2022-04-28 12:34:00,6625,6600,6625,6600,0
2022-04-28 12:35:00,6625,6600,6625,6600,0
2022-04-28 12:36:00,6625,6600,6625,6600,0
2022-04-28 12:37:00,6625,6600,6625,6600,0
2022-04-28 12:38:00,6625,6600,6625,6600,0
2022-04-28 12:39:00,6625,6600,6625,6600,0
2022-04-28 12:40:00,6625,6600,6625,6600,0
2022-04-28 12:41:00,6625,6600,6625,6600,0
2022-04-28 12:42:00,6625,6600,6625,6600,0
2022-04-28 12:43:00,6625,6600,6625,6600,0
2022-04-28 12:44:00,6625,6600,6625,6600,0
2022-04-28 12:45:00,6625,6600,6625,6600,0
2022-04-28 12:46:00,6625,6600,6625,6600,0
2022-04-28 12:47:00,6625,6600,6625,6600,0
2022-04-28 12:48:00,6625,6600,6625,6600,0
2022-04-28 12:49:00,6625,6600,6625,6600,0
2022-04-28 12:50:00,6625,6600,6625,6600,0
2022-04-28 12:51:00,6625,6600,6625,6600,0
2022-04-28 12:52:00,6625,6600,6625,6600,0
2022-04-28 12:53:00,6625,6600,6625,6600,0
2022-04-28 12:54:00,6625,6600,6625,6600,0
2022-04-28 12:55:00,6625,6600,6625,6600,0
2022-04-28 12:56:00,6625,6600,6625,6600,0
2022-04-28 12:57:00,6625,6600,6625,6600,0
2022-04-28 12:58:00,6625,6600,6625,6600,0
2022-04-28 12:59:00,6625,6600,6625,6600,0
2022-04-28 13:00:00,6625,6600,6625,6600,0
2022-04-28 13:01:00,6625,6600,6625,6600,0
2022-04-28 13:02:00,6625,6600,6625,6600,0
2022-04-28 13:03:00,6625,6600,6625,6600,0
2022-04-28 13:04:00,6625,6600,6625,6600,0
2022-04-28 13:05:00,6625,6600,6625,6600,0
2022-04-28 13:06:00,6625,6600,6625,6600,0
2022-04-28 13:07:00,6625,6600,6625,6600,0
2022-04-28 13:08:00,6625,6600,6625,6600,0
2022-04-28 13:09:00,6625,6600,6625,6600,0
2022-04-28 13:10:00,6625,6600,6625,6600,0
2022-04-28 13:11:00,6625,6600,6625,6600,0
2022-04-28 13:12:00,6625,6600,6625,6600,0
2022-04-28 13:13:00,6625,6600,6625,6600,0
2022-04-28 13:14:00,6625,6600,6625,6600,0
2022-04-28 13:15:00,6625,6600,6625,6600,0
2022-04-28 13:16:00,6625,6600,6625,6600,0
2022-04-28 13:17:00,6625,6600,6625,6600,0
2022-04-28 13:18:00,6625,6600,6625,6600,0
2022-04-28 13:19:00,6625,6600,6625,6600,0
2022-04-28 13:20:00,6625,6600,6625,6600,0
2022-04-28 13:21:00,6625,6600,6625,6600,0
2022-04-28 13:22:00,6625,6600,6625,6600,0
2022-04-28 13:23:00,6625,6600,6625,6600,0
2022-04-28 13:24:00,6625,6600,6625,6600,0
2022-04-28 13:25:00,6625,6600,6625,6600,0
2022-04-28 13:26:00,6625,6600,6625,6600,0
2022-04-28 13:27:00,6625,6600,6625,6600,0
2022-04-28 13:28:00,6625,6600,6625,6600,0
2022-04-28 13:29:00,6625,6600,6625,6600,0
2022-04-28 13:30:00,6600,6575,6625,6625,68600
2022-04-28 13:31:00,6625,6625,6625,6625,500
2022-04-28 13:32:00,6625,6625,6625,6625,20000
2022-04-28 13:33:00,6600,6600,6600,6600,11200
2022-04-28 13:34:00,6600,6600,6600,6600,0
2022-04-28 13:35:00,6600,6600,6625,6625,6700
2022-04-28 13:36:00,6625,6600,6625,6600,700
2022-04-28 13:37:00,6600,6600,6625,6625,11200
2022-04-28 13:38:00,6625,6600,6625,6600,600
2022-04-28 13:39:00,6600,6600,6600,6600,65700
2022-04-28 13:40:00,6625,6625,6625,6625,1100
2022-04-28 13:41:00,6625,6625,6625,6625,700
2022-04-28 13:42:00,6600,6600,6600,6600,1200
2022-04-28 13:43:00,6600,6600,6600,6600,0
2022-04-28 13:44:00,6625,6625,6625,6625,200
2022-04-28 13:45:00,6625,6600,6625,6600,1700
2022-04-28 13:46:00,6600,6600,6625,6625,10900
2022-04-28 13:47:00,6600,6600,6625,6625,200
2022-04-28 13:48:00,6625,6625,6625,6625,400
2022-04-28 13:49:00,6600,6600,6625,6625,600
2022-04-28 13:50:00,6600,6600,6625,6625,0
2022-04-28 13:51:00,6600,6600,6600,6600,2600
2022-04-28 13:52:00,6600,6600,6600,6600,0
2022-04-28 13:53:00,6600,6600,6600,6600,0
2022-04-28 13:54:00,6600,6600,6600,6600,10000
2022-04-28 13:55:00,6625,6625,6625,6625,1000
2022-04-28 13:56:00,6625,6625,6625,6625,0
2022-04-28 13:57:00,6600,6600,6625,6600,2400
2022-04-28 13:58:00,6600,6600,6625,6600,0
2022-04-28 13:59:00,6600,6600,6625,6600,0
2022-04-28 14:00:00,6625,6625,6625,6625,200
2022-04-28 14:01:00,6600,6600,6600,6600,2500
2022-04-28 14:02:00,6600,6600,6600,6600,1100
2022-04-28 14:03:00,6600,6600,6600,6600,0
2022-04-28 14:04:00,6600,6600,6600,6600,0
2022-04-28 14:05:00,6600,6600,6600,6600,2400
2022-04-28 14:06:00,6625,6600,6625,6600,4500
2022-04-28 14:07:00,6600,6600,6600,6600,2500
2022-04-28 14:08:00,6625,6625,6625,6625,2000
2022-04-28 14:09:00,6625,6600,6625,6625,18200
2022-04-28 14:10:00,6625,6600,6625,6625,0
2022-04-28 14:11:00,6600,6600,6625,6625,600
2022-04-28 14:12:00,6600,6600,6600,6600,100
2022-04-28 14:13:00,6625,6625,6625,6625,3800
2022-04-28 14:14:00,6625,6625,6625,6625,0
2022-04-28 14:15:00,6625,6625,6625,6625,2400
2022-04-28 14:16:00,6625,6625,6625,6625,600
2022-04-28 14:17:00,6600,6600,6625,6625,2200
2022-04-28 14:18:00,6625,6625,6625,6625,100
2022-04-28 14:19:00,6625,6625,6625,6625,100
2022-04-28 14:20:00,6625,6625,6625,6625,3600
2022-04-28 14:21:00,6625,6625,6625,6625,3400
2022-04-28 14:22:00,6625,6625,6625,6625,5200
2022-04-28 14:23:00,6625,6625,6625,6625,100
2022-04-28 14:24:00,6625,6625,6625,6625,100
2022-04-28 14:25:00,6600,6600,6600,6600,300
2022-04-28 14:26:00,6625,6600,6625,6625,5600
2022-04-28 14:27:00,6625,6625,6625,6625,100
2022-04-28 14:28:00,6625,6625,6625,6625,0
2022-04-28 14:29:00,6600,6600,6625,6625,1600
2022-04-28 14:30:00,6600,6600,6625,6600,70500
2022-04-28 14:31:00,6625,6600,6625,6600,3600
2022-04-28 14:32:00,6600,6600,6600,6600,2500
2022-04-28 14:33:00,6600,6600,6600,6600,2500
2022-04-28 14:34:00,6600,6600,6625,6625,4700
2022-04-28 14:35:00,6625,6600,6625,6600,14700
2022-04-28 14:36:00,6600,6600,6600,6600,3000
2022-04-28 14:37:00,6600,6600,6600,6600,0
2022-04-28 14:38:00,6600,6600,6600,6600,1600
2022-04-28 14:39:00,6625,6600,6625,6625,6400
2022-04-28 14:40:00,6625,6625,6625,6625,1200
2022-04-28 14:41:00,6625,6600,6625,6600,14400
2022-04-28 14:42:00,6600,6600,6625,6600,152600
2022-04-28 14:43:00,6600,6600,6625,6600,23400
2022-04-28 14:44:00,6600,6600,6600,6600,11300
2022-04-28 14:45:00,6600,6600,6625,6600,7700
2022-04-28 14:46:00,6600,6600,6600,6600,5000
2022-04-28 14:47:00,6600,6600,6625,6600,1200
2022-04-28 14:48:00,6625,6600,6625,6625,7700
2022-04-28 14:49:00,6625,6600,6625,6600,39100
2022-04-28 14:50:00,6625,6600,6625,6600,0
2022-04-28 14:51:00,6625,6600,6625,6600,0
2022-04-28 14:52:00,6625,6600,6625,6600,0
2022-04-28 14:53:00,6625,6600,6625,6600,0
2022-04-28 14:54:00,6625,6600,6625,6600,0
2022-04-28 14:55:00,6625,6600,6625,6600,0
2022-04-28 14:56:00,6625,6600,6625,6600,0
2022-04-28 14:57:00,6625,6600,6625,6600,0
2022-04-28 14:58:00,6625,6600,6625,6600,0
2022-04-28 14:59:00,6625,6600,6625,6600,0
2022-04-28 15:00:00,6600,6600,6600,6600,154300
2022-04-28 15:01:00,6600,6600,6600,6600,5400
2022-04-28 15:02:00,6600,6600,6600,6600,5000
2022-04-28 15:03:00,6600,6600,6600,6600,1400
2022-04-28 15:04:00,6600,6600,6600,6600,0
2022-04-28 15:05:00,6600,6600,6600,6600,5800
2022-04-28 15:06:00,6600,6600,6600,6600,700
2022-04-28 15:07:00,6600,6600,6600,6600,1100
2022-04-28 15:08:00,6600,6600,6600,6600,0
2022-04-28 15:09:00,6600,6600,6600,6600,0
2022-04-28 15:10:00,6600,6600,6600,6600,0
2022-04-28 15:11:00,6600,6600,6600,6600,3400
2022-04-28 15:12:00,6600,6600,6600,6600,0
2022-04-28 15:13:00,6600,6600,6600,6600,0
2022-04-28 15:14:00,6600,6600,6600,6600,0
2022-04-28 15:15:00,6600,6600,6600,6600,0
2022-04-28 15:16:00,6600,6600,6600,6600,0
2022-04-28 15:17:00,6600,6600,6600,6600,0
2022-04-28 15:18:00,6600,6600,6600,6600,0
2022-04-28 15:19:00,6600,6600,6600,6600,0
2022-04-28 15:20:00,6600,6600,6600,6600,0
2022-04-28 15:21:00,6600,6600,6600,6600,0
2022-04-28 15:22:00,6600,6600,6600,6600,0
2022-04-28 15:23:00,6600,6600,6600,6600,0
2022-04-28 15:24:00,6600,6600,6600,6600,0
2022-04-28 15:25:00,6600,6600,6600,6600,0
2022-04-28 15:26:00,6600,6600,6600,6600,0
2022-04-28 15:27:00,6600,6600,6600,6600,0
2022-04-28 15:28:00,6600,6600,6600,6600,0
2022-04-28 15:29:00,6600,6600,6600,6600,0
2022-04-28 15:30:00,6600,6600,6600,6600,0
2022-04-28 15:31:00,6600,6600,6600,6600,0
2022-04-28 15:32:00,6600,6600,6600,6600,0
2022-04-28 15:33:00,6600,6600,6600,6600,0
2022-04-28 15:34:00,6600,6600,6600,6600,0
2022-04-28 15:35:00,6600,6600,6600,6600,0
2022-04-28 15:36:00,6600,6600,6600,6600,0
2022-04-28 15:37:00,6600,6600,6600,6600,0
2022-04-28 15:38:00,6600,6600,6600,6600,0
2022-04-28 15:39:00,6600,6600,6600,6600,0
2022-04-28 15:40:00,6600,6600,6600,6600,0
2022-04-28 15:41:00,6600,6600,6600,6600,0
2022-04-28 15:42:00,6600,6600,6600,6600,0
2022-04-28 15:43:00,6600,6600,6600,6600,0
2022-04-28 15:44:00,6600,6600,6600,6600,0
2022-04-28 15:45:00,6600,6600,6600,6600,0
2022-04-28 15:46:00,6600,6600,6600,6600,0
2022-04-28 15:47:00,6600,6600,6600,6600,0
2022-04-28 15:48:00,6600,6600,6600,6600,0
2022-04-28 15:49:00,6600,6600,6600,6600,0
2022-04-28 15:50:00,6600,6600,6600,6600,0
2022-04-28 15:51:00,6600,6600,6600,6600,0
2022-04-28 15:52:00,6600,6600,6600,6600,0
2022-04-28 15:53:00,6600,6600,6600,6600,0
2022-04-28 15:54:00,6600,6600,6600,6600,0
2022-04-28 15:55:00,6600,6600,6600,6600,0
2022-04-28 15:56:00,6600,6600,6600,6600,0
2022-04-28 15:57:00,6600,6600,6600,6600,0
2022-04-28 15:58:00,6600,6600,6600,6600,0
2022-04-28 15:59:00,6600,6600,6600,6600,0
2022-04-29 09:00:00,6600,6600,6600,6600,0
2022-04-29 09:01:00,6600,6600,6600,6600,0
2022-04-29 09:02:00,6600,6600,6600,6600,0
2022-04-29 09:03:00,6600,6600,6600,6600,0
2022-04-29 09:04:00,6600,6600,6600,6600,0
2022-04-29 09:05:00,6600,6600,6600,6600,0
2022-04-29 09:06:00,6600,6600,6600,6600,0
2022-04-29 09:07:00,6600,6600,6600,6600,0
2022-04-29 09:08:00,6600,6600,6600,6600,0
2022-04-29 09:09:00,6600,6600,6600,6600,0
2022-04-29 09:10:00,6600,6600,6600,6600,0
2022-04-29 09:11:00,6600,6600,6600,6600,0
2022-04-29 09:12:00,6600,6600,6600,6600,0
2022-04-29 09:13:00,6600,6600,6600,6600,0
2022-04-29 09:14:00,6600,6600,6600,6600,0
2022-04-29 09:15:00,6600,6600,6600,6600,0
2022-04-29 09:16:00,6600,6600,6600,6600,0
2022-04-29 09:17:00,6600,6600,6600,6600,0
2022-04-29 09:18:00,6600,6600,6600,6600,0
2022-04-29 09:19:00,6600,6600,6600,6600,0
2022-04-29 09:20:00,6600,6600,6600,6600,0
2022-04-29 09:21:00,6600,6600,6600,6600,0
2022-04-29 09:22:00,6600,6600,6600,6600,0
2022-04-29 09:23:00,6600,6600,6600,6600,0
2022-04-29 09:24:00,6600,6600,6600,6600,0
2022-04-29 09:25:00,6600,6600,6600,6600,0
2022-04-29 09:26:00,6600,6600,6600,6600,0
2022-04-29 09:27:00,6600,6600,6600,6600,0
2022-04-29 09:28:00,6600,6600,6600,6600,0
2022-04-29 09:29:00,6600,6600,6600,6600,0
2022-04-29 09:30:00,6600,6600,6600,6600,0
2022-04-29 09:31:00,6600,6600,6600,6600,0
2022-04-29 09:32:00,6600,6600,6600,6600,0
2022-04-29 09:33:00,6600,6600,6600,6600,0
2022-04-29 09:34:00,6600,6600,6600,6600,0
2022-04-29 09:35:00,6600,6600,6600,6600,0
2022-04-29 09:36:00,6600,6600,6600,6600,0
2022-04-29 09:37:00,6600,6600,6600,6600,0
2022-04-29 09:38:00,6600,6600,6600,6600,0
2022-04-29 09:39:00,6600,6600,6600,6600,0
2022-04-29 09:40:00,6600,6600,6600,6600,0
2022-04-29 09:41:00,6600,6600,6600,6600,0
2022-04-29 09:42:00,6600,6600,6600,6600,0
2022-04-29 09:43:00,6600,6600,6600,6600,0
2022-04-29 09:44:00,6600,6600,6600,6600,0
2022-04-29 09:45:00,6600,6600,6600,6600,0
2022-04-29 09:46:00,6600,6600,6600,6600,0
2022-04-29 09:47:00,6600,6600,6600,6600,0
2022-04-29 09:48:00,6600,6600,6600,6600,0
2022-04-29 09:49:00,6600,6600,6600,6600,0
2022-04-29 09:50:00,6600,6600,6600,6600,0
2022-04-29 09:51:00,6600,6600,6600,6600,0
2022-04-29 09:52:00,6600,6600,6600,6600,0
2022-04-29 09:53:00,6600,6600,6600,6600,0
2022-04-29 09:54:00,6600,6600,6600,6600,0
2022-04-29 09:55:00,6600,6600,6600,6600,0
2022-04-29 09:56:00,6600,6600,6600,6600,0
2022-04-29 09:57:00,6600,6600,6600,6600,0
2022-04-29 09:58:00,6600,6600,6600,6600,0
2022-04-29 09:59:00,6600,6600,6600,6600,0
2022-04-29 10:00:00,6600,6600,6600,6600,0
2022-04-29 10:01:00,6600,6600,6600,6600,0
2022-04-29 10:02:00,6600,6600,6600,6600,0
2022-04-29 10:03:00,6600,6600,6600,6600,0
2022-04-29 10:04:00,6600,6600,6600,6600,0
2022-04-29 10:05:00,6600,6600,6600,6600,0
2022-04-29 10:06:00,6600,6600,6600,6600,0
2022-04-29 10:07:00,6600,6600,6600,6600,0
2022-04-29 10:08:00,6600,6600,6600,6600,0
2022-04-29 10:09:00,6600,6600,6600,6600,0
2022-04-29 10:10:00,6600,6600,6600,6600,0
2022-04-29 10:11:00,6600,6600,6600,6600,0
2022-04-29 10:12:00,6600,6600,6600,6600,0
2022-04-29 10:13:00,6600,6600,6600,6600,0
2022-04-29 10:14:00,6600,6600,6600,6600,0
2022-04-29 10:15:00,6600,6600,6600,6600,0
2022-04-29 10:16:00,6600,6600,6600,6600,0
2022-04-29 10:17:00,6600,6600,6600,6600,0
2022-04-29 10:18:00,6600,6600,6600,6600,0
2022-04-29 10:19:00,6600,6600,6600,6600,0
2022-04-29 10:20:00,6600,6600,6600,6600,0
2022-04-29 10:21:00,6600,6600,6600,6600,0
2022-04-29 10:22:00,6600,6600,6600,6600,0
2022-04-29 10:23:00,6600,6600,6600,6600,0
2022-04-29 10:24:00,6600,6600,6600,6600,0
2022-04-29 10:25:00,6600,6600,6600,6600,0
2022-04-29 10:26:00,6600,6600,6600,6600,0
2022-04-29 10:27:00,6600,6600,6600,6600,0
2022-04-29 10:28:00,6600,6600,6600,6600,0
2022-04-29 10:29:00,6600,6600,6600,6600,0
2022-04-29 10:30:00,6600,6600,6600,6600,0
2022-04-29 10:31:00,6600,6600,6600,6600,0
2022-04-29 10:32:00,6600,6600,6600,6600,0
2022-04-29 10:33:00,6600,6600,6600,6600,0
2022-04-29 10:34:00,6600,6600,6600,6600,0
2022-04-29 10:35:00,6600,6600,6600,6600,0
2022-04-29 10:36:00,6600,6600,6600,6600,0
2022-04-29 10:37:00,6600,6600,6600,6600,0
2022-04-29 10:38:00,6600,6600,6600,6600,0
2022-04-29 10:39:00,6600,6600,6600,6600,0
2022-04-29 10:40:00,6600,6600,6600,6600,0
2022-04-29 10:41:00,6600,6600,6600,6600,0
2022-04-29 10:42:00,6600,6600,6600,6600,0
2022-04-29 10:43:00,6600,6600,6600,6600,0
2022-04-29 10:44:00,6600,6600,6600,6600,0
2022-04-29 10:45:00,6600,6600,6600,6600,0
2022-04-29 10:46:00,6600,6600,6600,6600,0
2022-04-29 10:47:00,6600,6600,6600,6600,0
2022-04-29 10:48:00,6600,6600,6600,6600,0
2022-04-29 10:49:00,6600,6600,6600,6600,0
2022-04-29 10:50:00,6600,6600,6600,6600,0
2022-04-29 10:51:00,6600,6600,6600,6600,0
2022-04-29 10:52:00,6600,6600,6600,6600,0
2022-04-29 10:53:00,6600,6600,6600,6600,0
2022-04-29 10:54:00,6600,6600,6600,6600,0
2022-04-29 10:55:00,6600,6600,6600,6600,0
2022-04-29 10:56:00,6600,6600,6600,6600,0
2022-04-29 10:57:00,6600,6600,6600,6600,0
2022-04-29 10:58:00,6600,6600,6600,6600,0
2022-04-29 10:59:00,6600,6600,6600,6600,0
2022-04-29 11:00:00,6600,6600,6600,6600,0
2022-04-29 11:01:00,6600,6600,6600,6600,0
2022-04-29 11:02:00,6600,6600,6600,6600,0
2022-04-29 11:03:00,6600,6600,6600,6600,0
2022-04-29 11:04:00,6600,6600,6600,6600,0
2022-04-29 11:05:00,6600,6600,6600,6600,0
2022-04-29 11:06:00,6600,6600,6600,6600,0
2022-04-29 11:07:00,6600,6600,6600,6600,0
2022-04-29 11:08:00,6600,6600,6600,6600,0
2022-04-29 11:09:00,6600,6600,6600,6600,0
2022-04-29 11:10:00,6600,6600,6600,6600,0
2022-04-29 11:11:00,6600,6600,6600,6600,0
2022-04-29 11:12:00,6600,6600,6600,6600,0
2022-04-29 11:13:00,6600,6600,6600,6600,0
2022-04-29 11:14:00,6600,6600,6600,6600,0
2022-04-29 11:15:00,6600,6600,6600,6600,0
2022-04-29 11:16:00,6600,6600,6600,6600,0
2022-04-29 11:17:00,6600,6600,6600,6600,0
2022-04-29 11:18:00,6600,6600,6600,6600,0
2022-04-29 11:19:00,6600,6600,6600,6600,0
2022-04-29 11:20:00,6600,6600,6600,6600,0
2022-04-29 11:21:00,6600,6600,6600,6600,0
2022-04-29 11:22:00,6600,6600,6600,6600,0
2022-04-29 11:23:00,6600,6600,6600,6600,0
2022-04-29 11:24:00,6600,6600,6600,6600,0
2022-04-29 11:25:00,6600,6600,6600,6600,0
2022-04-29 11:26:00,6600,6600,6600,6600,0
2022-04-29 11:27:00,6600,6600,6600,6600,0
2022-04-29 11:28:00,6600,6600,6600,6600,0
2022-04-29 11:29:00,6600,6600,6600,6600,0
2022-04-29 11:30:00,6600,6600,6600,6600,0
2022-04-29 11:31:00,6600,6600,6600,6600,0
2022-04-29 11:32:00,6600,6600,6600,6600,0
2022-04-29 11:33:00,6600,6600,6600,6600,0
2022-04-29 11:34:00,6600,6600,6600,6600,0
2022-04-29 11:35:00,6600,6600,6600,6600,0
2022-04-29 11:36:00,6600,6600,6600,6600,0
2022-04-29 11:37:00,6600,6600,6600,6600,0
2022-04-29 11:38:00,6600,6600,6600,6600,0
2022-04-29 11:39:00,6600,6600,6600,6600,0
2022-04-29 11:40:00,6600,6600,6600,6600,0
2022-04-29 11:41:00,6600,6600,6600,6600,0
2022-04-29 11:42:00,6600,6600,6600,6600,0
2022-04-29 11:43:00,6600,6600,6600,6600,0
2022-04-29 11:44:00,6600,6600,6600,6600,0
2022-04-29 11:45:00,6600,6600,6600,6600,0
2022-04-29 11:46:00,6600,6600,6600,6600,0
2022-04-29 11:47:00,6600,6600,6600,6600,0
2022-04-29 11:48:00,6600,6600,6600,6600,0
2022-04-29 11:49:00,6600,6600,6600,6600,0
2022-04-29 11:50:00,6600,6600,6600,6600,0
2022-04-29 11:51:00,6600,6600,6600,6600,0
2022-04-29 11:52:00,6600,6600,6600,6600,0
2022-04-29 11:53:00,6600,6600,6600,6600,0
2022-04-29 11:54:00,6600,6600,6600,6600,0
2022-04-29 11:55:00,6600,6600,6600,6600,0
2022-04-29 11:56:00,6600,6600,6600,6600,0
2022-04-29 11:57:00,6600,6600,6600,6600,0
2022-04-29 11:58:00,6600,6600,6600,6600,0
2022-04-29 11:59:00,6600,6600,6600,6600,0
2022-04-29 12:00:00,6600,6600,6600,6600,0
2022-04-29 12:01:00,6600,6600,6600,6600,0
2022-04-29 12:02:00,6600,6600,6600,6600,0
2022-04-29 12:03:00,6600,6600,6600,6600,0
2022-04-29 12:04:00,6600,6600,6600,6600,0
2022-04-29 12:05:00,6600,6600,6600,6600,0
2022-04-29 12:06:00,6600,6600,6600,6600,0
2022-04-29 12:07:00,6600,6600,6600,6600,0
2022-04-29 12:08:00,6600,6600,6600,6600,0
2022-04-29 12:09:00,6600,6600,6600,6600,0
2022-04-29 12:10:00,6600,6600,6600,6600,0
2022-04-29 12:11:00,6600,6600,6600,6600,0
2022-04-29 12:12:00,6600,6600,6600,6600,0
2022-04-29 12:13:00,6600,6600,6600,6600,0
2022-04-29 12:14:00,6600,6600,6600,6600,0
2022-04-29 12:15:00,6600,6600,6600,6600,0
2022-04-29 12:16:00,6600,6600,6600,6600,0
2022-04-29 12:17:00,6600,6600,6600,6600,0
2022-04-29 12:18:00,6600,6600,6600,6600,0
2022-04-29 12:19:00,6600,6600,6600,6600,0
2022-04-29 12:20:00,6600,6600,6600,6600,0
2022-04-29 12:21:00,6600,6600,6600,6600,0
2022-04-29 12:22:00,6600,6600,6600,6600,0
2022-04-29 12:23:00,6600,6600,6600,6600,0
2022-04-29 12:24:00,6600,6600,6600,6600,0
2022-04-29 12:25:00,6600,6600,6600,6600,0
2022-04-29 12:26:00,6600,6600,6600,6600,0
2022-04-29 12:27:00,6600,6600,6600,6600,0
2022-04-29 12:28:00,6600,6600,6600,6600,0
2022-04-29 12:29:00,6600,6600,6600,6600,0
2022-04-29 12:30:00,6600,6600,6600,6600,0
2022-04-29 12:31:00,6600,6600,6600,6600,0
2022-04-29 12:32:00,6600,6600,6600,6600,0
2022-04-29 12:33:00,6600,6600,6600,6600,0
2022-04-29 12:34:00,6600,6600,6600,6600,0
2022-04-29 12:35:00,6600,6600,6600,6600,0
2022-04-29 12:36:00,6600,6600,6600,6600,0
2022-04-29 12:37:00,6600,6600,6600,6600,0
2022-04-29 12:38:00,6600,6600,6600,6600,0
2022-04-29 12:39:00,6600,6600,6600,6600,0
2022-04-29 12:40:00,6600,6600,6600,6600,0
2022-04-29 12:41:00,6600,6600,6600,6600,0
2022-04-29 12:42:00,6600,6600,6600,6600,0
2022-04-29 12:43:00,6600,6600,6600,6600,0
2022-04-29 12:44:00,6600,6600,6600,6600,0
2022-04-29 12:45:00,6600,6600,6600,6600,0
2022-04-29 12:46:00,6600,6600,6600,6600,0
2022-04-29 12:47:00,6600,6600,6600,6600,0
2022-04-29 12:48:00,6600,6600,6600,6600,0
2022-04-29 12:49:00,6600,6600,6600,6600,0
2022-04-29 12:50:00,6600,6600,6600,6600,0
2022-04-29 12:51:00,6600,6600,6600,6600,0
2022-04-29 12:52:00,6600,6600,6600,6600,0
2022-04-29 12:53:00,6600,6600,6600,6600,0
2022-04-29 12:54:00,6600,6600,6600,6600,0
2022-04-29 12:55:00,6600,6600,6600,6600,0
2022-04-29 12:56:00,6600,6600,6600,6600,0
2022-04-29 12:57:00,6600,6600,6600,6600,0
2022-04-29 12:58:00,6600,6600,6600,6600,0
2022-04-29 12:59:00,6600,6600,6600,6600,0
2022-04-29 13:00:00,6600,6600,6600,6600,0
2022-04-29 13:01:00,6600,6600,6600,6600,0
2022-04-29 13:02:00,6600,6600,6600,6600,0
2022-04-29 13:03:00,6600,6600,6600,6600,0
2022-04-29 13:04:00,6600,6600,6600,6600,0
2022-04-29 13:05:00,6600,6600,6600,6600,0
2022-04-29 13:06:00,6600,6600,6600,6600,0
2022-04-29 13:07:00,6600,6600,6600,6600,0
2022-04-29 13:08:00,6600,6600,6600,6600,0
2022-04-29 13:09:00,6600,6600,6600,6600,0
2022-04-29 13:10:00,6600,6600,6600,6600,0
2022-04-29 13:11:00,6600,6600,6600,6600,0
2022-04-29 13:12:00,6600,6600,6600,6600,0
2022-04-29 13:13:00,6600,6600,6600,6600,0
2022-04-29 13:14:00,6600,6600,6600,6600,0
2022-04-29 13:15:00,6600,6600,6600,6600,0
2022-04-29 13:16:00,6600,6600,6600,6600,0
2022-04-29 13:17:00,6600,6600,6600,6600,0
2022-04-29 13:18:00,6600,6600,6600,6600,0
2022-04-29 13:19:00,6600,6600,6600,6600,0
2022-04-29 13:20:00,6600,6600,6600,6600,0
2022-04-29 13:21:00,6600,6600,6600,6600,0
2022-04-29 13:22:00,6600,6600,6600,6600,0
2022-04-29 13:23:00,6600,6600,6600,6600,0
2022-04-29 13:24:00,6600,6600,6600,6600,0
2022-04-29 13:25:00,6600,6600,6600,6600,0
2022-04-29 13:26:00,6600,6600,6600,6600,0
2022-04-29 13:27:00,6600,6600,6600,6600,0
2022-04-29 13:28:00,6600,6600,6600,6600,0
2022-04-29 13:29:00,6600,6600,6600,6600,0
2022-04-29 13:30:00,6600,6600,6600,6600,0
2022-04-29 13:31:00,6600,6600,6600,6600,0
2022-04-29 13:32:00,6600,6600,6600,6600,0
2022-04-29 13:33:00,6600,6600,6600,6600,0
2022-04-29 13:34:00,6600,6600,6600,6600,0
2022-04-29 13:35:00,6600,6600,6600,6600,0
2022-04-29 13:36:00,6600,6600,6600,6600,0
2022-04-29 13:37:00,6600,6600,6600,6600,0
2022-04-29 13:38:00,6600,6600,6600,6600,0
2022-04-29 13:39:00,6600,6600,6600,6600,0
2022-04-29 13:40:00,6600,6600,6600,6600,0
2022-04-29 13:41:00,6600,6600,6600,6600,0
2022-04-29 13:42:00,6600,6600,6600,6600,0
2022-04-29 13:43:00,6600,6600,6600,6600,0
2022-04-29 13:44:00,6600,6600,6600,6600,0
2022-04-29 13:45:00,6600,6600,6600,6600,0
2022-04-29 13:46:00,6600,6600,6600,6600,0
2022-04-29 13:47:00,6600,6600,6600,6600,0
2022-04-29 13:48:00,6600,6600,6600,6600,0
2022-04-29 13:49:00,6600,6600,6600,6600,0
2022-04-29 13:50:00,6600,6600,6600,6600,0
2022-04-29 13:51:00,6600,6600,6600,6600,0
2022-04-29 13:52:00,6600,6600,6600,6600,0
2022-04-29 13:53:00,6600,6600,6600,6600,0
2022-04-29 13:54:00,6600,6600,6600,6600,0
2022-04-29 13:55:00,6600,6600,6600,6600,0
2022-04-29 13:56:00,6600,6600,6600,6600,0
2022-04-29 13:57:00,6600,6600,6600,6600,0
2022-04-29 13:58:00,6600,6600,6600,6600,0
2022-04-29 13:59:00,6600,6600,6600,6600,0
2022-04-29 14:00:00,6600,6600,6600,6600,0
2022-04-29 14:01:00,6600,6600,6600,6600,0
2022-04-29 14:02:00,6600,6600,6600,6600,0
2022-04-29 14:03:00,6600,6600,6600,6600,0
2022-04-29 14:04:00,6600,6600,6600,6600,0
2022-04-29 14:05:00,6600,6600,6600,6600,0
2022-04-29 14:06:00,6600,6600,6600,6600,0
2022-04-29 14:07:00,6600,6600,6600,6600,0
2022-04-29 14:08:00,6600,6600,6600,6600,0
2022-04-29 14:09:00,6600,6600,6600,6600,0
2022-04-29 14:10:00,6600,6600,6600,6600,0
2022-04-29 14:11:00,6600,6600,6600,6600,0
2022-04-29 14:12:00,6600,6600,6600,6600,0
2022-04-29 14:13:00,6600,6600,6600,6600,0
2022-04-29 14:14:00,6600,6600,6600,6600,0
2022-04-29 14:15:00,6600,6600,6600,6600,0
2022-04-29 14:16:00,6600,6600,6600,6600,0
2022-04-29 14:17:00,6600,6600,6600,6600,0
2022-04-29 14:18:00,6600,6600,6600,6600,0
2022-04-29 14:19:00,6600,6600,6600,6600,0
2022-04-29 14:20:00,6600,6600,6600,6600,0
2022-04-29 14:21:00,6600,6600,6600,6600,0
2022-04-29 14:22:00,6600,6600,6600,6600,0
2022-04-29 14:23:00,6600,6600,6600,6600,0
2022-04-29 14:24:00,6600,6600,6600,6600,0
2022-04-29 14:25:00,6600,6600,6600,6600,0
2022-04-29 14:26:00,6600,6600,6600,6600,0
2022-04-29 14:27:00,6600,6600,6600,6600,0
2022-04-29 14:28:00,6600,6600,6600,6600,0
2022-04-29 14:29:00,6600,6600,6600,6600,0
2022-04-29 14:30:00,6600,6600,6600,6600,0
2022-04-29 14:31:00,6600,6600,6600,6600,0
2022-04-29 14:32:00,6600,6600,6600,6600,0
2022-04-29 14:33:00,6600,6600,6600,6600,0
2022-04-29 14:34:00,6600,6600,6600,6600,0
2022-04-29 14:35:00,6600,6600,6600,6600,0
2022-04-29 14:36:00,6600,6600,6600,6600,0
2022-04-29 14:37:00,6600,6600,6600,6600,0
2022-04-29 14:38:00,6600,6600,6600,6600,0
2022-04-29 14:39:00,6600,6600,6600,6600,0
2022-04-29 14:40:00,6600,6600,6600,6600,0
2022-04-29 14:41:00,6600,6600,6600,6600,0
2022-04-29 14:42:00,6600,6600,6600,6600,0
2022-04-29 14:43:00,6600,6600,6600,6600,0
2022-04-29 14:44:00,6600,6600,6600,6600,0
2022-04-29 14:45:00,6600,6600,6600,6600,0
2022-04-29 14:46:00,6600,6600,6600,6600,0
2022-04-29 14:47:00,6600,6600,6600,6600,0
2022-04-29 14:48:00,6600,6600,6600,6600,0
2022-04-29 14:49:00,6600,6600,6600,6600,0
2022-04-29 14:50:00,6600,6600,6600,6600,0
2022-04-29 14:51:00,6600,6600,6600,6600,0
2022-04-29 14:52:00,6600,6600,6600,6600,0
2022-04-29 14:53:00,6600,6600,6600,6600,0
2022-04-29 14:54:00,6600,6600,6600,6600,0
2022-04-29 14:55:00,6600,6600,6600,6600,0
2022-04-29 14:56:00,6600,6600,6600,6600,0
2022-04-29 14:57:00,6600,6600,6600,6600,0
2022-04-29 14:58:00,6600,6600,6600,6600,0
2022-04-29 14:59:00,6600,6600,6600,6600,0
2022-04-29 15:00:00,6600,6600,6600,6600,0
2022-04-29 15:01:00,6600,6600,6600,6600,0
2022-04-29 15:02:00,6600,6600,6600,6600,0
2022-04-29 15:03:00,6600,6600,6600,6600,0
2022-04-29 15:04:00,6600,6600,6600,6600,0
2022-04-29 15:05:00,6600,6600,6600,6600,0
2022-04-29 15:06:00,6600,6600,6600,6600,0
2022-04-29 15:07:00,6600,6600,6600,6600,0
2022-04-29 15:08:00,6600,6600,6600,6600,0
2022-04-29 15:09:00,6600,6600,6600,6600,0
2022-04-29 15:10:00,6600,6600,6600,6600,0
2022-04-29 15:11:00,6600,6600,6600,6600,0
2022-04-29 15:12:00,6600,6600,6600,6600,0
2022-04-29 15:13:00,6600,6600,6600,6600,0
2022-04-29 15:14:00,6600,6600,6600,6600,0
2022-04-29 15:15:00,6600,6600,6600,6600,0
2022-04-29 15:16:00,6600,6600,6600,6600,0
2022-04-29 15:17:00,6600,6600,6600,6600,0
2022-04-29 15:18:00,6600,6600,6600,6600,0
2022-04-29 15:19:00,6600,6600,6600,6600,0
2022-04-29 15:20:00,6600,6600,6600,6600,0
2022-04-29 15:21:00,6600,6600,6600,6600,0
2022-04-29 15:22:00,6600,6600,6600,6600,0
2022-04-29 15:23:00,6600,6600,6600,6600,0
2022-04-29 15:24:00,6600,6600,6600,6600,0
2022-04-29 15:25:00,6600,6600,6600,6600,0
2022-04-29 15:26:00,6600,6600,6600,6600,0
2022-04-29 15:27:00,6600,6600,6600,6600,0
2022-04-29 15:28:00,6600,6600,6600,6600,0
2022-04-29 15:29:00,6600,6600,6600,6600,0
2022-04-29 15:30:00,6600,6600,6600,6600,0
2022-04-29 15:31:00,6600,6600,6600,6600,0
2022-04-29 15:32:00,6600,6600,6600,6600,0
2022-04-29 15:33:00,6600,6600,6600,6600,0
2022-04-29 15:34:00,6600,6600,6600,6600,0
2022-04-29 15:35:00,6600,6600,6600,6600,0
2022-04-29 15:36:00,6600,6600,6600,6600,0
2022-04-29 15:37:00,6600,6600,6600,6600,0
2022-04-29 15:38:00,6600,6600,6600,6600,0
2022-04-29 15:39:00,6600,6600,6600,6600,0
2022-04-29 15:40:00,6600,6600,6600,6600,0
2022-04-29 15:41:00,6600,6600,6600,6600,0
2022-04-29 15:42:00,6600,6600,6600,6600,0
2022-04-29 15:43:00,6600,6600,6600,6600,0
2022-04-29 15:44:00,6600,6600,6600,6600,0
2022-04-29 15:45:00,6600,6600,6600,6600,0
2022-04-29 15:46:00,6600,6600,6600,6600,0
2022-04-29 15:47:00,6600,6600,6600,6600,0
2022-04-29 15:48:00,6600,6600,6600,6600,0
2022-04-29 15:49:00,6600,6600,6600,6600,0
2022-04-29 15:50:00,6600,6600,6600,6600,0
2022-04-29 15:51:00,6600,6600,6600,6600,0
2022-04-29 15:52:00,6600,6600,6600,6600,0
2022-04-29 15:53:00,6600,6600,6600,6600,0
2022-04-29 15:54:00,6600,6600,6600,6600,0
2022-04-29 15:55:00,6600,6600,6600,6600,0
2022-04-29 15:56:00,6600,6600,6600,6600,0
2022-04-29 15:57:00,6600,6600,6600,6600,0
2022-04-29 15:58:00,6600,6600,6600,6600,0
2022-04-29 15:59:00,6600,6600,6600,6600,0
2022-05-02 09:00:00,6600,6600,6600,6600,0
2022-05-02 09:01:00,6600,6600,6600,6600,0
2022-05-02 09:02:00,6600,6600,6600,6600,0
2022-05-02 09:03:00,6600,6600,6600,6600,0
2022-05-02 09:04:00,6600,6600,6600,6600,0
2022-05-02 09:05:00,6600,6600,6600,6600,0
2022-05-02 09:06:00,6600,6600,6600,6600,0
2022-05-02 09:07:00,6600,6600,6600,6600,0
2022-05-02 09:08:00,6600,6600,6600,6600,0
2022-05-02 09:09:00,6600,6600,6600,6600,0
2022-05-02 09:10:00,6600,6600,6600,6600,0
2022-05-02 09:11:00,6600,6600,6600,6600,0
2022-05-02 09:12:00,6600,6600,6600,6600,0
2022-05-02 09:13:00,6600,6600,6600,6600,0
2022-05-02 09:14:00,6600,6600,6600,6600,0
2022-05-02 09:15:00,6600,6600,6600,6600,0
2022-05-02 09:16:00,6600,6600,6600,6600,0
2022-05-02 09:17:00,6600,6600,6600,6600,0
2022-05-02 09:18:00,6600,6600,6600,6600,0
2022-05-02 09:19:00,6600,6600,6600,6600,0
2022-05-02 09:20:00,6600,6600,6600,6600,0
2022-05-02 09:21:00,6600,6600,6600,6600,0
2022-05-02 09:22:00,6600,6600,6600,6600,0
2022-05-02 09:23:00,6600,6600,6600,6600,0
2022-05-02 09:24:00,6600,6600,6600,6600,0
2022-05-02 09:25:00,6600,6600,6600,6600,0
2022-05-02 09:26:00,6600,6600,6600,6600,0
2022-05-02 09:27:00,6600,6600,6600,6600,0
2022-05-02 09:28:00,6600,6600,6600,6600,0
2022-05-02 09:29:00,6600,6600,6600,6600,0
2022-05-02 09:30:00,6600,6600,6600,6600,0
2022-05-02 09:31:00,6600,6600,6600,6600,0
2022-05-02 09:32:00,6600,6600,6600,6600,0
2022-05-02 09:33:00,6600,6600,6600,6600,0
2022-05-02 09:34:00,6600,6600,6600,6600,0
2022-05-02 09:35:00,6600,6600,6600,6600,0
2022-05-02 09:36:00,6600,6600,6600,6600,0
2022-05-02 09:37:00,6600,6600,6600,6600,0
2022-05-02 09:38:00,6600,6600,6600,6600,0
2022-05-02 09:39:00,6600,6600,6600,6600,0
2022-05-02 09:40:00,6600,6600,6600,6600,0
2022-05-02 09:41:00,6600,6600,6600,6600,0
2022-05-02 09:42:00,6600,6600,6600,6600,0
2022-05-02 09:43:00,6600,6600,6600,6600,0
2022-05-02 09:44:00,6600,6600,6600,6600,0
2022-05-02 09:45:00,6600,6600,6600,6600,0
2022-05-02 09:46:00,6600,6600,6600,6600,0
2022-05-02 09:47:00,6600,6600,6600,6600,0
2022-05-02 09:48:00,6600,6600,6600,6600,0
2022-05-02 09:49:00,6600,6600,6600,6600,0
2022-05-02 09:50:00,6600,6600,6600,6600,0
2022-05-02 09:51:00,6600,6600,6600,6600,0
2022-05-02 09:52:00,6600,6600,6600,6600,0
2022-05-02 09:53:00,6600,6600,6600,6600,0
2022-05-02 09:54:00,6600,6600,6600,6600,0
2022-05-02 09:55:00,6600,6600,6600,6600,0
2022-05-02 09:56:00,6600,6600,6600,6600,0
2022-05-02 09:57:00,6600,6600,6600,6600,0
2022-05-02 09:58:00,6600,6600,6600,6600,0
2022-05-02 09:59:00,6600,6600,6600,6600,0
2022-05-02 10:00:00,6600,6600,6600,6600,0
2022-05-02 10:01:00,6600,6600,6600,6600,0
2022-05-02 10:02:00,6600,6600,6600,6600,0
2022-05-02 10:03:00,6600,6600,6600,6600,0
2022-05-02 10:04:00,6600,6600,6600,6600,0
2022-05-02 10:05:00,6600,6600,6600,6600,0
2022-05-02 10:06:00,6600,6600,6600,6600,0
2022-05-02 10:07:00,6600,6600,6600,6600,0
2022-05-02 10:08:00,6600,6600,6600,6600,0
2022-05-02 10:09:00,6600,6600,6600,6600,0
2022-05-02 10:10:00,6600,6600,6600,6600,0
2022-05-02 10:11:00,6600,6600,6600,6600,0
2022-05-02 10:12:00,6600,6600,6600,6600,0
2022-05-02 10:13:00,6600,6600,6600,6600,0
2022-05-02 10:14:00,6600,6600,6600,6600,0
2022-05-02 10:15:00,6600,6600,6600,6600,0
2022-05-02 10:16:00,6600,6600,6600,6600,0
2022-05-02 10:17:00,6600,6600,6600,6600,0
2022-05-02 10:18:00,6600,6600,6600,6600,0
2022-05-02 10:19:00,6600,6600,6600,6600,0
2022-05-02 10:20:00,6600,6600,6600,6600,0
2022-05-02 10:21:00,6600,6600,6600,6600,0
2022-05-02 10:22:00,6600,6600,6600,6600,0
2022-05-02 10:23:00,6600,6600,6600,6600,0
2022-05-02 10:24:00,6600,6600,6600,6600,0
2022-05-02 10:25:00,6600,6600,6600,6600,0
2022-05-02 10:26:00,6600,6600,6600,6600,0
2022-05-02 10:27:00,6600,6600,6600,6600,0
2022-05-02 10:28:00,6600,6600,6600,6600,0
2022-05-02 10:29:00,6600,6600,6600,6600,0
2022-05-02 10:30:00,6600,6600,6600,6600,0
2022-05-02 10:31:00,6600,6600,6600,6600,0
2022-05-02 10:32:00,6600,6600,6600,6600,0
2022-05-02 10:33:00,6600,6600,6600,6600,0
2022-05-02 10:34:00,6600,6600,6600,6600,0
2022-05-02 10:35:00,6600,6600,6600,6600,0
2022-05-02 10:36:00,6600,6600,6600,6600,0
2022-05-02 10:37:00,6600,6600,6600,6600,0
2022-05-02 10:38:00,6600,6600,6600,6600,0
2022-05-02 10:39:00,6600,6600,6600,6600,0
2022-05-02 10:40:00,6600,6600,6600,6600,0
2022-05-02 10:41:00,6600,6600,6600,6600,0
2022-05-02 10:42:00,6600,6600,6600,6600,0
2022-05-02 10:43:00,6600,6600,6600,6600,0
2022-05-02 10:44:00,6600,6600,6600,6600,0
2022-05-02 10:45:00,6600,6600,6600,6600,0
2022-05-02 10:46:00,6600,6600,6600,6600,0
2022-05-02 10:47:00,6600,6600,6600,6600,0
2022-05-02 10:48:00,6600,6600,6600,6600,0
2022-05-02 10:49:00,6600,6600,6600,6600,0
2022-05-02 10:50:00,6600,6600,6600,6600,0
2022-05-02 10:51:00,6600,6600,6600,6600,0
2022-05-02 10:52:00,6600,6600,6600,6600,0
2022-05-02 10:53:00,6600,6600,6600,6600,0
2022-05-02 10:54:00,6600,6600,6600,6600,0
2022-05-02 10:55:00,6600,6600,6600,6600,0
2022-05-02 10:56:00,6600,6600,6600,6600,0
2022-05-02 10:57:00,6600,6600,6600,6600,0
2022-05-02 10:58:00,6600,6600,6600,6600,0
2022-05-02 10:59:00,6600,6600,6600,6600,0
2022-05-02 11:00:00,6600,6600,6600,6600,0
2022-05-02 11:01:00,6600,6600,6600,6600,0
2022-05-02 11:02:00,6600,6600,6600,6600,0
2022-05-02 11:03:00,6600,6600,6600,6600,0
2022-05-02 11:04:00,6600,6600,6600,6600,0
2022-05-02 11:05:00,6600,6600,6600,6600,0
2022-05-02 11:06:00,6600,6600,6600,6600,0
2022-05-02 11:07:00,6600,6600,6600,6600,0
2022-05-02 11:08:00,6600,6600,6600,6600,0
2022-05-02 11:09:00,6600,6600,6600,6600,0
2022-05-02 11:10:00,6600,6600,6600,6600,0
2022-05-02 11:11:00,6600,6600,6600,6600,0
2022-05-02 11:12:00,6600,6600,6600,6600,0
2022-05-02 11:13:00,6600,6600,6600,6600,0
2022-05-02 11:14:00,6600,6600,6600,6600,0
2022-05-02 11:15:00,6600,6600,6600,6600,0
2022-05-02 11:16:00,6600,6600,6600,6600,0
2022-05-02 11:17:00,6600,6600,6600,6600,0
2022-05-02 11:18:00,6600,6600,6600,6600,0
2022-05-02 11:19:00,6600,6600,6600,6600,0
2022-05-02 11:20:00,6600,6600,6600,6600,0
2022-05-02 11:21:00,6600,6600,6600,6600,0
2022-05-02 11:22:00,6600,6600,6600,6600,0
2022-05-02 11:23:00,6600,6600,6600,6600,0
2022-05-02 11:24:00,6600,6600,6600,6600,0
2022-05-02 11:25:00,6600,6600,6600,6600,0
2022-05-02 11:26:00,6600,6600,6600,6600,0
2022-05-02 11:27:00,6600,6600,6600,6600,0
2022-05-02 11:28:00,6600,6600,6600,6600,0
2022-05-02 11:29:00,6600,6600,6600,6600,0
2022-05-02 11:30:00,6600,6600,6600,6600,0
2022-05-02 11:31:00,6600,6600,6600,6600,0
2022-05-02 11:32:00,6600,6600,6600,6600,0
2022-05-02 11:33:00,6600,6600,6600,6600,0
2022-05-02 11:34:00,6600,6600,6600,6600,0
2022-05-02 11:35:00,6600,6600,6600,6600,0
2022-05-02 11:36:00,6600,6600,6600,6600,0
2022-05-02 11:37:00,6600,6600,6600,6600,0
2022-05-02 11:38:00,6600,6600,6600,6600,0
2022-05-02 11:39:00,6600,6600,6600,6600,0
2022-05-02 11:40:00,6600,6600,6600,6600,0
2022-05-02 11:41:00,6600,6600,6600,6600,0
2022-05-02 11:42:00,6600,6600,6600,6600,0
2022-05-02 11:43:00,6600,6600,6600,6600,0
2022-05-02 11:44:00,6600,6600,6600,6600,0
2022-05-02 11:45:00,6600,6600,6600,6600,0
2022-05-02 11:46:00,6600,6600,6600,6600,0
2022-05-02 11:47:00,6600,6600,6600,6600,0
2022-05-02 11:48:00,6600,6600,6600,6600,0
2022-05-02 11:49:00,6600,6600,6600,6600,0
2022-05-02 11:50:00,6600,6600,6600,6600,0
2022-05-02 11:51:00,6600,6600,6600,6600,0
2022-05-02 11:52:00,6600,6600,6600,6600,0
2022-05-02 11:53:00,6600,6600,6600,6600,0
2022-05-02 11:54:00,6600,6600,6600,6600,0
2022-05-02 11:55:00,6600,6600,6600,6600,0
2022-05-02 11:56:00,6600,6600,6600,6600,0
2022-05-02 11:57:00,6600,6600,6600,6600,0
2022-05-02 11:58:00,6600,6600,6600,6600,0
2022-05-02 11:59:00,6600,6600,6600,6600,0
2022-05-02 12:00:00,6600,6600,6600,6600,0
2022-05-02 12:01:00,6600,6600,6600,6600,0
2022-05-02 12:02:00,6600,6600,6600,6600,0
2022-05-02 12:03:00,6600,6600,6600,6600,0
2022-05-02 12:04:00,6600,6600,6600,6600,0
2022-05-02 12:05:00,6600,6600,6600,6600,0
2022-05-02 12:06:00,6600,6600,6600,6600,0
2022-05-02 12:07:00,6600,6600,6600,6600,0
2022-05-02 12:08:00,6600,6600,6600,6600,0
2022-05-02 12:09:00,6600,6600,6600,6600,0
2022-05-02 12:10:00,6600,6600,6600,6600,0
2022-05-02 12:11:00,6600,6600,6600,6600,0
2022-05-02 12:12:00,6600,6600,6600,6600,0
2022-05-02 12:13:00,6600,6600,6600,6600,0
2022-05-02 12:14:00,6600,6600,6600,6600,0
2022-05-02 12:15:00,6600,6600,6600,6600,0
2022-05-02 12:16:00,6600,6600,6600,6600,0
2022-05-02 12:17:00,6600,6600,6600,6600,0
2022-05-02 12:18:00,6600,6600,6600,6600,0
2022-05-02 12:19:00,6600,6600,6600,6600,0
2022-05-02 12:20:00,6600,6600,6600,6600,0
2022-05-02 12:21:00,6600,6600,6600,6600,0
2022-05-02 12:22:00,6600,6600,6600,6600,0
2022-05-02 12:23:00,6600,6600,6600,6600,0
2022-05-02 12:24:00,6600,6600,6600,6600,0
2022-05-02 12:25:00,6600,6600,6600,6600,0
2022-05-02 12:26:00,6600,6600,6600,6600,0
2022-05-02 12:27:00,6600,6600,6600,6600,0
2022-05-02 12:28:00,6600,6600,6600,6600,0
2022-05-02 12:29:00,6600,6600,6600,6600,0
2022-05-02 12:30:00,6600,6600,6600,6600,0
2022-05-02 12:31:00,6600,6600,6600,6600,0
2022-05-02 12:32:00,6600,6600,6600,6600,0
2022-05-02 12:33:00,6600,6600,6600,6600,0
2022-05-02 12:34:00,6600,6600,6600,6600,0
2022-05-02 12:35:00,6600,6600,6600,6600,0
2022-05-02 12:36:00,6600,6600,6600,6600,0
2022-05-02 12:37:00,6600,6600,6600,6600,0
2022-05-02 12:38:00,6600,6600,6600,6600,0
2022-05-02 12:39:00,6600,6600,6600,6600,0
2022-05-02 12:40:00,6600,6600,6600,6600,0
2022-05-02 12:41:00,6600,6600,6600,6600,0
2022-05-02 12:42:00,6600,6600,6600,6600,0
2022-05-02 12:43:00,6600,6600,6600,6600,0
2022-05-02 12:44:00,6600,6600,6600,6600,0
2022-05-02 12:45:00,6600,6600,6600,6600,0
2022-05-02 12:46:00,6600,6600,6600,6600,0
2022-05-02 12:47:00,6600,6600,6600,6600,0
2022-05-02 12:48:00,6600,6600,6600,6600,0
2022-05-02 12:49:00,6600,6600,6600,6600,0
2022-05-02 12:50:00,6600,6600,6600,6600,0
2022-05-02 12:51:00,6600,6600,6600,6600,0
2022-05-02 12:52:00,6600,6600,6600,6600,0
2022-05-02 12:53:00,6600,6600,6600,6600,0
2022-05-02 12:54:00,6600,6600,6600,6600,0
2022-05-02 12:55:00,6600,6600,6600,6600,0
2022-05-02 12:56:00,6600,6600,6600,6600,0
2022-05-02 12:57:00,6600,6600,6600,6600,0
2022-05-02 12:58:00,6600,6600,6600,6600,0
2022-05-02 12:59:00,6600,6600,6600,6600,0
2022-05-02 13:00:00,6600,6600,6600,6600,0
2022-05-02 13:01:00,6600,6600,6600,6600,0
2022-05-02 13:02:00,6600,6600,6600,6600,0
2022-05-02 13:03:00,6600,6600,6600,6600,0
2022-05-02 13:04:00,6600,6600,6600,6600,0
2022-05-02 13:05:00,6600,6600,6600,6600,0
2022-05-02 13:06:00,6600,6600,6600,6600,0
2022-05-02 13:07:00,6600,6600,6600,6600,0
2022-05-02 13:08:00,6600,6600,6600,6600,0
2022-05-02 13:09:00,6600,6600,6600,6600,0
2022-05-02 13:10:00,6600,6600,6600,6600,0
2022-05-02 13:11:00,6600,6600,6600,6600,0
2022-05-02 13:12:00,6600,6600,6600,6600,0
2022-05-02 13:13:00,6600,6600,6600,6600,0
2022-05-02 13:14:00,6600,6600,6600,6600,0
2022-05-02 13:15:00,6600,6600,6600,6600,0
2022-05-02 13:16:00,6600,6600,6600,6600,0
2022-05-02 13:17:00,6600,6600,6600,6600,0
2022-05-02 13:18:00,6600,6600,6600,6600,0
2022-05-02 13:19:00,6600,6600,6600,6600,0
2022-05-02 13:20:00,6600,6600,6600,6600,0
2022-05-02 13:21:00,6600,6600,6600,6600,0
2022-05-02 13:22:00,6600,6600,6600,6600,0
2022-05-02 13:23:00,6600,6600,6600,6600,0
2022-05-02 13:24:00,6600,6600,6600,6600,0
2022-05-02 13:25:00,6600,6600,6600,6600,0
2022-05-02 13:26:00,6600,6600,6600,6600,0
2022-05-02 13:27:00,6600,6600,6600,6600,0
2022-05-02 13:28:00,6600,6600,6600,6600,0
2022-05-02 13:29:00,6600,6600,6600,6600,0
2022-05-02 13:30:00,6600,6600,6600,6600,0
2022-05-02 13:31:00,6600,6600,6600,6600,0
2022-05-02 13:32:00,6600,6600,6600,6600,0
2022-05-02 13:33:00,6600,6600,6600,6600,0
2022-05-02 13:34:00,6600,6600,6600,6600,0
2022-05-02 13:35:00,6600,6600,6600,6600,0
2022-05-02 13:36:00,6600,6600,6600,6600,0
2022-05-02 13:37:00,6600,6600,6600,6600,0
2022-05-02 13:38:00,6600,6600,6600,6600,0
2022-05-02 13:39:00,6600,6600,6600,6600,0
2022-05-02 13:40:00,6600,6600,6600,6600,0
2022-05-02 13:41:00,6600,6600,6600,6600,0
2022-05-02 13:42:00,6600,6600,6600,6600,0
2022-05-02 13:43:00,6600,6600,6600,6600,0
2022-05-02 13:44:00,6600,6600,6600,6600,0
2022-05-02 13:45:00,6600,6600,6600,6600,0
2022-05-02 13:46:00,6600,6600,6600,6600,0
2022-05-02 13:47:00,6600,6600,6600,6600,0
2022-05-02 13:48:00,6600,6600,6600,6600,0
2022-05-02 13:49:00,6600,6600,6600,6600,0
2022-05-02 13:50:00,6600,6600,6600,6600,0
2022-05-02 13:51:00,6600,6600,6600,6600,0
2022-05-02 13:52:00,6600,6600,6600,6600,0
2022-05-02 13:53:00,6600,6600,6600,6600,0
2022-05-02 13:54:00,6600,6600,6600,6600,0
2022-05-02 13:55:00,6600,6600,6600,6600,0
2022-05-02 13:56:00,6600,6600,6600,6600,0
2022-05-02 13:57:00,6600,6600,6600,6600,0
2022-05-02 13:58:00,6600,6600,6600,6600,0
2022-05-02 13:59:00,6600,6600,6600,6600,0
2022-05-02 14:00:00,6600,6600,6600,6600,0
2022-05-02 14:01:00,6600,6600,6600,6600,0
2022-05-02 14:02:00,6600,6600,6600,6600,0
2022-05-02 14:03:00,6600,6600,6600,6600,0
2022-05-02 14:04:00,6600,6600,6600,6600,0
2022-05-02 14:05:00,6600,6600,6600,6600,0
2022-05-02 14:06:00,6600,6600,6600,6600,0
2022-05-02 14:07:00,6600,6600,6600,6600,0
2022-05-02 14:08:00,6600,6600,6600,6600,0
2022-05-02 14:09:00,6600,6600,6600,6600,0
2022-05-02 14:10:00,6600,6600,6600,6600,0
2022-05-02 14:11:00,6600,6600,6600,6600,0
2022-05-02 14:12:00,6600,6600,6600,6600,0
2022-05-02 14:13:00,6600,6600,6600,6600,0
2022-05-02 14:14:00,6600,6600,6600,6600,0
2022-05-02 14:15:00,6600,6600,6600,6600,0
2022-05-02 14:16:00,6600,6600,6600,6600,0
2022-05-02 14:17:00,6600,6600,6600,6600,0
2022-05-02 14:18:00,6600,6600,6600,6600,0
2022-05-02 14:19:00,6600,6600,6600,6600,0
2022-05-02 14:20:00,6600,6600,6600,6600,0
2022-05-02 14:21:00,6600,6600,6600,6600,0
2022-05-02 14:22:00,6600,6600,6600,6600,0
2022-05-02 14:23:00,6600,6600,6600,6600,0
2022-05-02 14:24:00,6600,6600,6600,6600,0
2022-05-02 14:25:00,6600,6600,6600,6600,0
2022-05-02 14:26:00,6600,6600,6600,6600,0
2022-05-02 14:27:00,6600,6600,6600,6600,0
2022-05-02 14:28:00,6600,6600,6600,6600,0
2022-05-02 14:29:00,6600,6600,6600,6600,0
2022-05-02 14:30:00,6600,6600,6600,6600,0
2022-05-02 14:31:00,6600,6600,6600,6600,0
2022-05-02 14:32:00,6600,6600,6600,6600,0
2022-05-02 14:33:00,6600,6600,6600,6600,0
2022-05-02 14:34:00,6600,6600,6600,6600,0
2022-05-02 14:35:00,6600,6600,6600,6600,0
2022-05-02 14:36:00,6600,6600,6600,6600,0
2022-05-02 14:37:00,6600,6600,6600,6600,0
2022-05-02 14:38:00,6600,6600,6600,6600,0
2022-05-02 14:39:00,6600,6600,6600,6600,0
2022-05-02 14:40:00,6600,6600,6600,6600,0
2022-05-02 14:41:00,6600,6600,6600,6600,0
2022-05-02 14:42:00,6600,6600,6600,6600,0
2022-05-02 14:43:00,6600,6600,6600,6600,0
2022-05-02 14:44:00,6600,6600,6600,6600,0
2022-05-02 14:45:00,6600,6600,6600,6600,0
2022-05-02 14:46:00,6600,6600,6600,6600,0
2022-05-02 14:47:00,6600,6600,6600,6600,0
2022-05-02 14:48:00,6600,6600,6600,6600,0
2022-05-02 14:49:00,6600,6600,6600,6600,0
2022-05-02 14:50:00,6600,6600,6600,6600,0
2022-05-02 14:51:00,6600,6600,6600,6600,0
2022-05-02 14:52:00,6600,6600,6600,6600,0
2022-05-02 14:53:00,6600,6600,6600,6600,0
2022-05-02 14:54:00,6600,6600,6600,6600,0
2022-05-02 14:55:00,6600,6600,6600,6600,0
2022-05-02 14:56:00,6600,6600,6600,6600,0
2022-05-02 14:57:00,6600,6600,6600,6600,0
2022-05-02 14:58:00,6600,6600,6600,6600,0
2022-05-02 14:59:00,6600,6600,6600,6600,0
2022-05-02 15:00:00,6600,6600,6600,6600,0
2022-05-02 15:01:00,6600,6600,6600,6600,0
2022-05-02 15:02:00,6600,6600,6600,6600,0
2022-05-02 15:03:00,6600,6600,6600,6600,0
2022-05-02 15:04:00,6600,6600,6600,6600,0
2022-05-02 15:05:00,6600,6600,6600,6600,0
2022-05-02 15:06:00,6600,6600,6600,6600,0
2022-05-02 15:07:00,6600,6600,6600,6600,0
2022-05-02 15:08:00,6600,6600,6600,6600,0
2022-05-02 15:09:00,6600,6600,6600,6600,0
2022-05-02 15:10:00,6600,6600,6600,6600,0
2022-05-02 15:11:00,6600,6600,6600,6600,0
2022-05-02 15:12:00,6600,6600,6600,6600,0
2022-05-02 15:13:00,6600,6600,6600,6600,0
2022-05-02 15:14:00,6600,6600,6600,6600,0
2022-05-02 15:15:00,6600,6600,6600,6600,0
2022-05-02 15:16:00,6600,6600,6600,6600,0
2022-05-02 15:17:00,6600,6600,6600,6600,0
2022-05-02 15:18:00,6600,6600,6600,6600,0
2022-05-02 15:19:00,6600,6600,6600,6600,0
2022-05-02 15:20:00,6600,6600,6600,6600,0
2022-05-02 15:21:00,6600,6600,6600,6600,0
2022-05-02 15:22:00,6600,6600,6600,6600,0
2022-05-02 15:23:00,6600,6600,6600,6600,0
2022-05-02 15:24:00,6600,6600,6600,6600,0
2022-05-02 15:25:00,6600,6600,6600,6600,0
2022-05-02 15:26:00,6600,6600,6600,6600,0
2022-05-02 15:27:00,6600,6600,6600,6600,0
2022-05-02 15:28:00,6600,6600,6600,6600,0
2022-05-02 15:29:00,6600,6600,6600,6600,0
2022-05-02 15:30:00,6600,6600,6600,6600,0
2022-05-02 15:31:00,6600,6600,6600,6600,0
2022-05-02 15:32:00,6600,6600,6600,6600,0
2022-05-02 15:33:00,6600,6600,6600,6600,0
2022-05-02 15:34:00,6600,6600,6600,6600,0
2022-05-02 15:35:00,6600,6600,6600,6600,0
2022-05-02 15:36:00,6600,6600,6600,6600,0
2022-05-02 15:37:00,6600,6600,6600,6600,0
2022-05-02 15:38:00,6600,6600,6600,6600,0
2022-05-02 15:39:00,6600,6600,6600,6600,0
2022-05-02 15:40:00,6600,6600,6600,6600,0
2022-05-02 15:41:00,6600,6600,6600,6600,0
2022-05-02 15:42:00,6600,6600,6600,6600,0
2022-05-02 15:43:00,6600,6600,6600,6600,0
2022-05-02 15:44:00,6600,6600,6600,6600,0
2022-05-02 15:45:00,6600,6600,6600,6600,0
2022-05-02 15:46:00,6600,6600,6600,6600,0
2022-05-02 15:47:00,6600,6600,6600,6600,0
2022-05-02 15:48:00,6600,6600,6600,6600,0
2022-05-02 15:49:00,6600,6600,6600,6600,0
2022-05-02 15:50:00,6600,6600,6600,6600,0
2022-05-02 15:51:00,6600,6600,6600,6600,0
2022-05-02 15:52:00,6600,6600,6600,6600,0
2022-05-02 15:53:00,6600,6600,6600,6600,0
2022-05-02 15:54:00,6600,6600,6600,6600,0
2022-05-02 15:55:00,6600,6600,6600,6600,0
2022-05-02 15:56:00,6600,6600,6600,6600,0
2022-05-02 15:57:00,6600,6600,6600,6600,0
2022-05-02 15:58:00,6600,6600,6600,6600,0
2022-05-02 15:59:00,6600,6600,6600,6600,0
2022-05-03 09:00:00,6600,6600,6600,6600,0
2022-05-03 09:01:00,6600,6600,6600,6600,0
2022-05-03 09:02:00,6600,6600,6600,6600,0
2022-05-03 09:03:00,6600,6600,6600,6600,0
2022-05-03 09:04:00,6600,6600,6600,6600,0
2022-05-03 09:05:00,6600,6600,6600,6600,0
2022-05-03 09:06:00,6600,6600,6600,6600,0
2022-05-03 09:07:00,6600,6600,6600,6600,0
2022-05-03 09:08:00,6600,6600,6600,6600,0
2022-05-03 09:09:00,6600,6600,6600,6600,0
2022-05-03 09:10:00,6600,6600,6600,6600,0
2022-05-03 09:11:00,6600,6600,6600,6600,0
2022-05-03 09:12:00,6600,6600,6600,6600,0
2022-05-03 09:13:00,6600,6600,6600,6600,0
2022-05-03 09:14:00,6600,6600,6600,6600,0
2022-05-03 09:15:00,6600,6600,6600,6600,0
2022-05-03 09:16:00,6600,6600,6600,6600,0
2022-05-03 09:17:00,6600,6600,6600,6600,0
2022-05-03 09:18:00,6600,6600,6600,6600,0
2022-05-03 09:19:00,6600,6600,6600,6600,0
2022-05-03 09:20:00,6600,6600,6600,6600,0
2022-05-03 09:21:00,6600,6600,6600,6600,0
2022-05-03 09:22:00,6600,6600,6600,6600,0
2022-05-03 09:23:00,6600,6600,6600,6600,0
2022-05-03 09:24:00,6600,6600,6600,6600,0
2022-05-03 09:25:00,6600,6600,6600,6600,0
2022-05-03 09:26:00,6600,6600,6600,6600,0
2022-05-03 09:27:00,6600,6600,6600,6600,0
2022-05-03 09:28:00,6600,6600,6600,6600,0
2022-05-03 09:29:00,6600,6600,6600,6600,0
2022-05-03 09:30:00,6600,6600,6600,6600,0
2022-05-03 09:31:00,6600,6600,6600,6600,0
2022-05-03 09:32:00,6600,6600,6600,6600,0
2022-05-03 09:33:00,6600,6600,6600,6600,0
2022-05-03 09:34:00,6600,6600,6600,6600,0
2022-05-03 09:35:00,6600,6600,6600,6600,0
2022-05-03 09:36:00,6600,6600,6600,6600,0
2022-05-03 09:37:00,6600,6600,6600,6600,0
2022-05-03 09:38:00,6600,6600,6600,6600,0
2022-05-03 09:39:00,6600,6600,6600,6600,0
2022-05-03 09:40:00,6600,6600,6600,6600,0
2022-05-03 09:41:00,6600,6600,6600,6600,0
2022-05-03 09:42:00,6600,6600,6600,6600,0
2022-05-03 09:43:00,6600,6600,6600,6600,0
2022-05-03 09:44:00,6600,6600,6600,6600,0
2022-05-03 09:45:00,6600,6600,6600,6600,0
2022-05-03 09:46:00,6600,6600,6600,6600,0
2022-05-03 09:47:00,6600,6600,6600,6600,0
2022-05-03 09:48:00,6600,6600,6600,6600,0
2022-05-03 09:49:00,6600,6600,6600,6600,0
2022-05-03 09:50:00,6600,6600,6600,6600,0
2022-05-03 09:51:00,6600,6600,6600,6600,0
2022-05-03 09:52:00,6600,6600,6600,6600,0
2022-05-03 09:53:00,6600,6600,6600,6600,0
2022-05-03 09:54:00,6600,6600,6600,6600,0
2022-05-03 09:55:00,6600,6600,6600,6600,0
2022-05-03 09:56:00,6600,6600,6600,6600,0
2022-05-03 09:57:00,6600,6600,6600,6600,0
2022-05-03 09:58:00,6600,6600,6600,6600,0
2022-05-03 09:59:00,6600,6600,6600,6600,0
2022-05-03 10:00:00,6600,6600,6600,6600,0
2022-05-03 10:01:00,6600,6600,6600,6600,0
2022-05-03 10:02:00,6600,6600,6600,6600,0
2022-05-03 10:03:00,6600,6600,6600,6600,0
2022-05-03 10:04:00,6600,6600,6600,6600,0
2022-05-03 10:05:00,6600,6600,6600,6600,0
2022-05-03 10:06:00,6600,6600,6600,6600,0
2022-05-03 10:07:00,6600,6600,6600,6600,0
2022-05-03 10:08:00,6600,6600,6600,6600,0
2022-05-03 10:09:00,6600,6600,6600,6600,0
2022-05-03 10:10:00,6600,6600,6600,6600,0
2022-05-03 10:11:00,6600,6600,6600,6600,0
2022-05-03 10:12:00,6600,6600,6600,6600,0
2022-05-03 10:13:00,6600,6600,6600,6600,0
2022-05-03 10:14:00,6600,6600,6600,6600,0
2022-05-03 10:15:00,6600,6600,6600,6600,0
2022-05-03 10:16:00,6600,6600,6600,6600,0
2022-05-03 10:17:00,6600,6600,6600,6600,0
2022-05-03 10:18:00,6600,6600,6600,6600,0
2022-05-03 10:19:00,6600,6600,6600,6600,0
2022-05-03 10:20:00,6600,6600,6600,6600,0
2022-05-03 10:21:00,6600,6600,6600,6600,0
2022-05-03 10:22:00,6600,6600,6600,6600,0
2022-05-03 10:23:00,6600,6600,6600,6600,0
2022-05-03 10:24:00,6600,6600,6600,6600,0
2022-05-03 10:25:00,6600,6600,6600,6600,0
2022-05-03 10:26:00,6600,6600,6600,6600,0
2022-05-03 10:27:00,6600,6600,6600,6600,0
2022-05-03 10:28:00,6600,6600,6600,6600,0
2022-05-03 10:29:00,6600,6600,6600,6600,0
2022-05-03 10:30:00,6600,6600,6600,6600,0
2022-05-03 10:31:00,6600,6600,6600,6600,0
2022-05-03 10:32:00,6600,6600,6600,6600,0
2022-05-03 10:33:00,6600,6600,6600,6600,0
2022-05-03 10:34:00,6600,6600,6600,6600,0
2022-05-03 10:35:00,6600,6600,6600,6600,0
2022-05-03 10:36:00,6600,6600,6600,6600,0
2022-05-03 10:37:00,6600,6600,6600,6600,0
2022-05-03 10:38:00,6600,6600,6600,6600,0
2022-05-03 10:39:00,6600,6600,6600,6600,0
2022-05-03 10:40:00,6600,6600,6600,6600,0
2022-05-03 10:41:00,6600,6600,6600,6600,0
2022-05-03 10:42:00,6600,6600,6600,6600,0
2022-05-03 10:43:00,6600,6600,6600,6600,0
2022-05-03 10:44:00,6600,6600,6600,6600,0
2022-05-03 10:45:00,6600,6600,6600,6600,0
2022-05-03 10:46:00,6600,6600,6600,6600,0
2022-05-03 10:47:00,6600,6600,6600,6600,0
2022-05-03 10:48:00,6600,6600,6600,6600,0
2022-05-03 10:49:00,6600,6600,6600,6600,0
2022-05-03 10:50:00,6600,6600,6600,6600,0
2022-05-03 10:51:00,6600,6600,6600,6600,0
2022-05-03 10:52:00,6600,6600,6600,6600,0
2022-05-03 10:53:00,6600,6600,6600,6600,0
2022-05-03 10:54:00,6600,6600,6600,6600,0
2022-05-03 10:55:00,6600,6600,6600,6600,0
2022-05-03 10:56:00,6600,6600,6600,6600,0
2022-05-03 10:57:00,6600,6600,6600,6600,0
2022-05-03 10:58:00,6600,6600,6600,6600,0
2022-05-03 10:59:00,6600,6600,6600,6600,0
2022-05-03 11:00:00,6600,6600,6600,6600,0
2022-05-03 11:01:00,6600,6600,6600,6600,0
2022-05-03 11:02:00,6600,6600,6600,6600,0
2022-05-03 11:03:00,6600,6600,6600,6600,0
2022-05-03 11:04:00,6600,6600,6600,6600,0
2022-05-03 11:05:00,6600,6600,6600,6600,0
2022-05-03 11:06:00,6600,6600,6600,6600,0
2022-05-03 11:07:00,6600,6600,6600,6600,0
2022-05-03 11:08:00,6600,6600,6600,6600,0
2022-05-03 11:09:00,6600,6600,6600,6600,0
2022-05-03 11:10:00,6600,6600,6600,6600,0
2022-05-03 11:11:00,6600,6600,6600,6600,0
2022-05-03 11:12:00,6600,6600,6600,6600,0
2022-05-03 11:13:00,6600,6600,6600,6600,0
2022-05-03 11:14:00,6600,6600,6600,6600,0
2022-05-03 11:15:00,6600,6600,6600,6600,0
2022-05-03 11:16:00,6600,6600,6600,6600,0
2022-05-03 11:17:00,6600,6600,6600,6600,0
2022-05-03 11:18:00,6600,6600,6600,6600,0
2022-05-03 11:19:00,6600,6600,6600,6600,0
2022-05-03 11:20:00,6600,6600,6600,6600,0
2022-05-03 11:21:00,6600,6600,6600,6600,0
2022-05-03 11:22:00,6600,6600,6600,6600,0
2022-05-03 11:23:00,6600,6600,6600,6600,0
2022-05-03 11:24:00,6600,6600,6600,6600,0
2022-05-03 11:25:00,6600,6600,6600,6600,0
2022-05-03 11:26:00,6600,6600,6600,6600,0
2022-05-03 11:27:00,6600,6600,6600,6600,0
2022-05-03 11:28:00,6600,6600,6600,6600,0
2022-05-03 11:29:00,6600,6600,6600,6600,0
2022-05-03 11:30:00,6600,6600,6600,6600,0
2022-05-03 11:31:00,6600,6600,6600,6600,0
2022-05-03 11:32:00,6600,6600,6600,6600,0
2022-05-03 11:33:00,6600,6600,6600,6600,0
2022-05-03 11:34:00,6600,6600,6600,6600,0
2022-05-03 11:35:00,6600,6600,6600,6600,0
2022-05-03 11:36:00,6600,6600,6600,6600,0
2022-05-03 11:37:00,6600,6600,6600,6600,0
2022-05-03 11:38:00,6600,6600,6600,6600,0
2022-05-03 11:39:00,6600,6600,6600,6600,0
2022-05-03 11:40:00,6600,6600,6600,6600,0
2022-05-03 11:41:00,6600,6600,6600,6600,0
2022-05-03 11:42:00,6600,6600,6600,6600,0
2022-05-03 11:43:00,6600,6600,6600,6600,0
2022-05-03 11:44:00,6600,6600,6600,6600,0
2022-05-03 11:45:00,6600,6600,6600,6600,0
2022-05-03 11:46:00,6600,6600,6600,6600,0
2022-05-03 11:47:00,6600,6600,6600,6600,0
2022-05-03 11:48:00,6600,6600,6600,6600,0
2022-05-03 11:49:00,6600,6600,6600,6600,0
2022-05-03 11:50:00,6600,6600,6600,6600,0
2022-05-03 11:51:00,6600,6600,6600,6600,0
2022-05-03 11:52:00,6600,6600,6600,6600,0
2022-05-03 11:53:00,6600,6600,6600,6600,0
2022-05-03 11:54:00,6600,6600,6600,6600,0
2022-05-03 11:55:00,6600,6600,6600,6600,0
2022-05-03 11:56:00,6600,6600,6600,6600,0
2022-05-03 11:57:00,6600,6600,6600,6600,0
2022-05-03 11:58:00,6600,6600,6600,6600,0
2022-05-03 11:59:00,6600,6600,6600,6600,0
2022-05-03 12:00:00,6600,6600,6600,6600,0
2022-05-03 12:01:00,6600,6600,6600,6600,0
2022-05-03 12:02:00,6600,6600,6600,6600,0
2022-05-03 12:03:00,6600,6600,6600,6600,0
2022-05-03 12:04:00,6600,6600,6600,6600,0
2022-05-03 12:05:00,6600,6600,6600,6600,0
2022-05-03 12:06:00,6600,6600,6600,6600,0
2022-05-03 12:07:00,6600,6600,6600,6600,0
2022-05-03 12:08:00,6600,6600,6600,6600,0
2022-05-03 12:09:00,6600,6600,6600,6600,0
2022-05-03 12:10:00,6600,6600,6600,6600,0
2022-05-03 12:11:00,6600,6600,6600,6600,0
2022-05-03 12:12:00,6600,6600,6600,6600,0
2022-05-03 12:13:00,6600,6600,6600,6600,0
2022-05-03 12:14:00,6600,6600,6600,6600,0
2022-05-03 12:15:00,6600,6600,6600,6600,0
2022-05-03 12:16:00,6600,6600,6600,6600,0
2022-05-03 12:17:00,6600,6600,6600,6600,0
2022-05-03 12:18:00,6600,6600,6600,6600,0
2022-05-03 12:19:00,6600,6600,6600,6600,0
2022-05-03 12:20:00,6600,6600,6600,6600,0
2022-05-03 12:21:00,6600,6600,6600,6600,0
2022-05-03 12:22:00,6600,6600,6600,6600,0
2022-05-03 12:23:00,6600,6600,6600,6600,0
2022-05-03 12:24:00,6600,6600,6600,6600,0
2022-05-03 12:25:00,6600,6600,6600,6600,0
2022-05-03 12:26:00,6600,6600,6600,6600,0
2022-05-03 12:27:00,6600,6600,6600,6600,0
2022-05-03 12:28:00,6600,6600,6600,6600,0
2022-05-03 12:29:00,6600,6600,6600,6600,0
2022-05-03 12:30:00,6600,6600,6600,6600,0
2022-05-03 12:31:00,6600,6600,6600,6600,0
2022-05-03 12:32:00,6600,6600,6600,6600,0
2022-05-03 12:33:00,6600,6600,6600,6600,0
2022-05-03 12:34:00,6600,6600,6600,6600,0
2022-05-03 12:35:00,6600,6600,6600,6600,0
2022-05-03 12:36:00,6600,6600,6600,6600,0
2022-05-03 12:37:00,6600,6600,6600,6600,0
2022-05-03 12:38:00,6600,6600,6600,6600,0
2022-05-03 12:39:00,6600,6600,6600,6600,0
2022-05-03 12:40:00,6600,6600,6600,6600,0
2022-05-03 12:41:00,6600,6600,6600,6600,0
2022-05-03 12:42:00,6600,6600,6600,6600,0
2022-05-03 12:43:00,6600,6600,6600,6600,0
2022-05-03 12:44:00,6600,6600,6600,6600,0
2022-05-03 12:45:00,6600,6600,6600,6600,0
2022-05-03 12:46:00,6600,6600,6600,6600,0
2022-05-03 12:47:00,6600,6600,6600,6600,0
2022-05-03 12:48:00,6600,6600,6600,6600,0
2022-05-03 12:49:00,6600,6600,6600,6600,0
2022-05-03 12:50:00,6600,6600,6600,6600,0
2022-05-03 12:51:00,6600,6600,6600,6600,0
2022-05-03 12:52:00,6600,6600,6600,6600,0
2022-05-03 12:53:00,6600,6600,6600,6600,0
2022-05-03 12:54:00,6600,6600,6600,6600,0
2022-05-03 12:55:00,6600,6600,6600,6600,0
2022-05-03 12:56:00,6600,6600,6600,6600,0
2022-05-03 12:57:00,6600,6600,6600,6600,0
2022-05-03 12:58:00,6600,6600,6600,6600,0
2022-05-03 12:59:00,6600,6600,6600,6600,0
2022-05-03 13:00:00,6600,6600,6600,6600,0
2022-05-03 13:01:00,6600,6600,6600,6600,0
2022-05-03 13:02:00,6600,6600,6600,6600,0
2022-05-03 13:03:00,6600,6600,6600,6600,0
2022-05-03 13:04:00,6600,6600,6600,6600,0
2022-05-03 13:05:00,6600,6600,6600,6600,0
2022-05-03 13:06:00,6600,6600,6600,6600,0
2022-05-03 13:07:00,6600,6600,6600,6600,0
2022-05-03 13:08:00,6600,6600,6600,6600,0
2022-05-03 13:09:00,6600,6600,6600,6600,0
2022-05-03 13:10:00,6600,6600,6600,6600,0
2022-05-03 13:11:00,6600,6600,6600,6600,0
2022-05-03 13:12:00,6600,6600,6600,6600,0
2022-05-03 13:13:00,6600,6600,6600,6600,0
2022-05-03 13:14:00,6600,6600,6600,6600,0
2022-05-03 13:15:00,6600,6600,6600,6600,0
2022-05-03 13:16:00,6600,6600,6600,6600,0
2022-05-03 13:17:00,6600,6600,6600,6600,0
2022-05-03 13:18:00,6600,6600,6600,6600,0
2022-05-03 13:19:00,6600,6600,6600,6600,0
2022-05-03 13:20:00,6600,6600,6600,6600,0
2022-05-03 13:21:00,6600,6600,6600,6600,0
2022-05-03 13:22:00,6600,6600,6600,6600,0
2022-05-03 13:23:00,6600,6600,6600,6600,0
2022-05-03 13:24:00,6600,6600,6600,6600,0
2022-05-03 13:25:00,6600,6600,6600,6600,0
2022-05-03 13:26:00,6600,6600,6600,6600,0
2022-05-03 13:27:00,6600,6600,6600,6600,0
2022-05-03 13:28:00,6600,6600,6600,6600,0
2022-05-03 13:29:00,6600,6600,6600,6600,0
2022-05-03 13:30:00,6600,6600,6600,6600,0
2022-05-03 13:31:00,6600,6600,6600,6600,0
2022-05-03 13:32:00,6600,6600,6600,6600,0
2022-05-03 13:33:00,6600,6600,6600,6600,0
2022-05-03 13:34:00,6600,6600,6600,6600,0
2022-05-03 13:35:00,6600,6600,6600,6600,0
2022-05-03 13:36:00,6600,6600,6600,6600,0
2022-05-03 13:37:00,6600,6600,6600,6600,0
2022-05-03 13:38:00,6600,6600,6600,6600,0
2022-05-03 13:39:00,6600,6600,6600,6600,0
2022-05-03 13:40:00,6600,6600,6600,6600,0
2022-05-03 13:41:00,6600,6600,6600,6600,0
2022-05-03 13:42:00,6600,6600,6600,6600,0
2022-05-03 13:43:00,6600,6600,6600,6600,0
2022-05-03 13:44:00,6600,6600,6600,6600,0
2022-05-03 13:45:00,6600,6600,6600,6600,0
2022-05-03 13:46:00,6600,6600,6600,6600,0
2022-05-03 13:47:00,6600,6600,6600,6600,0
2022-05-03 13:48:00,6600,6600,6600,6600,0
2022-05-03 13:49:00,6600,6600,6600,6600,0
2022-05-03 13:50:00,6600,6600,6600,6600,0
2022-05-03 13:51:00,6600,6600,6600,6600,0
2022-05-03 13:52:00,6600,6600,6600,6600,0
2022-05-03 13:53:00,6600,6600,6600,6600,0
2022-05-03 13:54:00,6600,6600,6600,6600,0
2022-05-03 13:55:00,6600,6600,6600,6600,0
2022-05-03 13:56:00,6600,6600,6600,6600,0
2022-05-03 13:57:00,6600,6600,6600,6600,0
2022-05-03 13:58:00,6600,6600,6600,6600,0
2022-05-03 13:59:00,6600,6600,6600,6600,0
2022-05-03 14:00:00,6600,6600,6600,6600,0
2022-05-03 14:01:00,6600,6600,6600,6600,0
2022-05-03 14:02:00,6600,6600,6600,6600,0
2022-05-03 14:03:00,6600,6600,6600,6600,0
2022-05-03 14:04:00,6600,6600,6600,6600,0
2022-05-03 14:05:00,6600,6600,6600,6600,0
2022-05-03 14:06:00,6600,6600,6600,6600,0
2022-05-03 14:07:00,6600,6600,6600,6600,0
2022-05-03 14:08:00,6600,6600,6600,6600,0
2022-05-03 14:09:00,6600,6600,6600,6600,0
2022-05-03 14:10:00,6600,6600,6600,6600,0
2022-05-03 14:11:00,6600,6600,6600,6600,0
2022-05-03 14:12:00,6600,6600,6600,6600,0
2022-05-03 14:13:00,6600,6600,6600,6600,0
2022-05-03 14:14:00,6600,6600,6600,6600,0
2022-05-03 14:15:00,6600,6600,6600,6600,0
2022-05-03 14:16:00,6600,6600,6600,6600,0
2022-05-03 14:17:00,6600,6600,6600,6600,0
2022-05-03 14:18:00,6600,6600,6600,6600,0
2022-05-03 14:19:00,6600,6600,6600,6600,0
2022-05-03 14:20:00,6600,6600,6600,6600,0
2022-05-03 14:21:00,6600,6600,6600,6600,0
2022-05-03 14:22:00,6600,6600,6600,6600,0
2022-05-03 14:23:00,6600,6600,6600,6600,0
2022-05-03 14:24:00,6600,6600,6600,6600,0
2022-05-03 14:25:00,6600,6600,6600,6600,0
2022-05-03 14:26:00,6600,6600,6600,6600,0
2022-05-03 14:27:00,6600,6600,6600,6600,0
2022-05-03 14:28:00,6600,6600,6600,6600,0
2022-05-03 14:29:00,6600,6600,6600,6600,0
2022-05-03 14:30:00,6600,6600,6600,6600,0
2022-05-03 14:31:00,6600,6600,6600,6600,0
2022-05-03 14:32:00,6600,6600,6600,6600,0
2022-05-03 14:33:00,6600,6600,6600,6600,0
2022-05-03 14:34:00,6600,6600,6600,6600,0
2022-05-03 14:35:00,6600,6600,6600,6600,0
2022-05-03 14:36:00,6600,6600,6600,6600,0
2022-05-03 14:37:00,6600,6600,6600,6600,0
2022-05-03 14:38:00,6600,6600,6600,6600,0
2022-05-03 14:39:00,6600,6600,6600,6600,0
2022-05-03 14:40:00,6600,6600,6600,6600,0
2022-05-03 14:41:00,6600,6600,6600,6600,0
2022-05-03 14:42:00,6600,6600,6600,6600,0
2022-05-03 14:43:00,6600,6600,6600,6600,0
2022-05-03 14:44:00,6600,6600,6600,6600,0
2022-05-03 14:45:00,6600,6600,6600,6600,0
2022-05-03 14:46:00,6600,6600,6600,6600,0
2022-05-03 14:47:00,6600,6600,6600,6600,0
2022-05-03 14:48:00,6600,6600,6600,6600,0
2022-05-03 14:49:00,6600,6600,6600,6600,0
2022-05-03 14:50:00,6600,6600,6600,6600,0
2022-05-03 14:51:00,6600,6600,6600,6600,0
2022-05-03 14:52:00,6600,6600,6600,6600,0
2022-05-03 14:53:00,6600,6600,6600,6600,0
2022-05-03 14:54:00,6600,6600,6600,6600,0
2022-05-03 14:55:00,6600,6600,6600,6600,0
2022-05-03 14:56:00,6600,6600,6600,6600,0
2022-05-03 14:57:00,6600,6600,6600,6600,0
2022-05-03 14:58:00,6600,6600,6600,6600,0
2022-05-03 14:59:00,6600,6600,6600,6600,0
2022-05-03 15:00:00,6600,6600,6600,6600,0
2022-05-03 15:01:00,6600,6600,6600,6600,0
2022-05-03 15:02:00,6600,6600,6600,6600,0
2022-05-03 15:03:00,6600,6600,6600,6600,0
2022-05-03 15:04:00,6600,6600,6600,6600,0
2022-05-03 15:05:00,6600,6600,6600,6600,0
2022-05-03 15:06:00,6600,6600,6600,6600,0
2022-05-03 15:07:00,6600,6600,6600,6600,0
2022-05-03 15:08:00,6600,6600,6600,6600,0
2022-05-03 15:09:00,6600,6600,6600,6600,0
2022-05-03 15:10:00,6600,6600,6600,6600,0
2022-05-03 15:11:00,6600,6600,6600,6600,0
2022-05-03 15:12:00,6600,6600,6600,6600,0
2022-05-03 15:13:00,6600,6600,6600,6600,0
2022-05-03 15:14:00,6600,6600,6600,6600,0
2022-05-03 15:15:00,6600,6600,6600,6600,0
2022-05-03 15:16:00,6600,6600,6600,6600,0
2022-05-03 15:17:00,6600,6600,6600,6600,0
2022-05-03 15:18:00,6600,6600,6600,6600,0
2022-05-03 15:19:00,6600,6600,6600,6600,0
2022-05-03 15:20:00,6600,6600,6600,6600,0
2022-05-03 15:21:00,6600,6600,6600,6600,0
2022-05-03 15:22:00,6600,6600,6600,6600,0
2022-05-03 15:23:00,6600,6600,6600,6600,0
2022-05-03 15:24:00,6600,6600,6600,6600,0
2022-05-03 15:25:00,6600,6600,6600,6600,0
2022-05-03 15:26:00,6600,6600,6600,6600,0
2022-05-03 15:27:00,6600,6600,6600,6600,0
2022-05-03 15:28:00,6600,6600,6600,6600,0
2022-05-03 15:29:00,6600,6600,6600,6600,0
2022-05-03 15:30:00,6600,6600,6600,6600,0
2022-05-03 15:31:00,6600,6600,6600,6600,0
2022-05-03 15:32:00,6600,6600,6600,6600,0
2022-05-03 15:33:00,6600,6600,6600,6600,0
2022-05-03 15:34:00,6600,6600,6600,6600,0
2022-05-03 15:35:00,6600,6600,6600,6600,0
2022-05-03 15:36:00,6600,6600,6600,6600,0
2022-05-03 15:37:00,6600,6600,6600,6600,0
2022-05-03 15:38:00,6600,6600,6600,6600,0
2022-05-03 15:39:00,6600,6600,6600,6600,0
2022-05-03 15:40:00,6600,6600,6600,6600,0
2022-05-03 15:41:00,6600,6600,6600,6600,0
2022-05-03 15:42:00,6600,6600,6600,6600,0
2022-05-03 15:43:00,6600,6600,6600,6600,0
2022-05-03 15:44:00,6600,6600,6600,6600,0
2022-05-03 15:45:00,6600,6600,6600,6600,0
2022-05-03 15:46:00,6600,6600,6600,6600,0
2022-05-03 15:47:00,6600,6600,6600,6600,0
2022-05-03 15:48:00,6600,6600,6600,6600,0
2022-05-03 15:49:00,6600,6600,6600,6600,0
2022-05-03 15:50:00,6600,6600,6600,6600,0
2022-05-03 15:51:00,6600,6600,6600,6600,0
2022-05-03 15:52:00,6600,6600,6600,6600,0
2022-05-03 15:53:00,6600,6600,6600,6600,0
2022-05-03 15:54:00,6600,6600,6600,6600,0
2022-05-03 15:55:00,6600,6600,6600,6600,0
2022-05-03 15:56:00,6600,6600,6600,6600,0
2022-05-03 15:57:00,6600,6600,6600,6600,0
2022-05-03 15:58:00,6600,6600,6600,6600,0
2022-05-03 15:59:00,6600,6600,6600,6600,0
2022-05-04 09:00:00,6600,6600,6600,6600,0
2022-05-04 09:01:00,6600,6600,6600,6600,0
2022-05-04 09:02:00,6600,6600,6600,6600,0
2022-05-04 09:03:00,6600,6600,6600,6600,0
2022-05-04 09:04:00,6600,6600,6600,6600,0
2022-05-04 09:05:00,6600,6600,6600,6600,0
2022-05-04 09:06:00,6600,6600,6600,6600,0
2022-05-04 09:07:00,6600,6600,6600,6600,0
2022-05-04 09:08:00,6600,6600,6600,6600,0
2022-05-04 09:09:00,6600,6600,6600,6600,0
2022-05-04 09:10:00,6600,6600,6600,6600,0
2022-05-04 09:11:00,6600,6600,6600,6600,0
2022-05-04 09:12:00,6600,6600,6600,6600,0
2022-05-04 09:13:00,6600,6600,6600,6600,0
2022-05-04 09:14:00,6600,6600,6600,6600,0
2022-05-04 09:15:00,6600,6600,6600,6600,0
2022-05-04 09:16:00,6600,6600,6600,6600,0
2022-05-04 09:17:00,6600,6600,6600,6600,0
2022-05-04 09:18:00,6600,6600,6600,6600,0
2022-05-04 09:19:00,6600,6600,6600,6600,0
2022-05-04 09:20:00,6600,6600,6600,6600,0
2022-05-04 09:21:00,6600,6600,6600,6600,0
2022-05-04 09:22:00,6600,6600,6600,6600,0
2022-05-04 09:23:00,6600,6600,6600,6600,0
2022-05-04 09:24:00,6600,6600,6600,6600,0
2022-05-04 09:25:00,6600,6600,6600,6600,0
2022-05-04 09:26:00,6600,6600,6600,6600,0
2022-05-04 09:27:00,6600,6600,6600,6600,0
2022-05-04 09:28:00,6600,6600,6600,6600,0
2022-05-04 09:29:00,6600,6600,6600,6600,0
2022-05-04 09:30:00,6600,6600,6600,6600,0
2022-05-04 09:31:00,6600,6600,6600,6600,0
2022-05-04 09:32:00,6600,6600,6600,6600,0
2022-05-04 09:33:00,6600,6600,6600,6600,0
2022-05-04 09:34:00,6600,6600,6600,6600,0
2022-05-04 09:35:00,6600,6600,6600,6600,0
2022-05-04 09:36:00,6600,6600,6600,6600,0
2022-05-04 09:37:00,6600,6600,6600,6600,0
2022-05-04 09:38:00,6600,6600,6600,6600,0
2022-05-04 09:39:00,6600,6600,6600,6600,0
2022-05-04 09:40:00,6600,6600,6600,6600,0
2022-05-04 09:41:00,6600,6600,6600,6600,0
2022-05-04 09:42:00,6600,6600,6600,6600,0
2022-05-04 09:43:00,6600,6600,6600,6600,0
2022-05-04 09:44:00,6600,6600,6600,6600,0
2022-05-04 09:45:00,6600,6600,6600,6600,0
2022-05-04 09:46:00,6600,6600,6600,6600,0
2022-05-04 09:47:00,6600,6600,6600,6600,0
2022-05-04 09:48:00,6600,6600,6600,6600,0
2022-05-04 09:49:00,6600,6600,6600,6600,0
2022-05-04 09:50:00,6600,6600,6600,6600,0
2022-05-04 09:51:00,6600,6600,6600,6600,0
2022-05-04 09:52:00,6600,6600,6600,6600,0
2022-05-04 09:53:00,6600,6600,6600,6600,0
2022-05-04 09:54:00,6600,6600,6600,6600,0
2022-05-04 09:55:00,6600,6600,6600,6600,0
2022-05-04 09:56:00,6600,6600,6600,6600,0
2022-05-04 09:57:00,6600,6600,6600,6600,0
2022-05-04 09:58:00,6600,6600,6600,6600,0
2022-05-04 09:59:00,6600,6600,6600,6600,0
2022-05-04 10:00:00,6600,6600,6600,6600,0
2022-05-04 10:01:00,6600,6600,6600,6600,0
2022-05-04 10:02:00,6600,6600,6600,6600,0
2022-05-04 10:03:00,6600,6600,6600,6600,0
2022-05-04 10:04:00,6600,6600,6600,6600,0
2022-05-04 10:05:00,6600,6600,6600,6600,0
2022-05-04 10:06:00,6600,6600,6600,6600,0
2022-05-04 10:07:00,6600,6600,6600,6600,0
2022-05-04 10:08:00,6600,6600,6600,6600,0
2022-05-04 10:09:00,6600,6600,6600,6600,0
2022-05-04 10:10:00,6600,6600,6600,6600,0
2022-05-04 10:11:00,6600,6600,6600,6600,0
2022-05-04 10:12:00,6600,6600,6600,6600,0
2022-05-04 10:13:00,6600,6600,6600,6600,0
2022-05-04 10:14:00,6600,6600,6600,6600,0
2022-05-04 10:15:00,6600,6600,6600,6600,0
2022-05-04 10:16:00,6600,6600,6600,6600,0
2022-05-04 10:17:00,6600,6600,6600,6600,0
2022-05-04 10:18:00,6600,6600,6600,6600,0
2022-05-04 10:19:00,6600,6600,6600,6600,0
2022-05-04 10:20:00,6600,6600,6600,6600,0
2022-05-04 10:21:00,6600,6600,6600,6600,0
2022-05-04 10:22:00,6600,6600,6600,6600,0
2022-05-04 10:23:00,6600,6600,6600,6600,0
2022-05-04 10:24:00,6600,6600,6600,6600,0
2022-05-04 10:25:00,6600,6600,6600,6600,0
2022-05-04 10:26:00,6600,6600,6600,6600,0
2022-05-04 10:27:00,6600,6600,6600,6600,0
2022-05-04 10:28:00,6600,6600,6600,6600,0
2022-05-04 10:29:00,6600,6600,6600,6600,0
2022-05-04 10:30:00,6600,6600,6600,6600,0
2022-05-04 10:31:00,6600,6600,6600,6600,0
2022-05-04 10:32:00,6600,6600,6600,6600,0
2022-05-04 10:33:00,6600,6600,6600,6600,0
2022-05-04 10:34:00,6600,6600,6600,6600,0
2022-05-04 10:35:00,6600,6600,6600,6600,0
2022-05-04 10:36:00,6600,6600,6600,6600,0
2022-05-04 10:37:00,6600,6600,6600,6600,0
2022-05-04 10:38:00,6600,6600,6600,6600,0
2022-05-04 10:39:00,6600,6600,6600,6600,0
2022-05-04 10:40:00,6600,6600,6600,6600,0
2022-05-04 10:41:00,6600,6600,6600,6600,0
2022-05-04 10:42:00,6600,6600,6600,6600,0
2022-05-04 10:43:00,6600,6600,6600,6600,0
2022-05-04 10:44:00,6600,6600,6600,6600,0
2022-05-04 10:45:00,6600,6600,6600,6600,0
2022-05-04 10:46:00,6600,6600,6600,6600,0
2022-05-04 10:47:00,6600,6600,6600,6600,0
2022-05-04 10:48:00,6600,6600,6600,6600,0
2022-05-04 10:49:00,6600,6600,6600,6600,0
2022-05-04 10:50:00,6600,6600,6600,6600,0
2022-05-04 10:51:00,6600,6600,6600,6600,0
2022-05-04 10:52:00,6600,6600,6600,6600,0
2022-05-04 10:53:00,6600,6600,6600,6600,0
2022-05-04 10:54:00,6600,6600,6600,6600,0
2022-05-04 10:55:00,6600,6600,6600,6600,0
2022-05-04 10:56:00,6600,6600,6600,6600,0
2022-05-04 10:57:00,6600,6600,6600,6600,0
2022-05-04 10:58:00,6600,6600,6600,6600,0
2022-05-04 10:59:00,6600,6600,6600,6600,0
2022-05-04 11:00:00,6600,6600,6600,6600,0
2022-05-04 11:01:00,6600,6600,6600,6600,0
2022-05-04 11:02:00,6600,6600,6600,6600,0
2022-05-04 11:03:00,6600,6600,6600,6600,0
2022-05-04 11:04:00,6600,6600,6600,6600,0
2022-05-04 11:05:00,6600,6600,6600,6600,0
2022-05-04 11:06:00,6600,6600,6600,6600,0
2022-05-04 11:07:00,6600,6600,6600,6600,0
2022-05-04 11:08:00,6600,6600,6600,6600,0
2022-05-04 11:09:00,6600,6600,6600,6600,0
2022-05-04 11:10:00,6600,6600,6600,6600,0
2022-05-04 11:11:00,6600,6600,6600,6600,0
2022-05-04 11:12:00,6600,6600,6600,6600,0
2022-05-04 11:13:00,6600,6600,6600,6600,0
2022-05-04 11:14:00,6600,6600,6600,6600,0
2022-05-04 11:15:00,6600,6600,6600,6600,0
2022-05-04 11:16:00,6600,6600,6600,6600,0
2022-05-04 11:17:00,6600,6600,6600,6600,0
2022-05-04 11:18:00,6600,6600,6600,6600,0
2022-05-04 11:19:00,6600,6600,6600,6600,0
2022-05-04 11:20:00,6600,6600,6600,6600,0
2022-05-04 11:21:00,6600,6600,6600,6600,0
2022-05-04 11:22:00,6600,6600,6600,6600,0
2022-05-04 11:23:00,6600,6600,6600,6600,0
2022-05-04 11:24:00,6600,6600,6600,6600,0
2022-05-04 11:25:00,6600,6600,6600,6600,0
2022-05-04 11:26:00,6600,6600,6600,6600,0
2022-05-04 11:27:00,6600,6600,6600,6600,0
2022-05-04 11:28:00,6600,6600,6600,6600,0
2022-05-04 11:29:00,6600,6600,6600,6600,0
2022-05-04 11:30:00,6600,6600,6600,6600,0
2022-05-04 11:31:00,6600,6600,6600,6600,0
2022-05-04 11:32:00,6600,6600,6600,6600,0
2022-05-04 11:33:00,6600,6600,6600,6600,0
2022-05-04 11:34:00,6600,6600,6600,6600,0
2022-05-04 11:35:00,6600,6600,6600,6600,0
2022-05-04 11:36:00,6600,6600,6600,6600,0
2022-05-04 11:37:00,6600,6600,6600,6600,0
2022-05-04 11:38:00,6600,6600,6600,6600,0
2022-05-04 11:39:00,6600,6600,6600,6600,0
2022-05-04 11:40:00,6600,6600,6600,6600,0
2022-05-04 11:41:00,6600,6600,6600,6600,0
2022-05-04 11:42:00,6600,6600,6600,6600,0
2022-05-04 11:43:00,6600,6600,6600,6600,0
2022-05-04 11:44:00,6600,6600,6600,6600,0
2022-05-04 11:45:00,6600,6600,6600,6600,0
2022-05-04 11:46:00,6600,6600,6600,6600,0
2022-05-04 11:47:00,6600,6600,6600,6600,0
2022-05-04 11:48:00,6600,6600,6600,6600,0
2022-05-04 11:49:00,6600,6600,6600,6600,0
2022-05-04 11:50:00,6600,6600,6600,6600,0
2022-05-04 11:51:00,6600,6600,6600,6600,0
2022-05-04 11:52:00,6600,6600,6600,6600,0
2022-05-04 11:53:00,6600,6600,6600,6600,0
2022-05-04 11:54:00,6600,6600,6600,6600,0
2022-05-04 11:55:00,6600,6600,6600,6600,0
2022-05-04 11:56:00,6600,6600,6600,6600,0
2022-05-04 11:57:00,6600,6600,6600,6600,0
2022-05-04 11:58:00,6600,6600,6600,6600,0
2022-05-04 11:59:00,6600,6600,6600,6600,0
2022-05-04 12:00:00,6600,6600,6600,6600,0
2022-05-04 12:01:00,6600,6600,6600,6600,0
2022-05-04 12:02:00,6600,6600,6600,6600,0
2022-05-04 12:03:00,6600,6600,6600,6600,0
2022-05-04 12:04:00,6600,6600,6600,6600,0
2022-05-04 12:05:00,6600,6600,6600,6600,0
2022-05-04 12:06:00,6600,6600,6600,6600,0
2022-05-04 12:07:00,6600,6600,6600,6600,0
2022-05-04 12:08:00,6600,6600,6600,6600,0
2022-05-04 12:09:00,6600,6600,6600,6600,0
2022-05-04 12:10:00,6600,6600,6600,6600,0
2022-05-04 12:11:00,6600,6600,6600,6600,0
2022-05-04 12:12:00,6600,6600,6600,6600,0
2022-05-04 12:13:00,6600,6600,6600,6600,0
2022-05-04 12:14:00,6600,6600,6600,6600,0
2022-05-04 12:15:00,6600,6600,6600,6600,0
2022-05-04 12:16:00,6600,6600,6600,6600,0
2022-05-04 12:17:00,6600,6600,6600,6600,0
2022-05-04 12:18:00,6600,6600,6600,6600,0
2022-05-04 12:19:00,6600,6600,6600,6600,0
2022-05-04 12:20:00,6600,6600,6600,6600,0
2022-05-04 12:21:00,6600,6600,6600,6600,0
2022-05-04 12:22:00,6600,6600,6600,6600,0
2022-05-04 12:23:00,6600,6600,6600,6600,0
2022-05-04 12:24:00,6600,6600,6600,6600,0
2022-05-04 12:25:00,6600,6600,6600,6600,0
2022-05-04 12:26:00,6600,6600,6600,6600,0
2022-05-04 12:27:00,6600,6600,6600,6600,0
2022-05-04 12:28:00,6600,6600,6600,6600,0
2022-05-04 12:29:00,6600,6600,6600,6600,0
2022-05-04 12:30:00,6600,6600,6600,6600,0
2022-05-04 12:31:00,6600,6600,6600,6600,0
2022-05-04 12:32:00,6600,6600,6600,6600,0
2022-05-04 12:33:00,6600,6600,6600,6600,0
2022-05-04 12:34:00,6600,6600,6600,6600,0
2022-05-04 12:35:00,6600,6600,6600,6600,0
2022-05-04 12:36:00,6600,6600,6600,6600,0
2022-05-04 12:37:00,6600,6600,6600,6600,0
2022-05-04 12:38:00,6600,6600,6600,6600,0
2022-05-04 12:39:00,6600,6600,6600,6600,0
2022-05-04 12:40:00,6600,6600,6600,6600,0
2022-05-04 12:41:00,6600,6600,6600,6600,0
2022-05-04 12:42:00,6600,6600,6600,6600,0
2022-05-04 12:43:00,6600,6600,6600,6600,0
2022-05-04 12:44:00,6600,6600,6600,6600,0
2022-05-04 12:45:00,6600,6600,6600,6600,0
2022-05-04 12:46:00,6600,6600,6600,6600,0
2022-05-04 12:47:00,6600,6600,6600,6600,0
2022-05-04 12:48:00,6600,6600,6600,6600,0
2022-05-04 12:49:00,6600,6600,6600,6600,0
2022-05-04 12:50:00,6600,6600,6600,6600,0
2022-05-04 12:51:00,6600,6600,6600,6600,0
2022-05-04 12:52:00,6600,6600,6600,6600,0
2022-05-04 12:53:00,6600,6600,6600,6600,0
2022-05-04 12:54:00,6600,6600,6600,6600,0
2022-05-04 12:55:00,6600,6600,6600,6600,0
2022-05-04 12:56:00,6600,6600,6600,6600,0
2022-05-04 12:57:00,6600,6600,6600,6600,0
2022-05-04 12:58:00,6600,6600,6600,6600,0
2022-05-04 12:59:00,6600,6600,6600,6600,0
2022-05-04 13:00:00,6600,6600,6600,6600,0
2022-05-04 13:01:00,6600,6600,6600,6600,0
2022-05-04 13:02:00,6600,6600,6600,6600,0
2022-05-04 13:03:00,6600,6600,6600,6600,0
2022-05-04 13:04:00,6600,6600,6600,6600,0
2022-05-04 13:05:00,6600,6600,6600,6600,0
2022-05-04 13:06:00,6600,6600,6600,6600,0
2022-05-04 13:07:00,6600,6600,6600,6600,0
2022-05-04 13:08:00,6600,6600,6600,6600,0
2022-05-04 13:09:00,6600,6600,6600,6600,0
2022-05-04 13:10:00,6600,6600,6600,6600,0
2022-05-04 13:11:00,6600,6600,6600,6600,0
2022-05-04 13:12:00,6600,6600,6600,6600,0
2022-05-04 13:13:00,6600,6600,6600,6600,0
2022-05-04 13:14:00,6600,6600,6600,6600,0
2022-05-04 13:15:00,6600,6600,6600,6600,0
2022-05-04 13:16:00,6600,6600,6600,6600,0
2022-05-04 13:17:00,6600,6600,6600,6600,0
2022-05-04 13:18:00,6600,6600,6600,6600,0
2022-05-04 13:19:00,6600,6600,6600,6600,0
2022-05-04 13:20:00,6600,6600,6600,6600,0
2022-05-04 13:21:00,6600,6600,6600,6600,0
2022-05-04 13:22:00,6600,6600,6600,6600,0
2022-05-04 13:23:00,6600,6600,6600,6600,0
2022-05-04 13:24:00,6600,6600,6600,6600,0
2022-05-04 13:25:00,6600,6600,6600,6600,0
2022-05-04 13:26:00,6600,6600,6600,6600,0
2022-05-04 13:27:00,6600,6600,6600,6600,0
2022-05-04 13:28:00,6600,6600,6600,6600,0
2022-05-04 13:29:00,6600,6600,6600,6600,0
2022-05-04 13:30:00,6600,6600,6600,6600,0
2022-05-04 13:31:00,6600,6600,6600,6600,0
2022-05-04 13:32:00,6600,6600,6600,6600,0
2022-05-04 13:33:00,6600,6600,6600,6600,0
2022-05-04 13:34:00,6600,6600,6600,6600,0
2022-05-04 13:35:00,6600,6600,6600,6600,0
2022-05-04 13:36:00,6600,6600,6600,6600,0
2022-05-04 13:37:00,6600,6600,6600,6600,0
2022-05-04 13:38:00,6600,6600,6600,6600,0
2022-05-04 13:39:00,6600,6600,6600,6600,0
2022-05-04 13:40:00,6600,6600,6600,6600,0
2022-05-04 13:41:00,6600,6600,6600,6600,0
2022-05-04 13:42:00,6600,6600,6600,6600,0
2022-05-04 13:43:00,6600,6600,6600,6600,0
2022-05-04 13:44:00,6600,6600,6600,6600,0
2022-05-04 13:45:00,6600,6600,6600,6600,0
2022-05-04 13:46:00,6600,6600,6600,6600,0
2022-05-04 13:47:00,6600,6600,6600,6600,0
2022-05-04 13:48:00,6600,6600,6600,6600,0
2022-05-04 13:49:00,6600,6600,6600,6600,0
2022-05-04 13:50:00,6600,6600,6600,6600,0
2022-05-04 13:51:00,6600,6600,6600,6600,0
2022-05-04 13:52:00,6600,6600,6600,6600,0
2022-05-04 13:53:00,6600,6600,6600,6600,0
2022-05-04 13:54:00,6600,6600,6600,6600,0
2022-05-04 13:55:00,6600,6600,6600,6600,0
2022-05-04 13:56:00,6600,6600,6600,6600,0
2022-05-04 13:57:00,6600,6600,6600,6600,0
2022-05-04 13:58:00,6600,6600,6600,6600,0
2022-05-04 13:59:00,6600,6600,6600,6600,0
2022-05-04 14:00:00,6600,6600,6600,6600,0
2022-05-04 14:01:00,6600,6600,6600,6600,0
2022-05-04 14:02:00,6600,6600,6600,6600,0
2022-05-04 14:03:00,6600,6600,6600,6600,0
2022-05-04 14:04:00,6600,6600,6600,6600,0
2022-05-04 14:05:00,6600,6600,6600,6600,0
2022-05-04 14:06:00,6600,6600,6600,6600,0
2022-05-04 14:07:00,6600,6600,6600,6600,0
2022-05-04 14:08:00,6600,6600,6600,6600,0
2022-05-04 14:09:00,6600,6600,6600,6600,0
2022-05-04 14:10:00,6600,6600,6600,6600,0
2022-05-04 14:11:00,6600,6600,6600,6600,0
2022-05-04 14:12:00,6600,6600,6600,6600,0
2022-05-04 14:13:00,6600,6600,6600,6600,0
2022-05-04 14:14:00,6600,6600,6600,6600,0
2022-05-04 14:15:00,6600,6600,6600,6600,0
2022-05-04 14:16:00,6600,6600,6600,6600,0
2022-05-04 14:17:00,6600,6600,6600,6600,0
2022-05-04 14:18:00,6600,6600,6600,6600,0
2022-05-04 14:19:00,6600,6600,6600,6600,0
2022-05-04 14:20:00,6600,6600,6600,6600,0
2022-05-04 14:21:00,6600,6600,6600,6600,0
2022-05-04 14:22:00,6600,6600,6600,6600,0
2022-05-04 14:23:00,6600,6600,6600,6600,0
2022-05-04 14:24:00,6600,6600,6600,6600,0
2022-05-04 14:25:00,6600,6600,6600,6600,0
2022-05-04 14:26:00,6600,6600,6600,6600,0
2022-05-04 14:27:00,6600,6600,6600,6600,0
2022-05-04 14:28:00,6600,6600,6600,6600,0
2022-05-04 14:29:00,6600,6600,6600,6600,0
2022-05-04 14:30:00,6600,6600,6600,6600,0
2022-05-04 14:31:00,6600,6600,6600,6600,0
2022-05-04 14:32:00,6600,6600,6600,6600,0
2022-05-04 14:33:00,6600,6600,6600,6600,0
2022-05-04 14:34:00,6600,6600,6600,6600,0
2022-05-04 14:35:00,6600,6600,6600,6600,0
2022-05-04 14:36:00,6600,6600,6600,6600,0
2022-05-04 14:37:00,6600,6600,6600,6600,0
2022-05-04 14:38:00,6600,6600,6600,6600,0
2022-05-04 14:39:00,6600,6600,6600,6600,0
2022-05-04 14:40:00,6600,6600,6600,6600,0
2022-05-04 14:41:00,6600,6600,6600,6600,0
2022-05-04 14:42:00,6600,6600,6600,6600,0
2022-05-04 14:43:00,6600,6600,6600,6600,0
2022-05-04 14:44:00,6600,6600,6600,6600,0
2022-05-04 14:45:00,6600,6600,6600,6600,0
2022-05-04 14:46:00,6600,6600,6600,6600,0
2022-05-04 14:47:00,6600,6600,6600,6600,0
2022-05-04 14:48:00,6600,6600,6600,6600,0
2022-05-04 14:49:00,6600,6600,6600,6600,0
2022-05-04 14:50:00,6600,6600,6600,6600,0
2022-05-04 14:51:00,6600,6600,6600,6600,0
2022-05-04 14:52:00,6600,6600,6600,6600,0
2022-05-04 14:53:00,6600,6600,6600,6600,0
2022-05-04 14:54:00,6600,6600,6600,6600,0
2022-05-04 14:55:00,6600,6600,6600,6600,0
2022-05-04 14:56:00,6600,6600,6600,6600,0
2022-05-04 14:57:00,6600,6600,6600,6600,0
2022-05-04 14:58:00,6600,6600,6600,6600,0
2022-05-04 14:59:00,6600,6600,6600,6600,0
2022-05-04 15:00:00,6600,6600,6600,6600,0
2022-05-04 15:01:00,6600,6600,6600,6600,0
2022-05-04 15:02:00,6600,6600,6600,6600,0
2022-05-04 15:03:00,6600,6600,6600,6600,0
2022-05-04 15:04:00,6600,6600,6600,6600,0
2022-05-04 15:05:00,6600,6600,6600,6600,0
2022-05-04 15:06:00,6600,6600,6600,6600,0
2022-05-04 15:07:00,6600,6600,6600,6600,0
2022-05-04 15:08:00,6600,6600,6600,6600,0
2022-05-04 15:09:00,6600,6600,6600,6600,0
2022-05-04 15:10:00,6600,6600,6600,6600,0
2022-05-04 15:11:00,6600,6600,6600,6600,0
2022-05-04 15:12:00,6600,6600,6600,6600,0
2022-05-04 15:13:00,6600,6600,6600,6600,0
2022-05-04 15:14:00,6600,6600,6600,6600,0
2022-05-04 15:15:00,6600,6600,6600,6600,0
2022-05-04 15:16:00,6600,6600,6600,6600,0
2022-05-04 15:17:00,6600,6600,6600,6600,0
2022-05-04 15:18:00,6600,6600,6600,6600,0
2022-05-04 15:19:00,6600,6600,6600,6600,0
2022-05-04 15:20:00,6600,6600,6600,6600,0
2022-05-04 15:21:00,6600,6600,6600,6600,0
2022-05-04 15:22:00,6600,6600,6600,6600,0
2022-05-04 15:23:00,6600,6600,6600,6600,0
2022-05-04 15:24:00,6600,6600,6600,6600,0
2022-05-04 15:25:00,6600,6600,6600,6600,0
2022-05-04 15:26:00,6600,6600,6600,6600,0
2022-05-04 15:27:00,6600,6600,6600,6600,0
2022-05-04 15:28:00,6600,6600,6600,6600,0
2022-05-04 15:29:00,6600,6600,6600,6600,0
2022-05-04 15:30:00,6600,6600,6600,6600,0
2022-05-04 15:31:00,6600,6600,6600,6600,0
2022-05-04 15:32:00,6600,6600,6600,6600,0
2022-05-04 15:33:00,6600,6600,6600,6600,0
2022-05-04 15:34:00,6600,6600,6600,6600,0
2022-05-04 15:35:00,6600,6600,6600,6600,0
2022-05-04 15:36:00,6600,6600,6600,6600,0
2022-05-04 15:37:00,6600,6600,6600,6600,0
2022-05-04 15:38:00,6600,6600,6600,6600,0
2022-05-04 15:39:00,6600,6600,6600,6600,0
2022-05-04 15:40:00,6600,6600,6600,6600,0
2022-05-04 15:41:00,6600,6600,6600,6600,0
2022-05-04 15:42:00,6600,6600,6600,6600,0
2022-05-04 15:43:00,6600,6600,6600,6600,0
2022-05-04 15:44:00,6600,6600,6600,6600,0
2022-05-04 15:45:00,6600,6600,6600,6600,0
2022-05-04 15:46:00,6600,6600,6600,6600,0
2022-05-04 15:47:00,6600,6600,6600,6600,0
2022-05-04 15:48:00,6600,6600,6600,6600,0
2022-05-04 15:49:00,6600,6600,6600,6600,0
2022-05-04 15:50:00,6600,6600,6600,6600,0
2022-05-04 15:51:00,6600,6600,6600,6600,0
2022-05-04 15:52:00,6600,6600,6600,6600,0
2022-05-04 15:53:00,6600,6600,6600,6600,0
2022-05-04 15:54:00,6600,6600,6600,6600,0
2022-05-04 15:55:00,6600,6600,6600,6600,0
2022-05-04 15:56:00,6600,6600,6600,6600,0
2022-05-04 15:57:00,6600,6600,6600,6600,0
2022-05-04 15:58:00,6600,6600,6600,6600,0
2022-05-04 15:59:00,6600,6600,6600,6600,0
2022-05-05 09:00:00,6600,6600,6600,6600,0
2022-05-05 09:01:00,6600,6600,6600,6600,0
2022-05-05 09:02:00,6600,6600,6600,6600,0
2022-05-05 09:03:00,6600,6600,6600,6600,0
2022-05-05 09:04:00,6600,6600,6600,6600,0
2022-05-05 09:05:00,6600,6600,6600,6600,0
2022-05-05 09:06:00,6600,6600,6600,6600,0
2022-05-05 09:07:00,6600,6600,6600,6600,0
2022-05-05 09:08:00,6600,6600,6600,6600,0
2022-05-05 09:09:00,6600,6600,6600,6600,0
2022-05-05 09:10:00,6600,6600,6600,6600,0
2022-05-05 09:11:00,6600,6600,6600,6600,0
2022-05-05 09:12:00,6600,6600,6600,6600,0
2022-05-05 09:13:00,6600,6600,6600,6600,0
2022-05-05 09:14:00,6600,6600,6600,6600,0
2022-05-05 09:15:00,6600,6600,6600,6600,0
2022-05-05 09:16:00,6600,6600,6600,6600,0
2022-05-05 09:17:00,6600,6600,6600,6600,0
2022-05-05 09:18:00,6600,6600,6600,6600,0
2022-05-05 09:19:00,6600,6600,6600,6600,0
2022-05-05 09:20:00,6600,6600,6600,6600,0
2022-05-05 09:21:00,6600,6600,6600,6600,0
2022-05-05 09:22:00,6600,6600,6600,6600,0
2022-05-05 09:23:00,6600,6600,6600,6600,0
2022-05-05 09:24:00,6600,6600,6600,6600,0
2022-05-05 09:25:00,6600,6600,6600,6600,0
2022-05-05 09:26:00,6600,6600,6600,6600,0
2022-05-05 09:27:00,6600,6600,6600,6600,0
2022-05-05 09:28:00,6600,6600,6600,6600,0
2022-05-05 09:29:00,6600,6600,6600,6600,0
2022-05-05 09:30:00,6600,6600,6600,6600,0
2022-05-05 09:31:00,6600,6600,6600,6600,0
2022-05-05 09:32:00,6600,6600,6600,6600,0
2022-05-05 09:33:00,6600,6600,6600,6600,0
2022-05-05 09:34:00,6600,6600,6600,6600,0
2022-05-05 09:35:00,6600,6600,6600,6600,0
2022-05-05 09:36:00,6600,6600,6600,6600,0
2022-05-05 09:37:00,6600,6600,6600,6600,0
2022-05-05 09:38:00,6600,6600,6600,6600,0
2022-05-05 09:39:00,6600,6600,6600,6600,0
2022-05-05 09:40:00,6600,6600,6600,6600,0
2022-05-05 09:41:00,6600,6600,6600,6600,0
2022-05-05 09:42:00,6600,6600,6600,6600,0
2022-05-05 09:43:00,6600,6600,6600,6600,0
2022-05-05 09:44:00,6600,6600,6600,6600,0
2022-05-05 09:45:00,6600,6600,6600,6600,0
2022-05-05 09:46:00,6600,6600,6600,6600,0
2022-05-05 09:47:00,6600,6600,6600,6600,0
2022-05-05 09:48:00,6600,6600,6600,6600,0
2022-05-05 09:49:00,6600,6600,6600,6600,0
2022-05-05 09:50:00,6600,6600,6600,6600,0
2022-05-05 09:51:00,6600,6600,6600,6600,0
2022-05-05 09:52:00,6600,6600,6600,6600,0
2022-05-05 09:53:00,6600,6600,6600,6600,0
2022-05-05 09:54:00,6600,6600,6600,6600,0
2022-05-05 09:55:00,6600,6600,6600,6600,0
2022-05-05 09:56:00,6600,6600,6600,6600,0
2022-05-05 09:57:00,6600,6600,6600,6600,0
2022-05-05 09:58:00,6600,6600,6600,6600,0
2022-05-05 09:59:00,6600,6600,6600,6600,0
2022-05-05 10:00:00,6600,6600,6600,6600,0
2022-05-05 10:01:00,6600,6600,6600,6600,0
2022-05-05 10:02:00,6600,6600,6600,6600,0
2022-05-05 10:03:00,6600,6600,6600,6600,0
2022-05-05 10:04:00,6600,6600,6600,6600,0
2022-05-05 10:05:00,6600,6600,6600,6600,0
2022-05-05 10:06:00,6600,6600,6600,6600,0
2022-05-05 10:07:00,6600,6600,6600,6600,0
2022-05-05 10:08:00,6600,6600,6600,6600,0
2022-05-05 10:09:00,6600,6600,6600,6600,0
2022-05-05 10:10:00,6600,6600,6600,6600,0
2022-05-05 10:11:00,6600,6600,6600,6600,0
2022-05-05 10:12:00,6600,6600,6600,6600,0
2022-05-05 10:13:00,6600,6600,6600,6600,0
2022-05-05 10:14:00,6600,6600,6600,6600,0
2022-05-05 10:15:00,6600,6600,6600,6600,0
2022-05-05 10:16:00,6600,6600,6600,6600,0
2022-05-05 10:17:00,6600,6600,6600,6600,0
2022-05-05 10:18:00,6600,6600,6600,6600,0
2022-05-05 10:19:00,6600,6600,6600,6600,0
2022-05-05 10:20:00,6600,6600,6600,6600,0
2022-05-05 10:21:00,6600,6600,6600,6600,0
2022-05-05 10:22:00,6600,6600,6600,6600,0
2022-05-05 10:23:00,6600,6600,6600,6600,0
2022-05-05 10:24:00,6600,6600,6600,6600,0
2022-05-05 10:25:00,6600,6600,6600,6600,0
2022-05-05 10:26:00,6600,6600,6600,6600,0
2022-05-05 10:27:00,6600,6600,6600,6600,0
2022-05-05 10:28:00,6600,6600,6600,6600,0
2022-05-05 10:29:00,6600,6600,6600,6600,0
2022-05-05 10:30:00,6600,6600,6600,6600,0
2022-05-05 10:31:00,6600,6600,6600,6600,0
2022-05-05 10:32:00,6600,6600,6600,6600,0
2022-05-05 10:33:00,6600,6600,6600,6600,0
2022-05-05 10:34:00,6600,6600,6600,6600,0
2022-05-05 10:35:00,6600,6600,6600,6600,0
2022-05-05 10:36:00,6600,6600,6600,6600,0
2022-05-05 10:37:00,6600,6600,6600,6600,0
2022-05-05 10:38:00,6600,6600,6600,6600,0
2022-05-05 10:39:00,6600,6600,6600,6600,0
2022-05-05 10:40:00,6600,6600,6600,6600,0
2022-05-05 10:41:00,6600,6600,6600,6600,0
2022-05-05 10:42:00,6600,6600,6600,6600,0
2022-05-05 10:43:00,6600,6600,6600,6600,0
2022-05-05 10:44:00,6600,6600,6600,6600,0
2022-05-05 10:45:00,6600,6600,6600,6600,0
2022-05-05 10:46:00,6600,6600,6600,6600,0
2022-05-05 10:47:00,6600,6600,6600,6600,0
2022-05-05 10:48:00,6600,6600,6600,6600,0
2022-05-05 10:49:00,6600,6600,6600,6600,0
2022-05-05 10:50:00,6600,6600,6600,6600,0
2022-05-05 10:51:00,6600,6600,6600,6600,0
2022-05-05 10:52:00,6600,6600,6600,6600,0
2022-05-05 10:53:00,6600,6600,6600,6600,0
2022-05-05 10:54:00,6600,6600,6600,6600,0
2022-05-05 10:55:00,6600,6600,6600,6600,0
2022-05-05 10:56:00,6600,6600,6600,6600,0
2022-05-05 10:57:00,6600,6600,6600,6600,0
2022-05-05 10:58:00,6600,6600,6600,6600,0
2022-05-05 10:59:00,6600,6600,6600,6600,0
2022-05-05 11:00:00,6600,6600,6600,6600,0
2022-05-05 11:01:00,6600,6600,6600,6600,0
2022-05-05 11:02:00,6600,6600,6600,6600,0
2022-05-05 11:03:00,6600,6600,6600,6600,0
2022-05-05 11:04:00,6600,6600,6600,6600,0
2022-05-05 11:05:00,6600,6600,6600,6600,0
2022-05-05 11:06:00,6600,6600,6600,6600,0
2022-05-05 11:07:00,6600,6600,6600,6600,0
2022-05-05 11:08:00,6600,6600,6600,6600,0
2022-05-05 11:09:00,6600,6600,6600,6600,0
2022-05-05 11:10:00,6600,6600,6600,6600,0
2022-05-05 11:11:00,6600,6600,6600,6600,0
2022-05-05 11:12:00,6600,6600,6600,6600,0
2022-05-05 11:13:00,6600,6600,6600,6600,0
2022-05-05 11:14:00,6600,6600,6600,6600,0
2022-05-05 11:15:00,6600,6600,6600,6600,0
2022-05-05 11:16:00,6600,6600,6600,6600,0
2022-05-05 11:17:00,6600,6600,6600,6600,0
2022-05-05 11:18:00,6600,6600,6600,6600,0
2022-05-05 11:19:00,6600,6600,6600,6600,0
2022-05-05 11:20:00,6600,6600,6600,6600,0
2022-05-05 11:21:00,6600,6600,6600,6600,0
2022-05-05 11:22:00,6600,6600,6600,6600,0
2022-05-05 11:23:00,6600,6600,6600,6600,0
2022-05-05 11:24:00,6600,6600,6600,6600,0
2022-05-05 11:25:00,6600,6600,6600,6600,0
2022-05-05 11:26:00,6600,6600,6600,6600,0
2022-05-05 11:27:00,6600,6600,6600,6600,0
2022-05-05 11:28:00,6600,6600,6600,6600,0
2022-05-05 11:29:00,6600,6600,6600,6600,0
2022-05-05 11:30:00,6600,6600,6600,6600,0
2022-05-05 11:31:00,6600,6600,6600,6600,0
2022-05-05 11:32:00,6600,6600,6600,6600,0
2022-05-05 11:33:00,6600,6600,6600,6600,0
2022-05-05 11:34:00,6600,6600,6600,6600,0
2022-05-05 11:35:00,6600,6600,6600,6600,0
2022-05-05 11:36:00,6600,6600,6600,6600,0
2022-05-05 11:37:00,6600,6600,6600,6600,0
2022-05-05 11:38:00,6600,6600,6600,6600,0
2022-05-05 11:39:00,6600,6600,6600,6600,0
2022-05-05 11:40:00,6600,6600,6600,6600,0
2022-05-05 11:41:00,6600,6600,6600,6600,0
2022-05-05 11:42:00,6600,6600,6600,6600,0
2022-05-05 11:43:00,6600,6600,6600,6600,0
2022-05-05 11:44:00,6600,6600,6600,6600,0
2022-05-05 11:45:00,6600,6600,6600,6600,0
2022-05-05 11:46:00,6600,6600,6600,6600,0
2022-05-05 11:47:00,6600,6600,6600,6600,0
2022-05-05 11:48:00,6600,6600,6600,6600,0
2022-05-05 11:49:00,6600,6600,6600,6600,0
2022-05-05 11:50:00,6600,6600,6600,6600,0
2022-05-05 11:51:00,6600,6600,6600,6600,0
2022-05-05 11:52:00,6600,6600,6600,6600,0
2022-05-05 11:53:00,6600,6600,6600,6600,0
2022-05-05 11:54:00,6600,6600,6600,6600,0
2022-05-05 11:55:00,6600,6600,6600,6600,0
2022-05-05 11:56:00,6600,6600,6600,6600,0
2022-05-05 11:57:00,6600,6600,6600,6600,0
2022-05-05 11:58:00,6600,6600,6600,6600,0
2022-05-05 11:59:00,6600,6600,6600,6600,0
2022-05-05 12:00:00,6600,6600,6600,6600,0
2022-05-05 12:01:00,6600,6600,6600,6600,0
2022-05-05 12:02:00,6600,6600,6600,6600,0
2022-05-05 12:03:00,6600,6600,6600,6600,0
2022-05-05 12:04:00,6600,6600,6600,6600,0
2022-05-05 12:05:00,6600,6600,6600,6600,0
2022-05-05 12:06:00,6600,6600,6600,6600,0
2022-05-05 12:07:00,6600,6600,6600,6600,0
2022-05-05 12:08:00,6600,6600,6600,6600,0
2022-05-05 12:09:00,6600,6600,6600,6600,0
2022-05-05 12:10:00,6600,6600,6600,6600,0
2022-05-05 12:11:00,6600,6600,6600,6600,0
2022-05-05 12:12:00,6600,6600,6600,6600,0
2022-05-05 12:13:00,6600,6600,6600,6600,0
2022-05-05 12:14:00,6600,6600,6600,6600,0
2022-05-05 12:15:00,6600,6600,6600,6600,0
2022-05-05 12:16:00,6600,6600,6600,6600,0
2022-05-05 12:17:00,6600,6600,6600,6600,0
2022-05-05 12:18:00,6600,6600,6600,6600,0
2022-05-05 12:19:00,6600,6600,6600,6600,0
2022-05-05 12:20:00,6600,6600,6600,6600,0
2022-05-05 12:21:00,6600,6600,6600,6600,0
2022-05-05 12:22:00,6600,6600,6600,6600,0
2022-05-05 12:23:00,6600,6600,6600,6600,0
2022-05-05 12:24:00,6600,6600,6600,6600,0
2022-05-05 12:25:00,6600,6600,6600,6600,0
2022-05-05 12:26:00,6600,6600,6600,6600,0
2022-05-05 12:27:00,6600,6600,6600,6600,0
2022-05-05 12:28:00,6600,6600,6600,6600,0
2022-05-05 12:29:00,6600,6600,6600,6600,0
2022-05-05 12:30:00,6600,6600,6600,6600,0
2022-05-05 12:31:00,6600,6600,6600,6600,0
2022-05-05 12:32:00,6600,6600,6600,6600,0
2022-05-05 12:33:00,6600,6600,6600,6600,0
2022-05-05 12:34:00,6600,6600,6600,6600,0
2022-05-05 12:35:00,6600,6600,6600,6600,0
2022-05-05 12:36:00,6600,6600,6600,6600,0
2022-05-05 12:37:00,6600,6600,6600,6600,0
2022-05-05 12:38:00,6600,6600,6600,6600,0
2022-05-05 12:39:00,6600,6600,6600,6600,0
2022-05-05 12:40:00,6600,6600,6600,6600,0
2022-05-05 12:41:00,6600,6600,6600,6600,0
2022-05-05 12:42:00,6600,6600,6600,6600,0
2022-05-05 12:43:00,6600,6600,6600,6600,0
2022-05-05 12:44:00,6600,6600,6600,6600,0
2022-05-05 12:45:00,6600,6600,6600,6600,0
2022-05-05 12:46:00,6600,6600,6600,6600,0
2022-05-05 12:47:00,6600,6600,6600,6600,0
2022-05-05 12:48:00,6600,6600,6600,6600,0
2022-05-05 12:49:00,6600,6600,6600,6600,0
2022-05-05 12:50:00,6600,6600,6600,6600,0
2022-05-05 12:51:00,6600,6600,6600,6600,0
2022-05-05 12:52:00,6600,6600,6600,6600,0
2022-05-05 12:53:00,6600,6600,6600,6600,0
2022-05-05 12:54:00,6600,6600,6600,6600,0
2022-05-05 12:55:00,6600,6600,6600,6600,0
2022-05-05 12:56:00,6600,6600,6600,6600,0
2022-05-05 12:57:00,6600,6600,6600,6600,0
2022-05-05 12:58:00,6600,6600,6600,6600,0
2022-05-05 12:59:00,6600,6600,6600,6600,0
2022-05-05 13:00:00,6600,6600,6600,6600,0
2022-05-05 13:01:00,6600,6600,6600,6600,0
2022-05-05 13:02:00,6600,6600,6600,6600,0
2022-05-05 13:03:00,6600,6600,6600,6600,0
2022-05-05 13:04:00,6600,6600,6600,6600,0
2022-05-05 13:05:00,6600,6600,6600,6600,0
2022-05-05 13:06:00,6600,6600,6600,6600,0
2022-05-05 13:07:00,6600,6600,6600,6600,0
2022-05-05 13:08:00,6600,6600,6600,6600,0
2022-05-05 13:09:00,6600,6600,6600,6600,0
2022-05-05 13:10:00,6600,6600,6600,6600,0
2022-05-05 13:11:00,6600,6600,6600,6600,0
2022-05-05 13:12:00,6600,6600,6600,6600,0
2022-05-05 13:13:00,6600,6600,6600,6600,0
2022-05-05 13:14:00,6600,6600,6600,6600,0
2022-05-05 13:15:00,6600,6600,6600,6600,0
2022-05-05 13:16:00,6600,6600,6600,6600,0
2022-05-05 13:17:00,6600,6600,6600,6600,0
2022-05-05 13:18:00,6600,6600,6600,6600,0
2022-05-05 13:19:00,6600,6600,6600,6600,0
2022-05-05 13:20:00,6600,6600,6600,6600,0
2022-05-05 13:21:00,6600,6600,6600,6600,0
2022-05-05 13:22:00,6600,6600,6600,6600,0
2022-05-05 13:23:00,6600,6600,6600,6600,0
2022-05-05 13:24:00,6600,6600,6600,6600,0
2022-05-05 13:25:00,6600,6600,6600,6600,0
2022-05-05 13:26:00,6600,6600,6600,6600,0
2022-05-05 13:27:00,6600,6600,6600,6600,0
2022-05-05 13:28:00,6600,6600,6600,6600,0
2022-05-05 13:29:00,6600,6600,6600,6600,0
2022-05-05 13:30:00,6600,6600,6600,6600,0
2022-05-05 13:31:00,6600,6600,6600,6600,0
2022-05-05 13:32:00,6600,6600,6600,6600,0
2022-05-05 13:33:00,6600,6600,6600,6600,0
2022-05-05 13:34:00,6600,6600,6600,6600,0
2022-05-05 13:35:00,6600,6600,6600,6600,0
2022-05-05 13:36:00,6600,6600,6600,6600,0
2022-05-05 13:37:00,6600,6600,6600,6600,0
2022-05-05 13:38:00,6600,6600,6600,6600,0
2022-05-05 13:39:00,6600,6600,6600,6600,0
2022-05-05 13:40:00,6600,6600,6600,6600,0
2022-05-05 13:41:00,6600,6600,6600,6600,0
2022-05-05 13:42:00,6600,6600,6600,6600,0
2022-05-05 13:43:00,6600,6600,6600,6600,0
2022-05-05 13:44:00,6600,6600,6600,6600,0
2022-05-05 13:45:00,6600,6600,6600,6600,0
2022-05-05 13:46:00,6600,6600,6600,6600,0
2022-05-05 13:47:00,6600,6600,6600,6600,0
2022-05-05 13:48:00,6600,6600,6600,6600,0
2022-05-05 13:49:00,6600,6600,6600,6600,0
2022-05-05 13:50:00,6600,6600,6600,6600,0
2022-05-05 13:51:00,6600,6600,6600,6600,0
2022-05-05 13:52:00,6600,6600,6600,6600,0
2022-05-05 13:53:00,6600,6600,6600,6600,0
2022-05-05 13:54:00,6600,6600,6600,6600,0
2022-05-05 13:55:00,6600,6600,6600,6600,0
2022-05-05 13:56:00,6600,6600,6600,6600,0
2022-05-05 13:57:00,6600,6600,6600,6600,0
2022-05-05 13:58:00,6600,6600,6600,6600,0
2022-05-05 13:59:00,6600,6600,6600,6600,0
2022-05-05 14:00:00,6600,6600,6600,6600,0
2022-05-05 14:01:00,6600,6600,6600,6600,0
2022-05-05 14:02:00,6600,6600,6600,6600,0
2022-05-05 14:03:00,6600,6600,6600,6600,0
2022-05-05 14:04:00,6600,6600,6600,6600,0
2022-05-05 14:05:00,6600,6600,6600,6600,0
2022-05-05 14:06:00,6600,6600,6600,6600,0
2022-05-05 14:07:00,6600,6600,6600,6600,0
2022-05-05 14:08:00,6600,6600,6600,6600,0
2022-05-05 14:09:00,6600,6600,6600,6600,0
2022-05-05 14:10:00,6600,6600,6600,6600,0
2022-05-05 14:11:00,6600,6600,6600,6600,0
2022-05-05 14:12:00,6600,6600,6600,6600,0
2022-05-05 14:13:00,6600,6600,6600,6600,0
2022-05-05 14:14:00,6600,6600,6600,6600,0
2022-05-05 14:15:00,6600,6600,6600,6600,0
2022-05-05 14:16:00,6600,6600,6600,6600,0
2022-05-05 14:17:00,6600,6600,6600,6600,0
2022-05-05 14:18:00,6600,6600,6600,6600,0
2022-05-05 14:19:00,6600,6600,6600,6600,0
2022-05-05 14:20:00,6600,6600,6600,6600,0
2022-05-05 14:21:00,6600,6600,6600,6600,0
2022-05-05 14:22:00,6600,6600,6600,6600,0
2022-05-05 14:23:00,6600,6600,6600,6600,0
2022-05-05 14:24:00,6600,6600,6600,6600,0
2022-05-05 14:25:00,6600,6600,6600,6600,0
2022-05-05 14:26:00,6600,6600,6600,6600,0
2022-05-05 14:27:00,6600,6600,6600,6600,0
2022-05-05 14:28:00,6600,6600,6600,6600,0
2022-05-05 14:29:00,6600,6600,6600,6600,0
2022-05-05 14:30:00,6600,6600,6600,6600,0
2022-05-05 14:31:00,6600,6600,6600,6600,0
2022-05-05 14:32:00,6600,6600,6600,6600,0
2022-05-05 14:33:00,6600,6600,6600,6600,0
2022-05-05 14:34:00,6600,6600,6600,6600,0
2022-05-05 14:35:00,6600,6600,6600,6600,0
2022-05-05 14:36:00,6600,6600,6600,6600,0
2022-05-05 14:37:00,6600,6600,6600,6600,0
2022-05-05 14:38:00,6600,6600,6600,6600,0
2022-05-05 14:39:00,6600,6600,6600,6600,0
2022-05-05 14:40:00,6600,6600,6600,6600,0
2022-05-05 14:41:00,6600,6600,6600,6600,0
2022-05-05 14:42:00,6600,6600,6600,6600,0
2022-05-05 14:43:00,6600,6600,6600,6600,0
2022-05-05 14:44:00,6600,6600,6600,6600,0
2022-05-05 14:45:00,6600,6600,6600,6600,0
2022-05-05 14:46:00,6600,6600,6600,6600,0
2022-05-05 14:47:00,6600,6600,6600,6600,0
2022-05-05 14:48:00,6600,6600,6600,6600,0
2022-05-05 14:49:00,6600,6600,6600,6600,0
2022-05-05 14:50:00,6600,6600,6600,6600,0
2022-05-05 14:51:00,6600,6600,6600,6600,0
2022-05-05 14:52:00,6600,6600,6600,6600,0
2022-05-05 14:53:00,6600,6600,6600,6600,0
2022-05-05 14:54:00,6600,6600,6600,6600,0
2022-05-05 14:55:00,6600,6600,6600,6600,0
2022-05-05 14:56:00,6600,6600,6600,6600,0
2022-05-05 14:57:00,6600,6600,6600,6600,0
2022-05-05 14:58:00,6600,6600,6600,6600,0
2022-05-05 14:59:00,6600,6600,6600,6600,0
2022-05-05 15:00:00,6600,6600,6600,6600,0
2022-05-05 15:01:00,6600,6600,6600,6600,0
2022-05-05 15:02:00,6600,6600,6600,6600,0
2022-05-05 15:03:00,6600,6600,6600,6600,0
2022-05-05 15:04:00,6600,6600,6600,6600,0
2022-05-05 15:05:00,6600,6600,6600,6600,0
2022-05-05 15:06:00,6600,6600,6600,6600,0
2022-05-05 15:07:00,6600,6600,6600,6600,0
2022-05-05 15:08:00,6600,6600,6600,6600,0
2022-05-05 15:09:00,6600,6600,6600,6600,0
2022-05-05 15:10:00,6600,6600,6600,6600,0
2022-05-05 15:11:00,6600,6600,6600,6600,0
2022-05-05 15:12:00,6600,6600,6600,6600,0
2022-05-05 15:13:00,6600,6600,6600,6600,0
2022-05-05 15:14:00,6600,6600,6600,6600,0
2022-05-05 15:15:00,6600,6600,6600,6600,0
2022-05-05 15:16:00,6600,6600,6600,6600,0
2022-05-05 15:17:00,6600,6600,6600,6600,0
2022-05-05 15:18:00,6600,6600,6600,6600,0
2022-05-05 15:19:00,6600,6600,6600,6600,0
2022-05-05 15:20:00,6600,6600,6600,6600,0
2022-05-05 15:21:00,6600,6600,6600,6600,0
2022-05-05 15:22:00,6600,6600,6600,6600,0
2022-05-05 15:23:00,6600,6600,6600,6600,0
2022-05-05 15:24:00,6600,6600,6600,6600,0
2022-05-05 15:25:00,6600,6600,6600,6600,0
2022-05-05 15:26:00,6600,6600,6600,6600,0
2022-05-05 15:27:00,6600,6600,6600,6600,0
2022-05-05 15:28:00,6600,6600,6600,6600,0
2022-05-05 15:29:00,6600,6600,6600,6600,0
2022-05-05 15:30:00,6600,6600,6600,6600,0
2022-05-05 15:31:00,6600,6600,6600,6600,0
2022-05-05 15:32:00,6600,6600,6600,6600,0
2022-05-05 15:33:00,6600,6600,6600,6600,0
2022-05-05 15:34:00,6600,6600,6600,6600,0
2022-05-05 15:35:00,6600,6600,6600,6600,0
2022-05-05 15:36:00,6600,6600,6600,6600,0
2022-05-05 15:37:00,6600,6600,6600,6600,0
2022-05-05 15:38:00,6600,6600,6600,6600,0
2022-05-05 15:39:00,6600,6600,6600,6600,0
2022-05-05 15:40:00,6600,6600,6600,6600,0
2022-05-05 15:41:00,6600,6600,6600,6600,0
2022-05-05 15:42:00,6600,6600,6600,6600,0
2022-05-05 15:43:00,6600,6600,6600,6600,0
2022-05-05 15:44:00,6600,6600,6600,6600,0
2022-05-05 15:45:00,6600,6600,6600,6600,0
2022-05-05 15:46:00,6600,6600,6600,6600,0
2022-05-05 15:47:00,6600,6600,6600,6600,0
2022-05-05 15:48:00,6600,6600,6600,6600,0
2022-05-05 15:49:00,6600,6600,6600,6600,0
2022-05-05 15:50:00,6600,6600,6600,6600,0
2022-05-05 15:51:00,6600,6600,6600,6600,0
2022-05-05 15:52:00,6600,6600,6600,6600,0
2022-05-05 15:53:00,6600,6600,6600,6600,0
2022-05-05 15:54:00,6600,6600,6600,6600,0
2022-05-05 15:55:00,6600,6600,6600,6600,0
2022-05-05 15:56:00,6600,6600,6600,6600,0
2022-05-05 15:57:00,6600,6600,6600,6600,0
2022-05-05 15:58:00,6600,6600,6600,6600,0
2022-05-05 15:59:00,6600,6600,6600,6600,0
2022-05-06 09:00:00,6600,6600,6600,6600,0
2022-05-06 09:01:00,6600,6600,6600,6600,0
2022-05-06 09:02:00,6600,6600,6600,6600,0
2022-05-06 09:03:00,6600,6600,6600,6600,0
2022-05-06 09:04:00,6600,6600,6600,6600,0
2022-05-06 09:05:00,6600,6600,6600,6600,0
2022-05-06 09:06:00,6600,6600,6600,6600,0
2022-05-06 09:07:00,6600,6600,6600,6600,0
2022-05-06 09:08:00,6600,6600,6600,6600,0
2022-05-06 09:09:00,6600,6600,6600,6600,0
2022-05-06 09:10:00,6600,6600,6600,6600,0
2022-05-06 09:11:00,6600,6600,6600,6600,0
2022-05-06 09:12:00,6600,6600,6600,6600,0
2022-05-06 09:13:00,6600,6600,6600,6600,0
2022-05-06 09:14:00,6600,6600,6600,6600,0
2022-05-06 09:15:00,6600,6600,6600,6600,0
2022-05-06 09:16:00,6600,6600,6600,6600,0
2022-05-06 09:17:00,6600,6600,6600,6600,0
2022-05-06 09:18:00,6600,6600,6600,6600,0
2022-05-06 09:19:00,6600,6600,6600,6600,0
2022-05-06 09:20:00,6600,6600,6600,6600,0
2022-05-06 09:21:00,6600,6600,6600,6600,0
2022-05-06 09:22:00,6600,6600,6600,6600,0
2022-05-06 09:23:00,6600,6600,6600,6600,0
2022-05-06 09:24:00,6600,6600,6600,6600,0
2022-05-06 09:25:00,6600,6600,6600,6600,0
2022-05-06 09:26:00,6600,6600,6600,6600,0
2022-05-06 09:27:00,6600,6600,6600,6600,0
2022-05-06 09:28:00,6600,6600,6600,6600,0
2022-05-06 09:29:00,6600,6600,6600,6600,0
2022-05-06 09:30:00,6600,6600,6600,6600,0
2022-05-06 09:31:00,6600,6600,6600,6600,0
2022-05-06 09:32:00,6600,6600,6600,6600,0
2022-05-06 09:33:00,6600,6600,6600,6600,0
2022-05-06 09:34:00,6600,6600,6600,6600,0
2022-05-06 09:35:00,6600,6600,6600,6600,0
2022-05-06 09:36:00,6600,6600,6600,6600,0
2022-05-06 09:37:00,6600,6600,6600,6600,0
2022-05-06 09:38:00,6600,6600,6600,6600,0
2022-05-06 09:39:00,6600,6600,6600,6600,0
2022-05-06 09:40:00,6600,6600,6600,6600,0
2022-05-06 09:41:00,6600,6600,6600,6600,0
2022-05-06 09:42:00,6600,6600,6600,6600,0
2022-05-06 09:43:00,6600,6600,6600,6600,0
2022-05-06 09:44:00,6600,6600,6600,6600,0
2022-05-06 09:45:00,6600,6600,6600,6600,0
2022-05-06 09:46:00,6600,6600,6600,6600,0
2022-05-06 09:47:00,6600,6600,6600,6600,0
2022-05-06 09:48:00,6600,6600,6600,6600,0
2022-05-06 09:49:00,6600,6600,6600,6600,0
2022-05-06 09:50:00,6600,6600,6600,6600,0
2022-05-06 09:51:00,6600,6600,6600,6600,0
2022-05-06 09:52:00,6600,6600,6600,6600,0
2022-05-06 09:53:00,6600,6600,6600,6600,0
2022-05-06 09:54:00,6600,6600,6600,6600,0
2022-05-06 09:55:00,6600,6600,6600,6600,0
2022-05-06 09:56:00,6600,6600,6600,6600,0
2022-05-06 09:57:00,6600,6600,6600,6600,0
2022-05-06 09:58:00,6600,6600,6600,6600,0
2022-05-06 09:59:00,6600,6600,6600,6600,0
2022-05-06 10:00:00,6600,6600,6600,6600,0
2022-05-06 10:01:00,6600,6600,6600,6600,0
2022-05-06 10:02:00,6600,6600,6600,6600,0
2022-05-06 10:03:00,6600,6600,6600,6600,0
2022-05-06 10:04:00,6600,6600,6600,6600,0
2022-05-06 10:05:00,6600,6600,6600,6600,0
2022-05-06 10:06:00,6600,6600,6600,6600,0
2022-05-06 10:07:00,6600,6600,6600,6600,0
2022-05-06 10:08:00,6600,6600,6600,6600,0
2022-05-06 10:09:00,6600,6600,6600,6600,0
2022-05-06 10:10:00,6600,6600,6600,6600,0
2022-05-06 10:11:00,6600,6600,6600,6600,0
2022-05-06 10:12:00,6600,6600,6600,6600,0
2022-05-06 10:13:00,6600,6600,6600,6600,0
2022-05-06 10:14:00,6600,6600,6600,6600,0
2022-05-06 10:15:00,6600,6600,6600,6600,0
2022-05-06 10:16:00,6600,6600,6600,6600,0
2022-05-06 10:17:00,6600,6600,6600,6600,0
2022-05-06 10:18:00,6600,6600,6600,6600,0
2022-05-06 10:19:00,6600,6600,6600,6600,0
2022-05-06 10:20:00,6600,6600,6600,6600,0
2022-05-06 10:21:00,6600,6600,6600,6600,0
2022-05-06 10:22:00,6600,6600,6600,6600,0
2022-05-06 10:23:00,6600,6600,6600,6600,0
2022-05-06 10:24:00,6600,6600,6600,6600,0
2022-05-06 10:25:00,6600,6600,6600,6600,0
2022-05-06 10:26:00,6600,6600,6600,6600,0
2022-05-06 10:27:00,6600,6600,6600,6600,0
2022-05-06 10:28:00,6600,6600,6600,6600,0
2022-05-06 10:29:00,6600,6600,6600,6600,0
2022-05-06 10:30:00,6600,6600,6600,6600,0
2022-05-06 10:31:00,6600,6600,6600,6600,0
2022-05-06 10:32:00,6600,6600,6600,6600,0
2022-05-06 10:33:00,6600,6600,6600,6600,0
2022-05-06 10:34:00,6600,6600,6600,6600,0
2022-05-06 10:35:00,6600,6600,6600,6600,0
2022-05-06 10:36:00,6600,6600,6600,6600,0
2022-05-06 10:37:00,6600,6600,6600,6600,0
2022-05-06 10:38:00,6600,6600,6600,6600,0
2022-05-06 10:39:00,6600,6600,6600,6600,0
2022-05-06 10:40:00,6600,6600,6600,6600,0
2022-05-06 10:41:00,6600,6600,6600,6600,0
2022-05-06 10:42:00,6600,6600,6600,6600,0
2022-05-06 10:43:00,6600,6600,6600,6600,0
2022-05-06 10:44:00,6600,6600,6600,6600,0
2022-05-06 10:45:00,6600,6600,6600,6600,0
2022-05-06 10:46:00,6600,6600,6600,6600,0
2022-05-06 10:47:00,6600,6600,6600,6600,0
2022-05-06 10:48:00,6600,6600,6600,6600,0
2022-05-06 10:49:00,6600,6600,6600,6600,0
2022-05-06 10:50:00,6600,6600,6600,6600,0
2022-05-06 10:51:00,6600,6600,6600,6600,0
2022-05-06 10:52:00,6600,6600,6600,6600,0
2022-05-06 10:53:00,6600,6600,6600,6600,0
2022-05-06 10:54:00,6600,6600,6600,6600,0
2022-05-06 10:55:00,6600,6600,6600,6600,0
2022-05-06 10:56:00,6600,6600,6600,6600,0
2022-05-06 10:57:00,6600,6600,6600,6600,0
2022-05-06 10:58:00,6600,6600,6600,6600,0
2022-05-06 10:59:00,6600,6600,6600,6600,0
2022-05-06 11:00:00,6600,6600,6600,6600,0
2022-05-06 11:01:00,6600,6600,6600,6600,0
2022-05-06 11:02:00,6600,6600,6600,6600,0
2022-05-06 11:03:00,6600,6600,6600,6600,0
2022-05-06 11:04:00,6600,6600,6600,6600,0
2022-05-06 11:05:00,6600,6600,6600,6600,0
2022-05-06 11:06:00,6600,6600,6600,6600,0
2022-05-06 11:07:00,6600,6600,6600,6600,0
2022-05-06 11:08:00,6600,6600,6600,6600,0
2022-05-06 11:09:00,6600,6600,6600,6600,0
2022-05-06 11:10:00,6600,6600,6600,6600,0
2022-05-06 11:11:00,6600,6600,6600,6600,0
2022-05-06 11:12:00,6600,6600,6600,6600,0
2022-05-06 11:13:00,6600,6600,6600,6600,0
2022-05-06 11:14:00,6600,6600,6600,6600,0
2022-05-06 11:15:00,6600,6600,6600,6600,0
2022-05-06 11:16:00,6600,6600,6600,6600,0
2022-05-06 11:17:00,6600,6600,6600,6600,0
2022-05-06 11:18:00,6600,6600,6600,6600,0
2022-05-06 11:19:00,6600,6600,6600,6600,0
2022-05-06 11:20:00,6600,6600,6600,6600,0
2022-05-06 11:21:00,6600,6600,6600,6600,0
2022-05-06 11:22:00,6600,6600,6600,6600,0
2022-05-06 11:23:00,6600,6600,6600,6600,0
2022-05-06 11:24:00,6600,6600,6600,6600,0
2022-05-06 11:25:00,6600,6600,6600,6600,0
2022-05-06 11:26:00,6600,6600,6600,6600,0
2022-05-06 11:27:00,6600,6600,6600,6600,0
2022-05-06 11:28:00,6600,6600,6600,6600,0
2022-05-06 11:29:00,6600,6600,6600,6600,0
2022-05-06 11:30:00,6600,6600,6600,6600,0
2022-05-06 11:31:00,6600,6600,6600,6600,0
2022-05-06 11:32:00,6600,6600,6600,6600,0
2022-05-06 11:33:00,6600,6600,6600,6600,0
2022-05-06 11:34:00,6600,6600,6600,6600,0
2022-05-06 11:35:00,6600,6600,6600,6600,0
2022-05-06 11:36:00,6600,6600,6600,6600,0
2022-05-06 11:37:00,6600,6600,6600,6600,0
2022-05-06 11:38:00,6600,6600,6600,6600,0
2022-05-06 11:39:00,6600,6600,6600,6600,0
2022-05-06 11:40:00,6600,6600,6600,6600,0
2022-05-06 11:41:00,6600,6600,6600,6600,0
2022-05-06 11:42:00,6600,6600,6600,6600,0
2022-05-06 11:43:00,6600,6600,6600,6600,0
2022-05-06 11:44:00,6600,6600,6600,6600,0
2022-05-06 11:45:00,6600,6600,6600,6600,0
2022-05-06 11:46:00,6600,6600,6600,6600,0
2022-05-06 11:47:00,6600,6600,6600,6600,0
2022-05-06 11:48:00,6600,6600,6600,6600,0
2022-05-06 11:49:00,6600,6600,6600,6600,0
2022-05-06 11:50:00,6600,6600,6600,6600,0
2022-05-06 11:51:00,6600,6600,6600,6600,0
2022-05-06 11:52:00,6600,6600,6600,6600,0
2022-05-06 11:53:00,6600,6600,6600,6600,0
2022-05-06 11:54:00,6600,6600,6600,6600,0
2022-05-06 11:55:00,6600,6600,6600,6600,0
2022-05-06 11:56:00,6600,6600,6600,6600,0
2022-05-06 11:57:00,6600,6600,6600,6600,0
2022-05-06 11:58:00,6600,6600,6600,6600,0
2022-05-06 11:59:00,6600,6600,6600,6600,0
2022-05-06 12:00:00,6600,6600,6600,6600,0
2022-05-06 12:01:00,6600,6600,6600,6600,0
2022-05-06 12:02:00,6600,6600,6600,6600,0
2022-05-06 12:03:00,6600,6600,6600,6600,0
2022-05-06 12:04:00,6600,6600,6600,6600,0
2022-05-06 12:05:00,6600,6600,6600,6600,0
2022-05-06 12:06:00,6600,6600,6600,6600,0
2022-05-06 12:07:00,6600,6600,6600,6600,0
2022-05-06 12:08:00,6600,6600,6600,6600,0
2022-05-06 12:09:00,6600,6600,6600,6600,0
2022-05-06 12:10:00,6600,6600,6600,6600,0
2022-05-06 12:11:00,6600,6600,6600,6600,0
2022-05-06 12:12:00,6600,6600,6600,6600,0
2022-05-06 12:13:00,6600,6600,6600,6600,0
2022-05-06 12:14:00,6600,6600,6600,6600,0
2022-05-06 12:15:00,6600,6600,6600,6600,0
2022-05-06 12:16:00,6600,6600,6600,6600,0
2022-05-06 12:17:00,6600,6600,6600,6600,0
2022-05-06 12:18:00,6600,6600,6600,6600,0
2022-05-06 12:19:00,6600,6600,6600,6600,0
2022-05-06 12:20:00,6600,6600,6600,6600,0
2022-05-06 12:21:00,6600,6600,6600,6600,0
2022-05-06 12:22:00,6600,6600,6600,6600,0
2022-05-06 12:23:00,6600,6600,6600,6600,0
2022-05-06 12:24:00,6600,6600,6600,6600,0
2022-05-06 12:25:00,6600,6600,6600,6600,0
2022-05-06 12:26:00,6600,6600,6600,6600,0
2022-05-06 12:27:00,6600,6600,6600,6600,0
2022-05-06 12:28:00,6600,6600,6600,6600,0
2022-05-06 12:29:00,6600,6600,6600,6600,0
2022-05-06 12:30:00,6600,6600,6600,6600,0
2022-05-06 12:31:00,6600,6600,6600,6600,0
2022-05-06 12:32:00,6600,6600,6600,6600,0
2022-05-06 12:33:00,6600,6600,6600,6600,0
2022-05-06 12:34:00,6600,6600,6600,6600,0
2022-05-06 12:35:00,6600,6600,6600,6600,0
2022-05-06 12:36:00,6600,6600,6600,6600,0
2022-05-06 12:37:00,6600,6600,6600,6600,0
2022-05-06 12:38:00,6600,6600,6600,6600,0
2022-05-06 12:39:00,6600,6600,6600,6600,0
2022-05-06 12:40:00,6600,6600,6600,6600,0
2022-05-06 12:41:00,6600,6600,6600,6600,0
2022-05-06 12:42:00,6600,6600,6600,6600,0
2022-05-06 12:43:00,6600,6600,6600,6600,0
2022-05-06 12:44:00,6600,6600,6600,6600,0
2022-05-06 12:45:00,6600,6600,6600,6600,0
2022-05-06 12:46:00,6600,6600,6600,6600,0
2022-05-06 12:47:00,6600,6600,6600,6600,0
2022-05-06 12:48:00,6600,6600,6600,6600,0
2022-05-06 12:49:00,6600,6600,6600,6600,0
2022-05-06 12:50:00,6600,6600,6600,6600,0
2022-05-06 12:51:00,6600,6600,6600,6600,0
2022-05-06 12:52:00,6600,6600,6600,6600,0
2022-05-06 12:53:00,6600,6600,6600,6600,0
2022-05-06 12:54:00,6600,6600,6600,6600,0
2022-05-06 12:55:00,6600,6600,6600,6600,0
2022-05-06 12:56:00,6600,6600,6600,6600,0
2022-05-06 12:57:00,6600,6600,6600,6600,0
2022-05-06 12:58:00,6600,6600,6600,6600,0
2022-05-06 12:59:00,6600,6600,6600,6600,0
2022-05-06 13:00:00,6600,6600,6600,6600,0
2022-05-06 13:01:00,6600,6600,6600,6600,0
2022-05-06 13:02:00,6600,6600,6600,6600,0
2022-05-06 13:03:00,6600,6600,6600,6600,0
2022-05-06 13:04:00,6600,6600,6600,6600,0
2022-05-06 13:05:00,6600,6600,6600,6600,0
2022-05-06 13:06:00,6600,6600,6600,6600,0
2022-05-06 13:07:00,6600,6600,6600,6600,0
2022-05-06 13:08:00,6600,6600,6600,6600,0
2022-05-06 13:09:00,6600,6600,6600,6600,0
2022-05-06 13:10:00,6600,6600,6600,6600,0
2022-05-06 13:11:00,6600,6600,6600,6600,0
2022-05-06 13:12:00,6600,6600,6600,6600,0
2022-05-06 13:13:00,6600,6600,6600,6600,0
2022-05-06 13:14:00,6600,6600,6600,6600,0
2022-05-06 13:15:00,6600,6600,6600,6600,0
2022-05-06 13:16:00,6600,6600,6600,6600,0
2022-05-06 13:17:00,6600,6600,6600,6600,0
2022-05-06 13:18:00,6600,6600,6600,6600,0
2022-05-06 13:19:00,6600,6600,6600,6600,0
2022-05-06 13:20:00,6600,6600,6600,6600,0
2022-05-06 13:21:00,6600,6600,6600,6600,0
2022-05-06 13:22:00,6600,6600,6600,6600,0
2022-05-06 13:23:00,6600,6600,6600,6600,0
2022-05-06 13:24:00,6600,6600,6600,6600,0
2022-05-06 13:25:00,6600,6600,6600,6600,0
2022-05-06 13:26:00,6600,6600,6600,6600,0
2022-05-06 13:27:00,6600,6600,6600,6600,0
2022-05-06 13:28:00,6600,6600,6600,6600,0
2022-05-06 13:29:00,6600,6600,6600,6600,0
2022-05-06 13:30:00,6600,6600,6600,6600,0
2022-05-06 13:31:00,6600,6600,6600,6600,0
2022-05-06 13:32:00,6600,6600,6600,6600,0
2022-05-06 13:33:00,6600,6600,6600,6600,0
2022-05-06 13:34:00,6600,6600,6600,6600,0
2022-05-06 13:35:00,6600,6600,6600,6600,0
2022-05-06 13:36:00,6600,6600,6600,6600,0
2022-05-06 13:37:00,6600,6600,6600,6600,0
2022-05-06 13:38:00,6600,6600,6600,6600,0
2022-05-06 13:39:00,6600,6600,6600,6600,0
2022-05-06 13:40:00,6600,6600,6600,6600,0
2022-05-06 13:41:00,6600,6600,6600,6600,0
2022-05-06 13:42:00,6600,6600,6600,6600,0
2022-05-06 13:43:00,6600,6600,6600,6600,0
2022-05-06 13:44:00,6600,6600,6600,6600,0
2022-05-06 13:45:00,6600,6600,6600,6600,0
2022-05-06 13:46:00,6600,6600,6600,6600,0
2022-05-06 13:47:00,6600,6600,6600,6600,0
2022-05-06 13:48:00,6600,6600,6600,6600,0
2022-05-06 13:49:00,6600,6600,6600,6600,0
2022-05-06 13:50:00,6600,6600,6600,6600,0
2022-05-06 13:51:00,6600,6600,6600,6600,0
2022-05-06 13:52:00,6600,6600,6600,6600,0
2022-05-06 13:53:00,6600,6600,6600,6600,0
2022-05-06 13:54:00,6600,6600,6600,6600,0
2022-05-06 13:55:00,6600,6600,6600,6600,0
2022-05-06 13:56:00,6600,6600,6600,6600,0
2022-05-06 13:57:00,6600,6600,6600,6600,0
2022-05-06 13:58:00,6600,6600,6600,6600,0
2022-05-06 13:59:00,6600,6600,6600,6600,0
2022-05-06 14:00:00,6600,6600,6600,6600,0
2022-05-06 14:01:00,6600,6600,6600,6600,0
2022-05-06 14:02:00,6600,6600,6600,6600,0
2022-05-06 14:03:00,6600,6600,6600,6600,0
2022-05-06 14:04:00,6600,6600,6600,6600,0
2022-05-06 14:05:00,6600,6600,6600,6600,0
2022-05-06 14:06:00,6600,6600,6600,6600,0
2022-05-06 14:07:00,6600,6600,6600,6600,0
2022-05-06 14:08:00,6600,6600,6600,6600,0
2022-05-06 14:09:00,6600,6600,6600,6600,0
2022-05-06 14:10:00,6600,6600,6600,6600,0
2022-05-06 14:11:00,6600,6600,6600,6600,0
2022-05-06 14:12:00,6600,6600,6600,6600,0
2022-05-06 14:13:00,6600,6600,6600,6600,0
2022-05-06 14:14:00,6600,6600,6600,6600,0
2022-05-06 14:15:00,6600,6600,6600,6600,0
2022-05-06 14:16:00,6600,6600,6600,6600,0
2022-05-06 14:17:00,6600,6600,6600,6600,0
2022-05-06 14:18:00,6600,6600,6600,6600,0
2022-05-06 14:19:00,6600,6600,6600,6600,0
2022-05-06 14:20:00,6600,6600,6600,6600,0
2022-05-06 14:21:00,6600,6600,6600,6600,0
2022-05-06 14:22:00,6600,6600,6600,6600,0
2022-05-06 14:23:00,6600,6600,6600,6600,0
2022-05-06 14:24:00,6600,6600,6600,6600,0
2022-05-06 14:25:00,6600,6600,6600,6600,0
2022-05-06 14:26:00,6600,6600,6600,6600,0
2022-05-06 14:27:00,6600,6600,6600,6600,0
2022-05-06 14:28:00,6600,6600,6600,6600,0
2022-05-06 14:29:00,6600,6600,6600,6600,0
2022-05-06 14:30:00,6600,6600,6600,6600,0
2022-05-06 14:31:00,6600,6600,6600,6600,0
2022-05-06 14:32:00,6600,6600,6600,6600,0
2022-05-06 14:33:00,6600,6600,6600,6600,0
2022-05-06 14:34:00,6600,6600,6600,6600,0
2022-05-06 14:35:00,6600,6600,6600,6600,0
2022-05-06 14:36:00,6600,6600,6600,6600,0
2022-05-06 14:37:00,6600,6600,6600,6600,0
2022-05-06 14:38:00,6600,6600,6600,6600,0
2022-05-06 14:39:00,6600,6600,6600,6600,0
2022-05-06 14:40:00,6600,6600,6600,6600,0
2022-05-06 14:41:00,6600,6600,6600,6600,0
2022-05-06 14:42:00,6600,6600,6600,6600,0
2022-05-06 14:43:00,6600,6600,6600,6600,0
2022-05-06 14:44:00,6600,6600,6600,6600,0
2022-05-06 14:45:00,6600,6600,6600,6600,0
2022-05-06 14:46:00,6600,6600,6600,6600,0
2022-05-06 14:47:00,6600,6600,6600,6600,0
2022-05-06 14:48:00,6600,6600,6600,6600,0
2022-05-06 14:49:00,6600,6600,6600,6600,0
2022-05-06 14:50:00,6600,6600,6600,6600,0
2022-05-06 14:51:00,6600,6600,6600,6600,0
2022-05-06 14:52:00,6600,6600,6600,6600,0
2022-05-06 14:53:00,6600,6600,6600,6600,0
2022-05-06 14:54:00,6600,6600,6600,6600,0
2022-05-06 14:55:00,6600,6600,6600,6600,0
2022-05-06 14:56:00,6600,6600,6600,6600,0
2022-05-06 14:57:00,6600,6600,6600,6600,0
2022-05-06 14:58:00,6600,6600,6600,6600,0
2022-05-06 14:59:00,6600,6600,6600,6600,0
2022-05-06 15:00:00,6600,6600,6600,6600,0
2022-05-06 15:01:00,6600,6600,6600,6600,0
2022-05-06 15:02:00,6600,6600,6600,6600,0
2022-05-06 15:03:00,6600,6600,6600,6600,0
2022-05-06 15:04:00,6600,6600,6600,6600,0
2022-05-06 15:05:00,6600,6600,6600,6600,0
2022-05-06 15:06:00,6600,6600,6600,6600,0
2022-05-06 15:07:00,6600,6600,6600,6600,0
2022-05-06 15:08:00,6600,6600,6600,6600,0
2022-05-06 15:09:00,6600,6600,6600,6600,0
2022-05-06 15:10:00,6600,6600,6600,6600,0
2022-05-06 15:11:00,6600,6600,6600,6600,0
2022-05-06 15:12:00,6600,6600,6600,6600,0
2022-05-06 15:13:00,6600,6600,6600,6600,0
2022-05-06 15:14:00,6600,6600,6600,6600,0
2022-05-06 15:15:00,6600,6600,6600,6600,0
2022-05-06 15:16:00,6600,6600,6600,6600,0
2022-05-06 15:17:00,6600,6600,6600,6600,0
2022-05-06 15:18:00,6600,6600,6600,6600,0
2022-05-06 15:19:00,6600,6600,6600,6600,0
2022-05-06 15:20:00,6600,6600,6600,6600,0
2022-05-06 15:21:00,6600,6600,6600,6600,0
2022-05-06 15:22:00,6600,6600,6600,6600,0
2022-05-06 15:23:00,6600,6600,6600,6600,0
2022-05-06 15:24:00,6600,6600,6600,6600,0
2022-05-06 15:25:00,6600,6600,6600,6600,0
2022-05-06 15:26:00,6600,6600,6600,6600,0
2022-05-06 15:27:00,6600,6600,6600,6600,0
2022-05-06 15:28:00,6600,6600,6600,6600,0
2022-05-06 15:29:00,6600,6600,6600,6600,0
2022-05-06 15:30:00,6600,6600,6600,6600,0
2022-05-06 15:31:00,6600,6600,6600,6600,0
2022-05-06 15:32:00,6600,6600,6600,6600,0
2022-05-06 15:33:00,6600,6600,6600,6600,0
2022-05-06 15:34:00,6600,6600,6600,6600,0
2022-05-06 15:35:00,6600,6600,6600,6600,0
2022-05-06 15:36:00,6600,6600,6600,6600,0
2022-05-06 15:37:00,6600,6600,6600,6600,0
2022-05-06 15:38:00,6600,6600,6600,6600,0
2022-05-06 15:39:00,6600,6600,6600,6600,0
2022-05-06 15:40:00,6600,6600,6600,6600,0
2022-05-06 15:41:00,6600,6600,6600,6600,0
2022-05-06 15:42:00,6600,6600,6600,6600,0
2022-05-06 15:43:00,6600,6600,6600,6600,0
2022-05-06 15:44:00,6600,6600,6600,6600,0
2022-05-06 15:45:00,6600,6600,6600,6600,0
2022-05-06 15:46:00,6600,6600,6600,6600,0
2022-05-06 15:47:00,6600,6600,6600,6600,0
2022-05-06 15:48:00,6600,6600,6600,6600,0
2022-05-06 15:49:00,6600,6600,6600,6600,0
2022-05-06 15:50:00,6600,6600,6600,6600,0
2022-05-06 15:51:00,6600,6600,6600,6600,0
2022-05-06 15:52:00,6600,6600,6600,6600,0
2022-05-06 15:53:00,6600,6600,6600,6600,0
2022-05-06 15:54:00,6600,6600,6600,6600,0
2022-05-06 15:55:00,6600,6600,6600,6600,0
2022-05-06 15:56:00,6600,6600,6600,6600,0
2022-05-06 15:57:00,6600,6600,6600,6600,0
2022-05-06 15:58:00,6600,6600,6600,6600,0
2022-05-06 15:59:00,6600,6600,6600,6600,0
2022-05-09 09:00:00,6600,6525,6600,6600,5200
2022-05-09 09:01:00,6600,6550,6600,6550,14000
2022-05-09 09:02:00,6550,6550,6575,6575,11200
2022-05-09 09:03:00,6575,6550,6575,6550,11400
2022-05-09 09:04:00,6550,6525,6550,6550,21600
2022-05-09 09:05:00,6575,6525,6575,6525,65600
2022-05-09 09:06:00,6550,6550,6550,6550,2000
2022-05-09 09:07:00,6550,6550,6550,6550,3800
2022-05-09 09:08:00,6575,6550,6575,6550,36100
2022-05-09 09:09:00,6550,6525,6550,6525,18800
2022-05-09 09:10:00,6550,6525,6550,6550,24400
2022-05-09 09:11:00,6525,6525,6550,6525,24400
2022-05-09 09:12:00,6525,6525,6525,6525,23500
2022-05-09 09:13:00,6525,6500,6525,6525,3700
2022-05-09 09:14:00,6525,6500,6525,6525,6800
2022-05-09 09:15:00,6525,6525,6525,6525,3400
2022-05-09 09:16:00,6525,6525,6550,6550,65400
2022-05-09 09:17:00,6550,6550,6575,6550,1800
2022-05-09 09:18:00,6575,6575,6575,6575,2000
2022-05-09 09:19:00,6575,6550,6575,6575,4600
2022-05-09 09:20:00,6575,6575,6575,6575,2600
2022-05-09 09:21:00,6575,6575,6575,6575,14200
2022-05-09 09:22:00,6575,6550,6575,6575,6700
2022-05-09 09:23:00,6575,6550,6575,6575,5500
2022-05-09 09:24:00,6575,6550,6575,6575,5300
2022-05-09 09:25:00,6575,6575,6575,6575,700
2022-05-09 09:26:00,6575,6575,6575,6575,6100
2022-05-09 09:27:00,6575,6575,6575,6575,5400
2022-05-09 09:28:00,6575,6575,6600,6575,4100
2022-05-09 09:29:00,6575,6575,6575,6575,5400
2022-05-09 09:30:00,6575,6550,6575,6550,15300
2022-05-09 09:31:00,6550,6550,6575,6550,2900
2022-05-09 09:32:00,6575,6575,6575,6575,400
2022-05-09 09:33:00,6575,6575,6575,6575,300
2022-05-09 09:34:00,6575,6550,6575,6550,5800
2022-05-09 09:35:00,6575,6550,6575,6550,300
2022-05-09 09:36:00,6575,6550,6575,6550,5900
2022-05-09 09:37:00,6550,6550,6550,6550,6000
2022-05-09 09:38:00,6550,6550,6575,6575,3600
2022-05-09 09:39:00,6575,6550,6575,6575,13200
2022-05-09 09:40:00,6575,6550,6575,6550,1800
2022-05-09 09:41:00,6550,6550,6575,6550,3600
2022-05-09 09:42:00,6550,6550,6550,6550,12000
2022-05-09 09:43:00,6550,6550,6575,6550,9100
2022-05-09 09:44:00,6550,6550,6550,6550,6800
2022-05-09 09:45:00,6550,6550,6550,6550,16100
2022-05-09 09:46:00,6550,6550,6575,6575,4600
2022-05-09 09:47:00,6550,6525,6575,6550,58400
2022-05-09 09:48:00,6525,6525,6525,6525,800
2022-05-09 09:49:00,6550,6525,6550,6550,7100
2022-05-09 09:50:00,6550,6550,6550,6550,500
2022-05-09 09:51:00,6525,6500,6525,6500,99300
2022-05-09 09:52:00,6500,6500,6525,6525,3000
2022-05-09 09:53:00,6500,6500,6525,6500,1700
2022-05-09 09:54:00,6500,6500,6500,6500,8200
2022-05-09 09:55:00,6500,6500,6525,6500,57500
2022-05-09 09:56:00,6500,6500,6525,6525,3700
2022-05-09 09:57:00,6500,6500,6525,6525,15000
2022-05-09 09:58:00,6525,6500,6525,6500,700
2022-05-09 09:59:00,6525,6500,6525,6525,2700
2022-05-09 10:00:00,6500,6500,6525,6500,7900
2022-05-09 10:01:00,6500,6500,6525,6525,2200
2022-05-09 10:02:00,6525,6500,6525,6500,3500
2022-05-09 10:03:00,6525,6500,6525,6500,700
2022-05-09 10:04:00,6500,6500,6500,6500,400
2022-05-09 10:05:00,6525,6500,6525,6500,1700
2022-05-09 10:06:00,6500,6500,6525,6500,3600
2022-05-09 10:07:00,6500,6500,6525,6525,57800
2022-05-09 10:08:00,6525,6500,6525,6500,3700
2022-05-09 10:09:00,6500,6500,6525,6525,5600
2022-05-09 10:10:00,6500,6500,6525,6525,30900
2022-05-09 10:11:00,6525,6525,6550,6550,26400
2022-05-09 10:12:00,6525,6500,6550,6525,7000
2022-05-09 10:13:00,6500,6500,6525,6525,1100
2022-05-09 10:14:00,6550,6500,6550,6500,5500
2022-05-09 10:15:00,6500,6500,6525,6525,2300
2022-05-09 10:16:00,6500,6500,6500,6500,1500
2022-05-09 10:17:00,6500,6500,6525,6525,6900
2022-05-09 10:18:00,6525,6500,6525,6500,5000
2022-05-09 10:19:00,6500,6500,6525,6500,900
2022-05-09 10:20:00,6525,6500,6525,6500,800
2022-05-09 10:21:00,6500,6500,6525,6500,5000
2022-05-09 10:22:00,6500,6500,6525,6500,13100
2022-05-09 10:23:00,6500,6500,6525,6500,2400
2022-05-09 10:24:00,6525,6500,6525,6525,7500
2022-05-09 10:25:00,6500,6500,6525,6500,5000
2022-05-09 10:26:00,6500,6500,6525,6525,3200
2022-05-09 10:27:00,6500,6500,6525,6525,2800
2022-05-09 10:28:00,6500,6500,6525,6525,2200
2022-05-09 10:29:00,6525,6500,6525,6500,14100
2022-05-09 10:30:00,6500,6500,6525,6525,2300
2022-05-09 10:31:00,6500,6500,6500,6500,2000
2022-05-09 10:32:00,6500,6500,6525,6500,2200
2022-05-09 10:33:00,6525,6500,6525,6525,8200
2022-05-09 10:34:00,6500,6500,6525,6500,4500
2022-05-09 10:35:00,6500,6500,6500,6500,3500
2022-05-09 10:36:00,6500,6500,6525,6500,2300
2022-05-09 10:37:00,6500,6500,6500,6500,300
2022-05-09 10:38:00,6500,6500,6525,6500,2300
2022-05-09 10:39:00,6525,6500,6525,6500,5900
2022-05-09 10:40:00,6500,6500,6525,6525,4100
2022-05-09 10:41:00,6525,6525,6525,6525,10600
2022-05-09 10:42:00,6500,6500,6525,6525,7100
2022-05-09 10:43:00,6500,6500,6525,6525,2400
2022-05-09 10:44:00,6525,6525,6550,6525,5800
2022-05-09 10:45:00,6525,6525,6525,6525,1900
2022-05-09 10:46:00,6525,6525,6525,6525,1700
2022-05-09 10:47:00,6550,6525,6550,6525,4400
2022-05-09 10:48:00,6525,6525,6525,6525,500
2022-05-09 10:49:00,6525,6525,6550,6550,1700
2022-05-09 10:50:00,6550,6550,6550,6550,500
2022-05-09 10:51:00,6525,6525,6525,6525,4700
2022-05-09 10:52:00,6550,6550,6550,6550,2500
2022-05-09 10:53:00,6525,6525,6550,6550,500
2022-05-09 10:54:00,6525,6525,6550,6550,2100
2022-05-09 10:55:00,6550,6525,6550,6525,4200
2022-05-09 10:56:00,6550,6550,6550,6550,1400
2022-05-09 10:57:00,6550,6550,6550,6550,1300
2022-05-09 10:58:00,6525,6525,6525,6525,27900
2022-05-09 10:59:00,6525,6525,6525,6525,700
2022-05-09 11:00:00,6525,6500,6525,6500,600
2022-05-09 11:01:00,6525,6525,6525,6525,1300
2022-05-09 11:02:00,6525,6500,6525,6525,13900
2022-05-09 11:03:00,6525,6525,6525,6525,1400
2022-05-09 11:04:00,6525,6525,6525,6525,200
2022-05-09 11:05:00,6525,6500,6525,6525,2800
2022-05-09 11:06:00,6525,6500,6525,6525,0
2022-05-09 11:07:00,6525,6525,6525,6525,500
2022-05-09 11:08:00,6525,6500,6525,6525,2500
2022-05-09 11:09:00,6525,6500,6525,6525,0
2022-05-09 11:10:00,6525,6525,6525,6525,1300
2022-05-09 11:11:00,6500,6500,6500,6500,700
2022-05-09 11:12:00,6500,6500,6525,6525,1500
2022-05-09 11:13:00,6500,6500,6500,6500,400
2022-05-09 11:14:00,6525,6500,6525,6500,1400
2022-05-09 11:15:00,6525,6500,6525,6500,1500
2022-05-09 11:16:00,6525,6525,6525,6525,300
2022-05-09 11:17:00,6525,6525,6525,6525,300
2022-05-09 11:18:00,6525,6525,6525,6525,200
2022-05-09 11:19:00,6525,6500,6525,6525,3200
2022-05-09 11:20:00,6525,6500,6525,6500,9000
2022-05-09 11:21:00,6525,6500,6525,6525,2100
2022-05-09 11:22:00,6525,6500,6525,6500,700
2022-05-09 11:23:00,6500,6500,6500,6500,400
2022-05-09 11:24:00,6500,6500,6525,6525,400
2022-05-09 11:25:00,6500,6500,6525,6525,4700
2022-05-09 11:26:00,6525,6525,6525,6525,2400
2022-05-09 11:27:00,6525,6525,6525,6525,300
2022-05-09 11:28:00,6525,6525,6525,6525,200
2022-05-09 11:29:00,6525,6500,6525,6500,3600
2022-05-09 11:30:00,6525,6500,6525,6500,0
2022-05-09 11:31:00,6525,6500,6525,6500,0
2022-05-09 11:32:00,6525,6500,6525,6500,0
2022-05-09 11:33:00,6525,6500,6525,6500,0
2022-05-09 11:34:00,6525,6500,6525,6500,0
2022-05-09 11:35:00,6525,6500,6525,6500,0
2022-05-09 11:36:00,6525,6500,6525,6500,0
2022-05-09 11:37:00,6525,6500,6525,6500,0
2022-05-09 11:38:00,6525,6500,6525,6500,0
2022-05-09 11:39:00,6525,6500,6525,6500,0
2022-05-09 11:40:00,6525,6500,6525,6500,0
2022-05-09 11:41:00,6525,6500,6525,6500,0
2022-05-09 11:42:00,6525,6500,6525,6500,0
2022-05-09 11:43:00,6525,6500,6525,6500,0
2022-05-09 11:44:00,6525,6500,6525,6500,0
2022-05-09 11:45:00,6525,6500,6525,6500,0
2022-05-09 11:46:00,6525,6500,6525,6500,0
2022-05-09 11:47:00,6525,6500,6525,6500,0
2022-05-09 11:48:00,6525,6500,6525,6500,0
2022-05-09 11:49:00,6525,6500,6525,6500,0
2022-05-09 11:50:00,6525,6500,6525,6500,0
2022-05-09 11:51:00,6525,6500,6525,6500,0
2022-05-09 11:52:00,6525,6500,6525,6500,0
2022-05-09 11:53:00,6525,6500,6525,6500,0
2022-05-09 11:54:00,6525,6500,6525,6500,0
2022-05-09 11:55:00,6525,6500,6525,6500,0
2022-05-09 11:56:00,6525,6500,6525,6500,0
2022-05-09 11:57:00,6525,6500,6525,6500,0
2022-05-09 11:58:00,6525,6500,6525,6500,0
2022-05-09 11:59:00,6525,6500,6525,6500,0
2022-05-09 12:00:00,6525,6500,6525,6500,0
2022-05-09 12:01:00,6525,6500,6525,6500,0
2022-05-09 12:02:00,6525,6500,6525,6500,0
2022-05-09 12:03:00,6525,6500,6525,6500,0
2022-05-09 12:04:00,6525,6500,6525,6500,0
2022-05-09 12:05:00,6525,6500,6525,6500,0
2022-05-09 12:06:00,6525,6500,6525,6500,0
2022-05-09 12:07:00,6525,6500,6525,6500,0
2022-05-09 12:08:00,6525,6500,6525,6500,0
2022-05-09 12:09:00,6525,6500,6525,6500,0
2022-05-09 12:10:00,6525,6500,6525,6500,0
2022-05-09 12:11:00,6525,6500,6525,6500,0
2022-05-09 12:12:00,6525,6500,6525,6500,0
2022-05-09 12:13:00,6525,6500,6525,6500,0
2022-05-09 12:14:00,6525,6500,6525,6500,0
2022-05-09 12:15:00,6525,6500,6525,6500,0
2022-05-09 12:16:00,6525,6500,6525,6500,0
2022-05-09 12:17:00,6525,6500,6525,6500,0
2022-05-09 12:18:00,6525,6500,6525,6500,0
2022-05-09 12:19:00,6525,6500,6525,6500,0
2022-05-09 12:20:00,6525,6500,6525,6500,0
2022-05-09 12:21:00,6525,6500,6525,6500,0
2022-05-09 12:22:00,6525,6500,6525,6500,0
2022-05-09 12:23:00,6525,6500,6525,6500,0
2022-05-09 12:24:00,6525,6500,6525,6500,0
2022-05-09 12:25:00,6525,6500,6525,6500,0
2022-05-09 12:26:00,6525,6500,6525,6500,0
2022-05-09 12:27:00,6525,6500,6525,6500,0
2022-05-09 12:28:00,6525,6500,6525,6500,0
2022-05-09 12:29:00,6525,6500,6525,6500,0
2022-05-09 12:30:00,6525,6500,6525,6500,0
2022-05-09 12:31:00,6525,6500,6525,6500,0
2022-05-09 12:32:00,6525,6500,6525,6500,0
2022-05-09 12:33:00,6525,6500,6525,6500,0
2022-05-09 12:34:00,6525,6500,6525,6500,0
2022-05-09 12:35:00,6525,6500,6525,6500,0
2022-05-09 12:36:00,6525,6500,6525,6500,0
2022-05-09 12:37:00,6525,6500,6525,6500,0
2022-05-09 12:38:00,6525,6500,6525,6500,0
2022-05-09 12:39:00,6525,6500,6525,6500,0
2022-05-09 12:40:00,6525,6500,6525,6500,0
2022-05-09 12:41:00,6525,6500,6525,6500,0
2022-05-09 12:42:00,6525,6500,6525,6500,0
2022-05-09 12:43:00,6525,6500,6525,6500,0
2022-05-09 12:44:00,6525,6500,6525,6500,0
2022-05-09 12:45:00,6525,6500,6525,6500,0
2022-05-09 12:46:00,6525,6500,6525,6500,0
2022-05-09 12:47:00,6525,6500,6525,6500,0
2022-05-09 12:48:00,6525,6500,6525,6500,0
2022-05-09 12:49:00,6525,6500,6525,6500,0
2022-05-09 12:50:00,6525,6500,6525,6500,0
2022-05-09 12:51:00,6525,6500,6525,6500,0
2022-05-09 12:52:00,6525,6500,6525,6500,0
2022-05-09 12:53:00,6525,6500,6525,6500,0
2022-05-09 12:54:00,6525,6500,6525,6500,0
2022-05-09 12:55:00,6525,6500,6525,6500,0
2022-05-09 12:56:00,6525,6500,6525,6500,0
2022-05-09 12:57:00,6525,6500,6525,6500,0
2022-05-09 12:58:00,6525,6500,6525,6500,0
2022-05-09 12:59:00,6525,6500,6525,6500,0
2022-05-09 13:00:00,6525,6500,6525,6500,0
2022-05-09 13:01:00,6525,6500,6525,6500,0
2022-05-09 13:02:00,6525,6500,6525,6500,0
2022-05-09 13:03:00,6525,6500,6525,6500,0
2022-05-09 13:04:00,6525,6500,6525,6500,0
2022-05-09 13:05:00,6525,6500,6525,6500,0
2022-05-09 13:06:00,6525,6500,6525,6500,0
2022-05-09 13:07:00,6525,6500,6525,6500,0
2022-05-09 13:08:00,6525,6500,6525,6500,0
2022-05-09 13:09:00,6525,6500,6525,6500,0
2022-05-09 13:10:00,6525,6500,6525,6500,0
2022-05-09 13:11:00,6525,6500,6525,6500,0
2022-05-09 13:12:00,6525,6500,6525,6500,0
2022-05-09 13:13:00,6525,6500,6525,6500,0
2022-05-09 13:14:00,6525,6500,6525,6500,0
2022-05-09 13:15:00,6525,6500,6525,6500,0
2022-05-09 13:16:00,6525,6500,6525,6500,0
2022-05-09 13:17:00,6525,6500,6525,6500,0
2022-05-09 13:18:00,6525,6500,6525,6500,0
2022-05-09 13:19:00,6525,6500,6525,6500,0
2022-05-09 13:20:00,6525,6500,6525,6500,0
2022-05-09 13:21:00,6525,6500,6525,6500,0
2022-05-09 13:22:00,6525,6500,6525,6500,0
2022-05-09 13:23:00,6525,6500,6525,6500,0
2022-05-09 13:24:00,6525,6500,6525,6500,0
2022-05-09 13:25:00,6525,6500,6525,6500,0
2022-05-09 13:26:00,6525,6500,6525,6500,0
2022-05-09 13:27:00,6525,6500,6525,6500,0
2022-05-09 13:28:00,6525,6500,6525,6500,0
2022-05-09 13:29:00,6525,6500,6525,6500,0
2022-05-09 13:30:00,6500,6500,6525,6500,19500
2022-05-09 13:31:00,6525,6500,6525,6500,1500
2022-05-09 13:32:00,6500,6500,6500,6500,3500
2022-05-09 13:33:00,6500,6500,6525,6500,1000
2022-05-09 13:34:00,6525,6525,6525,6525,800
2022-05-09 13:35:00,6525,6525,6525,6525,2200
2022-05-09 13:36:00,6525,6500,6525,6525,3700
2022-05-09 13:37:00,6525,6525,6525,6525,1500
2022-05-09 13:38:00,6525,6525,6525,6525,3100
2022-05-09 13:39:00,6525,6500,6525,6525,3500
2022-05-09 13:40:00,6525,6500,6525,6525,2400
2022-05-09 13:41:00,6525,6525,6525,6525,2200
2022-05-09 13:42:00,6525,6500,6525,6500,2800
2022-05-09 13:43:00,6525,6500,6525,6500,1100
2022-05-09 13:44:00,6525,6500,6525,6500,28200
2022-05-09 13:45:00,6500,6500,6525,6525,1300
2022-05-09 13:46:00,6525,6475,6525,6475,212900
2022-05-09 13:47:00,6475,6475,6500,6500,15300
2022-05-09 13:48:00,6475,6475,6500,6500,2700
2022-05-09 13:49:00,6500,6500,6500,6500,6300
2022-05-09 13:50:00,6500,6475,6500,6500,6300
2022-05-09 13:51:00,6500,6500,6500,6500,5100
2022-05-09 13:52:00,6500,6475,6500,6475,4500
2022-05-09 13:53:00,6475,6475,6500,6475,221400
2022-05-09 13:54:00,6500,6475,6500,6475,41900
2022-05-09 13:55:00,6475,6450,6475,6450,13300
2022-05-09 13:56:00,6450,6450,6475,6475,105600
2022-05-09 13:57:00,6450,6450,6475,6475,3600
2022-05-09 13:58:00,6450,6450,6475,6475,14100
2022-05-09 13:59:00,6475,6475,6475,6475,12300
2022-05-09 14:00:00,6475,6475,6475,6475,200
2022-05-09 14:01:00,6500,6475,6500,6475,5700
2022-05-09 14:02:00,6500,6475,6500,6475,11600
2022-05-09 14:03:00,6475,6475,6500,6500,1600
2022-05-09 14:04:00,6475,6475,6475,6475,400
2022-05-09 14:05:00,6475,6450,6475,6475,587300
2022-05-09 14:06:00,6450,6450,6475,6475,24000
2022-05-09 14:07:00,6475,6450,6475,6475,6700
2022-05-09 14:08:00,6475,6450,6475,6450,2900
2022-05-09 14:09:00,6450,6450,6475,6450,9900
2022-05-09 14:10:00,6475,6475,6475,6475,3500
2022-05-09 14:11:00,6450,6450,6475,6450,1800
2022-05-09 14:12:00,6450,6450,6475,6450,3600
2022-05-09 14:13:00,6475,6475,6475,6475,1400
2022-05-09 14:14:00,6475,6475,6475,6475,2900
2022-05-09 14:15:00,6475,6450,6475,6450,34400
2022-05-09 14:16:00,6450,6450,6475,6475,51900
2022-05-09 14:17:00,6475,6475,6475,6475,6400
2022-05-09 14:18:00,6475,6450,6475,6475,12300
2022-05-09 14:19:00,6475,6475,6475,6475,2800
2022-05-09 14:20:00,6475,6450,6475,6450,13200
2022-05-09 14:21:00,6450,6450,6475,6475,2100
2022-05-09 14:22:00,6475,6475,6475,6475,7700
2022-05-09 14:23:00,6475,6425,6475,6450,289100
2022-05-09 14:24:00,6450,6450,6450,6450,3500
2022-05-09 14:25:00,6450,6450,6475,6450,2900
2022-05-09 14:26:00,6450,6450,6450,6450,11500
2022-05-09 14:27:00,6450,6425,6450,6425,5500
2022-05-09 14:28:00,6450,6425,6450,6450,4300
2022-05-09 14:29:00,6425,6400,6450,6450,76600
2022-05-09 14:30:00,6450,6450,6450,6450,2800
2022-05-09 14:31:00,6450,6450,6450,6450,6000
2022-05-09 14:32:00,6450,6450,6450,6450,1800
2022-05-09 14:33:00,6450,6425,6450,6425,3400
2022-05-09 14:34:00,6450,6450,6450,6450,900
2022-05-09 14:35:00,6450,6425,6450,6450,3100
2022-05-09 14:36:00,6450,6450,6450,6450,3400
2022-05-09 14:37:00,6425,6425,6450,6425,2500
2022-05-09 14:38:00,6450,6425,6475,6425,16000
2022-05-09 14:39:00,6450,6450,6475,6450,12700
2022-05-09 14:40:00,6450,6450,6475,6475,1200
2022-05-09 14:41:00,6475,6450,6475,6475,6000
2022-05-09 14:42:00,6450,6450,6475,6450,1900
2022-05-09 14:43:00,6450,6450,6475,6450,8100
2022-05-09 14:44:00,6475,6475,6475,6475,6000
2022-05-09 14:45:00,6475,6450,6475,6475,20700
2022-05-09 14:46:00,6450,6450,6475,6475,7000
2022-05-09 14:47:00,6475,6475,6500,6500,9600
2022-05-09 14:48:00,6475,6475,6500,6500,6900
2022-05-09 14:49:00,6475,6475,6525,6525,42700
2022-05-09 14:50:00,6475,6475,6525,6525,0
2022-05-09 14:51:00,6475,6475,6525,6525,0
2022-05-09 14:52:00,6475,6475,6525,6525,0
2022-05-09 14:53:00,6475,6475,6525,6525,0
2022-05-09 14:54:00,6475,6475,6525,6525,0
2022-05-09 14:55:00,6475,6475,6525,6525,0
2022-05-09 14:56:00,6475,6475,6525,6525,0
2022-05-09 14:57:00,6475,6475,6525,6525,0
2022-05-09 14:58:00,6475,6475,6525,6525,0
2022-05-09 14:59:00,6475,6475,6525,6525,0
2022-05-09 15:00:00,6525,6525,6525,6525,138100
2022-05-09 15:01:00,6525,6525,6525,6525,400
2022-05-09 15:02:00,6525,6525,6525,6525,0
2022-05-09 15:03:00,6525,6525,6525,6525,1000
2022-05-09 15:04:00,6525,6525,6525,6525,8600
2022-05-09 15:05:00,6525,6525,6525,6525,100
2022-05-09 15:06:00,6525,6525,6525,6525,5000
2022-05-09 15:07:00,6525,6525,6525,6525,0
2022-05-09 15:08:00,6525,6525,6525,6525,500
2022-05-09 15:09:00,6525,6525,6525,6525,6200
2022-05-09 15:10:00,6525,6525,6525,6525,200
2022-05-09 15:11:00,6525,6525,6525,6525,300
2022-05-09 15:12:00,6525,6525,6525,6525,100
2022-05-09 15:13:00,6525,6525,6525,6525,0
2022-05-09 15:14:00,6525,6525,6525,6525,0
2022-05-09 15:15:00,6525,6525,6525,6525,0
2022-05-09 15:16:00,6525,6525,6525,6525,0
2022-05-09 15:17:00,6525,6525,6525,6525,0
2022-05-09 15:18:00,6525,6525,6525,6525,0
2022-05-09 15:19:00,6525,6525,6525,6525,0
2022-05-09 15:20:00,6525,6525,6525,6525,0
2022-05-09 15:21:00,6525,6525,6525,6525,0
2022-05-09 15:22:00,6525,6525,6525,6525,0
2022-05-09 15:23:00,6525,6525,6525,6525,0
2022-05-09 15:24:00,6525,6525,6525,6525,0
2022-05-09 15:25:00,6525,6525,6525,6525,0
2022-05-09 15:26:00,6525,6525,6525,6525,0
2022-05-09 15:27:00,6525,6525,6525,6525,0
2022-05-09 15:28:00,6525,6525,6525,6525,0
2022-05-09 15:29:00,6525,6525,6525,6525,0
2022-05-09 15:30:00,6525,6525,6525,6525,0
2022-05-09 15:31:00,6525,6525,6525,6525,0
2022-05-09 15:32:00,6525,6525,6525,6525,0
2022-05-09 15:33:00,6525,6525,6525,6525,0
2022-05-09 15:34:00,6525,6525,6525,6525,0
2022-05-09 15:35:00,6525,6525,6525,6525,0
2022-05-09 15:36:00,6525,6525,6525,6525,0
2022-05-09 15:37:00,6525,6525,6525,6525,0
2022-05-09 15:38:00,6525,6525,6525,6525,0
2022-05-09 15:39:00,6525,6525,6525,6525,0
2022-05-09 15:40:00,6525,6525,6525,6525,0
2022-05-09 15:41:00,6525,6525,6525,6525,0
2022-05-09 15:42:00,6525,6525,6525,6525,0
2022-05-09 15:43:00,6525,6525,6525,6525,0
2022-05-09 15:44:00,6525,6525,6525,6525,0
2022-05-09 15:45:00,6525,6525,6525,6525,0
2022-05-09 15:46:00,6525,6525,6525,6525,0
2022-05-09 15:47:00,6525,6525,6525,6525,0
2022-05-09 15:48:00,6525,6525,6525,6525,0
2022-05-09 15:49:00,6525,6525,6525,6525,0
2022-05-09 15:50:00,6525,6525,6525,6525,0
2022-05-09 15:51:00,6525,6525,6525,6525,0
2022-05-09 15:52:00,6525,6525,6525,6525,0
2022-05-09 15:53:00,6525,6525,6525,6525,0
2022-05-09 15:54:00,6525,6525,6525,6525,0
2022-05-09 15:55:00,6525,6525,6525,6525,0
2022-05-09 15:56:00,6525,6525,6525,6525,0
2022-05-09 15:57:00,6525,6525,6525,6525,0
2022-05-09 15:58:00,6525,6525,6525,6525,0
2022-05-09 15:59:00,6525,6525,6525,6525,0
2022-05-10 09:00:00,6525,6525,6525,6525,0
2022-05-10 09:01:00,6525,6525,6525,6525,0
2022-05-10 09:02:00,6525,6525,6525,6525,0
2022-05-10 09:03:00,6525,6525,6525,6525,0
2022-05-10 09:04:00,6525,6525,6525,6525,0
2022-05-10 09:05:00,6525,6525,6525,6525,0
2022-05-10 09:06:00,6525,6525,6525,6525,0
2022-05-10 09:07:00,6525,6525,6525,6525,0
2022-05-10 09:08:00,6525,6525,6525,6525,0
2022-05-10 09:09:00,6525,6525,6525,6525,0
2022-05-10 09:10:00,6525,6525,6525,6525,0
2022-05-10 09:11:00,6525,6525,6525,6525,0
2022-05-10 09:12:00,6525,6525,6525,6525,0
2022-05-10 09:13:00,6525,6525,6525,6525,0
2022-05-10 09:14:00,6525,6525,6525,6525,0
2022-05-10 09:15:00,6525,6525,6525,6525,0
2022-05-10 09:16:00,6525,6525,6525,6525,0
2022-05-10 09:17:00,6525,6525,6525,6525,0
2022-05-10 09:18:00,6525,6525,6525,6525,0
2022-05-10 09:19:00,6525,6525,6525,6525,0
2022-05-10 09:20:00,6525,6525,6525,6525,0
2022-05-10 09:21:00,6525,6525,6525,6525,0
2022-05-10 09:22:00,6525,6525,6525,6525,0
2022-05-10 09:23:00,6525,6525,6525,6525,0
2022-05-10 09:24:00,6525,6525,6525,6525,0
2022-05-10 09:25:00,6525,6525,6525,6525,0
2022-05-10 09:26:00,6525,6525,6525,6525,0
2022-05-10 09:27:00,6525,6525,6525,6525,0
2022-05-10 09:28:00,6525,6525,6525,6525,0
2022-05-10 09:29:00,6525,6525,6525,6525,0
2022-05-10 09:30:00,6525,6525,6525,6525,0
2022-05-10 09:31:00,6525,6525,6525,6525,0
2022-05-10 09:32:00,6525,6525,6525,6525,0
2022-05-10 09:33:00,6525,6525,6525,6525,0
2022-05-10 09:34:00,6525,6525,6525,6525,0
2022-05-10 09:35:00,6525,6525,6525,6525,0
2022-05-10 09:36:00,6525,6525,6525,6525,0
2022-05-10 09:37:00,6525,6525,6525,6525,0
2022-05-10 09:38:00,6525,6525,6525,6525,0
2022-05-10 09:39:00,6525,6525,6525,6525,0
2022-05-10 09:40:00,6525,6525,6525,6525,0
2022-05-10 09:41:00,6525,6525,6525,6525,0
2022-05-10 09:42:00,6525,6525,6525,6525,0
2022-05-10 09:43:00,6525,6525,6525,6525,0
2022-05-10 09:44:00,6525,6525,6525,6525,0
2022-05-10 09:45:00,6525,6525,6525,6525,0
2022-05-10 09:46:00,6525,6525,6525,6525,0
2022-05-10 09:47:00,6525,6525,6525,6525,0
2022-05-10 09:48:00,6525,6525,6525,6525,0
2022-05-10 09:49:00,6525,6525,6525,6525,0
2022-05-10 09:50:00,6525,6525,6525,6525,0
2022-05-10 09:51:00,6525,6525,6525,6525,0
2022-05-10 09:52:00,6525,6525,6525,6525,0
2022-05-10 09:53:00,6525,6525,6525,6525,0
2022-05-10 09:54:00,6525,6525,6525,6525,0
2022-05-10 09:55:00,6525,6525,6525,6525,0
2022-05-10 09:56:00,6525,6525,6525,6525,0
2022-05-10 09:57:00,6525,6525,6525,6525,0
2022-05-10 09:58:00,6525,6525,6525,6525,0
2022-05-10 09:59:00,6525,6525,6525,6525,0
2022-05-10 10:00:00,6525,6525,6525,6525,0
2022-05-10 10:01:00,6525,6525,6525,6525,0
2022-05-10 10:02:00,6525,6525,6525,6525,0
2022-05-10 10:03:00,6525,6525,6525,6525,0
2022-05-10 10:04:00,6525,6525,6525,6525,0
2022-05-10 10:05:00,6525,6525,6525,6525,0
2022-05-10 10:06:00,6525,6525,6525,6525,0
2022-05-10 10:07:00,6525,6525,6525,6525,0
2022-05-10 10:08:00,6525,6525,6525,6525,0
2022-05-10 10:09:00,6525,6525,6525,6525,0
2022-05-10 10:10:00,6525,6525,6525,6525,0
2022-05-10 10:11:00,6525,6525,6525,6525,0
2022-05-10 10:12:00,6525,6525,6525,6525,0
2022-05-10 10:13:00,6525,6525,6525,6525,0
2022-05-10 10:14:00,6525,6525,6525,6525,0
2022-05-10 10:15:00,6525,6525,6525,6525,0
2022-05-10 10:16:00,6525,6525,6525,6525,0
2022-05-10 10:17:00,6525,6525,6525,6525,0
2022-05-10 10:18:00,6525,6525,6525,6525,0
2022-05-10 10:19:00,6525,6525,6525,6525,0
2022-05-10 10:20:00,6525,6525,6525,6525,0
2022-05-10 10:21:00,6525,6525,6525,6525,0
2022-05-10 10:22:00,6525,6525,6525,6525,0
2022-05-10 10:23:00,6525,6525,6525,6525,0
2022-05-10 10:24:00,6525,6525,6525,6525,0
2022-05-10 10:25:00,6525,6525,6525,6525,0
2022-05-10 10:26:00,6525,6525,6525,6525,0
2022-05-10 10:27:00,6525,6525,6525,6525,0
2022-05-10 10:28:00,6525,6525,6525,6525,0
2022-05-10 10:29:00,6525,6525,6525,6525,0
2022-05-10 10:30:00,6525,6525,6525,6525,0
2022-05-10 10:31:00,6525,6525,6525,6525,0
2022-05-10 10:32:00,6525,6525,6525,6525,0
2022-05-10 10:33:00,6525,6525,6525,6525,0
2022-05-10 10:34:00,6525,6525,6525,6525,0
2022-05-10 10:35:00,6525,6525,6525,6525,0
2022-05-10 10:36:00,6525,6525,6525,6525,0
2022-05-10 10:37:00,6525,6525,6525,6525,0
2022-05-10 10:38:00,6525,6525,6525,6525,0
2022-05-10 10:39:00,6525,6525,6525,6525,0
2022-05-10 10:40:00,6525,6525,6525,6525,0
2022-05-10 10:41:00,6525,6525,6525,6525,0
2022-05-10 10:42:00,6525,6525,6525,6525,0
2022-05-10 10:43:00,6525,6525,6525,6525,0
2022-05-10 10:44:00,6525,6525,6525,6525,0
2022-05-10 10:45:00,6525,6525,6525,6525,0
2022-05-10 10:46:00,6525,6525,6525,6525,0
2022-05-10 10:47:00,6525,6525,6525,6525,0
2022-05-10 10:48:00,6525,6525,6525,6525,0
2022-05-10 10:49:00,6525,6525,6525,6525,0
2022-05-10 10:50:00,6525,6525,6525,6525,0
2022-05-10 10:51:00,6525,6525,6525,6525,0
2022-05-10 10:52:00,6525,6525,6525,6525,0
2022-05-10 10:53:00,6525,6525,6525,6525,0
2022-05-10 10:54:00,6525,6525,6525,6525,0
2022-05-10 10:55:00,6525,6525,6525,6525,0
2022-05-10 10:56:00,6525,6525,6525,6525,0
2022-05-10 10:57:00,6525,6525,6525,6525,0
2022-05-10 10:58:00,6525,6525,6525,6525,0
2022-05-10 10:59:00,6525,6525,6525,6525,0
2022-05-10 11:00:00,6525,6525,6525,6525,0
2022-05-10 11:01:00,6525,6525,6525,6525,0
2022-05-10 11:02:00,6525,6525,6525,6525,0
2022-05-10 11:03:00,6525,6525,6525,6525,0
2022-05-10 11:04:00,6525,6525,6525,6525,0
2022-05-10 11:05:00,6525,6525,6525,6525,0
2022-05-10 11:06:00,6525,6525,6525,6525,0
2022-05-10 11:07:00,6525,6525,6525,6525,0
2022-05-10 11:08:00,6525,6525,6525,6525,0
2022-05-10 11:09:00,6525,6525,6525,6525,0
2022-05-10 11:10:00,6525,6525,6525,6525,0
2022-05-10 11:11:00,6525,6525,6525,6525,0
2022-05-10 11:12:00,6525,6525,6525,6525,0
2022-05-10 11:13:00,6525,6525,6525,6525,0
2022-05-10 11:14:00,6525,6525,6525,6525,0
2022-05-10 11:15:00,6525,6525,6525,6525,0
2022-05-10 11:16:00,6525,6525,6525,6525,0
2022-05-10 11:17:00,6525,6525,6525,6525,0
2022-05-10 11:18:00,6525,6525,6525,6525,0
2022-05-10 11:19:00,6525,6525,6525,6525,0
2022-05-10 11:20:00,6525,6525,6525,6525,0
2022-05-10 11:21:00,6525,6525,6525,6525,0
2022-05-10 11:22:00,6525,6525,6525,6525,0
2022-05-10 11:23:00,6525,6525,6525,6525,0
2022-05-10 11:24:00,6525,6525,6525,6525,0
2022-05-10 11:25:00,6525,6525,6525,6525,0
2022-05-10 11:26:00,6525,6525,6525,6525,0
2022-05-10 11:27:00,6525,6525,6525,6525,0
2022-05-10 11:28:00,6525,6525,6525,6525,0
2022-05-10 11:29:00,6525,6525,6525,6525,0
2022-05-10 11:30:00,6525,6525,6525,6525,0
2022-05-10 11:31:00,6525,6525,6525,6525,0
2022-05-10 11:32:00,6525,6525,6525,6525,0
2022-05-10 11:33:00,6525,6525,6525,6525,0
2022-05-10 11:34:00,6525,6525,6525,6525,0
2022-05-10 11:35:00,6525,6525,6525,6525,0
2022-05-10 11:36:00,6525,6525,6525,6525,0
2022-05-10 11:37:00,6525,6525,6525,6525,0
2022-05-10 11:38:00,6525,6525,6525,6525,0
2022-05-10 11:39:00,6525,6525,6525,6525,0
2022-05-10 11:40:00,6525,6525,6525,6525,0
2022-05-10 11:41:00,6525,6525,6525,6525,0
2022-05-10 11:42:00,6525,6525,6525,6525,0
2022-05-10 11:43:00,6525,6525,6525,6525,0
2022-05-10 11:44:00,6525,6525,6525,6525,0
2022-05-10 11:45:00,6525,6525,6525,6525,0
2022-05-10 11:46:00,6525,6525,6525,6525,0
2022-05-10 11:47:00,6525,6525,6525,6525,0
2022-05-10 11:48:00,6525,6525,6525,6525,0
2022-05-10 11:49:00,6525,6525,6525,6525,0
2022-05-10 11:50:00,6525,6525,6525,6525,0
2022-05-10 11:51:00,6525,6525,6525,6525,0
2022-05-10 11:52:00,6525,6525,6525,6525,0
2022-05-10 11:53:00,6525,6525,6525,6525,0
2022-05-10 11:54:00,6525,6525,6525,6525,0
2022-05-10 11:55:00,6525,6525,6525,6525,0
2022-05-10 11:56:00,6525,6525,6525,6525,0
2022-05-10 11:57:00,6525,6525,6525,6525,0
2022-05-10 11:58:00,6525,6525,6525,6525,0
2022-05-10 11:59:00,6525,6525,6525,6525,0
2022-05-10 12:00:00,6525,6525,6525,6525,0
2022-05-10 12:01:00,6525,6525,6525,6525,0
2022-05-10 12:02:00,6525,6525,6525,6525,0
2022-05-10 12:03:00,6525,6525,6525,6525,0
2022-05-10 12:04:00,6525,6525,6525,6525,0
2022-05-10 12:05:00,6525,6525,6525,6525,0
2022-05-10 12:06:00,6525,6525,6525,6525,0
2022-05-10 12:07:00,6525,6525,6525,6525,0
2022-05-10 12:08:00,6525,6525,6525,6525,0
2022-05-10 12:09:00,6525,6525,6525,6525,0
2022-05-10 12:10:00,6525,6525,6525,6525,0
2022-05-10 12:11:00,6525,6525,6525,6525,0
2022-05-10 12:12:00,6525,6525,6525,6525,0
2022-05-10 12:13:00,6525,6525,6525,6525,0
2022-05-10 12:14:00,6525,6525,6525,6525,0
2022-05-10 12:15:00,6525,6525,6525,6525,0
2022-05-10 12:16:00,6525,6525,6525,6525,0
2022-05-10 12:17:00,6525,6525,6525,6525,0
2022-05-10 12:18:00,6525,6525,6525,6525,0
2022-05-10 12:19:00,6525,6525,6525,6525,0
2022-05-10 12:20:00,6525,6525,6525,6525,0
2022-05-10 12:21:00,6525,6525,6525,6525,0
2022-05-10 12:22:00,6525,6525,6525,6525,0
2022-05-10 12:23:00,6525,6525,6525,6525,0
2022-05-10 12:24:00,6525,6525,6525,6525,0
2022-05-10 12:25:00,6525,6525,6525,6525,0
2022-05-10 12:26:00,6525,6525,6525,6525,0
2022-05-10 12:27:00,6525,6525,6525,6525,0
2022-05-10 12:28:00,6525,6525,6525,6525,0
2022-05-10 12:29:00,6525,6525,6525,6525,0
2022-05-10 12:30:00,6525,6525,6525,6525,0
2022-05-10 12:31:00,6525,6525,6525,6525,0
2022-05-10 12:32:00,6525,6525,6525,6525,0
2022-05-10 12:33:00,6525,6525,6525,6525,0
2022-05-10 12:34:00,6525,6525,6525,6525,0
2022-05-10 12:35:00,6525,6525,6525,6525,0
2022-05-10 12:36:00,6525,6525,6525,6525,0
2022-05-10 12:37:00,6525,6525,6525,6525,0
2022-05-10 12:38:00,6525,6525,6525,6525,0
2022-05-10 12:39:00,6525,6525,6525,6525,0
2022-05-10 12:40:00,6525,6525,6525,6525,0
2022-05-10 12:41:00,6525,6525,6525,6525,0
2022-05-10 12:42:00,6525,6525,6525,6525,0
2022-05-10 12:43:00,6525,6525,6525,6525,0
2022-05-10 12:44:00,6525,6525,6525,6525,0
2022-05-10 12:45:00,6525,6525,6525,6525,0
2022-05-10 12:46:00,6525,6525,6525,6525,0
2022-05-10 12:47:00,6525,6525,6525,6525,0
2022-05-10 12:48:00,6525,6525,6525,6525,0
2022-05-10 12:49:00,6525,6525,6525,6525,0
2022-05-10 12:50:00,6525,6525,6525,6525,0
2022-05-10 12:51:00,6525,6525,6525,6525,0
2022-05-10 12:52:00,6525,6525,6525,6525,0
2022-05-10 12:53:00,6525,6525,6525,6525,0
2022-05-10 12:54:00,6525,6525,6525,6525,0
2022-05-10 12:55:00,6525,6525,6525,6525,0
2022-05-10 12:56:00,6525,6525,6525,6525,0
2022-05-10 12:57:00,6525,6525,6525,6525,0
2022-05-10 12:58:00,6525,6525,6525,6525,0
2022-05-10 12:59:00,6525,6525,6525,6525,0
2022-05-10 13:00:00,6525,6525,6525,6525,0
2022-05-10 13:01:00,6525,6525,6525,6525,0
2022-05-10 13:02:00,6525,6525,6525,6525,0
2022-05-10 13:03:00,6525,6525,6525,6525,0
2022-05-10 13:04:00,6525,6525,6525,6525,0
2022-05-10 13:05:00,6525,6525,6525,6525,0
2022-05-10 13:06:00,6525,6525,6525,6525,0
2022-05-10 13:07:00,6525,6525,6525,6525,0
2022-05-10 13:08:00,6525,6525,6525,6525,0
2022-05-10 13:09:00,6525,6525,6525,6525,0
2022-05-10 13:10:00,6525,6525,6525,6525,0
2022-05-10 13:11:00,6525,6525,6525,6525,0
2022-05-10 13:12:00,6525,6525,6525,6525,0
2022-05-10 13:13:00,6525,6525,6525,6525,0
2022-05-10 13:14:00,6525,6525,6525,6525,0
2022-05-10 13:15:00,6525,6525,6525,6525,0
2022-05-10 13:16:00,6525,6525,6525,6525,0
2022-05-10 13:17:00,6525,6525,6525,6525,0
2022-05-10 13:18:00,6525,6525,6525,6525,0
2022-05-10 13:19:00,6525,6525,6525,6525,0
2022-05-10 13:20:00,6525,6525,6525,6525,0
2022-05-10 13:21:00,6525,6525,6525,6525,0
2022-05-10 13:22:00,6525,6525,6525,6525,0
2022-05-10 13:23:00,6525,6525,6525,6525,0
2022-05-10 13:24:00,6525,6525,6525,6525,0
2022-05-10 13:25:00,6525,6525,6525,6525,0
2022-05-10 13:26:00,6525,6525,6525,6525,0
2022-05-10 13:27:00,6525,6525,6525,6525,0
2022-05-10 13:28:00,6525,6525,6525,6525,0
2022-05-10 13:29:00,6525,6525,6525,6525,0
2022-05-10 13:30:00,6525,6525,6525,6525,0
2022-05-10 13:31:00,6525,6525,6525,6525,0
2022-05-10 13:32:00,6525,6525,6525,6525,0
2022-05-10 13:33:00,6525,6525,6525,6525,0
2022-05-10 13:34:00,6525,6525,6525,6525,0
2022-05-10 13:35:00,6525,6525,6525,6525,0
2022-05-10 13:36:00,6525,6525,6525,6525,0
2022-05-10 13:37:00,6525,6525,6525,6525,0
2022-05-10 13:38:00,6525,6525,6525,6525,0
2022-05-10 13:39:00,6525,6525,6525,6525,0
2022-05-10 13:40:00,6525,6525,6525,6525,0
2022-05-10 13:41:00,6525,6525,6525,6525,0
2022-05-10 13:42:00,6525,6525,6525,6525,0
2022-05-10 13:43:00,6525,6525,6525,6525,0
2022-05-10 13:44:00,6525,6525,6525,6525,0
2022-05-10 13:45:00,6525,6525,6525,6525,0
2022-05-10 13:46:00,6525,6525,6525,6525,0
2022-05-10 13:47:00,6525,6525,6525,6525,0
2022-05-10 13:48:00,6525,6525,6525,6525,0
2022-05-10 13:49:00,6525,6525,6525,6525,0
2022-05-10 13:50:00,6525,6525,6525,6525,0
2022-05-10 13:51:00,6525,6525,6525,6525,0
2022-05-10 13:52:00,6525,6525,6525,6525,0
2022-05-10 13:53:00,6525,6525,6525,6525,0
2022-05-10 13:54:00,6525,6525,6525,6525,0
2022-05-10 13:55:00,6525,6525,6525,6525,0
2022-05-10 13:56:00,6525,6525,6525,6525,0
2022-05-10 13:57:00,6525,6525,6525,6525,0
2022-05-10 13:58:00,6525,6525,6525,6525,0
2022-05-10 13:59:00,6525,6525,6525,6525,0
2022-05-10 14:00:00,6525,6525,6525,6525,0
2022-05-10 14:01:00,6525,6525,6525,6525,0
2022-05-10 14:02:00,6525,6525,6525,6525,0
2022-05-10 14:03:00,6525,6525,6525,6525,0
2022-05-10 14:04:00,6525,6525,6525,6525,0
2022-05-10 14:05:00,6525,6525,6525,6525,0
2022-05-10 14:06:00,6525,6525,6525,6525,0
2022-05-10 14:07:00,6525,6525,6525,6525,0
2022-05-10 14:08:00,6525,6525,6525,6525,0
2022-05-10 14:09:00,6525,6525,6525,6525,0
2022-05-10 14:10:00,6525,6525,6525,6525,0
2022-05-10 14:11:00,6525,6525,6525,6525,0
2022-05-10 14:12:00,6525,6525,6525,6525,0
2022-05-10 14:13:00,6525,6525,6525,6525,0
2022-05-10 14:14:00,6525,6525,6525,6525,0
2022-05-10 14:15:00,6525,6525,6525,6525,0
2022-05-10 14:16:00,6525,6525,6525,6525,0
2022-05-10 14:17:00,6525,6525,6525,6525,0
2022-05-10 14:18:00,6525,6525,6525,6525,0
2022-05-10 14:19:00,6525,6525,6525,6525,0
2022-05-10 14:20:00,6525,6525,6525,6525,0
2022-05-10 14:21:00,6525,6525,6525,6525,0
2022-05-10 14:22:00,6525,6525,6525,6525,0
2022-05-10 14:23:00,6525,6525,6525,6525,0
2022-05-10 14:24:00,6525,6525,6525,6525,0
2022-05-10 14:25:00,6525,6525,6525,6525,0
2022-05-10 14:26:00,6525,6525,6525,6525,0
2022-05-10 14:27:00,6525,6525,6525,6525,0
2022-05-10 14:28:00,6525,6525,6525,6525,0
2022-05-10 14:29:00,6525,6525,6525,6525,0
2022-05-10 14:30:00,6525,6525,6525,6525,0
2022-05-10 14:31:00,6525,6525,6525,6525,0
2022-05-10 14:32:00,6525,6525,6525,6525,0
2022-05-10 14:33:00,6525,6525,6525,6525,0
2022-05-10 14:34:00,6525,6525,6525,6525,0
2022-05-10 14:35:00,6525,6525,6525,6525,0
2022-05-10 14:36:00,6525,6525,6525,6525,0
2022-05-10 14:37:00,6525,6525,6525,6525,0
2022-05-10 14:38:00,6525,6525,6525,6525,0
2022-05-10 14:39:00,6525,6525,6525,6525,0
2022-05-10 14:40:00,6525,6525,6525,6525,0
2022-05-10 14:41:00,6525,6525,6525,6525,0
2022-05-10 14:42:00,6525,6525,6525,6525,0
2022-05-10 14:43:00,6525,6525,6525,6525,0
2022-05-10 14:44:00,6525,6525,6525,6525,0
2022-05-10 14:45:00,6525,6525,6525,6525,0
2022-05-10 14:46:00,6525,6525,6525,6525,0
2022-05-10 14:47:00,6525,6525,6525,6525,0
2022-05-10 14:48:00,6525,6525,6525,6525,0
2022-05-10 14:49:00,6525,6525,6525,6525,0
2022-05-10 14:50:00,6525,6525,6525,6525,0
2022-05-10 14:51:00,6525,6525,6525,6525,0
2022-05-10 14:52:00,6525,6525,6525,6525,0
2022-05-10 14:53:00,6525,6525,6525,6525,0
2022-05-10 14:54:00,6525,6525,6525,6525,0
2022-05-10 14:55:00,6525,6525,6525,6525,0
2022-05-10 14:56:00,6525,6525,6525,6525,0
2022-05-10 14:57:00,6525,6525,6525,6525,0
2022-05-10 14:58:00,6525,6525,6525,6525,0
2022-05-10 14:59:00,6525,6525,6525,6525,0
2022-05-10 15:00:00,6525,6525,6525,6525,0
2022-05-10 15:01:00,6525,6525,6525,6525,0
2022-05-10 15:02:00,6525,6525,6525,6525,0
2022-05-10 15:03:00,6525,6525,6525,6525,0
2022-05-10 15:04:00,6525,6525,6525,6525,0
2022-05-10 15:05:00,6525,6525,6525,6525,0
2022-05-10 15:06:00,6525,6525,6525,6525,0
2022-05-10 15:07:00,6525,6525,6525,6525,0
2022-05-10 15:08:00,6525,6525,6525,6525,0
2022-05-10 15:09:00,6525,6525,6525,6525,0
2022-05-10 15:10:00,6525,6525,6525,6525,0
2022-05-10 15:11:00,6525,6525,6525,6525,0
2022-05-10 15:12:00,6525,6525,6525,6525,0
2022-05-10 15:13:00,6525,6525,6525,6525,0
2022-05-10 15:14:00,6675,6675,6675,6675,0
2022-05-10 15:15:00,6675,6675,6675,6675,0
2022-05-10 15:16:00,6675,6675,6675,6675,0
2022-05-10 15:17:00,6675,6675,6675,6675,0
2022-05-10 15:18:00,6675,6675,6675,6675,0
2022-05-10 15:19:00,6675,6675,6675,6675,0
2022-05-10 15:20:00,6675,6675,6675,6675,0
2022-05-10 15:21:00,6675,6675,6675,6675,0
2022-05-10 15:22:00,6675,6675,6675,6675,0
2022-05-10 15:23:00,6675,6675,6675,6675,0
2022-05-10 15:24:00,6675,6675,6675,6675,0
2022-05-10 15:25:00,6675,6675,6675,6675,0
2022-05-10 15:26:00,6675,6675,6675,6675,0
2022-05-10 15:27:00,6675,6675,6675,6675,0
2022-05-10 15:28:00,6675,6675,6675,6675,0
2022-05-10 15:29:00,6675,6675,6675,6675,0
2022-05-10 15:30:00,6675,6675,6675,6675,0
2022-05-10 15:31:00,6675,6675,6675,6675,0
2022-05-10 15:32:00,6675,6675,6675,6675,0
2022-05-10 15:33:00,6675,6675,6675,6675,0
2022-05-10 15:34:00,6675,6675,6675,6675,0
2022-05-10 15:35:00,6675,6675,6675,6675,0
2022-05-10 15:36:00,6675,6675,6675,6675,0
2022-05-10 15:37:00,6675,6675,6675,6675,0
2022-05-10 15:38:00,6675,6675,6675,6675,0
2022-05-10 15:39:00,6675,6675,6675,6675,0
2022-05-10 15:40:00,6675,6675,6675,6675,0
2022-05-10 15:41:00,6675,6675,6675,6675,0
2022-05-10 15:42:00,6675,6675,6675,6675,0
2022-05-10 15:43:00,6675,6675,6675,6675,0
2022-05-10 15:44:00,6675,6675,6675,6675,0
2022-05-10 15:45:00,6675,6675,6675,6675,0
2022-05-10 15:46:00,6675,6675,6675,6675,0
2022-05-10 15:47:00,6675,6675,6675,6675,0
2022-05-10 15:48:00,6675,6675,6675,6675,0
2022-05-10 15:49:00,6675,6675,6675,6675,0
2022-05-10 15:50:00,6675,6675,6675,6675,0
2022-05-10 15:51:00,6675,6675,6675,6675,0
2022-05-10 15:52:00,6675,6675,6675,6675,0
2022-05-10 15:53:00,6675,6675,6675,6675,0
2022-05-10 15:54:00,6675,6675,6675,6675,0
2022-05-10 15:55:00,6675,6675,6675,6675,0
2022-05-10 15:56:00,6675,6675,6675,6675,0
2022-05-10 15:57:00,6675,6675,6675,6675,0
2022-05-10 15:58:00,6675,6675,6675,6675,0
2022-05-10 15:59:00,6675,6675,6675,6675,0
2022-05-11 09:00:00,6700,6700,6750,6750,32800
2022-05-11 09:01:00,6725,6725,6750,6725,27200
2022-05-11 09:02:00,6725,6700,6725,6725,22900
2022-05-11 09:03:00,6725,6700,6725,6725,26100
2022-05-11 09:04:00,6725,6700,6725,6700,78500
2022-05-11 09:05:00,6700,6675,6700,6700,9000
2022-05-11 09:06:00,6700,6675,6700,6700,16600
2022-05-11 09:07:00,6675,6650,6675,6650,42300
2022-05-11 09:08:00,6625,6625,6650,6625,10100
2022-05-11 09:09:00,6650,6650,6650,6650,3100
2022-05-11 09:10:00,6650,6625,6650,6650,10900
2022-05-11 09:11:00,6650,6625,6650,6650,2400
2022-05-11 09:12:00,6650,6650,6650,6650,100
2022-05-11 09:13:00,6650,6650,6650,6650,1600
2022-05-11 09:14:00,6625,6625,6650,6625,3400
2022-05-11 09:15:00,6625,6625,6625,6625,18400
2022-05-11 09:16:00,6625,6625,6625,6625,11600
2022-05-11 09:17:00,6625,6625,6650,6625,2000
2022-05-11 09:18:00,6625,6625,6625,6625,5000
2022-05-11 09:19:00,6625,6625,6625,6625,500
2022-05-11 09:20:00,6625,6625,6625,6625,5100
2022-05-11 09:21:00,6625,6625,6625,6625,1000
2022-05-11 09:22:00,6625,6625,6625,6625,700
2022-05-11 09:23:00,6650,6625,6650,6650,6400
2022-05-11 09:24:00,6650,6625,6650,6625,9500
2022-05-11 09:25:00,6650,6625,6650,6625,1700
2022-05-11 09:26:00,6650,6650,6675,6675,3100
2022-05-11 09:27:00,6675,6675,6675,6675,3300
2022-05-11 09:28:00,6675,6650,6675,6650,2600
2022-05-11 09:29:00,6650,6650,6650,6650,8100
2022-05-11 09:30:00,6675,6650,6675,6650,3800
2022-05-11 09:31:00,6650,6650,6650,6650,9100
2022-05-11 09:32:00,6650,6650,6675,6675,9300
2022-05-11 09:33:00,6675,6650,6675,6650,9400
2022-05-11 09:34:00,6675,6650,6675,6650,9000
2022-05-11 09:35:00,6650,6650,6675,6675,900
2022-05-11 09:36:00,6675,6650,6675,6675,3200
2022-05-11 09:37:00,6675,6650,6675,6675,8400
2022-05-11 09:38:00,6675,6650,6675,6675,17900
2022-05-11 09:39:00,6675,6675,6675,6675,472100
2022-05-11 09:40:00,6675,6675,6675,6675,6600
2022-05-11 09:41:00,6675,6650,6675,6650,2700
2022-05-11 09:42:00,6675,6650,6675,6675,13400
2022-05-11 09:43:00,6675,6675,6675,6675,54200
2022-05-11 09:44:00,6675,6675,6675,6675,12200
2022-05-11 09:45:00,6675,6675,6675,6675,100
2022-05-11 09:46:00,6675,6675,6675,6675,20100
2022-05-11 09:47:00,6675,6675,6675,6675,5400
2022-05-11 09:48:00,6675,6675,6675,6675,9700
2022-05-11 09:49:00,6700,6700,6700,6700,600
2022-05-11 09:50:00,6675,6675,6675,6675,1000
2022-05-11 09:51:00,6675,6650,6675,6650,113700
2022-05-11 09:52:00,6675,6675,6675,6675,100
2022-05-11 09:53:00,6675,6650,6675,6675,2600
2022-05-11 09:54:00,6675,6650,6675,6675,11200
2022-05-11 09:55:00,6675,6675,6675,6675,62800
2022-05-11 09:56:00,6675,6675,6700,6675,58000
2022-05-11 09:57:00,6675,6675,6675,6675,3600
2022-05-11 09:58:00,6700,6675,6700,6675,13400
2022-05-11 09:59:00,6675,6675,6675,6675,100
2022-05-11 10:00:00,6700,6700,6700,6700,25700
2022-05-11 10:01:00,6675,6675,6700,6700,4700
2022-05-11 10:02:00,6700,6700,6700,6700,49600
2022-05-11 10:03:00,6700,6700,6725,6725,45100
2022-05-11 10:04:00,6700,6700,6700,6700,2000
2022-05-11 10:05:00,6700,6700,6725,6725,5400
2022-05-11 10:06:00,6700,6700,6700,6700,11500
2022-05-11 10:07:00,6700,6700,6700,6700,19900
2022-05-11 10:08:00,6725,6725,6725,6725,800
2022-05-11 10:09:00,6725,6725,6725,6725,10200
2022-05-11 10:10:00,6725,6700,6725,6725,1600
2022-05-11 10:11:00,6700,6700,6700,6700,1700
2022-05-11 10:12:00,6700,6700,6700,6700,1900
2022-05-11 10:13:00,6700,6700,6725,6725,4300
2022-05-11 10:14:00,6725,6700,6725,6700,3000
2022-05-11 10:15:00,6725,6725,6725,6725,10000
2022-05-11 10:16:00,6725,6700,6725,6725,3300
2022-05-11 10:17:00,6700,6700,6700,6700,2100
2022-05-11 10:18:00,6700,6700,6725,6725,44900
2022-05-11 10:19:00,6725,6700,6725,6700,11100
2022-05-11 10:20:00,6725,6700,6725,6700,0
2022-05-11 10:21:00,6700,6675,6700,6700,148900
2022-05-11 10:22:00,6675,6675,6675,6675,100
2022-05-11 10:23:00,6700,6700,6700,6700,101100
2022-05-11 10:24:00,6700,6700,6700,6700,2100
2022-05-11 10:25:00,6700,6700,6700,6700,5000
2022-05-11 10:26:00,6675,6675,6700,6700,300
2022-05-11 10:27:00,6700,6700,6700,6700,3000
2022-05-11 10:28:00,6700,6675,6700,6675,34400
2022-05-11 10:29:00,6700,6700,6700,6700,1500
2022-05-11 10:30:00,6700,6700,6700,6700,0
2022-05-11 10:31:00,6700,6700,6700,6700,1200
2022-05-11 10:32:00,6675,6675,6700,6675,7000
2022-05-11 10:33:00,6675,6675,6700,6675,0
2022-05-11 10:34:00,6675,6675,6675,6675,8300
2022-05-11 10:35:00,6675,6675,6675,6675,800
2022-05-11 10:36:00,6675,6675,6675,6675,6600
2022-05-11 10:37:00,6700,6700,6700,6700,5500
2022-05-11 10:38:00,6675,6675,6675,6675,1300
2022-05-11 10:39:00,6675,6675,6675,6675,400
2022-05-11 10:40:00,6700,6700,6700,6700,100
2022-05-11 10:41:00,6700,6700,6700,6700,0
2022-05-11 10:42:00,6700,6700,6700,6700,2000
2022-05-11 10:43:00,6675,6675,6675,6675,400
2022-05-11 10:44:00,6700,6675,6700,6700,3600
2022-05-11 10:45:00,6675,6675,6675,6675,100
2022-05-11 10:46:00,6700,6700,6700,6700,100
2022-05-11 10:47:00,6675,6675,6675,6675,500
2022-05-11 10:48:00,6675,6675,6675,6675,0
2022-05-11 10:49:00,6675,6675,6675,6675,2000
2022-05-11 10:50:00,6675,6675,6700,6700,1400
2022-05-11 10:51:00,6675,6675,6700,6700,0
2022-05-11 10:52:00,6700,6675,6700,6700,900
2022-05-11 10:53:00,6700,6675,6700,6675,500
2022-05-11 10:54:00,6700,6700,6700,6700,200
2022-05-11 10:55:00,6675,6675,6675,6675,10000
2022-05-11 10:56:00,6675,6675,6675,6675,1400
2022-05-11 10:57:00,6675,6675,6675,6675,500
2022-05-11 10:58:00,6675,6675,6675,6675,3400
2022-05-11 10:59:00,6675,6675,6675,6675,200
2022-05-11 11:00:00,6675,6675,6675,6675,200
2022-05-11 11:01:00,6675,6675,6675,6675,800
2022-05-11 11:02:00,6675,6675,6675,6675,100
2022-05-11 11:03:00,6675,6675,6675,6675,1300
2022-05-11 11:04:00,6675,6675,6700,6700,2800
2022-05-11 11:05:00,6675,6675,6700,6700,0
2022-05-11 11:06:00,6675,6675,6700,6700,0
2022-05-11 11:07:00,6675,6675,6700,6700,1400
2022-05-11 11:08:00,6700,6700,6700,6700,1300
2022-05-11 11:09:00,6700,6700,6700,6700,0
2022-05-11 11:10:00,6700,6700,6700,6700,0
2022-05-11 11:11:00,6700,6700,6700,6700,100
2022-05-11 11:12:00,6700,6700,6700,6700,2000
2022-05-11 11:13:00,6700,6700,6700,6700,300
2022-05-11 11:14:00,6700,6700,6700,6700,1300
2022-05-11 11:15:00,6700,6700,6700,6700,100
2022-05-11 11:16:00,6700,6700,6700,6700,0
2022-05-11 11:17:00,6675,6675,6675,6675,44000
2022-05-11 11:18:00,6675,6675,6675,6675,3600
2022-05-11 11:19:00,6675,6675,6675,6675,1200
2022-05-11 11:20:00,6700,6675,6700,6675,2500
2022-05-11 11:21:00,6675,6675,6675,6675,600
2022-05-11 11:22:00,6675,6675,6675,6675,15800
2022-05-11 11:23:00,6675,6675,6675,6675,100
2022-05-11 11:24:00,6675,6675,6675,6675,100
2022-05-11 11:25:00,6700,6675,6700,6675,1000
2022-05-11 11:26:00,6700,6675,6700,6700,30200
2022-05-11 11:27:00,6700,6675,6700,6675,200
2022-05-11 11:28:00,6675,6675,6700,6700,5500
2022-05-11 11:29:00,6700,6700,6700,6700,24700
2022-05-11 11:30:00,6700,6700,6700,6700,0
2022-05-11 11:31:00,6700,6700,6700,6700,0
2022-05-11 11:32:00,6700,6700,6700,6700,0
2022-05-11 11:33:00,6700,6700,6700,6700,0
2022-05-11 11:34:00,6700,6700,6700,6700,0
2022-05-11 11:35:00,6700,6700,6700,6700,0
2022-05-11 11:36:00,6700,6700,6700,6700,0
2022-05-11 11:37:00,6700,6700,6700,6700,0
2022-05-11 11:38:00,6700,6700,6700,6700,0
2022-05-11 11:39:00,6700,6700,6700,6700,0
2022-05-11 11:40:00,6700,6700,6700,6700,0
2022-05-11 11:41:00,6700,6700,6700,6700,0
2022-05-11 11:42:00,6700,6700,6700,6700,0
2022-05-11 11:43:00,6700,6700,6700,6700,0
2022-05-11 11:44:00,6700,6700,6700,6700,0
2022-05-11 11:45:00,6700,6700,6700,6700,0
2022-05-11 11:46:00,6700,6700,6700,6700,0
2022-05-11 11:47:00,6700,6700,6700,6700,0
2022-05-11 11:48:00,6700,6700,6700,6700,0
2022-05-11 11:49:00,6700,6700,6700,6700,0
2022-05-11 11:50:00,6700,6700,6700,6700,0
2022-05-11 11:51:00,6700,6700,6700,6700,0
2022-05-11 11:52:00,6700,6700,6700,6700,0
2022-05-11 11:53:00,6700,6700,6700,6700,0
2022-05-11 11:54:00,6700,6700,6700,6700,0
2022-05-11 11:55:00,6700,6700,6700,6700,0
2022-05-11 11:56:00,6700,6700,6700,6700,0
2022-05-11 11:57:00,6700,6700,6700,6700,0
2022-05-11 11:58:00,6700,6700,6700,6700,0
2022-05-11 11:59:00,6700,6700,6700,6700,0
2022-05-11 12:00:00,6700,6700,6700,6700,0
2022-05-11 12:01:00,6700,6700,6700,6700,0
2022-05-11 12:02:00,6700,6700,6700,6700,0
2022-05-11 12:03:00,6700,6700,6700,6700,0
2022-05-11 12:04:00,6700,6700,6700,6700,0
2022-05-11 12:05:00,6700,6700,6700,6700,0
2022-05-11 12:06:00,6700,6700,6700,6700,0
2022-05-11 12:07:00,6700,6700,6700,6700,0
2022-05-11 12:08:00,6700,6700,6700,6700,0
2022-05-11 12:09:00,6700,6700,6700,6700,0
2022-05-11 12:10:00,6700,6700,6700,6700,0
2022-05-11 12:11:00,6700,6700,6700,6700,0
2022-05-11 12:12:00,6700,6700,6700,6700,0
2022-05-11 12:13:00,6700,6700,6700,6700,0
2022-05-11 12:14:00,6700,6700,6700,6700,0
2022-05-11 12:15:00,6700,6700,6700,6700,0
2022-05-11 12:16:00,6700,6700,6700,6700,0
2022-05-11 12:17:00,6700,6700,6700,6700,0
2022-05-11 12:18:00,6700,6700,6700,6700,0
2022-05-11 12:19:00,6700,6700,6700,6700,0
2022-05-11 12:20:00,6700,6700,6700,6700,0
2022-05-11 12:21:00,6700,6700,6700,6700,0
2022-05-11 12:22:00,6700,6700,6700,6700,0
2022-05-11 12:23:00,6700,6700,6700,6700,0
2022-05-11 12:24:00,6700,6700,6700,6700,0
2022-05-11 12:25:00,6700,6700,6700,6700,0
2022-05-11 12:26:00,6700,6700,6700,6700,0
2022-05-11 12:27:00,6700,6700,6700,6700,0
2022-05-11 12:28:00,6700,6700,6700,6700,0
2022-05-11 12:29:00,6700,6700,6700,6700,0
2022-05-11 12:30:00,6700,6700,6700,6700,0
2022-05-11 12:31:00,6700,6700,6700,6700,0
2022-05-11 12:32:00,6700,6700,6700,6700,0
2022-05-11 12:33:00,6700,6700,6700,6700,0
2022-05-11 12:34:00,6700,6700,6700,6700,0
2022-05-11 12:35:00,6700,6700,6700,6700,0
2022-05-11 12:36:00,6700,6700,6700,6700,0
2022-05-11 12:37:00,6700,6700,6700,6700,0
2022-05-11 12:38:00,6700,6700,6700,6700,0
2022-05-11 12:39:00,6700,6700,6700,6700,0
2022-05-11 12:40:00,6700,6700,6700,6700,0
2022-05-11 12:41:00,6700,6700,6700,6700,0
2022-05-11 12:42:00,6700,6700,6700,6700,0
2022-05-11 12:43:00,6700,6700,6700,6700,0
2022-05-11 12:44:00,6700,6700,6700,6700,0
2022-05-11 12:45:00,6700,6700,6700,6700,0
2022-05-11 12:46:00,6700,6700,6700,6700,0
2022-05-11 12:47:00,6700,6700,6700,6700,0
2022-05-11 12:48:00,6700,6700,6700,6700,0
2022-05-11 12:49:00,6700,6700,6700,6700,0
2022-05-11 12:50:00,6700,6700,6700,6700,0
2022-05-11 12:51:00,6700,6700,6700,6700,0
2022-05-11 12:52:00,6700,6700,6700,6700,0
2022-05-11 12:53:00,6700,6700,6700,6700,0
2022-05-11 12:54:00,6700,6700,6700,6700,0
2022-05-11 12:55:00,6700,6700,6700,6700,0
2022-05-11 12:56:00,6700,6700,6700,6700,0
2022-05-11 12:57:00,6700,6700,6700,6700,0
2022-05-11 12:58:00,6700,6700,6700,6700,0
2022-05-11 12:59:00,6700,6700,6700,6700,0
2022-05-11 13:00:00,6700,6700,6700,6700,0
2022-05-11 13:01:00,6700,6700,6700,6700,0
2022-05-11 13:02:00,6700,6700,6700,6700,0
2022-05-11 13:03:00,6700,6700,6700,6700,0
2022-05-11 13:04:00,6700,6700,6700,6700,0
2022-05-11 13:05:00,6700,6700,6700,6700,0
2022-05-11 13:06:00,6700,6700,6700,6700,0
2022-05-11 13:07:00,6700,6700,6700,6700,0
2022-05-11 13:08:00,6700,6700,6700,6700,0
2022-05-11 13:09:00,6700,6700,6700,6700,0
2022-05-11 13:10:00,6700,6700,6700,6700,0
2022-05-11 13:11:00,6700,6700,6700,6700,0
2022-05-11 13:12:00,6700,6700,6700,6700,0
2022-05-11 13:13:00,6700,6700,6700,6700,0
2022-05-11 13:14:00,6700,6700,6700,6700,0
2022-05-11 13:15:00,6700,6700,6700,6700,0
2022-05-11 13:16:00,6700,6700,6700,6700,0
2022-05-11 13:17:00,6700,6700,6700,6700,0
2022-05-11 13:18:00,6700,6700,6700,6700,0
2022-05-11 13:19:00,6700,6700,6700,6700,0
2022-05-11 13:20:00,6700,6700,6700,6700,0
2022-05-11 13:21:00,6700,6700,6700,6700,0
2022-05-11 13:22:00,6700,6700,6700,6700,0
2022-05-11 13:23:00,6700,6700,6700,6700,0
2022-05-11 13:24:00,6700,6700,6700,6700,0
2022-05-11 13:25:00,6700,6700,6700,6700,0
2022-05-11 13:26:00,6700,6700,6700,6700,0
2022-05-11 13:27:00,6700,6700,6700,6700,0
2022-05-11 13:28:00,6700,6700,6700,6700,0
2022-05-11 13:29:00,6700,6700,6700,6700,0
2022-05-11 13:30:00,6700,6675,6700,6675,67300
2022-05-11 13:31:00,6675,6675,6675,6675,500
2022-05-11 13:32:00,6700,6675,6700,6675,2700
2022-05-11 13:33:00,6700,6700,6700,6700,5000
2022-05-11 13:34:00,6700,6675,6700,6700,18700
2022-05-11 13:35:00,6675,6675,6700,6675,1100
2022-05-11 13:36:00,6675,6675,6675,6675,600
2022-05-11 13:37:00,6675,6675,6675,6675,400
2022-05-11 13:38:00,6675,6675,6700,6700,1500
2022-05-11 13:39:00,6700,6675,6700,6675,1500
2022-05-11 13:40:00,6675,6675,6700,6675,1300
2022-05-11 13:41:00,6675,6675,6675,6675,900
2022-05-11 13:42:00,6675,6675,6675,6675,900
2022-05-11 13:43:00,6675,6675,6700,6700,1000
2022-05-11 13:44:00,6700,6675,6700,6675,8400
2022-05-11 13:45:00,6700,6675,6700,6675,1600
2022-05-11 13:46:00,6675,6675,6675,6675,700
2022-05-11 13:47:00,6675,6675,6700,6675,1800
2022-05-11 13:48:00,6700,6675,6700,6675,10900
2022-05-11 13:49:00,6700,6675,6700,6700,34400
2022-05-11 13:50:00,6700,6700,6700,6700,2100
2022-05-11 13:51:00,6700,6700,6700,6700,0
2022-05-11 13:52:00,6700,6700,6700,6700,400
2022-05-11 13:53:00,6700,6700,6725,6725,4400
2022-05-11 13:54:00,6725,6725,6725,6725,2400
2022-05-11 13:55:00,6725,6725,6725,6725,600
2022-05-11 13:56:00,6725,6725,6725,6725,0
2022-05-11 13:57:00,6725,6725,6725,6725,100
2022-05-11 13:58:00,6725,6725,6725,6725,1400
2022-05-11 13:59:00,6725,6725,6725,6725,4500
2022-05-11 14:00:00,6700,6700,6700,6700,2000
2022-05-11 14:01:00,6700,6700,6725,6725,700
2022-05-11 14:02:00,6725,6700,6725,6700,2400
2022-05-11 14:03:00,6725,6700,6725,6700,0
2022-05-11 14:04:00,6725,6700,6725,6700,0
2022-05-11 14:05:00,6700,6700,6700,6700,7400
2022-05-11 14:06:00,6700,6700,6700,6700,26500
2022-05-11 14:07:00,6700,6700,6725,6725,6800
2022-05-11 14:08:00,6700,6700,6700,6700,100
2022-05-11 14:09:00,6700,6700,6700,6700,45300
2022-05-11 14:10:00,6700,6700,6700,6700,5100
2022-05-11 14:11:00,6725,6725,6725,6725,700
2022-05-11 14:12:00,6700,6700,6725,6725,5100
2022-05-11 14:13:00,6700,6700,6725,6725,0
2022-05-11 14:14:00,6700,6700,6725,6700,900
2022-05-11 14:15:00,6700,6700,6700,6700,10400
2022-05-11 14:16:00,6725,6725,6725,6725,1000
2022-05-11 14:17:00,6700,6700,6700,6700,1200
2022-05-11 14:18:00,6700,6700,6700,6700,4200
2022-05-11 14:19:00,6700,6700,6700,6700,8700
2022-05-11 14:20:00,6725,6700,6725,6700,9400
2022-05-11 14:21:00,6700,6700,6725,6700,2007700
2022-05-11 14:22:00,6700,6700,6700,6700,96000
2022-05-11 14:23:00,6675,6675,6700,6700,61200
2022-05-11 14:24:00,6700,6675,6700,6700,20400
2022-05-11 14:25:00,6700,6700,6700,6700,5400
2022-05-11 14:26:00,6675,6675,6700,6700,500
2022-05-11 14:27:00,6700,6700,6700,6700,104700
2022-05-11 14:28:00,6700,6675,6700,6700,44100
2022-05-11 14:29:00,6700,6675,6700,6700,39600
2022-05-11 14:30:00,6700,6700,6700,6700,11700
2022-05-11 14:31:00,6700,6700,6700,6700,10100
2022-05-11 14:32:00,6700,6700,6700,6700,12400
2022-05-11 14:33:00,6700,6700,6700,6700,100
2022-05-11 14:34:00,6700,6675,6700,6700,900
2022-05-11 14:35:00,6675,6675,6700,6700,400
2022-05-11 14:36:00,6675,6675,6700,6700,0
2022-05-11 14:37:00,6675,6675,6675,6675,1200
2022-05-11 14:38:00,6675,6675,6700,6700,600
2022-05-11 14:39:00,6700,6700,6700,6700,76000
2022-05-11 14:40:00,6700,6700,6700,6700,3000
2022-05-11 14:41:00,6675,6675,6700,6675,2700
2022-05-11 14:42:00,6675,6675,6700,6700,2800
2022-05-11 14:43:00,6700,6675,6700,6700,12300
2022-05-11 14:44:00,6675,6675,6700,6700,3500
2022-05-11 14:45:00,6700,6675,6700,6700,2900
2022-05-11 14:46:00,6700,6700,6700,6700,4000
2022-05-11 14:47:00,6700,6675,6700,6700,10300
2022-05-11 14:48:00,6700,6675,6700,6700,13800
2022-05-11 14:49:00,6675,6675,6700,6675,24800
2022-05-11 14:50:00,6675,6675,6700,6675,0
2022-05-11 14:51:00,6675,6675,6700,6675,0
2022-05-11 14:52:00,6675,6675,6700,6675,0
2022-05-11 14:53:00,6675,6675,6700,6675,0
2022-05-11 14:54:00,6675,6675,6700,6675,0
2022-05-11 14:55:00,6675,6675,6700,6675,0
2022-05-11 14:56:00,6675,6675,6700,6675,0
2022-05-11 14:57:00,6675,6675,6700,6675,0
2022-05-11 14:58:00,6675,6675,6700,6675,0
2022-05-11 14:59:00,6675,6675,6700,6675,0
2022-05-11 15:00:00,6675,6675,6675,6675,65200
2022-05-11 15:01:00,6675,6675,6675,6675,3500
2022-05-11 15:02:00,6675,6675,6675,6675,6500
2022-05-11 15:03:00,6675,6675,6675,6675,300
2022-05-11 15:04:00,6675,6675,6675,6675,2000
2022-05-11 15:05:00,6675,6675,6675,6675,2100
2022-05-11 15:06:00,6675,6675,6675,6675,0
2022-05-11 15:07:00,6675,6675,6675,6675,100
2022-05-11 15:08:00,6675,6675,6675,6675,5000
2022-05-11 15:09:00,6675,6675,6675,6675,600
2022-05-11 15:10:00,6675,6675,6675,6675,100
2022-05-11 15:11:00,6675,6675,6675,6675,2000
2022-05-11 15:12:00,6675,6675,6675,6675,12000
2022-05-11 15:13:00,6675,6675,6675,6675,5200
2022-05-11 15:14:00,6675,6675,6675,6675,0
2022-05-11 15:15:00,6675,6675,6675,6675,0
2022-05-11 15:16:00,6675,6675,6675,6675,0
2022-05-11 15:17:00,6675,6675,6675,6675,0
2022-05-11 15:18:00,6675,6675,6675,6675,0
2022-05-11 15:19:00,6675,6675,6675,6675,0
2022-05-11 15:20:00,6675,6675,6675,6675,0
2022-05-11 15:21:00,6675,6675,6675,6675,0
2022-05-11 15:22:00,6675,6675,6675,6675,0
2022-05-11 15:23:00,6675,6675,6675,6675,0
2022-05-11 15:24:00,6675,6675,6675,6675,0
2022-05-11 15:25:00,6675,6675,6675,6675,0
2022-05-11 15:26:00,6675,6675,6675,6675,0
2022-05-11 15:27:00,6675,6675,6675,6675,0
2022-05-11 15:28:00,6675,6675,6675,6675,0
2022-05-11 15:29:00,6675,6675,6675,6675,0
2022-05-11 15:30:00,6675,6675,6675,6675,0
2022-05-11 15:31:00,6675,6675,6675,6675,0
2022-05-11 15:32:00,6675,6675,6675,6675,0
2022-05-11 15:33:00,6675,6675,6675,6675,0
2022-05-11 15:34:00,6675,6675,6675,6675,0
2022-05-11 15:35:00,6675,6675,6675,6675,0
2022-05-11 15:36:00,6675,6675,6675,6675,0
2022-05-11 15:37:00,6675,6675,6675,6675,0
2022-05-11 15:38:00,6675,6675,6675,6675,0
2022-05-11 15:39:00,6675,6675,6675,6675,0
2022-05-11 15:40:00,6675,6675,6675,6675,0
2022-05-11 15:41:00,6675,6675,6675,6675,0
2022-05-11 15:42:00,6675,6675,6675,6675,0
2022-05-11 15:43:00,6675,6675,6675,6675,0
2022-05-11 15:44:00,6675,6675,6675,6675,0
2022-05-11 15:45:00,6675,6675,6675,6675,0
2022-05-11 15:46:00,6675,6675,6675,6675,0
2022-05-11 15:47:00,6675,6675,6675,6675,0
2022-05-11 15:48:00,6675,6675,6675,6675,0
2022-05-11 15:49:00,6675,6675,6675,6675,0
2022-05-11 15:50:00,6675,6675,6675,6675,0
2022-05-11 15:51:00,6675,6675,6675,6675,0
2022-05-11 15:52:00,6675,6675,6675,6675,0
2022-05-11 15:53:00,6675,6675,6675,6675,0
2022-05-11 15:54:00,6675,6675,6675,6675,0
2022-05-11 15:55:00,6675,6675,6675,6675,0
2022-05-11 15:56:00,6675,6675,6675,6675,0
2022-05-11 15:57:00,6675,6675,6675,6675,0
2022-05-11 15:58:00,6675,6675,6675,6675,0
2022-05-11 15:59:00,6675,6675,6675,6675,0
2022-05-12 09:00:00,6700,6650,6700,6700,37900
2022-05-12 09:01:00,6700,6625,6700,6650,10100
2022-05-12 09:02:00,6625,6625,6650,6650,25800
2022-05-12 09:03:00,6650,6650,6675,6675,10900
2022-05-12 09:04:00,6650,6625,6650,6625,8200
2022-05-12 09:05:00,6625,6625,6650,6625,4100
2022-05-12 09:06:00,6625,6625,6625,6625,3200
2022-05-12 09:07:00,6625,6625,6650,6650,17500
2022-05-12 09:08:00,6625,6600,6625,6625,37900
2022-05-12 09:09:00,6625,6600,6625,6600,400
2022-05-12 09:10:00,6600,6600,6625,6625,3100
2022-05-12 09:11:00,6625,6625,6625,6625,7300
2022-05-12 09:12:00,6625,6600,6625,6625,3400
2022-05-12 09:13:00,6625,6625,6625,6625,4700
2022-05-12 09:14:00,6625,6625,6625,6625,0
2022-05-12 09:15:00,6625,6625,6650,6650,2800
2022-05-12 09:16:00,6650,6625,6650,6625,600
2022-05-12 09:17:00,6625,6625,6625,6625,3700
2022-05-12 09:18:00,6625,6600,6625,6625,3600
2022-05-12 09:19:00,6625,6625,6625,6625,31700
2022-05-12 09:20:00,6625,6625,6625,6625,0
2022-05-12 09:21:00,6625,6625,6625,6625,28000
2022-05-12 09:22:00,6625,6625,6625,6625,3400
2022-05-12 09:23:00,6625,6625,6625,6625,1700
2022-05-12 09:24:00,6625,6625,6625,6625,10200
2022-05-12 09:25:00,6625,6625,6625,6625,1700
2022-05-12 09:26:00,6600,6600,6625,6625,7200
2022-05-12 09:27:00,6625,6625,6625,6625,100
2022-05-12 09:28:00,6625,6625,6625,6625,600
2022-05-12 09:29:00,6625,6625,6625,6625,5000
2022-05-12 09:30:00,6625,6625,6625,6625,0
2022-05-12 09:31:00,6625,6625,6625,6625,9100
2022-05-12 09:32:00,6600,6600,6600,6600,4000
2022-05-12 09:33:00,6600,6600,6600,6600,10500
2022-05-12 09:34:00,6625,6600,6625,6600,43700
2022-05-12 09:35:00,6600,6600,6625,6625,5100
2022-05-12 09:36:00,6600,6600,6600,6600,75200
2022-05-12 09:37:00,6600,6600,6600,6600,58000
2022-05-12 09:38:00,6625,6600,6625,6600,3900
2022-05-12 09:39:00,6625,6625,6625,6625,3000
2022-05-12 09:40:00,6625,6600,6625,6600,6400
2022-05-12 09:41:00,6600,6600,6600,6600,1500
2022-05-12 09:42:00,6600,6600,6625,6600,3600
2022-05-12 09:43:00,6600,6600,6600,6600,6200
2022-05-12 09:44:00,6600,6600,6600,6600,2600
2022-05-12 09:45:00,6600,6600,6625,6625,2100
2022-05-12 09:46:00,6625,6625,6625,6625,100
2022-05-12 09:47:00,6600,6600,6625,6600,2400
2022-05-12 09:48:00,6600,6600,6600,6600,5200
2022-05-12 09:49:00,6600,6600,6600,6600,1000
2022-05-12 09:50:00,6625,6625,6625,6625,200
2022-05-12 09:51:00,6600,6600,6600,6600,13000
2022-05-12 09:52:00,6600,6600,6625,6600,5200
2022-05-12 09:53:00,6600,6600,6625,6600,3200
2022-05-12 09:54:00,6600,6600,6600,6600,6400
2022-05-12 09:55:00,6600,6600,6600,6600,900
2022-05-12 09:56:00,6600,6600,6600,6600,5000
2022-05-12 09:57:00,6625,6600,6625,6600,10900
2022-05-12 09:58:00,6600,6600,6600,6600,41400
2022-05-12 09:59:00,6600,6600,6600,6600,27600
2022-05-12 10:00:00,6600,6600,6625,6600,8400
2022-05-12 10:01:00,6600,6600,6600,6600,31100
2022-05-12 10:02:00,6600,6600,6600,6600,65400
2022-05-12 10:03:00,6575,6575,6575,6575,3700
2022-05-12 10:04:00,6575,6575,6575,6575,44700
2022-05-12 10:05:00,6550,6550,6550,6550,4300
2022-05-12 10:06:00,6550,6550,6550,6550,0
2022-05-12 10:07:00,6550,6550,6550,6550,34300
2022-05-12 10:08:00,6550,6550,6575,6550,2700
2022-05-12 10:09:00,6550,6550,6550,6550,1600
2022-05-12 10:10:00,6575,6550,6575,6550,22600
2022-05-12 10:11:00,6550,6550,6550,6550,8500
2022-05-12 10:12:00,6550,6550,6550,6550,1800
2022-05-12 10:13:00,6575,6550,6575,6575,1200
2022-05-12 10:14:00,6575,6550,6575,6550,600
2022-05-12 10:15:00,6550,6550,6550,6550,2200
2022-05-12 10:16:00,6550,6550,6550,6550,200
2022-05-12 10:17:00,6550,6550,6550,6550,0
2022-05-12 10:18:00,6550,6550,6550,6550,1800
2022-05-12 10:19:00,6550,6550,6550,6550,5200
2022-05-12 10:20:00,6550,6550,6550,6550,900
2022-05-12 10:21:00,6550,6550,6550,6550,2900
2022-05-12 10:22:00,6550,6550,6550,6550,3100
2022-05-12 10:23:00,6550,6550,6550,6550,0
2022-05-12 10:24:00,6550,6550,6550,6550,200
2022-05-12 10:25:00,6550,6550,6550,6550,1600
2022-05-12 10:26:00,6550,6550,6550,6550,1600
2022-05-12 10:27:00,6550,6550,6550,6550,400
2022-05-12 10:28:00,6550,6550,6550,6550,3000
2022-05-12 10:29:00,6550,6550,6550,6550,400
2022-05-12 10:30:00,6575,6575,6575,6575,400
2022-05-12 10:31:00,6550,6550,6550,6550,2000
2022-05-12 10:32:00,6550,6550,6575,6550,2400
2022-05-12 10:33:00,6550,6550,6575,6575,1300
2022-05-12 10:34:00,6550,6550,6575,6575,0
2022-05-12 10:35:00,6550,6550,6575,6575,0
2022-05-12 10:36:00,6550,6550,6575,6575,0
2022-05-12 10:37:00,6550,6550,6550,6550,6800
2022-05-12 10:38:00,6550,6550,6550,6550,200
2022-05-12 10:39:00,6550,6550,6575,6575,3200
2022-05-12 10:40:00,6550,6550,6575,6550,29800
2022-05-12 10:41:00,6550,6550,6550,6550,3300
2022-05-12 10:42:00,6550,6550,6550,6550,16700
2022-05-12 10:43:00,6550,6550,6550,6550,600
2022-05-12 10:44:00,6550,6550,6550,6550,2300
2022-05-12 10:45:00,6550,6550,6550,6550,4800
2022-05-12 10:46:00,6550,6550,6550,6550,0
2022-05-12 10:47:00,6575,6575,6575,6575,500
2022-05-12 10:48:00,6575,6575,6575,6575,0
2022-05-12 10:49:00,6550,6550,6550,6550,36400
2022-05-12 10:50:00,6550,6550,6550,6550,0
2022-05-12 10:51:00,6550,6550,6550,6550,0
2022-05-12 10:52:00,6550,6550,6550,6550,0
2022-05-12 10:53:00,6550,6550,6550,6550,0
2022-05-12 10:54:00,6525,6525,6525,6525,17500
2022-05-12 10:55:00,6525,6525,6525,6525,900
2022-05-12 10:56:00,6525,6525,6525,6525,2000
2022-05-12 10:57:00,6525,6525,6550,6550,200
2022-05-12 10:58:00,6525,6525,6525,6525,4500
2022-05-12 10:59:00,6550,6550,6550,6550,600
2022-05-12 11:00:00,6525,6525,6525,6525,17700
2022-05-12 11:01:00,6525,6525,6525,6525,0
2022-05-12 11:02:00,6550,6550,6550,6550,2000
2022-05-12 11:03:00,6525,6525,6525,6525,2300
2022-05-12 11:04:00,6525,6525,6525,6525,3800
2022-05-12 11:05:00,6525,6525,6525,6525,1100
2022-05-12 11:06:00,6525,6525,6525,6525,400
2022-05-12 11:07:00,6525,6525,6525,6525,30500
2022-05-12 11:08:00,6525,6500,6525,6500,27200
2022-05-12 11:09:00,6525,6525,6525,6525,7800
2022-05-12 11:10:00,6525,6525,6525,6525,5100
2022-05-12 11:11:00,6525,6525,6525,6525,100
2022-05-12 11:12:00,6550,6550,6550,6550,300
2022-05-12 11:13:00,6550,6550,6550,6550,0
2022-05-12 11:14:00,6550,6550,6550,6550,1000
2022-05-12 11:15:00,6550,6550,6550,6550,1000
2022-05-12 11:16:00,6525,6525,6525,6525,100
2022-05-12 11:17:00,6525,6525,6525,6525,300
2022-05-12 11:18:00,6525,6525,6525,6525,2000
2022-05-12 11:19:00,6525,6525,6525,6525,0
2022-05-12 11:20:00,6525,6525,6525,6525,0
2022-05-12 11:21:00,6525,6525,6525,6525,0
2022-05-12 11:22:00,6525,6525,6550,6550,2500
2022-05-12 11:23:00,6525,6525,6550,6550,0
2022-05-12 11:24:00,6525,6525,6525,6525,1300
2022-05-12 11:25:00,6525,6525,6525,6525,500
2022-05-12 11:26:00,6525,6525,6525,6525,4900
2022-05-12 11:27:00,6525,6525,6550,6550,1200
2022-05-12 11:28:00,6525,6525,6550,6550,0
2022-05-12 11:29:00,6525,6525,6550,6550,1100
2022-05-12 11:30:00,6525,6525,6550,6550,0
2022-05-12 11:31:00,6525,6525,6550,6550,0
2022-05-12 11:32:00,6525,6525,6550,6550,0
2022-05-12 11:33:00,6525,6525,6550,6550,0
2022-05-12 11:34:00,6525,6525,6550,6550,0
2022-05-12 11:35:00,6525,6525,6550,6550,0
2022-05-12 11:36:00,6525,6525,6550,6550,0
2022-05-12 11:37:00,6525,6525,6550,6550,0
2022-05-12 11:38:00,6525,6525,6550,6550,0
2022-05-12 11:39:00,6525,6525,6550,6550,0
2022-05-12 11:40:00,6525,6525,6550,6550,0
2022-05-12 11:41:00,6525,6525,6550,6550,0
2022-05-12 11:42:00,6525,6525,6550,6550,0
2022-05-12 11:43:00,6525,6525,6550,6550,0
2022-05-12 11:44:00,6525,6525,6550,6550,0
2022-05-12 11:45:00,6525,6525,6550,6550,0
2022-05-12 11:46:00,6525,6525,6550,6550,0
2022-05-12 11:47:00,6525,6525,6550,6550,0
2022-05-12 11:48:00,6525,6525,6550,6550,0
2022-05-12 11:49:00,6525,6525,6550,6550,0
2022-05-12 11:50:00,6525,6525,6550,6550,0
2022-05-12 11:51:00,6525,6525,6550,6550,0
2022-05-12 11:52:00,6525,6525,6550,6550,0
2022-05-12 11:53:00,6525,6525,6550,6550,0
2022-05-12 11:54:00,6525,6525,6550,6550,0
2022-05-12 11:55:00,6525,6525,6550,6550,0
2022-05-12 11:56:00,6525,6525,6550,6550,0
2022-05-12 11:57:00,6525,6525,6550,6550,0
2022-05-12 11:58:00,6525,6525,6550,6550,0
2022-05-12 11:59:00,6525,6525,6550,6550,0
2022-05-12 12:00:00,6525,6525,6550,6550,0
2022-05-12 12:01:00,6525,6525,6550,6550,0
2022-05-12 12:02:00,6525,6525,6550,6550,0
2022-05-12 12:03:00,6525,6525,6550,6550,0
2022-05-12 12:04:00,6525,6525,6550,6550,0
2022-05-12 12:05:00,6525,6525,6550,6550,0
2022-05-12 12:06:00,6525,6525,6550,6550,0
2022-05-12 12:07:00,6525,6525,6550,6550,0
2022-05-12 12:08:00,6525,6525,6550,6550,0
2022-05-12 12:09:00,6525,6525,6550,6550,0
2022-05-12 12:10:00,6525,6525,6550,6550,0
2022-05-12 12:11:00,6525,6525,6550,6550,0
2022-05-12 12:12:00,6525,6525,6550,6550,0
2022-05-12 12:13:00,6525,6525,6550,6550,0
2022-05-12 12:14:00,6525,6525,6550,6550,0
2022-05-12 12:15:00,6525,6525,6550,6550,0
2022-05-12 12:16:00,6525,6525,6550,6550,0
2022-05-12 12:17:00,6525,6525,6550,6550,0
2022-05-12 12:18:00,6525,6525,6550,6550,0
2022-05-12 12:19:00,6525,6525,6550,6550,0
2022-05-12 12:20:00,6525,6525,6550,6550,0
2022-05-12 12:21:00,6525,6525,6550,6550,0
2022-05-12 12:22:00,6525,6525,6550,6550,0
2022-05-12 12:23:00,6525,6525,6550,6550,0
2022-05-12 12:24:00,6525,6525,6550,6550,0
2022-05-12 12:25:00,6525,6525,6550,6550,0
2022-05-12 12:26:00,6525,6525,6550,6550,0
2022-05-12 12:27:00,6525,6525,6550,6550,0
2022-05-12 12:28:00,6525,6525,6550,6550,0
2022-05-12 12:29:00,6525,6525,6550,6550,0
2022-05-12 12:30:00,6525,6525,6550,6550,0
2022-05-12 12:31:00,6525,6525,6550,6550,0
2022-05-12 12:32:00,6525,6525,6550,6550,0
2022-05-12 12:33:00,6525,6525,6550,6550,0
2022-05-12 12:34:00,6525,6525,6550,6550,0
2022-05-12 12:35:00,6525,6525,6550,6550,0
2022-05-12 12:36:00,6525,6525,6550,6550,0
2022-05-12 12:37:00,6525,6525,6550,6550,0
2022-05-12 12:38:00,6525,6525,6550,6550,0
2022-05-12 12:39:00,6525,6525,6550,6550,0
2022-05-12 12:40:00,6525,6525,6550,6550,0
2022-05-12 12:41:00,6525,6525,6550,6550,0
2022-05-12 12:42:00,6525,6525,6550,6550,0
2022-05-12 12:43:00,6525,6525,6550,6550,0
2022-05-12 12:44:00,6525,6525,6550,6550,0
2022-05-12 12:45:00,6525,6525,6550,6550,0
2022-05-12 12:46:00,6525,6525,6550,6550,0
2022-05-12 12:47:00,6525,6525,6550,6550,0
2022-05-12 12:48:00,6525,6525,6550,6550,0
2022-05-12 12:49:00,6525,6525,6550,6550,0
2022-05-12 12:50:00,6525,6525,6550,6550,0
2022-05-12 12:51:00,6525,6525,6550,6550,0
2022-05-12 12:52:00,6525,6525,6550,6550,0
2022-05-12 12:53:00,6525,6525,6550,6550,0
2022-05-12 12:54:00,6525,6525,6550,6550,0
2022-05-12 12:55:00,6525,6525,6550,6550,0
2022-05-12 12:56:00,6525,6525,6550,6550,0
2022-05-12 12:57:00,6525,6525,6550,6550,0
2022-05-12 12:58:00,6525,6525,6550,6550,0
2022-05-12 12:59:00,6525,6525,6550,6550,0
2022-05-12 13:00:00,6525,6525,6550,6550,0
2022-05-12 13:01:00,6525,6525,6550,6550,0
2022-05-12 13:02:00,6525,6525,6550,6550,0
2022-05-12 13:03:00,6525,6525,6550,6550,0
2022-05-12 13:04:00,6525,6525,6550,6550,0
2022-05-12 13:05:00,6525,6525,6550,6550,0
2022-05-12 13:06:00,6525,6525,6550,6550,0
2022-05-12 13:07:00,6525,6525,6550,6550,0
2022-05-12 13:08:00,6525,6525,6550,6550,0
2022-05-12 13:09:00,6525,6525,6550,6550,0
2022-05-12 13:10:00,6525,6525,6550,6550,0
2022-05-12 13:11:00,6525,6525,6550,6550,0
2022-05-12 13:12:00,6525,6525,6550,6550,0
2022-05-12 13:13:00,6525,6525,6550,6550,0
2022-05-12 13:14:00,6525,6525,6550,6550,0
2022-05-12 13:15:00,6525,6525,6550,6550,0
2022-05-12 13:16:00,6525,6525,6550,6550,0
2022-05-12 13:17:00,6525,6525,6550,6550,0
2022-05-12 13:18:00,6525,6525,6550,6550,0
2022-05-12 13:19:00,6525,6525,6550,6550,0
2022-05-12 13:20:00,6525,6525,6550,6550,0
2022-05-12 13:21:00,6525,6525,6550,6550,0
2022-05-12 13:22:00,6525,6525,6550,6550,0
2022-05-12 13:23:00,6525,6525,6550,6550,0
2022-05-12 13:24:00,6525,6525,6550,6550,0
2022-05-12 13:25:00,6525,6525,6550,6550,0
2022-05-12 13:26:00,6525,6525,6550,6550,0
2022-05-12 13:27:00,6525,6525,6550,6550,0
2022-05-12 13:28:00,6525,6525,6550,6550,0
2022-05-12 13:29:00,6525,6525,6550,6550,0
2022-05-12 13:30:00,6550,6525,6550,6550,5900
2022-05-12 13:31:00,6550,6525,6550,6550,1145200
2022-05-12 13:32:00,6525,6475,6525,6475,333100
2022-05-12 13:33:00,6475,6475,6475,6475,15100
2022-05-12 13:34:00,6475,6450,6475,6475,110400
2022-05-12 13:35:00,6475,6475,6475,6475,2000
2022-05-12 13:36:00,6500,6475,6500,6475,14400
2022-05-12 13:37:00,6475,6475,6550,6550,5100
2022-05-12 13:38:00,6475,6475,6475,6475,300
2022-05-12 13:39:00,6475,6475,6475,6475,1700
2022-05-12 13:40:00,6475,6475,6475,6475,0
2022-05-12 13:41:00,6475,6475,6500,6500,8200
2022-05-12 13:42:00,6500,6475,6500,6475,1100
2022-05-12 13:43:00,6500,6475,6500,6475,13600
2022-05-12 13:44:00,6500,6475,6500,6475,0
2022-05-12 13:45:00,6475,6475,6475,6475,900
2022-05-12 13:46:00,6475,6475,6475,6475,0
2022-05-12 13:47:00,6475,6475,6475,6475,8700
2022-05-12 13:48:00,6475,6475,6475,6475,0
2022-05-12 13:49:00,6475,6475,6475,6475,1200
2022-05-12 13:50:00,6475,6475,6475,6475,0
2022-05-12 13:51:00,6475,6475,6475,6475,0
2022-05-12 13:52:00,6475,6475,6475,6475,13200
2022-05-12 13:53:00,6475,6475,6500,6500,1600
2022-05-12 13:54:00,6475,6475,6475,6475,2100
2022-05-12 13:55:00,6500,6475,6500,6475,7300
2022-05-12 13:56:00,6475,6475,6475,6475,800
2022-05-12 13:57:00,6475,6475,6475,6475,13100
2022-05-12 13:58:00,6475,6475,6500,6500,3100
2022-05-12 13:59:00,6500,6500,6500,6500,100
2022-05-12 14:00:00,6500,6475,6500,6475,1900
2022-05-12 14:01:00,6475,6475,6475,6475,12500
2022-05-12 14:02:00,6475,6475,6500,6475,6400
2022-05-12 14:03:00,6475,6475,6475,6475,6700
2022-05-12 14:04:00,6475,6475,6475,6475,20800
2022-05-12 14:05:00,6475,6475,6475,6475,11000
2022-05-12 14:06:00,6475,6475,6475,6475,3400
2022-05-12 14:07:00,6475,6475,6475,6475,900
2022-05-12 14:08:00,6475,6475,6500,6500,9900
2022-05-12 14:09:00,6500,6475,6500,6475,32900
2022-05-12 14:10:00,6475,6475,6475,6475,9500
2022-05-12 14:11:00,6475,6450,6475,6450,5300
2022-05-12 14:12:00,6475,6475,6475,6475,100
2022-05-12 14:13:00,6450,6450,6475,6475,600
2022-05-12 14:14:00,6450,6450,6450,6450,5000
2022-05-12 14:15:00,6475,6475,6475,6475,25100
2022-05-12 14:16:00,6450,6450,6450,6450,500
2022-05-12 14:17:00,6450,6450,6475,6475,20100
2022-05-12 14:18:00,6475,6475,6475,6475,9400
2022-05-12 14:19:00,6450,6450,6475,6475,2500
2022-05-12 14:20:00,6450,6450,6450,6450,1400
2022-05-12 14:21:00,6450,6450,6475,6450,1800
2022-05-12 14:22:00,6475,6450,6475,6450,51100
2022-05-12 14:23:00,6450,6450,6475,6450,19200
2022-05-12 14:24:00,6450,6450,6450,6450,100
2022-05-12 14:25:00,6450,6450,6450,6450,500
2022-05-12 14:26:00,6450,6450,6450,6450,7200
2022-05-12 14:27:00,6450,6450,6450,6450,5100
2022-05-12 14:28:00,6450,6450,6475,6475,4500
2022-05-12 14:29:00,6450,6450,6450,6450,93800
2022-05-12 14:30:00,6450,6450,6450,6450,35100
2022-05-12 14:31:00,6450,6450,6450,6450,14500
2022-05-12 14:32:00,6450,6425,6450,6450,2500
2022-05-12 14:33:00,6450,6450,6450,6450,5000
2022-05-12 14:34:00,6450,6450,6450,6450,1100
2022-05-12 14:35:00,6450,6450,6450,6450,2100
2022-05-12 14:36:00,6450,6450,6450,6450,8900
2022-05-12 14:37:00,6425,6425,6450,6425,25500
2022-05-12 14:38:00,6425,6425,6450,6425,0
2022-05-12 14:39:00,6450,6425,6450,6450,18800
2022-05-12 14:40:00,6450,6450,6450,6450,19700
2022-05-12 14:41:00,6475,6450,6475,6450,4000
2022-05-12 14:42:00,6450,6425,6450,6425,4800
2022-05-12 14:43:00,6450,6450,6450,6450,10600
2022-05-12 14:44:00,6450,6425,6450,6450,6900
2022-05-12 14:45:00,6450,6425,6450,6450,14800
2022-05-12 14:46:00,6450,6425,6450,6450,2900
2022-05-12 14:47:00,6425,6425,6450,6450,7700
2022-05-12 14:48:00,6425,6425,6450,6425,8600
2022-05-12 14:49:00,6425,6425,6450,6450,2900
2022-05-12 14:50:00,6425,6425,6450,6450,0
2022-05-12 14:51:00,6425,6425,6450,6450,0
2022-05-12 14:52:00,6425,6425,6450,6450,0
2022-05-12 14:53:00,6425,6425,6450,6450,0
2022-05-12 14:54:00,6425,6425,6450,6450,0
2022-05-12 14:55:00,6425,6425,6450,6450,0
2022-05-12 14:56:00,6425,6425,6450,6450,0
2022-05-12 14:57:00,6425,6425,6450,6450,0
2022-05-12 14:58:00,6425,6425,6450,6450,0
2022-05-12 14:59:00,6425,6425,6450,6450,0
2022-05-12 15:00:00,6425,6425,6425,6425,188200
2022-05-12 15:01:00,6425,6425,6425,6425,5200
2022-05-12 15:02:00,6425,6425,6425,6425,1100
2022-05-12 15:03:00,6425,6425,6425,6425,3200
2022-05-12 15:04:00,6425,6425,6425,6425,2478000
2022-05-12 15:05:00,6425,6425,6425,6425,15700
2022-05-12 15:06:00,6425,6425,6425,6425,0
2022-05-12 15:07:00,6425,6425,6425,6425,2700
2022-05-12 15:08:00,6425,6425,6425,6425,200
2022-05-12 15:09:00,6425,6425,6425,6425,10600
2022-05-12 15:10:00,6425,6425,6425,6425,3800
2022-05-12 15:11:00,6425,6425,6425,6425,3200
2022-05-12 15:12:00,6425,6425,6425,6425,0
2022-05-12 15:13:00,6425,6425,6425,6425,2000
2022-05-12 15:14:00,6425,6425,6425,6425,0
2022-05-12 15:15:00,6425,6425,6425,6425,0
2022-05-12 15:16:00,6425,6425,6425,6425,0
2022-05-12 15:17:00,6425,6425,6425,6425,0
2022-05-12 15:18:00,6425,6425,6425,6425,0
2022-05-12 15:19:00,6425,6425,6425,6425,0
2022-05-12 15:20:00,6425,6425,6425,6425,0
2022-05-12 15:21:00,6425,6425,6425,6425,0
2022-05-12 15:22:00,6425,6425,6425,6425,0
2022-05-12 15:23:00,6425,6425,6425,6425,0
2022-05-12 15:24:00,6425,6425,6425,6425,0
2022-05-12 15:25:00,6425,6425,6425,6425,0
2022-05-12 15:26:00,6425,6425,6425,6425,0
2022-05-12 15:27:00,6425,6425,6425,6425,0
2022-05-12 15:28:00,6425,6425,6425,6425,0
2022-05-12 15:29:00,6425,6425,6425,6425,0
2022-05-12 15:30:00,6425,6425,6425,6425,0
2022-05-12 15:31:00,6425,6425,6425,6425,0
2022-05-12 15:32:00,6425,6425,6425,6425,0
2022-05-12 15:33:00,6425,6425,6425,6425,0
2022-05-12 15:34:00,6425,6425,6425,6425,0
2022-05-12 15:35:00,6425,6425,6425,6425,0
2022-05-12 15:36:00,6425,6425,6425,6425,0
2022-05-12 15:37:00,6425,6425,6425,6425,0
2022-05-12 15:38:00,6425,6425,6425,6425,0
2022-05-12 15:39:00,6425,6425,6425,6425,0
2022-05-12 15:40:00,6425,6425,6425,6425,0
2022-05-12 15:41:00,6425,6425,6425,6425,0
2022-05-12 15:42:00,6425,6425,6425,6425,0
2022-05-12 15:43:00,6425,6425,6425,6425,0
2022-05-12 15:44:00,6425,6425,6425,6425,0
2022-05-12 15:45:00,6425,6425,6425,6425,0
2022-05-12 15:46:00,6425,6425,6425,6425,0
2022-05-12 15:47:00,6425,6425,6425,6425,0
2022-05-12 15:48:00,6425,6425,6425,6425,0
2022-05-12 15:49:00,6425,6425,6425,6425,0
2022-05-12 15:50:00,6425,6425,6425,6425,0
2022-05-12 15:51:00,6425,6425,6425,6425,0
2022-05-12 15:52:00,6425,6425,6425,6425,0
2022-05-12 15:53:00,6425,6425,6425,6425,0
2022-05-12 15:54:00,6425,6425,6425,6425,0
2022-05-12 15:55:00,6425,6425,6425,6425,0
2022-05-12 15:56:00,6425,6425,6425,6425,0
2022-05-12 15:57:00,6425,6425,6425,6425,0
2022-05-12 15:58:00,6425,6425,6425,6425,0
2022-05-12 15:59:00,6425,6425,6425,6425,0
2022-05-13 09:00:00,6450,6425,6450,6425,1900
2022-05-13 09:01:00,6450,6425,6450,6425,0
2022-05-13 09:02:00,6425,6375,6425,6425,44200
2022-05-13 09:03:00,6425,6400,6425,6400,12800
2022-05-13 09:04:00,6400,6400,6400,6400,400
2022-05-13 09:05:00,6400,6400,6400,6400,14200
2022-05-13 09:06:00,6400,6375,6400,6400,17800
2022-05-13 09:07:00,6375,6375,6375,6375,11200
2022-05-13 09:08:00,6375,6375,6375,6375,0
2022-05-13 09:09:00,6375,6375,6375,6375,25300
2022-05-13 09:10:00,6350,6350,6375,6350,19600
2022-05-13 09:11:00,6350,6325,6375,6375,82600
2022-05-13 09:12:00,6375,6350,6375,6375,18800
2022-05-13 09:13:00,6400,6400,6400,6400,200
2022-05-13 09:14:00,6400,6375,6400,6375,1300
2022-05-13 09:15:00,6375,6375,6400,6400,1600
2022-05-13 09:16:00,6375,6375,6400,6400,7900
2022-05-13 09:17:00,6400,6400,6400,6400,19700
2022-05-13 09:18:00,6400,6400,6400,6400,3300
2022-05-13 09:19:00,6400,6375,6400,6400,13100
2022-05-13 09:20:00,6425,6425,6425,6425,400
2022-05-13 09:21:00,6400,6400,6400,6400,6500
2022-05-13 09:22:00,6400,6400,6400,6400,1600
2022-05-13 09:23:00,6375,6375,6400,6400,8700
2022-05-13 09:24:00,6400,6400,6400,6400,7900
2022-05-13 09:25:00,6400,6400,6425,6425,1300
2022-05-13 09:26:00,6400,6400,6425,6400,12300
2022-05-13 09:27:00,6400,6400,6425,6425,200
2022-05-13 09:28:00,6425,6425,6425,6425,1000
2022-05-13 09:29:00,6425,6400,6425,6425,1800
2022-05-13 09:30:00,6425,6400,6425,6425,1100
2022-05-13 09:31:00,6400,6400,6400,6400,6900
2022-05-13 09:32:00,6400,6400,6400,6400,23900
2022-05-13 09:33:00,6400,6400,6425,6400,9800
2022-05-13 09:34:00,6400,6400,6400,6400,3600
2022-05-13 09:35:00,6375,6375,6400,6400,13200
2022-05-13 09:36:00,6400,6400,6425,6425,3600
2022-05-13 09:37:00,6400,6400,6400,6400,5600
2022-05-13 09:38:00,6400,6400,6400,6400,3400
2022-05-13 09:39:00,6400,6400,6425,6400,500
2022-05-13 09:40:00,6400,6400,6425,6425,1400
2022-05-13 09:41:00,6400,6400,6400,6400,500
2022-05-13 09:42:00,6400,6400,6400,6400,400
2022-05-13 09:43:00,6400,6400,6400,6400,2500
2022-05-13 09:44:00,6400,6400,6400,6400,0
2022-05-13 09:45:00,6425,6425,6425,6425,400
2022-05-13 09:46:00,6425,6400,6425,6425,400
2022-05-13 09:47:00,6425,6425,6425,6425,200
2022-05-13 09:48:00,6425,6425,6425,6425,0
2022-05-13 09:49:00,6425,6425,6425,6425,0
2022-05-13 09:50:00,6425,6425,6425,6425,2000
2022-05-13 09:51:00,6425,6425,6425,6425,1400
2022-05-13 09:52:00,6425,6425,6425,6425,0
2022-05-13 09:53:00,6425,6425,6425,6425,200
2022-05-13 09:54:00,6400,6400,6400,6400,300
2022-05-13 09:55:00,6400,6400,6425,6400,1000
2022-05-13 09:56:00,6425,6425,6425,6425,100
2022-05-13 09:57:00,6425,6400,6425,6400,4000
2022-05-13 09:58:00,6425,6400,6425,6400,0
2022-05-13 09:59:00,6400,6400,6425,6425,21200
2022-05-13 10:00:00,6450,6425,6450,6450,3500
2022-05-13 10:01:00,6450,6450,6450,6450,500
2022-05-13 10:02:00,6450,6450,6450,6450,400
2022-05-13 10:03:00,6450,6450,6450,6450,1700
2022-05-13 10:04:00,6450,6425,6450,6425,600
2022-05-13 10:05:00,6450,6425,6450,6425,700
2022-05-13 10:06:00,6425,6425,6450,6425,1100
2022-05-13 10:07:00,6450,6450,6450,6450,100
2022-05-13 10:08:00,6450,6425,6450,6425,200
2022-05-13 10:09:00,6450,6425,6450,6425,0
2022-05-13 10:10:00,6425,6425,6450,6425,900
2022-05-13 10:11:00,6425,6425,6450,6425,0
2022-05-13 10:12:00,6425,6425,6450,6425,0
2022-05-13 10:13:00,6450,6425,6450,6450,800
2022-05-13 10:14:00,6450,6450,6450,6450,100
2022-05-13 10:15:00,6450,6450,6450,6450,12600
2022-05-13 10:16:00,6450,6450,6450,6450,100
2022-05-13 10:17:00,6425,6425,6425,6425,300
2022-05-13 10:18:00,6425,6425,6425,6425,4100
2022-05-13 10:19:00,6425,6425,6450,6450,400
2022-05-13 10:20:00,6450,6425,6450,6425,3100
2022-05-13 10:21:00,6425,6425,6450,6450,700
2022-05-13 10:22:00,6450,6425,6450,6425,9700
2022-05-13 10:23:00,6450,6450,6450,6450,600
2022-05-13 10:24:00,6450,6450,6450,6450,100
2022-05-13 10:25:00,6450,6450,6450,6450,0
2022-05-13 10:26:00,6450,6450,6450,6450,4200
2022-05-13 10:27:00,6450,6450,6450,6450,1200
2022-05-13 10:28:00,6450,6450,6450,6450,4200
2022-05-13 10:29:00,6450,6450,6450,6450,1000
2022-05-13 10:30:00,6450,6425,6450,6450,1700
2022-05-13 10:31:00,6450,6425,6450,6450,0
2022-05-13 10:32:00,6450,6450,6450,6450,1000
2022-05-13 10:33:00,6425,6425,6425,6425,1000
2022-05-13 10:34:00,6450,6450,6450,6450,400
2022-05-13 10:35:00,6450,6400,6450,6425,108600
2022-05-13 10:36:00,6400,6400,6400,6400,45000
2022-05-13 10:37:00,6400,6400,6400,6400,0
2022-05-13 10:38:00,6400,6400,6400,6400,58500
2022-05-13 10:39:00,6400,6400,6400,6400,8500
2022-05-13 10:40:00,6400,6400,6425,6425,800
2022-05-13 10:41:00,6400,6400,6425,6425,0
2022-05-13 10:42:00,6425,6425,6425,6425,600
2022-05-13 10:43:00,6400,6400,6400,6400,200
2022-05-13 10:44:00,6400,6400,6400,6400,0
2022-05-13 10:45:00,6425,6400,6425,6400,1700
2022-05-13 10:46:00,6425,6425,6425,6425,1200
2022-05-13 10:47:00,6425,6425,6425,6425,0
2022-05-13 10:48:00,6425,6425,6425,6425,0
2022-05-13 10:49:00,6425,6425,6425,6425,100
2022-05-13 10:50:00,6425,6425,6425,6425,2400
2022-05-13 10:51:00,6425,6425,6425,6425,0
2022-05-13 10:52:00,6425,6425,6425,6425,0
2022-05-13 10:53:00,6425,6425,6450,6425,31900
2022-05-13 10:54:00,6425,6425,6425,6425,1600
2022-05-13 10:55:00,6425,6425,6450,6450,500
2022-05-13 10:56:00,6450,6450,6450,6450,1500
2022-05-13 10:57:00,6450,6450,6450,6450,500
2022-05-13 10:58:00,6425,6425,6425,6425,1500
2022-05-13 10:59:00,6425,6425,6425,6425,3900
2022-05-13 11:00:00,6425,6425,6450,6450,10600
2022-05-13 11:01:00,6450,6450,6475,6475,10900
2022-05-13 11:02:00,6475,6475,6475,6475,700
2022-05-13 11:03:00,6475,6475,6475,6475,1800
2022-05-13 11:04:00,6450,6450,6450,6450,3800
2022-05-13 11:05:00,6475,6475,6475,6475,1100
2022-05-13 11:06:00,6450,6450,6475,6475,5500
2022-05-13 11:07:00,6475,6475,6475,6475,7800
2022-05-13 11:08:00,6500,6500,6500,6500,600
2022-05-13 11:09:00,6500,6475,6500,6475,11700
2022-05-13 11:10:00,6500,6500,6500,6500,164000
2022-05-13 11:11:00,6500,6500,6525,6500,102000
2022-05-13 11:12:00,6500,6500,6525,6525,29000
2022-05-13 11:13:00,6525,6500,6525,6500,800
2022-05-13 11:14:00,6500,6500,6525,6525,1500
2022-05-13 11:15:00,6500,6500,6525,6525,13600
2022-05-13 11:16:00,6525,6500,6525,6500,400
2022-05-13 11:17:00,6525,6525,6525,6525,2100
2022-05-13 11:18:00,6525,6525,6525,6525,0
2022-05-13 11:19:00,6525,6475,6525,6475,20200
2022-05-13 11:20:00,6500,6475,6500,6475,1800
2022-05-13 11:21:00,6500,6500,6500,6500,3300
2022-05-13 11:22:00,6500,6500,6500,6500,1900
2022-05-13 11:23:00,6500,6500,6500,6500,0
2022-05-13 11:24:00,6475,6475,6500,6500,3000
2022-05-13 11:25:00,6500,6500,6500,6500,500
2022-05-13 11:26:00,6500,6500,6575,6500,166900
2022-05-13 11:27:00,6575,6575,6575,6575,1400
2022-05-13 11:28:00,6550,6525,6550,6525,3700
2022-05-13 11:29:00,6525,6525,6550,6525,15000
2022-05-13 11:30:00,6525,6525,6550,6525,0
2022-05-13 11:31:00,6525,6525,6550,6525,0
2022-05-13 11:32:00,6525,6525,6550,6525,0
2022-05-13 11:33:00,6525,6525,6550,6525,0
2022-05-13 11:34:00,6525,6525,6550,6525,0
2022-05-13 11:35:00,6525,6525,6550,6525,0
2022-05-13 11:36:00,6525,6525,6550,6525,0
2022-05-13 11:37:00,6525,6525,6550,6525,0
2022-05-13 11:38:00,6525,6525,6550,6525,0
2022-05-13 11:39:00,6525,6525,6550,6525,0
2022-05-13 11:40:00,6525,6525,6550,6525,0
2022-05-13 11:41:00,6525,6525,6550,6525,0
2022-05-13 11:42:00,6525,6525,6550,6525,0
2022-05-13 11:43:00,6525,6525,6550,6525,0
2022-05-13 11:44:00,6525,6525,6550,6525,0
2022-05-13 11:45:00,6525,6525,6550,6525,0
2022-05-13 11:46:00,6525,6525,6550,6525,0
2022-05-13 11:47:00,6525,6525,6550,6525,0
2022-05-13 11:48:00,6525,6525,6550,6525,0
2022-05-13 11:49:00,6525,6525,6550,6525,0
2022-05-13 11:50:00,6525,6525,6550,6525,0
2022-05-13 11:51:00,6525,6525,6550,6525,0
2022-05-13 11:52:00,6525,6525,6550,6525,0
2022-05-13 11:53:00,6525,6525,6550,6525,0
2022-05-13 11:54:00,6525,6525,6550,6525,0
2022-05-13 11:55:00,6525,6525,6550,6525,0
2022-05-13 11:56:00,6525,6525,6550,6525,0
2022-05-13 11:57:00,6525,6525,6550,6525,0
2022-05-13 11:58:00,6525,6525,6550,6525,0
2022-05-13 11:59:00,6525,6525,6550,6525,0
2022-05-13 12:00:00,6525,6525,6550,6525,0
2022-05-13 12:01:00,6525,6525,6550,6525,0
2022-05-13 12:02:00,6525,6525,6550,6525,0
2022-05-13 12:03:00,6525,6525,6550,6525,0
2022-05-13 12:04:00,6525,6525,6550,6525,0
2022-05-13 12:05:00,6525,6525,6550,6525,0
2022-05-13 12:06:00,6525,6525,6550,6525,0
2022-05-13 12:07:00,6525,6525,6550,6525,0
2022-05-13 12:08:00,6525,6525,6550,6525,0
2022-05-13 12:09:00,6525,6525,6550,6525,0
2022-05-13 12:10:00,6525,6525,6550,6525,0
2022-05-13 12:11:00,6525,6525,6550,6525,0
2022-05-13 12:12:00,6525,6525,6550,6525,0
2022-05-13 12:13:00,6525,6525,6550,6525,0
2022-05-13 12:14:00,6525,6525,6550,6525,0
2022-05-13 12:15:00,6525,6525,6550,6525,0
2022-05-13 12:16:00,6525,6525,6550,6525,0
2022-05-13 12:17:00,6525,6525,6550,6525,0
2022-05-13 12:18:00,6525,6525,6550,6525,0
2022-05-13 12:19:00,6525,6525,6550,6525,0
2022-05-13 12:20:00,6525,6525,6550,6525,0
2022-05-13 12:21:00,6525,6525,6550,6525,0
2022-05-13 12:22:00,6525,6525,6550,6525,0
2022-05-13 12:23:00,6525,6525,6550,6525,0
2022-05-13 12:24:00,6525,6525,6550,6525,0
2022-05-13 12:25:00,6525,6525,6550,6525,0
2022-05-13 12:26:00,6525,6525,6550,6525,0
2022-05-13 12:27:00,6525,6525,6550,6525,0
2022-05-13 12:28:00,6525,6525,6550,6525,0
2022-05-13 12:29:00,6525,6525,6550,6525,0
2022-05-13 12:30:00,6525,6525,6550,6525,0
2022-05-13 12:31:00,6525,6525,6550,6525,0
2022-05-13 12:32:00,6525,6525,6550,6525,0
2022-05-13 12:33:00,6525,6525,6550,6525,0
2022-05-13 12:34:00,6525,6525,6550,6525,0
2022-05-13 12:35:00,6525,6525,6550,6525,0
2022-05-13 12:36:00,6525,6525,6550,6525,0
2022-05-13 12:37:00,6525,6525,6550,6525,0
2022-05-13 12:38:00,6525,6525,6550,6525,0
2022-05-13 12:39:00,6525,6525,6550,6525,0
2022-05-13 12:40:00,6525,6525,6550,6525,0
2022-05-13 12:41:00,6525,6525,6550,6525,0
2022-05-13 12:42:00,6525,6525,6550,6525,0
2022-05-13 12:43:00,6525,6525,6550,6525,0
2022-05-13 12:44:00,6525,6525,6550,6525,0
2022-05-13 12:45:00,6525,6525,6550,6525,0
2022-05-13 12:46:00,6525,6525,6550,6525,0
2022-05-13 12:47:00,6525,6525,6550,6525,0
2022-05-13 12:48:00,6525,6525,6550,6525,0
2022-05-13 12:49:00,6525,6525,6550,6525,0
2022-05-13 12:50:00,6525,6525,6550,6525,0
2022-05-13 12:51:00,6525,6525,6550,6525,0
2022-05-13 12:52:00,6525,6525,6550,6525,0
2022-05-13 12:53:00,6525,6525,6550,6525,0
2022-05-13 12:54:00,6525,6525,6550,6525,0
2022-05-13 12:55:00,6525,6525,6550,6525,0
2022-05-13 12:56:00,6525,6525,6550,6525,0
2022-05-13 12:57:00,6525,6525,6550,6525,0
2022-05-13 12:58:00,6525,6525,6550,6525,0
2022-05-13 12:59:00,6525,6525,6550,6525,0
2022-05-13 13:00:00,6525,6525,6550,6525,0
2022-05-13 13:01:00,6525,6525,6550,6525,0
2022-05-13 13:02:00,6525,6525,6550,6525,0
2022-05-13 13:03:00,6525,6525,6550,6525,0
2022-05-13 13:04:00,6525,6525,6550,6525,0
2022-05-13 13:05:00,6525,6525,6550,6525,0
2022-05-13 13:06:00,6525,6525,6550,6525,0
2022-05-13 13:07:00,6525,6525,6550,6525,0
2022-05-13 13:08:00,6525,6525,6550,6525,0
2022-05-13 13:09:00,6525,6525,6550,6525,0
2022-05-13 13:10:00,6525,6525,6550,6525,0
2022-05-13 13:11:00,6525,6525,6550,6525,0
2022-05-13 13:12:00,6525,6525,6550,6525,0
2022-05-13 13:13:00,6525,6525,6550,6525,0
2022-05-13 13:14:00,6525,6525,6550,6525,0
2022-05-13 13:15:00,6525,6525,6550,6525,0
2022-05-13 13:16:00,6525,6525,6550,6525,0
2022-05-13 13:17:00,6525,6525,6550,6525,0
2022-05-13 13:18:00,6525,6525,6550,6525,0
2022-05-13 13:19:00,6525,6525,6550,6525,0
2022-05-13 13:20:00,6525,6525,6550,6525,0
2022-05-13 13:21:00,6525,6525,6550,6525,0
2022-05-13 13:22:00,6525,6525,6550,6525,0
2022-05-13 13:23:00,6525,6525,6550,6525,0
2022-05-13 13:24:00,6525,6525,6550,6525,0
2022-05-13 13:25:00,6525,6525,6550,6525,0
2022-05-13 13:26:00,6525,6525,6550,6525,0
2022-05-13 13:27:00,6525,6525,6550,6525,0
2022-05-13 13:28:00,6525,6525,6550,6525,0
2022-05-13 13:29:00,6525,6525,6550,6525,0
2022-05-13 13:30:00,6525,6500,6550,6525,14300
2022-05-13 13:31:00,6550,6550,6550,6550,1200
2022-05-13 13:32:00,6550,6550,6575,6550,1200
2022-05-13 13:33:00,6525,6525,6525,6525,300
2022-05-13 13:34:00,6525,6500,6525,6500,9400
2022-05-13 13:35:00,6525,6525,6550,6550,5000
2022-05-13 13:36:00,6550,6525,6550,6525,10500
2022-05-13 13:37:00,6525,6525,6525,6525,3200
2022-05-13 13:38:00,6525,6500,6525,6525,23200
2022-05-13 13:39:00,6525,6525,6525,6525,500
2022-05-13 13:40:00,6525,6500,6525,6525,31700
2022-05-13 13:41:00,6500,6500,6525,6525,4000
2022-05-13 13:42:00,6500,6500,6500,6500,400
2022-05-13 13:43:00,6525,6475,6525,6500,10900
2022-05-13 13:44:00,6500,6500,6500,6500,1100
2022-05-13 13:45:00,6500,6475,6500,6500,1400
2022-05-13 13:46:00,6475,6475,6475,6475,600
2022-05-13 13:47:00,6500,6500,6500,6500,1100
2022-05-13 13:48:00,6500,6500,6500,6500,2000
2022-05-13 13:49:00,6500,6475,6500,6500,500
2022-05-13 13:50:00,6475,6475,6500,6500,3200
2022-05-13 13:51:00,6475,6475,6500,6500,0
2022-05-13 13:52:00,6475,6475,6500,6500,0
2022-05-13 13:53:00,6475,6475,6500,6500,1400
2022-05-13 13:54:00,6475,6475,6475,6475,28000
2022-05-13 13:55:00,6500,6500,6500,6500,500
2022-05-13 13:56:00,6500,6500,6500,6500,0
2022-05-13 13:57:00,6475,6475,6475,6475,1000
2022-05-13 13:58:00,6475,6450,6475,6450,4400
2022-05-13 13:59:00,6450,6450,6475,6475,2400
2022-05-13 14:00:00,6475,6450,6475,6450,3100
2022-05-13 14:01:00,6450,6450,6475,6475,3200
2022-05-13 14:02:00,6475,6475,6475,6475,200
2022-05-13 14:03:00,6475,6475,6475,6475,6800
2022-05-13 14:04:00,6475,6475,6475,6475,0
2022-05-13 14:05:00,6500,6500,6500,6500,400
2022-05-13 14:06:00,6500,6500,6500,6500,700
2022-05-13 14:07:00,6500,6500,6500,6500,0
2022-05-13 14:08:00,6500,6500,6500,6500,1900
2022-05-13 14:09:00,6475,6475,6475,6475,500
2022-05-13 14:10:00,6475,6475,6475,6475,5600
2022-05-13 14:11:00,6475,6475,6500,6475,3200
2022-05-13 14:12:00,6475,6475,6475,6475,1300
2022-05-13 14:13:00,6475,6450,6475,6475,43500
2022-05-13 14:14:00,6475,6450,6475,6450,1200
2022-05-13 14:15:00,6450,6450,6500,6500,1200
2022-05-13 14:16:00,6450,6450,6500,6500,0
2022-05-13 14:17:00,6500,6500,6575,6575,149700
2022-05-13 14:18:00,6550,6550,6550,6550,500
2022-05-13 14:19:00,6550,6450,6550,6550,41100
2022-05-13 14:20:00,6475,6475,6525,6475,12400
2022-05-13 14:21:00,6525,6525,6525,6525,100
2022-05-13 14:22:00,6500,6500,6500,6500,100
2022-05-13 14:23:00,6500,6500,6500,6500,0
2022-05-13 14:24:00,6500,6500,6500,6500,0
2022-05-13 14:25:00,6500,6500,6500,6500,5000
2022-05-13 14:26:00,6500,6500,6500,6500,5200
2022-05-13 14:27:00,6475,6475,6500,6500,2100
2022-05-13 14:28:00,6475,6475,6500,6500,2700
2022-05-13 14:29:00,6500,6475,6500,6475,1400
2022-05-13 14:30:00,6475,6475,6500,6475,1600
2022-05-13 14:31:00,6475,6475,6500,6475,3500
2022-05-13 14:32:00,6475,6450,6500,6450,20900
2022-05-13 14:33:00,6450,6450,6450,6450,800
2022-05-13 14:34:00,6450,6450,6475,6475,2200
2022-05-13 14:35:00,6450,6450,6575,6450,187600
2022-05-13 14:36:00,6450,6450,6475,6475,20800
2022-05-13 14:37:00,6475,6475,6475,6475,2100
2022-05-13 14:38:00,6475,6475,6475,6475,2600
2022-05-13 14:39:00,6475,6475,6475,6475,1700
2022-05-13 14:40:00,6475,6475,6550,6475,1900
2022-05-13 14:41:00,6475,6475,6525,6500,5500
2022-05-13 14:42:00,6475,6475,6500,6475,3200
2022-05-13 14:43:00,6475,6475,6500,6475,6500
2022-05-13 14:44:00,6475,6475,6500,6475,3800
2022-05-13 14:45:00,6500,6475,6500,6500,14000
2022-05-13 14:46:00,6500,6500,6500,6500,1700
2022-05-13 14:47:00,6525,6500,6525,6500,900
2022-05-13 14:48:00,6500,6475,6500,6475,39900
2022-05-13 14:49:00,6475,6450,6500,6450,45800
2022-05-13 14:50:00,6475,6450,6500,6450,0
2022-05-13 14:51:00,6475,6450,6500,6450,0
2022-05-13 14:52:00,6475,6450,6500,6450,0
2022-05-13 14:53:00,6475,6450,6500,6450,0
2022-05-13 14:54:00,6475,6450,6500,6450,0
2022-05-13 14:55:00,6475,6450,6500,6450,0
2022-05-13 14:56:00,6475,6450,6500,6450,0
2022-05-13 14:57:00,6475,6450,6500,6450,0
2022-05-13 14:58:00,6475,6450,6500,6450,0
2022-05-13 14:59:00,6475,6450,6500,6450,0
2022-05-13 15:00:00,6450,6450,6450,6450,77000
2022-05-13 15:01:00,6450,6450,6450,6450,0
2022-05-13 15:02:00,6450,6450,6450,6450,0
2022-05-13 15:03:00,6450,6450,6450,6450,6500
2022-05-13 15:04:00,6450,6450,6450,6450,100
2022-05-13 15:05:00,6450,6450,6450,6450,20100
2022-05-13 15:06:00,6450,6450,6450,6450,20500
2022-05-13 15:07:00,6450,6450,6450,6450,0
2022-05-13 15:08:00,6450,6450,6450,6450,0
2022-05-13 15:09:00,6450,6450,6450,6450,0
2022-05-13 15:10:00,6450,6450,6450,6450,0
2022-05-13 15:11:00,6450,6450,6450,6450,12300
2022-05-13 15:12:00,6450,6450,6450,6450,0
2022-05-13 15:13:00,6450,6450,6450,6450,0
2022-05-13 15:14:00,6450,6450,6450,6450,0
2022-05-13 15:15:00,6450,6450,6450,6450,0
2022-05-13 15:16:00,6450,6450,6450,6450,0
2022-05-13 15:17:00,6450,6450,6450,6450,0
2022-05-13 15:18:00,6450,6450,6450,6450,0
2022-05-13 15:19:00,6450,6450,6450,6450,0
2022-05-13 15:20:00,6450,6450,6450,6450,0
2022-05-13 15:21:00,6450,6450,6450,6450,0
2022-05-13 15:22:00,6450,6450,6450,6450,0
2022-05-13 15:23:00,6450,6450,6450,6450,0
2022-05-13 15:24:00,6450,6450,6450,6450,0
2022-05-13 15:25:00,6450,6450,6450,6450,0
2022-05-13 15:26:00,6450,6450,6450,6450,0
2022-05-13 15:27:00,6450,6450,6450,6450,0
2022-05-13 15:28:00,6450,6450,6450,6450,0
2022-05-13 15:29:00,6450,6450,6450,6450,0
2022-05-13 15:30:00,6450,6450,6450,6450,0
2022-05-13 15:31:00,6450,6450,6450,6450,0
2022-05-13 15:32:00,6450,6450,6450,6450,0
2022-05-13 15:33:00,6450,6450,6450,6450,0
2022-05-13 15:34:00,6450,6450,6450,6450,0
2022-05-13 15:35:00,6450,6450,6450,6450,0
2022-05-13 15:36:00,6450,6450,6450,6450,0
2022-05-13 15:37:00,6450,6450,6450,6450,0
2022-05-13 15:38:00,6450,6450,6450,6450,0
2022-05-13 15:39:00,6450,6450,6450,6450,0
2022-05-13 15:40:00,6450,6450,6450,6450,0
2022-05-13 15:41:00,6450,6450,6450,6450,0
2022-05-13 15:42:00,6450,6450,6450,6450,0
2022-05-13 15:43:00,6450,6450,6450,6450,0
2022-05-13 15:44:00,6450,6450,6450,6450,0
2022-05-13 15:45:00,6450,6450,6450,6450,0
2022-05-13 15:46:00,6450,6450,6450,6450,0
2022-05-13 15:47:00,6450,6450,6450,6450,0
2022-05-13 15:48:00,6450,6450,6450,6450,0
2022-05-13 15:49:00,6450,6450,6450,6450,0
2022-05-13 15:50:00,6450,6450,6450,6450,0
2022-05-13 15:51:00,6450,6450,6450,6450,0
2022-05-13 15:52:00,6450,6450,6450,6450,0
2022-05-13 15:53:00,6450,6450,6450,6450,0
2022-05-13 15:54:00,6450,6450,6450,6450,0
2022-05-13 15:55:00,6450,6450,6450,6450,0
2022-05-13 15:56:00,6450,6450,6450,6450,0
2022-05-13 15:57:00,6450,6450,6450,6450,0
2022-05-13 15:58:00,6450,6450,6450,6450,0
2022-05-13 15:59:00,6450,6450,6450,6450,0
2022-05-16 09:00:00,6450,6450,6450,6450,0
2022-05-16 09:01:00,6450,6450,6450,6450,0
2022-05-16 09:02:00,6450,6450,6450,6450,0
2022-05-16 09:03:00,6450,6450,6450,6450,0
2022-05-16 09:04:00,6450,6450,6450,6450,0
2022-05-16 09:05:00,6450,6450,6450,6450,0
2022-05-16 09:06:00,6450,6450,6450,6450,0
2022-05-16 09:07:00,6450,6450,6450,6450,0
2022-05-16 09:08:00,6450,6450,6450,6450,0
2022-05-16 09:09:00,6450,6450,6450,6450,0
2022-05-16 09:10:00,6450,6450,6450,6450,0
2022-05-16 09:11:00,6450,6450,6450,6450,0
2022-05-16 09:12:00,6450,6450,6450,6450,0
2022-05-16 09:13:00,6450,6450,6450,6450,0
2022-05-16 09:14:00,6450,6450,6450,6450,0
2022-05-16 09:15:00,6450,6450,6450,6450,0
2022-05-16 09:16:00,6450,6450,6450,6450,0
2022-05-16 09:17:00,6450,6450,6450,6450,0
2022-05-16 09:18:00,6450,6450,6450,6450,0
2022-05-16 09:19:00,6450,6450,6450,6450,0
2022-05-16 09:20:00,6450,6450,6450,6450,0
2022-05-16 09:21:00,6450,6450,6450,6450,0
2022-05-16 09:22:00,6450,6450,6450,6450,0
2022-05-16 09:23:00,6450,6450,6450,6450,0
2022-05-16 09:24:00,6450,6450,6450,6450,0
2022-05-16 09:25:00,6450,6450,6450,6450,0
2022-05-16 09:26:00,6450,6450,6450,6450,0
2022-05-16 09:27:00,6450,6450,6450,6450,0
2022-05-16 09:28:00,6450,6450,6450,6450,0
2022-05-16 09:29:00,6450,6450,6450,6450,0
2022-05-16 09:30:00,6450,6450,6450,6450,0
2022-05-16 09:31:00,6450,6450,6450,6450,0
2022-05-16 09:32:00,6450,6450,6450,6450,0
2022-05-16 09:33:00,6450,6450,6450,6450,0
2022-05-16 09:34:00,6450,6450,6450,6450,0
2022-05-16 09:35:00,6450,6450,6450,6450,0
2022-05-16 09:36:00,6450,6450,6450,6450,0
2022-05-16 09:37:00,6450,6450,6450,6450,0
2022-05-16 09:38:00,6450,6450,6450,6450,0
2022-05-16 09:39:00,6450,6450,6450,6450,0
2022-05-16 09:40:00,6450,6450,6450,6450,0
2022-05-16 09:41:00,6450,6450,6450,6450,0
2022-05-16 09:42:00,6450,6450,6450,6450,0
2022-05-16 09:43:00,6450,6450,6450,6450,0
2022-05-16 09:44:00,6450,6450,6450,6450,0
2022-05-16 09:45:00,6450,6450,6450,6450,0
2022-05-16 09:46:00,6450,6450,6450,6450,0
2022-05-16 09:47:00,6450,6450,6450,6450,0
2022-05-16 09:48:00,6450,6450,6450,6450,0
2022-05-16 09:49:00,6450,6450,6450,6450,0
2022-05-16 09:50:00,6450,6450,6450,6450,0
2022-05-16 09:51:00,6450,6450,6450,6450,0
2022-05-16 09:52:00,6450,6450,6450,6450,0
2022-05-16 09:53:00,6450,6450,6450,6450,0
2022-05-16 09:54:00,6450,6450,6450,6450,0
2022-05-16 09:55:00,6450,6450,6450,6450,0
2022-05-16 09:56:00,6450,6450,6450,6450,0
2022-05-16 09:57:00,6450,6450,6450,6450,0
2022-05-16 09:58:00,6450,6450,6450,6450,0
2022-05-16 09:59:00,6450,6450,6450,6450,0
2022-05-16 10:00:00,6450,6450,6450,6450,0
2022-05-16 10:01:00,6450,6450,6450,6450,0
2022-05-16 10:02:00,6450,6450,6450,6450,0
2022-05-16 10:03:00,6450,6450,6450,6450,0
2022-05-16 10:04:00,6450,6450,6450,6450,0
2022-05-16 10:05:00,6450,6450,6450,6450,0
2022-05-16 10:06:00,6450,6450,6450,6450,0
2022-05-16 10:07:00,6450,6450,6450,6450,0
2022-05-16 10:08:00,6450,6450,6450,6450,0
2022-05-16 10:09:00,6450,6450,6450,6450,0
2022-05-16 10:10:00,6450,6450,6450,6450,0
2022-05-16 10:11:00,6450,6450,6450,6450,0
2022-05-16 10:12:00,6450,6450,6450,6450,0
2022-05-16 10:13:00,6450,6450,6450,6450,0
2022-05-16 10:14:00,6450,6450,6450,6450,0
2022-05-16 10:15:00,6450,6450,6450,6450,0
2022-05-16 10:16:00,6450,6450,6450,6450,0
2022-05-16 10:17:00,6450,6450,6450,6450,0
2022-05-16 10:18:00,6450,6450,6450,6450,0
2022-05-16 10:19:00,6450,6450,6450,6450,0
2022-05-16 10:20:00,6450,6450,6450,6450,0
2022-05-16 10:21:00,6450,6450,6450,6450,0
2022-05-16 10:22:00,6450,6450,6450,6450,0
2022-05-16 10:23:00,6450,6450,6450,6450,0
2022-05-16 10:24:00,6450,6450,6450,6450,0
2022-05-16 10:25:00,6450,6450,6450,6450,0
2022-05-16 10:26:00,6450,6450,6450,6450,0
2022-05-16 10:27:00,6450,6450,6450,6450,0
2022-05-16 10:28:00,6450,6450,6450,6450,0
2022-05-16 10:29:00,6450,6450,6450,6450,0
2022-05-16 10:30:00,6450,6450,6450,6450,0
2022-05-16 10:31:00,6450,6450,6450,6450,0
2022-05-16 10:32:00,6450,6450,6450,6450,0
2022-05-16 10:33:00,6450,6450,6450,6450,0
2022-05-16 10:34:00,6450,6450,6450,6450,0
2022-05-16 10:35:00,6450,6450,6450,6450,0
2022-05-16 10:36:00,6450,6450,6450,6450,0
2022-05-16 10:37:00,6450,6450,6450,6450,0
2022-05-16 10:38:00,6450,6450,6450,6450,0
2022-05-16 10:39:00,6450,6450,6450,6450,0
2022-05-16 10:40:00,6450,6450,6450,6450,0
2022-05-16 10:41:00,6450,6450,6450,6450,0
2022-05-16 10:42:00,6450,6450,6450,6450,0
2022-05-16 10:43:00,6450,6450,6450,6450,0
2022-05-16 10:44:00,6450,6450,6450,6450,0
2022-05-16 10:45:00,6450,6450,6450,6450,0
2022-05-16 10:46:00,6450,6450,6450,6450,0
2022-05-16 10:47:00,6450,6450,6450,6450,0
2022-05-16 10:48:00,6450,6450,6450,6450,0
2022-05-16 10:49:00,6450,6450,6450,6450,0
2022-05-16 10:50:00,6450,6450,6450,6450,0
2022-05-16 10:51:00,6450,6450,6450,6450,0
2022-05-16 10:52:00,6450,6450,6450,6450,0
2022-05-16 10:53:00,6450,6450,6450,6450,0
2022-05-16 10:54:00,6450,6450,6450,6450,0
2022-05-16 10:55:00,6450,6450,6450,6450,0
2022-05-16 10:56:00,6450,6450,6450,6450,0
2022-05-16 10:57:00,6450,6450,6450,6450,0
2022-05-16 10:58:00,6450,6450,6450,6450,0
2022-05-16 10:59:00,6450,6450,6450,6450,0
2022-05-16 11:00:00,6450,6450,6450,6450,0
2022-05-16 11:01:00,6450,6450,6450,6450,0
2022-05-16 11:02:00,6450,6450,6450,6450,0
2022-05-16 11:03:00,6450,6450,6450,6450,0
2022-05-16 11:04:00,6450,6450,6450,6450,0
2022-05-16 11:05:00,6450,6450,6450,6450,0
2022-05-16 11:06:00,6450,6450,6450,6450,0
2022-05-16 11:07:00,6450,6450,6450,6450,0
2022-05-16 11:08:00,6450,6450,6450,6450,0
2022-05-16 11:09:00,6450,6450,6450,6450,0
2022-05-16 11:10:00,6450,6450,6450,6450,0
2022-05-16 11:11:00,6450,6450,6450,6450,0
2022-05-16 11:12:00,6450,6450,6450,6450,0
2022-05-16 11:13:00,6450,6450,6450,6450,0
2022-05-16 11:14:00,6450,6450,6450,6450,0
2022-05-16 11:15:00,6450,6450,6450,6450,0
2022-05-16 11:16:00,6450,6450,6450,6450,0
2022-05-16 11:17:00,6450,6450,6450,6450,0
2022-05-16 11:18:00,6450,6450,6450,6450,0
2022-05-16 11:19:00,6450,6450,6450,6450,0
2022-05-16 11:20:00,6450,6450,6450,6450,0
2022-05-16 11:21:00,6450,6450,6450,6450,0
2022-05-16 11:22:00,6450,6450,6450,6450,0
2022-05-16 11:23:00,6450,6450,6450,6450,0
2022-05-16 11:24:00,6450,6450,6450,6450,0
2022-05-16 11:25:00,6450,6450,6450,6450,0
2022-05-16 11:26:00,6450,6450,6450,6450,0
2022-05-16 11:27:00,6450,6450,6450,6450,0
2022-05-16 11:28:00,6450,6450,6450,6450,0
2022-05-16 11:29:00,6450,6450,6450,6450,0
2022-05-16 11:30:00,6450,6450,6450,6450,0
2022-05-16 11:31:00,6450,6450,6450,6450,0
2022-05-16 11:32:00,6450,6450,6450,6450,0
2022-05-16 11:33:00,6450,6450,6450,6450,0
2022-05-16 11:34:00,6450,6450,6450,6450,0
2022-05-16 11:35:00,6450,6450,6450,6450,0
2022-05-16 11:36:00,6450,6450,6450,6450,0
2022-05-16 11:37:00,6450,6450,6450,6450,0
2022-05-16 11:38:00,6450,6450,6450,6450,0
2022-05-16 11:39:00,6450,6450,6450,6450,0
2022-05-16 11:40:00,6450,6450,6450,6450,0
2022-05-16 11:41:00,6450,6450,6450,6450,0
2022-05-16 11:42:00,6450,6450,6450,6450,0
2022-05-16 11:43:00,6450,6450,6450,6450,0
2022-05-16 11:44:00,6450,6450,6450,6450,0
2022-05-16 11:45:00,6450,6450,6450,6450,0
2022-05-16 11:46:00,6450,6450,6450,6450,0
2022-05-16 11:47:00,6450,6450,6450,6450,0
2022-05-16 11:48:00,6450,6450,6450,6450,0
2022-05-16 11:49:00,6450,6450,6450,6450,0
2022-05-16 11:50:00,6450,6450,6450,6450,0
2022-05-16 11:51:00,6450,6450,6450,6450,0
2022-05-16 11:52:00,6450,6450,6450,6450,0
2022-05-16 11:53:00,6450,6450,6450,6450,0
2022-05-16 11:54:00,6450,6450,6450,6450,0
2022-05-16 11:55:00,6450,6450,6450,6450,0
2022-05-16 11:56:00,6450,6450,6450,6450,0
2022-05-16 11:57:00,6450,6450,6450,6450,0
2022-05-16 11:58:00,6450,6450,6450,6450,0
2022-05-16 11:59:00,6450,6450,6450,6450,0
2022-05-16 12:00:00,6450,6450,6450,6450,0
2022-05-16 12:01:00,6450,6450,6450,6450,0
2022-05-16 12:02:00,6450,6450,6450,6450,0
2022-05-16 12:03:00,6450,6450,6450,6450,0
2022-05-16 12:04:00,6450,6450,6450,6450,0
2022-05-16 12:05:00,6450,6450,6450,6450,0
2022-05-16 12:06:00,6450,6450,6450,6450,0
2022-05-16 12:07:00,6450,6450,6450,6450,0
2022-05-16 12:08:00,6450,6450,6450,6450,0
2022-05-16 12:09:00,6450,6450,6450,6450,0
2022-05-16 12:10:00,6450,6450,6450,6450,0
2022-05-16 12:11:00,6450,6450,6450,6450,0
2022-05-16 12:12:00,6450,6450,6450,6450,0
2022-05-16 12:13:00,6450,6450,6450,6450,0
2022-05-16 12:14:00,6450,6450,6450,6450,0
2022-05-16 12:15:00,6450,6450,6450,6450,0
2022-05-16 12:16:00,6450,6450,6450,6450,0
2022-05-16 12:17:00,6450,6450,6450,6450,0
2022-05-16 12:18:00,6450,6450,6450,6450,0
2022-05-16 12:19:00,6450,6450,6450,6450,0
2022-05-16 12:20:00,6450,6450,6450,6450,0
2022-05-16 12:21:00,6450,6450,6450,6450,0
2022-05-16 12:22:00,6450,6450,6450,6450,0
2022-05-16 12:23:00,6450,6450,6450,6450,0
2022-05-16 12:24:00,6450,6450,6450,6450,0
2022-05-16 12:25:00,6450,6450,6450,6450,0
2022-05-16 12:26:00,6450,6450,6450,6450,0
2022-05-16 12:27:00,6450,6450,6450,6450,0
2022-05-16 12:28:00,6450,6450,6450,6450,0
2022-05-16 12:29:00,6450,6450,6450,6450,0
2022-05-16 12:30:00,6450,6450,6450,6450,0
2022-05-16 12:31:00,6450,6450,6450,6450,0
2022-05-16 12:32:00,6450,6450,6450,6450,0
2022-05-16 12:33:00,6450,6450,6450,6450,0
2022-05-16 12:34:00,6450,6450,6450,6450,0
2022-05-16 12:35:00,6450,6450,6450,6450,0
2022-05-16 12:36:00,6450,6450,6450,6450,0
2022-05-16 12:37:00,6450,6450,6450,6450,0
2022-05-16 12:38:00,6450,6450,6450,6450,0
2022-05-16 12:39:00,6450,6450,6450,6450,0
2022-05-16 12:40:00,6450,6450,6450,6450,0
2022-05-16 12:41:00,6450,6450,6450,6450,0
2022-05-16 12:42:00,6450,6450,6450,6450,0
2022-05-16 12:43:00,6450,6450,6450,6450,0
2022-05-16 12:44:00,6450,6450,6450,6450,0
2022-05-16 12:45:00,6450,6450,6450,6450,0
2022-05-16 12:46:00,6450,6450,6450,6450,0
2022-05-16 12:47:00,6450,6450,6450,6450,0
2022-05-16 12:48:00,6450,6450,6450,6450,0
2022-05-16 12:49:00,6450,6450,6450,6450,0
2022-05-16 12:50:00,6450,6450,6450,6450,0
2022-05-16 12:51:00,6450,6450,6450,6450,0
2022-05-16 12:52:00,6450,6450,6450,6450,0
2022-05-16 12:53:00,6450,6450,6450,6450,0
2022-05-16 12:54:00,6450,6450,6450,6450,0
2022-05-16 12:55:00,6450,6450,6450,6450,0
2022-05-16 12:56:00,6450,6450,6450,6450,0
2022-05-16 12:57:00,6450,6450,6450,6450,0
2022-05-16 12:58:00,6450,6450,6450,6450,0
2022-05-16 12:59:00,6450,6450,6450,6450,0
2022-05-16 13:00:00,6450,6450,6450,6450,0
2022-05-16 13:01:00,6450,6450,6450,6450,0
2022-05-16 13:02:00,6450,6450,6450,6450,0
2022-05-16 13:03:00,6450,6450,6450,6450,0
2022-05-16 13:04:00,6450,6450,6450,6450,0
2022-05-16 13:05:00,6450,6450,6450,6450,0
2022-05-16 13:06:00,6450,6450,6450,6450,0
2022-05-16 13:07:00,6450,6450,6450,6450,0
2022-05-16 13:08:00,6450,6450,6450,6450,0
2022-05-16 13:09:00,6450,6450,6450,6450,0
2022-05-16 13:10:00,6450,6450,6450,6450,0
2022-05-16 13:11:00,6450,6450,6450,6450,0
2022-05-16 13:12:00,6450,6450,6450,6450,0
2022-05-16 13:13:00,6450,6450,6450,6450,0
2022-05-16 13:14:00,6450,6450,6450,6450,0
2022-05-16 13:15:00,6450,6450,6450,6450,0
2022-05-16 13:16:00,6450,6450,6450,6450,0
2022-05-16 13:17:00,6450,6450,6450,6450,0
2022-05-16 13:18:00,6450,6450,6450,6450,0
2022-05-16 13:19:00,6450,6450,6450,6450,0
2022-05-16 13:20:00,6450,6450,6450,6450,0
2022-05-16 13:21:00,6450,6450,6450,6450,0
2022-05-16 13:22:00,6450,6450,6450,6450,0
2022-05-16 13:23:00,6450,6450,6450,6450,0
2022-05-16 13:24:00,6450,6450,6450,6450,0
2022-05-16 13:25:00,6450,6450,6450,6450,0
2022-05-16 13:26:00,6450,6450,6450,6450,0
2022-05-16 13:27:00,6450,6450,6450,6450,0
2022-05-16 13:28:00,6450,6450,6450,6450,0
2022-05-16 13:29:00,6450,6450,6450,6450,0
2022-05-16 13:30:00,6450,6450,6450,6450,0
2022-05-16 13:31:00,6450,6450,6450,6450,0
2022-05-16 13:32:00,6450,6450,6450,6450,0
2022-05-16 13:33:00,6450,6450,6450,6450,0
2022-05-16 13:34:00,6450,6450,6450,6450,0
2022-05-16 13:35:00,6450,6450,6450,6450,0
2022-05-16 13:36:00,6450,6450,6450,6450,0
2022-05-16 13:37:00,6450,6450,6450,6450,0
2022-05-16 13:38:00,6450,6450,6450,6450,0
2022-05-16 13:39:00,6450,6450,6450,6450,0
2022-05-16 13:40:00,6450,6450,6450,6450,0
2022-05-16 13:41:00,6450,6450,6450,6450,0
2022-05-16 13:42:00,6450,6450,6450,6450,0
2022-05-16 13:43:00,6450,6450,6450,6450,0
2022-05-16 13:44:00,6450,6450,6450,6450,0
2022-05-16 13:45:00,6450,6450,6450,6450,0
2022-05-16 13:46:00,6450,6450,6450,6450,0
2022-05-16 13:47:00,6450,6450,6450,6450,0
2022-05-16 13:48:00,6450,6450,6450,6450,0
2022-05-16 13:49:00,6450,6450,6450,6450,0
2022-05-16 13:50:00,6450,6450,6450,6450,0
2022-05-16 13:51:00,6450,6450,6450,6450,0
2022-05-16 13:52:00,6450,6450,6450,6450,0
2022-05-16 13:53:00,6450,6450,6450,6450,0
2022-05-16 13:54:00,6450,6450,6450,6450,0
2022-05-16 13:55:00,6450,6450,6450,6450,0
2022-05-16 13:56:00,6450,6450,6450,6450,0
2022-05-16 13:57:00,6450,6450,6450,6450,0
2022-05-16 13:58:00,6450,6450,6450,6450,0
2022-05-16 13:59:00,6450,6450,6450,6450,0
2022-05-16 14:00:00,6450,6450,6450,6450,0
2022-05-16 14:01:00,6450,6450,6450,6450,0
2022-05-16 14:02:00,6450,6450,6450,6450,0
2022-05-16 14:03:00,6450,6450,6450,6450,0
2022-05-16 14:04:00,6450,6450,6450,6450,0
2022-05-16 14:05:00,6450,6450,6450,6450,0
2022-05-16 14:06:00,6450,6450,6450,6450,0
2022-05-16 14:07:00,6450,6450,6450,6450,0
2022-05-16 14:08:00,6450,6450,6450,6450,0
2022-05-16 14:09:00,6450,6450,6450,6450,0
2022-05-16 14:10:00,6450,6450,6450,6450,0
2022-05-16 14:11:00,6450,6450,6450,6450,0
2022-05-16 14:12:00,6450,6450,6450,6450,0
2022-05-16 14:13:00,6450,6450,6450,6450,0
2022-05-16 14:14:00,6450,6450,6450,6450,0
2022-05-16 14:15:00,6450,6450,6450,6450,0
2022-05-16 14:16:00,6450,6450,6450,6450,0
2022-05-16 14:17:00,6450,6450,6450,6450,0
2022-05-16 14:18:00,6450,6450,6450,6450,0
2022-05-16 14:19:00,6450,6450,6450,6450,0
2022-05-16 14:20:00,6450,6450,6450,6450,0
2022-05-16 14:21:00,6450,6450,6450,6450,0
2022-05-16 14:22:00,6450,6450,6450,6450,0
2022-05-16 14:23:00,6450,6450,6450,6450,0
2022-05-16 14:24:00,6450,6450,6450,6450,0
2022-05-16 14:25:00,6450,6450,6450,6450,0
2022-05-16 14:26:00,6450,6450,6450,6450,0
2022-05-16 14:27:00,6450,6450,6450,6450,0
2022-05-16 14:28:00,6450,6450,6450,6450,0
2022-05-16 14:29:00,6450,6450,6450,6450,0
2022-05-16 14:30:00,6450,6450,6450,6450,0
2022-05-16 14:31:00,6450,6450,6450,6450,0
2022-05-16 14:32:00,6450,6450,6450,6450,0
2022-05-16 14:33:00,6450,6450,6450,6450,0
2022-05-16 14:34:00,6450,6450,6450,6450,0
2022-05-16 14:35:00,6450,6450,6450,6450,0
2022-05-16 14:36:00,6450,6450,6450,6450,0
2022-05-16 14:37:00,6450,6450,6450,6450,0
2022-05-16 14:38:00,6450,6450,6450,6450,0
2022-05-16 14:39:00,6450,6450,6450,6450,0
2022-05-16 14:40:00,6450,6450,6450,6450,0
2022-05-16 14:41:00,6450,6450,6450,6450,0
2022-05-16 14:42:00,6450,6450,6450,6450,0
2022-05-16 14:43:00,6450,6450,6450,6450,0
2022-05-16 14:44:00,6450,6450,6450,6450,0
2022-05-16 14:45:00,6450,6450,6450,6450,0
2022-05-16 14:46:00,6450,6450,6450,6450,0
2022-05-16 14:47:00,6450,6450,6450,6450,0
2022-05-16 14:48:00,6450,6450,6450,6450,0
2022-05-16 14:49:00,6450,6450,6450,6450,0
2022-05-16 14:50:00,6450,6450,6450,6450,0
2022-05-16 14:51:00,6450,6450,6450,6450,0
2022-05-16 14:52:00,6450,6450,6450,6450,0
2022-05-16 14:53:00,6450,6450,6450,6450,0
2022-05-16 14:54:00,6450,6450,6450,6450,0
2022-05-16 14:55:00,6450,6450,6450,6450,0
2022-05-16 14:56:00,6450,6450,6450,6450,0
2022-05-16 14:57:00,6450,6450,6450,6450,0
2022-05-16 14:58:00,6450,6450,6450,6450,0
2022-05-16 14:59:00,6450,6450,6450,6450,0
2022-05-16 15:00:00,6450,6450,6450,6450,0
2022-05-16 15:01:00,6450,6450,6450,6450,0
2022-05-16 15:02:00,6450,6450,6450,6450,0
2022-05-16 15:03:00,6450,6450,6450,6450,0
2022-05-16 15:04:00,6450,6450,6450,6450,0
2022-05-16 15:05:00,6450,6450,6450,6450,0
2022-05-16 15:06:00,6450,6450,6450,6450,0
2022-05-16 15:07:00,6450,6450,6450,6450,0
2022-05-16 15:08:00,6450,6450,6450,6450,0
2022-05-16 15:09:00,6450,6450,6450,6450,0
2022-05-16 15:10:00,6450,6450,6450,6450,0
2022-05-16 15:11:00,6450,6450,6450,6450,0
2022-05-16 15:12:00,6450,6450,6450,6450,0
2022-05-16 15:13:00,6450,6450,6450,6450,0
2022-05-16 15:14:00,6450,6450,6450,6450,0
2022-05-16 15:15:00,6450,6450,6450,6450,0
2022-05-16 15:16:00,6450,6450,6450,6450,0
2022-05-16 15:17:00,6450,6450,6450,6450,0
2022-05-16 15:18:00,6450,6450,6450,6450,0
2022-05-16 15:19:00,6450,6450,6450,6450,0
2022-05-16 15:20:00,6450,6450,6450,6450,0
2022-05-16 15:21:00,6450,6450,6450,6450,0
2022-05-16 15:22:00,6450,6450,6450,6450,0
2022-05-16 15:23:00,6450,6450,6450,6450,0
2022-05-16 15:24:00,6450,6450,6450,6450,0
2022-05-16 15:25:00,6450,6450,6450,6450,0
2022-05-16 15:26:00,6450,6450,6450,6450,0
2022-05-16 15:27:00,6450,6450,6450,6450,0
2022-05-16 15:28:00,6450,6450,6450,6450,0
2022-05-16 15:29:00,6450,6450,6450,6450,0
2022-05-16 15:30:00,6450,6450,6450,6450,0
2022-05-16 15:31:00,6450,6450,6450,6450,0
2022-05-16 15:32:00,6450,6450,6450,6450,0
2022-05-16 15:33:00,6450,6450,6450,6450,0
2022-05-16 15:34:00,6450,6450,6450,6450,0
2022-05-16 15:35:00,6450,6450,6450,6450,0
2022-05-16 15:36:00,6450,6450,6450,6450,0
2022-05-16 15:37:00,6450,6450,6450,6450,0
2022-05-16 15:38:00,6450,6450,6450,6450,0
2022-05-16 15:39:00,6450,6450,6450,6450,0
2022-05-16 15:40:00,6450,6450,6450,6450,0
2022-05-16 15:41:00,6450,6450,6450,6450,0
2022-05-16 15:42:00,6450,6450,6450,6450,0
2022-05-16 15:43:00,6450,6450,6450,6450,0
2022-05-16 15:44:00,6450,6450,6450,6450,0
2022-05-16 15:45:00,6450,6450,6450,6450,0
2022-05-16 15:46:00,6450,6450,6450,6450,0
2022-05-16 15:47:00,6450,6450,6450,6450,0
2022-05-16 15:48:00,6450,6450,6450,6450,0
2022-05-16 15:49:00,6450,6450,6450,6450,0
2022-05-16 15:50:00,6450,6450,6450,6450,0
2022-05-16 15:51:00,6450,6450,6450,6450,0
2022-05-16 15:52:00,6450,6450,6450,6450,0
2022-05-16 15:53:00,6450,6450,6450,6450,0
2022-05-16 15:54:00,6450,6450,6450,6450,0
2022-05-16 15:55:00,6450,6450,6450,6450,0
2022-05-16 15:56:00,6450,6450,6450,6450,0
2022-05-16 15:57:00,6450,6450,6450,6450,0
2022-05-16 15:58:00,6450,6450,6450,6450,0
2022-05-16 15:59:00,6450,6450,6450,6450,0
2022-05-17 09:00:00,6500,6500,6550,6525,3900
2022-05-17 09:01:00,6550,6550,6550,6550,600
2022-05-17 09:02:00,6550,6525,6550,6550,4100
2022-05-17 09:03:00,6550,6525,6550,6550,2100
2022-05-17 09:04:00,6525,6525,6550,6525,18500
2022-05-17 09:05:00,6525,6525,6525,6525,15200
2022-05-17 09:06:00,6525,6525,6550,6550,900
2022-05-17 09:07:00,6525,6525,6575,6550,55800
2022-05-17 09:08:00,6550,6550,6550,6550,5000
2022-05-17 09:09:00,6550,6550,6575,6575,14900
2022-05-17 09:10:00,6575,6575,6575,6575,14900
2022-05-17 09:11:00,6575,6575,6575,6575,5000
2022-05-17 09:12:00,6575,6550,6600,6600,37600
2022-05-17 09:13:00,6600,6550,6600,6600,27100
2022-05-17 09:14:00,6575,6550,6575,6550,10900
2022-05-17 09:15:00,6575,6550,6575,6550,0
2022-05-17 09:16:00,6550,6550,6550,6550,4500
2022-05-17 09:17:00,6550,6550,6550,6550,2300
2022-05-17 09:18:00,6575,6550,6575,6550,300
2022-05-17 09:19:00,6575,6575,6575,6575,1100
2022-05-17 09:20:00,6550,6550,6575,6575,3900
2022-05-17 09:21:00,6600,6575,6600,6575,2400
2022-05-17 09:22:00,6575,6575,6600,6600,1800
2022-05-17 09:23:00,6600,6600,6600,6600,19500
2022-05-17 09:24:00,6625,6625,6625,6625,100
2022-05-17 09:25:00,6575,6575,6600,6575,52000
2022-05-17 09:26:00,6575,6575,6575,6575,2100
2022-05-17 09:27:00,6550,6550,6575,6575,600
2022-05-17 09:28:00,6550,6550,6550,6550,500
2022-05-17 09:29:00,6550,6550,6550,6550,0
2022-05-17 09:30:00,6575,6575,6575,6575,4500
2022-05-17 09:31:00,6550,6550,6550,6550,1400
2022-05-17 09:32:00,6550,6550,6575,6575,1100
2022-05-17 09:33:00,6550,6550,6550,6550,9000
2022-05-17 09:34:00,6575,6575,6575,6575,1900
2022-05-17 09:35:00,6550,6550,6550,6550,200
2022-05-17 09:36:00,6575,6575,6575,6575,500
2022-05-17 09:37:00,6575,6575,6575,6575,500
2022-05-17 09:38:00,6575,6575,6575,6575,0
2022-05-17 09:39:00,6575,6575,6575,6575,900
2022-05-17 09:40:00,6550,6550,6575,6575,600
2022-05-17 09:41:00,6550,6550,6575,6575,1800
2022-05-17 09:42:00,6550,6550,6575,6575,0
2022-05-17 09:43:00,6550,6550,6550,6550,2800
2022-05-17 09:44:00,6550,6550,6575,6575,300
2022-05-17 09:45:00,6550,6550,6550,6550,29800
2022-05-17 09:46:00,6550,6550,6550,6550,0
2022-05-17 09:47:00,6550,6550,6550,6550,4800
2022-05-17 09:48:00,6550,6550,6550,6550,1000
2022-05-17 09:49:00,6550,6550,6575,6550,1400
2022-05-17 09:50:00,6550,6550,6575,6550,0
2022-05-17 09:51:00,6550,6550,6550,6550,3400
2022-05-17 09:52:00,6550,6550,6550,6550,1000
2022-05-17 09:53:00,6575,6575,6575,6575,200
2022-05-17 09:54:00,6575,6575,6575,6575,1000
2022-05-17 09:55:00,6550,6550,6575,6575,21100
2022-05-17 09:56:00,6575,6575,6575,6575,7000
2022-05-17 09:57:00,6575,6575,6575,6575,10700
2022-05-17 09:58:00,6550,6550,6550,6550,200
2022-05-17 09:59:00,6575,6575,6575,6575,3500
2022-05-17 10:00:00,6575,6575,6575,6575,3100
2022-05-17 10:01:00,6575,6575,6575,6575,1000
2022-05-17 10:02:00,6575,6575,6575,6575,0
2022-05-17 10:03:00,6575,6575,6575,6575,0
2022-05-17 10:04:00,6575,6550,6575,6575,24500
2022-05-17 10:05:00,6575,6575,6575,6575,1300
2022-05-17 10:06:00,6575,6575,6575,6575,100
2022-05-17 10:07:00,6575,6575,6575,6575,0
2022-05-17 10:08:00,6575,6575,6575,6575,0
2022-05-17 10:09:00,6575,6575,6575,6575,0
2022-05-17 10:10:00,6575,6575,6575,6575,100
2022-05-17 10:11:00,6575,6575,6575,6575,12400
2022-05-17 10:12:00,6575,6575,6575,6575,0
2022-05-17 10:13:00,6575,6575,6575,6575,0
2022-05-17 10:14:00,6575,6550,6575,6575,30700
2022-05-17 10:15:00,6575,6550,6575,6575,0
2022-05-17 10:16:00,6575,6575,6575,6575,1600
2022-05-17 10:17:00,6575,6575,6575,6575,0
2022-05-17 10:18:00,6575,6575,6575,6575,500
2022-05-17 10:19:00,6575,6575,6575,6575,500
2022-05-17 10:20:00,6575,6575,6575,6575,0
2022-05-17 10:21:00,6550,6550,6575,6575,500
2022-05-17 10:22:00,6550,6550,6575,6575,0
2022-05-17 10:23:00,6550,6550,6575,6575,500
2022-05-17 10:24:00,6550,6550,6550,6550,600
2022-05-17 10:25:00,6550,6550,6550,6550,300
2022-05-17 10:26:00,6550,6550,6550,6550,3500
2022-05-17 10:27:00,6575,6575,6575,6575,100
2022-05-17 10:28:00,6575,6575,6575,6575,0
2022-05-17 10:29:00,6575,6575,6575,6575,1400
2022-05-17 10:30:00,6575,6550,6575,6550,700
2022-05-17 10:31:00,6550,6550,6550,6550,5800
2022-05-17 10:32:00,6575,6575,6575,6575,500
2022-05-17 10:33:00,6550,6525,6575,6575,31400
2022-05-17 10:34:00,6550,6525,6575,6575,0
2022-05-17 10:35:00,6550,6525,6550,6525,1100
2022-05-17 10:36:00,6550,6525,6550,6525,0
2022-05-17 10:37:00,6525,6525,6550,6550,2900
2022-05-17 10:38:00,6525,6525,6550,6550,0
2022-05-17 10:39:00,6550,6550,6550,6550,1200
2022-05-17 10:40:00,6550,6550,6550,6550,100
2022-05-17 10:41:00,6525,6525,6525,6525,600
2022-05-17 10:42:00,6525,6525,6525,6525,1500
2022-05-17 10:43:00,6525,6525,6525,6525,2700
2022-05-17 10:44:00,6525,6525,6525,6525,0
2022-05-17 10:45:00,6525,6525,6525,6525,0
2022-05-17 10:46:00,6525,6525,6525,6525,0
2022-05-17 10:47:00,6550,6525,6550,6525,800
2022-05-17 10:48:00,6525,6525,6525,6525,9000
2022-05-17 10:49:00,6525,6525,6525,6525,0
2022-05-17 10:50:00,6525,6525,6525,6525,2000
2022-05-17 10:51:00,6525,6525,6525,6525,0
2022-05-17 10:52:00,6525,6525,6550,6525,5000
2022-05-17 10:53:00,6550,6550,6550,6550,600
2022-05-17 10:54:00,6525,6525,6525,6525,600
2022-05-17 10:55:00,6550,6550,6550,6550,2100
2022-05-17 10:56:00,6550,6550,6550,6550,600
2022-05-17 10:57:00,6550,6550,6550,6550,38200
2022-05-17 10:58:00,6550,6550,6550,6550,600
2022-05-17 10:59:00,6550,6550,6550,6550,600
2022-05-17 11:00:00,6525,6525,6550,6550,40200
2022-05-17 11:01:00,6525,6525,6525,6525,4500
2022-05-17 11:02:00,6525,6525,6525,6525,1000
2022-05-17 11:03:00,6525,6500,6525,6525,6100
2022-05-17 11:04:00,6525,6500,6525,6525,0
2022-05-17 11:05:00,6525,6500,6525,6525,0
2022-05-17 11:06:00,6525,6500,6525,6525,0
2022-05-17 11:07:00,6525,6525,6525,6525,1900
2022-05-17 11:08:00,6525,6525,6525,6525,0
2022-05-17 11:09:00,6525,6525,6525,6525,0
2022-05-17 11:10:00,6525,6525,6550,6550,1400
2022-05-17 11:11:00,6525,6525,6525,6525,30600
2022-05-17 11:12:00,6525,6525,6525,6525,200
2022-05-17 11:13:00,6525,6525,6525,6525,1000
2022-05-17 11:14:00,6525,6525,6525,6525,0
2022-05-17 11:15:00,6525,6525,6550,6550,1000
2022-05-17 11:16:00,6525,6525,6525,6525,100
2022-05-17 11:17:00,6525,6525,6525,6525,2000
2022-05-17 11:18:00,6525,6525,6550,6525,2200
2022-05-17 11:19:00,6525,6525,6550,6525,0
2022-05-17 11:20:00,6550,6550,6550,6550,15500
2022-05-17 11:21:00,6550,6550,6550,6550,600
2022-05-17 11:22:00,6550,6550,6550,6550,0
2022-05-17 11:23:00,6525,6525,6550,6550,1200
2022-05-17 11:24:00,6550,6550,6550,6550,600
2022-05-17 11:25:00,6550,6525,6550,6525,10600
2022-05-17 11:26:00,6550,6525,6550,6525,0
2022-05-17 11:27:00,6525,6525,6525,6525,400
2022-05-17 11:28:00,6525,6525,6550,6550,900
2022-05-17 11:29:00,6525,6525,6525,6525,600
2022-05-17 11:30:00,6525,6525,6525,6525,0
2022-05-17 11:31:00,6525,6525,6525,6525,0
2022-05-17 11:32:00,6525,6525,6525,6525,0
2022-05-17 11:33:00,6525,6525,6525,6525,0
2022-05-17 11:34:00,6525,6525,6525,6525,0
2022-05-17 11:35:00,6525,6525,6525,6525,0
2022-05-17 11:36:00,6525,6525,6525,6525,0
2022-05-17 11:37:00,6525,6525,6525,6525,0
2022-05-17 11:38:00,6525,6525,6525,6525,0
2022-05-17 11:39:00,6525,6525,6525,6525,0
2022-05-17 11:40:00,6525,6525,6525,6525,0
2022-05-17 11:41:00,6525,6525,6525,6525,0
2022-05-17 11:42:00,6525,6525,6525,6525,0
2022-05-17 11:43:00,6525,6525,6525,6525,0
2022-05-17 11:44:00,6525,6525,6525,6525,0
2022-05-17 11:45:00,6525,6525,6525,6525,0
2022-05-17 11:46:00,6525,6525,6525,6525,0
2022-05-17 11:47:00,6525,6525,6525,6525,0
2022-05-17 11:48:00,6525,6525,6525,6525,0
2022-05-17 11:49:00,6525,6525,6525,6525,0
2022-05-17 11:50:00,6525,6525,6525,6525,0
2022-05-17 11:51:00,6525,6525,6525,6525,0
2022-05-17 11:52:00,6525,6525,6525,6525,0
2022-05-17 11:53:00,6525,6525,6525,6525,0
2022-05-17 11:54:00,6525,6525,6525,6525,0
2022-05-17 11:55:00,6525,6525,6525,6525,0
2022-05-17 11:56:00,6525,6525,6525,6525,0
2022-05-17 11:57:00,6525,6525,6525,6525,0
2022-05-17 11:58:00,6525,6525,6525,6525,0
2022-05-17 11:59:00,6525,6525,6525,6525,0
2022-05-17 12:00:00,6525,6525,6525,6525,0
2022-05-17 12:01:00,6525,6525,6525,6525,0
2022-05-17 12:02:00,6525,6525,6525,6525,0
2022-05-17 12:03:00,6525,6525,6525,6525,0
2022-05-17 12:04:00,6525,6525,6525,6525,0
2022-05-17 12:05:00,6525,6525,6525,6525,0
2022-05-17 12:06:00,6525,6525,6525,6525,0
2022-05-17 12:07:00,6525,6525,6525,6525,0
2022-05-17 12:08:00,6525,6525,6525,6525,0
2022-05-17 12:09:00,6525,6525,6525,6525,0
2022-05-17 12:10:00,6525,6525,6525,6525,0
2022-05-17 12:11:00,6525,6525,6525,6525,0
2022-05-17 12:12:00,6525,6525,6525,6525,0
2022-05-17 12:13:00,6525,6525,6525,6525,0
2022-05-17 12:14:00,6525,6525,6525,6525,0
2022-05-17 12:15:00,6525,6525,6525,6525,0
2022-05-17 12:16:00,6525,6525,6525,6525,0
2022-05-17 12:17:00,6525,6525,6525,6525,0
2022-05-17 12:18:00,6525,6525,6525,6525,0
2022-05-17 12:19:00,6525,6525,6525,6525,0
2022-05-17 12:20:00,6525,6525,6525,6525,0
2022-05-17 12:21:00,6525,6525,6525,6525,0
2022-05-17 12:22:00,6525,6525,6525,6525,0
2022-05-17 12:23:00,6525,6525,6525,6525,0
2022-05-17 12:24:00,6525,6525,6525,6525,0
2022-05-17 12:25:00,6525,6525,6525,6525,0
2022-05-17 12:26:00,6525,6525,6525,6525,0
2022-05-17 12:27:00,6525,6525,6525,6525,0
2022-05-17 12:28:00,6525,6525,6525,6525,0
2022-05-17 12:29:00,6525,6525,6525,6525,0
2022-05-17 12:30:00,6525,6525,6525,6525,0
2022-05-17 12:31:00,6525,6525,6525,6525,0
2022-05-17 12:32:00,6525,6525,6525,6525,0
2022-05-17 12:33:00,6525,6525,6525,6525,0
2022-05-17 12:34:00,6525,6525,6525,6525,0
2022-05-17 12:35:00,6525,6525,6525,6525,0
2022-05-17 12:36:00,6525,6525,6525,6525,0
2022-05-17 12:37:00,6525,6525,6525,6525,0
2022-05-17 12:38:00,6525,6525,6525,6525,0
2022-05-17 12:39:00,6525,6525,6525,6525,0
2022-05-17 12:40:00,6525,6525,6525,6525,0
2022-05-17 12:41:00,6525,6525,6525,6525,0
2022-05-17 12:42:00,6525,6525,6525,6525,0
2022-05-17 12:43:00,6525,6525,6525,6525,0
2022-05-17 12:44:00,6525,6525,6525,6525,0
2022-05-17 12:45:00,6525,6525,6525,6525,0
2022-05-17 12:46:00,6525,6525,6525,6525,0
2022-05-17 12:47:00,6525,6525,6525,6525,0
2022-05-17 12:48:00,6525,6525,6525,6525,0
2022-05-17 12:49:00,6525,6525,6525,6525,0
2022-05-17 12:50:00,6525,6525,6525,6525,0
2022-05-17 12:51:00,6525,6525,6525,6525,0
2022-05-17 12:52:00,6525,6525,6525,6525,0
2022-05-17 12:53:00,6525,6525,6525,6525,0
2022-05-17 12:54:00,6525,6525,6525,6525,0
2022-05-17 12:55:00,6525,6525,6525,6525,0
2022-05-17 12:56:00,6525,6525,6525,6525,0
2022-05-17 12:57:00,6525,6525,6525,6525,0
2022-05-17 12:58:00,6525,6525,6525,6525,0
2022-05-17 12:59:00,6525,6525,6525,6525,0
2022-05-17 13:00:00,6525,6525,6525,6525,0
2022-05-17 13:01:00,6525,6525,6525,6525,0
2022-05-17 13:02:00,6525,6525,6525,6525,0
2022-05-17 13:03:00,6525,6525,6525,6525,0
2022-05-17 13:04:00,6525,6525,6525,6525,0
2022-05-17 13:05:00,6525,6525,6525,6525,0
2022-05-17 13:06:00,6525,6525,6525,6525,0
2022-05-17 13:07:00,6525,6525,6525,6525,0
2022-05-17 13:08:00,6525,6525,6525,6525,0
2022-05-17 13:09:00,6525,6525,6525,6525,0
2022-05-17 13:10:00,6525,6525,6525,6525,0
2022-05-17 13:11:00,6525,6525,6525,6525,0
2022-05-17 13:12:00,6525,6525,6525,6525,0
2022-05-17 13:13:00,6525,6525,6525,6525,0
2022-05-17 13:14:00,6525,6525,6525,6525,0
2022-05-17 13:15:00,6525,6525,6525,6525,0
2022-05-17 13:16:00,6525,6525,6525,6525,0
2022-05-17 13:17:00,6525,6525,6525,6525,0
2022-05-17 13:18:00,6525,6525,6525,6525,0
2022-05-17 13:19:00,6525,6525,6525,6525,0
2022-05-17 13:20:00,6525,6525,6525,6525,0
2022-05-17 13:21:00,6525,6525,6525,6525,0
2022-05-17 13:22:00,6525,6525,6525,6525,0
2022-05-17 13:23:00,6525,6525,6525,6525,0
2022-05-17 13:24:00,6525,6525,6525,6525,0
2022-05-17 13:25:00,6525,6525,6525,6525,0
2022-05-17 13:26:00,6525,6525,6525,6525,0
2022-05-17 13:27:00,6525,6525,6525,6525,0
2022-05-17 13:28:00,6525,6525,6525,6525,0
2022-05-17 13:29:00,6525,6525,6525,6525,0
2022-05-17 13:30:00,6525,6500,6550,6500,72700
2022-05-17 13:31:00,6500,6500,6500,6500,500
2022-05-17 13:32:00,6500,6500,6500,6500,100
2022-05-17 13:33:00,6525,6525,6575,6575,120200
2022-05-17 13:34:00,6575,6575,6575,6575,400
2022-05-17 13:35:00,6575,6575,6575,6575,0
2022-05-17 13:36:00,6575,6575,6575,6575,0
2022-05-17 13:37:00,6575,6575,6575,6575,1000
2022-05-17 13:38:00,6575,6575,6575,6575,700
2022-05-17 13:39:00,6575,6575,6575,6575,43800
2022-05-17 13:40:00,6600,6575,6600,6575,3700
2022-05-17 13:41:00,6575,6575,6600,6575,17400
2022-05-17 13:42:00,6575,6575,6600,6575,0
2022-05-17 13:43:00,6600,6575,6600,6575,1400
2022-05-17 13:44:00,6600,6600,6600,6600,1200
2022-05-17 13:45:00,6600,6600,6600,6600,0
2022-05-17 13:46:00,6600,6600,6600,6600,600
2022-05-17 13:47:00,6600,6600,6600,6600,2400
2022-05-17 13:48:00,6575,6575,6600,6600,6400
2022-05-17 13:49:00,6600,6575,6600,6575,1000
2022-05-17 13:50:00,6600,6600,6600,6600,50600
2022-05-17 13:51:00,6600,6600,6600,6600,0
2022-05-17 13:52:00,6600,6600,6600,6600,0
2022-05-17 13:53:00,6575,6550,6575,6550,48100
2022-05-17 13:54:00,6575,6550,6575,6550,0
2022-05-17 13:55:00,6550,6550,6550,6550,600
2022-05-17 13:56:00,6575,6575,6575,6575,1000
2022-05-17 13:57:00,6575,6575,6575,6575,500
2022-05-17 13:58:00,6575,6575,6625,6625,110300
2022-05-17 13:59:00,6600,6600,6625,6625,50300
2022-05-17 14:00:00,6625,6625,6750,6725,576300
2022-05-17 14:01:00,6725,6675,6725,6700,15100
2022-05-17 14:02:00,6700,6700,6725,6700,23400
2022-05-17 14:03:00,6700,6675,6700,6700,4400
2022-05-17 14:04:00,6700,6700,6725,6700,25000
2022-05-17 14:05:00,6725,6700,6750,6750,104900
2022-05-17 14:06:00,6750,6725,6750,6725,115500
2022-05-17 14:07:00,6725,6725,6750,6750,12800
2022-05-17 14:08:00,6750,6750,6750,6750,8000
2022-05-17 14:09:00,6750,6725,6750,6750,66100
2022-05-17 14:10:00,6750,6750,6750,6750,7700
2022-05-17 14:11:00,6750,6750,6775,6750,10700
2022-05-17 14:12:00,6750,6725,6775,6725,59300
2022-05-17 14:13:00,6750,6750,6750,6750,43600
2022-05-17 14:14:00,6750,6725,6750,6750,20800
2022-05-17 14:15:00,6750,6725,6750,6750,13700
2022-05-17 14:16:00,6750,6750,6750,6750,2200
2022-05-17 14:17:00,6750,6725,6750,6725,5400
2022-05-17 14:18:00,6725,6725,6750,6750,34700
2022-05-17 14:19:00,6725,6700,6750,6725,46500
2022-05-17 14:20:00,6700,6700,6725,6700,1600
2022-05-17 14:21:00,6725,6725,6725,6725,600
2022-05-17 14:22:00,6700,6700,6700,6700,600
2022-05-17 14:23:00,6700,6700,6725,6725,81300
2022-05-17 14:24:00,6725,6700,6725,6725,4900
2022-05-17 14:25:00,6725,6650,6725,6700,71100
2022-05-17 14:26:00,6700,6700,6700,6700,2400
2022-05-17 14:27:00,6675,6675,6675,6675,500
2022-05-17 14:28:00,6675,6675,6675,6675,5100
2022-05-17 14:29:00,6675,6675,6675,6675,500
2022-05-17 14:30:00,6675,6675,6675,6675,23100
2022-05-17 14:31:00,6675,6650,6700,6650,48300
2022-05-17 14:32:00,6650,6650,6650,6650,2300
2022-05-17 14:33:00,6650,6650,6650,6650,300
2022-05-17 14:34:00,6650,6650,6675,6675,31700
2022-05-17 14:35:00,6675,6675,6675,6675,200
2022-05-17 14:36:00,6675,6675,6700,6700,26000
2022-05-17 14:37:00,6700,6700,6725,6725,7900
2022-05-17 14:38:00,6700,6700,6700,6700,9800
2022-05-17 14:39:00,6700,6700,6700,6700,2500
2022-05-17 14:40:00,6700,6700,6700,6700,1300
2022-05-17 14:41:00,6700,6675,6700,6700,4400
2022-05-17 14:42:00,6700,6700,6700,6700,3300
2022-05-17 14:43:00,6675,6675,6675,6675,1400
2022-05-17 14:44:00,6675,6675,6675,6675,46000
2022-05-17 14:45:00,6675,6650,6675,6675,52300
2022-05-17 14:46:00,6650,6650,6675,6675,2100
2022-05-17 14:47:00,6650,6650,6675,6675,6100
2022-05-17 14:48:00,6650,6650,6675,6675,21900
2022-05-17 14:49:00,6675,6650,6675,6675,11400
2022-05-17 14:50:00,6675,6650,6675,6675,0
2022-05-17 14:51:00,6675,6650,6675,6675,0
2022-05-17 14:52:00,6675,6650,6675,6675,0
2022-05-17 14:53:00,6675,6650,6675,6675,0
2022-05-17 14:54:00,6675,6650,6675,6675,0
2022-05-17 14:55:00,6675,6650,6675,6675,0
2022-05-17 14:56:00,6675,6650,6675,6675,0
2022-05-17 14:57:00,6675,6650,6675,6675,0
2022-05-17 14:58:00,6675,6650,6675,6675,0
2022-05-17 14:59:00,6675,6650,6675,6675,0
2022-05-17 15:00:00,6675,6675,6675,6675,98800
2022-05-17 15:01:00,6675,6675,6675,6675,8100
2022-05-17 15:02:00,6675,6675,6675,6675,3200
2022-05-17 15:03:00,6675,6675,6675,6675,500
2022-05-17 15:04:00,6675,6675,6675,6675,1000
2022-05-17 15:05:00,6675,6675,6675,6675,200
2022-05-17 15:06:00,6675,6675,6675,6675,0
2022-05-17 15:07:00,6675,6675,6675,6675,0
2022-05-17 15:08:00,6675,6675,6675,6675,1400
2022-05-17 15:09:00,6675,6675,6675,6675,11000
2022-05-17 15:10:00,6675,6675,6675,6675,100
2022-05-17 15:11:00,6675,6675,6675,6675,0
2022-05-17 15:12:00,6675,6675,6675,6675,500
2022-05-17 15:13:00,6675,6675,6675,6675,5300
2022-05-17 15:14:00,6675,6675,6675,6675,0
2022-05-17 15:15:00,6675,6675,6675,6675,0
2022-05-17 15:16:00,6675,6675,6675,6675,0
2022-05-17 15:17:00,6675,6675,6675,6675,0
2022-05-17 15:18:00,6675,6675,6675,6675,0
2022-05-17 15:19:00,6675,6675,6675,6675,0
2022-05-17 15:20:00,6675,6675,6675,6675,0
2022-05-17 15:21:00,6675,6675,6675,6675,0
2022-05-17 15:22:00,6675,6675,6675,6675,0
2022-05-17 15:23:00,6675,6675,6675,6675,0
2022-05-17 15:24:00,6675,6675,6675,6675,0
2022-05-17 15:25:00,6675,6675,6675,6675,0
2022-05-17 15:26:00,6675,6675,6675,6675,0
2022-05-17 15:27:00,6675,6675,6675,6675,0
2022-05-17 15:28:00,6675,6675,6675,6675,0
2022-05-17 15:29:00,6675,6675,6675,6675,0
2022-05-17 15:30:00,6675,6675,6675,6675,0
2022-05-17 15:31:00,6675,6675,6675,6675,0
2022-05-17 15:32:00,6675,6675,6675,6675,0
2022-05-17 15:33:00,6675,6675,6675,6675,0
2022-05-17 15:34:00,6675,6675,6675,6675,0
2022-05-17 15:35:00,6675,6675,6675,6675,0
2022-05-17 15:36:00,6675,6675,6675,6675,0
2022-05-17 15:37:00,6675,6675,6675,6675,0
2022-05-17 15:38:00,6675,6675,6675,6675,0
2022-05-17 15:39:00,6675,6675,6675,6675,0
2022-05-17 15:40:00,6675,6675,6675,6675,0
2022-05-17 15:41:00,6675,6675,6675,6675,0
2022-05-17 15:42:00,6675,6675,6675,6675,0
2022-05-17 15:43:00,6675,6675,6675,6675,0
2022-05-17 15:44:00,6675,6675,6675,6675,0
2022-05-17 15:45:00,6675,6675,6675,6675,0
2022-05-17 15:46:00,6675,6675,6675,6675,0
2022-05-17 15:47:00,6675,6675,6675,6675,0
2022-05-17 15:48:00,6675,6675,6675,6675,0
2022-05-17 15:49:00,6675,6675,6675,6675,0
2022-05-17 15:50:00,6675,6675,6675,6675,0
2022-05-17 15:51:00,6675,6675,6675,6675,0
2022-05-17 15:52:00,6675,6675,6675,6675,0
2022-05-17 15:53:00,6675,6675,6675,6675,0
2022-05-17 15:54:00,6675,6675,6675,6675,0
2022-05-17 15:55:00,6675,6675,6675,6675,0
2022-05-17 15:56:00,6675,6675,6675,6675,0
2022-05-17 15:57:00,6675,6675,6675,6675,0
2022-05-17 15:58:00,6675,6675,6675,6675,0
2022-05-17 15:59:00,6675,6675,6675,6675,0
2022-05-18 09:00:00,6725,6725,6750,6750,3700
2022-05-18 09:01:00,6750,6700,6750,6725,39000
2022-05-18 09:02:00,6700,6700,6725,6700,52600
2022-05-18 09:03:00,6700,6700,6725,6700,18200
2022-05-18 09:04:00,6700,6650,6700,6650,39600
2022-05-18 09:05:00,6625,6625,6675,6675,15800
2022-05-18 09:06:00,6675,6650,6675,6650,6100
2022-05-18 09:07:00,6675,6675,6675,6675,4500
2022-05-18 09:08:00,6675,6675,6700,6700,1800
2022-05-18 09:09:00,6700,6675,6700,6675,3800
2022-05-18 09:10:00,6675,6675,6675,6675,700
2022-05-18 09:11:00,6675,6675,6675,6675,10500
2022-05-18 09:12:00,6675,6675,6675,6675,100
2022-05-18 09:13:00,6675,6675,6675,6675,3500
2022-05-18 09:14:00,6675,6650,6675,6675,5100
2022-05-18 09:15:00,6675,6675,6675,6675,11700
2022-05-18 09:16:00,6675,6675,6675,6675,600
2022-05-18 09:17:00,6675,6675,6675,6675,4300
2022-05-18 09:18:00,6675,6675,6675,6675,7900
2022-05-18 09:19:00,6675,6675,6675,6675,5000
2022-05-18 09:20:00,6650,6650,6675,6675,25000
2022-05-18 09:21:00,6675,6675,6700,6700,3200
2022-05-18 09:22:00,6675,6675,6675,6675,1500
2022-05-18 09:23:00,6675,6675,6675,6675,100
2022-05-18 09:24:00,6675,6675,6675,6675,2200
2022-05-18 09:25:00,6700,6675,6700,6675,400
2022-05-18 09:26:00,6700,6700,6700,6700,33400
2022-05-18 09:27:00,6700,6700,6700,6700,1300
2022-05-18 09:28:00,6700,6700,6700,6700,100
2022-05-18 09:29:00,6700,6700,6700,6700,4000
2022-05-18 09:30:00,6700,6675,6700,6675,36600
2022-05-18 09:31:00,6675,6675,6675,6675,35800
2022-05-18 09:32:00,6675,6675,6675,6675,0
2022-05-18 09:33:00,6675,6675,6700,6700,2800
2022-05-18 09:34:00,6675,6675,6675,6675,1000
2022-05-18 09:35:00,6675,6675,6675,6675,2500
2022-05-18 09:36:00,6675,6675,6675,6675,3000
2022-05-18 09:37:00,6675,6675,6675,6675,800
2022-05-18 09:38:00,6675,6675,6675,6675,10300
2022-05-18 09:39:00,6700,6700,6700,6700,100
2022-05-18 09:40:00,6675,6675,6700,6675,16300
2022-05-18 09:41:00,6675,6675,6700,6675,0
2022-05-18 09:42:00,6700,6675,6700,6675,25100
2022-05-18 09:43:00,6675,6675,6675,6675,200
2022-05-18 09:44:00,6700,6675,6700,6675,400
2022-05-18 09:45:00,6675,6675,6675,6675,100
2022-05-18 09:46:00,6675,6675,6700,6675,5100
2022-05-18 09:47:00,6700,6700,6700,6700,2500
2022-05-18 09:48:00,6700,6700,6700,6700,100
2022-05-18 09:49:00,6700,6700,6700,6700,1200
2022-05-18 09:50:00,6700,6700,6700,6700,0
2022-05-18 09:51:00,6675,6650,6675,6650,35800
2022-05-18 09:52:00,6650,6650,6650,6650,100
2022-05-18 09:53:00,6650,6650,6650,6650,600
2022-05-18 09:54:00,6650,6650,6675,6675,1100
2022-05-18 09:55:00,6650,6650,6675,6675,0
2022-05-18 09:56:00,6650,6650,6675,6675,0
2022-05-18 09:57:00,6675,6675,6675,6675,100
2022-05-18 09:58:00,6675,6675,6675,6675,4000
2022-05-18 09:59:00,6675,6675,6675,6675,400
2022-05-18 10:00:00,6675,6675,6675,6675,500
2022-05-18 10:01:00,6675,6650,6675,6650,500
2022-05-18 10:02:00,6650,6650,6650,6650,1500
2022-05-18 10:03:00,6675,6650,6675,6675,1300
2022-05-18 10:04:00,6675,6675,6675,6675,400
2022-05-18 10:05:00,6675,6675,6675,6675,600
2022-05-18 10:06:00,6650,6650,6650,6650,300
2022-05-18 10:07:00,6650,6650,6650,6650,500
2022-05-18 10:08:00,6650,6650,6650,6650,1400
2022-05-18 10:09:00,6650,6650,6675,6675,900
2022-05-18 10:10:00,6650,6650,6650,6650,200
2022-05-18 10:11:00,6675,6675,6675,6675,200
2022-05-18 10:12:00,6675,6675,6675,6675,2000
2022-05-18 10:13:00,6675,6650,6675,6650,2300
2022-05-18 10:14:00,6675,6675,6675,6675,5000
2022-05-18 10:15:00,6675,6650,6675,6650,2900
2022-05-18 10:16:00,6675,6650,6675,6650,1400
2022-05-18 10:17:00,6650,6650,6650,6650,2600
2022-05-18 10:18:00,6650,6650,6675,6675,3000
2022-05-18 10:19:00,6650,6650,6650,6650,2800
2022-05-18 10:20:00,6650,6650,6650,6650,10100
2022-05-18 10:21:00,6650,6650,6675,6650,8500
2022-05-18 10:22:00,6650,6650,6650,6650,1600
2022-05-18 10:23:00,6650,6650,6650,6650,300
2022-05-18 10:24:00,6675,6675,6675,6675,3300
2022-05-18 10:25:00,6650,6650,6650,6650,2700
2022-05-18 10:26:00,6650,6650,6650,6650,0
2022-05-18 10:27:00,6650,6650,6650,6650,800
2022-05-18 10:28:00,6650,6650,6650,6650,0
2022-05-18 10:29:00,6650,6650,6650,6650,900
2022-05-18 10:30:00,6650,6650,6675,6675,1700
2022-05-18 10:31:00,6650,6650,6650,6650,48700
2022-05-18 10:32:00,6650,6650,6650,6650,0
2022-05-18 10:33:00,6650,6650,6650,6650,0
2022-05-18 10:34:00,6650,6625,6650,6625,800
2022-05-18 10:35:00,6625,6625,6650,6650,1600
2022-05-18 10:36:00,6650,6650,6650,6650,100
2022-05-18 10:37:00,6650,6650,6650,6650,0
2022-05-18 10:38:00,6650,6650,6650,6650,0
2022-05-18 10:39:00,6625,6625,6625,6625,3600
2022-05-18 10:40:00,6625,6625,6625,6625,45700
2022-05-18 10:41:00,6625,6625,6625,6625,400
2022-05-18 10:42:00,6600,6600,6600,6600,2700
2022-05-18 10:43:00,6625,6600,6625,6600,17500
2022-05-18 10:44:00,6600,6600,6625,6600,1600
2022-05-18 10:45:00,6600,6600,6625,6600,0
2022-05-18 10:46:00,6625,6625,6625,6625,300
2022-05-18 10:47:00,6600,6600,6600,6600,500
2022-05-18 10:48:00,6600,6600,6600,6600,600
2022-05-18 10:49:00,6625,6625,6625,6625,100
2022-05-18 10:50:00,6625,6625,6625,6625,200
2022-05-18 10:51:00,6625,6600,6625,6625,6300
2022-05-18 10:52:00,6625,6625,6625,6625,200
2022-05-18 10:53:00,6600,6600,6600,6600,600
2022-05-18 10:54:00,6600,6600,6600,6600,0
2022-05-18 10:55:00,6625,6625,6625,6625,600
2022-05-18 10:56:00,6625,6625,6625,6625,0
2022-05-18 10:57:00,6600,6600,6600,6600,3900
2022-05-18 10:58:00,6600,6600,6600,6600,0
2022-05-18 10:59:00,6600,6600,6600,6600,0
2022-05-18 11:00:00,6625,6625,6625,6625,1400
2022-05-18 11:01:00,6625,6625,6625,6625,3000
2022-05-18 11:02:00,6600,6600,6600,6600,8500
2022-05-18 11:03:00,6600,6600,6600,6600,19000
2022-05-18 11:04:00,6625,6600,6625,6600,13500
2022-05-18 11:05:00,6600,6575,6600,6575,122900
2022-05-18 11:06:00,6575,6575,6575,6575,2500
2022-05-18 11:07:00,6625,6625,6625,6625,100
2022-05-18 11:08:00,6625,6625,6625,6625,0
2022-05-18 11:09:00,6600,6600,6600,6600,5800
2022-05-18 11:10:00,6600,6600,6600,6600,0
2022-05-18 11:11:00,6600,6600,6600,6600,0
2022-05-18 11:12:00,6600,6600,6600,6600,0
2022-05-18 11:13:00,6600,6600,6600,6600,0
2022-05-18 11:14:00,6600,6600,6600,6600,700
2022-05-18 11:15:00,6600,6600,6600,6600,0
2022-05-18 11:16:00,6600,6600,6600,6600,52200
2022-05-18 11:17:00,6600,6600,6600,6600,0
2022-05-18 11:18:00,6625,6625,6625,6625,300
2022-05-18 11:19:00,6600,6600,6600,6600,10200
2022-05-18 11:20:00,6600,6600,6600,6600,0
2022-05-18 11:21:00,6600,6600,6600,6600,0
2022-05-18 11:22:00,6600,6600,6600,6600,2000
2022-05-18 11:23:00,6600,6600,6600,6600,0
2022-05-18 11:24:00,6600,6600,6600,6600,23100
2022-05-18 11:25:00,6600,6600,6600,6600,400
2022-05-18 11:26:00,6600,6600,6600,6600,1600
2022-05-18 11:27:00,6600,6600,6600,6600,5100
2022-05-18 11:28:00,6600,6600,6600,6600,400
2022-05-18 11:29:00,6600,6600,6625,6625,600
2022-05-18 11:30:00,6600,6600,6625,6625,0
2022-05-18 11:31:00,6600,6600,6625,6625,0
2022-05-18 11:32:00,6600,6600,6625,6625,0
2022-05-18 11:33:00,6600,6600,6625,6625,0
2022-05-18 11:34:00,6600,6600,6625,6625,0
2022-05-18 11:35:00,6600,6600,6625,6625,0
2022-05-18 11:36:00,6600,6600,6625,6625,0
2022-05-18 11:37:00,6600,6600,6625,6625,0
2022-05-18 11:38:00,6600,6600,6625,6625,0
2022-05-18 11:39:00,6600,6600,6625,6625,0
2022-05-18 11:40:00,6600,6600,6625,6625,0
2022-05-18 11:41:00,6600,6600,6625,6625,0
2022-05-18 11:42:00,6600,6600,6625,6625,0
2022-05-18 11:43:00,6600,6600,6625,6625,0
2022-05-18 11:44:00,6600,6600,6625,6625,0
2022-05-18 11:45:00,6600,6600,6625,6625,0
2022-05-18 11:46:00,6600,6600,6625,6625,0
2022-05-18 11:47:00,6600,6600,6625,6625,0
2022-05-18 11:48:00,6600,6600,6625,6625,0
2022-05-18 11:49:00,6600,6600,6625,6625,0
2022-05-18 11:50:00,6600,6600,6625,6625,0
2022-05-18 11:51:00,6600,6600,6625,6625,0
2022-05-18 11:52:00,6600,6600,6625,6625,0
2022-05-18 11:53:00,6600,6600,6625,6625,0
2022-05-18 11:54:00,6600,6600,6625,6625,0
2022-05-18 11:55:00,6600,6600,6625,6625,0
2022-05-18 11:56:00,6600,6600,6625,6625,0
2022-05-18 11:57:00,6600,6600,6625,6625,0
2022-05-18 11:58:00,6600,6600,6625,6625,0
2022-05-18 11:59:00,6600,6600,6625,6625,0
2022-05-18 12:00:00,6600,6600,6625,6625,0
2022-05-18 12:01:00,6600,6600,6625,6625,0
2022-05-18 12:02:00,6600,6600,6625,6625,0
2022-05-18 12:03:00,6600,6600,6625,6625,0
2022-05-18 12:04:00,6600,6600,6625,6625,0
2022-05-18 12:05:00,6600,6600,6625,6625,0
2022-05-18 12:06:00,6600,6600,6625,6625,0
2022-05-18 12:07:00,6600,6600,6625,6625,0
2022-05-18 12:08:00,6600,6600,6625,6625,0
2022-05-18 12:09:00,6600,6600,6625,6625,0
2022-05-18 12:10:00,6600,6600,6625,6625,0
2022-05-18 12:11:00,6600,6600,6625,6625,0
2022-05-18 12:12:00,6600,6600,6625,6625,0
2022-05-18 12:13:00,6600,6600,6625,6625,0
2022-05-18 12:14:00,6600,6600,6625,6625,0
2022-05-18 12:15:00,6600,6600,6625,6625,0
2022-05-18 12:16:00,6600,6600,6625,6625,0
2022-05-18 12:17:00,6600,6600,6625,6625,0
2022-05-18 12:18:00,6600,6600,6625,6625,0
2022-05-18 12:19:00,6600,6600,6625,6625,0
2022-05-18 12:20:00,6600,6600,6625,6625,0
2022-05-18 12:21:00,6600,6600,6625,6625,0
2022-05-18 12:22:00,6600,6600,6625,6625,0
2022-05-18 12:23:00,6600,6600,6625,6625,0
2022-05-18 12:24:00,6600,6600,6625,6625,0
2022-05-18 12:25:00,6600,6600,6625,6625,0
2022-05-18 12:26:00,6600,6600,6625,6625,0
2022-05-18 12:27:00,6600,6600,6625,6625,0
2022-05-18 12:28:00,6600,6600,6625,6625,0
2022-05-18 12:29:00,6600,6600,6625,6625,0
2022-05-18 12:30:00,6600,6600,6625,6625,0
2022-05-18 12:31:00,6600,6600,6625,6625,0
2022-05-18 12:32:00,6600,6600,6625,6625,0
2022-05-18 12:33:00,6600,6600,6625,6625,0
2022-05-18 12:34:00,6600,6600,6625,6625,0
2022-05-18 12:35:00,6600,6600,6625,6625,0
2022-05-18 12:36:00,6600,6600,6625,6625,0
2022-05-18 12:37:00,6600,6600,6625,6625,0
2022-05-18 12:38:00,6600,6600,6625,6625,0
2022-05-18 12:39:00,6600,6600,6625,6625,0
2022-05-18 12:40:00,6600,6600,6625,6625,0
2022-05-18 12:41:00,6600,6600,6625,6625,0
2022-05-18 12:42:00,6600,6600,6625,6625,0
2022-05-18 12:43:00,6600,6600,6625,6625,0
2022-05-18 12:44:00,6600,6600,6625,6625,0
2022-05-18 12:45:00,6600,6600,6625,6625,0
2022-05-18 12:46:00,6600,6600,6625,6625,0
2022-05-18 12:47:00,6600,6600,6625,6625,0
2022-05-18 12:48:00,6600,6600,6625,6625,0
2022-05-18 12:49:00,6600,6600,6625,6625,0
2022-05-18 12:50:00,6600,6600,6625,6625,0
2022-05-18 12:51:00,6600,6600,6625,6625,0
2022-05-18 12:52:00,6600,6600,6625,6625,0
2022-05-18 12:53:00,6600,6600,6625,6625,0
2022-05-18 12:54:00,6600,6600,6625,6625,0
2022-05-18 12:55:00,6600,6600,6625,6625,0
2022-05-18 12:56:00,6600,6600,6625,6625,0
2022-05-18 12:57:00,6600,6600,6625,6625,0
2022-05-18 12:58:00,6600,6600,6625,6625,0
2022-05-18 12:59:00,6600,6600,6625,6625,0
2022-05-18 13:00:00,6600,6600,6625,6625,0
2022-05-18 13:01:00,6600,6600,6625,6625,0
2022-05-18 13:02:00,6600,6600,6625,6625,0
2022-05-18 13:03:00,6600,6600,6625,6625,0
2022-05-18 13:04:00,6600,6600,6625,6625,0
2022-05-18 13:05:00,6600,6600,6625,6625,0
2022-05-18 13:06:00,6600,6600,6625,6625,0
2022-05-18 13:07:00,6600,6600,6625,6625,0
2022-05-18 13:08:00,6600,6600,6625,6625,0
2022-05-18 13:09:00,6600,6600,6625,6625,0
2022-05-18 13:10:00,6600,6600,6625,6625,0
2022-05-18 13:11:00,6600,6600,6625,6625,0
2022-05-18 13:12:00,6600,6600,6625,6625,0
2022-05-18 13:13:00,6600,6600,6625,6625,0
2022-05-18 13:14:00,6600,6600,6625,6625,0
2022-05-18 13:15:00,6600,6600,6625,6625,0
2022-05-18 13:16:00,6600,6600,6625,6625,0
2022-05-18 13:17:00,6600,6600,6625,6625,0
2022-05-18 13:18:00,6600,6600,6625,6625,0
2022-05-18 13:19:00,6600,6600,6625,6625,0
2022-05-18 13:20:00,6600,6600,6625,6625,0
2022-05-18 13:21:00,6600,6600,6625,6625,0
2022-05-18 13:22:00,6600,6600,6625,6625,0
2022-05-18 13:23:00,6600,6600,6625,6625,0
2022-05-18 13:24:00,6600,6600,6625,6625,0
2022-05-18 13:25:00,6600,6600,6625,6625,0
2022-05-18 13:26:00,6600,6600,6625,6625,0
2022-05-18 13:27:00,6600,6600,6625,6625,0
2022-05-18 13:28:00,6600,6600,6625,6625,0
2022-05-18 13:29:00,6600,6600,6625,6625,0
2022-05-18 13:30:00,6625,6600,6625,6625,32900
2022-05-18 13:31:00,6625,6600,6625,6625,0
2022-05-18 13:32:00,6625,6625,6625,6625,1200
2022-05-18 13:33:00,6625,6625,6625,6625,10000
2022-05-18 13:34:00,6625,6625,6625,6625,1000
2022-05-18 13:35:00,6625,6625,6650,6650,3500
2022-05-18 13:36:00,6625,6625,6625,6625,2200
2022-05-18 13:37:00,6625,6625,6625,6625,500
2022-05-18 13:38:00,6625,6625,6625,6625,0
2022-05-18 13:39:00,6625,6625,6625,6625,0
2022-05-18 13:40:00,6625,6625,6625,6625,500
2022-05-18 13:41:00,6625,6625,6625,6625,0
2022-05-18 13:42:00,6625,6625,6625,6625,0
2022-05-18 13:43:00,6625,6625,6625,6625,0
2022-05-18 13:44:00,6625,6625,6625,6625,500
2022-05-18 13:45:00,6625,6625,6625,6625,0
2022-05-18 13:46:00,6600,6600,6600,6600,2500
2022-05-18 13:47:00,6600,6600,6600,6600,0
2022-05-18 13:48:00,6625,6625,6625,6625,100
2022-05-18 13:49:00,6625,6625,6625,6625,300
2022-05-18 13:50:00,6625,6625,6625,6625,27100
2022-05-18 13:51:00,6625,6625,6625,6625,0
2022-05-18 13:52:00,6625,6625,6625,6625,6800
2022-05-18 13:53:00,6625,6625,6625,6625,500
2022-05-18 13:54:00,6625,6625,6625,6625,100
2022-05-18 13:55:00,6625,6625,6625,6625,500
2022-05-18 13:56:00,6625,6625,6625,6625,3000
2022-05-18 13:57:00,6625,6625,6625,6625,0
2022-05-18 13:58:00,6625,6625,6625,6625,0
2022-05-18 13:59:00,6625,6625,6625,6625,1100
2022-05-18 14:00:00,6625,6625,6650,6650,4000
2022-05-18 14:01:00,6650,6650,6650,6650,500
2022-05-18 14:02:00,6625,6625,6625,6625,1500
2022-05-18 14:03:00,6625,6625,6625,6625,2500
2022-05-18 14:04:00,6625,6625,6625,6625,0
2022-05-18 14:05:00,6625,6625,6625,6625,800
2022-05-18 14:06:00,6625,6625,6625,6625,0
2022-05-18 14:07:00,6625,6625,6625,6625,42100
2022-05-18 14:08:00,6625,6625,6625,6625,0
2022-05-18 14:09:00,6625,6625,6625,6625,1100
2022-05-18 14:10:00,6625,6625,6625,6625,3300
2022-05-18 14:11:00,6650,6650,6650,6650,10000
2022-05-18 14:12:00,6650,6650,6650,6650,0
2022-05-18 14:13:00,6625,6625,6625,6625,1800
2022-05-18 14:14:00,6625,6625,6625,6625,0
2022-05-18 14:15:00,6625,6625,6625,6625,0
2022-05-18 14:16:00,6625,6625,6625,6625,100
2022-05-18 14:17:00,6625,6625,6625,6625,700
2022-05-18 14:18:00,6625,6625,6625,6625,25000
2022-05-18 14:19:00,6650,6650,6650,6650,10400
2022-05-18 14:20:00,6650,6650,6650,6650,1100
2022-05-18 14:21:00,6650,6650,6650,6650,0
2022-05-18 14:22:00,6625,6625,6650,6625,1700
2022-05-18 14:23:00,6650,6625,6650,6625,3300
2022-05-18 14:24:00,6650,6625,6650,6625,2700
2022-05-18 14:25:00,6650,6650,6650,6650,56000
2022-05-18 14:26:00,6650,6650,6650,6650,32800
2022-05-18 14:27:00,6650,6650,6650,6650,4300
2022-05-18 14:28:00,6650,6625,6650,6625,75600
2022-05-18 14:29:00,6625,6625,6625,6625,100
2022-05-18 14:30:00,6625,6625,6625,6625,300
2022-05-18 14:31:00,6625,6625,6650,6650,1600
2022-05-18 14:32:00,6625,6625,6625,6625,1800
2022-05-18 14:33:00,6625,6625,6625,6625,500
2022-05-18 14:34:00,6625,6625,6625,6625,0
2022-05-18 14:35:00,6625,6625,6650,6650,3000
2022-05-18 14:36:00,6650,6650,6650,6650,300
2022-05-18 14:37:00,6650,6650,6650,6650,0
2022-05-18 14:38:00,6650,6650,6650,6650,0
2022-05-18 14:39:00,6625,6625,6625,6625,600
2022-05-18 14:40:00,6625,6625,6625,6625,600
2022-05-18 14:41:00,6625,6625,6650,6625,5600
2022-05-18 14:42:00,6650,6625,6650,6625,700
2022-05-18 14:43:00,6625,6625,6625,6625,20000
2022-05-18 14:44:00,6650,6650,6650,6650,300
2022-05-18 14:45:00,6650,6650,6650,6650,8000
2022-05-18 14:46:00,6650,6650,6650,6650,2100
2022-05-18 14:47:00,6625,6625,6650,6650,4000
2022-05-18 14:48:00,6650,6625,6650,6625,6900
2022-05-18 14:49:00,6625,6625,6650,6650,2200
2022-05-18 14:50:00,6625,6625,6650,6650,0
2022-05-18 14:51:00,6625,6625,6650,6650,0
2022-05-18 14:52:00,6625,6625,6650,6650,0
2022-05-18 14:53:00,6625,6625,6650,6650,0
2022-05-18 14:54:00,6625,6625,6650,6650,0
2022-05-18 14:55:00,6625,6625,6650,6650,0
2022-05-18 14:56:00,6625,6625,6650,6650,0
2022-05-18 14:57:00,6625,6625,6650,6650,0
2022-05-18 14:58:00,6625,6625,6650,6650,0
2022-05-18 14:59:00,6625,6625,6650,6650,0
2022-05-18 15:00:00,6625,6625,6625,6625,25600
2022-05-18 15:01:00,6625,6625,6625,6625,3000
2022-05-18 15:02:00,6625,6625,6625,6625,8100
2022-05-18 15:03:00,6625,6625,6625,6625,35000
2022-05-18 15:04:00,6625,6625,6625,6625,10400
2022-05-18 15:05:00,6625,6625,6625,6625,1900
2022-05-18 15:06:00,6625,6625,6625,6625,4900
2022-05-18 15:07:00,6625,6625,6625,6625,12600
2022-05-18 15:08:00,6625,6625,6625,6625,7300
2022-05-18 15:09:00,6625,6625,6625,6625,4300
2022-05-18 15:10:00,6625,6625,6625,6625,2600
2022-05-18 15:11:00,6625,6625,6625,6625,0
2022-05-18 15:12:00,6625,6625,6625,6625,0
2022-05-18 15:13:00,6625,6625,6625,6625,0
2022-05-18 15:14:00,6625,6625,6625,6625,0
2022-05-18 15:15:00,6625,6625,6625,6625,0
2022-05-18 15:16:00,6625,6625,6625,6625,0
2022-05-18 15:17:00,6625,6625,6625,6625,0
2022-05-18 15:18:00,6625,6625,6625,6625,0
2022-05-18 15:19:00,6625,6625,6625,6625,0
2022-05-18 15:20:00,6625,6625,6625,6625,0
2022-05-18 15:21:00,6625,6625,6625,6625,0
2022-05-18 15:22:00,6625,6625,6625,6625,0
2022-05-18 15:23:00,6625,6625,6625,6625,0
2022-05-18 15:24:00,6625,6625,6625,6625,0
2022-05-18 15:25:00,6625,6625,6625,6625,0
2022-05-18 15:26:00,6625,6625,6625,6625,0
2022-05-18 15:27:00,6625,6625,6625,6625,0
2022-05-18 15:28:00,6625,6625,6625,6625,0
2022-05-18 15:29:00,6625,6625,6625,6625,0
2022-05-18 15:30:00,6625,6625,6625,6625,0
2022-05-18 15:31:00,6625,6625,6625,6625,0
2022-05-18 15:32:00,6625,6625,6625,6625,0
2022-05-18 15:33:00,6625,6625,6625,6625,0
2022-05-18 15:34:00,6625,6625,6625,6625,0
2022-05-18 15:35:00,6625,6625,6625,6625,0
2022-05-18 15:36:00,6625,6625,6625,6625,0
2022-05-18 15:37:00,6625,6625,6625,6625,0
2022-05-18 15:38:00,6625,6625,6625,6625,0
2022-05-18 15:39:00,6625,6625,6625,6625,0
2022-05-18 15:40:00,6625,6625,6625,6625,0
2022-05-18 15:41:00,6625,6625,6625,6625,0
2022-05-18 15:42:00,6625,6625,6625,6625,0
2022-05-18 15:43:00,6625,6625,6625,6625,0
2022-05-18 15:44:00,6625,6625,6625,6625,0
2022-05-18 15:45:00,6625,6625,6625,6625,0
2022-05-18 15:46:00,6625,6625,6625,6625,0
2022-05-18 15:47:00,6625,6625,6625,6625,0
2022-05-18 15:48:00,6625,6625,6625,6625,0
2022-05-18 15:49:00,6625,6625,6625,6625,0
2022-05-18 15:50:00,6625,6625,6625,6625,0
2022-05-18 15:51:00,6625,6625,6625,6625,0
2022-05-18 15:52:00,6625,6625,6625,6625,0
2022-05-18 15:53:00,6625,6625,6625,6625,0
2022-05-18 15:54:00,6625,6625,6625,6625,0
2022-05-18 15:55:00,6625,6625,6625,6625,0
2022-05-18 15:56:00,6625,6625,6625,6625,0
2022-05-18 15:57:00,6625,6625,6625,6625,0
2022-05-18 15:58:00,6625,6625,6625,6625,0
2022-05-18 15:59:00,6625,6625,6625,6625,0
2022-05-19 09:00:00,6550,6500,6550,6525,18100
2022-05-19 09:01:00,6525,6475,6525,6475,32900
2022-05-19 09:02:00,6475,6450,6475,6450,18700
2022-05-19 09:03:00,6475,6475,6500,6500,6900
2022-05-19 09:04:00,6475,6475,6500,6475,31700
2022-05-19 09:05:00,6500,6475,6525,6500,4700
2022-05-19 09:06:00,6475,6475,6500,6475,12600
2022-05-19 09:07:00,6500,6475,6500,6475,2300
2022-05-19 09:08:00,6475,6475,6500,6500,11700
2022-05-19 09:09:00,6525,6500,6550,6550,3200
2022-05-19 09:10:00,6500,6500,6550,6550,1500
2022-05-19 09:11:00,6550,6500,6550,6525,500
2022-05-19 09:12:00,6525,6500,6525,6525,1300
2022-05-19 09:13:00,6525,6475,6525,6475,20400
2022-05-19 09:14:00,6500,6475,6500,6500,30400
2022-05-19 09:15:00,6525,6500,6525,6500,600
2022-05-19 09:16:00,6500,6500,6525,6525,600
2022-05-19 09:17:00,6525,6500,6525,6500,900
2022-05-19 09:18:00,6525,6500,6525,6500,6500
2022-05-19 09:19:00,6525,6500,6525,6525,2700
2022-05-19 09:20:00,6500,6500,6525,6525,3700
2022-05-19 09:21:00,6525,6500,6525,6525,1400
2022-05-19 09:22:00,6525,6500,6525,6525,1300
2022-05-19 09:23:00,6550,6500,6550,6500,1600
2022-05-19 09:24:00,6550,6525,6550,6525,300
2022-05-19 09:25:00,6525,6525,6550,6550,600
2022-05-19 09:26:00,6550,6525,6550,6525,400
2022-05-19 09:27:00,6550,6525,6550,6550,1600
2022-05-19 09:28:00,6550,6525,6550,6550,1000
2022-05-19 09:29:00,6550,6525,6550,6550,700
2022-05-19 09:30:00,6550,6550,6575,6575,22100
2022-05-19 09:31:00,6575,6550,6575,6550,6600
2022-05-19 09:32:00,6550,6550,6550,6550,3700
2022-05-19 09:33:00,6575,6550,6575,6550,500
2022-05-19 09:34:00,6575,6575,6575,6575,500
2022-05-19 09:35:00,6575,6550,6575,6550,4400
2022-05-19 09:36:00,6575,6550,6575,6575,11400
2022-05-19 09:37:00,6575,6525,6575,6525,31700
2022-05-19 09:38:00,6525,6525,6550,6525,900
2022-05-19 09:39:00,6550,6525,6550,6525,3600
2022-05-19 09:40:00,6575,6550,6575,6550,500
2022-05-19 09:41:00,6550,6550,6575,6550,900
2022-05-19 09:42:00,6575,6575,6575,6575,400
2022-05-19 09:43:00,6575,6575,6575,6575,400
2022-05-19 09:44:00,6550,6525,6550,6525,61900
2022-05-19 09:45:00,6525,6500,6525,6500,10100
2022-05-19 09:46:00,6525,6500,6525,6500,0
2022-05-19 09:47:00,6525,6525,6525,6525,200
2022-05-19 09:48:00,6525,6525,6550,6550,500
2022-05-19 09:49:00,6525,6525,6550,6550,0
2022-05-19 09:50:00,6525,6525,6550,6550,0
2022-05-19 09:51:00,6550,6525,6550,6525,16700
2022-05-19 09:52:00,6525,6525,6525,6525,7100
2022-05-19 09:53:00,6525,6500,6525,6500,3000
2022-05-19 09:54:00,6525,6525,6525,6525,800
2022-05-19 09:55:00,6525,6525,6525,6525,1000
2022-05-19 09:56:00,6525,6500,6525,6500,4100
2022-05-19 09:57:00,6500,6500,6500,6500,200
2022-05-19 09:58:00,6500,6500,6525,6500,35200
2022-05-19 09:59:00,6525,6500,6525,6500,300
2022-05-19 10:00:00,6525,6500,6525,6525,3500
2022-05-19 10:01:00,6525,6500,6525,6500,5900
2022-05-19 10:02:00,6500,6500,6500,6500,3600
2022-05-19 10:03:00,6500,6500,6500,6500,0
2022-05-19 10:04:00,6525,6500,6525,6500,200
2022-05-19 10:05:00,6525,6500,6525,6525,1900
2022-05-19 10:06:00,6525,6525,6525,6525,100
2022-05-19 10:07:00,6525,6525,6525,6525,100
2022-05-19 10:08:00,6525,6500,6525,6525,4800
2022-05-19 10:09:00,6500,6500,6525,6500,2300
2022-05-19 10:10:00,6500,6500,6500,6500,300
2022-05-19 10:11:00,6500,6500,6525,6500,4900
2022-05-19 10:12:00,6525,6500,6525,6500,1800
2022-05-19 10:13:00,6525,6500,6550,6500,2000
2022-05-19 10:14:00,6550,6525,6550,6525,1100
2022-05-19 10:15:00,6550,6525,6550,6525,0
2022-05-19 10:16:00,6550,6550,6575,6550,4700
2022-05-19 10:17:00,6575,6575,6575,6575,100
2022-05-19 10:18:00,6575,6575,6575,6575,400
2022-05-19 10:19:00,6575,6525,6575,6525,5000
2022-05-19 10:20:00,6575,6525,6575,6575,11500
2022-05-19 10:21:00,6575,6575,6575,6575,500
2022-05-19 10:22:00,6575,6525,6575,6525,3400
2022-05-19 10:23:00,6575,6575,6575,6575,300
2022-05-19 10:24:00,6575,6575,6575,6575,300
2022-05-19 10:25:00,6575,6550,6575,6550,400
2022-05-19 10:26:00,6575,6575,6575,6575,600
2022-05-19 10:27:00,6550,6550,6575,6575,1300
2022-05-19 10:28:00,6550,6550,6575,6575,5200
2022-05-19 10:29:00,6575,6575,6575,6575,1700
2022-05-19 10:30:00,6575,6575,6575,6575,5100
2022-05-19 10:31:00,6575,6575,6600,6600,300
2022-05-19 10:32:00,6575,6575,6600,6600,0
2022-05-19 10:33:00,6575,6550,6575,6575,3000
2022-05-19 10:34:00,6600,6550,6600,6550,10900
2022-05-19 10:35:00,6600,6550,6600,6550,0
2022-05-19 10:36:00,6575,6550,6575,6550,2200
2022-05-19 10:37:00,6575,6550,6575,6550,0
2022-05-19 10:38:00,6575,6550,6575,6550,0
2022-05-19 10:39:00,6575,6550,6575,6550,3700
2022-05-19 10:40:00,6575,6575,6575,6575,500
2022-05-19 10:41:00,6575,6575,6575,6575,0
2022-05-19 10:42:00,6575,6575,6575,6575,0
2022-05-19 10:43:00,6575,6575,6575,6575,0
2022-05-19 10:44:00,6575,6575,6575,6575,0
2022-05-19 10:45:00,6575,6550,6575,6550,2600
2022-05-19 10:46:00,6575,6550,6575,6550,0
2022-05-19 10:47:00,6575,6550,6575,6550,0
2022-05-19 10:48:00,6550,6525,6550,6525,66000
2022-05-19 10:49:00,6525,6525,6525,6525,8000
2022-05-19 10:50:00,6525,6525,6525,6525,0
2022-05-19 10:51:00,6525,6525,6525,6525,5100
2022-05-19 10:52:00,6525,6525,6525,6525,100
2022-05-19 10:53:00,6525,6525,6525,6525,0
2022-05-19 10:54:00,6525,6525,6525,6525,600
2022-05-19 10:55:00,6525,6525,6525,6525,600
2022-05-19 10:56:00,6525,6525,6525,6525,0
2022-05-19 10:57:00,6525,6525,6525,6525,200
2022-05-19 10:58:00,6525,6525,6525,6525,600
2022-05-19 10:59:00,6525,6525,6525,6525,0
2022-05-19 11:00:00,6525,6525,6525,6525,800
2022-05-19 11:01:00,6525,6525,6525,6525,100
2022-05-19 11:02:00,6525,6525,6525,6525,12900
2022-05-19 11:03:00,6525,6525,6525,6525,0
2022-05-19 11:04:00,6525,6525,6525,6525,100
2022-05-19 11:05:00,6550,6550,6550,6550,300
2022-05-19 11:06:00,6550,6525,6550,6525,3100
2022-05-19 11:07:00,6550,6525,6550,6525,0
2022-05-19 11:08:00,6550,6525,6550,6525,2800
2022-05-19 11:09:00,6550,6525,6550,6525,0
2022-05-19 11:10:00,6550,6525,6550,6525,0
2022-05-19 11:11:00,6525,6500,6525,6500,30300
2022-05-19 11:12:00,6550,6500,6550,6500,200
2022-05-19 11:13:00,6550,6500,6550,6500,0
2022-05-19 11:14:00,6500,6500,6500,6500,2200
2022-05-19 11:15:00,6500,6500,6500,6500,0
2022-05-19 11:16:00,6525,6525,6525,6525,1800
2022-05-19 11:17:00,6525,6525,6525,6525,17000
2022-05-19 11:18:00,6525,6500,6550,6525,11100
2022-05-19 11:19:00,6550,6550,6550,6550,600
2022-05-19 11:20:00,6550,6525,6550,6525,22800
2022-05-19 11:21:00,6550,6550,6550,6550,200
2022-05-19 11:22:00,6525,6525,6525,6525,2000
2022-05-19 11:23:00,6525,6525,6525,6525,0
2022-05-19 11:24:00,6525,6525,6525,6525,2300
2022-05-19 11:25:00,6525,6525,6550,6550,200
2022-05-19 11:26:00,6525,6525,6550,6550,0
2022-05-19 11:27:00,6550,6500,6550,6500,10500
2022-05-19 11:28:00,6550,6500,6550,6500,0
2022-05-19 11:29:00,6525,6525,6525,6525,1000
2022-05-19 11:30:00,6525,6525,6525,6525,200
2022-05-19 11:31:00,6525,6525,6525,6525,0
2022-05-19 11:32:00,6525,6525,6525,6525,0
2022-05-19 11:33:00,6525,6525,6525,6525,0
2022-05-19 11:34:00,6525,6525,6525,6525,0
2022-05-19 11:35:00,6525,6525,6525,6525,0
2022-05-19 11:36:00,6525,6525,6525,6525,0
2022-05-19 11:37:00,6525,6525,6525,6525,0
2022-05-19 11:38:00,6525,6525,6525,6525,0
2022-05-19 11:39:00,6525,6525,6525,6525,0
2022-05-19 11:40:00,6525,6525,6525,6525,0
2022-05-19 11:41:00,6525,6525,6525,6525,0
2022-05-19 11:42:00,6525,6525,6525,6525,0
2022-05-19 11:43:00,6525,6525,6525,6525,0
2022-05-19 11:44:00,6525,6525,6525,6525,0
2022-05-19 11:45:00,6525,6525,6525,6525,0
2022-05-19 11:46:00,6525,6525,6525,6525,0
2022-05-19 11:47:00,6525,6525,6525,6525,0
2022-05-19 11:48:00,6525,6525,6525,6525,0
2022-05-19 11:49:00,6525,6525,6525,6525,0
2022-05-19 11:50:00,6525,6525,6525,6525,0
2022-05-19 11:51:00,6525,6525,6525,6525,0
2022-05-19 11:52:00,6525,6525,6525,6525,0
2022-05-19 11:53:00,6525,6525,6525,6525,0
2022-05-19 11:54:00,6525,6525,6525,6525,0
2022-05-19 11:55:00,6525,6525,6525,6525,0
2022-05-19 11:56:00,6525,6525,6525,6525,0
2022-05-19 11:57:00,6525,6525,6525,6525,0
2022-05-19 11:58:00,6525,6525,6525,6525,0
2022-05-19 11:59:00,6525,6525,6525,6525,0
2022-05-19 12:00:00,6525,6525,6525,6525,0
2022-05-19 12:01:00,6525,6525,6525,6525,0
2022-05-19 12:02:00,6525,6525,6525,6525,0
2022-05-19 12:03:00,6525,6525,6525,6525,0
2022-05-19 12:04:00,6525,6525,6525,6525,0
2022-05-19 12:05:00,6525,6525,6525,6525,0
2022-05-19 12:06:00,6525,6525,6525,6525,0
2022-05-19 12:07:00,6525,6525,6525,6525,0
2022-05-19 12:08:00,6525,6525,6525,6525,0
2022-05-19 12:09:00,6525,6525,6525,6525,0
2022-05-19 12:10:00,6525,6525,6525,6525,0
2022-05-19 12:11:00,6525,6525,6525,6525,0
2022-05-19 12:12:00,6525,6525,6525,6525,0
2022-05-19 12:13:00,6525,6525,6525,6525,0
2022-05-19 12:14:00,6525,6525,6525,6525,0
2022-05-19 12:15:00,6525,6525,6525,6525,0
2022-05-19 12:16:00,6525,6525,6525,6525,0
2022-05-19 12:17:00,6525,6525,6525,6525,0
2022-05-19 12:18:00,6525,6525,6525,6525,0
2022-05-19 12:19:00,6525,6525,6525,6525,0
2022-05-19 12:20:00,6525,6525,6525,6525,0
2022-05-19 12:21:00,6525,6525,6525,6525,0
2022-05-19 12:22:00,6525,6525,6525,6525,0
2022-05-19 12:23:00,6525,6525,6525,6525,0
2022-05-19 12:24:00,6525,6525,6525,6525,0
2022-05-19 12:25:00,6525,6525,6525,6525,0
2022-05-19 12:26:00,6525,6525,6525,6525,0
2022-05-19 12:27:00,6525,6525,6525,6525,0
2022-05-19 12:28:00,6525,6525,6525,6525,0
2022-05-19 12:29:00,6525,6525,6525,6525,0
2022-05-19 12:30:00,6525,6525,6525,6525,0
2022-05-19 12:31:00,6525,6525,6525,6525,0
2022-05-19 12:32:00,6525,6525,6525,6525,0
2022-05-19 12:33:00,6525,6525,6525,6525,0
2022-05-19 12:34:00,6525,6525,6525,6525,0
2022-05-19 12:35:00,6525,6525,6525,6525,0
2022-05-19 12:36:00,6525,6525,6525,6525,0
2022-05-19 12:37:00,6525,6525,6525,6525,0
2022-05-19 12:38:00,6525,6525,6525,6525,0
2022-05-19 12:39:00,6525,6525,6525,6525,0
2022-05-19 12:40:00,6525,6525,6525,6525,0
2022-05-19 12:41:00,6525,6525,6525,6525,0
2022-05-19 12:42:00,6525,6525,6525,6525,0
2022-05-19 12:43:00,6525,6525,6525,6525,0
2022-05-19 12:44:00,6525,6525,6525,6525,0
2022-05-19 12:45:00,6525,6525,6525,6525,0
2022-05-19 12:46:00,6525,6525,6525,6525,0
2022-05-19 12:47:00,6525,6525,6525,6525,0
2022-05-19 12:48:00,6525,6525,6525,6525,0
2022-05-19 12:49:00,6525,6525,6525,6525,0
2022-05-19 12:50:00,6525,6525,6525,6525,0
2022-05-19 12:51:00,6525,6525,6525,6525,0
2022-05-19 12:52:00,6525,6525,6525,6525,0
2022-05-19 12:53:00,6525,6525,6525,6525,0
2022-05-19 12:54:00,6525,6525,6525,6525,0
2022-05-19 12:55:00,6525,6525,6525,6525,0
2022-05-19 12:56:00,6525,6525,6525,6525,0
2022-05-19 12:57:00,6525,6525,6525,6525,0
2022-05-19 12:58:00,6525,6525,6525,6525,0
2022-05-19 12:59:00,6525,6525,6525,6525,0
2022-05-19 13:00:00,6525,6525,6525,6525,0
2022-05-19 13:01:00,6525,6525,6525,6525,0
2022-05-19 13:02:00,6525,6525,6525,6525,0
2022-05-19 13:03:00,6525,6525,6525,6525,0
2022-05-19 13:04:00,6525,6525,6525,6525,0
2022-05-19 13:05:00,6525,6525,6525,6525,0
2022-05-19 13:06:00,6525,6525,6525,6525,0
2022-05-19 13:07:00,6525,6525,6525,6525,0
2022-05-19 13:08:00,6525,6525,6525,6525,0
2022-05-19 13:09:00,6525,6525,6525,6525,0
2022-05-19 13:10:00,6525,6525,6525,6525,0
2022-05-19 13:11:00,6525,6525,6525,6525,0
2022-05-19 13:12:00,6525,6525,6525,6525,0
2022-05-19 13:13:00,6525,6525,6525,6525,0
2022-05-19 13:14:00,6525,6525,6525,6525,0
2022-05-19 13:15:00,6525,6525,6525,6525,0
2022-05-19 13:16:00,6525,6525,6525,6525,0
2022-05-19 13:17:00,6525,6525,6525,6525,0
2022-05-19 13:18:00,6525,6525,6525,6525,0
2022-05-19 13:19:00,6525,6525,6525,6525,0
2022-05-19 13:20:00,6525,6525,6525,6525,0
2022-05-19 13:21:00,6525,6525,6525,6525,0
2022-05-19 13:22:00,6525,6525,6525,6525,0
2022-05-19 13:23:00,6525,6525,6525,6525,0
2022-05-19 13:24:00,6525,6525,6525,6525,0
2022-05-19 13:25:00,6525,6525,6525,6525,0
2022-05-19 13:26:00,6525,6525,6525,6525,0
2022-05-19 13:27:00,6525,6525,6525,6525,0
2022-05-19 13:28:00,6525,6525,6525,6525,0
2022-05-19 13:29:00,6525,6525,6525,6525,0
2022-05-19 13:30:00,6525,6525,6525,6525,19900
2022-05-19 13:31:00,6525,6525,6525,6525,0
2022-05-19 13:32:00,6550,6525,6550,6525,10000
2022-05-19 13:33:00,6550,6525,6550,6525,0
2022-05-19 13:34:00,6525,6525,6525,6525,3000
2022-05-19 13:35:00,6525,6525,6525,6525,200
2022-05-19 13:36:00,6525,6525,6525,6525,0
2022-05-19 13:37:00,6525,6525,6525,6525,0
2022-05-19 13:38:00,6550,6525,6550,6550,19200
2022-05-19 13:39:00,6550,6525,6550,6550,0
2022-05-19 13:40:00,6550,6525,6550,6525,5000
2022-05-19 13:41:00,6550,6550,6550,6550,700
2022-05-19 13:42:00,6550,6550,6550,6550,0
2022-05-19 13:43:00,6550,6550,6550,6550,0
2022-05-19 13:44:00,6550,6550,6550,6550,200
2022-05-19 13:45:00,6575,6550,6575,6550,4300
2022-05-19 13:46:00,6550,6550,6550,6550,200
2022-05-19 13:47:00,6550,6550,6550,6550,0
2022-05-19 13:48:00,6575,6575,6575,6575,200
2022-05-19 13:49:00,6575,6550,6575,6550,500
2022-05-19 13:50:00,6575,6575,6575,6575,2500
2022-05-19 13:51:00,6550,6550,6550,6550,4600
2022-05-19 13:52:00,6550,6550,6550,6550,0
2022-05-19 13:53:00,6550,6550,6550,6550,200
2022-05-19 13:54:00,6550,6550,6550,6550,0
2022-05-19 13:55:00,6550,6550,6550,6550,0
2022-05-19 13:56:00,6550,6550,6550,6550,0
2022-05-19 13:57:00,6550,6550,6550,6550,0
2022-05-19 13:58:00,6550,6550,6550,6550,0
2022-05-19 13:59:00,6550,6550,6550,6550,0
2022-05-19 14:00:00,6550,6550,6550,6550,0
2022-05-19 14:01:00,6550,6550,6550,6550,200
2022-05-19 14:02:00,6550,6550,6575,6575,2000
2022-05-19 14:03:00,6575,6550,6575,6550,1100
2022-05-19 14:04:00,6550,6550,6550,6550,1600
2022-05-19 14:05:00,6550,6550,6550,6550,0
2022-05-19 14:06:00,6550,6550,6550,6550,0
2022-05-19 14:07:00,6550,6550,6550,6550,1500
2022-05-19 14:08:00,6550,6550,6550,6550,0
2022-05-19 14:09:00,6550,6550,6550,6550,0
2022-05-19 14:10:00,6550,6550,6550,6550,0
2022-05-19 14:11:00,6575,6550,6575,6550,1200
2022-05-19 14:12:00,6550,6550,6550,6550,4200
2022-05-19 14:13:00,6575,6525,6575,6525,21700
2022-05-19 14:14:00,6550,6525,6550,6525,6200
2022-05-19 14:15:00,6525,6525,6550,6550,7100
2022-05-19 14:16:00,6525,6525,6550,6550,0
2022-05-19 14:17:00,6550,6525,6550,6550,6700
2022-05-19 14:18:00,6550,6550,6550,6550,7900
2022-05-19 14:19:00,6550,6550,6550,6550,7500
2022-05-19 14:20:00,6550,6525,6600,6525,18500
2022-05-19 14:21:00,6525,6525,6525,6525,700
2022-05-19 14:22:00,6550,6550,6550,6550,300
2022-05-19 14:23:00,6550,6550,6550,6550,0
2022-05-19 14:24:00,6550,6525,6550,6525,2500
2022-05-19 14:25:00,6550,6525,6575,6525,16700
2022-05-19 14:26:00,6550,6525,6575,6525,0
2022-05-19 14:27:00,6550,6525,6575,6525,0
2022-05-19 14:28:00,6575,6550,6575,6550,3400
2022-05-19 14:29:00,6575,6550,6575,6550,0
2022-05-19 14:30:00,6550,6525,6550,6525,6400
2022-05-19 14:31:00,6550,6525,6550,6550,3300
2022-05-19 14:32:00,6550,6525,6550,6525,2000
2022-05-19 14:33:00,6525,6525,6550,6525,5300
2022-05-19 14:34:00,6525,6525,6525,6525,600
2022-05-19 14:35:00,6550,6525,6550,6525,2100
2022-05-19 14:36:00,6525,6525,6525,6525,300
2022-05-19 14:37:00,6525,6525,6550,6525,1900
2022-05-19 14:38:00,6525,6525,6525,6525,1100
2022-05-19 14:39:00,6550,6525,6550,6525,2500
2022-05-19 14:40:00,6525,6525,6550,6525,1500
2022-05-19 14:41:00,6550,6525,6550,6525,13800
2022-05-19 14:42:00,6550,6525,6550,6525,1400
2022-05-19 14:43:00,6550,6525,6575,6575,7700
2022-05-19 14:44:00,6575,6575,6575,6575,1700
2022-05-19 14:45:00,6575,6550,6575,6550,3000
2022-05-19 14:46:00,6575,6550,6575,6550,2200
2022-05-19 14:47:00,6550,6525,6575,6550,38300
2022-05-19 14:48:00,6550,6525,6550,6525,34300
2022-05-19 14:49:00,6550,6525,6550,6525,2400
2022-05-19 14:50:00,6550,6525,6550,6525,0
2022-05-19 14:51:00,6550,6525,6550,6525,0
2022-05-19 14:52:00,6550,6525,6550,6525,0
2022-05-19 14:53:00,6550,6525,6550,6525,0
2022-05-19 14:54:00,6550,6525,6550,6525,0
2022-05-19 14:55:00,6550,6525,6550,6525,0
2022-05-19 14:56:00,6550,6525,6550,6525,0
2022-05-19 14:57:00,6550,6525,6550,6525,0
2022-05-19 14:58:00,6550,6525,6550,6525,0
2022-05-19 14:59:00,6550,6525,6550,6525,0
2022-05-19 15:00:00,6525,6525,6525,6525,27300
2022-05-19 15:01:00,6525,6525,6525,6525,100
2022-05-19 15:02:00,6525,6525,6525,6525,3200
2022-05-19 15:03:00,6525,6525,6525,6525,32300
2022-05-19 15:04:00,6525,6525,6525,6525,15000
2022-05-19 15:05:00,6525,6525,6525,6525,5000
2022-05-19 15:06:00,6525,6525,6525,6525,0
2022-05-19 15:07:00,6525,6525,6525,6525,15200
2022-05-19 15:08:00,6525,6525,6525,6525,15700
2022-05-19 15:09:00,6525,6525,6525,6525,0
2022-05-19 15:10:00,6525,6525,6525,6525,500
2022-05-19 15:11:00,6525,6525,6525,6525,0
2022-05-19 15:12:00,6525,6525,6525,6525,0
2022-05-19 15:13:00,6525,6525,6525,6525,0
2022-05-19 15:14:00,6525,6525,6525,6525,0
2022-05-19 15:15:00,6525,6525,6525,6525,0
2022-05-19 15:16:00,6525,6525,6525,6525,0
2022-05-19 15:17:00,6525,6525,6525,6525,0
2022-05-19 15:18:00,6525,6525,6525,6525,0
2022-05-19 15:19:00,6525,6525,6525,6525,0
2022-05-19 15:20:00,6525,6525,6525,6525,0
2022-05-19 15:21:00,6525,6525,6525,6525,0
2022-05-19 15:22:00,6525,6525,6525,6525,0
2022-05-19 15:23:00,6525,6525,6525,6525,0
2022-05-19 15:24:00,6525,6525,6525,6525,0
2022-05-19 15:25:00,6525,6525,6525,6525,0
2022-05-19 15:26:00,6525,6525,6525,6525,0
2022-05-19 15:27:00,6525,6525,6525,6525,0
2022-05-19 15:28:00,6525,6525,6525,6525,0
2022-05-19 15:29:00,6525,6525,6525,6525,0
2022-05-19 15:30:00,6525,6525,6525,6525,0
2022-05-19 15:31:00,6525,6525,6525,6525,0
2022-05-19 15:32:00,6525,6525,6525,6525,0
2022-05-19 15:33:00,6525,6525,6525,6525,0
2022-05-19 15:34:00,6525,6525,6525,6525,0
2022-05-19 15:35:00,6525,6525,6525,6525,0
2022-05-19 15:36:00,6525,6525,6525,6525,0
2022-05-19 15:37:00,6525,6525,6525,6525,0
2022-05-19 15:38:00,6525,6525,6525,6525,0
2022-05-19 15:39:00,6525,6525,6525,6525,0
2022-05-19 15:40:00,6525,6525,6525,6525,0
2022-05-19 15:41:00,6525,6525,6525,6525,0
2022-05-19 15:42:00,6525,6525,6525,6525,0
2022-05-19 15:43:00,6525,6525,6525,6525,0
2022-05-19 15:44:00,6525,6525,6525,6525,0
2022-05-19 15:45:00,6525,6525,6525,6525,0
2022-05-19 15:46:00,6525,6525,6525,6525,0
2022-05-19 15:47:00,6525,6525,6525,6525,0
2022-05-19 15:48:00,6525,6525,6525,6525,0
2022-05-19 15:49:00,6525,6525,6525,6525,0
2022-05-19 15:50:00,6525,6525,6525,6525,0
2022-05-19 15:51:00,6525,6525,6525,6525,0
2022-05-19 15:52:00,6525,6525,6525,6525,0
2022-05-19 15:53:00,6525,6525,6525,6525,0
2022-05-19 15:54:00,6525,6525,6525,6525,0
2022-05-19 15:55:00,6525,6525,6525,6525,0
2022-05-19 15:56:00,6525,6525,6525,6525,0
2022-05-19 15:57:00,6525,6525,6525,6525,0
2022-05-19 15:58:00,6525,6525,6525,6525,0
2022-05-19 15:59:00,6525,6525,6525,6525,0
2022-05-20 09:00:00,6700,6700,6700,6700,100
2022-05-20 09:01:00,6675,6550,6700,6675,5700
2022-05-20 09:02:00,6675,6575,6675,6575,600
2022-05-20 09:03:00,6650,6625,6650,6625,900
2022-05-20 09:04:00,6575,6575,6575,6575,2100
2022-05-20 09:05:00,6575,6575,6575,6575,5000
2022-05-20 09:06:00,6550,6550,6550,6550,400
2022-05-20 09:07:00,6625,6625,6625,6625,600
2022-05-20 09:08:00,6575,6575,6575,6575,100
2022-05-20 09:09:00,6575,6575,6575,6575,0
2022-05-20 09:10:00,6600,6600,6600,6600,1000
2022-05-20 09:11:00,6600,6575,6600,6600,6000
2022-05-20 09:12:00,6600,6575,6600,6600,0
2022-05-20 09:13:00,6600,6575,6600,6600,0
2022-05-20 09:14:00,6600,6575,6600,6575,2200
2022-05-20 09:15:00,6600,6600,6600,6600,5300
2022-05-20 09:16:00,6600,6575,6600,6575,40200
2022-05-20 09:17:00,6575,6550,6600,6600,30900
2022-05-20 09:18:00,6600,6600,6600,6600,1000
2022-05-20 09:19:00,6600,6600,6600,6600,200
2022-05-20 09:20:00,6575,6575,6575,6575,200
2022-05-20 09:21:00,6600,6600,6600,6600,100
2022-05-20 09:22:00,6575,6550,6575,6550,2700
2022-05-20 09:23:00,6600,6575,6650,6650,96100
2022-05-20 09:24:00,6650,6600,6650,6625,63100
2022-05-20 09:25:00,6625,6625,6625,6625,2000
2022-05-20 09:26:00,6625,6625,6625,6625,52900
2022-05-20 09:27:00,6650,6625,6650,6650,4000
2022-05-20 09:28:00,6600,6600,6600,6600,900
2022-05-20 09:29:00,6625,6625,6625,6625,5800
2022-05-20 09:30:00,6625,6625,6625,6625,11300
2022-05-20 09:31:00,6650,6600,6650,6600,18100
2022-05-20 09:32:00,6600,6600,6600,6600,100
2022-05-20 09:33:00,6625,6625,6625,6625,7900
2022-05-20 09:34:00,6625,6625,6625,6625,400
2022-05-20 09:35:00,6625,6625,6625,6625,500
2022-05-20 09:36:00,6625,6625,6625,6625,100
2022-05-20 09:37:00,6625,6625,6625,6625,23200
2022-05-20 09:38:00,6625,6625,6625,6625,0
2022-05-20 09:39:00,6625,6625,6650,6625,10300
2022-05-20 09:40:00,6625,6625,6650,6625,0
2022-05-20 09:41:00,6625,6625,6625,6625,2800
2022-05-20 09:42:00,6625,6625,6625,6625,0
2022-05-20 09:43:00,6625,6625,6650,6625,4000
2022-05-20 09:44:00,6625,6625,6650,6650,2100
2022-05-20 09:45:00,6650,6650,6650,6650,2000
2022-05-20 09:46:00,6650,6625,6650,6625,75000
2022-05-20 09:47:00,6650,6625,6650,6650,17700
2022-05-20 09:48:00,6650,6650,6650,6650,900
2022-05-20 09:49:00,6650,6650,6650,6650,100
2022-05-20 09:50:00,6650,6650,6675,6650,1000
2022-05-20 09:51:00,6650,6650,6675,6650,0
2022-05-20 09:52:00,6675,6675,6675,6675,900
2022-05-20 09:53:00,6650,6650,6650,6650,20500
2022-05-20 09:54:00,6650,6650,6650,6650,0
2022-05-20 09:55:00,6650,6650,6650,6650,10700
2022-05-20 09:56:00,6650,6650,6650,6650,0
2022-05-20 09:57:00,6650,6650,6650,6650,200
2022-05-20 09:58:00,6650,6650,6650,6650,0
2022-05-20 09:59:00,6650,6650,6650,6650,0
2022-05-20 10:00:00,6650,6650,6650,6650,0
2022-05-20 10:01:00,6650,6650,6650,6650,1500
2022-05-20 10:02:00,6650,6650,6650,6650,100
2022-05-20 10:03:00,6625,6625,6625,6625,200
2022-05-20 10:04:00,6650,6625,6650,6625,1900
2022-05-20 10:05:00,6650,6625,6650,6650,1200
2022-05-20 10:06:00,6625,6625,6625,6625,700
2022-05-20 10:07:00,6650,6625,6650,6625,7900
2022-05-20 10:08:00,6625,6625,6625,6625,10000
2022-05-20 10:09:00,6625,6625,6625,6625,0
2022-05-20 10:10:00,6625,6625,6625,6625,100
2022-05-20 10:11:00,6625,6625,6625,6625,0
2022-05-20 10:12:00,6650,6650,6650,6650,1400
2022-05-20 10:13:00,6650,6625,6650,6625,1100
2022-05-20 10:14:00,6650,6650,6650,6650,5000
2022-05-20 10:15:00,6650,6650,6650,6650,1000
2022-05-20 10:16:00,6625,6625,6625,6625,700
2022-05-20 10:17:00,6625,6625,6625,6625,100
2022-05-20 10:18:00,6650,6650,6650,6650,2300
2022-05-20 10:19:00,6650,6650,6650,6650,1300
2022-05-20 10:20:00,6625,6625,6625,6625,500
2022-05-20 10:21:00,6625,6625,6625,6625,1000
2022-05-20 10:22:00,6625,6625,6625,6625,800
2022-05-20 10:23:00,6625,6625,6625,6625,1100
2022-05-20 10:24:00,6650,6625,6650,6650,14500
2022-05-20 10:25:00,6650,6650,6650,6650,100
2022-05-20 10:26:00,6650,6650,6650,6650,900
2022-05-20 10:27:00,6650,6650,6650,6650,31100
2022-05-20 10:28:00,6675,6675,6675,6675,45900
2022-05-20 10:29:00,6675,6650,6675,6650,52600
2022-05-20 10:30:00,6650,6650,6675,6675,13200
2022-05-20 10:31:00,6675,6675,6675,6675,1200
2022-05-20 10:32:00,6675,6675,6675,6675,3100
2022-05-20 10:33:00,6675,6675,6675,6675,0
2022-05-20 10:34:00,6675,6675,6675,6675,0
2022-05-20 10:35:00,6675,6675,6675,6675,0
2022-05-20 10:36:00,6675,6650,6675,6650,700
2022-05-20 10:37:00,6650,6650,6650,6650,5000
2022-05-20 10:38:00,6650,6650,6675,6675,6200
2022-05-20 10:39:00,6675,6675,6675,6675,1100
2022-05-20 10:40:00,6650,6650,6650,6650,3500
2022-05-20 10:41:00,6675,6675,6675,6675,16800
2022-05-20 10:42:00,6675,6675,6675,6675,1600
2022-05-20 10:43:00,6675,6675,6700,6700,10900
2022-05-20 10:44:00,6675,6675,6675,6675,31700
2022-05-20 10:45:00,6675,6675,6675,6675,1100
2022-05-20 10:46:00,6675,6675,6675,6675,1100
2022-05-20 10:47:00,6700,6675,6700,6675,3600
2022-05-20 10:48:00,6700,6675,6700,6675,0
2022-05-20 10:49:00,6675,6675,6700,6700,42500
2022-05-20 10:50:00,6700,6675,6750,6725,187900
2022-05-20 10:51:00,6725,6725,6725,6725,6300
2022-05-20 10:52:00,6725,6725,6725,6725,8200
2022-05-20 10:53:00,6725,6700,6725,6700,2700
2022-05-20 10:54:00,6725,6675,6725,6700,27700
2022-05-20 10:55:00,6700,6700,6700,6700,12800
2022-05-20 10:56:00,6725,6725,6750,6750,22800
2022-05-20 10:57:00,6750,6725,6750,6750,71500
2022-05-20 10:58:00,6750,6750,6750,6750,2900
2022-05-20 10:59:00,6750,6750,6750,6750,16000
2022-05-20 11:00:00,6750,6750,6775,6750,25500
2022-05-20 11:01:00,6725,6725,6750,6725,1100
2022-05-20 11:02:00,6725,6725,6750,6750,800
2022-05-20 11:03:00,6750,6750,6750,6750,5100
2022-05-20 11:04:00,6725,6725,6725,6725,3500
2022-05-20 11:05:00,6725,6725,6750,6750,7500
2022-05-20 11:06:00,6725,6700,6750,6750,21000
2022-05-20 11:07:00,6750,6750,6750,6750,1300
2022-05-20 11:08:00,6725,6725,6750,6750,1100
2022-05-20 11:09:00,6750,6725,6750,6750,10400
2022-05-20 11:10:00,6750,6725,6750,6725,13100
2022-05-20 11:11:00,6725,6725,6750,6725,3400
2022-05-20 11:12:00,6725,6725,6750,6750,10600
2022-05-20 11:13:00,6750,6750,6750,6750,1200
2022-05-20 11:14:00,6750,6725,6750,6725,10600
2022-05-20 11:15:00,6750,6725,6750,6725,14100
2022-05-20 11:16:00,6725,6725,6725,6725,7000
2022-05-20 11:17:00,6725,6725,6725,6725,0
2022-05-20 11:18:00,6725,6725,6725,6725,0
2022-05-20 11:19:00,6725,6725,6725,6725,1900
2022-05-20 11:20:00,6700,6700,6725,6725,2200
2022-05-20 11:21:00,6700,6700,6725,6700,5200
2022-05-20 11:22:00,6725,6725,6725,6725,700
2022-05-20 11:23:00,6725,6725,6725,6725,0
2022-05-20 11:24:00,6700,6700,6725,6725,5800
2022-05-20 11:25:00,6725,6725,6725,6725,200
2022-05-20 11:26:00,6725,6725,6725,6725,300
2022-05-20 11:27:00,6700,6700,6725,6725,4300
2022-05-20 11:28:00,6725,6725,6725,6725,300
2022-05-20 11:29:00,6725,6725,6725,6725,400
2022-05-20 11:30:00,6725,6725,6725,6725,0
2022-05-20 11:31:00,6725,6725,6725,6725,0
2022-05-20 11:32:00,6725,6725,6725,6725,0
2022-05-20 11:33:00,6725,6725,6725,6725,0
2022-05-20 11:34:00,6725,6725,6725,6725,0
2022-05-20 11:35:00,6725,6725,6725,6725,0
2022-05-20 11:36:00,6725,6725,6725,6725,0
2022-05-20 11:37:00,6725,6725,6725,6725,0
2022-05-20 11:38:00,6725,6725,6725,6725,0
2022-05-20 11:39:00,6725,6725,6725,6725,0
2022-05-20 11:40:00,6725,6725,6725,6725,0
2022-05-20 11:41:00,6725,6725,6725,6725,0
2022-05-20 11:42:00,6725,6725,6725,6725,0
2022-05-20 11:43:00,6725,6725,6725,6725,0
2022-05-20 11:44:00,6725,6725,6725,6725,0
2022-05-20 11:45:00,6725,6725,6725,6725,0
2022-05-20 11:46:00,6725,6725,6725,6725,0
2022-05-20 11:47:00,6725,6725,6725,6725,0
2022-05-20 11:48:00,6725,6725,6725,6725,0
2022-05-20 11:49:00,6725,6725,6725,6725,0
2022-05-20 11:50:00,6725,6725,6725,6725,0
2022-05-20 11:51:00,6725,6725,6725,6725,0
2022-05-20 11:52:00,6725,6725,6725,6725,0
2022-05-20 11:53:00,6725,6725,6725,6725,0
2022-05-20 11:54:00,6725,6725,6725,6725,0
2022-05-20 11:55:00,6725,6725,6725,6725,0
2022-05-20 11:56:00,6725,6725,6725,6725,0
2022-05-20 11:57:00,6725,6725,6725,6725,0
2022-05-20 11:58:00,6725,6725,6725,6725,0
2022-05-20 11:59:00,6725,6725,6725,6725,0
2022-05-20 12:00:00,6725,6725,6725,6725,0
2022-05-20 12:01:00,6725,6725,6725,6725,0
2022-05-20 12:02:00,6725,6725,6725,6725,0
2022-05-20 12:03:00,6725,6725,6725,6725,0
2022-05-20 12:04:00,6725,6725,6725,6725,0
2022-05-20 12:05:00,6725,6725,6725,6725,0
2022-05-20 12:06:00,6725,6725,6725,6725,0
2022-05-20 12:07:00,6725,6725,6725,6725,0
2022-05-20 12:08:00,6725,6725,6725,6725,0
2022-05-20 12:09:00,6725,6725,6725,6725,0
2022-05-20 12:10:00,6725,6725,6725,6725,0
2022-05-20 12:11:00,6725,6725,6725,6725,0
2022-05-20 12:12:00,6725,6725,6725,6725,0
2022-05-20 12:13:00,6725,6725,6725,6725,0
2022-05-20 12:14:00,6725,6725,6725,6725,0
2022-05-20 12:15:00,6725,6725,6725,6725,0
2022-05-20 12:16:00,6725,6725,6725,6725,0
2022-05-20 12:17:00,6725,6725,6725,6725,0
2022-05-20 12:18:00,6725,6725,6725,6725,0
2022-05-20 12:19:00,6725,6725,6725,6725,0
2022-05-20 12:20:00,6725,6725,6725,6725,0
2022-05-20 12:21:00,6725,6725,6725,6725,0
2022-05-20 12:22:00,6725,6725,6725,6725,0
2022-05-20 12:23:00,6725,6725,6725,6725,0
2022-05-20 12:24:00,6725,6725,6725,6725,0
2022-05-20 12:25:00,6725,6725,6725,6725,0
2022-05-20 12:26:00,6725,6725,6725,6725,0
2022-05-20 12:27:00,6725,6725,6725,6725,0
2022-05-20 12:28:00,6725,6725,6725,6725,0
2022-05-20 12:29:00,6725,6725,6725,6725,0
2022-05-20 12:30:00,6725,6725,6725,6725,0
2022-05-20 12:31:00,6725,6725,6725,6725,0
2022-05-20 12:32:00,6725,6725,6725,6725,0
2022-05-20 12:33:00,6725,6725,6725,6725,0
2022-05-20 12:34:00,6725,6725,6725,6725,0
2022-05-20 12:35:00,6725,6725,6725,6725,0
2022-05-20 12:36:00,6725,6725,6725,6725,0
2022-05-20 12:37:00,6725,6725,6725,6725,0
2022-05-20 12:38:00,6725,6725,6725,6725,0
2022-05-20 12:39:00,6725,6725,6725,6725,0
2022-05-20 12:40:00,6725,6725,6725,6725,0
2022-05-20 12:41:00,6725,6725,6725,6725,0
2022-05-20 12:42:00,6725,6725,6725,6725,0
2022-05-20 12:43:00,6725,6725,6725,6725,0
2022-05-20 12:44:00,6725,6725,6725,6725,0
2022-05-20 12:45:00,6725,6725,6725,6725,0
2022-05-20 12:46:00,6725,6725,6725,6725,0
2022-05-20 12:47:00,6725,6725,6725,6725,0
2022-05-20 12:48:00,6725,6725,6725,6725,0
2022-05-20 12:49:00,6725,6725,6725,6725,0
2022-05-20 12:50:00,6725,6725,6725,6725,0
2022-05-20 12:51:00,6725,6725,6725,6725,0
2022-05-20 12:52:00,6725,6725,6725,6725,0
2022-05-20 12:53:00,6725,6725,6725,6725,0
2022-05-20 12:54:00,6725,6725,6725,6725,0
2022-05-20 12:55:00,6725,6725,6725,6725,0
2022-05-20 12:56:00,6725,6725,6725,6725,0
2022-05-20 12:57:00,6725,6725,6725,6725,0
2022-05-20 12:58:00,6725,6725,6725,6725,0
2022-05-20 12:59:00,6725,6725,6725,6725,0
2022-05-20 13:00:00,6725,6725,6725,6725,0
2022-05-20 13:01:00,6725,6725,6725,6725,0
2022-05-20 13:02:00,6725,6725,6725,6725,0
2022-05-20 13:03:00,6725,6725,6725,6725,0
2022-05-20 13:04:00,6725,6725,6725,6725,0
2022-05-20 13:05:00,6725,6725,6725,6725,0
2022-05-20 13:06:00,6725,6725,6725,6725,0
2022-05-20 13:07:00,6725,6725,6725,6725,0
2022-05-20 13:08:00,6725,6725,6725,6725,0
2022-05-20 13:09:00,6725,6725,6725,6725,0
2022-05-20 13:10:00,6725,6725,6725,6725,0
2022-05-20 13:11:00,6725,6725,6725,6725,0
2022-05-20 13:12:00,6725,6725,6725,6725,0
2022-05-20 13:13:00,6725,6725,6725,6725,0
2022-05-20 13:14:00,6725,6725,6725,6725,0
2022-05-20 13:15:00,6725,6725,6725,6725,0
2022-05-20 13:16:00,6725,6725,6725,6725,0
2022-05-20 13:17:00,6725,6725,6725,6725,0
2022-05-20 13:18:00,6725,6725,6725,6725,0
2022-05-20 13:19:00,6725,6725,6725,6725,0
2022-05-20 13:20:00,6725,6725,6725,6725,0
2022-05-20 13:21:00,6725,6725,6725,6725,0
2022-05-20 13:22:00,6725,6725,6725,6725,0
2022-05-20 13:23:00,6725,6725,6725,6725,0
2022-05-20 13:24:00,6725,6725,6725,6725,0
2022-05-20 13:25:00,6725,6725,6725,6725,0
2022-05-20 13:26:00,6725,6725,6725,6725,0
2022-05-20 13:27:00,6725,6725,6725,6725,0
2022-05-20 13:28:00,6725,6725,6725,6725,0
2022-05-20 13:29:00,6725,6725,6725,6725,0
2022-05-20 13:30:00,6725,6700,6725,6700,41600
2022-05-20 13:31:00,6675,6675,6700,6700,11500
2022-05-20 13:32:00,6675,6675,6675,6675,16700
2022-05-20 13:33:00,6675,6675,6675,6675,3600
2022-05-20 13:34:00,6675,6675,6675,6675,1000
2022-05-20 13:35:00,6650,6650,6675,6675,23200
2022-05-20 13:36:00,6675,6675,6675,6675,3800
2022-05-20 13:37:00,6700,6700,6700,6700,6100
2022-05-20 13:38:00,6675,6675,6700,6700,200
2022-05-20 13:39:00,6700,6700,6700,6700,49400
2022-05-20 13:40:00,6675,6675,6700,6675,30500
2022-05-20 13:41:00,6675,6675,6700,6675,300
2022-05-20 13:42:00,6675,6675,6675,6675,2600
2022-05-20 13:43:00,6675,6675,6725,6700,35300
2022-05-20 13:44:00,6700,6700,6700,6700,400
2022-05-20 13:45:00,6700,6700,6700,6700,200
2022-05-20 13:46:00,6700,6700,6700,6700,100
2022-05-20 13:47:00,6700,6700,6700,6700,400
2022-05-20 13:48:00,6700,6675,6700,6675,3200
2022-05-20 13:49:00,6675,6675,6675,6675,300
2022-05-20 13:50:00,6700,6700,6700,6700,300
2022-05-20 13:51:00,6700,6700,6700,6700,0
2022-05-20 13:52:00,6675,6675,6675,6675,600
2022-05-20 13:53:00,6675,6675,6675,6675,100
2022-05-20 13:54:00,6675,6675,6675,6675,2100
2022-05-20 13:55:00,6675,6675,6675,6675,800
2022-05-20 13:56:00,6675,6675,6675,6675,700
2022-05-20 13:57:00,6700,6700,6700,6700,200
2022-05-20 13:58:00,6675,6675,6675,6675,1300
2022-05-20 13:59:00,6675,6675,6675,6675,10000
2022-05-20 14:00:00,6675,6675,6675,6675,2700
2022-05-20 14:01:00,6675,6675,6675,6675,0
2022-05-20 14:02:00,6675,6675,6675,6675,11000
2022-05-20 14:03:00,6675,6675,6675,6675,2500
2022-05-20 14:04:00,6675,6675,6675,6675,0
2022-05-20 14:05:00,6650,6650,6650,6650,1500
2022-05-20 14:06:00,6675,6675,6675,6675,400
2022-05-20 14:07:00,6650,6650,6675,6650,2100
2022-05-20 14:08:00,6650,6650,6675,6650,0
2022-05-20 14:09:00,6650,6650,6675,6650,0
2022-05-20 14:10:00,6650,6650,6650,6650,800
2022-05-20 14:11:00,6675,6675,6675,6675,100
2022-05-20 14:12:00,6675,6675,6675,6675,0
2022-05-20 14:13:00,6650,6650,6650,6650,400
2022-05-20 14:14:00,6650,6650,6650,6650,400
2022-05-20 14:15:00,6650,6650,6650,6650,1100
2022-05-20 14:16:00,6650,6650,6650,6650,100
2022-05-20 14:17:00,6650,6650,6650,6650,1800
2022-05-20 14:18:00,6650,6625,6650,6625,139000
2022-05-20 14:19:00,6650,6625,6650,6625,0
2022-05-20 14:20:00,6625,6625,6625,6625,6900
2022-05-20 14:21:00,6650,6650,6650,6650,10400
2022-05-20 14:22:00,6650,6650,6650,6650,0
2022-05-20 14:23:00,6650,6650,6650,6650,100
2022-05-20 14:24:00,6625,6625,6625,6625,15000
2022-05-20 14:25:00,6650,6625,6650,6650,5100
2022-05-20 14:26:00,6650,6650,6650,6650,3100
2022-05-20 14:27:00,6625,6625,6650,6650,6100
2022-05-20 14:28:00,6650,6650,6650,6650,1500
2022-05-20 14:29:00,6650,6650,6650,6650,15500
2022-05-20 14:30:00,6650,6625,6650,6650,11400
2022-05-20 14:31:00,6625,6625,6625,6625,9000
2022-05-20 14:32:00,6625,6625,6650,6650,2700
2022-05-20 14:33:00,6650,6650,6650,6650,100
2022-05-20 14:34:00,6625,6625,6625,6625,13600
2022-05-20 14:35:00,6625,6625,6625,6625,12000
2022-05-20 14:36:00,6625,6625,6625,6625,19200
2022-05-20 14:37:00,6625,6625,6625,6625,18800
2022-05-20 14:38:00,6625,6625,6625,6625,6800
2022-05-20 14:39:00,6625,6625,6625,6625,0
2022-05-20 14:40:00,6625,6625,6625,6625,100
2022-05-20 14:41:00,6625,6625,6625,6625,25300
2022-05-20 14:42:00,6625,6625,6625,6625,300
2022-05-20 14:43:00,6625,6625,6625,6625,71800
2022-05-20 14:44:00,6625,6625,6625,6625,24200
2022-05-20 14:45:00,6625,6625,6625,6625,100
2022-05-20 14:46:00,6625,6625,6625,6625,1300
2022-05-20 14:47:00,6625,6600,6625,6625,80400
2022-05-20 14:48:00,6625,6625,6650,6625,2700
2022-05-20 14:49:00,6650,6650,6650,6650,500
2022-05-20 14:50:00,6650,6650,6650,6650,0
2022-05-20 14:51:00,6650,6650,6650,6650,0
2022-05-20 14:52:00,6650,6650,6650,6650,0
2022-05-20 14:53:00,6650,6650,6650,6650,0
2022-05-20 14:54:00,6650,6650,6650,6650,0
2022-05-20 14:55:00,6650,6650,6650,6650,0
2022-05-20 14:56:00,6650,6650,6650,6650,0
2022-05-20 14:57:00,6650,6650,6650,6650,0
2022-05-20 14:58:00,6650,6650,6650,6650,0
2022-05-20 14:59:00,6650,6650,6650,6650,0
2022-05-20 15:00:00,6600,6600,6600,6600,139100
2022-05-20 15:01:00,6600,6600,6600,6600,900
2022-05-20 15:02:00,6600,6600,6600,6600,2100
2022-05-20 15:03:00,6600,6600,6600,6600,2500
2022-05-20 15:04:00,6600,6600,6600,6600,200
2022-05-20 15:05:00,6600,6600,6600,6600,100
2022-05-20 15:06:00,6600,6600,6600,6600,0
2022-05-20 15:07:00,6600,6600,6600,6600,500
2022-05-20 15:08:00,6600,6600,6600,6600,41900
2022-05-20 15:09:00,6600,6600,6600,6600,0
2022-05-20 15:10:00,6600,6600,6600,6600,10000
2022-05-20 15:11:00,6600,6600,6600,6600,0
2022-05-20 15:12:00,6600,6600,6600,6600,0
2022-05-20 15:13:00,6600,6600,6600,6600,0
2022-05-20 15:14:00,6600,6600,6600,6600,0
2022-05-20 15:15:00,6600,6600,6600,6600,0
2022-05-20 15:16:00,6600,6600,6600,6600,0
2022-05-20 15:17:00,6600,6600,6600,6600,0
2022-05-20 15:18:00,6600,6600,6600,6600,0
2022-05-20 15:19:00,6600,6600,6600,6600,0
2022-05-20 15:20:00,6600,6600,6600,6600,0
2022-05-20 15:21:00,6600,6600,6600,6600,0
2022-05-20 15:22:00,6600,6600,6600,6600,0
2022-05-20 15:23:00,6600,6600,6600,6600,0
2022-05-20 15:24:00,6600,6600,6600,6600,0
2022-05-20 15:25:00,6600,6600,6600,6600,0
2022-05-20 15:26:00,6600,6600,6600,6600,0
2022-05-20 15:27:00,6600,6600,6600,6600,0
2022-05-20 15:28:00,6600,6600,6600,6600,0
2022-05-20 15:29:00,6600,6600,6600,6600,0
2022-05-20 15:30:00,6600,6600,6600,6600,0
2022-05-20 15:31:00,6600,6600,6600,6600,0
2022-05-20 15:32:00,6600,6600,6600,6600,0
2022-05-20 15:33:00,6600,6600,6600,6600,0
2022-05-20 15:34:00,6600,6600,6600,6600,0
2022-05-20 15:35:00,6600,6600,6600,6600,0
2022-05-20 15:36:00,6600,6600,6600,6600,0
2022-05-20 15:37:00,6600,6600,6600,6600,0
2022-05-20 15:38:00,6600,6600,6600,6600,0
2022-05-20 15:39:00,6600,6600,6600,6600,0
2022-05-20 15:40:00,6600,6600,6600,6600,0
2022-05-20 15:41:00,6600,6600,6600,6600,0
2022-05-20 15:42:00,6600,6600,6600,6600,0
2022-05-20 15:43:00,6600,6600,6600,6600,0
2022-05-20 15:44:00,6600,6600,6600,6600,0
2022-05-20 15:45:00,6600,6600,6600,6600,0
2022-05-20 15:46:00,6600,6600,6600,6600,0
2022-05-20 15:47:00,6600,6600,6600,6600,0
2022-05-20 15:48:00,6600,6600,6600,6600,0
2022-05-20 15:49:00,6600,6600,6600,6600,0
2022-05-20 15:50:00,6600,6600,6600,6600,0
2022-05-20 15:51:00,6600,6600,6600,6600,0
2022-05-20 15:52:00,6600,6600,6600,6600,0
2022-05-20 15:53:00,6600,6600,6600,6600,0
2022-05-20 15:54:00,6600,6600,6600,6600,0
2022-05-20 15:55:00,6600,6600,6600,6600,0
2022-05-20 15:56:00,6600,6600,6600,6600,0
2022-05-20 15:57:00,6600,6600,6600,6600,0
2022-05-20 15:58:00,6600,6600,6600,6600,0
2022-05-20 15:59:00,6600,6600,6600,6600,0
2022-05-23 09:00:00,6600,6600,6600,6600,0
2022-05-23 09:01:00,6600,6600,6600,6600,0
2022-05-23 09:02:00,6600,6600,6600,6600,0
2022-05-23 09:03:00,6600,6600,6600,6600,0
2022-05-23 09:04:00,6600,6600,6600,6600,0
2022-05-23 09:05:00,6600,6600,6600,6600,0
2022-05-23 09:06:00,6600,6600,6600,6600,0
2022-05-23 09:07:00,6600,6600,6600,6600,0
2022-05-23 09:08:00,6600,6600,6600,6600,0
2022-05-23 09:09:00,6600,6600,6600,6600,0
2022-05-23 09:10:00,6600,6600,6600,6600,0
2022-05-23 09:11:00,6600,6600,6600,6600,0
2022-05-23 09:12:00,6600,6600,6600,6600,0
2022-05-23 09:13:00,6600,6600,6600,6600,0
2022-05-23 09:14:00,6600,6600,6600,6600,0
2022-05-23 09:15:00,6600,6600,6600,6600,0
2022-05-23 09:16:00,6600,6600,6600,6600,0
2022-05-23 09:17:00,6600,6600,6600,6600,0
2022-05-23 09:18:00,6600,6600,6600,6600,0
2022-05-23 09:19:00,6600,6600,6600,6600,0
2022-05-23 09:20:00,6600,6600,6600,6600,0
2022-05-23 09:21:00,6600,6600,6600,6600,0
2022-05-23 09:22:00,6600,6600,6600,6600,0
2022-05-23 09:23:00,6600,6600,6600,6600,0
2022-05-23 09:24:00,6600,6600,6600,6600,0
2022-05-23 09:25:00,6600,6600,6600,6600,0
2022-05-23 09:26:00,6600,6600,6600,6600,0
2022-05-23 09:27:00,6600,6600,6600,6600,0
2022-05-23 09:28:00,6600,6600,6600,6600,0
2022-05-23 09:29:00,6600,6600,6600,6600,0
2022-05-23 09:30:00,6600,6600,6600,6600,0
2022-05-23 09:31:00,6600,6600,6600,6600,0
2022-05-23 09:32:00,6600,6600,6600,6600,0
2022-05-23 09:33:00,6600,6600,6600,6600,0
2022-05-23 09:34:00,6600,6600,6600,6600,0
2022-05-23 09:35:00,6600,6600,6600,6600,0
2022-05-23 09:36:00,6600,6600,6600,6600,0
2022-05-23 09:37:00,6600,6600,6600,6600,0
2022-05-23 09:38:00,6600,6600,6600,6600,0
2022-05-23 09:39:00,6600,6600,6600,6600,0
2022-05-23 09:40:00,6600,6600,6600,6600,0
2022-05-23 09:41:00,6600,6600,6600,6600,0
2022-05-23 09:42:00,6600,6600,6600,6600,0
2022-05-23 09:43:00,6600,6600,6600,6600,0
2022-05-23 09:44:00,6600,6600,6600,6600,0
2022-05-23 09:45:00,6600,6600,6600,6600,0
2022-05-23 09:46:00,6600,6600,6600,6600,0
2022-05-23 09:47:00,6600,6600,6600,6600,0
2022-05-23 09:48:00,6600,6600,6600,6600,0
2022-05-23 09:49:00,6600,6600,6600,6600,0
2022-05-23 09:50:00,6600,6600,6600,6600,0
2022-05-23 09:51:00,6600,6600,6600,6600,0
2022-05-23 09:52:00,6600,6600,6600,6600,0
2022-05-23 09:53:00,6600,6600,6600,6600,0
2022-05-23 09:54:00,6600,6600,6600,6600,0
2022-05-23 09:55:00,6600,6600,6600,6600,0
2022-05-23 09:56:00,6600,6600,6600,6600,0
2022-05-23 09:57:00,6600,6600,6600,6600,0
2022-05-23 09:58:00,6600,6600,6600,6600,0
2022-05-23 09:59:00,6600,6600,6600,6600,0
2022-05-23 10:00:00,6600,6600,6600,6600,0
2022-05-23 10:01:00,6600,6600,6600,6600,0
2022-05-23 10:02:00,6600,6600,6600,6600,0
2022-05-23 10:03:00,6600,6600,6600,6600,0
2022-05-23 10:04:00,6600,6600,6600,6600,0
2022-05-23 10:05:00,6600,6600,6600,6600,0
2022-05-23 10:06:00,6600,6600,6600,6600,0
2022-05-23 10:07:00,6600,6600,6600,6600,0
2022-05-23 10:08:00,6600,6600,6600,6600,0
2022-05-23 10:09:00,6600,6600,6600,6600,0
2022-05-23 10:10:00,6600,6600,6600,6600,0
2022-05-23 10:11:00,6600,6600,6600,6600,0
2022-05-23 10:12:00,6600,6600,6600,6600,0
2022-05-23 10:13:00,6600,6600,6600,6600,0
2022-05-23 10:14:00,6600,6600,6600,6600,0
2022-05-23 10:15:00,6600,6600,6600,6600,0
2022-05-23 10:16:00,6600,6600,6600,6600,0
2022-05-23 10:17:00,6600,6600,6600,6600,0
2022-05-23 10:18:00,6600,6600,6600,6600,0
2022-05-23 10:19:00,6600,6600,6600,6600,0
2022-05-23 10:20:00,6600,6600,6600,6600,0
2022-05-23 10:21:00,6600,6600,6600,6600,0
2022-05-23 10:22:00,6600,6600,6600,6600,0
2022-05-23 10:23:00,6600,6600,6600,6600,0
2022-05-23 10:24:00,6600,6600,6600,6600,0
2022-05-23 10:25:00,6600,6600,6600,6600,0
2022-05-23 10:26:00,6600,6600,6600,6600,0
2022-05-23 10:27:00,6600,6600,6600,6600,0
2022-05-23 10:28:00,6600,6600,6600,6600,0
2022-05-23 10:29:00,6600,6600,6600,6600,0
2022-05-23 10:30:00,6600,6600,6600,6600,0
2022-05-23 10:31:00,6600,6600,6600,6600,0
2022-05-23 10:32:00,6600,6600,6600,6600,0
2022-05-23 10:33:00,6600,6600,6600,6600,0
2022-05-23 10:34:00,6600,6600,6600,6600,0
2022-05-23 10:35:00,6600,6600,6600,6600,0
2022-05-23 10:36:00,6600,6600,6600,6600,0
2022-05-23 10:37:00,6600,6600,6600,6600,0
2022-05-23 10:38:00,6600,6600,6600,6600,0
2022-05-23 10:39:00,6600,6600,6600,6600,0
2022-05-23 10:40:00,6600,6600,6600,6600,0
2022-05-23 10:41:00,6600,6600,6600,6600,0
2022-05-23 10:42:00,6600,6600,6600,6600,0
2022-05-23 10:43:00,6600,6600,6600,6600,0
2022-05-23 10:44:00,6600,6600,6600,6600,0
2022-05-23 10:45:00,6600,6600,6600,6600,0
2022-05-23 10:46:00,6600,6600,6600,6600,0
2022-05-23 10:47:00,6600,6600,6600,6600,0
2022-05-23 10:48:00,6600,6600,6600,6600,0
2022-05-23 10:49:00,6600,6600,6600,6600,0
2022-05-23 10:50:00,6600,6600,6600,6600,0
2022-05-23 10:51:00,6600,6600,6600,6600,0
2022-05-23 10:52:00,6600,6600,6600,6600,0
2022-05-23 10:53:00,6600,6600,6600,6600,0
2022-05-23 10:54:00,6600,6600,6600,6600,0
2022-05-23 10:55:00,6600,6600,6600,6600,0
2022-05-23 10:56:00,6600,6600,6600,6600,0
2022-05-23 10:57:00,6600,6600,6600,6600,0
2022-05-23 10:58:00,6600,6600,6600,6600,0
2022-05-23 10:59:00,6600,6600,6600,6600,0
2022-05-23 11:00:00,6600,6600,6600,6600,0
2022-05-23 11:01:00,6600,6600,6600,6600,0
2022-05-23 11:02:00,6600,6600,6600,6600,0
2022-05-23 11:03:00,6600,6600,6600,6600,0
2022-05-23 11:04:00,6600,6600,6600,6600,0
2022-05-23 11:05:00,6600,6600,6600,6600,0
2022-05-23 11:06:00,6600,6600,6600,6600,0
2022-05-23 11:07:00,6600,6600,6600,6600,0
2022-05-23 11:08:00,6600,6600,6600,6600,0
2022-05-23 11:09:00,6600,6600,6600,6600,0
2022-05-23 11:10:00,6600,6600,6600,6600,0
2022-05-23 11:11:00,6600,6600,6600,6600,0
2022-05-23 11:12:00,6600,6600,6600,6600,0
2022-05-23 11:13:00,6600,6600,6600,6600,0
2022-05-23 11:14:00,6600,6600,6600,6600,0
2022-05-23 11:15:00,6600,6600,6600,6600,0
2022-05-23 11:16:00,6600,6600,6600,6600,0
2022-05-23 11:17:00,6600,6600,6600,6600,0
2022-05-23 11:18:00,6600,6600,6600,6600,0
2022-05-23 11:19:00,6600,6600,6600,6600,0
2022-05-23 11:20:00,6600,6600,6600,6600,0
2022-05-23 11:21:00,6600,6600,6600,6600,0
2022-05-23 11:22:00,6600,6600,6600,6600,0
2022-05-23 11:23:00,6600,6600,6600,6600,0
2022-05-23 11:24:00,6600,6600,6600,6600,0
2022-05-23 11:25:00,6600,6600,6600,6600,0
2022-05-23 11:26:00,6600,6600,6600,6600,0
2022-05-23 11:27:00,6600,6600,6600,6600,0
2022-05-23 11:28:00,6600,6600,6600,6600,0
2022-05-23 11:29:00,6600,6600,6600,6600,0
2022-05-23 11:30:00,6600,6600,6600,6600,0
2022-05-23 11:31:00,6600,6600,6600,6600,0
2022-05-23 11:32:00,6600,6600,6600,6600,0
2022-05-23 11:33:00,6600,6600,6600,6600,0
2022-05-23 11:34:00,6600,6600,6600,6600,0
2022-05-23 11:35:00,6600,6600,6600,6600,0
2022-05-23 11:36:00,6600,6600,6600,6600,0
2022-05-23 11:37:00,6600,6600,6600,6600,0
2022-05-23 11:38:00,6600,6600,6600,6600,0
2022-05-23 11:39:00,6600,6600,6600,6600,0
2022-05-23 11:40:00,6600,6600,6600,6600,0
2022-05-23 11:41:00,6600,6600,6600,6600,0
2022-05-23 11:42:00,6600,6600,6600,6600,0
2022-05-23 11:43:00,6600,6600,6600,6600,0
2022-05-23 11:44:00,6600,6600,6600,6600,0
2022-05-23 11:45:00,6600,6600,6600,6600,0
2022-05-23 11:46:00,6600,6600,6600,6600,0
2022-05-23 11:47:00,6600,6600,6600,6600,0
2022-05-23 11:48:00,6600,6600,6600,6600,0
2022-05-23 11:49:00,6600,6600,6600,6600,0
2022-05-23 11:50:00,6600,6600,6600,6600,0
2022-05-23 11:51:00,6600,6600,6600,6600,0
2022-05-23 11:52:00,6600,6600,6600,6600,0
2022-05-23 11:53:00,6600,6600,6600,6600,0
2022-05-23 11:54:00,6600,6600,6600,6600,0
2022-05-23 11:55:00,6600,6600,6600,6600,0
2022-05-23 11:56:00,6600,6600,6600,6600,0
2022-05-23 11:57:00,6600,6600,6600,6600,0
2022-05-23 11:58:00,6600,6600,6600,6600,0
2022-05-23 11:59:00,6600,6600,6600,6600,0
2022-05-23 12:00:00,6600,6600,6600,6600,0
2022-05-23 12:01:00,6600,6600,6600,6600,0
2022-05-23 12:02:00,6600,6600,6600,6600,0
2022-05-23 12:03:00,6600,6600,6600,6600,0
2022-05-23 12:04:00,6600,6600,6600,6600,0
2022-05-23 12:05:00,6600,6600,6600,6600,0
2022-05-23 12:06:00,6600,6600,6600,6600,0
2022-05-23 12:07:00,6600,6600,6600,6600,0
2022-05-23 12:08:00,6600,6600,6600,6600,0
2022-05-23 12:09:00,6600,6600,6600,6600,0
2022-05-23 12:10:00,6600,6600,6600,6600,0
2022-05-23 12:11:00,6600,6600,6600,6600,0
2022-05-23 12:12:00,6600,6600,6600,6600,0
2022-05-23 12:13:00,6600,6600,6600,6600,0
2022-05-23 12:14:00,6600,6600,6600,6600,0
2022-05-23 12:15:00,6600,6600,6600,6600,0
2022-05-23 12:16:00,6600,6600,6600,6600,0
2022-05-23 12:17:00,6600,6600,6600,6600,0
2022-05-23 12:18:00,6600,6600,6600,6600,0
2022-05-23 12:19:00,6600,6600,6600,6600,0
2022-05-23 12:20:00,6600,6600,6600,6600,0
2022-05-23 12:21:00,6600,6600,6600,6600,0
2022-05-23 12:22:00,6600,6600,6600,6600,0
2022-05-23 12:23:00,6600,6600,6600,6600,0
2022-05-23 12:24:00,6600,6600,6600,6600,0
2022-05-23 12:25:00,6600,6600,6600,6600,0
2022-05-23 12:26:00,6600,6600,6600,6600,0
2022-05-23 12:27:00,6600,6600,6600,6600,0
2022-05-23 12:28:00,6600,6600,6600,6600,0
2022-05-23 12:29:00,6600,6600,6600,6600,0
2022-05-23 12:30:00,6600,6600,6600,6600,0
2022-05-23 12:31:00,6600,6600,6600,6600,0
2022-05-23 12:32:00,6600,6600,6600,6600,0
2022-05-23 12:33:00,6600,6600,6600,6600,0
2022-05-23 12:34:00,6600,6600,6600,6600,0
2022-05-23 12:35:00,6600,6600,6600,6600,0
2022-05-23 12:36:00,6600,6600,6600,6600,0
2022-05-23 12:37:00,6600,6600,6600,6600,0
2022-05-23 12:38:00,6600,6600,6600,6600,0
2022-05-23 12:39:00,6600,6600,6600,6600,0
2022-05-23 12:40:00,6600,6600,6600,6600,0
2022-05-23 12:41:00,6600,6600,6600,6600,0
2022-05-23 12:42:00,6600,6600,6600,6600,0
2022-05-23 12:43:00,6600,6600,6600,6600,0
2022-05-23 12:44:00,6600,6600,6600,6600,0
2022-05-23 12:45:00,6600,6600,6600,6600,0
2022-05-23 12:46:00,6600,6600,6600,6600,0
2022-05-23 12:47:00,6600,6600,6600,6600,0
2022-05-23 12:48:00,6600,6600,6600,6600,0
2022-05-23 12:49:00,6600,6600,6600,6600,0
2022-05-23 12:50:00,6600,6600,6600,6600,0
2022-05-23 12:51:00,6600,6600,6600,6600,0
2022-05-23 12:52:00,6600,6600,6600,6600,0
2022-05-23 12:53:00,6600,6600,6600,6600,0
2022-05-23 12:54:00,6600,6600,6600,6600,0
2022-05-23 12:55:00,6600,6600,6600,6600,0
2022-05-23 12:56:00,6600,6600,6600,6600,0
2022-05-23 12:57:00,6600,6600,6600,6600,0
2022-05-23 12:58:00,6600,6600,6600,6600,0
2022-05-23 12:59:00,6600,6600,6600,6600,0
2022-05-23 13:00:00,6600,6600,6600,6600,0
2022-05-23 13:01:00,6600,6600,6600,6600,0
2022-05-23 13:02:00,6600,6600,6600,6600,0
2022-05-23 13:03:00,6600,6600,6600,6600,0
2022-05-23 13:04:00,6600,6600,6600,6600,0
2022-05-23 13:05:00,6600,6600,6600,6600,0
2022-05-23 13:06:00,6600,6600,6600,6600,0
2022-05-23 13:07:00,6600,6600,6600,6600,0
2022-05-23 13:08:00,6600,6600,6600,6600,0
2022-05-23 13:09:00,6600,6600,6600,6600,0
2022-05-23 13:10:00,6600,6600,6600,6600,0
2022-05-23 13:11:00,6600,6600,6600,6600,0
2022-05-23 13:12:00,6600,6600,6600,6600,0
2022-05-23 13:13:00,6600,6600,6600,6600,0
2022-05-23 13:14:00,6600,6600,6600,6600,0
2022-05-23 13:15:00,6600,6600,6600,6600,0
2022-05-23 13:16:00,6600,6600,6600,6600,0
2022-05-23 13:17:00,6600,6600,6600,6600,0
2022-05-23 13:18:00,6600,6600,6600,6600,0
2022-05-23 13:19:00,6600,6600,6600,6600,0
2022-05-23 13:20:00,6600,6600,6600,6600,0
2022-05-23 13:21:00,6600,6600,6600,6600,0
2022-05-23 13:22:00,6600,6600,6600,6600,0
2022-05-23 13:23:00,6600,6600,6600,6600,0
2022-05-23 13:24:00,6600,6600,6600,6600,0
2022-05-23 13:25:00,6600,6600,6600,6600,0
2022-05-23 13:26:00,6600,6600,6600,6600,0
2022-05-23 13:27:00,6600,6600,6600,6600,0
2022-05-23 13:28:00,6600,6600,6600,6600,0
2022-05-23 13:29:00,6600,6600,6600,6600,0
2022-05-23 13:30:00,6600,6600,6600,6600,0
2022-05-23 13:31:00,6600,6600,6600,6600,0
2022-05-23 13:32:00,6600,6600,6600,6600,0
2022-05-23 13:33:00,6600,6600,6600,6600,0
2022-05-23 13:34:00,6600,6600,6600,6600,0
2022-05-23 13:35:00,6600,6600,6600,6600,0
2022-05-23 13:36:00,6600,6600,6600,6600,0
2022-05-23 13:37:00,6600,6600,6600,6600,0
2022-05-23 13:38:00,6600,6600,6600,6600,0
2022-05-23 13:39:00,6600,6600,6600,6600,0
2022-05-23 13:40:00,6600,6600,6600,6600,0
2022-05-23 13:41:00,6600,6600,6600,6600,0
2022-05-23 13:42:00,6600,6600,6600,6600,0
2022-05-23 13:43:00,6600,6600,6600,6600,0
2022-05-23 13:44:00,6600,6600,6600,6600,0
2022-05-23 13:45:00,6600,6600,6600,6600,0
2022-05-23 13:46:00,6600,6600,6600,6600,0
2022-05-23 13:47:00,6600,6600,6600,6600,0
2022-05-23 13:48:00,6600,6600,6600,6600,0
2022-05-23 13:49:00,6600,6600,6600,6600,0
2022-05-23 13:50:00,6600,6600,6600,6600,0
2022-05-23 13:51:00,6600,6600,6600,6600,0
2022-05-23 13:52:00,6600,6600,6600,6600,0
2022-05-23 13:53:00,6600,6600,6600,6600,0
2022-05-23 13:54:00,6600,6600,6600,6600,0
2022-05-23 13:55:00,6600,6600,6600,6600,0
2022-05-23 13:56:00,6600,6600,6600,6600,0
2022-05-23 13:57:00,6600,6600,6600,6600,0
2022-05-23 13:58:00,6600,6600,6600,6600,0
2022-05-23 13:59:00,6600,6600,6600,6600,0
2022-05-23 14:00:00,6600,6600,6600,6600,0
2022-05-23 14:01:00,6600,6600,6600,6600,0
2022-05-23 14:02:00,6600,6600,6600,6600,0
2022-05-23 14:03:00,6600,6600,6600,6600,0
2022-05-23 14:04:00,6600,6600,6600,6600,0
2022-05-23 14:05:00,6600,6600,6600,6600,0
2022-05-23 14:06:00,6600,6600,6600,6600,0
2022-05-23 14:07:00,6600,6600,6600,6600,0
2022-05-23 14:08:00,6600,6600,6600,6600,0
2022-05-23 14:09:00,6600,6600,6600,6600,0
2022-05-23 14:10:00,6600,6600,6600,6600,0
2022-05-23 14:11:00,6600,6600,6600,6600,0
2022-05-23 14:12:00,6600,6600,6600,6600,0
2022-05-23 14:13:00,6600,6600,6600,6600,0
2022-05-23 14:14:00,6600,6600,6600,6600,0
2022-05-23 14:15:00,6600,6600,6600,6600,0
2022-05-23 14:16:00,6600,6600,6600,6600,0
2022-05-23 14:17:00,6600,6600,6600,6600,0
2022-05-23 14:18:00,6600,6600,6600,6600,0
2022-05-23 14:19:00,6600,6600,6600,6600,0
2022-05-23 14:20:00,6600,6600,6600,6600,0
2022-05-23 14:21:00,6600,6600,6600,6600,0
2022-05-23 14:22:00,6600,6600,6600,6600,0
2022-05-23 14:23:00,6600,6600,6600,6600,0
2022-05-23 14:24:00,6600,6600,6600,6600,0
2022-05-23 14:25:00,6600,6600,6600,6600,0
2022-05-23 14:26:00,6600,6600,6600,6600,0
2022-05-23 14:27:00,6600,6600,6600,6600,0
2022-05-23 14:28:00,6600,6600,6600,6600,0
2022-05-23 14:29:00,6600,6600,6600,6600,0
2022-05-23 14:30:00,6600,6600,6600,6600,0
2022-05-23 14:31:00,6600,6600,6600,6600,0
2022-05-23 14:32:00,6600,6600,6600,6600,0
2022-05-23 14:33:00,6600,6600,6600,6600,0
2022-05-23 14:34:00,6600,6600,6600,6600,0
2022-05-23 14:35:00,6600,6600,6600,6600,0
2022-05-23 14:36:00,6600,6600,6600,6600,0
2022-05-23 14:37:00,6600,6600,6600,6600,0
2022-05-23 14:38:00,6600,6600,6600,6600,0
2022-05-23 14:39:00,6600,6600,6600,6600,0
2022-05-23 14:40:00,6600,6600,6600,6600,0
2022-05-23 14:41:00,6600,6600,6600,6600,0
2022-05-23 14:42:00,6600,6600,6600,6600,0
2022-05-23 14:43:00,6600,6600,6600,6600,0
2022-05-23 14:44:00,6600,6600,6600,6600,0
2022-05-23 14:45:00,6600,6600,6600,6600,0
2022-05-23 14:46:00,6600,6600,6600,6600,0
2022-05-23 14:47:00,6600,6600,6600,6600,0
2022-05-23 14:48:00,6600,6600,6600,6600,0
2022-05-23 14:49:00,6600,6600,6600,6600,0
2022-05-23 14:50:00,6600,6600,6600,6600,0
2022-05-23 14:51:00,6600,6600,6600,6600,0
2022-05-23 14:52:00,6600,6600,6600,6600,0
2022-05-23 14:53:00,6600,6600,6600,6600,0
2022-05-23 14:54:00,6600,6600,6600,6600,0
2022-05-23 14:55:00,6600,6600,6600,6600,0
2022-05-23 14:56:00,6600,6600,6600,6600,0
2022-05-23 14:57:00,6600,6600,6600,6600,0
2022-05-23 14:58:00,6600,6600,6600,6600,0
2022-05-23 14:59:00,6600,6600,6600,6600,0
2022-05-23 15:00:00,6600,6600,6600,6600,0
2022-05-23 15:01:00,6600,6600,6600,6600,0
2022-05-23 15:02:00,6600,6600,6600,6600,0
2022-05-23 15:03:00,6600,6600,6600,6600,0
2022-05-23 15:04:00,6600,6600,6600,6600,0
2022-05-23 15:05:00,6600,6600,6600,6600,0
2022-05-23 15:06:00,6600,6600,6600,6600,0
2022-05-23 15:07:00,6600,6600,6600,6600,0
2022-05-23 15:08:00,6600,6600,6600,6600,0
2022-05-23 15:09:00,6600,6600,6600,6600,0
2022-05-23 15:10:00,6600,6600,6600,6600,0
2022-05-23 15:11:00,6600,6600,6600,6600,0
2022-05-23 15:12:00,6600,6600,6600,6600,0
2022-05-23 15:13:00,6600,6600,6600,6600,0
2022-05-23 15:14:00,6600,6600,6600,6600,0
2022-05-23 15:15:00,6600,6600,6600,6600,0
2022-05-23 15:16:00,6600,6600,6600,6600,0
2022-05-23 15:17:00,6600,6600,6600,6600,0
2022-05-23 15:18:00,6600,6600,6600,6600,0
2022-05-23 15:19:00,6600,6600,6600,6600,0
2022-05-23 15:20:00,6600,6600,6600,6600,0
2022-05-23 15:21:00,6600,6600,6600,6600,0
2022-05-23 15:22:00,6600,6600,6600,6600,0
2022-05-23 15:23:00,6600,6600,6600,6600,0
2022-05-23 15:24:00,6600,6600,6600,6600,0
2022-05-23 15:25:00,6600,6600,6600,6600,0
2022-05-23 15:26:00,6600,6600,6600,6600,0
2022-05-23 15:27:00,6600,6600,6600,6600,0
2022-05-23 15:28:00,6600,6600,6600,6600,0
2022-05-23 15:29:00,6600,6600,6600,6600,0
2022-05-23 15:30:00,6600,6600,6600,6600,0
2022-05-23 15:31:00,6600,6600,6600,6600,0
2022-05-23 15:32:00,6600,6600,6600,6600,0
2022-05-23 15:33:00,6600,6600,6600,6600,0
2022-05-23 15:34:00,6600,6600,6600,6600,0
2022-05-23 15:35:00,6600,6600,6600,6600,0
2022-05-23 15:36:00,6600,6600,6600,6600,0
2022-05-23 15:37:00,6600,6600,6600,6600,0
2022-05-23 15:38:00,6600,6600,6600,6600,0
2022-05-23 15:39:00,6600,6600,6600,6600,0
2022-05-23 15:40:00,6600,6600,6600,6600,0
2022-05-23 15:41:00,6600,6600,6600,6600,0
2022-05-23 15:42:00,6600,6600,6600,6600,0
2022-05-23 15:43:00,6600,6600,6600,6600,0
2022-05-23 15:44:00,6600,6600,6600,6600,0
2022-05-23 15:45:00,6600,6600,6600,6600,0
2022-05-23 15:46:00,6600,6600,6600,6600,0
2022-05-23 15:47:00,6600,6600,6600,6600,0
2022-05-23 15:48:00,6600,6600,6600,6600,0
2022-05-23 15:49:00,6600,6600,6600,6600,0
2022-05-23 15:50:00,6600,6600,6600,6600,0
2022-05-23 15:51:00,6600,6600,6600,6600,0
2022-05-23 15:52:00,6600,6600,6600,6600,0
2022-05-23 15:53:00,6600,6600,6600,6600,0
2022-05-23 15:54:00,6600,6600,6600,6600,0
2022-05-23 15:55:00,6600,6600,6600,6600,0
2022-05-23 15:56:00,6600,6600,6600,6600,0
2022-05-23 15:57:00,6600,6600,6600,6600,0
2022-05-23 15:58:00,6600,6600,6600,6600,0
2022-05-23 15:59:00,6600,6600,6600,6600,0
2022-05-24 09:00:00,6600,6600,6600,6600,0
2022-05-24 09:01:00,6600,6600,6600,6600,0
2022-05-24 09:02:00,6600,6600,6600,6600,0
2022-05-24 09:03:00,6600,6600,6600,6600,0
2022-05-24 09:04:00,6600,6600,6600,6600,0
2022-05-24 09:05:00,6600,6600,6600,6600,0
2022-05-24 09:06:00,6600,6600,6600,6600,0
2022-05-24 09:07:00,6600,6600,6600,6600,0
2022-05-24 09:08:00,6600,6600,6600,6600,0
2022-05-24 09:09:00,6600,6600,6600,6600,0
2022-05-24 09:10:00,6600,6600,6600,6600,0
2022-05-24 09:11:00,6600,6600,6600,6600,0
2022-05-24 09:12:00,6600,6600,6600,6600,0
2022-05-24 09:13:00,6600,6600,6600,6600,0
2022-05-24 09:14:00,6600,6600,6600,6600,0
2022-05-24 09:15:00,6600,6600,6600,6600,0
2022-05-24 09:16:00,6600,6600,6600,6600,0
2022-05-24 09:17:00,6600,6600,6600,6600,0
2022-05-24 09:18:00,6600,6600,6600,6600,0
2022-05-24 09:19:00,6600,6600,6600,6600,0
2022-05-24 09:20:00,6600,6600,6600,6600,0
2022-05-24 09:21:00,6600,6600,6600,6600,0
2022-05-24 09:22:00,6600,6600,6600,6600,0
2022-05-24 09:23:00,6600,6600,6600,6600,0
2022-05-24 09:24:00,6600,6600,6600,6600,0
2022-05-24 09:25:00,6600,6600,6600,6600,0
2022-05-24 09:26:00,6600,6600,6600,6600,0
2022-05-24 09:27:00,6600,6600,6600,6600,0
2022-05-24 09:28:00,6600,6600,6600,6600,0
2022-05-24 09:29:00,6600,6600,6600,6600,0
2022-05-24 09:30:00,6600,6600,6600,6600,0
2022-05-24 09:31:00,6600,6600,6600,6600,0
2022-05-24 09:32:00,6600,6600,6600,6600,0
2022-05-24 09:33:00,6600,6600,6600,6600,0
2022-05-24 09:34:00,6600,6600,6600,6600,0
2022-05-24 09:35:00,6600,6600,6600,6600,0
2022-05-24 09:36:00,6600,6600,6600,6600,0
2022-05-24 09:37:00,6600,6600,6600,6600,0
2022-05-24 09:38:00,6600,6600,6600,6600,0
2022-05-24 09:39:00,6600,6600,6600,6600,0
2022-05-24 09:40:00,6600,6600,6600,6600,0
2022-05-24 09:41:00,6600,6600,6600,6600,0
2022-05-24 09:42:00,6600,6600,6600,6600,0
2022-05-24 09:43:00,6600,6600,6600,6600,0
2022-05-24 09:44:00,6600,6600,6600,6600,0
2022-05-24 09:45:00,6600,6600,6600,6600,0
2022-05-24 09:46:00,6600,6600,6600,6600,0
2022-05-24 09:47:00,6600,6600,6600,6600,0
2022-05-24 09:48:00,6600,6600,6600,6600,0
2022-05-24 09:49:00,6600,6600,6600,6600,0
2022-05-24 09:50:00,6600,6600,6600,6600,0
2022-05-24 09:51:00,6600,6600,6600,6600,0
2022-05-24 09:52:00,6600,6600,6600,6600,0
2022-05-24 09:53:00,6600,6600,6600,6600,0
2022-05-24 09:54:00,6600,6600,6600,6600,0
2022-05-24 09:55:00,6600,6600,6600,6600,0
2022-05-24 09:56:00,6600,6600,6600,6600,0
2022-05-24 09:57:00,6600,6600,6600,6600,0
2022-05-24 09:58:00,6600,6600,6600,6600,0
2022-05-24 09:59:00,6600,6600,6600,6600,0
2022-05-24 10:00:00,6600,6600,6600,6600,0
2022-05-24 10:01:00,6600,6600,6600,6600,0
2022-05-24 10:02:00,6600,6600,6600,6600,0
2022-05-24 10:03:00,6600,6600,6600,6600,0
2022-05-24 10:04:00,6600,6600,6600,6600,0
2022-05-24 10:05:00,6600,6600,6600,6600,0
2022-05-24 10:06:00,6600,6600,6600,6600,0
2022-05-24 10:07:00,6600,6600,6600,6600,0
2022-05-24 10:08:00,6600,6600,6600,6600,0
2022-05-24 10:09:00,6600,6600,6600,6600,0
2022-05-24 10:10:00,6600,6600,6600,6600,0
2022-05-24 10:11:00,6600,6600,6600,6600,0
2022-05-24 10:12:00,6600,6600,6600,6600,0
2022-05-24 10:13:00,6600,6600,6600,6600,0
2022-05-24 10:14:00,6600,6600,6600,6600,0
2022-05-24 10:15:00,6600,6600,6600,6600,0
2022-05-24 10:16:00,6600,6600,6600,6600,0
2022-05-24 10:17:00,6600,6600,6600,6600,0
2022-05-24 10:18:00,6600,6600,6600,6600,0
2022-05-24 10:19:00,6600,6600,6600,6600,0
2022-05-24 10:20:00,6600,6600,6600,6600,0
2022-05-24 10:21:00,6600,6600,6600,6600,0
2022-05-24 10:22:00,6600,6600,6600,6600,0
2022-05-24 10:23:00,6600,6600,6600,6600,0
2022-05-24 10:24:00,6600,6600,6600,6600,0
2022-05-24 10:25:00,6600,6600,6600,6600,0
2022-05-24 10:26:00,6600,6600,6600,6600,0
2022-05-24 10:27:00,6600,6600,6600,6600,0
2022-05-24 10:28:00,6600,6600,6600,6600,0
2022-05-24 10:29:00,6600,6600,6600,6600,0
2022-05-24 10:30:00,6600,6600,6600,6600,0
2022-05-24 10:31:00,6600,6600,6600,6600,0
2022-05-24 10:32:00,6600,6600,6600,6600,0
2022-05-24 10:33:00,6600,6600,6600,6600,0
2022-05-24 10:34:00,6600,6600,6600,6600,0
2022-05-24 10:35:00,6600,6600,6600,6600,0
2022-05-24 10:36:00,6600,6600,6600,6600,0
2022-05-24 10:37:00,6600,6600,6600,6600,0
2022-05-24 10:38:00,6600,6600,6600,6600,0
2022-05-24 10:39:00,6600,6600,6600,6600,0
2022-05-24 10:40:00,6600,6600,6600,6600,0
2022-05-24 10:41:00,6600,6600,6600,6600,0
2022-05-24 10:42:00,6600,6600,6600,6600,0
2022-05-24 10:43:00,6600,6600,6600,6600,0
2022-05-24 10:44:00,6600,6600,6600,6600,0
2022-05-24 10:45:00,6600,6600,6600,6600,0
2022-05-24 10:46:00,6600,6600,6600,6600,0
2022-05-24 10:47:00,6600,6600,6600,6600,0
2022-05-24 10:48:00,6600,6600,6600,6600,0
2022-05-24 10:49:00,6600,6600,6600,6600,0
2022-05-24 10:50:00,6600,6600,6600,6600,0
2022-05-24 10:51:00,6600,6600,6600,6600,0
2022-05-24 10:52:00,6600,6600,6600,6600,0
2022-05-24 10:53:00,6600,6600,6600,6600,0
2022-05-24 10:54:00,6600,6600,6600,6600,0
2022-05-24 10:55:00,6600,6600,6600,6600,0
2022-05-24 10:56:00,6600,6600,6600,6600,0
2022-05-24 10:57:00,6600,6600,6600,6600,0
2022-05-24 10:58:00,6600,6600,6600,6600,0
2022-05-24 10:59:00,6600,6600,6600,6600,0
2022-05-24 11:00:00,6600,6600,6600,6600,0
2022-05-24 11:01:00,6600,6600,6600,6600,0
2022-05-24 11:02:00,6600,6600,6600,6600,0
2022-05-24 11:03:00,6600,6600,6600,6600,0
2022-05-24 11:04:00,6600,6600,6600,6600,0
2022-05-24 11:05:00,6600,6600,6600,6600,0
2022-05-24 11:06:00,6600,6600,6600,6600,0
2022-05-24 11:07:00,6600,6600,6600,6600,0
2022-05-24 11:08:00,6600,6600,6600,6600,0
2022-05-24 11:09:00,6600,6600,6600,6600,0
2022-05-24 11:10:00,6600,6600,6600,6600,0
2022-05-24 11:11:00,6600,6600,6600,6600,0
2022-05-24 11:12:00,6600,6600,6600,6600,0
2022-05-24 11:13:00,6600,6600,6600,6600,0
2022-05-24 11:14:00,6600,6600,6600,6600,0
2022-05-24 11:15:00,6600,6600,6600,6600,0
2022-05-24 11:16:00,6600,6600,6600,6600,0
2022-05-24 11:17:00,6600,6600,6600,6600,0
2022-05-24 11:18:00,6600,6600,6600,6600,0
2022-05-24 11:19:00,6600,6600,6600,6600,0
2022-05-24 11:20:00,6600,6600,6600,6600,0
2022-05-24 11:21:00,6600,6600,6600,6600,0
2022-05-24 11:22:00,6600,6600,6600,6600,0
2022-05-24 11:23:00,6600,6600,6600,6600,0
2022-05-24 11:24:00,6600,6600,6600,6600,0
2022-05-24 11:25:00,6600,6600,6600,6600,0
2022-05-24 11:26:00,6600,6600,6600,6600,0
2022-05-24 11:27:00,6600,6600,6600,6600,0
2022-05-24 11:28:00,6600,6600,6600,6600,0
2022-05-24 11:29:00,6600,6600,6600,6600,0
2022-05-24 11:30:00,6600,6600,6600,6600,0
2022-05-24 11:31:00,6600,6600,6600,6600,0
2022-05-24 11:32:00,6600,6600,6600,6600,0
2022-05-24 11:33:00,6600,6600,6600,6600,0
2022-05-24 11:34:00,6600,6600,6600,6600,0
2022-05-24 11:35:00,6600,6600,6600,6600,0
2022-05-24 11:36:00,6600,6600,6600,6600,0
2022-05-24 11:37:00,6600,6600,6600,6600,0
2022-05-24 11:38:00,6600,6600,6600,6600,0
2022-05-24 11:39:00,6600,6600,6600,6600,0
2022-05-24 11:40:00,6600,6600,6600,6600,0
2022-05-24 11:41:00,6600,6600,6600,6600,0
2022-05-24 11:42:00,6600,6600,6600,6600,0
2022-05-24 11:43:00,6600,6600,6600,6600,0
2022-05-24 11:44:00,6600,6600,6600,6600,0
2022-05-24 11:45:00,6600,6600,6600,6600,0
2022-05-24 11:46:00,6600,6600,6600,6600,0
2022-05-24 11:47:00,6600,6600,6600,6600,0
2022-05-24 11:48:00,6600,6600,6600,6600,0
2022-05-24 11:49:00,6600,6600,6600,6600,0
2022-05-24 11:50:00,6600,6600,6600,6600,0
2022-05-24 11:51:00,6600,6600,6600,6600,0
2022-05-24 11:52:00,6600,6600,6600,6600,0
2022-05-24 11:53:00,6600,6600,6600,6600,0
2022-05-24 11:54:00,6600,6600,6600,6600,0
2022-05-24 11:55:00,6600,6600,6600,6600,0
2022-05-24 11:56:00,6600,6600,6600,6600,0
2022-05-24 11:57:00,6600,6600,6600,6600,0
2022-05-24 11:58:00,6600,6600,6600,6600,0
2022-05-24 11:59:00,6600,6600,6600,6600,0
2022-05-24 12:00:00,6600,6600,6600,6600,0
2022-05-24 12:01:00,6600,6600,6600,6600,0
2022-05-24 12:02:00,6600,6600,6600,6600,0
2022-05-24 12:03:00,6600,6600,6600,6600,0
2022-05-24 12:04:00,6600,6600,6600,6600,0
2022-05-24 12:05:00,6600,6600,6600,6600,0
2022-05-24 12:06:00,6600,6600,6600,6600,0
2022-05-24 12:07:00,6600,6600,6600,6600,0
2022-05-24 12:08:00,6600,6600,6600,6600,0
2022-05-24 12:09:00,6600,6600,6600,6600,0
2022-05-24 12:10:00,6600,6600,6600,6600,0
2022-05-24 12:11:00,6600,6600,6600,6600,0
2022-05-24 12:12:00,6600,6600,6600,6600,0
2022-05-24 12:13:00,6600,6600,6600,6600,0
2022-05-24 12:14:00,6600,6600,6600,6600,0
2022-05-24 12:15:00,6600,6600,6600,6600,0
2022-05-24 12:16:00,6600,6600,6600,6600,0
2022-05-24 12:17:00,6600,6600,6600,6600,0
2022-05-24 12:18:00,6600,6600,6600,6600,0
2022-05-24 12:19:00,6600,6600,6600,6600,0
2022-05-24 12:20:00,6600,6600,6600,6600,0
2022-05-24 12:21:00,6600,6600,6600,6600,0
2022-05-24 12:22:00,6600,6600,6600,6600,0
2022-05-24 12:23:00,6600,6600,6600,6600,0
2022-05-24 12:24:00,6600,6600,6600,6600,0
2022-05-24 12:25:00,6600,6600,6600,6600,0
2022-05-24 12:26:00,6600,6600,6600,6600,0
2022-05-24 12:27:00,6600,6600,6600,6600,0
2022-05-24 12:28:00,6600,6600,6600,6600,0
2022-05-24 12:29:00,6600,6600,6600,6600,0
2022-05-24 12:30:00,6600,6600,6600,6600,0
2022-05-24 12:31:00,6600,6600,6600,6600,0
2022-05-24 12:32:00,6600,6600,6600,6600,0
2022-05-24 12:33:00,6600,6600,6600,6600,0
2022-05-24 12:34:00,6600,6600,6600,6600,0
2022-05-24 12:35:00,6600,6600,6600,6600,0
2022-05-24 12:36:00,6600,6600,6600,6600,0
2022-05-24 12:37:00,6600,6600,6600,6600,0
2022-05-24 12:38:00,6600,6600,6600,6600,0
2022-05-24 12:39:00,6600,6600,6600,6600,0
2022-05-24 12:40:00,6600,6600,6600,6600,0
2022-05-24 12:41:00,6600,6600,6600,6600,0
2022-05-24 12:42:00,6600,6600,6600,6600,0
2022-05-24 12:43:00,6600,6600,6600,6600,0
2022-05-24 12:44:00,6600,6600,6600,6600,0
2022-05-24 12:45:00,6600,6600,6600,6600,0
2022-05-24 12:46:00,6600,6600,6600,6600,0
2022-05-24 12:47:00,6600,6600,6600,6600,0
2022-05-24 12:48:00,6600,6600,6600,6600,0
2022-05-24 12:49:00,6600,6600,6600,6600,0
2022-05-24 12:50:00,6600,6600,6600,6600,0
2022-05-24 12:51:00,6600,6600,6600,6600,0
2022-05-24 12:52:00,6600,6600,6600,6600,0
2022-05-24 12:53:00,6600,6600,6600,6600,0
2022-05-24 12:54:00,6600,6600,6600,6600,0
2022-05-24 12:55:00,6600,6600,6600,6600,0
2022-05-24 12:56:00,6600,6600,6600,6600,0
2022-05-24 12:57:00,6600,6600,6600,6600,0
2022-05-24 12:58:00,6600,6600,6600,6600,0
2022-05-24 12:59:00,6600,6600,6600,6600,0
2022-05-24 13:00:00,6600,6600,6600,6600,0
2022-05-24 13:01:00,6600,6600,6600,6600,0
2022-05-24 13:02:00,6600,6600,6600,6600,0
2022-05-24 13:03:00,6600,6600,6600,6600,0
2022-05-24 13:04:00,6600,6600,6600,6600,0
2022-05-24 13:05:00,6600,6600,6600,6600,0
2022-05-24 13:06:00,6600,6600,6600,6600,0
2022-05-24 13:07:00,6600,6600,6600,6600,0
2022-05-24 13:08:00,6600,6600,6600,6600,0
2022-05-24 13:09:00,6600,6600,6600,6600,0
2022-05-24 13:10:00,6600,6600,6600,6600,0
2022-05-24 13:11:00,6600,6600,6600,6600,0
2022-05-24 13:12:00,6600,6600,6600,6600,0
2022-05-24 13:13:00,6600,6600,6600,6600,0
2022-05-24 13:14:00,6600,6600,6600,6600,0
2022-05-24 13:15:00,6600,6600,6600,6600,0
2022-05-24 13:16:00,6600,6600,6600,6600,0
2022-05-24 13:17:00,6600,6600,6600,6600,0
2022-05-24 13:18:00,6600,6600,6600,6600,0
2022-05-24 13:19:00,6600,6600,6600,6600,0
2022-05-24 13:20:00,6600,6600,6600,6600,0
2022-05-24 13:21:00,6600,6600,6600,6600,0
2022-05-24 13:22:00,6600,6600,6600,6600,0
2022-05-24 13:23:00,6600,6600,6600,6600,0
2022-05-24 13:24:00,6600,6600,6600,6600,0
2022-05-24 13:25:00,6600,6600,6600,6600,0
2022-05-24 13:26:00,6600,6600,6600,6600,0
2022-05-24 13:27:00,6600,6600,6600,6600,0
2022-05-24 13:28:00,6600,6600,6600,6600,0
2022-05-24 13:29:00,6600,6600,6600,6600,0
2022-05-24 13:30:00,6600,6600,6600,6600,0
2022-05-24 13:31:00,6600,6600,6600,6600,0
2022-05-24 13:32:00,6600,6600,6600,6600,0
2022-05-24 13:33:00,6600,6600,6600,6600,0
2022-05-24 13:34:00,6600,6600,6600,6600,0
2022-05-24 13:35:00,6600,6600,6600,6600,0
2022-05-24 13:36:00,6600,6600,6600,6600,0
2022-05-24 13:37:00,6600,6600,6600,6600,0
2022-05-24 13:38:00,6600,6600,6600,6600,0
2022-05-24 13:39:00,6600,6600,6600,6600,0
2022-05-24 13:40:00,6600,6600,6600,6600,0
2022-05-24 13:41:00,6600,6600,6600,6600,0
2022-05-24 13:42:00,6600,6600,6600,6600,0
2022-05-24 13:43:00,6600,6600,6600,6600,0
2022-05-24 13:44:00,6600,6600,6600,6600,0
2022-05-24 13:45:00,6600,6600,6600,6600,0
2022-05-24 13:46:00,6600,6600,6600,6600,0
2022-05-24 13:47:00,6600,6600,6600,6600,0
2022-05-24 13:48:00,6600,6600,6600,6600,0
2022-05-24 13:49:00,6600,6600,6600,6600,0
2022-05-24 13:50:00,6600,6600,6600,6600,0
2022-05-24 13:51:00,6600,6600,6600,6600,0
2022-05-24 13:52:00,6600,6600,6600,6600,0
2022-05-24 13:53:00,6600,6600,6600,6600,0
2022-05-24 13:54:00,6600,6600,6600,6600,0
2022-05-24 13:55:00,6600,6600,6600,6600,0
2022-05-24 13:56:00,6600,6600,6600,6600,0
2022-05-24 13:57:00,6600,6600,6600,6600,0
2022-05-24 13:58:00,6600,6600,6600,6600,0
2022-05-24 13:59:00,6600,6600,6600,6600,0
2022-05-24 14:00:00,6600,6600,6600,6600,0
2022-05-24 14:01:00,6600,6600,6600,6600,0
2022-05-24 14:02:00,6600,6600,6600,6600,0
2022-05-24 14:03:00,6600,6600,6600,6600,0
2022-05-24 14:04:00,6600,6600,6600,6600,0
2022-05-24 14:05:00,6600,6600,6600,6600,0
2022-05-24 14:06:00,6600,6600,6600,6600,0
2022-05-24 14:07:00,6600,6600,6600,6600,0
2022-05-24 14:08:00,6600,6600,6600,6600,0
2022-05-24 14:09:00,6600,6600,6600,6600,0
2022-05-24 14:10:00,6600,6600,6600,6600,0
2022-05-24 14:11:00,6600,6600,6600,6600,0
2022-05-24 14:12:00,6600,6600,6600,6600,0
2022-05-24 14:13:00,6600,6600,6600,6600,0
2022-05-24 14:14:00,6600,6600,6600,6600,0
2022-05-24 14:15:00,6600,6600,6600,6600,0
2022-05-24 14:16:00,6600,6600,6600,6600,0
2022-05-24 14:17:00,6600,6600,6600,6600,0
2022-05-24 14:18:00,6600,6600,6600,6600,0
2022-05-24 14:19:00,6600,6600,6600,6600,0
2022-05-24 14:20:00,6600,6600,6600,6600,0
2022-05-24 14:21:00,6600,6600,6600,6600,0
2022-05-24 14:22:00,6600,6600,6600,6600,0
2022-05-24 14:23:00,6600,6600,6600,6600,0
2022-05-24 14:24:00,6600,6600,6600,6600,0
2022-05-24 14:25:00,6600,6600,6600,6600,0
2022-05-24 14:26:00,6600,6600,6600,6600,0
2022-05-24 14:27:00,6600,6600,6600,6600,0
2022-05-24 14:28:00,6600,6600,6600,6600,0
2022-05-24 14:29:00,6600,6600,6600,6600,0
2022-05-24 14:30:00,6600,6600,6600,6600,0
2022-05-24 14:31:00,6600,6600,6600,6600,0
2022-05-24 14:32:00,6600,6600,6600,6600,0
2022-05-24 14:33:00,6600,6600,6600,6600,0
2022-05-24 14:34:00,6600,6600,6600,6600,0
2022-05-24 14:35:00,6600,6600,6600,6600,0
2022-05-24 14:36:00,6600,6600,6600,6600,0
2022-05-24 14:37:00,6600,6600,6600,6600,0
2022-05-24 14:38:00,6600,6600,6600,6600,0
2022-05-24 14:39:00,6600,6600,6600,6600,0
2022-05-24 14:40:00,6600,6600,6600,6600,0
2022-05-24 14:41:00,6600,6600,6600,6600,0
2022-05-24 14:42:00,6600,6600,6600,6600,0
2022-05-24 14:43:00,6600,6600,6600,6600,0
2022-05-24 14:44:00,6600,6600,6600,6600,0
2022-05-24 14:45:00,6600,6600,6600,6600,0
2022-05-24 14:46:00,6600,6600,6600,6600,0
2022-05-24 14:47:00,6600,6600,6600,6600,0
2022-05-24 14:48:00,6600,6600,6600,6600,0
2022-05-24 14:49:00,6600,6600,6600,6600,0
2022-05-24 14:50:00,6600,6600,6600,6600,0
2022-05-24 14:51:00,6600,6600,6600,6600,0
2022-05-24 14:52:00,6600,6600,6600,6600,0
2022-05-24 14:53:00,6600,6600,6600,6600,0
2022-05-24 14:54:00,6600,6600,6600,6600,0
2022-05-24 14:55:00,6600,6600,6600,6600,0
2022-05-24 14:56:00,6600,6600,6600,6600,0
2022-05-24 14:57:00,6600,6600,6600,6600,0
2022-05-24 14:58:00,6600,6600,6600,6600,0
2022-05-24 14:59:00,6600,6600,6600,6600,0
2022-05-24 15:00:00,6600,6600,6600,6600,0
2022-05-24 15:01:00,6600,6600,6600,6600,0
2022-05-24 15:02:00,6600,6600,6600,6600,0
2022-05-24 15:03:00,6600,6600,6600,6600,0
2022-05-24 15:04:00,6600,6600,6600,6600,0
2022-05-24 15:05:00,6600,6600,6600,6600,0
2022-05-24 15:06:00,6600,6600,6600,6600,0
2022-05-24 15:07:00,6600,6600,6600,6600,0
2022-05-24 15:08:00,6600,6600,6600,6600,0
2022-05-24 15:09:00,6600,6600,6600,6600,0
2022-05-24 15:10:00,6600,6600,6600,6600,0
2022-05-24 15:11:00,6600,6600,6600,6600,0
2022-05-24 15:12:00,6600,6600,6600,6600,0
2022-05-24 15:13:00,6600,6600,6600,6600,0
2022-05-24 15:14:00,6600,6600,6600,6600,0
2022-05-24 15:15:00,6600,6600,6600,6600,0
2022-05-24 15:16:00,6600,6600,6600,6600,0
2022-05-24 15:17:00,6600,6600,6600,6600,0
2022-05-24 15:18:00,6600,6600,6600,6600,0
2022-05-24 15:19:00,6600,6600,6600,6600,0
2022-05-24 15:20:00,6600,6600,6600,6600,0
2022-05-24 15:21:00,6600,6600,6600,6600,0
2022-05-24 15:22:00,6600,6600,6600,6600,0
2022-05-24 15:23:00,6600,6600,6600,6600,0
2022-05-24 15:24:00,6600,6600,6600,6600,0
2022-05-24 15:25:00,6600,6600,6600,6600,0
2022-05-24 15:26:00,6600,6600,6600,6600,0
2022-05-24 15:27:00,6600,6600,6600,6600,0
2022-05-24 15:28:00,6600,6600,6600,6600,0
2022-05-24 15:29:00,6600,6600,6600,6600,0
2022-05-24 15:30:00,6600,6600,6600,6600,0
2022-05-24 15:31:00,6600,6600,6600,6600,0
2022-05-24 15:32:00,6600,6600,6600,6600,0
2022-05-24 15:33:00,6600,6600,6600,6600,0
2022-05-24 15:34:00,6600,6600,6600,6600,0
2022-05-24 15:35:00,6600,6600,6600,6600,0
2022-05-24 15:36:00,6600,6600,6600,6600,0
2022-05-24 15:37:00,6600,6600,6600,6600,0
2022-05-24 15:38:00,6600,6600,6600,6600,0
2022-05-24 15:39:00,6600,6600,6600,6600,0
2022-05-24 15:40:00,6600,6600,6600,6600,0
2022-05-24 15:41:00,6600,6600,6600,6600,0
2022-05-24 15:42:00,6600,6600,6600,6600,0
2022-05-24 15:43:00,6600,6600,6600,6600,0
2022-05-24 15:44:00,6600,6600,6600,6600,0
2022-05-24 15:45:00,6600,6600,6600,6600,0
2022-05-24 15:46:00,6600,6600,6600,6600,0
2022-05-24 15:47:00,6600,6600,6600,6600,0
2022-05-24 15:48:00,6600,6600,6600,6600,0
2022-05-24 15:49:00,6600,6600,6600,6600,0
2022-05-24 15:50:00,6600,6600,6600,6600,0
2022-05-24 15:51:00,6600,6600,6600,6600,0
2022-05-24 15:52:00,6600,6600,6600,6600,0
2022-05-24 15:53:00,6600,6600,6600,6600,0
2022-05-24 15:54:00,6600,6600,6600,6600,0
2022-05-24 15:55:00,6600,6600,6600,6600,0
2022-05-24 15:56:00,6600,6600,6600,6600,0
2022-05-24 15:57:00,6600,6600,6600,6600,0
2022-05-24 15:58:00,6600,6600,6600,6600,0
2022-05-24 15:59:00,6600,6600,6600,6600,0
2022-05-25 09:00:00,6600,6600,6600,6600,0
2022-05-25 09:01:00,6600,6600,6600,6600,0
2022-05-25 09:02:00,6600,6600,6600,6600,0
2022-05-25 09:03:00,6600,6600,6600,6600,0
2022-05-25 09:04:00,6600,6600,6600,6600,0
2022-05-25 09:05:00,6600,6600,6600,6600,0
2022-05-25 09:06:00,6600,6600,6600,6600,0
2022-05-25 09:07:00,6600,6600,6600,6600,0
2022-05-25 09:08:00,6600,6600,6600,6600,0
2022-05-25 09:09:00,6600,6600,6600,6600,0
2022-05-25 09:10:00,6600,6600,6600,6600,0
2022-05-25 09:11:00,6600,6600,6600,6600,0
2022-05-25 09:12:00,6600,6600,6600,6600,0
2022-05-25 09:13:00,6600,6600,6600,6600,0
2022-05-25 09:14:00,6600,6600,6600,6600,0
2022-05-25 09:15:00,6600,6600,6600,6600,0
2022-05-25 09:16:00,6600,6600,6600,6600,0
2022-05-25 09:17:00,6600,6600,6600,6600,0
2022-05-25 09:18:00,6600,6600,6600,6600,0
2022-05-25 09:19:00,6600,6600,6600,6600,0
2022-05-25 09:20:00,6600,6600,6600,6600,0
2022-05-25 09:21:00,6600,6600,6600,6600,0
2022-05-25 09:22:00,6600,6600,6600,6600,0
2022-05-25 09:23:00,6600,6600,6600,6600,0
2022-05-25 09:24:00,6600,6600,6600,6600,0
2022-05-25 09:25:00,6600,6600,6600,6600,0
2022-05-25 09:26:00,6600,6600,6600,6600,0
2022-05-25 09:27:00,6600,6600,6600,6600,0
2022-05-25 09:28:00,6600,6600,6600,6600,0
2022-05-25 09:29:00,6600,6600,6600,6600,0
2022-05-25 09:30:00,6600,6600,6600,6600,0
2022-05-25 09:31:00,6600,6600,6600,6600,0
2022-05-25 09:32:00,6600,6600,6600,6600,0
2022-05-25 09:33:00,6600,6600,6600,6600,0
2022-05-25 09:34:00,6600,6600,6600,6600,0
2022-05-25 09:35:00,6600,6600,6600,6600,0
2022-05-25 09:36:00,6600,6600,6600,6600,0
2022-05-25 09:37:00,6600,6600,6600,6600,0
2022-05-25 09:38:00,6600,6600,6600,6600,0
2022-05-25 09:39:00,6600,6600,6600,6600,0
2022-05-25 09:40:00,6600,6600,6600,6600,0
2022-05-25 09:41:00,6600,6600,6600,6600,0
2022-05-25 09:42:00,6600,6600,6600,6600,0
2022-05-25 09:43:00,6600,6600,6600,6600,0
2022-05-25 09:44:00,6600,6600,6600,6600,0
2022-05-25 09:45:00,6600,6600,6600,6600,0
2022-05-25 09:46:00,6600,6600,6600,6600,0
2022-05-25 09:47:00,6600,6600,6600,6600,0
2022-05-25 09:48:00,6600,6600,6600,6600,0
2022-05-25 09:49:00,6600,6600,6600,6600,0
2022-05-25 09:50:00,6600,6600,6600,6600,0
2022-05-25 09:51:00,6600,6600,6600,6600,0
2022-05-25 09:52:00,6600,6600,6600,6600,0
2022-05-25 09:53:00,6600,6600,6600,6600,0
2022-05-25 09:54:00,6600,6600,6600,6600,0
2022-05-25 09:55:00,6600,6600,6600,6600,0
2022-05-25 09:56:00,6600,6600,6600,6600,0
2022-05-25 09:57:00,6600,6600,6600,6600,0
2022-05-25 09:58:00,6600,6600,6600,6600,0
2022-05-25 09:59:00,6600,6600,6600,6600,0
2022-05-25 10:00:00,6600,6600,6600,6600,0
2022-05-25 10:01:00,6600,6600,6600,6600,0
2022-05-25 10:02:00,6600,6600,6600,6600,0
2022-05-25 10:03:00,6600,6600,6600,6600,0
2022-05-25 10:04:00,6600,6600,6600,6600,0
2022-05-25 10:05:00,6600,6600,6600,6600,0
2022-05-25 10:06:00,6600,6600,6600,6600,0
2022-05-25 10:07:00,6600,6600,6600,6600,0
2022-05-25 10:08:00,6600,6600,6600,6600,0
2022-05-25 10:09:00,6600,6600,6600,6600,0
2022-05-25 10:10:00,6600,6600,6600,6600,0
2022-05-25 10:11:00,6600,6600,6600,6600,0
2022-05-25 10:12:00,6600,6600,6600,6600,0
2022-05-25 10:13:00,6600,6600,6600,6600,0
2022-05-25 10:14:00,6600,6600,6600,6600,0
2022-05-25 10:15:00,6600,6600,6600,6600,0
2022-05-25 10:16:00,6600,6600,6600,6600,0
2022-05-25 10:17:00,6600,6600,6600,6600,0
2022-05-25 10:18:00,6600,6600,6600,6600,0
2022-05-25 10:19:00,6600,6600,6600,6600,0
2022-05-25 10:20:00,6600,6600,6600,6600,0
2022-05-25 10:21:00,6600,6600,6600,6600,0
2022-05-25 10:22:00,6600,6600,6600,6600,0
2022-05-25 10:23:00,6600,6600,6600,6600,0
2022-05-25 10:24:00,6600,6600,6600,6600,0
2022-05-25 10:25:00,6600,6600,6600,6600,0
2022-05-25 10:26:00,6600,6600,6600,6600,0
2022-05-25 10:27:00,6600,6600,6600,6600,0
2022-05-25 10:28:00,6600,6600,6600,6600,0
2022-05-25 10:29:00,6600,6600,6600,6600,0
2022-05-25 10:30:00,6600,6600,6600,6600,0
2022-05-25 10:31:00,6600,6600,6600,6600,0
2022-05-25 10:32:00,6600,6600,6600,6600,0
2022-05-25 10:33:00,6600,6600,6600,6600,0
2022-05-25 10:34:00,6600,6600,6600,6600,0
2022-05-25 10:35:00,6600,6600,6600,6600,0
2022-05-25 10:36:00,6600,6600,6600,6600,0
2022-05-25 10:37:00,6600,6600,6600,6600,0
2022-05-25 10:38:00,6600,6600,6600,6600,0
2022-05-25 10:39:00,6600,6600,6600,6600,0
2022-05-25 10:40:00,6600,6600,6600,6600,0
2022-05-25 10:41:00,6600,6600,6600,6600,0
2022-05-25 10:42:00,6600,6600,6600,6600,0
2022-05-25 10:43:00,6600,6600,6600,6600,0
2022-05-25 10:44:00,6600,6600,6600,6600,0
2022-05-25 10:45:00,6600,6600,6600,6600,0
2022-05-25 10:46:00,6600,6600,6600,6600,0
2022-05-25 10:47:00,6600,6600,6600,6600,0
2022-05-25 10:48:00,6600,6600,6600,6600,0
2022-05-25 10:49:00,6600,6600,6600,6600,0
2022-05-25 10:50:00,6600,6600,6600,6600,0
2022-05-25 10:51:00,6600,6600,6600,6600,0
2022-05-25 10:52:00,6600,6600,6600,6600,0
2022-05-25 10:53:00,6600,6600,6600,6600,0
2022-05-25 10:54:00,6600,6600,6600,6600,0
2022-05-25 10:55:00,6600,6600,6600,6600,0
2022-05-25 10:56:00,6600,6600,6600,6600,0
2022-05-25 10:57:00,6600,6600,6600,6600,0
2022-05-25 10:58:00,6600,6600,6600,6600,0
2022-05-25 10:59:00,6600,6600,6600,6600,0
2022-05-25 11:00:00,6600,6600,6600,6600,0
2022-05-25 11:01:00,6600,6600,6600,6600,0
2022-05-25 11:02:00,6600,6600,6600,6600,0
2022-05-25 11:03:00,6600,6600,6600,6600,0
2022-05-25 11:04:00,6600,6600,6600,6600,0
2022-05-25 11:05:00,6600,6600,6600,6600,0
2022-05-25 11:06:00,6600,6600,6600,6600,0
2022-05-25 11:07:00,6600,6600,6600,6600,0
2022-05-25 11:08:00,6600,6600,6600,6600,0
2022-05-25 11:09:00,6600,6600,6600,6600,0
2022-05-25 11:10:00,6600,6600,6600,6600,0
2022-05-25 11:11:00,6600,6600,6600,6600,0
2022-05-25 11:12:00,6600,6600,6600,6600,0
2022-05-25 11:13:00,6600,6600,6600,6600,0
2022-05-25 11:14:00,6600,6600,6600,6600,0
2022-05-25 11:15:00,6600,6600,6600,6600,0
2022-05-25 11:16:00,6600,6600,6600,6600,0
2022-05-25 11:17:00,6600,6600,6600,6600,0
2022-05-25 11:18:00,6600,6600,6600,6600,0
2022-05-25 11:19:00,6600,6600,6600,6600,0
2022-05-25 11:20:00,6600,6600,6600,6600,0
2022-05-25 11:21:00,6600,6600,6600,6600,0
2022-05-25 11:22:00,6600,6600,6600,6600,0
2022-05-25 11:23:00,6600,6600,6600,6600,0
2022-05-25 11:24:00,6600,6600,6600,6600,0
2022-05-25 11:25:00,6600,6600,6600,6600,0
2022-05-25 11:26:00,6600,6600,6600,6600,0
2022-05-25 11:27:00,6600,6600,6600,6600,0
2022-05-25 11:28:00,6600,6600,6600,6600,0
2022-05-25 11:29:00,6600,6600,6600,6600,0
2022-05-25 11:30:00,6600,6600,6600,6600,0
2022-05-25 11:31:00,6600,6600,6600,6600,0
2022-05-25 11:32:00,6600,6600,6600,6600,0
2022-05-25 11:33:00,6600,6600,6600,6600,0
2022-05-25 11:34:00,6600,6600,6600,6600,0
2022-05-25 11:35:00,6600,6600,6600,6600,0
2022-05-25 11:36:00,6600,6600,6600,6600,0
2022-05-25 11:37:00,6600,6600,6600,6600,0
2022-05-25 11:38:00,6600,6600,6600,6600,0
2022-05-25 11:39:00,6600,6600,6600,6600,0
2022-05-25 11:40:00,6600,6600,6600,6600,0
2022-05-25 11:41:00,6600,6600,6600,6600,0
2022-05-25 11:42:00,6600,6600,6600,6600,0
2022-05-25 11:43:00,6600,6600,6600,6600,0
2022-05-25 11:44:00,6600,6600,6600,6600,0
2022-05-25 11:45:00,6600,6600,6600,6600,0
2022-05-25 11:46:00,6600,6600,6600,6600,0
2022-05-25 11:47:00,6600,6600,6600,6600,0
2022-05-25 11:48:00,6600,6600,6600,6600,0
2022-05-25 11:49:00,6600,6600,6600,6600,0
2022-05-25 11:50:00,6600,6600,6600,6600,0
2022-05-25 11:51:00,6600,6600,6600,6600,0
2022-05-25 11:52:00,6600,6600,6600,6600,0
2022-05-25 11:53:00,6600,6600,6600,6600,0
2022-05-25 11:54:00,6600,6600,6600,6600,0
2022-05-25 11:55:00,6600,6600,6600,6600,0
2022-05-25 11:56:00,6600,6600,6600,6600,0
2022-05-25 11:57:00,6600,6600,6600,6600,0
2022-05-25 11:58:00,6600,6600,6600,6600,0
2022-05-25 11:59:00,6600,6600,6600,6600,0
2022-05-25 12:00:00,6600,6600,6600,6600,0
2022-05-25 12:01:00,6600,6600,6600,6600,0
2022-05-25 12:02:00,6600,6600,6600,6600,0
2022-05-25 12:03:00,6600,6600,6600,6600,0
2022-05-25 12:04:00,6600,6600,6600,6600,0
2022-05-25 12:05:00,6600,6600,6600,6600,0
2022-05-25 12:06:00,6600,6600,6600,6600,0
2022-05-25 12:07:00,6600,6600,6600,6600,0
2022-05-25 12:08:00,6600,6600,6600,6600,0
2022-05-25 12:09:00,6600,6600,6600,6600,0
2022-05-25 12:10:00,6600,6600,6600,6600,0
2022-05-25 12:11:00,6600,6600,6600,6600,0
2022-05-25 12:12:00,6600,6600,6600,6600,0
2022-05-25 12:13:00,6600,6600,6600,6600,0
2022-05-25 12:14:00,6600,6600,6600,6600,0
2022-05-25 12:15:00,6600,6600,6600,6600,0
2022-05-25 12:16:00,6600,6600,6600,6600,0
2022-05-25 12:17:00,6600,6600,6600,6600,0
2022-05-25 12:18:00,6600,6600,6600,6600,0
2022-05-25 12:19:00,6600,6600,6600,6600,0
2022-05-25 12:20:00,6600,6600,6600,6600,0
2022-05-25 12:21:00,6600,6600,6600,6600,0
2022-05-25 12:22:00,6600,6600,6600,6600,0
2022-05-25 12:23:00,6600,6600,6600,6600,0
2022-05-25 12:24:00,6600,6600,6600,6600,0
2022-05-25 12:25:00,6600,6600,6600,6600,0
2022-05-25 12:26:00,6600,6600,6600,6600,0
2022-05-25 12:27:00,6600,6600,6600,6600,0
2022-05-25 12:28:00,6600,6600,6600,6600,0
2022-05-25 12:29:00,6600,6600,6600,6600,0
2022-05-25 12:30:00,6600,6600,6600,6600,0
2022-05-25 12:31:00,6600,6600,6600,6600,0
2022-05-25 12:32:00,6600,6600,6600,6600,0
2022-05-25 12:33:00,6600,6600,6600,6600,0
2022-05-25 12:34:00,6600,6600,6600,6600,0
2022-05-25 12:35:00,6600,6600,6600,6600,0
2022-05-25 12:36:00,6600,6600,6600,6600,0
2022-05-25 12:37:00,6600,6600,6600,6600,0
2022-05-25 12:38:00,6600,6600,6600,6600,0
2022-05-25 12:39:00,6600,6600,6600,6600,0
2022-05-25 12:40:00,6600,6600,6600,6600,0
2022-05-25 12:41:00,6600,6600,6600,6600,0
2022-05-25 12:42:00,6600,6600,6600,6600,0
2022-05-25 12:43:00,6600,6600,6600,6600,0
2022-05-25 12:44:00,6600,6600,6600,6600,0
2022-05-25 12:45:00,6600,6600,6600,6600,0
2022-05-25 12:46:00,6600,6600,6600,6600,0
2022-05-25 12:47:00,6600,6600,6600,6600,0
2022-05-25 12:48:00,6600,6600,6600,6600,0
2022-05-25 12:49:00,6600,6600,6600,6600,0
2022-05-25 12:50:00,6600,6600,6600,6600,0
2022-05-25 12:51:00,6600,6600,6600,6600,0
2022-05-25 12:52:00,6600,6600,6600,6600,0
2022-05-25 12:53:00,6600,6600,6600,6600,0
2022-05-25 12:54:00,6600,6600,6600,6600,0
2022-05-25 12:55:00,6600,6600,6600,6600,0
2022-05-25 12:56:00,6600,6600,6600,6600,0
2022-05-25 12:57:00,6600,6600,6600,6600,0
2022-05-25 12:58:00,6600,6600,6600,6600,0
2022-05-25 12:59:00,6600,6600,6600,6600,0
2022-05-25 13:00:00,6600,6600,6600,6600,0
2022-05-25 13:01:00,6600,6600,6600,6600,0
2022-05-25 13:02:00,6600,6600,6600,6600,0
2022-05-25 13:03:00,6600,6600,6600,6600,0
2022-05-25 13:04:00,6600,6600,6600,6600,0
2022-05-25 13:05:00,6600,6600,6600,6600,0
2022-05-25 13:06:00,6600,6600,6600,6600,0
2022-05-25 13:07:00,6600,6600,6600,6600,0
2022-05-25 13:08:00,6600,6600,6600,6600,0
2022-05-25 13:09:00,6600,6600,6600,6600,0
2022-05-25 13:10:00,6600,6600,6600,6600,0
2022-05-25 13:11:00,6600,6600,6600,6600,0
2022-05-25 13:12:00,6600,6600,6600,6600,0
2022-05-25 13:13:00,6600,6600,6600,6600,0
2022-05-25 13:14:00,6600,6600,6600,6600,0
2022-05-25 13:15:00,6600,6600,6600,6600,0
2022-05-25 13:16:00,6600,6600,6600,6600,0
2022-05-25 13:17:00,6600,6600,6600,6600,0
2022-05-25 13:18:00,6600,6600,6600,6600,0
2022-05-25 13:19:00,6600,6600,6600,6600,0
2022-05-25 13:20:00,6600,6600,6600,6600,0
2022-05-25 13:21:00,6600,6600,6600,6600,0
2022-05-25 13:22:00,6600,6600,6600,6600,0
2022-05-25 13:23:00,6600,6600,6600,6600,0
2022-05-25 13:24:00,6600,6600,6600,6600,0
2022-05-25 13:25:00,6600,6600,6600,6600,0
2022-05-25 13:26:00,6600,6600,6600,6600,0
2022-05-25 13:27:00,6600,6600,6600,6600,0
2022-05-25 13:28:00,6600,6600,6600,6600,0
2022-05-25 13:29:00,6600,6600,6600,6600,0
2022-05-25 13:30:00,6600,6600,6600,6600,0
2022-05-25 13:31:00,6600,6600,6600,6600,0
2022-05-25 13:32:00,6600,6600,6600,6600,0
2022-05-25 13:33:00,6600,6600,6600,6600,0
2022-05-25 13:34:00,6600,6600,6600,6600,0
2022-05-25 13:35:00,6600,6600,6600,6600,0
2022-05-25 13:36:00,6600,6600,6600,6600,0
2022-05-25 13:37:00,6600,6600,6600,6600,0
2022-05-25 13:38:00,6600,6600,6600,6600,0
2022-05-25 13:39:00,6600,6600,6600,6600,0
2022-05-25 13:40:00,6600,6600,6600,6600,0
2022-05-25 13:41:00,6600,6600,6600,6600,0
2022-05-25 13:42:00,6600,6600,6600,6600,0
2022-05-25 13:43:00,6600,6600,6600,6600,0
2022-05-25 13:44:00,6600,6600,6600,6600,0
2022-05-25 13:45:00,6600,6600,6600,6600,0
2022-05-25 13:46:00,6600,6600,6600,6600,0
2022-05-25 13:47:00,6600,6600,6600,6600,0
2022-05-25 13:48:00,6600,6600,6600,6600,0
2022-05-25 13:49:00,6600,6600,6600,6600,0
2022-05-25 13:50:00,6600,6600,6600,6600,0
2022-05-25 13:51:00,6600,6600,6600,6600,0
2022-05-25 13:52:00,6600,6600,6600,6600,0
2022-05-25 13:53:00,6600,6600,6600,6600,0
2022-05-25 13:54:00,6600,6600,6600,6600,0
2022-05-25 13:55:00,6600,6600,6600,6600,0
2022-05-25 13:56:00,6600,6600,6600,6600,0
2022-05-25 13:57:00,6600,6600,6600,6600,0
2022-05-25 13:58:00,6600,6600,6600,6600,0
2022-05-25 13:59:00,6600,6600,6600,6600,0
2022-05-25 14:00:00,6600,6600,6600,6600,0
2022-05-25 14:01:00,6600,6600,6600,6600,0
2022-05-25 14:02:00,6600,6600,6600,6600,0
2022-05-25 14:03:00,6600,6600,6600,6600,0
2022-05-25 14:04:00,6600,6600,6600,6600,0
2022-05-25 14:05:00,6600,6600,6600,6600,0
2022-05-25 14:06:00,6600,6600,6600,6600,0
2022-05-25 14:07:00,6600,6600,6600,6600,0
2022-05-25 14:08:00,6600,6600,6600,6600,0
2022-05-25 14:09:00,6600,6600,6600,6600,0
2022-05-25 14:10:00,6600,6600,6600,6600,0
2022-05-25 14:11:00,6600,6600,6600,6600,0
2022-05-25 14:12:00,6600,6600,6600,6600,0
2022-05-25 14:13:00,6600,6600,6600,6600,0
2022-05-25 14:14:00,6600,6600,6600,6600,0
2022-05-25 14:15:00,6600,6600,6600,6600,0
2022-05-25 14:16:00,6600,6600,6600,6600,0
2022-05-25 14:17:00,6600,6600,6600,6600,0
2022-05-25 14:18:00,6600,6600,6600,6600,0
2022-05-25 14:19:00,6600,6600,6600,6600,0
2022-05-25 14:20:00,6600,6600,6600,6600,0
2022-05-25 14:21:00,6600,6600,6600,6600,0
2022-05-25 14:22:00,6600,6600,6600,6600,0
2022-05-25 14:23:00,6600,6600,6600,6600,0
2022-05-25 14:24:00,6600,6600,6600,6600,0
2022-05-25 14:25:00,6600,6600,6600,6600,0
2022-05-25 14:26:00,6600,6600,6600,6600,0
2022-05-25 14:27:00,6600,6600,6600,6600,0
2022-05-25 14:28:00,6600,6600,6600,6600,0
2022-05-25 14:29:00,6600,6600,6600,6600,0
2022-05-25 14:30:00,6600,6600,6600,6600,0
2022-05-25 14:31:00,6600,6600,6600,6600,0
2022-05-25 14:32:00,6600,6600,6600,6600,0
2022-05-25 14:33:00,6600,6600,6600,6600,0
2022-05-25 14:34:00,6600,6600,6600,6600,0
2022-05-25 14:35:00,6600,6600,6600,6600,0
2022-05-25 14:36:00,6600,6600,6600,6600,0
2022-05-25 14:37:00,6600,6600,6600,6600,0
2022-05-25 14:38:00,6600,6600,6600,6600,0
2022-05-25 14:39:00,6600,6600,6600,6600,0
2022-05-25 14:40:00,6600,6600,6600,6600,0
2022-05-25 14:41:00,6600,6600,6600,6600,0
2022-05-25 14:42:00,6600,6600,6600,6600,0
2022-05-25 14:43:00,6600,6600,6600,6600,0
2022-05-25 14:44:00,6600,6600,6600,6600,0
2022-05-25 14:45:00,6600,6600,6600,6600,0
2022-05-25 14:46:00,6600,6600,6600,6600,0
2022-05-25 14:47:00,6600,6600,6600,6600,0
2022-05-25 14:48:00,6600,6600,6600,6600,0
2022-05-25 14:49:00,6600,6600,6600,6600,0
2022-05-25 14:50:00,6600,6600,6600,6600,0
2022-05-25 14:51:00,6600,6600,6600,6600,0
2022-05-25 14:52:00,6600,6600,6600,6600,0
2022-05-25 14:53:00,6600,6600,6600,6600,0
2022-05-25 14:54:00,6600,6600,6600,6600,0
2022-05-25 14:55:00,6600,6600,6600,6600,0
2022-05-25 14:56:00,6600,6600,6600,6600,0
2022-05-25 14:57:00,6600,6600,6600,6600,0
2022-05-25 14:58:00,6600,6600,6600,6600,0
2022-05-25 14:59:00,6600,6600,6600,6600,0
2022-05-25 15:00:00,6600,6600,6600,6600,0
2022-05-25 15:01:00,6600,6600,6600,6600,0
2022-05-25 15:02:00,6600,6600,6600,6600,0
2022-05-25 15:03:00,6600,6600,6600,6600,0
2022-05-25 15:04:00,6600,6600,6600,6600,0
2022-05-25 15:05:00,6600,6600,6600,6600,0
2022-05-25 15:06:00,6600,6600,6600,6600,0
2022-05-25 15:07:00,6600,6600,6600,6600,0
2022-05-25 15:08:00,6600,6600,6600,6600,0
2022-05-25 15:09:00,6600,6600,6600,6600,0
2022-05-25 15:10:00,6600,6600,6600,6600,0
2022-05-25 15:11:00,6600,6600,6600,6600,0
2022-05-25 15:12:00,6600,6600,6600,6600,0
2022-05-25 15:13:00,6600,6600,6600,6600,0
2022-05-25 15:14:00,6600,6600,6600,6600,0
2022-05-25 15:15:00,6600,6600,6600,6600,0
2022-05-25 15:16:00,6600,6600,6600,6600,0
2022-05-25 15:17:00,6600,6600,6600,6600,0
2022-05-25 15:18:00,6600,6600,6600,6600,0
2022-05-25 15:19:00,6600,6600,6600,6600,0
2022-05-25 15:20:00,6600,6600,6600,6600,0
2022-05-25 15:21:00,6600,6600,6600,6600,0
2022-05-25 15:22:00,6600,6600,6600,6600,0
2022-05-25 15:23:00,6600,6600,6600,6600,0
2022-05-25 15:24:00,6600,6600,6600,6600,0
2022-05-25 15:25:00,6600,6600,6600,6600,0
2022-05-25 15:26:00,6600,6600,6600,6600,0
2022-05-25 15:27:00,6600,6600,6600,6600,0
2022-05-25 15:28:00,6600,6600,6600,6600,0
2022-05-25 15:29:00,6600,6600,6600,6600,0
2022-05-25 15:30:00,6600,6600,6600,6600,0
2022-05-25 15:31:00,6600,6600,6600,6600,0
2022-05-25 15:32:00,6600,6600,6600,6600,0
2022-05-25 15:33:00,6600,6600,6600,6600,0
2022-05-25 15:34:00,6600,6600,6600,6600,0
2022-05-25 15:35:00,6600,6600,6600,6600,0
2022-05-25 15:36:00,6600,6600,6600,6600,0
2022-05-25 15:37:00,6600,6600,6600,6600,0
2022-05-25 15:38:00,6600,6600,6600,6600,0
2022-05-25 15:39:00,6600,6600,6600,6600,0
2022-05-25 15:40:00,6600,6600,6600,6600,0
2022-05-25 15:41:00,6600,6600,6600,6600,0
2022-05-25 15:42:00,6600,6600,6600,6600,0
2022-05-25 15:43:00,6600,6600,6600,6600,0
2022-05-25 15:44:00,6600,6600,6600,6600,0
2022-05-25 15:45:00,6600,6600,6600,6600,0
2022-05-25 15:46:00,6600,6600,6600,6600,0
2022-05-25 15:47:00,6600,6600,6600,6600,0
2022-05-25 15:48:00,6600,6600,6600,6600,0
2022-05-25 15:49:00,6600,6600,6600,6600,0
2022-05-25 15:50:00,6600,6600,6600,6600,0
2022-05-25 15:51:00,6600,6600,6600,6600,0
2022-05-25 15:52:00,6600,6600,6600,6600,0
2022-05-25 15:53:00,6600,6600,6600,6600,0
2022-05-25 15:54:00,6600,6600,6600,6600,0
2022-05-25 15:55:00,6600,6600,6600,6600,0
2022-05-25 15:56:00,6600,6600,6600,6600,0
2022-05-25 15:57:00,6600,6600,6600,6600,0
2022-05-25 15:58:00,6600,6600,6600,6600,0
2022-05-25 15:59:00,6600,6600,6600,6600,0
2022-05-26 09:00:00,6600,6600,6600,6600,0
2022-05-26 09:01:00,6600,6600,6600,6600,0
2022-05-26 09:02:00,6600,6600,6600,6600,0
2022-05-26 09:03:00,6600,6600,6600,6600,0
2022-05-26 09:04:00,6600,6600,6600,6600,0
2022-05-26 09:05:00,6600,6600,6600,6600,0
2022-05-26 09:06:00,6600,6600,6600,6600,0
2022-05-26 09:07:00,6600,6600,6600,6600,0
2022-05-26 09:08:00,6600,6600,6600,6600,0
2022-05-26 09:09:00,6600,6600,6600,6600,0
2022-05-26 09:10:00,6600,6600,6600,6600,0
2022-05-26 09:11:00,6600,6600,6600,6600,0
2022-05-26 09:12:00,6600,6600,6600,6600,0
2022-05-26 09:13:00,6600,6600,6600,6600,0
2022-05-26 09:14:00,6600,6600,6600,6600,0
2022-05-26 09:15:00,6600,6600,6600,6600,0
2022-05-26 09:16:00,6600,6600,6600,6600,0
2022-05-26 09:17:00,6600,6600,6600,6600,0
2022-05-26 09:18:00,6600,6600,6600,6600,0
2022-05-26 09:19:00,6600,6600,6600,6600,0
2022-05-26 09:20:00,6600,6600,6600,6600,0
2022-05-26 09:21:00,6600,6600,6600,6600,0
2022-05-26 09:22:00,6600,6600,6600,6600,0
2022-05-26 09:23:00,6600,6600,6600,6600,0
2022-05-26 09:24:00,6600,6600,6600,6600,0
2022-05-26 09:25:00,6600,6600,6600,6600,0
2022-05-26 09:26:00,6600,6600,6600,6600,0
2022-05-26 09:27:00,6600,6600,6600,6600,0
2022-05-26 09:28:00,6600,6600,6600,6600,0
2022-05-26 09:29:00,6600,6600,6600,6600,0
2022-05-26 09:30:00,6600,6600,6600,6600,0
2022-05-26 09:31:00,6600,6600,6600,6600,0
2022-05-26 09:32:00,6600,6600,6600,6600,0
2022-05-26 09:33:00,6600,6600,6600,6600,0
2022-05-26 09:34:00,6600,6600,6600,6600,0
2022-05-26 09:35:00,6600,6600,6600,6600,0
2022-05-26 09:36:00,6600,6600,6600,6600,0
2022-05-26 09:37:00,6600,6600,6600,6600,0
2022-05-26 09:38:00,6600,6600,6600,6600,0
2022-05-26 09:39:00,6600,6600,6600,6600,0
2022-05-26 09:40:00,6600,6600,6600,6600,0
2022-05-26 09:41:00,6600,6600,6600,6600,0
2022-05-26 09:42:00,6600,6600,6600,6600,0
2022-05-26 09:43:00,6600,6600,6600,6600,0
2022-05-26 09:44:00,6600,6600,6600,6600,0
2022-05-26 09:45:00,6600,6600,6600,6600,0
2022-05-26 09:46:00,6600,6600,6600,6600,0
2022-05-26 09:47:00,6600,6600,6600,6600,0
2022-05-26 09:48:00,6600,6600,6600,6600,0
2022-05-26 09:49:00,6600,6600,6600,6600,0
2022-05-26 09:50:00,6600,6600,6600,6600,0
2022-05-26 09:51:00,6600,6600,6600,6600,0
2022-05-26 09:52:00,6600,6600,6600,6600,0
2022-05-26 09:53:00,6600,6600,6600,6600,0
2022-05-26 09:54:00,6600,6600,6600,6600,0
2022-05-26 09:55:00,6600,6600,6600,6600,0
2022-05-26 09:56:00,6600,6600,6600,6600,0
2022-05-26 09:57:00,6600,6600,6600,6600,0
2022-05-26 09:58:00,6600,6600,6600,6600,0
2022-05-26 09:59:00,6600,6600,6600,6600,0
2022-05-26 10:00:00,6600,6600,6600,6600,0
2022-05-26 10:01:00,6600,6600,6600,6600,0
2022-05-26 10:02:00,6600,6600,6600,6600,0
2022-05-26 10:03:00,6600,6600,6600,6600,0
2022-05-26 10:04:00,6600,6600,6600,6600,0
2022-05-26 10:05:00,6600,6600,6600,6600,0
2022-05-26 10:06:00,6600,6600,6600,6600,0
2022-05-26 10:07:00,6600,6600,6600,6600,0
2022-05-26 10:08:00,6600,6600,6600,6600,0
2022-05-26 10:09:00,6600,6600,6600,6600,0
2022-05-26 10:10:00,6600,6600,6600,6600,0
2022-05-26 10:11:00,6600,6600,6600,6600,0
2022-05-26 10:12:00,6600,6600,6600,6600,0
2022-05-26 10:13:00,6600,6600,6600,6600,0
2022-05-26 10:14:00,6600,6600,6600,6600,0
2022-05-26 10:15:00,6600,6600,6600,6600,0
2022-05-26 10:16:00,6600,6600,6600,6600,0
2022-05-26 10:17:00,6600,6600,6600,6600,0
2022-05-26 10:18:00,6600,6600,6600,6600,0
2022-05-26 10:19:00,6600,6600,6600,6600,0
2022-05-26 10:20:00,6600,6600,6600,6600,0
2022-05-26 10:21:00,6600,6600,6600,6600,0
2022-05-26 10:22:00,6600,6600,6600,6600,0
2022-05-26 10:23:00,6600,6600,6600,6600,0
2022-05-26 10:24:00,6600,6600,6600,6600,0
2022-05-26 10:25:00,6600,6600,6600,6600,0
2022-05-26 10:26:00,6600,6600,6600,6600,0
2022-05-26 10:27:00,6600,6600,6600,6600,0
2022-05-26 10:28:00,6600,6600,6600,6600,0
2022-05-26 10:29:00,6600,6600,6600,6600,0
2022-05-26 10:30:00,6600,6600,6600,6600,0
2022-05-26 10:31:00,6600,6600,6600,6600,0
2022-05-26 10:32:00,6600,6600,6600,6600,0
2022-05-26 10:33:00,6600,6600,6600,6600,0
2022-05-26 10:34:00,6600,6600,6600,6600,0
2022-05-26 10:35:00,6600,6600,6600,6600,0
2022-05-26 10:36:00,6600,6600,6600,6600,0
2022-05-26 10:37:00,6600,6600,6600,6600,0
2022-05-26 10:38:00,6600,6600,6600,6600,0
2022-05-26 10:39:00,6600,6600,6600,6600,0
2022-05-26 10:40:00,6600,6600,6600,6600,0
2022-05-26 10:41:00,6600,6600,6600,6600,0
2022-05-26 10:42:00,6600,6600,6600,6600,0
2022-05-26 10:43:00,6600,6600,6600,6600,0
2022-05-26 10:44:00,6600,6600,6600,6600,0
2022-05-26 10:45:00,6600,6600,6600,6600,0
2022-05-26 10:46:00,6600,6600,6600,6600,0
2022-05-26 10:47:00,6600,6600,6600,6600,0
2022-05-26 10:48:00,6600,6600,6600,6600,0
2022-05-26 10:49:00,6600,6600,6600,6600,0
2022-05-26 10:50:00,6600,6600,6600,6600,0
2022-05-26 10:51:00,6600,6600,6600,6600,0
2022-05-26 10:52:00,6600,6600,6600,6600,0
2022-05-26 10:53:00,6600,6600,6600,6600,0
2022-05-26 10:54:00,6600,6600,6600,6600,0
2022-05-26 10:55:00,6600,6600,6600,6600,0
2022-05-26 10:56:00,6600,6600,6600,6600,0
2022-05-26 10:57:00,6600,6600,6600,6600,0
2022-05-26 10:58:00,6600,6600,6600,6600,0
2022-05-26 10:59:00,6600,6600,6600,6600,0
2022-05-26 11:00:00,6600,6600,6600,6600,0
2022-05-26 11:01:00,6600,6600,6600,6600,0
2022-05-26 11:02:00,6600,6600,6600,6600,0
2022-05-26 11:03:00,6600,6600,6600,6600,0
2022-05-26 11:04:00,6600,6600,6600,6600,0
2022-05-26 11:05:00,6600,6600,6600,6600,0
2022-05-26 11:06:00,6600,6600,6600,6600,0
2022-05-26 11:07:00,6600,6600,6600,6600,0
2022-05-26 11:08:00,6600,6600,6600,6600,0
2022-05-26 11:09:00,6600,6600,6600,6600,0
2022-05-26 11:10:00,6600,6600,6600,6600,0
2022-05-26 11:11:00,6600,6600,6600,6600,0
2022-05-26 11:12:00,6600,6600,6600,6600,0
2022-05-26 11:13:00,6600,6600,6600,6600,0
2022-05-26 11:14:00,6600,6600,6600,6600,0
2022-05-26 11:15:00,6600,6600,6600,6600,0
2022-05-26 11:16:00,6600,6600,6600,6600,0
2022-05-26 11:17:00,6600,6600,6600,6600,0
2022-05-26 11:18:00,6600,6600,6600,6600,0
2022-05-26 11:19:00,6600,6600,6600,6600,0
2022-05-26 11:20:00,6600,6600,6600,6600,0
2022-05-26 11:21:00,6600,6600,6600,6600,0
2022-05-26 11:22:00,6600,6600,6600,6600,0
2022-05-26 11:23:00,6600,6600,6600,6600,0
2022-05-26 11:24:00,6600,6600,6600,6600,0
2022-05-26 11:25:00,6600,6600,6600,6600,0
2022-05-26 11:26:00,6600,6600,6600,6600,0
2022-05-26 11:27:00,6600,6600,6600,6600,0
2022-05-26 11:28:00,6600,6600,6600,6600,0
2022-05-26 11:29:00,6600,6600,6600,6600,0
2022-05-26 11:30:00,6600,6600,6600,6600,0
2022-05-26 11:31:00,6600,6600,6600,6600,0
2022-05-26 11:32:00,6600,6600,6600,6600,0
2022-05-26 11:33:00,6600,6600,6600,6600,0
2022-05-26 11:34:00,6600,6600,6600,6600,0
2022-05-26 11:35:00,6600,6600,6600,6600,0
2022-05-26 11:36:00,6600,6600,6600,6600,0
2022-05-26 11:37:00,6600,6600,6600,6600,0
2022-05-26 11:38:00,6600,6600,6600,6600,0
2022-05-26 11:39:00,6600,6600,6600,6600,0
2022-05-26 11:40:00,6600,6600,6600,6600,0
2022-05-26 11:41:00,6600,6600,6600,6600,0
2022-05-26 11:42:00,6600,6600,6600,6600,0
2022-05-26 11:43:00,6600,6600,6600,6600,0
2022-05-26 11:44:00,6600,6600,6600,6600,0
2022-05-26 11:45:00,6600,6600,6600,6600,0
2022-05-26 11:46:00,6600,6600,6600,6600,0
2022-05-26 11:47:00,6600,6600,6600,6600,0
2022-05-26 11:48:00,6600,6600,6600,6600,0
2022-05-26 11:49:00,6600,6600,6600,6600,0
2022-05-26 11:50:00,6600,6600,6600,6600,0
2022-05-26 11:51:00,6600,6600,6600,6600,0
2022-05-26 11:52:00,6600,6600,6600,6600,0
2022-05-26 11:53:00,6600,6600,6600,6600,0
2022-05-26 11:54:00,6600,6600,6600,6600,0
2022-05-26 11:55:00,6600,6600,6600,6600,0
2022-05-26 11:56:00,6600,6600,6600,6600,0
2022-05-26 11:57:00,6600,6600,6600,6600,0
2022-05-26 11:58:00,6600,6600,6600,6600,0
2022-05-26 11:59:00,6600,6600,6600,6600,0
2022-05-26 12:00:00,6600,6600,6600,6600,0
2022-05-26 12:01:00,6600,6600,6600,6600,0
2022-05-26 12:02:00,6600,6600,6600,6600,0
2022-05-26 12:03:00,6600,6600,6600,6600,0
2022-05-26 12:04:00,6600,6600,6600,6600,0
2022-05-26 12:05:00,6600,6600,6600,6600,0
2022-05-26 12:06:00,6600,6600,6600,6600,0
2022-05-26 12:07:00,6600,6600,6600,6600,0
2022-05-26 12:08:00,6600,6600,6600,6600,0
2022-05-26 12:09:00,6600,6600,6600,6600,0
2022-05-26 12:10:00,6600,6600,6600,6600,0
2022-05-26 12:11:00,6600,6600,6600,6600,0
2022-05-26 12:12:00,6600,6600,6600,6600,0
2022-05-26 12:13:00,6600,6600,6600,6600,0
2022-05-26 12:14:00,6600,6600,6600,6600,0
2022-05-26 12:15:00,6600,6600,6600,6600,0
2022-05-26 12:16:00,6600,6600,6600,6600,0
2022-05-26 12:17:00,6600,6600,6600,6600,0
2022-05-26 12:18:00,6600,6600,6600,6600,0
2022-05-26 12:19:00,6600,6600,6600,6600,0
2022-05-26 12:20:00,6600,6600,6600,6600,0
2022-05-26 12:21:00,6600,6600,6600,6600,0
2022-05-26 12:22:00,6600,6600,6600,6600,0
2022-05-26 12:23:00,6600,6600,6600,6600,0
2022-05-26 12:24:00,6600,6600,6600,6600,0
2022-05-26 12:25:00,6600,6600,6600,6600,0
2022-05-26 12:26:00,6600,6600,6600,6600,0
2022-05-26 12:27:00,6600,6600,6600,6600,0
2022-05-26 12:28:00,6600,6600,6600,6600,0
2022-05-26 12:29:00,6600,6600,6600,6600,0
2022-05-26 12:30:00,6600,6600,6600,6600,0
2022-05-26 12:31:00,6600,6600,6600,6600,0
2022-05-26 12:32:00,6600,6600,6600,6600,0
2022-05-26 12:33:00,6600,6600,6600,6600,0
2022-05-26 12:34:00,6600,6600,6600,6600,0
2022-05-26 12:35:00,6600,6600,6600,6600,0
2022-05-26 12:36:00,6600,6600,6600,6600,0
2022-05-26 12:37:00,6600,6600,6600,6600,0
2022-05-26 12:38:00,6600,6600,6600,6600,0
2022-05-26 12:39:00,6600,6600,6600,6600,0
2022-05-26 12:40:00,6600,6600,6600,6600,0
2022-05-26 12:41:00,6600,6600,6600,6600,0
2022-05-26 12:42:00,6600,6600,6600,6600,0
2022-05-26 12:43:00,6600,6600,6600,6600,0
2022-05-26 12:44:00,6600,6600,6600,6600,0
2022-05-26 12:45:00,6600,6600,6600,6600,0
2022-05-26 12:46:00,6600,6600,6600,6600,0
2022-05-26 12:47:00,6600,6600,6600,6600,0
2022-05-26 12:48:00,6600,6600,6600,6600,0
2022-05-26 12:49:00,6600,6600,6600,6600,0
2022-05-26 12:50:00,6600,6600,6600,6600,0
2022-05-26 12:51:00,6600,6600,6600,6600,0
2022-05-26 12:52:00,6600,6600,6600,6600,0
2022-05-26 12:53:00,6600,6600,6600,6600,0
2022-05-26 12:54:00,6600,6600,6600,6600,0
2022-05-26 12:55:00,6600,6600,6600,6600,0
2022-05-26 12:56:00,6600,6600,6600,6600,0
2022-05-26 12:57:00,6600,6600,6600,6600,0
2022-05-26 12:58:00,6600,6600,6600,6600,0
2022-05-26 12:59:00,6600,6600,6600,6600,0
2022-05-26 13:00:00,6600,6600,6600,6600,0
2022-05-26 13:01:00,6600,6600,6600,6600,0
2022-05-26 13:02:00,6600,6600,6600,6600,0
2022-05-26 13:03:00,6600,6600,6600,6600,0
2022-05-26 13:04:00,6600,6600,6600,6600,0
2022-05-26 13:05:00,6600,6600,6600,6600,0
2022-05-26 13:06:00,6600,6600,6600,6600,0
2022-05-26 13:07:00,6600,6600,6600,6600,0
2022-05-26 13:08:00,6600,6600,6600,6600,0
2022-05-26 13:09:00,6600,6600,6600,6600,0
2022-05-26 13:10:00,6600,6600,6600,6600,0
2022-05-26 13:11:00,6600,6600,6600,6600,0
2022-05-26 13:12:00,6600,6600,6600,6600,0
2022-05-26 13:13:00,6600,6600,6600,6600,0
2022-05-26 13:14:00,6600,6600,6600,6600,0
2022-05-26 13:15:00,6600,6600,6600,6600,0
2022-05-26 13:16:00,6600,6600,6600,6600,0
2022-05-26 13:17:00,6600,6600,6600,6600,0
2022-05-26 13:18:00,6600,6600,6600,6600,0
2022-05-26 13:19:00,6600,6600,6600,6600,0
2022-05-26 13:20:00,6600,6600,6600,6600,0
2022-05-26 13:21:00,6600,6600,6600,6600,0
2022-05-26 13:22:00,6600,6600,6600,6600,0
2022-05-26 13:23:00,6600,6600,6600,6600,0
2022-05-26 13:24:00,6600,6600,6600,6600,0
2022-05-26 13:25:00,6600,6600,6600,6600,0
2022-05-26 13:26:00,6600,6600,6600,6600,0
2022-05-26 13:27:00,6600,6600,6600,6600,0
2022-05-26 13:28:00,6600,6600,6600,6600,0
2022-05-26 13:29:00,6600,6600,6600,6600,0
2022-05-26 13:30:00,6600,6600,6600,6600,0
2022-05-26 13:31:00,6600,6600,6600,6600,0
2022-05-26 13:32:00,6600,6600,6600,6600,0
2022-05-26 13:33:00,6600,6600,6600,6600,0
2022-05-26 13:34:00,6600,6600,6600,6600,0
2022-05-26 13:35:00,6600,6600,6600,6600,0
2022-05-26 13:36:00,6600,6600,6600,6600,0
2022-05-26 13:37:00,6600,6600,6600,6600,0
2022-05-26 13:38:00,6600,6600,6600,6600,0
2022-05-26 13:39:00,6600,6600,6600,6600,0
2022-05-26 13:40:00,6600,6600,6600,6600,0
2022-05-26 13:41:00,6600,6600,6600,6600,0
2022-05-26 13:42:00,6600,6600,6600,6600,0
2022-05-26 13:43:00,6600,6600,6600,6600,0
2022-05-26 13:44:00,6600,6600,6600,6600,0
2022-05-26 13:45:00,6600,6600,6600,6600,0
2022-05-26 13:46:00,6600,6600,6600,6600,0
2022-05-26 13:47:00,6600,6600,6600,6600,0
2022-05-26 13:48:00,6600,6600,6600,6600,0
2022-05-26 13:49:00,6600,6600,6600,6600,0
2022-05-26 13:50:00,6600,6600,6600,6600,0
2022-05-26 13:51:00,6600,6600,6600,6600,0
2022-05-26 13:52:00,6600,6600,6600,6600,0
2022-05-26 13:53:00,6600,6600,6600,6600,0
2022-05-26 13:54:00,6600,6600,6600,6600,0
2022-05-26 13:55:00,6600,6600,6600,6600,0
2022-05-26 13:56:00,6600,6600,6600,6600,0
2022-05-26 13:57:00,6600,6600,6600,6600,0
2022-05-26 13:58:00,6600,6600,6600,6600,0
2022-05-26 13:59:00,6600,6600,6600,6600,0
2022-05-26 14:00:00,6600,6600,6600,6600,0
2022-05-26 14:01:00,6600,6600,6600,6600,0
2022-05-26 14:02:00,6600,6600,6600,6600,0
2022-05-26 14:03:00,6600,6600,6600,6600,0
2022-05-26 14:04:00,6600,6600,6600,6600,0
2022-05-26 14:05:00,6600,6600,6600,6600,0
2022-05-26 14:06:00,6600,6600,6600,6600,0
2022-05-26 14:07:00,6600,6600,6600,6600,0
2022-05-26 14:08:00,6600,6600,6600,6600,0
2022-05-26 14:09:00,6600,6600,6600,6600,0
2022-05-26 14:10:00,6600,6600,6600,6600,0
2022-05-26 14:11:00,6600,6600,6600,6600,0
2022-05-26 14:12:00,6600,6600,6600,6600,0
2022-05-26 14:13:00,6600,6600,6600,6600,0
2022-05-26 14:14:00,6600,6600,6600,6600,0
2022-05-26 14:15:00,6600,6600,6600,6600,0
2022-05-26 14:16:00,6600,6600,6600,6600,0
2022-05-26 14:17:00,6600,6600,6600,6600,0
2022-05-26 14:18:00,6600,6600,6600,6600,0
2022-05-26 14:19:00,6600,6600,6600,6600,0
2022-05-26 14:20:00,6600,6600,6600,6600,0
2022-05-26 14:21:00,6600,6600,6600,6600,0
2022-05-26 14:22:00,6600,6600,6600,6600,0
2022-05-26 14:23:00,6600,6600,6600,6600,0
2022-05-26 14:24:00,6600,6600,6600,6600,0
2022-05-26 14:25:00,6600,6600,6600,6600,0
2022-05-26 14:26:00,6600,6600,6600,6600,0
2022-05-26 14:27:00,6600,6600,6600,6600,0
2022-05-26 14:28:00,6600,6600,6600,6600,0
2022-05-26 14:29:00,6600,6600,6600,6600,0
2022-05-26 14:30:00,6600,6600,6600,6600,0
2022-05-26 14:31:00,6600,6600,6600,6600,0
2022-05-26 14:32:00,6600,6600,6600,6600,0
2022-05-26 14:33:00,6600,6600,6600,6600,0
2022-05-26 14:34:00,6600,6600,6600,6600,0
2022-05-26 14:35:00,6600,6600,6600,6600,0
2022-05-26 14:36:00,6600,6600,6600,6600,0
2022-05-26 14:37:00,6600,6600,6600,6600,0
2022-05-26 14:38:00,6600,6600,6600,6600,0
2022-05-26 14:39:00,6600,6600,6600,6600,0
2022-05-26 14:40:00,6600,6600,6600,6600,0
2022-05-26 14:41:00,6600,6600,6600,6600,0
2022-05-26 14:42:00,6600,6600,6600,6600,0
2022-05-26 14:43:00,6600,6600,6600,6600,0
2022-05-26 14:44:00,6600,6600,6600,6600,0
2022-05-26 14:45:00,6600,6600,6600,6600,0
2022-05-26 14:46:00,6600,6600,6600,6600,0
2022-05-26 14:47:00,6600,6600,6600,6600,0
2022-05-26 14:48:00,6600,6600,6600,6600,0
2022-05-26 14:49:00,6600,6600,6600,6600,0
2022-05-26 14:50:00,6600,6600,6600,6600,0
2022-05-26 14:51:00,6600,6600,6600,6600,0
2022-05-26 14:52:00,6600,6600,6600,6600,0
2022-05-26 14:53:00,6600,6600,6600,6600,0
2022-05-26 14:54:00,6600,6600,6600,6600,0
2022-05-26 14:55:00,6600,6600,6600,6600,0
2022-05-26 14:56:00,6600,6600,6600,6600,0
2022-05-26 14:57:00,6600,6600,6600,6600,0
2022-05-26 14:58:00,6600,6600,6600,6600,0
2022-05-26 14:59:00,6600,6600,6600,6600,0
2022-05-26 15:00:00,6600,6600,6600,6600,0
2022-05-26 15:01:00,6600,6600,6600,6600,0
2022-05-26 15:02:00,6600,6600,6600,6600,0
2022-05-26 15:03:00,6600,6600,6600,6600,0
2022-05-26 15:04:00,6600,6600,6600,6600,0
2022-05-26 15:05:00,6600,6600,6600,6600,0
2022-05-26 15:06:00,6600,6600,6600,6600,0
2022-05-26 15:07:00,6600,6600,6600,6600,0
2022-05-26 15:08:00,6600,6600,6600,6600,0
2022-05-26 15:09:00,6600,6600,6600,6600,0
2022-05-26 15:10:00,6600,6600,6600,6600,0
2022-05-26 15:11:00,6600,6600,6600,6600,0
2022-05-26 15:12:00,6600,6600,6600,6600,0
2022-05-26 15:13:00,6600,6600,6600,6600,0
2022-05-26 15:14:00,6600,6600,6600,6600,0
2022-05-26 15:15:00,6600,6600,6600,6600,0
2022-05-26 15:16:00,6600,6600,6600,6600,0
2022-05-26 15:17:00,6600,6600,6600,6600,0
2022-05-26 15:18:00,6600,6600,6600,6600,0
2022-05-26 15:19:00,6600,6600,6600,6600,0
2022-05-26 15:20:00,6600,6600,6600,6600,0
2022-05-26 15:21:00,6600,6600,6600,6600,0
2022-05-26 15:22:00,6600,6600,6600,6600,0
2022-05-26 15:23:00,6600,6600,6600,6600,0
2022-05-26 15:24:00,6600,6600,6600,6600,0
2022-05-26 15:25:00,6600,6600,6600,6600,0
2022-05-26 15:26:00,6600,6600,6600,6600,0
2022-05-26 15:27:00,6600,6600,6600,6600,0
2022-05-26 15:28:00,6600,6600,6600,6600,0
2022-05-26 15:29:00,6600,6600,6600,6600,0
2022-05-26 15:30:00,6600,6600,6600,6600,0
2022-05-26 15:31:00,6600,6600,6600,6600,0
2022-05-26 15:32:00,6600,6600,6600,6600,0
2022-05-26 15:33:00,6600,6600,6600,6600,0
2022-05-26 15:34:00,6600,6600,6600,6600,0
2022-05-26 15:35:00,6600,6600,6600,6600,0
2022-05-26 15:36:00,6600,6600,6600,6600,0
2022-05-26 15:37:00,6600,6600,6600,6600,0
2022-05-26 15:38:00,6600,6600,6600,6600,0
2022-05-26 15:39:00,6600,6600,6600,6600,0
2022-05-26 15:40:00,6600,6600,6600,6600,0
2022-05-26 15:41:00,6600,6600,6600,6600,0
2022-05-26 15:42:00,6600,6600,6600,6600,0
2022-05-26 15:43:00,6600,6600,6600,6600,0
2022-05-26 15:44:00,6600,6600,6600,6600,0
2022-05-26 15:45:00,6600,6600,6600,6600,0
2022-05-26 15:46:00,6600,6600,6600,6600,0
2022-05-26 15:47:00,6600,6600,6600,6600,0
2022-05-26 15:48:00,6600,6600,6600,6600,0
2022-05-26 15:49:00,6600,6600,6600,6600,0
2022-05-26 15:50:00,6600,6600,6600,6600,0
2022-05-26 15:51:00,6600,6600,6600,6600,0
2022-05-26 15:52:00,6600,6600,6600,6600,0
2022-05-26 15:53:00,6600,6600,6600,6600,0
2022-05-26 15:54:00,6600,6600,6600,6600,0
2022-05-26 15:55:00,6600,6600,6600,6600,0
2022-05-26 15:56:00,6600,6600,6600,6600,0
2022-05-26 15:57:00,6600,6600,6600,6600,0
2022-05-26 15:58:00,6600,6600,6600,6600,0
2022-05-26 15:59:00,6600,6600,6600,6600,0
2022-05-27 09:00:00,6600,6600,6600,6600,0
2022-05-27 09:01:00,6600,6600,6600,6600,0
2022-05-27 09:02:00,6600,6600,6600,6600,0
2022-05-27 09:03:00,6600,6600,6600,6600,0
2022-05-27 09:04:00,6600,6600,6600,6600,0
2022-05-27 09:05:00,6600,6600,6600,6600,0
2022-05-27 09:06:00,6600,6600,6600,6600,0
2022-05-27 09:07:00,6600,6600,6600,6600,0
2022-05-27 09:08:00,6600,6600,6600,6600,0
2022-05-27 09:09:00,6600,6600,6600,6600,0
2022-05-27 09:10:00,6600,6600,6600,6600,0
2022-05-27 09:11:00,6600,6600,6600,6600,0
2022-05-27 09:12:00,6600,6600,6600,6600,0
2022-05-27 09:13:00,6600,6600,6600,6600,0
2022-05-27 09:14:00,6600,6600,6600,6600,0
2022-05-27 09:15:00,6600,6600,6600,6600,0
2022-05-27 09:16:00,6600,6600,6600,6600,0
2022-05-27 09:17:00,6600,6600,6600,6600,0
2022-05-27 09:18:00,6600,6600,6600,6600,0
2022-05-27 09:19:00,6600,6600,6600,6600,0
2022-05-27 09:20:00,6600,6600,6600,6600,0
2022-05-27 09:21:00,6600,6600,6600,6600,0
2022-05-27 09:22:00,6600,6600,6600,6600,0
2022-05-27 09:23:00,6600,6600,6600,6600,0
2022-05-27 09:24:00,6600,6600,6600,6600,0
2022-05-27 09:25:00,6600,6600,6600,6600,0
2022-05-27 09:26:00,6600,6600,6600,6600,0
2022-05-27 09:27:00,6600,6600,6600,6600,0
2022-05-27 09:28:00,6600,6600,6600,6600,0
2022-05-27 09:29:00,6600,6600,6600,6600,0
2022-05-27 09:30:00,6600,6600,6600,6600,0
2022-05-27 09:31:00,6600,6600,6600,6600,0
2022-05-27 09:32:00,6600,6600,6600,6600,0
2022-05-27 09:33:00,6600,6600,6600,6600,0
2022-05-27 09:34:00,6600,6600,6600,6600,0
2022-05-27 09:35:00,6600,6600,6600,6600,0
2022-05-27 09:36:00,6600,6600,6600,6600,0
2022-05-27 09:37:00,6600,6600,6600,6600,0
2022-05-27 09:38:00,6600,6600,6600,6600,0
2022-05-27 09:39:00,6600,6600,6600,6600,0
2022-05-27 09:40:00,6600,6600,6600,6600,0
2022-05-27 09:41:00,6600,6600,6600,6600,0
2022-05-27 09:42:00,6600,6600,6600,6600,0
2022-05-27 09:43:00,6600,6600,6600,6600,0
2022-05-27 09:44:00,6600,6600,6600,6600,0
2022-05-27 09:45:00,6600,6600,6600,6600,0
2022-05-27 09:46:00,6600,6600,6600,6600,0
2022-05-27 09:47:00,6600,6600,6600,6600,0
2022-05-27 09:48:00,6600,6600,6600,6600,0
2022-05-27 09:49:00,6600,6600,6600,6600,0
2022-05-27 09:50:00,6600,6600,6600,6600,0
2022-05-27 09:51:00,6600,6600,6600,6600,0
2022-05-27 09:52:00,6600,6600,6600,6600,0
2022-05-27 09:53:00,6600,6600,6600,6600,0
2022-05-27 09:54:00,6600,6600,6600,6600,0
2022-05-27 09:55:00,6600,6600,6600,6600,0
2022-05-27 09:56:00,6600,6600,6600,6600,0
2022-05-27 09:57:00,6600,6600,6600,6600,0
2022-05-27 09:58:00,6600,6600,6600,6600,0
2022-05-27 09:59:00,6600,6600,6600,6600,0
2022-05-27 10:00:00,6600,6600,6600,6600,0
2022-05-27 10:01:00,6600,6600,6600,6600,0
2022-05-27 10:02:00,6600,6600,6600,6600,0
2022-05-27 10:03:00,6600,6600,6600,6600,0
2022-05-27 10:04:00,6600,6600,6600,6600,0
2022-05-27 10:05:00,6600,6600,6600,6600,0
2022-05-27 10:06:00,6600,6600,6600,6600,0
2022-05-27 10:07:00,6600,6600,6600,6600,0
2022-05-27 10:08:00,6600,6600,6600,6600,0
2022-05-27 10:09:00,6600,6600,6600,6600,0
2022-05-27 10:10:00,6600,6600,6600,6600,0
2022-05-27 10:11:00,6600,6600,6600,6600,0
2022-05-27 10:12:00,6600,6600,6600,6600,0
2022-05-27 10:13:00,6600,6600,6600,6600,0
2022-05-27 10:14:00,6600,6600,6600,6600,0
2022-05-27 10:15:00,6600,6600,6600,6600,0
2022-05-27 10:16:00,6600,6600,6600,6600,0
2022-05-27 10:17:00,6600,6600,6600,6600,0
2022-05-27 10:18:00,6600,6600,6600,6600,0
2022-05-27 10:19:00,6600,6600,6600,6600,0
2022-05-27 10:20:00,6600,6600,6600,6600,0
2022-05-27 10:21:00,6600,6600,6600,6600,0
2022-05-27 10:22:00,6600,6600,6600,6600,0
2022-05-27 10:23:00,6600,6600,6600,6600,0
2022-05-27 10:24:00,6600,6600,6600,6600,0
2022-05-27 10:25:00,6600,6600,6600,6600,0
2022-05-27 10:26:00,6600,6600,6600,6600,0
2022-05-27 10:27:00,6600,6600,6600,6600,0
2022-05-27 10:28:00,6600,6600,6600,6600,0
2022-05-27 10:29:00,6600,6600,6600,6600,0
2022-05-27 10:30:00,6600,6600,6600,6600,0
2022-05-27 10:31:00,6600,6600,6600,6600,0
2022-05-27 10:32:00,6600,6600,6600,6600,0
2022-05-27 10:33:00,6600,6600,6600,6600,0
2022-05-27 10:34:00,6600,6600,6600,6600,0
2022-05-27 10:35:00,6600,6600,6600,6600,0
2022-05-27 10:36:00,6600,6600,6600,6600,0
2022-05-27 10:37:00,6600,6600,6600,6600,0
2022-05-27 10:38:00,6600,6600,6600,6600,0
2022-05-27 10:39:00,6600,6600,6600,6600,0
2022-05-27 10:40:00,6600,6600,6600,6600,0
2022-05-27 10:41:00,6600,6600,6600,6600,0
2022-05-27 10:42:00,6600,6600,6600,6600,0
2022-05-27 10:43:00,6600,6600,6600,6600,0
2022-05-27 10:44:00,6600,6600,6600,6600,0
2022-05-27 10:45:00,6600,6600,6600,6600,0
2022-05-27 10:46:00,6600,6600,6600,6600,0
2022-05-27 10:47:00,6600,6600,6600,6600,0
2022-05-27 10:48:00,6600,6600,6600,6600,0
2022-05-27 10:49:00,6600,6600,6600,6600,0
2022-05-27 10:50:00,6600,6600,6600,6600,0
2022-05-27 10:51:00,6600,6600,6600,6600,0
2022-05-27 10:52:00,6600,6600,6600,6600,0
2022-05-27 10:53:00,6600,6600,6600,6600,0
2022-05-27 10:54:00,6600,6600,6600,6600,0
2022-05-27 10:55:00,6600,6600,6600,6600,0
2022-05-27 10:56:00,6600,6600,6600,6600,0
2022-05-27 10:57:00,6600,6600,6600,6600,0
2022-05-27 10:58:00,6600,6600,6600,6600,0
2022-05-27 10:59:00,6600,6600,6600,6600,0
2022-05-27 11:00:00,6600,6600,6600,6600,0
2022-05-27 11:01:00,6600,6600,6600,6600,0
2022-05-27 11:02:00,6600,6600,6600,6600,0
2022-05-27 11:03:00,6600,6600,6600,6600,0
2022-05-27 11:04:00,6600,6600,6600,6600,0
2022-05-27 11:05:00,6600,6600,6600,6600,0
2022-05-27 11:06:00,6600,6600,6600,6600,0
2022-05-27 11:07:00,6600,6600,6600,6600,0
2022-05-27 11:08:00,6600,6600,6600,6600,0
2022-05-27 11:09:00,6600,6600,6600,6600,0
2022-05-27 11:10:00,6600,6600,6600,6600,0
2022-05-27 11:11:00,6600,6600,6600,6600,0
2022-05-27 11:12:00,6600,6600,6600,6600,0
2022-05-27 11:13:00,6600,6600,6600,6600,0
2022-05-27 11:14:00,6600,6600,6600,6600,0
2022-05-27 11:15:00,6600,6600,6600,6600,0
2022-05-27 11:16:00,6600,6600,6600,6600,0
2022-05-27 11:17:00,6600,6600,6600,6600,0
2022-05-27 11:18:00,6600,6600,6600,6600,0
2022-05-27 11:19:00,6600,6600,6600,6600,0
2022-05-27 11:20:00,6600,6600,6600,6600,0
2022-05-27 11:21:00,6600,6600,6600,6600,0
2022-05-27 11:22:00,6600,6600,6600,6600,0
2022-05-27 11:23:00,6600,6600,6600,6600,0
2022-05-27 11:24:00,6600,6600,6600,6600,0
2022-05-27 11:25:00,6600,6600,6600,6600,0
2022-05-27 11:26:00,6600,6600,6600,6600,0
2022-05-27 11:27:00,6600,6600,6600,6600,0
2022-05-27 11:28:00,6600,6600,6600,6600,0
2022-05-27 11:29:00,6600,6600,6600,6600,0
2022-05-27 11:30:00,6600,6600,6600,6600,0
2022-05-27 11:31:00,6600,6600,6600,6600,0
2022-05-27 11:32:00,6600,6600,6600,6600,0
2022-05-27 11:33:00,6600,6600,6600,6600,0
2022-05-27 11:34:00,6600,6600,6600,6600,0
2022-05-27 11:35:00,6600,6600,6600,6600,0
2022-05-27 11:36:00,6600,6600,6600,6600,0
2022-05-27 11:37:00,6600,6600,6600,6600,0
2022-05-27 11:38:00,6600,6600,6600,6600,0
2022-05-27 11:39:00,6600,6600,6600,6600,0
2022-05-27 11:40:00,6600,6600,6600,6600,0
2022-05-27 11:41:00,6600,6600,6600,6600,0
2022-05-27 11:42:00,6600,6600,6600,6600,0
2022-05-27 11:43:00,6600,6600,6600,6600,0
2022-05-27 11:44:00,6600,6600,6600,6600,0
2022-05-27 11:45:00,6600,6600,6600,6600,0
2022-05-27 11:46:00,6600,6600,6600,6600,0
2022-05-27 11:47:00,6600,6600,6600,6600,0
2022-05-27 11:48:00,6600,6600,6600,6600,0
2022-05-27 11:49:00,6600,6600,6600,6600,0
2022-05-27 11:50:00,6600,6600,6600,6600,0
2022-05-27 11:51:00,6600,6600,6600,6600,0
2022-05-27 11:52:00,6600,6600,6600,6600,0
2022-05-27 11:53:00,6600,6600,6600,6600,0
2022-05-27 11:54:00,6600,6600,6600,6600,0
2022-05-27 11:55:00,6600,6600,6600,6600,0
2022-05-27 11:56:00,6600,6600,6600,6600,0
2022-05-27 11:57:00,6600,6600,6600,6600,0
2022-05-27 11:58:00,6600,6600,6600,6600,0
2022-05-27 11:59:00,6600,6600,6600,6600,0
2022-05-27 12:00:00,6600,6600,6600,6600,0
2022-05-27 12:01:00,6600,6600,6600,6600,0
2022-05-27 12:02:00,6600,6600,6600,6600,0
2022-05-27 12:03:00,6600,6600,6600,6600,0
2022-05-27 12:04:00,6600,6600,6600,6600,0
2022-05-27 12:05:00,6600,6600,6600,6600,0
2022-05-27 12:06:00,6600,6600,6600,6600,0
2022-05-27 12:07:00,6600,6600,6600,6600,0
2022-05-27 12:08:00,6600,6600,6600,6600,0
2022-05-27 12:09:00,6600,6600,6600,6600,0
2022-05-27 12:10:00,6600,6600,6600,6600,0
2022-05-27 12:11:00,6600,6600,6600,6600,0
2022-05-27 12:12:00,6600,6600,6600,6600,0
2022-05-27 12:13:00,6600,6600,6600,6600,0
2022-05-27 12:14:00,6600,6600,6600,6600,0
2022-05-27 12:15:00,6600,6600,6600,6600,0
2022-05-27 12:16:00,6600,6600,6600,6600,0
2022-05-27 12:17:00,6600,6600,6600,6600,0
2022-05-27 12:18:00,6600,6600,6600,6600,0
2022-05-27 12:19:00,6600,6600,6600,6600,0
2022-05-27 12:20:00,6600,6600,6600,6600,0
2022-05-27 12:21:00,6600,6600,6600,6600,0
2022-05-27 12:22:00,6600,6600,6600,6600,0
2022-05-27 12:23:00,6600,6600,6600,6600,0
2022-05-27 12:24:00,6600,6600,6600,6600,0
2022-05-27 12:25:00,6600,6600,6600,6600,0
2022-05-27 12:26:00,6600,6600,6600,6600,0
2022-05-27 12:27:00,6600,6600,6600,6600,0
2022-05-27 12:28:00,6600,6600,6600,6600,0
2022-05-27 12:29:00,6600,6600,6600,6600,0
2022-05-27 12:30:00,6600,6600,6600,6600,0
2022-05-27 12:31:00,6600,6600,6600,6600,0
2022-05-27 12:32:00,6600,6600,6600,6600,0
2022-05-27 12:33:00,6600,6600,6600,6600,0
2022-05-27 12:34:00,6600,6600,6600,6600,0
2022-05-27 12:35:00,6600,6600,6600,6600,0
2022-05-27 12:36:00,6600,6600,6600,6600,0
2022-05-27 12:37:00,6600,6600,6600,6600,0
2022-05-27 12:38:00,6600,6600,6600,6600,0
2022-05-27 12:39:00,6600,6600,6600,6600,0
2022-05-27 12:40:00,6600,6600,6600,6600,0
2022-05-27 12:41:00,6600,6600,6600,6600,0
2022-05-27 12:42:00,6600,6600,6600,6600,0
2022-05-27 12:43:00,6600,6600,6600,6600,0
2022-05-27 12:44:00,6600,6600,6600,6600,0
2022-05-27 12:45:00,6600,6600,6600,6600,0
2022-05-27 12:46:00,6600,6600,6600,6600,0
2022-05-27 12:47:00,6600,6600,6600,6600,0
2022-05-27 12:48:00,6600,6600,6600,6600,0
2022-05-27 12:49:00,6600,6600,6600,6600,0
2022-05-27 12:50:00,6600,6600,6600,6600,0
2022-05-27 12:51:00,6600,6600,6600,6600,0
2022-05-27 12:52:00,6600,6600,6600,6600,0
2022-05-27 12:53:00,6600,6600,6600,6600,0
2022-05-27 12:54:00,6600,6600,6600,6600,0
2022-05-27 12:55:00,6600,6600,6600,6600,0
2022-05-27 12:56:00,6600,6600,6600,6600,0
2022-05-27 12:57:00,6600,6600,6600,6600,0
2022-05-27 12:58:00,6600,6600,6600,6600,0
2022-05-27 12:59:00,6600,6600,6600,6600,0
2022-05-27 13:00:00,6600,6600,6600,6600,0
2022-05-27 13:01:00,6600,6600,6600,6600,0
2022-05-27 13:02:00,6600,6600,6600,6600,0
2022-05-27 13:03:00,6600,6600,6600,6600,0
2022-05-27 13:04:00,6600,6600,6600,6600,0
2022-05-27 13:05:00,6600,6600,6600,6600,0
2022-05-27 13:06:00,6600,6600,6600,6600,0
2022-05-27 13:07:00,6600,6600,6600,6600,0
2022-05-27 13:08:00,6600,6600,6600,6600,0
2022-05-27 13:09:00,6600,6600,6600,6600,0
2022-05-27 13:10:00,6600,6600,6600,6600,0
2022-05-27 13:11:00,6600,6600,6600,6600,0
2022-05-27 13:12:00,6600,6600,6600,6600,0
2022-05-27 13:13:00,6600,6600,6600,6600,0
2022-05-27 13:14:00,6600,6600,6600,6600,0
2022-05-27 13:15:00,6600,6600,6600,6600,0
2022-05-27 13:16:00,6600,6600,6600,6600,0
2022-05-27 13:17:00,6600,6600,6600,6600,0
2022-05-27 13:18:00,6600,6600,6600,6600,0
2022-05-27 13:19:00,6600,6600,6600,6600,0
2022-05-27 13:20:00,6600,6600,6600,6600,0
2022-05-27 13:21:00,6600,6600,6600,6600,0
2022-05-27 13:22:00,6600,6600,6600,6600,0
2022-05-27 13:23:00,6600,6600,6600,6600,0
2022-05-27 13:24:00,6600,6600,6600,6600,0
2022-05-27 13:25:00,6600,6600,6600,6600,0
2022-05-27 13:26:00,6600,6600,6600,6600,0
2022-05-27 13:27:00,6600,6600,6600,6600,0
2022-05-27 13:28:00,6600,6600,6600,6600,0
2022-05-27 13:29:00,6600,6600,6600,6600,0
2022-05-27 13:30:00,6600,6600,6600,6600,0
2022-05-27 13:31:00,6600,6600,6600,6600,0
2022-05-27 13:32:00,6600,6600,6600,6600,0
2022-05-27 13:33:00,6600,6600,6600,6600,0
2022-05-27 13:34:00,6600,6600,6600,6600,0
2022-05-27 13:35:00,6600,6600,6600,6600,0
2022-05-27 13:36:00,6600,6600,6600,6600,0
2022-05-27 13:37:00,6600,6600,6600,6600,0
2022-05-27 13:38:00,6600,6600,6600,6600,0
2022-05-27 13:39:00,6600,6600,6600,6600,0
2022-05-27 13:40:00,6600,6600,6600,6600,0
2022-05-27 13:41:00,6600,6600,6600,6600,0
2022-05-27 13:42:00,6600,6600,6600,6600,0
2022-05-27 13:43:00,6600,6600,6600,6600,0
2022-05-27 13:44:00,6600,6600,6600,6600,0
2022-05-27 13:45:00,6600,6600,6600,6600,0
2022-05-27 13:46:00,6600,6600,6600,6600,0
2022-05-27 13:47:00,6600,6600,6600,6600,0
2022-05-27 13:48:00,6600,6600,6600,6600,0
2022-05-27 13:49:00,6600,6600,6600,6600,0
2022-05-27 13:50:00,6600,6600,6600,6600,0
2022-05-27 13:51:00,6600,6600,6600,6600,0
2022-05-27 13:52:00,6600,6600,6600,6600,0
2022-05-27 13:53:00,6600,6600,6600,6600,0
2022-05-27 13:54:00,6600,6600,6600,6600,0
2022-05-27 13:55:00,6600,6600,6600,6600,0
2022-05-27 13:56:00,6600,6600,6600,6600,0
2022-05-27 13:57:00,6600,6600,6600,6600,0
2022-05-27 13:58:00,6600,6600,6600,6600,0
2022-05-27 13:59:00,6600,6600,6600,6600,0
2022-05-27 14:00:00,6600,6600,6600,6600,0
2022-05-27 14:01:00,6600,6600,6600,6600,0
2022-05-27 14:02:00,6600,6600,6600,6600,0
2022-05-27 14:03:00,6600,6600,6600,6600,0
2022-05-27 14:04:00,6600,6600,6600,6600,0
2022-05-27 14:05:00,6600,6600,6600,6600,0
2022-05-27 14:06:00,6600,6600,6600,6600,0
2022-05-27 14:07:00,6600,6600,6600,6600,0
2022-05-27 14:08:00,6600,6600,6600,6600,0
2022-05-27 14:09:00,6600,6600,6600,6600,0
2022-05-27 14:10:00,6600,6600,6600,6600,0
2022-05-27 14:11:00,6600,6600,6600,6600,0
2022-05-27 14:12:00,6600,6600,6600,6600,0
2022-05-27 14:13:00,6600,6600,6600,6600,0
2022-05-27 14:14:00,6600,6600,6600,6600,0
2022-05-27 14:15:00,6600,6600,6600,6600,0
2022-05-27 14:16:00,6600,6600,6600,6600,0
2022-05-27 14:17:00,6600,6600,6600,6600,0
2022-05-27 14:18:00,6600,6600,6600,6600,0
2022-05-27 14:19:00,6600,6600,6600,6600,0
2022-05-27 14:20:00,6600,6600,6600,6600,0
2022-05-27 14:21:00,6600,6600,6600,6600,0
2022-05-27 14:22:00,6600,6600,6600,6600,0
2022-05-27 14:23:00,6600,6600,6600,6600,0
2022-05-27 14:24:00,6600,6600,6600,6600,0
2022-05-27 14:25:00,6600,6600,6600,6600,0
2022-05-27 14:26:00,6600,6600,6600,6600,0
2022-05-27 14:27:00,6600,6600,6600,6600,0
2022-05-27 14:28:00,6600,6600,6600,6600,0
2022-05-27 14:29:00,6600,6600,6600,6600,0
2022-05-27 14:30:00,6600,6600,6600,6600,0
2022-05-27 14:31:00,6600,6600,6600,6600,0
2022-05-27 14:32:00,6600,6600,6600,6600,0
2022-05-27 14:33:00,6600,6600,6600,6600,0
2022-05-27 14:34:00,6600,6600,6600,6600,0
2022-05-27 14:35:00,6600,6600,6600,6600,0
2022-05-27 14:36:00,6600,6600,6600,6600,0
2022-05-27 14:37:00,6600,6600,6600,6600,0
2022-05-27 14:38:00,6600,6600,6600,6600,0
2022-05-27 14:39:00,6600,6600,6600,6600,0
2022-05-27 14:40:00,6600,6600,6600,6600,0
2022-05-27 14:41:00,6600,6600,6600,6600,0
2022-05-27 14:42:00,6600,6600,6600,6600,0
2022-05-27 14:43:00,6600,6600,6600,6600,0
2022-05-27 14:44:00,6600,6600,6600,6600,0
2022-05-27 14:45:00,6600,6600,6600,6600,0
2022-05-27 14:46:00,6600,6600,6600,6600,0
2022-05-27 14:47:00,6600,6600,6600,6600,0
2022-05-27 14:48:00,6600,6600,6600,6600,0
2022-05-27 14:49:00,6600,6600,6600,6600,0
2022-05-27 14:50:00,6600,6600,6600,6600,0
2022-05-27 14:51:00,6600,6600,6600,6600,0
2022-05-27 14:52:00,6600,6600,6600,6600,0
2022-05-27 14:53:00,6600,6600,6600,6600,0
2022-05-27 14:54:00,6600,6600,6600,6600,0
2022-05-27 14:55:00,6600,6600,6600,6600,0
2022-05-27 14:56:00,6600,6600,6600,6600,0
2022-05-27 14:57:00,6600,6600,6600,6600,0
2022-05-27 14:58:00,6600,6600,6600,6600,0
2022-05-27 14:59:00,6600,6600,6600,6600,0
2022-05-27 15:00:00,6600,6600,6600,6600,0
2022-05-27 15:01:00,6600,6600,6600,6600,0
2022-05-27 15:02:00,6600,6600,6600,6600,0
2022-05-27 15:03:00,6600,6600,6600,6600,0
2022-05-27 15:04:00,6600,6600,6600,6600,0
2022-05-27 15:05:00,6600,6600,6600,6600,0
2022-05-27 15:06:00,6600,6600,6600,6600,0
2022-05-27 15:07:00,6600,6600,6600,6600,0
2022-05-27 15:08:00,6600,6600,6600,6600,0
2022-05-27 15:09:00,6600,6600,6600,6600,0
2022-05-27 15:10:00,6600,6600,6600,6600,0
2022-05-27 15:11:00,6600,6600,6600,6600,0
2022-05-27 15:12:00,6600,6600,6600,6600,0
2022-05-27 15:13:00,6600,6600,6600,6600,0
2022-05-27 15:14:00,6600,6600,6600,6600,0
2022-05-27 15:15:00,6600,6600,6600,6600,0
2022-05-27 15:16:00,6600,6600,6600,6600,0
2022-05-27 15:17:00,6600,6600,6600,6600,0
2022-05-27 15:18:00,6600,6600,6600,6600,0
2022-05-27 15:19:00,6600,6600,6600,6600,0
2022-05-27 15:20:00,6600,6600,6600,6600,0
2022-05-27 15:21:00,6600,6600,6600,6600,0
2022-05-27 15:22:00,6600,6600,6600,6600,0
2022-05-27 15:23:00,6600,6600,6600,6600,0
2022-05-27 15:24:00,6600,6600,6600,6600,0
2022-05-27 15:25:00,6600,6600,6600,6600,0
2022-05-27 15:26:00,6600,6600,6600,6600,0
2022-05-27 15:27:00,6600,6600,6600,6600,0
2022-05-27 15:28:00,6600,6600,6600,6600,0
2022-05-27 15:29:00,6600,6600,6600,6600,0
2022-05-27 15:30:00,6600,6600,6600,6600,0
2022-05-27 15:31:00,6600,6600,6600,6600,0
2022-05-27 15:32:00,6600,6600,6600,6600,0
2022-05-27 15:33:00,6600,6600,6600,6600,0
2022-05-27 15:34:00,6600,6600,6600,6600,0
2022-05-27 15:35:00,6600,6600,6600,6600,0
2022-05-27 15:36:00,6600,6600,6600,6600,0
2022-05-27 15:37:00,6600,6600,6600,6600,0
2022-05-27 15:38:00,6600,6600,6600,6600,0
2022-05-27 15:39:00,6600,6600,6600,6600,0
2022-05-27 15:40:00,6600,6600,6600,6600,0
2022-05-27 15:41:00,6600,6600,6600,6600,0
2022-05-27 15:42:00,6600,6600,6600,6600,0
2022-05-27 15:43:00,6600,6600,6600,6600,0
2022-05-27 15:44:00,6600,6600,6600,6600,0
2022-05-27 15:45:00,6600,6600,6600,6600,0
2022-05-27 15:46:00,6600,6600,6600,6600,0
2022-05-27 15:47:00,6600,6600,6600,6600,0
2022-05-27 15:48:00,6600,6600,6600,6600,0
2022-05-27 15:49:00,6600,6600,6600,6600,0
2022-05-27 15:50:00,6600,6600,6600,6600,0
2022-05-27 15:51:00,6600,6600,6600,6600,0
2022-05-27 15:52:00,6600,6600,6600,6600,0
2022-05-27 15:53:00,6600,6600,6600,6600,0
2022-05-27 15:54:00,6600,6600,6600,6600,0
2022-05-27 15:55:00,6600,6600,6600,6600,0
2022-05-27 15:56:00,6600,6600,6600,6600,0
2022-05-27 15:57:00,6600,6600,6600,6600,0
2022-05-27 15:58:00,6600,6600,6600,6600,0
2022-05-27 15:59:00,6600,6600,6600,6600,0
2022-05-30 09:00:00,6425,6425,6450,6450,18300
2022-05-30 09:01:00,6475,6475,6500,6475,16400
2022-05-30 09:02:00,6500,6475,6500,6475,37800
2022-05-30 09:03:00,6475,6450,6475,6450,30300
2022-05-30 09:04:00,6450,6450,6500,6500,84400
2022-05-30 09:05:00,6500,6475,6525,6525,106800
2022-05-30 09:06:00,6525,6500,6525,6500,8600
2022-05-30 09:07:00,6525,6500,6525,6525,5000
2022-05-30 09:08:00,6525,6525,6550,6550,45300
2022-05-30 09:09:00,6550,6525,6550,6525,33500
2022-05-30 09:10:00,6525,6500,6525,6525,8100
2022-05-30 09:11:00,6525,6500,6550,6550,164900
2022-05-30 09:12:00,6550,6500,6550,6500,142500
2022-05-30 09:13:00,6500,6500,6550,6550,74600
2022-05-30 09:14:00,6525,6525,6550,6525,36500
2022-05-30 09:15:00,6525,6525,6625,6625,410900
2022-05-30 09:16:00,6600,6600,6675,6625,323600
2022-05-30 09:17:00,6600,6600,6625,6625,40800
2022-05-30 09:18:00,6600,6600,6625,6600,46300
2022-05-30 09:19:00,6625,6625,6650,6625,32600
2022-05-30 09:20:00,6625,6600,6650,6625,31200
2022-05-30 09:21:00,6600,6600,6600,6600,34700
2022-05-30 09:22:00,6600,6575,6625,6625,106600
2022-05-30 09:23:00,6625,6625,6700,6675,322100
2022-05-30 09:24:00,6675,6675,6700,6675,199900
2022-05-30 09:25:00,6675,6650,6675,6650,54000
2022-05-30 09:26:00,6675,6650,6675,6675,157800
2022-05-30 09:27:00,6675,6675,6675,6675,77500
2022-05-30 09:28:00,6675,6650,6675,6650,226700
2022-05-30 09:29:00,6625,6625,6650,6625,41800
2022-05-30 09:30:00,6650,6625,6650,6625,3400
2022-05-30 09:31:00,6625,6625,6650,6625,41900
2022-05-30 09:32:00,6625,6625,6675,6675,126100
2022-05-30 09:33:00,6675,6650,6700,6700,160100
2022-05-30 09:34:00,6700,6675,6750,6725,581900
2022-05-30 09:35:00,6725,6700,6750,6750,124400
2022-05-30 09:36:00,6725,6725,6750,6750,50200
2022-05-30 09:37:00,6725,6725,6750,6725,162200
2022-05-30 09:38:00,6725,6725,6800,6775,591900
2022-05-30 09:39:00,6775,6750,6800,6775,191700
2022-05-30 09:40:00,6775,6775,6850,6825,460700
2022-05-30 09:41:00,6825,6825,6850,6850,122900
2022-05-30 09:42:00,6850,6800,6850,6825,146500
2022-05-30 09:43:00,6825,6800,6825,6825,35000
2022-05-30 09:44:00,6825,6800,6825,6825,54800
2022-05-30 09:45:00,6825,6775,6825,6800,177100
2022-05-30 09:46:00,6825,6800,6825,6800,144400
2022-05-30 09:47:00,6800,6800,6825,6825,16600
2022-05-30 09:48:00,6825,6800,6825,6825,20500
2022-05-30 09:49:00,6800,6800,6825,6800,15200
2022-05-30 09:50:00,6800,6800,6825,6800,44200
2022-05-30 09:51:00,6825,6800,6825,6825,96600
2022-05-30 09:52:00,6800,6800,6825,6800,182700
2022-05-30 09:53:00,6800,6800,6825,6800,162600
2022-05-30 09:54:00,6800,6800,6800,6800,12800
2022-05-30 09:55:00,6800,6800,6825,6800,47600
2022-05-30 09:56:00,6800,6800,6800,6800,14900
2022-05-30 09:57:00,6800,6800,6825,6800,93500
2022-05-30 09:58:00,6800,6800,6850,6825,180300
2022-05-30 09:59:00,6825,6825,6850,6825,26500
2022-05-30 10:00:00,6825,6825,6850,6825,14900
2022-05-30 10:01:00,6825,6825,6825,6825,1600
2022-05-30 10:02:00,6825,6825,6850,6825,13900
2022-05-30 10:03:00,6825,6825,6850,6825,4600
2022-05-30 10:04:00,6825,6825,6850,6825,10200
2022-05-30 10:05:00,6825,6825,6825,6825,14000
2022-05-30 10:06:00,6825,6825,6825,6825,17000
2022-05-30 10:07:00,6825,6825,6825,6825,4500
2022-05-30 10:08:00,6825,6825,6850,6850,14300
2022-05-30 10:09:00,6825,6825,6850,6850,126000
2022-05-30 10:10:00,6850,6825,6875,6850,202900
2022-05-30 10:11:00,6850,6825,6850,6825,185400
2022-05-30 10:12:00,6850,6825,6875,6850,123800
2022-05-30 10:13:00,6825,6825,6825,6825,16700
2022-05-30 10:14:00,6825,6800,6825,6800,10500
2022-05-30 10:15:00,6800,6800,6825,6825,15100
2022-05-30 10:16:00,6825,6825,6825,6825,100
2022-05-30 10:17:00,6825,6800,6825,6800,6800
2022-05-30 10:18:00,6800,6800,6800,6800,2400
2022-05-30 10:19:00,6800,6800,6800,6800,7100
2022-05-30 10:20:00,6800,6800,6825,6825,4000
2022-05-30 10:21:00,6825,6800,6825,6800,125200
2022-05-30 10:22:00,6800,6775,6800,6800,316800
2022-05-30 10:23:00,6800,6800,6825,6825,20000
2022-05-30 10:24:00,6825,6775,6825,6775,25000
2022-05-30 10:25:00,6775,6775,6775,6775,6700
2022-05-30 10:26:00,6775,6775,6800,6775,17300
2022-05-30 10:27:00,6775,6775,6775,6775,66300
2022-05-30 10:28:00,6775,6750,6775,6750,2600
2022-05-30 10:29:00,6750,6750,6775,6775,24700
2022-05-30 10:30:00,6750,6750,6775,6750,32200
2022-05-30 10:31:00,6750,6750,6750,6750,4400
2022-05-30 10:32:00,6750,6750,6775,6775,2600
2022-05-30 10:33:00,6775,6775,6775,6775,9200
2022-05-30 10:34:00,6775,6750,6775,6775,3500
2022-05-30 10:35:00,6775,6750,6775,6775,8100
2022-05-30 10:36:00,6775,6750,6775,6750,1600
2022-05-30 10:37:00,6750,6750,6750,6750,1100
2022-05-30 10:38:00,6775,6775,6775,6775,8000
2022-05-30 10:39:00,6775,6750,6775,6750,30600
2022-05-30 10:40:00,6750,6750,6775,6775,44200
2022-05-30 10:41:00,6750,6750,6750,6750,9500
2022-05-30 10:42:00,6750,6750,6750,6750,2800
2022-05-30 10:43:00,6750,6750,6750,6750,0
2022-05-30 10:44:00,6750,6750,6750,6750,1400
2022-05-30 10:45:00,6775,6750,6775,6750,2800
2022-05-30 10:46:00,6750,6750,6750,6750,700
2022-05-30 10:47:00,6750,6750,6750,6750,47100
2022-05-30 10:48:00,6750,6750,6750,6750,36900
2022-05-30 10:49:00,6750,6725,6750,6750,25100
2022-05-30 10:50:00,6750,6750,6750,6750,38500
2022-05-30 10:51:00,6750,6750,6750,6750,1300
2022-05-30 10:52:00,6775,6775,6775,6775,4800
2022-05-30 10:53:00,6775,6750,6775,6775,86900
2022-05-30 10:54:00,6775,6775,6775,6775,5800
2022-05-30 10:55:00,6775,6775,6800,6775,73200
2022-05-30 10:56:00,6775,6775,6775,6775,10600
2022-05-30 10:57:00,6775,6775,6775,6775,1000
2022-05-30 10:58:00,6775,6775,6800,6800,114200
2022-05-30 10:59:00,6800,6800,6825,6800,5200
2022-05-30 11:00:00,6800,6750,6800,6775,401000
2022-05-30 11:01:00,6775,6750,6775,6775,8800
2022-05-30 11:02:00,6775,6750,6775,6775,0
2022-05-30 11:03:00,6750,6750,6775,6775,1900
2022-05-30 11:04:00,6750,6750,6775,6775,8100
2022-05-30 11:05:00,6775,6775,6775,6775,10900
2022-05-30 11:06:00,6775,6775,6775,6775,4100
2022-05-30 11:07:00,6775,6750,6775,6775,9900
2022-05-30 11:08:00,6775,6775,6800,6800,23800
2022-05-30 11:09:00,6800,6800,6800,6800,3000
2022-05-30 11:10:00,6775,6775,6775,6775,250300
2022-05-30 11:11:00,6750,6750,6750,6750,25600
2022-05-30 11:12:00,6775,6775,6775,6775,10000
2022-05-30 11:13:00,6750,6725,6750,6750,97200
2022-05-30 11:14:00,6750,6725,6750,6725,2300
2022-05-30 11:15:00,6725,6725,6750,6750,2100
2022-05-30 11:16:00,6750,6750,6775,6775,191200
2022-05-30 11:17:00,6775,6775,6775,6775,600
2022-05-30 11:18:00,6750,6750,6750,6750,100
2022-05-30 11:19:00,6750,6750,6750,6750,100
2022-05-30 11:20:00,6775,6750,6775,6750,26600
2022-05-30 11:21:00,6775,6750,6775,6750,2000
2022-05-30 11:22:00,6775,6750,6775,6750,1300
2022-05-30 11:23:00,6775,6750,6775,6750,200
2022-05-30 11:24:00,6750,6750,6750,6750,1500
2022-05-30 11:25:00,6750,6750,6750,6750,0
2022-05-30 11:26:00,6750,6750,6775,6775,12200
2022-05-30 11:27:00,6775,6775,6775,6775,900
2022-05-30 11:28:00,6775,6775,6775,6775,38300
2022-05-30 11:29:00,6775,6775,6775,6775,0
2022-05-30 11:30:00,6775,6775,6775,6775,0
2022-05-30 11:31:00,6775,6775,6775,6775,0
2022-05-30 11:32:00,6775,6775,6775,6775,0
2022-05-30 11:33:00,6775,6775,6775,6775,0
2022-05-30 11:34:00,6775,6775,6775,6775,0
2022-05-30 11:35:00,6775,6775,6775,6775,0
2022-05-30 11:36:00,6775,6775,6775,6775,0
2022-05-30 11:37:00,6775,6775,6775,6775,0
2022-05-30 11:38:00,6775,6775,6775,6775,0
2022-05-30 11:39:00,6775,6775,6775,6775,0
2022-05-30 11:40:00,6775,6775,6775,6775,0
2022-05-30 11:41:00,6775,6775,6775,6775,0
2022-05-30 11:42:00,6775,6775,6775,6775,0
2022-05-30 11:43:00,6775,6775,6775,6775,0
2022-05-30 11:44:00,6775,6775,6775,6775,0
2022-05-30 11:45:00,6775,6775,6775,6775,0
2022-05-30 11:46:00,6775,6775,6775,6775,0
2022-05-30 11:47:00,6775,6775,6775,6775,0
2022-05-30 11:48:00,6775,6775,6775,6775,0
2022-05-30 11:49:00,6775,6775,6775,6775,0
2022-05-30 11:50:00,6775,6775,6775,6775,0
2022-05-30 11:51:00,6775,6775,6775,6775,0
2022-05-30 11:52:00,6775,6775,6775,6775,0
2022-05-30 11:53:00,6775,6775,6775,6775,0
2022-05-30 11:54:00,6775,6775,6775,6775,0
2022-05-30 11:55:00,6775,6775,6775,6775,0
2022-05-30 11:56:00,6775,6775,6775,6775,0
2022-05-30 11:57:00,6775,6775,6775,6775,0
2022-05-30 11:58:00,6775,6775,6775,6775,0
2022-05-30 11:59:00,6775,6775,6775,6775,0
2022-05-30 12:00:00,6775,6775,6775,6775,0
2022-05-30 12:01:00,6775,6775,6775,6775,0
2022-05-30 12:02:00,6775,6775,6775,6775,0
2022-05-30 12:03:00,6775,6775,6775,6775,0
2022-05-30 12:04:00,6775,6775,6775,6775,0
2022-05-30 12:05:00,6775,6775,6775,6775,0
2022-05-30 12:06:00,6775,6775,6775,6775,0
2022-05-30 12:07:00,6775,6775,6775,6775,0
2022-05-30 12:08:00,6775,6775,6775,6775,0
2022-05-30 12:09:00,6775,6775,6775,6775,0
2022-05-30 12:10:00,6775,6775,6775,6775,0
2022-05-30 12:11:00,6775,6775,6775,6775,0
2022-05-30 12:12:00,6775,6775,6775,6775,0
2022-05-30 12:13:00,6775,6775,6775,6775,0
2022-05-30 12:14:00,6775,6775,6775,6775,0
2022-05-30 12:15:00,6775,6775,6775,6775,0
2022-05-30 12:16:00,6775,6775,6775,6775,0
2022-05-30 12:17:00,6775,6775,6775,6775,0
2022-05-30 12:18:00,6775,6775,6775,6775,0
2022-05-30 12:19:00,6775,6775,6775,6775,0
2022-05-30 12:20:00,6775,6775,6775,6775,0
2022-05-30 12:21:00,6775,6775,6775,6775,0
2022-05-30 12:22:00,6775,6775,6775,6775,0
2022-05-30 12:23:00,6775,6775,6775,6775,0
2022-05-30 12:24:00,6775,6775,6775,6775,0
2022-05-30 12:25:00,6775,6775,6775,6775,0
2022-05-30 12:26:00,6775,6775,6775,6775,0
2022-05-30 12:27:00,6775,6775,6775,6775,0
2022-05-30 12:28:00,6775,6775,6775,6775,0
2022-05-30 12:29:00,6775,6775,6775,6775,0
2022-05-30 12:30:00,6775,6775,6775,6775,0
2022-05-30 12:31:00,6775,6775,6775,6775,0
2022-05-30 12:32:00,6775,6775,6775,6775,0
2022-05-30 12:33:00,6775,6775,6775,6775,0
2022-05-30 12:34:00,6775,6775,6775,6775,0
2022-05-30 12:35:00,6775,6775,6775,6775,0
2022-05-30 12:36:00,6775,6775,6775,6775,0
2022-05-30 12:37:00,6775,6775,6775,6775,0
2022-05-30 12:38:00,6775,6775,6775,6775,0
2022-05-30 12:39:00,6775,6775,6775,6775,0
2022-05-30 12:40:00,6775,6775,6775,6775,0
2022-05-30 12:41:00,6775,6775,6775,6775,0
2022-05-30 12:42:00,6775,6775,6775,6775,0
2022-05-30 12:43:00,6775,6775,6775,6775,0
2022-05-30 12:44:00,6775,6775,6775,6775,0
2022-05-30 12:45:00,6775,6775,6775,6775,0
2022-05-30 12:46:00,6775,6775,6775,6775,0
2022-05-30 12:47:00,6775,6775,6775,6775,0
2022-05-30 12:48:00,6775,6775,6775,6775,0
2022-05-30 12:49:00,6775,6775,6775,6775,0
2022-05-30 12:50:00,6775,6775,6775,6775,0
2022-05-30 12:51:00,6775,6775,6775,6775,0
2022-05-30 12:52:00,6775,6775,6775,6775,0
2022-05-30 12:53:00,6775,6775,6775,6775,0
2022-05-30 12:54:00,6775,6775,6775,6775,0
2022-05-30 12:55:00,6775,6775,6775,6775,0
2022-05-30 12:56:00,6775,6775,6775,6775,0
2022-05-30 12:57:00,6775,6775,6775,6775,0
2022-05-30 12:58:00,6775,6775,6775,6775,0
2022-05-30 12:59:00,6775,6775,6775,6775,0
2022-05-30 13:00:00,6775,6775,6775,6775,0
2022-05-30 13:01:00,6775,6775,6775,6775,0
2022-05-30 13:02:00,6775,6775,6775,6775,0
2022-05-30 13:03:00,6775,6775,6775,6775,0
2022-05-30 13:04:00,6775,6775,6775,6775,0
2022-05-30 13:05:00,6775,6775,6775,6775,0
2022-05-30 13:06:00,6775,6775,6775,6775,0
2022-05-30 13:07:00,6775,6775,6775,6775,0
2022-05-30 13:08:00,6775,6775,6775,6775,0
2022-05-30 13:09:00,6775,6775,6775,6775,0
2022-05-30 13:10:00,6775,6775,6775,6775,0
2022-05-30 13:11:00,6775,6775,6775,6775,0
2022-05-30 13:12:00,6775,6775,6775,6775,0
2022-05-30 13:13:00,6775,6775,6775,6775,0
2022-05-30 13:14:00,6775,6775,6775,6775,0
2022-05-30 13:15:00,6775,6775,6775,6775,0
2022-05-30 13:16:00,6775,6775,6775,6775,0
2022-05-30 13:17:00,6775,6775,6775,6775,0
2022-05-30 13:18:00,6775,6775,6775,6775,0
2022-05-30 13:19:00,6775,6775,6775,6775,0
2022-05-30 13:20:00,6775,6775,6775,6775,0
2022-05-30 13:21:00,6775,6775,6775,6775,0
2022-05-30 13:22:00,6775,6775,6775,6775,0
2022-05-30 13:23:00,6775,6775,6775,6775,0
2022-05-30 13:24:00,6775,6775,6775,6775,0
2022-05-30 13:25:00,6775,6775,6775,6775,0
2022-05-30 13:26:00,6775,6775,6775,6775,0
2022-05-30 13:27:00,6775,6775,6775,6775,0
2022-05-30 13:28:00,6775,6775,6775,6775,0
2022-05-30 13:29:00,6775,6775,6775,6775,0
2022-05-30 13:30:00,6775,6750,6775,6750,33300
2022-05-30 13:31:00,6775,6775,6775,6775,18300
2022-05-30 13:32:00,6775,6750,6775,6750,31000
2022-05-30 13:33:00,6750,6750,6775,6775,800
2022-05-30 13:34:00,6750,6750,6750,6750,1000
2022-05-30 13:35:00,6750,6750,6775,6775,12300
2022-05-30 13:36:00,6775,6725,6775,6750,180500
2022-05-30 13:37:00,6750,6725,6775,6775,9000
2022-05-30 13:38:00,6750,6725,6775,6750,29700
2022-05-30 13:39:00,6750,6750,6750,6750,64100
2022-05-30 13:40:00,6750,6725,6775,6750,27200
2022-05-30 13:41:00,6750,6725,6750,6750,17500
2022-05-30 13:42:00,6750,6750,6775,6750,75300
2022-05-30 13:43:00,6750,6725,6775,6750,18100
2022-05-30 13:44:00,6750,6750,6775,6775,1000
2022-05-30 13:45:00,6775,6750,6775,6775,33600
2022-05-30 13:46:00,6775,6750,6775,6750,3300
2022-05-30 13:47:00,6750,6750,6800,6800,111600
2022-05-30 13:48:00,6775,6775,6800,6775,20200
2022-05-30 13:49:00,6775,6775,6800,6775,80500
2022-05-30 13:50:00,6775,6775,6800,6800,3700
2022-05-30 13:51:00,6800,6775,6800,6775,57600
2022-05-30 13:52:00,6775,6775,6800,6775,35900
2022-05-30 13:53:00,6800,6775,6800,6800,35300
2022-05-30 13:54:00,6800,6775,6800,6775,28800
2022-05-30 13:55:00,6800,6775,6800,6800,24400
2022-05-30 13:56:00,6775,6775,6800,6800,22500
2022-05-30 13:57:00,6800,6775,6800,6775,54800
2022-05-30 13:58:00,6775,6750,6775,6750,202500
2022-05-30 13:59:00,6750,6750,6750,6750,7000
2022-05-30 14:00:00,6750,6750,6775,6750,32700
2022-05-30 14:01:00,6750,6725,6750,6750,65400
2022-05-30 14:02:00,6775,6750,6775,6750,5700
2022-05-30 14:03:00,6750,6750,6775,6750,37600
2022-05-30 14:04:00,6750,6750,6775,6775,25000
2022-05-30 14:05:00,6775,6775,6800,6800,24000
2022-05-30 14:06:00,6800,6750,6800,6775,53200
2022-05-30 14:07:00,6775,6750,6775,6750,3100
2022-05-30 14:08:00,6775,6750,6800,6750,34800
2022-05-30 14:09:00,6750,6750,6800,6750,38500
2022-05-30 14:10:00,6800,6800,6800,6800,200
2022-05-30 14:11:00,6775,6775,6800,6775,52500
2022-05-30 14:12:00,6775,6775,6800,6800,200
2022-05-30 14:13:00,6800,6750,6800,6800,217600
2022-05-30 14:14:00,6750,6725,6750,6725,63500
2022-05-30 14:15:00,6750,6725,6750,6725,0
2022-05-30 14:16:00,6750,6750,6775,6775,27100
2022-05-30 14:17:00,6775,6750,6800,6775,10000
2022-05-30 14:18:00,6775,6775,6800,6800,108100
2022-05-30 14:19:00,6800,6800,6800,6800,1000
2022-05-30 14:20:00,6775,6775,6800,6775,22300
2022-05-30 14:21:00,6800,6800,6800,6800,21300
2022-05-30 14:22:00,6800,6775,6800,6800,31800
2022-05-30 14:23:00,6800,6800,6825,6825,63400
2022-05-30 14:24:00,6825,6800,6825,6800,41400
2022-05-30 14:25:00,6800,6800,6825,6825,17200
2022-05-30 14:26:00,6800,6800,6825,6825,1000
2022-05-30 14:27:00,6825,6750,6825,6775,306600
2022-05-30 14:28:00,6775,6750,6800,6775,35500
2022-05-30 14:29:00,6775,6775,6800,6775,13100
2022-05-30 14:30:00,6800,6800,6825,6800,34500
2022-05-30 14:31:00,6800,6800,6825,6825,31700
2022-05-30 14:32:00,6800,6800,6850,6850,41800
2022-05-30 14:33:00,6850,6825,6850,6850,7600
2022-05-30 14:34:00,6825,6800,6850,6825,47500
2022-05-30 14:35:00,6825,6800,6850,6825,0
2022-05-30 14:36:00,6825,6825,6825,6825,106700
2022-05-30 14:37:00,6825,6825,6850,6850,34100
2022-05-30 14:38:00,6825,6800,6850,6850,52500
2022-05-30 14:39:00,6850,6825,6850,6825,67100
2022-05-30 14:40:00,6825,6800,6850,6800,54700
2022-05-30 14:41:00,6825,6825,6850,6850,35100
2022-05-30 14:42:00,6825,6800,6850,6825,61900
2022-05-30 14:43:00,6825,6800,6850,6825,15000
2022-05-30 14:44:00,6850,6825,6850,6825,42000
2022-05-30 14:45:00,6825,6800,6825,6825,35400
2022-05-30 14:46:00,6825,6825,6850,6850,47100
2022-05-30 14:47:00,6825,6825,6850,6850,33200
2022-05-30 14:48:00,6850,6750,6850,6775,260200
2022-05-30 14:49:00,6750,6750,6825,6775,14200
2022-05-30 14:50:00,6750,6750,6825,6775,0
2022-05-30 14:51:00,6750,6750,6825,6775,0
2022-05-30 14:52:00,6750,6750,6825,6775,0
2022-05-30 14:53:00,6750,6750,6825,6775,0
2022-05-30 14:54:00,6750,6750,6825,6775,0
2022-05-30 14:55:00,6750,6750,6825,6775,0
2022-05-30 14:56:00,6750,6750,6825,6775,0
2022-05-30 14:57:00,6750,6750,6825,6775,0
2022-05-30 14:58:00,6750,6750,6825,6775,0
2022-05-30 14:59:00,6750,6750,6825,6775,0
2022-05-30 15:00:00,6825,6825,6825,6825,122200
2022-05-30 15:01:00,6825,6825,6825,6825,63800
2022-05-30 15:02:00,6825,6825,6825,6825,3400
2022-05-30 15:03:00,6825,6825,6825,6825,5300
2022-05-30 15:04:00,6825,6825,6825,6825,16200
2022-05-30 15:05:00,6825,6825,6825,6825,15600
2022-05-30 15:06:00,6825,6825,6825,6825,100
2022-05-30 15:07:00,6825,6825,6825,6825,34000
2022-05-30 15:08:00,6825,6825,6825,6825,1100
2022-05-30 15:09:00,6825,6825,6825,6825,200
2022-05-30 15:10:00,6825,6825,6825,6825,2700
2022-05-30 15:11:00,6825,6825,6825,6825,10600
2022-05-30 15:12:00,6825,6825,6825,6825,1300
2022-05-30 15:13:00,6825,6825,6825,6825,300
2022-05-30 15:14:00,6825,6825,6825,6825,17100
2022-05-30 15:15:00,6825,6825,6825,6825,0
2022-05-30 15:16:00,6825,6825,6825,6825,0
2022-05-30 15:17:00,6825,6825,6825,6825,0
2022-05-30 15:18:00,6825,6825,6825,6825,0
2022-05-30 15:19:00,6825,6825,6825,6825,0
2022-05-30 15:20:00,6825,6825,6825,6825,0
2022-05-30 15:21:00,6825,6825,6825,6825,0
2022-05-30 15:22:00,6825,6825,6825,6825,0
2022-05-30 15:23:00,6825,6825,6825,6825,0
2022-05-30 15:24:00,6825,6825,6825,6825,0
2022-05-30 15:25:00,6825,6825,6825,6825,0
2022-05-30 15:26:00,6825,6825,6825,6825,0
2022-05-30 15:27:00,6825,6825,6825,6825,0
2022-05-30 15:28:00,6825,6825,6825,6825,0
2022-05-30 15:29:00,6825,6825,6825,6825,0
2022-05-30 15:30:00,6825,6825,6825,6825,0
2022-05-30 15:31:00,6825,6825,6825,6825,0
2022-05-30 15:32:00,6825,6825,6825,6825,0
2022-05-30 15:33:00,6825,6825,6825,6825,0
2022-05-30 15:34:00,6825,6825,6825,6825,0
2022-05-30 15:35:00,6825,6825,6825,6825,0
2022-05-30 15:36:00,6825,6825,6825,6825,0
2022-05-30 15:37:00,6825,6825,6825,6825,0
2022-05-30 15:38:00,6825,6825,6825,6825,0
2022-05-30 15:39:00,6825,6825,6825,6825,0
2022-05-30 15:40:00,6825,6825,6825,6825,0
2022-05-30 15:41:00,6825,6825,6825,6825,0
2022-05-30 15:42:00,6825,6825,6825,6825,0
2022-05-30 15:43:00,6825,6825,6825,6825,0
2022-05-30 15:44:00,6825,6825,6825,6825,0
2022-05-30 15:45:00,6825,6825,6825,6825,0
2022-05-30 15:46:00,6825,6825,6825,6825,0
2022-05-30 15:47:00,6825,6825,6825,6825,0
2022-05-30 15:48:00,6825,6825,6825,6825,0
2022-05-30 15:49:00,6825,6825,6825,6825,0
2022-05-30 15:50:00,6825,6825,6825,6825,0
2022-05-30 15:51:00,6825,6825,6825,6825,0
2022-05-30 15:52:00,6825,6825,6825,6825,0
2022-05-30 15:53:00,6825,6825,6825,6825,0
2022-05-30 15:54:00,6825,6825,6825,6825,0
2022-05-30 15:55:00,6825,6825,6825,6825,0
2022-05-30 15:56:00,6825,6825,6825,6825,0
2022-05-30 15:57:00,6825,6825,6825,6825,0
2022-05-30 15:58:00,6825,6825,6825,6825,0
2022-05-30 15:59:00,6825,6825,6825,6825,0
2022-05-31 09:00:00,6875,6875,6925,6900,153900
2022-05-31 09:01:00,6900,6875,6900,6900,52500
2022-05-31 09:02:00,6900,6800,6900,6850,427800
2022-05-31 09:03:00,6850,6800,6850,6825,36800
2022-05-31 09:04:00,6825,6825,6850,6850,29400
2022-05-31 09:05:00,6850,6850,6850,6850,84200
2022-05-31 09:06:00,6850,6800,6850,6825,92500
2022-05-31 09:07:00,6825,6800,6825,6800,40400
2022-05-31 09:08:00,6800,6800,6825,6825,17700
2022-05-31 09:09:00,6825,6825,6825,6825,22100
2022-05-31 09:10:00,6825,6825,6825,6825,21700
2022-05-31 09:11:00,6825,6825,6850,6825,43800
2022-05-31 09:12:00,6825,6825,6825,6825,10700
2022-05-31 09:13:00,6800,6800,6825,6825,34700
2022-05-31 09:14:00,6850,6850,6850,6850,1500
2022-05-31 09:15:00,6850,6800,6850,6825,27500
2022-05-31 09:16:00,6825,6825,6825,6825,5300
2022-05-31 09:17:00,6825,6800,6825,6825,13900
2022-05-31 09:18:00,6825,6825,6825,6825,54200
2022-05-31 09:19:00,6825,6825,6825,6825,10000
2022-05-31 09:20:00,6825,6800,6825,6825,300
2022-05-31 09:21:00,6825,6800,6825,6800,79700
2022-05-31 09:22:00,6800,6775,6800,6800,116600
2022-05-31 09:23:00,6775,6775,6775,6775,11800
2022-05-31 09:24:00,6775,6750,6775,6750,12700
2022-05-31 09:25:00,6775,6750,6775,6750,28500
2022-05-31 09:26:00,6775,6750,6775,6775,8400
2022-05-31 09:27:00,6750,6750,6775,6775,3600
2022-05-31 09:28:00,6775,6775,6775,6775,2700
2022-05-31 09:29:00,6775,6750,6775,6750,15400
2022-05-31 09:30:00,6775,6775,6775,6775,1300
2022-05-31 09:31:00,6775,6775,6800,6800,11000
2022-05-31 09:32:00,6775,6775,6775,6775,3000
2022-05-31 09:33:00,6775,6775,6775,6775,800
2022-05-31 09:34:00,6775,6775,6775,6775,1200
2022-05-31 09:35:00,6775,6775,6800,6800,3800
2022-05-31 09:36:00,6800,6800,6800,6800,26400
2022-05-31 09:37:00,6800,6775,6800,6800,19800
2022-05-31 09:38:00,6800,6775,6800,6800,50200
2022-05-31 09:39:00,6800,6800,6800,6800,10500
2022-05-31 09:40:00,6800,6800,6825,6800,30900
2022-05-31 09:41:00,6800,6800,6800,6800,17600
2022-05-31 09:42:00,6800,6800,6825,6825,30500
2022-05-31 09:43:00,6825,6825,6850,6850,18500
2022-05-31 09:44:00,6825,6825,6875,6850,94700
2022-05-31 09:45:00,6850,6850,6875,6850,29200
2022-05-31 09:46:00,6850,6850,6850,6850,1700
2022-05-31 09:47:00,6850,6825,6850,6825,17400
2022-05-31 09:48:00,6825,6825,6825,6825,600
2022-05-31 09:49:00,6825,6825,6850,6850,1300
2022-05-31 09:50:00,6850,6825,6850,6850,3900
2022-05-31 09:51:00,6850,6850,6875,6875,43500
2022-05-31 09:52:00,6875,6850,6900,6900,74300
2022-05-31 09:53:00,6875,6875,6900,6900,156600
2022-05-31 09:54:00,6900,6900,6925,6900,32600
2022-05-31 09:55:00,6925,6900,6925,6900,33700
2022-05-31 09:56:00,6900,6900,6900,6900,52100
2022-05-31 09:57:00,6900,6900,6900,6900,3900
2022-05-31 09:58:00,6900,6875,6900,6875,4600
2022-05-31 09:59:00,6875,6875,6900,6900,28100
2022-05-31 10:00:00,6900,6875,6900,6900,1900
2022-05-31 10:01:00,6875,6875,6875,6875,2500
2022-05-31 10:02:00,6875,6875,6900,6875,15800
2022-05-31 10:03:00,6875,6875,6900,6875,65900
2022-05-31 10:04:00,6850,6850,6875,6875,16800
2022-05-31 10:05:00,6875,6875,6875,6875,1000
2022-05-31 10:06:00,6875,6850,6875,6875,15200
2022-05-31 10:07:00,6850,6850,6875,6875,26000
2022-05-31 10:08:00,6850,6850,6875,6875,2900
2022-05-31 10:09:00,6850,6850,6875,6875,0
2022-05-31 10:10:00,6850,6850,6850,6850,400
2022-05-31 10:11:00,6850,6850,6850,6850,700
2022-05-31 10:12:00,6850,6825,6850,6825,44300
2022-05-31 10:13:00,6825,6825,6825,6825,300
2022-05-31 10:14:00,6850,6850,6850,6850,6700
2022-05-31 10:15:00,6850,6850,6850,6850,1400
2022-05-31 10:16:00,6850,6850,6850,6850,0
2022-05-31 10:17:00,6850,6850,6850,6850,2200
2022-05-31 10:18:00,6850,6850,6850,6850,200
2022-05-31 10:19:00,6875,6875,6875,6875,20500
2022-05-31 10:20:00,6850,6850,6850,6850,1200
2022-05-31 10:21:00,6875,6875,6900,6875,25800
2022-05-31 10:22:00,6875,6875,6875,6875,700
2022-05-31 10:23:00,6875,6875,6875,6875,400
2022-05-31 10:24:00,6875,6875,6925,6900,203600
2022-05-31 10:25:00,6925,6900,6925,6900,73200
2022-05-31 10:26:00,6875,6875,6875,6875,22200
2022-05-31 10:27:00,6875,6875,6875,6875,1500
2022-05-31 10:28:00,6875,6875,6900,6900,12000
2022-05-31 10:29:00,6875,6875,6900,6900,0
2022-05-31 10:30:00,6875,6875,6900,6900,23800
2022-05-31 10:31:00,6875,6875,6900,6900,0
2022-05-31 10:32:00,6900,6900,6900,6900,7500
2022-05-31 10:33:00,6875,6875,6900,6875,7300
2022-05-31 10:34:00,6900,6900,6900,6900,2900
2022-05-31 10:35:00,6900,6875,6900,6875,5900
2022-05-31 10:36:00,6900,6875,6900,6900,14500
2022-05-31 10:37:00,6900,6875,6900,6875,6700
2022-05-31 10:38:00,6875,6875,6900,6900,13800
2022-05-31 10:39:00,6900,6875,6900,6900,6200
2022-05-31 10:40:00,6900,6875,6925,6925,77300
2022-05-31 10:41:00,6925,6900,6925,6925,15800
2022-05-31 10:42:00,6900,6900,6925,6900,2600
2022-05-31 10:43:00,6900,6900,6925,6925,12400
2022-05-31 10:44:00,6925,6925,6925,6925,16000
2022-05-31 10:45:00,6925,6900,6925,6925,6300
2022-05-31 10:46:00,6900,6900,6925,6900,13100
2022-05-31 10:47:00,6900,6900,6900,6900,50800
2022-05-31 10:48:00,6900,6900,6900,6900,23700
2022-05-31 10:49:00,6900,6900,6925,6925,24800
2022-05-31 10:50:00,6925,6900,6925,6900,5300
2022-05-31 10:51:00,6925,6900,6925,6900,10700
2022-05-31 10:52:00,6900,6900,6900,6900,1400
2022-05-31 10:53:00,6900,6900,6900,6900,3100
2022-05-31 10:54:00,6900,6875,6900,6875,7000
2022-05-31 10:55:00,6875,6875,6900,6900,700
2022-05-31 10:56:00,6900,6900,6900,6900,10500
2022-05-31 10:57:00,6900,6900,6900,6900,3700
2022-05-31 10:58:00,6900,6900,6925,6925,3300
2022-05-31 10:59:00,6900,6900,6900,6900,3600
2022-05-31 11:00:00,6900,6900,6925,6925,12100
2022-05-31 11:01:00,6925,6925,6950,6925,618700
2022-05-31 11:02:00,6950,6950,6975,6975,66600
2022-05-31 11:03:00,6975,6975,7000,7000,285500
2022-05-31 11:04:00,7000,6975,7000,6975,75300
2022-05-31 11:05:00,6975,6950,6975,6975,3000
2022-05-31 11:06:00,6975,6950,6975,6975,14400
2022-05-31 11:07:00,6950,6950,6975,6975,1300
2022-05-31 11:08:00,6975,6975,6975,6975,2200
2022-05-31 11:09:00,6950,6950,6950,6950,200
2022-05-31 11:10:00,6975,6950,6975,6950,17100
2022-05-31 11:11:00,6950,6950,6975,6975,1300
2022-05-31 11:12:00,6975,6950,6975,6975,64700
2022-05-31 11:13:00,6975,6950,6975,6950,129600
2022-05-31 11:14:00,6950,6950,6950,6950,22800
2022-05-31 11:15:00,6950,6950,6975,6975,21600
2022-05-31 11:16:00,6950,6950,7000,7000,289800
2022-05-31 11:17:00,6975,6950,6975,6975,6000
2022-05-31 11:18:00,6975,6975,6975,6975,9700
2022-05-31 11:19:00,6975,6975,6975,6975,56300
2022-05-31 11:20:00,6975,6975,7000,7000,214700
2022-05-31 11:21:00,6975,6975,6975,6975,10100
2022-05-31 11:22:00,6975,6975,7000,6975,11500
2022-05-31 11:23:00,6975,6975,7000,6975,12400
2022-05-31 11:24:00,6975,6975,6975,6975,4700
2022-05-31 11:25:00,6975,6975,7000,7000,13500
2022-05-31 11:26:00,7000,7000,7000,7000,700
2022-05-31 11:27:00,6975,6975,7025,7025,203600
2022-05-31 11:28:00,7025,7000,7025,7025,30100
2022-05-31 11:29:00,7025,7000,7025,7000,3700
2022-05-31 11:30:00,7025,7000,7025,7000,0
2022-05-31 11:31:00,7025,7000,7025,7000,0
2022-05-31 11:32:00,7025,7000,7025,7000,0
2022-05-31 11:33:00,7025,7000,7025,7000,0
2022-05-31 11:34:00,7025,7000,7025,7000,0
2022-05-31 11:35:00,7025,7000,7025,7000,0
2022-05-31 11:36:00,7025,7000,7025,7000,0
2022-05-31 11:37:00,7025,7000,7025,7000,0
2022-05-31 11:38:00,7025,7000,7025,7000,0
2022-05-31 11:39:00,7025,7000,7025,7000,0
2022-05-31 11:40:00,7025,7000,7025,7000,0
2022-05-31 11:41:00,7025,7000,7025,7000,0
2022-05-31 11:42:00,7025,7000,7025,7000,0
2022-05-31 11:43:00,7025,7000,7025,7000,0
2022-05-31 11:44:00,7025,7000,7025,7000,0
2022-05-31 11:45:00,7025,7000,7025,7000,0
2022-05-31 11:46:00,7025,7000,7025,7000,0
2022-05-31 11:47:00,7025,7000,7025,7000,0
2022-05-31 11:48:00,7025,7000,7025,7000,0
2022-05-31 11:49:00,7025,7000,7025,7000,0
2022-05-31 11:50:00,7025,7000,7025,7000,0
2022-05-31 11:51:00,7025,7000,7025,7000,0
2022-05-31 11:52:00,7025,7000,7025,7000,0
2022-05-31 11:53:00,7025,7000,7025,7000,0
2022-05-31 11:54:00,7025,7000,7025,7000,0
2022-05-31 11:55:00,7025,7000,7025,7000,0
2022-05-31 11:56:00,7025,7000,7025,7000,0
2022-05-31 11:57:00,7025,7000,7025,7000,0
2022-05-31 11:58:00,7025,7000,7025,7000,0
2022-05-31 11:59:00,7025,7000,7025,7000,0
2022-05-31 12:00:00,7025,7000,7025,7000,0
2022-05-31 12:01:00,7025,7000,7025,7000,0
2022-05-31 12:02:00,7025,7000,7025,7000,0
2022-05-31 12:03:00,7025,7000,7025,7000,0
2022-05-31 12:04:00,7025,7000,7025,7000,0
2022-05-31 12:05:00,7025,7000,7025,7000,0
2022-05-31 12:06:00,7025,7000,7025,7000,0
2022-05-31 12:07:00,7025,7000,7025,7000,0
2022-05-31 12:08:00,7025,7000,7025,7000,0
2022-05-31 12:09:00,7025,7000,7025,7000,0
2022-05-31 12:10:00,7025,7000,7025,7000,0
2022-05-31 12:11:00,7025,7000,7025,7000,0
2022-05-31 12:12:00,7025,7000,7025,7000,0
2022-05-31 12:13:00,7025,7000,7025,7000,0
2022-05-31 12:14:00,7025,7000,7025,7000,0
2022-05-31 12:15:00,7025,7000,7025,7000,0
2022-05-31 12:16:00,7025,7000,7025,7000,0
2022-05-31 12:17:00,7025,7000,7025,7000,0
2022-05-31 12:18:00,7025,7000,7025,7000,0
2022-05-31 12:19:00,7025,7000,7025,7000,0
2022-05-31 12:20:00,7025,7000,7025,7000,0
2022-05-31 12:21:00,7025,7000,7025,7000,0
2022-05-31 12:22:00,7025,7000,7025,7000,0
2022-05-31 12:23:00,7025,7000,7025,7000,0
2022-05-31 12:24:00,7025,7000,7025,7000,0
2022-05-31 12:25:00,7025,7000,7025,7000,0
2022-05-31 12:26:00,7025,7000,7025,7000,0
2022-05-31 12:27:00,7025,7000,7025,7000,0
2022-05-31 12:28:00,7025,7000,7025,7000,0
2022-05-31 12:29:00,7025,7000,7025,7000,0
2022-05-31 12:30:00,7025,7000,7025,7000,0
2022-05-31 12:31:00,7025,7000,7025,7000,0
2022-05-31 12:32:00,7025,7000,7025,7000,0
2022-05-31 12:33:00,7025,7000,7025,7000,0
2022-05-31 12:34:00,7025,7000,7025,7000,0
2022-05-31 12:35:00,7025,7000,7025,7000,0
2022-05-31 12:36:00,7025,7000,7025,7000,0
2022-05-31 12:37:00,7025,7000,7025,7000,0
2022-05-31 12:38:00,7025,7000,7025,7000,0
2022-05-31 12:39:00,7025,7000,7025,7000,0
2022-05-31 12:40:00,7025,7000,7025,7000,0
2022-05-31 12:41:00,7025,7000,7025,7000,0
2022-05-31 12:42:00,7025,7000,7025,7000,0
2022-05-31 12:43:00,7025,7000,7025,7000,0
2022-05-31 12:44:00,7025,7000,7025,7000,0
2022-05-31 12:45:00,7025,7000,7025,7000,0
2022-05-31 12:46:00,7025,7000,7025,7000,0
2022-05-31 12:47:00,7025,7000,7025,7000,0
2022-05-31 12:48:00,7025,7000,7025,7000,0
2022-05-31 12:49:00,7025,7000,7025,7000,0
2022-05-31 12:50:00,7025,7000,7025,7000,0
2022-05-31 12:51:00,7025,7000,7025,7000,0
2022-05-31 12:52:00,7025,7000,7025,7000,0
2022-05-31 12:53:00,7025,7000,7025,7000,0
2022-05-31 12:54:00,7025,7000,7025,7000,0
2022-05-31 12:55:00,7025,7000,7025,7000,0
2022-05-31 12:56:00,7025,7000,7025,7000,0
2022-05-31 12:57:00,7025,7000,7025,7000,0
2022-05-31 12:58:00,7025,7000,7025,7000,0
2022-05-31 12:59:00,7025,7000,7025,7000,0
2022-05-31 13:00:00,7025,7000,7025,7000,0
2022-05-31 13:01:00,7025,7000,7025,7000,0
2022-05-31 13:02:00,7025,7000,7025,7000,0
2022-05-31 13:03:00,7025,7000,7025,7000,0
2022-05-31 13:04:00,7025,7000,7025,7000,0
2022-05-31 13:05:00,7025,7000,7025,7000,0
2022-05-31 13:06:00,7025,7000,7025,7000,0
2022-05-31 13:07:00,7025,7000,7025,7000,0
2022-05-31 13:08:00,7025,7000,7025,7000,0
2022-05-31 13:09:00,7025,7000,7025,7000,0
2022-05-31 13:10:00,7025,7000,7025,7000,0
2022-05-31 13:11:00,7025,7000,7025,7000,0
2022-05-31 13:12:00,7025,7000,7025,7000,0
2022-05-31 13:13:00,7025,7000,7025,7000,0
2022-05-31 13:14:00,7025,7000,7025,7000,0
2022-05-31 13:15:00,7025,7000,7025,7000,0
2022-05-31 13:16:00,7025,7000,7025,7000,0
2022-05-31 13:17:00,7025,7000,7025,7000,0
2022-05-31 13:18:00,7025,7000,7025,7000,0
2022-05-31 13:19:00,7025,7000,7025,7000,0
2022-05-31 13:20:00,7025,7000,7025,7000,0
2022-05-31 13:21:00,7025,7000,7025,7000,0
2022-05-31 13:22:00,7025,7000,7025,7000,0
2022-05-31 13:23:00,7025,7000,7025,7000,0
2022-05-31 13:24:00,7025,7000,7025,7000,0
2022-05-31 13:25:00,7025,7000,7025,7000,0
2022-05-31 13:26:00,7025,7000,7025,7000,0
2022-05-31 13:27:00,7025,7000,7025,7000,0
2022-05-31 13:28:00,7025,7000,7025,7000,0
2022-05-31 13:29:00,7025,7000,7025,7000,0
2022-05-31 13:30:00,7025,7000,7025,7000,77400
2022-05-31 13:31:00,7025,7025,7025,7025,21900
2022-05-31 13:32:00,7025,7000,7050,7050,241500
2022-05-31 13:33:00,7050,7025,7050,7050,21300
2022-05-31 13:34:00,7050,7025,7050,7050,42900
2022-05-31 13:35:00,7025,7025,7075,7075,240000
2022-05-31 13:36:00,7075,7050,7075,7075,10700
2022-05-31 13:37:00,7050,7050,7075,7050,20500
2022-05-31 13:38:00,7050,7050,7075,7050,219800
2022-05-31 13:39:00,7050,7025,7050,7050,10200
2022-05-31 13:40:00,7050,7025,7050,7025,2400
2022-05-31 13:41:00,7025,7025,7050,7050,5100
2022-05-31 13:42:00,7050,7025,7050,7050,22900
2022-05-31 13:43:00,7025,7025,7050,7050,62600
2022-05-31 13:44:00,7075,7050,7075,7050,108500
2022-05-31 13:45:00,7050,7025,7050,7025,9600
2022-05-31 13:46:00,7050,7025,7050,7025,17500
2022-05-31 13:47:00,7050,7050,7050,7050,28200
2022-05-31 13:48:00,7050,7050,7075,7075,52000
2022-05-31 13:49:00,7075,7050,7075,7075,4400
2022-05-31 13:50:00,7050,7050,7050,7050,3500
2022-05-31 13:51:00,7050,7050,7075,7075,3900
2022-05-31 13:52:00,7075,7050,7075,7050,1400
2022-05-31 13:53:00,7050,7050,7075,7050,22000
2022-05-31 13:54:00,7050,7050,7075,7050,7600
2022-05-31 13:55:00,7050,7050,7075,7075,11900
2022-05-31 13:56:00,7075,7050,7075,7075,20800
2022-05-31 13:57:00,7075,7050,7075,7075,10700
2022-05-31 13:58:00,7050,7050,7075,7075,36900
2022-05-31 13:59:00,7050,7050,7075,7075,18300
2022-05-31 14:00:00,7075,7050,7075,7050,25300
2022-05-31 14:01:00,7075,7050,7075,7075,16600
2022-05-31 14:02:00,7075,7075,7075,7075,22400
2022-05-31 14:03:00,7075,7050,7075,7075,14000
2022-05-31 14:04:00,7075,7050,7075,7075,16400
2022-05-31 14:05:00,7075,7050,7075,7075,25100
2022-05-31 14:06:00,7075,7050,7075,7075,9900
2022-05-31 14:07:00,7075,7050,7075,7075,28800
2022-05-31 14:08:00,7075,7050,7075,7075,15000
2022-05-31 14:09:00,7075,7050,7075,7075,25900
2022-05-31 14:10:00,7075,7075,7100,7075,177200
2022-05-31 14:11:00,7100,7075,7100,7075,9100
2022-05-31 14:12:00,7100,7075,7100,7075,6100
2022-05-31 14:13:00,7100,7075,7100,7075,17500
2022-05-31 14:14:00,7075,7075,7100,7100,3200
2022-05-31 14:15:00,7075,7075,7100,7075,99700
2022-05-31 14:16:00,7100,7075,7100,7075,8800
2022-05-31 14:17:00,7100,7075,7100,7100,129100
2022-05-31 14:18:00,7100,7100,7100,7100,31800
2022-05-31 14:19:00,7100,7100,7150,7150,702900
2022-05-31 14:20:00,7150,7125,7150,7125,215700
2022-05-31 14:21:00,7100,7100,7125,7125,109900
2022-05-31 14:22:00,7125,7100,7125,7100,63400
2022-05-31 14:23:00,7100,7075,7100,7075,7500
2022-05-31 14:24:00,7100,7075,7100,7100,59200
2022-05-31 14:25:00,7100,7075,7100,7100,9300
2022-05-31 14:26:00,7100,7100,7125,7100,95500
2022-05-31 14:27:00,7100,7100,7125,7125,36100
2022-05-31 14:28:00,7125,7100,7125,7125,81900
2022-05-31 14:29:00,7125,7125,7125,7125,9700
2022-05-31 14:30:00,7125,7125,7150,7125,315700
2022-05-31 14:31:00,7125,7125,7150,7150,73200
2022-05-31 14:32:00,7150,7125,7150,7150,85600
2022-05-31 14:33:00,7125,7125,7150,7125,36700
2022-05-31 14:34:00,7125,7125,7150,7150,277500
2022-05-31 14:35:00,7150,7150,7175,7150,32100
2022-05-31 14:36:00,7175,7150,7175,7175,134300
2022-05-31 14:37:00,7150,7150,7175,7150,18500
2022-05-31 14:38:00,7150,7150,7150,7150,13100
2022-05-31 14:39:00,7175,7150,7175,7175,190900
2022-05-31 14:40:00,7175,7150,7175,7175,40300
2022-05-31 14:41:00,7175,7150,7175,7175,120900
2022-05-31 14:42:00,7175,7175,7200,7175,258900
2022-05-31 14:43:00,7175,7150,7175,7150,34000
2022-05-31 14:44:00,7175,7150,7175,7175,54500
2022-05-31 14:45:00,7175,7175,7200,7175,20400
2022-05-31 14:46:00,7175,7175,7200,7200,135600
2022-05-31 14:47:00,7200,7150,7200,7175,131500
2022-05-31 14:48:00,7150,7150,7175,7150,11900
2022-05-31 14:49:00,7150,7125,7150,7125,87100
2022-05-31 14:50:00,7150,7125,7150,7125,0
2022-05-31 14:51:00,7150,7125,7150,7125,0
2022-05-31 14:52:00,7150,7125,7150,7125,0
2022-05-31 14:53:00,7150,7125,7150,7125,0
2022-05-31 14:54:00,7150,7125,7150,7125,0
2022-05-31 14:55:00,7150,7125,7150,7125,0
2022-05-31 14:56:00,7150,7125,7150,7125,0
2022-05-31 14:57:00,7150,7125,7150,7125,0
2022-05-31 14:58:00,7150,7125,7150,7125,0
2022-05-31 14:59:00,7150,7125,7150,7125,0
2022-05-31 15:00:00,7125,7125,7125,7125,201500
2022-05-31 15:01:00,7125,7125,7125,7125,6900
2022-05-31 15:02:00,7125,7125,7125,7125,30100
2022-05-31 15:03:00,7125,7125,7125,7125,300
2022-05-31 15:04:00,7125,7125,7125,7125,500
2022-05-31 15:05:00,7125,7125,7125,7125,1000
2022-05-31 15:06:00,7125,7125,7125,7125,10000
2022-05-31 15:07:00,7125,7125,7125,7125,2300
2022-05-31 15:08:00,7125,7125,7125,7125,18300
2022-05-31 15:09:00,7125,7125,7125,7125,300
2022-05-31 15:10:00,7125,7125,7125,7125,1400
2022-05-31 15:11:00,7125,7125,7125,7125,100
2022-05-31 15:12:00,7125,7125,7125,7125,50300
2022-05-31 15:13:00,7125,7125,7125,7125,3000
2022-05-31 15:14:00,7125,7125,7125,7125,5700
2022-05-31 15:15:00,7125,7125,7125,7125,0
2022-05-31 15:16:00,7125,7125,7125,7125,0
2022-05-31 15:17:00,7125,7125,7125,7125,0
2022-05-31 15:18:00,7125,7125,7125,7125,0
2022-05-31 15:19:00,7125,7125,7125,7125,0
2022-05-31 15:20:00,7125,7125,7125,7125,0
2022-05-31 15:21:00,7125,7125,7125,7125,0
2022-05-31 15:22:00,7125,7125,7125,7125,0
2022-05-31 15:23:00,7125,7125,7125,7125,0
2022-05-31 15:24:00,7125,7125,7125,7125,0
2022-05-31 15:25:00,7125,7125,7125,7125,0
2022-05-31 15:26:00,7125,7125,7125,7125,0
2022-05-31 15:27:00,7125,7125,7125,7125,0
2022-05-31 15:28:00,7125,7125,7125,7125,0
2022-05-31 15:29:00,7125,7125,7125,7125,0
2022-05-31 15:30:00,7125,7125,7125,7125,0
2022-05-31 15:31:00,7125,7125,7125,7125,0
2022-05-31 15:32:00,7125,7125,7125,7125,0
2022-05-31 15:33:00,7125,7125,7125,7125,0
2022-05-31 15:34:00,7125,7125,7125,7125,0
2022-05-31 15:35:00,7125,7125,7125,7125,0
2022-05-31 15:36:00,7125,7125,7125,7125,0
2022-05-31 15:37:00,7125,7125,7125,7125,0
2022-05-31 15:38:00,7125,7125,7125,7125,0
2022-05-31 15:39:00,7125,7125,7125,7125,0
2022-05-31 15:40:00,7125,7125,7125,7125,0
2022-05-31 15:41:00,7125,7125,7125,7125,0
2022-05-31 15:42:00,7125,7125,7125,7125,0
2022-05-31 15:43:00,7125,7125,7125,7125,0
2022-05-31 15:44:00,7125,7125,7125,7125,0
2022-05-31 15:45:00,7125,7125,7125,7125,0
2022-05-31 15:46:00,7125,7125,7125,7125,0
2022-05-31 15:47:00,7125,7125,7125,7125,0
2022-05-31 15:48:00,7125,7125,7125,7125,0
2022-05-31 15:49:00,7125,7125,7125,7125,0
2022-05-31 15:50:00,7125,7125,7125,7125,0
2022-05-31 15:51:00,7125,7125,7125,7125,0
2022-05-31 15:52:00,7125,7125,7125,7125,0
2022-05-31 15:53:00,7125,7125,7125,7125,0
2022-05-31 15:54:00,7125,7125,7125,7125,0
2022-05-31 15:55:00,7125,7125,7125,7125,0
2022-05-31 15:56:00,7125,7125,7125,7125,0
2022-05-31 15:57:00,7125,7125,7125,7125,0
2022-05-31 15:58:00,7125,7125,7125,7125,0
2022-05-31 15:59:00,7125,7125,7125,7125,0
2022-06-01 09:00:00,7125,7125,7125,7125,0
2022-06-01 09:01:00,7125,7125,7125,7125,0
2022-06-01 09:02:00,7125,7125,7125,7125,0
2022-06-01 09:03:00,7125,7125,7125,7125,0
2022-06-01 09:04:00,7125,7125,7125,7125,0
2022-06-01 09:05:00,7125,7125,7125,7125,0
2022-06-01 09:06:00,7125,7125,7125,7125,0
2022-06-01 09:07:00,7125,7125,7125,7125,0
2022-06-01 09:08:00,7125,7125,7125,7125,0
2022-06-01 09:09:00,7125,7125,7125,7125,0
2022-06-01 09:10:00,7125,7125,7125,7125,0
2022-06-01 09:11:00,7125,7125,7125,7125,0
2022-06-01 09:12:00,7125,7125,7125,7125,0
2022-06-01 09:13:00,7125,7125,7125,7125,0
2022-06-01 09:14:00,7125,7125,7125,7125,0
2022-06-01 09:15:00,7125,7125,7125,7125,0
2022-06-01 09:16:00,7125,7125,7125,7125,0
2022-06-01 09:17:00,7125,7125,7125,7125,0
2022-06-01 09:18:00,7125,7125,7125,7125,0
2022-06-01 09:19:00,7125,7125,7125,7125,0
2022-06-01 09:20:00,7125,7125,7125,7125,0
2022-06-01 09:21:00,7125,7125,7125,7125,0
2022-06-01 09:22:00,7125,7125,7125,7125,0
2022-06-01 09:23:00,7125,7125,7125,7125,0
2022-06-01 09:24:00,7125,7125,7125,7125,0
2022-06-01 09:25:00,7125,7125,7125,7125,0
2022-06-01 09:26:00,7125,7125,7125,7125,0
2022-06-01 09:27:00,7125,7125,7125,7125,0
2022-06-01 09:28:00,7125,7125,7125,7125,0
2022-06-01 09:29:00,7125,7125,7125,7125,0
2022-06-01 09:30:00,7125,7125,7125,7125,0
2022-06-01 09:31:00,7125,7125,7125,7125,0
2022-06-01 09:32:00,7125,7125,7125,7125,0
2022-06-01 09:33:00,7125,7125,7125,7125,0
2022-06-01 09:34:00,7125,7125,7125,7125,0
2022-06-01 09:35:00,7125,7125,7125,7125,0
2022-06-01 09:36:00,7125,7125,7125,7125,0
2022-06-01 09:37:00,7125,7125,7125,7125,0
2022-06-01 09:38:00,7125,7125,7125,7125,0
2022-06-01 09:39:00,7125,7125,7125,7125,0
2022-06-01 09:40:00,7125,7125,7125,7125,0
2022-06-01 09:41:00,7125,7125,7125,7125,0
2022-06-01 09:42:00,7125,7125,7125,7125,0
2022-06-01 09:43:00,7125,7125,7125,7125,0
2022-06-01 09:44:00,7125,7125,7125,7125,0
2022-06-01 09:45:00,7125,7125,7125,7125,0
2022-06-01 09:46:00,7125,7125,7125,7125,0
2022-06-01 09:47:00,7125,7125,7125,7125,0
2022-06-01 09:48:00,7125,7125,7125,7125,0
2022-06-01 09:49:00,7125,7125,7125,7125,0
2022-06-01 09:50:00,7125,7125,7125,7125,0
2022-06-01 09:51:00,7125,7125,7125,7125,0
2022-06-01 09:52:00,7125,7125,7125,7125,0
2022-06-01 09:53:00,7125,7125,7125,7125,0
2022-06-01 09:54:00,7125,7125,7125,7125,0
2022-06-01 09:55:00,7125,7125,7125,7125,0
2022-06-01 09:56:00,7125,7125,7125,7125,0
2022-06-01 09:57:00,7125,7125,7125,7125,0
2022-06-01 09:58:00,7125,7125,7125,7125,0
2022-06-01 09:59:00,7125,7125,7125,7125,0
2022-06-01 10:00:00,7125,7125,7125,7125,0
2022-06-01 10:01:00,7125,7125,7125,7125,0
2022-06-01 10:02:00,7125,7125,7125,7125,0
2022-06-01 10:03:00,7125,7125,7125,7125,0
2022-06-01 10:04:00,7125,7125,7125,7125,0
2022-06-01 10:05:00,7125,7125,7125,7125,0
2022-06-01 10:06:00,7125,7125,7125,7125,0
2022-06-01 10:07:00,7125,7125,7125,7125,0
2022-06-01 10:08:00,7125,7125,7125,7125,0
2022-06-01 10:09:00,7125,7125,7125,7125,0
2022-06-01 10:10:00,7125,7125,7125,7125,0
2022-06-01 10:11:00,7125,7125,7125,7125,0
2022-06-01 10:12:00,7125,7125,7125,7125,0
2022-06-01 10:13:00,7125,7125,7125,7125,0
2022-06-01 10:14:00,7125,7125,7125,7125,0
2022-06-01 10:15:00,7125,7125,7125,7125,0
2022-06-01 10:16:00,7125,7125,7125,7125,0
2022-06-01 10:17:00,7125,7125,7125,7125,0
2022-06-01 10:18:00,7125,7125,7125,7125,0
2022-06-01 10:19:00,7125,7125,7125,7125,0
2022-06-01 10:20:00,7125,7125,7125,7125,0
2022-06-01 10:21:00,7125,7125,7125,7125,0
2022-06-01 10:22:00,7125,7125,7125,7125,0
2022-06-01 10:23:00,7125,7125,7125,7125,0
2022-06-01 10:24:00,7125,7125,7125,7125,0
2022-06-01 10:25:00,7125,7125,7125,7125,0
2022-06-01 10:26:00,7125,7125,7125,7125,0
2022-06-01 10:27:00,7125,7125,7125,7125,0
2022-06-01 10:28:00,7125,7125,7125,7125,0
2022-06-01 10:29:00,7125,7125,7125,7125,0
2022-06-01 10:30:00,7125,7125,7125,7125,0
2022-06-01 10:31:00,7125,7125,7125,7125,0
2022-06-01 10:32:00,7125,7125,7125,7125,0
2022-06-01 10:33:00,7125,7125,7125,7125,0
2022-06-01 10:34:00,7125,7125,7125,7125,0
2022-06-01 10:35:00,7125,7125,7125,7125,0
2022-06-01 10:36:00,7125,7125,7125,7125,0
2022-06-01 10:37:00,7125,7125,7125,7125,0
2022-06-01 10:38:00,7125,7125,7125,7125,0
2022-06-01 10:39:00,7125,7125,7125,7125,0
2022-06-01 10:40:00,7125,7125,7125,7125,0
2022-06-01 10:41:00,7125,7125,7125,7125,0
2022-06-01 10:42:00,7125,7125,7125,7125,0
2022-06-01 10:43:00,7125,7125,7125,7125,0
2022-06-01 10:44:00,7125,7125,7125,7125,0
2022-06-01 10:45:00,7125,7125,7125,7125,0
2022-06-01 10:46:00,7125,7125,7125,7125,0
2022-06-01 10:47:00,7125,7125,7125,7125,0
2022-06-01 10:48:00,7125,7125,7125,7125,0
2022-06-01 10:49:00,7125,7125,7125,7125,0
2022-06-01 10:50:00,7125,7125,7125,7125,0
2022-06-01 10:51:00,7125,7125,7125,7125,0
2022-06-01 10:52:00,7125,7125,7125,7125,0
2022-06-01 10:53:00,7125,7125,7125,7125,0
2022-06-01 10:54:00,7125,7125,7125,7125,0
2022-06-01 10:55:00,7125,7125,7125,7125,0
2022-06-01 10:56:00,7125,7125,7125,7125,0
2022-06-01 10:57:00,7125,7125,7125,7125,0
2022-06-01 10:58:00,7125,7125,7125,7125,0
2022-06-01 10:59:00,7125,7125,7125,7125,0
2022-06-01 11:00:00,7125,7125,7125,7125,0
2022-06-01 11:01:00,7125,7125,7125,7125,0
2022-06-01 11:02:00,7125,7125,7125,7125,0
2022-06-01 11:03:00,7125,7125,7125,7125,0
2022-06-01 11:04:00,7125,7125,7125,7125,0
2022-06-01 11:05:00,7125,7125,7125,7125,0
2022-06-01 11:06:00,7125,7125,7125,7125,0
2022-06-01 11:07:00,7125,7125,7125,7125,0
2022-06-01 11:08:00,7125,7125,7125,7125,0
2022-06-01 11:09:00,7125,7125,7125,7125,0
2022-06-01 11:10:00,7125,7125,7125,7125,0
2022-06-01 11:11:00,7125,7125,7125,7125,0
2022-06-01 11:12:00,7125,7125,7125,7125,0
2022-06-01 11:13:00,7125,7125,7125,7125,0
2022-06-01 11:14:00,7125,7125,7125,7125,0
2022-06-01 11:15:00,7125,7125,7125,7125,0
2022-06-01 11:16:00,7125,7125,7125,7125,0
2022-06-01 11:17:00,7125,7125,7125,7125,0
2022-06-01 11:18:00,7125,7125,7125,7125,0
2022-06-01 11:19:00,7125,7125,7125,7125,0
2022-06-01 11:20:00,7125,7125,7125,7125,0
2022-06-01 11:21:00,7125,7125,7125,7125,0
2022-06-01 11:22:00,7125,7125,7125,7125,0
2022-06-01 11:23:00,7125,7125,7125,7125,0
2022-06-01 11:24:00,7125,7125,7125,7125,0
2022-06-01 11:25:00,7125,7125,7125,7125,0
2022-06-01 11:26:00,7125,7125,7125,7125,0
2022-06-01 11:27:00,7125,7125,7125,7125,0
2022-06-01 11:28:00,7125,7125,7125,7125,0
2022-06-01 11:29:00,7125,7125,7125,7125,0
2022-06-01 11:30:00,7125,7125,7125,7125,0
2022-06-01 11:31:00,7125,7125,7125,7125,0
2022-06-01 11:32:00,7125,7125,7125,7125,0
2022-06-01 11:33:00,7125,7125,7125,7125,0
2022-06-01 11:34:00,7125,7125,7125,7125,0
2022-06-01 11:35:00,7125,7125,7125,7125,0
2022-06-01 11:36:00,7125,7125,7125,7125,0
2022-06-01 11:37:00,7125,7125,7125,7125,0
2022-06-01 11:38:00,7125,7125,7125,7125,0
2022-06-01 11:39:00,7125,7125,7125,7125,0
2022-06-01 11:40:00,7125,7125,7125,7125,0
2022-06-01 11:41:00,7125,7125,7125,7125,0
2022-06-01 11:42:00,7125,7125,7125,7125,0
2022-06-01 11:43:00,7125,7125,7125,7125,0
2022-06-01 11:44:00,7125,7125,7125,7125,0
2022-06-01 11:45:00,7125,7125,7125,7125,0
2022-06-01 11:46:00,7125,7125,7125,7125,0
2022-06-01 11:47:00,7125,7125,7125,7125,0
2022-06-01 11:48:00,7125,7125,7125,7125,0
2022-06-01 11:49:00,7125,7125,7125,7125,0
2022-06-01 11:50:00,7125,7125,7125,7125,0
2022-06-01 11:51:00,7125,7125,7125,7125,0
2022-06-01 11:52:00,7125,7125,7125,7125,0
2022-06-01 11:53:00,7125,7125,7125,7125,0
2022-06-01 11:54:00,7125,7125,7125,7125,0
2022-06-01 11:55:00,7125,7125,7125,7125,0
2022-06-01 11:56:00,7125,7125,7125,7125,0
2022-06-01 11:57:00,7125,7125,7125,7125,0
2022-06-01 11:58:00,7125,7125,7125,7125,0
2022-06-01 11:59:00,7125,7125,7125,7125,0
2022-06-01 12:00:00,7125,7125,7125,7125,0
2022-06-01 12:01:00,7125,7125,7125,7125,0
2022-06-01 12:02:00,7125,7125,7125,7125,0
2022-06-01 12:03:00,7125,7125,7125,7125,0
2022-06-01 12:04:00,7125,7125,7125,7125,0
2022-06-01 12:05:00,7125,7125,7125,7125,0
2022-06-01 12:06:00,7125,7125,7125,7125,0
2022-06-01 12:07:00,7125,7125,7125,7125,0
2022-06-01 12:08:00,7125,7125,7125,7125,0
2022-06-01 12:09:00,7125,7125,7125,7125,0
2022-06-01 12:10:00,7125,7125,7125,7125,0
2022-06-01 12:11:00,7125,7125,7125,7125,0
2022-06-01 12:12:00,7125,7125,7125,7125,0
2022-06-01 12:13:00,7125,7125,7125,7125,0
2022-06-01 12:14:00,7125,7125,7125,7125,0
2022-06-01 12:15:00,7125,7125,7125,7125,0
2022-06-01 12:16:00,7125,7125,7125,7125,0
2022-06-01 12:17:00,7125,7125,7125,7125,0
2022-06-01 12:18:00,7125,7125,7125,7125,0
2022-06-01 12:19:00,7125,7125,7125,7125,0
2022-06-01 12:20:00,7125,7125,7125,7125,0
2022-06-01 12:21:00,7125,7125,7125,7125,0
2022-06-01 12:22:00,7125,7125,7125,7125,0
2022-06-01 12:23:00,7125,7125,7125,7125,0
2022-06-01 12:24:00,7125,7125,7125,7125,0
2022-06-01 12:25:00,7125,7125,7125,7125,0
2022-06-01 12:26:00,7125,7125,7125,7125,0
2022-06-01 12:27:00,7125,7125,7125,7125,0
2022-06-01 12:28:00,7125,7125,7125,7125,0
2022-06-01 12:29:00,7125,7125,7125,7125,0
2022-06-01 12:30:00,7125,7125,7125,7125,0
2022-06-01 12:31:00,7125,7125,7125,7125,0
2022-06-01 12:32:00,7125,7125,7125,7125,0
2022-06-01 12:33:00,7125,7125,7125,7125,0
2022-06-01 12:34:00,7125,7125,7125,7125,0
2022-06-01 12:35:00,7125,7125,7125,7125,0
2022-06-01 12:36:00,7125,7125,7125,7125,0
2022-06-01 12:37:00,7125,7125,7125,7125,0
2022-06-01 12:38:00,7125,7125,7125,7125,0
2022-06-01 12:39:00,7125,7125,7125,7125,0
2022-06-01 12:40:00,7125,7125,7125,7125,0
2022-06-01 12:41:00,7125,7125,7125,7125,0
2022-06-01 12:42:00,7125,7125,7125,7125,0
2022-06-01 12:43:00,7125,7125,7125,7125,0
2022-06-01 12:44:00,7125,7125,7125,7125,0
2022-06-01 12:45:00,7125,7125,7125,7125,0
2022-06-01 12:46:00,7125,7125,7125,7125,0
2022-06-01 12:47:00,7125,7125,7125,7125,0
2022-06-01 12:48:00,7125,7125,7125,7125,0
2022-06-01 12:49:00,7125,7125,7125,7125,0
2022-06-01 12:50:00,7125,7125,7125,7125,0
2022-06-01 12:51:00,7125,7125,7125,7125,0
2022-06-01 12:52:00,7125,7125,7125,7125,0
2022-06-01 12:53:00,7125,7125,7125,7125,0
2022-06-01 12:54:00,7125,7125,7125,7125,0
2022-06-01 12:55:00,7125,7125,7125,7125,0
2022-06-01 12:56:00,7125,7125,7125,7125,0
2022-06-01 12:57:00,7125,7125,7125,7125,0
2022-06-01 12:58:00,7125,7125,7125,7125,0
2022-06-01 12:59:00,7125,7125,7125,7125,0
2022-06-01 13:00:00,7125,7125,7125,7125,0
2022-06-01 13:01:00,7125,7125,7125,7125,0
2022-06-01 13:02:00,7125,7125,7125,7125,0
2022-06-01 13:03:00,7125,7125,7125,7125,0
2022-06-01 13:04:00,7125,7125,7125,7125,0
2022-06-01 13:05:00,7125,7125,7125,7125,0
2022-06-01 13:06:00,7125,7125,7125,7125,0
2022-06-01 13:07:00,7125,7125,7125,7125,0
2022-06-01 13:08:00,7125,7125,7125,7125,0
2022-06-01 13:09:00,7125,7125,7125,7125,0
2022-06-01 13:10:00,7125,7125,7125,7125,0
2022-06-01 13:11:00,7125,7125,7125,7125,0
2022-06-01 13:12:00,7125,7125,7125,7125,0
2022-06-01 13:13:00,7125,7125,7125,7125,0
2022-06-01 13:14:00,7125,7125,7125,7125,0
2022-06-01 13:15:00,7125,7125,7125,7125,0
2022-06-01 13:16:00,7125,7125,7125,7125,0
2022-06-01 13:17:00,7125,7125,7125,7125,0
2022-06-01 13:18:00,7125,7125,7125,7125,0
2022-06-01 13:19:00,7125,7125,7125,7125,0
2022-06-01 13:20:00,7125,7125,7125,7125,0
2022-06-01 13:21:00,7125,7125,7125,7125,0
2022-06-01 13:22:00,7125,7125,7125,7125,0
2022-06-01 13:23:00,7125,7125,7125,7125,0
2022-06-01 13:24:00,7125,7125,7125,7125,0
2022-06-01 13:25:00,7125,7125,7125,7125,0
2022-06-01 13:26:00,7125,7125,7125,7125,0
2022-06-01 13:27:00,7125,7125,7125,7125,0
2022-06-01 13:28:00,7125,7125,7125,7125,0
2022-06-01 13:29:00,7125,7125,7125,7125,0
2022-06-01 13:30:00,7125,7125,7125,7125,0
2022-06-01 13:31:00,7125,7125,7125,7125,0
2022-06-01 13:32:00,7125,7125,7125,7125,0
2022-06-01 13:33:00,7125,7125,7125,7125,0
2022-06-01 13:34:00,7125,7125,7125,7125,0
2022-06-01 13:35:00,7125,7125,7125,7125,0
2022-06-01 13:36:00,7125,7125,7125,7125,0
2022-06-01 13:37:00,7125,7125,7125,7125,0
2022-06-01 13:38:00,7125,7125,7125,7125,0
2022-06-01 13:39:00,7125,7125,7125,7125,0
2022-06-01 13:40:00,7125,7125,7125,7125,0
2022-06-01 13:41:00,7125,7125,7125,7125,0
2022-06-01 13:42:00,7125,7125,7125,7125,0
2022-06-01 13:43:00,7125,7125,7125,7125,0
2022-06-01 13:44:00,7125,7125,7125,7125,0
2022-06-01 13:45:00,7125,7125,7125,7125,0
2022-06-01 13:46:00,7125,7125,7125,7125,0
2022-06-01 13:47:00,7125,7125,7125,7125,0
2022-06-01 13:48:00,7125,7125,7125,7125,0
2022-06-01 13:49:00,7125,7125,7125,7125,0
2022-06-01 13:50:00,7125,7125,7125,7125,0
2022-06-01 13:51:00,7125,7125,7125,7125,0
2022-06-01 13:52:00,7125,7125,7125,7125,0
2022-06-01 13:53:00,7125,7125,7125,7125,0
2022-06-01 13:54:00,7125,7125,7125,7125,0
2022-06-01 13:55:00,7125,7125,7125,7125,0
2022-06-01 13:56:00,7125,7125,7125,7125,0
2022-06-01 13:57:00,7125,7125,7125,7125,0
2022-06-01 13:58:00,7125,7125,7125,7125,0
2022-06-01 13:59:00,7125,7125,7125,7125,0
2022-06-01 14:00:00,7125,7125,7125,7125,0
2022-06-01 14:01:00,7125,7125,7125,7125,0
2022-06-01 14:02:00,7125,7125,7125,7125,0
2022-06-01 14:03:00,7125,7125,7125,7125,0
2022-06-01 14:04:00,7125,7125,7125,7125,0
2022-06-01 14:05:00,7125,7125,7125,7125,0
2022-06-01 14:06:00,7125,7125,7125,7125,0
2022-06-01 14:07:00,7125,7125,7125,7125,0
2022-06-01 14:08:00,7125,7125,7125,7125,0
2022-06-01 14:09:00,7125,7125,7125,7125,0
2022-06-01 14:10:00,7125,7125,7125,7125,0
2022-06-01 14:11:00,7125,7125,7125,7125,0
2022-06-01 14:12:00,7125,7125,7125,7125,0
2022-06-01 14:13:00,7125,7125,7125,7125,0
2022-06-01 14:14:00,7125,7125,7125,7125,0
2022-06-01 14:15:00,7125,7125,7125,7125,0
2022-06-01 14:16:00,7125,7125,7125,7125,0
2022-06-01 14:17:00,7125,7125,7125,7125,0
2022-06-01 14:18:00,7125,7125,7125,7125,0
2022-06-01 14:19:00,7125,7125,7125,7125,0
2022-06-01 14:20:00,7125,7125,7125,7125,0
2022-06-01 14:21:00,7125,7125,7125,7125,0
2022-06-01 14:22:00,7125,7125,7125,7125,0
2022-06-01 14:23:00,7125,7125,7125,7125,0
2022-06-01 14:24:00,7125,7125,7125,7125,0
2022-06-01 14:25:00,7125,7125,7125,7125,0
2022-06-01 14:26:00,7125,7125,7125,7125,0
2022-06-01 14:27:00,7125,7125,7125,7125,0
2022-06-01 14:28:00,7125,7125,7125,7125,0
2022-06-01 14:29:00,7125,7125,7125,7125,0
2022-06-01 14:30:00,7125,7125,7125,7125,0
2022-06-01 14:31:00,7125,7125,7125,7125,0
2022-06-01 14:32:00,7125,7125,7125,7125,0
2022-06-01 14:33:00,7125,7125,7125,7125,0
2022-06-01 14:34:00,7125,7125,7125,7125,0
2022-06-01 14:35:00,7125,7125,7125,7125,0
2022-06-01 14:36:00,7125,7125,7125,7125,0
2022-06-01 14:37:00,7125,7125,7125,7125,0
2022-06-01 14:38:00,7125,7125,7125,7125,0
2022-06-01 14:39:00,7125,7125,7125,7125,0
2022-06-01 14:40:00,7125,7125,7125,7125,0
2022-06-01 14:41:00,7125,7125,7125,7125,0
2022-06-01 14:42:00,7125,7125,7125,7125,0
2022-06-01 14:43:00,7125,7125,7125,7125,0
2022-06-01 14:44:00,7125,7125,7125,7125,0
2022-06-01 14:45:00,7125,7125,7125,7125,0
2022-06-01 14:46:00,7125,7125,7125,7125,0
2022-06-01 14:47:00,7125,7125,7125,7125,0
2022-06-01 14:48:00,7125,7125,7125,7125,0
2022-06-01 14:49:00,7125,7125,7125,7125,0
2022-06-01 14:50:00,7125,7125,7125,7125,0
2022-06-01 14:51:00,7125,7125,7125,7125,0
2022-06-01 14:52:00,7125,7125,7125,7125,0
2022-06-01 14:53:00,7125,7125,7125,7125,0
2022-06-01 14:54:00,7125,7125,7125,7125,0
2022-06-01 14:55:00,7125,7125,7125,7125,0
2022-06-01 14:56:00,7125,7125,7125,7125,0
2022-06-01 14:57:00,7125,7125,7125,7125,0
2022-06-01 14:58:00,7125,7125,7125,7125,0
2022-06-01 14:59:00,7125,7125,7125,7125,0
2022-06-01 15:00:00,7125,7125,7125,7125,0
2022-06-01 15:01:00,7125,7125,7125,7125,0
2022-06-01 15:02:00,7125,7125,7125,7125,0
2022-06-01 15:03:00,7125,7125,7125,7125,0
2022-06-01 15:04:00,7125,7125,7125,7125,0
2022-06-01 15:05:00,7125,7125,7125,7125,0
2022-06-01 15:06:00,7125,7125,7125,7125,0
2022-06-01 15:07:00,7125,7125,7125,7125,0
2022-06-01 15:08:00,7125,7125,7125,7125,0
2022-06-01 15:09:00,7125,7125,7125,7125,0
2022-06-01 15:10:00,7125,7125,7125,7125,0
2022-06-01 15:11:00,7125,7125,7125,7125,0
2022-06-01 15:12:00,7125,7125,7125,7125,0
2022-06-01 15:13:00,7125,7125,7125,7125,0
2022-06-01 15:14:00,7125,7125,7125,7125,0
2022-06-01 15:15:00,7125,7125,7125,7125,0
2022-06-01 15:16:00,7125,7125,7125,7125,0
2022-06-01 15:17:00,7125,7125,7125,7125,0
2022-06-01 15:18:00,7125,7125,7125,7125,0
2022-06-01 15:19:00,7125,7125,7125,7125,0
2022-06-01 15:20:00,7125,7125,7125,7125,0
2022-06-01 15:21:00,7125,7125,7125,7125,0
2022-06-01 15:22:00,7125,7125,7125,7125,0
2022-06-01 15:23:00,7125,7125,7125,7125,0
2022-06-01 15:24:00,7125,7125,7125,7125,0
2022-06-01 15:25:00,7125,7125,7125,7125,0
2022-06-01 15:26:00,7125,7125,7125,7125,0
2022-06-01 15:27:00,7125,7125,7125,7125,0
2022-06-01 15:28:00,7125,7125,7125,7125,0
2022-06-01 15:29:00,7125,7125,7125,7125,0
2022-06-01 15:30:00,7125,7125,7125,7125,0
2022-06-01 15:31:00,7125,7125,7125,7125,0
2022-06-01 15:32:00,7125,7125,7125,7125,0
2022-06-01 15:33:00,7125,7125,7125,7125,0
2022-06-01 15:34:00,7125,7125,7125,7125,0
2022-06-01 15:35:00,7125,7125,7125,7125,0
2022-06-01 15:36:00,7125,7125,7125,7125,0
2022-06-01 15:37:00,7125,7125,7125,7125,0
2022-06-01 15:38:00,7125,7125,7125,7125,0
2022-06-01 15:39:00,7125,7125,7125,7125,0
2022-06-01 15:40:00,7125,7125,7125,7125,0
2022-06-01 15:41:00,7125,7125,7125,7125,0
2022-06-01 15:42:00,7125,7125,7125,7125,0
2022-06-01 15:43:00,7125,7125,7125,7125,0
2022-06-01 15:44:00,7125,7125,7125,7125,0
2022-06-01 15:45:00,7125,7125,7125,7125,0
2022-06-01 15:46:00,7125,7125,7125,7125,0
2022-06-01 15:47:00,7125,7125,7125,7125,0
2022-06-01 15:48:00,7125,7125,7125,7125,0
2022-06-01 15:49:00,7125,7125,7125,7125,0
2022-06-01 15:50:00,7125,7125,7125,7125,0
2022-06-01 15:51:00,7125,7125,7125,7125,0
2022-06-01 15:52:00,7125,7125,7125,7125,0
2022-06-01 15:53:00,7125,7125,7125,7125,0
2022-06-01 15:54:00,7125,7125,7125,7125,0
2022-06-01 15:55:00,7125,7125,7125,7125,0
2022-06-01 15:56:00,7125,7125,7125,7125,0
2022-06-01 15:57:00,7125,7125,7125,7125,0
2022-06-01 15:58:00,7125,7125,7125,7125,0
2022-06-01 15:59:00,7125,7125,7125,7125,0
2022-06-02 09:00:00,7125,7100,7150,7125,96600
2022-06-02 09:01:00,7125,7050,7125,7075,26300
2022-06-02 09:02:00,7075,7075,7100,7100,39600
2022-06-02 09:03:00,7100,7100,7175,7175,171700
2022-06-02 09:04:00,7175,7150,7200,7150,313900
2022-06-02 09:05:00,7125,7125,7150,7150,73800
2022-06-02 09:06:00,7150,7150,7175,7150,25700
2022-06-02 09:07:00,7150,7150,7175,7150,15900
2022-06-02 09:08:00,7150,7150,7200,7175,238700
2022-06-02 09:09:00,7175,7150,7200,7200,154400
2022-06-02 09:10:00,7200,7175,7225,7200,302600
2022-06-02 09:11:00,7200,7175,7225,7200,76500
2022-06-02 09:12:00,7200,7175,7200,7200,20700
2022-06-02 09:13:00,7175,7175,7200,7200,5500
2022-06-02 09:14:00,7200,7200,7200,7200,110500
2022-06-02 09:15:00,7200,7200,7225,7200,104700
2022-06-02 09:16:00,7200,7175,7200,7200,36400
2022-06-02 09:17:00,7175,7175,7200,7200,19700
2022-06-02 09:18:00,7200,7175,7225,7225,148100
2022-06-02 09:19:00,7200,7175,7225,7200,182200
2022-06-02 09:20:00,7200,7200,7225,7200,239200
2022-06-02 09:21:00,7200,7200,7225,7200,74000
2022-06-02 09:22:00,7200,7150,7200,7150,234700
2022-06-02 09:23:00,7150,7125,7150,7150,39500
2022-06-02 09:24:00,7150,7075,7150,7075,180900
2022-06-02 09:25:00,7100,7075,7100,7100,52500
2022-06-02 09:26:00,7100,7075,7125,7100,76500
2022-06-02 09:27:00,7075,7075,7100,7075,10500
2022-06-02 09:28:00,7100,7075,7125,7125,101400
2022-06-02 09:29:00,7100,7100,7125,7100,36800
2022-06-02 09:30:00,7125,7100,7125,7100,17300
2022-06-02 09:31:00,7125,7100,7125,7100,28300
2022-06-02 09:32:00,7125,7100,7125,7100,33600
2022-06-02 09:33:00,7075,7075,7100,7100,8800
2022-06-02 09:34:00,7100,7100,7100,7100,3300
2022-06-02 09:35:00,7100,7100,7100,7100,20700
2022-06-02 09:36:00,7100,7100,7125,7100,43000
2022-06-02 09:37:00,7125,7100,7125,7100,16300
2022-06-02 09:38:00,7125,7100,7125,7125,1400
2022-06-02 09:39:00,7125,7100,7125,7100,8600
2022-06-02 09:40:00,7125,7100,7125,7125,3700
2022-06-02 09:41:00,7125,7100,7125,7100,8000
2022-06-02 09:42:00,7125,7100,7125,7100,700
2022-06-02 09:43:00,7100,7100,7125,7100,3400
2022-06-02 09:44:00,7100,7100,7125,7125,7100
2022-06-02 09:45:00,7100,7100,7150,7150,104600
2022-06-02 09:46:00,7150,7125,7150,7125,1600
2022-06-02 09:47:00,7150,7150,7150,7150,200
2022-06-02 09:48:00,7150,7150,7175,7175,73500
2022-06-02 09:49:00,7175,7150,7175,7150,32800
2022-06-02 09:50:00,7125,7125,7125,7125,10400
2022-06-02 09:51:00,7125,7125,7150,7150,26000
2022-06-02 09:52:00,7150,7150,7150,7150,7900
2022-06-02 09:53:00,7150,7150,7150,7150,100
2022-06-02 09:54:00,7150,7100,7150,7125,91300
2022-06-02 09:55:00,7125,7125,7125,7125,26100
2022-06-02 09:56:00,7125,7125,7150,7150,13100
2022-06-02 09:57:00,7150,7150,7200,7200,91600
2022-06-02 09:58:00,7200,7175,7200,7200,45400
2022-06-02 09:59:00,7200,7175,7200,7175,31300
2022-06-02 10:00:00,7175,7150,7175,7150,7100
2022-06-02 10:01:00,7175,7150,7175,7150,3000
2022-06-02 10:02:00,7150,7150,7150,7150,212200
2022-06-02 10:03:00,7150,7150,7150,7150,20500
2022-06-02 10:04:00,7150,7125,7150,7125,1200
2022-06-02 10:05:00,7150,7150,7175,7150,138100
2022-06-02 10:06:00,7150,7150,7150,7150,300
2022-06-02 10:07:00,7150,7150,7150,7150,3200
2022-06-02 10:08:00,7150,7125,7150,7150,3600
2022-06-02 10:09:00,7125,7125,7150,7150,8700
2022-06-02 10:10:00,7125,7125,7125,7125,6100
2022-06-02 10:11:00,7150,7125,7150,7150,14500
2022-06-02 10:12:00,7150,7125,7150,7125,5400
2022-06-02 10:13:00,7125,7125,7150,7125,23100
2022-06-02 10:14:00,7125,7125,7125,7125,52600
2022-06-02 10:15:00,7125,7125,7125,7125,0
2022-06-02 10:16:00,7150,7125,7150,7125,10300
2022-06-02 10:17:00,7150,7150,7150,7150,39400
2022-06-02 10:18:00,7150,7150,7150,7150,46400
2022-06-02 10:19:00,7150,7150,7150,7150,9300
2022-06-02 10:20:00,7125,7125,7125,7125,1500
2022-06-02 10:21:00,7125,7125,7150,7150,7800
2022-06-02 10:22:00,7150,7150,7150,7150,15900
2022-06-02 10:23:00,7150,7150,7150,7150,5800
2022-06-02 10:24:00,7150,7150,7150,7150,1900
2022-06-02 10:25:00,7125,7125,7150,7150,168800
2022-06-02 10:26:00,7150,7125,7150,7125,15000
2022-06-02 10:27:00,7125,7125,7125,7125,3500
2022-06-02 10:28:00,7125,7125,7150,7125,11100
2022-06-02 10:29:00,7125,7125,7125,7125,136100
2022-06-02 10:30:00,7125,7125,7125,7125,72100
2022-06-02 10:31:00,7100,7100,7125,7125,13100
2022-06-02 10:32:00,7125,7125,7125,7125,30100
2022-06-02 10:33:00,7100,7100,7100,7100,104200
2022-06-02 10:34:00,7100,7100,7125,7100,8800
2022-06-02 10:35:00,7100,7100,7100,7100,34000
2022-06-02 10:36:00,7100,7075,7100,7100,20300
2022-06-02 10:37:00,7100,7100,7100,7100,40500
2022-06-02 10:38:00,7100,7075,7100,7100,57300
2022-06-02 10:39:00,7075,7075,7100,7100,52200
2022-06-02 10:40:00,7100,7100,7100,7100,9700
2022-06-02 10:41:00,7100,7100,7100,7100,12200
2022-06-02 10:42:00,7100,7100,7100,7100,3700
2022-06-02 10:43:00,7100,7100,7100,7100,12200
2022-06-02 10:44:00,7100,7100,7125,7125,2300
2022-06-02 10:45:00,7125,7100,7125,7100,6600
2022-06-02 10:46:00,7100,7100,7100,7100,82000
2022-06-02 10:47:00,7100,7100,7100,7100,1600
2022-06-02 10:48:00,7100,7100,7100,7100,1100
2022-06-02 10:49:00,7100,7075,7100,7075,3200
2022-06-02 10:50:00,7100,7100,7100,7100,7800
2022-06-02 10:51:00,7100,7100,7100,7100,600
2022-06-02 10:52:00,7075,7075,7100,7075,11000
2022-06-02 10:53:00,7075,7075,7100,7100,3200
2022-06-02 10:54:00,7100,7100,7100,7100,11200
2022-06-02 10:55:00,7100,7075,7100,7100,37700
2022-06-02 10:56:00,7100,7100,7100,7100,18500
2022-06-02 10:57:00,7100,7100,7125,7125,16200
2022-06-02 10:58:00,7100,7100,7100,7100,600
2022-06-02 10:59:00,7100,7100,7125,7125,34900
2022-06-02 11:00:00,7125,7125,7125,7125,1000
2022-06-02 11:01:00,7100,7100,7100,7100,500
2022-06-02 11:02:00,7125,7125,7125,7125,84900
2022-06-02 11:03:00,7125,7125,7150,7150,3600
2022-06-02 11:04:00,7125,7125,7150,7150,1900
2022-06-02 11:05:00,7150,7150,7150,7150,8500
2022-06-02 11:06:00,7150,7150,7150,7150,6200
2022-06-02 11:07:00,7150,7150,7150,7150,3000
2022-06-02 11:08:00,7125,7125,7150,7150,7000
2022-06-02 11:09:00,7150,7150,7150,7150,100
2022-06-02 11:10:00,7125,7125,7150,7125,12200
2022-06-02 11:11:00,7150,7125,7150,7150,6900
2022-06-02 11:12:00,7125,7125,7150,7150,32900
2022-06-02 11:13:00,7125,7125,7125,7125,1400
2022-06-02 11:14:00,7125,7125,7150,7150,76000
2022-06-02 11:15:00,7150,7150,7150,7150,400
2022-06-02 11:16:00,7150,7125,7150,7150,2600
2022-06-02 11:17:00,7125,7125,7150,7125,38200
2022-06-02 11:18:00,7125,7125,7150,7150,2200
2022-06-02 11:19:00,7150,7150,7150,7150,11000
2022-06-02 11:20:00,7125,7125,7175,7175,177500
2022-06-02 11:21:00,7175,7150,7175,7150,6900
2022-06-02 11:22:00,7175,7175,7175,7175,1900
2022-06-02 11:23:00,7150,7150,7175,7175,1200
2022-06-02 11:24:00,7175,7150,7175,7150,4100
2022-06-02 11:25:00,7175,7175,7175,7175,700
2022-06-02 11:26:00,7175,7150,7175,7175,2900
2022-06-02 11:27:00,7150,7150,7175,7175,3400
2022-06-02 11:28:00,7175,7150,7175,7175,4000
2022-06-02 11:29:00,7175,7175,7175,7175,19400
2022-06-02 11:30:00,7175,7175,7175,7175,0
2022-06-02 11:31:00,7175,7175,7175,7175,0
2022-06-02 11:32:00,7175,7175,7175,7175,0
2022-06-02 11:33:00,7175,7175,7175,7175,0
2022-06-02 11:34:00,7175,7175,7175,7175,0
2022-06-02 11:35:00,7175,7175,7175,7175,0
2022-06-02 11:36:00,7175,7175,7175,7175,0
2022-06-02 11:37:00,7175,7175,7175,7175,0
2022-06-02 11:38:00,7175,7175,7175,7175,0
2022-06-02 11:39:00,7175,7175,7175,7175,0
2022-06-02 11:40:00,7175,7175,7175,7175,0
2022-06-02 11:41:00,7175,7175,7175,7175,0
2022-06-02 11:42:00,7175,7175,7175,7175,0
2022-06-02 11:43:00,7175,7175,7175,7175,0
2022-06-02 11:44:00,7175,7175,7175,7175,0
2022-06-02 11:45:00,7175,7175,7175,7175,0
2022-06-02 11:46:00,7175,7175,7175,7175,0
2022-06-02 11:47:00,7175,7175,7175,7175,0
2022-06-02 11:48:00,7175,7175,7175,7175,0
2022-06-02 11:49:00,7175,7175,7175,7175,0
2022-06-02 11:50:00,7175,7175,7175,7175,0
2022-06-02 11:51:00,7175,7175,7175,7175,0
2022-06-02 11:52:00,7175,7175,7175,7175,0
2022-06-02 11:53:00,7175,7175,7175,7175,0
2022-06-02 11:54:00,7175,7175,7175,7175,0
2022-06-02 11:55:00,7175,7175,7175,7175,0
2022-06-02 11:56:00,7175,7175,7175,7175,0
2022-06-02 11:57:00,7175,7175,7175,7175,0
2022-06-02 11:58:00,7175,7175,7175,7175,0
2022-06-02 11:59:00,7175,7175,7175,7175,0
2022-06-02 12:00:00,7175,7175,7175,7175,0
2022-06-02 12:01:00,7175,7175,7175,7175,0
2022-06-02 12:02:00,7175,7175,7175,7175,0
2022-06-02 12:03:00,7175,7175,7175,7175,0
2022-06-02 12:04:00,7175,7175,7175,7175,0
2022-06-02 12:05:00,7175,7175,7175,7175,0
2022-06-02 12:06:00,7175,7175,7175,7175,0
2022-06-02 12:07:00,7175,7175,7175,7175,0
2022-06-02 12:08:00,7175,7175,7175,7175,0
2022-06-02 12:09:00,7175,7175,7175,7175,0
2022-06-02 12:10:00,7175,7175,7175,7175,0
2022-06-02 12:11:00,7175,7175,7175,7175,0
2022-06-02 12:12:00,7175,7175,7175,7175,0
2022-06-02 12:13:00,7175,7175,7175,7175,0
2022-06-02 12:14:00,7175,7175,7175,7175,0
2022-06-02 12:15:00,7175,7175,7175,7175,0
2022-06-02 12:16:00,7175,7175,7175,7175,0
2022-06-02 12:17:00,7175,7175,7175,7175,0
2022-06-02 12:18:00,7175,7175,7175,7175,0
2022-06-02 12:19:00,7175,7175,7175,7175,0
2022-06-02 12:20:00,7175,7175,7175,7175,0
2022-06-02 12:21:00,7175,7175,7175,7175,0
2022-06-02 12:22:00,7175,7175,7175,7175,0
2022-06-02 12:23:00,7175,7175,7175,7175,0
2022-06-02 12:24:00,7175,7175,7175,7175,0
2022-06-02 12:25:00,7175,7175,7175,7175,0
2022-06-02 12:26:00,7175,7175,7175,7175,0
2022-06-02 12:27:00,7175,7175,7175,7175,0
2022-06-02 12:28:00,7175,7175,7175,7175,0
2022-06-02 12:29:00,7175,7175,7175,7175,0
2022-06-02 12:30:00,7175,7175,7175,7175,0
2022-06-02 12:31:00,7175,7175,7175,7175,0
2022-06-02 12:32:00,7175,7175,7175,7175,0
2022-06-02 12:33:00,7175,7175,7175,7175,0
2022-06-02 12:34:00,7175,7175,7175,7175,0
2022-06-02 12:35:00,7175,7175,7175,7175,0
2022-06-02 12:36:00,7175,7175,7175,7175,0
2022-06-02 12:37:00,7175,7175,7175,7175,0
2022-06-02 12:38:00,7175,7175,7175,7175,0
2022-06-02 12:39:00,7175,7175,7175,7175,0
2022-06-02 12:40:00,7175,7175,7175,7175,0
2022-06-02 12:41:00,7175,7175,7175,7175,0
2022-06-02 12:42:00,7175,7175,7175,7175,0
2022-06-02 12:43:00,7175,7175,7175,7175,0
2022-06-02 12:44:00,7175,7175,7175,7175,0
2022-06-02 12:45:00,7175,7175,7175,7175,0
2022-06-02 12:46:00,7175,7175,7175,7175,0
2022-06-02 12:47:00,7175,7175,7175,7175,0
2022-06-02 12:48:00,7175,7175,7175,7175,0
2022-06-02 12:49:00,7175,7175,7175,7175,0
2022-06-02 12:50:00,7175,7175,7175,7175,0
2022-06-02 12:51:00,7175,7175,7175,7175,0
2022-06-02 12:52:00,7175,7175,7175,7175,0
2022-06-02 12:53:00,7175,7175,7175,7175,0
2022-06-02 12:54:00,7175,7175,7175,7175,0
2022-06-02 12:55:00,7175,7175,7175,7175,0
2022-06-02 12:56:00,7175,7175,7175,7175,0
2022-06-02 12:57:00,7175,7175,7175,7175,0
2022-06-02 12:58:00,7175,7175,7175,7175,0
2022-06-02 12:59:00,7175,7175,7175,7175,0
2022-06-02 13:00:00,7175,7175,7175,7175,0
2022-06-02 13:01:00,7175,7175,7175,7175,0
2022-06-02 13:02:00,7175,7175,7175,7175,0
2022-06-02 13:03:00,7175,7175,7175,7175,0
2022-06-02 13:04:00,7175,7175,7175,7175,0
2022-06-02 13:05:00,7175,7175,7175,7175,0
2022-06-02 13:06:00,7175,7175,7175,7175,0
2022-06-02 13:07:00,7175,7175,7175,7175,0
2022-06-02 13:08:00,7175,7175,7175,7175,0
2022-06-02 13:09:00,7175,7175,7175,7175,0
2022-06-02 13:10:00,7175,7175,7175,7175,0
2022-06-02 13:11:00,7175,7175,7175,7175,0
2022-06-02 13:12:00,7175,7175,7175,7175,0
2022-06-02 13:13:00,7175,7175,7175,7175,0
2022-06-02 13:14:00,7175,7175,7175,7175,0
2022-06-02 13:15:00,7175,7175,7175,7175,0
2022-06-02 13:16:00,7175,7175,7175,7175,0
2022-06-02 13:17:00,7175,7175,7175,7175,0
2022-06-02 13:18:00,7175,7175,7175,7175,0
2022-06-02 13:19:00,7175,7175,7175,7175,0
2022-06-02 13:20:00,7175,7175,7175,7175,0
2022-06-02 13:21:00,7175,7175,7175,7175,0
2022-06-02 13:22:00,7175,7175,7175,7175,0
2022-06-02 13:23:00,7175,7175,7175,7175,0
2022-06-02 13:24:00,7175,7175,7175,7175,0
2022-06-02 13:25:00,7175,7175,7175,7175,0
2022-06-02 13:26:00,7175,7175,7175,7175,0
2022-06-02 13:27:00,7175,7175,7175,7175,0
2022-06-02 13:28:00,7175,7175,7175,7175,0
2022-06-02 13:29:00,7175,7175,7175,7175,0
2022-06-02 13:30:00,7175,7150,7175,7150,136500
2022-06-02 13:31:00,7150,7150,7150,7150,500
2022-06-02 13:32:00,7150,7150,7150,7150,1300
2022-06-02 13:33:00,7150,7150,7150,7150,400
2022-06-02 13:34:00,7125,7125,7150,7150,1200
2022-06-02 13:35:00,7125,7125,7125,7125,700
2022-06-02 13:36:00,7125,7125,7125,7125,800
2022-06-02 13:37:00,7125,7125,7125,7125,100
2022-06-02 13:38:00,7125,7125,7150,7150,800
2022-06-02 13:39:00,7125,7125,7150,7150,22500
2022-06-02 13:40:00,7150,7150,7150,7150,3600
2022-06-02 13:41:00,7150,7125,7150,7150,61700
2022-06-02 13:42:00,7125,7125,7125,7125,1500
2022-06-02 13:43:00,7150,7150,7150,7150,64800
2022-06-02 13:44:00,7150,7150,7150,7150,12600
2022-06-02 13:45:00,7150,7150,7150,7150,16000
2022-06-02 13:46:00,7150,7125,7150,7150,7300
2022-06-02 13:47:00,7150,7150,7175,7175,10000
2022-06-02 13:48:00,7175,7150,7175,7150,26700
2022-06-02 13:49:00,7150,7150,7175,7175,13300
2022-06-02 13:50:00,7175,7150,7175,7175,13100
2022-06-02 13:51:00,7175,7150,7175,7150,11300
2022-06-02 13:52:00,7150,7150,7150,7150,1100
2022-06-02 13:53:00,7175,7175,7175,7175,1200
2022-06-02 13:54:00,7175,7175,7175,7175,0
2022-06-02 13:55:00,7150,7150,7150,7150,300
2022-06-02 13:56:00,7150,7150,7150,7150,23100
2022-06-02 13:57:00,7175,7150,7175,7150,8200
2022-06-02 13:58:00,7175,7150,7175,7175,15900
2022-06-02 13:59:00,7150,7150,7175,7150,3700
2022-06-02 14:00:00,7175,7150,7175,7150,29500
2022-06-02 14:01:00,7150,7150,7175,7175,14600
2022-06-02 14:02:00,7175,7150,7175,7150,8700
2022-06-02 14:03:00,7150,7150,7175,7175,2500
2022-06-02 14:04:00,7175,7175,7175,7175,15900
2022-06-02 14:05:00,7150,7150,7150,7150,56700
2022-06-02 14:06:00,7150,7150,7150,7150,58800
2022-06-02 14:07:00,7175,7150,7175,7150,3300
2022-06-02 14:08:00,7150,7150,7150,7150,6893500
2022-06-02 14:09:00,7150,7150,7150,7150,67100
2022-06-02 14:10:00,7150,7150,7150,7150,3000
2022-06-02 14:11:00,7150,7150,7150,7150,29200
2022-06-02 14:12:00,7150,7150,7175,7175,3400
2022-06-02 14:13:00,7175,7150,7175,7175,3300
2022-06-02 14:14:00,7150,7150,7175,7150,1700
2022-06-02 14:15:00,7150,7150,7150,7150,1300
2022-06-02 14:16:00,7150,7150,7175,7150,17700
2022-06-02 14:17:00,7175,7150,7175,7150,11900
2022-06-02 14:18:00,7175,7150,7175,7150,6300
2022-06-02 14:19:00,7150,7150,7175,7150,13500
2022-06-02 14:20:00,7175,7150,7175,7150,4100
2022-06-02 14:21:00,7150,7150,7150,7150,4100
2022-06-02 14:22:00,7150,7150,7150,7150,500
2022-06-02 14:23:00,7175,7175,7175,7175,17500
2022-06-02 14:24:00,7150,7150,7175,7175,800
2022-06-02 14:25:00,7175,7175,7175,7175,1600
2022-06-02 14:26:00,7150,7150,7150,7150,10800
2022-06-02 14:27:00,7175,7150,7175,7175,24800
2022-06-02 14:28:00,7175,7150,7175,7175,9600
2022-06-02 14:29:00,7175,7175,7175,7175,40500
2022-06-02 14:30:00,7175,7175,7175,7175,13800
2022-06-02 14:31:00,7175,7150,7175,7175,12600
2022-06-02 14:32:00,7150,7150,7150,7150,8000
2022-06-02 14:33:00,7175,7150,7175,7175,8500
2022-06-02 14:34:00,7175,7150,7175,7150,224700
2022-06-02 14:35:00,7150,7150,7175,7150,18800
2022-06-02 14:36:00,7150,7150,7175,7175,8000
2022-06-02 14:37:00,7175,7175,7175,7175,39100
2022-06-02 14:38:00,7175,7150,7175,7150,6200
2022-06-02 14:39:00,7150,7150,7175,7150,59500
2022-06-02 14:40:00,7150,7150,7175,7150,5900
2022-06-02 14:41:00,7150,7150,7175,7150,14000
2022-06-02 14:42:00,7150,7150,7150,7150,25900
2022-06-02 14:43:00,7175,7150,7175,7150,44700
2022-06-02 14:44:00,7175,7150,7175,7150,69500
2022-06-02 14:45:00,7150,7150,7150,7150,5700
2022-06-02 14:46:00,7125,7125,7150,7150,5900
2022-06-02 14:47:00,7150,7125,7150,7150,42900
2022-06-02 14:48:00,7125,7125,7150,7125,85000
2022-06-02 14:49:00,7125,7125,7150,7150,11800
2022-06-02 14:50:00,7125,7125,7150,7150,0
2022-06-02 14:51:00,7125,7125,7150,7150,0
2022-06-02 14:52:00,7125,7125,7150,7150,0
2022-06-02 14:53:00,7125,7125,7150,7150,0
2022-06-02 14:54:00,7125,7125,7150,7150,0
2022-06-02 14:55:00,7125,7125,7150,7150,0
2022-06-02 14:56:00,7125,7125,7150,7150,0
2022-06-02 14:57:00,7125,7125,7150,7150,0
2022-06-02 14:58:00,7125,7125,7150,7150,0
2022-06-02 14:59:00,7125,7125,7150,7150,0
2022-06-02 15:00:00,7150,7150,7150,7150,70700
2022-06-02 15:01:00,7150,7150,7150,7150,7000
2022-06-02 15:02:00,7150,7150,7150,7150,600
2022-06-02 15:03:00,7150,7150,7150,7150,36700
2022-06-02 15:04:00,7150,7150,7150,7150,10500
2022-06-02 15:05:00,7150,7150,7150,7150,0
2022-06-02 15:06:00,7150,7150,7150,7150,1800
2022-06-02 15:07:00,7150,7150,7150,7150,700
2022-06-02 15:08:00,7150,7150,7150,7150,0
2022-06-02 15:09:00,7150,7150,7150,7150,7500
2022-06-02 15:10:00,7150,7150,7150,7150,7200
2022-06-02 15:11:00,7150,7150,7150,7150,0
2022-06-02 15:12:00,7150,7150,7150,7150,4500
2022-06-02 15:13:00,7150,7150,7150,7150,1400
2022-06-02 15:14:00,7150,7150,7150,7150,5700
2022-06-02 15:15:00,7150,7150,7150,7150,0
2022-06-02 15:16:00,7150,7150,7150,7150,0
2022-06-02 15:17:00,7150,7150,7150,7150,0
2022-06-02 15:18:00,7150,7150,7150,7150,0
2022-06-02 15:19:00,7150,7150,7150,7150,0
2022-06-02 15:20:00,7150,7150,7150,7150,0
2022-06-02 15:21:00,7150,7150,7150,7150,0
2022-06-02 15:22:00,7150,7150,7150,7150,0
2022-06-02 15:23:00,7150,7150,7150,7150,0
2022-06-02 15:24:00,7150,7150,7150,7150,0
2022-06-02 15:25:00,7150,7150,7150,7150,0
2022-06-02 15:26:00,7150,7150,7150,7150,0
2022-06-02 15:27:00,7150,7150,7150,7150,0
2022-06-02 15:28:00,7150,7150,7150,7150,0
2022-06-02 15:29:00,7150,7150,7150,7150,0
2022-06-02 15:30:00,7150,7150,7150,7150,0
2022-06-02 15:31:00,7150,7150,7150,7150,0
2022-06-02 15:32:00,7150,7150,7150,7150,0
2022-06-02 15:33:00,7150,7150,7150,7150,0
2022-06-02 15:34:00,7150,7150,7150,7150,0
2022-06-02 15:35:00,7150,7150,7150,7150,0
2022-06-02 15:36:00,7150,7150,7150,7150,0
2022-06-02 15:37:00,7150,7150,7150,7150,0
2022-06-02 15:38:00,7150,7150,7150,7150,0
2022-06-02 15:39:00,7150,7150,7150,7150,0
2022-06-02 15:40:00,7150,7150,7150,7150,0
2022-06-02 15:41:00,7150,7150,7150,7150,0
2022-06-02 15:42:00,7150,7150,7150,7150,0
2022-06-02 15:43:00,7150,7150,7150,7150,0
2022-06-02 15:44:00,7150,7150,7150,7150,0
2022-06-02 15:45:00,7150,7150,7150,7150,0
2022-06-02 15:46:00,7150,7150,7150,7150,0
2022-06-02 15:47:00,7150,7150,7150,7150,0
2022-06-02 15:48:00,7150,7150,7150,7150,0
2022-06-02 15:49:00,7150,7150,7150,7150,0
2022-06-02 15:50:00,7150,7150,7150,7150,0
2022-06-02 15:51:00,7150,7150,7150,7150,0
2022-06-02 15:52:00,7150,7150,7150,7150,0
2022-06-02 15:53:00,7150,7150,7150,7150,0
2022-06-02 15:54:00,7150,7150,7150,7150,0
2022-06-02 15:55:00,7150,7150,7150,7150,0
2022-06-02 15:56:00,7150,7150,7150,7150,0
2022-06-02 15:57:00,7150,7150,7150,7150,0
2022-06-02 15:58:00,7150,7150,7150,7150,0
2022-06-02 15:59:00,7150,7150,7150,7150,0
2022-06-03 09:00:00,7175,7150,7175,7175,27900
2022-06-03 09:01:00,7175,7150,7175,7175,17300
2022-06-03 09:02:00,7175,7150,7175,7150,37000
2022-06-03 09:03:00,7150,7125,7150,7150,54300
2022-06-03 09:04:00,7150,7125,7200,7200,114700
2022-06-03 09:05:00,7200,7175,7225,7225,151100
2022-06-03 09:06:00,7225,7200,7225,7200,30300
2022-06-03 09:07:00,7225,7200,7225,7200,11100
2022-06-03 09:08:00,7200,7200,7200,7200,34600
2022-06-03 09:09:00,7200,7200,7225,7200,16900
2022-06-03 09:10:00,7200,7200,7200,7200,72200
2022-06-03 09:11:00,7200,7150,7200,7150,166300
2022-06-03 09:12:00,7175,7150,7175,7150,12200
2022-06-03 09:13:00,7150,7150,7150,7150,4100
2022-06-03 09:14:00,7150,7150,7150,7150,63500
2022-06-03 09:15:00,7150,7150,7150,7150,13200
2022-06-03 09:16:00,7150,7150,7150,7150,5800
2022-06-03 09:17:00,7150,7150,7150,7150,11900
2022-06-03 09:18:00,7150,7150,7175,7150,14000
2022-06-03 09:19:00,7150,7125,7150,7125,103600
2022-06-03 09:20:00,7125,7125,7150,7125,3100
2022-06-03 09:21:00,7150,7125,7150,7150,5800
2022-06-03 09:22:00,7150,7125,7150,7150,82000
2022-06-03 09:23:00,7150,7125,7150,7125,8800
2022-06-03 09:24:00,7150,7125,7150,7150,42300
2022-06-03 09:25:00,7150,7150,7150,7150,3700
2022-06-03 09:26:00,7150,7150,7150,7150,5200
2022-06-03 09:27:00,7150,7150,7175,7175,700
2022-06-03 09:28:00,7150,7150,7175,7150,56700
2022-06-03 09:29:00,7150,7150,7150,7150,20200
2022-06-03 09:30:00,7150,7150,7150,7150,6700
2022-06-03 09:31:00,7175,7150,7175,7150,14600
2022-06-03 09:32:00,7150,7150,7150,7150,3700
2022-06-03 09:33:00,7150,7150,7175,7175,2100
2022-06-03 09:34:00,7150,7150,7175,7175,0
2022-06-03 09:35:00,7150,7150,7150,7150,11600
2022-06-03 09:36:00,7150,7150,7150,7150,21900
2022-06-03 09:37:00,7150,7150,7150,7150,11100
2022-06-03 09:38:00,7150,7150,7175,7150,1700
2022-06-03 09:39:00,7150,7150,7175,7175,3400
2022-06-03 09:40:00,7150,7150,7150,7150,13000
2022-06-03 09:41:00,7150,7150,7150,7150,300
2022-06-03 09:42:00,7150,7150,7175,7175,2700
2022-06-03 09:43:00,7175,7175,7175,7175,200
2022-06-03 09:44:00,7150,7150,7150,7150,500
2022-06-03 09:45:00,7150,7150,7175,7175,7200
2022-06-03 09:46:00,7150,7150,7175,7150,106900
2022-06-03 09:47:00,7175,7150,7175,7150,15900
2022-06-03 09:48:00,7175,7150,7175,7150,0
2022-06-03 09:49:00,7150,7150,7150,7150,100
2022-06-03 09:50:00,7175,7150,7175,7175,1500
2022-06-03 09:51:00,7175,7150,7175,7150,8100
2022-06-03 09:52:00,7150,7150,7175,7175,23600
2022-06-03 09:53:00,7200,7175,7200,7175,8600
2022-06-03 09:54:00,7200,7175,7200,7200,20800
2022-06-03 09:55:00,7175,7175,7200,7175,1300
2022-06-03 09:56:00,7175,7175,7200,7200,26100
2022-06-03 09:57:00,7175,7175,7175,7175,40100
2022-06-03 09:58:00,7175,7150,7175,7150,10100
2022-06-03 09:59:00,7150,7150,7150,7150,18500
2022-06-03 10:00:00,7150,7150,7150,7150,15500
2022-06-03 10:01:00,7150,7150,7150,7150,900
2022-06-03 10:02:00,7150,7150,7150,7150,300
2022-06-03 10:03:00,7150,7150,7150,7150,400
2022-06-03 10:04:00,7150,7150,7175,7175,1000
2022-06-03 10:05:00,7150,7150,7175,7175,24400
2022-06-03 10:06:00,7175,7175,7175,7175,4800
2022-06-03 10:07:00,7175,7175,7175,7175,0
2022-06-03 10:08:00,7175,7175,7175,7175,19700
2022-06-03 10:09:00,7175,7175,7175,7175,82500
2022-06-03 10:10:00,7175,7175,7175,7175,12800
2022-06-03 10:11:00,7175,7175,7175,7175,2000
2022-06-03 10:12:00,7175,7175,7175,7175,0
2022-06-03 10:13:00,7175,7175,7175,7175,800
2022-06-03 10:14:00,7150,7150,7175,7150,7400
2022-06-03 10:15:00,7175,7150,7200,7200,45600
2022-06-03 10:16:00,7200,7200,7200,7200,800
2022-06-03 10:17:00,7175,7175,7175,7175,1700
2022-06-03 10:18:00,7200,7175,7200,7175,300
2022-06-03 10:19:00,7200,7150,7200,7150,6700
2022-06-03 10:20:00,7175,7175,7175,7175,29900
2022-06-03 10:21:00,7175,7175,7175,7175,0
2022-06-03 10:22:00,7175,7175,7175,7175,3000
2022-06-03 10:23:00,7175,7175,7175,7175,33500
2022-06-03 10:24:00,7175,7175,7175,7175,100
2022-06-03 10:25:00,7175,7175,7175,7175,3300
2022-06-03 10:26:00,7175,7175,7175,7175,8700
2022-06-03 10:27:00,7175,7175,7175,7175,1400
2022-06-03 10:28:00,7150,7150,7150,7150,2000
2022-06-03 10:29:00,7150,7150,7150,7150,4700
2022-06-03 10:30:00,7175,7150,7175,7150,20000
2022-06-03 10:31:00,7150,7150,7175,7175,2600
2022-06-03 10:32:00,7175,7175,7175,7175,100
2022-06-03 10:33:00,7150,7150,7150,7150,1700
2022-06-03 10:34:00,7175,7175,7175,7175,1400
2022-06-03 10:35:00,7150,7150,7150,7150,500
2022-06-03 10:36:00,7175,7150,7175,7150,33500
2022-06-03 10:37:00,7150,7150,7175,7175,3900
2022-06-03 10:38:00,7150,7150,7175,7175,0
2022-06-03 10:39:00,7150,7150,7150,7150,200
2022-06-03 10:40:00,7150,7150,7175,7175,1900
2022-06-03 10:41:00,7175,7175,7175,7175,100
2022-06-03 10:42:00,7175,7150,7175,7175,34800
2022-06-03 10:43:00,7150,7150,7150,7150,3700
2022-06-03 10:44:00,7150,7150,7150,7150,111600
2022-06-03 10:45:00,7150,7150,7150,7150,2700
2022-06-03 10:46:00,7150,7150,7175,7175,2100
2022-06-03 10:47:00,7175,7175,7175,7175,200
2022-06-03 10:48:00,7175,7150,7175,7150,1100
2022-06-03 10:49:00,7150,7150,7150,7150,112700
2022-06-03 10:50:00,7125,7125,7150,7150,700
2022-06-03 10:51:00,7125,7125,7150,7150,0
2022-06-03 10:52:00,7150,7150,7150,7150,16800
2022-06-03 10:53:00,7150,7150,7150,7150,28200
2022-06-03 10:54:00,7125,7125,7150,7150,13700
2022-06-03 10:55:00,7125,7125,7150,7150,900
2022-06-03 10:56:00,7150,7150,7150,7150,1500
2022-06-03 10:57:00,7150,7125,7150,7150,16700
2022-06-03 10:58:00,7150,7150,7175,7175,7200
2022-06-03 10:59:00,7175,7150,7175,7150,2500
2022-06-03 11:00:00,7150,7150,7175,7175,700
2022-06-03 11:01:00,7150,7150,7150,7150,46500
2022-06-03 11:02:00,7150,7150,7175,7150,5600
2022-06-03 11:03:00,7150,7150,7150,7150,400
2022-06-03 11:04:00,7150,7150,7150,7150,31300
2022-06-03 11:05:00,7125,7125,7125,7125,2600
2022-06-03 11:06:00,7150,7125,7150,7125,9600
2022-06-03 11:07:00,7125,7125,7150,7150,83600
2022-06-03 11:08:00,7150,7125,7150,7125,900
2022-06-03 11:09:00,7125,7125,7150,7150,6000
2022-06-03 11:10:00,7125,7125,7150,7150,5100
2022-06-03 11:11:00,7125,7125,7175,7175,73500
2022-06-03 11:12:00,7125,7125,7175,7175,0
2022-06-03 11:13:00,7150,7150,7150,7150,38500
2022-06-03 11:14:00,7125,7125,7125,7125,5800
2022-06-03 11:15:00,7125,7125,7125,7125,5500
2022-06-03 11:16:00,7125,7125,7125,7125,200
2022-06-03 11:17:00,7125,7125,7125,7125,1000
2022-06-03 11:18:00,7125,7125,7150,7150,700
2022-06-03 11:19:00,7125,7125,7150,7150,23200
2022-06-03 11:20:00,7150,7125,7150,7150,47300
2022-06-03 11:21:00,7150,7150,7150,7150,6500
2022-06-03 11:22:00,7150,7150,7175,7150,33400
2022-06-03 11:23:00,7150,7150,7150,7150,1000
2022-06-03 11:24:00,7150,7150,7175,7150,38100
2022-06-03 11:25:00,7150,7150,7150,7150,6500
2022-06-03 11:26:00,7150,7150,7150,7150,1800
2022-06-03 11:27:00,7175,7150,7175,7150,5900
2022-06-03 11:28:00,7150,7150,7150,7150,48300
2022-06-03 11:29:00,7150,7150,7175,7175,17300
2022-06-03 11:30:00,7150,7150,7175,7175,0
2022-06-03 11:31:00,7150,7150,7175,7175,0
2022-06-03 11:32:00,7150,7150,7175,7175,0
2022-06-03 11:33:00,7150,7150,7175,7175,0
2022-06-03 11:34:00,7150,7150,7175,7175,0
2022-06-03 11:35:00,7150,7150,7175,7175,0
2022-06-03 11:36:00,7150,7150,7175,7175,0
2022-06-03 11:37:00,7150,7150,7175,7175,0
2022-06-03 11:38:00,7150,7150,7175,7175,0
2022-06-03 11:39:00,7150,7150,7175,7175,0
2022-06-03 11:40:00,7150,7150,7175,7175,0
2022-06-03 11:41:00,7150,7150,7175,7175,0
2022-06-03 11:42:00,7150,7150,7175,7175,0
2022-06-03 11:43:00,7150,7150,7175,7175,0
2022-06-03 11:44:00,7150,7150,7175,7175,0
2022-06-03 11:45:00,7150,7150,7175,7175,0
2022-06-03 11:46:00,7150,7150,7175,7175,0
2022-06-03 11:47:00,7150,7150,7175,7175,0
2022-06-03 11:48:00,7150,7150,7175,7175,0
2022-06-03 11:49:00,7150,7150,7175,7175,0
2022-06-03 11:50:00,7150,7150,7175,7175,0
2022-06-03 11:51:00,7150,7150,7175,7175,0
2022-06-03 11:52:00,7150,7150,7175,7175,0
2022-06-03 11:53:00,7150,7150,7175,7175,0
2022-06-03 11:54:00,7150,7150,7175,7175,0
2022-06-03 11:55:00,7150,7150,7175,7175,0
2022-06-03 11:56:00,7150,7150,7175,7175,0
2022-06-03 11:57:00,7150,7150,7175,7175,0
2022-06-03 11:58:00,7150,7150,7175,7175,0
2022-06-03 11:59:00,7150,7150,7175,7175,0
2022-06-03 12:00:00,7150,7150,7175,7175,0
2022-06-03 12:01:00,7150,7150,7175,7175,0
2022-06-03 12:02:00,7150,7150,7175,7175,0
2022-06-03 12:03:00,7150,7150,7175,7175,0
2022-06-03 12:04:00,7150,7150,7175,7175,0
2022-06-03 12:05:00,7150,7150,7175,7175,0
2022-06-03 12:06:00,7150,7150,7175,7175,0
2022-06-03 12:07:00,7150,7150,7175,7175,0
2022-06-03 12:08:00,7150,7150,7175,7175,0
2022-06-03 12:09:00,7150,7150,7175,7175,0
2022-06-03 12:10:00,7150,7150,7175,7175,0
2022-06-03 12:11:00,7150,7150,7175,7175,0
2022-06-03 12:12:00,7150,7150,7175,7175,0
2022-06-03 12:13:00,7150,7150,7175,7175,0
2022-06-03 12:14:00,7150,7150,7175,7175,0
2022-06-03 12:15:00,7150,7150,7175,7175,0
2022-06-03 12:16:00,7150,7150,7175,7175,0
2022-06-03 12:17:00,7150,7150,7175,7175,0
2022-06-03 12:18:00,7150,7150,7175,7175,0
2022-06-03 12:19:00,7150,7150,7175,7175,0
2022-06-03 12:20:00,7150,7150,7175,7175,0
2022-06-03 12:21:00,7150,7150,7175,7175,0
2022-06-03 12:22:00,7150,7150,7175,7175,0
2022-06-03 12:23:00,7150,7150,7175,7175,0
2022-06-03 12:24:00,7150,7150,7175,7175,0
2022-06-03 12:25:00,7150,7150,7175,7175,0
2022-06-03 12:26:00,7150,7150,7175,7175,0
2022-06-03 12:27:00,7150,7150,7175,7175,0
2022-06-03 12:28:00,7150,7150,7175,7175,0
2022-06-03 12:29:00,7150,7150,7175,7175,0
2022-06-03 12:30:00,7150,7150,7175,7175,0
2022-06-03 12:31:00,7150,7150,7175,7175,0
2022-06-03 12:32:00,7150,7150,7175,7175,0
2022-06-03 12:33:00,7150,7150,7175,7175,0
2022-06-03 12:34:00,7150,7150,7175,7175,0
2022-06-03 12:35:00,7150,7150,7175,7175,0
2022-06-03 12:36:00,7150,7150,7175,7175,0
2022-06-03 12:37:00,7150,7150,7175,7175,0
2022-06-03 12:38:00,7150,7150,7175,7175,0
2022-06-03 12:39:00,7150,7150,7175,7175,0
2022-06-03 12:40:00,7150,7150,7175,7175,0
2022-06-03 12:41:00,7150,7150,7175,7175,0
2022-06-03 12:42:00,7150,7150,7175,7175,0
2022-06-03 12:43:00,7150,7150,7175,7175,0
2022-06-03 12:44:00,7150,7150,7175,7175,0
2022-06-03 12:45:00,7150,7150,7175,7175,0
2022-06-03 12:46:00,7150,7150,7175,7175,0
2022-06-03 12:47:00,7150,7150,7175,7175,0
2022-06-03 12:48:00,7150,7150,7175,7175,0
2022-06-03 12:49:00,7150,7150,7175,7175,0
2022-06-03 12:50:00,7150,7150,7175,7175,0
2022-06-03 12:51:00,7150,7150,7175,7175,0
2022-06-03 12:52:00,7150,7150,7175,7175,0
2022-06-03 12:53:00,7150,7150,7175,7175,0
2022-06-03 12:54:00,7150,7150,7175,7175,0
2022-06-03 12:55:00,7150,7150,7175,7175,0
2022-06-03 12:56:00,7150,7150,7175,7175,0
2022-06-03 12:57:00,7150,7150,7175,7175,0
2022-06-03 12:58:00,7150,7150,7175,7175,0
2022-06-03 12:59:00,7150,7150,7175,7175,0
2022-06-03 13:00:00,7150,7150,7175,7175,0
2022-06-03 13:01:00,7150,7150,7175,7175,0
2022-06-03 13:02:00,7150,7150,7175,7175,0
2022-06-03 13:03:00,7150,7150,7175,7175,0
2022-06-03 13:04:00,7150,7150,7175,7175,0
2022-06-03 13:05:00,7150,7150,7175,7175,0
2022-06-03 13:06:00,7150,7150,7175,7175,0
2022-06-03 13:07:00,7150,7150,7175,7175,0
2022-06-03 13:08:00,7150,7150,7175,7175,0
2022-06-03 13:09:00,7150,7150,7175,7175,0
2022-06-03 13:10:00,7150,7150,7175,7175,0
2022-06-03 13:11:00,7150,7150,7175,7175,0
2022-06-03 13:12:00,7150,7150,7175,7175,0
2022-06-03 13:13:00,7150,7150,7175,7175,0
2022-06-03 13:14:00,7150,7150,7175,7175,0
2022-06-03 13:15:00,7150,7150,7175,7175,0
2022-06-03 13:16:00,7150,7150,7175,7175,0
2022-06-03 13:17:00,7150,7150,7175,7175,0
2022-06-03 13:18:00,7150,7150,7175,7175,0
2022-06-03 13:19:00,7150,7150,7175,7175,0
2022-06-03 13:20:00,7150,7150,7175,7175,0
2022-06-03 13:21:00,7150,7150,7175,7175,0
2022-06-03 13:22:00,7150,7150,7175,7175,0
2022-06-03 13:23:00,7150,7150,7175,7175,0
2022-06-03 13:24:00,7150,7150,7175,7175,0
2022-06-03 13:25:00,7150,7150,7175,7175,0
2022-06-03 13:26:00,7150,7150,7175,7175,0
2022-06-03 13:27:00,7150,7150,7175,7175,0
2022-06-03 13:28:00,7150,7150,7175,7175,0
2022-06-03 13:29:00,7150,7150,7175,7175,0
2022-06-03 13:30:00,7175,7150,7175,7150,31200
2022-06-03 13:31:00,7150,7150,7150,7150,1300
2022-06-03 13:32:00,7175,7150,7175,7175,117500
2022-06-03 13:33:00,7175,7150,7175,7175,0
2022-06-03 13:34:00,7175,7150,7175,7175,4600
2022-06-03 13:35:00,7175,7175,7175,7175,39100
2022-06-03 13:36:00,7175,7150,7175,7150,20900
2022-06-03 13:37:00,7150,7150,7175,7175,15800
2022-06-03 13:38:00,7175,7150,7175,7150,1600
2022-06-03 13:39:00,7175,7175,7175,7175,700
2022-06-03 13:40:00,7150,7150,7150,7150,60900
2022-06-03 13:41:00,7150,7150,7150,7150,11700
2022-06-03 13:42:00,7150,7150,7150,7150,3300
2022-06-03 13:43:00,7150,7150,7150,7150,4200
2022-06-03 13:44:00,7175,7150,7175,7150,3000
2022-06-03 13:45:00,7150,7150,7150,7150,3600
2022-06-03 13:46:00,7150,7150,7150,7150,5800
2022-06-03 13:47:00,7150,7150,7150,7150,11400
2022-06-03 13:48:00,7175,7150,7175,7150,4000
2022-06-03 13:49:00,7150,7150,7150,7150,7600
2022-06-03 13:50:00,7150,7150,7175,7150,24000
2022-06-03 13:51:00,7150,7150,7150,7150,14500
2022-06-03 13:52:00,7175,7150,7175,7150,12100
2022-06-03 13:53:00,7150,7150,7150,7150,4700
2022-06-03 13:54:00,7175,7175,7175,7175,50000
2022-06-03 13:55:00,7150,7150,7150,7150,1500
2022-06-03 13:56:00,7150,7150,7150,7150,0
2022-06-03 13:57:00,7175,7150,7175,7150,1100
2022-06-03 13:58:00,7150,7150,7175,7175,104500
2022-06-03 13:59:00,7175,7150,7175,7150,400
2022-06-03 14:00:00,7150,7150,7175,7150,7800
2022-06-03 14:01:00,7150,7150,7150,7150,14000
2022-06-03 14:02:00,7175,7175,7175,7175,9000
2022-06-03 14:03:00,7175,7175,7175,7175,0
2022-06-03 14:04:00,7150,7150,7150,7150,2500
2022-06-03 14:05:00,7150,7150,7175,7175,5000
2022-06-03 14:06:00,7150,7150,7175,7175,18300
2022-06-03 14:07:00,7175,7175,7175,7175,4000
2022-06-03 14:08:00,7150,7150,7150,7150,4300
2022-06-03 14:09:00,7150,7150,7150,7150,1700
2022-06-03 14:10:00,7150,7150,7150,7150,500
2022-06-03 14:11:00,7175,7150,7175,7175,17300
2022-06-03 14:12:00,7175,7175,7175,7175,12500
2022-06-03 14:13:00,7150,7150,7175,7175,8900
2022-06-03 14:14:00,7175,7150,7175,7150,5300
2022-06-03 14:15:00,7150,7150,7175,7175,26800
2022-06-03 14:16:00,7175,7175,7175,7175,2400
2022-06-03 14:17:00,7150,7150,7175,7150,28600
2022-06-03 14:18:00,7150,7150,7150,7150,4500
2022-06-03 14:19:00,7150,7150,7150,7150,5000
2022-06-03 14:20:00,7150,7150,7175,7175,600
2022-06-03 14:21:00,7150,7150,7150,7150,4100
2022-06-03 14:22:00,7150,7150,7150,7150,2000
2022-06-03 14:23:00,7150,7150,7150,7150,133300
2022-06-03 14:24:00,7150,7150,7150,7150,700
2022-06-03 14:25:00,7150,7125,7150,7150,2900
2022-06-03 14:26:00,7150,7125,7150,7150,400
2022-06-03 14:27:00,7150,7150,7150,7150,12000
2022-06-03 14:28:00,7150,7125,7150,7150,60600
2022-06-03 14:29:00,7175,7175,7175,7175,100
2022-06-03 14:30:00,7150,7150,7150,7150,6700
2022-06-03 14:31:00,7150,7150,7150,7150,3000
2022-06-03 14:32:00,7150,7150,7150,7150,5700
2022-06-03 14:33:00,7150,7150,7150,7150,1000
2022-06-03 14:34:00,7150,7150,7175,7175,11100
2022-06-03 14:35:00,7150,7150,7150,7150,7300
2022-06-03 14:36:00,7150,7150,7175,7175,5900
2022-06-03 14:37:00,7175,7150,7175,7175,37900
2022-06-03 14:38:00,7175,7150,7175,7175,14500
2022-06-03 14:39:00,7175,7150,7175,7150,35900
2022-06-03 14:40:00,7150,7150,7150,7150,7800
2022-06-03 14:41:00,7150,7150,7150,7150,1300
2022-06-03 14:42:00,7150,7150,7150,7150,18500
2022-06-03 14:43:00,7150,7150,7175,7175,30700
2022-06-03 14:44:00,7150,7150,7175,7175,15300
2022-06-03 14:45:00,7175,7175,7175,7175,9400
2022-06-03 14:46:00,7175,7150,7175,7150,24700
2022-06-03 14:47:00,7150,7150,7175,7150,19500
2022-06-03 14:48:00,7175,7150,7175,7150,74200
2022-06-03 14:49:00,7150,7150,7150,7150,400
2022-06-03 14:50:00,7150,7150,7150,7150,0
2022-06-03 14:51:00,7150,7150,7150,7150,0
2022-06-03 14:52:00,7150,7150,7150,7150,0
2022-06-03 14:53:00,7150,7150,7150,7150,0
2022-06-03 14:54:00,7150,7150,7150,7150,0
2022-06-03 14:55:00,7150,7150,7150,7150,0
2022-06-03 14:56:00,7150,7150,7150,7150,0
2022-06-03 14:57:00,7150,7150,7150,7150,0
2022-06-03 14:58:00,7150,7150,7150,7150,0
2022-06-03 14:59:00,7150,7150,7150,7150,0
2022-06-03 15:00:00,7150,7150,7150,7150,128700
2022-06-03 15:01:00,7150,7150,7150,7150,200
2022-06-03 15:02:00,7150,7150,7150,7150,600
2022-06-03 15:03:00,7150,7150,7150,7150,3500
2022-06-03 15:04:00,7150,7150,7150,7150,30600
2022-06-03 15:05:00,7150,7150,7150,7150,13000
2022-06-03 15:06:00,7150,7150,7150,7150,3000
2022-06-03 15:07:00,7150,7150,7150,7150,2100
2022-06-03 15:08:00,7150,7150,7150,7150,0
2022-06-03 15:09:00,7150,7150,7150,7150,20400
2022-06-03 15:10:00,7150,7150,7150,7150,300
2022-06-03 15:11:00,7150,7150,7150,7150,30700
2022-06-03 15:12:00,7150,7150,7150,7150,500
2022-06-03 15:13:00,7150,7150,7150,7150,0
2022-06-03 15:14:00,7150,7150,7150,7150,100
2022-06-03 15:15:00,7150,7150,7150,7150,0
2022-06-03 15:16:00,7150,7150,7150,7150,0
2022-06-03 15:17:00,7150,7150,7150,7150,0
2022-06-03 15:18:00,7150,7150,7150,7150,0
2022-06-03 15:19:00,7150,7150,7150,7150,0
2022-06-03 15:20:00,7150,7150,7150,7150,0
2022-06-03 15:21:00,7150,7150,7150,7150,0
2022-06-03 15:22:00,7150,7150,7150,7150,0
2022-06-03 15:23:00,7150,7150,7150,7150,0
2022-06-03 15:24:00,7150,7150,7150,7150,0
2022-06-03 15:25:00,7150,7150,7150,7150,0
2022-06-03 15:26:00,7150,7150,7150,7150,0
2022-06-03 15:27:00,7150,7150,7150,7150,0
2022-06-03 15:28:00,7150,7150,7150,7150,0
2022-06-03 15:29:00,7150,7150,7150,7150,0
2022-06-03 15:30:00,7150,7150,7150,7150,0
2022-06-03 15:31:00,7150,7150,7150,7150,0
2022-06-03 15:32:00,7150,7150,7150,7150,0
2022-06-03 15:33:00,7150,7150,7150,7150,0
2022-06-03 15:34:00,7150,7150,7150,7150,0
2022-06-03 15:35:00,7150,7150,7150,7150,0
2022-06-03 15:36:00,7150,7150,7150,7150,0
2022-06-03 15:37:00,7150,7150,7150,7150,0
2022-06-03 15:38:00,7150,7150,7150,7150,0
2022-06-03 15:39:00,7150,7150,7150,7150,0
2022-06-03 15:40:00,7150,7150,7150,7150,0
2022-06-03 15:41:00,7150,7150,7150,7150,0
2022-06-03 15:42:00,7150,7150,7150,7150,0
2022-06-03 15:43:00,7150,7150,7150,7150,0
2022-06-03 15:44:00,7150,7150,7150,7150,0
2022-06-03 15:45:00,7150,7150,7150,7150,0
2022-06-03 15:46:00,7150,7150,7150,7150,0
2022-06-03 15:47:00,7150,7150,7150,7150,0
2022-06-03 15:48:00,7150,7150,7150,7150,0
2022-06-03 15:49:00,7150,7150,7150,7150,0
2022-06-03 15:50:00,7150,7150,7150,7150,0
2022-06-03 15:51:00,7150,7150,7150,7150,0
2022-06-03 15:52:00,7150,7150,7150,7150,0
2022-06-03 15:53:00,7150,7150,7150,7150,0
2022-06-03 15:54:00,7150,7150,7150,7150,0
2022-06-03 15:55:00,7150,7150,7150,7150,0
2022-06-03 15:56:00,7150,7150,7150,7150,0
2022-06-03 15:57:00,7150,7150,7150,7150,0
2022-06-03 15:58:00,7150,7150,7150,7150,0
2022-06-03 15:59:00,7150,7150,7150,7150,0
2022-06-06 09:00:00,7175,7150,7175,7150,19200
2022-06-06 09:01:00,7150,7150,7175,7175,54200
2022-06-06 09:02:00,7175,7150,7200,7150,6700
2022-06-06 09:03:00,7150,7150,7175,7175,48400
2022-06-06 09:04:00,7175,7175,7200,7200,57100
2022-06-06 09:05:00,7200,7200,7225,7200,14700
2022-06-06 09:06:00,7200,7200,7225,7200,43600
2022-06-06 09:07:00,7200,7175,7200,7175,82800
2022-06-06 09:08:00,7200,7175,7200,7200,7600
2022-06-06 09:09:00,7200,7200,7200,7200,52000
2022-06-06 09:10:00,7200,7200,7200,7200,6900
2022-06-06 09:11:00,7200,7200,7200,7200,53900
2022-06-06 09:12:00,7200,7200,7200,7200,1200
2022-06-06 09:13:00,7200,7200,7200,7200,30900
2022-06-06 09:14:00,7200,7175,7200,7200,21900
2022-06-06 09:15:00,7200,7200,7200,7200,100
2022-06-06 09:16:00,7200,7175,7200,7175,51600
2022-06-06 09:17:00,7175,7175,7200,7200,4800
2022-06-06 09:18:00,7200,7175,7200,7175,3600
2022-06-06 09:19:00,7175,7175,7200,7175,63000
2022-06-06 09:20:00,7175,7150,7175,7175,20500
2022-06-06 09:21:00,7175,7175,7200,7175,15400
2022-06-06 09:22:00,7175,7175,7200,7175,56100
2022-06-06 09:23:00,7175,7175,7175,7175,300
2022-06-06 09:24:00,7175,7175,7175,7175,43800
2022-06-06 09:25:00,7175,7175,7175,7175,1000
2022-06-06 09:26:00,7150,7150,7175,7150,900
2022-06-06 09:27:00,7175,7175,7175,7175,1100
2022-06-06 09:28:00,7175,7175,7175,7175,0
2022-06-06 09:29:00,7150,7150,7150,7150,51000
2022-06-06 09:30:00,7150,7150,7175,7175,7200
2022-06-06 09:31:00,7150,7150,7150,7150,500
2022-06-06 09:32:00,7150,7100,7150,7100,59400
2022-06-06 09:33:00,7100,7100,7100,7100,5700
2022-06-06 09:34:00,7100,7100,7125,7125,33400
2022-06-06 09:35:00,7125,7125,7125,7125,13000
2022-06-06 09:36:00,7100,7100,7125,7125,36200
2022-06-06 09:37:00,7125,7125,7125,7125,5200
2022-06-06 09:38:00,7150,7125,7150,7150,6100
2022-06-06 09:39:00,7150,7125,7150,7125,4700
2022-06-06 09:40:00,7125,7125,7125,7125,2500
2022-06-06 09:41:00,7125,7125,7125,7125,13700
2022-06-06 09:42:00,7125,7125,7150,7150,2900
2022-06-06 09:43:00,7125,7125,7125,7125,1500
2022-06-06 09:44:00,7125,7125,7125,7125,11700
2022-06-06 09:45:00,7100,7100,7125,7125,300
2022-06-06 09:46:00,7100,7100,7125,7100,7300
2022-06-06 09:47:00,7100,7100,7100,7100,1800
2022-06-06 09:48:00,7100,7100,7100,7100,400
2022-06-06 09:49:00,7100,7075,7125,7075,122900
2022-06-06 09:50:00,7100,7050,7100,7075,54600
2022-06-06 09:51:00,7075,7050,7075,7050,50100
2022-06-06 09:52:00,7050,7050,7050,7050,11800
2022-06-06 09:53:00,7050,7050,7050,7050,6000
2022-06-06 09:54:00,7050,7050,7050,7050,13200
2022-06-06 09:55:00,7075,7050,7075,7050,14800
2022-06-06 09:56:00,7050,7050,7050,7050,6200
2022-06-06 09:57:00,7050,7050,7050,7050,1900
2022-06-06 09:58:00,7050,7050,7075,7075,5300
2022-06-06 09:59:00,7050,7025,7050,7050,50900
2022-06-06 10:00:00,7025,7025,7050,7050,4000
2022-06-06 10:01:00,7050,7050,7050,7050,40700
2022-06-06 10:02:00,7050,7050,7050,7050,1700
2022-06-06 10:03:00,7050,7050,7075,7075,14900
2022-06-06 10:04:00,7050,7050,7075,7075,0
2022-06-06 10:05:00,7050,7050,7050,7050,14000
2022-06-06 10:06:00,7050,7050,7075,7050,10300
2022-06-06 10:07:00,7050,7050,7075,7050,0
2022-06-06 10:08:00,7050,7050,7050,7050,700
2022-06-06 10:09:00,7050,7050,7075,7050,11700
2022-06-06 10:10:00,7075,7075,7075,7075,17800
2022-06-06 10:11:00,7075,7075,7100,7100,14500
2022-06-06 10:12:00,7075,7075,7075,7075,14600
2022-06-06 10:13:00,7100,7075,7100,7075,3800
2022-06-06 10:14:00,7100,7075,7100,7075,10200
2022-06-06 10:15:00,7075,7075,7075,7075,700
2022-06-06 10:16:00,7100,7075,7100,7075,23100
2022-06-06 10:17:00,7075,7075,7075,7075,700
2022-06-06 10:18:00,7075,7075,7075,7075,1800
2022-06-06 10:19:00,7100,7075,7100,7075,5000
2022-06-06 10:20:00,7075,7075,7075,7075,1200
2022-06-06 10:21:00,7075,7075,7075,7075,28100
2022-06-06 10:22:00,7075,7075,7075,7075,3800
2022-06-06 10:23:00,7050,7050,7075,7075,4300
2022-06-06 10:24:00,7050,7050,7050,7050,1100
2022-06-06 10:25:00,7050,7050,7050,7050,0
2022-06-06 10:26:00,7050,7050,7050,7050,0
2022-06-06 10:27:00,7050,7050,7050,7050,1600
2022-06-06 10:28:00,7050,7050,7075,7050,1500
2022-06-06 10:29:00,7050,7050,7050,7050,200
2022-06-06 10:30:00,7050,7050,7050,7050,30400
2022-06-06 10:31:00,7050,7050,7050,7050,6400
2022-06-06 10:32:00,7050,7050,7050,7050,3800
2022-06-06 10:33:00,7050,7050,7050,7050,31100
2022-06-06 10:34:00,7025,7025,7025,7025,1600
2022-06-06 10:35:00,7025,7025,7025,7025,1500
2022-06-06 10:36:00,7025,7025,7025,7025,3500
2022-06-06 10:37:00,7025,7025,7050,7025,24800
2022-06-06 10:38:00,7025,7025,7025,7025,15300
2022-06-06 10:39:00,7025,7025,7025,7025,8900
2022-06-06 10:40:00,7025,7025,7025,7025,10500
2022-06-06 10:41:00,7025,7025,7050,7025,27000
2022-06-06 10:42:00,7025,7025,7025,7025,6700
2022-06-06 10:43:00,7025,7025,7025,7025,1200
2022-06-06 10:44:00,7025,7025,7025,7025,5900
2022-06-06 10:45:00,7050,7025,7050,7025,92800
2022-06-06 10:46:00,7025,7025,7025,7025,26500
2022-06-06 10:47:00,7025,7025,7025,7025,2500
2022-06-06 10:48:00,7025,7025,7025,7025,1000
2022-06-06 10:49:00,7025,7025,7025,7025,800
2022-06-06 10:50:00,7025,7025,7025,7025,1000
2022-06-06 10:51:00,7025,7025,7050,7050,5100
2022-06-06 10:52:00,7025,7025,7025,7025,6600
2022-06-06 10:53:00,7025,7025,7025,7025,100
2022-06-06 10:54:00,7025,7025,7025,7025,0
2022-06-06 10:55:00,7025,7025,7025,7025,6500
2022-06-06 10:56:00,7025,7025,7025,7025,0
2022-06-06 10:57:00,7025,7025,7025,7025,2700
2022-06-06 10:58:00,7025,7025,7025,7025,1200
2022-06-06 10:59:00,7025,7025,7050,7050,10100
2022-06-06 11:00:00,7050,7025,7050,7050,42900
2022-06-06 11:01:00,7050,7050,7050,7050,700
2022-06-06 11:02:00,7050,7050,7050,7050,2500
2022-06-06 11:03:00,7050,7050,7050,7050,500
2022-06-06 11:04:00,7050,7050,7050,7050,1500
2022-06-06 11:05:00,7050,7050,7050,7050,200
2022-06-06 11:06:00,7050,7050,7050,7050,100
2022-06-06 11:07:00,7050,7050,7075,7075,4800
2022-06-06 11:08:00,7075,7075,7075,7075,5500
2022-06-06 11:09:00,7100,7075,7100,7075,2200
2022-06-06 11:10:00,7075,7075,7075,7075,5500
2022-06-06 11:11:00,7100,7075,7100,7100,600
2022-06-06 11:12:00,7100,7100,7100,7100,300
2022-06-06 11:13:00,7100,7075,7100,7075,1000
2022-06-06 11:14:00,7100,7100,7100,7100,5400
2022-06-06 11:15:00,7100,7100,7100,7100,500
2022-06-06 11:16:00,7100,7100,7100,7100,0
2022-06-06 11:17:00,7100,7100,7100,7100,400
2022-06-06 11:18:00,7100,7100,7125,7125,96900
2022-06-06 11:19:00,7125,7100,7125,7125,700
2022-06-06 11:20:00,7125,7125,7125,7125,2100
2022-06-06 11:21:00,7125,7125,7125,7125,10000
2022-06-06 11:22:00,7125,7125,7125,7125,500
2022-06-06 11:23:00,7125,7125,7125,7125,200
2022-06-06 11:24:00,7125,7125,7125,7125,300
2022-06-06 11:25:00,7125,7125,7125,7125,11000
2022-06-06 11:26:00,7125,7125,7125,7125,10500
2022-06-06 11:27:00,7125,7100,7125,7100,1400
2022-06-06 11:28:00,7100,7100,7125,7125,2600
2022-06-06 11:29:00,7125,7125,7125,7125,600
2022-06-06 11:30:00,7125,7125,7125,7125,0
2022-06-06 11:31:00,7125,7125,7125,7125,0
2022-06-06 11:32:00,7125,7125,7125,7125,0
2022-06-06 11:33:00,7125,7125,7125,7125,0
2022-06-06 11:34:00,7125,7125,7125,7125,0
2022-06-06 11:35:00,7125,7125,7125,7125,0
2022-06-06 11:36:00,7125,7125,7125,7125,0
2022-06-06 11:37:00,7125,7125,7125,7125,0
2022-06-06 11:38:00,7125,7125,7125,7125,0
2022-06-06 11:39:00,7125,7125,7125,7125,0
2022-06-06 11:40:00,7125,7125,7125,7125,0
2022-06-06 11:41:00,7125,7125,7125,7125,0
2022-06-06 11:42:00,7125,7125,7125,7125,0
2022-06-06 11:43:00,7125,7125,7125,7125,0
2022-06-06 11:44:00,7125,7125,7125,7125,0
2022-06-06 11:45:00,7125,7125,7125,7125,0
2022-06-06 11:46:00,7125,7125,7125,7125,0
2022-06-06 11:47:00,7125,7125,7125,7125,0
2022-06-06 11:48:00,7125,7125,7125,7125,0
2022-06-06 11:49:00,7125,7125,7125,7125,0
2022-06-06 11:50:00,7125,7125,7125,7125,0
2022-06-06 11:51:00,7125,7125,7125,7125,0
2022-06-06 11:52:00,7125,7125,7125,7125,0
2022-06-06 11:53:00,7125,7125,7125,7125,0
2022-06-06 11:54:00,7125,7125,7125,7125,0
2022-06-06 11:55:00,7125,7125,7125,7125,0
2022-06-06 11:56:00,7125,7125,7125,7125,0
2022-06-06 11:57:00,7125,7125,7125,7125,0
2022-06-06 11:58:00,7125,7125,7125,7125,0
2022-06-06 11:59:00,7125,7125,7125,7125,0
2022-06-06 12:00:00,7125,7125,7125,7125,0
2022-06-06 12:01:00,7125,7125,7125,7125,0
2022-06-06 12:02:00,7125,7125,7125,7125,0
2022-06-06 12:03:00,7125,7125,7125,7125,0
2022-06-06 12:04:00,7125,7125,7125,7125,0
2022-06-06 12:05:00,7125,7125,7125,7125,0
2022-06-06 12:06:00,7125,7125,7125,7125,0
2022-06-06 12:07:00,7125,7125,7125,7125,0
2022-06-06 12:08:00,7125,7125,7125,7125,0
2022-06-06 12:09:00,7125,7125,7125,7125,0
2022-06-06 12:10:00,7125,7125,7125,7125,0
2022-06-06 12:11:00,7125,7125,7125,7125,0
2022-06-06 12:12:00,7125,7125,7125,7125,0
2022-06-06 12:13:00,7125,7125,7125,7125,0
2022-06-06 12:14:00,7125,7125,7125,7125,0
2022-06-06 12:15:00,7125,7125,7125,7125,0
2022-06-06 12:16:00,7125,7125,7125,7125,0
2022-06-06 12:17:00,7125,7125,7125,7125,0
2022-06-06 12:18:00,7125,7125,7125,7125,0
2022-06-06 12:19:00,7125,7125,7125,7125,0
2022-06-06 12:20:00,7125,7125,7125,7125,0
2022-06-06 12:21:00,7125,7125,7125,7125,0
2022-06-06 12:22:00,7125,7125,7125,7125,0
2022-06-06 12:23:00,7125,7125,7125,7125,0
2022-06-06 12:24:00,7125,7125,7125,7125,0
2022-06-06 12:25:00,7125,7125,7125,7125,0
2022-06-06 12:26:00,7125,7125,7125,7125,0
2022-06-06 12:27:00,7125,7125,7125,7125,0
2022-06-06 12:28:00,7125,7125,7125,7125,0
2022-06-06 12:29:00,7125,7125,7125,7125,0
2022-06-06 12:30:00,7125,7125,7125,7125,0
2022-06-06 12:31:00,7125,7125,7125,7125,0
2022-06-06 12:32:00,7125,7125,7125,7125,0
2022-06-06 12:33:00,7125,7125,7125,7125,0
2022-06-06 12:34:00,7125,7125,7125,7125,0
2022-06-06 12:35:00,7125,7125,7125,7125,0
2022-06-06 12:36:00,7125,7125,7125,7125,0
2022-06-06 12:37:00,7125,7125,7125,7125,0
2022-06-06 12:38:00,7125,7125,7125,7125,0
2022-06-06 12:39:00,7125,7125,7125,7125,0
2022-06-06 12:40:00,7125,7125,7125,7125,0
2022-06-06 12:41:00,7125,7125,7125,7125,0
2022-06-06 12:42:00,7125,7125,7125,7125,0
2022-06-06 12:43:00,7125,7125,7125,7125,0
2022-06-06 12:44:00,7125,7125,7125,7125,0
2022-06-06 12:45:00,7125,7125,7125,7125,0
2022-06-06 12:46:00,7125,7125,7125,7125,0
2022-06-06 12:47:00,7125,7125,7125,7125,0
2022-06-06 12:48:00,7125,7125,7125,7125,0
2022-06-06 12:49:00,7125,7125,7125,7125,0
2022-06-06 12:50:00,7125,7125,7125,7125,0
2022-06-06 12:51:00,7125,7125,7125,7125,0
2022-06-06 12:52:00,7125,7125,7125,7125,0
2022-06-06 12:53:00,7125,7125,7125,7125,0
2022-06-06 12:54:00,7125,7125,7125,7125,0
2022-06-06 12:55:00,7125,7125,7125,7125,0
2022-06-06 12:56:00,7125,7125,7125,7125,0
2022-06-06 12:57:00,7125,7125,7125,7125,0
2022-06-06 12:58:00,7125,7125,7125,7125,0
2022-06-06 12:59:00,7125,7125,7125,7125,0
2022-06-06 13:00:00,7125,7125,7125,7125,0
2022-06-06 13:01:00,7125,7125,7125,7125,0
2022-06-06 13:02:00,7125,7125,7125,7125,0
2022-06-06 13:03:00,7125,7125,7125,7125,0
2022-06-06 13:04:00,7125,7125,7125,7125,0
2022-06-06 13:05:00,7125,7125,7125,7125,0
2022-06-06 13:06:00,7125,7125,7125,7125,0
2022-06-06 13:07:00,7125,7125,7125,7125,0
2022-06-06 13:08:00,7125,7125,7125,7125,0
2022-06-06 13:09:00,7125,7125,7125,7125,0
2022-06-06 13:10:00,7125,7125,7125,7125,0
2022-06-06 13:11:00,7125,7125,7125,7125,0
2022-06-06 13:12:00,7125,7125,7125,7125,0
2022-06-06 13:13:00,7125,7125,7125,7125,0
2022-06-06 13:14:00,7125,7125,7125,7125,0
2022-06-06 13:15:00,7125,7125,7125,7125,0
2022-06-06 13:16:00,7125,7125,7125,7125,0
2022-06-06 13:17:00,7125,7125,7125,7125,0
2022-06-06 13:18:00,7125,7125,7125,7125,0
2022-06-06 13:19:00,7125,7125,7125,7125,0
2022-06-06 13:20:00,7125,7125,7125,7125,0
2022-06-06 13:21:00,7125,7125,7125,7125,0
2022-06-06 13:22:00,7125,7125,7125,7125,0
2022-06-06 13:23:00,7125,7125,7125,7125,0
2022-06-06 13:24:00,7125,7125,7125,7125,0
2022-06-06 13:25:00,7125,7125,7125,7125,0
2022-06-06 13:26:00,7125,7125,7125,7125,0
2022-06-06 13:27:00,7125,7125,7125,7125,0
2022-06-06 13:28:00,7125,7125,7125,7125,0
2022-06-06 13:29:00,7125,7125,7125,7125,0
2022-06-06 13:30:00,7100,7100,7125,7125,92900
2022-06-06 13:31:00,7100,7100,7125,7125,5100
2022-06-06 13:32:00,7100,7100,7100,7100,2000
2022-06-06 13:33:00,7100,7100,7100,7100,2500
2022-06-06 13:34:00,7100,7100,7100,7100,2200
2022-06-06 13:35:00,7100,7100,7100,7100,4500
2022-06-06 13:36:00,7100,7100,7100,7100,300
2022-06-06 13:37:00,7100,7100,7100,7100,200
2022-06-06 13:38:00,7100,7100,7100,7100,0
2022-06-06 13:39:00,7075,7075,7075,7075,7600
2022-06-06 13:40:00,7100,7100,7100,7100,100
2022-06-06 13:41:00,7100,7100,7100,7100,0
2022-06-06 13:42:00,7100,7075,7100,7075,300
2022-06-06 13:43:00,7075,7075,7075,7075,2000
2022-06-06 13:44:00,7100,7075,7100,7075,2100
2022-06-06 13:45:00,7075,7075,7075,7075,700
2022-06-06 13:46:00,7075,7075,7075,7075,1100
2022-06-06 13:47:00,7075,7075,7075,7075,2600
2022-06-06 13:48:00,7075,7075,7075,7075,0
2022-06-06 13:49:00,7075,7075,7075,7075,0
2022-06-06 13:50:00,7075,7075,7075,7075,200
2022-06-06 13:51:00,7075,7075,7075,7075,100
2022-06-06 13:52:00,7075,7075,7075,7075,4500
2022-06-06 13:53:00,7075,7075,7075,7075,0
2022-06-06 13:54:00,7100,7075,7100,7100,1700
2022-06-06 13:55:00,7100,7075,7100,7100,0
2022-06-06 13:56:00,7075,7075,7075,7075,35800
2022-06-06 13:57:00,7075,7050,7075,7075,11200
2022-06-06 13:58:00,7075,7075,7075,7075,1000
2022-06-06 13:59:00,7075,7075,7075,7075,200
2022-06-06 14:00:00,7075,7075,7075,7075,0
2022-06-06 14:01:00,7075,7075,7075,7075,2100
2022-06-06 14:02:00,7075,7075,7075,7075,0
2022-06-06 14:03:00,7075,7075,7075,7075,0
2022-06-06 14:04:00,7075,7075,7075,7075,200
2022-06-06 14:05:00,7075,7075,7075,7075,1400
2022-06-06 14:06:00,7075,7075,7075,7075,41300
2022-06-06 14:07:00,7075,7075,7075,7075,0
2022-06-06 14:08:00,7075,7075,7100,7100,2415300
2022-06-06 14:09:00,7075,7075,7075,7075,900
2022-06-06 14:10:00,7075,7075,7075,7075,300
2022-06-06 14:11:00,7100,7075,7100,7075,4800
2022-06-06 14:12:00,7075,7075,7075,7075,7800
2022-06-06 14:13:00,7075,7075,7100,7100,4500
2022-06-06 14:14:00,7075,7075,7100,7100,600
2022-06-06 14:15:00,7075,7075,7075,7075,300
2022-06-06 14:16:00,7075,7075,7075,7075,4000
2022-06-06 14:17:00,7075,7075,7075,7075,800
2022-06-06 14:18:00,7075,7075,7075,7075,300
2022-06-06 14:19:00,7075,7075,7100,7075,3400
2022-06-06 14:20:00,7075,7075,7100,7075,0
2022-06-06 14:21:00,7075,7075,7075,7075,1100
2022-06-06 14:22:00,7075,7075,7075,7075,100
2022-06-06 14:23:00,7075,7075,7100,7100,400
2022-06-06 14:24:00,7075,7075,7100,7100,3600
2022-06-06 14:25:00,7100,7100,7100,7100,36000
2022-06-06 14:26:00,7100,7075,7100,7075,1200
2022-06-06 14:27:00,7100,7075,7100,7075,3100
2022-06-06 14:28:00,7075,7075,7075,7075,1600
2022-06-06 14:29:00,7075,7075,7100,7100,4700
2022-06-06 14:30:00,7100,7100,7100,7100,4200
2022-06-06 14:31:00,7075,7075,7100,7100,1400
2022-06-06 14:32:00,7100,7100,7100,7100,700
2022-06-06 14:33:00,7075,7075,7100,7100,12400
2022-06-06 14:34:00,7100,7075,7100,7075,2200
2022-06-06 14:35:00,7075,7075,7100,7100,700
2022-06-06 14:36:00,7100,7075,7100,7075,900
2022-06-06 14:37:00,7100,7075,7100,7075,48400
2022-06-06 14:38:00,7075,7050,7075,7050,28900
2022-06-06 14:39:00,7075,7050,7075,7050,0
2022-06-06 14:40:00,7050,7050,7075,7075,1100
2022-06-06 14:41:00,7075,7075,7075,7075,5300
2022-06-06 14:42:00,7075,7075,7075,7075,1100
2022-06-06 14:43:00,7050,7050,7075,7050,6300
2022-06-06 14:44:00,7050,7050,7050,7050,3600
2022-06-06 14:45:00,7050,7050,7075,7050,18200
2022-06-06 14:46:00,7050,7050,7075,7075,4000
2022-06-06 14:47:00,7075,7075,7075,7075,300
2022-06-06 14:48:00,7075,7050,7075,7050,25400
2022-06-06 14:49:00,7050,7050,7100,7100,12500
2022-06-06 14:50:00,7050,7050,7100,7100,0
2022-06-06 14:51:00,7050,7050,7100,7100,0
2022-06-06 14:52:00,7050,7050,7100,7100,0
2022-06-06 14:53:00,7050,7050,7100,7100,0
2022-06-06 14:54:00,7050,7050,7100,7100,0
2022-06-06 14:55:00,7050,7050,7100,7100,0
2022-06-06 14:56:00,7050,7050,7100,7100,0
2022-06-06 14:57:00,7050,7050,7100,7100,0
2022-06-06 14:58:00,7050,7050,7100,7100,0
2022-06-06 14:59:00,7050,7050,7100,7100,0
2022-06-06 15:00:00,7100,7100,7100,7100,62500
2022-06-06 15:01:00,7100,7100,7100,7100,2600
2022-06-06 15:02:00,7100,7100,7100,7100,1000
2022-06-06 15:03:00,7100,7100,7100,7100,3600
2022-06-06 15:04:00,7100,7100,7100,7100,0
2022-06-06 15:05:00,7100,7100,7100,7100,100
2022-06-06 15:06:00,7100,7100,7100,7100,200
2022-06-06 15:07:00,7100,7100,7100,7100,1000
2022-06-06 15:08:00,7100,7100,7100,7100,0
2022-06-06 15:09:00,7100,7100,7100,7100,0
2022-06-06 15:10:00,7100,7100,7100,7100,0
2022-06-06 15:11:00,7100,7100,7100,7100,0
2022-06-06 15:12:00,7100,7100,7100,7100,2100
2022-06-06 15:13:00,7100,7100,7100,7100,500
2022-06-06 15:14:00,7100,7100,7100,7100,0
2022-06-06 15:15:00,7100,7100,7100,7100,0
2022-06-06 15:16:00,7100,7100,7100,7100,0
2022-06-06 15:17:00,7100,7100,7100,7100,0
2022-06-06 15:18:00,7100,7100,7100,7100,0
2022-06-06 15:19:00,7100,7100,7100,7100,0
2022-06-06 15:20:00,7100,7100,7100,7100,0
2022-06-06 15:21:00,7100,7100,7100,7100,0
2022-06-06 15:22:00,7100,7100,7100,7100,0
2022-06-06 15:23:00,7100,7100,7100,7100,0
2022-06-06 15:24:00,7100,7100,7100,7100,0
2022-06-06 15:25:00,7100,7100,7100,7100,0
2022-06-06 15:26:00,7100,7100,7100,7100,0
2022-06-06 15:27:00,7100,7100,7100,7100,0
2022-06-06 15:28:00,7100,7100,7100,7100,0
2022-06-06 15:29:00,7100,7100,7100,7100,0
2022-06-06 15:30:00,7100,7100,7100,7100,0
2022-06-06 15:31:00,7100,7100,7100,7100,0
2022-06-06 15:32:00,7100,7100,7100,7100,0
2022-06-06 15:33:00,7100,7100,7100,7100,0
2022-06-06 15:34:00,7100,7100,7100,7100,0
2022-06-06 15:35:00,7100,7100,7100,7100,0
2022-06-06 15:36:00,7100,7100,7100,7100,0
2022-06-06 15:37:00,7100,7100,7100,7100,0
2022-06-06 15:38:00,7100,7100,7100,7100,0
2022-06-06 15:39:00,7100,7100,7100,7100,0
2022-06-06 15:40:00,7100,7100,7100,7100,0
2022-06-06 15:41:00,7100,7100,7100,7100,0
2022-06-06 15:42:00,7100,7100,7100,7100,0
2022-06-06 15:43:00,7100,7100,7100,7100,0
2022-06-06 15:44:00,7100,7100,7100,7100,0
2022-06-06 15:45:00,7100,7100,7100,7100,0
2022-06-06 15:46:00,7100,7100,7100,7100,0
2022-06-06 15:47:00,7100,7100,7100,7100,0
2022-06-06 15:48:00,7100,7100,7100,7100,0
2022-06-06 15:49:00,7100,7100,7100,7100,0
2022-06-06 15:50:00,7100,7100,7100,7100,0
2022-06-06 15:51:00,7100,7100,7100,7100,0
2022-06-06 15:52:00,7100,7100,7100,7100,0
2022-06-06 15:53:00,7100,7100,7100,7100,0
2022-06-06 15:54:00,7100,7100,7100,7100,0
2022-06-06 15:55:00,7100,7100,7100,7100,0
2022-06-06 15:56:00,7100,7100,7100,7100,0
2022-06-06 15:57:00,7100,7100,7100,7100,0
2022-06-06 15:58:00,7100,7100,7100,7100,0
2022-06-06 15:59:00,7100,7100,7100,7100,0
2022-06-07 09:00:00,7075,7075,7100,7100,9600
2022-06-07 09:01:00,7100,7100,7100,7100,5600
2022-06-07 09:02:00,7100,7075,7100,7075,2100
2022-06-07 09:03:00,7075,7050,7075,7075,10800
2022-06-07 09:04:00,7075,7050,7100,7075,17600
2022-06-07 09:05:00,7075,7075,7075,7075,400
2022-06-07 09:06:00,7075,7075,7075,7075,3700
2022-06-07 09:07:00,7075,7075,7075,7075,5100
2022-06-07 09:08:00,7075,7075,7100,7100,13200
2022-06-07 09:09:00,7100,7100,7100,7100,20600
2022-06-07 09:10:00,7125,7125,7125,7125,200
2022-06-07 09:11:00,7100,7100,7100,7100,1100
2022-06-07 09:12:00,7100,7100,7125,7125,10100
2022-06-07 09:13:00,7100,7100,7100,7100,12600
2022-06-07 09:14:00,7100,7100,7100,7100,17100
2022-06-07 09:15:00,7100,7100,7100,7100,2500
2022-06-07 09:16:00,7125,7125,7125,7125,1200
2022-06-07 09:17:00,7100,7100,7125,7125,7900
2022-06-07 09:18:00,7150,7150,7150,7150,1300
2022-06-07 09:19:00,7150,7150,7175,7150,31300
2022-06-07 09:20:00,7150,7150,7175,7150,27100
2022-06-07 09:21:00,7150,7150,7175,7150,7200
2022-06-07 09:22:00,7150,7125,7150,7125,6300
2022-06-07 09:23:00,7150,7150,7150,7150,2400
2022-06-07 09:24:00,7150,7125,7150,7150,1600
2022-06-07 09:25:00,7150,7150,7175,7150,16600
2022-06-07 09:26:00,7150,7125,7150,7150,1300
2022-06-07 09:27:00,7150,7150,7150,7150,600
2022-06-07 09:28:00,7125,7125,7125,7125,15700
2022-06-07 09:29:00,7125,7125,7125,7125,300
2022-06-07 09:30:00,7125,7125,7125,7125,700
2022-06-07 09:31:00,7125,7125,7125,7125,500
2022-06-07 09:32:00,7125,7125,7125,7125,300
2022-06-07 09:33:00,7125,7125,7150,7150,700
2022-06-07 09:34:00,7125,7125,7150,7125,5500
2022-06-07 09:35:00,7125,7125,7125,7125,100
2022-06-07 09:36:00,7150,7125,7150,7125,7300
2022-06-07 09:37:00,7125,7125,7125,7125,7700
2022-06-07 09:38:00,7125,7125,7125,7125,1800
2022-06-07 09:39:00,7125,7125,7125,7125,1500
2022-06-07 09:40:00,7125,7125,7125,7125,100
2022-06-07 09:41:00,7125,7100,7125,7100,29700
2022-06-07 09:42:00,7100,7100,7100,7100,500
2022-06-07 09:43:00,7100,7100,7125,7100,14200
2022-06-07 09:44:00,7125,7125,7125,7125,9600
2022-06-07 09:45:00,7125,7125,7150,7150,2100
2022-06-07 09:46:00,7125,7125,7125,7125,9400
2022-06-07 09:47:00,7125,7125,7125,7125,6700
2022-06-07 09:48:00,7125,7125,7125,7125,14800
2022-06-07 09:49:00,7125,7125,7125,7125,100
2022-06-07 09:50:00,7125,7125,7125,7125,1100
2022-06-07 09:51:00,7125,7125,7125,7125,1500
2022-06-07 09:52:00,7125,7125,7125,7125,1700
2022-06-07 09:53:00,7125,7125,7125,7125,2200
2022-06-07 09:54:00,7150,7125,7150,7125,1800
2022-06-07 09:55:00,7125,7125,7150,7150,110600
2022-06-07 09:56:00,7150,7150,7175,7175,4600
2022-06-07 09:57:00,7150,7150,7175,7150,3800
2022-06-07 09:58:00,7150,7150,7150,7150,2900
2022-06-07 09:59:00,7150,7150,7150,7150,11200
2022-06-07 10:00:00,7150,7150,7150,7150,17700
2022-06-07 10:01:00,7150,7150,7150,7150,25800
2022-06-07 10:02:00,7150,7150,7150,7150,1300
2022-06-07 10:03:00,7150,7150,7150,7150,1300
2022-06-07 10:04:00,7150,7150,7150,7150,1300
2022-06-07 10:05:00,7150,7150,7175,7175,2700
2022-06-07 10:06:00,7175,7125,7175,7125,12500
2022-06-07 10:07:00,7150,7125,7150,7150,12400
2022-06-07 10:08:00,7150,7150,7150,7150,300
2022-06-07 10:09:00,7125,7125,7150,7150,2400
2022-06-07 10:10:00,7125,7125,7150,7150,4700
2022-06-07 10:11:00,7150,7125,7150,7150,27000
2022-06-07 10:12:00,7150,7150,7150,7150,100
2022-06-07 10:13:00,7150,7150,7150,7150,2300
2022-06-07 10:14:00,7150,7150,7200,7200,300800
2022-06-07 10:15:00,7200,7200,7225,7200,159000
2022-06-07 10:16:00,7200,7200,7200,7200,42100
2022-06-07 10:17:00,7200,7175,7200,7175,37700
2022-06-07 10:18:00,7200,7200,7225,7225,10200
2022-06-07 10:19:00,7225,7200,7225,7225,154000
2022-06-07 10:20:00,7225,7225,7275,7275,249500
2022-06-07 10:21:00,7275,7250,7275,7250,19500
2022-06-07 10:22:00,7250,7250,7275,7250,125700
2022-06-07 10:23:00,7225,7225,7275,7250,44700
2022-06-07 10:24:00,7250,7225,7275,7250,37400
2022-06-07 10:25:00,7250,7250,7275,7250,18500
2022-06-07 10:26:00,7250,7250,7250,7250,34500
2022-06-07 10:27:00,7250,7225,7250,7225,137900
2022-06-07 10:28:00,7225,7225,7225,7225,2800
2022-06-07 10:29:00,7225,7225,7225,7225,2000
2022-06-07 10:30:00,7225,7225,7225,7225,52100
2022-06-07 10:31:00,7200,7200,7225,7200,17600
2022-06-07 10:32:00,7200,7200,7225,7225,5900
2022-06-07 10:33:00,7225,7200,7225,7225,2900
2022-06-07 10:34:00,7200,7200,7200,7200,11000
2022-06-07 10:35:00,7200,7200,7200,7200,2600
2022-06-07 10:36:00,7225,7200,7225,7225,3000
2022-06-07 10:37:00,7200,7200,7225,7200,7400
2022-06-07 10:38:00,7200,7200,7225,7225,8500
2022-06-07 10:39:00,7225,7200,7225,7225,4800
2022-06-07 10:40:00,7225,7200,7225,7200,15000
2022-06-07 10:41:00,7225,7200,7225,7200,29800
2022-06-07 10:42:00,7200,7200,7200,7200,24600
2022-06-07 10:43:00,7200,7200,7200,7200,2600
2022-06-07 10:44:00,7200,7200,7200,7200,62100
2022-06-07 10:45:00,7200,7175,7200,7175,2100
2022-06-07 10:46:00,7175,7175,7200,7200,28600
2022-06-07 10:47:00,7175,7175,7175,7175,1200
2022-06-07 10:48:00,7175,7175,7175,7175,6400
2022-06-07 10:49:00,7200,7175,7200,7175,1500
2022-06-07 10:50:00,7175,7175,7175,7175,1300
2022-06-07 10:51:00,7175,7175,7200,7200,3100
2022-06-07 10:52:00,7175,7175,7200,7175,1700
2022-06-07 10:53:00,7175,7175,7175,7175,1200
2022-06-07 10:54:00,7175,7175,7175,7175,1200
2022-06-07 10:55:00,7175,7175,7200,7200,4200
2022-06-07 10:56:00,7175,7175,7175,7175,1400
2022-06-07 10:57:00,7175,7175,7175,7175,11100
2022-06-07 10:58:00,7175,7175,7175,7175,1200
2022-06-07 10:59:00,7175,7175,7175,7175,4100
2022-06-07 11:00:00,7175,7175,7175,7175,22000
2022-06-07 11:01:00,7175,7150,7175,7150,5500
2022-06-07 11:02:00,7150,7150,7150,7150,1300
2022-06-07 11:03:00,7150,7150,7175,7175,2800
2022-06-07 11:04:00,7175,7150,7175,7150,1500
2022-06-07 11:05:00,7150,7150,7150,7150,1700
2022-06-07 11:06:00,7150,7150,7150,7150,1200
2022-06-07 11:07:00,7150,7150,7150,7150,2300
2022-06-07 11:08:00,7150,7150,7150,7150,1100
2022-06-07 11:09:00,7150,7150,7175,7150,2900
2022-06-07 11:10:00,7150,7150,7175,7150,2700
2022-06-07 11:11:00,7175,7150,7175,7150,2500
2022-06-07 11:12:00,7150,7150,7175,7175,3600
2022-06-07 11:13:00,7175,7150,7175,7175,16900
2022-06-07 11:14:00,7200,7200,7200,7200,3000
2022-06-07 11:15:00,7175,7175,7200,7175,11500
2022-06-07 11:16:00,7175,7175,7175,7175,1900
2022-06-07 11:17:00,7175,7175,7175,7175,2700
2022-06-07 11:18:00,7175,7175,7175,7175,4000
2022-06-07 11:19:00,7175,7175,7175,7175,11800
2022-06-07 11:20:00,7150,7150,7175,7175,5300
2022-06-07 11:21:00,7150,7150,7150,7150,1200
2022-06-07 11:22:00,7150,7150,7150,7150,1100
2022-06-07 11:23:00,7150,7150,7150,7150,6900
2022-06-07 11:24:00,7150,7150,7150,7150,1700
2022-06-07 11:25:00,7150,7150,7175,7150,3300
2022-06-07 11:26:00,7150,7150,7175,7175,19200
2022-06-07 11:27:00,7150,7150,7150,7150,13800
2022-06-07 11:28:00,7150,7150,7175,7175,3000
2022-06-07 11:29:00,7175,7150,7175,7175,2300
2022-06-07 11:30:00,7175,7150,7175,7175,0
2022-06-07 11:31:00,7175,7150,7175,7175,0
2022-06-07 11:32:00,7175,7150,7175,7175,0
2022-06-07 11:33:00,7175,7150,7175,7175,0
2022-06-07 11:34:00,7175,7150,7175,7175,0
2022-06-07 11:35:00,7175,7150,7175,7175,0
2022-06-07 11:36:00,7175,7150,7175,7175,0
2022-06-07 11:37:00,7175,7150,7175,7175,0
2022-06-07 11:38:00,7175,7150,7175,7175,0
2022-06-07 11:39:00,7175,7150,7175,7175,0
2022-06-07 11:40:00,7175,7150,7175,7175,0
2022-06-07 11:41:00,7175,7150,7175,7175,0
2022-06-07 11:42:00,7175,7150,7175,7175,0
2022-06-07 11:43:00,7175,7150,7175,7175,0
2022-06-07 11:44:00,7175,7150,7175,7175,0
2022-06-07 11:45:00,7175,7150,7175,7175,0
2022-06-07 11:46:00,7175,7150,7175,7175,0
2022-06-07 11:47:00,7175,7150,7175,7175,0
2022-06-07 11:48:00,7175,7150,7175,7175,0
2022-06-07 11:49:00,7175,7150,7175,7175,0
2022-06-07 11:50:00,7175,7150,7175,7175,0
2022-06-07 11:51:00,7175,7150,7175,7175,0
2022-06-07 11:52:00,7175,7150,7175,7175,0
2022-06-07 11:53:00,7175,7150,7175,7175,0
2022-06-07 11:54:00,7175,7150,7175,7175,0
2022-06-07 11:55:00,7175,7150,7175,7175,0
2022-06-07 11:56:00,7175,7150,7175,7175,0
2022-06-07 11:57:00,7175,7150,7175,7175,0
2022-06-07 11:58:00,7175,7150,7175,7175,0
2022-06-07 11:59:00,7175,7150,7175,7175,0
2022-06-07 12:00:00,7175,7150,7175,7175,0
2022-06-07 12:01:00,7175,7150,7175,7175,0
2022-06-07 12:02:00,7175,7150,7175,7175,0
2022-06-07 12:03:00,7175,7150,7175,7175,0
2022-06-07 12:04:00,7175,7150,7175,7175,0
2022-06-07 12:05:00,7175,7150,7175,7175,0
2022-06-07 12:06:00,7175,7150,7175,7175,0
2022-06-07 12:07:00,7175,7150,7175,7175,0
2022-06-07 12:08:00,7175,7150,7175,7175,0
2022-06-07 12:09:00,7175,7150,7175,7175,0
2022-06-07 12:10:00,7175,7150,7175,7175,0
2022-06-07 12:11:00,7175,7150,7175,7175,0
2022-06-07 12:12:00,7175,7150,7175,7175,0
2022-06-07 12:13:00,7175,7150,7175,7175,0
2022-06-07 12:14:00,7175,7150,7175,7175,0
2022-06-07 12:15:00,7175,7150,7175,7175,0
2022-06-07 12:16:00,7175,7150,7175,7175,0
2022-06-07 12:17:00,7175,7150,7175,7175,0
2022-06-07 12:18:00,7175,7150,7175,7175,0
2022-06-07 12:19:00,7175,7150,7175,7175,0
2022-06-07 12:20:00,7175,7150,7175,7175,0
2022-06-07 12:21:00,7175,7150,7175,7175,0
2022-06-07 12:22:00,7175,7150,7175,7175,0
2022-06-07 12:23:00,7175,7150,7175,7175,0
2022-06-07 12:24:00,7175,7150,7175,7175,0
2022-06-07 12:25:00,7175,7150,7175,7175,0
2022-06-07 12:26:00,7175,7150,7175,7175,0
2022-06-07 12:27:00,7175,7150,7175,7175,0
2022-06-07 12:28:00,7175,7150,7175,7175,0
2022-06-07 12:29:00,7175,7150,7175,7175,0
2022-06-07 12:30:00,7175,7150,7175,7175,0
2022-06-07 12:31:00,7175,7150,7175,7175,0
2022-06-07 12:32:00,7175,7150,7175,7175,0
2022-06-07 12:33:00,7175,7150,7175,7175,0
2022-06-07 12:34:00,7175,7150,7175,7175,0
2022-06-07 12:35:00,7175,7150,7175,7175,0
2022-06-07 12:36:00,7175,7150,7175,7175,0
2022-06-07 12:37:00,7175,7150,7175,7175,0
2022-06-07 12:38:00,7175,7150,7175,7175,0
2022-06-07 12:39:00,7175,7150,7175,7175,0
2022-06-07 12:40:00,7175,7150,7175,7175,0
2022-06-07 12:41:00,7175,7150,7175,7175,0
2022-06-07 12:42:00,7175,7150,7175,7175,0
2022-06-07 12:43:00,7175,7150,7175,7175,0
2022-06-07 12:44:00,7175,7150,7175,7175,0
2022-06-07 12:45:00,7175,7150,7175,7175,0
2022-06-07 12:46:00,7175,7150,7175,7175,0
2022-06-07 12:47:00,7175,7150,7175,7175,0
2022-06-07 12:48:00,7175,7150,7175,7175,0
2022-06-07 12:49:00,7175,7150,7175,7175,0
2022-06-07 12:50:00,7175,7150,7175,7175,0
2022-06-07 12:51:00,7175,7150,7175,7175,0
2022-06-07 12:52:00,7175,7150,7175,7175,0
2022-06-07 12:53:00,7175,7150,7175,7175,0
2022-06-07 12:54:00,7175,7150,7175,7175,0
2022-06-07 12:55:00,7175,7150,7175,7175,0
2022-06-07 12:56:00,7175,7150,7175,7175,0
2022-06-07 12:57:00,7175,7150,7175,7175,0
2022-06-07 12:58:00,7175,7150,7175,7175,0
2022-06-07 12:59:00,7175,7150,7175,7175,0
2022-06-07 13:00:00,7175,7150,7175,7175,0
2022-06-07 13:01:00,7175,7150,7175,7175,0
2022-06-07 13:02:00,7175,7150,7175,7175,0
2022-06-07 13:03:00,7175,7150,7175,7175,0
2022-06-07 13:04:00,7175,7150,7175,7175,0
2022-06-07 13:05:00,7175,7150,7175,7175,0
2022-06-07 13:06:00,7175,7150,7175,7175,0
2022-06-07 13:07:00,7175,7150,7175,7175,0
2022-06-07 13:08:00,7175,7150,7175,7175,0
2022-06-07 13:09:00,7175,7150,7175,7175,0
2022-06-07 13:10:00,7175,7150,7175,7175,0
2022-06-07 13:11:00,7175,7150,7175,7175,0
2022-06-07 13:12:00,7175,7150,7175,7175,0
2022-06-07 13:13:00,7175,7150,7175,7175,0
2022-06-07 13:14:00,7175,7150,7175,7175,0
2022-06-07 13:15:00,7175,7150,7175,7175,0
2022-06-07 13:16:00,7175,7150,7175,7175,0
2022-06-07 13:17:00,7175,7150,7175,7175,0
2022-06-07 13:18:00,7175,7150,7175,7175,0
2022-06-07 13:19:00,7175,7150,7175,7175,0
2022-06-07 13:20:00,7175,7150,7175,7175,0
2022-06-07 13:21:00,7175,7150,7175,7175,0
2022-06-07 13:22:00,7175,7150,7175,7175,0
2022-06-07 13:23:00,7175,7150,7175,7175,0
2022-06-07 13:24:00,7175,7150,7175,7175,0
2022-06-07 13:25:00,7175,7150,7175,7175,0
2022-06-07 13:26:00,7175,7150,7175,7175,0
2022-06-07 13:27:00,7175,7150,7175,7175,0
2022-06-07 13:28:00,7175,7150,7175,7175,0
2022-06-07 13:29:00,7175,7150,7175,7175,0
2022-06-07 13:30:00,7175,7150,7200,7175,41000
2022-06-07 13:31:00,7175,7175,7175,7175,3200
2022-06-07 13:32:00,7175,7175,7200,7175,12800
2022-06-07 13:33:00,7175,7175,7200,7200,8000
2022-06-07 13:34:00,7200,7175,7200,7200,5100
2022-06-07 13:35:00,7200,7175,7200,7175,14400
2022-06-07 13:36:00,7200,7175,7200,7200,7700
2022-06-07 13:37:00,7175,7175,7200,7200,12100
2022-06-07 13:38:00,7175,7175,7200,7175,3100
2022-06-07 13:39:00,7175,7175,7175,7175,2100
2022-06-07 13:40:00,7200,7175,7200,7175,12100
2022-06-07 13:41:00,7175,7175,7175,7175,1800
2022-06-07 13:42:00,7175,7175,7175,7175,3300
2022-06-07 13:43:00,7175,7175,7200,7200,3100
2022-06-07 13:44:00,7200,7175,7200,7175,2200
2022-06-07 13:45:00,7175,7175,7175,7175,2200
2022-06-07 13:46:00,7175,7175,7175,7175,4400
2022-06-07 13:47:00,7175,7175,7200,7200,2300
2022-06-07 13:48:00,7175,7150,7175,7150,71000
2022-06-07 13:49:00,7150,7150,7150,7150,4300
2022-06-07 13:50:00,7175,7150,7175,7175,12600
2022-06-07 13:51:00,7150,7150,7175,7175,7000
2022-06-07 13:52:00,7150,7150,7175,7175,3000
2022-06-07 13:53:00,7150,7125,7150,7125,163600
2022-06-07 13:54:00,7125,7100,7125,7125,85100
2022-06-07 13:55:00,7100,7100,7125,7125,21300
2022-06-07 13:56:00,7125,7100,7125,7125,9500
2022-06-07 13:57:00,7125,7125,7125,7125,5100
2022-06-07 13:58:00,7125,7125,7125,7125,1900
2022-06-07 13:59:00,7125,7125,7125,7125,2100
2022-06-07 14:00:00,7125,7125,7125,7125,2600
2022-06-07 14:01:00,7150,7125,7150,7125,3800
2022-06-07 14:02:00,7150,7125,7150,7125,1800
2022-06-07 14:03:00,7125,7125,7125,7125,12300
2022-06-07 14:04:00,7125,7125,7150,7150,2000
2022-06-07 14:05:00,7125,7125,7150,7125,17900
2022-06-07 14:06:00,7125,7125,7125,7125,11100
2022-06-07 14:07:00,7125,7100,7125,7100,3600
2022-06-07 14:08:00,7100,7100,7125,7125,17200
2022-06-07 14:09:00,7125,7125,7125,7125,10500
2022-06-07 14:10:00,7150,7100,7150,7125,13100
2022-06-07 14:11:00,7125,7100,7150,7125,35100
2022-06-07 14:12:00,7125,7100,7125,7100,10400
2022-06-07 14:13:00,7100,7100,7100,7100,3200
2022-06-07 14:14:00,7100,7100,7100,7100,1800
2022-06-07 14:15:00,7125,7100,7125,7100,200
2022-06-07 14:16:00,7100,7100,7100,7100,119200
2022-06-07 14:17:00,7075,7075,7100,7075,42600
2022-06-07 14:18:00,7075,7075,7100,7075,105800
2022-06-07 14:19:00,7075,7075,7100,7100,35200
2022-06-07 14:20:00,7075,7075,7075,7075,5400
2022-06-07 14:21:00,7075,7075,7125,7100,25800
2022-06-07 14:22:00,7100,7100,7125,7100,10700
2022-06-07 14:23:00,7075,7075,7100,7100,7600
2022-06-07 14:24:00,7100,7100,7100,7100,10300
2022-06-07 14:25:00,7100,7100,7100,7100,6800
2022-06-07 14:26:00,7100,7100,7100,7100,61400
2022-06-07 14:27:00,7100,7100,7100,7100,5200
2022-06-07 14:28:00,7100,7075,7100,7075,5400
2022-06-07 14:29:00,7100,7075,7100,7100,10600
2022-06-07 14:30:00,7100,7075,7100,7100,3500
2022-06-07 14:31:00,7100,7100,7100,7100,21500
2022-06-07 14:32:00,7100,7075,7100,7075,32300
2022-06-07 14:33:00,7075,7075,7100,7100,3100
2022-06-07 14:34:00,7075,7075,7075,7075,2600
2022-06-07 14:35:00,7075,7075,7075,7075,97400
2022-06-07 14:36:00,7075,7075,7075,7075,0
2022-06-07 14:37:00,7100,7075,7100,7075,13200
2022-06-07 14:38:00,7075,7075,7075,7075,700
2022-06-07 14:39:00,7075,7075,7075,7075,9000
2022-06-07 14:40:00,7075,7075,7075,7075,39500
2022-06-07 14:41:00,7075,7075,7075,7075,26000
2022-06-07 14:42:00,7075,7075,7075,7075,800
2022-06-07 14:43:00,7075,7075,7075,7075,3700
2022-06-07 14:44:00,7075,7075,7100,7100,1200
2022-06-07 14:45:00,7100,7075,7100,7075,200
2022-06-07 14:46:00,7075,7075,7100,7075,66700
2022-06-07 14:47:00,7075,7075,7100,7100,46100
2022-06-07 14:48:00,7075,7075,7075,7075,44700
2022-06-07 14:49:00,7075,7050,7075,7075,58200
2022-06-07 14:50:00,7075,7050,7075,7075,0
2022-06-07 14:51:00,7075,7050,7075,7075,0
2022-06-07 14:52:00,7075,7050,7075,7075,0
2022-06-07 14:53:00,7075,7050,7075,7075,0
2022-06-07 14:54:00,7075,7050,7075,7075,0
2022-06-07 14:55:00,7075,7050,7075,7075,0
2022-06-07 14:56:00,7075,7050,7075,7075,0
2022-06-07 14:57:00,7075,7050,7075,7075,0
2022-06-07 14:58:00,7075,7050,7075,7075,0
2022-06-07 14:59:00,7075,7050,7075,7075,0
2022-06-07 15:00:00,7075,7075,7075,7075,82600
2022-06-07 15:01:00,7075,7075,7075,7075,2100
2022-06-07 15:02:00,7075,7075,7075,7075,14600
2022-06-07 15:03:00,7075,7075,7075,7075,3700
2022-06-07 15:04:00,7075,7075,7075,7075,63500
2022-06-07 15:05:00,7075,7075,7075,7075,26900
2022-06-07 15:06:00,7075,7075,7075,7075,16300
2022-06-07 15:07:00,7075,7075,7075,7075,0
2022-06-07 15:08:00,7075,7075,7075,7075,0
2022-06-07 15:09:00,7075,7075,7075,7075,100
2022-06-07 15:10:00,7075,7075,7075,7075,0
2022-06-07 15:11:00,7075,7075,7075,7075,400
2022-06-07 15:12:00,7075,7075,7075,7075,6300
2022-06-07 15:13:00,7075,7075,7075,7075,100
2022-06-07 15:14:00,7075,7075,7075,7075,0
2022-06-07 15:15:00,7075,7075,7075,7075,0
2022-06-07 15:16:00,7075,7075,7075,7075,0
2022-06-07 15:17:00,7075,7075,7075,7075,0
2022-06-07 15:18:00,7075,7075,7075,7075,0
2022-06-07 15:19:00,7075,7075,7075,7075,0
2022-06-07 15:20:00,7075,7075,7075,7075,0
2022-06-07 15:21:00,7075,7075,7075,7075,0
2022-06-07 15:22:00,7075,7075,7075,7075,0
2022-06-07 15:23:00,7075,7075,7075,7075,0
2022-06-07 15:24:00,7075,7075,7075,7075,0
2022-06-07 15:25:00,7075,7075,7075,7075,0
2022-06-07 15:26:00,7075,7075,7075,7075,0
2022-06-07 15:27:00,7075,7075,7075,7075,0
2022-06-07 15:28:00,7075,7075,7075,7075,0
2022-06-07 15:29:00,7075,7075,7075,7075,0
2022-06-07 15:30:00,7075,7075,7075,7075,0
2022-06-07 15:31:00,7075,7075,7075,7075,0
2022-06-07 15:32:00,7075,7075,7075,7075,0
2022-06-07 15:33:00,7075,7075,7075,7075,0
2022-06-07 15:34:00,7075,7075,7075,7075,0
2022-06-07 15:35:00,7075,7075,7075,7075,0
2022-06-07 15:36:00,7075,7075,7075,7075,0
2022-06-07 15:37:00,7075,7075,7075,7075,0
2022-06-07 15:38:00,7075,7075,7075,7075,0
2022-06-07 15:39:00,7075,7075,7075,7075,0
2022-06-07 15:40:00,7075,7075,7075,7075,0
2022-06-07 15:41:00,7075,7075,7075,7075,0
2022-06-07 15:42:00,7075,7075,7075,7075,0
2022-06-07 15:43:00,7075,7075,7075,7075,0
2022-06-07 15:44:00,7075,7075,7075,7075,0
2022-06-07 15:45:00,7075,7075,7075,7075,0
2022-06-07 15:46:00,7075,7075,7075,7075,0
2022-06-07 15:47:00,7075,7075,7075,7075,0
2022-06-07 15:48:00,7075,7075,7075,7075,0
2022-06-07 15:49:00,7075,7075,7075,7075,0
2022-06-07 15:50:00,7075,7075,7075,7075,0
2022-06-07 15:51:00,7075,7075,7075,7075,0
2022-06-07 15:52:00,7075,7075,7075,7075,0
2022-06-07 15:53:00,7075,7075,7075,7075,0
2022-06-07 15:54:00,7075,7075,7075,7075,0
2022-06-07 15:55:00,7075,7075,7075,7075,0
2022-06-07 15:56:00,7075,7075,7075,7075,0
2022-06-07 15:57:00,7075,7075,7075,7075,0
2022-06-07 15:58:00,7075,7075,7075,7075,0
2022-06-07 15:59:00,7075,7075,7075,7075,0
2022-06-08 09:00:00,7100,7100,7150,7150,2600
2022-06-08 09:01:00,7125,7125,7125,7125,30000
2022-06-08 09:02:00,7125,7125,7125,7125,10400
2022-06-08 09:03:00,7100,7100,7125,7100,5000
2022-06-08 09:04:00,7100,7100,7125,7100,0
2022-06-08 09:05:00,7125,7125,7125,7125,22800
2022-06-08 09:06:00,7125,7125,7125,7125,0
2022-06-08 09:07:00,7125,7125,7125,7125,0
2022-06-08 09:08:00,7125,7125,7150,7125,30700
2022-06-08 09:09:00,7125,7125,7125,7125,8500
2022-06-08 09:10:00,7150,7125,7150,7150,9300
2022-06-08 09:11:00,7125,7125,7125,7125,300
2022-06-08 09:12:00,7125,7125,7150,7125,14700
2022-06-08 09:13:00,7125,7100,7150,7100,29000
2022-06-08 09:14:00,7125,7100,7125,7125,33000
2022-06-08 09:15:00,7125,7125,7150,7125,2900
2022-06-08 09:16:00,7150,7125,7150,7125,400
2022-06-08 09:17:00,7150,7125,7150,7150,13300
2022-06-08 09:18:00,7125,7125,7125,7125,1600
2022-06-08 09:19:00,7125,7125,7150,7150,18700
2022-06-08 09:20:00,7125,7125,7150,7125,24100
2022-06-08 09:21:00,7125,7125,7150,7125,900
2022-06-08 09:22:00,7125,7125,7125,7125,2500
2022-06-08 09:23:00,7125,7125,7150,7125,4300
2022-06-08 09:24:00,7125,7125,7150,7125,900
2022-06-08 09:25:00,7150,7125,7150,7125,3100
2022-06-08 09:26:00,7125,7100,7125,7100,23500
2022-06-08 09:27:00,7100,7100,7125,7100,500
2022-06-08 09:28:00,7100,7100,7100,7100,200
2022-06-08 09:29:00,7100,7100,7125,7125,3400
2022-06-08 09:30:00,7100,7100,7125,7125,4800
2022-06-08 09:31:00,7125,7100,7125,7100,1200
2022-06-08 09:32:00,7100,7100,7100,7100,500
2022-06-08 09:33:00,7125,7125,7150,7150,12600
2022-06-08 09:34:00,7125,7125,7150,7125,1200
2022-06-08 09:35:00,7125,7125,7125,7125,200
2022-06-08 09:36:00,7125,7125,7125,7125,200
2022-06-08 09:37:00,7125,7125,7150,7125,4600
2022-06-08 09:38:00,7125,7125,7150,7150,300
2022-06-08 09:39:00,7125,7125,7125,7125,35100
2022-06-08 09:40:00,7100,7100,7125,7100,3000
2022-06-08 09:41:00,7100,7100,7100,7100,1300
2022-06-08 09:42:00,7100,7100,7100,7100,400
2022-06-08 09:43:00,7100,7100,7100,7100,1600
2022-06-08 09:44:00,7100,7100,7100,7100,2200
2022-06-08 09:45:00,7100,7100,7125,7125,34900
2022-06-08 09:46:00,7125,7125,7150,7150,45100
2022-06-08 09:47:00,7150,7150,7150,7150,59500
2022-06-08 09:48:00,7150,7150,7175,7175,20700
2022-06-08 09:49:00,7175,7150,7175,7175,5700
2022-06-08 09:50:00,7175,7150,7175,7150,1700
2022-06-08 09:51:00,7150,7150,7175,7175,3200
2022-06-08 09:52:00,7150,7150,7150,7150,200
2022-06-08 09:53:00,7150,7150,7175,7150,2500
2022-06-08 09:54:00,7175,7150,7175,7175,1400
2022-06-08 09:55:00,7150,7150,7150,7150,200
2022-06-08 09:56:00,7150,7150,7175,7150,1000
2022-06-08 09:57:00,7175,7150,7175,7150,1000
2022-06-08 09:58:00,7150,7150,7150,7150,300
2022-06-08 09:59:00,7150,7150,7150,7150,500
2022-06-08 10:00:00,7150,7150,7150,7150,1200
2022-06-08 10:01:00,7150,7150,7150,7150,49000
2022-06-08 10:02:00,7150,7125,7150,7125,11500
2022-06-08 10:03:00,7125,7125,7125,7125,2400
2022-06-08 10:04:00,7125,7125,7125,7125,400
2022-06-08 10:05:00,7125,7125,7125,7125,600
2022-06-08 10:06:00,7125,7125,7125,7125,200
2022-06-08 10:07:00,7125,7125,7125,7125,400
2022-06-08 10:08:00,7125,7125,7125,7125,200
2022-06-08 10:09:00,7125,7125,7125,7125,800
2022-06-08 10:10:00,7125,7125,7150,7150,2900
2022-06-08 10:11:00,7125,7125,7150,7150,1300
2022-06-08 10:12:00,7125,7125,7125,7125,200
2022-06-08 10:13:00,7125,7125,7150,7150,1000
2022-06-08 10:14:00,7150,7125,7150,7125,800
2022-06-08 10:15:00,7125,7125,7150,7150,35100
2022-06-08 10:16:00,7125,7125,7125,7125,200
2022-06-08 10:17:00,7125,7125,7150,7150,1500
2022-06-08 10:18:00,7125,7125,7125,7125,400
2022-06-08 10:19:00,7125,7125,7125,7125,200
2022-06-08 10:20:00,7125,7125,7125,7125,200
2022-06-08 10:21:00,7125,7125,7125,7125,400
2022-06-08 10:22:00,7125,7125,7125,7125,200
2022-06-08 10:23:00,7125,7125,7125,7125,1200
2022-06-08 10:24:00,7125,7125,7125,7125,200
2022-06-08 10:25:00,7125,7125,7125,7125,800
2022-06-08 10:26:00,7125,7125,7125,7125,400
2022-06-08 10:27:00,7125,7125,7125,7125,200
2022-06-08 10:28:00,7125,7125,7125,7125,200
2022-06-08 10:29:00,7125,7125,7150,7150,5400
2022-06-08 10:30:00,7125,7125,7150,7150,700
2022-06-08 10:31:00,7125,7125,7125,7125,200
2022-06-08 10:32:00,7125,7125,7125,7125,400
2022-06-08 10:33:00,7125,7125,7125,7125,200
2022-06-08 10:34:00,7125,7125,7125,7125,400
2022-06-08 10:35:00,7150,7125,7150,7125,500
2022-06-08 10:36:00,7150,7125,7150,7125,500
2022-06-08 10:37:00,7150,7125,7150,7125,2700
2022-06-08 10:38:00,7150,7125,7150,7125,4200
2022-06-08 10:39:00,7125,7125,7150,7150,1800
2022-06-08 10:40:00,7125,7125,7125,7125,400
2022-06-08 10:41:00,7150,7125,7150,7125,1200
2022-06-08 10:42:00,7125,7125,7125,7125,400
2022-06-08 10:43:00,7125,7125,7150,7150,2600
2022-06-08 10:44:00,7125,7125,7125,7125,1100
2022-06-08 10:45:00,7125,7125,7150,7125,6900
2022-06-08 10:46:00,7150,7125,7150,7150,1600
2022-06-08 10:47:00,7125,7125,7125,7125,200
2022-06-08 10:48:00,7125,7125,7125,7125,400
2022-06-08 10:49:00,7125,7125,7125,7125,4300
2022-06-08 10:50:00,7125,7125,7125,7125,400
2022-06-08 10:51:00,7125,7125,7125,7125,900
2022-06-08 10:52:00,7125,7125,7125,7125,200
2022-06-08 10:53:00,7125,7125,7125,7125,600
2022-06-08 10:54:00,7125,7125,7125,7125,300
2022-06-08 10:55:00,7125,7125,7125,7125,300
2022-06-08 10:56:00,7125,7125,7125,7125,500
2022-06-08 10:57:00,7125,7125,7125,7125,400
2022-06-08 10:58:00,7125,7125,7150,7125,2800
2022-06-08 10:59:00,7125,7125,7150,7150,1400
2022-06-08 11:00:00,7125,7125,7125,7125,200
2022-06-08 11:01:00,7125,7125,7150,7150,1100
2022-06-08 11:02:00,7125,7125,7125,7125,1800
2022-06-08 11:03:00,7125,7125,7125,7125,200
2022-06-08 11:04:00,7125,7125,7125,7125,6800
2022-06-08 11:05:00,7125,7125,7125,7125,400
2022-06-08 11:06:00,7125,7125,7125,7125,200
2022-06-08 11:07:00,7125,7125,7150,7125,1600
2022-06-08 11:08:00,7125,7125,7125,7125,200
2022-06-08 11:09:00,7125,7125,7150,7150,1700
2022-06-08 11:10:00,7125,7125,7125,7125,32300
2022-06-08 11:11:00,7125,7125,7125,7125,1700
2022-06-08 11:12:00,7125,7125,7125,7125,3400
2022-06-08 11:13:00,7125,7125,7125,7125,1100
2022-06-08 11:14:00,7125,7125,7125,7125,400
2022-06-08 11:15:00,7125,7125,7125,7125,0
2022-06-08 11:16:00,7125,7125,7125,7125,300
2022-06-08 11:17:00,7125,7125,7125,7125,0
2022-06-08 11:18:00,7125,7100,7125,7125,20900
2022-06-08 11:19:00,7100,7100,7100,7100,100
2022-06-08 11:20:00,7100,7100,7100,7100,100
2022-06-08 11:21:00,7100,7100,7100,7100,100
2022-06-08 11:22:00,7125,7125,7125,7125,5100
2022-06-08 11:23:00,7100,7100,7150,7150,1600
2022-06-08 11:24:00,7100,7100,7150,7150,0
2022-06-08 11:25:00,7100,7100,7100,7100,400
2022-06-08 11:26:00,7100,7100,7125,7125,500
2022-06-08 11:27:00,7125,7125,7125,7125,100
2022-06-08 11:28:00,7125,7125,7125,7125,4100
2022-06-08 11:29:00,7125,7125,7125,7125,1500
2022-06-08 11:30:00,7125,7125,7125,7125,0
2022-06-08 11:31:00,7125,7125,7125,7125,0
2022-06-08 11:32:00,7125,7125,7125,7125,0
2022-06-08 11:33:00,7125,7125,7125,7125,0
2022-06-08 11:34:00,7125,7125,7125,7125,0
2022-06-08 11:35:00,7125,7125,7125,7125,0
2022-06-08 11:36:00,7125,7125,7125,7125,0
2022-06-08 11:37:00,7125,7125,7125,7125,0
2022-06-08 11:38:00,7125,7125,7125,7125,0
2022-06-08 11:39:00,7125,7125,7125,7125,0
2022-06-08 11:40:00,7125,7125,7125,7125,0
2022-06-08 11:41:00,7125,7125,7125,7125,0
2022-06-08 11:42:00,7125,7125,7125,7125,0
2022-06-08 11:43:00,7125,7125,7125,7125,0
2022-06-08 11:44:00,7125,7125,7125,7125,0
2022-06-08 11:45:00,7125,7125,7125,7125,0
2022-06-08 11:46:00,7125,7125,7125,7125,0
2022-06-08 11:47:00,7125,7125,7125,7125,0
2022-06-08 11:48:00,7125,7125,7125,7125,0
2022-06-08 11:49:00,7125,7125,7125,7125,0
2022-06-08 11:50:00,7125,7125,7125,7125,0
2022-06-08 11:51:00,7125,7125,7125,7125,0
2022-06-08 11:52:00,7125,7125,7125,7125,0
2022-06-08 11:53:00,7125,7125,7125,7125,0
2022-06-08 11:54:00,7125,7125,7125,7125,0
2022-06-08 11:55:00,7125,7125,7125,7125,0
2022-06-08 11:56:00,7125,7125,7125,7125,0
2022-06-08 11:57:00,7125,7125,7125,7125,0
2022-06-08 11:58:00,7125,7125,7125,7125,0
2022-06-08 11:59:00,7125,7125,7125,7125,0
2022-06-08 12:00:00,7125,7125,7125,7125,0
2022-06-08 12:01:00,7125,7125,7125,7125,0
2022-06-08 12:02:00,7125,7125,7125,7125,0
2022-06-08 12:03:00,7125,7125,7125,7125,0
2022-06-08 12:04:00,7125,7125,7125,7125,0
2022-06-08 12:05:00,7125,7125,7125,7125,0
2022-06-08 12:06:00,7125,7125,7125,7125,0
2022-06-08 12:07:00,7125,7125,7125,7125,0
2022-06-08 12:08:00,7125,7125,7125,7125,0
2022-06-08 12:09:00,7125,7125,7125,7125,0
2022-06-08 12:10:00,7125,7125,7125,7125,0
2022-06-08 12:11:00,7125,7125,7125,7125,0
2022-06-08 12:12:00,7125,7125,7125,7125,0
2022-06-08 12:13:00,7125,7125,7125,7125,0
2022-06-08 12:14:00,7125,7125,7125,7125,0
2022-06-08 12:15:00,7125,7125,7125,7125,0
2022-06-08 12:16:00,7125,7125,7125,7125,0
2022-06-08 12:17:00,7125,7125,7125,7125,0
2022-06-08 12:18:00,7125,7125,7125,7125,0
2022-06-08 12:19:00,7125,7125,7125,7125,0
2022-06-08 12:20:00,7125,7125,7125,7125,0
2022-06-08 12:21:00,7125,7125,7125,7125,0
2022-06-08 12:22:00,7125,7125,7125,7125,0
2022-06-08 12:23:00,7125,7125,7125,7125,0
2022-06-08 12:24:00,7125,7125,7125,7125,0
2022-06-08 12:25:00,7125,7125,7125,7125,0
2022-06-08 12:26:00,7125,7125,7125,7125,0
2022-06-08 12:27:00,7125,7125,7125,7125,0
2022-06-08 12:28:00,7125,7125,7125,7125,0
2022-06-08 12:29:00,7125,7125,7125,7125,0
2022-06-08 12:30:00,7125,7125,7125,7125,0
2022-06-08 12:31:00,7125,7125,7125,7125,0
2022-06-08 12:32:00,7125,7125,7125,7125,0
2022-06-08 12:33:00,7125,7125,7125,7125,0
2022-06-08 12:34:00,7125,7125,7125,7125,0
2022-06-08 12:35:00,7125,7125,7125,7125,0
2022-06-08 12:36:00,7125,7125,7125,7125,0
2022-06-08 12:37:00,7125,7125,7125,7125,0
2022-06-08 12:38:00,7125,7125,7125,7125,0
2022-06-08 12:39:00,7125,7125,7125,7125,0
2022-06-08 12:40:00,7125,7125,7125,7125,0
2022-06-08 12:41:00,7125,7125,7125,7125,0
2022-06-08 12:42:00,7125,7125,7125,7125,0
2022-06-08 12:43:00,7125,7125,7125,7125,0
2022-06-08 12:44:00,7125,7125,7125,7125,0
2022-06-08 12:45:00,7125,7125,7125,7125,0
2022-06-08 12:46:00,7125,7125,7125,7125,0
2022-06-08 12:47:00,7125,7125,7125,7125,0
2022-06-08 12:48:00,7125,7125,7125,7125,0
2022-06-08 12:49:00,7125,7125,7125,7125,0
2022-06-08 12:50:00,7125,7125,7125,7125,0
2022-06-08 12:51:00,7125,7125,7125,7125,0
2022-06-08 12:52:00,7125,7125,7125,7125,0
2022-06-08 12:53:00,7125,7125,7125,7125,0
2022-06-08 12:54:00,7125,7125,7125,7125,0
2022-06-08 12:55:00,7125,7125,7125,7125,0
2022-06-08 12:56:00,7125,7125,7125,7125,0
2022-06-08 12:57:00,7125,7125,7125,7125,0
2022-06-08 12:58:00,7125,7125,7125,7125,0
2022-06-08 12:59:00,7125,7125,7125,7125,0
2022-06-08 13:00:00,7125,7125,7125,7125,0
2022-06-08 13:01:00,7125,7125,7125,7125,0
2022-06-08 13:02:00,7125,7125,7125,7125,0
2022-06-08 13:03:00,7125,7125,7125,7125,0
2022-06-08 13:04:00,7125,7125,7125,7125,0
2022-06-08 13:05:00,7125,7125,7125,7125,0
2022-06-08 13:06:00,7125,7125,7125,7125,0
2022-06-08 13:07:00,7125,7125,7125,7125,0
2022-06-08 13:08:00,7125,7125,7125,7125,0
2022-06-08 13:09:00,7125,7125,7125,7125,0
2022-06-08 13:10:00,7125,7125,7125,7125,0
2022-06-08 13:11:00,7125,7125,7125,7125,0
2022-06-08 13:12:00,7125,7125,7125,7125,0
2022-06-08 13:13:00,7125,7125,7125,7125,0
2022-06-08 13:14:00,7125,7125,7125,7125,0
2022-06-08 13:15:00,7125,7125,7125,7125,0
2022-06-08 13:16:00,7125,7125,7125,7125,0
2022-06-08 13:17:00,7125,7125,7125,7125,0
2022-06-08 13:18:00,7125,7125,7125,7125,0
2022-06-08 13:19:00,7125,7125,7125,7125,0
2022-06-08 13:20:00,7125,7125,7125,7125,0
2022-06-08 13:21:00,7125,7125,7125,7125,0
2022-06-08 13:22:00,7125,7125,7125,7125,0
2022-06-08 13:23:00,7125,7125,7125,7125,0
2022-06-08 13:24:00,7125,7125,7125,7125,0
2022-06-08 13:25:00,7125,7125,7125,7125,0
2022-06-08 13:26:00,7125,7125,7125,7125,0
2022-06-08 13:27:00,7125,7125,7125,7125,0
2022-06-08 13:28:00,7125,7125,7125,7125,0
2022-06-08 13:29:00,7125,7125,7125,7125,0
2022-06-08 13:30:00,7125,7075,7125,7100,268400
2022-06-08 13:31:00,7075,7075,7075,7075,1900
2022-06-08 13:32:00,7075,7075,7100,7100,15100
2022-06-08 13:33:00,7075,7075,7100,7100,14400
2022-06-08 13:34:00,7100,7075,7100,7100,49200
2022-06-08 13:35:00,7075,7075,7100,7100,3700
2022-06-08 13:36:00,7075,7075,7100,7100,0
2022-06-08 13:37:00,7100,7100,7100,7100,100
2022-06-08 13:38:00,7075,7075,7075,7075,1900
2022-06-08 13:39:00,7075,7075,7075,7075,0
2022-06-08 13:40:00,7075,7075,7100,7075,1200
2022-06-08 13:41:00,7075,7075,7100,7100,7100
2022-06-08 13:42:00,7075,7075,7075,7075,1300
2022-06-08 13:43:00,7075,7075,7100,7100,1100
2022-06-08 13:44:00,7075,7075,7100,7100,3200
2022-06-08 13:45:00,7100,7100,7100,7100,5100
2022-06-08 13:46:00,7100,7100,7100,7100,20900
2022-06-08 13:47:00,7075,7075,7075,7075,52600
2022-06-08 13:48:00,7075,7075,7100,7100,7400
2022-06-08 13:49:00,7075,7075,7100,7075,8300
2022-06-08 13:50:00,7075,7075,7100,7075,0
2022-06-08 13:51:00,7075,7075,7075,7075,1200
2022-06-08 13:52:00,7075,7075,7075,7075,2100
2022-06-08 13:53:00,7100,7075,7100,7075,2200
2022-06-08 13:54:00,7075,7075,7075,7075,100
2022-06-08 13:55:00,7075,7075,7100,7075,2200
2022-06-08 13:56:00,7075,7075,7100,7075,2300
2022-06-08 13:57:00,7075,7075,7100,7100,2000
2022-06-08 13:58:00,7075,7075,7075,7075,900
2022-06-08 13:59:00,7075,7075,7100,7100,3400
2022-06-08 14:00:00,7100,7075,7100,7075,2200
2022-06-08 14:01:00,7075,7075,7100,7100,4200
2022-06-08 14:02:00,7100,7100,7100,7100,1300
2022-06-08 14:03:00,7075,7075,7100,7100,2600
2022-06-08 14:04:00,7100,7100,7100,7100,3200
2022-06-08 14:05:00,7075,7075,7100,7100,2600
2022-06-08 14:06:00,7075,7075,7100,7100,4700
2022-06-08 14:07:00,7075,7075,7100,7100,0
2022-06-08 14:08:00,7075,7075,7075,7075,55700
2022-06-08 14:09:00,7075,7075,7100,7100,4000
2022-06-08 14:10:00,7100,7100,7100,7100,900
2022-06-08 14:11:00,7100,7100,7100,7100,0
2022-06-08 14:12:00,7100,7075,7100,7075,30200
2022-06-08 14:13:00,7075,7075,7075,7075,300
2022-06-08 14:14:00,7075,7075,7100,7075,71700
2022-06-08 14:15:00,7075,7075,7100,7100,76200
2022-06-08 14:16:00,7100,7100,7100,7100,3300
2022-06-08 14:17:00,7100,7075,7100,7100,29700
2022-06-08 14:18:00,7075,7075,7075,7075,100
2022-06-08 14:19:00,7075,7075,7075,7075,0
2022-06-08 14:20:00,7075,7075,7075,7075,100
2022-06-08 14:21:00,7075,7075,7100,7100,18500
2022-06-08 14:22:00,7075,7075,7075,7075,2800
2022-06-08 14:23:00,7075,7075,7075,7075,2200
2022-06-08 14:24:00,7075,7075,7100,7100,3400
2022-06-08 14:25:00,7075,7075,7100,7100,0
2022-06-08 14:26:00,7100,7100,7100,7100,100
2022-06-08 14:27:00,7075,7075,7075,7075,4100
2022-06-08 14:28:00,7075,7075,7100,7075,55400
2022-06-08 14:29:00,7100,7075,7100,7100,8300
2022-06-08 14:30:00,7075,7075,7100,7100,4000
2022-06-08 14:31:00,7075,7075,7100,7100,13500
2022-06-08 14:32:00,7100,7100,7100,7100,29100
2022-06-08 14:33:00,7100,7100,7100,7100,12900
2022-06-08 14:34:00,7100,7075,7100,7100,10000
2022-06-08 14:35:00,7100,7100,7100,7100,17100
2022-06-08 14:36:00,7100,7075,7125,7125,81600
2022-06-08 14:37:00,7125,7100,7125,7125,39000
2022-06-08 14:38:00,7125,7100,7125,7125,0
2022-06-08 14:39:00,7100,7100,7125,7125,12800
2022-06-08 14:40:00,7100,7100,7125,7125,0
2022-06-08 14:41:00,7100,7100,7125,7100,7000
2022-06-08 14:42:00,7100,7100,7125,7125,30300
2022-06-08 14:43:00,7125,7100,7125,7100,12800
2022-06-08 14:44:00,7125,7100,7125,7100,10400
2022-06-08 14:45:00,7125,7125,7125,7125,6600
2022-06-08 14:46:00,7100,7100,7125,7125,31400
2022-06-08 14:47:00,7125,7100,7125,7125,38500
2022-06-08 14:48:00,7125,7125,7125,7125,21800
2022-06-08 14:49:00,7125,7100,7125,7125,101300
2022-06-08 14:50:00,7125,7100,7125,7125,0
2022-06-08 14:51:00,7125,7100,7125,7125,0
2022-06-08 14:52:00,7125,7100,7125,7125,0
2022-06-08 14:53:00,7125,7100,7125,7125,0
2022-06-08 14:54:00,7125,7100,7125,7125,0
2022-06-08 14:55:00,7125,7100,7125,7125,0
2022-06-08 14:56:00,7125,7100,7125,7125,0
2022-06-08 14:57:00,7125,7100,7125,7125,0
2022-06-08 14:58:00,7125,7100,7125,7125,0
2022-06-08 14:59:00,7125,7100,7125,7125,0
2022-06-08 15:00:00,7100,7100,7100,7100,55900
2022-06-08 15:01:00,7100,7100,7100,7100,39900
2022-06-08 15:02:00,7100,7100,7100,7100,200
2022-06-08 15:03:00,7100,7100,7100,7100,2500
2022-06-08 15:04:00,7100,7100,7100,7100,5000
2022-06-08 15:05:00,7100,7100,7100,7100,84500
2022-06-08 15:06:00,7100,7100,7100,7100,1800
2022-06-08 15:07:00,7100,7100,7100,7100,300
2022-06-08 15:08:00,7100,7100,7100,7100,5200
2022-06-08 15:09:00,7100,7100,7100,7100,5500
2022-06-08 15:10:00,7100,7100,7100,7100,400
2022-06-08 15:11:00,7100,7100,7100,7100,200
2022-06-08 15:12:00,7100,7100,7100,7100,1200
2022-06-08 15:13:00,7100,7100,7100,7100,12100
2022-06-08 15:14:00,7100,7100,7100,7100,1500
2022-06-08 15:15:00,7100,7100,7100,7100,0
2022-06-08 15:16:00,7100,7100,7100,7100,0
2022-06-08 15:17:00,7100,7100,7100,7100,0
2022-06-08 15:18:00,7100,7100,7100,7100,0
2022-06-08 15:19:00,7100,7100,7100,7100,0
2022-06-08 15:20:00,7100,7100,7100,7100,0
2022-06-08 15:21:00,7100,7100,7100,7100,0
2022-06-08 15:22:00,7100,7100,7100,7100,0
2022-06-08 15:23:00,7100,7100,7100,7100,0
2022-06-08 15:24:00,7100,7100,7100,7100,0
2022-06-08 15:25:00,7100,7100,7100,7100,0
2022-06-08 15:26:00,7100,7100,7100,7100,0
2022-06-08 15:27:00,7100,7100,7100,7100,0
2022-06-08 15:28:00,7100,7100,7100,7100,0
2022-06-08 15:29:00,7100,7100,7100,7100,0
2022-06-08 15:30:00,7100,7100,7100,7100,0
2022-06-08 15:31:00,7100,7100,7100,7100,0
2022-06-08 15:32:00,7100,7100,7100,7100,0
2022-06-08 15:33:00,7100,7100,7100,7100,0
2022-06-08 15:34:00,7100,7100,7100,7100,0
2022-06-08 15:35:00,7100,7100,7100,7100,0
2022-06-08 15:36:00,7100,7100,7100,7100,0
2022-06-08 15:37:00,7100,7100,7100,7100,0
2022-06-08 15:38:00,7100,7100,7100,7100,0
2022-06-08 15:39:00,7100,7100,7100,7100,0
2022-06-08 15:40:00,7100,7100,7100,7100,0
2022-06-08 15:41:00,7100,7100,7100,7100,0
2022-06-08 15:42:00,7100,7100,7100,7100,0
2022-06-08 15:43:00,7100,7100,7100,7100,0
2022-06-08 15:44:00,7100,7100,7100,7100,0
2022-06-08 15:45:00,7100,7100,7100,7100,0
2022-06-08 15:46:00,7100,7100,7100,7100,0
2022-06-08 15:47:00,7100,7100,7100,7100,0
2022-06-08 15:48:00,7100,7100,7100,7100,0
2022-06-08 15:49:00,7100,7100,7100,7100,0
2022-06-08 15:50:00,7100,7100,7100,7100,0
2022-06-08 15:51:00,7100,7100,7100,7100,0
2022-06-08 15:52:00,7100,7100,7100,7100,0
2022-06-08 15:53:00,7100,7100,7100,7100,0
2022-06-08 15:54:00,7100,7100,7100,7100,0
2022-06-08 15:55:00,7100,7100,7100,7100,0
2022-06-08 15:56:00,7100,7100,7100,7100,0
2022-06-08 15:57:00,7100,7100,7100,7100,0
2022-06-08 15:58:00,7100,7100,7100,7100,0
2022-06-08 15:59:00,7100,7100,7100,7100,0
2022-06-09 09:00:00,7100,7100,7125,7125,5900
2022-06-09 09:01:00,7125,7125,7125,7125,2000
2022-06-09 09:02:00,7125,7125,7125,7125,400
2022-06-09 09:03:00,7125,7125,7125,7125,600
2022-06-09 09:04:00,7125,7125,7125,7125,1200
2022-06-09 09:05:00,7125,7125,7125,7125,7200
2022-06-09 09:06:00,7125,7125,7125,7125,2100
2022-06-09 09:07:00,7125,7125,7125,7125,5000
2022-06-09 09:08:00,7125,7125,7125,7125,800
2022-06-09 09:09:00,7125,7100,7125,7100,3900
2022-06-09 09:10:00,7125,7125,7125,7125,600
2022-06-09 09:11:00,7125,7100,7125,7100,1300
2022-06-09 09:12:00,7100,7100,7125,7125,3000
2022-06-09 09:13:00,7125,7125,7125,7125,7000
2022-06-09 09:14:00,7125,7125,7125,7125,13500
2022-06-09 09:15:00,7125,7125,7125,7125,1000
2022-06-09 09:16:00,7125,7125,7150,7150,12900
2022-06-09 09:17:00,7125,7100,7125,7100,29100
2022-06-09 09:18:00,7100,7100,7100,7100,200
2022-06-09 09:19:00,7125,7125,7125,7125,34500
2022-06-09 09:20:00,7150,7125,7150,7150,11800
2022-06-09 09:21:00,7125,7125,7150,7150,9300
2022-06-09 09:22:00,7150,7125,7150,7125,15400
2022-06-09 09:23:00,7125,7125,7150,7150,24100
2022-06-09 09:24:00,7125,7125,7150,7125,1800
2022-06-09 09:25:00,7125,7125,7125,7125,300
2022-06-09 09:26:00,7125,7125,7125,7125,200
2022-06-09 09:27:00,7125,7125,7125,7125,1000
2022-06-09 09:28:00,7125,7125,7125,7125,5300
2022-06-09 09:29:00,7125,7125,7125,7125,19500
2022-06-09 09:30:00,7125,7100,7125,7100,6400
2022-06-09 09:31:00,7100,7100,7100,7100,400
2022-06-09 09:32:00,7125,7125,7125,7125,41500
2022-06-09 09:33:00,7125,7125,7150,7150,30700
2022-06-09 09:34:00,7150,7125,7150,7150,22800
2022-06-09 09:35:00,7125,7125,7125,7125,200
2022-06-09 09:36:00,7125,7100,7125,7125,14100
2022-06-09 09:37:00,7125,7100,7125,7125,0
2022-06-09 09:38:00,7125,7125,7125,7125,300
2022-06-09 09:39:00,7100,7100,7125,7100,38500
2022-06-09 09:40:00,7100,7100,7100,7100,65100
2022-06-09 09:41:00,7100,7100,7125,7125,3600
2022-06-09 09:42:00,7125,7125,7125,7125,400
2022-06-09 09:43:00,7125,7125,7125,7125,2500
2022-06-09 09:44:00,7125,7125,7125,7125,30000
2022-06-09 09:45:00,7125,7125,7125,7125,0
2022-06-09 09:46:00,7100,7100,7100,7100,100
2022-06-09 09:47:00,7100,7100,7100,7100,0
2022-06-09 09:48:00,7100,7100,7100,7100,10600
2022-06-09 09:49:00,7100,7100,7100,7100,4100
2022-06-09 09:50:00,7100,7100,7125,7125,300
2022-06-09 09:51:00,7100,7100,7125,7125,0
2022-06-09 09:52:00,7100,7100,7125,7125,0
2022-06-09 09:53:00,7125,7125,7125,7125,400
2022-06-09 09:54:00,7125,7125,7125,7125,0
2022-06-09 09:55:00,7125,7125,7125,7125,200
2022-06-09 09:56:00,7125,7125,7125,7125,0
2022-06-09 09:57:00,7125,7125,7125,7125,0
2022-06-09 09:58:00,7125,7125,7125,7125,500
2022-06-09 09:59:00,7100,7100,7100,7100,5200
2022-06-09 10:00:00,7100,7075,7100,7075,20300
2022-06-09 10:01:00,7100,7100,7100,7100,1400
2022-06-09 10:02:00,7100,7075,7100,7075,3800
2022-06-09 10:03:00,7100,7100,7100,7100,1100
2022-06-09 10:04:00,7100,7100,7100,7100,100
2022-06-09 10:05:00,7075,7075,7100,7100,8500
2022-06-09 10:06:00,7100,7100,7100,7100,700
2022-06-09 10:07:00,7100,7100,7100,7100,200
2022-06-09 10:08:00,7100,7100,7100,7100,300
2022-06-09 10:09:00,7100,7100,7100,7100,100
2022-06-09 10:10:00,7075,7075,7075,7075,100
2022-06-09 10:11:00,7075,7075,7100,7075,1100
2022-06-09 10:12:00,7075,7075,7075,7075,1000
2022-06-09 10:13:00,7075,7075,7075,7075,0
2022-06-09 10:14:00,7100,7100,7100,7100,5600
2022-06-09 10:15:00,7100,7100,7100,7100,100
2022-06-09 10:16:00,7100,7100,7100,7100,0
2022-06-09 10:17:00,7100,7100,7100,7100,46100
2022-06-09 10:18:00,7100,7100,7100,7100,6000
2022-06-09 10:19:00,7100,7100,7100,7100,0
2022-06-09 10:20:00,7100,7100,7100,7100,0
2022-06-09 10:21:00,7125,7125,7125,7125,100
2022-06-09 10:22:00,7100,7100,7100,7100,900
2022-06-09 10:23:00,7100,7100,7100,7100,0
2022-06-09 10:24:00,7100,7100,7100,7100,100
2022-06-09 10:25:00,7100,7100,7100,7100,600
2022-06-09 10:26:00,7100,7100,7100,7100,300
2022-06-09 10:27:00,7100,7100,7100,7100,2600
2022-06-09 10:28:00,7125,7125,7125,7125,0
2022-06-09 10:29:00,7125,7125,7125,7125,0
2022-06-09 10:30:00,7125,7125,7125,7125,0
2022-06-09 10:31:00,7125,7125,7125,7125,0
2022-06-09 10:32:00,7125,7125,7125,7125,621300
2022-06-09 10:33:00,7125,7125,7125,7125,0
2022-06-09 10:34:00,7125,7125,7125,7125,0
2022-06-09 10:35:00,7125,7125,7125,7125,0
2022-06-09 10:36:00,7125,7125,7125,7125,2000
2022-06-09 10:37:00,7125,7125,7125,7125,0
2022-06-09 10:38:00,7125,7125,7125,7125,0
2022-06-09 10:39:00,7125,7125,7125,7125,0
2022-06-09 10:40:00,7125,7125,7125,7125,0
2022-06-09 10:41:00,7100,7100,7125,7125,500
2022-06-09 10:42:00,7100,7100,7125,7125,0
2022-06-09 10:43:00,7100,7100,7125,7125,0
2022-06-09 10:44:00,7125,7100,7125,7100,5100
2022-06-09 10:45:00,7100,7100,7100,7100,5100
2022-06-09 10:46:00,7100,7025,7100,7025,237300
2022-06-09 10:47:00,7050,7025,7075,7075,12300
2022-06-09 10:48:00,7050,7050,7050,7050,500
2022-06-09 10:49:00,7050,7050,7050,7050,0
2022-06-09 10:50:00,7075,7050,7075,7050,2400
2022-06-09 10:51:00,7050,7050,7075,7075,2900
2022-06-09 10:52:00,7050,7050,7075,7075,0
2022-06-09 10:53:00,7100,7100,7100,7100,800
2022-06-09 10:54:00,7100,7075,7100,7075,2200
2022-06-09 10:55:00,7075,7075,7075,7075,800
2022-06-09 10:56:00,7075,7075,7075,7075,2300
2022-06-09 10:57:00,7100,7075,7100,7075,1100
2022-06-09 10:58:00,7075,7075,7075,7075,100
2022-06-09 10:59:00,7075,7075,7100,7100,60900
2022-06-09 11:00:00,7075,7050,7075,7075,10900
2022-06-09 11:01:00,7075,7050,7075,7050,2200
2022-06-09 11:02:00,7050,7050,7050,7050,100
2022-06-09 11:03:00,7050,7050,7050,7050,20800
2022-06-09 11:04:00,7050,7050,7050,7050,1500
2022-06-09 11:05:00,7050,7050,7050,7050,0
2022-06-09 11:06:00,7075,7050,7075,7075,7300
2022-06-09 11:07:00,7075,7075,7075,7075,100
2022-06-09 11:08:00,7075,7075,7075,7075,11600
2022-06-09 11:09:00,7075,7075,7100,7100,19100
2022-06-09 11:10:00,7100,7100,7100,7100,5800
2022-06-09 11:11:00,7100,7100,7100,7100,0
2022-06-09 11:12:00,7100,7100,7100,7100,0
2022-06-09 11:13:00,7100,7100,7100,7100,0
2022-06-09 11:14:00,7100,7100,7100,7100,0
2022-06-09 11:15:00,7100,7100,7100,7100,0
2022-06-09 11:16:00,7075,7075,7075,7075,300
2022-06-09 11:17:00,7075,7075,7075,7075,0
2022-06-09 11:18:00,7100,7100,7100,7100,10000
2022-06-09 11:19:00,7100,7100,7100,7100,10000
2022-06-09 11:20:00,7100,7075,7100,7075,3000
2022-06-09 11:21:00,7100,7100,7100,7100,15000
2022-06-09 11:22:00,7100,7100,7100,7100,300
2022-06-09 11:23:00,7100,7100,7100,7100,0
2022-06-09 11:24:00,7100,7100,7100,7100,0
2022-06-09 11:25:00,7075,7075,7075,7075,700
2022-06-09 11:26:00,7075,7075,7075,7075,0
2022-06-09 11:27:00,7075,7075,7075,7075,0
2022-06-09 11:28:00,7100,7100,7100,7100,600
2022-06-09 11:29:00,7100,7100,7100,7100,100
2022-06-09 11:30:00,7100,7100,7100,7100,0
2022-06-09 11:31:00,7100,7100,7100,7100,0
2022-06-09 11:32:00,7100,7100,7100,7100,0
2022-06-09 11:33:00,7100,7100,7100,7100,0
2022-06-09 11:34:00,7100,7100,7100,7100,0
2022-06-09 11:35:00,7100,7100,7100,7100,0
2022-06-09 11:36:00,7100,7100,7100,7100,0
2022-06-09 11:37:00,7100,7100,7100,7100,0
2022-06-09 11:38:00,7100,7100,7100,7100,0
2022-06-09 11:39:00,7100,7100,7100,7100,0
2022-06-09 11:40:00,7100,7100,7100,7100,0
2022-06-09 11:41:00,7100,7100,7100,7100,0
2022-06-09 11:42:00,7100,7100,7100,7100,0
2022-06-09 11:43:00,7100,7100,7100,7100,0
2022-06-09 11:44:00,7100,7100,7100,7100,0
2022-06-09 11:45:00,7100,7100,7100,7100,0
2022-06-09 11:46:00,7100,7100,7100,7100,0
2022-06-09 11:47:00,7100,7100,7100,7100,0
2022-06-09 11:48:00,7100,7100,7100,7100,0
2022-06-09 11:49:00,7100,7100,7100,7100,0
2022-06-09 11:50:00,7100,7100,7100,7100,0
2022-06-09 11:51:00,7100,7100,7100,7100,0
2022-06-09 11:52:00,7100,7100,7100,7100,0
2022-06-09 11:53:00,7100,7100,7100,7100,0
2022-06-09 11:54:00,7100,7100,7100,7100,0
2022-06-09 11:55:00,7100,7100,7100,7100,0
2022-06-09 11:56:00,7100,7100,7100,7100,0
2022-06-09 11:57:00,7100,7100,7100,7100,0
2022-06-09 11:58:00,7100,7100,7100,7100,0
2022-06-09 11:59:00,7100,7100,7100,7100,0
2022-06-09 12:00:00,7100,7100,7100,7100,0
2022-06-09 12:01:00,7100,7100,7100,7100,0
2022-06-09 12:02:00,7100,7100,7100,7100,0
2022-06-09 12:03:00,7100,7100,7100,7100,0
2022-06-09 12:04:00,7100,7100,7100,7100,0
2022-06-09 12:05:00,7100,7100,7100,7100,0
2022-06-09 12:06:00,7100,7100,7100,7100,0
2022-06-09 12:07:00,7100,7100,7100,7100,0
2022-06-09 12:08:00,7100,7100,7100,7100,0
2022-06-09 12:09:00,7100,7100,7100,7100,0
2022-06-09 12:10:00,7100,7100,7100,7100,0
2022-06-09 12:11:00,7100,7100,7100,7100,0
2022-06-09 12:12:00,7100,7100,7100,7100,0
2022-06-09 12:13:00,7100,7100,7100,7100,0
2022-06-09 12:14:00,7100,7100,7100,7100,0
2022-06-09 12:15:00,7100,7100,7100,7100,0
2022-06-09 12:16:00,7100,7100,7100,7100,0
2022-06-09 12:17:00,7100,7100,7100,7100,0
2022-06-09 12:18:00,7100,7100,7100,7100,0
2022-06-09 12:19:00,7100,7100,7100,7100,0
2022-06-09 12:20:00,7100,7100,7100,7100,0
2022-06-09 12:21:00,7100,7100,7100,7100,0
2022-06-09 12:22:00,7100,7100,7100,7100,0
2022-06-09 12:23:00,7100,7100,7100,7100,0
2022-06-09 12:24:00,7100,7100,7100,7100,0
2022-06-09 12:25:00,7100,7100,7100,7100,0
2022-06-09 12:26:00,7100,7100,7100,7100,0
2022-06-09 12:27:00,7100,7100,7100,7100,0
2022-06-09 12:28:00,7100,7100,7100,7100,0
2022-06-09 12:29:00,7100,7100,7100,7100,0
2022-06-09 12:30:00,7100,7100,7100,7100,0
2022-06-09 12:31:00,7100,7100,7100,7100,0
2022-06-09 12:32:00,7100,7100,7100,7100,0
2022-06-09 12:33:00,7100,7100,7100,7100,0
2022-06-09 12:34:00,7100,7100,7100,7100,0
2022-06-09 12:35:00,7100,7100,7100,7100,0
2022-06-09 12:36:00,7100,7100,7100,7100,0
2022-06-09 12:37:00,7100,7100,7100,7100,0
2022-06-09 12:38:00,7100,7100,7100,7100,0
2022-06-09 12:39:00,7100,7100,7100,7100,0
2022-06-09 12:40:00,7100,7100,7100,7100,0
2022-06-09 12:41:00,7100,7100,7100,7100,0
2022-06-09 12:42:00,7100,7100,7100,7100,0
2022-06-09 12:43:00,7100,7100,7100,7100,0
2022-06-09 12:44:00,7100,7100,7100,7100,0
2022-06-09 12:45:00,7100,7100,7100,7100,0
2022-06-09 12:46:00,7100,7100,7100,7100,0
2022-06-09 12:47:00,7100,7100,7100,7100,0
2022-06-09 12:48:00,7100,7100,7100,7100,0
2022-06-09 12:49:00,7100,7100,7100,7100,0
2022-06-09 12:50:00,7100,7100,7100,7100,0
2022-06-09 12:51:00,7100,7100,7100,7100,0
2022-06-09 12:52:00,7100,7100,7100,7100,0
2022-06-09 12:53:00,7100,7100,7100,7100,0
2022-06-09 12:54:00,7100,7100,7100,7100,0
2022-06-09 12:55:00,7100,7100,7100,7100,0
2022-06-09 12:56:00,7100,7100,7100,7100,0
2022-06-09 12:57:00,7100,7100,7100,7100,0
2022-06-09 12:58:00,7100,7100,7100,7100,0
2022-06-09 12:59:00,7100,7100,7100,7100,0
2022-06-09 13:00:00,7100,7100,7100,7100,0
2022-06-09 13:01:00,7100,7100,7100,7100,0
2022-06-09 13:02:00,7100,7100,7100,7100,0
2022-06-09 13:03:00,7100,7100,7100,7100,0
2022-06-09 13:04:00,7100,7100,7100,7100,0
2022-06-09 13:05:00,7100,7100,7100,7100,0
2022-06-09 13:06:00,7100,7100,7100,7100,0
2022-06-09 13:07:00,7100,7100,7100,7100,0
2022-06-09 13:08:00,7100,7100,7100,7100,0
2022-06-09 13:09:00,7100,7100,7100,7100,0
2022-06-09 13:10:00,7100,7100,7100,7100,0
2022-06-09 13:11:00,7100,7100,7100,7100,0
2022-06-09 13:12:00,7100,7100,7100,7100,0
2022-06-09 13:13:00,7100,7100,7100,7100,0
2022-06-09 13:14:00,7100,7100,7100,7100,0
2022-06-09 13:15:00,7100,7100,7100,7100,0
2022-06-09 13:16:00,7100,7100,7100,7100,0
2022-06-09 13:17:00,7100,7100,7100,7100,0
2022-06-09 13:18:00,7100,7100,7100,7100,0
2022-06-09 13:19:00,7100,7100,7100,7100,0
2022-06-09 13:20:00,7100,7100,7100,7100,0
2022-06-09 13:21:00,7100,7100,7100,7100,0
2022-06-09 13:22:00,7100,7100,7100,7100,0
2022-06-09 13:23:00,7100,7100,7100,7100,0
2022-06-09 13:24:00,7100,7100,7100,7100,0
2022-06-09 13:25:00,7100,7100,7100,7100,0
2022-06-09 13:26:00,7100,7100,7100,7100,0
2022-06-09 13:27:00,7100,7100,7100,7100,0
2022-06-09 13:28:00,7100,7100,7100,7100,0
2022-06-09 13:29:00,7100,7100,7100,7100,0
2022-06-09 13:30:00,7100,7075,7100,7075,28600
2022-06-09 13:31:00,7100,7075,7100,7075,0
2022-06-09 13:32:00,7075,7075,7075,7075,1200
2022-06-09 13:33:00,7075,7075,7075,7075,1000
2022-06-09 13:34:00,7075,7050,7075,7075,32300
2022-06-09 13:35:00,7075,7050,7075,7075,0
2022-06-09 13:36:00,7075,7050,7075,7075,0
2022-06-09 13:37:00,7075,7050,7075,7075,0
2022-06-09 13:38:00,7075,7075,7075,7075,13100
2022-06-09 13:39:00,7075,7050,7075,7075,26000
2022-06-09 13:40:00,7075,7075,7075,7075,200
2022-06-09 13:41:00,7075,7075,7075,7075,0
2022-06-09 13:42:00,7075,7075,7075,7075,0
2022-06-09 13:43:00,7075,7050,7075,7050,3600
2022-06-09 13:44:00,7050,7050,7075,7075,1100
2022-06-09 13:45:00,7075,7050,7075,7050,20500
2022-06-09 13:46:00,7050,7050,7050,7050,1100
2022-06-09 13:47:00,7050,7050,7050,7050,700
2022-06-09 13:48:00,7050,7050,7050,7050,600
2022-06-09 13:49:00,7050,7050,7050,7050,300
2022-06-09 13:50:00,7075,7050,7075,7050,1000
2022-06-09 13:51:00,7075,7050,7075,7050,0
2022-06-09 13:52:00,7050,7050,7075,7075,2200
2022-06-09 13:53:00,7075,7075,7075,7075,3000
2022-06-09 13:54:00,7075,7075,7075,7075,0
2022-06-09 13:55:00,7075,7075,7075,7075,3500
2022-06-09 13:56:00,7075,7050,7075,7050,4500
2022-06-09 13:57:00,7075,7075,7075,7075,1700
2022-06-09 13:58:00,7075,7075,7075,7075,100
2022-06-09 13:59:00,7075,7075,7075,7075,3400
2022-06-09 14:00:00,7050,7050,7050,7050,4400
2022-06-09 14:01:00,7050,7050,7050,7050,1000
2022-06-09 14:02:00,7075,7075,7075,7075,10000
2022-06-09 14:03:00,7050,7050,7050,7050,1600
2022-06-09 14:04:00,7075,7075,7075,7075,800
2022-06-09 14:05:00,7075,7075,7075,7075,500
2022-06-09 14:06:00,7075,7075,7075,7075,500
2022-06-09 14:07:00,7075,7075,7075,7075,0
2022-06-09 14:08:00,7075,7075,7075,7075,0
2022-06-09 14:09:00,7075,7050,7075,7050,7300
2022-06-09 14:10:00,7075,7050,7075,7050,0
2022-06-09 14:11:00,7050,7050,7050,7050,5200
2022-06-09 14:12:00,7050,7050,7050,7050,9700
2022-06-09 14:13:00,7050,7050,7050,7050,300
2022-06-09 14:14:00,7075,7075,7075,7075,200
2022-06-09 14:15:00,7075,7075,7075,7075,200
2022-06-09 14:16:00,7075,7075,7075,7075,1700
2022-06-09 14:17:00,7075,7075,7075,7075,100
2022-06-09 14:18:00,7075,7075,7075,7075,0
2022-06-09 14:19:00,7075,7075,7075,7075,0
2022-06-09 14:20:00,7075,7075,7075,7075,0
2022-06-09 14:21:00,7050,7050,7050,7050,16000
2022-06-09 14:22:00,7050,7050,7075,7075,2100
2022-06-09 14:23:00,7075,7050,7075,7050,4500
2022-06-09 14:24:00,7050,7050,7050,7050,9500
2022-06-09 14:25:00,7050,7050,7050,7050,133600
2022-06-09 14:26:00,7050,7050,7050,7050,0
2022-06-09 14:27:00,7050,7025,7050,7025,3100
2022-06-09 14:28:00,7025,7025,7025,7025,3500
2022-06-09 14:29:00,7025,7025,7025,7025,1800
2022-06-09 14:30:00,7050,7050,7050,7050,5800
2022-06-09 14:31:00,7050,7050,7050,7050,0
2022-06-09 14:32:00,7025,7025,7050,7025,9600
2022-06-09 14:33:00,7025,7025,7050,7025,0
2022-06-09 14:34:00,7025,7025,7025,7025,1100
2022-06-09 14:35:00,7050,7025,7050,7025,9500
2022-06-09 14:36:00,7025,7025,7025,7025,100
2022-06-09 14:37:00,7025,7025,7050,7050,600
2022-06-09 14:38:00,7050,7050,7075,7075,71000
2022-06-09 14:39:00,7050,7050,7075,7075,0
2022-06-09 14:40:00,7050,7050,7050,7050,3400
2022-06-09 14:41:00,7050,7050,7050,7050,4300
2022-06-09 14:42:00,7050,7050,7050,7050,10100
2022-06-09 14:43:00,7025,7025,7050,7050,300
2022-06-09 14:44:00,7025,7025,7050,7050,200
2022-06-09 14:45:00,7050,7050,7050,7050,400
2022-06-09 14:46:00,7050,7025,7050,7025,17300
2022-06-09 14:47:00,7050,7050,7050,7050,300
2022-06-09 14:48:00,7050,7025,7100,7100,88100
2022-06-09 14:49:00,7050,7050,7050,7050,2600
2022-06-09 14:50:00,7050,7050,7050,7050,0
2022-06-09 14:51:00,7050,7050,7050,7050,0
2022-06-09 14:52:00,7050,7050,7050,7050,0
2022-06-09 14:53:00,7050,7050,7050,7050,0
2022-06-09 14:54:00,7050,7050,7050,7050,0
2022-06-09 14:55:00,7050,7050,7050,7050,0
2022-06-09 14:56:00,7050,7050,7050,7050,0
2022-06-09 14:57:00,7050,7050,7050,7050,0
2022-06-09 14:58:00,7050,7050,7050,7050,0
2022-06-09 14:59:00,7050,7050,7050,7050,0
2022-06-09 15:00:00,7050,7050,7050,7050,42500
2022-06-09 15:01:00,7050,7050,7050,7050,6300
2022-06-09 15:02:00,7050,7050,7050,7050,16200
2022-06-09 15:03:00,7050,7050,7050,7050,3800
2022-06-09 15:04:00,7050,7050,7050,7050,1000
2022-06-09 15:05:00,7050,7050,7050,7050,100
2022-06-09 15:06:00,7050,7050,7050,7050,200
2022-06-09 15:07:00,7050,7050,7050,7050,0
2022-06-09 15:08:00,7050,7050,7050,7050,500
2022-06-09 15:09:00,7050,7050,7050,7050,2500
2022-06-09 15:10:00,7050,7050,7050,7050,100
2022-06-09 15:11:00,7050,7050,7050,7050,0
2022-06-09 15:12:00,7050,7050,7050,7050,200
2022-06-09 15:13:00,7050,7050,7050,7050,0
2022-06-09 15:14:00,7050,7050,7050,7050,1500
2022-06-09 15:15:00,7050,7050,7050,7050,0
2022-06-09 15:16:00,7050,7050,7050,7050,0
2022-06-09 15:17:00,7050,7050,7050,7050,0
2022-06-09 15:18:00,7050,7050,7050,7050,0
2022-06-09 15:19:00,7050,7050,7050,7050,0
2022-06-09 15:20:00,7050,7050,7050,7050,0
2022-06-09 15:21:00,7050,7050,7050,7050,0
2022-06-09 15:22:00,7050,7050,7050,7050,0
2022-06-09 15:23:00,7050,7050,7050,7050,0
2022-06-09 15:24:00,7050,7050,7050,7050,0
2022-06-09 15:25:00,7050,7050,7050,7050,0
2022-06-09 15:26:00,7050,7050,7050,7050,0
2022-06-09 15:27:00,7050,7050,7050,7050,0
2022-06-09 15:28:00,7050,7050,7050,7050,0
2022-06-09 15:29:00,7050,7050,7050,7050,0
2022-06-09 15:30:00,7050,7050,7050,7050,0
2022-06-09 15:31:00,7050,7050,7050,7050,0
2022-06-09 15:32:00,7050,7050,7050,7050,0
2022-06-09 15:33:00,7050,7050,7050,7050,0
2022-06-09 15:34:00,7050,7050,7050,7050,0
2022-06-09 15:35:00,7050,7050,7050,7050,0
2022-06-09 15:36:00,7050,7050,7050,7050,0
2022-06-09 15:37:00,7050,7050,7050,7050,0
2022-06-09 15:38:00,7050,7050,7050,7050,0
2022-06-09 15:39:00,7050,7050,7050,7050,0
2022-06-09 15:40:00,7050,7050,7050,7050,0
2022-06-09 15:41:00,7050,7050,7050,7050,0
2022-06-09 15:42:00,7050,7050,7050,7050,0
2022-06-09 15:43:00,7050,7050,7050,7050,0
2022-06-09 15:44:00,7050,7050,7050,7050,0
2022-06-09 15:45:00,7050,7050,7050,7050,0
2022-06-09 15:46:00,7050,7050,7050,7050,0
2022-06-09 15:47:00,7050,7050,7050,7050,0
2022-06-09 15:48:00,7050,7050,7050,7050,0
2022-06-09 15:49:00,7050,7050,7050,7050,0
2022-06-09 15:50:00,7050,7050,7050,7050,0
2022-06-09 15:51:00,7050,7050,7050,7050,0
2022-06-09 15:52:00,7050,7050,7050,7050,0
2022-06-09 15:53:00,7050,7050,7050,7050,0
2022-06-09 15:54:00,7050,7050,7050,7050,0
2022-06-09 15:55:00,7050,7050,7050,7050,0
2022-06-09 15:56:00,7050,7050,7050,7050,0
2022-06-09 15:57:00,7050,7050,7050,7050,0
2022-06-09 15:58:00,7050,7050,7050,7050,0
2022-06-09 15:59:00,7050,7050,7050,7050,0
2022-06-10 09:00:00,7000,6975,7025,6975,56000
2022-06-10 09:01:00,6975,6925,7000,6925,88100
2022-06-10 09:02:00,6950,6925,7000,6950,31200
2022-06-10 09:03:00,6950,6950,7000,6950,4700
2022-06-10 09:04:00,6975,6950,6975,6975,14000
2022-06-10 09:05:00,6975,6975,7000,7000,12300
2022-06-10 09:06:00,7000,6975,7000,6975,18200
2022-06-10 09:07:00,7000,6975,7000,6975,3100
2022-06-10 09:08:00,6975,6950,6975,6975,59800
2022-06-10 09:09:00,6975,6975,6975,6975,17400
2022-06-10 09:10:00,6975,6950,7000,6975,20000
2022-06-10 09:11:00,6975,6950,6975,6975,15400
2022-06-10 09:12:00,6975,6950,6975,6950,7800
2022-06-10 09:13:00,6950,6900,6950,6900,265900
2022-06-10 09:14:00,6900,6825,6900,6875,516700
2022-06-10 09:15:00,6875,6850,6875,6875,25400
2022-06-10 09:16:00,6875,6875,6950,6950,15900
2022-06-10 09:17:00,6950,6900,6950,6925,27400
2022-06-10 09:18:00,6900,6875,6900,6900,70100
2022-06-10 09:19:00,6900,6875,6925,6925,76800
2022-06-10 09:20:00,6900,6900,6900,6900,6300
2022-06-10 09:21:00,6900,6900,6900,6900,3000
2022-06-10 09:22:00,6900,6875,6900,6875,27300
2022-06-10 09:23:00,6875,6875,6875,6875,74200
2022-06-10 09:24:00,6875,6850,6875,6875,16900
2022-06-10 09:25:00,6875,6850,6875,6875,23900
2022-06-10 09:26:00,6875,6850,6875,6850,22800
2022-06-10 09:27:00,6850,6850,6850,6850,158800
2022-06-10 09:28:00,6850,6850,6900,6900,89000
2022-06-10 09:29:00,6900,6900,6975,6975,352900
2022-06-10 09:30:00,6975,6950,6975,6950,238900
2022-06-10 09:31:00,6975,6950,6975,6975,2500
2022-06-10 09:32:00,6975,6950,6975,6950,15500
2022-06-10 09:33:00,6975,6950,6975,6950,10500
2022-06-10 09:34:00,6950,6950,6975,6975,2500
2022-06-10 09:35:00,6975,6950,6975,6950,5200
2022-06-10 09:36:00,6975,6950,6975,6950,8100
2022-06-10 09:37:00,6950,6925,6950,6925,89600
2022-06-10 09:38:00,6925,6900,6925,6925,113600
2022-06-10 09:39:00,6900,6900,6925,6900,23400
2022-06-10 09:40:00,6925,6925,6950,6950,11300
2022-06-10 09:41:00,6950,6925,6950,6925,5300
2022-06-10 09:42:00,6925,6925,6925,6925,700
2022-06-10 09:43:00,6925,6925,6925,6925,8700
2022-06-10 09:44:00,6925,6925,6950,6950,1900
2022-06-10 09:45:00,6925,6925,6925,6925,3300
2022-06-10 09:46:00,6925,6925,6925,6925,200
2022-06-10 09:47:00,6925,6925,6950,6950,20200
2022-06-10 09:48:00,6925,6925,6950,6925,1200
2022-06-10 09:49:00,6950,6925,6950,6925,9300
2022-06-10 09:50:00,6925,6925,6950,6950,26300
2022-06-10 09:51:00,6925,6925,6925,6925,2900
2022-06-10 09:52:00,6925,6925,6950,6925,2500
2022-06-10 09:53:00,6950,6925,6950,6925,700
2022-06-10 09:54:00,6925,6925,6925,6925,7600
2022-06-10 09:55:00,6925,6900,6925,6925,9200
2022-06-10 09:56:00,6925,6900,6925,6900,300
2022-06-10 09:57:00,6900,6900,6925,6925,800
2022-06-10 09:58:00,6900,6900,6925,6925,20600
2022-06-10 09:59:00,6900,6900,6925,6900,6300
2022-06-10 10:00:00,6900,6900,6900,6900,1200
2022-06-10 10:01:00,6900,6900,6900,6900,400
2022-06-10 10:02:00,6925,6900,6925,6925,2600
2022-06-10 10:03:00,6925,6900,6925,6925,40300
2022-06-10 10:04:00,6925,6925,6950,6925,21300
2022-06-10 10:05:00,6925,6925,6925,6925,400
2022-06-10 10:06:00,6950,6950,6975,6975,103500
2022-06-10 10:07:00,6975,6975,6975,6975,13300
2022-06-10 10:08:00,6975,6950,6975,6975,6700
2022-06-10 10:09:00,6950,6950,6950,6950,2200
2022-06-10 10:10:00,6950,6950,6950,6950,300
2022-06-10 10:11:00,6950,6950,6950,6950,1200
2022-06-10 10:12:00,6950,6950,6975,6975,6500
2022-06-10 10:13:00,6975,6950,6975,6950,4200
2022-06-10 10:14:00,6950,6950,6950,6950,1100
2022-06-10 10:15:00,6975,6950,6975,6950,800
2022-06-10 10:16:00,6950,6950,6950,6950,300
2022-06-10 10:17:00,6950,6950,6950,6950,300
2022-06-10 10:18:00,6950,6950,6950,6950,3300
2022-06-10 10:19:00,6950,6950,6950,6950,700
2022-06-10 10:20:00,6950,6950,6950,6950,10200
2022-06-10 10:21:00,6950,6950,6975,6975,18000
2022-06-10 10:22:00,6975,6950,6975,6950,400
2022-06-10 10:23:00,6950,6950,6975,6975,29400
2022-06-10 10:24:00,6975,6975,6975,6975,1500
2022-06-10 10:25:00,6975,6975,7000,7000,1700
2022-06-10 10:26:00,6975,6975,7000,7000,1900
2022-06-10 10:27:00,6975,6975,6975,6975,400
2022-06-10 10:28:00,6975,6975,6975,6975,200
2022-06-10 10:29:00,6975,6975,6975,6975,200
2022-06-10 10:30:00,7000,6975,7000,6975,26000
2022-06-10 10:31:00,7000,6975,7000,6975,5800
2022-06-10 10:32:00,6975,6975,7000,7000,2500
2022-06-10 10:33:00,7000,6975,7000,7000,2200
2022-06-10 10:34:00,7000,7000,7025,7025,21700
2022-06-10 10:35:00,7025,7025,7050,7050,80600
2022-06-10 10:36:00,7050,7050,7075,7050,96900
2022-06-10 10:37:00,7075,7050,7075,7050,1400
2022-06-10 10:38:00,7050,7050,7075,7075,8100
2022-06-10 10:39:00,7075,7050,7075,7075,12200
2022-06-10 10:40:00,7075,7050,7075,7050,1500
2022-06-10 10:41:00,7075,7050,7075,7075,7100
2022-06-10 10:42:00,7075,7050,7075,7075,13500
2022-06-10 10:43:00,7075,7075,7100,7075,26300
2022-06-10 10:44:00,7100,7025,7100,7025,114500
2022-06-10 10:45:00,7100,7025,7100,7025,0
2022-06-10 10:46:00,7025,7025,7050,7025,22800
2022-06-10 10:47:00,7025,7000,7025,7025,8200
2022-06-10 10:48:00,7025,7000,7025,7025,15600
2022-06-10 10:49:00,7000,7000,7000,7000,200
2022-06-10 10:50:00,7000,7000,7050,7025,37100
2022-06-10 10:51:00,7050,7025,7050,7050,2000
2022-06-10 10:52:00,7025,7025,7025,7025,10700
2022-06-10 10:53:00,7000,7000,7025,7025,2900
2022-06-10 10:54:00,7025,7000,7025,7000,300
2022-06-10 10:55:00,7000,7000,7000,7000,2700
2022-06-10 10:56:00,7000,7000,7025,7000,1000
2022-06-10 10:57:00,7000,7000,7000,7000,36600
2022-06-10 10:58:00,7000,7000,7000,7000,200
2022-06-10 10:59:00,7000,7000,7000,7000,1200
2022-06-10 11:00:00,7000,7000,7000,7000,20900
2022-06-10 11:01:00,7000,7000,7000,7000,200
2022-06-10 11:02:00,7000,7000,7025,7025,700
2022-06-10 11:03:00,7000,7000,7000,7000,1900
2022-06-10 11:04:00,7000,7000,7000,7000,200
2022-06-10 11:05:00,7000,7000,7000,7000,200
2022-06-10 11:06:00,7000,7000,7025,7000,1400
2022-06-10 11:07:00,7000,7000,7000,7000,3600
2022-06-10 11:08:00,7000,7000,7000,7000,13700
2022-06-10 11:09:00,7000,7000,7000,7000,27900
2022-06-10 11:10:00,7000,7000,7000,7000,0
2022-06-10 11:11:00,7000,7000,7000,7000,0
2022-06-10 11:12:00,7000,7000,7000,7000,21100
2022-06-10 11:13:00,7025,7025,7025,7025,200
2022-06-10 11:14:00,7025,7000,7025,7000,4200
2022-06-10 11:15:00,7000,7000,7025,7025,1300
2022-06-10 11:16:00,7025,7000,7025,7000,9700
2022-06-10 11:17:00,7025,7000,7025,7000,0
2022-06-10 11:18:00,7025,7000,7025,7000,0
2022-06-10 11:19:00,7000,7000,7000,7000,2100
2022-06-10 11:20:00,7000,7000,7000,7000,2200
2022-06-10 11:21:00,7000,7000,7000,7000,1000
2022-06-10 11:22:00,7000,7000,7000,7000,100
2022-06-10 11:23:00,7000,7000,7000,7000,7500
2022-06-10 11:24:00,7000,7000,7000,7000,7200
2022-06-10 11:25:00,7000,6975,7000,6975,10900
2022-06-10 11:26:00,6975,6975,6975,6975,100
2022-06-10 11:27:00,6975,6975,7000,7000,1500
2022-06-10 11:28:00,6975,6975,7000,7000,0
2022-06-10 11:29:00,7000,7000,7000,7000,20800
2022-06-10 11:30:00,7000,7000,7000,7000,0
2022-06-10 11:31:00,7000,7000,7000,7000,0
2022-06-10 11:32:00,7000,7000,7000,7000,0
2022-06-10 11:33:00,7000,7000,7000,7000,0
2022-06-10 11:34:00,7000,7000,7000,7000,0
2022-06-10 11:35:00,7000,7000,7000,7000,0
2022-06-10 11:36:00,7000,7000,7000,7000,0
2022-06-10 11:37:00,7000,7000,7000,7000,0
2022-06-10 11:38:00,7000,7000,7000,7000,0
2022-06-10 11:39:00,7000,7000,7000,7000,0
2022-06-10 11:40:00,7000,7000,7000,7000,0
2022-06-10 11:41:00,7000,7000,7000,7000,0
2022-06-10 11:42:00,7000,7000,7000,7000,0
2022-06-10 11:43:00,7000,7000,7000,7000,0
2022-06-10 11:44:00,7000,7000,7000,7000,0
2022-06-10 11:45:00,7000,7000,7000,7000,0
2022-06-10 11:46:00,7000,7000,7000,7000,0
2022-06-10 11:47:00,7000,7000,7000,7000,0
2022-06-10 11:48:00,7000,7000,7000,7000,0
2022-06-10 11:49:00,7000,7000,7000,7000,0
2022-06-10 11:50:00,7000,7000,7000,7000,0
2022-06-10 11:51:00,7000,7000,7000,7000,0
2022-06-10 11:52:00,7000,7000,7000,7000,0
2022-06-10 11:53:00,7000,7000,7000,7000,0
2022-06-10 11:54:00,7000,7000,7000,7000,0
2022-06-10 11:55:00,7000,7000,7000,7000,0
2022-06-10 11:56:00,7000,7000,7000,7000,0
2022-06-10 11:57:00,7000,7000,7000,7000,0
2022-06-10 11:58:00,7000,7000,7000,7000,0
2022-06-10 11:59:00,7000,7000,7000,7000,0
2022-06-10 12:00:00,7000,7000,7000,7000,0
2022-06-10 12:01:00,7000,7000,7000,7000,0
2022-06-10 12:02:00,7000,7000,7000,7000,0
2022-06-10 12:03:00,7000,7000,7000,7000,0
2022-06-10 12:04:00,7000,7000,7000,7000,0
2022-06-10 12:05:00,7000,7000,7000,7000,0
2022-06-10 12:06:00,7000,7000,7000,7000,0
2022-06-10 12:07:00,7000,7000,7000,7000,0
2022-06-10 12:08:00,7000,7000,7000,7000,0
2022-06-10 12:09:00,7000,7000,7000,7000,0
2022-06-10 12:10:00,7000,7000,7000,7000,0
2022-06-10 12:11:00,7000,7000,7000,7000,0
2022-06-10 12:12:00,7000,7000,7000,7000,0
2022-06-10 12:13:00,7000,7000,7000,7000,0
2022-06-10 12:14:00,7000,7000,7000,7000,0
2022-06-10 12:15:00,7000,7000,7000,7000,0
2022-06-10 12:16:00,7000,7000,7000,7000,0
2022-06-10 12:17:00,7000,7000,7000,7000,0
2022-06-10 12:18:00,7000,7000,7000,7000,0
2022-06-10 12:19:00,7000,7000,7000,7000,0
2022-06-10 12:20:00,7000,7000,7000,7000,0
2022-06-10 12:21:00,7000,7000,7000,7000,0
2022-06-10 12:22:00,7000,7000,7000,7000,0
2022-06-10 12:23:00,7000,7000,7000,7000,0
2022-06-10 12:24:00,7000,7000,7000,7000,0
2022-06-10 12:25:00,7000,7000,7000,7000,0
2022-06-10 12:26:00,7000,7000,7000,7000,0
2022-06-10 12:27:00,7000,7000,7000,7000,0
2022-06-10 12:28:00,7000,7000,7000,7000,0
2022-06-10 12:29:00,7000,7000,7000,7000,0
2022-06-10 12:30:00,7000,7000,7000,7000,0
2022-06-10 12:31:00,7000,7000,7000,7000,0
2022-06-10 12:32:00,7000,7000,7000,7000,0
2022-06-10 12:33:00,7000,7000,7000,7000,0
2022-06-10 12:34:00,7000,7000,7000,7000,0
2022-06-10 12:35:00,7000,7000,7000,7000,0
2022-06-10 12:36:00,7000,7000,7000,7000,0
2022-06-10 12:37:00,7000,7000,7000,7000,0
2022-06-10 12:38:00,7000,7000,7000,7000,0
2022-06-10 12:39:00,7000,7000,7000,7000,0
2022-06-10 12:40:00,7000,7000,7000,7000,0
2022-06-10 12:41:00,7000,7000,7000,7000,0
2022-06-10 12:42:00,7000,7000,7000,7000,0
2022-06-10 12:43:00,7000,7000,7000,7000,0
2022-06-10 12:44:00,7000,7000,7000,7000,0
2022-06-10 12:45:00,7000,7000,7000,7000,0
2022-06-10 12:46:00,7000,7000,7000,7000,0
2022-06-10 12:47:00,7000,7000,7000,7000,0
2022-06-10 12:48:00,7000,7000,7000,7000,0
2022-06-10 12:49:00,7000,7000,7000,7000,0
2022-06-10 12:50:00,7000,7000,7000,7000,0
2022-06-10 12:51:00,7000,7000,7000,7000,0
2022-06-10 12:52:00,7000,7000,7000,7000,0
2022-06-10 12:53:00,7000,7000,7000,7000,0
2022-06-10 12:54:00,7000,7000,7000,7000,0
2022-06-10 12:55:00,7000,7000,7000,7000,0
2022-06-10 12:56:00,7000,7000,7000,7000,0
2022-06-10 12:57:00,7000,7000,7000,7000,0
2022-06-10 12:58:00,7000,7000,7000,7000,0
2022-06-10 12:59:00,7000,7000,7000,7000,0
2022-06-10 13:00:00,7000,7000,7000,7000,0
2022-06-10 13:01:00,7000,7000,7000,7000,0
2022-06-10 13:02:00,7000,7000,7000,7000,0
2022-06-10 13:03:00,7000,7000,7000,7000,0
2022-06-10 13:04:00,7000,7000,7000,7000,0
2022-06-10 13:05:00,7000,7000,7000,7000,0
2022-06-10 13:06:00,7000,7000,7000,7000,0
2022-06-10 13:07:00,7000,7000,7000,7000,0
2022-06-10 13:08:00,7000,7000,7000,7000,0
2022-06-10 13:09:00,7000,7000,7000,7000,0
2022-06-10 13:10:00,7000,7000,7000,7000,0
2022-06-10 13:11:00,7000,7000,7000,7000,0
2022-06-10 13:12:00,7000,7000,7000,7000,0
2022-06-10 13:13:00,7000,7000,7000,7000,0
2022-06-10 13:14:00,7000,7000,7000,7000,0
2022-06-10 13:15:00,7000,7000,7000,7000,0
2022-06-10 13:16:00,7000,7000,7000,7000,0
2022-06-10 13:17:00,7000,7000,7000,7000,0
2022-06-10 13:18:00,7000,7000,7000,7000,0
2022-06-10 13:19:00,7000,7000,7000,7000,0
2022-06-10 13:20:00,7000,7000,7000,7000,0
2022-06-10 13:21:00,7000,7000,7000,7000,0
2022-06-10 13:22:00,7000,7000,7000,7000,0
2022-06-10 13:23:00,7000,7000,7000,7000,0
2022-06-10 13:24:00,7000,7000,7000,7000,0
2022-06-10 13:25:00,7000,7000,7000,7000,0
2022-06-10 13:26:00,7000,7000,7000,7000,0
2022-06-10 13:27:00,7000,7000,7000,7000,0
2022-06-10 13:28:00,7000,7000,7000,7000,0
2022-06-10 13:29:00,7000,7000,7000,7000,0
2022-06-10 13:30:00,7000,6975,7000,6975,35700
2022-06-10 13:31:00,7000,7000,7000,7000,500
2022-06-10 13:32:00,7000,7000,7000,7000,0
2022-06-10 13:33:00,7000,7000,7000,7000,0
2022-06-10 13:34:00,7000,7000,7000,7000,4300
2022-06-10 13:35:00,7000,6975,7000,6975,31000
2022-06-10 13:36:00,7000,7000,7000,7000,7800
2022-06-10 13:37:00,7000,6950,7000,6950,117800
2022-06-10 13:38:00,6975,6950,6975,6950,35300
2022-06-10 13:39:00,6950,6950,6950,6950,70600
2022-06-10 13:40:00,6950,6950,6975,6975,10400
2022-06-10 13:41:00,6975,6950,6975,6950,32900
2022-06-10 13:42:00,6950,6950,6975,6975,700
2022-06-10 13:43:00,6975,6975,6975,6975,27000
2022-06-10 13:44:00,6975,6975,6975,6975,1000
2022-06-10 13:45:00,6975,6950,6975,6950,800
2022-06-10 13:46:00,6975,6950,6975,6950,17400
2022-06-10 13:47:00,6975,6950,6975,6950,0
2022-06-10 13:48:00,6950,6950,6950,6950,21000
2022-06-10 13:49:00,6950,6950,6950,6950,3000
2022-06-10 13:50:00,6950,6950,6950,6950,32400
2022-06-10 13:51:00,6950,6950,6950,6950,0
2022-06-10 13:52:00,6975,6975,6975,6975,0
2022-06-10 13:53:00,6950,6950,6950,6950,4236100
2022-06-10 13:54:00,6950,6950,6975,6950,7200
2022-06-10 13:55:00,6950,6950,6950,6950,3600
2022-06-10 13:56:00,6975,6950,6975,6950,8400
2022-06-10 13:57:00,6950,6950,6950,6950,8900
2022-06-10 13:58:00,6950,6925,6950,6950,8600
2022-06-10 13:59:00,6925,6925,6925,6925,3200
2022-06-10 14:00:00,6950,6950,6975,6950,60700
2022-06-10 14:01:00,6950,6950,6950,6950,2500
2022-06-10 14:02:00,6975,6950,6975,6950,2800
2022-06-10 14:03:00,6950,6950,6950,6950,800
2022-06-10 14:04:00,6950,6950,6975,6975,1700
2022-06-10 14:05:00,6950,6950,6975,6975,2900
2022-06-10 14:06:00,6950,6950,6950,6950,15600
2022-06-10 14:07:00,6950,6950,6950,6950,2800
2022-06-10 14:08:00,6975,6975,6975,6975,4400
2022-06-10 14:09:00,6950,6950,6975,6975,1500
2022-06-10 14:10:00,6950,6950,6950,6950,1200
2022-06-10 14:11:00,6950,6950,6975,6975,2300
2022-06-10 14:12:00,6950,6950,6950,6950,6300
2022-06-10 14:13:00,6975,6950,6975,6950,1400
2022-06-10 14:14:00,6975,6950,6975,6950,0
2022-06-10 14:15:00,6950,6950,6950,6950,20700
2022-06-10 14:16:00,6950,6950,6950,6950,3400
2022-06-10 14:17:00,6950,6950,6950,6950,3500
2022-06-10 14:18:00,6950,6950,6950,6950,3300
2022-06-10 14:19:00,6950,6950,6950,6950,8500
2022-06-10 14:20:00,6975,6950,6975,6950,7500
2022-06-10 14:21:00,7000,7000,7000,7000,0
2022-06-10 14:22:00,7000,6975,7000,7000,4586400
2022-06-10 14:23:00,6975,6975,6975,6975,16300
2022-06-10 14:24:00,6975,6975,7000,6975,6600
2022-06-10 14:25:00,6975,6975,6975,6975,19500
2022-06-10 14:26:00,6975,6975,7000,7000,13100
2022-06-10 14:27:00,6975,6975,6975,6975,20900
2022-06-10 14:28:00,6975,6975,6975,6975,2300
2022-06-10 14:29:00,6975,6975,6975,6975,700
2022-06-10 14:30:00,6975,6975,7000,6975,61500
2022-06-10 14:31:00,6950,6950,6950,6950,100
2022-06-10 14:32:00,6950,6950,6950,6950,2500
2022-06-10 14:33:00,6950,6950,6950,6950,500
2022-06-10 14:34:00,6975,6950,6975,6975,20900
2022-06-10 14:35:00,6975,6975,6975,6975,1000
2022-06-10 14:36:00,6950,6950,6975,6950,13700
2022-06-10 14:37:00,6975,6950,6975,6950,2100
2022-06-10 14:38:00,6975,6975,6975,6975,9100
2022-06-10 14:39:00,6950,6950,6950,6950,8300
2022-06-10 14:40:00,6950,6950,6975,6950,11500
2022-06-10 14:41:00,6975,6950,6975,6950,46900
2022-06-10 14:42:00,6950,6950,6950,6950,23600
2022-06-10 14:43:00,6950,6950,6975,6950,12500
2022-06-10 14:44:00,6950,6950,6950,6950,30300
2022-06-10 14:45:00,6925,6925,6950,6925,40800
2022-06-10 14:46:00,6925,6925,6950,6950,17900
2022-06-10 14:47:00,6925,6925,6950,6950,11900
2022-06-10 14:48:00,6925,6925,6975,6975,81700
2022-06-10 14:49:00,6950,6950,6975,6975,1500
2022-06-10 14:50:00,6950,6950,6975,6975,0
2022-06-10 14:51:00,6950,6950,6975,6975,0
2022-06-10 14:52:00,6950,6950,6975,6975,0
2022-06-10 14:53:00,6950,6950,6975,6975,0
2022-06-10 14:54:00,6950,6950,6975,6975,0
2022-06-10 14:55:00,6950,6950,6975,6975,0
2022-06-10 14:56:00,6950,6950,6975,6975,0
2022-06-10 14:57:00,6950,6950,6975,6975,0
2022-06-10 14:58:00,6950,6950,6975,6975,0
2022-06-10 14:59:00,6950,6950,6975,6975,0
2022-06-10 15:00:00,6975,6975,6975,6975,88800
2022-06-10 15:01:00,6975,6975,6975,6975,26700
2022-06-10 15:02:00,6975,6975,6975,6975,600
2022-06-10 15:03:00,6975,6975,6975,6975,0
2022-06-10 15:04:00,6975,6975,6975,6975,1600
2022-06-10 15:05:00,6975,6975,6975,6975,11100
2022-06-10 15:06:00,6975,6975,6975,6975,1000
2022-06-10 15:07:00,6975,6975,6975,6975,4500
2022-06-10 15:08:00,6975,6975,6975,6975,300
2022-06-10 15:09:00,6975,6975,6975,6975,200
2022-06-10 15:10:00,6975,6975,6975,6975,26000
2022-06-10 15:11:00,6975,6975,6975,6975,18800
2022-06-10 15:12:00,6975,6975,6975,6975,1400
2022-06-10 15:13:00,6975,6975,6975,6975,31600
2022-06-10 15:14:00,6975,6975,6975,6975,4000
2022-06-10 15:15:00,6975,6975,6975,6975,0
2022-06-10 15:16:00,6975,6975,6975,6975,0
2022-06-10 15:17:00,6975,6975,6975,6975,0
2022-06-10 15:18:00,6975,6975,6975,6975,0
2022-06-10 15:19:00,6975,6975,6975,6975,0
2022-06-10 15:20:00,6975,6975,6975,6975,0
2022-06-10 15:21:00,6975,6975,6975,6975,0
2022-06-10 15:22:00,6975,6975,6975,6975,0
2022-06-10 15:23:00,6975,6975,6975,6975,0
2022-06-10 15:24:00,6975,6975,6975,6975,0
2022-06-10 15:25:00,6975,6975,6975,6975,0
2022-06-10 15:26:00,6975,6975,6975,6975,0
2022-06-10 15:27:00,6975,6975,6975,6975,0
2022-06-10 15:28:00,6975,6975,6975,6975,0
2022-06-10 15:29:00,6975,6975,6975,6975,0
2022-06-10 15:30:00,6975,6975,6975,6975,0
2022-06-10 15:31:00,6975,6975,6975,6975,0
2022-06-10 15:32:00,6975,6975,6975,6975,0
2022-06-10 15:33:00,6975,6975,6975,6975,0
2022-06-10 15:34:00,6975,6975,6975,6975,0
2022-06-10 15:35:00,6975,6975,6975,6975,0
2022-06-10 15:36:00,6975,6975,6975,6975,0
2022-06-10 15:37:00,6975,6975,6975,6975,0
2022-06-10 15:38:00,6975,6975,6975,6975,0
2022-06-10 15:39:00,6975,6975,6975,6975,0
2022-06-10 15:40:00,6975,6975,6975,6975,0
2022-06-10 15:41:00,6975,6975,6975,6975,0
2022-06-10 15:42:00,6975,6975,6975,6975,0
2022-06-10 15:43:00,6975,6975,6975,6975,0
2022-06-10 15:44:00,6975,6975,6975,6975,0
2022-06-10 15:45:00,6975,6975,6975,6975,0
2022-06-10 15:46:00,6975,6975,6975,6975,0
2022-06-10 15:47:00,6975,6975,6975,6975,0
2022-06-10 15:48:00,6975,6975,6975,6975,0
2022-06-10 15:49:00,6975,6975,6975,6975,0
2022-06-10 15:50:00,6975,6975,6975,6975,0
2022-06-10 15:51:00,6975,6975,6975,6975,0
2022-06-10 15:52:00,6975,6975,6975,6975,0
2022-06-10 15:53:00,6975,6975,6975,6975,0
2022-06-10 15:54:00,6975,6975,6975,6975,0
2022-06-10 15:55:00,6975,6975,6975,6975,0
2022-06-10 15:56:00,6975,6975,6975,6975,0
2022-06-10 15:57:00,6975,6975,6975,6975,0
2022-06-10 15:58:00,6975,6975,6975,6975,0
2022-06-10 15:59:00,6975,6975,6975,6975,0
2022-06-13 09:00:00,6500,6500,6750,6700,509800
2022-06-13 09:01:00,6700,6600,6725,6625,59800
2022-06-13 09:02:00,6625,6600,6700,6675,94000
2022-06-13 09:03:00,6700,6675,6725,6725,229800
2022-06-13 09:04:00,6725,6700,6725,6725,59400
2022-06-13 09:05:00,6725,6700,6750,6700,48200
2022-06-13 09:06:00,6700,6625,6700,6650,153300
2022-06-13 09:07:00,6625,6625,6725,6700,109700
2022-06-13 09:08:00,6700,6650,6700,6700,149800
2022-06-13 09:09:00,6675,6625,6725,6625,132400
2022-06-13 09:10:00,6650,6650,6725,6650,134400
2022-06-13 09:11:00,6700,6650,6700,6650,86500
2022-06-13 09:12:00,6625,6625,6650,6625,74600
2022-06-13 09:13:00,6625,6575,6650,6600,253700
2022-06-13 09:14:00,6600,6600,6650,6600,39100
2022-06-13 09:15:00,6625,6600,6625,6600,63400
2022-06-13 09:16:00,6625,6600,6650,6650,158600
2022-06-13 09:17:00,6625,6625,6650,6650,37400
2022-06-13 09:18:00,6650,6600,6650,6625,65400
2022-06-13 09:19:00,6600,6575,6625,6575,310600
2022-06-13 09:20:00,6600,6600,6625,6625,24600
2022-06-13 09:21:00,6625,6600,6675,6650,147500
2022-06-13 09:22:00,6650,6600,6650,6625,40200
2022-06-13 09:23:00,6600,6600,6650,6650,182200
2022-06-13 09:24:00,6650,6600,6650,6625,19200
2022-06-13 09:25:00,6600,6600,6625,6625,52700
2022-06-13 09:26:00,6625,6600,6625,6625,700
2022-06-13 09:27:00,6625,6575,6625,6575,150600
2022-06-13 09:28:00,6575,6575,6600,6575,26700
2022-06-13 09:29:00,6575,6575,6600,6575,51400
2022-06-13 09:30:00,6575,6575,6600,6575,2000
2022-06-13 09:31:00,6600,6575,6625,6625,56400
2022-06-13 09:32:00,6625,6575,6625,6575,85200
2022-06-13 09:33:00,6575,6550,6600,6550,220200
2022-06-13 09:34:00,6575,6550,6575,6575,8600
2022-06-13 09:35:00,6550,6550,6575,6575,35300
2022-06-13 09:36:00,6575,6550,6575,6575,70800
2022-06-13 09:37:00,6575,6550,6575,6575,39900
2022-06-13 09:38:00,6575,6550,6575,6575,14600
2022-06-13 09:39:00,6575,6550,6575,6550,7800
2022-06-13 09:40:00,6550,6525,6550,6550,342900
2022-06-13 09:41:00,6525,6525,6550,6525,281200
2022-06-13 09:42:00,6525,6525,6550,6525,13300
2022-06-13 09:43:00,6550,6525,6550,6550,8000
2022-06-13 09:44:00,6550,6525,6550,6525,7000
2022-06-13 09:45:00,6550,6525,6550,6525,32700
2022-06-13 09:46:00,6525,6525,6550,6525,7900
2022-06-13 09:47:00,6550,6525,6550,6525,5300
2022-06-13 09:48:00,6525,6525,6550,6550,3600
2022-06-13 09:49:00,6550,6525,6550,6525,6500
2022-06-13 09:50:00,6525,6525,6550,6550,1000
2022-06-13 09:51:00,6550,6525,6550,6525,142700
2022-06-13 09:52:00,6550,6525,6550,6550,4300
2022-06-13 09:53:00,6550,6525,6550,6525,55500
2022-06-13 09:54:00,6525,6525,6550,6525,5300
2022-06-13 09:55:00,6550,6525,6550,6550,24500
2022-06-13 09:56:00,6550,6525,6550,6525,10100
2022-06-13 09:57:00,6550,6525,6550,6550,367800
2022-06-13 09:58:00,6525,6525,6550,6525,6900
2022-06-13 09:59:00,6550,6525,6550,6550,17900
2022-06-13 10:00:00,6550,6525,6575,6575,288000
2022-06-13 10:01:00,6550,6550,6575,6550,5700
2022-06-13 10:02:00,6550,6550,6575,6575,4500
2022-06-13 10:03:00,6575,6550,6575,6575,32400
2022-06-13 10:04:00,6575,6550,6575,6575,14200
2022-06-13 10:05:00,6575,6550,6575,6575,6300
2022-06-13 10:06:00,6575,6525,6575,6550,288300
2022-06-13 10:07:00,6575,6525,6575,6550,137100
2022-06-13 10:08:00,6575,6550,6575,6575,900
2022-06-13 10:09:00,6575,6550,6575,6575,2800
2022-06-13 10:10:00,6550,6550,6550,6550,300
2022-06-13 10:11:00,6550,6525,6550,6525,293600
2022-06-13 10:12:00,6525,6525,6550,6550,10000
2022-06-13 10:13:00,6550,6525,6550,6550,76800
2022-06-13 10:14:00,6550,6550,6575,6550,800
2022-06-13 10:15:00,6550,6550,6550,6550,16900
2022-06-13 10:16:00,6550,6525,6550,6525,45100
2022-06-13 10:17:00,6525,6525,6550,6550,139400
2022-06-13 10:18:00,6550,6525,6550,6525,61300
2022-06-13 10:19:00,6550,6525,6550,6550,7900
2022-06-13 10:20:00,6525,6525,6550,6525,1400
2022-06-13 10:21:00,6525,6525,6550,6550,9100
2022-06-13 10:22:00,6525,6525,6525,6525,9300
2022-06-13 10:23:00,6525,6525,6550,6550,9100
2022-06-13 10:24:00,6525,6525,6550,6550,6600
2022-06-13 10:25:00,6550,6525,6550,6525,900
2022-06-13 10:26:00,6525,6525,6550,6550,60000
2022-06-13 10:27:00,6525,6525,6550,6550,7400
2022-06-13 10:28:00,6550,6525,6550,6525,400
2022-06-13 10:29:00,6525,6525,6575,6575,221800
2022-06-13 10:30:00,6575,6550,6575,6550,5200
2022-06-13 10:31:00,6550,6550,6575,6575,1700
2022-06-13 10:32:00,6550,6550,6550,6550,1100
2022-06-13 10:33:00,6550,6550,6550,6550,1200
2022-06-13 10:34:00,6575,6550,6575,6550,1100
2022-06-13 10:35:00,6575,6550,6575,6550,7300
2022-06-13 10:36:00,6575,6550,6575,6575,3600
2022-06-13 10:37:00,6550,6550,6575,6550,9500
2022-06-13 10:38:00,6575,6550,6575,6550,800
2022-06-13 10:39:00,6575,6550,6575,6575,5400
2022-06-13 10:40:00,6550,6550,6550,6550,2900
2022-06-13 10:41:00,6550,6550,6550,6550,29500
2022-06-13 10:42:00,6550,6550,6575,6575,2600
2022-06-13 10:43:00,6550,6550,6550,6550,800
2022-06-13 10:44:00,6550,6550,6550,6550,200
2022-06-13 10:45:00,6550,6550,6550,6550,7400
2022-06-13 10:46:00,6575,6550,6575,6550,5200
2022-06-13 10:47:00,6550,6550,6550,6550,5400
2022-06-13 10:48:00,6575,6550,6575,6550,8000
2022-06-13 10:49:00,6575,6550,6575,6550,0
2022-06-13 10:50:00,6550,6550,6550,6550,400
2022-06-13 10:51:00,6550,6550,6550,6550,0
2022-06-13 10:52:00,6550,6550,6575,6575,700
2022-06-13 10:53:00,6550,6550,6550,6550,400
2022-06-13 10:54:00,6550,6550,6550,6550,22200
2022-06-13 10:55:00,6550,6550,6550,6550,1900
2022-06-13 10:56:00,6550,6550,6550,6550,1800
2022-06-13 10:57:00,6550,6550,6575,6550,24300
2022-06-13 10:58:00,6550,6550,6575,6550,21600
2022-06-13 10:59:00,6550,6550,6550,6550,5400
2022-06-13 11:00:00,6550,6550,6575,6550,13700
2022-06-13 11:01:00,6550,6550,6575,6550,97900
2022-06-13 11:02:00,6575,6550,6575,6550,7500
2022-06-13 11:03:00,6550,6550,6550,6550,16200
2022-06-13 11:04:00,6550,6550,6550,6550,6300
2022-06-13 11:05:00,6550,6550,6575,6575,17300
2022-06-13 11:06:00,6550,6550,6575,6575,22900
2022-06-13 11:07:00,6575,6550,6575,6575,23400
2022-06-13 11:08:00,6575,6575,6575,6575,300
2022-06-13 11:09:00,6575,6575,6575,6575,5100
2022-06-13 11:10:00,6575,6575,6575,6575,0
2022-06-13 11:11:00,6550,6550,6550,6550,700
2022-06-13 11:12:00,6575,6575,6575,6575,4100
2022-06-13 11:13:00,6550,6550,6550,6550,11500
2022-06-13 11:14:00,6575,6550,6575,6575,3600
2022-06-13 11:15:00,6575,6575,6575,6575,6200
2022-06-13 11:16:00,6550,6550,6550,6550,27200
2022-06-13 11:17:00,6550,6550,6550,6550,1700
2022-06-13 11:18:00,6550,6550,6550,6550,0
2022-06-13 11:19:00,6550,6550,6550,6550,0
2022-06-13 11:20:00,6550,6550,6550,6550,600
2022-06-13 11:21:00,6575,6575,6575,6575,400
2022-06-13 11:22:00,6550,6550,6550,6550,100
2022-06-13 11:23:00,6550,6550,6550,6550,100
2022-06-13 11:24:00,6575,6575,6575,6575,100
2022-06-13 11:25:00,6575,6525,6575,6525,82800
2022-06-13 11:26:00,6525,6525,6550,6525,14100
2022-06-13 11:27:00,6525,6525,6550,6525,50700
2022-06-13 11:28:00,6525,6525,6550,6550,4200
2022-06-13 11:29:00,6550,6525,6550,6550,71900
2022-06-13 11:30:00,6550,6525,6550,6550,0
2022-06-13 11:31:00,6550,6525,6550,6550,0
2022-06-13 11:32:00,6550,6525,6550,6550,0
2022-06-13 11:33:00,6550,6525,6550,6550,0
2022-06-13 11:34:00,6550,6525,6550,6550,0
2022-06-13 11:35:00,6550,6525,6550,6550,0
2022-06-13 11:36:00,6550,6525,6550,6550,0
2022-06-13 11:37:00,6550,6525,6550,6550,0
2022-06-13 11:38:00,6550,6525,6550,6550,0
2022-06-13 11:39:00,6550,6525,6550,6550,0
2022-06-13 11:40:00,6550,6525,6550,6550,0
2022-06-13 11:41:00,6550,6525,6550,6550,0
2022-06-13 11:42:00,6550,6525,6550,6550,0
2022-06-13 11:43:00,6550,6525,6550,6550,0
2022-06-13 11:44:00,6550,6525,6550,6550,0
2022-06-13 11:45:00,6550,6525,6550,6550,0
2022-06-13 11:46:00,6550,6525,6550,6550,0
2022-06-13 11:47:00,6550,6525,6550,6550,0
2022-06-13 11:48:00,6550,6525,6550,6550,0
2022-06-13 11:49:00,6550,6525,6550,6550,0
2022-06-13 11:50:00,6550,6525,6550,6550,0
2022-06-13 11:51:00,6550,6525,6550,6550,0
2022-06-13 11:52:00,6550,6525,6550,6550,0
2022-06-13 11:53:00,6550,6525,6550,6550,0
2022-06-13 11:54:00,6550,6525,6550,6550,0
2022-06-13 11:55:00,6550,6525,6550,6550,0
2022-06-13 11:56:00,6550,6525,6550,6550,0
2022-06-13 11:57:00,6550,6525,6550,6550,0
2022-06-13 11:58:00,6550,6525,6550,6550,0
2022-06-13 11:59:00,6550,6525,6550,6550,0
2022-06-13 12:00:00,6550,6525,6550,6550,0
2022-06-13 12:01:00,6550,6525,6550,6550,0
2022-06-13 12:02:00,6550,6525,6550,6550,0
2022-06-13 12:03:00,6550,6525,6550,6550,0
2022-06-13 12:04:00,6550,6525,6550,6550,0
2022-06-13 12:05:00,6550,6525,6550,6550,0
2022-06-13 12:06:00,6550,6525,6550,6550,0
2022-06-13 12:07:00,6550,6525,6550,6550,0
2022-06-13 12:08:00,6550,6525,6550,6550,0
2022-06-13 12:09:00,6550,6525,6550,6550,0
2022-06-13 12:10:00,6550,6525,6550,6550,0
2022-06-13 12:11:00,6550,6525,6550,6550,0
2022-06-13 12:12:00,6550,6525,6550,6550,0
2022-06-13 12:13:00,6550,6525,6550,6550,0
2022-06-13 12:14:00,6550,6525,6550,6550,0
2022-06-13 12:15:00,6550,6525,6550,6550,0
2022-06-13 12:16:00,6550,6525,6550,6550,0
2022-06-13 12:17:00,6550,6525,6550,6550,0
2022-06-13 12:18:00,6550,6525,6550,6550,0
2022-06-13 12:19:00,6550,6525,6550,6550,0
2022-06-13 12:20:00,6550,6525,6550,6550,0
2022-06-13 12:21:00,6550,6525,6550,6550,0
2022-06-13 12:22:00,6550,6525,6550,6550,0
2022-06-13 12:23:00,6550,6525,6550,6550,0
2022-06-13 12:24:00,6550,6525,6550,6550,0
2022-06-13 12:25:00,6550,6525,6550,6550,0
2022-06-13 12:26:00,6550,6525,6550,6550,0
2022-06-13 12:27:00,6550,6525,6550,6550,0
2022-06-13 12:28:00,6550,6525,6550,6550,0
2022-06-13 12:29:00,6550,6525,6550,6550,0
2022-06-13 12:30:00,6550,6525,6550,6550,0
2022-06-13 12:31:00,6550,6525,6550,6550,0
2022-06-13 12:32:00,6550,6525,6550,6550,0
2022-06-13 12:33:00,6550,6525,6550,6550,0
2022-06-13 12:34:00,6550,6525,6550,6550,0
2022-06-13 12:35:00,6550,6525,6550,6550,0
2022-06-13 12:36:00,6550,6525,6550,6550,0
2022-06-13 12:37:00,6550,6525,6550,6550,0
2022-06-13 12:38:00,6550,6525,6550,6550,0
2022-06-13 12:39:00,6550,6525,6550,6550,0
2022-06-13 12:40:00,6550,6525,6550,6550,0
2022-06-13 12:41:00,6550,6525,6550,6550,0
2022-06-13 12:42:00,6550,6525,6550,6550,0
2022-06-13 12:43:00,6550,6525,6550,6550,0
2022-06-13 12:44:00,6550,6525,6550,6550,0
2022-06-13 12:45:00,6550,6525,6550,6550,0
2022-06-13 12:46:00,6550,6525,6550,6550,0
2022-06-13 12:47:00,6550,6525,6550,6550,0
2022-06-13 12:48:00,6550,6525,6550,6550,0
2022-06-13 12:49:00,6550,6525,6550,6550,0
2022-06-13 12:50:00,6550,6525,6550,6550,0
2022-06-13 12:51:00,6550,6525,6550,6550,0
2022-06-13 12:52:00,6550,6525,6550,6550,0
2022-06-13 12:53:00,6550,6525,6550,6550,0
2022-06-13 12:54:00,6550,6525,6550,6550,0
2022-06-13 12:55:00,6550,6525,6550,6550,0
2022-06-13 12:56:00,6550,6525,6550,6550,0
2022-06-13 12:57:00,6550,6525,6550,6550,0
2022-06-13 12:58:00,6550,6525,6550,6550,0
2022-06-13 12:59:00,6550,6525,6550,6550,0
2022-06-13 13:00:00,6550,6525,6550,6550,0
2022-06-13 13:01:00,6550,6525,6550,6550,0
2022-06-13 13:02:00,6550,6525,6550,6550,0
2022-06-13 13:03:00,6550,6525,6550,6550,0
2022-06-13 13:04:00,6550,6525,6550,6550,0
2022-06-13 13:05:00,6550,6525,6550,6550,0
2022-06-13 13:06:00,6550,6525,6550,6550,0
2022-06-13 13:07:00,6550,6525,6550,6550,0
2022-06-13 13:08:00,6550,6525,6550,6550,0
2022-06-13 13:09:00,6550,6525,6550,6550,0
2022-06-13 13:10:00,6550,6525,6550,6550,0
2022-06-13 13:11:00,6550,6525,6550,6550,0
2022-06-13 13:12:00,6550,6525,6550,6550,0
2022-06-13 13:13:00,6550,6525,6550,6550,0
2022-06-13 13:14:00,6550,6525,6550,6550,0
2022-06-13 13:15:00,6550,6525,6550,6550,0
2022-06-13 13:16:00,6550,6525,6550,6550,0
2022-06-13 13:17:00,6550,6525,6550,6550,0
2022-06-13 13:18:00,6550,6525,6550,6550,0
2022-06-13 13:19:00,6550,6525,6550,6550,0
2022-06-13 13:20:00,6550,6525,6550,6550,0
2022-06-13 13:21:00,6550,6525,6550,6550,0
2022-06-13 13:22:00,6550,6525,6550,6550,0
2022-06-13 13:23:00,6550,6525,6550,6550,0
2022-06-13 13:24:00,6550,6525,6550,6550,0
2022-06-13 13:25:00,6550,6525,6550,6550,0
2022-06-13 13:26:00,6550,6525,6550,6550,0
2022-06-13 13:27:00,6550,6525,6550,6550,0
2022-06-13 13:28:00,6550,6525,6550,6550,0
2022-06-13 13:29:00,6550,6525,6550,6550,0
2022-06-13 13:30:00,6550,6525,6575,6550,129700
2022-06-13 13:31:00,6550,6550,6550,6550,100
2022-06-13 13:32:00,6550,6525,6550,6525,3200
2022-06-13 13:33:00,6525,6525,6550,6550,13700
2022-06-13 13:34:00,6525,6525,6550,6550,6900
2022-06-13 13:35:00,6525,6525,6550,6525,9600
2022-06-13 13:36:00,6550,6525,6550,6525,6200
2022-06-13 13:37:00,6550,6525,6550,6525,0
2022-06-13 13:38:00,6550,6525,6550,6525,6500
2022-06-13 13:39:00,6550,6525,6550,6550,18900
2022-06-13 13:40:00,6550,6525,6550,6550,3700
2022-06-13 13:41:00,6550,6525,6550,6525,2800
2022-06-13 13:42:00,6525,6525,6525,6525,600
2022-06-13 13:43:00,6550,6550,6550,6550,4900
2022-06-13 13:44:00,6550,6525,6550,6550,47700
2022-06-13 13:45:00,6550,6525,6550,6550,0
2022-06-13 13:46:00,6550,6550,6550,6550,1500
2022-06-13 13:47:00,6550,6550,6550,6550,5100
2022-06-13 13:48:00,6575,6575,6575,6575,2300
2022-06-13 13:49:00,6575,6575,6575,6575,1300
2022-06-13 13:50:00,6575,6575,6575,6575,55600
2022-06-13 13:51:00,6575,6575,6575,6575,2100
2022-06-13 13:52:00,6600,6575,6600,6600,13600
2022-06-13 13:53:00,6600,6600,6600,6600,24000
2022-06-13 13:54:00,6600,6600,6600,6600,18600
2022-06-13 13:55:00,6600,6600,6600,6600,8200
2022-06-13 13:56:00,6600,6600,6625,6600,21200
2022-06-13 13:57:00,6600,6600,6625,6625,1900
2022-06-13 13:58:00,6625,6600,6625,6625,22300
2022-06-13 13:59:00,6625,6625,6650,6625,52400
2022-06-13 14:00:00,6625,6625,6650,6625,3300
2022-06-13 14:01:00,6625,6625,6625,6625,100
2022-06-13 14:02:00,6650,6625,6650,6625,4800
2022-06-13 14:03:00,6625,6625,6650,6650,3900
2022-06-13 14:04:00,6650,6650,6650,6650,200
2022-06-13 14:05:00,6650,6625,6650,6650,500
2022-06-13 14:06:00,6650,6650,6650,6650,800
2022-06-13 14:07:00,6650,6625,6650,6650,55300
2022-06-13 14:08:00,6675,6650,6675,6675,18900
2022-06-13 14:09:00,6675,6675,6675,6675,3100
2022-06-13 14:10:00,6675,6650,6675,6650,900
2022-06-13 14:11:00,6650,6650,6675,6650,68700
2022-06-13 14:12:00,6650,6600,6650,6625,111300
2022-06-13 14:13:00,6625,6625,6625,6625,18800
2022-06-13 14:14:00,6650,6650,6650,6650,6000
2022-06-13 14:15:00,6650,6650,6650,6650,1400
2022-06-13 14:16:00,6650,6650,6650,6650,3000
2022-06-13 14:17:00,6650,6650,6650,6650,8800
2022-06-13 14:18:00,6650,6625,6650,6625,10200
2022-06-13 14:19:00,6650,6650,6650,6650,1100
2022-06-13 14:20:00,6650,6625,6650,6625,23700
2022-06-13 14:21:00,6650,6625,6650,6625,0
2022-06-13 14:22:00,6650,6625,6650,6625,10400
2022-06-13 14:23:00,6625,6625,6650,6650,200
2022-06-13 14:24:00,6650,6650,6650,6650,1500
2022-06-13 14:25:00,6650,6650,6650,6650,1600
2022-06-13 14:26:00,6650,6650,6650,6650,1800
2022-06-13 14:27:00,6650,6650,6650,6650,200
2022-06-13 14:28:00,6625,6600,6625,6625,101100
2022-06-13 14:29:00,6625,6625,6625,6625,3600
2022-06-13 14:30:00,6650,6650,6650,6650,200
2022-06-13 14:31:00,6650,6625,6650,6625,6300
2022-06-13 14:32:00,6650,6650,6650,6650,200
2022-06-13 14:33:00,6625,6625,6650,6650,1300
2022-06-13 14:34:00,6650,6625,6650,6625,2600
2022-06-13 14:35:00,6650,6650,6650,6650,700
2022-06-13 14:36:00,6650,6650,6650,6650,400
2022-06-13 14:37:00,6650,6625,6650,6625,29800
2022-06-13 14:38:00,6625,6625,6650,6650,1700
2022-06-13 14:39:00,6650,6650,6650,6650,600
2022-06-13 14:40:00,6650,6625,6650,6625,18000
2022-06-13 14:41:00,6650,6650,6650,6650,7000
2022-06-13 14:42:00,6650,6650,6675,6675,21200
2022-06-13 14:43:00,6675,6650,6675,6675,16200
2022-06-13 14:44:00,6650,6650,6650,6650,50000
2022-06-13 14:45:00,6650,6625,6650,6650,5300
2022-06-13 14:46:00,6625,6625,6650,6625,1100
2022-06-13 14:47:00,6625,6625,6650,6625,117800
2022-06-13 14:48:00,6650,6625,6650,6650,23200
2022-06-13 14:49:00,6675,6650,6675,6650,55100
2022-06-13 14:50:00,6675,6650,6675,6650,0
2022-06-13 14:51:00,6675,6650,6675,6650,0
2022-06-13 14:52:00,6675,6650,6675,6650,0
2022-06-13 14:53:00,6675,6650,6675,6650,0
2022-06-13 14:54:00,6675,6650,6675,6650,0
2022-06-13 14:55:00,6675,6650,6675,6650,0
2022-06-13 14:56:00,6675,6650,6675,6650,0
2022-06-13 14:57:00,6675,6650,6675,6650,0
2022-06-13 14:58:00,6675,6650,6675,6650,0
2022-06-13 14:59:00,6675,6650,6675,6650,0
2022-06-13 15:00:00,6625,6625,6625,6625,158900
2022-06-13 15:01:00,6625,6625,6625,6625,4200
2022-06-13 15:02:00,6625,6625,6625,6625,6100
2022-06-13 15:03:00,6625,6625,6625,6625,800
2022-06-13 15:04:00,6625,6625,6625,6625,3600
2022-06-13 15:05:00,6625,6625,6625,6625,1500
2022-06-13 15:06:00,6625,6625,6625,6625,8500
2022-06-13 15:07:00,6625,6625,6625,6625,2600
2022-06-13 15:08:00,6625,6625,6625,6625,3500
2022-06-13 15:09:00,6625,6625,6625,6625,100
2022-06-13 15:10:00,6625,6625,6625,6625,200
2022-06-13 15:11:00,6625,6625,6625,6625,0
2022-06-13 15:12:00,6625,6625,6625,6625,8000
2022-06-13 15:13:00,6625,6625,6625,6625,0
2022-06-13 15:14:00,6625,6625,6625,6625,200
2022-06-13 15:15:00,6625,6625,6625,6625,0
2022-06-13 15:16:00,6625,6625,6625,6625,0
2022-06-13 15:17:00,6625,6625,6625,6625,0
2022-06-13 15:18:00,6625,6625,6625,6625,0
2022-06-13 15:19:00,6625,6625,6625,6625,0
2022-06-13 15:20:00,6625,6625,6625,6625,0
2022-06-13 15:21:00,6625,6625,6625,6625,0
2022-06-13 15:22:00,6625,6625,6625,6625,0
2022-06-13 15:23:00,6625,6625,6625,6625,0
2022-06-13 15:24:00,6625,6625,6625,6625,0
2022-06-13 15:25:00,6625,6625,6625,6625,0
2022-06-13 15:26:00,6625,6625,6625,6625,0
2022-06-13 15:27:00,6625,6625,6625,6625,0
2022-06-13 15:28:00,6625,6625,6625,6625,0
2022-06-13 15:29:00,6625,6625,6625,6625,0
2022-06-13 15:30:00,6625,6625,6625,6625,0
2022-06-13 15:31:00,6625,6625,6625,6625,0
2022-06-13 15:32:00,6625,6625,6625,6625,0
2022-06-13 15:33:00,6625,6625,6625,6625,0
2022-06-13 15:34:00,6625,6625,6625,6625,0
2022-06-13 15:35:00,6625,6625,6625,6625,0
2022-06-13 15:36:00,6625,6625,6625,6625,0
2022-06-13 15:37:00,6625,6625,6625,6625,0
2022-06-13 15:38:00,6625,6625,6625,6625,0
2022-06-13 15:39:00,6625,6625,6625,6625,0
2022-06-13 15:40:00,6625,6625,6625,6625,0
2022-06-13 15:41:00,6625,6625,6625,6625,0
2022-06-13 15:42:00,6625,6625,6625,6625,0
2022-06-13 15:43:00,6625,6625,6625,6625,0
2022-06-13 15:44:00,6625,6625,6625,6625,0
2022-06-13 15:45:00,6625,6625,6625,6625,0
2022-06-13 15:46:00,6625,6625,6625,6625,0
2022-06-13 15:47:00,6625,6625,6625,6625,0
2022-06-13 15:48:00,6625,6625,6625,6625,0
2022-06-13 15:49:00,6625,6625,6625,6625,0
2022-06-13 15:50:00,6625,6625,6625,6625,0
2022-06-13 15:51:00,6625,6625,6625,6625,0
2022-06-13 15:52:00,6625,6625,6625,6625,0
2022-06-13 15:53:00,6625,6625,6625,6625,0
2022-06-13 15:54:00,6625,6625,6625,6625,0
2022-06-13 15:55:00,6625,6625,6625,6625,0
2022-06-13 15:56:00,6625,6625,6625,6625,0
2022-06-13 15:57:00,6625,6625,6625,6625,0
2022-06-13 15:58:00,6625,6625,6625,6625,0
2022-06-13 15:59:00,6625,6625,6625,6625,0
2022-06-14 09:00:00,6575,6550,6575,6550,29600
2022-06-14 09:01:00,6525,6525,6550,6525,8800
2022-06-14 09:02:00,6525,6500,6550,6525,136200
2022-06-14 09:03:00,6550,6550,6600,6600,44200
2022-06-14 09:04:00,6600,6575,6600,6575,7500
2022-06-14 09:05:00,6575,6575,6600,6600,29400
2022-06-14 09:06:00,6625,6625,6650,6625,9700
2022-06-14 09:07:00,6625,6625,6625,6625,19900
2022-06-14 09:08:00,6625,6600,6625,6625,7800
2022-06-14 09:09:00,6625,6600,6625,6625,0
2022-06-14 09:10:00,6625,6600,6625,6600,58300
2022-06-14 09:11:00,6600,6600,6625,6625,17000
2022-06-14 09:12:00,6625,6600,6625,6600,4000
2022-06-14 09:13:00,6600,6600,6600,6600,200
2022-06-14 09:14:00,6600,6600,6625,6625,800
2022-06-14 09:15:00,6625,6600,6625,6625,12400
2022-06-14 09:16:00,6625,6625,6625,6625,6600
2022-06-14 09:17:00,6625,6625,6625,6625,900
2022-06-14 09:18:00,6625,6600,6625,6600,300
2022-06-14 09:19:00,6625,6625,6625,6625,22700
2022-06-14 09:20:00,6625,6600,6625,6625,34000
2022-06-14 09:21:00,6625,6625,6625,6625,4100
2022-06-14 09:22:00,6625,6625,6625,6625,10000
2022-06-14 09:23:00,6625,6625,6650,6625,18400
2022-06-14 09:24:00,6625,6625,6650,6625,10900
2022-06-14 09:25:00,6625,6625,6625,6625,5900
2022-06-14 09:26:00,6600,6600,6625,6600,32700
2022-06-14 09:27:00,6600,6600,6625,6600,1100
2022-06-14 09:28:00,6600,6600,6600,6600,200
2022-06-14 09:29:00,6600,6600,6600,6600,200
2022-06-14 09:30:00,6600,6600,6600,6600,10600
2022-06-14 09:31:00,6600,6600,6625,6600,1500
2022-06-14 09:32:00,6600,6600,6600,6600,400
2022-06-14 09:33:00,6600,6600,6600,6600,0
2022-06-14 09:34:00,6600,6600,6600,6600,700
2022-06-14 09:35:00,6600,6600,6600,6600,400
2022-06-14 09:36:00,6600,6600,6600,6600,11600
2022-06-14 09:37:00,6625,6600,6625,6600,1400
2022-06-14 09:38:00,6600,6600,6600,6600,400
2022-06-14 09:39:00,6600,6600,6600,6600,2700
2022-06-14 09:40:00,6600,6600,6625,6600,22500
2022-06-14 09:41:00,6600,6600,6625,6600,700
2022-06-14 09:42:00,6625,6600,6625,6600,400
2022-06-14 09:43:00,6600,6600,6625,6625,300
2022-06-14 09:44:00,6625,6600,6625,6600,25400
2022-06-14 09:45:00,6600,6600,6600,6600,10000
2022-06-14 09:46:00,6600,6600,6650,6650,77500
2022-06-14 09:47:00,6650,6625,6650,6650,75400
2022-06-14 09:48:00,6650,6650,6650,6650,2300
2022-06-14 09:49:00,6650,6625,6650,6650,24000
2022-06-14 09:50:00,6650,6625,6675,6625,1400
2022-06-14 09:51:00,6650,6625,6675,6625,0
2022-06-14 09:52:00,6650,6650,6650,6650,8300
2022-06-14 09:53:00,6650,6650,6650,6650,3100
2022-06-14 09:54:00,6650,6650,6650,6650,20500
2022-06-14 09:55:00,6625,6625,6650,6650,1600
2022-06-14 09:56:00,6625,6625,6650,6625,50200
2022-06-14 09:57:00,6600,6600,6625,6625,500
2022-06-14 09:58:00,6625,6625,6625,6625,2100
2022-06-14 09:59:00,6625,6625,6625,6625,1400
2022-06-14 10:00:00,6625,6625,6625,6625,100
2022-06-14 10:01:00,6625,6625,6625,6625,0
2022-06-14 10:02:00,6625,6600,6625,6600,46200
2022-06-14 10:03:00,6600,6600,6600,6600,200
2022-06-14 10:04:00,6600,6600,6600,6600,0
2022-06-14 10:05:00,6625,6600,6625,6600,1600
2022-06-14 10:06:00,6625,6600,6625,6600,0
2022-06-14 10:07:00,6625,6600,6625,6600,5300
2022-06-14 10:08:00,6600,6600,6625,6600,16600
2022-06-14 10:09:00,6600,6600,6600,6600,500
2022-06-14 10:10:00,6600,6600,6600,6600,0
2022-06-14 10:11:00,6600,6600,6600,6600,200
2022-06-14 10:12:00,6600,6600,6600,6600,0
2022-06-14 10:13:00,6625,6625,6625,6625,2000
2022-06-14 10:14:00,6600,6600,6625,6625,17200
2022-06-14 10:15:00,6625,6625,6625,6625,100
2022-06-14 10:16:00,6625,6625,6625,6625,0
2022-06-14 10:17:00,6625,6625,6625,6625,2400
2022-06-14 10:18:00,6625,6625,6625,6625,1200
2022-06-14 10:19:00,6625,6625,6625,6625,300
2022-06-14 10:20:00,6625,6625,6625,6625,200
2022-06-14 10:21:00,6625,6625,6625,6625,7100
2022-06-14 10:22:00,6625,6625,6625,6625,1100
2022-06-14 10:23:00,6625,6625,6625,6625,300
2022-06-14 10:24:00,6625,6625,6625,6625,0
2022-06-14 10:25:00,6625,6625,6625,6625,12200
2022-06-14 10:26:00,6625,6625,6625,6625,300
2022-06-14 10:27:00,6625,6625,6625,6625,300
2022-06-14 10:28:00,6625,6625,6625,6625,400
2022-06-14 10:29:00,6625,6625,6625,6625,200
2022-06-14 10:30:00,6625,6625,6625,6625,500
2022-06-14 10:31:00,6625,6625,6625,6625,1800
2022-06-14 10:32:00,6600,6600,6625,6625,400
2022-06-14 10:33:00,6600,6600,6600,6600,1600
2022-06-14 10:34:00,6600,6600,6600,6600,200
2022-06-14 10:35:00,6600,6600,6600,6600,2500
2022-06-14 10:36:00,6600,6600,6625,6600,1200
2022-06-14 10:37:00,6625,6600,6625,6600,500
2022-06-14 10:38:00,6625,6625,6625,6625,5500
2022-06-14 10:39:00,6625,6600,6625,6600,1000
2022-06-14 10:40:00,6600,6600,6600,6600,400
2022-06-14 10:41:00,6600,6600,6625,6625,300
2022-06-14 10:42:00,6600,6575,6600,6575,82700
2022-06-14 10:43:00,6575,6575,6575,6575,200
2022-06-14 10:44:00,6575,6575,6600,6600,300
2022-06-14 10:45:00,6575,6575,6575,6575,800
2022-06-14 10:46:00,6575,6575,6575,6575,700
2022-06-14 10:47:00,6575,6575,6575,6575,200
2022-06-14 10:48:00,6575,6550,6575,6550,93100
2022-06-14 10:49:00,6550,6550,6600,6550,500
2022-06-14 10:50:00,6550,6550,6550,6550,200
2022-06-14 10:51:00,6550,6550,6550,6550,1400
2022-06-14 10:52:00,6575,6550,6575,6575,2900
2022-06-14 10:53:00,6575,6550,6575,6550,106800
2022-06-14 10:54:00,6550,6525,6550,6550,14000
2022-06-14 10:55:00,6525,6525,6550,6550,400
2022-06-14 10:56:00,6550,6525,6550,6550,7600
2022-06-14 10:57:00,6550,6525,6550,6525,3400
2022-06-14 10:58:00,6525,6525,6525,6525,2300
2022-06-14 10:59:00,6525,6525,6525,6525,400
2022-06-14 11:00:00,6525,6525,6525,6525,12800
2022-06-14 11:01:00,6525,6525,6525,6525,300
2022-06-14 11:02:00,6525,6525,6525,6525,24200
2022-06-14 11:03:00,6525,6525,6550,6550,3100
2022-06-14 11:04:00,6525,6525,6550,6525,59300
2022-06-14 11:05:00,6525,6525,6525,6525,1300
2022-06-14 11:06:00,6525,6525,6525,6525,1800
2022-06-14 11:07:00,6525,6525,6525,6525,14300
2022-06-14 11:08:00,6550,6525,6550,6550,10800
2022-06-14 11:09:00,6525,6525,6525,6525,2700
2022-06-14 11:10:00,6525,6525,6550,6525,1300
2022-06-14 11:11:00,6525,6525,6550,6525,21900
2022-06-14 11:12:00,6525,6525,6525,6525,1000
2022-06-14 11:13:00,6525,6525,6550,6550,3300
2022-06-14 11:14:00,6550,6525,6550,6525,1300
2022-06-14 11:15:00,6550,6525,6550,6525,5000
2022-06-14 11:16:00,6525,6525,6525,6525,200
2022-06-14 11:17:00,6525,6525,6525,6525,26300
2022-06-14 11:18:00,6525,6525,6525,6525,100
2022-06-14 11:19:00,6550,6550,6550,6550,1200
2022-06-14 11:20:00,6525,6525,6525,6525,2100
2022-06-14 11:21:00,6525,6525,6525,6525,300
2022-06-14 11:22:00,6525,6525,6525,6525,0
2022-06-14 11:23:00,6550,6525,6550,6525,300
2022-06-14 11:24:00,6525,6525,6525,6525,1000
2022-06-14 11:25:00,6525,6525,6550,6550,400
2022-06-14 11:26:00,6525,6525,6550,6525,15200
2022-06-14 11:27:00,6525,6525,6525,6525,700
2022-06-14 11:28:00,6550,6525,6550,6525,2100
2022-06-14 11:29:00,6550,6525,6550,6525,0
2022-06-14 11:30:00,6550,6525,6550,6525,0
2022-06-14 11:31:00,6550,6525,6550,6525,0
2022-06-14 11:32:00,6550,6525,6550,6525,0
2022-06-14 11:33:00,6550,6525,6550,6525,0
2022-06-14 11:34:00,6550,6525,6550,6525,0
2022-06-14 11:35:00,6550,6525,6550,6525,0
2022-06-14 11:36:00,6550,6525,6550,6525,0
2022-06-14 11:37:00,6550,6525,6550,6525,0
2022-06-14 11:38:00,6550,6525,6550,6525,0
2022-06-14 11:39:00,6550,6525,6550,6525,0
2022-06-14 11:40:00,6550,6525,6550,6525,0
2022-06-14 11:41:00,6550,6525,6550,6525,0
2022-06-14 11:42:00,6550,6525,6550,6525,0
2022-06-14 11:43:00,6550,6525,6550,6525,0
2022-06-14 11:44:00,6550,6525,6550,6525,0
2022-06-14 11:45:00,6550,6525,6550,6525,0
2022-06-14 11:46:00,6550,6525,6550,6525,0
2022-06-14 11:47:00,6550,6525,6550,6525,0
2022-06-14 11:48:00,6550,6525,6550,6525,0
2022-06-14 11:49:00,6550,6525,6550,6525,0
2022-06-14 11:50:00,6550,6525,6550,6525,0
2022-06-14 11:51:00,6550,6525,6550,6525,0
2022-06-14 11:52:00,6550,6525,6550,6525,0
2022-06-14 11:53:00,6550,6525,6550,6525,0
2022-06-14 11:54:00,6550,6525,6550,6525,0
2022-06-14 11:55:00,6550,6525,6550,6525,0
2022-06-14 11:56:00,6550,6525,6550,6525,0
2022-06-14 11:57:00,6550,6525,6550,6525,0
2022-06-14 11:58:00,6550,6525,6550,6525,0
2022-06-14 11:59:00,6550,6525,6550,6525,0
2022-06-14 12:00:00,6550,6525,6550,6525,0
2022-06-14 12:01:00,6550,6525,6550,6525,0
2022-06-14 12:02:00,6550,6525,6550,6525,0
2022-06-14 12:03:00,6550,6525,6550,6525,0
2022-06-14 12:04:00,6550,6525,6550,6525,0
2022-06-14 12:05:00,6550,6525,6550,6525,0
2022-06-14 12:06:00,6550,6525,6550,6525,0
2022-06-14 12:07:00,6550,6525,6550,6525,0
2022-06-14 12:08:00,6550,6525,6550,6525,0
2022-06-14 12:09:00,6550,6525,6550,6525,0
2022-06-14 12:10:00,6550,6525,6550,6525,0
2022-06-14 12:11:00,6550,6525,6550,6525,0
2022-06-14 12:12:00,6550,6525,6550,6525,0
2022-06-14 12:13:00,6550,6525,6550,6525,0
2022-06-14 12:14:00,6550,6525,6550,6525,0
2022-06-14 12:15:00,6550,6525,6550,6525,0
2022-06-14 12:16:00,6550,6525,6550,6525,0
2022-06-14 12:17:00,6550,6525,6550,6525,0
2022-06-14 12:18:00,6550,6525,6550,6525,0
2022-06-14 12:19:00,6550,6525,6550,6525,0
2022-06-14 12:20:00,6550,6525,6550,6525,0
2022-06-14 12:21:00,6550,6525,6550,6525,0
2022-06-14 12:22:00,6550,6525,6550,6525,0
2022-06-14 12:23:00,6550,6525,6550,6525,0
2022-06-14 12:24:00,6550,6525,6550,6525,0
2022-06-14 12:25:00,6550,6525,6550,6525,0
2022-06-14 12:26:00,6550,6525,6550,6525,0
2022-06-14 12:27:00,6550,6525,6550,6525,0
2022-06-14 12:28:00,6550,6525,6550,6525,0
2022-06-14 12:29:00,6550,6525,6550,6525,0
2022-06-14 12:30:00,6550,6525,6550,6525,0
2022-06-14 12:31:00,6550,6525,6550,6525,0
2022-06-14 12:32:00,6550,6525,6550,6525,0
2022-06-14 12:33:00,6550,6525,6550,6525,0
2022-06-14 12:34:00,6550,6525,6550,6525,0
2022-06-14 12:35:00,6550,6525,6550,6525,0
2022-06-14 12:36:00,6550,6525,6550,6525,0
2022-06-14 12:37:00,6550,6525,6550,6525,0
2022-06-14 12:38:00,6550,6525,6550,6525,0
2022-06-14 12:39:00,6550,6525,6550,6525,0
2022-06-14 12:40:00,6550,6525,6550,6525,0
2022-06-14 12:41:00,6550,6525,6550,6525,0
2022-06-14 12:42:00,6550,6525,6550,6525,0
2022-06-14 12:43:00,6550,6525,6550,6525,0
2022-06-14 12:44:00,6550,6525,6550,6525,0
2022-06-14 12:45:00,6550,6525,6550,6525,0
2022-06-14 12:46:00,6550,6525,6550,6525,0
2022-06-14 12:47:00,6550,6525,6550,6525,0
2022-06-14 12:48:00,6550,6525,6550,6525,0
2022-06-14 12:49:00,6550,6525,6550,6525,0
2022-06-14 12:50:00,6550,6525,6550,6525,0
2022-06-14 12:51:00,6550,6525,6550,6525,0
2022-06-14 12:52:00,6550,6525,6550,6525,0
2022-06-14 12:53:00,6550,6525,6550,6525,0
2022-06-14 12:54:00,6550,6525,6550,6525,0
2022-06-14 12:55:00,6550,6525,6550,6525,0
2022-06-14 12:56:00,6550,6525,6550,6525,0
2022-06-14 12:57:00,6550,6525,6550,6525,0
2022-06-14 12:58:00,6550,6525,6550,6525,0
2022-06-14 12:59:00,6550,6525,6550,6525,0
2022-06-14 13:00:00,6550,6525,6550,6525,0
2022-06-14 13:01:00,6550,6525,6550,6525,0
2022-06-14 13:02:00,6550,6525,6550,6525,0
2022-06-14 13:03:00,6550,6525,6550,6525,0
2022-06-14 13:04:00,6550,6525,6550,6525,0
2022-06-14 13:05:00,6550,6525,6550,6525,0
2022-06-14 13:06:00,6550,6525,6550,6525,0
2022-06-14 13:07:00,6550,6525,6550,6525,0
2022-06-14 13:08:00,6550,6525,6550,6525,0
2022-06-14 13:09:00,6550,6525,6550,6525,0
2022-06-14 13:10:00,6550,6525,6550,6525,0
2022-06-14 13:11:00,6550,6525,6550,6525,0
2022-06-14 13:12:00,6550,6525,6550,6525,0
2022-06-14 13:13:00,6550,6525,6550,6525,0
2022-06-14 13:14:00,6550,6525,6550,6525,0
2022-06-14 13:15:00,6550,6525,6550,6525,0
2022-06-14 13:16:00,6550,6525,6550,6525,0
2022-06-14 13:17:00,6550,6525,6550,6525,0
2022-06-14 13:18:00,6550,6525,6550,6525,0
2022-06-14 13:19:00,6550,6525,6550,6525,0
2022-06-14 13:20:00,6550,6525,6550,6525,0
2022-06-14 13:21:00,6550,6525,6550,6525,0
2022-06-14 13:22:00,6550,6525,6550,6525,0
2022-06-14 13:23:00,6550,6525,6550,6525,0
2022-06-14 13:24:00,6550,6525,6550,6525,0
2022-06-14 13:25:00,6550,6525,6550,6525,0
2022-06-14 13:26:00,6550,6525,6550,6525,0
2022-06-14 13:27:00,6550,6525,6550,6525,0
2022-06-14 13:28:00,6550,6525,6550,6525,0
2022-06-14 13:29:00,6550,6525,6550,6525,0
2022-06-14 13:30:00,6550,6525,6550,6550,82100
2022-06-14 13:31:00,6550,6550,6575,6550,153200
2022-06-14 13:32:00,6550,6550,6575,6550,0
2022-06-14 13:33:00,6550,6550,6575,6550,0
2022-06-14 13:34:00,6550,6550,6575,6550,0
2022-06-14 13:35:00,6550,6550,6550,6550,200
2022-06-14 13:36:00,6550,6525,6550,6525,20300
2022-06-14 13:37:00,6550,6525,6550,6550,1300
2022-06-14 13:38:00,6525,6525,6550,6550,1800
2022-06-14 13:39:00,6525,6525,6550,6550,1200
2022-06-14 13:40:00,6550,6550,6550,6550,1000
2022-06-14 13:41:00,6550,6550,6550,6550,300
2022-06-14 13:42:00,6550,6550,6550,6550,5400
2022-06-14 13:43:00,6550,6550,6550,6550,1500
2022-06-14 13:44:00,6550,6550,6550,6550,0
2022-06-14 13:45:00,6550,6550,6550,6550,20000
2022-06-14 13:46:00,6550,6525,6550,6550,15100
2022-06-14 13:47:00,6550,6550,6550,6550,100
2022-06-14 13:48:00,6550,6525,6550,6525,1600
2022-06-14 13:49:00,6550,6550,6550,6550,11800
2022-06-14 13:50:00,6550,6550,6550,6550,300
2022-06-14 13:51:00,6525,6525,6525,6525,133600
2022-06-14 13:52:00,6525,6525,6550,6525,4200
2022-06-14 13:53:00,6525,6525,6525,6525,6600
2022-06-14 13:54:00,6525,6525,6550,6550,4100
2022-06-14 13:55:00,6525,6525,6550,6550,8700
2022-06-14 13:56:00,6550,6525,6550,6525,16800
2022-06-14 13:57:00,6525,6525,6525,6525,4800
2022-06-14 13:58:00,6525,6525,6550,6525,2800
2022-06-14 13:59:00,6525,6525,6550,6550,56900
2022-06-14 14:00:00,6525,6525,6550,6550,7700
2022-06-14 14:01:00,6550,6550,6550,6550,22400
2022-06-14 14:02:00,6550,6550,6550,6550,1800
2022-06-14 14:03:00,6525,6525,6550,6550,59600
2022-06-14 14:04:00,6550,6550,6550,6550,1200
2022-06-14 14:05:00,6550,6525,6550,6550,24200
2022-06-14 14:06:00,6525,6525,6525,6525,7100
2022-06-14 14:07:00,6525,6525,6525,6525,0
2022-06-14 14:08:00,6550,6525,6550,6550,5800
2022-06-14 14:09:00,6550,6550,6550,6550,200
2022-06-14 14:10:00,6550,6550,6550,6550,300
2022-06-14 14:11:00,6525,6525,6525,6525,5300
2022-06-14 14:12:00,6525,6525,6550,6550,50100
2022-06-14 14:13:00,6525,6525,6550,6525,59300
2022-06-14 14:14:00,6525,6525,6550,6550,11700
2022-06-14 14:15:00,6525,6525,6525,6525,5100
2022-06-14 14:16:00,6550,6525,6550,6550,4500
2022-06-14 14:17:00,6525,6525,6550,6525,60700
2022-06-14 14:18:00,6525,6525,6525,6525,1300
2022-06-14 14:19:00,6525,6525,6550,6550,6800
2022-06-14 14:20:00,6550,6525,6550,6550,6400
2022-06-14 14:21:00,6550,6550,6550,6550,500
2022-06-14 14:22:00,6525,6525,6550,6525,23600
2022-06-14 14:23:00,6525,6525,6525,6525,5600
2022-06-14 14:24:00,6525,6525,6525,6525,8200
2022-06-14 14:25:00,6550,6550,6550,6550,3300
2022-06-14 14:26:00,6525,6525,6550,6525,12100
2022-06-14 14:27:00,6525,6525,6525,6525,9200
2022-06-14 14:28:00,6525,6525,6550,6550,72200
2022-06-14 14:29:00,6550,6525,6550,6525,10900
2022-06-14 14:30:00,6550,6525,6550,6550,25700
2022-06-14 14:31:00,6550,6550,6550,6550,2300
2022-06-14 14:32:00,6550,6550,6550,6550,21900
2022-06-14 14:33:00,6550,6550,6550,6550,200
2022-06-14 14:34:00,6550,6550,6550,6550,800
2022-06-14 14:35:00,6550,6525,6550,6550,142500
2022-06-14 14:36:00,6525,6525,6550,6550,7800
2022-06-14 14:37:00,6550,6525,6550,6550,8400
2022-06-14 14:38:00,6525,6525,6550,6550,8600
2022-06-14 14:39:00,6550,6550,6550,6550,1500
2022-06-14 14:40:00,6525,6525,6550,6525,4300
2022-06-14 14:41:00,6525,6525,6525,6525,28400
2022-06-14 14:42:00,6525,6525,6550,6550,200
2022-06-14 14:43:00,6550,6550,6550,6550,12300
2022-06-14 14:44:00,6550,6525,6550,6525,22000
2022-06-14 14:45:00,6550,6525,6550,6525,1500
2022-06-14 14:46:00,6550,6525,6550,6550,10400
2022-06-14 14:47:00,6525,6525,6550,6550,2000
2022-06-14 14:48:00,6550,6550,6550,6550,15100
2022-06-14 14:49:00,6550,6550,6575,6575,900
2022-06-14 14:50:00,6550,6550,6575,6575,0
2022-06-14 14:51:00,6550,6550,6575,6575,0
2022-06-14 14:52:00,6550,6550,6575,6575,0
2022-06-14 14:53:00,6550,6550,6575,6575,0
2022-06-14 14:54:00,6550,6550,6575,6575,0
2022-06-14 14:55:00,6550,6550,6575,6575,0
2022-06-14 14:56:00,6550,6550,6575,6575,0
2022-06-14 14:57:00,6550,6550,6575,6575,0
2022-06-14 14:58:00,6550,6550,6575,6575,0
2022-06-14 14:59:00,6550,6550,6575,6575,0
2022-06-14 15:00:00,6550,6550,6550,6550,63400
2022-06-14 15:01:00,6550,6550,6550,6550,12600
2022-06-14 15:02:00,6550,6550,6550,6550,42500
2022-06-14 15:03:00,6550,6550,6550,6550,700
2022-06-14 15:04:00,6550,6550,6550,6550,5400
2022-06-14 15:05:00,6550,6550,6550,6550,8000
2022-06-14 15:06:00,6550,6550,6550,6550,1400
2022-06-14 15:07:00,6550,6550,6550,6550,0
2022-06-14 15:08:00,6550,6550,6550,6550,11500
2022-06-14 15:09:00,6550,6550,6550,6550,0
2022-06-14 15:10:00,6550,6550,6550,6550,200
2022-06-14 15:11:00,6550,6550,6550,6550,3111300
2022-06-14 15:12:00,6550,6550,6550,6550,0
2022-06-14 15:13:00,6550,6550,6550,6550,0
2022-06-14 15:14:00,6550,6550,6550,6550,0
2022-06-14 15:15:00,6550,6550,6550,6550,0
2022-06-14 15:16:00,6550,6550,6550,6550,0
2022-06-14 15:17:00,6550,6550,6550,6550,0
2022-06-14 15:18:00,6550,6550,6550,6550,0
2022-06-14 15:19:00,6550,6550,6550,6550,0
2022-06-14 15:20:00,6550,6550,6550,6550,0
2022-06-14 15:21:00,6550,6550,6550,6550,0
2022-06-14 15:22:00,6550,6550,6550,6550,0
2022-06-14 15:23:00,6550,6550,6550,6550,0
2022-06-14 15:24:00,6550,6550,6550,6550,0
2022-06-14 15:25:00,6550,6550,6550,6550,0
2022-06-14 15:26:00,6550,6550,6550,6550,0
2022-06-14 15:27:00,6550,6550,6550,6550,0
2022-06-14 15:28:00,6550,6550,6550,6550,0
2022-06-14 15:29:00,6550,6550,6550,6550,0
2022-06-14 15:30:00,6550,6550,6550,6550,0
2022-06-14 15:31:00,6550,6550,6550,6550,0
2022-06-14 15:32:00,6550,6550,6550,6550,0
2022-06-14 15:33:00,6550,6550,6550,6550,0
2022-06-14 15:34:00,6550,6550,6550,6550,0
2022-06-14 15:35:00,6550,6550,6550,6550,0
2022-06-14 15:36:00,6550,6550,6550,6550,0
2022-06-14 15:37:00,6550,6550,6550,6550,0
2022-06-14 15:38:00,6550,6550,6550,6550,0
2022-06-14 15:39:00,6550,6550,6550,6550,0
2022-06-14 15:40:00,6550,6550,6550,6550,0
2022-06-14 15:41:00,6550,6550,6550,6550,0
2022-06-14 15:42:00,6550,6550,6550,6550,0
2022-06-14 15:43:00,6550,6550,6550,6550,0
2022-06-14 15:44:00,6550,6550,6550,6550,0
2022-06-14 15:45:00,6550,6550,6550,6550,0
2022-06-14 15:46:00,6550,6550,6550,6550,0
2022-06-14 15:47:00,6550,6550,6550,6550,0
2022-06-14 15:48:00,6550,6550,6550,6550,0
2022-06-14 15:49:00,6550,6550,6550,6550,0
2022-06-14 15:50:00,6550,6550,6550,6550,0
2022-06-14 15:51:00,6550,6550,6550,6550,0
2022-06-14 15:52:00,6550,6550,6550,6550,0
2022-06-14 15:53:00,6550,6550,6550,6550,0
2022-06-14 15:54:00,6550,6550,6550,6550,0
2022-06-14 15:55:00,6550,6550,6550,6550,0
2022-06-14 15:56:00,6550,6550,6550,6550,0
2022-06-14 15:57:00,6550,6550,6550,6550,0
2022-06-14 15:58:00,6550,6550,6550,6550,0
2022-06-14 15:59:00,6550,6550,6550,6550,0
2022-06-15 09:00:00,6575,6550,6600,6600,5700
2022-06-15 09:01:00,6575,6575,6600,6600,5600
2022-06-15 09:02:00,6600,6600,6600,6600,1700
2022-06-15 09:03:00,6575,6575,6600,6600,3800
2022-06-15 09:04:00,6600,6600,6600,6600,5700
2022-06-15 09:05:00,6625,6625,6625,6625,50200
2022-06-15 09:06:00,6600,6600,6600,6600,1100
2022-06-15 09:07:00,6600,6600,6625,6625,1900
2022-06-15 09:08:00,6600,6600,6600,6600,8500
2022-06-15 09:09:00,6600,6575,6600,6575,23700
2022-06-15 09:10:00,6575,6575,6575,6575,100
2022-06-15 09:11:00,6575,6575,6575,6575,2200
2022-06-15 09:12:00,6600,6600,6600,6600,4000
2022-06-15 09:13:00,6600,6600,6600,6600,25900
2022-06-15 09:14:00,6575,6575,6600,6600,2400
2022-06-15 09:15:00,6600,6600,6600,6600,3000
2022-06-15 09:16:00,6600,6600,6600,6600,1500
2022-06-15 09:17:00,6600,6600,6600,6600,1100
2022-06-15 09:18:00,6600,6600,6600,6600,200
2022-06-15 09:19:00,6600,6600,6600,6600,400
2022-06-15 09:20:00,6600,6575,6600,6600,14700
2022-06-15 09:21:00,6600,6575,6600,6575,7700
2022-06-15 09:22:00,6575,6550,6600,6550,7300
2022-06-15 09:23:00,6575,6550,6575,6550,600
2022-06-15 09:24:00,6575,6550,6575,6550,0
2022-06-15 09:25:00,6575,6575,6575,6575,12000
2022-06-15 09:26:00,6575,6550,6575,6550,5800
2022-06-15 09:27:00,6550,6550,6550,6550,2400
2022-06-15 09:28:00,6550,6550,6550,6550,50100
2022-06-15 09:29:00,6550,6550,6575,6550,1900
2022-06-15 09:30:00,6550,6550,6550,6550,200
2022-06-15 09:31:00,6550,6550,6550,6550,95900
2022-06-15 09:32:00,6550,6525,6550,6550,2300
2022-06-15 09:33:00,6550,6550,6550,6550,42300
2022-06-15 09:34:00,6550,6550,6550,6550,2300
2022-06-15 09:35:00,6550,6550,6575,6550,16200
2022-06-15 09:36:00,6550,6550,6550,6550,21300
2022-06-15 09:37:00,6550,6525,6550,6525,6300
2022-06-15 09:38:00,6550,6550,6550,6550,100
2022-06-15 09:39:00,6550,6525,6550,6525,26000
2022-06-15 09:40:00,6550,6550,6550,6550,400
2022-06-15 09:41:00,6550,6525,6550,6550,25700
2022-06-15 09:42:00,6550,6550,6550,6550,200
2022-06-15 09:43:00,6550,6525,6550,6525,300
2022-06-15 09:44:00,6550,6550,6550,6550,100
2022-06-15 09:45:00,6550,6550,6550,6550,800
2022-06-15 09:46:00,6550,6550,6550,6550,3400
2022-06-15 09:47:00,6550,6550,6550,6550,100
2022-06-15 09:48:00,6550,6550,6550,6550,2000
2022-06-15 09:49:00,6550,6550,6550,6550,300
2022-06-15 09:50:00,6550,6550,6550,6550,0
2022-06-15 09:51:00,6525,6525,6525,6525,4600
2022-06-15 09:52:00,6550,6550,6550,6550,100
2022-06-15 09:53:00,6550,6550,6550,6550,6300
2022-06-15 09:54:00,6525,6525,6525,6525,10000
2022-06-15 09:55:00,6525,6525,6525,6525,0
2022-06-15 09:56:00,6550,6550,6550,6550,1300
2022-06-15 09:57:00,6525,6525,6525,6525,32400
2022-06-15 09:58:00,6550,6525,6550,6525,17500
2022-06-15 09:59:00,6525,6525,6550,6525,4700
2022-06-15 10:00:00,6525,6525,6525,6525,35100
2022-06-15 10:01:00,6550,6500,6550,6500,147200
2022-06-15 10:02:00,6500,6500,6525,6525,25000
2022-06-15 10:03:00,6525,6525,6525,6525,1600
2022-06-15 10:04:00,6525,6525,6525,6525,25800
2022-06-15 10:05:00,6525,6525,6525,6525,500
2022-06-15 10:06:00,6525,6500,6525,6500,100600
2022-06-15 10:07:00,6525,6500,6525,6525,61800
2022-06-15 10:08:00,6500,6500,6500,6500,200
2022-06-15 10:09:00,6500,6500,6525,6525,6200
2022-06-15 10:10:00,6500,6500,6525,6500,17300
2022-06-15 10:11:00,6500,6500,6500,6500,700
2022-06-15 10:12:00,6500,6500,6525,6500,147500
2022-06-15 10:13:00,6500,6500,6525,6525,2100
2022-06-15 10:14:00,6500,6500,6525,6525,1200
2022-06-15 10:15:00,6525,6500,6525,6500,15400
2022-06-15 10:16:00,6525,6525,6525,6525,600
2022-06-15 10:17:00,6525,6525,6525,6525,1000
2022-06-15 10:18:00,6525,6500,6525,6500,23700
2022-06-15 10:19:00,6525,6525,6525,6525,45700
2022-06-15 10:20:00,6525,6525,6525,6525,0
2022-06-15 10:21:00,6525,6525,6525,6525,300
2022-06-15 10:22:00,6525,6525,6525,6525,13500
2022-06-15 10:23:00,6525,6500,6525,6500,46500
2022-06-15 10:24:00,6500,6500,6500,6500,2000
2022-06-15 10:25:00,6500,6500,6500,6500,1000
2022-06-15 10:26:00,6500,6500,6525,6525,3100
2022-06-15 10:27:00,6525,6525,6525,6525,600
2022-06-15 10:28:00,6500,6500,6500,6500,800
2022-06-15 10:29:00,6525,6525,6525,6525,10900
2022-06-15 10:30:00,6525,6500,6525,6500,600
2022-06-15 10:31:00,6500,6500,6500,6500,1200
2022-06-15 10:32:00,6525,6525,6525,6525,2500
2022-06-15 10:33:00,6525,6525,6525,6525,100
2022-06-15 10:34:00,6500,6500,6500,6500,1110700
2022-06-15 10:35:00,6500,6475,6500,6475,164900
2022-06-15 10:36:00,6475,6475,6475,6475,3300
2022-06-15 10:37:00,6450,6450,6450,6450,6200
2022-06-15 10:38:00,6450,6450,6450,6450,5100
2022-06-15 10:39:00,6450,6450,6450,6450,5200
2022-06-15 10:40:00,6475,6475,6475,6475,1400
2022-06-15 10:41:00,6475,6450,6475,6450,42400
2022-06-15 10:42:00,6475,6475,6475,6475,25100
2022-06-15 10:43:00,6475,6450,6475,6475,21900
2022-06-15 10:44:00,6475,6475,6475,6475,12100
2022-06-15 10:45:00,6475,6475,6500,6475,4300
2022-06-15 10:46:00,6475,6475,6475,6475,15700
2022-06-15 10:47:00,6475,6475,6475,6475,2500
2022-06-15 10:48:00,6475,6475,6475,6475,4200
2022-06-15 10:49:00,6475,6475,6475,6475,9200
2022-06-15 10:50:00,6475,6475,6475,6475,1000
2022-06-15 10:51:00,6475,6475,6475,6475,31800
2022-06-15 10:52:00,6475,6450,6475,6450,3200
2022-06-15 10:53:00,6450,6450,6450,6450,9100
2022-06-15 10:54:00,6475,6450,6475,6450,300
2022-06-15 10:55:00,6450,6450,6450,6450,2000
2022-06-15 10:56:00,6450,6450,6450,6450,4700
2022-06-15 10:57:00,6475,6475,6475,6475,1300
2022-06-15 10:58:00,6450,6450,6475,6475,1000
2022-06-15 10:59:00,6450,6450,6475,6475,0
2022-06-15 11:00:00,6475,6450,6475,6475,75300
2022-06-15 11:01:00,6475,6475,6500,6500,43200
2022-06-15 11:02:00,6500,6500,6525,6525,6500
2022-06-15 11:03:00,6525,6500,6525,6525,2300
2022-06-15 11:04:00,6525,6525,6525,6525,100
2022-06-15 11:05:00,6525,6500,6525,6500,900
2022-06-15 11:06:00,6525,6500,6525,6500,0
2022-06-15 11:07:00,6500,6500,6500,6500,100
2022-06-15 11:08:00,6500,6500,6500,6500,0
2022-06-15 11:09:00,6500,6500,6500,6500,14600
2022-06-15 11:10:00,6500,6500,6500,6500,0
2022-06-15 11:11:00,6500,6500,6500,6500,1700
2022-06-15 11:12:00,6500,6500,6500,6500,5000
2022-06-15 11:13:00,6500,6500,6500,6500,0
2022-06-15 11:14:00,6500,6500,6500,6500,2900
2022-06-15 11:15:00,6525,6500,6525,6500,1200
2022-06-15 11:16:00,6525,6525,6525,6525,2000
2022-06-15 11:17:00,6500,6500,6500,6500,400
2022-06-15 11:18:00,6500,6500,6500,6500,400
2022-06-15 11:19:00,6500,6500,6500,6500,0
2022-06-15 11:20:00,6500,6500,6500,6500,7700
2022-06-15 11:21:00,6500,6500,6500,6500,0
2022-06-15 11:22:00,6500,6500,6500,6500,2000
2022-06-15 11:23:00,6500,6500,6500,6500,200
2022-06-15 11:24:00,6500,6500,6500,6500,1300
2022-06-15 11:25:00,6500,6500,6500,6500,600
2022-06-15 11:26:00,6525,6525,6525,6525,500
2022-06-15 11:27:00,6500,6500,6500,6500,19700
2022-06-15 11:28:00,6500,6475,6500,6475,9600
2022-06-15 11:29:00,6475,6475,6500,6475,800
2022-06-15 11:30:00,6475,6475,6500,6475,0
2022-06-15 11:31:00,6475,6475,6500,6475,0
2022-06-15 11:32:00,6475,6475,6500,6475,0
2022-06-15 11:33:00,6475,6475,6500,6475,0
2022-06-15 11:34:00,6475,6475,6500,6475,0
2022-06-15 11:35:00,6475,6475,6500,6475,0
2022-06-15 11:36:00,6475,6475,6500,6475,0
2022-06-15 11:37:00,6475,6475,6500,6475,0
2022-06-15 11:38:00,6475,6475,6500,6475,0
2022-06-15 11:39:00,6475,6475,6500,6475,0
2022-06-15 11:40:00,6475,6475,6500,6475,0
2022-06-15 11:41:00,6475,6475,6500,6475,0
2022-06-15 11:42:00,6475,6475,6500,6475,0
2022-06-15 11:43:00,6475,6475,6500,6475,0
2022-06-15 11:44:00,6475,6475,6500,6475,0
2022-06-15 11:45:00,6475,6475,6500,6475,0
2022-06-15 11:46:00,6475,6475,6500,6475,0
2022-06-15 11:47:00,6475,6475,6500,6475,0
2022-06-15 11:48:00,6475,6475,6500,6475,0
2022-06-15 11:49:00,6475,6475,6500,6475,0
2022-06-15 11:50:00,6475,6475,6500,6475,0
2022-06-15 11:51:00,6475,6475,6500,6475,0
2022-06-15 11:52:00,6475,6475,6500,6475,0
2022-06-15 11:53:00,6475,6475,6500,6475,0
2022-06-15 11:54:00,6475,6475,6500,6475,0
2022-06-15 11:55:00,6475,6475,6500,6475,0
2022-06-15 11:56:00,6475,6475,6500,6475,0
2022-06-15 11:57:00,6475,6475,6500,6475,0
2022-06-15 11:58:00,6475,6475,6500,6475,0
2022-06-15 11:59:00,6475,6475,6500,6475,0
2022-06-15 12:00:00,6475,6475,6500,6475,0
2022-06-15 12:01:00,6475,6475,6500,6475,0
2022-06-15 12:02:00,6475,6475,6500,6475,0
2022-06-15 12:03:00,6475,6475,6500,6475,0
2022-06-15 12:04:00,6475,6475,6500,6475,0
2022-06-15 12:05:00,6475,6475,6500,6475,0
2022-06-15 12:06:00,6475,6475,6500,6475,0
2022-06-15 12:07:00,6475,6475,6500,6475,0
2022-06-15 12:08:00,6475,6475,6500,6475,0
2022-06-15 12:09:00,6475,6475,6500,6475,0
2022-06-15 12:10:00,6475,6475,6500,6475,0
2022-06-15 12:11:00,6475,6475,6500,6475,0
2022-06-15 12:12:00,6475,6475,6500,6475,0
2022-06-15 12:13:00,6475,6475,6500,6475,0
2022-06-15 12:14:00,6475,6475,6500,6475,0
2022-06-15 12:15:00,6475,6475,6500,6475,0
2022-06-15 12:16:00,6475,6475,6500,6475,0
2022-06-15 12:17:00,6475,6475,6500,6475,0
2022-06-15 12:18:00,6475,6475,6500,6475,0
2022-06-15 12:19:00,6475,6475,6500,6475,0
2022-06-15 12:20:00,6475,6475,6500,6475,0
2022-06-15 12:21:00,6475,6475,6500,6475,0
2022-06-15 12:22:00,6475,6475,6500,6475,0
2022-06-15 12:23:00,6475,6475,6500,6475,0
2022-06-15 12:24:00,6475,6475,6500,6475,0
2022-06-15 12:25:00,6475,6475,6500,6475,0
2022-06-15 12:26:00,6475,6475,6500,6475,0
2022-06-15 12:27:00,6475,6475,6500,6475,0
2022-06-15 12:28:00,6475,6475,6500,6475,0
2022-06-15 12:29:00,6475,6475,6500,6475,0
2022-06-15 12:30:00,6475,6475,6500,6475,0
2022-06-15 12:31:00,6475,6475,6500,6475,0
2022-06-15 12:32:00,6475,6475,6500,6475,0
2022-06-15 12:33:00,6475,6475,6500,6475,0
2022-06-15 12:34:00,6475,6475,6500,6475,0
2022-06-15 12:35:00,6475,6475,6500,6475,0
2022-06-15 12:36:00,6475,6475,6500,6475,0
2022-06-15 12:37:00,6475,6475,6500,6475,0
2022-06-15 12:38:00,6475,6475,6500,6475,0
2022-06-15 12:39:00,6475,6475,6500,6475,0
2022-06-15 12:40:00,6475,6475,6500,6475,0
2022-06-15 12:41:00,6475,6475,6500,6475,0
2022-06-15 12:42:00,6475,6475,6500,6475,0
2022-06-15 12:43:00,6475,6475,6500,6475,0
2022-06-15 12:44:00,6475,6475,6500,6475,0
2022-06-15 12:45:00,6475,6475,6500,6475,0
2022-06-15 12:46:00,6475,6475,6500,6475,0
2022-06-15 12:47:00,6475,6475,6500,6475,0
2022-06-15 12:48:00,6475,6475,6500,6475,0
2022-06-15 12:49:00,6475,6475,6500,6475,0
2022-06-15 12:50:00,6475,6475,6500,6475,0
2022-06-15 12:51:00,6475,6475,6500,6475,0
2022-06-15 12:52:00,6475,6475,6500,6475,0
2022-06-15 12:53:00,6475,6475,6500,6475,0
2022-06-15 12:54:00,6475,6475,6500,6475,0
2022-06-15 12:55:00,6475,6475,6500,6475,0
2022-06-15 12:56:00,6475,6475,6500,6475,0
2022-06-15 12:57:00,6475,6475,6500,6475,0
2022-06-15 12:58:00,6475,6475,6500,6475,0
2022-06-15 12:59:00,6475,6475,6500,6475,0
2022-06-15 13:00:00,6475,6475,6500,6475,0
2022-06-15 13:01:00,6475,6475,6500,6475,0
2022-06-15 13:02:00,6475,6475,6500,6475,0
2022-06-15 13:03:00,6475,6475,6500,6475,0
2022-06-15 13:04:00,6475,6475,6500,6475,0
2022-06-15 13:05:00,6475,6475,6500,6475,0
2022-06-15 13:06:00,6475,6475,6500,6475,0
2022-06-15 13:07:00,6475,6475,6500,6475,0
2022-06-15 13:08:00,6475,6475,6500,6475,0
2022-06-15 13:09:00,6475,6475,6500,6475,0
2022-06-15 13:10:00,6475,6475,6500,6475,0
2022-06-15 13:11:00,6475,6475,6500,6475,0
2022-06-15 13:12:00,6475,6475,6500,6475,0
2022-06-15 13:13:00,6475,6475,6500,6475,0
2022-06-15 13:14:00,6475,6475,6500,6475,0
2022-06-15 13:15:00,6475,6475,6500,6475,0
2022-06-15 13:16:00,6475,6475,6500,6475,0
2022-06-15 13:17:00,6475,6475,6500,6475,0
2022-06-15 13:18:00,6475,6475,6500,6475,0
2022-06-15 13:19:00,6475,6475,6500,6475,0
2022-06-15 13:20:00,6475,6475,6500,6475,0
2022-06-15 13:21:00,6475,6475,6500,6475,0
2022-06-15 13:22:00,6475,6475,6500,6475,0
2022-06-15 13:23:00,6475,6475,6500,6475,0
2022-06-15 13:24:00,6475,6475,6500,6475,0
2022-06-15 13:25:00,6475,6475,6500,6475,0
2022-06-15 13:26:00,6475,6475,6500,6475,0
2022-06-15 13:27:00,6475,6475,6500,6475,0
2022-06-15 13:28:00,6475,6475,6500,6475,0
2022-06-15 13:29:00,6475,6475,6500,6475,0
2022-06-15 13:30:00,6475,6450,6475,6475,50800
2022-06-15 13:31:00,6475,6450,6475,6475,0
2022-06-15 13:32:00,6475,6450,6475,6475,0
2022-06-15 13:33:00,6450,6450,6450,6450,300
2022-06-15 13:34:00,6450,6450,6450,6450,1700
2022-06-15 13:35:00,6475,6475,6475,6475,200
2022-06-15 13:36:00,6475,6450,6475,6450,1600
2022-06-15 13:37:00,6475,6475,6475,6475,2000
2022-06-15 13:38:00,6475,6450,6475,6450,1600
2022-06-15 13:39:00,6450,6450,6450,6450,1100
2022-06-15 13:40:00,6450,6450,6475,6450,4900
2022-06-15 13:41:00,6475,6450,6475,6450,3800
2022-06-15 13:42:00,6450,6450,6475,6475,9000
2022-06-15 13:43:00,6475,6450,6475,6450,2100
2022-06-15 13:44:00,6450,6450,6475,6475,1300
2022-06-15 13:45:00,6475,6450,6475,6450,500
2022-06-15 13:46:00,6475,6450,6475,6450,400
2022-06-15 13:47:00,6450,6450,6450,6450,1000
2022-06-15 13:48:00,6450,6450,6450,6450,500
2022-06-15 13:49:00,6450,6450,6450,6450,900
2022-06-15 13:50:00,6450,6450,6450,6450,12800
2022-06-15 13:51:00,6450,6450,6450,6450,0
2022-06-15 13:52:00,6450,6450,6450,6450,46500
2022-06-15 13:53:00,6450,6450,6450,6450,13200
2022-06-15 13:54:00,6450,6450,6450,6450,5400
2022-06-15 13:55:00,6475,6450,6475,6475,1800
2022-06-15 13:56:00,6475,6475,6475,6475,2000
2022-06-15 13:57:00,6450,6450,6450,6450,2400
2022-06-15 13:58:00,6450,6450,6475,6450,6400
2022-06-15 13:59:00,6475,6450,6475,6450,3400
2022-06-15 14:00:00,6450,6450,6475,6475,2700
2022-06-15 14:01:00,6450,6450,6475,6450,126900
2022-06-15 14:02:00,6450,6450,6475,6450,0
2022-06-15 14:03:00,6450,6425,6475,6425,180400
2022-06-15 14:04:00,6450,6425,6450,6450,4800
2022-06-15 14:05:00,6425,6425,6450,6450,700
2022-06-15 14:06:00,6425,6425,6450,6450,34300
2022-06-15 14:07:00,6425,6425,6450,6425,32900
2022-06-15 14:08:00,6425,6425,6450,6425,3600
2022-06-15 14:09:00,6450,6425,6450,6425,31900
2022-06-15 14:10:00,6450,6450,6450,6450,100
2022-06-15 14:11:00,6425,6425,6425,6425,52700
2022-06-15 14:12:00,6425,6425,6425,6425,16500
2022-06-15 14:13:00,6425,6400,6425,6425,270200
2022-06-15 14:14:00,6425,6425,6425,6425,28700
2022-06-15 14:15:00,6425,6425,6425,6425,1500
2022-06-15 14:16:00,6425,6425,6425,6425,32400
2022-06-15 14:17:00,6450,6425,6450,6425,300
2022-06-15 14:18:00,6425,6425,6425,6425,700
2022-06-15 14:19:00,6425,6425,6425,6425,0
2022-06-15 14:20:00,6425,6425,6450,6450,3000
2022-06-15 14:21:00,6425,6425,6450,6450,41400
2022-06-15 14:22:00,6425,6425,6425,6425,2500
2022-06-15 14:23:00,6450,6425,6450,6425,200
2022-06-15 14:24:00,6450,6450,6450,6450,700
2022-06-15 14:25:00,6425,6425,6450,6450,2100
2022-06-15 14:26:00,6450,6450,6450,6450,2200
2022-06-15 14:27:00,6450,6450,6450,6450,1000
2022-06-15 14:28:00,6450,6425,6450,6425,3200
2022-06-15 14:29:00,6425,6425,6425,6425,1700
2022-06-15 14:30:00,6425,6400,6425,6400,114000
2022-06-15 14:31:00,6450,6400,6450,6400,3800
2022-06-15 14:32:00,6425,6400,6425,6400,13200
2022-06-15 14:33:00,6425,6400,6425,6425,3500
2022-06-15 14:34:00,6425,6425,6450,6450,20400
2022-06-15 14:35:00,6425,6425,6425,6425,2400
2022-06-15 14:36:00,6425,6400,6425,6400,40000
2022-06-15 14:37:00,6425,6400,6425,6400,40400
2022-06-15 14:38:00,6425,6425,6425,6425,14300
2022-06-15 14:39:00,6425,6425,6425,6425,3200
2022-06-15 14:40:00,6425,6400,6450,6450,87500
2022-06-15 14:41:00,6425,6425,6425,6425,64800
2022-06-15 14:42:00,6400,6400,6425,6425,15600
2022-06-15 14:43:00,6425,6400,6425,6425,24800
2022-06-15 14:44:00,6425,6425,6425,6425,9200
2022-06-15 14:45:00,6425,6425,6450,6450,2800
2022-06-15 14:46:00,6450,6425,6450,6425,8700
2022-06-15 14:47:00,6425,6425,6450,6425,80900
2022-06-15 14:48:00,6425,6400,6425,6400,17900
2022-06-15 14:49:00,6400,6400,6425,6400,200300
2022-06-15 14:50:00,6400,6400,6400,6400,100
2022-06-15 14:51:00,6400,6400,6400,6400,0
2022-06-15 14:52:00,6400,6400,6400,6400,0
2022-06-15 14:53:00,6400,6400,6400,6400,0
2022-06-15 14:54:00,6400,6400,6400,6400,0
2022-06-15 14:55:00,6400,6400,6400,6400,0
2022-06-15 14:56:00,6400,6400,6400,6400,0
2022-06-15 14:57:00,6400,6400,6400,6400,0
2022-06-15 14:58:00,6400,6400,6400,6400,0
2022-06-15 14:59:00,6400,6400,6400,6400,0
2022-06-15 15:00:00,6400,6400,6400,6400,80900
2022-06-15 15:01:00,6400,6400,6400,6400,3100
2022-06-15 15:02:00,6400,6400,6400,6400,51800
2022-06-15 15:03:00,6400,6400,6400,6400,7000
2022-06-15 15:04:00,6400,6400,6400,6400,0
2022-06-15 15:05:00,6400,6400,6400,6400,100
2022-06-15 15:06:00,6400,6400,6400,6400,0
2022-06-15 15:07:00,6400,6400,6400,6400,3700
2022-06-15 15:08:00,6400,6400,6400,6400,8600
2022-06-15 15:09:00,6400,6400,6400,6400,2300
2022-06-15 15:10:00,6400,6400,6400,6400,0
2022-06-15 15:11:00,6400,6400,6400,6400,0
2022-06-15 15:12:00,6400,6400,6400,6400,4500
2022-06-15 15:13:00,6400,6400,6400,6400,0
2022-06-15 15:14:00,6400,6400,6400,6400,15400
2022-06-15 15:15:00,6400,6400,6400,6400,0
2022-06-15 15:16:00,6400,6400,6400,6400,0
2022-06-15 15:17:00,6400,6400,6400,6400,0
2022-06-15 15:18:00,6400,6400,6400,6400,0
2022-06-15 15:19:00,6400,6400,6400,6400,0
2022-06-15 15:20:00,6400,6400,6400,6400,0
2022-06-15 15:21:00,6400,6400,6400,6400,0
2022-06-15 15:22:00,6400,6400,6400,6400,0
2022-06-15 15:23:00,6400,6400,6400,6400,0
2022-06-15 15:24:00,6400,6400,6400,6400,0
2022-06-15 15:25:00,6400,6400,6400,6400,0
2022-06-15 15:26:00,6400,6400,6400,6400,0
2022-06-15 15:27:00,6400,6400,6400,6400,0
2022-06-15 15:28:00,6400,6400,6400,6400,0
2022-06-15 15:29:00,6400,6400,6400,6400,0
2022-06-15 15:30:00,6400,6400,6400,6400,0
2022-06-15 15:31:00,6400,6400,6400,6400,0
2022-06-15 15:32:00,6400,6400,6400,6400,0
2022-06-15 15:33:00,6400,6400,6400,6400,0
2022-06-15 15:34:00,6400,6400,6400,6400,0
2022-06-15 15:35:00,6400,6400,6400,6400,0
2022-06-15 15:36:00,6400,6400,6400,6400,0
2022-06-15 15:37:00,6400,6400,6400,6400,0
2022-06-15 15:38:00,6400,6400,6400,6400,0
2022-06-15 15:39:00,6400,6400,6400,6400,0
2022-06-15 15:40:00,6400,6400,6400,6400,0
2022-06-15 15:41:00,6400,6400,6400,6400,0
2022-06-15 15:42:00,6400,6400,6400,6400,0
2022-06-15 15:43:00,6400,6400,6400,6400,0
2022-06-15 15:44:00,6400,6400,6400,6400,0
2022-06-15 15:45:00,6400,6400,6400,6400,0
2022-06-15 15:46:00,6400,6400,6400,6400,0
2022-06-15 15:47:00,6400,6400,6400,6400,0
2022-06-15 15:48:00,6400,6400,6400,6400,0
2022-06-15 15:49:00,6400,6400,6400,6400,0
2022-06-15 15:50:00,6400,6400,6400,6400,0
2022-06-15 15:51:00,6400,6400,6400,6400,0
2022-06-15 15:52:00,6400,6400,6400,6400,0
2022-06-15 15:53:00,6400,6400,6400,6400,0
2022-06-15 15:54:00,6400,6400,6400,6400,0
2022-06-15 15:55:00,6400,6400,6400,6400,0
2022-06-15 15:56:00,6400,6400,6400,6400,0
2022-06-15 15:57:00,6400,6400,6400,6400,0
2022-06-15 15:58:00,6400,6400,6400,6400,0
2022-06-15 15:59:00,6400,6400,6400,6400,0
2022-06-16 09:00:00,6500,6500,6525,6525,4800
2022-06-16 09:01:00,6525,6525,6525,6525,15300
2022-06-16 09:02:00,6525,6525,6525,6525,13100
2022-06-16 09:03:00,6525,6500,6525,6525,3300
2022-06-16 09:04:00,6525,6500,6525,6500,3700
2022-06-16 09:05:00,6500,6500,6525,6525,46900
2022-06-16 09:06:00,6550,6525,6550,6525,1800
2022-06-16 09:07:00,6550,6525,6550,6550,3300
2022-06-16 09:08:00,6525,6525,6550,6550,13100
2022-06-16 09:09:00,6550,6550,6550,6550,52200
2022-06-16 09:10:00,6575,6575,6600,6600,112200
2022-06-16 09:11:00,6575,6575,6575,6575,18500
2022-06-16 09:12:00,6575,6575,6575,6575,3600
2022-06-16 09:13:00,6550,6550,6575,6575,17200
2022-06-16 09:14:00,6575,6575,6600,6600,5400
2022-06-16 09:15:00,6600,6575,6600,6575,500
2022-06-16 09:16:00,6575,6575,6600,6600,37300
2022-06-16 09:17:00,6600,6550,6600,6550,24400
2022-06-16 09:18:00,6550,6550,6550,6550,500
2022-06-16 09:19:00,6550,6550,6575,6575,2300
2022-06-16 09:20:00,6550,6525,6575,6525,40000
2022-06-16 09:21:00,6525,6525,6550,6525,1000
2022-06-16 09:22:00,6550,6525,6550,6550,1900
2022-06-16 09:23:00,6550,6525,6550,6525,2100
2022-06-16 09:24:00,6525,6525,6550,6550,21200
2022-06-16 09:25:00,6550,6550,6550,6550,5500
2022-06-16 09:26:00,6575,6550,6575,6550,12700
2022-06-16 09:27:00,6550,6550,6550,6550,500
2022-06-16 09:28:00,6550,6550,6575,6575,2900
2022-06-16 09:29:00,6575,6575,6575,6575,200
2022-06-16 09:30:00,6550,6550,6575,6575,11500
2022-06-16 09:31:00,6550,6550,6575,6575,41600
2022-06-16 09:32:00,6575,6575,6575,6575,3700
2022-06-16 09:33:00,6575,6575,6575,6575,2300
2022-06-16 09:34:00,6575,6575,6575,6575,0
2022-06-16 09:35:00,6575,6575,6575,6575,3600
2022-06-16 09:36:00,6550,6550,6575,6575,16600
2022-06-16 09:37:00,6575,6575,6575,6575,14300
2022-06-16 09:38:00,6575,6575,6575,6575,3500
2022-06-16 09:39:00,6575,6575,6575,6575,1100
2022-06-16 09:40:00,6575,6575,6575,6575,200
2022-06-16 09:41:00,6575,6575,6575,6575,1900
2022-06-16 09:42:00,6575,6575,6575,6575,4300
2022-06-16 09:43:00,6550,6550,6575,6575,2300
2022-06-16 09:44:00,6575,6575,6575,6575,100
2022-06-16 09:45:00,6575,6575,6575,6575,500
2022-06-16 09:46:00,6575,6575,6575,6575,300
2022-06-16 09:47:00,6575,6575,6575,6575,0
2022-06-16 09:48:00,6575,6575,6575,6575,24900
2022-06-16 09:49:00,6550,6550,6575,6575,1600
2022-06-16 09:50:00,6575,6575,6575,6575,13000
2022-06-16 09:51:00,6575,6575,6575,6575,0
2022-06-16 09:52:00,6575,6575,6575,6575,0
2022-06-16 09:53:00,6575,6575,6575,6575,19500
2022-06-16 09:54:00,6575,6550,6575,6550,7500
2022-06-16 09:55:00,6575,6550,6575,6550,3300
2022-06-16 09:56:00,6550,6550,6550,6550,100
2022-06-16 09:57:00,6575,6575,6600,6600,8200
2022-06-16 09:58:00,6575,6575,6575,6575,29100
2022-06-16 09:59:00,6575,6575,6600,6600,34700
2022-06-16 10:00:00,6600,6600,6600,6600,1500
2022-06-16 10:01:00,6600,6575,6600,6600,37800
2022-06-16 10:02:00,6600,6600,6600,6600,37300
2022-06-16 10:03:00,6600,6600,6600,6600,38500
2022-06-16 10:04:00,6600,6575,6600,6600,700
2022-06-16 10:05:00,6600,6575,6600,6600,0
2022-06-16 10:06:00,6600,6600,6600,6600,100
2022-06-16 10:07:00,6600,6600,6600,6600,161100
2022-06-16 10:08:00,6625,6625,6625,6625,5200
2022-06-16 10:09:00,6600,6600,6625,6625,22500
2022-06-16 10:10:00,6625,6625,6625,6625,2000
2022-06-16 10:11:00,6625,6625,6625,6625,1600
2022-06-16 10:12:00,6625,6625,6625,6625,1600
2022-06-16 10:13:00,6600,6600,6625,6625,15900
2022-06-16 10:14:00,6625,6625,6650,6650,2600
2022-06-16 10:15:00,6625,6625,6625,6625,28800
2022-06-16 10:16:00,6625,6600,6625,6600,7200
2022-06-16 10:17:00,6625,6600,6625,6600,0
2022-06-16 10:18:00,6600,6600,6600,6600,7500
2022-06-16 10:19:00,6625,6625,6625,6625,8000
2022-06-16 10:20:00,6625,6625,6625,6625,50200
2022-06-16 10:21:00,6625,6625,6625,6625,2300
2022-06-16 10:22:00,6625,6625,6625,6625,100
2022-06-16 10:23:00,6625,6625,6625,6625,0
2022-06-16 10:24:00,6625,6625,6625,6625,300
2022-06-16 10:25:00,6625,6625,6625,6625,3400
2022-06-16 10:26:00,6625,6625,6625,6625,5800
2022-06-16 10:27:00,6625,6625,6625,6625,500
2022-06-16 10:28:00,6625,6625,6625,6625,1000
2022-06-16 10:29:00,6600,6600,6600,6600,1000
2022-06-16 10:30:00,6600,6600,6600,6600,1400
2022-06-16 10:31:00,6625,6625,6625,6625,1600
2022-06-16 10:32:00,6625,6625,6625,6625,10100
2022-06-16 10:33:00,6625,6625,6625,6625,1000
2022-06-16 10:34:00,6625,6625,6625,6625,500
2022-06-16 10:35:00,6625,6625,6625,6625,0
2022-06-16 10:36:00,6600,6600,6600,6600,100
2022-06-16 10:37:00,6600,6600,6625,6625,1300
2022-06-16 10:38:00,6625,6625,6625,6625,1600
2022-06-16 10:39:00,6625,6625,6625,6625,20800
2022-06-16 10:40:00,6625,6625,6625,6625,0
2022-06-16 10:41:00,6625,6625,6625,6625,0
2022-06-16 10:42:00,6625,6625,6625,6625,500
2022-06-16 10:43:00,6600,6600,6600,6600,21400
2022-06-16 10:44:00,6600,6600,6600,6600,152800
2022-06-16 10:45:00,6600,6575,6600,6575,1800
2022-06-16 10:46:00,6600,6575,6600,6600,3200
2022-06-16 10:47:00,6600,6575,6600,6575,3900
2022-06-16 10:48:00,6575,6575,6575,6575,1000
2022-06-16 10:49:00,6575,6575,6575,6575,1600
2022-06-16 10:50:00,6575,6575,6575,6575,900
2022-06-16 10:51:00,6600,6600,6600,6600,100
2022-06-16 10:52:00,6575,6575,6600,6600,6200
2022-06-16 10:53:00,6575,6575,6600,6600,0
2022-06-16 10:54:00,6600,6575,6600,6575,1200
2022-06-16 10:55:00,6575,6575,6600,6600,4200
2022-06-16 10:56:00,6600,6575,6600,6575,5500
2022-06-16 10:57:00,6575,6575,6575,6575,4000
2022-06-16 10:58:00,6575,6575,6575,6575,900
2022-06-16 10:59:00,6575,6575,6575,6575,0
2022-06-16 11:00:00,6575,6575,6600,6575,7400
2022-06-16 11:01:00,6575,6575,6575,6575,200
2022-06-16 11:02:00,6575,6575,6575,6575,900
2022-06-16 11:03:00,6600,6600,6600,6600,2500
2022-06-16 11:04:00,6575,6575,6575,6575,800
2022-06-16 11:05:00,6575,6575,6600,6600,1400
2022-06-16 11:06:00,6575,6575,6600,6600,0
2022-06-16 11:07:00,6575,6575,6575,6575,1200
2022-06-16 11:08:00,6575,6575,6575,6575,600
2022-06-16 11:09:00,6600,6575,6600,6575,7800
2022-06-16 11:10:00,6575,6575,6575,6575,1200
2022-06-16 11:11:00,6600,6600,6600,6600,300
2022-06-16 11:12:00,6575,6575,6575,6575,8100
2022-06-16 11:13:00,6575,6575,6575,6575,1700
2022-06-16 11:14:00,6600,6600,6600,6600,1000
2022-06-16 11:15:00,6575,6575,6600,6600,3500
2022-06-16 11:16:00,6600,6600,6600,6600,100
2022-06-16 11:17:00,6575,6575,6575,6575,2100
2022-06-16 11:18:00,6575,6575,6575,6575,4700
2022-06-16 11:19:00,6575,6575,6575,6575,900
2022-06-16 11:20:00,6600,6575,6600,6575,2000
2022-06-16 11:21:00,6600,6600,6600,6600,5000
2022-06-16 11:22:00,6575,6575,6575,6575,900
2022-06-16 11:23:00,6575,6575,6575,6575,900
2022-06-16 11:24:00,6575,6575,6575,6575,4600
2022-06-16 11:25:00,6575,6575,6575,6575,1400
2022-06-16 11:26:00,6575,6575,6575,6575,0
2022-06-16 11:27:00,6575,6575,6575,6575,99600
2022-06-16 11:28:00,6575,6550,6575,6550,500
2022-06-16 11:29:00,6550,6550,6550,6550,300
2022-06-16 11:30:00,6550,6550,6550,6550,0
2022-06-16 11:31:00,6550,6550,6550,6550,0
2022-06-16 11:32:00,6550,6550,6550,6550,0
2022-06-16 11:33:00,6550,6550,6550,6550,0
2022-06-16 11:34:00,6550,6550,6550,6550,0
2022-06-16 11:35:00,6550,6550,6550,6550,0
2022-06-16 11:36:00,6550,6550,6550,6550,0
2022-06-16 11:37:00,6550,6550,6550,6550,0
2022-06-16 11:38:00,6550,6550,6550,6550,0
2022-06-16 11:39:00,6550,6550,6550,6550,0
2022-06-16 11:40:00,6550,6550,6550,6550,0
2022-06-16 11:41:00,6550,6550,6550,6550,0
2022-06-16 11:42:00,6550,6550,6550,6550,0
2022-06-16 11:43:00,6550,6550,6550,6550,0
2022-06-16 11:44:00,6550,6550,6550,6550,0
2022-06-16 11:45:00,6550,6550,6550,6550,0
2022-06-16 11:46:00,6550,6550,6550,6550,0
2022-06-16 11:47:00,6550,6550,6550,6550,0
2022-06-16 11:48:00,6550,6550,6550,6550,0
2022-06-16 11:49:00,6550,6550,6550,6550,0
2022-06-16 11:50:00,6550,6550,6550,6550,0
2022-06-16 11:51:00,6550,6550,6550,6550,0
2022-06-16 11:52:00,6550,6550,6550,6550,0
2022-06-16 11:53:00,6550,6550,6550,6550,0
2022-06-16 11:54:00,6550,6550,6550,6550,0
2022-06-16 11:55:00,6550,6550,6550,6550,0
2022-06-16 11:56:00,6550,6550,6550,6550,0
2022-06-16 11:57:00,6550,6550,6550,6550,0
2022-06-16 11:58:00,6550,6550,6550,6550,0
2022-06-16 11:59:00,6550,6550,6550,6550,0
2022-06-16 12:00:00,6550,6550,6550,6550,0
2022-06-16 12:01:00,6550,6550,6550,6550,0
2022-06-16 12:02:00,6550,6550,6550,6550,0
2022-06-16 12:03:00,6550,6550,6550,6550,0
2022-06-16 12:04:00,6550,6550,6550,6550,0
2022-06-16 12:05:00,6550,6550,6550,6550,0
2022-06-16 12:06:00,6550,6550,6550,6550,0
2022-06-16 12:07:00,6550,6550,6550,6550,0
2022-06-16 12:08:00,6550,6550,6550,6550,0
2022-06-16 12:09:00,6550,6550,6550,6550,0
2022-06-16 12:10:00,6550,6550,6550,6550,0
2022-06-16 12:11:00,6550,6550,6550,6550,0
2022-06-16 12:12:00,6550,6550,6550,6550,0
2022-06-16 12:13:00,6550,6550,6550,6550,0
2022-06-16 12:14:00,6550,6550,6550,6550,0
2022-06-16 12:15:00,6550,6550,6550,6550,0
2022-06-16 12:16:00,6550,6550,6550,6550,0
2022-06-16 12:17:00,6550,6550,6550,6550,0
2022-06-16 12:18:00,6550,6550,6550,6550,0
2022-06-16 12:19:00,6550,6550,6550,6550,0
2022-06-16 12:20:00,6550,6550,6550,6550,0
2022-06-16 12:21:00,6550,6550,6550,6550,0
2022-06-16 12:22:00,6550,6550,6550,6550,0
2022-06-16 12:23:00,6550,6550,6550,6550,0
2022-06-16 12:24:00,6550,6550,6550,6550,0
2022-06-16 12:25:00,6550,6550,6550,6550,0
2022-06-16 12:26:00,6550,6550,6550,6550,0
2022-06-16 12:27:00,6550,6550,6550,6550,0
2022-06-16 12:28:00,6550,6550,6550,6550,0
2022-06-16 12:29:00,6550,6550,6550,6550,0
2022-06-16 12:30:00,6550,6550,6550,6550,0
2022-06-16 12:31:00,6550,6550,6550,6550,0
2022-06-16 12:32:00,6550,6550,6550,6550,0
2022-06-16 12:33:00,6550,6550,6550,6550,0
2022-06-16 12:34:00,6550,6550,6550,6550,0
2022-06-16 12:35:00,6550,6550,6550,6550,0
2022-06-16 12:36:00,6550,6550,6550,6550,0
2022-06-16 12:37:00,6550,6550,6550,6550,0
2022-06-16 12:38:00,6550,6550,6550,6550,0
2022-06-16 12:39:00,6550,6550,6550,6550,0
2022-06-16 12:40:00,6550,6550,6550,6550,0
2022-06-16 12:41:00,6550,6550,6550,6550,0
2022-06-16 12:42:00,6550,6550,6550,6550,0
2022-06-16 12:43:00,6550,6550,6550,6550,0
2022-06-16 12:44:00,6550,6550,6550,6550,0
2022-06-16 12:45:00,6550,6550,6550,6550,0
2022-06-16 12:46:00,6550,6550,6550,6550,0
2022-06-16 12:47:00,6550,6550,6550,6550,0
2022-06-16 12:48:00,6550,6550,6550,6550,0
2022-06-16 12:49:00,6550,6550,6550,6550,0
2022-06-16 12:50:00,6550,6550,6550,6550,0
2022-06-16 12:51:00,6550,6550,6550,6550,0
2022-06-16 12:52:00,6550,6550,6550,6550,0
2022-06-16 12:53:00,6550,6550,6550,6550,0
2022-06-16 12:54:00,6550,6550,6550,6550,0
2022-06-16 12:55:00,6550,6550,6550,6550,0
2022-06-16 12:56:00,6550,6550,6550,6550,0
2022-06-16 12:57:00,6550,6550,6550,6550,0
2022-06-16 12:58:00,6550,6550,6550,6550,0
2022-06-16 12:59:00,6550,6550,6550,6550,0
2022-06-16 13:00:00,6550,6550,6550,6550,0
2022-06-16 13:01:00,6550,6550,6550,6550,0
2022-06-16 13:02:00,6550,6550,6550,6550,0
2022-06-16 13:03:00,6550,6550,6550,6550,0
2022-06-16 13:04:00,6550,6550,6550,6550,0
2022-06-16 13:05:00,6550,6550,6550,6550,0
2022-06-16 13:06:00,6550,6550,6550,6550,0
2022-06-16 13:07:00,6550,6550,6550,6550,0
2022-06-16 13:08:00,6550,6550,6550,6550,0
2022-06-16 13:09:00,6550,6550,6550,6550,0
2022-06-16 13:10:00,6550,6550,6550,6550,0
2022-06-16 13:11:00,6550,6550,6550,6550,0
2022-06-16 13:12:00,6550,6550,6550,6550,0
2022-06-16 13:13:00,6550,6550,6550,6550,0
2022-06-16 13:14:00,6550,6550,6550,6550,0
2022-06-16 13:15:00,6550,6550,6550,6550,0
2022-06-16 13:16:00,6550,6550,6550,6550,0
2022-06-16 13:17:00,6550,6550,6550,6550,0
2022-06-16 13:18:00,6550,6550,6550,6550,0
2022-06-16 13:19:00,6550,6550,6550,6550,0
2022-06-16 13:20:00,6550,6550,6550,6550,0
2022-06-16 13:21:00,6550,6550,6550,6550,0
2022-06-16 13:22:00,6550,6550,6550,6550,0
2022-06-16 13:23:00,6550,6550,6550,6550,0
2022-06-16 13:24:00,6550,6550,6550,6550,0
2022-06-16 13:25:00,6550,6550,6550,6550,0
2022-06-16 13:26:00,6550,6550,6550,6550,0
2022-06-16 13:27:00,6550,6550,6550,6550,0
2022-06-16 13:28:00,6550,6550,6550,6550,0
2022-06-16 13:29:00,6550,6550,6550,6550,0
2022-06-16 13:30:00,6575,6550,6575,6575,149800
2022-06-16 13:31:00,6550,6550,6550,6550,148100
2022-06-16 13:32:00,6550,6550,6550,6550,1000
2022-06-16 13:33:00,6525,6525,6525,6525,800
2022-06-16 13:34:00,6525,6525,6550,6550,2000
2022-06-16 13:35:00,6550,6550,6550,6550,300
2022-06-16 13:36:00,6550,6550,6550,6550,0
2022-06-16 13:37:00,6550,6525,6550,6525,2100
2022-06-16 13:38:00,6525,6525,6525,6525,400
2022-06-16 13:39:00,6525,6525,6525,6525,13100
2022-06-16 13:40:00,6525,6525,6525,6525,900
2022-06-16 13:41:00,6525,6500,6525,6525,67000
2022-06-16 13:42:00,6525,6500,6525,6525,2500
2022-06-16 13:43:00,6525,6500,6525,6500,7100
2022-06-16 13:44:00,6500,6500,6500,6500,1500
2022-06-16 13:45:00,6500,6500,6500,6500,100
2022-06-16 13:46:00,6500,6500,6500,6500,57500
2022-06-16 13:47:00,6500,6500,6500,6500,500
2022-06-16 13:48:00,6500,6500,6525,6500,21200
2022-06-16 13:49:00,6525,6500,6525,6500,1400
2022-06-16 13:50:00,6525,6500,6525,6500,0
2022-06-16 13:51:00,6525,6500,6525,6500,0
2022-06-16 13:52:00,6500,6500,6525,6500,6700
2022-06-16 13:53:00,6500,6500,6525,6525,19300
2022-06-16 13:54:00,6500,6500,6500,6500,3200
2022-06-16 13:55:00,6525,6500,6525,6500,3100
2022-06-16 13:56:00,6500,6500,6500,6500,21000
2022-06-16 13:57:00,6525,6500,6525,6500,13300
2022-06-16 13:58:00,6525,6500,6525,6500,3500
2022-06-16 13:59:00,6500,6500,6500,6500,10800
2022-06-16 14:00:00,6500,6500,6500,6500,10000
2022-06-16 14:01:00,6500,6500,6500,6500,55300
2022-06-16 14:02:00,6500,6475,6500,6475,66300
2022-06-16 14:03:00,6475,6475,6475,6475,57900
2022-06-16 14:04:00,6475,6475,6475,6475,5100
2022-06-16 14:05:00,6475,6475,6475,6475,7800
2022-06-16 14:06:00,6500,6475,6500,6475,2500
2022-06-16 14:07:00,6475,6475,6475,6475,8600
2022-06-16 14:08:00,6475,6475,6475,6475,2800
2022-06-16 14:09:00,6475,6475,6475,6475,7000
2022-06-16 14:10:00,6475,6475,6475,6475,500
2022-06-16 14:11:00,6475,6475,6475,6475,7100
2022-06-16 14:12:00,6475,6475,6475,6475,500
2022-06-16 14:13:00,6475,6475,6475,6475,1400
2022-06-16 14:14:00,6475,6475,6500,6500,3300
2022-06-16 14:15:00,6475,6475,6500,6500,0
2022-06-16 14:16:00,6500,6500,6500,6500,200
2022-06-16 14:17:00,6500,6500,6500,6500,200
2022-06-16 14:18:00,6500,6500,6500,6500,0
2022-06-16 14:19:00,6500,6500,6500,6500,0
2022-06-16 14:20:00,6500,6500,6500,6500,10100
2022-06-16 14:21:00,6475,6475,6475,6475,200
2022-06-16 14:22:00,6500,6500,6500,6500,11400
2022-06-16 14:23:00,6500,6500,6500,6500,29400
2022-06-16 14:24:00,6500,6500,6500,6500,1800
2022-06-16 14:25:00,6500,6475,6500,6500,1000
2022-06-16 14:26:00,6500,6475,6500,6500,0
2022-06-16 14:27:00,6500,6500,6500,6500,11100
2022-06-16 14:28:00,6500,6500,6500,6500,3600
2022-06-16 14:29:00,6525,6525,6525,6525,0
2022-06-16 14:30:00,6525,6525,6525,6525,0
2022-06-16 14:31:00,6525,6500,6525,6500,2490800
2022-06-16 14:32:00,6525,6525,6525,6525,200
2022-06-16 14:33:00,6525,6525,6525,6525,4900
2022-06-16 14:34:00,6525,6525,6525,6525,500
2022-06-16 14:35:00,6525,6525,6525,6525,100
2022-06-16 14:36:00,6525,6525,6525,6525,0
2022-06-16 14:37:00,6500,6500,6525,6525,2100
2022-06-16 14:38:00,6525,6525,6525,6525,300
2022-06-16 14:39:00,6500,6500,6500,6500,2100
2022-06-16 14:40:00,6500,6500,6500,6500,1700
2022-06-16 14:41:00,6500,6500,6500,6500,14100
2022-06-16 14:42:00,6500,6475,6500,6475,64800
2022-06-16 14:43:00,6500,6500,6500,6500,200
2022-06-16 14:44:00,6500,6500,6500,6500,0
2022-06-16 14:45:00,6475,6475,6475,6475,9000
2022-06-16 14:46:00,6500,6475,6500,6500,41700
2022-06-16 14:47:00,6500,6500,6500,6500,5200
2022-06-16 14:48:00,6500,6500,6500,6500,27600
2022-06-16 14:49:00,6500,6500,6500,6500,2600
2022-06-16 14:50:00,6500,6500,6500,6500,0
2022-06-16 14:51:00,6500,6500,6500,6500,0
2022-06-16 14:52:00,6500,6500,6500,6500,0
2022-06-16 14:53:00,6500,6500,6500,6500,0
2022-06-16 14:54:00,6500,6500,6500,6500,0
2022-06-16 14:55:00,6500,6500,6500,6500,0
2022-06-16 14:56:00,6500,6500,6500,6500,0
2022-06-16 14:57:00,6500,6500,6500,6500,0
2022-06-16 14:58:00,6500,6500,6500,6500,0
2022-06-16 14:59:00,6500,6500,6500,6500,0
2022-06-16 15:00:00,6500,6500,6500,6500,59300
2022-06-16 15:01:00,6500,6500,6500,6500,100
2022-06-16 15:02:00,6500,6500,6500,6500,22500
2022-06-16 15:03:00,6500,6500,6500,6500,100
2022-06-16 15:04:00,6500,6500,6500,6500,700
2022-06-16 15:05:00,6500,6500,6500,6500,0
2022-06-16 15:06:00,6500,6500,6500,6500,0
2022-06-16 15:07:00,6500,6500,6500,6500,0
2022-06-16 15:08:00,6500,6500,6500,6500,0
2022-06-16 15:09:00,6500,6500,6500,6500,2000
2022-06-16 15:10:00,6500,6500,6500,6500,0
2022-06-16 15:11:00,6500,6500,6500,6500,0
2022-06-16 15:12:00,6500,6500,6500,6500,0
2022-06-16 15:13:00,6500,6500,6500,6500,0
2022-06-16 15:14:00,6500,6500,6500,6500,0
2022-06-16 15:15:00,6500,6500,6500,6500,0
2022-06-16 15:16:00,6500,6500,6500,6500,0
2022-06-16 15:17:00,6500,6500,6500,6500,0
2022-06-16 15:18:00,6500,6500,6500,6500,0
2022-06-16 15:19:00,6500,6500,6500,6500,0
2022-06-16 15:20:00,6500,6500,6500,6500,0
2022-06-16 15:21:00,6500,6500,6500,6500,0
2022-06-16 15:22:00,6500,6500,6500,6500,0
2022-06-16 15:23:00,6500,6500,6500,6500,0
2022-06-16 15:24:00,6500,6500,6500,6500,0
2022-06-16 15:25:00,6500,6500,6500,6500,0
2022-06-16 15:26:00,6500,6500,6500,6500,0
2022-06-16 15:27:00,6500,6500,6500,6500,0
2022-06-16 15:28:00,6500,6500,6500,6500,0
2022-06-16 15:29:00,6500,6500,6500,6500,0
2022-06-16 15:30:00,6500,6500,6500,6500,0
2022-06-16 15:31:00,6500,6500,6500,6500,0
2022-06-16 15:32:00,6500,6500,6500,6500,0
2022-06-16 15:33:00,6500,6500,6500,6500,0
2022-06-16 15:34:00,6500,6500,6500,6500,0
2022-06-16 15:35:00,6500,6500,6500,6500,0
2022-06-16 15:36:00,6500,6500,6500,6500,0
2022-06-16 15:37:00,6500,6500,6500,6500,0
2022-06-16 15:38:00,6500,6500,6500,6500,0
2022-06-16 15:39:00,6500,6500,6500,6500,0
2022-06-16 15:40:00,6500,6500,6500,6500,0
2022-06-16 15:41:00,6500,6500,6500,6500,0
2022-06-16 15:42:00,6500,6500,6500,6500,0
2022-06-16 15:43:00,6500,6500,6500,6500,0
2022-06-16 15:44:00,6500,6500,6500,6500,0
2022-06-16 15:45:00,6500,6500,6500,6500,0
2022-06-16 15:46:00,6500,6500,6500,6500,0
2022-06-16 15:47:00,6500,6500,6500,6500,0
2022-06-16 15:48:00,6500,6500,6500,6500,0
2022-06-16 15:49:00,6500,6500,6500,6500,0
2022-06-16 15:50:00,6500,6500,6500,6500,0
2022-06-16 15:51:00,6500,6500,6500,6500,0
2022-06-16 15:52:00,6500,6500,6500,6500,0
2022-06-16 15:53:00,6500,6500,6500,6500,0
2022-06-16 15:54:00,6500,6500,6500,6500,0
2022-06-16 15:55:00,6500,6500,6500,6500,0
2022-06-16 15:56:00,6500,6500,6500,6500,0
2022-06-16 15:57:00,6500,6500,6500,6500,0
2022-06-16 15:58:00,6500,6500,6500,6500,0
2022-06-16 15:59:00,6500,6500,6500,6500,0
2022-06-17 09:00:00,6400,6400,6450,6450,56300
2022-06-17 09:01:00,6425,6425,6450,6450,14300
2022-06-17 09:02:00,6425,6425,6450,6450,22500
2022-06-17 09:03:00,6450,6450,6450,6450,2600
2022-06-17 09:04:00,6450,6450,6475,6475,45600
2022-06-17 09:05:00,6450,6450,6475,6450,3100
2022-06-17 09:06:00,6475,6475,6475,6475,4300
2022-06-17 09:07:00,6475,6450,6475,6475,27700
2022-06-17 09:08:00,6475,6475,6500,6500,300
2022-06-17 09:09:00,6500,6500,6500,6500,500
2022-06-17 09:10:00,6475,6475,6475,6475,200
2022-06-17 09:11:00,6475,6475,6475,6475,31800
2022-06-17 09:12:00,6475,6450,6475,6475,43100
2022-06-17 09:13:00,6475,6450,6475,6475,0
2022-06-17 09:14:00,6475,6475,6475,6475,15200
2022-06-17 09:15:00,6475,6475,6475,6475,6700
2022-06-17 09:16:00,6475,6450,6475,6450,15200
2022-06-17 09:17:00,6450,6450,6500,6450,8500
2022-06-17 09:18:00,6500,6450,6500,6450,4300
2022-06-17 09:19:00,6500,6450,6500,6450,0
2022-06-17 09:20:00,6475,6475,6475,6475,1100
2022-06-17 09:21:00,6500,6500,6500,6500,400
2022-06-17 09:22:00,6475,6475,6475,6475,400
2022-06-17 09:23:00,6500,6500,6500,6500,500
2022-06-17 09:24:00,6500,6500,6500,6500,100
2022-06-17 09:25:00,6500,6500,6500,6500,1500
2022-06-17 09:26:00,6500,6500,6500,6500,800
2022-06-17 09:27:00,6500,6500,6500,6500,100
2022-06-17 09:28:00,6500,6500,6500,6500,4500
2022-06-17 09:29:00,6475,6475,6475,6475,5500
2022-06-17 09:30:00,6475,6475,6475,6475,0
2022-06-17 09:31:00,6475,6475,6475,6475,2900
2022-06-17 09:32:00,6475,6450,6475,6450,51200
2022-06-17 09:33:00,6475,6475,6475,6475,200
2022-06-17 09:34:00,6475,6475,6475,6475,400
2022-06-17 09:35:00,6450,6450,6475,6475,17800
2022-06-17 09:36:00,6475,6475,6475,6475,2500
2022-06-17 09:37:00,6475,6475,6475,6475,10000
2022-06-17 09:38:00,6475,6475,6475,6475,200
2022-06-17 09:39:00,6475,6475,6475,6475,100
2022-06-17 09:40:00,6475,6450,6475,6450,20600
2022-06-17 09:41:00,6450,6450,6450,6450,200
2022-06-17 09:42:00,6475,6475,6475,6475,100
2022-06-17 09:43:00,6475,6475,6475,6475,50300
2022-06-17 09:44:00,6475,6475,6475,6475,800
2022-06-17 09:45:00,6475,6475,6475,6475,0
2022-06-17 09:46:00,6475,6475,6475,6475,100
2022-06-17 09:47:00,6475,6475,6475,6475,7600
2022-06-17 09:48:00,6475,6475,6475,6475,0
2022-06-17 09:49:00,6475,6475,6475,6475,3300
2022-06-17 09:50:00,6475,6475,6475,6475,1600
2022-06-17 09:51:00,6475,6475,6475,6475,0
2022-06-17 09:52:00,6450,6450,6450,6450,7000
2022-06-17 09:53:00,6450,6450,6450,6450,400
2022-06-17 09:54:00,6450,6450,6450,6450,400
2022-06-17 09:55:00,6450,6450,6475,6475,3300
2022-06-17 09:56:00,6450,6450,6450,6450,11700
2022-06-17 09:57:00,6475,6450,6475,6450,2400
2022-06-17 09:58:00,6475,6450,6475,6450,0
2022-06-17 09:59:00,6450,6450,6450,6450,300
2022-06-17 10:00:00,6450,6450,6450,6450,0
2022-06-17 10:01:00,6475,6475,6475,6475,100
2022-06-17 10:02:00,6475,6475,6475,6475,400
2022-06-17 10:03:00,6450,6450,6450,6450,13600
2022-06-17 10:04:00,6450,6450,6450,6450,54500
2022-06-17 10:05:00,6450,6450,6475,6475,26300
2022-06-17 10:06:00,6450,6450,6450,6450,100
2022-06-17 10:07:00,6450,6450,6450,6450,23700
2022-06-17 10:08:00,6450,6450,6450,6450,18100
2022-06-17 10:09:00,6450,6450,6450,6450,1600
2022-06-17 10:10:00,6450,6450,6450,6450,38100
2022-06-17 10:11:00,6450,6450,6450,6450,0
2022-06-17 10:12:00,6450,6450,6450,6450,9300
2022-06-17 10:13:00,6450,6450,6450,6450,0
2022-06-17 10:14:00,6450,6450,6475,6475,600
2022-06-17 10:15:00,6450,6450,6450,6450,200
2022-06-17 10:16:00,6450,6450,6450,6450,2500
2022-06-17 10:17:00,6450,6450,6450,6450,300
2022-06-17 10:18:00,6450,6450,6450,6450,2500
2022-06-17 10:19:00,6450,6450,6450,6450,0
2022-06-17 10:20:00,6450,6450,6475,6475,200
2022-06-17 10:21:00,6475,6475,6475,6475,53100
2022-06-17 10:22:00,6475,6475,6475,6475,0
2022-06-17 10:23:00,6475,6475,6475,6475,0
2022-06-17 10:24:00,6475,6475,6475,6475,0
2022-06-17 10:25:00,6475,6475,6475,6475,1000
2022-06-17 10:26:00,6475,6475,6475,6475,100
2022-06-17 10:27:00,6475,6450,6475,6450,500
2022-06-17 10:28:00,6475,6450,6475,6450,0
2022-06-17 10:29:00,6475,6450,6475,6450,0
2022-06-17 10:30:00,6450,6450,6450,6450,1300
2022-06-17 10:31:00,6450,6450,6450,6450,1300
2022-06-17 10:32:00,6475,6475,6475,6475,500
2022-06-17 10:33:00,6475,6475,6475,6475,200
2022-06-17 10:34:00,6475,6475,6475,6475,500
2022-06-17 10:35:00,6475,6450,6475,6450,400
2022-06-17 10:36:00,6475,6450,6475,6450,0
2022-06-17 10:37:00,6450,6450,6475,6450,1900
2022-06-17 10:38:00,6450,6450,6450,6450,800
2022-06-17 10:39:00,6450,6450,6450,6450,300
2022-06-17 10:40:00,6475,6475,6475,6475,5100
2022-06-17 10:41:00,6475,6475,6475,6475,1700
2022-06-17 10:42:00,6475,6475,6475,6475,400
2022-06-17 10:43:00,6450,6450,6475,6475,900
2022-06-17 10:44:00,6475,6475,6475,6475,2600
2022-06-17 10:45:00,6475,6475,6475,6475,0
2022-06-17 10:46:00,6475,6475,6475,6475,0
2022-06-17 10:47:00,6475,6475,6475,6475,1300
2022-06-17 10:48:00,6475,6475,6475,6475,0
2022-06-17 10:49:00,6475,6475,6475,6475,200
2022-06-17 10:50:00,6475,6475,6475,6475,0
2022-06-17 10:51:00,6475,6475,6475,6475,8300
2022-06-17 10:52:00,6475,6475,6475,6475,500
2022-06-17 10:53:00,6475,6475,6475,6475,1200
2022-06-17 10:54:00,6475,6475,6475,6475,0
2022-06-17 10:55:00,6475,6475,6475,6475,0
2022-06-17 10:56:00,6475,6475,6475,6475,3000
2022-06-17 10:57:00,6475,6475,6475,6475,0
2022-06-17 10:58:00,6475,6475,6475,6475,1200
2022-06-17 10:59:00,6475,6475,6475,6475,700
2022-06-17 11:00:00,6475,6475,6475,6475,0
2022-06-17 11:01:00,6475,6475,6475,6475,600
2022-06-17 11:02:00,6475,6475,6475,6475,100
2022-06-17 11:03:00,6475,6475,6475,6475,200
2022-06-17 11:04:00,6475,6475,6475,6475,0
2022-06-17 11:05:00,6475,6475,6475,6475,0
2022-06-17 11:06:00,6475,6475,6475,6475,100
2022-06-17 11:07:00,6475,6475,6475,6475,500
2022-06-17 11:08:00,6475,6450,6475,6450,200
2022-06-17 11:09:00,6450,6450,6475,6475,1100
2022-06-17 11:10:00,6450,6450,6450,6450,100
2022-06-17 11:11:00,6450,6450,6450,6450,10500
2022-06-17 11:12:00,6450,6450,6450,6450,0
2022-06-17 11:13:00,6475,6475,6475,6475,1100
2022-06-17 11:14:00,6475,6475,6475,6475,100
2022-06-17 11:15:00,6475,6475,6475,6475,0
2022-06-17 11:16:00,6475,6475,6475,6475,300
2022-06-17 11:17:00,6475,6475,6475,6475,200
2022-06-17 11:18:00,6475,6475,6475,6475,13000
2022-06-17 11:19:00,6475,6475,6475,6475,0
2022-06-17 11:20:00,6475,6475,6475,6475,19000
2022-06-17 11:21:00,6475,6475,6475,6475,0
2022-06-17 11:22:00,6475,6475,6475,6475,200
2022-06-17 11:23:00,6475,6475,6475,6475,0
2022-06-17 11:24:00,6475,6475,6475,6475,1000
2022-06-17 11:25:00,6500,6475,6500,6475,500
2022-06-17 11:26:00,6475,6475,6475,6475,9300
2022-06-17 11:27:00,6475,6475,6475,6475,0
2022-06-17 11:28:00,6475,6475,6475,6475,6600
2022-06-17 11:29:00,6475,6475,6475,6475,0
2022-06-17 11:30:00,6475,6475,6475,6475,0
2022-06-17 11:31:00,6475,6475,6475,6475,0
2022-06-17 11:32:00,6475,6475,6475,6475,0
2022-06-17 11:33:00,6475,6475,6475,6475,0
2022-06-17 11:34:00,6475,6475,6475,6475,0
2022-06-17 11:35:00,6475,6475,6475,6475,0
2022-06-17 11:36:00,6475,6475,6475,6475,0
2022-06-17 11:37:00,6475,6475,6475,6475,0
2022-06-17 11:38:00,6475,6475,6475,6475,0
2022-06-17 11:39:00,6475,6475,6475,6475,0
2022-06-17 11:40:00,6475,6475,6475,6475,0
2022-06-17 11:41:00,6475,6475,6475,6475,0
2022-06-17 11:42:00,6475,6475,6475,6475,0
2022-06-17 11:43:00,6475,6475,6475,6475,0
2022-06-17 11:44:00,6475,6475,6475,6475,0
2022-06-17 11:45:00,6475,6475,6475,6475,0
2022-06-17 11:46:00,6475,6475,6475,6475,0
2022-06-17 11:47:00,6475,6475,6475,6475,0
2022-06-17 11:48:00,6475,6475,6475,6475,0
2022-06-17 11:49:00,6475,6475,6475,6475,0
2022-06-17 11:50:00,6475,6475,6475,6475,0
2022-06-17 11:51:00,6475,6475,6475,6475,0
2022-06-17 11:52:00,6475,6475,6475,6475,0
2022-06-17 11:53:00,6475,6475,6475,6475,0
2022-06-17 11:54:00,6475,6475,6475,6475,0
2022-06-17 11:55:00,6475,6475,6475,6475,0
2022-06-17 11:56:00,6475,6475,6475,6475,0
2022-06-17 11:57:00,6475,6475,6475,6475,0
2022-06-17 11:58:00,6475,6475,6475,6475,0
2022-06-17 11:59:00,6475,6475,6475,6475,0
2022-06-17 12:00:00,6475,6475,6475,6475,0
2022-06-17 12:01:00,6475,6475,6475,6475,0
2022-06-17 12:02:00,6475,6475,6475,6475,0
2022-06-17 12:03:00,6475,6475,6475,6475,0
2022-06-17 12:04:00,6475,6475,6475,6475,0
2022-06-17 12:05:00,6475,6475,6475,6475,0
2022-06-17 12:06:00,6475,6475,6475,6475,0
2022-06-17 12:07:00,6475,6475,6475,6475,0
2022-06-17 12:08:00,6475,6475,6475,6475,0
2022-06-17 12:09:00,6475,6475,6475,6475,0
2022-06-17 12:10:00,6475,6475,6475,6475,0
2022-06-17 12:11:00,6475,6475,6475,6475,0
2022-06-17 12:12:00,6475,6475,6475,6475,0
2022-06-17 12:13:00,6475,6475,6475,6475,0
2022-06-17 12:14:00,6475,6475,6475,6475,0
2022-06-17 12:15:00,6475,6475,6475,6475,0
2022-06-17 12:16:00,6475,6475,6475,6475,0
2022-06-17 12:17:00,6475,6475,6475,6475,0
2022-06-17 12:18:00,6475,6475,6475,6475,0
2022-06-17 12:19:00,6475,6475,6475,6475,0
2022-06-17 12:20:00,6475,6475,6475,6475,0
2022-06-17 12:21:00,6475,6475,6475,6475,0
2022-06-17 12:22:00,6475,6475,6475,6475,0
2022-06-17 12:23:00,6475,6475,6475,6475,0
2022-06-17 12:24:00,6475,6475,6475,6475,0
2022-06-17 12:25:00,6475,6475,6475,6475,0
2022-06-17 12:26:00,6475,6475,6475,6475,0
2022-06-17 12:27:00,6475,6475,6475,6475,0
2022-06-17 12:28:00,6475,6475,6475,6475,0
2022-06-17 12:29:00,6475,6475,6475,6475,0
2022-06-17 12:30:00,6475,6475,6475,6475,0
2022-06-17 12:31:00,6475,6475,6475,6475,0
2022-06-17 12:32:00,6475,6475,6475,6475,0
2022-06-17 12:33:00,6475,6475,6475,6475,0
2022-06-17 12:34:00,6475,6475,6475,6475,0
2022-06-17 12:35:00,6475,6475,6475,6475,0
2022-06-17 12:36:00,6475,6475,6475,6475,0
2022-06-17 12:37:00,6475,6475,6475,6475,0
2022-06-17 12:38:00,6475,6475,6475,6475,0
2022-06-17 12:39:00,6475,6475,6475,6475,0
2022-06-17 12:40:00,6475,6475,6475,6475,0
2022-06-17 12:41:00,6475,6475,6475,6475,0
2022-06-17 12:42:00,6475,6475,6475,6475,0
2022-06-17 12:43:00,6475,6475,6475,6475,0
2022-06-17 12:44:00,6475,6475,6475,6475,0
2022-06-17 12:45:00,6475,6475,6475,6475,0
2022-06-17 12:46:00,6475,6475,6475,6475,0
2022-06-17 12:47:00,6475,6475,6475,6475,0
2022-06-17 12:48:00,6475,6475,6475,6475,0
2022-06-17 12:49:00,6475,6475,6475,6475,0
2022-06-17 12:50:00,6475,6475,6475,6475,0
2022-06-17 12:51:00,6475,6475,6475,6475,0
2022-06-17 12:52:00,6475,6475,6475,6475,0
2022-06-17 12:53:00,6475,6475,6475,6475,0
2022-06-17 12:54:00,6475,6475,6475,6475,0
2022-06-17 12:55:00,6475,6475,6475,6475,0
2022-06-17 12:56:00,6475,6475,6475,6475,0
2022-06-17 12:57:00,6475,6475,6475,6475,0
2022-06-17 12:58:00,6475,6475,6475,6475,0
2022-06-17 12:59:00,6475,6475,6475,6475,0
2022-06-17 13:00:00,6475,6475,6475,6475,0
2022-06-17 13:01:00,6475,6475,6475,6475,0
2022-06-17 13:02:00,6475,6475,6475,6475,0
2022-06-17 13:03:00,6475,6475,6475,6475,0
2022-06-17 13:04:00,6475,6475,6475,6475,0
2022-06-17 13:05:00,6475,6475,6475,6475,0
2022-06-17 13:06:00,6475,6475,6475,6475,0
2022-06-17 13:07:00,6475,6475,6475,6475,0
2022-06-17 13:08:00,6475,6475,6475,6475,0
2022-06-17 13:09:00,6475,6475,6475,6475,0
2022-06-17 13:10:00,6475,6475,6475,6475,0
2022-06-17 13:11:00,6475,6475,6475,6475,0
2022-06-17 13:12:00,6475,6475,6475,6475,0
2022-06-17 13:13:00,6475,6475,6475,6475,0
2022-06-17 13:14:00,6475,6475,6475,6475,0
2022-06-17 13:15:00,6475,6475,6475,6475,0
2022-06-17 13:16:00,6475,6475,6475,6475,0
2022-06-17 13:17:00,6475,6475,6475,6475,0
2022-06-17 13:18:00,6475,6475,6475,6475,0
2022-06-17 13:19:00,6475,6475,6475,6475,0
2022-06-17 13:20:00,6475,6475,6475,6475,0
2022-06-17 13:21:00,6475,6475,6475,6475,0
2022-06-17 13:22:00,6475,6475,6475,6475,0
2022-06-17 13:23:00,6475,6475,6475,6475,0
2022-06-17 13:24:00,6475,6475,6475,6475,0
2022-06-17 13:25:00,6475,6475,6475,6475,0
2022-06-17 13:26:00,6475,6475,6475,6475,0
2022-06-17 13:27:00,6475,6475,6475,6475,0
2022-06-17 13:28:00,6475,6475,6475,6475,0
2022-06-17 13:29:00,6475,6475,6475,6475,0
2022-06-17 13:30:00,6475,6475,6500,6475,20200
2022-06-17 13:31:00,6475,6475,6500,6475,0
2022-06-17 13:32:00,6475,6475,6500,6475,0
2022-06-17 13:33:00,6475,6475,6475,6475,1200
2022-06-17 13:34:00,6475,6475,6475,6475,0
2022-06-17 13:35:00,6475,6475,6475,6475,1000
2022-06-17 13:36:00,6475,6475,6475,6475,5000
2022-06-17 13:37:00,6500,6475,6500,6475,1000
2022-06-17 13:38:00,6500,6475,6500,6475,0
2022-06-17 13:39:00,6475,6475,6475,6475,51600
2022-06-17 13:40:00,6475,6475,6475,6475,900
2022-06-17 13:41:00,6475,6475,6475,6475,18300
2022-06-17 13:42:00,6475,6475,6475,6475,0
2022-06-17 13:43:00,6475,6475,6475,6475,2800
2022-06-17 13:44:00,6475,6475,6475,6475,0
2022-06-17 13:45:00,6475,6475,6475,6475,400
2022-06-17 13:46:00,6475,6475,6500,6500,2800
2022-06-17 13:47:00,6475,6475,6500,6500,0
2022-06-17 13:48:00,6500,6500,6500,6500,500
2022-06-17 13:49:00,6475,6475,6475,6475,1700
2022-06-17 13:50:00,6475,6475,6475,6475,200
2022-06-17 13:51:00,6475,6475,6475,6475,0
2022-06-17 13:52:00,6475,6475,6500,6500,9000
2022-06-17 13:53:00,6475,6475,6500,6500,0
2022-06-17 13:54:00,6475,6475,6475,6475,1200
2022-06-17 13:55:00,6475,6475,6475,6475,5600
2022-06-17 13:56:00,6475,6475,6475,6475,2500
2022-06-17 13:57:00,6475,6475,6475,6475,25200
2022-06-17 13:58:00,6475,6475,6475,6475,2900
2022-06-17 13:59:00,6475,6450,6475,6475,3400
2022-06-17 14:00:00,6475,6450,6475,6450,3200
2022-06-17 14:01:00,6475,6475,6475,6475,100
2022-06-17 14:02:00,6475,6475,6475,6475,7100
2022-06-17 14:03:00,6475,6475,6475,6475,900
2022-06-17 14:04:00,6475,6475,6475,6475,0
2022-06-17 14:05:00,6475,6475,6475,6475,0
2022-06-17 14:06:00,6450,6450,6450,6450,100
2022-06-17 14:07:00,6450,6450,6450,6450,12000
2022-06-17 14:08:00,6450,6450,6450,6450,2000
2022-06-17 14:09:00,6450,6450,6450,6450,0
2022-06-17 14:10:00,6475,6475,6475,6475,22700
2022-06-17 14:11:00,6450,6450,6475,6475,900
2022-06-17 14:12:00,6475,6475,6475,6475,2600
2022-06-17 14:13:00,6475,6475,6475,6475,2200
2022-06-17 14:14:00,6475,6475,6475,6475,1300
2022-06-17 14:15:00,6475,6475,6475,6475,3000
2022-06-17 14:16:00,6475,6475,6475,6475,8000
2022-06-17 14:17:00,6475,6475,6475,6475,8900
2022-06-17 14:18:00,6475,6450,6475,6450,3700
2022-06-17 14:19:00,6475,6450,6475,6450,0
2022-06-17 14:20:00,6450,6450,6450,6450,3600
2022-06-17 14:21:00,6450,6450,6450,6450,15000
2022-06-17 14:22:00,6450,6450,6475,6475,3600
2022-06-17 14:23:00,6450,6450,6450,6450,1700
2022-06-17 14:24:00,6450,6450,6450,6450,0
2022-06-17 14:25:00,6475,6450,6475,6450,1400
2022-06-17 14:26:00,6450,6450,6450,6450,2000
2022-06-17 14:27:00,6475,6450,6475,6450,2000
2022-06-17 14:28:00,6475,6450,6475,6450,13600
2022-06-17 14:29:00,6450,6450,6450,6450,1200
2022-06-17 14:30:00,6450,6450,6450,6450,5000
2022-06-17 14:31:00,6450,6450,6450,6450,500
2022-06-17 14:32:00,6475,6475,6475,6475,5400
2022-06-17 14:33:00,6475,6475,6475,6475,0
2022-06-17 14:34:00,6475,6450,6475,6450,2500
2022-06-17 14:35:00,6475,6450,6475,6475,2300
2022-06-17 14:36:00,6475,6475,6475,6475,26100
2022-06-17 14:37:00,6475,6475,6475,6475,0
2022-06-17 14:38:00,6475,6475,6475,6475,6500
2022-06-17 14:39:00,6475,6475,6500,6475,400
2022-06-17 14:40:00,6475,6475,6500,6500,10000
2022-06-17 14:41:00,6475,6475,6500,6500,3100
2022-06-17 14:42:00,6500,6475,6500,6475,12000
2022-06-17 14:43:00,6500,6475,6500,6475,9300
2022-06-17 14:44:00,6475,6475,6475,6475,1500
2022-06-17 14:45:00,6475,6475,6500,6500,5100
2022-06-17 14:46:00,6500,6475,6500,6475,5900
2022-06-17 14:47:00,6500,6500,6500,6500,3100
2022-06-17 14:48:00,6500,6500,6500,6500,100
2022-06-17 14:49:00,6475,6475,6500,6500,8400
2022-06-17 14:50:00,6475,6475,6500,6500,0
2022-06-17 14:51:00,6475,6475,6500,6500,0
2022-06-17 14:52:00,6475,6475,6500,6500,0
2022-06-17 14:53:00,6475,6475,6500,6500,0
2022-06-17 14:54:00,6475,6475,6500,6500,0
2022-06-17 14:55:00,6475,6475,6500,6500,0
2022-06-17 14:56:00,6475,6475,6500,6500,0
2022-06-17 14:57:00,6475,6475,6500,6500,0
2022-06-17 14:58:00,6475,6475,6500,6500,0
2022-06-17 14:59:00,6475,6475,6500,6500,0
2022-06-17 15:00:00,6450,6450,6450,6450,340200
2022-06-17 15:01:00,6450,6450,6450,6450,0
2022-06-17 15:02:00,6450,6450,6450,6450,0
2022-06-17 15:03:00,6450,6450,6450,6450,800
2022-06-17 15:04:00,6450,6450,6450,6450,8000
2022-06-17 15:05:00,6450,6450,6450,6450,200
2022-06-17 15:06:00,6450,6450,6450,6450,0
2022-06-17 15:07:00,6450,6450,6450,6450,100
2022-06-17 15:08:00,6450,6450,6450,6450,0
2022-06-17 15:09:00,6450,6450,6450,6450,0
2022-06-17 15:10:00,6450,6450,6450,6450,1000
2022-06-17 15:11:00,6450,6450,6450,6450,14900
2022-06-17 15:12:00,6450,6450,6450,6450,0
2022-06-17 15:13:00,6450,6450,6450,6450,0
2022-06-17 15:14:00,6450,6450,6450,6450,1300
2022-06-17 15:15:00,6450,6450,6450,6450,0
2022-06-17 15:16:00,6450,6450,6450,6450,0
2022-06-17 15:17:00,6450,6450,6450,6450,0
2022-06-17 15:18:00,6450,6450,6450,6450,0
2022-06-17 15:19:00,6450,6450,6450,6450,0
2022-06-17 15:20:00,6450,6450,6450,6450,0
2022-06-17 15:21:00,6450,6450,6450,6450,0
2022-06-17 15:22:00,6450,6450,6450,6450,0
2022-06-17 15:23:00,6450,6450,6450,6450,0
2022-06-17 15:24:00,6450,6450,6450,6450,0
2022-06-17 15:25:00,6450,6450,6450,6450,0
2022-06-17 15:26:00,6450,6450,6450,6450,0
2022-06-17 15:27:00,6450,6450,6450,6450,0
2022-06-17 15:28:00,6450,6450,6450,6450,0
2022-06-17 15:29:00,6450,6450,6450,6450,0
2022-06-17 15:30:00,6450,6450,6450,6450,0
2022-06-17 15:31:00,6450,6450,6450,6450,0
2022-06-17 15:32:00,6450,6450,6450,6450,0
2022-06-17 15:33:00,6450,6450,6450,6450,0
2022-06-17 15:34:00,6450,6450,6450,6450,0
2022-06-17 15:35:00,6450,6450,6450,6450,0
2022-06-17 15:36:00,6450,6450,6450,6450,0
2022-06-17 15:37:00,6450,6450,6450,6450,0
2022-06-17 15:38:00,6450,6450,6450,6450,0
2022-06-17 15:39:00,6450,6450,6450,6450,0
2022-06-17 15:40:00,6450,6450,6450,6450,0
2022-06-17 15:41:00,6450,6450,6450,6450,0
2022-06-17 15:42:00,6450,6450,6450,6450,0
2022-06-17 15:43:00,6450,6450,6450,6450,0
2022-06-17 15:44:00,6450,6450,6450,6450,0
2022-06-17 15:45:00,6450,6450,6450,6450,0
2022-06-17 15:46:00,6450,6450,6450,6450,0
2022-06-17 15:47:00,6450,6450,6450,6450,0
2022-06-17 15:48:00,6450,6450,6450,6450,0
2022-06-17 15:49:00,6450,6450,6450,6450,0
2022-06-17 15:50:00,6450,6450,6450,6450,0
2022-06-17 15:51:00,6450,6450,6450,6450,0
2022-06-17 15:52:00,6450,6450,6450,6450,0
2022-06-17 15:53:00,6450,6450,6450,6450,0
2022-06-17 15:54:00,6450,6450,6450,6450,0
2022-06-17 15:55:00,6450,6450,6450,6450,0
2022-06-17 15:56:00,6450,6450,6450,6450,0
2022-06-17 15:57:00,6450,6450,6450,6450,0
2022-06-17 15:58:00,6450,6450,6450,6450,0
2022-06-17 15:59:00,6450,6450,6450,6450,0
2022-06-20 09:00:00,6500,6475,6500,6475,700
2022-06-20 09:01:00,6475,6475,6500,6500,1100
2022-06-20 09:02:00,6500,6500,6500,6500,2100
2022-06-20 09:03:00,6500,6500,6500,6500,200
2022-06-20 09:04:00,6500,6500,6500,6500,1700
2022-06-20 09:05:00,6500,6475,6500,6475,1500
2022-06-20 09:06:00,6475,6475,6500,6500,900
2022-06-20 09:07:00,6500,6500,6500,6500,2900
2022-06-20 09:08:00,6475,6475,6500,6500,22300
2022-06-20 09:09:00,6475,6475,6500,6475,14800
2022-06-20 09:10:00,6475,6450,6475,6450,44100
2022-06-20 09:11:00,6450,6425,6450,6425,8800
2022-06-20 09:12:00,6450,6425,6450,6425,20600
2022-06-20 09:13:00,6450,6425,6450,6425,2300
2022-06-20 09:14:00,6450,6425,6450,6425,16200
2022-06-20 09:15:00,6425,6425,6450,6450,104100
2022-06-20 09:16:00,6450,6450,6450,6450,200
2022-06-20 09:17:00,6450,6450,6450,6450,5300
2022-06-20 09:18:00,6450,6450,6450,6450,3000
2022-06-20 09:19:00,6450,6450,6475,6475,2500
2022-06-20 09:20:00,6475,6450,6475,6450,2800
2022-06-20 09:21:00,6425,6425,6450,6450,400
2022-06-20 09:22:00,6450,6450,6450,6450,900
2022-06-20 09:23:00,6450,6425,6450,6450,12800
2022-06-20 09:24:00,6450,6425,6450,6425,800
2022-06-20 09:25:00,6425,6425,6450,6450,700
2022-06-20 09:26:00,6450,6425,6450,6450,1200
2022-06-20 09:27:00,6450,6450,6450,6450,200
2022-06-20 09:28:00,6450,6450,6450,6450,400
2022-06-20 09:29:00,6450,6450,6450,6450,900
2022-06-20 09:30:00,6450,6450,6450,6450,300
2022-06-20 09:31:00,6450,6425,6450,6450,1500
2022-06-20 09:32:00,6425,6425,6450,6450,2100
2022-06-20 09:33:00,6450,6450,6450,6450,300
2022-06-20 09:34:00,6450,6450,6450,6450,2100
2022-06-20 09:35:00,6450,6450,6450,6450,600
2022-06-20 09:36:00,6450,6450,6450,6450,200
2022-06-20 09:37:00,6450,6425,6450,6425,900
2022-06-20 09:38:00,6450,6425,6450,6450,31400
2022-06-20 09:39:00,6425,6400,6425,6400,250500
2022-06-20 09:40:00,6425,6425,6425,6425,400
2022-06-20 09:41:00,6425,6400,6425,6400,700
2022-06-20 09:42:00,6400,6400,6425,6425,300
2022-06-20 09:43:00,6425,6425,6425,6425,9200
2022-06-20 09:44:00,6425,6425,6450,6450,8000
2022-06-20 09:45:00,6425,6425,6450,6450,1200
2022-06-20 09:46:00,6450,6450,6450,6450,200
2022-06-20 09:47:00,6425,6425,6425,6425,35300
2022-06-20 09:48:00,6425,6425,6425,6425,1200
2022-06-20 09:49:00,6425,6400,6425,6400,3600
2022-06-20 09:50:00,6400,6400,6425,6400,800
2022-06-20 09:51:00,6425,6425,6425,6425,2100
2022-06-20 09:52:00,6425,6400,6425,6400,1700
2022-06-20 09:53:00,6425,6425,6425,6425,600
2022-06-20 09:54:00,6425,6425,6425,6425,3800
2022-06-20 09:55:00,6425,6400,6425,6400,52000
2022-06-20 09:56:00,6400,6400,6425,6400,2700
2022-06-20 09:57:00,6425,6425,6425,6425,400
2022-06-20 09:58:00,6425,6400,6425,6400,104100
2022-06-20 09:59:00,6400,6400,6400,6400,500
2022-06-20 10:00:00,6400,6400,6400,6400,2100
2022-06-20 10:01:00,6400,6400,6400,6400,1600
2022-06-20 10:02:00,6400,6375,6400,6375,38000
2022-06-20 10:03:00,6375,6375,6400,6400,900
2022-06-20 10:04:00,6400,6400,6400,6400,2000
2022-06-20 10:05:00,6400,6375,6400,6400,1200
2022-06-20 10:06:00,6400,6400,6400,6400,1800
2022-06-20 10:07:00,6400,6400,6425,6425,64600
2022-06-20 10:08:00,6425,6400,6425,6425,2700
2022-06-20 10:09:00,6425,6425,6425,6425,4400
2022-06-20 10:10:00,6425,6425,6425,6425,1000
2022-06-20 10:11:00,6425,6425,6425,6425,1500
2022-06-20 10:12:00,6425,6400,6425,6400,7300
2022-06-20 10:13:00,6450,6450,6450,6450,400
2022-06-20 10:14:00,6450,6450,6450,6450,200
2022-06-20 10:15:00,6450,6450,6450,6450,200
2022-06-20 10:16:00,6450,6450,6450,6450,101600
2022-06-20 10:17:00,6450,6450,6450,6450,200
2022-06-20 10:18:00,6450,6450,6450,6450,200
2022-06-20 10:19:00,6450,6450,6450,6450,3200
2022-06-20 10:20:00,6450,6450,6450,6450,1700
2022-06-20 10:21:00,6450,6450,6450,6450,32400
2022-06-20 10:22:00,6475,6450,6475,6450,53100
2022-06-20 10:23:00,6450,6425,6450,6425,5800
2022-06-20 10:24:00,6450,6450,6450,6450,900
2022-06-20 10:25:00,6450,6425,6450,6425,500
2022-06-20 10:26:00,6450,6425,6450,6450,4400
2022-06-20 10:27:00,6450,6450,6450,6450,5100
2022-06-20 10:28:00,6425,6425,6450,6450,56300
2022-06-20 10:29:00,6450,6425,6450,6425,2400
2022-06-20 10:30:00,6425,6425,6450,6450,400
2022-06-20 10:31:00,6450,6425,6450,6425,300
2022-06-20 10:32:00,6450,6425,6450,6425,10100
2022-06-20 10:33:00,6450,6450,6450,6450,500
2022-06-20 10:34:00,6450,6450,6450,6450,600
2022-06-20 10:35:00,6425,6425,6450,6450,4100
2022-06-20 10:36:00,6450,6450,6475,6450,2500
2022-06-20 10:37:00,6475,6475,6475,6475,200
2022-06-20 10:38:00,6475,6450,6475,6450,300
2022-06-20 10:39:00,6475,6475,6475,6475,400
2022-06-20 10:40:00,6475,6450,6475,6450,2100
2022-06-20 10:41:00,6450,6450,6450,6450,3700
2022-06-20 10:42:00,6425,6425,6425,6425,5000
2022-06-20 10:43:00,6450,6450,6450,6450,500
2022-06-20 10:44:00,6450,6450,6450,6450,400
2022-06-20 10:45:00,6450,6450,6450,6450,1000
2022-06-20 10:46:00,6450,6450,6450,6450,400
2022-06-20 10:47:00,6450,6450,6450,6450,400
2022-06-20 10:48:00,6450,6425,6450,6450,4800
2022-06-20 10:49:00,6450,6425,6450,6450,3900
2022-06-20 10:50:00,6450,6425,6450,6450,0
2022-06-20 10:51:00,6425,6425,6425,6425,1900
2022-06-20 10:52:00,6450,6450,6450,6450,200
2022-06-20 10:53:00,6450,6450,6450,6450,200
2022-06-20 10:54:00,6450,6450,6450,6450,200
2022-06-20 10:55:00,6425,6425,6450,6450,20400
2022-06-20 10:56:00,6450,6450,6450,6450,200
2022-06-20 10:57:00,6450,6450,6450,6450,200
2022-06-20 10:58:00,6450,6450,6450,6450,1200
2022-06-20 10:59:00,6450,6450,6450,6450,800
2022-06-20 11:00:00,6450,6450,6450,6450,400
2022-06-20 11:01:00,6450,6450,6450,6450,200
2022-06-20 11:02:00,6450,6450,6450,6450,400
2022-06-20 11:03:00,6450,6450,6450,6450,200
2022-06-20 11:04:00,6450,6450,6450,6450,200
2022-06-20 11:05:00,6450,6425,6450,6450,5400
2022-06-20 11:06:00,6450,6450,6450,6450,200
2022-06-20 11:07:00,6450,6450,6450,6450,200
2022-06-20 11:08:00,6450,6450,6450,6450,400
2022-06-20 11:09:00,6450,6450,6450,6450,200
2022-06-20 11:10:00,6450,6425,6450,6425,9700
2022-06-20 11:11:00,6425,6425,6425,6425,12300
2022-06-20 11:12:00,6450,6425,6450,6425,2600
2022-06-20 11:13:00,6450,6425,6450,6425,0
2022-06-20 11:14:00,6450,6425,6450,6425,0
2022-06-20 11:15:00,6450,6425,6450,6425,0
2022-06-20 11:16:00,6425,6425,6425,6425,500
2022-06-20 11:17:00,6450,6400,6450,6400,38700
2022-06-20 11:18:00,6400,6400,6400,6400,2000
2022-06-20 11:19:00,6400,6400,6400,6400,0
2022-06-20 11:20:00,6400,6400,6425,6400,7700
2022-06-20 11:21:00,6400,6400,6450,6450,800
2022-06-20 11:22:00,6400,6400,6450,6450,0
2022-06-20 11:23:00,6450,6450,6450,6450,200
2022-06-20 11:24:00,6450,6450,6450,6450,100
2022-06-20 11:25:00,6425,6425,6425,6425,300
2022-06-20 11:26:00,6425,6425,6425,6425,0
2022-06-20 11:27:00,6450,6450,6450,6450,100
2022-06-20 11:28:00,6450,6450,6450,6450,0
2022-06-20 11:29:00,6450,6450,6450,6450,0
2022-06-20 11:30:00,6450,6450,6450,6450,0
2022-06-20 11:31:00,6450,6450,6450,6450,0
2022-06-20 11:32:00,6450,6450,6450,6450,0
2022-06-20 11:33:00,6450,6450,6450,6450,0
2022-06-20 11:34:00,6450,6450,6450,6450,0
2022-06-20 11:35:00,6450,6450,6450,6450,0
2022-06-20 11:36:00,6450,6450,6450,6450,0
2022-06-20 11:37:00,6450,6450,6450,6450,0
2022-06-20 11:38:00,6450,6450,6450,6450,0
2022-06-20 11:39:00,6450,6450,6450,6450,0
2022-06-20 11:40:00,6450,6450,6450,6450,0
2022-06-20 11:41:00,6450,6450,6450,6450,0
2022-06-20 11:42:00,6450,6450,6450,6450,0
2022-06-20 11:43:00,6450,6450,6450,6450,0
2022-06-20 11:44:00,6450,6450,6450,6450,0
2022-06-20 11:45:00,6450,6450,6450,6450,0
2022-06-20 11:46:00,6450,6450,6450,6450,0
2022-06-20 11:47:00,6450,6450,6450,6450,0
2022-06-20 11:48:00,6450,6450,6450,6450,0
2022-06-20 11:49:00,6450,6450,6450,6450,0
2022-06-20 11:50:00,6450,6450,6450,6450,0
2022-06-20 11:51:00,6450,6450,6450,6450,0
2022-06-20 11:52:00,6450,6450,6450,6450,0
2022-06-20 11:53:00,6450,6450,6450,6450,0
2022-06-20 11:54:00,6450,6450,6450,6450,0
2022-06-20 11:55:00,6450,6450,6450,6450,0
2022-06-20 11:56:00,6450,6450,6450,6450,0
2022-06-20 11:57:00,6450,6450,6450,6450,0
2022-06-20 11:58:00,6450,6450,6450,6450,0
2022-06-20 11:59:00,6450,6450,6450,6450,0
2022-06-20 12:00:00,6450,6450,6450,6450,0
2022-06-20 12:01:00,6450,6450,6450,6450,0
2022-06-20 12:02:00,6450,6450,6450,6450,0
2022-06-20 12:03:00,6450,6450,6450,6450,0
2022-06-20 12:04:00,6450,6450,6450,6450,0
2022-06-20 12:05:00,6450,6450,6450,6450,0
2022-06-20 12:06:00,6450,6450,6450,6450,0
2022-06-20 12:07:00,6450,6450,6450,6450,0
2022-06-20 12:08:00,6450,6450,6450,6450,0
2022-06-20 12:09:00,6450,6450,6450,6450,0
2022-06-20 12:10:00,6450,6450,6450,6450,0
2022-06-20 12:11:00,6450,6450,6450,6450,0
2022-06-20 12:12:00,6450,6450,6450,6450,0
2022-06-20 12:13:00,6450,6450,6450,6450,0
2022-06-20 12:14:00,6450,6450,6450,6450,0
2022-06-20 12:15:00,6450,6450,6450,6450,0
2022-06-20 12:16:00,6450,6450,6450,6450,0
2022-06-20 12:17:00,6450,6450,6450,6450,0
2022-06-20 12:18:00,6450,6450,6450,6450,0
2022-06-20 12:19:00,6450,6450,6450,6450,0
2022-06-20 12:20:00,6450,6450,6450,6450,0
2022-06-20 12:21:00,6450,6450,6450,6450,0
2022-06-20 12:22:00,6450,6450,6450,6450,0
2022-06-20 12:23:00,6450,6450,6450,6450,0
2022-06-20 12:24:00,6450,6450,6450,6450,0
2022-06-20 12:25:00,6450,6450,6450,6450,0
2022-06-20 12:26:00,6450,6450,6450,6450,0
2022-06-20 12:27:00,6450,6450,6450,6450,0
2022-06-20 12:28:00,6450,6450,6450,6450,0
2022-06-20 12:29:00,6450,6450,6450,6450,0
2022-06-20 12:30:00,6450,6450,6450,6450,0
2022-06-20 12:31:00,6450,6450,6450,6450,0
2022-06-20 12:32:00,6450,6450,6450,6450,0
2022-06-20 12:33:00,6450,6450,6450,6450,0
2022-06-20 12:34:00,6450,6450,6450,6450,0
2022-06-20 12:35:00,6450,6450,6450,6450,0
2022-06-20 12:36:00,6450,6450,6450,6450,0
2022-06-20 12:37:00,6450,6450,6450,6450,0
2022-06-20 12:38:00,6450,6450,6450,6450,0
2022-06-20 12:39:00,6450,6450,6450,6450,0
2022-06-20 12:40:00,6450,6450,6450,6450,0
2022-06-20 12:41:00,6450,6450,6450,6450,0
2022-06-20 12:42:00,6450,6450,6450,6450,0
2022-06-20 12:43:00,6450,6450,6450,6450,0
2022-06-20 12:44:00,6450,6450,6450,6450,0
2022-06-20 12:45:00,6450,6450,6450,6450,0
2022-06-20 12:46:00,6450,6450,6450,6450,0
2022-06-20 12:47:00,6450,6450,6450,6450,0
2022-06-20 12:48:00,6450,6450,6450,6450,0
2022-06-20 12:49:00,6450,6450,6450,6450,0
2022-06-20 12:50:00,6450,6450,6450,6450,0
2022-06-20 12:51:00,6450,6450,6450,6450,0
2022-06-20 12:52:00,6450,6450,6450,6450,0
2022-06-20 12:53:00,6450,6450,6450,6450,0
2022-06-20 12:54:00,6450,6450,6450,6450,0
2022-06-20 12:55:00,6450,6450,6450,6450,0
2022-06-20 12:56:00,6450,6450,6450,6450,0
2022-06-20 12:57:00,6450,6450,6450,6450,0
2022-06-20 12:58:00,6450,6450,6450,6450,0
2022-06-20 12:59:00,6450,6450,6450,6450,0
2022-06-20 13:00:00,6450,6450,6450,6450,0
2022-06-20 13:01:00,6450,6450,6450,6450,0
2022-06-20 13:02:00,6450,6450,6450,6450,0
2022-06-20 13:03:00,6450,6450,6450,6450,0
2022-06-20 13:04:00,6450,6450,6450,6450,0
2022-06-20 13:05:00,6450,6450,6450,6450,0
2022-06-20 13:06:00,6450,6450,6450,6450,0
2022-06-20 13:07:00,6450,6450,6450,6450,0
2022-06-20 13:08:00,6450,6450,6450,6450,0
2022-06-20 13:09:00,6450,6450,6450,6450,0
2022-06-20 13:10:00,6450,6450,6450,6450,0
2022-06-20 13:11:00,6450,6450,6450,6450,0
2022-06-20 13:12:00,6450,6450,6450,6450,0
2022-06-20 13:13:00,6450,6450,6450,6450,0
2022-06-20 13:14:00,6450,6450,6450,6450,0
2022-06-20 13:15:00,6450,6450,6450,6450,0
2022-06-20 13:16:00,6450,6450,6450,6450,0
2022-06-20 13:17:00,6450,6450,6450,6450,0
2022-06-20 13:18:00,6450,6450,6450,6450,0
2022-06-20 13:19:00,6450,6450,6450,6450,0
2022-06-20 13:20:00,6450,6450,6450,6450,0
2022-06-20 13:21:00,6450,6450,6450,6450,0
2022-06-20 13:22:00,6450,6450,6450,6450,0
2022-06-20 13:23:00,6450,6450,6450,6450,0
2022-06-20 13:24:00,6450,6450,6450,6450,0
2022-06-20 13:25:00,6450,6450,6450,6450,0
2022-06-20 13:26:00,6450,6450,6450,6450,0
2022-06-20 13:27:00,6450,6450,6450,6450,0
2022-06-20 13:28:00,6450,6450,6450,6450,0
2022-06-20 13:29:00,6450,6450,6450,6450,0
2022-06-20 13:30:00,6450,6425,6450,6425,12600
2022-06-20 13:31:00,6425,6425,6425,6425,1000
2022-06-20 13:32:00,6425,6425,6425,6425,0
2022-06-20 13:33:00,6425,6425,6425,6425,0
2022-06-20 13:34:00,6425,6425,6425,6425,0
2022-06-20 13:35:00,6425,6425,6425,6425,100
2022-06-20 13:36:00,6425,6425,6425,6425,100
2022-06-20 13:37:00,6450,6450,6450,6450,200
2022-06-20 13:38:00,6450,6450,6450,6450,5000
2022-06-20 13:39:00,6450,6450,6450,6450,0
2022-06-20 13:40:00,6450,6425,6450,6450,5200
2022-06-20 13:41:00,6425,6425,6425,6425,1200
2022-06-20 13:42:00,6425,6425,6425,6425,0
2022-06-20 13:43:00,6450,6450,6450,6450,1200
2022-06-20 13:44:00,6450,6450,6450,6450,5500
2022-06-20 13:45:00,6450,6450,6450,6450,500
2022-06-20 13:46:00,6450,6450,6450,6450,5000
2022-06-20 13:47:00,6450,6450,6450,6450,5200
2022-06-20 13:48:00,6450,6450,6450,6450,100
2022-06-20 13:49:00,6450,6450,6450,6450,0
2022-06-20 13:50:00,6450,6450,6450,6450,100
2022-06-20 13:51:00,6450,6450,6450,6450,0
2022-06-20 13:52:00,6450,6450,6450,6450,400
2022-06-20 13:53:00,6475,6475,6475,6475,100
2022-06-20 13:54:00,6450,6450,6450,6450,1000
2022-06-20 13:55:00,6450,6450,6450,6450,0
2022-06-20 13:56:00,6450,6450,6450,6450,0
2022-06-20 13:57:00,6450,6450,6450,6450,1200
2022-06-20 13:58:00,6475,6475,6475,6475,4400
2022-06-20 13:59:00,6475,6475,6475,6475,100
2022-06-20 14:00:00,6475,6475,6475,6475,100
2022-06-20 14:01:00,6475,6475,6475,6475,100
2022-06-20 14:02:00,6475,6475,6475,6475,500
2022-06-20 14:03:00,6450,6450,6475,6475,400
2022-06-20 14:04:00,6450,6450,6450,6450,30700
2022-06-20 14:05:00,6450,6450,6450,6450,700
2022-06-20 14:06:00,6450,6450,6450,6450,400
2022-06-20 14:07:00,6450,6450,6450,6450,0
2022-06-20 14:08:00,6450,6450,6450,6450,16800
2022-06-20 14:09:00,6450,6450,6450,6450,1000
2022-06-20 14:10:00,6475,6475,6475,6475,100
2022-06-20 14:11:00,6475,6475,6475,6475,0
2022-06-20 14:12:00,6475,6475,6475,6475,0
2022-06-20 14:13:00,6450,6450,6450,6450,300
2022-06-20 14:14:00,6450,6450,6450,6450,5500
2022-06-20 14:15:00,6475,6450,6475,6450,15600
2022-06-20 14:16:00,6450,6450,6450,6450,2200
2022-06-20 14:17:00,6450,6450,6450,6450,0
2022-06-20 14:18:00,6450,6450,6450,6450,0
2022-06-20 14:19:00,6450,6450,6450,6450,0
2022-06-20 14:20:00,6450,6450,6450,6450,400
2022-06-20 14:21:00,6450,6450,6450,6450,0
2022-06-20 14:22:00,6450,6450,6450,6450,10000
2022-06-20 14:23:00,6450,6450,6450,6450,0
2022-06-20 14:24:00,6450,6450,6450,6450,1600
2022-06-20 14:25:00,6450,6450,6450,6450,0
2022-06-20 14:26:00,6450,6450,6450,6450,0
2022-06-20 14:27:00,6450,6450,6450,6450,1600
2022-06-20 14:28:00,6450,6450,6450,6450,3000
2022-06-20 14:29:00,6450,6450,6450,6450,0
2022-06-20 14:30:00,6475,6450,6475,6450,25100
2022-06-20 14:31:00,6450,6450,6450,6450,1500
2022-06-20 14:32:00,6450,6450,6450,6450,44500
2022-06-20 14:33:00,6450,6450,6450,6450,100
2022-06-20 14:34:00,6450,6450,6450,6450,9100
2022-06-20 14:35:00,6450,6450,6450,6450,0
2022-06-20 14:36:00,6450,6450,6450,6450,0
2022-06-20 14:37:00,6450,6450,6450,6450,0
2022-06-20 14:38:00,6450,6450,6450,6450,2300
2022-06-20 14:39:00,6450,6450,6475,6475,7100
2022-06-20 14:40:00,6450,6450,6475,6475,0
2022-06-20 14:41:00,6475,6475,6475,6475,1000
2022-06-20 14:42:00,6475,6475,6475,6475,500
2022-06-20 14:43:00,6450,6450,6450,6450,200
2022-06-20 14:44:00,6450,6450,6450,6450,37200
2022-06-20 14:45:00,6475,6450,6475,6450,700
2022-06-20 14:46:00,6475,6475,6475,6475,700
2022-06-20 14:47:00,6475,6475,6475,6475,3600
2022-06-20 14:48:00,6475,6450,6475,6450,3300
2022-06-20 14:49:00,6450,6450,6475,6450,10400
2022-06-20 14:50:00,6450,6450,6475,6450,0
2022-06-20 14:51:00,6450,6450,6475,6450,0
2022-06-20 14:52:00,6450,6450,6475,6450,0
2022-06-20 14:53:00,6450,6450,6475,6450,0
2022-06-20 14:54:00,6450,6450,6475,6450,0
2022-06-20 14:55:00,6450,6450,6475,6450,0
2022-06-20 14:56:00,6450,6450,6475,6450,0
2022-06-20 14:57:00,6450,6450,6475,6450,0
2022-06-20 14:58:00,6450,6450,6475,6450,0
2022-06-20 14:59:00,6450,6450,6475,6450,0
2022-06-20 15:00:00,6475,6475,6475,6475,52600
2022-06-20 15:01:00,6475,6475,6475,6475,600
2022-06-20 15:02:00,6475,6475,6475,6475,3400
2022-06-20 15:03:00,6475,6475,6475,6475,1500
2022-06-20 15:04:00,6475,6475,6475,6475,12600
2022-06-20 15:05:00,6475,6475,6475,6475,0
2022-06-20 15:06:00,6475,6475,6475,6475,1400
2022-06-20 15:07:00,6475,6475,6475,6475,32700
2022-06-20 15:08:00,6475,6475,6475,6475,100
2022-06-20 15:09:00,6475,6475,6475,6475,800
2022-06-20 15:10:00,6475,6475,6475,6475,300
2022-06-20 15:11:00,6475,6475,6475,6475,23200
2022-06-20 15:12:00,6475,6475,6475,6475,0
2022-06-20 15:13:00,6475,6475,6475,6475,20000
2022-06-20 15:14:00,6475,6475,6475,6475,0
2022-06-20 15:15:00,6475,6475,6475,6475,0
2022-06-20 15:16:00,6475,6475,6475,6475,0
2022-06-20 15:17:00,6475,6475,6475,6475,0
2022-06-20 15:18:00,6475,6475,6475,6475,0
2022-06-20 15:19:00,6475,6475,6475,6475,0
2022-06-20 15:20:00,6475,6475,6475,6475,0
2022-06-20 15:21:00,6475,6475,6475,6475,0
2022-06-20 15:22:00,6475,6475,6475,6475,0
2022-06-20 15:23:00,6475,6475,6475,6475,0
2022-06-20 15:24:00,6475,6475,6475,6475,0
2022-06-20 15:25:00,6475,6475,6475,6475,0
2022-06-20 15:26:00,6475,6475,6475,6475,0
2022-06-20 15:27:00,6475,6475,6475,6475,0
2022-06-20 15:28:00,6475,6475,6475,6475,0
2022-06-20 15:29:00,6475,6475,6475,6475,0
2022-06-20 15:30:00,6475,6475,6475,6475,0
2022-06-20 15:31:00,6475,6475,6475,6475,0
2022-06-20 15:32:00,6475,6475,6475,6475,0
2022-06-20 15:33:00,6475,6475,6475,6475,0
2022-06-20 15:34:00,6475,6475,6475,6475,0
2022-06-20 15:35:00,6475,6475,6475,6475,0
2022-06-20 15:36:00,6475,6475,6475,6475,0
2022-06-20 15:37:00,6475,6475,6475,6475,0
2022-06-20 15:38:00,6475,6475,6475,6475,0
2022-06-20 15:39:00,6475,6475,6475,6475,0
2022-06-20 15:40:00,6475,6475,6475,6475,0
2022-06-20 15:41:00,6475,6475,6475,6475,0
2022-06-20 15:42:00,6475,6475,6475,6475,0
2022-06-20 15:43:00,6475,6475,6475,6475,0
2022-06-20 15:44:00,6475,6475,6475,6475,0
2022-06-20 15:45:00,6475,6475,6475,6475,0
2022-06-20 15:46:00,6475,6475,6475,6475,0
2022-06-20 15:47:00,6475,6475,6475,6475,0
2022-06-20 15:48:00,6475,6475,6475,6475,0
2022-06-20 15:49:00,6475,6475,6475,6475,0
2022-06-20 15:50:00,6475,6475,6475,6475,0
2022-06-20 15:51:00,6475,6475,6475,6475,0
2022-06-20 15:52:00,6475,6475,6475,6475,0
2022-06-20 15:53:00,6475,6475,6475,6475,0
2022-06-20 15:54:00,6475,6475,6475,6475,0
2022-06-20 15:55:00,6475,6475,6475,6475,0
2022-06-20 15:56:00,6475,6475,6475,6475,0
2022-06-20 15:57:00,6475,6475,6475,6475,0
2022-06-20 15:58:00,6475,6475,6475,6475,0
2022-06-20 15:59:00,6475,6475,6475,6475,0
2022-06-21 09:00:00,6475,6475,6525,6500,1000
2022-06-21 09:01:00,6500,6500,6500,6500,7100
2022-06-21 09:02:00,6500,6500,6500,6500,3200
2022-06-21 09:03:00,6500,6500,6500,6500,10200
2022-06-21 09:04:00,6500,6500,6500,6500,4900
2022-06-21 09:05:00,6500,6500,6525,6525,1900
2022-06-21 09:06:00,6525,6525,6525,6525,700
2022-06-21 09:07:00,6525,6500,6525,6525,18800
2022-06-21 09:08:00,6525,6500,6525,6500,4000
2022-06-21 09:09:00,6525,6500,6525,6500,300
2022-06-21 09:10:00,6500,6500,6500,6500,200
2022-06-21 09:11:00,6500,6500,6500,6500,1900
2022-06-21 09:12:00,6500,6500,6500,6500,9500
2022-06-21 09:13:00,6500,6500,6500,6500,21100
2022-06-21 09:14:00,6500,6500,6500,6500,7700
2022-06-21 09:15:00,6500,6500,6500,6500,0
2022-06-21 09:16:00,6525,6525,6525,6525,100
2022-06-21 09:17:00,6525,6525,6525,6525,5000
2022-06-21 09:18:00,6525,6500,6525,6500,14500
2022-06-21 09:19:00,6525,6525,6525,6525,900
2022-06-21 09:20:00,6500,6500,6500,6500,10000
2022-06-21 09:21:00,6500,6500,6500,6500,3000
2022-06-21 09:22:00,6500,6500,6500,6500,0
2022-06-21 09:23:00,6500,6500,6500,6500,0
2022-06-21 09:24:00,6500,6500,6500,6500,11500
2022-06-21 09:25:00,6525,6525,6525,6525,3000
2022-06-21 09:26:00,6500,6475,6500,6475,139600
2022-06-21 09:27:00,6475,6475,6475,6475,900
2022-06-21 09:28:00,6475,6475,6475,6475,200
2022-06-21 09:29:00,6475,6475,6475,6475,25300
2022-06-21 09:30:00,6475,6450,6475,6475,14500
2022-06-21 09:31:00,6475,6450,6475,6475,4000
2022-06-21 09:32:00,6475,6475,6475,6475,22800
2022-06-21 09:33:00,6475,6475,6500,6500,13000
2022-06-21 09:34:00,6475,6475,6475,6475,10700
2022-06-21 09:35:00,6500,6500,6500,6500,1000
2022-06-21 09:36:00,6500,6500,6500,6500,400
2022-06-21 09:37:00,6500,6500,6500,6500,1200
2022-06-21 09:38:00,6500,6500,6500,6500,3500
2022-06-21 09:39:00,6500,6500,6500,6500,800
2022-06-21 09:40:00,6500,6500,6500,6500,0
2022-06-21 09:41:00,6500,6500,6500,6500,40900
2022-06-21 09:42:00,6525,6500,6525,6500,200
2022-06-21 09:43:00,6525,6500,6525,6500,0
2022-06-21 09:44:00,6525,6500,6525,6500,0
2022-06-21 09:45:00,6525,6500,6525,6500,0
2022-06-21 09:46:00,6500,6500,6500,6500,3800
2022-06-21 09:47:00,6500,6500,6500,6500,0
2022-06-21 09:48:00,6500,6500,6500,6500,0
2022-06-21 09:49:00,6500,6500,6500,6500,0
2022-06-21 09:50:00,6500,6500,6525,6525,200
2022-06-21 09:51:00,6500,6500,6525,6525,0
2022-06-21 09:52:00,6525,6525,6525,6525,2800
2022-06-21 09:53:00,6500,6500,6525,6525,60200
2022-06-21 09:54:00,6525,6525,6525,6525,1700
2022-06-21 09:55:00,6525,6525,6525,6525,5000
2022-06-21 09:56:00,6525,6500,6525,6500,15800
2022-06-21 09:57:00,6525,6500,6525,6500,0
2022-06-21 09:58:00,6525,6500,6525,6500,0
2022-06-21 09:59:00,6525,6525,6525,6525,1500
2022-06-21 10:00:00,6500,6500,6525,6525,5100
2022-06-21 10:01:00,6525,6525,6525,6525,1200
2022-06-21 10:02:00,6525,6525,6525,6525,100
2022-06-21 10:03:00,6525,6525,6525,6525,30000
2022-06-21 10:04:00,6525,6525,6525,6525,100
2022-06-21 10:05:00,6525,6525,6525,6525,0
2022-06-21 10:06:00,6525,6525,6525,6525,13300
2022-06-21 10:07:00,6525,6500,6525,6525,23100
2022-06-21 10:08:00,6525,6525,6525,6525,10400
2022-06-21 10:09:00,6525,6525,6525,6525,1300
2022-06-21 10:10:00,6525,6525,6525,6525,2000
2022-06-21 10:11:00,6550,6525,6550,6525,27000
2022-06-21 10:12:00,6525,6525,6525,6525,2500
2022-06-21 10:13:00,6525,6525,6525,6525,100
2022-06-21 10:14:00,6525,6525,6525,6525,4300
2022-06-21 10:15:00,6525,6525,6525,6525,1000
2022-06-21 10:16:00,6525,6525,6525,6525,0
2022-06-21 10:17:00,6525,6525,6525,6525,0
2022-06-21 10:18:00,6525,6525,6525,6525,200
2022-06-21 10:19:00,6525,6525,6525,6525,1100
2022-06-21 10:20:00,6525,6525,6525,6525,100
2022-06-21 10:21:00,6525,6525,6525,6525,0
2022-06-21 10:22:00,6525,6525,6525,6525,0
2022-06-21 10:23:00,6525,6525,6525,6525,2100
2022-06-21 10:24:00,6525,6525,6525,6525,500
2022-06-21 10:25:00,6525,6525,6525,6525,100
2022-06-21 10:26:00,6525,6525,6525,6525,5900
2022-06-21 10:27:00,6500,6500,6500,6500,1400
2022-06-21 10:28:00,6525,6525,6525,6525,1100
2022-06-21 10:29:00,6525,6525,6525,6525,0
2022-06-21 10:30:00,6525,6525,6525,6525,1000
2022-06-21 10:31:00,6525,6525,6525,6525,5100
2022-06-21 10:32:00,6525,6500,6525,6500,29400
2022-06-21 10:33:00,6525,6525,6525,6525,100
2022-06-21 10:34:00,6525,6500,6525,6500,8500
2022-06-21 10:35:00,6525,6500,6525,6500,0
2022-06-21 10:36:00,6500,6500,6500,6500,1200
2022-06-21 10:37:00,6500,6500,6500,6500,500
2022-06-21 10:38:00,6500,6500,6500,6500,0
2022-06-21 10:39:00,6500,6500,6525,6525,1900
2022-06-21 10:40:00,6500,6500,6525,6525,0
2022-06-21 10:41:00,6525,6525,6525,6525,100
2022-06-21 10:42:00,6525,6525,6525,6525,0
2022-06-21 10:43:00,6525,6525,6525,6525,12000
2022-06-21 10:44:00,6525,6525,6525,6525,100
2022-06-21 10:45:00,6525,6525,6525,6525,100
2022-06-21 10:46:00,6525,6525,6525,6525,600
2022-06-21 10:47:00,6525,6525,6525,6525,1000
2022-06-21 10:48:00,6525,6525,6525,6525,100
2022-06-21 10:49:00,6525,6525,6525,6525,0
2022-06-21 10:50:00,6525,6525,6525,6525,2000
2022-06-21 10:51:00,6525,6525,6525,6525,1500
2022-06-21 10:52:00,6525,6500,6525,6500,10800
2022-06-21 10:53:00,6525,6500,6525,6500,0
2022-06-21 10:54:00,6500,6500,6500,6500,5500
2022-06-21 10:55:00,6500,6500,6500,6500,0
2022-06-21 10:56:00,6500,6500,6500,6500,56100
2022-06-21 10:57:00,6500,6475,6500,6475,32500
2022-06-21 10:58:00,6500,6475,6500,6475,0
2022-06-21 10:59:00,6475,6475,6475,6475,1000
2022-06-21 11:00:00,6500,6500,6500,6500,1000
2022-06-21 11:01:00,6500,6500,6500,6500,16600
2022-06-21 11:02:00,6500,6500,6500,6500,0
2022-06-21 11:03:00,6500,6500,6500,6500,0
2022-06-21 11:04:00,6500,6500,6500,6500,200
2022-06-21 11:05:00,6500,6500,6500,6500,18000
2022-06-21 11:06:00,6500,6500,6500,6500,1000
2022-06-21 11:07:00,6525,6525,6525,6525,200
2022-06-21 11:08:00,6525,6525,6525,6525,400
2022-06-21 11:09:00,6525,6525,6525,6525,0
2022-06-21 11:10:00,6525,6525,6525,6525,0
2022-06-21 11:11:00,6525,6525,6525,6525,0
2022-06-21 11:12:00,6500,6500,6525,6525,9300
2022-06-21 11:13:00,6500,6500,6500,6500,5000
2022-06-21 11:14:00,6500,6500,6500,6500,0
2022-06-21 11:15:00,6500,6500,6500,6500,100
2022-06-21 11:16:00,6500,6500,6500,6500,5000
2022-06-21 11:17:00,6500,6500,6500,6500,0
2022-06-21 11:18:00,6500,6500,6500,6500,5900
2022-06-21 11:19:00,6500,6500,6500,6500,4000
2022-06-21 11:20:00,6525,6500,6525,6500,1100
2022-06-21 11:21:00,6525,6525,6525,6525,1000
2022-06-21 11:22:00,6525,6525,6525,6525,0
2022-06-21 11:23:00,6525,6500,6525,6500,900
2022-06-21 11:24:00,6525,6500,6525,6500,0
2022-06-21 11:25:00,6525,6525,6525,6525,200
2022-06-21 11:26:00,6525,6525,6525,6525,0
2022-06-21 11:27:00,6500,6500,6500,6500,25500
2022-06-21 11:28:00,6500,6500,6500,6500,200
2022-06-21 11:29:00,6525,6525,6525,6525,5000
2022-06-21 11:30:00,6525,6525,6525,6525,0
2022-06-21 11:31:00,6525,6525,6525,6525,0
2022-06-21 11:32:00,6525,6525,6525,6525,0
2022-06-21 11:33:00,6525,6525,6525,6525,0
2022-06-21 11:34:00,6525,6525,6525,6525,0
2022-06-21 11:35:00,6525,6525,6525,6525,0
2022-06-21 11:36:00,6525,6525,6525,6525,0
2022-06-21 11:37:00,6525,6525,6525,6525,0
2022-06-21 11:38:00,6525,6525,6525,6525,0
2022-06-21 11:39:00,6525,6525,6525,6525,0
2022-06-21 11:40:00,6525,6525,6525,6525,0
2022-06-21 11:41:00,6525,6525,6525,6525,0
2022-06-21 11:42:00,6525,6525,6525,6525,0
2022-06-21 11:43:00,6525,6525,6525,6525,0
2022-06-21 11:44:00,6525,6525,6525,6525,0
2022-06-21 11:45:00,6525,6525,6525,6525,0
2022-06-21 11:46:00,6525,6525,6525,6525,0
2022-06-21 11:47:00,6525,6525,6525,6525,0
2022-06-21 11:48:00,6525,6525,6525,6525,0
2022-06-21 11:49:00,6525,6525,6525,6525,0
2022-06-21 11:50:00,6525,6525,6525,6525,0
2022-06-21 11:51:00,6525,6525,6525,6525,0
2022-06-21 11:52:00,6525,6525,6525,6525,0
2022-06-21 11:53:00,6525,6525,6525,6525,0
2022-06-21 11:54:00,6525,6525,6525,6525,0
2022-06-21 11:55:00,6525,6525,6525,6525,0
2022-06-21 11:56:00,6525,6525,6525,6525,0
2022-06-21 11:57:00,6525,6525,6525,6525,0
2022-06-21 11:58:00,6525,6525,6525,6525,0
2022-06-21 11:59:00,6525,6525,6525,6525,0
2022-06-21 12:00:00,6525,6525,6525,6525,0
2022-06-21 12:01:00,6525,6525,6525,6525,0
2022-06-21 12:02:00,6525,6525,6525,6525,0
2022-06-21 12:03:00,6525,6525,6525,6525,0
2022-06-21 12:04:00,6525,6525,6525,6525,0
2022-06-21 12:05:00,6525,6525,6525,6525,0
2022-06-21 12:06:00,6525,6525,6525,6525,0
2022-06-21 12:07:00,6525,6525,6525,6525,0
2022-06-21 12:08:00,6525,6525,6525,6525,0
2022-06-21 12:09:00,6525,6525,6525,6525,0
2022-06-21 12:10:00,6525,6525,6525,6525,0
2022-06-21 12:11:00,6525,6525,6525,6525,0
2022-06-21 12:12:00,6525,6525,6525,6525,0
2022-06-21 12:13:00,6525,6525,6525,6525,0
2022-06-21 12:14:00,6525,6525,6525,6525,0
2022-06-21 12:15:00,6525,6525,6525,6525,0
2022-06-21 12:16:00,6525,6525,6525,6525,0
2022-06-21 12:17:00,6525,6525,6525,6525,0
2022-06-21 12:18:00,6525,6525,6525,6525,0
2022-06-21 12:19:00,6525,6525,6525,6525,0
2022-06-21 12:20:00,6525,6525,6525,6525,0
2022-06-21 12:21:00,6525,6525,6525,6525,0
2022-06-21 12:22:00,6525,6525,6525,6525,0
2022-06-21 12:23:00,6525,6525,6525,6525,0
2022-06-21 12:24:00,6525,6525,6525,6525,0
2022-06-21 12:25:00,6525,6525,6525,6525,0
2022-06-21 12:26:00,6525,6525,6525,6525,0
2022-06-21 12:27:00,6525,6525,6525,6525,0
2022-06-21 12:28:00,6525,6525,6525,6525,0
2022-06-21 12:29:00,6525,6525,6525,6525,0
2022-06-21 12:30:00,6525,6525,6525,6525,0
2022-06-21 12:31:00,6525,6525,6525,6525,0
2022-06-21 12:32:00,6525,6525,6525,6525,0
2022-06-21 12:33:00,6525,6525,6525,6525,0
2022-06-21 12:34:00,6525,6525,6525,6525,0
2022-06-21 12:35:00,6525,6525,6525,6525,0
2022-06-21 12:36:00,6525,6525,6525,6525,0
2022-06-21 12:37:00,6525,6525,6525,6525,0
2022-06-21 12:38:00,6525,6525,6525,6525,0
2022-06-21 12:39:00,6525,6525,6525,6525,0
2022-06-21 12:40:00,6525,6525,6525,6525,0
2022-06-21 12:41:00,6525,6525,6525,6525,0
2022-06-21 12:42:00,6525,6525,6525,6525,0
2022-06-21 12:43:00,6525,6525,6525,6525,0
2022-06-21 12:44:00,6525,6525,6525,6525,0
2022-06-21 12:45:00,6525,6525,6525,6525,0
2022-06-21 12:46:00,6525,6525,6525,6525,0
2022-06-21 12:47:00,6525,6525,6525,6525,0
2022-06-21 12:48:00,6525,6525,6525,6525,0
2022-06-21 12:49:00,6525,6525,6525,6525,0
2022-06-21 12:50:00,6525,6525,6525,6525,0
2022-06-21 12:51:00,6525,6525,6525,6525,0
2022-06-21 12:52:00,6525,6525,6525,6525,0
2022-06-21 12:53:00,6525,6525,6525,6525,0
2022-06-21 12:54:00,6525,6525,6525,6525,0
2022-06-21 12:55:00,6525,6525,6525,6525,0
2022-06-21 12:56:00,6525,6525,6525,6525,0
2022-06-21 12:57:00,6525,6525,6525,6525,0
2022-06-21 12:58:00,6525,6525,6525,6525,0
2022-06-21 12:59:00,6525,6525,6525,6525,0
2022-06-21 13:00:00,6525,6525,6525,6525,0
2022-06-21 13:01:00,6525,6525,6525,6525,0
2022-06-21 13:02:00,6525,6525,6525,6525,0
2022-06-21 13:03:00,6525,6525,6525,6525,0
2022-06-21 13:04:00,6525,6525,6525,6525,0
2022-06-21 13:05:00,6525,6525,6525,6525,0
2022-06-21 13:06:00,6525,6525,6525,6525,0
2022-06-21 13:07:00,6525,6525,6525,6525,0
2022-06-21 13:08:00,6525,6525,6525,6525,0
2022-06-21 13:09:00,6525,6525,6525,6525,0
2022-06-21 13:10:00,6525,6525,6525,6525,0
2022-06-21 13:11:00,6525,6525,6525,6525,0
2022-06-21 13:12:00,6525,6525,6525,6525,0
2022-06-21 13:13:00,6525,6525,6525,6525,0
2022-06-21 13:14:00,6525,6525,6525,6525,0
2022-06-21 13:15:00,6525,6525,6525,6525,0
2022-06-21 13:16:00,6525,6525,6525,6525,0
2022-06-21 13:17:00,6525,6525,6525,6525,0
2022-06-21 13:18:00,6525,6525,6525,6525,0
2022-06-21 13:19:00,6525,6525,6525,6525,0
2022-06-21 13:20:00,6525,6525,6525,6525,0
2022-06-21 13:21:00,6525,6525,6525,6525,0
2022-06-21 13:22:00,6525,6525,6525,6525,0
2022-06-21 13:23:00,6525,6525,6525,6525,0
2022-06-21 13:24:00,6525,6525,6525,6525,0
2022-06-21 13:25:00,6525,6525,6525,6525,0
2022-06-21 13:26:00,6525,6525,6525,6525,0
2022-06-21 13:27:00,6525,6525,6525,6525,0
2022-06-21 13:28:00,6525,6525,6525,6525,0
2022-06-21 13:29:00,6525,6525,6525,6525,0
2022-06-21 13:30:00,6525,6500,6525,6525,94400
2022-06-21 13:31:00,6525,6500,6525,6525,0
2022-06-21 13:32:00,6525,6500,6525,6525,0
2022-06-21 13:33:00,6500,6500,6500,6500,5000
2022-06-21 13:34:00,6525,6525,6525,6525,500
2022-06-21 13:35:00,6500,6500,6500,6500,100
2022-06-21 13:36:00,6500,6500,6500,6500,100
2022-06-21 13:37:00,6525,6525,6525,6525,200
2022-06-21 13:38:00,6525,6525,6525,6525,20300
2022-06-21 13:39:00,6500,6500,6500,6500,100
2022-06-21 13:40:00,6500,6500,6500,6500,100
2022-06-21 13:41:00,6500,6500,6500,6500,800
2022-06-21 13:42:00,6500,6475,6500,6475,77800
2022-06-21 13:43:00,6500,6475,6500,6475,0
2022-06-21 13:44:00,6475,6475,6475,6475,18900
2022-06-21 13:45:00,6500,6500,6500,6500,100
2022-06-21 13:46:00,6500,6500,6500,6500,6000
2022-06-21 13:47:00,6500,6500,6500,6500,300
2022-06-21 13:48:00,6475,6475,6475,6475,200
2022-06-21 13:49:00,6475,6475,6475,6475,0
2022-06-21 13:50:00,6525,6525,6525,6525,500
2022-06-21 13:51:00,6525,6525,6525,6525,0
2022-06-21 13:52:00,6500,6475,6500,6475,3100
2022-06-21 13:53:00,6500,6500,6500,6500,500
2022-06-21 13:54:00,6500,6500,6500,6500,4000
2022-06-21 13:55:00,6500,6500,6500,6500,2400
2022-06-21 13:56:00,6500,6500,6500,6500,2500
2022-06-21 13:57:00,6500,6500,6500,6500,700
2022-06-21 13:58:00,6500,6500,6500,6500,2500
2022-06-21 13:59:00,6500,6500,6500,6500,5200
2022-06-21 14:00:00,6525,6525,6525,6525,20000
2022-06-21 14:01:00,6525,6525,6525,6525,300
2022-06-21 14:02:00,6525,6525,6525,6525,0
2022-06-21 14:03:00,6525,6525,6525,6525,500
2022-06-21 14:04:00,6525,6525,6525,6525,0
2022-06-21 14:05:00,6525,6500,6525,6500,5900
2022-06-21 14:06:00,6525,6500,6525,6500,0
2022-06-21 14:07:00,6525,6500,6525,6500,2400
2022-06-21 14:08:00,6525,6500,6525,6500,0
2022-06-21 14:09:00,6525,6500,6525,6500,0
2022-06-21 14:10:00,6525,6500,6525,6500,0
2022-06-21 14:11:00,6500,6500,6500,6500,2600
2022-06-21 14:12:00,6500,6500,6500,6500,0
2022-06-21 14:13:00,6500,6500,6500,6500,0
2022-06-21 14:14:00,6500,6500,6500,6500,0
2022-06-21 14:15:00,6525,6500,6525,6500,17500
2022-06-21 14:16:00,6500,6500,6500,6500,100
2022-06-21 14:17:00,6525,6525,6525,6525,5800
2022-06-21 14:18:00,6525,6525,6525,6525,500
2022-06-21 14:19:00,6500,6500,6500,6500,800
2022-06-21 14:20:00,6525,6525,6525,6525,10800
2022-06-21 14:21:00,6525,6525,6525,6525,500
2022-06-21 14:22:00,6525,6525,6525,6525,2500
2022-06-21 14:23:00,6525,6500,6525,6500,51100
2022-06-21 14:24:00,6500,6500,6525,6525,20700
2022-06-21 14:25:00,6500,6500,6525,6525,0
2022-06-21 14:26:00,6500,6500,6525,6525,1100
2022-06-21 14:27:00,6500,6500,6525,6525,3300
2022-06-21 14:28:00,6525,6525,6525,6525,100
2022-06-21 14:29:00,6525,6525,6525,6525,0
2022-06-21 14:30:00,6525,6525,6525,6525,5000
2022-06-21 14:31:00,6525,6500,6525,6525,10500
2022-06-21 14:32:00,6525,6525,6525,6525,500
2022-06-21 14:33:00,6525,6525,6525,6525,0
2022-06-21 14:34:00,6525,6525,6525,6525,0
2022-06-21 14:35:00,6525,6525,6525,6525,1800
2022-06-21 14:36:00,6525,6525,6525,6525,200
2022-06-21 14:37:00,6525,6525,6525,6525,600
2022-06-21 14:38:00,6525,6525,6525,6525,0
2022-06-21 14:39:00,6525,6525,6525,6525,0
2022-06-21 14:40:00,6500,6500,6525,6525,2800
2022-06-21 14:41:00,6500,6500,6500,6500,54300
2022-06-21 14:42:00,6500,6500,6500,6500,9600
2022-06-21 14:43:00,6500,6500,6500,6500,6300
2022-06-21 14:44:00,6500,6500,6500,6500,100
2022-06-21 14:45:00,6500,6500,6500,6500,2700
2022-06-21 14:46:00,6525,6525,6525,6525,135300
2022-06-21 14:47:00,6525,6525,6525,6525,500
2022-06-21 14:48:00,6525,6525,6525,6525,17200
2022-06-21 14:49:00,6525,6500,6525,6500,60300
2022-06-21 14:50:00,6525,6500,6525,6500,0
2022-06-21 14:51:00,6525,6500,6525,6500,0
2022-06-21 14:52:00,6525,6500,6525,6500,0
2022-06-21 14:53:00,6525,6500,6525,6500,0
2022-06-21 14:54:00,6525,6500,6525,6500,0
2022-06-21 14:55:00,6525,6500,6525,6500,0
2022-06-21 14:56:00,6525,6500,6525,6500,0
2022-06-21 14:57:00,6525,6500,6525,6500,0
2022-06-21 14:58:00,6525,6500,6525,6500,0
2022-06-21 14:59:00,6525,6500,6525,6500,0
2022-06-21 15:00:00,6525,6525,6525,6525,56900
2022-06-21 15:01:00,6525,6525,6525,6525,600
2022-06-21 15:02:00,6525,6525,6525,6525,100
2022-06-21 15:03:00,6525,6525,6525,6525,2600
2022-06-21 15:04:00,6525,6525,6525,6525,0
2022-06-21 15:05:00,6525,6525,6525,6525,1500
2022-06-21 15:06:00,6525,6525,6525,6525,0
2022-06-21 15:07:00,6525,6525,6525,6525,0
2022-06-21 15:08:00,6525,6525,6525,6525,0
2022-06-21 15:09:00,6525,6525,6525,6525,700
2022-06-21 15:10:00,6525,6525,6525,6525,0
2022-06-21 15:11:00,6525,6525,6525,6525,0
2022-06-21 15:12:00,6525,6525,6525,6525,700
2022-06-21 15:13:00,6525,6525,6525,6525,0
2022-06-21 15:14:00,6525,6525,6525,6525,900
2022-06-21 15:15:00,6525,6525,6525,6525,0
2022-06-21 15:16:00,6525,6525,6525,6525,0
2022-06-21 15:17:00,6525,6525,6525,6525,0
2022-06-21 15:18:00,6525,6525,6525,6525,0
2022-06-21 15:19:00,6525,6525,6525,6525,0
2022-06-21 15:20:00,6525,6525,6525,6525,0
2022-06-21 15:21:00,6525,6525,6525,6525,0
2022-06-21 15:22:00,6525,6525,6525,6525,0
2022-06-21 15:23:00,6525,6525,6525,6525,0
2022-06-21 15:24:00,6525,6525,6525,6525,0
2022-06-21 15:25:00,6525,6525,6525,6525,0
2022-06-21 15:26:00,6525,6525,6525,6525,0
2022-06-21 15:27:00,6525,6525,6525,6525,0
2022-06-21 15:28:00,6525,6525,6525,6525,0
2022-06-21 15:29:00,6525,6525,6525,6525,0
2022-06-21 15:30:00,6525,6525,6525,6525,0
2022-06-21 15:31:00,6525,6525,6525,6525,0
2022-06-21 15:32:00,6525,6525,6525,6525,0
2022-06-21 15:33:00,6525,6525,6525,6525,0
2022-06-21 15:34:00,6525,6525,6525,6525,0
2022-06-21 15:35:00,6525,6525,6525,6525,0
2022-06-21 15:36:00,6525,6525,6525,6525,0
2022-06-21 15:37:00,6525,6525,6525,6525,0
2022-06-21 15:38:00,6525,6525,6525,6525,0
2022-06-21 15:39:00,6525,6525,6525,6525,0
2022-06-21 15:40:00,6525,6525,6525,6525,0
2022-06-21 15:41:00,6525,6525,6525,6525,0
2022-06-21 15:42:00,6525,6525,6525,6525,0
2022-06-21 15:43:00,6525,6525,6525,6525,0
2022-06-21 15:44:00,6525,6525,6525,6525,0
2022-06-21 15:45:00,6525,6525,6525,6525,0
2022-06-21 15:46:00,6525,6525,6525,6525,0
2022-06-21 15:47:00,6525,6525,6525,6525,0
2022-06-21 15:48:00,6525,6525,6525,6525,0
2022-06-21 15:49:00,6525,6525,6525,6525,0
2022-06-21 15:50:00,6525,6525,6525,6525,0
2022-06-21 15:51:00,6525,6525,6525,6525,0
2022-06-21 15:52:00,6525,6525,6525,6525,0
2022-06-21 15:53:00,6525,6525,6525,6525,0
2022-06-21 15:54:00,6525,6525,6525,6525,0
2022-06-21 15:55:00,6525,6525,6525,6525,0
2022-06-21 15:56:00,6525,6525,6525,6525,0
2022-06-21 15:57:00,6525,6525,6525,6525,0
2022-06-21 15:58:00,6525,6525,6525,6525,0
2022-06-21 15:59:00,6525,6525,6525,6525,0
2022-06-22 09:00:00,6600,6600,6625,6625,17300
2022-06-22 09:01:00,6625,6600,6625,6625,21500
2022-06-22 09:02:00,6625,6600,6625,6600,41800
2022-06-22 09:03:00,6600,6575,6600,6575,16500
2022-06-22 09:04:00,6600,6575,6600,6575,24900
2022-06-22 09:05:00,6550,6550,6575,6575,800
2022-06-22 09:06:00,6575,6575,6575,6575,6900
2022-06-22 09:07:00,6550,6550,6575,6575,6400
2022-06-22 09:08:00,6575,6550,6575,6550,2000
2022-06-22 09:09:00,6550,6550,6575,6575,10900
2022-06-22 09:10:00,6575,6575,6575,6575,5500
2022-06-22 09:11:00,6575,6575,6575,6575,4900
2022-06-22 09:12:00,6575,6575,6575,6575,21200
2022-06-22 09:13:00,6575,6575,6575,6575,13200
2022-06-22 09:14:00,6575,6550,6575,6550,1600
2022-06-22 09:15:00,6550,6550,6575,6575,5100
2022-06-22 09:16:00,6575,6575,6575,6575,2300
2022-06-22 09:17:00,6575,6575,6575,6575,22300
2022-06-22 09:18:00,6575,6575,6575,6575,1700
2022-06-22 09:19:00,6575,6575,6600,6600,18600
2022-06-22 09:20:00,6575,6575,6575,6575,1300
2022-06-22 09:21:00,6575,6575,6575,6575,50100
2022-06-22 09:22:00,6575,6575,6600,6600,40000
2022-06-22 09:23:00,6575,6550,6575,6550,28100
2022-06-22 09:24:00,6600,6575,6600,6575,51000
2022-06-22 09:25:00,6575,6575,6575,6575,700
2022-06-22 09:26:00,6575,6575,6575,6575,400
2022-06-22 09:27:00,6575,6575,6575,6575,3300
2022-06-22 09:28:00,6575,6575,6575,6575,100
2022-06-22 09:29:00,6550,6550,6575,6575,19600
2022-06-22 09:30:00,6575,6575,6575,6575,1000
2022-06-22 09:31:00,6575,6575,6575,6575,0
2022-06-22 09:32:00,6575,6575,6575,6575,17200
2022-06-22 09:33:00,6575,6575,6575,6575,300
2022-06-22 09:34:00,6575,6575,6575,6575,500
2022-06-22 09:35:00,6575,6575,6575,6575,100
2022-06-22 09:36:00,6550,6550,6550,6550,7000
2022-06-22 09:37:00,6550,6550,6575,6550,1600
2022-06-22 09:38:00,6550,6550,6550,6550,8700
2022-06-22 09:39:00,6550,6550,6550,6550,48300
2022-06-22 09:40:00,6550,6550,6550,6550,1500
2022-06-22 09:41:00,6550,6550,6550,6550,100
2022-06-22 09:42:00,6550,6550,6550,6550,4300
2022-06-22 09:43:00,6550,6525,6550,6550,25500
2022-06-22 09:44:00,6525,6525,6525,6525,400
2022-06-22 09:45:00,6525,6525,6525,6525,300
2022-06-22 09:46:00,6525,6525,6525,6525,0
2022-06-22 09:47:00,6525,6525,6525,6525,100
2022-06-22 09:48:00,6525,6525,6525,6525,22900
2022-06-22 09:49:00,6525,6525,6525,6525,0
2022-06-22 09:50:00,6525,6525,6525,6525,0
2022-06-22 09:51:00,6525,6525,6525,6525,100
2022-06-22 09:52:00,6525,6525,6525,6525,9200
2022-06-22 09:53:00,6525,6525,6525,6525,17600
2022-06-22 09:54:00,6525,6500,6550,6500,22800
2022-06-22 09:55:00,6525,6525,6525,6525,300
2022-06-22 09:56:00,6525,6525,6525,6525,100
2022-06-22 09:57:00,6525,6525,6525,6525,1500
2022-06-22 09:58:00,6525,6525,6525,6525,100
2022-06-22 09:59:00,6525,6525,6525,6525,2000
2022-06-22 10:00:00,6525,6525,6525,6525,0
2022-06-22 10:01:00,6500,6500,6500,6500,200
2022-06-22 10:02:00,6525,6525,6525,6525,100
2022-06-22 10:03:00,6525,6525,6525,6525,500
2022-06-22 10:04:00,6525,6525,6525,6525,13900
2022-06-22 10:05:00,6525,6525,6525,6525,400
2022-06-22 10:06:00,6525,6525,6525,6525,900
2022-06-22 10:07:00,6525,6525,6525,6525,0
2022-06-22 10:08:00,6525,6525,6525,6525,0
2022-06-22 10:09:00,6525,6525,6525,6525,0
2022-06-22 10:10:00,6525,6525,6525,6525,1500
2022-06-22 10:11:00,6525,6525,6525,6525,0
2022-06-22 10:12:00,6525,6525,6525,6525,0
2022-06-22 10:13:00,6525,6525,6525,6525,0
2022-06-22 10:14:00,6525,6525,6525,6525,0
2022-06-22 10:15:00,6525,6525,6525,6525,500
2022-06-22 10:16:00,6525,6525,6525,6525,1400
2022-06-22 10:17:00,6525,6525,6525,6525,500
2022-06-22 10:18:00,6500,6500,6525,6525,400
2022-06-22 10:19:00,6500,6500,6500,6500,12500
2022-06-22 10:20:00,6500,6500,6500,6500,0
2022-06-22 10:21:00,6525,6525,6525,6525,300
2022-06-22 10:22:00,6525,6525,6525,6525,500
2022-06-22 10:23:00,6525,6525,6525,6525,0
2022-06-22 10:24:00,6500,6500,6525,6525,1300
2022-06-22 10:25:00,6525,6525,6525,6525,100
2022-06-22 10:26:00,6500,6500,6500,6500,6700
2022-06-22 10:27:00,6500,6500,6500,6500,1000
2022-06-22 10:28:00,6525,6525,6525,6525,100
2022-06-22 10:29:00,6525,6525,6525,6525,6700
2022-06-22 10:30:00,6525,6525,6525,6525,0
2022-06-22 10:31:00,6525,6525,6525,6525,0
2022-06-22 10:32:00,6525,6525,6525,6525,100
2022-06-22 10:33:00,6525,6525,6525,6525,100
2022-06-22 10:34:00,6525,6525,6525,6525,800
2022-06-22 10:35:00,6525,6525,6525,6525,200
2022-06-22 10:36:00,6525,6525,6525,6525,5000
2022-06-22 10:37:00,6525,6525,6525,6525,100
2022-06-22 10:38:00,6525,6525,6525,6525,100
2022-06-22 10:39:00,6525,6525,6525,6525,1000
2022-06-22 10:40:00,6525,6525,6525,6525,500
2022-06-22 10:41:00,6525,6525,6525,6525,0
2022-06-22 10:42:00,6525,6500,6525,6525,11600
2022-06-22 10:43:00,6525,6500,6525,6525,0
2022-06-22 10:44:00,6500,6500,6525,6525,300
2022-06-22 10:45:00,6500,6500,6525,6525,0
2022-06-22 10:46:00,6525,6500,6525,6525,4700
2022-06-22 10:47:00,6525,6525,6525,6525,100
2022-06-22 10:48:00,6525,6525,6525,6525,6500
2022-06-22 10:49:00,6525,6500,6525,6525,2300
2022-06-22 10:50:00,6525,6500,6525,6525,0
2022-06-22 10:51:00,6525,6500,6525,6525,0
2022-06-22 10:52:00,6525,6525,6525,6525,500
2022-06-22 10:53:00,6525,6525,6525,6525,8500
2022-06-22 10:54:00,6525,6525,6525,6525,0
2022-06-22 10:55:00,6525,6525,6525,6525,300
2022-06-22 10:56:00,6525,6525,6525,6525,1300
2022-06-22 10:57:00,6525,6525,6525,6525,100
2022-06-22 10:58:00,6525,6525,6525,6525,600
2022-06-22 10:59:00,6525,6525,6525,6525,0
2022-06-22 11:00:00,6525,6525,6525,6525,500
2022-06-22 11:01:00,6525,6525,6525,6525,0
2022-06-22 11:02:00,6525,6525,6525,6525,0
2022-06-22 11:03:00,6525,6525,6525,6525,200
2022-06-22 11:04:00,6525,6525,6525,6525,0
2022-06-22 11:05:00,6525,6525,6525,6525,0
2022-06-22 11:06:00,6525,6525,6525,6525,0
2022-06-22 11:07:00,6525,6525,6525,6525,200
2022-06-22 11:08:00,6500,6500,6500,6500,10300
2022-06-22 11:09:00,6500,6500,6500,6500,0
2022-06-22 11:10:00,6500,6500,6500,6500,55200
2022-06-22 11:11:00,6500,6500,6500,6500,0
2022-06-22 11:12:00,6525,6525,6525,6525,200
2022-06-22 11:13:00,6525,6500,6525,6500,11600
2022-06-22 11:14:00,6500,6500,6500,6500,4400
2022-06-22 11:15:00,6500,6500,6500,6500,0
2022-06-22 11:16:00,6500,6500,6500,6500,0
2022-06-22 11:17:00,6500,6500,6500,6500,0
2022-06-22 11:18:00,6500,6500,6500,6500,0
2022-06-22 11:19:00,6500,6500,6500,6500,0
2022-06-22 11:20:00,6500,6500,6500,6500,0
2022-06-22 11:21:00,6500,6500,6500,6500,0
2022-06-22 11:22:00,6500,6500,6500,6500,4200
2022-06-22 11:23:00,6525,6500,6525,6500,89800
2022-06-22 11:24:00,6525,6500,6525,6500,0
2022-06-22 11:25:00,6525,6500,6525,6500,0
2022-06-22 11:26:00,6525,6500,6525,6500,0
2022-06-22 11:27:00,6525,6500,6525,6500,0
2022-06-22 11:28:00,6525,6500,6525,6500,0
2022-06-22 11:29:00,6500,6500,6525,6525,800
2022-06-22 11:30:00,6500,6500,6525,6525,0
2022-06-22 11:31:00,6500,6500,6525,6525,0
2022-06-22 11:32:00,6500,6500,6525,6525,0
2022-06-22 11:33:00,6500,6500,6525,6525,0
2022-06-22 11:34:00,6500,6500,6525,6525,0
2022-06-22 11:35:00,6500,6500,6525,6525,0
2022-06-22 11:36:00,6500,6500,6525,6525,0
2022-06-22 11:37:00,6500,6500,6525,6525,0
2022-06-22 11:38:00,6500,6500,6525,6525,0
2022-06-22 11:39:00,6500,6500,6525,6525,0
2022-06-22 11:40:00,6500,6500,6525,6525,0
2022-06-22 11:41:00,6500,6500,6525,6525,0
2022-06-22 11:42:00,6500,6500,6525,6525,0
2022-06-22 11:43:00,6500,6500,6525,6525,0
2022-06-22 11:44:00,6500,6500,6525,6525,0
2022-06-22 11:45:00,6500,6500,6525,6525,0
2022-06-22 11:46:00,6500,6500,6525,6525,0
2022-06-22 11:47:00,6500,6500,6525,6525,0
2022-06-22 11:48:00,6500,6500,6525,6525,0
2022-06-22 11:49:00,6500,6500,6525,6525,0
2022-06-22 11:50:00,6500,6500,6525,6525,0
2022-06-22 11:51:00,6500,6500,6525,6525,0
2022-06-22 11:52:00,6500,6500,6525,6525,0
2022-06-22 11:53:00,6500,6500,6525,6525,0
2022-06-22 11:54:00,6500,6500,6525,6525,0
2022-06-22 11:55:00,6500,6500,6525,6525,0
2022-06-22 11:56:00,6500,6500,6525,6525,0
2022-06-22 11:57:00,6500,6500,6525,6525,0
2022-06-22 11:58:00,6500,6500,6525,6525,0
2022-06-22 11:59:00,6500,6500,6525,6525,0
2022-06-22 12:00:00,6500,6500,6525,6525,0
2022-06-22 12:01:00,6500,6500,6525,6525,0
2022-06-22 12:02:00,6500,6500,6525,6525,0
2022-06-22 12:03:00,6500,6500,6525,6525,0
2022-06-22 12:04:00,6500,6500,6525,6525,0
2022-06-22 12:05:00,6500,6500,6525,6525,0
2022-06-22 12:06:00,6500,6500,6525,6525,0
2022-06-22 12:07:00,6500,6500,6525,6525,0
2022-06-22 12:08:00,6500,6500,6525,6525,0
2022-06-22 12:09:00,6500,6500,6525,6525,0
2022-06-22 12:10:00,6500,6500,6525,6525,0
2022-06-22 12:11:00,6500,6500,6525,6525,0
2022-06-22 12:12:00,6500,6500,6525,6525,0
2022-06-22 12:13:00,6500,6500,6525,6525,0
2022-06-22 12:14:00,6500,6500,6525,6525,0
2022-06-22 12:15:00,6500,6500,6525,6525,0
2022-06-22 12:16:00,6500,6500,6525,6525,0
2022-06-22 12:17:00,6500,6500,6525,6525,0
2022-06-22 12:18:00,6500,6500,6525,6525,0
2022-06-22 12:19:00,6500,6500,6525,6525,0
2022-06-22 12:20:00,6500,6500,6525,6525,0
2022-06-22 12:21:00,6500,6500,6525,6525,0
2022-06-22 12:22:00,6500,6500,6525,6525,0
2022-06-22 12:23:00,6500,6500,6525,6525,0
2022-06-22 12:24:00,6500,6500,6525,6525,0
2022-06-22 12:25:00,6500,6500,6525,6525,0
2022-06-22 12:26:00,6500,6500,6525,6525,0
2022-06-22 12:27:00,6500,6500,6525,6525,0
2022-06-22 12:28:00,6500,6500,6525,6525,0
2022-06-22 12:29:00,6500,6500,6525,6525,0
2022-06-22 12:30:00,6500,6500,6525,6525,0
2022-06-22 12:31:00,6500,6500,6525,6525,0
2022-06-22 12:32:00,6500,6500,6525,6525,0
2022-06-22 12:33:00,6500,6500,6525,6525,0
2022-06-22 12:34:00,6500,6500,6525,6525,0
2022-06-22 12:35:00,6500,6500,6525,6525,0
2022-06-22 12:36:00,6500,6500,6525,6525,0
2022-06-22 12:37:00,6500,6500,6525,6525,0
2022-06-22 12:38:00,6500,6500,6525,6525,0
2022-06-22 12:39:00,6500,6500,6525,6525,0
2022-06-22 12:40:00,6500,6500,6525,6525,0
2022-06-22 12:41:00,6500,6500,6525,6525,0
2022-06-22 12:42:00,6500,6500,6525,6525,0
2022-06-22 12:43:00,6500,6500,6525,6525,0
2022-06-22 12:44:00,6500,6500,6525,6525,0
2022-06-22 12:45:00,6500,6500,6525,6525,0
2022-06-22 12:46:00,6500,6500,6525,6525,0
2022-06-22 12:47:00,6500,6500,6525,6525,0
2022-06-22 12:48:00,6500,6500,6525,6525,0
2022-06-22 12:49:00,6500,6500,6525,6525,0
2022-06-22 12:50:00,6500,6500,6525,6525,0
2022-06-22 12:51:00,6500,6500,6525,6525,0
2022-06-22 12:52:00,6500,6500,6525,6525,0
2022-06-22 12:53:00,6500,6500,6525,6525,0
2022-06-22 12:54:00,6500,6500,6525,6525,0
2022-06-22 12:55:00,6500,6500,6525,6525,0
2022-06-22 12:56:00,6500,6500,6525,6525,0
2022-06-22 12:57:00,6500,6500,6525,6525,0
2022-06-22 12:58:00,6500,6500,6525,6525,0
2022-06-22 12:59:00,6500,6500,6525,6525,0
2022-06-22 13:00:00,6500,6500,6525,6525,0
2022-06-22 13:01:00,6500,6500,6525,6525,0
2022-06-22 13:02:00,6500,6500,6525,6525,0
2022-06-22 13:03:00,6500,6500,6525,6525,0
2022-06-22 13:04:00,6500,6500,6525,6525,0
2022-06-22 13:05:00,6500,6500,6525,6525,0
2022-06-22 13:06:00,6500,6500,6525,6525,0
2022-06-22 13:07:00,6500,6500,6525,6525,0
2022-06-22 13:08:00,6500,6500,6525,6525,0
2022-06-22 13:09:00,6500,6500,6525,6525,0
2022-06-22 13:10:00,6500,6500,6525,6525,0
2022-06-22 13:11:00,6500,6500,6525,6525,0
2022-06-22 13:12:00,6500,6500,6525,6525,0
2022-06-22 13:13:00,6500,6500,6525,6525,0
2022-06-22 13:14:00,6500,6500,6525,6525,0
2022-06-22 13:15:00,6500,6500,6525,6525,0
2022-06-22 13:16:00,6500,6500,6525,6525,0
2022-06-22 13:17:00,6500,6500,6525,6525,0
2022-06-22 13:18:00,6500,6500,6525,6525,0
2022-06-22 13:19:00,6500,6500,6525,6525,0
2022-06-22 13:20:00,6500,6500,6525,6525,0
2022-06-22 13:21:00,6500,6500,6525,6525,0
2022-06-22 13:22:00,6500,6500,6525,6525,0
2022-06-22 13:23:00,6500,6500,6525,6525,0
2022-06-22 13:24:00,6500,6500,6525,6525,0
2022-06-22 13:25:00,6500,6500,6525,6525,0
2022-06-22 13:26:00,6500,6500,6525,6525,0
2022-06-22 13:27:00,6500,6500,6525,6525,0
2022-06-22 13:28:00,6500,6500,6525,6525,0
2022-06-22 13:29:00,6500,6500,6525,6525,0
2022-06-22 13:30:00,6525,6500,6525,6525,4900
2022-06-22 13:31:00,6500,6500,6500,6500,10000
2022-06-22 13:32:00,6500,6500,6500,6500,9200
2022-06-22 13:33:00,6500,6500,6500,6500,2700
2022-06-22 13:34:00,6500,6500,6500,6500,29900
2022-06-22 13:35:00,6500,6500,6500,6500,21400
2022-06-22 13:36:00,6500,6500,6500,6500,1200
2022-06-22 13:37:00,6500,6500,6500,6500,1700
2022-06-22 13:38:00,6500,6500,6500,6500,16400
2022-06-22 13:39:00,6500,6500,6525,6500,60400
2022-06-22 13:40:00,6500,6475,6500,6475,13500
2022-06-22 13:41:00,6475,6475,6475,6475,10600
2022-06-22 13:42:00,6475,6475,6475,6475,1500
2022-06-22 13:43:00,6475,6475,6475,6475,3000
2022-06-22 13:44:00,6475,6475,6475,6475,1100
2022-06-22 13:45:00,6475,6475,6475,6475,0
2022-06-22 13:46:00,6475,6475,6475,6475,21700
2022-06-22 13:47:00,6475,6475,6500,6500,13900
2022-06-22 13:48:00,6475,6475,6475,6475,3000
2022-06-22 13:49:00,6475,6475,6475,6475,0
2022-06-22 13:50:00,6475,6475,6500,6475,2100
2022-06-22 13:51:00,6475,6475,6500,6475,0
2022-06-22 13:52:00,6475,6475,6475,6475,900
2022-06-22 13:53:00,6500,6500,6500,6500,7500
2022-06-22 13:54:00,6500,6500,6500,6500,1100
2022-06-22 13:55:00,6500,6500,6500,6500,300
2022-06-22 13:56:00,6500,6500,6500,6500,1000
2022-06-22 13:57:00,6500,6500,6500,6500,600
2022-06-22 13:58:00,6500,6500,6500,6500,200
2022-06-22 13:59:00,6475,6475,6500,6500,9400
2022-06-22 14:00:00,6500,6500,6500,6500,23200
2022-06-22 14:01:00,6500,6500,6500,6500,0
2022-06-22 14:02:00,6500,6500,6500,6500,0
2022-06-22 14:03:00,6500,6500,6500,6500,200
2022-06-22 14:04:00,6500,6475,6500,6475,36800
2022-06-22 14:05:00,6500,6475,6500,6475,1600
2022-06-22 14:06:00,6475,6475,6475,6475,17900
2022-06-22 14:07:00,6475,6475,6475,6475,800
2022-06-22 14:08:00,6475,6475,6475,6475,1100
2022-06-22 14:09:00,6475,6475,6475,6475,1700
2022-06-22 14:10:00,6475,6475,6475,6475,5500
2022-06-22 14:11:00,6475,6475,6475,6475,0
2022-06-22 14:12:00,6475,6475,6475,6475,2900
2022-06-22 14:13:00,6475,6475,6475,6475,7000
2022-06-22 14:14:00,6475,6475,6475,6475,4800
2022-06-22 14:15:00,6475,6475,6475,6475,2500
2022-06-22 14:16:00,6475,6475,6475,6475,4400
2022-06-22 14:17:00,6500,6475,6500,6475,900
2022-06-22 14:18:00,6475,6475,6475,6475,6600
2022-06-22 14:19:00,6500,6475,6500,6475,3800
2022-06-22 14:20:00,6475,6475,6475,6475,7300
2022-06-22 14:21:00,6475,6475,6475,6475,3800
2022-06-22 14:22:00,6500,6475,6500,6475,4400
2022-06-22 14:23:00,6475,6475,6475,6475,17200
2022-06-22 14:24:00,6475,6475,6475,6475,4800
2022-06-22 14:25:00,6500,6500,6500,6500,1000
2022-06-22 14:26:00,6475,6475,6475,6475,800
2022-06-22 14:27:00,6475,6475,6475,6475,0
2022-06-22 14:28:00,6475,6475,6500,6500,10900
2022-06-22 14:29:00,6500,6500,6500,6500,500
2022-06-22 14:30:00,6500,6500,6500,6500,300
2022-06-22 14:31:00,6475,6475,6475,6475,1000
2022-06-22 14:32:00,6500,6475,6500,6500,1900
2022-06-22 14:33:00,6500,6475,6500,6500,0
2022-06-22 14:34:00,6500,6475,6500,6500,0
2022-06-22 14:35:00,6500,6500,6500,6500,500
2022-06-22 14:36:00,6475,6475,6500,6500,7600
2022-06-22 14:37:00,6475,6475,6500,6500,300
2022-06-22 14:38:00,6475,6475,6475,6475,14000
2022-06-22 14:39:00,6500,6475,6500,6475,2600
2022-06-22 14:40:00,6475,6475,6500,6500,400
2022-06-22 14:41:00,6500,6475,6500,6475,2900
2022-06-22 14:42:00,6500,6475,6500,6475,1500
2022-06-22 14:43:00,6475,6475,6475,6475,52800
2022-06-22 14:44:00,6450,6450,6475,6450,4500
2022-06-22 14:45:00,6475,6450,6475,6450,1700
2022-06-22 14:46:00,6450,6450,6450,6450,9800
2022-06-22 14:47:00,6475,6450,6475,6450,12300
2022-06-22 14:48:00,6475,6475,6475,6475,5600
2022-06-22 14:49:00,6475,6450,6475,6450,62800
2022-06-22 14:50:00,6475,6450,6475,6450,0
2022-06-22 14:51:00,6475,6450,6475,6450,0
2022-06-22 14:52:00,6475,6450,6475,6450,0
2022-06-22 14:53:00,6475,6450,6475,6450,0
2022-06-22 14:54:00,6475,6450,6475,6450,0
2022-06-22 14:55:00,6475,6450,6475,6450,0
2022-06-22 14:56:00,6475,6450,6475,6450,0
2022-06-22 14:57:00,6475,6450,6475,6450,0
2022-06-22 14:58:00,6475,6450,6475,6450,0
2022-06-22 14:59:00,6475,6450,6475,6450,0
2022-06-22 15:00:00,6450,6450,6450,6450,96700
2022-06-22 15:01:00,6450,6450,6450,6450,5900
2022-06-22 15:02:00,6450,6450,6450,6450,100
2022-06-22 15:03:00,6450,6450,6450,6450,0
2022-06-22 15:04:00,6450,6450,6450,6450,0
2022-06-22 15:05:00,6450,6450,6450,6450,0
2022-06-22 15:06:00,6450,6450,6450,6450,1000
2022-06-22 15:07:00,6450,6450,6450,6450,0
2022-06-22 15:08:00,6450,6450,6450,6450,10000
2022-06-22 15:09:00,6450,6450,6450,6450,0
2022-06-22 15:10:00,6450,6450,6450,6450,0
2022-06-22 15:11:00,6450,6450,6450,6450,0
2022-06-22 15:12:00,6450,6450,6450,6450,6700
2022-06-22 15:13:00,6450,6450,6450,6450,0
2022-06-22 15:14:00,6450,6450,6450,6450,0
2022-06-22 15:15:00,6450,6450,6450,6450,0
2022-06-22 15:16:00,6450,6450,6450,6450,0
2022-06-22 15:17:00,6450,6450,6450,6450,0
2022-06-22 15:18:00,6450,6450,6450,6450,0
2022-06-22 15:19:00,6450,6450,6450,6450,0
2022-06-22 15:20:00,6450,6450,6450,6450,0
2022-06-22 15:21:00,6450,6450,6450,6450,0
2022-06-22 15:22:00,6450,6450,6450,6450,0
2022-06-22 15:23:00,6450,6450,6450,6450,0
2022-06-22 15:24:00,6450,6450,6450,6450,0
2022-06-22 15:25:00,6450,6450,6450,6450,0
2022-06-22 15:26:00,6450,6450,6450,6450,0
2022-06-22 15:27:00,6450,6450,6450,6450,0
2022-06-22 15:28:00,6450,6450,6450,6450,0
2022-06-22 15:29:00,6450,6450,6450,6450,0
2022-06-22 15:30:00,6450,6450,6450,6450,0
2022-06-22 15:31:00,6450,6450,6450,6450,0
2022-06-22 15:32:00,6450,6450,6450,6450,0
2022-06-22 15:33:00,6450,6450,6450,6450,0
2022-06-22 15:34:00,6450,6450,6450,6450,0
2022-06-22 15:35:00,6450,6450,6450,6450,0
2022-06-22 15:36:00,6450,6450,6450,6450,0
2022-06-22 15:37:00,6450,6450,6450,6450,0
2022-06-22 15:38:00,6450,6450,6450,6450,0
2022-06-22 15:39:00,6450,6450,6450,6450,0
2022-06-22 15:40:00,6450,6450,6450,6450,0
2022-06-22 15:41:00,6450,6450,6450,6450,0
2022-06-22 15:42:00,6450,6450,6450,6450,0
2022-06-22 15:43:00,6450,6450,6450,6450,0
2022-06-22 15:44:00,6450,6450,6450,6450,0
2022-06-22 15:45:00,6450,6450,6450,6450,0
2022-06-22 15:46:00,6450,6450,6450,6450,0
2022-06-22 15:47:00,6450,6450,6450,6450,0
2022-06-22 15:48:00,6450,6450,6450,6450,0
2022-06-22 15:49:00,6450,6450,6450,6450,0
2022-06-22 15:50:00,6450,6450,6450,6450,0
2022-06-22 15:51:00,6450,6450,6450,6450,0
2022-06-22 15:52:00,6450,6450,6450,6450,0
2022-06-22 15:53:00,6450,6450,6450,6450,0
2022-06-22 15:54:00,6450,6450,6450,6450,0
2022-06-22 15:55:00,6450,6450,6450,6450,0
2022-06-22 15:56:00,6450,6450,6450,6450,0
2022-06-22 15:57:00,6450,6450,6450,6450,0
2022-06-22 15:58:00,6450,6450,6450,6450,0
2022-06-22 15:59:00,6450,6450,6450,6450,0
2022-06-23 09:00:00,6450,6450,6450,6450,0
2022-06-23 09:01:00,6450,6450,6450,6450,0
2022-06-23 09:02:00,6450,6450,6450,6450,0
2022-06-23 09:03:00,6450,6450,6450,6450,7700
2022-06-23 09:04:00,6450,6450,6450,6450,0
2022-06-23 09:05:00,6450,6425,6450,6450,6700
2022-06-23 09:06:00,6450,6450,6450,6450,37500
2022-06-23 09:07:00,6450,6450,6475,6450,7600
2022-06-23 09:08:00,6450,6450,6450,6450,18600
2022-06-23 09:09:00,6450,6450,6450,6450,2100
2022-06-23 09:10:00,6450,6450,6450,6450,100
2022-06-23 09:11:00,6450,6450,6450,6450,100
2022-06-23 09:12:00,6450,6450,6450,6450,0
2022-06-23 09:13:00,6475,6475,6475,6475,8200
2022-06-23 09:14:00,6475,6475,6475,6475,0
2022-06-23 09:15:00,6475,6475,6475,6475,0
2022-06-23 09:16:00,6475,6475,6475,6475,1800
2022-06-23 09:17:00,6500,6475,6500,6475,1200
2022-06-23 09:18:00,6500,6475,6500,6475,3000
2022-06-23 09:19:00,6500,6475,6500,6475,0
2022-06-23 09:20:00,6500,6475,6500,6475,0
2022-06-23 09:21:00,6475,6475,6475,6475,300
2022-06-23 09:22:00,6475,6475,6475,6475,0
2022-06-23 09:23:00,6475,6475,6475,6475,0
2022-06-23 09:24:00,6475,6475,6475,6475,17900
2022-06-23 09:25:00,6475,6475,6475,6475,3200
2022-06-23 09:26:00,6475,6475,6475,6475,100
2022-06-23 09:27:00,6450,6450,6475,6475,60700
2022-06-23 09:28:00,6450,6450,6475,6475,3000
2022-06-23 09:29:00,6450,6450,6450,6450,500
2022-06-23 09:30:00,6450,6450,6450,6450,800
2022-06-23 09:31:00,6450,6450,6450,6450,400
2022-06-23 09:32:00,6450,6450,6450,6450,1500
2022-06-23 09:33:00,6450,6450,6450,6450,2300
2022-06-23 09:34:00,6450,6450,6450,6450,5600
2022-06-23 09:35:00,6450,6450,6450,6450,500
2022-06-23 09:36:00,6450,6450,6450,6450,2900
2022-06-23 09:37:00,6450,6450,6450,6450,1300
2022-06-23 09:38:00,6450,6450,6450,6450,1200
2022-06-23 09:39:00,6475,6475,6475,6475,9500
2022-06-23 09:40:00,6475,6475,6475,6475,3200
2022-06-23 09:41:00,6475,6475,6475,6475,200
2022-06-23 09:42:00,6475,6475,6475,6475,6800
2022-06-23 09:43:00,6475,6475,6475,6475,100
2022-06-23 09:44:00,6475,6475,6475,6475,0
2022-06-23 09:45:00,6475,6475,6475,6475,0
2022-06-23 09:46:00,6475,6475,6475,6475,0
2022-06-23 09:47:00,6475,6475,6475,6475,17000
2022-06-23 09:48:00,6450,6450,6475,6475,1200
2022-06-23 09:49:00,6475,6450,6475,6450,2300
2022-06-23 09:50:00,6475,6450,6475,6450,0
2022-06-23 09:51:00,6475,6450,6475,6450,0
2022-06-23 09:52:00,6450,6450,6450,6450,200
2022-06-23 09:53:00,6450,6450,6450,6450,0
2022-06-23 09:54:00,6475,6475,6475,6475,5000
2022-06-23 09:55:00,6475,6475,6475,6475,5400
2022-06-23 09:56:00,6475,6475,6475,6475,0
2022-06-23 09:57:00,6475,6475,6475,6475,0
2022-06-23 09:58:00,6475,6475,6475,6475,1200
2022-06-23 09:59:00,6475,6475,6475,6475,200
2022-06-23 10:00:00,6475,6475,6475,6475,2500
2022-06-23 10:01:00,6475,6475,6475,6475,0
2022-06-23 10:02:00,6475,6475,6475,6475,3100
2022-06-23 10:03:00,6475,6450,6475,6475,7100
2022-06-23 10:04:00,6475,6450,6475,6475,0
2022-06-23 10:05:00,6450,6450,6450,6450,1300
2022-06-23 10:06:00,6450,6450,6450,6450,100
2022-06-23 10:07:00,6450,6450,6450,6450,1000
2022-06-23 10:08:00,6450,6425,6450,6425,46700
2022-06-23 10:09:00,6425,6425,6425,6425,2800
2022-06-23 10:10:00,6425,6425,6425,6425,31200
2022-06-23 10:11:00,6450,6425,6450,6425,3100
2022-06-23 10:12:00,6425,6425,6425,6425,1000
2022-06-23 10:13:00,6450,6450,6450,6450,500
2022-06-23 10:14:00,6425,6425,6425,6425,1500
2022-06-23 10:15:00,6425,6425,6425,6425,1000
2022-06-23 10:16:00,6425,6425,6425,6425,1100
2022-06-23 10:17:00,6425,6425,6425,6425,0
2022-06-23 10:18:00,6450,6425,6450,6425,1800
2022-06-23 10:19:00,6450,6425,6450,6425,0
2022-06-23 10:20:00,6425,6425,6425,6425,1100
2022-06-23 10:21:00,6425,6425,6425,6425,0
2022-06-23 10:22:00,6425,6425,6425,6425,5700
2022-06-23 10:23:00,6425,6425,6450,6450,18700
2022-06-23 10:24:00,6450,6450,6450,6450,400
2022-06-23 10:25:00,6425,6425,6425,6425,1200
2022-06-23 10:26:00,6425,6425,6425,6425,0
2022-06-23 10:27:00,6425,6425,6425,6425,0
2022-06-23 10:28:00,6425,6425,6425,6425,1400
2022-06-23 10:29:00,6425,6425,6425,6425,0
2022-06-23 10:30:00,6425,6425,6425,6425,0
2022-06-23 10:31:00,6425,6425,6425,6425,1500
2022-06-23 10:32:00,6450,6425,6450,6425,1000
2022-06-23 10:33:00,6425,6425,6425,6425,55500
2022-06-23 10:34:00,6425,6425,6425,6425,14900
2022-06-23 10:35:00,6425,6425,6425,6425,24300
2022-06-23 10:36:00,6425,6425,6425,6425,2200
2022-06-23 10:37:00,6425,6400,6425,6400,107000
2022-06-23 10:38:00,6425,6425,6425,6425,100
2022-06-23 10:39:00,6425,6425,6425,6425,0
2022-06-23 10:40:00,6425,6425,6425,6425,0
2022-06-23 10:41:00,6400,6400,6425,6425,331900
2022-06-23 10:42:00,6400,6400,6425,6425,0
2022-06-23 10:43:00,6400,6400,6425,6425,0
2022-06-23 10:44:00,6425,6425,6425,6425,200
2022-06-23 10:45:00,6425,6425,6425,6425,500
2022-06-23 10:46:00,6425,6425,6425,6425,0
2022-06-23 10:47:00,6425,6425,6425,6425,0
2022-06-23 10:48:00,6425,6425,6425,6425,0
2022-06-23 10:49:00,6425,6425,6425,6425,22000
2022-06-23 10:50:00,6425,6425,6425,6425,200
2022-06-23 10:51:00,6425,6425,6425,6425,13000
2022-06-23 10:52:00,6425,6425,6425,6425,1000
2022-06-23 10:53:00,6425,6425,6425,6425,0
2022-06-23 10:54:00,6425,6425,6425,6425,11500
2022-06-23 10:55:00,6425,6425,6425,6425,1200
2022-06-23 10:56:00,6425,6425,6425,6425,100
2022-06-23 10:57:00,6425,6425,6425,6425,100
2022-06-23 10:58:00,6425,6425,6425,6425,1100
2022-06-23 10:59:00,6425,6425,6425,6425,200
2022-06-23 11:00:00,6425,6400,6425,6400,1700
2022-06-23 11:01:00,6425,6400,6425,6400,0
2022-06-23 11:02:00,6425,6400,6425,6400,0
2022-06-23 11:03:00,6400,6400,6425,6425,9000
2022-06-23 11:04:00,6400,6400,6425,6425,0
2022-06-23 11:05:00,6400,6400,6425,6425,0
2022-06-23 11:06:00,6400,6400,6425,6425,0
2022-06-23 11:07:00,6400,6400,6425,6425,0
2022-06-23 11:08:00,6425,6425,6425,6425,12700
2022-06-23 11:09:00,6425,6425,6425,6425,5200
2022-06-23 11:10:00,6425,6425,6425,6425,0
2022-06-23 11:11:00,6425,6425,6425,6425,0
2022-06-23 11:12:00,6425,6425,6425,6425,1023100
2022-06-23 11:13:00,6425,6425,6425,6425,10000
2022-06-23 11:14:00,6425,6425,6425,6425,400
2022-06-23 11:15:00,6425,6425,6450,6450,7400
2022-06-23 11:16:00,6450,6450,6450,6450,1000
2022-06-23 11:17:00,6450,6450,6450,6450,0
2022-06-23 11:18:00,6450,6450,6450,6450,0
2022-06-23 11:19:00,6450,6425,6450,6425,119500
2022-06-23 11:20:00,6425,6425,6425,6425,1200
2022-06-23 11:21:00,6425,6425,6425,6425,300
2022-06-23 11:22:00,6425,6425,6425,6425,5500
2022-06-23 11:23:00,6425,6425,6425,6425,1300
2022-06-23 11:24:00,6425,6425,6425,6425,1500
2022-06-23 11:25:00,6425,6425,6425,6425,800
2022-06-23 11:26:00,6425,6425,6425,6425,0
2022-06-23 11:27:00,6425,6425,6425,6425,0
2022-06-23 11:28:00,6425,6425,6425,6425,200
2022-06-23 11:29:00,6425,6425,6425,6425,0
2022-06-23 11:30:00,6425,6425,6425,6425,0
2022-06-23 11:31:00,6425,6425,6425,6425,0
2022-06-23 11:32:00,6425,6425,6425,6425,0
2022-06-23 11:33:00,6425,6425,6425,6425,0
2022-06-23 11:34:00,6425,6425,6425,6425,0
2022-06-23 11:35:00,6425,6425,6425,6425,0
2022-06-23 11:36:00,6425,6425,6425,6425,0
2022-06-23 11:37:00,6425,6425,6425,6425,0
2022-06-23 11:38:00,6425,6425,6425,6425,0
2022-06-23 11:39:00,6425,6425,6425,6425,0
2022-06-23 11:40:00,6425,6425,6425,6425,0
2022-06-23 11:41:00,6425,6425,6425,6425,0
2022-06-23 11:42:00,6425,6425,6425,6425,0
2022-06-23 11:43:00,6425,6425,6425,6425,0
2022-06-23 11:44:00,6425,6425,6425,6425,0
2022-06-23 11:45:00,6425,6425,6425,6425,0
2022-06-23 11:46:00,6425,6425,6425,6425,0
2022-06-23 11:47:00,6425,6425,6425,6425,0
2022-06-23 11:48:00,6425,6425,6425,6425,0
2022-06-23 11:49:00,6425,6425,6425,6425,0
2022-06-23 11:50:00,6425,6425,6425,6425,0
2022-06-23 11:51:00,6425,6425,6425,6425,0
2022-06-23 11:52:00,6425,6425,6425,6425,0
2022-06-23 11:53:00,6425,6425,6425,6425,0
2022-06-23 11:54:00,6425,6425,6425,6425,0
2022-06-23 11:55:00,6425,6425,6425,6425,0
2022-06-23 11:56:00,6425,6425,6425,6425,0
2022-06-23 11:57:00,6425,6425,6425,6425,0
2022-06-23 11:58:00,6425,6425,6425,6425,0
2022-06-23 11:59:00,6425,6425,6425,6425,0
2022-06-23 12:00:00,6425,6425,6425,6425,0
2022-06-23 12:01:00,6425,6425,6425,6425,0
2022-06-23 12:02:00,6425,6425,6425,6425,0
2022-06-23 12:03:00,6425,6425,6425,6425,0
2022-06-23 12:04:00,6425,6425,6425,6425,0
2022-06-23 12:05:00,6425,6425,6425,6425,0
2022-06-23 12:06:00,6425,6425,6425,6425,0
2022-06-23 12:07:00,6425,6425,6425,6425,0
2022-06-23 12:08:00,6425,6425,6425,6425,0
2022-06-23 12:09:00,6425,6425,6425,6425,0
2022-06-23 12:10:00,6425,6425,6425,6425,0
2022-06-23 12:11:00,6425,6425,6425,6425,0
2022-06-23 12:12:00,6425,6425,6425,6425,0
2022-06-23 12:13:00,6425,6425,6425,6425,0
2022-06-23 12:14:00,6425,6425,6425,6425,0
2022-06-23 12:15:00,6425,6425,6425,6425,0
2022-06-23 12:16:00,6425,6425,6425,6425,0
2022-06-23 12:17:00,6425,6425,6425,6425,0
2022-06-23 12:18:00,6425,6425,6425,6425,0
2022-06-23 12:19:00,6425,6425,6425,6425,0
2022-06-23 12:20:00,6425,6425,6425,6425,0
2022-06-23 12:21:00,6425,6425,6425,6425,0
2022-06-23 12:22:00,6425,6425,6425,6425,0
2022-06-23 12:23:00,6425,6425,6425,6425,0
2022-06-23 12:24:00,6425,6425,6425,6425,0
2022-06-23 12:25:00,6425,6425,6425,6425,0
2022-06-23 12:26:00,6425,6425,6425,6425,0
2022-06-23 12:27:00,6425,6425,6425,6425,0
2022-06-23 12:28:00,6425,6425,6425,6425,0
2022-06-23 12:29:00,6425,6425,6425,6425,0
2022-06-23 12:30:00,6425,6425,6425,6425,0
2022-06-23 12:31:00,6425,6425,6425,6425,0
2022-06-23 12:32:00,6425,6425,6425,6425,0
2022-06-23 12:33:00,6425,6425,6425,6425,0
2022-06-23 12:34:00,6425,6425,6425,6425,0
2022-06-23 12:35:00,6425,6425,6425,6425,0
2022-06-23 12:36:00,6425,6425,6425,6425,0
2022-06-23 12:37:00,6425,6425,6425,6425,0
2022-06-23 12:38:00,6425,6425,6425,6425,0
2022-06-23 12:39:00,6425,6425,6425,6425,0
2022-06-23 12:40:00,6425,6425,6425,6425,0
2022-06-23 12:41:00,6425,6425,6425,6425,0
2022-06-23 12:42:00,6425,6425,6425,6425,0
2022-06-23 12:43:00,6425,6425,6425,6425,0
2022-06-23 12:44:00,6425,6425,6425,6425,0
2022-06-23 12:45:00,6425,6425,6425,6425,0
2022-06-23 12:46:00,6425,6425,6425,6425,0
2022-06-23 12:47:00,6425,6425,6425,6425,0
2022-06-23 12:48:00,6425,6425,6425,6425,0
2022-06-23 12:49:00,6425,6425,6425,6425,0
2022-06-23 12:50:00,6425,6425,6425,6425,0
2022-06-23 12:51:00,6425,6425,6425,6425,0
2022-06-23 12:52:00,6425,6425,6425,6425,0
2022-06-23 12:53:00,6425,6425,6425,6425,0
2022-06-23 12:54:00,6425,6425,6425,6425,0
2022-06-23 12:55:00,6425,6425,6425,6425,0
2022-06-23 12:56:00,6425,6425,6425,6425,0
2022-06-23 12:57:00,6425,6425,6425,6425,0
2022-06-23 12:58:00,6425,6425,6425,6425,0
2022-06-23 12:59:00,6425,6425,6425,6425,0
2022-06-23 13:00:00,6425,6425,6425,6425,0
2022-06-23 13:01:00,6425,6425,6425,6425,0
2022-06-23 13:02:00,6425,6425,6425,6425,0
2022-06-23 13:03:00,6425,6425,6425,6425,0
2022-06-23 13:04:00,6425,6425,6425,6425,0
2022-06-23 13:05:00,6425,6425,6425,6425,0
2022-06-23 13:06:00,6425,6425,6425,6425,0
2022-06-23 13:07:00,6425,6425,6425,6425,0
2022-06-23 13:08:00,6425,6425,6425,6425,0
2022-06-23 13:09:00,6425,6425,6425,6425,0
2022-06-23 13:10:00,6425,6425,6425,6425,0
2022-06-23 13:11:00,6425,6425,6425,6425,0
2022-06-23 13:12:00,6425,6425,6425,6425,0
2022-06-23 13:13:00,6425,6425,6425,6425,0
2022-06-23 13:14:00,6425,6425,6425,6425,0
2022-06-23 13:15:00,6425,6425,6425,6425,0
2022-06-23 13:16:00,6425,6425,6425,6425,0
2022-06-23 13:17:00,6425,6425,6425,6425,0
2022-06-23 13:18:00,6425,6425,6425,6425,0
2022-06-23 13:19:00,6425,6425,6425,6425,0
2022-06-23 13:20:00,6425,6425,6425,6425,0
2022-06-23 13:21:00,6425,6425,6425,6425,0
2022-06-23 13:22:00,6425,6425,6425,6425,0
2022-06-23 13:23:00,6425,6425,6425,6425,0
2022-06-23 13:24:00,6425,6425,6425,6425,0
2022-06-23 13:25:00,6425,6425,6425,6425,0
2022-06-23 13:26:00,6425,6425,6425,6425,0
2022-06-23 13:27:00,6425,6425,6425,6425,0
2022-06-23 13:28:00,6425,6425,6425,6425,0
2022-06-23 13:29:00,6425,6425,6425,6425,0
2022-06-23 13:30:00,6425,6425,6425,6425,0
2022-06-23 13:31:00,6425,6425,6425,6425,0
2022-06-23 13:32:00,6425,6425,6425,6425,0
2022-06-23 13:33:00,6425,6425,6425,6425,0
2022-06-23 13:34:00,6425,6425,6425,6425,0
2022-06-23 13:35:00,6425,6425,6425,6425,0
2022-06-23 13:36:00,6425,6425,6425,6425,0
2022-06-23 13:37:00,6425,6425,6425,6425,0
2022-06-23 13:38:00,6425,6425,6425,6425,0
2022-06-23 13:39:00,6425,6425,6425,6425,0
2022-06-23 13:40:00,6425,6425,6425,6425,0
2022-06-23 13:41:00,6425,6425,6425,6425,0
2022-06-23 13:42:00,6425,6425,6425,6425,0
2022-06-23 13:43:00,6425,6425,6425,6425,0
2022-06-23 13:44:00,6425,6425,6425,6425,0
2022-06-23 13:45:00,6425,6425,6425,6425,0
2022-06-23 13:46:00,6425,6425,6425,6425,0
2022-06-23 13:47:00,6425,6425,6425,6425,0
2022-06-23 13:48:00,6425,6425,6425,6425,0
2022-06-23 13:49:00,6425,6425,6425,6425,0
2022-06-23 13:50:00,6425,6425,6425,6425,0
2022-06-23 13:51:00,6425,6425,6425,6425,0
2022-06-23 13:52:00,6425,6425,6425,6425,0
2022-06-23 13:53:00,6425,6425,6425,6425,0
2022-06-23 13:54:00,6425,6425,6425,6425,0
2022-06-23 13:55:00,6425,6425,6425,6425,0
2022-06-23 13:56:00,6425,6425,6425,6425,0
2022-06-23 13:57:00,6425,6425,6425,6425,0
2022-06-23 13:58:00,6425,6425,6425,6425,0
2022-06-23 13:59:00,6425,6425,6425,6425,0
2022-06-23 14:00:00,6425,6425,6425,6425,0
2022-06-23 14:01:00,6425,6425,6425,6425,0
2022-06-23 14:02:00,6425,6425,6425,6425,0
2022-06-23 14:03:00,6425,6425,6425,6425,0
2022-06-23 14:04:00,6425,6425,6425,6425,0
2022-06-23 14:05:00,6425,6425,6425,6425,0
2022-06-23 14:06:00,6425,6425,6425,6425,0
2022-06-23 14:07:00,6425,6425,6425,6425,0
2022-06-23 14:08:00,6425,6425,6425,6425,0
2022-06-23 14:09:00,6425,6425,6425,6425,0
2022-06-23 14:10:00,6425,6425,6425,6425,0
2022-06-23 14:11:00,6425,6425,6425,6425,0
2022-06-23 14:12:00,6425,6425,6425,6425,0
2022-06-23 14:13:00,6425,6425,6425,6425,0
2022-06-23 14:14:00,6425,6425,6425,6425,0
2022-06-23 14:15:00,6425,6425,6425,6425,0
2022-06-23 14:16:00,6425,6425,6425,6425,0
2022-06-23 14:17:00,6425,6425,6425,6425,0
2022-06-23 14:18:00,6425,6425,6425,6425,0
2022-06-23 14:19:00,6425,6425,6425,6425,0
2022-06-23 14:20:00,6425,6425,6425,6425,0
2022-06-23 14:21:00,6425,6425,6425,6425,0
2022-06-23 14:22:00,6425,6425,6425,6425,0
2022-06-23 14:23:00,6425,6425,6425,6425,0
2022-06-23 14:24:00,6425,6425,6425,6425,0
2022-06-23 14:25:00,6425,6425,6425,6425,0
2022-06-23 14:26:00,6425,6425,6425,6425,0
2022-06-23 14:27:00,6425,6425,6425,6425,0
2022-06-23 14:28:00,6425,6425,6425,6425,0
2022-06-23 14:29:00,6425,6425,6425,6425,0
2022-06-23 14:30:00,6425,6425,6425,6425,0
2022-06-23 14:31:00,6425,6425,6425,6425,0
2022-06-23 14:32:00,6425,6425,6425,6425,0
2022-06-23 14:33:00,6425,6425,6425,6425,0
2022-06-23 14:34:00,6425,6425,6425,6425,0
2022-06-23 14:35:00,6425,6425,6425,6425,0
2022-06-23 14:36:00,6425,6425,6425,6425,0
2022-06-23 14:37:00,6425,6425,6425,6425,0
2022-06-23 14:38:00,6425,6425,6425,6425,0
2022-06-23 14:39:00,6425,6425,6425,6425,0
2022-06-23 14:40:00,6425,6425,6425,6425,0
2022-06-23 14:41:00,6425,6425,6425,6425,0
2022-06-23 14:42:00,6425,6425,6425,6425,0
2022-06-23 14:43:00,6425,6425,6425,6425,0
2022-06-23 14:44:00,6425,6425,6425,6425,0
2022-06-23 14:45:00,6425,6425,6425,6425,0
2022-06-23 14:46:00,6425,6425,6425,6425,0
2022-06-23 14:47:00,6425,6425,6425,6425,0
2022-06-23 14:48:00,6425,6425,6425,6425,0
2022-06-23 14:49:00,6425,6425,6425,6425,0
2022-06-23 14:50:00,6425,6425,6425,6425,0
2022-06-23 14:51:00,6425,6425,6425,6425,0
2022-06-23 14:52:00,6425,6425,6425,6425,0
2022-06-23 14:53:00,6425,6425,6425,6425,0
2022-06-23 14:54:00,6425,6425,6425,6425,0
2022-06-23 14:55:00,6425,6425,6425,6425,0
2022-06-23 14:56:00,6425,6425,6425,6425,0
2022-06-23 14:57:00,6425,6425,6425,6425,0
2022-06-23 14:58:00,6425,6425,6425,6425,0
2022-06-23 14:59:00,6425,6425,6425,6425,0
2022-06-23 15:00:00,6425,6425,6425,6425,0
2022-06-23 15:01:00,6425,6425,6425,6425,0
2022-06-23 15:02:00,6425,6425,6425,6425,0
2022-06-23 15:03:00,6425,6425,6425,6425,0
2022-06-23 15:04:00,6425,6425,6425,6425,0
2022-06-23 15:05:00,6425,6425,6425,6425,0
2022-06-23 15:06:00,6425,6425,6425,6425,0
2022-06-23 15:07:00,6425,6425,6425,6425,0
2022-06-23 15:08:00,6425,6425,6425,6425,0
2022-06-23 15:09:00,6425,6425,6425,6425,0
2022-06-23 15:10:00,6425,6425,6425,6425,0
2022-06-23 15:11:00,6425,6425,6425,6425,0
2022-06-23 15:12:00,6425,6425,6425,6425,0
2022-06-23 15:13:00,6425,6425,6425,6425,0
2022-06-23 15:14:00,6475,6475,6475,6475,1525600
2022-06-23 15:15:00,6475,6475,6475,6475,0
2022-06-23 15:16:00,6475,6475,6475,6475,0
2022-06-23 15:17:00,6475,6475,6475,6475,0
2022-06-23 15:18:00,6475,6475,6475,6475,0
2022-06-23 15:19:00,6475,6475,6475,6475,0
2022-06-23 15:20:00,6475,6475,6475,6475,0
2022-06-23 15:21:00,6475,6475,6475,6475,0
2022-06-23 15:22:00,6475,6475,6475,6475,0
2022-06-23 15:23:00,6475,6475,6475,6475,0
2022-06-23 15:24:00,6475,6475,6475,6475,0
2022-06-23 15:25:00,6475,6475,6475,6475,0
2022-06-23 15:26:00,6475,6475,6475,6475,0
2022-06-23 15:27:00,6475,6475,6475,6475,0
2022-06-23 15:28:00,6475,6475,6475,6475,0
2022-06-23 15:29:00,6475,6475,6475,6475,0
2022-06-23 15:30:00,6475,6475,6475,6475,0
2022-06-23 15:31:00,6475,6475,6475,6475,0
2022-06-23 15:32:00,6475,6475,6475,6475,0
2022-06-23 15:33:00,6475,6475,6475,6475,0
2022-06-23 15:34:00,6475,6475,6475,6475,0
2022-06-23 15:35:00,6475,6475,6475,6475,0
2022-06-23 15:36:00,6475,6475,6475,6475,0
2022-06-23 15:37:00,6475,6475,6475,6475,0
2022-06-23 15:38:00,6475,6475,6475,6475,0
2022-06-23 15:39:00,6475,6475,6475,6475,0
2022-06-23 15:40:00,6475,6475,6475,6475,0
2022-06-23 15:41:00,6475,6475,6475,6475,0
2022-06-23 15:42:00,6475,6475,6475,6475,0
2022-06-23 15:43:00,6475,6475,6475,6475,0
2022-06-23 15:44:00,6475,6475,6475,6475,0
2022-06-23 15:45:00,6475,6475,6475,6475,0
2022-06-23 15:46:00,6475,6475,6475,6475,0
2022-06-23 15:47:00,6475,6475,6475,6475,0
2022-06-23 15:48:00,6475,6475,6475,6475,0
2022-06-23 15:49:00,6475,6475,6475,6475,0
2022-06-23 15:50:00,6475,6475,6475,6475,0
2022-06-23 15:51:00,6475,6475,6475,6475,0
2022-06-23 15:52:00,6475,6475,6475,6475,0
2022-06-23 15:53:00,6475,6475,6475,6475,0
2022-06-23 15:54:00,6475,6475,6475,6475,0
2022-06-23 15:55:00,6475,6475,6475,6475,0
2022-06-23 15:56:00,6475,6475,6475,6475,0
2022-06-23 15:57:00,6475,6475,6475,6475,0
2022-06-23 15:58:00,6475,6475,6475,6475,0
2022-06-23 15:59:00,6475,6475,6475,6475,0
2022-06-24 09:00:00,6500,6500,6525,6500,3400
2022-06-24 09:01:00,6500,6500,6500,6500,100
2022-06-24 09:02:00,6525,6525,6550,6525,12700
2022-06-24 09:03:00,6525,6525,6525,6525,3100
2022-06-24 09:04:00,6550,6525,6550,6550,8300
2022-06-24 09:05:00,6550,6550,6550,6550,4400
2022-06-24 09:06:00,6550,6525,6550,6525,5900
2022-06-24 09:07:00,6525,6525,6525,6525,3000
2022-06-24 09:08:00,6525,6525,6525,6525,1500
2022-06-24 09:09:00,6525,6500,6525,6500,2600
2022-06-24 09:10:00,6525,6500,6525,6500,1100
2022-06-24 09:11:00,6525,6500,6525,6500,32400
2022-06-24 09:12:00,6500,6500,6500,6500,300
2022-06-24 09:13:00,6500,6500,6500,6500,700
2022-06-24 09:14:00,6500,6500,6500,6500,100
2022-06-24 09:15:00,6500,6475,6500,6475,8400
2022-06-24 09:16:00,6475,6475,6475,6475,100
2022-06-24 09:17:00,6475,6475,6475,6475,800
2022-06-24 09:18:00,6500,6500,6500,6500,100
2022-06-24 09:19:00,6475,6475,6500,6500,5100
2022-06-24 09:20:00,6500,6500,6500,6500,1100
2022-06-24 09:21:00,6500,6500,6525,6525,1500
2022-06-24 09:22:00,6500,6500,6500,6500,300
2022-06-24 09:23:00,6500,6500,6500,6500,1200
2022-06-24 09:24:00,6500,6500,6500,6500,0
2022-06-24 09:25:00,6500,6500,6500,6500,1700
2022-06-24 09:26:00,6500,6500,6500,6500,0
2022-06-24 09:27:00,6500,6500,6500,6500,1100
2022-06-24 09:28:00,6500,6500,6500,6500,1500
2022-06-24 09:29:00,6500,6500,6500,6500,1100
2022-06-24 09:30:00,6525,6500,6525,6525,3700
2022-06-24 09:31:00,6525,6500,6525,6500,7100
2022-06-24 09:32:00,6500,6500,6525,6525,45800
2022-06-24 09:33:00,6525,6525,6525,6525,500
2022-06-24 09:34:00,6525,6525,6525,6525,2200
2022-06-24 09:35:00,6525,6525,6525,6525,300
2022-06-24 09:36:00,6525,6525,6525,6525,700
2022-06-24 09:37:00,6525,6525,6525,6525,0
2022-06-24 09:38:00,6525,6500,6525,6500,2300
2022-06-24 09:39:00,6525,6500,6525,6500,0
2022-06-24 09:40:00,6525,6525,6525,6525,12000
2022-06-24 09:41:00,6550,6550,6550,6550,2000
2022-06-24 09:42:00,6500,6500,6500,6500,1400
2022-06-24 09:43:00,6500,6500,6500,6500,2800
2022-06-24 09:44:00,6500,6500,6500,6500,0
2022-06-24 09:45:00,6500,6500,6500,6500,200
2022-06-24 09:46:00,6525,6525,6525,6525,100
2022-06-24 09:47:00,6525,6525,6525,6525,200
2022-06-24 09:48:00,6500,6500,6500,6500,700
2022-06-24 09:49:00,6500,6500,6500,6500,0
2022-06-24 09:50:00,6500,6500,6500,6500,0
2022-06-24 09:51:00,6500,6500,6500,6500,0
2022-06-24 09:52:00,6500,6500,6500,6500,0
2022-06-24 09:53:00,6525,6525,6550,6525,16900
2022-06-24 09:54:00,6525,6525,6525,6525,1100
2022-06-24 09:55:00,6500,6500,6525,6525,15200
2022-06-24 09:56:00,6500,6500,6525,6525,0
2022-06-24 09:57:00,6500,6500,6500,6500,4000
2022-06-24 09:58:00,6525,6500,6525,6525,1900
2022-06-24 09:59:00,6525,6525,6525,6525,100
2022-06-24 10:00:00,6525,6525,6525,6525,800
2022-06-24 10:01:00,6525,6500,6525,6500,300
2022-06-24 10:02:00,6525,6500,6525,6500,2500
2022-06-24 10:03:00,6525,6500,6525,6500,2900
2022-06-24 10:04:00,6500,6500,6500,6500,52300
2022-06-24 10:05:00,6500,6500,6500,6500,5300
2022-06-24 10:06:00,6500,6500,6525,6525,3500
2022-06-24 10:07:00,6525,6525,6525,6525,200
2022-06-24 10:08:00,6500,6500,6500,6500,700
2022-06-24 10:09:00,6500,6500,6500,6500,0
2022-06-24 10:10:00,6525,6525,6525,6525,1500
2022-06-24 10:11:00,6525,6500,6525,6500,3500
2022-06-24 10:12:00,6525,6500,6525,6500,0
2022-06-24 10:13:00,6525,6500,6525,6500,0
2022-06-24 10:14:00,6500,6500,6500,6500,700
2022-06-24 10:15:00,6500,6500,6500,6500,0
2022-06-24 10:16:00,6500,6475,6500,6475,52300
2022-06-24 10:17:00,6500,6475,6500,6500,12700
2022-06-24 10:18:00,6500,6500,6500,6500,6700
2022-06-24 10:19:00,6500,6500,6500,6500,0
2022-06-24 10:20:00,6500,6500,6500,6500,900
2022-06-24 10:21:00,6500,6500,6500,6500,1100
2022-06-24 10:22:00,6500,6500,6500,6500,0
2022-06-24 10:23:00,6500,6500,6500,6500,1600
2022-06-24 10:24:00,6500,6500,6500,6500,400
2022-06-24 10:25:00,6500,6500,6500,6500,800
2022-06-24 10:26:00,6500,6500,6500,6500,1100
2022-06-24 10:27:00,6500,6500,6525,6525,700
2022-06-24 10:28:00,6500,6500,6500,6500,5200
2022-06-24 10:29:00,6500,6500,6500,6500,800
2022-06-24 10:30:00,6500,6500,6500,6500,0
2022-06-24 10:31:00,6500,6500,6500,6500,900
2022-06-24 10:32:00,6500,6500,6525,6525,1500
2022-06-24 10:33:00,6500,6500,6500,6500,700
2022-06-24 10:34:00,6500,6500,6500,6500,900
2022-06-24 10:35:00,6500,6500,6500,6500,0
2022-06-24 10:36:00,6525,6500,6525,6500,2000
2022-06-24 10:37:00,6500,6500,6500,6500,900
2022-06-24 10:38:00,6500,6500,6525,6525,1200
2022-06-24 10:39:00,6500,6500,6500,6500,1300
2022-06-24 10:40:00,6500,6500,6500,6500,900
2022-06-24 10:41:00,6500,6500,6500,6500,0
2022-06-24 10:42:00,6500,6500,6500,6500,900
2022-06-24 10:43:00,6500,6500,6500,6500,1600
2022-06-24 10:44:00,6500,6500,6500,6500,12700
2022-06-24 10:45:00,6500,6500,6500,6500,5900
2022-06-24 10:46:00,6500,6500,6500,6500,0
2022-06-24 10:47:00,6500,6500,6525,6525,2100
2022-06-24 10:48:00,6500,6500,6500,6500,2200
2022-06-24 10:49:00,6500,6500,6500,6500,0
2022-06-24 10:50:00,6500,6500,6500,6500,1400
2022-06-24 10:51:00,6500,6475,6500,6475,44900
2022-06-24 10:52:00,6500,6475,6500,6475,0
2022-06-24 10:53:00,6475,6475,6475,6475,2600
2022-06-24 10:54:00,6500,6475,6500,6475,5900
2022-06-24 10:55:00,6500,6475,6500,6475,0
2022-06-24 10:56:00,6475,6475,6475,6475,900
2022-06-24 10:57:00,6475,6475,6500,6500,15000
2022-06-24 10:58:00,6500,6500,6500,6500,200
2022-06-24 10:59:00,6500,6500,6500,6500,4900
2022-06-24 11:00:00,6500,6500,6525,6525,800
2022-06-24 11:01:00,6525,6500,6525,6525,5300
2022-06-24 11:02:00,6500,6500,6500,6500,1400
2022-06-24 11:03:00,6500,6500,6525,6500,1900
2022-06-24 11:04:00,6500,6500,6500,6500,500
2022-06-24 11:05:00,6500,6500,6500,6500,500
2022-06-24 11:06:00,6500,6500,6500,6500,5300
2022-06-24 11:07:00,6500,6475,6500,6500,18500
2022-06-24 11:08:00,6475,6475,6500,6500,1600
2022-06-24 11:09:00,6475,6475,6475,6475,900
2022-06-24 11:10:00,6475,6475,6475,6475,500
2022-06-24 11:11:00,6475,6475,6500,6475,2300
2022-06-24 11:12:00,6500,6475,6500,6500,6300
2022-06-24 11:13:00,6475,6475,6475,6475,1100
2022-06-24 11:14:00,6475,6475,6475,6475,900
2022-06-24 11:15:00,6500,6475,6500,6475,700
2022-06-24 11:16:00,6475,6475,6500,6500,3500
2022-06-24 11:17:00,6500,6500,6500,6500,200
2022-06-24 11:18:00,6525,6475,6525,6475,1000
2022-06-24 11:19:00,6525,6525,6525,6525,400
2022-06-24 11:20:00,6525,6525,6525,6525,0
2022-06-24 11:21:00,6525,6500,6525,6500,10600
2022-06-24 11:22:00,6500,6500,6500,6500,100
2022-06-24 11:23:00,6500,6500,6525,6525,1400
2022-06-24 11:24:00,6500,6475,6500,6500,17900
2022-06-24 11:25:00,6500,6475,6500,6500,0
2022-06-24 11:26:00,6500,6500,6500,6500,3100
2022-06-24 11:27:00,6500,6500,6500,6500,3500
2022-06-24 11:28:00,6525,6500,6525,6500,1100
2022-06-24 11:29:00,6500,6500,6525,6500,800
2022-06-24 11:30:00,6500,6500,6525,6500,0
2022-06-24 11:31:00,6500,6500,6525,6500,0
2022-06-24 11:32:00,6500,6500,6525,6500,0
2022-06-24 11:33:00,6500,6500,6525,6500,0
2022-06-24 11:34:00,6500,6500,6525,6500,0
2022-06-24 11:35:00,6500,6500,6525,6500,0
2022-06-24 11:36:00,6500,6500,6525,6500,0
2022-06-24 11:37:00,6500,6500,6525,6500,0
2022-06-24 11:38:00,6500,6500,6525,6500,0
2022-06-24 11:39:00,6500,6500,6525,6500,0
2022-06-24 11:40:00,6500,6500,6525,6500,0
2022-06-24 11:41:00,6500,6500,6525,6500,0
2022-06-24 11:42:00,6500,6500,6525,6500,0
2022-06-24 11:43:00,6500,6500,6525,6500,0
2022-06-24 11:44:00,6500,6500,6525,6500,0
2022-06-24 11:45:00,6500,6500,6525,6500,0
2022-06-24 11:46:00,6500,6500,6525,6500,0
2022-06-24 11:47:00,6500,6500,6525,6500,0
2022-06-24 11:48:00,6500,6500,6525,6500,0
2022-06-24 11:49:00,6500,6500,6525,6500,0
2022-06-24 11:50:00,6500,6500,6525,6500,0
2022-06-24 11:51:00,6500,6500,6525,6500,0
2022-06-24 11:52:00,6500,6500,6525,6500,0
2022-06-24 11:53:00,6500,6500,6525,6500,0
2022-06-24 11:54:00,6500,6500,6525,6500,0
2022-06-24 11:55:00,6500,6500,6525,6500,0
2022-06-24 11:56:00,6500,6500,6525,6500,0
2022-06-24 11:57:00,6500,6500,6525,6500,0
2022-06-24 11:58:00,6500,6500,6525,6500,0
2022-06-24 11:59:00,6500,6500,6525,6500,0
2022-06-24 12:00:00,6500,6500,6525,6500,0
2022-06-24 12:01:00,6500,6500,6525,6500,0
2022-06-24 12:02:00,6500,6500,6525,6500,0
2022-06-24 12:03:00,6500,6500,6525,6500,0
2022-06-24 12:04:00,6500,6500,6525,6500,0
2022-06-24 12:05:00,6500,6500,6525,6500,0
2022-06-24 12:06:00,6500,6500,6525,6500,0
2022-06-24 12:07:00,6500,6500,6525,6500,0
2022-06-24 12:08:00,6500,6500,6525,6500,0
2022-06-24 12:09:00,6500,6500,6525,6500,0
2022-06-24 12:10:00,6500,6500,6525,6500,0
2022-06-24 12:11:00,6500,6500,6525,6500,0
2022-06-24 12:12:00,6500,6500,6525,6500,0
2022-06-24 12:13:00,6500,6500,6525,6500,0
2022-06-24 12:14:00,6500,6500,6525,6500,0
2022-06-24 12:15:00,6500,6500,6525,6500,0
2022-06-24 12:16:00,6500,6500,6525,6500,0
2022-06-24 12:17:00,6500,6500,6525,6500,0
2022-06-24 12:18:00,6500,6500,6525,6500,0
2022-06-24 12:19:00,6500,6500,6525,6500,0
2022-06-24 12:20:00,6500,6500,6525,6500,0
2022-06-24 12:21:00,6500,6500,6525,6500,0
2022-06-24 12:22:00,6500,6500,6525,6500,0
2022-06-24 12:23:00,6500,6500,6525,6500,0
2022-06-24 12:24:00,6500,6500,6525,6500,0
2022-06-24 12:25:00,6500,6500,6525,6500,0
2022-06-24 12:26:00,6500,6500,6525,6500,0
2022-06-24 12:27:00,6500,6500,6525,6500,0
2022-06-24 12:28:00,6500,6500,6525,6500,0
2022-06-24 12:29:00,6500,6500,6525,6500,0
2022-06-24 12:30:00,6500,6500,6525,6500,0
2022-06-24 12:31:00,6500,6500,6525,6500,0
2022-06-24 12:32:00,6500,6500,6525,6500,0
2022-06-24 12:33:00,6500,6500,6525,6500,0
2022-06-24 12:34:00,6500,6500,6525,6500,0
2022-06-24 12:35:00,6500,6500,6525,6500,0
2022-06-24 12:36:00,6500,6500,6525,6500,0
2022-06-24 12:37:00,6500,6500,6525,6500,0
2022-06-24 12:38:00,6500,6500,6525,6500,0
2022-06-24 12:39:00,6500,6500,6525,6500,0
2022-06-24 12:40:00,6500,6500,6525,6500,0
2022-06-24 12:41:00,6500,6500,6525,6500,0
2022-06-24 12:42:00,6500,6500,6525,6500,0
2022-06-24 12:43:00,6500,6500,6525,6500,0
2022-06-24 12:44:00,6500,6500,6525,6500,0
2022-06-24 12:45:00,6500,6500,6525,6500,0
2022-06-24 12:46:00,6500,6500,6525,6500,0
2022-06-24 12:47:00,6500,6500,6525,6500,0
2022-06-24 12:48:00,6500,6500,6525,6500,0
2022-06-24 12:49:00,6500,6500,6525,6500,0
2022-06-24 12:50:00,6500,6500,6525,6500,0
2022-06-24 12:51:00,6500,6500,6525,6500,0
2022-06-24 12:52:00,6500,6500,6525,6500,0
2022-06-24 12:53:00,6500,6500,6525,6500,0
2022-06-24 12:54:00,6500,6500,6525,6500,0
2022-06-24 12:55:00,6500,6500,6525,6500,0
2022-06-24 12:56:00,6500,6500,6525,6500,0
2022-06-24 12:57:00,6500,6500,6525,6500,0
2022-06-24 12:58:00,6500,6500,6525,6500,0
2022-06-24 12:59:00,6500,6500,6525,6500,0
2022-06-24 13:00:00,6500,6500,6525,6500,0
2022-06-24 13:01:00,6500,6500,6525,6500,0
2022-06-24 13:02:00,6500,6500,6525,6500,0
2022-06-24 13:03:00,6500,6500,6525,6500,0
2022-06-24 13:04:00,6500,6500,6525,6500,0
2022-06-24 13:05:00,6500,6500,6525,6500,0
2022-06-24 13:06:00,6500,6500,6525,6500,0
2022-06-24 13:07:00,6500,6500,6525,6500,0
2022-06-24 13:08:00,6500,6500,6525,6500,0
2022-06-24 13:09:00,6500,6500,6525,6500,0
2022-06-24 13:10:00,6500,6500,6525,6500,0
2022-06-24 13:11:00,6500,6500,6525,6500,0
2022-06-24 13:12:00,6500,6500,6525,6500,0
2022-06-24 13:13:00,6500,6500,6525,6500,0
2022-06-24 13:14:00,6500,6500,6525,6500,0
2022-06-24 13:15:00,6500,6500,6525,6500,0
2022-06-24 13:16:00,6500,6500,6525,6500,0
2022-06-24 13:17:00,6500,6500,6525,6500,0
2022-06-24 13:18:00,6500,6500,6525,6500,0
2022-06-24 13:19:00,6500,6500,6525,6500,0
2022-06-24 13:20:00,6500,6500,6525,6500,0
2022-06-24 13:21:00,6500,6500,6525,6500,0
2022-06-24 13:22:00,6500,6500,6525,6500,0
2022-06-24 13:23:00,6500,6500,6525,6500,0
2022-06-24 13:24:00,6500,6500,6525,6500,0
2022-06-24 13:25:00,6500,6500,6525,6500,0
2022-06-24 13:26:00,6500,6500,6525,6500,0
2022-06-24 13:27:00,6500,6500,6525,6500,0
2022-06-24 13:28:00,6500,6500,6525,6500,0
2022-06-24 13:29:00,6500,6500,6525,6500,0
2022-06-24 13:30:00,6500,6500,6525,6500,6200
2022-06-24 13:31:00,6500,6500,6525,6500,0
2022-06-24 13:32:00,6500,6500,6525,6500,0
2022-06-24 13:33:00,6500,6500,6525,6500,0
2022-06-24 13:34:00,6500,6500,6500,6500,500
2022-06-24 13:35:00,6500,6500,6500,6500,700
2022-06-24 13:36:00,6500,6500,6500,6500,2500
2022-06-24 13:37:00,6500,6500,6500,6500,0
2022-06-24 13:38:00,6500,6500,6500,6500,0
2022-06-24 13:39:00,6500,6500,6500,6500,0
2022-06-24 13:40:00,6500,6500,6500,6500,3700
2022-06-24 13:41:00,6500,6500,6500,6500,700
2022-06-24 13:42:00,6500,6500,6500,6500,2500
2022-06-24 13:43:00,6525,6500,6525,6500,600
2022-06-24 13:44:00,6500,6500,6500,6500,100
2022-06-24 13:45:00,6500,6500,6500,6500,12700
2022-06-24 13:46:00,6500,6500,6500,6500,2000
2022-06-24 13:47:00,6525,6500,6525,6500,600
2022-06-24 13:48:00,6500,6500,6500,6500,18400
2022-06-24 13:49:00,6525,6500,6525,6500,500
2022-06-24 13:50:00,6500,6500,6500,6500,800
2022-06-24 13:51:00,6500,6500,6500,6500,0
2022-06-24 13:52:00,6525,6500,6525,6500,18500
2022-06-24 13:53:00,6500,6500,6500,6500,2200
2022-06-24 13:54:00,6525,6500,6525,6500,400
2022-06-24 13:55:00,6500,6500,6525,6500,1200
2022-06-24 13:56:00,6500,6500,6500,6500,20500
2022-06-24 13:57:00,6500,6500,6525,6525,4700
2022-06-24 13:58:00,6500,6500,6500,6500,71300
2022-06-24 13:59:00,6500,6500,6500,6500,6000
2022-06-24 14:00:00,6500,6500,6500,6500,10100
2022-06-24 14:01:00,6500,6475,6500,6475,14000
2022-06-24 14:02:00,6500,6475,6500,6475,0
2022-06-24 14:03:00,6500,6475,6500,6475,6800
2022-06-24 14:04:00,6475,6475,6475,6475,1900
2022-06-24 14:05:00,6475,6475,6475,6475,0
2022-06-24 14:06:00,6475,6475,6475,6475,0
2022-06-24 14:07:00,6475,6475,6500,6500,2700
2022-06-24 14:08:00,6500,6500,6500,6500,15300
2022-06-24 14:09:00,6475,6475,6475,6475,6800
2022-06-24 14:10:00,6475,6475,6475,6475,0
2022-06-24 14:11:00,6500,6475,6500,6475,2000
2022-06-24 14:12:00,6500,6475,6500,6475,3700
2022-06-24 14:13:00,6475,6475,6475,6475,100
2022-06-24 14:14:00,6475,6475,6500,6475,3600
2022-06-24 14:15:00,6500,6475,6500,6475,6800
2022-06-24 14:16:00,6500,6475,6500,6475,1500
2022-06-24 14:17:00,6500,6475,6500,6475,1700
2022-06-24 14:18:00,6475,6475,6500,6475,600
2022-06-24 14:19:00,6500,6475,6500,6475,800
2022-06-24 14:20:00,6475,6475,6475,6475,1900
2022-06-24 14:21:00,6500,6475,6500,6475,1000
2022-06-24 14:22:00,6475,6475,6500,6475,700
2022-06-24 14:23:00,6475,6475,6500,6475,4700
2022-06-24 14:24:00,6475,6475,6500,6475,6100
2022-06-24 14:25:00,6500,6475,6500,6475,800
2022-06-24 14:26:00,6475,6475,6500,6475,12500
2022-06-24 14:27:00,6475,6475,6500,6475,3000
2022-06-24 14:28:00,6475,6475,6475,6475,400
2022-06-24 14:29:00,6475,6475,6475,6475,2500
2022-06-24 14:30:00,6500,6475,6500,6475,1500
2022-06-24 14:31:00,6475,6475,6500,6475,500
2022-06-24 14:32:00,6475,6475,6500,6500,2300
2022-06-24 14:33:00,6475,6475,6500,6475,2100
2022-06-24 14:34:00,6500,6475,6500,6475,1000
2022-06-24 14:35:00,6475,6475,6500,6475,6700
2022-06-24 14:36:00,6475,6475,6500,6475,27900
2022-06-24 14:37:00,6500,6475,6500,6500,5500
2022-06-24 14:38:00,6475,6475,6475,6475,2400
2022-06-24 14:39:00,6475,6475,6500,6475,1500
2022-06-24 14:40:00,6475,6475,6500,6475,2600
2022-06-24 14:41:00,6500,6475,6500,6500,2300
2022-06-24 14:42:00,6475,6475,6475,6475,2500
2022-06-24 14:43:00,6475,6475,6475,6475,900
2022-06-24 14:44:00,6475,6475,6475,6475,100
2022-06-24 14:45:00,6500,6475,6500,6475,105400
2022-06-24 14:46:00,6500,6500,6500,6500,3400
2022-06-24 14:47:00,6500,6475,6500,6500,4200
2022-06-24 14:48:00,6500,6475,6500,6500,1800
2022-06-24 14:49:00,6500,6475,6500,6500,2400
2022-06-24 14:50:00,6500,6475,6500,6500,0
2022-06-24 14:51:00,6500,6475,6500,6500,0
2022-06-24 14:52:00,6500,6475,6500,6500,0
2022-06-24 14:53:00,6500,6475,6500,6500,0
2022-06-24 14:54:00,6500,6475,6500,6500,0
2022-06-24 14:55:00,6500,6475,6500,6500,0
2022-06-24 14:56:00,6500,6475,6500,6500,0
2022-06-24 14:57:00,6500,6475,6500,6500,0
2022-06-24 14:58:00,6500,6475,6500,6500,0
2022-06-24 14:59:00,6500,6475,6500,6500,0
2022-06-24 15:00:00,6500,6500,6500,6500,51500
2022-06-24 15:01:00,6500,6500,6500,6500,700
2022-06-24 15:02:00,6500,6500,6500,6500,300
2022-06-24 15:03:00,6500,6500,6500,6500,200
2022-06-24 15:04:00,6500,6500,6500,6500,0
2022-06-24 15:05:00,6500,6500,6500,6500,78500
2022-06-24 15:06:00,6500,6500,6500,6500,1000
2022-06-24 15:07:00,6500,6500,6500,6500,0
2022-06-24 15:08:00,6500,6500,6500,6500,0
2022-06-24 15:09:00,6500,6500,6500,6500,0
2022-06-24 15:10:00,6500,6500,6500,6500,0
2022-06-24 15:11:00,6500,6500,6500,6500,0
2022-06-24 15:12:00,6500,6500,6500,6500,0
2022-06-24 15:13:00,6500,65,6500,6500,500
2022-06-24 15:14:00,6500,65,6500,6500,0
2022-06-24 15:15:00,6500,65,6500,6500,0
2022-06-24 15:16:00,6500,65,6500,6500,0
2022-06-24 15:17:00,6500,65,6500,6500,0
2022-06-24 15:18:00,6500,65,6500,6500,0
2022-06-24 15:19:00,6500,65,6500,6500,0
2022-06-24 15:20:00,6500,65,6500,6500,0
2022-06-24 15:21:00,6500,65,6500,6500,0
2022-06-24 15:22:00,6500,65,6500,6500,0
2022-06-24 15:23:00,6500,65,6500,6500,0
2022-06-24 15:24:00,6500,65,6500,6500,0
2022-06-24 15:25:00,6500,65,6500,6500,0
2022-06-24 15:26:00,6500,65,6500,6500,0
2022-06-24 15:27:00,6500,65,6500,6500,0
2022-06-24 15:28:00,6500,65,6500,6500,0
2022-06-24 15:29:00,6500,65,6500,6500,0
2022-06-24 15:30:00,6500,65,6500,6500,0
2022-06-24 15:31:00,6500,65,6500,6500,0
2022-06-24 15:32:00,6500,65,6500,6500,0
2022-06-24 15:33:00,6500,65,6500,6500,0
2022-06-24 15:34:00,6500,65,6500,6500,0
2022-06-24 15:35:00,6500,65,6500,6500,0
2022-06-24 15:36:00,6500,65,6500,6500,0
2022-06-24 15:37:00,6500,65,6500,6500,0
2022-06-24 15:38:00,6500,65,6500,6500,0
2022-06-24 15:39:00,6500,65,6500,6500,0
2022-06-24 15:40:00,6500,65,6500,6500,0
2022-06-24 15:41:00,6500,65,6500,6500,0
2022-06-24 15:42:00,6500,65,6500,6500,0
2022-06-24 15:43:00,6500,65,6500,6500,0
2022-06-24 15:44:00,6500,65,6500,6500,0
2022-06-24 15:45:00,6500,65,6500,6500,0
2022-06-24 15:46:00,6500,65,6500,6500,0
2022-06-24 15:47:00,6500,65,6500,6500,0
2022-06-24 15:48:00,6500,65,6500,6500,0
2022-06-24 15:49:00,6500,65,6500,6500,0
2022-06-24 15:50:00,6500,65,6500,6500,0
2022-06-24 15:51:00,6500,65,6500,6500,0
2022-06-24 15:52:00,6500,65,6500,6500,0
2022-06-24 15:53:00,6500,65,6500,6500,0
2022-06-24 15:54:00,6500,65,6500,6500,0
2022-06-24 15:55:00,6500,65,6500,6500,0
2022-06-24 15:56:00,6500,65,6500,6500,0
2022-06-24 15:57:00,6500,65,6500,6500,0
2022-06-24 15:58:00,6500,65,6500,6500,0
2022-06-24 15:59:00,6500,65,6500,6500,0
2022-06-27 09:00:00,6550,6550,6550,6550,21700
2022-06-27 09:01:00,6525,6525,6550,6550,107800
2022-06-27 09:02:00,6525,6525,6550,6525,700
2022-06-27 09:03:00,6525,6525,6525,6525,13100
2022-06-27 09:04:00,6550,6525,6550,6550,0
2022-06-27 09:05:00,6550,6525,6550,6525,95800
2022-06-27 09:06:00,6525,6525,6550,6550,83900
2022-06-27 09:07:00,6550,6525,6550,6525,17500
2022-06-27 09:08:00,6525,6525,6550,6550,0
2022-06-27 09:09:00,6525,6525,6550,6550,0
2022-06-27 09:10:00,6550,6550,6550,6550,2600
2022-06-27 09:11:00,6550,6550,6550,6550,600
2022-06-27 09:12:00,6550,6550,6550,6550,1800
2022-06-27 09:13:00,6525,6525,6525,6525,7800
2022-06-27 09:14:00,6525,6525,6525,6525,0
2022-06-27 09:15:00,6525,6525,6525,6525,2300
2022-06-27 09:16:00,6525,6525,6525,6525,0
2022-06-27 09:17:00,6525,6525,6525,6525,200
2022-06-27 09:18:00,6550,6525,6550,6525,2400
2022-06-27 09:19:00,6550,6525,6550,6525,2000
2022-06-27 09:20:00,6525,6525,6525,6525,0
2022-06-27 09:21:00,6525,6525,6525,6525,800
2022-06-27 09:22:00,6550,6550,6550,6550,3900
2022-06-27 09:23:00,6550,6550,6550,6550,0
2022-06-27 09:24:00,6550,6550,6550,6550,200
2022-06-27 09:25:00,6550,6525,6550,6525,3000
2022-06-27 09:26:00,6550,6525,6550,6525,2200
2022-06-27 09:27:00,6550,6525,6550,6525,7200
2022-06-27 09:28:00,6525,6525,6550,6550,1000
2022-06-27 09:29:00,6550,6525,6550,6525,700
2022-06-27 09:30:00,6550,6525,6550,6525,0
2022-06-27 09:31:00,6550,6525,6550,6525,6000
2022-06-27 09:32:00,6550,6525,6550,6525,2100
2022-06-27 09:33:00,6525,6525,6525,6525,200
2022-06-27 09:34:00,6525,6525,6550,6550,300
2022-06-27 09:35:00,6550,6525,6550,6525,400
2022-06-27 09:36:00,6550,6525,6550,6525,9200
2022-06-27 09:37:00,6550,6550,6550,6550,1700
2022-06-27 09:38:00,6550,6550,6550,6550,0
2022-06-27 09:39:00,6550,6550,6550,6550,1800
2022-06-27 09:40:00,6550,6550,6550,6550,34600
2022-06-27 09:41:00,6550,6550,6550,6550,4300
2022-06-27 09:42:00,6550,6550,6550,6550,0
2022-06-27 09:43:00,6550,6550,6550,6550,0
2022-06-27 09:44:00,6550,6550,6550,6550,0
2022-06-27 09:45:00,6550,6550,6550,6550,1400
2022-06-27 09:46:00,6525,6525,6550,6550,200
2022-06-27 09:47:00,6550,6525,6550,6525,200
2022-06-27 09:48:00,6525,6525,6525,6525,200
2022-06-27 09:49:00,6525,6525,6525,6525,100
2022-06-27 09:50:00,6525,6525,6525,6525,100
2022-06-27 09:51:00,6525,6525,6525,6525,2100
2022-06-27 09:52:00,6525,6525,6525,6525,100
2022-06-27 09:53:00,6525,6525,6525,6525,5000
2022-06-27 09:54:00,6525,6525,6525,6525,0
2022-06-27 09:55:00,6525,6525,6525,6525,0
2022-06-27 09:56:00,6525,6525,6525,6525,1600
2022-06-27 09:57:00,6525,6525,6525,6525,32200
2022-06-27 09:58:00,6525,6500,6525,6500,55300
2022-06-27 09:59:00,6500,6500,6525,6525,0
2022-06-27 10:00:00,6525,6525,6525,6525,13500
2022-06-27 10:01:00,6525,6525,6525,6525,2500
2022-06-27 10:02:00,6525,6525,6525,6525,800
2022-06-27 10:03:00,6525,6525,6550,6550,3400
2022-06-27 10:04:00,6525,6525,6550,6550,0
2022-06-27 10:05:00,6550,6550,6550,6550,300
2022-06-27 10:06:00,6550,6550,6550,6550,0
2022-06-27 10:07:00,6550,6550,6550,6550,1500
2022-06-27 10:08:00,6550,6550,6550,6550,1000
2022-06-27 10:09:00,6550,6550,6550,6550,0
2022-06-27 10:10:00,6550,6550,6550,6550,1400
2022-06-27 10:11:00,6550,6550,6550,6550,0
2022-06-27 10:12:00,6525,6525,6550,6550,800
2022-06-27 10:13:00,6550,6525,6550,6525,16800
2022-06-27 10:14:00,6550,6525,6550,6525,0
2022-06-27 10:15:00,6525,6525,6525,6525,7400
2022-06-27 10:16:00,6525,6525,6525,6525,0
2022-06-27 10:17:00,6525,6525,6525,6525,200
2022-06-27 10:18:00,6525,6525,6525,6525,1500
2022-06-27 10:19:00,6550,6525,6550,6525,5500
2022-06-27 10:20:00,6525,6525,6525,6525,1800
2022-06-27 10:21:00,6525,6525,6525,6525,13500
2022-06-27 10:22:00,6525,6525,6525,6525,0
2022-06-27 10:23:00,6525,6525,6550,6525,700
2022-06-27 10:24:00,6525,6525,6550,6525,0
2022-06-27 10:25:00,6525,6525,6525,6525,200
2022-06-27 10:26:00,6525,6525,6525,6525,11400
2022-06-27 10:27:00,6525,6525,6525,6525,200
2022-06-27 10:28:00,6525,6525,6525,6525,0
2022-06-27 10:29:00,6525,6525,6525,6525,0
2022-06-27 10:30:00,6525,6525,6525,6525,0
2022-06-27 10:31:00,6525,6525,6525,6525,1200
2022-06-27 10:32:00,6525,6525,6525,6525,0
2022-06-27 10:33:00,6525,6525,6525,6525,3200
2022-06-27 10:34:00,6525,6525,6525,6525,1200
2022-06-27 10:35:00,6525,6525,6525,6525,2700
2022-06-27 10:36:00,6525,6525,6525,6525,0
2022-06-27 10:37:00,6525,6525,6525,6525,0
2022-06-27 10:38:00,6525,6525,6525,6525,100
2022-06-27 10:39:00,6525,6525,6525,6525,0
2022-06-27 10:40:00,6550,6525,6550,6525,300
2022-06-27 10:41:00,6525,6525,6525,6525,1400
2022-06-27 10:42:00,6525,6525,6525,6525,1900
2022-06-27 10:43:00,6525,6525,6525,6525,0
2022-06-27 10:44:00,6525,6525,6525,6525,300
2022-06-27 10:45:00,6525,6525,6525,6525,0
2022-06-27 10:46:00,6525,6525,6525,6525,700
2022-06-27 10:47:00,6550,6550,6550,6550,700
2022-06-27 10:48:00,6550,6550,6550,6550,600
2022-06-27 10:49:00,6525,6525,6525,6525,200
2022-06-27 10:50:00,6525,6525,6525,6525,300
2022-06-27 10:51:00,6525,6525,6525,6525,0
2022-06-27 10:52:00,6525,6525,6550,6550,39400
2022-06-27 10:53:00,6525,6525,6525,6525,0
2022-06-27 10:54:00,6550,6550,6550,6550,800
2022-06-27 10:55:00,6525,6525,6550,6550,3500
2022-06-27 10:56:00,6550,6525,6550,6525,0
2022-06-27 10:57:00,6550,6550,6550,6550,1300
2022-06-27 10:58:00,6525,6525,6525,6525,7300
2022-06-27 10:59:00,6550,6525,6550,6525,0
2022-06-27 11:00:00,6525,6525,6550,6525,1200
2022-06-27 11:01:00,6525,6525,6550,6525,0
2022-06-27 11:02:00,6550,6550,6550,6550,1500
2022-06-27 11:03:00,6525,6525,6525,6525,0
2022-06-27 11:04:00,6550,6525,6550,6525,900
2022-06-27 11:05:00,6525,6525,6550,6550,1400
2022-06-27 11:06:00,6550,6525,6550,6525,1100
2022-06-27 11:07:00,6550,6550,6550,6550,1600
2022-06-27 11:08:00,6525,6525,6550,6550,100
2022-06-27 11:09:00,6525,6525,6550,6550,0
2022-06-27 11:10:00,6550,6525,6550,6550,1800
2022-06-27 11:11:00,6550,6525,6550,6550,0
2022-06-27 11:12:00,6525,6525,6550,6525,600
2022-06-27 11:13:00,6525,6525,6525,6525,1800
2022-06-27 11:14:00,6550,6525,6550,6525,200
2022-06-27 11:15:00,6550,6550,6550,6550,1100
2022-06-27 11:16:00,6550,6550,6550,6550,0
2022-06-27 11:17:00,6550,6550,6550,6550,1400
2022-06-27 11:18:00,6550,6550,6550,6550,0
2022-06-27 11:19:00,6550,6525,6550,6525,500
2022-06-27 11:20:00,6550,6550,6550,6550,800
2022-06-27 11:21:00,6550,6550,6550,6550,0
2022-06-27 11:22:00,6550,6550,6550,6550,1300
2022-06-27 11:23:00,6550,6550,6550,6550,0
2022-06-27 11:24:00,6550,6525,6550,6550,1300
2022-06-27 11:25:00,6550,6525,6550,6550,1200
2022-06-27 11:26:00,6550,6550,6550,6550,700
2022-06-27 11:27:00,6550,6525,6550,6525,1000
2022-06-27 11:28:00,6550,6525,6550,6550,2100
2022-06-27 11:29:00,6525,6525,6550,6550,600
2022-06-27 11:30:00,6525,6525,6550,6550,0
2022-06-27 11:31:00,6525,6525,6550,6550,0
2022-06-27 11:32:00,6525,6525,6550,6550,0
2022-06-27 11:33:00,6525,6525,6550,6550,0
2022-06-27 11:34:00,6525,6525,6550,6550,0
2022-06-27 11:35:00,6525,6525,6550,6550,0
2022-06-27 11:36:00,6525,6525,6550,6550,0
2022-06-27 11:37:00,6525,6525,6550,6550,0
2022-06-27 11:38:00,6525,6525,6550,6550,0
2022-06-27 11:39:00,6525,6525,6550,6550,0
2022-06-27 11:40:00,6525,6525,6550,6550,0
2022-06-27 11:41:00,6525,6525,6550,6550,0
2022-06-27 11:42:00,6525,6525,6550,6550,0
2022-06-27 11:43:00,6525,6525,6550,6550,0
2022-06-27 11:44:00,6525,6525,6550,6550,0
2022-06-27 11:45:00,6525,6525,6550,6550,0
2022-06-27 11:46:00,6525,6525,6550,6550,0
2022-06-27 11:47:00,6525,6525,6550,6550,0
2022-06-27 11:48:00,6525,6525,6550,6550,0
2022-06-27 11:49:00,6525,6525,6550,6550,0
2022-06-27 11:50:00,6525,6525,6550,6550,0
2022-06-27 11:51:00,6525,6525,6550,6550,0
2022-06-27 11:52:00,6525,6525,6550,6550,0
2022-06-27 11:53:00,6525,6525,6550,6550,0
2022-06-27 11:54:00,6525,6525,6550,6550,0
2022-06-27 11:55:00,6525,6525,6550,6550,0
2022-06-27 11:56:00,6525,6525,6550,6550,0
2022-06-27 11:57:00,6525,6525,6550,6550,0
2022-06-27 11:58:00,6525,6525,6550,6550,0
2022-06-27 11:59:00,6525,6525,6550,6550,0
2022-06-27 12:00:00,6525,6525,6550,6550,0
2022-06-27 12:01:00,6525,6525,6550,6550,0
2022-06-27 12:02:00,6525,6525,6550,6550,0
2022-06-27 12:03:00,6525,6525,6550,6550,0
2022-06-27 12:04:00,6525,6525,6550,6550,0
2022-06-27 12:05:00,6525,6525,6550,6550,0
2022-06-27 12:06:00,6525,6525,6550,6550,0
2022-06-27 12:07:00,6525,6525,6550,6550,0
2022-06-27 12:08:00,6525,6525,6550,6550,0
2022-06-27 12:09:00,6525,6525,6550,6550,0
2022-06-27 12:10:00,6525,6525,6550,6550,0
2022-06-27 12:11:00,6525,6525,6550,6550,0
2022-06-27 12:12:00,6525,6525,6550,6550,0
2022-06-27 12:13:00,6525,6525,6550,6550,0
2022-06-27 12:14:00,6525,6525,6550,6550,0
2022-06-27 12:15:00,6525,6525,6550,6550,0
2022-06-27 12:16:00,6525,6525,6550,6550,0
2022-06-27 12:17:00,6525,6525,6550,6550,0
2022-06-27 12:18:00,6525,6525,6550,6550,0
2022-06-27 12:19:00,6525,6525,6550,6550,0
2022-06-27 12:20:00,6525,6525,6550,6550,0
2022-06-27 12:21:00,6525,6525,6550,6550,0
2022-06-27 12:22:00,6525,6525,6550,6550,0
2022-06-27 12:23:00,6525,6525,6550,6550,0
2022-06-27 12:24:00,6525,6525,6550,6550,0
2022-06-27 12:25:00,6525,6525,6550,6550,0
2022-06-27 12:26:00,6525,6525,6550,6550,0
2022-06-27 12:27:00,6525,6525,6550,6550,0
2022-06-27 12:28:00,6525,6525,6550,6550,0
2022-06-27 12:29:00,6525,6525,6550,6550,0
2022-06-27 12:30:00,6525,6525,6550,6550,0
2022-06-27 12:31:00,6525,6525,6550,6550,0
2022-06-27 12:32:00,6525,6525,6550,6550,0
2022-06-27 12:33:00,6525,6525,6550,6550,0
2022-06-27 12:34:00,6525,6525,6550,6550,0
2022-06-27 12:35:00,6525,6525,6550,6550,0
2022-06-27 12:36:00,6525,6525,6550,6550,0
2022-06-27 12:37:00,6525,6525,6550,6550,0
2022-06-27 12:38:00,6525,6525,6550,6550,0
2022-06-27 12:39:00,6525,6525,6550,6550,0
2022-06-27 12:40:00,6525,6525,6550,6550,0
2022-06-27 12:41:00,6525,6525,6550,6550,0
2022-06-27 12:42:00,6525,6525,6550,6550,0
2022-06-27 12:43:00,6525,6525,6550,6550,0
2022-06-27 12:44:00,6525,6525,6550,6550,0
2022-06-27 12:45:00,6525,6525,6550,6550,0
2022-06-27 12:46:00,6525,6525,6550,6550,0
2022-06-27 12:47:00,6525,6525,6550,6550,0
2022-06-27 12:48:00,6525,6525,6550,6550,0
2022-06-27 12:49:00,6525,6525,6550,6550,0
2022-06-27 12:50:00,6525,6525,6550,6550,0
2022-06-27 12:51:00,6525,6525,6550,6550,0
2022-06-27 12:52:00,6525,6525,6550,6550,0
2022-06-27 12:53:00,6525,6525,6550,6550,0
2022-06-27 12:54:00,6525,6525,6550,6550,0
2022-06-27 12:55:00,6525,6525,6550,6550,0
2022-06-27 12:56:00,6525,6525,6550,6550,0
2022-06-27 12:57:00,6525,6525,6550,6550,0
2022-06-27 12:58:00,6525,6525,6550,6550,0
2022-06-27 12:59:00,6525,6525,6550,6550,0
2022-06-27 13:00:00,6525,6525,6550,6550,0
2022-06-27 13:01:00,6525,6525,6550,6550,0
2022-06-27 13:02:00,6525,6525,6550,6550,0
2022-06-27 13:03:00,6525,6525,6550,6550,0
2022-06-27 13:04:00,6525,6525,6550,6550,0
2022-06-27 13:05:00,6525,6525,6550,6550,0
2022-06-27 13:06:00,6525,6525,6550,6550,0
2022-06-27 13:07:00,6525,6525,6550,6550,0
2022-06-27 13:08:00,6525,6525,6550,6550,0
2022-06-27 13:09:00,6525,6525,6550,6550,0
2022-06-27 13:10:00,6525,6525,6550,6550,0
2022-06-27 13:11:00,6525,6525,6550,6550,0
2022-06-27 13:12:00,6525,6525,6550,6550,0
2022-06-27 13:13:00,6525,6525,6550,6550,0
2022-06-27 13:14:00,6525,6525,6550,6550,0
2022-06-27 13:15:00,6525,6525,6550,6550,0
2022-06-27 13:16:00,6525,6525,6550,6550,0
2022-06-27 13:17:00,6525,6525,6550,6550,0
2022-06-27 13:18:00,6525,6525,6550,6550,0
2022-06-27 13:19:00,6525,6525,6550,6550,0
2022-06-27 13:20:00,6525,6525,6550,6550,0
2022-06-27 13:21:00,6525,6525,6550,6550,0
2022-06-27 13:22:00,6525,6525,6550,6550,0
2022-06-27 13:23:00,6525,6525,6550,6550,0
2022-06-27 13:24:00,6525,6525,6550,6550,0
2022-06-27 13:25:00,6525,6525,6550,6550,0
2022-06-27 13:26:00,6525,6525,6550,6550,0
2022-06-27 13:27:00,6525,6525,6550,6550,0
2022-06-27 13:28:00,6525,6525,6550,6550,0
2022-06-27 13:29:00,6525,6525,6550,6550,0
2022-06-27 13:30:00,6550,6525,6550,6550,18600
2022-06-27 13:31:00,6550,6525,6550,6550,0
2022-06-27 13:32:00,6550,6550,6550,6550,17600
2022-06-27 13:33:00,6550,6550,6550,6550,2500
2022-06-27 13:34:00,6550,6550,6550,6550,3900
2022-06-27 13:35:00,6550,6550,6575,6550,700
2022-06-27 13:36:00,6550,6550,6575,6575,400
2022-06-27 13:37:00,6550,6550,6575,6575,5200
2022-06-27 13:38:00,6575,6575,6575,6575,500
2022-06-27 13:39:00,6575,6575,6575,6575,1400
2022-06-27 13:40:00,6575,6550,6575,6550,300
2022-06-27 13:41:00,6550,6550,6550,6550,4100
2022-06-27 13:42:00,6550,6550,6550,6550,200
2022-06-27 13:43:00,6550,6550,6550,6550,2000
2022-06-27 13:44:00,6550,6550,6575,6550,1400
2022-06-27 13:45:00,6575,6550,6575,6550,1500
2022-06-27 13:46:00,6550,6550,6575,6575,54300
2022-06-27 13:47:00,6575,6550,6575,6550,1600
2022-06-27 13:48:00,6575,6575,6575,6575,7000
2022-06-27 13:49:00,6600,6600,6600,6600,0
2022-06-27 13:50:00,6575,6575,6575,6575,1000
2022-06-27 13:51:00,6575,6575,6600,6575,3100
2022-06-27 13:52:00,6575,6575,6575,6575,0
2022-06-27 13:53:00,6575,6575,6575,6575,800
2022-06-27 13:54:00,6550,6550,6550,6550,600
2022-06-27 13:55:00,6550,6550,6550,6550,0
2022-06-27 13:56:00,6550,6550,6550,6550,5500
2022-06-27 13:57:00,6575,6575,6575,6575,0
2022-06-27 13:58:00,6575,6575,6575,6575,600
2022-06-27 13:59:00,6550,6550,6550,6550,3900
2022-06-27 14:00:00,6550,6550,6550,6550,5000
2022-06-27 14:01:00,6550,6550,6550,6550,500
2022-06-27 14:02:00,6550,6550,6575,6550,5500
2022-06-27 14:03:00,6550,6550,6550,6550,0
2022-06-27 14:04:00,6550,6550,6550,6550,31100
2022-06-27 14:05:00,6550,6550,6550,6550,0
2022-06-27 14:06:00,6550,6550,6550,6550,100
2022-06-27 14:07:00,6550,6550,6550,6550,0
2022-06-27 14:08:00,6550,6550,6550,6550,0
2022-06-27 14:09:00,6550,6550,6550,6550,0
2022-06-27 14:10:00,6550,6550,6550,6550,2500
2022-06-27 14:11:00,6550,6550,6575,6575,300
2022-06-27 14:12:00,6575,6575,6575,6575,100
2022-06-27 14:13:00,6575,6575,6575,6575,49700
2022-06-27 14:14:00,6575,6575,6575,6575,2700
2022-06-27 14:15:00,6575,6575,6575,6575,1900
2022-06-27 14:16:00,6575,6575,6600,6575,1400
2022-06-27 14:17:00,6575,6575,6575,6575,22100
2022-06-27 14:18:00,6575,6575,6575,6575,0
2022-06-27 14:19:00,6575,6575,6575,6575,3700
2022-06-27 14:20:00,6575,6575,6575,6575,100
2022-06-27 14:21:00,6575,6575,6575,6575,6600
2022-06-27 14:22:00,6575,6575,6575,6575,500
2022-06-27 14:23:00,6575,6575,6575,6575,5300
2022-06-27 14:24:00,6575,6575,6575,6575,700
2022-06-27 14:25:00,6575,6575,6575,6575,4600
2022-06-27 14:26:00,6575,6575,6575,6575,8000
2022-06-27 14:27:00,6575,6575,6575,6575,0
2022-06-27 14:28:00,6575,6550,6575,6550,300
2022-06-27 14:29:00,6550,6550,6550,6550,14200
2022-06-27 14:30:00,6575,6575,6575,6575,0
2022-06-27 14:31:00,6575,6575,6575,6575,34800
2022-06-27 14:32:00,6550,6550,6550,6550,0
2022-06-27 14:33:00,6550,6550,6550,6550,0
2022-06-27 14:34:00,6550,6550,6575,6575,12500
2022-06-27 14:35:00,6575,6550,6575,6550,7600
2022-06-27 14:36:00,6550,6550,6550,6550,200
2022-06-27 14:37:00,6575,6575,6575,6575,1700
2022-06-27 14:38:00,6575,6575,6575,6575,8200
2022-06-27 14:39:00,6575,6575,6575,6575,21100
2022-06-27 14:40:00,6575,6550,6575,6575,6000
2022-06-27 14:41:00,6575,6575,6575,6575,200
2022-06-27 14:42:00,6575,6575,6575,6575,1500
2022-06-27 14:43:00,6575,6550,6575,6550,7800
2022-06-27 14:44:00,6575,6575,6575,6575,0
2022-06-27 14:45:00,6550,6550,6600,6600,161900
2022-06-27 14:46:00,6625,6600,6625,6600,9700
2022-06-27 14:47:00,6600,6600,6625,6600,30500
2022-06-27 14:48:00,6600,6575,6600,6575,15300
2022-06-27 14:49:00,6575,6575,6600,6600,4800
2022-06-27 14:50:00,6575,6575,6600,6600,0
2022-06-27 14:51:00,6575,6575,6600,6600,0
2022-06-27 14:52:00,6575,6575,6600,6600,0
2022-06-27 14:53:00,6575,6575,6600,6600,0
2022-06-27 14:54:00,6575,6575,6600,6600,0
2022-06-27 14:55:00,6575,6575,6600,6600,0
2022-06-27 14:56:00,6575,6575,6600,6600,0
2022-06-27 14:57:00,6575,6575,6600,6600,0
2022-06-27 14:58:00,6575,6575,6600,6600,0
2022-06-27 14:59:00,6575,6575,6600,6600,0
2022-06-27 15:00:00,6625,6625,6625,6625,39400
2022-06-27 15:01:00,6625,6625,6625,6625,39200
2022-06-27 15:02:00,6625,6625,6625,6625,26100
2022-06-27 15:03:00,6625,6625,6625,6625,0
2022-06-27 15:04:00,6625,6625,6625,6625,18100
2022-06-27 15:05:00,6625,6625,6625,6625,49900
2022-06-27 15:06:00,6625,6625,6625,6625,108900
2022-06-27 15:07:00,6625,6625,6625,6625,7100
2022-06-27 15:08:00,6625,6625,6625,6625,25100
2022-06-27 15:09:00,6625,6625,6625,6625,4100
2022-06-27 15:10:00,6625,6625,6625,6625,600
2022-06-27 15:11:00,6625,6625,6625,6625,0
2022-06-27 15:12:00,6625,6625,6625,6625,0
2022-06-27 15:13:00,6625,6625,6625,6625,6000
2022-06-27 15:14:00,6625,6625,6625,6625,1615600
2022-06-27 15:15:00,6625,6625,6625,6625,0
2022-06-27 15:16:00,6625,6625,6625,6625,0
2022-06-27 15:17:00,6625,6625,6625,6625,0
2022-06-27 15:18:00,6625,6625,6625,6625,0
2022-06-27 15:19:00,6625,6625,6625,6625,0
2022-06-27 15:20:00,6625,6625,6625,6625,0
2022-06-27 15:21:00,6625,6625,6625,6625,0
2022-06-27 15:22:00,6625,6625,6625,6625,0
2022-06-27 15:23:00,6625,6625,6625,6625,0
2022-06-27 15:24:00,6625,6625,6625,6625,0
2022-06-27 15:25:00,6625,6625,6625,6625,0
2022-06-27 15:26:00,6625,6625,6625,6625,0
2022-06-27 15:27:00,6625,6625,6625,6625,0
2022-06-27 15:28:00,6625,6625,6625,6625,0
2022-06-27 15:29:00,6625,6625,6625,6625,0
2022-06-27 15:30:00,6625,6625,6625,6625,0
2022-06-27 15:31:00,6625,6625,6625,6625,0
2022-06-27 15:32:00,6625,6625,6625,6625,0
2022-06-27 15:33:00,6625,6625,6625,6625,0
2022-06-27 15:34:00,6625,6625,6625,6625,0
2022-06-27 15:35:00,6625,6625,6625,6625,0
2022-06-27 15:36:00,6625,6625,6625,6625,0
2022-06-27 15:37:00,6625,6625,6625,6625,0
2022-06-27 15:38:00,6625,6625,6625,6625,0
2022-06-27 15:39:00,6625,6625,6625,6625,0
2022-06-27 15:40:00,6625,6625,6625,6625,0
2022-06-27 15:41:00,6625,6625,6625,6625,0
2022-06-27 15:42:00,6625,6625,6625,6625,0
2022-06-27 15:43:00,6625,6625,6625,6625,0
2022-06-27 15:44:00,6625,6625,6625,6625,0
2022-06-27 15:45:00,6625,6625,6625,6625,0
2022-06-27 15:46:00,6625,6625,6625,6625,0
2022-06-27 15:47:00,6625,6625,6625,6625,0
2022-06-27 15:48:00,6625,6625,6625,6625,0
2022-06-27 15:49:00,6625,6625,6625,6625,0
2022-06-27 15:50:00,6625,6625,6625,6625,0
2022-06-27 15:51:00,6625,6625,6625,6625,0
2022-06-27 15:52:00,6625,6625,6625,6625,0
2022-06-27 15:53:00,6625,6625,6625,6625,0
2022-06-27 15:54:00,6625,6625,6625,6625,0
2022-06-27 15:55:00,6625,6625,6625,6625,0
2022-06-27 15:56:00,6625,6625,6625,6625,0
2022-06-27 15:57:00,6625,6625,6625,6625,0
2022-06-27 15:58:00,6625,6625,6625,6625,0
2022-06-27 15:59:00,6625,6625,6625,6625,0
2022-06-28 09:00:00,6650,6625,6650,6650,13900
2022-06-28 09:01:00,6650,6625,6650,6650,5900
2022-06-28 09:02:00,6625,6600,6650,6600,19400
2022-06-28 09:03:00,6625,6625,6625,6625,1400
2022-06-28 09:04:00,6625,6600,6625,6600,2600
2022-06-28 09:05:00,6625,6600,6625,6625,27900
2022-06-28 09:06:00,6625,6600,6625,6600,5800
2022-06-28 09:07:00,6600,6600,6625,6625,300
2022-06-28 09:08:00,6625,6625,6625,6625,700
2022-06-28 09:09:00,6625,6600,6625,6625,54900
2022-06-28 09:10:00,6625,6625,6650,6650,9000
2022-06-28 09:11:00,6650,6625,6650,6625,2600
2022-06-28 09:12:00,6650,6625,6650,6625,33800
2022-06-28 09:13:00,6625,6600,6625,6600,23400
2022-06-28 09:14:00,6625,6625,6625,6625,0
2022-06-28 09:15:00,6625,6625,6625,6625,3800
2022-06-28 09:16:00,6600,6600,6625,6600,48700
2022-06-28 09:17:00,6625,6625,6625,6625,9100
2022-06-28 09:18:00,6625,6625,6625,6625,300
2022-06-28 09:19:00,6625,6625,6650,6625,4600
2022-06-28 09:20:00,6625,6625,6650,6625,0
2022-06-28 09:21:00,6600,6600,6600,6600,112200
2022-06-28 09:22:00,6600,6575,6600,6575,43100
2022-06-28 09:23:00,6600,6575,6600,6600,1600
2022-06-28 09:24:00,6600,6600,6600,6600,2900
2022-06-28 09:25:00,6600,6600,6600,6600,1800
2022-06-28 09:26:00,6600,6600,6600,6600,0
2022-06-28 09:27:00,6600,6600,6600,6600,3200
2022-06-28 09:28:00,6575,6575,6575,6575,400
2022-06-28 09:29:00,6575,6575,6600,6600,5700
2022-06-28 09:30:00,6575,6575,6600,6600,21100
2022-06-28 09:31:00,6575,6575,6575,6575,6600
2022-06-28 09:32:00,6600,6600,6600,6600,1300
2022-06-28 09:33:00,6600,6600,6600,6600,1200
2022-06-28 09:34:00,6575,6575,6575,6575,48700
2022-06-28 09:35:00,6575,6575,6575,6575,6500
2022-06-28 09:36:00,6600,6600,6600,6600,500
2022-06-28 09:37:00,6600,6600,6600,6600,0
2022-06-28 09:38:00,6575,6575,6575,6575,1700
2022-06-28 09:39:00,6600,6600,6600,6600,0
2022-06-28 09:40:00,6575,6575,6600,6575,27200
2022-06-28 09:41:00,6575,6575,6575,6575,1300
2022-06-28 09:42:00,6575,6575,6575,6575,0
2022-06-28 09:43:00,6575,6575,6575,6575,2500
2022-06-28 09:44:00,6575,6575,6575,6575,200
2022-06-28 09:45:00,6575,6575,6575,6575,2300
2022-06-28 09:46:00,6575,6575,6575,6575,0
2022-06-28 09:47:00,6575,6575,6575,6575,0
2022-06-28 09:48:00,6575,6575,6575,6575,0
2022-06-28 09:49:00,6575,6575,6575,6575,500
2022-06-28 09:50:00,6575,6575,6575,6575,0
2022-06-28 09:51:00,6575,6575,6575,6575,0
2022-06-28 09:52:00,6575,6575,6575,6575,1000
2022-06-28 09:53:00,6575,6575,6575,6575,2000
2022-06-28 09:54:00,6575,6575,6575,6575,200
2022-06-28 09:55:00,6550,6550,6575,6575,2400
2022-06-28 09:56:00,6575,6575,6600,6600,700
2022-06-28 09:57:00,6575,6575,6575,6575,700
2022-06-28 09:58:00,6575,6575,6575,6575,400
2022-06-28 09:59:00,6600,6575,6600,6575,1800
2022-06-28 10:00:00,6600,6575,6600,6575,0
2022-06-28 10:01:00,6600,6575,6600,6575,0
2022-06-28 10:02:00,6575,6575,6575,6575,400
2022-06-28 10:03:00,6575,6575,6575,6575,2000
2022-06-28 10:04:00,6575,6575,6575,6575,200
2022-06-28 10:05:00,6575,6575,6575,6575,2000
2022-06-28 10:06:00,6575,6575,6575,6575,400
2022-06-28 10:07:00,6575,6575,6575,6575,5900
2022-06-28 10:08:00,6575,6575,6575,6575,44000
2022-06-28 10:09:00,6550,6550,6575,6575,0
2022-06-28 10:10:00,6575,6575,6575,6575,14100
2022-06-28 10:11:00,6575,6575,6600,6600,200
2022-06-28 10:12:00,6575,6575,6600,6600,0
2022-06-28 10:13:00,6575,6575,6600,6600,0
2022-06-28 10:14:00,6575,6575,6600,6600,0
2022-06-28 10:15:00,6600,6600,6600,6600,2500
2022-06-28 10:16:00,6600,6600,6600,6600,0
2022-06-28 10:17:00,6600,6600,6600,6600,0
2022-06-28 10:18:00,6600,6600,6600,6600,0
2022-06-28 10:19:00,6600,6600,6600,6600,0
2022-06-28 10:20:00,6600,6600,6600,6600,0
2022-06-28 10:21:00,6600,6600,6600,6600,0
2022-06-28 10:22:00,6600,6600,6600,6600,400
2022-06-28 10:23:00,6600,6600,6600,6600,100
2022-06-28 10:24:00,6600,6600,6600,6600,0
2022-06-28 10:25:00,6600,6600,6600,6600,0
2022-06-28 10:26:00,6575,6575,6575,6575,200
2022-06-28 10:27:00,6600,6600,6600,6600,100
2022-06-28 10:28:00,6600,6600,6600,6600,0
2022-06-28 10:29:00,6600,6600,6600,6600,0
2022-06-28 10:30:00,6600,6600,6600,6600,200
2022-06-28 10:31:00,6575,6575,6575,6575,45000
2022-06-28 10:32:00,6550,6550,6550,6550,1600
2022-06-28 10:33:00,6550,6550,6550,6550,0
2022-06-28 10:34:00,6575,6575,6575,6575,0
2022-06-28 10:35:00,6575,6575,6575,6575,0
2022-06-28 10:36:00,6575,6575,6575,6575,0
2022-06-28 10:37:00,6575,6575,6575,6575,300
2022-06-28 10:38:00,6575,6575,6575,6575,0
2022-06-28 10:39:00,6575,6575,6575,6575,0
2022-06-28 10:40:00,6575,6575,6575,6575,0
2022-06-28 10:41:00,6575,6575,6575,6575,5000
2022-06-28 10:42:00,6575,6575,6575,6575,200
2022-06-28 10:43:00,6575,6575,6575,6575,0
2022-06-28 10:44:00,6550,6550,6550,6550,26400
2022-06-28 10:45:00,6575,6575,6575,6575,100
2022-06-28 10:46:00,6575,6550,6600,6600,10300
2022-06-28 10:47:00,6600,6600,6600,6600,100
2022-06-28 10:48:00,6575,6575,6575,6575,200
2022-06-28 10:49:00,6575,6575,6575,6575,2200
2022-06-28 10:50:00,6575,6575,6575,6575,0
2022-06-28 10:51:00,6575,6575,6575,6575,0
2022-06-28 10:52:00,6575,6575,6575,6575,0
2022-06-28 10:53:00,6550,6550,6550,6550,20200
2022-06-28 10:54:00,6575,6575,6575,6575,0
2022-06-28 10:55:00,6575,6575,6575,6575,7100
2022-06-28 10:56:00,6575,6575,6575,6575,0
2022-06-28 10:57:00,6575,6575,6575,6575,200
2022-06-28 10:58:00,6575,6575,6575,6575,0
2022-06-28 10:59:00,6575,6575,6575,6575,0
2022-06-28 11:00:00,6575,6575,6575,6575,200
2022-06-28 11:01:00,6575,6575,6575,6575,100
2022-06-28 11:02:00,6575,6575,6575,6575,100
2022-06-28 11:03:00,6575,6550,6575,6550,500
2022-06-28 11:04:00,6575,6575,6575,6575,1800
2022-06-28 11:05:00,6575,6575,6575,6575,1900
2022-06-28 11:06:00,6575,6575,6575,6575,0
2022-06-28 11:07:00,6575,6575,6575,6575,0
2022-06-28 11:08:00,6575,6575,6575,6575,12100
2022-06-28 11:09:00,6575,6575,6575,6575,9500
2022-06-28 11:10:00,6575,6575,6575,6575,0
2022-06-28 11:11:00,6575,6575,6575,6575,0
2022-06-28 11:12:00,6575,6575,6575,6575,0
2022-06-28 11:13:00,6575,6575,6575,6575,0
2022-06-28 11:14:00,6550,6550,6550,6550,35800
2022-06-28 11:15:00,6550,6550,6550,6550,0
2022-06-28 11:16:00,6575,6550,6575,6550,0
2022-06-28 11:17:00,6575,6550,6575,6550,0
2022-06-28 11:18:00,6575,6550,6575,6550,0
2022-06-28 11:19:00,6575,6575,6575,6575,500
2022-06-28 11:20:00,6575,6575,6575,6575,0
2022-06-28 11:21:00,6575,6575,6575,6575,0
2022-06-28 11:22:00,6575,6575,6575,6575,0
2022-06-28 11:23:00,6550,6550,6550,6550,53100
2022-06-28 11:24:00,6550,6550,6550,6550,11700
2022-06-28 11:25:00,6550,6550,6550,6550,7400
2022-06-28 11:26:00,6550,6550,6550,6550,0
2022-06-28 11:27:00,6550,6550,6550,6550,0
2022-06-28 11:28:00,6550,6550,6550,6550,0
2022-06-28 11:29:00,6550,6550,6550,6550,22200
2022-06-28 11:30:00,6550,6550,6550,6550,0
2022-06-28 11:31:00,6550,6550,6550,6550,0
2022-06-28 11:32:00,6550,6550,6550,6550,0
2022-06-28 11:33:00,6550,6550,6550,6550,0
2022-06-28 11:34:00,6550,6550,6550,6550,0
2022-06-28 11:35:00,6550,6550,6550,6550,0
2022-06-28 11:36:00,6550,6550,6550,6550,0
2022-06-28 11:37:00,6550,6550,6550,6550,0
2022-06-28 11:38:00,6550,6550,6550,6550,0
2022-06-28 11:39:00,6550,6550,6550,6550,0
2022-06-28 11:40:00,6550,6550,6550,6550,0
2022-06-28 11:41:00,6550,6550,6550,6550,0
2022-06-28 11:42:00,6550,6550,6550,6550,0
2022-06-28 11:43:00,6550,6550,6550,6550,0
2022-06-28 11:44:00,6550,6550,6550,6550,0
2022-06-28 11:45:00,6550,6550,6550,6550,0
2022-06-28 11:46:00,6550,6550,6550,6550,0
2022-06-28 11:47:00,6550,6550,6550,6550,0
2022-06-28 11:48:00,6550,6550,6550,6550,0
2022-06-28 11:49:00,6550,6550,6550,6550,0
2022-06-28 11:50:00,6550,6550,6550,6550,0
2022-06-28 11:51:00,6550,6550,6550,6550,0
2022-06-28 11:52:00,6550,6550,6550,6550,0
2022-06-28 11:53:00,6550,6550,6550,6550,0
2022-06-28 11:54:00,6550,6550,6550,6550,0
2022-06-28 11:55:00,6550,6550,6550,6550,0
2022-06-28 11:56:00,6550,6550,6550,6550,0
2022-06-28 11:57:00,6550,6550,6550,6550,0
2022-06-28 11:58:00,6550,6550,6550,6550,0
2022-06-28 11:59:00,6550,6550,6550,6550,0
2022-06-28 12:00:00,6550,6550,6550,6550,0
2022-06-28 12:01:00,6550,6550,6550,6550,0
2022-06-28 12:02:00,6550,6550,6550,6550,0
2022-06-28 12:03:00,6550,6550,6550,6550,0
2022-06-28 12:04:00,6550,6550,6550,6550,0
2022-06-28 12:05:00,6550,6550,6550,6550,0
2022-06-28 12:06:00,6550,6550,6550,6550,0
2022-06-28 12:07:00,6550,6550,6550,6550,0
2022-06-28 12:08:00,6550,6550,6550,6550,0
2022-06-28 12:09:00,6550,6550,6550,6550,0
2022-06-28 12:10:00,6550,6550,6550,6550,0
2022-06-28 12:11:00,6550,6550,6550,6550,0
2022-06-28 12:12:00,6550,6550,6550,6550,0
2022-06-28 12:13:00,6550,6550,6550,6550,0
2022-06-28 12:14:00,6550,6550,6550,6550,0
2022-06-28 12:15:00,6550,6550,6550,6550,0
2022-06-28 12:16:00,6550,6550,6550,6550,0
2022-06-28 12:17:00,6550,6550,6550,6550,0
2022-06-28 12:18:00,6550,6550,6550,6550,0
2022-06-28 12:19:00,6550,6550,6550,6550,0
2022-06-28 12:20:00,6550,6550,6550,6550,0
2022-06-28 12:21:00,6550,6550,6550,6550,0
2022-06-28 12:22:00,6550,6550,6550,6550,0
2022-06-28 12:23:00,6550,6550,6550,6550,0
2022-06-28 12:24:00,6550,6550,6550,6550,0
2022-06-28 12:25:00,6550,6550,6550,6550,0
2022-06-28 12:26:00,6550,6550,6550,6550,0
2022-06-28 12:27:00,6550,6550,6550,6550,0
2022-06-28 12:28:00,6550,6550,6550,6550,0
2022-06-28 12:29:00,6550,6550,6550,6550,0
2022-06-28 12:30:00,6550,6550,6550,6550,0
2022-06-28 12:31:00,6550,6550,6550,6550,0
2022-06-28 12:32:00,6550,6550,6550,6550,0
2022-06-28 12:33:00,6550,6550,6550,6550,0
2022-06-28 12:34:00,6550,6550,6550,6550,0
2022-06-28 12:35:00,6550,6550,6550,6550,0
2022-06-28 12:36:00,6550,6550,6550,6550,0
2022-06-28 12:37:00,6550,6550,6550,6550,0
2022-06-28 12:38:00,6550,6550,6550,6550,0
2022-06-28 12:39:00,6550,6550,6550,6550,0
2022-06-28 12:40:00,6550,6550,6550,6550,0
2022-06-28 12:41:00,6550,6550,6550,6550,0
2022-06-28 12:42:00,6550,6550,6550,6550,0
2022-06-28 12:43:00,6550,6550,6550,6550,0
2022-06-28 12:44:00,6550,6550,6550,6550,0
2022-06-28 12:45:00,6550,6550,6550,6550,0
2022-06-28 12:46:00,6550,6550,6550,6550,0
2022-06-28 12:47:00,6550,6550,6550,6550,0
2022-06-28 12:48:00,6550,6550,6550,6550,0
2022-06-28 12:49:00,6550,6550,6550,6550,0
2022-06-28 12:50:00,6550,6550,6550,6550,0
2022-06-28 12:51:00,6550,6550,6550,6550,0
2022-06-28 12:52:00,6550,6550,6550,6550,0
2022-06-28 12:53:00,6550,6550,6550,6550,0
2022-06-28 12:54:00,6550,6550,6550,6550,0
2022-06-28 12:55:00,6550,6550,6550,6550,0
2022-06-28 12:56:00,6550,6550,6550,6550,0
2022-06-28 12:57:00,6550,6550,6550,6550,0
2022-06-28 12:58:00,6550,6550,6550,6550,0
2022-06-28 12:59:00,6550,6550,6550,6550,0
2022-06-28 13:00:00,6550,6550,6550,6550,0
2022-06-28 13:01:00,6550,6550,6550,6550,0
2022-06-28 13:02:00,6550,6550,6550,6550,0
2022-06-28 13:03:00,6550,6550,6550,6550,0
2022-06-28 13:04:00,6550,6550,6550,6550,0
2022-06-28 13:05:00,6550,6550,6550,6550,0
2022-06-28 13:06:00,6550,6550,6550,6550,0
2022-06-28 13:07:00,6550,6550,6550,6550,0
2022-06-28 13:08:00,6550,6550,6550,6550,0
2022-06-28 13:09:00,6550,6550,6550,6550,0
2022-06-28 13:10:00,6550,6550,6550,6550,0
2022-06-28 13:11:00,6550,6550,6550,6550,0
2022-06-28 13:12:00,6550,6550,6550,6550,0
2022-06-28 13:13:00,6550,6550,6550,6550,0
2022-06-28 13:14:00,6550,6550,6550,6550,0
2022-06-28 13:15:00,6550,6550,6550,6550,0
2022-06-28 13:16:00,6550,6550,6550,6550,0
2022-06-28 13:17:00,6550,6550,6550,6550,0
2022-06-28 13:18:00,6550,6550,6550,6550,0
2022-06-28 13:19:00,6550,6550,6550,6550,0
2022-06-28 13:20:00,6550,6550,6550,6550,0
2022-06-28 13:21:00,6550,6550,6550,6550,0
2022-06-28 13:22:00,6550,6550,6550,6550,0
2022-06-28 13:23:00,6550,6550,6550,6550,0
2022-06-28 13:24:00,6550,6550,6550,6550,0
2022-06-28 13:25:00,6550,6550,6550,6550,0
2022-06-28 13:26:00,6550,6550,6550,6550,0
2022-06-28 13:27:00,6550,6550,6550,6550,0
2022-06-28 13:28:00,6550,6550,6550,6550,0
2022-06-28 13:29:00,6550,6550,6550,6550,0
2022-06-28 13:30:00,6550,6550,6575,6550,2800
2022-06-28 13:31:00,6550,6550,6575,6550,0
2022-06-28 13:32:00,6550,6550,6575,6550,0
2022-06-28 13:33:00,6550,6550,6575,6550,0
2022-06-28 13:34:00,6550,6550,6575,6550,0
2022-06-28 13:35:00,6550,6550,6575,6575,25100
2022-06-28 13:36:00,6550,6550,6575,6575,0
2022-06-28 13:37:00,6575,6575,6575,6575,2600
2022-06-28 13:38:00,6575,6575,6575,6575,0
2022-06-28 13:39:00,6575,6575,6575,6575,800
2022-06-28 13:40:00,6550,6550,6550,6550,13900
2022-06-28 13:41:00,6550,6550,6550,6550,0
2022-06-28 13:42:00,6550,6550,6550,6550,0
2022-06-28 13:43:00,6575,6550,6575,6550,19400
2022-06-28 13:44:00,6575,6550,6575,6550,0
2022-06-28 13:45:00,6575,6550,6575,6550,0
2022-06-28 13:46:00,6575,6550,6575,6550,0
2022-06-28 13:47:00,6550,6550,6550,6550,1400
2022-06-28 13:48:00,6550,6550,6550,6550,24700
2022-06-28 13:49:00,6550,6550,6550,6550,0
2022-06-28 13:50:00,6550,6550,6550,6550,0
2022-06-28 13:51:00,6550,6550,6550,6550,0
2022-06-28 13:52:00,6550,6550,6550,6550,26000
2022-06-28 13:53:00,6550,6550,6550,6550,0
2022-06-28 13:54:00,6550,6550,6550,6550,8800
2022-06-28 13:55:00,6550,6550,6550,6550,13300
2022-06-28 13:56:00,6550,6550,6550,6550,3200
2022-06-28 13:57:00,6550,6550,6550,6550,0
2022-06-28 13:58:00,6550,6550,6550,6550,0
2022-06-28 13:59:00,6550,6550,6550,6550,200
2022-06-28 14:00:00,6550,6550,6550,6550,100
2022-06-28 14:01:00,6550,6550,6550,6550,700
2022-06-28 14:02:00,6550,6525,6550,6525,35100
2022-06-28 14:03:00,6550,6525,6550,6525,13700
2022-06-28 14:04:00,6550,6550,6550,6550,1200
2022-06-28 14:05:00,6550,6550,6550,6550,0
2022-06-28 14:06:00,6550,6550,6550,6550,800
2022-06-28 14:07:00,6525,6525,6550,6525,85700
2022-06-28 14:08:00,6525,6500,6525,6525,32100
2022-06-28 14:09:00,6525,6525,6525,6525,24200
2022-06-28 14:10:00,6525,6525,6525,6525,0
2022-06-28 14:11:00,6525,6500,6525,6500,3800
2022-06-28 14:12:00,6525,6525,6525,6525,2400
2022-06-28 14:13:00,6525,6525,6525,6525,1700
2022-06-28 14:14:00,6525,6525,6525,6525,1500
2022-06-28 14:15:00,6525,6525,6525,6525,1200
2022-06-28 14:16:00,6500,6500,6525,6525,110800
2022-06-28 14:17:00,6525,6525,6525,6525,10000
2022-06-28 14:18:00,6525,6525,6525,6525,0
2022-06-28 14:19:00,6525,6525,6525,6525,2000
2022-06-28 14:20:00,6525,6525,6525,6525,3200
2022-06-28 14:21:00,6525,6525,6525,6525,55000
2022-06-28 14:22:00,6525,6500,6525,6525,9700
2022-06-28 14:23:00,6525,6525,6525,6525,3800
2022-06-28 14:24:00,6525,6525,6525,6525,0
2022-06-28 14:25:00,6525,6500,6525,6500,18500
2022-06-28 14:26:00,6525,6500,6525,6500,0
2022-06-28 14:27:00,6525,6525,6525,6525,200
2022-06-28 14:28:00,6525,6525,6525,6525,1600
2022-06-28 14:29:00,6525,6500,6525,6500,19100
2022-06-28 14:30:00,6500,6500,6500,6500,0
2022-06-28 14:31:00,6500,6500,6500,6500,19200
2022-06-28 14:32:00,6500,6500,6500,6500,1400
2022-06-28 14:33:00,6525,6525,6525,6525,0
2022-06-28 14:34:00,6525,6500,6525,6500,17400
2022-06-28 14:35:00,6525,6500,6525,6500,0
2022-06-28 14:36:00,6500,6500,6500,6500,16600
2022-06-28 14:37:00,6525,6500,6525,6525,1800
2022-06-28 14:38:00,6525,6500,6525,6500,23100
2022-06-28 14:39:00,6525,6500,6525,6525,8100
2022-06-28 14:40:00,6500,6500,6500,6500,15700
2022-06-28 14:41:00,6500,6500,6500,6500,12000
2022-06-28 14:42:00,6500,6500,6500,6500,183000
2022-06-28 14:43:00,6500,6500,6500,6500,0
2022-06-28 14:44:00,6500,6500,6500,6500,11800
2022-06-28 14:45:00,6500,6500,6525,6500,78800
2022-06-28 14:46:00,6500,6500,6500,6500,1600
2022-06-28 14:47:00,6525,6500,6525,6525,24600
2022-06-28 14:48:00,6500,6500,6525,6500,132100
2022-06-28 14:49:00,6500,6500,6525,6500,0
2022-06-28 14:50:00,6500,6500,6525,6500,0
2022-06-28 14:51:00,6500,6500,6525,6500,0
2022-06-28 14:52:00,6500,6500,6525,6500,0
2022-06-28 14:53:00,6500,6500,6525,6500,0
2022-06-28 14:54:00,6500,6500,6525,6500,0
2022-06-28 14:55:00,6500,6500,6525,6500,0
2022-06-28 14:56:00,6500,6500,6525,6500,0
2022-06-28 14:57:00,6500,6500,6525,6500,0
2022-06-28 14:58:00,6500,6500,6525,6500,0
2022-06-28 14:59:00,6500,6500,6525,6500,0
2022-06-28 15:00:00,6500,6500,6525,6500,0
2022-06-28 15:01:00,6525,6525,6525,6525,15600
2022-06-28 15:02:00,6525,6525,6525,6525,2800
2022-06-28 15:03:00,6525,6525,6525,6525,1600
2022-06-28 15:04:00,6525,6525,6525,6525,1500
2022-06-28 15:05:00,6525,6525,6525,6525,200
2022-06-28 15:06:00,6525,6525,6525,6525,2900
2022-06-28 15:07:00,6525,6525,6525,6525,0
2022-06-28 15:08:00,6525,6525,6525,6525,6200
2022-06-28 15:09:00,6525,6525,6525,6525,0
2022-06-28 15:10:00,6525,6525,6525,6525,0
2022-06-28 15:11:00,6525,6525,6525,6525,0
2022-06-28 15:12:00,6525,6525,6525,6525,0
2022-06-28 15:13:00,6525,6525,6525,6525,0
2022-06-28 15:14:00,6525,6525,6525,6525,2040700
2022-06-28 15:15:00,6525,6525,6525,6525,0
2022-06-28 15:16:00,6525,6525,6525,6525,0
2022-06-28 15:17:00,6525,6525,6525,6525,0
2022-06-28 15:18:00,6525,6525,6525,6525,0
2022-06-28 15:19:00,6525,6525,6525,6525,0
2022-06-28 15:20:00,6525,6525,6525,6525,0
2022-06-28 15:21:00,6525,6525,6525,6525,0
2022-06-28 15:22:00,6525,6525,6525,6525,0
2022-06-28 15:23:00,6525,6525,6525,6525,0
2022-06-28 15:24:00,6525,6525,6525,6525,0
2022-06-28 15:25:00,6525,6525,6525,6525,0
2022-06-28 15:26:00,6525,6525,6525,6525,0
2022-06-28 15:27:00,6525,6525,6525,6525,0
2022-06-28 15:28:00,6525,6525,6525,6525,0
2022-06-28 15:29:00,6525,6525,6525,6525,0
2022-06-28 15:30:00,6525,6525,6525,6525,0
2022-06-28 15:31:00,6525,6525,6525,6525,0
2022-06-28 15:32:00,6525,6525,6525,6525,0
2022-06-28 15:33:00,6525,6525,6525,6525,0
2022-06-28 15:34:00,6525,6525,6525,6525,0
2022-06-28 15:35:00,6525,6525,6525,6525,0
2022-06-28 15:36:00,6525,6525,6525,6525,0
2022-06-28 15:37:00,6525,6525,6525,6525,0
2022-06-28 15:38:00,6525,6525,6525,6525,0
2022-06-28 15:39:00,6525,6525,6525,6525,0
2022-06-28 15:40:00,6525,6525,6525,6525,0
2022-06-28 15:41:00,6525,6525,6525,6525,0
2022-06-28 15:42:00,6525,6525,6525,6525,0
2022-06-28 15:43:00,6525,6525,6525,6525,0
2022-06-28 15:44:00,6525,6525,6525,6525,0
2022-06-28 15:45:00,6525,6525,6525,6525,0
2022-06-28 15:46:00,6525,6525,6525,6525,0
2022-06-28 15:47:00,6525,6525,6525,6525,0
2022-06-28 15:48:00,6525,6525,6525,6525,0
2022-06-28 15:49:00,6525,6525,6525,6525,0
2022-06-28 15:50:00,6525,6525,6525,6525,0
2022-06-28 15:51:00,6525,6525,6525,6525,0
2022-06-28 15:52:00,6525,6525,6525,6525,0
2022-06-28 15:53:00,6525,6525,6525,6525,0
2022-06-28 15:54:00,6525,6525,6525,6525,0
2022-06-28 15:55:00,6525,6525,6525,6525,0
2022-06-28 15:56:00,6525,6525,6525,6525,0
2022-06-28 15:57:00,6525,6525,6525,6525,0
2022-06-28 15:58:00,6525,6525,6525,6525,0
2022-06-28 15:59:00,6525,6525,6525,6525,0
2022-06-29 09:00:00,6525,6525,6525,6525,300
2022-06-29 09:01:00,6500,6500,6500,6500,5700
2022-06-29 09:02:00,6500,6475,6500,6500,11500
2022-06-29 09:03:00,6500,6475,6500,6500,0
2022-06-29 09:04:00,6500,6500,6500,6500,4600
2022-06-29 09:05:00,6500,6500,6525,6525,20200
2022-06-29 09:06:00,6525,6525,6525,6525,15000
2022-06-29 09:07:00,6525,6525,6525,6525,0
2022-06-29 09:08:00,6525,6525,6525,6525,0
2022-06-29 09:09:00,6525,6525,6525,6525,0
2022-06-29 09:10:00,6525,6525,6525,6525,1900
2022-06-29 09:11:00,6525,6525,6550,6550,100
2022-06-29 09:12:00,6550,6550,6550,6550,6500
2022-06-29 09:13:00,6550,6525,6550,6525,1800
2022-06-29 09:14:00,6550,6525,6550,6525,0
2022-06-29 09:15:00,6525,6525,6525,6525,2400
2022-06-29 09:16:00,6525,6525,6525,6525,0
2022-06-29 09:17:00,6525,6525,6525,6525,0
2022-06-29 09:18:00,6525,6525,6525,6525,0
2022-06-29 09:19:00,6525,6525,6525,6525,0
2022-06-29 09:20:00,6525,6525,6525,6525,22800
2022-06-29 09:21:00,6525,6525,6550,6550,3700
2022-06-29 09:22:00,6525,6525,6525,6525,2300
2022-06-29 09:23:00,6525,6525,6525,6525,0
2022-06-29 09:24:00,6525,6525,6525,6525,0
2022-06-29 09:25:00,6525,6525,6525,6525,0
2022-06-29 09:26:00,6525,6525,6525,6525,800
2022-06-29 09:27:00,6525,6525,6525,6525,0
2022-06-29 09:28:00,6525,6525,6525,6525,2400
2022-06-29 09:29:00,6525,6525,6525,6525,200
2022-06-29 09:30:00,6525,6525,6525,6525,0
2022-06-29 09:31:00,6525,6525,6525,6525,1100
2022-06-29 09:32:00,6500,6500,6500,6500,1100
2022-06-29 09:33:00,6500,6500,6500,6500,29800
2022-06-29 09:34:00,6500,6500,6500,6500,0
2022-06-29 09:35:00,6500,6500,6500,6500,0
2022-06-29 09:36:00,6500,6500,6500,6500,0
2022-06-29 09:37:00,6500,6500,6500,6500,0
2022-06-29 09:38:00,6500,6500,6500,6500,71500
2022-06-29 09:39:00,6500,6500,6500,6500,700
2022-06-29 09:40:00,6500,6500,6500,6500,10000
2022-06-29 09:41:00,6500,6500,6525,6525,1400
2022-06-29 09:42:00,6500,6500,6500,6500,28500
2022-06-29 09:43:00,6500,6500,6500,6500,0
2022-06-29 09:44:00,6500,6500,6500,6500,0
2022-06-29 09:45:00,6500,6500,6500,6500,1200
2022-06-29 09:46:00,6500,6500,6500,6500,0
2022-06-29 09:47:00,6500,6500,6500,6500,0
2022-06-29 09:48:00,6500,6500,6500,6500,0
2022-06-29 09:49:00,6500,6500,6500,6500,0
2022-06-29 09:50:00,6500,6500,6500,6500,0
2022-06-29 09:51:00,6500,6500,6500,6500,0
2022-06-29 09:52:00,6500,6500,6500,6500,2400
2022-06-29 09:53:00,6500,6500,6500,6500,0
2022-06-29 09:54:00,6500,6500,6500,6500,8500
2022-06-29 09:55:00,6500,6500,6500,6500,0
2022-06-29 09:56:00,6500,6500,6500,6500,0
2022-06-29 09:57:00,6500,6500,6500,6500,0
2022-06-29 09:58:00,6500,6500,6525,6525,200
2022-06-29 09:59:00,6500,6500,6525,6525,0
2022-06-29 10:00:00,6525,6500,6525,6500,300
2022-06-29 10:01:00,6525,6500,6525,6500,0
2022-06-29 10:02:00,6500,6500,6500,6500,8100
2022-06-29 10:03:00,6500,6500,6500,6500,0
2022-06-29 10:04:00,6500,6500,6500,6500,0
2022-06-29 10:05:00,6500,6500,6500,6500,71500
2022-06-29 10:06:00,6500,6500,6500,6500,0
2022-06-29 10:07:00,6475,6475,6500,6500,4000
2022-06-29 10:08:00,6500,6500,6500,6500,0
2022-06-29 10:09:00,6500,6500,6500,6500,1600
2022-06-29 10:10:00,6475,6475,6475,6475,1500
2022-06-29 10:11:00,6500,6475,6500,6475,0
2022-06-29 10:12:00,6500,6500,6500,6500,500
2022-06-29 10:13:00,6500,6500,6500,6500,0
2022-06-29 10:14:00,6500,6500,6500,6500,2000
2022-06-29 10:15:00,6500,6500,6500,6500,0
2022-06-29 10:16:00,6500,6500,6500,6500,100
2022-06-29 10:17:00,6500,6500,6500,6500,0
2022-06-29 10:18:00,6500,6500,6500,6500,18500
2022-06-29 10:19:00,6500,6475,6500,6475,18500
2022-06-29 10:20:00,6475,6475,6475,6475,0
2022-06-29 10:21:00,6475,6475,6475,6475,0
2022-06-29 10:22:00,6475,6475,6475,6475,200
2022-06-29 10:23:00,6500,6500,6500,6500,100
2022-06-29 10:24:00,6500,6500,6500,6500,0
2022-06-29 10:25:00,6475,6475,6475,6475,500
2022-06-29 10:26:00,6475,6475,6475,6475,0
2022-06-29 10:27:00,6475,6475,6475,6475,0
2022-06-29 10:28:00,6475,6475,6500,6475,10600
2022-06-29 10:29:00,6500,6500,6500,6500,1200
2022-06-29 10:30:00,6500,6500,6500,6500,0
2022-06-29 10:31:00,6500,6500,6500,6500,0
2022-06-29 10:32:00,6475,6475,6475,6475,3500
2022-06-29 10:33:00,6500,6500,6500,6500,7900
2022-06-29 10:34:00,6500,6500,6500,6500,800
2022-06-29 10:35:00,6500,6500,6500,6500,0
2022-06-29 10:36:00,6500,6500,6500,6500,0
2022-06-29 10:37:00,6500,6500,6500,6500,0
2022-06-29 10:38:00,6475,6475,6475,6475,33300
2022-06-29 10:39:00,6500,6500,6500,6500,0
2022-06-29 10:40:00,6500,6500,6500,6500,300
2022-06-29 10:41:00,6500,6500,6500,6500,900
2022-06-29 10:42:00,6475,6475,6475,6475,200
2022-06-29 10:43:00,6475,6475,6475,6475,0
2022-06-29 10:44:00,6475,6475,6475,6475,0
2022-06-29 10:45:00,6475,6475,6475,6475,0
2022-06-29 10:46:00,6475,6475,6475,6475,10700
2022-06-29 10:47:00,6475,6475,6475,6475,44000
2022-06-29 10:48:00,6475,6475,6475,6475,0
2022-06-29 10:49:00,6475,6475,6475,6475,2300
2022-06-29 10:50:00,6475,6475,6475,6475,0
2022-06-29 10:51:00,6475,6475,6475,6475,0
2022-06-29 10:52:00,6500,6500,6500,6500,100
2022-06-29 10:53:00,6475,6475,6475,6475,11300
2022-06-29 10:54:00,6475,6475,6475,6475,18600
2022-06-29 10:55:00,6475,6475,6475,6475,0
2022-06-29 10:56:00,6475,6475,6475,6475,0
2022-06-29 10:57:00,6475,6475,6475,6475,0
2022-06-29 10:58:00,6475,6475,6475,6475,0
2022-06-29 10:59:00,6475,6475,6475,6475,16700
2022-06-29 11:00:00,6475,6475,6475,6475,17400
2022-06-29 11:01:00,6475,6475,6475,6475,7200
2022-06-29 11:02:00,6475,6475,6475,6475,3900
2022-06-29 11:03:00,6475,6475,6475,6475,7700
2022-06-29 11:04:00,6475,6475,6475,6475,3700
2022-06-29 11:05:00,6475,6475,6500,6500,18200
2022-06-29 11:06:00,6475,6475,6475,6475,5600
2022-06-29 11:07:00,6475,6475,6475,6475,2800
2022-06-29 11:08:00,6475,6475,6475,6475,3600
2022-06-29 11:09:00,6475,6475,6475,6475,2700
2022-06-29 11:10:00,6475,6475,6475,6475,1000
2022-06-29 11:11:00,6475,6475,6475,6475,0
2022-06-29 11:12:00,6475,6475,6475,6475,1000
2022-06-29 11:13:00,6475,6475,6475,6475,100
2022-06-29 11:14:00,6475,6475,6475,6475,200
2022-06-29 11:15:00,6475,6475,6475,6475,7700
2022-06-29 11:16:00,6475,6475,6475,6475,0
2022-06-29 11:17:00,6475,6475,6475,6475,0
2022-06-29 11:18:00,6475,6475,6475,6475,100
2022-06-29 11:19:00,6450,6450,6450,6450,23200
2022-06-29 11:20:00,6450,6450,6450,6450,0
2022-06-29 11:21:00,6450,6450,6450,6450,0
2022-06-29 11:22:00,6450,6450,6450,6450,0
2022-06-29 11:23:00,6475,6475,6475,6475,0
2022-06-29 11:24:00,6475,6475,6475,6475,0
2022-06-29 11:25:00,6475,6475,6475,6475,0
2022-06-29 11:26:00,6475,6475,6475,6475,0
2022-06-29 11:27:00,6475,6475,6475,6475,1000
2022-06-29 11:28:00,6450,6450,6450,6450,27300
2022-06-29 11:29:00,6475,6475,6475,6475,1300
2022-06-29 11:30:00,6475,6475,6475,6475,0
2022-06-29 11:31:00,6475,6475,6475,6475,0
2022-06-29 11:32:00,6475,6475,6475,6475,0
2022-06-29 11:33:00,6475,6475,6475,6475,0
2022-06-29 11:34:00,6475,6475,6475,6475,0
2022-06-29 11:35:00,6475,6475,6475,6475,0
2022-06-29 11:36:00,6475,6475,6475,6475,0
2022-06-29 11:37:00,6475,6475,6475,6475,0
2022-06-29 11:38:00,6475,6475,6475,6475,0
2022-06-29 11:39:00,6475,6475,6475,6475,0
2022-06-29 11:40:00,6475,6475,6475,6475,0
2022-06-29 11:41:00,6475,6475,6475,6475,0
2022-06-29 11:42:00,6475,6475,6475,6475,0
2022-06-29 11:43:00,6475,6475,6475,6475,0
2022-06-29 11:44:00,6475,6475,6475,6475,0
2022-06-29 11:45:00,6475,6475,6475,6475,0
2022-06-29 11:46:00,6475,6475,6475,6475,0
2022-06-29 11:47:00,6475,6475,6475,6475,0
2022-06-29 11:48:00,6475,6475,6475,6475,0
2022-06-29 11:49:00,6475,6475,6475,6475,0
2022-06-29 11:50:00,6475,6475,6475,6475,0
2022-06-29 11:51:00,6475,6475,6475,6475,0
2022-06-29 11:52:00,6475,6475,6475,6475,0
2022-06-29 11:53:00,6475,6475,6475,6475,0
2022-06-29 11:54:00,6475,6475,6475,6475,0
2022-06-29 11:55:00,6475,6475,6475,6475,0
2022-06-29 11:56:00,6475,6475,6475,6475,0
2022-06-29 11:57:00,6475,6475,6475,6475,0
2022-06-29 11:58:00,6475,6475,6475,6475,0
2022-06-29 11:59:00,6475,6475,6475,6475,0
2022-06-29 12:00:00,6475,6475,6475,6475,0
2022-06-29 12:01:00,6475,6475,6475,6475,0
2022-06-29 12:02:00,6475,6475,6475,6475,0
2022-06-29 12:03:00,6475,6475,6475,6475,0
2022-06-29 12:04:00,6475,6475,6475,6475,0
2022-06-29 12:05:00,6475,6475,6475,6475,0
2022-06-29 12:06:00,6475,6475,6475,6475,0
2022-06-29 12:07:00,6475,6475,6475,6475,0
2022-06-29 12:08:00,6475,6475,6475,6475,0
2022-06-29 12:09:00,6475,6475,6475,6475,0
2022-06-29 12:10:00,6475,6475,6475,6475,0
2022-06-29 12:11:00,6475,6475,6475,6475,0
2022-06-29 12:12:00,6475,6475,6475,6475,0
2022-06-29 12:13:00,6475,6475,6475,6475,0
2022-06-29 12:14:00,6475,6475,6475,6475,0
2022-06-29 12:15:00,6475,6475,6475,6475,0
2022-06-29 12:16:00,6475,6475,6475,6475,0
2022-06-29 12:17:00,6475,6475,6475,6475,0
2022-06-29 12:18:00,6475,6475,6475,6475,0
2022-06-29 12:19:00,6475,6475,6475,6475,0
2022-06-29 12:20:00,6475,6475,6475,6475,0
2022-06-29 12:21:00,6475,6475,6475,6475,0
2022-06-29 12:22:00,6475,6475,6475,6475,0
2022-06-29 12:23:00,6475,6475,6475,6475,0
2022-06-29 12:24:00,6475,6475,6475,6475,0
2022-06-29 12:25:00,6475,6475,6475,6475,0
2022-06-29 12:26:00,6475,6475,6475,6475,0
2022-06-29 12:27:00,6475,6475,6475,6475,0
2022-06-29 12:28:00,6475,6475,6475,6475,0
2022-06-29 12:29:00,6475,6475,6475,6475,0
2022-06-29 12:30:00,6475,6475,6475,6475,0
2022-06-29 12:31:00,6475,6475,6475,6475,0
2022-06-29 12:32:00,6475,6475,6475,6475,0
2022-06-29 12:33:00,6475,6475,6475,6475,0
2022-06-29 12:34:00,6475,6475,6475,6475,0
2022-06-29 12:35:00,6475,6475,6475,6475,0
2022-06-29 12:36:00,6475,6475,6475,6475,0
2022-06-29 12:37:00,6475,6475,6475,6475,0
2022-06-29 12:38:00,6475,6475,6475,6475,0
2022-06-29 12:39:00,6475,6475,6475,6475,0
2022-06-29 12:40:00,6475,6475,6475,6475,0
2022-06-29 12:41:00,6475,6475,6475,6475,0
2022-06-29 12:42:00,6475,6475,6475,6475,0
2022-06-29 12:43:00,6475,6475,6475,6475,0
2022-06-29 12:44:00,6475,6475,6475,6475,0
2022-06-29 12:45:00,6475,6475,6475,6475,0
2022-06-29 12:46:00,6475,6475,6475,6475,0
2022-06-29 12:47:00,6475,6475,6475,6475,0
2022-06-29 12:48:00,6475,6475,6475,6475,0
2022-06-29 12:49:00,6475,6475,6475,6475,0
2022-06-29 12:50:00,6475,6475,6475,6475,0
2022-06-29 12:51:00,6475,6475,6475,6475,0
2022-06-29 12:52:00,6475,6475,6475,6475,0
2022-06-29 12:53:00,6475,6475,6475,6475,0
2022-06-29 12:54:00,6475,6475,6475,6475,0
2022-06-29 12:55:00,6475,6475,6475,6475,0
2022-06-29 12:56:00,6475,6475,6475,6475,0
2022-06-29 12:57:00,6475,6475,6475,6475,0
2022-06-29 12:58:00,6475,6475,6475,6475,0
2022-06-29 12:59:00,6475,6475,6475,6475,0
2022-06-29 13:00:00,6475,6475,6475,6475,0
2022-06-29 13:01:00,6475,6475,6475,6475,0
2022-06-29 13:02:00,6475,6475,6475,6475,0
2022-06-29 13:03:00,6475,6475,6475,6475,0
2022-06-29 13:04:00,6475,6475,6475,6475,0
2022-06-29 13:05:00,6475,6475,6475,6475,0
2022-06-29 13:06:00,6475,6475,6475,6475,0
2022-06-29 13:07:00,6475,6475,6475,6475,0
2022-06-29 13:08:00,6475,6475,6475,6475,0
2022-06-29 13:09:00,6475,6475,6475,6475,0
2022-06-29 13:10:00,6475,6475,6475,6475,0
2022-06-29 13:11:00,6475,6475,6475,6475,0
2022-06-29 13:12:00,6475,6475,6475,6475,0
2022-06-29 13:13:00,6475,6475,6475,6475,0
2022-06-29 13:14:00,6475,6475,6475,6475,0
2022-06-29 13:15:00,6475,6475,6475,6475,0
2022-06-29 13:16:00,6475,6475,6475,6475,0
2022-06-29 13:17:00,6475,6475,6475,6475,0
2022-06-29 13:18:00,6475,6475,6475,6475,0
2022-06-29 13:19:00,6475,6475,6475,6475,0
2022-06-29 13:20:00,6475,6475,6475,6475,0
2022-06-29 13:21:00,6475,6475,6475,6475,0
2022-06-29 13:22:00,6475,6475,6475,6475,0
2022-06-29 13:23:00,6475,6475,6475,6475,0
2022-06-29 13:24:00,6475,6475,6475,6475,0
2022-06-29 13:25:00,6475,6475,6475,6475,0
2022-06-29 13:26:00,6475,6475,6475,6475,0
2022-06-29 13:27:00,6475,6475,6475,6475,0
2022-06-29 13:28:00,6475,6475,6475,6475,0
2022-06-29 13:29:00,6475,6475,6475,6475,0
2022-06-29 13:30:00,6475,6475,6475,6475,25600
2022-06-29 13:31:00,6475,6475,6475,6475,100
2022-06-29 13:32:00,6475,6475,6475,6475,15900
2022-06-29 13:33:00,6475,6475,6475,6475,2200
2022-06-29 13:34:00,6450,6450,6450,6450,30300
2022-06-29 13:35:00,6450,6450,6450,6450,0
2022-06-29 13:36:00,6450,6450,6450,6450,38300
2022-06-29 13:37:00,6450,6450,6475,6475,0
2022-06-29 13:38:00,6475,6475,6475,6475,2000
2022-06-29 13:39:00,6475,6475,6475,6475,1000
2022-06-29 13:40:00,6475,6475,6475,6475,0
2022-06-29 13:41:00,6475,6475,6475,6475,0
2022-06-29 13:42:00,6450,6450,6450,6450,25200
2022-06-29 13:43:00,6450,6450,6450,6450,0
2022-06-29 13:44:00,6450,6450,6450,6450,0
2022-06-29 13:45:00,6450,6450,6475,6450,6300
2022-06-29 13:46:00,6475,6475,6475,6475,0
2022-06-29 13:47:00,6475,6475,6475,6475,0
2022-06-29 13:48:00,6475,6475,6475,6475,2000
2022-06-29 13:49:00,6450,6450,6475,6475,9900
2022-06-29 13:50:00,6450,6450,6475,6475,27400
2022-06-29 13:51:00,6450,6450,6450,6450,22800
2022-06-29 13:52:00,6450,6450,6450,6450,0
2022-06-29 13:53:00,6450,6450,6450,6450,0
2022-06-29 13:54:00,6450,6450,6475,6475,0
2022-06-29 13:55:00,6475,6450,6475,6475,30500
2022-06-29 13:56:00,6475,6475,6475,6475,200
2022-06-29 13:57:00,6475,6475,6475,6475,800
2022-06-29 13:58:00,6475,6475,6475,6475,400
2022-06-29 13:59:00,6475,6475,6475,6475,2100
2022-06-29 14:00:00,6450,6450,6450,6450,11800
2022-06-29 14:01:00,6450,6450,6450,6450,6500
2022-06-29 14:02:00,6450,6450,6450,6450,28800
2022-06-29 14:03:00,6450,6450,6450,6450,10200
2022-06-29 14:04:00,6450,6450,6450,6450,0
2022-06-29 14:05:00,6450,6450,6450,6450,0
2022-06-29 14:06:00,6450,6450,6450,6450,600
2022-06-29 14:07:00,6450,6450,6450,6450,12600
2022-06-29 14:08:00,6450,6450,6450,6450,32700
2022-06-29 14:09:00,6450,6450,6450,6450,0
2022-06-29 14:10:00,6450,6450,6450,6450,0
2022-06-29 14:11:00,6450,6450,6475,6475,8300
2022-06-29 14:12:00,6450,6450,6450,6450,41200
2022-06-29 14:13:00,6450,6450,6450,6450,19200
2022-06-29 14:14:00,6450,6450,6450,6450,0
2022-06-29 14:15:00,6450,6450,6450,6450,16100
2022-06-29 14:16:00,6475,6450,6475,6450,33500
2022-06-29 14:17:00,6450,6450,6450,6450,5000
2022-06-29 14:18:00,6450,6450,6475,6450,2100
2022-06-29 14:19:00,6450,6450,6475,6475,1900
2022-06-29 14:20:00,6450,6450,6475,6450,8400
2022-06-29 14:21:00,6450,6450,6450,6450,3700
2022-06-29 14:22:00,6450,6450,6450,6450,6200
2022-06-29 14:23:00,6450,6450,6450,6450,200
2022-06-29 14:24:00,6450,6450,6450,6450,25500
2022-06-29 14:25:00,6450,6450,6475,6475,8000
2022-06-29 14:26:00,6450,6450,6475,6450,20600
2022-06-29 14:27:00,6450,6450,6450,6450,8500
2022-06-29 14:28:00,6450,6450,6450,6450,2900
2022-06-29 14:29:00,6450,6450,6450,6450,6700
2022-06-29 14:30:00,6450,6425,6450,6425,10200
2022-06-29 14:31:00,6450,6425,6450,6425,0
2022-06-29 14:32:00,6425,6425,6450,6450,12900
2022-06-29 14:33:00,6425,6425,6450,6450,10200
2022-06-29 14:34:00,6450,6450,6450,6450,3600
2022-06-29 14:35:00,6450,6450,6450,6450,0
2022-06-29 14:36:00,6450,6450,6450,6450,2000
2022-06-29 14:37:00,6450,6450,6450,6450,200
2022-06-29 14:38:00,6450,6450,6450,6450,8700
2022-06-29 14:39:00,6450,6425,6475,6475,38500
2022-06-29 14:40:00,6450,6450,6450,6450,8600
2022-06-29 14:41:00,6475,6450,6475,6450,11900
2022-06-29 14:42:00,6450,6450,6450,6450,7100
2022-06-29 14:43:00,6450,6450,6475,6475,136900
2022-06-29 14:44:00,6475,6475,6475,6475,11200
2022-06-29 14:45:00,6450,6450,6475,6450,13000
2022-06-29 14:46:00,6450,6450,6475,6450,0
2022-06-29 14:47:00,6450,6450,6450,6450,400
2022-06-29 14:48:00,6500,6475,6500,6475,24300
2022-06-29 14:49:00,6475,6475,6475,6475,0
2022-06-29 14:50:00,6475,6475,6475,6475,0
2022-06-29 14:51:00,6475,6475,6475,6475,0
2022-06-29 14:52:00,6475,6475,6475,6475,0
2022-06-29 14:53:00,6475,6475,6475,6475,0
2022-06-29 14:54:00,6475,6475,6475,6475,0
2022-06-29 14:55:00,6475,6475,6475,6475,0
2022-06-29 14:56:00,6475,6475,6475,6475,0
2022-06-29 14:57:00,6475,6475,6475,6475,0
2022-06-29 14:58:00,6475,6475,6475,6475,0
2022-06-29 14:59:00,6475,6475,6475,6475,0
2022-06-29 15:00:00,6475,6475,6475,6475,14500
2022-06-29 15:01:00,6475,6475,6475,6475,0
2022-06-29 15:02:00,6475,6475,6475,6475,10400
2022-06-29 15:03:00,6475,6475,6475,6475,0
2022-06-29 15:04:00,6475,6475,6475,6475,200
2022-06-29 15:05:00,6475,6475,6475,6475,1900
2022-06-29 15:06:00,6475,6475,6475,6475,500
2022-06-29 15:07:00,6475,6475,6475,6475,0
2022-06-29 15:08:00,6475,6475,6475,6475,1100
2022-06-29 15:09:00,6475,6475,6475,6475,0
2022-06-29 15:10:00,6475,6475,6475,6475,0
2022-06-29 15:11:00,6475,6475,6475,6475,100
2022-06-29 15:12:00,6475,6475,6475,6475,0
2022-06-29 15:13:00,6475,6475,6475,6475,1537300
2022-06-29 15:14:00,6475,6475,6475,6475,0
2022-06-29 15:15:00,6475,6475,6475,6475,0
2022-06-29 15:16:00,6475,6475,6475,6475,0
2022-06-29 15:17:00,6475,6475,6475,6475,0
2022-06-29 15:18:00,6475,6475,6475,6475,0
2022-06-29 15:19:00,6475,6475,6475,6475,0
2022-06-29 15:20:00,6475,6475,6475,6475,0
2022-06-29 15:21:00,6475,6475,6475,6475,0
2022-06-29 15:22:00,6475,6475,6475,6475,0
2022-06-29 15:23:00,6475,6475,6475,6475,0
2022-06-29 15:24:00,6475,6475,6475,6475,0
2022-06-29 15:25:00,6475,6475,6475,6475,0
2022-06-29 15:26:00,6475,6475,6475,6475,0
2022-06-29 15:27:00,6475,6475,6475,6475,0
2022-06-29 15:28:00,6475,6475,6475,6475,0
2022-06-29 15:29:00,6475,6475,6475,6475,0
2022-06-29 15:30:00,6475,6475,6475,6475,0
2022-06-29 15:31:00,6475,6475,6475,6475,0
2022-06-29 15:32:00,6475,6475,6475,6475,0
2022-06-29 15:33:00,6475,6475,6475,6475,0
2022-06-29 15:34:00,6475,6475,6475,6475,0
2022-06-29 15:35:00,6475,6475,6475,6475,0
2022-06-29 15:36:00,6475,6475,6475,6475,0
2022-06-29 15:37:00,6475,6475,6475,6475,0
2022-06-29 15:38:00,6475,6475,6475,6475,0
2022-06-29 15:39:00,6475,6475,6475,6475,0
2022-06-29 15:40:00,6475,6475,6475,6475,0
2022-06-29 15:41:00,6475,6475,6475,6475,0
2022-06-29 15:42:00,6475,6475,6475,6475,0
2022-06-29 15:43:00,6475,6475,6475,6475,0
2022-06-29 15:44:00,6475,6475,6475,6475,0
2022-06-29 15:45:00,6475,6475,6475,6475,0
2022-06-29 15:46:00,6475,6475,6475,6475,0
2022-06-29 15:47:00,6475,6475,6475,6475,0
2022-06-29 15:48:00,6475,6475,6475,6475,0
2022-06-29 15:49:00,6475,6475,6475,6475,0
2022-06-29 15:50:00,6475,6475,6475,6475,0
2022-06-29 15:51:00,6475,6475,6475,6475,0
2022-06-29 15:52:00,6475,6475,6475,6475,0
2022-06-29 15:53:00,6475,6475,6475,6475,0
2022-06-29 15:54:00,6475,6475,6475,6475,0
2022-06-29 15:55:00,6475,6475,6475,6475,0
2022-06-29 15:56:00,6475,6475,6475,6475,0
2022-06-29 15:57:00,6475,6475,6475,6475,0
2022-06-29 15:58:00,6475,6475,6475,6475,0
2022-06-29 15:59:00,6475,6475,6475,6475,0
2022-06-30 09:00:00,6500,6500,6500,6500,0
2022-06-30 09:01:00,6500,6500,6500,6500,0
2022-06-30 09:02:00,6500,6500,6500,6500,300
2022-06-30 09:03:00,6500,6500,6500,6500,400
2022-06-30 09:04:00,6500,6500,6500,6500,2300
2022-06-30 09:05:00,6500,6500,6500,6500,2800
2022-06-30 09:06:00,6500,6500,6525,6500,4400
2022-06-30 09:07:00,6500,6500,6525,6500,5200
2022-06-30 09:08:00,6500,6475,6500,6475,18700
2022-06-30 09:09:00,6475,6475,6475,6475,4100
2022-06-30 09:10:00,6475,6450,6475,6450,9500
2022-06-30 09:11:00,6450,6450,6475,6475,3400
2022-06-30 09:12:00,6475,6450,6475,6475,2800
2022-06-30 09:13:00,6475,6450,6475,6450,2000
2022-06-30 09:14:00,6450,6450,6450,6450,3000
2022-06-30 09:15:00,6450,6450,6450,6450,2900
2022-06-30 09:16:00,6450,6450,6450,6450,1200
2022-06-30 09:17:00,6450,6450,6450,6450,0
2022-06-30 09:18:00,6475,6450,6475,6450,9200
2022-06-30 09:19:00,6475,6475,6475,6475,17500
2022-06-30 09:20:00,6500,6500,6500,6500,0
2022-06-30 09:21:00,6500,6500,6500,6500,0
2022-06-30 09:22:00,6500,6475,6500,6475,400
2022-06-30 09:23:00,6500,6500,6500,6500,0
2022-06-30 09:24:00,6500,6500,6500,6500,5000
2022-06-30 09:25:00,6500,6500,6500,6500,300
2022-06-30 09:26:00,6500,6500,6500,6500,5400
2022-06-30 09:27:00,6500,6500,6500,6500,4500
2022-06-30 09:28:00,6500,6500,6500,6500,0
2022-06-30 09:29:00,6475,6475,6475,6475,2400
2022-06-30 09:30:00,6475,6475,6475,6475,3300
2022-06-30 09:31:00,6500,6500,6500,6500,0
2022-06-30 09:32:00,6500,6500,6500,6500,0
2022-06-30 09:33:00,6475,6475,6475,6475,9600
2022-06-30 09:34:00,6475,6475,6475,6475,6800
2022-06-30 09:35:00,6500,6500,6500,6500,300
2022-06-30 09:36:00,6500,6500,6500,6500,1300
2022-06-30 09:37:00,6500,6500,6500,6500,0
2022-06-30 09:38:00,6500,6500,6500,6500,0
2022-06-30 09:39:00,6500,6500,6500,6500,0
2022-06-30 09:40:00,6500,6500,6500,6500,0
2022-06-30 09:41:00,6475,6475,6475,6475,12400
2022-06-30 09:42:00,6475,6475,6475,6475,15600
2022-06-30 09:43:00,6475,6475,6475,6475,10300
2022-06-30 09:44:00,6475,6475,6475,6475,0
2022-06-30 09:45:00,6475,6475,6475,6475,0
2022-06-30 09:46:00,6475,6475,6475,6475,0
2022-06-30 09:47:00,6475,6475,6475,6475,5600
2022-06-30 09:48:00,6475,6475,6475,6475,0
2022-06-30 09:49:00,6475,6475,6475,6475,1600
2022-06-30 09:50:00,6475,6475,6475,6475,800
2022-06-30 09:51:00,6475,6475,6475,6475,0
2022-06-30 09:52:00,6475,6475,6475,6475,0
2022-06-30 09:53:00,6475,6475,6475,6475,0
2022-06-30 09:54:00,6500,6500,6500,6500,1100
2022-06-30 09:55:00,6475,6475,6475,6475,1200
2022-06-30 09:56:00,6475,6475,6475,6475,0
2022-06-30 09:57:00,6475,6475,6475,6475,0
2022-06-30 09:58:00,6475,6475,6475,6475,0
2022-06-30 09:59:00,6475,6475,6475,6475,0
2022-06-30 10:00:00,6475,6475,6475,6475,0
2022-06-30 10:01:00,6500,6500,6500,6500,200
2022-06-30 10:02:00,6500,6500,6500,6500,100
2022-06-30 10:03:00,6500,6500,6500,6500,0
2022-06-30 10:04:00,6500,6500,6500,6500,300
2022-06-30 10:05:00,6500,6500,6500,6500,800
2022-06-30 10:06:00,6500,6500,6500,6500,12500
2022-06-30 10:07:00,6475,6475,6475,6475,0
2022-06-30 10:08:00,6475,6475,6475,6475,600
2022-06-30 10:09:00,6475,6475,6475,6475,8400
2022-06-30 10:10:00,6475,6475,6475,6475,100
2022-06-30 10:11:00,6475,6475,6475,6475,1200
2022-06-30 10:12:00,6475,6475,6475,6475,0
2022-06-30 10:13:00,6475,6475,6500,6500,200
2022-06-30 10:14:00,6475,6475,6475,6475,1100
2022-06-30 10:15:00,6475,6475,6475,6475,4900
2022-06-30 10:16:00,6475,6475,6500,6500,5700
2022-06-30 10:17:00,6500,6475,6500,6475,0
2022-06-30 10:18:00,6475,6475,6475,6475,2200
2022-06-30 10:19:00,6475,6475,6475,6475,600
2022-06-30 10:20:00,6475,6475,6475,6475,600
2022-06-30 10:21:00,6475,6475,6475,6475,0
2022-06-30 10:22:00,6475,6475,6475,6475,1600
2022-06-30 10:23:00,6475,6475,6475,6475,500
2022-06-30 10:24:00,6475,6475,6475,6475,9200
2022-06-30 10:25:00,6475,6475,6500,6500,0
2022-06-30 10:26:00,6475,6475,6500,6500,0
2022-06-30 10:27:00,6475,6475,6475,6475,700
2022-06-30 10:28:00,6475,6475,6475,6475,1000
2022-06-30 10:29:00,6475,6475,6475,6475,4300
2022-06-30 10:30:00,6475,6475,6475,6475,200
2022-06-30 10:31:00,6475,6475,6475,6475,400
2022-06-30 10:32:00,6475,6475,6475,6475,400
2022-06-30 10:33:00,6475,6475,6475,6475,4800
2022-06-30 10:34:00,6475,6475,6475,6475,0
2022-06-30 10:35:00,6475,6475,6475,6475,0
2022-06-30 10:36:00,6475,6475,6475,6475,1800
2022-06-30 10:37:00,6475,6475,6475,6475,3000
2022-06-30 10:38:00,6475,6475,6475,6475,0
2022-06-30 10:39:00,6500,6500,6500,6500,0
2022-06-30 10:40:00,6500,6500,6500,6500,0
2022-06-30 10:41:00,6500,6500,6500,6500,300
2022-06-30 10:42:00,6500,6500,6500,6500,0
2022-06-30 10:43:00,6500,6475,6500,6475,1400
2022-06-30 10:44:00,6475,6475,6475,6475,700
2022-06-30 10:45:00,6475,6475,6475,6475,0
2022-06-30 10:46:00,6475,6475,6475,6475,0
2022-06-30 10:47:00,6475,6475,6475,6475,0
2022-06-30 10:48:00,6475,6475,6475,6475,0
2022-06-30 10:49:00,6475,6475,6475,6475,61400
2022-06-30 10:50:00,6475,6475,6475,6475,29400
2022-06-30 10:51:00,6475,6475,6475,6475,1300
2022-06-30 10:52:00,6475,6475,6475,6475,0
2022-06-30 10:53:00,6475,6475,6475,6475,0
2022-06-30 10:54:00,6475,6475,6475,6475,0
2022-06-30 10:55:00,6475,6475,6475,6475,0
2022-06-30 10:56:00,6450,6450,6450,6450,4000
2022-06-30 10:57:00,6450,6450,6450,6450,0
2022-06-30 10:58:00,6450,6450,6450,6450,200
2022-06-30 10:59:00,6450,6450,6450,6450,100
2022-06-30 11:00:00,6450,6450,6450,6450,0
2022-06-30 11:01:00,6450,6450,6450,6450,0
2022-06-30 11:02:00,6475,6475,6475,6475,1400
2022-06-30 11:03:00,6475,6475,6475,6475,100
2022-06-30 11:04:00,6475,6475,6475,6475,0
2022-06-30 11:05:00,6475,6475,6475,6475,100
2022-06-30 11:06:00,6475,6475,6475,6475,300
2022-06-30 11:07:00,6475,6475,6475,6475,100
2022-06-30 11:08:00,6450,6450,6450,6450,4900
2022-06-30 11:09:00,6450,6450,6450,6450,700
2022-06-30 11:10:00,6450,6450,6450,6450,0
2022-06-30 11:11:00,6450,6450,6450,6450,1900
2022-06-30 11:12:00,6450,6450,6450,6450,0
2022-06-30 11:13:00,6450,6450,6450,6450,9800
2022-06-30 11:14:00,6475,6475,6475,6475,0
2022-06-30 11:15:00,6475,6475,6475,6475,0
2022-06-30 11:16:00,6475,6475,6475,6475,100
2022-06-30 11:17:00,6475,6475,6475,6475,200
2022-06-30 11:18:00,6475,6475,6475,6475,0
2022-06-30 11:19:00,6475,6475,6475,6475,0
2022-06-30 11:20:00,6450,6450,6450,6450,900
2022-06-30 11:21:00,6450,6450,6450,6450,0
2022-06-30 11:22:00,6450,6450,6475,6475,11500
2022-06-30 11:23:00,6450,6450,6450,6450,0
2022-06-30 11:24:00,6450,6450,6450,6450,0
2022-06-30 11:25:00,6450,6450,6450,6450,5000
2022-06-30 11:26:00,6450,6450,6450,6450,0
2022-06-30 11:27:00,6450,6450,6450,6450,0
2022-06-30 11:28:00,6450,6450,6450,6450,1200
2022-06-30 11:29:00,6450,6450,6450,6450,0
2022-06-30 11:30:00,6450,6450,6450,6450,0
2022-06-30 11:31:00,6450,6450,6450,6450,0
2022-06-30 11:32:00,6450,6450,6450,6450,0
2022-06-30 11:33:00,6450,6450,6450,6450,0
2022-06-30 11:34:00,6450,6450,6450,6450,0
2022-06-30 11:35:00,6450,6450,6450,6450,0
2022-06-30 11:36:00,6450,6450,6450,6450,0
2022-06-30 11:37:00,6450,6450,6450,6450,0
2022-06-30 11:38:00,6450,6450,6450,6450,0
2022-06-30 11:39:00,6450,6450,6450,6450,0
2022-06-30 11:40:00,6450,6450,6450,6450,0
2022-06-30 11:41:00,6450,6450,6450,6450,0
2022-06-30 11:42:00,6450,6450,6450,6450,0
2022-06-30 11:43:00,6450,6450,6450,6450,0
2022-06-30 11:44:00,6450,6450,6450,6450,0
2022-06-30 11:45:00,6450,6450,6450,6450,0
2022-06-30 11:46:00,6450,6450,6450,6450,0
2022-06-30 11:47:00,6450,6450,6450,6450,0
2022-06-30 11:48:00,6450,6450,6450,6450,0
2022-06-30 11:49:00,6450,6450,6450,6450,0
2022-06-30 11:50:00,6450,6450,6450,6450,0
2022-06-30 11:51:00,6450,6450,6450,6450,0
2022-06-30 11:52:00,6450,6450,6450,6450,0
2022-06-30 11:53:00,6450,6450,6450,6450,0
2022-06-30 11:54:00,6450,6450,6450,6450,0
2022-06-30 11:55:00,6450,6450,6450,6450,0
2022-06-30 11:56:00,6450,6450,6450,6450,0
2022-06-30 11:57:00,6450,6450,6450,6450,0
2022-06-30 11:58:00,6450,6450,6450,6450,0
2022-06-30 11:59:00,6450,6450,6450,6450,0
2022-06-30 12:00:00,6450,6450,6450,6450,0
2022-06-30 12:01:00,6450,6450,6450,6450,0
2022-06-30 12:02:00,6450,6450,6450,6450,0
2022-06-30 12:03:00,6450,6450,6450,6450,0
2022-06-30 12:04:00,6450,6450,6450,6450,0
2022-06-30 12:05:00,6450,6450,6450,6450,0
2022-06-30 12:06:00,6450,6450,6450,6450,0
2022-06-30 12:07:00,6450,6450,6450,6450,0
2022-06-30 12:08:00,6450,6450,6450,6450,0
2022-06-30 12:09:00,6450,6450,6450,6450,0
2022-06-30 12:10:00,6450,6450,6450,6450,0
2022-06-30 12:11:00,6450,6450,6450,6450,0
2022-06-30 12:12:00,6450,6450,6450,6450,0
2022-06-30 12:13:00,6450,6450,6450,6450,0
2022-06-30 12:14:00,6450,6450,6450,6450,0
2022-06-30 12:15:00,6450,6450,6450,6450,0
2022-06-30 12:16:00,6450,6450,6450,6450,0
2022-06-30 12:17:00,6450,6450,6450,6450,0
2022-06-30 12:18:00,6450,6450,6450,6450,0
2022-06-30 12:19:00,6450,6450,6450,6450,0
2022-06-30 12:20:00,6450,6450,6450,6450,0
2022-06-30 12:21:00,6450,6450,6450,6450,0
2022-06-30 12:22:00,6450,6450,6450,6450,0
2022-06-30 12:23:00,6450,6450,6450,6450,0
2022-06-30 12:24:00,6450,6450,6450,6450,0
2022-06-30 12:25:00,6450,6450,6450,6450,0
2022-06-30 12:26:00,6450,6450,6450,6450,0
2022-06-30 12:27:00,6450,6450,6450,6450,0
2022-06-30 12:28:00,6450,6450,6450,6450,0
2022-06-30 12:29:00,6450,6450,6450,6450,0
2022-06-30 12:30:00,6450,6450,6450,6450,0
2022-06-30 12:31:00,6450,6450,6450,6450,0
2022-06-30 12:32:00,6450,6450,6450,6450,0
2022-06-30 12:33:00,6450,6450,6450,6450,0
2022-06-30 12:34:00,6450,6450,6450,6450,0
2022-06-30 12:35:00,6450,6450,6450,6450,0
2022-06-30 12:36:00,6450,6450,6450,6450,0
2022-06-30 12:37:00,6450,6450,6450,6450,0
2022-06-30 12:38:00,6450,6450,6450,6450,0
2022-06-30 12:39:00,6450,6450,6450,6450,0
2022-06-30 12:40:00,6450,6450,6450,6450,0
2022-06-30 12:41:00,6450,6450,6450,6450,0
2022-06-30 12:42:00,6450,6450,6450,6450,0
2022-06-30 12:43:00,6450,6450,6450,6450,0
2022-06-30 12:44:00,6450,6450,6450,6450,0
2022-06-30 12:45:00,6450,6450,6450,6450,0
2022-06-30 12:46:00,6450,6450,6450,6450,0
2022-06-30 12:47:00,6450,6450,6450,6450,0
2022-06-30 12:48:00,6450,6450,6450,6450,0
2022-06-30 12:49:00,6450,6450,6450,6450,0
2022-06-30 12:50:00,6450,6450,6450,6450,0
2022-06-30 12:51:00,6450,6450,6450,6450,0
2022-06-30 12:52:00,6450,6450,6450,6450,0
2022-06-30 12:53:00,6450,6450,6450,6450,0
2022-06-30 12:54:00,6450,6450,6450,6450,0
2022-06-30 12:55:00,6450,6450,6450,6450,0
2022-06-30 12:56:00,6450,6450,6450,6450,0
2022-06-30 12:57:00,6450,6450,6450,6450,0
2022-06-30 12:58:00,6450,6450,6450,6450,0
2022-06-30 12:59:00,6450,6450,6450,6450,0
2022-06-30 13:00:00,6450,6450,6450,6450,0
2022-06-30 13:01:00,6450,6450,6450,6450,0
2022-06-30 13:02:00,6450,6450,6450,6450,0
2022-06-30 13:03:00,6450,6450,6450,6450,0
2022-06-30 13:04:00,6450,6450,6450,6450,0
2022-06-30 13:05:00,6450,6450,6450,6450,0
2022-06-30 13:06:00,6450,6450,6450,6450,0
2022-06-30 13:07:00,6450,6450,6450,6450,0
2022-06-30 13:08:00,6450,6450,6450,6450,0
2022-06-30 13:09:00,6450,6450,6450,6450,0
2022-06-30 13:10:00,6450,6450,6450,6450,0
2022-06-30 13:11:00,6450,6450,6450,6450,0
2022-06-30 13:12:00,6450,6450,6450,6450,0
2022-06-30 13:13:00,6450,6450,6450,6450,0
2022-06-30 13:14:00,6450,6450,6450,6450,0
2022-06-30 13:15:00,6450,6450,6450,6450,0
2022-06-30 13:16:00,6450,6450,6450,6450,0
2022-06-30 13:17:00,6450,6450,6450,6450,0
2022-06-30 13:18:00,6450,6450,6450,6450,0
2022-06-30 13:19:00,6450,6450,6450,6450,0
2022-06-30 13:20:00,6450,6450,6450,6450,0
2022-06-30 13:21:00,6450,6450,6450,6450,0
2022-06-30 13:22:00,6450,6450,6450,6450,0
2022-06-30 13:23:00,6450,6450,6450,6450,0
2022-06-30 13:24:00,6450,6450,6450,6450,0
2022-06-30 13:25:00,6450,6450,6450,6450,0
2022-06-30 13:26:00,6450,6450,6450,6450,0
2022-06-30 13:27:00,6450,6450,6450,6450,0
2022-06-30 13:28:00,6450,6450,6450,6450,0
2022-06-30 13:29:00,6450,6450,6450,6450,0
2022-06-30 13:30:00,6450,6450,6475,6450,27200
2022-06-30 13:31:00,6450,6450,6475,6450,0
2022-06-30 13:32:00,6450,6450,6450,6450,3400
2022-06-30 13:33:00,6475,6475,6475,6475,0
2022-06-30 13:34:00,6475,6475,6475,6475,0
2022-06-30 13:35:00,6475,6475,6475,6475,0
2022-06-30 13:36:00,6475,6475,6475,6475,0
2022-06-30 13:37:00,6475,6475,6475,6475,0
2022-06-30 13:38:00,6475,6475,6475,6475,0
2022-06-30 13:39:00,6475,6475,6475,6475,100
2022-06-30 13:40:00,6475,6475,6475,6475,0
2022-06-30 13:41:00,6475,6475,6475,6475,0
2022-06-30 13:42:00,6450,6450,6450,6450,600
2022-06-30 13:43:00,6450,6450,6450,6450,0
2022-06-30 13:44:00,6450,6450,6450,6450,6100
2022-06-30 13:45:00,6450,6450,6450,6450,0
2022-06-30 13:46:00,6450,6450,6450,6450,0
2022-06-30 13:47:00,6475,6475,6475,6475,100
2022-06-30 13:48:00,6475,6475,6475,6475,100
2022-06-30 13:49:00,6475,6475,6475,6475,300
2022-06-30 13:50:00,6475,6475,6475,6475,0
2022-06-30 13:51:00,6450,6450,6450,6450,97800
2022-06-30 13:52:00,6450,6450,6450,6450,0
2022-06-30 13:53:00,6450,6450,6450,6450,7000
2022-06-30 13:54:00,6475,6450,6475,6450,3100
2022-06-30 13:55:00,6450,6450,6450,6450,5700
2022-06-30 13:56:00,6450,6450,6450,6450,800
2022-06-30 13:57:00,6450,6450,6450,6450,0
2022-06-30 13:58:00,6450,6450,6450,6450,4400
2022-06-30 13:59:00,6450,6450,6450,6450,12200
2022-06-30 14:00:00,6450,6450,6450,6450,0
2022-06-30 14:01:00,6450,6450,6450,6450,8000
2022-06-30 14:02:00,6450,6450,6450,6450,32100
2022-06-30 14:03:00,6450,6450,6450,6450,0
2022-06-30 14:04:00,6450,6450,6450,6450,5500
2022-06-30 14:05:00,6450,6450,6450,6450,0
2022-06-30 14:06:00,6450,6450,6450,6450,5500
2022-06-30 14:07:00,6450,6450,6450,6450,0
2022-06-30 14:08:00,6450,6450,6450,6450,10300
2022-06-30 14:09:00,6450,6450,6450,6450,0
2022-06-30 14:10:00,6450,6450,6450,6450,7400
2022-06-30 14:11:00,6450,6450,6450,6450,200
2022-06-30 14:12:00,6450,6450,6450,6450,0
2022-06-30 14:13:00,6450,6450,6450,6450,22200
2022-06-30 14:14:00,6450,6450,6450,6450,20400
2022-06-30 14:15:00,6450,6450,6450,6450,0
2022-06-30 14:16:00,6425,6425,6425,6425,1100
2022-06-30 14:17:00,6450,6450,6450,6450,600
2022-06-30 14:18:00,6450,6450,6450,6450,0
2022-06-30 14:19:00,6450,6450,6450,6450,9100
2022-06-30 14:20:00,6450,6450,6450,6450,0
2022-06-30 14:21:00,6450,6450,6450,6450,1100
2022-06-30 14:22:00,6450,6450,6450,6450,0
2022-06-30 14:23:00,6450,6450,6450,6450,0
2022-06-30 14:24:00,6450,6450,6475,6450,700
2022-06-30 14:25:00,6450,6450,6475,6450,0
2022-06-30 14:26:00,6450,6450,6450,6450,200
2022-06-30 14:27:00,6450,6450,6450,6450,400
2022-06-30 14:28:00,6450,6450,6450,6450,3800
2022-06-30 14:29:00,6450,6450,6475,6475,2200
2022-06-30 14:30:00,6475,6450,6475,6450,1800
2022-06-30 14:31:00,6475,6450,6475,6450,0
2022-06-30 14:32:00,6450,6450,6475,6475,500
2022-06-30 14:33:00,6450,6450,6475,6475,0
2022-06-30 14:34:00,6450,6450,6450,6450,18000
2022-06-30 14:35:00,6475,6475,6475,6475,21900
2022-06-30 14:36:00,6475,6475,6475,6475,13800
2022-06-30 14:37:00,6475,6475,6475,6475,900
2022-06-30 14:38:00,6475,6475,6475,6475,21700
2022-06-30 14:39:00,6475,6475,6475,6475,0
2022-06-30 14:40:00,6450,6450,6475,6450,163900
2022-06-30 14:41:00,6450,6450,6475,6450,0
2022-06-30 14:42:00,6450,6450,6450,6450,3700
2022-06-30 14:43:00,6450,6450,6450,6450,2200
2022-06-30 14:44:00,6475,6450,6475,6475,51500
2022-06-30 14:45:00,6450,6450,6450,6450,5800
2022-06-30 14:46:00,6450,6450,6475,6475,22300
2022-06-30 14:47:00,6450,6450,6450,6450,1300
2022-06-30 14:48:00,6450,6450,6450,6450,21500
2022-06-30 14:49:00,6450,6450,6450,6450,0
2022-06-30 14:50:00,6450,6450,6450,6450,0
2022-06-30 14:51:00,6450,6450,6450,6450,0
2022-06-30 14:52:00,6450,6450,6450,6450,0
2022-06-30 14:53:00,6450,6450,6450,6450,0
2022-06-30 14:54:00,6450,6450,6450,6450,0
2022-06-30 14:55:00,6450,6450,6450,6450,0
2022-06-30 14:56:00,6450,6450,6450,6450,0
2022-06-30 14:57:00,6450,6450,6450,6450,0
2022-06-30 14:58:00,6450,6450,6450,6450,0
2022-06-30 14:59:00,6450,6450,6450,6450,0
2022-06-30 15:00:00,6450,6450,6450,6450,127200
2022-06-30 15:01:00,6450,6450,6450,6450,3400
2022-06-30 15:02:00,6450,6450,6450,6450,300
2022-06-30 15:03:00,6450,6450,6450,6450,0
2022-06-30 15:04:00,6450,6450,6450,6450,1600
2022-06-30 15:05:00,6450,6450,6450,6450,11800
2022-06-30 15:06:00,6450,6450,6450,6450,0
2022-06-30 15:07:00,6450,6450,6450,6450,100
2022-06-30 15:08:00,6450,6450,6450,6450,5200
2022-06-30 15:09:00,6450,6450,6450,6450,0
2022-06-30 15:10:00,6450,6450,6450,6450,2700
2022-06-30 15:11:00,6450,6450,6450,6450,200
2022-06-30 15:12:00,6450,6450,6450,6450,0
2022-06-30 15:13:00,6450,6450,6450,6450,0
2022-06-30 15:14:00,6450,6450,6450,6450,0
2022-06-30 15:15:00,6450,6450,6450,6450,0
2022-06-30 15:16:00,6450,6450,6450,6450,0
2022-06-30 15:17:00,6450,6450,6450,6450,0
2022-06-30 15:18:00,6450,6450,6450,6450,0
2022-06-30 15:19:00,6450,6450,6450,6450,0
2022-06-30 15:20:00,6450,6450,6450,6450,0
2022-06-30 15:21:00,6450,6450,6450,6450,0
2022-06-30 15:22:00,6450,6450,6450,6450,0
2022-06-30 15:23:00,6450,6450,6450,6450,0
2022-06-30 15:24:00,6450,6450,6450,6450,0
2022-06-30 15:25:00,6450,6450,6450,6450,0
2022-06-30 15:26:00,6450,6450,6450,6450,0
2022-06-30 15:27:00,6450,6450,6450,6450,0
2022-06-30 15:28:00,6450,6450,6450,6450,0
2022-06-30 15:29:00,6450,6450,6450,6450,0
2022-06-30 15:30:00,6450,6450,6450,6450,0
2022-06-30 15:31:00,6450,6450,6450,6450,0
2022-06-30 15:32:00,6450,6450,6450,6450,0
2022-06-30 15:33:00,6450,6450,6450,6450,0
2022-06-30 15:34:00,6450,6450,6450,6450,0
2022-06-30 15:35:00,6450,6450,6450,6450,0
2022-06-30 15:36:00,6450,6450,6450,6450,0
2022-06-30 15:37:00,6450,6450,6450,6450,0
2022-06-30 15:38:00,6450,6450,6450,6450,0
2022-06-30 15:39:00,6450,6450,6450,6450,0
2022-06-30 15:40:00,6450,6450,6450,6450,0
2022-06-30 15:41:00,6450,6450,6450,6450,0
2022-06-30 15:42:00,6450,6450,6450,6450,0
2022-06-30 15:43:00,6450,6450,6450,6450,0
2022-06-30 15:44:00,6450,6450,6450,6450,0
2022-06-30 15:45:00,6450,6450,6450,6450,0
2022-06-30 15:46:00,6450,6450,6450,6450,0
2022-06-30 15:47:00,6450,6450,6450,6450,0
2022-06-30 15:48:00,6450,6450,6450,6450,0
2022-06-30 15:49:00,6450,6450,6450,6450,0
2022-06-30 15:50:00,6450,6450,6450,6450,0
2022-06-30 15:51:00,6450,6450,6450,6450,0
2022-06-30 15:52:00,6450,6450,6450,6450,0
2022-06-30 15:53:00,6450,6450,6450,6450,0
2022-06-30 15:54:00,6450,6450,6450,6450,0
2022-06-30 15:55:00,6450,6450,6450,6450,0
2022-06-30 15:56:00,6450,6450,6450,6450,0
2022-06-30 15:57:00,6450,6450,6450,6450,0
2022-06-30 15:58:00,6450,6450,6450,6450,0
2022-06-30 15:59:00,6450,6450,6450,6450,0
2022-07-01 09:00:00,6450,6450,6450,6450,400
2022-07-01 09:01:00,6450,6450,6450,6450,2000
2022-07-01 09:02:00,6450,6425,6450,6425,13000
2022-07-01 09:03:00,6425,6425,6425,6425,2300
2022-07-01 09:04:00,6425,6425,6425,6425,300
2022-07-01 09:05:00,6450,6425,6450,6450,0
2022-07-01 09:06:00,6450,6425,6450,6450,1900
2022-07-01 09:07:00,6450,6450,6450,6450,9800
2022-07-01 09:08:00,6450,6450,6450,6450,2400
2022-07-01 09:09:00,6450,6450,6450,6450,700
2022-07-01 09:10:00,6450,6450,6450,6450,1700
2022-07-01 09:11:00,6450,6450,6450,6450,0
2022-07-01 09:12:00,6475,6450,6475,6450,11900
2022-07-01 09:13:00,6450,6450,6450,6450,0
2022-07-01 09:14:00,6450,6450,6450,6450,3600
2022-07-01 09:15:00,6450,6450,6450,6450,600
2022-07-01 09:16:00,6450,6450,6450,6450,400
2022-07-01 09:17:00,6450,6450,6450,6450,10400
2022-07-01 09:18:00,6425,6425,6425,6425,1000
2022-07-01 09:19:00,6425,6425,6425,6425,0
2022-07-01 09:20:00,6425,6425,6425,6425,0
2022-07-01 09:21:00,6425,6425,6425,6425,0
2022-07-01 09:22:00,6425,6425,6425,6425,0
2022-07-01 09:23:00,6425,6425,6425,6425,1200
2022-07-01 09:24:00,6425,6425,6425,6425,10800
2022-07-01 09:25:00,6425,6425,6425,6425,0
2022-07-01 09:26:00,6425,6425,6425,6425,11100
2022-07-01 09:27:00,6425,6425,6425,6425,0
2022-07-01 09:28:00,6425,6425,6425,6425,0
2022-07-01 09:29:00,6425,6425,6425,6425,0
2022-07-01 09:30:00,6425,6425,6425,6425,5000
2022-07-01 09:31:00,6425,6400,6425,6400,53500
2022-07-01 09:32:00,6425,6425,6425,6425,200
2022-07-01 09:33:00,6425,6400,6425,6400,18600
2022-07-01 09:34:00,6425,6400,6425,6400,0
2022-07-01 09:35:00,6425,6425,6425,6425,8700
2022-07-01 09:36:00,6425,6425,6425,6425,8900
2022-07-01 09:37:00,6425,6425,6425,6425,0
2022-07-01 09:38:00,6425,6425,6425,6425,1400
2022-07-01 09:39:00,6425,6425,6425,6425,800
2022-07-01 09:40:00,6425,6425,6425,6425,1800
2022-07-01 09:41:00,6425,6425,6425,6425,0
2022-07-01 09:42:00,6400,6400,6425,6400,31000
2022-07-01 09:43:00,6400,6400,6425,6425,2700
2022-07-01 09:44:00,6425,6425,6425,6425,0
2022-07-01 09:45:00,6425,6400,6425,6400,17700
2022-07-01 09:46:00,6425,6425,6425,6425,0
2022-07-01 09:47:00,6425,6400,6425,6400,2200
2022-07-01 09:48:00,6400,6400,6400,6400,1700
2022-07-01 09:49:00,6400,6400,6425,6425,32500
2022-07-01 09:50:00,6425,6425,6425,6425,17300
2022-07-01 09:51:00,6425,6425,6425,6425,36700
2022-07-01 09:52:00,6425,6400,6425,6400,20000
2022-07-01 09:53:00,6425,6425,6425,6425,0
2022-07-01 09:54:00,6425,6425,6425,6425,16800
2022-07-01 09:55:00,6425,6425,6425,6425,4500
2022-07-01 09:56:00,6425,6425,6425,6425,0
2022-07-01 09:57:00,6425,6425,6425,6425,0
2022-07-01 09:58:00,6425,6425,6425,6425,0
2022-07-01 09:59:00,6425,6400,6425,6400,6400
2022-07-01 10:00:00,6400,6400,6400,6400,200
2022-07-01 10:01:00,6400,6400,6400,6400,100
2022-07-01 10:02:00,6400,6400,6425,6425,6200
2022-07-01 10:03:00,6400,6400,6425,6425,0
2022-07-01 10:04:00,6400,6400,6400,6400,9500
2022-07-01 10:05:00,6400,6400,6425,6425,100
2022-07-01 10:06:00,6425,6425,6425,6425,2800
2022-07-01 10:07:00,6400,6400,6425,6400,0
2022-07-01 10:08:00,6425,6425,6425,6425,100
2022-07-01 10:09:00,6425,6425,6425,6425,1000
2022-07-01 10:10:00,6425,6425,6425,6425,0
2022-07-01 10:11:00,6425,6400,6425,6400,3400
2022-07-01 10:12:00,6400,6400,6400,6400,39500
2022-07-01 10:13:00,6400,6400,6425,6425,4200
2022-07-01 10:14:00,6425,6425,6425,6425,0
2022-07-01 10:15:00,6400,6400,6400,6400,400
2022-07-01 10:16:00,6400,6400,6400,6400,1400
2022-07-01 10:17:00,6400,6400,6400,6400,300
2022-07-01 10:18:00,6400,6400,6400,6400,0
2022-07-01 10:19:00,6400,6400,6425,6425,3100
2022-07-01 10:20:00,6400,6400,6425,6425,0
2022-07-01 10:21:00,6400,6400,6400,6400,11800
2022-07-01 10:22:00,6400,6400,6400,6400,0
2022-07-01 10:23:00,6400,6400,6400,6400,4000
2022-07-01 10:24:00,6400,6400,6400,6400,0
2022-07-01 10:25:00,6425,6425,6425,6425,0
2022-07-01 10:26:00,6400,6400,6400,6400,800
2022-07-01 10:27:00,6400,6400,6400,6400,0
2022-07-01 10:28:00,6425,6425,6425,6425,4100
2022-07-01 10:29:00,6425,6400,6425,6400,0
2022-07-01 10:30:00,6425,6425,6425,6425,4300
2022-07-01 10:31:00,6400,6400,6400,6400,41800
2022-07-01 10:32:00,6400,6400,6400,6400,0
2022-07-01 10:33:00,6400,6400,6425,6425,800
2022-07-01 10:34:00,6400,6400,6425,6425,0
2022-07-01 10:35:00,6400,6400,6425,6425,0
2022-07-01 10:36:00,6400,6400,6400,6400,5900
2022-07-01 10:37:00,6400,6400,6400,6400,0
2022-07-01 10:38:00,6425,6425,6425,6425,500
2022-07-01 10:39:00,6400,6400,6400,6400,300
2022-07-01 10:40:00,6425,6425,6425,6425,1900
2022-07-01 10:41:00,6425,6425,6425,6425,1000
2022-07-01 10:42:00,6425,6425,6425,6425,0
2022-07-01 10:43:00,6425,6425,6425,6425,0
2022-07-01 10:44:00,6400,6400,6400,6400,3900
2022-07-01 10:45:00,6400,6400,6400,6400,300
2022-07-01 10:46:00,6400,6400,6400,6400,1000
2022-07-01 10:47:00,6400,6400,6400,6400,1200
2022-07-01 10:48:00,6400,6400,6400,6400,0
2022-07-01 10:49:00,6400,6400,6400,6400,300
2022-07-01 10:50:00,6400,6400,6400,6400,0
2022-07-01 10:51:00,6400,6400,6400,6400,100
2022-07-01 10:52:00,6400,6400,6400,6400,0
2022-07-01 10:53:00,6400,6400,6400,6400,900
2022-07-01 10:54:00,6400,6400,6400,6400,300
2022-07-01 10:55:00,6400,6400,6400,6400,0
2022-07-01 10:56:00,6400,6400,6400,6400,4500
2022-07-01 10:57:00,6400,6400,6400,6400,0
2022-07-01 10:58:00,6400,6400,6400,6400,1900
2022-07-01 10:59:00,6400,6400,6400,6400,53800
2022-07-01 11:00:00,6400,6400,6425,6425,13600
2022-07-01 11:01:00,6400,6400,6425,6425,7200
2022-07-01 11:02:00,6425,6400,6425,6400,15600
2022-07-01 11:03:00,6400,6400,6400,6400,14100
2022-07-01 11:04:00,6425,6400,6425,6400,1000
2022-07-01 11:05:00,6400,6400,6400,6400,51800
2022-07-01 11:06:00,6400,6400,6400,6400,700
2022-07-01 11:07:00,6400,6400,6425,6400,105200
2022-07-01 11:08:00,6400,6375,6400,6400,107200
2022-07-01 11:09:00,6400,6375,6400,6375,1400
2022-07-01 11:10:00,6375,6375,6375,6375,4700
2022-07-01 11:11:00,6375,6375,6375,6375,1900
2022-07-01 11:12:00,6375,6375,6375,6375,400
2022-07-01 11:13:00,6375,6375,6400,6400,5100
2022-07-01 11:14:00,6375,6375,6400,6400,1400
2022-07-01 11:15:00,6375,6375,6400,6375,2200
2022-07-01 11:16:00,6375,6375,6375,6375,3500
2022-07-01 11:17:00,6375,6375,6375,6375,0
2022-07-01 11:18:00,6375,6375,6375,6375,3400
2022-07-01 11:19:00,6375,6375,6375,6375,8900
2022-07-01 11:20:00,6375,6375,6400,6400,0
2022-07-01 11:21:00,6400,6375,6400,6375,10100
2022-07-01 11:22:00,6375,6375,6400,6375,0
2022-07-01 11:23:00,6375,6375,6375,6375,19700
2022-07-01 11:24:00,6375,6375,6375,6375,3500
2022-07-01 11:25:00,6375,6375,6375,6375,10300
2022-07-01 11:26:00,6375,6375,6375,6375,0
2022-07-01 11:27:00,6375,6375,6375,6375,11700
2022-07-01 11:28:00,6375,6375,6375,6375,3900
2022-07-01 11:29:00,6375,6375,6375,6375,1300
2022-07-01 11:30:00,6375,6375,6375,6375,0
2022-07-01 11:31:00,6375,6375,6375,6375,0
2022-07-01 11:32:00,6375,6375,6375,6375,0
2022-07-01 11:33:00,6375,6375,6375,6375,0
2022-07-01 11:34:00,6375,6375,6375,6375,0
2022-07-01 11:35:00,6375,6375,6375,6375,0
2022-07-01 11:36:00,6375,6375,6375,6375,0
2022-07-01 11:37:00,6375,6375,6375,6375,0
2022-07-01 11:38:00,6375,6375,6375,6375,0
2022-07-01 11:39:00,6375,6375,6375,6375,0
2022-07-01 11:40:00,6375,6375,6375,6375,0
2022-07-01 11:41:00,6375,6375,6375,6375,0
2022-07-01 11:42:00,6375,6375,6375,6375,0
2022-07-01 11:43:00,6375,6375,6375,6375,0
2022-07-01 11:44:00,6375,6375,6375,6375,0
2022-07-01 11:45:00,6375,6375,6375,6375,0
2022-07-01 11:46:00,6375,6375,6375,6375,0
2022-07-01 11:47:00,6375,6375,6375,6375,0
2022-07-01 11:48:00,6375,6375,6375,6375,0
2022-07-01 11:49:00,6375,6375,6375,6375,0
2022-07-01 11:50:00,6375,6375,6375,6375,0
2022-07-01 11:51:00,6375,6375,6375,6375,0
2022-07-01 11:52:00,6375,6375,6375,6375,0
2022-07-01 11:53:00,6375,6375,6375,6375,0
2022-07-01 11:54:00,6375,6375,6375,6375,0
2022-07-01 11:55:00,6375,6375,6375,6375,0
2022-07-01 11:56:00,6375,6375,6375,6375,0
2022-07-01 11:57:00,6375,6375,6375,6375,0
2022-07-01 11:58:00,6375,6375,6375,6375,0
2022-07-01 11:59:00,6375,6375,6375,6375,0
2022-07-01 12:00:00,6375,6375,6375,6375,0
2022-07-01 12:01:00,6375,6375,6375,6375,0
2022-07-01 12:02:00,6375,6375,6375,6375,0
2022-07-01 12:03:00,6375,6375,6375,6375,0
2022-07-01 12:04:00,6375,6375,6375,6375,0
2022-07-01 12:05:00,6375,6375,6375,6375,0
2022-07-01 12:06:00,6375,6375,6375,6375,0
2022-07-01 12:07:00,6375,6375,6375,6375,0
2022-07-01 12:08:00,6375,6375,6375,6375,0
2022-07-01 12:09:00,6375,6375,6375,6375,0
2022-07-01 12:10:00,6375,6375,6375,6375,0
2022-07-01 12:11:00,6375,6375,6375,6375,0
2022-07-01 12:12:00,6375,6375,6375,6375,0
2022-07-01 12:13:00,6375,6375,6375,6375,0
2022-07-01 12:14:00,6375,6375,6375,6375,0
2022-07-01 12:15:00,6375,6375,6375,6375,0
2022-07-01 12:16:00,6375,6375,6375,6375,0
2022-07-01 12:17:00,6375,6375,6375,6375,0
2022-07-01 12:18:00,6375,6375,6375,6375,0
2022-07-01 12:19:00,6375,6375,6375,6375,0
2022-07-01 12:20:00,6375,6375,6375,6375,0
2022-07-01 12:21:00,6375,6375,6375,6375,0
2022-07-01 12:22:00,6375,6375,6375,6375,0
2022-07-01 12:23:00,6375,6375,6375,6375,0
2022-07-01 12:24:00,6375,6375,6375,6375,0
2022-07-01 12:25:00,6375,6375,6375,6375,0
2022-07-01 12:26:00,6375,6375,6375,6375,0
2022-07-01 12:27:00,6375,6375,6375,6375,0
2022-07-01 12:28:00,6375,6375,6375,6375,0
2022-07-01 12:29:00,6375,6375,6375,6375,0
2022-07-01 12:30:00,6375,6375,6375,6375,0
2022-07-01 12:31:00,6375,6375,6375,6375,0
2022-07-01 12:32:00,6375,6375,6375,6375,0
2022-07-01 12:33:00,6375,6375,6375,6375,0
2022-07-01 12:34:00,6375,6375,6375,6375,0
2022-07-01 12:35:00,6375,6375,6375,6375,0
2022-07-01 12:36:00,6375,6375,6375,6375,0
2022-07-01 12:37:00,6375,6375,6375,6375,0
2022-07-01 12:38:00,6375,6375,6375,6375,0
2022-07-01 12:39:00,6375,6375,6375,6375,0
2022-07-01 12:40:00,6375,6375,6375,6375,0
2022-07-01 12:41:00,6375,6375,6375,6375,0
2022-07-01 12:42:00,6375,6375,6375,6375,0
2022-07-01 12:43:00,6375,6375,6375,6375,0
2022-07-01 12:44:00,6375,6375,6375,6375,0
2022-07-01 12:45:00,6375,6375,6375,6375,0
2022-07-01 12:46:00,6375,6375,6375,6375,0
2022-07-01 12:47:00,6375,6375,6375,6375,0
2022-07-01 12:48:00,6375,6375,6375,6375,0
2022-07-01 12:49:00,6375,6375,6375,6375,0
2022-07-01 12:50:00,6375,6375,6375,6375,0
2022-07-01 12:51:00,6375,6375,6375,6375,0
2022-07-01 12:52:00,6375,6375,6375,6375,0
2022-07-01 12:53:00,6375,6375,6375,6375,0
2022-07-01 12:54:00,6375,6375,6375,6375,0
2022-07-01 12:55:00,6375,6375,6375,6375,0
2022-07-01 12:56:00,6375,6375,6375,6375,0
2022-07-01 12:57:00,6375,6375,6375,6375,0
2022-07-01 12:58:00,6375,6375,6375,6375,0
2022-07-01 12:59:00,6375,6375,6375,6375,0
2022-07-01 13:00:00,6375,6375,6375,6375,0
2022-07-01 13:01:00,6375,6375,6375,6375,0
2022-07-01 13:02:00,6375,6375,6375,6375,0
2022-07-01 13:03:00,6375,6375,6375,6375,0
2022-07-01 13:04:00,6375,6375,6375,6375,0
2022-07-01 13:05:00,6375,6375,6375,6375,0
2022-07-01 13:06:00,6375,6375,6375,6375,0
2022-07-01 13:07:00,6375,6375,6375,6375,0
2022-07-01 13:08:00,6375,6375,6375,6375,0
2022-07-01 13:09:00,6375,6375,6375,6375,0
2022-07-01 13:10:00,6375,6375,6375,6375,0
2022-07-01 13:11:00,6375,6375,6375,6375,0
2022-07-01 13:12:00,6375,6375,6375,6375,0
2022-07-01 13:13:00,6375,6375,6375,6375,0
2022-07-01 13:14:00,6375,6375,6375,6375,0
2022-07-01 13:15:00,6375,6375,6375,6375,0
2022-07-01 13:16:00,6375,6375,6375,6375,0
2022-07-01 13:17:00,6375,6375,6375,6375,0
2022-07-01 13:18:00,6375,6375,6375,6375,0
2022-07-01 13:19:00,6375,6375,6375,6375,0
2022-07-01 13:20:00,6375,6375,6375,6375,0
2022-07-01 13:21:00,6375,6375,6375,6375,0
2022-07-01 13:22:00,6375,6375,6375,6375,0
2022-07-01 13:23:00,6375,6375,6375,6375,0
2022-07-01 13:24:00,6375,6375,6375,6375,0
2022-07-01 13:25:00,6375,6375,6375,6375,0
2022-07-01 13:26:00,6375,6375,6375,6375,0
2022-07-01 13:27:00,6375,6375,6375,6375,0
2022-07-01 13:28:00,6375,6375,6375,6375,0
2022-07-01 13:29:00,6375,6375,6375,6375,0
2022-07-01 13:30:00,6375,6375,6400,6400,23500
2022-07-01 13:31:00,6375,6375,6375,6375,600
2022-07-01 13:32:00,6375,6375,6375,6375,12300
2022-07-01 13:33:00,6375,6375,6400,6375,4600
2022-07-01 13:34:00,6375,6375,6375,6375,11000
2022-07-01 13:35:00,6375,6375,6400,6400,3100
2022-07-01 13:36:00,6400,6375,6400,6375,2000
2022-07-01 13:37:00,6400,6375,6400,6375,0
2022-07-01 13:38:00,6400,6375,6400,6375,0
2022-07-01 13:39:00,6375,6375,6375,6375,41100
2022-07-01 13:40:00,6375,6375,6375,6375,0
2022-07-01 13:41:00,6375,6375,6375,6375,0
2022-07-01 13:42:00,6375,6375,6375,6375,0
2022-07-01 13:43:00,6375,6375,6375,6375,0
2022-07-01 13:44:00,6375,6375,6375,6375,5700
2022-07-01 13:45:00,6375,6375,6400,6400,0
2022-07-01 13:46:00,6375,6375,6400,6375,11600
2022-07-01 13:47:00,6400,6375,6400,6375,27800
2022-07-01 13:48:00,6375,6375,6375,6375,17800
2022-07-01 13:49:00,6400,6375,6400,6375,95900
2022-07-01 13:50:00,6375,6375,6400,6375,3400
2022-07-01 13:51:00,6375,6375,6375,6375,9200
2022-07-01 13:52:00,6375,6375,6375,6375,3700
2022-07-01 13:53:00,6375,6375,6375,6375,0
2022-07-01 13:54:00,6375,6375,6375,6375,84200
2022-07-01 13:55:00,6375,6350,6375,6350,7600
2022-07-01 13:56:00,6350,6350,6375,6375,16300
2022-07-01 13:57:00,6375,6375,6375,6375,54000
2022-07-01 13:58:00,6375,6375,6400,6400,0
2022-07-01 13:59:00,6375,6375,6375,6375,2500
2022-07-01 14:00:00,6375,6375,6375,6375,0
2022-07-01 14:01:00,6375,6375,6400,6400,28600
2022-07-01 14:02:00,6375,6375,6375,6375,8200
2022-07-01 14:03:00,6400,6400,6400,6400,0
2022-07-01 14:04:00,6400,6400,6400,6400,8100
2022-07-01 14:05:00,6375,6375,6375,6375,0
2022-07-01 14:06:00,6375,6375,6375,6375,18200
2022-07-01 14:07:00,6375,6375,6375,6375,0
2022-07-01 14:08:00,6375,6375,6375,6375,34500
2022-07-01 14:09:00,6375,6375,6375,6375,0
2022-07-01 14:10:00,6350,6350,6375,6375,900
2022-07-01 14:11:00,6375,6375,6375,6375,1200
2022-07-01 14:12:00,6375,6350,6375,6350,15500
2022-07-01 14:13:00,6350,6350,6375,6375,13000
2022-07-01 14:14:00,6375,6375,6375,6375,8500
2022-07-01 14:15:00,6375,6375,6375,6375,0
2022-07-01 14:16:00,6350,6350,6375,6375,4600
2022-07-01 14:17:00,6400,6400,6400,6400,14100
2022-07-01 14:18:00,6375,6375,6375,6375,6900
2022-07-01 14:19:00,6375,6375,6375,6375,14500
2022-07-01 14:20:00,6350,6350,6375,6350,5600
2022-07-01 14:21:00,6375,6375,6375,6375,6000
2022-07-01 14:22:00,6375,6375,6375,6375,3500
2022-07-01 14:23:00,6400,6375,6400,6375,100
2022-07-01 14:24:00,6375,6375,6375,6375,10800
2022-07-01 14:25:00,6375,6375,6375,6375,0
2022-07-01 14:26:00,6375,6375,6375,6375,11200
2022-07-01 14:27:00,6375,6375,6375,6375,13900
2022-07-01 14:28:00,6375,6375,6375,6375,16400
2022-07-01 14:29:00,6375,6375,6375,6375,0
2022-07-01 14:30:00,6375,6375,6375,6375,7900
2022-07-01 14:31:00,6375,6375,6375,6375,1100
2022-07-01 14:32:00,6375,6375,6375,6375,1300
2022-07-01 14:33:00,6375,6375,6375,6375,5200
2022-07-01 14:34:00,6375,6375,6375,6375,0
2022-07-01 14:35:00,6375,6375,6375,6375,10200
2022-07-01 14:36:00,6350,6350,6375,6375,13500
2022-07-01 14:37:00,6350,6350,6375,6350,8500
2022-07-01 14:38:00,6350,6350,6375,6375,1100
2022-07-01 14:39:00,6375,6375,6375,6375,2600
2022-07-01 14:40:00,6350,6350,6375,6375,102800
2022-07-01 14:41:00,6350,6350,6375,6375,7100
2022-07-01 14:42:00,6350,6350,6375,6375,10600
2022-07-01 14:43:00,6375,6375,6375,6375,4700
2022-07-01 14:44:00,6375,6350,6375,6375,12900
2022-07-01 14:45:00,6375,6350,6375,6350,13700
2022-07-01 14:46:00,6375,6350,6375,6350,242200
2022-07-01 14:47:00,6350,6350,6375,6375,11600
2022-07-01 14:48:00,6375,6350,6375,6375,186000
2022-07-01 14:49:00,6375,6350,6375,6350,28000
2022-07-01 14:50:00,6375,6350,6375,6350,0
2022-07-01 14:51:00,6375,6350,6375,6350,0
2022-07-01 14:52:00,6375,6350,6375,6350,0
2022-07-01 14:53:00,6375,6350,6375,6350,0
2022-07-01 14:54:00,6375,6350,6375,6350,0
2022-07-01 14:55:00,6375,6350,6375,6350,0
2022-07-01 14:56:00,6375,6350,6375,6350,0
2022-07-01 14:57:00,6375,6350,6375,6350,0
2022-07-01 14:58:00,6375,6350,6375,6350,0
2022-07-01 14:59:00,6375,6350,6375,6350,0
2022-07-01 15:00:00,6375,6350,6375,6350,0
2022-07-01 15:01:00,6350,6350,6350,6350,157300
2022-07-01 15:02:00,6350,6350,6350,6350,0
2022-07-01 15:03:00,6350,6350,6350,6350,1100
2022-07-01 15:04:00,6350,6350,6350,6350,100
2022-07-01 15:05:00,6350,6350,6350,6350,17900
2022-07-01 15:06:00,6350,6350,6350,6350,18900
2022-07-01 15:07:00,6350,6350,6350,6350,9700
2022-07-01 15:08:00,6350,6350,6350,6350,5300
2022-07-01 15:09:00,6350,6350,6350,6350,0
2022-07-01 15:10:00,6350,6350,6350,6350,2100
2022-07-01 15:11:00,6350,6350,6350,6350,0
2022-07-01 15:12:00,6350,6350,6350,6350,0
2022-07-01 15:13:00,6350,6350,6350,6350,3300
2022-07-01 15:14:00,6350,6350,6350,6350,2300
2022-07-01 15:15:00,6350,6350,6350,6350,0
2022-07-01 15:16:00,6350,6350,6350,6350,0
2022-07-01 15:17:00,6350,6350,6350,6350,0
2022-07-01 15:18:00,6350,6350,6350,6350,0
2022-07-01 15:19:00,6350,6350,6350,6350,0
2022-07-01 15:20:00,6350,6350,6350,6350,0
2022-07-01 15:21:00,6350,6350,6350,6350,0
2022-07-01 15:22:00,6350,6350,6350,6350,0
2022-07-01 15:23:00,6350,6350,6350,6350,0
2022-07-01 15:24:00,6350,6350,6350,6350,0
2022-07-01 15:25:00,6350,6350,6350,6350,0
2022-07-01 15:26:00,6350,6350,6350,6350,0
2022-07-01 15:27:00,6350,6350,6350,6350,0
2022-07-01 15:28:00,6350,6350,6350,6350,0
2022-07-01 15:29:00,6350,6350,6350,6350,0
2022-07-01 15:30:00,6350,6350,6350,6350,0
2022-07-01 15:31:00,6350,6350,6350,6350,0
2022-07-01 15:32:00,6350,6350,6350,6350,0
2022-07-01 15:33:00,6350,6350,6350,6350,0
2022-07-01 15:34:00,6350,6350,6350,6350,0
2022-07-01 15:35:00,6350,6350,6350,6350,0
2022-07-01 15:36:00,6350,6350,6350,6350,0
2022-07-01 15:37:00,6350,6350,6350,6350,0
2022-07-01 15:38:00,6350,6350,6350,6350,0
2022-07-01 15:39:00,6350,6350,6350,6350,0
2022-07-01 15:40:00,6350,6350,6350,6350,0
2022-07-01 15:41:00,6350,6350,6350,6350,0
2022-07-01 15:42:00,6350,6350,6350,6350,0
2022-07-01 15:43:00,6350,6350,6350,6350,0
2022-07-01 15:44:00,6350,6350,6350,6350,0
2022-07-01 15:45:00,6350,6350,6350,6350,0
2022-07-01 15:46:00,6350,6350,6350,6350,0
2022-07-01 15:47:00,6350,6350,6350,6350,0
2022-07-01 15:48:00,6350,6350,6350,6350,0
2022-07-01 15:49:00,6350,6350,6350,6350,0
2022-07-01 15:50:00,6350,6350,6350,6350,0
2022-07-01 15:51:00,6350,6350,6350,6350,0
2022-07-01 15:52:00,6350,6350,6350,6350,0
2022-07-01 15:53:00,6350,6350,6350,6350,0
2022-07-01 15:54:00,6350,6350,6350,6350,0
2022-07-01 15:55:00,6350,6350,6350,6350,0
2022-07-01 15:56:00,6350,6350,6350,6350,0
2022-07-01 15:57:00,6350,6350,6350,6350,0
2022-07-01 15:58:00,6350,6350,6350,6350,0
2022-07-01 15:59:00,6350,6350,6350,6350,0
2022-07-04 09:00:00,6375,6375,6400,6375,2800
2022-07-04 09:01:00,6375,6375,6375,6375,1700
2022-07-04 09:02:00,6400,6400,6400,6400,3200
2022-07-04 09:03:00,6375,6375,6375,6375,0
2022-07-04 09:04:00,6400,6375,6400,6400,4100
2022-07-04 09:05:00,6375,6375,6400,6375,2700
2022-07-04 09:06:00,6375,6375,6375,6375,7300
2022-07-04 09:07:00,6375,6375,6400,6400,10100
2022-07-04 09:08:00,6400,6400,6400,6400,36200
2022-07-04 09:09:00,6400,6400,6400,6400,0
2022-07-04 09:10:00,6400,6400,6400,6400,2800
2022-07-04 09:11:00,6400,6400,6400,6400,200
2022-07-04 09:12:00,6400,6400,6400,6400,1000
2022-07-04 09:13:00,6400,6400,6400,6400,500
2022-07-04 09:14:00,6400,6400,6400,6400,1100
2022-07-04 09:15:00,6400,6400,6400,6400,5700
2022-07-04 09:16:00,6375,6375,6400,6375,8300
2022-07-04 09:17:00,6375,6375,6375,6375,5500
2022-07-04 09:18:00,6375,6375,6375,6375,800
2022-07-04 09:19:00,6375,6375,6400,6400,49300
2022-07-04 09:20:00,6400,6375,6400,6375,98300
2022-07-04 09:21:00,6375,6375,6400,6375,2900
2022-07-04 09:22:00,6375,6375,6375,6375,3200
2022-07-04 09:23:00,6375,6375,6375,6375,18500
2022-07-04 09:24:00,6375,6350,6375,6350,13500
2022-07-04 09:25:00,6350,6350,6350,6350,1500
2022-07-04 09:26:00,6350,6325,6350,6325,87400
2022-07-04 09:27:00,6325,6250,6325,6275,189500
2022-07-04 09:28:00,6275,6250,6300,6275,56600
2022-07-04 09:29:00,6275,6275,6300,6275,11700
2022-07-04 09:30:00,6300,6250,6300,6275,144500
2022-07-04 09:31:00,6275,6275,6275,6275,11900
2022-07-04 09:32:00,6275,6275,6275,6275,16500
2022-07-04 09:33:00,6275,6275,6300,6275,35500
2022-07-04 09:34:00,6275,6275,6275,6275,12100
2022-07-04 09:35:00,6275,6275,6275,6275,24100
2022-07-04 09:36:00,6275,6250,6275,6250,4600
2022-07-04 09:37:00,6250,6250,6250,6250,11600
2022-07-04 09:38:00,6250,6250,6250,6250,92700
2022-07-04 09:39:00,6250,6250,6275,6250,61000
2022-07-04 09:40:00,6250,6225,6250,6225,184300
2022-07-04 09:41:00,6275,6250,6275,6250,13900
2022-07-04 09:42:00,6250,6225,6250,6250,16900
2022-07-04 09:43:00,6225,6225,6250,6250,3600
2022-07-04 09:44:00,6225,6225,6225,6225,9200
2022-07-04 09:45:00,6225,6225,6250,6250,14400
2022-07-04 09:46:00,6250,6225,6250,6250,22600
2022-07-04 09:47:00,6250,6225,6250,6225,11500
2022-07-04 09:48:00,6250,6250,6250,6250,0
2022-07-04 09:49:00,6250,6225,6250,6250,7200
2022-07-04 09:50:00,6225,6225,6225,6225,3000
2022-07-04 09:51:00,6225,6225,6275,6275,65600
2022-07-04 09:52:00,6275,6250,6275,6250,50300
2022-07-04 09:53:00,6250,6250,6275,6275,0
2022-07-04 09:54:00,6250,6250,6275,6275,4300
2022-07-04 09:55:00,6275,6250,6275,6250,8700
2022-07-04 09:56:00,6250,6225,6250,6225,52600
2022-07-04 09:57:00,6225,6225,6250,6250,6500
2022-07-04 09:58:00,6250,6225,6250,6225,109600
2022-07-04 09:59:00,6225,6225,6250,6250,11900
2022-07-04 10:00:00,6225,6225,6225,6225,12700
2022-07-04 10:01:00,6225,6225,6225,6225,128600
2022-07-04 10:02:00,6225,6225,6225,6225,0
2022-07-04 10:03:00,6225,6225,6250,6225,21700
2022-07-04 10:04:00,6250,6225,6250,6225,71700
2022-07-04 10:05:00,6225,6225,6225,6225,7600
2022-07-04 10:06:00,6225,6225,6225,6225,112300
2022-07-04 10:07:00,6225,6225,6225,6225,28800
2022-07-04 10:08:00,6225,6225,6250,6225,5600
2022-07-04 10:09:00,6225,6225,6225,6225,3200
2022-07-04 10:10:00,6225,6225,6250,6250,8000
2022-07-04 10:11:00,6250,6250,6250,6250,5300
2022-07-04 10:12:00,6225,6225,6225,6225,6200
2022-07-04 10:13:00,6250,6225,6250,6225,25200
2022-07-04 10:14:00,6225,6225,6225,6225,24700
2022-07-04 10:15:00,6225,6225,6225,6225,3000
2022-07-04 10:16:00,6250,6225,6250,6225,33700
2022-07-04 10:17:00,6250,6225,6250,6225,28900
2022-07-04 10:18:00,6250,6225,6250,6225,18500
2022-07-04 10:19:00,6225,6225,6225,6225,12000
2022-07-04 10:20:00,6225,6225,6225,6225,41900
2022-07-04 10:21:00,6225,6225,6250,6225,40300
2022-07-04 10:22:00,6225,6225,6225,6225,7900
2022-07-04 10:23:00,6250,6225,6250,6225,6900
2022-07-04 10:24:00,6250,6225,6250,6225,13900
2022-07-04 10:25:00,6250,6225,6250,6225,1600
2022-07-04 10:26:00,6225,6225,6250,6225,1700
2022-07-04 10:27:00,6250,6250,6250,6250,4600
2022-07-04 10:28:00,6250,6225,6250,6225,15100
2022-07-04 10:29:00,6225,6225,6225,6225,4800
2022-07-04 10:30:00,6250,6225,6250,6225,29300
2022-07-04 10:31:00,6250,6225,6250,6225,0
2022-07-04 10:32:00,6225,6225,6250,6250,6000
2022-07-04 10:33:00,6225,6225,6250,6225,17900
2022-07-04 10:34:00,6250,6250,6250,6250,26000
2022-07-04 10:35:00,6250,6250,6250,6250,147700
2022-07-04 10:36:00,6250,6250,6250,6250,3100
2022-07-04 10:37:00,6275,6275,6275,6275,31400
2022-07-04 10:38:00,6300,6275,6300,6275,900
2022-07-04 10:39:00,6275,6275,6275,6275,700
2022-07-04 10:40:00,6275,6275,6275,6275,3500
2022-07-04 10:41:00,6300,6300,6300,6300,1000
2022-07-04 10:42:00,6300,6275,6300,6275,7300
2022-07-04 10:43:00,6275,6275,6275,6275,22800
2022-07-04 10:44:00,6275,6250,6275,6250,4500
2022-07-04 10:45:00,6275,6250,6275,6275,2100
2022-07-04 10:46:00,6275,6275,6275,6275,3300
2022-07-04 10:47:00,6275,6275,6275,6275,0
2022-07-04 10:48:00,6275,6250,6275,6250,45400
2022-07-04 10:49:00,6250,6250,6275,6275,10700
2022-07-04 10:50:00,6250,6250,6250,6250,100
2022-07-04 10:51:00,6250,6250,6250,6250,3400
2022-07-04 10:52:00,6250,6250,6250,6250,24300
2022-07-04 10:53:00,6250,6250,6250,6250,20600
2022-07-04 10:54:00,6225,6225,6275,6275,300
2022-07-04 10:55:00,6275,6275,6275,6275,200
2022-07-04 10:56:00,6275,6250,6275,6250,4000
2022-07-04 10:57:00,6250,6250,6275,6275,17400
2022-07-04 10:58:00,6250,6250,6250,6250,1500
2022-07-04 10:59:00,6250,6250,6250,6250,4200
2022-07-04 11:00:00,6250,6250,6250,6250,8300
2022-07-04 11:01:00,6250,6250,6250,6250,0
2022-07-04 11:02:00,6250,6250,6250,6250,100
2022-07-04 11:03:00,6250,6250,6250,6250,1300
2022-07-04 11:04:00,6275,6275,6275,6275,300
2022-07-04 11:05:00,6275,6275,6275,6275,49400
2022-07-04 11:06:00,6275,6275,6275,6275,1200
2022-07-04 11:07:00,6275,6275,6275,6275,0
2022-07-04 11:08:00,6275,6275,6275,6275,4800
2022-07-04 11:09:00,6275,6275,6275,6275,0
2022-07-04 11:10:00,6275,6275,6275,6275,2600
2022-07-04 11:11:00,6300,6300,6300,6300,1800
2022-07-04 11:12:00,6275,6275,6275,6275,1300
2022-07-04 11:13:00,6300,6300,6300,6300,2100
2022-07-04 11:14:00,6300,6300,6300,6300,48600
2022-07-04 11:15:00,6300,6300,6300,6300,0
2022-07-04 11:16:00,6300,6300,6325,6325,2600
2022-07-04 11:17:00,6325,6325,6325,6325,0
2022-07-04 11:18:00,6325,6300,6325,6300,18600
2022-07-04 11:19:00,6325,6300,6325,6300,0
2022-07-04 11:20:00,6300,6300,6300,6300,800
2022-07-04 11:21:00,6300,6300,6300,6300,49600
2022-07-04 11:22:00,6300,6300,6300,6300,15700
2022-07-04 11:23:00,6300,6300,6300,6300,2300
2022-07-04 11:24:00,6300,6300,6300,6300,0
2022-07-04 11:25:00,6300,6275,6300,6275,1200
2022-07-04 11:26:00,6300,6300,6300,6300,700
2022-07-04 11:27:00,6300,6300,6300,6300,2900
2022-07-04 11:28:00,6300,6300,6300,6300,0
2022-07-04 11:29:00,6275,6275,6275,6275,0
2022-07-04 11:30:00,6275,6275,6275,6275,0
2022-07-04 11:31:00,6275,6275,6275,6275,0
2022-07-04 11:32:00,6275,6275,6275,6275,0
2022-07-04 11:33:00,6275,6275,6275,6275,0
2022-07-04 11:34:00,6275,6275,6275,6275,0
2022-07-04 11:35:00,6275,6275,6275,6275,0
2022-07-04 11:36:00,6275,6275,6275,6275,0
2022-07-04 11:37:00,6275,6275,6275,6275,0
2022-07-04 11:38:00,6275,6275,6275,6275,0
2022-07-04 11:39:00,6275,6275,6275,6275,0
2022-07-04 11:40:00,6275,6275,6275,6275,0
2022-07-04 11:41:00,6275,6275,6275,6275,0
2022-07-04 11:42:00,6275,6275,6275,6275,0
2022-07-04 11:43:00,6275,6275,6275,6275,0
2022-07-04 11:44:00,6275,6275,6275,6275,0
2022-07-04 11:45:00,6275,6275,6275,6275,0
2022-07-04 11:46:00,6275,6275,6275,6275,0
2022-07-04 11:47:00,6275,6275,6275,6275,0
2022-07-04 11:48:00,6275,6275,6275,6275,0
2022-07-04 11:49:00,6275,6275,6275,6275,0
2022-07-04 11:50:00,6275,6275,6275,6275,0
2022-07-04 11:51:00,6275,6275,6275,6275,0
2022-07-04 11:52:00,6275,6275,6275,6275,0
2022-07-04 11:53:00,6275,6275,6275,6275,0
2022-07-04 11:54:00,6275,6275,6275,6275,0
2022-07-04 11:55:00,6275,6275,6275,6275,0
2022-07-04 11:56:00,6275,6275,6275,6275,0
2022-07-04 11:57:00,6275,6275,6275,6275,0
2022-07-04 11:58:00,6275,6275,6275,6275,0
2022-07-04 11:59:00,6275,6275,6275,6275,0
2022-07-04 12:00:00,6275,6275,6275,6275,0
2022-07-04 12:01:00,6275,6275,6275,6275,0
2022-07-04 12:02:00,6275,6275,6275,6275,0
2022-07-04 12:03:00,6275,6275,6275,6275,0
2022-07-04 12:04:00,6275,6275,6275,6275,0
2022-07-04 12:05:00,6275,6275,6275,6275,0
2022-07-04 12:06:00,6275,6275,6275,6275,0
2022-07-04 12:07:00,6275,6275,6275,6275,0
2022-07-04 12:08:00,6275,6275,6275,6275,0
2022-07-04 12:09:00,6275,6275,6275,6275,0
2022-07-04 12:10:00,6275,6275,6275,6275,0
2022-07-04 12:11:00,6275,6275,6275,6275,0
2022-07-04 12:12:00,6275,6275,6275,6275,0
2022-07-04 12:13:00,6275,6275,6275,6275,0
2022-07-04 12:14:00,6275,6275,6275,6275,0
2022-07-04 12:15:00,6275,6275,6275,6275,0
2022-07-04 12:16:00,6275,6275,6275,6275,0
2022-07-04 12:17:00,6275,6275,6275,6275,0
2022-07-04 12:18:00,6275,6275,6275,6275,0
2022-07-04 12:19:00,6275,6275,6275,6275,0
2022-07-04 12:20:00,6275,6275,6275,6275,0
2022-07-04 12:21:00,6275,6275,6275,6275,0
2022-07-04 12:22:00,6275,6275,6275,6275,0
2022-07-04 12:23:00,6275,6275,6275,6275,0
2022-07-04 12:24:00,6275,6275,6275,6275,0
2022-07-04 12:25:00,6275,6275,6275,6275,0
2022-07-04 12:26:00,6275,6275,6275,6275,0
2022-07-04 12:27:00,6275,6275,6275,6275,0
2022-07-04 12:28:00,6275,6275,6275,6275,0
2022-07-04 12:29:00,6275,6275,6275,6275,0
2022-07-04 12:30:00,6275,6275,6275,6275,0
2022-07-04 12:31:00,6275,6275,6275,6275,0
2022-07-04 12:32:00,6275,6275,6275,6275,0
2022-07-04 12:33:00,6275,6275,6275,6275,0
2022-07-04 12:34:00,6275,6275,6275,6275,0
2022-07-04 12:35:00,6275,6275,6275,6275,0
2022-07-04 12:36:00,6275,6275,6275,6275,0
2022-07-04 12:37:00,6275,6275,6275,6275,0
2022-07-04 12:38:00,6275,6275,6275,6275,0
2022-07-04 12:39:00,6275,6275,6275,6275,0
2022-07-04 12:40:00,6275,6275,6275,6275,0
2022-07-04 12:41:00,6275,6275,6275,6275,0
2022-07-04 12:42:00,6275,6275,6275,6275,0
2022-07-04 12:43:00,6275,6275,6275,6275,0
2022-07-04 12:44:00,6275,6275,6275,6275,0
2022-07-04 12:45:00,6275,6275,6275,6275,0
2022-07-04 12:46:00,6275,6275,6275,6275,0
2022-07-04 12:47:00,6275,6275,6275,6275,0
2022-07-04 12:48:00,6275,6275,6275,6275,0
2022-07-04 12:49:00,6275,6275,6275,6275,0
2022-07-04 12:50:00,6275,6275,6275,6275,0
2022-07-04 12:51:00,6275,6275,6275,6275,0
2022-07-04 12:52:00,6275,6275,6275,6275,0
2022-07-04 12:53:00,6275,6275,6275,6275,0
2022-07-04 12:54:00,6275,6275,6275,6275,0
2022-07-04 12:55:00,6275,6275,6275,6275,0
2022-07-04 12:56:00,6275,6275,6275,6275,0
2022-07-04 12:57:00,6275,6275,6275,6275,0
2022-07-04 12:58:00,6275,6275,6275,6275,0
2022-07-04 12:59:00,6275,6275,6275,6275,0
2022-07-04 13:00:00,6275,6275,6275,6275,0
2022-07-04 13:01:00,6275,6275,6275,6275,0
2022-07-04 13:02:00,6275,6275,6275,6275,0
2022-07-04 13:03:00,6275,6275,6275,6275,0
2022-07-04 13:04:00,6275,6275,6275,6275,0
2022-07-04 13:05:00,6275,6275,6275,6275,0
2022-07-04 13:06:00,6275,6275,6275,6275,0
2022-07-04 13:07:00,6275,6275,6275,6275,0
2022-07-04 13:08:00,6275,6275,6275,6275,0
2022-07-04 13:09:00,6275,6275,6275,6275,0
2022-07-04 13:10:00,6275,6275,6275,6275,0
2022-07-04 13:11:00,6275,6275,6275,6275,0
2022-07-04 13:12:00,6275,6275,6275,6275,0
2022-07-04 13:13:00,6275,6275,6275,6275,0
2022-07-04 13:14:00,6275,6275,6275,6275,0
2022-07-04 13:15:00,6275,6275,6275,6275,0
2022-07-04 13:16:00,6275,6275,6275,6275,0
2022-07-04 13:17:00,6275,6275,6275,6275,0
2022-07-04 13:18:00,6275,6275,6275,6275,0
2022-07-04 13:19:00,6275,6275,6275,6275,0
2022-07-04 13:20:00,6275,6275,6275,6275,0
2022-07-04 13:21:00,6275,6275,6275,6275,0
2022-07-04 13:22:00,6275,6275,6275,6275,0
2022-07-04 13:23:00,6275,6275,6275,6275,0
2022-07-04 13:24:00,6275,6275,6275,6275,0
2022-07-04 13:25:00,6275,6275,6275,6275,0
2022-07-04 13:26:00,6275,6275,6275,6275,0
2022-07-04 13:27:00,6275,6275,6275,6275,0
2022-07-04 13:28:00,6275,6275,6275,6275,0
2022-07-04 13:29:00,6275,6275,6275,6275,0
2022-07-04 13:30:00,6325,6275,6325,6300,11200
2022-07-04 13:31:00,6325,6275,6325,6300,0
2022-07-04 13:32:00,6300,6300,6300,6300,5700
2022-07-04 13:33:00,6300,6275,6300,6300,2700
2022-07-04 13:34:00,6300,6275,6300,6275,9100
2022-07-04 13:35:00,6300,6300,6300,6300,4900
2022-07-04 13:36:00,6300,6300,6300,6300,0
2022-07-04 13:37:00,6275,6275,6275,6275,1000
2022-07-04 13:38:00,6300,6300,6300,6300,13100
2022-07-04 13:39:00,6300,6300,6300,6300,28600
2022-07-04 13:40:00,6300,6300,6300,6300,6000
2022-07-04 13:41:00,6300,6300,6300,6300,2800
2022-07-04 13:42:00,6300,6300,6300,6300,0
2022-07-04 13:43:00,6300,6300,6300,6300,900
2022-07-04 13:44:00,6300,6300,6300,6300,0
2022-07-04 13:45:00,6300,6300,6300,6300,0
2022-07-04 13:46:00,6300,6300,6300,6300,2000
2022-07-04 13:47:00,6300,6300,6300,6300,3100
2022-07-04 13:48:00,6300,6300,6300,6300,200
2022-07-04 13:49:00,6300,6300,6300,6300,17300
2022-07-04 13:50:00,6300,6275,6300,6275,34200
2022-07-04 13:51:00,6275,6275,6275,6275,48600
2022-07-04 13:52:00,6275,6275,6275,6275,0
2022-07-04 13:53:00,6275,6275,6275,6275,3200
2022-07-04 13:54:00,6275,6275,6300,6275,900
2022-07-04 13:55:00,6275,6275,6275,6275,10700
2022-07-04 13:56:00,6275,6275,6275,6275,44800
2022-07-04 13:57:00,6275,6275,6275,6275,100
2022-07-04 13:58:00,6275,6275,6275,6275,200
2022-07-04 13:59:00,6275,6250,6275,6275,2500
2022-07-04 14:00:00,6275,6250,6275,6275,0
2022-07-04 14:01:00,6250,6250,6250,6250,500
2022-07-04 14:02:00,6250,6250,6250,6250,200
2022-07-04 14:03:00,6250,6250,6250,6250,0
2022-07-04 14:04:00,6250,6250,6250,6250,0
2022-07-04 14:05:00,6275,6275,6275,6275,5200
2022-07-04 14:06:00,6275,6275,6275,6275,0
2022-07-04 14:07:00,6275,6275,6275,6275,0
2022-07-04 14:08:00,6275,6275,6275,6275,2100
2022-07-04 14:09:00,6275,6275,6275,6275,1600
2022-07-04 14:10:00,6275,6275,6275,6275,7900
2022-07-04 14:11:00,6275,6275,6275,6275,5300
2022-07-04 14:12:00,6250,6250,6250,6250,0
2022-07-04 14:13:00,6275,6250,6275,6275,3100
2022-07-04 14:14:00,6275,6250,6275,6275,0
2022-07-04 14:15:00,6275,6275,6275,6275,500
2022-07-04 14:16:00,6250,6250,6275,6250,52500
2022-07-04 14:17:00,6250,6250,6250,6250,0
2022-07-04 14:18:00,6250,6250,6250,6250,200
2022-07-04 14:19:00,6250,6250,6275,6275,1500
2022-07-04 14:20:00,6275,6275,6275,6275,0
2022-07-04 14:21:00,6275,6275,6275,6275,700
2022-07-04 14:22:00,6275,6250,6275,6250,1500
2022-07-04 14:23:00,6250,6250,6275,6275,11900
2022-07-04 14:24:00,6275,6275,6275,6275,3600
2022-07-04 14:25:00,6275,6275,6275,6275,0
2022-07-04 14:26:00,6275,6275,6275,6275,0
2022-07-04 14:27:00,6275,6250,6275,6275,7000
2022-07-04 14:28:00,6275,6250,6275,6275,0
2022-07-04 14:29:00,6275,6275,6275,6275,900
2022-07-04 14:30:00,6275,6275,6275,6275,3100
2022-07-04 14:31:00,6250,6250,6275,6275,2100
2022-07-04 14:32:00,6250,6250,6275,6275,0
2022-07-04 14:33:00,6275,6275,6275,6275,0
2022-07-04 14:34:00,6275,6250,6275,6275,5500
2022-07-04 14:35:00,6275,6250,6275,6275,0
2022-07-04 14:36:00,6275,6250,6275,6250,10900
2022-07-04 14:37:00,6250,6250,6275,6275,2700
2022-07-04 14:38:00,6250,6250,6250,6250,42300
2022-07-04 14:39:00,6250,6250,6275,6275,1600
2022-07-04 14:40:00,6275,6250,6275,6250,3100
2022-07-04 14:41:00,6250,6250,6250,6250,5600
2022-07-04 14:42:00,6250,6250,6250,6250,4700
2022-07-04 14:43:00,6250,6250,6275,6275,31900
2022-07-04 14:44:00,6250,6250,6250,6250,8400
2022-07-04 14:45:00,6250,6250,6275,6275,109800
2022-07-04 14:46:00,6275,6250,6275,6250,31500
2022-07-04 14:47:00,6250,6250,6275,6275,9600
2022-07-04 14:48:00,6275,6250,6275,6250,13100
2022-07-04 14:49:00,6250,6250,6275,6275,13900
2022-07-04 14:50:00,6250,6250,6275,6275,0
2022-07-04 14:51:00,6250,6250,6275,6275,0
2022-07-04 14:52:00,6250,6250,6275,6275,0
2022-07-04 14:53:00,6250,6250,6275,6275,0
2022-07-04 14:54:00,6250,6250,6275,6275,0
2022-07-04 14:55:00,6250,6250,6275,6275,0
2022-07-04 14:56:00,6250,6250,6275,6275,0
2022-07-04 14:57:00,6250,6250,6275,6275,0
2022-07-04 14:58:00,6250,6250,6275,6275,0
2022-07-04 14:59:00,6250,6250,6275,6275,0
2022-07-04 15:00:00,6275,6275,6275,6275,34100
2022-07-04 15:01:00,6275,6275,6275,6275,0
2022-07-04 15:02:00,6275,6275,6275,6275,1700
2022-07-04 15:03:00,6275,6275,6275,6275,14300
2022-07-04 15:04:00,6275,6275,6275,6275,0
2022-07-04 15:05:00,6275,6275,6275,6275,1300
2022-07-04 15:06:00,6275,6275,6275,6275,0
2022-07-04 15:07:00,6275,6275,6275,6275,0
2022-07-04 15:08:00,6275,6275,6275,6275,0
2022-07-04 15:09:00,6275,6275,6275,6275,300
2022-07-04 15:10:00,6275,6275,6275,6275,0
2022-07-04 15:11:00,6275,6275,6275,6275,1700
2022-07-04 15:12:00,6275,6275,6275,6275,0
2022-07-04 15:13:00,6275,6275,6275,6275,300
2022-07-04 15:14:00,6275,6275,6275,6275,0
2022-07-04 15:15:00,6275,6275,6275,6275,0
2022-07-04 15:16:00,6275,6275,6275,6275,0
2022-07-04 15:17:00,6275,6275,6275,6275,0
2022-07-04 15:18:00,6275,6275,6275,6275,0
2022-07-04 15:19:00,6275,6275,6275,6275,0
2022-07-04 15:20:00,6275,6275,6275,6275,0
2022-07-04 15:21:00,6275,6275,6275,6275,0
2022-07-04 15:22:00,6275,6275,6275,6275,0
2022-07-04 15:23:00,6275,6275,6275,6275,0
2022-07-04 15:24:00,6275,6275,6275,6275,0
2022-07-04 15:25:00,6275,6275,6275,6275,0
2022-07-04 15:26:00,6275,6275,6275,6275,0
2022-07-04 15:27:00,6275,6275,6275,6275,0
2022-07-04 15:28:00,6275,6275,6275,6275,0
2022-07-04 15:29:00,6275,6275,6275,6275,0
2022-07-04 15:30:00,6275,6275,6275,6275,0
2022-07-04 15:31:00,6275,6275,6275,6275,0
2022-07-04 15:32:00,6275,6275,6275,6275,0
2022-07-04 15:33:00,6275,6275,6275,6275,0
2022-07-04 15:34:00,6275,6275,6275,6275,0
2022-07-04 15:35:00,6275,6275,6275,6275,3714200
2022-07-04 15:36:00,6275,6275,6275,6275,0
2022-07-04 15:37:00,6275,6275,6275,6275,0
2022-07-04 15:38:00,6275,6275,6275,6275,0
2022-07-04 15:39:00,6275,6275,6275,6275,0
2022-07-04 15:40:00,6275,6275,6275,6275,0
2022-07-04 15:41:00,6275,6275,6275,6275,0
2022-07-04 15:42:00,6275,6275,6275,6275,0
2022-07-04 15:43:00,6275,6275,6275,6275,0
2022-07-04 15:44:00,6275,6275,6275,6275,0
2022-07-04 15:45:00,6275,6275,6275,6275,0
2022-07-04 15:46:00,6275,6275,6275,6275,0
2022-07-04 15:47:00,6275,6275,6275,6275,0
2022-07-04 15:48:00,6275,6275,6275,6275,0
2022-07-04 15:49:00,6275,6275,6275,6275,0
2022-07-04 15:50:00,6275,6275,6275,6275,0
2022-07-04 15:51:00,6275,6275,6275,6275,0
2022-07-04 15:52:00,6275,6275,6275,6275,0
2022-07-04 15:53:00,6275,6275,6275,6275,0
2022-07-04 15:54:00,6275,6275,6275,6275,0
2022-07-04 15:55:00,6275,6275,6275,6275,0
2022-07-04 15:56:00,6275,6275,6275,6275,0
2022-07-04 15:57:00,6275,6275,6275,6275,0
2022-07-04 15:58:00,6275,6275,6275,6275,0
2022-07-04 15:59:00,6275,6275,6275,6275,0
2022-07-05 09:00:00,6300,6300,6300,6300,0
2022-07-05 09:01:00,6300,6300,6300,6300,0
2022-07-05 09:02:00,6325,6325,6325,6325,400
2022-07-05 09:03:00,6325,6325,6325,6325,1400
2022-07-05 09:04:00,6275,6275,6300,6275,18700
2022-07-05 09:05:00,6300,6300,6325,6300,11100
2022-07-05 09:06:00,6300,6300,6300,6300,0
2022-07-05 09:07:00,6275,6275,6275,6275,14500
2022-07-05 09:08:00,6300,6275,6300,6300,5100
2022-07-05 09:09:00,6300,6275,6300,6300,0
2022-07-05 09:10:00,6300,6300,6325,6325,200
2022-07-05 09:11:00,6325,6325,6325,6325,600
2022-07-05 09:12:00,6325,6325,6325,6325,0
2022-07-05 09:13:00,6325,6325,6325,6325,100
2022-07-05 09:14:00,6325,6325,6325,6325,1200
2022-07-05 09:15:00,6325,6325,6325,6325,0
2022-07-05 09:16:00,6325,6325,6325,6325,0
2022-07-05 09:17:00,6300,6300,6325,6325,21400
2022-07-05 09:18:00,6325,6325,6350,6350,12500
2022-07-05 09:19:00,6300,6300,6300,6300,0
2022-07-05 09:20:00,6325,6325,6350,6350,100
2022-07-05 09:21:00,6325,6325,6325,6325,300
2022-07-05 09:22:00,6325,6325,6325,6325,1000
2022-07-05 09:23:00,6325,6325,6325,6325,1200
2022-07-05 09:24:00,6325,6325,6350,6350,3000
2022-07-05 09:25:00,6350,6350,6350,6350,0
2022-07-05 09:26:00,6350,6350,6350,6350,29700
2022-07-05 09:27:00,6350,6350,6375,6375,4000
2022-07-05 09:28:00,6350,6350,6350,6350,9900
2022-07-05 09:29:00,6350,6350,6350,6350,100
2022-07-05 09:30:00,6350,6350,6350,6350,37100
2022-07-05 09:31:00,6350,6350,6350,6350,22900
2022-07-05 09:32:00,6350,6350,6350,6350,17000
2022-07-05 09:33:00,6350,6350,6350,6350,0
2022-07-05 09:34:00,6350,6350,6350,6350,0
2022-07-05 09:35:00,6350,6350,6350,6350,1500
2022-07-05 09:36:00,6350,6350,6350,6350,31200
2022-07-05 09:37:00,6350,6350,6350,6350,3500
2022-07-05 09:38:00,6350,6350,6350,6350,11000
2022-07-05 09:39:00,6350,6325,6350,6325,0
2022-07-05 09:40:00,6325,6325,6325,6325,11900
2022-07-05 09:41:00,6350,6350,6350,6350,9600
2022-07-05 09:42:00,6350,6350,6350,6350,0
2022-07-05 09:43:00,6350,6350,6350,6350,0
2022-07-05 09:44:00,6350,6350,6350,6350,200
2022-07-05 09:45:00,6325,6325,6325,6325,0
2022-07-05 09:46:00,6325,6325,6325,6325,0
2022-07-05 09:47:00,6350,6350,6350,6350,5000
2022-07-05 09:48:00,6350,6350,6350,6350,0
2022-07-05 09:49:00,6350,6350,6350,6350,0
2022-07-05 09:50:00,6350,6350,6350,6350,0
2022-07-05 09:51:00,6350,6350,6350,6350,500
2022-07-05 09:52:00,6350,6350,6350,6350,5400
2022-07-05 09:53:00,6350,6350,6350,6350,0
2022-07-05 09:54:00,6325,6325,6325,6325,1300
2022-07-05 09:55:00,6325,6325,6325,6325,200
2022-07-05 09:56:00,6325,6325,6325,6325,0
2022-07-05 09:57:00,6325,6325,6325,6325,1000
2022-07-05 09:58:00,6325,6325,6325,6325,4400
2022-07-05 09:59:00,6325,6325,6350,6350,8400
2022-07-05 10:00:00,6325,6325,6350,6350,0
2022-07-05 10:01:00,6325,6325,6350,6350,0
2022-07-05 10:02:00,6350,6350,6350,6350,1200
2022-07-05 10:03:00,6350,6350,6350,6350,0
2022-07-05 10:04:00,6350,6350,6350,6350,0
2022-07-05 10:05:00,6350,6325,6350,6325,100
2022-07-05 10:06:00,6350,6350,6350,6350,600
2022-07-05 10:07:00,6350,6350,6350,6350,0
2022-07-05 10:08:00,6350,6350,6350,6350,1800
2022-07-05 10:09:00,6350,6350,6350,6350,0
2022-07-05 10:10:00,6325,6325,6325,6325,1100
2022-07-05 10:11:00,6325,6325,6325,6325,1200
2022-07-05 10:12:00,6325,6325,6325,6325,1000
2022-07-05 10:13:00,6325,6325,6325,6325,0
2022-07-05 10:14:00,6350,6325,6350,6350,4900
2022-07-05 10:15:00,6325,6325,6350,6350,9000
2022-07-05 10:16:00,6350,6350,6350,6350,0
2022-07-05 10:17:00,6350,6350,6350,6350,4000
2022-07-05 10:18:00,6350,6350,6350,6350,0
2022-07-05 10:19:00,6350,6350,6350,6350,8000
2022-07-05 10:20:00,6325,6325,6325,6325,0
2022-07-05 10:21:00,6350,6350,6350,6350,13500
2022-07-05 10:22:00,6350,6350,6350,6350,0
2022-07-05 10:23:00,6325,6325,6325,6325,0
2022-07-05 10:24:00,6325,6325,6325,6325,0
2022-07-05 10:25:00,6350,6350,6350,6350,0
2022-07-05 10:26:00,6350,6350,6350,6350,100
2022-07-05 10:27:00,6350,6350,6350,6350,600
2022-07-05 10:28:00,6350,6350,6350,6350,0
2022-07-05 10:29:00,6350,6350,6350,6350,100
2022-07-05 10:30:00,6350,6350,6350,6350,0
2022-07-05 10:31:00,6350,6350,6350,6350,0
2022-07-05 10:32:00,6350,6350,6350,6350,0
2022-07-05 10:33:00,6350,6350,6350,6350,0
2022-07-05 10:34:00,6350,6350,6350,6350,0
2022-07-05 10:35:00,6350,6350,6350,6350,0
2022-07-05 10:36:00,6325,6325,6325,6325,1800
2022-07-05 10:37:00,6325,6325,6325,6325,100
2022-07-05 10:38:00,6325,6325,6325,6325,100
2022-07-05 10:39:00,6325,6325,6325,6325,6000
2022-07-05 10:40:00,6350,6350,6350,6350,0
2022-07-05 10:41:00,6350,6350,6350,6350,1200
2022-07-05 10:42:00,6325,6325,6350,6350,100
2022-07-05 10:43:00,6350,6350,6350,6350,0
2022-07-05 10:44:00,6350,6350,6350,6350,0
2022-07-05 10:45:00,6350,6350,6350,6350,0
2022-07-05 10:46:00,6350,6350,6350,6350,0
2022-07-05 10:47:00,6325,6325,6325,6325,1200
2022-07-05 10:48:00,6325,6325,6350,6350,17300
2022-07-05 10:49:00,6350,6350,6350,6350,0
2022-07-05 10:50:00,6350,6350,6350,6350,0
2022-07-05 10:51:00,6350,6350,6350,6350,0
2022-07-05 10:52:00,6350,6350,6350,6350,0
2022-07-05 10:53:00,6350,6350,6350,6350,0
2022-07-05 10:54:00,6350,6350,6350,6350,4100
2022-07-05 10:55:00,6325,6325,6325,6325,1800
2022-07-05 10:56:00,6325,6325,6325,6325,0
2022-07-05 10:57:00,6325,6325,6325,6325,0
2022-07-05 10:58:00,6325,6325,6325,6325,0
2022-07-05 10:59:00,6350,6350,6350,6350,400
2022-07-05 11:00:00,6350,6350,6350,6350,100
2022-07-05 11:01:00,6350,6350,6350,6350,0
2022-07-05 11:02:00,6325,6325,6325,6325,2800
2022-07-05 11:03:00,6325,6325,6325,6325,0
2022-07-05 11:04:00,6325,6325,6325,6325,0
2022-07-05 11:05:00,6325,6325,6325,6325,200
2022-07-05 11:06:00,6325,6325,6325,6325,0
2022-07-05 11:07:00,6350,6350,6350,6350,2500
2022-07-05 11:08:00,6350,6350,6350,6350,900
2022-07-05 11:09:00,6350,6350,6350,6350,1300
2022-07-05 11:10:00,6350,6350,6350,6350,0
2022-07-05 11:11:00,6350,6350,6350,6350,0
2022-07-05 11:12:00,6350,6350,6350,6350,0
2022-07-05 11:13:00,6350,6350,6350,6350,3600
2022-07-05 11:14:00,6325,6325,6325,6325,0
2022-07-05 11:15:00,6325,6325,6325,6325,0
2022-07-05 11:16:00,6325,6325,6325,6325,0
2022-07-05 11:17:00,6325,6325,6325,6325,0
2022-07-05 11:18:00,6350,6350,6350,6350,1200
2022-07-05 11:19:00,6350,6350,6350,6350,1700
2022-07-05 11:20:00,6325,6325,6325,6325,0
2022-07-05 11:21:00,6325,6325,6325,6325,0
2022-07-05 11:22:00,6325,6325,6325,6325,0
2022-07-05 11:23:00,6325,6325,6325,6325,0
2022-07-05 11:24:00,6350,6350,6350,6350,16400
2022-07-05 11:25:00,6350,6350,6350,6350,0
2022-07-05 11:26:00,6350,6350,6350,6350,0
2022-07-05 11:27:00,6350,6350,6350,6350,0
2022-07-05 11:28:00,6325,6325,6325,6325,200
2022-07-05 11:29:00,6325,6325,6325,6325,1200
2022-07-05 11:30:00,6325,6325,6325,6325,0
2022-07-05 11:31:00,6325,6325,6325,6325,0
2022-07-05 11:32:00,6325,6325,6325,6325,0
2022-07-05 11:33:00,6325,6325,6325,6325,0
2022-07-05 11:34:00,6325,6325,6325,6325,0
2022-07-05 11:35:00,6325,6325,6325,6325,0
2022-07-05 11:36:00,6325,6325,6325,6325,0
2022-07-05 11:37:00,6325,6325,6325,6325,0
2022-07-05 11:38:00,6325,6325,6325,6325,0
2022-07-05 11:39:00,6325,6325,6325,6325,0
2022-07-05 11:40:00,6325,6325,6325,6325,0
2022-07-05 11:41:00,6325,6325,6325,6325,0
2022-07-05 11:42:00,6325,6325,6325,6325,0
2022-07-05 11:43:00,6325,6325,6325,6325,0
2022-07-05 11:44:00,6325,6325,6325,6325,0
2022-07-05 11:45:00,6325,6325,6325,6325,0
2022-07-05 11:46:00,6325,6325,6325,6325,0
2022-07-05 11:47:00,6325,6325,6325,6325,0
2022-07-05 11:48:00,6325,6325,6325,6325,0
2022-07-05 11:49:00,6325,6325,6325,6325,0
2022-07-05 11:50:00,6325,6325,6325,6325,0
2022-07-05 11:51:00,6325,6325,6325,6325,0
2022-07-05 11:52:00,6325,6325,6325,6325,0
2022-07-05 11:53:00,6325,6325,6325,6325,0
2022-07-05 11:54:00,6325,6325,6325,6325,0
2022-07-05 11:55:00,6325,6325,6325,6325,0
2022-07-05 11:56:00,6325,6325,6325,6325,0
2022-07-05 11:57:00,6325,6325,6325,6325,0
2022-07-05 11:58:00,6325,6325,6325,6325,0
2022-07-05 11:59:00,6325,6325,6325,6325,0
2022-07-05 12:00:00,6325,6325,6325,6325,0
2022-07-05 12:01:00,6325,6325,6325,6325,0
2022-07-05 12:02:00,6325,6325,6325,6325,0
2022-07-05 12:03:00,6325,6325,6325,6325,0
2022-07-05 12:04:00,6325,6325,6325,6325,0
2022-07-05 12:05:00,6325,6325,6325,6325,0
2022-07-05 12:06:00,6325,6325,6325,6325,0
2022-07-05 12:07:00,6325,6325,6325,6325,0
2022-07-05 12:08:00,6325,6325,6325,6325,0
2022-07-05 12:09:00,6325,6325,6325,6325,0
2022-07-05 12:10:00,6325,6325,6325,6325,0
2022-07-05 12:11:00,6325,6325,6325,6325,0
2022-07-05 12:12:00,6325,6325,6325,6325,0
2022-07-05 12:13:00,6325,6325,6325,6325,0
2022-07-05 12:14:00,6325,6325,6325,6325,0
2022-07-05 12:15:00,6325,6325,6325,6325,0
2022-07-05 12:16:00,6325,6325,6325,6325,0
2022-07-05 12:17:00,6325,6325,6325,6325,0
2022-07-05 12:18:00,6325,6325,6325,6325,0
2022-07-05 12:19:00,6325,6325,6325,6325,0
2022-07-05 12:20:00,6325,6325,6325,6325,0
2022-07-05 12:21:00,6325,6325,6325,6325,0
2022-07-05 12:22:00,6325,6325,6325,6325,0
2022-07-05 12:23:00,6325,6325,6325,6325,0
2022-07-05 12:24:00,6325,6325,6325,6325,0
2022-07-05 12:25:00,6325,6325,6325,6325,0
2022-07-05 12:26:00,6325,6325,6325,6325,0
2022-07-05 12:27:00,6325,6325,6325,6325,0
2022-07-05 12:28:00,6325,6325,6325,6325,0
2022-07-05 12:29:00,6325,6325,6325,6325,0
2022-07-05 12:30:00,6325,6325,6325,6325,0
2022-07-05 12:31:00,6325,6325,6325,6325,0
2022-07-05 12:32:00,6325,6325,6325,6325,0
2022-07-05 12:33:00,6325,6325,6325,6325,0
2022-07-05 12:34:00,6325,6325,6325,6325,0
2022-07-05 12:35:00,6325,6325,6325,6325,0
2022-07-05 12:36:00,6325,6325,6325,6325,0
2022-07-05 12:37:00,6325,6325,6325,6325,0
2022-07-05 12:38:00,6325,6325,6325,6325,0
2022-07-05 12:39:00,6325,6325,6325,6325,0
2022-07-05 12:40:00,6325,6325,6325,6325,0
2022-07-05 12:41:00,6325,6325,6325,6325,0
2022-07-05 12:42:00,6325,6325,6325,6325,0
2022-07-05 12:43:00,6325,6325,6325,6325,0
2022-07-05 12:44:00,6325,6325,6325,6325,0
2022-07-05 12:45:00,6325,6325,6325,6325,0
2022-07-05 12:46:00,6325,6325,6325,6325,0
2022-07-05 12:47:00,6325,6325,6325,6325,0
2022-07-05 12:48:00,6325,6325,6325,6325,0
2022-07-05 12:49:00,6325,6325,6325,6325,0
2022-07-05 12:50:00,6325,6325,6325,6325,0
2022-07-05 12:51:00,6325,6325,6325,6325,0
2022-07-05 12:52:00,6325,6325,6325,6325,0
2022-07-05 12:53:00,6325,6325,6325,6325,0
2022-07-05 12:54:00,6325,6325,6325,6325,0
2022-07-05 12:55:00,6325,6325,6325,6325,0
2022-07-05 12:56:00,6325,6325,6325,6325,0
2022-07-05 12:57:00,6325,6325,6325,6325,0
2022-07-05 12:58:00,6325,6325,6325,6325,0
2022-07-05 12:59:00,6325,6325,6325,6325,0
2022-07-05 13:00:00,6325,6325,6325,6325,0
2022-07-05 13:01:00,6325,6325,6325,6325,0
2022-07-05 13:02:00,6325,6325,6325,6325,0
2022-07-05 13:03:00,6325,6325,6325,6325,0
2022-07-05 13:04:00,6325,6325,6325,6325,0
2022-07-05 13:05:00,6325,6325,6325,6325,0
2022-07-05 13:06:00,6325,6325,6325,6325,0
2022-07-05 13:07:00,6325,6325,6325,6325,0
2022-07-05 13:08:00,6325,6325,6325,6325,0
2022-07-05 13:09:00,6325,6325,6325,6325,0
2022-07-05 13:10:00,6325,6325,6325,6325,0
2022-07-05 13:11:00,6325,6325,6325,6325,0
2022-07-05 13:12:00,6325,6325,6325,6325,0
2022-07-05 13:13:00,6325,6325,6325,6325,0
2022-07-05 13:14:00,6325,6325,6325,6325,0
2022-07-05 13:15:00,6325,6325,6325,6325,0
2022-07-05 13:16:00,6325,6325,6325,6325,0
2022-07-05 13:17:00,6325,6325,6325,6325,0
2022-07-05 13:18:00,6325,6325,6325,6325,0
2022-07-05 13:19:00,6325,6325,6325,6325,0
2022-07-05 13:20:00,6325,6325,6325,6325,0
2022-07-05 13:21:00,6325,6325,6325,6325,0
2022-07-05 13:22:00,6325,6325,6325,6325,0
2022-07-05 13:23:00,6325,6325,6325,6325,0
2022-07-05 13:24:00,6325,6325,6325,6325,0
2022-07-05 13:25:00,6325,6325,6325,6325,0
2022-07-05 13:26:00,6325,6325,6325,6325,0
2022-07-05 13:27:00,6325,6325,6325,6325,0
2022-07-05 13:28:00,6325,6325,6325,6325,0
2022-07-05 13:29:00,6325,6325,6325,6325,0
2022-07-05 13:30:00,6325,6325,6350,6350,15100
2022-07-05 13:31:00,6325,6325,6350,6350,0
2022-07-05 13:32:00,6350,6325,6350,6325,0
2022-07-05 13:33:00,6350,6325,6350,6325,0
2022-07-05 13:34:00,6325,6325,6325,6325,400
2022-07-05 13:35:00,6350,6350,6350,6350,1300
2022-07-05 13:36:00,6350,6325,6350,6325,3200
2022-07-05 13:37:00,6350,6325,6350,6325,0
2022-07-05 13:38:00,6325,6325,6325,6325,0
2022-07-05 13:39:00,6350,6350,6350,6350,800
2022-07-05 13:40:00,6350,6350,6350,6350,0
2022-07-05 13:41:00,6350,6350,6350,6350,0
2022-07-05 13:42:00,6325,6325,6325,6325,300
2022-07-05 13:43:00,6325,6325,6325,6325,27900
2022-07-05 13:44:00,6325,6325,6325,6325,0
2022-07-05 13:45:00,6350,6350,6350,6350,6000
2022-07-05 13:46:00,6350,6350,6350,6350,200
2022-07-05 13:47:00,6350,6350,6350,6350,0
2022-07-05 13:48:00,6350,6350,6350,6350,0
2022-07-05 13:49:00,6350,6350,6350,6350,0
2022-07-05 13:50:00,6325,6325,6325,6325,500
2022-07-05 13:51:00,6325,6325,6325,6325,100
2022-07-05 13:52:00,6325,6325,6325,6325,0
2022-07-05 13:53:00,6325,6325,6325,6325,0
2022-07-05 13:54:00,6325,6325,6325,6325,200
2022-07-05 13:55:00,6350,6350,6350,6350,0
2022-07-05 13:56:00,6325,6325,6325,6325,100
2022-07-05 13:57:00,6325,6325,6325,6325,26500
2022-07-05 13:58:00,6325,6325,6350,6350,18500
2022-07-05 13:59:00,6350,6350,6350,6350,12000
2022-07-05 14:00:00,6325,6325,6325,6325,0
2022-07-05 14:01:00,6350,6350,6350,6350,100
2022-07-05 14:02:00,6350,6350,6350,6350,1300
2022-07-05 14:03:00,6350,6350,6350,6350,0
2022-07-05 14:04:00,6350,6350,6350,6350,0
2022-07-05 14:05:00,6325,6325,6325,6325,12900
2022-07-05 14:06:00,6325,6325,6325,6325,48900
2022-07-05 14:07:00,6325,6325,6325,6325,0
2022-07-05 14:08:00,6325,6325,6325,6325,0
2022-07-05 14:09:00,6325,6325,6325,6325,662400
2022-07-05 14:10:00,6325,6325,6325,6325,0
2022-07-05 14:11:00,6325,6325,6325,6325,4700
2022-07-05 14:12:00,6325,6325,6325,6325,5200
2022-07-05 14:13:00,6325,6325,6325,6325,1600
2022-07-05 14:14:00,6325,6325,6325,6325,1200
2022-07-05 14:15:00,6325,6325,6325,6325,100
2022-07-05 14:16:00,6300,6300,6300,6300,1600
2022-07-05 14:17:00,6300,6300,6300,6300,1700
2022-07-05 14:18:00,6325,6325,6325,6325,0
2022-07-05 14:19:00,6325,6325,6325,6325,0
2022-07-05 14:20:00,6325,6325,6325,6325,34100
2022-07-05 14:21:00,6325,6325,6325,6325,23500
2022-07-05 14:22:00,6325,6325,6325,6325,600
2022-07-05 14:23:00,6325,6325,6325,6325,0
2022-07-05 14:24:00,6325,6325,6325,6325,1400
2022-07-05 14:25:00,6325,6325,6325,6325,400
2022-07-05 14:26:00,6325,6325,6325,6325,0
2022-07-05 14:27:00,6325,6325,6325,6325,1400
2022-07-05 14:28:00,6325,6325,6350,6350,29300
2022-07-05 14:29:00,6325,6325,6325,6325,1000
2022-07-05 14:30:00,6325,6325,6325,6325,10300
2022-07-05 14:31:00,6325,6325,6325,6325,2700
2022-07-05 14:32:00,6325,6325,6325,6325,0
2022-07-05 14:33:00,6300,6300,6300,6300,900
2022-07-05 14:34:00,6300,6300,6300,6300,234600
2022-07-05 14:35:00,6300,6300,6300,6300,0
2022-07-05 14:36:00,6300,6275,6300,6275,6300
2022-07-05 14:37:00,6300,6300,6300,6300,1900
2022-07-05 14:38:00,6300,6275,6300,6275,0
2022-07-05 14:39:00,6275,6275,6275,6275,146500
2022-07-05 14:40:00,6275,6275,6275,6275,14400
2022-07-05 14:41:00,6275,6275,6275,6275,200
2022-07-05 14:42:00,6250,6250,6275,6275,2500
2022-07-05 14:43:00,6275,6275,6275,6275,2200
2022-07-05 14:44:00,6275,6275,6275,6275,500
2022-07-05 14:45:00,6275,6275,6275,6275,1000
2022-07-05 14:46:00,6275,6275,6275,6275,33500
2022-07-05 14:47:00,6275,6275,6275,6275,400
2022-07-05 14:48:00,6275,6250,6275,6250,3200
2022-07-05 14:49:00,6275,6250,6275,6275,3000
2022-07-05 14:50:00,6275,6250,6275,6275,0
2022-07-05 14:51:00,6275,6250,6275,6275,0
2022-07-05 14:52:00,6275,6250,6275,6275,0
2022-07-05 14:53:00,6275,6250,6275,6275,0
2022-07-05 14:54:00,6275,6250,6275,6275,0
2022-07-05 14:55:00,6275,6250,6275,6275,0
2022-07-05 14:56:00,6275,6250,6275,6275,0
2022-07-05 14:57:00,6275,6250,6275,6275,0
2022-07-05 14:58:00,6275,6250,6275,6275,0
2022-07-05 14:59:00,6275,6250,6275,6275,0
2022-07-05 15:00:00,6275,6275,6275,6275,34900
2022-07-05 15:01:00,6275,6275,6275,6275,20900
2022-07-05 15:02:00,6275,6275,6275,6275,0
2022-07-05 15:03:00,6275,6275,6275,6275,0
2022-07-05 15:04:00,6275,6275,6275,6275,0
2022-07-05 15:05:00,6275,6275,6275,6275,0
2022-07-05 15:06:00,6275,6275,6275,6275,200
2022-07-05 15:07:00,6275,6275,6275,6275,100
2022-07-05 15:08:00,6275,6275,6275,6275,0
2022-07-05 15:09:00,6275,6275,6275,6275,0
2022-07-05 15:10:00,6275,6275,6275,6275,3900
2022-07-05 15:11:00,6275,6275,6275,6275,0
2022-07-05 15:12:00,6275,6275,6275,6275,0
2022-07-05 15:13:00,6275,6275,6275,6275,0
2022-07-05 15:14:00,6275,6275,6275,6275,0
2022-07-05 15:15:00,6275,6275,6275,6275,0
2022-07-05 15:16:00,6275,6275,6275,6275,0
2022-07-05 15:17:00,6275,6275,6275,6275,0
2022-07-05 15:18:00,6275,6275,6275,6275,0
2022-07-05 15:19:00,6275,6275,6275,6275,0
2022-07-05 15:20:00,6275,6275,6275,6275,0
2022-07-05 15:21:00,6275,6275,6275,6275,0
2022-07-05 15:22:00,6275,6275,6275,6275,0
2022-07-05 15:23:00,6275,6275,6275,6275,0
2022-07-05 15:24:00,6275,6275,6275,6275,0
2022-07-05 15:25:00,6275,6275,6275,6275,0
2022-07-05 15:26:00,6275,6275,6275,6275,0
2022-07-05 15:27:00,6275,6275,6275,6275,0
2022-07-05 15:28:00,6275,6275,6275,6275,0
2022-07-05 15:29:00,6275,6275,6275,6275,0
2022-07-05 15:30:00,6275,6275,6275,6275,0
2022-07-05 15:31:00,6275,6275,6275,6275,0
2022-07-05 15:32:00,6275,6275,6275,6275,0
2022-07-05 15:33:00,6275,6275,6275,6275,0
2022-07-05 15:34:00,6275,6275,6275,6275,0
2022-07-05 15:35:00,6275,6275,6275,6275,0
2022-07-05 15:36:00,6275,6275,6275,6275,0
2022-07-05 15:37:00,6275,6275,6275,6275,0
2022-07-05 15:38:00,6275,6275,6275,6275,0
2022-07-05 15:39:00,6275,6275,6275,6275,0
2022-07-05 15:40:00,6275,6275,6275,6275,0
2022-07-05 15:41:00,6275,6275,6275,6275,0
2022-07-05 15:42:00,6275,6275,6275,6275,0
2022-07-05 15:43:00,6275,6275,6275,6275,0
2022-07-05 15:44:00,6275,6275,6275,6275,0
2022-07-05 15:45:00,6275,6275,6275,6275,0
2022-07-05 15:46:00,6275,6275,6275,6275,0
2022-07-05 15:47:00,6275,6275,6275,6275,0
2022-07-05 15:48:00,6275,6275,6275,6275,0
2022-07-05 15:49:00,6275,6275,6275,6275,0
2022-07-05 15:50:00,6275,6275,6275,6275,0
2022-07-05 15:51:00,6275,6275,6275,6275,0
2022-07-05 15:52:00,6275,6275,6275,6275,0
2022-07-05 15:53:00,6275,6275,6275,6275,0
2022-07-05 15:54:00,6275,6275,6275,6275,0
2022-07-05 15:55:00,6275,6275,6275,6275,0
2022-07-05 15:56:00,6275,6275,6275,6275,0
2022-07-05 15:57:00,6275,6275,6275,6275,0
2022-07-05 15:58:00,6275,6275,6275,6275,0
2022-07-05 15:59:00,6275,6275,6275,6275,0
2022-07-06 09:00:00,6300,6275,6300,6275,8900
2022-07-06 09:01:00,6300,6275,6300,6275,0
2022-07-06 09:02:00,6250,6250,6275,6250,13100
2022-07-06 09:03:00,6275,6250,6300,6300,2800
2022-07-06 09:04:00,6275,6275,6275,6275,600
2022-07-06 09:05:00,6275,6275,6300,6300,3400
2022-07-06 09:06:00,6275,6275,6300,6300,0
2022-07-06 09:07:00,6300,6300,6300,6300,300
2022-07-06 09:08:00,6300,6300,6300,6300,700
2022-07-06 09:09:00,6300,6300,6300,6300,23100
2022-07-06 09:10:00,6300,6300,6300,6300,0
2022-07-06 09:11:00,6300,6300,6300,6300,0
2022-07-06 09:12:00,6325,6325,6325,6325,300
2022-07-06 09:13:00,6300,6300,6300,6300,1900
2022-07-06 09:14:00,6300,6300,6300,6300,0
2022-07-06 09:15:00,6300,6300,6300,6300,2600
2022-07-06 09:16:00,6300,6300,6300,6300,0
2022-07-06 09:17:00,6300,6300,6300,6300,0
2022-07-06 09:18:00,6325,6325,6325,6325,500
2022-07-06 09:19:00,6325,6325,6325,6325,0
2022-07-06 09:20:00,6325,6300,6325,6300,0
2022-07-06 09:21:00,6300,6300,6325,6325,11500
2022-07-06 09:22:00,6300,6300,6325,6325,0
2022-07-06 09:23:00,6300,6300,6325,6325,0
2022-07-06 09:24:00,6300,6300,6325,6325,0
2022-07-06 09:25:00,6300,6300,6300,6300,36300
2022-07-06 09:26:00,6300,6300,6300,6300,2000
2022-07-06 09:27:00,6275,6275,6275,6275,600
2022-07-06 09:28:00,6275,6275,6275,6275,0
2022-07-06 09:29:00,6275,6275,6300,6300,1900
2022-07-06 09:30:00,6300,6300,6300,6300,30100
2022-07-06 09:31:00,6300,6300,6300,6300,100
2022-07-06 09:32:00,6300,6300,6300,6300,0
2022-07-06 09:33:00,6300,6300,6300,6300,100
2022-07-06 09:34:00,6300,6300,6300,6300,900
2022-07-06 09:35:00,6300,6300,6300,6300,1000
2022-07-06 09:36:00,6275,6275,6300,6300,1700
2022-07-06 09:37:00,6275,6275,6300,6300,7900
2022-07-06 09:38:00,6300,6300,6300,6300,700
2022-07-06 09:39:00,6275,6275,6275,6275,75200
2022-07-06 09:40:00,6275,6275,6275,6275,8600
2022-07-06 09:41:00,6275,6275,6275,6275,0
2022-07-06 09:42:00,6275,6250,6275,6275,6200
2022-07-06 09:43:00,6275,6250,6275,6275,0
2022-07-06 09:44:00,6275,6250,6275,6250,1400
2022-07-06 09:45:00,6275,6250,6275,6250,0
2022-07-06 09:46:00,6250,6250,6250,6250,900
2022-07-06 09:47:00,6250,6250,6250,6250,0
2022-07-06 09:48:00,6275,6275,6275,6275,0
2022-07-06 09:49:00,6250,6250,6250,6250,900
2022-07-06 09:50:00,6250,6250,6250,6250,9100
2022-07-06 09:51:00,6250,6250,6250,6250,3900
2022-07-06 09:52:00,6250,6250,6250,6250,0
2022-07-06 09:53:00,6250,6250,6250,6250,0
2022-07-06 09:54:00,6250,6250,6250,6250,2600
2022-07-06 09:55:00,6275,6275,6275,6275,1500
2022-07-06 09:56:00,6275,6275,6275,6275,200
2022-07-06 09:57:00,6275,6275,6275,6275,0
2022-07-06 09:58:00,6275,6275,6275,6275,0
2022-07-06 09:59:00,6275,6275,6275,6275,0
2022-07-06 10:00:00,6275,6275,6275,6275,1100
2022-07-06 10:01:00,6275,6275,6275,6275,0
2022-07-06 10:02:00,6275,6275,6275,6275,0
2022-07-06 10:03:00,6250,6250,6250,6250,19500
2022-07-06 10:04:00,6250,6250,6250,6250,400
2022-07-06 10:05:00,6250,6250,6250,6250,0
2022-07-06 10:06:00,6250,6250,6250,6250,0
2022-07-06 10:07:00,6250,6250,6250,6250,300
2022-07-06 10:08:00,6250,6250,6250,6250,0
2022-07-06 10:09:00,6250,6250,6250,6250,0
2022-07-06 10:10:00,6250,6250,6250,6250,0
2022-07-06 10:11:00,6250,6250,6250,6250,2100
2022-07-06 10:12:00,6250,6250,6250,6250,200
2022-07-06 10:13:00,6250,6250,6275,6275,5700
2022-07-06 10:14:00,6275,6275,6275,6275,3500
2022-07-06 10:15:00,6275,6275,6275,6275,0
2022-07-06 10:16:00,6275,6275,6275,6275,0
2022-07-06 10:17:00,6250,6250,6250,6250,0
2022-07-06 10:18:00,6250,6250,6250,6250,400
2022-07-06 10:19:00,6250,6250,6250,6250,0
2022-07-06 10:20:00,6250,6250,6250,6250,100
2022-07-06 10:21:00,6250,6250,6250,6250,0
2022-07-06 10:22:00,6275,6250,6275,6250,500
2022-07-06 10:23:00,6275,6250,6275,6250,0
2022-07-06 10:24:00,6275,6250,6275,6250,0
2022-07-06 10:25:00,6275,6250,6275,6250,0
2022-07-06 10:26:00,6275,6250,6275,6250,0
2022-07-06 10:27:00,6250,6250,6250,6250,38700
2022-07-06 10:28:00,6250,6250,6250,6250,4600
2022-07-06 10:29:00,6250,6250,6250,6250,0
2022-07-06 10:30:00,6275,6250,6275,6250,88900
2022-07-06 10:31:00,6225,6225,6225,6225,1400
2022-07-06 10:32:00,6225,6225,6250,6250,700
2022-07-06 10:33:00,6250,6250,6250,6250,9600
2022-07-06 10:34:00,6250,6225,6250,6225,0
2022-07-06 10:35:00,6250,6225,6250,6225,0
2022-07-06 10:36:00,6225,6225,6250,6250,78400
2022-07-06 10:37:00,6250,6250,6250,6250,100
2022-07-06 10:38:00,6250,6250,6250,6250,0
2022-07-06 10:39:00,6250,6250,6250,6250,1000
2022-07-06 10:40:00,6250,6250,6250,6250,4500
2022-07-06 10:41:00,6250,6250,6250,6250,11000
2022-07-06 10:42:00,6250,6250,6250,6250,0
2022-07-06 10:43:00,6250,6250,6250,6250,500
2022-07-06 10:44:00,6250,6250,6250,6250,0
2022-07-06 10:45:00,6250,6250,6250,6250,0
2022-07-06 10:46:00,6250,6250,6250,6250,9600
2022-07-06 10:47:00,6250,6250,6250,6250,0
2022-07-06 10:48:00,6250,6250,6250,6250,0
2022-07-06 10:49:00,6250,6250,6250,6250,4200
2022-07-06 10:50:00,6250,6250,6250,6250,0
2022-07-06 10:51:00,6250,6250,6250,6250,4700
2022-07-06 10:52:00,6250,6250,6250,6250,0
2022-07-06 10:53:00,6250,6250,6250,6250,0
2022-07-06 10:54:00,6250,6250,6250,6250,41000
2022-07-06 10:55:00,6250,6250,6250,6250,3900
2022-07-06 10:56:00,6250,6250,6250,6250,11800
2022-07-06 10:57:00,6250,6250,6250,6250,0
2022-07-06 10:58:00,6250,6250,6250,6250,0
2022-07-06 10:59:00,6250,6250,6250,6250,0
2022-07-06 11:00:00,6250,6225,6250,6225,300
2022-07-06 11:01:00,6250,6225,6250,6225,0
2022-07-06 11:02:00,6225,6225,6225,6225,1700
2022-07-06 11:03:00,6225,6225,6225,6225,2000
2022-07-06 11:04:00,6225,6225,6225,6225,800
2022-07-06 11:05:00,6225,6225,6225,6225,0
2022-07-06 11:06:00,6225,6225,6225,6225,900
2022-07-06 11:07:00,6225,6225,6225,6225,0
2022-07-06 11:08:00,6225,6225,6225,6225,2500
2022-07-06 11:09:00,6225,6225,6225,6225,0
2022-07-06 11:10:00,6225,6225,6225,6225,0
2022-07-06 11:11:00,6225,6225,6225,6225,0
2022-07-06 11:12:00,6225,6225,6225,6225,200
2022-07-06 11:13:00,6225,6225,6225,6225,0
2022-07-06 11:14:00,6225,6225,6225,6225,0
2022-07-06 11:15:00,6225,6225,6225,6225,0
2022-07-06 11:16:00,6225,6225,6225,6225,3700
2022-07-06 11:17:00,6250,6250,6250,6250,1000
2022-07-06 11:18:00,6250,6250,6250,6250,600
2022-07-06 11:19:00,6250,6250,6250,6250,100
2022-07-06 11:20:00,6225,6225,6225,6225,3400
2022-07-06 11:21:00,6225,6225,6225,6225,0
2022-07-06 11:22:00,6250,6250,6250,6250,0
2022-07-06 11:23:00,6250,6250,6250,6250,300
2022-07-06 11:24:00,6250,6250,6250,6250,9900
2022-07-06 11:25:00,6250,6250,6250,6250,5000
2022-07-06 11:26:00,6250,6250,6250,6250,0
2022-07-06 11:27:00,6250,6250,6250,6250,0
2022-07-06 11:28:00,6225,6225,6225,6225,3100
2022-07-06 11:29:00,6250,6250,6250,6250,9300
2022-07-06 11:30:00,6250,6250,6250,6250,0
2022-07-06 11:31:00,6250,6250,6250,6250,0
2022-07-06 11:32:00,6250,6250,6250,6250,0
2022-07-06 11:33:00,6250,6250,6250,6250,0
2022-07-06 11:34:00,6250,6250,6250,6250,0
2022-07-06 11:35:00,6250,6250,6250,6250,0
2022-07-06 11:36:00,6250,6250,6250,6250,0
2022-07-06 11:37:00,6250,6250,6250,6250,0
2022-07-06 11:38:00,6250,6250,6250,6250,0
2022-07-06 11:39:00,6250,6250,6250,6250,0
2022-07-06 11:40:00,6250,6250,6250,6250,0
2022-07-06 11:41:00,6250,6250,6250,6250,0
2022-07-06 11:42:00,6250,6250,6250,6250,0
2022-07-06 11:43:00,6250,6250,6250,6250,0
2022-07-06 11:44:00,6250,6250,6250,6250,0
2022-07-06 11:45:00,6250,6250,6250,6250,0
2022-07-06 11:46:00,6250,6250,6250,6250,0
2022-07-06 11:47:00,6250,6250,6250,6250,0
2022-07-06 11:48:00,6250,6250,6250,6250,0
2022-07-06 11:49:00,6250,6250,6250,6250,0
2022-07-06 11:50:00,6250,6250,6250,6250,0
2022-07-06 11:51:00,6250,6250,6250,6250,0
2022-07-06 11:52:00,6250,6250,6250,6250,0
2022-07-06 11:53:00,6250,6250,6250,6250,0
2022-07-06 11:54:00,6250,6250,6250,6250,0
2022-07-06 11:55:00,6250,6250,6250,6250,0
2022-07-06 11:56:00,6250,6250,6250,6250,0
2022-07-06 11:57:00,6250,6250,6250,6250,0
2022-07-06 11:58:00,6250,6250,6250,6250,0
2022-07-06 11:59:00,6250,6250,6250,6250,0
2022-07-06 12:00:00,6250,6250,6250,6250,0
2022-07-06 12:01:00,6250,6250,6250,6250,0
2022-07-06 12:02:00,6250,6250,6250,6250,0
2022-07-06 12:03:00,6250,6250,6250,6250,0
2022-07-06 12:04:00,6250,6250,6250,6250,0
2022-07-06 12:05:00,6250,6250,6250,6250,0
2022-07-06 12:06:00,6250,6250,6250,6250,0
2022-07-06 12:07:00,6250,6250,6250,6250,0
2022-07-06 12:08:00,6250,6250,6250,6250,0
2022-07-06 12:09:00,6250,6250,6250,6250,0
2022-07-06 12:10:00,6250,6250,6250,6250,0
2022-07-06 12:11:00,6250,6250,6250,6250,0
2022-07-06 12:12:00,6250,6250,6250,6250,0
2022-07-06 12:13:00,6250,6250,6250,6250,0
2022-07-06 12:14:00,6250,6250,6250,6250,0
2022-07-06 12:15:00,6250,6250,6250,6250,0
2022-07-06 12:16:00,6250,6250,6250,6250,0
2022-07-06 12:17:00,6250,6250,6250,6250,0
2022-07-06 12:18:00,6250,6250,6250,6250,0
2022-07-06 12:19:00,6250,6250,6250,6250,0
2022-07-06 12:20:00,6250,6250,6250,6250,0
2022-07-06 12:21:00,6250,6250,6250,6250,0
2022-07-06 12:22:00,6250,6250,6250,6250,0
2022-07-06 12:23:00,6250,6250,6250,6250,0
2022-07-06 12:24:00,6250,6250,6250,6250,0
2022-07-06 12:25:00,6250,6250,6250,6250,0
2022-07-06 12:26:00,6250,6250,6250,6250,0
2022-07-06 12:27:00,6250,6250,6250,6250,0
2022-07-06 12:28:00,6250,6250,6250,6250,0
2022-07-06 12:29:00,6250,6250,6250,6250,0
2022-07-06 12:30:00,6250,6250,6250,6250,0
2022-07-06 12:31:00,6250,6250,6250,6250,0
2022-07-06 12:32:00,6250,6250,6250,6250,0
2022-07-06 12:33:00,6250,6250,6250,6250,0
2022-07-06 12:34:00,6250,6250,6250,6250,0
2022-07-06 12:35:00,6250,6250,6250,6250,0
2022-07-06 12:36:00,6250,6250,6250,6250,0
2022-07-06 12:37:00,6250,6250,6250,6250,0
2022-07-06 12:38:00,6250,6250,6250,6250,0
2022-07-06 12:39:00,6250,6250,6250,6250,0
2022-07-06 12:40:00,6250,6250,6250,6250,0
2022-07-06 12:41:00,6250,6250,6250,6250,0
2022-07-06 12:42:00,6250,6250,6250,6250,0
2022-07-06 12:43:00,6250,6250,6250,6250,0
2022-07-06 12:44:00,6250,6250,6250,6250,0
2022-07-06 12:45:00,6250,6250,6250,6250,0
2022-07-06 12:46:00,6250,6250,6250,6250,0
2022-07-06 12:47:00,6250,6250,6250,6250,0
2022-07-06 12:48:00,6250,6250,6250,6250,0
2022-07-06 12:49:00,6250,6250,6250,6250,0
2022-07-06 12:50:00,6250,6250,6250,6250,0
2022-07-06 12:51:00,6250,6250,6250,6250,0
2022-07-06 12:52:00,6250,6250,6250,6250,0
2022-07-06 12:53:00,6250,6250,6250,6250,0
2022-07-06 12:54:00,6250,6250,6250,6250,0
2022-07-06 12:55:00,6250,6250,6250,6250,0
2022-07-06 12:56:00,6250,6250,6250,6250,0
2022-07-06 12:57:00,6250,6250,6250,6250,0
2022-07-06 12:58:00,6250,6250,6250,6250,0
2022-07-06 12:59:00,6250,6250,6250,6250,0
2022-07-06 13:00:00,6250,6250,6250,6250,0
2022-07-06 13:01:00,6250,6250,6250,6250,0
2022-07-06 13:02:00,6250,6250,6250,6250,0
2022-07-06 13:03:00,6250,6250,6250,6250,0
2022-07-06 13:04:00,6250,6250,6250,6250,0
2022-07-06 13:05:00,6250,6250,6250,6250,0
2022-07-06 13:06:00,6250,6250,6250,6250,0
2022-07-06 13:07:00,6250,6250,6250,6250,0
2022-07-06 13:08:00,6250,6250,6250,6250,0
2022-07-06 13:09:00,6250,6250,6250,6250,0
2022-07-06 13:10:00,6250,6250,6250,6250,0
2022-07-06 13:11:00,6250,6250,6250,6250,0
2022-07-06 13:12:00,6250,6250,6250,6250,0
2022-07-06 13:13:00,6250,6250,6250,6250,0
2022-07-06 13:14:00,6250,6250,6250,6250,0
2022-07-06 13:15:00,6250,6250,6250,6250,0
2022-07-06 13:16:00,6250,6250,6250,6250,0
2022-07-06 13:17:00,6250,6250,6250,6250,0
2022-07-06 13:18:00,6250,6250,6250,6250,0
2022-07-06 13:19:00,6250,6250,6250,6250,0
2022-07-06 13:20:00,6250,6250,6250,6250,0
2022-07-06 13:21:00,6250,6250,6250,6250,0
2022-07-06 13:22:00,6250,6250,6250,6250,0
2022-07-06 13:23:00,6250,6250,6250,6250,0
2022-07-06 13:24:00,6250,6250,6250,6250,0
2022-07-06 13:25:00,6250,6250,6250,6250,0
2022-07-06 13:26:00,6250,6250,6250,6250,0
2022-07-06 13:27:00,6250,6250,6250,6250,0
2022-07-06 13:28:00,6250,6250,6250,6250,0
2022-07-06 13:29:00,6250,6250,6250,6250,0
2022-07-06 13:30:00,6250,6225,6250,6225,8200
2022-07-06 13:31:00,6250,6225,6250,6225,0
2022-07-06 13:32:00,6225,6225,6225,6225,700
2022-07-06 13:33:00,6225,6225,6225,6225,0
2022-07-06 13:34:00,6225,6225,6225,6225,1300
2022-07-06 13:35:00,6225,6225,6225,6225,16800
2022-07-06 13:36:00,6225,6225,6250,6250,0
2022-07-06 13:37:00,6225,6225,6250,6250,28000
2022-07-06 13:38:00,6225,6200,6225,6200,123500
2022-07-06 13:39:00,6225,6225,6225,6225,2400
2022-07-06 13:40:00,6200,6200,6200,6200,4400
2022-07-06 13:41:00,6200,6200,6225,6225,0
2022-07-06 13:42:00,6225,6225,6225,6225,6000
2022-07-06 13:43:00,6225,6225,6225,6225,0
2022-07-06 13:44:00,6225,6225,6225,6225,0
2022-07-06 13:45:00,6225,6200,6225,6200,4800
2022-07-06 13:46:00,6225,6200,6225,6200,0
2022-07-06 13:47:00,6200,6200,6250,6250,800
2022-07-06 13:48:00,6200,6200,6250,6200,600
2022-07-06 13:49:00,6250,6225,6250,6225,900
2022-07-06 13:50:00,6225,6225,6225,6225,1900
2022-07-06 13:51:00,6225,6225,6225,6225,0
2022-07-06 13:52:00,6200,6200,6200,6200,0
2022-07-06 13:53:00,6225,6200,6225,6225,3700
2022-07-06 13:54:00,6225,6225,6225,6225,900
2022-07-06 13:55:00,6225,6225,6225,6225,400
2022-07-06 13:56:00,6225,6225,6225,6225,14000
2022-07-06 13:57:00,6200,6200,6225,6225,6100
2022-07-06 13:58:00,6225,6225,6225,6225,700
2022-07-06 13:59:00,6225,6225,6225,6225,200
2022-07-06 14:00:00,6225,6225,6225,6225,900
2022-07-06 14:01:00,6225,6225,6225,6225,15000
2022-07-06 14:02:00,6225,6225,6225,6225,0
2022-07-06 14:03:00,6225,6225,6225,6225,400
2022-07-06 14:04:00,6225,6225,6225,6225,7300
2022-07-06 14:05:00,6250,6250,6250,6250,0
2022-07-06 14:06:00,6250,6250,6250,6250,200
2022-07-06 14:07:00,6250,6250,6250,6250,0
2022-07-06 14:08:00,6225,6225,6225,6225,12500
2022-07-06 14:09:00,6225,6225,6225,6225,1200
2022-07-06 14:10:00,6225,6225,6225,6225,0
2022-07-06 14:11:00,6225,6225,6225,6225,0
2022-07-06 14:12:00,6225,6200,6225,6200,11800
2022-07-06 14:13:00,6225,6225,6225,6225,1700
2022-07-06 14:14:00,6225,6225,6225,6225,0
2022-07-06 14:15:00,6200,6200,6225,6225,4100
2022-07-06 14:16:00,6225,6225,6225,6225,8200
2022-07-06 14:17:00,6225,6225,6225,6225,2200
2022-07-06 14:18:00,6225,6225,6225,6225,0
2022-07-06 14:19:00,6225,6225,6225,6225,100
2022-07-06 14:20:00,6225,6225,6225,6225,3000
2022-07-06 14:21:00,6225,6225,6225,6225,0
2022-07-06 14:22:00,6200,6200,6225,6225,10600
2022-07-06 14:23:00,6200,6200,6225,6225,0
2022-07-06 14:24:00,6200,6200,6225,6225,100
2022-07-06 14:25:00,6200,6200,6225,6225,0
2022-07-06 14:26:00,6225,6200,6225,6200,400
2022-07-06 14:27:00,6200,6200,6200,6200,600
2022-07-06 14:28:00,6200,6200,6225,6225,1400
2022-07-06 14:29:00,6225,6225,6225,6225,8600
2022-07-06 14:30:00,6225,6225,6225,6225,700
2022-07-06 14:31:00,6225,6200,6225,6200,18200
2022-07-06 14:32:00,6200,6200,6225,6225,100
2022-07-06 14:33:00,6225,6225,6225,6225,0
2022-07-06 14:34:00,6225,6225,6225,6225,0
2022-07-06 14:35:00,6225,6225,6225,6225,1100
2022-07-06 14:36:00,6225,6225,6225,6225,700
2022-07-06 14:37:00,6200,6200,6225,6225,4900
2022-07-06 14:38:00,6225,6225,6225,6225,0
2022-07-06 14:39:00,6225,6225,6225,6225,0
2022-07-06 14:40:00,6200,6200,6225,6200,4200
2022-07-06 14:41:00,6225,6200,6225,6225,2800
2022-07-06 14:42:00,6225,6225,6225,6225,0
2022-07-06 14:43:00,6200,6200,6225,6225,23700
2022-07-06 14:44:00,6200,6200,6225,6200,0
2022-07-06 14:45:00,6200,6200,6225,6200,15900
2022-07-06 14:46:00,6225,6225,6225,6225,0
2022-07-06 14:47:00,6200,6200,6225,6225,8100
2022-07-06 14:48:00,6225,6200,6225,6225,21400
2022-07-06 14:49:00,6200,6200,6225,6200,21000
2022-07-06 14:50:00,6200,6200,6225,6200,0
2022-07-06 14:51:00,6200,6200,6225,6200,0
2022-07-06 14:52:00,6200,6200,6225,6200,0
2022-07-06 14:53:00,6200,6200,6225,6200,0
2022-07-06 14:54:00,6200,6200,6225,6200,0
2022-07-06 14:55:00,6200,6200,6225,6200,0
2022-07-06 14:56:00,6200,6200,6225,6200,0
2022-07-06 14:57:00,6200,6200,6225,6200,0
2022-07-06 14:58:00,6200,6200,6225,6200,0
2022-07-06 14:59:00,6200,6200,6225,6200,0
2022-07-06 15:00:00,6200,6200,6200,6200,78500
2022-07-06 15:01:00,6200,6200,6200,6200,0
2022-07-06 15:02:00,6200,6200,6200,6200,2000
2022-07-06 15:03:00,6200,6200,6200,6200,5300
2022-07-06 15:04:00,6200,6200,6200,6200,0
2022-07-06 15:05:00,6200,6200,6200,6200,1000
2022-07-06 15:06:00,6200,6200,6200,6200,0
2022-07-06 15:07:00,6200,6200,6200,6200,100
2022-07-06 15:08:00,6200,6200,6200,6200,226100
2022-07-06 15:09:00,6200,6200,6200,6200,0
2022-07-06 15:10:00,6200,6200,6200,6200,3900
2022-07-06 15:11:00,6200,6200,6200,6200,0
2022-07-06 15:12:00,6200,6200,6200,6200,0
2022-07-06 15:13:00,6200,6200,6200,6200,1378500
2022-07-06 15:14:00,6200,6200,6200,6200,0
2022-07-06 15:15:00,6200,6200,6200,6200,0
2022-07-06 15:16:00,6200,6200,6200,6200,0
2022-07-06 15:17:00,6200,6200,6200,6200,0
2022-07-06 15:18:00,6200,6200,6200,6200,0
2022-07-06 15:19:00,6200,6200,6200,6200,0
2022-07-06 15:20:00,6200,6200,6200,6200,0
2022-07-06 15:21:00,6200,6200,6200,6200,0
2022-07-06 15:22:00,6200,6200,6200,6200,0
2022-07-06 15:23:00,6200,6200,6200,6200,0
2022-07-06 15:24:00,6200,6200,6200,6200,0
2022-07-06 15:25:00,6200,6200,6200,6200,0
2022-07-06 15:26:00,6200,6200,6200,6200,0
2022-07-06 15:27:00,6200,6200,6200,6200,0
2022-07-06 15:28:00,6200,6200,6200,6200,0
2022-07-06 15:29:00,6200,6200,6200,6200,0
2022-07-06 15:30:00,6200,6200,6200,6200,0
2022-07-06 15:31:00,6200,6200,6200,6200,0
2022-07-06 15:32:00,6200,6200,6200,6200,0
2022-07-06 15:33:00,6200,6200,6200,6200,0
2022-07-06 15:34:00,6200,6200,6200,6200,0
2022-07-06 15:35:00,6200,6200,6200,6200,0
2022-07-06 15:36:00,6200,6200,6200,6200,0
2022-07-06 15:37:00,6200,6200,6200,6200,0
2022-07-06 15:38:00,6200,6200,6200,6200,0
2022-07-06 15:39:00,6200,6200,6200,6200,0
2022-07-06 15:40:00,6200,6200,6200,6200,0
2022-07-06 15:41:00,6200,6200,6200,6200,0
2022-07-06 15:42:00,6200,6200,6200,6200,0
2022-07-06 15:43:00,6200,6200,6200,6200,0
2022-07-06 15:44:00,6200,6200,6200,6200,0
2022-07-06 15:45:00,6200,6200,6200,6200,0
2022-07-06 15:46:00,6200,6200,6200,6200,0
2022-07-06 15:47:00,6200,6200,6200,6200,0
2022-07-06 15:48:00,6200,6200,6200,6200,0
2022-07-06 15:49:00,6200,6200,6200,6200,0
2022-07-06 15:50:00,6200,6200,6200,6200,0
2022-07-06 15:51:00,6200,6200,6200,6200,0
2022-07-06 15:52:00,6200,6200,6200,6200,0
2022-07-06 15:53:00,6200,6200,6200,6200,0
2022-07-06 15:54:00,6200,6200,6200,6200,0
2022-07-06 15:55:00,6200,6200,6200,6200,0
2022-07-06 15:56:00,6200,6200,6200,6200,0
2022-07-06 15:57:00,6200,6200,6200,6200,0
2022-07-06 15:58:00,6200,6200,6200,6200,0
2022-07-06 15:59:00,6200,6200,6200,6200,0
2022-07-07 09:00:00,6225,6225,6225,6225,1900
2022-07-07 09:01:00,6225,6200,6250,6250,2100
2022-07-07 09:02:00,6225,6225,6250,6250,18800
2022-07-07 09:03:00,6250,6250,6250,6250,3000
2022-07-07 09:04:00,6250,6225,6250,6250,2300
2022-07-07 09:05:00,6225,6225,6225,6225,1300
2022-07-07 09:06:00,6250,6250,6250,6250,0
2022-07-07 09:07:00,6250,6250,6250,6250,200
2022-07-07 09:08:00,6250,6250,6275,6250,3900
2022-07-07 09:09:00,6250,6250,6275,6250,0
2022-07-07 09:10:00,6250,6250,6250,6250,100
2022-07-07 09:11:00,6250,6250,6250,6250,0
2022-07-07 09:12:00,6250,6250,6250,6250,600
2022-07-07 09:13:00,6250,6250,6250,6250,0
2022-07-07 09:14:00,6250,6250,6250,6250,100
2022-07-07 09:15:00,6250,6250,6250,6250,0
2022-07-07 09:16:00,6250,6250,6250,6250,0
2022-07-07 09:17:00,6250,6250,6250,6250,1700
2022-07-07 09:18:00,6275,6250,6275,6250,6900
2022-07-07 09:19:00,6250,6250,6250,6250,400
2022-07-07 09:20:00,6250,6250,6250,6250,100
2022-07-07 09:21:00,6250,6250,6250,6250,1300
2022-07-07 09:22:00,6250,6250,6250,6250,18100
2022-07-07 09:23:00,6250,6250,6250,6250,12800
2022-07-07 09:24:00,6250,6250,6250,6250,0
2022-07-07 09:25:00,6250,6250,6250,6250,1900
2022-07-07 09:26:00,6250,6250,6250,6250,2400
2022-07-07 09:27:00,6250,6250,6275,6275,38000
2022-07-07 09:28:00,6275,6275,6275,6275,11200
2022-07-07 09:29:00,6275,6275,6275,6275,0
2022-07-07 09:30:00,6275,6275,6275,6275,9800
2022-07-07 09:31:00,6275,6275,6275,6275,0
2022-07-07 09:32:00,6275,6275,6275,6275,0
2022-07-07 09:33:00,6275,6275,6275,6275,0
2022-07-07 09:34:00,6275,6275,6275,6275,0
2022-07-07 09:35:00,6275,6275,6275,6275,0
2022-07-07 09:36:00,6275,6275,6275,6275,0
2022-07-07 09:37:00,6275,6275,6275,6275,1500
2022-07-07 09:38:00,6275,6275,6275,6275,4000
2022-07-07 09:39:00,6250,6250,6250,6250,1000
2022-07-07 09:40:00,6250,6250,6250,6250,0
2022-07-07 09:41:00,6275,6275,6275,6275,200
2022-07-07 09:42:00,6275,6275,6275,6275,100
2022-07-07 09:43:00,6275,6275,6275,6275,0
2022-07-07 09:44:00,6275,6275,6275,6275,2400
2022-07-07 09:45:00,6275,6275,6275,6275,0
2022-07-07 09:46:00,6250,6250,6250,6250,6100
2022-07-07 09:47:00,6250,6250,6250,6250,0
2022-07-07 09:48:00,6250,6250,6250,6250,0
2022-07-07 09:49:00,6250,6250,6250,6250,0
2022-07-07 09:50:00,6250,6250,6250,6250,9700
2022-07-07 09:51:00,6250,6250,6275,6275,0
2022-07-07 09:52:00,6250,6250,6275,6275,0
2022-07-07 09:53:00,6275,6275,6275,6275,200
2022-07-07 09:54:00,6275,6275,6275,6275,0
2022-07-07 09:55:00,6275,6275,6275,6275,0
2022-07-07 09:56:00,6275,6275,6275,6275,200
2022-07-07 09:57:00,6275,6275,6275,6275,1000
2022-07-07 09:58:00,6250,6250,6250,6250,5500
2022-07-07 09:59:00,6275,6275,6275,6275,0
2022-07-07 10:00:00,6275,6275,6275,6275,3900
2022-07-07 10:01:00,6250,6250,6250,6250,0
2022-07-07 10:02:00,6275,6275,6275,6275,0
2022-07-07 10:03:00,6275,6275,6275,6275,700
2022-07-07 10:04:00,6275,6275,6275,6275,0
2022-07-07 10:05:00,6275,6250,6275,6250,3300
2022-07-07 10:06:00,6275,6250,6275,6250,0
2022-07-07 10:07:00,6275,6250,6275,6250,0
2022-07-07 10:08:00,6250,6250,6250,6250,2000
2022-07-07 10:09:00,6250,6250,6250,6250,1000
2022-07-07 10:10:00,6250,6250,6250,6250,3600
2022-07-07 10:11:00,6250,6250,6250,6250,25300
2022-07-07 10:12:00,6250,6250,6250,6250,0
2022-07-07 10:13:00,6250,6250,6250,6250,0
2022-07-07 10:14:00,6250,6250,6250,6250,4100
2022-07-07 10:15:00,6250,6250,6250,6250,0
2022-07-07 10:16:00,6250,6250,6250,6250,0
2022-07-07 10:17:00,6250,6250,6250,6250,0
2022-07-07 10:18:00,6250,6250,6250,6250,0
2022-07-07 10:19:00,6250,6250,6250,6250,0
2022-07-07 10:20:00,6250,6250,6250,6250,0
2022-07-07 10:21:00,6250,6250,6250,6250,200
2022-07-07 10:22:00,6250,6250,6250,6250,0
2022-07-07 10:23:00,6250,6250,6250,6250,0
2022-07-07 10:24:00,6250,6250,6250,6250,0
2022-07-07 10:25:00,6250,6250,6250,6250,0
2022-07-07 10:26:00,6250,6250,6250,6250,0
2022-07-07 10:27:00,6250,6250,6250,6250,6400
2022-07-07 10:28:00,6250,6250,6250,6250,0
2022-07-07 10:29:00,6275,6275,6275,6275,200
2022-07-07 10:30:00,6250,6250,6250,6250,9900
2022-07-07 10:31:00,6250,6250,6250,6250,0
2022-07-07 10:32:00,6250,6250,6250,6250,0
2022-07-07 10:33:00,6250,6250,6250,6250,0
2022-07-07 10:34:00,6250,6250,6250,6250,0
2022-07-07 10:35:00,6250,6250,6250,6250,0
2022-07-07 10:36:00,6275,6250,6275,6250,0
2022-07-07 10:37:00,6275,6250,6275,6250,0
2022-07-07 10:38:00,6250,6250,6250,6250,1700
2022-07-07 10:39:00,6250,6250,6250,6250,10200
2022-07-07 10:40:00,6250,6250,6250,6250,0
2022-07-07 10:41:00,6250,6250,6250,6250,900
2022-07-07 10:42:00,6250,6250,6250,6250,28800
2022-07-07 10:43:00,6250,6250,6250,6250,0
2022-07-07 10:44:00,6250,6250,6250,6250,0
2022-07-07 10:45:00,6250,6250,6250,6250,100
2022-07-07 10:46:00,6250,6250,6250,6250,1500
2022-07-07 10:47:00,6250,6250,6250,6250,5600
2022-07-07 10:48:00,6250,6250,6250,6250,0
2022-07-07 10:49:00,6250,6250,6250,6250,0
2022-07-07 10:50:00,6250,6250,6250,6250,900
2022-07-07 10:51:00,6225,6225,6225,6225,117400
2022-07-07 10:52:00,6225,6225,6225,6225,1400
2022-07-07 10:53:00,6225,6200,6225,6200,1300
2022-07-07 10:54:00,6225,6200,6225,6200,0
2022-07-07 10:55:00,6200,6200,6200,6200,16000
2022-07-07 10:56:00,6200,6200,6200,6200,0
2022-07-07 10:57:00,6200,6200,6200,6200,700
2022-07-07 10:58:00,6200,6200,6200,6200,1000
2022-07-07 10:59:00,6200,6200,6200,6200,0
2022-07-07 11:00:00,6225,6200,6225,6200,5500
2022-07-07 11:01:00,6225,6200,6225,6200,0
2022-07-07 11:02:00,6200,6200,6200,6200,11500
2022-07-07 11:03:00,6200,6200,6200,6200,2800
2022-07-07 11:04:00,6200,6200,6200,6200,5000
2022-07-07 11:05:00,6200,6200,6200,6200,0
2022-07-07 11:06:00,6200,6200,6200,6200,0
2022-07-07 11:07:00,6200,6200,6200,6200,200
2022-07-07 11:08:00,6200,6200,6200,6200,2100
2022-07-07 11:09:00,6200,6200,6200,6200,54600
2022-07-07 11:10:00,6200,6200,6225,6225,200
2022-07-07 11:11:00,6225,6225,6225,6225,1900
2022-07-07 11:12:00,6225,6225,6225,6225,0
2022-07-07 11:13:00,6225,6225,6225,6225,79600
2022-07-07 11:14:00,6225,6225,6225,6225,0
2022-07-07 11:15:00,6225,6225,6225,6225,0
2022-07-07 11:16:00,6200,6200,6200,6200,0
2022-07-07 11:17:00,6225,6225,6225,6225,0
2022-07-07 11:18:00,6225,6225,6225,6225,500
2022-07-07 11:19:00,6225,6225,6225,6225,0
2022-07-07 11:20:00,6225,6225,6225,6225,0
2022-07-07 11:21:00,6225,6225,6225,6225,0
2022-07-07 11:22:00,6225,6225,6225,6225,0
2022-07-07 11:23:00,6225,6225,6225,6225,0
2022-07-07 11:24:00,6225,6225,6225,6225,14400
2022-07-07 11:25:00,6225,6225,6225,6225,0
2022-07-07 11:26:00,6225,6225,6225,6225,0
2022-07-07 11:27:00,6225,6225,6225,6225,15700
2022-07-07 11:28:00,6225,6225,6225,6225,0
2022-07-07 11:29:00,6225,6225,6225,6225,0
2022-07-07 11:30:00,6225,6225,6225,6225,0
2022-07-07 11:31:00,6225,6225,6225,6225,0
2022-07-07 11:32:00,6225,6225,6225,6225,0
2022-07-07 11:33:00,6225,6225,6225,6225,0
2022-07-07 11:34:00,6225,6225,6225,6225,0
2022-07-07 11:35:00,6225,6225,6225,6225,0
2022-07-07 11:36:00,6225,6225,6225,6225,0
2022-07-07 11:37:00,6225,6225,6225,6225,0
2022-07-07 11:38:00,6225,6225,6225,6225,0
2022-07-07 11:39:00,6225,6225,6225,6225,0
2022-07-07 11:40:00,6225,6225,6225,6225,0
2022-07-07 11:41:00,6225,6225,6225,6225,0
2022-07-07 11:42:00,6225,6225,6225,6225,0
2022-07-07 11:43:00,6225,6225,6225,6225,0
2022-07-07 11:44:00,6225,6225,6225,6225,0
2022-07-07 11:45:00,6225,6225,6225,6225,0
2022-07-07 11:46:00,6225,6225,6225,6225,0
2022-07-07 11:47:00,6225,6225,6225,6225,0
2022-07-07 11:48:00,6225,6225,6225,6225,0
2022-07-07 11:49:00,6225,6225,6225,6225,0
2022-07-07 11:50:00,6225,6225,6225,6225,0
2022-07-07 11:51:00,6225,6225,6225,6225,0
2022-07-07 11:52:00,6225,6225,6225,6225,0
2022-07-07 11:53:00,6225,6225,6225,6225,0
2022-07-07 11:54:00,6225,6225,6225,6225,0
2022-07-07 11:55:00,6225,6225,6225,6225,0
2022-07-07 11:56:00,6225,6225,6225,6225,0
2022-07-07 11:57:00,6225,6225,6225,6225,0
2022-07-07 11:58:00,6225,6225,6225,6225,0
2022-07-07 11:59:00,6225,6225,6225,6225,0
2022-07-07 12:00:00,6225,6225,6225,6225,0
2022-07-07 12:01:00,6225,6225,6225,6225,0
2022-07-07 12:02:00,6225,6225,6225,6225,0
2022-07-07 12:03:00,6225,6225,6225,6225,0
2022-07-07 12:04:00,6225,6225,6225,6225,0
2022-07-07 12:05:00,6225,6225,6225,6225,0
2022-07-07 12:06:00,6225,6225,6225,6225,0
2022-07-07 12:07:00,6225,6225,6225,6225,0
2022-07-07 12:08:00,6225,6225,6225,6225,0
2022-07-07 12:09:00,6225,6225,6225,6225,0
2022-07-07 12:10:00,6225,6225,6225,6225,0
2022-07-07 12:11:00,6225,6225,6225,6225,0
2022-07-07 12:12:00,6225,6225,6225,6225,0
2022-07-07 12:13:00,6225,6225,6225,6225,0
2022-07-07 12:14:00,6225,6225,6225,6225,0
2022-07-07 12:15:00,6225,6225,6225,6225,0
2022-07-07 12:16:00,6225,6225,6225,6225,0
2022-07-07 12:17:00,6225,6225,6225,6225,0
2022-07-07 12:18:00,6225,6225,6225,6225,0
2022-07-07 12:19:00,6225,6225,6225,6225,0
2022-07-07 12:20:00,6225,6225,6225,6225,0
2022-07-07 12:21:00,6225,6225,6225,6225,0
2022-07-07 12:22:00,6225,6225,6225,6225,0
2022-07-07 12:23:00,6225,6225,6225,6225,0
2022-07-07 12:24:00,6225,6225,6225,6225,0
2022-07-07 12:25:00,6225,6225,6225,6225,0
2022-07-07 12:26:00,6225,6225,6225,6225,0
2022-07-07 12:27:00,6225,6225,6225,6225,0
2022-07-07 12:28:00,6225,6225,6225,6225,0
2022-07-07 12:29:00,6225,6225,6225,6225,0
2022-07-07 12:30:00,6225,6225,6225,6225,0
2022-07-07 12:31:00,6225,6225,6225,6225,0
2022-07-07 12:32:00,6225,6225,6225,6225,0
2022-07-07 12:33:00,6225,6225,6225,6225,0
2022-07-07 12:34:00,6225,6225,6225,6225,0
2022-07-07 12:35:00,6225,6225,6225,6225,0
2022-07-07 12:36:00,6225,6225,6225,6225,0
2022-07-07 12:37:00,6225,6225,6225,6225,0
2022-07-07 12:38:00,6225,6225,6225,6225,0
2022-07-07 12:39:00,6225,6225,6225,6225,0
2022-07-07 12:40:00,6225,6225,6225,6225,0
2022-07-07 12:41:00,6225,6225,6225,6225,0
2022-07-07 12:42:00,6225,6225,6225,6225,0
2022-07-07 12:43:00,6225,6225,6225,6225,0
2022-07-07 12:44:00,6225,6225,6225,6225,0
2022-07-07 12:45:00,6225,6225,6225,6225,0
2022-07-07 12:46:00,6225,6225,6225,6225,0
2022-07-07 12:47:00,6225,6225,6225,6225,0
2022-07-07 12:48:00,6225,6225,6225,6225,0
2022-07-07 12:49:00,6225,6225,6225,6225,0
2022-07-07 12:50:00,6225,6225,6225,6225,0
2022-07-07 12:51:00,6225,6225,6225,6225,0
2022-07-07 12:52:00,6225,6225,6225,6225,0
2022-07-07 12:53:00,6225,6225,6225,6225,0
2022-07-07 12:54:00,6225,6225,6225,6225,0
2022-07-07 12:55:00,6225,6225,6225,6225,0
2022-07-07 12:56:00,6225,6225,6225,6225,0
2022-07-07 12:57:00,6225,6225,6225,6225,0
2022-07-07 12:58:00,6225,6225,6225,6225,0
2022-07-07 12:59:00,6225,6225,6225,6225,0
2022-07-07 13:00:00,6225,6225,6225,6225,0
2022-07-07 13:01:00,6225,6225,6225,6225,0
2022-07-07 13:02:00,6225,6225,6225,6225,0
2022-07-07 13:03:00,6225,6225,6225,6225,0
2022-07-07 13:04:00,6225,6225,6225,6225,0
2022-07-07 13:05:00,6225,6225,6225,6225,0
2022-07-07 13:06:00,6225,6225,6225,6225,0
2022-07-07 13:07:00,6225,6225,6225,6225,0
2022-07-07 13:08:00,6225,6225,6225,6225,0
2022-07-07 13:09:00,6225,6225,6225,6225,0
2022-07-07 13:10:00,6225,6225,6225,6225,0
2022-07-07 13:11:00,6225,6225,6225,6225,0
2022-07-07 13:12:00,6225,6225,6225,6225,0
2022-07-07 13:13:00,6225,6225,6225,6225,0
2022-07-07 13:14:00,6225,6225,6225,6225,0
2022-07-07 13:15:00,6225,6225,6225,6225,0
2022-07-07 13:16:00,6225,6225,6225,6225,0
2022-07-07 13:17:00,6225,6225,6225,6225,0
2022-07-07 13:18:00,6225,6225,6225,6225,0
2022-07-07 13:19:00,6225,6225,6225,6225,0
2022-07-07 13:20:00,6225,6225,6225,6225,0
2022-07-07 13:21:00,6225,6225,6225,6225,0
2022-07-07 13:22:00,6225,6225,6225,6225,0
2022-07-07 13:23:00,6225,6225,6225,6225,0
2022-07-07 13:24:00,6225,6225,6225,6225,0
2022-07-07 13:25:00,6225,6225,6225,6225,0
2022-07-07 13:26:00,6225,6225,6225,6225,0
2022-07-07 13:27:00,6225,6225,6225,6225,0
2022-07-07 13:28:00,6225,6225,6225,6225,0
2022-07-07 13:29:00,6225,6225,6225,6225,0
2022-07-07 13:30:00,6225,6200,6225,6200,7800
2022-07-07 13:31:00,6225,6200,6225,6200,0
2022-07-07 13:32:00,6225,6200,6225,6200,0
2022-07-07 13:33:00,6225,6200,6225,6200,0
2022-07-07 13:34:00,6225,6200,6225,6200,0
2022-07-07 13:35:00,6225,6225,6225,6225,900
2022-07-07 13:36:00,6225,6225,6225,6225,300
2022-07-07 13:37:00,6225,6200,6225,6200,205000
2022-07-07 13:38:00,6200,6200,6225,6225,1600
2022-07-07 13:39:00,6225,6225,6225,6225,0
2022-07-07 13:40:00,6225,6225,6225,6225,600
2022-07-07 13:41:00,6200,6200,6200,6200,1100
2022-07-07 13:42:00,6200,6200,6200,6200,3800
2022-07-07 13:43:00,6200,6200,6200,6200,3300
2022-07-07 13:44:00,6200,6200,6200,6200,6700
2022-07-07 13:45:00,6200,6200,6200,6200,41600
2022-07-07 13:46:00,6200,6200,6200,6200,0
2022-07-07 13:47:00,6200,6200,6200,6200,13300
2022-07-07 13:48:00,6200,6200,6200,6200,0
2022-07-07 13:49:00,6200,6200,6200,6200,0
2022-07-07 13:50:00,6200,6200,6200,6200,0
2022-07-07 13:51:00,6175,6175,6175,6175,4100
2022-07-07 13:52:00,6200,6175,6200,6175,1000
2022-07-07 13:53:00,6200,6175,6200,6200,11300
2022-07-07 13:54:00,6200,6200,6200,6200,0
2022-07-07 13:55:00,6200,6200,6200,6200,100
2022-07-07 13:56:00,6200,6200,6200,6200,0
2022-07-07 13:57:00,6200,6200,6200,6200,200
2022-07-07 13:58:00,6200,6200,6200,6200,0
2022-07-07 13:59:00,6200,6200,6200,6200,0
2022-07-07 14:00:00,6200,6200,6200,6200,1100
2022-07-07 14:01:00,6175,6175,6200,6200,500
2022-07-07 14:02:00,6200,6200,6200,6200,0
2022-07-07 14:03:00,6200,6200,6200,6200,0
2022-07-07 14:04:00,6200,6200,6200,6200,2000
2022-07-07 14:05:00,6200,6200,6200,6200,0
2022-07-07 14:06:00,6200,6200,6200,6200,50700
2022-07-07 14:07:00,6200,6200,6225,6225,126700
2022-07-07 14:08:00,6225,6225,6225,6225,0
2022-07-07 14:09:00,6225,6225,6225,6225,0
2022-07-07 14:10:00,6225,6225,6225,6225,0
2022-07-07 14:11:00,6225,6225,6250,6250,72300
2022-07-07 14:12:00,6225,6225,6250,6250,0
2022-07-07 14:13:00,6225,6225,6250,6250,0
2022-07-07 14:14:00,6250,6225,6250,6225,2100
2022-07-07 14:15:00,6250,6225,6250,6225,0
2022-07-07 14:16:00,6250,6225,6250,6225,0
2022-07-07 14:17:00,6200,6200,6200,6200,3800
2022-07-07 14:18:00,6200,6200,6200,6200,0
2022-07-07 14:19:00,6200,6200,6200,6200,0
2022-07-07 14:20:00,6225,6200,6225,6200,39000
2022-07-07 14:21:00,6200,6200,6200,6200,0
2022-07-07 14:22:00,6200,6200,6200,6200,0
2022-07-07 14:23:00,6200,6200,6225,6200,62100
2022-07-07 14:24:00,6200,6200,6200,6200,5800
2022-07-07 14:25:00,6200,6200,6200,6200,0
2022-07-07 14:26:00,6200,6200,6200,6200,0
2022-07-07 14:27:00,6200,6200,6200,6200,4600
2022-07-07 14:28:00,6200,6200,6200,6200,2600
2022-07-07 14:29:00,6200,6200,6200,6200,600
2022-07-07 14:30:00,6200,6200,6200,6200,3300
2022-07-07 14:31:00,6200,6200,6200,6200,4900
2022-07-07 14:32:00,6200,6200,6200,6200,0
2022-07-07 14:33:00,6200,6200,6200,6200,0
2022-07-07 14:34:00,6200,6200,6200,6200,7400
2022-07-07 14:35:00,6200,6200,6225,6225,0
2022-07-07 14:36:00,6200,6200,6225,6225,0
2022-07-07 14:37:00,6225,6200,6225,6200,3500
2022-07-07 14:38:00,6200,6200,6200,6200,4800
2022-07-07 14:39:00,6200,6200,6200,6200,0
2022-07-07 14:40:00,6200,6200,6200,6200,9800
2022-07-07 14:41:00,6200,6200,6200,6200,2200
2022-07-07 14:42:00,6200,6200,6200,6200,0
2022-07-07 14:43:00,6200,6200,6225,6225,2100
2022-07-07 14:44:00,6225,6200,6225,6225,3800
2022-07-07 14:45:00,6200,6200,6225,6200,4500
2022-07-07 14:46:00,6200,6200,6225,6225,3900
2022-07-07 14:47:00,6200,6200,6225,6200,3700
2022-07-07 14:48:00,6225,6200,6225,6200,4600
2022-07-07 14:49:00,6225,6225,6225,6225,4400
2022-07-07 14:50:00,6225,6225,6225,6225,0
2022-07-07 14:51:00,6225,6225,6225,6225,0
2022-07-07 14:52:00,6225,6225,6225,6225,0
2022-07-07 14:53:00,6225,6225,6225,6225,0
2022-07-07 14:54:00,6225,6225,6225,6225,0
2022-07-07 14:55:00,6225,6225,6225,6225,0
2022-07-07 14:56:00,6225,6225,6225,6225,0
2022-07-07 14:57:00,6225,6225,6225,6225,0
2022-07-07 14:58:00,6225,6225,6225,6225,0
2022-07-07 14:59:00,6225,6225,6225,6225,0
2022-07-07 15:00:00,6225,6225,6225,6225,63800
2022-07-07 15:01:00,6225,6225,6225,6225,0
2022-07-07 15:02:00,6225,6225,6225,6225,19300
2022-07-07 15:03:00,6225,6225,6225,6225,0
2022-07-07 15:04:00,6225,6225,6225,6225,200
2022-07-07 15:05:00,6225,6225,6225,6225,100
2022-07-07 15:06:00,6225,6225,6225,6225,0
2022-07-07 15:07:00,6225,6225,6225,6225,200
2022-07-07 15:08:00,6225,6225,6225,6225,31700
2022-07-07 15:09:00,6225,6225,6225,6225,1200
2022-07-07 15:10:00,6225,6225,6225,6225,0
2022-07-07 15:11:00,6225,6225,6225,6225,600
2022-07-07 15:12:00,6225,6225,6225,6225,0
2022-07-07 15:13:00,6225,6225,6225,6225,1408100
2022-07-07 15:14:00,6225,6225,6225,6225,0
2022-07-07 15:15:00,6225,6225,6225,6225,0
2022-07-07 15:16:00,6225,6225,6225,6225,0
2022-07-07 15:17:00,6225,6225,6225,6225,0
2022-07-07 15:18:00,6225,6225,6225,6225,0
2022-07-07 15:19:00,6225,6225,6225,6225,0
2022-07-07 15:20:00,6225,6225,6225,6225,0
2022-07-07 15:21:00,6225,6225,6225,6225,0
2022-07-07 15:22:00,6225,6225,6225,6225,0
2022-07-07 15:23:00,6225,6225,6225,6225,0
2022-07-07 15:24:00,6225,6225,6225,6225,0
2022-07-07 15:25:00,6225,6225,6225,6225,0
2022-07-07 15:26:00,6225,6225,6225,6225,0
2022-07-07 15:27:00,6225,6225,6225,6225,0
2022-07-07 15:28:00,6225,6225,6225,6225,0
2022-07-07 15:29:00,6225,6225,6225,6225,0
2022-07-07 15:30:00,6225,6225,6225,6225,0
2022-07-07 15:31:00,6225,6225,6225,6225,0
2022-07-07 15:32:00,6225,6225,6225,6225,0
2022-07-07 15:33:00,6225,6225,6225,6225,0
2022-07-07 15:34:00,6225,6225,6225,6225,0
2022-07-07 15:35:00,6225,6225,6225,6225,0
2022-07-07 15:36:00,6225,6225,6225,6225,0
2022-07-07 15:37:00,6225,6225,6225,6225,0
2022-07-07 15:38:00,6225,6225,6225,6225,0
2022-07-07 15:39:00,6225,6225,6225,6225,0
2022-07-07 15:40:00,6225,6225,6225,6225,0
2022-07-07 15:41:00,6225,6225,6225,6225,0
2022-07-07 15:42:00,6225,6225,6225,6225,0
2022-07-07 15:43:00,6225,6225,6225,6225,0
2022-07-07 15:44:00,6225,6225,6225,6225,0
2022-07-07 15:45:00,6225,6225,6225,6225,0
2022-07-07 15:46:00,6225,6225,6225,6225,0
2022-07-07 15:47:00,6225,6225,6225,6225,0
2022-07-07 15:48:00,6225,6225,6225,6225,0
2022-07-07 15:49:00,6225,6225,6225,6225,0
2022-07-07 15:50:00,6225,6225,6225,6225,0
2022-07-07 15:51:00,6225,6225,6225,6225,0
2022-07-07 15:52:00,6225,6225,6225,6225,0
2022-07-07 15:53:00,6225,6225,6225,6225,0
2022-07-07 15:54:00,6225,6225,6225,6225,0
2022-07-07 15:55:00,6225,6225,6225,6225,0
2022-07-07 15:56:00,6225,6225,6225,6225,0
2022-07-07 15:57:00,6225,6225,6225,6225,0
2022-07-07 15:58:00,6225,6225,6225,6225,0
2022-07-07 15:59:00,6225,6225,6225,6225,0
2022-07-08 09:00:00,6250,6250,6250,6250,4600
2022-07-08 09:01:00,6275,6275,6275,6275,7400
2022-07-08 09:02:00,6275,6275,6275,6275,1000
2022-07-08 09:03:00,6275,6275,6275,6275,0
2022-07-08 09:04:00,6275,6275,6275,6275,3400
2022-07-08 09:05:00,6275,6275,6275,6275,37000
2022-07-08 09:06:00,6275,6275,6275,6275,300
2022-07-08 09:07:00,6250,6250,6250,6250,15100
2022-07-08 09:08:00,6275,6250,6275,6250,5800
2022-07-08 09:09:00,6250,6250,6250,6250,0
2022-07-08 09:10:00,6250,6250,6250,6250,0
2022-07-08 09:11:00,6275,6275,6275,6275,3900
2022-07-08 09:12:00,6275,6275,6275,6275,100
2022-07-08 09:13:00,6275,6250,6275,6250,300
2022-07-08 09:14:00,6250,6250,6250,6250,10900
2022-07-08 09:15:00,6250,6225,6250,6225,26900
2022-07-08 09:16:00,6225,6225,6225,6225,800
2022-07-08 09:17:00,6225,6225,6225,6225,1400
2022-07-08 09:18:00,6250,6225,6250,6225,0
2022-07-08 09:19:00,6250,6225,6250,6225,0
2022-07-08 09:20:00,6250,6225,6250,6225,0
2022-07-08 09:21:00,6225,6225,6225,6225,57500
2022-07-08 09:22:00,6225,6225,6225,6225,0
2022-07-08 09:23:00,6225,6225,6225,6225,0
2022-07-08 09:24:00,6225,6225,6225,6225,0
2022-07-08 09:25:00,6225,6225,6225,6225,0
2022-07-08 09:26:00,6225,6225,6225,6225,0
2022-07-08 09:27:00,6250,6250,6250,6250,3200
2022-07-08 09:28:00,6250,6250,6250,6250,5200
2022-07-08 09:29:00,6250,6250,6250,6250,0
2022-07-08 09:30:00,6250,6250,6250,6250,30700
2022-07-08 09:31:00,6275,6275,6275,6275,0
2022-07-08 09:32:00,6250,6250,6250,6250,18900
2022-07-08 09:33:00,6250,6250,6250,6250,0
2022-07-08 09:34:00,6250,6250,6250,6250,0
2022-07-08 09:35:00,6250,6250,6250,6250,1000
2022-07-08 09:36:00,6250,6250,6250,6250,0
2022-07-08 09:37:00,6250,6250,6250,6250,0
2022-07-08 09:38:00,6250,6250,6250,6250,13200
2022-07-08 09:39:00,6250,6250,6250,6250,0
2022-07-08 09:40:00,6225,6225,6250,6250,0
2022-07-08 09:41:00,6225,6225,6250,6250,0
2022-07-08 09:42:00,6225,6225,6225,6225,50400
2022-07-08 09:43:00,6225,6200,6225,6200,31100
2022-07-08 09:44:00,6200,6200,6200,6200,51200
2022-07-08 09:45:00,6200,6200,6200,6200,0
2022-07-08 09:46:00,6200,6200,6200,6200,0
2022-07-08 09:47:00,6225,6225,6225,6225,300
2022-07-08 09:48:00,6225,6225,6225,6225,4600
2022-07-08 09:49:00,6225,6225,6225,6225,0
2022-07-08 09:50:00,6200,6200,6225,6225,3800
2022-07-08 09:51:00,6200,6200,6225,6225,4900
2022-07-08 09:52:00,6225,6225,6225,6225,100
2022-07-08 09:53:00,6225,6225,6225,6225,900
2022-07-08 09:54:00,6225,6225,6225,6225,0
2022-07-08 09:55:00,6225,6225,6225,6225,0
2022-07-08 09:56:00,6225,6225,6225,6225,0
2022-07-08 09:57:00,6225,6225,6225,6225,100
2022-07-08 09:58:00,6225,6225,6225,6225,2000
2022-07-08 09:59:00,6225,6225,6225,6225,1600
2022-07-08 10:00:00,6225,6225,6225,6225,0
2022-07-08 10:01:00,6225,6225,6225,6225,2100
2022-07-08 10:02:00,6225,6200,6225,6225,6000
2022-07-08 10:03:00,6200,6200,6225,6225,61600
2022-07-08 10:04:00,6200,6200,6225,6225,0
2022-07-08 10:05:00,6250,6250,6250,6250,600
2022-07-08 10:06:00,6250,6250,6250,6250,4100
2022-07-08 10:07:00,6225,6225,6225,6225,0
2022-07-08 10:08:00,6225,6225,6225,6225,0
2022-07-08 10:09:00,6225,6225,6225,6225,0
2022-07-08 10:10:00,6250,6250,6250,6250,300
2022-07-08 10:11:00,6250,6250,6250,6250,0
2022-07-08 10:12:00,6250,6250,6250,6250,0
2022-07-08 10:13:00,6225,6225,6250,6250,100
2022-07-08 10:14:00,6250,6225,6250,6225,2100
2022-07-08 10:15:00,6225,6225,6225,6225,0
2022-07-08 10:16:00,6225,6225,6225,6225,0
2022-07-08 10:17:00,6225,6225,6225,6225,4600
2022-07-08 10:18:00,6225,6225,6225,6225,0
2022-07-08 10:19:00,6225,6225,6225,6225,21900
2022-07-08 10:20:00,6225,6225,6225,6225,0
2022-07-08 10:21:00,6225,6225,6225,6225,200
2022-07-08 10:22:00,6225,6225,6225,6225,0
2022-07-08 10:23:00,6250,6250,6250,6250,100
2022-07-08 10:24:00,6250,6250,6250,6250,0
2022-07-08 10:25:00,6250,6250,6250,6250,0
2022-07-08 10:26:00,6250,6225,6250,6225,13000
2022-07-08 10:27:00,6225,6225,6225,6225,0
2022-07-08 10:28:00,6250,6250,6250,6250,900
2022-07-08 10:29:00,6250,6225,6250,6225,600
2022-07-08 10:30:00,6250,6225,6250,6225,0
2022-07-08 10:31:00,6225,6225,6225,6225,700
2022-07-08 10:32:00,6225,6225,6225,6225,0
2022-07-08 10:33:00,6225,6225,6250,6250,2000
2022-07-08 10:34:00,6250,6250,6250,6250,0
2022-07-08 10:35:00,6225,6225,6250,6225,18800
2022-07-08 10:36:00,6225,6225,6225,6225,0
2022-07-08 10:37:00,6225,6225,6225,6225,1800
2022-07-08 10:38:00,6225,6225,6250,6250,5200
2022-07-08 10:39:00,6225,6225,6250,6250,0
2022-07-08 10:40:00,6225,6225,6225,6225,0
2022-07-08 10:41:00,6225,6225,6225,6225,0
2022-07-08 10:42:00,6225,6225,6225,6225,0
2022-07-08 10:43:00,6225,6225,6225,6225,18400
2022-07-08 10:44:00,6225,6225,6225,6225,1500
2022-07-08 10:45:00,6225,6225,6225,6225,2000
2022-07-08 10:46:00,6225,6225,6225,6225,700
2022-07-08 10:47:00,6225,6225,6225,6225,34200
2022-07-08 10:48:00,6225,6225,6225,6225,1100
2022-07-08 10:49:00,6250,6250,6250,6250,29600
2022-07-08 10:50:00,6250,6250,6250,6250,0
2022-07-08 10:51:00,6250,6250,6250,6250,0
2022-07-08 10:52:00,6250,6250,6250,6250,0
2022-07-08 10:53:00,6225,6225,6225,6225,11600
2022-07-08 10:54:00,6225,6225,6225,6225,200
2022-07-08 10:55:00,6225,6225,6225,6225,0
2022-07-08 10:56:00,6225,6225,6225,6225,400
2022-07-08 10:57:00,6225,6225,6225,6225,0
2022-07-08 10:58:00,6225,6225,6225,6225,1700
2022-07-08 10:59:00,6225,6200,6225,6200,119500
2022-07-08 11:00:00,6200,6200,6200,6200,20500
2022-07-08 11:01:00,6225,6225,6225,6225,1500
2022-07-08 11:02:00,6225,6225,6225,6225,0
2022-07-08 11:03:00,6200,6200,6225,6225,300
2022-07-08 11:04:00,6225,6225,6225,6225,900
2022-07-08 11:05:00,6225,6225,6225,6225,0
2022-07-08 11:06:00,6225,6225,6225,6225,0
2022-07-08 11:07:00,6225,6225,6225,6225,1000
2022-07-08 11:08:00,6225,6225,6225,6225,500
2022-07-08 11:09:00,6225,6225,6225,6225,0
2022-07-08 11:10:00,6225,6225,6225,6225,800
2022-07-08 11:11:00,6225,6225,6225,6225,0
2022-07-08 11:12:00,6200,6200,6200,6200,9600
2022-07-08 11:13:00,6200,6200,6200,6200,0
2022-07-08 11:14:00,6200,6200,6200,6200,0
2022-07-08 11:15:00,6200,6200,6200,6200,10100
2022-07-08 11:16:00,6200,6200,6200,6200,2800
2022-07-08 11:17:00,6200,6200,6200,6200,0
2022-07-08 11:18:00,6225,6225,6225,6225,20300
2022-07-08 11:19:00,6225,6225,6225,6225,10300
2022-07-08 11:20:00,6225,6225,6225,6225,6900
2022-07-08 11:21:00,6225,6225,6225,6225,0
2022-07-08 11:22:00,6225,6225,6225,6225,0
2022-07-08 11:23:00,6225,6225,6225,6225,0
2022-07-08 11:24:00,6225,6225,6225,6225,0
2022-07-08 11:25:00,6225,6225,6225,6225,0
2022-07-08 11:26:00,6225,6225,6225,6225,5200
2022-07-08 11:27:00,6225,6225,6225,6225,0
2022-07-08 11:28:00,6225,6225,6225,6225,0
2022-07-08 11:29:00,6225,6225,6225,6225,0
2022-07-08 11:30:00,6225,6225,6225,6225,0
2022-07-08 11:31:00,6225,6225,6225,6225,0
2022-07-08 11:32:00,6225,6225,6225,6225,0
2022-07-08 11:33:00,6225,6225,6225,6225,0
2022-07-08 11:34:00,6225,6225,6225,6225,0
2022-07-08 11:35:00,6225,6225,6225,6225,0
2022-07-08 11:36:00,6225,6225,6225,6225,0
2022-07-08 11:37:00,6225,6225,6225,6225,0
2022-07-08 11:38:00,6225,6225,6225,6225,0
2022-07-08 11:39:00,6225,6225,6225,6225,0
2022-07-08 11:40:00,6225,6225,6225,6225,0
2022-07-08 11:41:00,6225,6225,6225,6225,0
2022-07-08 11:42:00,6225,6225,6225,6225,0
2022-07-08 11:43:00,6225,6225,6225,6225,0
2022-07-08 11:44:00,6225,6225,6225,6225,0
2022-07-08 11:45:00,6225,6225,6225,6225,0
2022-07-08 11:46:00,6225,6225,6225,6225,0
2022-07-08 11:47:00,6225,6225,6225,6225,0
2022-07-08 11:48:00,6225,6225,6225,6225,0
2022-07-08 11:49:00,6225,6225,6225,6225,0
2022-07-08 11:50:00,6225,6225,6225,6225,0
2022-07-08 11:51:00,6225,6225,6225,6225,0
2022-07-08 11:52:00,6225,6225,6225,6225,0
2022-07-08 11:53:00,6225,6225,6225,6225,0
2022-07-08 11:54:00,6225,6225,6225,6225,0
2022-07-08 11:55:00,6225,6225,6225,6225,0
2022-07-08 11:56:00,6225,6225,6225,6225,0
2022-07-08 11:57:00,6225,6225,6225,6225,0
2022-07-08 11:58:00,6225,6225,6225,6225,0
2022-07-08 11:59:00,6225,6225,6225,6225,0
2022-07-08 12:00:00,6225,6225,6225,6225,0
2022-07-08 12:01:00,6225,6225,6225,6225,0
2022-07-08 12:02:00,6225,6225,6225,6225,0
2022-07-08 12:03:00,6225,6225,6225,6225,0
2022-07-08 12:04:00,6225,6225,6225,6225,0
2022-07-08 12:05:00,6225,6225,6225,6225,0
2022-07-08 12:06:00,6225,6225,6225,6225,0
2022-07-08 12:07:00,6225,6225,6225,6225,0
2022-07-08 12:08:00,6225,6225,6225,6225,0
2022-07-08 12:09:00,6225,6225,6225,6225,0
2022-07-08 12:10:00,6225,6225,6225,6225,0
2022-07-08 12:11:00,6225,6225,6225,6225,0
2022-07-08 12:12:00,6225,6225,6225,6225,0
2022-07-08 12:13:00,6225,6225,6225,6225,0
2022-07-08 12:14:00,6225,6225,6225,6225,0
2022-07-08 12:15:00,6225,6225,6225,6225,0
2022-07-08 12:16:00,6225,6225,6225,6225,0
2022-07-08 12:17:00,6225,6225,6225,6225,0
2022-07-08 12:18:00,6225,6225,6225,6225,0
2022-07-08 12:19:00,6225,6225,6225,6225,0
2022-07-08 12:20:00,6225,6225,6225,6225,0
2022-07-08 12:21:00,6225,6225,6225,6225,0
2022-07-08 12:22:00,6225,6225,6225,6225,0
2022-07-08 12:23:00,6225,6225,6225,6225,0
2022-07-08 12:24:00,6225,6225,6225,6225,0
2022-07-08 12:25:00,6225,6225,6225,6225,0
2022-07-08 12:26:00,6225,6225,6225,6225,0
2022-07-08 12:27:00,6225,6225,6225,6225,0
2022-07-08 12:28:00,6225,6225,6225,6225,0
2022-07-08 12:29:00,6225,6225,6225,6225,0
2022-07-08 12:30:00,6225,6225,6225,6225,0
2022-07-08 12:31:00,6225,6225,6225,6225,0
2022-07-08 12:32:00,6225,6225,6225,6225,0
2022-07-08 12:33:00,6225,6225,6225,6225,0
2022-07-08 12:34:00,6225,6225,6225,6225,0
2022-07-08 12:35:00,6225,6225,6225,6225,0
2022-07-08 12:36:00,6225,6225,6225,6225,0
2022-07-08 12:37:00,6225,6225,6225,6225,0
2022-07-08 12:38:00,6225,6225,6225,6225,0
2022-07-08 12:39:00,6225,6225,6225,6225,0
2022-07-08 12:40:00,6225,6225,6225,6225,0
2022-07-08 12:41:00,6225,6225,6225,6225,0
2022-07-08 12:42:00,6225,6225,6225,6225,0
2022-07-08 12:43:00,6225,6225,6225,6225,0
2022-07-08 12:44:00,6225,6225,6225,6225,0
2022-07-08 12:45:00,6225,6225,6225,6225,0
2022-07-08 12:46:00,6225,6225,6225,6225,0
2022-07-08 12:47:00,6225,6225,6225,6225,0
2022-07-08 12:48:00,6225,6225,6225,6225,0
2022-07-08 12:49:00,6225,6225,6225,6225,0
2022-07-08 12:50:00,6225,6225,6225,6225,0
2022-07-08 12:51:00,6225,6225,6225,6225,0
2022-07-08 12:52:00,6225,6225,6225,6225,0
2022-07-08 12:53:00,6225,6225,6225,6225,0
2022-07-08 12:54:00,6225,6225,6225,6225,0
2022-07-08 12:55:00,6225,6225,6225,6225,0
2022-07-08 12:56:00,6225,6225,6225,6225,0
2022-07-08 12:57:00,6225,6225,6225,6225,0
2022-07-08 12:58:00,6225,6225,6225,6225,0
2022-07-08 12:59:00,6225,6225,6225,6225,0
2022-07-08 13:00:00,6225,6225,6225,6225,0
2022-07-08 13:01:00,6225,6225,6225,6225,0
2022-07-08 13:02:00,6225,6225,6225,6225,0
2022-07-08 13:03:00,6225,6225,6225,6225,0
2022-07-08 13:04:00,6225,6225,6225,6225,0
2022-07-08 13:05:00,6225,6225,6225,6225,0
2022-07-08 13:06:00,6225,6225,6225,6225,0
2022-07-08 13:07:00,6225,6225,6225,6225,0
2022-07-08 13:08:00,6225,6225,6225,6225,0
2022-07-08 13:09:00,6225,6225,6225,6225,0
2022-07-08 13:10:00,6225,6225,6225,6225,0
2022-07-08 13:11:00,6225,6225,6225,6225,0
2022-07-08 13:12:00,6225,6225,6225,6225,0
2022-07-08 13:13:00,6225,6225,6225,6225,0
2022-07-08 13:14:00,6225,6225,6225,6225,0
2022-07-08 13:15:00,6225,6225,6225,6225,0
2022-07-08 13:16:00,6225,6225,6225,6225,0
2022-07-08 13:17:00,6225,6225,6225,6225,0
2022-07-08 13:18:00,6225,6225,6225,6225,0
2022-07-08 13:19:00,6225,6225,6225,6225,0
2022-07-08 13:20:00,6225,6225,6225,6225,0
2022-07-08 13:21:00,6225,6225,6225,6225,0
2022-07-08 13:22:00,6225,6225,6225,6225,0
2022-07-08 13:23:00,6225,6225,6225,6225,0
2022-07-08 13:24:00,6225,6225,6225,6225,0
2022-07-08 13:25:00,6225,6225,6225,6225,0
2022-07-08 13:26:00,6225,6225,6225,6225,0
2022-07-08 13:27:00,6225,6225,6225,6225,0
2022-07-08 13:28:00,6225,6225,6225,6225,0
2022-07-08 13:29:00,6225,6225,6225,6225,0
2022-07-08 13:30:00,6225,6225,6225,6225,2500
2022-07-08 13:31:00,6225,6225,6225,6225,200
2022-07-08 13:32:00,6225,6225,6225,6225,100
2022-07-08 13:33:00,6225,6225,6225,6225,0
2022-07-08 13:34:00,6225,6225,6225,6225,1300
2022-07-08 13:35:00,6225,6225,6225,6225,3200
2022-07-08 13:36:00,6225,6225,6225,6225,0
2022-07-08 13:37:00,6225,6225,6225,6225,0
2022-07-08 13:38:00,6225,6225,6225,6225,0
2022-07-08 13:39:00,6225,6225,6225,6225,0
2022-07-08 13:40:00,6225,6225,6225,6225,0
2022-07-08 13:41:00,6225,6225,6225,6225,0
2022-07-08 13:42:00,6225,6225,6225,6225,3400
2022-07-08 13:43:00,6225,6225,6225,6225,0
2022-07-08 13:44:00,6225,6225,6225,6225,0
2022-07-08 13:45:00,6225,6225,6225,6225,0
2022-07-08 13:46:00,6225,6225,6225,6225,0
2022-07-08 13:47:00,6225,6225,6225,6225,1800
2022-07-08 13:48:00,6225,6225,6225,6225,21200
2022-07-08 13:49:00,6225,6225,6250,6250,400
2022-07-08 13:50:00,6225,6225,6225,6225,400
2022-07-08 13:51:00,6225,6225,6225,6225,6600
2022-07-08 13:52:00,6225,6225,6225,6225,0
2022-07-08 13:53:00,6225,6225,6225,6225,100
2022-07-08 13:54:00,6225,6225,6225,6225,0
2022-07-08 13:55:00,6225,6225,6225,6225,0
2022-07-08 13:56:00,6200,6200,6225,6225,1100
2022-07-08 13:57:00,6225,6225,6225,6225,2500
2022-07-08 13:58:00,6225,6225,6225,6225,0
2022-07-08 13:59:00,6225,6225,6225,6225,100
2022-07-08 14:00:00,6225,6225,6225,6225,500
2022-07-08 14:01:00,6225,6225,6225,6225,0
2022-07-08 14:02:00,6200,6200,6200,6200,13600
2022-07-08 14:03:00,6225,6225,6225,6225,4100
2022-07-08 14:04:00,6225,6200,6225,6200,3700
2022-07-08 14:05:00,6200,6200,6225,6225,2700
2022-07-08 14:06:00,6225,6225,6225,6225,300
2022-07-08 14:07:00,6225,6200,6225,6200,1000
2022-07-08 14:08:00,6225,6225,6225,6225,25400
2022-07-08 14:09:00,6225,6225,6225,6225,0
2022-07-08 14:10:00,6225,6200,6225,6200,170500
2022-07-08 14:11:00,6250,6225,6250,6225,7500
2022-07-08 14:12:00,6200,6200,6200,6200,16700
2022-07-08 14:13:00,6200,6200,6200,6200,3000
2022-07-08 14:14:00,6200,6200,6200,6200,0
2022-07-08 14:15:00,6200,6200,6200,6200,0
2022-07-08 14:16:00,6200,6200,6200,6200,4100
2022-07-08 14:17:00,6225,6225,6225,6225,200
2022-07-08 14:18:00,6200,6200,6225,6225,32100
2022-07-08 14:19:00,6225,6225,6225,6225,7100
2022-07-08 14:20:00,6225,6225,6225,6225,0
2022-07-08 14:21:00,6225,6225,6225,6225,1100
2022-07-08 14:22:00,6225,6225,6225,6225,400
2022-07-08 14:23:00,6225,6225,6225,6225,2500
2022-07-08 14:24:00,6225,6225,6225,6225,4700
2022-07-08 14:25:00,6225,6225,6225,6225,0
2022-07-08 14:26:00,6225,6225,6225,6225,0
2022-07-08 14:27:00,6200,6200,6225,6225,400
2022-07-08 14:28:00,6225,6225,6225,6225,1900
2022-07-08 14:29:00,6200,6200,6225,6225,1700
2022-07-08 14:30:00,6200,6200,6225,6225,0
2022-07-08 14:31:00,6225,6225,6225,6225,3300
2022-07-08 14:32:00,6225,6225,6225,6225,500
2022-07-08 14:33:00,6200,6200,6200,6200,0
2022-07-08 14:34:00,6200,6200,6200,6200,0
2022-07-08 14:35:00,6200,6200,6200,6200,800
2022-07-08 14:36:00,6225,6225,6225,6225,200
2022-07-08 14:37:00,6225,6225,6225,6225,0
2022-07-08 14:38:00,6225,6225,6225,6225,500
2022-07-08 14:39:00,6225,6200,6225,6200,1500
2022-07-08 14:40:00,6200,6200,6225,6225,3900
2022-07-08 14:41:00,6225,6225,6225,6225,600
2022-07-08 14:42:00,6200,6200,6200,6200,200
2022-07-08 14:43:00,6200,6200,6200,6200,0
2022-07-08 14:44:00,6200,6200,6225,6225,2000
2022-07-08 14:45:00,6200,6200,6200,6200,800
2022-07-08 14:46:00,6200,6200,6200,6200,52200
2022-07-08 14:47:00,6225,6225,6225,6225,8600
2022-07-08 14:48:00,6225,6200,6225,6225,2600
2022-07-08 14:49:00,6200,6200,6225,6200,58800
2022-07-08 14:50:00,6200,6200,6225,6200,0
2022-07-08 14:51:00,6200,6200,6225,6200,0
2022-07-08 14:52:00,6200,6200,6225,6200,0
2022-07-08 14:53:00,6200,6200,6225,6200,0
2022-07-08 14:54:00,6200,6200,6225,6200,0
2022-07-08 14:55:00,6200,6200,6225,6200,0
2022-07-08 14:56:00,6200,6200,6225,6200,0
2022-07-08 14:57:00,6200,6200,6225,6200,0
2022-07-08 14:58:00,6200,6200,6225,6200,0
2022-07-08 14:59:00,6200,6200,6225,6200,0
2022-07-08 15:00:00,6200,6200,6200,6200,121800
2022-07-08 15:01:00,6200,6200,6200,6200,0
2022-07-08 15:02:00,6200,6200,6200,6200,1400
2022-07-08 15:03:00,6200,6200,6200,6200,1200
2022-07-08 15:04:00,6200,6200,6200,6200,2200
2022-07-08 15:05:00,6200,6200,6200,6200,27500
2022-07-08 15:06:00,6200,6200,6200,6200,0
2022-07-08 15:07:00,6200,6200,6200,6200,0
2022-07-08 15:08:00,6200,6200,6200,6200,0
2022-07-08 15:09:00,6200,6200,6200,6200,0
2022-07-08 15:10:00,6200,6200,6200,6200,0
2022-07-08 15:11:00,6200,6200,6200,6200,0
2022-07-08 15:12:00,6200,6200,6200,6200,0
2022-07-08 15:13:00,6200,6200,6200,6200,0
2022-07-08 15:14:00,6200,6200,6200,6200,0
2022-07-08 15:15:00,6200,6200,6200,6200,0
2022-07-08 15:16:00,6200,6200,6200,6200,0
2022-07-08 15:17:00,6200,6200,6200,6200,0
2022-07-08 15:18:00,6200,6200,6200,6200,0
2022-07-08 15:19:00,6200,6200,6200,6200,0
2022-07-08 15:20:00,6200,6200,6200,6200,0
2022-07-08 15:21:00,6200,6200,6200,6200,0
2022-07-08 15:22:00,6200,6200,6200,6200,0
2022-07-08 15:23:00,6200,6200,6200,6200,0
2022-07-08 15:24:00,6200,6200,6200,6200,0
2022-07-08 15:25:00,6200,6200,6200,6200,0
2022-07-08 15:26:00,6200,6200,6200,6200,0
2022-07-08 15:27:00,6200,6200,6200,6200,0
2022-07-08 15:28:00,6200,6200,6200,6200,0
2022-07-08 15:29:00,6200,6200,6200,6200,0
2022-07-08 15:30:00,6200,6200,6200,6200,0
2022-07-08 15:31:00,6200,6200,6200,6200,0
2022-07-08 15:32:00,6200,6200,6200,6200,0
2022-07-08 15:33:00,6200,6200,6200,6200,0
2022-07-08 15:34:00,6200,6200,6200,6200,0
2022-07-08 15:35:00,6200,6200,6200,6200,0
2022-07-08 15:36:00,6200,6200,6200,6200,0
2022-07-08 15:37:00,6200,6200,6200,6200,0
2022-07-08 15:38:00,6200,6200,6200,6200,0
2022-07-08 15:39:00,6200,6200,6200,6200,0
2022-07-08 15:40:00,6200,6200,6200,6200,0
2022-07-08 15:41:00,6200,6200,6200,6200,0
2022-07-08 15:42:00,6200,6200,6200,6200,0
2022-07-08 15:43:00,6200,6200,6200,6200,0
2022-07-08 15:44:00,6200,6200,6200,6200,0
2022-07-08 15:45:00,6200,6200,6200,6200,0
2022-07-08 15:46:00,6200,6200,6200,6200,0
2022-07-08 15:47:00,6200,6200,6200,6200,0
2022-07-08 15:48:00,6200,6200,6200,6200,0
2022-07-08 15:49:00,6200,6200,6200,6200,0
2022-07-08 15:50:00,6200,6200,6200,6200,0
2022-07-08 15:51:00,6200,6200,6200,6200,0
2022-07-08 15:52:00,6200,6200,6200,6200,0
2022-07-08 15:53:00,6200,6200,6200,6200,0
2022-07-08 15:54:00,6200,6200,6200,6200,0
2022-07-08 15:55:00,6200,6200,6200,6200,0
2022-07-08 15:56:00,6200,6200,6200,6200,0
2022-07-08 15:57:00,6200,6200,6200,6200,0
2022-07-08 15:58:00,6200,6200,6200,6200,0
2022-07-08 15:59:00,6200,6200,6200,6200,0
2022-07-11 09:00:00,6225,6225,6225,6225,500
2022-07-11 09:01:00,6225,6225,6225,6225,0
2022-07-11 09:02:00,6225,6225,6225,6225,0
2022-07-11 09:03:00,6225,6225,6225,6225,0
2022-07-11 09:04:00,6225,6225,6225,6225,0
2022-07-11 09:05:00,6225,6225,6225,6225,1800
2022-07-11 09:06:00,6225,6225,6225,6225,3200
2022-07-11 09:07:00,6225,6225,6225,6225,7400
2022-07-11 09:08:00,6225,6225,6225,6225,9000
2022-07-11 09:09:00,6225,6225,6225,6225,0
2022-07-11 09:10:00,6200,6200,6225,6225,3600
2022-07-11 09:11:00,6200,6200,6225,6225,2200
2022-07-11 09:12:00,6225,6225,6225,6225,1300
2022-07-11 09:13:00,6225,6225,6250,6250,20300
2022-07-11 09:14:00,6225,6225,6250,6250,0
2022-07-11 09:15:00,6250,6250,6250,6250,2000
2022-07-11 09:16:00,6275,6275,6275,6275,41100
2022-07-11 09:17:00,6275,6275,6275,6275,0
2022-07-11 09:18:00,6300,6275,6300,6275,16400
2022-07-11 09:19:00,6300,6275,6300,6275,21500
2022-07-11 09:20:00,6300,6275,6300,6275,0
2022-07-11 09:21:00,6275,6275,6275,6275,200
2022-07-11 09:22:00,6275,6275,6275,6275,2000
2022-07-11 09:23:00,6275,6275,6275,6275,0
2022-07-11 09:24:00,6275,6250,6275,6250,23000
2022-07-11 09:25:00,6250,6250,6250,6250,100
2022-07-11 09:26:00,6275,6275,6275,6275,100
2022-07-11 09:27:00,6250,6250,6275,6275,1300
2022-07-11 09:28:00,6250,6250,6275,6275,0
2022-07-11 09:29:00,6250,6250,6275,6275,0
2022-07-11 09:30:00,6275,6250,6275,6250,6900
2022-07-11 09:31:00,6250,6250,6250,6250,1600
2022-07-11 09:32:00,6250,6250,6250,6250,400
2022-07-11 09:33:00,6250,6250,6250,6250,600
2022-07-11 09:34:00,6275,6275,6275,6275,0
2022-07-11 09:35:00,6275,6275,6275,6275,600
2022-07-11 09:36:00,6275,6275,6275,6275,0
2022-07-11 09:37:00,6275,6275,6275,6275,0
2022-07-11 09:38:00,6275,6275,6275,6275,0
2022-07-11 09:39:00,6275,6275,6275,6275,0
2022-07-11 09:40:00,6275,6275,6275,6275,12400
2022-07-11 09:41:00,6275,6275,6275,6275,3400
2022-07-11 09:42:00,6275,6275,6275,6275,0
2022-07-11 09:43:00,6275,6275,6275,6275,0
2022-07-11 09:44:00,6275,6275,6300,6300,59600
2022-07-11 09:45:00,6300,6300,6300,6300,19700
2022-07-11 09:46:00,6300,6300,6300,6300,300
2022-07-11 09:47:00,6275,6275,6275,6275,1900
2022-07-11 09:48:00,6275,6275,6275,6275,0
2022-07-11 09:49:00,6275,6275,6275,6275,7900
2022-07-11 09:50:00,6300,6300,6300,6300,0
2022-07-11 09:51:00,6275,6275,6275,6275,200
2022-07-11 09:52:00,6275,6275,6275,6275,3700
2022-07-11 09:53:00,6275,6275,6275,6275,0
2022-07-11 09:54:00,6300,6300,6300,6300,4100
2022-07-11 09:55:00,6300,6300,6300,6300,0
2022-07-11 09:56:00,6300,6300,6300,6300,0
2022-07-11 09:57:00,6300,6300,6300,6300,0
2022-07-11 09:58:00,6275,6275,6300,6300,4000
2022-07-11 09:59:00,6300,6300,6300,6300,1200
2022-07-11 10:00:00,6300,6300,6300,6300,0
2022-07-11 10:01:00,6300,6300,6300,6300,0
2022-07-11 10:02:00,6275,6275,6275,6275,0
2022-07-11 10:03:00,6275,6275,6275,6275,1400
2022-07-11 10:04:00,6275,6275,6275,6275,0
2022-07-11 10:05:00,6275,6275,6275,6275,0
2022-07-11 10:06:00,6275,6275,6275,6275,0
2022-07-11 10:07:00,6275,6275,6275,6275,0
2022-07-11 10:08:00,6275,6275,6275,6275,0
2022-07-11 10:09:00,6275,6275,6275,6275,0
2022-07-11 10:10:00,6275,6275,6275,6275,0
2022-07-11 10:11:00,6300,6300,6300,6300,800
2022-07-11 10:12:00,6300,6300,6300,6300,0
2022-07-11 10:13:00,6275,6275,6300,6300,200
2022-07-11 10:14:00,6275,6275,6300,6300,0
2022-07-11 10:15:00,6300,6300,6300,6300,900
2022-07-11 10:16:00,6300,6300,6300,6300,0
2022-07-11 10:17:00,6300,6275,6300,6275,900
2022-07-11 10:18:00,6275,6275,6300,6275,7400
2022-07-11 10:19:00,6275,6275,6300,6275,0
2022-07-11 10:20:00,6275,6275,6275,6275,200
2022-07-11 10:21:00,6275,6275,6275,6275,300
2022-07-11 10:22:00,6275,6275,6275,6275,100
2022-07-11 10:23:00,6275,6275,6275,6275,0
2022-07-11 10:24:00,6275,6275,6275,6275,700
2022-07-11 10:25:00,6275,6275,6275,6275,0
2022-07-11 10:26:00,6275,6275,6275,6275,0
2022-07-11 10:27:00,6275,6275,6275,6275,0
2022-07-11 10:28:00,6275,6275,6275,6275,600
2022-07-11 10:29:00,6275,6275,6275,6275,3500
2022-07-11 10:30:00,6275,6275,6275,6275,0
2022-07-11 10:31:00,6275,6275,6275,6275,0
2022-07-11 10:32:00,6300,6300,6300,6300,76300
2022-07-11 10:33:00,6300,6300,6300,6300,1400
2022-07-11 10:34:00,6325,6300,6325,6300,0
2022-07-11 10:35:00,6325,6300,6325,6300,0
2022-07-11 10:36:00,6325,6300,6325,6300,0
2022-07-11 10:37:00,6325,6300,6325,6300,0
2022-07-11 10:38:00,6300,6300,6300,6300,800
2022-07-11 10:39:00,6300,6300,6300,6300,0
2022-07-11 10:40:00,6300,6300,6300,6300,1000
2022-07-11 10:41:00,6300,6300,6300,6300,0
2022-07-11 10:42:00,6300,6300,6300,6300,0
2022-07-11 10:43:00,6300,6300,6300,6300,0
2022-07-11 10:44:00,6300,6300,6300,6300,400
2022-07-11 10:45:00,6300,6300,6300,6300,0
2022-07-11 10:46:00,6300,6300,6300,6300,0
2022-07-11 10:47:00,6300,6300,6300,6300,0
2022-07-11 10:48:00,6325,6325,6325,6325,1000
2022-07-11 10:49:00,6325,6325,6325,6325,0
2022-07-11 10:50:00,6300,6300,6300,6300,400
2022-07-11 10:51:00,6300,6300,6300,6300,0
2022-07-11 10:52:00,6300,6300,6300,6300,2600
2022-07-11 10:53:00,6325,6325,6325,6325,600
2022-07-11 10:54:00,6325,6325,6325,6325,4500
2022-07-11 10:55:00,6325,6325,6325,6325,0
2022-07-11 10:56:00,6300,6300,6300,6300,0
2022-07-11 10:57:00,6300,6300,6300,6300,0
2022-07-11 10:58:00,6300,6300,6300,6300,0
2022-07-11 10:59:00,6300,6300,6300,6300,0
2022-07-11 11:00:00,6325,6300,6325,6300,11200
2022-07-11 11:01:00,6325,6300,6325,6300,600
2022-07-11 11:02:00,6325,6300,6325,6300,0
2022-07-11 11:03:00,6325,6300,6325,6300,0
2022-07-11 11:04:00,6300,6300,6325,6325,7400
2022-07-11 11:05:00,6300,6300,6325,6325,0
2022-07-11 11:06:00,6325,6325,6325,6325,1200
2022-07-11 11:07:00,6325,6325,6325,6325,13000
2022-07-11 11:08:00,6300,6300,6300,6300,49200
2022-07-11 11:09:00,6300,6300,6300,6300,200
2022-07-11 11:10:00,6300,6275,6300,6275,2700
2022-07-11 11:11:00,6300,6275,6300,6275,0
2022-07-11 11:12:00,6300,6275,6300,6275,0
2022-07-11 11:13:00,6300,6300,6300,6300,2800
2022-07-11 11:14:00,6300,6300,6300,6300,0
2022-07-11 11:15:00,6300,6300,6300,6300,0
2022-07-11 11:16:00,6325,6325,6325,6325,0
2022-07-11 11:17:00,6325,6325,6325,6325,0
2022-07-11 11:18:00,6325,6325,6325,6325,0
2022-07-11 11:19:00,6300,6300,6300,6300,200
2022-07-11 11:20:00,6300,6300,6325,6325,3000
2022-07-11 11:21:00,6300,6300,6325,6325,0
2022-07-11 11:22:00,6325,6325,6350,6350,103900
2022-07-11 11:23:00,6350,6350,6350,6350,109300
2022-07-11 11:24:00,6350,6350,6375,6375,57300
2022-07-11 11:25:00,6375,6375,6375,6375,8000
2022-07-11 11:26:00,6375,6375,6375,6375,6000
2022-07-11 11:27:00,6350,6350,6350,6350,20400
2022-07-11 11:28:00,6350,6350,6375,6350,11000
2022-07-11 11:29:00,6350,6350,6375,6350,0
2022-07-11 11:30:00,6350,6350,6375,6350,0
2022-07-11 11:31:00,6350,6350,6375,6350,0
2022-07-11 11:32:00,6350,6350,6375,6350,0
2022-07-11 11:33:00,6350,6350,6375,6350,0
2022-07-11 11:34:00,6350,6350,6375,6350,0
2022-07-11 11:35:00,6350,6350,6375,6350,0
2022-07-11 11:36:00,6350,6350,6375,6350,0
2022-07-11 11:37:00,6350,6350,6375,6350,0
2022-07-11 11:38:00,6350,6350,6375,6350,0
2022-07-11 11:39:00,6350,6350,6375,6350,0
2022-07-11 11:40:00,6350,6350,6375,6350,0
2022-07-11 11:41:00,6350,6350,6375,6350,0
2022-07-11 11:42:00,6350,6350,6375,6350,0
2022-07-11 11:43:00,6350,6350,6375,6350,0
2022-07-11 11:44:00,6350,6350,6375,6350,0
2022-07-11 11:45:00,6350,6350,6375,6350,0
2022-07-11 11:46:00,6350,6350,6375,6350,0
2022-07-11 11:47:00,6350,6350,6375,6350,0
2022-07-11 11:48:00,6350,6350,6375,6350,0
2022-07-11 11:49:00,6350,6350,6375,6350,0
2022-07-11 11:50:00,6350,6350,6375,6350,0
2022-07-11 11:51:00,6350,6350,6375,6350,0
2022-07-11 11:52:00,6350,6350,6375,6350,0
2022-07-11 11:53:00,6350,6350,6375,6350,0
2022-07-11 11:54:00,6350,6350,6375,6350,0
2022-07-11 11:55:00,6350,6350,6375,6350,0
2022-07-11 11:56:00,6350,6350,6375,6350,0
2022-07-11 11:57:00,6350,6350,6375,6350,0
2022-07-11 11:58:00,6350,6350,6375,6350,0
2022-07-11 11:59:00,6350,6350,6375,6350,0
2022-07-11 12:00:00,6350,6350,6375,6350,0
2022-07-11 12:01:00,6350,6350,6375,6350,0
2022-07-11 12:02:00,6350,6350,6375,6350,0
2022-07-11 12:03:00,6350,6350,6375,6350,0
2022-07-11 12:04:00,6350,6350,6375,6350,0
2022-07-11 12:05:00,6350,6350,6375,6350,0
2022-07-11 12:06:00,6350,6350,6375,6350,0
2022-07-11 12:07:00,6350,6350,6375,6350,0
2022-07-11 12:08:00,6350,6350,6375,6350,0
2022-07-11 12:09:00,6350,6350,6375,6350,0
2022-07-11 12:10:00,6350,6350,6375,6350,0
2022-07-11 12:11:00,6350,6350,6375,6350,0
2022-07-11 12:12:00,6350,6350,6375,6350,0
2022-07-11 12:13:00,6350,6350,6375,6350,0
2022-07-11 12:14:00,6350,6350,6375,6350,0
2022-07-11 12:15:00,6350,6350,6375,6350,0
2022-07-11 12:16:00,6350,6350,6375,6350,0
2022-07-11 12:17:00,6350,6350,6375,6350,0
2022-07-11 12:18:00,6350,6350,6375,6350,0
2022-07-11 12:19:00,6350,6350,6375,6350,0
2022-07-11 12:20:00,6350,6350,6375,6350,0
2022-07-11 12:21:00,6350,6350,6375,6350,0
2022-07-11 12:22:00,6350,6350,6375,6350,0
2022-07-11 12:23:00,6350,6350,6375,6350,0
2022-07-11 12:24:00,6350,6350,6375,6350,0
2022-07-11 12:25:00,6350,6350,6375,6350,0
2022-07-11 12:26:00,6350,6350,6375,6350,0
2022-07-11 12:27:00,6350,6350,6375,6350,0
2022-07-11 12:28:00,6350,6350,6375,6350,0
2022-07-11 12:29:00,6350,6350,6375,6350,0
2022-07-11 12:30:00,6350,6350,6375,6350,0
2022-07-11 12:31:00,6350,6350,6375,6350,0
2022-07-11 12:32:00,6350,6350,6375,6350,0
2022-07-11 12:33:00,6350,6350,6375,6350,0
2022-07-11 12:34:00,6350,6350,6375,6350,0
2022-07-11 12:35:00,6350,6350,6375,6350,0
2022-07-11 12:36:00,6350,6350,6375,6350,0
2022-07-11 12:37:00,6350,6350,6375,6350,0
2022-07-11 12:38:00,6350,6350,6375,6350,0
2022-07-11 12:39:00,6350,6350,6375,6350,0
2022-07-11 12:40:00,6350,6350,6375,6350,0
2022-07-11 12:41:00,6350,6350,6375,6350,0
2022-07-11 12:42:00,6350,6350,6375,6350,0
2022-07-11 12:43:00,6350,6350,6375,6350,0
2022-07-11 12:44:00,6350,6350,6375,6350,0
2022-07-11 12:45:00,6350,6350,6375,6350,0
2022-07-11 12:46:00,6350,6350,6375,6350,0
2022-07-11 12:47:00,6350,6350,6375,6350,0
2022-07-11 12:48:00,6350,6350,6375,6350,0
2022-07-11 12:49:00,6350,6350,6375,6350,0
2022-07-11 12:50:00,6350,6350,6375,6350,0
2022-07-11 12:51:00,6350,6350,6375,6350,0
2022-07-11 12:52:00,6350,6350,6375,6350,0
2022-07-11 12:53:00,6350,6350,6375,6350,0
2022-07-11 12:54:00,6350,6350,6375,6350,0
2022-07-11 12:55:00,6350,6350,6375,6350,0
2022-07-11 12:56:00,6350,6350,6375,6350,0
2022-07-11 12:57:00,6350,6350,6375,6350,0
2022-07-11 12:58:00,6350,6350,6375,6350,0
2022-07-11 12:59:00,6350,6350,6375,6350,0
2022-07-11 13:00:00,6350,6350,6375,6350,0
2022-07-11 13:01:00,6350,6350,6375,6350,0
2022-07-11 13:02:00,6350,6350,6375,6350,0
2022-07-11 13:03:00,6350,6350,6375,6350,0
2022-07-11 13:04:00,6350,6350,6375,6350,0
2022-07-11 13:05:00,6350,6350,6375,6350,0
2022-07-11 13:06:00,6350,6350,6375,6350,0
2022-07-11 13:07:00,6350,6350,6375,6350,0
2022-07-11 13:08:00,6350,6350,6375,6350,0
2022-07-11 13:09:00,6350,6350,6375,6350,0
2022-07-11 13:10:00,6350,6350,6375,6350,0
2022-07-11 13:11:00,6350,6350,6375,6350,0
2022-07-11 13:12:00,6350,6350,6375,6350,0
2022-07-11 13:13:00,6350,6350,6375,6350,0
2022-07-11 13:14:00,6350,6350,6375,6350,0
2022-07-11 13:15:00,6350,6350,6375,6350,0
2022-07-11 13:16:00,6350,6350,6375,6350,0
2022-07-11 13:17:00,6350,6350,6375,6350,0
2022-07-11 13:18:00,6350,6350,6375,6350,0
2022-07-11 13:19:00,6350,6350,6375,6350,0
2022-07-11 13:20:00,6350,6350,6375,6350,0
2022-07-11 13:21:00,6350,6350,6375,6350,0
2022-07-11 13:22:00,6350,6350,6375,6350,0
2022-07-11 13:23:00,6350,6350,6375,6350,0
2022-07-11 13:24:00,6350,6350,6375,6350,0
2022-07-11 13:25:00,6350,6350,6375,6350,0
2022-07-11 13:26:00,6350,6350,6375,6350,0
2022-07-11 13:27:00,6350,6350,6375,6350,0
2022-07-11 13:28:00,6350,6350,6375,6350,0
2022-07-11 13:29:00,6350,6350,6375,6350,0
2022-07-11 13:30:00,6325,6325,6350,6325,54500
2022-07-11 13:31:00,6300,6300,6325,6325,23500
2022-07-11 13:32:00,6300,6300,6300,6300,133100
2022-07-11 13:33:00,6300,6300,6300,6300,0
2022-07-11 13:34:00,6300,6300,6300,6300,0
2022-07-11 13:35:00,6325,6325,6325,6325,2000
2022-07-11 13:36:00,6325,6325,6325,6325,0
2022-07-11 13:37:00,6300,6300,6300,6300,8900
2022-07-11 13:38:00,6300,6300,6300,6300,3600
2022-07-11 13:39:00,6300,6300,6300,6300,200
2022-07-11 13:40:00,6300,6300,6300,6300,4500
2022-07-11 13:41:00,6300,6300,6300,6300,0
2022-07-11 13:42:00,6300,6300,6300,6300,1900
2022-07-11 13:43:00,6300,6300,6300,6300,1400
2022-07-11 13:44:00,6300,6300,6300,6300,2800
2022-07-11 13:45:00,6300,6275,6300,6275,1600
2022-07-11 13:46:00,6300,6275,6300,6275,0
2022-07-11 13:47:00,6275,6275,6275,6275,3000
2022-07-11 13:48:00,6300,6300,6300,6300,1500
2022-07-11 13:49:00,6275,6275,6275,6275,0
2022-07-11 13:50:00,6275,6275,6275,6275,0
2022-07-11 13:51:00,6300,6300,6300,6300,2600
2022-07-11 13:52:00,6300,6300,6300,6300,800
2022-07-11 13:53:00,6300,6300,6300,6300,0
2022-07-11 13:54:00,6300,6300,6300,6300,1800
2022-07-11 13:55:00,6300,6300,6300,6300,0
2022-07-11 13:56:00,6275,6275,6275,6275,700
2022-07-11 13:57:00,6275,6275,6300,6300,8700
2022-07-11 13:58:00,6275,6275,6300,6300,0
2022-07-11 13:59:00,6300,6300,6300,6300,0
2022-07-11 14:00:00,6275,6275,6275,6275,57800
2022-07-11 14:01:00,6275,6275,6275,6275,0
2022-07-11 14:02:00,6275,6275,6300,6300,800
2022-07-11 14:03:00,6300,6300,6325,6325,35000
2022-07-11 14:04:00,6300,6300,6325,6325,30700
2022-07-11 14:05:00,6300,6300,6325,6325,0
2022-07-11 14:06:00,6325,6325,6325,6325,400
2022-07-11 14:07:00,6325,6325,6325,6325,0
2022-07-11 14:08:00,6300,6300,6300,6300,2100
2022-07-11 14:09:00,6300,6300,6300,6300,0
2022-07-11 14:10:00,6300,6300,6300,6300,900
2022-07-11 14:11:00,6300,6300,6300,6300,7100
2022-07-11 14:12:00,6300,6300,6300,6300,2900
2022-07-11 14:13:00,6325,6325,6325,6325,1000
2022-07-11 14:14:00,6300,6300,6300,6300,19200
2022-07-11 14:15:00,6300,6300,6300,6300,0
2022-07-11 14:16:00,6300,6300,6300,6300,1500
2022-07-11 14:17:00,6300,6300,6300,6300,0
2022-07-11 14:18:00,6300,6300,6300,6300,1400
2022-07-11 14:19:00,6325,6325,6325,6325,0
2022-07-11 14:20:00,6300,6300,6300,6300,1100
2022-07-11 14:21:00,6300,6300,6300,6300,200
2022-07-11 14:22:00,6300,6300,6300,6300,18100
2022-07-11 14:23:00,6300,6300,6300,6300,0
2022-07-11 14:24:00,6300,6300,6300,6300,49700
2022-07-11 14:25:00,6300,6300,6300,6300,300
2022-07-11 14:26:00,6300,6300,6300,6300,800
2022-07-11 14:27:00,6300,6300,6300,6300,2800
2022-07-11 14:28:00,6300,6300,6300,6300,1500
2022-07-11 14:29:00,6300,6300,6300,6300,0
2022-07-11 14:30:00,6325,6325,6325,6325,200
2022-07-11 14:31:00,6325,6325,6325,6325,0
2022-07-11 14:32:00,6300,6300,6300,6300,0
2022-07-11 14:33:00,6300,6300,6300,6300,100
2022-07-11 14:34:00,6300,6300,6300,6300,0
2022-07-11 14:35:00,6300,6300,6325,6325,2000
2022-07-11 14:36:00,6300,6300,6325,6325,0
2022-07-11 14:37:00,6300,6300,6325,6325,0
2022-07-11 14:38:00,6300,6300,6300,6300,100
2022-07-11 14:39:00,6300,6300,6300,6300,700
2022-07-11 14:40:00,6300,6300,6300,6300,11400
2022-07-11 14:41:00,6300,6300,6300,6300,900
2022-07-11 14:42:00,6300,6275,6300,6275,10600
2022-07-11 14:43:00,6275,6275,6275,6275,0
2022-07-11 14:44:00,6300,6300,6300,6300,0
2022-07-11 14:45:00,6300,6300,6300,6300,28300
2022-07-11 14:46:00,6300,6300,6325,6325,9900
2022-07-11 14:47:00,6325,6325,6325,6325,6600
2022-07-11 14:48:00,6325,6300,6325,6300,2300
2022-07-11 14:49:00,6325,6300,6325,6300,1300
2022-07-11 14:50:00,6325,6300,6325,6300,0
2022-07-11 14:51:00,6325,6300,6325,6300,0
2022-07-11 14:52:00,6325,6300,6325,6300,0
2022-07-11 14:53:00,6325,6300,6325,6300,0
2022-07-11 14:54:00,6325,6300,6325,6300,0
2022-07-11 14:55:00,6325,6300,6325,6300,0
2022-07-11 14:56:00,6325,6300,6325,6300,0
2022-07-11 14:57:00,6325,6300,6325,6300,0
2022-07-11 14:58:00,6325,6300,6325,6300,0
2022-07-11 14:59:00,6325,6300,6325,6300,0
2022-07-11 15:00:00,6325,6325,6325,6325,104800
2022-07-11 15:01:00,6325,6325,6325,6325,7200
2022-07-11 15:02:00,6325,6325,6325,6325,0
2022-07-11 15:03:00,6325,6325,6325,6325,400
2022-07-11 15:04:00,6325,6325,6325,6325,100
2022-07-11 15:05:00,6325,6325,6325,6325,10900
2022-07-11 15:06:00,6325,6325,6325,6325,0
2022-07-11 15:07:00,6325,6325,6325,6325,0
2022-07-11 15:08:00,6325,6325,6325,6325,0
2022-07-11 15:09:00,6325,6325,6325,6325,0
2022-07-11 15:10:00,6325,6325,6325,6325,600
2022-07-11 15:11:00,6325,6325,6325,6325,0
2022-07-11 15:12:00,6325,6325,6325,6325,1482200
2022-07-11 15:13:00,6325,6325,6325,6325,0
2022-07-11 15:14:00,6325,6325,6325,6325,0
2022-07-11 15:15:00,6325,6325,6325,6325,0
2022-07-11 15:16:00,6325,6325,6325,6325,0
2022-07-11 15:17:00,6325,6325,6325,6325,0
2022-07-11 15:18:00,6325,6325,6325,6325,0
2022-07-11 15:19:00,6325,6325,6325,6325,0
2022-07-11 15:20:00,6325,6325,6325,6325,0
2022-07-11 15:21:00,6325,6325,6325,6325,0
2022-07-11 15:22:00,6325,6325,6325,6325,0
2022-07-11 15:23:00,6325,6325,6325,6325,0
2022-07-11 15:24:00,6325,6325,6325,6325,0
2022-07-11 15:25:00,6325,6325,6325,6325,0
2022-07-11 15:26:00,6325,6325,6325,6325,0
2022-07-11 15:27:00,6325,6325,6325,6325,0
2022-07-11 15:28:00,6325,6325,6325,6325,0
2022-07-11 15:29:00,6325,6325,6325,6325,0
2022-07-11 15:30:00,6325,6325,6325,6325,0
2022-07-11 15:31:00,6325,6325,6325,6325,0
2022-07-11 15:32:00,6325,6325,6325,6325,0
2022-07-11 15:33:00,6325,6325,6325,6325,0
2022-07-11 15:34:00,6325,6325,6325,6325,0
2022-07-11 15:35:00,6325,6325,6325,6325,0
2022-07-11 15:36:00,6325,6325,6325,6325,0
2022-07-11 15:37:00,6325,6325,6325,6325,0
2022-07-11 15:38:00,6325,6325,6325,6325,0
2022-07-11 15:39:00,6325,6325,6325,6325,0
2022-07-11 15:40:00,6325,6325,6325,6325,0
2022-07-11 15:41:00,6325,6325,6325,6325,0
2022-07-11 15:42:00,6325,6325,6325,6325,0
2022-07-11 15:43:00,6325,6325,6325,6325,0
2022-07-11 15:44:00,6325,6325,6325,6325,0
2022-07-11 15:45:00,6325,6325,6325,6325,0
2022-07-11 15:46:00,6325,6325,6325,6325,0
2022-07-11 15:47:00,6325,6325,6325,6325,0
2022-07-11 15:48:00,6325,6325,6325,6325,0
2022-07-11 15:49:00,6325,6325,6325,6325,0
2022-07-11 15:50:00,6325,6325,6325,6325,0
2022-07-11 15:51:00,6325,6325,6325,6325,0
2022-07-11 15:52:00,6325,6325,6325,6325,0
2022-07-11 15:53:00,6325,6325,6325,6325,0
2022-07-11 15:54:00,6325,6325,6325,6325,0
2022-07-11 15:55:00,6325,6325,6325,6325,0
2022-07-11 15:56:00,6325,6325,6325,6325,0
2022-07-11 15:57:00,6325,6325,6325,6325,0
2022-07-11 15:58:00,6325,6325,6325,6325,0
2022-07-11 15:59:00,6325,6325,6325,6325,0
2022-07-12 09:00:00,6325,6325,6325,6325,800
2022-07-12 09:01:00,6325,6300,6325,6300,2300
2022-07-12 09:02:00,6300,6275,6300,6300,8400
2022-07-12 09:03:00,6300,6300,6300,6300,6800
2022-07-12 09:04:00,6275,6275,6275,6275,0
2022-07-12 09:05:00,6275,6275,6275,6275,0
2022-07-12 09:06:00,6275,6275,6275,6275,5800
2022-07-12 09:07:00,6275,6275,6275,6275,0
2022-07-12 09:08:00,6275,6275,6275,6275,0
2022-07-12 09:09:00,6275,6275,6275,6275,900
2022-07-12 09:10:00,6275,6275,6275,6275,14600
2022-07-12 09:11:00,6275,6275,6275,6275,0
2022-07-12 09:12:00,6275,6275,6275,6275,400
2022-07-12 09:13:00,6250,6250,6275,6275,1800
2022-07-12 09:14:00,6275,6275,6275,6275,2000
2022-07-12 09:15:00,6275,6275,6275,6275,1900
2022-07-12 09:16:00,6275,6275,6275,6275,1800
2022-07-12 09:17:00,6275,6275,6275,6275,16700
2022-07-12 09:18:00,6275,6275,6275,6275,9800
2022-07-12 09:19:00,6275,6275,6275,6275,0
2022-07-12 09:20:00,6300,6300,6300,6300,900
2022-07-12 09:21:00,6300,6300,6300,6300,0
2022-07-12 09:22:00,6300,6300,6300,6300,300
2022-07-12 09:23:00,6300,6300,6300,6300,0
2022-07-12 09:24:00,6300,6300,6300,6300,300
2022-07-12 09:25:00,6300,6300,6300,6300,0
2022-07-12 09:26:00,6275,6275,6275,6275,1300
2022-07-12 09:27:00,6275,6275,6275,6275,1100
2022-07-12 09:28:00,6275,6275,6275,6275,200
2022-07-12 09:29:00,6275,6275,6275,6275,2000
2022-07-12 09:30:00,6300,6300,6300,6300,1000
2022-07-12 09:31:00,6300,6300,6300,6300,0
2022-07-12 09:32:00,6300,6300,6300,6300,1000
2022-07-12 09:33:00,6300,6300,6300,6300,0
2022-07-12 09:34:00,6300,6300,6300,6300,0
2022-07-12 09:35:00,6300,6300,6300,6300,0
2022-07-12 09:36:00,6300,6300,6300,6300,300
2022-07-12 09:37:00,6300,6300,6300,6300,0
2022-07-12 09:38:00,6275,6275,6275,6275,1000
2022-07-12 09:39:00,6275,6275,6275,6275,0
2022-07-12 09:40:00,6275,6275,6275,6275,6000
2022-07-12 09:41:00,6275,6275,6300,6300,0
2022-07-12 09:42:00,6275,6275,6275,6275,0
2022-07-12 09:43:00,6275,6275,6275,6275,0
2022-07-12 09:44:00,6300,6275,6300,6275,100
2022-07-12 09:45:00,6300,6300,6300,6300,600
2022-07-12 09:46:00,6275,6275,6275,6275,700
2022-07-12 09:47:00,6275,6275,6300,6300,10300
2022-07-12 09:48:00,6275,6275,6300,6300,0
2022-07-12 09:49:00,6275,6275,6300,6300,0
2022-07-12 09:50:00,6300,6300,6300,6300,0
2022-07-12 09:51:00,6275,6275,6275,6275,200
2022-07-12 09:52:00,6275,6275,6275,6275,0
2022-07-12 09:53:00,6275,6275,6300,6300,8300
2022-07-12 09:54:00,6275,6275,6275,6275,5700
2022-07-12 09:55:00,6275,6275,6275,6275,51400
2022-07-12 09:56:00,6275,6275,6275,6275,46300
2022-07-12 09:57:00,6275,6275,6275,6275,0
2022-07-12 09:58:00,6275,6275,6275,6275,2000
2022-07-12 09:59:00,6275,6275,6275,6275,0
2022-07-12 10:00:00,6275,6275,6275,6275,500
2022-07-12 10:01:00,6250,6250,6250,6250,2400
2022-07-12 10:02:00,6250,6250,6250,6250,0
2022-07-12 10:03:00,6250,6250,6250,6250,0
2022-07-12 10:04:00,6250,6250,6250,6250,43300
2022-07-12 10:05:00,6250,6250,6250,6250,15500
2022-07-12 10:06:00,6250,6225,6250,6225,0
2022-07-12 10:07:00,6250,6250,6250,6250,500
2022-07-12 10:08:00,6275,6275,6275,6275,0
2022-07-12 10:09:00,6275,6225,6275,6225,83400
2022-07-12 10:10:00,6250,6250,6250,6250,0
2022-07-12 10:11:00,6250,6250,6250,6250,900
2022-07-12 10:12:00,6225,6225,6250,6250,400
2022-07-12 10:13:00,6225,6225,6250,6250,0
2022-07-12 10:14:00,6225,6225,6225,6225,3000
2022-07-12 10:15:00,6225,6225,6250,6250,2000
2022-07-12 10:16:00,6225,6225,6250,6250,0
2022-07-12 10:17:00,6225,6225,6250,6250,0
2022-07-12 10:18:00,6225,6225,6225,6225,0
2022-07-12 10:19:00,6250,6250,6250,6250,500
2022-07-12 10:20:00,6225,6225,6250,6250,4600
2022-07-12 10:21:00,6225,6225,6225,6225,0
2022-07-12 10:22:00,6225,6225,6250,6250,500
2022-07-12 10:23:00,6225,6225,6225,6225,0
2022-07-12 10:24:00,6250,6250,6250,6250,200
2022-07-12 10:25:00,6250,6250,6250,6250,1900
2022-07-12 10:26:00,6225,6225,6250,6250,0
2022-07-12 10:27:00,6225,6225,6225,6225,44700
2022-07-12 10:28:00,6225,6225,6225,6225,1800
2022-07-12 10:29:00,6250,6250,6250,6250,2200
2022-07-12 10:30:00,6250,6250,6250,6250,4000
2022-07-12 10:31:00,6225,6225,6225,6225,0
2022-07-12 10:32:00,6225,6225,6250,6250,1200
2022-07-12 10:33:00,6250,6250,6250,6250,7100
2022-07-12 10:34:00,6225,6225,6225,6225,0
2022-07-12 10:35:00,6225,6225,6225,6225,0
2022-07-12 10:36:00,6250,6250,6250,6250,5100
2022-07-12 10:37:00,6250,6250,6250,6250,1400
2022-07-12 10:38:00,6225,6225,6225,6225,0
2022-07-12 10:39:00,6225,6225,6225,6225,200
2022-07-12 10:40:00,6225,6225,6225,6225,3900
2022-07-12 10:41:00,6250,6250,6250,6250,0
2022-07-12 10:42:00,6225,6225,6225,6225,3700
2022-07-12 10:43:00,6225,6225,6225,6225,0
2022-07-12 10:44:00,6225,6225,6225,6225,0
2022-07-12 10:45:00,6225,6225,6225,6225,0
2022-07-12 10:46:00,6250,6250,6250,6250,400
2022-07-12 10:47:00,6225,6225,6225,6225,1100
2022-07-12 10:48:00,6225,6225,6225,6225,1300
2022-07-12 10:49:00,6225,6225,6225,6225,100
2022-07-12 10:50:00,6225,6225,6225,6225,0
2022-07-12 10:51:00,6250,6250,6250,6250,600
2022-07-12 10:52:00,6250,6250,6250,6250,3400
2022-07-12 10:53:00,6225,6225,6225,6225,400
2022-07-12 10:54:00,6225,6225,6250,6250,300
2022-07-12 10:55:00,6225,6225,6250,6250,2200
2022-07-12 10:56:00,6250,6225,6250,6250,9600
2022-07-12 10:57:00,6225,6225,6225,6225,0
2022-07-12 10:58:00,6225,6225,6225,6225,400
2022-07-12 10:59:00,6225,6225,6225,6225,300
2022-07-12 11:00:00,6225,6225,6225,6225,6300
2022-07-12 11:01:00,6225,6225,6250,6225,500
2022-07-12 11:02:00,6225,6225,6225,6225,300
2022-07-12 11:03:00,6225,6225,6225,6225,600
2022-07-12 11:04:00,6225,6225,6250,6250,300
2022-07-12 11:05:00,6250,6225,6250,6225,2800
2022-07-12 11:06:00,6250,6225,6250,6225,400
2022-07-12 11:07:00,6225,6225,6225,6225,700
2022-07-12 11:08:00,6225,6225,6225,6225,0
2022-07-12 11:09:00,6225,6225,6250,6225,600
2022-07-12 11:10:00,6225,6225,6225,6225,400
2022-07-12 11:11:00,6225,6225,6225,6225,100
2022-07-12 11:12:00,6225,6225,6250,6250,600
2022-07-12 11:13:00,6225,6225,6225,6225,0
2022-07-12 11:14:00,6250,6225,6250,6250,800
2022-07-12 11:15:00,6225,6225,6250,6250,700
2022-07-12 11:16:00,6225,6225,6250,6250,4600
2022-07-12 11:17:00,6225,6225,6250,6225,0
2022-07-12 11:18:00,6225,6225,6250,6225,1200
2022-07-12 11:19:00,6225,6225,6250,6250,1300
2022-07-12 11:20:00,6250,6225,6250,6250,14500
2022-07-12 11:21:00,6250,6250,6250,6250,1800
2022-07-12 11:22:00,6250,6250,6250,6250,1400
2022-07-12 11:23:00,6250,6250,6250,6250,0
2022-07-12 11:24:00,6250,6225,6250,6250,1000
2022-07-12 11:25:00,6225,6225,6250,6250,2400
2022-07-12 11:26:00,6250,6250,6250,6250,1800
2022-07-12 11:27:00,6250,6225,6250,6225,10100
2022-07-12 11:28:00,6250,6250,6275,6250,1200
2022-07-12 11:29:00,6250,6250,6250,6250,200
2022-07-12 11:30:00,6250,6250,6250,6250,0
2022-07-12 11:31:00,6250,6250,6250,6250,0
2022-07-12 11:32:00,6250,6250,6250,6250,0
2022-07-12 11:33:00,6250,6250,6250,6250,0
2022-07-12 11:34:00,6250,6250,6250,6250,0
2022-07-12 11:35:00,6250,6250,6250,6250,0
2022-07-12 11:36:00,6250,6250,6250,6250,0
2022-07-12 11:37:00,6250,6250,6250,6250,0
2022-07-12 11:38:00,6250,6250,6250,6250,0
2022-07-12 11:39:00,6250,6250,6250,6250,0
2022-07-12 11:40:00,6250,6250,6250,6250,0
2022-07-12 11:41:00,6250,6250,6250,6250,0
2022-07-12 11:42:00,6250,6250,6250,6250,0
2022-07-12 11:43:00,6250,6250,6250,6250,0
2022-07-12 11:44:00,6250,6250,6250,6250,0
2022-07-12 11:45:00,6250,6250,6250,6250,0
2022-07-12 11:46:00,6250,6250,6250,6250,0
2022-07-12 11:47:00,6250,6250,6250,6250,0
2022-07-12 11:48:00,6250,6250,6250,6250,0
2022-07-12 11:49:00,6250,6250,6250,6250,0
2022-07-12 11:50:00,6250,6250,6250,6250,0
2022-07-12 11:51:00,6250,6250,6250,6250,0
2022-07-12 11:52:00,6250,6250,6250,6250,0
2022-07-12 11:53:00,6250,6250,6250,6250,0
2022-07-12 11:54:00,6250,6250,6250,6250,0
2022-07-12 11:55:00,6250,6250,6250,6250,0
2022-07-12 11:56:00,6250,6250,6250,6250,0
2022-07-12 11:57:00,6250,6250,6250,6250,0
2022-07-12 11:58:00,6250,6250,6250,6250,0
2022-07-12 11:59:00,6250,6250,6250,6250,0
2022-07-12 12:00:00,6250,6250,6250,6250,0
2022-07-12 12:01:00,6250,6250,6250,6250,0
2022-07-12 12:02:00,6250,6250,6250,6250,0
2022-07-12 12:03:00,6250,6250,6250,6250,0
2022-07-12 12:04:00,6250,6250,6250,6250,0
2022-07-12 12:05:00,6250,6250,6250,6250,0
2022-07-12 12:06:00,6250,6250,6250,6250,0
2022-07-12 12:07:00,6250,6250,6250,6250,0
2022-07-12 12:08:00,6250,6250,6250,6250,0
2022-07-12 12:09:00,6250,6250,6250,6250,0
2022-07-12 12:10:00,6250,6250,6250,6250,0
2022-07-12 12:11:00,6250,6250,6250,6250,0
2022-07-12 12:12:00,6250,6250,6250,6250,0
2022-07-12 12:13:00,6250,6250,6250,6250,0
2022-07-12 12:14:00,6250,6250,6250,6250,0
2022-07-12 12:15:00,6250,6250,6250,6250,0
2022-07-12 12:16:00,6250,6250,6250,6250,0
2022-07-12 12:17:00,6250,6250,6250,6250,0
2022-07-12 12:18:00,6250,6250,6250,6250,0
2022-07-12 12:19:00,6250,6250,6250,6250,0
2022-07-12 12:20:00,6250,6250,6250,6250,0
2022-07-12 12:21:00,6250,6250,6250,6250,0
2022-07-12 12:22:00,6250,6250,6250,6250,0
2022-07-12 12:23:00,6250,6250,6250,6250,0
2022-07-12 12:24:00,6250,6250,6250,6250,0
2022-07-12 12:25:00,6250,6250,6250,6250,0
2022-07-12 12:26:00,6250,6250,6250,6250,0
2022-07-12 12:27:00,6250,6250,6250,6250,0
2022-07-12 12:28:00,6250,6250,6250,6250,0
2022-07-12 12:29:00,6250,6250,6250,6250,0
2022-07-12 12:30:00,6250,6250,6250,6250,0
2022-07-12 12:31:00,6250,6250,6250,6250,0
2022-07-12 12:32:00,6250,6250,6250,6250,0
2022-07-12 12:33:00,6250,6250,6250,6250,0
2022-07-12 12:34:00,6250,6250,6250,6250,0
2022-07-12 12:35:00,6250,6250,6250,6250,0
2022-07-12 12:36:00,6250,6250,6250,6250,0
2022-07-12 12:37:00,6250,6250,6250,6250,0
2022-07-12 12:38:00,6250,6250,6250,6250,0
2022-07-12 12:39:00,6250,6250,6250,6250,0
2022-07-12 12:40:00,6250,6250,6250,6250,0
2022-07-12 12:41:00,6250,6250,6250,6250,0
2022-07-12 12:42:00,6250,6250,6250,6250,0
2022-07-12 12:43:00,6250,6250,6250,6250,0
2022-07-12 12:44:00,6250,6250,6250,6250,0
2022-07-12 12:45:00,6250,6250,6250,6250,0
2022-07-12 12:46:00,6250,6250,6250,6250,0
2022-07-12 12:47:00,6250,6250,6250,6250,0
2022-07-12 12:48:00,6250,6250,6250,6250,0
2022-07-12 12:49:00,6250,6250,6250,6250,0
2022-07-12 12:50:00,6250,6250,6250,6250,0
2022-07-12 12:51:00,6250,6250,6250,6250,0
2022-07-12 12:52:00,6250,6250,6250,6250,0
2022-07-12 12:53:00,6250,6250,6250,6250,0
2022-07-12 12:54:00,6250,6250,6250,6250,0
2022-07-12 12:55:00,6250,6250,6250,6250,0
2022-07-12 12:56:00,6250,6250,6250,6250,0
2022-07-12 12:57:00,6250,6250,6250,6250,0
2022-07-12 12:58:00,6250,6250,6250,6250,0
2022-07-12 12:59:00,6250,6250,6250,6250,0
2022-07-12 13:00:00,6250,6250,6250,6250,0
2022-07-12 13:01:00,6250,6250,6250,6250,0
2022-07-12 13:02:00,6250,6250,6250,6250,0
2022-07-12 13:03:00,6250,6250,6250,6250,0
2022-07-12 13:04:00,6250,6250,6250,6250,0
2022-07-12 13:05:00,6250,6250,6250,6250,0
2022-07-12 13:06:00,6250,6250,6250,6250,0
2022-07-12 13:07:00,6250,6250,6250,6250,0
2022-07-12 13:08:00,6250,6250,6250,6250,0
2022-07-12 13:09:00,6250,6250,6250,6250,0
2022-07-12 13:10:00,6250,6250,6250,6250,0
2022-07-12 13:11:00,6250,6250,6250,6250,0
2022-07-12 13:12:00,6250,6250,6250,6250,0
2022-07-12 13:13:00,6250,6250,6250,6250,0
2022-07-12 13:14:00,6250,6250,6250,6250,0
2022-07-12 13:15:00,6250,6250,6250,6250,0
2022-07-12 13:16:00,6250,6250,6250,6250,0
2022-07-12 13:17:00,6250,6250,6250,6250,0
2022-07-12 13:18:00,6250,6250,6250,6250,0
2022-07-12 13:19:00,6250,6250,6250,6250,0
2022-07-12 13:20:00,6250,6250,6250,6250,0
2022-07-12 13:21:00,6250,6250,6250,6250,0
2022-07-12 13:22:00,6250,6250,6250,6250,0
2022-07-12 13:23:00,6250,6250,6250,6250,0
2022-07-12 13:24:00,6250,6250,6250,6250,0
2022-07-12 13:25:00,6250,6250,6250,6250,0
2022-07-12 13:26:00,6250,6250,6250,6250,0
2022-07-12 13:27:00,6250,6250,6250,6250,0
2022-07-12 13:28:00,6250,6250,6250,6250,0
2022-07-12 13:29:00,6250,6250,6250,6250,0
2022-07-12 13:30:00,6275,6250,6275,6275,15300
2022-07-12 13:31:00,6275,6250,6275,6275,0
2022-07-12 13:32:00,6275,6250,6275,6275,0
2022-07-12 13:33:00,6275,6250,6275,6275,0
2022-07-12 13:34:00,6275,6275,6275,6275,0
2022-07-12 13:35:00,6250,6250,6250,6250,200
2022-07-12 13:36:00,6250,6250,6250,6250,700
2022-07-12 13:37:00,6250,6250,6275,6250,500
2022-07-12 13:38:00,6250,6250,6250,6250,400
2022-07-12 13:39:00,6250,6250,6250,6250,3500
2022-07-12 13:40:00,6250,6250,6275,6250,900
2022-07-12 13:41:00,6250,6250,6250,6250,0
2022-07-12 13:42:00,6250,6250,6250,6250,100
2022-07-12 13:43:00,6250,6250,6250,6250,1100
2022-07-12 13:44:00,6250,6250,6250,6250,0
2022-07-12 13:45:00,6250,6250,6250,6250,0
2022-07-12 13:46:00,6250,6250,6250,6250,200
2022-07-12 13:47:00,6250,6250,6275,6250,1200
2022-07-12 13:48:00,6250,6250,6250,6250,1600
2022-07-12 13:49:00,6250,6250,6250,6250,0
2022-07-12 13:50:00,6275,6275,6275,6275,2300
2022-07-12 13:51:00,6250,6250,6250,6250,3300
2022-07-12 13:52:00,6250,6250,6250,6250,0
2022-07-12 13:53:00,6250,6250,6275,6275,10100
2022-07-12 13:54:00,6250,6250,6250,6250,0
2022-07-12 13:55:00,6250,6250,6250,6250,0
2022-07-12 13:56:00,6275,6275,6275,6275,4500
2022-07-12 13:57:00,6275,6275,6275,6275,600
2022-07-12 13:58:00,6275,6275,6275,6275,0
2022-07-12 13:59:00,6275,6250,6275,6250,1200
2022-07-12 14:00:00,6275,6250,6275,6250,0
2022-07-12 14:01:00,6250,6250,6250,6250,0
2022-07-12 14:02:00,6275,6275,6275,6275,800
2022-07-12 14:03:00,6275,6250,6275,6275,0
2022-07-12 14:04:00,6250,6250,6275,6275,2000
2022-07-12 14:05:00,6275,6275,6275,6275,0
2022-07-12 14:06:00,6275,6275,6275,6275,1400
2022-07-12 14:07:00,6275,6250,6275,6275,9100
2022-07-12 14:08:00,6275,6275,6275,6275,16900
2022-07-12 14:09:00,6275,6275,6275,6275,5600
2022-07-12 14:10:00,6275,6275,6275,6275,15600
2022-07-12 14:11:00,6250,6250,6275,6275,2600
2022-07-12 14:12:00,6275,6275,6275,6275,0
2022-07-12 14:13:00,6275,6275,6300,6300,3900
2022-07-12 14:14:00,6300,6300,6300,6300,0
2022-07-12 14:15:00,6300,6300,6300,6300,0
2022-07-12 14:16:00,6300,6300,6300,6300,0
2022-07-12 14:17:00,6275,6275,6275,6275,13500
2022-07-12 14:18:00,6250,6250,6250,6250,0
2022-07-12 14:19:00,6250,6250,6250,6250,0
2022-07-12 14:20:00,6250,6250,6250,6250,0
2022-07-12 14:21:00,6275,6275,6275,6275,11200
2022-07-12 14:22:00,6275,6275,6275,6275,0
2022-07-12 14:23:00,6275,6275,6275,6275,3300
2022-07-12 14:24:00,6275,6275,6275,6275,0
2022-07-12 14:25:00,6275,6275,6275,6275,500
2022-07-12 14:26:00,6275,6275,6275,6275,0
2022-07-12 14:27:00,6300,6300,6300,6300,8700
2022-07-12 14:28:00,6300,6300,6300,6300,0
2022-07-12 14:29:00,6300,6300,6300,6300,0
2022-07-12 14:30:00,6300,6300,6300,6300,0
2022-07-12 14:31:00,6275,6275,6300,6300,900
2022-07-12 14:32:00,6275,6275,6275,6275,0
2022-07-12 14:33:00,6300,6300,6300,6300,1900
2022-07-12 14:34:00,6275,6275,6275,6275,0
2022-07-12 14:35:00,6275,6275,6275,6275,38900
2022-07-12 14:36:00,6275,6275,6275,6275,200
2022-07-12 14:37:00,6250,6250,6275,6275,7500
2022-07-12 14:38:00,6275,6275,6275,6275,45700
2022-07-12 14:39:00,6300,6275,6300,6275,1500
2022-07-12 14:40:00,6300,6275,6300,6275,0
2022-07-12 14:41:00,6300,6300,6300,6300,13500
2022-07-12 14:42:00,6300,6275,6300,6275,16700
2022-07-12 14:43:00,6300,6275,6300,6275,0
2022-07-12 14:44:00,6300,6275,6300,6275,0
2022-07-12 14:45:00,6275,6275,6275,6275,0
2022-07-12 14:46:00,6275,6275,6275,6275,5600
2022-07-12 14:47:00,6275,6275,6300,6275,4500
2022-07-12 14:48:00,6275,6275,6300,6275,900
2022-07-12 14:49:00,6275,6275,6300,6300,400
2022-07-12 14:50:00,6275,6275,6300,6300,0
2022-07-12 14:51:00,6275,6275,6300,6300,0
2022-07-12 14:52:00,6275,6275,6300,6300,0
2022-07-12 14:53:00,6275,6275,6300,6300,0
2022-07-12 14:54:00,6275,6275,6300,6300,0
2022-07-12 14:55:00,6275,6275,6300,6300,0
2022-07-12 14:56:00,6275,6275,6300,6300,0
2022-07-12 14:57:00,6275,6275,6300,6300,0
2022-07-12 14:58:00,6275,6275,6300,6300,0
2022-07-12 14:59:00,6275,6275,6300,6300,0
2022-07-12 15:00:00,6300,6300,6300,6300,49100
2022-07-12 15:01:00,6300,6300,6300,6300,0
2022-07-12 15:02:00,6300,6300,6300,6300,4800
2022-07-12 15:03:00,6300,6300,6300,6300,0
2022-07-12 15:04:00,6300,6300,6300,6300,1600
2022-07-12 15:05:00,6300,6300,6300,6300,0
2022-07-12 15:06:00,6300,6300,6300,6300,500
2022-07-12 15:07:00,6300,6300,6300,6300,0
2022-07-12 15:08:00,6300,6300,6300,6300,0
2022-07-12 15:09:00,6300,6300,6300,6300,811700
2022-07-12 15:10:00,6300,6300,6300,6300,0
2022-07-12 15:11:00,6300,6300,6300,6300,0
2022-07-12 15:12:00,6300,6300,6300,6300,0
2022-07-12 15:13:00,6300,6300,6300,6300,0
2022-07-12 15:14:00,6300,6300,6300,6300,0
2022-07-12 15:15:00,6300,6300,6300,6300,0
2022-07-12 15:16:00,6300,6300,6300,6300,0
2022-07-12 15:17:00,6300,6300,6300,6300,0
2022-07-12 15:18:00,6300,6300,6300,6300,0
2022-07-12 15:19:00,6300,6300,6300,6300,0
2022-07-12 15:20:00,6300,6300,6300,6300,0
2022-07-12 15:21:00,6300,6300,6300,6300,0
2022-07-12 15:22:00,6300,6300,6300,6300,0
2022-07-12 15:23:00,6300,6300,6300,6300,0
2022-07-12 15:24:00,6300,6300,6300,6300,0
2022-07-12 15:25:00,6300,6300,6300,6300,0
2022-07-12 15:26:00,6300,6300,6300,6300,0
2022-07-12 15:27:00,6300,6300,6300,6300,0
2022-07-12 15:28:00,6300,6300,6300,6300,0
2022-07-12 15:29:00,6300,6300,6300,6300,0
2022-07-12 15:30:00,6300,6300,6300,6300,0
2022-07-12 15:31:00,6300,6300,6300,6300,0
2022-07-12 15:32:00,6300,6300,6300,6300,0
2022-07-12 15:33:00,6300,6300,6300,6300,0
2022-07-12 15:34:00,6300,6300,6300,6300,0
2022-07-12 15:35:00,6300,6300,6300,6300,0
2022-07-12 15:36:00,6300,6300,6300,6300,0
2022-07-12 15:37:00,6300,6300,6300,6300,0
2022-07-12 15:38:00,6300,6300,6300,6300,0
2022-07-12 15:39:00,6300,6300,6300,6300,0
2022-07-12 15:40:00,6300,6300,6300,6300,0
2022-07-12 15:41:00,6300,6300,6300,6300,0
2022-07-12 15:42:00,6300,6300,6300,6300,0
2022-07-12 15:43:00,6300,6300,6300,6300,0
2022-07-12 15:44:00,6300,6300,6300,6300,0
2022-07-12 15:45:00,6300,6300,6300,6300,0
2022-07-12 15:46:00,6300,6300,6300,6300,0
2022-07-12 15:47:00,6300,6300,6300,6300,0
2022-07-12 15:48:00,6300,6300,6300,6300,0
2022-07-12 15:49:00,6300,6300,6300,6300,0
2022-07-12 15:50:00,6300,6300,6300,6300,0
2022-07-12 15:51:00,6300,6300,6300,6300,0
2022-07-12 15:52:00,6300,6300,6300,6300,0
2022-07-12 15:53:00,6300,6300,6300,6300,0
2022-07-12 15:54:00,6300,6300,6300,6300,0
2022-07-12 15:55:00,6300,6300,6300,6300,0
2022-07-12 15:56:00,6300,6300,6300,6300,0
2022-07-12 15:57:00,6300,6300,6300,6300,0
2022-07-12 15:58:00,6300,6300,6300,6300,0
2022-07-12 15:59:00,6300,6300,6300,6300,0
2022-07-13 09:00:00,6350,6350,6350,6350,11900
2022-07-13 09:01:00,6350,6325,6350,6350,4700
2022-07-13 09:02:00,6325,6325,6325,6325,11700
2022-07-13 09:03:00,6325,6325,6325,6325,800
2022-07-13 09:04:00,6325,6325,6325,6325,0
2022-07-13 09:05:00,6325,6325,6325,6325,700
2022-07-13 09:06:00,6325,6325,6325,6325,0
2022-07-13 09:07:00,6300,6300,6325,6325,10200
2022-07-13 09:08:00,6325,6325,6325,6325,300
2022-07-13 09:09:00,6325,6325,6325,6325,0
2022-07-13 09:10:00,6325,6300,6325,6300,300
2022-07-13 09:11:00,6300,6300,6300,6300,500
2022-07-13 09:12:00,6300,6300,6300,6300,0
2022-07-13 09:13:00,6325,6325,6325,6325,200
2022-07-13 09:14:00,6325,6325,6325,6325,300
2022-07-13 09:15:00,6325,6325,6325,6325,0
2022-07-13 09:16:00,6325,6300,6325,6300,13800
2022-07-13 09:17:00,6325,6300,6325,6300,0
2022-07-13 09:18:00,6300,6300,6300,6300,100
2022-07-13 09:19:00,6300,6300,6300,6300,3300
2022-07-13 09:20:00,6300,6300,6300,6300,1500
2022-07-13 09:21:00,6300,6300,6300,6300,3600
2022-07-13 09:22:00,6300,6300,6300,6300,0
2022-07-13 09:23:00,6300,6300,6300,6300,13500
2022-07-13 09:24:00,6300,6300,6300,6300,0
2022-07-13 09:25:00,6300,6275,6300,6275,10800
2022-07-13 09:26:00,6300,6300,6300,6300,0
2022-07-13 09:27:00,6300,6300,6300,6300,400
2022-07-13 09:28:00,6300,6300,6300,6300,0
2022-07-13 09:29:00,6300,6300,6300,6300,0
2022-07-13 09:30:00,6275,6275,6275,6275,1800
2022-07-13 09:31:00,6275,6275,6275,6275,0
2022-07-13 09:32:00,6275,6275,6275,6275,10000
2022-07-13 09:33:00,6275,6275,6275,6275,0
2022-07-13 09:34:00,6275,6275,6275,6275,9000
2022-07-13 09:35:00,6275,6275,6275,6275,0
2022-07-13 09:36:00,6275,6275,6275,6275,0
2022-07-13 09:37:00,6275,6275,6275,6275,600
2022-07-13 09:38:00,6300,6300,6300,6300,0
2022-07-13 09:39:00,6300,6300,6300,6300,0
2022-07-13 09:40:00,6300,6300,6300,6300,0
2022-07-13 09:41:00,6300,6300,6300,6300,0
2022-07-13 09:42:00,6300,6300,6300,6300,0
2022-07-13 09:43:00,6300,6300,6300,6300,0
2022-07-13 09:44:00,6300,6300,6300,6300,0
2022-07-13 09:45:00,6300,6300,6300,6300,0
2022-07-13 09:46:00,6300,6300,6300,6300,0
2022-07-13 09:47:00,6300,6300,6300,6300,0
2022-07-13 09:48:00,6300,6300,6300,6300,300
2022-07-13 09:49:00,6300,6300,6300,6300,0
2022-07-13 09:50:00,6300,6300,6300,6300,0
2022-07-13 09:51:00,6300,6300,6300,6300,0
2022-07-13 09:52:00,6300,6300,6300,6300,0
2022-07-13 09:53:00,6275,6275,6275,6275,100
2022-07-13 09:54:00,6275,6275,6275,6275,700
2022-07-13 09:55:00,6275,6275,6275,6275,1200
2022-07-13 09:56:00,6275,6275,6275,6275,0
2022-07-13 09:57:00,6275,6275,6275,6275,0
2022-07-13 09:58:00,6275,6275,6275,6275,0
2022-07-13 09:59:00,6275,6275,6275,6275,0
2022-07-13 10:00:00,6275,6275,6275,6275,0
2022-07-13 10:01:00,6275,6275,6275,6275,0
2022-07-13 10:02:00,6275,6275,6275,6275,0
2022-07-13 10:03:00,6275,6275,6275,6275,0
2022-07-13 10:04:00,6275,6275,6275,6275,0
2022-07-13 10:05:00,6275,6275,6275,6275,0
2022-07-13 10:06:00,6275,6275,6275,6275,1300
2022-07-13 10:07:00,6275,6275,6275,6275,0
2022-07-13 10:08:00,6275,6275,6275,6275,300
2022-07-13 10:09:00,6275,6275,6275,6275,2200
2022-07-13 10:10:00,6275,6275,6275,6275,0
2022-07-13 10:11:00,6275,6275,6275,6275,1500
2022-07-13 10:12:00,6275,6275,6275,6275,0
2022-07-13 10:13:00,6275,6275,6275,6275,0
2022-07-13 10:14:00,6275,6275,6275,6275,0
2022-07-13 10:15:00,6275,6275,6275,6275,0
2022-07-13 10:16:00,6275,6275,6275,6275,0
2022-07-13 10:17:00,6275,6275,6275,6275,0
2022-07-13 10:18:00,6275,6275,6275,6275,0
2022-07-13 10:19:00,6275,6275,6275,6275,0
2022-07-13 10:20:00,6275,6275,6275,6275,1700
2022-07-13 10:21:00,6275,6275,6275,6275,0
2022-07-13 10:22:00,6275,6275,6275,6275,0
2022-07-13 10:23:00,6275,6275,6275,6275,200
2022-07-13 10:24:00,6300,6300,6300,6300,800
2022-07-13 10:25:00,6300,6300,6300,6300,0
2022-07-13 10:26:00,6300,6300,6300,6300,0
2022-07-13 10:27:00,6300,6300,6300,6300,0
2022-07-13 10:28:00,6300,6300,6300,6300,0
2022-07-13 10:29:00,6300,6300,6300,6300,0
2022-07-13 10:30:00,6300,6300,6300,6300,400
2022-07-13 10:31:00,6300,6300,6300,6300,0
2022-07-13 10:32:00,6300,6300,6300,6300,900
2022-07-13 10:33:00,6300,6300,6300,6300,1500
2022-07-13 10:34:00,6300,6300,6300,6300,0
2022-07-13 10:35:00,6300,6300,6300,6300,0
2022-07-13 10:36:00,6300,6300,6300,6300,0
2022-07-13 10:37:00,6275,6275,6275,6275,6800
2022-07-13 10:38:00,6275,6275,6275,6275,6000
2022-07-13 10:39:00,6275,6275,6275,6275,1900
2022-07-13 10:40:00,6275,6275,6275,6275,0
2022-07-13 10:41:00,6275,6275,6275,6275,0
2022-07-13 10:42:00,6275,6275,6275,6275,0
2022-07-13 10:43:00,6275,6275,6275,6275,9500
2022-07-13 10:44:00,6275,6275,6275,6275,0
2022-07-13 10:45:00,6275,6275,6275,6275,900
2022-07-13 10:46:00,6275,6275,6275,6275,0
2022-07-13 10:47:00,6275,6275,6275,6275,0
2022-07-13 10:48:00,6275,6275,6275,6275,100
2022-07-13 10:49:00,6275,6275,6275,6275,0
2022-07-13 10:50:00,6275,6275,6275,6275,0
2022-07-13 10:51:00,6275,6275,6275,6275,0
2022-07-13 10:52:00,6275,6275,6275,6275,0
2022-07-13 10:53:00,6275,6275,6275,6275,0
2022-07-13 10:54:00,6275,6275,6275,6275,0
2022-07-13 10:55:00,6275,6275,6275,6275,0
2022-07-13 10:56:00,6275,6275,6275,6275,200
2022-07-13 10:57:00,6275,6275,6275,6275,100
2022-07-13 10:58:00,6275,6275,6275,6275,0
2022-07-13 10:59:00,6275,6275,6275,6275,800
2022-07-13 11:00:00,6275,6275,6275,6275,0
2022-07-13 11:01:00,6275,6275,6275,6275,2900
2022-07-13 11:02:00,6275,6275,6275,6275,0
2022-07-13 11:03:00,6275,6275,6275,6275,0
2022-07-13 11:04:00,6275,6275,6275,6275,0
2022-07-13 11:05:00,6275,6275,6275,6275,0
2022-07-13 11:06:00,6275,6275,6275,6275,2200
2022-07-13 11:07:00,6300,6300,6300,6300,0
2022-07-13 11:08:00,6300,6300,6300,6300,0
2022-07-13 11:09:00,6300,6300,6300,6300,0
2022-07-13 11:10:00,6300,6300,6300,6300,200
2022-07-13 11:11:00,6300,6300,6300,6300,0
2022-07-13 11:12:00,6275,6275,6275,6275,1900
2022-07-13 11:13:00,6300,6300,6300,6300,20400
2022-07-13 11:14:00,6300,6300,6300,6300,0
2022-07-13 11:15:00,6300,6300,6300,6300,0
2022-07-13 11:16:00,6300,6300,6300,6300,0
2022-07-13 11:17:00,6300,6300,6300,6300,0
2022-07-13 11:18:00,6300,6300,6300,6300,0
2022-07-13 11:19:00,6300,6300,6300,6300,0
2022-07-13 11:20:00,6300,6300,6300,6300,0
2022-07-13 11:21:00,6300,6300,6300,6300,0
2022-07-13 11:22:00,6300,6300,6300,6300,1300
2022-07-13 11:23:00,6300,6300,6300,6300,0
2022-07-13 11:24:00,6300,6300,6300,6300,400
2022-07-13 11:25:00,6300,6300,6300,6300,0
2022-07-13 11:26:00,6300,6300,6300,6300,2000
2022-07-13 11:27:00,6300,6300,6300,6300,0
2022-07-13 11:28:00,6300,6300,6300,6300,1000
2022-07-13 11:29:00,6300,6300,6300,6300,1200
2022-07-13 11:30:00,6300,6300,6300,6300,0
2022-07-13 11:31:00,6300,6300,6300,6300,0
2022-07-13 11:32:00,6300,6300,6300,6300,0
2022-07-13 11:33:00,6300,6300,6300,6300,0
2022-07-13 11:34:00,6300,6300,6300,6300,0
2022-07-13 11:35:00,6300,6300,6300,6300,0
2022-07-13 11:36:00,6300,6300,6300,6300,0
2022-07-13 11:37:00,6300,6300,6300,6300,0
2022-07-13 11:38:00,6300,6300,6300,6300,0
2022-07-13 11:39:00,6300,6300,6300,6300,0
2022-07-13 11:40:00,6300,6300,6300,6300,0
2022-07-13 11:41:00,6300,6300,6300,6300,0
2022-07-13 11:42:00,6300,6300,6300,6300,0
2022-07-13 11:43:00,6300,6300,6300,6300,0
2022-07-13 11:44:00,6300,6300,6300,6300,0
2022-07-13 11:45:00,6300,6300,6300,6300,0
2022-07-13 11:46:00,6300,6300,6300,6300,0
2022-07-13 11:47:00,6300,6300,6300,6300,0
2022-07-13 11:48:00,6300,6300,6300,6300,0
2022-07-13 11:49:00,6300,6300,6300,6300,0
2022-07-13 11:50:00,6300,6300,6300,6300,0
2022-07-13 11:51:00,6300,6300,6300,6300,0
2022-07-13 11:52:00,6300,6300,6300,6300,0
2022-07-13 11:53:00,6300,6300,6300,6300,0
2022-07-13 11:54:00,6300,6300,6300,6300,0
2022-07-13 11:55:00,6300,6300,6300,6300,0
2022-07-13 11:56:00,6300,6300,6300,6300,0
2022-07-13 11:57:00,6300,6300,6300,6300,0
2022-07-13 11:58:00,6300,6300,6300,6300,0
2022-07-13 11:59:00,6300,6300,6300,6300,0
2022-07-13 12:00:00,6300,6300,6300,6300,0
2022-07-13 12:01:00,6300,6300,6300,6300,0
2022-07-13 12:02:00,6300,6300,6300,6300,0
2022-07-13 12:03:00,6300,6300,6300,6300,0
2022-07-13 12:04:00,6300,6300,6300,6300,0
2022-07-13 12:05:00,6300,6300,6300,6300,0
2022-07-13 12:06:00,6300,6300,6300,6300,0
2022-07-13 12:07:00,6300,6300,6300,6300,0
2022-07-13 12:08:00,6300,6300,6300,6300,0
2022-07-13 12:09:00,6300,6300,6300,6300,0
2022-07-13 12:10:00,6300,6300,6300,6300,0
2022-07-13 12:11:00,6300,6300,6300,6300,0
2022-07-13 12:12:00,6300,6300,6300,6300,0
2022-07-13 12:13:00,6300,6300,6300,6300,0
2022-07-13 12:14:00,6300,6300,6300,6300,0
2022-07-13 12:15:00,6300,6300,6300,6300,0
2022-07-13 12:16:00,6300,6300,6300,6300,0
2022-07-13 12:17:00,6300,6300,6300,6300,0
2022-07-13 12:18:00,6300,6300,6300,6300,0
2022-07-13 12:19:00,6300,6300,6300,6300,0
2022-07-13 12:20:00,6300,6300,6300,6300,0
2022-07-13 12:21:00,6300,6300,6300,6300,0
2022-07-13 12:22:00,6300,6300,6300,6300,0
2022-07-13 12:23:00,6300,6300,6300,6300,0
2022-07-13 12:24:00,6300,6300,6300,6300,0
2022-07-13 12:25:00,6300,6300,6300,6300,0
2022-07-13 12:26:00,6300,6300,6300,6300,0
2022-07-13 12:27:00,6300,6300,6300,6300,0
2022-07-13 12:28:00,6300,6300,6300,6300,0
2022-07-13 12:29:00,6300,6300,6300,6300,0
2022-07-13 12:30:00,6300,6300,6300,6300,0
2022-07-13 12:31:00,6300,6300,6300,6300,0
2022-07-13 12:32:00,6300,6300,6300,6300,0
2022-07-13 12:33:00,6300,6300,6300,6300,0
2022-07-13 12:34:00,6300,6300,6300,6300,0
2022-07-13 12:35:00,6300,6300,6300,6300,0
2022-07-13 12:36:00,6300,6300,6300,6300,0
2022-07-13 12:37:00,6300,6300,6300,6300,0
2022-07-13 12:38:00,6300,6300,6300,6300,0
2022-07-13 12:39:00,6300,6300,6300,6300,0
2022-07-13 12:40:00,6300,6300,6300,6300,0
2022-07-13 12:41:00,6300,6300,6300,6300,0
2022-07-13 12:42:00,6300,6300,6300,6300,0
2022-07-13 12:43:00,6300,6300,6300,6300,0
2022-07-13 12:44:00,6300,6300,6300,6300,0
2022-07-13 12:45:00,6300,6300,6300,6300,0
2022-07-13 12:46:00,6300,6300,6300,6300,0
2022-07-13 12:47:00,6300,6300,6300,6300,0
2022-07-13 12:48:00,6300,6300,6300,6300,0
2022-07-13 12:49:00,6300,6300,6300,6300,0
2022-07-13 12:50:00,6300,6300,6300,6300,0
2022-07-13 12:51:00,6300,6300,6300,6300,0
2022-07-13 12:52:00,6300,6300,6300,6300,0
2022-07-13 12:53:00,6300,6300,6300,6300,0
2022-07-13 12:54:00,6300,6300,6300,6300,0
2022-07-13 12:55:00,6300,6300,6300,6300,0
2022-07-13 12:56:00,6300,6300,6300,6300,0
2022-07-13 12:57:00,6300,6300,6300,6300,0
2022-07-13 12:58:00,6300,6300,6300,6300,0
2022-07-13 12:59:00,6300,6300,6300,6300,0
2022-07-13 13:00:00,6300,6300,6300,6300,0
2022-07-13 13:01:00,6300,6300,6300,6300,0
2022-07-13 13:02:00,6300,6300,6300,6300,0
2022-07-13 13:03:00,6300,6300,6300,6300,0
2022-07-13 13:04:00,6300,6300,6300,6300,0
2022-07-13 13:05:00,6300,6300,6300,6300,0
2022-07-13 13:06:00,6300,6300,6300,6300,0
2022-07-13 13:07:00,6300,6300,6300,6300,0
2022-07-13 13:08:00,6300,6300,6300,6300,0
2022-07-13 13:09:00,6300,6300,6300,6300,0
2022-07-13 13:10:00,6300,6300,6300,6300,0
2022-07-13 13:11:00,6300,6300,6300,6300,0
2022-07-13 13:12:00,6300,6300,6300,6300,0
2022-07-13 13:13:00,6300,6300,6300,6300,0
2022-07-13 13:14:00,6300,6300,6300,6300,0
2022-07-13 13:15:00,6300,6300,6300,6300,0
2022-07-13 13:16:00,6300,6300,6300,6300,0
2022-07-13 13:17:00,6300,6300,6300,6300,0
2022-07-13 13:18:00,6300,6300,6300,6300,0
2022-07-13 13:19:00,6300,6300,6300,6300,0
2022-07-13 13:20:00,6300,6300,6300,6300,0
2022-07-13 13:21:00,6300,6300,6300,6300,0
2022-07-13 13:22:00,6300,6300,6300,6300,0
2022-07-13 13:23:00,6300,6300,6300,6300,0
2022-07-13 13:24:00,6300,6300,6300,6300,0
2022-07-13 13:25:00,6300,6300,6300,6300,0
2022-07-13 13:26:00,6300,6300,6300,6300,0
2022-07-13 13:27:00,6300,6300,6300,6300,0
2022-07-13 13:28:00,6300,6300,6300,6300,0
2022-07-13 13:29:00,6300,6300,6300,6300,0
2022-07-13 13:30:00,6300,6300,6300,6300,16600
2022-07-13 13:31:00,6300,6300,6300,6300,0
2022-07-13 13:32:00,6300,6300,6300,6300,1200
2022-07-13 13:33:00,6300,6300,6300,6300,0
2022-07-13 13:34:00,6300,6300,6300,6300,0
2022-07-13 13:35:00,6300,6300,6300,6300,800
2022-07-13 13:36:00,6300,6300,6300,6300,0
2022-07-13 13:37:00,6300,6300,6300,6300,400
2022-07-13 13:38:00,6300,6300,6300,6300,0
2022-07-13 13:39:00,6300,6300,6300,6300,300
2022-07-13 13:40:00,6300,6300,6300,6300,0
2022-07-13 13:41:00,6300,6300,6300,6300,200
2022-07-13 13:42:00,6300,6300,6300,6300,0
2022-07-13 13:43:00,6275,6275,6275,6275,20400
2022-07-13 13:44:00,6275,6275,6275,6275,0
2022-07-13 13:45:00,6275,6275,6275,6275,0
2022-07-13 13:46:00,6275,6275,6275,6275,800
2022-07-13 13:47:00,6275,6275,6275,6275,27600
2022-07-13 13:48:00,6275,6275,6275,6275,0
2022-07-13 13:49:00,6275,6275,6275,6275,0
2022-07-13 13:50:00,6275,6275,6275,6275,0
2022-07-13 13:51:00,6275,6275,6275,6275,0
2022-07-13 13:52:00,6275,6275,6275,6275,0
2022-07-13 13:53:00,6275,6275,6275,6275,0
2022-07-13 13:54:00,6275,6275,6275,6275,21200
2022-07-13 13:55:00,6275,6275,6275,6275,800
2022-07-13 13:56:00,6275,6275,6275,6275,0
2022-07-13 13:57:00,6275,6275,6275,6275,0
2022-07-13 13:58:00,6275,6275,6275,6275,0
2022-07-13 13:59:00,6275,6275,6275,6275,3900
2022-07-13 14:00:00,6275,6275,6275,6275,0
2022-07-13 14:01:00,6275,6275,6275,6275,0
2022-07-13 14:02:00,6275,6275,6275,6275,0
2022-07-13 14:03:00,6275,6275,6275,6275,0
2022-07-13 14:04:00,6250,6250,6250,6250,5400
2022-07-13 14:05:00,6250,6250,6250,6250,100
2022-07-13 14:06:00,6275,6275,6275,6275,0
2022-07-13 14:07:00,6275,6250,6275,6250,400
2022-07-13 14:08:00,6275,6250,6275,6250,0
2022-07-13 14:09:00,6275,6250,6275,6250,0
2022-07-13 14:10:00,6275,6250,6275,6250,0
2022-07-13 14:11:00,6275,6275,6275,6275,800
2022-07-13 14:12:00,6275,6275,6275,6275,0
2022-07-13 14:13:00,6275,6275,6275,6275,0
2022-07-13 14:14:00,6275,6275,6275,6275,3700
2022-07-13 14:15:00,6275,6275,6275,6275,0
2022-07-13 14:16:00,6250,6250,6250,6250,7200
2022-07-13 14:17:00,6250,6250,6250,6250,4400
2022-07-13 14:18:00,6250,6250,6250,6250,4000
2022-07-13 14:19:00,6250,6250,6250,6250,0
2022-07-13 14:20:00,6275,6275,6275,6275,300
2022-07-13 14:21:00,6250,6250,6250,6250,3600
2022-07-13 14:22:00,6250,6250,6250,6250,0
2022-07-13 14:23:00,6250,6250,6250,6250,11400
2022-07-13 14:24:00,6275,6275,6275,6275,0
2022-07-13 14:25:00,6250,6250,6250,6250,500
2022-07-13 14:26:00,6250,6250,6250,6250,1100
2022-07-13 14:27:00,6250,6250,6250,6250,0
2022-07-13 14:28:00,6275,6250,6275,6250,4200
2022-07-13 14:29:00,6250,6250,6250,6250,67700
2022-07-13 14:30:00,6250,6250,6250,6250,800
2022-07-13 14:31:00,6250,6250,6250,6250,0
2022-07-13 14:32:00,6250,6250,6250,6250,2500
2022-07-13 14:33:00,6225,6225,6225,6225,3100
2022-07-13 14:34:00,6225,6225,6225,6225,0
2022-07-13 14:35:00,6225,6225,6225,6225,10900
2022-07-13 14:36:00,6250,6250,6250,6250,4500
2022-07-13 14:37:00,6250,6250,6250,6250,9700
2022-07-13 14:38:00,6250,6250,6250,6250,100
2022-07-13 14:39:00,6225,6225,6225,6225,400
2022-07-13 14:40:00,6225,6225,6225,6225,0
2022-07-13 14:41:00,6250,6250,6250,6250,2100
2022-07-13 14:42:00,6250,6250,6250,6250,11400
2022-07-13 14:43:00,6250,6250,6250,6250,0
2022-07-13 14:44:00,6250,6250,6250,6250,3900
2022-07-13 14:45:00,6250,6250,6250,6250,0
2022-07-13 14:46:00,6275,6250,6275,6250,15300
2022-07-13 14:47:00,6250,6250,6250,6250,99900
2022-07-13 14:48:00,6250,6250,6250,6250,0
2022-07-13 14:49:00,6250,6250,6250,6250,0
2022-07-13 14:50:00,6250,6250,6250,6250,0
2022-07-13 14:51:00,6250,6250,6250,6250,0
2022-07-13 14:52:00,6250,6250,6250,6250,0
2022-07-13 14:53:00,6250,6250,6250,6250,0
2022-07-13 14:54:00,6250,6250,6250,6250,0
2022-07-13 14:55:00,6250,6250,6250,6250,0
2022-07-13 14:56:00,6250,6250,6250,6250,0
2022-07-13 14:57:00,6250,6250,6250,6250,0
2022-07-13 14:58:00,6250,6250,6250,6250,0
2022-07-13 14:59:00,6250,6250,6250,6250,0
2022-07-13 15:00:00,6250,6250,6250,6250,12700
2022-07-13 15:01:00,6250,6250,6250,6250,0
2022-07-13 15:02:00,6250,6250,6250,6250,400
2022-07-13 15:03:00,6250,6250,6250,6250,0
2022-07-13 15:04:00,6250,6250,6250,6250,0
2022-07-13 15:05:00,6250,6250,6250,6250,1900
2022-07-13 15:06:00,6250,6250,6250,6250,0
2022-07-13 15:07:00,6250,6250,6250,6250,300
2022-07-13 15:08:00,6250,6250,6250,6250,0
2022-07-13 15:09:00,6250,6250,6250,6250,0
2022-07-13 15:10:00,6250,6250,6250,6250,26800
2022-07-13 15:11:00,6250,6250,6250,6250,0
2022-07-13 15:12:00,6250,6250,6250,6250,0
2022-07-13 15:13:00,6250,6250,6250,6250,900
2022-07-13 15:14:00,6250,6250,6250,6250,0
2022-07-13 15:15:00,6250,6250,6250,6250,0
2022-07-13 15:16:00,6250,6250,6250,6250,0
2022-07-13 15:17:00,6250,6250,6250,6250,0
2022-07-13 15:18:00,6250,6250,6250,6250,0
2022-07-13 15:19:00,6250,6250,6250,6250,0
2022-07-13 15:20:00,6250,6250,6250,6250,0
2022-07-13 15:21:00,6250,6250,6250,6250,0
2022-07-13 15:22:00,6250,6250,6250,6250,0
2022-07-13 15:23:00,6250,6250,6250,6250,0
2022-07-13 15:24:00,6250,6250,6250,6250,0
2022-07-13 15:25:00,6250,6250,6250,6250,0
2022-07-13 15:26:00,6250,6250,6250,6250,0
2022-07-13 15:27:00,6250,6250,6250,6250,0
2022-07-13 15:28:00,6250,6250,6250,6250,0
2022-07-13 15:29:00,6250,6250,6250,6250,0
2022-07-13 15:30:00,6250,6250,6250,6250,0
2022-07-13 15:31:00,6250,6250,6250,6250,0
2022-07-13 15:32:00,6250,6250,6250,6250,0
2022-07-13 15:33:00,6250,6250,6250,6250,0
2022-07-13 15:34:00,6250,6250,6250,6250,0
2022-07-13 15:35:00,6250,6250,6250,6250,0
2022-07-13 15:36:00,6250,6250,6250,6250,0
2022-07-13 15:37:00,6250,6250,6250,6250,0
2022-07-13 15:38:00,6250,6250,6250,6250,0
2022-07-13 15:39:00,6250,6250,6250,6250,0
2022-07-13 15:40:00,6250,6250,6250,6250,0
2022-07-13 15:41:00,6250,6250,6250,6250,0
2022-07-13 15:42:00,6250,6250,6250,6250,0
2022-07-13 15:43:00,6250,6250,6250,6250,0
2022-07-13 15:44:00,6250,6250,6250,6250,0
2022-07-13 15:45:00,6250,6250,6250,6250,0
2022-07-13 15:46:00,6250,6250,6250,6250,0
2022-07-13 15:47:00,6250,6250,6250,6250,0
2022-07-13 15:48:00,6250,6250,6250,6250,0
2022-07-13 15:49:00,6250,6250,6250,6250,0
2022-07-13 15:50:00,6250,6250,6250,6250,0
2022-07-13 15:51:00,6250,6250,6250,6250,0
2022-07-13 15:52:00,6250,6250,6250,6250,0
2022-07-13 15:53:00,6250,6250,6250,6250,0
2022-07-13 15:54:00,6250,6250,6250,6250,0
2022-07-13 15:55:00,6250,6250,6250,6250,0
2022-07-13 15:56:00,6250,6250,6250,6250,0
2022-07-13 15:57:00,6250,6250,6250,6250,0
2022-07-13 15:58:00,6250,6250,6250,6250,0
2022-07-13 15:59:00,6250,6250,6250,6250,0
2022-07-14 09:00:00,6250,6225,6250,6225,0
2022-07-14 09:01:00,6225,6200,6225,6225,3400
2022-07-14 09:02:00,6200,6200,6200,6200,600
2022-07-14 09:03:00,6200,6200,6225,6225,10200
2022-07-14 09:04:00,6225,6200,6225,6225,13700
2022-07-14 09:05:00,6225,6225,6225,6225,0
2022-07-14 09:06:00,6200,6200,6225,6225,9400
2022-07-14 09:07:00,6225,6225,6225,6225,14200
2022-07-14 09:08:00,6225,6225,6225,6225,0
2022-07-14 09:09:00,6225,6225,6225,6225,0
2022-07-14 09:10:00,6225,6225,6225,6225,3400
2022-07-14 09:11:00,6225,6225,6225,6225,400
2022-07-14 09:12:00,6225,6225,6225,6225,400
2022-07-14 09:13:00,6225,6225,6225,6225,1800
2022-07-14 09:14:00,6250,6250,6250,6250,900
2022-07-14 09:15:00,6225,6225,6225,6225,3000
2022-07-14 09:16:00,6225,6225,6225,6225,0
2022-07-14 09:17:00,6225,6225,6225,6225,0
2022-07-14 09:18:00,6225,6225,6225,6225,3600
2022-07-14 09:19:00,6225,6225,6225,6225,9300
2022-07-14 09:20:00,6225,6225,6225,6225,15100
2022-07-14 09:21:00,6225,6225,6225,6225,0
2022-07-14 09:22:00,6225,6225,6225,6225,0
2022-07-14 09:23:00,6225,6225,6225,6225,1900
2022-07-14 09:24:00,6225,6225,6225,6225,3100
2022-07-14 09:25:00,6225,6225,6225,6225,0
2022-07-14 09:26:00,6225,6225,6225,6225,0
2022-07-14 09:27:00,6225,6225,6225,6225,0
2022-07-14 09:28:00,6225,6225,6225,6225,0
2022-07-14 09:29:00,6225,6225,6225,6225,0
2022-07-14 09:30:00,6225,6225,6225,6225,0
2022-07-14 09:31:00,6225,6225,6225,6225,0
2022-07-14 09:32:00,6225,6225,6225,6225,0
2022-07-14 09:33:00,6225,6225,6225,6225,400
2022-07-14 09:34:00,6250,6250,6250,6250,600
2022-07-14 09:35:00,6250,6225,6250,6225,1200
2022-07-14 09:36:00,6225,6225,6225,6225,2300
2022-07-14 09:37:00,6250,6250,6250,6250,900
2022-07-14 09:38:00,6250,6250,6250,6250,700
2022-07-14 09:39:00,6250,6250,6250,6250,0
2022-07-14 09:40:00,6250,6250,6250,6250,0
2022-07-14 09:41:00,6250,6250,6250,6250,200
2022-07-14 09:42:00,6250,6250,6250,6250,0
2022-07-14 09:43:00,6225,6225,6225,6225,900
2022-07-14 09:44:00,6250,6250,6250,6250,7000
2022-07-14 09:45:00,6250,6250,6250,6250,2000
2022-07-14 09:46:00,6250,6250,6250,6250,1500
2022-07-14 09:47:00,6250,6250,6250,6250,0
2022-07-14 09:48:00,6250,6250,6250,6250,1700
2022-07-14 09:49:00,6250,6250,6250,6250,600
2022-07-14 09:50:00,6250,6250,6250,6250,100
2022-07-14 09:51:00,6250,6250,6250,6250,100
2022-07-14 09:52:00,6250,6250,6250,6250,200
2022-07-14 09:53:00,6250,6250,6250,6250,1900
2022-07-14 09:54:00,6250,6250,6250,6250,200
2022-07-14 09:55:00,6250,6250,6250,6250,0
2022-07-14 09:56:00,6250,6250,6250,6250,200
2022-07-14 09:57:00,6225,6225,6250,6250,400
2022-07-14 09:58:00,6225,6225,6250,6250,0
2022-07-14 09:59:00,6225,6225,6250,6250,0
2022-07-14 10:00:00,6225,6225,6250,6250,0
2022-07-14 10:01:00,6250,6225,6250,6225,600
2022-07-14 10:02:00,6225,6225,6225,6225,1200
2022-07-14 10:03:00,6225,6225,6225,6225,95800
2022-07-14 10:04:00,6225,6225,6225,6225,0
2022-07-14 10:05:00,6225,6225,6225,6225,0
2022-07-14 10:06:00,6225,6200,6225,6200,1400
2022-07-14 10:07:00,6225,6225,6225,6225,2200
2022-07-14 10:08:00,6200,6200,6200,6200,0
2022-07-14 10:09:00,6225,6200,6225,6200,7500
2022-07-14 10:10:00,6225,6200,6225,6200,0
2022-07-14 10:11:00,6225,6225,6225,6225,10000
2022-07-14 10:12:00,6225,6200,6225,6200,125800
2022-07-14 10:13:00,6225,6200,6225,6200,0
2022-07-14 10:14:00,6200,6200,6200,6200,14800
2022-07-14 10:15:00,6225,6200,6225,6200,0
2022-07-14 10:16:00,6200,6200,6200,6200,16300
2022-07-14 10:17:00,6200,6200,6200,6200,0
2022-07-14 10:18:00,6200,6200,6200,6200,0
2022-07-14 10:19:00,6200,6200,6200,6200,32000
2022-07-14 10:20:00,6200,6200,6200,6200,0
2022-07-14 10:21:00,6200,6200,6200,6200,4500
2022-07-14 10:22:00,6200,6200,6200,6200,0
2022-07-14 10:23:00,6200,6200,6200,6200,0
2022-07-14 10:24:00,6225,6225,6225,6225,1000
2022-07-14 10:25:00,6225,6225,6225,6225,0
2022-07-14 10:26:00,6225,6225,6225,6225,0
2022-07-14 10:27:00,6225,6225,6225,6225,200
2022-07-14 10:28:00,6225,6225,6225,6225,0
2022-07-14 10:29:00,6225,6225,6225,6225,0
2022-07-14 10:30:00,6225,6225,6225,6225,0
2022-07-14 10:31:00,6225,6225,6225,6225,0
2022-07-14 10:32:00,6225,6225,6225,6225,4900
2022-07-14 10:33:00,6225,6225,6225,6225,0
2022-07-14 10:34:00,6225,6225,6225,6225,0
2022-07-14 10:35:00,6225,6225,6225,6225,100
2022-07-14 10:36:00,6200,6200,6200,6200,1600
2022-07-14 10:37:00,6200,6200,6200,6200,0
2022-07-14 10:38:00,6200,6200,6200,6200,0
2022-07-14 10:39:00,6200,6200,6200,6200,1500
2022-07-14 10:40:00,6200,6200,6200,6200,0
2022-07-14 10:41:00,6225,6225,6225,6225,1000
2022-07-14 10:42:00,6225,6225,6225,6225,0
2022-07-14 10:43:00,6225,6225,6225,6225,1800
2022-07-14 10:44:00,6200,6200,6200,6200,0
2022-07-14 10:45:00,6200,6200,6200,6200,0
2022-07-14 10:46:00,6225,6225,6225,6225,800
2022-07-14 10:47:00,6225,6225,6225,6225,0
2022-07-14 10:48:00,6200,6200,6200,6200,800
2022-07-14 10:49:00,6200,6200,6200,6200,4400
2022-07-14 10:50:00,6200,6200,6200,6200,0
2022-07-14 10:51:00,6200,6200,6200,6200,0
2022-07-14 10:52:00,6225,6225,6225,6225,1000
2022-07-14 10:53:00,6225,6225,6225,6225,0
2022-07-14 10:54:00,6225,6225,6225,6225,0
2022-07-14 10:55:00,6225,6225,6225,6225,0
2022-07-14 10:56:00,6225,6225,6225,6225,0
2022-07-14 10:57:00,6225,6225,6225,6225,0
2022-07-14 10:58:00,6225,6225,6225,6225,6200
2022-07-14 10:59:00,6225,6225,6225,6225,0
2022-07-14 11:00:00,6225,6225,6225,6225,1500
2022-07-14 11:01:00,6225,6225,6225,6225,1200
2022-07-14 11:02:00,6225,6225,6225,6225,1300
2022-07-14 11:03:00,6225,6225,6225,6225,0
2022-07-14 11:04:00,6225,6225,6225,6225,0
2022-07-14 11:05:00,6225,6225,6225,6225,0
2022-07-14 11:06:00,6225,6225,6225,6225,0
2022-07-14 11:07:00,6225,6225,6225,6225,0
2022-07-14 11:08:00,6225,6200,6225,6200,15200
2022-07-14 11:09:00,6225,6225,6225,6225,0
2022-07-14 11:10:00,6225,6225,6225,6225,1000
2022-07-14 11:11:00,6225,6225,6225,6225,300
2022-07-14 11:12:00,6225,6225,6225,6225,0
2022-07-14 11:13:00,6225,6225,6225,6225,0
2022-07-14 11:14:00,6225,6225,6225,6225,0
2022-07-14 11:15:00,6225,6225,6225,6225,0
2022-07-14 11:16:00,6225,6200,6225,6200,1300
2022-07-14 11:17:00,6200,6200,6200,6200,800
2022-07-14 11:18:00,6200,6200,6200,6200,0
2022-07-14 11:19:00,6200,6200,6200,6200,0
2022-07-14 11:20:00,6225,6225,6225,6225,200
2022-07-14 11:21:00,6225,6225,6225,6225,0
2022-07-14 11:22:00,6225,6225,6225,6225,0
2022-07-14 11:23:00,6225,6225,6225,6225,0
2022-07-14 11:24:00,6225,6225,6225,6225,100
2022-07-14 11:25:00,6225,6225,6225,6225,0
2022-07-14 11:26:00,6225,6225,6225,6225,0
2022-07-14 11:27:00,6225,6225,6225,6225,0
2022-07-14 11:28:00,6225,6200,6225,6200,20600
2022-07-14 11:29:00,6225,6200,6225,6200,0
2022-07-14 11:30:00,6225,6200,6225,6200,0
2022-07-14 11:31:00,6225,6200,6225,6200,0
2022-07-14 11:32:00,6225,6200,6225,6200,0
2022-07-14 11:33:00,6225,6200,6225,6200,0
2022-07-14 11:34:00,6225,6200,6225,6200,0
2022-07-14 11:35:00,6225,6200,6225,6200,0
2022-07-14 11:36:00,6225,6200,6225,6200,0
2022-07-14 11:37:00,6225,6200,6225,6200,0
2022-07-14 11:38:00,6225,6200,6225,6200,0
2022-07-14 11:39:00,6225,6200,6225,6200,0
2022-07-14 11:40:00,6225,6200,6225,6200,0
2022-07-14 11:41:00,6225,6200,6225,6200,0
2022-07-14 11:42:00,6225,6200,6225,6200,0
2022-07-14 11:43:00,6225,6200,6225,6200,0
2022-07-14 11:44:00,6225,6200,6225,6200,0
2022-07-14 11:45:00,6225,6200,6225,6200,0
2022-07-14 11:46:00,6225,6200,6225,6200,0
2022-07-14 11:47:00,6225,6200,6225,6200,0
2022-07-14 11:48:00,6225,6200,6225,6200,0
2022-07-14 11:49:00,6225,6200,6225,6200,0
2022-07-14 11:50:00,6225,6200,6225,6200,0
2022-07-14 11:51:00,6225,6200,6225,6200,0
2022-07-14 11:52:00,6225,6200,6225,6200,0
2022-07-14 11:53:00,6225,6200,6225,6200,0
2022-07-14 11:54:00,6225,6200,6225,6200,0
2022-07-14 11:55:00,6225,6200,6225,6200,0
2022-07-14 11:56:00,6225,6200,6225,6200,0
2022-07-14 11:57:00,6225,6200,6225,6200,0
2022-07-14 11:58:00,6225,6200,6225,6200,0
2022-07-14 11:59:00,6225,6200,6225,6200,0
2022-07-14 12:00:00,6225,6200,6225,6200,0
2022-07-14 12:01:00,6225,6200,6225,6200,0
2022-07-14 12:02:00,6225,6200,6225,6200,0
2022-07-14 12:03:00,6225,6200,6225,6200,0
2022-07-14 12:04:00,6225,6200,6225,6200,0
2022-07-14 12:05:00,6225,6200,6225,6200,0
2022-07-14 12:06:00,6225,6200,6225,6200,0
2022-07-14 12:07:00,6225,6200,6225,6200,0
2022-07-14 12:08:00,6225,6200,6225,6200,0
2022-07-14 12:09:00,6225,6200,6225,6200,0
2022-07-14 12:10:00,6225,6200,6225,6200,0
2022-07-14 12:11:00,6225,6200,6225,6200,0
2022-07-14 12:12:00,6225,6200,6225,6200,0
2022-07-14 12:13:00,6225,6200,6225,6200,0
2022-07-14 12:14:00,6225,6200,6225,6200,0
2022-07-14 12:15:00,6225,6200,6225,6200,0
2022-07-14 12:16:00,6225,6200,6225,6200,0
2022-07-14 12:17:00,6225,6200,6225,6200,0
2022-07-14 12:18:00,6225,6200,6225,6200,0
2022-07-14 12:19:00,6225,6200,6225,6200,0
2022-07-14 12:20:00,6225,6200,6225,6200,0
2022-07-14 12:21:00,6225,6200,6225,6200,0
2022-07-14 12:22:00,6225,6200,6225,6200,0
2022-07-14 12:23:00,6225,6200,6225,6200,0
2022-07-14 12:24:00,6225,6200,6225,6200,0
2022-07-14 12:25:00,6225,6200,6225,6200,0
2022-07-14 12:26:00,6225,6200,6225,6200,0
2022-07-14 12:27:00,6225,6200,6225,6200,0
2022-07-14 12:28:00,6225,6200,6225,6200,0
2022-07-14 12:29:00,6225,6200,6225,6200,0
2022-07-14 12:30:00,6225,6200,6225,6200,0
2022-07-14 12:31:00,6225,6200,6225,6200,0
2022-07-14 12:32:00,6225,6200,6225,6200,0
2022-07-14 12:33:00,6225,6200,6225,6200,0
2022-07-14 12:34:00,6225,6200,6225,6200,0
2022-07-14 12:35:00,6225,6200,6225,6200,0
2022-07-14 12:36:00,6225,6200,6225,6200,0
2022-07-14 12:37:00,6225,6200,6225,6200,0
2022-07-14 12:38:00,6225,6200,6225,6200,0
2022-07-14 12:39:00,6225,6200,6225,6200,0
2022-07-14 12:40:00,6225,6200,6225,6200,0
2022-07-14 12:41:00,6225,6200,6225,6200,0
2022-07-14 12:42:00,6225,6200,6225,6200,0
2022-07-14 12:43:00,6225,6200,6225,6200,0
2022-07-14 12:44:00,6225,6200,6225,6200,0
2022-07-14 12:45:00,6225,6200,6225,6200,0
2022-07-14 12:46:00,6225,6200,6225,6200,0
2022-07-14 12:47:00,6225,6200,6225,6200,0
2022-07-14 12:48:00,6225,6200,6225,6200,0
2022-07-14 12:49:00,6225,6200,6225,6200,0
2022-07-14 12:50:00,6225,6200,6225,6200,0
2022-07-14 12:51:00,6225,6200,6225,6200,0
2022-07-14 12:52:00,6225,6200,6225,6200,0
2022-07-14 12:53:00,6225,6200,6225,6200,0
2022-07-14 12:54:00,6225,6200,6225,6200,0
2022-07-14 12:55:00,6225,6200,6225,6200,0
2022-07-14 12:56:00,6225,6200,6225,6200,0
2022-07-14 12:57:00,6225,6200,6225,6200,0
2022-07-14 12:58:00,6225,6200,6225,6200,0
2022-07-14 12:59:00,6225,6200,6225,6200,0
2022-07-14 13:00:00,6225,6200,6225,6200,0
2022-07-14 13:01:00,6225,6200,6225,6200,0
2022-07-14 13:02:00,6225,6200,6225,6200,0
2022-07-14 13:03:00,6225,6200,6225,6200,0
2022-07-14 13:04:00,6225,6200,6225,6200,0
2022-07-14 13:05:00,6225,6200,6225,6200,0
2022-07-14 13:06:00,6225,6200,6225,6200,0
2022-07-14 13:07:00,6225,6200,6225,6200,0
2022-07-14 13:08:00,6225,6200,6225,6200,0
2022-07-14 13:09:00,6225,6200,6225,6200,0
2022-07-14 13:10:00,6225,6200,6225,6200,0
2022-07-14 13:11:00,6225,6200,6225,6200,0
2022-07-14 13:12:00,6225,6200,6225,6200,0
2022-07-14 13:13:00,6225,6200,6225,6200,0
2022-07-14 13:14:00,6225,6200,6225,6200,0
2022-07-14 13:15:00,6225,6200,6225,6200,0
2022-07-14 13:16:00,6225,6200,6225,6200,0
2022-07-14 13:17:00,6225,6200,6225,6200,0
2022-07-14 13:18:00,6225,6200,6225,6200,0
2022-07-14 13:19:00,6225,6200,6225,6200,0
2022-07-14 13:20:00,6225,6200,6225,6200,0
2022-07-14 13:21:00,6225,6200,6225,6200,0
2022-07-14 13:22:00,6225,6200,6225,6200,0
2022-07-14 13:23:00,6225,6200,6225,6200,0
2022-07-14 13:24:00,6225,6200,6225,6200,0
2022-07-14 13:25:00,6225,6200,6225,6200,0
2022-07-14 13:26:00,6225,6200,6225,6200,0
2022-07-14 13:27:00,6225,6200,6225,6200,0
2022-07-14 13:28:00,6225,6200,6225,6200,0
2022-07-14 13:29:00,6225,6200,6225,6200,0
2022-07-14 13:30:00,6225,6200,6225,6225,63300
2022-07-14 13:31:00,6225,6200,6225,6225,0
2022-07-14 13:32:00,6225,6200,6225,6225,0
2022-07-14 13:33:00,6225,6200,6225,6225,0
2022-07-14 13:34:00,6225,6200,6225,6225,0
2022-07-14 13:35:00,6225,6225,6225,6225,0
2022-07-14 13:36:00,6225,6225,6225,6225,0
2022-07-14 13:37:00,6225,6225,6225,6225,2100
2022-07-14 13:38:00,6225,6200,6225,6200,800
2022-07-14 13:39:00,6225,6225,6225,6225,700
2022-07-14 13:40:00,6225,6225,6225,6225,0
2022-07-14 13:41:00,6200,6200,6200,6200,400
2022-07-14 13:42:00,6200,6200,6200,6200,0
2022-07-14 13:43:00,6225,6225,6225,6225,400
2022-07-14 13:44:00,6200,6200,6225,6225,7900
2022-07-14 13:45:00,6225,6225,6225,6225,0
2022-07-14 13:46:00,6225,6225,6225,6225,100
2022-07-14 13:47:00,6225,6225,6225,6225,0
2022-07-14 13:48:00,6225,6225,6225,6225,1800
2022-07-14 13:49:00,6225,6225,6225,6225,0
2022-07-14 13:50:00,6225,6225,6225,6225,1200
2022-07-14 13:51:00,6225,6225,6225,6225,4700
2022-07-14 13:52:00,6225,6225,6225,6225,900
2022-07-14 13:53:00,6225,6225,6225,6225,0
2022-07-14 13:54:00,6225,6225,6225,6225,500
2022-07-14 13:55:00,6225,6225,6225,6225,400
2022-07-14 13:56:00,6225,6225,6225,6225,600
2022-07-14 13:57:00,6225,6200,6225,6200,6300
2022-07-14 13:58:00,6225,6200,6225,6200,0
2022-07-14 13:59:00,6225,6225,6225,6225,5500
2022-07-14 14:00:00,6225,6225,6225,6225,0
2022-07-14 14:01:00,6225,6225,6225,6225,33700
2022-07-14 14:02:00,6250,6250,6250,6250,100
2022-07-14 14:03:00,6250,6250,6250,6250,1600
2022-07-14 14:04:00,6250,6250,6250,6250,0
2022-07-14 14:05:00,6250,6250,6250,6250,4300
2022-07-14 14:06:00,6250,6250,6250,6250,2700
2022-07-14 14:07:00,6250,6250,6250,6250,500
2022-07-14 14:08:00,6225,6225,6225,6225,0
2022-07-14 14:09:00,6250,6250,6250,6250,14400
2022-07-14 14:10:00,6250,6250,6250,6250,10500
2022-07-14 14:11:00,6250,6250,6250,6250,1500
2022-07-14 14:12:00,6250,6250,6250,6250,3200
2022-07-14 14:13:00,6250,6250,6250,6250,0
2022-07-14 14:14:00,6250,6250,6250,6250,1100
2022-07-14 14:15:00,6225,6225,6250,6250,2900
2022-07-14 14:16:00,6250,6250,6250,6250,500
2022-07-14 14:17:00,6250,6250,6250,6250,200
2022-07-14 14:18:00,6250,6250,6250,6250,0
2022-07-14 14:19:00,6250,6250,6250,6250,1500
2022-07-14 14:20:00,6250,6250,6250,6250,0
2022-07-14 14:21:00,6250,6250,6250,6250,1100
2022-07-14 14:22:00,6225,6225,6225,6225,8000
2022-07-14 14:23:00,6250,6250,6250,6250,0
2022-07-14 14:24:00,6225,6225,6250,6250,1500
2022-07-14 14:25:00,6250,6250,6250,6250,1300
2022-07-14 14:26:00,6250,6250,6250,6250,100
2022-07-14 14:27:00,6250,6250,6250,6250,500
2022-07-14 14:28:00,6250,6250,6250,6250,200
2022-07-14 14:29:00,6250,6250,6250,6250,11400
2022-07-14 14:30:00,6250,6250,6250,6250,2700
2022-07-14 14:31:00,6225,6225,6250,6250,1100
2022-07-14 14:32:00,6250,6250,6250,6250,1100
2022-07-14 14:33:00,6250,6250,6250,6250,1300
2022-07-14 14:34:00,6250,6250,6250,6250,0
2022-07-14 14:35:00,6250,6250,6250,6250,3500
2022-07-14 14:36:00,6250,6250,6275,6275,800
2022-07-14 14:37:00,6275,6275,6275,6275,16900
2022-07-14 14:38:00,6275,6275,6300,6300,18400
2022-07-14 14:39:00,6275,6275,6300,6275,5600
2022-07-14 14:40:00,6275,6275,6300,6275,0
2022-07-14 14:41:00,6275,6275,6275,6275,200
2022-07-14 14:42:00,6275,6275,6275,6275,300
2022-07-14 14:43:00,6275,6275,6275,6275,200
2022-07-14 14:44:00,6275,6250,6275,6275,5100
2022-07-14 14:45:00,6275,6275,6275,6275,0
2022-07-14 14:46:00,6250,6250,6275,6250,2400
2022-07-14 14:47:00,6275,6275,6275,6275,1400
2022-07-14 14:48:00,6250,6250,6275,6250,10700
2022-07-14 14:49:00,6275,6250,6275,6250,24400
2022-07-14 14:50:00,6275,6250,6275,6250,0
2022-07-14 14:51:00,6275,6250,6275,6250,0
2022-07-14 14:52:00,6275,6250,6275,6250,0
2022-07-14 14:53:00,6275,6250,6275,6250,0
2022-07-14 14:54:00,6275,6250,6275,6250,0
2022-07-14 14:55:00,6275,6250,6275,6250,0
2022-07-14 14:56:00,6275,6250,6275,6250,0
2022-07-14 14:57:00,6275,6250,6275,6250,0
2022-07-14 14:58:00,6275,6250,6275,6250,0
2022-07-14 14:59:00,6275,6250,6275,6250,0
2022-07-14 15:00:00,6275,6250,6275,6250,0
2022-07-14 15:01:00,6275,6250,6275,6250,0
2022-07-14 15:02:00,6275,6250,6275,6250,0
2022-07-14 15:03:00,6275,6250,6275,6250,0
2022-07-14 15:04:00,6275,6250,6275,6250,0
2022-07-14 15:05:00,6275,6250,6275,6250,0
2022-07-14 15:06:00,6275,6250,6275,6250,0
2022-07-14 15:07:00,6275,6250,6275,6250,0
2022-07-14 15:08:00,6275,6250,6275,6250,0
2022-07-14 15:09:00,6275,6250,6275,6250,0
2022-07-14 15:10:00,6275,6250,6275,6250,0
2022-07-14 15:11:00,6300,6300,6300,6300,2000
2022-07-14 15:12:00,6300,6300,6300,6300,0
2022-07-14 15:13:00,6300,6300,6300,6300,750200
2022-07-14 15:14:00,6300,6300,6300,6300,0
2022-07-14 15:15:00,6300,6300,6300,6300,0
2022-07-14 15:16:00,6300,6300,6300,6300,0
2022-07-14 15:17:00,6300,6300,6300,6300,0
2022-07-14 15:18:00,6300,6300,6300,6300,0
2022-07-14 15:19:00,6300,6300,6300,6300,0
2022-07-14 15:20:00,6300,6300,6300,6300,0
2022-07-14 15:21:00,6300,6300,6300,6300,0
2022-07-14 15:22:00,6300,6300,6300,6300,0
2022-07-14 15:23:00,6300,6300,6300,6300,0
2022-07-14 15:24:00,6300,6300,6300,6300,0
2022-07-14 15:25:00,6300,6300,6300,6300,0
2022-07-14 15:26:00,6300,6300,6300,6300,0
2022-07-14 15:27:00,6300,6300,6300,6300,0
2022-07-14 15:28:00,6300,6300,6300,6300,0
2022-07-14 15:29:00,6300,6300,6300,6300,0
2022-07-14 15:30:00,6300,6300,6300,6300,0
2022-07-14 15:31:00,6300,6300,6300,6300,0
2022-07-14 15:32:00,6300,6300,6300,6300,0
2022-07-14 15:33:00,6300,6300,6300,6300,0
2022-07-14 15:34:00,6300,6300,6300,6300,0
2022-07-14 15:35:00,6300,6300,6300,6300,0
2022-07-14 15:36:00,6300,6300,6300,6300,0
2022-07-14 15:37:00,6300,6300,6300,6300,0
2022-07-14 15:38:00,6300,6300,6300,6300,0
2022-07-14 15:39:00,6300,6300,6300,6300,0
2022-07-14 15:40:00,6300,6300,6300,6300,0
2022-07-14 15:41:00,6300,6300,6300,6300,0
2022-07-14 15:42:00,6300,6300,6300,6300,0
2022-07-14 15:43:00,6300,6300,6300,6300,0
2022-07-14 15:44:00,6300,6300,6300,6300,0
2022-07-14 15:45:00,6300,6300,6300,6300,0
2022-07-14 15:46:00,6300,6300,6300,6300,0
2022-07-14 15:47:00,6300,6300,6300,6300,0
2022-07-14 15:48:00,6300,6300,6300,6300,0
2022-07-14 15:49:00,6300,6300,6300,6300,0
2022-07-14 15:50:00,6300,6300,6300,6300,0
2022-07-14 15:51:00,6300,6300,6300,6300,0
2022-07-14 15:52:00,6300,6300,6300,6300,0
2022-07-14 15:53:00,6300,6300,6300,6300,0
2022-07-14 15:54:00,6300,6300,6300,6300,0
2022-07-14 15:55:00,6300,6300,6300,6300,0
2022-07-14 15:56:00,6300,6300,6300,6300,0
2022-07-14 15:57:00,6300,6300,6300,6300,0
2022-07-14 15:58:00,6300,6300,6300,6300,0
2022-07-14 15:59:00,6300,6300,6300,6300,0
2022-07-15 09:00:00,6325,6300,6325,6300,8600
2022-07-15 09:01:00,6275,6275,6300,6300,5100
2022-07-15 09:02:00,6275,6275,6300,6300,0
2022-07-15 09:03:00,6275,6275,6275,6275,4400
2022-07-15 09:04:00,6275,6275,6275,6275,1900
2022-07-15 09:05:00,6275,6275,6275,6275,200
2022-07-15 09:06:00,6275,6275,6300,6300,1300
2022-07-15 09:07:00,6275,6275,6300,6300,0
2022-07-15 09:08:00,6300,6200,6300,6225,107400
2022-07-15 09:09:00,6225,6225,6250,6250,0
2022-07-15 09:10:00,6275,6250,6275,6250,2600
2022-07-15 09:11:00,6275,6250,6275,6250,0
2022-07-15 09:12:00,6250,6250,6250,6250,200
2022-07-15 09:13:00,6250,6250,6250,6250,0
2022-07-15 09:14:00,6250,6250,6250,6250,4400
2022-07-15 09:15:00,6225,6225,6225,6225,12000
2022-07-15 09:16:00,6225,6225,6225,6225,0
2022-07-15 09:17:00,6225,6225,6225,6225,300
2022-07-15 09:18:00,6275,6275,6275,6275,300
2022-07-15 09:19:00,6275,6275,6275,6275,0
2022-07-15 09:20:00,6250,6250,6250,6250,800
2022-07-15 09:21:00,6250,6250,6250,6250,0
2022-07-15 09:22:00,6250,6250,6250,6250,600
2022-07-15 09:23:00,6250,6250,6275,6275,2400
2022-07-15 09:24:00,6250,6250,6275,6275,0
2022-07-15 09:25:00,6250,6250,6250,6250,0
2022-07-15 09:26:00,6250,6250,6250,6250,0
2022-07-15 09:27:00,6250,6250,6250,6250,0
2022-07-15 09:28:00,6250,6250,6250,6250,0
2022-07-15 09:29:00,6250,6250,6250,6250,100
2022-07-15 09:30:00,6250,6250,6250,6250,7200
2022-07-15 09:31:00,6250,6250,6250,6250,0
2022-07-15 09:32:00,6225,6225,6225,6225,22300
2022-07-15 09:33:00,6225,6200,6250,6250,2100
2022-07-15 09:34:00,6250,6225,6250,6225,2900
2022-07-15 09:35:00,6250,6250,6250,6250,900
2022-07-15 09:36:00,6250,6250,6250,6250,900
2022-07-15 09:37:00,6250,6250,6250,6250,0
2022-07-15 09:38:00,6250,6250,6250,6250,0
2022-07-15 09:39:00,6250,6225,6250,6225,800
2022-07-15 09:40:00,6250,6225,6250,6225,0
2022-07-15 09:41:00,6250,6225,6250,6225,0
2022-07-15 09:42:00,6225,6225,6225,6225,1600
2022-07-15 09:43:00,6250,6250,6250,6250,0
2022-07-15 09:44:00,6250,6250,6250,6250,1900
2022-07-15 09:45:00,6250,6250,6250,6250,100
2022-07-15 09:46:00,6250,6250,6250,6250,0
2022-07-15 09:47:00,6250,6250,6250,6250,2100
2022-07-15 09:48:00,6250,6250,6250,6250,0
2022-07-15 09:49:00,6250,6250,6250,6250,600
2022-07-15 09:50:00,6250,6250,6250,6250,0
2022-07-15 09:51:00,6250,6250,6250,6250,2000
2022-07-15 09:52:00,6250,6250,6250,6250,0
2022-07-15 09:53:00,6225,6225,6225,6225,500
2022-07-15 09:54:00,6225,6225,6225,6225,0
2022-07-15 09:55:00,6225,6225,6225,6225,0
2022-07-15 09:56:00,6225,6225,6225,6225,0
2022-07-15 09:57:00,6250,6250,6250,6250,4900
2022-07-15 09:58:00,6225,6225,6225,6225,500
2022-07-15 09:59:00,6225,6225,6225,6225,0
2022-07-15 10:00:00,6225,6225,6225,6225,600
2022-07-15 10:01:00,6250,6250,6250,6250,2700
2022-07-15 10:02:00,6250,6225,6250,6225,600
2022-07-15 10:03:00,6250,6250,6250,6250,8600
2022-07-15 10:04:00,6250,6250,6250,6250,200
2022-07-15 10:05:00,6225,6225,6275,6275,600
2022-07-15 10:06:00,6225,6225,6225,6225,100
2022-07-15 10:07:00,6225,6225,6225,6225,200
2022-07-15 10:08:00,6275,6275,6275,6275,16000
2022-07-15 10:09:00,6275,6275,6275,6275,0
2022-07-15 10:10:00,6250,6250,6250,6250,0
2022-07-15 10:11:00,6250,6250,6250,6250,7000
2022-07-15 10:12:00,6250,6250,6250,6250,1000
2022-07-15 10:13:00,6225,6225,6225,6225,2000
2022-07-15 10:14:00,6250,6250,6250,6250,2200
2022-07-15 10:15:00,6250,6250,6250,6250,0
2022-07-15 10:16:00,6250,6250,6250,6250,400
2022-07-15 10:17:00,6225,6225,6225,6225,0
2022-07-15 10:18:00,6250,6250,6250,6250,7100
2022-07-15 10:19:00,6250,6250,6250,6250,100
2022-07-15 10:20:00,6250,6250,6250,6250,200
2022-07-15 10:21:00,6250,6250,6250,6250,600
2022-07-15 10:22:00,6250,6250,6250,6250,1400
2022-07-15 10:23:00,6250,6250,6250,6250,6800
2022-07-15 10:24:00,6250,6250,6275,6275,400
2022-07-15 10:25:00,6250,6250,6275,6275,0
2022-07-15 10:26:00,6250,6250,6275,6275,0
2022-07-15 10:27:00,6250,6250,6275,6275,0
2022-07-15 10:28:00,6250,6250,6275,6275,0
2022-07-15 10:29:00,6250,6250,6275,6275,0
2022-07-15 10:30:00,6250,6250,6250,6250,300
2022-07-15 10:31:00,6250,6250,6250,6250,0
2022-07-15 10:32:00,6250,6250,6250,6250,0
2022-07-15 10:33:00,6250,6250,6250,6250,0
2022-07-15 10:34:00,6250,6250,6250,6250,100
2022-07-15 10:35:00,6250,6250,6250,6250,0
2022-07-15 10:36:00,6250,6250,6250,6250,0
2022-07-15 10:37:00,6225,6225,6250,6250,3300
2022-07-15 10:38:00,6225,6225,6250,6250,0
2022-07-15 10:39:00,6225,6225,6250,6250,0
2022-07-15 10:40:00,6225,6225,6250,6250,0
2022-07-15 10:41:00,6250,6250,6250,6250,500
2022-07-15 10:42:00,6250,6250,6250,6250,0
2022-07-15 10:43:00,6250,6250,6250,6250,200
2022-07-15 10:44:00,6250,6250,6250,6250,0
2022-07-15 10:45:00,6250,6250,6250,6250,1800
2022-07-15 10:46:00,6250,6250,6250,6250,0
2022-07-15 10:47:00,6225,6225,6225,6225,600
2022-07-15 10:48:00,6225,6225,6250,6250,2400
2022-07-15 10:49:00,6225,6225,6250,6250,0
2022-07-15 10:50:00,6225,6225,6250,6250,0
2022-07-15 10:51:00,6225,6225,6250,6250,0
2022-07-15 10:52:00,6250,6250,6250,6250,800
2022-07-15 10:53:00,6250,6250,6250,6250,0
2022-07-15 10:54:00,6250,6250,6250,6250,0
2022-07-15 10:55:00,6250,6250,6250,6250,100
2022-07-15 10:56:00,6250,6250,6250,6250,300
2022-07-15 10:57:00,6250,6250,6250,6250,10100
2022-07-15 10:58:00,6250,6250,6250,6250,0
2022-07-15 10:59:00,6250,6250,6250,6250,100
2022-07-15 11:00:00,6250,6250,6250,6250,0
2022-07-15 11:01:00,6250,6250,6250,6250,0
2022-07-15 11:02:00,6250,6250,6250,6250,0
2022-07-15 11:03:00,6250,6250,6250,6250,200
2022-07-15 11:04:00,6250,6250,6250,6250,0
2022-07-15 11:05:00,6225,6225,6225,6225,200
2022-07-15 11:06:00,6250,6250,6250,6250,1800
2022-07-15 11:07:00,6250,6250,6250,6250,0
2022-07-15 11:08:00,6250,6250,6250,6250,0
2022-07-15 11:09:00,6250,6250,6250,6250,0
2022-07-15 11:10:00,6250,6250,6250,6250,200
2022-07-15 11:11:00,6250,6250,6250,6250,0
2022-07-15 11:12:00,6250,6250,6250,6250,0
2022-07-15 11:13:00,6250,6250,6250,6250,200
2022-07-15 11:14:00,6250,6250,6250,6250,1400
2022-07-15 11:15:00,6225,6225,6250,6250,0
2022-07-15 11:16:00,6250,6250,6250,6250,100
2022-07-15 11:17:00,6250,6250,6250,6250,1000
2022-07-15 11:18:00,6250,6250,6250,6250,1500
2022-07-15 11:19:00,6250,6225,6250,6225,9100
2022-07-15 11:20:00,6225,6225,6225,6225,700
2022-07-15 11:21:00,6225,6225,6225,6225,0
2022-07-15 11:22:00,6225,6225,6225,6225,0
2022-07-15 11:23:00,6250,6250,6250,6250,22500
2022-07-15 11:24:00,6250,6250,6250,6250,200
2022-07-15 11:25:00,6250,6250,6250,6250,0
2022-07-15 11:26:00,6250,6250,6250,6250,100
2022-07-15 11:27:00,6250,6250,6250,6250,5000
2022-07-15 11:28:00,6250,6250,6250,6250,5100
2022-07-15 11:29:00,6250,6250,6250,6250,0
2022-07-15 11:30:00,6250,6250,6250,6250,0
2022-07-15 11:31:00,6250,6250,6250,6250,0
2022-07-15 11:32:00,6250,6250,6250,6250,0
2022-07-15 11:33:00,6250,6250,6250,6250,0
2022-07-15 11:34:00,6250,6250,6250,6250,0
2022-07-15 11:35:00,6250,6250,6250,6250,0
2022-07-15 11:36:00,6250,6250,6250,6250,0
2022-07-15 11:37:00,6250,6250,6250,6250,0
2022-07-15 11:38:00,6250,6250,6250,6250,0
2022-07-15 11:39:00,6250,6250,6250,6250,0
2022-07-15 11:40:00,6250,6250,6250,6250,0
2022-07-15 11:41:00,6250,6250,6250,6250,0
2022-07-15 11:42:00,6250,6250,6250,6250,0
2022-07-15 11:43:00,6250,6250,6250,6250,0
2022-07-15 11:44:00,6250,6250,6250,6250,0
2022-07-15 11:45:00,6250,6250,6250,6250,0
2022-07-15 11:46:00,6250,6250,6250,6250,0
2022-07-15 11:47:00,6250,6250,6250,6250,0
2022-07-15 11:48:00,6250,6250,6250,6250,0
2022-07-15 11:49:00,6250,6250,6250,6250,0
2022-07-15 11:50:00,6250,6250,6250,6250,0
2022-07-15 11:51:00,6250,6250,6250,6250,0
2022-07-15 11:52:00,6250,6250,6250,6250,0
2022-07-15 11:53:00,6250,6250,6250,6250,0
2022-07-15 11:54:00,6250,6250,6250,6250,0
2022-07-15 11:55:00,6250,6250,6250,6250,0
2022-07-15 11:56:00,6250,6250,6250,6250,0
2022-07-15 11:57:00,6250,6250,6250,6250,0
2022-07-15 11:58:00,6250,6250,6250,6250,0
2022-07-15 11:59:00,6250,6250,6250,6250,0
2022-07-15 12:00:00,6250,6250,6250,6250,0
2022-07-15 12:01:00,6250,6250,6250,6250,0
2022-07-15 12:02:00,6250,6250,6250,6250,0
2022-07-15 12:03:00,6250,6250,6250,6250,0
2022-07-15 12:04:00,6250,6250,6250,6250,0
2022-07-15 12:05:00,6250,6250,6250,6250,0
2022-07-15 12:06:00,6250,6250,6250,6250,0
2022-07-15 12:07:00,6250,6250,6250,6250,0
2022-07-15 12:08:00,6250,6250,6250,6250,0
2022-07-15 12:09:00,6250,6250,6250,6250,0
2022-07-15 12:10:00,6250,6250,6250,6250,0
2022-07-15 12:11:00,6250,6250,6250,6250,0
2022-07-15 12:12:00,6250,6250,6250,6250,0
2022-07-15 12:13:00,6250,6250,6250,6250,0
2022-07-15 12:14:00,6250,6250,6250,6250,0
2022-07-15 12:15:00,6250,6250,6250,6250,0
2022-07-15 12:16:00,6250,6250,6250,6250,0
2022-07-15 12:17:00,6250,6250,6250,6250,0
2022-07-15 12:18:00,6250,6250,6250,6250,0
2022-07-15 12:19:00,6250,6250,6250,6250,0
2022-07-15 12:20:00,6250,6250,6250,6250,0
2022-07-15 12:21:00,6250,6250,6250,6250,0
2022-07-15 12:22:00,6250,6250,6250,6250,0
2022-07-15 12:23:00,6250,6250,6250,6250,0
2022-07-15 12:24:00,6250,6250,6250,6250,0
2022-07-15 12:25:00,6250,6250,6250,6250,0
2022-07-15 12:26:00,6250,6250,6250,6250,0
2022-07-15 12:27:00,6250,6250,6250,6250,0
2022-07-15 12:28:00,6250,6250,6250,6250,0
2022-07-15 12:29:00,6250,6250,6250,6250,0
2022-07-15 12:30:00,6250,6250,6250,6250,0
2022-07-15 12:31:00,6250,6250,6250,6250,0
2022-07-15 12:32:00,6250,6250,6250,6250,0
2022-07-15 12:33:00,6250,6250,6250,6250,0
2022-07-15 12:34:00,6250,6250,6250,6250,0
2022-07-15 12:35:00,6250,6250,6250,6250,0
2022-07-15 12:36:00,6250,6250,6250,6250,0
2022-07-15 12:37:00,6250,6250,6250,6250,0
2022-07-15 12:38:00,6250,6250,6250,6250,0
2022-07-15 12:39:00,6250,6250,6250,6250,0
2022-07-15 12:40:00,6250,6250,6250,6250,0
2022-07-15 12:41:00,6250,6250,6250,6250,0
2022-07-15 12:42:00,6250,6250,6250,6250,0
2022-07-15 12:43:00,6250,6250,6250,6250,0
2022-07-15 12:44:00,6250,6250,6250,6250,0
2022-07-15 12:45:00,6250,6250,6250,6250,0
2022-07-15 12:46:00,6250,6250,6250,6250,0
2022-07-15 12:47:00,6250,6250,6250,6250,0
2022-07-15 12:48:00,6250,6250,6250,6250,0
2022-07-15 12:49:00,6250,6250,6250,6250,0
2022-07-15 12:50:00,6250,6250,6250,6250,0
2022-07-15 12:51:00,6250,6250,6250,6250,0
2022-07-15 12:52:00,6250,6250,6250,6250,0
2022-07-15 12:53:00,6250,6250,6250,6250,0
2022-07-15 12:54:00,6250,6250,6250,6250,0
2022-07-15 12:55:00,6250,6250,6250,6250,0
2022-07-15 12:56:00,6250,6250,6250,6250,0
2022-07-15 12:57:00,6250,6250,6250,6250,0
2022-07-15 12:58:00,6250,6250,6250,6250,0
2022-07-15 12:59:00,6250,6250,6250,6250,0
2022-07-15 13:00:00,6250,6250,6250,6250,0
2022-07-15 13:01:00,6250,6250,6250,6250,0
2022-07-15 13:02:00,6250,6250,6250,6250,0
2022-07-15 13:03:00,6250,6250,6250,6250,0
2022-07-15 13:04:00,6250,6250,6250,6250,0
2022-07-15 13:05:00,6250,6250,6250,6250,0
2022-07-15 13:06:00,6250,6250,6250,6250,0
2022-07-15 13:07:00,6250,6250,6250,6250,0
2022-07-15 13:08:00,6250,6250,6250,6250,0
2022-07-15 13:09:00,6250,6250,6250,6250,0
2022-07-15 13:10:00,6250,6250,6250,6250,0
2022-07-15 13:11:00,6250,6250,6250,6250,0
2022-07-15 13:12:00,6250,6250,6250,6250,0
2022-07-15 13:13:00,6250,6250,6250,6250,0
2022-07-15 13:14:00,6250,6250,6250,6250,0
2022-07-15 13:15:00,6250,6250,6250,6250,0
2022-07-15 13:16:00,6250,6250,6250,6250,0
2022-07-15 13:17:00,6250,6250,6250,6250,0
2022-07-15 13:18:00,6250,6250,6250,6250,0
2022-07-15 13:19:00,6250,6250,6250,6250,0
2022-07-15 13:20:00,6250,6250,6250,6250,0
2022-07-15 13:21:00,6250,6250,6250,6250,0
2022-07-15 13:22:00,6250,6250,6250,6250,0
2022-07-15 13:23:00,6250,6250,6250,6250,0
2022-07-15 13:24:00,6250,6250,6250,6250,0
2022-07-15 13:25:00,6250,6250,6250,6250,0
2022-07-15 13:26:00,6250,6250,6250,6250,0
2022-07-15 13:27:00,6250,6250,6250,6250,0
2022-07-15 13:28:00,6250,6250,6250,6250,0
2022-07-15 13:29:00,6250,6250,6250,6250,0
2022-07-15 13:30:00,6250,6250,6250,6250,8600
2022-07-15 13:31:00,6250,6250,6250,6250,7500
2022-07-15 13:32:00,6250,6250,6250,6250,0
2022-07-15 13:33:00,6250,6250,6250,6250,0
2022-07-15 13:34:00,6225,6225,6225,6225,600
2022-07-15 13:35:00,6250,6250,6250,6250,1100
2022-07-15 13:36:00,6250,6250,6250,6250,0
2022-07-15 13:37:00,6250,6225,6250,6225,10400
2022-07-15 13:38:00,6250,6225,6250,6225,0
2022-07-15 13:39:00,6225,6225,6250,6250,8100
2022-07-15 13:40:00,6250,6250,6250,6250,1100
2022-07-15 13:41:00,6250,6250,6250,6250,1400
2022-07-15 13:42:00,6250,6250,6250,6250,1200
2022-07-15 13:43:00,6250,6250,6250,6250,0
2022-07-15 13:44:00,6250,6250,6250,6250,0
2022-07-15 13:45:00,6250,6225,6250,6225,2400
2022-07-15 13:46:00,6225,6225,6250,6250,12100
2022-07-15 13:47:00,6225,6225,6225,6225,15600
2022-07-15 13:48:00,6250,6250,6250,6250,0
2022-07-15 13:49:00,6250,6250,6250,6250,0
2022-07-15 13:50:00,6250,6250,6250,6250,400
2022-07-15 13:51:00,6250,6250,6250,6250,4500
2022-07-15 13:52:00,6250,6250,6250,6250,100
2022-07-15 13:53:00,6225,6225,6250,6250,300
2022-07-15 13:54:00,6225,6225,6250,6250,0
2022-07-15 13:55:00,6225,6225,6250,6250,0
2022-07-15 13:56:00,6250,6250,6250,6250,300
2022-07-15 13:57:00,6250,6250,6250,6250,0
2022-07-15 13:58:00,6225,6225,6225,6225,7200
2022-07-15 13:59:00,6225,6225,6225,6225,100
2022-07-15 14:00:00,6225,6225,6250,6250,1300
2022-07-15 14:01:00,6225,6225,6225,6225,30300
2022-07-15 14:02:00,6225,6225,6225,6225,0
2022-07-15 14:03:00,6225,6225,6225,6225,0
2022-07-15 14:04:00,6225,6225,6225,6225,0
2022-07-15 14:05:00,6225,6225,6225,6225,3200
2022-07-15 14:06:00,6225,6225,6225,6225,15200
2022-07-15 14:07:00,6225,6225,6225,6225,0
2022-07-15 14:08:00,6225,6225,6250,6225,84700
2022-07-15 14:09:00,6250,6250,6250,6250,0
2022-07-15 14:10:00,6250,6250,6250,6250,0
2022-07-15 14:11:00,6225,6225,6225,6225,11800
2022-07-15 14:12:00,6225,6225,6225,6225,0
2022-07-15 14:13:00,6225,6225,6250,6250,3700
2022-07-15 14:14:00,6250,6250,6250,6250,0
2022-07-15 14:15:00,6250,6225,6250,6225,3800
2022-07-15 14:16:00,6225,6225,6250,6250,0
2022-07-15 14:17:00,6225,6225,6250,6250,0
2022-07-15 14:18:00,6250,6250,6250,6250,1000
2022-07-15 14:19:00,6250,6250,6250,6250,2200
2022-07-15 14:20:00,6225,6225,6225,6225,7000
2022-07-15 14:21:00,6250,6250,6250,6250,900
2022-07-15 14:22:00,6225,6225,6225,6225,0
2022-07-15 14:23:00,6225,6225,6225,6225,0
2022-07-15 14:24:00,6225,6225,6225,6225,0
2022-07-15 14:25:00,6225,6225,6225,6225,0
2022-07-15 14:26:00,6225,6225,6225,6225,14100
2022-07-15 14:27:00,6250,6250,6250,6250,0
2022-07-15 14:28:00,6225,6225,6225,6225,0
2022-07-15 14:29:00,6225,6225,6225,6225,0
2022-07-15 14:30:00,6225,6225,6225,6225,0
2022-07-15 14:31:00,6225,6225,6250,6250,7000
2022-07-15 14:32:00,6250,6225,6250,6225,1700
2022-07-15 14:33:00,6250,6225,6250,6225,0
2022-07-15 14:34:00,6250,6225,6250,6225,0
2022-07-15 14:35:00,6225,6225,6225,6225,4000
2022-07-15 14:36:00,6250,6225,6250,6225,12500
2022-07-15 14:37:00,6250,6225,6250,6225,0
2022-07-15 14:38:00,6250,6225,6250,6225,0
2022-07-15 14:39:00,6250,6225,6250,6225,0
2022-07-15 14:40:00,6225,6225,6250,6225,18000
2022-07-15 14:41:00,6225,6225,6225,6225,3400
2022-07-15 14:42:00,6225,6225,6225,6225,0
2022-07-15 14:43:00,6225,6225,6225,6225,9500
2022-07-15 14:44:00,6250,6225,6250,6225,58500
2022-07-15 14:45:00,6225,6225,6225,6225,0
2022-07-15 14:46:00,6250,6250,6250,6250,1500
2022-07-15 14:47:00,6225,6225,6250,6225,6200
2022-07-15 14:48:00,6250,6250,6250,6250,0
2022-07-15 14:49:00,6250,6225,6250,6250,400
2022-07-15 14:50:00,6250,6225,6250,6250,0
2022-07-15 14:51:00,6250,6225,6250,6250,0
2022-07-15 14:52:00,6250,6225,6250,6250,0
2022-07-15 14:53:00,6250,6225,6250,6250,0
2022-07-15 14:54:00,6250,6225,6250,6250,0
2022-07-15 14:55:00,6250,6225,6250,6250,0
2022-07-15 14:56:00,6250,6225,6250,6250,0
2022-07-15 14:57:00,6250,6225,6250,6250,0
2022-07-15 14:58:00,6250,6225,6250,6250,0
2022-07-15 14:59:00,6250,6225,6250,6250,0
2022-07-15 15:00:00,6250,6250,6250,6250,34000
2022-07-15 15:01:00,6250,6250,6250,6250,3700
2022-07-15 15:02:00,6250,6250,6250,6250,0
2022-07-15 15:03:00,6250,6250,6250,6250,1300
2022-07-15 15:04:00,6250,6250,6250,6250,0
2022-07-15 15:05:00,6250,6250,6250,6250,0
2022-07-15 15:06:00,6250,6250,6250,6250,2000
2022-07-15 15:07:00,6250,6250,6250,6250,0
2022-07-15 15:08:00,6250,6250,6250,6250,0
2022-07-15 15:09:00,6250,6250,6250,6250,0
2022-07-15 15:10:00,6250,6250,6250,6250,0
2022-07-15 15:11:00,6250,6250,6250,6250,200
2022-07-15 15:12:00,6250,6250,6250,6250,0
2022-07-15 15:13:00,6250,6250,6250,6250,0
2022-07-15 15:14:00,6250,6250,6250,6250,0
2022-07-15 15:15:00,6250,6250,6250,6250,0
2022-07-15 15:16:00,6250,6250,6250,6250,0
2022-07-15 15:17:00,6250,6250,6250,6250,0
2022-07-15 15:18:00,6250,6250,6250,6250,0
2022-07-15 15:19:00,6250,6250,6250,6250,0
2022-07-15 15:20:00,6250,6250,6250,6250,0
2022-07-15 15:21:00,6250,6250,6250,6250,0
2022-07-15 15:22:00,6250,6250,6250,6250,0
2022-07-15 15:23:00,6250,6250,6250,6250,0
2022-07-15 15:24:00,6250,6250,6250,6250,0
2022-07-15 15:25:00,6250,6250,6250,6250,0
2022-07-15 15:26:00,6250,6250,6250,6250,0
2022-07-15 15:27:00,6250,6250,6250,6250,0
2022-07-15 15:28:00,6250,6250,6250,6250,0
2022-07-15 15:29:00,6250,6250,6250,6250,0
2022-07-15 15:30:00,6250,6250,6250,6250,0
2022-07-15 15:31:00,6250,6250,6250,6250,0
2022-07-15 15:32:00,6250,6250,6250,6250,0
2022-07-15 15:33:00,6250,6250,6250,6250,0
2022-07-15 15:34:00,6250,6250,6250,6250,0
2022-07-15 15:35:00,6250,6250,6250,6250,0
2022-07-15 15:36:00,6250,6250,6250,6250,0
2022-07-15 15:37:00,6250,6250,6250,6250,0
2022-07-15 15:38:00,6250,6250,6250,6250,0
2022-07-15 15:39:00,6250,6250,6250,6250,0
2022-07-15 15:40:00,6250,6250,6250,6250,0
2022-07-15 15:41:00,6250,6250,6250,6250,0
2022-07-15 15:42:00,6250,6250,6250,6250,0
2022-07-15 15:43:00,6250,6250,6250,6250,0
2022-07-15 15:44:00,6250,6250,6250,6250,0
2022-07-15 15:45:00,6250,6250,6250,6250,0
2022-07-15 15:46:00,6250,6250,6250,6250,0
2022-07-15 15:47:00,6250,6250,6250,6250,0
2022-07-15 15:48:00,6250,6250,6250,6250,0
2022-07-15 15:49:00,6250,6250,6250,6250,0
2022-07-15 15:50:00,6250,6250,6250,6250,0
2022-07-15 15:51:00,6250,6250,6250,6250,0
2022-07-15 15:52:00,6250,6250,6250,6250,0
2022-07-15 15:53:00,6250,6250,6250,6250,0
2022-07-15 15:54:00,6250,6250,6250,6250,0
2022-07-15 15:55:00,6250,6250,6250,6250,0
2022-07-15 15:56:00,6250,6250,6250,6250,0
2022-07-15 15:57:00,6250,6250,6250,6250,0
2022-07-15 15:58:00,6250,6250,6250,6250,0
2022-07-15 15:59:00,6250,6250,6250,6250,0
2022-07-18 09:00:00,6275,6275,6275,6275,5700
2022-07-18 09:01:00,6275,6275,6275,6275,0
2022-07-18 09:02:00,6275,6275,6275,6275,0
2022-07-18 09:03:00,6275,6250,6275,6250,2400
2022-07-18 09:04:00,6250,6250,6250,6250,600
2022-07-18 09:05:00,6275,6250,6275,6250,2200
2022-07-18 09:06:00,6250,6250,6250,6250,2300
2022-07-18 09:07:00,6250,6250,6275,6275,22800
2022-07-18 09:08:00,6250,6250,6275,6275,0
2022-07-18 09:09:00,6250,6250,6250,6250,0
2022-07-18 09:10:00,6250,6250,6250,6250,1200
2022-07-18 09:11:00,6250,6250,6250,6250,5800
2022-07-18 09:12:00,6250,6250,6250,6250,0
2022-07-18 09:13:00,6250,6250,6250,6250,0
2022-07-18 09:14:00,6250,6250,6250,6250,0
2022-07-18 09:15:00,6250,6250,6250,6250,0
2022-07-18 09:16:00,6250,6250,6250,6250,5100
2022-07-18 09:17:00,6250,6250,6250,6250,0
2022-07-18 09:18:00,6250,6250,6250,6250,0
2022-07-18 09:19:00,6250,6250,6250,6250,200
2022-07-18 09:20:00,6250,6250,6250,6250,0
2022-07-18 09:21:00,6250,6250,6250,6250,1300
2022-07-18 09:22:00,6250,6250,6250,6250,0
2022-07-18 09:23:00,6225,6225,6225,6225,2400
2022-07-18 09:24:00,6250,6250,6250,6250,300
2022-07-18 09:25:00,6250,6250,6250,6250,0
2022-07-18 09:26:00,6250,6250,6250,6250,200
2022-07-18 09:27:00,6250,6250,6250,6250,100
2022-07-18 09:28:00,6250,6250,6250,6250,0
2022-07-18 09:29:00,6225,6225,6225,6225,3500
2022-07-18 09:30:00,6225,6225,6225,6225,1000
2022-07-18 09:31:00,6225,6225,6225,6225,0
2022-07-18 09:32:00,6225,6225,6225,6225,1400
2022-07-18 09:33:00,6225,6225,6225,6225,9300
2022-07-18 09:34:00,6225,6225,6225,6225,800
2022-07-18 09:35:00,6225,6225,6225,6225,0
2022-07-18 09:36:00,6225,6225,6225,6225,9200
2022-07-18 09:37:00,6225,6225,6225,6225,0
2022-07-18 09:38:00,6225,6225,6225,6225,400
2022-07-18 09:39:00,6225,6225,6250,6250,100
2022-07-18 09:40:00,6225,6225,6250,6250,0
2022-07-18 09:41:00,6225,6225,6250,6250,0
2022-07-18 09:42:00,6250,6250,6250,6250,2000
2022-07-18 09:43:00,6250,6250,6250,6250,0
2022-07-18 09:44:00,6250,6250,6250,6250,0
2022-07-18 09:45:00,6250,6250,6250,6250,0
2022-07-18 09:46:00,6250,6250,6250,6250,0
2022-07-18 09:47:00,6225,6225,6225,6225,1100
2022-07-18 09:48:00,6225,6225,6225,6225,0
2022-07-18 09:49:00,6250,6250,6250,6250,0
2022-07-18 09:50:00,6250,6250,6250,6250,0
2022-07-18 09:51:00,6250,6250,6250,6250,0
2022-07-18 09:52:00,6250,6250,6250,6250,0
2022-07-18 09:53:00,6250,6250,6250,6250,0
2022-07-18 09:54:00,6250,6250,6250,6250,300
2022-07-18 09:55:00,6225,6225,6225,6225,1500
2022-07-18 09:56:00,6225,6225,6225,6225,0
2022-07-18 09:57:00,6225,6225,6225,6225,0
2022-07-18 09:58:00,6225,6225,6225,6225,700
2022-07-18 09:59:00,6225,6225,6225,6225,0
2022-07-18 10:00:00,6225,6225,6225,6225,0
2022-07-18 10:01:00,6225,6225,6225,6225,0
2022-07-18 10:02:00,6225,6225,6225,6225,0
2022-07-18 10:03:00,6225,6225,6225,6225,0
2022-07-18 10:04:00,6225,6225,6225,6225,0
2022-07-18 10:05:00,6225,6225,6225,6225,1600
2022-07-18 10:06:00,6225,6225,6225,6225,0
2022-07-18 10:07:00,6225,6225,6250,6225,13600
2022-07-18 10:08:00,6225,6225,6250,6225,0
2022-07-18 10:09:00,6225,6225,6225,6225,1300
2022-07-18 10:10:00,6225,6225,6225,6225,3300
2022-07-18 10:11:00,6225,6225,6225,6225,700
2022-07-18 10:12:00,6225,6225,6225,6225,0
2022-07-18 10:13:00,6225,6225,6225,6225,0
2022-07-18 10:14:00,6225,6225,6225,6225,0
2022-07-18 10:15:00,6225,6225,6225,6225,0
2022-07-18 10:16:00,6225,6225,6225,6225,2200
2022-07-18 10:17:00,6225,6225,6225,6225,100
2022-07-18 10:18:00,6225,6225,6225,6225,0
2022-07-18 10:19:00,6225,6200,6225,6200,3500
2022-07-18 10:20:00,6225,6225,6225,6225,600
2022-07-18 10:21:00,6225,6225,6225,6225,300
2022-07-18 10:22:00,6200,6200,6200,6200,2900
2022-07-18 10:23:00,6225,6225,6225,6225,200
2022-07-18 10:24:00,6225,6225,6225,6225,0
2022-07-18 10:25:00,6225,6225,6225,6225,200
2022-07-18 10:26:00,6225,6200,6225,6200,200
2022-07-18 10:27:00,6225,6225,6225,6225,1700
2022-07-18 10:28:00,6225,6225,6225,6225,0
2022-07-18 10:29:00,6225,6225,6225,6225,2600
2022-07-18 10:30:00,6200,6200,6225,6225,0
2022-07-18 10:31:00,6200,6200,6225,6225,0
2022-07-18 10:32:00,6225,6225,6225,6225,0
2022-07-18 10:33:00,6200,6200,6225,6225,300
2022-07-18 10:34:00,6225,6225,6225,6225,700
2022-07-18 10:35:00,6200,6200,6200,6200,300
2022-07-18 10:36:00,6225,6225,6250,6250,1300
2022-07-18 10:37:00,6225,6225,6250,6250,0
2022-07-18 10:38:00,6225,6225,6250,6250,500
2022-07-18 10:39:00,6250,6250,6250,6250,100
2022-07-18 10:40:00,6250,6250,6250,6250,0
2022-07-18 10:41:00,6250,6250,6250,6250,0
2022-07-18 10:42:00,6225,6225,6225,6225,3000
2022-07-18 10:43:00,6225,6225,6225,6225,0
2022-07-18 10:44:00,6225,6225,6250,6250,0
2022-07-18 10:45:00,6250,6250,6250,6250,100
2022-07-18 10:46:00,6225,6225,6225,6225,300
2022-07-18 10:47:00,6250,6225,6250,6225,0
2022-07-18 10:48:00,6250,6225,6250,6225,0
2022-07-18 10:49:00,6250,6225,6250,6225,0
2022-07-18 10:50:00,6250,6225,6250,6225,0
2022-07-18 10:51:00,6250,6225,6250,6225,0
2022-07-18 10:52:00,6250,6250,6250,6250,200
2022-07-18 10:53:00,6225,6225,6225,6225,600
2022-07-18 10:54:00,6225,6225,6225,6225,0
2022-07-18 10:55:00,6225,6225,6225,6225,0
2022-07-18 10:56:00,6225,6225,6225,6225,0
2022-07-18 10:57:00,6225,6225,6225,6225,0
2022-07-18 10:58:00,6225,6225,6225,6225,0
2022-07-18 10:59:00,6225,6225,6225,6225,1100
2022-07-18 11:00:00,6225,6225,6225,6225,0
2022-07-18 11:01:00,6225,6225,6225,6225,100
2022-07-18 11:02:00,6250,6250,6250,6250,2300
2022-07-18 11:03:00,6250,6250,6250,6250,0
2022-07-18 11:04:00,6225,6225,6225,6225,0
2022-07-18 11:05:00,6225,6225,6225,6225,0
2022-07-18 11:06:00,6225,6225,6225,6225,0
2022-07-18 11:07:00,6225,6225,6225,6225,200
2022-07-18 11:08:00,6250,6250,6250,6250,0
2022-07-18 11:09:00,6250,6250,6250,6250,0
2022-07-18 11:10:00,6225,6225,6225,6225,200
2022-07-18 11:11:00,6225,6225,6225,6225,0
2022-07-18 11:12:00,6225,6225,6225,6225,0
2022-07-18 11:13:00,6225,6225,6250,6250,400
2022-07-18 11:14:00,6225,6225,6250,6250,0
2022-07-18 11:15:00,6225,6225,6250,6250,0
2022-07-18 11:16:00,6225,6225,6225,6225,0
2022-07-18 11:17:00,6225,6225,6225,6225,0
2022-07-18 11:18:00,6250,6250,6250,6250,2000
2022-07-18 11:19:00,6225,6225,6225,6225,0
2022-07-18 11:20:00,6225,6225,6225,6225,0
2022-07-18 11:21:00,6225,6225,6225,6225,600
2022-07-18 11:22:00,6225,6225,6225,6225,200
2022-07-18 11:23:00,6225,6225,6225,6225,2000
2022-07-18 11:24:00,6225,6225,6225,6225,0
2022-07-18 11:25:00,6225,6225,6225,6225,200
2022-07-18 11:26:00,6225,6225,6250,6250,200
2022-07-18 11:27:00,6225,6225,6225,6225,0
2022-07-18 11:28:00,6225,6225,6225,6225,0
2022-07-18 11:29:00,6225,6225,6225,6225,0
2022-07-18 11:30:00,6225,6225,6225,6225,0
2022-07-18 11:31:00,6225,6225,6225,6225,0
2022-07-18 11:32:00,6225,6225,6225,6225,0
2022-07-18 11:33:00,6225,6225,6225,6225,0
2022-07-18 11:34:00,6225,6225,6225,6225,0
2022-07-18 11:35:00,6225,6225,6225,6225,0
2022-07-18 11:36:00,6225,6225,6225,6225,0
2022-07-18 11:37:00,6225,6225,6225,6225,0
2022-07-18 11:38:00,6225,6225,6225,6225,0
2022-07-18 11:39:00,6225,6225,6225,6225,0
2022-07-18 11:40:00,6225,6225,6225,6225,0
2022-07-18 11:41:00,6225,6225,6225,6225,0
2022-07-18 11:42:00,6225,6225,6225,6225,0
2022-07-18 11:43:00,6225,6225,6225,6225,0
2022-07-18 11:44:00,6225,6225,6225,6225,0
2022-07-18 11:45:00,6225,6225,6225,6225,0
2022-07-18 11:46:00,6225,6225,6225,6225,0
2022-07-18 11:47:00,6225,6225,6225,6225,0
2022-07-18 11:48:00,6225,6225,6225,6225,0
2022-07-18 11:49:00,6225,6225,6225,6225,0
2022-07-18 11:50:00,6225,6225,6225,6225,0
2022-07-18 11:51:00,6225,6225,6225,6225,0
2022-07-18 11:52:00,6225,6225,6225,6225,0
2022-07-18 11:53:00,6225,6225,6225,6225,0
2022-07-18 11:54:00,6225,6225,6225,6225,0
2022-07-18 11:55:00,6225,6225,6225,6225,0
2022-07-18 11:56:00,6225,6225,6225,6225,0
2022-07-18 11:57:00,6225,6225,6225,6225,0
2022-07-18 11:58:00,6225,6225,6225,6225,0
2022-07-18 11:59:00,6225,6225,6225,6225,0
2022-07-18 12:00:00,6225,6225,6225,6225,0
2022-07-18 12:01:00,6225,6225,6225,6225,0
2022-07-18 12:02:00,6225,6225,6225,6225,0
2022-07-18 12:03:00,6225,6225,6225,6225,0
2022-07-18 12:04:00,6225,6225,6225,6225,0
2022-07-18 12:05:00,6225,6225,6225,6225,0
2022-07-18 12:06:00,6225,6225,6225,6225,0
2022-07-18 12:07:00,6225,6225,6225,6225,0
2022-07-18 12:08:00,6225,6225,6225,6225,0
2022-07-18 12:09:00,6225,6225,6225,6225,0
2022-07-18 12:10:00,6225,6225,6225,6225,0
2022-07-18 12:11:00,6225,6225,6225,6225,0
2022-07-18 12:12:00,6225,6225,6225,6225,0
2022-07-18 12:13:00,6225,6225,6225,6225,0
2022-07-18 12:14:00,6225,6225,6225,6225,0
2022-07-18 12:15:00,6225,6225,6225,6225,0
2022-07-18 12:16:00,6225,6225,6225,6225,0
2022-07-18 12:17:00,6225,6225,6225,6225,0
2022-07-18 12:18:00,6225,6225,6225,6225,0
2022-07-18 12:19:00,6225,6225,6225,6225,0
2022-07-18 12:20:00,6225,6225,6225,6225,0
2022-07-18 12:21:00,6225,6225,6225,6225,0
2022-07-18 12:22:00,6225,6225,6225,6225,0
2022-07-18 12:23:00,6225,6225,6225,6225,0
2022-07-18 12:24:00,6225,6225,6225,6225,0
2022-07-18 12:25:00,6225,6225,6225,6225,0
2022-07-18 12:26:00,6225,6225,6225,6225,0
2022-07-18 12:27:00,6225,6225,6225,6225,0
2022-07-18 12:28:00,6225,6225,6225,6225,0
2022-07-18 12:29:00,6225,6225,6225,6225,0
2022-07-18 12:30:00,6225,6225,6225,6225,0
2022-07-18 12:31:00,6225,6225,6225,6225,0
2022-07-18 12:32:00,6225,6225,6225,6225,0
2022-07-18 12:33:00,6225,6225,6225,6225,0
2022-07-18 12:34:00,6225,6225,6225,6225,0
2022-07-18 12:35:00,6225,6225,6225,6225,0
2022-07-18 12:36:00,6225,6225,6225,6225,0
2022-07-18 12:37:00,6225,6225,6225,6225,0
2022-07-18 12:38:00,6225,6225,6225,6225,0
2022-07-18 12:39:00,6225,6225,6225,6225,0
2022-07-18 12:40:00,6225,6225,6225,6225,0
2022-07-18 12:41:00,6225,6225,6225,6225,0
2022-07-18 12:42:00,6225,6225,6225,6225,0
2022-07-18 12:43:00,6225,6225,6225,6225,0
2022-07-18 12:44:00,6225,6225,6225,6225,0
2022-07-18 12:45:00,6225,6225,6225,6225,0
2022-07-18 12:46:00,6225,6225,6225,6225,0
2022-07-18 12:47:00,6225,6225,6225,6225,0
2022-07-18 12:48:00,6225,6225,6225,6225,0
2022-07-18 12:49:00,6225,6225,6225,6225,0
2022-07-18 12:50:00,6225,6225,6225,6225,0
2022-07-18 12:51:00,6225,6225,6225,6225,0
2022-07-18 12:52:00,6225,6225,6225,6225,0
2022-07-18 12:53:00,6225,6225,6225,6225,0
2022-07-18 12:54:00,6225,6225,6225,6225,0
2022-07-18 12:55:00,6225,6225,6225,6225,0
2022-07-18 12:56:00,6225,6225,6225,6225,0
2022-07-18 12:57:00,6225,6225,6225,6225,0
2022-07-18 12:58:00,6225,6225,6225,6225,0
2022-07-18 12:59:00,6225,6225,6225,6225,0
2022-07-18 13:00:00,6225,6225,6225,6225,0
2022-07-18 13:01:00,6225,6225,6225,6225,0
2022-07-18 13:02:00,6225,6225,6225,6225,0
2022-07-18 13:03:00,6225,6225,6225,6225,0
2022-07-18 13:04:00,6225,6225,6225,6225,0
2022-07-18 13:05:00,6225,6225,6225,6225,0
2022-07-18 13:06:00,6225,6225,6225,6225,0
2022-07-18 13:07:00,6225,6225,6225,6225,0
2022-07-18 13:08:00,6225,6225,6225,6225,0
2022-07-18 13:09:00,6225,6225,6225,6225,0
2022-07-18 13:10:00,6225,6225,6225,6225,0
2022-07-18 13:11:00,6225,6225,6225,6225,0
2022-07-18 13:12:00,6225,6225,6225,6225,0
2022-07-18 13:13:00,6225,6225,6225,6225,0
2022-07-18 13:14:00,6225,6225,6225,6225,0
2022-07-18 13:15:00,6225,6225,6225,6225,0
2022-07-18 13:16:00,6225,6225,6225,6225,0
2022-07-18 13:17:00,6225,6225,6225,6225,0
2022-07-18 13:18:00,6225,6225,6225,6225,0
2022-07-18 13:19:00,6225,6225,6225,6225,0
2022-07-18 13:20:00,6225,6225,6225,6225,0
2022-07-18 13:21:00,6225,6225,6225,6225,0
2022-07-18 13:22:00,6225,6225,6225,6225,0
2022-07-18 13:23:00,6225,6225,6225,6225,0
2022-07-18 13:24:00,6225,6225,6225,6225,0
2022-07-18 13:25:00,6225,6225,6225,6225,0
2022-07-18 13:26:00,6225,6225,6225,6225,0
2022-07-18 13:27:00,6225,6225,6225,6225,0
2022-07-18 13:28:00,6225,6225,6225,6225,0
2022-07-18 13:29:00,6225,6225,6225,6225,0
2022-07-18 13:30:00,6225,6225,6250,6225,1100
2022-07-18 13:31:00,6225,6225,6225,6225,200
2022-07-18 13:32:00,6225,6225,6225,6225,4500
2022-07-18 13:33:00,6225,6225,6225,6225,0
2022-07-18 13:34:00,6225,6225,6225,6225,31700
2022-07-18 13:35:00,6250,6250,6250,6250,0
2022-07-18 13:36:00,6225,6225,6225,6225,1000
2022-07-18 13:37:00,6225,6225,6225,6225,1100
2022-07-18 13:38:00,6225,6225,6225,6225,0
2022-07-18 13:39:00,6225,6225,6225,6225,0
2022-07-18 13:40:00,6225,6225,6225,6225,3000
2022-07-18 13:41:00,6225,6225,6225,6225,0
2022-07-18 13:42:00,6225,6225,6225,6225,100
2022-07-18 13:43:00,6225,6225,6225,6225,0
2022-07-18 13:44:00,6225,6225,6225,6225,100
2022-07-18 13:45:00,6225,6225,6225,6225,6900
2022-07-18 13:46:00,6225,6225,6225,6225,0
2022-07-18 13:47:00,6225,6225,6225,6225,0
2022-07-18 13:48:00,6225,6225,6225,6225,100
2022-07-18 13:49:00,6225,6225,6225,6225,0
2022-07-18 13:50:00,6225,6225,6225,6225,0
2022-07-18 13:51:00,6225,6225,6225,6225,0
2022-07-18 13:52:00,6225,6225,6250,6250,5700
2022-07-18 13:53:00,6225,6225,6250,6250,0
2022-07-18 13:54:00,6225,6225,6250,6250,0
2022-07-18 13:55:00,6225,6225,6225,6225,6800
2022-07-18 13:56:00,6225,6225,6225,6225,0
2022-07-18 13:57:00,6250,6250,6250,6250,3100
2022-07-18 13:58:00,6250,6250,6250,6250,0
2022-07-18 13:59:00,6250,6250,6250,6250,0
2022-07-18 14:00:00,6225,6225,6225,6225,0
2022-07-18 14:01:00,6225,6225,6225,6225,0
2022-07-18 14:02:00,6250,6250,6250,6250,0
2022-07-18 14:03:00,6225,6225,6250,6250,1400
2022-07-18 14:04:00,6250,6250,6250,6250,0
2022-07-18 14:05:00,6250,6250,6250,6250,0
2022-07-18 14:06:00,6250,6250,6250,6250,0
2022-07-18 14:07:00,6225,6225,6250,6250,21100
2022-07-18 14:08:00,6225,6225,6250,6250,0
2022-07-18 14:09:00,6225,6225,6225,6225,9000
2022-07-18 14:10:00,6225,6225,6225,6225,0
2022-07-18 14:11:00,6225,6225,6225,6225,0
2022-07-18 14:12:00,6225,6225,6225,6225,0
2022-07-18 14:13:00,6225,6225,6225,6225,300
2022-07-18 14:14:00,6225,6225,6225,6225,22600
2022-07-18 14:15:00,6225,6225,6225,6225,0
2022-07-18 14:16:00,6225,6225,6225,6225,0
2022-07-18 14:17:00,6225,6225,6225,6225,0
2022-07-18 14:18:00,6225,6225,6225,6225,0
2022-07-18 14:19:00,6225,6225,6225,6225,0
2022-07-18 14:20:00,6225,6225,6225,6225,0
2022-07-18 14:21:00,6225,6225,6225,6225,0
2022-07-18 14:22:00,6225,6225,6225,6225,9000
2022-07-18 14:23:00,6225,6225,6225,6225,0
2022-07-18 14:24:00,6225,6225,6225,6225,2000
2022-07-18 14:25:00,6225,6225,6225,6225,0
2022-07-18 14:26:00,6225,6225,6225,6225,1000
2022-07-18 14:27:00,6225,6225,6225,6225,0
2022-07-18 14:28:00,6250,6250,6250,6250,1400
2022-07-18 14:29:00,6250,6250,6250,6250,0
2022-07-18 14:30:00,6225,6225,6250,6250,4600
2022-07-18 14:31:00,6225,6225,6250,6250,0
2022-07-18 14:32:00,6225,6225,6250,6250,0
2022-07-18 14:33:00,6225,6225,6225,6225,3200
2022-07-18 14:34:00,6225,6225,6225,6225,0
2022-07-18 14:35:00,6225,6225,6225,6225,1400
2022-07-18 14:36:00,6225,6225,6225,6225,10800
2022-07-18 14:37:00,6225,6225,6225,6225,0
2022-07-18 14:38:00,6225,6225,6225,6225,0
2022-07-18 14:39:00,6225,6225,6225,6225,2000
2022-07-18 14:40:00,6225,6225,6225,6225,1700
2022-07-18 14:41:00,6250,6225,6250,6225,200
2022-07-18 14:42:00,6250,6225,6250,6225,0
2022-07-18 14:43:00,6225,6225,6250,6250,20800
2022-07-18 14:44:00,6225,6225,6250,6250,0
2022-07-18 14:45:00,6225,6225,6250,6250,0
2022-07-18 14:46:00,6225,6225,6250,6250,0
2022-07-18 14:47:00,6225,6225,6225,6225,3900
2022-07-18 14:48:00,6250,6250,6250,6250,700
2022-07-18 14:49:00,6250,6225,6250,6225,1000
2022-07-18 14:50:00,6250,6225,6250,6225,0
2022-07-18 14:51:00,6250,6225,6250,6225,0
2022-07-18 14:52:00,6250,6225,6250,6225,0
2022-07-18 14:53:00,6250,6225,6250,6225,0
2022-07-18 14:54:00,6250,6225,6250,6225,0
2022-07-18 14:55:00,6250,6225,6250,6225,0
2022-07-18 14:56:00,6250,6225,6250,6225,0
2022-07-18 14:57:00,6250,6225,6250,6225,0
2022-07-18 14:58:00,6250,6225,6250,6225,0
2022-07-18 14:59:00,6250,6225,6250,6225,0
2022-07-18 15:00:00,6225,6225,6225,6225,3500
2022-07-18 15:01:00,6225,6225,6225,6225,0
2022-07-18 15:02:00,6225,6225,6225,6225,0
2022-07-18 15:03:00,6225,6225,6225,6225,0
2022-07-18 15:04:00,6225,6225,6225,6225,0
2022-07-18 15:05:00,6225,6225,6225,6225,0
2022-07-18 15:06:00,6225,6225,6225,6225,0
2022-07-18 15:07:00,6225,6225,6225,6225,0
2022-07-18 15:08:00,6225,6225,6225,6225,0
2022-07-18 15:09:00,6225,6225,6225,6225,0
2022-07-18 15:10:00,6225,6225,6225,6225,19700
2022-07-18 15:11:00,6225,6225,6225,6225,0
2022-07-18 15:12:00,6225,6225,6225,6225,0
2022-07-18 15:13:00,6225,6225,6225,6225,0
2022-07-18 15:14:00,6225,6225,6225,6225,0
2022-07-18 15:15:00,6225,6225,6225,6225,0
2022-07-18 15:16:00,6225,6225,6225,6225,0
2022-07-18 15:17:00,6225,6225,6225,6225,0
2022-07-18 15:18:00,6225,6225,6225,6225,0
2022-07-18 15:19:00,6225,6225,6225,6225,0
2022-07-18 15:20:00,6225,6225,6225,6225,0
2022-07-18 15:21:00,6225,6225,6225,6225,0
2022-07-18 15:22:00,6225,6225,6225,6225,0
2022-07-18 15:23:00,6225,6225,6225,6225,0
2022-07-18 15:24:00,6225,6225,6225,6225,0
2022-07-18 15:25:00,6225,6225,6225,6225,0
2022-07-18 15:26:00,6225,6225,6225,6225,0
2022-07-18 15:27:00,6225,6225,6225,6225,0
2022-07-18 15:28:00,6225,6225,6225,6225,0
2022-07-18 15:29:00,6225,6225,6225,6225,0
2022-07-18 15:30:00,6225,6225,6225,6225,0
2022-07-18 15:31:00,6225,6225,6225,6225,0
2022-07-18 15:32:00,6225,6225,6225,6225,0
2022-07-18 15:33:00,6225,6225,6225,6225,0
2022-07-18 15:34:00,6225,6225,6225,6225,0
2022-07-18 15:35:00,6225,6225,6225,6225,0
2022-07-18 15:36:00,6225,6225,6225,6225,0
2022-07-18 15:37:00,6225,6225,6225,6225,0
2022-07-18 15:38:00,6225,6225,6225,6225,0
2022-07-18 15:39:00,6225,6225,6225,6225,0
2022-07-18 15:40:00,6225,6225,6225,6225,0
2022-07-18 15:41:00,6225,6225,6225,6225,0
2022-07-18 15:42:00,6225,6225,6225,6225,0
2022-07-18 15:43:00,6225,6225,6225,6225,0
2022-07-18 15:44:00,6225,6225,6225,6225,0
2022-07-18 15:45:00,6225,6225,6225,6225,0
2022-07-18 15:46:00,6225,6225,6225,6225,0
2022-07-18 15:47:00,6225,6225,6225,6225,0
2022-07-18 15:48:00,6225,6225,6225,6225,0
2022-07-18 15:49:00,6225,6225,6225,6225,0
2022-07-18 15:50:00,6225,6225,6225,6225,0
2022-07-18 15:51:00,6225,6225,6225,6225,0
2022-07-18 15:52:00,6225,6225,6225,6225,0
2022-07-18 15:53:00,6225,6225,6225,6225,0
2022-07-18 15:54:00,6225,6225,6225,6225,0
2022-07-18 15:55:00,6225,6225,6225,6225,0
2022-07-18 15:56:00,6225,6225,6225,6225,0
2022-07-18 15:57:00,6225,6225,6225,6225,0
2022-07-18 15:58:00,6225,6225,6225,6225,0
2022-07-18 15:59:00,6225,6225,6225,6225,0
2022-07-19 09:00:00,6250,6250,6250,6250,10700
2022-07-19 09:01:00,6250,6225,6250,6225,700
2022-07-19 09:02:00,6225,6225,6225,6225,600
2022-07-19 09:03:00,6250,6250,6250,6250,0
2022-07-19 09:04:00,6250,6250,6250,6250,2300
2022-07-19 09:05:00,6250,6250,6250,6250,0
2022-07-19 09:06:00,6250,6225,6250,6225,0
2022-07-19 09:07:00,6250,6225,6250,6225,0
2022-07-19 09:08:00,6225,6225,6225,6225,3800
2022-07-19 09:09:00,6225,6225,6225,6225,0
2022-07-19 09:10:00,6225,6225,6225,6225,100
2022-07-19 09:11:00,6225,6225,6225,6225,0
2022-07-19 09:12:00,6225,6225,6250,6250,4500
2022-07-19 09:13:00,6250,6250,6250,6250,400
2022-07-19 09:14:00,6250,6250,6275,6275,11900
2022-07-19 09:15:00,6275,6275,6275,6275,0
2022-07-19 09:16:00,6275,6275,6275,6275,0
2022-07-19 09:17:00,6275,6275,6275,6275,0
2022-07-19 09:18:00,6275,6250,6275,6250,5500
2022-07-19 09:19:00,6275,6275,6275,6275,0
2022-07-19 09:20:00,6250,6250,6250,6250,0
2022-07-19 09:21:00,6250,6250,6250,6250,0
2022-07-19 09:22:00,6250,6250,6250,6250,2100
2022-07-19 09:23:00,6250,6250,6250,6250,0
2022-07-19 09:24:00,6250,6250,6250,6250,400
2022-07-19 09:25:00,6275,6275,6275,6275,100
2022-07-19 09:26:00,6275,6275,6275,6275,0
2022-07-19 09:27:00,6250,6250,6250,6250,400
2022-07-19 09:28:00,6275,6275,6275,6275,700
2022-07-19 09:29:00,6250,6250,6275,6275,400
2022-07-19 09:30:00,6250,6250,6275,6275,0
2022-07-19 09:31:00,6250,6250,6275,6275,0
2022-07-19 09:32:00,6275,6250,6275,6250,400
2022-07-19 09:33:00,6275,6250,6275,6250,0
2022-07-19 09:34:00,6250,6250,6250,6250,200
2022-07-19 09:35:00,6250,6250,6275,6275,8800
2022-07-19 09:36:00,6250,6250,6275,6275,0
2022-07-19 09:37:00,6250,6250,6275,6275,0
2022-07-19 09:38:00,6250,6250,6275,6275,0
2022-07-19 09:39:00,6275,6275,6275,6275,200
2022-07-19 09:40:00,6275,6275,6275,6275,900
2022-07-19 09:41:00,6275,6275,6275,6275,0
2022-07-19 09:42:00,6275,6275,6275,6275,3500
2022-07-19 09:43:00,6275,6275,6275,6275,0
2022-07-19 09:44:00,6275,6275,6275,6275,600
2022-07-19 09:45:00,6275,6250,6275,6250,1300
2022-07-19 09:46:00,6250,6250,6250,6250,0
2022-07-19 09:47:00,6250,6250,6250,6250,0
2022-07-19 09:48:00,6250,6250,6250,6250,0
2022-07-19 09:49:00,6250,6250,6250,6250,100
2022-07-19 09:50:00,6250,6250,6250,6250,100
2022-07-19 09:51:00,6250,6250,6250,6250,1200
2022-07-19 09:52:00,6275,6275,6275,6275,500
2022-07-19 09:53:00,6275,6275,6275,6275,300
2022-07-19 09:54:00,6275,6275,6275,6275,0
2022-07-19 09:55:00,6250,6250,6250,6250,1200
2022-07-19 09:56:00,6250,6250,6250,6250,0
2022-07-19 09:57:00,6250,6250,6250,6250,500
2022-07-19 09:58:00,6250,6250,6250,6250,0
2022-07-19 09:59:00,6250,6250,6250,6250,0
2022-07-19 10:00:00,6250,6250,6250,6250,0
2022-07-19 10:01:00,6250,6250,6275,6275,1300
2022-07-19 10:02:00,6250,6250,6275,6275,0
2022-07-19 10:03:00,6250,6250,6275,6275,0
2022-07-19 10:04:00,6250,6250,6275,6275,0
2022-07-19 10:05:00,6250,6250,6275,6275,0
2022-07-19 10:06:00,6250,6250,6275,6275,0
2022-07-19 10:07:00,6250,6250,6250,6250,100
2022-07-19 10:08:00,6250,6250,6250,6250,0
2022-07-19 10:09:00,6250,6250,6250,6250,0
2022-07-19 10:10:00,6250,6250,6250,6250,2200
2022-07-19 10:11:00,6250,6250,6250,6250,0
2022-07-19 10:12:00,6250,6250,6250,6250,0
2022-07-19 10:13:00,6250,6250,6250,6250,100
2022-07-19 10:14:00,6250,6250,6250,6250,0
2022-07-19 10:15:00,6250,6250,6250,6250,0
2022-07-19 10:16:00,6250,6250,6250,6250,0
2022-07-19 10:17:00,6250,6250,6250,6250,7000
2022-07-19 10:18:00,6250,6250,6250,6250,0
2022-07-19 10:19:00,6275,6275,6275,6275,0
2022-07-19 10:20:00,6250,6250,6250,6250,900
2022-07-19 10:21:00,6250,6250,6250,6250,6500
2022-07-19 10:22:00,6250,6250,6250,6250,0
2022-07-19 10:23:00,6250,6250,6250,6250,800
2022-07-19 10:24:00,6250,6250,6250,6250,0
2022-07-19 10:25:00,6250,6250,6250,6250,0
2022-07-19 10:26:00,6250,6250,6275,6275,800
2022-07-19 10:27:00,6275,6275,6275,6275,1000
2022-07-19 10:28:00,6275,6275,6275,6275,0
2022-07-19 10:29:00,6250,6250,6250,6250,100
2022-07-19 10:30:00,6250,6250,6250,6250,0
2022-07-19 10:31:00,6250,6250,6250,6250,1700
2022-07-19 10:32:00,6250,6250,6250,6250,100
2022-07-19 10:33:00,6275,6250,6275,6250,800
2022-07-19 10:34:00,6275,6250,6275,6250,0
2022-07-19 10:35:00,6275,6275,6275,6275,0
2022-07-19 10:36:00,6275,6275,6275,6275,400
2022-07-19 10:37:00,6275,6250,6275,6250,1600
2022-07-19 10:38:00,6275,6250,6275,6250,0
2022-07-19 10:39:00,6250,6250,6250,6250,5600
2022-07-19 10:40:00,6275,6275,6275,6275,17200
2022-07-19 10:41:00,6275,6275,6275,6275,0
2022-07-19 10:42:00,6275,6275,6275,6275,0
2022-07-19 10:43:00,6275,6275,6275,6275,0
2022-07-19 10:44:00,6275,6275,6275,6275,0
2022-07-19 10:45:00,6275,6275,6275,6275,100
2022-07-19 10:46:00,6275,6250,6275,6250,600
2022-07-19 10:47:00,6275,6250,6275,6250,0
2022-07-19 10:48:00,6250,6250,6250,6250,1100
2022-07-19 10:49:00,6250,6250,6250,6250,0
2022-07-19 10:50:00,6250,6250,6250,6250,0
2022-07-19 10:51:00,6250,6250,6250,6250,0
2022-07-19 10:52:00,6250,6250,6250,6250,0
2022-07-19 10:53:00,6250,6250,6250,6250,0
2022-07-19 10:54:00,6250,6250,6250,6250,0
2022-07-19 10:55:00,6250,6250,6250,6250,3600
2022-07-19 10:56:00,6250,6250,6250,6250,0
2022-07-19 10:57:00,6275,6275,6275,6275,0
2022-07-19 10:58:00,6275,6275,6275,6275,0
2022-07-19 10:59:00,6275,6275,6275,6275,0
2022-07-19 11:00:00,6250,6250,6250,6250,600
2022-07-19 11:01:00,6250,6250,6250,6250,800
2022-07-19 11:02:00,6250,6250,6250,6250,0
2022-07-19 11:03:00,6275,6275,6275,6275,29600
2022-07-19 11:04:00,6275,6275,6275,6275,0
2022-07-19 11:05:00,6275,6275,6275,6275,0
2022-07-19 11:06:00,6275,6275,6275,6275,0
2022-07-19 11:07:00,6250,6250,6250,6250,700
2022-07-19 11:08:00,6250,6250,6250,6250,0
2022-07-19 11:09:00,6250,6250,6250,6250,0
2022-07-19 11:10:00,6250,6250,6250,6250,0
2022-07-19 11:11:00,6250,6250,6250,6250,1600
2022-07-19 11:12:00,6250,6250,6250,6250,800
2022-07-19 11:13:00,6250,6250,6250,6250,0
2022-07-19 11:14:00,6250,6250,6250,6250,0
2022-07-19 11:15:00,6250,6250,6250,6250,800
2022-07-19 11:16:00,6275,6275,6275,6275,700
2022-07-19 11:17:00,6275,6275,6275,6275,1500
2022-07-19 11:18:00,6275,6250,6275,6275,21500
2022-07-19 11:19:00,6275,6250,6275,6275,0
2022-07-19 11:20:00,6300,6300,6300,6300,800
2022-07-19 11:21:00,6300,6300,6300,6300,0
2022-07-19 11:22:00,6300,6275,6300,6275,5300
2022-07-19 11:23:00,6275,6275,6275,6275,600
2022-07-19 11:24:00,6275,6275,6275,6275,0
2022-07-19 11:25:00,6275,6275,6275,6275,0
2022-07-19 11:26:00,6275,6275,6275,6275,200
2022-07-19 11:27:00,6275,6275,6275,6275,2200
2022-07-19 11:28:00,6275,6275,6275,6275,0
2022-07-19 11:29:00,6275,6275,6275,6275,0
2022-07-19 11:30:00,6275,6275,6275,6275,0
2022-07-19 11:31:00,6275,6275,6275,6275,0
2022-07-19 11:32:00,6275,6275,6275,6275,0
2022-07-19 11:33:00,6275,6275,6275,6275,0
2022-07-19 11:34:00,6275,6275,6275,6275,0
2022-07-19 11:35:00,6275,6275,6275,6275,0
2022-07-19 11:36:00,6275,6275,6275,6275,0
2022-07-19 11:37:00,6275,6275,6275,6275,0
2022-07-19 11:38:00,6275,6275,6275,6275,0
2022-07-19 11:39:00,6275,6275,6275,6275,0
2022-07-19 11:40:00,6275,6275,6275,6275,0
2022-07-19 11:41:00,6275,6275,6275,6275,0
2022-07-19 11:42:00,6275,6275,6275,6275,0
2022-07-19 11:43:00,6275,6275,6275,6275,0
2022-07-19 11:44:00,6275,6275,6275,6275,0
2022-07-19 11:45:00,6275,6275,6275,6275,0
2022-07-19 11:46:00,6275,6275,6275,6275,0
2022-07-19 11:47:00,6275,6275,6275,6275,0
2022-07-19 11:48:00,6275,6275,6275,6275,0
2022-07-19 11:49:00,6275,6275,6275,6275,0
2022-07-19 11:50:00,6275,6275,6275,6275,0
2022-07-19 11:51:00,6275,6275,6275,6275,0
2022-07-19 11:52:00,6275,6275,6275,6275,0
2022-07-19 11:53:00,6275,6275,6275,6275,0
2022-07-19 11:54:00,6275,6275,6275,6275,0
2022-07-19 11:55:00,6275,6275,6275,6275,0
2022-07-19 11:56:00,6275,6275,6275,6275,0
2022-07-19 11:57:00,6275,6275,6275,6275,0
2022-07-19 11:58:00,6275,6275,6275,6275,0
2022-07-19 11:59:00,6275,6275,6275,6275,0
2022-07-19 12:00:00,6275,6275,6275,6275,0
2022-07-19 12:01:00,6275,6275,6275,6275,0
2022-07-19 12:02:00,6275,6275,6275,6275,0
2022-07-19 12:03:00,6275,6275,6275,6275,0
2022-07-19 12:04:00,6275,6275,6275,6275,0
2022-07-19 12:05:00,6275,6275,6275,6275,0
2022-07-19 12:06:00,6275,6275,6275,6275,0
2022-07-19 12:07:00,6275,6275,6275,6275,0
2022-07-19 12:08:00,6275,6275,6275,6275,0
2022-07-19 12:09:00,6275,6275,6275,6275,0
2022-07-19 12:10:00,6275,6275,6275,6275,0
2022-07-19 12:11:00,6275,6275,6275,6275,0
2022-07-19 12:12:00,6275,6275,6275,6275,0
2022-07-19 12:13:00,6275,6275,6275,6275,0
2022-07-19 12:14:00,6275,6275,6275,6275,0
2022-07-19 12:15:00,6275,6275,6275,6275,0
2022-07-19 12:16:00,6275,6275,6275,6275,0
2022-07-19 12:17:00,6275,6275,6275,6275,0
2022-07-19 12:18:00,6275,6275,6275,6275,0
2022-07-19 12:19:00,6275,6275,6275,6275,0
2022-07-19 12:20:00,6275,6275,6275,6275,0
2022-07-19 12:21:00,6275,6275,6275,6275,0
2022-07-19 12:22:00,6275,6275,6275,6275,0
2022-07-19 12:23:00,6275,6275,6275,6275,0
2022-07-19 12:24:00,6275,6275,6275,6275,0
2022-07-19 12:25:00,6275,6275,6275,6275,0
2022-07-19 12:26:00,6275,6275,6275,6275,0
2022-07-19 12:27:00,6275,6275,6275,6275,0
2022-07-19 12:28:00,6275,6275,6275,6275,0
2022-07-19 12:29:00,6275,6275,6275,6275,0
2022-07-19 12:30:00,6275,6275,6275,6275,0
2022-07-19 12:31:00,6275,6275,6275,6275,0
2022-07-19 12:32:00,6275,6275,6275,6275,0
2022-07-19 12:33:00,6275,6275,6275,6275,0
2022-07-19 12:34:00,6275,6275,6275,6275,0
2022-07-19 12:35:00,6275,6275,6275,6275,0
2022-07-19 12:36:00,6275,6275,6275,6275,0
2022-07-19 12:37:00,6275,6275,6275,6275,0
2022-07-19 12:38:00,6275,6275,6275,6275,0
2022-07-19 12:39:00,6275,6275,6275,6275,0
2022-07-19 12:40:00,6275,6275,6275,6275,0
2022-07-19 12:41:00,6275,6275,6275,6275,0
2022-07-19 12:42:00,6275,6275,6275,6275,0
2022-07-19 12:43:00,6275,6275,6275,6275,0
2022-07-19 12:44:00,6275,6275,6275,6275,0
2022-07-19 12:45:00,6275,6275,6275,6275,0
2022-07-19 12:46:00,6275,6275,6275,6275,0
2022-07-19 12:47:00,6275,6275,6275,6275,0
2022-07-19 12:48:00,6275,6275,6275,6275,0
2022-07-19 12:49:00,6275,6275,6275,6275,0
2022-07-19 12:50:00,6275,6275,6275,6275,0
2022-07-19 12:51:00,6275,6275,6275,6275,0
2022-07-19 12:52:00,6275,6275,6275,6275,0
2022-07-19 12:53:00,6275,6275,6275,6275,0
2022-07-19 12:54:00,6275,6275,6275,6275,0
2022-07-19 12:55:00,6275,6275,6275,6275,0
2022-07-19 12:56:00,6275,6275,6275,6275,0
2022-07-19 12:57:00,6275,6275,6275,6275,0
2022-07-19 12:58:00,6275,6275,6275,6275,0
2022-07-19 12:59:00,6275,6275,6275,6275,0
2022-07-19 13:00:00,6275,6275,6275,6275,0
2022-07-19 13:01:00,6275,6275,6275,6275,0
2022-07-19 13:02:00,6275,6275,6275,6275,0
2022-07-19 13:03:00,6275,6275,6275,6275,0
2022-07-19 13:04:00,6275,6275,6275,6275,0
2022-07-19 13:05:00,6275,6275,6275,6275,0
2022-07-19 13:06:00,6275,6275,6275,6275,0
2022-07-19 13:07:00,6275,6275,6275,6275,0
2022-07-19 13:08:00,6275,6275,6275,6275,0
2022-07-19 13:09:00,6275,6275,6275,6275,0
2022-07-19 13:10:00,6275,6275,6275,6275,0
2022-07-19 13:11:00,6275,6275,6275,6275,0
2022-07-19 13:12:00,6275,6275,6275,6275,0
2022-07-19 13:13:00,6275,6275,6275,6275,0
2022-07-19 13:14:00,6275,6275,6275,6275,0
2022-07-19 13:15:00,6275,6275,6275,6275,0
2022-07-19 13:16:00,6275,6275,6275,6275,0
2022-07-19 13:17:00,6275,6275,6275,6275,0
2022-07-19 13:18:00,6275,6275,6275,6275,0
2022-07-19 13:19:00,6275,6275,6275,6275,0
2022-07-19 13:20:00,6275,6275,6275,6275,0
2022-07-19 13:21:00,6275,6275,6275,6275,0
2022-07-19 13:22:00,6275,6275,6275,6275,0
2022-07-19 13:23:00,6275,6275,6275,6275,0
2022-07-19 13:24:00,6275,6275,6275,6275,0
2022-07-19 13:25:00,6275,6275,6275,6275,0
2022-07-19 13:26:00,6275,6275,6275,6275,0
2022-07-19 13:27:00,6275,6275,6275,6275,0
2022-07-19 13:28:00,6275,6275,6275,6275,0
2022-07-19 13:29:00,6275,6275,6275,6275,0
2022-07-19 13:30:00,6275,6275,6300,6275,2800
2022-07-19 13:31:00,6275,6275,6300,6275,0
2022-07-19 13:32:00,6275,6275,6300,6275,0
2022-07-19 13:33:00,6275,6275,6300,6275,0
2022-07-19 13:34:00,6275,6275,6275,6275,1800
2022-07-19 13:35:00,6275,6275,6275,6275,0
2022-07-19 13:36:00,6275,6275,6275,6275,300
2022-07-19 13:37:00,6275,6275,6275,6275,0
2022-07-19 13:38:00,6275,6275,6275,6275,47400
2022-07-19 13:39:00,6275,6275,6275,6275,0
2022-07-19 13:40:00,6275,6275,6275,6275,0
2022-07-19 13:41:00,6275,6275,6275,6275,4600
2022-07-19 13:42:00,6275,6275,6275,6275,1600
2022-07-19 13:43:00,6275,6275,6275,6275,0
2022-07-19 13:44:00,6275,6275,6275,6275,0
2022-07-19 13:45:00,6275,6275,6275,6275,900
2022-07-19 13:46:00,6275,6275,6275,6275,0
2022-07-19 13:47:00,6275,6275,6275,6275,0
2022-07-19 13:48:00,6275,6275,6275,6275,4100
2022-07-19 13:49:00,6275,6275,6300,6300,1200
2022-07-19 13:50:00,6300,6300,6300,6300,200
2022-07-19 13:51:00,6300,6300,6300,6300,0
2022-07-19 13:52:00,6300,6300,6300,6300,0
2022-07-19 13:53:00,6275,6275,6275,6275,200
2022-07-19 13:54:00,6275,6275,6275,6275,700
2022-07-19 13:55:00,6275,6275,6275,6275,700
2022-07-19 13:56:00,6275,6275,6275,6275,0
2022-07-19 13:57:00,6300,6300,6300,6300,6800
2022-07-19 13:58:00,6300,6300,6300,6300,0
2022-07-19 13:59:00,6300,6300,6300,6300,500
2022-07-19 14:00:00,6275,6275,6275,6275,700
2022-07-19 14:01:00,6275,6275,6275,6275,0
2022-07-19 14:02:00,6275,6275,6275,6275,700
2022-07-19 14:03:00,6300,6300,6300,6300,300
2022-07-19 14:04:00,6300,6300,6300,6300,800
2022-07-19 14:05:00,6300,6300,6300,6300,2000
2022-07-19 14:06:00,6275,6275,6275,6275,900
2022-07-19 14:07:00,6275,6275,6275,6275,1000
2022-07-19 14:08:00,6275,6275,6275,6275,0
2022-07-19 14:09:00,6300,6300,6300,6300,0
2022-07-19 14:10:00,6300,6300,6300,6300,0
2022-07-19 14:11:00,6300,6300,6300,6300,2300
2022-07-19 14:12:00,6300,6275,6300,6275,4300
2022-07-19 14:13:00,6275,6275,6275,6275,12200
2022-07-19 14:14:00,6275,6275,6275,6275,0
2022-07-19 14:15:00,6300,6300,6325,6325,145800
2022-07-19 14:16:00,6300,6300,6300,6300,1300
2022-07-19 14:17:00,6300,6300,6300,6300,400
2022-07-19 14:18:00,6300,6300,6300,6300,4500
2022-07-19 14:19:00,6325,6300,6325,6325,33400
2022-07-19 14:20:00,6325,6300,6325,6325,0
2022-07-19 14:21:00,6325,6325,6325,6325,100
2022-07-19 14:22:00,6325,6325,6325,6325,600
2022-07-19 14:23:00,6325,6325,6325,6325,5000
2022-07-19 14:24:00,6325,6325,6325,6325,0
2022-07-19 14:25:00,6325,6325,6325,6325,1100
2022-07-19 14:26:00,6325,6325,6325,6325,0
2022-07-19 14:27:00,6325,6325,6325,6325,300
2022-07-19 14:28:00,6325,6325,6325,6325,0
2022-07-19 14:29:00,6325,6325,6325,6325,0
2022-07-19 14:30:00,6300,6300,6300,6300,1200
2022-07-19 14:31:00,6325,6325,6325,6325,300
2022-07-19 14:32:00,6325,6325,6325,6325,0
2022-07-19 14:33:00,6325,6325,6325,6325,0
2022-07-19 14:34:00,6300,6300,6300,6300,600
2022-07-19 14:35:00,6300,6300,6325,6325,2000
2022-07-19 14:36:00,6300,6300,6325,6325,0
2022-07-19 14:37:00,6325,6300,6325,6300,200
2022-07-19 14:38:00,6325,6300,6325,6300,0
2022-07-19 14:39:00,6300,6300,6300,6300,6100
2022-07-19 14:40:00,6325,6300,6325,6300,2700
2022-07-19 14:41:00,6325,6300,6325,6300,0
2022-07-19 14:42:00,6300,6300,6325,6325,800
2022-07-19 14:43:00,6325,6325,6325,6325,20100
2022-07-19 14:44:00,6325,6300,6325,6300,0
2022-07-19 14:45:00,6300,6300,6325,6325,1100
2022-07-19 14:46:00,6300,6300,6325,6325,2000
2022-07-19 14:47:00,6300,6300,6300,6300,2300
2022-07-19 14:48:00,6300,6300,6325,6325,0
2022-07-19 14:49:00,6325,6275,6325,6275,52200
2022-07-19 14:50:00,6325,6275,6325,6275,0
2022-07-19 14:51:00,6325,6275,6325,6275,0
2022-07-19 14:52:00,6325,6275,6325,6275,0
2022-07-19 14:53:00,6325,6275,6325,6275,0
2022-07-19 14:54:00,6325,6275,6325,6275,0
2022-07-19 14:55:00,6325,6275,6325,6275,0
2022-07-19 14:56:00,6325,6275,6325,6275,0
2022-07-19 14:57:00,6325,6275,6325,6275,0
2022-07-19 14:58:00,6325,6275,6325,6275,0
2022-07-19 14:59:00,6325,6275,6325,6275,0
2022-07-19 15:00:00,6325,6325,6325,6325,58200
2022-07-19 15:01:00,6325,6325,6325,6325,0
2022-07-19 15:02:00,6325,6325,6325,6325,0
2022-07-19 15:03:00,6325,6325,6325,6325,0
2022-07-19 15:04:00,6325,6325,6325,6325,0
2022-07-19 15:05:00,6325,6325,6325,6325,0
2022-07-19 15:06:00,6325,6325,6325,6325,10000
2022-07-19 15:07:00,6325,6325,6325,6325,0
2022-07-19 15:08:00,6325,6325,6325,6325,0
2022-07-19 15:09:00,6325,6325,6325,6325,0
2022-07-19 15:10:00,6325,6325,6325,6325,0
2022-07-19 15:11:00,6325,6325,6325,6325,0
2022-07-19 15:12:00,6325,6325,6325,6325,0
2022-07-19 15:13:00,6325,6325,6325,6325,0
2022-07-19 15:14:00,6325,6325,6325,6325,0
2022-07-19 15:15:00,6325,6325,6325,6325,0
2022-07-19 15:16:00,6325,6325,6325,6325,0
2022-07-19 15:17:00,6325,6325,6325,6325,0
2022-07-19 15:18:00,6325,6325,6325,6325,0
2022-07-19 15:19:00,6325,6325,6325,6325,0
2022-07-19 15:20:00,6325,6325,6325,6325,0
2022-07-19 15:21:00,6325,6325,6325,6325,0
2022-07-19 15:22:00,6325,6325,6325,6325,0
2022-07-19 15:23:00,6325,6325,6325,6325,0
2022-07-19 15:24:00,6325,6325,6325,6325,0
2022-07-19 15:25:00,6325,6325,6325,6325,0
2022-07-19 15:26:00,6325,6325,6325,6325,0
2022-07-19 15:27:00,6325,6325,6325,6325,0
2022-07-19 15:28:00,6325,6325,6325,6325,0
2022-07-19 15:29:00,6325,6325,6325,6325,0
2022-07-19 15:30:00,6325,6325,6325,6325,0
2022-07-19 15:31:00,6325,6325,6325,6325,0
2022-07-19 15:32:00,6325,6325,6325,6325,0
2022-07-19 15:33:00,6325,6325,6325,6325,0
2022-07-19 15:34:00,6325,6325,6325,6325,0
2022-07-19 15:35:00,6325,6325,6325,6325,0
2022-07-19 15:36:00,6325,6325,6325,6325,0
2022-07-19 15:37:00,6325,6325,6325,6325,0
2022-07-19 15:38:00,6325,6325,6325,6325,0
2022-07-19 15:39:00,6325,6325,6325,6325,0
2022-07-19 15:40:00,6325,6325,6325,6325,0
2022-07-19 15:41:00,6325,6325,6325,6325,0
2022-07-19 15:42:00,6325,6325,6325,6325,0
2022-07-19 15:43:00,6325,6325,6325,6325,0
2022-07-19 15:44:00,6325,6325,6325,6325,0
2022-07-19 15:45:00,6325,6325,6325,6325,0
2022-07-19 15:46:00,6325,6325,6325,6325,0
2022-07-19 15:47:00,6325,6325,6325,6325,0
2022-07-19 15:48:00,6325,6325,6325,6325,0
2022-07-19 15:49:00,6325,6325,6325,6325,0
2022-07-19 15:50:00,6325,6325,6325,6325,0
2022-07-19 15:51:00,6325,6325,6325,6325,0
2022-07-19 15:52:00,6325,6325,6325,6325,0
2022-07-19 15:53:00,6325,6325,6325,6325,0
2022-07-19 15:54:00,6325,6325,6325,6325,0
2022-07-19 15:55:00,6325,6325,6325,6325,0
2022-07-19 15:56:00,6325,6325,6325,6325,0
2022-07-19 15:57:00,6325,6325,6325,6325,0
2022-07-19 15:58:00,6325,6325,6325,6325,0
2022-07-19 15:59:00,6325,6325,6325,6325,0
2022-07-20 09:00:00,6400,6400,6425,6425,27300
2022-07-20 09:01:00,6425,6400,6425,6400,9100
2022-07-20 09:02:00,6425,6425,6425,6425,4500
2022-07-20 09:03:00,6400,6400,6425,6425,9000
2022-07-20 09:04:00,6400,6400,6425,6425,33900
2022-07-20 09:05:00,6425,6400,6425,6400,34400
2022-07-20 09:06:00,6425,6425,6425,6425,42000
2022-07-20 09:07:00,6425,6425,6425,6425,27800
2022-07-20 09:08:00,6425,6425,6425,6425,31900
2022-07-20 09:09:00,6425,6425,6425,6425,0
2022-07-20 09:10:00,6425,6425,6425,6425,9400
2022-07-20 09:11:00,6425,6425,6425,6425,29200
2022-07-20 09:12:00,6425,6425,6425,6425,1000
2022-07-20 09:13:00,6425,6425,6425,6425,1800
2022-07-20 09:14:00,6425,6425,6450,6425,20900
2022-07-20 09:15:00,6425,6425,6425,6425,600
2022-07-20 09:16:00,6425,6425,6425,6425,1100
2022-07-20 09:17:00,6425,6425,6450,6425,4800
2022-07-20 09:18:00,6450,6425,6450,6425,1300
2022-07-20 09:19:00,6425,6425,6425,6425,10800
2022-07-20 09:20:00,6425,6425,6425,6425,6500
2022-07-20 09:21:00,6425,6425,6450,6425,1700
2022-07-20 09:22:00,6425,6425,6450,6425,100
2022-07-20 09:23:00,6425,6425,6425,6425,7300
2022-07-20 09:24:00,6425,6425,6425,6425,0
2022-07-20 09:25:00,6425,6425,6425,6425,8500
2022-07-20 09:26:00,6425,6425,6425,6425,1000
2022-07-20 09:27:00,6425,6425,6425,6425,6300
2022-07-20 09:28:00,6425,6425,6425,6425,2000
2022-07-20 09:29:00,6425,6425,6425,6425,64000
2022-07-20 09:30:00,6425,6425,6425,6425,0
2022-07-20 09:31:00,6400,6400,6400,6400,3700
2022-07-20 09:32:00,6425,6400,6425,6400,1900
2022-07-20 09:33:00,6400,6400,6425,6425,1400
2022-07-20 09:34:00,6425,6400,6425,6425,7000
2022-07-20 09:35:00,6425,6400,6425,6425,12300
2022-07-20 09:36:00,6425,6400,6425,6400,6700
2022-07-20 09:37:00,6400,6400,6400,6400,48400
2022-07-20 09:38:00,6400,6400,6400,6400,6500
2022-07-20 09:39:00,6400,6400,6400,6400,6500
2022-07-20 09:40:00,6400,6400,6400,6400,100200
2022-07-20 09:41:00,6400,6400,6400,6400,68400
2022-07-20 09:42:00,6400,6375,6400,6400,5800
2022-07-20 09:43:00,6375,6375,6375,6375,0
2022-07-20 09:44:00,6375,6375,6375,6375,5500
2022-07-20 09:45:00,6375,6375,6375,6375,0
2022-07-20 09:46:00,6375,6375,6400,6400,3800
2022-07-20 09:47:00,6375,6375,6375,6375,25600
2022-07-20 09:48:00,6350,6350,6350,6350,1200
2022-07-20 09:49:00,6375,6375,6375,6375,0
2022-07-20 09:50:00,6350,6350,6350,6350,700
2022-07-20 09:51:00,6350,6350,6375,6375,700
2022-07-20 09:52:00,6350,6350,6375,6375,0
2022-07-20 09:53:00,6350,6350,6375,6375,0
2022-07-20 09:54:00,6375,6375,6375,6375,100
2022-07-20 09:55:00,6375,6350,6375,6350,3100
2022-07-20 09:56:00,6375,6350,6375,6350,1400
2022-07-20 09:57:00,6350,6350,6350,6350,0
2022-07-20 09:58:00,6375,6350,6375,6375,7300
2022-07-20 09:59:00,6350,6350,6350,6350,0
2022-07-20 10:00:00,6350,6350,6350,6350,1500
2022-07-20 10:01:00,6350,6350,6350,6350,0
2022-07-20 10:02:00,6350,6350,6350,6350,8000
2022-07-20 10:03:00,6350,6350,6350,6350,11500
2022-07-20 10:04:00,6350,6350,6350,6350,0
2022-07-20 10:05:00,6350,6350,6350,6350,1200
2022-07-20 10:06:00,6350,6350,6350,6350,20700
2022-07-20 10:07:00,6350,6350,6350,6350,5800
2022-07-20 10:08:00,6350,6350,6350,6350,800
2022-07-20 10:09:00,6325,6325,6325,6325,0
2022-07-20 10:10:00,6350,6350,6350,6350,1100
2022-07-20 10:11:00,6350,6350,6350,6350,0
2022-07-20 10:12:00,6350,6350,6350,6350,2200
2022-07-20 10:13:00,6350,6350,6375,6375,27500
2022-07-20 10:14:00,6375,6375,6375,6375,1600
2022-07-20 10:15:00,6375,6375,6375,6375,3700
2022-07-20 10:16:00,6375,6375,6375,6375,0
2022-07-20 10:17:00,6375,6375,6375,6375,500
2022-07-20 10:18:00,6375,6375,6375,6375,200
2022-07-20 10:19:00,6375,6375,6375,6375,100
2022-07-20 10:20:00,6375,6375,6375,6375,200
2022-07-20 10:21:00,6375,6375,6375,6375,1900
2022-07-20 10:22:00,6375,6375,6375,6375,0
2022-07-20 10:23:00,6375,6375,6375,6375,0
2022-07-20 10:24:00,6375,6375,6375,6375,200
2022-07-20 10:25:00,6375,6375,6375,6375,1900
2022-07-20 10:26:00,6375,6375,6375,6375,1400
2022-07-20 10:27:00,6375,6375,6375,6375,0
2022-07-20 10:28:00,6375,6375,6375,6375,0
2022-07-20 10:29:00,6375,6375,6400,6400,58100
2022-07-20 10:30:00,6400,6400,6400,6400,600
2022-07-20 10:31:00,6400,6400,6400,6400,0
2022-07-20 10:32:00,6400,6400,6400,6400,0
2022-07-20 10:33:00,6400,6400,6425,6425,500
2022-07-20 10:34:00,6400,6400,6425,6400,500
2022-07-20 10:35:00,6400,6400,6425,6400,0
2022-07-20 10:36:00,6400,6400,6400,6400,11800
2022-07-20 10:37:00,6425,6425,6425,6425,2400
2022-07-20 10:38:00,6400,6400,6400,6400,9800
2022-07-20 10:39:00,6400,6400,6400,6400,1500
2022-07-20 10:40:00,6400,6400,6400,6400,0
2022-07-20 10:41:00,6425,6400,6425,6425,12000
2022-07-20 10:42:00,6425,6400,6425,6425,0
2022-07-20 10:43:00,6425,6400,6425,6425,0
2022-07-20 10:44:00,6425,6400,6425,6425,0
2022-07-20 10:45:00,6425,6425,6425,6425,8000
2022-07-20 10:46:00,6425,6425,6425,6425,0
2022-07-20 10:47:00,6425,6400,6425,6400,21000
2022-07-20 10:48:00,6400,6400,6400,6400,2300
2022-07-20 10:49:00,6400,6400,6425,6400,23900
2022-07-20 10:50:00,6400,6400,6425,6400,4800
2022-07-20 10:51:00,6400,6400,6400,6400,96100
2022-07-20 10:52:00,6400,6400,6400,6400,8600
2022-07-20 10:53:00,6400,6400,6400,6400,0
2022-07-20 10:54:00,6400,6400,6425,6425,6600
2022-07-20 10:55:00,6425,6400,6425,6400,3900
2022-07-20 10:56:00,6400,6400,6400,6400,0
2022-07-20 10:57:00,6400,6400,6400,6400,0
2022-07-20 10:58:00,6400,6400,6400,6400,0
2022-07-20 10:59:00,6400,6400,6400,6400,0
2022-07-20 11:00:00,6400,6400,6400,6400,1500
2022-07-20 11:01:00,6400,6400,6400,6400,0
2022-07-20 11:02:00,6425,6425,6425,6425,2400
2022-07-20 11:03:00,6400,6400,6425,6425,500
2022-07-20 11:04:00,6425,6425,6425,6425,2800
2022-07-20 11:05:00,6425,6425,6425,6425,0
2022-07-20 11:06:00,6400,6400,6400,6400,4000
2022-07-20 11:07:00,6400,6400,6400,6400,0
2022-07-20 11:08:00,6425,6425,6425,6425,2500
2022-07-20 11:09:00,6425,6425,6425,6425,600
2022-07-20 11:10:00,6425,6425,6425,6425,2600
2022-07-20 11:11:00,6400,6400,6425,6400,1000
2022-07-20 11:12:00,6400,6400,6400,6400,0
2022-07-20 11:13:00,6400,6400,6400,6400,6700
2022-07-20 11:14:00,6400,6400,6400,6400,30600
2022-07-20 11:15:00,6400,6400,6400,6400,0
2022-07-20 11:16:00,6425,6425,6425,6425,500
2022-07-20 11:17:00,6425,6400,6425,6400,200
2022-07-20 11:18:00,6425,6400,6425,6400,0
2022-07-20 11:19:00,6400,6400,6400,6400,200
2022-07-20 11:20:00,6400,6400,6425,6425,2000
2022-07-20 11:21:00,6400,6400,6400,6400,1200
2022-07-20 11:22:00,6400,6400,6400,6400,0
2022-07-20 11:23:00,6400,6400,6425,6425,1400
2022-07-20 11:24:00,6425,6400,6425,6425,1100
2022-07-20 11:25:00,6425,6400,6425,6400,600
2022-07-20 11:26:00,6400,6400,6400,6400,100
2022-07-20 11:27:00,6400,6400,6400,6400,100
2022-07-20 11:28:00,6400,6400,6400,6400,8800
2022-07-20 11:29:00,6400,6400,6400,6400,0
2022-07-20 11:30:00,6400,6400,6400,6400,0
2022-07-20 11:31:00,6400,6400,6400,6400,0
2022-07-20 11:32:00,6400,6400,6400,6400,0
2022-07-20 11:33:00,6400,6400,6400,6400,0
2022-07-20 11:34:00,6400,6400,6400,6400,0
2022-07-20 11:35:00,6400,6400,6400,6400,0
2022-07-20 11:36:00,6400,6400,6400,6400,0
2022-07-20 11:37:00,6400,6400,6400,6400,0
2022-07-20 11:38:00,6400,6400,6400,6400,0
2022-07-20 11:39:00,6400,6400,6400,6400,0
2022-07-20 11:40:00,6400,6400,6400,6400,0
2022-07-20 11:41:00,6400,6400,6400,6400,0
2022-07-20 11:42:00,6400,6400,6400,6400,0
2022-07-20 11:43:00,6400,6400,6400,6400,0
2022-07-20 11:44:00,6400,6400,6400,6400,0
2022-07-20 11:45:00,6400,6400,6400,6400,0
2022-07-20 11:46:00,6400,6400,6400,6400,0
2022-07-20 11:47:00,6400,6400,6400,6400,0
2022-07-20 11:48:00,6400,6400,6400,6400,0
2022-07-20 11:49:00,6400,6400,6400,6400,0
2022-07-20 11:50:00,6400,6400,6400,6400,0
2022-07-20 11:51:00,6400,6400,6400,6400,0
2022-07-20 11:52:00,6400,6400,6400,6400,0
2022-07-20 11:53:00,6400,6400,6400,6400,0
2022-07-20 11:54:00,6400,6400,6400,6400,0
2022-07-20 11:55:00,6400,6400,6400,6400,0
2022-07-20 11:56:00,6400,6400,6400,6400,0
2022-07-20 11:57:00,6400,6400,6400,6400,0
2022-07-20 11:58:00,6400,6400,6400,6400,0
2022-07-20 11:59:00,6400,6400,6400,6400,0
2022-07-20 12:00:00,6400,6400,6400,6400,0
2022-07-20 12:01:00,6400,6400,6400,6400,0
2022-07-20 12:02:00,6400,6400,6400,6400,0
2022-07-20 12:03:00,6400,6400,6400,6400,0
2022-07-20 12:04:00,6400,6400,6400,6400,0
2022-07-20 12:05:00,6400,6400,6400,6400,0
2022-07-20 12:06:00,6400,6400,6400,6400,0
2022-07-20 12:07:00,6400,6400,6400,6400,0
2022-07-20 12:08:00,6400,6400,6400,6400,0
2022-07-20 12:09:00,6400,6400,6400,6400,0
2022-07-20 12:10:00,6400,6400,6400,6400,0
2022-07-20 12:11:00,6400,6400,6400,6400,0
2022-07-20 12:12:00,6400,6400,6400,6400,0
2022-07-20 12:13:00,6400,6400,6400,6400,0
2022-07-20 12:14:00,6400,6400,6400,6400,0
2022-07-20 12:15:00,6400,6400,6400,6400,0
2022-07-20 12:16:00,6400,6400,6400,6400,0
2022-07-20 12:17:00,6400,6400,6400,6400,0
2022-07-20 12:18:00,6400,6400,6400,6400,0
2022-07-20 12:19:00,6400,6400,6400,6400,0
2022-07-20 12:20:00,6400,6400,6400,6400,0
2022-07-20 12:21:00,6400,6400,6400,6400,0
2022-07-20 12:22:00,6400,6400,6400,6400,0
2022-07-20 12:23:00,6400,6400,6400,6400,0
2022-07-20 12:24:00,6400,6400,6400,6400,0
2022-07-20 12:25:00,6400,6400,6400,6400,0
2022-07-20 12:26:00,6400,6400,6400,6400,0
2022-07-20 12:27:00,6400,6400,6400,6400,0
2022-07-20 12:28:00,6400,6400,6400,6400,0
2022-07-20 12:29:00,6400,6400,6400,6400,0
2022-07-20 12:30:00,6400,6400,6400,6400,0
2022-07-20 12:31:00,6400,6400,6400,6400,0
2022-07-20 12:32:00,6400,6400,6400,6400,0
2022-07-20 12:33:00,6400,6400,6400,6400,0
2022-07-20 12:34:00,6400,6400,6400,6400,0
2022-07-20 12:35:00,6400,6400,6400,6400,0
2022-07-20 12:36:00,6400,6400,6400,6400,0
2022-07-20 12:37:00,6400,6400,6400,6400,0
2022-07-20 12:38:00,6400,6400,6400,6400,0
2022-07-20 12:39:00,6400,6400,6400,6400,0
2022-07-20 12:40:00,6400,6400,6400,6400,0
2022-07-20 12:41:00,6400,6400,6400,6400,0
2022-07-20 12:42:00,6400,6400,6400,6400,0
2022-07-20 12:43:00,6400,6400,6400,6400,0
2022-07-20 12:44:00,6400,6400,6400,6400,0
2022-07-20 12:45:00,6400,6400,6400,6400,0
2022-07-20 12:46:00,6400,6400,6400,6400,0
2022-07-20 12:47:00,6400,6400,6400,6400,0
2022-07-20 12:48:00,6400,6400,6400,6400,0
2022-07-20 12:49:00,6400,6400,6400,6400,0
2022-07-20 12:50:00,6400,6400,6400,6400,0
2022-07-20 12:51:00,6400,6400,6400,6400,0
2022-07-20 12:52:00,6400,6400,6400,6400,0
2022-07-20 12:53:00,6400,6400,6400,6400,0
2022-07-20 12:54:00,6400,6400,6400,6400,0
2022-07-20 12:55:00,6400,6400,6400,6400,0
2022-07-20 12:56:00,6400,6400,6400,6400,0
2022-07-20 12:57:00,6400,6400,6400,6400,0
2022-07-20 12:58:00,6400,6400,6400,6400,0
2022-07-20 12:59:00,6400,6400,6400,6400,0
2022-07-20 13:00:00,6400,6400,6400,6400,0
2022-07-20 13:01:00,6400,6400,6400,6400,0
2022-07-20 13:02:00,6400,6400,6400,6400,0
2022-07-20 13:03:00,6400,6400,6400,6400,0
2022-07-20 13:04:00,6400,6400,6400,6400,0
2022-07-20 13:05:00,6400,6400,6400,6400,0
2022-07-20 13:06:00,6400,6400,6400,6400,0
2022-07-20 13:07:00,6400,6400,6400,6400,0
2022-07-20 13:08:00,6400,6400,6400,6400,0
2022-07-20 13:09:00,6400,6400,6400,6400,0
2022-07-20 13:10:00,6400,6400,6400,6400,0
2022-07-20 13:11:00,6400,6400,6400,6400,0
2022-07-20 13:12:00,6400,6400,6400,6400,0
2022-07-20 13:13:00,6400,6400,6400,6400,0
2022-07-20 13:14:00,6400,6400,6400,6400,0
2022-07-20 13:15:00,6400,6400,6400,6400,0
2022-07-20 13:16:00,6400,6400,6400,6400,0
2022-07-20 13:17:00,6400,6400,6400,6400,0
2022-07-20 13:18:00,6400,6400,6400,6400,0
2022-07-20 13:19:00,6400,6400,6400,6400,0
2022-07-20 13:20:00,6400,6400,6400,6400,0
2022-07-20 13:21:00,6400,6400,6400,6400,0
2022-07-20 13:22:00,6400,6400,6400,6400,0
2022-07-20 13:23:00,6400,6400,6400,6400,0
2022-07-20 13:24:00,6400,6400,6400,6400,0
2022-07-20 13:25:00,6400,6400,6400,6400,0
2022-07-20 13:26:00,6400,6400,6400,6400,0
2022-07-20 13:27:00,6400,6400,6400,6400,0
2022-07-20 13:28:00,6400,6400,6400,6400,0
2022-07-20 13:29:00,6400,6400,6400,6400,0
2022-07-20 13:30:00,6425,6400,6425,6400,3600
2022-07-20 13:31:00,6425,6400,6425,6400,0
2022-07-20 13:32:00,6400,6400,6400,6400,11000
2022-07-20 13:33:00,6400,6400,6425,6425,600
2022-07-20 13:34:00,6425,6425,6425,6425,100
2022-07-20 13:35:00,6400,6400,6425,6425,11100
2022-07-20 13:36:00,6400,6400,6400,6400,0
2022-07-20 13:37:00,6400,6400,6400,6400,17500
2022-07-20 13:38:00,6400,6400,6400,6400,0
2022-07-20 13:39:00,6400,6400,6400,6400,2400
2022-07-20 13:40:00,6400,6400,6400,6400,9400
2022-07-20 13:41:00,6400,6400,6400,6400,8100
2022-07-20 13:42:00,6425,6400,6425,6425,11300
2022-07-20 13:43:00,6400,6400,6400,6400,54700
2022-07-20 13:44:00,6400,6400,6400,6400,100
2022-07-20 13:45:00,6400,6400,6425,6425,8900
2022-07-20 13:46:00,6400,6400,6400,6400,12100
2022-07-20 13:47:00,6400,6400,6400,6400,0
2022-07-20 13:48:00,6400,6400,6400,6400,7200
2022-07-20 13:49:00,6400,6400,6400,6400,0
2022-07-20 13:50:00,6400,6400,6400,6400,14000
2022-07-20 13:51:00,6400,6400,6400,6400,0
2022-07-20 13:52:00,6400,6400,6400,6400,2900
2022-07-20 13:53:00,6400,6400,6400,6400,2200
2022-07-20 13:54:00,6400,6400,6425,6400,73400
2022-07-20 13:55:00,6400,6400,6400,6400,700
2022-07-20 13:56:00,6400,6400,6400,6400,6200
2022-07-20 13:57:00,6400,6400,6400,6400,18100
2022-07-20 13:58:00,6400,6400,6400,6400,1700
2022-07-20 13:59:00,6375,6375,6375,6375,8100
2022-07-20 14:00:00,6375,6375,6375,6375,2600
2022-07-20 14:01:00,6375,6375,6375,6375,9300
2022-07-20 14:02:00,6375,6375,6375,6375,3000
2022-07-20 14:03:00,6375,6375,6400,6400,5900
2022-07-20 14:04:00,6375,6375,6400,6400,0
2022-07-20 14:05:00,6375,6375,6400,6375,18600
2022-07-20 14:06:00,6350,6350,6375,6375,400
2022-07-20 14:07:00,6375,6375,6375,6375,800
2022-07-20 14:08:00,6350,6350,6375,6375,53700
2022-07-20 14:09:00,6375,6375,6375,6375,1300
2022-07-20 14:10:00,6375,6375,6375,6375,0
2022-07-20 14:11:00,6375,6375,6375,6375,19600
2022-07-20 14:12:00,6375,6375,6375,6375,0
2022-07-20 14:13:00,6375,6375,6375,6375,16300
2022-07-20 14:14:00,6375,6375,6375,6375,0
2022-07-20 14:15:00,6375,6375,6375,6375,5700
2022-07-20 14:16:00,6375,6375,6375,6375,2900
2022-07-20 14:17:00,6375,6375,6375,6375,11300
2022-07-20 14:18:00,6350,6350,6375,6375,1200
2022-07-20 14:19:00,6350,6350,6375,6375,10400
2022-07-20 14:20:00,6350,6350,6375,6375,0
2022-07-20 14:21:00,6375,6375,6375,6375,15100
2022-07-20 14:22:00,6375,6375,6375,6375,0
2022-07-20 14:23:00,6375,6375,6375,6375,11400
2022-07-20 14:24:00,6375,6375,6375,6375,0
2022-07-20 14:25:00,6375,6375,6375,6375,0
2022-07-20 14:26:00,6375,6350,6375,6375,35700
2022-07-20 14:27:00,6375,6375,6375,6375,5100
2022-07-20 14:28:00,6350,6350,6375,6350,1800
2022-07-20 14:29:00,6375,6375,6375,6375,1500
2022-07-20 14:30:00,6350,6350,6350,6350,4100
2022-07-20 14:31:00,6350,6350,6350,6350,0
2022-07-20 14:32:00,6350,6350,6350,6350,5000
2022-07-20 14:33:00,6375,6375,6375,6375,19800
2022-07-20 14:34:00,6375,6375,6375,6375,5200
2022-07-20 14:35:00,6350,6350,6375,6375,11900
2022-07-20 14:36:00,6350,6350,6375,6375,8000
2022-07-20 14:37:00,6375,6375,6375,6375,97000
2022-07-20 14:38:00,6375,6375,6375,6375,0
2022-07-20 14:39:00,6375,6375,6375,6375,7200
2022-07-20 14:40:00,6375,6375,6375,6375,0
2022-07-20 14:41:00,6375,6375,6375,6375,20100
2022-07-20 14:42:00,6375,6350,6375,6350,2600
2022-07-20 14:43:00,6350,6350,6350,6350,22600
2022-07-20 14:44:00,6350,6350,6350,6350,6900
2022-07-20 14:45:00,6350,6350,6350,6350,18500
2022-07-20 14:46:00,6350,6350,6350,6350,44800
2022-07-20 14:47:00,6350,6350,6350,6350,4700
2022-07-20 14:48:00,6350,6350,6350,6350,0
2022-07-20 14:49:00,6350,6325,6350,6325,42500
2022-07-20 14:50:00,6350,6325,6350,6325,0
2022-07-20 14:51:00,6350,6325,6350,6325,0
2022-07-20 14:52:00,6350,6325,6350,6325,0
2022-07-20 14:53:00,6350,6325,6350,6325,0
2022-07-20 14:54:00,6350,6325,6350,6325,0
2022-07-20 14:55:00,6350,6325,6350,6325,0
2022-07-20 14:56:00,6350,6325,6350,6325,0
2022-07-20 14:57:00,6350,6325,6350,6325,0
2022-07-20 14:58:00,6350,6325,6350,6325,0
2022-07-20 14:59:00,6350,6325,6350,6325,0
2022-07-20 15:00:00,6325,6325,6325,6325,74900
2022-07-20 15:01:00,6325,6325,6325,6325,300
2022-07-20 15:02:00,6325,6325,6325,6325,0
2022-07-20 15:03:00,6325,6325,6325,6325,2100
2022-07-20 15:04:00,6325,6325,6325,6325,600
2022-07-20 15:05:00,6325,6325,6325,6325,0
2022-07-20 15:06:00,6325,6325,6325,6325,200
2022-07-20 15:07:00,6325,6325,6325,6325,6100
2022-07-20 15:08:00,6325,6325,6325,6325,2000
2022-07-20 15:09:00,6325,6325,6325,6325,100
2022-07-20 15:10:00,6325,6325,6325,6325,0
2022-07-20 15:11:00,6325,6325,6325,6325,0
2022-07-20 15:12:00,6325,6325,6325,6325,0
2022-07-20 15:13:00,6325,6325,6325,6325,0
2022-07-20 15:14:00,6325,6325,6325,6325,0
2022-07-20 15:15:00,6325,6325,6325,6325,0
2022-07-20 15:16:00,6325,6325,6325,6325,0
2022-07-20 15:17:00,6325,6325,6325,6325,0
2022-07-20 15:18:00,6325,6325,6325,6325,0
2022-07-20 15:19:00,6325,6325,6325,6325,0
2022-07-20 15:20:00,6325,6325,6325,6325,0
2022-07-20 15:21:00,6325,6325,6325,6325,0
2022-07-20 15:22:00,6325,6325,6325,6325,0
2022-07-20 15:23:00,6325,6325,6325,6325,0
2022-07-20 15:24:00,6325,6325,6325,6325,0
2022-07-20 15:25:00,6325,6325,6325,6325,0
2022-07-20 15:26:00,6325,6325,6325,6325,0
2022-07-20 15:27:00,6325,6325,6325,6325,0
2022-07-20 15:28:00,6325,6325,6325,6325,0
2022-07-20 15:29:00,6325,6325,6325,6325,0
2022-07-20 15:30:00,6325,6325,6325,6325,0
2022-07-20 15:31:00,6325,6325,6325,6325,0
2022-07-20 15:32:00,6325,6325,6325,6325,0
2022-07-20 15:33:00,6325,6325,6325,6325,0
2022-07-20 15:34:00,6325,6325,6325,6325,0
2022-07-20 15:35:00,6325,6325,6325,6325,0
2022-07-20 15:36:00,6325,6325,6325,6325,0
2022-07-20 15:37:00,6325,6325,6325,6325,0
2022-07-20 15:38:00,6325,6325,6325,6325,0
2022-07-20 15:39:00,6325,6325,6325,6325,0
2022-07-20 15:40:00,6325,6325,6325,6325,0
2022-07-20 15:41:00,6325,6325,6325,6325,0
2022-07-20 15:42:00,6325,6325,6325,6325,0
2022-07-20 15:43:00,6325,6325,6325,6325,0
2022-07-20 15:44:00,6325,6325,6325,6325,0
2022-07-20 15:45:00,6325,6325,6325,6325,0
2022-07-20 15:46:00,6325,6325,6325,6325,0
2022-07-20 15:47:00,6325,6325,6325,6325,0
2022-07-20 15:48:00,6325,6325,6325,6325,0
2022-07-20 15:49:00,6325,6325,6325,6325,0
2022-07-20 15:50:00,6325,6325,6325,6325,0
2022-07-20 15:51:00,6325,6325,6325,6325,0
2022-07-20 15:52:00,6325,6325,6325,6325,0
2022-07-20 15:53:00,6325,6325,6325,6325,0
2022-07-20 15:54:00,6325,6325,6325,6325,0
2022-07-20 15:55:00,6325,6325,6325,6325,0
2022-07-20 15:56:00,6325,6325,6325,6325,0
2022-07-20 15:57:00,6325,6325,6325,6325,0
2022-07-20 15:58:00,6325,6325,6325,6325,0
2022-07-20 15:59:00,6325,6325,6325,6325,0
2022-07-21 09:00:00,6350,6325,6350,6350,3600
2022-07-21 09:01:00,6350,6350,6375,6375,1000
2022-07-21 09:02:00,6375,6375,6375,6375,0
2022-07-21 09:03:00,6350,6350,6375,6350,9900
2022-07-21 09:04:00,6350,6350,6350,6350,200
2022-07-21 09:05:00,6350,6350,6350,6350,2700
2022-07-21 09:06:00,6350,6350,6350,6350,4600
2022-07-21 09:07:00,6350,6325,6350,6325,8700
2022-07-21 09:08:00,6325,6325,6325,6325,12600
2022-07-21 09:09:00,6350,6350,6375,6375,17100
2022-07-21 09:10:00,6375,6375,6375,6375,17700
2022-07-21 09:11:00,6375,6375,6375,6375,1600
2022-07-21 09:12:00,6350,6350,6350,6350,5800
2022-07-21 09:13:00,6325,6325,6350,6350,300
2022-07-21 09:14:00,6350,6350,6350,6350,8400
2022-07-21 09:15:00,6350,6350,6350,6350,2000
2022-07-21 09:16:00,6375,6375,6375,6375,200
2022-07-21 09:17:00,6375,6350,6375,6375,2400
2022-07-21 09:18:00,6375,6375,6375,6375,0
2022-07-21 09:19:00,6375,6375,6375,6375,100
2022-07-21 09:20:00,6375,6375,6375,6375,200
2022-07-21 09:21:00,6375,6350,6375,6350,300
2022-07-21 09:22:00,6350,6350,6350,6350,40800
2022-07-21 09:23:00,6350,6350,6350,6350,9100
2022-07-21 09:24:00,6350,6350,6350,6350,7000
2022-07-21 09:25:00,6350,6350,6350,6350,0
2022-07-21 09:26:00,6350,6350,6350,6350,900
2022-07-21 09:27:00,6350,6350,6350,6350,2200
2022-07-21 09:28:00,6375,6350,6400,6400,30300
2022-07-21 09:29:00,6400,6375,6400,6375,6500
2022-07-21 09:30:00,6400,6400,6400,6400,1300
2022-07-21 09:31:00,6400,6400,6400,6400,1300
2022-07-21 09:32:00,6400,6400,6400,6400,2300
2022-07-21 09:33:00,6400,6400,6400,6400,51700
2022-07-21 09:34:00,6400,6400,6400,6400,600
2022-07-21 09:35:00,6400,6400,6400,6400,200
2022-07-21 09:36:00,6400,6400,6400,6400,6000
2022-07-21 09:37:00,6400,6400,6400,6400,0
2022-07-21 09:38:00,6400,6400,6400,6400,14800
2022-07-21 09:39:00,6400,6400,6400,6400,0
2022-07-21 09:40:00,6425,6400,6425,6400,31100
2022-07-21 09:41:00,6425,6425,6425,6425,27100
2022-07-21 09:42:00,6425,6425,6425,6425,5400
2022-07-21 09:43:00,6425,6400,6425,6425,6700
2022-07-21 09:44:00,6425,6425,6425,6425,45400
2022-07-21 09:45:00,6425,6425,6450,6425,100
2022-07-21 09:46:00,6425,6425,6425,6425,1600
2022-07-21 09:47:00,6450,6425,6450,6425,300
2022-07-21 09:48:00,6425,6425,6425,6425,5200
2022-07-21 09:49:00,6425,6425,6425,6425,300
2022-07-21 09:50:00,6425,6425,6425,6425,23900
2022-07-21 09:51:00,6425,6425,6425,6425,0
2022-07-21 09:52:00,6400,6400,6400,6400,0
2022-07-21 09:53:00,6400,6400,6400,6400,0
2022-07-21 09:54:00,6425,6425,6425,6425,2400
2022-07-21 09:55:00,6425,6425,6425,6425,10200
2022-07-21 09:56:00,6425,6425,6425,6425,0
2022-07-21 09:57:00,6425,6425,6425,6425,300
2022-07-21 09:58:00,6425,6425,6425,6425,0
2022-07-21 09:59:00,6425,6425,6425,6425,19600
2022-07-21 10:00:00,6425,6425,6425,6425,10400
2022-07-21 10:01:00,6425,6425,6450,6450,36600
2022-07-21 10:02:00,6425,6425,6450,6450,2100
2022-07-21 10:03:00,6425,6425,6450,6450,0
2022-07-21 10:04:00,6450,6450,6450,6450,5100
2022-07-21 10:05:00,6450,6450,6450,6450,1100
2022-07-21 10:06:00,6450,6450,6450,6450,1000
2022-07-21 10:07:00,6450,6450,6450,6450,1500
2022-07-21 10:08:00,6450,6450,6450,6450,0
2022-07-21 10:09:00,6425,6425,6425,6425,0
2022-07-21 10:10:00,6425,6425,6425,6425,0
2022-07-21 10:11:00,6450,6450,6450,6450,2200
2022-07-21 10:12:00,6450,6450,6450,6450,0
2022-07-21 10:13:00,6450,6425,6450,6450,37600
2022-07-21 10:14:00,6425,6425,6450,6450,31300
2022-07-21 10:15:00,6425,6425,6450,6450,0
2022-07-21 10:16:00,6450,6450,6450,6450,5200
2022-07-21 10:17:00,6425,6425,6425,6425,100
2022-07-21 10:18:00,6425,6425,6425,6425,400
2022-07-21 10:19:00,6425,6425,6425,6425,1900
2022-07-21 10:20:00,6425,6425,6425,6425,2200
2022-07-21 10:21:00,6450,6425,6450,6425,37800
2022-07-21 10:22:00,6450,6450,6450,6450,0
2022-07-21 10:23:00,6450,6450,6450,6450,0
2022-07-21 10:24:00,6450,6450,6450,6450,600
2022-07-21 10:25:00,6450,6450,6450,6450,2400
2022-07-21 10:26:00,6450,6425,6450,6425,20500
2022-07-21 10:27:00,6425,6425,6450,6450,2400
2022-07-21 10:28:00,6425,6425,6450,6450,0
2022-07-21 10:29:00,6425,6425,6425,6425,600
2022-07-21 10:30:00,6450,6425,6450,6425,57800
2022-07-21 10:31:00,6425,6425,6425,6425,300
2022-07-21 10:32:00,6425,6425,6425,6425,0
2022-07-21 10:33:00,6425,6400,6425,6400,1200
2022-07-21 10:34:00,6400,6400,6400,6400,1800
2022-07-21 10:35:00,6400,6400,6400,6400,10200
2022-07-21 10:36:00,6400,6400,6400,6400,0
2022-07-21 10:37:00,6400,6400,6400,6400,0
2022-07-21 10:38:00,6400,6400,6400,6400,1900
2022-07-21 10:39:00,6400,6400,6400,6400,0
2022-07-21 10:40:00,6400,6400,6400,6400,20100
2022-07-21 10:41:00,6400,6400,6400,6400,7600
2022-07-21 10:42:00,6400,6400,6400,6400,0
2022-07-21 10:43:00,6400,6400,6400,6400,0
2022-07-21 10:44:00,6400,6400,6400,6400,0
2022-07-21 10:45:00,6400,6400,6400,6400,0
2022-07-21 10:46:00,6400,6400,6400,6400,0
2022-07-21 10:47:00,6425,6425,6425,6425,1800
2022-07-21 10:48:00,6425,6400,6425,6400,2900
2022-07-21 10:49:00,6425,6400,6425,6400,0
2022-07-21 10:50:00,6400,6400,6400,6400,15100
2022-07-21 10:51:00,6425,6425,6425,6425,4800
2022-07-21 10:52:00,6425,6425,6425,6425,0
2022-07-21 10:53:00,6425,6425,6425,6425,0
2022-07-21 10:54:00,6425,6425,6425,6425,900
2022-07-21 10:55:00,6425,6425,6425,6425,0
2022-07-21 10:56:00,6425,6425,6425,6425,1100
2022-07-21 10:57:00,6425,6425,6425,6425,0
2022-07-21 10:58:00,6425,6425,6425,6425,300
2022-07-21 10:59:00,6425,6425,6425,6425,1000
2022-07-21 11:00:00,6425,6425,6425,6425,700
2022-07-21 11:01:00,6425,6425,6425,6425,300
2022-07-21 11:02:00,6425,6425,6425,6425,1100
2022-07-21 11:03:00,6425,6425,6425,6425,700
2022-07-21 11:04:00,6425,6425,6425,6425,0
2022-07-21 11:05:00,6425,6400,6425,6425,1300
2022-07-21 11:06:00,6425,6425,6425,6425,1200
2022-07-21 11:07:00,6425,6425,6425,6425,3700
2022-07-21 11:08:00,6425,6425,6425,6425,3400
2022-07-21 11:09:00,6425,6425,6425,6425,1600
2022-07-21 11:10:00,6425,6425,6425,6425,2400
2022-07-21 11:11:00,6425,6400,6425,6400,6700
2022-07-21 11:12:00,6425,6400,6425,6400,0
2022-07-21 11:13:00,6425,6425,6425,6425,200
2022-07-21 11:14:00,6425,6425,6425,6425,68500
2022-07-21 11:15:00,6425,6425,6425,6425,500
2022-07-21 11:16:00,6425,6425,6425,6425,0
2022-07-21 11:17:00,6425,6425,6425,6425,0
2022-07-21 11:18:00,6425,6425,6425,6425,1200
2022-07-21 11:19:00,6425,6425,6425,6425,0
2022-07-21 11:20:00,6425,6425,6425,6425,0
2022-07-21 11:21:00,6425,6425,6425,6425,400
2022-07-21 11:22:00,6425,6425,6425,6425,0
2022-07-21 11:23:00,6425,6425,6425,6425,2500
2022-07-21 11:24:00,6425,6425,6425,6425,0
2022-07-21 11:25:00,6425,6425,6425,6425,800
2022-07-21 11:26:00,6425,6425,6425,6425,900
2022-07-21 11:27:00,6425,6425,6425,6425,1100
2022-07-21 11:28:00,6425,6400,6425,6400,20400
2022-07-21 11:29:00,6425,6425,6425,6425,20400
2022-07-21 11:30:00,6425,6425,6425,6425,0
2022-07-21 11:31:00,6425,6425,6425,6425,0
2022-07-21 11:32:00,6425,6425,6425,6425,0
2022-07-21 11:33:00,6425,6425,6425,6425,0
2022-07-21 11:34:00,6425,6425,6425,6425,0
2022-07-21 11:35:00,6425,6425,6425,6425,0
2022-07-21 11:36:00,6425,6425,6425,6425,0
2022-07-21 11:37:00,6425,6425,6425,6425,0
2022-07-21 11:38:00,6425,6425,6425,6425,0
2022-07-21 11:39:00,6425,6425,6425,6425,0
2022-07-21 11:40:00,6425,6425,6425,6425,0
2022-07-21 11:41:00,6425,6425,6425,6425,0
2022-07-21 11:42:00,6425,6425,6425,6425,0
2022-07-21 11:43:00,6425,6425,6425,6425,0
2022-07-21 11:44:00,6425,6425,6425,6425,0
2022-07-21 11:45:00,6425,6425,6425,6425,0
2022-07-21 11:46:00,6425,6425,6425,6425,0
2022-07-21 11:47:00,6425,6425,6425,6425,0
2022-07-21 11:48:00,6425,6425,6425,6425,0
2022-07-21 11:49:00,6425,6425,6425,6425,0
2022-07-21 11:50:00,6425,6425,6425,6425,0
2022-07-21 11:51:00,6425,6425,6425,6425,0
2022-07-21 11:52:00,6425,6425,6425,6425,0
2022-07-21 11:53:00,6425,6425,6425,6425,0
2022-07-21 11:54:00,6425,6425,6425,6425,0
2022-07-21 11:55:00,6425,6425,6425,6425,0
2022-07-21 11:56:00,6425,6425,6425,6425,0
2022-07-21 11:57:00,6425,6425,6425,6425,0
2022-07-21 11:58:00,6425,6425,6425,6425,0
2022-07-21 11:59:00,6425,6425,6425,6425,0
2022-07-21 12:00:00,6425,6425,6425,6425,0
2022-07-21 12:01:00,6425,6425,6425,6425,0
2022-07-21 12:02:00,6425,6425,6425,6425,0
2022-07-21 12:03:00,6425,6425,6425,6425,0
2022-07-21 12:04:00,6425,6425,6425,6425,0
2022-07-21 12:05:00,6425,6425,6425,6425,0
2022-07-21 12:06:00,6425,6425,6425,6425,0
2022-07-21 12:07:00,6425,6425,6425,6425,0
2022-07-21 12:08:00,6425,6425,6425,6425,0
2022-07-21 12:09:00,6425,6425,6425,6425,0
2022-07-21 12:10:00,6425,6425,6425,6425,0
2022-07-21 12:11:00,6425,6425,6425,6425,0
2022-07-21 12:12:00,6425,6425,6425,6425,0
2022-07-21 12:13:00,6425,6425,6425,6425,0
2022-07-21 12:14:00,6425,6425,6425,6425,0
2022-07-21 12:15:00,6425,6425,6425,6425,0
2022-07-21 12:16:00,6425,6425,6425,6425,0
2022-07-21 12:17:00,6425,6425,6425,6425,0
2022-07-21 12:18:00,6425,6425,6425,6425,0
2022-07-21 12:19:00,6425,6425,6425,6425,0
2022-07-21 12:20:00,6425,6425,6425,6425,0
2022-07-21 12:21:00,6425,6425,6425,6425,0
2022-07-21 12:22:00,6425,6425,6425,6425,0
2022-07-21 12:23:00,6425,6425,6425,6425,0
2022-07-21 12:24:00,6425,6425,6425,6425,0
2022-07-21 12:25:00,6425,6425,6425,6425,0
2022-07-21 12:26:00,6425,6425,6425,6425,0
2022-07-21 12:27:00,6425,6425,6425,6425,0
2022-07-21 12:28:00,6425,6425,6425,6425,0
2022-07-21 12:29:00,6425,6425,6425,6425,0
2022-07-21 12:30:00,6425,6425,6425,6425,0
2022-07-21 12:31:00,6425,6425,6425,6425,0
2022-07-21 12:32:00,6425,6425,6425,6425,0
2022-07-21 12:33:00,6425,6425,6425,6425,0
2022-07-21 12:34:00,6425,6425,6425,6425,0
2022-07-21 12:35:00,6425,6425,6425,6425,0
2022-07-21 12:36:00,6425,6425,6425,6425,0
2022-07-21 12:37:00,6425,6425,6425,6425,0
2022-07-21 12:38:00,6425,6425,6425,6425,0
2022-07-21 12:39:00,6425,6425,6425,6425,0
2022-07-21 12:40:00,6425,6425,6425,6425,0
2022-07-21 12:41:00,6425,6425,6425,6425,0
2022-07-21 12:42:00,6425,6425,6425,6425,0
2022-07-21 12:43:00,6425,6425,6425,6425,0
2022-07-21 12:44:00,6425,6425,6425,6425,0
2022-07-21 12:45:00,6425,6425,6425,6425,0
2022-07-21 12:46:00,6425,6425,6425,6425,0
2022-07-21 12:47:00,6425,6425,6425,6425,0
2022-07-21 12:48:00,6425,6425,6425,6425,0
2022-07-21 12:49:00,6425,6425,6425,6425,0
2022-07-21 12:50:00,6425,6425,6425,6425,0
2022-07-21 12:51:00,6425,6425,6425,6425,0
2022-07-21 12:52:00,6425,6425,6425,6425,0
2022-07-21 12:53:00,6425,6425,6425,6425,0
2022-07-21 12:54:00,6425,6425,6425,6425,0
2022-07-21 12:55:00,6425,6425,6425,6425,0
2022-07-21 12:56:00,6425,6425,6425,6425,0
2022-07-21 12:57:00,6425,6425,6425,6425,0
2022-07-21 12:58:00,6425,6425,6425,6425,0
2022-07-21 12:59:00,6425,6425,6425,6425,0
2022-07-21 13:00:00,6425,6425,6425,6425,0
2022-07-21 13:01:00,6425,6425,6425,6425,0
2022-07-21 13:02:00,6425,6425,6425,6425,0
2022-07-21 13:03:00,6425,6425,6425,6425,0
2022-07-21 13:04:00,6425,6425,6425,6425,0
2022-07-21 13:05:00,6425,6425,6425,6425,0
2022-07-21 13:06:00,6425,6425,6425,6425,0
2022-07-21 13:07:00,6425,6425,6425,6425,0
2022-07-21 13:08:00,6425,6425,6425,6425,0
2022-07-21 13:09:00,6425,6425,6425,6425,0
2022-07-21 13:10:00,6425,6425,6425,6425,0
2022-07-21 13:11:00,6425,6425,6425,6425,0
2022-07-21 13:12:00,6425,6425,6425,6425,0
2022-07-21 13:13:00,6425,6425,6425,6425,0
2022-07-21 13:14:00,6425,6425,6425,6425,0
2022-07-21 13:15:00,6425,6425,6425,6425,0
2022-07-21 13:16:00,6425,6425,6425,6425,0
2022-07-21 13:17:00,6425,6425,6425,6425,0
2022-07-21 13:18:00,6425,6425,6425,6425,0
2022-07-21 13:19:00,6425,6425,6425,6425,0
2022-07-21 13:20:00,6425,6425,6425,6425,0
2022-07-21 13:21:00,6425,6425,6425,6425,0
2022-07-21 13:22:00,6425,6425,6425,6425,0
2022-07-21 13:23:00,6425,6425,6425,6425,0
2022-07-21 13:24:00,6425,6425,6425,6425,0
2022-07-21 13:25:00,6425,6425,6425,6425,0
2022-07-21 13:26:00,6425,6425,6425,6425,0
2022-07-21 13:27:00,6425,6425,6425,6425,0
2022-07-21 13:28:00,6425,6425,6425,6425,0
2022-07-21 13:29:00,6425,6425,6425,6425,0
2022-07-21 13:30:00,6425,6400,6425,6425,2200
2022-07-21 13:31:00,6425,6425,6425,6425,300
2022-07-21 13:32:00,6400,6400,6400,6400,1800
2022-07-21 13:33:00,6400,6400,6400,6400,0
2022-07-21 13:34:00,6400,6400,6400,6400,0
2022-07-21 13:35:00,6425,6425,6425,6425,1200
2022-07-21 13:36:00,6425,6425,6425,6425,0
2022-07-21 13:37:00,6425,6425,6425,6425,600
2022-07-21 13:38:00,6425,6425,6425,6425,300
2022-07-21 13:39:00,6425,6425,6425,6425,0
2022-07-21 13:40:00,6425,6425,6425,6425,1100
2022-07-21 13:41:00,6400,6400,6400,6400,25300
2022-07-21 13:42:00,6400,6400,6400,6400,0
2022-07-21 13:43:00,6400,6400,6400,6400,0
2022-07-21 13:44:00,6400,6400,6400,6400,0
2022-07-21 13:45:00,6400,6400,6400,6400,35700
2022-07-21 13:46:00,6400,6400,6400,6400,8400
2022-07-21 13:47:00,6400,6400,6400,6400,600
2022-07-21 13:48:00,6400,6400,6400,6400,0
2022-07-21 13:49:00,6400,6400,6400,6400,1200
2022-07-21 13:50:00,6400,6400,6400,6400,0
2022-07-21 13:51:00,6400,6400,6400,6400,9400
2022-07-21 13:52:00,6400,6400,6400,6400,0
2022-07-21 13:53:00,6400,6400,6400,6400,0
2022-07-21 13:54:00,6400,6400,6400,6400,1700
2022-07-21 13:55:00,6375,6375,6400,6400,9700
2022-07-21 13:56:00,6375,6375,6400,6400,0
2022-07-21 13:57:00,6375,6375,6400,6400,0
2022-07-21 13:58:00,6400,6400,6400,6400,4300
2022-07-21 13:59:00,6400,6375,6400,6400,2500
2022-07-21 14:00:00,6400,6375,6400,6400,0
2022-07-21 14:01:00,6400,6400,6400,6400,100
2022-07-21 14:02:00,6400,6400,6400,6400,400
2022-07-21 14:03:00,6400,6400,6400,6400,0
2022-07-21 14:04:00,6400,6400,6400,6400,200
2022-07-21 14:05:00,6400,6400,6400,6400,2600
2022-07-21 14:06:00,6400,6400,6400,6400,0
2022-07-21 14:07:00,6400,6400,6400,6400,1500
2022-07-21 14:08:00,6400,6400,6400,6400,2500
2022-07-21 14:09:00,6400,6400,6400,6400,0
2022-07-21 14:10:00,6400,6400,6400,6400,400
2022-07-21 14:11:00,6375,6375,6375,6375,1700
2022-07-21 14:12:00,6375,6375,6375,6375,16400
2022-07-21 14:13:00,6375,6375,6400,6400,0
2022-07-21 14:14:00,6375,6375,6400,6400,0
2022-07-21 14:15:00,6400,6400,6400,6400,9100
2022-07-21 14:16:00,6400,6400,6400,6400,1300
2022-07-21 14:17:00,6400,6400,6400,6400,0
2022-07-21 14:18:00,6400,6400,6400,6400,400
2022-07-21 14:19:00,6400,6400,6400,6400,0
2022-07-21 14:20:00,6400,6400,6400,6400,6600
2022-07-21 14:21:00,6425,6425,6425,6425,200
2022-07-21 14:22:00,6425,6425,6425,6425,300
2022-07-21 14:23:00,6425,6425,6425,6425,2000
2022-07-21 14:24:00,6425,6425,6425,6425,0
2022-07-21 14:25:00,6425,6425,6425,6425,0
2022-07-21 14:26:00,6425,6425,6425,6425,600
2022-07-21 14:27:00,6425,6425,6425,6425,1400
2022-07-21 14:28:00,6400,6400,6400,6400,300
2022-07-21 14:29:00,6400,6400,6400,6400,2400
2022-07-21 14:30:00,6425,6400,6425,6400,300
2022-07-21 14:31:00,6425,6425,6425,6425,0
2022-07-21 14:32:00,6425,6425,6425,6425,0
2022-07-21 14:33:00,6425,6425,6425,6425,0
2022-07-21 14:34:00,6425,6425,6425,6425,200
2022-07-21 14:35:00,6400,6400,6425,6425,1700
2022-07-21 14:36:00,6400,6400,6425,6425,0
2022-07-21 14:37:00,6400,6400,6425,6425,0
2022-07-21 14:38:00,6425,6425,6425,6425,14100
2022-07-21 14:39:00,6400,6400,6400,6400,300
2022-07-21 14:40:00,6400,6400,6400,6400,1300
2022-07-21 14:41:00,6400,6400,6400,6400,5400
2022-07-21 14:42:00,6400,6400,6400,6400,2100
2022-07-21 14:43:00,6425,6400,6425,6400,3100
2022-07-21 14:44:00,6400,6400,6400,6400,2700
2022-07-21 14:45:00,6425,6400,6425,6425,4200
2022-07-21 14:46:00,6425,6400,6425,6425,0
2022-07-21 14:47:00,6400,6400,6400,6400,12200
2022-07-21 14:48:00,6400,6400,6425,6425,0
2022-07-21 14:49:00,6425,6400,6425,6425,2200
2022-07-21 14:50:00,6425,6400,6425,6425,0
2022-07-21 14:51:00,6425,6400,6425,6425,0
2022-07-21 14:52:00,6425,6400,6425,6425,0
2022-07-21 14:53:00,6425,6400,6425,6425,0
2022-07-21 14:54:00,6425,6400,6425,6425,0
2022-07-21 14:55:00,6425,6400,6425,6425,0
2022-07-21 14:56:00,6425,6400,6425,6425,0
2022-07-21 14:57:00,6425,6400,6425,6425,0
2022-07-21 14:58:00,6425,6400,6425,6425,0
2022-07-21 14:59:00,6425,6400,6425,6425,0
2022-07-21 15:00:00,6400,6400,6400,6400,36300
2022-07-21 15:01:00,6400,6400,6400,6400,10400
2022-07-21 15:02:00,6400,6400,6400,6400,12100
2022-07-21 15:03:00,6400,6400,6400,6400,3000
2022-07-21 15:04:00,6400,6400,6400,6400,1700
2022-07-21 15:05:00,6400,6400,6400,6400,0
2022-07-21 15:06:00,6400,6400,6400,6400,20000
2022-07-21 15:07:00,6400,6400,6400,6400,0
2022-07-21 15:08:00,6400,6400,6400,6400,5000
2022-07-21 15:09:00,6400,6400,6400,6400,0
2022-07-21 15:10:00,6400,6400,6400,6400,0
2022-07-21 15:11:00,6400,6400,6400,6400,0
2022-07-21 15:12:00,6400,6400,6400,6400,0
2022-07-21 15:13:00,6400,6400,6400,6400,0
2022-07-21 15:14:00,6400,6400,6400,6400,0
2022-07-21 15:15:00,6400,6400,6400,6400,0
2022-07-21 15:16:00,6400,6400,6400,6400,0
2022-07-21 15:17:00,6400,6400,6400,6400,0
2022-07-21 15:18:00,6400,6400,6400,6400,0
2022-07-21 15:19:00,6400,6400,6400,6400,0
2022-07-21 15:20:00,6400,6400,6400,6400,0
2022-07-21 15:21:00,6400,6400,6400,6400,0
2022-07-21 15:22:00,6400,6400,6400,6400,0
2022-07-21 15:23:00,6400,6400,6400,6400,0
2022-07-21 15:24:00,6400,6400,6400,6400,0
2022-07-21 15:25:00,6400,6400,6400,6400,0
2022-07-21 15:26:00,6400,6400,6400,6400,0
2022-07-21 15:27:00,6400,6400,6400,6400,0
2022-07-21 15:28:00,6400,6400,6400,6400,0
2022-07-21 15:29:00,6400,6400,6400,6400,0
2022-07-21 15:30:00,6400,6400,6400,6400,0
2022-07-21 15:31:00,6400,6400,6400,6400,0
2022-07-21 15:32:00,6400,6400,6400,6400,0
2022-07-21 15:33:00,6400,6400,6400,6400,0
2022-07-21 15:34:00,6400,6400,6400,6400,0
2022-07-21 15:35:00,6400,6400,6400,6400,0
2022-07-21 15:36:00,6400,6400,6400,6400,0
2022-07-21 15:37:00,6400,6400,6400,6400,0
2022-07-21 15:38:00,6400,6400,6400,6400,0
2022-07-21 15:39:00,6400,6400,6400,6400,0
2022-07-21 15:40:00,6400,6400,6400,6400,0
2022-07-21 15:41:00,6400,6400,6400,6400,0
2022-07-21 15:42:00,6400,6400,6400,6400,0
2022-07-21 15:43:00,6400,6400,6400,6400,0
2022-07-21 15:44:00,6400,6400,6400,6400,0
2022-07-21 15:45:00,6400,6400,6400,6400,0
2022-07-21 15:46:00,6400,6400,6400,6400,0
2022-07-21 15:47:00,6400,6400,6400,6400,0
2022-07-21 15:48:00,6400,6400,6400,6400,0
2022-07-21 15:49:00,6400,6400,6400,6400,0
2022-07-21 15:50:00,6400,6400,6400,6400,0
2022-07-21 15:51:00,6400,6400,6400,6400,0
2022-07-21 15:52:00,6400,6400,6400,6400,0
2022-07-21 15:53:00,6400,6400,6400,6400,0
2022-07-21 15:54:00,6400,6400,6400,6400,0
2022-07-21 15:55:00,6400,6400,6400,6400,0
2022-07-21 15:56:00,6400,6400,6400,6400,0
2022-07-21 15:57:00,6400,6400,6400,6400,0
2022-07-21 15:58:00,6400,6400,6400,6400,0
2022-07-21 15:59:00,6400,6400,6400,6400,0
2022-07-22 09:00:00,6475,6425,6475,6475,19100
2022-07-22 09:01:00,6475,6425,6475,6475,7900
2022-07-22 09:02:00,6475,6425,6475,6475,0
2022-07-22 09:03:00,6425,6425,6425,6425,11800
2022-07-22 09:04:00,6425,6425,6425,6425,3800
2022-07-22 09:05:00,6425,6425,6425,6425,3300
2022-07-22 09:06:00,6400,6400,6425,6425,200
2022-07-22 09:07:00,6400,6400,6425,6425,0
2022-07-22 09:08:00,6400,6400,6425,6425,0
2022-07-22 09:09:00,6425,6400,6425,6400,500
2022-07-22 09:10:00,6400,6400,6400,6400,500
2022-07-22 09:11:00,6400,6400,6425,6425,900
2022-07-22 09:12:00,6400,6400,6400,6400,100
2022-07-22 09:13:00,6425,6425,6425,6425,11800
2022-07-22 09:14:00,6425,6425,6425,6425,1900
2022-07-22 09:15:00,6425,6425,6425,6425,0
2022-07-22 09:16:00,6450,6425,6450,6425,7100
2022-07-22 09:17:00,6425,6425,6425,6425,5100
2022-07-22 09:18:00,6425,6425,6450,6450,200
2022-07-22 09:19:00,6450,6425,6450,6425,5200
2022-07-22 09:20:00,6425,6425,6425,6425,16600
2022-07-22 09:21:00,6425,6425,6425,6425,4200
2022-07-22 09:22:00,6425,6425,6425,6425,0
2022-07-22 09:23:00,6425,6425,6425,6425,11900
2022-07-22 09:24:00,6425,6425,6425,6425,0
2022-07-22 09:25:00,6425,6425,6425,6425,200
2022-07-22 09:26:00,6425,6425,6425,6425,0
2022-07-22 09:27:00,6425,6425,6425,6425,0
2022-07-22 09:28:00,6425,6425,6425,6425,10100
2022-07-22 09:29:00,6425,6425,6425,6425,0
2022-07-22 09:30:00,6425,6425,6425,6425,0
2022-07-22 09:31:00,6450,6450,6450,6450,0
2022-07-22 09:32:00,6450,6450,6450,6450,700
2022-07-22 09:33:00,6450,6425,6450,6425,1900
2022-07-22 09:34:00,6425,6425,6425,6425,18400
2022-07-22 09:35:00,6425,6425,6425,6425,0
2022-07-22 09:36:00,6425,6425,6425,6425,7500
2022-07-22 09:37:00,6425,6425,6425,6425,0
2022-07-22 09:38:00,6425,6425,6425,6425,0
2022-07-22 09:39:00,6425,6425,6425,6425,1400
2022-07-22 09:40:00,6425,6425,6425,6425,0
2022-07-22 09:41:00,6425,6425,6425,6425,1400
2022-07-22 09:42:00,6425,6425,6450,6450,1000
2022-07-22 09:43:00,6425,6425,6450,6450,0
2022-07-22 09:44:00,6425,6425,6450,6450,0
2022-07-22 09:45:00,6450,6450,6450,6450,2600
2022-07-22 09:46:00,6450,6450,6450,6450,0
2022-07-22 09:47:00,6450,6450,6450,6450,0
2022-07-22 09:48:00,6450,6425,6450,6425,0
2022-07-22 09:49:00,6450,6425,6450,6425,0
2022-07-22 09:50:00,6450,6425,6450,6425,400
2022-07-22 09:51:00,6450,6425,6450,6425,0
2022-07-22 09:52:00,6450,6425,6450,6425,0
2022-07-22 09:53:00,6450,6450,6450,6450,3000
2022-07-22 09:54:00,6425,6425,6425,6425,6400
2022-07-22 09:55:00,6425,6425,6425,6425,4700
2022-07-22 09:56:00,6425,6400,6425,6400,147600
2022-07-22 09:57:00,6425,6400,6425,6400,0
2022-07-22 09:58:00,6400,6375,6400,6375,800
2022-07-22 09:59:00,6400,6375,6400,6375,0
2022-07-22 10:00:00,6375,6375,6375,6375,500
2022-07-22 10:01:00,6375,6375,6375,6375,0
2022-07-22 10:02:00,6400,6400,6400,6400,100
2022-07-22 10:03:00,6400,6400,6400,6400,1900
2022-07-22 10:04:00,6400,6400,6400,6400,6900
2022-07-22 10:05:00,6400,6400,6400,6400,0
2022-07-22 10:06:00,6400,6375,6400,6375,2000
2022-07-22 10:07:00,6375,6375,6375,6375,7700
2022-07-22 10:08:00,6375,6375,6375,6375,0
2022-07-22 10:09:00,6400,6400,6400,6400,0
2022-07-22 10:10:00,6375,6375,6375,6375,1900
2022-07-22 10:11:00,6375,6375,6375,6375,0
2022-07-22 10:12:00,6375,6375,6375,6375,12700
2022-07-22 10:13:00,6375,6375,6375,6375,0
2022-07-22 10:14:00,6400,6400,6400,6400,0
2022-07-22 10:15:00,6400,6400,6400,6400,0
2022-07-22 10:16:00,6400,6400,6400,6400,1400
2022-07-22 10:17:00,6400,6400,6400,6400,200
2022-07-22 10:18:00,6400,6400,6400,6400,7100
2022-07-22 10:19:00,6400,6400,6400,6400,23700
2022-07-22 10:20:00,6400,6400,6400,6400,5900
2022-07-22 10:21:00,6400,6375,6400,6375,46600
2022-07-22 10:22:00,6400,6375,6400,6375,0
2022-07-22 10:23:00,6425,6425,6425,6425,700
2022-07-22 10:24:00,6425,6425,6425,6425,0
2022-07-22 10:25:00,6400,6400,6400,6400,500
2022-07-22 10:26:00,6400,6400,6400,6400,0
2022-07-22 10:27:00,6400,6400,6400,6400,0
2022-07-22 10:28:00,6400,6400,6400,6400,0
2022-07-22 10:29:00,6400,6400,6400,6400,0
2022-07-22 10:30:00,6400,6400,6400,6400,0
2022-07-22 10:31:00,6400,6400,6400,6400,0
2022-07-22 10:32:00,6400,6400,6400,6400,19100
2022-07-22 10:33:00,6425,6400,6425,6400,6000
2022-07-22 10:34:00,6400,6400,6400,6400,1500
2022-07-22 10:35:00,6400,6400,6400,6400,3300
2022-07-22 10:36:00,6400,6400,6400,6400,0
2022-07-22 10:37:00,6400,6400,6400,6400,6400
2022-07-22 10:38:00,6400,6400,6400,6400,0
2022-07-22 10:39:00,6400,6400,6400,6400,77400
2022-07-22 10:40:00,6400,6400,6400,6400,0
2022-07-22 10:41:00,6400,6400,6400,6400,0
2022-07-22 10:42:00,6400,6400,6400,6400,0
2022-07-22 10:43:00,6400,6400,6400,6400,0
2022-07-22 10:44:00,6400,6400,6400,6400,11800
2022-07-22 10:45:00,6400,6400,6400,6400,0
2022-07-22 10:46:00,6400,6400,6400,6400,0
2022-07-22 10:47:00,6375,6375,6375,6375,62600
2022-07-22 10:48:00,6400,6400,6400,6400,0
2022-07-22 10:49:00,6400,6400,6400,6400,0
2022-07-22 10:50:00,6400,6400,6400,6400,0
2022-07-22 10:51:00,6400,6400,6400,6400,100
2022-07-22 10:52:00,6400,6400,6400,6400,0
2022-07-22 10:53:00,6400,6400,6400,6400,0
2022-07-22 10:54:00,6400,6400,6400,6400,2000
2022-07-22 10:55:00,6400,6400,6400,6400,0
2022-07-22 10:56:00,6400,6400,6400,6400,0
2022-07-22 10:57:00,6400,6400,6400,6400,1000
2022-07-22 10:58:00,6400,6400,6400,6400,500
2022-07-22 10:59:00,6400,6400,6400,6400,6100
2022-07-22 11:00:00,6400,6400,6400,6400,0
2022-07-22 11:01:00,6400,6400,6400,6400,0
2022-07-22 11:02:00,6400,6400,6400,6400,0
2022-07-22 11:03:00,6400,6400,6400,6400,0
2022-07-22 11:04:00,6400,6375,6400,6400,800
2022-07-22 11:05:00,6400,6375,6400,6400,0
2022-07-22 11:06:00,6400,6375,6400,6375,500
2022-07-22 11:07:00,6400,6375,6400,6375,0
2022-07-22 11:08:00,6375,6375,6375,6375,400
2022-07-22 11:09:00,6375,6375,6375,6375,12900
2022-07-22 11:10:00,6375,6375,6375,6375,0
2022-07-22 11:11:00,6375,6375,6375,6375,0
2022-07-22 11:12:00,6375,6375,6375,6375,0
2022-07-22 11:13:00,6375,6375,6375,6375,0
2022-07-22 11:14:00,6400,6400,6400,6400,0
2022-07-22 11:15:00,6400,6400,6400,6400,0
2022-07-22 11:16:00,6400,6400,6400,6400,200
2022-07-22 11:17:00,6400,6400,6400,6400,0
2022-07-22 11:18:00,6400,6400,6400,6400,0
2022-07-22 11:19:00,6400,6400,6400,6400,22800
2022-07-22 11:20:00,6400,6375,6400,6375,24300
2022-07-22 11:21:00,6400,6375,6400,6375,0
2022-07-22 11:22:00,6400,6375,6400,6375,0
2022-07-22 11:23:00,6400,6400,6400,6400,1100
2022-07-22 11:24:00,6400,6400,6400,6400,0
2022-07-22 11:25:00,6400,6375,6400,6375,0
2022-07-22 11:26:00,6400,6375,6400,6375,0
2022-07-22 11:27:00,6400,6375,6400,6375,0
2022-07-22 11:28:00,6400,6375,6400,6375,0
2022-07-22 11:29:00,6375,6375,6375,6375,1100
2022-07-22 11:30:00,6375,6375,6375,6375,0
2022-07-22 11:31:00,6375,6375,6375,6375,0
2022-07-22 11:32:00,6375,6375,6375,6375,0
2022-07-22 11:33:00,6375,6375,6375,6375,0
2022-07-22 11:34:00,6375,6375,6375,6375,0
2022-07-22 11:35:00,6375,6375,6375,6375,0
2022-07-22 11:36:00,6375,6375,6375,6375,0
2022-07-22 11:37:00,6375,6375,6375,6375,0
2022-07-22 11:38:00,6375,6375,6375,6375,0
2022-07-22 11:39:00,6375,6375,6375,6375,0
2022-07-22 11:40:00,6375,6375,6375,6375,0
2022-07-22 11:41:00,6375,6375,6375,6375,0
2022-07-22 11:42:00,6375,6375,6375,6375,0
2022-07-22 11:43:00,6375,6375,6375,6375,0
2022-07-22 11:44:00,6375,6375,6375,6375,0
2022-07-22 11:45:00,6375,6375,6375,6375,0
2022-07-22 11:46:00,6375,6375,6375,6375,0
2022-07-22 11:47:00,6375,6375,6375,6375,0
2022-07-22 11:48:00,6375,6375,6375,6375,0
2022-07-22 11:49:00,6375,6375,6375,6375,0
2022-07-22 11:50:00,6375,6375,6375,6375,0
2022-07-22 11:51:00,6375,6375,6375,6375,0
2022-07-22 11:52:00,6375,6375,6375,6375,0
2022-07-22 11:53:00,6375,6375,6375,6375,0
2022-07-22 11:54:00,6375,6375,6375,6375,0
2022-07-22 11:55:00,6375,6375,6375,6375,0
2022-07-22 11:56:00,6375,6375,6375,6375,0
2022-07-22 11:57:00,6375,6375,6375,6375,0
2022-07-22 11:58:00,6375,6375,6375,6375,0
2022-07-22 11:59:00,6375,6375,6375,6375,0
2022-07-22 12:00:00,6375,6375,6375,6375,0
2022-07-22 12:01:00,6375,6375,6375,6375,0
2022-07-22 12:02:00,6375,6375,6375,6375,0
2022-07-22 12:03:00,6375,6375,6375,6375,0
2022-07-22 12:04:00,6375,6375,6375,6375,0
2022-07-22 12:05:00,6375,6375,6375,6375,0
2022-07-22 12:06:00,6375,6375,6375,6375,0
2022-07-22 12:07:00,6375,6375,6375,6375,0
2022-07-22 12:08:00,6375,6375,6375,6375,0
2022-07-22 12:09:00,6375,6375,6375,6375,0
2022-07-22 12:10:00,6375,6375,6375,6375,0
2022-07-22 12:11:00,6375,6375,6375,6375,0
2022-07-22 12:12:00,6375,6375,6375,6375,0
2022-07-22 12:13:00,6375,6375,6375,6375,0
2022-07-22 12:14:00,6375,6375,6375,6375,0
2022-07-22 12:15:00,6375,6375,6375,6375,0
2022-07-22 12:16:00,6375,6375,6375,6375,0
2022-07-22 12:17:00,6375,6375,6375,6375,0
2022-07-22 12:18:00,6375,6375,6375,6375,0
2022-07-22 12:19:00,6375,6375,6375,6375,0
2022-07-22 12:20:00,6375,6375,6375,6375,0
2022-07-22 12:21:00,6375,6375,6375,6375,0
2022-07-22 12:22:00,6375,6375,6375,6375,0
2022-07-22 12:23:00,6375,6375,6375,6375,0
2022-07-22 12:24:00,6375,6375,6375,6375,0
2022-07-22 12:25:00,6375,6375,6375,6375,0
2022-07-22 12:26:00,6375,6375,6375,6375,0
2022-07-22 12:27:00,6375,6375,6375,6375,0
2022-07-22 12:28:00,6375,6375,6375,6375,0
2022-07-22 12:29:00,6375,6375,6375,6375,0
2022-07-22 12:30:00,6375,6375,6375,6375,0
2022-07-22 12:31:00,6375,6375,6375,6375,0
2022-07-22 12:32:00,6375,6375,6375,6375,0
2022-07-22 12:33:00,6375,6375,6375,6375,0
2022-07-22 12:34:00,6375,6375,6375,6375,0
2022-07-22 12:35:00,6375,6375,6375,6375,0
2022-07-22 12:36:00,6375,6375,6375,6375,0
2022-07-22 12:37:00,6375,6375,6375,6375,0
2022-07-22 12:38:00,6375,6375,6375,6375,0
2022-07-22 12:39:00,6375,6375,6375,6375,0
2022-07-22 12:40:00,6375,6375,6375,6375,0
2022-07-22 12:41:00,6375,6375,6375,6375,0
2022-07-22 12:42:00,6375,6375,6375,6375,0
2022-07-22 12:43:00,6375,6375,6375,6375,0
2022-07-22 12:44:00,6375,6375,6375,6375,0
2022-07-22 12:45:00,6375,6375,6375,6375,0
2022-07-22 12:46:00,6375,6375,6375,6375,0
2022-07-22 12:47:00,6375,6375,6375,6375,0
2022-07-22 12:48:00,6375,6375,6375,6375,0
2022-07-22 12:49:00,6375,6375,6375,6375,0
2022-07-22 12:50:00,6375,6375,6375,6375,0
2022-07-22 12:51:00,6375,6375,6375,6375,0
2022-07-22 12:52:00,6375,6375,6375,6375,0
2022-07-22 12:53:00,6375,6375,6375,6375,0
2022-07-22 12:54:00,6375,6375,6375,6375,0
2022-07-22 12:55:00,6375,6375,6375,6375,0
2022-07-22 12:56:00,6375,6375,6375,6375,0
2022-07-22 12:57:00,6375,6375,6375,6375,0
2022-07-22 12:58:00,6375,6375,6375,6375,0
2022-07-22 12:59:00,6375,6375,6375,6375,0
2022-07-22 13:00:00,6375,6375,6375,6375,0
2022-07-22 13:01:00,6375,6375,6375,6375,0
2022-07-22 13:02:00,6375,6375,6375,6375,0
2022-07-22 13:03:00,6375,6375,6375,6375,0
2022-07-22 13:04:00,6375,6375,6375,6375,0
2022-07-22 13:05:00,6375,6375,6375,6375,0
2022-07-22 13:06:00,6375,6375,6375,6375,0
2022-07-22 13:07:00,6375,6375,6375,6375,0
2022-07-22 13:08:00,6375,6375,6375,6375,0
2022-07-22 13:09:00,6375,6375,6375,6375,0
2022-07-22 13:10:00,6375,6375,6375,6375,0
2022-07-22 13:11:00,6375,6375,6375,6375,0
2022-07-22 13:12:00,6375,6375,6375,6375,0
2022-07-22 13:13:00,6375,6375,6375,6375,0
2022-07-22 13:14:00,6375,6375,6375,6375,0
2022-07-22 13:15:00,6375,6375,6375,6375,0
2022-07-22 13:16:00,6375,6375,6375,6375,0
2022-07-22 13:17:00,6375,6375,6375,6375,0
2022-07-22 13:18:00,6375,6375,6375,6375,0
2022-07-22 13:19:00,6375,6375,6375,6375,0
2022-07-22 13:20:00,6375,6375,6375,6375,0
2022-07-22 13:21:00,6375,6375,6375,6375,0
2022-07-22 13:22:00,6375,6375,6375,6375,0
2022-07-22 13:23:00,6375,6375,6375,6375,0
2022-07-22 13:24:00,6375,6375,6375,6375,0
2022-07-22 13:25:00,6375,6375,6375,6375,0
2022-07-22 13:26:00,6375,6375,6375,6375,0
2022-07-22 13:27:00,6375,6375,6375,6375,0
2022-07-22 13:28:00,6375,6375,6375,6375,0
2022-07-22 13:29:00,6375,6375,6375,6375,0
2022-07-22 13:30:00,6400,6375,6400,6375,16300
2022-07-22 13:31:00,6400,6375,6400,6375,0
2022-07-22 13:32:00,6400,6375,6400,6375,0
2022-07-22 13:33:00,6400,6400,6400,6400,0
2022-07-22 13:34:00,6400,6400,6400,6400,0
2022-07-22 13:35:00,6375,6375,6400,6400,5100
2022-07-22 13:36:00,6375,6375,6400,6400,0
2022-07-22 13:37:00,6400,6400,6400,6400,1900
2022-07-22 13:38:00,6400,6400,6400,6400,18700
2022-07-22 13:39:00,6400,6400,6400,6400,8200
2022-07-22 13:40:00,6400,6400,6400,6400,0
2022-07-22 13:41:00,6400,6400,6400,6400,0
2022-07-22 13:42:00,6400,6400,6400,6400,0
2022-07-22 13:43:00,6425,6425,6425,6425,900
2022-07-22 13:44:00,6400,6400,6425,6425,1600
2022-07-22 13:45:00,6425,6425,6425,6425,0
2022-07-22 13:46:00,6400,6400,6400,6400,0
2022-07-22 13:47:00,6400,6400,6400,6400,0
2022-07-22 13:48:00,6400,6400,6400,6400,0
2022-07-22 13:49:00,6425,6425,6425,6425,200
2022-07-22 13:50:00,6425,6425,6425,6425,0
2022-07-22 13:51:00,6400,6400,6400,6400,1100
2022-07-22 13:52:00,6425,6425,6425,6425,2900
2022-07-22 13:53:00,6425,6425,6425,6425,0
2022-07-22 13:54:00,6400,6400,6400,6400,16800
2022-07-22 13:55:00,6400,6400,6400,6400,0
2022-07-22 13:56:00,6425,6400,6425,6400,9900
2022-07-22 13:57:00,6400,6400,6400,6400,0
2022-07-22 13:58:00,6400,6400,6400,6400,0
2022-07-22 13:59:00,6400,6400,6400,6400,3100
2022-07-22 14:00:00,6425,6425,6425,6425,8700
2022-07-22 14:01:00,6425,6425,6425,6425,0
2022-07-22 14:02:00,6425,6425,6425,6425,0
2022-07-22 14:03:00,6425,6425,6425,6425,0
2022-07-22 14:04:00,6425,6400,6425,6400,8400
2022-07-22 14:05:00,6425,6400,6425,6400,0
2022-07-22 14:06:00,6400,6400,6400,6400,600
2022-07-22 14:07:00,6400,6400,6400,6400,0
2022-07-22 14:08:00,6400,6400,6400,6400,0
2022-07-22 14:09:00,6400,6400,6400,6400,0
2022-07-22 14:10:00,6400,6400,6400,6400,0
2022-07-22 14:11:00,6400,6400,6400,6400,0
2022-07-22 14:12:00,6400,6400,6400,6400,0
2022-07-22 14:13:00,6425,6425,6425,6425,1700
2022-07-22 14:14:00,6425,6425,6425,6425,2000
2022-07-22 14:15:00,6400,6400,6400,6400,1100
2022-07-22 14:16:00,6400,6400,6400,6400,0
2022-07-22 14:17:00,6400,6400,6400,6400,200
2022-07-22 14:18:00,6400,6400,6400,6400,100
2022-07-22 14:19:00,6400,6400,6400,6400,2500
2022-07-22 14:20:00,6400,6400,6400,6400,0
2022-07-22 14:21:00,6425,6425,6425,6425,0
2022-07-22 14:22:00,6425,6425,6425,6425,1700
2022-07-22 14:23:00,6425,6425,6425,6425,0
2022-07-22 14:24:00,6425,6400,6425,6400,1400
2022-07-22 14:25:00,6400,6400,6425,6425,900
2022-07-22 14:26:00,6425,6425,6425,6425,600
2022-07-22 14:27:00,6400,6400,6400,6400,15600
2022-07-22 14:28:00,6400,6400,6400,6400,5400
2022-07-22 14:29:00,6400,6400,6400,6400,0
2022-07-22 14:30:00,6425,6425,6425,6425,111900
2022-07-22 14:31:00,6400,6400,6400,6400,0
2022-07-22 14:32:00,6400,6400,6425,6425,300
2022-07-22 14:33:00,6400,6400,6425,6425,0
2022-07-22 14:34:00,6425,6425,6425,6425,0
2022-07-22 14:35:00,6425,6425,6425,6425,0
2022-07-22 14:36:00,6425,6425,6425,6425,100
2022-07-22 14:37:00,6425,6425,6425,6425,0
2022-07-22 14:38:00,6425,6425,6425,6425,0
2022-07-22 14:39:00,6425,6425,6425,6425,0
2022-07-22 14:40:00,6425,6425,6425,6425,700
2022-07-22 14:41:00,6425,6425,6425,6425,0
2022-07-22 14:42:00,6425,6425,6425,6425,0
2022-07-22 14:43:00,6425,6425,6425,6425,1100
2022-07-22 14:44:00,6425,6425,6425,6425,500
2022-07-22 14:45:00,6425,6425,6425,6425,0
2022-07-22 14:46:00,6425,6425,6425,6425,0
2022-07-22 14:47:00,6425,6425,6425,6425,12200
2022-07-22 14:48:00,6425,6400,6425,6400,16300
2022-07-22 14:49:00,6400,6400,6425,6425,2700
2022-07-22 14:50:00,6400,6400,6425,6425,0
2022-07-22 14:51:00,6400,6400,6425,6425,0
2022-07-22 14:52:00,6400,6400,6425,6425,0
2022-07-22 14:53:00,6400,6400,6425,6425,0
2022-07-22 14:54:00,6400,6400,6425,6425,0
2022-07-22 14:55:00,6400,6400,6425,6425,0
2022-07-22 14:56:00,6400,6400,6425,6425,0
2022-07-22 14:57:00,6400,6400,6425,6425,0
2022-07-22 14:58:00,6400,6400,6425,6425,0
2022-07-22 14:59:00,6400,6400,6425,6425,0
2022-07-22 15:00:00,6425,6425,6425,6425,161200
2022-07-22 15:01:00,6425,6425,6425,6425,0
2022-07-22 15:02:00,6425,6425,6425,6425,10100
2022-07-22 15:03:00,6425,6425,6425,6425,0
2022-07-22 15:04:00,6425,6425,6425,6425,100
2022-07-22 15:05:00,6425,6425,6425,6425,13400
2022-07-22 15:06:00,6425,6425,6425,6425,0
2022-07-22 15:07:00,6425,6425,6425,6425,0
2022-07-22 15:08:00,6425,6425,6425,6425,200
2022-07-22 15:09:00,6425,6425,6425,6425,0
2022-07-22 15:10:00,6425,6425,6425,6425,0
2022-07-22 15:11:00,6425,6425,6425,6425,0
2022-07-22 15:12:00,6425,6425,6425,6425,0
2022-07-22 15:13:00,6425,6425,6425,6425,0
2022-07-22 15:14:00,6425,6425,6425,6425,0
2022-07-22 15:15:00,6425,6425,6425,6425,0
2022-07-22 15:16:00,6425,6425,6425,6425,0
2022-07-22 15:17:00,6425,6425,6425,6425,0
2022-07-22 15:18:00,6425,6425,6425,6425,0
2022-07-22 15:19:00,6425,6425,6425,6425,0
2022-07-22 15:20:00,6425,6425,6425,6425,0
2022-07-22 15:21:00,6425,6425,6425,6425,0
2022-07-22 15:22:00,6425,6425,6425,6425,0
2022-07-22 15:23:00,6425,6425,6425,6425,0
2022-07-22 15:24:00,6425,6425,6425,6425,0
2022-07-22 15:25:00,6425,6425,6425,6425,0
2022-07-22 15:26:00,6425,6425,6425,6425,0
2022-07-22 15:27:00,6425,6425,6425,6425,0
2022-07-22 15:28:00,6425,6425,6425,6425,0
2022-07-22 15:29:00,6425,6425,6425,6425,0
2022-07-22 15:30:00,6425,6425,6425,6425,0
2022-07-22 15:31:00,6425,6425,6425,6425,0
2022-07-22 15:32:00,6425,6425,6425,6425,0
2022-07-22 15:33:00,6425,6425,6425,6425,0
2022-07-22 15:34:00,6425,6425,6425,6425,0
2022-07-22 15:35:00,6425,6425,6425,6425,0
2022-07-22 15:36:00,6425,6425,6425,6425,0
2022-07-22 15:37:00,6425,6425,6425,6425,0
2022-07-22 15:38:00,6425,6425,6425,6425,0
2022-07-22 15:39:00,6425,6425,6425,6425,0
2022-07-22 15:40:00,6425,6425,6425,6425,0
2022-07-22 15:41:00,6425,6425,6425,6425,0
2022-07-22 15:42:00,6425,6425,6425,6425,0
2022-07-22 15:43:00,6425,6425,6425,6425,0
2022-07-22 15:44:00,6425,6425,6425,6425,0
2022-07-22 15:45:00,6425,6425,6425,6425,0
2022-07-22 15:46:00,6425,6425,6425,6425,0
2022-07-22 15:47:00,6425,6425,6425,6425,0
2022-07-22 15:48:00,6425,6425,6425,6425,0
2022-07-22 15:49:00,6425,6425,6425,6425,0
2022-07-22 15:50:00,6425,6425,6425,6425,0
2022-07-22 15:51:00,6425,6425,6425,6425,0
2022-07-22 15:52:00,6425,6425,6425,6425,0
2022-07-22 15:53:00,6425,6425,6425,6425,0
2022-07-22 15:54:00,6425,6425,6425,6425,0
2022-07-22 15:55:00,6425,6425,6425,6425,0
2022-07-22 15:56:00,6425,6425,6425,6425,0
2022-07-22 15:57:00,6425,6425,6425,6425,0
2022-07-22 15:58:00,6425,6425,6425,6425,0
2022-07-22 15:59:00,6425,6425,6425,6425,0
2022-07-25 09:00:00,6425,6425,6425,6425,0
2022-07-25 09:01:00,6425,6425,6425,6425,0
2022-07-25 09:02:00,6425,6425,6425,6425,0
2022-07-25 09:03:00,6400,6400,6400,6400,2600
2022-07-25 09:04:00,6400,6400,6400,6400,6400
2022-07-25 09:05:00,6400,6400,6400,6400,0
2022-07-25 09:06:00,6400,6400,6400,6400,6100
2022-07-25 09:07:00,6400,6400,6400,6400,200
2022-07-25 09:08:00,6400,6400,6400,6400,4800
2022-07-25 09:09:00,6400,6400,6400,6400,0
2022-07-25 09:10:00,6400,6375,6400,6400,17800
2022-07-25 09:11:00,6400,6400,6400,6400,800
2022-07-25 09:12:00,6400,6400,6400,6400,2400
2022-07-25 09:13:00,6400,6400,6400,6400,200
2022-07-25 09:14:00,6400,6400,6400,6400,7100
2022-07-25 09:15:00,6400,6400,6400,6400,9200
2022-07-25 09:16:00,6400,6400,6400,6400,0
2022-07-25 09:17:00,6400,6400,6400,6400,0
2022-07-25 09:18:00,6375,6375,6400,6400,200
2022-07-25 09:19:00,6375,6375,6400,6400,0
2022-07-25 09:20:00,6375,6375,6375,6375,1300
2022-07-25 09:21:00,6375,6375,6375,6375,0
2022-07-25 09:22:00,6400,6400,6400,6400,500
2022-07-25 09:23:00,6400,6375,6400,6375,900
2022-07-25 09:24:00,6400,6375,6400,6375,0
2022-07-25 09:25:00,6400,6375,6400,6375,0
2022-07-25 09:26:00,6375,6375,6375,6375,200
2022-07-25 09:27:00,6375,6375,6375,6375,0
2022-07-25 09:28:00,6375,6375,6400,6400,1900
2022-07-25 09:29:00,6400,6400,6400,6400,0
2022-07-25 09:30:00,6400,6400,6400,6400,18300
2022-07-25 09:31:00,6400,6400,6400,6400,0
2022-07-25 09:32:00,6400,6400,6400,6400,0
2022-07-25 09:33:00,6400,6400,6400,6400,0
2022-07-25 09:34:00,6425,6425,6425,6425,0
2022-07-25 09:35:00,6425,6425,6425,6425,0
2022-07-25 09:36:00,6425,6425,6425,6425,0
2022-07-25 09:37:00,6425,6425,6425,6425,0
2022-07-25 09:38:00,6425,6425,6425,6425,0
2022-07-25 09:39:00,6400,6400,6425,6400,17500
2022-07-25 09:40:00,6400,6400,6425,6425,34400
2022-07-25 09:41:00,6400,6400,6425,6425,0
2022-07-25 09:42:00,6450,6425,6450,6425,800
2022-07-25 09:43:00,6450,6425,6450,6425,0
2022-07-25 09:44:00,6425,6425,6425,6425,5900
2022-07-25 09:45:00,6425,6425,6425,6425,0
2022-07-25 09:46:00,6425,6425,6425,6425,900
2022-07-25 09:47:00,6425,6425,6425,6425,1200
2022-07-25 09:48:00,6425,6425,6425,6425,4100
2022-07-25 09:49:00,6425,6425,6425,6425,0
2022-07-25 09:50:00,6400,6400,6400,6400,0
2022-07-25 09:51:00,6400,6400,6400,6400,200
2022-07-25 09:52:00,6400,6400,6400,6400,0
2022-07-25 09:53:00,6400,6400,6400,6400,0
2022-07-25 09:54:00,6425,6425,6425,6425,200
2022-07-25 09:55:00,6425,6425,6425,6425,1400
2022-07-25 09:56:00,6425,6425,6425,6425,0
2022-07-25 09:57:00,6425,6425,6425,6425,0
2022-07-25 09:58:00,6425,6425,6425,6425,1900
2022-07-25 09:59:00,6425,6425,6425,6425,0
2022-07-25 10:00:00,6425,6425,6425,6425,0
2022-07-25 10:01:00,6425,6425,6425,6425,0
2022-07-25 10:02:00,6425,6425,6425,6425,0
2022-07-25 10:03:00,6425,6425,6425,6425,0
2022-07-25 10:04:00,6425,6400,6425,6400,1300
2022-07-25 10:05:00,6425,6400,6425,6400,0
2022-07-25 10:06:00,6425,6400,6425,6400,0
2022-07-25 10:07:00,6400,6400,6400,6400,100
2022-07-25 10:08:00,6400,6400,6400,6400,0
2022-07-25 10:09:00,6400,6400,6400,6400,0
2022-07-25 10:10:00,6400,6400,6400,6400,0
2022-07-25 10:11:00,6400,6400,6425,6425,5400
2022-07-25 10:12:00,6425,6425,6425,6425,2200
2022-07-25 10:13:00,6425,6425,6425,6425,0
2022-07-25 10:14:00,6425,6425,6425,6425,1200
2022-07-25 10:15:00,6425,6425,6425,6425,0
2022-07-25 10:16:00,6425,6425,6425,6425,0
2022-07-25 10:17:00,6425,6425,6425,6425,0
2022-07-25 10:18:00,6425,6425,6425,6425,100
2022-07-25 10:19:00,6400,6400,6400,6400,700
2022-07-25 10:20:00,6400,6400,6400,6400,0
2022-07-25 10:21:00,6425,6425,6425,6425,2100
2022-07-25 10:22:00,6425,6425,6425,6425,0
2022-07-25 10:23:00,6400,6400,6400,6400,1000
2022-07-25 10:24:00,6400,6400,6400,6400,0
2022-07-25 10:25:00,6400,6400,6400,6400,0
2022-07-25 10:26:00,6400,6400,6400,6400,0
2022-07-25 10:27:00,6400,6400,6400,6400,0
2022-07-25 10:28:00,6400,6400,6400,6400,0
2022-07-25 10:29:00,6400,6400,6400,6400,0
2022-07-25 10:30:00,6400,6400,6400,6400,2000
2022-07-25 10:31:00,6400,6400,6400,6400,23100
2022-07-25 10:32:00,6400,6400,6400,6400,0
2022-07-25 10:33:00,6400,6400,6400,6400,2100
2022-07-25 10:34:00,6400,6400,6400,6400,0
2022-07-25 10:35:00,6400,6400,6400,6400,0
2022-07-25 10:36:00,6400,6400,6400,6400,0
2022-07-25 10:37:00,6400,6400,6400,6400,18300
2022-07-25 10:38:00,6400,6400,6400,6400,1000
2022-07-25 10:39:00,6400,6400,6400,6400,2200
2022-07-25 10:40:00,6400,6400,6400,6400,0
2022-07-25 10:41:00,6400,6400,6400,6400,0
2022-07-25 10:42:00,6400,6400,6400,6400,0
2022-07-25 10:43:00,6400,6400,6400,6400,300
2022-07-25 10:44:00,6400,6400,6400,6400,0
2022-07-25 10:45:00,6400,6400,6400,6400,200
2022-07-25 10:46:00,6400,6400,6400,6400,0
2022-07-25 10:47:00,6400,6400,6400,6400,0
2022-07-25 10:48:00,6400,6400,6400,6400,0
2022-07-25 10:49:00,6400,6400,6400,6400,5300
2022-07-25 10:50:00,6400,6400,6400,6400,0
2022-07-25 10:51:00,6400,6400,6400,6400,0
2022-07-25 10:52:00,6400,6400,6400,6400,100
2022-07-25 10:53:00,6375,6375,6375,6375,900
2022-07-25 10:54:00,6375,6375,6375,6375,0
2022-07-25 10:55:00,6375,6375,6375,6375,0
2022-07-25 10:56:00,6375,6375,6400,6400,3100
2022-07-25 10:57:00,6400,6375,6400,6375,6100
2022-07-25 10:58:00,6375,6375,6375,6375,23000
2022-07-25 10:59:00,6375,6375,6375,6375,0
2022-07-25 11:00:00,6375,6375,6375,6375,0
2022-07-25 11:01:00,6375,6375,6375,6375,0
2022-07-25 11:02:00,6375,6375,6375,6375,0
2022-07-25 11:03:00,6400,6375,6400,6375,10100
2022-07-25 11:04:00,6400,6375,6400,6375,0
2022-07-25 11:05:00,6400,6375,6400,6375,0
2022-07-25 11:06:00,6375,6375,6375,6375,0
2022-07-25 11:07:00,6375,6375,6375,6375,5200
2022-07-25 11:08:00,6375,6375,6375,6375,0
2022-07-25 11:09:00,6375,6375,6375,6375,0
2022-07-25 11:10:00,6375,6375,6375,6375,0
2022-07-25 11:11:00,6425,6425,6425,6425,500
2022-07-25 11:12:00,6425,6425,6425,6425,0
2022-07-25 11:13:00,6425,6425,6425,6425,0
2022-07-25 11:14:00,6425,6425,6425,6425,0
2022-07-25 11:15:00,6425,6425,6425,6425,0
2022-07-25 11:16:00,6425,6425,6425,6425,0
2022-07-25 11:17:00,6425,6425,6425,6425,0
2022-07-25 11:18:00,6425,6425,6425,6425,0
2022-07-25 11:19:00,6425,6425,6425,6425,0
2022-07-25 11:20:00,6425,6425,6425,6425,0
2022-07-25 11:21:00,6425,6425,6425,6425,0
2022-07-25 11:22:00,6425,6425,6425,6425,0
2022-07-25 11:23:00,6425,6425,6425,6425,0
2022-07-25 11:24:00,6425,6425,6425,6425,0
2022-07-25 11:25:00,6375,6375,6375,6375,100600
2022-07-25 11:26:00,6350,6350,6400,6375,7800
2022-07-25 11:27:00,6375,6375,6375,6375,200
2022-07-25 11:28:00,6375,6375,6375,6375,2500
2022-07-25 11:29:00,6375,6375,6375,6375,0
2022-07-25 11:30:00,6375,6375,6375,6375,0
2022-07-25 11:31:00,6375,6375,6375,6375,0
2022-07-25 11:32:00,6375,6375,6375,6375,0
2022-07-25 11:33:00,6375,6375,6375,6375,0
2022-07-25 11:34:00,6375,6375,6375,6375,0
2022-07-25 11:35:00,6375,6375,6375,6375,0
2022-07-25 11:36:00,6375,6375,6375,6375,0
2022-07-25 11:37:00,6375,6375,6375,6375,0
2022-07-25 11:38:00,6375,6375,6375,6375,0
2022-07-25 11:39:00,6375,6375,6375,6375,0
2022-07-25 11:40:00,6375,6375,6375,6375,0
2022-07-25 11:41:00,6375,6375,6375,6375,0
2022-07-25 11:42:00,6375,6375,6375,6375,0
2022-07-25 11:43:00,6375,6375,6375,6375,0
2022-07-25 11:44:00,6375,6375,6375,6375,0
2022-07-25 11:45:00,6375,6375,6375,6375,0
2022-07-25 11:46:00,6375,6375,6375,6375,0
2022-07-25 11:47:00,6375,6375,6375,6375,0
2022-07-25 11:48:00,6375,6375,6375,6375,0
2022-07-25 11:49:00,6375,6375,6375,6375,0
2022-07-25 11:50:00,6375,6375,6375,6375,0
2022-07-25 11:51:00,6375,6375,6375,6375,0
2022-07-25 11:52:00,6375,6375,6375,6375,0
2022-07-25 11:53:00,6375,6375,6375,6375,0
2022-07-25 11:54:00,6375,6375,6375,6375,0
2022-07-25 11:55:00,6375,6375,6375,6375,0
2022-07-25 11:56:00,6375,6375,6375,6375,0
2022-07-25 11:57:00,6375,6375,6375,6375,0
2022-07-25 11:58:00,6375,6375,6375,6375,0
2022-07-25 11:59:00,6375,6375,6375,6375,0
2022-07-25 12:00:00,6375,6375,6375,6375,0
2022-07-25 12:01:00,6375,6375,6375,6375,0
2022-07-25 12:02:00,6375,6375,6375,6375,0
2022-07-25 12:03:00,6375,6375,6375,6375,0
2022-07-25 12:04:00,6375,6375,6375,6375,0
2022-07-25 12:05:00,6375,6375,6375,6375,0
2022-07-25 12:06:00,6375,6375,6375,6375,0
2022-07-25 12:07:00,6375,6375,6375,6375,0
2022-07-25 12:08:00,6375,6375,6375,6375,0
2022-07-25 12:09:00,6375,6375,6375,6375,0
2022-07-25 12:10:00,6375,6375,6375,6375,0
2022-07-25 12:11:00,6375,6375,6375,6375,0
2022-07-25 12:12:00,6375,6375,6375,6375,0
2022-07-25 12:13:00,6375,6375,6375,6375,0
2022-07-25 12:14:00,6375,6375,6375,6375,0
2022-07-25 12:15:00,6375,6375,6375,6375,0
2022-07-25 12:16:00,6375,6375,6375,6375,0
2022-07-25 12:17:00,6375,6375,6375,6375,0
2022-07-25 12:18:00,6375,6375,6375,6375,0
2022-07-25 12:19:00,6375,6375,6375,6375,0
2022-07-25 12:20:00,6375,6375,6375,6375,0
2022-07-25 12:21:00,6375,6375,6375,6375,0
2022-07-25 12:22:00,6375,6375,6375,6375,0
2022-07-25 12:23:00,6375,6375,6375,6375,0
2022-07-25 12:24:00,6375,6375,6375,6375,0
2022-07-25 12:25:00,6375,6375,6375,6375,0
2022-07-25 12:26:00,6375,6375,6375,6375,0
2022-07-25 12:27:00,6375,6375,6375,6375,0
2022-07-25 12:28:00,6375,6375,6375,6375,0
2022-07-25 12:29:00,6375,6375,6375,6375,0
2022-07-25 12:30:00,6375,6375,6375,6375,0
2022-07-25 12:31:00,6375,6375,6375,6375,0
2022-07-25 12:32:00,6375,6375,6375,6375,0
2022-07-25 12:33:00,6375,6375,6375,6375,0
2022-07-25 12:34:00,6375,6375,6375,6375,0
2022-07-25 12:35:00,6375,6375,6375,6375,0
2022-07-25 12:36:00,6375,6375,6375,6375,0
2022-07-25 12:37:00,6375,6375,6375,6375,0
2022-07-25 12:38:00,6375,6375,6375,6375,0
2022-07-25 12:39:00,6375,6375,6375,6375,0
2022-07-25 12:40:00,6375,6375,6375,6375,0
2022-07-25 12:41:00,6375,6375,6375,6375,0
2022-07-25 12:42:00,6375,6375,6375,6375,0
2022-07-25 12:43:00,6375,6375,6375,6375,0
2022-07-25 12:44:00,6375,6375,6375,6375,0
2022-07-25 12:45:00,6375,6375,6375,6375,0
2022-07-25 12:46:00,6375,6375,6375,6375,0
2022-07-25 12:47:00,6375,6375,6375,6375,0
2022-07-25 12:48:00,6375,6375,6375,6375,0
2022-07-25 12:49:00,6375,6375,6375,6375,0
2022-07-25 12:50:00,6375,6375,6375,6375,0
2022-07-25 12:51:00,6375,6375,6375,6375,0
2022-07-25 12:52:00,6375,6375,6375,6375,0
2022-07-25 12:53:00,6375,6375,6375,6375,0
2022-07-25 12:54:00,6375,6375,6375,6375,0
2022-07-25 12:55:00,6375,6375,6375,6375,0
2022-07-25 12:56:00,6375,6375,6375,6375,0
2022-07-25 12:57:00,6375,6375,6375,6375,0
2022-07-25 12:58:00,6375,6375,6375,6375,0
2022-07-25 12:59:00,6375,6375,6375,6375,0
2022-07-25 13:00:00,6375,6375,6375,6375,0
2022-07-25 13:01:00,6375,6375,6375,6375,0
2022-07-25 13:02:00,6375,6375,6375,6375,0
2022-07-25 13:03:00,6375,6375,6375,6375,0
2022-07-25 13:04:00,6375,6375,6375,6375,0
2022-07-25 13:05:00,6375,6375,6375,6375,0
2022-07-25 13:06:00,6375,6375,6375,6375,0
2022-07-25 13:07:00,6375,6375,6375,6375,0
2022-07-25 13:08:00,6375,6375,6375,6375,0
2022-07-25 13:09:00,6375,6375,6375,6375,0
2022-07-25 13:10:00,6375,6375,6375,6375,0
2022-07-25 13:11:00,6375,6375,6375,6375,0
2022-07-25 13:12:00,6375,6375,6375,6375,0
2022-07-25 13:13:00,6375,6375,6375,6375,0
2022-07-25 13:14:00,6375,6375,6375,6375,0
2022-07-25 13:15:00,6375,6375,6375,6375,0
2022-07-25 13:16:00,6375,6375,6375,6375,0
2022-07-25 13:17:00,6375,6375,6375,6375,0
2022-07-25 13:18:00,6375,6375,6375,6375,0
2022-07-25 13:19:00,6375,6375,6375,6375,0
2022-07-25 13:20:00,6375,6375,6375,6375,0
2022-07-25 13:21:00,6375,6375,6375,6375,0
2022-07-25 13:22:00,6375,6375,6375,6375,0
2022-07-25 13:23:00,6375,6375,6375,6375,0
2022-07-25 13:24:00,6375,6375,6375,6375,0
2022-07-25 13:25:00,6375,6375,6375,6375,0
2022-07-25 13:26:00,6375,6375,6375,6375,0
2022-07-25 13:27:00,6375,6375,6375,6375,0
2022-07-25 13:28:00,6375,6375,6375,6375,0
2022-07-25 13:29:00,6375,6375,6375,6375,0
2022-07-25 13:30:00,6375,6375,6400,6375,8400
2022-07-25 13:31:00,6375,6375,6375,6375,2500
2022-07-25 13:32:00,6375,6375,6375,6375,0
2022-07-25 13:33:00,6375,6375,6375,6375,0
2022-07-25 13:34:00,6375,6375,6375,6375,0
2022-07-25 13:35:00,6375,6375,6375,6375,0
2022-07-25 13:36:00,6375,6375,6375,6375,0
2022-07-25 13:37:00,6375,6375,6375,6375,0
2022-07-25 13:38:00,6375,6375,6375,6375,0
2022-07-25 13:39:00,6375,6375,6375,6375,0
2022-07-25 13:40:00,6375,6375,6375,6375,0
2022-07-25 13:41:00,6375,6375,6375,6375,0
2022-07-25 13:42:00,6375,6375,6375,6375,0
2022-07-25 13:43:00,6375,6375,6400,6400,300
2022-07-25 13:44:00,6375,6375,6400,6400,0
2022-07-25 13:45:00,6375,6375,6400,6400,0
2022-07-25 13:46:00,6375,6375,6400,6400,0
2022-07-25 13:47:00,6375,6375,6400,6400,1200
2022-07-25 13:48:00,6400,6400,6400,6400,3600
2022-07-25 13:49:00,6400,6400,6400,6400,0
2022-07-25 13:50:00,6400,6400,6400,6400,0
2022-07-25 13:51:00,6400,6400,6400,6400,800
2022-07-25 13:52:00,6400,6400,6400,6400,0
2022-07-25 13:53:00,6400,6400,6400,6400,17000
2022-07-25 13:54:00,6400,6400,6400,6400,0
2022-07-25 13:55:00,6400,6400,6400,6400,900
2022-07-25 13:56:00,6400,6400,6400,6400,100
2022-07-25 13:57:00,6400,6400,6400,6400,0
2022-07-25 13:58:00,6400,6400,6400,6400,0
2022-07-25 13:59:00,6400,6400,6400,6400,0
2022-07-25 14:00:00,6400,6400,6400,6400,200
2022-07-25 14:01:00,6400,6400,6400,6400,0
2022-07-25 14:02:00,6400,6400,6400,6400,0
2022-07-25 14:03:00,6400,6400,6400,6400,700
2022-07-25 14:04:00,6400,6400,6400,6400,100
2022-07-25 14:05:00,6400,6400,6400,6400,200
2022-07-25 14:06:00,6400,6400,6400,6400,0
2022-07-25 14:07:00,6400,6400,6400,6400,2800
2022-07-25 14:08:00,6400,6400,6400,6400,0
2022-07-25 14:09:00,6400,6400,6400,6400,0
2022-07-25 14:10:00,6400,6400,6400,6400,0
2022-07-25 14:11:00,6400,6400,6400,6400,0
2022-07-25 14:12:00,6400,6400,6400,6400,0
2022-07-25 14:13:00,6400,6400,6400,6400,200
2022-07-25 14:14:00,6400,6400,6400,6400,0
2022-07-25 14:15:00,6400,6400,6400,6400,0
2022-07-25 14:16:00,6400,6400,6400,6400,0
2022-07-25 14:17:00,6375,6375,6375,6375,2000
2022-07-25 14:18:00,6400,6400,6400,6400,800
2022-07-25 14:19:00,6400,6400,6400,6400,11000
2022-07-25 14:20:00,6400,6400,6400,6400,300
2022-07-25 14:21:00,6400,6400,6400,6400,0
2022-07-25 14:22:00,6400,6400,6400,6400,5300
2022-07-25 14:23:00,6400,6400,6400,6400,0
2022-07-25 14:24:00,6375,6375,6375,6375,0
2022-07-25 14:25:00,6400,6400,6400,6400,200
2022-07-25 14:26:00,6400,6400,6400,6400,1900
2022-07-25 14:27:00,6400,6400,6400,6400,0
2022-07-25 14:28:00,6400,6400,6400,6400,0
2022-07-25 14:29:00,6400,6400,6400,6400,42200
2022-07-25 14:30:00,6400,6400,6400,6400,1600
2022-07-25 14:31:00,6400,6400,6400,6400,0
2022-07-25 14:32:00,6400,6400,6400,6400,20600
2022-07-25 14:33:00,6400,6400,6400,6400,0
2022-07-25 14:34:00,6400,6400,6400,6400,1900
2022-07-25 14:35:00,6400,6400,6400,6400,0
2022-07-25 14:36:00,6400,6400,6400,6400,0
2022-07-25 14:37:00,6400,6400,6400,6400,0
2022-07-25 14:38:00,6400,6400,6400,6400,2000
2022-07-25 14:39:00,6400,6400,6400,6400,200
2022-07-25 14:40:00,6400,6400,6425,6425,14500
2022-07-25 14:41:00,6400,6400,6425,6425,0
2022-07-25 14:42:00,6425,6425,6425,6425,12700
2022-07-25 14:43:00,6425,6425,6425,6425,0
2022-07-25 14:44:00,6425,6425,6425,6425,0
2022-07-25 14:45:00,6425,6425,6425,6425,0
2022-07-25 14:46:00,6425,6425,6425,6425,0
2022-07-25 14:47:00,6425,6425,6425,6425,0
2022-07-25 14:48:00,6425,6425,6425,6425,0
2022-07-25 14:49:00,6400,6400,6400,6400,4000
2022-07-25 14:50:00,6400,6400,6400,6400,0
2022-07-25 14:51:00,6400,6400,6400,6400,0
2022-07-25 14:52:00,6400,6400,6400,6400,0
2022-07-25 14:53:00,6400,6400,6400,6400,0
2022-07-25 14:54:00,6400,6400,6400,6400,0
2022-07-25 14:55:00,6400,6400,6400,6400,0
2022-07-25 14:56:00,6400,6400,6400,6400,0
2022-07-25 14:57:00,6400,6400,6400,6400,0
2022-07-25 14:58:00,6400,6400,6400,6400,0
2022-07-25 14:59:00,6400,6400,6400,6400,0
2022-07-25 15:00:00,6400,6400,6400,6400,68000
2022-07-25 15:01:00,6400,6400,6400,6400,50900
2022-07-25 15:02:00,6400,6400,6400,6400,0
2022-07-25 15:03:00,6400,6400,6400,6400,19800
2022-07-25 15:04:00,6400,6400,6400,6400,0
2022-07-25 15:05:00,6400,6400,6400,6400,0
2022-07-25 15:06:00,6400,6400,6400,6400,1900
2022-07-25 15:07:00,6400,6400,6400,6400,0
2022-07-25 15:08:00,6400,6400,6400,6400,0
2022-07-25 15:09:00,6400,6400,6400,6400,10000
2022-07-25 15:10:00,6400,6400,6400,6400,0
2022-07-25 15:11:00,6400,6400,6400,6400,0
2022-07-25 15:12:00,6400,6400,6400,6400,0
2022-07-25 15:13:00,6400,6400,6400,6400,0
2022-07-25 15:14:00,6400,6400,6400,6400,0
2022-07-25 15:15:00,6400,6400,6400,6400,0
2022-07-25 15:16:00,6400,6400,6400,6400,0
2022-07-25 15:17:00,6400,6400,6400,6400,0
2022-07-25 15:18:00,6400,6400,6400,6400,0
2022-07-25 15:19:00,6400,6400,6400,6400,0
2022-07-25 15:20:00,6400,6400,6400,6400,0
2022-07-25 15:21:00,6400,6400,6400,6400,0
2022-07-25 15:22:00,6400,6400,6400,6400,0
2022-07-25 15:23:00,6400,6400,6400,6400,0
2022-07-25 15:24:00,6400,6400,6400,6400,0
2022-07-25 15:25:00,6400,6400,6400,6400,0
2022-07-25 15:26:00,6400,6400,6400,6400,0
2022-07-25 15:27:00,6400,6400,6400,6400,0
2022-07-25 15:28:00,6400,6400,6400,6400,0
2022-07-25 15:29:00,6400,6400,6400,6400,0
2022-07-25 15:30:00,6400,6400,6400,6400,0
2022-07-25 15:31:00,6400,6400,6400,6400,0
2022-07-25 15:32:00,6400,6400,6400,6400,0
2022-07-25 15:33:00,6400,6400,6400,6400,0
2022-07-25 15:34:00,6400,6400,6400,6400,0
2022-07-25 15:35:00,6400,6400,6400,6400,0
2022-07-25 15:36:00,6400,6400,6400,6400,0
2022-07-25 15:37:00,6400,6400,6400,6400,0
2022-07-25 15:38:00,6400,6400,6400,6400,0
2022-07-25 15:39:00,6400,6400,6400,6400,0
2022-07-25 15:40:00,6400,6400,6400,6400,0
2022-07-25 15:41:00,6400,6400,6400,6400,0
2022-07-25 15:42:00,6400,6400,6400,6400,0
2022-07-25 15:43:00,6400,6400,6400,6400,0
2022-07-25 15:44:00,6400,6400,6400,6400,0
2022-07-25 15:45:00,6400,6400,6400,6400,0
2022-07-25 15:46:00,6400,6400,6400,6400,0
2022-07-25 15:47:00,6400,6400,6400,6400,0
2022-07-25 15:48:00,6400,6400,6400,6400,0
2022-07-25 15:49:00,6400,6400,6400,6400,0
2022-07-25 15:50:00,6400,6400,6400,6400,0
2022-07-25 15:51:00,6400,6400,6400,6400,0
2022-07-25 15:52:00,6400,6400,6400,6400,0
2022-07-25 15:53:00,6400,6400,6400,6400,0
2022-07-25 15:54:00,6400,6400,6400,6400,0
2022-07-25 15:55:00,6400,6400,6400,6400,0
2022-07-25 15:56:00,6400,6400,6400,6400,0
2022-07-25 15:57:00,6400,6400,6400,6400,0
2022-07-25 15:58:00,6400,6400,6400,6400,0
2022-07-25 15:59:00,6400,6400,6400,6400,0
2022-07-26 09:00:00,6375,6375,6400,6400,10600
2022-07-26 09:01:00,6425,6425,6450,6425,39600
2022-07-26 09:02:00,6425,6425,6425,6425,2400
2022-07-26 09:03:00,6400,6400,6400,6400,4800
2022-07-26 09:04:00,6400,6400,6400,6400,0
2022-07-26 09:05:00,6400,6400,6400,6400,0
2022-07-26 09:06:00,6400,6400,6425,6425,5300
2022-07-26 09:07:00,6425,6425,6425,6425,9900
2022-07-26 09:08:00,6400,6400,6400,6400,1100
2022-07-26 09:09:00,6400,6400,6425,6425,0
2022-07-26 09:10:00,6425,6425,6425,6425,2400
2022-07-26 09:11:00,6425,6425,6425,6425,0
2022-07-26 09:12:00,6425,6425,6425,6425,400
2022-07-26 09:13:00,6400,6400,6400,6400,89700
2022-07-26 09:14:00,6375,6375,6400,6400,1000
2022-07-26 09:15:00,6375,6375,6400,6400,1900
2022-07-26 09:16:00,6375,6375,6375,6375,1000
2022-07-26 09:17:00,6375,6375,6400,6375,6200
2022-07-26 09:18:00,6375,6375,6400,6375,48100
2022-07-26 09:19:00,6375,6350,6375,6375,45700
2022-07-26 09:20:00,6350,6350,6375,6375,6300
2022-07-26 09:21:00,6375,6350,6375,6350,6800
2022-07-26 09:22:00,6350,6350,6375,6350,16100
2022-07-26 09:23:00,6350,6350,6350,6350,9900
2022-07-26 09:24:00,6350,6325,6350,6325,27800
2022-07-26 09:25:00,6325,6325,6325,6325,19800
2022-07-26 09:26:00,6325,6325,6350,6325,6700
2022-07-26 09:27:00,6325,6325,6350,6325,6300
2022-07-26 09:28:00,6325,6325,6350,6350,8600
2022-07-26 09:29:00,6325,6300,6325,6325,77200
2022-07-26 09:30:00,6300,6300,6350,6325,17600
2022-07-26 09:31:00,6325,6300,6350,6325,6900
2022-07-26 09:32:00,6325,6325,6350,6325,10500
2022-07-26 09:33:00,6325,6325,6350,6325,14100
2022-07-26 09:34:00,6325,6325,6325,6325,6100
2022-07-26 09:35:00,6325,6325,6375,6375,12600
2022-07-26 09:36:00,6350,6325,6350,6325,4200
2022-07-26 09:37:00,6325,6325,6350,6325,7300
2022-07-26 09:38:00,6350,6325,6350,6325,5100
2022-07-26 09:39:00,6325,6325,6350,6350,7800
2022-07-26 09:40:00,6325,6325,6350,6325,4900
2022-07-26 09:41:00,6325,6325,6350,6325,10100
2022-07-26 09:42:00,6325,6325,6350,6325,6200
2022-07-26 09:43:00,6325,6325,6350,6350,17500
2022-07-26 09:44:00,6325,6325,6325,6325,6000
2022-07-26 09:45:00,6325,6325,6350,6325,7600
2022-07-26 09:46:00,6325,6325,6325,6325,5100
2022-07-26 09:47:00,6325,6325,6350,6350,1600
2022-07-26 09:48:00,6350,6350,6350,6350,5800
2022-07-26 09:49:00,6350,6350,6350,6350,2300
2022-07-26 09:50:00,6350,6350,6350,6350,400
2022-07-26 09:51:00,6325,6325,6350,6350,4100
2022-07-26 09:52:00,6350,6350,6350,6350,3300
2022-07-26 09:53:00,6350,6350,6350,6350,900
2022-07-26 09:54:00,6325,6325,6325,6325,1000
2022-07-26 09:55:00,6350,6325,6350,6325,2300
2022-07-26 09:56:00,6350,6325,6350,6325,159000
2022-07-26 09:57:00,6325,6325,6325,6325,2900
2022-07-26 09:58:00,6325,6325,6325,6325,11700
2022-07-26 09:59:00,6325,6325,6325,6325,7300
2022-07-26 10:00:00,6325,6300,6325,6300,51800
2022-07-26 10:01:00,6300,6300,6300,6300,155300
2022-07-26 10:02:00,6300,6300,6300,6300,3200
2022-07-26 10:03:00,6300,6300,6300,6300,10300
2022-07-26 10:04:00,6300,6300,6300,6300,6600
2022-07-26 10:05:00,6300,6275,6300,6275,85700
2022-07-26 10:06:00,6275,6275,6275,6275,15800
2022-07-26 10:07:00,6300,6300,6300,6300,0
2022-07-26 10:08:00,6300,6300,6300,6300,2900
2022-07-26 10:09:00,6275,6275,6300,6300,1400
2022-07-26 10:10:00,6275,6275,6275,6275,31500
2022-07-26 10:11:00,6275,6250,6275,6275,25700
2022-07-26 10:12:00,6275,6275,6275,6275,16700
2022-07-26 10:13:00,6275,6250,6275,6275,6300
2022-07-26 10:14:00,6250,6250,6275,6275,13100
2022-07-26 10:15:00,6275,6275,6300,6300,0
2022-07-26 10:16:00,6300,6300,6300,6300,2200
2022-07-26 10:17:00,6300,6300,6300,6300,3100
2022-07-26 10:18:00,6300,6300,6300,6300,1900
2022-07-26 10:19:00,6300,6300,6300,6300,2400
2022-07-26 10:20:00,6300,6300,6300,6300,3100
2022-07-26 10:21:00,6300,6300,6300,6300,800
2022-07-26 10:22:00,6275,6275,6300,6300,68600
2022-07-26 10:23:00,6275,6275,6275,6275,20100
2022-07-26 10:24:00,6275,6275,6275,6275,13500
2022-07-26 10:25:00,6275,6275,6300,6300,2900
2022-07-26 10:26:00,6300,6300,6300,6300,0
2022-07-26 10:27:00,6300,6275,6300,6275,1100
2022-07-26 10:28:00,6300,6275,6300,6300,2800
2022-07-26 10:29:00,6300,6275,6300,6300,0
2022-07-26 10:30:00,6300,6300,6300,6300,40900
2022-07-26 10:31:00,6300,6300,6300,6300,0
2022-07-26 10:32:00,6300,6300,6300,6300,1900
2022-07-26 10:33:00,6300,6300,6300,6300,2000
2022-07-26 10:34:00,6275,6275,6275,6275,4900
2022-07-26 10:35:00,6275,6275,6300,6300,0
2022-07-26 10:36:00,6300,6300,6300,6300,4700
2022-07-26 10:37:00,6275,6275,6300,6300,900
2022-07-26 10:38:00,6300,6300,6300,6300,2200
2022-07-26 10:39:00,6300,6300,6300,6300,700
2022-07-26 10:40:00,6300,6300,6300,6300,3400
2022-07-26 10:41:00,6300,6300,6300,6300,0
2022-07-26 10:42:00,6300,6300,6300,6300,0
2022-07-26 10:43:00,6300,6300,6300,6300,2800
2022-07-26 10:44:00,6300,6300,6300,6300,0
2022-07-26 10:45:00,6300,6300,6300,6300,600
2022-07-26 10:46:00,6300,6300,6300,6300,3000
2022-07-26 10:47:00,6300,6275,6300,6275,4400
2022-07-26 10:48:00,6300,6300,6300,6300,0
2022-07-26 10:49:00,6300,6300,6300,6300,0
2022-07-26 10:50:00,6300,6275,6300,6275,4300
2022-07-26 10:51:00,6275,6275,6275,6275,700
2022-07-26 10:52:00,6300,6300,6300,6300,400
2022-07-26 10:53:00,6300,6275,6300,6300,14100
2022-07-26 10:54:00,6275,6275,6275,6275,10900
2022-07-26 10:55:00,6275,6275,6275,6275,400
2022-07-26 10:56:00,6275,6275,6300,6300,2500
2022-07-26 10:57:00,6300,6300,6300,6300,800
2022-07-26 10:58:00,6300,6300,6300,6300,51400
2022-07-26 10:59:00,6275,6275,6300,6275,52500
2022-07-26 11:00:00,6300,6300,6300,6300,0
2022-07-26 11:01:00,6300,6300,6300,6300,0
2022-07-26 11:02:00,6300,6300,6300,6300,2600
2022-07-26 11:03:00,6300,6275,6300,6300,2200
2022-07-26 11:04:00,6300,6300,6300,6300,0
2022-07-26 11:05:00,6300,6300,6300,6300,3200
2022-07-26 11:06:00,6300,6300,6300,6300,0
2022-07-26 11:07:00,6300,6300,6300,6300,1400
2022-07-26 11:08:00,6275,6275,6300,6300,11900
2022-07-26 11:09:00,6300,6300,6300,6300,600
2022-07-26 11:10:00,6300,6300,6300,6300,4300
2022-07-26 11:11:00,6300,6300,6300,6300,0
2022-07-26 11:12:00,6300,6300,6300,6300,2400
2022-07-26 11:13:00,6300,6300,6300,6300,800
2022-07-26 11:14:00,6300,6300,6300,6300,79200
2022-07-26 11:15:00,6300,6300,6300,6300,22900
2022-07-26 11:16:00,6300,6300,6300,6300,1300
2022-07-26 11:17:00,6300,6300,6300,6300,200
2022-07-26 11:18:00,6300,6300,6300,6300,6500
2022-07-26 11:19:00,6300,6300,6300,6300,0
2022-07-26 11:20:00,6300,6300,6325,6325,15900
2022-07-26 11:21:00,6325,6325,6325,6325,1000
2022-07-26 11:22:00,6325,6300,6325,6300,10100
2022-07-26 11:23:00,6325,6325,6325,6325,0
2022-07-26 11:24:00,6325,6325,6325,6325,0
2022-07-26 11:25:00,6325,6325,6325,6325,2800
2022-07-26 11:26:00,6325,6325,6325,6325,0
2022-07-26 11:27:00,6325,6325,6325,6325,1600
2022-07-26 11:28:00,6325,6325,6325,6325,1300
2022-07-26 11:29:00,6325,6300,6325,6300,1700
2022-07-26 11:30:00,6325,6300,6325,6300,0
2022-07-26 11:31:00,6325,6300,6325,6300,0
2022-07-26 11:32:00,6325,6300,6325,6300,0
2022-07-26 11:33:00,6325,6300,6325,6300,0
2022-07-26 11:34:00,6325,6300,6325,6300,0
2022-07-26 11:35:00,6325,6300,6325,6300,0
2022-07-26 11:36:00,6325,6300,6325,6300,0
2022-07-26 11:37:00,6325,6300,6325,6300,0
2022-07-26 11:38:00,6325,6300,6325,6300,0
2022-07-26 11:39:00,6325,6300,6325,6300,0
2022-07-26 11:40:00,6325,6300,6325,6300,0
2022-07-26 11:41:00,6325,6300,6325,6300,0
2022-07-26 11:42:00,6325,6300,6325,6300,0
2022-07-26 11:43:00,6325,6300,6325,6300,0
2022-07-26 11:44:00,6325,6300,6325,6300,0
2022-07-26 11:45:00,6325,6300,6325,6300,0
2022-07-26 11:46:00,6325,6300,6325,6300,0
2022-07-26 11:47:00,6325,6300,6325,6300,0
2022-07-26 11:48:00,6325,6300,6325,6300,0
2022-07-26 11:49:00,6325,6300,6325,6300,0
2022-07-26 11:50:00,6325,6300,6325,6300,0
2022-07-26 11:51:00,6325,6300,6325,6300,0
2022-07-26 11:52:00,6325,6300,6325,6300,0
2022-07-26 11:53:00,6325,6300,6325,6300,0
2022-07-26 11:54:00,6325,6300,6325,6300,0
2022-07-26 11:55:00,6325,6300,6325,6300,0
2022-07-26 11:56:00,6325,6300,6325,6300,0
2022-07-26 11:57:00,6325,6300,6325,6300,0
2022-07-26 11:58:00,6325,6300,6325,6300,0
2022-07-26 11:59:00,6325,6300,6325,6300,0
2022-07-26 12:00:00,6325,6300,6325,6300,0
2022-07-26 12:01:00,6325,6300,6325,6300,0
2022-07-26 12:02:00,6325,6300,6325,6300,0
2022-07-26 12:03:00,6325,6300,6325,6300,0
2022-07-26 12:04:00,6325,6300,6325,6300,0
2022-07-26 12:05:00,6325,6300,6325,6300,0
2022-07-26 12:06:00,6325,6300,6325,6300,0
2022-07-26 12:07:00,6325,6300,6325,6300,0
2022-07-26 12:08:00,6325,6300,6325,6300,0
2022-07-26 12:09:00,6325,6300,6325,6300,0
2022-07-26 12:10:00,6325,6300,6325,6300,0
2022-07-26 12:11:00,6325,6300,6325,6300,0
2022-07-26 12:12:00,6325,6300,6325,6300,0
2022-07-26 12:13:00,6325,6300,6325,6300,0
2022-07-26 12:14:00,6325,6300,6325,6300,0
2022-07-26 12:15:00,6325,6300,6325,6300,0
2022-07-26 12:16:00,6325,6300,6325,6300,0
2022-07-26 12:17:00,6325,6300,6325,6300,0
2022-07-26 12:18:00,6325,6300,6325,6300,0
2022-07-26 12:19:00,6325,6300,6325,6300,0
2022-07-26 12:20:00,6325,6300,6325,6300,0
2022-07-26 12:21:00,6325,6300,6325,6300,0
2022-07-26 12:22:00,6325,6300,6325,6300,0
2022-07-26 12:23:00,6325,6300,6325,6300,0
2022-07-26 12:24:00,6325,6300,6325,6300,0
2022-07-26 12:25:00,6325,6300,6325,6300,0
2022-07-26 12:26:00,6325,6300,6325,6300,0
2022-07-26 12:27:00,6325,6300,6325,6300,0
2022-07-26 12:28:00,6325,6300,6325,6300,0
2022-07-26 12:29:00,6325,6300,6325,6300,0
2022-07-26 12:30:00,6325,6300,6325,6300,0
2022-07-26 12:31:00,6325,6300,6325,6300,0
2022-07-26 12:32:00,6325,6300,6325,6300,0
2022-07-26 12:33:00,6325,6300,6325,6300,0
2022-07-26 12:34:00,6325,6300,6325,6300,0
2022-07-26 12:35:00,6325,6300,6325,6300,0
2022-07-26 12:36:00,6325,6300,6325,6300,0
2022-07-26 12:37:00,6325,6300,6325,6300,0
2022-07-26 12:38:00,6325,6300,6325,6300,0
2022-07-26 12:39:00,6325,6300,6325,6300,0
2022-07-26 12:40:00,6325,6300,6325,6300,0
2022-07-26 12:41:00,6325,6300,6325,6300,0
2022-07-26 12:42:00,6325,6300,6325,6300,0
2022-07-26 12:43:00,6325,6300,6325,6300,0
2022-07-26 12:44:00,6325,6300,6325,6300,0
2022-07-26 12:45:00,6325,6300,6325,6300,0
2022-07-26 12:46:00,6325,6300,6325,6300,0
2022-07-26 12:47:00,6325,6300,6325,6300,0
2022-07-26 12:48:00,6325,6300,6325,6300,0
2022-07-26 12:49:00,6325,6300,6325,6300,0
2022-07-26 12:50:00,6325,6300,6325,6300,0
2022-07-26 12:51:00,6325,6300,6325,6300,0
2022-07-26 12:52:00,6325,6300,6325,6300,0
2022-07-26 12:53:00,6325,6300,6325,6300,0
2022-07-26 12:54:00,6325,6300,6325,6300,0
2022-07-26 12:55:00,6325,6300,6325,6300,0
2022-07-26 12:56:00,6325,6300,6325,6300,0
2022-07-26 12:57:00,6325,6300,6325,6300,0
2022-07-26 12:58:00,6325,6300,6325,6300,0
2022-07-26 12:59:00,6325,6300,6325,6300,0
2022-07-26 13:00:00,6325,6300,6325,6300,0
2022-07-26 13:01:00,6325,6300,6325,6300,0
2022-07-26 13:02:00,6325,6300,6325,6300,0
2022-07-26 13:03:00,6325,6300,6325,6300,0
2022-07-26 13:04:00,6325,6300,6325,6300,0
2022-07-26 13:05:00,6325,6300,6325,6300,0
2022-07-26 13:06:00,6325,6300,6325,6300,0
2022-07-26 13:07:00,6325,6300,6325,6300,0
2022-07-26 13:08:00,6325,6300,6325,6300,0
2022-07-26 13:09:00,6325,6300,6325,6300,0
2022-07-26 13:10:00,6325,6300,6325,6300,0
2022-07-26 13:11:00,6325,6300,6325,6300,0
2022-07-26 13:12:00,6325,6300,6325,6300,0
2022-07-26 13:13:00,6325,6300,6325,6300,0
2022-07-26 13:14:00,6325,6300,6325,6300,0
2022-07-26 13:15:00,6325,6300,6325,6300,0
2022-07-26 13:16:00,6325,6300,6325,6300,0
2022-07-26 13:17:00,6325,6300,6325,6300,0
2022-07-26 13:18:00,6325,6300,6325,6300,0
2022-07-26 13:19:00,6325,6300,6325,6300,0
2022-07-26 13:20:00,6325,6300,6325,6300,0
2022-07-26 13:21:00,6325,6300,6325,6300,0
2022-07-26 13:22:00,6325,6300,6325,6300,0
2022-07-26 13:23:00,6325,6300,6325,6300,0
2022-07-26 13:24:00,6325,6300,6325,6300,0
2022-07-26 13:25:00,6325,6300,6325,6300,0
2022-07-26 13:26:00,6325,6300,6325,6300,0
2022-07-26 13:27:00,6325,6300,6325,6300,0
2022-07-26 13:28:00,6325,6300,6325,6300,0
2022-07-26 13:29:00,6325,6300,6325,6300,0
2022-07-26 13:30:00,6300,6300,6325,6300,8800
2022-07-26 13:31:00,6300,6300,6325,6300,0
2022-07-26 13:32:00,6300,6300,6325,6325,1600
2022-07-26 13:33:00,6300,6300,6325,6325,0
2022-07-26 13:34:00,6325,6325,6325,6325,2800
2022-07-26 13:35:00,6325,6325,6325,6325,4000
2022-07-26 13:36:00,6325,6325,6325,6325,0
2022-07-26 13:37:00,6325,6325,6325,6325,2500
2022-07-26 13:38:00,6325,6325,6325,6325,1000
2022-07-26 13:39:00,6325,6325,6325,6325,0
2022-07-26 13:40:00,6325,6300,6325,6300,2200
2022-07-26 13:41:00,6325,6325,6325,6325,1600
2022-07-26 13:42:00,6325,6325,6325,6325,0
2022-07-26 13:43:00,6325,6325,6325,6325,7600
2022-07-26 13:44:00,6325,6325,6325,6325,0
2022-07-26 13:45:00,6325,6325,6325,6325,2200
2022-07-26 13:46:00,6325,6325,6325,6325,0
2022-07-26 13:47:00,6325,6325,6325,6325,4500
2022-07-26 13:48:00,6325,6325,6325,6325,0
2022-07-26 13:49:00,6300,6300,6300,6300,100
2022-07-26 13:50:00,6325,6300,6325,6300,2700
2022-07-26 13:51:00,6325,6325,6325,6325,0
2022-07-26 13:52:00,6325,6325,6325,6325,3000
2022-07-26 13:53:00,6325,6300,6325,6300,200
2022-07-26 13:54:00,6325,6325,6325,6325,1900
2022-07-26 13:55:00,6300,6300,6325,6325,1400
2022-07-26 13:56:00,6325,6325,6325,6325,1300
2022-07-26 13:57:00,6325,6300,6325,6300,1600
2022-07-26 13:58:00,6300,6300,6325,6325,19400
2022-07-26 13:59:00,6300,6300,6325,6325,0
2022-07-26 14:00:00,6325,6300,6325,6300,4300
2022-07-26 14:01:00,6300,6300,6300,6300,21700
2022-07-26 14:02:00,6300,6300,6300,6300,0
2022-07-26 14:03:00,6325,6325,6325,6325,800
2022-07-26 14:04:00,6325,6325,6325,6325,0
2022-07-26 14:05:00,6325,6325,6325,6325,300
2022-07-26 14:06:00,6325,6325,6325,6325,0
2022-07-26 14:07:00,6325,6325,6325,6325,3000
2022-07-26 14:08:00,6300,6300,6300,6300,0
2022-07-26 14:09:00,6300,6300,6325,6325,3000
2022-07-26 14:10:00,6325,6300,6325,6325,24600
2022-07-26 14:11:00,6300,6300,6325,6300,11600
2022-07-26 14:12:00,6300,6300,6300,6300,8200
2022-07-26 14:13:00,6300,6300,6300,6300,0
2022-07-26 14:14:00,6325,6325,6350,6350,6700
2022-07-26 14:15:00,6325,6325,6350,6325,15500
2022-07-26 14:16:00,6325,6300,6325,6325,4900
2022-07-26 14:17:00,6325,6325,6325,6325,0
2022-07-26 14:18:00,6325,6325,6350,6325,2400
2022-07-26 14:19:00,6325,6325,6350,6325,0
2022-07-26 14:20:00,6325,6325,6325,6325,2700
2022-07-26 14:21:00,6325,6325,6325,6325,0
2022-07-26 14:22:00,6300,6300,6325,6325,2300
2022-07-26 14:23:00,6300,6300,6325,6325,0
2022-07-26 14:24:00,6325,6325,6325,6325,2200
2022-07-26 14:25:00,6300,6300,6325,6325,3400
2022-07-26 14:26:00,6325,6325,6325,6325,2600
2022-07-26 14:27:00,6300,6300,6325,6300,12200
2022-07-26 14:28:00,6300,6300,6325,6300,0
2022-07-26 14:29:00,6325,6325,6325,6325,2500
2022-07-26 14:30:00,6325,6325,6350,6350,1700
2022-07-26 14:31:00,6325,6325,6325,6325,400
2022-07-26 14:32:00,6325,6325,6350,6350,2400
2022-07-26 14:33:00,6300,6300,6300,6300,2000
2022-07-26 14:34:00,6300,6300,6300,6300,0
2022-07-26 14:35:00,6325,6325,6350,6350,2700
2022-07-26 14:36:00,6325,6325,6325,6325,0
2022-07-26 14:37:00,6325,6325,6325,6325,9400
2022-07-26 14:38:00,6325,6325,6325,6325,0
2022-07-26 14:39:00,6300,6300,6325,6325,5800
2022-07-26 14:40:00,6300,6300,6325,6325,0
2022-07-26 14:41:00,6300,6300,6325,6325,0
2022-07-26 14:42:00,6325,6300,6325,6300,9000
2022-07-26 14:43:00,6325,6300,6325,6300,0
2022-07-26 14:44:00,6325,6325,6325,6325,9500
2022-07-26 14:45:00,6325,6325,6350,6325,10300
2022-07-26 14:46:00,6325,6325,6350,6325,0
2022-07-26 14:47:00,6325,6325,6350,6325,4000
2022-07-26 14:48:00,6325,6325,6325,6325,0
2022-07-26 14:49:00,6350,6350,6350,6350,3300
2022-07-26 14:50:00,6350,6350,6350,6350,0
2022-07-26 14:51:00,6350,6350,6350,6350,0
2022-07-26 14:52:00,6350,6350,6350,6350,0
2022-07-26 14:53:00,6350,6350,6350,6350,0
2022-07-26 14:54:00,6350,6350,6350,6350,0
2022-07-26 14:55:00,6350,6350,6350,6350,0
2022-07-26 14:56:00,6350,6350,6350,6350,0
2022-07-26 14:57:00,6350,6350,6350,6350,0
2022-07-26 14:58:00,6350,6350,6350,6350,0
2022-07-26 14:59:00,6350,6350,6350,6350,0
2022-07-26 15:00:00,6325,6325,6325,6325,74500
2022-07-26 15:01:00,6325,6325,6325,6325,10400
2022-07-26 15:02:00,6325,6325,6325,6325,2400
2022-07-26 15:03:00,6325,6325,6325,6325,2400
2022-07-26 15:04:00,6325,6325,6325,6325,0
2022-07-26 15:05:00,6325,6325,6325,6325,0
2022-07-26 15:06:00,6325,6325,6325,6325,1700
2022-07-26 15:07:00,6325,6325,6325,6325,0
2022-07-26 15:08:00,6325,6325,6325,6325,0
2022-07-26 15:09:00,6325,6325,6325,6325,0
2022-07-26 15:10:00,6325,6325,6325,6325,0
2022-07-26 15:11:00,6325,6325,6325,6325,0
2022-07-26 15:12:00,6325,6325,6325,6325,0
2022-07-26 15:13:00,6325,6325,6325,6325,0
2022-07-26 15:14:00,6325,6325,6325,6325,0
2022-07-26 15:15:00,6325,6325,6325,6325,0
2022-07-26 15:16:00,6325,6325,6325,6325,0
2022-07-26 15:17:00,6325,6325,6325,6325,0
2022-07-26 15:18:00,6325,6325,6325,6325,0
2022-07-26 15:19:00,6325,6325,6325,6325,0
2022-07-26 15:20:00,6325,6325,6325,6325,0
2022-07-26 15:21:00,6325,6325,6325,6325,0
2022-07-26 15:22:00,6325,6325,6325,6325,0
2022-07-26 15:23:00,6325,6325,6325,6325,0
2022-07-26 15:24:00,6325,6325,6325,6325,0
2022-07-26 15:25:00,6325,6325,6325,6325,0
2022-07-26 15:26:00,6325,6325,6325,6325,0
2022-07-26 15:27:00,6325,6325,6325,6325,0
2022-07-26 15:28:00,6325,6325,6325,6325,0
2022-07-26 15:29:00,6325,6325,6325,6325,0
2022-07-26 15:30:00,6325,6325,6325,6325,0
2022-07-26 15:31:00,6325,6325,6325,6325,0
2022-07-26 15:32:00,6325,6325,6325,6325,0
2022-07-26 15:33:00,6325,6325,6325,6325,0
2022-07-26 15:34:00,6325,6325,6325,6325,0
2022-07-26 15:35:00,6325,6325,6325,6325,0
2022-07-26 15:36:00,6325,6325,6325,6325,0
2022-07-26 15:37:00,6325,6325,6325,6325,0
2022-07-26 15:38:00,6325,6325,6325,6325,0
2022-07-26 15:39:00,6325,6325,6325,6325,0
2022-07-26 15:40:00,6325,6325,6325,6325,0
2022-07-26 15:41:00,6325,6325,6325,6325,0
2022-07-26 15:42:00,6325,6325,6325,6325,0
2022-07-26 15:43:00,6325,6325,6325,6325,0
2022-07-26 15:44:00,6325,6325,6325,6325,0
2022-07-26 15:45:00,6325,6325,6325,6325,0
2022-07-26 15:46:00,6325,6325,6325,6325,0
2022-07-26 15:47:00,6325,6325,6325,6325,0
2022-07-26 15:48:00,6325,6325,6325,6325,0
2022-07-26 15:49:00,6325,6325,6325,6325,0
2022-07-26 15:50:00,6325,6325,6325,6325,0
2022-07-26 15:51:00,6325,6325,6325,6325,0
2022-07-26 15:52:00,6325,6325,6325,6325,0
2022-07-26 15:53:00,6325,6325,6325,6325,0
2022-07-26 15:54:00,6325,6325,6325,6325,0
2022-07-26 15:55:00,6325,6325,6325,6325,0
2022-07-26 15:56:00,6325,6325,6325,6325,0
2022-07-26 15:57:00,6325,6325,6325,6325,0
2022-07-26 15:58:00,6325,6325,6325,6325,0
2022-07-26 15:59:00,6325,6325,6325,6325,0
2022-07-27 09:00:00,6300,6300,6350,6350,13900
2022-07-27 09:01:00,6350,6350,6350,6350,100
2022-07-27 09:02:00,6350,6350,6350,6350,21600
2022-07-27 09:03:00,6350,6350,6350,6350,2500
2022-07-27 09:04:00,6350,6350,6350,6350,3200
2022-07-27 09:05:00,6350,6350,6375,6375,7800
2022-07-27 09:06:00,6375,6350,6375,6350,77200
2022-07-27 09:07:00,6325,6300,6325,6300,0
2022-07-27 09:08:00,6300,6300,6325,6300,5600
2022-07-27 09:09:00,6300,6300,6300,6300,45000
2022-07-27 09:10:00,6300,6275,6325,6325,20000
2022-07-27 09:11:00,6300,6275,6300,6275,11000
2022-07-27 09:12:00,6275,6275,6325,6275,7300
2022-07-27 09:13:00,6275,6275,6300,6300,13900
2022-07-27 09:14:00,6300,6300,6300,6300,7600
2022-07-27 09:15:00,6300,6300,6300,6300,12100
2022-07-27 09:16:00,6300,6300,6325,6300,8200
2022-07-27 09:17:00,6300,6275,6300,6300,15900
2022-07-27 09:18:00,6300,6275,6300,6300,7200
2022-07-27 09:19:00,6300,6300,6300,6300,6800
2022-07-27 09:20:00,6300,6300,6300,6300,12700
2022-07-27 09:21:00,6275,6275,6300,6300,6100
2022-07-27 09:22:00,6275,6275,6300,6300,15200
2022-07-27 09:23:00,6300,6300,6300,6300,8400
2022-07-27 09:24:00,6300,6300,6300,6300,7100
2022-07-27 09:25:00,6300,6300,6300,6300,11600
2022-07-27 09:26:00,6300,6300,6300,6300,5400
2022-07-27 09:27:00,6275,6275,6300,6300,13900
2022-07-27 09:28:00,6275,6275,6275,6275,10100
2022-07-27 09:29:00,6275,6275,6300,6275,7500
2022-07-27 09:30:00,6275,6275,6300,6275,5300
2022-07-27 09:31:00,6275,6275,6300,6300,15500
2022-07-27 09:32:00,6300,6300,6300,6300,6700
2022-07-27 09:33:00,6300,6275,6300,6300,8000
2022-07-27 09:34:00,6300,6275,6300,6275,8600
2022-07-27 09:35:00,6275,6275,6300,6275,7000
2022-07-27 09:36:00,6275,6275,6300,6300,7500
2022-07-27 09:37:00,6300,6275,6300,6300,1000
2022-07-27 09:38:00,6300,6275,6300,6300,0
2022-07-27 09:39:00,6300,6300,6300,6300,200
2022-07-27 09:40:00,6300,6300,6300,6300,0
2022-07-27 09:41:00,6300,6300,6300,6300,500
2022-07-27 09:42:00,6300,6300,6300,6300,2100
2022-07-27 09:43:00,6325,6300,6325,6300,5100
2022-07-27 09:44:00,6325,6300,6325,6300,0
2022-07-27 09:45:00,6300,6300,6300,6300,10000
2022-07-27 09:46:00,6300,6300,6300,6300,0
2022-07-27 09:47:00,6300,6300,6300,6300,0
2022-07-27 09:48:00,6300,6300,6300,6300,0
2022-07-27 09:49:00,6275,6275,6275,6275,10000
2022-07-27 09:50:00,6300,6300,6300,6300,0
2022-07-27 09:51:00,6300,6300,6300,6300,6300
2022-07-27 09:52:00,6275,6275,6275,6275,0
2022-07-27 09:53:00,6275,6275,6275,6275,0
2022-07-27 09:54:00,6275,6275,6275,6275,17000
2022-07-27 09:55:00,6275,6275,6275,6275,0
2022-07-27 09:56:00,6275,6275,6300,6300,13200
2022-07-27 09:57:00,6300,6300,6300,6300,0
2022-07-27 09:58:00,6275,6275,6275,6275,0
2022-07-27 09:59:00,6275,6275,6275,6275,800
2022-07-27 10:00:00,6275,6275,6275,6275,0
2022-07-27 10:01:00,6275,6275,6275,6275,0
2022-07-27 10:02:00,6300,6275,6300,6275,2400
2022-07-27 10:03:00,6275,6275,6275,6275,800
2022-07-27 10:04:00,6275,6275,6275,6275,19500
2022-07-27 10:05:00,6275,6275,6275,6275,0
2022-07-27 10:06:00,6275,6275,6275,6275,21500
2022-07-27 10:07:00,6275,6275,6275,6275,0
2022-07-27 10:08:00,6275,6275,6300,6275,5000
2022-07-27 10:09:00,6300,6300,6300,6300,0
2022-07-27 10:10:00,6275,6275,6275,6275,61700
2022-07-27 10:11:00,6275,6275,6300,6300,200
2022-07-27 10:12:00,6300,6300,6300,6300,3800
2022-07-27 10:13:00,6300,6300,6300,6300,0
2022-07-27 10:14:00,6300,6275,6300,6275,8000
2022-07-27 10:15:00,6300,6300,6300,6300,0
2022-07-27 10:16:00,6275,6275,6275,6275,25800
2022-07-27 10:17:00,6275,6275,6275,6275,0
2022-07-27 10:18:00,6275,6275,6275,6275,0
2022-07-27 10:19:00,6275,6275,6275,6275,600
2022-07-27 10:20:00,6275,6275,6275,6275,41600
2022-07-27 10:21:00,6275,6275,6275,6275,17100
2022-07-27 10:22:00,6300,6300,6300,6300,0
2022-07-27 10:23:00,6300,6300,6300,6300,0
2022-07-27 10:24:00,6275,6275,6275,6275,57300
2022-07-27 10:25:00,6275,6250,6275,6250,36200
2022-07-27 10:26:00,6250,6250,6275,6275,4600
2022-07-27 10:27:00,6275,6275,6275,6275,0
2022-07-27 10:28:00,6275,6275,6275,6275,0
2022-07-27 10:29:00,6275,6275,6275,6275,0
2022-07-27 10:30:00,6275,6250,6275,6250,57000
2022-07-27 10:31:00,6250,6250,6250,6250,800
2022-07-27 10:32:00,6275,6275,6275,6275,1100
2022-07-27 10:33:00,6275,6275,6275,6275,20200
2022-07-27 10:34:00,6275,6275,6275,6275,2300
2022-07-27 10:35:00,6275,6275,6275,6275,200
2022-07-27 10:36:00,6275,6275,6275,6275,0
2022-07-27 10:37:00,6275,6250,6275,6250,38600
2022-07-27 10:38:00,6275,6250,6275,6250,0
2022-07-27 10:39:00,6275,6275,6275,6275,400
2022-07-27 10:40:00,6275,6275,6275,6275,0
2022-07-27 10:41:00,6275,6275,6275,6275,1000
2022-07-27 10:42:00,6275,6275,6275,6275,0
2022-07-27 10:43:00,6250,6250,6250,6250,0
2022-07-27 10:44:00,6250,6250,6250,6250,0
2022-07-27 10:45:00,6250,6250,6250,6250,49200
2022-07-27 10:46:00,6250,6250,6250,6250,5400
2022-07-27 10:47:00,6250,6250,6250,6250,0
2022-07-27 10:48:00,6275,6275,6275,6275,3600
2022-07-27 10:49:00,6275,6275,6275,6275,0
2022-07-27 10:50:00,6275,6275,6275,6275,0
2022-07-27 10:51:00,6275,6250,6275,6250,56500
2022-07-27 10:52:00,6275,6250,6275,6250,0
2022-07-27 10:53:00,6275,6250,6275,6250,0
2022-07-27 10:54:00,6250,6250,6250,6250,48700
2022-07-27 10:55:00,6250,6250,6250,6250,0
2022-07-27 10:56:00,6275,6250,6275,6250,46800
2022-07-27 10:57:00,6275,6250,6275,6250,10200
2022-07-27 10:58:00,6275,6275,6275,6275,100
2022-07-27 10:59:00,6275,6275,6275,6275,1400
2022-07-27 11:00:00,6275,6275,6275,6275,0
2022-07-27 11:01:00,6250,6250,6275,6275,600
2022-07-27 11:02:00,6250,6250,6275,6275,0
2022-07-27 11:03:00,6275,6275,6275,6275,1000
2022-07-27 11:04:00,6250,6250,6250,6250,0
2022-07-27 11:05:00,6250,6250,6250,6250,46900
2022-07-27 11:06:00,6275,6275,6275,6275,0
2022-07-27 11:07:00,6275,6275,6275,6275,0
2022-07-27 11:08:00,6275,6275,6275,6275,0
2022-07-27 11:09:00,6275,6250,6275,6250,95400
2022-07-27 11:10:00,6250,6250,6250,6250,1800
2022-07-27 11:11:00,6250,6250,6250,6250,4700
2022-07-27 11:12:00,6250,6250,6250,6250,0
2022-07-27 11:13:00,6250,6250,6250,6250,0
2022-07-27 11:14:00,6275,6275,6275,6275,0
2022-07-27 11:15:00,6275,6250,6275,6250,37800
2022-07-27 11:16:00,6275,6250,6275,6250,0
2022-07-27 11:17:00,6250,6250,6250,6250,2800
2022-07-27 11:18:00,6275,6275,6275,6275,0
2022-07-27 11:19:00,6250,6250,6250,6250,37800
2022-07-27 11:20:00,6250,6250,6250,6250,600
2022-07-27 11:21:00,6250,6250,6250,6250,0
2022-07-27 11:22:00,6250,6250,6250,6250,0
2022-07-27 11:23:00,6275,6250,6275,6250,41700
2022-07-27 11:24:00,6250,6250,6250,6250,6600
2022-07-27 11:25:00,6250,6250,6250,6250,40400
2022-07-27 11:26:00,6250,6250,6250,6250,64800
2022-07-27 11:27:00,6250,6225,6250,6225,6400
2022-07-27 11:28:00,6250,6225,6250,6250,2200
2022-07-27 11:29:00,6250,6250,6250,6250,3800
2022-07-27 11:30:00,6250,6250,6250,6250,0
2022-07-27 11:31:00,6250,6250,6250,6250,0
2022-07-27 11:32:00,6250,6250,6250,6250,0
2022-07-27 11:33:00,6250,6250,6250,6250,0
2022-07-27 11:34:00,6250,6250,6250,6250,0
2022-07-27 11:35:00,6250,6250,6250,6250,0
2022-07-27 11:36:00,6250,6250,6250,6250,0
2022-07-27 11:37:00,6250,6250,6250,6250,0
2022-07-27 11:38:00,6250,6250,6250,6250,0
2022-07-27 11:39:00,6250,6250,6250,6250,0
2022-07-27 11:40:00,6250,6250,6250,6250,0
2022-07-27 11:41:00,6250,6250,6250,6250,0
2022-07-27 11:42:00,6250,6250,6250,6250,0
2022-07-27 11:43:00,6250,6250,6250,6250,0
2022-07-27 11:44:00,6250,6250,6250,6250,0
2022-07-27 11:45:00,6250,6250,6250,6250,0
2022-07-27 11:46:00,6250,6250,6250,6250,0
2022-07-27 11:47:00,6250,6250,6250,6250,0
2022-07-27 11:48:00,6250,6250,6250,6250,0
2022-07-27 11:49:00,6250,6250,6250,6250,0
2022-07-27 11:50:00,6250,6250,6250,6250,0
2022-07-27 11:51:00,6250,6250,6250,6250,0
2022-07-27 11:52:00,6250,6250,6250,6250,0
2022-07-27 11:53:00,6250,6250,6250,6250,0
2022-07-27 11:54:00,6250,6250,6250,6250,0
2022-07-27 11:55:00,6250,6250,6250,6250,0
2022-07-27 11:56:00,6250,6250,6250,6250,0
2022-07-27 11:57:00,6250,6250,6250,6250,0
2022-07-27 11:58:00,6250,6250,6250,6250,0
2022-07-27 11:59:00,6250,6250,6250,6250,0
2022-07-27 12:00:00,6250,6250,6250,6250,0
2022-07-27 12:01:00,6250,6250,6250,6250,0
2022-07-27 12:02:00,6250,6250,6250,6250,0
2022-07-27 12:03:00,6250,6250,6250,6250,0
2022-07-27 12:04:00,6250,6250,6250,6250,0
2022-07-27 12:05:00,6250,6250,6250,6250,0
2022-07-27 12:06:00,6250,6250,6250,6250,0
2022-07-27 12:07:00,6250,6250,6250,6250,0
2022-07-27 12:08:00,6250,6250,6250,6250,0
2022-07-27 12:09:00,6250,6250,6250,6250,0
2022-07-27 12:10:00,6250,6250,6250,6250,0
2022-07-27 12:11:00,6250,6250,6250,6250,0
2022-07-27 12:12:00,6250,6250,6250,6250,0
2022-07-27 12:13:00,6250,6250,6250,6250,0
2022-07-27 12:14:00,6250,6250,6250,6250,0
2022-07-27 12:15:00,6250,6250,6250,6250,0
2022-07-27 12:16:00,6250,6250,6250,6250,0
2022-07-27 12:17:00,6250,6250,6250,6250,0
2022-07-27 12:18:00,6250,6250,6250,6250,0
2022-07-27 12:19:00,6250,6250,6250,6250,0
2022-07-27 12:20:00,6250,6250,6250,6250,0
2022-07-27 12:21:00,6250,6250,6250,6250,0
2022-07-27 12:22:00,6250,6250,6250,6250,0
2022-07-27 12:23:00,6250,6250,6250,6250,0
2022-07-27 12:24:00,6250,6250,6250,6250,0
2022-07-27 12:25:00,6250,6250,6250,6250,0
2022-07-27 12:26:00,6250,6250,6250,6250,0
2022-07-27 12:27:00,6250,6250,6250,6250,0
2022-07-27 12:28:00,6250,6250,6250,6250,0
2022-07-27 12:29:00,6250,6250,6250,6250,0
2022-07-27 12:30:00,6250,6250,6250,6250,0
2022-07-27 12:31:00,6250,6250,6250,6250,0
2022-07-27 12:32:00,6250,6250,6250,6250,0
2022-07-27 12:33:00,6250,6250,6250,6250,0
2022-07-27 12:34:00,6250,6250,6250,6250,0
2022-07-27 12:35:00,6250,6250,6250,6250,0
2022-07-27 12:36:00,6250,6250,6250,6250,0
2022-07-27 12:37:00,6250,6250,6250,6250,0
2022-07-27 12:38:00,6250,6250,6250,6250,0
2022-07-27 12:39:00,6250,6250,6250,6250,0
2022-07-27 12:40:00,6250,6250,6250,6250,0
2022-07-27 12:41:00,6250,6250,6250,6250,0
2022-07-27 12:42:00,6250,6250,6250,6250,0
2022-07-27 12:43:00,6250,6250,6250,6250,0
2022-07-27 12:44:00,6250,6250,6250,6250,0
2022-07-27 12:45:00,6250,6250,6250,6250,0
2022-07-27 12:46:00,6250,6250,6250,6250,0
2022-07-27 12:47:00,6250,6250,6250,6250,0
2022-07-27 12:48:00,6250,6250,6250,6250,0
2022-07-27 12:49:00,6250,6250,6250,6250,0
2022-07-27 12:50:00,6250,6250,6250,6250,0
2022-07-27 12:51:00,6250,6250,6250,6250,0
2022-07-27 12:52:00,6250,6250,6250,6250,0
2022-07-27 12:53:00,6250,6250,6250,6250,0
2022-07-27 12:54:00,6250,6250,6250,6250,0
2022-07-27 12:55:00,6250,6250,6250,6250,0
2022-07-27 12:56:00,6250,6250,6250,6250,0
2022-07-27 12:57:00,6250,6250,6250,6250,0
2022-07-27 12:58:00,6250,6250,6250,6250,0
2022-07-27 12:59:00,6250,6250,6250,6250,0
2022-07-27 13:00:00,6250,6250,6250,6250,0
2022-07-27 13:01:00,6250,6250,6250,6250,0
2022-07-27 13:02:00,6250,6250,6250,6250,0
2022-07-27 13:03:00,6250,6250,6250,6250,0
2022-07-27 13:04:00,6250,6250,6250,6250,0
2022-07-27 13:05:00,6250,6250,6250,6250,0
2022-07-27 13:06:00,6250,6250,6250,6250,0
2022-07-27 13:07:00,6250,6250,6250,6250,0
2022-07-27 13:08:00,6250,6250,6250,6250,0
2022-07-27 13:09:00,6250,6250,6250,6250,0
2022-07-27 13:10:00,6250,6250,6250,6250,0
2022-07-27 13:11:00,6250,6250,6250,6250,0
2022-07-27 13:12:00,6250,6250,6250,6250,0
2022-07-27 13:13:00,6250,6250,6250,6250,0
2022-07-27 13:14:00,6250,6250,6250,6250,0
2022-07-27 13:15:00,6250,6250,6250,6250,0
2022-07-27 13:16:00,6250,6250,6250,6250,0
2022-07-27 13:17:00,6250,6250,6250,6250,0
2022-07-27 13:18:00,6250,6250,6250,6250,0
2022-07-27 13:19:00,6250,6250,6250,6250,0
2022-07-27 13:20:00,6250,6250,6250,6250,0
2022-07-27 13:21:00,6250,6250,6250,6250,0
2022-07-27 13:22:00,6250,6250,6250,6250,0
2022-07-27 13:23:00,6250,6250,6250,6250,0
2022-07-27 13:24:00,6250,6250,6250,6250,0
2022-07-27 13:25:00,6250,6250,6250,6250,0
2022-07-27 13:26:00,6250,6250,6250,6250,0
2022-07-27 13:27:00,6250,6250,6250,6250,0
2022-07-27 13:28:00,6250,6250,6250,6250,0
2022-07-27 13:29:00,6250,6250,6250,6250,0
2022-07-27 13:30:00,6250,6225,6250,6250,76400
2022-07-27 13:31:00,6250,6250,6250,6250,18400
2022-07-27 13:32:00,6250,6225,6250,6225,0
2022-07-27 13:33:00,6225,6225,6250,6250,3300
2022-07-27 13:34:00,6250,6250,6250,6250,9000
2022-07-27 13:35:00,6250,6250,6250,6250,4000
2022-07-27 13:36:00,6250,6250,6250,6250,100
2022-07-27 13:37:00,6250,6250,6250,6250,9400
2022-07-27 13:38:00,6250,6225,6250,6250,2400
2022-07-27 13:39:00,6250,6250,6250,6250,0
2022-07-27 13:40:00,6250,6250,6250,6250,24000
2022-07-27 13:41:00,6250,6225,6250,6225,3100
2022-07-27 13:42:00,6250,6225,6250,6225,105900
2022-07-27 13:43:00,6250,6250,6250,6250,700
2022-07-27 13:44:00,6250,6225,6275,6275,155600
2022-07-27 13:45:00,6250,6250,6250,6250,27200
2022-07-27 13:46:00,6250,6225,6250,6250,3500
2022-07-27 13:47:00,6250,6225,6250,6225,3800
2022-07-27 13:48:00,6225,6225,6250,6250,0
2022-07-27 13:49:00,6250,6250,6250,6250,22900
2022-07-27 13:50:00,6250,6250,6250,6250,300
2022-07-27 13:51:00,6250,6250,6250,6250,200
2022-07-27 13:52:00,6250,6250,6250,6250,300
2022-07-27 13:53:00,6250,6250,6250,6250,400
2022-07-27 13:54:00,6250,6225,6250,6225,25000
2022-07-27 13:55:00,6225,6225,6250,6250,600
2022-07-27 13:56:00,6250,6250,6250,6250,33100
2022-07-27 13:57:00,6250,6250,6250,6250,1500
2022-07-27 13:58:00,6250,6225,6250,6250,101300
2022-07-27 13:59:00,6250,6250,6250,6250,18000
2022-07-27 14:00:00,6250,6250,6250,6250,0
2022-07-27 14:01:00,6225,6225,6250,6250,5000
2022-07-27 14:02:00,6225,6225,6225,6225,1300
2022-07-27 14:03:00,6225,6225,6225,6225,115700
2022-07-27 14:04:00,6250,6250,6250,6250,0
2022-07-27 14:05:00,6250,6250,6250,6250,2800
2022-07-27 14:06:00,6250,6250,6250,6250,2600
2022-07-27 14:07:00,6250,6250,6250,6250,0
2022-07-27 14:08:00,6250,6250,6250,6250,11100
2022-07-27 14:09:00,6250,6250,6250,6250,5000
2022-07-27 14:10:00,6225,6225,6225,6225,94200
2022-07-27 14:11:00,6250,6225,6250,6225,39000
2022-07-27 14:12:00,6250,6250,6250,6250,0
2022-07-27 14:13:00,6250,6250,6250,6250,0
2022-07-27 14:14:00,6250,6250,6250,6250,0
2022-07-27 14:15:00,6250,6225,6250,6225,107100
2022-07-27 14:16:00,6250,6225,6250,6225,5400
2022-07-27 14:17:00,6225,6225,6250,6250,600
2022-07-27 14:18:00,6225,6225,6225,6225,129500
2022-07-27 14:19:00,6250,6225,6250,6250,14900
2022-07-27 14:20:00,6250,6225,6250,6225,36000
2022-07-27 14:21:00,6250,6225,6250,6225,0
2022-07-27 14:22:00,6250,6225,6250,6225,0
2022-07-27 14:23:00,6250,6225,6250,6250,5100
2022-07-27 14:24:00,6250,6250,6250,6250,2200
2022-07-27 14:25:00,6225,6225,6225,6225,97000
2022-07-27 14:26:00,6225,6225,6225,6225,0
2022-07-27 14:27:00,6250,6225,6250,6225,4100
2022-07-27 14:28:00,6225,6225,6250,6250,0
2022-07-27 14:29:00,6250,6250,6250,6250,3400
2022-07-27 14:30:00,6225,6225,6250,6250,32200
2022-07-27 14:31:00,6225,6225,6225,6225,1100
2022-07-27 14:32:00,6250,6225,6250,6225,2400
2022-07-27 14:33:00,6250,6250,6250,6250,15300
2022-07-27 14:34:00,6250,6250,6250,6250,5200
2022-07-27 14:35:00,6250,6250,6250,6250,22200
2022-07-27 14:36:00,6225,6225,6250,6225,37800
2022-07-27 14:37:00,6225,6225,6250,6225,76500
2022-07-27 14:38:00,6225,6225,6250,6250,19200
2022-07-27 14:39:00,6225,6225,6250,6250,39500
2022-07-27 14:40:00,6250,6250,6250,6250,300
2022-07-27 14:41:00,6225,6225,6225,6225,24300
2022-07-27 14:42:00,6225,6225,6250,6225,300
2022-07-27 14:43:00,6225,6225,6250,6250,15700
2022-07-27 14:44:00,6250,6225,6250,6225,0
2022-07-27 14:45:00,6250,6225,6250,6250,23800
2022-07-27 14:46:00,6225,6225,6250,6250,21500
2022-07-27 14:47:00,6250,6225,6250,6250,400
2022-07-27 14:48:00,6250,6225,6250,6225,12000
2022-07-27 14:49:00,6225,6225,6250,6225,70600
2022-07-27 14:50:00,6225,6225,6250,6225,0
2022-07-27 14:51:00,6225,6225,6250,6225,0
2022-07-27 14:52:00,6225,6225,6250,6225,0
2022-07-27 14:53:00,6225,6225,6250,6225,0
2022-07-27 14:54:00,6225,6225,6250,6225,0
2022-07-27 14:55:00,6225,6225,6250,6225,0
2022-07-27 14:56:00,6225,6225,6250,6225,0
2022-07-27 14:57:00,6225,6225,6250,6225,0
2022-07-27 14:58:00,6225,6225,6250,6225,0
2022-07-27 14:59:00,6225,6225,6250,6225,0
2022-07-27 15:00:00,6250,6250,6250,6250,41900
2022-07-27 15:01:00,6250,6250,6250,6250,0
2022-07-27 15:02:00,6250,6250,6250,6250,400
2022-07-27 15:03:00,6250,6250,6250,6250,4900
2022-07-27 15:04:00,6250,6250,6250,6250,2200
2022-07-27 15:05:00,6250,6250,6250,6250,18900
2022-07-27 15:06:00,6250,6250,6250,6250,12700
2022-07-27 15:07:00,6250,6250,6250,6250,10800
2022-07-27 15:08:00,6250,6250,6250,6250,29700
2022-07-27 15:09:00,6250,6250,6250,6250,0
2022-07-27 15:10:00,6250,6250,6250,6250,0
2022-07-27 15:11:00,6250,6250,6250,6250,4400
2022-07-27 15:12:00,6250,6250,6250,6250,9900
2022-07-27 15:13:00,6250,6250,6250,6250,80200
2022-07-27 15:14:00,6250,6250,6250,6250,0
2022-07-27 15:15:00,6250,6250,6250,6250,0
2022-07-27 15:16:00,6250,6250,6250,6250,0
2022-07-27 15:17:00,6250,6250,6250,6250,0
2022-07-27 15:18:00,6250,6250,6250,6250,0
2022-07-27 15:19:00,6250,6250,6250,6250,0
2022-07-27 15:20:00,6250,6250,6250,6250,0
2022-07-27 15:21:00,6250,6250,6250,6250,0
2022-07-27 15:22:00,6250,6250,6250,6250,0
2022-07-27 15:23:00,6250,6250,6250,6250,0
2022-07-27 15:24:00,6250,6250,6250,6250,0
2022-07-27 15:25:00,6250,6250,6250,6250,0
2022-07-27 15:26:00,6250,6250,6250,6250,0
2022-07-27 15:27:00,6250,6250,6250,6250,0
2022-07-27 15:28:00,6250,6250,6250,6250,0
2022-07-27 15:29:00,6250,6250,6250,6250,0
2022-07-27 15:30:00,6250,6250,6250,6250,0
2022-07-27 15:31:00,6250,6250,6250,6250,0
2022-07-27 15:32:00,6250,6250,6250,6250,0
2022-07-27 15:33:00,6250,6250,6250,6250,0
2022-07-27 15:34:00,6250,6250,6250,6250,0
2022-07-27 15:35:00,6250,6250,6250,6250,0
2022-07-27 15:36:00,6250,6250,6250,6250,0
2022-07-27 15:37:00,6250,6250,6250,6250,0
2022-07-27 15:38:00,6250,6250,6250,6250,0
2022-07-27 15:39:00,6250,6250,6250,6250,0
2022-07-27 15:40:00,6250,6250,6250,6250,0
2022-07-27 15:41:00,6250,6250,6250,6250,0
2022-07-27 15:42:00,6250,6250,6250,6250,0
2022-07-27 15:43:00,6250,6250,6250,6250,0
2022-07-27 15:44:00,6250,6250,6250,6250,0
2022-07-27 15:45:00,6250,6250,6250,6250,0
2022-07-27 15:46:00,6250,6250,6250,6250,0
2022-07-27 15:47:00,6250,6250,6250,6250,0
2022-07-27 15:48:00,6250,6250,6250,6250,0
2022-07-27 15:49:00,6250,6250,6250,6250,0
2022-07-27 15:50:00,6250,6250,6250,6250,0
2022-07-27 15:51:00,6250,6250,6250,6250,0
2022-07-27 15:52:00,6250,6250,6250,6250,0
2022-07-27 15:53:00,6250,6250,6250,6250,0
2022-07-27 15:54:00,6250,6250,6250,6250,0
2022-07-27 15:55:00,6250,6250,6250,6250,0
2022-07-27 15:56:00,6250,6250,6250,6250,0
2022-07-27 15:57:00,6250,6250,6250,6250,0
2022-07-27 15:58:00,6250,6250,6250,6250,0
2022-07-27 15:59:00,6250,6250,6250,6250,0
2022-07-28 09:00:00,6250,6250,6250,6250,0
2022-07-28 09:01:00,6275,6250,6275,6275,10400
2022-07-28 09:02:00,6275,6275,6275,6275,1500
2022-07-28 09:03:00,6300,6300,6300,6300,300
2022-07-28 09:04:00,6300,6300,6300,6300,5400
2022-07-28 09:05:00,6300,6300,6300,6300,0
2022-07-28 09:06:00,6300,6300,6300,6300,0
2022-07-28 09:07:00,6300,6300,6300,6300,5900
2022-07-28 09:08:00,6300,6300,6300,6300,0
2022-07-28 09:09:00,6300,6300,6300,6300,10700
2022-07-28 09:10:00,6300,6300,6300,6300,1200
2022-07-28 09:11:00,6300,6300,6300,6300,400
2022-07-28 09:12:00,6300,6300,6300,6300,0
2022-07-28 09:13:00,6275,6275,6275,6275,200
2022-07-28 09:14:00,6275,6275,6275,6275,26800
2022-07-28 09:15:00,6275,6275,6275,6275,17200
2022-07-28 09:16:00,6275,6275,6275,6275,1000
2022-07-28 09:17:00,6300,6275,6300,6275,51600
2022-07-28 09:18:00,6275,6275,6275,6275,6400
2022-07-28 09:19:00,6300,6300,6300,6300,2400
2022-07-28 09:20:00,6275,6275,6275,6275,2100
2022-07-28 09:21:00,6275,6275,6275,6275,3600
2022-07-28 09:22:00,6275,6275,6300,6275,4000
2022-07-28 09:23:00,6275,6275,6275,6275,3100
2022-07-28 09:24:00,6275,6275,6275,6275,4100
2022-07-28 09:25:00,6275,6275,6275,6275,3800
2022-07-28 09:26:00,6275,6275,6275,6275,5200
2022-07-28 09:27:00,6275,6275,6275,6275,3600
2022-07-28 09:28:00,6275,6275,6275,6275,3600
2022-07-28 09:29:00,6275,6275,6275,6275,3600
2022-07-28 09:30:00,6275,6275,6275,6275,3700
2022-07-28 09:31:00,6275,6275,6300,6275,3500
2022-07-28 09:32:00,6275,6275,6300,6275,13200
2022-07-28 09:33:00,6275,6275,6300,6275,4500
2022-07-28 09:34:00,6275,6275,6275,6275,3700
2022-07-28 09:35:00,6275,6275,6275,6275,3700
2022-07-28 09:36:00,6275,6275,6275,6275,23500
2022-07-28 09:37:00,6250,6250,6275,6250,4300
2022-07-28 09:38:00,6250,6250,6250,6250,3000
2022-07-28 09:39:00,6250,6250,6275,6275,28800
2022-07-28 09:40:00,6250,6250,6275,6275,4500
2022-07-28 09:41:00,6275,6275,6275,6275,6200
2022-07-28 09:42:00,6275,6250,6275,6250,8100
2022-07-28 09:43:00,6250,6250,6275,6250,5600
2022-07-28 09:44:00,6250,6250,6275,6250,4500
2022-07-28 09:45:00,6250,6250,6275,6275,5000
2022-07-28 09:46:00,6250,6250,6275,6250,11800
2022-07-28 09:47:00,6250,6250,6275,6275,4400
2022-07-28 09:48:00,6275,6275,6275,6275,3800
2022-07-28 09:49:00,6275,6275,6275,6275,7200
2022-07-28 09:50:00,6275,6275,6275,6275,19400
2022-07-28 09:51:00,6275,6275,6275,6275,45000
2022-07-28 09:52:00,6275,6250,6275,6275,3700
2022-07-28 09:53:00,6275,6275,6275,6275,3600
2022-07-28 09:54:00,6275,6275,6275,6275,3700
2022-07-28 09:55:00,6275,6275,6275,6275,3200
2022-07-28 09:56:00,6275,6275,6275,6275,4100
2022-07-28 09:57:00,6275,6250,6275,6250,20700
2022-07-28 09:58:00,6275,6250,6275,6250,3300
2022-07-28 09:59:00,6250,6250,6275,6250,5000
2022-07-28 10:00:00,6250,6250,6275,6250,3500
2022-07-28 10:01:00,6250,6250,6275,6250,4000
2022-07-28 10:02:00,6250,6250,6275,6250,4600
2022-07-28 10:03:00,6250,6250,6250,6250,3600
2022-07-28 10:04:00,6250,6250,6275,6250,3800
2022-07-28 10:05:00,6250,6250,6275,6250,6300
2022-07-28 10:06:00,6250,6250,6275,6250,15300
2022-07-28 10:07:00,6250,6250,6275,6250,19900
2022-07-28 10:08:00,6250,6250,6275,6250,10300
2022-07-28 10:09:00,6250,6250,6250,6250,5100
2022-07-28 10:10:00,6250,6250,6250,6250,1900
2022-07-28 10:11:00,6275,6275,6275,6275,1200
2022-07-28 10:12:00,6275,6275,6275,6275,0
2022-07-28 10:13:00,6275,6275,6275,6275,9900
2022-07-28 10:14:00,6275,6275,6275,6275,24900
2022-07-28 10:15:00,6275,6275,6275,6275,3600
2022-07-28 10:16:00,6275,6250,6275,6250,3700
2022-07-28 10:17:00,6250,6250,6250,6250,0
2022-07-28 10:18:00,6275,6275,6275,6275,100
2022-07-28 10:19:00,6275,6275,6275,6275,900
2022-07-28 10:20:00,6300,6300,6300,6300,2500
2022-07-28 10:21:00,6300,6300,6300,6300,0
2022-07-28 10:22:00,6300,6300,6300,6300,1900
2022-07-28 10:23:00,6275,6275,6275,6275,0
2022-07-28 10:24:00,6275,6275,6275,6275,100
2022-07-28 10:25:00,6275,6275,6275,6275,0
2022-07-28 10:26:00,6275,6275,6275,6275,0
2022-07-28 10:27:00,6275,6275,6300,6300,11100
2022-07-28 10:28:00,6300,6300,6300,6300,0
2022-07-28 10:29:00,6275,6275,6275,6275,100
2022-07-28 10:30:00,6275,6275,6300,6300,17700
2022-07-28 10:31:00,6300,6275,6300,6275,1100
2022-07-28 10:32:00,6300,6275,6300,6275,0
2022-07-28 10:33:00,6300,6275,6300,6275,0
2022-07-28 10:34:00,6300,6275,6300,6275,0
2022-07-28 10:35:00,6275,6275,6300,6300,500
2022-07-28 10:36:00,6275,6275,6300,6300,0
2022-07-28 10:37:00,6275,6275,6275,6275,0
2022-07-28 10:38:00,6275,6275,6275,6275,0
2022-07-28 10:39:00,6275,6275,6275,6275,500
2022-07-28 10:40:00,6300,6275,6300,6300,1300
2022-07-28 10:41:00,6300,6275,6300,6300,0
2022-07-28 10:42:00,6275,6275,6275,6275,100
2022-07-28 10:43:00,6275,6275,6275,6275,3900
2022-07-28 10:44:00,6275,6275,6275,6275,0
2022-07-28 10:45:00,6275,6275,6275,6275,300
2022-07-28 10:46:00,6275,6275,6275,6275,0
2022-07-28 10:47:00,6275,6275,6300,6300,500
2022-07-28 10:48:00,6275,6275,6300,6300,0
2022-07-28 10:49:00,6275,6275,6300,6300,100
2022-07-28 10:50:00,6300,6275,6300,6275,2300
2022-07-28 10:51:00,6300,6300,6300,6300,900
2022-07-28 10:52:00,6275,6275,6275,6275,0
2022-07-28 10:53:00,6300,6300,6300,6300,9200
2022-07-28 10:54:00,6275,6275,6275,6275,0
2022-07-28 10:55:00,6275,6275,6275,6275,4000
2022-07-28 10:56:00,6275,6275,6275,6275,0
2022-07-28 10:57:00,6275,6275,6275,6275,0
2022-07-28 10:58:00,6275,6275,6275,6275,400
2022-07-28 10:59:00,6275,6275,6275,6275,0
2022-07-28 11:00:00,6300,6275,6300,6275,200
2022-07-28 11:01:00,6300,6275,6300,6275,0
2022-07-28 11:02:00,6275,6275,6300,6275,1300
2022-07-28 11:03:00,6300,6275,6300,6300,29800
2022-07-28 11:04:00,6300,6300,6300,6300,0
2022-07-28 11:05:00,6275,6275,6275,6275,200
2022-07-28 11:06:00,6275,6275,6275,6275,0
2022-07-28 11:07:00,6275,6275,6275,6275,500
2022-07-28 11:08:00,6275,6275,6275,6275,0
2022-07-28 11:09:00,6275,6275,6275,6275,0
2022-07-28 11:10:00,6275,6275,6275,6275,200
2022-07-28 11:11:00,6300,6300,6300,6300,100
2022-07-28 11:12:00,6275,6275,6275,6275,200
2022-07-28 11:13:00,6275,6275,6300,6300,2300
2022-07-28 11:14:00,6300,6300,6300,6300,18200
2022-07-28 11:15:00,6300,6275,6300,6300,104900
2022-07-28 11:16:00,6300,6300,6325,6325,202800
2022-07-28 11:17:00,6300,6300,6325,6325,0
2022-07-28 11:18:00,6325,6325,6325,6325,0
2022-07-28 11:19:00,6300,6300,6300,6300,1900
2022-07-28 11:20:00,6300,6300,6300,6300,0
2022-07-28 11:21:00,6300,6300,6300,6300,1300
2022-07-28 11:22:00,6300,6300,6300,6300,1500
2022-07-28 11:23:00,6300,6300,6300,6300,0
2022-07-28 11:24:00,6300,6300,6300,6300,0
2022-07-28 11:25:00,6300,6300,6300,6300,400
2022-07-28 11:26:00,6300,6300,6300,6300,0
2022-07-28 11:27:00,6300,6300,6300,6300,100
2022-07-28 11:28:00,6300,6300,6300,6300,200
2022-07-28 11:29:00,6300,6300,6300,6300,200
2022-07-28 11:30:00,6300,6300,6300,6300,0
2022-07-28 11:31:00,6300,6300,6300,6300,0
2022-07-28 11:32:00,6300,6300,6300,6300,0
2022-07-28 11:33:00,6300,6300,6300,6300,0
2022-07-28 11:34:00,6300,6300,6300,6300,0
2022-07-28 11:35:00,6300,6300,6300,6300,0
2022-07-28 11:36:00,6300,6300,6300,6300,0
2022-07-28 11:37:00,6300,6300,6300,6300,0
2022-07-28 11:38:00,6300,6300,6300,6300,0
2022-07-28 11:39:00,6300,6300,6300,6300,0
2022-07-28 11:40:00,6300,6300,6300,6300,0
2022-07-28 11:41:00,6300,6300,6300,6300,0
2022-07-28 11:42:00,6300,6300,6300,6300,0
2022-07-28 11:43:00,6300,6300,6300,6300,0
2022-07-28 11:44:00,6300,6300,6300,6300,0
2022-07-28 11:45:00,6300,6300,6300,6300,0
2022-07-28 11:46:00,6300,6300,6300,6300,0
2022-07-28 11:47:00,6300,6300,6300,6300,0
2022-07-28 11:48:00,6300,6300,6300,6300,0
2022-07-28 11:49:00,6300,6300,6300,6300,0
2022-07-28 11:50:00,6300,6300,6300,6300,0
2022-07-28 11:51:00,6300,6300,6300,6300,0
2022-07-28 11:52:00,6300,6300,6300,6300,0
2022-07-28 11:53:00,6300,6300,6300,6300,0
2022-07-28 11:54:00,6300,6300,6300,6300,0
2022-07-28 11:55:00,6300,6300,6300,6300,0
2022-07-28 11:56:00,6300,6300,6300,6300,0
2022-07-28 11:57:00,6300,6300,6300,6300,0
2022-07-28 11:58:00,6300,6300,6300,6300,0
2022-07-28 11:59:00,6300,6300,6300,6300,0
2022-07-28 12:00:00,6300,6300,6300,6300,0
2022-07-28 12:01:00,6300,6300,6300,6300,0
2022-07-28 12:02:00,6300,6300,6300,6300,0
2022-07-28 12:03:00,6300,6300,6300,6300,0
2022-07-28 12:04:00,6300,6300,6300,6300,0
2022-07-28 12:05:00,6300,6300,6300,6300,0
2022-07-28 12:06:00,6300,6300,6300,6300,0
2022-07-28 12:07:00,6300,6300,6300,6300,0
2022-07-28 12:08:00,6300,6300,6300,6300,0
2022-07-28 12:09:00,6300,6300,6300,6300,0
2022-07-28 12:10:00,6300,6300,6300,6300,0
2022-07-28 12:11:00,6300,6300,6300,6300,0
2022-07-28 12:12:00,6300,6300,6300,6300,0
2022-07-28 12:13:00,6300,6300,6300,6300,0
2022-07-28 12:14:00,6300,6300,6300,6300,0
2022-07-28 12:15:00,6300,6300,6300,6300,0
2022-07-28 12:16:00,6300,6300,6300,6300,0
2022-07-28 12:17:00,6300,6300,6300,6300,0
2022-07-28 12:18:00,6300,6300,6300,6300,0
2022-07-28 12:19:00,6300,6300,6300,6300,0
2022-07-28 12:20:00,6300,6300,6300,6300,0
2022-07-28 12:21:00,6300,6300,6300,6300,0
2022-07-28 12:22:00,6300,6300,6300,6300,0
2022-07-28 12:23:00,6300,6300,6300,6300,0
2022-07-28 12:24:00,6300,6300,6300,6300,0
2022-07-28 12:25:00,6300,6300,6300,6300,0
2022-07-28 12:26:00,6300,6300,6300,6300,0
2022-07-28 12:27:00,6300,6300,6300,6300,0
2022-07-28 12:28:00,6300,6300,6300,6300,0
2022-07-28 12:29:00,6300,6300,6300,6300,0
2022-07-28 12:30:00,6300,6300,6300,6300,0
2022-07-28 12:31:00,6300,6300,6300,6300,0
2022-07-28 12:32:00,6300,6300,6300,6300,0
2022-07-28 12:33:00,6300,6300,6300,6300,0
2022-07-28 12:34:00,6300,6300,6300,6300,0
2022-07-28 12:35:00,6300,6300,6300,6300,0
2022-07-28 12:36:00,6300,6300,6300,6300,0
2022-07-28 12:37:00,6300,6300,6300,6300,0
2022-07-28 12:38:00,6300,6300,6300,6300,0
2022-07-28 12:39:00,6300,6300,6300,6300,0
2022-07-28 12:40:00,6300,6300,6300,6300,0
2022-07-28 12:41:00,6300,6300,6300,6300,0
2022-07-28 12:42:00,6300,6300,6300,6300,0
2022-07-28 12:43:00,6300,6300,6300,6300,0
2022-07-28 12:44:00,6300,6300,6300,6300,0
2022-07-28 12:45:00,6300,6300,6300,6300,0
2022-07-28 12:46:00,6300,6300,6300,6300,0
2022-07-28 12:47:00,6300,6300,6300,6300,0
2022-07-28 12:48:00,6300,6300,6300,6300,0
2022-07-28 12:49:00,6300,6300,6300,6300,0
2022-07-28 12:50:00,6300,6300,6300,6300,0
2022-07-28 12:51:00,6300,6300,6300,6300,0
2022-07-28 12:52:00,6300,6300,6300,6300,0
2022-07-28 12:53:00,6300,6300,6300,6300,0
2022-07-28 12:54:00,6300,6300,6300,6300,0
2022-07-28 12:55:00,6300,6300,6300,6300,0
2022-07-28 12:56:00,6300,6300,6300,6300,0
2022-07-28 12:57:00,6300,6300,6300,6300,0
2022-07-28 12:58:00,6300,6300,6300,6300,0
2022-07-28 12:59:00,6300,6300,6300,6300,0
2022-07-28 13:00:00,6300,6300,6300,6300,0
2022-07-28 13:01:00,6300,6300,6300,6300,0
2022-07-28 13:02:00,6300,6300,6300,6300,0
2022-07-28 13:03:00,6300,6300,6300,6300,0
2022-07-28 13:04:00,6300,6300,6300,6300,0
2022-07-28 13:05:00,6300,6300,6300,6300,0
2022-07-28 13:06:00,6300,6300,6300,6300,0
2022-07-28 13:07:00,6300,6300,6300,6300,0
2022-07-28 13:08:00,6300,6300,6300,6300,0
2022-07-28 13:09:00,6300,6300,6300,6300,0
2022-07-28 13:10:00,6300,6300,6300,6300,0
2022-07-28 13:11:00,6300,6300,6300,6300,0
2022-07-28 13:12:00,6300,6300,6300,6300,0
2022-07-28 13:13:00,6300,6300,6300,6300,0
2022-07-28 13:14:00,6300,6300,6300,6300,0
2022-07-28 13:15:00,6300,6300,6300,6300,0
2022-07-28 13:16:00,6300,6300,6300,6300,0
2022-07-28 13:17:00,6300,6300,6300,6300,0
2022-07-28 13:18:00,6300,6300,6300,6300,0
2022-07-28 13:19:00,6300,6300,6300,6300,0
2022-07-28 13:20:00,6300,6300,6300,6300,0
2022-07-28 13:21:00,6300,6300,6300,6300,0
2022-07-28 13:22:00,6300,6300,6300,6300,0
2022-07-28 13:23:00,6300,6300,6300,6300,0
2022-07-28 13:24:00,6300,6300,6300,6300,0
2022-07-28 13:25:00,6300,6300,6300,6300,0
2022-07-28 13:26:00,6300,6300,6300,6300,0
2022-07-28 13:27:00,6300,6300,6300,6300,0
2022-07-28 13:28:00,6300,6300,6300,6300,0
2022-07-28 13:29:00,6300,6300,6300,6300,0
2022-07-28 13:30:00,6300,6300,6325,6325,77500
2022-07-28 13:31:00,6300,6300,6325,6325,0
2022-07-28 13:32:00,6300,6300,6300,6300,50100
2022-07-28 13:33:00,6300,6300,6300,6300,0
2022-07-28 13:34:00,6300,6300,6300,6300,2900
2022-07-28 13:35:00,6300,6300,6300,6300,0
2022-07-28 13:36:00,6300,6275,6300,6275,1800
2022-07-28 13:37:00,6275,6275,6300,6300,33000
2022-07-28 13:38:00,6300,6300,6300,6300,900
2022-07-28 13:39:00,6300,6275,6300,6300,52000
2022-07-28 13:40:00,6300,6275,6300,6300,0
2022-07-28 13:41:00,6300,6300,6300,6300,0
2022-07-28 13:42:00,6300,6300,6300,6300,24700
2022-07-28 13:43:00,6300,6300,6300,6300,0
2022-07-28 13:44:00,6300,6300,6300,6300,0
2022-07-28 13:45:00,6275,6275,6275,6275,300
2022-07-28 13:46:00,6300,6300,6300,6300,2000
2022-07-28 13:47:00,6300,6300,6300,6300,0
2022-07-28 13:48:00,6300,6275,6300,6275,200
2022-07-28 13:49:00,6300,6275,6300,6275,0
2022-07-28 13:50:00,6275,6275,6300,6300,2400
2022-07-28 13:51:00,6300,6300,6300,6300,1900
2022-07-28 13:52:00,6300,6300,6300,6300,12000
2022-07-28 13:53:00,6300,6300,6300,6300,28100
2022-07-28 13:54:00,6300,6300,6325,6300,15900
2022-07-28 13:55:00,6300,6300,6300,6300,1000
2022-07-28 13:56:00,6300,6300,6325,6325,7400
2022-07-28 13:57:00,6325,6325,6325,6325,0
2022-07-28 13:58:00,6325,6325,6325,6325,45000
2022-07-28 13:59:00,6325,6325,6325,6325,900
2022-07-28 14:00:00,6325,6325,6350,6350,17300
2022-07-28 14:01:00,6350,6325,6350,6350,46500
2022-07-28 14:02:00,6350,6350,6400,6375,378800
2022-07-28 14:03:00,6375,6375,6400,6400,31800
2022-07-28 14:04:00,6400,6375,6400,6400,14400
2022-07-28 14:05:00,6400,6400,6400,6400,110300
2022-07-28 14:06:00,6400,6375,6400,6400,53200
2022-07-28 14:07:00,6400,6400,6400,6400,65300
2022-07-28 14:08:00,6400,6375,6400,6400,118400
2022-07-28 14:09:00,6400,6400,6425,6425,75000
2022-07-28 14:10:00,6425,6400,6425,6400,4600
2022-07-28 14:11:00,6400,6400,6425,6425,12800
2022-07-28 14:12:00,6425,6400,6425,6400,2000
2022-07-28 14:13:00,6400,6400,6425,6425,2600
2022-07-28 14:14:00,6400,6400,6425,6425,9300
2022-07-28 14:15:00,6425,6400,6425,6425,9600
2022-07-28 14:16:00,6425,6400,6425,6400,39100
2022-07-28 14:17:00,6400,6400,6425,6425,4900
2022-07-28 14:18:00,6425,6400,6425,6425,5600
2022-07-28 14:19:00,6425,6400,6425,6425,19100
2022-07-28 14:20:00,6425,6425,6425,6425,500
2022-07-28 14:21:00,6425,6400,6425,6400,15200
2022-07-28 14:22:00,6400,6400,6425,6425,17300
2022-07-28 14:23:00,6425,6400,6425,6425,46500
2022-07-28 14:24:00,6425,6400,6425,6400,2600
2022-07-28 14:25:00,6400,6400,6425,6400,29000
2022-07-28 14:26:00,6400,6400,6425,6400,14500
2022-07-28 14:27:00,6400,6400,6400,6400,11300
2022-07-28 14:28:00,6400,6400,6400,6400,11700
2022-07-28 14:29:00,6400,6375,6400,6375,48000
2022-07-28 14:30:00,6375,6375,6400,6375,5000
2022-07-28 14:31:00,6375,6375,6400,6375,5800
2022-07-28 14:32:00,6375,6375,6375,6375,4300
2022-07-28 14:33:00,6375,6375,6400,6400,4200
2022-07-28 14:34:00,6375,6375,6400,6375,5800
2022-07-28 14:35:00,6375,6375,6400,6400,3600
2022-07-28 14:36:00,6400,6375,6400,6375,39900
2022-07-28 14:37:00,6400,6375,6400,6375,32000
2022-07-28 14:38:00,6375,6375,6400,6375,3600
2022-07-28 14:39:00,6375,6375,6400,6375,2900
2022-07-28 14:40:00,6400,6375,6400,6375,46000
2022-07-28 14:41:00,6375,6375,6400,6400,18700
2022-07-28 14:42:00,6400,6400,6400,6400,3100
2022-07-28 14:43:00,6400,6375,6400,6375,17400
2022-07-28 14:44:00,6400,6375,6400,6375,33000
2022-07-28 14:45:00,6375,6375,6400,6375,8800
2022-07-28 14:46:00,6375,6375,6400,6375,20600
2022-07-28 14:47:00,6375,6375,6400,6400,25700
2022-07-28 14:48:00,6375,6375,6400,6375,57900
2022-07-28 14:49:00,6375,6375,6400,6400,53000
2022-07-28 14:50:00,6375,6375,6400,6400,0
2022-07-28 14:51:00,6375,6375,6400,6400,0
2022-07-28 14:52:00,6375,6375,6400,6400,0
2022-07-28 14:53:00,6375,6375,6400,6400,0
2022-07-28 14:54:00,6375,6375,6400,6400,0
2022-07-28 14:55:00,6375,6375,6400,6400,0
2022-07-28 14:56:00,6375,6375,6400,6400,0
2022-07-28 14:57:00,6375,6375,6400,6400,0
2022-07-28 14:58:00,6375,6375,6400,6400,0
2022-07-28 14:59:00,6375,6375,6400,6400,0
2022-07-28 15:00:00,6375,6375,6400,6400,0
2022-07-28 15:01:00,6400,6400,6400,6400,170200
2022-07-28 15:02:00,6400,6400,6400,6400,4000
2022-07-28 15:03:00,6400,6400,6400,6400,3000
2022-07-28 15:04:00,6400,6400,6400,6400,74000
2022-07-28 15:05:00,6400,6400,6400,6400,0
2022-07-28 15:06:00,6400,6400,6400,6400,0
2022-07-28 15:07:00,6400,6400,6400,6400,0
2022-07-28 15:08:00,6400,6400,6400,6400,400
2022-07-28 15:09:00,6400,6400,6400,6400,100200
2022-07-28 15:10:00,6400,6400,6400,6400,5500
2022-07-28 15:11:00,6400,6400,6400,6400,0
2022-07-28 15:12:00,6400,6400,6400,6400,0
2022-07-28 15:13:00,6400,6400,6400,6400,0
2022-07-28 15:14:00,6400,6400,6400,6400,0
2022-07-28 15:15:00,6400,6400,6400,6400,0
2022-07-28 15:16:00,6400,6400,6400,6400,0
2022-07-28 15:17:00,6400,6400,6400,6400,0
2022-07-28 15:18:00,6400,6400,6400,6400,0
2022-07-28 15:19:00,6400,6400,6400,6400,0
2022-07-28 15:20:00,6400,6400,6400,6400,0
2022-07-28 15:21:00,6400,6400,6400,6400,0
2022-07-28 15:22:00,6400,6400,6400,6400,0
2022-07-28 15:23:00,6400,6400,6400,6400,0
2022-07-28 15:24:00,6400,6400,6400,6400,0
2022-07-28 15:25:00,6400,6400,6400,6400,0
2022-07-28 15:26:00,6400,6400,6400,6400,0
2022-07-28 15:27:00,6400,6400,6400,6400,0
2022-07-28 15:28:00,6400,6400,6400,6400,0
2022-07-28 15:29:00,6400,6400,6400,6400,0
2022-07-28 15:30:00,6400,6400,6400,6400,0
2022-07-28 15:31:00,6400,6400,6400,6400,0
2022-07-28 15:32:00,6400,6400,6400,6400,0
2022-07-28 15:33:00,6400,6400,6400,6400,0
2022-07-28 15:34:00,6400,6400,6400,6400,0
2022-07-28 15:35:00,6400,6400,6400,6400,0
2022-07-28 15:36:00,6400,6400,6400,6400,0
2022-07-28 15:37:00,6400,6400,6400,6400,0
2022-07-28 15:38:00,6400,6400,6400,6400,0
2022-07-28 15:39:00,6400,6400,6400,6400,0
2022-07-28 15:40:00,6400,6400,6400,6400,0
2022-07-28 15:41:00,6400,6400,6400,6400,0
2022-07-28 15:42:00,6400,6400,6400,6400,0
2022-07-28 15:43:00,6400,6400,6400,6400,0
2022-07-28 15:44:00,6400,6400,6400,6400,0
2022-07-28 15:45:00,6400,6400,6400,6400,0
2022-07-28 15:46:00,6400,6400,6400,6400,0
2022-07-28 15:47:00,6400,6400,6400,6400,0
2022-07-28 15:48:00,6400,6400,6400,6400,0
2022-07-28 15:49:00,6400,6400,6400,6400,0
2022-07-28 15:50:00,6400,6400,6400,6400,0
2022-07-28 15:51:00,6400,6400,6400,6400,0
2022-07-28 15:52:00,6400,6400,6400,6400,0
2022-07-28 15:53:00,6400,6400,6400,6400,0
2022-07-28 15:54:00,6400,6400,6400,6400,0
2022-07-28 15:55:00,6400,6400,6400,6400,0
2022-07-28 15:56:00,6400,6400,6400,6400,0
2022-07-28 15:57:00,6400,6400,6400,6400,0
2022-07-28 15:58:00,6400,6400,6400,6400,0
2022-07-28 15:59:00,6400,6400,6400,6400,0
2022-07-29 09:00:00,6500,6425,6500,6475,23000
2022-07-29 09:01:00,6475,6450,6475,6475,17300
2022-07-29 09:02:00,6425,6425,6425,6425,5700
2022-07-29 09:03:00,6425,6425,6425,6425,0
2022-07-29 09:04:00,6425,6425,6450,6450,48400
2022-07-29 09:05:00,6425,6425,6425,6425,6500
2022-07-29 09:06:00,6425,6425,6425,6425,1600
2022-07-29 09:07:00,6400,6375,6425,6375,80800
2022-07-29 09:08:00,6375,6375,6375,6375,1300
2022-07-29 09:09:00,6400,6400,6400,6400,700
2022-07-29 09:10:00,6375,6375,6400,6400,0
2022-07-29 09:11:00,6400,6400,6425,6425,43400
2022-07-29 09:12:00,6400,6400,6425,6425,3200
2022-07-29 09:13:00,6400,6400,6400,6400,24300
2022-07-29 09:14:00,6400,6400,6425,6400,18000
2022-07-29 09:15:00,6400,6400,6450,6425,3400
2022-07-29 09:16:00,6425,6400,6425,6400,2900
2022-07-29 09:17:00,6400,6400,6400,6400,4700
2022-07-29 09:18:00,6400,6400,6400,6400,3000
2022-07-29 09:19:00,6400,6400,6400,6400,5500
2022-07-29 09:20:00,6425,6400,6425,6400,3200
2022-07-29 09:21:00,6400,6400,6425,6400,5000
2022-07-29 09:22:00,6400,6375,6400,6400,14800
2022-07-29 09:23:00,6400,6375,6400,6400,4600
2022-07-29 09:24:00,6375,6375,6400,6375,3600
2022-07-29 09:25:00,6400,6375,6400,6375,5200
2022-07-29 09:26:00,6375,6375,6375,6375,14200
2022-07-29 09:27:00,6375,6375,6400,6375,11500
2022-07-29 09:28:00,6375,6350,6375,6350,40400
2022-07-29 09:29:00,6350,6350,6375,6350,3100
2022-07-29 09:30:00,6350,6350,6350,6350,4400
2022-07-29 09:31:00,6350,6350,6350,6350,3100
2022-07-29 09:32:00,6350,6325,6350,6350,90200
2022-07-29 09:33:00,6325,6325,6350,6325,6500
2022-07-29 09:34:00,6325,6325,6325,6325,12000
2022-07-29 09:35:00,6325,6325,6350,6325,3700
2022-07-29 09:36:00,6325,6325,6325,6325,3200
2022-07-29 09:37:00,6325,6325,6350,6350,25700
2022-07-29 09:38:00,6350,6350,6375,6350,4200
2022-07-29 09:39:00,6350,6350,6375,6350,3200
2022-07-29 09:40:00,6350,6350,6350,6350,2700
2022-07-29 09:41:00,6350,6350,6350,6350,3400
2022-07-29 09:42:00,6350,6350,6350,6350,4000
2022-07-29 09:43:00,6350,6350,6350,6350,3000
2022-07-29 09:44:00,6350,6350,6375,6350,3700
2022-07-29 09:45:00,6350,6350,6350,6350,2500
2022-07-29 09:46:00,6375,6350,6375,6350,3700
2022-07-29 09:47:00,6350,6350,6350,6350,9500
2022-07-29 09:48:00,6350,6325,6350,6325,19200
2022-07-29 09:49:00,6325,6325,6325,6325,5600
2022-07-29 09:50:00,6325,6325,6325,6325,3600
2022-07-29 09:51:00,6325,6325,6350,6350,3600
2022-07-29 09:52:00,6350,6325,6350,6350,13700
2022-07-29 09:53:00,6350,6325,6375,6375,6100
2022-07-29 09:54:00,6350,6350,6350,6350,3300
2022-07-29 09:55:00,6350,6350,6350,6350,3000
2022-07-29 09:56:00,6350,6350,6350,6350,3000
2022-07-29 09:57:00,6350,6325,6350,6325,15200
2022-07-29 09:58:00,6325,6325,6350,6350,5000
2022-07-29 09:59:00,6350,6350,6350,6350,3700
2022-07-29 10:00:00,6350,6350,6350,6350,4100
2022-07-29 10:01:00,6350,6350,6350,6350,3500
2022-07-29 10:02:00,6350,6350,6350,6350,3500
2022-07-29 10:03:00,6350,6350,6350,6350,4100
2022-07-29 10:04:00,6350,6350,6375,6350,3200
2022-07-29 10:05:00,6350,6350,6350,6350,8500
2022-07-29 10:06:00,6350,6350,6375,6350,3900
2022-07-29 10:07:00,6350,6350,6350,6350,3500
2022-07-29 10:08:00,6350,6350,6350,6350,9900
2022-07-29 10:09:00,6350,6350,6350,6350,4700
2022-07-29 10:10:00,6350,6325,6350,6325,7700
2022-07-29 10:11:00,6325,6325,6350,6325,17600
2022-07-29 10:12:00,6325,6325,6350,6350,3100
2022-07-29 10:13:00,6350,6325,6350,6350,8000
2022-07-29 10:14:00,6350,6325,6350,6350,800
2022-07-29 10:15:00,6350,6350,6350,6350,1800
2022-07-29 10:16:00,6350,6350,6350,6350,0
2022-07-29 10:17:00,6350,6350,6350,6350,0
2022-07-29 10:18:00,6350,6350,6350,6350,2600
2022-07-29 10:19:00,6350,6350,6375,6375,12300
2022-07-29 10:20:00,6375,6375,6375,6375,0
2022-07-29 10:21:00,6375,6350,6375,6350,300
2022-07-29 10:22:00,6350,6350,6350,6350,500
2022-07-29 10:23:00,6350,6350,6350,6350,0
2022-07-29 10:24:00,6350,6350,6350,6350,0
2022-07-29 10:25:00,6350,6350,6350,6350,0
2022-07-29 10:26:00,6350,6350,6350,6350,800
2022-07-29 10:27:00,6350,6350,6350,6350,3800
2022-07-29 10:28:00,6375,6375,6375,6375,0
2022-07-29 10:29:00,6375,6375,6375,6375,3100
2022-07-29 10:30:00,6375,6375,6375,6375,300
2022-07-29 10:31:00,6375,6350,6375,6350,5100
2022-07-29 10:32:00,6375,6375,6375,6375,500
2022-07-29 10:33:00,6375,6375,6375,6375,0
2022-07-29 10:34:00,6350,6350,6350,6350,6100
2022-07-29 10:35:00,6350,6350,6350,6350,0
2022-07-29 10:36:00,6375,6375,6375,6375,0
2022-07-29 10:37:00,6375,6350,6375,6350,2500
2022-07-29 10:38:00,6350,6350,6375,6375,1600
2022-07-29 10:39:00,6350,6350,6350,6350,400
2022-07-29 10:40:00,6375,6350,6375,6375,3200
2022-07-29 10:41:00,6375,6350,6375,6350,1200
2022-07-29 10:42:00,6375,6375,6375,6375,500
2022-07-29 10:43:00,6350,6350,6350,6350,600
2022-07-29 10:44:00,6350,6350,6350,6350,0
2022-07-29 10:45:00,6350,6350,6350,6350,0
2022-07-29 10:46:00,6350,6350,6350,6350,200
2022-07-29 10:47:00,6375,6375,6375,6375,700
2022-07-29 10:48:00,6350,6350,6350,6350,600
2022-07-29 10:49:00,6375,6375,6375,6375,0
2022-07-29 10:50:00,6375,6375,6375,6375,0
2022-07-29 10:51:00,6375,6375,6375,6375,0
2022-07-29 10:52:00,6375,6375,6375,6375,100
2022-07-29 10:53:00,6375,6375,6375,6375,0
2022-07-29 10:54:00,6375,6350,6375,6350,700
2022-07-29 10:55:00,6375,6375,6375,6375,200
2022-07-29 10:56:00,6375,6375,6375,6375,0
2022-07-29 10:57:00,6375,6375,6375,6375,0
2022-07-29 10:58:00,6350,6350,6375,6375,1200
2022-07-29 10:59:00,6350,6300,6350,6300,355000
2022-07-29 11:00:00,6325,6325,6325,6325,0
2022-07-29 11:01:00,6300,6300,6300,6300,1100
2022-07-29 11:02:00,6300,6300,6325,6325,3600
2022-07-29 11:03:00,6300,6300,6325,6300,12500
2022-07-29 11:04:00,6325,6300,6325,6300,39500
2022-07-29 11:05:00,6325,6325,6325,6325,18600
2022-07-29 11:06:00,6325,6325,6325,6325,21900
2022-07-29 11:07:00,6325,6325,6325,6325,0
2022-07-29 11:08:00,6325,6325,6325,6325,2500
2022-07-29 11:09:00,6325,6300,6325,6300,10700
2022-07-29 11:10:00,6325,6300,6325,6300,0
2022-07-29 11:11:00,6325,6325,6325,6325,10700
2022-07-29 11:12:00,6325,6300,6325,6300,700
2022-07-29 11:13:00,6325,6300,6325,6300,0
2022-07-29 11:14:00,6325,6325,6325,6325,200
2022-07-29 11:15:00,6300,6300,6325,6325,5300
2022-07-29 11:16:00,6325,6325,6325,6325,900
2022-07-29 11:17:00,6300,6300,6325,6325,17600
2022-07-29 11:18:00,6325,6325,6325,6325,1100
2022-07-29 11:19:00,6300,6300,6325,6325,22100
2022-07-29 11:20:00,6325,6325,6325,6325,0
2022-07-29 11:21:00,6325,6325,6325,6325,0
2022-07-29 11:22:00,6325,6325,6325,6325,0
2022-07-29 11:23:00,6300,6300,6325,6300,24800
2022-07-29 11:24:00,6300,6300,6300,6300,1000
2022-07-29 11:25:00,6325,6300,6325,6325,500
2022-07-29 11:26:00,6300,6300,6325,6325,12000
2022-07-29 11:27:00,6325,6325,6325,6325,2800
2022-07-29 11:28:00,6325,6325,6325,6325,0
2022-07-29 11:29:00,6325,6300,6325,6325,4200
2022-07-29 11:30:00,6325,6300,6325,6325,0
2022-07-29 11:31:00,6325,6300,6325,6325,0
2022-07-29 11:32:00,6325,6300,6325,6325,0
2022-07-29 11:33:00,6325,6300,6325,6325,0
2022-07-29 11:34:00,6325,6300,6325,6325,0
2022-07-29 11:35:00,6325,6300,6325,6325,0
2022-07-29 11:36:00,6325,6300,6325,6325,0
2022-07-29 11:37:00,6325,6300,6325,6325,0
2022-07-29 11:38:00,6325,6300,6325,6325,0
2022-07-29 11:39:00,6325,6300,6325,6325,0
2022-07-29 11:40:00,6325,6300,6325,6325,0
2022-07-29 11:41:00,6325,6300,6325,6325,0
2022-07-29 11:42:00,6325,6300,6325,6325,0
2022-07-29 11:43:00,6325,6300,6325,6325,0
2022-07-29 11:44:00,6325,6300,6325,6325,0
2022-07-29 11:45:00,6325,6300,6325,6325,0
2022-07-29 11:46:00,6325,6300,6325,6325,0
2022-07-29 11:47:00,6325,6300,6325,6325,0
2022-07-29 11:48:00,6325,6300,6325,6325,0
2022-07-29 11:49:00,6325,6300,6325,6325,0
2022-07-29 11:50:00,6325,6300,6325,6325,0
2022-07-29 11:51:00,6325,6300,6325,6325,0
2022-07-29 11:52:00,6325,6300,6325,6325,0
2022-07-29 11:53:00,6325,6300,6325,6325,0
2022-07-29 11:54:00,6325,6300,6325,6325,0
2022-07-29 11:55:00,6325,6300,6325,6325,0
2022-07-29 11:56:00,6325,6300,6325,6325,0
2022-07-29 11:57:00,6325,6300,6325,6325,0
2022-07-29 11:58:00,6325,6300,6325,6325,0
2022-07-29 11:59:00,6325,6300,6325,6325,0
2022-07-29 12:00:00,6325,6300,6325,6325,0
2022-07-29 12:01:00,6325,6300,6325,6325,0
2022-07-29 12:02:00,6325,6300,6325,6325,0
2022-07-29 12:03:00,6325,6300,6325,6325,0
2022-07-29 12:04:00,6325,6300,6325,6325,0
2022-07-29 12:05:00,6325,6300,6325,6325,0
2022-07-29 12:06:00,6325,6300,6325,6325,0
2022-07-29 12:07:00,6325,6300,6325,6325,0
2022-07-29 12:08:00,6325,6300,6325,6325,0
2022-07-29 12:09:00,6325,6300,6325,6325,0
2022-07-29 12:10:00,6325,6300,6325,6325,0
2022-07-29 12:11:00,6325,6300,6325,6325,0
2022-07-29 12:12:00,6325,6300,6325,6325,0
2022-07-29 12:13:00,6325,6300,6325,6325,0
2022-07-29 12:14:00,6325,6300,6325,6325,0
2022-07-29 12:15:00,6325,6300,6325,6325,0
2022-07-29 12:16:00,6325,6300,6325,6325,0
2022-07-29 12:17:00,6325,6300,6325,6325,0
2022-07-29 12:18:00,6325,6300,6325,6325,0
2022-07-29 12:19:00,6325,6300,6325,6325,0
2022-07-29 12:20:00,6325,6300,6325,6325,0
2022-07-29 12:21:00,6325,6300,6325,6325,0
2022-07-29 12:22:00,6325,6300,6325,6325,0
2022-07-29 12:23:00,6325,6300,6325,6325,0
2022-07-29 12:24:00,6325,6300,6325,6325,0
2022-07-29 12:25:00,6325,6300,6325,6325,0
2022-07-29 12:26:00,6325,6300,6325,6325,0
2022-07-29 12:27:00,6325,6300,6325,6325,0
2022-07-29 12:28:00,6325,6300,6325,6325,0
2022-07-29 12:29:00,6325,6300,6325,6325,0
2022-07-29 12:30:00,6325,6300,6325,6325,0
2022-07-29 12:31:00,6325,6300,6325,6325,0
2022-07-29 12:32:00,6325,6300,6325,6325,0
2022-07-29 12:33:00,6325,6300,6325,6325,0
2022-07-29 12:34:00,6325,6300,6325,6325,0
2022-07-29 12:35:00,6325,6300,6325,6325,0
2022-07-29 12:36:00,6325,6300,6325,6325,0
2022-07-29 12:37:00,6325,6300,6325,6325,0
2022-07-29 12:38:00,6325,6300,6325,6325,0
2022-07-29 12:39:00,6325,6300,6325,6325,0
2022-07-29 12:40:00,6325,6300,6325,6325,0
2022-07-29 12:41:00,6325,6300,6325,6325,0
2022-07-29 12:42:00,6325,6300,6325,6325,0
2022-07-29 12:43:00,6325,6300,6325,6325,0
2022-07-29 12:44:00,6325,6300,6325,6325,0
2022-07-29 12:45:00,6325,6300,6325,6325,0
2022-07-29 12:46:00,6325,6300,6325,6325,0
2022-07-29 12:47:00,6325,6300,6325,6325,0
2022-07-29 12:48:00,6325,6300,6325,6325,0
2022-07-29 12:49:00,6325,6300,6325,6325,0
2022-07-29 12:50:00,6325,6300,6325,6325,0
2022-07-29 12:51:00,6325,6300,6325,6325,0
2022-07-29 12:52:00,6325,6300,6325,6325,0
2022-07-29 12:53:00,6325,6300,6325,6325,0
2022-07-29 12:54:00,6325,6300,6325,6325,0
2022-07-29 12:55:00,6325,6300,6325,6325,0
2022-07-29 12:56:00,6325,6300,6325,6325,0
2022-07-29 12:57:00,6325,6300,6325,6325,0
2022-07-29 12:58:00,6325,6300,6325,6325,0
2022-07-29 12:59:00,6325,6300,6325,6325,0
2022-07-29 13:00:00,6325,6300,6325,6325,0
2022-07-29 13:01:00,6325,6300,6325,6325,0
2022-07-29 13:02:00,6325,6300,6325,6325,0
2022-07-29 13:03:00,6325,6300,6325,6325,0
2022-07-29 13:04:00,6325,6300,6325,6325,0
2022-07-29 13:05:00,6325,6300,6325,6325,0
2022-07-29 13:06:00,6325,6300,6325,6325,0
2022-07-29 13:07:00,6325,6300,6325,6325,0
2022-07-29 13:08:00,6325,6300,6325,6325,0
2022-07-29 13:09:00,6325,6300,6325,6325,0
2022-07-29 13:10:00,6325,6300,6325,6325,0
2022-07-29 13:11:00,6325,6300,6325,6325,0
2022-07-29 13:12:00,6325,6300,6325,6325,0
2022-07-29 13:13:00,6325,6300,6325,6325,0
2022-07-29 13:14:00,6325,6300,6325,6325,0
2022-07-29 13:15:00,6325,6300,6325,6325,0
2022-07-29 13:16:00,6325,6300,6325,6325,0
2022-07-29 13:17:00,6325,6300,6325,6325,0
2022-07-29 13:18:00,6325,6300,6325,6325,0
2022-07-29 13:19:00,6325,6300,6325,6325,0
2022-07-29 13:20:00,6325,6300,6325,6325,0
2022-07-29 13:21:00,6325,6300,6325,6325,0
2022-07-29 13:22:00,6325,6300,6325,6325,0
2022-07-29 13:23:00,6325,6300,6325,6325,0
2022-07-29 13:24:00,6325,6300,6325,6325,0
2022-07-29 13:25:00,6325,6300,6325,6325,0
2022-07-29 13:26:00,6325,6300,6325,6325,0
2022-07-29 13:27:00,6325,6300,6325,6325,0
2022-07-29 13:28:00,6325,6300,6325,6325,0
2022-07-29 13:29:00,6325,6300,6325,6325,0
2022-07-29 13:30:00,6325,6300,6325,6300,21800
2022-07-29 13:31:00,6325,6325,6325,6325,5900
2022-07-29 13:32:00,6300,6300,6325,6325,1600
2022-07-29 13:33:00,6300,6300,6325,6325,1000
2022-07-29 13:34:00,6325,6325,6325,6325,4400
2022-07-29 13:35:00,6325,6325,6325,6325,200
2022-07-29 13:36:00,6325,6300,6325,6300,300
2022-07-29 13:37:00,6325,6300,6325,6300,0
2022-07-29 13:38:00,6325,6325,6325,6325,200
2022-07-29 13:39:00,6325,6325,6325,6325,22600
2022-07-29 13:40:00,6325,6325,6325,6325,69000
2022-07-29 13:41:00,6325,6325,6325,6325,0
2022-07-29 13:42:00,6350,6350,6350,6350,25200
2022-07-29 13:43:00,6350,6350,6350,6350,0
2022-07-29 13:44:00,6350,6325,6350,6325,800
2022-07-29 13:45:00,6350,6325,6350,6325,6100
2022-07-29 13:46:00,6325,6325,6350,6325,100800
2022-07-29 13:47:00,6300,6300,6325,6325,21200
2022-07-29 13:48:00,6325,6325,6325,6325,0
2022-07-29 13:49:00,6325,6325,6325,6325,47500
2022-07-29 13:50:00,6325,6325,6325,6325,8900
2022-07-29 13:51:00,6325,6325,6325,6325,0
2022-07-29 13:52:00,6325,6325,6325,6325,9400
2022-07-29 13:53:00,6325,6325,6350,6350,0
2022-07-29 13:54:00,6325,6325,6350,6350,0
2022-07-29 13:55:00,6350,6350,6350,6350,10000
2022-07-29 13:56:00,6325,6325,6325,6325,0
2022-07-29 13:57:00,6350,6350,6350,6350,0
2022-07-29 13:58:00,6350,6350,6350,6350,0
2022-07-29 13:59:00,6325,6325,6325,6325,300
2022-07-29 14:00:00,6350,6325,6350,6325,19900
2022-07-29 14:01:00,6325,6325,6325,6325,0
2022-07-29 14:02:00,6350,6325,6350,6325,100
2022-07-29 14:03:00,6350,6325,6350,6325,0
2022-07-29 14:04:00,6350,6325,6350,6350,1900
2022-07-29 14:05:00,6350,6325,6350,6325,18000
2022-07-29 14:06:00,6325,6325,6325,6325,72700
2022-07-29 14:07:00,6325,6325,6325,6325,21700
2022-07-29 14:08:00,6300,6300,6325,6325,82300
2022-07-29 14:09:00,6300,6300,6325,6300,0
2022-07-29 14:10:00,6325,6300,6325,6300,1300
2022-07-29 14:11:00,6300,6300,6300,6300,54000
2022-07-29 14:12:00,6300,6300,6300,6300,0
2022-07-29 14:13:00,6325,6325,6325,6325,14800
2022-07-29 14:14:00,6325,6325,6325,6325,0
2022-07-29 14:15:00,6325,6325,6325,6325,3000
2022-07-29 14:16:00,6325,6325,6325,6325,14800
2022-07-29 14:17:00,6300,6300,6325,6325,15600
2022-07-29 14:18:00,6325,6300,6325,6325,2900
2022-07-29 14:19:00,6325,6325,6325,6325,2200
2022-07-29 14:20:00,6300,6300,6325,6325,38400
2022-07-29 14:21:00,6325,6325,6325,6325,1500
2022-07-29 14:22:00,6325,6325,6325,6325,21800
2022-07-29 14:23:00,6325,6300,6325,6325,18000
2022-07-29 14:24:00,6300,6300,6325,6325,16700
2022-07-29 14:25:00,6325,6325,6325,6325,4200
2022-07-29 14:26:00,6325,6300,6325,6325,4600
2022-07-29 14:27:00,6300,6300,6325,6325,5000
2022-07-29 14:28:00,6300,6300,6325,6325,47900
2022-07-29 14:29:00,6325,6300,6325,6325,12800
2022-07-29 14:30:00,6325,6325,6325,6325,3000
2022-07-29 14:31:00,6300,6300,6325,6325,43500
2022-07-29 14:32:00,6325,6300,6325,6325,4600
2022-07-29 14:33:00,6300,6300,6325,6325,2500
2022-07-29 14:34:00,6325,6325,6325,6325,3500
2022-07-29 14:35:00,6300,6275,6325,6275,129000
2022-07-29 14:36:00,6300,6300,6300,6300,200
2022-07-29 14:37:00,6275,6275,6300,6300,25400
2022-07-29 14:38:00,6275,6275,6300,6275,63100
2022-07-29 14:39:00,6275,6275,6275,6275,22300
2022-07-29 14:40:00,6275,6275,6300,6275,117500
2022-07-29 14:41:00,6275,6275,6300,6300,1800
2022-07-29 14:42:00,6275,6275,6300,6300,26200
2022-07-29 14:43:00,6275,6275,6300,6300,8900
2022-07-29 14:44:00,6275,6275,6300,6275,69500
2022-07-29 14:45:00,6300,6300,6350,6350,409500
2022-07-29 14:46:00,6350,6325,6350,6325,66800
2022-07-29 14:47:00,6325,6325,6325,6325,2000
2022-07-29 14:48:00,6325,6325,6350,6350,3600
2022-07-29 14:49:00,6325,6300,6325,6300,300
2022-07-29 14:50:00,6325,6300,6325,6300,0
2022-07-29 14:51:00,6325,6300,6325,6300,0
2022-07-29 14:52:00,6325,6300,6325,6300,0
2022-07-29 14:53:00,6325,6300,6325,6300,0
2022-07-29 14:54:00,6325,6300,6325,6300,0
2022-07-29 14:55:00,6325,6300,6325,6300,0
2022-07-29 14:56:00,6325,6300,6325,6300,0
2022-07-29 14:57:00,6325,6300,6325,6300,0
2022-07-29 14:58:00,6325,6300,6325,6300,0
2022-07-29 14:59:00,6325,6300,6325,6300,0
2022-07-29 15:00:00,6375,6375,6375,6375,353500
2022-07-29 15:01:00,6375,6375,6375,6375,800
2022-07-29 15:02:00,6375,6375,6375,6375,99600
2022-07-29 15:03:00,6375,6375,6375,6375,0
2022-07-29 15:04:00,6375,6375,6375,6375,27000
2022-07-29 15:05:00,6375,6375,6375,6375,2000
2022-07-29 15:06:00,6375,6375,6375,6375,8000
2022-07-29 15:07:00,6375,6375,6375,6375,600
2022-07-29 15:08:00,6375,6375,6375,6375,32100
2022-07-29 15:09:00,6375,6375,6375,6375,2100
2022-07-29 15:10:00,6375,6375,6375,6375,10300
2022-07-29 15:11:00,6375,6375,6375,6375,0
2022-07-29 15:12:00,6375,6375,6375,6375,0
2022-07-29 15:13:00,6375,6375,6375,6375,100
2022-07-29 15:14:00,6375,6375,6375,6375,0
2022-07-29 15:15:00,6375,6375,6375,6375,0
2022-07-29 15:16:00,6375,6375,6375,6375,0
2022-07-29 15:17:00,6375,6375,6375,6375,0
2022-07-29 15:18:00,6375,6375,6375,6375,0
2022-07-29 15:19:00,6375,6375,6375,6375,0
2022-07-29 15:20:00,6375,6375,6375,6375,0
2022-07-29 15:21:00,6375,6375,6375,6375,0
2022-07-29 15:22:00,6375,6375,6375,6375,0
2022-07-29 15:23:00,6375,6375,6375,6375,0
2022-07-29 15:24:00,6375,6375,6375,6375,0
2022-07-29 15:25:00,6375,6375,6375,6375,0
2022-07-29 15:26:00,6375,6375,6375,6375,0
2022-07-29 15:27:00,6375,6375,6375,6375,0
2022-07-29 15:28:00,6375,6375,6375,6375,0
2022-07-29 15:29:00,6375,6375,6375,6375,0
2022-07-29 15:30:00,6375,6375,6375,6375,0
2022-07-29 15:31:00,6375,6375,6375,6375,0
2022-07-29 15:32:00,6375,6375,6375,6375,0
2022-07-29 15:33:00,6375,6375,6375,6375,0
2022-07-29 15:34:00,6375,6375,6375,6375,0
2022-07-29 15:35:00,6375,6375,6375,6375,0
2022-07-29 15:36:00,6375,6375,6375,6375,0
2022-07-29 15:37:00,6375,6375,6375,6375,0
2022-07-29 15:38:00,6375,6375,6375,6375,0
2022-07-29 15:39:00,6375,6375,6375,6375,0
2022-07-29 15:40:00,6375,6375,6375,6375,0
2022-07-29 15:41:00,6375,6375,6375,6375,0
2022-07-29 15:42:00,6375,6375,6375,6375,0
2022-07-29 15:43:00,6375,6375,6375,6375,0
2022-07-29 15:44:00,6375,6375,6375,6375,0
2022-07-29 15:45:00,6375,6375,6375,6375,0
2022-07-29 15:46:00,6375,6375,6375,6375,0
2022-07-29 15:47:00,6375,6375,6375,6375,0
2022-07-29 15:48:00,6375,6375,6375,6375,0
2022-07-29 15:49:00,6375,6375,6375,6375,0
2022-07-29 15:50:00,6375,6375,6375,6375,0
2022-07-29 15:51:00,6375,6375,6375,6375,0
2022-07-29 15:52:00,6375,6375,6375,6375,0
2022-07-29 15:53:00,6375,6375,6375,6375,0
2022-07-29 15:54:00,6375,6375,6375,6375,0
2022-07-29 15:55:00,6375,6375,6375,6375,0
2022-07-29 15:56:00,6375,6375,6375,6375,0
2022-07-29 15:57:00,6375,6375,6375,6375,0
2022-07-29 15:58:00,6375,6375,6375,6375,0
2022-07-29 15:59:00,6375,6375,6375,6375,0
2022-08-01 09:00:00,6400,6350,6425,6400,0
2022-08-01 09:01:00,6375,6375,6400,6400,26400
2022-08-01 09:02:00,6375,6375,6400,6400,0
2022-08-01 09:03:00,6375,6350,6375,6350,15100
2022-08-01 09:04:00,6350,6350,6375,6350,1700
2022-08-01 09:05:00,6350,6350,6350,6350,2500
2022-08-01 09:06:00,6350,6350,6375,6350,11400
2022-08-01 09:07:00,6350,6350,6375,6375,1300
2022-08-01 09:08:00,6350,6350,6350,6350,1400
2022-08-01 09:09:00,6350,6350,6350,6350,39800
2022-08-01 09:10:00,6350,6325,6350,6325,38300
2022-08-01 09:11:00,6325,6325,6325,6325,1000
2022-08-01 09:12:00,6325,6325,6375,6350,22000
2022-08-01 09:13:00,6350,6350,6350,6350,700
2022-08-01 09:14:00,6350,6350,6350,6350,0
2022-08-01 09:15:00,6350,6350,6350,6350,0
2022-08-01 09:16:00,6350,6350,6350,6350,22400
2022-08-01 09:17:00,6350,6350,6350,6350,3300
2022-08-01 09:18:00,6375,6375,6375,6375,0
2022-08-01 09:19:00,6350,6350,6350,6350,200
2022-08-01 09:20:00,6350,6350,6350,6350,0
2022-08-01 09:21:00,6350,6350,6375,6375,300
2022-08-01 09:22:00,6350,6350,6375,6375,400
2022-08-01 09:23:00,6350,6350,6375,6375,2700
2022-08-01 09:24:00,6375,6375,6375,6375,800
2022-08-01 09:25:00,6375,6375,6375,6375,200
2022-08-01 09:26:00,6375,6375,6375,6375,15800
2022-08-01 09:27:00,6375,6375,6375,6375,0
2022-08-01 09:28:00,6400,6400,6425,6425,27100
2022-08-01 09:29:00,6400,6400,6400,6400,46800
2022-08-01 09:30:00,6400,6400,6425,6400,17200
2022-08-01 09:31:00,6400,6400,6400,6400,500
2022-08-01 09:32:00,6400,6400,6400,6400,0
2022-08-01 09:33:00,6375,6375,6400,6400,2000
2022-08-01 09:34:00,6400,6375,6400,6375,1100
2022-08-01 09:35:00,6400,6375,6400,6375,0
2022-08-01 09:36:00,6400,6375,6400,6375,2100
2022-08-01 09:37:00,6400,6375,6400,6375,0
2022-08-01 09:38:00,6400,6400,6400,6400,200
2022-08-01 09:39:00,6375,6375,6375,6375,500
2022-08-01 09:40:00,6375,6375,6375,6375,0
2022-08-01 09:41:00,6375,6375,6375,6375,22200
2022-08-01 09:42:00,6375,6350,6375,6350,24400
2022-08-01 09:43:00,6375,6375,6375,6375,0
2022-08-01 09:44:00,6375,6375,6375,6375,0
2022-08-01 09:45:00,6375,6375,6375,6375,0
2022-08-01 09:46:00,6375,6350,6375,6350,1500
2022-08-01 09:47:00,6375,6350,6375,6350,11500
2022-08-01 09:48:00,6375,6375,6375,6375,0
2022-08-01 09:49:00,6375,6375,6375,6375,0
2022-08-01 09:50:00,6375,6350,6375,6350,48900
2022-08-01 09:51:00,6350,6350,6350,6350,5000
2022-08-01 09:52:00,6350,6350,6375,6350,1400
2022-08-01 09:53:00,6350,6350,6375,6375,1200
2022-08-01 09:54:00,6375,6375,6375,6375,1100
2022-08-01 09:55:00,6375,6375,6375,6375,3700
2022-08-01 09:56:00,6375,6375,6375,6375,0
2022-08-01 09:57:00,6375,6350,6375,6350,200
2022-08-01 09:58:00,6375,6350,6375,6350,0
2022-08-01 09:59:00,6375,6375,6375,6375,0
2022-08-01 10:00:00,6375,6375,6375,6375,11600
2022-08-01 10:01:00,6350,6350,6350,6350,7600
2022-08-01 10:02:00,6350,6350,6350,6350,0
2022-08-01 10:03:00,6350,6350,6350,6350,0
2022-08-01 10:04:00,6350,6350,6350,6350,900
2022-08-01 10:05:00,6350,6350,6350,6350,0
2022-08-01 10:06:00,6350,6350,6350,6350,0
2022-08-01 10:07:00,6350,6350,6350,6350,0
2022-08-01 10:08:00,6350,6325,6350,6325,77000
2022-08-01 10:09:00,6350,6325,6350,6325,0
2022-08-01 10:10:00,6325,6325,6325,6325,10800
2022-08-01 10:11:00,6325,6325,6325,6325,104300
2022-08-01 10:12:00,6325,6300,6325,6300,8300
2022-08-01 10:13:00,6300,6300,6350,6350,131200
2022-08-01 10:14:00,6300,6300,6350,6350,0
2022-08-01 10:15:00,6325,6325,6325,6325,0
2022-08-01 10:16:00,6325,6325,6325,6325,0
2022-08-01 10:17:00,6325,6325,6325,6325,0
2022-08-01 10:18:00,6325,6325,6350,6350,7600
2022-08-01 10:19:00,6350,6350,6350,6350,0
2022-08-01 10:20:00,6350,6350,6350,6350,0
2022-08-01 10:21:00,6350,6350,6350,6350,100
2022-08-01 10:22:00,6350,6350,6350,6350,9400
2022-08-01 10:23:00,6350,6350,6350,6350,0
2022-08-01 10:24:00,6350,6350,6350,6350,100
2022-08-01 10:25:00,6350,6350,6350,6350,0
2022-08-01 10:26:00,6350,6350,6350,6350,0
2022-08-01 10:27:00,6350,6350,6350,6350,1400
2022-08-01 10:28:00,6350,6350,6350,6350,0
2022-08-01 10:29:00,6350,6350,6350,6350,3800
2022-08-01 10:30:00,6350,6350,6350,6350,5300
2022-08-01 10:31:00,6325,6325,6350,6350,100
2022-08-01 10:32:00,6325,6325,6350,6350,0
2022-08-01 10:33:00,6325,6325,6350,6350,0
2022-08-01 10:34:00,6325,6325,6350,6350,0
2022-08-01 10:35:00,6350,6350,6350,6350,0
2022-08-01 10:36:00,6350,6350,6350,6350,0
2022-08-01 10:37:00,6350,6350,6350,6350,0
2022-08-01 10:38:00,6350,6350,6350,6350,0
2022-08-01 10:39:00,6350,6350,6350,6350,0
2022-08-01 10:40:00,6350,6350,6350,6350,0
2022-08-01 10:41:00,6350,6350,6350,6350,0
2022-08-01 10:42:00,6350,6350,6350,6350,0
2022-08-01 10:43:00,6350,6350,6350,6350,0
2022-08-01 10:44:00,6325,6325,6325,6325,3000
2022-08-01 10:45:00,6325,6325,6325,6325,0
2022-08-01 10:46:00,6350,6350,6350,6350,6600
2022-08-01 10:47:00,6350,6350,6350,6350,200
2022-08-01 10:48:00,6350,6350,6350,6350,0
2022-08-01 10:49:00,6325,6325,6325,6325,0
2022-08-01 10:50:00,6325,6325,6325,6325,0
2022-08-01 10:51:00,6325,6325,6325,6325,0
2022-08-01 10:52:00,6325,6325,6325,6325,0
2022-08-01 10:53:00,6325,6325,6325,6325,0
2022-08-01 10:54:00,6325,6325,6325,6325,1000
2022-08-01 10:55:00,6325,6325,6325,6325,200
2022-08-01 10:56:00,6325,6325,6325,6325,0
2022-08-01 10:57:00,6325,6325,6325,6325,3500
2022-08-01 10:58:00,6325,6325,6325,6325,11200
2022-08-01 10:59:00,6325,6325,6325,6325,0
2022-08-01 11:00:00,6325,6325,6325,6325,0
2022-08-01 11:01:00,6325,6325,6325,6325,0
2022-08-01 11:02:00,6325,6325,6325,6325,0
2022-08-01 11:03:00,6325,6325,6325,6325,900
2022-08-01 11:04:00,6325,6325,6325,6325,3600
2022-08-01 11:05:00,6325,6325,6325,6325,0
2022-08-01 11:06:00,6325,6325,6325,6325,0
2022-08-01 11:07:00,6325,6325,6325,6325,300
2022-08-01 11:08:00,6325,6325,6350,6350,35400
2022-08-01 11:09:00,6325,6325,6350,6350,0
2022-08-01 11:10:00,6350,6350,6350,6350,200
2022-08-01 11:11:00,6375,6350,6375,6375,4800
2022-08-01 11:12:00,6350,6350,6350,6350,400
2022-08-01 11:13:00,6350,6350,6350,6350,0
2022-08-01 11:14:00,6350,6350,6350,6350,9800
2022-08-01 11:15:00,6350,6350,6350,6350,0
2022-08-01 11:16:00,6350,6350,6350,6350,0
2022-08-01 11:17:00,6350,6350,6350,6350,3500
2022-08-01 11:18:00,6350,6350,6350,6350,10500
2022-08-01 11:19:00,6350,6350,6350,6350,0
2022-08-01 11:20:00,6350,6350,6350,6350,0
2022-08-01 11:21:00,6375,6350,6375,6350,21900
2022-08-01 11:22:00,6375,6350,6375,6350,0
2022-08-01 11:23:00,6375,6375,6375,6375,16000
2022-08-01 11:24:00,6350,6350,6375,6375,1800
2022-08-01 11:25:00,6350,6350,6350,6350,200
2022-08-01 11:26:00,6350,6350,6350,6350,0
2022-08-01 11:27:00,6375,6375,6375,6375,300
2022-08-01 11:28:00,6375,6375,6375,6375,5200
2022-08-01 11:29:00,6375,6325,6375,6325,85600
2022-08-01 11:30:00,6375,6325,6375,6325,0
2022-08-01 11:31:00,6375,6325,6375,6325,0
2022-08-01 11:32:00,6375,6325,6375,6325,0
2022-08-01 11:33:00,6375,6325,6375,6325,0
2022-08-01 11:34:00,6375,6325,6375,6325,0
2022-08-01 11:35:00,6375,6325,6375,6325,0
2022-08-01 11:36:00,6375,6325,6375,6325,0
2022-08-01 11:37:00,6375,6325,6375,6325,0
2022-08-01 11:38:00,6375,6325,6375,6325,0
2022-08-01 11:39:00,6375,6325,6375,6325,0
2022-08-01 11:40:00,6375,6325,6375,6325,0
2022-08-01 11:41:00,6375,6325,6375,6325,0
2022-08-01 11:42:00,6375,6325,6375,6325,0
2022-08-01 11:43:00,6375,6325,6375,6325,0
2022-08-01 11:44:00,6375,6325,6375,6325,0
2022-08-01 11:45:00,6375,6325,6375,6325,0
2022-08-01 11:46:00,6375,6325,6375,6325,0
2022-08-01 11:47:00,6375,6325,6375,6325,0
2022-08-01 11:48:00,6375,6325,6375,6325,0
2022-08-01 11:49:00,6375,6325,6375,6325,0
2022-08-01 11:50:00,6375,6325,6375,6325,0
2022-08-01 11:51:00,6375,6325,6375,6325,0
2022-08-01 11:52:00,6375,6325,6375,6325,0
2022-08-01 11:53:00,6375,6325,6375,6325,0
2022-08-01 11:54:00,6375,6325,6375,6325,0
2022-08-01 11:55:00,6375,6325,6375,6325,0
2022-08-01 11:56:00,6375,6325,6375,6325,0
2022-08-01 11:57:00,6375,6325,6375,6325,0
2022-08-01 11:58:00,6375,6325,6375,6325,0
2022-08-01 11:59:00,6375,6325,6375,6325,0
2022-08-01 12:00:00,6375,6325,6375,6325,0
2022-08-01 12:01:00,6375,6325,6375,6325,0
2022-08-01 12:02:00,6375,6325,6375,6325,0
2022-08-01 12:03:00,6375,6325,6375,6325,0
2022-08-01 12:04:00,6375,6325,6375,6325,0
2022-08-01 12:05:00,6375,6325,6375,6325,0
2022-08-01 12:06:00,6375,6325,6375,6325,0
2022-08-01 12:07:00,6375,6325,6375,6325,0
2022-08-01 12:08:00,6375,6325,6375,6325,0
2022-08-01 12:09:00,6375,6325,6375,6325,0
2022-08-01 12:10:00,6375,6325,6375,6325,0
2022-08-01 12:11:00,6375,6325,6375,6325,0
2022-08-01 12:12:00,6375,6325,6375,6325,0
2022-08-01 12:13:00,6375,6325,6375,6325,0
2022-08-01 12:14:00,6375,6325,6375,6325,0
2022-08-01 12:15:00,6375,6325,6375,6325,0
2022-08-01 12:16:00,6375,6325,6375,6325,0
2022-08-01 12:17:00,6375,6325,6375,6325,0
2022-08-01 12:18:00,6375,6325,6375,6325,0
2022-08-01 12:19:00,6375,6325,6375,6325,0
2022-08-01 12:20:00,6375,6325,6375,6325,0
2022-08-01 12:21:00,6375,6325,6375,6325,0
2022-08-01 12:22:00,6375,6325,6375,6325,0
2022-08-01 12:23:00,6375,6325,6375,6325,0
2022-08-01 12:24:00,6375,6325,6375,6325,0
2022-08-01 12:25:00,6375,6325,6375,6325,0
2022-08-01 12:26:00,6375,6325,6375,6325,0
2022-08-01 12:27:00,6375,6325,6375,6325,0
2022-08-01 12:28:00,6375,6325,6375,6325,0
2022-08-01 12:29:00,6375,6325,6375,6325,0
2022-08-01 12:30:00,6375,6325,6375,6325,0
2022-08-01 12:31:00,6375,6325,6375,6325,0
2022-08-01 12:32:00,6375,6325,6375,6325,0
2022-08-01 12:33:00,6375,6325,6375,6325,0
2022-08-01 12:34:00,6375,6325,6375,6325,0
2022-08-01 12:35:00,6375,6325,6375,6325,0
2022-08-01 12:36:00,6375,6325,6375,6325,0
2022-08-01 12:37:00,6375,6325,6375,6325,0
2022-08-01 12:38:00,6375,6325,6375,6325,0
2022-08-01 12:39:00,6375,6325,6375,6325,0
2022-08-01 12:40:00,6375,6325,6375,6325,0
2022-08-01 12:41:00,6375,6325,6375,6325,0
2022-08-01 12:42:00,6375,6325,6375,6325,0
2022-08-01 12:43:00,6375,6325,6375,6325,0
2022-08-01 12:44:00,6375,6325,6375,6325,0
2022-08-01 12:45:00,6375,6325,6375,6325,0
2022-08-01 12:46:00,6375,6325,6375,6325,0
2022-08-01 12:47:00,6375,6325,6375,6325,0
2022-08-01 12:48:00,6375,6325,6375,6325,0
2022-08-01 12:49:00,6375,6325,6375,6325,0
2022-08-01 12:50:00,6375,6325,6375,6325,0
2022-08-01 12:51:00,6375,6325,6375,6325,0
2022-08-01 12:52:00,6375,6325,6375,6325,0
2022-08-01 12:53:00,6375,6325,6375,6325,0
2022-08-01 12:54:00,6375,6325,6375,6325,0
2022-08-01 12:55:00,6375,6325,6375,6325,0
2022-08-01 12:56:00,6375,6325,6375,6325,0
2022-08-01 12:57:00,6375,6325,6375,6325,0
2022-08-01 12:58:00,6375,6325,6375,6325,0
2022-08-01 12:59:00,6375,6325,6375,6325,0
2022-08-01 13:00:00,6375,6325,6375,6325,0
2022-08-01 13:01:00,6375,6325,6375,6325,0
2022-08-01 13:02:00,6375,6325,6375,6325,0
2022-08-01 13:03:00,6375,6325,6375,6325,0
2022-08-01 13:04:00,6375,6325,6375,6325,0
2022-08-01 13:05:00,6375,6325,6375,6325,0
2022-08-01 13:06:00,6375,6325,6375,6325,0
2022-08-01 13:07:00,6375,6325,6375,6325,0
2022-08-01 13:08:00,6375,6325,6375,6325,0
2022-08-01 13:09:00,6375,6325,6375,6325,0
2022-08-01 13:10:00,6375,6325,6375,6325,0
2022-08-01 13:11:00,6375,6325,6375,6325,0
2022-08-01 13:12:00,6375,6325,6375,6325,0
2022-08-01 13:13:00,6375,6325,6375,6325,0
2022-08-01 13:14:00,6375,6325,6375,6325,0
2022-08-01 13:15:00,6375,6325,6375,6325,0
2022-08-01 13:16:00,6375,6325,6375,6325,0
2022-08-01 13:17:00,6375,6325,6375,6325,0
2022-08-01 13:18:00,6375,6325,6375,6325,0
2022-08-01 13:19:00,6375,6325,6375,6325,0
2022-08-01 13:20:00,6375,6325,6375,6325,0
2022-08-01 13:21:00,6375,6325,6375,6325,0
2022-08-01 13:22:00,6375,6325,6375,6325,0
2022-08-01 13:23:00,6375,6325,6375,6325,0
2022-08-01 13:24:00,6375,6325,6375,6325,0
2022-08-01 13:25:00,6375,6325,6375,6325,0
2022-08-01 13:26:00,6375,6325,6375,6325,0
2022-08-01 13:27:00,6375,6325,6375,6325,0
2022-08-01 13:28:00,6375,6325,6375,6325,0
2022-08-01 13:29:00,6375,6325,6375,6325,0
2022-08-01 13:30:00,6325,6300,6375,6325,184500
2022-08-01 13:31:00,6325,6300,6375,6325,0
2022-08-01 13:32:00,6325,6300,6375,6325,0
2022-08-01 13:33:00,6325,6300,6375,6325,0
2022-08-01 13:34:00,6325,6300,6375,6325,0
2022-08-01 13:35:00,6375,6375,6375,6375,5100
2022-08-01 13:36:00,6375,6375,6375,6375,0
2022-08-01 13:37:00,6375,6350,6375,6375,6100
2022-08-01 13:38:00,6375,6375,6375,6375,0
2022-08-01 13:39:00,6375,6375,6375,6375,600
2022-08-01 13:40:00,6375,6375,6375,6375,0
2022-08-01 13:41:00,6350,6350,6350,6350,100
2022-08-01 13:42:00,6375,6350,6375,6350,2200
2022-08-01 13:43:00,6350,6350,6350,6350,600
2022-08-01 13:44:00,6350,6350,6350,6350,17000
2022-08-01 13:45:00,6350,6350,6350,6350,0
2022-08-01 13:46:00,6375,6375,6375,6375,12900
2022-08-01 13:47:00,6350,6350,6350,6350,300
2022-08-01 13:48:00,6375,6375,6375,6375,21700
2022-08-01 13:49:00,6350,6350,6375,6375,0
2022-08-01 13:50:00,6350,6350,6375,6375,0
2022-08-01 13:51:00,6375,6375,6375,6375,900
2022-08-01 13:52:00,6375,6350,6375,6350,2200
2022-08-01 13:53:00,6375,6350,6375,6350,0
2022-08-01 13:54:00,6375,6350,6375,6350,0
2022-08-01 13:55:00,6350,6350,6375,6350,17200
2022-08-01 13:56:00,6350,6350,6375,6350,0
2022-08-01 13:57:00,6375,6375,6375,6375,13300
2022-08-01 13:58:00,6350,6350,6350,6350,72000
2022-08-01 13:59:00,6350,6350,6350,6350,0
2022-08-01 14:00:00,6350,6350,6350,6350,0
2022-08-01 14:01:00,6325,6325,6350,6325,28700
2022-08-01 14:02:00,6325,6325,6325,6325,0
2022-08-01 14:03:00,6350,6350,6375,6375,17300
2022-08-01 14:04:00,6375,6350,6375,6350,200
2022-08-01 14:05:00,6350,6350,6375,6350,11300
2022-08-01 14:06:00,6375,6375,6375,6375,7600
2022-08-01 14:07:00,6350,6350,6375,6375,2700
2022-08-01 14:08:00,6350,6350,6350,6350,0
2022-08-01 14:09:00,6350,6350,6350,6350,0
2022-08-01 14:10:00,6350,6350,6350,6350,1000
2022-08-01 14:11:00,6350,6350,6400,6400,36800
2022-08-01 14:12:00,6350,6350,6400,6400,0
2022-08-01 14:13:00,6350,6350,6400,6400,0
2022-08-01 14:14:00,6400,6400,6400,6400,0
2022-08-01 14:15:00,6400,6400,6400,6400,19400
2022-08-01 14:16:00,6400,6375,6400,6375,3000
2022-08-01 14:17:00,6375,6375,6400,6400,19700
2022-08-01 14:18:00,6375,6375,6375,6375,18000
2022-08-01 14:19:00,6375,6375,6375,6375,0
2022-08-01 14:20:00,6375,6375,6375,6375,1600
2022-08-01 14:21:00,6375,6375,6375,6375,18100
2022-08-01 14:22:00,6375,6375,6375,6375,10700
2022-08-01 14:23:00,6400,6400,6400,6400,300
2022-08-01 14:24:00,6375,6375,6375,6375,600
2022-08-01 14:25:00,6375,6375,6375,6375,1700
2022-08-01 14:26:00,6400,6400,6400,6400,11400
2022-08-01 14:27:00,6400,6400,6400,6400,0
2022-08-01 14:28:00,6400,6375,6400,6375,7100
2022-08-01 14:29:00,6375,6375,6375,6375,18900
2022-08-01 14:30:00,6375,6375,6375,6375,3800
2022-08-01 14:31:00,6375,6375,6375,6375,0
2022-08-01 14:32:00,6375,6375,6375,6375,0
2022-08-01 14:33:00,6375,6375,6375,6375,49000
2022-08-01 14:34:00,6375,6375,6375,6375,9600
2022-08-01 14:35:00,6375,6375,6375,6375,13400
2022-08-01 14:36:00,6375,6375,6375,6375,4400
2022-08-01 14:37:00,6375,6375,6375,6375,5800
2022-08-01 14:38:00,6350,6350,6350,6350,0
2022-08-01 14:39:00,6350,6350,6375,6375,2100
2022-08-01 14:40:00,6375,6375,6375,6375,9300
2022-08-01 14:41:00,6375,6350,6375,6375,16600
2022-08-01 14:42:00,6375,6375,6400,6400,50000
2022-08-01 14:43:00,6400,6375,6400,6375,23400
2022-08-01 14:44:00,6375,6375,6375,6375,0
2022-08-01 14:45:00,6375,6375,6400,6375,31200
2022-08-01 14:46:00,6375,6375,6375,6375,44000
2022-08-01 14:47:00,6350,6350,6350,6350,0
2022-08-01 14:48:00,6350,6350,6350,6350,0
2022-08-01 14:49:00,6375,6350,6375,6350,20400
2022-08-01 14:50:00,6375,6350,6375,6350,0
2022-08-01 14:51:00,6375,6350,6375,6350,0
2022-08-01 14:52:00,6375,6350,6375,6350,0
2022-08-01 14:53:00,6375,6350,6375,6350,0
2022-08-01 14:54:00,6375,6350,6375,6350,0
2022-08-01 14:55:00,6375,6350,6375,6350,0
2022-08-01 14:56:00,6375,6350,6375,6350,0
2022-08-01 14:57:00,6375,6350,6375,6350,0
2022-08-01 14:58:00,6375,6350,6375,6350,0
2022-08-01 14:59:00,6375,6350,6375,6350,0
2022-08-01 15:00:00,6350,6350,6350,6350,77000
2022-08-01 15:01:00,6350,6350,6350,6350,1800
2022-08-01 15:02:00,6350,6350,6350,6350,0
2022-08-01 15:03:00,6350,6350,6350,6350,64000
2022-08-01 15:04:00,6350,6350,6350,6350,0
2022-08-01 15:05:00,6350,6350,6350,6350,0
2022-08-01 15:06:00,6350,6350,6350,6350,7800
2022-08-01 15:07:00,6350,6350,6350,6350,0
2022-08-01 15:08:00,6350,6350,6350,6350,0
2022-08-01 15:09:00,6350,6350,6350,6350,0
2022-08-01 15:10:00,6350,6350,6350,6350,0
2022-08-01 15:11:00,6350,6350,6350,6350,0
2022-08-01 15:12:00,6350,6350,6350,6350,0
2022-08-01 15:13:00,6350,6350,6350,6350,0
2022-08-01 15:14:00,6350,6350,6350,6350,0
2022-08-01 15:15:00,6350,6350,6350,6350,0
2022-08-01 15:16:00,6350,6350,6350,6350,0
2022-08-01 15:17:00,6350,6350,6350,6350,0
2022-08-01 15:18:00,6350,6350,6350,6350,0
2022-08-01 15:19:00,6350,6350,6350,6350,0
2022-08-01 15:20:00,6350,6350,6350,6350,0
2022-08-01 15:21:00,6350,6350,6350,6350,0
2022-08-01 15:22:00,6350,6350,6350,6350,0
2022-08-01 15:23:00,6350,6350,6350,6350,0
2022-08-01 15:24:00,6350,6350,6350,6350,0
2022-08-01 15:25:00,6350,6350,6350,6350,0
2022-08-01 15:26:00,6350,6350,6350,6350,0
2022-08-01 15:27:00,6350,6350,6350,6350,0
2022-08-01 15:28:00,6350,6350,6350,6350,0
2022-08-01 15:29:00,6350,6350,6350,6350,0
2022-08-01 15:30:00,6350,6350,6350,6350,0
2022-08-01 15:31:00,6350,6350,6350,6350,0
2022-08-01 15:32:00,6350,6350,6350,6350,0
2022-08-01 15:33:00,6350,6350,6350,6350,0
2022-08-01 15:34:00,6350,6350,6350,6350,0
2022-08-01 15:35:00,6350,6350,6350,6350,0
2022-08-01 15:36:00,6350,6350,6350,6350,0
2022-08-01 15:37:00,6350,6350,6350,6350,0
2022-08-01 15:38:00,6350,6350,6350,6350,0
2022-08-01 15:39:00,6350,6350,6350,6350,0
2022-08-01 15:40:00,6350,6350,6350,6350,0
2022-08-01 15:41:00,6350,6350,6350,6350,0
2022-08-01 15:42:00,6350,6350,6350,6350,0
2022-08-01 15:43:00,6350,6350,6350,6350,0
2022-08-01 15:44:00,6350,6350,6350,6350,0
2022-08-01 15:45:00,6350,6350,6350,6350,0
2022-08-01 15:46:00,6350,6350,6350,6350,0
2022-08-01 15:47:00,6350,6350,6350,6350,0
2022-08-01 15:48:00,6350,6350,6350,6350,0
2022-08-01 15:49:00,6350,6350,6350,6350,0
2022-08-01 15:50:00,6350,6350,6350,6350,0
2022-08-01 15:51:00,6350,6350,6350,6350,0
2022-08-01 15:52:00,6350,6350,6350,6350,0
2022-08-01 15:53:00,6350,6350,6350,6350,0
2022-08-01 15:54:00,6350,6350,6350,6350,0
2022-08-01 15:55:00,6350,6350,6350,6350,0
2022-08-01 15:56:00,6350,6350,6350,6350,0
2022-08-01 15:57:00,6350,6350,6350,6350,0
2022-08-01 15:58:00,6350,6350,6350,6350,0
2022-08-01 15:59:00,6350,6350,6350,6350,0
2022-08-02 09:00:00,6375,6375,6375,6375,400
2022-08-02 09:01:00,6375,6375,6375,6375,0
2022-08-02 09:02:00,6400,6400,6400,6400,37600
2022-08-02 09:03:00,6375,6375,6375,6375,0
2022-08-02 09:04:00,6350,6350,6350,6350,10400
2022-08-02 09:05:00,6375,6375,6375,6375,3300
2022-08-02 09:06:00,6375,6375,6375,6375,1900
2022-08-02 09:07:00,6375,6375,6375,6375,200
2022-08-02 09:08:00,6375,6375,6375,6375,1000
2022-08-02 09:09:00,6350,6350,6350,6350,6100
2022-08-02 09:10:00,6350,6350,6350,6350,2700
2022-08-02 09:11:00,6350,6350,6350,6350,0
2022-08-02 09:12:00,6350,6350,6375,6375,1600
2022-08-02 09:13:00,6375,6350,6375,6350,500
2022-08-02 09:14:00,6350,6325,6350,6325,1800
2022-08-02 09:15:00,6350,6325,6350,6325,900
2022-08-02 09:16:00,6325,6325,6350,6350,2900
2022-08-02 09:17:00,6325,6325,6350,6350,0
2022-08-02 09:18:00,6325,6325,6325,6325,0
2022-08-02 09:19:00,6325,6325,6325,6325,0
2022-08-02 09:20:00,6325,6325,6325,6325,27800
2022-08-02 09:21:00,6325,6300,6325,6300,20300
2022-08-02 09:22:00,6325,6325,6325,6325,700
2022-08-02 09:23:00,6325,6325,6325,6325,500
2022-08-02 09:24:00,6325,6325,6350,6350,4800
2022-08-02 09:25:00,6350,6350,6350,6350,900
2022-08-02 09:26:00,6350,6350,6350,6350,0
2022-08-02 09:27:00,6325,6325,6325,6325,800
2022-08-02 09:28:00,6325,6325,6325,6325,3100
2022-08-02 09:29:00,6325,6325,6325,6325,500
2022-08-02 09:30:00,6350,6350,6350,6350,0
2022-08-02 09:31:00,6325,6325,6325,6325,18500
2022-08-02 09:32:00,6325,6300,6325,6300,10000
2022-08-02 09:33:00,6325,6300,6325,6300,0
2022-08-02 09:34:00,6325,6325,6325,6325,0
2022-08-02 09:35:00,6325,6325,6325,6325,0
2022-08-02 09:36:00,6325,6325,6325,6325,1300
2022-08-02 09:37:00,6325,6325,6325,6325,0
2022-08-02 09:38:00,6325,6325,6325,6325,800
2022-08-02 09:39:00,6325,6325,6325,6325,0
2022-08-02 09:40:00,6325,6325,6325,6325,6700
2022-08-02 09:41:00,6325,6300,6325,6325,23200
2022-08-02 09:42:00,6325,6325,6325,6325,2700
2022-08-02 09:43:00,6325,6325,6325,6325,0
2022-08-02 09:44:00,6325,6325,6325,6325,1600
2022-08-02 09:45:00,6325,6325,6325,6325,0
2022-08-02 09:46:00,6325,6325,6325,6325,5900
2022-08-02 09:47:00,6325,6325,6325,6325,0
2022-08-02 09:48:00,6300,6300,6300,6300,25100
2022-08-02 09:49:00,6325,6325,6325,6325,0
2022-08-02 09:50:00,6350,6350,6350,6350,14200
2022-08-02 09:51:00,6350,6350,6350,6350,0
2022-08-02 09:52:00,6325,6325,6350,6350,3600
2022-08-02 09:53:00,6325,6325,6350,6350,0
2022-08-02 09:54:00,6325,6325,6325,6325,2500
2022-08-02 09:55:00,6325,6325,6325,6325,0
2022-08-02 09:56:00,6325,6325,6325,6325,300
2022-08-02 09:57:00,6325,6325,6325,6325,1900
2022-08-02 09:58:00,6325,6325,6325,6325,200
2022-08-02 09:59:00,6325,6325,6325,6325,700
2022-08-02 10:00:00,6350,6350,6350,6350,0
2022-08-02 10:01:00,6350,6325,6350,6325,500
2022-08-02 10:02:00,6350,6325,6350,6325,0
2022-08-02 10:03:00,6350,6325,6350,6325,0
2022-08-02 10:04:00,6350,6350,6350,6350,1000
2022-08-02 10:05:00,6350,6350,6350,6350,0
2022-08-02 10:06:00,6325,6325,6325,6325,100
2022-08-02 10:07:00,6325,6325,6325,6325,500
2022-08-02 10:08:00,6325,6325,6325,6325,0
2022-08-02 10:09:00,6325,6325,6325,6325,200
2022-08-02 10:10:00,6325,6325,6325,6325,19300
2022-08-02 10:11:00,6325,6325,6325,6325,0
2022-08-02 10:12:00,6325,6325,6325,6325,0
2022-08-02 10:13:00,6325,6325,6325,6325,0
2022-08-02 10:14:00,6325,6325,6325,6325,1100
2022-08-02 10:15:00,6325,6325,6325,6325,0
2022-08-02 10:16:00,6325,6325,6325,6325,0
2022-08-02 10:17:00,6325,6325,6325,6325,21700
2022-08-02 10:18:00,6300,6300,6300,6300,0
2022-08-02 10:19:00,6325,6325,6325,6325,0
2022-08-02 10:20:00,6325,6325,6325,6325,0
2022-08-02 10:21:00,6325,6325,6325,6325,19900
2022-08-02 10:22:00,6325,6300,6325,6300,0
2022-08-02 10:23:00,6325,6325,6325,6325,9000
2022-08-02 10:24:00,6325,6325,6325,6325,0
2022-08-02 10:25:00,6325,6325,6325,6325,2000
2022-08-02 10:26:00,6300,6300,6325,6300,5300
2022-08-02 10:27:00,6300,6300,6300,6300,0
2022-08-02 10:28:00,6325,6325,6325,6325,6900
2022-08-02 10:29:00,6325,6325,6325,6325,0
2022-08-02 10:30:00,6325,6325,6325,6325,0
2022-08-02 10:31:00,6325,6325,6325,6325,12600
2022-08-02 10:32:00,6325,6325,6325,6325,0
2022-08-02 10:33:00,6325,6325,6325,6325,3100
2022-08-02 10:34:00,6325,6325,6325,6325,0
2022-08-02 10:35:00,6325,6325,6325,6325,9600
2022-08-02 10:36:00,6325,6325,6325,6325,0
2022-08-02 10:37:00,6325,6325,6325,6325,1900
2022-08-02 10:38:00,6325,6325,6325,6325,1100
2022-08-02 10:39:00,6325,6325,6325,6325,0
2022-08-02 10:40:00,6325,6325,6325,6325,3100
2022-08-02 10:41:00,6325,6325,6325,6325,0
2022-08-02 10:42:00,6300,6300,6300,6300,5500
2022-08-02 10:43:00,6300,6300,6300,6300,0
2022-08-02 10:44:00,6325,6325,6325,6325,100
2022-08-02 10:45:00,6325,6325,6325,6325,0
2022-08-02 10:46:00,6325,6325,6325,6325,12700
2022-08-02 10:47:00,6325,6325,6325,6325,0
2022-08-02 10:48:00,6325,6325,6325,6325,0
2022-08-02 10:49:00,6325,6325,6325,6325,0
2022-08-02 10:50:00,6325,6325,6325,6325,0
2022-08-02 10:51:00,6325,6325,6325,6325,0
2022-08-02 10:52:00,6325,6325,6325,6325,0
2022-08-02 10:53:00,6325,6325,6325,6325,5000
2022-08-02 10:54:00,6325,6325,6325,6325,0
2022-08-02 10:55:00,6325,6325,6325,6325,0
2022-08-02 10:56:00,6325,6325,6325,6325,0
2022-08-02 10:57:00,6325,6325,6325,6325,1100
2022-08-02 10:58:00,6325,6325,6325,6325,0
2022-08-02 10:59:00,6325,6325,6325,6325,18600
2022-08-02 11:00:00,6325,6325,6325,6325,0
2022-08-02 11:01:00,6325,6325,6325,6325,900
2022-08-02 11:02:00,6300,6300,6325,6325,15200
2022-08-02 11:03:00,6325,6325,6325,6325,9600
2022-08-02 11:04:00,6300,6300,6300,6300,2100
2022-08-02 11:05:00,6325,6325,6325,6325,600
2022-08-02 11:06:00,6325,6325,6325,6325,0
2022-08-02 11:07:00,6325,6325,6325,6325,2400
2022-08-02 11:08:00,6350,6325,6350,6325,200
2022-08-02 11:09:00,6350,6325,6350,6325,0
2022-08-02 11:10:00,6325,6325,6325,6325,200
2022-08-02 11:11:00,6325,6325,6325,6325,0
2022-08-02 11:12:00,6325,6325,6325,6325,100
2022-08-02 11:13:00,6325,6325,6325,6325,1900
2022-08-02 11:14:00,6325,6300,6325,6300,3100
2022-08-02 11:15:00,6325,6300,6325,6300,0
2022-08-02 11:16:00,6325,6300,6325,6300,0
2022-08-02 11:17:00,6350,6350,6350,6350,0
2022-08-02 11:18:00,6325,6325,6325,6325,3400
2022-08-02 11:19:00,6325,6325,6325,6325,0
2022-08-02 11:20:00,6325,6325,6325,6325,0
2022-08-02 11:21:00,6300,6300,6300,6300,0
2022-08-02 11:22:00,6300,6300,6300,6300,0
2022-08-02 11:23:00,6325,6325,6325,6325,200
2022-08-02 11:24:00,6325,6325,6325,6325,11400
2022-08-02 11:25:00,6325,6325,6325,6325,200
2022-08-02 11:26:00,6325,6325,6350,6350,400
2022-08-02 11:27:00,6325,6325,6350,6350,0
2022-08-02 11:28:00,6325,6325,6325,6325,0
2022-08-02 11:29:00,6300,6300,6300,6300,100
2022-08-02 11:30:00,6300,6300,6300,6300,0
2022-08-02 11:31:00,6300,6300,6300,6300,0
2022-08-02 11:32:00,6300,6300,6300,6300,0
2022-08-02 11:33:00,6300,6300,6300,6300,0
2022-08-02 11:34:00,6300,6300,6300,6300,0
2022-08-02 11:35:00,6300,6300,6300,6300,0
2022-08-02 11:36:00,6300,6300,6300,6300,0
2022-08-02 11:37:00,6300,6300,6300,6300,0
2022-08-02 11:38:00,6300,6300,6300,6300,0
2022-08-02 11:39:00,6300,6300,6300,6300,0
2022-08-02 11:40:00,6300,6300,6300,6300,0
2022-08-02 11:41:00,6300,6300,6300,6300,0
2022-08-02 11:42:00,6300,6300,6300,6300,0
2022-08-02 11:43:00,6300,6300,6300,6300,0
2022-08-02 11:44:00,6300,6300,6300,6300,0
2022-08-02 11:45:00,6300,6300,6300,6300,0
2022-08-02 11:46:00,6300,6300,6300,6300,0
2022-08-02 11:47:00,6300,6300,6300,6300,0
2022-08-02 11:48:00,6300,6300,6300,6300,0
2022-08-02 11:49:00,6300,6300,6300,6300,0
2022-08-02 11:50:00,6300,6300,6300,6300,0
2022-08-02 11:51:00,6300,6300,6300,6300,0
2022-08-02 11:52:00,6300,6300,6300,6300,0
2022-08-02 11:53:00,6300,6300,6300,6300,0
2022-08-02 11:54:00,6300,6300,6300,6300,0
2022-08-02 11:55:00,6300,6300,6300,6300,0
2022-08-02 11:56:00,6300,6300,6300,6300,0
2022-08-02 11:57:00,6300,6300,6300,6300,0
2022-08-02 11:58:00,6300,6300,6300,6300,0
2022-08-02 11:59:00,6300,6300,6300,6300,0
2022-08-02 12:00:00,6300,6300,6300,6300,0
2022-08-02 12:01:00,6300,6300,6300,6300,0
2022-08-02 12:02:00,6300,6300,6300,6300,0
2022-08-02 12:03:00,6300,6300,6300,6300,0
2022-08-02 12:04:00,6300,6300,6300,6300,0
2022-08-02 12:05:00,6300,6300,6300,6300,0
2022-08-02 12:06:00,6300,6300,6300,6300,0
2022-08-02 12:07:00,6300,6300,6300,6300,0
2022-08-02 12:08:00,6300,6300,6300,6300,0
2022-08-02 12:09:00,6300,6300,6300,6300,0
2022-08-02 12:10:00,6300,6300,6300,6300,0
2022-08-02 12:11:00,6300,6300,6300,6300,0
2022-08-02 12:12:00,6300,6300,6300,6300,0
2022-08-02 12:13:00,6300,6300,6300,6300,0
2022-08-02 12:14:00,6300,6300,6300,6300,0
2022-08-02 12:15:00,6300,6300,6300,6300,0
2022-08-02 12:16:00,6300,6300,6300,6300,0
2022-08-02 12:17:00,6300,6300,6300,6300,0
2022-08-02 12:18:00,6300,6300,6300,6300,0
2022-08-02 12:19:00,6300,6300,6300,6300,0
2022-08-02 12:20:00,6300,6300,6300,6300,0
2022-08-02 12:21:00,6300,6300,6300,6300,0
2022-08-02 12:22:00,6300,6300,6300,6300,0
2022-08-02 12:23:00,6300,6300,6300,6300,0
2022-08-02 12:24:00,6300,6300,6300,6300,0
2022-08-02 12:25:00,6300,6300,6300,6300,0
2022-08-02 12:26:00,6300,6300,6300,6300,0
2022-08-02 12:27:00,6300,6300,6300,6300,0
2022-08-02 12:28:00,6300,6300,6300,6300,0
2022-08-02 12:29:00,6300,6300,6300,6300,0
2022-08-02 12:30:00,6300,6300,6300,6300,0
2022-08-02 12:31:00,6300,6300,6300,6300,0
2022-08-02 12:32:00,6300,6300,6300,6300,0
2022-08-02 12:33:00,6300,6300,6300,6300,0
2022-08-02 12:34:00,6300,6300,6300,6300,0
2022-08-02 12:35:00,6300,6300,6300,6300,0
2022-08-02 12:36:00,6300,6300,6300,6300,0
2022-08-02 12:37:00,6300,6300,6300,6300,0
2022-08-02 12:38:00,6300,6300,6300,6300,0
2022-08-02 12:39:00,6300,6300,6300,6300,0
2022-08-02 12:40:00,6300,6300,6300,6300,0
2022-08-02 12:41:00,6300,6300,6300,6300,0
2022-08-02 12:42:00,6300,6300,6300,6300,0
2022-08-02 12:43:00,6300,6300,6300,6300,0
2022-08-02 12:44:00,6300,6300,6300,6300,0
2022-08-02 12:45:00,6300,6300,6300,6300,0
2022-08-02 12:46:00,6300,6300,6300,6300,0
2022-08-02 12:47:00,6300,6300,6300,6300,0
2022-08-02 12:48:00,6300,6300,6300,6300,0
2022-08-02 12:49:00,6300,6300,6300,6300,0
2022-08-02 12:50:00,6300,6300,6300,6300,0
2022-08-02 12:51:00,6300,6300,6300,6300,0
2022-08-02 12:52:00,6300,6300,6300,6300,0
2022-08-02 12:53:00,6300,6300,6300,6300,0
2022-08-02 12:54:00,6300,6300,6300,6300,0
2022-08-02 12:55:00,6300,6300,6300,6300,0
2022-08-02 12:56:00,6300,6300,6300,6300,0
2022-08-02 12:57:00,6300,6300,6300,6300,0
2022-08-02 12:58:00,6300,6300,6300,6300,0
2022-08-02 12:59:00,6300,6300,6300,6300,0
2022-08-02 13:00:00,6300,6300,6300,6300,0
2022-08-02 13:01:00,6300,6300,6300,6300,0
2022-08-02 13:02:00,6300,6300,6300,6300,0
2022-08-02 13:03:00,6300,6300,6300,6300,0
2022-08-02 13:04:00,6300,6300,6300,6300,0
2022-08-02 13:05:00,6300,6300,6300,6300,0
2022-08-02 13:06:00,6300,6300,6300,6300,0
2022-08-02 13:07:00,6300,6300,6300,6300,0
2022-08-02 13:08:00,6300,6300,6300,6300,0
2022-08-02 13:09:00,6300,6300,6300,6300,0
2022-08-02 13:10:00,6300,6300,6300,6300,0
2022-08-02 13:11:00,6300,6300,6300,6300,0
2022-08-02 13:12:00,6300,6300,6300,6300,0
2022-08-02 13:13:00,6300,6300,6300,6300,0
2022-08-02 13:14:00,6300,6300,6300,6300,0
2022-08-02 13:15:00,6300,6300,6300,6300,0
2022-08-02 13:16:00,6300,6300,6300,6300,0
2022-08-02 13:17:00,6300,6300,6300,6300,0
2022-08-02 13:18:00,6300,6300,6300,6300,0
2022-08-02 13:19:00,6300,6300,6300,6300,0
2022-08-02 13:20:00,6300,6300,6300,6300,0
2022-08-02 13:21:00,6300,6300,6300,6300,0
2022-08-02 13:22:00,6300,6300,6300,6300,0
2022-08-02 13:23:00,6300,6300,6300,6300,0
2022-08-02 13:24:00,6300,6300,6300,6300,0
2022-08-02 13:25:00,6300,6300,6300,6300,0
2022-08-02 13:26:00,6300,6300,6300,6300,0
2022-08-02 13:27:00,6300,6300,6300,6300,0
2022-08-02 13:28:00,6300,6300,6300,6300,0
2022-08-02 13:29:00,6300,6300,6300,6300,0
2022-08-02 13:30:00,6300,6300,6350,6325,7900
2022-08-02 13:31:00,6325,6325,6325,6325,61500
2022-08-02 13:32:00,6300,6300,6300,6300,0
2022-08-02 13:33:00,6300,6300,6300,6300,9600
2022-08-02 13:34:00,6300,6300,6325,6325,0
2022-08-02 13:35:00,6325,6300,6325,6300,5900
2022-08-02 13:36:00,6325,6300,6325,6300,0
2022-08-02 13:37:00,6325,6325,6325,6325,100
2022-08-02 13:38:00,6325,6325,6325,6325,0
2022-08-02 13:39:00,6325,6325,6325,6325,21500
2022-08-02 13:40:00,6325,6325,6325,6325,0
2022-08-02 13:41:00,6325,6325,6325,6325,14300
2022-08-02 13:42:00,6325,6325,6325,6325,0
2022-08-02 13:43:00,6325,6325,6325,6325,0
2022-08-02 13:44:00,6325,6325,6325,6325,0
2022-08-02 13:45:00,6300,6300,6300,6300,0
2022-08-02 13:46:00,6325,6325,6325,6325,0
2022-08-02 13:47:00,6325,6300,6325,6300,19100
2022-08-02 13:48:00,6325,6325,6325,6325,45600
2022-08-02 13:49:00,6325,6325,6325,6325,0
2022-08-02 13:50:00,6325,6325,6325,6325,10300
2022-08-02 13:51:00,6325,6325,6325,6325,0
2022-08-02 13:52:00,6325,6325,6325,6325,0
2022-08-02 13:53:00,6300,6300,6300,6300,1500
2022-08-02 13:54:00,6300,6300,6300,6300,800
2022-08-02 13:55:00,6325,6325,6325,6325,1600
2022-08-02 13:56:00,6325,6325,6325,6325,0
2022-08-02 13:57:00,6325,6325,6325,6325,0
2022-08-02 13:58:00,6325,6325,6325,6325,0
2022-08-02 13:59:00,6325,6325,6325,6325,0
2022-08-02 14:00:00,6300,6300,6325,6325,500
2022-08-02 14:01:00,6300,6300,6325,6325,0
2022-08-02 14:02:00,6325,6325,6325,6325,1400
2022-08-02 14:03:00,6300,6300,6300,6300,0
2022-08-02 14:04:00,6325,6300,6325,6300,5100
2022-08-02 14:05:00,6325,6300,6325,6300,0
2022-08-02 14:06:00,6325,6300,6325,6300,0
2022-08-02 14:07:00,6325,6325,6325,6325,6200
2022-08-02 14:08:00,6325,6325,6325,6325,0
2022-08-02 14:09:00,6325,6325,6325,6325,0
2022-08-02 14:10:00,6325,6325,6325,6325,1500
2022-08-02 14:11:00,6325,6325,6325,6325,0
2022-08-02 14:12:00,6325,6325,6325,6325,100
2022-08-02 14:13:00,6325,6325,6325,6325,0
2022-08-02 14:14:00,6325,6325,6325,6325,0
2022-08-02 14:15:00,6325,6325,6325,6325,0
2022-08-02 14:16:00,6300,6300,6300,6300,700
2022-08-02 14:17:00,6300,6300,6300,6300,5300
2022-08-02 14:18:00,6325,6325,6325,6325,700
2022-08-02 14:19:00,6325,6300,6325,6300,5300
2022-08-02 14:20:00,6325,6325,6325,6325,0
2022-08-02 14:21:00,6325,6300,6325,6300,4300
2022-08-02 14:22:00,6300,6300,6325,6325,6300
2022-08-02 14:23:00,6300,6300,6325,6325,0
2022-08-02 14:24:00,6300,6300,6325,6325,0
2022-08-02 14:25:00,6300,6300,6300,6300,7500
2022-08-02 14:26:00,6300,6300,6300,6300,0
2022-08-02 14:27:00,6300,6300,6300,6300,10400
2022-08-02 14:28:00,6300,6300,6325,6325,0
2022-08-02 14:29:00,6300,6300,6325,6325,0
2022-08-02 14:30:00,6300,6300,6300,6300,9100
2022-08-02 14:31:00,6325,6325,6325,6325,0
2022-08-02 14:32:00,6325,6325,6325,6325,700
2022-08-02 14:33:00,6300,6300,6325,6325,5300
2022-08-02 14:34:00,6325,6325,6325,6325,56400
2022-08-02 14:35:00,6325,6300,6325,6300,80200
2022-08-02 14:36:00,6325,6300,6325,6325,0
2022-08-02 14:37:00,6300,6300,6300,6300,104300
2022-08-02 14:38:00,6300,6300,6300,6300,3400
2022-08-02 14:39:00,6300,6300,6300,6300,0
2022-08-02 14:40:00,6325,6325,6325,6325,300
2022-08-02 14:41:00,6300,6300,6300,6300,14300
2022-08-02 14:42:00,6300,6300,6300,6300,0
2022-08-02 14:43:00,6300,6300,6300,6300,0
2022-08-02 14:44:00,6300,6300,6325,6300,15400
2022-08-02 14:45:00,6325,6325,6325,6325,0
2022-08-02 14:46:00,6325,6325,6325,6325,100
2022-08-02 14:47:00,6325,6325,6325,6325,8000
2022-08-02 14:48:00,6325,6325,6325,6325,9700
2022-08-02 14:49:00,6325,6325,6325,6325,0
2022-08-02 14:50:00,6325,6325,6325,6325,0
2022-08-02 14:51:00,6325,6325,6325,6325,0
2022-08-02 14:52:00,6325,6325,6325,6325,0
2022-08-02 14:53:00,6325,6325,6325,6325,0
2022-08-02 14:54:00,6325,6325,6325,6325,0
2022-08-02 14:55:00,6325,6325,6325,6325,0
2022-08-02 14:56:00,6325,6325,6325,6325,0
2022-08-02 14:57:00,6325,6325,6325,6325,0
2022-08-02 14:58:00,6325,6325,6325,6325,0
2022-08-02 14:59:00,6325,6325,6325,6325,0
2022-08-02 15:00:00,6300,6300,6300,6300,28600
2022-08-02 15:01:00,6300,6300,6300,6300,14300
2022-08-02 15:02:00,6300,6300,6300,6300,0
2022-08-02 15:03:00,6300,6300,6300,6300,0
2022-08-02 15:04:00,6300,6300,6300,6300,0
2022-08-02 15:05:00,6300,6300,6300,6300,0
2022-08-02 15:06:00,6300,6300,6300,6300,1000
2022-08-02 15:07:00,6300,6300,6300,6300,0
2022-08-02 15:08:00,6300,6300,6300,6300,0
2022-08-02 15:09:00,6300,6300,6300,6300,0
2022-08-02 15:10:00,6300,6300,6300,6300,0
2022-08-02 15:11:00,6300,6300,6300,6300,100000
2022-08-02 15:12:00,6300,6300,6300,6300,0
2022-08-02 15:13:00,6300,6300,6300,6300,0
2022-08-02 15:14:00,6300,6300,6300,6300,0
2022-08-02 15:15:00,6300,6300,6300,6300,0
2022-08-02 15:16:00,6300,6300,6300,6300,0
2022-08-02 15:17:00,6300,6300,6300,6300,0
2022-08-02 15:18:00,6300,6300,6300,6300,0
2022-08-02 15:19:00,6300,6300,6300,6300,0
2022-08-02 15:20:00,6300,6300,6300,6300,0
2022-08-02 15:21:00,6300,6300,6300,6300,0
2022-08-02 15:22:00,6300,6300,6300,6300,0
2022-08-02 15:23:00,6300,6300,6300,6300,0
2022-08-02 15:24:00,6300,6300,6300,6300,0
2022-08-02 15:25:00,6300,6300,6300,6300,0
2022-08-02 15:26:00,6300,6300,6300,6300,0
2022-08-02 15:27:00,6300,6300,6300,6300,0
2022-08-02 15:28:00,6300,6300,6300,6300,0
2022-08-02 15:29:00,6300,6300,6300,6300,0
2022-08-02 15:30:00,6300,6300,6300,6300,0
2022-08-02 15:31:00,6300,6300,6300,6300,0
2022-08-02 15:32:00,6300,6300,6300,6300,0
2022-08-02 15:33:00,6300,6300,6300,6300,0
2022-08-02 15:34:00,6300,6300,6300,6300,0
2022-08-02 15:35:00,6300,6300,6300,6300,0
2022-08-02 15:36:00,6300,6300,6300,6300,0
2022-08-02 15:37:00,6300,6300,6300,6300,0
2022-08-02 15:38:00,6300,6300,6300,6300,0
2022-08-02 15:39:00,6300,6300,6300,6300,0
2022-08-02 15:40:00,6300,6300,6300,6300,0
2022-08-02 15:41:00,6300,6300,6300,6300,0
2022-08-02 15:42:00,6300,6300,6300,6300,0
2022-08-02 15:43:00,6300,6300,6300,6300,0
2022-08-02 15:44:00,6300,6300,6300,6300,0
2022-08-02 15:45:00,6300,6300,6300,6300,0
2022-08-02 15:46:00,6300,6300,6300,6300,0
2022-08-02 15:47:00,6300,6300,6300,6300,0
2022-08-02 15:48:00,6300,6300,6300,6300,0
2022-08-02 15:49:00,6300,6300,6300,6300,0
2022-08-02 15:50:00,6300,6300,6300,6300,0
2022-08-02 15:51:00,6300,6300,6300,6300,0
2022-08-02 15:52:00,6300,6300,6300,6300,0
2022-08-02 15:53:00,6300,6300,6300,6300,0
2022-08-02 15:54:00,6300,6300,6300,6300,0
2022-08-02 15:55:00,6300,6300,6300,6300,0
2022-08-02 15:56:00,6300,6300,6300,6300,0
2022-08-02 15:57:00,6300,6300,6300,6300,0
2022-08-02 15:58:00,6300,6300,6300,6300,0
2022-08-02 15:59:00,6300,6300,6300,6300,0
2022-08-03 09:00:00,6325,6300,6325,6300,2000
2022-08-03 09:01:00,6300,6300,6300,6300,300
2022-08-03 09:02:00,6300,6300,6300,6300,0
2022-08-03 09:03:00,6300,6300,6300,6300,600
2022-08-03 09:04:00,6325,6325,6325,6325,200
2022-08-03 09:05:00,6325,6325,6325,6325,300
2022-08-03 09:06:00,6325,6325,6350,6350,3200
2022-08-03 09:07:00,6350,6350,6350,6350,2400
2022-08-03 09:08:00,6350,6350,6350,6350,5100
2022-08-03 09:09:00,6350,6350,6350,6350,2500
2022-08-03 09:10:00,6350,6350,6350,6350,0
2022-08-03 09:11:00,6375,6375,6375,6375,6400
2022-08-03 09:12:00,6375,6375,6375,6375,18200
2022-08-03 09:13:00,6375,6375,6375,6375,2000
2022-08-03 09:14:00,6375,6375,6375,6375,2300
2022-08-03 09:15:00,6375,6375,6375,6375,800
2022-08-03 09:16:00,6375,6375,6375,6375,0
2022-08-03 09:17:00,6350,6350,6350,6350,1000
2022-08-03 09:18:00,6350,6350,6350,6350,0
2022-08-03 09:19:00,6350,6350,6350,6350,10600
2022-08-03 09:20:00,6350,6350,6350,6350,2200
2022-08-03 09:21:00,6350,6350,6350,6350,1300
2022-08-03 09:22:00,6350,6350,6350,6350,0
2022-08-03 09:23:00,6350,6350,6350,6350,13200
2022-08-03 09:24:00,6350,6350,6350,6350,22700
2022-08-03 09:25:00,6350,6350,6350,6350,2300
2022-08-03 09:26:00,6350,6350,6350,6350,0
2022-08-03 09:27:00,6350,6350,6350,6350,2400
2022-08-03 09:28:00,6350,6350,6350,6350,0
2022-08-03 09:29:00,6375,6375,6375,6375,3100
2022-08-03 09:30:00,6350,6350,6350,6350,0
2022-08-03 09:31:00,6350,6350,6350,6350,6600
2022-08-03 09:32:00,6350,6350,6350,6350,0
2022-08-03 09:33:00,6350,6350,6350,6350,58300
2022-08-03 09:34:00,6350,6350,6350,6350,0
2022-08-03 09:35:00,6350,6350,6350,6350,0
2022-08-03 09:36:00,6350,6350,6350,6350,0
2022-08-03 09:37:00,6350,6325,6350,6325,3900
2022-08-03 09:38:00,6350,6325,6350,6325,0
2022-08-03 09:39:00,6325,6325,6325,6325,600
2022-08-03 09:40:00,6325,6325,6325,6325,0
2022-08-03 09:41:00,6325,6325,6325,6325,0
2022-08-03 09:42:00,6325,6325,6325,6325,600
2022-08-03 09:43:00,6325,6325,6325,6325,0
2022-08-03 09:44:00,6325,6325,6325,6325,500
2022-08-03 09:45:00,6325,6325,6325,6325,900
2022-08-03 09:46:00,6325,6325,6325,6325,0
2022-08-03 09:47:00,6325,6325,6325,6325,5400
2022-08-03 09:48:00,6325,6325,6325,6325,0
2022-08-03 09:49:00,6325,6325,6325,6325,0
2022-08-03 09:50:00,6325,6325,6325,6325,0
2022-08-03 09:51:00,6325,6325,6325,6325,0
2022-08-03 09:52:00,6325,6325,6350,6350,200
2022-08-03 09:53:00,6325,6325,6350,6350,0
2022-08-03 09:54:00,6350,6350,6350,6350,200
2022-08-03 09:55:00,6350,6350,6350,6350,400
2022-08-03 09:56:00,6350,6350,6350,6350,300
2022-08-03 09:57:00,6350,6350,6350,6350,0
2022-08-03 09:58:00,6325,6325,6325,6325,1200
2022-08-03 09:59:00,6325,6325,6325,6325,0
2022-08-03 10:00:00,6325,6325,6325,6325,2500
2022-08-03 10:01:00,6325,6325,6325,6325,0
2022-08-03 10:02:00,6325,6325,6325,6325,100
2022-08-03 10:03:00,6325,6325,6325,6325,1100
2022-08-03 10:04:00,6325,6325,6325,6325,0
2022-08-03 10:05:00,6325,6325,6325,6325,600
2022-08-03 10:06:00,6325,6325,6325,6325,0
2022-08-03 10:07:00,6325,6325,6325,6325,0
2022-08-03 10:08:00,6325,6325,6325,6325,0
2022-08-03 10:09:00,6325,6325,6325,6325,6400
2022-08-03 10:10:00,6325,6325,6325,6325,0
2022-08-03 10:11:00,6325,6325,6325,6325,0
2022-08-03 10:12:00,6325,6325,6325,6325,200
2022-08-03 10:13:00,6325,6325,6325,6325,300
2022-08-03 10:14:00,6350,6350,6350,6350,200
2022-08-03 10:15:00,6325,6325,6325,6325,39900
2022-08-03 10:16:00,6325,6325,6325,6325,0
2022-08-03 10:17:00,6325,6325,6325,6325,200
2022-08-03 10:18:00,6325,6325,6325,6325,0
2022-08-03 10:19:00,6325,6325,6350,6350,100
2022-08-03 10:20:00,6325,6325,6350,6350,0
2022-08-03 10:21:00,6325,6325,6350,6350,0
2022-08-03 10:22:00,6325,6325,6350,6350,0
2022-08-03 10:23:00,6325,6325,6325,6325,1000
2022-08-03 10:24:00,6350,6350,6350,6350,47000
2022-08-03 10:25:00,6350,6325,6350,6350,1800
2022-08-03 10:26:00,6350,6350,6350,6350,1900
2022-08-03 10:27:00,6350,6350,6350,6350,0
2022-08-03 10:28:00,6325,6325,6350,6350,0
2022-08-03 10:29:00,6350,6325,6350,6350,13100
2022-08-03 10:30:00,6350,6325,6350,6325,4000
2022-08-03 10:31:00,6350,6325,6350,6325,0
2022-08-03 10:32:00,6325,6325,6325,6325,0
2022-08-03 10:33:00,6350,6350,6350,6350,200
2022-08-03 10:34:00,6350,6350,6350,6350,0
2022-08-03 10:35:00,6350,6350,6350,6350,0
2022-08-03 10:36:00,6350,6350,6350,6350,0
2022-08-03 10:37:00,6350,6350,6350,6350,400
2022-08-03 10:38:00,6350,6350,6350,6350,0
2022-08-03 10:39:00,6350,6350,6350,6350,0
2022-08-03 10:40:00,6350,6350,6350,6350,0
2022-08-03 10:41:00,6350,6350,6350,6350,0
2022-08-03 10:42:00,6350,6350,6350,6350,0
2022-08-03 10:43:00,6350,6350,6350,6350,0
2022-08-03 10:44:00,6350,6350,6350,6350,0
2022-08-03 10:45:00,6350,6350,6350,6350,0
2022-08-03 10:46:00,6350,6350,6350,6350,0
2022-08-03 10:47:00,6325,6325,6325,6325,1600
2022-08-03 10:48:00,6325,6325,6325,6325,0
2022-08-03 10:49:00,6325,6325,6325,6325,0
2022-08-03 10:50:00,6325,6325,6325,6325,0
2022-08-03 10:51:00,6325,6325,6325,6325,500
2022-08-03 10:52:00,6325,6325,6325,6325,0
2022-08-03 10:53:00,6325,6325,6325,6325,0
2022-08-03 10:54:00,6325,6325,6325,6325,0
2022-08-03 10:55:00,6325,6325,6325,6325,0
2022-08-03 10:56:00,6350,6350,6350,6350,200
2022-08-03 10:57:00,6350,6350,6350,6350,100
2022-08-03 10:58:00,6350,6350,6350,6350,0
2022-08-03 10:59:00,6325,6325,6325,6325,15100
2022-08-03 11:00:00,6325,6325,6325,6325,10900
2022-08-03 11:01:00,6325,6325,6325,6325,0
2022-08-03 11:02:00,6325,6325,6325,6325,0
2022-08-03 11:03:00,6325,6325,6325,6325,1000
2022-08-03 11:04:00,6325,6325,6325,6325,0
2022-08-03 11:05:00,6325,6325,6325,6325,0
2022-08-03 11:06:00,6325,6325,6325,6325,0
2022-08-03 11:07:00,6325,6325,6325,6325,0
2022-08-03 11:08:00,6325,6325,6325,6325,800
2022-08-03 11:09:00,6350,6350,6350,6350,100
2022-08-03 11:10:00,6350,6350,6350,6350,0
2022-08-03 11:11:00,6325,6325,6325,6325,900
2022-08-03 11:12:00,6325,6325,6325,6325,0
2022-08-03 11:13:00,6325,6325,6325,6325,0
2022-08-03 11:14:00,6325,6325,6325,6325,0
2022-08-03 11:15:00,6350,6350,6350,6350,0
2022-08-03 11:16:00,6350,6350,6350,6350,0
2022-08-03 11:17:00,6350,6350,6350,6350,0
2022-08-03 11:18:00,6350,6350,6350,6350,0
2022-08-03 11:19:00,6350,6350,6350,6350,0
2022-08-03 11:20:00,6350,6350,6350,6350,0
2022-08-03 11:21:00,6350,6350,6350,6350,0
2022-08-03 11:22:00,6350,6350,6350,6350,0
2022-08-03 11:23:00,6350,6350,6350,6350,10200
2022-08-03 11:24:00,6325,6325,6325,6325,0
2022-08-03 11:25:00,6325,6325,6325,6325,1500
2022-08-03 11:26:00,6325,6325,6325,6325,0
2022-08-03 11:27:00,6325,6325,6325,6325,14300
2022-08-03 11:28:00,6325,6325,6325,6325,0
2022-08-03 11:29:00,6325,6325,6325,6325,2800
2022-08-03 11:30:00,6325,6325,6325,6325,0
2022-08-03 11:31:00,6325,6325,6325,6325,0
2022-08-03 11:32:00,6325,6325,6325,6325,0
2022-08-03 11:33:00,6325,6325,6325,6325,0
2022-08-03 11:34:00,6325,6325,6325,6325,0
2022-08-03 11:35:00,6325,6325,6325,6325,0
2022-08-03 11:36:00,6325,6325,6325,6325,0
2022-08-03 11:37:00,6325,6325,6325,6325,0
2022-08-03 11:38:00,6325,6325,6325,6325,0
2022-08-03 11:39:00,6325,6325,6325,6325,0
2022-08-03 11:40:00,6325,6325,6325,6325,0
2022-08-03 11:41:00,6325,6325,6325,6325,0
2022-08-03 11:42:00,6325,6325,6325,6325,0
2022-08-03 11:43:00,6325,6325,6325,6325,0
2022-08-03 11:44:00,6325,6325,6325,6325,0
2022-08-03 11:45:00,6325,6325,6325,6325,0
2022-08-03 11:46:00,6325,6325,6325,6325,0
2022-08-03 11:47:00,6325,6325,6325,6325,0
2022-08-03 11:48:00,6325,6325,6325,6325,0
2022-08-03 11:49:00,6325,6325,6325,6325,0
2022-08-03 11:50:00,6325,6325,6325,6325,0
2022-08-03 11:51:00,6325,6325,6325,6325,0
2022-08-03 11:52:00,6325,6325,6325,6325,0
2022-08-03 11:53:00,6325,6325,6325,6325,0
2022-08-03 11:54:00,6325,6325,6325,6325,0
2022-08-03 11:55:00,6325,6325,6325,6325,0
2022-08-03 11:56:00,6325,6325,6325,6325,0
2022-08-03 11:57:00,6325,6325,6325,6325,0
2022-08-03 11:58:00,6325,6325,6325,6325,0
2022-08-03 11:59:00,6325,6325,6325,6325,0
2022-08-03 12:00:00,6325,6325,6325,6325,0
2022-08-03 12:01:00,6325,6325,6325,6325,0
2022-08-03 12:02:00,6325,6325,6325,6325,0
2022-08-03 12:03:00,6325,6325,6325,6325,0
2022-08-03 12:04:00,6325,6325,6325,6325,0
2022-08-03 12:05:00,6325,6325,6325,6325,0
2022-08-03 12:06:00,6325,6325,6325,6325,0
2022-08-03 12:07:00,6325,6325,6325,6325,0
2022-08-03 12:08:00,6325,6325,6325,6325,0
2022-08-03 12:09:00,6325,6325,6325,6325,0
2022-08-03 12:10:00,6325,6325,6325,6325,0
2022-08-03 12:11:00,6325,6325,6325,6325,0
2022-08-03 12:12:00,6325,6325,6325,6325,0
2022-08-03 12:13:00,6325,6325,6325,6325,0
2022-08-03 12:14:00,6325,6325,6325,6325,0
2022-08-03 12:15:00,6325,6325,6325,6325,0
2022-08-03 12:16:00,6325,6325,6325,6325,0
2022-08-03 12:17:00,6325,6325,6325,6325,0
2022-08-03 12:18:00,6325,6325,6325,6325,0
2022-08-03 12:19:00,6325,6325,6325,6325,0
2022-08-03 12:20:00,6325,6325,6325,6325,0
2022-08-03 12:21:00,6325,6325,6325,6325,0
2022-08-03 12:22:00,6325,6325,6325,6325,0
2022-08-03 12:23:00,6325,6325,6325,6325,0
2022-08-03 12:24:00,6325,6325,6325,6325,0
2022-08-03 12:25:00,6325,6325,6325,6325,0
2022-08-03 12:26:00,6325,6325,6325,6325,0
2022-08-03 12:27:00,6325,6325,6325,6325,0
2022-08-03 12:28:00,6325,6325,6325,6325,0
2022-08-03 12:29:00,6325,6325,6325,6325,0
2022-08-03 12:30:00,6325,6325,6325,6325,0
2022-08-03 12:31:00,6325,6325,6325,6325,0
2022-08-03 12:32:00,6325,6325,6325,6325,0
2022-08-03 12:33:00,6325,6325,6325,6325,0
2022-08-03 12:34:00,6325,6325,6325,6325,0
2022-08-03 12:35:00,6325,6325,6325,6325,0
2022-08-03 12:36:00,6325,6325,6325,6325,0
2022-08-03 12:37:00,6325,6325,6325,6325,0
2022-08-03 12:38:00,6325,6325,6325,6325,0
2022-08-03 12:39:00,6325,6325,6325,6325,0
2022-08-03 12:40:00,6325,6325,6325,6325,0
2022-08-03 12:41:00,6325,6325,6325,6325,0
2022-08-03 12:42:00,6325,6325,6325,6325,0
2022-08-03 12:43:00,6325,6325,6325,6325,0
2022-08-03 12:44:00,6325,6325,6325,6325,0
2022-08-03 12:45:00,6325,6325,6325,6325,0
2022-08-03 12:46:00,6325,6325,6325,6325,0
2022-08-03 12:47:00,6325,6325,6325,6325,0
2022-08-03 12:48:00,6325,6325,6325,6325,0
2022-08-03 12:49:00,6325,6325,6325,6325,0
2022-08-03 12:50:00,6325,6325,6325,6325,0
2022-08-03 12:51:00,6325,6325,6325,6325,0
2022-08-03 12:52:00,6325,6325,6325,6325,0
2022-08-03 12:53:00,6325,6325,6325,6325,0
2022-08-03 12:54:00,6325,6325,6325,6325,0
2022-08-03 12:55:00,6325,6325,6325,6325,0
2022-08-03 12:56:00,6325,6325,6325,6325,0
2022-08-03 12:57:00,6325,6325,6325,6325,0
2022-08-03 12:58:00,6325,6325,6325,6325,0
2022-08-03 12:59:00,6325,6325,6325,6325,0
2022-08-03 13:00:00,6325,6325,6325,6325,0
2022-08-03 13:01:00,6325,6325,6325,6325,0
2022-08-03 13:02:00,6325,6325,6325,6325,0
2022-08-03 13:03:00,6325,6325,6325,6325,0
2022-08-03 13:04:00,6325,6325,6325,6325,0
2022-08-03 13:05:00,6325,6325,6325,6325,0
2022-08-03 13:06:00,6325,6325,6325,6325,0
2022-08-03 13:07:00,6325,6325,6325,6325,0
2022-08-03 13:08:00,6325,6325,6325,6325,0
2022-08-03 13:09:00,6325,6325,6325,6325,0
2022-08-03 13:10:00,6325,6325,6325,6325,0
2022-08-03 13:11:00,6325,6325,6325,6325,0
2022-08-03 13:12:00,6325,6325,6325,6325,0
2022-08-03 13:13:00,6325,6325,6325,6325,0
2022-08-03 13:14:00,6325,6325,6325,6325,0
2022-08-03 13:15:00,6325,6325,6325,6325,0
2022-08-03 13:16:00,6325,6325,6325,6325,0
2022-08-03 13:17:00,6325,6325,6325,6325,0
2022-08-03 13:18:00,6325,6325,6325,6325,0
2022-08-03 13:19:00,6325,6325,6325,6325,0
2022-08-03 13:20:00,6325,6325,6325,6325,0
2022-08-03 13:21:00,6325,6325,6325,6325,0
2022-08-03 13:22:00,6325,6325,6325,6325,0
2022-08-03 13:23:00,6325,6325,6325,6325,0
2022-08-03 13:24:00,6325,6325,6325,6325,0
2022-08-03 13:25:00,6325,6325,6325,6325,0
2022-08-03 13:26:00,6325,6325,6325,6325,0
2022-08-03 13:27:00,6325,6325,6325,6325,0
2022-08-03 13:28:00,6325,6325,6325,6325,0
2022-08-03 13:29:00,6325,6325,6325,6325,0
2022-08-03 13:30:00,6325,6325,6350,6325,7900
2022-08-03 13:31:00,6325,6325,6325,6325,6900
2022-08-03 13:32:00,6325,6325,6325,6325,1600
2022-08-03 13:33:00,6325,6325,6325,6325,5300
2022-08-03 13:34:00,6325,6325,6325,6325,0
2022-08-03 13:35:00,6325,6325,6325,6325,1400
2022-08-03 13:36:00,6325,6325,6325,6325,20100
2022-08-03 13:37:00,6325,6325,6325,6325,0
2022-08-03 13:38:00,6325,6325,6325,6325,0
2022-08-03 13:39:00,6325,6325,6325,6325,2800
2022-08-03 13:40:00,6325,6325,6325,6325,0
2022-08-03 13:41:00,6325,6325,6325,6325,0
2022-08-03 13:42:00,6325,6325,6325,6325,0
2022-08-03 13:43:00,6350,6350,6350,6350,0
2022-08-03 13:44:00,6350,6350,6350,6350,0
2022-08-03 13:45:00,6350,6350,6350,6350,200
2022-08-03 13:46:00,6350,6350,6350,6350,0
2022-08-03 13:47:00,6325,6325,6325,6325,2500
2022-08-03 13:48:00,6325,6325,6325,6325,0
2022-08-03 13:49:00,6325,6325,6325,6325,300
2022-08-03 13:50:00,6325,6325,6325,6325,0
2022-08-03 13:51:00,6350,6350,6350,6350,0
2022-08-03 13:52:00,6350,6350,6350,6350,0
2022-08-03 13:53:00,6350,6350,6350,6350,1500
2022-08-03 13:54:00,6350,6350,6350,6350,0
2022-08-03 13:55:00,6350,6325,6350,6325,2000
2022-08-03 13:56:00,6325,6325,6325,6325,1000
2022-08-03 13:57:00,6350,6350,6350,6350,1200
2022-08-03 13:58:00,6325,6325,6325,6325,1400
2022-08-03 13:59:00,6325,6325,6325,6325,0
2022-08-03 14:00:00,6325,6325,6350,6350,101000
2022-08-03 14:01:00,6350,6325,6375,6325,3000
2022-08-03 14:02:00,6350,6350,6350,6350,0
2022-08-03 14:03:00,6350,6350,6350,6350,0
2022-08-03 14:04:00,6350,6350,6350,6350,0
2022-08-03 14:05:00,6350,6350,6350,6350,9600
2022-08-03 14:06:00,6350,6350,6350,6350,2900
2022-08-03 14:07:00,6350,6350,6350,6350,0
2022-08-03 14:08:00,6350,6350,6350,6350,0
2022-08-03 14:09:00,6325,6325,6325,6325,600
2022-08-03 14:10:00,6325,6325,6325,6325,0
2022-08-03 14:11:00,6325,6325,6325,6325,3500
2022-08-03 14:12:00,6325,6325,6325,6325,200
2022-08-03 14:13:00,6325,6325,6325,6325,1900
2022-08-03 14:14:00,6325,6325,6325,6325,2500
2022-08-03 14:15:00,6325,6325,6350,6325,1400
2022-08-03 14:16:00,6325,6325,6350,6350,12000
2022-08-03 14:17:00,6325,6325,6350,6350,0
2022-08-03 14:18:00,6350,6350,6350,6350,4900
2022-08-03 14:19:00,6350,6350,6350,6350,11100
2022-08-03 14:20:00,6350,6350,6350,6350,2300
2022-08-03 14:21:00,6350,6350,6350,6350,1100
2022-08-03 14:22:00,6350,6350,6350,6350,0
2022-08-03 14:23:00,6350,6350,6350,6350,0
2022-08-03 14:24:00,6350,6350,6350,6350,200
2022-08-03 14:25:00,6350,6350,6350,6350,4800
2022-08-03 14:26:00,6350,6350,6350,6350,600
2022-08-03 14:27:00,6350,6350,6350,6350,0
2022-08-03 14:28:00,6350,6350,6350,6350,1600
2022-08-03 14:29:00,6350,6350,6350,6350,3300
2022-08-03 14:30:00,6350,6350,6350,6350,0
2022-08-03 14:31:00,6350,6350,6350,6350,0
2022-08-03 14:32:00,6350,6350,6375,6350,4800
2022-08-03 14:33:00,6350,6350,6375,6350,0
2022-08-03 14:34:00,6350,6350,6350,6350,200
2022-08-03 14:35:00,6350,6350,6350,6350,7400
2022-08-03 14:36:00,6350,6350,6350,6350,3300
2022-08-03 14:37:00,6350,6350,6350,6350,3100
2022-08-03 14:38:00,6350,6350,6350,6350,0
2022-08-03 14:39:00,6350,6350,6350,6350,3700
2022-08-03 14:40:00,6350,6350,6350,6350,0
2022-08-03 14:41:00,6350,6350,6350,6350,0
2022-08-03 14:42:00,6350,6350,6350,6350,2500
2022-08-03 14:43:00,6350,6325,6350,6325,73000
2022-08-03 14:44:00,6350,6325,6350,6325,0
2022-08-03 14:45:00,6325,6325,6325,6325,500
2022-08-03 14:46:00,6325,6325,6325,6325,0
2022-08-03 14:47:00,6350,6350,6350,6350,1900
2022-08-03 14:48:00,6350,6350,6350,6350,10100
2022-08-03 14:49:00,6350,6350,6350,6350,15500
2022-08-03 14:50:00,6350,6350,6350,6350,0
2022-08-03 14:51:00,6350,6350,6350,6350,0
2022-08-03 14:52:00,6350,6350,6350,6350,0
2022-08-03 14:53:00,6350,6350,6350,6350,0
2022-08-03 14:54:00,6350,6350,6350,6350,0
2022-08-03 14:55:00,6350,6350,6350,6350,0
2022-08-03 14:56:00,6350,6350,6350,6350,0
2022-08-03 14:57:00,6350,6350,6350,6350,0
2022-08-03 14:58:00,6350,6350,6350,6350,0
2022-08-03 14:59:00,6350,6350,6350,6350,0
2022-08-03 15:00:00,6325,6325,6325,6325,116200
2022-08-03 15:01:00,6325,6325,6325,6325,0
2022-08-03 15:02:00,6325,6325,6325,6325,7700
2022-08-03 15:03:00,6325,6325,6325,6325,0
2022-08-03 15:04:00,6325,6325,6325,6325,5000
2022-08-03 15:05:00,6325,6325,6325,6325,200
2022-08-03 15:06:00,6325,6325,6325,6325,0
2022-08-03 15:07:00,6325,6325,6325,6325,0
2022-08-03 15:08:00,6325,6325,6325,6325,900
2022-08-03 15:09:00,6325,6325,6325,6325,1200
2022-08-03 15:10:00,6325,6325,6325,6325,0
2022-08-03 15:11:00,6325,6325,6325,6325,0
2022-08-03 15:12:00,6325,6325,6325,6325,0
2022-08-03 15:13:00,6325,6325,6325,6325,0
2022-08-03 15:14:00,6325,6325,6325,6325,0
2022-08-03 15:15:00,6325,6325,6325,6325,0
2022-08-03 15:16:00,6325,6325,6325,6325,0
2022-08-03 15:17:00,6325,6325,6325,6325,0
2022-08-03 15:18:00,6325,6325,6325,6325,0
2022-08-03 15:19:00,6325,6325,6325,6325,0
2022-08-03 15:20:00,6325,6325,6325,6325,0
2022-08-03 15:21:00,6325,6325,6325,6325,0
2022-08-03 15:22:00,6325,6325,6325,6325,0
2022-08-03 15:23:00,6325,6325,6325,6325,0
2022-08-03 15:24:00,6325,6325,6325,6325,0
2022-08-03 15:25:00,6325,6325,6325,6325,0
2022-08-03 15:26:00,6325,6325,6325,6325,0
2022-08-03 15:27:00,6325,6325,6325,6325,0
2022-08-03 15:28:00,6325,6325,6325,6325,0
2022-08-03 15:29:00,6325,6325,6325,6325,0
2022-08-03 15:30:00,6325,6325,6325,6325,0
2022-08-03 15:31:00,6325,6325,6325,6325,0
2022-08-03 15:32:00,6325,6325,6325,6325,0
2022-08-03 15:33:00,6325,6325,6325,6325,0
2022-08-03 15:34:00,6325,6325,6325,6325,0
2022-08-03 15:35:00,6325,6325,6325,6325,0
2022-08-03 15:36:00,6325,6325,6325,6325,0
2022-08-03 15:37:00,6325,6325,6325,6325,0
2022-08-03 15:38:00,6325,6325,6325,6325,0
2022-08-03 15:39:00,6325,6325,6325,6325,0
2022-08-03 15:40:00,6325,6325,6325,6325,0
2022-08-03 15:41:00,6325,6325,6325,6325,0
2022-08-03 15:42:00,6325,6325,6325,6325,0
2022-08-03 15:43:00,6325,6325,6325,6325,0
2022-08-03 15:44:00,6325,6325,6325,6325,0
2022-08-03 15:45:00,6325,6325,6325,6325,0
2022-08-03 15:46:00,6325,6325,6325,6325,0
2022-08-03 15:47:00,6325,6325,6325,6325,0
2022-08-03 15:48:00,6325,6325,6325,6325,0
2022-08-03 15:49:00,6325,6325,6325,6325,0
2022-08-03 15:50:00,6325,6325,6325,6325,0
2022-08-03 15:51:00,6325,6325,6325,6325,0
2022-08-03 15:52:00,6325,6325,6325,6325,0
2022-08-03 15:53:00,6325,6325,6325,6325,0
2022-08-03 15:54:00,6325,6325,6325,6325,0
2022-08-03 15:55:00,6325,6325,6325,6325,0
2022-08-03 15:56:00,6325,6325,6325,6325,0
2022-08-03 15:57:00,6325,6325,6325,6325,0
2022-08-03 15:58:00,6325,6325,6325,6325,0
2022-08-03 15:59:00,6325,6325,6325,6325,0
2022-08-04 09:00:00,6350,6350,6375,6375,5600
2022-08-04 09:01:00,6375,6375,6400,6375,1300
2022-08-04 09:02:00,6375,6375,6400,6400,6900
2022-08-04 09:03:00,6375,6350,6375,6350,18000
2022-08-04 09:04:00,6375,6350,6375,6350,10300
2022-08-04 09:05:00,6350,6350,6350,6350,200
2022-08-04 09:06:00,6350,6350,6375,6375,4800
2022-08-04 09:07:00,6350,6350,6375,6375,0
2022-08-04 09:08:00,6350,6350,6375,6375,0
2022-08-04 09:09:00,6350,6350,6375,6375,8500
2022-08-04 09:10:00,6350,6350,6375,6375,0
2022-08-04 09:11:00,6350,6350,6375,6375,0
2022-08-04 09:12:00,6375,6375,6375,6375,400
2022-08-04 09:13:00,6375,6350,6375,6350,600
2022-08-04 09:14:00,6350,6350,6350,6350,6200
2022-08-04 09:15:00,6350,6350,6350,6350,200
2022-08-04 09:16:00,6350,6350,6375,6375,100
2022-08-04 09:17:00,6350,6350,6375,6375,0
2022-08-04 09:18:00,6375,6350,6375,6350,900
2022-08-04 09:19:00,6375,6375,6375,6375,2400
2022-08-04 09:20:00,6375,6375,6375,6375,2200
2022-08-04 09:21:00,6350,6350,6350,6350,0
2022-08-04 09:22:00,6350,6350,6350,6350,1500
2022-08-04 09:23:00,6350,6350,6350,6350,6600
2022-08-04 09:24:00,6350,6350,6375,6350,0
2022-08-04 09:25:00,6375,6375,6375,6375,1900
2022-08-04 09:26:00,6350,6350,6350,6350,300
2022-08-04 09:27:00,6350,6350,6350,6350,1300
2022-08-04 09:28:00,6375,6350,6375,6350,16800
2022-08-04 09:29:00,6350,6325,6350,6325,50900
2022-08-04 09:30:00,6350,6325,6350,6325,0
2022-08-04 09:31:00,6350,6350,6350,6350,21200
2022-08-04 09:32:00,6350,6350,6375,6375,5500
2022-08-04 09:33:00,6350,6350,6350,6350,900
2022-08-04 09:34:00,6350,6350,6350,6350,0
2022-08-04 09:35:00,6350,6350,6350,6350,700
2022-08-04 09:36:00,6350,6350,6350,6350,0
2022-08-04 09:37:00,6375,6375,6375,6375,0
2022-08-04 09:38:00,6350,6350,6350,6350,30900
2022-08-04 09:39:00,6350,6350,6350,6350,11900
2022-08-04 09:40:00,6350,6350,6350,6350,1900
2022-08-04 09:41:00,6350,6325,6350,6325,1000
2022-08-04 09:42:00,6325,6325,6325,6325,4500
2022-08-04 09:43:00,6325,6325,6325,6325,0
2022-08-04 09:44:00,6325,6325,6350,6350,14500
2022-08-04 09:45:00,6325,6325,6350,6350,0
2022-08-04 09:46:00,6325,6325,6350,6350,0
2022-08-04 09:47:00,6350,6350,6350,6350,0
2022-08-04 09:48:00,6350,6350,6350,6350,0
2022-08-04 09:49:00,6350,6350,6350,6350,3000
2022-08-04 09:50:00,6350,6350,6350,6350,0
2022-08-04 09:51:00,6350,6350,6350,6350,0
2022-08-04 09:52:00,6350,6350,6350,6350,9700
2022-08-04 09:53:00,6350,6350,6350,6350,0
2022-08-04 09:54:00,6350,6350,6350,6350,2500
2022-08-04 09:55:00,6350,6350,6350,6350,11600
2022-08-04 09:56:00,6350,6350,6350,6350,3200
2022-08-04 09:57:00,6350,6350,6350,6350,0
2022-08-04 09:58:00,6350,6350,6350,6350,7200
2022-08-04 09:59:00,6350,6350,6350,6350,100
2022-08-04 10:00:00,6350,6350,6350,6350,0
2022-08-04 10:01:00,6350,6350,6350,6350,200
2022-08-04 10:02:00,6350,6350,6350,6350,11800
2022-08-04 10:03:00,6375,6375,6375,6375,0
2022-08-04 10:04:00,6375,6375,6375,6375,0
2022-08-04 10:05:00,6375,6375,6375,6375,0
2022-08-04 10:06:00,6375,6375,6375,6375,0
2022-08-04 10:07:00,6350,6350,6350,6350,0
2022-08-04 10:08:00,6350,6350,6350,6350,200
2022-08-04 10:09:00,6350,6350,6350,6350,0
2022-08-04 10:10:00,6350,6350,6350,6350,0
2022-08-04 10:11:00,6350,6350,6375,6375,8200
2022-08-04 10:12:00,6350,6350,6350,6350,0
2022-08-04 10:13:00,6350,6350,6350,6350,200
2022-08-04 10:14:00,6350,6350,6350,6350,1900
2022-08-04 10:15:00,6350,6350,6350,6350,0
2022-08-04 10:16:00,6350,6350,6350,6350,0
2022-08-04 10:17:00,6350,6350,6350,6350,3800
2022-08-04 10:18:00,6375,6375,6375,6375,0
2022-08-04 10:19:00,6350,6350,6350,6350,1000
2022-08-04 10:20:00,6350,6350,6350,6350,0
2022-08-04 10:21:00,6350,6350,6350,6350,0
2022-08-04 10:22:00,6350,6350,6375,6375,3300
2022-08-04 10:23:00,6350,6350,6375,6375,0
2022-08-04 10:24:00,6350,6350,6350,6350,100
2022-08-04 10:25:00,6350,6350,6350,6350,0
2022-08-04 10:26:00,6375,6350,6375,6350,600
2022-08-04 10:27:00,6375,6350,6375,6350,0
2022-08-04 10:28:00,6375,6350,6375,6350,0
2022-08-04 10:29:00,6350,6350,6350,6350,0
2022-08-04 10:30:00,6350,6350,6350,6350,6500
2022-08-04 10:31:00,6350,6350,6350,6350,0
2022-08-04 10:32:00,6350,6350,6350,6350,0
2022-08-04 10:33:00,6350,6350,6350,6350,0
2022-08-04 10:34:00,6375,6350,6375,6350,15500
2022-08-04 10:35:00,6350,6350,6350,6350,0
2022-08-04 10:36:00,6350,6350,6350,6350,0
2022-08-04 10:37:00,6350,6350,6350,6350,0
2022-08-04 10:38:00,6350,6350,6350,6350,0
2022-08-04 10:39:00,6350,6350,6350,6350,0
2022-08-04 10:40:00,6350,6350,6350,6350,200
2022-08-04 10:41:00,6350,6350,6350,6350,4400
2022-08-04 10:42:00,6350,6350,6350,6350,0
2022-08-04 10:43:00,6350,6350,6350,6350,0
2022-08-04 10:44:00,6350,6350,6350,6350,0
2022-08-04 10:45:00,6350,6350,6350,6350,0
2022-08-04 10:46:00,6375,6375,6375,6375,100
2022-08-04 10:47:00,6350,6350,6350,6350,100
2022-08-04 10:48:00,6350,6350,6350,6350,0
2022-08-04 10:49:00,6350,6350,6350,6350,0
2022-08-04 10:50:00,6350,6350,6350,6350,1600
2022-08-04 10:51:00,6350,6350,6350,6350,0
2022-08-04 10:52:00,6375,6375,6375,6375,0
2022-08-04 10:53:00,6375,6350,6400,6350,84000
2022-08-04 10:54:00,6350,6350,6400,6350,7800
2022-08-04 10:55:00,6350,6350,6400,6350,0
2022-08-04 10:56:00,6350,6350,6400,6350,0
2022-08-04 10:57:00,6350,6350,6400,6350,0
2022-08-04 10:58:00,6350,6350,6350,6350,2200
2022-08-04 10:59:00,6350,6350,6350,6350,0
2022-08-04 11:00:00,6375,6350,6375,6350,3100
2022-08-04 11:01:00,6375,6350,6375,6350,0
2022-08-04 11:02:00,6375,6375,6375,6375,13500
2022-08-04 11:03:00,6375,6375,6375,6375,6400
2022-08-04 11:04:00,6375,6375,6375,6375,0
2022-08-04 11:05:00,6375,6375,6375,6375,200
2022-08-04 11:06:00,6375,6375,6375,6375,3200
2022-08-04 11:07:00,6400,6400,6400,6400,0
2022-08-04 11:08:00,6400,6400,6400,6400,0
2022-08-04 11:09:00,6400,6400,6400,6400,0
2022-08-04 11:10:00,6375,6375,6375,6375,4200
2022-08-04 11:11:00,6375,6375,6400,6400,4600
2022-08-04 11:12:00,6375,6375,6400,6400,200
2022-08-04 11:13:00,6400,6400,6400,6400,0
2022-08-04 11:14:00,6400,6375,6400,6375,2700
2022-08-04 11:15:00,6400,6400,6400,6400,400
2022-08-04 11:16:00,6400,6400,6400,6400,0
2022-08-04 11:17:00,6400,6400,6400,6400,0
2022-08-04 11:18:00,6400,6400,6400,6400,0
2022-08-04 11:19:00,6400,6400,6400,6400,0
2022-08-04 11:20:00,6375,6375,6400,6375,14800
2022-08-04 11:21:00,6375,6375,6400,6375,6100
2022-08-04 11:22:00,6375,6375,6375,6375,0
2022-08-04 11:23:00,6375,6375,6375,6375,0
2022-08-04 11:24:00,6375,6375,6400,6400,3500
2022-08-04 11:25:00,6375,6375,6400,6375,4600
2022-08-04 11:26:00,6375,6375,6375,6375,2600
2022-08-04 11:27:00,6375,6375,6375,6375,1300
2022-08-04 11:28:00,6375,6375,6400,6375,2000
2022-08-04 11:29:00,6375,6375,6375,6375,29200
2022-08-04 11:30:00,6375,6375,6375,6375,0
2022-08-04 11:31:00,6375,6375,6375,6375,0
2022-08-04 11:32:00,6375,6375,6375,6375,0
2022-08-04 11:33:00,6375,6375,6375,6375,0
2022-08-04 11:34:00,6375,6375,6375,6375,0
2022-08-04 11:35:00,6375,6375,6375,6375,0
2022-08-04 11:36:00,6375,6375,6375,6375,0
2022-08-04 11:37:00,6375,6375,6375,6375,0
2022-08-04 11:38:00,6375,6375,6375,6375,0
2022-08-04 11:39:00,6375,6375,6375,6375,0
2022-08-04 11:40:00,6375,6375,6375,6375,0
2022-08-04 11:41:00,6375,6375,6375,6375,0
2022-08-04 11:42:00,6375,6375,6375,6375,0
2022-08-04 11:43:00,6375,6375,6375,6375,0
2022-08-04 11:44:00,6375,6375,6375,6375,0
2022-08-04 11:45:00,6375,6375,6375,6375,0
2022-08-04 11:46:00,6375,6375,6375,6375,0
2022-08-04 11:47:00,6375,6375,6375,6375,0
2022-08-04 11:48:00,6375,6375,6375,6375,0
2022-08-04 11:49:00,6375,6375,6375,6375,0
2022-08-04 11:50:00,6375,6375,6375,6375,0
2022-08-04 11:51:00,6375,6375,6375,6375,0
2022-08-04 11:52:00,6375,6375,6375,6375,0
2022-08-04 11:53:00,6375,6375,6375,6375,0
2022-08-04 11:54:00,6375,6375,6375,6375,0
2022-08-04 11:55:00,6375,6375,6375,6375,0
2022-08-04 11:56:00,6375,6375,6375,6375,0
2022-08-04 11:57:00,6375,6375,6375,6375,0
2022-08-04 11:58:00,6375,6375,6375,6375,0
2022-08-04 11:59:00,6375,6375,6375,6375,0
2022-08-04 12:00:00,6375,6375,6375,6375,0
2022-08-04 12:01:00,6375,6375,6375,6375,0
2022-08-04 12:02:00,6375,6375,6375,6375,0
2022-08-04 12:03:00,6375,6375,6375,6375,0
2022-08-04 12:04:00,6375,6375,6375,6375,0
2022-08-04 12:05:00,6375,6375,6375,6375,0
2022-08-04 12:06:00,6375,6375,6375,6375,0
2022-08-04 12:07:00,6375,6375,6375,6375,0
2022-08-04 12:08:00,6375,6375,6375,6375,0
2022-08-04 12:09:00,6375,6375,6375,6375,0
2022-08-04 12:10:00,6375,6375,6375,6375,0
2022-08-04 12:11:00,6375,6375,6375,6375,0
2022-08-04 12:12:00,6375,6375,6375,6375,0
2022-08-04 12:13:00,6375,6375,6375,6375,0
2022-08-04 12:14:00,6375,6375,6375,6375,0
2022-08-04 12:15:00,6375,6375,6375,6375,0
2022-08-04 12:16:00,6375,6375,6375,6375,0
2022-08-04 12:17:00,6375,6375,6375,6375,0
2022-08-04 12:18:00,6375,6375,6375,6375,0
2022-08-04 12:19:00,6375,6375,6375,6375,0
2022-08-04 12:20:00,6375,6375,6375,6375,0
2022-08-04 12:21:00,6375,6375,6375,6375,0
2022-08-04 12:22:00,6375,6375,6375,6375,0
2022-08-04 12:23:00,6375,6375,6375,6375,0
2022-08-04 12:24:00,6375,6375,6375,6375,0
2022-08-04 12:25:00,6375,6375,6375,6375,0
2022-08-04 12:26:00,6375,6375,6375,6375,0
2022-08-04 12:27:00,6375,6375,6375,6375,0
2022-08-04 12:28:00,6375,6375,6375,6375,0
2022-08-04 12:29:00,6375,6375,6375,6375,0
2022-08-04 12:30:00,6375,6375,6375,6375,0
2022-08-04 12:31:00,6375,6375,6375,6375,0
2022-08-04 12:32:00,6375,6375,6375,6375,0
2022-08-04 12:33:00,6375,6375,6375,6375,0
2022-08-04 12:34:00,6375,6375,6375,6375,0
2022-08-04 12:35:00,6375,6375,6375,6375,0
2022-08-04 12:36:00,6375,6375,6375,6375,0
2022-08-04 12:37:00,6375,6375,6375,6375,0
2022-08-04 12:38:00,6375,6375,6375,6375,0
2022-08-04 12:39:00,6375,6375,6375,6375,0
2022-08-04 12:40:00,6375,6375,6375,6375,0
2022-08-04 12:41:00,6375,6375,6375,6375,0
2022-08-04 12:42:00,6375,6375,6375,6375,0
2022-08-04 12:43:00,6375,6375,6375,6375,0
2022-08-04 12:44:00,6375,6375,6375,6375,0
2022-08-04 12:45:00,6375,6375,6375,6375,0
2022-08-04 12:46:00,6375,6375,6375,6375,0
2022-08-04 12:47:00,6375,6375,6375,6375,0
2022-08-04 12:48:00,6375,6375,6375,6375,0
2022-08-04 12:49:00,6375,6375,6375,6375,0
2022-08-04 12:50:00,6375,6375,6375,6375,0
2022-08-04 12:51:00,6375,6375,6375,6375,0
2022-08-04 12:52:00,6375,6375,6375,6375,0
2022-08-04 12:53:00,6375,6375,6375,6375,0
2022-08-04 12:54:00,6375,6375,6375,6375,0
2022-08-04 12:55:00,6375,6375,6375,6375,0
2022-08-04 12:56:00,6375,6375,6375,6375,0
2022-08-04 12:57:00,6375,6375,6375,6375,0
2022-08-04 12:58:00,6375,6375,6375,6375,0
2022-08-04 12:59:00,6375,6375,6375,6375,0
2022-08-04 13:00:00,6375,6375,6375,6375,0
2022-08-04 13:01:00,6375,6375,6375,6375,0
2022-08-04 13:02:00,6375,6375,6375,6375,0
2022-08-04 13:03:00,6375,6375,6375,6375,0
2022-08-04 13:04:00,6375,6375,6375,6375,0
2022-08-04 13:05:00,6375,6375,6375,6375,0
2022-08-04 13:06:00,6375,6375,6375,6375,0
2022-08-04 13:07:00,6375,6375,6375,6375,0
2022-08-04 13:08:00,6375,6375,6375,6375,0
2022-08-04 13:09:00,6375,6375,6375,6375,0
2022-08-04 13:10:00,6375,6375,6375,6375,0
2022-08-04 13:11:00,6375,6375,6375,6375,0
2022-08-04 13:12:00,6375,6375,6375,6375,0
2022-08-04 13:13:00,6375,6375,6375,6375,0
2022-08-04 13:14:00,6375,6375,6375,6375,0
2022-08-04 13:15:00,6375,6375,6375,6375,0
2022-08-04 13:16:00,6375,6375,6375,6375,0
2022-08-04 13:17:00,6375,6375,6375,6375,0
2022-08-04 13:18:00,6375,6375,6375,6375,0
2022-08-04 13:19:00,6375,6375,6375,6375,0
2022-08-04 13:20:00,6375,6375,6375,6375,0
2022-08-04 13:21:00,6375,6375,6375,6375,0
2022-08-04 13:22:00,6375,6375,6375,6375,0
2022-08-04 13:23:00,6375,6375,6375,6375,0
2022-08-04 13:24:00,6375,6375,6375,6375,0
2022-08-04 13:25:00,6375,6375,6375,6375,0
2022-08-04 13:26:00,6375,6375,6375,6375,0
2022-08-04 13:27:00,6375,6375,6375,6375,0
2022-08-04 13:28:00,6375,6375,6375,6375,0
2022-08-04 13:29:00,6375,6375,6375,6375,0
2022-08-04 13:30:00,6375,6350,6375,6375,15800
2022-08-04 13:31:00,6400,6400,6400,6400,6400
2022-08-04 13:32:00,6375,6375,6375,6375,1700
2022-08-04 13:33:00,6375,6375,6375,6375,0
2022-08-04 13:34:00,6375,6375,6375,6375,1400
2022-08-04 13:35:00,6375,6375,6375,6375,0
2022-08-04 13:36:00,6375,6375,6375,6375,0
2022-08-04 13:37:00,6375,6375,6400,6400,15800
2022-08-04 13:38:00,6375,6375,6400,6400,0
2022-08-04 13:39:00,6375,6375,6375,6375,200
2022-08-04 13:40:00,6375,6375,6375,6375,0
2022-08-04 13:41:00,6375,6375,6375,6375,0
2022-08-04 13:42:00,6375,6375,6375,6375,0
2022-08-04 13:43:00,6375,6375,6375,6375,4300
2022-08-04 13:44:00,6375,6375,6375,6375,0
2022-08-04 13:45:00,6375,6375,6375,6375,0
2022-08-04 13:46:00,6375,6375,6400,6400,1500
2022-08-04 13:47:00,6375,6375,6400,6400,0
2022-08-04 13:48:00,6375,6375,6400,6400,28800
2022-08-04 13:49:00,6400,6400,6400,6400,33600
2022-08-04 13:50:00,6400,6400,6400,6400,118600
2022-08-04 13:51:00,6400,6400,6400,6400,1100
2022-08-04 13:52:00,6400,6400,6425,6400,59600
2022-08-04 13:53:00,6400,6400,6400,6400,17900
2022-08-04 13:54:00,6400,6400,6400,6400,7900
2022-08-04 13:55:00,6400,6400,6400,6400,0
2022-08-04 13:56:00,6400,6400,6400,6400,0
2022-08-04 13:57:00,6400,6400,6400,6400,19500
2022-08-04 13:58:00,6400,6400,6400,6400,0
2022-08-04 13:59:00,6400,6375,6400,6375,20900
2022-08-04 14:00:00,6375,6375,6375,6375,0
2022-08-04 14:01:00,6375,6375,6375,6375,0
2022-08-04 14:02:00,6400,6400,6400,6400,1300
2022-08-04 14:03:00,6400,6400,6400,6400,0
2022-08-04 14:04:00,6400,6400,6400,6400,0
2022-08-04 14:05:00,6400,6400,6400,6400,700
2022-08-04 14:06:00,6400,6400,6400,6400,0
2022-08-04 14:07:00,6375,6375,6375,6375,1800
2022-08-04 14:08:00,6375,6375,6375,6375,0
2022-08-04 14:09:00,6375,6375,6375,6375,16200
2022-08-04 14:10:00,6375,6375,6375,6375,0
2022-08-04 14:11:00,6375,6375,6375,6375,0
2022-08-04 14:12:00,6375,6375,6375,6375,0
2022-08-04 14:13:00,6375,6375,6375,6375,0
2022-08-04 14:14:00,6375,6375,6375,6375,0
2022-08-04 14:15:00,6375,6375,6375,6375,0
2022-08-04 14:16:00,6375,6375,6375,6375,0
2022-08-04 14:17:00,6375,6375,6375,6375,0
2022-08-04 14:18:00,6400,6375,6400,6375,18700
2022-08-04 14:19:00,6400,6400,6400,6400,800
2022-08-04 14:20:00,6375,6350,6375,6350,58200
2022-08-04 14:21:00,6375,6350,6375,6350,0
2022-08-04 14:22:00,6375,6375,6375,6375,0
2022-08-04 14:23:00,6375,6375,6375,6375,2000
2022-08-04 14:24:00,6375,6350,6375,6350,2900
2022-08-04 14:25:00,6375,6375,6375,6375,100
2022-08-04 14:26:00,6375,6375,6375,6375,0
2022-08-04 14:27:00,6375,6375,6375,6375,0
2022-08-04 14:28:00,6375,6375,6375,6375,0
2022-08-04 14:29:00,6350,6350,6350,6350,1600
2022-08-04 14:30:00,6350,6350,6350,6350,4500
2022-08-04 14:31:00,6350,6350,6350,6350,0
2022-08-04 14:32:00,6350,6350,6350,6350,0
2022-08-04 14:33:00,6350,6350,6350,6350,0
2022-08-04 14:34:00,6375,6350,6375,6350,2900
2022-08-04 14:35:00,6350,6350,6350,6350,3500
2022-08-04 14:36:00,6350,6350,6350,6350,23000
2022-08-04 14:37:00,6350,6350,6375,6375,11300
2022-08-04 14:38:00,6350,6350,6375,6375,0
2022-08-04 14:39:00,6350,6350,6375,6375,0
2022-08-04 14:40:00,6350,6350,6350,6350,7100
2022-08-04 14:41:00,6350,6350,6350,6350,4100
2022-08-04 14:42:00,6350,6350,6350,6350,0
2022-08-04 14:43:00,6350,6350,6350,6350,0
2022-08-04 14:44:00,6350,6350,6350,6350,0
2022-08-04 14:45:00,6350,6350,6375,6350,3000
2022-08-04 14:46:00,6350,6350,6350,6350,3400
2022-08-04 14:47:00,6350,6350,6350,6350,1700
2022-08-04 14:48:00,6350,6350,6375,6350,6200
2022-08-04 14:49:00,6350,6350,6375,6375,1300
2022-08-04 14:50:00,6350,6350,6375,6375,0
2022-08-04 14:51:00,6350,6350,6375,6375,0
2022-08-04 14:52:00,6350,6350,6375,6375,0
2022-08-04 14:53:00,6350,6350,6375,6375,0
2022-08-04 14:54:00,6350,6350,6375,6375,0
2022-08-04 14:55:00,6350,6350,6375,6375,0
2022-08-04 14:56:00,6350,6350,6375,6375,0
2022-08-04 14:57:00,6350,6350,6375,6375,0
2022-08-04 14:58:00,6350,6350,6375,6375,0
2022-08-04 14:59:00,6350,6350,6375,6375,0
2022-08-04 15:00:00,6375,6375,6375,6375,68300
2022-08-04 15:01:00,6375,6375,6375,6375,0
2022-08-04 15:02:00,6375,6375,6375,6375,200
2022-08-04 15:03:00,6375,6375,6375,6375,80500
2022-08-04 15:04:00,6375,6375,6375,6375,0
2022-08-04 15:05:00,6375,6375,6375,6375,20000
2022-08-04 15:06:00,6375,6375,6375,6375,0
2022-08-04 15:07:00,6375,6375,6375,6375,6000
2022-08-04 15:08:00,6375,6375,6375,6375,0
2022-08-04 15:09:00,6375,6375,6375,6375,3000
2022-08-04 15:10:00,6375,6375,6375,6375,19500
2022-08-04 15:11:00,6375,6375,6375,6375,0
2022-08-04 15:12:00,6375,6375,6375,6375,0
2022-08-04 15:13:00,6375,6375,6375,6375,0
2022-08-04 15:14:00,6375,6375,6375,6375,0
2022-08-04 15:15:00,6375,6375,6375,6375,0
2022-08-04 15:16:00,6375,6375,6375,6375,0
2022-08-04 15:17:00,6375,6375,6375,6375,0
2022-08-04 15:18:00,6375,6375,6375,6375,0
2022-08-04 15:19:00,6375,6375,6375,6375,0
2022-08-04 15:20:00,6375,6375,6375,6375,0
2022-08-04 15:21:00,6375,6375,6375,6375,0
2022-08-04 15:22:00,6375,6375,6375,6375,0
2022-08-04 15:23:00,6375,6375,6375,6375,0
2022-08-04 15:24:00,6375,6375,6375,6375,0
2022-08-04 15:25:00,6375,6375,6375,6375,0
2022-08-04 15:26:00,6375,6375,6375,6375,0
2022-08-04 15:27:00,6375,6375,6375,6375,0
2022-08-04 15:28:00,6375,6375,6375,6375,0
2022-08-04 15:29:00,6375,6375,6375,6375,0
2022-08-04 15:30:00,6375,6375,6375,6375,0
2022-08-04 15:31:00,6375,6375,6375,6375,0
2022-08-04 15:32:00,6375,6375,6375,6375,0
2022-08-04 15:33:00,6375,6375,6375,6375,0
2022-08-04 15:34:00,6375,6375,6375,6375,0
2022-08-04 15:35:00,6375,6375,6375,6375,0
2022-08-04 15:36:00,6375,6375,6375,6375,0
2022-08-04 15:37:00,6375,6375,6375,6375,0
2022-08-04 15:38:00,6375,6375,6375,6375,0
2022-08-04 15:39:00,6375,6375,6375,6375,0
2022-08-04 15:40:00,6375,6375,6375,6375,0
2022-08-04 15:41:00,6375,6375,6375,6375,0
2022-08-04 15:42:00,6375,6375,6375,6375,0
2022-08-04 15:43:00,6375,6375,6375,6375,0
2022-08-04 15:44:00,6375,6375,6375,6375,0
2022-08-04 15:45:00,6375,6375,6375,6375,0
2022-08-04 15:46:00,6375,6375,6375,6375,0
2022-08-04 15:47:00,6375,6375,6375,6375,0
2022-08-04 15:48:00,6375,6375,6375,6375,0
2022-08-04 15:49:00,6375,6375,6375,6375,0
2022-08-04 15:50:00,6375,6375,6375,6375,0
2022-08-04 15:51:00,6375,6375,6375,6375,0
2022-08-04 15:52:00,6375,6375,6375,6375,0
2022-08-04 15:53:00,6375,6375,6375,6375,0
2022-08-04 15:54:00,6375,6375,6375,6375,0
2022-08-04 15:55:00,6375,6375,6375,6375,0
2022-08-04 15:56:00,6375,6375,6375,6375,0
2022-08-04 15:57:00,6375,6375,6375,6375,0
2022-08-04 15:58:00,6375,6375,6375,6375,0
2022-08-04 15:59:00,6375,6375,6375,6375,0
2022-08-05 09:00:00,6350,6350,6400,6375,13200
2022-08-05 09:01:00,6350,6350,6400,6375,0
2022-08-05 09:02:00,6375,6375,6375,6375,2100
2022-08-05 09:03:00,6400,6375,6400,6400,300
2022-08-05 09:04:00,6375,6375,6400,6400,1400
2022-08-05 09:05:00,6400,6400,6400,6400,2200
2022-08-05 09:06:00,6400,6400,6400,6400,0
2022-08-05 09:07:00,6400,6400,6400,6400,0
2022-08-05 09:08:00,6400,6400,6400,6400,3900
2022-08-05 09:09:00,6400,6400,6400,6400,1500
2022-08-05 09:10:00,6400,6375,6400,6400,6800
2022-08-05 09:11:00,6375,6375,6375,6375,1700
2022-08-05 09:12:00,6375,6375,6375,6375,300
2022-08-05 09:13:00,6375,6375,6375,6375,400
2022-08-05 09:14:00,6375,6375,6400,6400,100
2022-08-05 09:15:00,6375,6375,6375,6375,100
2022-08-05 09:16:00,6375,6375,6400,6400,1900
2022-08-05 09:17:00,6400,6400,6400,6400,500
2022-08-05 09:18:00,6400,6400,6400,6400,10000
2022-08-05 09:19:00,6375,6375,6400,6400,3200
2022-08-05 09:20:00,6375,6375,6400,6400,0
2022-08-05 09:21:00,6375,6375,6400,6400,0
2022-08-05 09:22:00,6400,6375,6400,6400,2000
2022-08-05 09:23:00,6375,6375,6375,6375,0
2022-08-05 09:24:00,6375,6375,6375,6375,600
2022-08-05 09:25:00,6375,6375,6400,6375,31700
2022-08-05 09:26:00,6375,6375,6400,6375,0
2022-08-05 09:27:00,6375,6375,6375,6375,700
2022-08-05 09:28:00,6375,6375,6400,6400,4300
2022-08-05 09:29:00,6375,6375,6400,6400,0
2022-08-05 09:30:00,6375,6375,6400,6400,0
2022-08-05 09:31:00,6375,6375,6400,6400,0
2022-08-05 09:32:00,6400,6375,6400,6400,7900
2022-08-05 09:33:00,6400,6375,6400,6400,0
2022-08-05 09:34:00,6375,6375,6375,6375,100
2022-08-05 09:35:00,6375,6375,6400,6400,9700
2022-08-05 09:36:00,6375,6350,6400,6350,13300
2022-08-05 09:37:00,6375,6350,6400,6350,0
2022-08-05 09:38:00,6375,6350,6400,6350,0
2022-08-05 09:39:00,6375,6350,6400,6350,0
2022-08-05 09:40:00,6375,6350,6375,6375,8800
2022-08-05 09:41:00,6350,6350,6375,6375,17700
2022-08-05 09:42:00,6375,6375,6375,6375,100
2022-08-05 09:43:00,6375,6375,6375,6375,2400
2022-08-05 09:44:00,6375,6375,6375,6375,200
2022-08-05 09:45:00,6375,6375,6375,6375,0
2022-08-05 09:46:00,6375,6375,6375,6375,0
2022-08-05 09:47:00,6375,6375,6375,6375,0
2022-08-05 09:48:00,6375,6375,6375,6375,0
2022-08-05 09:49:00,6375,6375,6375,6375,400
2022-08-05 09:50:00,6350,6350,6375,6350,34700
2022-08-05 09:51:00,6350,6350,6375,6375,0
2022-08-05 09:52:00,6350,6350,6375,6375,0
2022-08-05 09:53:00,6350,6350,6375,6375,0
2022-08-05 09:54:00,6350,6350,6375,6375,0
2022-08-05 09:55:00,6375,6350,6375,6350,300
2022-08-05 09:56:00,6350,6350,6350,6350,25900
2022-08-05 09:57:00,6350,6350,6350,6350,2200
2022-08-05 09:58:00,6350,6350,6350,6350,4300
2022-08-05 09:59:00,6350,6350,6350,6350,5200
2022-08-05 10:00:00,6350,6350,6350,6350,0
2022-08-05 10:01:00,6350,6350,6350,6350,0
2022-08-05 10:02:00,6350,6350,6350,6350,0
2022-08-05 10:03:00,6350,6350,6375,6375,39700
2022-08-05 10:04:00,6375,6350,6375,6350,8000
2022-08-05 10:05:00,6350,6350,6350,6350,9900
2022-08-05 10:06:00,6375,6375,6375,6375,46600
2022-08-05 10:07:00,6375,6375,6375,6375,0
2022-08-05 10:08:00,6375,6350,6375,6375,12900
2022-08-05 10:09:00,6375,6350,6375,6375,11600
2022-08-05 10:10:00,6375,6375,6400,6400,112900
2022-08-05 10:11:00,6400,6400,6400,6400,21000
2022-08-05 10:12:00,6400,6400,6425,6425,57000
2022-08-05 10:13:00,6425,6425,6450,6450,129500
2022-08-05 10:14:00,6450,6425,6450,6450,400
2022-08-05 10:15:00,6450,6425,6450,6450,209500
2022-08-05 10:16:00,6450,6450,6450,6450,14000
2022-08-05 10:17:00,6450,6450,6450,6450,2700
2022-08-05 10:18:00,6450,6450,6450,6450,65300
2022-08-05 10:19:00,6450,6450,6450,6450,0
2022-08-05 10:20:00,6450,6450,6450,6450,1000
2022-08-05 10:21:00,6450,6450,6450,6450,0
2022-08-05 10:22:00,6450,6450,6450,6450,0
2022-08-05 10:23:00,6450,6450,6450,6450,0
2022-08-05 10:24:00,6450,6425,6450,6450,30100
2022-08-05 10:25:00,6425,6425,6450,6425,1800
2022-08-05 10:26:00,6425,6425,6450,6425,31500
2022-08-05 10:27:00,6425,6425,6450,6425,0
2022-08-05 10:28:00,6425,6425,6450,6450,13200
2022-08-05 10:29:00,6425,6425,6450,6425,40800
2022-08-05 10:30:00,6425,6425,6425,6425,0
2022-08-05 10:31:00,6425,6425,6425,6425,0
2022-08-05 10:32:00,6425,6425,6425,6425,1000
2022-08-05 10:33:00,6425,6400,6425,6400,600
2022-08-05 10:34:00,6400,6400,6400,6400,22200
2022-08-05 10:35:00,6400,6400,6400,6400,2200
2022-08-05 10:36:00,6400,6400,6400,6400,18000
2022-08-05 10:37:00,6400,6400,6400,6400,39200
2022-08-05 10:38:00,6400,6400,6400,6400,0
2022-08-05 10:39:00,6400,6400,6400,6400,6800
2022-08-05 10:40:00,6400,6375,6400,6400,43400
2022-08-05 10:41:00,6375,6375,6375,6375,1300
2022-08-05 10:42:00,6375,6375,6400,6400,1400
2022-08-05 10:43:00,6375,6375,6400,6400,10800
2022-08-05 10:44:00,6375,6375,6400,6400,1100
2022-08-05 10:45:00,6400,6375,6400,6400,3500
2022-08-05 10:46:00,6375,6375,6400,6400,10700
2022-08-05 10:47:00,6375,6375,6400,6400,27000
2022-08-05 10:48:00,6400,6400,6400,6400,10300
2022-08-05 10:49:00,6400,6400,6400,6400,0
2022-08-05 10:50:00,6400,6375,6400,6400,14000
2022-08-05 10:51:00,6375,6375,6375,6375,500
2022-08-05 10:52:00,6375,6375,6375,6375,0
2022-08-05 10:53:00,6375,6375,6400,6400,19600
2022-08-05 10:54:00,6375,6375,6400,6400,16200
2022-08-05 10:55:00,6400,6400,6400,6400,14100
2022-08-05 10:56:00,6400,6400,6400,6400,0
2022-08-05 10:57:00,6375,6375,6400,6400,11700
2022-08-05 10:58:00,6400,6400,6400,6400,900
2022-08-05 10:59:00,6375,6375,6400,6400,0
2022-08-05 11:00:00,6400,6400,6400,6400,4000
2022-08-05 11:01:00,6375,6375,6400,6400,15400
2022-08-05 11:02:00,6400,6400,6400,6400,0
2022-08-05 11:03:00,6400,6400,6400,6400,0
2022-08-05 11:04:00,6375,6375,6400,6400,18700
2022-08-05 11:05:00,6375,6375,6375,6375,3400
2022-08-05 11:06:00,6375,6375,6375,6375,300
2022-08-05 11:07:00,6375,6375,6375,6375,1600
2022-08-05 11:08:00,6375,6375,6400,6400,14200
2022-08-05 11:09:00,6375,6375,6375,6375,1400
2022-08-05 11:10:00,6375,6375,6400,6400,21200
2022-08-05 11:11:00,6375,6375,6400,6375,6400
2022-08-05 11:12:00,6400,6375,6400,6375,19200
2022-08-05 11:13:00,6375,6375,6400,6400,14800
2022-08-05 11:14:00,6375,6375,6400,6375,4000
2022-08-05 11:15:00,6375,6375,6400,6400,3100
2022-08-05 11:16:00,6375,6375,6400,6375,21300
2022-08-05 11:17:00,6375,6375,6400,6400,1700
2022-08-05 11:18:00,6375,6375,6400,6400,9000
2022-08-05 11:19:00,6375,6375,6400,6400,28000
2022-08-05 11:20:00,6375,6375,6400,6400,6900
2022-08-05 11:21:00,6375,6375,6400,6375,4500
2022-08-05 11:22:00,6375,6375,6375,6375,2800
2022-08-05 11:23:00,6375,6375,6375,6375,13800
2022-08-05 11:24:00,6375,6375,6400,6375,11200
2022-08-05 11:25:00,6375,6375,6375,6375,8400
2022-08-05 11:26:00,6375,6375,6375,6375,38900
2022-08-05 11:27:00,6375,6375,6375,6375,7400
2022-08-05 11:28:00,6375,6350,6375,6350,12700
2022-08-05 11:29:00,6350,6350,6375,6350,8400
2022-08-05 11:30:00,6350,6350,6375,6350,0
2022-08-05 11:31:00,6350,6350,6375,6350,0
2022-08-05 11:32:00,6350,6350,6375,6350,0
2022-08-05 11:33:00,6350,6350,6375,6350,0
2022-08-05 11:34:00,6350,6350,6375,6350,0
2022-08-05 11:35:00,6350,6350,6375,6350,0
2022-08-05 11:36:00,6350,6350,6375,6350,0
2022-08-05 11:37:00,6350,6350,6375,6350,0
2022-08-05 11:38:00,6350,6350,6375,6350,0
2022-08-05 11:39:00,6350,6350,6375,6350,0
2022-08-05 11:40:00,6350,6350,6375,6350,0
2022-08-05 11:41:00,6350,6350,6375,6350,0
2022-08-05 11:42:00,6350,6350,6375,6350,0
2022-08-05 11:43:00,6350,6350,6375,6350,0
2022-08-05 11:44:00,6350,6350,6375,6350,0
2022-08-05 11:45:00,6350,6350,6375,6350,0
2022-08-05 11:46:00,6350,6350,6375,6350,0
2022-08-05 11:47:00,6350,6350,6375,6350,0
2022-08-05 11:48:00,6350,6350,6375,6350,0
2022-08-05 11:49:00,6350,6350,6375,6350,0
2022-08-05 11:50:00,6350,6350,6375,6350,0
2022-08-05 11:51:00,6350,6350,6375,6350,0
2022-08-05 11:52:00,6350,6350,6375,6350,0
2022-08-05 11:53:00,6350,6350,6375,6350,0
2022-08-05 11:54:00,6350,6350,6375,6350,0
2022-08-05 11:55:00,6350,6350,6375,6350,0
2022-08-05 11:56:00,6350,6350,6375,6350,0
2022-08-05 11:57:00,6350,6350,6375,6350,0
2022-08-05 11:58:00,6350,6350,6375,6350,0
2022-08-05 11:59:00,6350,6350,6375,6350,0
2022-08-05 12:00:00,6350,6350,6375,6350,0
2022-08-05 12:01:00,6350,6350,6375,6350,0
2022-08-05 12:02:00,6350,6350,6375,6350,0
2022-08-05 12:03:00,6350,6350,6375,6350,0
2022-08-05 12:04:00,6350,6350,6375,6350,0
2022-08-05 12:05:00,6350,6350,6375,6350,0
2022-08-05 12:06:00,6350,6350,6375,6350,0
2022-08-05 12:07:00,6350,6350,6375,6350,0
2022-08-05 12:08:00,6350,6350,6375,6350,0
2022-08-05 12:09:00,6350,6350,6375,6350,0
2022-08-05 12:10:00,6350,6350,6375,6350,0
2022-08-05 12:11:00,6350,6350,6375,6350,0
2022-08-05 12:12:00,6350,6350,6375,6350,0
2022-08-05 12:13:00,6350,6350,6375,6350,0
2022-08-05 12:14:00,6350,6350,6375,6350,0
2022-08-05 12:15:00,6350,6350,6375,6350,0
2022-08-05 12:16:00,6350,6350,6375,6350,0
2022-08-05 12:17:00,6350,6350,6375,6350,0
2022-08-05 12:18:00,6350,6350,6375,6350,0
2022-08-05 12:19:00,6350,6350,6375,6350,0
2022-08-05 12:20:00,6350,6350,6375,6350,0
2022-08-05 12:21:00,6350,6350,6375,6350,0
2022-08-05 12:22:00,6350,6350,6375,6350,0
2022-08-05 12:23:00,6350,6350,6375,6350,0
2022-08-05 12:24:00,6350,6350,6375,6350,0
2022-08-05 12:25:00,6350,6350,6375,6350,0
2022-08-05 12:26:00,6350,6350,6375,6350,0
2022-08-05 12:27:00,6350,6350,6375,6350,0
2022-08-05 12:28:00,6350,6350,6375,6350,0
2022-08-05 12:29:00,6350,6350,6375,6350,0
2022-08-05 12:30:00,6350,6350,6375,6350,0
2022-08-05 12:31:00,6350,6350,6375,6350,0
2022-08-05 12:32:00,6350,6350,6375,6350,0
2022-08-05 12:33:00,6350,6350,6375,6350,0
2022-08-05 12:34:00,6350,6350,6375,6350,0
2022-08-05 12:35:00,6350,6350,6375,6350,0
2022-08-05 12:36:00,6350,6350,6375,6350,0
2022-08-05 12:37:00,6350,6350,6375,6350,0
2022-08-05 12:38:00,6350,6350,6375,6350,0
2022-08-05 12:39:00,6350,6350,6375,6350,0
2022-08-05 12:40:00,6350,6350,6375,6350,0
2022-08-05 12:41:00,6350,6350,6375,6350,0
2022-08-05 12:42:00,6350,6350,6375,6350,0
2022-08-05 12:43:00,6350,6350,6375,6350,0
2022-08-05 12:44:00,6350,6350,6375,6350,0
2022-08-05 12:45:00,6350,6350,6375,6350,0
2022-08-05 12:46:00,6350,6350,6375,6350,0
2022-08-05 12:47:00,6350,6350,6375,6350,0
2022-08-05 12:48:00,6350,6350,6375,6350,0
2022-08-05 12:49:00,6350,6350,6375,6350,0
2022-08-05 12:50:00,6350,6350,6375,6350,0
2022-08-05 12:51:00,6350,6350,6375,6350,0
2022-08-05 12:52:00,6350,6350,6375,6350,0
2022-08-05 12:53:00,6350,6350,6375,6350,0
2022-08-05 12:54:00,6350,6350,6375,6350,0
2022-08-05 12:55:00,6350,6350,6375,6350,0
2022-08-05 12:56:00,6350,6350,6375,6350,0
2022-08-05 12:57:00,6350,6350,6375,6350,0
2022-08-05 12:58:00,6350,6350,6375,6350,0
2022-08-05 12:59:00,6350,6350,6375,6350,0
2022-08-05 13:00:00,6350,6350,6375,6350,0
2022-08-05 13:01:00,6350,6350,6375,6350,0
2022-08-05 13:02:00,6350,6350,6375,6350,0
2022-08-05 13:03:00,6350,6350,6375,6350,0
2022-08-05 13:04:00,6350,6350,6375,6350,0
2022-08-05 13:05:00,6350,6350,6375,6350,0
2022-08-05 13:06:00,6350,6350,6375,6350,0
2022-08-05 13:07:00,6350,6350,6375,6350,0
2022-08-05 13:08:00,6350,6350,6375,6350,0
2022-08-05 13:09:00,6350,6350,6375,6350,0
2022-08-05 13:10:00,6350,6350,6375,6350,0
2022-08-05 13:11:00,6350,6350,6375,6350,0
2022-08-05 13:12:00,6350,6350,6375,6350,0
2022-08-05 13:13:00,6350,6350,6375,6350,0
2022-08-05 13:14:00,6350,6350,6375,6350,0
2022-08-05 13:15:00,6350,6350,6375,6350,0
2022-08-05 13:16:00,6350,6350,6375,6350,0
2022-08-05 13:17:00,6350,6350,6375,6350,0
2022-08-05 13:18:00,6350,6350,6375,6350,0
2022-08-05 13:19:00,6350,6350,6375,6350,0
2022-08-05 13:20:00,6350,6350,6375,6350,0
2022-08-05 13:21:00,6350,6350,6375,6350,0
2022-08-05 13:22:00,6350,6350,6375,6350,0
2022-08-05 13:23:00,6350,6350,6375,6350,0
2022-08-05 13:24:00,6350,6350,6375,6350,0
2022-08-05 13:25:00,6350,6350,6375,6350,0
2022-08-05 13:26:00,6350,6350,6375,6350,0
2022-08-05 13:27:00,6350,6350,6375,6350,0
2022-08-05 13:28:00,6350,6350,6375,6350,0
2022-08-05 13:29:00,6350,6350,6375,6350,0
2022-08-05 13:30:00,6375,6375,6375,6375,32500
2022-08-05 13:31:00,6375,6375,6375,6375,0
2022-08-05 13:32:00,6375,6375,6375,6375,0
2022-08-05 13:33:00,6375,6375,6375,6375,0
2022-08-05 13:34:00,6375,6375,6400,6400,7300
2022-08-05 13:35:00,6400,6375,6400,6400,7300
2022-08-05 13:36:00,6375,6375,6400,6400,1500
2022-08-05 13:37:00,6400,6400,6400,6400,1300
2022-08-05 13:38:00,6375,6375,6375,6375,9900
2022-08-05 13:39:00,6375,6375,6375,6375,33400
2022-08-05 13:40:00,6400,6375,6400,6375,0
2022-08-05 13:41:00,6375,6375,6400,6375,2100
2022-08-05 13:42:00,6375,6375,6400,6400,19000
2022-08-05 13:43:00,6375,6375,6400,6400,21300
2022-08-05 13:44:00,6375,6375,6375,6375,3900
2022-08-05 13:45:00,6375,6375,6375,6375,1000
2022-08-05 13:46:00,6375,6375,6375,6375,32900
2022-08-05 13:47:00,6375,6375,6375,6375,8100
2022-08-05 13:48:00,6375,6375,6375,6375,8600
2022-08-05 13:49:00,6375,6375,6400,6375,24600
2022-08-05 13:50:00,6375,6375,6375,6375,1600
2022-08-05 13:51:00,6375,6375,6375,6375,5300
2022-08-05 13:52:00,6375,6375,6375,6375,10600
2022-08-05 13:53:00,6375,6375,6375,6375,21000
2022-08-05 13:54:00,6375,6375,6375,6375,1800
2022-08-05 13:55:00,6375,6375,6375,6375,3400
2022-08-05 13:56:00,6375,6375,6400,6400,1000
2022-08-05 13:57:00,6375,6375,6400,6375,29800
2022-08-05 13:58:00,6375,6375,6375,6375,3700
2022-08-05 13:59:00,6375,6375,6400,6375,19400
2022-08-05 14:00:00,6375,6350,6375,6375,7800
2022-08-05 14:01:00,6350,6350,6375,6375,18800
2022-08-05 14:02:00,6350,6350,6375,6375,78100
2022-08-05 14:03:00,6375,6350,6375,6375,1700
2022-08-05 14:04:00,6375,6375,6375,6375,600
2022-08-05 14:05:00,6375,6375,6375,6375,400
2022-08-05 14:06:00,6350,6350,6375,6350,3600
2022-08-05 14:07:00,6350,6350,6375,6375,4300
2022-08-05 14:08:00,6375,6375,6375,6375,10300
2022-08-05 14:09:00,6350,6350,6375,6375,29300
2022-08-05 14:10:00,6375,6375,6375,6375,1300
2022-08-05 14:11:00,6375,6375,6375,6375,1400
2022-08-05 14:12:00,6375,6350,6375,6375,15800
2022-08-05 14:13:00,6350,6350,6375,6375,23500
2022-08-05 14:14:00,6375,6350,6375,6375,1500
2022-08-05 14:15:00,6375,6375,6400,6400,154800
2022-08-05 14:16:00,6400,6375,6400,6400,12100
2022-08-05 14:17:00,6375,6375,6400,6400,3100
2022-08-05 14:18:00,6400,6375,6400,6400,7900
2022-08-05 14:19:00,6400,6375,6400,6400,3500
2022-08-05 14:20:00,6400,6375,6400,6400,8600
2022-08-05 14:21:00,6400,6375,6400,6400,19000
2022-08-05 14:22:00,6400,6400,6400,6400,1600
2022-08-05 14:23:00,6400,6375,6400,6400,2900
2022-08-05 14:24:00,6400,6375,6400,6400,5600
2022-08-05 14:25:00,6400,6375,6400,6375,12700
2022-08-05 14:26:00,6400,6400,6400,6400,7800
2022-08-05 14:27:00,6400,6375,6400,6400,2100
2022-08-05 14:28:00,6400,6375,6400,6400,2700
2022-08-05 14:29:00,6375,6375,6400,6400,26800
2022-08-05 14:30:00,6375,6375,6400,6400,21900
2022-08-05 14:31:00,6400,6375,6400,6400,5300
2022-08-05 14:32:00,6400,6375,6400,6400,20200
2022-08-05 14:33:00,6375,6350,6400,6350,329200
2022-08-05 14:34:00,6350,6350,6375,6375,77900
2022-08-05 14:35:00,6350,6350,6375,6350,5500
2022-08-05 14:36:00,6350,6350,6375,6350,12400
2022-08-05 14:37:00,6350,6350,6375,6375,29600
2022-08-05 14:38:00,6375,6350,6375,6350,8900
2022-08-05 14:39:00,6350,6350,6375,6375,9700
2022-08-05 14:40:00,6350,6350,6375,6350,13400
2022-08-05 14:41:00,6350,6350,6375,6375,32800
2022-08-05 14:42:00,6375,6350,6375,6375,9100
2022-08-05 14:43:00,6350,6350,6375,6350,13000
2022-08-05 14:44:00,6375,6350,6375,6375,48500
2022-08-05 14:45:00,6375,6350,6375,6350,14600
2022-08-05 14:46:00,6350,6350,6375,6350,12600
2022-08-05 14:47:00,6350,6350,6375,6375,17700
2022-08-05 14:48:00,6350,6350,6375,6350,29200
2022-08-05 14:49:00,6350,6350,6375,6375,105300
2022-08-05 14:50:00,6350,6350,6375,6375,0
2022-08-05 14:51:00,6350,6350,6375,6375,0
2022-08-05 14:52:00,6350,6350,6375,6375,0
2022-08-05 14:53:00,6350,6350,6375,6375,0
2022-08-05 14:54:00,6350,6350,6375,6375,0
2022-08-05 14:55:00,6350,6350,6375,6375,0
2022-08-05 14:56:00,6350,6350,6375,6375,0
2022-08-05 14:57:00,6350,6350,6375,6375,0
2022-08-05 14:58:00,6350,6350,6375,6375,0
2022-08-05 14:59:00,6350,6350,6375,6375,0
2022-08-05 15:00:00,6375,6375,6375,6375,108200
2022-08-05 15:01:00,6375,6375,6375,6375,200
2022-08-05 15:02:00,6375,6375,6375,6375,0
2022-08-05 15:03:00,6375,6375,6375,6375,13700
2022-08-05 15:04:00,6375,6375,6375,6375,4900
2022-08-05 15:05:00,6375,6375,6375,6375,0
2022-08-05 15:06:00,6375,6375,6375,6375,700
2022-08-05 15:07:00,6375,6375,6375,6375,10000
2022-08-05 15:08:00,6375,6375,6375,6375,0
2022-08-05 15:09:00,6375,6375,6375,6375,0
2022-08-05 15:10:00,6375,6375,6375,6375,2600
2022-08-05 15:11:00,6375,6375,6375,6375,0
2022-08-05 15:12:00,6375,6375,6375,6375,0
2022-08-05 15:13:00,6375,6375,6375,6375,0
2022-08-05 15:14:00,6375,6375,6375,6375,0
2022-08-05 15:15:00,6375,6375,6375,6375,0
2022-08-05 15:16:00,6375,6375,6375,6375,0
2022-08-05 15:17:00,6375,6375,6375,6375,0
2022-08-05 15:18:00,6375,6375,6375,6375,0
2022-08-05 15:19:00,6375,6375,6375,6375,0
2022-08-05 15:20:00,6375,6375,6375,6375,0
2022-08-05 15:21:00,6375,6375,6375,6375,0
2022-08-05 15:22:00,6375,6375,6375,6375,0
2022-08-05 15:23:00,6375,6375,6375,6375,0
2022-08-05 15:24:00,6375,6375,6375,6375,0
2022-08-05 15:25:00,6375,6375,6375,6375,0
2022-08-05 15:26:00,6375,6375,6375,6375,0
2022-08-05 15:27:00,6375,6375,6375,6375,0
2022-08-05 15:28:00,6375,6375,6375,6375,0
2022-08-05 15:29:00,6375,6375,6375,6375,0
2022-08-05 15:30:00,6375,6375,6375,6375,0
2022-08-05 15:31:00,6375,6375,6375,6375,0
2022-08-05 15:32:00,6375,6375,6375,6375,0
2022-08-05 15:33:00,6375,6375,6375,6375,0
2022-08-05 15:34:00,6375,6375,6375,6375,0
2022-08-05 15:35:00,6375,6375,6375,6375,0
2022-08-05 15:36:00,6375,6375,6375,6375,0
2022-08-05 15:37:00,6375,6375,6375,6375,0
2022-08-05 15:38:00,6375,6375,6375,6375,0
2022-08-05 15:39:00,6375,6375,6375,6375,0
2022-08-05 15:40:00,6375,6375,6375,6375,0
2022-08-05 15:41:00,6375,6375,6375,6375,0
2022-08-05 15:42:00,6375,6375,6375,6375,0
2022-08-05 15:43:00,6375,6375,6375,6375,0
2022-08-05 15:44:00,6375,6375,6375,6375,0
2022-08-05 15:45:00,6375,6375,6375,6375,0
2022-08-05 15:46:00,6375,6375,6375,6375,0
2022-08-05 15:47:00,6375,6375,6375,6375,0
2022-08-05 15:48:00,6375,6375,6375,6375,0
2022-08-05 15:49:00,6375,6375,6375,6375,0
2022-08-05 15:50:00,6375,6375,6375,6375,0
2022-08-05 15:51:00,6375,6375,6375,6375,0
2022-08-05 15:52:00,6375,6375,6375,6375,0
2022-08-05 15:53:00,6375,6375,6375,6375,0
2022-08-05 15:54:00,6375,6375,6375,6375,0
2022-08-05 15:55:00,6375,6375,6375,6375,0
2022-08-05 15:56:00,6375,6375,6375,6375,0
2022-08-05 15:57:00,6375,6375,6375,6375,0
2022-08-05 15:58:00,6375,6375,6375,6375,0
2022-08-05 15:59:00,6375,6375,6375,6375,0
2022-08-08 09:00:00,6400,6400,6400,6400,0
2022-08-08 09:01:00,6425,6425,6450,6425,8000
2022-08-08 09:02:00,6425,6425,6450,6450,17900
2022-08-08 09:03:00,6425,6425,6450,6425,3600
2022-08-08 09:04:00,6425,6425,6425,6425,12700
2022-08-08 09:05:00,6425,6425,6450,6450,1600
2022-08-08 09:06:00,6450,6425,6450,6425,1700
2022-08-08 09:07:00,6425,6425,6425,6425,6200
2022-08-08 09:08:00,6450,6450,6450,6450,1900
2022-08-08 09:09:00,6450,6450,6450,6450,1800
2022-08-08 09:10:00,6450,6450,6450,6450,0
2022-08-08 09:11:00,6450,6425,6450,6425,12700
2022-08-08 09:12:00,6450,6425,6450,6425,21100
2022-08-08 09:13:00,6425,6425,6425,6425,400
2022-08-08 09:14:00,6425,6425,6425,6425,0
2022-08-08 09:15:00,6425,6425,6425,6425,100
2022-08-08 09:16:00,6425,6400,6425,6425,10400
2022-08-08 09:17:00,6425,6400,6425,6425,1500
2022-08-08 09:18:00,6425,6425,6425,6425,1100
2022-08-08 09:19:00,6425,6425,6425,6425,800
2022-08-08 09:20:00,6425,6400,6425,6425,5900
2022-08-08 09:21:00,6400,6400,6425,6425,500
2022-08-08 09:22:00,6425,6400,6450,6450,44200
2022-08-08 09:23:00,6400,6400,6400,6400,1900
2022-08-08 09:24:00,6425,6400,6425,6400,0
2022-08-08 09:25:00,6425,6400,6425,6400,0
2022-08-08 09:26:00,6400,6400,6400,6400,2000
2022-08-08 09:27:00,6425,6425,6425,6425,0
2022-08-08 09:28:00,6400,6400,6425,6425,3000
2022-08-08 09:29:00,6425,6425,6425,6425,6500
2022-08-08 09:30:00,6400,6400,6400,6400,39700
2022-08-08 09:31:00,6400,6400,6400,6400,0
2022-08-08 09:32:00,6400,6400,6425,6425,0
2022-08-08 09:33:00,6425,6425,6425,6425,2000
2022-08-08 09:34:00,6425,6425,6425,6425,8000
2022-08-08 09:35:00,6425,6425,6425,6425,0
2022-08-08 09:36:00,6425,6425,6425,6425,0
2022-08-08 09:37:00,6425,6400,6425,6425,2700
2022-08-08 09:38:00,6425,6425,6425,6425,8300
2022-08-08 09:39:00,6400,6400,6400,6400,900
2022-08-08 09:40:00,6425,6425,6425,6425,6000
2022-08-08 09:41:00,6400,6400,6400,6400,0
2022-08-08 09:42:00,6425,6425,6425,6425,0
2022-08-08 09:43:00,6425,6425,6425,6425,0
2022-08-08 09:44:00,6425,6425,6425,6425,6300
2022-08-08 09:45:00,6425,6425,6425,6425,0
2022-08-08 09:46:00,6425,6400,6425,6425,0
2022-08-08 09:47:00,6425,6425,6425,6425,0
2022-08-08 09:48:00,6400,6400,6425,6425,13700
2022-08-08 09:49:00,6425,6425,6425,6425,1400
2022-08-08 09:50:00,6425,6425,6425,6425,15800
2022-08-08 09:51:00,6425,6425,6425,6425,2500
2022-08-08 09:52:00,6425,6425,6425,6425,0
2022-08-08 09:53:00,6425,6425,6425,6425,0
2022-08-08 09:54:00,6425,6425,6425,6425,0
2022-08-08 09:55:00,6425,6425,6425,6425,0
2022-08-08 09:56:00,6425,6425,6425,6425,0
2022-08-08 09:57:00,6425,6425,6425,6425,0
2022-08-08 09:58:00,6425,6425,6425,6425,400
2022-08-08 09:59:00,6425,6425,6425,6425,14000
2022-08-08 10:00:00,6425,6425,6425,6425,0
2022-08-08 10:01:00,6425,6400,6425,6400,10200
2022-08-08 10:02:00,6425,6400,6425,6400,0
2022-08-08 10:03:00,6400,6400,6425,6425,1200
2022-08-08 10:04:00,6425,6425,6425,6425,4600
2022-08-08 10:05:00,6425,6425,6425,6425,1200
2022-08-08 10:06:00,6425,6425,6425,6425,0
2022-08-08 10:07:00,6425,6425,6425,6425,1100
2022-08-08 10:08:00,6425,6425,6425,6425,0
2022-08-08 10:09:00,6425,6425,6425,6425,0
2022-08-08 10:10:00,6425,6425,6425,6425,5700
2022-08-08 10:11:00,6425,6425,6425,6425,600
2022-08-08 10:12:00,6425,6400,6425,6400,10200
2022-08-08 10:13:00,6400,6400,6400,6400,600
2022-08-08 10:14:00,6425,6425,6425,6425,400
2022-08-08 10:15:00,6425,6425,6425,6425,1100
2022-08-08 10:16:00,6425,6425,6425,6425,0
2022-08-08 10:17:00,6425,6425,6425,6425,0
2022-08-08 10:18:00,6425,6425,6425,6425,2100
2022-08-08 10:19:00,6425,6425,6425,6425,0
2022-08-08 10:20:00,6425,6425,6425,6425,0
2022-08-08 10:21:00,6425,6425,6425,6425,10000
2022-08-08 10:22:00,6425,6425,6425,6425,0
2022-08-08 10:23:00,6425,6425,6425,6425,0
2022-08-08 10:24:00,6425,6425,6425,6425,0
2022-08-08 10:25:00,6425,6425,6425,6425,0
2022-08-08 10:26:00,6425,6425,6425,6425,0
2022-08-08 10:27:00,6400,6400,6400,6400,900
2022-08-08 10:28:00,6400,6400,6400,6400,0
2022-08-08 10:29:00,6400,6400,6400,6400,0
2022-08-08 10:30:00,6400,6400,6400,6400,0
2022-08-08 10:31:00,6400,6400,6400,6400,3000
2022-08-08 10:32:00,6425,6425,6425,6425,700
2022-08-08 10:33:00,6425,6425,6425,6425,200
2022-08-08 10:34:00,6425,6425,6425,6425,300
2022-08-08 10:35:00,6400,6400,6400,6400,1600
2022-08-08 10:36:00,6400,6400,6400,6400,0
2022-08-08 10:37:00,6400,6400,6400,6400,0
2022-08-08 10:38:00,6425,6425,6425,6425,0
2022-08-08 10:39:00,6425,6425,6425,6425,200
2022-08-08 10:40:00,6425,6425,6425,6425,0
2022-08-08 10:41:00,6425,6425,6425,6425,300
2022-08-08 10:42:00,6425,6425,6425,6425,0
2022-08-08 10:43:00,6425,6425,6425,6425,0
2022-08-08 10:44:00,6425,6425,6425,6425,0
2022-08-08 10:45:00,6425,6425,6425,6425,0
2022-08-08 10:46:00,6425,6425,6425,6425,100
2022-08-08 10:47:00,6425,6425,6425,6425,0
2022-08-08 10:48:00,6425,6425,6425,6425,100
2022-08-08 10:49:00,6425,6425,6425,6425,200
2022-08-08 10:50:00,6425,6425,6425,6425,0
2022-08-08 10:51:00,6425,6425,6425,6425,0
2022-08-08 10:52:00,6425,6425,6425,6425,3500
2022-08-08 10:53:00,6425,6425,6425,6425,0
2022-08-08 10:54:00,6425,6425,6425,6425,0
2022-08-08 10:55:00,6425,6425,6425,6425,0
2022-08-08 10:56:00,6425,6425,6425,6425,0
2022-08-08 10:57:00,6425,6425,6425,6425,0
2022-08-08 10:58:00,6425,6425,6425,6425,0
2022-08-08 10:59:00,6425,6400,6425,6400,2000
2022-08-08 11:00:00,6425,6400,6425,6400,0
2022-08-08 11:01:00,6425,6400,6425,6400,0
2022-08-08 11:02:00,6425,6400,6425,6400,0
2022-08-08 11:03:00,6400,6400,6400,6400,500
2022-08-08 11:04:00,6425,6400,6425,6400,400
2022-08-08 11:05:00,6425,6425,6425,6425,300
2022-08-08 11:06:00,6425,6425,6425,6425,0
2022-08-08 11:07:00,6425,6425,6425,6425,0
2022-08-08 11:08:00,6425,6425,6425,6425,0
2022-08-08 11:09:00,6400,6400,6400,6400,26400
2022-08-08 11:10:00,6425,6425,6425,6425,0
2022-08-08 11:11:00,6425,6425,6425,6425,0
2022-08-08 11:12:00,6425,6425,6425,6425,0
2022-08-08 11:13:00,6425,6425,6425,6425,0
2022-08-08 11:14:00,6425,6425,6425,6425,0
2022-08-08 11:15:00,6425,6425,6425,6425,0
2022-08-08 11:16:00,6425,6400,6425,6400,8500
2022-08-08 11:17:00,6425,6400,6425,6400,0
2022-08-08 11:18:00,6425,6400,6425,6400,0
2022-08-08 11:19:00,6425,6400,6425,6400,0
2022-08-08 11:20:00,6400,6400,6400,6400,5000
2022-08-08 11:21:00,6400,6400,6400,6400,0
2022-08-08 11:22:00,6425,6425,6425,6425,0
2022-08-08 11:23:00,6425,6400,6425,6425,4400
2022-08-08 11:24:00,6425,6400,6425,6425,0
2022-08-08 11:25:00,6425,6400,6425,6425,0
2022-08-08 11:26:00,6425,6425,6425,6425,700
2022-08-08 11:27:00,6400,6400,6400,6400,400
2022-08-08 11:28:00,6400,6400,6400,6400,1000
2022-08-08 11:29:00,6425,6425,6425,6425,0
2022-08-08 11:30:00,6425,6425,6425,6425,0
2022-08-08 11:31:00,6425,6425,6425,6425,0
2022-08-08 11:32:00,6425,6425,6425,6425,0
2022-08-08 11:33:00,6425,6425,6425,6425,0
2022-08-08 11:34:00,6425,6425,6425,6425,0
2022-08-08 11:35:00,6425,6425,6425,6425,0
2022-08-08 11:36:00,6425,6425,6425,6425,0
2022-08-08 11:37:00,6425,6425,6425,6425,0
2022-08-08 11:38:00,6425,6425,6425,6425,0
2022-08-08 11:39:00,6425,6425,6425,6425,0
2022-08-08 11:40:00,6425,6425,6425,6425,0
2022-08-08 11:41:00,6425,6425,6425,6425,0
2022-08-08 11:42:00,6425,6425,6425,6425,0
2022-08-08 11:43:00,6425,6425,6425,6425,0
2022-08-08 11:44:00,6425,6425,6425,6425,0
2022-08-08 11:45:00,6425,6425,6425,6425,0
2022-08-08 11:46:00,6425,6425,6425,6425,0
2022-08-08 11:47:00,6425,6425,6425,6425,0
2022-08-08 11:48:00,6425,6425,6425,6425,0
2022-08-08 11:49:00,6425,6425,6425,6425,0
2022-08-08 11:50:00,6425,6425,6425,6425,0
2022-08-08 11:51:00,6425,6425,6425,6425,0
2022-08-08 11:52:00,6425,6425,6425,6425,0
2022-08-08 11:53:00,6425,6425,6425,6425,0
2022-08-08 11:54:00,6425,6425,6425,6425,0
2022-08-08 11:55:00,6425,6425,6425,6425,0
2022-08-08 11:56:00,6425,6425,6425,6425,0
2022-08-08 11:57:00,6425,6425,6425,6425,0
2022-08-08 11:58:00,6425,6425,6425,6425,0
2022-08-08 11:59:00,6425,6425,6425,6425,0
2022-08-08 12:00:00,6425,6425,6425,6425,0
2022-08-08 12:01:00,6425,6425,6425,6425,0
2022-08-08 12:02:00,6425,6425,6425,6425,0
2022-08-08 12:03:00,6425,6425,6425,6425,0
2022-08-08 12:04:00,6425,6425,6425,6425,0
2022-08-08 12:05:00,6425,6425,6425,6425,0
2022-08-08 12:06:00,6425,6425,6425,6425,0
2022-08-08 12:07:00,6425,6425,6425,6425,0
2022-08-08 12:08:00,6425,6425,6425,6425,0
2022-08-08 12:09:00,6425,6425,6425,6425,0
2022-08-08 12:10:00,6425,6425,6425,6425,0
2022-08-08 12:11:00,6425,6425,6425,6425,0
2022-08-08 12:12:00,6425,6425,6425,6425,0
2022-08-08 12:13:00,6425,6425,6425,6425,0
2022-08-08 12:14:00,6425,6425,6425,6425,0
2022-08-08 12:15:00,6425,6425,6425,6425,0
2022-08-08 12:16:00,6425,6425,6425,6425,0
2022-08-08 12:17:00,6425,6425,6425,6425,0
2022-08-08 12:18:00,6425,6425,6425,6425,0
2022-08-08 12:19:00,6425,6425,6425,6425,0
2022-08-08 12:20:00,6425,6425,6425,6425,0
2022-08-08 12:21:00,6425,6425,6425,6425,0
2022-08-08 12:22:00,6425,6425,6425,6425,0
2022-08-08 12:23:00,6425,6425,6425,6425,0
2022-08-08 12:24:00,6425,6425,6425,6425,0
2022-08-08 12:25:00,6425,6425,6425,6425,0
2022-08-08 12:26:00,6425,6425,6425,6425,0
2022-08-08 12:27:00,6425,6425,6425,6425,0
2022-08-08 12:28:00,6425,6425,6425,6425,0
2022-08-08 12:29:00,6425,6425,6425,6425,0
2022-08-08 12:30:00,6425,6425,6425,6425,0
2022-08-08 12:31:00,6425,6425,6425,6425,0
2022-08-08 12:32:00,6425,6425,6425,6425,0
2022-08-08 12:33:00,6425,6425,6425,6425,0
2022-08-08 12:34:00,6425,6425,6425,6425,0
2022-08-08 12:35:00,6425,6425,6425,6425,0
2022-08-08 12:36:00,6425,6425,6425,6425,0
2022-08-08 12:37:00,6425,6425,6425,6425,0
2022-08-08 12:38:00,6425,6425,6425,6425,0
2022-08-08 12:39:00,6425,6425,6425,6425,0
2022-08-08 12:40:00,6425,6425,6425,6425,0
2022-08-08 12:41:00,6425,6425,6425,6425,0
2022-08-08 12:42:00,6425,6425,6425,6425,0
2022-08-08 12:43:00,6425,6425,6425,6425,0
2022-08-08 12:44:00,6425,6425,6425,6425,0
2022-08-08 12:45:00,6425,6425,6425,6425,0
2022-08-08 12:46:00,6425,6425,6425,6425,0
2022-08-08 12:47:00,6425,6425,6425,6425,0
2022-08-08 12:48:00,6425,6425,6425,6425,0
2022-08-08 12:49:00,6425,6425,6425,6425,0
2022-08-08 12:50:00,6425,6425,6425,6425,0
2022-08-08 12:51:00,6425,6425,6425,6425,0
2022-08-08 12:52:00,6425,6425,6425,6425,0
2022-08-08 12:53:00,6425,6425,6425,6425,0
2022-08-08 12:54:00,6425,6425,6425,6425,0
2022-08-08 12:55:00,6425,6425,6425,6425,0
2022-08-08 12:56:00,6425,6425,6425,6425,0
2022-08-08 12:57:00,6425,6425,6425,6425,0
2022-08-08 12:58:00,6425,6425,6425,6425,0
2022-08-08 12:59:00,6425,6425,6425,6425,0
2022-08-08 13:00:00,6425,6425,6425,6425,0
2022-08-08 13:01:00,6425,6425,6425,6425,0
2022-08-08 13:02:00,6425,6425,6425,6425,0
2022-08-08 13:03:00,6425,6425,6425,6425,0
2022-08-08 13:04:00,6425,6425,6425,6425,0
2022-08-08 13:05:00,6425,6425,6425,6425,0
2022-08-08 13:06:00,6425,6425,6425,6425,0
2022-08-08 13:07:00,6425,6425,6425,6425,0
2022-08-08 13:08:00,6425,6425,6425,6425,0
2022-08-08 13:09:00,6425,6425,6425,6425,0
2022-08-08 13:10:00,6425,6425,6425,6425,0
2022-08-08 13:11:00,6425,6425,6425,6425,0
2022-08-08 13:12:00,6425,6425,6425,6425,0
2022-08-08 13:13:00,6425,6425,6425,6425,0
2022-08-08 13:14:00,6425,6425,6425,6425,0
2022-08-08 13:15:00,6425,6425,6425,6425,0
2022-08-08 13:16:00,6425,6425,6425,6425,0
2022-08-08 13:17:00,6425,6425,6425,6425,0
2022-08-08 13:18:00,6425,6425,6425,6425,0
2022-08-08 13:19:00,6425,6425,6425,6425,0
2022-08-08 13:20:00,6425,6425,6425,6425,0
2022-08-08 13:21:00,6425,6425,6425,6425,0
2022-08-08 13:22:00,6425,6425,6425,6425,0
2022-08-08 13:23:00,6425,6425,6425,6425,0
2022-08-08 13:24:00,6425,6425,6425,6425,0
2022-08-08 13:25:00,6425,6425,6425,6425,0
2022-08-08 13:26:00,6425,6425,6425,6425,0
2022-08-08 13:27:00,6425,6425,6425,6425,0
2022-08-08 13:28:00,6425,6425,6425,6425,0
2022-08-08 13:29:00,6425,6425,6425,6425,0
2022-08-08 13:30:00,6425,6400,6425,6425,25900
2022-08-08 13:31:00,6425,6425,6425,6425,900
2022-08-08 13:32:00,6425,6425,6425,6425,11100
2022-08-08 13:33:00,6425,6425,6425,6425,200
2022-08-08 13:34:00,6425,6425,6425,6425,3100
2022-08-08 13:35:00,6400,6400,6400,6400,0
2022-08-08 13:36:00,6400,6400,6400,6400,0
2022-08-08 13:37:00,6425,6400,6425,6400,2700
2022-08-08 13:38:00,6425,6425,6425,6425,5400
2022-08-08 13:39:00,6400,6400,6425,6425,4400
2022-08-08 13:40:00,6400,6400,6425,6425,300
2022-08-08 13:41:00,6400,6400,6425,6425,0
2022-08-08 13:42:00,6400,6400,6425,6425,0
2022-08-08 13:43:00,6425,6425,6425,6425,3100
2022-08-08 13:44:00,6425,6425,6425,6425,0
2022-08-08 13:45:00,6425,6425,6425,6425,0
2022-08-08 13:46:00,6425,6425,6425,6425,3000
2022-08-08 13:47:00,6425,6425,6425,6425,0
2022-08-08 13:48:00,6425,6425,6425,6425,0
2022-08-08 13:49:00,6425,6425,6425,6425,3000
2022-08-08 13:50:00,6425,6425,6425,6425,0
2022-08-08 13:51:00,6425,6425,6425,6425,0
2022-08-08 13:52:00,6425,6400,6425,6425,700
2022-08-08 13:53:00,6425,6425,6425,6425,36200
2022-08-08 13:54:00,6425,6425,6425,6425,0
2022-08-08 13:55:00,6425,6400,6425,6400,3900
2022-08-08 13:56:00,6425,6425,6425,6425,300
2022-08-08 13:57:00,6425,6425,6425,6425,0
2022-08-08 13:58:00,6425,6425,6425,6425,3000
2022-08-08 13:59:00,6400,6400,6400,6400,0
2022-08-08 14:00:00,6400,6400,6400,6400,500
2022-08-08 14:01:00,6425,6425,6425,6425,300
2022-08-08 14:02:00,6425,6425,6425,6425,0
2022-08-08 14:03:00,6425,6425,6425,6425,0
2022-08-08 14:04:00,6425,6425,6425,6425,42100
2022-08-08 14:05:00,6425,6400,6425,6400,700
2022-08-08 14:06:00,6425,6425,6425,6425,10200
2022-08-08 14:07:00,6425,6425,6425,6425,0
2022-08-08 14:08:00,6425,6425,6425,6425,0
2022-08-08 14:09:00,6425,6425,6425,6425,3100
2022-08-08 14:10:00,6425,6425,6425,6425,0
2022-08-08 14:11:00,6425,6425,6425,6425,0
2022-08-08 14:12:00,6425,6425,6425,6425,0
2022-08-08 14:13:00,6425,6425,6425,6425,0
2022-08-08 14:14:00,6425,6425,6425,6425,2200
2022-08-08 14:15:00,6425,6425,6425,6425,0
2022-08-08 14:16:00,6425,6425,6425,6425,27100
2022-08-08 14:17:00,6425,6425,6425,6425,14400
2022-08-08 14:18:00,6425,6425,6425,6425,10100
2022-08-08 14:19:00,6425,6425,6425,6425,4100
2022-08-08 14:20:00,6425,6425,6425,6425,1300
2022-08-08 14:21:00,6425,6425,6425,6425,0
2022-08-08 14:22:00,6425,6425,6425,6425,0
2022-08-08 14:23:00,6425,6425,6425,6425,6500
2022-08-08 14:24:00,6425,6425,6425,6425,0
2022-08-08 14:25:00,6425,6425,6425,6425,2200
2022-08-08 14:26:00,6425,6425,6425,6425,0
2022-08-08 14:27:00,6425,6425,6425,6425,200
2022-08-08 14:28:00,6425,6425,6425,6425,1100
2022-08-08 14:29:00,6425,6425,6425,6425,0
2022-08-08 14:30:00,6425,6425,6425,6425,100
2022-08-08 14:31:00,6400,6400,6400,6400,100
2022-08-08 14:32:00,6400,6400,6400,6400,0
2022-08-08 14:33:00,6400,6400,6400,6400,0
2022-08-08 14:34:00,6400,6400,6400,6400,400
2022-08-08 14:35:00,6400,6400,6425,6425,800
2022-08-08 14:36:00,6425,6425,6450,6450,10100
2022-08-08 14:37:00,6425,6425,6425,6425,0
2022-08-08 14:38:00,6450,6425,6450,6425,1900
2022-08-08 14:39:00,6425,6425,6425,6425,500
2022-08-08 14:40:00,6425,6425,6425,6425,0
2022-08-08 14:41:00,6425,6425,6425,6425,1000
2022-08-08 14:42:00,6425,6425,6425,6425,10000
2022-08-08 14:43:00,6425,6425,6425,6425,900
2022-08-08 14:44:00,6425,6425,6425,6425,6600
2022-08-08 14:45:00,6425,6425,6425,6425,7600
2022-08-08 14:46:00,6425,6425,6425,6425,17200
2022-08-08 14:47:00,6425,6400,6425,6400,0
2022-08-08 14:48:00,6425,6400,6425,6400,1100
2022-08-08 14:49:00,6425,6425,6425,6425,1400
2022-08-08 14:50:00,6425,6425,6425,6425,0
2022-08-08 14:51:00,6425,6425,6425,6425,0
2022-08-08 14:52:00,6425,6425,6425,6425,0
2022-08-08 14:53:00,6425,6425,6425,6425,0
2022-08-08 14:54:00,6425,6425,6425,6425,0
2022-08-08 14:55:00,6425,6425,6425,6425,0
2022-08-08 14:56:00,6425,6425,6425,6425,0
2022-08-08 14:57:00,6425,6425,6425,6425,0
2022-08-08 14:58:00,6425,6425,6425,6425,0
2022-08-08 14:59:00,6425,6425,6425,6425,0
2022-08-08 15:00:00,6450,6450,6450,6450,38400
2022-08-08 15:01:00,6450,6450,6450,6450,0
2022-08-08 15:02:00,6450,6450,6450,6450,100
2022-08-08 15:03:00,6450,6450,6450,6450,0
2022-08-08 15:04:00,6450,6450,6450,6450,0
2022-08-08 15:05:00,6450,6450,6450,6450,500
2022-08-08 15:06:00,6450,6450,6450,6450,0
2022-08-08 15:07:00,6450,6450,6450,6450,143600
2022-08-08 15:08:00,6450,6450,6450,6450,0
2022-08-08 15:09:00,6450,6450,6450,6450,0
2022-08-08 15:10:00,6450,6450,6450,6450,0
2022-08-08 15:11:00,6450,6450,6450,6450,0
2022-08-08 15:12:00,6450,6450,6450,6450,7900
2022-08-08 15:13:00,6450,6450,6450,6450,0
2022-08-08 15:14:00,6450,6450,6450,6450,0
2022-08-08 15:15:00,6450,6450,6450,6450,0
2022-08-08 15:16:00,6450,6450,6450,6450,0
2022-08-08 15:17:00,6450,6450,6450,6450,0
2022-08-08 15:18:00,6450,6450,6450,6450,0
2022-08-08 15:19:00,6450,6450,6450,6450,0
2022-08-08 15:20:00,6450,6450,6450,6450,0
2022-08-08 15:21:00,6450,6450,6450,6450,0
2022-08-08 15:22:00,6450,6450,6450,6450,0
2022-08-08 15:23:00,6450,6450,6450,6450,0
2022-08-08 15:24:00,6450,6450,6450,6450,0
2022-08-08 15:25:00,6450,6450,6450,6450,0
2022-08-08 15:26:00,6450,6450,6450,6450,0
2022-08-08 15:27:00,6450,6450,6450,6450,0
2022-08-08 15:28:00,6450,6450,6450,6450,0
2022-08-08 15:29:00,6450,6450,6450,6450,0
2022-08-08 15:30:00,6450,6450,6450,6450,0
2022-08-08 15:31:00,6450,6450,6450,6450,0
2022-08-08 15:32:00,6450,6450,6450,6450,0
2022-08-08 15:33:00,6450,6450,6450,6450,0
2022-08-08 15:34:00,6450,6450,6450,6450,0
2022-08-08 15:35:00,6450,6450,6450,6450,0
2022-08-08 15:36:00,6450,6450,6450,6450,0
2022-08-08 15:37:00,6450,6450,6450,6450,0
2022-08-08 15:38:00,6450,6450,6450,6450,0
2022-08-08 15:39:00,6450,6450,6450,6450,0
2022-08-08 15:40:00,6450,6450,6450,6450,0
2022-08-08 15:41:00,6450,6450,6450,6450,0
2022-08-08 15:42:00,6450,6450,6450,6450,0
2022-08-08 15:43:00,6450,6450,6450,6450,0
2022-08-08 15:44:00,6450,6450,6450,6450,0
2022-08-08 15:45:00,6450,6450,6450,6450,0
2022-08-08 15:46:00,6450,6450,6450,6450,0
2022-08-08 15:47:00,6450,6450,6450,6450,0
2022-08-08 15:48:00,6450,6450,6450,6450,0
2022-08-08 15:49:00,6450,6450,6450,6450,0
2022-08-08 15:50:00,6450,6450,6450,6450,0
2022-08-08 15:51:00,6450,6450,6450,6450,0
2022-08-08 15:52:00,6450,6450,6450,6450,0
2022-08-08 15:53:00,6450,6450,6450,6450,0
2022-08-08 15:54:00,6450,6450,6450,6450,0
2022-08-08 15:55:00,6450,6450,6450,6450,0
2022-08-08 15:56:00,6450,6450,6450,6450,0
2022-08-08 15:57:00,6450,6450,6450,6450,0
2022-08-08 15:58:00,6450,6450,6450,6450,0
2022-08-08 15:59:00,6450,6450,6450,6450,0
2022-08-09 09:00:00,6450,6450,6475,6475,18500
2022-08-09 09:01:00,6475,6450,6475,6475,13700
2022-08-09 09:02:00,6475,6475,6500,6475,15300
2022-08-09 09:03:00,6475,6475,6500,6475,11500
2022-08-09 09:04:00,6475,6475,6500,6475,14700
2022-08-09 09:05:00,6475,6475,6475,6475,9600
2022-08-09 09:06:00,6475,6475,6500,6475,4700
2022-08-09 09:07:00,6500,6475,6500,6475,4800
2022-08-09 09:08:00,6475,6475,6475,6475,6200
2022-08-09 09:09:00,6500,6475,6500,6500,6600
2022-08-09 09:10:00,6500,6475,6500,6500,8900
2022-08-09 09:11:00,6500,6500,6500,6500,200
2022-08-09 09:12:00,6500,6500,6500,6500,200
2022-08-09 09:13:00,6475,6475,6500,6475,78000
2022-08-09 09:14:00,6475,6475,6475,6475,1100
2022-08-09 09:15:00,6475,6475,6475,6475,14800
2022-08-09 09:16:00,6475,6475,6475,6475,0
2022-08-09 09:17:00,6475,6475,6475,6475,3100
2022-08-09 09:18:00,6450,6450,6475,6475,2600
2022-08-09 09:19:00,6475,6475,6475,6475,6200
2022-08-09 09:20:00,6450,6450,6475,6475,0
2022-08-09 09:21:00,6450,6450,6450,6450,31500
2022-08-09 09:22:00,6475,6475,6475,6475,0
2022-08-09 09:23:00,6475,6475,6475,6475,200
2022-08-09 09:24:00,6450,6450,6450,6450,0
2022-08-09 09:25:00,6450,6450,6450,6450,10500
2022-08-09 09:26:00,6475,6450,6475,6450,1700
2022-08-09 09:27:00,6450,6450,6450,6450,3200
2022-08-09 09:28:00,6450,6450,6450,6450,5900
2022-08-09 09:29:00,6450,6450,6450,6450,0
2022-08-09 09:30:00,6450,6450,6450,6450,0
2022-08-09 09:31:00,6450,6450,6450,6450,2200
2022-08-09 09:32:00,6450,6450,6475,6475,4700
2022-08-09 09:33:00,6450,6450,6475,6475,0
2022-08-09 09:34:00,6450,6450,6475,6475,0
2022-08-09 09:35:00,6450,6450,6450,6450,100
2022-08-09 09:36:00,6450,6450,6450,6450,22500
2022-08-09 09:37:00,6450,6450,6475,6475,25200
2022-08-09 09:38:00,6450,6450,6475,6475,0
2022-08-09 09:39:00,6475,6450,6475,6450,1200
2022-08-09 09:40:00,6475,6450,6475,6450,0
2022-08-09 09:41:00,6475,6450,6475,6450,0
2022-08-09 09:42:00,6450,6450,6450,6450,6400
2022-08-09 09:43:00,6475,6475,6475,6475,2800
2022-08-09 09:44:00,6450,6450,6450,6450,6200
2022-08-09 09:45:00,6475,6475,6475,6475,2300
2022-08-09 09:46:00,6450,6450,6450,6450,0
2022-08-09 09:47:00,6450,6450,6450,6450,400
2022-08-09 09:48:00,6450,6450,6450,6450,3000
2022-08-09 09:49:00,6450,6450,6450,6450,0
2022-08-09 09:50:00,6450,6450,6450,6450,500
2022-08-09 09:51:00,6450,6450,6450,6450,0
2022-08-09 09:52:00,6450,6450,6450,6450,2700
2022-08-09 09:53:00,6450,6450,6450,6450,800
2022-08-09 09:54:00,6450,6450,6450,6450,178500
2022-08-09 09:55:00,6450,6450,6450,6450,0
2022-08-09 09:56:00,6425,6425,6425,6425,16900
2022-08-09 09:57:00,6425,6425,6425,6425,0
2022-08-09 09:58:00,6450,6450,6450,6450,1300
2022-08-09 09:59:00,6450,6425,6450,6425,9400
2022-08-09 10:00:00,6425,6425,6450,6450,2300
2022-08-09 10:01:00,6450,6450,6450,6450,4300
2022-08-09 10:02:00,6425,6425,6425,6425,400
2022-08-09 10:03:00,6450,6450,6450,6450,5300
2022-08-09 10:04:00,6450,6450,6450,6450,0
2022-08-09 10:05:00,6450,6450,6450,6450,59100
2022-08-09 10:06:00,6450,6450,6450,6450,0
2022-08-09 10:07:00,6450,6450,6450,6450,2500
2022-08-09 10:08:00,6450,6450,6450,6450,1100
2022-08-09 10:09:00,6450,6450,6450,6450,300
2022-08-09 10:10:00,6450,6450,6450,6450,800
2022-08-09 10:11:00,6450,6450,6450,6450,0
2022-08-09 10:12:00,6425,6425,6425,6425,1800
2022-08-09 10:13:00,6425,6425,6425,6425,38100
2022-08-09 10:14:00,6425,6425,6425,6425,16000
2022-08-09 10:15:00,6425,6400,6425,6400,2400
2022-08-09 10:16:00,6400,6400,6400,6400,300
2022-08-09 10:17:00,6400,6400,6400,6400,0
2022-08-09 10:18:00,6400,6400,6400,6400,0
2022-08-09 10:19:00,6400,6400,6400,6400,0
2022-08-09 10:20:00,6425,6425,6425,6425,8900
2022-08-09 10:21:00,6450,6450,6475,6475,52200
2022-08-09 10:22:00,6450,6450,6475,6475,0
2022-08-09 10:23:00,6450,6450,6450,6450,1000
2022-08-09 10:24:00,6450,6450,6450,6450,1800
2022-08-09 10:25:00,6450,6450,6450,6450,0
2022-08-09 10:26:00,6450,6450,6450,6450,1000
2022-08-09 10:27:00,6450,6450,6450,6450,0
2022-08-09 10:28:00,6450,6450,6450,6450,0
2022-08-09 10:29:00,6450,6450,6450,6450,300
2022-08-09 10:30:00,6450,6450,6450,6450,0
2022-08-09 10:31:00,6450,6450,6450,6450,0
2022-08-09 10:32:00,6450,6450,6450,6450,9800
2022-08-09 10:33:00,6450,6450,6450,6450,0
2022-08-09 10:34:00,6450,6450,6450,6450,0
2022-08-09 10:35:00,6450,6450,6475,6450,67700
2022-08-09 10:36:00,6475,6475,6475,6475,0
2022-08-09 10:37:00,6475,6475,6475,6475,0
2022-08-09 10:38:00,6475,6475,6475,6475,17300
2022-08-09 10:39:00,6450,6450,6450,6450,0
2022-08-09 10:40:00,6450,6450,6450,6450,900
2022-08-09 10:41:00,6450,6450,6450,6450,0
2022-08-09 10:42:00,6450,6450,6450,6450,0
2022-08-09 10:43:00,6450,6450,6450,6450,6000
2022-08-09 10:44:00,6450,6450,6450,6450,0
2022-08-09 10:45:00,6450,6450,6450,6450,0
2022-08-09 10:46:00,6450,6450,6450,6450,0
2022-08-09 10:47:00,6450,6450,6450,6450,8100
2022-08-09 10:48:00,6450,6450,6450,6450,0
2022-08-09 10:49:00,6450,6450,6450,6450,0
2022-08-09 10:50:00,6450,6450,6450,6450,0
2022-08-09 10:51:00,6450,6450,6450,6450,0
2022-08-09 10:52:00,6450,6450,6450,6450,0
2022-08-09 10:53:00,6450,6450,6450,6450,4200
2022-08-09 10:54:00,6450,6450,6450,6450,500
2022-08-09 10:55:00,6450,6450,6450,6450,0
2022-08-09 10:56:00,6450,6450,6450,6450,1900
2022-08-09 10:57:00,6450,6450,6450,6450,1900
2022-08-09 10:58:00,6450,6450,6450,6450,0
2022-08-09 10:59:00,6450,6450,6450,6450,4100
2022-08-09 11:00:00,6450,6450,6450,6450,0
2022-08-09 11:01:00,6450,6450,6450,6450,1300
2022-08-09 11:02:00,6450,6450,6450,6450,0
2022-08-09 11:03:00,6450,6450,6450,6450,0
2022-08-09 11:04:00,6450,6450,6450,6450,1000
2022-08-09 11:05:00,6450,6450,6450,6450,200
2022-08-09 11:06:00,6450,6450,6450,6450,61200
2022-08-09 11:07:00,6450,6450,6450,6450,9900
2022-08-09 11:08:00,6450,6450,6450,6450,0
2022-08-09 11:09:00,6450,6450,6450,6450,0
2022-08-09 11:10:00,6450,6450,6450,6450,600
2022-08-09 11:11:00,6450,6450,6450,6450,0
2022-08-09 11:12:00,6450,6450,6450,6450,6100
2022-08-09 11:13:00,6450,6450,6450,6450,0
2022-08-09 11:14:00,6425,6425,6425,6425,0
2022-08-09 11:15:00,6425,6425,6425,6425,0
2022-08-09 11:16:00,6450,6450,6450,6450,1900
2022-08-09 11:17:00,6425,6425,6450,6450,200
2022-08-09 11:18:00,6425,6425,6450,6450,0
2022-08-09 11:19:00,6425,6425,6450,6450,0
2022-08-09 11:20:00,6425,6425,6450,6450,0
2022-08-09 11:21:00,6425,6425,6450,6450,0
2022-08-09 11:22:00,6425,6425,6450,6450,0
2022-08-09 11:23:00,6450,6450,6450,6450,33000
2022-08-09 11:24:00,6450,6450,6450,6450,1500
2022-08-09 11:25:00,6450,6450,6450,6450,0
2022-08-09 11:26:00,6450,6450,6450,6450,0
2022-08-09 11:27:00,6450,6450,6450,6450,4600
2022-08-09 11:28:00,6450,6450,6450,6450,0
2022-08-09 11:29:00,6450,6450,6450,6450,0
2022-08-09 11:30:00,6450,6450,6450,6450,0
2022-08-09 11:31:00,6450,6450,6450,6450,0
2022-08-09 11:32:00,6450,6450,6450,6450,0
2022-08-09 11:33:00,6450,6450,6450,6450,0
2022-08-09 11:34:00,6450,6450,6450,6450,0
2022-08-09 11:35:00,6450,6450,6450,6450,0
2022-08-09 11:36:00,6450,6450,6450,6450,0
2022-08-09 11:37:00,6450,6450,6450,6450,0
2022-08-09 11:38:00,6450,6450,6450,6450,0
2022-08-09 11:39:00,6450,6450,6450,6450,0
2022-08-09 11:40:00,6450,6450,6450,6450,0
2022-08-09 11:41:00,6450,6450,6450,6450,0
2022-08-09 11:42:00,6450,6450,6450,6450,0
2022-08-09 11:43:00,6450,6450,6450,6450,0
2022-08-09 11:44:00,6450,6450,6450,6450,0
2022-08-09 11:45:00,6450,6450,6450,6450,0
2022-08-09 11:46:00,6450,6450,6450,6450,0
2022-08-09 11:47:00,6450,6450,6450,6450,0
2022-08-09 11:48:00,6450,6450,6450,6450,0
2022-08-09 11:49:00,6450,6450,6450,6450,0
2022-08-09 11:50:00,6450,6450,6450,6450,0
2022-08-09 11:51:00,6450,6450,6450,6450,0
2022-08-09 11:52:00,6450,6450,6450,6450,0
2022-08-09 11:53:00,6450,6450,6450,6450,0
2022-08-09 11:54:00,6450,6450,6450,6450,0
2022-08-09 11:55:00,6450,6450,6450,6450,0
2022-08-09 11:56:00,6450,6450,6450,6450,0
2022-08-09 11:57:00,6450,6450,6450,6450,0
2022-08-09 11:58:00,6450,6450,6450,6450,0
2022-08-09 11:59:00,6450,6450,6450,6450,0
2022-08-09 12:00:00,6450,6450,6450,6450,0
2022-08-09 12:01:00,6450,6450,6450,6450,0
2022-08-09 12:02:00,6450,6450,6450,6450,0
2022-08-09 12:03:00,6450,6450,6450,6450,0
2022-08-09 12:04:00,6450,6450,6450,6450,0
2022-08-09 12:05:00,6450,6450,6450,6450,0
2022-08-09 12:06:00,6450,6450,6450,6450,0
2022-08-09 12:07:00,6450,6450,6450,6450,0
2022-08-09 12:08:00,6450,6450,6450,6450,0
2022-08-09 12:09:00,6450,6450,6450,6450,0
2022-08-09 12:10:00,6450,6450,6450,6450,0
2022-08-09 12:11:00,6450,6450,6450,6450,0
2022-08-09 12:12:00,6450,6450,6450,6450,0
2022-08-09 12:13:00,6450,6450,6450,6450,0
2022-08-09 12:14:00,6450,6450,6450,6450,0
2022-08-09 12:15:00,6450,6450,6450,6450,0
2022-08-09 12:16:00,6450,6450,6450,6450,0
2022-08-09 12:17:00,6450,6450,6450,6450,0
2022-08-09 12:18:00,6450,6450,6450,6450,0
2022-08-09 12:19:00,6450,6450,6450,6450,0
2022-08-09 12:20:00,6450,6450,6450,6450,0
2022-08-09 12:21:00,6450,6450,6450,6450,0
2022-08-09 12:22:00,6450,6450,6450,6450,0
2022-08-09 12:23:00,6450,6450,6450,6450,0
2022-08-09 12:24:00,6450,6450,6450,6450,0
2022-08-09 12:25:00,6450,6450,6450,6450,0
2022-08-09 12:26:00,6450,6450,6450,6450,0
2022-08-09 12:27:00,6450,6450,6450,6450,0
2022-08-09 12:28:00,6450,6450,6450,6450,0
2022-08-09 12:29:00,6450,6450,6450,6450,0
2022-08-09 12:30:00,6450,6450,6450,6450,0
2022-08-09 12:31:00,6450,6450,6450,6450,0
2022-08-09 12:32:00,6450,6450,6450,6450,0
2022-08-09 12:33:00,6450,6450,6450,6450,0
2022-08-09 12:34:00,6450,6450,6450,6450,0
2022-08-09 12:35:00,6450,6450,6450,6450,0
2022-08-09 12:36:00,6450,6450,6450,6450,0
2022-08-09 12:37:00,6450,6450,6450,6450,0
2022-08-09 12:38:00,6450,6450,6450,6450,0
2022-08-09 12:39:00,6450,6450,6450,6450,0
2022-08-09 12:40:00,6450,6450,6450,6450,0
2022-08-09 12:41:00,6450,6450,6450,6450,0
2022-08-09 12:42:00,6450,6450,6450,6450,0
2022-08-09 12:43:00,6450,6450,6450,6450,0
2022-08-09 12:44:00,6450,6450,6450,6450,0
2022-08-09 12:45:00,6450,6450,6450,6450,0
2022-08-09 12:46:00,6450,6450,6450,6450,0
2022-08-09 12:47:00,6450,6450,6450,6450,0
2022-08-09 12:48:00,6450,6450,6450,6450,0
2022-08-09 12:49:00,6450,6450,6450,6450,0
2022-08-09 12:50:00,6450,6450,6450,6450,0
2022-08-09 12:51:00,6450,6450,6450,6450,0
2022-08-09 12:52:00,6450,6450,6450,6450,0
2022-08-09 12:53:00,6450,6450,6450,6450,0
2022-08-09 12:54:00,6450,6450,6450,6450,0
2022-08-09 12:55:00,6450,6450,6450,6450,0
2022-08-09 12:56:00,6450,6450,6450,6450,0
2022-08-09 12:57:00,6450,6450,6450,6450,0
2022-08-09 12:58:00,6450,6450,6450,6450,0
2022-08-09 12:59:00,6450,6450,6450,6450,0
2022-08-09 13:00:00,6450,6450,6450,6450,0
2022-08-09 13:01:00,6450,6450,6450,6450,0
2022-08-09 13:02:00,6450,6450,6450,6450,0
2022-08-09 13:03:00,6450,6450,6450,6450,0
2022-08-09 13:04:00,6450,6450,6450,6450,0
2022-08-09 13:05:00,6450,6450,6450,6450,0
2022-08-09 13:06:00,6450,6450,6450,6450,0
2022-08-09 13:07:00,6450,6450,6450,6450,0
2022-08-09 13:08:00,6450,6450,6450,6450,0
2022-08-09 13:09:00,6450,6450,6450,6450,0
2022-08-09 13:10:00,6450,6450,6450,6450,0
2022-08-09 13:11:00,6450,6450,6450,6450,0
2022-08-09 13:12:00,6450,6450,6450,6450,0
2022-08-09 13:13:00,6450,6450,6450,6450,0
2022-08-09 13:14:00,6450,6450,6450,6450,0
2022-08-09 13:15:00,6450,6450,6450,6450,0
2022-08-09 13:16:00,6450,6450,6450,6450,0
2022-08-09 13:17:00,6450,6450,6450,6450,0
2022-08-09 13:18:00,6450,6450,6450,6450,0
2022-08-09 13:19:00,6450,6450,6450,6450,0
2022-08-09 13:20:00,6450,6450,6450,6450,0
2022-08-09 13:21:00,6450,6450,6450,6450,0
2022-08-09 13:22:00,6450,6450,6450,6450,0
2022-08-09 13:23:00,6450,6450,6450,6450,0
2022-08-09 13:24:00,6450,6450,6450,6450,0
2022-08-09 13:25:00,6450,6450,6450,6450,0
2022-08-09 13:26:00,6450,6450,6450,6450,0
2022-08-09 13:27:00,6450,6450,6450,6450,0
2022-08-09 13:28:00,6450,6450,6450,6450,0
2022-08-09 13:29:00,6450,6450,6450,6450,0
2022-08-09 13:30:00,6425,6425,6450,6450,30400
2022-08-09 13:31:00,6450,6450,6450,6450,5200
2022-08-09 13:32:00,6450,6450,6450,6450,0
2022-08-09 13:33:00,6450,6450,6450,6450,0
2022-08-09 13:34:00,6450,6450,6450,6450,0
2022-08-09 13:35:00,6450,6425,6450,6425,2700
2022-08-09 13:36:00,6425,6425,6425,6425,0
2022-08-09 13:37:00,6425,6425,6450,6450,400
2022-08-09 13:38:00,6450,6450,6450,6450,1000
2022-08-09 13:39:00,6425,6425,6450,6450,21600
2022-08-09 13:40:00,6450,6450,6450,6450,10300
2022-08-09 13:41:00,6450,6450,6450,6450,0
2022-08-09 13:42:00,6450,6450,6450,6450,100
2022-08-09 13:43:00,6450,6450,6450,6450,700
2022-08-09 13:44:00,6450,6450,6450,6450,0
2022-08-09 13:45:00,6450,6450,6450,6450,4200
2022-08-09 13:46:00,6450,6450,6450,6450,0
2022-08-09 13:47:00,6450,6450,6450,6450,0
2022-08-09 13:48:00,6450,6450,6450,6450,0
2022-08-09 13:49:00,6450,6450,6450,6450,0
2022-08-09 13:50:00,6450,6425,6450,6425,2600
2022-08-09 13:51:00,6450,6425,6450,6425,0
2022-08-09 13:52:00,6425,6425,6450,6450,3600
2022-08-09 13:53:00,6450,6450,6450,6450,1000
2022-08-09 13:54:00,6450,6450,6450,6450,1000
2022-08-09 13:55:00,6425,6425,6450,6450,6900
2022-08-09 13:56:00,6450,6450,6450,6450,1700
2022-08-09 13:57:00,6450,6450,6450,6450,0
2022-08-09 13:58:00,6450,6450,6450,6450,21300
2022-08-09 13:59:00,6450,6450,6450,6450,1100
2022-08-09 14:00:00,6450,6450,6450,6450,0
2022-08-09 14:01:00,6450,6450,6450,6450,1000
2022-08-09 14:02:00,6450,6450,6450,6450,10100
2022-08-09 14:03:00,6450,6450,6450,6450,0
2022-08-09 14:04:00,6450,6450,6450,6450,700
2022-08-09 14:05:00,6450,6450,6450,6450,300
2022-08-09 14:06:00,6450,6450,6475,6475,400
2022-08-09 14:07:00,6450,6450,6475,6475,0
2022-08-09 14:08:00,6450,6450,6475,6475,0
2022-08-09 14:09:00,6450,6450,6475,6475,0
2022-08-09 14:10:00,6450,6450,6450,6450,500
2022-08-09 14:11:00,6450,6450,6450,6450,2100
2022-08-09 14:12:00,6450,6450,6450,6450,15800
2022-08-09 14:13:00,6450,6450,6450,6450,3300
2022-08-09 14:14:00,6450,6450,6450,6450,18700
2022-08-09 14:15:00,6450,6450,6450,6450,0
2022-08-09 14:16:00,6450,6450,6450,6450,300
2022-08-09 14:17:00,6425,6425,6425,6425,0
2022-08-09 14:18:00,6425,6425,6425,6425,0
2022-08-09 14:19:00,6425,6425,6425,6425,0
2022-08-09 14:20:00,6450,6450,6450,6450,400
2022-08-09 14:21:00,6425,6425,6450,6450,12600
2022-08-09 14:22:00,6425,6425,6450,6450,0
2022-08-09 14:23:00,6425,6425,6450,6450,0
2022-08-09 14:24:00,6450,6450,6450,6450,20000
2022-08-09 14:25:00,6450,6450,6450,6450,9600
2022-08-09 14:26:00,6450,6450,6450,6450,0
2022-08-09 14:27:00,6450,6450,6450,6450,0
2022-08-09 14:28:00,6450,6450,6450,6450,0
2022-08-09 14:29:00,6450,6450,6450,6450,0
2022-08-09 14:30:00,6450,6450,6450,6450,2000
2022-08-09 14:31:00,6450,6450,6450,6450,1200
2022-08-09 14:32:00,6450,6450,6450,6450,0
2022-08-09 14:33:00,6450,6450,6450,6450,1000
2022-08-09 14:34:00,6450,6450,6450,6450,0
2022-08-09 14:35:00,6425,6425,6425,6425,0
2022-08-09 14:36:00,6425,6425,6425,6425,1300
2022-08-09 14:37:00,6425,6425,6425,6425,121400
2022-08-09 14:38:00,6425,6425,6425,6425,0
2022-08-09 14:39:00,6425,6425,6425,6425,800
2022-08-09 14:40:00,6450,6450,6450,6450,0
2022-08-09 14:41:00,6450,6450,6450,6450,0
2022-08-09 14:42:00,6450,6450,6450,6450,0
2022-08-09 14:43:00,6425,6425,6425,6425,29600
2022-08-09 14:44:00,6425,6400,6450,6400,30300
2022-08-09 14:45:00,6400,6400,6400,6400,23800
2022-08-09 14:46:00,6400,6400,6425,6400,42300
2022-08-09 14:47:00,6400,6400,6425,6400,11500
2022-08-09 14:48:00,6400,6400,6400,6400,3400
2022-08-09 14:49:00,6400,6400,6425,6400,30200
2022-08-09 14:50:00,6400,6400,6425,6400,0
2022-08-09 14:51:00,6400,6400,6425,6400,0
2022-08-09 14:52:00,6400,6400,6425,6400,0
2022-08-09 14:53:00,6400,6400,6425,6400,0
2022-08-09 14:54:00,6400,6400,6425,6400,0
2022-08-09 14:55:00,6400,6400,6425,6400,0
2022-08-09 14:56:00,6400,6400,6425,6400,0
2022-08-09 14:57:00,6400,6400,6425,6400,0
2022-08-09 14:58:00,6400,6400,6425,6400,0
2022-08-09 14:59:00,6400,6400,6425,6400,0
2022-08-09 15:00:00,6400,6400,6400,6400,85000
2022-08-09 15:01:00,6400,6400,6400,6400,3000
2022-08-09 15:02:00,6400,6400,6400,6400,68700
2022-08-09 15:03:00,6400,6400,6400,6400,0
2022-08-09 15:04:00,6400,6400,6400,6400,0
2022-08-09 15:05:00,6400,6400,6400,6400,200
2022-08-09 15:06:00,6400,6400,6400,6400,10300
2022-08-09 15:07:00,6400,6400,6400,6400,0
2022-08-09 15:08:00,6400,6400,6400,6400,0
2022-08-09 15:09:00,6400,6400,6400,6400,0
2022-08-09 15:10:00,6400,6400,6400,6400,0
2022-08-09 15:11:00,6400,6400,6400,6400,1000
2022-08-09 15:12:00,6400,6400,6400,6400,0
2022-08-09 15:13:00,6400,6400,6400,6400,0
2022-08-09 15:14:00,6400,6400,6400,6400,0
2022-08-09 15:15:00,6400,6400,6400,6400,0
2022-08-09 15:16:00,6400,6400,6400,6400,0
2022-08-09 15:17:00,6400,6400,6400,6400,0
2022-08-09 15:18:00,6400,6400,6400,6400,0
2022-08-09 15:19:00,6400,6400,6400,6400,0
2022-08-09 15:20:00,6400,6400,6400,6400,0
2022-08-09 15:21:00,6400,6400,6400,6400,0
2022-08-09 15:22:00,6400,6400,6400,6400,0
2022-08-09 15:23:00,6400,6400,6400,6400,0
2022-08-09 15:24:00,6400,6400,6400,6400,0
2022-08-09 15:25:00,6400,6400,6400,6400,0
2022-08-09 15:26:00,6400,6400,6400,6400,0
2022-08-09 15:27:00,6400,6400,6400,6400,0
2022-08-09 15:28:00,6400,6400,6400,6400,0
2022-08-09 15:29:00,6400,6400,6400,6400,0
2022-08-09 15:30:00,6400,6400,6400,6400,0
2022-08-09 15:31:00,6400,6400,6400,6400,0
2022-08-09 15:32:00,6400,6400,6400,6400,0
2022-08-09 15:33:00,6400,6400,6400,6400,0
2022-08-09 15:34:00,6400,6400,6400,6400,0
2022-08-09 15:35:00,6400,6400,6400,6400,0
2022-08-09 15:36:00,6400,6400,6400,6400,0
2022-08-09 15:37:00,6400,6400,6400,6400,0
2022-08-09 15:38:00,6400,6400,6400,6400,0
2022-08-09 15:39:00,6400,6400,6400,6400,0
2022-08-09 15:40:00,6400,6400,6400,6400,0
2022-08-09 15:41:00,6400,6400,6400,6400,0
2022-08-09 15:42:00,6400,6400,6400,6400,0
2022-08-09 15:43:00,6400,6400,6400,6400,0
2022-08-09 15:44:00,6400,6400,6400,6400,0
2022-08-09 15:45:00,6400,6400,6400,6400,0
2022-08-09 15:46:00,6400,6400,6400,6400,0
2022-08-09 15:47:00,6400,6400,6400,6400,0
2022-08-09 15:48:00,6400,6400,6400,6400,0
2022-08-09 15:49:00,6400,6400,6400,6400,0
2022-08-09 15:50:00,6400,6400,6400,6400,0
2022-08-09 15:51:00,6400,6400,6400,6400,0
2022-08-09 15:52:00,6400,6400,6400,6400,0
2022-08-09 15:53:00,6400,6400,6400,6400,0
2022-08-09 15:54:00,6400,6400,6400,6400,0
2022-08-09 15:55:00,6400,6400,6400,6400,0
2022-08-09 15:56:00,6400,6400,6400,6400,0
2022-08-09 15:57:00,6400,6400,6400,6400,0
2022-08-09 15:58:00,6400,6400,6400,6400,0
2022-08-09 15:59:00,6400,6400,6400,6400,0
2022-08-10 09:00:00,6400,6400,6425,6400,15800
2022-08-10 09:01:00,6400,6400,6400,6400,3300
2022-08-10 09:02:00,6400,6400,6400,6400,2700
2022-08-10 09:03:00,6400,6400,6400,6400,26000
2022-08-10 09:04:00,6375,6375,6375,6375,9500
2022-08-10 09:05:00,6400,6375,6400,6375,500
2022-08-10 09:06:00,6375,6375,6375,6375,800
2022-08-10 09:07:00,6375,6375,6375,6375,200
2022-08-10 09:08:00,6375,6375,6375,6375,0
2022-08-10 09:09:00,6375,6375,6375,6375,14000
2022-08-10 09:10:00,6375,6375,6375,6375,5000
2022-08-10 09:11:00,6400,6375,6400,6400,10900
2022-08-10 09:12:00,6400,6400,6400,6400,3700
2022-08-10 09:13:00,6400,6375,6400,6375,9900
2022-08-10 09:14:00,6375,6375,6375,6375,1600
2022-08-10 09:15:00,6375,6375,6375,6375,3000
2022-08-10 09:16:00,6375,6375,6375,6375,0
2022-08-10 09:17:00,6375,6375,6375,6375,0
2022-08-10 09:18:00,6375,6375,6375,6375,3800
2022-08-10 09:19:00,6375,6375,6375,6375,0
2022-08-10 09:20:00,6400,6400,6400,6400,0
2022-08-10 09:21:00,6400,6400,6400,6400,0
2022-08-10 09:22:00,6400,6400,6400,6400,0
2022-08-10 09:23:00,6400,6400,6400,6400,2000
2022-08-10 09:24:00,6400,6400,6400,6400,0
2022-08-10 09:25:00,6400,6400,6400,6400,0
2022-08-10 09:26:00,6400,6375,6400,6375,700
2022-08-10 09:27:00,6400,6375,6400,6375,0
2022-08-10 09:28:00,6400,6375,6400,6375,0
2022-08-10 09:29:00,6375,6375,6400,6400,4800
2022-08-10 09:30:00,6400,6400,6400,6400,5200
2022-08-10 09:31:00,6375,6375,6375,6375,5600
2022-08-10 09:32:00,6375,6375,6375,6375,0
2022-08-10 09:33:00,6375,6375,6400,6400,13000
2022-08-10 09:34:00,6375,6375,6400,6400,0
2022-08-10 09:35:00,6375,6375,6375,6375,0
2022-08-10 09:36:00,6375,6375,6375,6375,0
2022-08-10 09:37:00,6375,6375,6375,6375,2900
2022-08-10 09:38:00,6400,6400,6400,6400,0
2022-08-10 09:39:00,6375,6375,6375,6375,30900
2022-08-10 09:40:00,6400,6400,6400,6400,0
2022-08-10 09:41:00,6400,6400,6400,6400,0
2022-08-10 09:42:00,6400,6400,6400,6400,0
2022-08-10 09:43:00,6400,6400,6400,6400,0
2022-08-10 09:44:00,6400,6400,6400,6400,3000
2022-08-10 09:45:00,6400,6400,6400,6400,0
2022-08-10 09:46:00,6400,6400,6400,6400,0
2022-08-10 09:47:00,6400,6375,6400,6375,1800
2022-08-10 09:48:00,6400,6375,6400,6375,0
2022-08-10 09:49:00,6400,6400,6400,6400,1600
2022-08-10 09:50:00,6400,6400,6400,6400,0
2022-08-10 09:51:00,6400,6400,6400,6400,0
2022-08-10 09:52:00,6400,6400,6400,6400,0
2022-08-10 09:53:00,6400,6400,6400,6400,0
2022-08-10 09:54:00,6375,6375,6375,6375,1000
2022-08-10 09:55:00,6375,6375,6375,6375,1500
2022-08-10 09:56:00,6375,6375,6375,6375,0
2022-08-10 09:57:00,6375,6375,6375,6375,400
2022-08-10 09:58:00,6375,6375,6375,6375,0
2022-08-10 09:59:00,6375,6375,6375,6375,1500
2022-08-10 10:00:00,6375,6375,6375,6375,0
2022-08-10 10:01:00,6375,6375,6375,6375,2500
2022-08-10 10:02:00,6375,6375,6375,6375,0
2022-08-10 10:03:00,6375,6375,6375,6375,0
2022-08-10 10:04:00,6375,6375,6375,6375,0
2022-08-10 10:05:00,6375,6375,6375,6375,0
2022-08-10 10:06:00,6375,6375,6375,6375,200
2022-08-10 10:07:00,6375,6375,6375,6375,21100
2022-08-10 10:08:00,6375,6375,6375,6375,0
2022-08-10 10:09:00,6375,6375,6375,6375,25300
2022-08-10 10:10:00,6375,6375,6375,6375,28700
2022-08-10 10:11:00,6375,6375,6375,6375,0
2022-08-10 10:12:00,6375,6375,6400,6400,13800
2022-08-10 10:13:00,6400,6400,6400,6400,1400
2022-08-10 10:14:00,6375,6375,6375,6375,8000
2022-08-10 10:15:00,6375,6375,6375,6375,0
2022-08-10 10:16:00,6375,6375,6375,6375,0
2022-08-10 10:17:00,6375,6375,6375,6375,0
2022-08-10 10:18:00,6400,6400,6400,6400,0
2022-08-10 10:19:00,6400,6400,6400,6400,0
2022-08-10 10:20:00,6400,6400,6400,6400,0
2022-08-10 10:21:00,6400,6400,6400,6400,0
2022-08-10 10:22:00,6375,6375,6375,6375,100
2022-08-10 10:23:00,6375,6375,6375,6375,0
2022-08-10 10:24:00,6400,6375,6400,6375,36100
2022-08-10 10:25:00,6400,6375,6400,6375,0
2022-08-10 10:26:00,6400,6400,6400,6400,0
2022-08-10 10:27:00,6400,6400,6400,6400,0
2022-08-10 10:28:00,6400,6400,6400,6400,0
2022-08-10 10:29:00,6400,6400,6400,6400,0
2022-08-10 10:30:00,6375,6375,6400,6400,3900
2022-08-10 10:31:00,6375,6375,6375,6375,3200
2022-08-10 10:32:00,6375,6375,6375,6375,1000
2022-08-10 10:33:00,6375,6375,6375,6375,3500
2022-08-10 10:34:00,6375,6375,6400,6375,7100
2022-08-10 10:35:00,6375,6375,6400,6375,0
2022-08-10 10:36:00,6375,6375,6375,6375,0
2022-08-10 10:37:00,6375,6375,6375,6375,0
2022-08-10 10:38:00,6375,6375,6375,6375,0
2022-08-10 10:39:00,6375,6375,6375,6375,0
2022-08-10 10:40:00,6375,6375,6375,6375,0
2022-08-10 10:41:00,6375,6375,6375,6375,200
2022-08-10 10:42:00,6400,6375,6400,6375,800
2022-08-10 10:43:00,6375,6375,6375,6375,1900
2022-08-10 10:44:00,6375,6375,6375,6375,0
2022-08-10 10:45:00,6375,6375,6375,6375,0
2022-08-10 10:46:00,6400,6400,6400,6400,1200
2022-08-10 10:47:00,6400,6400,6400,6400,100
2022-08-10 10:48:00,6400,6400,6400,6400,0
2022-08-10 10:49:00,6400,6400,6400,6400,300
2022-08-10 10:50:00,6400,6400,6400,6400,0
2022-08-10 10:51:00,6400,6400,6400,6400,0
2022-08-10 10:52:00,6400,6400,6400,6400,0
2022-08-10 10:53:00,6400,6400,6400,6400,1200
2022-08-10 10:54:00,6400,6400,6400,6400,0
2022-08-10 10:55:00,6400,6400,6400,6400,0
2022-08-10 10:56:00,6400,6375,6400,6375,3800
2022-08-10 10:57:00,6400,6375,6400,6375,0
2022-08-10 10:58:00,6400,6400,6400,6400,1300
2022-08-10 10:59:00,6400,6400,6400,6400,0
2022-08-10 11:00:00,6375,6375,6375,6375,18600
2022-08-10 11:01:00,6375,6375,6375,6375,0
2022-08-10 11:02:00,6375,6375,6375,6375,0
2022-08-10 11:03:00,6375,6375,6375,6375,0
2022-08-10 11:04:00,6375,6375,6375,6375,0
2022-08-10 11:05:00,6375,6375,6375,6375,0
2022-08-10 11:06:00,6375,6375,6375,6375,0
2022-08-10 11:07:00,6375,6375,6375,6375,100
2022-08-10 11:08:00,6375,6375,6375,6375,1000
2022-08-10 11:09:00,6375,6375,6375,6375,0
2022-08-10 11:10:00,6400,6375,6400,6375,4000
2022-08-10 11:11:00,6400,6375,6400,6375,0
2022-08-10 11:12:00,6400,6375,6400,6375,600
2022-08-10 11:13:00,6400,6375,6400,6400,6100
2022-08-10 11:14:00,6400,6400,6400,6400,3200
2022-08-10 11:15:00,6400,6400,6400,6400,3500
2022-08-10 11:16:00,6400,6400,6400,6400,0
2022-08-10 11:17:00,6400,6400,6400,6400,0
2022-08-10 11:18:00,6400,6400,6400,6400,0
2022-08-10 11:19:00,6400,6375,6400,6375,1900
2022-08-10 11:20:00,6400,6375,6400,6375,0
2022-08-10 11:21:00,6400,6375,6400,6375,39500
2022-08-10 11:22:00,6400,6400,6400,6400,0
2022-08-10 11:23:00,6375,6375,6400,6400,4600
2022-08-10 11:24:00,6375,6375,6400,6400,0
2022-08-10 11:25:00,6400,6400,6400,6400,2700
2022-08-10 11:26:00,6400,6400,6400,6400,0
2022-08-10 11:27:00,6400,6400,6400,6400,0
2022-08-10 11:28:00,6400,6400,6400,6400,100
2022-08-10 11:29:00,6400,6400,6400,6400,0
2022-08-10 11:30:00,6400,6400,6400,6400,0
2022-08-10 11:31:00,6400,6400,6400,6400,0
2022-08-10 11:32:00,6400,6400,6400,6400,0
2022-08-10 11:33:00,6400,6400,6400,6400,0
2022-08-10 11:34:00,6400,6400,6400,6400,0
2022-08-10 11:35:00,6400,6400,6400,6400,0
2022-08-10 11:36:00,6400,6400,6400,6400,0
2022-08-10 11:37:00,6400,6400,6400,6400,0
2022-08-10 11:38:00,6400,6400,6400,6400,0
2022-08-10 11:39:00,6400,6400,6400,6400,0
2022-08-10 11:40:00,6400,6400,6400,6400,0
2022-08-10 11:41:00,6400,6400,6400,6400,0
2022-08-10 11:42:00,6400,6400,6400,6400,0
2022-08-10 11:43:00,6400,6400,6400,6400,0
2022-08-10 11:44:00,6400,6400,6400,6400,0
2022-08-10 11:45:00,6400,6400,6400,6400,0
2022-08-10 11:46:00,6400,6400,6400,6400,0
2022-08-10 11:47:00,6400,6400,6400,6400,0
2022-08-10 11:48:00,6400,6400,6400,6400,0
2022-08-10 11:49:00,6400,6400,6400,6400,0
2022-08-10 11:50:00,6400,6400,6400,6400,0
2022-08-10 11:51:00,6400,6400,6400,6400,0
2022-08-10 11:52:00,6400,6400,6400,6400,0
2022-08-10 11:53:00,6400,6400,6400,6400,0
2022-08-10 11:54:00,6400,6400,6400,6400,0
2022-08-10 11:55:00,6400,6400,6400,6400,0
2022-08-10 11:56:00,6400,6400,6400,6400,0
2022-08-10 11:57:00,6400,6400,6400,6400,0
2022-08-10 11:58:00,6400,6400,6400,6400,0
2022-08-10 11:59:00,6400,6400,6400,6400,0
2022-08-10 12:00:00,6400,6400,6400,6400,0
2022-08-10 12:01:00,6400,6400,6400,6400,0
2022-08-10 12:02:00,6400,6400,6400,6400,0
2022-08-10 12:03:00,6400,6400,6400,6400,0
2022-08-10 12:04:00,6400,6400,6400,6400,0
2022-08-10 12:05:00,6400,6400,6400,6400,0
2022-08-10 12:06:00,6400,6400,6400,6400,0
2022-08-10 12:07:00,6400,6400,6400,6400,0
2022-08-10 12:08:00,6400,6400,6400,6400,0
2022-08-10 12:09:00,6400,6400,6400,6400,0
2022-08-10 12:10:00,6400,6400,6400,6400,0
2022-08-10 12:11:00,6400,6400,6400,6400,0
2022-08-10 12:12:00,6400,6400,6400,6400,0
2022-08-10 12:13:00,6400,6400,6400,6400,0
2022-08-10 12:14:00,6400,6400,6400,6400,0
2022-08-10 12:15:00,6400,6400,6400,6400,0
2022-08-10 12:16:00,6400,6400,6400,6400,0
2022-08-10 12:17:00,6400,6400,6400,6400,0
2022-08-10 12:18:00,6400,6400,6400,6400,0
2022-08-10 12:19:00,6400,6400,6400,6400,0
2022-08-10 12:20:00,6400,6400,6400,6400,0
2022-08-10 12:21:00,6400,6400,6400,6400,0
2022-08-10 12:22:00,6400,6400,6400,6400,0
2022-08-10 12:23:00,6400,6400,6400,6400,0
2022-08-10 12:24:00,6400,6400,6400,6400,0
2022-08-10 12:25:00,6400,6400,6400,6400,0
2022-08-10 12:26:00,6400,6400,6400,6400,0
2022-08-10 12:27:00,6400,6400,6400,6400,0
2022-08-10 12:28:00,6400,6400,6400,6400,0
2022-08-10 12:29:00,6400,6400,6400,6400,0
2022-08-10 12:30:00,6400,6400,6400,6400,0
2022-08-10 12:31:00,6400,6400,6400,6400,0
2022-08-10 12:32:00,6400,6400,6400,6400,0
2022-08-10 12:33:00,6400,6400,6400,6400,0
2022-08-10 12:34:00,6400,6400,6400,6400,0
2022-08-10 12:35:00,6400,6400,6400,6400,0
2022-08-10 12:36:00,6400,6400,6400,6400,0
2022-08-10 12:37:00,6400,6400,6400,6400,0
2022-08-10 12:38:00,6400,6400,6400,6400,0
2022-08-10 12:39:00,6400,6400,6400,6400,0
2022-08-10 12:40:00,6400,6400,6400,6400,0
2022-08-10 12:41:00,6400,6400,6400,6400,0
2022-08-10 12:42:00,6400,6400,6400,6400,0
2022-08-10 12:43:00,6400,6400,6400,6400,0
2022-08-10 12:44:00,6400,6400,6400,6400,0
2022-08-10 12:45:00,6400,6400,6400,6400,0
2022-08-10 12:46:00,6400,6400,6400,6400,0
2022-08-10 12:47:00,6400,6400,6400,6400,0
2022-08-10 12:48:00,6400,6400,6400,6400,0
2022-08-10 12:49:00,6400,6400,6400,6400,0
2022-08-10 12:50:00,6400,6400,6400,6400,0
2022-08-10 12:51:00,6400,6400,6400,6400,0
2022-08-10 12:52:00,6400,6400,6400,6400,0
2022-08-10 12:53:00,6400,6400,6400,6400,0
2022-08-10 12:54:00,6400,6400,6400,6400,0
2022-08-10 12:55:00,6400,6400,6400,6400,0
2022-08-10 12:56:00,6400,6400,6400,6400,0
2022-08-10 12:57:00,6400,6400,6400,6400,0
2022-08-10 12:58:00,6400,6400,6400,6400,0
2022-08-10 12:59:00,6400,6400,6400,6400,0
2022-08-10 13:00:00,6400,6400,6400,6400,0
2022-08-10 13:01:00,6400,6400,6400,6400,0
2022-08-10 13:02:00,6400,6400,6400,6400,0
2022-08-10 13:03:00,6400,6400,6400,6400,0
2022-08-10 13:04:00,6400,6400,6400,6400,0
2022-08-10 13:05:00,6400,6400,6400,6400,0
2022-08-10 13:06:00,6400,6400,6400,6400,0
2022-08-10 13:07:00,6400,6400,6400,6400,0
2022-08-10 13:08:00,6400,6400,6400,6400,0
2022-08-10 13:09:00,6400,6400,6400,6400,0
2022-08-10 13:10:00,6400,6400,6400,6400,0
2022-08-10 13:11:00,6400,6400,6400,6400,0
2022-08-10 13:12:00,6400,6400,6400,6400,0
2022-08-10 13:13:00,6400,6400,6400,6400,0
2022-08-10 13:14:00,6400,6400,6400,6400,0
2022-08-10 13:15:00,6400,6400,6400,6400,0
2022-08-10 13:16:00,6400,6400,6400,6400,0
2022-08-10 13:17:00,6400,6400,6400,6400,0
2022-08-10 13:18:00,6400,6400,6400,6400,0
2022-08-10 13:19:00,6400,6400,6400,6400,0
2022-08-10 13:20:00,6400,6400,6400,6400,0
2022-08-10 13:21:00,6400,6400,6400,6400,0
2022-08-10 13:22:00,6400,6400,6400,6400,0
2022-08-10 13:23:00,6400,6400,6400,6400,0
2022-08-10 13:24:00,6400,6400,6400,6400,0
2022-08-10 13:25:00,6400,6400,6400,6400,0
2022-08-10 13:26:00,6400,6400,6400,6400,0
2022-08-10 13:27:00,6400,6400,6400,6400,0
2022-08-10 13:28:00,6400,6400,6400,6400,0
2022-08-10 13:29:00,6400,6400,6400,6400,0
2022-08-10 13:30:00,6400,6400,6400,6400,16800
2022-08-10 13:31:00,6400,6400,6400,6400,0
2022-08-10 13:32:00,6400,6400,6400,6400,0
2022-08-10 13:33:00,6400,6400,6400,6400,1000
2022-08-10 13:34:00,6400,6400,6400,6400,0
2022-08-10 13:35:00,6400,6400,6400,6400,4000
2022-08-10 13:36:00,6400,6400,6400,6400,0
2022-08-10 13:37:00,6400,6400,6400,6400,0
2022-08-10 13:38:00,6400,6400,6400,6400,700
2022-08-10 13:39:00,6400,6400,6400,6400,0
2022-08-10 13:40:00,6425,6400,6425,6400,900
2022-08-10 13:41:00,6400,6400,6425,6400,2800
2022-08-10 13:42:00,6400,6400,6400,6400,9800
2022-08-10 13:43:00,6400,6400,6400,6400,0
2022-08-10 13:44:00,6400,6400,6400,6400,0
2022-08-10 13:45:00,6400,6400,6400,6400,0
2022-08-10 13:46:00,6400,6400,6400,6400,1800
2022-08-10 13:47:00,6425,6400,6425,6400,1400
2022-08-10 13:48:00,6425,6400,6425,6400,0
2022-08-10 13:49:00,6425,6400,6425,6400,0
2022-08-10 13:50:00,6425,6400,6425,6400,0
2022-08-10 13:51:00,6400,6400,6400,6400,1000
2022-08-10 13:52:00,6400,6400,6400,6400,1000
2022-08-10 13:53:00,6400,6400,6400,6400,0
2022-08-10 13:54:00,6400,6400,6400,6400,900
2022-08-10 13:55:00,6400,6400,6400,6400,800
2022-08-10 13:56:00,6400,6400,6400,6400,0
2022-08-10 13:57:00,6400,6400,6400,6400,0
2022-08-10 13:58:00,6400,6400,6400,6400,0
2022-08-10 13:59:00,6425,6425,6450,6450,217100
2022-08-10 14:00:00,6425,6425,6425,6425,0
2022-08-10 14:01:00,6425,6425,6425,6425,0
2022-08-10 14:02:00,6425,6425,6450,6450,1400
2022-08-10 14:03:00,6425,6425,6450,6450,0
2022-08-10 14:04:00,6425,6425,6425,6425,800
2022-08-10 14:05:00,6425,6425,6425,6425,10000
2022-08-10 14:06:00,6425,6425,6425,6425,0
2022-08-10 14:07:00,6425,6425,6425,6425,0
2022-08-10 14:08:00,6400,6400,6400,6400,2200
2022-08-10 14:09:00,6400,6400,6400,6400,0
2022-08-10 14:10:00,6400,6400,6400,6400,0
2022-08-10 14:11:00,6400,6400,6400,6400,0
2022-08-10 14:12:00,6400,6400,6400,6400,0
2022-08-10 14:13:00,6400,6400,6400,6400,1700
2022-08-10 14:14:00,6400,6400,6400,6400,5400
2022-08-10 14:15:00,6400,6400,6400,6400,0
2022-08-10 14:16:00,6400,6400,6400,6400,0
2022-08-10 14:17:00,6400,6400,6400,6400,200
2022-08-10 14:18:00,6425,6425,6425,6425,1400
2022-08-10 14:19:00,6425,6425,6425,6425,0
2022-08-10 14:20:00,6425,6425,6425,6425,0
2022-08-10 14:21:00,6425,6425,6425,6425,0
2022-08-10 14:22:00,6425,6425,6425,6425,0
2022-08-10 14:23:00,6425,6425,6425,6425,0
2022-08-10 14:24:00,6425,6425,6425,6425,2000
2022-08-10 14:25:00,6425,6425,6425,6425,0
2022-08-10 14:26:00,6400,6400,6425,6425,5400
2022-08-10 14:27:00,6425,6400,6425,6400,9500
2022-08-10 14:28:00,6425,6400,6425,6400,0
2022-08-10 14:29:00,6400,6400,6400,6400,28800
2022-08-10 14:30:00,6400,6400,6400,6400,0
2022-08-10 14:31:00,6400,6400,6400,6400,0
2022-08-10 14:32:00,6400,6400,6425,6400,300
2022-08-10 14:33:00,6400,6400,6400,6400,900
2022-08-10 14:34:00,6425,6425,6425,6425,0
2022-08-10 14:35:00,6425,6425,6425,6425,0
2022-08-10 14:36:00,6425,6425,6425,6425,0
2022-08-10 14:37:00,6425,6425,6425,6425,0
2022-08-10 14:38:00,6400,6400,6400,6400,1700
2022-08-10 14:39:00,6400,6400,6400,6400,300
2022-08-10 14:40:00,6400,6400,6400,6400,0
2022-08-10 14:41:00,6400,6400,6400,6400,1800
2022-08-10 14:42:00,6400,6400,6400,6400,0
2022-08-10 14:43:00,6400,6400,6400,6400,13600
2022-08-10 14:44:00,6400,6400,6400,6400,1400
2022-08-10 14:45:00,6425,6400,6425,6425,10800
2022-08-10 14:46:00,6425,6400,6425,6425,0
2022-08-10 14:47:00,6425,6400,6425,6425,0
2022-08-10 14:48:00,6400,6400,6400,6400,26300
2022-08-10 14:49:00,6425,6425,6425,6425,1500
2022-08-10 14:50:00,6425,6425,6425,6425,0
2022-08-10 14:51:00,6425,6425,6425,6425,0
2022-08-10 14:52:00,6425,6425,6425,6425,0
2022-08-10 14:53:00,6425,6425,6425,6425,0
2022-08-10 14:54:00,6425,6425,6425,6425,0
2022-08-10 14:55:00,6425,6425,6425,6425,0
2022-08-10 14:56:00,6425,6425,6425,6425,0
2022-08-10 14:57:00,6425,6425,6425,6425,0
2022-08-10 14:58:00,6425,6425,6425,6425,0
2022-08-10 14:59:00,6425,6425,6425,6425,0
2022-08-10 15:00:00,6425,6425,6425,6425,25100
2022-08-10 15:01:00,6425,6425,6425,6425,900
2022-08-10 15:02:00,6425,6425,6425,6425,0
2022-08-10 15:03:00,6425,6425,6425,6425,0
2022-08-10 15:04:00,6425,6425,6425,6425,200
2022-08-10 15:05:00,6425,6425,6425,6425,1500
2022-08-10 15:06:00,6425,6425,6425,6425,0
2022-08-10 15:07:00,6425,6425,6425,6425,0
2022-08-10 15:08:00,6425,6425,6425,6425,0
2022-08-10 15:09:00,6425,6425,6425,6425,0
2022-08-10 15:10:00,6425,6425,6425,6425,0
2022-08-10 15:11:00,6425,6425,6425,6425,0
2022-08-10 15:12:00,6425,6425,6425,6425,0
2022-08-10 15:13:00,6425,6425,6425,6425,0
2022-08-10 15:14:00,6425,6425,6425,6425,0
2022-08-10 15:15:00,6425,6425,6425,6425,0
2022-08-10 15:16:00,6425,6425,6425,6425,0
2022-08-10 15:17:00,6425,6425,6425,6425,0
2022-08-10 15:18:00,6425,6425,6425,6425,0
2022-08-10 15:19:00,6425,6425,6425,6425,0
2022-08-10 15:20:00,6425,6425,6425,6425,0
2022-08-10 15:21:00,6425,6425,6425,6425,0
2022-08-10 15:22:00,6425,6425,6425,6425,0
2022-08-10 15:23:00,6425,6425,6425,6425,0
2022-08-10 15:24:00,6425,6425,6425,6425,0
2022-08-10 15:25:00,6425,6425,6425,6425,0
2022-08-10 15:26:00,6425,6425,6425,6425,0
2022-08-10 15:27:00,6425,6425,6425,6425,0
2022-08-10 15:28:00,6425,6425,6425,6425,0
2022-08-10 15:29:00,6425,6425,6425,6425,0
2022-08-10 15:30:00,6425,6425,6425,6425,0
2022-08-10 15:31:00,6425,6425,6425,6425,0
2022-08-10 15:32:00,6425,6425,6425,6425,0
2022-08-10 15:33:00,6425,6425,6425,6425,0
2022-08-10 15:34:00,6425,6425,6425,6425,0
2022-08-10 15:35:00,6425,6425,6425,6425,0
2022-08-10 15:36:00,6425,6425,6425,6425,0
2022-08-10 15:37:00,6425,6425,6425,6425,0
2022-08-10 15:38:00,6425,6425,6425,6425,0
2022-08-10 15:39:00,6425,6425,6425,6425,0
2022-08-10 15:40:00,6425,6425,6425,6425,0
2022-08-10 15:41:00,6425,6425,6425,6425,0
2022-08-10 15:42:00,6425,6425,6425,6425,0
2022-08-10 15:43:00,6425,6425,6425,6425,0
2022-08-10 15:44:00,6425,6425,6425,6425,0
2022-08-10 15:45:00,6425,6425,6425,6425,0
2022-08-10 15:46:00,6425,6425,6425,6425,0
2022-08-10 15:47:00,6425,6425,6425,6425,0
2022-08-10 15:48:00,6425,6425,6425,6425,0
2022-08-10 15:49:00,6425,6425,6425,6425,0
2022-08-10 15:50:00,6425,6425,6425,6425,0
2022-08-10 15:51:00,6425,6425,6425,6425,0
2022-08-10 15:52:00,6425,6425,6425,6425,0
2022-08-10 15:53:00,6425,6425,6425,6425,0
2022-08-10 15:54:00,6425,6425,6425,6425,0
2022-08-10 15:55:00,6425,6425,6425,6425,0
2022-08-10 15:56:00,6425,6425,6425,6425,0
2022-08-10 15:57:00,6425,6425,6425,6425,0
2022-08-10 15:58:00,6425,6425,6425,6425,0
2022-08-10 15:59:00,6425,6425,6425,6425,0
2022-08-11 09:00:00,6450,6425,6450,6450,9400
2022-08-11 09:01:00,6450,6425,6450,6425,19800
2022-08-11 09:02:00,6425,6425,6425,6425,0
2022-08-11 09:03:00,6425,6425,6425,6425,0
2022-08-11 09:04:00,6425,6425,6450,6450,1200
2022-08-11 09:05:00,6450,6450,6450,6450,4100
2022-08-11 09:06:00,6450,6450,6450,6450,6300
2022-08-11 09:07:00,6450,6450,6450,6450,25100
2022-08-11 09:08:00,6425,6425,6450,6450,12200
2022-08-11 09:09:00,6450,6450,6450,6450,400
2022-08-11 09:10:00,6450,6450,6450,6450,23800
2022-08-11 09:11:00,6450,6450,6450,6450,2700
2022-08-11 09:12:00,6450,6450,6450,6450,2100
2022-08-11 09:13:00,6450,6450,6450,6450,2300
2022-08-11 09:14:00,6450,6450,6450,6450,5200
2022-08-11 09:15:00,6475,6450,6475,6450,3000
2022-08-11 09:16:00,6450,6450,6475,6475,6900
2022-08-11 09:17:00,6475,6450,6475,6450,300
2022-08-11 09:18:00,6450,6450,6475,6475,65000
2022-08-11 09:19:00,6450,6450,6450,6450,100
2022-08-11 09:20:00,6450,6450,6475,6475,4300
2022-08-11 09:21:00,6475,6450,6475,6475,7500
2022-08-11 09:22:00,6475,6475,6475,6475,103800
2022-08-11 09:23:00,6475,6475,6475,6475,0
2022-08-11 09:24:00,6475,6475,6475,6475,0
2022-08-11 09:25:00,6475,6450,6475,6475,4000
2022-08-11 09:26:00,6450,6450,6475,6475,9600
2022-08-11 09:27:00,6475,6450,6475,6475,5700
2022-08-11 09:28:00,6450,6450,6450,6450,0
2022-08-11 09:29:00,6450,6450,6450,6450,5400
2022-08-11 09:30:00,6450,6450,6450,6450,0
2022-08-11 09:31:00,6475,6450,6475,6475,1800
2022-08-11 09:32:00,6475,6450,6475,6475,0
2022-08-11 09:33:00,6450,6450,6450,6450,200
2022-08-11 09:34:00,6450,6450,6475,6475,10000
2022-08-11 09:35:00,6475,6475,6475,6475,0
2022-08-11 09:36:00,6475,6475,6475,6475,0
2022-08-11 09:37:00,6475,6475,6475,6475,0
2022-08-11 09:38:00,6475,6475,6475,6475,0
2022-08-11 09:39:00,6450,6450,6450,6450,2100
2022-08-11 09:40:00,6450,6450,6450,6450,0
2022-08-11 09:41:00,6475,6450,6475,6475,13200
2022-08-11 09:42:00,6450,6450,6475,6475,0
2022-08-11 09:43:00,6450,6450,6475,6475,0
2022-08-11 09:44:00,6450,6450,6475,6475,6500
2022-08-11 09:45:00,6450,6450,6475,6475,0
2022-08-11 09:46:00,6475,6475,6475,6475,100
2022-08-11 09:47:00,6450,6450,6475,6475,14200
2022-08-11 09:48:00,6475,6450,6475,6450,13500
2022-08-11 09:49:00,6450,6450,6475,6475,0
2022-08-11 09:50:00,6475,6475,6475,6475,1700
2022-08-11 09:51:00,6450,6450,6450,6450,3000
2022-08-11 09:52:00,6450,6450,6450,6450,0
2022-08-11 09:53:00,6450,6450,6475,6450,4000
2022-08-11 09:54:00,6475,6475,6475,6475,300
2022-08-11 09:55:00,6475,6475,6475,6475,0
2022-08-11 09:56:00,6475,6475,6475,6475,0
2022-08-11 09:57:00,6475,6475,6475,6475,0
2022-08-11 09:58:00,6450,6450,6450,6450,200
2022-08-11 09:59:00,6450,6450,6450,6450,13000
2022-08-11 10:00:00,6450,6450,6450,6450,0
2022-08-11 10:01:00,6450,6450,6450,6450,0
2022-08-11 10:02:00,6450,6450,6450,6450,2300
2022-08-11 10:03:00,6450,6450,6450,6450,21100
2022-08-11 10:04:00,6450,6450,6450,6450,0
2022-08-11 10:05:00,6450,6450,6450,6450,200
2022-08-11 10:06:00,6450,6450,6450,6450,1300
2022-08-11 10:07:00,6450,6450,6475,6475,16400
2022-08-11 10:08:00,6450,6450,6450,6450,27600
2022-08-11 10:09:00,6450,6450,6450,6450,700
2022-08-11 10:10:00,6450,6450,6450,6450,200
2022-08-11 10:11:00,6450,6450,6450,6450,2300
2022-08-11 10:12:00,6450,6425,6450,6425,0
2022-08-11 10:13:00,6450,6425,6450,6425,0
2022-08-11 10:14:00,6450,6425,6450,6425,0
2022-08-11 10:15:00,6450,6450,6450,6450,7700
2022-08-11 10:16:00,6450,6450,6450,6450,0
2022-08-11 10:17:00,6450,6450,6450,6450,1900
2022-08-11 10:18:00,6450,6450,6450,6450,100
2022-08-11 10:19:00,6450,6450,6450,6450,0
2022-08-11 10:20:00,6450,6450,6450,6450,400
2022-08-11 10:21:00,6450,6450,6450,6450,3600
2022-08-11 10:22:00,6450,6450,6475,6450,56300
2022-08-11 10:23:00,6425,6425,6450,6450,900
2022-08-11 10:24:00,6425,6425,6450,6450,0
2022-08-11 10:25:00,6425,6425,6450,6450,0
2022-08-11 10:26:00,6425,6425,6450,6450,0
2022-08-11 10:27:00,6450,6450,6450,6450,400
2022-08-11 10:28:00,6450,6450,6450,6450,4800
2022-08-11 10:29:00,6450,6450,6450,6450,0
2022-08-11 10:30:00,6450,6450,6450,6450,0
2022-08-11 10:31:00,6450,6450,6450,6450,4000
2022-08-11 10:32:00,6450,6450,6450,6450,0
2022-08-11 10:33:00,6450,6450,6450,6450,0
2022-08-11 10:34:00,6450,6450,6450,6450,0
2022-08-11 10:35:00,6450,6450,6450,6450,0
2022-08-11 10:36:00,6450,6450,6450,6450,300
2022-08-11 10:37:00,6450,6450,6450,6450,100
2022-08-11 10:38:00,6450,6450,6450,6450,12900
2022-08-11 10:39:00,6450,6450,6450,6450,0
2022-08-11 10:40:00,6450,6450,6450,6450,600
2022-08-11 10:41:00,6450,6450,6450,6450,0
2022-08-11 10:42:00,6450,6450,6450,6450,0
2022-08-11 10:43:00,6425,6425,6425,6425,10700
2022-08-11 10:44:00,6425,6425,6425,6425,0
2022-08-11 10:45:00,6425,6425,6425,6425,0
2022-08-11 10:46:00,6425,6425,6425,6425,0
2022-08-11 10:47:00,6450,6450,6450,6450,0
2022-08-11 10:48:00,6450,6450,6450,6450,2400
2022-08-11 10:49:00,6450,6450,6450,6450,0
2022-08-11 10:50:00,6450,6450,6450,6450,2600
2022-08-11 10:51:00,6450,6450,6450,6450,0
2022-08-11 10:52:00,6450,6450,6450,6450,0
2022-08-11 10:53:00,6450,6450,6450,6450,0
2022-08-11 10:54:00,6450,6450,6450,6450,5800
2022-08-11 10:55:00,6450,6450,6450,6450,0
2022-08-11 10:56:00,6450,6450,6450,6450,600
2022-08-11 10:57:00,6450,6450,6450,6450,0
2022-08-11 10:58:00,6450,6450,6450,6450,0
2022-08-11 10:59:00,6450,6450,6450,6450,900
2022-08-11 11:00:00,6450,6450,6450,6450,900
2022-08-11 11:01:00,6450,6450,6450,6450,4900
2022-08-11 11:02:00,6450,6450,6450,6450,4900
2022-08-11 11:03:00,6450,6450,6450,6450,0
2022-08-11 11:04:00,6450,6450,6450,6450,100
2022-08-11 11:05:00,6450,6450,6450,6450,0
2022-08-11 11:06:00,6450,6450,6450,6450,0
2022-08-11 11:07:00,6450,6450,6450,6450,200
2022-08-11 11:08:00,6450,6450,6450,6450,1000
2022-08-11 11:09:00,6450,6450,6475,6475,16600
2022-08-11 11:10:00,6450,6450,6450,6450,600
2022-08-11 11:11:00,6450,6450,6450,6450,0
2022-08-11 11:12:00,6475,6475,6475,6475,9800
2022-08-11 11:13:00,6475,6475,6475,6475,0
2022-08-11 11:14:00,6475,6475,6475,6475,0
2022-08-11 11:15:00,6475,6450,6475,6450,0
2022-08-11 11:16:00,6450,6450,6450,6450,0
2022-08-11 11:17:00,6475,6450,6475,6450,300
2022-08-11 11:18:00,6450,6450,6450,6450,700
2022-08-11 11:19:00,6450,6450,6450,6450,4300
2022-08-11 11:20:00,6475,6475,6475,6475,3000
2022-08-11 11:21:00,6450,6450,6450,6450,300
2022-08-11 11:22:00,6450,6450,6450,6450,2300
2022-08-11 11:23:00,6450,6450,6450,6450,500
2022-08-11 11:24:00,6450,6450,6450,6450,0
2022-08-11 11:25:00,6475,6475,6475,6475,4600
2022-08-11 11:26:00,6475,6475,6475,6475,0
2022-08-11 11:27:00,6475,6475,6475,6475,0
2022-08-11 11:28:00,6450,6450,6450,6450,8400
2022-08-11 11:29:00,6450,6450,6450,6450,0
2022-08-11 11:30:00,6450,6450,6450,6450,0
2022-08-11 11:31:00,6450,6450,6450,6450,0
2022-08-11 11:32:00,6450,6450,6450,6450,0
2022-08-11 11:33:00,6450,6450,6450,6450,0
2022-08-11 11:34:00,6450,6450,6450,6450,0
2022-08-11 11:35:00,6450,6450,6450,6450,0
2022-08-11 11:36:00,6450,6450,6450,6450,0
2022-08-11 11:37:00,6450,6450,6450,6450,0
2022-08-11 11:38:00,6450,6450,6450,6450,0
2022-08-11 11:39:00,6450,6450,6450,6450,0
2022-08-11 11:40:00,6450,6450,6450,6450,0
2022-08-11 11:41:00,6450,6450,6450,6450,0
2022-08-11 11:42:00,6450,6450,6450,6450,0
2022-08-11 11:43:00,6450,6450,6450,6450,0
2022-08-11 11:44:00,6450,6450,6450,6450,0
2022-08-11 11:45:00,6450,6450,6450,6450,0
2022-08-11 11:46:00,6450,6450,6450,6450,0
2022-08-11 11:47:00,6450,6450,6450,6450,0
2022-08-11 11:48:00,6450,6450,6450,6450,0
2022-08-11 11:49:00,6450,6450,6450,6450,0
2022-08-11 11:50:00,6450,6450,6450,6450,0
2022-08-11 11:51:00,6450,6450,6450,6450,0
2022-08-11 11:52:00,6450,6450,6450,6450,0
2022-08-11 11:53:00,6450,6450,6450,6450,0
2022-08-11 11:54:00,6450,6450,6450,6450,0
2022-08-11 11:55:00,6450,6450,6450,6450,0
2022-08-11 11:56:00,6450,6450,6450,6450,0
2022-08-11 11:57:00,6450,6450,6450,6450,0
2022-08-11 11:58:00,6450,6450,6450,6450,0
2022-08-11 11:59:00,6450,6450,6450,6450,0
2022-08-11 12:00:00,6450,6450,6450,6450,0
2022-08-11 12:01:00,6450,6450,6450,6450,0
2022-08-11 12:02:00,6450,6450,6450,6450,0
2022-08-11 12:03:00,6450,6450,6450,6450,0
2022-08-11 12:04:00,6450,6450,6450,6450,0
2022-08-11 12:05:00,6450,6450,6450,6450,0
2022-08-11 12:06:00,6450,6450,6450,6450,0
2022-08-11 12:07:00,6450,6450,6450,6450,0
2022-08-11 12:08:00,6450,6450,6450,6450,0
2022-08-11 12:09:00,6450,6450,6450,6450,0
2022-08-11 12:10:00,6450,6450,6450,6450,0
2022-08-11 12:11:00,6450,6450,6450,6450,0
2022-08-11 12:12:00,6450,6450,6450,6450,0
2022-08-11 12:13:00,6450,6450,6450,6450,0
2022-08-11 12:14:00,6450,6450,6450,6450,0
2022-08-11 12:15:00,6450,6450,6450,6450,0
2022-08-11 12:16:00,6450,6450,6450,6450,0
2022-08-11 12:17:00,6450,6450,6450,6450,0
2022-08-11 12:18:00,6450,6450,6450,6450,0
2022-08-11 12:19:00,6450,6450,6450,6450,0
2022-08-11 12:20:00,6450,6450,6450,6450,0
2022-08-11 12:21:00,6450,6450,6450,6450,0
2022-08-11 12:22:00,6450,6450,6450,6450,0
2022-08-11 12:23:00,6450,6450,6450,6450,0
2022-08-11 12:24:00,6450,6450,6450,6450,0
2022-08-11 12:25:00,6450,6450,6450,6450,0
2022-08-11 12:26:00,6450,6450,6450,6450,0
2022-08-11 12:27:00,6450,6450,6450,6450,0
2022-08-11 12:28:00,6450,6450,6450,6450,0
2022-08-11 12:29:00,6450,6450,6450,6450,0
2022-08-11 12:30:00,6450,6450,6450,6450,0
2022-08-11 12:31:00,6450,6450,6450,6450,0
2022-08-11 12:32:00,6450,6450,6450,6450,0
2022-08-11 12:33:00,6450,6450,6450,6450,0
2022-08-11 12:34:00,6450,6450,6450,6450,0
2022-08-11 12:35:00,6450,6450,6450,6450,0
2022-08-11 12:36:00,6450,6450,6450,6450,0
2022-08-11 12:37:00,6450,6450,6450,6450,0
2022-08-11 12:38:00,6450,6450,6450,6450,0
2022-08-11 12:39:00,6450,6450,6450,6450,0
2022-08-11 12:40:00,6450,6450,6450,6450,0
2022-08-11 12:41:00,6450,6450,6450,6450,0
2022-08-11 12:42:00,6450,6450,6450,6450,0
2022-08-11 12:43:00,6450,6450,6450,6450,0
2022-08-11 12:44:00,6450,6450,6450,6450,0
2022-08-11 12:45:00,6450,6450,6450,6450,0
2022-08-11 12:46:00,6450,6450,6450,6450,0
2022-08-11 12:47:00,6450,6450,6450,6450,0
2022-08-11 12:48:00,6450,6450,6450,6450,0
2022-08-11 12:49:00,6450,6450,6450,6450,0
2022-08-11 12:50:00,6450,6450,6450,6450,0
2022-08-11 12:51:00,6450,6450,6450,6450,0
2022-08-11 12:52:00,6450,6450,6450,6450,0
2022-08-11 12:53:00,6450,6450,6450,6450,0
2022-08-11 12:54:00,6450,6450,6450,6450,0
2022-08-11 12:55:00,6450,6450,6450,6450,0
2022-08-11 12:56:00,6450,6450,6450,6450,0
2022-08-11 12:57:00,6450,6450,6450,6450,0
2022-08-11 12:58:00,6450,6450,6450,6450,0
2022-08-11 12:59:00,6450,6450,6450,6450,0
2022-08-11 13:00:00,6450,6450,6450,6450,0
2022-08-11 13:01:00,6450,6450,6450,6450,0
2022-08-11 13:02:00,6450,6450,6450,6450,0
2022-08-11 13:03:00,6450,6450,6450,6450,0
2022-08-11 13:04:00,6450,6450,6450,6450,0
2022-08-11 13:05:00,6450,6450,6450,6450,0
2022-08-11 13:06:00,6450,6450,6450,6450,0
2022-08-11 13:07:00,6450,6450,6450,6450,0
2022-08-11 13:08:00,6450,6450,6450,6450,0
2022-08-11 13:09:00,6450,6450,6450,6450,0
2022-08-11 13:10:00,6450,6450,6450,6450,0
2022-08-11 13:11:00,6450,6450,6450,6450,0
2022-08-11 13:12:00,6450,6450,6450,6450,0
2022-08-11 13:13:00,6450,6450,6450,6450,0
2022-08-11 13:14:00,6450,6450,6450,6450,0
2022-08-11 13:15:00,6450,6450,6450,6450,0
2022-08-11 13:16:00,6450,6450,6450,6450,0
2022-08-11 13:17:00,6450,6450,6450,6450,0
2022-08-11 13:18:00,6450,6450,6450,6450,0
2022-08-11 13:19:00,6450,6450,6450,6450,0
2022-08-11 13:20:00,6450,6450,6450,6450,0
2022-08-11 13:21:00,6450,6450,6450,6450,0
2022-08-11 13:22:00,6450,6450,6450,6450,0
2022-08-11 13:23:00,6450,6450,6450,6450,0
2022-08-11 13:24:00,6450,6450,6450,6450,0
2022-08-11 13:25:00,6450,6450,6450,6450,0
2022-08-11 13:26:00,6450,6450,6450,6450,0
2022-08-11 13:27:00,6450,6450,6450,6450,0
2022-08-11 13:28:00,6450,6450,6450,6450,0
2022-08-11 13:29:00,6450,6450,6450,6450,0
2022-08-11 13:30:00,6450,6450,6475,6450,68900
2022-08-11 13:31:00,6450,6450,6475,6450,0
2022-08-11 13:32:00,6450,6450,6475,6450,0
2022-08-11 13:33:00,6450,6450,6475,6450,0
2022-08-11 13:34:00,6450,6450,6475,6450,0
2022-08-11 13:35:00,6475,6475,6475,6475,6700
2022-08-11 13:36:00,6475,6475,6475,6475,0
2022-08-11 13:37:00,6475,6475,6475,6475,52100
2022-08-11 13:38:00,6450,6450,6450,6450,0
2022-08-11 13:39:00,6450,6450,6450,6450,0
2022-08-11 13:40:00,6450,6450,6450,6450,0
2022-08-11 13:41:00,6450,6450,6450,6450,0
2022-08-11 13:42:00,6450,6450,6450,6450,0
2022-08-11 13:43:00,6450,6450,6475,6475,61200
2022-08-11 13:44:00,6475,6450,6475,6475,18100
2022-08-11 13:45:00,6475,6450,6475,6475,0
2022-08-11 13:46:00,6475,6450,6475,6475,0
2022-08-11 13:47:00,6475,6475,6475,6475,6600
2022-08-11 13:48:00,6475,6475,6475,6475,25300
2022-08-11 13:49:00,6475,6475,6475,6475,0
2022-08-11 13:50:00,6475,6475,6475,6475,0
2022-08-11 13:51:00,6450,6450,6450,6450,0
2022-08-11 13:52:00,6450,6450,6450,6450,0
2022-08-11 13:53:00,6475,6475,6475,6475,17300
2022-08-11 13:54:00,6450,6450,6450,6450,0
2022-08-11 13:55:00,6450,6450,6475,6475,2400
2022-08-11 13:56:00,6450,6450,6475,6475,0
2022-08-11 13:57:00,6475,6475,6475,6475,3200
2022-08-11 13:58:00,6475,6475,6475,6475,0
2022-08-11 13:59:00,6475,6475,6475,6475,0
2022-08-11 14:00:00,6475,6475,6475,6475,14600
2022-08-11 14:01:00,6475,6475,6475,6475,400
2022-08-11 14:02:00,6475,6450,6475,6450,0
2022-08-11 14:03:00,6450,6450,6475,6475,1800
2022-08-11 14:04:00,6450,6450,6475,6475,0
2022-08-11 14:05:00,6450,6450,6450,6450,0
2022-08-11 14:06:00,6450,6450,6475,6475,2000
2022-08-11 14:07:00,6475,6450,6475,6450,1200
2022-08-11 14:08:00,6450,6450,6450,6450,53400
2022-08-11 14:09:00,6450,6450,6450,6450,0
2022-08-11 14:10:00,6450,6450,6450,6450,0
2022-08-11 14:11:00,6450,6450,6450,6450,100
2022-08-11 14:12:00,6450,6450,6450,6450,0
2022-08-11 14:13:00,6450,6450,6450,6450,0
2022-08-11 14:14:00,6450,6450,6450,6450,0
2022-08-11 14:15:00,6450,6450,6450,6450,0
2022-08-11 14:16:00,6475,6450,6475,6450,8900
2022-08-11 14:17:00,6450,6450,6450,6450,1300
2022-08-11 14:18:00,6450,6450,6450,6450,0
2022-08-11 14:19:00,6450,6450,6450,6450,0
2022-08-11 14:20:00,6450,6450,6475,6475,1300
2022-08-11 14:21:00,6450,6450,6475,6475,103300
2022-08-11 14:22:00,6475,6475,6475,6475,2800
2022-08-11 14:23:00,6475,6475,6475,6475,0
2022-08-11 14:24:00,6450,6450,6450,6450,0
2022-08-11 14:25:00,6450,6450,6450,6450,800
2022-08-11 14:26:00,6450,6450,6450,6450,0
2022-08-11 14:27:00,6450,6450,6450,6450,1100
2022-08-11 14:28:00,6450,6450,6450,6450,17700
2022-08-11 14:29:00,6450,6450,6475,6450,700
2022-08-11 14:30:00,6450,6450,6450,6450,3700
2022-08-11 14:31:00,6450,6450,6450,6450,0
2022-08-11 14:32:00,6450,6450,6475,6475,6000
2022-08-11 14:33:00,6450,6450,6475,6475,0
2022-08-11 14:34:00,6475,6475,6475,6475,0
2022-08-11 14:35:00,6475,6450,6475,6475,45700
2022-08-11 14:36:00,6475,6475,6475,6475,0
2022-08-11 14:37:00,6475,6475,6475,6475,200
2022-08-11 14:38:00,6475,6450,6475,6450,4700
2022-08-11 14:39:00,6475,6450,6475,6475,15500
2022-08-11 14:40:00,6475,6450,6475,6450,200
2022-08-11 14:41:00,6475,6450,6475,6475,8800
2022-08-11 14:42:00,6450,6450,6475,6475,16300
2022-08-11 14:43:00,6475,6450,6475,6475,4700
2022-08-11 14:44:00,6475,6475,6475,6475,7400
2022-08-11 14:45:00,6475,6475,6475,6475,1000
2022-08-11 14:46:00,6475,6475,6475,6475,0
2022-08-11 14:47:00,6475,6450,6475,6450,1600
2022-08-11 14:48:00,6450,6450,6475,6475,4100
2022-08-11 14:49:00,6475,6475,6475,6475,0
2022-08-11 14:50:00,6475,6475,6475,6475,0
2022-08-11 14:51:00,6475,6475,6475,6475,0
2022-08-11 14:52:00,6475,6475,6475,6475,0
2022-08-11 14:53:00,6475,6475,6475,6475,0
2022-08-11 14:54:00,6475,6475,6475,6475,0
2022-08-11 14:55:00,6475,6475,6475,6475,0
2022-08-11 14:56:00,6475,6475,6475,6475,0
2022-08-11 14:57:00,6475,6475,6475,6475,0
2022-08-11 14:58:00,6475,6475,6475,6475,0
2022-08-11 14:59:00,6475,6475,6475,6475,0
2022-08-11 15:00:00,6475,6475,6475,6475,101200
2022-08-11 15:01:00,6475,6475,6475,6475,15800
2022-08-11 15:02:00,6475,6475,6475,6475,800
2022-08-11 15:03:00,6475,6475,6475,6475,7100
2022-08-11 15:04:00,6475,6475,6475,6475,0
2022-08-11 15:05:00,6475,6475,6475,6475,0
2022-08-11 15:06:00,6475,6475,6475,6475,2300
2022-08-11 15:07:00,6475,6475,6475,6475,3300
2022-08-11 15:08:00,6475,6475,6475,6475,0
2022-08-11 15:09:00,6475,6475,6475,6475,0
2022-08-11 15:10:00,6475,6475,6475,6475,0
2022-08-11 15:11:00,6475,6475,6475,6475,700
2022-08-11 15:12:00,6475,6475,6475,6475,39100
2022-08-11 15:13:00,6475,6475,6475,6475,0
2022-08-11 15:14:00,6475,6475,6475,6475,0
2022-08-11 15:15:00,6475,6475,6475,6475,0
2022-08-11 15:16:00,6475,6475,6475,6475,0
2022-08-11 15:17:00,6475,6475,6475,6475,0
2022-08-11 15:18:00,6475,6475,6475,6475,0
2022-08-11 15:19:00,6475,6475,6475,6475,0
2022-08-11 15:20:00,6475,6475,6475,6475,0
2022-08-11 15:21:00,6475,6475,6475,6475,0
2022-08-11 15:22:00,6475,6475,6475,6475,0
2022-08-11 15:23:00,6475,6475,6475,6475,0
2022-08-11 15:24:00,6475,6475,6475,6475,0
2022-08-11 15:25:00,6475,6475,6475,6475,0
2022-08-11 15:26:00,6475,6475,6475,6475,0
2022-08-11 15:27:00,6475,6475,6475,6475,0
2022-08-11 15:28:00,6475,6475,6475,6475,0
2022-08-11 15:29:00,6475,6475,6475,6475,0
2022-08-11 15:30:00,6475,6475,6475,6475,0
2022-08-11 15:31:00,6475,6475,6475,6475,0
2022-08-11 15:32:00,6475,6475,6475,6475,0
2022-08-11 15:33:00,6475,6475,6475,6475,0
2022-08-11 15:34:00,6475,6475,6475,6475,0
2022-08-11 15:35:00,6475,6475,6475,6475,0
2022-08-11 15:36:00,6475,6475,6475,6475,0
2022-08-11 15:37:00,6475,6475,6475,6475,0
2022-08-11 15:38:00,6475,6475,6475,6475,0
2022-08-11 15:39:00,6475,6475,6475,6475,0
2022-08-11 15:40:00,6475,6475,6475,6475,0
2022-08-11 15:41:00,6475,6475,6475,6475,0
2022-08-11 15:42:00,6475,6475,6475,6475,0
2022-08-11 15:43:00,6475,6475,6475,6475,0
2022-08-11 15:44:00,6475,6475,6475,6475,0
2022-08-11 15:45:00,6475,6475,6475,6475,0
2022-08-11 15:46:00,6475,6475,6475,6475,0
2022-08-11 15:47:00,6475,6475,6475,6475,0
2022-08-11 15:48:00,6475,6475,6475,6475,0
2022-08-11 15:49:00,6475,6475,6475,6475,0
2022-08-11 15:50:00,6475,6475,6475,6475,0
2022-08-11 15:51:00,6475,6475,6475,6475,0
2022-08-11 15:52:00,6475,6475,6475,6475,0
2022-08-11 15:53:00,6475,6475,6475,6475,0
2022-08-11 15:54:00,6475,6475,6475,6475,0
2022-08-11 15:55:00,6475,6475,6475,6475,0
2022-08-11 15:56:00,6475,6475,6475,6475,0
2022-08-11 15:57:00,6475,6475,6475,6475,0
2022-08-11 15:58:00,6475,6475,6475,6475,0
2022-08-11 15:59:00,6475,6475,6475,6475,0
2022-08-12 09:00:00,6500,6475,6500,6475,12800
2022-08-12 09:01:00,6475,6475,6500,6475,28200
2022-08-12 09:02:00,6475,6475,6475,6475,1500
2022-08-12 09:03:00,6475,6475,6475,6475,0
2022-08-12 09:04:00,6475,6475,6475,6475,0
2022-08-12 09:05:00,6475,6475,6475,6475,400
2022-08-12 09:06:00,6475,6450,6475,6450,500
2022-08-12 09:07:00,6450,6450,6500,6500,38900
2022-08-12 09:08:00,6475,6475,6475,6475,8600
2022-08-12 09:09:00,6475,6475,6500,6500,0
2022-08-12 09:10:00,6500,6500,6500,6500,0
2022-08-12 09:11:00,6500,6500,6500,6500,0
2022-08-12 09:12:00,6500,6500,6500,6500,58400
2022-08-12 09:13:00,6500,6500,6550,6550,156900
2022-08-12 09:14:00,6550,6525,6550,6550,42500
2022-08-12 09:15:00,6550,6550,6575,6575,101800
2022-08-12 09:16:00,6575,6550,6575,6575,24200
2022-08-12 09:17:00,6575,6550,6600,6575,143600
2022-08-12 09:18:00,6600,6575,6600,6575,57900
2022-08-12 09:19:00,6575,6575,6575,6575,2200
2022-08-12 09:20:00,6575,6575,6600,6600,3400
2022-08-12 09:21:00,6600,6575,6600,6575,32900
2022-08-12 09:22:00,6600,6575,6600,6575,6800
2022-08-12 09:23:00,6600,6600,6600,6600,244900
2022-08-12 09:24:00,6600,6600,6625,6600,40900
2022-08-12 09:25:00,6600,6575,6600,6600,97000
2022-08-12 09:26:00,6600,6575,6625,6625,68700
2022-08-12 09:27:00,6625,6600,6625,6600,25400
2022-08-12 09:28:00,6625,6600,6650,6650,194300
2022-08-12 09:29:00,6650,6625,6650,6625,294100
2022-08-12 09:30:00,6650,6625,6650,6650,65000
2022-08-12 09:31:00,6650,6625,6675,6625,98200
2022-08-12 09:32:00,6650,6625,6650,6650,23300
2022-08-12 09:33:00,6625,6625,6650,6625,8400
2022-08-12 09:34:00,6650,6625,6650,6625,94300
2022-08-12 09:35:00,6625,6600,6625,6625,12100
2022-08-12 09:36:00,6600,6600,6625,6600,33500
2022-08-12 09:37:00,6625,6600,6625,6625,53100
2022-08-12 09:38:00,6625,6600,6625,6625,18500
2022-08-12 09:39:00,6625,6600,6625,6625,58000
2022-08-12 09:40:00,6625,6600,6625,6625,53300
2022-08-12 09:41:00,6600,6600,6625,6600,41000
2022-08-12 09:42:00,6600,6600,6625,6625,22200
2022-08-12 09:43:00,6600,6600,6600,6600,107400
2022-08-12 09:44:00,6600,6575,6600,6600,26500
2022-08-12 09:45:00,6600,6575,6600,6600,6700
2022-08-12 09:46:00,6600,6575,6600,6600,17600
2022-08-12 09:47:00,6600,6575,6600,6600,0
2022-08-12 09:48:00,6600,6575,6600,6575,800
2022-08-12 09:49:00,6600,6600,6600,6600,3700
2022-08-12 09:50:00,6600,6575,6600,6575,15800
2022-08-12 09:51:00,6600,6600,6600,6600,12700
2022-08-12 09:52:00,6600,6600,6625,6625,4800
2022-08-12 09:53:00,6625,6600,6625,6625,78000
2022-08-12 09:54:00,6625,6600,6625,6600,7000
2022-08-12 09:55:00,6600,6600,6625,6625,2500
2022-08-12 09:56:00,6625,6600,6625,6600,38200
2022-08-12 09:57:00,6600,6600,6625,6600,36900
2022-08-12 09:58:00,6600,6600,6600,6600,2200
2022-08-12 09:59:00,6600,6600,6625,6625,5800
2022-08-12 10:00:00,6600,6600,6625,6625,8000
2022-08-12 10:01:00,6625,6625,6625,6625,8200
2022-08-12 10:02:00,6600,6600,6600,6600,16500
2022-08-12 10:03:00,6625,6600,6625,6625,0
2022-08-12 10:04:00,6625,6600,6625,6625,0
2022-08-12 10:05:00,6625,6600,6625,6625,0
2022-08-12 10:06:00,6600,6600,6600,6600,43900
2022-08-12 10:07:00,6625,6600,6625,6600,200
2022-08-12 10:08:00,6625,6600,6625,6625,3400
2022-08-12 10:09:00,6600,6600,6625,6600,34200
2022-08-12 10:10:00,6625,6625,6625,6625,800
2022-08-12 10:11:00,6600,6600,6600,6600,5400
2022-08-12 10:12:00,6600,6600,6600,6600,300
2022-08-12 10:13:00,6600,6600,6600,6600,8300
2022-08-12 10:14:00,6600,6600,6600,6600,0
2022-08-12 10:15:00,6625,6600,6625,6600,27900
2022-08-12 10:16:00,6600,6600,6625,6600,1700
2022-08-12 10:17:00,6600,6600,6600,6600,0
2022-08-12 10:18:00,6600,6600,6625,6625,1000
2022-08-12 10:19:00,6600,6600,6625,6600,2400
2022-08-12 10:20:00,6600,6600,6600,6600,2900
2022-08-12 10:21:00,6600,6600,6625,6625,400
2022-08-12 10:22:00,6625,6625,6625,6625,1100
2022-08-12 10:23:00,6625,6600,6625,6600,500
2022-08-12 10:24:00,6625,6600,6625,6600,1300
2022-08-12 10:25:00,6600,6600,6600,6600,200
2022-08-12 10:26:00,6600,6600,6600,6600,100
2022-08-12 10:27:00,6600,6600,6625,6600,30500
2022-08-12 10:28:00,6600,6600,6600,6600,0
2022-08-12 10:29:00,6600,6600,6600,6600,8200
2022-08-12 10:30:00,6600,6600,6625,6600,11400
2022-08-12 10:31:00,6625,6600,6625,6600,900
2022-08-12 10:32:00,6625,6600,6625,6625,800
2022-08-12 10:33:00,6600,6600,6600,6600,95200
2022-08-12 10:34:00,6600,6600,6600,6600,400
2022-08-12 10:35:00,6600,6600,6600,6600,2400
2022-08-12 10:36:00,6600,6600,6600,6600,19800
2022-08-12 10:37:00,6575,6575,6575,6575,0
2022-08-12 10:38:00,6575,6575,6600,6600,2200
2022-08-12 10:39:00,6600,6575,6600,6600,3000
2022-08-12 10:40:00,6600,6600,6600,6600,1200
2022-08-12 10:41:00,6600,6600,6600,6600,900
2022-08-12 10:42:00,6600,6600,6600,6600,0
2022-08-12 10:43:00,6600,6600,6600,6600,0
2022-08-12 10:44:00,6600,6600,6600,6600,600
2022-08-12 10:45:00,6600,6600,6600,6600,0
2022-08-12 10:46:00,6600,6600,6600,6600,0
2022-08-12 10:47:00,6600,6600,6600,6600,0
2022-08-12 10:48:00,6600,6600,6600,6600,800
2022-08-12 10:49:00,6600,6575,6600,6575,3800
2022-08-12 10:50:00,6575,6575,6600,6600,300
2022-08-12 10:51:00,6600,6600,6600,6600,0
2022-08-12 10:52:00,6600,6600,6600,6600,0
2022-08-12 10:53:00,6600,6600,6600,6600,0
2022-08-12 10:54:00,6600,6600,6600,6600,1100
2022-08-12 10:55:00,6600,6575,6600,6575,134500
2022-08-12 10:56:00,6575,6575,6575,6575,100
2022-08-12 10:57:00,6575,6575,6575,6575,0
2022-08-12 10:58:00,6575,6550,6575,6550,3400
2022-08-12 10:59:00,6550,6550,6550,6550,5900
2022-08-12 11:00:00,6575,6575,6575,6575,17500
2022-08-12 11:01:00,6575,6575,6575,6575,0
2022-08-12 11:02:00,6575,6575,6575,6575,0
2022-08-12 11:03:00,6575,6575,6575,6575,0
2022-08-12 11:04:00,6575,6575,6575,6575,3600
2022-08-12 11:05:00,6575,6550,6575,6550,147200
2022-08-12 11:06:00,6550,6550,6550,6550,22600
2022-08-12 11:07:00,6550,6550,6550,6550,3300
2022-08-12 11:08:00,6550,6550,6550,6550,4200
2022-08-12 11:09:00,6550,6550,6550,6550,4200
2022-08-12 11:10:00,6550,6550,6550,6550,7100
2022-08-12 11:11:00,6550,6550,6550,6550,0
2022-08-12 11:12:00,6550,6550,6550,6550,1400
2022-08-12 11:13:00,6550,6550,6550,6550,400
2022-08-12 11:14:00,6550,6550,6575,6550,6500
2022-08-12 11:15:00,6550,6550,6550,6550,3400
2022-08-12 11:16:00,6550,6550,6550,6550,0
2022-08-12 11:17:00,6550,6550,6550,6550,3100
2022-08-12 11:18:00,6550,6550,6550,6550,400
2022-08-12 11:19:00,6550,6550,6550,6550,0
2022-08-12 11:20:00,6550,6550,6550,6550,1600
2022-08-12 11:21:00,6550,6550,6550,6550,0
2022-08-12 11:22:00,6550,6550,6550,6550,400
2022-08-12 11:23:00,6550,6550,6550,6550,0
2022-08-12 11:24:00,6550,6550,6550,6550,200
2022-08-12 11:25:00,6575,6550,6575,6550,9000
2022-08-12 11:26:00,6550,6550,6550,6550,0
2022-08-12 11:27:00,6575,6575,6575,6575,300
2022-08-12 11:28:00,6575,6550,6575,6550,800
2022-08-12 11:29:00,6575,6550,6575,6550,1200
2022-08-12 11:30:00,6575,6550,6575,6550,0
2022-08-12 11:31:00,6575,6550,6575,6550,0
2022-08-12 11:32:00,6575,6550,6575,6550,0
2022-08-12 11:33:00,6575,6550,6575,6550,0
2022-08-12 11:34:00,6575,6550,6575,6550,0
2022-08-12 11:35:00,6575,6550,6575,6550,0
2022-08-12 11:36:00,6575,6550,6575,6550,0
2022-08-12 11:37:00,6575,6550,6575,6550,0
2022-08-12 11:38:00,6575,6550,6575,6550,0
2022-08-12 11:39:00,6575,6550,6575,6550,0
2022-08-12 11:40:00,6575,6550,6575,6550,0
2022-08-12 11:41:00,6575,6550,6575,6550,0
2022-08-12 11:42:00,6575,6550,6575,6550,0
2022-08-12 11:43:00,6575,6550,6575,6550,0
2022-08-12 11:44:00,6575,6550,6575,6550,0
2022-08-12 11:45:00,6575,6550,6575,6550,0
2022-08-12 11:46:00,6575,6550,6575,6550,0
2022-08-12 11:47:00,6575,6550,6575,6550,0
2022-08-12 11:48:00,6575,6550,6575,6550,0
2022-08-12 11:49:00,6575,6550,6575,6550,0
2022-08-12 11:50:00,6575,6550,6575,6550,0
2022-08-12 11:51:00,6575,6550,6575,6550,0
2022-08-12 11:52:00,6575,6550,6575,6550,0
2022-08-12 11:53:00,6575,6550,6575,6550,0
2022-08-12 11:54:00,6575,6550,6575,6550,0
2022-08-12 11:55:00,6575,6550,6575,6550,0
2022-08-12 11:56:00,6575,6550,6575,6550,0
2022-08-12 11:57:00,6575,6550,6575,6550,0
2022-08-12 11:58:00,6575,6550,6575,6550,0
2022-08-12 11:59:00,6575,6550,6575,6550,0
2022-08-12 12:00:00,6575,6550,6575,6550,0
2022-08-12 12:01:00,6575,6550,6575,6550,0
2022-08-12 12:02:00,6575,6550,6575,6550,0
2022-08-12 12:03:00,6575,6550,6575,6550,0
2022-08-12 12:04:00,6575,6550,6575,6550,0
2022-08-12 12:05:00,6575,6550,6575,6550,0
2022-08-12 12:06:00,6575,6550,6575,6550,0
2022-08-12 12:07:00,6575,6550,6575,6550,0
2022-08-12 12:08:00,6575,6550,6575,6550,0
2022-08-12 12:09:00,6575,6550,6575,6550,0
2022-08-12 12:10:00,6575,6550,6575,6550,0
2022-08-12 12:11:00,6575,6550,6575,6550,0
2022-08-12 12:12:00,6575,6550,6575,6550,0
2022-08-12 12:13:00,6575,6550,6575,6550,0
2022-08-12 12:14:00,6575,6550,6575,6550,0
2022-08-12 12:15:00,6575,6550,6575,6550,0
2022-08-12 12:16:00,6575,6550,6575,6550,0
2022-08-12 12:17:00,6575,6550,6575,6550,0
2022-08-12 12:18:00,6575,6550,6575,6550,0
2022-08-12 12:19:00,6575,6550,6575,6550,0
2022-08-12 12:20:00,6575,6550,6575,6550,0
2022-08-12 12:21:00,6575,6550,6575,6550,0
2022-08-12 12:22:00,6575,6550,6575,6550,0
2022-08-12 12:23:00,6575,6550,6575,6550,0
2022-08-12 12:24:00,6575,6550,6575,6550,0
2022-08-12 12:25:00,6575,6550,6575,6550,0
2022-08-12 12:26:00,6575,6550,6575,6550,0
2022-08-12 12:27:00,6575,6550,6575,6550,0
2022-08-12 12:28:00,6575,6550,6575,6550,0
2022-08-12 12:29:00,6575,6550,6575,6550,0
2022-08-12 12:30:00,6575,6550,6575,6550,0
2022-08-12 12:31:00,6575,6550,6575,6550,0
2022-08-12 12:32:00,6575,6550,6575,6550,0
2022-08-12 12:33:00,6575,6550,6575,6550,0
2022-08-12 12:34:00,6575,6550,6575,6550,0
2022-08-12 12:35:00,6575,6550,6575,6550,0
2022-08-12 12:36:00,6575,6550,6575,6550,0
2022-08-12 12:37:00,6575,6550,6575,6550,0
2022-08-12 12:38:00,6575,6550,6575,6550,0
2022-08-12 12:39:00,6575,6550,6575,6550,0
2022-08-12 12:40:00,6575,6550,6575,6550,0
2022-08-12 12:41:00,6575,6550,6575,6550,0
2022-08-12 12:42:00,6575,6550,6575,6550,0
2022-08-12 12:43:00,6575,6550,6575,6550,0
2022-08-12 12:44:00,6575,6550,6575,6550,0
2022-08-12 12:45:00,6575,6550,6575,6550,0
2022-08-12 12:46:00,6575,6550,6575,6550,0
2022-08-12 12:47:00,6575,6550,6575,6550,0
2022-08-12 12:48:00,6575,6550,6575,6550,0
2022-08-12 12:49:00,6575,6550,6575,6550,0
2022-08-12 12:50:00,6575,6550,6575,6550,0
2022-08-12 12:51:00,6575,6550,6575,6550,0
2022-08-12 12:52:00,6575,6550,6575,6550,0
2022-08-12 12:53:00,6575,6550,6575,6550,0
2022-08-12 12:54:00,6575,6550,6575,6550,0
2022-08-12 12:55:00,6575,6550,6575,6550,0
2022-08-12 12:56:00,6575,6550,6575,6550,0
2022-08-12 12:57:00,6575,6550,6575,6550,0
2022-08-12 12:58:00,6575,6550,6575,6550,0
2022-08-12 12:59:00,6575,6550,6575,6550,0
2022-08-12 13:00:00,6575,6550,6575,6550,0
2022-08-12 13:01:00,6575,6550,6575,6550,0
2022-08-12 13:02:00,6575,6550,6575,6550,0
2022-08-12 13:03:00,6575,6550,6575,6550,0
2022-08-12 13:04:00,6575,6550,6575,6550,0
2022-08-12 13:05:00,6575,6550,6575,6550,0
2022-08-12 13:06:00,6575,6550,6575,6550,0
2022-08-12 13:07:00,6575,6550,6575,6550,0
2022-08-12 13:08:00,6575,6550,6575,6550,0
2022-08-12 13:09:00,6575,6550,6575,6550,0
2022-08-12 13:10:00,6575,6550,6575,6550,0
2022-08-12 13:11:00,6575,6550,6575,6550,0
2022-08-12 13:12:00,6575,6550,6575,6550,0
2022-08-12 13:13:00,6575,6550,6575,6550,0
2022-08-12 13:14:00,6575,6550,6575,6550,0
2022-08-12 13:15:00,6575,6550,6575,6550,0
2022-08-12 13:16:00,6575,6550,6575,6550,0
2022-08-12 13:17:00,6575,6550,6575,6550,0
2022-08-12 13:18:00,6575,6550,6575,6550,0
2022-08-12 13:19:00,6575,6550,6575,6550,0
2022-08-12 13:20:00,6575,6550,6575,6550,0
2022-08-12 13:21:00,6575,6550,6575,6550,0
2022-08-12 13:22:00,6575,6550,6575,6550,0
2022-08-12 13:23:00,6575,6550,6575,6550,0
2022-08-12 13:24:00,6575,6550,6575,6550,0
2022-08-12 13:25:00,6575,6550,6575,6550,0
2022-08-12 13:26:00,6575,6550,6575,6550,0
2022-08-12 13:27:00,6575,6550,6575,6550,0
2022-08-12 13:28:00,6575,6550,6575,6550,0
2022-08-12 13:29:00,6575,6550,6575,6550,0
2022-08-12 13:30:00,6575,6550,6575,6575,10900
2022-08-12 13:31:00,6575,6575,6575,6575,1000
2022-08-12 13:32:00,6575,6550,6575,6550,2200
2022-08-12 13:33:00,6575,6550,6575,6550,5900
2022-08-12 13:34:00,6550,6550,6575,6575,500
2022-08-12 13:35:00,6550,6550,6575,6575,0
2022-08-12 13:36:00,6575,6550,6575,6550,1600
2022-08-12 13:37:00,6550,6550,6550,6550,5300
2022-08-12 13:38:00,6550,6550,6550,6550,300
2022-08-12 13:39:00,6550,6550,6575,6575,35500
2022-08-12 13:40:00,6575,6550,6575,6550,40700
2022-08-12 13:41:00,6550,6550,6550,6550,0
2022-08-12 13:42:00,6550,6550,6550,6550,1300
2022-08-12 13:43:00,6550,6550,6575,6575,12200
2022-08-12 13:44:00,6550,6550,6550,6550,8500
2022-08-12 13:45:00,6550,6550,6550,6550,0
2022-08-12 13:46:00,6550,6550,6550,6550,19200
2022-08-12 13:47:00,6550,6550,6550,6550,5300
2022-08-12 13:48:00,6550,6550,6550,6550,0
2022-08-12 13:49:00,6525,6525,6550,6550,7100
2022-08-12 13:50:00,6525,6525,6550,6550,0
2022-08-12 13:51:00,6550,6550,6550,6550,15700
2022-08-12 13:52:00,6550,6550,6550,6550,3200
2022-08-12 13:53:00,6550,6525,6550,6550,36100
2022-08-12 13:54:00,6550,6525,6550,6550,0
2022-08-12 13:55:00,6550,6550,6550,6550,3500
2022-08-12 13:56:00,6550,6550,6550,6550,100
2022-08-12 13:57:00,6550,6550,6550,6550,0
2022-08-12 13:58:00,6525,6525,6525,6525,46100
2022-08-12 13:59:00,6525,6500,6525,6525,34800
2022-08-12 14:00:00,6525,6525,6525,6525,6800
2022-08-12 14:01:00,6525,6500,6525,6500,2100
2022-08-12 14:02:00,6525,6525,6525,6525,3800
2022-08-12 14:03:00,6525,6525,6525,6525,400
2022-08-12 14:04:00,6525,6525,6525,6525,18800
2022-08-12 14:05:00,6525,6525,6525,6525,26600
2022-08-12 14:06:00,6525,6525,6525,6525,13700
2022-08-12 14:07:00,6500,6500,6525,6525,27600
2022-08-12 14:08:00,6525,6525,6525,6525,3200
2022-08-12 14:09:00,6525,6525,6525,6525,200
2022-08-12 14:10:00,6525,6525,6525,6525,7900
2022-08-12 14:11:00,6525,6525,6525,6525,0
2022-08-12 14:12:00,6550,6550,6550,6550,12300
2022-08-12 14:13:00,6550,6525,6550,6550,500
2022-08-12 14:14:00,6550,6525,6550,6525,6400
2022-08-12 14:15:00,6525,6525,6525,6525,700
2022-08-12 14:16:00,6525,6525,6525,6525,500
2022-08-12 14:17:00,6525,6525,6550,6550,200
2022-08-12 14:18:00,6550,6525,6550,6525,200
2022-08-12 14:19:00,6525,6525,6550,6550,400
2022-08-12 14:20:00,6550,6550,6550,6550,100
2022-08-12 14:21:00,6550,6550,6550,6550,900
2022-08-12 14:22:00,6550,6525,6550,6525,200
2022-08-12 14:23:00,6550,6550,6550,6550,500
2022-08-12 14:24:00,6525,6525,6525,6525,400
2022-08-12 14:25:00,6550,6550,6550,6550,900
2022-08-12 14:26:00,6525,6525,6525,6525,100
2022-08-12 14:27:00,6525,6525,6525,6525,10700
2022-08-12 14:28:00,6525,6525,6550,6525,1800
2022-08-12 14:29:00,6525,6525,6550,6525,0
2022-08-12 14:30:00,6550,6550,6550,6550,1000
2022-08-12 14:31:00,6550,6550,6550,6550,2000
2022-08-12 14:32:00,6550,6550,6550,6550,1700
2022-08-12 14:33:00,6550,6550,6550,6550,0
2022-08-12 14:34:00,6550,6550,6550,6550,18200
2022-08-12 14:35:00,6550,6550,6550,6550,0
2022-08-12 14:36:00,6550,6550,6550,6550,3400
2022-08-12 14:37:00,6550,6525,6550,6550,111100
2022-08-12 14:38:00,6550,6525,6550,6550,0
2022-08-12 14:39:00,6525,6525,6525,6525,2100
2022-08-12 14:40:00,6525,6525,6525,6525,0
2022-08-12 14:41:00,6525,6525,6525,6525,20200
2022-08-12 14:42:00,6525,6525,6550,6525,21300
2022-08-12 14:43:00,6525,6525,6525,6525,25900
2022-08-12 14:44:00,6525,6500,6525,6525,30400
2022-08-12 14:45:00,6525,6525,6525,6525,0
2022-08-12 14:46:00,6525,6525,6525,6525,0
2022-08-12 14:47:00,6525,6525,6550,6550,400
2022-08-12 14:48:00,6525,6525,6550,6550,6700
2022-08-12 14:49:00,6525,6525,6550,6550,13500
2022-08-12 14:50:00,6525,6525,6550,6550,0
2022-08-12 14:51:00,6525,6525,6550,6550,0
2022-08-12 14:52:00,6525,6525,6550,6550,0
2022-08-12 14:53:00,6525,6525,6550,6550,0
2022-08-12 14:54:00,6525,6525,6550,6550,0
2022-08-12 14:55:00,6525,6525,6550,6550,0
2022-08-12 14:56:00,6525,6525,6550,6550,0
2022-08-12 14:57:00,6525,6525,6550,6550,0
2022-08-12 14:58:00,6525,6525,6550,6550,0
2022-08-12 14:59:00,6525,6525,6550,6550,0
2022-08-12 15:00:00,6550,6550,6550,6550,123000
2022-08-12 15:01:00,6550,6550,6550,6550,17600
2022-08-12 15:02:00,6550,6550,6550,6550,0
2022-08-12 15:03:00,6550,6550,6550,6550,0
2022-08-12 15:04:00,6550,6550,6550,6550,400
2022-08-12 15:05:00,6550,6550,6550,6550,3200
2022-08-12 15:06:00,6550,6550,6550,6550,8900
2022-08-12 15:07:00,6550,6550,6550,6550,1000
2022-08-12 15:08:00,6550,6550,6550,6550,3800
2022-08-12 15:09:00,6550,6550,6550,6550,0
2022-08-12 15:10:00,6550,6550,6550,6550,600
2022-08-12 15:11:00,6550,6550,6550,6550,0
2022-08-12 15:12:00,6550,6550,6550,6550,0
2022-08-12 15:13:00,6550,6550,6550,6550,0
2022-08-12 15:14:00,6550,6550,6550,6550,0
2022-08-12 15:15:00,6550,6550,6550,6550,0
2022-08-12 15:16:00,6550,6550,6550,6550,0
2022-08-12 15:17:00,6550,6550,6550,6550,0
2022-08-12 15:18:00,6550,6550,6550,6550,0
2022-08-12 15:19:00,6550,6550,6550,6550,0
2022-08-12 15:20:00,6550,6550,6550,6550,0
2022-08-12 15:21:00,6550,6550,6550,6550,0
2022-08-12 15:22:00,6550,6550,6550,6550,0
2022-08-12 15:23:00,6550,6550,6550,6550,0
2022-08-12 15:24:00,6550,6550,6550,6550,0
2022-08-12 15:25:00,6550,6550,6550,6550,0
2022-08-12 15:26:00,6550,6550,6550,6550,0
2022-08-12 15:27:00,6550,6550,6550,6550,0
2022-08-12 15:28:00,6550,6550,6550,6550,0
2022-08-12 15:29:00,6550,6550,6550,6550,0
2022-08-12 15:30:00,6550,6550,6550,6550,0
2022-08-12 15:31:00,6550,6550,6550,6550,0
2022-08-12 15:32:00,6550,6550,6550,6550,0
2022-08-12 15:33:00,6550,6550,6550,6550,0
2022-08-12 15:34:00,6550,6550,6550,6550,0
2022-08-12 15:35:00,6550,6550,6550,6550,0
2022-08-12 15:36:00,6550,6550,6550,6550,0
2022-08-12 15:37:00,6550,6550,6550,6550,0
2022-08-12 15:38:00,6550,6550,6550,6550,0
2022-08-12 15:39:00,6550,6550,6550,6550,0
2022-08-12 15:40:00,6550,6550,6550,6550,0
2022-08-12 15:41:00,6550,6550,6550,6550,0
2022-08-12 15:42:00,6550,6550,6550,6550,0
2022-08-12 15:43:00,6550,6550,6550,6550,0
2022-08-12 15:44:00,6550,6550,6550,6550,0
2022-08-12 15:45:00,6550,6550,6550,6550,0
2022-08-12 15:46:00,6550,6550,6550,6550,0
2022-08-12 15:47:00,6550,6550,6550,6550,0
2022-08-12 15:48:00,6550,6550,6550,6550,0
2022-08-12 15:49:00,6550,6550,6550,6550,0
2022-08-12 15:50:00,6550,6550,6550,6550,0
2022-08-12 15:51:00,6550,6550,6550,6550,0
2022-08-12 15:52:00,6550,6550,6550,6550,0
2022-08-12 15:53:00,6550,6550,6550,6550,0
2022-08-12 15:54:00,6550,6550,6550,6550,0
2022-08-12 15:55:00,6550,6550,6550,6550,0
2022-08-12 15:56:00,6550,6550,6550,6550,0
2022-08-12 15:57:00,6550,6550,6550,6550,0
2022-08-12 15:58:00,6550,6550,6550,6550,0
2022-08-12 15:59:00,6550,6550,6550,6550,0
2022-08-15 09:00:00,6550,6550,6600,6600,0
2022-08-15 09:01:00,6600,6550,6600,6550,23100
2022-08-15 09:02:00,6575,6575,6575,6575,14400
2022-08-15 09:03:00,6575,6575,6600,6600,4800
2022-08-15 09:04:00,6600,6600,6600,6600,3800
2022-08-15 09:05:00,6600,6575,6625,6625,82500
2022-08-15 09:06:00,6625,6600,6625,6625,3200
2022-08-15 09:07:00,6625,6625,6625,6625,19100
2022-08-15 09:08:00,6625,6600,6625,6625,8500
2022-08-15 09:09:00,6625,6600,6625,6625,12600
2022-08-15 09:10:00,6625,6625,6625,6625,8800
2022-08-15 09:11:00,6625,6600,6625,6625,11900
2022-08-15 09:12:00,6625,6600,6625,6600,60600
2022-08-15 09:13:00,6625,6600,6625,6625,33200
2022-08-15 09:14:00,6625,6600,6625,6625,8500
2022-08-15 09:15:00,6625,6600,6625,6625,1200
2022-08-15 09:16:00,6625,6625,6625,6625,3700
2022-08-15 09:17:00,6625,6600,6625,6625,7200
2022-08-15 09:18:00,6625,6600,6625,6625,3300
2022-08-15 09:19:00,6600,6575,6625,6575,122500
2022-08-15 09:20:00,6575,6575,6600,6600,16600
2022-08-15 09:21:00,6600,6575,6600,6575,47400
2022-08-15 09:22:00,6575,6575,6575,6575,3000
2022-08-15 09:23:00,6575,6575,6575,6575,800
2022-08-15 09:24:00,6575,6575,6600,6600,4600
2022-08-15 09:25:00,6600,6600,6600,6600,6400
2022-08-15 09:26:00,6600,6575,6600,6600,3800
2022-08-15 09:27:00,6600,6600,6600,6600,2300
2022-08-15 09:28:00,6600,6550,6600,6550,17300
2022-08-15 09:29:00,6575,6575,6575,6575,4700
2022-08-15 09:30:00,6575,6550,6575,6575,6900
2022-08-15 09:31:00,6575,6550,6575,6575,8900
2022-08-15 09:32:00,6575,6575,6575,6575,6000
2022-08-15 09:33:00,6575,6575,6575,6575,2100
2022-08-15 09:34:00,6575,6550,6575,6575,2700
2022-08-15 09:35:00,6575,6550,6575,6575,3800
2022-08-15 09:36:00,6575,6550,6575,6575,4000
2022-08-15 09:37:00,6575,6575,6575,6575,5100
2022-08-15 09:38:00,6575,6575,6575,6575,1600
2022-08-15 09:39:00,6575,6575,6575,6575,5300
2022-08-15 09:40:00,6575,6550,6575,6575,2300
2022-08-15 09:41:00,6575,6575,6575,6575,2300
2022-08-15 09:42:00,6575,6575,6575,6575,2700
2022-08-15 09:43:00,6575,6550,6575,6575,3300
2022-08-15 09:44:00,6575,6550,6575,6575,5800
2022-08-15 09:45:00,6575,6550,6575,6550,161000
2022-08-15 09:46:00,6550,6550,6550,6550,600
2022-08-15 09:47:00,6550,6550,6550,6550,2600
2022-08-15 09:48:00,6550,6550,6550,6550,3100
2022-08-15 09:49:00,6550,6550,6550,6550,2800
2022-08-15 09:50:00,6550,6550,6550,6550,2600
2022-08-15 09:51:00,6550,6550,6550,6550,2200
2022-08-15 09:52:00,6550,6550,6550,6550,2600
2022-08-15 09:53:00,6550,6550,6550,6550,6700
2022-08-15 09:54:00,6550,6550,6550,6550,2900
2022-08-15 09:55:00,6550,6525,6550,6550,40900
2022-08-15 09:56:00,6550,6525,6550,6550,18600
2022-08-15 09:57:00,6550,6550,6575,6575,8100
2022-08-15 09:58:00,6575,6575,6575,6575,3300
2022-08-15 09:59:00,6575,6575,6575,6575,600
2022-08-15 10:00:00,6575,6575,6575,6575,3700
2022-08-15 10:01:00,6575,6575,6575,6575,1900
2022-08-15 10:02:00,6575,6575,6575,6575,2300
2022-08-15 10:03:00,6575,6575,6575,6575,2400
2022-08-15 10:04:00,6575,6575,6575,6575,2000
2022-08-15 10:05:00,6575,6575,6575,6575,2400
2022-08-15 10:06:00,6575,6575,6575,6575,2000
2022-08-15 10:07:00,6575,6550,6575,6575,4100
2022-08-15 10:08:00,6575,6550,6575,6575,3300
2022-08-15 10:09:00,6575,6575,6575,6575,5000
2022-08-15 10:10:00,6575,6550,6575,6575,4400
2022-08-15 10:11:00,6575,6575,6575,6575,0
2022-08-15 10:12:00,6575,6550,6575,6575,9500
2022-08-15 10:13:00,6575,6575,6575,6575,14400
2022-08-15 10:14:00,6575,6575,6600,6600,4200
2022-08-15 10:15:00,6600,6600,6600,6600,0
2022-08-15 10:16:00,6600,6600,6600,6600,1700
2022-08-15 10:17:00,6600,6600,6600,6600,8100
2022-08-15 10:18:00,6600,6600,6600,6600,0
2022-08-15 10:19:00,6600,6600,6600,6600,3300
2022-08-15 10:20:00,6600,6600,6600,6600,1200
2022-08-15 10:21:00,6600,6600,6600,6600,12900
2022-08-15 10:22:00,6600,6600,6600,6600,0
2022-08-15 10:23:00,6600,6600,6600,6600,17200
2022-08-15 10:24:00,6600,6600,6600,6600,1200
2022-08-15 10:25:00,6600,6600,6600,6600,300
2022-08-15 10:26:00,6600,6575,6600,6600,6600
2022-08-15 10:27:00,6600,6600,6600,6600,8400
2022-08-15 10:28:00,6600,6600,6600,6600,300
2022-08-15 10:29:00,6600,6600,6600,6600,6200
2022-08-15 10:30:00,6600,6600,6600,6600,1100
2022-08-15 10:31:00,6600,6600,6600,6600,2600
2022-08-15 10:32:00,6600,6600,6600,6600,1100
2022-08-15 10:33:00,6600,6600,6600,6600,1800
2022-08-15 10:34:00,6600,6600,6600,6600,1500
2022-08-15 10:35:00,6600,6600,6600,6600,1600
2022-08-15 10:36:00,6600,6575,6600,6600,1900
2022-08-15 10:37:00,6600,6600,6600,6600,5600
2022-08-15 10:38:00,6600,6575,6600,6600,400
2022-08-15 10:39:00,6600,6600,6600,6600,1700
2022-08-15 10:40:00,6600,6575,6600,6600,1600
2022-08-15 10:41:00,6575,6575,6600,6600,8800
2022-08-15 10:42:00,6600,6600,6600,6600,1700
2022-08-15 10:43:00,6600,6600,6600,6600,1900
2022-08-15 10:44:00,6600,6575,6600,6600,3900
2022-08-15 10:45:00,6600,6600,6600,6600,2600
2022-08-15 10:46:00,6600,6600,6600,6600,2000
2022-08-15 10:47:00,6600,6600,6600,6600,2600
2022-08-15 10:48:00,6600,6600,6600,6600,3400
2022-08-15 10:49:00,6600,6600,6600,6600,1600
2022-08-15 10:50:00,6600,6600,6600,6600,2200
2022-08-15 10:51:00,6600,6600,6600,6600,21400
2022-08-15 10:52:00,6600,6600,6600,6600,1500
2022-08-15 10:53:00,6600,6600,6600,6600,3100
2022-08-15 10:54:00,6600,6600,6600,6600,1400
2022-08-15 10:55:00,6600,6600,6600,6600,1800
2022-08-15 10:56:00,6600,6600,6600,6600,1300
2022-08-15 10:57:00,6600,6600,6600,6600,1700
2022-08-15 10:58:00,6600,6600,6600,6600,2900
2022-08-15 10:59:00,6600,6600,6600,6600,1300
2022-08-15 11:00:00,6600,6575,6600,6600,15300
2022-08-15 11:01:00,6600,6600,6600,6600,1700
2022-08-15 11:02:00,6600,6575,6600,6600,8300
2022-08-15 11:03:00,6600,6600,6600,6600,2000
2022-08-15 11:04:00,6600,6600,6600,6600,1300
2022-08-15 11:05:00,6600,6600,6600,6600,6500
2022-08-15 11:06:00,6600,6600,6600,6600,1400
2022-08-15 11:07:00,6600,6600,6600,6600,1700
2022-08-15 11:08:00,6600,6600,6600,6600,14500
2022-08-15 11:09:00,6600,6600,6600,6600,400
2022-08-15 11:10:00,6600,6600,6600,6600,1400
2022-08-15 11:11:00,6600,6600,6600,6600,4400
2022-08-15 11:12:00,6600,6600,6600,6600,12400
2022-08-15 11:13:00,6600,6600,6600,6600,1500
2022-08-15 11:14:00,6600,6575,6600,6575,2200
2022-08-15 11:15:00,6600,6600,6600,6600,2100
2022-08-15 11:16:00,6600,6600,6600,6600,2500
2022-08-15 11:17:00,6600,6600,6600,6600,1800
2022-08-15 11:18:00,6600,6600,6600,6600,2200
2022-08-15 11:19:00,6600,6600,6600,6600,2200
2022-08-15 11:20:00,6600,6600,6600,6600,2500
2022-08-15 11:21:00,6600,6600,6600,6600,2000
2022-08-15 11:22:00,6600,6600,6600,6600,2000
2022-08-15 11:23:00,6600,6575,6600,6600,4200
2022-08-15 11:24:00,6600,6600,6600,6600,6100
2022-08-15 11:25:00,6600,6600,6600,6600,11200
2022-08-15 11:26:00,6600,6600,6600,6600,4700
2022-08-15 11:27:00,6600,6600,6600,6600,2100
2022-08-15 11:28:00,6600,6600,6600,6600,1700
2022-08-15 11:29:00,6600,6600,6600,6600,6600
2022-08-15 11:30:00,6600,6600,6600,6600,0
2022-08-15 11:31:00,6600,6600,6600,6600,0
2022-08-15 11:32:00,6600,6600,6600,6600,0
2022-08-15 11:33:00,6600,6600,6600,6600,0
2022-08-15 11:34:00,6600,6600,6600,6600,0
2022-08-15 11:35:00,6600,6600,6600,6600,0
2022-08-15 11:36:00,6600,6600,6600,6600,0
2022-08-15 11:37:00,6600,6600,6600,6600,0
2022-08-15 11:38:00,6600,6600,6600,6600,0
2022-08-15 11:39:00,6600,6600,6600,6600,0
2022-08-15 11:40:00,6600,6600,6600,6600,0
2022-08-15 11:41:00,6600,6600,6600,6600,0
2022-08-15 11:42:00,6600,6600,6600,6600,0
2022-08-15 11:43:00,6600,6600,6600,6600,0
2022-08-15 11:44:00,6600,6600,6600,6600,0
2022-08-15 11:45:00,6600,6600,6600,6600,0
2022-08-15 11:46:00,6600,6600,6600,6600,0
2022-08-15 11:47:00,6600,6600,6600,6600,0
2022-08-15 11:48:00,6600,6600,6600,6600,0
2022-08-15 11:49:00,6600,6600,6600,6600,0
2022-08-15 11:50:00,6600,6600,6600,6600,0
2022-08-15 11:51:00,6600,6600,6600,6600,0
2022-08-15 11:52:00,6600,6600,6600,6600,0
2022-08-15 11:53:00,6600,6600,6600,6600,0
2022-08-15 11:54:00,6600,6600,6600,6600,0
2022-08-15 11:55:00,6600,6600,6600,6600,0
2022-08-15 11:56:00,6600,6600,6600,6600,0
2022-08-15 11:57:00,6600,6600,6600,6600,0
2022-08-15 11:58:00,6600,6600,6600,6600,0
2022-08-15 11:59:00,6600,6600,6600,6600,0
2022-08-15 12:00:00,6600,6600,6600,6600,0
2022-08-15 12:01:00,6600,6600,6600,6600,0
2022-08-15 12:02:00,6600,6600,6600,6600,0
2022-08-15 12:03:00,6600,6600,6600,6600,0
2022-08-15 12:04:00,6600,6600,6600,6600,0
2022-08-15 12:05:00,6600,6600,6600,6600,0
2022-08-15 12:06:00,6600,6600,6600,6600,0
2022-08-15 12:07:00,6600,6600,6600,6600,0
2022-08-15 12:08:00,6600,6600,6600,6600,0
2022-08-15 12:09:00,6600,6600,6600,6600,0
2022-08-15 12:10:00,6600,6600,6600,6600,0
2022-08-15 12:11:00,6600,6600,6600,6600,0
2022-08-15 12:12:00,6600,6600,6600,6600,0
2022-08-15 12:13:00,6600,6600,6600,6600,0
2022-08-15 12:14:00,6600,6600,6600,6600,0
2022-08-15 12:15:00,6600,6600,6600,6600,0
2022-08-15 12:16:00,6600,6600,6600,6600,0
2022-08-15 12:17:00,6600,6600,6600,6600,0
2022-08-15 12:18:00,6600,6600,6600,6600,0
2022-08-15 12:19:00,6600,6600,6600,6600,0
2022-08-15 12:20:00,6600,6600,6600,6600,0
2022-08-15 12:21:00,6600,6600,6600,6600,0
2022-08-15 12:22:00,6600,6600,6600,6600,0
2022-08-15 12:23:00,6600,6600,6600,6600,0
2022-08-15 12:24:00,6600,6600,6600,6600,0
2022-08-15 12:25:00,6600,6600,6600,6600,0
2022-08-15 12:26:00,6600,6600,6600,6600,0
2022-08-15 12:27:00,6600,6600,6600,6600,0
2022-08-15 12:28:00,6600,6600,6600,6600,0
2022-08-15 12:29:00,6600,6600,6600,6600,0
2022-08-15 12:30:00,6600,6600,6600,6600,0
2022-08-15 12:31:00,6600,6600,6600,6600,0
2022-08-15 12:32:00,6600,6600,6600,6600,0
2022-08-15 12:33:00,6600,6600,6600,6600,0
2022-08-15 12:34:00,6600,6600,6600,6600,0
2022-08-15 12:35:00,6600,6600,6600,6600,0
2022-08-15 12:36:00,6600,6600,6600,6600,0
2022-08-15 12:37:00,6600,6600,6600,6600,0
2022-08-15 12:38:00,6600,6600,6600,6600,0
2022-08-15 12:39:00,6600,6600,6600,6600,0
2022-08-15 12:40:00,6600,6600,6600,6600,0
2022-08-15 12:41:00,6600,6600,6600,6600,0
2022-08-15 12:42:00,6600,6600,6600,6600,0
2022-08-15 12:43:00,6600,6600,6600,6600,0
2022-08-15 12:44:00,6600,6600,6600,6600,0
2022-08-15 12:45:00,6600,6600,6600,6600,0
2022-08-15 12:46:00,6600,6600,6600,6600,0
2022-08-15 12:47:00,6600,6600,6600,6600,0
2022-08-15 12:48:00,6600,6600,6600,6600,0
2022-08-15 12:49:00,6600,6600,6600,6600,0
2022-08-15 12:50:00,6600,6600,6600,6600,0
2022-08-15 12:51:00,6600,6600,6600,6600,0
2022-08-15 12:52:00,6600,6600,6600,6600,0
2022-08-15 12:53:00,6600,6600,6600,6600,0
2022-08-15 12:54:00,6600,6600,6600,6600,0
2022-08-15 12:55:00,6600,6600,6600,6600,0
2022-08-15 12:56:00,6600,6600,6600,6600,0
2022-08-15 12:57:00,6600,6600,6600,6600,0
2022-08-15 12:58:00,6600,6600,6600,6600,0
2022-08-15 12:59:00,6600,6600,6600,6600,0
2022-08-15 13:00:00,6600,6600,6600,6600,0
2022-08-15 13:01:00,6600,6600,6600,6600,0
2022-08-15 13:02:00,6600,6600,6600,6600,0
2022-08-15 13:03:00,6600,6600,6600,6600,0
2022-08-15 13:04:00,6600,6600,6600,6600,0
2022-08-15 13:05:00,6600,6600,6600,6600,0
2022-08-15 13:06:00,6600,6600,6600,6600,0
2022-08-15 13:07:00,6600,6600,6600,6600,0
2022-08-15 13:08:00,6600,6600,6600,6600,0
2022-08-15 13:09:00,6600,6600,6600,6600,0
2022-08-15 13:10:00,6600,6600,6600,6600,0
2022-08-15 13:11:00,6600,6600,6600,6600,0
2022-08-15 13:12:00,6600,6600,6600,6600,0
2022-08-15 13:13:00,6600,6600,6600,6600,0
2022-08-15 13:14:00,6600,6600,6600,6600,0
2022-08-15 13:15:00,6600,6600,6600,6600,0
2022-08-15 13:16:00,6600,6600,6600,6600,0
2022-08-15 13:17:00,6600,6600,6600,6600,0
2022-08-15 13:18:00,6600,6600,6600,6600,0
2022-08-15 13:19:00,6600,6600,6600,6600,0
2022-08-15 13:20:00,6600,6600,6600,6600,0
2022-08-15 13:21:00,6600,6600,6600,6600,0
2022-08-15 13:22:00,6600,6600,6600,6600,0
2022-08-15 13:23:00,6600,6600,6600,6600,0
2022-08-15 13:24:00,6600,6600,6600,6600,0
2022-08-15 13:25:00,6600,6600,6600,6600,0
2022-08-15 13:26:00,6600,6600,6600,6600,0
2022-08-15 13:27:00,6600,6600,6600,6600,0
2022-08-15 13:28:00,6600,6600,6600,6600,0
2022-08-15 13:29:00,6600,6600,6600,6600,0
2022-08-15 13:30:00,6600,6575,6600,6600,20700
2022-08-15 13:31:00,6600,6600,6600,6600,14100
2022-08-15 13:32:00,6600,6600,6625,6625,13600
2022-08-15 13:33:00,6625,6625,6625,6625,2300
2022-08-15 13:34:00,6625,6625,6625,6625,2100
2022-08-15 13:35:00,6600,6600,6625,6625,13400
2022-08-15 13:36:00,6600,6600,6625,6625,5600
2022-08-15 13:37:00,6625,6625,6625,6625,8400
2022-08-15 13:38:00,6600,6600,6625,6625,2700
2022-08-15 13:39:00,6625,6600,6625,6625,19300
2022-08-15 13:40:00,6600,6600,6625,6625,500
2022-08-15 13:41:00,6625,6600,6625,6625,10800
2022-08-15 13:42:00,6600,6600,6625,6625,7900
2022-08-15 13:43:00,6600,6600,6625,6625,7500
2022-08-15 13:44:00,6625,6625,6625,6625,2900
2022-08-15 13:45:00,6600,6600,6625,6625,5900
2022-08-15 13:46:00,6625,6600,6625,6600,3400
2022-08-15 13:47:00,6600,6600,6625,6625,3900
2022-08-15 13:48:00,6600,6600,6625,6625,3800
2022-08-15 13:49:00,6625,6625,6625,6625,2700
2022-08-15 13:50:00,6625,6625,6625,6625,3400
2022-08-15 13:51:00,6625,6625,6625,6625,4400
2022-08-15 13:52:00,6600,6600,6625,6625,4100
2022-08-15 13:53:00,6625,6600,6625,6625,12600
2022-08-15 13:54:00,6625,6625,6625,6625,3100
2022-08-15 13:55:00,6625,6625,6625,6625,2800
2022-08-15 13:56:00,6625,6625,6625,6625,12300
2022-08-15 13:57:00,6625,6625,6625,6625,4300
2022-08-15 13:58:00,6625,6625,6625,6625,8800
2022-08-15 13:59:00,6625,6625,6625,6625,26600
2022-08-15 14:00:00,6625,6625,6625,6625,4800
2022-08-15 14:01:00,6625,6625,6625,6625,3200
2022-08-15 14:02:00,6625,6600,6650,6650,107700
2022-08-15 14:03:00,6625,6625,6625,6625,11300
2022-08-15 14:04:00,6625,6600,6625,6625,16800
2022-08-15 14:05:00,6625,6625,6625,6625,3300
2022-08-15 14:06:00,6625,6600,6625,6625,2400
2022-08-15 14:07:00,6625,6625,6625,6625,3200
2022-08-15 14:08:00,6625,6625,6625,6625,2900
2022-08-15 14:09:00,6625,6625,6625,6625,5600
2022-08-15 14:10:00,6625,6625,6625,6625,3400
2022-08-15 14:11:00,6625,6625,6625,6625,3100
2022-08-15 14:12:00,6600,6600,6625,6625,2900
2022-08-15 14:13:00,6625,6625,6625,6625,2300
2022-08-15 14:14:00,6625,6625,6625,6625,3500
2022-08-15 14:15:00,6625,6600,6625,6625,7400
2022-08-15 14:16:00,6625,6625,6625,6625,55900
2022-08-15 14:17:00,6625,6625,6625,6625,2400
2022-08-15 14:18:00,6625,6625,6625,6625,4000
2022-08-15 14:19:00,6600,6600,6625,6625,4800
2022-08-15 14:20:00,6625,6600,6625,6625,4600
2022-08-15 14:21:00,6625,6625,6625,6625,0
2022-08-15 14:22:00,6625,6625,6625,6625,11200
2022-08-15 14:23:00,6625,6600,6625,6625,1400
2022-08-15 14:24:00,6625,6600,6625,6625,4400
2022-08-15 14:25:00,6625,6600,6625,6625,11500
2022-08-15 14:26:00,6600,6600,6625,6625,1600
2022-08-15 14:27:00,6625,6600,6625,6600,4900
2022-08-15 14:28:00,6625,6600,6625,6625,12200
2022-08-15 14:29:00,6625,6600,6625,6625,12300
2022-08-15 14:30:00,6625,6600,6625,6600,2400
2022-08-15 14:31:00,6625,6600,6625,6625,9600
2022-08-15 14:32:00,6625,6600,6625,6625,3800
2022-08-15 14:33:00,6625,6600,6625,6600,4000
2022-08-15 14:34:00,6625,6600,6625,6625,30100
2022-08-15 14:35:00,6625,6600,6625,6600,3700
2022-08-15 14:36:00,6600,6600,6600,6600,1100
2022-08-15 14:37:00,6600,6600,6600,6600,35400
2022-08-15 14:38:00,6600,6600,6625,6600,65400
2022-08-15 14:39:00,6600,6600,6625,6600,62300
2022-08-15 14:40:00,6600,6575,6600,6575,36400
2022-08-15 14:41:00,6600,6600,6600,6600,0
2022-08-15 14:42:00,6575,6575,6600,6600,3800
2022-08-15 14:43:00,6600,6600,6600,6600,0
2022-08-15 14:44:00,6600,6575,6600,6600,4500
2022-08-15 14:45:00,6600,6575,6600,6575,6300
2022-08-15 14:46:00,6600,6575,6600,6575,0
2022-08-15 14:47:00,6575,6575,6575,6575,3700
2022-08-15 14:48:00,6600,6575,6600,6600,12300
2022-08-15 14:49:00,6600,6575,6600,6575,59000
2022-08-15 14:50:00,6600,6575,6600,6575,0
2022-08-15 14:51:00,6600,6575,6600,6575,0
2022-08-15 14:52:00,6600,6575,6600,6575,0
2022-08-15 14:53:00,6600,6575,6600,6575,0
2022-08-15 14:54:00,6600,6575,6600,6575,0
2022-08-15 14:55:00,6600,6575,6600,6575,0
2022-08-15 14:56:00,6600,6575,6600,6575,0
2022-08-15 14:57:00,6600,6575,6600,6575,0
2022-08-15 14:58:00,6600,6575,6600,6575,0
2022-08-15 14:59:00,6600,6575,6600,6575,0
2022-08-15 15:00:00,6600,6600,6600,6600,83800
2022-08-15 15:01:00,6600,6600,6600,6600,12700
2022-08-15 15:02:00,6600,6600,6600,6600,91700
2022-08-15 15:03:00,6600,6600,6600,6600,0
2022-08-15 15:04:00,6600,6600,6600,6600,200000
2022-08-15 15:05:00,6600,6600,6600,6600,0
2022-08-15 15:06:00,6600,6600,6600,6600,4000
2022-08-15 15:07:00,6600,6600,6600,6600,22500
2022-08-15 15:08:00,6600,6600,6600,6600,0
2022-08-15 15:09:00,6600,6600,6600,6600,0
2022-08-15 15:10:00,6600,6600,6600,6600,8500
2022-08-15 15:11:00,6600,6600,6600,6600,0
2022-08-15 15:12:00,6600,6600,6600,6600,700
2022-08-15 15:13:00,6600,6600,6600,6600,0
2022-08-15 15:14:00,6600,6600,6600,6600,0
2022-08-15 15:15:00,6600,6600,6600,6600,0
2022-08-15 15:16:00,6600,6600,6600,6600,0
2022-08-15 15:17:00,6600,6600,6600,6600,0
2022-08-15 15:18:00,6600,6600,6600,6600,0
2022-08-15 15:19:00,6600,6600,6600,6600,0
2022-08-15 15:20:00,6600,6600,6600,6600,0
2022-08-15 15:21:00,6600,6600,6600,6600,0
2022-08-15 15:22:00,6600,6600,6600,6600,0
2022-08-15 15:23:00,6600,6600,6600,6600,0
2022-08-15 15:24:00,6600,6600,6600,6600,0
2022-08-15 15:25:00,6600,6600,6600,6600,0
2022-08-15 15:26:00,6600,6600,6600,6600,0
2022-08-15 15:27:00,6600,6600,6600,6600,0
2022-08-15 15:28:00,6600,6600,6600,6600,0
2022-08-15 15:29:00,6600,6600,6600,6600,0
2022-08-15 15:30:00,6600,6600,6600,6600,0
2022-08-15 15:31:00,6600,6600,6600,6600,0
2022-08-15 15:32:00,6600,6600,6600,6600,0
2022-08-15 15:33:00,6600,6600,6600,6600,0
2022-08-15 15:34:00,6600,6600,6600,6600,0
2022-08-15 15:35:00,6600,6600,6600,6600,0
2022-08-15 15:36:00,6600,6600,6600,6600,0
2022-08-15 15:37:00,6600,6600,6600,6600,0
2022-08-15 15:38:00,6600,6600,6600,6600,0
2022-08-15 15:39:00,6600,6600,6600,6600,0
2022-08-15 15:40:00,6600,6600,6600,6600,0
2022-08-15 15:41:00,6600,6600,6600,6600,0
2022-08-15 15:42:00,6600,6600,6600,6600,0
2022-08-15 15:43:00,6600,6600,6600,6600,0
2022-08-15 15:44:00,6600,6600,6600,6600,0
2022-08-15 15:45:00,6600,6600,6600,6600,0
2022-08-15 15:46:00,6600,6600,6600,6600,0
2022-08-15 15:47:00,6600,6600,6600,6600,0
2022-08-15 15:48:00,6600,6600,6600,6600,0
2022-08-15 15:49:00,6600,6600,6600,6600,0
2022-08-15 15:50:00,6600,6600,6600,6600,0
2022-08-15 15:51:00,6600,6600,6600,6600,0
2022-08-15 15:52:00,6600,6600,6600,6600,0
2022-08-15 15:53:00,6600,6600,6600,6600,0
2022-08-15 15:54:00,6600,6600,6600,6600,0
2022-08-15 15:55:00,6600,6600,6600,6600,0
2022-08-15 15:56:00,6600,6600,6600,6600,0
2022-08-15 15:57:00,6600,6600,6600,6600,0
2022-08-15 15:58:00,6600,6600,6600,6600,0
2022-08-15 15:59:00,6600,6600,6600,6600,0
2022-08-16 09:00:00,6650,6600,6650,6625,13000
2022-08-16 09:01:00,6625,6625,6625,6625,600
2022-08-16 09:02:00,6600,6600,6600,6600,2400
2022-08-16 09:03:00,6600,6600,6625,6625,800
2022-08-16 09:04:00,6625,6600,6625,6625,7100
2022-08-16 09:05:00,6600,6600,6600,6600,10000
2022-08-16 09:06:00,6600,6600,6600,6600,0
2022-08-16 09:07:00,6600,6600,6600,6600,8500
2022-08-16 09:08:00,6600,6575,6625,6575,20000
2022-08-16 09:09:00,6575,6575,6575,6575,4800
2022-08-16 09:10:00,6575,6575,6575,6575,1500
2022-08-16 09:11:00,6575,6550,6575,6550,12400
2022-08-16 09:12:00,6550,6550,6575,6575,4100
2022-08-16 09:13:00,6550,6550,6575,6575,0
2022-08-16 09:14:00,6575,6575,6575,6575,11000
2022-08-16 09:15:00,6575,6575,6575,6575,1600
2022-08-16 09:16:00,6575,6575,6575,6575,0
2022-08-16 09:17:00,6575,6575,6575,6575,1600
2022-08-16 09:18:00,6575,6575,6575,6575,500
2022-08-16 09:19:00,6575,6575,6575,6575,0
2022-08-16 09:20:00,6600,6575,6600,6575,9700
2022-08-16 09:21:00,6600,6575,6600,6575,0
2022-08-16 09:22:00,6575,6575,6600,6575,0
2022-08-16 09:23:00,6575,6575,6575,6575,12400
2022-08-16 09:24:00,6575,6575,6575,6575,0
2022-08-16 09:25:00,6575,6575,6575,6575,3200
2022-08-16 09:26:00,6550,6550,6550,6550,3200
2022-08-16 09:27:00,6550,6550,6575,6575,0
2022-08-16 09:28:00,6575,6575,6575,6575,600
2022-08-16 09:29:00,6575,6550,6575,6575,3600
2022-08-16 09:30:00,6575,6550,6575,6575,0
2022-08-16 09:31:00,6575,6575,6575,6575,15900
2022-08-16 09:32:00,6575,6575,6575,6575,0
2022-08-16 09:33:00,6575,6575,6575,6575,500
2022-08-16 09:34:00,6575,6575,6575,6575,300
2022-08-16 09:35:00,6550,6550,6575,6575,1600
2022-08-16 09:36:00,6575,6575,6575,6575,200
2022-08-16 09:37:00,6575,6575,6575,6575,200
2022-08-16 09:38:00,6550,6550,6575,6575,3000
2022-08-16 09:39:00,6550,6550,6550,6550,8600
2022-08-16 09:40:00,6550,6550,6550,6550,0
2022-08-16 09:41:00,6550,6550,6550,6550,51400
2022-08-16 09:42:00,6550,6550,6550,6550,0
2022-08-16 09:43:00,6575,6575,6575,6575,100
2022-08-16 09:44:00,6575,6550,6575,6550,9200
2022-08-16 09:45:00,6575,6550,6575,6550,0
2022-08-16 09:46:00,6550,6550,6550,6550,0
2022-08-16 09:47:00,6550,6550,6550,6550,300
2022-08-16 09:48:00,6550,6550,6550,6550,2100
2022-08-16 09:49:00,6550,6550,6550,6550,0
2022-08-16 09:50:00,6550,6550,6550,6550,0
2022-08-16 09:51:00,6550,6550,6575,6575,400
2022-08-16 09:52:00,6575,6550,6575,6575,800
2022-08-16 09:53:00,6575,6550,6575,6575,0
2022-08-16 09:54:00,6575,6550,6575,6575,0
2022-08-16 09:55:00,6550,6550,6550,6550,200
2022-08-16 09:56:00,6550,6550,6575,6575,19000
2022-08-16 09:57:00,6550,6550,6550,6550,2600
2022-08-16 09:58:00,6575,6575,6575,6575,95700
2022-08-16 09:59:00,6575,6575,6575,6575,0
2022-08-16 10:00:00,6575,6575,6600,6600,100
2022-08-16 10:01:00,6575,6575,6575,6575,2100
2022-08-16 10:02:00,6575,6575,6600,6575,7500
2022-08-16 10:03:00,6600,6575,6600,6575,800
2022-08-16 10:04:00,6575,6575,6600,6575,7900
2022-08-16 10:05:00,6600,6600,6600,6600,0
2022-08-16 10:06:00,6575,6575,6575,6575,100
2022-08-16 10:07:00,6600,6575,6600,6575,400
2022-08-16 10:08:00,6575,6575,6575,6575,400
2022-08-16 10:09:00,6575,6575,6575,6575,1800
2022-08-16 10:10:00,6600,6575,6600,6600,0
2022-08-16 10:11:00,6600,6575,6600,6575,10300
2022-08-16 10:12:00,6575,6575,6575,6575,1400
2022-08-16 10:13:00,6575,6575,6575,6575,1500
2022-08-16 10:14:00,6575,6550,6575,6575,2200
2022-08-16 10:15:00,6575,6575,6575,6575,0
2022-08-16 10:16:00,6550,6550,6550,6550,900
2022-08-16 10:17:00,6550,6550,6550,6550,0
2022-08-16 10:18:00,6550,6550,6550,6550,300
2022-08-16 10:19:00,6550,6550,6550,6550,0
2022-08-16 10:20:00,6550,6550,6550,6550,0
2022-08-16 10:21:00,6550,6550,6550,6550,600
2022-08-16 10:22:00,6550,6550,6550,6550,0
2022-08-16 10:23:00,6550,6550,6550,6550,0
2022-08-16 10:24:00,6550,6550,6550,6550,0
2022-08-16 10:25:00,6550,6550,6550,6550,0
2022-08-16 10:26:00,6550,6550,6550,6550,4800
2022-08-16 10:27:00,6550,6550,6550,6550,0
2022-08-16 10:28:00,6550,6550,6550,6550,600
2022-08-16 10:29:00,6575,6575,6575,6575,0
2022-08-16 10:30:00,6575,6575,6575,6575,0
2022-08-16 10:31:00,6575,6550,6575,6550,1500
2022-08-16 10:32:00,6550,6550,6550,6550,0
2022-08-16 10:33:00,6550,6550,6550,6550,6900
2022-08-16 10:34:00,6550,6550,6550,6550,16700
2022-08-16 10:35:00,6550,6550,6550,6550,0
2022-08-16 10:36:00,6575,6575,6575,6575,2500
2022-08-16 10:37:00,6575,6550,6575,6575,3000
2022-08-16 10:38:00,6575,6550,6575,6575,0
2022-08-16 10:39:00,6575,6550,6575,6575,0
2022-08-16 10:40:00,6575,6575,6575,6575,1200
2022-08-16 10:41:00,6575,6575,6575,6575,0
2022-08-16 10:42:00,6550,6550,6550,6550,600
2022-08-16 10:43:00,6550,6550,6550,6550,0
2022-08-16 10:44:00,6575,6550,6575,6550,16000
2022-08-16 10:45:00,6550,6550,6550,6550,600
2022-08-16 10:46:00,6550,6550,6550,6550,0
2022-08-16 10:47:00,6575,6575,6575,6575,0
2022-08-16 10:48:00,6575,6575,6575,6575,0
2022-08-16 10:49:00,6575,6575,6575,6575,0
2022-08-16 10:50:00,6550,6550,6550,6550,100
2022-08-16 10:51:00,6550,6550,6550,6550,3100
2022-08-16 10:52:00,6550,6550,6550,6550,0
2022-08-16 10:53:00,6550,6550,6550,6550,3700
2022-08-16 10:54:00,6550,6550,6550,6550,14800
2022-08-16 10:55:00,6550,6550,6550,6550,400
2022-08-16 10:56:00,6550,6550,6550,6550,0
2022-08-16 10:57:00,6550,6550,6550,6550,0
2022-08-16 10:58:00,6575,6575,6575,6575,0
2022-08-16 10:59:00,6575,6575,6575,6575,0
2022-08-16 11:00:00,6575,6575,6575,6575,0
2022-08-16 11:01:00,6550,6550,6550,6550,17600
2022-08-16 11:02:00,6550,6550,6550,6550,87200
2022-08-16 11:03:00,6550,6550,6550,6550,3800
2022-08-16 11:04:00,6550,6550,6550,6550,30600
2022-08-16 11:05:00,6550,6550,6550,6550,5600
2022-08-16 11:06:00,6550,6550,6550,6550,0
2022-08-16 11:07:00,6550,6550,6550,6550,0
2022-08-16 11:08:00,6550,6550,6550,6550,0
2022-08-16 11:09:00,6550,6550,6550,6550,0
2022-08-16 11:10:00,6550,6550,6550,6550,600
2022-08-16 11:11:00,6575,6550,6575,6550,1500
2022-08-16 11:12:00,6550,6550,6550,6550,3000
2022-08-16 11:13:00,6550,6550,6550,6550,0
2022-08-16 11:14:00,6550,6550,6550,6550,27800
2022-08-16 11:15:00,6550,6550,6550,6550,0
2022-08-16 11:16:00,6525,6525,6525,6525,0
2022-08-16 11:17:00,6525,6525,6525,6525,9500
2022-08-16 11:18:00,6525,6525,6550,6550,0
2022-08-16 11:19:00,6550,6550,6550,6550,600
2022-08-16 11:20:00,6550,6550,6550,6550,0
2022-08-16 11:21:00,6550,6550,6550,6550,0
2022-08-16 11:22:00,6525,6525,6525,6525,1600
2022-08-16 11:23:00,6525,6525,6525,6525,3500
2022-08-16 11:24:00,6550,6525,6550,6525,1100
2022-08-16 11:25:00,6550,6525,6550,6550,10500
2022-08-16 11:26:00,6550,6525,6550,6550,0
2022-08-16 11:27:00,6550,6525,6550,6550,0
2022-08-16 11:28:00,6550,6525,6550,6525,2700
2022-08-16 11:29:00,6550,6550,6550,6550,0
2022-08-16 11:30:00,6550,6550,6550,6550,0
2022-08-16 11:31:00,6550,6550,6550,6550,0
2022-08-16 11:32:00,6550,6550,6550,6550,0
2022-08-16 11:33:00,6550,6550,6550,6550,0
2022-08-16 11:34:00,6550,6550,6550,6550,0
2022-08-16 11:35:00,6550,6550,6550,6550,0
2022-08-16 11:36:00,6550,6550,6550,6550,0
2022-08-16 11:37:00,6550,6550,6550,6550,0
2022-08-16 11:38:00,6550,6550,6550,6550,0
2022-08-16 11:39:00,6550,6550,6550,6550,0
2022-08-16 11:40:00,6550,6550,6550,6550,0
2022-08-16 11:41:00,6550,6550,6550,6550,0
2022-08-16 11:42:00,6550,6550,6550,6550,0
2022-08-16 11:43:00,6550,6550,6550,6550,0
2022-08-16 11:44:00,6550,6550,6550,6550,0
2022-08-16 11:45:00,6550,6550,6550,6550,0
2022-08-16 11:46:00,6550,6550,6550,6550,0
2022-08-16 11:47:00,6550,6550,6550,6550,0
2022-08-16 11:48:00,6550,6550,6550,6550,0
2022-08-16 11:49:00,6550,6550,6550,6550,0
2022-08-16 11:50:00,6550,6550,6550,6550,0
2022-08-16 11:51:00,6550,6550,6550,6550,0
2022-08-16 11:52:00,6550,6550,6550,6550,0
2022-08-16 11:53:00,6550,6550,6550,6550,0
2022-08-16 11:54:00,6550,6550,6550,6550,0
2022-08-16 11:55:00,6550,6550,6550,6550,0
2022-08-16 11:56:00,6550,6550,6550,6550,0
2022-08-16 11:57:00,6550,6550,6550,6550,0
2022-08-16 11:58:00,6550,6550,6550,6550,0
2022-08-16 11:59:00,6550,6550,6550,6550,0
2022-08-16 12:00:00,6550,6550,6550,6550,0
2022-08-16 12:01:00,6550,6550,6550,6550,0
2022-08-16 12:02:00,6550,6550,6550,6550,0
2022-08-16 12:03:00,6550,6550,6550,6550,0
2022-08-16 12:04:00,6550,6550,6550,6550,0
2022-08-16 12:05:00,6550,6550,6550,6550,0
2022-08-16 12:06:00,6550,6550,6550,6550,0
2022-08-16 12:07:00,6550,6550,6550,6550,0
2022-08-16 12:08:00,6550,6550,6550,6550,0
2022-08-16 12:09:00,6550,6550,6550,6550,0
2022-08-16 12:10:00,6550,6550,6550,6550,0
2022-08-16 12:11:00,6550,6550,6550,6550,0
2022-08-16 12:12:00,6550,6550,6550,6550,0
2022-08-16 12:13:00,6550,6550,6550,6550,0
2022-08-16 12:14:00,6550,6550,6550,6550,0
2022-08-16 12:15:00,6550,6550,6550,6550,0
2022-08-16 12:16:00,6550,6550,6550,6550,0
2022-08-16 12:17:00,6550,6550,6550,6550,0
2022-08-16 12:18:00,6550,6550,6550,6550,0
2022-08-16 12:19:00,6550,6550,6550,6550,0
2022-08-16 12:20:00,6550,6550,6550,6550,0
2022-08-16 12:21:00,6550,6550,6550,6550,0
2022-08-16 12:22:00,6550,6550,6550,6550,0
2022-08-16 12:23:00,6550,6550,6550,6550,0
2022-08-16 12:24:00,6550,6550,6550,6550,0
2022-08-16 12:25:00,6550,6550,6550,6550,0
2022-08-16 12:26:00,6550,6550,6550,6550,0
2022-08-16 12:27:00,6550,6550,6550,6550,0
2022-08-16 12:28:00,6550,6550,6550,6550,0
2022-08-16 12:29:00,6550,6550,6550,6550,0
2022-08-16 12:30:00,6550,6550,6550,6550,0
2022-08-16 12:31:00,6550,6550,6550,6550,0
2022-08-16 12:32:00,6550,6550,6550,6550,0
2022-08-16 12:33:00,6550,6550,6550,6550,0
2022-08-16 12:34:00,6550,6550,6550,6550,0
2022-08-16 12:35:00,6550,6550,6550,6550,0
2022-08-16 12:36:00,6550,6550,6550,6550,0
2022-08-16 12:37:00,6550,6550,6550,6550,0
2022-08-16 12:38:00,6550,6550,6550,6550,0
2022-08-16 12:39:00,6550,6550,6550,6550,0
2022-08-16 12:40:00,6550,6550,6550,6550,0
2022-08-16 12:41:00,6550,6550,6550,6550,0
2022-08-16 12:42:00,6550,6550,6550,6550,0
2022-08-16 12:43:00,6550,6550,6550,6550,0
2022-08-16 12:44:00,6550,6550,6550,6550,0
2022-08-16 12:45:00,6550,6550,6550,6550,0
2022-08-16 12:46:00,6550,6550,6550,6550,0
2022-08-16 12:47:00,6550,6550,6550,6550,0
2022-08-16 12:48:00,6550,6550,6550,6550,0
2022-08-16 12:49:00,6550,6550,6550,6550,0
2022-08-16 12:50:00,6550,6550,6550,6550,0
2022-08-16 12:51:00,6550,6550,6550,6550,0
2022-08-16 12:52:00,6550,6550,6550,6550,0
2022-08-16 12:53:00,6550,6550,6550,6550,0
2022-08-16 12:54:00,6550,6550,6550,6550,0
2022-08-16 12:55:00,6550,6550,6550,6550,0
2022-08-16 12:56:00,6550,6550,6550,6550,0
2022-08-16 12:57:00,6550,6550,6550,6550,0
2022-08-16 12:58:00,6550,6550,6550,6550,0
2022-08-16 12:59:00,6550,6550,6550,6550,0
2022-08-16 13:00:00,6550,6550,6550,6550,0
2022-08-16 13:01:00,6550,6550,6550,6550,0
2022-08-16 13:02:00,6550,6550,6550,6550,0
2022-08-16 13:03:00,6550,6550,6550,6550,0
2022-08-16 13:04:00,6550,6550,6550,6550,0
2022-08-16 13:05:00,6550,6550,6550,6550,0
2022-08-16 13:06:00,6550,6550,6550,6550,0
2022-08-16 13:07:00,6550,6550,6550,6550,0
2022-08-16 13:08:00,6550,6550,6550,6550,0
2022-08-16 13:09:00,6550,6550,6550,6550,0
2022-08-16 13:10:00,6550,6550,6550,6550,0
2022-08-16 13:11:00,6550,6550,6550,6550,0
2022-08-16 13:12:00,6550,6550,6550,6550,0
2022-08-16 13:13:00,6550,6550,6550,6550,0
2022-08-16 13:14:00,6550,6550,6550,6550,0
2022-08-16 13:15:00,6550,6550,6550,6550,0
2022-08-16 13:16:00,6550,6550,6550,6550,0
2022-08-16 13:17:00,6550,6550,6550,6550,0
2022-08-16 13:18:00,6550,6550,6550,6550,0
2022-08-16 13:19:00,6550,6550,6550,6550,0
2022-08-16 13:20:00,6550,6550,6550,6550,0
2022-08-16 13:21:00,6550,6550,6550,6550,0
2022-08-16 13:22:00,6550,6550,6550,6550,0
2022-08-16 13:23:00,6550,6550,6550,6550,0
2022-08-16 13:24:00,6550,6550,6550,6550,0
2022-08-16 13:25:00,6550,6550,6550,6550,0
2022-08-16 13:26:00,6550,6550,6550,6550,0
2022-08-16 13:27:00,6550,6550,6550,6550,0
2022-08-16 13:28:00,6550,6550,6550,6550,0
2022-08-16 13:29:00,6550,6550,6550,6550,0
2022-08-16 13:30:00,6550,6525,6550,6550,11100
2022-08-16 13:31:00,6550,6525,6550,6550,0
2022-08-16 13:32:00,6550,6525,6550,6525,700
2022-08-16 13:33:00,6525,6525,6525,6525,9000
2022-08-16 13:34:00,6525,6525,6550,6550,19600
2022-08-16 13:35:00,6525,6525,6550,6550,0
2022-08-16 13:36:00,6550,6525,6550,6525,3700
2022-08-16 13:37:00,6525,6525,6525,6525,1500
2022-08-16 13:38:00,6525,6525,6525,6525,500
2022-08-16 13:39:00,6550,6525,6550,6525,6500
2022-08-16 13:40:00,6525,6525,6525,6525,0
2022-08-16 13:41:00,6525,6525,6525,6525,800
2022-08-16 13:42:00,6525,6525,6525,6525,2400
2022-08-16 13:43:00,6525,6525,6550,6525,0
2022-08-16 13:44:00,6525,6525,6525,6525,0
2022-08-16 13:45:00,6525,6525,6525,6525,0
2022-08-16 13:46:00,6525,6525,6525,6525,100
2022-08-16 13:47:00,6525,6525,6525,6525,0
2022-08-16 13:48:00,6550,6525,6550,6550,7100
2022-08-16 13:49:00,6550,6525,6550,6550,0
2022-08-16 13:50:00,6550,6525,6550,6550,0
2022-08-16 13:51:00,6525,6525,6525,6525,500
2022-08-16 13:52:00,6550,6550,6550,6550,100
2022-08-16 13:53:00,6550,6550,6550,6550,0
2022-08-16 13:54:00,6550,6550,6550,6550,0
2022-08-16 13:55:00,6550,6550,6550,6550,0
2022-08-16 13:56:00,6550,6550,6550,6550,900
2022-08-16 13:57:00,6525,6525,6525,6525,7200
2022-08-16 13:58:00,6525,6525,6525,6525,3400
2022-08-16 13:59:00,6525,6525,6525,6525,10100
2022-08-16 14:00:00,6525,6525,6525,6525,0
2022-08-16 14:01:00,6525,6525,6525,6525,4900
2022-08-16 14:02:00,6525,6525,6525,6525,0
2022-08-16 14:03:00,6525,6525,6525,6525,0
2022-08-16 14:04:00,6525,6525,6525,6525,0
2022-08-16 14:05:00,6525,6525,6525,6525,12500
2022-08-16 14:06:00,6550,6525,6550,6525,10300
2022-08-16 14:07:00,6525,6525,6525,6525,4300
2022-08-16 14:08:00,6525,6525,6525,6525,0
2022-08-16 14:09:00,6525,6525,6525,6525,0
2022-08-16 14:10:00,6525,6525,6550,6525,500
2022-08-16 14:11:00,6550,6550,6550,6550,300
2022-08-16 14:12:00,6550,6550,6550,6550,200
2022-08-16 14:13:00,6550,6525,6550,6525,5800
2022-08-16 14:14:00,6525,6525,6525,6525,0
2022-08-16 14:15:00,6525,6525,6525,6525,0
2022-08-16 14:16:00,6550,6525,6550,6525,1400
2022-08-16 14:17:00,6525,6525,6525,6525,200
2022-08-16 14:18:00,6525,6525,6525,6525,1000
2022-08-16 14:19:00,6550,6525,6550,6550,2800
2022-08-16 14:20:00,6550,6525,6550,6550,0
2022-08-16 14:21:00,6550,6525,6550,6550,0
2022-08-16 14:22:00,6525,6525,6525,6525,100
2022-08-16 14:23:00,6525,6525,6525,6525,0
2022-08-16 14:24:00,6525,6525,6525,6525,300
2022-08-16 14:25:00,6525,6525,6525,6525,0
2022-08-16 14:26:00,6550,6550,6550,6550,100
2022-08-16 14:27:00,6525,6525,6525,6525,4300
2022-08-16 14:28:00,6550,6525,6550,6525,2600
2022-08-16 14:29:00,6550,6525,6550,6525,6000
2022-08-16 14:30:00,6550,6525,6550,6525,100
2022-08-16 14:31:00,6525,6525,6550,6550,500
2022-08-16 14:32:00,6525,6525,6550,6550,0
2022-08-16 14:33:00,6550,6525,6550,6525,1100
2022-08-16 14:34:00,6550,6525,6550,6525,0
2022-08-16 14:35:00,6525,6525,6525,6525,2100
2022-08-16 14:36:00,6525,6525,6525,6525,0
2022-08-16 14:37:00,6525,6525,6525,6525,900
2022-08-16 14:38:00,6525,6525,6525,6525,0
2022-08-16 14:39:00,6550,6525,6550,6525,12500
2022-08-16 14:40:00,6550,6525,6550,6525,0
2022-08-16 14:41:00,6525,6525,6525,6525,300
2022-08-16 14:42:00,6525,6525,6550,6550,8700
2022-08-16 14:43:00,6525,6525,6525,6525,2600
2022-08-16 14:44:00,6525,6525,6525,6525,0
2022-08-16 14:45:00,6550,6550,6550,6550,100
2022-08-16 14:46:00,6550,6525,6550,6525,1000
2022-08-16 14:47:00,6550,6550,6550,6550,8000
2022-08-16 14:48:00,6550,6525,6550,6550,1800
2022-08-16 14:49:00,6550,6525,6550,6550,14900
2022-08-16 14:50:00,6550,6525,6550,6550,0
2022-08-16 14:51:00,6550,6525,6550,6550,0
2022-08-16 14:52:00,6550,6525,6550,6550,0
2022-08-16 14:53:00,6550,6525,6550,6550,0
2022-08-16 14:54:00,6550,6525,6550,6550,0
2022-08-16 14:55:00,6550,6525,6550,6550,0
2022-08-16 14:56:00,6550,6525,6550,6550,0
2022-08-16 14:57:00,6550,6525,6550,6550,0
2022-08-16 14:58:00,6550,6525,6550,6550,0
2022-08-16 14:59:00,6550,6525,6550,6550,0
2022-08-16 15:00:00,6550,6550,6550,6550,96800
2022-08-16 15:01:00,6550,6550,6550,6550,20300
2022-08-16 15:02:00,6550,6550,6550,6550,5900
2022-08-16 15:03:00,6550,6550,6550,6550,1200
2022-08-16 15:04:00,6550,6550,6550,6550,0
2022-08-16 15:05:00,6550,6550,6550,6550,3700
2022-08-16 15:06:00,6550,6550,6550,6550,0
2022-08-16 15:07:00,6550,6550,6550,6550,4300
2022-08-16 15:08:00,6550,6550,6550,6550,100
2022-08-16 15:09:00,6550,6550,6550,6550,1000
2022-08-16 15:10:00,6550,6550,6550,6550,0
2022-08-16 15:11:00,6550,6550,6550,6550,0
2022-08-16 15:12:00,6550,6550,6550,6550,966700
2022-08-16 15:13:00,6550,6550,6550,6550,0
2022-08-16 15:14:00,6550,6550,6550,6550,0
2022-08-16 15:15:00,6550,6550,6550,6550,0
2022-08-16 15:16:00,6550,6550,6550,6550,0
2022-08-16 15:17:00,6550,6550,6550,6550,0
2022-08-16 15:18:00,6550,6550,6550,6550,0
2022-08-16 15:19:00,6550,6550,6550,6550,0
2022-08-16 15:20:00,6550,6550,6550,6550,0
2022-08-16 15:21:00,6550,6550,6550,6550,0
2022-08-16 15:22:00,6550,6550,6550,6550,0
2022-08-16 15:23:00,6550,6550,6550,6550,0
2022-08-16 15:24:00,6550,6550,6550,6550,0
2022-08-16 15:25:00,6550,6550,6550,6550,0
2022-08-16 15:26:00,6550,6550,6550,6550,0
2022-08-16 15:27:00,6550,6550,6550,6550,0
2022-08-16 15:28:00,6550,6550,6550,6550,0
2022-08-16 15:29:00,6550,6550,6550,6550,0
2022-08-16 15:30:00,6550,6550,6550,6550,0
2022-08-16 15:31:00,6550,6550,6550,6550,0
2022-08-16 15:32:00,6550,6550,6550,6550,0
2022-08-16 15:33:00,6550,6550,6550,6550,0
2022-08-16 15:34:00,6550,6550,6550,6550,0
2022-08-16 15:35:00,6550,6550,6550,6550,0
2022-08-16 15:36:00,6550,6550,6550,6550,0
2022-08-16 15:37:00,6550,6550,6550,6550,0
2022-08-16 15:38:00,6550,6550,6550,6550,0
2022-08-16 15:39:00,6550,6550,6550,6550,0
2022-08-16 15:40:00,6550,6550,6550,6550,0
2022-08-16 15:41:00,6550,6550,6550,6550,0
2022-08-16 15:42:00,6550,6550,6550,6550,0
2022-08-16 15:43:00,6550,6550,6550,6550,0
2022-08-16 15:44:00,6550,6550,6550,6550,0
2022-08-16 15:45:00,6550,6550,6550,6550,0
2022-08-16 15:46:00,6550,6550,6550,6550,0
2022-08-16 15:47:00,6550,6550,6550,6550,0
2022-08-16 15:48:00,6550,6550,6550,6550,0
2022-08-16 15:49:00,6550,6550,6550,6550,0
2022-08-16 15:50:00,6550,6550,6550,6550,0
2022-08-16 15:51:00,6550,6550,6550,6550,0
2022-08-16 15:52:00,6550,6550,6550,6550,0
2022-08-16 15:53:00,6550,6550,6550,6550,0
2022-08-16 15:54:00,6550,6550,6550,6550,0
2022-08-16 15:55:00,6550,6550,6550,6550,0
2022-08-16 15:56:00,6550,6550,6550,6550,0
2022-08-16 15:57:00,6550,6550,6550,6550,0
2022-08-16 15:58:00,6550,6550,6550,6550,0
2022-08-16 15:59:00,6550,6550,6550,6550,0
2022-08-17 09:00:00,6550,6550,6550,6550,0
2022-08-17 09:01:00,6550,6550,6550,6550,0
2022-08-17 09:02:00,6550,6550,6550,6550,0
2022-08-17 09:03:00,6550,6550,6550,6550,0
2022-08-17 09:04:00,6550,6550,6550,6550,0
2022-08-17 09:05:00,6550,6550,6550,6550,0
2022-08-17 09:06:00,6550,6550,6550,6550,0
2022-08-17 09:07:00,6550,6550,6550,6550,0
2022-08-17 09:08:00,6550,6550,6550,6550,0
2022-08-17 09:09:00,6550,6550,6550,6550,0
2022-08-17 09:10:00,6550,6550,6550,6550,0
2022-08-17 09:11:00,6550,6550,6550,6550,0
2022-08-17 09:12:00,6550,6550,6550,6550,0
2022-08-17 09:13:00,6550,6550,6550,6550,0
2022-08-17 09:14:00,6550,6550,6550,6550,0
2022-08-17 09:15:00,6550,6550,6550,6550,0
2022-08-17 09:16:00,6550,6550,6550,6550,0
2022-08-17 09:17:00,6550,6550,6550,6550,0
2022-08-17 09:18:00,6550,6550,6550,6550,0
2022-08-17 09:19:00,6550,6550,6550,6550,0
2022-08-17 09:20:00,6550,6550,6550,6550,0
2022-08-17 09:21:00,6550,6550,6550,6550,0
2022-08-17 09:22:00,6550,6550,6550,6550,0
2022-08-17 09:23:00,6550,6550,6550,6550,0
2022-08-17 09:24:00,6550,6550,6550,6550,0
2022-08-17 09:25:00,6550,6550,6550,6550,0
2022-08-17 09:26:00,6550,6550,6550,6550,0
2022-08-17 09:27:00,6550,6550,6550,6550,0
2022-08-17 09:28:00,6550,6550,6550,6550,0
2022-08-17 09:29:00,6550,6550,6550,6550,0
2022-08-17 09:30:00,6550,6550,6550,6550,0
2022-08-17 09:31:00,6550,6550,6550,6550,0
2022-08-17 09:32:00,6550,6550,6550,6550,0
2022-08-17 09:33:00,6550,6550,6550,6550,0
2022-08-17 09:34:00,6550,6550,6550,6550,0
2022-08-17 09:35:00,6550,6550,6550,6550,0
2022-08-17 09:36:00,6550,6550,6550,6550,0
2022-08-17 09:37:00,6550,6550,6550,6550,0
2022-08-17 09:38:00,6550,6550,6550,6550,0
2022-08-17 09:39:00,6550,6550,6550,6550,0
2022-08-17 09:40:00,6550,6550,6550,6550,0
2022-08-17 09:41:00,6550,6550,6550,6550,0
2022-08-17 09:42:00,6550,6550,6550,6550,0
2022-08-17 09:43:00,6550,6550,6550,6550,0
2022-08-17 09:44:00,6550,6550,6550,6550,0
2022-08-17 09:45:00,6550,6550,6550,6550,0
2022-08-17 09:46:00,6550,6550,6550,6550,0
2022-08-17 09:47:00,6550,6550,6550,6550,0
2022-08-17 09:48:00,6550,6550,6550,6550,0
2022-08-17 09:49:00,6550,6550,6550,6550,0
2022-08-17 09:50:00,6550,6550,6550,6550,0
2022-08-17 09:51:00,6550,6550,6550,6550,0
2022-08-17 09:52:00,6550,6550,6550,6550,0
2022-08-17 09:53:00,6550,6550,6550,6550,0
2022-08-17 09:54:00,6550,6550,6550,6550,0
2022-08-17 09:55:00,6550,6550,6550,6550,0
2022-08-17 09:56:00,6550,6550,6550,6550,0
2022-08-17 09:57:00,6550,6550,6550,6550,0
2022-08-17 09:58:00,6550,6550,6550,6550,0
2022-08-17 09:59:00,6550,6550,6550,6550,0
2022-08-17 10:00:00,6550,6550,6550,6550,0
2022-08-17 10:01:00,6550,6550,6550,6550,0
2022-08-17 10:02:00,6550,6550,6550,6550,0
2022-08-17 10:03:00,6550,6550,6550,6550,0
2022-08-17 10:04:00,6550,6550,6550,6550,0
2022-08-17 10:05:00,6550,6550,6550,6550,0
2022-08-17 10:06:00,6550,6550,6550,6550,0
2022-08-17 10:07:00,6550,6550,6550,6550,0
2022-08-17 10:08:00,6550,6550,6550,6550,0
2022-08-17 10:09:00,6550,6550,6550,6550,0
2022-08-17 10:10:00,6550,6550,6550,6550,0
2022-08-17 10:11:00,6550,6550,6550,6550,0
2022-08-17 10:12:00,6550,6550,6550,6550,0
2022-08-17 10:13:00,6550,6550,6550,6550,0
2022-08-17 10:14:00,6550,6550,6550,6550,0
2022-08-17 10:15:00,6550,6550,6550,6550,0
2022-08-17 10:16:00,6550,6550,6550,6550,0
2022-08-17 10:17:00,6550,6550,6550,6550,0
2022-08-17 10:18:00,6550,6550,6550,6550,0
2022-08-17 10:19:00,6550,6550,6550,6550,0
2022-08-17 10:20:00,6550,6550,6550,6550,0
2022-08-17 10:21:00,6550,6550,6550,6550,0
2022-08-17 10:22:00,6550,6550,6550,6550,0
2022-08-17 10:23:00,6550,6550,6550,6550,0
2022-08-17 10:24:00,6550,6550,6550,6550,0
2022-08-17 10:25:00,6550,6550,6550,6550,0
2022-08-17 10:26:00,6550,6550,6550,6550,0
2022-08-17 10:27:00,6550,6550,6550,6550,0
2022-08-17 10:28:00,6550,6550,6550,6550,0
2022-08-17 10:29:00,6550,6550,6550,6550,0
2022-08-17 10:30:00,6550,6550,6550,6550,0
2022-08-17 10:31:00,6550,6550,6550,6550,0
2022-08-17 10:32:00,6550,6550,6550,6550,0
2022-08-17 10:33:00,6550,6550,6550,6550,0
2022-08-17 10:34:00,6550,6550,6550,6550,0
2022-08-17 10:35:00,6550,6550,6550,6550,0
2022-08-17 10:36:00,6550,6550,6550,6550,0
2022-08-17 10:37:00,6550,6550,6550,6550,0
2022-08-17 10:38:00,6550,6550,6550,6550,0
2022-08-17 10:39:00,6550,6550,6550,6550,0
2022-08-17 10:40:00,6550,6550,6550,6550,0
2022-08-17 10:41:00,6550,6550,6550,6550,0
2022-08-17 10:42:00,6550,6550,6550,6550,0
2022-08-17 10:43:00,6550,6550,6550,6550,0
2022-08-17 10:44:00,6550,6550,6550,6550,0
2022-08-17 10:45:00,6550,6550,6550,6550,0
2022-08-17 10:46:00,6550,6550,6550,6550,0
2022-08-17 10:47:00,6550,6550,6550,6550,0
2022-08-17 10:48:00,6550,6550,6550,6550,0
2022-08-17 10:49:00,6550,6550,6550,6550,0
2022-08-17 10:50:00,6550,6550,6550,6550,0
2022-08-17 10:51:00,6550,6550,6550,6550,0
2022-08-17 10:52:00,6550,6550,6550,6550,0
2022-08-17 10:53:00,6550,6550,6550,6550,0
2022-08-17 10:54:00,6550,6550,6550,6550,0
2022-08-17 10:55:00,6550,6550,6550,6550,0
2022-08-17 10:56:00,6550,6550,6550,6550,0
2022-08-17 10:57:00,6550,6550,6550,6550,0
2022-08-17 10:58:00,6550,6550,6550,6550,0
2022-08-17 10:59:00,6550,6550,6550,6550,0
2022-08-17 11:00:00,6550,6550,6550,6550,0
2022-08-17 11:01:00,6550,6550,6550,6550,0
2022-08-17 11:02:00,6550,6550,6550,6550,0
2022-08-17 11:03:00,6550,6550,6550,6550,0
2022-08-17 11:04:00,6550,6550,6550,6550,0
2022-08-17 11:05:00,6550,6550,6550,6550,0
2022-08-17 11:06:00,6550,6550,6550,6550,0
2022-08-17 11:07:00,6550,6550,6550,6550,0
2022-08-17 11:08:00,6550,6550,6550,6550,0
2022-08-17 11:09:00,6550,6550,6550,6550,0
2022-08-17 11:10:00,6550,6550,6550,6550,0
2022-08-17 11:11:00,6550,6550,6550,6550,0
2022-08-17 11:12:00,6550,6550,6550,6550,0
2022-08-17 11:13:00,6550,6550,6550,6550,0
2022-08-17 11:14:00,6550,6550,6550,6550,0
2022-08-17 11:15:00,6550,6550,6550,6550,0
2022-08-17 11:16:00,6550,6550,6550,6550,0
2022-08-17 11:17:00,6550,6550,6550,6550,0
2022-08-17 11:18:00,6550,6550,6550,6550,0
2022-08-17 11:19:00,6550,6550,6550,6550,0
2022-08-17 11:20:00,6550,6550,6550,6550,0
2022-08-17 11:21:00,6550,6550,6550,6550,0
2022-08-17 11:22:00,6550,6550,6550,6550,0
2022-08-17 11:23:00,6550,6550,6550,6550,0
2022-08-17 11:24:00,6550,6550,6550,6550,0
2022-08-17 11:25:00,6550,6550,6550,6550,0
2022-08-17 11:26:00,6550,6550,6550,6550,0
2022-08-17 11:27:00,6550,6550,6550,6550,0
2022-08-17 11:28:00,6550,6550,6550,6550,0
2022-08-17 11:29:00,6550,6550,6550,6550,0
2022-08-17 11:30:00,6550,6550,6550,6550,0
2022-08-17 11:31:00,6550,6550,6550,6550,0
2022-08-17 11:32:00,6550,6550,6550,6550,0
2022-08-17 11:33:00,6550,6550,6550,6550,0
2022-08-17 11:34:00,6550,6550,6550,6550,0
2022-08-17 11:35:00,6550,6550,6550,6550,0
2022-08-17 11:36:00,6550,6550,6550,6550,0
2022-08-17 11:37:00,6550,6550,6550,6550,0
2022-08-17 11:38:00,6550,6550,6550,6550,0
2022-08-17 11:39:00,6550,6550,6550,6550,0
2022-08-17 11:40:00,6550,6550,6550,6550,0
2022-08-17 11:41:00,6550,6550,6550,6550,0
2022-08-17 11:42:00,6550,6550,6550,6550,0
2022-08-17 11:43:00,6550,6550,6550,6550,0
2022-08-17 11:44:00,6550,6550,6550,6550,0
2022-08-17 11:45:00,6550,6550,6550,6550,0
2022-08-17 11:46:00,6550,6550,6550,6550,0
2022-08-17 11:47:00,6550,6550,6550,6550,0
2022-08-17 11:48:00,6550,6550,6550,6550,0
2022-08-17 11:49:00,6550,6550,6550,6550,0
2022-08-17 11:50:00,6550,6550,6550,6550,0
2022-08-17 11:51:00,6550,6550,6550,6550,0
2022-08-17 11:52:00,6550,6550,6550,6550,0
2022-08-17 11:53:00,6550,6550,6550,6550,0
2022-08-17 11:54:00,6550,6550,6550,6550,0
2022-08-17 11:55:00,6550,6550,6550,6550,0
2022-08-17 11:56:00,6550,6550,6550,6550,0
2022-08-17 11:57:00,6550,6550,6550,6550,0
2022-08-17 11:58:00,6550,6550,6550,6550,0
2022-08-17 11:59:00,6550,6550,6550,6550,0
2022-08-17 12:00:00,6550,6550,6550,6550,0
2022-08-17 12:01:00,6550,6550,6550,6550,0
2022-08-17 12:02:00,6550,6550,6550,6550,0
2022-08-17 12:03:00,6550,6550,6550,6550,0
2022-08-17 12:04:00,6550,6550,6550,6550,0
2022-08-17 12:05:00,6550,6550,6550,6550,0
2022-08-17 12:06:00,6550,6550,6550,6550,0
2022-08-17 12:07:00,6550,6550,6550,6550,0
2022-08-17 12:08:00,6550,6550,6550,6550,0
2022-08-17 12:09:00,6550,6550,6550,6550,0
2022-08-17 12:10:00,6550,6550,6550,6550,0
2022-08-17 12:11:00,6550,6550,6550,6550,0
2022-08-17 12:12:00,6550,6550,6550,6550,0
2022-08-17 12:13:00,6550,6550,6550,6550,0
2022-08-17 12:14:00,6550,6550,6550,6550,0
2022-08-17 12:15:00,6550,6550,6550,6550,0
2022-08-17 12:16:00,6550,6550,6550,6550,0
2022-08-17 12:17:00,6550,6550,6550,6550,0
2022-08-17 12:18:00,6550,6550,6550,6550,0
2022-08-17 12:19:00,6550,6550,6550,6550,0
2022-08-17 12:20:00,6550,6550,6550,6550,0
2022-08-17 12:21:00,6550,6550,6550,6550,0
2022-08-17 12:22:00,6550,6550,6550,6550,0
2022-08-17 12:23:00,6550,6550,6550,6550,0
2022-08-17 12:24:00,6550,6550,6550,6550,0
2022-08-17 12:25:00,6550,6550,6550,6550,0
2022-08-17 12:26:00,6550,6550,6550,6550,0
2022-08-17 12:27:00,6550,6550,6550,6550,0
2022-08-17 12:28:00,6550,6550,6550,6550,0
2022-08-17 12:29:00,6550,6550,6550,6550,0
2022-08-17 12:30:00,6550,6550,6550,6550,0
2022-08-17 12:31:00,6550,6550,6550,6550,0
2022-08-17 12:32:00,6550,6550,6550,6550,0
2022-08-17 12:33:00,6550,6550,6550,6550,0
2022-08-17 12:34:00,6550,6550,6550,6550,0
2022-08-17 12:35:00,6550,6550,6550,6550,0
2022-08-17 12:36:00,6550,6550,6550,6550,0
2022-08-17 12:37:00,6550,6550,6550,6550,0
2022-08-17 12:38:00,6550,6550,6550,6550,0
2022-08-17 12:39:00,6550,6550,6550,6550,0
2022-08-17 12:40:00,6550,6550,6550,6550,0
2022-08-17 12:41:00,6550,6550,6550,6550,0
2022-08-17 12:42:00,6550,6550,6550,6550,0
2022-08-17 12:43:00,6550,6550,6550,6550,0
2022-08-17 12:44:00,6550,6550,6550,6550,0
2022-08-17 12:45:00,6550,6550,6550,6550,0
2022-08-17 12:46:00,6550,6550,6550,6550,0
2022-08-17 12:47:00,6550,6550,6550,6550,0
2022-08-17 12:48:00,6550,6550,6550,6550,0
2022-08-17 12:49:00,6550,6550,6550,6550,0
2022-08-17 12:50:00,6550,6550,6550,6550,0
2022-08-17 12:51:00,6550,6550,6550,6550,0
2022-08-17 12:52:00,6550,6550,6550,6550,0
2022-08-17 12:53:00,6550,6550,6550,6550,0
2022-08-17 12:54:00,6550,6550,6550,6550,0
2022-08-17 12:55:00,6550,6550,6550,6550,0
2022-08-17 12:56:00,6550,6550,6550,6550,0
2022-08-17 12:57:00,6550,6550,6550,6550,0
2022-08-17 12:58:00,6550,6550,6550,6550,0
2022-08-17 12:59:00,6550,6550,6550,6550,0
2022-08-17 13:00:00,6550,6550,6550,6550,0
2022-08-17 13:01:00,6550,6550,6550,6550,0
2022-08-17 13:02:00,6550,6550,6550,6550,0
2022-08-17 13:03:00,6550,6550,6550,6550,0
2022-08-17 13:04:00,6550,6550,6550,6550,0
2022-08-17 13:05:00,6550,6550,6550,6550,0
2022-08-17 13:06:00,6550,6550,6550,6550,0
2022-08-17 13:07:00,6550,6550,6550,6550,0
2022-08-17 13:08:00,6550,6550,6550,6550,0
2022-08-17 13:09:00,6550,6550,6550,6550,0
2022-08-17 13:10:00,6550,6550,6550,6550,0
2022-08-17 13:11:00,6550,6550,6550,6550,0
2022-08-17 13:12:00,6550,6550,6550,6550,0
2022-08-17 13:13:00,6550,6550,6550,6550,0
2022-08-17 13:14:00,6550,6550,6550,6550,0
2022-08-17 13:15:00,6550,6550,6550,6550,0
2022-08-17 13:16:00,6550,6550,6550,6550,0
2022-08-17 13:17:00,6550,6550,6550,6550,0
2022-08-17 13:18:00,6550,6550,6550,6550,0
2022-08-17 13:19:00,6550,6550,6550,6550,0
2022-08-17 13:20:00,6550,6550,6550,6550,0
2022-08-17 13:21:00,6550,6550,6550,6550,0
2022-08-17 13:22:00,6550,6550,6550,6550,0
2022-08-17 13:23:00,6550,6550,6550,6550,0
2022-08-17 13:24:00,6550,6550,6550,6550,0
2022-08-17 13:25:00,6550,6550,6550,6550,0
2022-08-17 13:26:00,6550,6550,6550,6550,0
2022-08-17 13:27:00,6550,6550,6550,6550,0
2022-08-17 13:28:00,6550,6550,6550,6550,0
2022-08-17 13:29:00,6550,6550,6550,6550,0
2022-08-17 13:30:00,6550,6550,6550,6550,0
2022-08-17 13:31:00,6550,6550,6550,6550,0
2022-08-17 13:32:00,6550,6550,6550,6550,0
2022-08-17 13:33:00,6550,6550,6550,6550,0
2022-08-17 13:34:00,6550,6550,6550,6550,0
2022-08-17 13:35:00,6550,6550,6550,6550,0
2022-08-17 13:36:00,6550,6550,6550,6550,0
2022-08-17 13:37:00,6550,6550,6550,6550,0
2022-08-17 13:38:00,6550,6550,6550,6550,0
2022-08-17 13:39:00,6550,6550,6550,6550,0
2022-08-17 13:40:00,6550,6550,6550,6550,0
2022-08-17 13:41:00,6550,6550,6550,6550,0
2022-08-17 13:42:00,6550,6550,6550,6550,0
2022-08-17 13:43:00,6550,6550,6550,6550,0
2022-08-17 13:44:00,6550,6550,6550,6550,0
2022-08-17 13:45:00,6550,6550,6550,6550,0
2022-08-17 13:46:00,6550,6550,6550,6550,0
2022-08-17 13:47:00,6550,6550,6550,6550,0
2022-08-17 13:48:00,6550,6550,6550,6550,0
2022-08-17 13:49:00,6550,6550,6550,6550,0
2022-08-17 13:50:00,6550,6550,6550,6550,0
2022-08-17 13:51:00,6550,6550,6550,6550,0
2022-08-17 13:52:00,6550,6550,6550,6550,0
2022-08-17 13:53:00,6550,6550,6550,6550,0
2022-08-17 13:54:00,6550,6550,6550,6550,0
2022-08-17 13:55:00,6550,6550,6550,6550,0
2022-08-17 13:56:00,6550,6550,6550,6550,0
2022-08-17 13:57:00,6550,6550,6550,6550,0
2022-08-17 13:58:00,6550,6550,6550,6550,0
2022-08-17 13:59:00,6550,6550,6550,6550,0
2022-08-17 14:00:00,6550,6550,6550,6550,0
2022-08-17 14:01:00,6550,6550,6550,6550,0
2022-08-17 14:02:00,6550,6550,6550,6550,0
2022-08-17 14:03:00,6550,6550,6550,6550,0
2022-08-17 14:04:00,6550,6550,6550,6550,0
2022-08-17 14:05:00,6550,6550,6550,6550,0
2022-08-17 14:06:00,6550,6550,6550,6550,0
2022-08-17 14:07:00,6550,6550,6550,6550,0
2022-08-17 14:08:00,6550,6550,6550,6550,0
2022-08-17 14:09:00,6550,6550,6550,6550,0
2022-08-17 14:10:00,6550,6550,6550,6550,0
2022-08-17 14:11:00,6550,6550,6550,6550,0
2022-08-17 14:12:00,6550,6550,6550,6550,0
2022-08-17 14:13:00,6550,6550,6550,6550,0
2022-08-17 14:14:00,6550,6550,6550,6550,0
2022-08-17 14:15:00,6550,6550,6550,6550,0
2022-08-17 14:16:00,6550,6550,6550,6550,0
2022-08-17 14:17:00,6550,6550,6550,6550,0
2022-08-17 14:18:00,6550,6550,6550,6550,0
2022-08-17 14:19:00,6550,6550,6550,6550,0
2022-08-17 14:20:00,6550,6550,6550,6550,0
2022-08-17 14:21:00,6550,6550,6550,6550,0
2022-08-17 14:22:00,6550,6550,6550,6550,0
2022-08-17 14:23:00,6550,6550,6550,6550,0
2022-08-17 14:24:00,6550,6550,6550,6550,0
2022-08-17 14:25:00,6550,6550,6550,6550,0
2022-08-17 14:26:00,6550,6550,6550,6550,0
2022-08-17 14:27:00,6550,6550,6550,6550,0
2022-08-17 14:28:00,6550,6550,6550,6550,0
2022-08-17 14:29:00,6550,6550,6550,6550,0
2022-08-17 14:30:00,6550,6550,6550,6550,0
2022-08-17 14:31:00,6550,6550,6550,6550,0
2022-08-17 14:32:00,6550,6550,6550,6550,0
2022-08-17 14:33:00,6550,6550,6550,6550,0
2022-08-17 14:34:00,6550,6550,6550,6550,0
2022-08-17 14:35:00,6550,6550,6550,6550,0
2022-08-17 14:36:00,6550,6550,6550,6550,0
2022-08-17 14:37:00,6550,6550,6550,6550,0
2022-08-17 14:38:00,6550,6550,6550,6550,0
2022-08-17 14:39:00,6550,6550,6550,6550,0
2022-08-17 14:40:00,6550,6550,6550,6550,0
2022-08-17 14:41:00,6550,6550,6550,6550,0
2022-08-17 14:42:00,6550,6550,6550,6550,0
2022-08-17 14:43:00,6550,6550,6550,6550,0
2022-08-17 14:44:00,6550,6550,6550,6550,0
2022-08-17 14:45:00,6550,6550,6550,6550,0
2022-08-17 14:46:00,6550,6550,6550,6550,0
2022-08-17 14:47:00,6550,6550,6550,6550,0
2022-08-17 14:48:00,6550,6550,6550,6550,0
2022-08-17 14:49:00,6550,6550,6550,6550,0
2022-08-17 14:50:00,6550,6550,6550,6550,0
2022-08-17 14:51:00,6550,6550,6550,6550,0
2022-08-17 14:52:00,6550,6550,6550,6550,0
2022-08-17 14:53:00,6550,6550,6550,6550,0
2022-08-17 14:54:00,6550,6550,6550,6550,0
2022-08-17 14:55:00,6550,6550,6550,6550,0
2022-08-17 14:56:00,6550,6550,6550,6550,0
2022-08-17 14:57:00,6550,6550,6550,6550,0
2022-08-17 14:58:00,6550,6550,6550,6550,0
2022-08-17 14:59:00,6550,6550,6550,6550,0
2022-08-17 15:00:00,6550,6550,6550,6550,0
2022-08-17 15:01:00,6550,6550,6550,6550,0
2022-08-17 15:02:00,6550,6550,6550,6550,0
2022-08-17 15:03:00,6550,6550,6550,6550,0
2022-08-17 15:04:00,6550,6550,6550,6550,0
2022-08-17 15:05:00,6550,6550,6550,6550,0
2022-08-17 15:06:00,6550,6550,6550,6550,0
2022-08-17 15:07:00,6550,6550,6550,6550,0
2022-08-17 15:08:00,6550,6550,6550,6550,0
2022-08-17 15:09:00,6550,6550,6550,6550,0
2022-08-17 15:10:00,6550,6550,6550,6550,0
2022-08-17 15:11:00,6550,6550,6550,6550,0
2022-08-17 15:12:00,6550,6550,6550,6550,0
2022-08-17 15:13:00,6550,6550,6550,6550,0
2022-08-17 15:14:00,6550,6550,6550,6550,0
2022-08-17 15:15:00,6550,6550,6550,6550,0
2022-08-17 15:16:00,6550,6550,6550,6550,0
2022-08-17 15:17:00,6550,6550,6550,6550,0
2022-08-17 15:18:00,6550,6550,6550,6550,0
2022-08-17 15:19:00,6550,6550,6550,6550,0
2022-08-17 15:20:00,6550,6550,6550,6550,0
2022-08-17 15:21:00,6550,6550,6550,6550,0
2022-08-17 15:22:00,6550,6550,6550,6550,0
2022-08-17 15:23:00,6550,6550,6550,6550,0
2022-08-17 15:24:00,6550,6550,6550,6550,0
2022-08-17 15:25:00,6550,6550,6550,6550,0
2022-08-17 15:26:00,6550,6550,6550,6550,0
2022-08-17 15:27:00,6550,6550,6550,6550,0
2022-08-17 15:28:00,6550,6550,6550,6550,0
2022-08-17 15:29:00,6550,6550,6550,6550,0
2022-08-17 15:30:00,6550,6550,6550,6550,0
2022-08-17 15:31:00,6550,6550,6550,6550,0
2022-08-17 15:32:00,6550,6550,6550,6550,0
2022-08-17 15:33:00,6550,6550,6550,6550,0
2022-08-17 15:34:00,6550,6550,6550,6550,0
2022-08-17 15:35:00,6550,6550,6550,6550,0
2022-08-17 15:36:00,6550,6550,6550,6550,0
2022-08-17 15:37:00,6550,6550,6550,6550,0
2022-08-17 15:38:00,6550,6550,6550,6550,0
2022-08-17 15:39:00,6550,6550,6550,6550,0
2022-08-17 15:40:00,6550,6550,6550,6550,0
2022-08-17 15:41:00,6550,6550,6550,6550,0
2022-08-17 15:42:00,6550,6550,6550,6550,0
2022-08-17 15:43:00,6550,6550,6550,6550,0
2022-08-17 15:44:00,6550,6550,6550,6550,0
2022-08-17 15:45:00,6550,6550,6550,6550,0
2022-08-17 15:46:00,6550,6550,6550,6550,0
2022-08-17 15:47:00,6550,6550,6550,6550,0
2022-08-17 15:48:00,6550,6550,6550,6550,0
2022-08-17 15:49:00,6550,6550,6550,6550,0
2022-08-17 15:50:00,6550,6550,6550,6550,0
2022-08-17 15:51:00,6550,6550,6550,6550,0
2022-08-17 15:52:00,6550,6550,6550,6550,0
2022-08-17 15:53:00,6550,6550,6550,6550,0
2022-08-17 15:54:00,6550,6550,6550,6550,0
2022-08-17 15:55:00,6550,6550,6550,6550,0
2022-08-17 15:56:00,6550,6550,6550,6550,0
2022-08-17 15:57:00,6550,6550,6550,6550,0
2022-08-17 15:58:00,6550,6550,6550,6550,0
2022-08-17 15:59:00,6550,6550,6550,6550,0
2022-08-18 09:00:00,6625,6550,6625,6550,0
2022-08-18 09:01:00,6550,6525,6550,6525,7700
2022-08-18 09:02:00,6525,6525,6525,6525,7600
2022-08-18 09:03:00,6525,6500,6525,6500,31300
2022-08-18 09:04:00,6475,6475,6500,6475,43000
2022-08-18 09:05:00,6450,6450,6475,6475,56800
2022-08-18 09:06:00,6475,6475,6500,6500,9700
2022-08-18 09:07:00,6500,6500,6500,6500,1600
2022-08-18 09:08:00,6500,6500,6500,6500,2700
2022-08-18 09:09:00,6500,6500,6500,6500,0
2022-08-18 09:10:00,6500,6500,6500,6500,0
2022-08-18 09:11:00,6500,6500,6500,6500,0
2022-08-18 09:12:00,6500,6500,6500,6500,3400
2022-08-18 09:13:00,6500,6500,6500,6500,18300
2022-08-18 09:14:00,6500,6500,6500,6500,1700
2022-08-18 09:15:00,6500,6500,6500,6500,2000
2022-08-18 09:16:00,6475,6475,6475,6475,9600
2022-08-18 09:17:00,6500,6475,6500,6475,19700
2022-08-18 09:18:00,6475,6475,6475,6475,2800
2022-08-18 09:19:00,6475,6475,6475,6475,1900
2022-08-18 09:20:00,6475,6475,6475,6475,5600
2022-08-18 09:21:00,6475,6475,6475,6475,0
2022-08-18 09:22:00,6475,6475,6475,6475,0
2022-08-18 09:23:00,6475,6475,6475,6475,26400
2022-08-18 09:24:00,6475,6475,6475,6475,0
2022-08-18 09:25:00,6500,6500,6500,6500,1200
2022-08-18 09:26:00,6500,6500,6500,6500,2300
2022-08-18 09:27:00,6500,6500,6500,6500,0
2022-08-18 09:28:00,6500,6500,6500,6500,0
2022-08-18 09:29:00,6500,6500,6525,6525,14600
2022-08-18 09:30:00,6525,6525,6525,6525,0
2022-08-18 09:31:00,6525,6525,6525,6525,400
2022-08-18 09:32:00,6525,6525,6525,6525,22400
2022-08-18 09:33:00,6525,6525,6525,6525,1200
2022-08-18 09:34:00,6525,6500,6525,6500,1800
2022-08-18 09:35:00,6500,6500,6500,6500,100
2022-08-18 09:36:00,6500,6500,6500,6500,300
2022-08-18 09:37:00,6500,6500,6525,6525,700
2022-08-18 09:38:00,6500,6500,6525,6500,600
2022-08-18 09:39:00,6500,6500,6525,6500,0
2022-08-18 09:40:00,6525,6525,6525,6525,600
2022-08-18 09:41:00,6525,6525,6525,6525,8900
2022-08-18 09:42:00,6525,6525,6525,6525,100
2022-08-18 09:43:00,6525,6525,6525,6525,0
2022-08-18 09:44:00,6525,6525,6525,6525,2600
2022-08-18 09:45:00,6525,6525,6550,6550,1900
2022-08-18 09:46:00,6525,6525,6550,6550,0
2022-08-18 09:47:00,6550,6525,6550,6525,1500
2022-08-18 09:48:00,6550,6525,6550,6525,0
2022-08-18 09:49:00,6550,6525,6550,6525,0
2022-08-18 09:50:00,6525,6525,6525,6525,500
2022-08-18 09:51:00,6525,6525,6525,6525,35300
2022-08-18 09:52:00,6525,6525,6525,6525,700
2022-08-18 09:53:00,6525,6525,6525,6525,300
2022-08-18 09:54:00,6525,6525,6525,6525,13000
2022-08-18 09:55:00,6525,6525,6525,6525,0
2022-08-18 09:56:00,6550,6525,6550,6550,1500
2022-08-18 09:57:00,6550,6550,6550,6550,100
2022-08-18 09:58:00,6550,6550,6550,6550,0
2022-08-18 09:59:00,6550,6550,6550,6550,100
2022-08-18 10:00:00,6550,6525,6550,6525,22900
2022-08-18 10:01:00,6550,6525,6550,6525,0
2022-08-18 10:02:00,6525,6525,6525,6525,0
2022-08-18 10:03:00,6550,6550,6550,6550,4900
2022-08-18 10:04:00,6525,6525,6525,6525,0
2022-08-18 10:05:00,6525,6525,6525,6525,0
2022-08-18 10:06:00,6525,6525,6525,6525,0
2022-08-18 10:07:00,6525,6525,6525,6525,0
2022-08-18 10:08:00,6525,6525,6525,6525,0
2022-08-18 10:09:00,6525,6525,6525,6525,700
2022-08-18 10:10:00,6550,6525,6550,6525,2300
2022-08-18 10:11:00,6550,6525,6550,6525,0
2022-08-18 10:12:00,6550,6525,6550,6525,0
2022-08-18 10:13:00,6550,6525,6550,6525,0
2022-08-18 10:14:00,6550,6525,6550,6525,0
2022-08-18 10:15:00,6550,6525,6550,6525,0
2022-08-18 10:16:00,6525,6525,6525,6525,1000
2022-08-18 10:17:00,6550,6550,6550,6550,200
2022-08-18 10:18:00,6550,6550,6550,6550,0
2022-08-18 10:19:00,6550,6550,6550,6550,100
2022-08-18 10:20:00,6525,6525,6550,6550,2400
2022-08-18 10:21:00,6525,6525,6550,6550,0
2022-08-18 10:22:00,6525,6525,6550,6550,0
2022-08-18 10:23:00,6525,6525,6525,6525,4800
2022-08-18 10:24:00,6525,6525,6525,6525,100
2022-08-18 10:25:00,6500,6500,6525,6525,8600
2022-08-18 10:26:00,6525,6525,6525,6525,600
2022-08-18 10:27:00,6525,6525,6525,6525,0
2022-08-18 10:28:00,6525,6525,6525,6525,0
2022-08-18 10:29:00,6525,6525,6525,6525,400
2022-08-18 10:30:00,6525,6525,6525,6525,0
2022-08-18 10:31:00,6525,6525,6525,6525,100
2022-08-18 10:32:00,6525,6525,6525,6525,0
2022-08-18 10:33:00,6525,6525,6525,6525,0
2022-08-18 10:34:00,6525,6525,6525,6525,400
2022-08-18 10:35:00,6525,6525,6525,6525,1400
2022-08-18 10:36:00,6525,6525,6525,6525,800
2022-08-18 10:37:00,6500,6500,6500,6500,0
2022-08-18 10:38:00,6500,6500,6500,6500,0
2022-08-18 10:39:00,6525,6500,6525,6500,1300
2022-08-18 10:40:00,6525,6500,6525,6500,0
2022-08-18 10:41:00,6525,6525,6525,6525,200
2022-08-18 10:42:00,6525,6525,6525,6525,100
2022-08-18 10:43:00,6525,6525,6525,6525,100
2022-08-18 10:44:00,6525,6525,6550,6550,3700
2022-08-18 10:45:00,6525,6525,6525,6525,1200
2022-08-18 10:46:00,6525,6525,6525,6525,6300
2022-08-18 10:47:00,6525,6500,6525,6500,300
2022-08-18 10:48:00,6500,6500,6500,6500,200
2022-08-18 10:49:00,6525,6500,6525,6500,700
2022-08-18 10:50:00,6525,6525,6525,6525,0
2022-08-18 10:51:00,6525,6500,6525,6525,1000
2022-08-18 10:52:00,6525,6500,6525,6525,0
2022-08-18 10:53:00,6525,6500,6525,6525,0
2022-08-18 10:54:00,6525,6500,6525,6500,900
2022-08-18 10:55:00,6525,6525,6525,6525,600
2022-08-18 10:56:00,6525,6500,6525,6500,200
2022-08-18 10:57:00,6525,6525,6525,6525,300
2022-08-18 10:58:00,6525,6500,6525,6525,11100
2022-08-18 10:59:00,6525,6525,6525,6525,1000
2022-08-18 11:00:00,6525,6525,6525,6525,0
2022-08-18 11:01:00,6500,6500,6525,6525,600
2022-08-18 11:02:00,6525,6525,6525,6525,500
2022-08-18 11:03:00,6525,6525,6525,6525,3100
2022-08-18 11:04:00,6525,6525,6525,6525,0
2022-08-18 11:05:00,6525,6525,6525,6525,0
2022-08-18 11:06:00,6525,6525,6525,6525,16100
2022-08-18 11:07:00,6550,6550,6550,6550,100
2022-08-18 11:08:00,6525,6525,6525,6525,200
2022-08-18 11:09:00,6525,6525,6525,6525,500
2022-08-18 11:10:00,6525,6525,6550,6525,400
2022-08-18 11:11:00,6525,6525,6525,6525,300
2022-08-18 11:12:00,6525,6525,6525,6525,3000
2022-08-18 11:13:00,6550,6550,6550,6550,100
2022-08-18 11:14:00,6550,6550,6550,6550,0
2022-08-18 11:15:00,6525,6525,6525,6525,1500
2022-08-18 11:16:00,6550,6550,6550,6550,0
2022-08-18 11:17:00,6525,6525,6525,6525,200
2022-08-18 11:18:00,6525,6525,6525,6525,12700
2022-08-18 11:19:00,6525,6525,6525,6525,0
2022-08-18 11:20:00,6525,6525,6525,6525,1300
2022-08-18 11:21:00,6525,6525,6525,6525,0
2022-08-18 11:22:00,6525,6525,6525,6525,0
2022-08-18 11:23:00,6525,6525,6525,6525,500
2022-08-18 11:24:00,6525,6525,6525,6525,0
2022-08-18 11:25:00,6550,6550,6550,6550,200
2022-08-18 11:26:00,6550,6550,6550,6550,0
2022-08-18 11:27:00,6550,6550,6550,6550,400
2022-08-18 11:28:00,6525,6525,6550,6525,600
2022-08-18 11:29:00,6525,6525,6525,6525,200
2022-08-18 11:30:00,6525,6525,6525,6525,0
2022-08-18 11:31:00,6525,6525,6525,6525,0
2022-08-18 11:32:00,6525,6525,6525,6525,0
2022-08-18 11:33:00,6525,6525,6525,6525,0
2022-08-18 11:34:00,6525,6525,6525,6525,0
2022-08-18 11:35:00,6525,6525,6525,6525,0
2022-08-18 11:36:00,6525,6525,6525,6525,0
2022-08-18 11:37:00,6525,6525,6525,6525,0
2022-08-18 11:38:00,6525,6525,6525,6525,0
2022-08-18 11:39:00,6525,6525,6525,6525,0
2022-08-18 11:40:00,6525,6525,6525,6525,0
2022-08-18 11:41:00,6525,6525,6525,6525,0
2022-08-18 11:42:00,6525,6525,6525,6525,0
2022-08-18 11:43:00,6525,6525,6525,6525,0
2022-08-18 11:44:00,6525,6525,6525,6525,0
2022-08-18 11:45:00,6525,6525,6525,6525,0
2022-08-18 11:46:00,6525,6525,6525,6525,0
2022-08-18 11:47:00,6525,6525,6525,6525,0
2022-08-18 11:48:00,6525,6525,6525,6525,0
2022-08-18 11:49:00,6525,6525,6525,6525,0
2022-08-18 11:50:00,6525,6525,6525,6525,0
2022-08-18 11:51:00,6525,6525,6525,6525,0
2022-08-18 11:52:00,6525,6525,6525,6525,0
2022-08-18 11:53:00,6525,6525,6525,6525,0
2022-08-18 11:54:00,6525,6525,6525,6525,0
2022-08-18 11:55:00,6525,6525,6525,6525,0
2022-08-18 11:56:00,6525,6525,6525,6525,0
2022-08-18 11:57:00,6525,6525,6525,6525,0
2022-08-18 11:58:00,6525,6525,6525,6525,0
2022-08-18 11:59:00,6525,6525,6525,6525,0
2022-08-18 12:00:00,6525,6525,6525,6525,0
2022-08-18 12:01:00,6525,6525,6525,6525,0
2022-08-18 12:02:00,6525,6525,6525,6525,0
2022-08-18 12:03:00,6525,6525,6525,6525,0
2022-08-18 12:04:00,6525,6525,6525,6525,0
2022-08-18 12:05:00,6525,6525,6525,6525,0
2022-08-18 12:06:00,6525,6525,6525,6525,0
2022-08-18 12:07:00,6525,6525,6525,6525,0
2022-08-18 12:08:00,6525,6525,6525,6525,0
2022-08-18 12:09:00,6525,6525,6525,6525,0
2022-08-18 12:10:00,6525,6525,6525,6525,0
2022-08-18 12:11:00,6525,6525,6525,6525,0
2022-08-18 12:12:00,6525,6525,6525,6525,0
2022-08-18 12:13:00,6525,6525,6525,6525,0
2022-08-18 12:14:00,6525,6525,6525,6525,0
2022-08-18 12:15:00,6525,6525,6525,6525,0
2022-08-18 12:16:00,6525,6525,6525,6525,0
2022-08-18 12:17:00,6525,6525,6525,6525,0
2022-08-18 12:18:00,6525,6525,6525,6525,0
2022-08-18 12:19:00,6525,6525,6525,6525,0
2022-08-18 12:20:00,6525,6525,6525,6525,0
2022-08-18 12:21:00,6525,6525,6525,6525,0
2022-08-18 12:22:00,6525,6525,6525,6525,0
2022-08-18 12:23:00,6525,6525,6525,6525,0
2022-08-18 12:24:00,6525,6525,6525,6525,0
2022-08-18 12:25:00,6525,6525,6525,6525,0
2022-08-18 12:26:00,6525,6525,6525,6525,0
2022-08-18 12:27:00,6525,6525,6525,6525,0
2022-08-18 12:28:00,6525,6525,6525,6525,0
2022-08-18 12:29:00,6525,6525,6525,6525,0
2022-08-18 12:30:00,6525,6525,6525,6525,0
2022-08-18 12:31:00,6525,6525,6525,6525,0
2022-08-18 12:32:00,6525,6525,6525,6525,0
2022-08-18 12:33:00,6525,6525,6525,6525,0
2022-08-18 12:34:00,6525,6525,6525,6525,0
2022-08-18 12:35:00,6525,6525,6525,6525,0
2022-08-18 12:36:00,6525,6525,6525,6525,0
2022-08-18 12:37:00,6525,6525,6525,6525,0
2022-08-18 12:38:00,6525,6525,6525,6525,0
2022-08-18 12:39:00,6525,6525,6525,6525,0
2022-08-18 12:40:00,6525,6525,6525,6525,0
2022-08-18 12:41:00,6525,6525,6525,6525,0
2022-08-18 12:42:00,6525,6525,6525,6525,0
2022-08-18 12:43:00,6525,6525,6525,6525,0
2022-08-18 12:44:00,6525,6525,6525,6525,0
2022-08-18 12:45:00,6525,6525,6525,6525,0
2022-08-18 12:46:00,6525,6525,6525,6525,0
2022-08-18 12:47:00,6525,6525,6525,6525,0
2022-08-18 12:48:00,6525,6525,6525,6525,0
2022-08-18 12:49:00,6525,6525,6525,6525,0
2022-08-18 12:50:00,6525,6525,6525,6525,0
2022-08-18 12:51:00,6525,6525,6525,6525,0
2022-08-18 12:52:00,6525,6525,6525,6525,0
2022-08-18 12:53:00,6525,6525,6525,6525,0
2022-08-18 12:54:00,6525,6525,6525,6525,0
2022-08-18 12:55:00,6525,6525,6525,6525,0
2022-08-18 12:56:00,6525,6525,6525,6525,0
2022-08-18 12:57:00,6525,6525,6525,6525,0
2022-08-18 12:58:00,6525,6525,6525,6525,0
2022-08-18 12:59:00,6525,6525,6525,6525,0
2022-08-18 13:00:00,6525,6525,6525,6525,0
2022-08-18 13:01:00,6525,6525,6525,6525,0
2022-08-18 13:02:00,6525,6525,6525,6525,0
2022-08-18 13:03:00,6525,6525,6525,6525,0
2022-08-18 13:04:00,6525,6525,6525,6525,0
2022-08-18 13:05:00,6525,6525,6525,6525,0
2022-08-18 13:06:00,6525,6525,6525,6525,0
2022-08-18 13:07:00,6525,6525,6525,6525,0
2022-08-18 13:08:00,6525,6525,6525,6525,0
2022-08-18 13:09:00,6525,6525,6525,6525,0
2022-08-18 13:10:00,6525,6525,6525,6525,0
2022-08-18 13:11:00,6525,6525,6525,6525,0
2022-08-18 13:12:00,6525,6525,6525,6525,0
2022-08-18 13:13:00,6525,6525,6525,6525,0
2022-08-18 13:14:00,6525,6525,6525,6525,0
2022-08-18 13:15:00,6525,6525,6525,6525,0
2022-08-18 13:16:00,6525,6525,6525,6525,0
2022-08-18 13:17:00,6525,6525,6525,6525,0
2022-08-18 13:18:00,6525,6525,6525,6525,0
2022-08-18 13:19:00,6525,6525,6525,6525,0
2022-08-18 13:20:00,6525,6525,6525,6525,0
2022-08-18 13:21:00,6525,6525,6525,6525,0
2022-08-18 13:22:00,6525,6525,6525,6525,0
2022-08-18 13:23:00,6525,6525,6525,6525,0
2022-08-18 13:24:00,6525,6525,6525,6525,0
2022-08-18 13:25:00,6525,6525,6525,6525,0
2022-08-18 13:26:00,6525,6525,6525,6525,0
2022-08-18 13:27:00,6525,6525,6525,6525,0
2022-08-18 13:28:00,6525,6525,6525,6525,0
2022-08-18 13:29:00,6525,6525,6525,6525,0
2022-08-18 13:30:00,6525,6525,6550,6550,3300
2022-08-18 13:31:00,6525,6525,6550,6550,0
2022-08-18 13:32:00,6550,6525,6550,6525,11200
2022-08-18 13:33:00,6550,6550,6550,6550,0
2022-08-18 13:34:00,6550,6525,6550,6525,18100
2022-08-18 13:35:00,6550,6525,6550,6525,9900
2022-08-18 13:36:00,6525,6500,6525,6500,10800
2022-08-18 13:37:00,6525,6500,6525,6500,0
2022-08-18 13:38:00,6500,6500,6500,6500,400
2022-08-18 13:39:00,6525,6525,6525,6525,1900
2022-08-18 13:40:00,6525,6525,6525,6525,0
2022-08-18 13:41:00,6525,6525,6525,6525,200
2022-08-18 13:42:00,6525,6525,6525,6525,0
2022-08-18 13:43:00,6500,6500,6500,6500,48100
2022-08-18 13:44:00,6525,6500,6525,6500,0
2022-08-18 13:45:00,6525,6525,6525,6525,0
2022-08-18 13:46:00,6525,6525,6525,6525,10600
2022-08-18 13:47:00,6525,6525,6525,6525,2700
2022-08-18 13:48:00,6525,6525,6525,6525,0
2022-08-18 13:49:00,6525,6525,6525,6525,700
2022-08-18 13:50:00,6525,6500,6525,6525,4800
2022-08-18 13:51:00,6500,6500,6500,6500,1900
2022-08-18 13:52:00,6500,6500,6500,6500,22500
2022-08-18 13:53:00,6525,6525,6525,6525,0
2022-08-18 13:54:00,6525,6500,6525,6500,4100
2022-08-18 13:55:00,6500,6500,6500,6500,0
2022-08-18 13:56:00,6500,6500,6500,6500,0
2022-08-18 13:57:00,6500,6500,6500,6500,500
2022-08-18 13:58:00,6500,6500,6525,6525,2300
2022-08-18 13:59:00,6500,6500,6525,6525,0
2022-08-18 14:00:00,6500,6500,6500,6500,2100
2022-08-18 14:01:00,6500,6500,6500,6500,5000
2022-08-18 14:02:00,6500,6500,6500,6500,0
2022-08-18 14:03:00,6500,6500,6500,6500,0
2022-08-18 14:04:00,6525,6525,6525,6525,0
2022-08-18 14:05:00,6525,6525,6525,6525,0
2022-08-18 14:06:00,6525,6525,6525,6525,0
2022-08-18 14:07:00,6525,6525,6525,6525,100
2022-08-18 14:08:00,6525,6525,6525,6525,400
2022-08-18 14:09:00,6525,6525,6525,6525,0
2022-08-18 14:10:00,6525,6500,6525,6500,900
2022-08-18 14:11:00,6500,6500,6500,6500,200
2022-08-18 14:12:00,6500,6500,6500,6500,5200
2022-08-18 14:13:00,6500,6500,6500,6500,0
2022-08-18 14:14:00,6500,6500,6500,6500,0
2022-08-18 14:15:00,6500,6500,6500,6500,0
2022-08-18 14:16:00,6500,6500,6525,6525,1000
2022-08-18 14:17:00,6500,6500,6500,6500,1500
2022-08-18 14:18:00,6500,6500,6500,6500,0
2022-08-18 14:19:00,6525,6525,6525,6525,0
2022-08-18 14:20:00,6525,6525,6525,6525,1100
2022-08-18 14:21:00,6525,6525,6525,6525,300
2022-08-18 14:22:00,6525,6525,6525,6525,1300
2022-08-18 14:23:00,6525,6500,6525,6500,2600
2022-08-18 14:24:00,6500,6500,6500,6500,300
2022-08-18 14:25:00,6525,6525,6525,6525,3200
2022-08-18 14:26:00,6525,6525,6525,6525,0
2022-08-18 14:27:00,6500,6500,6500,6500,3900
2022-08-18 14:28:00,6500,6500,6525,6525,0
2022-08-18 14:29:00,6525,6525,6525,6525,200
2022-08-18 14:30:00,6525,6525,6525,6525,200
2022-08-18 14:31:00,6525,6500,6525,6500,600
2022-08-18 14:32:00,6500,6500,6525,6525,2400
2022-08-18 14:33:00,6525,6500,6525,6525,5100
2022-08-18 14:34:00,6500,6500,6525,6525,0
2022-08-18 14:35:00,6500,6500,6525,6525,0
2022-08-18 14:36:00,6500,6500,6525,6525,1400
2022-08-18 14:37:00,6525,6500,6525,6525,1000
2022-08-18 14:38:00,6525,6525,6525,6525,0
2022-08-18 14:39:00,6500,6500,6500,6500,4400
2022-08-18 14:40:00,6525,6525,6525,6525,400
2022-08-18 14:41:00,6525,6525,6525,6525,1900
2022-08-18 14:42:00,6525,6500,6525,6500,1100
2022-08-18 14:43:00,6500,6500,6525,6525,1900
2022-08-18 14:44:00,6500,6500,6500,6500,1300
2022-08-18 14:45:00,6525,6500,6525,6525,3100
2022-08-18 14:46:00,6525,6500,6525,6525,2300
2022-08-18 14:47:00,6525,6525,6525,6525,56200
2022-08-18 14:48:00,6525,6525,6525,6525,17400
2022-08-18 14:49:00,6525,6500,6525,6500,15600
2022-08-18 14:50:00,6525,6500,6525,6500,0
2022-08-18 14:51:00,6525,6500,6525,6500,0
2022-08-18 14:52:00,6525,6500,6525,6500,0
2022-08-18 14:53:00,6525,6500,6525,6500,0
2022-08-18 14:54:00,6525,6500,6525,6500,0
2022-08-18 14:55:00,6525,6500,6525,6500,0
2022-08-18 14:56:00,6525,6500,6525,6500,0
2022-08-18 14:57:00,6525,6500,6525,6500,0
2022-08-18 14:58:00,6525,6500,6525,6500,0
2022-08-18 14:59:00,6525,6500,6525,6500,0
2022-08-18 15:00:00,6550,6550,6550,6550,92300
2022-08-18 15:01:00,6550,6550,6550,6550,23900
2022-08-18 15:02:00,6550,6550,6550,6550,0
2022-08-18 15:03:00,6550,6550,6550,6550,0
2022-08-18 15:04:00,6550,6550,6550,6550,0
2022-08-18 15:05:00,6550,6550,6550,6550,0
2022-08-18 15:06:00,6550,6550,6550,6550,0
2022-08-18 15:07:00,6550,6550,6550,6550,0
2022-08-18 15:08:00,6550,6550,6550,6550,0
2022-08-18 15:09:00,6550,6550,6550,6550,0
2022-08-18 15:10:00,6550,6550,6550,6550,0
2022-08-18 15:11:00,6550,6550,6550,6550,0
2022-08-18 15:12:00,6550,6550,6550,6550,0
2022-08-18 15:13:00,6550,6550,6550,6550,0
2022-08-18 15:14:00,6550,6550,6550,6550,0
2022-08-18 15:15:00,6550,6550,6550,6550,0
2022-08-18 15:16:00,6550,6550,6550,6550,0
2022-08-18 15:17:00,6550,6550,6550,6550,0
2022-08-18 15:18:00,6550,6550,6550,6550,0
2022-08-18 15:19:00,6550,6550,6550,6550,0
2022-08-18 15:20:00,6550,6550,6550,6550,0
2022-08-18 15:21:00,6550,6550,6550,6550,0
2022-08-18 15:22:00,6550,6550,6550,6550,0
2022-08-18 15:23:00,6550,6550,6550,6550,0
2022-08-18 15:24:00,6550,6550,6550,6550,0
2022-08-18 15:25:00,6550,6550,6550,6550,0
2022-08-18 15:26:00,6550,6550,6550,6550,0
2022-08-18 15:27:00,6550,6550,6550,6550,0
2022-08-18 15:28:00,6550,6550,6550,6550,0
2022-08-18 15:29:00,6550,6550,6550,6550,0
2022-08-18 15:30:00,6550,6550,6550,6550,0
2022-08-18 15:31:00,6550,6550,6550,6550,0
2022-08-18 15:32:00,6550,6550,6550,6550,0
2022-08-18 15:33:00,6550,6550,6550,6550,0
2022-08-18 15:34:00,6550,6550,6550,6550,0
2022-08-18 15:35:00,6550,6550,6550,6550,0
2022-08-18 15:36:00,6550,6550,6550,6550,0
2022-08-18 15:37:00,6550,6550,6550,6550,0
2022-08-18 15:38:00,6550,6550,6550,6550,0
2022-08-18 15:39:00,6550,6550,6550,6550,0
2022-08-18 15:40:00,6550,6550,6550,6550,0
2022-08-18 15:41:00,6550,6550,6550,6550,0
2022-08-18 15:42:00,6550,6550,6550,6550,0
2022-08-18 15:43:00,6550,6550,6550,6550,0
2022-08-18 15:44:00,6550,6550,6550,6550,0
2022-08-18 15:45:00,6550,6550,6550,6550,0
2022-08-18 15:46:00,6550,6550,6550,6550,0
2022-08-18 15:47:00,6550,6550,6550,6550,0
2022-08-18 15:48:00,6550,6550,6550,6550,0
2022-08-18 15:49:00,6550,6550,6550,6550,0
2022-08-18 15:50:00,6550,6550,6550,6550,0
2022-08-18 15:51:00,6550,6550,6550,6550,0
2022-08-18 15:52:00,6550,6550,6550,6550,0
2022-08-18 15:53:00,6550,6550,6550,6550,0
2022-08-18 15:54:00,6550,6550,6550,6550,0
2022-08-18 15:55:00,6550,6550,6550,6550,0
2022-08-18 15:56:00,6550,6550,6550,6550,0
2022-08-18 15:57:00,6550,6550,6550,6550,0
2022-08-18 15:58:00,6550,6550,6550,6550,0
2022-08-18 15:59:00,6550,6550,6550,6550,0
2022-08-19 09:00:00,6550,6550,6600,6550,9000
2022-08-19 09:01:00,6550,6550,6600,6550,0
2022-08-19 09:02:00,6550,6550,6550,6550,15600
2022-08-19 09:03:00,6550,6550,6550,6550,1500
2022-08-19 09:04:00,6550,6550,6550,6550,0
2022-08-19 09:05:00,6550,6550,6550,6550,0
2022-08-19 09:06:00,6550,6550,6550,6550,200
2022-08-19 09:07:00,6550,6550,6550,6550,1900
2022-08-19 09:08:00,6550,6525,6550,6550,8500
2022-08-19 09:09:00,6525,6525,6525,6525,0
2022-08-19 09:10:00,6525,6525,6525,6525,0
2022-08-19 09:11:00,6525,6525,6525,6525,0
2022-08-19 09:12:00,6525,6525,6525,6525,43300
2022-08-19 09:13:00,6525,6500,6550,6525,2400
2022-08-19 09:14:00,6525,6525,6525,6525,100
2022-08-19 09:15:00,6525,6525,6525,6525,0
2022-08-19 09:16:00,6525,6525,6525,6525,13100
2022-08-19 09:17:00,6525,6525,6525,6525,0
2022-08-19 09:18:00,6525,6525,6525,6525,700
2022-08-19 09:19:00,6525,6525,6525,6525,0
2022-08-19 09:20:00,6550,6550,6550,6550,1900
2022-08-19 09:21:00,6550,6550,6550,6550,0
2022-08-19 09:22:00,6550,6550,6550,6550,8100
2022-08-19 09:23:00,6550,6550,6550,6550,0
2022-08-19 09:24:00,6550,6550,6550,6550,800
2022-08-19 09:25:00,6550,6550,6550,6550,1500
2022-08-19 09:26:00,6550,6550,6550,6550,800
2022-08-19 09:27:00,6550,6550,6550,6550,700
2022-08-19 09:28:00,6550,6550,6550,6550,0
2022-08-19 09:29:00,6550,6550,6550,6550,0
2022-08-19 09:30:00,6550,6550,6550,6550,2300
2022-08-19 09:31:00,6550,6550,6550,6550,0
2022-08-19 09:32:00,6550,6550,6550,6550,1100
2022-08-19 09:33:00,6550,6550,6550,6550,3300
2022-08-19 09:34:00,6550,6550,6550,6550,2700
2022-08-19 09:35:00,6550,6550,6550,6550,3000
2022-08-19 09:36:00,6550,6550,6550,6550,1100
2022-08-19 09:37:00,6550,6550,6550,6550,800
2022-08-19 09:38:00,6550,6550,6550,6550,0
2022-08-19 09:39:00,6575,6575,6575,6575,100
2022-08-19 09:40:00,6575,6575,6575,6575,0
2022-08-19 09:41:00,6575,6575,6575,6575,0
2022-08-19 09:42:00,6575,6575,6575,6575,1000
2022-08-19 09:43:00,6575,6575,6575,6575,300
2022-08-19 09:44:00,6575,6575,6575,6575,700
2022-08-19 09:45:00,6550,6550,6550,6550,1500
2022-08-19 09:46:00,6550,6550,6550,6550,15500
2022-08-19 09:47:00,6550,6550,6550,6550,3500
2022-08-19 09:48:00,6550,6550,6575,6575,26100
2022-08-19 09:49:00,6575,6575,6575,6575,0
2022-08-19 09:50:00,6575,6575,6575,6575,100
2022-08-19 09:51:00,6575,6575,6575,6575,400
2022-08-19 09:52:00,6550,6550,6550,6550,300
2022-08-19 09:53:00,6550,6550,6550,6550,0
2022-08-19 09:54:00,6575,6575,6575,6575,400
2022-08-19 09:55:00,6575,6575,6575,6575,0
2022-08-19 09:56:00,6575,6575,6575,6575,0
2022-08-19 09:57:00,6575,6575,6575,6575,0
2022-08-19 09:58:00,6575,6575,6575,6575,0
2022-08-19 09:59:00,6575,6575,6575,6575,200
2022-08-19 10:00:00,6575,6575,6575,6575,300
2022-08-19 10:01:00,6550,6550,6550,6550,200
2022-08-19 10:02:00,6550,6550,6550,6550,0
2022-08-19 10:03:00,6550,6550,6550,6550,200
2022-08-19 10:04:00,6550,6525,6550,6525,19300
2022-08-19 10:05:00,6550,6525,6550,6525,0
2022-08-19 10:06:00,6525,6525,6525,6525,0
2022-08-19 10:07:00,6525,6525,6525,6525,0
2022-08-19 10:08:00,6550,6550,6550,6550,0
2022-08-19 10:09:00,6550,6550,6550,6550,0
2022-08-19 10:10:00,6550,6550,6550,6550,0
2022-08-19 10:11:00,6550,6550,6550,6550,0
2022-08-19 10:12:00,6550,6550,6550,6550,0
2022-08-19 10:13:00,6550,6550,6550,6550,0
2022-08-19 10:14:00,6550,6550,6550,6550,1000
2022-08-19 10:15:00,6550,6550,6550,6550,0
2022-08-19 10:16:00,6525,6525,6550,6550,500
2022-08-19 10:17:00,6525,6525,6550,6550,0
2022-08-19 10:18:00,6525,6525,6550,6550,0
2022-08-19 10:19:00,6550,6550,6550,6550,25000
2022-08-19 10:20:00,6550,6550,6550,6550,0
2022-08-19 10:21:00,6550,6550,6550,6550,18600
2022-08-19 10:22:00,6550,6550,6550,6550,0
2022-08-19 10:23:00,6550,6550,6550,6550,0
2022-08-19 10:24:00,6550,6550,6550,6550,0
2022-08-19 10:25:00,6550,6550,6550,6550,0
2022-08-19 10:26:00,6550,6550,6550,6550,0
2022-08-19 10:27:00,6550,6550,6550,6550,0
2022-08-19 10:28:00,6550,6550,6550,6550,1200
2022-08-19 10:29:00,6550,6550,6550,6550,0
2022-08-19 10:30:00,6550,6550,6550,6550,400
2022-08-19 10:31:00,6550,6550,6550,6550,0
2022-08-19 10:32:00,6550,6550,6550,6550,0
2022-08-19 10:33:00,6550,6550,6550,6550,400
2022-08-19 10:34:00,6550,6550,6550,6550,1000
2022-08-19 10:35:00,6550,6550,6550,6550,100
2022-08-19 10:36:00,6550,6550,6575,6575,400
2022-08-19 10:37:00,6550,6550,6550,6550,300
2022-08-19 10:38:00,6550,6550,6550,6550,0
2022-08-19 10:39:00,6550,6550,6550,6550,2100
2022-08-19 10:40:00,6525,6525,6525,6525,600
2022-08-19 10:41:00,6525,6525,6525,6525,0
2022-08-19 10:42:00,6525,6525,6525,6525,300
2022-08-19 10:43:00,6525,6525,6525,6525,0
2022-08-19 10:44:00,6550,6550,6550,6550,3400
2022-08-19 10:45:00,6550,6550,6550,6550,2300
2022-08-19 10:46:00,6550,6550,6550,6550,92400
2022-08-19 10:47:00,6550,6550,6550,6550,23500
2022-08-19 10:48:00,6550,6550,6550,6550,0
2022-08-19 10:49:00,6550,6550,6575,6575,10900
2022-08-19 10:50:00,6550,6550,6575,6575,0
2022-08-19 10:51:00,6575,6575,6575,6575,0
2022-08-19 10:52:00,6575,6575,6575,6575,0
2022-08-19 10:53:00,6575,6575,6575,6575,0
2022-08-19 10:54:00,6575,6575,6575,6575,2500
2022-08-19 10:55:00,6575,6575,6575,6575,600
2022-08-19 10:56:00,6575,6575,6575,6575,0
2022-08-19 10:57:00,6575,6575,6575,6575,0
2022-08-19 10:58:00,6575,6575,6575,6575,5700
2022-08-19 10:59:00,6550,6550,6550,6550,0
2022-08-19 11:00:00,6550,6550,6550,6550,0
2022-08-19 11:01:00,6550,6550,6550,6550,0
2022-08-19 11:02:00,6575,6575,6575,6575,0
2022-08-19 11:03:00,6575,6575,6575,6575,0
2022-08-19 11:04:00,6575,6575,6575,6575,0
2022-08-19 11:05:00,6575,6575,6575,6575,0
2022-08-19 11:06:00,6575,6575,6575,6575,0
2022-08-19 11:07:00,6575,6575,6575,6575,0
2022-08-19 11:08:00,6575,6575,6575,6575,0
2022-08-19 11:09:00,6575,6575,6575,6575,0
2022-08-19 11:10:00,6575,6575,6575,6575,0
2022-08-19 11:11:00,6575,6575,6575,6575,0
2022-08-19 11:12:00,6575,6575,6575,6575,0
2022-08-19 11:13:00,6550,6550,6550,6550,5200
2022-08-19 11:14:00,6550,6550,6550,6550,0
2022-08-19 11:15:00,6550,6550,6550,6550,0
2022-08-19 11:16:00,6575,6575,6575,6575,0
2022-08-19 11:17:00,6575,6575,6575,6575,0
2022-08-19 11:18:00,6550,6550,6575,6575,61500
2022-08-19 11:19:00,6575,6575,6575,6575,16300
2022-08-19 11:20:00,6575,6575,6575,6575,35800
2022-08-19 11:21:00,6575,6575,6575,6575,700
2022-08-19 11:22:00,6575,6575,6575,6575,0
2022-08-19 11:23:00,6600,6600,6600,6600,400
2022-08-19 11:24:00,6600,6575,6600,6600,1900
2022-08-19 11:25:00,6600,6600,6600,6600,800
2022-08-19 11:26:00,6600,6600,6600,6600,0
2022-08-19 11:27:00,6600,6600,6600,6600,0
2022-08-19 11:28:00,6600,6600,6600,6600,0
2022-08-19 11:29:00,6600,6600,6600,6600,0
2022-08-19 11:30:00,6600,6600,6600,6600,0
2022-08-19 11:31:00,6600,6600,6600,6600,0
2022-08-19 11:32:00,6600,6600,6600,6600,0
2022-08-19 11:33:00,6600,6600,6600,6600,0
2022-08-19 11:34:00,6600,6600,6600,6600,0
2022-08-19 11:35:00,6600,6600,6600,6600,0
2022-08-19 11:36:00,6600,6600,6600,6600,0
2022-08-19 11:37:00,6600,6600,6600,6600,0
2022-08-19 11:38:00,6600,6600,6600,6600,0
2022-08-19 11:39:00,6600,6600,6600,6600,0
2022-08-19 11:40:00,6600,6600,6600,6600,0
2022-08-19 11:41:00,6600,6600,6600,6600,0
2022-08-19 11:42:00,6600,6600,6600,6600,0
2022-08-19 11:43:00,6600,6600,6600,6600,0
2022-08-19 11:44:00,6600,6600,6600,6600,0
2022-08-19 11:45:00,6600,6600,6600,6600,0
2022-08-19 11:46:00,6600,6600,6600,6600,0
2022-08-19 11:47:00,6600,6600,6600,6600,0
2022-08-19 11:48:00,6600,6600,6600,6600,0
2022-08-19 11:49:00,6600,6600,6600,6600,0
2022-08-19 11:50:00,6600,6600,6600,6600,0
2022-08-19 11:51:00,6600,6600,6600,6600,0
2022-08-19 11:52:00,6600,6600,6600,6600,0
2022-08-19 11:53:00,6600,6600,6600,6600,0
2022-08-19 11:54:00,6600,6600,6600,6600,0
2022-08-19 11:55:00,6600,6600,6600,6600,0
2022-08-19 11:56:00,6600,6600,6600,6600,0
2022-08-19 11:57:00,6600,6600,6600,6600,0
2022-08-19 11:58:00,6600,6600,6600,6600,0
2022-08-19 11:59:00,6600,6600,6600,6600,0
2022-08-19 12:00:00,6600,6600,6600,6600,0
2022-08-19 12:01:00,6600,6600,6600,6600,0
2022-08-19 12:02:00,6600,6600,6600,6600,0
2022-08-19 12:03:00,6600,6600,6600,6600,0
2022-08-19 12:04:00,6600,6600,6600,6600,0
2022-08-19 12:05:00,6600,6600,6600,6600,0
2022-08-19 12:06:00,6600,6600,6600,6600,0
2022-08-19 12:07:00,6600,6600,6600,6600,0
2022-08-19 12:08:00,6600,6600,6600,6600,0
2022-08-19 12:09:00,6600,6600,6600,6600,0
2022-08-19 12:10:00,6600,6600,6600,6600,0
2022-08-19 12:11:00,6600,6600,6600,6600,0
2022-08-19 12:12:00,6600,6600,6600,6600,0
2022-08-19 12:13:00,6600,6600,6600,6600,0
2022-08-19 12:14:00,6600,6600,6600,6600,0
2022-08-19 12:15:00,6600,6600,6600,6600,0
2022-08-19 12:16:00,6600,6600,6600,6600,0
2022-08-19 12:17:00,6600,6600,6600,6600,0
2022-08-19 12:18:00,6600,6600,6600,6600,0
2022-08-19 12:19:00,6600,6600,6600,6600,0
2022-08-19 12:20:00,6600,6600,6600,6600,0
2022-08-19 12:21:00,6600,6600,6600,6600,0
2022-08-19 12:22:00,6600,6600,6600,6600,0
2022-08-19 12:23:00,6600,6600,6600,6600,0
2022-08-19 12:24:00,6600,6600,6600,6600,0
2022-08-19 12:25:00,6600,6600,6600,6600,0
2022-08-19 12:26:00,6600,6600,6600,6600,0
2022-08-19 12:27:00,6600,6600,6600,6600,0
2022-08-19 12:28:00,6600,6600,6600,6600,0
2022-08-19 12:29:00,6600,6600,6600,6600,0
2022-08-19 12:30:00,6600,6600,6600,6600,0
2022-08-19 12:31:00,6600,6600,6600,6600,0
2022-08-19 12:32:00,6600,6600,6600,6600,0
2022-08-19 12:33:00,6600,6600,6600,6600,0
2022-08-19 12:34:00,6600,6600,6600,6600,0
2022-08-19 12:35:00,6600,6600,6600,6600,0
2022-08-19 12:36:00,6600,6600,6600,6600,0
2022-08-19 12:37:00,6600,6600,6600,6600,0
2022-08-19 12:38:00,6600,6600,6600,6600,0
2022-08-19 12:39:00,6600,6600,6600,6600,0
2022-08-19 12:40:00,6600,6600,6600,6600,0
2022-08-19 12:41:00,6600,6600,6600,6600,0
2022-08-19 12:42:00,6600,6600,6600,6600,0
2022-08-19 12:43:00,6600,6600,6600,6600,0
2022-08-19 12:44:00,6600,6600,6600,6600,0
2022-08-19 12:45:00,6600,6600,6600,6600,0
2022-08-19 12:46:00,6600,6600,6600,6600,0
2022-08-19 12:47:00,6600,6600,6600,6600,0
2022-08-19 12:48:00,6600,6600,6600,6600,0
2022-08-19 12:49:00,6600,6600,6600,6600,0
2022-08-19 12:50:00,6600,6600,6600,6600,0
2022-08-19 12:51:00,6600,6600,6600,6600,0
2022-08-19 12:52:00,6600,6600,6600,6600,0
2022-08-19 12:53:00,6600,6600,6600,6600,0
2022-08-19 12:54:00,6600,6600,6600,6600,0
2022-08-19 12:55:00,6600,6600,6600,6600,0
2022-08-19 12:56:00,6600,6600,6600,6600,0
2022-08-19 12:57:00,6600,6600,6600,6600,0
2022-08-19 12:58:00,6600,6600,6600,6600,0
2022-08-19 12:59:00,6600,6600,6600,6600,0
2022-08-19 13:00:00,6600,6600,6600,6600,0
2022-08-19 13:01:00,6600,6600,6600,6600,0
2022-08-19 13:02:00,6600,6600,6600,6600,0
2022-08-19 13:03:00,6600,6600,6600,6600,0
2022-08-19 13:04:00,6600,6600,6600,6600,0
2022-08-19 13:05:00,6600,6600,6600,6600,0
2022-08-19 13:06:00,6600,6600,6600,6600,0
2022-08-19 13:07:00,6600,6600,6600,6600,0
2022-08-19 13:08:00,6600,6600,6600,6600,0
2022-08-19 13:09:00,6600,6600,6600,6600,0
2022-08-19 13:10:00,6600,6600,6600,6600,0
2022-08-19 13:11:00,6600,6600,6600,6600,0
2022-08-19 13:12:00,6600,6600,6600,6600,0
2022-08-19 13:13:00,6600,6600,6600,6600,0
2022-08-19 13:14:00,6600,6600,6600,6600,0
2022-08-19 13:15:00,6600,6600,6600,6600,0
2022-08-19 13:16:00,6600,6600,6600,6600,0
2022-08-19 13:17:00,6600,6600,6600,6600,0
2022-08-19 13:18:00,6600,6600,6600,6600,0
2022-08-19 13:19:00,6600,6600,6600,6600,0
2022-08-19 13:20:00,6600,6600,6600,6600,0
2022-08-19 13:21:00,6600,6600,6600,6600,0
2022-08-19 13:22:00,6600,6600,6600,6600,0
2022-08-19 13:23:00,6600,6600,6600,6600,0
2022-08-19 13:24:00,6600,6600,6600,6600,0
2022-08-19 13:25:00,6600,6600,6600,6600,0
2022-08-19 13:26:00,6600,6600,6600,6600,0
2022-08-19 13:27:00,6600,6600,6600,6600,0
2022-08-19 13:28:00,6600,6600,6600,6600,0
2022-08-19 13:29:00,6600,6600,6600,6600,0
2022-08-19 13:30:00,6600,6575,6600,6600,20400
2022-08-19 13:31:00,6600,6600,6600,6600,7300
2022-08-19 13:32:00,6600,6575,6600,6575,2000
2022-08-19 13:33:00,6575,6575,6575,6575,0
2022-08-19 13:34:00,6575,6575,6600,6600,8100
2022-08-19 13:35:00,6600,6600,6600,6600,0
2022-08-19 13:36:00,6600,6600,6600,6600,0
2022-08-19 13:37:00,6600,6600,6600,6600,500
2022-08-19 13:38:00,6600,6600,6600,6600,3100
2022-08-19 13:39:00,6575,6575,6575,6575,0
2022-08-19 13:40:00,6575,6575,6600,6600,300
2022-08-19 13:41:00,6575,6575,6575,6575,28000
2022-08-19 13:42:00,6575,6575,6575,6575,0
2022-08-19 13:43:00,6575,6575,6575,6575,0
2022-08-19 13:44:00,6575,6575,6575,6575,1200
2022-08-19 13:45:00,6600,6600,6600,6600,0
2022-08-19 13:46:00,6600,6600,6600,6600,3800
2022-08-19 13:47:00,6600,6600,6600,6600,0
2022-08-19 13:48:00,6600,6575,6600,6575,2000
2022-08-19 13:49:00,6575,6575,6575,6575,29600
2022-08-19 13:50:00,6575,6575,6575,6575,0
2022-08-19 13:51:00,6575,6575,6600,6600,12100
2022-08-19 13:52:00,6600,6600,6600,6600,1200
2022-08-19 13:53:00,6600,6600,6600,6600,0
2022-08-19 13:54:00,6600,6600,6600,6600,8600
2022-08-19 13:55:00,6600,6600,6600,6600,38800
2022-08-19 13:56:00,6600,6600,6600,6600,122200
2022-08-19 13:57:00,6600,6575,6600,6575,0
2022-08-19 13:58:00,6600,6600,6600,6600,104500
2022-08-19 13:59:00,6600,6600,6600,6600,18800
2022-08-19 14:00:00,6600,6600,6600,6600,1300
2022-08-19 14:01:00,6600,6600,6600,6600,5000
2022-08-19 14:02:00,6600,6600,6600,6600,0
2022-08-19 14:03:00,6600,6600,6600,6600,12000
2022-08-19 14:04:00,6600,6600,6600,6600,0
2022-08-19 14:05:00,6600,6600,6600,6600,0
2022-08-19 14:06:00,6600,6600,6625,6625,82000
2022-08-19 14:07:00,6600,6600,6625,6600,4900
2022-08-19 14:08:00,6600,6600,6625,6600,16600
2022-08-19 14:09:00,6625,6600,6625,6600,1200
2022-08-19 14:10:00,6600,6600,6625,6625,3500
2022-08-19 14:11:00,6600,6600,6625,6625,0
2022-08-19 14:12:00,6600,6600,6625,6625,1300
2022-08-19 14:13:00,6625,6625,6625,6625,200
2022-08-19 14:14:00,6600,6600,6600,6600,22400
2022-08-19 14:15:00,6600,6600,6600,6600,23100
2022-08-19 14:16:00,6600,6600,6600,6600,0
2022-08-19 14:17:00,6600,6600,6600,6600,0
2022-08-19 14:18:00,6600,6600,6600,6600,2800
2022-08-19 14:19:00,6600,6600,6600,6600,19800
2022-08-19 14:20:00,6600,6600,6625,6600,4500
2022-08-19 14:21:00,6600,6600,6600,6600,0
2022-08-19 14:22:00,6600,6600,6625,6625,7200
2022-08-19 14:23:00,6600,6600,6600,6600,47900
2022-08-19 14:24:00,6600,6600,6600,6600,4000
2022-08-19 14:25:00,6600,6600,6600,6600,29500
2022-08-19 14:26:00,6600,6600,6600,6600,0
2022-08-19 14:27:00,6600,6600,6600,6600,0
2022-08-19 14:28:00,6600,6600,6600,6600,19700
2022-08-19 14:29:00,6600,6600,6600,6600,0
2022-08-19 14:30:00,6600,6600,6600,6600,0
2022-08-19 14:31:00,6600,6575,6600,6575,2300
2022-08-19 14:32:00,6600,6600,6600,6600,7000
2022-08-19 14:33:00,6600,6600,6600,6600,500
2022-08-19 14:34:00,6600,6600,6600,6600,0
2022-08-19 14:35:00,6600,6600,6600,6600,0
2022-08-19 14:36:00,6600,6600,6600,6600,0
2022-08-19 14:37:00,6600,6575,6600,6600,3000
2022-08-19 14:38:00,6575,6575,6600,6575,36900
2022-08-19 14:39:00,6575,6575,6575,6575,0
2022-08-19 14:40:00,6575,6575,6600,6600,28500
2022-08-19 14:41:00,6575,6575,6600,6600,3500
2022-08-19 14:42:00,6575,6575,6600,6600,15100
2022-08-19 14:43:00,6600,6575,6600,6600,1700
2022-08-19 14:44:00,6600,6600,6600,6600,400
2022-08-19 14:45:00,6575,6575,6600,6600,7500
2022-08-19 14:46:00,6600,6600,6600,6600,0
2022-08-19 14:47:00,6575,6575,6600,6600,15000
2022-08-19 14:48:00,6600,6575,6600,6600,1300
2022-08-19 14:49:00,6600,6575,6600,6600,1900
2022-08-19 14:50:00,6600,6575,6600,6600,0
2022-08-19 14:51:00,6600,6575,6600,6600,0
2022-08-19 14:52:00,6600,6575,6600,6600,0
2022-08-19 14:53:00,6600,6575,6600,6600,0
2022-08-19 14:54:00,6600,6575,6600,6600,0
2022-08-19 14:55:00,6600,6575,6600,6600,0
2022-08-19 14:56:00,6600,6575,6600,6600,0
2022-08-19 14:57:00,6600,6575,6600,6600,0
2022-08-19 14:58:00,6600,6575,6600,6600,0
2022-08-19 14:59:00,6600,6575,6600,6600,0
2022-08-19 15:00:00,6550,6550,6550,6550,218900
2022-08-19 15:01:00,6550,6550,6550,6550,3000
2022-08-19 15:02:00,6550,6550,6550,6550,2700
2022-08-19 15:03:00,6550,6550,6550,6550,0
2022-08-19 15:04:00,6550,6550,6550,6550,9200
2022-08-19 15:05:00,6550,6550,6550,6550,0
2022-08-19 15:06:00,6550,6550,6550,6550,0
2022-08-19 15:07:00,6550,6550,6550,6550,800
2022-08-19 15:08:00,6550,6550,6550,6550,700
2022-08-19 15:09:00,6550,6550,6550,6550,8000
2022-08-19 15:10:00,6550,6550,6550,6550,6000
2022-08-19 15:11:00,6550,6550,6550,6550,0
2022-08-19 15:12:00,6550,6550,6550,6550,200
2022-08-19 15:13:00,6550,6550,6550,6550,0
2022-08-19 15:14:00,6550,6550,6550,6550,0
2022-08-19 15:15:00,6550,6550,6550,6550,0
2022-08-19 15:16:00,6550,6550,6550,6550,0
2022-08-19 15:17:00,6550,6550,6550,6550,0
2022-08-19 15:18:00,6550,6550,6550,6550,0
2022-08-19 15:19:00,6550,6550,6550,6550,0
2022-08-19 15:20:00,6550,6550,6550,6550,0
2022-08-19 15:21:00,6550,6550,6550,6550,0
2022-08-19 15:22:00,6550,6550,6550,6550,0
2022-08-19 15:23:00,6550,6550,6550,6550,0
2022-08-19 15:24:00,6550,6550,6550,6550,0
2022-08-19 15:25:00,6550,6550,6550,6550,0
2022-08-19 15:26:00,6550,6550,6550,6550,0
2022-08-19 15:27:00,6550,6550,6550,6550,0
2022-08-19 15:28:00,6550,6550,6550,6550,0
2022-08-19 15:29:00,6550,6550,6550,6550,0
2022-08-19 15:30:00,6550,6550,6550,6550,0
2022-08-19 15:31:00,6550,6550,6550,6550,0
2022-08-19 15:32:00,6550,6550,6550,6550,0
2022-08-19 15:33:00,6550,6550,6550,6550,0
2022-08-19 15:34:00,6550,6550,6550,6550,0
2022-08-19 15:35:00,6550,6550,6550,6550,0
2022-08-19 15:36:00,6550,6550,6550,6550,0
2022-08-19 15:37:00,6550,6550,6550,6550,0
2022-08-19 15:38:00,6550,6550,6550,6550,0
2022-08-19 15:39:00,6550,6550,6550,6550,0
2022-08-19 15:40:00,6550,6550,6550,6550,0
2022-08-19 15:41:00,6550,6550,6550,6550,0
2022-08-19 15:42:00,6550,6550,6550,6550,0
2022-08-19 15:43:00,6550,6550,6550,6550,0
2022-08-19 15:44:00,6550,6550,6550,6550,0
2022-08-19 15:45:00,6550,6550,6550,6550,0
2022-08-19 15:46:00,6550,6550,6550,6550,0
2022-08-19 15:47:00,6550,6550,6550,6550,0
2022-08-19 15:48:00,6550,6550,6550,6550,0
2022-08-19 15:49:00,6550,6550,6550,6550,0
2022-08-19 15:50:00,6550,6550,6550,6550,0
2022-08-19 15:51:00,6550,6550,6550,6550,0
2022-08-19 15:52:00,6550,6550,6550,6550,0
2022-08-19 15:53:00,6550,6550,6550,6550,0
2022-08-19 15:54:00,6550,6550,6550,6550,0
2022-08-19 15:55:00,6550,6550,6550,6550,0
2022-08-19 15:56:00,6550,6550,6550,6550,0
2022-08-19 15:57:00,6550,6550,6550,6550,0
2022-08-19 15:58:00,6550,6550,6550,6550,0
2022-08-19 15:59:00,6550,6550,6550,6550,0
2022-08-22 09:00:00,6550,6550,6550,6550,0
2022-08-22 09:01:00,6550,6550,6550,6550,0
2022-08-22 09:02:00,6525,6525,6525,6525,12300
2022-08-22 09:03:00,6525,6525,6550,6550,1600
2022-08-22 09:04:00,6525,6525,6550,6550,0
2022-08-22 09:05:00,6550,6525,6550,6525,2700
2022-08-22 09:06:00,6550,6525,6550,6525,5800
2022-08-22 09:07:00,6525,6525,6525,6525,1000
2022-08-22 09:08:00,6525,6525,6550,6550,700
2022-08-22 09:09:00,6525,6525,6525,6525,5500
2022-08-22 09:10:00,6550,6525,6550,6525,6000
2022-08-22 09:11:00,6550,6550,6550,6550,3700
2022-08-22 09:12:00,6525,6525,6525,6525,16200
2022-08-22 09:13:00,6525,6525,6525,6525,3100
2022-08-22 09:14:00,6550,6525,6550,6525,0
2022-08-22 09:15:00,6550,6525,6550,6525,14100
2022-08-22 09:16:00,6525,6525,6525,6525,1000
2022-08-22 09:17:00,6525,6525,6525,6525,0
2022-08-22 09:18:00,6525,6525,6525,6525,200
2022-08-22 09:19:00,6525,6525,6525,6525,0
2022-08-22 09:20:00,6525,6525,6525,6525,0
2022-08-22 09:21:00,6525,6525,6525,6525,100
2022-08-22 09:22:00,6525,6525,6525,6525,9100
2022-08-22 09:23:00,6550,6550,6550,6550,0
2022-08-22 09:24:00,6550,6525,6550,6525,0
2022-08-22 09:25:00,6525,6525,6525,6525,10500
2022-08-22 09:26:00,6525,6500,6525,6500,12000
2022-08-22 09:27:00,6500,6500,6550,6550,22000
2022-08-22 09:28:00,6525,6525,6525,6525,1100
2022-08-22 09:29:00,6525,6525,6525,6525,1400
2022-08-22 09:30:00,6525,6500,6525,6500,3500
2022-08-22 09:31:00,6500,6500,6500,6500,0
2022-08-22 09:32:00,6525,6525,6525,6525,900
2022-08-22 09:33:00,6525,6525,6525,6525,0
2022-08-22 09:34:00,6525,6500,6525,6500,3400
2022-08-22 09:35:00,6525,6525,6525,6525,300
2022-08-22 09:36:00,6525,6525,6525,6525,800
2022-08-22 09:37:00,6500,6500,6500,6500,55500
2022-08-22 09:38:00,6500,6500,6500,6500,0
2022-08-22 09:39:00,6525,6500,6525,6500,7200
2022-08-22 09:40:00,6475,6475,6500,6475,52300
2022-08-22 09:41:00,6475,6450,6475,6450,67100
2022-08-22 09:42:00,6450,6450,6450,6450,0
2022-08-22 09:43:00,6450,6450,6450,6450,8200
2022-08-22 09:44:00,6450,6425,6450,6425,11900
2022-08-22 09:45:00,6425,6425,6475,6450,39100
2022-08-22 09:46:00,6450,6425,6450,6450,7600
2022-08-22 09:47:00,6450,6450,6450,6450,1500
2022-08-22 09:48:00,6450,6450,6450,6450,15600
2022-08-22 09:49:00,6450,6450,6450,6450,4600
2022-08-22 09:50:00,6450,6425,6450,6425,4400
2022-08-22 09:51:00,6450,6425,6450,6425,0
2022-08-22 09:52:00,6450,6425,6450,6425,1200
2022-08-22 09:53:00,6425,6425,6425,6425,1900
2022-08-22 09:54:00,6450,6450,6450,6450,0
2022-08-22 09:55:00,6450,6425,6450,6425,12200
2022-08-22 09:56:00,6425,6425,6450,6450,900
2022-08-22 09:57:00,6425,6425,6450,6450,3400
2022-08-22 09:58:00,6450,6425,6450,6425,34500
2022-08-22 09:59:00,6425,6425,6425,6425,78100
2022-08-22 10:00:00,6425,6425,6425,6425,0
2022-08-22 10:01:00,6425,6425,6425,6425,0
2022-08-22 10:02:00,6425,6425,6425,6425,5200
2022-08-22 10:03:00,6450,6450,6450,6450,1700
2022-08-22 10:04:00,6425,6425,6425,6425,2600
2022-08-22 10:05:00,6425,6425,6425,6425,49800
2022-08-22 10:06:00,6425,6425,6425,6425,100
2022-08-22 10:07:00,6400,6400,6425,6400,31900
2022-08-22 10:08:00,6400,6400,6425,6400,10300
2022-08-22 10:09:00,6425,6400,6425,6400,5700
2022-08-22 10:10:00,6400,6400,6400,6400,1000
2022-08-22 10:11:00,6425,6425,6425,6425,20800
2022-08-22 10:12:00,6425,6425,6425,6425,0
2022-08-22 10:13:00,6400,6400,6400,6400,3500
2022-08-22 10:14:00,6425,6425,6425,6425,0
2022-08-22 10:15:00,6425,6425,6425,6425,200
2022-08-22 10:16:00,6425,6425,6425,6425,34800
2022-08-22 10:17:00,6425,6425,6425,6425,0
2022-08-22 10:18:00,6425,6425,6425,6425,17100
2022-08-22 10:19:00,6425,6425,6425,6425,800
2022-08-22 10:20:00,6425,6425,6425,6425,300
2022-08-22 10:21:00,6425,6425,6425,6425,0
2022-08-22 10:22:00,6425,6425,6425,6425,6300
2022-08-22 10:23:00,6425,6425,6425,6425,800
2022-08-22 10:24:00,6400,6400,6400,6400,0
2022-08-22 10:25:00,6400,6400,6400,6400,0
2022-08-22 10:26:00,6425,6425,6425,6425,7600
2022-08-22 10:27:00,6425,6400,6425,6425,28800
2022-08-22 10:28:00,6425,6425,6425,6425,0
2022-08-22 10:29:00,6425,6425,6425,6425,2200
2022-08-22 10:30:00,6425,6425,6425,6425,1000
2022-08-22 10:31:00,6425,6425,6425,6425,0
2022-08-22 10:32:00,6400,6400,6425,6425,2300
2022-08-22 10:33:00,6425,6425,6425,6425,16300
2022-08-22 10:34:00,6425,6425,6425,6425,0
2022-08-22 10:35:00,6400,6400,6425,6425,3900
2022-08-22 10:36:00,6400,6400,6425,6425,0
2022-08-22 10:37:00,6425,6425,6425,6425,9500
2022-08-22 10:38:00,6425,6425,6425,6425,0
2022-08-22 10:39:00,6425,6425,6425,6425,0
2022-08-22 10:40:00,6425,6425,6425,6425,0
2022-08-22 10:41:00,6425,6425,6425,6425,0
2022-08-22 10:42:00,6425,6425,6450,6450,6700
2022-08-22 10:43:00,6425,6425,6450,6450,0
2022-08-22 10:44:00,6425,6425,6450,6450,0
2022-08-22 10:45:00,6425,6425,6450,6450,0
2022-08-22 10:46:00,6425,6425,6450,6450,0
2022-08-22 10:47:00,6450,6425,6450,6425,20100
2022-08-22 10:48:00,6425,6425,6425,6425,13900
2022-08-22 10:49:00,6425,6425,6450,6425,7900
2022-08-22 10:50:00,6425,6425,6425,6425,100
2022-08-22 10:51:00,6425,6425,6425,6425,600
2022-08-22 10:52:00,6425,6425,6425,6425,900
2022-08-22 10:53:00,6425,6425,6425,6425,200
2022-08-22 10:54:00,6425,6425,6425,6425,0
2022-08-22 10:55:00,6425,6425,6425,6425,0
2022-08-22 10:56:00,6425,6425,6425,6425,2300
2022-08-22 10:57:00,6425,6425,6425,6425,4400
2022-08-22 10:58:00,6425,6425,6425,6425,1000
2022-08-22 10:59:00,6425,6425,6425,6425,400
2022-08-22 11:00:00,6400,6400,6400,6400,100
2022-08-22 11:01:00,6400,6400,6400,6400,200
2022-08-22 11:02:00,6400,6400,6400,6400,1100
2022-08-22 11:03:00,6400,6400,6400,6400,0
2022-08-22 11:04:00,6425,6425,6425,6425,100
2022-08-22 11:05:00,6425,6425,6425,6425,0
2022-08-22 11:06:00,6425,6425,6425,6425,0
2022-08-22 11:07:00,6425,6425,6425,6425,5700
2022-08-22 11:08:00,6425,6425,6425,6425,0
2022-08-22 11:09:00,6425,6425,6425,6425,700
2022-08-22 11:10:00,6425,6425,6425,6425,0
2022-08-22 11:11:00,6425,6425,6425,6425,2700
2022-08-22 11:12:00,6425,6425,6425,6425,0
2022-08-22 11:13:00,6425,6425,6425,6425,200
2022-08-22 11:14:00,6450,6425,6450,6425,300
2022-08-22 11:15:00,6450,6450,6475,6475,16600
2022-08-22 11:16:00,6450,6450,6475,6475,0
2022-08-22 11:17:00,6450,6450,6475,6475,0
2022-08-22 11:18:00,6450,6450,6475,6475,0
2022-08-22 11:19:00,6450,6450,6475,6475,0
2022-08-22 11:20:00,6450,6450,6475,6475,0
2022-08-22 11:21:00,6450,6450,6475,6475,0
2022-08-22 11:22:00,6450,6450,6475,6475,0
2022-08-22 11:23:00,6450,6450,6475,6475,0
2022-08-22 11:24:00,6475,6475,6475,6475,900
2022-08-22 11:25:00,6450,6450,6450,6450,3900
2022-08-22 11:26:00,6450,6450,6450,6450,0
2022-08-22 11:27:00,6450,6450,6450,6450,14000
2022-08-22 11:28:00,6450,6450,6450,6450,0
2022-08-22 11:29:00,6450,6450,6450,6450,0
2022-08-22 11:30:00,6450,6450,6450,6450,0
2022-08-22 11:31:00,6450,6450,6450,6450,0
2022-08-22 11:32:00,6450,6450,6450,6450,0
2022-08-22 11:33:00,6450,6450,6450,6450,0
2022-08-22 11:34:00,6450,6450,6450,6450,0
2022-08-22 11:35:00,6450,6450,6450,6450,0
2022-08-22 11:36:00,6450,6450,6450,6450,0
2022-08-22 11:37:00,6450,6450,6450,6450,0
2022-08-22 11:38:00,6450,6450,6450,6450,0
2022-08-22 11:39:00,6450,6450,6450,6450,0
2022-08-22 11:40:00,6450,6450,6450,6450,0
2022-08-22 11:41:00,6450,6450,6450,6450,0
2022-08-22 11:42:00,6450,6450,6450,6450,0
2022-08-22 11:43:00,6450,6450,6450,6450,0
2022-08-22 11:44:00,6450,6450,6450,6450,0
2022-08-22 11:45:00,6450,6450,6450,6450,0
2022-08-22 11:46:00,6450,6450,6450,6450,0
2022-08-22 11:47:00,6450,6450,6450,6450,0
2022-08-22 11:48:00,6450,6450,6450,6450,0
2022-08-22 11:49:00,6450,6450,6450,6450,0
2022-08-22 11:50:00,6450,6450,6450,6450,0
2022-08-22 11:51:00,6450,6450,6450,6450,0
2022-08-22 11:52:00,6450,6450,6450,6450,0
2022-08-22 11:53:00,6450,6450,6450,6450,0
2022-08-22 11:54:00,6450,6450,6450,6450,0
2022-08-22 11:55:00,6450,6450,6450,6450,0
2022-08-22 11:56:00,6450,6450,6450,6450,0
2022-08-22 11:57:00,6450,6450,6450,6450,0
2022-08-22 11:58:00,6450,6450,6450,6450,0
2022-08-22 11:59:00,6450,6450,6450,6450,0
2022-08-22 12:00:00,6450,6450,6450,6450,0
2022-08-22 12:01:00,6450,6450,6450,6450,0
2022-08-22 12:02:00,6450,6450,6450,6450,0
2022-08-22 12:03:00,6450,6450,6450,6450,0
2022-08-22 12:04:00,6450,6450,6450,6450,0
2022-08-22 12:05:00,6450,6450,6450,6450,0
2022-08-22 12:06:00,6450,6450,6450,6450,0
2022-08-22 12:07:00,6450,6450,6450,6450,0
2022-08-22 12:08:00,6450,6450,6450,6450,0
2022-08-22 12:09:00,6450,6450,6450,6450,0
2022-08-22 12:10:00,6450,6450,6450,6450,0
2022-08-22 12:11:00,6450,6450,6450,6450,0
2022-08-22 12:12:00,6450,6450,6450,6450,0
2022-08-22 12:13:00,6450,6450,6450,6450,0
2022-08-22 12:14:00,6450,6450,6450,6450,0
2022-08-22 12:15:00,6450,6450,6450,6450,0
2022-08-22 12:16:00,6450,6450,6450,6450,0
2022-08-22 12:17:00,6450,6450,6450,6450,0
2022-08-22 12:18:00,6450,6450,6450,6450,0
2022-08-22 12:19:00,6450,6450,6450,6450,0
2022-08-22 12:20:00,6450,6450,6450,6450,0
2022-08-22 12:21:00,6450,6450,6450,6450,0
2022-08-22 12:22:00,6450,6450,6450,6450,0
2022-08-22 12:23:00,6450,6450,6450,6450,0
2022-08-22 12:24:00,6450,6450,6450,6450,0
2022-08-22 12:25:00,6450,6450,6450,6450,0
2022-08-22 12:26:00,6450,6450,6450,6450,0
2022-08-22 12:27:00,6450,6450,6450,6450,0
2022-08-22 12:28:00,6450,6450,6450,6450,0
2022-08-22 12:29:00,6450,6450,6450,6450,0
2022-08-22 12:30:00,6450,6450,6450,6450,0
2022-08-22 12:31:00,6450,6450,6450,6450,0
2022-08-22 12:32:00,6450,6450,6450,6450,0
2022-08-22 12:33:00,6450,6450,6450,6450,0
2022-08-22 12:34:00,6450,6450,6450,6450,0
2022-08-22 12:35:00,6450,6450,6450,6450,0
2022-08-22 12:36:00,6450,6450,6450,6450,0
2022-08-22 12:37:00,6450,6450,6450,6450,0
2022-08-22 12:38:00,6450,6450,6450,6450,0
2022-08-22 12:39:00,6450,6450,6450,6450,0
2022-08-22 12:40:00,6450,6450,6450,6450,0
2022-08-22 12:41:00,6450,6450,6450,6450,0
2022-08-22 12:42:00,6450,6450,6450,6450,0
2022-08-22 12:43:00,6450,6450,6450,6450,0
2022-08-22 12:44:00,6450,6450,6450,6450,0
2022-08-22 12:45:00,6450,6450,6450,6450,0
2022-08-22 12:46:00,6450,6450,6450,6450,0
2022-08-22 12:47:00,6450,6450,6450,6450,0
2022-08-22 12:48:00,6450,6450,6450,6450,0
2022-08-22 12:49:00,6450,6450,6450,6450,0
2022-08-22 12:50:00,6450,6450,6450,6450,0
2022-08-22 12:51:00,6450,6450,6450,6450,0
2022-08-22 12:52:00,6450,6450,6450,6450,0
2022-08-22 12:53:00,6450,6450,6450,6450,0
2022-08-22 12:54:00,6450,6450,6450,6450,0
2022-08-22 12:55:00,6450,6450,6450,6450,0
2022-08-22 12:56:00,6450,6450,6450,6450,0
2022-08-22 12:57:00,6450,6450,6450,6450,0
2022-08-22 12:58:00,6450,6450,6450,6450,0
2022-08-22 12:59:00,6450,6450,6450,6450,0
2022-08-22 13:00:00,6450,6450,6450,6450,0
2022-08-22 13:01:00,6450,6450,6450,6450,0
2022-08-22 13:02:00,6450,6450,6450,6450,0
2022-08-22 13:03:00,6450,6450,6450,6450,0
2022-08-22 13:04:00,6450,6450,6450,6450,0
2022-08-22 13:05:00,6450,6450,6450,6450,0
2022-08-22 13:06:00,6450,6450,6450,6450,0
2022-08-22 13:07:00,6450,6450,6450,6450,0
2022-08-22 13:08:00,6450,6450,6450,6450,0
2022-08-22 13:09:00,6450,6450,6450,6450,0
2022-08-22 13:10:00,6450,6450,6450,6450,0
2022-08-22 13:11:00,6450,6450,6450,6450,0
2022-08-22 13:12:00,6450,6450,6450,6450,0
2022-08-22 13:13:00,6450,6450,6450,6450,0
2022-08-22 13:14:00,6450,6450,6450,6450,0
2022-08-22 13:15:00,6450,6450,6450,6450,0
2022-08-22 13:16:00,6450,6450,6450,6450,0
2022-08-22 13:17:00,6450,6450,6450,6450,0
2022-08-22 13:18:00,6450,6450,6450,6450,0
2022-08-22 13:19:00,6450,6450,6450,6450,0
2022-08-22 13:20:00,6450,6450,6450,6450,0
2022-08-22 13:21:00,6450,6450,6450,6450,0
2022-08-22 13:22:00,6450,6450,6450,6450,0
2022-08-22 13:23:00,6450,6450,6450,6450,0
2022-08-22 13:24:00,6450,6450,6450,6450,0
2022-08-22 13:25:00,6450,6450,6450,6450,0
2022-08-22 13:26:00,6450,6450,6450,6450,0
2022-08-22 13:27:00,6450,6450,6450,6450,0
2022-08-22 13:28:00,6450,6450,6450,6450,0
2022-08-22 13:29:00,6450,6450,6450,6450,0
2022-08-22 13:30:00,6450,6450,6450,6450,5700
2022-08-22 13:31:00,6450,6450,6450,6450,0
2022-08-22 13:32:00,6450,6450,6450,6450,6800
2022-08-22 13:33:00,6450,6450,6450,6450,1600
2022-08-22 13:34:00,6425,6425,6425,6425,200
2022-08-22 13:35:00,6425,6425,6425,6425,0
2022-08-22 13:36:00,6425,6425,6425,6425,900
2022-08-22 13:37:00,6450,6450,6450,6450,0
2022-08-22 13:38:00,6450,6450,6450,6450,500
2022-08-22 13:39:00,6450,6450,6450,6450,8100
2022-08-22 13:40:00,6450,6450,6450,6450,0
2022-08-22 13:41:00,6450,6450,6450,6450,0
2022-08-22 13:42:00,6450,6450,6450,6450,0
2022-08-22 13:43:00,6450,6450,6450,6450,0
2022-08-22 13:44:00,6425,6425,6425,6425,700
2022-08-22 13:45:00,6425,6425,6425,6425,600
2022-08-22 13:46:00,6425,6425,6425,6425,0
2022-08-22 13:47:00,6425,6425,6425,6425,200
2022-08-22 13:48:00,6450,6450,6450,6450,300
2022-08-22 13:49:00,6450,6450,6450,6450,1000
2022-08-22 13:50:00,6450,6450,6450,6450,0
2022-08-22 13:51:00,6450,6450,6450,6450,0
2022-08-22 13:52:00,6450,6450,6450,6450,0
2022-08-22 13:53:00,6450,6425,6450,6425,1600
2022-08-22 13:54:00,6450,6425,6450,6425,0
2022-08-22 13:55:00,6425,6425,6425,6425,13400
2022-08-22 13:56:00,6425,6425,6425,6425,16100
2022-08-22 13:57:00,6425,6425,6425,6425,0
2022-08-22 13:58:00,6425,6425,6425,6425,0
2022-08-22 13:59:00,6425,6425,6425,6425,0
2022-08-22 14:00:00,6425,6425,6425,6425,8000
2022-08-22 14:01:00,6425,6425,6425,6425,0
2022-08-22 14:02:00,6425,6425,6425,6425,0
2022-08-22 14:03:00,6450,6425,6450,6425,1900
2022-08-22 14:04:00,6450,6425,6450,6425,0
2022-08-22 14:05:00,6450,6425,6450,6425,0
2022-08-22 14:06:00,6450,6425,6450,6425,0
2022-08-22 14:07:00,6450,6425,6450,6425,0
2022-08-22 14:08:00,6425,6425,6425,6425,600
2022-08-22 14:09:00,6425,6425,6425,6425,5000
2022-08-22 14:10:00,6450,6450,6450,6450,0
2022-08-22 14:11:00,6425,6425,6425,6425,9900
2022-08-22 14:12:00,6450,6450,6450,6450,0
2022-08-22 14:13:00,6450,6450,6450,6450,0
2022-08-22 14:14:00,6450,6425,6450,6450,3300
2022-08-22 14:15:00,6450,6450,6450,6450,400
2022-08-22 14:16:00,6450,6450,6450,6450,1000
2022-08-22 14:17:00,6425,6425,6425,6425,0
2022-08-22 14:18:00,6450,6450,6450,6450,26700
2022-08-22 14:19:00,6450,6450,6450,6450,0
2022-08-22 14:20:00,6450,6450,6450,6450,0
2022-08-22 14:21:00,6450,6450,6450,6450,300
2022-08-22 14:22:00,6450,6450,6450,6450,0
2022-08-22 14:23:00,6450,6450,6450,6450,4600
2022-08-22 14:24:00,6450,6450,6450,6450,0
2022-08-22 14:25:00,6450,6450,6450,6450,0
2022-08-22 14:26:00,6450,6450,6450,6450,0
2022-08-22 14:27:00,6450,6450,6450,6450,0
2022-08-22 14:28:00,6450,6450,6450,6450,0
2022-08-22 14:29:00,6450,6450,6450,6450,0
2022-08-22 14:30:00,6475,6475,6475,6475,200
2022-08-22 14:31:00,6475,6475,6475,6475,900
2022-08-22 14:32:00,6450,6450,6475,6475,200
2022-08-22 14:33:00,6475,6450,6475,6450,8500
2022-08-22 14:34:00,6475,6450,6475,6450,0
2022-08-22 14:35:00,6475,6475,6475,6475,0
2022-08-22 14:36:00,6475,6475,6475,6475,0
2022-08-22 14:37:00,6475,6475,6475,6475,0
2022-08-22 14:38:00,6450,6450,6450,6450,200
2022-08-22 14:39:00,6450,6450,6450,6450,0
2022-08-22 14:40:00,6450,6450,6450,6450,0
2022-08-22 14:41:00,6450,6450,6450,6450,0
2022-08-22 14:42:00,6450,6450,6450,6450,2800
2022-08-22 14:43:00,6450,6450,6450,6450,7800
2022-08-22 14:44:00,6450,6450,6475,6450,400
2022-08-22 14:45:00,6450,6450,6450,6450,11500
2022-08-22 14:46:00,6450,6450,6475,6450,2200
2022-08-22 14:47:00,6450,6450,6450,6450,0
2022-08-22 14:48:00,6450,6450,6450,6450,1300
2022-08-22 14:49:00,6450,6450,6450,6450,200
2022-08-22 14:50:00,6450,6450,6450,6450,0
2022-08-22 14:51:00,6450,6450,6450,6450,0
2022-08-22 14:52:00,6450,6450,6450,6450,0
2022-08-22 14:53:00,6450,6450,6450,6450,0
2022-08-22 14:54:00,6450,6450,6450,6450,0
2022-08-22 14:55:00,6450,6450,6450,6450,0
2022-08-22 14:56:00,6450,6450,6450,6450,0
2022-08-22 14:57:00,6450,6450,6450,6450,0
2022-08-22 14:58:00,6450,6450,6450,6450,0
2022-08-22 14:59:00,6450,6450,6450,6450,0
2022-08-22 15:00:00,6500,6500,6500,6500,75300
2022-08-22 15:01:00,6500,6500,6500,6500,100
2022-08-22 15:02:00,6500,6500,6500,6500,0
2022-08-22 15:03:00,6500,6500,6500,6500,0
2022-08-22 15:04:00,6500,6500,6500,6500,0
2022-08-22 15:05:00,6500,6500,6500,6500,0
2022-08-22 15:06:00,6500,6500,6500,6500,200
2022-08-22 15:07:00,6500,6500,6500,6500,0
2022-08-22 15:08:00,6500,6500,6500,6500,0
2022-08-22 15:09:00,6500,6500,6500,6500,0
2022-08-22 15:10:00,6500,6500,6500,6500,0
2022-08-22 15:11:00,6500,6500,6500,6500,0
2022-08-22 15:12:00,6500,6500,6500,6500,0
2022-08-22 15:13:00,6500,6500,6500,6500,0
2022-08-22 15:14:00,6500,6500,6500,6500,0
2022-08-22 15:15:00,6500,6500,6500,6500,0
2022-08-22 15:16:00,6500,6500,6500,6500,0
2022-08-22 15:17:00,6500,6500,6500,6500,0
2022-08-22 15:18:00,6500,6500,6500,6500,0
2022-08-22 15:19:00,6500,6500,6500,6500,0
2022-08-22 15:20:00,6500,6500,6500,6500,0
2022-08-22 15:21:00,6500,6500,6500,6500,0
2022-08-22 15:22:00,6500,6500,6500,6500,0
2022-08-22 15:23:00,6500,6500,6500,6500,0
2022-08-22 15:24:00,6500,6500,6500,6500,0
2022-08-22 15:25:00,6500,6500,6500,6500,0
2022-08-22 15:26:00,6500,6500,6500,6500,0
2022-08-22 15:27:00,6500,6500,6500,6500,0
2022-08-22 15:28:00,6500,6500,6500,6500,0
2022-08-22 15:29:00,6500,6500,6500,6500,0
2022-08-22 15:30:00,6500,6500,6500,6500,0
2022-08-22 15:31:00,6500,6500,6500,6500,0
2022-08-22 15:32:00,6500,6500,6500,6500,0
2022-08-22 15:33:00,6500,6500,6500,6500,0
2022-08-22 15:34:00,6500,6500,6500,6500,0
2022-08-22 15:35:00,6500,6500,6500,6500,0
2022-08-22 15:36:00,6500,6500,6500,6500,0
2022-08-22 15:37:00,6500,6500,6500,6500,0
2022-08-22 15:38:00,6500,6500,6500,6500,0
2022-08-22 15:39:00,6500,6500,6500,6500,0
2022-08-22 15:40:00,6500,6500,6500,6500,0
2022-08-22 15:41:00,6500,6500,6500,6500,0
2022-08-22 15:42:00,6500,6500,6500,6500,0
2022-08-22 15:43:00,6500,6500,6500,6500,0
2022-08-22 15:44:00,6500,6500,6500,6500,0
2022-08-22 15:45:00,6500,6500,6500,6500,0
2022-08-22 15:46:00,6500,6500,6500,6500,0
2022-08-22 15:47:00,6500,6500,6500,6500,0
2022-08-22 15:48:00,6500,6500,6500,6500,0
2022-08-22 15:49:00,6500,6500,6500,6500,0
2022-08-22 15:50:00,6500,6500,6500,6500,0
2022-08-22 15:51:00,6500,6500,6500,6500,0
2022-08-22 15:52:00,6500,6500,6500,6500,0
2022-08-22 15:53:00,6500,6500,6500,6500,0
2022-08-22 15:54:00,6500,6500,6500,6500,0
2022-08-22 15:55:00,6500,6500,6500,6500,0
2022-08-22 15:56:00,6500,6500,6500,6500,0
2022-08-22 15:57:00,6500,6500,6500,6500,0
2022-08-22 15:58:00,6500,6500,6500,6500,0
2022-08-22 15:59:00,6500,6500,6500,6500,0
2022-08-23 09:00:00,6475,6300,6475,6450,83100
2022-08-23 09:01:00,6425,6425,6425,6425,200
2022-08-23 09:02:00,6425,6425,6425,6425,200
2022-08-23 09:03:00,6425,6425,6425,6425,1200
2022-08-23 09:04:00,6425,6425,6450,6425,200
2022-08-23 09:05:00,6425,6425,6450,6425,0
2022-08-23 09:06:00,6450,6450,6450,6450,500
2022-08-23 09:07:00,6425,6425,6425,6425,0
2022-08-23 09:08:00,6425,6425,6450,6450,800
2022-08-23 09:09:00,6425,6425,6450,6450,0
2022-08-23 09:10:00,6425,6425,6450,6450,0
2022-08-23 09:11:00,6425,6425,6450,6450,0
2022-08-23 09:12:00,6425,6425,6450,6450,0
2022-08-23 09:13:00,6450,6425,6450,6450,25300
2022-08-23 09:14:00,6450,6450,6450,6450,0
2022-08-23 09:15:00,6450,6450,6450,6450,800
2022-08-23 09:16:00,6450,6450,6450,6450,0
2022-08-23 09:17:00,6450,6450,6450,6450,0
2022-08-23 09:18:00,6425,6425,6425,6425,8300
2022-08-23 09:19:00,6425,6425,6425,6425,0
2022-08-23 09:20:00,6450,6450,6450,6450,900
2022-08-23 09:21:00,6450,6450,6450,6450,0
2022-08-23 09:22:00,6450,6450,6450,6450,1000
2022-08-23 09:23:00,6450,6450,6450,6450,0
2022-08-23 09:24:00,6425,6425,6425,6425,11600
2022-08-23 09:25:00,6425,6425,6425,6425,0
2022-08-23 09:26:00,6425,6425,6425,6425,0
2022-08-23 09:27:00,6425,6425,6425,6425,300
2022-08-23 09:28:00,6450,6450,6450,6450,1700
2022-08-23 09:29:00,6450,6425,6450,6425,100
2022-08-23 09:30:00,6425,6425,6425,6425,0
2022-08-23 09:31:00,6425,6425,6450,6450,3300
2022-08-23 09:32:00,6450,6450,6450,6450,14600
2022-08-23 09:33:00,6450,6450,6450,6450,5000
2022-08-23 09:34:00,6450,6450,6450,6450,0
2022-08-23 09:35:00,6475,6475,6475,6475,0
2022-08-23 09:36:00,6475,6475,6475,6475,3200
2022-08-23 09:37:00,6475,6475,6475,6475,400
2022-08-23 09:38:00,6475,6475,6475,6475,5100
2022-08-23 09:39:00,6475,6475,6475,6475,500
2022-08-23 09:40:00,6475,6475,6475,6475,1800
2022-08-23 09:41:00,6475,6475,6475,6475,0
2022-08-23 09:42:00,6475,6475,6475,6475,0
2022-08-23 09:43:00,6475,6475,6475,6475,0
2022-08-23 09:44:00,6475,6475,6475,6475,0
2022-08-23 09:45:00,6475,6475,6475,6475,0
2022-08-23 09:46:00,6500,6500,6500,6500,15100
2022-08-23 09:47:00,6475,6475,6500,6500,26000
2022-08-23 09:48:00,6475,6475,6475,6475,400
2022-08-23 09:49:00,6475,6475,6475,6475,1100
2022-08-23 09:50:00,6475,6475,6475,6475,100
2022-08-23 09:51:00,6475,6475,6475,6475,0
2022-08-23 09:52:00,6475,6475,6475,6475,400
2022-08-23 09:53:00,6475,6475,6475,6475,1400
2022-08-23 09:54:00,6500,6500,6500,6500,1200
2022-08-23 09:55:00,6500,6500,6500,6500,0
2022-08-23 09:56:00,6475,6475,6475,6475,300
2022-08-23 09:57:00,6475,6475,6475,6475,0
2022-08-23 09:58:00,6475,6475,6475,6475,0
2022-08-23 09:59:00,6475,6475,6475,6475,0
2022-08-23 10:00:00,6475,6475,6475,6475,3200
2022-08-23 10:01:00,6475,6475,6475,6475,0
2022-08-23 10:02:00,6475,6475,6475,6475,36400
2022-08-23 10:03:00,6475,6450,6475,6475,2400
2022-08-23 10:04:00,6475,6475,6475,6475,100
2022-08-23 10:05:00,6475,6475,6475,6475,400
2022-08-23 10:06:00,6475,6475,6475,6475,0
2022-08-23 10:07:00,6450,6450,6450,6450,1600
2022-08-23 10:08:00,6475,6475,6500,6500,2300
2022-08-23 10:09:00,6475,6475,6475,6475,1600
2022-08-23 10:10:00,6475,6475,6475,6475,4000
2022-08-23 10:11:00,6475,6475,6475,6475,300
2022-08-23 10:12:00,6475,6475,6475,6475,600
2022-08-23 10:13:00,6475,6475,6475,6475,0
2022-08-23 10:14:00,6475,6475,6475,6475,0
2022-08-23 10:15:00,6475,6475,6475,6475,0
2022-08-23 10:16:00,6475,6475,6475,6475,0
2022-08-23 10:17:00,6475,6475,6475,6475,1500
2022-08-23 10:18:00,6450,6450,6450,6450,3900
2022-08-23 10:19:00,6475,6475,6475,6475,0
2022-08-23 10:20:00,6475,6475,6475,6475,0
2022-08-23 10:21:00,6450,6450,6450,6450,200
2022-08-23 10:22:00,6450,6450,6450,6450,0
2022-08-23 10:23:00,6450,6450,6450,6450,0
2022-08-23 10:24:00,6450,6450,6450,6450,600
2022-08-23 10:25:00,6475,6475,6475,6475,100
2022-08-23 10:26:00,6475,6475,6475,6475,800
2022-08-23 10:27:00,6475,6475,6475,6475,0
2022-08-23 10:28:00,6475,6475,6475,6475,0
2022-08-23 10:29:00,6475,6475,6475,6475,1800
2022-08-23 10:30:00,6475,6475,6475,6475,1300
2022-08-23 10:31:00,6475,6475,6475,6475,7400
2022-08-23 10:32:00,6475,6475,6475,6475,0
2022-08-23 10:33:00,6475,6475,6475,6475,0
2022-08-23 10:34:00,6450,6450,6450,6450,0
2022-08-23 10:35:00,6450,6450,6450,6450,400
2022-08-23 10:36:00,6450,6450,6450,6450,0
2022-08-23 10:37:00,6450,6450,6450,6450,400
2022-08-23 10:38:00,6450,6450,6475,6475,2100
2022-08-23 10:39:00,6450,6450,6450,6450,170100
2022-08-23 10:40:00,6450,6450,6450,6450,0
2022-08-23 10:41:00,6450,6450,6450,6450,0
2022-08-23 10:42:00,6450,6450,6475,6475,17200
2022-08-23 10:43:00,6450,6450,6475,6475,0
2022-08-23 10:44:00,6450,6450,6475,6475,0
2022-08-23 10:45:00,6450,6450,6475,6475,0
2022-08-23 10:46:00,6500,6500,6500,6500,65400
2022-08-23 10:47:00,6525,6525,6525,6525,32700
2022-08-23 10:48:00,6525,6500,6525,6525,19200
2022-08-23 10:49:00,6525,6525,6525,6525,0
2022-08-23 10:50:00,6550,6550,6550,6550,12300
2022-08-23 10:51:00,6550,6525,6550,6550,61800
2022-08-23 10:52:00,6550,6550,6550,6550,43700
2022-08-23 10:53:00,6575,6550,6575,6550,14000
2022-08-23 10:54:00,6575,6550,6575,6550,0
2022-08-23 10:55:00,6525,6525,6525,6525,0
2022-08-23 10:56:00,6525,6525,6525,6525,0
2022-08-23 10:57:00,6525,6525,6525,6525,200
2022-08-23 10:58:00,6525,6525,6525,6525,0
2022-08-23 10:59:00,6525,6525,6525,6525,600
2022-08-23 11:00:00,6525,6525,6525,6525,0
2022-08-23 11:01:00,6525,6525,6525,6525,0
2022-08-23 11:02:00,6525,6525,6525,6525,4800
2022-08-23 11:03:00,6525,6525,6525,6525,0
2022-08-23 11:04:00,6525,6525,6525,6525,0
2022-08-23 11:05:00,6525,6525,6525,6525,1200
2022-08-23 11:06:00,6525,6525,6525,6525,3400
2022-08-23 11:07:00,6525,6525,6525,6525,300
2022-08-23 11:08:00,6525,6525,6525,6525,0
2022-08-23 11:09:00,6525,6525,6525,6525,0
2022-08-23 11:10:00,6525,6525,6525,6525,0
2022-08-23 11:11:00,6525,6525,6525,6525,0
2022-08-23 11:12:00,6525,6525,6525,6525,3100
2022-08-23 11:13:00,6525,6525,6525,6525,1700
2022-08-23 11:14:00,6525,6525,6525,6525,0
2022-08-23 11:15:00,6525,6525,6525,6525,1900
2022-08-23 11:16:00,6525,6525,6525,6525,0
2022-08-23 11:17:00,6525,6525,6525,6525,0
2022-08-23 11:18:00,6525,6525,6525,6525,0
2022-08-23 11:19:00,6525,6525,6525,6525,700
2022-08-23 11:20:00,6550,6525,6550,6525,13400
2022-08-23 11:21:00,6525,6525,6525,6525,10000
2022-08-23 11:22:00,6525,6525,6550,6550,0
2022-08-23 11:23:00,6525,6525,6525,6525,0
2022-08-23 11:24:00,6525,6525,6525,6525,2900
2022-08-23 11:25:00,6525,6525,6525,6525,0
2022-08-23 11:26:00,6525,6525,6525,6525,0
2022-08-23 11:27:00,6525,6525,6525,6525,400
2022-08-23 11:28:00,6525,6525,6525,6525,1300
2022-08-23 11:29:00,6525,6525,6550,6550,4500
2022-08-23 11:30:00,6525,6525,6550,6550,0
2022-08-23 11:31:00,6525,6525,6550,6550,0
2022-08-23 11:32:00,6525,6525,6550,6550,0
2022-08-23 11:33:00,6525,6525,6550,6550,0
2022-08-23 11:34:00,6525,6525,6550,6550,0
2022-08-23 11:35:00,6525,6525,6550,6550,0
2022-08-23 11:36:00,6525,6525,6550,6550,0
2022-08-23 11:37:00,6525,6525,6550,6550,0
2022-08-23 11:38:00,6525,6525,6550,6550,0
2022-08-23 11:39:00,6525,6525,6550,6550,0
2022-08-23 11:40:00,6525,6525,6550,6550,0
2022-08-23 11:41:00,6525,6525,6550,6550,0
2022-08-23 11:42:00,6525,6525,6550,6550,0
2022-08-23 11:43:00,6525,6525,6550,6550,0
2022-08-23 11:44:00,6525,6525,6550,6550,0
2022-08-23 11:45:00,6525,6525,6550,6550,0
2022-08-23 11:46:00,6525,6525,6550,6550,0
2022-08-23 11:47:00,6525,6525,6550,6550,0
2022-08-23 11:48:00,6525,6525,6550,6550,0
2022-08-23 11:49:00,6525,6525,6550,6550,0
2022-08-23 11:50:00,6525,6525,6550,6550,0
2022-08-23 11:51:00,6525,6525,6550,6550,0
2022-08-23 11:52:00,6525,6525,6550,6550,0
2022-08-23 11:53:00,6525,6525,6550,6550,0
2022-08-23 11:54:00,6525,6525,6550,6550,0
2022-08-23 11:55:00,6525,6525,6550,6550,0
2022-08-23 11:56:00,6525,6525,6550,6550,0
2022-08-23 11:57:00,6525,6525,6550,6550,0
2022-08-23 11:58:00,6525,6525,6550,6550,0
2022-08-23 11:59:00,6525,6525,6550,6550,0
2022-08-23 12:00:00,6525,6525,6550,6550,0
2022-08-23 12:01:00,6525,6525,6550,6550,0
2022-08-23 12:02:00,6525,6525,6550,6550,0
2022-08-23 12:03:00,6525,6525,6550,6550,0
2022-08-23 12:04:00,6525,6525,6550,6550,0
2022-08-23 12:05:00,6525,6525,6550,6550,0
2022-08-23 12:06:00,6525,6525,6550,6550,0
2022-08-23 12:07:00,6525,6525,6550,6550,0
2022-08-23 12:08:00,6525,6525,6550,6550,0
2022-08-23 12:09:00,6525,6525,6550,6550,0
2022-08-23 12:10:00,6525,6525,6550,6550,0
2022-08-23 12:11:00,6525,6525,6550,6550,0
2022-08-23 12:12:00,6525,6525,6550,6550,0
2022-08-23 12:13:00,6525,6525,6550,6550,0
2022-08-23 12:14:00,6525,6525,6550,6550,0
2022-08-23 12:15:00,6525,6525,6550,6550,0
2022-08-23 12:16:00,6525,6525,6550,6550,0
2022-08-23 12:17:00,6525,6525,6550,6550,0
2022-08-23 12:18:00,6525,6525,6550,6550,0
2022-08-23 12:19:00,6525,6525,6550,6550,0
2022-08-23 12:20:00,6525,6525,6550,6550,0
2022-08-23 12:21:00,6525,6525,6550,6550,0
2022-08-23 12:22:00,6525,6525,6550,6550,0
2022-08-23 12:23:00,6525,6525,6550,6550,0
2022-08-23 12:24:00,6525,6525,6550,6550,0
2022-08-23 12:25:00,6525,6525,6550,6550,0
2022-08-23 12:26:00,6525,6525,6550,6550,0
2022-08-23 12:27:00,6525,6525,6550,6550,0
2022-08-23 12:28:00,6525,6525,6550,6550,0
2022-08-23 12:29:00,6525,6525,6550,6550,0
2022-08-23 12:30:00,6525,6525,6550,6550,0
2022-08-23 12:31:00,6525,6525,6550,6550,0
2022-08-23 12:32:00,6525,6525,6550,6550,0
2022-08-23 12:33:00,6525,6525,6550,6550,0
2022-08-23 12:34:00,6525,6525,6550,6550,0
2022-08-23 12:35:00,6525,6525,6550,6550,0
2022-08-23 12:36:00,6525,6525,6550,6550,0
2022-08-23 12:37:00,6525,6525,6550,6550,0
2022-08-23 12:38:00,6525,6525,6550,6550,0
2022-08-23 12:39:00,6525,6525,6550,6550,0
2022-08-23 12:40:00,6525,6525,6550,6550,0
2022-08-23 12:41:00,6525,6525,6550,6550,0
2022-08-23 12:42:00,6525,6525,6550,6550,0
2022-08-23 12:43:00,6525,6525,6550,6550,0
2022-08-23 12:44:00,6525,6525,6550,6550,0
2022-08-23 12:45:00,6525,6525,6550,6550,0
2022-08-23 12:46:00,6525,6525,6550,6550,0
2022-08-23 12:47:00,6525,6525,6550,6550,0
2022-08-23 12:48:00,6525,6525,6550,6550,0
2022-08-23 12:49:00,6525,6525,6550,6550,0
2022-08-23 12:50:00,6525,6525,6550,6550,0
2022-08-23 12:51:00,6525,6525,6550,6550,0
2022-08-23 12:52:00,6525,6525,6550,6550,0
2022-08-23 12:53:00,6525,6525,6550,6550,0
2022-08-23 12:54:00,6525,6525,6550,6550,0
2022-08-23 12:55:00,6525,6525,6550,6550,0
2022-08-23 12:56:00,6525,6525,6550,6550,0
2022-08-23 12:57:00,6525,6525,6550,6550,0
2022-08-23 12:58:00,6525,6525,6550,6550,0
2022-08-23 12:59:00,6525,6525,6550,6550,0
2022-08-23 13:00:00,6525,6525,6550,6550,0
2022-08-23 13:01:00,6525,6525,6550,6550,0
2022-08-23 13:02:00,6525,6525,6550,6550,0
2022-08-23 13:03:00,6525,6525,6550,6550,0
2022-08-23 13:04:00,6525,6525,6550,6550,0
2022-08-23 13:05:00,6525,6525,6550,6550,0
2022-08-23 13:06:00,6525,6525,6550,6550,0
2022-08-23 13:07:00,6525,6525,6550,6550,0
2022-08-23 13:08:00,6525,6525,6550,6550,0
2022-08-23 13:09:00,6525,6525,6550,6550,0
2022-08-23 13:10:00,6525,6525,6550,6550,0
2022-08-23 13:11:00,6525,6525,6550,6550,0
2022-08-23 13:12:00,6525,6525,6550,6550,0
2022-08-23 13:13:00,6525,6525,6550,6550,0
2022-08-23 13:14:00,6525,6525,6550,6550,0
2022-08-23 13:15:00,6525,6525,6550,6550,0
2022-08-23 13:16:00,6525,6525,6550,6550,0
2022-08-23 13:17:00,6525,6525,6550,6550,0
2022-08-23 13:18:00,6525,6525,6550,6550,0
2022-08-23 13:19:00,6525,6525,6550,6550,0
2022-08-23 13:20:00,6525,6525,6550,6550,0
2022-08-23 13:21:00,6525,6525,6550,6550,0
2022-08-23 13:22:00,6525,6525,6550,6550,0
2022-08-23 13:23:00,6525,6525,6550,6550,0
2022-08-23 13:24:00,6525,6525,6550,6550,0
2022-08-23 13:25:00,6525,6525,6550,6550,0
2022-08-23 13:26:00,6525,6525,6550,6550,0
2022-08-23 13:27:00,6525,6525,6550,6550,0
2022-08-23 13:28:00,6525,6525,6550,6550,0
2022-08-23 13:29:00,6525,6525,6550,6550,0
2022-08-23 13:30:00,6525,6500,6550,6500,38300
2022-08-23 13:31:00,6525,6500,6550,6500,0
2022-08-23 13:32:00,6525,6525,6525,6525,14100
2022-08-23 13:33:00,6525,6525,6525,6525,12800
2022-08-23 13:34:00,6550,6550,6550,6550,9400
2022-08-23 13:35:00,6550,6550,6550,6550,14200
2022-08-23 13:36:00,6550,6550,6550,6550,0
2022-08-23 13:37:00,6525,6525,6525,6525,200
2022-08-23 13:38:00,6525,6525,6525,6525,200
2022-08-23 13:39:00,6550,6550,6550,6550,2500
2022-08-23 13:40:00,6550,6550,6550,6550,0
2022-08-23 13:41:00,6550,6550,6550,6550,27800
2022-08-23 13:42:00,6525,6525,6525,6525,0
2022-08-23 13:43:00,6525,6525,6525,6525,5000
2022-08-23 13:44:00,6525,6525,6525,6525,0
2022-08-23 13:45:00,6525,6525,6525,6525,0
2022-08-23 13:46:00,6525,6525,6525,6525,1200
2022-08-23 13:47:00,6525,6525,6525,6525,0
2022-08-23 13:48:00,6525,6525,6525,6525,500
2022-08-23 13:49:00,6525,6525,6525,6525,900
2022-08-23 13:50:00,6525,6525,6525,6525,42100
2022-08-23 13:51:00,6525,6525,6525,6525,0
2022-08-23 13:52:00,6525,6525,6525,6525,1200
2022-08-23 13:53:00,6525,6525,6525,6525,3400
2022-08-23 13:54:00,6525,6525,6525,6525,1000
2022-08-23 13:55:00,6525,6525,6525,6525,0
2022-08-23 13:56:00,6525,6525,6550,6550,14700
2022-08-23 13:57:00,6525,6525,6525,6525,1500
2022-08-23 13:58:00,6550,6525,6550,6525,9100
2022-08-23 13:59:00,6525,6525,6525,6525,1100
2022-08-23 14:00:00,6550,6525,6550,6525,12100
2022-08-23 14:01:00,6525,6525,6525,6525,18500
2022-08-23 14:02:00,6525,6525,6525,6525,0
2022-08-23 14:03:00,6525,6525,6525,6525,1000
2022-08-23 14:04:00,6525,6525,6525,6525,1100
2022-08-23 14:05:00,6525,6525,6525,6525,500
2022-08-23 14:06:00,6525,6525,6550,6550,100
2022-08-23 14:07:00,6525,6525,6550,6550,0
2022-08-23 14:08:00,6525,6525,6550,6550,0
2022-08-23 14:09:00,6525,6525,6525,6525,2400
2022-08-23 14:10:00,6525,6525,6525,6525,500
2022-08-23 14:11:00,6525,6525,6550,6550,1700
2022-08-23 14:12:00,6550,6525,6550,6525,600
2022-08-23 14:13:00,6525,6525,6525,6525,10300
2022-08-23 14:14:00,6525,6525,6525,6525,0
2022-08-23 14:15:00,6525,6525,6525,6525,59500
2022-08-23 14:16:00,6525,6525,6525,6525,1000
2022-08-23 14:17:00,6525,6525,6550,6525,3900
2022-08-23 14:18:00,6550,6550,6550,6550,0
2022-08-23 14:19:00,6525,6525,6525,6525,1200
2022-08-23 14:20:00,6525,6525,6525,6525,200
2022-08-23 14:21:00,6525,6525,6525,6525,4500
2022-08-23 14:22:00,6525,6525,6525,6525,400
2022-08-23 14:23:00,6525,6525,6525,6525,1400
2022-08-23 14:24:00,6525,6525,6525,6525,6000
2022-08-23 14:25:00,6525,6525,6525,6525,4300
2022-08-23 14:26:00,6525,6525,6550,6550,3100
2022-08-23 14:27:00,6525,6525,6525,6525,1800
2022-08-23 14:28:00,6525,6525,6525,6525,0
2022-08-23 14:29:00,6550,6525,6550,6525,2000
2022-08-23 14:30:00,6525,6525,6525,6525,1200
2022-08-23 14:31:00,6525,6525,6550,6550,35700
2022-08-23 14:32:00,6550,6550,6600,6600,202500
2022-08-23 14:33:00,6600,6575,6600,6575,9800
2022-08-23 14:34:00,6600,6575,6600,6600,47700
2022-08-23 14:35:00,6600,6600,6600,6600,40100
2022-08-23 14:36:00,6600,6575,6600,6600,30400
2022-08-23 14:37:00,6600,6575,6600,6600,28200
2022-08-23 14:38:00,6600,6600,6600,6600,8700
2022-08-23 14:39:00,6575,6575,6575,6575,0
2022-08-23 14:40:00,6575,6575,6600,6575,11700
2022-08-23 14:41:00,6600,6575,6600,6575,1800
2022-08-23 14:42:00,6575,6575,6575,6575,3000
2022-08-23 14:43:00,6575,6575,6600,6575,2200
2022-08-23 14:44:00,6600,6575,6600,6575,4000
2022-08-23 14:45:00,6575,6575,6600,6575,8500
2022-08-23 14:46:00,6575,6575,6600,6600,19500
2022-08-23 14:47:00,6575,6575,6600,6600,23600
2022-08-23 14:48:00,6575,6575,6600,6575,3900
2022-08-23 14:49:00,6575,6575,6600,6575,63900
2022-08-23 14:50:00,6575,6575,6600,6575,0
2022-08-23 14:51:00,6575,6575,6600,6575,0
2022-08-23 14:52:00,6575,6575,6600,6575,0
2022-08-23 14:53:00,6575,6575,6600,6575,0
2022-08-23 14:54:00,6575,6575,6600,6575,0
2022-08-23 14:55:00,6575,6575,6600,6575,0
2022-08-23 14:56:00,6575,6575,6600,6575,0
2022-08-23 14:57:00,6575,6575,6600,6575,0
2022-08-23 14:58:00,6575,6575,6600,6575,0
2022-08-23 14:59:00,6575,6575,6600,6575,0
2022-08-23 15:00:00,6600,6600,6600,6600,155500
2022-08-23 15:01:00,6600,6600,6600,6600,2500
2022-08-23 15:02:00,6600,6600,6600,6600,5900
2022-08-23 15:03:00,6600,6600,6600,6600,1100
2022-08-23 15:04:00,6600,6600,6600,6600,11800
2022-08-23 15:05:00,6600,6600,6600,6600,100
2022-08-23 15:06:00,6600,6600,6600,6600,3100
2022-08-23 15:07:00,6600,6600,6600,6600,0
2022-08-23 15:08:00,6600,6600,6600,6600,0
2022-08-23 15:09:00,6600,6600,6600,6600,0
2022-08-23 15:10:00,6600,6600,6600,6600,0
2022-08-23 15:11:00,6600,6600,6600,6600,0
2022-08-23 15:12:00,6600,6600,6600,6600,0
2022-08-23 15:13:00,6600,6600,6600,6600,0
2022-08-23 15:14:00,6600,6600,6600,6600,0
2022-08-23 15:15:00,6600,6600,6600,6600,0
2022-08-23 15:16:00,6600,6600,6600,6600,0
2022-08-23 15:17:00,6600,6600,6600,6600,0
2022-08-23 15:18:00,6600,6600,6600,6600,0
2022-08-23 15:19:00,6600,6600,6600,6600,0
2022-08-23 15:20:00,6600,6600,6600,6600,0
2022-08-23 15:21:00,6600,6600,6600,6600,0
2022-08-23 15:22:00,6600,6600,6600,6600,0
2022-08-23 15:23:00,6600,6600,6600,6600,0
2022-08-23 15:24:00,6600,6600,6600,6600,0
2022-08-23 15:25:00,6600,6600,6600,6600,0
2022-08-23 15:26:00,6600,6600,6600,6600,0
2022-08-23 15:27:00,6600,6600,6600,6600,0
2022-08-23 15:28:00,6600,6600,6600,6600,0
2022-08-23 15:29:00,6600,6600,6600,6600,0
2022-08-23 15:30:00,6600,6600,6600,6600,0
2022-08-23 15:31:00,6600,6600,6600,6600,0
2022-08-23 15:32:00,6600,6600,6600,6600,0
2022-08-23 15:33:00,6600,6600,6600,6600,0
2022-08-23 15:34:00,6600,6600,6600,6600,0
2022-08-23 15:35:00,6600,6600,6600,6600,0
2022-08-23 15:36:00,6600,6600,6600,6600,0
2022-08-23 15:37:00,6600,6600,6600,6600,0
2022-08-23 15:38:00,6600,6600,6600,6600,0
2022-08-23 15:39:00,6600,6600,6600,6600,0
2022-08-23 15:40:00,6600,6600,6600,6600,0
2022-08-23 15:41:00,6600,6600,6600,6600,0
2022-08-23 15:42:00,6600,6600,6600,6600,0
2022-08-23 15:43:00,6600,6600,6600,6600,0
2022-08-23 15:44:00,6600,6600,6600,6600,0
2022-08-23 15:45:00,6600,6600,6600,6600,0
2022-08-23 15:46:00,6600,6600,6600,6600,0
2022-08-23 15:47:00,6600,6600,6600,6600,0
2022-08-23 15:48:00,6600,6600,6600,6600,0
2022-08-23 15:49:00,6600,6600,6600,6600,0
2022-08-23 15:50:00,6600,6600,6600,6600,0
2022-08-23 15:51:00,6600,6600,6600,6600,0
2022-08-23 15:52:00,6600,6600,6600,6600,0
2022-08-23 15:53:00,6600,6600,6600,6600,0
2022-08-23 15:54:00,6600,6600,6600,6600,0
2022-08-23 15:55:00,6600,6600,6600,6600,0
2022-08-23 15:56:00,6600,6600,6600,6600,0
2022-08-23 15:57:00,6600,6600,6600,6600,0
2022-08-23 15:58:00,6600,6600,6600,6600,0
2022-08-23 15:59:00,6600,6600,6600,6600,0
2022-08-24 09:00:00,6625,6600,6650,6600,15300
2022-08-24 09:01:00,6600,6575,6600,6575,31800
2022-08-24 09:02:00,6575,6575,6575,6575,2500
2022-08-24 09:03:00,6575,6575,6575,6575,500
2022-08-24 09:04:00,6575,6575,6575,6575,17500
2022-08-24 09:05:00,6575,6575,6600,6600,8400
2022-08-24 09:06:00,6600,6600,6600,6600,53600
2022-08-24 09:07:00,6600,6600,6600,6600,1100
2022-08-24 09:08:00,6600,6600,6600,6600,6400
2022-08-24 09:09:00,6600,6600,6600,6600,12200
2022-08-24 09:10:00,6600,6600,6600,6600,0
2022-08-24 09:11:00,6600,6600,6600,6600,3000
2022-08-24 09:12:00,6600,6600,6600,6600,1400
2022-08-24 09:13:00,6575,6575,6575,6575,5000
2022-08-24 09:14:00,6575,6575,6575,6575,0
2022-08-24 09:15:00,6575,6575,6575,6575,21800
2022-08-24 09:16:00,6575,6575,6575,6575,0
2022-08-24 09:17:00,6575,6575,6600,6600,10000
2022-08-24 09:18:00,6575,6575,6600,6600,0
2022-08-24 09:19:00,6575,6575,6575,6575,1000
2022-08-24 09:20:00,6575,6575,6575,6575,0
2022-08-24 09:21:00,6575,6575,6600,6600,17400
2022-08-24 09:22:00,6575,6575,6575,6575,9400
2022-08-24 09:23:00,6575,6575,6575,6575,0
2022-08-24 09:24:00,6575,6575,6575,6575,7300
2022-08-24 09:25:00,6575,6575,6575,6575,20700
2022-08-24 09:26:00,6575,6575,6575,6575,0
2022-08-24 09:27:00,6575,6575,6575,6575,200
2022-08-24 09:28:00,6600,6600,6600,6600,0
2022-08-24 09:29:00,6600,6575,6600,6575,14300
2022-08-24 09:30:00,6600,6575,6600,6575,0
2022-08-24 09:31:00,6600,6575,6600,6575,0
2022-08-24 09:32:00,6600,6575,6600,6575,0
2022-08-24 09:33:00,6575,6575,6575,6575,600
2022-08-24 09:34:00,6575,6575,6575,6575,1600
2022-08-24 09:35:00,6575,6575,6575,6575,600
2022-08-24 09:36:00,6575,6575,6575,6575,0
2022-08-24 09:37:00,6575,6575,6575,6575,500
2022-08-24 09:38:00,6575,6575,6575,6575,1800
2022-08-24 09:39:00,6575,6575,6575,6575,64600
2022-08-24 09:40:00,6550,6550,6550,6550,11100
2022-08-24 09:41:00,6550,6550,6550,6550,3900
2022-08-24 09:42:00,6550,6550,6575,6550,19600
2022-08-24 09:43:00,6550,6550,6575,6550,0
2022-08-24 09:44:00,6550,6550,6575,6550,0
2022-08-24 09:45:00,6550,6550,6575,6550,0
2022-08-24 09:46:00,6550,6550,6550,6550,200
2022-08-24 09:47:00,6575,6575,6575,6575,20200
2022-08-24 09:48:00,6575,6575,6600,6600,10200
2022-08-24 09:49:00,6575,6575,6575,6575,100
2022-08-24 09:50:00,6575,6575,6575,6575,2900
2022-08-24 09:51:00,6575,6575,6575,6575,0
2022-08-24 09:52:00,6575,6575,6575,6575,400
2022-08-24 09:53:00,6575,6575,6575,6575,1400
2022-08-24 09:54:00,6575,6575,6575,6575,800
2022-08-24 09:55:00,6575,6575,6575,6575,300
2022-08-24 09:56:00,6575,6575,6575,6575,6900
2022-08-24 09:57:00,6575,6575,6600,6600,19300
2022-08-24 09:58:00,6600,6600,6600,6600,0
2022-08-24 09:59:00,6600,6600,6600,6600,0
2022-08-24 10:00:00,6600,6600,6600,6600,0
2022-08-24 10:01:00,6600,6600,6600,6600,0
2022-08-24 10:02:00,6575,6575,6575,6575,0
2022-08-24 10:03:00,6575,6575,6575,6575,1800
2022-08-24 10:04:00,6575,6575,6575,6575,0
2022-08-24 10:05:00,6575,6575,6575,6575,10800
2022-08-24 10:06:00,6575,6575,6575,6575,0
2022-08-24 10:07:00,6575,6575,6575,6575,2500
2022-08-24 10:08:00,6575,6575,6575,6575,0
2022-08-24 10:09:00,6575,6575,6575,6575,43200
2022-08-24 10:10:00,6575,6575,6575,6575,0
2022-08-24 10:11:00,6575,6575,6575,6575,0
2022-08-24 10:12:00,6575,6575,6575,6575,0
2022-08-24 10:13:00,6575,6575,6575,6575,0
2022-08-24 10:14:00,6575,6575,6575,6575,7700
2022-08-24 10:15:00,6575,6575,6575,6575,0
2022-08-24 10:16:00,6575,6575,6575,6575,0
2022-08-24 10:17:00,6575,6575,6575,6575,0
2022-08-24 10:18:00,6575,6575,6575,6575,0
2022-08-24 10:19:00,6575,6575,6575,6575,0
2022-08-24 10:20:00,6575,6575,6575,6575,0
2022-08-24 10:21:00,6575,6575,6575,6575,200
2022-08-24 10:22:00,6575,6575,6575,6575,0
2022-08-24 10:23:00,6575,6575,6575,6575,4000
2022-08-24 10:24:00,6575,6575,6575,6575,0
2022-08-24 10:25:00,6575,6575,6575,6575,0
2022-08-24 10:26:00,6600,6600,6600,6600,1100
2022-08-24 10:27:00,6575,6575,6575,6575,3300
2022-08-24 10:28:00,6575,6575,6575,6575,0
2022-08-24 10:29:00,6575,6575,6575,6575,0
2022-08-24 10:30:00,6575,6575,6575,6575,0
2022-08-24 10:31:00,6575,6575,6575,6575,900
2022-08-24 10:32:00,6600,6575,6600,6575,500
2022-08-24 10:33:00,6575,6575,6575,6575,3700
2022-08-24 10:34:00,6575,6575,6575,6575,0
2022-08-24 10:35:00,6575,6575,6575,6575,0
2022-08-24 10:36:00,6575,6575,6575,6575,0
2022-08-24 10:37:00,6575,6575,6575,6575,0
2022-08-24 10:38:00,6575,6575,6575,6575,0
2022-08-24 10:39:00,6575,6575,6600,6600,500
2022-08-24 10:40:00,6600,6600,6600,6600,100
2022-08-24 10:41:00,6575,6575,6575,6575,500
2022-08-24 10:42:00,6575,6575,6575,6575,0
2022-08-24 10:43:00,6575,6575,6575,6575,6400
2022-08-24 10:44:00,6575,6575,6575,6575,3500
2022-08-24 10:45:00,6575,6575,6575,6575,0
2022-08-24 10:46:00,6575,6575,6575,6575,0
2022-08-24 10:47:00,6575,6575,6575,6575,0
2022-08-24 10:48:00,6575,6575,6575,6575,10300
2022-08-24 10:49:00,6575,6575,6575,6575,0
2022-08-24 10:50:00,6575,6575,6575,6575,800
2022-08-24 10:51:00,6575,6575,6575,6575,0
2022-08-24 10:52:00,6575,6575,6575,6575,700
2022-08-24 10:53:00,6575,6575,6575,6575,3100
2022-08-24 10:54:00,6575,6550,6575,6550,80500
2022-08-24 10:55:00,6575,6550,6575,6550,5900
2022-08-24 10:56:00,6575,6550,6575,6550,0
2022-08-24 10:57:00,6550,6550,6550,6550,0
2022-08-24 10:58:00,6575,6575,6575,6575,0
2022-08-24 10:59:00,6550,6550,6575,6575,1400
2022-08-24 11:00:00,6550,6550,6550,6550,0
2022-08-24 11:01:00,6550,6550,6550,6550,100
2022-08-24 11:02:00,6550,6550,6550,6550,600
2022-08-24 11:03:00,6550,6550,6550,6550,2700
2022-08-24 11:04:00,6550,6550,6550,6550,1000
2022-08-24 11:05:00,6575,6550,6575,6550,50400
2022-08-24 11:06:00,6575,6550,6575,6550,0
2022-08-24 11:07:00,6550,6550,6550,6550,1100
2022-08-24 11:08:00,6575,6575,6575,6575,0
2022-08-24 11:09:00,6550,6550,6550,6550,0
2022-08-24 11:10:00,6550,6550,6550,6550,200
2022-08-24 11:11:00,6550,6550,6575,6575,28400
2022-08-24 11:12:00,6575,6575,6575,6575,0
2022-08-24 11:13:00,6575,6575,6575,6575,0
2022-08-24 11:14:00,6575,6575,6575,6575,1700
2022-08-24 11:15:00,6575,6575,6575,6575,0
2022-08-24 11:16:00,6575,6575,6575,6575,0
2022-08-24 11:17:00,6575,6575,6575,6575,0
2022-08-24 11:18:00,6575,6575,6575,6575,0
2022-08-24 11:19:00,6575,6575,6575,6575,0
2022-08-24 11:20:00,6575,6575,6575,6575,0
2022-08-24 11:21:00,6575,6575,6575,6575,0
2022-08-24 11:22:00,6575,6575,6575,6575,0
2022-08-24 11:23:00,6575,6575,6575,6575,0
2022-08-24 11:24:00,6575,6575,6575,6575,2100
2022-08-24 11:25:00,6575,6575,6575,6575,1500
2022-08-24 11:26:00,6575,6575,6575,6575,0
2022-08-24 11:27:00,6575,6575,6575,6575,0
2022-08-24 11:28:00,6575,6575,6575,6575,0
2022-08-24 11:29:00,6575,6575,6575,6575,0
2022-08-24 11:30:00,6575,6575,6575,6575,0
2022-08-24 11:31:00,6575,6575,6575,6575,0
2022-08-24 11:32:00,6575,6575,6575,6575,0
2022-08-24 11:33:00,6575,6575,6575,6575,0
2022-08-24 11:34:00,6575,6575,6575,6575,0
2022-08-24 11:35:00,6575,6575,6575,6575,0
2022-08-24 11:36:00,6575,6575,6575,6575,0
2022-08-24 11:37:00,6575,6575,6575,6575,0
2022-08-24 11:38:00,6575,6575,6575,6575,0
2022-08-24 11:39:00,6575,6575,6575,6575,0
2022-08-24 11:40:00,6575,6575,6575,6575,0
2022-08-24 11:41:00,6575,6575,6575,6575,0
2022-08-24 11:42:00,6575,6575,6575,6575,0
2022-08-24 11:43:00,6575,6575,6575,6575,0
2022-08-24 11:44:00,6575,6575,6575,6575,0
2022-08-24 11:45:00,6575,6575,6575,6575,0
2022-08-24 11:46:00,6575,6575,6575,6575,0
2022-08-24 11:47:00,6575,6575,6575,6575,0
2022-08-24 11:48:00,6575,6575,6575,6575,0
2022-08-24 11:49:00,6575,6575,6575,6575,0
2022-08-24 11:50:00,6575,6575,6575,6575,0
2022-08-24 11:51:00,6575,6575,6575,6575,0
2022-08-24 11:52:00,6575,6575,6575,6575,0
2022-08-24 11:53:00,6575,6575,6575,6575,0
2022-08-24 11:54:00,6575,6575,6575,6575,0
2022-08-24 11:55:00,6575,6575,6575,6575,0
2022-08-24 11:56:00,6575,6575,6575,6575,0
2022-08-24 11:57:00,6575,6575,6575,6575,0
2022-08-24 11:58:00,6575,6575,6575,6575,0
2022-08-24 11:59:00,6575,6575,6575,6575,0
2022-08-24 12:00:00,6575,6575,6575,6575,0
2022-08-24 12:01:00,6575,6575,6575,6575,0
2022-08-24 12:02:00,6575,6575,6575,6575,0
2022-08-24 12:03:00,6575,6575,6575,6575,0
2022-08-24 12:04:00,6575,6575,6575,6575,0
2022-08-24 12:05:00,6575,6575,6575,6575,0
2022-08-24 12:06:00,6575,6575,6575,6575,0
2022-08-24 12:07:00,6575,6575,6575,6575,0
2022-08-24 12:08:00,6575,6575,6575,6575,0
2022-08-24 12:09:00,6575,6575,6575,6575,0
2022-08-24 12:10:00,6575,6575,6575,6575,0
2022-08-24 12:11:00,6575,6575,6575,6575,0
2022-08-24 12:12:00,6575,6575,6575,6575,0
2022-08-24 12:13:00,6575,6575,6575,6575,0
2022-08-24 12:14:00,6575,6575,6575,6575,0
2022-08-24 12:15:00,6575,6575,6575,6575,0
2022-08-24 12:16:00,6575,6575,6575,6575,0
2022-08-24 12:17:00,6575,6575,6575,6575,0
2022-08-24 12:18:00,6575,6575,6575,6575,0
2022-08-24 12:19:00,6575,6575,6575,6575,0
2022-08-24 12:20:00,6575,6575,6575,6575,0
2022-08-24 12:21:00,6575,6575,6575,6575,0
2022-08-24 12:22:00,6575,6575,6575,6575,0
2022-08-24 12:23:00,6575,6575,6575,6575,0
2022-08-24 12:24:00,6575,6575,6575,6575,0
2022-08-24 12:25:00,6575,6575,6575,6575,0
2022-08-24 12:26:00,6575,6575,6575,6575,0
2022-08-24 12:27:00,6575,6575,6575,6575,0
2022-08-24 12:28:00,6575,6575,6575,6575,0
2022-08-24 12:29:00,6575,6575,6575,6575,0
2022-08-24 12:30:00,6575,6575,6575,6575,0
2022-08-24 12:31:00,6575,6575,6575,6575,0
2022-08-24 12:32:00,6575,6575,6575,6575,0
2022-08-24 12:33:00,6575,6575,6575,6575,0
2022-08-24 12:34:00,6575,6575,6575,6575,0
2022-08-24 12:35:00,6575,6575,6575,6575,0
2022-08-24 12:36:00,6575,6575,6575,6575,0
2022-08-24 12:37:00,6575,6575,6575,6575,0
2022-08-24 12:38:00,6575,6575,6575,6575,0
2022-08-24 12:39:00,6575,6575,6575,6575,0
2022-08-24 12:40:00,6575,6575,6575,6575,0
2022-08-24 12:41:00,6575,6575,6575,6575,0
2022-08-24 12:42:00,6575,6575,6575,6575,0
2022-08-24 12:43:00,6575,6575,6575,6575,0
2022-08-24 12:44:00,6575,6575,6575,6575,0
2022-08-24 12:45:00,6575,6575,6575,6575,0
2022-08-24 12:46:00,6575,6575,6575,6575,0
2022-08-24 12:47:00,6575,6575,6575,6575,0
2022-08-24 12:48:00,6575,6575,6575,6575,0
2022-08-24 12:49:00,6575,6575,6575,6575,0
2022-08-24 12:50:00,6575,6575,6575,6575,0
2022-08-24 12:51:00,6575,6575,6575,6575,0
2022-08-24 12:52:00,6575,6575,6575,6575,0
2022-08-24 12:53:00,6575,6575,6575,6575,0
2022-08-24 12:54:00,6575,6575,6575,6575,0
2022-08-24 12:55:00,6575,6575,6575,6575,0
2022-08-24 12:56:00,6575,6575,6575,6575,0
2022-08-24 12:57:00,6575,6575,6575,6575,0
2022-08-24 12:58:00,6575,6575,6575,6575,0
2022-08-24 12:59:00,6575,6575,6575,6575,0
2022-08-24 13:00:00,6575,6575,6575,6575,0
2022-08-24 13:01:00,6575,6575,6575,6575,0
2022-08-24 13:02:00,6575,6575,6575,6575,0
2022-08-24 13:03:00,6575,6575,6575,6575,0
2022-08-24 13:04:00,6575,6575,6575,6575,0
2022-08-24 13:05:00,6575,6575,6575,6575,0
2022-08-24 13:06:00,6575,6575,6575,6575,0
2022-08-24 13:07:00,6575,6575,6575,6575,0
2022-08-24 13:08:00,6575,6575,6575,6575,0
2022-08-24 13:09:00,6575,6575,6575,6575,0
2022-08-24 13:10:00,6575,6575,6575,6575,0
2022-08-24 13:11:00,6575,6575,6575,6575,0
2022-08-24 13:12:00,6575,6575,6575,6575,0
2022-08-24 13:13:00,6575,6575,6575,6575,0
2022-08-24 13:14:00,6575,6575,6575,6575,0
2022-08-24 13:15:00,6575,6575,6575,6575,0
2022-08-24 13:16:00,6575,6575,6575,6575,0
2022-08-24 13:17:00,6575,6575,6575,6575,0
2022-08-24 13:18:00,6575,6575,6575,6575,0
2022-08-24 13:19:00,6575,6575,6575,6575,0
2022-08-24 13:20:00,6575,6575,6575,6575,0
2022-08-24 13:21:00,6575,6575,6575,6575,0
2022-08-24 13:22:00,6575,6575,6575,6575,0
2022-08-24 13:23:00,6575,6575,6575,6575,0
2022-08-24 13:24:00,6575,6575,6575,6575,0
2022-08-24 13:25:00,6575,6575,6575,6575,0
2022-08-24 13:26:00,6575,6575,6575,6575,0
2022-08-24 13:27:00,6575,6575,6575,6575,0
2022-08-24 13:28:00,6575,6575,6575,6575,0
2022-08-24 13:29:00,6575,6575,6575,6575,0
2022-08-24 13:30:00,6550,6550,6600,6600,17400
2022-08-24 13:31:00,6575,6575,6575,6575,400
2022-08-24 13:32:00,6575,6575,6575,6575,2700
2022-08-24 13:33:00,6575,6575,6575,6575,0
2022-08-24 13:34:00,6575,6575,6575,6575,900
2022-08-24 13:35:00,6575,6575,6600,6575,6200
2022-08-24 13:36:00,6575,6575,6575,6575,1500
2022-08-24 13:37:00,6575,6575,6575,6575,0
2022-08-24 13:38:00,6575,6575,6575,6575,0
2022-08-24 13:39:00,6575,6550,6575,6550,600
2022-08-24 13:40:00,6575,6550,6575,6550,0
2022-08-24 13:41:00,6575,6575,6575,6575,3400
2022-08-24 13:42:00,6575,6575,6575,6575,0
2022-08-24 13:43:00,6575,6575,6575,6575,0
2022-08-24 13:44:00,6575,6575,6575,6575,0
2022-08-24 13:45:00,6575,6575,6575,6575,0
2022-08-24 13:46:00,6575,6575,6575,6575,0
2022-08-24 13:47:00,6575,6575,6575,6575,1800
2022-08-24 13:48:00,6600,6600,6600,6600,300
2022-08-24 13:49:00,6600,6600,6600,6600,0
2022-08-24 13:50:00,6600,6600,6600,6600,0
2022-08-24 13:51:00,6600,6600,6600,6600,0
2022-08-24 13:52:00,6600,6600,6600,6600,0
2022-08-24 13:53:00,6600,6600,6600,6600,0
2022-08-24 13:54:00,6575,6550,6575,6550,17600
2022-08-24 13:55:00,6575,6550,6575,6550,0
2022-08-24 13:56:00,6575,6550,6575,6550,0
2022-08-24 13:57:00,6550,6550,6550,6550,0
2022-08-24 13:58:00,6550,6550,6550,6550,0
2022-08-24 13:59:00,6550,6550,6550,6550,0
2022-08-24 14:00:00,6575,6575,6575,6575,12800
2022-08-24 14:01:00,6575,6575,6575,6575,4900
2022-08-24 14:02:00,6575,6575,6575,6575,8900
2022-08-24 14:03:00,6575,6575,6575,6575,200
2022-08-24 14:04:00,6575,6575,6575,6575,0
2022-08-24 14:05:00,6575,6575,6575,6575,300
2022-08-24 14:06:00,6575,6575,6575,6575,0
2022-08-24 14:07:00,6550,6550,6550,6550,5500
2022-08-24 14:08:00,6550,6550,6550,6550,0
2022-08-24 14:09:00,6575,6575,6575,6575,28400
2022-08-24 14:10:00,6575,6575,6575,6575,0
2022-08-24 14:11:00,6575,6575,6575,6575,1800
2022-08-24 14:12:00,6575,6575,6575,6575,0
2022-08-24 14:13:00,6575,6575,6575,6575,1400
2022-08-24 14:14:00,6575,6575,6575,6575,1700
2022-08-24 14:15:00,6575,6575,6575,6575,4300
2022-08-24 14:16:00,6575,6575,6575,6575,400
2022-08-24 14:17:00,6600,6575,6600,6575,12800
2022-08-24 14:18:00,6575,6575,6575,6575,900
2022-08-24 14:19:00,6575,6575,6575,6575,900
2022-08-24 14:20:00,6575,6575,6575,6575,600
2022-08-24 14:21:00,6575,6575,6575,6575,2200
2022-08-24 14:22:00,6575,6575,6575,6575,600
2022-08-24 14:23:00,6575,6575,6575,6575,600
2022-08-24 14:24:00,6575,6575,6600,6600,2000
2022-08-24 14:25:00,6575,6575,6575,6575,100
2022-08-24 14:26:00,6575,6575,6575,6575,800
2022-08-24 14:27:00,6575,6575,6575,6575,500
2022-08-24 14:28:00,6575,6550,6575,6575,6800
2022-08-24 14:29:00,6550,6550,6550,6550,1800
2022-08-24 14:30:00,6550,6550,6550,6550,0
2022-08-24 14:31:00,6575,6550,6575,6550,20100
2022-08-24 14:32:00,6550,6550,6550,6550,0
2022-08-24 14:33:00,6550,6550,6550,6550,0
2022-08-24 14:34:00,6575,6575,6575,6575,8000
2022-08-24 14:35:00,6550,6550,6550,6550,0
2022-08-24 14:36:00,6550,6550,6550,6550,0
2022-08-24 14:37:00,6575,6575,6575,6575,1600
2022-08-24 14:38:00,6575,6575,6575,6575,0
2022-08-24 14:39:00,6550,6550,6550,6550,2400
2022-08-24 14:40:00,6550,6550,6550,6550,500
2022-08-24 14:41:00,6550,6550,6550,6550,0
2022-08-24 14:42:00,6550,6550,6550,6550,1100
2022-08-24 14:43:00,6550,6550,6575,6575,10000
2022-08-24 14:44:00,6575,6575,6575,6575,12700
2022-08-24 14:45:00,6550,6550,6575,6550,4200
2022-08-24 14:46:00,6575,6550,6575,6575,9800
2022-08-24 14:47:00,6575,6575,6575,6575,0
2022-08-24 14:48:00,6575,6575,6575,6575,0
2022-08-24 14:49:00,6575,6575,6575,6575,0
2022-08-24 14:50:00,6575,6575,6575,6575,0
2022-08-24 14:51:00,6575,6575,6575,6575,0
2022-08-24 14:52:00,6575,6575,6575,6575,0
2022-08-24 14:53:00,6575,6575,6575,6575,0
2022-08-24 14:54:00,6575,6575,6575,6575,0
2022-08-24 14:55:00,6575,6575,6575,6575,0
2022-08-24 14:56:00,6575,6575,6575,6575,0
2022-08-24 14:57:00,6575,6575,6575,6575,0
2022-08-24 14:58:00,6575,6575,6575,6575,0
2022-08-24 14:59:00,6575,6575,6575,6575,0
2022-08-24 15:00:00,6550,6550,6550,6550,80700
2022-08-24 15:01:00,6550,6550,6550,6550,0
2022-08-24 15:02:00,6550,6550,6550,6550,2300
2022-08-24 15:03:00,6550,6550,6550,6550,0
2022-08-24 15:04:00,6550,6550,6550,6550,0
2022-08-24 15:05:00,6550,6550,6550,6550,0
2022-08-24 15:06:00,6550,6550,6550,6550,0
2022-08-24 15:07:00,6550,6550,6550,6550,0
2022-08-24 15:08:00,6550,6550,6550,6550,0
2022-08-24 15:09:00,6550,6550,6550,6550,0
2022-08-24 15:10:00,6550,6550,6550,6550,0
2022-08-24 15:11:00,6550,6550,6550,6550,0
2022-08-24 15:12:00,6550,6550,6550,6550,0
2022-08-24 15:13:00,6550,6550,6550,6550,5400
2022-08-24 15:14:00,6550,6550,6550,6550,963200
2022-08-24 15:15:00,6550,6550,6550,6550,0
2022-08-24 15:16:00,6550,6550,6550,6550,0
2022-08-24 15:17:00,6550,6550,6550,6550,0
2022-08-24 15:18:00,6550,6550,6550,6550,0
2022-08-24 15:19:00,6550,6550,6550,6550,0
2022-08-24 15:20:00,6550,6550,6550,6550,0
2022-08-24 15:21:00,6550,6550,6550,6550,0
2022-08-24 15:22:00,6550,6550,6550,6550,0
2022-08-24 15:23:00,6550,6550,6550,6550,0
2022-08-24 15:24:00,6550,6550,6550,6550,0
2022-08-24 15:25:00,6550,6550,6550,6550,0
2022-08-24 15:26:00,6550,6550,6550,6550,0
2022-08-24 15:27:00,6550,6550,6550,6550,0
2022-08-24 15:28:00,6550,6550,6550,6550,0
2022-08-24 15:29:00,6550,6550,6550,6550,0
2022-08-24 15:30:00,6550,6550,6550,6550,0
2022-08-24 15:31:00,6550,6550,6550,6550,0
2022-08-24 15:32:00,6550,6550,6550,6550,0
2022-08-24 15:33:00,6550,6550,6550,6550,0
2022-08-24 15:34:00,6550,6550,6550,6550,0
2022-08-24 15:35:00,6550,6550,6550,6550,0
2022-08-24 15:36:00,6550,6550,6550,6550,0
2022-08-24 15:37:00,6550,6550,6550,6550,0
2022-08-24 15:38:00,6550,6550,6550,6550,0
2022-08-24 15:39:00,6550,6550,6550,6550,0
2022-08-24 15:40:00,6550,6550,6550,6550,0
2022-08-24 15:41:00,6550,6550,6550,6550,0
2022-08-24 15:42:00,6550,6550,6550,6550,0
2022-08-24 15:43:00,6550,6550,6550,6550,0
2022-08-24 15:44:00,6550,6550,6550,6550,0
2022-08-24 15:45:00,6550,6550,6550,6550,0
2022-08-24 15:46:00,6550,6550,6550,6550,0
2022-08-24 15:47:00,6550,6550,6550,6550,0
2022-08-24 15:48:00,6550,6550,6550,6550,0
2022-08-24 15:49:00,6550,6550,6550,6550,0
2022-08-24 15:50:00,6550,6550,6550,6550,0
2022-08-24 15:51:00,6550,6550,6550,6550,0
2022-08-24 15:52:00,6550,6550,6550,6550,0
2022-08-24 15:53:00,6550,6550,6550,6550,0
2022-08-24 15:54:00,6550,6550,6550,6550,0
2022-08-24 15:55:00,6550,6550,6550,6550,0
2022-08-24 15:56:00,6550,6550,6550,6550,0
2022-08-24 15:57:00,6550,6550,6550,6550,0
2022-08-24 15:58:00,6550,6550,6550,6550,0
2022-08-24 15:59:00,6550,6550,6550,6550,0
2022-08-25 09:00:00,6600,6600,6600,6600,0
2022-08-25 09:01:00,6600,6600,6600,6600,4100
2022-08-25 09:02:00,6600,6600,6600,6600,2100
2022-08-25 09:03:00,6600,6600,6600,6600,0
2022-08-25 09:04:00,6550,6550,6550,6550,2400
2022-08-25 09:05:00,6575,6575,6600,6600,14500
2022-08-25 09:06:00,6575,6550,6575,6550,24400
2022-08-25 09:07:00,6550,6550,6550,6550,400
2022-08-25 09:08:00,6550,6550,6550,6550,1100
2022-08-25 09:09:00,6550,6550,6550,6550,0
2022-08-25 09:10:00,6550,6550,6550,6550,100
2022-08-25 09:11:00,6550,6550,6550,6550,0
2022-08-25 09:12:00,6575,6575,6575,6575,900
2022-08-25 09:13:00,6575,6550,6575,6575,18200
2022-08-25 09:14:00,6575,6575,6575,6575,10200
2022-08-25 09:15:00,6550,6550,6550,6550,400
2022-08-25 09:16:00,6550,6550,6550,6550,0
2022-08-25 09:17:00,6550,6550,6550,6550,100
2022-08-25 09:18:00,6550,6550,6550,6550,0
2022-08-25 09:19:00,6550,6550,6550,6550,0
2022-08-25 09:20:00,6575,6575,6575,6575,200
2022-08-25 09:21:00,6575,6575,6575,6575,0
2022-08-25 09:22:00,6575,6575,6575,6575,100
2022-08-25 09:23:00,6550,6550,6550,6550,20900
2022-08-25 09:24:00,6550,6550,6550,6550,0
2022-08-25 09:25:00,6550,6550,6550,6550,300
2022-08-25 09:26:00,6550,6525,6550,6525,100
2022-08-25 09:27:00,6525,6525,6550,6550,9400
2022-08-25 09:28:00,6525,6525,6525,6525,900
2022-08-25 09:29:00,6525,6525,6525,6525,14200
2022-08-25 09:30:00,6525,6525,6525,6525,0
2022-08-25 09:31:00,6525,6525,6525,6525,0
2022-08-25 09:32:00,6525,6525,6525,6525,600
2022-08-25 09:33:00,6525,6525,6525,6525,0
2022-08-25 09:34:00,6525,6525,6525,6525,300
2022-08-25 09:35:00,6525,6525,6525,6525,0
2022-08-25 09:36:00,6525,6525,6525,6525,4000
2022-08-25 09:37:00,6525,6525,6550,6550,2400
2022-08-25 09:38:00,6550,6550,6550,6550,0
2022-08-25 09:39:00,6525,6525,6525,6525,100
2022-08-25 09:40:00,6525,6525,6525,6525,0
2022-08-25 09:41:00,6525,6525,6525,6525,5300
2022-08-25 09:42:00,6525,6525,6550,6550,6500
2022-08-25 09:43:00,6525,6525,6550,6550,0
2022-08-25 09:44:00,6525,6525,6550,6550,0
2022-08-25 09:45:00,6550,6550,6550,6550,3200
2022-08-25 09:46:00,6550,6550,6550,6550,0
2022-08-25 09:47:00,6550,6550,6550,6550,500
2022-08-25 09:48:00,6550,6550,6550,6550,0
2022-08-25 09:49:00,6550,6550,6550,6550,300
2022-08-25 09:50:00,6575,6550,6575,6550,5700
2022-08-25 09:51:00,6575,6525,6575,6525,114100
2022-08-25 09:52:00,6575,6525,6575,6525,0
2022-08-25 09:53:00,6575,6525,6575,6525,0
2022-08-25 09:54:00,6575,6525,6575,6525,0
2022-08-25 09:55:00,6525,6525,6525,6525,1100
2022-08-25 09:56:00,6525,6525,6525,6525,0
2022-08-25 09:57:00,6525,6525,6525,6525,0
2022-08-25 09:58:00,6525,6525,6525,6525,0
2022-08-25 09:59:00,6525,6525,6525,6525,1000
2022-08-25 10:00:00,6525,6525,6525,6525,0
2022-08-25 10:01:00,6525,6525,6525,6525,0
2022-08-25 10:02:00,6525,6525,6525,6525,700
2022-08-25 10:03:00,6525,6525,6525,6525,0
2022-08-25 10:04:00,6525,6525,6525,6525,0
2022-08-25 10:05:00,6550,6550,6550,6550,1000
2022-08-25 10:06:00,6550,6550,6550,6550,200
2022-08-25 10:07:00,6525,6525,6525,6525,500
2022-08-25 10:08:00,6550,6550,6550,6550,3700
2022-08-25 10:09:00,6550,6550,6550,6550,0
2022-08-25 10:10:00,6575,6575,6575,6575,0
2022-08-25 10:11:00,6575,6575,6575,6575,0
2022-08-25 10:12:00,6575,6575,6575,6575,0
2022-08-25 10:13:00,6575,6575,6575,6575,0
2022-08-25 10:14:00,6550,6550,6550,6550,6100
2022-08-25 10:15:00,6550,6550,6550,6550,0
2022-08-25 10:16:00,6550,6550,6550,6550,14900
2022-08-25 10:17:00,6550,6550,6550,6550,0
2022-08-25 10:18:00,6550,6550,6550,6550,3200
2022-08-25 10:19:00,6550,6550,6550,6550,0
2022-08-25 10:20:00,6550,6550,6550,6550,0
2022-08-25 10:21:00,6550,6550,6550,6550,0
2022-08-25 10:22:00,6550,6550,6550,6550,0
2022-08-25 10:23:00,6550,6550,6550,6550,0
2022-08-25 10:24:00,6550,6525,6550,6525,9700
2022-08-25 10:25:00,6550,6550,6550,6550,0
2022-08-25 10:26:00,6550,6550,6550,6550,0
2022-08-25 10:27:00,6550,6550,6550,6550,0
2022-08-25 10:28:00,6525,6525,6525,6525,2400
2022-08-25 10:29:00,6525,6525,6525,6525,0
2022-08-25 10:30:00,6525,6525,6525,6525,0
2022-08-25 10:31:00,6525,6525,6525,6525,0
2022-08-25 10:32:00,6525,6525,6525,6525,200
2022-08-25 10:33:00,6525,6525,6525,6525,0
2022-08-25 10:34:00,6550,6550,6550,6550,5600
2022-08-25 10:35:00,6550,6550,6550,6550,0
2022-08-25 10:36:00,6550,6550,6550,6550,0
2022-08-25 10:37:00,6550,6550,6550,6550,1900
2022-08-25 10:38:00,6550,6550,6550,6550,0
2022-08-25 10:39:00,6550,6550,6550,6550,0
2022-08-25 10:40:00,6550,6550,6550,6550,0
2022-08-25 10:41:00,6550,6550,6550,6550,0
2022-08-25 10:42:00,6550,6550,6550,6550,0
2022-08-25 10:43:00,6550,6550,6550,6550,0
2022-08-25 10:44:00,6550,6550,6550,6550,0
2022-08-25 10:45:00,6550,6525,6550,6525,19600
2022-08-25 10:46:00,6550,6525,6550,6525,0
2022-08-25 10:47:00,6550,6525,6550,6525,0
2022-08-25 10:48:00,6550,6525,6550,6525,0
2022-08-25 10:49:00,6525,6525,6525,6525,26000
2022-08-25 10:50:00,6525,6525,6525,6525,0
2022-08-25 10:51:00,6550,6550,6550,6550,0
2022-08-25 10:52:00,6550,6550,6550,6550,0
2022-08-25 10:53:00,6550,6550,6550,6550,0
2022-08-25 10:54:00,6550,6550,6550,6550,0
2022-08-25 10:55:00,6525,6525,6525,6525,0
2022-08-25 10:56:00,6550,6550,6550,6550,1000
2022-08-25 10:57:00,6550,6550,6550,6550,0
2022-08-25 10:58:00,6550,6550,6550,6550,0
2022-08-25 10:59:00,6550,6550,6550,6550,200
2022-08-25 11:00:00,6550,6550,6550,6550,0
2022-08-25 11:01:00,6550,6550,6550,6550,100
2022-08-25 11:02:00,6550,6550,6550,6550,0
2022-08-25 11:03:00,6550,6550,6550,6550,0
2022-08-25 11:04:00,6550,6550,6550,6550,0
2022-08-25 11:05:00,6550,6550,6550,6550,0
2022-08-25 11:06:00,6525,6525,6525,6525,600
2022-08-25 11:07:00,6525,6525,6525,6525,1100
2022-08-25 11:08:00,6525,6525,6525,6525,2300
2022-08-25 11:09:00,6525,6525,6525,6525,0
2022-08-25 11:10:00,6525,6525,6525,6525,2000
2022-08-25 11:11:00,6525,6525,6525,6525,200
2022-08-25 11:12:00,6525,6525,6525,6525,500
2022-08-25 11:13:00,6525,6525,6525,6525,0
2022-08-25 11:14:00,6525,6525,6525,6525,1000
2022-08-25 11:15:00,6525,6525,6525,6525,0
2022-08-25 11:16:00,6525,6525,6525,6525,0
2022-08-25 11:17:00,6525,6525,6525,6525,1200
2022-08-25 11:18:00,6525,6525,6525,6525,600
2022-08-25 11:19:00,6525,6525,6525,6525,0
2022-08-25 11:20:00,6525,6525,6525,6525,0
2022-08-25 11:21:00,6525,6525,6525,6525,1100
2022-08-25 11:22:00,6550,6550,6550,6550,100
2022-08-25 11:23:00,6525,6525,6525,6525,100
2022-08-25 11:24:00,6525,6525,6525,6525,800
2022-08-25 11:25:00,6525,6525,6525,6525,800
2022-08-25 11:26:00,6525,6525,6525,6525,0
2022-08-25 11:27:00,6550,6550,6550,6550,0
2022-08-25 11:28:00,6550,6550,6550,6550,0
2022-08-25 11:29:00,6525,6525,6525,6525,0
2022-08-25 11:30:00,6525,6525,6525,6525,0
2022-08-25 11:31:00,6525,6525,6525,6525,0
2022-08-25 11:32:00,6525,6525,6525,6525,0
2022-08-25 11:33:00,6525,6525,6525,6525,0
2022-08-25 11:34:00,6525,6525,6525,6525,0
2022-08-25 11:35:00,6525,6525,6525,6525,0
2022-08-25 11:36:00,6525,6525,6525,6525,0
2022-08-25 11:37:00,6525,6525,6525,6525,0
2022-08-25 11:38:00,6525,6525,6525,6525,0
2022-08-25 11:39:00,6525,6525,6525,6525,0
2022-08-25 11:40:00,6525,6525,6525,6525,0
2022-08-25 11:41:00,6525,6525,6525,6525,0
2022-08-25 11:42:00,6525,6525,6525,6525,0
2022-08-25 11:43:00,6525,6525,6525,6525,0
2022-08-25 11:44:00,6525,6525,6525,6525,0
2022-08-25 11:45:00,6525,6525,6525,6525,0
2022-08-25 11:46:00,6525,6525,6525,6525,0
2022-08-25 11:47:00,6525,6525,6525,6525,0
2022-08-25 11:48:00,6525,6525,6525,6525,0
2022-08-25 11:49:00,6525,6525,6525,6525,0
2022-08-25 11:50:00,6525,6525,6525,6525,0
2022-08-25 11:51:00,6525,6525,6525,6525,0
2022-08-25 11:52:00,6525,6525,6525,6525,0
2022-08-25 11:53:00,6525,6525,6525,6525,0
2022-08-25 11:54:00,6525,6525,6525,6525,0
2022-08-25 11:55:00,6525,6525,6525,6525,0
2022-08-25 11:56:00,6525,6525,6525,6525,0
2022-08-25 11:57:00,6525,6525,6525,6525,0
2022-08-25 11:58:00,6525,6525,6525,6525,0
2022-08-25 11:59:00,6525,6525,6525,6525,0
2022-08-25 12:00:00,6525,6525,6525,6525,0
2022-08-25 12:01:00,6525,6525,6525,6525,0
2022-08-25 12:02:00,6525,6525,6525,6525,0
2022-08-25 12:03:00,6525,6525,6525,6525,0
2022-08-25 12:04:00,6525,6525,6525,6525,0
2022-08-25 12:05:00,6525,6525,6525,6525,0
2022-08-25 12:06:00,6525,6525,6525,6525,0
2022-08-25 12:07:00,6525,6525,6525,6525,0
2022-08-25 12:08:00,6525,6525,6525,6525,0
2022-08-25 12:09:00,6525,6525,6525,6525,0
2022-08-25 12:10:00,6525,6525,6525,6525,0
2022-08-25 12:11:00,6525,6525,6525,6525,0
2022-08-25 12:12:00,6525,6525,6525,6525,0
2022-08-25 12:13:00,6525,6525,6525,6525,0
2022-08-25 12:14:00,6525,6525,6525,6525,0
2022-08-25 12:15:00,6525,6525,6525,6525,0
2022-08-25 12:16:00,6525,6525,6525,6525,0
2022-08-25 12:17:00,6525,6525,6525,6525,0
2022-08-25 12:18:00,6525,6525,6525,6525,0
2022-08-25 12:19:00,6525,6525,6525,6525,0
2022-08-25 12:20:00,6525,6525,6525,6525,0
2022-08-25 12:21:00,6525,6525,6525,6525,0
2022-08-25 12:22:00,6525,6525,6525,6525,0
2022-08-25 12:23:00,6525,6525,6525,6525,0
2022-08-25 12:24:00,6525,6525,6525,6525,0
2022-08-25 12:25:00,6525,6525,6525,6525,0
2022-08-25 12:26:00,6525,6525,6525,6525,0
2022-08-25 12:27:00,6525,6525,6525,6525,0
2022-08-25 12:28:00,6525,6525,6525,6525,0
2022-08-25 12:29:00,6525,6525,6525,6525,0
2022-08-25 12:30:00,6525,6525,6525,6525,0
2022-08-25 12:31:00,6525,6525,6525,6525,0
2022-08-25 12:32:00,6525,6525,6525,6525,0
2022-08-25 12:33:00,6525,6525,6525,6525,0
2022-08-25 12:34:00,6525,6525,6525,6525,0
2022-08-25 12:35:00,6525,6525,6525,6525,0
2022-08-25 12:36:00,6525,6525,6525,6525,0
2022-08-25 12:37:00,6525,6525,6525,6525,0
2022-08-25 12:38:00,6525,6525,6525,6525,0
2022-08-25 12:39:00,6525,6525,6525,6525,0
2022-08-25 12:40:00,6525,6525,6525,6525,0
2022-08-25 12:41:00,6525,6525,6525,6525,0
2022-08-25 12:42:00,6525,6525,6525,6525,0
2022-08-25 12:43:00,6525,6525,6525,6525,0
2022-08-25 12:44:00,6525,6525,6525,6525,0
2022-08-25 12:45:00,6525,6525,6525,6525,0
2022-08-25 12:46:00,6525,6525,6525,6525,0
2022-08-25 12:47:00,6525,6525,6525,6525,0
2022-08-25 12:48:00,6525,6525,6525,6525,0
2022-08-25 12:49:00,6525,6525,6525,6525,0
2022-08-25 12:50:00,6525,6525,6525,6525,0
2022-08-25 12:51:00,6525,6525,6525,6525,0
2022-08-25 12:52:00,6525,6525,6525,6525,0
2022-08-25 12:53:00,6525,6525,6525,6525,0
2022-08-25 12:54:00,6525,6525,6525,6525,0
2022-08-25 12:55:00,6525,6525,6525,6525,0
2022-08-25 12:56:00,6525,6525,6525,6525,0
2022-08-25 12:57:00,6525,6525,6525,6525,0
2022-08-25 12:58:00,6525,6525,6525,6525,0
2022-08-25 12:59:00,6525,6525,6525,6525,0
2022-08-25 13:00:00,6525,6525,6525,6525,0
2022-08-25 13:01:00,6525,6525,6525,6525,0
2022-08-25 13:02:00,6525,6525,6525,6525,0
2022-08-25 13:03:00,6525,6525,6525,6525,0
2022-08-25 13:04:00,6525,6525,6525,6525,0
2022-08-25 13:05:00,6525,6525,6525,6525,0
2022-08-25 13:06:00,6525,6525,6525,6525,0
2022-08-25 13:07:00,6525,6525,6525,6525,0
2022-08-25 13:08:00,6525,6525,6525,6525,0
2022-08-25 13:09:00,6525,6525,6525,6525,0
2022-08-25 13:10:00,6525,6525,6525,6525,0
2022-08-25 13:11:00,6525,6525,6525,6525,0
2022-08-25 13:12:00,6525,6525,6525,6525,0
2022-08-25 13:13:00,6525,6525,6525,6525,0
2022-08-25 13:14:00,6525,6525,6525,6525,0
2022-08-25 13:15:00,6525,6525,6525,6525,0
2022-08-25 13:16:00,6525,6525,6525,6525,0
2022-08-25 13:17:00,6525,6525,6525,6525,0
2022-08-25 13:18:00,6525,6525,6525,6525,0
2022-08-25 13:19:00,6525,6525,6525,6525,0
2022-08-25 13:20:00,6525,6525,6525,6525,0
2022-08-25 13:21:00,6525,6525,6525,6525,0
2022-08-25 13:22:00,6525,6525,6525,6525,0
2022-08-25 13:23:00,6525,6525,6525,6525,0
2022-08-25 13:24:00,6525,6525,6525,6525,0
2022-08-25 13:25:00,6525,6525,6525,6525,0
2022-08-25 13:26:00,6525,6525,6525,6525,0
2022-08-25 13:27:00,6525,6525,6525,6525,0
2022-08-25 13:28:00,6525,6525,6525,6525,0
2022-08-25 13:29:00,6525,6525,6525,6525,0
2022-08-25 13:30:00,6550,6525,6550,6525,380900
2022-08-25 13:31:00,6550,6525,6550,6525,0
2022-08-25 13:32:00,6525,6525,6525,6525,2000
2022-08-25 13:33:00,6525,6525,6525,6525,1100
2022-08-25 13:34:00,6525,6525,6525,6525,0
2022-08-25 13:35:00,6525,6525,6525,6525,0
2022-08-25 13:36:00,6525,6525,6525,6525,2200
2022-08-25 13:37:00,6525,6525,6525,6525,0
2022-08-25 13:38:00,6525,6525,6525,6525,0
2022-08-25 13:39:00,6525,6525,6525,6525,0
2022-08-25 13:40:00,6550,6525,6550,6525,2600
2022-08-25 13:41:00,6550,6525,6550,6525,0
2022-08-25 13:42:00,6525,6525,6525,6525,600
2022-08-25 13:43:00,6525,6525,6550,6550,700
2022-08-25 13:44:00,6550,6550,6550,6550,200
2022-08-25 13:45:00,6550,6550,6550,6550,0
2022-08-25 13:46:00,6525,6525,6525,6525,600
2022-08-25 13:47:00,6550,6550,6550,6550,100
2022-08-25 13:48:00,6525,6525,6525,6525,1700
2022-08-25 13:49:00,6525,6525,6525,6525,500
2022-08-25 13:50:00,6525,6525,6525,6525,0
2022-08-25 13:51:00,6525,6525,6525,6525,0
2022-08-25 13:52:00,6525,6525,6525,6525,0
2022-08-25 13:53:00,6525,6525,6525,6525,0
2022-08-25 13:54:00,6525,6525,6525,6525,0
2022-08-25 13:55:00,6525,6525,6525,6525,0
2022-08-25 13:56:00,6525,6525,6525,6525,12600
2022-08-25 13:57:00,6525,6525,6525,6525,2000
2022-08-25 13:58:00,6525,6525,6550,6525,10200
2022-08-25 13:59:00,6525,6525,6525,6525,400
2022-08-25 14:00:00,6525,6525,6525,6525,600
2022-08-25 14:01:00,6525,6525,6525,6525,0
2022-08-25 14:02:00,6525,6525,6525,6525,11600
2022-08-25 14:03:00,6525,6525,6525,6525,3900
2022-08-25 14:04:00,6525,6525,6525,6525,3400
2022-08-25 14:05:00,6525,6525,6525,6525,1400
2022-08-25 14:06:00,6525,6525,6525,6525,2400
2022-08-25 14:07:00,6525,6525,6525,6525,1000
2022-08-25 14:08:00,6525,6525,6525,6525,0
2022-08-25 14:09:00,6525,6525,6525,6525,1300
2022-08-25 14:10:00,6525,6525,6525,6525,6500
2022-08-25 14:11:00,6525,6525,6525,6525,1400
2022-08-25 14:12:00,6525,6525,6550,6550,2100
2022-08-25 14:13:00,6525,6525,6525,6525,10100
2022-08-25 14:14:00,6525,6525,6525,6525,0
2022-08-25 14:15:00,6525,6525,6525,6525,0
2022-08-25 14:16:00,6525,6525,6525,6525,0
2022-08-25 14:17:00,6525,6525,6525,6525,0
2022-08-25 14:18:00,6525,6525,6525,6525,2100
2022-08-25 14:19:00,6525,6525,6525,6525,0
2022-08-25 14:20:00,6525,6525,6525,6525,1100
2022-08-25 14:21:00,6525,6525,6525,6525,0
2022-08-25 14:22:00,6550,6550,6550,6550,3900
2022-08-25 14:23:00,6550,6550,6550,6550,0
2022-08-25 14:24:00,6550,6550,6550,6550,800
2022-08-25 14:25:00,6550,6550,6550,6550,9000
2022-08-25 14:26:00,6550,6550,6550,6550,0
2022-08-25 14:27:00,6550,6550,6550,6550,30600
2022-08-25 14:28:00,6550,6550,6550,6550,0
2022-08-25 14:29:00,6550,6550,6550,6550,0
2022-08-25 14:30:00,6550,6550,6550,6550,0
2022-08-25 14:31:00,6550,6550,6550,6550,0
2022-08-25 14:32:00,6550,6550,6550,6550,200
2022-08-25 14:33:00,6525,6525,6525,6525,1600
2022-08-25 14:34:00,6525,6525,6525,6525,100
2022-08-25 14:35:00,6525,6525,6525,6525,2800
2022-08-25 14:36:00,6525,6525,6525,6525,0
2022-08-25 14:37:00,6525,6525,6525,6525,0
2022-08-25 14:38:00,6525,6525,6525,6525,0
2022-08-25 14:39:00,6525,6525,6525,6525,100
2022-08-25 14:40:00,6525,6525,6525,6525,4900
2022-08-25 14:41:00,6525,6525,6525,6525,0
2022-08-25 14:42:00,6525,6525,6525,6525,0
2022-08-25 14:43:00,6525,6525,6525,6525,0
2022-08-25 14:44:00,6525,6525,6550,6550,2600
2022-08-25 14:45:00,6550,6550,6550,6550,1000
2022-08-25 14:46:00,6550,6550,6550,6550,4400
2022-08-25 14:47:00,6525,6525,6525,6525,3800
2022-08-25 14:48:00,6525,6525,6525,6525,0
2022-08-25 14:49:00,6525,6525,6550,6525,600
2022-08-25 14:50:00,6525,6525,6550,6525,0
2022-08-25 14:51:00,6525,6525,6550,6525,0
2022-08-25 14:52:00,6525,6525,6550,6525,0
2022-08-25 14:53:00,6525,6525,6550,6525,0
2022-08-25 14:54:00,6525,6525,6550,6525,0
2022-08-25 14:55:00,6525,6525,6550,6525,0
2022-08-25 14:56:00,6525,6525,6550,6525,0
2022-08-25 14:57:00,6525,6525,6550,6525,0
2022-08-25 14:58:00,6525,6525,6550,6525,0
2022-08-25 14:59:00,6525,6525,6550,6525,0
2022-08-25 15:00:00,6550,6550,6550,6550,13700
2022-08-25 15:01:00,6550,6550,6550,6550,20000
2022-08-25 15:02:00,6550,6550,6550,6550,27700
2022-08-25 15:03:00,6550,6550,6550,6550,1600
2022-08-25 15:04:00,6550,6550,6550,6550,0
2022-08-25 15:05:00,6550,6550,6550,6550,0
2022-08-25 15:06:00,6550,6550,6550,6550,400
2022-08-25 15:07:00,6550,6550,6550,6550,0
2022-08-25 15:08:00,6550,6550,6550,6550,596400
2022-08-25 15:09:00,6550,6550,6550,6550,0
2022-08-25 15:10:00,6550,6550,6550,6550,0
2022-08-25 15:11:00,6550,6550,6550,6550,0
2022-08-25 15:12:00,6550,6550,6550,6550,0
2022-08-25 15:13:00,6550,6550,6550,6550,0
2022-08-25 15:14:00,6550,6550,6550,6550,0
2022-08-25 15:15:00,6550,6550,6550,6550,0
2022-08-25 15:16:00,6550,6550,6550,6550,0
2022-08-25 15:17:00,6550,6550,6550,6550,0
2022-08-25 15:18:00,6550,6550,6550,6550,0
2022-08-25 15:19:00,6550,6550,6550,6550,0
2022-08-25 15:20:00,6550,6550,6550,6550,0
2022-08-25 15:21:00,6550,6550,6550,6550,0
2022-08-25 15:22:00,6550,6550,6550,6550,0
2022-08-25 15:23:00,6550,6550,6550,6550,0
2022-08-25 15:24:00,6550,6550,6550,6550,0
2022-08-25 15:25:00,6550,6550,6550,6550,0
2022-08-25 15:26:00,6550,6550,6550,6550,0
2022-08-25 15:27:00,6550,6550,6550,6550,0
2022-08-25 15:28:00,6550,6550,6550,6550,0
2022-08-25 15:29:00,6550,6550,6550,6550,0
2022-08-25 15:30:00,6550,6550,6550,6550,0
2022-08-25 15:31:00,6550,6550,6550,6550,0
2022-08-25 15:32:00,6550,6550,6550,6550,0
2022-08-25 15:33:00,6550,6550,6550,6550,0
2022-08-25 15:34:00,6550,6550,6550,6550,0
2022-08-25 15:35:00,6550,6550,6550,6550,0
2022-08-25 15:36:00,6550,6550,6550,6550,0
2022-08-25 15:37:00,6550,6550,6550,6550,0
2022-08-25 15:38:00,6550,6550,6550,6550,0
2022-08-25 15:39:00,6550,6550,6550,6550,0
2022-08-25 15:40:00,6550,6550,6550,6550,0
2022-08-25 15:41:00,6550,6550,6550,6550,0
2022-08-25 15:42:00,6550,6550,6550,6550,0
2022-08-25 15:43:00,6550,6550,6550,6550,0
2022-08-25 15:44:00,6550,6550,6550,6550,0
2022-08-25 15:45:00,6550,6550,6550,6550,0
2022-08-25 15:46:00,6550,6550,6550,6550,0
2022-08-25 15:47:00,6550,6550,6550,6550,0
2022-08-25 15:48:00,6550,6550,6550,6550,0
2022-08-25 15:49:00,6550,6550,6550,6550,0
2022-08-25 15:50:00,6550,6550,6550,6550,0
2022-08-25 15:51:00,6550,6550,6550,6550,0
2022-08-25 15:52:00,6550,6550,6550,6550,0
2022-08-25 15:53:00,6550,6550,6550,6550,0
2022-08-25 15:54:00,6550,6550,6550,6550,0
2022-08-25 15:55:00,6550,6550,6550,6550,0
2022-08-25 15:56:00,6550,6550,6550,6550,0
2022-08-25 15:57:00,6550,6550,6550,6550,0
2022-08-25 15:58:00,6550,6550,6550,6550,0
2022-08-25 15:59:00,6550,6550,6550,6550,0
2022-08-26 09:00:00,6550,6550,6550,6550,0
2022-08-26 09:01:00,6525,6525,6525,6525,5800
2022-08-26 09:02:00,6525,6525,6550,6550,9500
2022-08-26 09:03:00,6550,6550,6550,6550,12500
2022-08-26 09:04:00,6550,6550,6550,6550,6700
2022-08-26 09:05:00,6550,6550,6550,6550,0
2022-08-26 09:06:00,6550,6550,6550,6550,3600
2022-08-26 09:07:00,6550,6550,6550,6550,600
2022-08-26 09:08:00,6575,6575,6575,6575,3400
2022-08-26 09:09:00,6575,6575,6575,6575,0
2022-08-26 09:10:00,6550,6550,6575,6575,36600
2022-08-26 09:11:00,6550,6550,6575,6575,0
2022-08-26 09:12:00,6550,6550,6550,6550,0
2022-08-26 09:13:00,6575,6575,6575,6575,9900
2022-08-26 09:14:00,6550,6550,6550,6550,200
2022-08-26 09:15:00,6550,6550,6550,6550,0
2022-08-26 09:16:00,6550,6550,6550,6550,0
2022-08-26 09:17:00,6550,6550,6550,6550,0
2022-08-26 09:18:00,6550,6550,6550,6550,400
2022-08-26 09:19:00,6550,6550,6550,6550,0
2022-08-26 09:20:00,6550,6550,6550,6550,400
2022-08-26 09:21:00,6550,6550,6550,6550,0
2022-08-26 09:22:00,6550,6550,6550,6550,200
2022-08-26 09:23:00,6550,6550,6550,6550,1900
2022-08-26 09:24:00,6550,6550,6550,6550,0
2022-08-26 09:25:00,6550,6550,6550,6550,1400
2022-08-26 09:26:00,6550,6550,6550,6550,0
2022-08-26 09:27:00,6550,6550,6550,6550,700
2022-08-26 09:28:00,6550,6550,6550,6550,0
2022-08-26 09:29:00,6550,6550,6550,6550,0
2022-08-26 09:30:00,6550,6550,6575,6550,22000
2022-08-26 09:31:00,6550,6550,6575,6550,0
2022-08-26 09:32:00,6575,6550,6575,6550,2500
2022-08-26 09:33:00,6550,6550,6575,6575,2700
2022-08-26 09:34:00,6550,6550,6550,6550,500
2022-08-26 09:35:00,6550,6550,6550,6550,4000
2022-08-26 09:36:00,6550,6550,6550,6550,4900
2022-08-26 09:37:00,6550,6550,6550,6550,0
2022-08-26 09:38:00,6550,6550,6550,6550,0
2022-08-26 09:39:00,6550,6550,6550,6550,0
2022-08-26 09:40:00,6550,6550,6550,6550,0
2022-08-26 09:41:00,6550,6550,6550,6550,1000
2022-08-26 09:42:00,6550,6550,6550,6550,0
2022-08-26 09:43:00,6550,6550,6550,6550,1100
2022-08-26 09:44:00,6550,6550,6550,6550,4000
2022-08-26 09:45:00,6550,6550,6550,6550,1200
2022-08-26 09:46:00,6550,6550,6550,6550,0
2022-08-26 09:47:00,6550,6550,6550,6550,1600
2022-08-26 09:48:00,6550,6550,6550,6550,600
2022-08-26 09:49:00,6550,6550,6550,6550,0
2022-08-26 09:50:00,6550,6550,6550,6550,0
2022-08-26 09:51:00,6550,6550,6550,6550,7300
2022-08-26 09:52:00,6550,6550,6550,6550,0
2022-08-26 09:53:00,6575,6550,6575,6550,1100
2022-08-26 09:54:00,6575,6550,6575,6550,0
2022-08-26 09:55:00,6550,6550,6550,6550,7400
2022-08-26 09:56:00,6550,6550,6550,6550,0
2022-08-26 09:57:00,6550,6550,6550,6550,0
2022-08-26 09:58:00,6550,6550,6550,6550,0
2022-08-26 09:59:00,6550,6550,6550,6550,0
2022-08-26 10:00:00,6550,6550,6550,6550,4600
2022-08-26 10:01:00,6550,6550,6550,6550,0
2022-08-26 10:02:00,6550,6550,6550,6550,0
2022-08-26 10:03:00,6575,6575,6575,6575,1100
2022-08-26 10:04:00,6575,6575,6575,6575,0
2022-08-26 10:05:00,6575,6575,6575,6575,0
2022-08-26 10:06:00,6575,6575,6575,6575,3900
2022-08-26 10:07:00,6575,6575,6575,6575,0
2022-08-26 10:08:00,6575,6575,6575,6575,0
2022-08-26 10:09:00,6575,6575,6575,6575,0
2022-08-26 10:10:00,6575,6575,6575,6575,0
2022-08-26 10:11:00,6575,6575,6575,6575,9100
2022-08-26 10:12:00,6575,6575,6575,6575,1700
2022-08-26 10:13:00,6575,6575,6575,6575,5200
2022-08-26 10:14:00,6575,6575,6575,6575,300
2022-08-26 10:15:00,6575,6575,6575,6575,18600
2022-08-26 10:16:00,6575,6575,6575,6575,0
2022-08-26 10:17:00,6575,6575,6575,6575,100
2022-08-26 10:18:00,6575,6575,6575,6575,500
2022-08-26 10:19:00,6575,6575,6575,6575,2100
2022-08-26 10:20:00,6575,6575,6575,6575,0
2022-08-26 10:21:00,6575,6575,6575,6575,4900
2022-08-26 10:22:00,6575,6575,6575,6575,0
2022-08-26 10:23:00,6600,6600,6600,6600,135700
2022-08-26 10:24:00,6600,6600,6600,6600,18100
2022-08-26 10:25:00,6600,6600,6600,6600,1000
2022-08-26 10:26:00,6600,6600,6600,6600,1000
2022-08-26 10:27:00,6600,6600,6600,6600,0
2022-08-26 10:28:00,6600,6600,6600,6600,200
2022-08-26 10:29:00,6600,6600,6600,6600,200
2022-08-26 10:30:00,6600,6600,6600,6600,0
2022-08-26 10:31:00,6575,6575,6575,6575,6100
2022-08-26 10:32:00,6575,6575,6575,6575,0
2022-08-26 10:33:00,6600,6600,6600,6600,0
2022-08-26 10:34:00,6600,6600,6600,6600,0
2022-08-26 10:35:00,6600,6600,6600,6600,1100
2022-08-26 10:36:00,6600,6600,6600,6600,0
2022-08-26 10:37:00,6600,6600,6600,6600,0
2022-08-26 10:38:00,6600,6600,6600,6600,1100
2022-08-26 10:39:00,6600,6575,6600,6575,100
2022-08-26 10:40:00,6600,6575,6600,6575,0
2022-08-26 10:41:00,6600,6575,6600,6575,0
2022-08-26 10:42:00,6600,6575,6600,6575,0
2022-08-26 10:43:00,6575,6575,6575,6575,11800
2022-08-26 10:44:00,6575,6575,6575,6575,800
2022-08-26 10:45:00,6575,6575,6575,6575,200
2022-08-26 10:46:00,6575,6575,6575,6575,0
2022-08-26 10:47:00,6575,6575,6575,6575,300
2022-08-26 10:48:00,6575,6575,6575,6575,700
2022-08-26 10:49:00,6575,6575,6575,6575,0
2022-08-26 10:50:00,6575,6575,6575,6575,1500
2022-08-26 10:51:00,6575,6575,6575,6575,0
2022-08-26 10:52:00,6575,6575,6575,6575,0
2022-08-26 10:53:00,6575,6575,6575,6575,0
2022-08-26 10:54:00,6600,6600,6600,6600,0
2022-08-26 10:55:00,6600,6600,6600,6600,0
2022-08-26 10:56:00,6575,6575,6575,6575,700
2022-08-26 10:57:00,6575,6575,6575,6575,300
2022-08-26 10:58:00,6575,6575,6575,6575,0
2022-08-26 10:59:00,6575,6575,6575,6575,6700
2022-08-26 11:00:00,6575,6575,6575,6575,1200
2022-08-26 11:01:00,6575,6575,6575,6575,0
2022-08-26 11:02:00,6575,6575,6575,6575,0
2022-08-26 11:03:00,6575,6575,6575,6575,14400
2022-08-26 11:04:00,6575,6575,6575,6575,0
2022-08-26 11:05:00,6575,6575,6575,6575,0
2022-08-26 11:06:00,6575,6575,6575,6575,0
2022-08-26 11:07:00,6575,6575,6575,6575,0
2022-08-26 11:08:00,6575,6575,6575,6575,600
2022-08-26 11:09:00,6575,6575,6575,6575,19600
2022-08-26 11:10:00,6575,6575,6575,6575,0
2022-08-26 11:11:00,6575,6575,6600,6600,0
2022-08-26 11:12:00,6575,6575,6600,6600,0
2022-08-26 11:13:00,6575,6575,6600,6600,0
2022-08-26 11:14:00,6575,6575,6600,6600,0
2022-08-26 11:15:00,6575,6575,6575,6575,10000
2022-08-26 11:16:00,6575,6575,6600,6600,0
2022-08-26 11:17:00,6575,6575,6575,6575,2300
2022-08-26 11:18:00,6575,6575,6575,6575,1800
2022-08-26 11:19:00,6600,6600,6600,6600,500
2022-08-26 11:20:00,6600,6600,6600,6600,0
2022-08-26 11:21:00,6600,6600,6600,6600,0
2022-08-26 11:22:00,6600,6600,6600,6600,800
2022-08-26 11:23:00,6600,6600,6600,6600,0
2022-08-26 11:24:00,6600,6600,6600,6600,0
2022-08-26 11:25:00,6600,6600,6600,6600,0
2022-08-26 11:26:00,6575,6575,6575,6575,1400
2022-08-26 11:27:00,6575,6575,6575,6575,0
2022-08-26 11:28:00,6600,6600,6600,6600,129200
2022-08-26 11:29:00,6600,6600,6600,6600,0
2022-08-26 11:30:00,6600,6600,6600,6600,0
2022-08-26 11:31:00,6600,6600,6600,6600,0
2022-08-26 11:32:00,6600,6600,6600,6600,0
2022-08-26 11:33:00,6600,6600,6600,6600,0
2022-08-26 11:34:00,6600,6600,6600,6600,0
2022-08-26 11:35:00,6600,6600,6600,6600,0
2022-08-26 11:36:00,6600,6600,6600,6600,0
2022-08-26 11:37:00,6600,6600,6600,6600,0
2022-08-26 11:38:00,6600,6600,6600,6600,0
2022-08-26 11:39:00,6600,6600,6600,6600,0
2022-08-26 11:40:00,6600,6600,6600,6600,0
2022-08-26 11:41:00,6600,6600,6600,6600,0
2022-08-26 11:42:00,6600,6600,6600,6600,0
2022-08-26 11:43:00,6600,6600,6600,6600,0
2022-08-26 11:44:00,6600,6600,6600,6600,0
2022-08-26 11:45:00,6600,6600,6600,6600,0
2022-08-26 11:46:00,6600,6600,6600,6600,0
2022-08-26 11:47:00,6600,6600,6600,6600,0
2022-08-26 11:48:00,6600,6600,6600,6600,0
2022-08-26 11:49:00,6600,6600,6600,6600,0
2022-08-26 11:50:00,6600,6600,6600,6600,0
2022-08-26 11:51:00,6600,6600,6600,6600,0
2022-08-26 11:52:00,6600,6600,6600,6600,0
2022-08-26 11:53:00,6600,6600,6600,6600,0
2022-08-26 11:54:00,6600,6600,6600,6600,0
2022-08-26 11:55:00,6600,6600,6600,6600,0
2022-08-26 11:56:00,6600,6600,6600,6600,0
2022-08-26 11:57:00,6600,6600,6600,6600,0
2022-08-26 11:58:00,6600,6600,6600,6600,0
2022-08-26 11:59:00,6600,6600,6600,6600,0
2022-08-26 12:00:00,6600,6600,6600,6600,0
2022-08-26 12:01:00,6600,6600,6600,6600,0
2022-08-26 12:02:00,6600,6600,6600,6600,0
2022-08-26 12:03:00,6600,6600,6600,6600,0
2022-08-26 12:04:00,6600,6600,6600,6600,0
2022-08-26 12:05:00,6600,6600,6600,6600,0
2022-08-26 12:06:00,6600,6600,6600,6600,0
2022-08-26 12:07:00,6600,6600,6600,6600,0
2022-08-26 12:08:00,6600,6600,6600,6600,0
2022-08-26 12:09:00,6600,6600,6600,6600,0
2022-08-26 12:10:00,6600,6600,6600,6600,0
2022-08-26 12:11:00,6600,6600,6600,6600,0
2022-08-26 12:12:00,6600,6600,6600,6600,0
2022-08-26 12:13:00,6600,6600,6600,6600,0
2022-08-26 12:14:00,6600,6600,6600,6600,0
2022-08-26 12:15:00,6600,6600,6600,6600,0
2022-08-26 12:16:00,6600,6600,6600,6600,0
2022-08-26 12:17:00,6600,6600,6600,6600,0
2022-08-26 12:18:00,6600,6600,6600,6600,0
2022-08-26 12:19:00,6600,6600,6600,6600,0
2022-08-26 12:20:00,6600,6600,6600,6600,0
2022-08-26 12:21:00,6600,6600,6600,6600,0
2022-08-26 12:22:00,6600,6600,6600,6600,0
2022-08-26 12:23:00,6600,6600,6600,6600,0
2022-08-26 12:24:00,6600,6600,6600,6600,0
2022-08-26 12:25:00,6600,6600,6600,6600,0
2022-08-26 12:26:00,6600,6600,6600,6600,0
2022-08-26 12:27:00,6600,6600,6600,6600,0
2022-08-26 12:28:00,6600,6600,6600,6600,0
2022-08-26 12:29:00,6600,6600,6600,6600,0
2022-08-26 12:30:00,6600,6600,6600,6600,0
2022-08-26 12:31:00,6600,6600,6600,6600,0
2022-08-26 12:32:00,6600,6600,6600,6600,0
2022-08-26 12:33:00,6600,6600,6600,6600,0
2022-08-26 12:34:00,6600,6600,6600,6600,0
2022-08-26 12:35:00,6600,6600,6600,6600,0
2022-08-26 12:36:00,6600,6600,6600,6600,0
2022-08-26 12:37:00,6600,6600,6600,6600,0
2022-08-26 12:38:00,6600,6600,6600,6600,0
2022-08-26 12:39:00,6600,6600,6600,6600,0
2022-08-26 12:40:00,6600,6600,6600,6600,0
2022-08-26 12:41:00,6600,6600,6600,6600,0
2022-08-26 12:42:00,6600,6600,6600,6600,0
2022-08-26 12:43:00,6600,6600,6600,6600,0
2022-08-26 12:44:00,6600,6600,6600,6600,0
2022-08-26 12:45:00,6600,6600,6600,6600,0
2022-08-26 12:46:00,6600,6600,6600,6600,0
2022-08-26 12:47:00,6600,6600,6600,6600,0
2022-08-26 12:48:00,6600,6600,6600,6600,0
2022-08-26 12:49:00,6600,6600,6600,6600,0
2022-08-26 12:50:00,6600,6600,6600,6600,0
2022-08-26 12:51:00,6600,6600,6600,6600,0
2022-08-26 12:52:00,6600,6600,6600,6600,0
2022-08-26 12:53:00,6600,6600,6600,6600,0
2022-08-26 12:54:00,6600,6600,6600,6600,0
2022-08-26 12:55:00,6600,6600,6600,6600,0
2022-08-26 12:56:00,6600,6600,6600,6600,0
2022-08-26 12:57:00,6600,6600,6600,6600,0
2022-08-26 12:58:00,6600,6600,6600,6600,0
2022-08-26 12:59:00,6600,6600,6600,6600,0
2022-08-26 13:00:00,6600,6600,6600,6600,0
2022-08-26 13:01:00,6600,6600,6600,6600,0
2022-08-26 13:02:00,6600,6600,6600,6600,0
2022-08-26 13:03:00,6600,6600,6600,6600,0
2022-08-26 13:04:00,6600,6600,6600,6600,0
2022-08-26 13:05:00,6600,6600,6600,6600,0
2022-08-26 13:06:00,6600,6600,6600,6600,0
2022-08-26 13:07:00,6600,6600,6600,6600,0
2022-08-26 13:08:00,6600,6600,6600,6600,0
2022-08-26 13:09:00,6600,6600,6600,6600,0
2022-08-26 13:10:00,6600,6600,6600,6600,0
2022-08-26 13:11:00,6600,6600,6600,6600,0
2022-08-26 13:12:00,6600,6600,6600,6600,0
2022-08-26 13:13:00,6600,6600,6600,6600,0
2022-08-26 13:14:00,6600,6600,6600,6600,0
2022-08-26 13:15:00,6600,6600,6600,6600,0
2022-08-26 13:16:00,6600,6600,6600,6600,0
2022-08-26 13:17:00,6600,6600,6600,6600,0
2022-08-26 13:18:00,6600,6600,6600,6600,0
2022-08-26 13:19:00,6600,6600,6600,6600,0
2022-08-26 13:20:00,6600,6600,6600,6600,0
2022-08-26 13:21:00,6600,6600,6600,6600,0
2022-08-26 13:22:00,6600,6600,6600,6600,0
2022-08-26 13:23:00,6600,6600,6600,6600,0
2022-08-26 13:24:00,6600,6600,6600,6600,0
2022-08-26 13:25:00,6600,6600,6600,6600,0
2022-08-26 13:26:00,6600,6600,6600,6600,0
2022-08-26 13:27:00,6600,6600,6600,6600,0
2022-08-26 13:28:00,6600,6600,6600,6600,0
2022-08-26 13:29:00,6600,6600,6600,6600,0
2022-08-26 13:30:00,6600,6575,6600,6600,58500
2022-08-26 13:31:00,6600,6600,6600,6600,2300
2022-08-26 13:32:00,6600,6600,6600,6600,1500
2022-08-26 13:33:00,6575,6575,6575,6575,900
2022-08-26 13:34:00,6575,6575,6600,6600,48000
2022-08-26 13:35:00,6575,6575,6600,6600,0
2022-08-26 13:36:00,6600,6600,6600,6600,81500
2022-08-26 13:37:00,6600,6600,6600,6600,0
2022-08-26 13:38:00,6600,6600,6600,6600,0
2022-08-26 13:39:00,6600,6600,6600,6600,78400
2022-08-26 13:40:00,6600,6600,6600,6600,0
2022-08-26 13:41:00,6600,6600,6600,6600,3600
2022-08-26 13:42:00,6600,6600,6600,6600,0
2022-08-26 13:43:00,6600,6600,6600,6600,0
2022-08-26 13:44:00,6575,6575,6575,6575,2000
2022-08-26 13:45:00,6575,6575,6575,6575,0
2022-08-26 13:46:00,6600,6600,6600,6600,0
2022-08-26 13:47:00,6600,6600,6600,6600,0
2022-08-26 13:48:00,6600,6600,6600,6600,0
2022-08-26 13:49:00,6600,6600,6600,6600,0
2022-08-26 13:50:00,6600,6600,6600,6600,0
2022-08-26 13:51:00,6600,6600,6600,6600,0
2022-08-26 13:52:00,6600,6600,6600,6600,0
2022-08-26 13:53:00,6600,6600,6600,6600,1700
2022-08-26 13:54:00,6600,6575,6600,6600,7500
2022-08-26 13:55:00,6600,6600,6600,6600,0
2022-08-26 13:56:00,6600,6600,6600,6600,64800
2022-08-26 13:57:00,6600,6600,6600,6600,0
2022-08-26 13:58:00,6600,6600,6600,6600,400
2022-08-26 13:59:00,6625,6625,6625,6625,100
2022-08-26 14:00:00,6600,6600,6600,6600,42000
2022-08-26 14:01:00,6600,6600,6600,6600,13200
2022-08-26 14:02:00,6600,6575,6600,6600,1600
2022-08-26 14:03:00,6600,6600,6625,6600,8700
2022-08-26 14:04:00,6600,6600,6625,6625,246400
2022-08-26 14:05:00,6650,6650,6650,6650,332400
2022-08-26 14:06:00,6650,6650,6650,6650,67500
2022-08-26 14:07:00,6650,6650,6650,6650,35100
2022-08-26 14:08:00,6650,6650,6675,6675,98600
2022-08-26 14:09:00,6650,6650,6700,6700,131800
2022-08-26 14:10:00,6700,6675,6700,6700,128200
2022-08-26 14:11:00,6700,6675,6700,6675,25300
2022-08-26 14:12:00,6700,6675,6700,6700,3800
2022-08-26 14:13:00,6700,6675,6700,6700,29600
2022-08-26 14:14:00,6700,6700,6700,6700,600
2022-08-26 14:15:00,6700,6675,6700,6700,2400
2022-08-26 14:16:00,6675,6675,6700,6700,1900
2022-08-26 14:17:00,6675,6675,6700,6700,0
2022-08-26 14:18:00,6675,6675,6700,6675,96100
2022-08-26 14:19:00,6675,6675,6700,6700,111600
2022-08-26 14:20:00,6700,6700,6700,6700,49700
2022-08-26 14:21:00,6700,6700,6700,6700,35100
2022-08-26 14:22:00,6700,6700,6700,6700,45800
2022-08-26 14:23:00,6700,6700,6700,6700,11000
2022-08-26 14:24:00,6700,6700,6700,6700,20100
2022-08-26 14:25:00,6700,6675,6700,6700,30900
2022-08-26 14:26:00,6700,6700,6700,6700,4400
2022-08-26 14:27:00,6700,6700,6700,6700,5500
2022-08-26 14:28:00,6700,6700,6700,6700,6800
2022-08-26 14:29:00,6700,6700,6700,6700,1700
2022-08-26 14:30:00,6700,6700,6700,6700,10700
2022-08-26 14:31:00,6700,6700,6700,6700,42200
2022-08-26 14:32:00,6700,6700,6725,6700,20200
2022-08-26 14:33:00,6700,6700,6725,6725,42700
2022-08-26 14:34:00,6725,6725,6725,6725,4100
2022-08-26 14:35:00,6725,6700,6725,6725,14600
2022-08-26 14:36:00,6700,6700,6725,6700,3800
2022-08-26 14:37:00,6700,6700,6725,6700,29700
2022-08-26 14:38:00,6725,6700,6725,6700,4600
2022-08-26 14:39:00,6700,6700,6725,6700,35300
2022-08-26 14:40:00,6700,6700,6700,6700,1100
2022-08-26 14:41:00,6700,6700,6725,6700,13300
2022-08-26 14:42:00,6725,6725,6725,6725,0
2022-08-26 14:43:00,6725,6700,6725,6700,36500
2022-08-26 14:44:00,6725,6700,6725,6725,5100
2022-08-26 14:45:00,6725,6700,6725,6725,2900
2022-08-26 14:46:00,6725,6700,6725,6700,18300
2022-08-26 14:47:00,6700,6700,6725,6725,25700
2022-08-26 14:48:00,6725,6700,6725,6700,20500
2022-08-26 14:49:00,6700,6700,6725,6700,26600
2022-08-26 14:50:00,6700,6700,6725,6700,0
2022-08-26 14:51:00,6700,6700,6725,6700,0
2022-08-26 14:52:00,6700,6700,6725,6700,0
2022-08-26 14:53:00,6700,6700,6725,6700,0
2022-08-26 14:54:00,6700,6700,6725,6700,0
2022-08-26 14:55:00,6700,6700,6725,6700,0
2022-08-26 14:56:00,6700,6700,6725,6700,0
2022-08-26 14:57:00,6700,6700,6725,6700,0
2022-08-26 14:58:00,6700,6700,6725,6700,0
2022-08-26 14:59:00,6700,6700,6725,6700,0
2022-08-26 15:00:00,6700,6700,6700,6700,166700
2022-08-26 15:01:00,6700,6700,6700,6700,8800
2022-08-26 15:02:00,6700,6700,6700,6700,13700
2022-08-26 15:03:00,6700,6700,6700,6700,14400
2022-08-26 15:04:00,6700,6700,6700,6700,16000
2022-08-26 15:05:00,6700,6700,6700,6700,0
2022-08-26 15:06:00,6700,6700,6700,6700,4200
2022-08-26 15:07:00,6700,6700,6700,6700,2200
2022-08-26 15:08:00,6700,6700,6700,6700,5700
2022-08-26 15:09:00,6700,6700,6700,6700,3200
2022-08-26 15:10:00,6700,6700,6700,6700,4300
2022-08-26 15:11:00,6700,6700,6700,6700,19700
2022-08-26 15:12:00,6700,6700,6700,6700,92700
2022-08-26 15:13:00,6700,6700,6700,6700,0
2022-08-26 15:14:00,6700,6700,6700,6700,0
2022-08-26 15:15:00,6700,6700,6700,6700,0
2022-08-26 15:16:00,6700,6700,6700,6700,0
2022-08-26 15:17:00,6700,6700,6700,6700,0
2022-08-26 15:18:00,6700,6700,6700,6700,0
2022-08-26 15:19:00,6700,6700,6700,6700,0
2022-08-26 15:20:00,6700,6700,6700,6700,0
2022-08-26 15:21:00,6700,6700,6700,6700,0
2022-08-26 15:22:00,6700,6700,6700,6700,0
2022-08-26 15:23:00,6700,6700,6700,6700,0
2022-08-26 15:24:00,6700,6700,6700,6700,0
2022-08-26 15:25:00,6700,6700,6700,6700,0
2022-08-26 15:26:00,6700,6700,6700,6700,0
2022-08-26 15:27:00,6700,6700,6700,6700,0
2022-08-26 15:28:00,6700,6700,6700,6700,0
2022-08-26 15:29:00,6700,6700,6700,6700,0
2022-08-26 15:30:00,6700,6700,6700,6700,0
2022-08-26 15:31:00,6700,6700,6700,6700,0
2022-08-26 15:32:00,6700,6700,6700,6700,0
2022-08-26 15:33:00,6700,6700,6700,6700,0
2022-08-26 15:34:00,6700,6700,6700,6700,0
2022-08-26 15:35:00,6700,6700,6700,6700,0
2022-08-26 15:36:00,6700,6700,6700,6700,0
2022-08-26 15:37:00,6700,6700,6700,6700,0
2022-08-26 15:38:00,6700,6700,6700,6700,0
2022-08-26 15:39:00,6700,6700,6700,6700,0
2022-08-26 15:40:00,6700,6700,6700,6700,0
2022-08-26 15:41:00,6700,6700,6700,6700,0
2022-08-26 15:42:00,6700,6700,6700,6700,0
2022-08-26 15:43:00,6700,6700,6700,6700,0
2022-08-26 15:44:00,6700,6700,6700,6700,0
2022-08-26 15:45:00,6700,6700,6700,6700,0
2022-08-26 15:46:00,6700,6700,6700,6700,0
2022-08-26 15:47:00,6700,6700,6700,6700,0
2022-08-26 15:48:00,6700,6700,6700,6700,0
2022-08-26 15:49:00,6700,6700,6700,6700,0
2022-08-26 15:50:00,6700,6700,6700,6700,0
2022-08-26 15:51:00,6700,6700,6700,6700,0
2022-08-26 15:52:00,6700,6700,6700,6700,0
2022-08-26 15:53:00,6700,6700,6700,6700,0
2022-08-26 15:54:00,6700,6700,6700,6700,0
2022-08-26 15:55:00,6700,6700,6700,6700,0
2022-08-26 15:56:00,6700,6700,6700,6700,0
2022-08-26 15:57:00,6700,6700,6700,6700,0
2022-08-26 15:58:00,6700,6700,6700,6700,0
2022-08-26 15:59:00,6700,6700,6700,6700,0
2022-08-29 09:00:00,6650,6550,6650,6550,0
2022-08-29 09:01:00,6575,6550,6575,6575,55100
2022-08-29 09:02:00,6575,6550,6575,6550,11300
2022-08-29 09:03:00,6550,6550,6575,6550,1500
2022-08-29 09:04:00,6550,6550,6550,6550,1700
2022-08-29 09:05:00,6550,6550,6575,6550,5800
2022-08-29 09:06:00,6550,6550,6575,6575,7900
2022-08-29 09:07:00,6575,6550,6575,6575,25400
2022-08-29 09:08:00,6575,6550,6575,6575,22000
2022-08-29 09:09:00,6575,6575,6600,6575,11500
2022-08-29 09:10:00,6575,6575,6600,6600,1200
2022-08-29 09:11:00,6600,6600,6650,6650,112000
2022-08-29 09:12:00,6625,6600,6650,6650,2400
2022-08-29 09:13:00,6625,6625,6625,6625,800
2022-08-29 09:14:00,6625,6600,6625,6600,8300
2022-08-29 09:15:00,6600,6600,6625,6600,29000
2022-08-29 09:16:00,6600,6600,6625,6625,19700
2022-08-29 09:17:00,6625,6625,6625,6625,500
2022-08-29 09:18:00,6600,6600,6600,6600,7000
2022-08-29 09:19:00,6575,6575,6600,6600,1200
2022-08-29 09:20:00,6600,6600,6600,6600,28300
2022-08-29 09:21:00,6600,6600,6600,6600,0
2022-08-29 09:22:00,6600,6600,6600,6600,700
2022-08-29 09:23:00,6600,6600,6625,6625,500
2022-08-29 09:24:00,6600,6600,6625,6625,0
2022-08-29 09:25:00,6625,6600,6625,6600,21500
2022-08-29 09:26:00,6625,6600,6625,6600,0
2022-08-29 09:27:00,6600,6600,6600,6600,4900
2022-08-29 09:28:00,6600,6600,6600,6600,200
2022-08-29 09:29:00,6600,6600,6600,6600,0
2022-08-29 09:30:00,6625,6600,6625,6600,1600
2022-08-29 09:31:00,6600,6600,6625,6600,2800
2022-08-29 09:32:00,6600,6600,6600,6600,0
2022-08-29 09:33:00,6625,6625,6625,6625,2000
2022-08-29 09:34:00,6625,6625,6625,6625,0
2022-08-29 09:35:00,6625,6625,6650,6650,26100
2022-08-29 09:36:00,6650,6650,6650,6650,1900
2022-08-29 09:37:00,6650,6650,6650,6650,900
2022-08-29 09:38:00,6650,6650,6650,6650,0
2022-08-29 09:39:00,6650,6650,6650,6650,1000
2022-08-29 09:40:00,6650,6650,6650,6650,1600
2022-08-29 09:41:00,6650,6650,6650,6650,0
2022-08-29 09:42:00,6650,6650,6650,6650,0
2022-08-29 09:43:00,6625,6625,6625,6625,19900
2022-08-29 09:44:00,6650,6625,6650,6650,0
2022-08-29 09:45:00,6650,6650,6650,6650,600
2022-08-29 09:46:00,6650,6650,6650,6650,800
2022-08-29 09:47:00,6650,6650,6650,6650,2800
2022-08-29 09:48:00,6650,6650,6650,6650,0
2022-08-29 09:49:00,6625,6625,6650,6650,700
2022-08-29 09:50:00,6625,6625,6650,6650,32100
2022-08-29 09:51:00,6650,6650,6675,6650,10400
2022-08-29 09:52:00,6650,6650,6650,6650,18100
2022-08-29 09:53:00,6650,6650,6650,6650,500
2022-08-29 09:54:00,6650,6625,6650,6625,0
2022-08-29 09:55:00,6625,6625,6625,6625,41500
2022-08-29 09:56:00,6625,6625,6625,6625,0
2022-08-29 09:57:00,6625,6625,6625,6625,0
2022-08-29 09:58:00,6625,6625,6625,6625,0
2022-08-29 09:59:00,6625,6625,6625,6625,100
2022-08-29 10:00:00,6625,6625,6625,6625,3000
2022-08-29 10:01:00,6625,6625,6625,6625,0
2022-08-29 10:02:00,6625,6625,6625,6625,26500
2022-08-29 10:03:00,6625,6625,6625,6625,0
2022-08-29 10:04:00,6650,6650,6650,6650,500
2022-08-29 10:05:00,6650,6650,6650,6650,0
2022-08-29 10:06:00,6650,6650,6650,6650,0
2022-08-29 10:07:00,6650,6650,6650,6650,0
2022-08-29 10:08:00,6650,6650,6650,6650,0
2022-08-29 10:09:00,6625,6625,6650,6625,4000
2022-08-29 10:10:00,6650,6650,6650,6650,0
2022-08-29 10:11:00,6650,6650,6650,6650,10000
2022-08-29 10:12:00,6650,6650,6650,6650,0
2022-08-29 10:13:00,6650,6650,6650,6650,0
2022-08-29 10:14:00,6625,6625,6650,6650,100
2022-08-29 10:15:00,6625,6625,6625,6625,1600
2022-08-29 10:16:00,6625,6625,6625,6625,100
2022-08-29 10:17:00,6625,6625,6625,6625,0
2022-08-29 10:18:00,6625,6625,6625,6625,0
2022-08-29 10:19:00,6650,6650,6650,6650,200
2022-08-29 10:20:00,6650,6650,6650,6650,21400
2022-08-29 10:21:00,6625,6625,6650,6650,1100
2022-08-29 10:22:00,6650,6625,6650,6650,4400
2022-08-29 10:23:00,6650,6650,6675,6675,54500
2022-08-29 10:24:00,6675,6675,6675,6675,0
2022-08-29 10:25:00,6675,6675,6675,6675,0
2022-08-29 10:26:00,6675,6650,6675,6650,13000
2022-08-29 10:27:00,6650,6650,6700,6700,129300
2022-08-29 10:28:00,6700,6675,6700,6675,1100
2022-08-29 10:29:00,6675,6675,6700,6700,6300
2022-08-29 10:30:00,6675,6675,6675,6675,1200
2022-08-29 10:31:00,6675,6675,6675,6675,0
2022-08-29 10:32:00,6700,6700,6700,6700,200
2022-08-29 10:33:00,6700,6700,6700,6700,0
2022-08-29 10:34:00,6675,6675,6675,6675,0
2022-08-29 10:35:00,6675,6675,6700,6700,1200
2022-08-29 10:36:00,6700,6700,6700,6700,5000
2022-08-29 10:37:00,6700,6700,6700,6700,1500
2022-08-29 10:38:00,6675,6675,6700,6700,3000
2022-08-29 10:39:00,6700,6675,6700,6675,36700
2022-08-29 10:40:00,6700,6675,6700,6675,0
2022-08-29 10:41:00,6700,6700,6700,6700,11000
2022-08-29 10:42:00,6700,6675,6700,6675,400
2022-08-29 10:43:00,6675,6675,6675,6675,20200
2022-08-29 10:44:00,6675,6675,6675,6675,0
2022-08-29 10:45:00,6675,6675,6675,6675,200
2022-08-29 10:46:00,6675,6675,6675,6675,52200
2022-08-29 10:47:00,6675,6675,6675,6675,6200
2022-08-29 10:48:00,6700,6700,6700,6700,300
2022-08-29 10:49:00,6700,6700,6700,6700,2200
2022-08-29 10:50:00,6700,6700,6700,6700,0
2022-08-29 10:51:00,6675,6675,6675,6675,0
2022-08-29 10:52:00,6675,6675,6675,6675,0
2022-08-29 10:53:00,6675,6650,6700,6700,216900
2022-08-29 10:54:00,6650,6650,6700,6700,13700
2022-08-29 10:55:00,6675,6675,6675,6675,100
2022-08-29 10:56:00,6675,6675,6675,6675,1000
2022-08-29 10:57:00,6675,6675,6675,6675,1400
2022-08-29 10:58:00,6675,6675,6675,6675,0
2022-08-29 10:59:00,6650,6650,6650,6650,1200
2022-08-29 11:00:00,6650,6650,6650,6650,400
2022-08-29 11:01:00,6675,6675,6675,6675,2000
2022-08-29 11:02:00,6675,6675,6675,6675,0
2022-08-29 11:03:00,6675,6675,6675,6675,300
2022-08-29 11:04:00,6675,6675,6675,6675,0
2022-08-29 11:05:00,6675,6675,6675,6675,2400
2022-08-29 11:06:00,6675,6675,6675,6675,0
2022-08-29 11:07:00,6675,6675,6675,6675,0
2022-08-29 11:08:00,6675,6650,6675,6650,1100
2022-08-29 11:09:00,6675,6650,6675,6650,0
2022-08-29 11:10:00,6675,6650,6675,6650,0
2022-08-29 11:11:00,6675,6650,6675,6650,0
2022-08-29 11:12:00,6675,6675,6675,6675,1300
2022-08-29 11:13:00,6675,6675,6675,6675,0
2022-08-29 11:14:00,6675,6675,6675,6675,0
2022-08-29 11:15:00,6675,6675,6675,6675,1000
2022-08-29 11:16:00,6675,6675,6675,6675,0
2022-08-29 11:17:00,6650,6650,6650,6650,2200
2022-08-29 11:18:00,6650,6650,6650,6650,14300
2022-08-29 11:19:00,6650,6650,6650,6650,0
2022-08-29 11:20:00,6650,6650,6650,6650,800
2022-08-29 11:21:00,6675,6675,6675,6675,17500
2022-08-29 11:22:00,6675,6675,6675,6675,100
2022-08-29 11:23:00,6675,6675,6675,6675,0
2022-08-29 11:24:00,6675,6675,6675,6675,0
2022-08-29 11:25:00,6675,6675,6675,6675,1900
2022-08-29 11:26:00,6650,6650,6650,6650,11900
2022-08-29 11:27:00,6650,6650,6650,6650,0
2022-08-29 11:28:00,6650,6650,6650,6650,0
2022-08-29 11:29:00,6650,6650,6650,6650,30000
2022-08-29 11:30:00,6650,6650,6650,6650,0
2022-08-29 11:31:00,6650,6650,6650,6650,0
2022-08-29 11:32:00,6650,6650,6650,6650,0
2022-08-29 11:33:00,6650,6650,6650,6650,0
2022-08-29 11:34:00,6650,6650,6650,6650,0
2022-08-29 11:35:00,6650,6650,6650,6650,0
2022-08-29 11:36:00,6650,6650,6650,6650,0
2022-08-29 11:37:00,6650,6650,6650,6650,0
2022-08-29 11:38:00,6650,6650,6650,6650,0
2022-08-29 11:39:00,6650,6650,6650,6650,0
2022-08-29 11:40:00,6650,6650,6650,6650,0
2022-08-29 11:41:00,6650,6650,6650,6650,0
2022-08-29 11:42:00,6650,6650,6650,6650,0
2022-08-29 11:43:00,6650,6650,6650,6650,0
2022-08-29 11:44:00,6650,6650,6650,6650,0
2022-08-29 11:45:00,6650,6650,6650,6650,0
2022-08-29 11:46:00,6650,6650,6650,6650,0
2022-08-29 11:47:00,6650,6650,6650,6650,0
2022-08-29 11:48:00,6650,6650,6650,6650,0
2022-08-29 11:49:00,6650,6650,6650,6650,0
2022-08-29 11:50:00,6650,6650,6650,6650,0
2022-08-29 11:51:00,6650,6650,6650,6650,0
2022-08-29 11:52:00,6650,6650,6650,6650,0
2022-08-29 11:53:00,6650,6650,6650,6650,0
2022-08-29 11:54:00,6650,6650,6650,6650,0
2022-08-29 11:55:00,6650,6650,6650,6650,0
2022-08-29 11:56:00,6650,6650,6650,6650,0
2022-08-29 11:57:00,6650,6650,6650,6650,0
2022-08-29 11:58:00,6650,6650,6650,6650,0
2022-08-29 11:59:00,6650,6650,6650,6650,0
2022-08-29 12:00:00,6650,6650,6650,6650,0
2022-08-29 12:01:00,6650,6650,6650,6650,0
2022-08-29 12:02:00,6650,6650,6650,6650,0
2022-08-29 12:03:00,6650,6650,6650,6650,0
2022-08-29 12:04:00,6650,6650,6650,6650,0
2022-08-29 12:05:00,6650,6650,6650,6650,0
2022-08-29 12:06:00,6650,6650,6650,6650,0
2022-08-29 12:07:00,6650,6650,6650,6650,0
2022-08-29 12:08:00,6650,6650,6650,6650,0
2022-08-29 12:09:00,6650,6650,6650,6650,0
2022-08-29 12:10:00,6650,6650,6650,6650,0
2022-08-29 12:11:00,6650,6650,6650,6650,0
2022-08-29 12:12:00,6650,6650,6650,6650,0
2022-08-29 12:13:00,6650,6650,6650,6650,0
2022-08-29 12:14:00,6650,6650,6650,6650,0
2022-08-29 12:15:00,6650,6650,6650,6650,0
2022-08-29 12:16:00,6650,6650,6650,6650,0
2022-08-29 12:17:00,6650,6650,6650,6650,0
2022-08-29 12:18:00,6650,6650,6650,6650,0
2022-08-29 12:19:00,6650,6650,6650,6650,0
2022-08-29 12:20:00,6650,6650,6650,6650,0
2022-08-29 12:21:00,6650,6650,6650,6650,0
2022-08-29 12:22:00,6650,6650,6650,6650,0
2022-08-29 12:23:00,6650,6650,6650,6650,0
2022-08-29 12:24:00,6650,6650,6650,6650,0
2022-08-29 12:25:00,6650,6650,6650,6650,0
2022-08-29 12:26:00,6650,6650,6650,6650,0
2022-08-29 12:27:00,6650,6650,6650,6650,0
2022-08-29 12:28:00,6650,6650,6650,6650,0
2022-08-29 12:29:00,6650,6650,6650,6650,0
2022-08-29 12:30:00,6650,6650,6650,6650,0
2022-08-29 12:31:00,6650,6650,6650,6650,0
2022-08-29 12:32:00,6650,6650,6650,6650,0
2022-08-29 12:33:00,6650,6650,6650,6650,0
2022-08-29 12:34:00,6650,6650,6650,6650,0
2022-08-29 12:35:00,6650,6650,6650,6650,0
2022-08-29 12:36:00,6650,6650,6650,6650,0
2022-08-29 12:37:00,6650,6650,6650,6650,0
2022-08-29 12:38:00,6650,6650,6650,6650,0
2022-08-29 12:39:00,6650,6650,6650,6650,0
2022-08-29 12:40:00,6650,6650,6650,6650,0
2022-08-29 12:41:00,6650,6650,6650,6650,0
2022-08-29 12:42:00,6650,6650,6650,6650,0
2022-08-29 12:43:00,6650,6650,6650,6650,0
2022-08-29 12:44:00,6650,6650,6650,6650,0
2022-08-29 12:45:00,6650,6650,6650,6650,0
2022-08-29 12:46:00,6650,6650,6650,6650,0
2022-08-29 12:47:00,6650,6650,6650,6650,0
2022-08-29 12:48:00,6650,6650,6650,6650,0
2022-08-29 12:49:00,6650,6650,6650,6650,0
2022-08-29 12:50:00,6650,6650,6650,6650,0
2022-08-29 12:51:00,6650,6650,6650,6650,0
2022-08-29 12:52:00,6650,6650,6650,6650,0
2022-08-29 12:53:00,6650,6650,6650,6650,0
2022-08-29 12:54:00,6650,6650,6650,6650,0
2022-08-29 12:55:00,6650,6650,6650,6650,0
2022-08-29 12:56:00,6650,6650,6650,6650,0
2022-08-29 12:57:00,6650,6650,6650,6650,0
2022-08-29 12:58:00,6650,6650,6650,6650,0
2022-08-29 12:59:00,6650,6650,6650,6650,0
2022-08-29 13:00:00,6650,6650,6650,6650,0
2022-08-29 13:01:00,6650,6650,6650,6650,0
2022-08-29 13:02:00,6650,6650,6650,6650,0
2022-08-29 13:03:00,6650,6650,6650,6650,0
2022-08-29 13:04:00,6650,6650,6650,6650,0
2022-08-29 13:05:00,6650,6650,6650,6650,0
2022-08-29 13:06:00,6650,6650,6650,6650,0
2022-08-29 13:07:00,6650,6650,6650,6650,0
2022-08-29 13:08:00,6650,6650,6650,6650,0
2022-08-29 13:09:00,6650,6650,6650,6650,0
2022-08-29 13:10:00,6650,6650,6650,6650,0
2022-08-29 13:11:00,6650,6650,6650,6650,0
2022-08-29 13:12:00,6650,6650,6650,6650,0
2022-08-29 13:13:00,6650,6650,6650,6650,0
2022-08-29 13:14:00,6650,6650,6650,6650,0
2022-08-29 13:15:00,6650,6650,6650,6650,0
2022-08-29 13:16:00,6650,6650,6650,6650,0
2022-08-29 13:17:00,6650,6650,6650,6650,0
2022-08-29 13:18:00,6650,6650,6650,6650,0
2022-08-29 13:19:00,6650,6650,6650,6650,0
2022-08-29 13:20:00,6650,6650,6650,6650,0
2022-08-29 13:21:00,6650,6650,6650,6650,0
2022-08-29 13:22:00,6650,6650,6650,6650,0
2022-08-29 13:23:00,6650,6650,6650,6650,0
2022-08-29 13:24:00,6650,6650,6650,6650,0
2022-08-29 13:25:00,6650,6650,6650,6650,0
2022-08-29 13:26:00,6650,6650,6650,6650,0
2022-08-29 13:27:00,6650,6650,6650,6650,0
2022-08-29 13:28:00,6650,6650,6650,6650,0
2022-08-29 13:29:00,6650,6650,6650,6650,0
2022-08-29 13:30:00,6675,6650,6675,6650,9300
2022-08-29 13:31:00,6650,6650,6650,6650,400
2022-08-29 13:32:00,6650,6650,6650,6650,0
2022-08-29 13:33:00,6675,6650,6675,6675,1000
2022-08-29 13:34:00,6675,6650,6675,6675,0
2022-08-29 13:35:00,6675,6650,6675,6675,0
2022-08-29 13:36:00,6650,6650,6650,6650,1300
2022-08-29 13:37:00,6650,6650,6650,6650,48400
2022-08-29 13:38:00,6650,6650,6650,6650,900
2022-08-29 13:39:00,6650,6625,6650,6625,8400
2022-08-29 13:40:00,6625,6625,6650,6650,21000
2022-08-29 13:41:00,6650,6650,6650,6650,100
2022-08-29 13:42:00,6650,6650,6650,6650,0
2022-08-29 13:43:00,6650,6650,6650,6650,300
2022-08-29 13:44:00,6650,6650,6650,6650,4900
2022-08-29 13:45:00,6650,6650,6675,6650,10600
2022-08-29 13:46:00,6675,6650,6675,6675,39100
2022-08-29 13:47:00,6675,6675,6700,6700,20100
2022-08-29 13:48:00,6700,6675,6725,6700,104800
2022-08-29 13:49:00,6700,6700,6700,6700,18900
2022-08-29 13:50:00,6700,6700,6700,6700,100
2022-08-29 13:51:00,6700,6700,6700,6700,300
2022-08-29 13:52:00,6700,6675,6725,6725,51300
2022-08-29 13:53:00,6700,6700,6700,6700,100
2022-08-29 13:54:00,6700,6700,6725,6725,33500
2022-08-29 13:55:00,6700,6700,6725,6725,100
2022-08-29 13:56:00,6700,6700,6750,6750,149100
2022-08-29 13:57:00,6750,6725,6750,6725,5000
2022-08-29 13:58:00,6725,6725,6750,6725,57000
2022-08-29 13:59:00,6725,6725,6725,6725,42600
2022-08-29 14:00:00,6725,6725,6725,6725,3800
2022-08-29 14:01:00,6725,6725,6750,6750,8100
2022-08-29 14:02:00,6750,6725,6750,6725,8400
2022-08-29 14:03:00,6725,6700,6725,6700,2500
2022-08-29 14:04:00,6700,6700,6700,6700,11400
2022-08-29 14:05:00,6700,6700,6700,6700,163200
2022-08-29 14:06:00,6675,6675,6675,6675,0
2022-08-29 14:07:00,6700,6675,6700,6675,18400
2022-08-29 14:08:00,6700,6675,6700,6675,0
2022-08-29 14:09:00,6700,6675,6700,6700,8200
2022-08-29 14:10:00,6675,6675,6700,6700,200
2022-08-29 14:11:00,6700,6700,6700,6700,0
2022-08-29 14:12:00,6700,6675,6700,6700,1900
2022-08-29 14:13:00,6700,6675,6700,6675,5800
2022-08-29 14:14:00,6675,6675,6700,6700,6500
2022-08-29 14:15:00,6700,6675,6700,6675,3300
2022-08-29 14:16:00,6700,6675,6700,6675,9000
2022-08-29 14:17:00,6675,6675,6675,6675,3600
2022-08-29 14:18:00,6675,6675,6675,6675,0
2022-08-29 14:19:00,6675,6675,6675,6675,102200
2022-08-29 14:20:00,6675,6650,6675,6675,5500
2022-08-29 14:21:00,6650,6650,6675,6675,400
2022-08-29 14:22:00,6650,6650,6675,6675,0
2022-08-29 14:23:00,6675,6650,6675,6675,2300
2022-08-29 14:24:00,6675,6675,6675,6675,800
2022-08-29 14:25:00,6650,6650,6675,6675,100
2022-08-29 14:26:00,6650,6650,6675,6675,2000
2022-08-29 14:27:00,6675,6675,6675,6675,0
2022-08-29 14:28:00,6650,6650,6675,6650,900
2022-08-29 14:29:00,6650,6650,6675,6675,7300
2022-08-29 14:30:00,6675,6650,6675,6650,3600
2022-08-29 14:31:00,6650,6650,6675,6675,25500
2022-08-29 14:32:00,6650,6650,6700,6700,40700
2022-08-29 14:33:00,6700,6700,6700,6700,0
2022-08-29 14:34:00,6700,6700,6700,6700,0
2022-08-29 14:35:00,6675,6675,6675,6675,21300
2022-08-29 14:36:00,6700,6700,6700,6700,4100
2022-08-29 14:37:00,6675,6675,6675,6675,0
2022-08-29 14:38:00,6700,6675,6700,6675,3100
2022-08-29 14:39:00,6700,6675,6700,6675,9400
2022-08-29 14:40:00,6700,6675,6700,6675,1900
2022-08-29 14:41:00,6675,6675,6675,6675,1200
2022-08-29 14:42:00,6700,6700,6700,6700,1700
2022-08-29 14:43:00,6700,6675,6700,6675,9900
2022-08-29 14:44:00,6700,6675,6700,6675,3500
2022-08-29 14:45:00,6700,6675,6700,6675,79900
2022-08-29 14:46:00,6700,6675,6700,6675,4600
2022-08-29 14:47:00,6700,6675,6700,6700,300
2022-08-29 14:48:00,6675,6675,6700,6675,0
2022-08-29 14:49:00,6675,6675,6700,6675,8400
2022-08-29 14:50:00,6675,6675,6700,6675,0
2022-08-29 14:51:00,6675,6675,6700,6675,0
2022-08-29 14:52:00,6675,6675,6700,6675,0
2022-08-29 14:53:00,6675,6675,6700,6675,0
2022-08-29 14:54:00,6675,6675,6700,6675,0
2022-08-29 14:55:00,6675,6675,6700,6675,0
2022-08-29 14:56:00,6675,6675,6700,6675,0
2022-08-29 14:57:00,6675,6675,6700,6675,0
2022-08-29 14:58:00,6675,6675,6700,6675,0
2022-08-29 14:59:00,6675,6675,6700,6675,0
2022-08-29 15:00:00,6700,6700,6700,6700,29000
2022-08-29 15:01:00,6700,6700,6700,6700,32400
2022-08-29 15:02:00,6700,6700,6700,6700,285800
2022-08-29 15:03:00,6700,6700,6700,6700,0
2022-08-29 15:04:00,6700,6700,6700,6700,100
2022-08-29 15:05:00,6700,6700,6700,6700,500
2022-08-29 15:06:00,6700,6700,6700,6700,0
2022-08-29 15:07:00,6700,6700,6700,6700,0
2022-08-29 15:08:00,6700,6700,6700,6700,0
2022-08-29 15:09:00,6700,6700,6700,6700,0
2022-08-29 15:10:00,6700,6700,6700,6700,14800
2022-08-29 15:11:00,6700,6700,6700,6700,0
2022-08-29 15:12:00,6700,6700,6700,6700,0
2022-08-29 15:13:00,6700,6700,6700,6700,1600
2022-08-29 15:14:00,6700,6700,6700,6700,0
2022-08-29 15:15:00,6700,6700,6700,6700,0
2022-08-29 15:16:00,6700,6700,6700,6700,0
2022-08-29 15:17:00,6700,6700,6700,6700,0
2022-08-29 15:18:00,6700,6700,6700,6700,0
2022-08-29 15:19:00,6700,6700,6700,6700,0
2022-08-29 15:20:00,6700,6700,6700,6700,0
2022-08-29 15:21:00,6700,6700,6700,6700,0
2022-08-29 15:22:00,6700,6700,6700,6700,0
2022-08-29 15:23:00,6700,6700,6700,6700,0
2022-08-29 15:24:00,6700,6700,6700,6700,0
2022-08-29 15:25:00,6700,6700,6700,6700,0
2022-08-29 15:26:00,6700,6700,6700,6700,0
2022-08-29 15:27:00,6700,6700,6700,6700,0
2022-08-29 15:28:00,6700,6700,6700,6700,0
2022-08-29 15:29:00,6700,6700,6700,6700,0
2022-08-29 15:30:00,6700,6700,6700,6700,0
2022-08-29 15:31:00,6700,6700,6700,6700,0
2022-08-29 15:32:00,6700,6700,6700,6700,0
2022-08-29 15:33:00,6700,6700,6700,6700,0
2022-08-29 15:34:00,6700,6700,6700,6700,0
2022-08-29 15:35:00,6700,6700,6700,6700,0
2022-08-29 15:36:00,6700,6700,6700,6700,0
2022-08-29 15:37:00,6700,6700,6700,6700,0
2022-08-29 15:38:00,6700,6700,6700,6700,0
2022-08-29 15:39:00,6700,6700,6700,6700,0
2022-08-29 15:40:00,6700,6700,6700,6700,0
2022-08-29 15:41:00,6700,6700,6700,6700,0
2022-08-29 15:42:00,6700,6700,6700,6700,0
2022-08-29 15:43:00,6700,6700,6700,6700,0
2022-08-29 15:44:00,6700,6700,6700,6700,0
2022-08-29 15:45:00,6700,6700,6700,6700,0
2022-08-29 15:46:00,6700,6700,6700,6700,0
2022-08-29 15:47:00,6700,6700,6700,6700,0
2022-08-29 15:48:00,6700,6700,6700,6700,0
2022-08-29 15:49:00,6700,6700,6700,6700,0
2022-08-29 15:50:00,6700,6700,6700,6700,0
2022-08-29 15:51:00,6700,6700,6700,6700,0
2022-08-29 15:52:00,6700,6700,6700,6700,0
2022-08-29 15:53:00,6700,6700,6700,6700,0
2022-08-29 15:54:00,6700,6700,6700,6700,0
2022-08-29 15:55:00,6700,6700,6700,6700,0
2022-08-29 15:56:00,6700,6700,6700,6700,0
2022-08-29 15:57:00,6700,6700,6700,6700,0
2022-08-29 15:58:00,6700,6700,6700,6700,0
2022-08-29 15:59:00,6700,6700,6700,6700,0
2022-08-30 09:00:00,6750,6700,6750,6700,52000
2022-08-30 09:01:00,6700,6675,6700,6675,700
2022-08-30 09:02:00,6675,6675,6700,6675,7300
2022-08-30 09:03:00,6700,6675,6700,6700,17900
2022-08-30 09:04:00,6675,6675,6675,6675,0
2022-08-30 09:05:00,6700,6675,6700,6700,2900
2022-08-30 09:06:00,6700,6700,6700,6700,8500
2022-08-30 09:07:00,6700,6700,6700,6700,0
2022-08-30 09:08:00,6700,6700,6700,6700,4100
2022-08-30 09:09:00,6700,6700,6700,6700,10600
2022-08-30 09:10:00,6700,6675,6700,6700,10100
2022-08-30 09:11:00,6700,6700,6700,6700,0
2022-08-30 09:12:00,6700,6700,6700,6700,0
2022-08-30 09:13:00,6700,6700,6700,6700,2100
2022-08-30 09:14:00,6675,6675,6700,6675,58400
2022-08-30 09:15:00,6675,6650,6675,6675,0
2022-08-30 09:16:00,6675,6675,6675,6675,30600
2022-08-30 09:17:00,6675,6675,6675,6675,0
2022-08-30 09:18:00,6675,6675,6675,6675,100
2022-08-30 09:19:00,6675,6675,6700,6700,8000
2022-08-30 09:20:00,6675,6675,6700,6700,3600
2022-08-30 09:21:00,6700,6700,6700,6700,2900
2022-08-30 09:22:00,6700,6700,6700,6700,0
2022-08-30 09:23:00,6700,6700,6700,6700,0
2022-08-30 09:24:00,6700,6675,6700,6700,4400
2022-08-30 09:25:00,6700,6675,6700,6700,0
2022-08-30 09:26:00,6700,6700,6700,6700,23200
2022-08-30 09:27:00,6700,6700,6700,6700,47500
2022-08-30 09:28:00,6725,6725,6725,6725,0
2022-08-30 09:29:00,6725,6700,6750,6725,26200
2022-08-30 09:30:00,6725,6725,6725,6725,37600
2022-08-30 09:31:00,6725,6725,6725,6725,0
2022-08-30 09:32:00,6725,6725,6725,6725,4300
2022-08-30 09:33:00,6725,6725,6725,6725,5100
2022-08-30 09:34:00,6725,6725,6750,6750,17700
2022-08-30 09:35:00,6750,6750,6750,6750,0
2022-08-30 09:36:00,6750,6725,6750,6725,12000
2022-08-30 09:37:00,6725,6725,6725,6725,11600
2022-08-30 09:38:00,6725,6725,6750,6750,2900
2022-08-30 09:39:00,6750,6725,6750,6725,2400
2022-08-30 09:40:00,6725,6725,6725,6725,100
2022-08-30 09:41:00,6725,6725,6725,6725,0
2022-08-30 09:42:00,6725,6725,6725,6725,0
2022-08-30 09:43:00,6725,6725,6725,6725,6100
2022-08-30 09:44:00,6725,6725,6725,6725,11900
2022-08-30 09:45:00,6750,6725,6750,6725,7000
2022-08-30 09:46:00,6750,6725,6750,6725,700
2022-08-30 09:47:00,6750,6725,6750,6725,0
2022-08-30 09:48:00,6750,6750,6750,6750,0
2022-08-30 09:49:00,6750,6750,6750,6750,0
2022-08-30 09:50:00,6725,6725,6725,6725,200
2022-08-30 09:51:00,6725,6725,6725,6725,100
2022-08-30 09:52:00,6725,6725,6750,6725,5200
2022-08-30 09:53:00,6725,6725,6725,6725,700
2022-08-30 09:54:00,6725,6725,6725,6725,39700
2022-08-30 09:55:00,6725,6725,6725,6725,10200
2022-08-30 09:56:00,6725,6725,6750,6725,3200
2022-08-30 09:57:00,6725,6725,6725,6725,2200
2022-08-30 09:58:00,6725,6725,6725,6725,0
2022-08-30 09:59:00,6725,6725,6725,6725,2800
2022-08-30 10:00:00,6725,6725,6725,6725,0
2022-08-30 10:01:00,6725,6725,6725,6725,1700
2022-08-30 10:02:00,6725,6725,6725,6725,18600
2022-08-30 10:03:00,6750,6725,6750,6725,8300
2022-08-30 10:04:00,6750,6725,6750,6750,2400
2022-08-30 10:05:00,6750,6725,6750,6725,16600
2022-08-30 10:06:00,6750,6725,6750,6725,0
2022-08-30 10:07:00,6725,6725,6725,6725,2900
2022-08-30 10:08:00,6725,6725,6725,6725,400
2022-08-30 10:09:00,6725,6725,6725,6725,0
2022-08-30 10:10:00,6725,6725,6725,6725,1300
2022-08-30 10:11:00,6725,6725,6725,6725,5300
2022-08-30 10:12:00,6725,6725,6725,6725,0
2022-08-30 10:13:00,6725,6725,6725,6725,0
2022-08-30 10:14:00,6725,6725,6725,6725,0
2022-08-30 10:15:00,6725,6725,6725,6725,4100
2022-08-30 10:16:00,6725,6725,6725,6725,0
2022-08-30 10:17:00,6725,6725,6725,6725,700
2022-08-30 10:18:00,6725,6725,6725,6725,0
2022-08-30 10:19:00,6725,6725,6725,6725,200
2022-08-30 10:20:00,6725,6725,6725,6725,7800
2022-08-30 10:21:00,6750,6750,6750,6750,0
2022-08-30 10:22:00,6750,6750,6750,6750,0
2022-08-30 10:23:00,6750,6750,6750,6750,500
2022-08-30 10:24:00,6750,6750,6750,6750,5800
2022-08-30 10:25:00,6750,6750,6750,6750,0
2022-08-30 10:26:00,6750,6750,6750,6750,0
2022-08-30 10:27:00,6750,6750,6750,6750,0
2022-08-30 10:28:00,6725,6725,6725,6725,4200
2022-08-30 10:29:00,6725,6725,6725,6725,3500
2022-08-30 10:30:00,6725,6725,6725,6725,5400
2022-08-30 10:31:00,6725,6725,6725,6725,0
2022-08-30 10:32:00,6725,6725,6750,6750,16000
2022-08-30 10:33:00,6725,6725,6725,6725,22000
2022-08-30 10:34:00,6725,6725,6725,6725,0
2022-08-30 10:35:00,6725,6725,6725,6725,55100
2022-08-30 10:36:00,6725,6725,6725,6725,800
2022-08-30 10:37:00,6725,6725,6725,6725,0
2022-08-30 10:38:00,6725,6725,6725,6725,400
2022-08-30 10:39:00,6725,6725,6725,6725,700
2022-08-30 10:40:00,6725,6725,6725,6725,2900
2022-08-30 10:41:00,6725,6725,6725,6725,100
2022-08-30 10:42:00,6725,6725,6725,6725,1600
2022-08-30 10:43:00,6725,6725,6725,6725,0
2022-08-30 10:44:00,6725,6725,6725,6725,0
2022-08-30 10:45:00,6725,6725,6725,6725,5100
2022-08-30 10:46:00,6725,6725,6725,6725,0
2022-08-30 10:47:00,6725,6725,6725,6725,0
2022-08-30 10:48:00,6725,6725,6725,6725,8400
2022-08-30 10:49:00,6725,6725,6725,6725,0
2022-08-30 10:50:00,6725,6725,6725,6725,0
2022-08-30 10:51:00,6725,6725,6725,6725,0
2022-08-30 10:52:00,6725,6725,6725,6725,0
2022-08-30 10:53:00,6725,6725,6725,6725,1000
2022-08-30 10:54:00,6725,6725,6725,6725,0
2022-08-30 10:55:00,6725,6700,6725,6700,14300
2022-08-30 10:56:00,6725,6700,6725,6700,0
2022-08-30 10:57:00,6700,6700,6725,6725,182100
2022-08-30 10:58:00,6725,6700,6725,6700,300
2022-08-30 10:59:00,6725,6700,6725,6700,0
2022-08-30 11:00:00,6700,6700,6725,6725,70000
2022-08-30 11:01:00,6700,6700,6725,6725,8700
2022-08-30 11:02:00,6700,6700,6725,6725,0
2022-08-30 11:03:00,6700,6700,6700,6700,16200
2022-08-30 11:04:00,6700,6700,6700,6700,0
2022-08-30 11:05:00,6700,6700,6700,6700,0
2022-08-30 11:06:00,6700,6700,6700,6700,0
2022-08-30 11:07:00,6725,6725,6725,6725,400
2022-08-30 11:08:00,6725,6725,6725,6725,0
2022-08-30 11:09:00,6725,6725,6725,6725,9600
2022-08-30 11:10:00,6700,6700,6700,6700,200
2022-08-30 11:11:00,6700,6700,6700,6700,0
2022-08-30 11:12:00,6700,6700,6700,6700,0
2022-08-30 11:13:00,6700,6700,6700,6700,0
2022-08-30 11:14:00,6700,6700,6700,6700,0
2022-08-30 11:15:00,6700,6700,6700,6700,100
2022-08-30 11:16:00,6700,6700,6700,6700,3500
2022-08-30 11:17:00,6700,6700,6700,6700,0
2022-08-30 11:18:00,6700,6700,6700,6700,0
2022-08-30 11:19:00,6700,6700,6700,6700,0
2022-08-30 11:20:00,6700,6700,6700,6700,0
2022-08-30 11:21:00,6700,6700,6700,6700,900
2022-08-30 11:22:00,6700,6700,6700,6700,0
2022-08-30 11:23:00,6700,6700,6700,6700,300
2022-08-30 11:24:00,6700,6700,6700,6700,0
2022-08-30 11:25:00,6700,6700,6700,6700,0
2022-08-30 11:26:00,6700,6700,6700,6700,3300
2022-08-30 11:27:00,6700,6700,6700,6700,0
2022-08-30 11:28:00,6700,6700,6700,6700,0
2022-08-30 11:29:00,6700,6700,6700,6700,0
2022-08-30 11:30:00,6700,6700,6700,6700,0
2022-08-30 11:31:00,6700,6700,6700,6700,0
2022-08-30 11:32:00,6700,6700,6700,6700,0
2022-08-30 11:33:00,6700,6700,6700,6700,0
2022-08-30 11:34:00,6700,6700,6700,6700,0
2022-08-30 11:35:00,6700,6700,6700,6700,0
2022-08-30 11:36:00,6700,6700,6700,6700,0
2022-08-30 11:37:00,6700,6700,6700,6700,0
2022-08-30 11:38:00,6700,6700,6700,6700,0
2022-08-30 11:39:00,6700,6700,6700,6700,0
2022-08-30 11:40:00,6700,6700,6700,6700,0
2022-08-30 11:41:00,6700,6700,6700,6700,0
2022-08-30 11:42:00,6700,6700,6700,6700,0
2022-08-30 11:43:00,6700,6700,6700,6700,0
2022-08-30 11:44:00,6700,6700,6700,6700,0
2022-08-30 11:45:00,6700,6700,6700,6700,0
2022-08-30 11:46:00,6700,6700,6700,6700,0
2022-08-30 11:47:00,6700,6700,6700,6700,0
2022-08-30 11:48:00,6700,6700,6700,6700,0
2022-08-30 11:49:00,6700,6700,6700,6700,0
2022-08-30 11:50:00,6700,6700,6700,6700,0
2022-08-30 11:51:00,6700,6700,6700,6700,0
2022-08-30 11:52:00,6700,6700,6700,6700,0
2022-08-30 11:53:00,6700,6700,6700,6700,0
2022-08-30 11:54:00,6700,6700,6700,6700,0
2022-08-30 11:55:00,6700,6700,6700,6700,0
2022-08-30 11:56:00,6700,6700,6700,6700,0
2022-08-30 11:57:00,6700,6700,6700,6700,0
2022-08-30 11:58:00,6700,6700,6700,6700,0
2022-08-30 11:59:00,6700,6700,6700,6700,0
2022-08-30 12:00:00,6700,6700,6700,6700,0
2022-08-30 12:01:00,6700,6700,6700,6700,0
2022-08-30 12:02:00,6700,6700,6700,6700,0
2022-08-30 12:03:00,6700,6700,6700,6700,0
2022-08-30 12:04:00,6700,6700,6700,6700,0
2022-08-30 12:05:00,6700,6700,6700,6700,0
2022-08-30 12:06:00,6700,6700,6700,6700,0
2022-08-30 12:07:00,6700,6700,6700,6700,0
2022-08-30 12:08:00,6700,6700,6700,6700,0
2022-08-30 12:09:00,6700,6700,6700,6700,0
2022-08-30 12:10:00,6700,6700,6700,6700,0
2022-08-30 12:11:00,6700,6700,6700,6700,0
2022-08-30 12:12:00,6700,6700,6700,6700,0
2022-08-30 12:13:00,6700,6700,6700,6700,0
2022-08-30 12:14:00,6700,6700,6700,6700,0
2022-08-30 12:15:00,6700,6700,6700,6700,0
2022-08-30 12:16:00,6700,6700,6700,6700,0
2022-08-30 12:17:00,6700,6700,6700,6700,0
2022-08-30 12:18:00,6700,6700,6700,6700,0
2022-08-30 12:19:00,6700,6700,6700,6700,0
2022-08-30 12:20:00,6700,6700,6700,6700,0
2022-08-30 12:21:00,6700,6700,6700,6700,0
2022-08-30 12:22:00,6700,6700,6700,6700,0
2022-08-30 12:23:00,6700,6700,6700,6700,0
2022-08-30 12:24:00,6700,6700,6700,6700,0
2022-08-30 12:25:00,6700,6700,6700,6700,0
2022-08-30 12:26:00,6700,6700,6700,6700,0
2022-08-30 12:27:00,6700,6700,6700,6700,0
2022-08-30 12:28:00,6700,6700,6700,6700,0
2022-08-30 12:29:00,6700,6700,6700,6700,0
2022-08-30 12:30:00,6700,6700,6700,6700,0
2022-08-30 12:31:00,6700,6700,6700,6700,0
2022-08-30 12:32:00,6700,6700,6700,6700,0
2022-08-30 12:33:00,6700,6700,6700,6700,0
2022-08-30 12:34:00,6700,6700,6700,6700,0
2022-08-30 12:35:00,6700,6700,6700,6700,0
2022-08-30 12:36:00,6700,6700,6700,6700,0
2022-08-30 12:37:00,6700,6700,6700,6700,0
2022-08-30 12:38:00,6700,6700,6700,6700,0
2022-08-30 12:39:00,6700,6700,6700,6700,0
2022-08-30 12:40:00,6700,6700,6700,6700,0
2022-08-30 12:41:00,6700,6700,6700,6700,0
2022-08-30 12:42:00,6700,6700,6700,6700,0
2022-08-30 12:43:00,6700,6700,6700,6700,0
2022-08-30 12:44:00,6700,6700,6700,6700,0
2022-08-30 12:45:00,6700,6700,6700,6700,0
2022-08-30 12:46:00,6700,6700,6700,6700,0
2022-08-30 12:47:00,6700,6700,6700,6700,0
2022-08-30 12:48:00,6700,6700,6700,6700,0
2022-08-30 12:49:00,6700,6700,6700,6700,0
2022-08-30 12:50:00,6700,6700,6700,6700,0
2022-08-30 12:51:00,6700,6700,6700,6700,0
2022-08-30 12:52:00,6700,6700,6700,6700,0
2022-08-30 12:53:00,6700,6700,6700,6700,0
2022-08-30 12:54:00,6700,6700,6700,6700,0
2022-08-30 12:55:00,6700,6700,6700,6700,0
2022-08-30 12:56:00,6700,6700,6700,6700,0
2022-08-30 12:57:00,6700,6700,6700,6700,0
2022-08-30 12:58:00,6700,6700,6700,6700,0
2022-08-30 12:59:00,6700,6700,6700,6700,0
2022-08-30 13:00:00,6700,6700,6700,6700,0
2022-08-30 13:01:00,6700,6700,6700,6700,0
2022-08-30 13:02:00,6700,6700,6700,6700,0
2022-08-30 13:03:00,6700,6700,6700,6700,0
2022-08-30 13:04:00,6700,6700,6700,6700,0
2022-08-30 13:05:00,6700,6700,6700,6700,0
2022-08-30 13:06:00,6700,6700,6700,6700,0
2022-08-30 13:07:00,6700,6700,6700,6700,0
2022-08-30 13:08:00,6700,6700,6700,6700,0
2022-08-30 13:09:00,6700,6700,6700,6700,0
2022-08-30 13:10:00,6700,6700,6700,6700,0
2022-08-30 13:11:00,6700,6700,6700,6700,0
2022-08-30 13:12:00,6700,6700,6700,6700,0
2022-08-30 13:13:00,6700,6700,6700,6700,0
2022-08-30 13:14:00,6700,6700,6700,6700,0
2022-08-30 13:15:00,6700,6700,6700,6700,0
2022-08-30 13:16:00,6700,6700,6700,6700,0
2022-08-30 13:17:00,6700,6700,6700,6700,0
2022-08-30 13:18:00,6700,6700,6700,6700,0
2022-08-30 13:19:00,6700,6700,6700,6700,0
2022-08-30 13:20:00,6700,6700,6700,6700,0
2022-08-30 13:21:00,6700,6700,6700,6700,0
2022-08-30 13:22:00,6700,6700,6700,6700,0
2022-08-30 13:23:00,6700,6700,6700,6700,0
2022-08-30 13:24:00,6700,6700,6700,6700,0
2022-08-30 13:25:00,6700,6700,6700,6700,0
2022-08-30 13:26:00,6700,6700,6700,6700,0
2022-08-30 13:27:00,6700,6700,6700,6700,0
2022-08-30 13:28:00,6700,6700,6700,6700,0
2022-08-30 13:29:00,6700,6700,6700,6700,0
2022-08-30 13:30:00,6700,6700,6700,6700,3800
2022-08-30 13:31:00,6725,6725,6725,6725,5600
2022-08-30 13:32:00,6725,6725,6725,6725,0
2022-08-30 13:33:00,6725,6725,6725,6725,100
2022-08-30 13:34:00,6700,6700,6700,6700,0
2022-08-30 13:35:00,6700,6700,6700,6700,0
2022-08-30 13:36:00,6700,6700,6700,6700,11000
2022-08-30 13:37:00,6700,6700,6700,6700,100
2022-08-30 13:38:00,6700,6700,6700,6700,24200
2022-08-30 13:39:00,6700,6675,6700,6675,2500
2022-08-30 13:40:00,6700,6700,6700,6700,400
2022-08-30 13:41:00,6675,6675,6675,6675,900
2022-08-30 13:42:00,6675,6675,6675,6675,0
2022-08-30 13:43:00,6675,6675,6700,6700,200
2022-08-30 13:44:00,6675,6675,6700,6700,0
2022-08-30 13:45:00,6675,6675,6700,6700,0
2022-08-30 13:46:00,6700,6700,6700,6700,2900
2022-08-30 13:47:00,6700,6700,6700,6700,0
2022-08-30 13:48:00,6700,6700,6700,6700,0
2022-08-30 13:49:00,6700,6700,6700,6700,0
2022-08-30 13:50:00,6700,6700,6700,6700,15800
2022-08-30 13:51:00,6700,6700,6700,6700,500
2022-08-30 13:52:00,6700,6700,6700,6700,0
2022-08-30 13:53:00,6675,6675,6675,6675,200
2022-08-30 13:54:00,6700,6700,6700,6700,0
2022-08-30 13:55:00,6675,6675,6700,6700,700
2022-08-30 13:56:00,6675,6675,6700,6700,0
2022-08-30 13:57:00,6675,6675,6700,6700,0
2022-08-30 13:58:00,6700,6700,6700,6700,800
2022-08-30 13:59:00,6700,6700,6700,6700,14700
2022-08-30 14:00:00,6700,6700,6700,6700,1400
2022-08-30 14:01:00,6700,6700,6700,6700,1600
2022-08-30 14:02:00,6700,6700,6700,6700,0
2022-08-30 14:03:00,6675,6675,6675,6675,0
2022-08-30 14:04:00,6675,6675,6700,6700,30000
2022-08-30 14:05:00,6675,6675,6700,6700,0
2022-08-30 14:06:00,6700,6700,6700,6700,100
2022-08-30 14:07:00,6675,6675,6675,6675,0
2022-08-30 14:08:00,6700,6700,6700,6700,200
2022-08-30 14:09:00,6700,6700,6700,6700,0
2022-08-30 14:10:00,6700,6700,6700,6700,0
2022-08-30 14:11:00,6700,6700,6700,6700,0
2022-08-30 14:12:00,6700,6700,6700,6700,0
2022-08-30 14:13:00,6700,6700,6700,6700,0
2022-08-30 14:14:00,6675,6675,6675,6675,4800
2022-08-30 14:15:00,6675,6675,6675,6675,200
2022-08-30 14:16:00,6675,6675,6675,6675,2500
2022-08-30 14:17:00,6675,6675,6675,6675,1700
2022-08-30 14:18:00,6675,6675,6700,6700,2400
2022-08-30 14:19:00,6675,6675,6700,6700,0
2022-08-30 14:20:00,6700,6700,6700,6700,2500
2022-08-30 14:21:00,6700,6700,6700,6700,0
2022-08-30 14:22:00,6675,6675,6700,6700,1000
2022-08-30 14:23:00,6700,6700,6700,6700,5600
2022-08-30 14:24:00,6700,6700,6700,6700,17000
2022-08-30 14:25:00,6700,6700,6700,6700,0
2022-08-30 14:26:00,6700,6700,6700,6700,0
2022-08-30 14:27:00,6700,6700,6700,6700,200
2022-08-30 14:28:00,6700,6700,6700,6700,500
2022-08-30 14:29:00,6700,6700,6700,6700,2200
2022-08-30 14:30:00,6700,6675,6700,6675,36700
2022-08-30 14:31:00,6675,6675,6675,6675,0
2022-08-30 14:32:00,6675,6675,6675,6675,400
2022-08-30 14:33:00,6675,6675,6675,6675,13400
2022-08-30 14:34:00,6675,6675,6675,6675,0
2022-08-30 14:35:00,6675,6675,6700,6700,3300
2022-08-30 14:36:00,6675,6675,6700,6700,0
2022-08-30 14:37:00,6700,6675,6700,6675,31100
2022-08-30 14:38:00,6700,6700,6700,6700,0
2022-08-30 14:39:00,6700,6700,6700,6700,0
2022-08-30 14:40:00,6675,6675,6675,6675,1600
2022-08-30 14:41:00,6675,6675,6700,6700,3200
2022-08-30 14:42:00,6700,6700,6700,6700,1300
2022-08-30 14:43:00,6700,6700,6700,6700,0
2022-08-30 14:44:00,6675,6675,6700,6700,18400
2022-08-30 14:45:00,6675,6675,6700,6700,0
2022-08-30 14:46:00,6675,6675,6675,6675,0
2022-08-30 14:47:00,6675,6675,6700,6700,2600
2022-08-30 14:48:00,6700,6700,6700,6700,100
2022-08-30 14:49:00,6700,6700,6700,6700,0
2022-08-30 14:50:00,6700,6700,6700,6700,0
2022-08-30 14:51:00,6700,6700,6700,6700,0
2022-08-30 14:52:00,6700,6700,6700,6700,0
2022-08-30 14:53:00,6700,6700,6700,6700,0
2022-08-30 14:54:00,6700,6700,6700,6700,0
2022-08-30 14:55:00,6700,6700,6700,6700,0
2022-08-30 14:56:00,6700,6700,6700,6700,0
2022-08-30 14:57:00,6700,6700,6700,6700,0
2022-08-30 14:58:00,6700,6700,6700,6700,0
2022-08-30 14:59:00,6700,6700,6700,6700,0
2022-08-30 15:00:00,6675,6675,6675,6675,91200
2022-08-30 15:01:00,6675,6675,6675,6675,22500
2022-08-30 15:02:00,6675,6675,6675,6675,800
2022-08-30 15:03:00,6675,6675,6675,6675,0
2022-08-30 15:04:00,6675,6675,6675,6675,400
2022-08-30 15:05:00,6675,6675,6675,6675,10200
2022-08-30 15:06:00,6675,6675,6675,6675,5000
2022-08-30 15:07:00,6675,6675,6675,6675,0
2022-08-30 15:08:00,6675,6675,6675,6675,15100
2022-08-30 15:09:00,6675,6675,6675,6675,0
2022-08-30 15:10:00,6675,6675,6675,6675,0
2022-08-30 15:11:00,6675,6675,6675,6675,3300
2022-08-30 15:12:00,6675,6675,6675,6675,2000
2022-08-30 15:13:00,6675,6675,6675,6675,0
2022-08-30 15:14:00,6675,6675,6675,6675,0
2022-08-30 15:15:00,6675,6675,6675,6675,0
2022-08-30 15:16:00,6675,6675,6675,6675,0
2022-08-30 15:17:00,6675,6675,6675,6675,0
2022-08-30 15:18:00,6675,6675,6675,6675,0
2022-08-30 15:19:00,6675,6675,6675,6675,0
2022-08-30 15:20:00,6675,6675,6675,6675,0
2022-08-30 15:21:00,6675,6675,6675,6675,0
2022-08-30 15:22:00,6675,6675,6675,6675,0
2022-08-30 15:23:00,6675,6675,6675,6675,0
2022-08-30 15:24:00,6675,6675,6675,6675,0
2022-08-30 15:25:00,6675,6675,6675,6675,0
2022-08-30 15:26:00,6675,6675,6675,6675,0
2022-08-30 15:27:00,6675,6675,6675,6675,0
2022-08-30 15:28:00,6675,6675,6675,6675,0
2022-08-30 15:29:00,6675,6675,6675,6675,0
2022-08-30 15:30:00,6675,6675,6675,6675,0
2022-08-30 15:31:00,6675,6675,6675,6675,0
2022-08-30 15:32:00,6675,6675,6675,6675,0
2022-08-30 15:33:00,6675,6675,6675,6675,0
2022-08-30 15:34:00,6675,6675,6675,6675,0
2022-08-30 15:35:00,6675,6675,6675,6675,0
2022-08-30 15:36:00,6675,6675,6675,6675,0
2022-08-30 15:37:00,6675,6675,6675,6675,0
2022-08-30 15:38:00,6675,6675,6675,6675,0
2022-08-30 15:39:00,6675,6675,6675,6675,0
2022-08-30 15:40:00,6675,6675,6675,6675,0
2022-08-30 15:41:00,6675,6675,6675,6675,0
2022-08-30 15:42:00,6675,6675,6675,6675,0
2022-08-30 15:43:00,6675,6675,6675,6675,0
2022-08-30 15:44:00,6675,6675,6675,6675,0
2022-08-30 15:45:00,6675,6675,6675,6675,0
2022-08-30 15:46:00,6675,6675,6675,6675,0
2022-08-30 15:47:00,6675,6675,6675,6675,0
2022-08-30 15:48:00,6675,6675,6675,6675,0
2022-08-30 15:49:00,6675,6675,6675,6675,0
2022-08-30 15:50:00,6675,6675,6675,6675,0
2022-08-30 15:51:00,6675,6675,6675,6675,0
2022-08-30 15:52:00,6675,6675,6675,6675,0
2022-08-30 15:53:00,6675,6675,6675,6675,0
2022-08-30 15:54:00,6675,6675,6675,6675,0
2022-08-30 15:55:00,6675,6675,6675,6675,0
2022-08-30 15:56:00,6675,6675,6675,6675,0
2022-08-30 15:57:00,6675,6675,6675,6675,0
2022-08-30 15:58:00,6675,6675,6675,6675,0
2022-08-30 15:59:00,6675,6675,6675,6675,0
2022-08-31 09:00:00,6750,6750,6825,6825,407200
2022-08-31 09:01:00,6825,6800,6825,6825,189800
2022-08-31 09:02:00,6825,6825,6850,6850,172000
2022-08-31 09:03:00,6850,6800,6850,6825,135500
2022-08-31 09:04:00,6800,6800,6825,6825,64900
2022-08-31 09:05:00,6800,6800,6825,6800,95600
2022-08-31 09:06:00,6825,6800,6825,6800,51900
2022-08-31 09:07:00,6825,6800,6825,6800,126600
2022-08-31 09:08:00,6825,6800,6825,6800,31500
2022-08-31 09:09:00,6825,6800,6825,6800,22400
2022-08-31 09:10:00,6800,6800,6825,6825,27400
2022-08-31 09:11:00,6800,6800,6825,6825,19000
2022-08-31 09:12:00,6825,6800,6825,6825,28200
2022-08-31 09:13:00,6825,6800,6825,6800,25800
2022-08-31 09:14:00,6825,6800,6825,6825,21500
2022-08-31 09:15:00,6825,6800,6825,6800,37500
2022-08-31 09:16:00,6800,6800,6825,6800,370700
2022-08-31 09:17:00,6800,6775,6825,6800,141000
2022-08-31 09:18:00,6775,6775,6800,6800,7200
2022-08-31 09:19:00,6800,6775,6800,6775,36900
2022-08-31 09:20:00,6775,6775,6800,6800,28800
2022-08-31 09:21:00,6775,6775,6800,6775,17300
2022-08-31 09:22:00,6775,6775,6775,6775,8300
2022-08-31 09:23:00,6775,6775,6800,6800,7700
2022-08-31 09:24:00,6775,6775,6775,6775,12100
2022-08-31 09:25:00,6800,6775,6800,6775,82300
2022-08-31 09:26:00,6775,6775,6775,6775,12300
2022-08-31 09:27:00,6775,6775,6775,6775,18100
2022-08-31 09:28:00,6775,6750,6775,6775,43900
2022-08-31 09:29:00,6775,6750,6775,6775,9600
2022-08-31 09:30:00,6775,6750,6775,6750,32200
2022-08-31 09:31:00,6750,6750,6775,6750,8300
2022-08-31 09:32:00,6750,6750,6775,6750,8400
2022-08-31 09:33:00,6775,6750,6775,6775,11200
2022-08-31 09:34:00,6775,6775,6800,6800,15700
2022-08-31 09:35:00,6775,6775,6775,6775,2400
2022-08-31 09:36:00,6800,6775,6800,6775,23800
2022-08-31 09:37:00,6800,6775,6800,6775,3500
2022-08-31 09:38:00,6775,6775,6775,6775,0
2022-08-31 09:39:00,6775,6775,6775,6775,2500
2022-08-31 09:40:00,6775,6775,6775,6775,0
2022-08-31 09:41:00,6775,6775,6800,6800,16300
2022-08-31 09:42:00,6775,6775,6800,6800,0
2022-08-31 09:43:00,6800,6775,6800,6775,12900
2022-08-31 09:44:00,6775,6775,6800,6800,8600
2022-08-31 09:45:00,6775,6775,6800,6775,0
2022-08-31 09:46:00,6800,6775,6800,6775,23100
2022-08-31 09:47:00,6775,6775,6800,6775,6800
2022-08-31 09:48:00,6775,6775,6775,6775,53100
2022-08-31 09:49:00,6775,6750,6775,6775,31400
2022-08-31 09:50:00,6775,6775,6775,6775,0
2022-08-31 09:51:00,6775,6775,6775,6775,0
2022-08-31 09:52:00,6750,6750,6775,6775,500
2022-08-31 09:53:00,6750,6750,6750,6750,100
2022-08-31 09:54:00,6750,6750,6775,6775,3700
2022-08-31 09:55:00,6775,6775,6775,6775,2000
2022-08-31 09:56:00,6775,6775,6775,6775,1600
2022-08-31 09:57:00,6775,6750,6775,6750,12700
2022-08-31 09:58:00,6750,6750,6750,6750,11500
2022-08-31 09:59:00,6750,6750,6750,6750,22500
2022-08-31 10:00:00,6750,6750,6750,6750,0
2022-08-31 10:01:00,6750,6750,6750,6750,500
2022-08-31 10:02:00,6750,6750,6750,6750,300
2022-08-31 10:03:00,6750,6750,6750,6750,4400
2022-08-31 10:04:00,6750,6750,6750,6750,0
2022-08-31 10:05:00,6750,6750,6750,6750,0
2022-08-31 10:06:00,6750,6750,6750,6750,500
2022-08-31 10:07:00,6750,6750,6775,6775,4100
2022-08-31 10:08:00,6750,6750,6750,6750,7800
2022-08-31 10:09:00,6750,6750,6775,6775,27400
2022-08-31 10:10:00,6750,6750,6775,6775,200
2022-08-31 10:11:00,6775,6750,6775,6750,8500
2022-08-31 10:12:00,6750,6750,6750,6750,5800
2022-08-31 10:13:00,6750,6750,6750,6750,33300
2022-08-31 10:14:00,6750,6750,6750,6750,14800
2022-08-31 10:15:00,6750,6750,6775,6775,25900
2022-08-31 10:16:00,6750,6750,6775,6775,0
2022-08-31 10:17:00,6775,6750,6775,6750,32400
2022-08-31 10:18:00,6775,6750,6775,6750,4800
2022-08-31 10:19:00,6775,6750,6775,6750,200
2022-08-31 10:20:00,6750,6750,6775,6750,63800
2022-08-31 10:21:00,6750,6750,6775,6775,6300
2022-08-31 10:22:00,6750,6750,6750,6750,6200
2022-08-31 10:23:00,6775,6775,6775,6775,1700
2022-08-31 10:24:00,6750,6750,6775,6775,6200
2022-08-31 10:25:00,6750,6750,6775,6775,0
2022-08-31 10:26:00,6750,6750,6775,6775,0
2022-08-31 10:27:00,6750,6750,6775,6775,1900
2022-08-31 10:28:00,6775,6750,6775,6775,3100
2022-08-31 10:29:00,6775,6775,6775,6775,0
2022-08-31 10:30:00,6775,6775,6775,6775,15200
2022-08-31 10:31:00,6750,6750,6775,6775,0
2022-08-31 10:32:00,6750,6750,6775,6750,26700
2022-08-31 10:33:00,6775,6775,6775,6775,14700
2022-08-31 10:34:00,6775,6775,6775,6775,6600
2022-08-31 10:35:00,6775,6775,6775,6775,0
2022-08-31 10:36:00,6750,6750,6775,6775,4500
2022-08-31 10:37:00,6750,6750,6775,6775,1700
2022-08-31 10:38:00,6775,6775,6775,6775,2500
2022-08-31 10:39:00,6775,6750,6775,6775,13700
2022-08-31 10:40:00,6750,6750,6775,6750,93500
2022-08-31 10:41:00,6750,6725,6775,6775,36900
2022-08-31 10:42:00,6750,6725,6775,6775,0
2022-08-31 10:43:00,6750,6725,6775,6775,0
2022-08-31 10:44:00,6750,6750,6750,6750,500
2022-08-31 10:45:00,6750,6750,6775,6775,4100
2022-08-31 10:46:00,6775,6750,6775,6750,0
2022-08-31 10:47:00,6750,6725,6775,6775,54400
2022-08-31 10:48:00,6750,6750,6750,6750,800
2022-08-31 10:49:00,6750,6750,6750,6750,500
2022-08-31 10:50:00,6750,6750,6750,6750,0
2022-08-31 10:51:00,6750,6725,6750,6750,6000
2022-08-31 10:52:00,6750,6750,6750,6750,2700
2022-08-31 10:53:00,6750,6750,6750,6750,3900
2022-08-31 10:54:00,6750,6750,6775,6775,6300
2022-08-31 10:55:00,6775,6750,6775,6775,400
2022-08-31 10:56:00,6775,6750,6775,6775,1200
2022-08-31 10:57:00,6750,6750,6775,6775,4200
2022-08-31 10:58:00,6750,6750,6775,6775,0
2022-08-31 10:59:00,6750,6750,6775,6775,0
2022-08-31 11:00:00,6750,6750,6775,6775,0
2022-08-31 11:01:00,6775,6775,6775,6775,400
2022-08-31 11:02:00,6750,6750,6775,6775,600
2022-08-31 11:03:00,6775,6750,6775,6750,11500
2022-08-31 11:04:00,6775,6750,6775,6750,0
2022-08-31 11:05:00,6750,6725,6775,6775,48900
2022-08-31 11:06:00,6750,6725,6775,6775,0
2022-08-31 11:07:00,6750,6725,6775,6775,0
2022-08-31 11:08:00,6750,6725,6775,6775,0
2022-08-31 11:09:00,6750,6725,6775,6775,0
2022-08-31 11:10:00,6750,6750,6775,6750,4600
2022-08-31 11:11:00,6750,6725,6750,6750,2700
2022-08-31 11:12:00,6750,6750,6750,6750,0
2022-08-31 11:13:00,6750,6725,6775,6775,26000
2022-08-31 11:14:00,6750,6750,6775,6775,0
2022-08-31 11:15:00,6750,6750,6775,6775,0
2022-08-31 11:16:00,6750,6750,6750,6750,100
2022-08-31 11:17:00,6750,6750,6775,6775,5700
2022-08-31 11:18:00,6750,6750,6775,6775,27100
2022-08-31 11:19:00,6750,6750,6775,6775,400
2022-08-31 11:20:00,6750,6750,6775,6775,0
2022-08-31 11:21:00,6775,6750,6775,6750,800
2022-08-31 11:22:00,6775,6775,6775,6775,0
2022-08-31 11:23:00,6750,6750,6775,6775,1500
2022-08-31 11:24:00,6750,6750,6775,6775,0
2022-08-31 11:25:00,6750,6750,6775,6775,0
2022-08-31 11:26:00,6775,6750,6775,6775,8100
2022-08-31 11:27:00,6750,6750,6775,6775,900
2022-08-31 11:28:00,6750,6750,6775,6750,1100
2022-08-31 11:29:00,6750,6750,6775,6750,0
2022-08-31 11:30:00,6750,6750,6775,6750,0
2022-08-31 11:31:00,6750,6750,6775,6750,0
2022-08-31 11:32:00,6750,6750,6775,6750,0
2022-08-31 11:33:00,6750,6750,6775,6750,0
2022-08-31 11:34:00,6750,6750,6775,6750,0
2022-08-31 11:35:00,6750,6750,6775,6750,0
2022-08-31 11:36:00,6750,6750,6775,6750,0
2022-08-31 11:37:00,6750,6750,6775,6750,0
2022-08-31 11:38:00,6750,6750,6775,6750,0
2022-08-31 11:39:00,6750,6750,6775,6750,0
2022-08-31 11:40:00,6750,6750,6775,6750,0
2022-08-31 11:41:00,6750,6750,6775,6750,0
2022-08-31 11:42:00,6750,6750,6775,6750,0
2022-08-31 11:43:00,6750,6750,6775,6750,0
2022-08-31 11:44:00,6750,6750,6775,6750,0
2022-08-31 11:45:00,6750,6750,6775,6750,0
2022-08-31 11:46:00,6750,6750,6775,6750,0
2022-08-31 11:47:00,6750,6750,6775,6750,0
2022-08-31 11:48:00,6750,6750,6775,6750,0
2022-08-31 11:49:00,6750,6750,6775,6750,0
2022-08-31 11:50:00,6750,6750,6775,6750,0
2022-08-31 11:51:00,6750,6750,6775,6750,0
2022-08-31 11:52:00,6750,6750,6775,6750,0
2022-08-31 11:53:00,6750,6750,6775,6750,0
2022-08-31 11:54:00,6750,6750,6775,6750,0
2022-08-31 11:55:00,6750,6750,6775,6750,0
2022-08-31 11:56:00,6750,6750,6775,6750,0
2022-08-31 11:57:00,6750,6750,6775,6750,0
2022-08-31 11:58:00,6750,6750,6775,6750,0
2022-08-31 11:59:00,6750,6750,6775,6750,0
2022-08-31 12:00:00,6750,6750,6775,6750,0
2022-08-31 12:01:00,6750,6750,6775,6750,0
2022-08-31 12:02:00,6750,6750,6775,6750,0
2022-08-31 12:03:00,6750,6750,6775,6750,0
2022-08-31 12:04:00,6750,6750,6775,6750,0
2022-08-31 12:05:00,6750,6750,6775,6750,0
2022-08-31 12:06:00,6750,6750,6775,6750,0
2022-08-31 12:07:00,6750,6750,6775,6750,0
2022-08-31 12:08:00,6750,6750,6775,6750,0
2022-08-31 12:09:00,6750,6750,6775,6750,0
2022-08-31 12:10:00,6750,6750,6775,6750,0
2022-08-31 12:11:00,6750,6750,6775,6750,0
2022-08-31 12:12:00,6750,6750,6775,6750,0
2022-08-31 12:13:00,6750,6750,6775,6750,0
2022-08-31 12:14:00,6750,6750,6775,6750,0
2022-08-31 12:15:00,6750,6750,6775,6750,0
2022-08-31 12:16:00,6750,6750,6775,6750,0
2022-08-31 12:17:00,6750,6750,6775,6750,0
2022-08-31 12:18:00,6750,6750,6775,6750,0
2022-08-31 12:19:00,6750,6750,6775,6750,0
2022-08-31 12:20:00,6750,6750,6775,6750,0
2022-08-31 12:21:00,6750,6750,6775,6750,0
2022-08-31 12:22:00,6750,6750,6775,6750,0
2022-08-31 12:23:00,6750,6750,6775,6750,0
2022-08-31 12:24:00,6750,6750,6775,6750,0
2022-08-31 12:25:00,6750,6750,6775,6750,0
2022-08-31 12:26:00,6750,6750,6775,6750,0
2022-08-31 12:27:00,6750,6750,6775,6750,0
2022-08-31 12:28:00,6750,6750,6775,6750,0
2022-08-31 12:29:00,6750,6750,6775,6750,0
2022-08-31 12:30:00,6750,6750,6775,6750,0
2022-08-31 12:31:00,6750,6750,6775,6750,0
2022-08-31 12:32:00,6750,6750,6775,6750,0
2022-08-31 12:33:00,6750,6750,6775,6750,0
2022-08-31 12:34:00,6750,6750,6775,6750,0
2022-08-31 12:35:00,6750,6750,6775,6750,0
2022-08-31 12:36:00,6750,6750,6775,6750,0
2022-08-31 12:37:00,6750,6750,6775,6750,0
2022-08-31 12:38:00,6750,6750,6775,6750,0
2022-08-31 12:39:00,6750,6750,6775,6750,0
2022-08-31 12:40:00,6750,6750,6775,6750,0
2022-08-31 12:41:00,6750,6750,6775,6750,0
2022-08-31 12:42:00,6750,6750,6775,6750,0
2022-08-31 12:43:00,6750,6750,6775,6750,0
2022-08-31 12:44:00,6750,6750,6775,6750,0
2022-08-31 12:45:00,6750,6750,6775,6750,0
2022-08-31 12:46:00,6750,6750,6775,6750,0
2022-08-31 12:47:00,6750,6750,6775,6750,0
2022-08-31 12:48:00,6750,6750,6775,6750,0
2022-08-31 12:49:00,6750,6750,6775,6750,0
2022-08-31 12:50:00,6750,6750,6775,6750,0
2022-08-31 12:51:00,6750,6750,6775,6750,0
2022-08-31 12:52:00,6750,6750,6775,6750,0
2022-08-31 12:53:00,6750,6750,6775,6750,0
2022-08-31 12:54:00,6750,6750,6775,6750,0
2022-08-31 12:55:00,6750,6750,6775,6750,0
2022-08-31 12:56:00,6750,6750,6775,6750,0
2022-08-31 12:57:00,6750,6750,6775,6750,0
2022-08-31 12:58:00,6750,6750,6775,6750,0
2022-08-31 12:59:00,6750,6750,6775,6750,0
2022-08-31 13:00:00,6750,6750,6775,6750,0
2022-08-31 13:01:00,6750,6750,6775,6750,0
2022-08-31 13:02:00,6750,6750,6775,6750,0
2022-08-31 13:03:00,6750,6750,6775,6750,0
2022-08-31 13:04:00,6750,6750,6775,6750,0
2022-08-31 13:05:00,6750,6750,6775,6750,0
2022-08-31 13:06:00,6750,6750,6775,6750,0
2022-08-31 13:07:00,6750,6750,6775,6750,0
2022-08-31 13:08:00,6750,6750,6775,6750,0
2022-08-31 13:09:00,6750,6750,6775,6750,0
2022-08-31 13:10:00,6750,6750,6775,6750,0
2022-08-31 13:11:00,6750,6750,6775,6750,0
2022-08-31 13:12:00,6750,6750,6775,6750,0
2022-08-31 13:13:00,6750,6750,6775,6750,0
2022-08-31 13:14:00,6750,6750,6775,6750,0
2022-08-31 13:15:00,6750,6750,6775,6750,0
2022-08-31 13:16:00,6750,6750,6775,6750,0
2022-08-31 13:17:00,6750,6750,6775,6750,0
2022-08-31 13:18:00,6750,6750,6775,6750,0
2022-08-31 13:19:00,6750,6750,6775,6750,0
2022-08-31 13:20:00,6750,6750,6775,6750,0
2022-08-31 13:21:00,6750,6750,6775,6750,0
2022-08-31 13:22:00,6750,6750,6775,6750,0
2022-08-31 13:23:00,6750,6750,6775,6750,0
2022-08-31 13:24:00,6750,6750,6775,6750,0
2022-08-31 13:25:00,6750,6750,6775,6750,0
2022-08-31 13:26:00,6750,6750,6775,6750,0
2022-08-31 13:27:00,6750,6750,6775,6750,0
2022-08-31 13:28:00,6750,6750,6775,6750,0
2022-08-31 13:29:00,6750,6750,6775,6750,0
2022-08-31 13:30:00,6775,6725,6775,6750,54000
2022-08-31 13:31:00,6750,6750,6775,6775,6200
2022-08-31 13:32:00,6750,6750,6775,6775,0
2022-08-31 13:33:00,6750,6750,6775,6775,4200
2022-08-31 13:34:00,6750,6750,6775,6775,0
2022-08-31 13:35:00,6775,6775,6775,6775,21000
2022-08-31 13:36:00,6750,6750,6775,6775,0
2022-08-31 13:37:00,6775,6775,6775,6775,400
2022-08-31 13:38:00,6775,6775,6775,6775,0
2022-08-31 13:39:00,6775,6750,6775,6775,10600
2022-08-31 13:40:00,6775,6750,6775,6775,600
2022-08-31 13:41:00,6775,6775,6775,6775,173400
2022-08-31 13:42:00,6775,6775,6775,6775,0
2022-08-31 13:43:00,6775,6775,6800,6800,11900
2022-08-31 13:44:00,6800,6775,6800,6775,1600
2022-08-31 13:45:00,6775,6775,6775,6775,700
2022-08-31 13:46:00,6800,6800,6800,6800,33300
2022-08-31 13:47:00,6775,6775,6775,6775,0
2022-08-31 13:48:00,6775,6775,6775,6775,3000
2022-08-31 13:49:00,6775,6775,6775,6775,1400
2022-08-31 13:50:00,6800,6800,6800,6800,0
2022-08-31 13:51:00,6800,6775,6800,6775,13500
2022-08-31 13:52:00,6775,6775,6775,6775,0
2022-08-31 13:53:00,6800,6800,6800,6800,500
2022-08-31 13:54:00,6800,6800,6800,6800,0
2022-08-31 13:55:00,6775,6775,6800,6800,5200
2022-08-31 13:56:00,6775,6775,6800,6800,11600
2022-08-31 13:57:00,6775,6750,6800,6775,18500
2022-08-31 13:58:00,6775,6750,6800,6800,45900
2022-08-31 13:59:00,6750,6750,6775,6775,2900
2022-08-31 14:00:00,6750,6750,6775,6775,4100
2022-08-31 14:01:00,6775,6750,6775,6775,3700
2022-08-31 14:02:00,6775,6750,6775,6775,0
2022-08-31 14:03:00,6775,6775,6775,6775,7700
2022-08-31 14:04:00,6750,6750,6775,6775,10200
2022-08-31 14:05:00,6750,6750,6775,6775,3900
2022-08-31 14:06:00,6775,6775,6775,6775,100
2022-08-31 14:07:00,6775,6775,6775,6775,300
2022-08-31 14:08:00,6775,6775,6775,6775,7600
2022-08-31 14:09:00,6775,6775,6775,6775,300
2022-08-31 14:10:00,6775,6775,6775,6775,700
2022-08-31 14:11:00,6775,6750,6775,6775,13400
2022-08-31 14:12:00,6775,6775,6775,6775,400
2022-08-31 14:13:00,6775,6775,6775,6775,0
2022-08-31 14:14:00,6750,6750,6775,6775,0
2022-08-31 14:15:00,6775,6775,6775,6775,100
2022-08-31 14:16:00,6775,6775,6775,6775,0
2022-08-31 14:17:00,6775,6775,6775,6775,0
2022-08-31 14:18:00,6775,6750,6775,6775,3600
2022-08-31 14:19:00,6775,6750,6775,6775,0
2022-08-31 14:20:00,6775,6750,6775,6775,0
2022-08-31 14:21:00,6775,6775,6775,6775,13400
2022-08-31 14:22:00,6775,6775,6775,6775,0
2022-08-31 14:23:00,6775,6775,6775,6775,0
2022-08-31 14:24:00,6775,6750,6775,6775,5900
2022-08-31 14:25:00,6775,6775,6775,6775,0
2022-08-31 14:26:00,6775,6775,6775,6775,0
2022-08-31 14:27:00,6775,6775,6775,6775,0
2022-08-31 14:28:00,6775,6775,6775,6775,1300
2022-08-31 14:29:00,6775,6775,6800,6800,108300
2022-08-31 14:30:00,6800,6800,6800,6800,0
2022-08-31 14:31:00,6775,6750,6775,6775,43700
2022-08-31 14:32:00,6775,6750,6775,6775,0
2022-08-31 14:33:00,6775,6775,6775,6775,1900
2022-08-31 14:34:00,6775,6775,6800,6800,2400
2022-08-31 14:35:00,6800,6775,6800,6775,24000
2022-08-31 14:36:00,6775,6775,6800,6775,9700
2022-08-31 14:37:00,6775,6775,6775,6775,4200
2022-08-31 14:38:00,6775,6750,6775,6775,25600
2022-08-31 14:39:00,6775,6750,6775,6775,0
2022-08-31 14:40:00,6750,6750,6775,6775,300
2022-08-31 14:41:00,6750,6750,6800,6800,17800
2022-08-31 14:42:00,6775,6775,6775,6775,200
2022-08-31 14:43:00,6775,6775,6775,6775,2300
2022-08-31 14:44:00,6775,6750,6775,6775,5400
2022-08-31 14:45:00,6775,6750,6775,6775,30700
2022-08-31 14:46:00,6775,6750,6775,6775,3700
2022-08-31 14:47:00,6750,6750,6775,6775,37600
2022-08-31 14:48:00,6750,6750,6775,6750,15500
2022-08-31 14:49:00,6775,6750,6775,6775,0
2022-08-31 14:50:00,6775,6750,6775,6775,0
2022-08-31 14:51:00,6775,6750,6775,6775,0
2022-08-31 14:52:00,6775,6750,6775,6775,0
2022-08-31 14:53:00,6775,6750,6775,6775,0
2022-08-31 14:54:00,6775,6750,6775,6775,0
2022-08-31 14:55:00,6775,6750,6775,6775,0
2022-08-31 14:56:00,6775,6750,6775,6775,0
2022-08-31 14:57:00,6775,6750,6775,6775,0
2022-08-31 14:58:00,6775,6750,6775,6775,0
2022-08-31 14:59:00,6775,6750,6775,6775,0
2022-08-31 15:00:00,6775,6775,6775,6775,73100
2022-08-31 15:01:00,6775,6775,6775,6775,13500
2022-08-31 15:02:00,6775,6775,6775,6775,118300
2022-08-31 15:03:00,6775,6775,6775,6775,0
2022-08-31 15:04:00,6775,6775,6775,6775,6700
2022-08-31 15:05:00,6775,6775,6775,6775,0
2022-08-31 15:06:00,6775,6775,6775,6775,0
2022-08-31 15:07:00,6775,6775,6775,6775,400
2022-08-31 15:08:00,6775,6775,6775,6775,100
2022-08-31 15:09:00,6775,6775,6775,6775,0
2022-08-31 15:10:00,6775,6775,6775,6775,5400
2022-08-31 15:11:00,6775,6775,6775,6775,600
2022-08-31 15:12:00,6775,6775,6775,6775,0
2022-08-31 15:13:00,6775,6775,6775,6775,0
2022-08-31 15:14:00,6775,6775,6775,6775,0
2022-08-31 15:15:00,6775,6775,6775,6775,0
2022-08-31 15:16:00,6775,6775,6775,6775,0
2022-08-31 15:17:00,6775,6775,6775,6775,0
2022-08-31 15:18:00,6775,6775,6775,6775,0
2022-08-31 15:19:00,6775,6775,6775,6775,0
2022-08-31 15:20:00,6775,6775,6775,6775,0
2022-08-31 15:21:00,6775,6775,6775,6775,0
2022-08-31 15:22:00,6775,6775,6775,6775,0
2022-08-31 15:23:00,6775,6775,6775,6775,0
2022-08-31 15:24:00,6775,6775,6775,6775,0
2022-08-31 15:25:00,6775,6775,6775,6775,0
2022-08-31 15:26:00,6775,6775,6775,6775,0
2022-08-31 15:27:00,6775,6775,6775,6775,0
2022-08-31 15:28:00,6775,6775,6775,6775,0
2022-08-31 15:29:00,6775,6775,6775,6775,0
2022-08-31 15:30:00,6775,6775,6775,6775,0
2022-08-31 15:31:00,6775,6775,6775,6775,0
2022-08-31 15:32:00,6775,6775,6775,6775,0
2022-08-31 15:33:00,6775,6775,6775,6775,0
2022-08-31 15:34:00,6775,6775,6775,6775,0
2022-08-31 15:35:00,6775,6775,6775,6775,0
2022-08-31 15:36:00,6775,6775,6775,6775,0
2022-08-31 15:37:00,6775,6775,6775,6775,0
2022-08-31 15:38:00,6775,6775,6775,6775,0
2022-08-31 15:39:00,6775,6775,6775,6775,0
2022-08-31 15:40:00,6775,6775,6775,6775,0
2022-08-31 15:41:00,6775,6775,6775,6775,0
2022-08-31 15:42:00,6775,6775,6775,6775,0
2022-08-31 15:43:00,6775,6775,6775,6775,0
2022-08-31 15:44:00,6775,6775,6775,6775,0
2022-08-31 15:45:00,6775,6775,6775,6775,0
2022-08-31 15:46:00,6775,6775,6775,6775,0
2022-08-31 15:47:00,6775,6775,6775,6775,0
2022-08-31 15:48:00,6775,6775,6775,6775,0
2022-08-31 15:49:00,6775,6775,6775,6775,0
2022-08-31 15:50:00,6775,6775,6775,6775,0
2022-08-31 15:51:00,6775,6775,6775,6775,0
2022-08-31 15:52:00,6775,6775,6775,6775,0
2022-08-31 15:53:00,6775,6775,6775,6775,0
2022-08-31 15:54:00,6775,6775,6775,6775,0
2022-08-31 15:55:00,6775,6775,6775,6775,0
2022-08-31 15:56:00,6775,6775,6775,6775,0
2022-08-31 15:57:00,6775,6775,6775,6775,0
2022-08-31 15:58:00,6775,6775,6775,6775,0
2022-08-31 15:59:00,6775,6775,6775,6775,0
2022-09-01 09:00:00,6800,6775,6825,6800,42000
2022-09-01 09:01:00,6800,6775,6800,6800,34600
2022-09-01 09:02:00,6775,6750,6775,6775,15200
2022-09-01 09:03:00,6775,6750,6775,6750,1500
2022-09-01 09:04:00,6775,6775,6775,6775,10700
2022-09-01 09:05:00,6775,6775,6775,6775,20800
2022-09-01 09:06:00,6775,6775,6775,6775,0
2022-09-01 09:07:00,6775,6750,6775,6750,22900
2022-09-01 09:08:00,6750,6750,6750,6750,0
2022-09-01 09:09:00,6750,6750,6750,6750,9800
2022-09-01 09:10:00,6775,6775,6775,6775,0
2022-09-01 09:11:00,6775,6775,6775,6775,1400
2022-09-01 09:12:00,6750,6750,6750,6750,5500
2022-09-01 09:13:00,6750,6750,6750,6750,0
2022-09-01 09:14:00,6775,6750,6775,6775,500
2022-09-01 09:15:00,6750,6750,6775,6775,500
2022-09-01 09:16:00,6775,6775,6775,6775,9900
2022-09-01 09:17:00,6750,6750,6750,6750,0
2022-09-01 09:18:00,6750,6750,6775,6775,900
2022-09-01 09:19:00,6750,6750,6775,6775,0
2022-09-01 09:20:00,6775,6775,6775,6775,8600
2022-09-01 09:21:00,6775,6775,6775,6775,0
2022-09-01 09:22:00,6775,6775,6775,6775,0
2022-09-01 09:23:00,6775,6775,6775,6775,0
2022-09-01 09:24:00,6775,6775,6775,6775,4300
2022-09-01 09:25:00,6775,6775,6775,6775,0
2022-09-01 09:26:00,6775,6750,6775,6750,600
2022-09-01 09:27:00,6750,6750,6775,6750,5800
2022-09-01 09:28:00,6750,6750,6750,6750,4600
2022-09-01 09:29:00,6750,6750,6750,6750,8200
2022-09-01 09:30:00,6750,6750,6750,6750,20400
2022-09-01 09:31:00,6750,6750,6750,6750,0
2022-09-01 09:32:00,6750,6750,6750,6750,900
2022-09-01 09:33:00,6750,6750,6750,6750,0
2022-09-01 09:34:00,6725,6725,6750,6750,31600
2022-09-01 09:35:00,6725,6725,6750,6750,200
2022-09-01 09:36:00,6750,6750,6750,6750,500
2022-09-01 09:37:00,6750,6725,6750,6750,11900
2022-09-01 09:38:00,6725,6725,6725,6725,4700
2022-09-01 09:39:00,6750,6750,6750,6750,10900
2022-09-01 09:40:00,6750,6750,6750,6750,1400
2022-09-01 09:41:00,6750,6750,6750,6750,4000
2022-09-01 09:42:00,6750,6750,6750,6750,0
2022-09-01 09:43:00,6750,6750,6750,6750,20300
2022-09-01 09:44:00,6750,6750,6750,6750,0
2022-09-01 09:45:00,6750,6750,6750,6750,0
2022-09-01 09:46:00,6750,6750,6750,6750,4200
2022-09-01 09:47:00,6750,6750,6750,6750,0
2022-09-01 09:48:00,6750,6750,6750,6750,4700
2022-09-01 09:49:00,6750,6750,6750,6750,0
2022-09-01 09:50:00,6750,6750,6750,6750,0
2022-09-01 09:51:00,6750,6750,6750,6750,11000
2022-09-01 09:52:00,6750,6750,6750,6750,4600
2022-09-01 09:53:00,6750,6750,6775,6775,13000
2022-09-01 09:54:00,6775,6775,6775,6775,2100
2022-09-01 09:55:00,6775,6750,6775,6750,1100
2022-09-01 09:56:00,6775,6775,6775,6775,0
2022-09-01 09:57:00,6775,6775,6775,6775,0
2022-09-01 09:58:00,6775,6775,6775,6775,1700
2022-09-01 09:59:00,6775,6775,6775,6775,0
2022-09-01 10:00:00,6775,6775,6775,6775,0
2022-09-01 10:01:00,6775,6775,6775,6775,0
2022-09-01 10:02:00,6750,6750,6750,6750,7700
2022-09-01 10:03:00,6775,6750,6775,6750,1000
2022-09-01 10:04:00,6750,6750,6750,6750,6500
2022-09-01 10:05:00,6750,6750,6750,6750,0
2022-09-01 10:06:00,6750,6750,6750,6750,18100
2022-09-01 10:07:00,6750,6750,6750,6750,0
2022-09-01 10:08:00,6750,6750,6750,6750,0
2022-09-01 10:09:00,6750,6750,6750,6750,4200
2022-09-01 10:10:00,6750,6750,6750,6750,300
2022-09-01 10:11:00,6750,6750,6750,6750,15000
2022-09-01 10:12:00,6750,6750,6750,6750,0
2022-09-01 10:13:00,6750,6750,6750,6750,0
2022-09-01 10:14:00,6750,6750,6750,6750,10100
2022-09-01 10:15:00,6775,6775,6775,6775,0
2022-09-01 10:16:00,6775,6750,6775,6750,1200
2022-09-01 10:17:00,6750,6750,6750,6750,0
2022-09-01 10:18:00,6750,6750,6775,6775,6400
2022-09-01 10:19:00,6750,6750,6775,6775,0
2022-09-01 10:20:00,6750,6750,6750,6750,0
2022-09-01 10:21:00,6775,6775,6775,6775,3000
2022-09-01 10:22:00,6750,6750,6750,6750,9000
2022-09-01 10:23:00,6750,6750,6750,6750,13400
2022-09-01 10:24:00,6750,6750,6750,6750,0
2022-09-01 10:25:00,6750,6750,6750,6750,1200
2022-09-01 10:26:00,6750,6725,6750,6750,2400
2022-09-01 10:27:00,6750,6750,6750,6750,900
2022-09-01 10:28:00,6750,6750,6775,6775,900
2022-09-01 10:29:00,6750,6750,6750,6750,5200
2022-09-01 10:30:00,6750,6725,6750,6725,4600
2022-09-01 10:31:00,6750,6750,6775,6775,1400
2022-09-01 10:32:00,6750,6750,6775,6750,5800
2022-09-01 10:33:00,6750,6750,6750,6750,4500
2022-09-01 10:34:00,6750,6750,6750,6750,15900
2022-09-01 10:35:00,6750,6750,6750,6750,400
2022-09-01 10:36:00,6775,6775,6775,6775,0
2022-09-01 10:37:00,6775,6775,6775,6775,0
2022-09-01 10:38:00,6750,6750,6750,6750,700
2022-09-01 10:39:00,6750,6750,6775,6775,300
2022-09-01 10:40:00,6750,6750,6775,6775,0
2022-09-01 10:41:00,6750,6750,6775,6775,0
2022-09-01 10:42:00,6750,6750,6775,6775,5400
2022-09-01 10:43:00,6775,6750,6775,6750,0
2022-09-01 10:44:00,6750,6750,6775,6775,2100
2022-09-01 10:45:00,6775,6750,6775,6775,12300
2022-09-01 10:46:00,6750,6750,6775,6775,5400
2022-09-01 10:47:00,6750,6750,6775,6775,0
2022-09-01 10:48:00,6750,6750,6775,6775,0
2022-09-01 10:49:00,6775,6750,6775,6750,12400
2022-09-01 10:50:00,6750,6750,6775,6775,200
2022-09-01 10:51:00,6750,6750,6750,6750,400
2022-09-01 10:52:00,6750,6750,6750,6750,0
2022-09-01 10:53:00,6750,6750,6750,6750,0
2022-09-01 10:54:00,6750,6750,6750,6750,0
2022-09-01 10:55:00,6750,6750,6775,6775,6200
2022-09-01 10:56:00,6750,6750,6775,6775,0
2022-09-01 10:57:00,6750,6750,6750,6750,300
2022-09-01 10:58:00,6750,6750,6750,6750,0
2022-09-01 10:59:00,6750,6750,6750,6750,200
2022-09-01 11:00:00,6750,6750,6750,6750,100
2022-09-01 11:01:00,6750,6750,6775,6775,200
2022-09-01 11:02:00,6750,6750,6775,6775,4500
2022-09-01 11:03:00,6750,6750,6775,6775,2800
2022-09-01 11:04:00,6750,6750,6750,6750,0
2022-09-01 11:05:00,6775,6750,6775,6775,900
2022-09-01 11:06:00,6750,6750,6775,6750,300
2022-09-01 11:07:00,6775,6750,6775,6750,200
2022-09-01 11:08:00,6750,6750,6750,6750,100
2022-09-01 11:09:00,6750,6750,6750,6750,0
2022-09-01 11:10:00,6750,6750,6750,6750,200
2022-09-01 11:11:00,6750,6750,6775,6750,4000
2022-09-01 11:12:00,6750,6750,6775,6750,9200
2022-09-01 11:13:00,6750,6750,6775,6750,0
2022-09-01 11:14:00,6750,6750,6775,6775,1800
2022-09-01 11:15:00,6750,6750,6775,6775,300
2022-09-01 11:16:00,6750,6750,6775,6750,700
2022-09-01 11:17:00,6750,6750,6750,6750,100
2022-09-01 11:18:00,6750,6750,6775,6775,8300
2022-09-01 11:19:00,6750,6750,6775,6775,2200
2022-09-01 11:20:00,6750,6750,6775,6775,0
2022-09-01 11:21:00,6750,6750,6775,6750,700
2022-09-01 11:22:00,6750,6750,6775,6750,0
2022-09-01 11:23:00,6750,6750,6750,6750,200
2022-09-01 11:24:00,6775,6750,6775,6750,300
2022-09-01 11:25:00,6775,6750,6775,6750,300
2022-09-01 11:26:00,6750,6750,6775,6775,300
2022-09-01 11:27:00,6750,6750,6750,6750,100
2022-09-01 11:28:00,6750,6750,6775,6775,600
2022-09-01 11:29:00,6750,6750,6750,6750,0
2022-09-01 11:30:00,6750,6750,6750,6750,0
2022-09-01 11:31:00,6750,6750,6750,6750,0
2022-09-01 11:32:00,6750,6750,6750,6750,0
2022-09-01 11:33:00,6750,6750,6750,6750,0
2022-09-01 11:34:00,6750,6750,6750,6750,0
2022-09-01 11:35:00,6750,6750,6750,6750,0
2022-09-01 11:36:00,6750,6750,6750,6750,0
2022-09-01 11:37:00,6750,6750,6750,6750,0
2022-09-01 11:38:00,6750,6750,6750,6750,0
2022-09-01 11:39:00,6750,6750,6750,6750,0
2022-09-01 11:40:00,6750,6750,6750,6750,0
2022-09-01 11:41:00,6750,6750,6750,6750,0
2022-09-01 11:42:00,6750,6750,6750,6750,0
2022-09-01 11:43:00,6750,6750,6750,6750,0
2022-09-01 11:44:00,6750,6750,6750,6750,0
2022-09-01 11:45:00,6750,6750,6750,6750,0
2022-09-01 11:46:00,6750,6750,6750,6750,0
2022-09-01 11:47:00,6750,6750,6750,6750,0
2022-09-01 11:48:00,6750,6750,6750,6750,0
2022-09-01 11:49:00,6750,6750,6750,6750,0
2022-09-01 11:50:00,6750,6750,6750,6750,0
2022-09-01 11:51:00,6750,6750,6750,6750,0
2022-09-01 11:52:00,6750,6750,6750,6750,0
2022-09-01 11:53:00,6750,6750,6750,6750,0
2022-09-01 11:54:00,6750,6750,6750,6750,0
2022-09-01 11:55:00,6750,6750,6750,6750,0
2022-09-01 11:56:00,6750,6750,6750,6750,0
2022-09-01 11:57:00,6750,6750,6750,6750,0
2022-09-01 11:58:00,6750,6750,6750,6750,0
2022-09-01 11:59:00,6750,6750,6750,6750,0
2022-09-01 12:00:00,6750,6750,6750,6750,0
2022-09-01 12:01:00,6750,6750,6750,6750,0
2022-09-01 12:02:00,6750,6750,6750,6750,0
2022-09-01 12:03:00,6750,6750,6750,6750,0
2022-09-01 12:04:00,6750,6750,6750,6750,0
2022-09-01 12:05:00,6750,6750,6750,6750,0
2022-09-01 12:06:00,6750,6750,6750,6750,0
2022-09-01 12:07:00,6750,6750,6750,6750,0
2022-09-01 12:08:00,6750,6750,6750,6750,0
2022-09-01 12:09:00,6750,6750,6750,6750,0
2022-09-01 12:10:00,6750,6750,6750,6750,0
2022-09-01 12:11:00,6750,6750,6750,6750,0
2022-09-01 12:12:00,6750,6750,6750,6750,0
2022-09-01 12:13:00,6750,6750,6750,6750,0
2022-09-01 12:14:00,6750,6750,6750,6750,0
2022-09-01 12:15:00,6750,6750,6750,6750,0
2022-09-01 12:16:00,6750,6750,6750,6750,0
2022-09-01 12:17:00,6750,6750,6750,6750,0
2022-09-01 12:18:00,6750,6750,6750,6750,0
2022-09-01 12:19:00,6750,6750,6750,6750,0
2022-09-01 12:20:00,6750,6750,6750,6750,0
2022-09-01 12:21:00,6750,6750,6750,6750,0
2022-09-01 12:22:00,6750,6750,6750,6750,0
2022-09-01 12:23:00,6750,6750,6750,6750,0
2022-09-01 12:24:00,6750,6750,6750,6750,0
2022-09-01 12:25:00,6750,6750,6750,6750,0
2022-09-01 12:26:00,6750,6750,6750,6750,0
2022-09-01 12:27:00,6750,6750,6750,6750,0
2022-09-01 12:28:00,6750,6750,6750,6750,0
2022-09-01 12:29:00,6750,6750,6750,6750,0
2022-09-01 12:30:00,6750,6750,6750,6750,0
2022-09-01 12:31:00,6750,6750,6750,6750,0
2022-09-01 12:32:00,6750,6750,6750,6750,0
2022-09-01 12:33:00,6750,6750,6750,6750,0
2022-09-01 12:34:00,6750,6750,6750,6750,0
2022-09-01 12:35:00,6750,6750,6750,6750,0
2022-09-01 12:36:00,6750,6750,6750,6750,0
2022-09-01 12:37:00,6750,6750,6750,6750,0
2022-09-01 12:38:00,6750,6750,6750,6750,0
2022-09-01 12:39:00,6750,6750,6750,6750,0
2022-09-01 12:40:00,6750,6750,6750,6750,0
2022-09-01 12:41:00,6750,6750,6750,6750,0
2022-09-01 12:42:00,6750,6750,6750,6750,0
2022-09-01 12:43:00,6750,6750,6750,6750,0
2022-09-01 12:44:00,6750,6750,6750,6750,0
2022-09-01 12:45:00,6750,6750,6750,6750,0
2022-09-01 12:46:00,6750,6750,6750,6750,0
2022-09-01 12:47:00,6750,6750,6750,6750,0
2022-09-01 12:48:00,6750,6750,6750,6750,0
2022-09-01 12:49:00,6750,6750,6750,6750,0
2022-09-01 12:50:00,6750,6750,6750,6750,0
2022-09-01 12:51:00,6750,6750,6750,6750,0
2022-09-01 12:52:00,6750,6750,6750,6750,0
2022-09-01 12:53:00,6750,6750,6750,6750,0
2022-09-01 12:54:00,6750,6750,6750,6750,0
2022-09-01 12:55:00,6750,6750,6750,6750,0
2022-09-01 12:56:00,6750,6750,6750,6750,0
2022-09-01 12:57:00,6750,6750,6750,6750,0
2022-09-01 12:58:00,6750,6750,6750,6750,0
2022-09-01 12:59:00,6750,6750,6750,6750,0
2022-09-01 13:00:00,6750,6750,6750,6750,0
2022-09-01 13:01:00,6750,6750,6750,6750,0
2022-09-01 13:02:00,6750,6750,6750,6750,0
2022-09-01 13:03:00,6750,6750,6750,6750,0
2022-09-01 13:04:00,6750,6750,6750,6750,0
2022-09-01 13:05:00,6750,6750,6750,6750,0
2022-09-01 13:06:00,6750,6750,6750,6750,0
2022-09-01 13:07:00,6750,6750,6750,6750,0
2022-09-01 13:08:00,6750,6750,6750,6750,0
2022-09-01 13:09:00,6750,6750,6750,6750,0
2022-09-01 13:10:00,6750,6750,6750,6750,0
2022-09-01 13:11:00,6750,6750,6750,6750,0
2022-09-01 13:12:00,6750,6750,6750,6750,0
2022-09-01 13:13:00,6750,6750,6750,6750,0
2022-09-01 13:14:00,6750,6750,6750,6750,0
2022-09-01 13:15:00,6750,6750,6750,6750,0
2022-09-01 13:16:00,6750,6750,6750,6750,0
2022-09-01 13:17:00,6750,6750,6750,6750,0
2022-09-01 13:18:00,6750,6750,6750,6750,0
2022-09-01 13:19:00,6750,6750,6750,6750,0
2022-09-01 13:20:00,6750,6750,6750,6750,0
2022-09-01 13:21:00,6750,6750,6750,6750,0
2022-09-01 13:22:00,6750,6750,6750,6750,0
2022-09-01 13:23:00,6750,6750,6750,6750,0
2022-09-01 13:24:00,6750,6750,6750,6750,0
2022-09-01 13:25:00,6750,6750,6750,6750,0
2022-09-01 13:26:00,6750,6750,6750,6750,0
2022-09-01 13:27:00,6750,6750,6750,6750,0
2022-09-01 13:28:00,6750,6750,6750,6750,0
2022-09-01 13:29:00,6750,6750,6750,6750,0
2022-09-01 13:30:00,6750,6750,6775,6775,579500
2022-09-01 13:31:00,6750,6750,6775,6775,0
2022-09-01 13:32:00,6750,6750,6775,6775,0
2022-09-01 13:33:00,6775,6750,6775,6775,800
2022-09-01 13:34:00,6750,6750,6750,6750,100
2022-09-01 13:35:00,6750,6750,6775,6775,2300
2022-09-01 13:36:00,6750,6750,6775,6775,1900
2022-09-01 13:37:00,6750,6750,6775,6750,300
2022-09-01 13:38:00,6750,6750,6750,6750,200
2022-09-01 13:39:00,6750,6750,6775,6775,400
2022-09-01 13:40:00,6775,6750,6775,6750,1000
2022-09-01 13:41:00,6775,6775,6775,6775,8800
2022-09-01 13:42:00,6750,6750,6775,6775,400
2022-09-01 13:43:00,6750,6750,6750,6750,100
2022-09-01 13:44:00,6750,6750,6775,6775,1000
2022-09-01 13:45:00,6750,6750,6775,6750,3000
2022-09-01 13:46:00,6750,6750,6775,6775,3900
2022-09-01 13:47:00,6750,6750,6775,6775,0
2022-09-01 13:48:00,6750,6750,6750,6750,200
2022-09-01 13:49:00,6750,6750,6775,6775,33300
2022-09-01 13:50:00,6750,6750,6775,6775,0
2022-09-01 13:51:00,6750,6750,6775,6775,0
2022-09-01 13:52:00,6750,6750,6775,6775,400
2022-09-01 13:53:00,6750,6750,6775,6775,700
2022-09-01 13:54:00,6750,6750,6775,6775,0
2022-09-01 13:55:00,6750,6750,6750,6750,200
2022-09-01 13:56:00,6750,6750,6775,6750,11900
2022-09-01 13:57:00,6775,6750,6775,6775,600
2022-09-01 13:58:00,6775,6750,6775,6775,1800
2022-09-01 13:59:00,6775,6750,6775,6775,2700
2022-09-01 14:00:00,6775,6750,6775,6775,0
2022-09-01 14:01:00,6750,6750,6775,6775,1900
2022-09-01 14:02:00,6750,6750,6750,6750,0
2022-09-01 14:03:00,6750,6750,6775,6775,1300
2022-09-01 14:04:00,6750,6750,6775,6775,0
2022-09-01 14:05:00,6750,6750,6775,6775,0
2022-09-01 14:06:00,6750,6750,6750,6750,0
2022-09-01 14:07:00,6750,6750,6775,6775,25700
2022-09-01 14:08:00,6750,6750,6775,6775,10400
2022-09-01 14:09:00,6750,6750,6775,6775,0
2022-09-01 14:10:00,6750,6750,6775,6775,0
2022-09-01 14:11:00,6750,6750,6775,6775,0
2022-09-01 14:12:00,6750,6750,6775,6775,0
2022-09-01 14:13:00,6775,6775,6775,6775,700
2022-09-01 14:14:00,6750,6750,6775,6775,21000
2022-09-01 14:15:00,6775,6750,6775,6775,6500
2022-09-01 14:16:00,6775,6750,6775,6775,0
2022-09-01 14:17:00,6750,6750,6775,6775,103600
2022-09-01 14:18:00,6750,6750,6775,6775,0
2022-09-01 14:19:00,6750,6750,6775,6775,0
2022-09-01 14:20:00,6775,6750,6775,6750,1300
2022-09-01 14:21:00,6750,6750,6750,6750,4900
2022-09-01 14:22:00,6750,6750,6750,6750,1000
2022-09-01 14:23:00,6750,6750,6750,6750,1700
2022-09-01 14:24:00,6750,6750,6750,6750,3900
2022-09-01 14:25:00,6750,6750,6750,6750,0
2022-09-01 14:26:00,6750,6750,6750,6750,2400
2022-09-01 14:27:00,6750,6750,6750,6750,0
2022-09-01 14:28:00,6750,6750,6750,6750,0
2022-09-01 14:29:00,6775,6750,6775,6750,7700
2022-09-01 14:30:00,6775,6750,6775,6750,8200
2022-09-01 14:31:00,6775,6750,6775,6775,3900
2022-09-01 14:32:00,6750,6750,6775,6775,200
2022-09-01 14:33:00,6750,6750,6775,6775,18100
2022-09-01 14:34:00,6750,6750,6775,6775,1800
2022-09-01 14:35:00,6750,6750,6750,6750,2400
2022-09-01 14:36:00,6750,6750,6775,6775,2800
2022-09-01 14:37:00,6750,6750,6775,6775,3400
2022-09-01 14:38:00,6775,6750,6775,6750,9100
2022-09-01 14:39:00,6775,6750,6775,6775,2000
2022-09-01 14:40:00,6750,6725,6775,6725,190700
2022-09-01 14:41:00,6725,6725,6725,6725,5200
2022-09-01 14:42:00,6725,6725,6725,6725,15900
2022-09-01 14:43:00,6725,6725,6750,6750,14000
2022-09-01 14:44:00,6750,6725,6750,6725,24700
2022-09-01 14:45:00,6725,6725,6750,6750,92300
2022-09-01 14:46:00,6750,6750,6750,6750,19700
2022-09-01 14:47:00,6750,6750,6775,6775,0
2022-09-01 14:48:00,6775,6750,6775,6750,4500
2022-09-01 14:49:00,6775,6775,6775,6775,2800
2022-09-01 14:50:00,6775,6775,6775,6775,0
2022-09-01 14:51:00,6775,6775,6775,6775,0
2022-09-01 14:52:00,6775,6775,6775,6775,0
2022-09-01 14:53:00,6775,6775,6775,6775,0
2022-09-01 14:54:00,6775,6775,6775,6775,0
2022-09-01 14:55:00,6775,6775,6775,6775,0
2022-09-01 14:56:00,6775,6775,6775,6775,0
2022-09-01 14:57:00,6775,6775,6775,6775,0
2022-09-01 14:58:00,6775,6775,6775,6775,0
2022-09-01 14:59:00,6775,6775,6775,6775,0
2022-09-01 15:00:00,6775,6775,6775,6775,82000
2022-09-01 15:01:00,6775,6775,6775,6775,2400
2022-09-01 15:02:00,6775,6775,6775,6775,0
2022-09-01 15:03:00,6775,6775,6775,6775,0
2022-09-01 15:04:00,6775,6775,6775,6775,0
2022-09-01 15:05:00,6775,6775,6775,6775,0
2022-09-01 15:06:00,6775,6775,6775,6775,1400
2022-09-01 15:07:00,6775,6775,6775,6775,200
2022-09-01 15:08:00,6775,6775,6775,6775,0
2022-09-01 15:09:00,6775,6775,6775,6775,0
2022-09-01 15:10:00,6775,6775,6775,6775,300
2022-09-01 15:11:00,6775,6775,6775,6775,1355600
2022-09-01 15:12:00,6775,6775,6775,6775,0
2022-09-01 15:13:00,6775,6775,6775,6775,0
2022-09-01 15:14:00,6775,6775,6775,6775,0
2022-09-01 15:15:00,6775,6775,6775,6775,0
2022-09-01 15:16:00,6775,6775,6775,6775,0
2022-09-01 15:17:00,6775,6775,6775,6775,0
2022-09-01 15:18:00,6775,6775,6775,6775,0
2022-09-01 15:19:00,6775,6775,6775,6775,0
2022-09-01 15:20:00,6775,6775,6775,6775,0
2022-09-01 15:21:00,6775,6775,6775,6775,0
2022-09-01 15:22:00,6775,6775,6775,6775,0
2022-09-01 15:23:00,6775,6775,6775,6775,0
2022-09-01 15:24:00,6775,6775,6775,6775,0
2022-09-01 15:25:00,6775,6775,6775,6775,0
2022-09-01 15:26:00,6775,6775,6775,6775,0
2022-09-01 15:27:00,6775,6775,6775,6775,0
2022-09-01 15:28:00,6775,6775,6775,6775,0
2022-09-01 15:29:00,6775,6775,6775,6775,0
2022-09-01 15:30:00,6775,6775,6775,6775,0
2022-09-01 15:31:00,6775,6775,6775,6775,0
2022-09-01 15:32:00,6775,6775,6775,6775,0
2022-09-01 15:33:00,6775,6775,6775,6775,0
2022-09-01 15:34:00,6775,6775,6775,6775,0
2022-09-01 15:35:00,6775,6775,6775,6775,0
2022-09-01 15:36:00,6775,6775,6775,6775,0
2022-09-01 15:37:00,6775,6775,6775,6775,0
2022-09-01 15:38:00,6775,6775,6775,6775,0
2022-09-01 15:39:00,6775,6775,6775,6775,0
2022-09-01 15:40:00,6775,6775,6775,6775,0
2022-09-01 15:41:00,6775,6775,6775,6775,0
2022-09-01 15:42:00,6775,6775,6775,6775,0
2022-09-01 15:43:00,6775,6775,6775,6775,0
2022-09-01 15:44:00,6775,6775,6775,6775,0
2022-09-01 15:45:00,6775,6775,6775,6775,0
2022-09-01 15:46:00,6775,6775,6775,6775,0
2022-09-01 15:47:00,6775,6775,6775,6775,0
2022-09-01 15:48:00,6775,6775,6775,6775,0
2022-09-01 15:49:00,6775,6775,6775,6775,0
2022-09-01 15:50:00,6775,6775,6775,6775,0
2022-09-01 15:51:00,6775,6775,6775,6775,0
2022-09-01 15:52:00,6775,6775,6775,6775,0
2022-09-01 15:53:00,6775,6775,6775,6775,0
2022-09-01 15:54:00,6775,6775,6775,6775,0
2022-09-01 15:55:00,6775,6775,6775,6775,0
2022-09-01 15:56:00,6775,6775,6775,6775,0
2022-09-01 15:57:00,6775,6775,6775,6775,0
2022-09-01 15:58:00,6775,6775,6775,6775,0
2022-09-01 15:59:00,6775,6775,6775,6775,0
2022-09-02 09:00:00,6800,6775,6850,6775,0
2022-09-02 09:01:00,6775,6775,6800,6800,22900
2022-09-02 09:02:00,6775,6775,6775,6775,0
2022-09-02 09:03:00,6775,6775,6775,6775,127300
2022-09-02 09:04:00,6775,6775,6775,6775,0
2022-09-02 09:05:00,6800,6775,6800,6775,10100
2022-09-02 09:06:00,6775,6775,6775,6775,9500
2022-09-02 09:07:00,6775,6775,6800,6775,0
2022-09-02 09:08:00,6800,6775,6800,6775,500
2022-09-02 09:09:00,6800,6775,6800,6775,0
2022-09-02 09:10:00,6800,6800,6800,6800,109900
2022-09-02 09:11:00,6800,6800,6800,6800,11500
2022-09-02 09:12:00,6775,6775,6800,6800,100
2022-09-02 09:13:00,6800,6800,6800,6800,18900
2022-09-02 09:14:00,6825,6800,6825,6825,154000
2022-09-02 09:15:00,6850,6825,6850,6825,18300
2022-09-02 09:16:00,6825,6825,6850,6825,22500
2022-09-02 09:17:00,6825,6825,6825,6825,34100
2022-09-02 09:18:00,6850,6825,6850,6850,4000
2022-09-02 09:19:00,6825,6825,6850,6850,42800
2022-09-02 09:20:00,6850,6850,6850,6850,21700
2022-09-02 09:21:00,6850,6825,6850,6825,9600
2022-09-02 09:22:00,6825,6825,6925,6925,1014700
2022-09-02 09:23:00,6900,6900,6975,6975,216000
2022-09-02 09:24:00,6975,6925,6975,6950,130700
2022-09-02 09:25:00,6950,6925,6950,6925,8500
2022-09-02 09:26:00,6950,6925,6950,6925,16300
2022-09-02 09:27:00,6950,6925,6950,6925,3600
2022-09-02 09:28:00,6925,6925,6925,6925,52200
2022-09-02 09:29:00,6925,6925,6950,6950,87400
2022-09-02 09:30:00,6925,6925,6950,6925,9700
2022-09-02 09:31:00,6925,6925,6950,6925,13800
2022-09-02 09:32:00,6925,6925,6950,6950,18500
2022-09-02 09:33:00,6925,6925,6950,6950,18000
2022-09-02 09:34:00,6950,6925,6950,6925,32500
2022-09-02 09:35:00,6925,6925,6950,6925,12300
2022-09-02 09:36:00,6925,6925,6950,6950,31500
2022-09-02 09:37:00,6925,6925,6950,6950,2800
2022-09-02 09:38:00,6925,6925,6950,6925,4800
2022-09-02 09:39:00,6925,6925,6925,6925,3200
2022-09-02 09:40:00,6925,6925,6950,6925,4500
2022-09-02 09:41:00,6925,6925,6925,6925,2400
2022-09-02 09:42:00,6925,6925,6950,6950,17100
2022-09-02 09:43:00,6925,6925,6925,6925,0
2022-09-02 09:44:00,6950,6925,6950,6950,50900
2022-09-02 09:45:00,6925,6925,6950,6950,10400
2022-09-02 09:46:00,6925,6925,6975,6975,202700
2022-09-02 09:47:00,6950,6950,7000,6975,519900
2022-09-02 09:48:00,7000,6975,7025,7025,236400
2022-09-02 09:49:00,7000,7000,7050,7025,165400
2022-09-02 09:50:00,7025,7025,7075,7050,264400
2022-09-02 09:51:00,7050,7025,7075,7075,93700
2022-09-02 09:52:00,7075,7000,7075,7000,399100
2022-09-02 09:53:00,7000,6975,7000,6975,61500
2022-09-02 09:54:00,6975,6975,7000,7000,110300
2022-09-02 09:55:00,7000,6975,7025,7000,108300
2022-09-02 09:56:00,7000,7000,7000,7000,96800
2022-09-02 09:57:00,7000,7000,7000,7000,85600
2022-09-02 09:58:00,7000,6975,7000,7000,116200
2022-09-02 09:59:00,6975,6975,7000,7000,45800
2022-09-02 10:00:00,7000,6975,7025,7000,211800
2022-09-02 10:01:00,7000,6975,7000,7000,151600
2022-09-02 10:02:00,6975,6975,7000,7000,78600
2022-09-02 10:03:00,7000,6975,7000,7000,126000
2022-09-02 10:04:00,7000,6975,7025,7025,329200
2022-09-02 10:05:00,7025,7025,7050,7050,216100
2022-09-02 10:06:00,7050,7050,7075,7050,99400
2022-09-02 10:07:00,7075,7050,7075,7075,337900
2022-09-02 10:08:00,7100,7050,7100,7050,207400
2022-09-02 10:09:00,7050,7050,7075,7075,11800
2022-09-02 10:10:00,7075,7050,7075,7075,12700
2022-09-02 10:11:00,7075,7075,7075,7075,41200
2022-09-02 10:12:00,7075,7050,7075,7075,194900
2022-09-02 10:13:00,7075,7075,7100,7100,3900
2022-09-02 10:14:00,7100,7075,7125,7100,543700
2022-09-02 10:15:00,7100,7100,7125,7100,28000
2022-09-02 10:16:00,7100,7100,7125,7100,163200
2022-09-02 10:17:00,7075,7075,7125,7100,126100
2022-09-02 10:18:00,7100,7100,7125,7100,120200
2022-09-02 10:19:00,7100,7100,7125,7100,46900
2022-09-02 10:20:00,7100,7075,7100,7075,70800
2022-09-02 10:21:00,7075,7075,7100,7100,25000
2022-09-02 10:22:00,7100,7100,7125,7125,162800
2022-09-02 10:23:00,7100,7100,7125,7125,223200
2022-09-02 10:24:00,7125,7100,7150,7150,128200
2022-09-02 10:25:00,7125,7125,7125,7125,66200
2022-09-02 10:26:00,7125,7125,7150,7125,73400
2022-09-02 10:27:00,7125,7100,7125,7100,103300
2022-09-02 10:28:00,7100,7100,7100,7100,0
2022-09-02 10:29:00,7075,7075,7075,7075,78800
2022-09-02 10:30:00,7075,7075,7100,7100,5200
2022-09-02 10:31:00,7075,7075,7100,7100,197700
2022-09-02 10:32:00,7100,7100,7125,7100,54600
2022-09-02 10:33:00,7125,7100,7125,7100,3900
2022-09-02 10:34:00,7100,7100,7100,7100,5400
2022-09-02 10:35:00,7100,7100,7125,7125,1600
2022-09-02 10:36:00,7100,7100,7125,7125,21200
2022-09-02 10:37:00,7125,7100,7125,7100,11300
2022-09-02 10:38:00,7100,7100,7100,7100,7700
2022-09-02 10:39:00,7100,7100,7100,7100,4100
2022-09-02 10:40:00,7100,7100,7100,7100,64400
2022-09-02 10:41:00,7100,7100,7100,7100,1800
2022-09-02 10:42:00,7100,7100,7125,7125,600
2022-09-02 10:43:00,7100,7100,7125,7125,6000
2022-09-02 10:44:00,7125,7100,7125,7100,7500
2022-09-02 10:45:00,7100,7100,7125,7100,13700
2022-09-02 10:46:00,7100,7100,7125,7125,0
2022-09-02 10:47:00,7100,7100,7125,7100,28500
2022-09-02 10:48:00,7100,7100,7100,7100,56900
2022-09-02 10:49:00,7100,7100,7125,7125,61000
2022-09-02 10:50:00,7125,7100,7125,7100,19100
2022-09-02 10:51:00,7100,7100,7125,7125,13600
2022-09-02 10:52:00,7125,7100,7125,7125,44100
2022-09-02 10:53:00,7125,7100,7125,7100,22200
2022-09-02 10:54:00,7125,7100,7125,7100,11500
2022-09-02 10:55:00,7100,7100,7125,7125,10000
2022-09-02 10:56:00,7125,7100,7125,7100,3000
2022-09-02 10:57:00,7125,7100,7125,7125,14100
2022-09-02 10:58:00,7100,7100,7125,7125,9300
2022-09-02 10:59:00,7125,7100,7125,7100,2500
2022-09-02 11:00:00,7100,7100,7125,7125,23500
2022-09-02 11:01:00,7125,7100,7125,7100,16900
2022-09-02 11:02:00,7100,7100,7125,7125,1800
2022-09-02 11:03:00,7125,7125,7125,7125,1300
2022-09-02 11:04:00,7125,7125,7125,7125,200
2022-09-02 11:05:00,7100,7100,7125,7125,5900
2022-09-02 11:06:00,7100,7100,7125,7100,3500
2022-09-02 11:07:00,7125,7100,7125,7100,1900
2022-09-02 11:08:00,7100,7100,7100,7100,7500
2022-09-02 11:09:00,7100,7100,7125,7100,5600
2022-09-02 11:10:00,7100,7100,7125,7100,25600
2022-09-02 11:11:00,7100,7100,7100,7100,57800
2022-09-02 11:12:00,7100,7100,7125,7100,48100
2022-09-02 11:13:00,7100,7100,7125,7100,13600
2022-09-02 11:14:00,7100,7100,7100,7100,31700
2022-09-02 11:15:00,7100,7100,7100,7100,0
2022-09-02 11:16:00,7125,7100,7125,7100,27800
2022-09-02 11:17:00,7125,7100,7125,7100,0
2022-09-02 11:18:00,7100,7100,7125,7125,0
2022-09-02 11:19:00,7125,7100,7125,7125,27000
2022-09-02 11:20:00,7125,7100,7125,7125,74300
2022-09-02 11:21:00,7125,7100,7125,7100,0
2022-09-02 11:22:00,7100,7100,7125,7125,100
2022-09-02 11:23:00,7125,7125,7125,7125,337200
2022-09-02 11:24:00,7125,7125,7150,7125,140700
2022-09-02 11:25:00,7125,7125,7125,7125,30600
2022-09-02 11:26:00,7150,7125,7150,7150,6100
2022-09-02 11:27:00,7150,7100,7150,7125,90400
2022-09-02 11:28:00,7125,7125,7125,7125,0
2022-09-02 11:29:00,7125,7100,7125,7100,52300
2022-09-02 11:30:00,7125,7100,7125,7100,0
2022-09-02 11:31:00,7125,7100,7125,7100,0
2022-09-02 11:32:00,7125,7100,7125,7100,0
2022-09-02 11:33:00,7125,7100,7125,7100,0
2022-09-02 11:34:00,7125,7100,7125,7100,0
2022-09-02 11:35:00,7125,7100,7125,7100,0
2022-09-02 11:36:00,7125,7100,7125,7100,0
2022-09-02 11:37:00,7125,7100,7125,7100,0
2022-09-02 11:38:00,7125,7100,7125,7100,0
2022-09-02 11:39:00,7125,7100,7125,7100,0
2022-09-02 11:40:00,7125,7100,7125,7100,0
2022-09-02 11:41:00,7125,7100,7125,7100,0
2022-09-02 11:42:00,7125,7100,7125,7100,0
2022-09-02 11:43:00,7125,7100,7125,7100,0
2022-09-02 11:44:00,7125,7100,7125,7100,0
2022-09-02 11:45:00,7125,7100,7125,7100,0
2022-09-02 11:46:00,7125,7100,7125,7100,0
2022-09-02 11:47:00,7125,7100,7125,7100,0
2022-09-02 11:48:00,7125,7100,7125,7100,0
2022-09-02 11:49:00,7125,7100,7125,7100,0
2022-09-02 11:50:00,7125,7100,7125,7100,0
2022-09-02 11:51:00,7125,7100,7125,7100,0
2022-09-02 11:52:00,7125,7100,7125,7100,0
2022-09-02 11:53:00,7125,7100,7125,7100,0
2022-09-02 11:54:00,7125,7100,7125,7100,0
2022-09-02 11:55:00,7125,7100,7125,7100,0
2022-09-02 11:56:00,7125,7100,7125,7100,0
2022-09-02 11:57:00,7125,7100,7125,7100,0
2022-09-02 11:58:00,7125,7100,7125,7100,0
2022-09-02 11:59:00,7125,7100,7125,7100,0
2022-09-02 12:00:00,7125,7100,7125,7100,0
2022-09-02 12:01:00,7125,7100,7125,7100,0
2022-09-02 12:02:00,7125,7100,7125,7100,0
2022-09-02 12:03:00,7125,7100,7125,7100,0
2022-09-02 12:04:00,7125,7100,7125,7100,0
2022-09-02 12:05:00,7125,7100,7125,7100,0
2022-09-02 12:06:00,7125,7100,7125,7100,0
2022-09-02 12:07:00,7125,7100,7125,7100,0
2022-09-02 12:08:00,7125,7100,7125,7100,0
2022-09-02 12:09:00,7125,7100,7125,7100,0
2022-09-02 12:10:00,7125,7100,7125,7100,0
2022-09-02 12:11:00,7125,7100,7125,7100,0
2022-09-02 12:12:00,7125,7100,7125,7100,0
2022-09-02 12:13:00,7125,7100,7125,7100,0
2022-09-02 12:14:00,7125,7100,7125,7100,0
2022-09-02 12:15:00,7125,7100,7125,7100,0
2022-09-02 12:16:00,7125,7100,7125,7100,0
2022-09-02 12:17:00,7125,7100,7125,7100,0
2022-09-02 12:18:00,7125,7100,7125,7100,0
2022-09-02 12:19:00,7125,7100,7125,7100,0
2022-09-02 12:20:00,7125,7100,7125,7100,0
2022-09-02 12:21:00,7125,7100,7125,7100,0
2022-09-02 12:22:00,7125,7100,7125,7100,0
2022-09-02 12:23:00,7125,7100,7125,7100,0
2022-09-02 12:24:00,7125,7100,7125,7100,0
2022-09-02 12:25:00,7125,7100,7125,7100,0
2022-09-02 12:26:00,7125,7100,7125,7100,0
2022-09-02 12:27:00,7125,7100,7125,7100,0
2022-09-02 12:28:00,7125,7100,7125,7100,0
2022-09-02 12:29:00,7125,7100,7125,7100,0
2022-09-02 12:30:00,7125,7100,7125,7100,0
2022-09-02 12:31:00,7125,7100,7125,7100,0
2022-09-02 12:32:00,7125,7100,7125,7100,0
2022-09-02 12:33:00,7125,7100,7125,7100,0
2022-09-02 12:34:00,7125,7100,7125,7100,0
2022-09-02 12:35:00,7125,7100,7125,7100,0
2022-09-02 12:36:00,7125,7100,7125,7100,0
2022-09-02 12:37:00,7125,7100,7125,7100,0
2022-09-02 12:38:00,7125,7100,7125,7100,0
2022-09-02 12:39:00,7125,7100,7125,7100,0
2022-09-02 12:40:00,7125,7100,7125,7100,0
2022-09-02 12:41:00,7125,7100,7125,7100,0
2022-09-02 12:42:00,7125,7100,7125,7100,0
2022-09-02 12:43:00,7125,7100,7125,7100,0
2022-09-02 12:44:00,7125,7100,7125,7100,0
2022-09-02 12:45:00,7125,7100,7125,7100,0
2022-09-02 12:46:00,7125,7100,7125,7100,0
2022-09-02 12:47:00,7125,7100,7125,7100,0
2022-09-02 12:48:00,7125,7100,7125,7100,0
2022-09-02 12:49:00,7125,7100,7125,7100,0
2022-09-02 12:50:00,7125,7100,7125,7100,0
2022-09-02 12:51:00,7125,7100,7125,7100,0
2022-09-02 12:52:00,7125,7100,7125,7100,0
2022-09-02 12:53:00,7125,7100,7125,7100,0
2022-09-02 12:54:00,7125,7100,7125,7100,0
2022-09-02 12:55:00,7125,7100,7125,7100,0
2022-09-02 12:56:00,7125,7100,7125,7100,0
2022-09-02 12:57:00,7125,7100,7125,7100,0
2022-09-02 12:58:00,7125,7100,7125,7100,0
2022-09-02 12:59:00,7125,7100,7125,7100,0
2022-09-02 13:00:00,7125,7100,7125,7100,0
2022-09-02 13:01:00,7125,7100,7125,7100,0
2022-09-02 13:02:00,7125,7100,7125,7100,0
2022-09-02 13:03:00,7125,7100,7125,7100,0
2022-09-02 13:04:00,7125,7100,7125,7100,0
2022-09-02 13:05:00,7125,7100,7125,7100,0
2022-09-02 13:06:00,7125,7100,7125,7100,0
2022-09-02 13:07:00,7125,7100,7125,7100,0
2022-09-02 13:08:00,7125,7100,7125,7100,0
2022-09-02 13:09:00,7125,7100,7125,7100,0
2022-09-02 13:10:00,7125,7100,7125,7100,0
2022-09-02 13:11:00,7125,7100,7125,7100,0
2022-09-02 13:12:00,7125,7100,7125,7100,0
2022-09-02 13:13:00,7125,7100,7125,7100,0
2022-09-02 13:14:00,7125,7100,7125,7100,0
2022-09-02 13:15:00,7125,7100,7125,7100,0
2022-09-02 13:16:00,7125,7100,7125,7100,0
2022-09-02 13:17:00,7125,7100,7125,7100,0
2022-09-02 13:18:00,7125,7100,7125,7100,0
2022-09-02 13:19:00,7125,7100,7125,7100,0
2022-09-02 13:20:00,7125,7100,7125,7100,0
2022-09-02 13:21:00,7125,7100,7125,7100,0
2022-09-02 13:22:00,7125,7100,7125,7100,0
2022-09-02 13:23:00,7125,7100,7125,7100,0
2022-09-02 13:24:00,7125,7100,7125,7100,0
2022-09-02 13:25:00,7125,7100,7125,7100,0
2022-09-02 13:26:00,7125,7100,7125,7100,0
2022-09-02 13:27:00,7125,7100,7125,7100,0
2022-09-02 13:28:00,7125,7100,7125,7100,0
2022-09-02 13:29:00,7125,7100,7125,7100,0
2022-09-02 13:30:00,7100,7100,7125,7100,220400
2022-09-02 13:31:00,7100,7100,7125,7100,2500
2022-09-02 13:32:00,7125,7125,7125,7125,12300
2022-09-02 13:33:00,7125,7125,7125,7125,4400
2022-09-02 13:34:00,7125,7100,7125,7100,225300
2022-09-02 13:35:00,7100,7075,7100,7075,28200
2022-09-02 13:36:00,7100,7075,7100,7100,37000
2022-09-02 13:37:00,7100,7075,7125,7075,354600
2022-09-02 13:38:00,7100,7075,7100,7075,20300
2022-09-02 13:39:00,7075,7050,7075,7050,2400
2022-09-02 13:40:00,7075,7050,7075,7050,4900
2022-09-02 13:41:00,7075,7050,7075,7075,60100
2022-09-02 13:42:00,7050,7050,7075,7050,17600
2022-09-02 13:43:00,7050,7050,7050,7050,2500
2022-09-02 13:44:00,7075,7075,7075,7075,0
2022-09-02 13:45:00,7075,7050,7075,7050,700
2022-09-02 13:46:00,7050,7050,7075,7050,17000
2022-09-02 13:47:00,7050,7050,7075,7075,38300
2022-09-02 13:48:00,7075,7050,7075,7050,57700
2022-09-02 13:49:00,7075,7050,7075,7050,13000
2022-09-02 13:50:00,7075,7050,7075,7050,30800
2022-09-02 13:51:00,7075,7075,7075,7075,500
2022-09-02 13:52:00,7050,7050,7075,7075,43500
2022-09-02 13:53:00,7075,7075,7075,7075,2000
2022-09-02 13:54:00,7075,7075,7100,7075,78300
2022-09-02 13:55:00,7100,7075,7100,7100,21000
2022-09-02 13:56:00,7075,7075,7100,7100,2200
2022-09-02 13:57:00,7100,7100,7100,7100,1800
2022-09-02 13:58:00,7100,7075,7100,7075,1200
2022-09-02 13:59:00,7075,7075,7075,7075,21000
2022-09-02 14:00:00,7100,7075,7100,7075,3500
2022-09-02 14:01:00,7075,7075,7075,7075,0
2022-09-02 14:02:00,7075,7075,7100,7075,1700
2022-09-02 14:03:00,7075,7075,7075,7075,10100
2022-09-02 14:04:00,7075,7075,7100,7100,23400
2022-09-02 14:05:00,7100,7075,7100,7100,3100
2022-09-02 14:06:00,7100,7100,7100,7100,200
2022-09-02 14:07:00,7100,7075,7100,7100,7100
2022-09-02 14:08:00,7100,7075,7100,7100,24900
2022-09-02 14:09:00,7075,7075,7100,7100,8200
2022-09-02 14:10:00,7075,7075,7100,7100,700
2022-09-02 14:11:00,7100,7075,7100,7100,14500
2022-09-02 14:12:00,7100,7100,7100,7100,4100
2022-09-02 14:13:00,7100,7100,7100,7100,0
2022-09-02 14:14:00,7100,7075,7100,7100,7800
2022-09-02 14:15:00,7100,7075,7100,7100,11200
2022-09-02 14:16:00,7100,7075,7100,7075,5300
2022-09-02 14:17:00,7075,7075,7075,7075,9200
2022-09-02 14:18:00,7075,7075,7075,7075,329000
2022-09-02 14:19:00,7075,7075,7075,7075,6100
2022-09-02 14:20:00,7075,7075,7075,7075,26800
2022-09-02 14:21:00,7075,7075,7100,7075,21500
2022-09-02 14:22:00,7075,7075,7075,7075,17700
2022-09-02 14:23:00,7075,7075,7075,7075,9000
2022-09-02 14:24:00,7075,7075,7100,7100,7400
2022-09-02 14:25:00,7075,7075,7075,7075,56200
2022-09-02 14:26:00,7075,7075,7075,7075,54000
2022-09-02 14:27:00,7075,7075,7100,7100,4700
2022-09-02 14:28:00,7075,7075,7075,7075,10300
2022-09-02 14:29:00,7075,7075,7100,7075,35800
2022-09-02 14:30:00,7075,7075,7100,7075,248900
2022-09-02 14:31:00,7100,7075,7100,7100,17500
2022-09-02 14:32:00,7075,7075,7100,7100,85100
2022-09-02 14:33:00,7100,7100,7125,7100,12900
2022-09-02 14:34:00,7100,7100,7125,7125,19500
2022-09-02 14:35:00,7100,7100,7125,7125,7900
2022-09-02 14:36:00,7125,7125,7125,7125,5100
2022-09-02 14:37:00,7100,7100,7125,7125,300
2022-09-02 14:38:00,7125,7100,7125,7100,5100
2022-09-02 14:39:00,7100,7100,7100,7100,43300
2022-09-02 14:40:00,7100,7100,7125,7100,2400
2022-09-02 14:41:00,7100,7100,7125,7100,34100
2022-09-02 14:42:00,7100,7100,7125,7100,12200
2022-09-02 14:43:00,7100,7100,7125,7100,22300
2022-09-02 14:44:00,7100,7100,7125,7100,900
2022-09-02 14:45:00,7125,7100,7125,7100,87600
2022-09-02 14:46:00,7125,7100,7125,7100,20500
2022-09-02 14:47:00,7125,7125,7125,7125,69000
2022-09-02 14:48:00,7100,7100,7125,7125,25400
2022-09-02 14:49:00,7125,7100,7125,7125,129200
2022-09-02 14:50:00,7125,7100,7125,7125,0
2022-09-02 14:51:00,7125,7100,7125,7125,0
2022-09-02 14:52:00,7125,7100,7125,7125,0
2022-09-02 14:53:00,7125,7100,7125,7125,0
2022-09-02 14:54:00,7125,7100,7125,7125,0
2022-09-02 14:55:00,7125,7100,7125,7125,0
2022-09-02 14:56:00,7125,7100,7125,7125,0
2022-09-02 14:57:00,7125,7100,7125,7125,0
2022-09-02 14:58:00,7125,7100,7125,7125,0
2022-09-02 14:59:00,7125,7100,7125,7125,0
2022-09-02 15:00:00,7125,7125,7125,7125,392700
2022-09-02 15:01:00,7125,7125,7125,7125,442100
2022-09-02 15:02:00,7125,7125,7125,7125,104100
2022-09-02 15:03:00,7125,7125,7125,7125,7900
2022-09-02 15:04:00,7125,7125,7125,7125,4500
2022-09-02 15:05:00,7125,7125,7125,7125,0
2022-09-02 15:06:00,7125,7125,7125,7125,8400
2022-09-02 15:07:00,7125,7125,7125,7125,3800
2022-09-02 15:08:00,7125,7125,7125,7125,12400
2022-09-02 15:09:00,7125,7125,7125,7125,0
2022-09-02 15:10:00,7125,7125,7125,7125,2500
2022-09-02 15:11:00,7125,7125,7125,7125,0
2022-09-02 15:12:00,7125,7125,7125,7125,3900
2022-09-02 15:13:00,7125,7125,7125,7125,1000
2022-09-02 15:14:00,7125,7125,7125,7125,1000
2022-09-02 15:15:00,7125,7125,7125,7125,0
2022-09-02 15:16:00,7125,7125,7125,7125,0
2022-09-02 15:17:00,7125,7125,7125,7125,0
2022-09-02 15:18:00,7125,7125,7125,7125,0
2022-09-02 15:19:00,7125,7125,7125,7125,0
2022-09-02 15:20:00,7125,7125,7125,7125,0
2022-09-02 15:21:00,7125,7125,7125,7125,0
2022-09-02 15:22:00,7125,7125,7125,7125,0
2022-09-02 15:23:00,7125,7125,7125,7125,0
2022-09-02 15:24:00,7125,7125,7125,7125,0
2022-09-02 15:25:00,7125,7125,7125,7125,0
2022-09-02 15:26:00,7125,7125,7125,7125,0
2022-09-02 15:27:00,7125,7125,7125,7125,0
2022-09-02 15:28:00,7125,7125,7125,7125,0
2022-09-02 15:29:00,7125,7125,7125,7125,0
2022-09-02 15:30:00,7125,7125,7125,7125,0
2022-09-02 15:31:00,7125,7125,7125,7125,0
2022-09-02 15:32:00,7125,7125,7125,7125,0
2022-09-02 15:33:00,7125,7125,7125,7125,0
2022-09-02 15:34:00,7125,7125,7125,7125,0
2022-09-02 15:35:00,7125,7125,7125,7125,0
2022-09-02 15:36:00,7125,7125,7125,7125,0
2022-09-02 15:37:00,7125,7125,7125,7125,0
2022-09-02 15:38:00,7125,7125,7125,7125,0
2022-09-02 15:39:00,7125,7125,7125,7125,0
2022-09-02 15:40:00,7125,7125,7125,7125,0
2022-09-02 15:41:00,7125,7125,7125,7125,0
2022-09-02 15:42:00,7125,7125,7125,7125,0
2022-09-02 15:43:00,7125,7125,7125,7125,0
2022-09-02 15:44:00,7125,7125,7125,7125,0
2022-09-02 15:45:00,7125,7125,7125,7125,0
2022-09-02 15:46:00,7125,7125,7125,7125,0
2022-09-02 15:47:00,7125,7125,7125,7125,0
2022-09-02 15:48:00,7125,7125,7125,7125,0
2022-09-02 15:49:00,7125,7125,7125,7125,0
2022-09-02 15:50:00,7125,7125,7125,7125,0
2022-09-02 15:51:00,7125,7125,7125,7125,0
2022-09-02 15:52:00,7125,7125,7125,7125,0
2022-09-02 15:53:00,7125,7125,7125,7125,0
2022-09-02 15:54:00,7125,7125,7125,7125,0
2022-09-02 15:55:00,7125,7125,7125,7125,0
2022-09-02 15:56:00,7125,7125,7125,7125,0
2022-09-02 15:57:00,7125,7125,7125,7125,0
2022-09-02 15:58:00,7125,7125,7125,7125,0
2022-09-02 15:59:00,7125,7125,7125,7125,0
2022-09-05 09:00:00,7125,7025,7175,7025,0
2022-09-05 09:01:00,7025,7000,7075,7075,123600
2022-09-05 09:02:00,7075,7025,7075,7050,24900
2022-09-05 09:03:00,7050,7050,7050,7050,35100
2022-09-05 09:04:00,7050,7025,7050,7050,27800
2022-09-05 09:05:00,7050,7025,7050,7050,74600
2022-09-05 09:06:00,7050,7050,7100,7050,12400
2022-09-05 09:07:00,7100,7050,7100,7075,10100
2022-09-05 09:08:00,7075,7050,7075,7050,35900
2022-09-05 09:09:00,7050,7025,7050,7050,111300
2022-09-05 09:10:00,7075,7075,7075,7075,0
2022-09-05 09:11:00,7100,7075,7125,7125,10700
2022-09-05 09:12:00,7125,7100,7125,7125,139300
2022-09-05 09:13:00,7125,7125,7125,7125,115900
2022-09-05 09:14:00,7125,7100,7125,7125,59500
2022-09-05 09:15:00,7100,7075,7100,7100,59900
2022-09-05 09:16:00,7100,7100,7125,7100,31600
2022-09-05 09:17:00,7100,7100,7125,7100,82500
2022-09-05 09:18:00,7100,7100,7100,7100,14100
2022-09-05 09:19:00,7100,7100,7125,7100,30400
2022-09-05 09:20:00,7100,7100,7100,7100,16900
2022-09-05 09:21:00,7100,7100,7100,7100,13700
2022-09-05 09:22:00,7100,7100,7125,7125,52400
2022-09-05 09:23:00,7100,7100,7100,7100,14800
2022-09-05 09:24:00,7100,7100,7100,7100,0
2022-09-05 09:25:00,7125,7125,7125,7125,9600
2022-09-05 09:26:00,7125,7125,7125,7125,18200
2022-09-05 09:27:00,7150,7125,7150,7125,28100
2022-09-05 09:28:00,7150,7125,7150,7125,19700
2022-09-05 09:29:00,7125,7100,7125,7100,9600
2022-09-05 09:30:00,7125,7125,7125,7125,14400
2022-09-05 09:31:00,7100,7100,7100,7100,5500
2022-09-05 09:32:00,7100,7100,7125,7100,6800
2022-09-05 09:33:00,7100,7100,7100,7100,2000
2022-09-05 09:34:00,7100,7100,7125,7100,82800
2022-09-05 09:35:00,7100,7100,7100,7100,2300
2022-09-05 09:36:00,7100,7075,7100,7075,56100
2022-09-05 09:37:00,7075,7075,7075,7075,6400
2022-09-05 09:38:00,7075,7075,7100,7075,11500
2022-09-05 09:39:00,7075,7075,7075,7075,6200
2022-09-05 09:40:00,7075,7050,7075,7050,3900
2022-09-05 09:41:00,7050,7050,7050,7050,1000
2022-09-05 09:42:00,7050,7050,7075,7075,1600
2022-09-05 09:43:00,7075,7050,7075,7050,2300
2022-09-05 09:44:00,7050,7050,7075,7075,18500
2022-09-05 09:45:00,7075,7075,7075,7075,2300
2022-09-05 09:46:00,7075,7050,7075,7050,6200
2022-09-05 09:47:00,7050,7050,7050,7050,14200
2022-09-05 09:48:00,7050,7050,7050,7050,0
2022-09-05 09:49:00,7050,7050,7050,7050,0
2022-09-05 09:50:00,7075,7050,7075,7050,112900
2022-09-05 09:51:00,7050,7050,7050,7050,5900
2022-09-05 09:52:00,7050,7050,7050,7050,22000
2022-09-05 09:53:00,7025,7025,7050,7050,21700
2022-09-05 09:54:00,7025,7025,7075,7075,10900
2022-09-05 09:55:00,7050,7050,7075,7075,12400
2022-09-05 09:56:00,7050,7050,7050,7050,200
2022-09-05 09:57:00,7050,7050,7075,7075,32300
2022-09-05 09:58:00,7075,7050,7075,7050,9000
2022-09-05 09:59:00,7075,7050,7075,7050,0
2022-09-05 10:00:00,7050,7050,7050,7050,0
2022-09-05 10:01:00,7075,7075,7075,7075,1100
2022-09-05 10:02:00,7075,7050,7075,7075,2000
2022-09-05 10:03:00,7050,7050,7050,7050,0
2022-09-05 10:04:00,7050,7050,7050,7050,200
2022-09-05 10:05:00,7075,7075,7075,7075,1300
2022-09-05 10:06:00,7050,7050,7050,7050,15400
2022-09-05 10:07:00,7050,7050,7050,7050,0
2022-09-05 10:08:00,7050,7050,7075,7075,2600
2022-09-05 10:09:00,7050,7025,7050,7050,44100
2022-09-05 10:10:00,7050,7050,7075,7050,45100
2022-09-05 10:11:00,7075,7050,7075,7050,600
2022-09-05 10:12:00,7075,7050,7075,7075,27800
2022-09-05 10:13:00,7075,7050,7100,7100,39200
2022-09-05 10:14:00,7075,7075,7075,7075,2600
2022-09-05 10:15:00,7075,7075,7075,7075,0
2022-09-05 10:16:00,7075,7075,7100,7100,9000
2022-09-05 10:17:00,7075,7075,7100,7100,0
2022-09-05 10:18:00,7075,7075,7100,7100,100
2022-09-05 10:19:00,7075,7075,7100,7100,0
2022-09-05 10:20:00,7100,7075,7100,7075,3800
2022-09-05 10:21:00,7075,7075,7075,7075,2100
2022-09-05 10:22:00,7075,7075,7075,7075,12700
2022-09-05 10:23:00,7075,7075,7100,7075,1600
2022-09-05 10:24:00,7075,7075,7075,7075,8700
2022-09-05 10:25:00,7050,7050,7050,7050,0
2022-09-05 10:26:00,7050,7050,7050,7050,2200
2022-09-05 10:27:00,7050,7050,7075,7075,45600
2022-09-05 10:28:00,7050,7050,7075,7075,0
2022-09-05 10:29:00,7050,7050,7050,7050,0
2022-09-05 10:30:00,7050,7050,7050,7050,1200
2022-09-05 10:31:00,7075,7075,7075,7075,8900
2022-09-05 10:32:00,7075,7075,7075,7075,0
2022-09-05 10:33:00,7075,7075,7075,7075,24700
2022-09-05 10:34:00,7075,7075,7075,7075,900
2022-09-05 10:35:00,7075,7075,7075,7075,100
2022-09-05 10:36:00,7050,7025,7050,7025,56200
2022-09-05 10:37:00,7025,7025,7050,7050,57400
2022-09-05 10:38:00,7025,7025,7050,7025,0
2022-09-05 10:39:00,7050,7050,7050,7050,100
2022-09-05 10:40:00,7050,7050,7050,7050,8000
2022-09-05 10:41:00,7050,7050,7050,7050,0
2022-09-05 10:42:00,7050,7050,7050,7050,600
2022-09-05 10:43:00,7050,7025,7050,7050,3900
2022-09-05 10:44:00,7050,7050,7050,7050,8300
2022-09-05 10:45:00,7050,7025,7050,7025,100
2022-09-05 10:46:00,7050,7050,7050,7050,1300
2022-09-05 10:47:00,7050,7025,7050,7025,6900
2022-09-05 10:48:00,7050,7025,7050,7025,0
2022-09-05 10:49:00,7025,7025,7050,7050,13200
2022-09-05 10:50:00,7025,7025,7025,7025,4200
2022-09-05 10:51:00,7025,7025,7025,7025,0
2022-09-05 10:52:00,7025,7025,7025,7025,4400
2022-09-05 10:53:00,7025,7025,7050,7050,6600
2022-09-05 10:54:00,7025,7025,7025,7025,1900
2022-09-05 10:55:00,7025,7025,7050,7025,32100
2022-09-05 10:56:00,7025,7025,7025,7025,500
2022-09-05 10:57:00,7025,7025,7025,7025,172500
2022-09-05 10:58:00,7000,7000,7025,7025,30200
2022-09-05 10:59:00,7025,7025,7025,7025,11900
2022-09-05 11:00:00,7025,7025,7050,7050,2500
2022-09-05 11:01:00,7025,7025,7050,7050,0
2022-09-05 11:02:00,7050,7050,7050,7050,100
2022-09-05 11:03:00,7025,7025,7025,7025,1200
2022-09-05 11:04:00,7025,7025,7025,7025,0
2022-09-05 11:05:00,7025,7025,7050,7050,11200
2022-09-05 11:06:00,7050,7050,7050,7050,0
2022-09-05 11:07:00,7050,7050,7050,7050,0
2022-09-05 11:08:00,7050,7050,7050,7050,1400
2022-09-05 11:09:00,7050,7050,7050,7050,1100
2022-09-05 11:10:00,7050,7025,7050,7025,2500
2022-09-05 11:11:00,7050,7025,7050,7025,9000
2022-09-05 11:12:00,7050,7050,7050,7050,6400
2022-09-05 11:13:00,7050,7050,7050,7050,0
2022-09-05 11:14:00,7050,7050,7050,7050,0
2022-09-05 11:15:00,7025,7025,7025,7025,100
2022-09-05 11:16:00,7050,7050,7050,7050,200
2022-09-05 11:17:00,7025,7025,7025,7025,1100
2022-09-05 11:18:00,7025,7025,7025,7025,8000
2022-09-05 11:19:00,7025,7025,7025,7025,0
2022-09-05 11:20:00,7025,7025,7025,7025,0
2022-09-05 11:21:00,7025,7025,7025,7025,5100
2022-09-05 11:22:00,7025,7025,7025,7025,0
2022-09-05 11:23:00,7025,7025,7025,7025,0
2022-09-05 11:24:00,7025,7025,7050,7050,5300
2022-09-05 11:25:00,7025,7025,7025,7025,200
2022-09-05 11:26:00,7025,7025,7025,7025,0
2022-09-05 11:27:00,7025,7025,7025,7025,1900
2022-09-05 11:28:00,7025,7025,7025,7025,0
2022-09-05 11:29:00,7025,7025,7050,7050,90800
2022-09-05 11:30:00,7025,7025,7050,7050,0
2022-09-05 11:31:00,7025,7025,7050,7050,0
2022-09-05 11:32:00,7025,7025,7050,7050,0
2022-09-05 11:33:00,7025,7025,7050,7050,0
2022-09-05 11:34:00,7025,7025,7050,7050,0
2022-09-05 11:35:00,7025,7025,7050,7050,0
2022-09-05 11:36:00,7025,7025,7050,7050,0
2022-09-05 11:37:00,7025,7025,7050,7050,0
2022-09-05 11:38:00,7025,7025,7050,7050,0
2022-09-05 11:39:00,7025,7025,7050,7050,0
2022-09-05 11:40:00,7025,7025,7050,7050,0
2022-09-05 11:41:00,7025,7025,7050,7050,0
2022-09-05 11:42:00,7025,7025,7050,7050,0
2022-09-05 11:43:00,7025,7025,7050,7050,0
2022-09-05 11:44:00,7025,7025,7050,7050,0
2022-09-05 11:45:00,7025,7025,7050,7050,0
2022-09-05 11:46:00,7025,7025,7050,7050,0
2022-09-05 11:47:00,7025,7025,7050,7050,0
2022-09-05 11:48:00,7025,7025,7050,7050,0
2022-09-05 11:49:00,7025,7025,7050,7050,0
2022-09-05 11:50:00,7025,7025,7050,7050,0
2022-09-05 11:51:00,7025,7025,7050,7050,0
2022-09-05 11:52:00,7025,7025,7050,7050,0
2022-09-05 11:53:00,7025,7025,7050,7050,0
2022-09-05 11:54:00,7025,7025,7050,7050,0
2022-09-05 11:55:00,7025,7025,7050,7050,0
2022-09-05 11:56:00,7025,7025,7050,7050,0
2022-09-05 11:57:00,7025,7025,7050,7050,0
2022-09-05 11:58:00,7025,7025,7050,7050,0
2022-09-05 11:59:00,7025,7025,7050,7050,0
2022-09-05 12:00:00,7025,7025,7050,7050,0
2022-09-05 12:01:00,7025,7025,7050,7050,0
2022-09-05 12:02:00,7025,7025,7050,7050,0
2022-09-05 12:03:00,7025,7025,7050,7050,0
2022-09-05 12:04:00,7025,7025,7050,7050,0
2022-09-05 12:05:00,7025,7025,7050,7050,0
2022-09-05 12:06:00,7025,7025,7050,7050,0
2022-09-05 12:07:00,7025,7025,7050,7050,0
2022-09-05 12:08:00,7025,7025,7050,7050,0
2022-09-05 12:09:00,7025,7025,7050,7050,0
2022-09-05 12:10:00,7025,7025,7050,7050,0
2022-09-05 12:11:00,7025,7025,7050,7050,0
2022-09-05 12:12:00,7025,7025,7050,7050,0
2022-09-05 12:13:00,7025,7025,7050,7050,0
2022-09-05 12:14:00,7025,7025,7050,7050,0
2022-09-05 12:15:00,7025,7025,7050,7050,0
2022-09-05 12:16:00,7025,7025,7050,7050,0
2022-09-05 12:17:00,7025,7025,7050,7050,0
2022-09-05 12:18:00,7025,7025,7050,7050,0
2022-09-05 12:19:00,7025,7025,7050,7050,0
2022-09-05 12:20:00,7025,7025,7050,7050,0
2022-09-05 12:21:00,7025,7025,7050,7050,0
2022-09-05 12:22:00,7025,7025,7050,7050,0
2022-09-05 12:23:00,7025,7025,7050,7050,0
2022-09-05 12:24:00,7025,7025,7050,7050,0
2022-09-05 12:25:00,7025,7025,7050,7050,0
2022-09-05 12:26:00,7025,7025,7050,7050,0
2022-09-05 12:27:00,7025,7025,7050,7050,0
2022-09-05 12:28:00,7025,7025,7050,7050,0
2022-09-05 12:29:00,7025,7025,7050,7050,0
2022-09-05 12:30:00,7025,7025,7050,7050,0
2022-09-05 12:31:00,7025,7025,7050,7050,0
2022-09-05 12:32:00,7025,7025,7050,7050,0
2022-09-05 12:33:00,7025,7025,7050,7050,0
2022-09-05 12:34:00,7025,7025,7050,7050,0
2022-09-05 12:35:00,7025,7025,7050,7050,0
2022-09-05 12:36:00,7025,7025,7050,7050,0
2022-09-05 12:37:00,7025,7025,7050,7050,0
2022-09-05 12:38:00,7025,7025,7050,7050,0
2022-09-05 12:39:00,7025,7025,7050,7050,0
2022-09-05 12:40:00,7025,7025,7050,7050,0
2022-09-05 12:41:00,7025,7025,7050,7050,0
2022-09-05 12:42:00,7025,7025,7050,7050,0
2022-09-05 12:43:00,7025,7025,7050,7050,0
2022-09-05 12:44:00,7025,7025,7050,7050,0
2022-09-05 12:45:00,7025,7025,7050,7050,0
2022-09-05 12:46:00,7025,7025,7050,7050,0
2022-09-05 12:47:00,7025,7025,7050,7050,0
2022-09-05 12:48:00,7025,7025,7050,7050,0
2022-09-05 12:49:00,7025,7025,7050,7050,0
2022-09-05 12:50:00,7025,7025,7050,7050,0
2022-09-05 12:51:00,7025,7025,7050,7050,0
2022-09-05 12:52:00,7025,7025,7050,7050,0
2022-09-05 12:53:00,7025,7025,7050,7050,0
2022-09-05 12:54:00,7025,7025,7050,7050,0
2022-09-05 12:55:00,7025,7025,7050,7050,0
2022-09-05 12:56:00,7025,7025,7050,7050,0
2022-09-05 12:57:00,7025,7025,7050,7050,0
2022-09-05 12:58:00,7025,7025,7050,7050,0
2022-09-05 12:59:00,7025,7025,7050,7050,0
2022-09-05 13:00:00,7025,7025,7050,7050,0
2022-09-05 13:01:00,7025,7025,7050,7050,0
2022-09-05 13:02:00,7025,7025,7050,7050,0
2022-09-05 13:03:00,7025,7025,7050,7050,0
2022-09-05 13:04:00,7025,7025,7050,7050,0
2022-09-05 13:05:00,7025,7025,7050,7050,0
2022-09-05 13:06:00,7025,7025,7050,7050,0
2022-09-05 13:07:00,7025,7025,7050,7050,0
2022-09-05 13:08:00,7025,7025,7050,7050,0
2022-09-05 13:09:00,7025,7025,7050,7050,0
2022-09-05 13:10:00,7025,7025,7050,7050,0
2022-09-05 13:11:00,7025,7025,7050,7050,0
2022-09-05 13:12:00,7025,7025,7050,7050,0
2022-09-05 13:13:00,7025,7025,7050,7050,0
2022-09-05 13:14:00,7025,7025,7050,7050,0
2022-09-05 13:15:00,7025,7025,7050,7050,0
2022-09-05 13:16:00,7025,7025,7050,7050,0
2022-09-05 13:17:00,7025,7025,7050,7050,0
2022-09-05 13:18:00,7025,7025,7050,7050,0
2022-09-05 13:19:00,7025,7025,7050,7050,0
2022-09-05 13:20:00,7025,7025,7050,7050,0
2022-09-05 13:21:00,7025,7025,7050,7050,0
2022-09-05 13:22:00,7025,7025,7050,7050,0
2022-09-05 13:23:00,7025,7025,7050,7050,0
2022-09-05 13:24:00,7025,7025,7050,7050,0
2022-09-05 13:25:00,7025,7025,7050,7050,0
2022-09-05 13:26:00,7025,7025,7050,7050,0
2022-09-05 13:27:00,7025,7025,7050,7050,0
2022-09-05 13:28:00,7025,7025,7050,7050,0
2022-09-05 13:29:00,7025,7025,7050,7050,0
2022-09-05 13:30:00,7050,7025,7050,7050,74000
2022-09-05 13:31:00,7025,7025,7050,7050,2200
2022-09-05 13:32:00,7025,7025,7050,7025,10800
2022-09-05 13:33:00,7025,7025,7025,7025,600
2022-09-05 13:34:00,7050,7050,7050,7050,2000
2022-09-05 13:35:00,7050,7025,7050,7025,5000
2022-09-05 13:36:00,7050,7025,7050,7025,600
2022-09-05 13:37:00,7025,7025,7025,7025,2000
2022-09-05 13:38:00,7025,7025,7025,7025,0
2022-09-05 13:39:00,7025,7025,7025,7025,3800
2022-09-05 13:40:00,7025,7025,7050,7050,6000
2022-09-05 13:41:00,7050,7050,7050,7050,100
2022-09-05 13:42:00,7050,7025,7050,7050,5400
2022-09-05 13:43:00,7050,7025,7050,7025,7300
2022-09-05 13:44:00,7025,7025,7025,7025,16400
2022-09-05 13:45:00,7050,7025,7050,7025,15200
2022-09-05 13:46:00,7050,7050,7050,7050,0
2022-09-05 13:47:00,7025,7025,7050,7050,4300
2022-09-05 13:48:00,7050,7050,7050,7050,100
2022-09-05 13:49:00,7050,7050,7050,7050,200
2022-09-05 13:50:00,7050,7050,7050,7050,0
2022-09-05 13:51:00,7050,7025,7050,7050,9900
2022-09-05 13:52:00,7050,7025,7050,7025,3000
2022-09-05 13:53:00,7025,7025,7050,7050,31500
2022-09-05 13:54:00,7050,7050,7050,7050,200
2022-09-05 13:55:00,7050,7050,7050,7050,1000
2022-09-05 13:56:00,7050,7025,7050,7025,36200
2022-09-05 13:57:00,7050,7025,7050,7025,0
2022-09-05 13:58:00,7025,7025,7050,7050,200
2022-09-05 13:59:00,7050,7050,7050,7050,1200
2022-09-05 14:00:00,7025,7025,7050,7025,43100
2022-09-05 14:01:00,7025,7025,7050,7050,6200
2022-09-05 14:02:00,7050,7025,7050,7025,0
2022-09-05 14:03:00,7025,7025,7050,7025,15300
2022-09-05 14:04:00,7050,7025,7050,7025,68100
2022-09-05 14:05:00,7025,7025,7025,7025,0
2022-09-05 14:06:00,7025,7025,7025,7025,1900
2022-09-05 14:07:00,7050,7050,7050,7050,118500
2022-09-05 14:08:00,7050,7050,7050,7050,0
2022-09-05 14:09:00,7050,7050,7050,7050,0
2022-09-05 14:10:00,7050,7025,7050,7050,2000
2022-09-05 14:11:00,7025,7025,7050,7025,16300
2022-09-05 14:12:00,7025,7025,7050,7025,0
2022-09-05 14:13:00,7025,7025,7050,7025,0
2022-09-05 14:14:00,7025,7025,7025,7025,19700
2022-09-05 14:15:00,7025,7025,7025,7025,199900
2022-09-05 14:16:00,7000,7000,7025,7025,1100
2022-09-05 14:17:00,7000,7000,7000,7000,8600
2022-09-05 14:18:00,7025,7000,7025,7025,1400
2022-09-05 14:19:00,7000,7000,7025,7025,52800
2022-09-05 14:20:00,7000,7000,7025,7025,4800
2022-09-05 14:21:00,7025,7000,7025,7000,2100
2022-09-05 14:22:00,7025,7000,7025,7000,17300
2022-09-05 14:23:00,7000,7000,7025,7000,431800
2022-09-05 14:24:00,7000,7000,7000,7000,2300
2022-09-05 14:25:00,6975,6975,6975,6975,99100
2022-09-05 14:26:00,6975,6975,6975,6975,47500
2022-09-05 14:27:00,6975,6975,6975,6975,27500
2022-09-05 14:28:00,6950,6950,6975,6950,26500
2022-09-05 14:29:00,6975,6950,6975,6950,56000
2022-09-05 14:30:00,6950,6950,6975,6950,47000
2022-09-05 14:31:00,6950,6950,6975,6950,900
2022-09-05 14:32:00,6950,6950,6975,6975,2900
2022-09-05 14:33:00,6950,6950,6975,6950,4800
2022-09-05 14:34:00,6950,6950,6975,6975,3800
2022-09-05 14:35:00,6950,6950,6950,6950,200
2022-09-05 14:36:00,6950,6950,6950,6950,50400
2022-09-05 14:37:00,6950,6950,6975,6975,42800
2022-09-05 14:38:00,6950,6950,6975,6950,62500
2022-09-05 14:39:00,6950,6950,6950,6950,11200
2022-09-05 14:40:00,6950,6950,6975,6950,71400
2022-09-05 14:41:00,6950,6925,6950,6925,197900
2022-09-05 14:42:00,6925,6925,6950,6925,72900
2022-09-05 14:43:00,6900,6900,6925,6900,38600
2022-09-05 14:44:00,6900,6900,6925,6900,29200
2022-09-05 14:45:00,6925,6900,6925,6925,10500
2022-09-05 14:46:00,6925,6900,6925,6925,59700
2022-09-05 14:47:00,6925,6900,6950,6925,102100
2022-09-05 14:48:00,6925,6925,6950,6925,4400
2022-09-05 14:49:00,6950,6925,6950,6950,28200
2022-09-05 14:50:00,6950,6925,6950,6950,0
2022-09-05 14:51:00,6950,6925,6950,6950,0
2022-09-05 14:52:00,6950,6925,6950,6950,0
2022-09-05 14:53:00,6950,6925,6950,6950,0
2022-09-05 14:54:00,6950,6925,6950,6950,0
2022-09-05 14:55:00,6950,6925,6950,6950,0
2022-09-05 14:56:00,6950,6925,6950,6950,0
2022-09-05 14:57:00,6950,6925,6950,6950,0
2022-09-05 14:58:00,6950,6925,6950,6950,0
2022-09-05 14:59:00,6950,6925,6950,6950,0
2022-09-05 15:00:00,6950,6950,6950,6950,102400
2022-09-05 15:01:00,6950,6950,6950,6950,42300
2022-09-05 15:02:00,6950,6950,6950,6950,18700
2022-09-05 15:03:00,6950,6950,6950,6950,900
2022-09-05 15:04:00,6950,6950,6950,6950,4700
2022-09-05 15:05:00,6950,6950,6950,6950,13600
2022-09-05 15:06:00,6950,6950,6950,6950,24500
2022-09-05 15:07:00,6950,6950,6950,6950,25700
2022-09-05 15:08:00,6950,6950,6950,6950,5200
2022-09-05 15:09:00,6950,6950,6950,6950,0
2022-09-05 15:10:00,6950,6950,6950,6950,11600
2022-09-05 15:11:00,6950,6950,6950,6950,12700
2022-09-05 15:12:00,6950,6950,6950,6950,0
2022-09-05 15:13:00,6950,6950,6950,6950,11000
2022-09-05 15:14:00,6950,6950,6950,6950,0
2022-09-05 15:15:00,6950,6950,6950,6950,0
2022-09-05 15:16:00,6950,6950,6950,6950,0
2022-09-05 15:17:00,6950,6950,6950,6950,0
2022-09-05 15:18:00,6950,6950,6950,6950,0
2022-09-05 15:19:00,6950,6950,6950,6950,0
2022-09-05 15:20:00,6950,6950,6950,6950,0
2022-09-05 15:21:00,6950,6950,6950,6950,0
2022-09-05 15:22:00,6950,6950,6950,6950,0
2022-09-05 15:23:00,6950,6950,6950,6950,0
2022-09-05 15:24:00,6950,6950,6950,6950,0
2022-09-05 15:25:00,6950,6950,6950,6950,0
2022-09-05 15:26:00,6950,6950,6950,6950,0
2022-09-05 15:27:00,6950,6950,6950,6950,0
2022-09-05 15:28:00,6950,6950,6950,6950,0
2022-09-05 15:29:00,6950,6950,6950,6950,0
2022-09-05 15:30:00,6950,6950,6950,6950,0
2022-09-05 15:31:00,6950,6950,6950,6950,0
2022-09-05 15:32:00,6950,6950,6950,6950,0
2022-09-05 15:33:00,6950,6950,6950,6950,0
2022-09-05 15:34:00,6950,6950,6950,6950,0
2022-09-05 15:35:00,6950,6950,6950,6950,0
2022-09-05 15:36:00,6950,6950,6950,6950,0
2022-09-05 15:37:00,6950,6950,6950,6950,0
2022-09-05 15:38:00,6950,6950,6950,6950,0
2022-09-05 15:39:00,6950,6950,6950,6950,0
2022-09-05 15:40:00,6950,6950,6950,6950,0
2022-09-05 15:41:00,6950,6950,6950,6950,0
2022-09-05 15:42:00,6950,6950,6950,6950,0
2022-09-05 15:43:00,6950,6950,6950,6950,0
2022-09-05 15:44:00,6950,6950,6950,6950,0
2022-09-05 15:45:00,6950,6950,6950,6950,0
2022-09-05 15:46:00,6950,6950,6950,6950,0
2022-09-05 15:47:00,6950,6950,6950,6950,0
2022-09-05 15:48:00,6950,6950,6950,6950,0
2022-09-05 15:49:00,6950,6950,6950,6950,0
2022-09-05 15:50:00,6950,6950,6950,6950,0
2022-09-05 15:51:00,6950,6950,6950,6950,0
2022-09-05 15:52:00,6950,6950,6950,6950,0
2022-09-05 15:53:00,6950,6950,6950,6950,0
2022-09-05 15:54:00,6950,6950,6950,6950,0
2022-09-05 15:55:00,6950,6950,6950,6950,0
2022-09-05 15:56:00,6950,6950,6950,6950,0
2022-09-05 15:57:00,6950,6950,6950,6950,0
2022-09-05 15:58:00,6950,6950,6950,6950,0
2022-09-05 15:59:00,6950,6950,6950,6950,0
2022-09-06 09:00:00,6950,6950,6975,6950,23100
2022-09-06 09:01:00,6975,6925,6975,6925,27400
2022-09-06 09:02:00,6925,6900,6925,6925,46400
2022-09-06 09:03:00,6900,6900,6925,6925,5200
2022-09-06 09:04:00,6925,6925,6950,6950,20600
2022-09-06 09:05:00,6950,6950,6975,6975,35600
2022-09-06 09:06:00,6950,6950,6950,6950,67400
2022-09-06 09:07:00,6950,6925,6950,6950,76300
2022-09-06 09:08:00,6950,6950,6950,6950,3200
2022-09-06 09:09:00,6950,6950,6975,6975,4200
2022-09-06 09:10:00,6975,6950,6975,6975,10900
2022-09-06 09:11:00,6975,6950,6975,6975,37100
2022-09-06 09:12:00,6975,6975,7000,6975,12400
2022-09-06 09:13:00,6975,6975,7000,7000,2000
2022-09-06 09:14:00,7000,6975,7000,6975,20600
2022-09-06 09:15:00,7000,7000,7000,7000,100
2022-09-06 09:16:00,7000,7000,7000,7000,4800
2022-09-06 09:17:00,7000,6975,7000,6975,0
2022-09-06 09:18:00,7000,6975,7000,6975,0
2022-09-06 09:19:00,7000,6975,7000,6975,0
2022-09-06 09:20:00,6975,6975,6975,6975,1600
2022-09-06 09:21:00,6975,6975,7000,7000,154400
2022-09-06 09:22:00,7000,7000,7025,7025,19100
2022-09-06 09:23:00,7025,7025,7025,7025,17200
2022-09-06 09:24:00,7000,7000,7025,7025,13100
2022-09-06 09:25:00,7025,7000,7025,7000,141600
2022-09-06 09:26:00,7000,7000,7025,7025,0
2022-09-06 09:27:00,7025,7000,7025,7025,36600
2022-09-06 09:28:00,7025,7000,7025,7025,0
2022-09-06 09:29:00,7025,7025,7050,7050,188400
2022-09-06 09:30:00,7025,7025,7050,7050,18900
2022-09-06 09:31:00,7050,7025,7050,7050,81000
2022-09-06 09:32:00,7050,7025,7050,7025,20100
2022-09-06 09:33:00,7050,7050,7050,7050,900
2022-09-06 09:34:00,7050,7025,7050,7050,3600
2022-09-06 09:35:00,7050,7025,7050,7025,6400
2022-09-06 09:36:00,7025,7025,7025,7025,0
2022-09-06 09:37:00,7025,7025,7025,7025,22300
2022-09-06 09:38:00,7025,7025,7025,7025,2900
2022-09-06 09:39:00,7000,7000,7025,7025,20000
2022-09-06 09:40:00,7000,7000,7000,7000,4000
2022-09-06 09:41:00,7000,7000,7000,7000,200
2022-09-06 09:42:00,7000,7000,7025,7025,1300
2022-09-06 09:43:00,7000,7000,7000,7000,38100
2022-09-06 09:44:00,7000,7000,7000,7000,10400
2022-09-06 09:45:00,7000,7000,7000,7000,13400
2022-09-06 09:46:00,7000,7000,7000,7000,0
2022-09-06 09:47:00,7000,7000,7000,7000,90500
2022-09-06 09:48:00,7000,7000,7000,7000,23200
2022-09-06 09:49:00,7000,7000,7000,7000,0
2022-09-06 09:50:00,6975,6975,7000,7000,10100
2022-09-06 09:51:00,6975,6975,6975,6975,0
2022-09-06 09:52:00,6975,6975,6975,6975,200
2022-09-06 09:53:00,7000,7000,7000,7000,100
2022-09-06 09:54:00,6975,6975,7000,6975,29400
2022-09-06 09:55:00,6975,6975,7000,6975,0
2022-09-06 09:56:00,6975,6975,6975,6975,1000
2022-09-06 09:57:00,7000,6975,7000,6975,61200
2022-09-06 09:58:00,6975,6975,6975,6975,20100
2022-09-06 09:59:00,6950,6950,6950,6950,27700
2022-09-06 10:00:00,6950,6950,6950,6950,90300
2022-09-06 10:01:00,6950,6925,6950,6925,4900
2022-09-06 10:02:00,6925,6925,6925,6925,33300
2022-09-06 10:03:00,6925,6925,6950,6950,22700
2022-09-06 10:04:00,6950,6950,6950,6950,0
2022-09-06 10:05:00,6950,6950,6950,6950,0
2022-09-06 10:06:00,6950,6925,6950,6925,10500
2022-09-06 10:07:00,6950,6925,6950,6925,0
2022-09-06 10:08:00,6925,6925,6925,6925,3000
2022-09-06 10:09:00,6950,6925,6950,6925,900
2022-09-06 10:10:00,6950,6950,6950,6950,900
2022-09-06 10:11:00,6950,6950,6950,6950,2000
2022-09-06 10:12:00,6950,6950,6950,6950,37100
2022-09-06 10:13:00,6950,6950,6950,6950,500
2022-09-06 10:14:00,6950,6950,6950,6950,0
2022-09-06 10:15:00,6950,6950,6950,6950,10800
2022-09-06 10:16:00,6950,6950,6950,6950,11800
2022-09-06 10:17:00,6950,6950,6950,6950,3600
2022-09-06 10:18:00,6950,6950,6950,6950,0
2022-09-06 10:19:00,6950,6950,6950,6950,100
2022-09-06 10:20:00,6925,6925,6925,6925,30200
2022-09-06 10:21:00,6925,6925,6950,6925,0
2022-09-06 10:22:00,6925,6925,6925,6925,9900
2022-09-06 10:23:00,6950,6950,6950,6950,0
2022-09-06 10:24:00,6950,6950,6950,6950,500
2022-09-06 10:25:00,6925,6925,6950,6950,800
2022-09-06 10:26:00,6950,6925,6950,6925,2500
2022-09-06 10:27:00,6925,6925,6925,6925,1900
2022-09-06 10:28:00,6925,6925,6925,6925,0
2022-09-06 10:29:00,6925,6925,6950,6950,11700
2022-09-06 10:30:00,6925,6925,6925,6925,900
2022-09-06 10:31:00,6925,6925,6925,6925,0
2022-09-06 10:32:00,6925,6925,6925,6925,0
2022-09-06 10:33:00,6925,6925,6925,6925,800
2022-09-06 10:34:00,6925,6925,6925,6925,2700
2022-09-06 10:35:00,6925,6925,6925,6925,0
2022-09-06 10:36:00,6950,6950,6950,6950,200
2022-09-06 10:37:00,6950,6950,6950,6950,13600
2022-09-06 10:38:00,6950,6925,6950,6925,1200
2022-09-06 10:39:00,6950,6925,6950,6925,0
2022-09-06 10:40:00,6925,6900,6925,6925,104500
2022-09-06 10:41:00,6925,6900,6925,6925,4200
2022-09-06 10:42:00,6925,6900,6925,6925,2000
2022-09-06 10:43:00,6900,6900,6925,6925,94100
2022-09-06 10:44:00,6900,6900,6900,6900,0
2022-09-06 10:45:00,6925,6925,6925,6925,200
2022-09-06 10:46:00,6900,6900,6925,6925,100
2022-09-06 10:47:00,6925,6925,6925,6925,4900
2022-09-06 10:48:00,6925,6925,6925,6925,0
2022-09-06 10:49:00,6950,6925,6950,6925,9900
2022-09-06 10:50:00,6950,6950,6950,6950,0
2022-09-06 10:51:00,6925,6925,6925,6925,6700
2022-09-06 10:52:00,6925,6925,6925,6925,0
2022-09-06 10:53:00,6925,6925,6925,6925,6100
2022-09-06 10:54:00,6925,6925,6925,6925,0
2022-09-06 10:55:00,6950,6950,6950,6950,38000
2022-09-06 10:56:00,6950,6950,6950,6950,0
2022-09-06 10:57:00,6950,6950,6950,6950,0
2022-09-06 10:58:00,6950,6950,6950,6950,18300
2022-09-06 10:59:00,6950,6950,6950,6950,3300
2022-09-06 11:00:00,6950,6950,6950,6950,0
2022-09-06 11:01:00,6950,6950,6950,6950,0
2022-09-06 11:02:00,6950,6950,6950,6950,9700
2022-09-06 11:03:00,6950,6950,6950,6950,4000
2022-09-06 11:04:00,6950,6950,6950,6950,0
2022-09-06 11:05:00,6950,6950,6950,6950,11500
2022-09-06 11:06:00,6950,6950,6950,6950,4800
2022-09-06 11:07:00,6950,6950,6950,6950,100
2022-09-06 11:08:00,6950,6950,6950,6950,0
2022-09-06 11:09:00,6950,6950,6950,6950,11000
2022-09-06 11:10:00,6975,6950,6975,6950,600
2022-09-06 11:11:00,6950,6950,6975,6975,700
2022-09-06 11:12:00,6950,6950,6950,6950,2100
2022-09-06 11:13:00,6975,6975,6975,6975,70900
2022-09-06 11:14:00,6975,6975,6975,6975,3500
2022-09-06 11:15:00,6975,6975,6975,6975,0
2022-09-06 11:16:00,6975,6975,6975,6975,0
2022-09-06 11:17:00,6975,6975,6975,6975,0
2022-09-06 11:18:00,6950,6950,6950,6950,200
2022-09-06 11:19:00,6950,6950,6950,6950,2000
2022-09-06 11:20:00,6950,6950,6950,6950,0
2022-09-06 11:21:00,6950,6950,6950,6950,0
2022-09-06 11:22:00,6950,6950,6950,6950,0
2022-09-06 11:23:00,6950,6950,6950,6950,400
2022-09-06 11:24:00,6950,6950,6950,6950,8400
2022-09-06 11:25:00,6950,6950,6950,6950,2100
2022-09-06 11:26:00,6950,6950,6975,6975,5800
2022-09-06 11:27:00,6950,6950,6975,6975,0
2022-09-06 11:28:00,6950,6950,6975,6975,0
2022-09-06 11:29:00,6975,6975,6975,6975,500
2022-09-06 11:30:00,6975,6975,6975,6975,0
2022-09-06 11:31:00,6975,6975,6975,6975,0
2022-09-06 11:32:00,6975,6975,6975,6975,0
2022-09-06 11:33:00,6975,6975,6975,6975,0
2022-09-06 11:34:00,6975,6975,6975,6975,0
2022-09-06 11:35:00,6975,6975,6975,6975,0
2022-09-06 11:36:00,6975,6975,6975,6975,0
2022-09-06 11:37:00,6975,6975,6975,6975,0
2022-09-06 11:38:00,6975,6975,6975,6975,0
2022-09-06 11:39:00,6975,6975,6975,6975,0
2022-09-06 11:40:00,6975,6975,6975,6975,0
2022-09-06 11:41:00,6975,6975,6975,6975,0
2022-09-06 11:42:00,6975,6975,6975,6975,0
2022-09-06 11:43:00,6975,6975,6975,6975,0
2022-09-06 11:44:00,6975,6975,6975,6975,0
2022-09-06 11:45:00,6975,6975,6975,6975,0
2022-09-06 11:46:00,6975,6975,6975,6975,0
2022-09-06 11:47:00,6975,6975,6975,6975,0
2022-09-06 11:48:00,6975,6975,6975,6975,0
2022-09-06 11:49:00,6975,6975,6975,6975,0
2022-09-06 11:50:00,6975,6975,6975,6975,0
2022-09-06 11:51:00,6975,6975,6975,6975,0
2022-09-06 11:52:00,6975,6975,6975,6975,0
2022-09-06 11:53:00,6975,6975,6975,6975,0
2022-09-06 11:54:00,6975,6975,6975,6975,0
2022-09-06 11:55:00,6975,6975,6975,6975,0
2022-09-06 11:56:00,6975,6975,6975,6975,0
2022-09-06 11:57:00,6975,6975,6975,6975,0
2022-09-06 11:58:00,6975,6975,6975,6975,0
2022-09-06 11:59:00,6975,6975,6975,6975,0
2022-09-06 12:00:00,6975,6975,6975,6975,0
2022-09-06 12:01:00,6975,6975,6975,6975,0
2022-09-06 12:02:00,6975,6975,6975,6975,0
2022-09-06 12:03:00,6975,6975,6975,6975,0
2022-09-06 12:04:00,6975,6975,6975,6975,0
2022-09-06 12:05:00,6975,6975,6975,6975,0
2022-09-06 12:06:00,6975,6975,6975,6975,0
2022-09-06 12:07:00,6975,6975,6975,6975,0
2022-09-06 12:08:00,6975,6975,6975,6975,0
2022-09-06 12:09:00,6975,6975,6975,6975,0
2022-09-06 12:10:00,6975,6975,6975,6975,0
2022-09-06 12:11:00,6975,6975,6975,6975,0
2022-09-06 12:12:00,6975,6975,6975,6975,0
2022-09-06 12:13:00,6975,6975,6975,6975,0
2022-09-06 12:14:00,6975,6975,6975,6975,0
2022-09-06 12:15:00,6975,6975,6975,6975,0
2022-09-06 12:16:00,6975,6975,6975,6975,0
2022-09-06 12:17:00,6975,6975,6975,6975,0
2022-09-06 12:18:00,6975,6975,6975,6975,0
2022-09-06 12:19:00,6975,6975,6975,6975,0
2022-09-06 12:20:00,6975,6975,6975,6975,0
2022-09-06 12:21:00,6975,6975,6975,6975,0
2022-09-06 12:22:00,6975,6975,6975,6975,0
2022-09-06 12:23:00,6975,6975,6975,6975,0
2022-09-06 12:24:00,6975,6975,6975,6975,0
2022-09-06 12:25:00,6975,6975,6975,6975,0
2022-09-06 12:26:00,6975,6975,6975,6975,0
2022-09-06 12:27:00,6975,6975,6975,6975,0
2022-09-06 12:28:00,6975,6975,6975,6975,0
2022-09-06 12:29:00,6975,6975,6975,6975,0
2022-09-06 12:30:00,6975,6975,6975,6975,0
2022-09-06 12:31:00,6975,6975,6975,6975,0
2022-09-06 12:32:00,6975,6975,6975,6975,0
2022-09-06 12:33:00,6975,6975,6975,6975,0
2022-09-06 12:34:00,6975,6975,6975,6975,0
2022-09-06 12:35:00,6975,6975,6975,6975,0
2022-09-06 12:36:00,6975,6975,6975,6975,0
2022-09-06 12:37:00,6975,6975,6975,6975,0
2022-09-06 12:38:00,6975,6975,6975,6975,0
2022-09-06 12:39:00,6975,6975,6975,6975,0
2022-09-06 12:40:00,6975,6975,6975,6975,0
2022-09-06 12:41:00,6975,6975,6975,6975,0
2022-09-06 12:42:00,6975,6975,6975,6975,0
2022-09-06 12:43:00,6975,6975,6975,6975,0
2022-09-06 12:44:00,6975,6975,6975,6975,0
2022-09-06 12:45:00,6975,6975,6975,6975,0
2022-09-06 12:46:00,6975,6975,6975,6975,0
2022-09-06 12:47:00,6975,6975,6975,6975,0
2022-09-06 12:48:00,6975,6975,6975,6975,0
2022-09-06 12:49:00,6975,6975,6975,6975,0
2022-09-06 12:50:00,6975,6975,6975,6975,0
2022-09-06 12:51:00,6975,6975,6975,6975,0
2022-09-06 12:52:00,6975,6975,6975,6975,0
2022-09-06 12:53:00,6975,6975,6975,6975,0
2022-09-06 12:54:00,6975,6975,6975,6975,0
2022-09-06 12:55:00,6975,6975,6975,6975,0
2022-09-06 12:56:00,6975,6975,6975,6975,0
2022-09-06 12:57:00,6975,6975,6975,6975,0
2022-09-06 12:58:00,6975,6975,6975,6975,0
2022-09-06 12:59:00,6975,6975,6975,6975,0
2022-09-06 13:00:00,6975,6975,6975,6975,0
2022-09-06 13:01:00,6975,6975,6975,6975,0
2022-09-06 13:02:00,6975,6975,6975,6975,0
2022-09-06 13:03:00,6975,6975,6975,6975,0
2022-09-06 13:04:00,6975,6975,6975,6975,0
2022-09-06 13:05:00,6975,6975,6975,6975,0
2022-09-06 13:06:00,6975,6975,6975,6975,0
2022-09-06 13:07:00,6975,6975,6975,6975,0
2022-09-06 13:08:00,6975,6975,6975,6975,0
2022-09-06 13:09:00,6975,6975,6975,6975,0
2022-09-06 13:10:00,6975,6975,6975,6975,0
2022-09-06 13:11:00,6975,6975,6975,6975,0
2022-09-06 13:12:00,6975,6975,6975,6975,0
2022-09-06 13:13:00,6975,6975,6975,6975,0
2022-09-06 13:14:00,6975,6975,6975,6975,0
2022-09-06 13:15:00,6975,6975,6975,6975,0
2022-09-06 13:16:00,6975,6975,6975,6975,0
2022-09-06 13:17:00,6975,6975,6975,6975,0
2022-09-06 13:18:00,6975,6975,6975,6975,0
2022-09-06 13:19:00,6975,6975,6975,6975,0
2022-09-06 13:20:00,6975,6975,6975,6975,0
2022-09-06 13:21:00,6975,6975,6975,6975,0
2022-09-06 13:22:00,6975,6975,6975,6975,0
2022-09-06 13:23:00,6975,6975,6975,6975,0
2022-09-06 13:24:00,6975,6975,6975,6975,0
2022-09-06 13:25:00,6975,6975,6975,6975,0
2022-09-06 13:26:00,6975,6975,6975,6975,0
2022-09-06 13:27:00,6975,6975,6975,6975,0
2022-09-06 13:28:00,6975,6975,6975,6975,0
2022-09-06 13:29:00,6975,6975,6975,6975,0
2022-09-06 13:30:00,6975,6950,6975,6975,7500
2022-09-06 13:31:00,6975,6950,6975,6975,0
2022-09-06 13:32:00,6950,6950,6975,6975,43000
2022-09-06 13:33:00,6950,6950,6975,6975,0
2022-09-06 13:34:00,6950,6950,6975,6975,0
2022-09-06 13:35:00,6975,6975,6975,6975,9900
2022-09-06 13:36:00,6975,6975,6975,6975,0
2022-09-06 13:37:00,6975,6975,6975,6975,0
2022-09-06 13:38:00,6975,6975,6975,6975,0
2022-09-06 13:39:00,6975,6975,6975,6975,0
2022-09-06 13:40:00,6975,6975,6975,6975,200
2022-09-06 13:41:00,6975,6975,6975,6975,0
2022-09-06 13:42:00,6975,6975,6975,6975,1900
2022-09-06 13:43:00,6975,6975,6975,6975,0
2022-09-06 13:44:00,6975,6975,6975,6975,1000
2022-09-06 13:45:00,6975,6975,6975,6975,0
2022-09-06 13:46:00,6950,6950,6975,6975,20600
2022-09-06 13:47:00,6950,6950,6975,6975,0
2022-09-06 13:48:00,6950,6950,6950,6950,8700
2022-09-06 13:49:00,6950,6950,6950,6950,0
2022-09-06 13:50:00,6950,6950,6975,6975,10300
2022-09-06 13:51:00,6975,6975,6975,6975,1500
2022-09-06 13:52:00,6975,6975,6975,6975,0
2022-09-06 13:53:00,6950,6950,6950,6950,2900
2022-09-06 13:54:00,6975,6950,6975,6950,5900
2022-09-06 13:55:00,6950,6950,6950,6950,0
2022-09-06 13:56:00,6950,6950,6950,6950,14900
2022-09-06 13:57:00,6950,6950,6950,6950,2900
2022-09-06 13:58:00,6950,6950,6950,6950,0
2022-09-06 13:59:00,6950,6950,6950,6950,0
2022-09-06 14:00:00,6950,6950,6950,6950,19900
2022-09-06 14:01:00,6975,6975,6975,6975,0
2022-09-06 14:02:00,6950,6950,6950,6950,10500
2022-09-06 14:03:00,6950,6950,6950,6950,0
2022-09-06 14:04:00,6975,6950,6975,6950,400
2022-09-06 14:05:00,6950,6950,6950,6950,8800
2022-09-06 14:06:00,6950,6950,6950,6950,0
2022-09-06 14:07:00,6975,6975,6975,6975,400
2022-09-06 14:08:00,6975,6975,6975,6975,800
2022-09-06 14:09:00,6975,6950,6975,6950,7400
2022-09-06 14:10:00,6975,6975,6975,6975,35000
2022-09-06 14:11:00,6975,6975,6975,6975,0
2022-09-06 14:12:00,6975,6975,6975,6975,0
2022-09-06 14:13:00,6975,6975,6975,6975,0
2022-09-06 14:14:00,6975,6950,6975,6950,0
2022-09-06 14:15:00,6975,6950,6975,6950,0
2022-09-06 14:16:00,6950,6950,6975,6975,2100
2022-09-06 14:17:00,6950,6950,6975,6975,0
2022-09-06 14:18:00,6950,6950,6975,6975,8300
2022-09-06 14:19:00,6950,6950,6950,6950,7300
2022-09-06 14:20:00,6950,6950,6950,6950,75800
2022-09-06 14:21:00,6950,6950,6950,6950,0
2022-09-06 14:22:00,6950,6950,6950,6950,4200
2022-09-06 14:23:00,6950,6950,6950,6950,0
2022-09-06 14:24:00,6950,6950,6950,6950,6500
2022-09-06 14:25:00,6975,6950,6975,6950,0
2022-09-06 14:26:00,6950,6950,6975,6975,25100
2022-09-06 14:27:00,6950,6950,6975,6975,0
2022-09-06 14:28:00,6975,6975,6975,6975,0
2022-09-06 14:29:00,6950,6950,6950,6950,100
2022-09-06 14:30:00,6950,6950,6950,6950,0
2022-09-06 14:31:00,6950,6950,6950,6950,2500
2022-09-06 14:32:00,6950,6950,6950,6950,0
2022-09-06 14:33:00,6950,6950,6950,6950,0
2022-09-06 14:34:00,6950,6950,6975,6975,2200
2022-09-06 14:35:00,6950,6950,6975,6975,0
2022-09-06 14:36:00,6950,6950,6950,6950,0
2022-09-06 14:37:00,6950,6950,6950,6950,0
2022-09-06 14:38:00,6975,6950,6975,6950,300
2022-09-06 14:39:00,6950,6950,6950,6950,1000
2022-09-06 14:40:00,6950,6950,6950,6950,5200
2022-09-06 14:41:00,6950,6950,6950,6950,1600
2022-09-06 14:42:00,6950,6950,6950,6950,2700
2022-09-06 14:43:00,6950,6950,6975,6950,10800
2022-09-06 14:44:00,6950,6950,6975,6975,0
2022-09-06 14:45:00,6950,6950,6975,6975,3100
2022-09-06 14:46:00,6975,6975,6975,6975,8100
2022-09-06 14:47:00,6950,6950,6975,6975,22000
2022-09-06 14:48:00,6950,6950,6975,6950,4900
2022-09-06 14:49:00,6950,6950,6950,6950,83100
2022-09-06 14:50:00,6950,6950,6950,6950,0
2022-09-06 14:51:00,6950,6950,6950,6950,0
2022-09-06 14:52:00,6950,6950,6950,6950,0
2022-09-06 14:53:00,6950,6950,6950,6950,0
2022-09-06 14:54:00,6950,6950,6950,6950,0
2022-09-06 14:55:00,6950,6950,6950,6950,0
2022-09-06 14:56:00,6950,6950,6950,6950,0
2022-09-06 14:57:00,6950,6950,6950,6950,0
2022-09-06 14:58:00,6950,6950,6950,6950,0
2022-09-06 14:59:00,6950,6950,6950,6950,0
2022-09-06 15:00:00,6975,6975,6975,6975,101200
2022-09-06 15:01:00,6975,6975,6975,6975,1900
2022-09-06 15:02:00,6975,6975,6975,6975,200
2022-09-06 15:03:00,6975,6975,6975,6975,9800
2022-09-06 15:04:00,6975,6975,6975,6975,0
2022-09-06 15:05:00,6975,6975,6975,6975,0
2022-09-06 15:06:00,6975,6975,6975,6975,800
2022-09-06 15:07:00,6975,6975,6975,6975,200
2022-09-06 15:08:00,6975,6975,6975,6975,0
2022-09-06 15:09:00,6975,6975,6975,6975,10100
2022-09-06 15:10:00,6975,6975,6975,6975,0
2022-09-06 15:11:00,6975,6975,6975,6975,0
2022-09-06 15:12:00,6975,6975,6975,6975,0
2022-09-06 15:13:00,6975,6975,6975,6975,200
2022-09-06 15:14:00,6975,6975,6975,6975,2707300
2022-09-06 15:15:00,6975,6975,6975,6975,0
2022-09-06 15:16:00,6975,6975,6975,6975,0
2022-09-06 15:17:00,6975,6975,6975,6975,0
2022-09-06 15:18:00,6975,6975,6975,6975,0
2022-09-06 15:19:00,6975,6975,6975,6975,0
2022-09-06 15:20:00,6975,6975,6975,6975,0
2022-09-06 15:21:00,6975,6975,6975,6975,0
2022-09-06 15:22:00,6975,6975,6975,6975,0
2022-09-06 15:23:00,6975,6975,6975,6975,0
2022-09-06 15:24:00,6975,6975,6975,6975,0
2022-09-06 15:25:00,6975,6975,6975,6975,0
2022-09-06 15:26:00,6975,6975,6975,6975,0
2022-09-06 15:27:00,6975,6975,6975,6975,0
2022-09-06 15:28:00,6975,6975,6975,6975,0
2022-09-06 15:29:00,6975,6975,6975,6975,0
2022-09-06 15:30:00,6975,6975,6975,6975,0
2022-09-06 15:31:00,6975,6975,6975,6975,0
2022-09-06 15:32:00,6975,6975,6975,6975,0
2022-09-06 15:33:00,6975,6975,6975,6975,0
2022-09-06 15:34:00,6975,6975,6975,6975,0
2022-09-06 15:35:00,6975,6975,6975,6975,0
2022-09-06 15:36:00,6975,6975,6975,6975,0
2022-09-06 15:37:00,6975,6975,6975,6975,0
2022-09-06 15:38:00,6975,6975,6975,6975,0
2022-09-06 15:39:00,6975,6975,6975,6975,0
2022-09-06 15:40:00,6975,6975,6975,6975,0
2022-09-06 15:41:00,6975,6975,6975,6975,0
2022-09-06 15:42:00,6975,6975,6975,6975,0
2022-09-06 15:43:00,6975,6975,6975,6975,0
2022-09-06 15:44:00,6975,6975,6975,6975,0
2022-09-06 15:45:00,6975,6975,6975,6975,0
2022-09-06 15:46:00,6975,6975,6975,6975,0
2022-09-06 15:47:00,6975,6975,6975,6975,0
2022-09-06 15:48:00,6975,6975,6975,6975,0
2022-09-06 15:49:00,6975,6975,6975,6975,0
2022-09-06 15:50:00,6975,6975,6975,6975,0
2022-09-06 15:51:00,6975,6975,6975,6975,0
2022-09-06 15:52:00,6975,6975,6975,6975,0
2022-09-06 15:53:00,6975,6975,6975,6975,0
2022-09-06 15:54:00,6975,6975,6975,6975,0
2022-09-06 15:55:00,6975,6975,6975,6975,0
2022-09-06 15:56:00,6975,6975,6975,6975,0
2022-09-06 15:57:00,6975,6975,6975,6975,0
2022-09-06 15:58:00,6975,6975,6975,6975,0
2022-09-06 15:59:00,6975,6975,6975,6975,0
2022-09-07 09:00:00,6975,6900,6975,6950,0
2022-09-07 09:01:00,6950,6900,6950,6900,17100
2022-09-07 09:02:00,6925,6925,6950,6950,1300
2022-09-07 09:03:00,6950,6950,6950,6950,3500
2022-09-07 09:04:00,6950,6950,6975,6975,3400
2022-09-07 09:05:00,6975,6950,6975,6975,7800
2022-09-07 09:06:00,6975,6950,7000,6950,10900
2022-09-07 09:07:00,6975,6950,6975,6950,600
2022-09-07 09:08:00,6950,6950,6975,6975,600
2022-09-07 09:09:00,6975,6975,7000,7000,71100
2022-09-07 09:10:00,7025,7025,7025,7025,500
2022-09-07 09:11:00,7025,7025,7050,7025,7300
2022-09-07 09:12:00,7025,7025,7050,7050,20900
2022-09-07 09:13:00,7050,7025,7050,7025,2600
2022-09-07 09:14:00,7025,7025,7025,7025,16300
2022-09-07 09:15:00,7025,7025,7025,7025,15900
2022-09-07 09:16:00,7050,7025,7050,7050,5900
2022-09-07 09:17:00,7025,7025,7050,7025,9100
2022-09-07 09:18:00,7025,7025,7025,7025,0
2022-09-07 09:19:00,7050,7025,7050,7025,3100
2022-09-07 09:20:00,7025,7025,7025,7025,14900
2022-09-07 09:21:00,7025,7025,7025,7025,13900
2022-09-07 09:22:00,7025,7000,7025,7000,600
2022-09-07 09:23:00,7025,7000,7025,7000,56300
2022-09-07 09:24:00,7000,7000,7000,7000,15300
2022-09-07 09:25:00,7000,7000,7000,7000,5400
2022-09-07 09:26:00,7025,7025,7025,7025,20800
2022-09-07 09:27:00,7025,7025,7050,7050,3600
2022-09-07 09:28:00,7025,7000,7025,7000,30900
2022-09-07 09:29:00,7025,7000,7025,7000,4600
2022-09-07 09:30:00,7025,7000,7025,7000,0
2022-09-07 09:31:00,7025,7000,7025,7000,1500
2022-09-07 09:32:00,7000,7000,7025,7000,3700
2022-09-07 09:33:00,7000,7000,7000,7000,900
2022-09-07 09:34:00,7000,7000,7000,7000,2200
2022-09-07 09:35:00,7000,7000,7000,7000,1200
2022-09-07 09:36:00,7000,7000,7025,7025,3000
2022-09-07 09:37:00,7025,7000,7025,7000,0
2022-09-07 09:38:00,6975,6975,6975,6975,13000
2022-09-07 09:39:00,6975,6975,6975,6975,0
2022-09-07 09:40:00,6975,6975,6975,6975,0
2022-09-07 09:41:00,6975,6975,6975,6975,2000
2022-09-07 09:42:00,6975,6975,6975,6975,8400
2022-09-07 09:43:00,6975,6975,6975,6975,0
2022-09-07 09:44:00,7000,6975,7000,6975,0
2022-09-07 09:45:00,7000,6975,7000,6975,0
2022-09-07 09:46:00,7000,7000,7000,7000,1000
2022-09-07 09:47:00,7000,7000,7000,7000,13800
2022-09-07 09:48:00,6975,6975,6975,6975,0
2022-09-07 09:49:00,6975,6975,6975,6975,26500
2022-09-07 09:50:00,6975,6975,6975,6975,900
2022-09-07 09:51:00,6950,6950,6975,6975,2200
2022-09-07 09:52:00,6975,6950,6975,6950,0
2022-09-07 09:53:00,6950,6950,6950,6950,13000
2022-09-07 09:54:00,6950,6950,6950,6950,0
2022-09-07 09:55:00,6950,6950,6950,6950,1200
2022-09-07 09:56:00,6950,6950,6975,6975,15600
2022-09-07 09:57:00,6975,6950,6975,6950,8300
2022-09-07 09:58:00,6975,6975,6975,6975,9000
2022-09-07 09:59:00,6975,6975,6975,6975,0
2022-09-07 10:00:00,6975,6975,6975,6975,9200
2022-09-07 10:01:00,6975,6975,6975,6975,3700
2022-09-07 10:02:00,6975,6975,6975,6975,0
2022-09-07 10:03:00,6975,6950,6975,6950,3100
2022-09-07 10:04:00,6950,6950,6950,6950,11000
2022-09-07 10:05:00,6950,6950,6950,6950,204700
2022-09-07 10:06:00,6950,6950,6950,6950,5900
2022-09-07 10:07:00,6925,6925,6925,6925,2100
2022-09-07 10:08:00,6925,6925,6925,6925,2800
2022-09-07 10:09:00,6950,6950,6950,6950,800
2022-09-07 10:10:00,6950,6950,6950,6950,0
2022-09-07 10:11:00,6950,6925,6950,6925,300
2022-09-07 10:12:00,6925,6925,6925,6925,800
2022-09-07 10:13:00,6925,6925,6925,6925,0
2022-09-07 10:14:00,6950,6925,6950,6925,14200
2022-09-07 10:15:00,6925,6925,6925,6925,0
2022-09-07 10:16:00,6950,6950,6950,6950,400
2022-09-07 10:17:00,6950,6950,6950,6950,50900
2022-09-07 10:18:00,6950,6925,6950,6925,0
2022-09-07 10:19:00,6925,6925,6925,6925,200
2022-09-07 10:20:00,6925,6925,6925,6925,1000
2022-09-07 10:21:00,6925,6925,6950,6950,7000
2022-09-07 10:22:00,6925,6925,6925,6925,15400
2022-09-07 10:23:00,6925,6925,6925,6925,0
2022-09-07 10:24:00,6925,6925,6925,6925,2200
2022-09-07 10:25:00,6925,6925,6925,6925,17100
2022-09-07 10:26:00,6925,6925,6925,6925,0
2022-09-07 10:27:00,6925,6925,6925,6925,2600
2022-09-07 10:28:00,6925,6925,6950,6925,4100
2022-09-07 10:29:00,6925,6925,6950,6925,0
2022-09-07 10:30:00,6950,6950,6950,6950,17200
2022-09-07 10:31:00,6925,6925,6925,6925,8900
2022-09-07 10:32:00,6925,6925,6925,6925,12700
2022-09-07 10:33:00,6925,6925,6925,6925,3400
2022-09-07 10:34:00,6925,6925,6925,6925,4600
2022-09-07 10:35:00,6925,6925,6925,6925,200
2022-09-07 10:36:00,6925,6925,6925,6925,2600
2022-09-07 10:37:00,6925,6925,6925,6925,13200
2022-09-07 10:38:00,6950,6950,6950,6950,100
2022-09-07 10:39:00,6950,6950,6950,6950,0
2022-09-07 10:40:00,6950,6950,6950,6950,60400
2022-09-07 10:41:00,6950,6950,6975,6950,59700
2022-09-07 10:42:00,6950,6950,6975,6950,0
2022-09-07 10:43:00,6950,6950,6975,6975,0
2022-09-07 10:44:00,6950,6950,6975,6975,8100
2022-09-07 10:45:00,6950,6950,6950,6950,2700
2022-09-07 10:46:00,6950,6950,6950,6950,0
2022-09-07 10:47:00,6975,6975,6975,6975,28300
2022-09-07 10:48:00,6975,6975,6975,6975,9400
2022-09-07 10:49:00,6975,6975,6975,6975,100
2022-09-07 10:50:00,6975,6975,6975,6975,0
2022-09-07 10:51:00,6975,6975,6975,6975,200
2022-09-07 10:52:00,6975,6975,6975,6975,200
2022-09-07 10:53:00,6975,6975,6975,6975,0
2022-09-07 10:54:00,6975,6975,6975,6975,0
2022-09-07 10:55:00,6975,6975,6975,6975,1500
2022-09-07 10:56:00,6975,6975,6975,6975,3800
2022-09-07 10:57:00,6975,6975,6975,6975,0
2022-09-07 10:58:00,6975,6975,6975,6975,0
2022-09-07 10:59:00,6975,6975,6975,6975,800
2022-09-07 11:00:00,6975,6975,6975,6975,100
2022-09-07 11:01:00,6975,6975,6975,6975,0
2022-09-07 11:02:00,6975,6950,6975,6950,1800
2022-09-07 11:03:00,6975,6975,6975,6975,700
2022-09-07 11:04:00,6975,6975,6975,6975,100
2022-09-07 11:05:00,6975,6975,6975,6975,3200
2022-09-07 11:06:00,6975,6975,7000,7000,1500
2022-09-07 11:07:00,7000,7000,7000,7000,0
2022-09-07 11:08:00,7000,7000,7000,7000,600
2022-09-07 11:09:00,7000,6975,7000,6975,8700
2022-09-07 11:10:00,6975,6975,6975,6975,3900
2022-09-07 11:11:00,6975,6975,6975,6975,0
2022-09-07 11:12:00,6975,6975,6975,6975,0
2022-09-07 11:13:00,6975,6975,6975,6975,2100
2022-09-07 11:14:00,6975,6975,6975,6975,0
2022-09-07 11:15:00,7000,6950,7000,6950,2700
2022-09-07 11:16:00,6975,6975,6975,6975,800
2022-09-07 11:17:00,6975,6975,6975,6975,0
2022-09-07 11:18:00,6975,6975,6975,6975,21600
2022-09-07 11:19:00,6975,6975,6975,6975,0
2022-09-07 11:20:00,6975,6975,6975,6975,0
2022-09-07 11:21:00,6950,6950,6975,6950,7600
2022-09-07 11:22:00,6950,6950,6975,6950,0
2022-09-07 11:23:00,6950,6950,6975,6975,2900
2022-09-07 11:24:00,6950,6950,6975,6975,0
2022-09-07 11:25:00,6975,6975,6975,6975,1400
2022-09-07 11:26:00,6975,6950,6975,6950,1600
2022-09-07 11:27:00,6975,6950,6975,6950,0
2022-09-07 11:28:00,6975,6950,6975,6950,300
2022-09-07 11:29:00,6950,6950,6975,6975,300
2022-09-07 11:30:00,6950,6950,6975,6975,0
2022-09-07 11:31:00,6950,6950,6975,6975,0
2022-09-07 11:32:00,6950,6950,6975,6975,0
2022-09-07 11:33:00,6950,6950,6975,6975,0
2022-09-07 11:34:00,6950,6950,6975,6975,0
2022-09-07 11:35:00,6950,6950,6975,6975,0
2022-09-07 11:36:00,6950,6950,6975,6975,0
2022-09-07 11:37:00,6950,6950,6975,6975,0
2022-09-07 11:38:00,6950,6950,6975,6975,0
2022-09-07 11:39:00,6950,6950,6975,6975,0
2022-09-07 11:40:00,6950,6950,6975,6975,0
2022-09-07 11:41:00,6950,6950,6975,6975,0
2022-09-07 11:42:00,6950,6950,6975,6975,0
2022-09-07 11:43:00,6950,6950,6975,6975,0
2022-09-07 11:44:00,6950,6950,6975,6975,0
2022-09-07 11:45:00,6950,6950,6975,6975,0
2022-09-07 11:46:00,6950,6950,6975,6975,0
2022-09-07 11:47:00,6950,6950,6975,6975,0
2022-09-07 11:48:00,6950,6950,6975,6975,0
2022-09-07 11:49:00,6950,6950,6975,6975,0
2022-09-07 11:50:00,6950,6950,6975,6975,0
2022-09-07 11:51:00,6950,6950,6975,6975,0
2022-09-07 11:52:00,6950,6950,6975,6975,0
2022-09-07 11:53:00,6950,6950,6975,6975,0
2022-09-07 11:54:00,6950,6950,6975,6975,0
2022-09-07 11:55:00,6950,6950,6975,6975,0
2022-09-07 11:56:00,6950,6950,6975,6975,0
2022-09-07 11:57:00,6950,6950,6975,6975,0
2022-09-07 11:58:00,6950,6950,6975,6975,0
2022-09-07 11:59:00,6950,6950,6975,6975,0
2022-09-07 12:00:00,6950,6950,6975,6975,0
2022-09-07 12:01:00,6950,6950,6975,6975,0
2022-09-07 12:02:00,6950,6950,6975,6975,0
2022-09-07 12:03:00,6950,6950,6975,6975,0
2022-09-07 12:04:00,6950,6950,6975,6975,0
2022-09-07 12:05:00,6950,6950,6975,6975,0
2022-09-07 12:06:00,6950,6950,6975,6975,0
2022-09-07 12:07:00,6950,6950,6975,6975,0
2022-09-07 12:08:00,6950,6950,6975,6975,0
2022-09-07 12:09:00,6950,6950,6975,6975,0
2022-09-07 12:10:00,6950,6950,6975,6975,0
2022-09-07 12:11:00,6950,6950,6975,6975,0
2022-09-07 12:12:00,6950,6950,6975,6975,0
2022-09-07 12:13:00,6950,6950,6975,6975,0
2022-09-07 12:14:00,6950,6950,6975,6975,0
2022-09-07 12:15:00,6950,6950,6975,6975,0
2022-09-07 12:16:00,6950,6950,6975,6975,0
2022-09-07 12:17:00,6950,6950,6975,6975,0
2022-09-07 12:18:00,6950,6950,6975,6975,0
2022-09-07 12:19:00,6950,6950,6975,6975,0
2022-09-07 12:20:00,6950,6950,6975,6975,0
2022-09-07 12:21:00,6950,6950,6975,6975,0
2022-09-07 12:22:00,6950,6950,6975,6975,0
2022-09-07 12:23:00,6950,6950,6975,6975,0
2022-09-07 12:24:00,6950,6950,6975,6975,0
2022-09-07 12:25:00,6950,6950,6975,6975,0
2022-09-07 12:26:00,6950,6950,6975,6975,0
2022-09-07 12:27:00,6950,6950,6975,6975,0
2022-09-07 12:28:00,6950,6950,6975,6975,0
2022-09-07 12:29:00,6950,6950,6975,6975,0
2022-09-07 12:30:00,6950,6950,6975,6975,0
2022-09-07 12:31:00,6950,6950,6975,6975,0
2022-09-07 12:32:00,6950,6950,6975,6975,0
2022-09-07 12:33:00,6950,6950,6975,6975,0
2022-09-07 12:34:00,6950,6950,6975,6975,0
2022-09-07 12:35:00,6950,6950,6975,6975,0
2022-09-07 12:36:00,6950,6950,6975,6975,0
2022-09-07 12:37:00,6950,6950,6975,6975,0
2022-09-07 12:38:00,6950,6950,6975,6975,0
2022-09-07 12:39:00,6950,6950,6975,6975,0
2022-09-07 12:40:00,6950,6950,6975,6975,0
2022-09-07 12:41:00,6950,6950,6975,6975,0
2022-09-07 12:42:00,6950,6950,6975,6975,0
2022-09-07 12:43:00,6950,6950,6975,6975,0
2022-09-07 12:44:00,6950,6950,6975,6975,0
2022-09-07 12:45:00,6950,6950,6975,6975,0
2022-09-07 12:46:00,6950,6950,6975,6975,0
2022-09-07 12:47:00,6950,6950,6975,6975,0
2022-09-07 12:48:00,6950,6950,6975,6975,0
2022-09-07 12:49:00,6950,6950,6975,6975,0
2022-09-07 12:50:00,6950,6950,6975,6975,0
2022-09-07 12:51:00,6950,6950,6975,6975,0
2022-09-07 12:52:00,6950,6950,6975,6975,0
2022-09-07 12:53:00,6950,6950,6975,6975,0
2022-09-07 12:54:00,6950,6950,6975,6975,0
2022-09-07 12:55:00,6950,6950,6975,6975,0
2022-09-07 12:56:00,6950,6950,6975,6975,0
2022-09-07 12:57:00,6950,6950,6975,6975,0
2022-09-07 12:58:00,6950,6950,6975,6975,0
2022-09-07 12:59:00,6950,6950,6975,6975,0
2022-09-07 13:00:00,6950,6950,6975,6975,0
2022-09-07 13:01:00,6950,6950,6975,6975,0
2022-09-07 13:02:00,6950,6950,6975,6975,0
2022-09-07 13:03:00,6950,6950,6975,6975,0
2022-09-07 13:04:00,6950,6950,6975,6975,0
2022-09-07 13:05:00,6950,6950,6975,6975,0
2022-09-07 13:06:00,6950,6950,6975,6975,0
2022-09-07 13:07:00,6950,6950,6975,6975,0
2022-09-07 13:08:00,6950,6950,6975,6975,0
2022-09-07 13:09:00,6950,6950,6975,6975,0
2022-09-07 13:10:00,6950,6950,6975,6975,0
2022-09-07 13:11:00,6950,6950,6975,6975,0
2022-09-07 13:12:00,6950,6950,6975,6975,0
2022-09-07 13:13:00,6950,6950,6975,6975,0
2022-09-07 13:14:00,6950,6950,6975,6975,0
2022-09-07 13:15:00,6950,6950,6975,6975,0
2022-09-07 13:16:00,6950,6950,6975,6975,0
2022-09-07 13:17:00,6950,6950,6975,6975,0
2022-09-07 13:18:00,6950,6950,6975,6975,0
2022-09-07 13:19:00,6950,6950,6975,6975,0
2022-09-07 13:20:00,6950,6950,6975,6975,0
2022-09-07 13:21:00,6950,6950,6975,6975,0
2022-09-07 13:22:00,6950,6950,6975,6975,0
2022-09-07 13:23:00,6950,6950,6975,6975,0
2022-09-07 13:24:00,6950,6950,6975,6975,0
2022-09-07 13:25:00,6950,6950,6975,6975,0
2022-09-07 13:26:00,6950,6950,6975,6975,0
2022-09-07 13:27:00,6950,6950,6975,6975,0
2022-09-07 13:28:00,6950,6950,6975,6975,0
2022-09-07 13:29:00,6950,6950,6975,6975,0
2022-09-07 13:30:00,6975,6950,6975,6975,1000
2022-09-07 13:31:00,6975,6950,6975,6975,0
2022-09-07 13:32:00,6975,6950,6975,6975,0
2022-09-07 13:33:00,6975,6950,6975,6975,0
2022-09-07 13:34:00,6975,6975,6975,6975,1700
2022-09-07 13:35:00,6950,6950,6975,6975,6900
2022-09-07 13:36:00,6975,6950,6975,6950,0
2022-09-07 13:37:00,6975,6975,6975,6975,50500
2022-09-07 13:38:00,7000,6975,7000,6975,2000
2022-09-07 13:39:00,6975,6950,6975,6975,9400
2022-09-07 13:40:00,6975,6975,6975,6975,7500
2022-09-07 13:41:00,6975,6975,6975,6975,16100
2022-09-07 13:42:00,6975,6975,6975,6975,0
2022-09-07 13:43:00,6975,6975,7025,7025,68000
2022-09-07 13:44:00,7025,7025,7025,7025,12200
2022-09-07 13:45:00,7025,7025,7025,7025,7800
2022-09-07 13:46:00,7025,7000,7025,7025,5800
2022-09-07 13:47:00,7025,7025,7025,7025,20400
2022-09-07 13:48:00,7025,7025,7050,7050,79100
2022-09-07 13:49:00,7025,7025,7050,7050,256800
2022-09-07 13:50:00,7075,7050,7075,7050,63300
2022-09-07 13:51:00,7050,7050,7075,7075,22300
2022-09-07 13:52:00,7075,7075,7075,7075,11600
2022-09-07 13:53:00,7050,7050,7075,7050,3500
2022-09-07 13:54:00,7050,7050,7075,7075,11200
2022-09-07 13:55:00,7075,7050,7075,7050,18400
2022-09-07 13:56:00,7050,7050,7050,7050,900
2022-09-07 13:57:00,7050,7050,7050,7050,5700
2022-09-07 13:58:00,7050,7050,7050,7050,4400
2022-09-07 13:59:00,7050,7050,7050,7050,14800
2022-09-07 14:00:00,7050,7050,7050,7050,0
2022-09-07 14:01:00,7050,7050,7075,7075,5300
2022-09-07 14:02:00,7050,7050,7075,7075,3400
2022-09-07 14:03:00,7050,7050,7075,7075,3700
2022-09-07 14:04:00,7075,7075,7075,7075,20500
2022-09-07 14:05:00,7050,7050,7050,7050,0
2022-09-07 14:06:00,7050,7050,7050,7050,0
2022-09-07 14:07:00,7050,7050,7050,7050,0
2022-09-07 14:08:00,7075,7050,7075,7075,3400
2022-09-07 14:09:00,7050,7050,7050,7050,10200
2022-09-07 14:10:00,7075,7050,7075,7050,0
2022-09-07 14:11:00,7075,7050,7075,7075,10200
2022-09-07 14:12:00,7075,7050,7075,7050,2800
2022-09-07 14:13:00,7075,7050,7075,7050,3700
2022-09-07 14:14:00,7075,7050,7075,7050,200
2022-09-07 14:15:00,7075,7075,7075,7075,800
2022-09-07 14:16:00,7050,7050,7075,7075,9900
2022-09-07 14:17:00,7050,7050,7075,7050,12300
2022-09-07 14:18:00,7050,7050,7075,7075,2800
2022-09-07 14:19:00,7075,7050,7075,7050,45300
2022-09-07 14:20:00,7075,7050,7075,7050,800
2022-09-07 14:21:00,7075,7050,7075,7075,3600
2022-09-07 14:22:00,7075,7050,7075,7075,28400
2022-09-07 14:23:00,7050,7025,7075,7025,222300
2022-09-07 14:24:00,7025,7025,7025,7025,13200
2022-09-07 14:25:00,7025,7025,7050,7050,38700
2022-09-07 14:26:00,7050,7025,7050,7050,52800
2022-09-07 14:27:00,7025,7025,7050,7050,53900
2022-09-07 14:28:00,7025,7025,7050,7025,3500
2022-09-07 14:29:00,7050,7050,7050,7050,200
2022-09-07 14:30:00,7050,7025,7050,7025,2200
2022-09-07 14:31:00,7050,7025,7050,7050,6700
2022-09-07 14:32:00,7050,7050,7050,7050,4700
2022-09-07 14:33:00,7050,7025,7050,7050,23900
2022-09-07 14:34:00,7025,7025,7050,7050,15400
2022-09-07 14:35:00,7050,7025,7050,7050,23000
2022-09-07 14:36:00,7050,7050,7050,7050,5100
2022-09-07 14:37:00,7025,7025,7025,7025,13900
2022-09-07 14:38:00,7050,7050,7050,7050,19700
2022-09-07 14:39:00,7025,7025,7050,7050,100
2022-09-07 14:40:00,7025,7025,7050,7050,16200
2022-09-07 14:41:00,7050,7050,7050,7050,0
2022-09-07 14:42:00,7050,7025,7050,7050,4100
2022-09-07 14:43:00,7025,7025,7050,7025,5700
2022-09-07 14:44:00,7025,7025,7050,7050,1100
2022-09-07 14:45:00,7025,7025,7025,7025,100
2022-09-07 14:46:00,7050,7025,7050,7025,18700
2022-09-07 14:47:00,7050,7025,7050,7050,112000
2022-09-07 14:48:00,7050,7025,7050,7050,4400
2022-09-07 14:49:00,7025,7025,7050,7050,37000
2022-09-07 14:50:00,7025,7025,7050,7050,0
2022-09-07 14:51:00,7025,7025,7050,7050,0
2022-09-07 14:52:00,7025,7025,7050,7050,0
2022-09-07 14:53:00,7025,7025,7050,7050,0
2022-09-07 14:54:00,7025,7025,7050,7050,0
2022-09-07 14:55:00,7025,7025,7050,7050,0
2022-09-07 14:56:00,7025,7025,7050,7050,0
2022-09-07 14:57:00,7025,7025,7050,7050,0
2022-09-07 14:58:00,7025,7025,7050,7050,0
2022-09-07 14:59:00,7025,7025,7050,7050,0
2022-09-07 15:00:00,7050,7050,7050,7050,132900
2022-09-07 15:01:00,7050,7050,7050,7050,6500
2022-09-07 15:02:00,7050,7050,7050,7050,71500
2022-09-07 15:03:00,7050,7050,7050,7050,1700
2022-09-07 15:04:00,7050,7050,7050,7050,9100
2022-09-07 15:05:00,7050,7050,7050,7050,0
2022-09-07 15:06:00,7050,7050,7050,7050,26700
2022-09-07 15:07:00,7050,7050,7050,7050,1000
2022-09-07 15:08:00,7050,7050,7050,7050,400
2022-09-07 15:09:00,7050,7050,7050,7050,900
2022-09-07 15:10:00,7050,7050,7050,7050,0
2022-09-07 15:11:00,7050,7050,7050,7050,0
2022-09-07 15:12:00,7050,7050,7050,7050,1400
2022-09-07 15:13:00,7050,7050,7050,7050,0
2022-09-07 15:14:00,7050,7050,7050,7050,0
2022-09-07 15:15:00,7050,7050,7050,7050,0
2022-09-07 15:16:00,7050,7050,7050,7050,0
2022-09-07 15:17:00,7050,7050,7050,7050,0
2022-09-07 15:18:00,7050,7050,7050,7050,0
2022-09-07 15:19:00,7050,7050,7050,7050,0
2022-09-07 15:20:00,7050,7050,7050,7050,0
2022-09-07 15:21:00,7050,7050,7050,7050,0
2022-09-07 15:22:00,7050,7050,7050,7050,0
2022-09-07 15:23:00,7050,7050,7050,7050,0
2022-09-07 15:24:00,7050,7050,7050,7050,0
2022-09-07 15:25:00,7050,7050,7050,7050,0
2022-09-07 15:26:00,7050,7050,7050,7050,0
2022-09-07 15:27:00,7050,7050,7050,7050,0
2022-09-07 15:28:00,7050,7050,7050,7050,0
2022-09-07 15:29:00,7050,7050,7050,7050,0
2022-09-07 15:30:00,7050,7050,7050,7050,0
2022-09-07 15:31:00,7050,7050,7050,7050,0
2022-09-07 15:32:00,7050,7050,7050,7050,0
2022-09-07 15:33:00,7050,7050,7050,7050,0
2022-09-07 15:34:00,7050,7050,7050,7050,0
2022-09-07 15:35:00,7050,7050,7050,7050,0
2022-09-07 15:36:00,7050,7050,7050,7050,0
2022-09-07 15:37:00,7050,7050,7050,7050,0
2022-09-07 15:38:00,7050,7050,7050,7050,0
2022-09-07 15:39:00,7050,7050,7050,7050,0
2022-09-07 15:40:00,7050,7050,7050,7050,0
2022-09-07 15:41:00,7050,7050,7050,7050,0
2022-09-07 15:42:00,7050,7050,7050,7050,0
2022-09-07 15:43:00,7050,7050,7050,7050,0
2022-09-07 15:44:00,7050,7050,7050,7050,0
2022-09-07 15:45:00,7050,7050,7050,7050,0
2022-09-07 15:46:00,7050,7050,7050,7050,0
2022-09-07 15:47:00,7050,7050,7050,7050,0
2022-09-07 15:48:00,7050,7050,7050,7050,0
2022-09-07 15:49:00,7050,7050,7050,7050,0
2022-09-07 15:50:00,7050,7050,7050,7050,0
2022-09-07 15:51:00,7050,7050,7050,7050,0
2022-09-07 15:52:00,7050,7050,7050,7050,0
2022-09-07 15:53:00,7050,7050,7050,7050,0
2022-09-07 15:54:00,7050,7050,7050,7050,0
2022-09-07 15:55:00,7050,7050,7050,7050,0
2022-09-07 15:56:00,7050,7050,7050,7050,0
2022-09-07 15:57:00,7050,7050,7050,7050,0
2022-09-07 15:58:00,7050,7050,7050,7050,0
2022-09-07 15:59:00,7050,7050,7050,7050,0
2022-09-08 09:00:00,7100,7075,7100,7075,54000
2022-09-08 09:01:00,7075,7075,7100,7075,22600
2022-09-08 09:02:00,7100,7075,7125,7125,80900
2022-09-08 09:03:00,7125,7125,7150,7125,39200
2022-09-08 09:04:00,7150,7125,7150,7125,15900
2022-09-08 09:05:00,7150,7125,7175,7150,296600
2022-09-08 09:06:00,7150,7150,7175,7175,90700
2022-09-08 09:07:00,7175,7175,7225,7200,932900
2022-09-08 09:08:00,7200,7175,7225,7225,271600
2022-09-08 09:09:00,7200,7200,7200,7200,85100
2022-09-08 09:10:00,7200,7200,7275,7275,504500
2022-09-08 09:11:00,7275,7250,7300,7300,349700
2022-09-08 09:12:00,7300,7275,7300,7300,570500
2022-09-08 09:13:00,7300,7275,7300,7300,149300
2022-09-08 09:14:00,7300,7250,7300,7300,352100
2022-09-08 09:15:00,7275,7250,7300,7275,228000
2022-09-08 09:16:00,7275,7275,7350,7325,513400
2022-09-08 09:17:00,7325,7325,7375,7350,305200
2022-09-08 09:18:00,7350,7350,7475,7450,995900
2022-09-08 09:19:00,7475,7400,7475,7400,176600
2022-09-08 09:20:00,7400,7400,7425,7425,219300
2022-09-08 09:21:00,7425,7400,7450,7425,116200
2022-09-08 09:22:00,7425,7400,7425,7400,42200
2022-09-08 09:23:00,7425,7400,7550,7525,1747400
2022-09-08 09:24:00,7525,7525,7550,7525,221500
2022-09-08 09:25:00,7500,7500,7525,7525,145000
2022-09-08 09:26:00,7525,7475,7525,7500,368200
2022-09-08 09:27:00,7500,7475,7500,7500,147100
2022-09-08 09:28:00,7500,7475,7525,7475,65200
2022-09-08 09:29:00,7475,7450,7475,7450,99900
2022-09-08 09:30:00,7475,7425,7475,7450,71400
2022-09-08 09:31:00,7450,7450,7475,7450,19100
2022-09-08 09:32:00,7475,7450,7500,7500,160200
2022-09-08 09:33:00,7475,7475,7500,7475,22600
2022-09-08 09:34:00,7475,7475,7500,7475,44700
2022-09-08 09:35:00,7475,7450,7475,7475,281500
2022-09-08 09:36:00,7475,7450,7475,7475,28800
2022-09-08 09:37:00,7450,7450,7475,7450,5700
2022-09-08 09:38:00,7450,7450,7475,7450,10800
2022-09-08 09:39:00,7450,7450,7475,7475,57800
2022-09-08 09:40:00,7450,7450,7475,7450,19700
2022-09-08 09:41:00,7450,7450,7475,7450,24800
2022-09-08 09:42:00,7450,7450,7475,7450,8100
2022-09-08 09:43:00,7450,7450,7475,7450,201600
2022-09-08 09:44:00,7450,7425,7450,7450,107600
2022-09-08 09:45:00,7425,7425,7450,7450,88600
2022-09-08 09:46:00,7450,7450,7450,7450,61800
2022-09-08 09:47:00,7450,7450,7475,7450,73500
2022-09-08 09:48:00,7450,7450,7450,7450,113500
2022-09-08 09:49:00,7450,7450,7475,7475,91400
2022-09-08 09:50:00,7450,7450,7475,7450,82200
2022-09-08 09:51:00,7450,7450,7475,7450,33700
2022-09-08 09:52:00,7450,7450,7450,7450,92400
2022-09-08 09:53:00,7450,7450,7500,7500,257000
2022-09-08 09:54:00,7475,7450,7500,7500,219200
2022-09-08 09:55:00,7475,7475,7525,7525,271600
2022-09-08 09:56:00,7500,7500,7525,7525,142900
2022-09-08 09:57:00,7525,7500,7550,7525,259000
2022-09-08 09:58:00,7500,7500,7500,7500,30800
2022-09-08 09:59:00,7500,7500,7500,7500,39800
2022-09-08 10:00:00,7500,7500,7525,7500,118900
2022-09-08 10:01:00,7500,7475,7500,7475,38700
2022-09-08 10:02:00,7475,7475,7500,7500,68200
2022-09-08 10:03:00,7525,7500,7525,7500,1800
2022-09-08 10:04:00,7500,7500,7525,7500,26900
2022-09-08 10:05:00,7500,7500,7525,7525,162400
2022-09-08 10:06:00,7525,7525,7550,7550,170800
2022-09-08 10:07:00,7550,7525,7575,7575,504100
2022-09-08 10:08:00,7550,7550,7575,7575,106400
2022-09-08 10:09:00,7575,7550,7575,7575,35300
2022-09-08 10:10:00,7575,7550,7575,7575,73900
2022-09-08 10:11:00,7550,7525,7575,7550,122400
2022-09-08 10:12:00,7525,7525,7550,7525,24400
2022-09-08 10:13:00,7525,7525,7525,7525,97000
2022-09-08 10:14:00,7525,7500,7550,7525,123600
2022-09-08 10:15:00,7525,7525,7550,7525,10400
2022-09-08 10:16:00,7550,7525,7550,7550,101800
2022-09-08 10:17:00,7525,7525,7550,7550,0
2022-09-08 10:18:00,7525,7525,7550,7550,124500
2022-09-08 10:19:00,7525,7525,7525,7525,61700
2022-09-08 10:20:00,7525,7525,7550,7525,71200
2022-09-08 10:21:00,7525,7525,7525,7525,67100
2022-09-08 10:22:00,7525,7525,7550,7525,35100
2022-09-08 10:23:00,7525,7525,7550,7550,7900
2022-09-08 10:24:00,7550,7525,7550,7550,166900
2022-09-08 10:25:00,7550,7550,7575,7550,23600
2022-09-08 10:26:00,7550,7550,7575,7550,24800
2022-09-08 10:27:00,7550,7550,7575,7550,21700
2022-09-08 10:28:00,7550,7550,7550,7550,44600
2022-09-08 10:29:00,7550,7550,7550,7550,32100
2022-09-08 10:30:00,7550,7550,7550,7550,118900
2022-09-08 10:31:00,7550,7550,7550,7550,46700
2022-09-08 10:32:00,7550,7550,7550,7550,4500
2022-09-08 10:33:00,7525,7525,7550,7550,8800
2022-09-08 10:34:00,7575,7575,7600,7600,284100
2022-09-08 10:35:00,7575,7575,7600,7575,11700
2022-09-08 10:36:00,7575,7575,7600,7600,12600
2022-09-08 10:37:00,7600,7575,7600,7575,13100
2022-09-08 10:38:00,7600,7575,7600,7600,10100
2022-09-08 10:39:00,7600,7575,7600,7600,15500
2022-09-08 10:40:00,7600,7575,7600,7575,57000
2022-09-08 10:41:00,7575,7575,7600,7600,1600
2022-09-08 10:42:00,7600,7575,7600,7600,95800
2022-09-08 10:43:00,7600,7575,7600,7575,34100
2022-09-08 10:44:00,7575,7575,7575,7575,50000
2022-09-08 10:45:00,7575,7575,7600,7600,41200
2022-09-08 10:46:00,7575,7575,7600,7600,17700
2022-09-08 10:47:00,7600,7575,7600,7600,579100
2022-09-08 10:48:00,7600,7600,7625,7600,138700
2022-09-08 10:49:00,7600,7600,7625,7600,80400
2022-09-08 10:50:00,7600,7600,7625,7625,24700
2022-09-08 10:51:00,7600,7600,7625,7600,63600
2022-09-08 10:52:00,7600,7575,7600,7600,55300
2022-09-08 10:53:00,7600,7600,7625,7625,42600
2022-09-08 10:54:00,7600,7575,7600,7600,37200
2022-09-08 10:55:00,7600,7575,7600,7600,6300
2022-09-08 10:56:00,7575,7575,7600,7600,90500
2022-09-08 10:57:00,7575,7575,7575,7575,400
2022-09-08 10:58:00,7600,7575,7600,7575,29300
2022-09-08 10:59:00,7575,7575,7600,7600,29500
2022-09-08 11:00:00,7600,7575,7600,7600,153400
2022-09-08 11:01:00,7600,7575,7600,7575,15900
2022-09-08 11:02:00,7600,7600,7600,7600,14800
2022-09-08 11:03:00,7625,7575,7625,7575,23100
2022-09-08 11:04:00,7575,7575,7575,7575,2400
2022-09-08 11:05:00,7600,7600,7600,7600,80200
2022-09-08 11:06:00,7600,7600,7600,7600,28600
2022-09-08 11:07:00,7600,7575,7600,7600,1600
2022-09-08 11:08:00,7575,7575,7575,7575,100
2022-09-08 11:09:00,7600,7575,7600,7575,28700
2022-09-08 11:10:00,7575,7575,7600,7600,151100
2022-09-08 11:11:00,7600,7575,7600,7575,3700
2022-09-08 11:12:00,7575,7575,7600,7600,10200
2022-09-08 11:13:00,7600,7575,7600,7600,10200
2022-09-08 11:14:00,7600,7575,7600,7600,0
2022-09-08 11:15:00,7600,7600,7600,7600,10000
2022-09-08 11:16:00,7600,7600,7600,7600,205100
2022-09-08 11:17:00,7600,7600,7600,7600,56300
2022-09-08 11:18:00,7575,7575,7575,7575,600
2022-09-08 11:19:00,7600,7600,7600,7600,13100
2022-09-08 11:20:00,7600,7575,7600,7575,0
2022-09-08 11:21:00,7600,7575,7600,7575,5800
2022-09-08 11:22:00,7575,7575,7600,7600,5100
2022-09-08 11:23:00,7575,7575,7600,7600,700
2022-09-08 11:24:00,7600,7575,7600,7600,37400
2022-09-08 11:25:00,7600,7575,7600,7575,17400
2022-09-08 11:26:00,7600,7575,7600,7575,8100
2022-09-08 11:27:00,7575,7575,7575,7575,1600
2022-09-08 11:28:00,7600,7600,7600,7600,82500
2022-09-08 11:29:00,7600,7600,7600,7600,0
2022-09-08 11:30:00,7600,7600,7600,7600,0
2022-09-08 11:31:00,7600,7600,7600,7600,0
2022-09-08 11:32:00,7600,7600,7600,7600,0
2022-09-08 11:33:00,7600,7600,7600,7600,0
2022-09-08 11:34:00,7600,7600,7600,7600,0
2022-09-08 11:35:00,7600,7600,7600,7600,0
2022-09-08 11:36:00,7600,7600,7600,7600,0
2022-09-08 11:37:00,7600,7600,7600,7600,0
2022-09-08 11:38:00,7600,7600,7600,7600,0
2022-09-08 11:39:00,7600,7600,7600,7600,0
2022-09-08 11:40:00,7600,7600,7600,7600,0
2022-09-08 11:41:00,7600,7600,7600,7600,0
2022-09-08 11:42:00,7600,7600,7600,7600,0
2022-09-08 11:43:00,7600,7600,7600,7600,0
2022-09-08 11:44:00,7600,7600,7600,7600,0
2022-09-08 11:45:00,7600,7600,7600,7600,0
2022-09-08 11:46:00,7600,7600,7600,7600,0
2022-09-08 11:47:00,7600,7600,7600,7600,0
2022-09-08 11:48:00,7600,7600,7600,7600,0
2022-09-08 11:49:00,7600,7600,7600,7600,0
2022-09-08 11:50:00,7600,7600,7600,7600,0
2022-09-08 11:51:00,7600,7600,7600,7600,0
2022-09-08 11:52:00,7600,7600,7600,7600,0
2022-09-08 11:53:00,7600,7600,7600,7600,0
2022-09-08 11:54:00,7600,7600,7600,7600,0
2022-09-08 11:55:00,7600,7600,7600,7600,0
2022-09-08 11:56:00,7600,7600,7600,7600,0
2022-09-08 11:57:00,7600,7600,7600,7600,0
2022-09-08 11:58:00,7600,7600,7600,7600,0
2022-09-08 11:59:00,7600,7600,7600,7600,0
2022-09-08 12:00:00,7600,7600,7600,7600,0
2022-09-08 12:01:00,7600,7600,7600,7600,0
2022-09-08 12:02:00,7600,7600,7600,7600,0
2022-09-08 12:03:00,7600,7600,7600,7600,0
2022-09-08 12:04:00,7600,7600,7600,7600,0
2022-09-08 12:05:00,7600,7600,7600,7600,0
2022-09-08 12:06:00,7600,7600,7600,7600,0
2022-09-08 12:07:00,7600,7600,7600,7600,0
2022-09-08 12:08:00,7600,7600,7600,7600,0
2022-09-08 12:09:00,7600,7600,7600,7600,0
2022-09-08 12:10:00,7600,7600,7600,7600,0
2022-09-08 12:11:00,7600,7600,7600,7600,0
2022-09-08 12:12:00,7600,7600,7600,7600,0
2022-09-08 12:13:00,7600,7600,7600,7600,0
2022-09-08 12:14:00,7600,7600,7600,7600,0
2022-09-08 12:15:00,7600,7600,7600,7600,0
2022-09-08 12:16:00,7600,7600,7600,7600,0
2022-09-08 12:17:00,7600,7600,7600,7600,0
2022-09-08 12:18:00,7600,7600,7600,7600,0
2022-09-08 12:19:00,7600,7600,7600,7600,0
2022-09-08 12:20:00,7600,7600,7600,7600,0
2022-09-08 12:21:00,7600,7600,7600,7600,0
2022-09-08 12:22:00,7600,7600,7600,7600,0
2022-09-08 12:23:00,7600,7600,7600,7600,0
2022-09-08 12:24:00,7600,7600,7600,7600,0
2022-09-08 12:25:00,7600,7600,7600,7600,0
2022-09-08 12:26:00,7600,7600,7600,7600,0
2022-09-08 12:27:00,7600,7600,7600,7600,0
2022-09-08 12:28:00,7600,7600,7600,7600,0
2022-09-08 12:29:00,7600,7600,7600,7600,0
2022-09-08 12:30:00,7600,7600,7600,7600,0
2022-09-08 12:31:00,7600,7600,7600,7600,0
2022-09-08 12:32:00,7600,7600,7600,7600,0
2022-09-08 12:33:00,7600,7600,7600,7600,0
2022-09-08 12:34:00,7600,7600,7600,7600,0
2022-09-08 12:35:00,7600,7600,7600,7600,0
2022-09-08 12:36:00,7600,7600,7600,7600,0
2022-09-08 12:37:00,7600,7600,7600,7600,0
2022-09-08 12:38:00,7600,7600,7600,7600,0
2022-09-08 12:39:00,7600,7600,7600,7600,0
2022-09-08 12:40:00,7600,7600,7600,7600,0
2022-09-08 12:41:00,7600,7600,7600,7600,0
2022-09-08 12:42:00,7600,7600,7600,7600,0
2022-09-08 12:43:00,7600,7600,7600,7600,0
2022-09-08 12:44:00,7600,7600,7600,7600,0
2022-09-08 12:45:00,7600,7600,7600,7600,0
2022-09-08 12:46:00,7600,7600,7600,7600,0
2022-09-08 12:47:00,7600,7600,7600,7600,0
2022-09-08 12:48:00,7600,7600,7600,7600,0
2022-09-08 12:49:00,7600,7600,7600,7600,0
2022-09-08 12:50:00,7600,7600,7600,7600,0
2022-09-08 12:51:00,7600,7600,7600,7600,0
2022-09-08 12:52:00,7600,7600,7600,7600,0
2022-09-08 12:53:00,7600,7600,7600,7600,0
2022-09-08 12:54:00,7600,7600,7600,7600,0
2022-09-08 12:55:00,7600,7600,7600,7600,0
2022-09-08 12:56:00,7600,7600,7600,7600,0
2022-09-08 12:57:00,7600,7600,7600,7600,0
2022-09-08 12:58:00,7600,7600,7600,7600,0
2022-09-08 12:59:00,7600,7600,7600,7600,0
2022-09-08 13:00:00,7600,7600,7600,7600,0
2022-09-08 13:01:00,7600,7600,7600,7600,0
2022-09-08 13:02:00,7600,7600,7600,7600,0
2022-09-08 13:03:00,7600,7600,7600,7600,0
2022-09-08 13:04:00,7600,7600,7600,7600,0
2022-09-08 13:05:00,7600,7600,7600,7600,0
2022-09-08 13:06:00,7600,7600,7600,7600,0
2022-09-08 13:07:00,7600,7600,7600,7600,0
2022-09-08 13:08:00,7600,7600,7600,7600,0
2022-09-08 13:09:00,7600,7600,7600,7600,0
2022-09-08 13:10:00,7600,7600,7600,7600,0
2022-09-08 13:11:00,7600,7600,7600,7600,0
2022-09-08 13:12:00,7600,7600,7600,7600,0
2022-09-08 13:13:00,7600,7600,7600,7600,0
2022-09-08 13:14:00,7600,7600,7600,7600,0
2022-09-08 13:15:00,7600,7600,7600,7600,0
2022-09-08 13:16:00,7600,7600,7600,7600,0
2022-09-08 13:17:00,7600,7600,7600,7600,0
2022-09-08 13:18:00,7600,7600,7600,7600,0
2022-09-08 13:19:00,7600,7600,7600,7600,0
2022-09-08 13:20:00,7600,7600,7600,7600,0
2022-09-08 13:21:00,7600,7600,7600,7600,0
2022-09-08 13:22:00,7600,7600,7600,7600,0
2022-09-08 13:23:00,7600,7600,7600,7600,0
2022-09-08 13:24:00,7600,7600,7600,7600,0
2022-09-08 13:25:00,7600,7600,7600,7600,0
2022-09-08 13:26:00,7600,7600,7600,7600,0
2022-09-08 13:27:00,7600,7600,7600,7600,0
2022-09-08 13:28:00,7600,7600,7600,7600,0
2022-09-08 13:29:00,7600,7600,7600,7600,0
2022-09-08 13:30:00,7600,7600,7625,7600,17827500
2022-09-08 13:31:00,7600,7600,7600,7600,44800
2022-09-08 13:32:00,7600,7600,7600,7600,4600
2022-09-08 13:33:00,7600,7600,7600,7600,0
2022-09-08 13:34:00,7575,7575,7600,7600,67500
2022-09-08 13:35:00,7575,7575,7600,7600,18800
2022-09-08 13:36:00,7600,7600,7600,7600,91600
2022-09-08 13:37:00,7600,7600,7600,7600,7500
2022-09-08 13:38:00,7600,7600,7600,7600,22800
2022-09-08 13:39:00,7600,7600,7625,7600,24200
2022-09-08 13:40:00,7625,7600,7625,7600,15300
2022-09-08 13:41:00,7600,7600,7600,7600,80300
2022-09-08 13:42:00,7625,7600,7625,7600,14400
2022-09-08 13:43:00,7600,7600,7600,7600,3100
2022-09-08 13:44:00,7625,7600,7625,7600,17600
2022-09-08 13:45:00,7600,7575,7600,7575,8200
2022-09-08 13:46:00,7575,7575,7600,7600,400
2022-09-08 13:47:00,7600,7575,7600,7575,15500
2022-09-08 13:48:00,7575,7575,7600,7600,1600
2022-09-08 13:49:00,7600,7600,7600,7600,9900
2022-09-08 13:50:00,7600,7600,7600,7600,500
2022-09-08 13:51:00,7600,7575,7600,7575,9500
2022-09-08 13:52:00,7575,7575,7600,7600,126900
2022-09-08 13:53:00,7600,7575,7600,7575,44600
2022-09-08 13:54:00,7575,7575,7575,7575,133700
2022-09-08 13:55:00,7550,7550,7575,7550,21000
2022-09-08 13:56:00,7550,7550,7550,7550,1300
2022-09-08 13:57:00,7550,7525,7550,7550,342900
2022-09-08 13:58:00,7550,7550,7550,7550,83000
2022-09-08 13:59:00,7550,7525,7550,7525,11400
2022-09-08 14:00:00,7525,7525,7550,7550,1300
2022-09-08 14:01:00,7550,7525,7550,7525,103800
2022-09-08 14:02:00,7550,7525,7550,7525,119100
2022-09-08 14:03:00,7525,7525,7550,7525,99900
2022-09-08 14:04:00,7525,7525,7525,7525,0
2022-09-08 14:05:00,7525,7525,7550,7550,54900
2022-09-08 14:06:00,7550,7550,7550,7550,40500
2022-09-08 14:07:00,7550,7550,7550,7550,0
2022-09-08 14:08:00,7550,7550,7550,7550,58000
2022-09-08 14:09:00,7575,7550,7575,7575,52100
2022-09-08 14:10:00,7575,7550,7575,7550,17100
2022-09-08 14:11:00,7575,7575,7575,7575,31800
2022-09-08 14:12:00,7575,7575,7600,7575,10900
2022-09-08 14:13:00,7575,7550,7575,7550,14500
2022-09-08 14:14:00,7550,7550,7550,7550,100
2022-09-08 14:15:00,7550,7550,7550,7550,113200
2022-09-08 14:16:00,7550,7550,7575,7550,61900
2022-09-08 14:17:00,7550,7550,7550,7550,57500
2022-09-08 14:18:00,7550,7550,7550,7550,62600
2022-09-08 14:19:00,7550,7550,7550,7550,0
2022-09-08 14:20:00,7525,7525,7575,7575,44600
2022-09-08 14:21:00,7575,7550,7575,7575,24900
2022-09-08 14:22:00,7600,7575,7600,7575,9800
2022-09-08 14:23:00,7575,7575,7575,7575,3900
2022-09-08 14:24:00,7600,7575,7600,7575,23700
2022-09-08 14:25:00,7600,7550,7600,7550,83300
2022-09-08 14:26:00,7575,7575,7575,7575,100
2022-09-08 14:27:00,7550,7550,7550,7550,4500
2022-09-08 14:28:00,7550,7550,7550,7550,3900
2022-09-08 14:29:00,7575,7575,7575,7575,11300
2022-09-08 14:30:00,7575,7550,7575,7550,23000
2022-09-08 14:31:00,7575,7550,7575,7550,131100
2022-09-08 14:32:00,7550,7550,7550,7550,41000
2022-09-08 14:33:00,7575,7550,7575,7550,25700
2022-09-08 14:34:00,7550,7550,7575,7575,3000
2022-09-08 14:35:00,7575,7550,7575,7575,22500
2022-09-08 14:36:00,7550,7550,7575,7550,42000
2022-09-08 14:37:00,7575,7550,7575,7550,27100
2022-09-08 14:38:00,7575,7575,7575,7575,1900
2022-09-08 14:39:00,7575,7550,7575,7550,23400
2022-09-08 14:40:00,7575,7550,7575,7550,10800
2022-09-08 14:41:00,7575,7550,7575,7550,33100
2022-09-08 14:42:00,7575,7550,7575,7575,21600
2022-09-08 14:43:00,7575,7550,7575,7550,38400
2022-09-08 14:44:00,7575,7550,7575,7575,29200
2022-09-08 14:45:00,7575,7550,7575,7550,218200
2022-09-08 14:46:00,7550,7550,7575,7550,0
2022-09-08 14:47:00,7550,7550,7550,7550,124200
2022-09-08 14:48:00,7550,7550,7575,7550,71600
2022-09-08 14:49:00,7575,7550,7575,7550,24500
2022-09-08 14:50:00,7575,7550,7575,7550,0
2022-09-08 14:51:00,7575,7550,7575,7550,0
2022-09-08 14:52:00,7575,7550,7575,7550,0
2022-09-08 14:53:00,7575,7550,7575,7550,0
2022-09-08 14:54:00,7575,7550,7575,7550,0
2022-09-08 14:55:00,7575,7550,7575,7550,0
2022-09-08 14:56:00,7575,7550,7575,7550,0
2022-09-08 14:57:00,7575,7550,7575,7550,0
2022-09-08 14:58:00,7575,7550,7575,7550,0
2022-09-08 14:59:00,7575,7550,7575,7550,0
2022-09-08 15:00:00,7525,7525,7525,7525,664600
2022-09-08 15:01:00,7525,7525,7525,7525,13900
2022-09-08 15:02:00,7525,7525,7525,7525,8000
2022-09-08 15:03:00,7525,7525,7525,7525,11700
2022-09-08 15:04:00,7525,7525,7525,7525,1900
2022-09-08 15:05:00,7525,7525,7525,7525,1600
2022-09-08 15:06:00,7525,7525,7525,7525,6000
2022-09-08 15:07:00,7525,7525,7525,7525,7600
2022-09-08 15:08:00,7525,7525,7525,7525,0
2022-09-08 15:09:00,7525,7525,7525,7525,7700
2022-09-08 15:10:00,7525,7525,7525,7525,0
2022-09-08 15:11:00,7525,7525,7525,7525,5300
2022-09-08 15:12:00,7525,7525,7525,7525,3700
2022-09-08 15:13:00,7525,7525,7525,7525,31900
2022-09-08 15:14:00,7525,7525,7525,7525,21743800
2022-09-08 15:15:00,7525,7525,7525,7525,0
2022-09-08 15:16:00,7525,7525,7525,7525,0
2022-09-08 15:17:00,7525,7525,7525,7525,0
2022-09-08 15:18:00,7525,7525,7525,7525,0
2022-09-08 15:19:00,7525,7525,7525,7525,0
2022-09-08 15:20:00,7525,7525,7525,7525,0
2022-09-08 15:21:00,7525,7525,7525,7525,0
2022-09-08 15:22:00,7525,7525,7525,7525,0
2022-09-08 15:23:00,7525,7525,7525,7525,0
2022-09-08 15:24:00,7525,7525,7525,7525,0
2022-09-08 15:25:00,7525,7525,7525,7525,0
2022-09-08 15:26:00,7525,7525,7525,7525,0
2022-09-08 15:27:00,7525,7525,7525,7525,0
2022-09-08 15:28:00,7525,7525,7525,7525,0
2022-09-08 15:29:00,7525,7525,7525,7525,0
2022-09-08 15:30:00,7525,7525,7525,7525,0
2022-09-08 15:31:00,7525,7525,7525,7525,0
2022-09-08 15:32:00,7525,7525,7525,7525,0
2022-09-08 15:33:00,7525,7525,7525,7525,0
2022-09-08 15:34:00,7525,7525,7525,7525,0
2022-09-08 15:35:00,7525,7525,7525,7525,0
2022-09-08 15:36:00,7525,7525,7525,7525,0
2022-09-08 15:37:00,7525,7525,7525,7525,0
2022-09-08 15:38:00,7525,7525,7525,7525,0
2022-09-08 15:39:00,7525,7525,7525,7525,0
2022-09-08 15:40:00,7525,7525,7525,7525,0
2022-09-08 15:41:00,7525,7525,7525,7525,0
2022-09-08 15:42:00,7525,7525,7525,7525,0
2022-09-08 15:43:00,7525,7525,7525,7525,0
2022-09-08 15:44:00,7525,7525,7525,7525,0
2022-09-08 15:45:00,7525,7525,7525,7525,0
2022-09-08 15:46:00,7525,7525,7525,7525,0
2022-09-08 15:47:00,7525,7525,7525,7525,0
2022-09-08 15:48:00,7525,7525,7525,7525,0
2022-09-08 15:49:00,7525,7525,7525,7525,0
2022-09-08 15:50:00,7525,7525,7525,7525,0
2022-09-08 15:51:00,7525,7525,7525,7525,0
2022-09-08 15:52:00,7525,7525,7525,7525,0
2022-09-08 15:53:00,7525,7525,7525,7525,0
2022-09-08 15:54:00,7525,7525,7525,7525,0
2022-09-08 15:55:00,7525,7525,7525,7525,0
2022-09-08 15:56:00,7525,7525,7525,7525,0
2022-09-08 15:57:00,7525,7525,7525,7525,0
2022-09-08 15:58:00,7525,7525,7525,7525,0
2022-09-08 15:59:00,7525,7525,7525,7525,0
2022-09-09 09:00:00,7525,7525,7625,7600,0
2022-09-09 09:01:00,7600,7600,7650,7600,131700
2022-09-09 09:02:00,7600,7575,7600,7575,112400
2022-09-09 09:03:00,7575,7575,7600,7575,110300
2022-09-09 09:04:00,7550,7550,7600,7600,35100
2022-09-09 09:05:00,7600,7525,7600,7550,211100
2022-09-09 09:06:00,7550,7525,7550,7525,73000
2022-09-09 09:07:00,7525,7475,7550,7475,362900
2022-09-09 09:08:00,7475,7475,7525,7500,85000
2022-09-09 09:09:00,7500,7500,7575,7575,84300
2022-09-09 09:10:00,7550,7550,7575,7575,0
2022-09-09 09:11:00,7550,7550,7550,7550,19600
2022-09-09 09:12:00,7550,7525,7575,7550,14500
2022-09-09 09:13:00,7550,7525,7550,7525,55800
2022-09-09 09:14:00,7525,7500,7525,7500,22300
2022-09-09 09:15:00,7525,7500,7525,7525,8700
2022-09-09 09:16:00,7525,7500,7525,7525,3600
2022-09-09 09:17:00,7525,7500,7550,7550,107600
2022-09-09 09:18:00,7575,7550,7600,7575,49200
2022-09-09 09:19:00,7600,7575,7600,7575,43200
2022-09-09 09:20:00,7575,7550,7575,7550,16400
2022-09-09 09:21:00,7550,7550,7575,7575,6300
2022-09-09 09:22:00,7575,7525,7575,7525,7900
2022-09-09 09:23:00,7550,7525,7550,7525,8000
2022-09-09 09:24:00,7525,7525,7575,7550,37900
2022-09-09 09:25:00,7575,7575,7575,7575,700
2022-09-09 09:26:00,7550,7550,7575,7550,19100
2022-09-09 09:27:00,7550,7550,7550,7550,39300
2022-09-09 09:28:00,7550,7550,7550,7550,24100
2022-09-09 09:29:00,7575,7550,7575,7550,10100
2022-09-09 09:30:00,7550,7550,7575,7550,67900
2022-09-09 09:31:00,7550,7550,7575,7575,54200
2022-09-09 09:32:00,7575,7575,7575,7575,300
2022-09-09 09:33:00,7575,7550,7650,7650,511500
2022-09-09 09:34:00,7625,7625,7650,7625,52700
2022-09-09 09:35:00,7625,7625,7650,7650,311500
2022-09-09 09:36:00,7650,7650,7650,7650,157800
2022-09-09 09:37:00,7650,7650,7675,7650,16200
2022-09-09 09:38:00,7675,7650,7675,7650,6400
2022-09-09 09:39:00,7650,7650,7700,7675,77400
2022-09-09 09:40:00,7675,7675,7700,7675,60000
2022-09-09 09:41:00,7675,7675,7700,7700,366800
2022-09-09 09:42:00,7700,7675,7700,7700,329700
2022-09-09 09:43:00,7700,7675,7700,7700,0
2022-09-09 09:44:00,7675,7650,7675,7650,110000
2022-09-09 09:45:00,7675,7675,7675,7675,17600
2022-09-09 09:46:00,7675,7650,7675,7675,5900
2022-09-09 09:47:00,7675,7650,7675,7650,12100
2022-09-09 09:48:00,7675,7650,7675,7650,12200
2022-09-09 09:49:00,7675,7675,7675,7675,2900
2022-09-09 09:50:00,7675,7650,7675,7675,53000
2022-09-09 09:51:00,7650,7650,7675,7675,10700
2022-09-09 09:52:00,7675,7650,7675,7675,90100
2022-09-09 09:53:00,7675,7675,7675,7675,36100
2022-09-09 09:54:00,7675,7650,7675,7675,1200
2022-09-09 09:55:00,7675,7650,7675,7650,75100
2022-09-09 09:56:00,7650,7625,7675,7625,59100
2022-09-09 09:57:00,7650,7625,7650,7625,16400
2022-09-09 09:58:00,7650,7625,7650,7625,8600
2022-09-09 09:59:00,7625,7625,7650,7650,1600
2022-09-09 10:00:00,7625,7625,7625,7625,78100
2022-09-09 10:01:00,7625,7600,7625,7625,9400
2022-09-09 10:02:00,7625,7600,7625,7600,6600
2022-09-09 10:03:00,7600,7600,7625,7600,154200
2022-09-09 10:04:00,7575,7575,7625,7600,17900
2022-09-09 10:05:00,7600,7600,7625,7625,2600
2022-09-09 10:06:00,7600,7600,7600,7600,1400
2022-09-09 10:07:00,7600,7600,7600,7600,2800
2022-09-09 10:08:00,7600,7600,7600,7600,14900
2022-09-09 10:09:00,7600,7600,7600,7600,17900
2022-09-09 10:10:00,7600,7600,7600,7600,0
2022-09-09 10:11:00,7600,7600,7600,7600,64400
2022-09-09 10:12:00,7600,7600,7600,7600,24400
2022-09-09 10:13:00,7575,7575,7575,7575,6900
2022-09-09 10:14:00,7575,7575,7600,7600,24000
2022-09-09 10:15:00,7600,7600,7625,7625,41000
2022-09-09 10:16:00,7625,7625,7625,7625,2900
2022-09-09 10:17:00,7625,7625,7625,7625,1600
2022-09-09 10:18:00,7625,7625,7625,7625,2100
2022-09-09 10:19:00,7625,7600,7625,7600,19700
2022-09-09 10:20:00,7625,7600,7625,7600,2700
2022-09-09 10:21:00,7600,7600,7600,7600,45000
2022-09-09 10:22:00,7600,7600,7600,7600,48600
2022-09-09 10:23:00,7600,7600,7600,7600,10300
2022-09-09 10:24:00,7600,7600,7600,7600,2000
2022-09-09 10:25:00,7600,7600,7600,7600,200
2022-09-09 10:26:00,7600,7600,7600,7600,6400
2022-09-09 10:27:00,7600,7600,7625,7625,2500
2022-09-09 10:28:00,7600,7600,7625,7625,0
2022-09-09 10:29:00,7600,7600,7600,7600,6500
2022-09-09 10:30:00,7600,7600,7600,7600,24900
2022-09-09 10:31:00,7600,7600,7600,7600,9200
2022-09-09 10:32:00,7600,7600,7600,7600,2600
2022-09-09 10:33:00,7600,7600,7625,7625,67100
2022-09-09 10:34:00,7600,7600,7625,7625,0
2022-09-09 10:35:00,7625,7625,7625,7625,20800
2022-09-09 10:36:00,7625,7625,7625,7625,21100
2022-09-09 10:37:00,7625,7625,7625,7625,1000
2022-09-09 10:38:00,7625,7625,7625,7625,5800
2022-09-09 10:39:00,7625,7625,7625,7625,0
2022-09-09 10:40:00,7600,7600,7600,7600,1300
2022-09-09 10:41:00,7600,7600,7600,7600,3300
2022-09-09 10:42:00,7600,7600,7600,7600,0
2022-09-09 10:43:00,7600,7600,7625,7625,0
2022-09-09 10:44:00,7600,7600,7600,7600,6900
2022-09-09 10:45:00,7625,7600,7625,7600,1100
2022-09-09 10:46:00,7625,7600,7625,7600,0
2022-09-09 10:47:00,7625,7600,7625,7600,0
2022-09-09 10:48:00,7625,7600,7625,7600,0
2022-09-09 10:49:00,7600,7600,7625,7625,50500
2022-09-09 10:50:00,7600,7600,7625,7625,0
2022-09-09 10:51:00,7600,7600,7600,7600,400
2022-09-09 10:52:00,7600,7600,7600,7600,0
2022-09-09 10:53:00,7600,7575,7600,7600,247700
2022-09-09 10:54:00,7600,7600,7600,7600,35700
2022-09-09 10:55:00,7600,7575,7600,7575,23800
2022-09-09 10:56:00,7575,7575,7600,7575,47200
2022-09-09 10:57:00,7600,7600,7600,7600,4300
2022-09-09 10:58:00,7600,7600,7600,7600,0
2022-09-09 10:59:00,7575,7575,7600,7600,68500
2022-09-09 11:00:00,7600,7600,7600,7600,0
2022-09-09 11:01:00,7575,7575,7600,7575,2900
2022-09-09 11:02:00,7575,7575,7600,7575,3000
2022-09-09 11:03:00,7600,7575,7600,7575,1400
2022-09-09 11:04:00,7575,7575,7575,7575,1500
2022-09-09 11:05:00,7600,7600,7600,7600,0
2022-09-09 11:06:00,7600,7600,7600,7600,0
2022-09-09 11:07:00,7600,7575,7600,7575,3500
2022-09-09 11:08:00,7600,7600,7600,7600,6200
2022-09-09 11:09:00,7600,7600,7600,7600,0
2022-09-09 11:10:00,7600,7600,7600,7600,94900
2022-09-09 11:11:00,7600,7600,7600,7600,6500
2022-09-09 11:12:00,7600,7600,7600,7600,6000
2022-09-09 11:13:00,7600,7600,7600,7600,0
2022-09-09 11:14:00,7575,7575,7600,7600,28200
2022-09-09 11:15:00,7600,7600,7600,7600,0
2022-09-09 11:16:00,7600,7600,7625,7625,15200
2022-09-09 11:17:00,7600,7600,7675,7675,263400
2022-09-09 11:18:00,7675,7675,7675,7675,1300
2022-09-09 11:19:00,7675,7625,7675,7650,7300
2022-09-09 11:20:00,7625,7625,7650,7650,600
2022-09-09 11:21:00,7625,7625,7650,7650,0
2022-09-09 11:22:00,7625,7625,7625,7625,4300
2022-09-09 11:23:00,7650,7650,7650,7650,9500
2022-09-09 11:24:00,7650,7650,7650,7650,0
2022-09-09 11:25:00,7650,7650,7650,7650,41500
2022-09-09 11:26:00,7650,7650,7650,7650,0
2022-09-09 11:27:00,7650,7650,7650,7650,29700
2022-09-09 11:28:00,7650,7650,7650,7650,10000
2022-09-09 11:29:00,7650,7650,7650,7650,0
2022-09-09 11:30:00,7650,7650,7650,7650,0
2022-09-09 11:31:00,7650,7650,7650,7650,0
2022-09-09 11:32:00,7650,7650,7650,7650,0
2022-09-09 11:33:00,7650,7650,7650,7650,0
2022-09-09 11:34:00,7650,7650,7650,7650,0
2022-09-09 11:35:00,7650,7650,7650,7650,0
2022-09-09 11:36:00,7650,7650,7650,7650,0
2022-09-09 11:37:00,7650,7650,7650,7650,0
2022-09-09 11:38:00,7650,7650,7650,7650,0
2022-09-09 11:39:00,7650,7650,7650,7650,0
2022-09-09 11:40:00,7650,7650,7650,7650,0
2022-09-09 11:41:00,7650,7650,7650,7650,0
2022-09-09 11:42:00,7650,7650,7650,7650,0
2022-09-09 11:43:00,7650,7650,7650,7650,0
2022-09-09 11:44:00,7650,7650,7650,7650,0
2022-09-09 11:45:00,7650,7650,7650,7650,0
2022-09-09 11:46:00,7650,7650,7650,7650,0
2022-09-09 11:47:00,7650,7650,7650,7650,0
2022-09-09 11:48:00,7650,7650,7650,7650,0
2022-09-09 11:49:00,7650,7650,7650,7650,0
2022-09-09 11:50:00,7650,7650,7650,7650,0
2022-09-09 11:51:00,7650,7650,7650,7650,0
2022-09-09 11:52:00,7650,7650,7650,7650,0
2022-09-09 11:53:00,7650,7650,7650,7650,0
2022-09-09 11:54:00,7650,7650,7650,7650,0
2022-09-09 11:55:00,7650,7650,7650,7650,0
2022-09-09 11:56:00,7650,7650,7650,7650,0
2022-09-09 11:57:00,7650,7650,7650,7650,0
2022-09-09 11:58:00,7650,7650,7650,7650,0
2022-09-09 11:59:00,7650,7650,7650,7650,0
2022-09-09 12:00:00,7650,7650,7650,7650,0
2022-09-09 12:01:00,7650,7650,7650,7650,0
2022-09-09 12:02:00,7650,7650,7650,7650,0
2022-09-09 12:03:00,7650,7650,7650,7650,0
2022-09-09 12:04:00,7650,7650,7650,7650,0
2022-09-09 12:05:00,7650,7650,7650,7650,0
2022-09-09 12:06:00,7650,7650,7650,7650,0
2022-09-09 12:07:00,7650,7650,7650,7650,0
2022-09-09 12:08:00,7650,7650,7650,7650,0
2022-09-09 12:09:00,7650,7650,7650,7650,0
2022-09-09 12:10:00,7650,7650,7650,7650,0
2022-09-09 12:11:00,7650,7650,7650,7650,0
2022-09-09 12:12:00,7650,7650,7650,7650,0
2022-09-09 12:13:00,7650,7650,7650,7650,0
2022-09-09 12:14:00,7650,7650,7650,7650,0
2022-09-09 12:15:00,7650,7650,7650,7650,0
2022-09-09 12:16:00,7650,7650,7650,7650,0
2022-09-09 12:17:00,7650,7650,7650,7650,0
2022-09-09 12:18:00,7650,7650,7650,7650,0
2022-09-09 12:19:00,7650,7650,7650,7650,0
2022-09-09 12:20:00,7650,7650,7650,7650,0
2022-09-09 12:21:00,7650,7650,7650,7650,0
2022-09-09 12:22:00,7650,7650,7650,7650,0
2022-09-09 12:23:00,7650,7650,7650,7650,0
2022-09-09 12:24:00,7650,7650,7650,7650,0
2022-09-09 12:25:00,7650,7650,7650,7650,0
2022-09-09 12:26:00,7650,7650,7650,7650,0
2022-09-09 12:27:00,7650,7650,7650,7650,0
2022-09-09 12:28:00,7650,7650,7650,7650,0
2022-09-09 12:29:00,7650,7650,7650,7650,0
2022-09-09 12:30:00,7650,7650,7650,7650,0
2022-09-09 12:31:00,7650,7650,7650,7650,0
2022-09-09 12:32:00,7650,7650,7650,7650,0
2022-09-09 12:33:00,7650,7650,7650,7650,0
2022-09-09 12:34:00,7650,7650,7650,7650,0
2022-09-09 12:35:00,7650,7650,7650,7650,0
2022-09-09 12:36:00,7650,7650,7650,7650,0
2022-09-09 12:37:00,7650,7650,7650,7650,0
2022-09-09 12:38:00,7650,7650,7650,7650,0
2022-09-09 12:39:00,7650,7650,7650,7650,0
2022-09-09 12:40:00,7650,7650,7650,7650,0
2022-09-09 12:41:00,7650,7650,7650,7650,0
2022-09-09 12:42:00,7650,7650,7650,7650,0
2022-09-09 12:43:00,7650,7650,7650,7650,0
2022-09-09 12:44:00,7650,7650,7650,7650,0
2022-09-09 12:45:00,7650,7650,7650,7650,0
2022-09-09 12:46:00,7650,7650,7650,7650,0
2022-09-09 12:47:00,7650,7650,7650,7650,0
2022-09-09 12:48:00,7650,7650,7650,7650,0
2022-09-09 12:49:00,7650,7650,7650,7650,0
2022-09-09 12:50:00,7650,7650,7650,7650,0
2022-09-09 12:51:00,7650,7650,7650,7650,0
2022-09-09 12:52:00,7650,7650,7650,7650,0
2022-09-09 12:53:00,7650,7650,7650,7650,0
2022-09-09 12:54:00,7650,7650,7650,7650,0
2022-09-09 12:55:00,7650,7650,7650,7650,0
2022-09-09 12:56:00,7650,7650,7650,7650,0
2022-09-09 12:57:00,7650,7650,7650,7650,0
2022-09-09 12:58:00,7650,7650,7650,7650,0
2022-09-09 12:59:00,7650,7650,7650,7650,0
2022-09-09 13:00:00,7650,7650,7650,7650,0
2022-09-09 13:01:00,7650,7650,7650,7650,0
2022-09-09 13:02:00,7650,7650,7650,7650,0
2022-09-09 13:03:00,7650,7650,7650,7650,0
2022-09-09 13:04:00,7650,7650,7650,7650,0
2022-09-09 13:05:00,7650,7650,7650,7650,0
2022-09-09 13:06:00,7650,7650,7650,7650,0
2022-09-09 13:07:00,7650,7650,7650,7650,0
2022-09-09 13:08:00,7650,7650,7650,7650,0
2022-09-09 13:09:00,7650,7650,7650,7650,0
2022-09-09 13:10:00,7650,7650,7650,7650,0
2022-09-09 13:11:00,7650,7650,7650,7650,0
2022-09-09 13:12:00,7650,7650,7650,7650,0
2022-09-09 13:13:00,7650,7650,7650,7650,0
2022-09-09 13:14:00,7650,7650,7650,7650,0
2022-09-09 13:15:00,7650,7650,7650,7650,0
2022-09-09 13:16:00,7650,7650,7650,7650,0
2022-09-09 13:17:00,7650,7650,7650,7650,0
2022-09-09 13:18:00,7650,7650,7650,7650,0
2022-09-09 13:19:00,7650,7650,7650,7650,0
2022-09-09 13:20:00,7650,7650,7650,7650,0
2022-09-09 13:21:00,7650,7650,7650,7650,0
2022-09-09 13:22:00,7650,7650,7650,7650,0
2022-09-09 13:23:00,7650,7650,7650,7650,0
2022-09-09 13:24:00,7650,7650,7650,7650,0
2022-09-09 13:25:00,7650,7650,7650,7650,0
2022-09-09 13:26:00,7650,7650,7650,7650,0
2022-09-09 13:27:00,7650,7650,7650,7650,0
2022-09-09 13:28:00,7650,7650,7650,7650,0
2022-09-09 13:29:00,7650,7650,7650,7650,0
2022-09-09 13:30:00,7650,7600,7650,7600,126900
2022-09-09 13:31:00,7650,7600,7650,7600,0
2022-09-09 13:32:00,7650,7600,7650,7600,0
2022-09-09 13:33:00,7600,7600,7600,7600,101700
2022-09-09 13:34:00,7600,7600,7625,7625,4900
2022-09-09 13:35:00,7625,7625,7625,7625,15300
2022-09-09 13:36:00,7625,7625,7625,7625,15500
2022-09-09 13:37:00,7625,7625,7625,7625,0
2022-09-09 13:38:00,7625,7625,7625,7625,13200
2022-09-09 13:39:00,7600,7600,7600,7600,300
2022-09-09 13:40:00,7625,7600,7625,7600,9200
2022-09-09 13:41:00,7600,7600,7625,7600,5400
2022-09-09 13:42:00,7625,7600,7625,7600,6300
2022-09-09 13:43:00,7600,7600,7625,7625,3800
2022-09-09 13:44:00,7600,7600,7625,7625,2600
2022-09-09 13:45:00,7600,7600,7625,7625,22700
2022-09-09 13:46:00,7625,7600,7625,7625,38800
2022-09-09 13:47:00,7625,7600,7625,7625,0
2022-09-09 13:48:00,7625,7600,7625,7625,0
2022-09-09 13:49:00,7600,7600,7600,7600,0
2022-09-09 13:50:00,7600,7600,7625,7600,82300
2022-09-09 13:51:00,7625,7600,7625,7600,0
2022-09-09 13:52:00,7625,7600,7625,7600,0
2022-09-09 13:53:00,7625,7625,7625,7625,19300
2022-09-09 13:54:00,7600,7600,7625,7625,12000
2022-09-09 13:55:00,7625,7625,7650,7650,49500
2022-09-09 13:56:00,7625,7625,7650,7625,1500
2022-09-09 13:57:00,7650,7625,7650,7625,24400
2022-09-09 13:58:00,7625,7625,7650,7625,45900
2022-09-09 13:59:00,7625,7625,7650,7625,0
2022-09-09 14:00:00,7625,7625,7625,7625,200
2022-09-09 14:01:00,7625,7600,7625,7625,9100
2022-09-09 14:02:00,7625,7625,7625,7625,19600
2022-09-09 14:03:00,7625,7625,7650,7650,20400
2022-09-09 14:04:00,7625,7625,7650,7650,18200
2022-09-09 14:05:00,7650,7625,7675,7675,129100
2022-09-09 14:06:00,7650,7650,7675,7650,4300
2022-09-09 14:07:00,7650,7650,7675,7650,0
2022-09-09 14:08:00,7650,7650,7650,7650,28000
2022-09-09 14:09:00,7650,7650,7650,7650,20900
2022-09-09 14:10:00,7650,7650,7650,7650,500
2022-09-09 14:11:00,7650,7625,7650,7625,600
2022-09-09 14:12:00,7650,7650,7650,7650,6300
2022-09-09 14:13:00,7650,7650,7650,7650,1900
2022-09-09 14:14:00,7625,7625,7650,7650,98200
2022-09-09 14:15:00,7650,7650,7650,7650,27600
2022-09-09 14:16:00,7650,7650,7650,7650,14100
2022-09-09 14:17:00,7650,7625,7650,7625,13100
2022-09-09 14:18:00,7650,7650,7650,7650,18900
2022-09-09 14:19:00,7650,7650,7650,7650,0
2022-09-09 14:20:00,7650,7625,7650,7625,1300
2022-09-09 14:21:00,7650,7625,7650,7650,102000
2022-09-09 14:22:00,7625,7625,7650,7650,0
2022-09-09 14:23:00,7625,7625,7625,7625,600
2022-09-09 14:24:00,7625,7625,7650,7650,47900
2022-09-09 14:25:00,7625,7625,7650,7650,0
2022-09-09 14:26:00,7650,7625,7650,7625,0
2022-09-09 14:27:00,7650,7625,7650,7650,52300
2022-09-09 14:28:00,7650,7650,7675,7675,236900
2022-09-09 14:29:00,7675,7675,7675,7675,12300
2022-09-09 14:30:00,7675,7650,7675,7650,13900
2022-09-09 14:31:00,7675,7650,7675,7650,0
2022-09-09 14:32:00,7650,7650,7675,7650,71100
2022-09-09 14:33:00,7650,7650,7650,7650,6800
2022-09-09 14:34:00,7650,7650,7650,7650,67200
2022-09-09 14:35:00,7650,7650,7650,7650,26600
2022-09-09 14:36:00,7650,7650,7650,7650,13700
2022-09-09 14:37:00,7650,7625,7675,7625,0
2022-09-09 14:38:00,7625,7625,7625,7625,100
2022-09-09 14:39:00,7650,7625,7650,7625,600
2022-09-09 14:40:00,7625,7625,7650,7625,1000
2022-09-09 14:41:00,7625,7625,7625,7625,1700
2022-09-09 14:42:00,7625,7625,7650,7650,55700
2022-09-09 14:43:00,7650,7625,7650,7650,50400
2022-09-09 14:44:00,7625,7625,7625,7625,95400
2022-09-09 14:45:00,7650,7625,7650,7625,0
2022-09-09 14:46:00,7625,7625,7650,7625,22700
2022-09-09 14:47:00,7625,7625,7625,7625,84900
2022-09-09 14:48:00,7600,7600,7625,7625,48600
2022-09-09 14:49:00,7600,7600,7625,7600,22000
2022-09-09 14:50:00,7600,7600,7625,7600,0
2022-09-09 14:51:00,7600,7600,7625,7600,0
2022-09-09 14:52:00,7600,7600,7625,7600,0
2022-09-09 14:53:00,7600,7600,7625,7600,0
2022-09-09 14:54:00,7600,7600,7625,7600,0
2022-09-09 14:55:00,7600,7600,7625,7600,0
2022-09-09 14:56:00,7600,7600,7625,7600,0
2022-09-09 14:57:00,7600,7600,7625,7600,0
2022-09-09 14:58:00,7600,7600,7625,7600,0
2022-09-09 14:59:00,7600,7600,7625,7600,0
2022-09-09 15:00:00,7600,7600,7600,7600,257800
2022-09-09 15:01:00,7600,7600,7600,7600,46900
2022-09-09 15:02:00,7600,7600,7600,7600,9700
2022-09-09 15:03:00,7600,7600,7600,7600,1000
2022-09-09 15:04:00,7600,7600,7600,7600,33800
2022-09-09 15:05:00,7600,7600,7600,7600,11400
2022-09-09 15:06:00,7600,7600,7600,7600,1000
2022-09-09 15:07:00,7600,7600,7600,7600,20100
2022-09-09 15:08:00,7600,7600,7600,7600,46600
2022-09-09 15:09:00,7600,7600,7600,7600,0
2022-09-09 15:10:00,7600,7600,7600,7600,0
2022-09-09 15:11:00,7600,7600,7600,7600,0
2022-09-09 15:12:00,7600,7600,7600,7600,100
2022-09-09 15:13:00,7600,7600,7600,7600,1800
2022-09-09 15:14:00,7600,7600,7600,7600,600
2022-09-09 15:15:00,7600,7600,7600,7600,0
2022-09-09 15:16:00,7600,7600,7600,7600,0
2022-09-09 15:17:00,7600,7600,7600,7600,0
2022-09-09 15:18:00,7600,7600,7600,7600,0
2022-09-09 15:19:00,7600,7600,7600,7600,0
2022-09-09 15:20:00,7600,7600,7600,7600,0
2022-09-09 15:21:00,7600,7600,7600,7600,0
2022-09-09 15:22:00,7600,7600,7600,7600,0
2022-09-09 15:23:00,7600,7600,7600,7600,0
2022-09-09 15:24:00,7600,7600,7600,7600,0
2022-09-09 15:25:00,7600,7600,7600,7600,0
2022-09-09 15:26:00,7600,7600,7600,7600,0
2022-09-09 15:27:00,7600,7600,7600,7600,0
2022-09-09 15:28:00,7600,7600,7600,7600,0
2022-09-09 15:29:00,7600,7600,7600,7600,0
2022-09-09 15:30:00,7600,7600,7600,7600,0
2022-09-09 15:31:00,7600,7600,7600,7600,0
2022-09-09 15:32:00,7600,7600,7600,7600,0
2022-09-09 15:33:00,7600,7600,7600,7600,0
2022-09-09 15:34:00,7600,7600,7600,7600,0
2022-09-09 15:35:00,7600,7600,7600,7600,0
2022-09-09 15:36:00,7600,7600,7600,7600,0
2022-09-09 15:37:00,7600,7600,7600,7600,0
2022-09-09 15:38:00,7600,7600,7600,7600,0
2022-09-09 15:39:00,7600,7600,7600,7600,0
2022-09-09 15:40:00,7600,7600,7600,7600,0
2022-09-09 15:41:00,7600,7600,7600,7600,0
2022-09-09 15:42:00,7600,7600,7600,7600,0
2022-09-09 15:43:00,7600,7600,7600,7600,0
2022-09-09 15:44:00,7600,7600,7600,7600,0
2022-09-09 15:45:00,7600,7600,7600,7600,0
2022-09-09 15:46:00,7600,7600,7600,7600,0
2022-09-09 15:47:00,7600,7600,7600,7600,0
2022-09-09 15:48:00,7600,7600,7600,7600,0
2022-09-09 15:49:00,7600,7600,7600,7600,0
2022-09-09 15:50:00,7600,7600,7600,7600,0
2022-09-09 15:51:00,7600,7600,7600,7600,0
2022-09-09 15:52:00,7600,7600,7600,7600,0
2022-09-09 15:53:00,7600,7600,7600,7600,0
2022-09-09 15:54:00,7600,7600,7600,7600,0
2022-09-09 15:55:00,7600,7600,7600,7600,0
2022-09-09 15:56:00,7600,7600,7600,7600,0
2022-09-09 15:57:00,7600,7600,7600,7600,0
2022-09-09 15:58:00,7600,7600,7600,7600,0
2022-09-09 15:59:00,7600,7600,7600,7600,0
2022-09-12 09:00:00,7625,7625,7650,7625,0
2022-09-12 09:01:00,7650,7650,7675,7675,18200
2022-09-12 09:02:00,7650,7650,7675,7650,31400
2022-09-12 09:03:00,7675,7675,7725,7725,68300
2022-09-12 09:04:00,7725,7725,7800,7800,144600
2022-09-12 09:05:00,7775,7750,7800,7750,159300
2022-09-12 09:06:00,7750,7725,7750,7725,31500
2022-09-12 09:07:00,7725,7700,7750,7725,183300
2022-09-12 09:08:00,7700,7700,7750,7725,7700
2022-09-12 09:09:00,7750,7725,7750,7725,48100
2022-09-12 09:10:00,7725,7700,7750,7750,9900
2022-09-12 09:11:00,7750,7750,7750,7750,78100
2022-09-12 09:12:00,7750,7750,7750,7750,10600
2022-09-12 09:13:00,7725,7725,7750,7725,72300
2022-09-12 09:14:00,7750,7725,7750,7750,29000
2022-09-12 09:15:00,7725,7700,7725,7700,59900
2022-09-12 09:16:00,7725,7700,7725,7700,20900
2022-09-12 09:17:00,7725,7725,7725,7725,20300
2022-09-12 09:18:00,7725,7725,7725,7725,39400
2022-09-12 09:19:00,7725,7725,7725,7725,9200
2022-09-12 09:20:00,7725,7725,7750,7725,11000
2022-09-12 09:21:00,7725,7725,7725,7725,50800
2022-09-12 09:22:00,7725,7725,7725,7725,2200
2022-09-12 09:23:00,7700,7700,7700,7700,21200
2022-09-12 09:24:00,7700,7675,7700,7675,50100
2022-09-12 09:25:00,7700,7675,7700,7675,1600
2022-09-12 09:26:00,7675,7675,7725,7700,30200
2022-09-12 09:27:00,7700,7700,7725,7700,37000
2022-09-12 09:28:00,7700,7700,7700,7700,9600
2022-09-12 09:29:00,7725,7700,7750,7750,178800
2022-09-12 09:30:00,7725,7725,7725,7725,6400
2022-09-12 09:31:00,7725,7725,7750,7750,14800
2022-09-12 09:32:00,7750,7725,7750,7725,2800
2022-09-12 09:33:00,7725,7725,7750,7750,68100
2022-09-12 09:34:00,7750,7725,7750,7750,13600
2022-09-12 09:35:00,7725,7725,7750,7750,17300
2022-09-12 09:36:00,7725,7725,7750,7750,10000
2022-09-12 09:37:00,7725,7725,7725,7725,55200
2022-09-12 09:38:00,7725,7725,7750,7750,112500
2022-09-12 09:39:00,7725,7725,7750,7725,5500
2022-09-12 09:40:00,7725,7725,7750,7750,4400
2022-09-12 09:41:00,7750,7725,7750,7750,102700
2022-09-12 09:42:00,7750,7725,7750,7750,48000
2022-09-12 09:43:00,7750,7725,7750,7750,102100
2022-09-12 09:44:00,7750,7750,7775,7775,243200
2022-09-12 09:45:00,7775,7750,7775,7750,68500
2022-09-12 09:46:00,7750,7750,7800,7775,131300
2022-09-12 09:47:00,7775,7775,7800,7775,132700
2022-09-12 09:48:00,7775,7775,7775,7775,0
2022-09-12 09:49:00,7775,7750,7775,7775,18000
2022-09-12 09:50:00,7750,7750,7775,7775,93100
2022-09-12 09:51:00,7775,7775,7775,7775,55700
2022-09-12 09:52:00,7775,7750,7775,7750,2200
2022-09-12 09:53:00,7775,7750,7775,7775,16400
2022-09-12 09:54:00,7775,7775,7775,7775,3900
2022-09-12 09:55:00,7775,7750,7775,7750,27100
2022-09-12 09:56:00,7775,7750,7775,7775,1900
2022-09-12 09:57:00,7775,7750,7775,7775,0
2022-09-12 09:58:00,7775,7775,7775,7775,64200
2022-09-12 09:59:00,7775,7775,7775,7775,2800
2022-09-12 10:00:00,7775,7775,7775,7775,44000
2022-09-12 10:01:00,7775,7750,7775,7775,42100
2022-09-12 10:02:00,7775,7775,7775,7775,22700
2022-09-12 10:03:00,7775,7775,7775,7775,10400
2022-09-12 10:04:00,7775,7775,7775,7775,24900
2022-09-12 10:05:00,7775,7775,7800,7775,134200
2022-09-12 10:06:00,7775,7750,7775,7750,1200
2022-09-12 10:07:00,7775,7750,7775,7775,2500
2022-09-12 10:08:00,7750,7750,7775,7750,3700
2022-09-12 10:09:00,7750,7750,7750,7750,2000
2022-09-12 10:10:00,7750,7750,7750,7750,200
2022-09-12 10:11:00,7750,7750,7750,7750,8100
2022-09-12 10:12:00,7775,7775,7775,7775,0
2022-09-12 10:13:00,7750,7750,7750,7750,7400
2022-09-12 10:14:00,7750,7750,7750,7750,19200
2022-09-12 10:15:00,7750,7750,7775,7750,86800
2022-09-12 10:16:00,7750,7750,7750,7750,31200
2022-09-12 10:17:00,7750,7750,7750,7750,0
2022-09-12 10:18:00,7750,7750,7750,7750,0
2022-09-12 10:19:00,7750,7750,7750,7750,0
2022-09-12 10:20:00,7750,7725,7750,7725,0
2022-09-12 10:21:00,7750,7725,7750,7725,0
2022-09-12 10:22:00,7725,7725,7750,7725,5300
2022-09-12 10:23:00,7725,7725,7750,7750,3000
2022-09-12 10:24:00,7725,7725,7750,7750,0
2022-09-12 10:25:00,7750,7725,7750,7725,100
2022-09-12 10:26:00,7725,7725,7725,7725,6600
2022-09-12 10:27:00,7725,7725,7725,7725,1100
2022-09-12 10:28:00,7725,7725,7725,7725,100
2022-09-12 10:29:00,7725,7725,7725,7725,3600
2022-09-12 10:30:00,7725,7725,7725,7725,0
2022-09-12 10:31:00,7725,7725,7725,7725,2300
2022-09-12 10:32:00,7725,7725,7725,7725,0
2022-09-12 10:33:00,7725,7725,7725,7725,200
2022-09-12 10:34:00,7725,7725,7750,7750,18100
2022-09-12 10:35:00,7725,7725,7725,7725,5800
2022-09-12 10:36:00,7725,7725,7725,7725,0
2022-09-12 10:37:00,7725,7725,7725,7725,1500
2022-09-12 10:38:00,7750,7750,7750,7750,600
2022-09-12 10:39:00,7750,7725,7750,7725,2800
2022-09-12 10:40:00,7750,7750,7750,7750,500
2022-09-12 10:41:00,7750,7725,7750,7750,3400
2022-09-12 10:42:00,7750,7750,7750,7750,5000
2022-09-12 10:43:00,7750,7750,7750,7750,11800
2022-09-12 10:44:00,7750,7725,7750,7725,107200
2022-09-12 10:45:00,7750,7725,7750,7725,53900
2022-09-12 10:46:00,7750,7725,7750,7725,0
2022-09-12 10:47:00,7700,7700,7700,7700,48900
2022-09-12 10:48:00,7700,7700,7725,7725,3800
2022-09-12 10:49:00,7700,7700,7725,7725,0
2022-09-12 10:50:00,7700,7700,7700,7700,0
2022-09-12 10:51:00,7700,7700,7700,7700,4400
2022-09-12 10:52:00,7725,7700,7725,7700,500
2022-09-12 10:53:00,7700,7700,7725,7700,17700
2022-09-12 10:54:00,7725,7700,7725,7725,1800
2022-09-12 10:55:00,7725,7725,7725,7725,10200
2022-09-12 10:56:00,7725,7725,7725,7725,0
2022-09-12 10:57:00,7725,7725,7725,7725,2500
2022-09-12 10:58:00,7725,7725,7725,7725,0
2022-09-12 10:59:00,7700,7700,7725,7725,6100
2022-09-12 11:00:00,7700,7700,7725,7725,0
2022-09-12 11:01:00,7700,7700,7700,7700,600
2022-09-12 11:02:00,7700,7700,7725,7700,3700
2022-09-12 11:03:00,7700,7700,7700,7700,1000
2022-09-12 11:04:00,7700,7700,7700,7700,800
2022-09-12 11:05:00,7725,7725,7725,7725,42900
2022-09-12 11:06:00,7700,7700,7700,7700,2200
2022-09-12 11:07:00,7725,7700,7725,7725,4100
2022-09-12 11:08:00,7725,7725,7725,7725,16500
2022-09-12 11:09:00,7725,7700,7725,7725,6200
2022-09-12 11:10:00,7725,7725,7725,7725,100
2022-09-12 11:11:00,7725,7725,7725,7725,4600
2022-09-12 11:12:00,7725,7700,7725,7700,2200
2022-09-12 11:13:00,7700,7700,7700,7700,1600
2022-09-12 11:14:00,7700,7700,7725,7725,4100
2022-09-12 11:15:00,7725,7725,7725,7725,7500
2022-09-12 11:16:00,7725,7700,7725,7725,2200
2022-09-12 11:17:00,7725,7725,7725,7725,5600
2022-09-12 11:18:00,7725,7725,7725,7725,1000
2022-09-12 11:19:00,7725,7725,7725,7725,1600
2022-09-12 11:20:00,7725,7725,7725,7725,0
2022-09-12 11:21:00,7700,7700,7725,7725,7700
2022-09-12 11:22:00,7725,7725,7725,7725,6100
2022-09-12 11:23:00,7725,7725,7725,7725,4200
2022-09-12 11:24:00,7725,7700,7725,7725,7600
2022-09-12 11:25:00,7725,7725,7725,7725,16300
2022-09-12 11:26:00,7725,7725,7725,7725,5400
2022-09-12 11:27:00,7725,7725,7725,7725,0
2022-09-12 11:28:00,7700,7700,7700,7700,0
2022-09-12 11:29:00,7700,7700,7725,7725,16700
2022-09-12 11:30:00,7700,7700,7725,7725,0
2022-09-12 11:31:00,7700,7700,7725,7725,0
2022-09-12 11:32:00,7700,7700,7725,7725,0
2022-09-12 11:33:00,7700,7700,7725,7725,0
2022-09-12 11:34:00,7700,7700,7725,7725,0
2022-09-12 11:35:00,7700,7700,7725,7725,0
2022-09-12 11:36:00,7700,7700,7725,7725,0
2022-09-12 11:37:00,7700,7700,7725,7725,0
2022-09-12 11:38:00,7700,7700,7725,7725,0
2022-09-12 11:39:00,7700,7700,7725,7725,0
2022-09-12 11:40:00,7700,7700,7725,7725,0
2022-09-12 11:41:00,7700,7700,7725,7725,0
2022-09-12 11:42:00,7700,7700,7725,7725,0
2022-09-12 11:43:00,7700,7700,7725,7725,0
2022-09-12 11:44:00,7700,7700,7725,7725,0
2022-09-12 11:45:00,7700,7700,7725,7725,0
2022-09-12 11:46:00,7700,7700,7725,7725,0
2022-09-12 11:47:00,7700,7700,7725,7725,0
2022-09-12 11:48:00,7700,7700,7725,7725,0
2022-09-12 11:49:00,7700,7700,7725,7725,0
2022-09-12 11:50:00,7700,7700,7725,7725,0
2022-09-12 11:51:00,7700,7700,7725,7725,0
2022-09-12 11:52:00,7700,7700,7725,7725,0
2022-09-12 11:53:00,7700,7700,7725,7725,0
2022-09-12 11:54:00,7700,7700,7725,7725,0
2022-09-12 11:55:00,7700,7700,7725,7725,0
2022-09-12 11:56:00,7700,7700,7725,7725,0
2022-09-12 11:57:00,7700,7700,7725,7725,0
2022-09-12 11:58:00,7700,7700,7725,7725,0
2022-09-12 11:59:00,7700,7700,7725,7725,0
2022-09-12 12:00:00,7700,7700,7725,7725,0
2022-09-12 12:01:00,7700,7700,7725,7725,0
2022-09-12 12:02:00,7700,7700,7725,7725,0
2022-09-12 12:03:00,7700,7700,7725,7725,0
2022-09-12 12:04:00,7700,7700,7725,7725,0
2022-09-12 12:05:00,7700,7700,7725,7725,0
2022-09-12 12:06:00,7700,7700,7725,7725,0
2022-09-12 12:07:00,7700,7700,7725,7725,0
2022-09-12 12:08:00,7700,7700,7725,7725,0
2022-09-12 12:09:00,7700,7700,7725,7725,0
2022-09-12 12:10:00,7700,7700,7725,7725,0
2022-09-12 12:11:00,7700,7700,7725,7725,0
2022-09-12 12:12:00,7700,7700,7725,7725,0
2022-09-12 12:13:00,7700,7700,7725,7725,0
2022-09-12 12:14:00,7700,7700,7725,7725,0
2022-09-12 12:15:00,7700,7700,7725,7725,0
2022-09-12 12:16:00,7700,7700,7725,7725,0
2022-09-12 12:17:00,7700,7700,7725,7725,0
2022-09-12 12:18:00,7700,7700,7725,7725,0
2022-09-12 12:19:00,7700,7700,7725,7725,0
2022-09-12 12:20:00,7700,7700,7725,7725,0
2022-09-12 12:21:00,7700,7700,7725,7725,0
2022-09-12 12:22:00,7700,7700,7725,7725,0
2022-09-12 12:23:00,7700,7700,7725,7725,0
2022-09-12 12:24:00,7700,7700,7725,7725,0
2022-09-12 12:25:00,7700,7700,7725,7725,0
2022-09-12 12:26:00,7700,7700,7725,7725,0
2022-09-12 12:27:00,7700,7700,7725,7725,0
2022-09-12 12:28:00,7700,7700,7725,7725,0
2022-09-12 12:29:00,7700,7700,7725,7725,0
2022-09-12 12:30:00,7700,7700,7725,7725,0
2022-09-12 12:31:00,7700,7700,7725,7725,0
2022-09-12 12:32:00,7700,7700,7725,7725,0
2022-09-12 12:33:00,7700,7700,7725,7725,0
2022-09-12 12:34:00,7700,7700,7725,7725,0
2022-09-12 12:35:00,7700,7700,7725,7725,0
2022-09-12 12:36:00,7700,7700,7725,7725,0
2022-09-12 12:37:00,7700,7700,7725,7725,0
2022-09-12 12:38:00,7700,7700,7725,7725,0
2022-09-12 12:39:00,7700,7700,7725,7725,0
2022-09-12 12:40:00,7700,7700,7725,7725,0
2022-09-12 12:41:00,7700,7700,7725,7725,0
2022-09-12 12:42:00,7700,7700,7725,7725,0
2022-09-12 12:43:00,7700,7700,7725,7725,0
2022-09-12 12:44:00,7700,7700,7725,7725,0
2022-09-12 12:45:00,7700,7700,7725,7725,0
2022-09-12 12:46:00,7700,7700,7725,7725,0
2022-09-12 12:47:00,7700,7700,7725,7725,0
2022-09-12 12:48:00,7700,7700,7725,7725,0
2022-09-12 12:49:00,7700,7700,7725,7725,0
2022-09-12 12:50:00,7700,7700,7725,7725,0
2022-09-12 12:51:00,7700,7700,7725,7725,0
2022-09-12 12:52:00,7700,7700,7725,7725,0
2022-09-12 12:53:00,7700,7700,7725,7725,0
2022-09-12 12:54:00,7700,7700,7725,7725,0
2022-09-12 12:55:00,7700,7700,7725,7725,0
2022-09-12 12:56:00,7700,7700,7725,7725,0
2022-09-12 12:57:00,7700,7700,7725,7725,0
2022-09-12 12:58:00,7700,7700,7725,7725,0
2022-09-12 12:59:00,7700,7700,7725,7725,0
2022-09-12 13:00:00,7700,7700,7725,7725,0
2022-09-12 13:01:00,7700,7700,7725,7725,0
2022-09-12 13:02:00,7700,7700,7725,7725,0
2022-09-12 13:03:00,7700,7700,7725,7725,0
2022-09-12 13:04:00,7700,7700,7725,7725,0
2022-09-12 13:05:00,7700,7700,7725,7725,0
2022-09-12 13:06:00,7700,7700,7725,7725,0
2022-09-12 13:07:00,7700,7700,7725,7725,0
2022-09-12 13:08:00,7700,7700,7725,7725,0
2022-09-12 13:09:00,7700,7700,7725,7725,0
2022-09-12 13:10:00,7700,7700,7725,7725,0
2022-09-12 13:11:00,7700,7700,7725,7725,0
2022-09-12 13:12:00,7700,7700,7725,7725,0
2022-09-12 13:13:00,7700,7700,7725,7725,0
2022-09-12 13:14:00,7700,7700,7725,7725,0
2022-09-12 13:15:00,7700,7700,7725,7725,0
2022-09-12 13:16:00,7700,7700,7725,7725,0
2022-09-12 13:17:00,7700,7700,7725,7725,0
2022-09-12 13:18:00,7700,7700,7725,7725,0
2022-09-12 13:19:00,7700,7700,7725,7725,0
2022-09-12 13:20:00,7700,7700,7725,7725,0
2022-09-12 13:21:00,7700,7700,7725,7725,0
2022-09-12 13:22:00,7700,7700,7725,7725,0
2022-09-12 13:23:00,7700,7700,7725,7725,0
2022-09-12 13:24:00,7700,7700,7725,7725,0
2022-09-12 13:25:00,7700,7700,7725,7725,0
2022-09-12 13:26:00,7700,7700,7725,7725,0
2022-09-12 13:27:00,7700,7700,7725,7725,0
2022-09-12 13:28:00,7700,7700,7725,7725,0
2022-09-12 13:29:00,7700,7700,7725,7725,0
2022-09-12 13:30:00,7700,7700,7725,7700,112800
2022-09-12 13:31:00,7675,7675,7675,7675,1300
2022-09-12 13:32:00,7675,7675,7700,7700,20900
2022-09-12 13:33:00,7675,7675,7675,7675,10500
2022-09-12 13:34:00,7675,7650,7675,7650,130700
2022-09-12 13:35:00,7650,7650,7675,7650,7400
2022-09-12 13:36:00,7650,7650,7675,7675,11000
2022-09-12 13:37:00,7675,7675,7675,7675,0
2022-09-12 13:38:00,7675,7650,7675,7650,15700
2022-09-12 13:39:00,7675,7650,7675,7675,1000
2022-09-12 13:40:00,7675,7675,7675,7675,20100
2022-09-12 13:41:00,7675,7650,7675,7650,75900
2022-09-12 13:42:00,7650,7650,7650,7650,0
2022-09-12 13:43:00,7650,7650,7675,7675,900
2022-09-12 13:44:00,7650,7650,7675,7650,9000
2022-09-12 13:45:00,7650,7650,7675,7675,86600
2022-09-12 13:46:00,7675,7675,7700,7700,5900
2022-09-12 13:47:00,7675,7675,7700,7700,0
2022-09-12 13:48:00,7700,7700,7700,7700,1000
2022-09-12 13:49:00,7700,7700,7700,7700,100
2022-09-12 13:50:00,7700,7700,7700,7700,900
2022-09-12 13:51:00,7675,7675,7700,7700,8900
2022-09-12 13:52:00,7675,7675,7700,7700,8600
2022-09-12 13:53:00,7700,7700,7700,7700,500
2022-09-12 13:54:00,7700,7675,7700,7700,3500
2022-09-12 13:55:00,7700,7700,7700,7700,8400
2022-09-12 13:56:00,7700,7700,7700,7700,900
2022-09-12 13:57:00,7700,7700,7700,7700,0
2022-09-12 13:58:00,7675,7675,7675,7675,45700
2022-09-12 13:59:00,7675,7675,7675,7675,7000
2022-09-12 14:00:00,7675,7675,7675,7675,11500
2022-09-12 14:01:00,7675,7675,7675,7675,3500
2022-09-12 14:02:00,7650,7650,7675,7675,6700
2022-09-12 14:03:00,7650,7650,7675,7675,0
2022-09-12 14:04:00,7650,7650,7675,7675,0
2022-09-12 14:05:00,7650,7650,7650,7650,62800
2022-09-12 14:06:00,7650,7650,7650,7650,16200
2022-09-12 14:07:00,7650,7650,7650,7650,2400
2022-09-12 14:08:00,7675,7650,7675,7650,15100
2022-09-12 14:09:00,7675,7650,7675,7675,10400
2022-09-12 14:10:00,7675,7675,7675,7675,13800
2022-09-12 14:11:00,7675,7675,7675,7675,2800
2022-09-12 14:12:00,7675,7650,7675,7675,5400
2022-09-12 14:13:00,7675,7650,7675,7675,3600
2022-09-12 14:14:00,7675,7675,7675,7675,17900
2022-09-12 14:15:00,7650,7650,7675,7675,3800
2022-09-12 14:16:00,7675,7675,7675,7675,7400
2022-09-12 14:17:00,7675,7675,7700,7700,61400
2022-09-12 14:18:00,7700,7675,7700,7675,26400
2022-09-12 14:19:00,7675,7675,7675,7675,100
2022-09-12 14:20:00,7675,7675,7675,7675,1300
2022-09-12 14:21:00,7675,7675,7675,7675,1100
2022-09-12 14:22:00,7675,7675,7675,7675,300
2022-09-12 14:23:00,7675,7675,7700,7700,900
2022-09-12 14:24:00,7675,7675,7675,7675,5000
2022-09-12 14:25:00,7700,7675,7700,7700,1900
2022-09-12 14:26:00,7700,7675,7700,7700,7200
2022-09-12 14:27:00,7700,7675,7700,7700,22600
2022-09-12 14:28:00,7675,7650,7700,7650,58900
2022-09-12 14:29:00,7650,7650,7650,7650,600
2022-09-12 14:30:00,7650,7650,7650,7650,3600
2022-09-12 14:31:00,7650,7650,7675,7675,19500
2022-09-12 14:32:00,7675,7675,7675,7675,11800
2022-09-12 14:33:00,7675,7650,7675,7675,2300
2022-09-12 14:34:00,7675,7675,7675,7675,5500
2022-09-12 14:35:00,7675,7650,7675,7675,7800
2022-09-12 14:36:00,7675,7650,7675,7675,6500
2022-09-12 14:37:00,7675,7675,7700,7700,28300
2022-09-12 14:38:00,7675,7675,7700,7700,0
2022-09-12 14:39:00,7700,7675,7700,7675,14000
2022-09-12 14:40:00,7675,7675,7675,7675,3100
2022-09-12 14:41:00,7675,7675,7700,7675,13300
2022-09-12 14:42:00,7675,7675,7675,7675,3600
2022-09-12 14:43:00,7700,7675,7700,7700,6400
2022-09-12 14:44:00,7700,7675,7700,7700,11400
2022-09-12 14:45:00,7675,7675,7700,7675,25600
2022-09-12 14:46:00,7675,7650,7675,7650,6600
2022-09-12 14:47:00,7650,7650,7675,7650,140900
2022-09-12 14:48:00,7650,7625,7675,7625,65200
2022-09-12 14:49:00,7625,7625,7625,7625,29600
2022-09-12 14:50:00,7625,7625,7625,7625,0
2022-09-12 14:51:00,7625,7625,7625,7625,0
2022-09-12 14:52:00,7625,7625,7625,7625,0
2022-09-12 14:53:00,7625,7625,7625,7625,0
2022-09-12 14:54:00,7625,7625,7625,7625,0
2022-09-12 14:55:00,7625,7625,7625,7625,0
2022-09-12 14:56:00,7625,7625,7625,7625,0
2022-09-12 14:57:00,7625,7625,7625,7625,0
2022-09-12 14:58:00,7625,7625,7625,7625,0
2022-09-12 14:59:00,7625,7625,7625,7625,0
2022-09-12 15:00:00,7625,7625,7625,7625,185300
2022-09-12 15:01:00,7625,7625,7625,7625,4700
2022-09-12 15:02:00,7625,7625,7625,7625,14800
2022-09-12 15:03:00,7625,7625,7625,7625,2700
2022-09-12 15:04:00,7625,7625,7625,7625,800
2022-09-12 15:05:00,7625,7625,7625,7625,3600
2022-09-12 15:06:00,7625,7625,7625,7625,0
2022-09-12 15:07:00,7625,7625,7625,7625,6000
2022-09-12 15:08:00,7625,7625,7625,7625,5400
2022-09-12 15:09:00,7625,7625,7625,7625,0
2022-09-12 15:10:00,7625,7625,7625,7625,0
2022-09-12 15:11:00,7625,7625,7625,7625,8600
2022-09-12 15:12:00,7625,7625,7625,7625,1700
2022-09-12 15:13:00,7625,7625,7625,7625,0
2022-09-12 15:14:00,7625,7625,7625,7625,0
2022-09-12 15:15:00,7625,7625,7625,7625,0
2022-09-12 15:16:00,7625,7625,7625,7625,0
2022-09-12 15:17:00,7625,7625,7625,7625,0
2022-09-12 15:18:00,7625,7625,7625,7625,0
2022-09-12 15:19:00,7625,7625,7625,7625,0
2022-09-12 15:20:00,7625,7625,7625,7625,0
2022-09-12 15:21:00,7625,7625,7625,7625,0
2022-09-12 15:22:00,7625,7625,7625,7625,0
2022-09-12 15:23:00,7625,7625,7625,7625,0
2022-09-12 15:24:00,7625,7625,7625,7625,0
2022-09-12 15:25:00,7625,7625,7625,7625,0
2022-09-12 15:26:00,7625,7625,7625,7625,0
2022-09-12 15:27:00,7625,7625,7625,7625,0
2022-09-12 15:28:00,7625,7625,7625,7625,0
2022-09-12 15:29:00,7625,7625,7625,7625,0
2022-09-12 15:30:00,7625,7625,7625,7625,0
2022-09-12 15:31:00,7625,7625,7625,7625,0
2022-09-12 15:32:00,7625,7625,7625,7625,0
2022-09-12 15:33:00,7625,7625,7625,7625,0
2022-09-12 15:34:00,7625,7625,7625,7625,0
2022-09-12 15:35:00,7625,7625,7625,7625,0
2022-09-12 15:36:00,7625,7625,7625,7625,0
2022-09-12 15:37:00,7625,7625,7625,7625,0
2022-09-12 15:38:00,7625,7625,7625,7625,0
2022-09-12 15:39:00,7625,7625,7625,7625,0
2022-09-12 15:40:00,7625,7625,7625,7625,0
2022-09-12 15:41:00,7625,7625,7625,7625,0
2022-09-12 15:42:00,7625,7625,7625,7625,0
2022-09-12 15:43:00,7625,7625,7625,7625,0
2022-09-12 15:44:00,7625,7625,7625,7625,0
2022-09-12 15:45:00,7625,7625,7625,7625,0
2022-09-12 15:46:00,7625,7625,7625,7625,0
2022-09-12 15:47:00,7625,7625,7625,7625,0
2022-09-12 15:48:00,7625,7625,7625,7625,0
2022-09-12 15:49:00,7625,7625,7625,7625,0
2022-09-12 15:50:00,7625,7625,7625,7625,0
2022-09-12 15:51:00,7625,7625,7625,7625,0
2022-09-12 15:52:00,7625,7625,7625,7625,0
2022-09-12 15:53:00,7625,7625,7625,7625,0
2022-09-12 15:54:00,7625,7625,7625,7625,0
2022-09-12 15:55:00,7625,7625,7625,7625,0
2022-09-12 15:56:00,7625,7625,7625,7625,0
2022-09-12 15:57:00,7625,7625,7625,7625,0
2022-09-12 15:58:00,7625,7625,7625,7625,0
2022-09-12 15:59:00,7625,7625,7625,7625,0
2022-09-13 09:00:00,7625,7625,7675,7650,71300
2022-09-13 09:01:00,7650,7650,7675,7675,9800
2022-09-13 09:02:00,7650,7650,7675,7675,9400
2022-09-13 09:03:00,7675,7675,7700,7700,30500
2022-09-13 09:04:00,7675,7675,7700,7675,2400
2022-09-13 09:05:00,7675,7650,7675,7650,274000
2022-09-13 09:06:00,7650,7625,7650,7625,0
2022-09-13 09:07:00,7625,7600,7650,7625,128000
2022-09-13 09:08:00,7625,7600,7625,7600,39700
2022-09-13 09:09:00,7600,7600,7625,7625,18200
2022-09-13 09:10:00,7625,7600,7625,7600,52000
2022-09-13 09:11:00,7600,7600,7600,7600,6700
2022-09-13 09:12:00,7600,7600,7625,7600,59300
2022-09-13 09:13:00,7600,7600,7600,7600,4400
2022-09-13 09:14:00,7600,7600,7600,7600,9900
2022-09-13 09:15:00,7600,7600,7625,7625,9600
2022-09-13 09:16:00,7600,7600,7625,7625,59400
2022-09-13 09:17:00,7600,7600,7625,7600,6100
2022-09-13 09:18:00,7600,7600,7600,7600,23100
2022-09-13 09:19:00,7600,7600,7600,7600,3500
2022-09-13 09:20:00,7600,7600,7600,7600,4500
2022-09-13 09:21:00,7625,7600,7625,7600,35900
2022-09-13 09:22:00,7575,7550,7575,7550,58200
2022-09-13 09:23:00,7575,7550,7575,7550,109800
2022-09-13 09:24:00,7550,7550,7575,7550,32100
2022-09-13 09:25:00,7575,7550,7575,7550,14300
2022-09-13 09:26:00,7550,7525,7575,7525,148800
2022-09-13 09:27:00,7550,7525,7550,7550,54400
2022-09-13 09:28:00,7550,7525,7550,7525,21300
2022-09-13 09:29:00,7550,7525,7550,7550,800
2022-09-13 09:30:00,7550,7550,7550,7550,6900
2022-09-13 09:31:00,7550,7525,7550,7525,58200
2022-09-13 09:32:00,7525,7525,7550,7550,7000
2022-09-13 09:33:00,7525,7525,7550,7525,5100
2022-09-13 09:34:00,7525,7525,7550,7550,3000
2022-09-13 09:35:00,7550,7525,7550,7550,1000
2022-09-13 09:36:00,7525,7525,7525,7525,0
2022-09-13 09:37:00,7525,7525,7525,7525,3000
2022-09-13 09:38:00,7525,7525,7550,7525,17900
2022-09-13 09:39:00,7525,7525,7550,7525,1700
2022-09-13 09:40:00,7525,7525,7550,7550,98600
2022-09-13 09:41:00,7550,7525,7550,7550,2000
2022-09-13 09:42:00,7550,7550,7550,7550,2100
2022-09-13 09:43:00,7550,7550,7550,7550,8300
2022-09-13 09:44:00,7550,7550,7550,7550,0
2022-09-13 09:45:00,7550,7550,7575,7550,500
2022-09-13 09:46:00,7575,7575,7575,7575,26200
2022-09-13 09:47:00,7575,7550,7575,7550,27400
2022-09-13 09:48:00,7550,7550,7575,7575,7700
2022-09-13 09:49:00,7575,7575,7575,7575,200
2022-09-13 09:50:00,7575,7550,7575,7550,13800
2022-09-13 09:51:00,7550,7550,7575,7575,600
2022-09-13 09:52:00,7575,7575,7575,7575,3700
2022-09-13 09:53:00,7575,7575,7575,7575,6100
2022-09-13 09:54:00,7575,7575,7575,7575,19500
2022-09-13 09:55:00,7575,7575,7575,7575,1900
2022-09-13 09:56:00,7575,7575,7575,7575,3200
2022-09-13 09:57:00,7575,7575,7575,7575,10000
2022-09-13 09:58:00,7575,7575,7575,7575,9100
2022-09-13 09:59:00,7575,7575,7575,7575,4800
2022-09-13 10:00:00,7575,7575,7575,7575,6600
2022-09-13 10:01:00,7600,7575,7600,7575,29100
2022-09-13 10:02:00,7575,7575,7600,7600,200
2022-09-13 10:03:00,7575,7575,7600,7600,21400
2022-09-13 10:04:00,7575,7575,7600,7600,0
2022-09-13 10:05:00,7600,7600,7600,7600,800
2022-09-13 10:06:00,7575,7575,7600,7600,13500
2022-09-13 10:07:00,7600,7575,7600,7575,3300
2022-09-13 10:08:00,7600,7600,7600,7600,0
2022-09-13 10:09:00,7600,7575,7600,7575,10500
2022-09-13 10:10:00,7575,7575,7575,7575,3000
2022-09-13 10:11:00,7575,7575,7575,7575,0
2022-09-13 10:12:00,7575,7575,7575,7575,500
2022-09-13 10:13:00,7575,7575,7575,7575,0
2022-09-13 10:14:00,7575,7575,7575,7575,1900
2022-09-13 10:15:00,7575,7575,7575,7575,1300
2022-09-13 10:16:00,7575,7575,7600,7600,178300
2022-09-13 10:17:00,7600,7600,7625,7625,13400
2022-09-13 10:18:00,7625,7625,7625,7625,100
2022-09-13 10:19:00,7600,7600,7600,7600,11600
2022-09-13 10:20:00,7600,7600,7600,7600,93700
2022-09-13 10:21:00,7625,7600,7625,7600,1800
2022-09-13 10:22:00,7625,7600,7625,7600,0
2022-09-13 10:23:00,7600,7600,7600,7600,0
2022-09-13 10:24:00,7600,7600,7600,7600,200
2022-09-13 10:25:00,7600,7600,7600,7600,0
2022-09-13 10:26:00,7575,7575,7575,7575,200
2022-09-13 10:27:00,7575,7575,7575,7575,9300
2022-09-13 10:28:00,7575,7575,7575,7575,5300
2022-09-13 10:29:00,7575,7575,7575,7575,0
2022-09-13 10:30:00,7575,7575,7575,7575,17300
2022-09-13 10:31:00,7575,7575,7575,7575,0
2022-09-13 10:32:00,7575,7575,7575,7575,400
2022-09-13 10:33:00,7575,7575,7600,7600,41000
2022-09-13 10:34:00,7600,7600,7600,7600,8900
2022-09-13 10:35:00,7625,7625,7625,7625,17100
2022-09-13 10:36:00,7625,7625,7625,7625,53000
2022-09-13 10:37:00,7625,7600,7625,7600,0
2022-09-13 10:38:00,7600,7600,7600,7600,1500
2022-09-13 10:39:00,7600,7600,7600,7600,100
2022-09-13 10:40:00,7600,7600,7600,7600,0
2022-09-13 10:41:00,7600,7600,7600,7600,0
2022-09-13 10:42:00,7600,7600,7600,7600,26700
2022-09-13 10:43:00,7600,7600,7600,7600,0
2022-09-13 10:44:00,7600,7600,7600,7600,34500
2022-09-13 10:45:00,7600,7600,7600,7600,0
2022-09-13 10:46:00,7600,7600,7600,7600,78700
2022-09-13 10:47:00,7600,7600,7600,7600,0
2022-09-13 10:48:00,7600,7600,7600,7600,0
2022-09-13 10:49:00,7600,7600,7625,7625,38900
2022-09-13 10:50:00,7625,7600,7625,7600,1800
2022-09-13 10:51:00,7600,7600,7600,7600,10000
2022-09-13 10:52:00,7600,7600,7600,7600,200
2022-09-13 10:53:00,7600,7600,7600,7600,0
2022-09-13 10:54:00,7625,7625,7625,7625,800
2022-09-13 10:55:00,7625,7625,7625,7625,0
2022-09-13 10:56:00,7600,7600,7600,7600,3600
2022-09-13 10:57:00,7600,7600,7600,7600,0
2022-09-13 10:58:00,7625,7600,7625,7600,1900
2022-09-13 10:59:00,7600,7600,7600,7600,1400
2022-09-13 11:00:00,7600,7600,7600,7600,2400
2022-09-13 11:01:00,7625,7625,7625,7625,1500
2022-09-13 11:02:00,7625,7625,7625,7625,0
2022-09-13 11:03:00,7625,7625,7625,7625,1900
2022-09-13 11:04:00,7625,7625,7625,7625,1600
2022-09-13 11:05:00,7625,7625,7625,7625,6000
2022-09-13 11:06:00,7600,7600,7600,7600,700
2022-09-13 11:07:00,7625,7625,7625,7625,8500
2022-09-13 11:08:00,7625,7625,7625,7625,700
2022-09-13 11:09:00,7625,7625,7625,7625,700
2022-09-13 11:10:00,7625,7625,7650,7650,235800
2022-09-13 11:11:00,7650,7650,7650,7650,0
2022-09-13 11:12:00,7625,7625,7675,7650,103000
2022-09-13 11:13:00,7650,7650,7650,7650,7500
2022-09-13 11:14:00,7675,7675,7675,7675,0
2022-09-13 11:15:00,7650,7650,7675,7650,13500
2022-09-13 11:16:00,7650,7650,7650,7650,0
2022-09-13 11:17:00,7675,7675,7700,7700,112100
2022-09-13 11:18:00,7700,7675,7700,7675,2600
2022-09-13 11:19:00,7675,7675,7675,7675,700
2022-09-13 11:20:00,7675,7675,7675,7675,0
2022-09-13 11:21:00,7700,7675,7700,7675,47400
2022-09-13 11:22:00,7675,7675,7700,7675,3300
2022-09-13 11:23:00,7675,7675,7675,7675,200
2022-09-13 11:24:00,7675,7675,7700,7675,21300
2022-09-13 11:25:00,7675,7675,7700,7675,0
2022-09-13 11:26:00,7675,7675,7675,7675,73800
2022-09-13 11:27:00,7650,7650,7675,7675,10000
2022-09-13 11:28:00,7650,7650,7675,7675,0
2022-09-13 11:29:00,7650,7650,7675,7675,0
2022-09-13 11:30:00,7650,7650,7675,7675,0
2022-09-13 11:31:00,7650,7650,7675,7675,0
2022-09-13 11:32:00,7650,7650,7675,7675,0
2022-09-13 11:33:00,7650,7650,7675,7675,0
2022-09-13 11:34:00,7650,7650,7675,7675,0
2022-09-13 11:35:00,7650,7650,7675,7675,0
2022-09-13 11:36:00,7650,7650,7675,7675,0
2022-09-13 11:37:00,7650,7650,7675,7675,0
2022-09-13 11:38:00,7650,7650,7675,7675,0
2022-09-13 11:39:00,7650,7650,7675,7675,0
2022-09-13 11:40:00,7650,7650,7675,7675,0
2022-09-13 11:41:00,7650,7650,7675,7675,0
2022-09-13 11:42:00,7650,7650,7675,7675,0
2022-09-13 11:43:00,7650,7650,7675,7675,0
2022-09-13 11:44:00,7650,7650,7675,7675,0
2022-09-13 11:45:00,7650,7650,7675,7675,0
2022-09-13 11:46:00,7650,7650,7675,7675,0
2022-09-13 11:47:00,7650,7650,7675,7675,0
2022-09-13 11:48:00,7650,7650,7675,7675,0
2022-09-13 11:49:00,7650,7650,7675,7675,0
2022-09-13 11:50:00,7650,7650,7675,7675,0
2022-09-13 11:51:00,7650,7650,7675,7675,0
2022-09-13 11:52:00,7650,7650,7675,7675,0
2022-09-13 11:53:00,7650,7650,7675,7675,0
2022-09-13 11:54:00,7650,7650,7675,7675,0
2022-09-13 11:55:00,7650,7650,7675,7675,0
2022-09-13 11:56:00,7650,7650,7675,7675,0
2022-09-13 11:57:00,7650,7650,7675,7675,0
2022-09-13 11:58:00,7650,7650,7675,7675,0
2022-09-13 11:59:00,7650,7650,7675,7675,0
2022-09-13 12:00:00,7650,7650,7675,7675,0
2022-09-13 12:01:00,7650,7650,7675,7675,0
2022-09-13 12:02:00,7650,7650,7675,7675,0
2022-09-13 12:03:00,7650,7650,7675,7675,0
2022-09-13 12:04:00,7650,7650,7675,7675,0
2022-09-13 12:05:00,7650,7650,7675,7675,0
2022-09-13 12:06:00,7650,7650,7675,7675,0
2022-09-13 12:07:00,7650,7650,7675,7675,0
2022-09-13 12:08:00,7650,7650,7675,7675,0
2022-09-13 12:09:00,7650,7650,7675,7675,0
2022-09-13 12:10:00,7650,7650,7675,7675,0
2022-09-13 12:11:00,7650,7650,7675,7675,0
2022-09-13 12:12:00,7650,7650,7675,7675,0
2022-09-13 12:13:00,7650,7650,7675,7675,0
2022-09-13 12:14:00,7650,7650,7675,7675,0
2022-09-13 12:15:00,7650,7650,7675,7675,0
2022-09-13 12:16:00,7650,7650,7675,7675,0
2022-09-13 12:17:00,7650,7650,7675,7675,0
2022-09-13 12:18:00,7650,7650,7675,7675,0
2022-09-13 12:19:00,7650,7650,7675,7675,0
2022-09-13 12:20:00,7650,7650,7675,7675,0
2022-09-13 12:21:00,7650,7650,7675,7675,0
2022-09-13 12:22:00,7650,7650,7675,7675,0
2022-09-13 12:23:00,7650,7650,7675,7675,0
2022-09-13 12:24:00,7650,7650,7675,7675,0
2022-09-13 12:25:00,7650,7650,7675,7675,0
2022-09-13 12:26:00,7650,7650,7675,7675,0
2022-09-13 12:27:00,7650,7650,7675,7675,0
2022-09-13 12:28:00,7650,7650,7675,7675,0
2022-09-13 12:29:00,7650,7650,7675,7675,0
2022-09-13 12:30:00,7650,7650,7675,7675,0
2022-09-13 12:31:00,7650,7650,7675,7675,0
2022-09-13 12:32:00,7650,7650,7675,7675,0
2022-09-13 12:33:00,7650,7650,7675,7675,0
2022-09-13 12:34:00,7650,7650,7675,7675,0
2022-09-13 12:35:00,7650,7650,7675,7675,0
2022-09-13 12:36:00,7650,7650,7675,7675,0
2022-09-13 12:37:00,7650,7650,7675,7675,0
2022-09-13 12:38:00,7650,7650,7675,7675,0
2022-09-13 12:39:00,7650,7650,7675,7675,0
2022-09-13 12:40:00,7650,7650,7675,7675,0
2022-09-13 12:41:00,7650,7650,7675,7675,0
2022-09-13 12:42:00,7650,7650,7675,7675,0
2022-09-13 12:43:00,7650,7650,7675,7675,0
2022-09-13 12:44:00,7650,7650,7675,7675,0
2022-09-13 12:45:00,7650,7650,7675,7675,0
2022-09-13 12:46:00,7650,7650,7675,7675,0
2022-09-13 12:47:00,7650,7650,7675,7675,0
2022-09-13 12:48:00,7650,7650,7675,7675,0
2022-09-13 12:49:00,7650,7650,7675,7675,0
2022-09-13 12:50:00,7650,7650,7675,7675,0
2022-09-13 12:51:00,7650,7650,7675,7675,0
2022-09-13 12:52:00,7650,7650,7675,7675,0
2022-09-13 12:53:00,7650,7650,7675,7675,0
2022-09-13 12:54:00,7650,7650,7675,7675,0
2022-09-13 12:55:00,7650,7650,7675,7675,0
2022-09-13 12:56:00,7650,7650,7675,7675,0
2022-09-13 12:57:00,7650,7650,7675,7675,0
2022-09-13 12:58:00,7650,7650,7675,7675,0
2022-09-13 12:59:00,7650,7650,7675,7675,0
2022-09-13 13:00:00,7650,7650,7675,7675,0
2022-09-13 13:01:00,7650,7650,7675,7675,0
2022-09-13 13:02:00,7650,7650,7675,7675,0
2022-09-13 13:03:00,7650,7650,7675,7675,0
2022-09-13 13:04:00,7650,7650,7675,7675,0
2022-09-13 13:05:00,7650,7650,7675,7675,0
2022-09-13 13:06:00,7650,7650,7675,7675,0
2022-09-13 13:07:00,7650,7650,7675,7675,0
2022-09-13 13:08:00,7650,7650,7675,7675,0
2022-09-13 13:09:00,7650,7650,7675,7675,0
2022-09-13 13:10:00,7650,7650,7675,7675,0
2022-09-13 13:11:00,7650,7650,7675,7675,0
2022-09-13 13:12:00,7650,7650,7675,7675,0
2022-09-13 13:13:00,7650,7650,7675,7675,0
2022-09-13 13:14:00,7650,7650,7675,7675,0
2022-09-13 13:15:00,7650,7650,7675,7675,0
2022-09-13 13:16:00,7650,7650,7675,7675,0
2022-09-13 13:17:00,7650,7650,7675,7675,0
2022-09-13 13:18:00,7650,7650,7675,7675,0
2022-09-13 13:19:00,7650,7650,7675,7675,0
2022-09-13 13:20:00,7650,7650,7675,7675,0
2022-09-13 13:21:00,7650,7650,7675,7675,0
2022-09-13 13:22:00,7650,7650,7675,7675,0
2022-09-13 13:23:00,7650,7650,7675,7675,0
2022-09-13 13:24:00,7650,7650,7675,7675,0
2022-09-13 13:25:00,7650,7650,7675,7675,0
2022-09-13 13:26:00,7650,7650,7675,7675,0
2022-09-13 13:27:00,7650,7650,7675,7675,0
2022-09-13 13:28:00,7650,7650,7675,7675,0
2022-09-13 13:29:00,7650,7650,7675,7675,0
2022-09-13 13:30:00,7675,7650,7700,7650,114800
2022-09-13 13:31:00,7650,7650,7650,7650,0
2022-09-13 13:32:00,7650,7650,7650,7650,0
2022-09-13 13:33:00,7650,7650,7650,7650,49600
2022-09-13 13:34:00,7650,7650,7650,7650,24600
2022-09-13 13:35:00,7650,7650,7650,7650,6700
2022-09-13 13:36:00,7650,7650,7650,7650,28300
2022-09-13 13:37:00,7650,7650,7650,7650,200
2022-09-13 13:38:00,7650,7650,7650,7650,0
2022-09-13 13:39:00,7650,7650,7650,7650,0
2022-09-13 13:40:00,7650,7650,7650,7650,0
2022-09-13 13:41:00,7650,7650,7650,7650,200
2022-09-13 13:42:00,7650,7650,7675,7675,1900
2022-09-13 13:43:00,7675,7675,7675,7675,0
2022-09-13 13:44:00,7650,7650,7675,7650,71400
2022-09-13 13:45:00,7675,7650,7675,7675,23600
2022-09-13 13:46:00,7675,7675,7675,7675,17200
2022-09-13 13:47:00,7675,7675,7675,7675,0
2022-09-13 13:48:00,7675,7675,7675,7675,143300
2022-09-13 13:49:00,7675,7675,7675,7675,17500
2022-09-13 13:50:00,7650,7650,7675,7675,5000
2022-09-13 13:51:00,7675,7675,7675,7675,2100
2022-09-13 13:52:00,7675,7650,7675,7650,0
2022-09-13 13:53:00,7650,7650,7650,7650,85500
2022-09-13 13:54:00,7650,7650,7650,7650,0
2022-09-13 13:55:00,7650,7650,7650,7650,600
2022-09-13 13:56:00,7650,7650,7650,7650,0
2022-09-13 13:57:00,7625,7625,7650,7650,5700
2022-09-13 13:58:00,7625,7600,7625,7600,113000
2022-09-13 13:59:00,7600,7600,7600,7600,99700
2022-09-13 14:00:00,7600,7600,7625,7600,1800
2022-09-13 14:01:00,7600,7600,7600,7600,27300
2022-09-13 14:02:00,7575,7575,7600,7600,32400
2022-09-13 14:03:00,7600,7575,7600,7600,12500
2022-09-13 14:04:00,7575,7575,7600,7600,7000
2022-09-13 14:05:00,7575,7575,7600,7600,3000
2022-09-13 14:06:00,7575,7575,7600,7600,3700
2022-09-13 14:07:00,7575,7575,7600,7600,0
2022-09-13 14:08:00,7575,7575,7600,7600,0
2022-09-13 14:09:00,7600,7600,7600,7600,19400
2022-09-13 14:10:00,7600,7575,7600,7600,15800
2022-09-13 14:11:00,7575,7575,7575,7575,0
2022-09-13 14:12:00,7600,7600,7600,7600,1200
2022-09-13 14:13:00,7575,7575,7600,7600,8000
2022-09-13 14:14:00,7600,7600,7600,7600,4700
2022-09-13 14:15:00,7600,7575,7600,7575,21400
2022-09-13 14:16:00,7600,7600,7625,7625,120400
2022-09-13 14:17:00,7600,7600,7600,7600,25600
2022-09-13 14:18:00,7600,7600,7600,7600,0
2022-09-13 14:19:00,7600,7600,7600,7600,55600
2022-09-13 14:20:00,7600,7575,7600,7600,0
2022-09-13 14:21:00,7600,7600,7600,7600,0
2022-09-13 14:22:00,7600,7575,7600,7575,3900
2022-09-13 14:23:00,7575,7575,7575,7575,300
2022-09-13 14:24:00,7575,7575,7575,7575,400
2022-09-13 14:25:00,7575,7575,7575,7575,3800
2022-09-13 14:26:00,7575,7575,7600,7600,0
2022-09-13 14:27:00,7575,7575,7575,7575,5800
2022-09-13 14:28:00,7575,7575,7600,7600,0
2022-09-13 14:29:00,7575,7575,7600,7600,3100
2022-09-13 14:30:00,7600,7575,7600,7600,4700
2022-09-13 14:31:00,7600,7575,7600,7600,6100
2022-09-13 14:32:00,7600,7575,7600,7600,14600
2022-09-13 14:33:00,7600,7575,7600,7600,0
2022-09-13 14:34:00,7600,7575,7600,7600,0
2022-09-13 14:35:00,7600,7575,7600,7600,0
2022-09-13 14:36:00,7600,7575,7600,7600,0
2022-09-13 14:37:00,7600,7575,7600,7600,0
2022-09-13 14:38:00,7600,7575,7600,7600,0
2022-09-13 14:39:00,7600,7575,7600,7600,0
2022-09-13 14:40:00,7600,7575,7600,7600,0
2022-09-13 14:41:00,7600,7575,7600,7600,0
2022-09-13 14:42:00,7625,7600,7625,7625,212700
2022-09-13 14:43:00,7625,7600,7625,7625,12300
2022-09-13 14:44:00,7625,7600,7625,7625,15700
2022-09-13 14:45:00,7625,7600,7625,7600,3400
2022-09-13 14:46:00,7600,7600,7600,7600,6600
2022-09-13 14:47:00,7600,7600,7625,7625,4300
2022-09-13 14:48:00,7625,7600,7625,7600,3600
2022-09-13 14:49:00,7600,7600,7625,7600,5400
2022-09-13 14:50:00,7600,7600,7625,7600,0
2022-09-13 14:51:00,7600,7600,7625,7600,0
2022-09-13 14:52:00,7600,7600,7625,7600,0
2022-09-13 14:53:00,7600,7600,7625,7600,0
2022-09-13 14:54:00,7600,7600,7625,7600,0
2022-09-13 14:55:00,7600,7600,7625,7600,0
2022-09-13 14:56:00,7600,7600,7625,7600,0
2022-09-13 14:57:00,7600,7600,7625,7600,0
2022-09-13 14:58:00,7600,7600,7625,7600,0
2022-09-13 14:59:00,7600,7600,7625,7600,0
2022-09-13 15:00:00,7575,7575,7575,7575,46500
2022-09-13 15:01:00,7575,7575,7575,7575,6300
2022-09-13 15:02:00,7575,7575,7575,7575,5800
2022-09-13 15:03:00,7575,7575,7575,7575,104600
2022-09-13 15:04:00,7575,7575,7575,7575,0
2022-09-13 15:05:00,7575,7575,7575,7575,31000
2022-09-13 15:06:00,7575,7575,7575,7575,6000
2022-09-13 15:07:00,7575,7575,7575,7575,26700
2022-09-13 15:08:00,7575,7575,7575,7575,1500
2022-09-13 15:09:00,7575,7575,7575,7575,200
2022-09-13 15:10:00,7575,7575,7575,7575,1300
2022-09-13 15:11:00,7575,7575,7575,7575,2200
2022-09-13 15:12:00,7575,7575,7575,7575,2800
2022-09-13 15:13:00,7575,7575,7575,7575,800
2022-09-13 15:14:00,7575,7575,7575,7575,4616200
2022-09-13 15:15:00,7575,7575,7575,7575,0
2022-09-13 15:16:00,7575,7575,7575,7575,0
2022-09-13 15:17:00,7575,7575,7575,7575,0
2022-09-13 15:18:00,7575,7575,7575,7575,0
2022-09-13 15:19:00,7575,7575,7575,7575,0
2022-09-13 15:20:00,7575,7575,7575,7575,0
2022-09-13 15:21:00,7575,7575,7575,7575,0
2022-09-13 15:22:00,7575,7575,7575,7575,0
2022-09-13 15:23:00,7575,7575,7575,7575,0
2022-09-13 15:24:00,7575,7575,7575,7575,0
2022-09-13 15:25:00,7575,7575,7575,7575,0
2022-09-13 15:26:00,7575,7575,7575,7575,0
2022-09-13 15:27:00,7575,7575,7575,7575,0
2022-09-13 15:28:00,7575,7575,7575,7575,0
2022-09-13 15:29:00,7575,7575,7575,7575,0
2022-09-13 15:30:00,7575,7575,7575,7575,0
2022-09-13 15:31:00,7575,7575,7575,7575,0
2022-09-13 15:32:00,7575,7575,7575,7575,0
2022-09-13 15:33:00,7575,7575,7575,7575,0
2022-09-13 15:34:00,7575,7575,7575,7575,0
2022-09-13 15:35:00,7575,7575,7575,7575,0
2022-09-13 15:36:00,7575,7575,7575,7575,0
2022-09-13 15:37:00,7575,7575,7575,7575,0
2022-09-13 15:38:00,7575,7575,7575,7575,0
2022-09-13 15:39:00,7575,7575,7575,7575,0
2022-09-13 15:40:00,7575,7575,7575,7575,0
2022-09-13 15:41:00,7575,7575,7575,7575,0
2022-09-13 15:42:00,7575,7575,7575,7575,0
2022-09-13 15:43:00,7575,7575,7575,7575,0
2022-09-13 15:44:00,7575,7575,7575,7575,0
2022-09-13 15:45:00,7575,7575,7575,7575,0
2022-09-13 15:46:00,7575,7575,7575,7575,0
2022-09-13 15:47:00,7575,7575,7575,7575,0
2022-09-13 15:48:00,7575,7575,7575,7575,0
2022-09-13 15:49:00,7575,7575,7575,7575,0
2022-09-13 15:50:00,7575,7575,7575,7575,0
2022-09-13 15:51:00,7575,7575,7575,7575,0
2022-09-13 15:52:00,7575,7575,7575,7575,0
2022-09-13 15:53:00,7575,7575,7575,7575,0
2022-09-13 15:54:00,7575,7575,7575,7575,0
2022-09-13 15:55:00,7575,7575,7575,7575,0
2022-09-13 15:56:00,7575,7575,7575,7575,0
2022-09-13 15:57:00,7575,7575,7575,7575,0
2022-09-13 15:58:00,7575,7575,7575,7575,0
2022-09-13 15:59:00,7575,7575,7575,7575,0
2022-09-14 09:00:00,7500,7450,7550,7475,0
2022-09-14 09:01:00,7475,7475,7500,7500,33000
2022-09-14 09:02:00,7475,7475,7500,7475,73000
2022-09-14 09:03:00,7475,7475,7500,7475,150600
2022-09-14 09:04:00,7500,7475,7500,7475,0
2022-09-14 09:05:00,7500,7475,7500,7475,18000
2022-09-14 09:06:00,7500,7475,7500,7500,29700
2022-09-14 09:07:00,7500,7475,7550,7550,181300
2022-09-14 09:08:00,7550,7525,7550,7550,53300
2022-09-14 09:09:00,7550,7525,7550,7550,86500
2022-09-14 09:10:00,7550,7525,7550,7550,22500
2022-09-14 09:11:00,7550,7550,7575,7550,11000
2022-09-14 09:12:00,7550,7525,7550,7525,31800
2022-09-14 09:13:00,7525,7525,7550,7550,0
2022-09-14 09:14:00,7550,7525,7550,7525,16500
2022-09-14 09:15:00,7525,7525,7525,7525,10000
2022-09-14 09:16:00,7525,7525,7550,7550,10700
2022-09-14 09:17:00,7525,7525,7550,7550,0
2022-09-14 09:18:00,7550,7525,7550,7525,0
2022-09-14 09:19:00,7525,7525,7550,7525,65000
2022-09-14 09:20:00,7550,7550,7575,7575,99500
2022-09-14 09:21:00,7550,7550,7575,7575,31300
2022-09-14 09:22:00,7575,7575,7575,7575,99200
2022-09-14 09:23:00,7575,7575,7600,7575,55400
2022-09-14 09:24:00,7575,7575,7600,7600,1000
2022-09-14 09:25:00,7575,7575,7600,7600,42600
2022-09-14 09:26:00,7575,7575,7600,7575,18200
2022-09-14 09:27:00,7600,7575,7600,7575,0
2022-09-14 09:28:00,7600,7600,7600,7600,0
2022-09-14 09:29:00,7600,7575,7600,7575,28100
2022-09-14 09:30:00,7575,7575,7600,7600,85500
2022-09-14 09:31:00,7600,7600,7625,7600,36900
2022-09-14 09:32:00,7600,7550,7600,7600,185100
2022-09-14 09:33:00,7600,7550,7625,7625,95000
2022-09-14 09:34:00,7625,7600,7625,7625,86400
2022-09-14 09:35:00,7625,7625,7625,7625,0
2022-09-14 09:36:00,7625,7575,7625,7575,3700
2022-09-14 09:37:00,7575,7575,7575,7575,5700
2022-09-14 09:38:00,7575,7575,7575,7575,0
2022-09-14 09:39:00,7575,7575,7575,7575,13700
2022-09-14 09:40:00,7575,7575,7575,7575,600
2022-09-14 09:41:00,7575,7575,7575,7575,300
2022-09-14 09:42:00,7575,7575,7575,7575,900
2022-09-14 09:43:00,7575,7575,7575,7575,2100
2022-09-14 09:44:00,7575,7575,7575,7575,3200
2022-09-14 09:45:00,7575,7550,7575,7550,9800
2022-09-14 09:46:00,7550,7550,7550,7550,50100
2022-09-14 09:47:00,7550,7550,7550,7550,1200
2022-09-14 09:48:00,7550,7550,7550,7550,4600
2022-09-14 09:49:00,7550,7550,7550,7550,0
2022-09-14 09:50:00,7575,7575,7575,7575,300
2022-09-14 09:51:00,7550,7550,7550,7550,1000
2022-09-14 09:52:00,7550,7550,7550,7550,13000
2022-09-14 09:53:00,7550,7550,7550,7550,0
2022-09-14 09:54:00,7550,7550,7550,7550,2400
2022-09-14 09:55:00,7575,7575,7575,7575,0
2022-09-14 09:56:00,7575,7575,7575,7575,3600
2022-09-14 09:57:00,7575,7575,7575,7575,0
2022-09-14 09:58:00,7550,7550,7550,7550,4300
2022-09-14 09:59:00,7550,7550,7575,7550,0
2022-09-14 10:00:00,7550,7550,7550,7550,5500
2022-09-14 10:01:00,7575,7575,7575,7575,47900
2022-09-14 10:02:00,7575,7575,7575,7575,0
2022-09-14 10:03:00,7575,7550,7575,7550,5400
2022-09-14 10:04:00,7550,7550,7550,7550,800
2022-09-14 10:05:00,7550,7550,7550,7550,700
2022-09-14 10:06:00,7550,7550,7550,7550,0
2022-09-14 10:07:00,7575,7575,7575,7575,10000
2022-09-14 10:08:00,7575,7575,7575,7575,0
2022-09-14 10:09:00,7575,7575,7575,7575,300
2022-09-14 10:10:00,7550,7550,7575,7575,1100
2022-09-14 10:11:00,7550,7550,7550,7550,4400
2022-09-14 10:12:00,7550,7550,7550,7550,28700
2022-09-14 10:13:00,7575,7575,7575,7575,0
2022-09-14 10:14:00,7575,7575,7575,7575,0
2022-09-14 10:15:00,7575,7550,7575,7550,0
2022-09-14 10:16:00,7575,7550,7575,7550,2300
2022-09-14 10:17:00,7575,7550,7575,7575,3200
2022-09-14 10:18:00,7550,7550,7575,7550,182600
2022-09-14 10:19:00,7550,7550,7550,7550,0
2022-09-14 10:20:00,7550,7525,7550,7525,1000
2022-09-14 10:21:00,7525,7525,7550,7550,8000
2022-09-14 10:22:00,7550,7550,7550,7550,3600
2022-09-14 10:23:00,7550,7550,7550,7550,0
2022-09-14 10:24:00,7575,7575,7575,7575,100
2022-09-14 10:25:00,7575,7575,7575,7575,0
2022-09-14 10:26:00,7575,7575,7575,7575,2900
2022-09-14 10:27:00,7550,7550,7550,7550,1500
2022-09-14 10:28:00,7550,7550,7550,7550,9800
2022-09-14 10:29:00,7550,7550,7550,7550,49300
2022-09-14 10:30:00,7550,7550,7550,7550,0
2022-09-14 10:31:00,7550,7550,7550,7550,1000
2022-09-14 10:32:00,7550,7550,7550,7550,600
2022-09-14 10:33:00,7550,7550,7550,7550,3900
2022-09-14 10:34:00,7550,7550,7550,7550,0
2022-09-14 10:35:00,7550,7550,7550,7550,0
2022-09-14 10:36:00,7550,7550,7550,7550,3300
2022-09-14 10:37:00,7550,7550,7550,7550,0
2022-09-14 10:38:00,7550,7550,7550,7550,0
2022-09-14 10:39:00,7550,7550,7550,7550,5000
2022-09-14 10:40:00,7550,7550,7550,7550,0
2022-09-14 10:41:00,7550,7550,7550,7550,2000
2022-09-14 10:42:00,7550,7550,7550,7550,0
2022-09-14 10:43:00,7550,7550,7550,7550,0
2022-09-14 10:44:00,7550,7550,7550,7550,0
2022-09-14 10:45:00,7550,7525,7550,7550,67700
2022-09-14 10:46:00,7550,7550,7550,7550,2700
2022-09-14 10:47:00,7550,7550,7550,7550,9100
2022-09-14 10:48:00,7550,7550,7550,7550,0
2022-09-14 10:49:00,7550,7550,7550,7550,0
2022-09-14 10:50:00,7550,7550,7550,7550,2600
2022-09-14 10:51:00,7550,7550,7550,7550,0
2022-09-14 10:52:00,7550,7550,7550,7550,11900
2022-09-14 10:53:00,7575,7550,7575,7550,1300
2022-09-14 10:54:00,7575,7550,7575,7550,3000
2022-09-14 10:55:00,7550,7550,7550,7550,2200
2022-09-14 10:56:00,7550,7550,7550,7550,400
2022-09-14 10:57:00,7550,7550,7550,7550,3400
2022-09-14 10:58:00,7575,7550,7575,7575,0
2022-09-14 10:59:00,7575,7575,7625,7625,287100
2022-09-14 11:00:00,7600,7600,7625,7625,58200
2022-09-14 11:01:00,7625,7625,7625,7625,69900
2022-09-14 11:02:00,7600,7600,7625,7625,400
2022-09-14 11:03:00,7600,7600,7600,7600,6900
2022-09-14 11:04:00,7600,7600,7600,7600,0
2022-09-14 11:05:00,7625,7625,7625,7625,1200
2022-09-14 11:06:00,7625,7625,7625,7625,0
2022-09-14 11:07:00,7600,7600,7625,7600,200
2022-09-14 11:08:00,7600,7600,7625,7625,3400
2022-09-14 11:09:00,7600,7600,7600,7600,2200
2022-09-14 11:10:00,7600,7575,7625,7575,53100
2022-09-14 11:11:00,7575,7575,7575,7575,1300
2022-09-14 11:12:00,7575,7575,7575,7575,0
2022-09-14 11:13:00,7575,7575,7575,7575,0
2022-09-14 11:14:00,7550,7550,7575,7575,900
2022-09-14 11:15:00,7575,7550,7575,7575,102200
2022-09-14 11:16:00,7575,7575,7575,7575,25100
2022-09-14 11:17:00,7575,7575,7575,7575,0
2022-09-14 11:18:00,7575,7575,7600,7600,9400
2022-09-14 11:19:00,7600,7600,7600,7600,300
2022-09-14 11:20:00,7600,7600,7600,7600,2800
2022-09-14 11:21:00,7600,7600,7600,7600,3900
2022-09-14 11:22:00,7625,7625,7625,7625,34000
2022-09-14 11:23:00,7625,7600,7625,7625,98300
2022-09-14 11:24:00,7625,7600,7625,7600,54200
2022-09-14 11:25:00,7600,7600,7625,7625,1200
2022-09-14 11:26:00,7625,7625,7625,7625,0
2022-09-14 11:27:00,7625,7625,7625,7625,50600
2022-09-14 11:28:00,7600,7600,7625,7625,10600
2022-09-14 11:29:00,7625,7625,7650,7650,93500
2022-09-14 11:30:00,7625,7625,7650,7650,0
2022-09-14 11:31:00,7625,7625,7650,7650,0
2022-09-14 11:32:00,7625,7625,7650,7650,0
2022-09-14 11:33:00,7625,7625,7650,7650,0
2022-09-14 11:34:00,7625,7625,7650,7650,0
2022-09-14 11:35:00,7625,7625,7650,7650,0
2022-09-14 11:36:00,7625,7625,7650,7650,0
2022-09-14 11:37:00,7625,7625,7650,7650,0
2022-09-14 11:38:00,7625,7625,7650,7650,0
2022-09-14 11:39:00,7625,7625,7650,7650,0
2022-09-14 11:40:00,7625,7625,7650,7650,0
2022-09-14 11:41:00,7625,7625,7650,7650,0
2022-09-14 11:42:00,7625,7625,7650,7650,0
2022-09-14 11:43:00,7625,7625,7650,7650,0
2022-09-14 11:44:00,7625,7625,7650,7650,0
2022-09-14 11:45:00,7625,7625,7650,7650,0
2022-09-14 11:46:00,7625,7625,7650,7650,0
2022-09-14 11:47:00,7625,7625,7650,7650,0
2022-09-14 11:48:00,7625,7625,7650,7650,0
2022-09-14 11:49:00,7625,7625,7650,7650,0
2022-09-14 11:50:00,7625,7625,7650,7650,0
2022-09-14 11:51:00,7625,7625,7650,7650,0
2022-09-14 11:52:00,7625,7625,7650,7650,0
2022-09-14 11:53:00,7625,7625,7650,7650,0
2022-09-14 11:54:00,7625,7625,7650,7650,0
2022-09-14 11:55:00,7625,7625,7650,7650,0
2022-09-14 11:56:00,7625,7625,7650,7650,0
2022-09-14 11:57:00,7625,7625,7650,7650,0
2022-09-14 11:58:00,7625,7625,7650,7650,0
2022-09-14 11:59:00,7625,7625,7650,7650,0
2022-09-14 12:00:00,7625,7625,7650,7650,0
2022-09-14 12:01:00,7625,7625,7650,7650,0
2022-09-14 12:02:00,7625,7625,7650,7650,0
2022-09-14 12:03:00,7625,7625,7650,7650,0
2022-09-14 12:04:00,7625,7625,7650,7650,0
2022-09-14 12:05:00,7625,7625,7650,7650,0
2022-09-14 12:06:00,7625,7625,7650,7650,0
2022-09-14 12:07:00,7625,7625,7650,7650,0
2022-09-14 12:08:00,7625,7625,7650,7650,0
2022-09-14 12:09:00,7625,7625,7650,7650,0
2022-09-14 12:10:00,7625,7625,7650,7650,0
2022-09-14 12:11:00,7625,7625,7650,7650,0
2022-09-14 12:12:00,7625,7625,7650,7650,0
2022-09-14 12:13:00,7625,7625,7650,7650,0
2022-09-14 12:14:00,7625,7625,7650,7650,0
2022-09-14 12:15:00,7625,7625,7650,7650,0
2022-09-14 12:16:00,7625,7625,7650,7650,0
2022-09-14 12:17:00,7625,7625,7650,7650,0
2022-09-14 12:18:00,7625,7625,7650,7650,0
2022-09-14 12:19:00,7625,7625,7650,7650,0
2022-09-14 12:20:00,7625,7625,7650,7650,0
2022-09-14 12:21:00,7625,7625,7650,7650,0
2022-09-14 12:22:00,7625,7625,7650,7650,0
2022-09-14 12:23:00,7625,7625,7650,7650,0
2022-09-14 12:24:00,7625,7625,7650,7650,0
2022-09-14 12:25:00,7625,7625,7650,7650,0
2022-09-14 12:26:00,7625,7625,7650,7650,0
2022-09-14 12:27:00,7625,7625,7650,7650,0
2022-09-14 12:28:00,7625,7625,7650,7650,0
2022-09-14 12:29:00,7625,7625,7650,7650,0
2022-09-14 12:30:00,7625,7625,7650,7650,0
2022-09-14 12:31:00,7625,7625,7650,7650,0
2022-09-14 12:32:00,7625,7625,7650,7650,0
2022-09-14 12:33:00,7625,7625,7650,7650,0
2022-09-14 12:34:00,7625,7625,7650,7650,0
2022-09-14 12:35:00,7625,7625,7650,7650,0
2022-09-14 12:36:00,7625,7625,7650,7650,0
2022-09-14 12:37:00,7625,7625,7650,7650,0
2022-09-14 12:38:00,7625,7625,7650,7650,0
2022-09-14 12:39:00,7625,7625,7650,7650,0
2022-09-14 12:40:00,7625,7625,7650,7650,0
2022-09-14 12:41:00,7625,7625,7650,7650,0
2022-09-14 12:42:00,7625,7625,7650,7650,0
2022-09-14 12:43:00,7625,7625,7650,7650,0
2022-09-14 12:44:00,7625,7625,7650,7650,0
2022-09-14 12:45:00,7625,7625,7650,7650,0
2022-09-14 12:46:00,7625,7625,7650,7650,0
2022-09-14 12:47:00,7625,7625,7650,7650,0
2022-09-14 12:48:00,7625,7625,7650,7650,0
2022-09-14 12:49:00,7625,7625,7650,7650,0
2022-09-14 12:50:00,7625,7625,7650,7650,0
2022-09-14 12:51:00,7625,7625,7650,7650,0
2022-09-14 12:52:00,7625,7625,7650,7650,0
2022-09-14 12:53:00,7625,7625,7650,7650,0
2022-09-14 12:54:00,7625,7625,7650,7650,0
2022-09-14 12:55:00,7625,7625,7650,7650,0
2022-09-14 12:56:00,7625,7625,7650,7650,0
2022-09-14 12:57:00,7625,7625,7650,7650,0
2022-09-14 12:58:00,7625,7625,7650,7650,0
2022-09-14 12:59:00,7625,7625,7650,7650,0
2022-09-14 13:00:00,7625,7625,7650,7650,0
2022-09-14 13:01:00,7625,7625,7650,7650,0
2022-09-14 13:02:00,7625,7625,7650,7650,0
2022-09-14 13:03:00,7625,7625,7650,7650,0
2022-09-14 13:04:00,7625,7625,7650,7650,0
2022-09-14 13:05:00,7625,7625,7650,7650,0
2022-09-14 13:06:00,7625,7625,7650,7650,0
2022-09-14 13:07:00,7625,7625,7650,7650,0
2022-09-14 13:08:00,7625,7625,7650,7650,0
2022-09-14 13:09:00,7625,7625,7650,7650,0
2022-09-14 13:10:00,7625,7625,7650,7650,0
2022-09-14 13:11:00,7625,7625,7650,7650,0
2022-09-14 13:12:00,7625,7625,7650,7650,0
2022-09-14 13:13:00,7625,7625,7650,7650,0
2022-09-14 13:14:00,7625,7625,7650,7650,0
2022-09-14 13:15:00,7625,7625,7650,7650,0
2022-09-14 13:16:00,7625,7625,7650,7650,0
2022-09-14 13:17:00,7625,7625,7650,7650,0
2022-09-14 13:18:00,7625,7625,7650,7650,0
2022-09-14 13:19:00,7625,7625,7650,7650,0
2022-09-14 13:20:00,7625,7625,7650,7650,0
2022-09-14 13:21:00,7625,7625,7650,7650,0
2022-09-14 13:22:00,7625,7625,7650,7650,0
2022-09-14 13:23:00,7625,7625,7650,7650,0
2022-09-14 13:24:00,7625,7625,7650,7650,0
2022-09-14 13:25:00,7625,7625,7650,7650,0
2022-09-14 13:26:00,7625,7625,7650,7650,0
2022-09-14 13:27:00,7625,7625,7650,7650,0
2022-09-14 13:28:00,7625,7625,7650,7650,0
2022-09-14 13:29:00,7625,7625,7650,7650,0
2022-09-14 13:30:00,7625,7600,7650,7625,21800
2022-09-14 13:31:00,7625,7625,7625,7625,0
2022-09-14 13:32:00,7625,7625,7625,7625,0
2022-09-14 13:33:00,7625,7625,7625,7625,0
2022-09-14 13:34:00,7625,7625,7625,7625,3368000
2022-09-14 13:35:00,7625,7600,7625,7600,200
2022-09-14 13:36:00,7625,7600,7625,7625,10800
2022-09-14 13:37:00,7625,7600,7625,7625,11800
2022-09-14 13:38:00,7625,7600,7625,7600,5000
2022-09-14 13:39:00,7625,7600,7625,7600,0
2022-09-14 13:40:00,7625,7600,7625,7625,2500
2022-09-14 13:41:00,7625,7600,7625,7600,35000
2022-09-14 13:42:00,7600,7575,7600,7575,44300
2022-09-14 13:43:00,7600,7575,7600,7575,0
2022-09-14 13:44:00,7600,7600,7600,7600,0
2022-09-14 13:45:00,7600,7600,7600,7600,1800
2022-09-14 13:46:00,7600,7575,7600,7575,7800
2022-09-14 13:47:00,7600,7600,7600,7600,0
2022-09-14 13:48:00,7600,7575,7600,7600,6900
2022-09-14 13:49:00,7575,7575,7600,7600,11400
2022-09-14 13:50:00,7600,7575,7600,7600,23800
2022-09-14 13:51:00,7600,7575,7600,7600,0
2022-09-14 13:52:00,7600,7600,7600,7600,32800
2022-09-14 13:53:00,7600,7600,7600,7600,7500
2022-09-14 13:54:00,7600,7600,7625,7600,2700
2022-09-14 13:55:00,7600,7600,7600,7600,67800
2022-09-14 13:56:00,7600,7600,7600,7600,0
2022-09-14 13:57:00,7600,7600,7600,7600,90700
2022-09-14 13:58:00,7600,7600,7600,7600,0
2022-09-14 13:59:00,7600,7600,7600,7600,17700
2022-09-14 14:00:00,7600,7600,7600,7600,2500
2022-09-14 14:01:00,7575,7575,7575,7575,3800
2022-09-14 14:02:00,7600,7575,7600,7575,18100
2022-09-14 14:03:00,7600,7575,7600,7575,50100
2022-09-14 14:04:00,7575,7575,7575,7575,100
2022-09-14 14:05:00,7575,7575,7575,7575,0
2022-09-14 14:06:00,7575,7575,7575,7575,0
2022-09-14 14:07:00,7600,7600,7600,7600,31400
2022-09-14 14:08:00,7575,7575,7575,7575,0
2022-09-14 14:09:00,7575,7575,7575,7575,0
2022-09-14 14:10:00,7575,7575,7575,7575,170200
2022-09-14 14:11:00,7575,7575,7575,7575,10100
2022-09-14 14:12:00,7575,7575,7575,7575,0
2022-09-14 14:13:00,7575,7575,7575,7575,33600
2022-09-14 14:14:00,7575,7575,7575,7575,0
2022-09-14 14:15:00,7575,7575,7575,7575,7700
2022-09-14 14:16:00,7575,7550,7575,7550,12300
2022-09-14 14:17:00,7550,7550,7550,7550,0
2022-09-14 14:18:00,7550,7550,7550,7550,60400
2022-09-14 14:19:00,7575,7575,7575,7575,0
2022-09-14 14:20:00,7575,7550,7575,7575,14800
2022-09-14 14:21:00,7575,7550,7575,7575,0
2022-09-14 14:22:00,7550,7550,7550,7550,300
2022-09-14 14:23:00,7550,7550,7550,7550,0
2022-09-14 14:24:00,7550,7550,7575,7575,17100
2022-09-14 14:25:00,7575,7575,7575,7575,8000
2022-09-14 14:26:00,7550,7550,7575,7575,13500
2022-09-14 14:27:00,7550,7550,7575,7575,4800
2022-09-14 14:28:00,7550,7550,7575,7575,0
2022-09-14 14:29:00,7575,7550,7575,7550,3000
2022-09-14 14:30:00,7550,7550,7575,7575,32800
2022-09-14 14:31:00,7575,7575,7575,7575,0
2022-09-14 14:32:00,7575,7575,7575,7575,0
2022-09-14 14:33:00,7575,7575,7575,7575,14400
2022-09-14 14:34:00,7575,7575,7575,7575,0
2022-09-14 14:35:00,7575,7575,7575,7575,15400
2022-09-14 14:36:00,7550,7550,7550,7550,500
2022-09-14 14:37:00,7575,7575,7575,7575,0
2022-09-14 14:38:00,7575,7575,7575,7575,31100
2022-09-14 14:39:00,7575,7575,7575,7575,4800
2022-09-14 14:40:00,7575,7575,7575,7575,5600
2022-09-14 14:41:00,7575,7575,7575,7575,0
2022-09-14 14:42:00,7575,7575,7575,7575,3100
2022-09-14 14:43:00,7575,7575,7600,7575,1100
2022-09-14 14:44:00,7600,7600,7600,7600,100
2022-09-14 14:45:00,7575,7575,7600,7600,3200
2022-09-14 14:46:00,7600,7575,7600,7600,15900
2022-09-14 14:47:00,7575,7575,7575,7575,26900
2022-09-14 14:48:00,7575,7575,7575,7575,7800
2022-09-14 14:49:00,7575,7575,7575,7575,0
2022-09-14 14:50:00,7575,7575,7575,7575,0
2022-09-14 14:51:00,7575,7575,7575,7575,0
2022-09-14 14:52:00,7575,7575,7575,7575,0
2022-09-14 14:53:00,7575,7575,7575,7575,0
2022-09-14 14:54:00,7575,7575,7575,7575,0
2022-09-14 14:55:00,7575,7575,7575,7575,0
2022-09-14 14:56:00,7575,7575,7575,7575,0
2022-09-14 14:57:00,7575,7575,7575,7575,0
2022-09-14 14:58:00,7575,7575,7575,7575,0
2022-09-14 14:59:00,7575,7575,7575,7575,0
2022-09-14 15:00:00,7575,7575,7575,7575,129200
2022-09-14 15:01:00,7575,7575,7575,7575,0
2022-09-14 15:02:00,7575,7575,7575,7575,1400
2022-09-14 15:03:00,7575,7575,7575,7575,0
2022-09-14 15:04:00,7575,7575,7575,7575,0
2022-09-14 15:05:00,7575,7575,7575,7575,2400
2022-09-14 15:06:00,7575,7575,7575,7575,0
2022-09-14 15:07:00,7575,7575,7575,7575,0
2022-09-14 15:08:00,7575,7575,7575,7575,0
2022-09-14 15:09:00,7575,7575,7575,7575,0
2022-09-14 15:10:00,7575,7575,7575,7575,5900
2022-09-14 15:11:00,7575,7575,7575,7575,0
2022-09-14 15:12:00,7575,7575,7575,7575,4436800
2022-09-14 15:13:00,7575,7575,7575,7575,0
2022-09-14 15:14:00,7575,7575,7575,7575,0
2022-09-14 15:15:00,7575,7575,7575,7575,0
2022-09-14 15:16:00,7575,7575,7575,7575,0
2022-09-14 15:17:00,7575,7575,7575,7575,0
2022-09-14 15:18:00,7575,7575,7575,7575,0
2022-09-14 15:19:00,7575,7575,7575,7575,0
2022-09-14 15:20:00,7575,7575,7575,7575,0
2022-09-14 15:21:00,7575,7575,7575,7575,0
2022-09-14 15:22:00,7575,7575,7575,7575,0
2022-09-14 15:23:00,7575,7575,7575,7575,0
2022-09-14 15:24:00,7575,7575,7575,7575,0
2022-09-14 15:25:00,7575,7575,7575,7575,0
2022-09-14 15:26:00,7575,7575,7575,7575,0
2022-09-14 15:27:00,7575,7575,7575,7575,0
2022-09-14 15:28:00,7575,7575,7575,7575,0
2022-09-14 15:29:00,7575,7575,7575,7575,0
2022-09-14 15:30:00,7575,7575,7575,7575,0
2022-09-14 15:31:00,7575,7575,7575,7575,0
2022-09-14 15:32:00,7575,7575,7575,7575,0
2022-09-14 15:33:00,7575,7575,7575,7575,0
2022-09-14 15:34:00,7575,7575,7575,7575,0
2022-09-14 15:35:00,7575,7575,7575,7575,0
2022-09-14 15:36:00,7575,7575,7575,7575,0
2022-09-14 15:37:00,7575,7575,7575,7575,0
2022-09-14 15:38:00,7575,7575,7575,7575,0
2022-09-14 15:39:00,7575,7575,7575,7575,0
2022-09-14 15:40:00,7575,7575,7575,7575,0
2022-09-14 15:41:00,7575,7575,7575,7575,0
2022-09-14 15:42:00,7575,7575,7575,7575,0
2022-09-14 15:43:00,7575,7575,7575,7575,0
2022-09-14 15:44:00,7575,7575,7575,7575,0
2022-09-14 15:45:00,7575,7575,7575,7575,0
2022-09-14 15:46:00,7575,7575,7575,7575,0
2022-09-14 15:47:00,7575,7575,7575,7575,0
2022-09-14 15:48:00,7575,7575,7575,7575,0
2022-09-14 15:49:00,7575,7575,7575,7575,0
2022-09-14 15:50:00,7575,7575,7575,7575,0
2022-09-14 15:51:00,7575,7575,7575,7575,0
2022-09-14 15:52:00,7575,7575,7575,7575,0
2022-09-14 15:53:00,7575,7575,7575,7575,0
2022-09-14 15:54:00,7575,7575,7575,7575,0
2022-09-14 15:55:00,7575,7575,7575,7575,0
2022-09-14 15:56:00,7575,7575,7575,7575,0
2022-09-14 15:57:00,7575,7575,7575,7575,0
2022-09-14 15:58:00,7575,7575,7575,7575,0
2022-09-14 15:59:00,7575,7575,7575,7575,0
2022-09-15 09:00:00,7600,7575,7650,7650,0
2022-09-15 09:01:00,7650,7650,7675,7650,8800
2022-09-15 09:02:00,7650,7650,7675,7675,11600
2022-09-15 09:03:00,7675,7625,7675,7650,13600
2022-09-15 09:04:00,7650,7650,7650,7650,5100
2022-09-15 09:05:00,7675,7675,7675,7675,32000
2022-09-15 09:06:00,7675,7650,7700,7675,38200
2022-09-15 09:07:00,7675,7650,7675,7675,300
2022-09-15 09:08:00,7675,7675,7675,7675,26500
2022-09-15 09:09:00,7675,7650,7675,7650,15500
2022-09-15 09:10:00,7650,7650,7650,7650,3600
2022-09-15 09:11:00,7675,7650,7675,7675,5700
2022-09-15 09:12:00,7675,7675,7675,7675,2200
2022-09-15 09:13:00,7675,7650,7675,7650,11600
2022-09-15 09:14:00,7675,7650,7675,7650,0
2022-09-15 09:15:00,7675,7650,7675,7675,9600
2022-09-15 09:16:00,7675,7650,7675,7650,69500
2022-09-15 09:17:00,7650,7650,7650,7650,50600
2022-09-15 09:18:00,7650,7650,7650,7650,2600
2022-09-15 09:19:00,7650,7650,7650,7650,8800
2022-09-15 09:20:00,7650,7650,7650,7650,0
2022-09-15 09:21:00,7650,7625,7650,7625,7800
2022-09-15 09:22:00,7650,7650,7650,7650,8200
2022-09-15 09:23:00,7650,7650,7650,7650,2800
2022-09-15 09:24:00,7650,7650,7650,7650,4100
2022-09-15 09:25:00,7650,7650,7650,7650,4100
2022-09-15 09:26:00,7650,7650,7650,7650,17700
2022-09-15 09:27:00,7650,7625,7650,7650,9200
2022-09-15 09:28:00,7625,7625,7625,7625,2100
2022-09-15 09:29:00,7625,7625,7625,7625,3800
2022-09-15 09:30:00,7625,7625,7625,7625,14400
2022-09-15 09:31:00,7650,7625,7650,7650,61500
2022-09-15 09:32:00,7650,7625,7650,7625,18100
2022-09-15 09:33:00,7625,7625,7625,7625,1500
2022-09-15 09:34:00,7625,7625,7625,7625,0
2022-09-15 09:35:00,7650,7650,7650,7650,1000
2022-09-15 09:36:00,7650,7650,7650,7650,0
2022-09-15 09:37:00,7650,7650,7650,7650,14900
2022-09-15 09:38:00,7625,7625,7625,7625,0
2022-09-15 09:39:00,7650,7650,7650,7650,16700
2022-09-15 09:40:00,7625,7625,7650,7650,10300
2022-09-15 09:41:00,7650,7650,7650,7650,200
2022-09-15 09:42:00,7650,7650,7650,7650,20100
2022-09-15 09:43:00,7650,7625,7650,7625,64300
2022-09-15 09:44:00,7650,7650,7650,7650,0
2022-09-15 09:45:00,7650,7650,7650,7650,200
2022-09-15 09:46:00,7650,7650,7650,7650,23200
2022-09-15 09:47:00,7650,7650,7650,7650,0
2022-09-15 09:48:00,7675,7650,7675,7650,17700
2022-09-15 09:49:00,7675,7650,7675,7650,0
2022-09-15 09:50:00,7650,7650,7650,7650,108400
2022-09-15 09:51:00,7650,7650,7650,7650,5600
2022-09-15 09:52:00,7650,7650,7650,7650,500
2022-09-15 09:53:00,7650,7650,7650,7650,1000
2022-09-15 09:54:00,7650,7650,7650,7650,700
2022-09-15 09:55:00,7650,7650,7650,7650,12600
2022-09-15 09:56:00,7650,7650,7650,7650,300
2022-09-15 09:57:00,7650,7650,7650,7650,1300
2022-09-15 09:58:00,7650,7650,7650,7650,45100
2022-09-15 09:59:00,7650,7650,7650,7650,60700
2022-09-15 10:00:00,7675,7675,7675,7675,7000
2022-09-15 10:01:00,7675,7675,7675,7675,114500
2022-09-15 10:02:00,7675,7675,7675,7675,72200
2022-09-15 10:03:00,7675,7675,7675,7675,9700
2022-09-15 10:04:00,7675,7650,7675,7675,28300
2022-09-15 10:05:00,7675,7675,7675,7675,5200
2022-09-15 10:06:00,7675,7675,7675,7675,7800
2022-09-15 10:07:00,7675,7650,7675,7650,15700
2022-09-15 10:08:00,7675,7650,7675,7675,0
2022-09-15 10:09:00,7675,7675,7675,7675,100
2022-09-15 10:10:00,7675,7675,7675,7675,2000
2022-09-15 10:11:00,7675,7650,7675,7675,29800
2022-09-15 10:12:00,7675,7675,7675,7675,24800
2022-09-15 10:13:00,7675,7675,7675,7675,8000
2022-09-15 10:14:00,7675,7650,7675,7675,16500
2022-09-15 10:15:00,7650,7650,7650,7650,1000
2022-09-15 10:16:00,7675,7675,7675,7675,19500
2022-09-15 10:17:00,7675,7650,7675,7650,8900
2022-09-15 10:18:00,7675,7675,7675,7675,1000
2022-09-15 10:19:00,7675,7600,7675,7600,368100
2022-09-15 10:20:00,7600,7600,7600,7600,117000
2022-09-15 10:21:00,7600,7600,7600,7600,0
2022-09-15 10:22:00,7600,7600,7600,7600,0
2022-09-15 10:23:00,7600,7600,7600,7600,0
2022-09-15 10:24:00,7625,7625,7650,7650,20500
2022-09-15 10:25:00,7625,7625,7650,7650,0
2022-09-15 10:26:00,7625,7625,7650,7650,0
2022-09-15 10:27:00,7625,7625,7650,7650,0
2022-09-15 10:28:00,7625,7625,7625,7625,8300
2022-09-15 10:29:00,7650,7625,7650,7625,9200
2022-09-15 10:30:00,7625,7625,7625,7625,1300
2022-09-15 10:31:00,7625,7625,7625,7625,0
2022-09-15 10:32:00,7625,7625,7625,7625,0
2022-09-15 10:33:00,7625,7625,7625,7625,0
2022-09-15 10:34:00,7625,7625,7625,7625,22600
2022-09-15 10:35:00,7625,7625,7625,7625,200
2022-09-15 10:36:00,7600,7600,7600,7600,300
2022-09-15 10:37:00,7600,7600,7600,7600,223800
2022-09-15 10:38:00,7600,7600,7600,7600,10900
2022-09-15 10:39:00,7600,7600,7625,7625,23400
2022-09-15 10:40:00,7625,7625,7625,7625,5000
2022-09-15 10:41:00,7600,7600,7675,7675,104600
2022-09-15 10:42:00,7675,7625,7675,7650,59100
2022-09-15 10:43:00,7650,7650,7650,7650,48500
2022-09-15 10:44:00,7650,7650,7650,7650,1200
2022-09-15 10:45:00,7650,7625,7675,7625,78900
2022-09-15 10:46:00,7675,7625,7675,7675,97100
2022-09-15 10:47:00,7675,7675,7675,7675,6900
2022-09-15 10:48:00,7675,7675,7675,7675,0
2022-09-15 10:49:00,7675,7675,7675,7675,0
2022-09-15 10:50:00,7650,7650,7650,7650,0
2022-09-15 10:51:00,7650,7650,7650,7650,3600
2022-09-15 10:52:00,7650,7650,7650,7650,1700
2022-09-15 10:53:00,7650,7650,7650,7650,300
2022-09-15 10:54:00,7650,7650,7650,7650,600
2022-09-15 10:55:00,7650,7650,7650,7650,19600
2022-09-15 10:56:00,7650,7650,7650,7650,0
2022-09-15 10:57:00,7650,7650,7650,7650,0
2022-09-15 10:58:00,7650,7650,7650,7650,16500
2022-09-15 10:59:00,7625,7625,7625,7625,0
2022-09-15 11:00:00,7625,7625,7625,7625,0
2022-09-15 11:01:00,7650,7650,7650,7650,1500
2022-09-15 11:02:00,7650,7650,7650,7650,0
2022-09-15 11:03:00,7650,7650,7650,7650,0
2022-09-15 11:04:00,7650,7650,7650,7650,1000
2022-09-15 11:05:00,7650,7650,7650,7650,0
2022-09-15 11:06:00,7625,7625,7625,7625,1500
2022-09-15 11:07:00,7625,7625,7650,7650,1700
2022-09-15 11:08:00,7650,7650,7650,7650,1400
2022-09-15 11:09:00,7625,7625,7625,7625,300
2022-09-15 11:10:00,7625,7625,7625,7625,0
2022-09-15 11:11:00,7650,7650,7650,7650,200
2022-09-15 11:12:00,7650,7650,7650,7650,0
2022-09-15 11:13:00,7650,7650,7650,7650,0
2022-09-15 11:14:00,7625,7625,7650,7625,2400
2022-09-15 11:15:00,7625,7625,7625,7625,14800
2022-09-15 11:16:00,7650,7650,7650,7650,78800
2022-09-15 11:17:00,7650,7650,7650,7650,0
2022-09-15 11:18:00,7650,7650,7650,7650,0
2022-09-15 11:19:00,7625,7625,7650,7650,0
2022-09-15 11:20:00,7650,7650,7650,7650,1800
2022-09-15 11:21:00,7625,7600,7625,7600,173700
2022-09-15 11:22:00,7600,7600,7600,7600,1300
2022-09-15 11:23:00,7600,7575,7600,7575,12100
2022-09-15 11:24:00,7600,7575,7600,7575,0
2022-09-15 11:25:00,7575,7575,7600,7600,2000
2022-09-15 11:26:00,7600,7575,7600,7575,22000
2022-09-15 11:27:00,7575,7575,7625,7600,5500
2022-09-15 11:28:00,7575,7575,7600,7600,0
2022-09-15 11:29:00,7600,7600,7600,7600,2400
2022-09-15 11:30:00,7600,7600,7600,7600,0
2022-09-15 11:31:00,7600,7600,7600,7600,0
2022-09-15 11:32:00,7600,7600,7600,7600,0
2022-09-15 11:33:00,7600,7600,7600,7600,0
2022-09-15 11:34:00,7600,7600,7600,7600,0
2022-09-15 11:35:00,7600,7600,7600,7600,0
2022-09-15 11:36:00,7600,7600,7600,7600,0
2022-09-15 11:37:00,7600,7600,7600,7600,0
2022-09-15 11:38:00,7600,7600,7600,7600,0
2022-09-15 11:39:00,7600,7600,7600,7600,0
2022-09-15 11:40:00,7600,7600,7600,7600,0
2022-09-15 11:41:00,7600,7600,7600,7600,0
2022-09-15 11:42:00,7600,7600,7600,7600,0
2022-09-15 11:43:00,7600,7600,7600,7600,0
2022-09-15 11:44:00,7600,7600,7600,7600,0
2022-09-15 11:45:00,7600,7600,7600,7600,0
2022-09-15 11:46:00,7600,7600,7600,7600,0
2022-09-15 11:47:00,7600,7600,7600,7600,0
2022-09-15 11:48:00,7600,7600,7600,7600,0
2022-09-15 11:49:00,7600,7600,7600,7600,0
2022-09-15 11:50:00,7600,7600,7600,7600,0
2022-09-15 11:51:00,7600,7600,7600,7600,0
2022-09-15 11:52:00,7600,7600,7600,7600,0
2022-09-15 11:53:00,7600,7600,7600,7600,0
2022-09-15 11:54:00,7600,7600,7600,7600,0
2022-09-15 11:55:00,7600,7600,7600,7600,0
2022-09-15 11:56:00,7600,7600,7600,7600,0
2022-09-15 11:57:00,7600,7600,7600,7600,0
2022-09-15 11:58:00,7600,7600,7600,7600,0
2022-09-15 11:59:00,7600,7600,7600,7600,0
2022-09-15 12:00:00,7600,7600,7600,7600,0
2022-09-15 12:01:00,7600,7600,7600,7600,0
2022-09-15 12:02:00,7600,7600,7600,7600,0
2022-09-15 12:03:00,7600,7600,7600,7600,0
2022-09-15 12:04:00,7600,7600,7600,7600,0
2022-09-15 12:05:00,7600,7600,7600,7600,0
2022-09-15 12:06:00,7600,7600,7600,7600,0
2022-09-15 12:07:00,7600,7600,7600,7600,0
2022-09-15 12:08:00,7600,7600,7600,7600,0
2022-09-15 12:09:00,7600,7600,7600,7600,0
2022-09-15 12:10:00,7600,7600,7600,7600,0
2022-09-15 12:11:00,7600,7600,7600,7600,0
2022-09-15 12:12:00,7600,7600,7600,7600,0
2022-09-15 12:13:00,7600,7600,7600,7600,0
2022-09-15 12:14:00,7600,7600,7600,7600,0
2022-09-15 12:15:00,7600,7600,7600,7600,0
2022-09-15 12:16:00,7600,7600,7600,7600,0
2022-09-15 12:17:00,7600,7600,7600,7600,0
2022-09-15 12:18:00,7600,7600,7600,7600,0
2022-09-15 12:19:00,7600,7600,7600,7600,0
2022-09-15 12:20:00,7600,7600,7600,7600,0
2022-09-15 12:21:00,7600,7600,7600,7600,0
2022-09-15 12:22:00,7600,7600,7600,7600,0
2022-09-15 12:23:00,7600,7600,7600,7600,0
2022-09-15 12:24:00,7600,7600,7600,7600,0
2022-09-15 12:25:00,7600,7600,7600,7600,0
2022-09-15 12:26:00,7600,7600,7600,7600,0
2022-09-15 12:27:00,7600,7600,7600,7600,0
2022-09-15 12:28:00,7600,7600,7600,7600,0
2022-09-15 12:29:00,7600,7600,7600,7600,0
2022-09-15 12:30:00,7600,7600,7600,7600,0
2022-09-15 12:31:00,7600,7600,7600,7600,0
2022-09-15 12:32:00,7600,7600,7600,7600,0
2022-09-15 12:33:00,7600,7600,7600,7600,0
2022-09-15 12:34:00,7600,7600,7600,7600,0
2022-09-15 12:35:00,7600,7600,7600,7600,0
2022-09-15 12:36:00,7600,7600,7600,7600,0
2022-09-15 12:37:00,7600,7600,7600,7600,0
2022-09-15 12:38:00,7600,7600,7600,7600,0
2022-09-15 12:39:00,7600,7600,7600,7600,0
2022-09-15 12:40:00,7600,7600,7600,7600,0
2022-09-15 12:41:00,7600,7600,7600,7600,0
2022-09-15 12:42:00,7600,7600,7600,7600,0
2022-09-15 12:43:00,7600,7600,7600,7600,0
2022-09-15 12:44:00,7600,7600,7600,7600,0
2022-09-15 12:45:00,7600,7600,7600,7600,0
2022-09-15 12:46:00,7600,7600,7600,7600,0
2022-09-15 12:47:00,7600,7600,7600,7600,0
2022-09-15 12:48:00,7600,7600,7600,7600,0
2022-09-15 12:49:00,7600,7600,7600,7600,0
2022-09-15 12:50:00,7600,7600,7600,7600,0
2022-09-15 12:51:00,7600,7600,7600,7600,0
2022-09-15 12:52:00,7600,7600,7600,7600,0
2022-09-15 12:53:00,7600,7600,7600,7600,0
2022-09-15 12:54:00,7600,7600,7600,7600,0
2022-09-15 12:55:00,7600,7600,7600,7600,0
2022-09-15 12:56:00,7600,7600,7600,7600,0
2022-09-15 12:57:00,7600,7600,7600,7600,0
2022-09-15 12:58:00,7600,7600,7600,7600,0
2022-09-15 12:59:00,7600,7600,7600,7600,0
2022-09-15 13:00:00,7600,7600,7600,7600,0
2022-09-15 13:01:00,7600,7600,7600,7600,0
2022-09-15 13:02:00,7600,7600,7600,7600,0
2022-09-15 13:03:00,7600,7600,7600,7600,0
2022-09-15 13:04:00,7600,7600,7600,7600,0
2022-09-15 13:05:00,7600,7600,7600,7600,0
2022-09-15 13:06:00,7600,7600,7600,7600,0
2022-09-15 13:07:00,7600,7600,7600,7600,0
2022-09-15 13:08:00,7600,7600,7600,7600,0
2022-09-15 13:09:00,7600,7600,7600,7600,0
2022-09-15 13:10:00,7600,7600,7600,7600,0
2022-09-15 13:11:00,7600,7600,7600,7600,0
2022-09-15 13:12:00,7600,7600,7600,7600,0
2022-09-15 13:13:00,7600,7600,7600,7600,0
2022-09-15 13:14:00,7600,7600,7600,7600,0
2022-09-15 13:15:00,7600,7600,7600,7600,0
2022-09-15 13:16:00,7600,7600,7600,7600,0
2022-09-15 13:17:00,7600,7600,7600,7600,0
2022-09-15 13:18:00,7600,7600,7600,7600,0
2022-09-15 13:19:00,7600,7600,7600,7600,0
2022-09-15 13:20:00,7600,7600,7600,7600,0
2022-09-15 13:21:00,7600,7600,7600,7600,0
2022-09-15 13:22:00,7600,7600,7600,7600,0
2022-09-15 13:23:00,7600,7600,7600,7600,0
2022-09-15 13:24:00,7600,7600,7600,7600,0
2022-09-15 13:25:00,7600,7600,7600,7600,0
2022-09-15 13:26:00,7600,7600,7600,7600,0
2022-09-15 13:27:00,7600,7600,7600,7600,0
2022-09-15 13:28:00,7600,7600,7600,7600,0
2022-09-15 13:29:00,7600,7600,7600,7600,0
2022-09-15 13:30:00,7600,7575,7600,7600,137800
2022-09-15 13:31:00,7600,7575,7600,7600,0
2022-09-15 13:32:00,7600,7575,7600,7600,0
2022-09-15 13:33:00,7575,7575,7575,7575,3700
2022-09-15 13:34:00,7600,7600,7600,7600,0
2022-09-15 13:35:00,7600,7600,7600,7600,1100
2022-09-15 13:36:00,7600,7575,7600,7575,0
2022-09-15 13:37:00,7600,7600,7600,7600,1300
2022-09-15 13:38:00,7600,7600,7600,7600,7200
2022-09-15 13:39:00,7575,7575,7575,7575,2800
2022-09-15 13:40:00,7600,7575,7600,7575,700
2022-09-15 13:41:00,7575,7575,7600,7600,33500
2022-09-15 13:42:00,7600,7600,7600,7600,0
2022-09-15 13:43:00,7600,7600,7600,7600,1700
2022-09-15 13:44:00,7575,7575,7600,7600,1600
2022-09-15 13:45:00,7600,7600,7600,7600,62900
2022-09-15 13:46:00,7600,7575,7600,7600,2400
2022-09-15 13:47:00,7600,7600,7600,7600,900
2022-09-15 13:48:00,7600,7600,7600,7600,35400
2022-09-15 13:49:00,7600,7600,7625,7625,3300
2022-09-15 13:50:00,7625,7625,7625,7625,900
2022-09-15 13:51:00,7600,7600,7600,7600,11200
2022-09-15 13:52:00,7600,7600,7600,7600,0
2022-09-15 13:53:00,7625,7600,7625,7600,3100
2022-09-15 13:54:00,7600,7600,7600,7600,2000
2022-09-15 13:55:00,7625,7625,7625,7625,1200
2022-09-15 13:56:00,7625,7625,7625,7625,3800
2022-09-15 13:57:00,7625,7625,7625,7625,0
2022-09-15 13:58:00,7625,7625,7625,7625,3200
2022-09-15 13:59:00,7625,7625,7625,7625,17700
2022-09-15 14:00:00,7625,7625,7625,7625,8700
2022-09-15 14:01:00,7625,7600,7625,7600,124200
2022-09-15 14:02:00,7600,7600,7600,7600,1500
2022-09-15 14:03:00,7600,7600,7600,7600,3300
2022-09-15 14:04:00,7600,7575,7600,7600,37400
2022-09-15 14:05:00,7600,7600,7600,7600,0
2022-09-15 14:06:00,7600,7600,7600,7600,2100
2022-09-15 14:07:00,7600,7600,7600,7600,5600
2022-09-15 14:08:00,7600,7575,7600,7575,11300
2022-09-15 14:09:00,7600,7600,7600,7600,10100
2022-09-15 14:10:00,7600,7575,7600,7575,9600
2022-09-15 14:11:00,7600,7600,7600,7600,8300
2022-09-15 14:12:00,7600,7600,7600,7600,6400
2022-09-15 14:13:00,7600,7575,7600,7575,12000
2022-09-15 14:14:00,7600,7600,7600,7600,71300
2022-09-15 14:15:00,7600,7600,7600,7600,25900
2022-09-15 14:16:00,7600,7600,7625,7625,21000
2022-09-15 14:17:00,7625,7600,7625,7625,22100
2022-09-15 14:18:00,7625,7625,7650,7650,83000
2022-09-15 14:19:00,7600,7600,7600,7600,51900
2022-09-15 14:20:00,7575,7575,7575,7575,1900
2022-09-15 14:21:00,7575,7575,7575,7575,0
2022-09-15 14:22:00,7575,7575,7575,7575,3621300
2022-09-15 14:23:00,7575,7575,7600,7600,14800
2022-09-15 14:24:00,7575,7575,7600,7600,3600
2022-09-15 14:25:00,7600,7600,7600,7600,3800
2022-09-15 14:26:00,7600,7600,7600,7600,5400
2022-09-15 14:27:00,7600,7600,7600,7600,0
2022-09-15 14:28:00,7600,7575,7600,7600,23100
2022-09-15 14:29:00,7600,7600,7625,7625,65500
2022-09-15 14:30:00,7625,7625,7650,7625,39400
2022-09-15 14:31:00,7625,7600,7625,7600,16100
2022-09-15 14:32:00,7625,7600,7625,7600,0
2022-09-15 14:33:00,7600,7600,7600,7600,200
2022-09-15 14:34:00,7600,7600,7600,7600,38300
2022-09-15 14:35:00,7625,7625,7625,7625,2900
2022-09-15 14:36:00,7625,7600,7625,7600,19500
2022-09-15 14:37:00,7625,7625,7625,7625,6200
2022-09-15 14:38:00,7625,7600,7625,7600,18400
2022-09-15 14:39:00,7625,7600,7625,7600,3800
2022-09-15 14:40:00,7625,7625,7625,7625,5900
2022-09-15 14:41:00,7625,7600,7625,7600,43100
2022-09-15 14:42:00,7625,7600,7625,7625,6400
2022-09-15 14:43:00,7600,7600,7625,7600,1800
2022-09-15 14:44:00,7625,7600,7625,7625,30800
2022-09-15 14:45:00,7600,7600,7600,7600,19900
2022-09-15 14:46:00,7600,7600,7625,7600,25500
2022-09-15 14:47:00,7625,7600,7625,7625,6700
2022-09-15 14:48:00,7625,7600,7625,7600,18800
2022-09-15 14:49:00,7600,7575,7600,7600,16700
2022-09-15 14:50:00,7600,7575,7600,7600,0
2022-09-15 14:51:00,7600,7575,7600,7600,0
2022-09-15 14:52:00,7600,7575,7600,7600,0
2022-09-15 14:53:00,7600,7575,7600,7600,0
2022-09-15 14:54:00,7600,7575,7600,7600,0
2022-09-15 14:55:00,7600,7575,7600,7600,0
2022-09-15 14:56:00,7600,7575,7600,7600,0
2022-09-15 14:57:00,7600,7575,7600,7600,0
2022-09-15 14:58:00,7600,7575,7600,7600,0
2022-09-15 14:59:00,7600,7575,7600,7600,0
2022-09-15 15:00:00,7575,7575,7575,7575,0
2022-09-15 15:01:00,7575,7575,7575,7575,4342800
2022-09-15 15:02:00,7575,7575,7575,7575,3000
2022-09-15 15:03:00,7575,7575,7575,7575,8000
2022-09-15 15:04:00,7575,7575,7575,7575,2500
2022-09-15 15:05:00,7575,7575,7575,7575,0
2022-09-15 15:06:00,7575,7575,7575,7575,0
2022-09-15 15:07:00,7575,7575,7575,7575,51000
2022-09-15 15:08:00,7575,7575,7575,7575,0
2022-09-15 15:09:00,7575,7575,7575,7575,0
2022-09-15 15:10:00,7575,7575,7575,7575,0
2022-09-15 15:11:00,7575,7575,7575,7575,0
2022-09-15 15:12:00,7575,7575,7575,7575,4407400
2022-09-15 15:13:00,7575,7575,7575,7575,0
2022-09-15 15:14:00,7575,7575,7575,7575,0
2022-09-15 15:15:00,7575,7575,7575,7575,0
2022-09-15 15:16:00,7575,7575,7575,7575,0
2022-09-15 15:17:00,7575,7575,7575,7575,0
2022-09-15 15:18:00,7575,7575,7575,7575,0
2022-09-15 15:19:00,7575,7575,7575,7575,0
2022-09-15 15:20:00,7575,7575,7575,7575,0
2022-09-15 15:21:00,7575,7575,7575,7575,0
2022-09-15 15:22:00,7575,7575,7575,7575,0
2022-09-15 15:23:00,7575,7575,7575,7575,0
2022-09-15 15:24:00,7575,7575,7575,7575,0
2022-09-15 15:25:00,7575,7575,7575,7575,0
2022-09-15 15:26:00,7575,7575,7575,7575,0
2022-09-15 15:27:00,7575,7575,7575,7575,0
2022-09-15 15:28:00,7575,7575,7575,7575,0
2022-09-15 15:29:00,7575,7575,7575,7575,0
2022-09-15 15:30:00,7575,7575,7575,7575,0
2022-09-15 15:31:00,7575,7575,7575,7575,0
2022-09-15 15:32:00,7575,7575,7575,7575,0
2022-09-15 15:33:00,7575,7575,7575,7575,0
2022-09-15 15:34:00,7575,7575,7575,7575,0
2022-09-15 15:35:00,7575,7575,7575,7575,0
2022-09-15 15:36:00,7575,7575,7575,7575,0
2022-09-15 15:37:00,7575,7575,7575,7575,0
2022-09-15 15:38:00,7575,7575,7575,7575,0
2022-09-15 15:39:00,7575,7575,7575,7575,0
2022-09-15 15:40:00,7575,7575,7575,7575,0
2022-09-15 15:41:00,7575,7575,7575,7575,0
2022-09-15 15:42:00,7575,7575,7575,7575,0
2022-09-15 15:43:00,7575,7575,7575,7575,0
2022-09-15 15:44:00,7575,7575,7575,7575,0
2022-09-15 15:45:00,7575,7575,7575,7575,0
2022-09-15 15:46:00,7575,7575,7575,7575,0
2022-09-15 15:47:00,7575,7575,7575,7575,0
2022-09-15 15:48:00,7575,7575,7575,7575,0
2022-09-15 15:49:00,7575,7575,7575,7575,0
2022-09-15 15:50:00,7575,7575,7575,7575,0
2022-09-15 15:51:00,7575,7575,7575,7575,0
2022-09-15 15:52:00,7575,7575,7575,7575,0
2022-09-15 15:53:00,7575,7575,7575,7575,0
2022-09-15 15:54:00,7575,7575,7575,7575,0
2022-09-15 15:55:00,7575,7575,7575,7575,0
2022-09-15 15:56:00,7575,7575,7575,7575,0
2022-09-15 15:57:00,7575,7575,7575,7575,0
2022-09-15 15:58:00,7575,7575,7575,7575,0
2022-09-15 15:59:00,7575,7575,7575,7575,0
2022-09-16 09:00:00,7575,7575,7600,7600,0
2022-09-16 09:01:00,7575,7550,7575,7550,5800
2022-09-16 09:02:00,7550,7550,7550,7550,1100
2022-09-16 09:03:00,7550,7550,7575,7550,32700
2022-09-16 09:04:00,7525,7525,7550,7550,4700
2022-09-16 09:05:00,7525,7525,7550,7550,15600
2022-09-16 09:06:00,7550,7525,7550,7550,31100
2022-09-16 09:07:00,7550,7525,7550,7550,3400
2022-09-16 09:08:00,7525,7450,7525,7450,269300
2022-09-16 09:09:00,7425,7425,7525,7475,119600
2022-09-16 09:10:00,7500,7475,7500,7500,10000
2022-09-16 09:11:00,7500,7500,7525,7525,26800
2022-09-16 09:12:00,7500,7500,7500,7500,48800
2022-09-16 09:13:00,7500,7475,7500,7475,17100
2022-09-16 09:14:00,7475,7450,7475,7475,72700
2022-09-16 09:15:00,7475,7450,7475,7450,35600
2022-09-16 09:16:00,7450,7450,7450,7450,50000
2022-09-16 09:17:00,7450,7425,7475,7450,99600
2022-09-16 09:18:00,7425,7425,7450,7450,11800
2022-09-16 09:19:00,7425,7400,7425,7400,290500
2022-09-16 09:20:00,7375,7375,7425,7400,58500
2022-09-16 09:21:00,7400,7400,7400,7400,21300
2022-09-16 09:22:00,7400,7400,7400,7400,70800
2022-09-16 09:23:00,7400,7375,7400,7375,26800
2022-09-16 09:24:00,7400,7400,7400,7400,16300
2022-09-16 09:25:00,7425,7400,7425,7425,8700
2022-09-16 09:26:00,7425,7400,7425,7400,7800
2022-09-16 09:27:00,7425,7400,7425,7425,5300
2022-09-16 09:28:00,7425,7425,7450,7450,81200
2022-09-16 09:29:00,7450,7425,7450,7450,13400
2022-09-16 09:30:00,7425,7425,7450,7425,37900
2022-09-16 09:31:00,7450,7425,7450,7425,3900
2022-09-16 09:32:00,7450,7450,7450,7450,5000
2022-09-16 09:33:00,7450,7450,7450,7450,39700
2022-09-16 09:34:00,7475,7450,7475,7475,700
2022-09-16 09:35:00,7475,7450,7475,7475,0
2022-09-16 09:36:00,7475,7450,7475,7475,7600
2022-09-16 09:37:00,7475,7450,7475,7475,19500
2022-09-16 09:38:00,7475,7450,7475,7450,1700
2022-09-16 09:39:00,7475,7475,7475,7475,7700
2022-09-16 09:40:00,7450,7450,7475,7475,700
2022-09-16 09:41:00,7475,7450,7475,7450,12900
2022-09-16 09:42:00,7475,7450,7475,7475,11000
2022-09-16 09:43:00,7475,7450,7475,7450,5700
2022-09-16 09:44:00,7475,7450,7475,7475,7100
2022-09-16 09:45:00,7475,7475,7475,7475,1100
2022-09-16 09:46:00,7450,7450,7475,7475,16400
2022-09-16 09:47:00,7475,7450,7475,7450,5300
2022-09-16 09:48:00,7450,7450,7450,7450,6400
2022-09-16 09:49:00,7450,7450,7450,7450,4100
2022-09-16 09:50:00,7450,7450,7450,7450,0
2022-09-16 09:51:00,7450,7450,7475,7475,6600
2022-09-16 09:52:00,7475,7450,7475,7450,0
2022-09-16 09:53:00,7475,7450,7475,7450,127900
2022-09-16 09:54:00,7450,7425,7475,7475,23100
2022-09-16 09:55:00,7450,7450,7450,7450,0
2022-09-16 09:56:00,7450,7450,7450,7450,4200
2022-09-16 09:57:00,7450,7450,7475,7475,10400
2022-09-16 09:58:00,7475,7475,7475,7475,2600
2022-09-16 09:59:00,7450,7450,7475,7450,34900
2022-09-16 10:00:00,7475,7475,7475,7475,1500
2022-09-16 10:01:00,7475,7475,7475,7475,0
2022-09-16 10:02:00,7450,7450,7450,7450,0
2022-09-16 10:03:00,7450,7450,7475,7450,3700
2022-09-16 10:04:00,7450,7450,7450,7450,0
2022-09-16 10:05:00,7450,7450,7450,7450,3500
2022-09-16 10:06:00,7450,7450,7475,7475,15000
2022-09-16 10:07:00,7450,7450,7450,7450,0
2022-09-16 10:08:00,7450,7450,7450,7450,0
2022-09-16 10:09:00,7450,7450,7450,7450,200
2022-09-16 10:10:00,7450,7450,7450,7450,35100
2022-09-16 10:11:00,7450,7450,7450,7450,0
2022-09-16 10:12:00,7450,7450,7475,7475,8400
2022-09-16 10:13:00,7450,7450,7450,7450,0
2022-09-16 10:14:00,7450,7450,7450,7450,0
2022-09-16 10:15:00,7450,7450,7475,7475,11800
2022-09-16 10:16:00,7475,7450,7475,7475,4200
2022-09-16 10:17:00,7475,7450,7475,7475,400
2022-09-16 10:18:00,7450,7450,7450,7450,400
2022-09-16 10:19:00,7450,7450,7500,7500,288500
2022-09-16 10:20:00,7500,7500,7525,7500,7400
2022-09-16 10:21:00,7500,7500,7525,7525,13000
2022-09-16 10:22:00,7525,7500,7525,7500,35000
2022-09-16 10:23:00,7525,7500,7525,7500,0
2022-09-16 10:24:00,7475,7475,7475,7475,1300
2022-09-16 10:25:00,7475,7475,7475,7475,12400
2022-09-16 10:26:00,7475,7475,7475,7475,200
2022-09-16 10:27:00,7450,7450,7475,7475,9600
2022-09-16 10:28:00,7450,7450,7475,7475,7200
2022-09-16 10:29:00,7450,7450,7475,7475,0
2022-09-16 10:30:00,7475,7475,7500,7500,14800
2022-09-16 10:31:00,7475,7475,7475,7475,10200
2022-09-16 10:32:00,7475,7475,7475,7475,300
2022-09-16 10:33:00,7450,7450,7450,7450,30200
2022-09-16 10:34:00,7450,7425,7450,7425,5800
2022-09-16 10:35:00,7425,7425,7425,7425,2000
2022-09-16 10:36:00,7425,7425,7425,7425,0
2022-09-16 10:37:00,7425,7425,7450,7425,2900
2022-09-16 10:38:00,7425,7425,7450,7450,400
2022-09-16 10:39:00,7450,7450,7450,7450,3600
2022-09-16 10:40:00,7450,7450,7500,7475,78700
2022-09-16 10:41:00,7475,7475,7475,7475,22800
2022-09-16 10:42:00,7475,7475,7475,7475,11100
2022-09-16 10:43:00,7450,7450,7450,7450,1000
2022-09-16 10:44:00,7450,7450,7450,7450,2700
2022-09-16 10:45:00,7450,7450,7450,7450,3100
2022-09-16 10:46:00,7450,7450,7450,7450,700
2022-09-16 10:47:00,7450,7450,7450,7450,2800
2022-09-16 10:48:00,7450,7425,7450,7425,60500
2022-09-16 10:49:00,7425,7400,7425,7425,215300
2022-09-16 10:50:00,7425,7400,7425,7400,33200
2022-09-16 10:51:00,7425,7400,7425,7400,3100
2022-09-16 10:52:00,7400,7400,7425,7425,1600
2022-09-16 10:53:00,7425,7425,7425,7425,23300
2022-09-16 10:54:00,7425,7425,7425,7425,2500
2022-09-16 10:55:00,7425,7425,7425,7425,5600
2022-09-16 10:56:00,7450,7425,7450,7450,5300
2022-09-16 10:57:00,7450,7425,7450,7425,21800
2022-09-16 10:58:00,7450,7425,7450,7425,0
2022-09-16 10:59:00,7425,7425,7425,7425,0
2022-09-16 11:00:00,7450,7450,7450,7450,4900
2022-09-16 11:01:00,7425,7425,7450,7450,3000
2022-09-16 11:02:00,7450,7450,7450,7450,3300
2022-09-16 11:03:00,7450,7450,7450,7450,0
2022-09-16 11:04:00,7425,7425,7450,7425,2500
2022-09-16 11:05:00,7425,7425,7450,7425,0
2022-09-16 11:06:00,7425,7425,7425,7425,2600
2022-09-16 11:07:00,7450,7425,7450,7425,20100
2022-09-16 11:08:00,7425,7425,7425,7425,2300
2022-09-16 11:09:00,7425,7425,7425,7425,12700
2022-09-16 11:10:00,7450,7450,7450,7450,0
2022-09-16 11:11:00,7450,7450,7450,7450,9600
2022-09-16 11:12:00,7450,7450,7450,7450,5900
2022-09-16 11:13:00,7475,7475,7475,7475,1900
2022-09-16 11:14:00,7475,7475,7475,7475,0
2022-09-16 11:15:00,7450,7450,7450,7450,5200
2022-09-16 11:16:00,7450,7450,7450,7450,0
2022-09-16 11:17:00,7450,7450,7450,7450,9000
2022-09-16 11:18:00,7450,7450,7450,7450,0
2022-09-16 11:19:00,7425,7425,7425,7425,800
2022-09-16 11:20:00,7425,7425,7425,7425,100
2022-09-16 11:21:00,7450,7425,7450,7425,600
2022-09-16 11:22:00,7425,7425,7450,7425,1400
2022-09-16 11:23:00,7450,7425,7450,7450,35400
2022-09-16 11:24:00,7425,7425,7425,7425,600
2022-09-16 11:25:00,7425,7425,7425,7425,40400
2022-09-16 11:26:00,7425,7400,7425,7400,1800
2022-09-16 11:27:00,7425,7425,7425,7425,0
2022-09-16 11:28:00,7425,7425,7425,7425,12700
2022-09-16 11:29:00,7425,7400,7425,7425,300
2022-09-16 11:30:00,7425,7400,7425,7425,0
2022-09-16 11:31:00,7425,7400,7425,7425,0
2022-09-16 11:32:00,7425,7400,7425,7425,0
2022-09-16 11:33:00,7425,7400,7425,7425,0
2022-09-16 11:34:00,7425,7400,7425,7425,0
2022-09-16 11:35:00,7425,7400,7425,7425,0
2022-09-16 11:36:00,7425,7400,7425,7425,0
2022-09-16 11:37:00,7425,7400,7425,7425,0
2022-09-16 11:38:00,7425,7400,7425,7425,0
2022-09-16 11:39:00,7425,7400,7425,7425,0
2022-09-16 11:40:00,7425,7400,7425,7425,0
2022-09-16 11:41:00,7425,7400,7425,7425,0
2022-09-16 11:42:00,7425,7400,7425,7425,0
2022-09-16 11:43:00,7425,7400,7425,7425,0
2022-09-16 11:44:00,7425,7400,7425,7425,0
2022-09-16 11:45:00,7425,7400,7425,7425,0
2022-09-16 11:46:00,7425,7400,7425,7425,0
2022-09-16 11:47:00,7425,7400,7425,7425,0
2022-09-16 11:48:00,7425,7400,7425,7425,0
2022-09-16 11:49:00,7425,7400,7425,7425,0
2022-09-16 11:50:00,7425,7400,7425,7425,0
2022-09-16 11:51:00,7425,7400,7425,7425,0
2022-09-16 11:52:00,7425,7400,7425,7425,0
2022-09-16 11:53:00,7425,7400,7425,7425,0
2022-09-16 11:54:00,7425,7400,7425,7425,0
2022-09-16 11:55:00,7425,7400,7425,7425,0
2022-09-16 11:56:00,7425,7400,7425,7425,0
2022-09-16 11:57:00,7425,7400,7425,7425,0
2022-09-16 11:58:00,7425,7400,7425,7425,0
2022-09-16 11:59:00,7425,7400,7425,7425,0
2022-09-16 12:00:00,7425,7400,7425,7425,0
2022-09-16 12:01:00,7425,7400,7425,7425,0
2022-09-16 12:02:00,7425,7400,7425,7425,0
2022-09-16 12:03:00,7425,7400,7425,7425,0
2022-09-16 12:04:00,7425,7400,7425,7425,0
2022-09-16 12:05:00,7425,7400,7425,7425,0
2022-09-16 12:06:00,7425,7400,7425,7425,0
2022-09-16 12:07:00,7425,7400,7425,7425,0
2022-09-16 12:08:00,7425,7400,7425,7425,0
2022-09-16 12:09:00,7425,7400,7425,7425,0
2022-09-16 12:10:00,7425,7400,7425,7425,0
2022-09-16 12:11:00,7425,7400,7425,7425,0
2022-09-16 12:12:00,7425,7400,7425,7425,0
2022-09-16 12:13:00,7425,7400,7425,7425,0
2022-09-16 12:14:00,7425,7400,7425,7425,0
2022-09-16 12:15:00,7425,7400,7425,7425,0
2022-09-16 12:16:00,7425,7400,7425,7425,0
2022-09-16 12:17:00,7425,7400,7425,7425,0
2022-09-16 12:18:00,7425,7400,7425,7425,0
2022-09-16 12:19:00,7425,7400,7425,7425,0
2022-09-16 12:20:00,7425,7400,7425,7425,0
2022-09-16 12:21:00,7425,7400,7425,7425,0
2022-09-16 12:22:00,7425,7400,7425,7425,0
2022-09-16 12:23:00,7425,7400,7425,7425,0
2022-09-16 12:24:00,7425,7400,7425,7425,0
2022-09-16 12:25:00,7425,7400,7425,7425,0
2022-09-16 12:26:00,7425,7400,7425,7425,0
2022-09-16 12:27:00,7425,7400,7425,7425,0
2022-09-16 12:28:00,7425,7400,7425,7425,0
2022-09-16 12:29:00,7425,7400,7425,7425,0
2022-09-16 12:30:00,7425,7400,7425,7425,0
2022-09-16 12:31:00,7425,7400,7425,7425,0
2022-09-16 12:32:00,7425,7400,7425,7425,0
2022-09-16 12:33:00,7425,7400,7425,7425,0
2022-09-16 12:34:00,7425,7400,7425,7425,0
2022-09-16 12:35:00,7425,7400,7425,7425,0
2022-09-16 12:36:00,7425,7400,7425,7425,0
2022-09-16 12:37:00,7425,7400,7425,7425,0
2022-09-16 12:38:00,7425,7400,7425,7425,0
2022-09-16 12:39:00,7425,7400,7425,7425,0
2022-09-16 12:40:00,7425,7400,7425,7425,0
2022-09-16 12:41:00,7425,7400,7425,7425,0
2022-09-16 12:42:00,7425,7400,7425,7425,0
2022-09-16 12:43:00,7425,7400,7425,7425,0
2022-09-16 12:44:00,7425,7400,7425,7425,0
2022-09-16 12:45:00,7425,7400,7425,7425,0
2022-09-16 12:46:00,7425,7400,7425,7425,0
2022-09-16 12:47:00,7425,7400,7425,7425,0
2022-09-16 12:48:00,7425,7400,7425,7425,0
2022-09-16 12:49:00,7425,7400,7425,7425,0
2022-09-16 12:50:00,7425,7400,7425,7425,0
2022-09-16 12:51:00,7425,7400,7425,7425,0
2022-09-16 12:52:00,7425,7400,7425,7425,0
2022-09-16 12:53:00,7425,7400,7425,7425,0
2022-09-16 12:54:00,7425,7400,7425,7425,0
2022-09-16 12:55:00,7425,7400,7425,7425,0
2022-09-16 12:56:00,7425,7400,7425,7425,0
2022-09-16 12:57:00,7425,7400,7425,7425,0
2022-09-16 12:58:00,7425,7400,7425,7425,0
2022-09-16 12:59:00,7425,7400,7425,7425,0
2022-09-16 13:00:00,7425,7400,7425,7425,0
2022-09-16 13:01:00,7425,7400,7425,7425,0
2022-09-16 13:02:00,7425,7400,7425,7425,0
2022-09-16 13:03:00,7425,7400,7425,7425,0
2022-09-16 13:04:00,7425,7400,7425,7425,0
2022-09-16 13:05:00,7425,7400,7425,7425,0
2022-09-16 13:06:00,7425,7400,7425,7425,0
2022-09-16 13:07:00,7425,7400,7425,7425,0
2022-09-16 13:08:00,7425,7400,7425,7425,0
2022-09-16 13:09:00,7425,7400,7425,7425,0
2022-09-16 13:10:00,7425,7400,7425,7425,0
2022-09-16 13:11:00,7425,7400,7425,7425,0
2022-09-16 13:12:00,7425,7400,7425,7425,0
2022-09-16 13:13:00,7425,7400,7425,7425,0
2022-09-16 13:14:00,7425,7400,7425,7425,0
2022-09-16 13:15:00,7425,7400,7425,7425,0
2022-09-16 13:16:00,7425,7400,7425,7425,0
2022-09-16 13:17:00,7425,7400,7425,7425,0
2022-09-16 13:18:00,7425,7400,7425,7425,0
2022-09-16 13:19:00,7425,7400,7425,7425,0
2022-09-16 13:20:00,7425,7400,7425,7425,0
2022-09-16 13:21:00,7425,7400,7425,7425,0
2022-09-16 13:22:00,7425,7400,7425,7425,0
2022-09-16 13:23:00,7425,7400,7425,7425,0
2022-09-16 13:24:00,7425,7400,7425,7425,0
2022-09-16 13:25:00,7425,7400,7425,7425,0
2022-09-16 13:26:00,7425,7400,7425,7425,0
2022-09-16 13:27:00,7425,7400,7425,7425,0
2022-09-16 13:28:00,7425,7400,7425,7425,0
2022-09-16 13:29:00,7425,7400,7425,7425,0
2022-09-16 13:30:00,7400,7400,7425,7400,12500
2022-09-16 13:31:00,7400,7400,7425,7400,0
2022-09-16 13:32:00,7400,7400,7425,7425,10100
2022-09-16 13:33:00,7425,7400,7425,7400,7100
2022-09-16 13:34:00,7400,7400,7425,7425,1700
2022-09-16 13:35:00,7425,7425,7425,7425,7100
2022-09-16 13:36:00,7425,7400,7425,7400,2000
2022-09-16 13:37:00,7425,7400,7425,7425,500
2022-09-16 13:38:00,7400,7400,7400,7400,41200
2022-09-16 13:39:00,7400,7400,7425,7400,106700
2022-09-16 13:40:00,7400,7400,7425,7400,7600
2022-09-16 13:41:00,7400,7400,7425,7400,19200
2022-09-16 13:42:00,7425,7425,7425,7425,400
2022-09-16 13:43:00,7400,7400,7400,7400,300
2022-09-16 13:44:00,7400,7400,7400,7400,8600
2022-09-16 13:45:00,7400,7400,7400,7400,9900
2022-09-16 13:46:00,7400,7400,7400,7400,8200
2022-09-16 13:47:00,7400,7375,7425,7425,17900
2022-09-16 13:48:00,7425,7425,7425,7425,0
2022-09-16 13:49:00,7400,7400,7400,7400,1000
2022-09-16 13:50:00,7400,7400,7425,7425,18000
2022-09-16 13:51:00,7425,7425,7425,7425,10900
2022-09-16 13:52:00,7425,7425,7425,7425,11200
2022-09-16 13:53:00,7400,7400,7425,7425,1400
2022-09-16 13:54:00,7425,7425,7425,7425,34500
2022-09-16 13:55:00,7450,7450,7450,7450,5900
2022-09-16 13:56:00,7450,7450,7450,7450,0
2022-09-16 13:57:00,7450,7450,7450,7450,11400
2022-09-16 13:58:00,7450,7450,7450,7450,100
2022-09-16 13:59:00,7450,7450,7450,7450,9800
2022-09-16 14:00:00,7450,7425,7450,7425,1600
2022-09-16 14:01:00,7425,7425,7425,7425,2600
2022-09-16 14:02:00,7450,7425,7450,7425,7800
2022-09-16 14:03:00,7425,7425,7450,7425,100
2022-09-16 14:04:00,7450,7450,7450,7450,1400
2022-09-16 14:05:00,7450,7450,7450,7450,18000
2022-09-16 14:06:00,7450,7450,7450,7450,2000
2022-09-16 14:07:00,7475,7475,7475,7475,1600
2022-09-16 14:08:00,7475,7475,7475,7475,0
2022-09-16 14:09:00,7475,7475,7475,7475,7100
2022-09-16 14:10:00,7475,7475,7475,7475,5200
2022-09-16 14:11:00,7475,7475,7475,7475,100
2022-09-16 14:12:00,7450,7450,7450,7450,5800
2022-09-16 14:13:00,7475,7450,7475,7450,2500
2022-09-16 14:14:00,7475,7450,7475,7475,5100
2022-09-16 14:15:00,7475,7475,7475,7475,4400
2022-09-16 14:16:00,7475,7475,7475,7475,0
2022-09-16 14:17:00,7475,7450,7475,7475,16000
2022-09-16 14:18:00,7475,7450,7475,7450,1700
2022-09-16 14:19:00,7475,7450,7475,7475,6600
2022-09-16 14:20:00,7475,7450,7475,7475,5900
2022-09-16 14:21:00,7475,7475,7475,7475,200
2022-09-16 14:22:00,7475,7450,7475,7475,1000
2022-09-16 14:23:00,7475,7450,7475,7450,1300
2022-09-16 14:24:00,7450,7450,7475,7475,500
2022-09-16 14:25:00,7450,7450,7450,7450,8400
2022-09-16 14:26:00,7450,7450,7450,7450,0
2022-09-16 14:27:00,7450,7450,7450,7450,0
2022-09-16 14:28:00,7450,7450,7475,7475,4900
2022-09-16 14:29:00,7450,7450,7475,7450,100
2022-09-16 14:30:00,7475,7475,7475,7475,700
2022-09-16 14:31:00,7475,7425,7475,7425,70800
2022-09-16 14:32:00,7425,7425,7425,7425,300
2022-09-16 14:33:00,7425,7425,7425,7425,3400
2022-09-16 14:34:00,7450,7425,7450,7425,0
2022-09-16 14:35:00,7450,7425,7450,7425,0
2022-09-16 14:36:00,7425,7425,7450,7450,4200
2022-09-16 14:37:00,7450,7425,7450,7450,5300
2022-09-16 14:38:00,7450,7425,7450,7425,0
2022-09-16 14:39:00,7425,7425,7450,7425,21400
2022-09-16 14:40:00,7425,7425,7450,7450,33900
2022-09-16 14:41:00,7475,7450,7475,7450,20400
2022-09-16 14:42:00,7450,7450,7450,7450,9500
2022-09-16 14:43:00,7475,7450,7475,7450,12000
2022-09-16 14:44:00,7425,7425,7450,7450,8900
2022-09-16 14:45:00,7450,7450,7450,7450,15200
2022-09-16 14:46:00,7450,7450,7450,7450,2500
2022-09-16 14:47:00,7450,7450,7450,7450,5500
2022-09-16 14:48:00,7450,7425,7450,7450,255800
2022-09-16 14:49:00,7425,7425,7450,7450,0
2022-09-16 14:50:00,7425,7425,7450,7450,0
2022-09-16 14:51:00,7425,7425,7450,7450,0
2022-09-16 14:52:00,7425,7425,7450,7450,0
2022-09-16 14:53:00,7425,7425,7450,7450,0
2022-09-16 14:54:00,7425,7425,7450,7450,0
2022-09-16 14:55:00,7425,7425,7450,7450,0
2022-09-16 14:56:00,7425,7425,7450,7450,0
2022-09-16 14:57:00,7425,7425,7450,7450,0
2022-09-16 14:58:00,7425,7425,7450,7450,0
2022-09-16 14:59:00,7425,7425,7450,7450,0
2022-09-16 15:00:00,7450,7450,7450,7450,224300
2022-09-16 15:01:00,7450,7450,7450,7450,12400
2022-09-16 15:02:00,7450,7450,7450,7450,0
2022-09-16 15:03:00,7450,7450,7450,7450,8400
2022-09-16 15:04:00,7450,7450,7450,7450,50600
2022-09-16 15:05:00,7450,7450,7450,7450,2700
2022-09-16 15:06:00,7450,7450,7450,7450,5300
2022-09-16 15:07:00,7450,7450,7450,7450,4100
2022-09-16 15:08:00,7450,7450,7450,7450,500
2022-09-16 15:09:00,7450,7450,7450,7450,900
2022-09-16 15:10:00,7450,7450,7450,7450,3700
2022-09-16 15:11:00,7450,7450,7450,7450,500
2022-09-16 15:12:00,7450,7450,7450,7450,0
2022-09-16 15:13:00,7450,7450,7450,7450,0
2022-09-16 15:14:00,7450,7450,7450,7450,0
2022-09-16 15:15:00,7450,7450,7450,7450,0
2022-09-16 15:16:00,7450,7450,7450,7450,0
2022-09-16 15:17:00,7450,7450,7450,7450,0
2022-09-16 15:18:00,7450,7450,7450,7450,0
2022-09-16 15:19:00,7450,7450,7450,7450,0
2022-09-16 15:20:00,7450,7450,7450,7450,0
2022-09-16 15:21:00,7450,7450,7450,7450,0
2022-09-16 15:22:00,7450,7450,7450,7450,0
2022-09-16 15:23:00,7450,7450,7450,7450,0
2022-09-16 15:24:00,7450,7450,7450,7450,0
2022-09-16 15:25:00,7450,7450,7450,7450,0
2022-09-16 15:26:00,7450,7450,7450,7450,0
2022-09-16 15:27:00,7450,7450,7450,7450,0
2022-09-16 15:28:00,7450,7450,7450,7450,0
2022-09-16 15:29:00,7450,7450,7450,7450,0
2022-09-16 15:30:00,7450,7450,7450,7450,0
2022-09-16 15:31:00,7450,7450,7450,7450,0
2022-09-16 15:32:00,7450,7450,7450,7450,0
2022-09-16 15:33:00,7450,7450,7450,7450,0
2022-09-16 15:34:00,7450,7450,7450,7450,0
2022-09-16 15:35:00,7450,7450,7450,7450,0
2022-09-16 15:36:00,7450,7450,7450,7450,0
2022-09-16 15:37:00,7450,7450,7450,7450,0
2022-09-16 15:38:00,7450,7450,7450,7450,0
2022-09-16 15:39:00,7450,7450,7450,7450,0
2022-09-16 15:40:00,7450,7450,7450,7450,0
2022-09-16 15:41:00,7450,7450,7450,7450,0
2022-09-16 15:42:00,7450,7450,7450,7450,0
2022-09-16 15:43:00,7450,7450,7450,7450,0
2022-09-16 15:44:00,7450,7450,7450,7450,0
2022-09-16 15:45:00,7450,7450,7450,7450,0
2022-09-16 15:46:00,7450,7450,7450,7450,0
2022-09-16 15:47:00,7450,7450,7450,7450,0
2022-09-16 15:48:00,7450,7450,7450,7450,0
2022-09-16 15:49:00,7450,7450,7450,7450,0
2022-09-16 15:50:00,7450,7450,7450,7450,0
2022-09-16 15:51:00,7450,7450,7450,7450,0
2022-09-16 15:52:00,7450,7450,7450,7450,0
2022-09-16 15:53:00,7450,7450,7450,7450,0
2022-09-16 15:54:00,7450,7450,7450,7450,0
2022-09-16 15:55:00,7450,7450,7450,7450,0
2022-09-16 15:56:00,7450,7450,7450,7450,0
2022-09-16 15:57:00,7450,7450,7450,7450,0
2022-09-16 15:58:00,7450,7450,7450,7450,0
2022-09-16 15:59:00,7450,7450,7450,7450,0
2022-09-19 09:00:00,7450,7450,7450,7450,0
2022-09-19 09:01:00,7450,7450,7475,7475,2500
2022-09-19 09:02:00,7450,7425,7450,7425,2700
2022-09-19 09:03:00,7400,7400,7425,7425,4300
2022-09-19 09:04:00,7425,7425,7425,7425,500
2022-09-19 09:05:00,7400,7400,7400,7400,5500
2022-09-19 09:06:00,7400,7400,7400,7400,4100
2022-09-19 09:07:00,7375,7375,7400,7375,57400
2022-09-19 09:08:00,7375,7350,7425,7375,68700
2022-09-19 09:09:00,7375,7375,7375,7375,0
2022-09-19 09:10:00,7375,7350,7375,7350,16800
2022-09-19 09:11:00,7375,7350,7375,7350,12300
2022-09-19 09:12:00,7350,7350,7375,7350,120100
2022-09-19 09:13:00,7350,7350,7400,7400,13000
2022-09-19 09:14:00,7375,7375,7375,7375,1400
2022-09-19 09:15:00,7400,7400,7400,7400,6400
2022-09-19 09:16:00,7425,7400,7425,7400,1300
2022-09-19 09:17:00,7425,7425,7450,7425,14900
2022-09-19 09:18:00,7425,7425,7425,7425,2500
2022-09-19 09:19:00,7425,7375,7425,7400,46300
2022-09-19 09:20:00,7375,7375,7375,7375,0
2022-09-19 09:21:00,7375,7375,7400,7400,1600
2022-09-19 09:22:00,7375,7375,7375,7375,600
2022-09-19 09:23:00,7375,7375,7375,7375,100
2022-09-19 09:24:00,7375,7375,7400,7400,18600
2022-09-19 09:25:00,7400,7400,7400,7400,200
2022-09-19 09:26:00,7400,7400,7400,7400,200
2022-09-19 09:27:00,7375,7375,7400,7400,400
2022-09-19 09:28:00,7375,7375,7400,7400,0
2022-09-19 09:29:00,7400,7375,7400,7375,11200
2022-09-19 09:30:00,7400,7375,7400,7375,3300
2022-09-19 09:31:00,7375,7375,7375,7375,4000
2022-09-19 09:32:00,7375,7375,7375,7375,5400
2022-09-19 09:33:00,7375,7375,7375,7375,6800
2022-09-19 09:34:00,7375,7375,7375,7375,5500
2022-09-19 09:35:00,7375,7350,7375,7350,2200
2022-09-19 09:36:00,7350,7350,7375,7375,900
2022-09-19 09:37:00,7375,7375,7375,7375,8100
2022-09-19 09:38:00,7375,7375,7375,7375,3800
2022-09-19 09:39:00,7350,7350,7350,7350,1000
2022-09-19 09:40:00,7375,7350,7375,7375,2500
2022-09-19 09:41:00,7375,7350,7375,7375,6400
2022-09-19 09:42:00,7375,7350,7375,7350,28500
2022-09-19 09:43:00,7350,7350,7375,7375,200
2022-09-19 09:44:00,7350,7350,7350,7350,2500
2022-09-19 09:45:00,7350,7350,7350,7350,0
2022-09-19 09:46:00,7375,7350,7375,7375,1300
2022-09-19 09:47:00,7375,7375,7375,7375,2300
2022-09-19 09:48:00,7375,7375,7375,7375,6000
2022-09-19 09:49:00,7375,7375,7375,7375,1500
2022-09-19 09:50:00,7375,7350,7375,7350,12900
2022-09-19 09:51:00,7350,7350,7350,7350,14600
2022-09-19 09:52:00,7350,7350,7350,7350,18400
2022-09-19 09:53:00,7350,7350,7350,7350,2700
2022-09-19 09:54:00,7350,7350,7350,7350,1500
2022-09-19 09:55:00,7350,7350,7350,7350,0
2022-09-19 09:56:00,7350,7350,7375,7350,19800
2022-09-19 09:57:00,7350,7350,7350,7350,21700
2022-09-19 09:58:00,7350,7350,7350,7350,31900
2022-09-19 09:59:00,7350,7350,7350,7350,24900
2022-09-19 10:00:00,7350,7350,7350,7350,7800
2022-09-19 10:01:00,7350,7325,7350,7325,700
2022-09-19 10:02:00,7325,7325,7325,7325,3400
2022-09-19 10:03:00,7350,7350,7350,7350,200
2022-09-19 10:04:00,7350,7350,7375,7350,32300
2022-09-19 10:05:00,7350,7325,7350,7325,223800
2022-09-19 10:06:00,7350,7350,7350,7350,0
2022-09-19 10:07:00,7350,7350,7350,7350,6000
2022-09-19 10:08:00,7350,7350,7350,7350,5200
2022-09-19 10:09:00,7350,7350,7350,7350,22200
2022-09-19 10:10:00,7325,7325,7325,7325,1100
2022-09-19 10:11:00,7325,7325,7325,7325,26600
2022-09-19 10:12:00,7325,7325,7325,7325,1400
2022-09-19 10:13:00,7350,7350,7350,7350,3800
2022-09-19 10:14:00,7350,7325,7350,7325,0
2022-09-19 10:15:00,7325,7325,7350,7350,1300
2022-09-19 10:16:00,7350,7325,7350,7325,19300
2022-09-19 10:17:00,7350,7325,7350,7350,28600
2022-09-19 10:18:00,7325,7325,7350,7350,19500
2022-09-19 10:19:00,7350,7350,7350,7350,3200
2022-09-19 10:20:00,7350,7350,7350,7350,500
2022-09-19 10:21:00,7350,7350,7350,7350,1800
2022-09-19 10:22:00,7375,7350,7375,7350,26100
2022-09-19 10:23:00,7350,7350,7350,7350,500
2022-09-19 10:24:00,7350,7350,7350,7350,800
2022-09-19 10:25:00,7350,7350,7350,7350,600
2022-09-19 10:26:00,7350,7350,7350,7350,2700
2022-09-19 10:27:00,7350,7350,7350,7350,16200
2022-09-19 10:28:00,7350,7350,7350,7350,32400
2022-09-19 10:29:00,7350,7325,7350,7325,9900
2022-09-19 10:30:00,7325,7325,7350,7350,15900
2022-09-19 10:31:00,7350,7325,7350,7325,5700
2022-09-19 10:32:00,7325,7325,7350,7350,4600
2022-09-19 10:33:00,7325,7325,7350,7325,5200
2022-09-19 10:34:00,7325,7325,7350,7350,33300
2022-09-19 10:35:00,7350,7325,7350,7350,10600
2022-09-19 10:36:00,7350,7325,7350,7325,6900
2022-09-19 10:37:00,7350,7325,7350,7350,22200
2022-09-19 10:38:00,7350,7325,7350,7325,1400
2022-09-19 10:39:00,7325,7325,7325,7325,200
2022-09-19 10:40:00,7350,7325,7350,7325,8300
2022-09-19 10:41:00,7325,7325,7325,7325,14800
2022-09-19 10:42:00,7325,7325,7350,7325,25600
2022-09-19 10:43:00,7325,7325,7350,7325,0
2022-09-19 10:44:00,7325,7325,7325,7325,44800
2022-09-19 10:45:00,7350,7350,7350,7350,24400
2022-09-19 10:46:00,7325,7325,7325,7325,100
2022-09-19 10:47:00,7325,7325,7350,7350,26800
2022-09-19 10:48:00,7350,7325,7350,7325,0
2022-09-19 10:49:00,7325,7325,7325,7325,2000
2022-09-19 10:50:00,7325,7325,7325,7325,100
2022-09-19 10:51:00,7325,7325,7325,7325,0
2022-09-19 10:52:00,7325,7325,7350,7350,34400
2022-09-19 10:53:00,7350,7325,7350,7325,1000
2022-09-19 10:54:00,7325,7325,7350,7350,3700
2022-09-19 10:55:00,7325,7325,7350,7350,0
2022-09-19 10:56:00,7350,7325,7350,7325,15200
2022-09-19 10:57:00,7325,7325,7325,7325,72500
2022-09-19 10:58:00,7325,7325,7325,7325,15700
2022-09-19 10:59:00,7350,7325,7350,7350,1400
2022-09-19 11:00:00,7325,7325,7325,7325,900
2022-09-19 11:01:00,7350,7325,7350,7350,20600
2022-09-19 11:02:00,7325,7325,7350,7325,54500
2022-09-19 11:03:00,7325,7325,7325,7325,14600
2022-09-19 11:04:00,7325,7325,7325,7325,22100
2022-09-19 11:05:00,7325,7325,7325,7325,0
2022-09-19 11:06:00,7325,7325,7325,7325,3900
2022-09-19 11:07:00,7325,7325,7325,7325,600
2022-09-19 11:08:00,7325,7325,7325,7325,1600
2022-09-19 11:09:00,7325,7325,7325,7325,100
2022-09-19 11:10:00,7325,7325,7325,7325,2400
2022-09-19 11:11:00,7325,7300,7350,7300,27500
2022-09-19 11:12:00,7300,7300,7300,7300,1800
2022-09-19 11:13:00,7300,7300,7300,7300,2000
2022-09-19 11:14:00,7325,7325,7325,7325,3800
2022-09-19 11:15:00,7325,7325,7325,7325,53100
2022-09-19 11:16:00,7325,7325,7325,7325,0
2022-09-19 11:17:00,7325,7325,7325,7325,12500
2022-09-19 11:18:00,7325,7325,7325,7325,4900
2022-09-19 11:19:00,7325,7325,7325,7325,18600
2022-09-19 11:20:00,7325,7325,7325,7325,0
2022-09-19 11:21:00,7325,7325,7325,7325,0
2022-09-19 11:22:00,7325,7325,7325,7325,2000
2022-09-19 11:23:00,7325,7325,7325,7325,1200
2022-09-19 11:24:00,7325,7325,7325,7325,0
2022-09-19 11:25:00,7325,7325,7350,7350,28900
2022-09-19 11:26:00,7325,7325,7350,7325,24900
2022-09-19 11:27:00,7350,7325,7350,7325,0
2022-09-19 11:28:00,7325,7325,7350,7350,3800
2022-09-19 11:29:00,7350,7350,7350,7350,0
2022-09-19 11:30:00,7350,7350,7350,7350,0
2022-09-19 11:31:00,7350,7350,7350,7350,0
2022-09-19 11:32:00,7350,7350,7350,7350,0
2022-09-19 11:33:00,7350,7350,7350,7350,0
2022-09-19 11:34:00,7350,7350,7350,7350,0
2022-09-19 11:35:00,7350,7350,7350,7350,0
2022-09-19 11:36:00,7350,7350,7350,7350,0
2022-09-19 11:37:00,7350,7350,7350,7350,0
2022-09-19 11:38:00,7350,7350,7350,7350,0
2022-09-19 11:39:00,7350,7350,7350,7350,0
2022-09-19 11:40:00,7350,7350,7350,7350,0
2022-09-19 11:41:00,7350,7350,7350,7350,0
2022-09-19 11:42:00,7350,7350,7350,7350,0
2022-09-19 11:43:00,7350,7350,7350,7350,0
2022-09-19 11:44:00,7350,7350,7350,7350,0
2022-09-19 11:45:00,7350,7350,7350,7350,0
2022-09-19 11:46:00,7350,7350,7350,7350,0
2022-09-19 11:47:00,7350,7350,7350,7350,0
2022-09-19 11:48:00,7350,7350,7350,7350,0
2022-09-19 11:49:00,7350,7350,7350,7350,0
2022-09-19 11:50:00,7350,7350,7350,7350,0
2022-09-19 11:51:00,7350,7350,7350,7350,0
2022-09-19 11:52:00,7350,7350,7350,7350,0
2022-09-19 11:53:00,7350,7350,7350,7350,0
2022-09-19 11:54:00,7350,7350,7350,7350,0
2022-09-19 11:55:00,7350,7350,7350,7350,0
2022-09-19 11:56:00,7350,7350,7350,7350,0
2022-09-19 11:57:00,7350,7350,7350,7350,0
2022-09-19 11:58:00,7350,7350,7350,7350,0
2022-09-19 11:59:00,7350,7350,7350,7350,0
2022-09-19 12:00:00,7350,7350,7350,7350,0
2022-09-19 12:01:00,7350,7350,7350,7350,0
2022-09-19 12:02:00,7350,7350,7350,7350,0
2022-09-19 12:03:00,7350,7350,7350,7350,0
2022-09-19 12:04:00,7350,7350,7350,7350,0
2022-09-19 12:05:00,7350,7350,7350,7350,0
2022-09-19 12:06:00,7350,7350,7350,7350,0
2022-09-19 12:07:00,7350,7350,7350,7350,0
2022-09-19 12:08:00,7350,7350,7350,7350,0
2022-09-19 12:09:00,7350,7350,7350,7350,0
2022-09-19 12:10:00,7350,7350,7350,7350,0
2022-09-19 12:11:00,7350,7350,7350,7350,0
2022-09-19 12:12:00,7350,7350,7350,7350,0
2022-09-19 12:13:00,7350,7350,7350,7350,0
2022-09-19 12:14:00,7350,7350,7350,7350,0
2022-09-19 12:15:00,7350,7350,7350,7350,0
2022-09-19 12:16:00,7350,7350,7350,7350,0
2022-09-19 12:17:00,7350,7350,7350,7350,0
2022-09-19 12:18:00,7350,7350,7350,7350,0
2022-09-19 12:19:00,7350,7350,7350,7350,0
2022-09-19 12:20:00,7350,7350,7350,7350,0
2022-09-19 12:21:00,7350,7350,7350,7350,0
2022-09-19 12:22:00,7350,7350,7350,7350,0
2022-09-19 12:23:00,7350,7350,7350,7350,0
2022-09-19 12:24:00,7350,7350,7350,7350,0
2022-09-19 12:25:00,7350,7350,7350,7350,0
2022-09-19 12:26:00,7350,7350,7350,7350,0
2022-09-19 12:27:00,7350,7350,7350,7350,0
2022-09-19 12:28:00,7350,7350,7350,7350,0
2022-09-19 12:29:00,7350,7350,7350,7350,0
2022-09-19 12:30:00,7350,7350,7350,7350,0
2022-09-19 12:31:00,7350,7350,7350,7350,0
2022-09-19 12:32:00,7350,7350,7350,7350,0
2022-09-19 12:33:00,7350,7350,7350,7350,0
2022-09-19 12:34:00,7350,7350,7350,7350,0
2022-09-19 12:35:00,7350,7350,7350,7350,0
2022-09-19 12:36:00,7350,7350,7350,7350,0
2022-09-19 12:37:00,7350,7350,7350,7350,0
2022-09-19 12:38:00,7350,7350,7350,7350,0
2022-09-19 12:39:00,7350,7350,7350,7350,0
2022-09-19 12:40:00,7350,7350,7350,7350,0
2022-09-19 12:41:00,7350,7350,7350,7350,0
2022-09-19 12:42:00,7350,7350,7350,7350,0
2022-09-19 12:43:00,7350,7350,7350,7350,0
2022-09-19 12:44:00,7350,7350,7350,7350,0
2022-09-19 12:45:00,7350,7350,7350,7350,0
2022-09-19 12:46:00,7350,7350,7350,7350,0
2022-09-19 12:47:00,7350,7350,7350,7350,0
2022-09-19 12:48:00,7350,7350,7350,7350,0
2022-09-19 12:49:00,7350,7350,7350,7350,0
2022-09-19 12:50:00,7350,7350,7350,7350,0
2022-09-19 12:51:00,7350,7350,7350,7350,0
2022-09-19 12:52:00,7350,7350,7350,7350,0
2022-09-19 12:53:00,7350,7350,7350,7350,0
2022-09-19 12:54:00,7350,7350,7350,7350,0
2022-09-19 12:55:00,7350,7350,7350,7350,0
2022-09-19 12:56:00,7350,7350,7350,7350,0
2022-09-19 12:57:00,7350,7350,7350,7350,0
2022-09-19 12:58:00,7350,7350,7350,7350,0
2022-09-19 12:59:00,7350,7350,7350,7350,0
2022-09-19 13:00:00,7350,7350,7350,7350,0
2022-09-19 13:01:00,7350,7350,7350,7350,0
2022-09-19 13:02:00,7350,7350,7350,7350,0
2022-09-19 13:03:00,7350,7350,7350,7350,0
2022-09-19 13:04:00,7350,7350,7350,7350,0
2022-09-19 13:05:00,7350,7350,7350,7350,0
2022-09-19 13:06:00,7350,7350,7350,7350,0
2022-09-19 13:07:00,7350,7350,7350,7350,0
2022-09-19 13:08:00,7350,7350,7350,7350,0
2022-09-19 13:09:00,7350,7350,7350,7350,0
2022-09-19 13:10:00,7350,7350,7350,7350,0
2022-09-19 13:11:00,7350,7350,7350,7350,0
2022-09-19 13:12:00,7350,7350,7350,7350,0
2022-09-19 13:13:00,7350,7350,7350,7350,0
2022-09-19 13:14:00,7350,7350,7350,7350,0
2022-09-19 13:15:00,7350,7350,7350,7350,0
2022-09-19 13:16:00,7350,7350,7350,7350,0
2022-09-19 13:17:00,7350,7350,7350,7350,0
2022-09-19 13:18:00,7350,7350,7350,7350,0
2022-09-19 13:19:00,7350,7350,7350,7350,0
2022-09-19 13:20:00,7350,7350,7350,7350,0
2022-09-19 13:21:00,7350,7350,7350,7350,0
2022-09-19 13:22:00,7350,7350,7350,7350,0
2022-09-19 13:23:00,7350,7350,7350,7350,0
2022-09-19 13:24:00,7350,7350,7350,7350,0
2022-09-19 13:25:00,7350,7350,7350,7350,0
2022-09-19 13:26:00,7350,7350,7350,7350,0
2022-09-19 13:27:00,7350,7350,7350,7350,0
2022-09-19 13:28:00,7350,7350,7350,7350,0
2022-09-19 13:29:00,7350,7350,7350,7350,0
2022-09-19 13:30:00,7350,7325,7350,7325,44900
2022-09-19 13:31:00,7325,7325,7325,7325,7500
2022-09-19 13:32:00,7325,7325,7325,7325,0
2022-09-19 13:33:00,7325,7325,7325,7325,0
2022-09-19 13:34:00,7325,7325,7350,7350,23400
2022-09-19 13:35:00,7325,7325,7325,7325,0
2022-09-19 13:36:00,7325,7325,7325,7325,3700
2022-09-19 13:37:00,7325,7325,7350,7350,10000
2022-09-19 13:38:00,7350,7350,7350,7350,4000
2022-09-19 13:39:00,7350,7350,7350,7350,5000
2022-09-19 13:40:00,7325,7325,7350,7350,11900
2022-09-19 13:41:00,7325,7325,7350,7350,0
2022-09-19 13:42:00,7325,7325,7350,7350,10900
2022-09-19 13:43:00,7325,7325,7325,7325,2000
2022-09-19 13:44:00,7350,7325,7350,7325,800
2022-09-19 13:45:00,7325,7325,7350,7325,44400
2022-09-19 13:46:00,7325,7325,7350,7350,4800
2022-09-19 13:47:00,7350,7325,7350,7325,3900
2022-09-19 13:48:00,7325,7325,7350,7350,7300
2022-09-19 13:49:00,7325,7325,7350,7325,5700
2022-09-19 13:50:00,7350,7325,7350,7350,31800
2022-09-19 13:51:00,7325,7325,7400,7400,289000
2022-09-19 13:52:00,7400,7400,7475,7475,307600
2022-09-19 13:53:00,7450,7450,7500,7500,100300
2022-09-19 13:54:00,7450,7425,7450,7425,33100
2022-09-19 13:55:00,7425,7425,7425,7425,1500
2022-09-19 13:56:00,7425,7425,7425,7425,25400
2022-09-19 13:57:00,7425,7425,7425,7425,27800
2022-09-19 13:58:00,7425,7425,7425,7425,19000
2022-09-19 13:59:00,7425,7425,7450,7450,2400
2022-09-19 14:00:00,7450,7450,7500,7475,109200
2022-09-19 14:01:00,7475,7475,7500,7475,50300
2022-09-19 14:02:00,7475,7475,7475,7475,43700
2022-09-19 14:03:00,7475,7450,7475,7450,11000
2022-09-19 14:04:00,7475,7450,7475,7450,0
2022-09-19 14:05:00,7475,7450,7475,7450,2300
2022-09-19 14:06:00,7475,7475,7475,7475,22300
2022-09-19 14:07:00,7475,7475,7475,7475,800
2022-09-19 14:08:00,7475,7475,7475,7475,0
2022-09-19 14:09:00,7475,7475,7475,7475,58100
2022-09-19 14:10:00,7475,7450,7500,7475,24900
2022-09-19 14:11:00,7475,7475,7500,7475,7100
2022-09-19 14:12:00,7475,7475,7475,7475,6300
2022-09-19 14:13:00,7475,7475,7475,7475,0
2022-09-19 14:14:00,7475,7450,7475,7475,15800
2022-09-19 14:15:00,7475,7475,7475,7475,0
2022-09-19 14:16:00,7475,7475,7475,7475,3189400
2022-09-19 14:17:00,7475,7475,7475,7475,900
2022-09-19 14:18:00,7475,7450,7475,7450,1800
2022-09-19 14:19:00,7475,7450,7475,7450,0
2022-09-19 14:20:00,7475,7450,7475,7450,0
2022-09-19 14:21:00,7475,7475,7475,7475,3100
2022-09-19 14:22:00,7475,7450,7475,7475,23000
2022-09-19 14:23:00,7475,7475,7475,7475,2500
2022-09-19 14:24:00,7475,7475,7475,7475,0
2022-09-19 14:25:00,7475,7475,7475,7475,0
2022-09-19 14:26:00,7450,7450,7475,7475,11800
2022-09-19 14:27:00,7475,7450,7475,7450,21500
2022-09-19 14:28:00,7450,7450,7450,7450,0
2022-09-19 14:29:00,7450,7450,7450,7450,19800
2022-09-19 14:30:00,7450,7450,7450,7450,0
2022-09-19 14:31:00,7450,7450,7475,7475,9300
2022-09-19 14:32:00,7450,7450,7475,7450,12800
2022-09-19 14:33:00,7450,7450,7475,7475,0
2022-09-19 14:34:00,7475,7450,7475,7450,13100
2022-09-19 14:35:00,7475,7450,7475,7475,39400
2022-09-19 14:36:00,7450,7450,7450,7450,8300
2022-09-19 14:37:00,7450,7450,7475,7475,7000
2022-09-19 14:38:00,7475,7450,7475,7475,7300
2022-09-19 14:39:00,7475,7450,7475,7450,11300
2022-09-19 14:40:00,7450,7450,7450,7450,19400
2022-09-19 14:41:00,7475,7450,7475,7450,12400
2022-09-19 14:42:00,7475,7450,7475,7450,4400
2022-09-19 14:43:00,7450,7450,7450,7450,12900
2022-09-19 14:44:00,7475,7450,7475,7450,15000
2022-09-19 14:45:00,7450,7425,7450,7425,9600
2022-09-19 14:46:00,7425,7425,7450,7450,10800
2022-09-19 14:47:00,7450,7425,7450,7425,16600
2022-09-19 14:48:00,7450,7425,7450,7450,9700
2022-09-19 14:49:00,7425,7425,7450,7450,2700
2022-09-19 14:50:00,7425,7425,7450,7450,0
2022-09-19 14:51:00,7425,7425,7450,7450,0
2022-09-19 14:52:00,7425,7425,7450,7450,0
2022-09-19 14:53:00,7425,7425,7450,7450,0
2022-09-19 14:54:00,7425,7425,7450,7450,0
2022-09-19 14:55:00,7425,7425,7450,7450,0
2022-09-19 14:56:00,7425,7425,7450,7450,0
2022-09-19 14:57:00,7425,7425,7450,7450,0
2022-09-19 14:58:00,7425,7425,7450,7450,0
2022-09-19 14:59:00,7425,7425,7450,7450,0
2022-09-19 15:00:00,7425,7425,7425,7425,89000
2022-09-19 15:01:00,7425,7425,7425,7425,3500
2022-09-19 15:02:00,7425,7425,7425,7425,6300
2022-09-19 15:03:00,7425,7425,7425,7425,0
2022-09-19 15:04:00,7425,7425,7425,7425,0
2022-09-19 15:05:00,7425,7425,7425,7425,24000
2022-09-19 15:06:00,7425,7425,7425,7425,900
2022-09-19 15:07:00,7425,7425,7425,7425,2600
2022-09-19 15:08:00,7425,7425,7425,7425,100
2022-09-19 15:09:00,7425,7425,7425,7425,900
2022-09-19 15:10:00,7425,7425,7425,7425,0
2022-09-19 15:11:00,7425,7425,7425,7425,0
2022-09-19 15:12:00,7425,7425,7425,7425,0
2022-09-19 15:13:00,7425,7425,7425,7425,1300
2022-09-19 15:14:00,7425,7425,7425,7425,3604600
2022-09-19 15:15:00,7425,7425,7425,7425,0
2022-09-19 15:16:00,7425,7425,7425,7425,0
2022-09-19 15:17:00,7425,7425,7425,7425,0
2022-09-19 15:18:00,7425,7425,7425,7425,0
2022-09-19 15:19:00,7425,7425,7425,7425,0
2022-09-19 15:20:00,7425,7425,7425,7425,0
2022-09-19 15:21:00,7425,7425,7425,7425,0
2022-09-19 15:22:00,7425,7425,7425,7425,0
2022-09-19 15:23:00,7425,7425,7425,7425,0
2022-09-19 15:24:00,7425,7425,7425,7425,0
2022-09-19 15:25:00,7425,7425,7425,7425,0
2022-09-19 15:26:00,7425,7425,7425,7425,0
2022-09-19 15:27:00,7425,7425,7425,7425,0
2022-09-19 15:28:00,7425,7425,7425,7425,0
2022-09-19 15:29:00,7425,7425,7425,7425,0
2022-09-19 15:30:00,7425,7425,7425,7425,0
2022-09-19 15:31:00,7425,7425,7425,7425,0
2022-09-19 15:32:00,7425,7425,7425,7425,0
2022-09-19 15:33:00,7425,7425,7425,7425,0
2022-09-19 15:34:00,7425,7425,7425,7425,0
2022-09-19 15:35:00,7425,7425,7425,7425,0
2022-09-19 15:36:00,7425,7425,7425,7425,0
2022-09-19 15:37:00,7425,7425,7425,7425,0
2022-09-19 15:38:00,7425,7425,7425,7425,0
2022-09-19 15:39:00,7425,7425,7425,7425,0
2022-09-19 15:40:00,7425,7425,7425,7425,0
2022-09-19 15:41:00,7425,7425,7425,7425,0
2022-09-19 15:42:00,7425,7425,7425,7425,0
2022-09-19 15:43:00,7425,7425,7425,7425,0
2022-09-19 15:44:00,7425,7425,7425,7425,0
2022-09-19 15:45:00,7425,7425,7425,7425,0
2022-09-19 15:46:00,7425,7425,7425,7425,0
2022-09-19 15:47:00,7425,7425,7425,7425,0
2022-09-19 15:48:00,7425,7425,7425,7425,0
2022-09-19 15:49:00,7425,7425,7425,7425,0
2022-09-19 15:50:00,7425,7425,7425,7425,0
2022-09-19 15:51:00,7425,7425,7425,7425,0
2022-09-19 15:52:00,7425,7425,7425,7425,0
2022-09-19 15:53:00,7425,7425,7425,7425,0
2022-09-19 15:54:00,7425,7425,7425,7425,0
2022-09-19 15:55:00,7425,7425,7425,7425,0
2022-09-19 15:56:00,7425,7425,7425,7425,0
2022-09-19 15:57:00,7425,7425,7425,7425,0
2022-09-19 15:58:00,7425,7425,7425,7425,0
2022-09-19 15:59:00,7425,7425,7425,7425,0
2022-09-20 09:00:00,7425,7425,7500,7475,0
2022-09-20 09:01:00,7475,7475,7500,7475,8000
2022-09-20 09:02:00,7475,7475,7500,7500,3900
2022-09-20 09:03:00,7500,7475,7500,7500,5100
2022-09-20 09:04:00,7500,7475,7500,7475,42800
2022-09-20 09:05:00,7475,7475,7475,7475,300
2022-09-20 09:06:00,7475,7450,7475,7450,29900
2022-09-20 09:07:00,7450,7425,7475,7450,32100
2022-09-20 09:08:00,7475,7475,7475,7475,100
2022-09-20 09:09:00,7450,7450,7475,7475,32100
2022-09-20 09:10:00,7500,7475,7500,7475,13000
2022-09-20 09:11:00,7475,7475,7475,7475,15100
2022-09-20 09:12:00,7475,7450,7475,7475,13900
2022-09-20 09:13:00,7475,7450,7475,7475,17200
2022-09-20 09:14:00,7475,7450,7475,7475,0
2022-09-20 09:15:00,7475,7475,7475,7475,3900
2022-09-20 09:16:00,7475,7475,7475,7475,500
2022-09-20 09:17:00,7475,7475,7475,7475,0
2022-09-20 09:18:00,7450,7425,7475,7450,39900
2022-09-20 09:19:00,7475,7475,7475,7475,31200
2022-09-20 09:20:00,7475,7475,7475,7475,12900
2022-09-20 09:21:00,7475,7475,7475,7475,0
2022-09-20 09:22:00,7500,7475,7500,7475,5900
2022-09-20 09:23:00,7500,7500,7525,7525,107900
2022-09-20 09:24:00,7525,7525,7525,7525,0
2022-09-20 09:25:00,7525,7525,7600,7600,150900
2022-09-20 09:26:00,7600,7575,7600,7600,8500
2022-09-20 09:27:00,7575,7575,7600,7575,14200
2022-09-20 09:28:00,7575,7575,7600,7575,46100
2022-09-20 09:29:00,7575,7575,7600,7575,13200
2022-09-20 09:30:00,7575,7575,7575,7575,48700
2022-09-20 09:31:00,7575,7575,7575,7575,4700
2022-09-20 09:32:00,7550,7550,7575,7575,3900
2022-09-20 09:33:00,7575,7575,7575,7575,3900
2022-09-20 09:34:00,7575,7575,7575,7575,4300
2022-09-20 09:35:00,7575,7575,7575,7575,13000
2022-09-20 09:36:00,7575,7575,7575,7575,7500
2022-09-20 09:37:00,7575,7575,7600,7575,6700
2022-09-20 09:38:00,7600,7575,7600,7575,74900
2022-09-20 09:39:00,7575,7575,7600,7575,4800
2022-09-20 09:40:00,7575,7575,7600,7600,140800
2022-09-20 09:41:00,7600,7600,7600,7600,26700
2022-09-20 09:42:00,7600,7600,7700,7700,720900
2022-09-20 09:43:00,7700,7675,7700,7675,55100
2022-09-20 09:44:00,7675,7650,7675,7650,14400
2022-09-20 09:45:00,7650,7625,7650,7625,36900
2022-09-20 09:46:00,7650,7625,7650,7625,9900
2022-09-20 09:47:00,7625,7600,7650,7650,27700
2022-09-20 09:48:00,7625,7625,7650,7650,13000
2022-09-20 09:49:00,7625,7625,7650,7650,50300
2022-09-20 09:50:00,7650,7625,7650,7650,1600
2022-09-20 09:51:00,7625,7625,7625,7625,48900
2022-09-20 09:52:00,7625,7625,7625,7625,13700
2022-09-20 09:53:00,7625,7625,7625,7625,16000
2022-09-20 09:54:00,7625,7625,7625,7625,3000
2022-09-20 09:55:00,7625,7625,7625,7625,1800
2022-09-20 09:56:00,7600,7600,7625,7625,8600
2022-09-20 09:57:00,7625,7625,7625,7625,15100
2022-09-20 09:58:00,7625,7600,7625,7625,14500
2022-09-20 09:59:00,7625,7625,7625,7625,19300
2022-09-20 10:00:00,7625,7600,7625,7600,6000
2022-09-20 10:01:00,7600,7600,7600,7600,3100
2022-09-20 10:02:00,7625,7625,7625,7625,1000
2022-09-20 10:03:00,7625,7625,7625,7625,2200
2022-09-20 10:04:00,7625,7625,7625,7625,0
2022-09-20 10:05:00,7625,7575,7625,7600,142500
2022-09-20 10:06:00,7575,7550,7600,7550,55600
2022-09-20 10:07:00,7550,7550,7550,7550,400
2022-09-20 10:08:00,7550,7550,7575,7550,14100
2022-09-20 10:09:00,7550,7525,7550,7550,40800
2022-09-20 10:10:00,7550,7550,7550,7550,6900
2022-09-20 10:11:00,7575,7575,7575,7575,200
2022-09-20 10:12:00,7575,7575,7575,7575,100
2022-09-20 10:13:00,7575,7550,7575,7550,22700
2022-09-20 10:14:00,7575,7550,7575,7550,0
2022-09-20 10:15:00,7575,7550,7575,7550,0
2022-09-20 10:16:00,7575,7550,7575,7550,0
2022-09-20 10:17:00,7525,7525,7525,7525,2300
2022-09-20 10:18:00,7525,7525,7525,7525,4900
2022-09-20 10:19:00,7525,7525,7525,7525,1500
2022-09-20 10:20:00,7525,7525,7525,7525,6600
2022-09-20 10:21:00,7525,7525,7525,7525,0
2022-09-20 10:22:00,7550,7550,7550,7550,2500
2022-09-20 10:23:00,7525,7525,7550,7525,4600
2022-09-20 10:24:00,7525,7525,7525,7525,0
2022-09-20 10:25:00,7525,7525,7525,7525,400
2022-09-20 10:26:00,7550,7525,7550,7525,7500
2022-09-20 10:27:00,7550,7525,7550,7525,0
2022-09-20 10:28:00,7550,7550,7550,7550,9300
2022-09-20 10:29:00,7550,7525,7550,7525,59600
2022-09-20 10:30:00,7525,7525,7550,7525,14500
2022-09-20 10:31:00,7525,7525,7550,7525,0
2022-09-20 10:32:00,7525,7525,7550,7525,0
2022-09-20 10:33:00,7525,7525,7550,7525,0
2022-09-20 10:34:00,7550,7550,7550,7550,2900
2022-09-20 10:35:00,7550,7550,7550,7550,3500
2022-09-20 10:36:00,7550,7525,7550,7525,12500
2022-09-20 10:37:00,7525,7525,7550,7550,21800
2022-09-20 10:38:00,7525,7525,7550,7550,0
2022-09-20 10:39:00,7525,7525,7525,7525,2000
2022-09-20 10:40:00,7525,7525,7525,7525,0
2022-09-20 10:41:00,7525,7525,7525,7525,0
2022-09-20 10:42:00,7525,7525,7525,7525,4200
2022-09-20 10:43:00,7525,7525,7525,7525,1900
2022-09-20 10:44:00,7525,7525,7525,7525,0
2022-09-20 10:45:00,7525,7525,7525,7525,0
2022-09-20 10:46:00,7525,7525,7525,7525,0
2022-09-20 10:47:00,7525,7525,7525,7525,6600
2022-09-20 10:48:00,7525,7525,7550,7550,2600
2022-09-20 10:49:00,7550,7525,7550,7525,3800
2022-09-20 10:50:00,7550,7550,7550,7550,300
2022-09-20 10:51:00,7525,7525,7550,7550,14800
2022-09-20 10:52:00,7525,7525,7525,7525,5100
2022-09-20 10:53:00,7525,7525,7550,7525,10000
2022-09-20 10:54:00,7525,7525,7525,7525,14200
2022-09-20 10:55:00,7525,7525,7525,7525,0
2022-09-20 10:56:00,7550,7550,7550,7550,1900
2022-09-20 10:57:00,7525,7500,7525,7500,45000
2022-09-20 10:58:00,7500,7500,7500,7500,5800
2022-09-20 10:59:00,7500,7500,7500,7500,0
2022-09-20 11:00:00,7500,7500,7500,7500,0
2022-09-20 11:01:00,7525,7525,7525,7525,0
2022-09-20 11:02:00,7525,7500,7525,7500,8800
2022-09-20 11:03:00,7500,7500,7500,7500,7100
2022-09-20 11:04:00,7500,7500,7500,7500,5500
2022-09-20 11:05:00,7500,7500,7500,7500,1100
2022-09-20 11:06:00,7500,7500,7525,7525,2800
2022-09-20 11:07:00,7500,7500,7500,7500,8900
2022-09-20 11:08:00,7525,7525,7525,7525,0
2022-09-20 11:09:00,7525,7525,7525,7525,6000
2022-09-20 11:10:00,7500,7500,7525,7525,0
2022-09-20 11:11:00,7500,7500,7500,7500,4500
2022-09-20 11:12:00,7500,7500,7500,7500,0
2022-09-20 11:13:00,7525,7525,7525,7525,1400
2022-09-20 11:14:00,7525,7500,7525,7500,5500
2022-09-20 11:15:00,7525,7525,7525,7525,44600
2022-09-20 11:16:00,7550,7550,7550,7550,300
2022-09-20 11:17:00,7525,7525,7525,7525,32300
2022-09-20 11:18:00,7525,7525,7525,7525,0
2022-09-20 11:19:00,7525,7525,7525,7525,1100
2022-09-20 11:20:00,7525,7525,7525,7525,0
2022-09-20 11:21:00,7525,7525,7525,7525,100
2022-09-20 11:22:00,7525,7525,7525,7525,5000
2022-09-20 11:23:00,7525,7525,7525,7525,600
2022-09-20 11:24:00,7525,7525,7525,7525,100
2022-09-20 11:25:00,7525,7525,7525,7525,2000
2022-09-20 11:26:00,7500,7500,7500,7500,14200
2022-09-20 11:27:00,7525,7525,7525,7525,1400
2022-09-20 11:28:00,7500,7500,7525,7525,1900
2022-09-20 11:29:00,7500,7500,7500,7500,0
2022-09-20 11:30:00,7500,7500,7500,7500,0
2022-09-20 11:31:00,7500,7500,7500,7500,0
2022-09-20 11:32:00,7500,7500,7500,7500,0
2022-09-20 11:33:00,7500,7500,7500,7500,0
2022-09-20 11:34:00,7500,7500,7500,7500,0
2022-09-20 11:35:00,7500,7500,7500,7500,0
2022-09-20 11:36:00,7500,7500,7500,7500,0
2022-09-20 11:37:00,7500,7500,7500,7500,0
2022-09-20 11:38:00,7500,7500,7500,7500,0
2022-09-20 11:39:00,7500,7500,7500,7500,0
2022-09-20 11:40:00,7500,7500,7500,7500,0
2022-09-20 11:41:00,7500,7500,7500,7500,0
2022-09-20 11:42:00,7500,7500,7500,7500,0
2022-09-20 11:43:00,7500,7500,7500,7500,0
2022-09-20 11:44:00,7500,7500,7500,7500,0
2022-09-20 11:45:00,7500,7500,7500,7500,0
2022-09-20 11:46:00,7500,7500,7500,7500,0
2022-09-20 11:47:00,7500,7500,7500,7500,0
2022-09-20 11:48:00,7500,7500,7500,7500,0
2022-09-20 11:49:00,7500,7500,7500,7500,0
2022-09-20 11:50:00,7500,7500,7500,7500,0
2022-09-20 11:51:00,7500,7500,7500,7500,0
2022-09-20 11:52:00,7500,7500,7500,7500,0
2022-09-20 11:53:00,7500,7500,7500,7500,0
2022-09-20 11:54:00,7500,7500,7500,7500,0
2022-09-20 11:55:00,7500,7500,7500,7500,0
2022-09-20 11:56:00,7500,7500,7500,7500,0
2022-09-20 11:57:00,7500,7500,7500,7500,0
2022-09-20 11:58:00,7500,7500,7500,7500,0
2022-09-20 11:59:00,7500,7500,7500,7500,0
2022-09-20 12:00:00,7500,7500,7500,7500,0
2022-09-20 12:01:00,7500,7500,7500,7500,0
2022-09-20 12:02:00,7500,7500,7500,7500,0
2022-09-20 12:03:00,7500,7500,7500,7500,0
2022-09-20 12:04:00,7500,7500,7500,7500,0
2022-09-20 12:05:00,7500,7500,7500,7500,0
2022-09-20 12:06:00,7500,7500,7500,7500,0
2022-09-20 12:07:00,7500,7500,7500,7500,0
2022-09-20 12:08:00,7500,7500,7500,7500,0
2022-09-20 12:09:00,7500,7500,7500,7500,0
2022-09-20 12:10:00,7500,7500,7500,7500,0
2022-09-20 12:11:00,7500,7500,7500,7500,0
2022-09-20 12:12:00,7500,7500,7500,7500,0
2022-09-20 12:13:00,7500,7500,7500,7500,0
2022-09-20 12:14:00,7500,7500,7500,7500,0
2022-09-20 12:15:00,7500,7500,7500,7500,0
2022-09-20 12:16:00,7500,7500,7500,7500,0
2022-09-20 12:17:00,7500,7500,7500,7500,0
2022-09-20 12:18:00,7500,7500,7500,7500,0
2022-09-20 12:19:00,7500,7500,7500,7500,0
2022-09-20 12:20:00,7500,7500,7500,7500,0
2022-09-20 12:21:00,7500,7500,7500,7500,0
2022-09-20 12:22:00,7500,7500,7500,7500,0
2022-09-20 12:23:00,7500,7500,7500,7500,0
2022-09-20 12:24:00,7500,7500,7500,7500,0
2022-09-20 12:25:00,7500,7500,7500,7500,0
2022-09-20 12:26:00,7500,7500,7500,7500,0
2022-09-20 12:27:00,7500,7500,7500,7500,0
2022-09-20 12:28:00,7500,7500,7500,7500,0
2022-09-20 12:29:00,7500,7500,7500,7500,0
2022-09-20 12:30:00,7500,7500,7500,7500,0
2022-09-20 12:31:00,7500,7500,7500,7500,0
2022-09-20 12:32:00,7500,7500,7500,7500,0
2022-09-20 12:33:00,7500,7500,7500,7500,0
2022-09-20 12:34:00,7500,7500,7500,7500,0
2022-09-20 12:35:00,7500,7500,7500,7500,0
2022-09-20 12:36:00,7500,7500,7500,7500,0
2022-09-20 12:37:00,7500,7500,7500,7500,0
2022-09-20 12:38:00,7500,7500,7500,7500,0
2022-09-20 12:39:00,7500,7500,7500,7500,0
2022-09-20 12:40:00,7500,7500,7500,7500,0
2022-09-20 12:41:00,7500,7500,7500,7500,0
2022-09-20 12:42:00,7500,7500,7500,7500,0
2022-09-20 12:43:00,7500,7500,7500,7500,0
2022-09-20 12:44:00,7500,7500,7500,7500,0
2022-09-20 12:45:00,7500,7500,7500,7500,0
2022-09-20 12:46:00,7500,7500,7500,7500,0
2022-09-20 12:47:00,7500,7500,7500,7500,0
2022-09-20 12:48:00,7500,7500,7500,7500,0
2022-09-20 12:49:00,7500,7500,7500,7500,0
2022-09-20 12:50:00,7500,7500,7500,7500,0
2022-09-20 12:51:00,7500,7500,7500,7500,0
2022-09-20 12:52:00,7500,7500,7500,7500,0
2022-09-20 12:53:00,7500,7500,7500,7500,0
2022-09-20 12:54:00,7500,7500,7500,7500,0
2022-09-20 12:55:00,7500,7500,7500,7500,0
2022-09-20 12:56:00,7500,7500,7500,7500,0
2022-09-20 12:57:00,7500,7500,7500,7500,0
2022-09-20 12:58:00,7500,7500,7500,7500,0
2022-09-20 12:59:00,7500,7500,7500,7500,0
2022-09-20 13:00:00,7500,7500,7500,7500,0
2022-09-20 13:01:00,7500,7500,7500,7500,0
2022-09-20 13:02:00,7500,7500,7500,7500,0
2022-09-20 13:03:00,7500,7500,7500,7500,0
2022-09-20 13:04:00,7500,7500,7500,7500,0
2022-09-20 13:05:00,7500,7500,7500,7500,0
2022-09-20 13:06:00,7500,7500,7500,7500,0
2022-09-20 13:07:00,7500,7500,7500,7500,0
2022-09-20 13:08:00,7500,7500,7500,7500,0
2022-09-20 13:09:00,7500,7500,7500,7500,0
2022-09-20 13:10:00,7500,7500,7500,7500,0
2022-09-20 13:11:00,7500,7500,7500,7500,0
2022-09-20 13:12:00,7500,7500,7500,7500,0
2022-09-20 13:13:00,7500,7500,7500,7500,0
2022-09-20 13:14:00,7500,7500,7500,7500,0
2022-09-20 13:15:00,7500,7500,7500,7500,0
2022-09-20 13:16:00,7500,7500,7500,7500,0
2022-09-20 13:17:00,7500,7500,7500,7500,0
2022-09-20 13:18:00,7500,7500,7500,7500,0
2022-09-20 13:19:00,7500,7500,7500,7500,0
2022-09-20 13:20:00,7500,7500,7500,7500,0
2022-09-20 13:21:00,7500,7500,7500,7500,0
2022-09-20 13:22:00,7500,7500,7500,7500,0
2022-09-20 13:23:00,7500,7500,7500,7500,0
2022-09-20 13:24:00,7500,7500,7500,7500,0
2022-09-20 13:25:00,7500,7500,7500,7500,0
2022-09-20 13:26:00,7500,7500,7500,7500,0
2022-09-20 13:27:00,7500,7500,7500,7500,0
2022-09-20 13:28:00,7500,7500,7500,7500,0
2022-09-20 13:29:00,7500,7500,7500,7500,0
2022-09-20 13:30:00,7500,7500,7525,7525,10200
2022-09-20 13:31:00,7525,7525,7525,7525,2000
2022-09-20 13:32:00,7525,7525,7525,7525,5400
2022-09-20 13:33:00,7500,7500,7500,7500,0
2022-09-20 13:34:00,7500,7500,7500,7500,0
2022-09-20 13:35:00,7500,7500,7500,7500,0
2022-09-20 13:36:00,7525,7525,7525,7525,700
2022-09-20 13:37:00,7525,7525,7525,7525,0
2022-09-20 13:38:00,7525,7525,7525,7525,1600
2022-09-20 13:39:00,7525,7525,7525,7525,100
2022-09-20 13:40:00,7525,7500,7525,7500,7400
2022-09-20 13:41:00,7525,7525,7525,7525,1500
2022-09-20 13:42:00,7525,7525,7525,7525,0
2022-09-20 13:43:00,7525,7525,7525,7525,30300
2022-09-20 13:44:00,7525,7525,7525,7525,0
2022-09-20 13:45:00,7525,7500,7525,7525,2900
2022-09-20 13:46:00,7525,7500,7525,7525,0
2022-09-20 13:47:00,7525,7525,7525,7525,700
2022-09-20 13:48:00,7500,7500,7525,7525,100
2022-09-20 13:49:00,7525,7500,7525,7500,1700
2022-09-20 13:50:00,7500,7500,7500,7500,600
2022-09-20 13:51:00,7500,7500,7500,7500,2700
2022-09-20 13:52:00,7500,7500,7500,7500,0
2022-09-20 13:53:00,7500,7475,7500,7475,84200
2022-09-20 13:54:00,7475,7475,7475,7475,36000
2022-09-20 13:55:00,7475,7475,7500,7475,8200
2022-09-20 13:56:00,7475,7475,7475,7475,1700
2022-09-20 13:57:00,7475,7475,7475,7475,1800
2022-09-20 13:58:00,7500,7500,7500,7500,0
2022-09-20 13:59:00,7500,7500,7500,7500,0
2022-09-20 14:00:00,7500,7500,7500,7500,800
2022-09-20 14:01:00,7475,7475,7475,7475,600
2022-09-20 14:02:00,7475,7475,7475,7475,700
2022-09-20 14:03:00,7500,7500,7500,7500,1500
2022-09-20 14:04:00,7475,7475,7475,7475,3200
2022-09-20 14:05:00,7475,7475,7475,7475,0
2022-09-20 14:06:00,7475,7475,7475,7475,11500
2022-09-20 14:07:00,7475,7475,7475,7475,5000
2022-09-20 14:08:00,7475,7475,7475,7475,1300
2022-09-20 14:09:00,7475,7450,7475,7450,12300
2022-09-20 14:10:00,7450,7450,7450,7450,2700
2022-09-20 14:11:00,7475,7450,7475,7450,5300
2022-09-20 14:12:00,7450,7450,7450,7450,0
2022-09-20 14:13:00,7475,7475,7475,7475,800
2022-09-20 14:14:00,7450,7450,7450,7450,0
2022-09-20 14:15:00,7450,7450,7450,7450,0
2022-09-20 14:16:00,7450,7450,7475,7475,119200
2022-09-20 14:17:00,7450,7450,7450,7450,1000
2022-09-20 14:18:00,7450,7450,7450,7450,2900
2022-09-20 14:19:00,7450,7450,7475,7475,1800
2022-09-20 14:20:00,7450,7450,7475,7475,0
2022-09-20 14:21:00,7450,7450,7475,7475,0
2022-09-20 14:22:00,7450,7450,7450,7450,9400
2022-09-20 14:23:00,7475,7450,7475,7475,18800
2022-09-20 14:24:00,7450,7450,7450,7450,0
2022-09-20 14:25:00,7450,7450,7450,7450,400
2022-09-20 14:26:00,7450,7450,7450,7450,500
2022-09-20 14:27:00,7475,7475,7475,7475,15900
2022-09-20 14:28:00,7475,7475,7475,7475,100
2022-09-20 14:29:00,7450,7450,7450,7450,93600
2022-09-20 14:30:00,7450,7450,7475,7475,500
2022-09-20 14:31:00,7450,7425,7450,7425,20200
2022-09-20 14:32:00,7425,7425,7450,7450,700
2022-09-20 14:33:00,7450,7450,7450,7450,300
2022-09-20 14:34:00,7475,7475,7475,7475,400
2022-09-20 14:35:00,7450,7450,7450,7450,6300
2022-09-20 14:36:00,7450,7450,7450,7450,6700
2022-09-20 14:37:00,7450,7450,7450,7450,0
2022-09-20 14:38:00,7475,7475,7475,7475,100
2022-09-20 14:39:00,7450,7450,7450,7450,200
2022-09-20 14:40:00,7450,7450,7450,7450,2200
2022-09-20 14:41:00,7450,7425,7450,7425,47100
2022-09-20 14:42:00,7425,7425,7425,7425,3700
2022-09-20 14:43:00,7425,7425,7425,7425,800
2022-09-20 14:44:00,7425,7425,7450,7450,0
2022-09-20 14:45:00,7450,7425,7450,7425,161000
2022-09-20 14:46:00,7450,7425,7450,7425,0
2022-09-20 14:47:00,7450,7425,7450,7425,8800
2022-09-20 14:48:00,7425,7425,7450,7450,1800
2022-09-20 14:49:00,7425,7425,7425,7425,37000
2022-09-20 14:50:00,7425,7425,7425,7425,0
2022-09-20 14:51:00,7425,7425,7425,7425,0
2022-09-20 14:52:00,7425,7425,7425,7425,0
2022-09-20 14:53:00,7425,7425,7425,7425,0
2022-09-20 14:54:00,7425,7425,7425,7425,0
2022-09-20 14:55:00,7425,7425,7425,7425,0
2022-09-20 14:56:00,7425,7425,7425,7425,0
2022-09-20 14:57:00,7425,7425,7425,7425,0
2022-09-20 14:58:00,7425,7425,7425,7425,0
2022-09-20 14:59:00,7425,7425,7425,7425,0
2022-09-20 15:00:00,7425,7425,7425,7425,259500
2022-09-20 15:01:00,7425,7425,7425,7425,51800
2022-09-20 15:02:00,7425,7425,7425,7425,0
2022-09-20 15:03:00,7425,7425,7425,7425,0
2022-09-20 15:04:00,7425,7425,7425,7425,100
2022-09-20 15:05:00,7425,7425,7425,7425,0
2022-09-20 15:06:00,7425,7425,7425,7425,0
2022-09-20 15:07:00,7425,7425,7425,7425,26800
2022-09-20 15:08:00,7425,7425,7425,7425,3000
2022-09-20 15:09:00,7425,7425,7425,7425,200
2022-09-20 15:10:00,7425,7425,7425,7425,500
2022-09-20 15:11:00,7425,7425,7425,7425,0
2022-09-20 15:12:00,7425,7425,7425,7425,18100
2022-09-20 15:13:00,7425,7425,7425,7425,3865200
2022-09-20 15:14:00,7425,7425,7425,7425,0
2022-09-20 15:15:00,7425,7425,7425,7425,0
2022-09-20 15:16:00,7425,7425,7425,7425,0
2022-09-20 15:17:00,7425,7425,7425,7425,0
2022-09-20 15:18:00,7425,7425,7425,7425,0
2022-09-20 15:19:00,7425,7425,7425,7425,0
2022-09-20 15:20:00,7425,7425,7425,7425,0
2022-09-20 15:21:00,7425,7425,7425,7425,0
2022-09-20 15:22:00,7425,7425,7425,7425,0
2022-09-20 15:23:00,7425,7425,7425,7425,0
2022-09-20 15:24:00,7425,7425,7425,7425,0
2022-09-20 15:25:00,7425,7425,7425,7425,0
2022-09-20 15:26:00,7425,7425,7425,7425,0
2022-09-20 15:27:00,7425,7425,7425,7425,0
2022-09-20 15:28:00,7425,7425,7425,7425,0
2022-09-20 15:29:00,7425,7425,7425,7425,0
2022-09-20 15:30:00,7425,7425,7425,7425,0
2022-09-20 15:31:00,7425,7425,7425,7425,0
2022-09-20 15:32:00,7425,7425,7425,7425,0
2022-09-20 15:33:00,7425,7425,7425,7425,0
2022-09-20 15:34:00,7425,7425,7425,7425,0
2022-09-20 15:35:00,7425,7425,7425,7425,0
2022-09-20 15:36:00,7425,7425,7425,7425,0
2022-09-20 15:37:00,7425,7425,7425,7425,0
2022-09-20 15:38:00,7425,7425,7425,7425,0
2022-09-20 15:39:00,7425,7425,7425,7425,0
2022-09-20 15:40:00,7425,7425,7425,7425,0
2022-09-20 15:41:00,7425,7425,7425,7425,0
2022-09-20 15:42:00,7425,7425,7425,7425,0
2022-09-20 15:43:00,7425,7425,7425,7425,0
2022-09-20 15:44:00,7425,7425,7425,7425,0
2022-09-20 15:45:00,7425,7425,7425,7425,0
2022-09-20 15:46:00,7425,7425,7425,7425,0
2022-09-20 15:47:00,7425,7425,7425,7425,0
2022-09-20 15:48:00,7425,7425,7425,7425,0
2022-09-20 15:49:00,7425,7425,7425,7425,0
2022-09-20 15:50:00,7425,7425,7425,7425,0
2022-09-20 15:51:00,7425,7425,7425,7425,0
2022-09-20 15:52:00,7425,7425,7425,7425,0
2022-09-20 15:53:00,7425,7425,7425,7425,0
2022-09-20 15:54:00,7425,7425,7425,7425,0
2022-09-20 15:55:00,7425,7425,7425,7425,0
2022-09-20 15:56:00,7425,7425,7425,7425,0
2022-09-20 15:57:00,7425,7425,7425,7425,0
2022-09-20 15:58:00,7425,7425,7425,7425,0
2022-09-20 15:59:00,7425,7425,7425,7425,0
2022-09-21 09:00:00,7425,7350,7425,7350,0
2022-09-21 09:01:00,7350,7350,7350,7350,55800
2022-09-21 09:02:00,7350,7350,7375,7375,0
2022-09-21 09:03:00,7375,7350,7375,7375,18700
2022-09-21 09:04:00,7375,7350,7375,7375,40000
2022-09-21 09:05:00,7375,7375,7375,7375,4700
2022-09-21 09:06:00,7375,7375,7400,7375,16500
2022-09-21 09:07:00,7400,7400,7400,7400,0
2022-09-21 09:08:00,7400,7400,7400,7400,5700
2022-09-21 09:09:00,7400,7400,7400,7400,100
2022-09-21 09:10:00,7400,7375,7400,7375,4300
2022-09-21 09:11:00,7375,7375,7400,7400,2900
2022-09-21 09:12:00,7400,7400,7400,7400,4400
2022-09-21 09:13:00,7400,7375,7400,7400,39700
2022-09-21 09:14:00,7400,7400,7400,7400,4300
2022-09-21 09:15:00,7425,7400,7425,7425,5900
2022-09-21 09:16:00,7425,7400,7425,7425,0
2022-09-21 09:17:00,7400,7400,7425,7425,19000
2022-09-21 09:18:00,7400,7375,7400,7375,3200
2022-09-21 09:19:00,7400,7375,7400,7375,5000
2022-09-21 09:20:00,7375,7375,7400,7400,0
2022-09-21 09:21:00,7400,7400,7400,7400,2500
2022-09-21 09:22:00,7400,7375,7400,7375,6100
2022-09-21 09:23:00,7375,7350,7400,7350,21200
2022-09-21 09:24:00,7375,7350,7400,7350,0
2022-09-21 09:25:00,7375,7375,7375,7375,300
2022-09-21 09:26:00,7350,7350,7375,7350,4300
2022-09-21 09:27:00,7350,7300,7350,7300,170700
2022-09-21 09:28:00,7300,7300,7325,7325,6200
2022-09-21 09:29:00,7325,7325,7350,7350,6100
2022-09-21 09:30:00,7350,7350,7350,7350,100
2022-09-21 09:31:00,7350,7350,7350,7350,2700
2022-09-21 09:32:00,7350,7325,7350,7325,600
2022-09-21 09:33:00,7325,7325,7350,7350,5200
2022-09-21 09:34:00,7350,7325,7350,7350,6200
2022-09-21 09:35:00,7325,7325,7350,7350,800
2022-09-21 09:36:00,7350,7325,7350,7350,1800
2022-09-21 09:37:00,7325,7325,7350,7350,2100
2022-09-21 09:38:00,7325,7300,7325,7325,73000
2022-09-21 09:39:00,7300,7300,7325,7325,5800
2022-09-21 09:40:00,7325,7325,7325,7325,45600
2022-09-21 09:41:00,7350,7325,7350,7350,27300
2022-09-21 09:42:00,7325,7325,7325,7325,8300
2022-09-21 09:43:00,7325,7325,7325,7325,0
2022-09-21 09:44:00,7300,7300,7325,7325,5800
2022-09-21 09:45:00,7325,7325,7325,7325,2000
2022-09-21 09:46:00,7325,7300,7325,7300,2200
2022-09-21 09:47:00,7325,7325,7325,7325,3800
2022-09-21 09:48:00,7300,7300,7325,7325,11500
2022-09-21 09:49:00,7300,7300,7325,7325,3100
2022-09-21 09:50:00,7325,7300,7325,7300,6000
2022-09-21 09:51:00,7300,7300,7325,7300,46900
2022-09-21 09:52:00,7300,7300,7325,7300,0
2022-09-21 09:53:00,7300,7300,7300,7300,8400
2022-09-21 09:54:00,7300,7275,7325,7275,143800
2022-09-21 09:55:00,7275,7275,7275,7275,42500
2022-09-21 09:56:00,7275,7275,7275,7275,6500
2022-09-21 09:57:00,7275,7275,7275,7275,30900
2022-09-21 09:58:00,7300,7275,7300,7275,5500
2022-09-21 09:59:00,7275,7275,7275,7275,1400
2022-09-21 10:00:00,7275,7275,7300,7275,3600
2022-09-21 10:01:00,7275,7250,7300,7300,32300
2022-09-21 10:02:00,7275,7275,7300,7300,1700
2022-09-21 10:03:00,7275,7275,7275,7275,1300
2022-09-21 10:04:00,7300,7300,7300,7300,0
2022-09-21 10:05:00,7300,7275,7300,7275,2600
2022-09-21 10:06:00,7275,7250,7300,7250,68700
2022-09-21 10:07:00,7275,7275,7275,7275,0
2022-09-21 10:08:00,7275,7275,7275,7275,1600
2022-09-21 10:09:00,7300,7275,7300,7300,34000
2022-09-21 10:10:00,7275,7250,7275,7275,18600
2022-09-21 10:11:00,7275,7275,7300,7300,1100
2022-09-21 10:12:00,7300,7300,7300,7300,300
2022-09-21 10:13:00,7300,7275,7300,7275,3700
2022-09-21 10:14:00,7275,7275,7300,7300,0
2022-09-21 10:15:00,7300,7275,7300,7275,700
2022-09-21 10:16:00,7275,7275,7300,7300,200
2022-09-21 10:17:00,7300,7275,7300,7300,11300
2022-09-21 10:18:00,7300,7275,7325,7325,13700
2022-09-21 10:19:00,7300,7300,7325,7300,2500
2022-09-21 10:20:00,7300,7300,7325,7300,700
2022-09-21 10:21:00,7300,7300,7300,7300,10600
2022-09-21 10:22:00,7300,7300,7300,7300,0
2022-09-21 10:23:00,7300,7300,7325,7325,300
2022-09-21 10:24:00,7300,7300,7325,7325,0
2022-09-21 10:25:00,7325,7325,7325,7325,300
2022-09-21 10:26:00,7325,7325,7325,7325,5700
2022-09-21 10:27:00,7325,7325,7325,7325,0
2022-09-21 10:28:00,7325,7325,7325,7325,100
2022-09-21 10:29:00,7300,7300,7325,7325,1300
2022-09-21 10:30:00,7325,7300,7325,7300,5600
2022-09-21 10:31:00,7325,7300,7325,7300,0
2022-09-21 10:32:00,7325,7325,7325,7325,0
2022-09-21 10:33:00,7300,7300,7300,7300,1600
2022-09-21 10:34:00,7325,7325,7325,7325,0
2022-09-21 10:35:00,7325,7325,7325,7325,100
2022-09-21 10:36:00,7300,7300,7300,7300,1100
2022-09-21 10:37:00,7325,7325,7325,7325,100
2022-09-21 10:38:00,7300,7300,7300,7300,1000
2022-09-21 10:39:00,7325,7325,7325,7325,500
2022-09-21 10:40:00,7325,7300,7325,7300,1600
2022-09-21 10:41:00,7325,7300,7325,7300,0
2022-09-21 10:42:00,7300,7300,7325,7300,6400
2022-09-21 10:43:00,7300,7275,7300,7300,37500
2022-09-21 10:44:00,7300,7300,7300,7300,4300
2022-09-21 10:45:00,7300,7275,7325,7300,30800
2022-09-21 10:46:00,7275,7275,7275,7275,3200
2022-09-21 10:47:00,7275,7275,7275,7275,0
2022-09-21 10:48:00,7300,7300,7300,7300,0
2022-09-21 10:49:00,7300,7275,7300,7275,1100
2022-09-21 10:50:00,7300,7300,7300,7300,16100
2022-09-21 10:51:00,7300,7300,7300,7300,0
2022-09-21 10:52:00,7300,7275,7300,7275,1100
2022-09-21 10:53:00,7300,7300,7300,7300,1500
2022-09-21 10:54:00,7300,7275,7300,7275,2300
2022-09-21 10:55:00,7275,7275,7300,7300,100
2022-09-21 10:56:00,7300,7300,7300,7300,400
2022-09-21 10:57:00,7300,7300,7300,7300,0
2022-09-21 10:58:00,7275,7275,7275,7275,1100
2022-09-21 10:59:00,7300,7300,7300,7300,200
2022-09-21 11:00:00,7300,7275,7300,7300,5400
2022-09-21 11:01:00,7300,7275,7300,7300,0
2022-09-21 11:02:00,7300,7300,7300,7300,9400
2022-09-21 11:03:00,7300,7300,7300,7300,0
2022-09-21 11:04:00,7300,7300,7300,7300,500
2022-09-21 11:05:00,7300,7275,7300,7275,200
2022-09-21 11:06:00,7300,7300,7300,7300,0
2022-09-21 11:07:00,7300,7300,7300,7300,300
2022-09-21 11:08:00,7300,7300,7300,7300,200
2022-09-21 11:09:00,7300,7300,7300,7300,1700
2022-09-21 11:10:00,7300,7275,7300,7275,4900
2022-09-21 11:11:00,7300,7300,7300,7300,0
2022-09-21 11:12:00,7300,7300,7300,7300,600
2022-09-21 11:13:00,7275,7275,7275,7275,1100
2022-09-21 11:14:00,7300,7275,7325,7275,96200
2022-09-21 11:15:00,7275,7275,7300,7300,0
2022-09-21 11:16:00,7275,7275,7300,7300,0
2022-09-21 11:17:00,7300,7300,7300,7300,500
2022-09-21 11:18:00,7275,7275,7275,7275,37300
2022-09-21 11:19:00,7275,7275,7300,7300,0
2022-09-21 11:20:00,7300,7300,7300,7300,0
2022-09-21 11:21:00,7275,7275,7275,7275,200
2022-09-21 11:22:00,7300,7300,7300,7300,200
2022-09-21 11:23:00,7275,7275,7300,7300,3000
2022-09-21 11:24:00,7275,7250,7275,7250,9000
2022-09-21 11:25:00,7275,7250,7275,7250,0
2022-09-21 11:26:00,7275,7275,7275,7275,1900
2022-09-21 11:27:00,7275,7250,7275,7250,28200
2022-09-21 11:28:00,7250,7250,7275,7250,12300
2022-09-21 11:29:00,7250,7250,7275,7250,5100
2022-09-21 11:30:00,7250,7250,7275,7250,0
2022-09-21 11:31:00,7250,7250,7275,7250,0
2022-09-21 11:32:00,7250,7250,7275,7250,0
2022-09-21 11:33:00,7250,7250,7275,7250,0
2022-09-21 11:34:00,7250,7250,7275,7250,0
2022-09-21 11:35:00,7250,7250,7275,7250,0
2022-09-21 11:36:00,7250,7250,7275,7250,0
2022-09-21 11:37:00,7250,7250,7275,7250,0
2022-09-21 11:38:00,7250,7250,7275,7250,0
2022-09-21 11:39:00,7250,7250,7275,7250,0
2022-09-21 11:40:00,7250,7250,7275,7250,0
2022-09-21 11:41:00,7250,7250,7275,7250,0
2022-09-21 11:42:00,7250,7250,7275,7250,0
2022-09-21 11:43:00,7250,7250,7275,7250,0
2022-09-21 11:44:00,7250,7250,7275,7250,0
2022-09-21 11:45:00,7250,7250,7275,7250,0
2022-09-21 11:46:00,7250,7250,7275,7250,0
2022-09-21 11:47:00,7250,7250,7275,7250,0
2022-09-21 11:48:00,7250,7250,7275,7250,0
2022-09-21 11:49:00,7250,7250,7275,7250,0
2022-09-21 11:50:00,7250,7250,7275,7250,0
2022-09-21 11:51:00,7250,7250,7275,7250,0
2022-09-21 11:52:00,7250,7250,7275,7250,0
2022-09-21 11:53:00,7250,7250,7275,7250,0
2022-09-21 11:54:00,7250,7250,7275,7250,0
2022-09-21 11:55:00,7250,7250,7275,7250,0
2022-09-21 11:56:00,7250,7250,7275,7250,0
2022-09-21 11:57:00,7250,7250,7275,7250,0
2022-09-21 11:58:00,7250,7250,7275,7250,0
2022-09-21 11:59:00,7250,7250,7275,7250,0
2022-09-21 12:00:00,7250,7250,7275,7250,0
2022-09-21 12:01:00,7250,7250,7275,7250,0
2022-09-21 12:02:00,7250,7250,7275,7250,0
2022-09-21 12:03:00,7250,7250,7275,7250,0
2022-09-21 12:04:00,7250,7250,7275,7250,0
2022-09-21 12:05:00,7250,7250,7275,7250,0
2022-09-21 12:06:00,7250,7250,7275,7250,0
2022-09-21 12:07:00,7250,7250,7275,7250,0
2022-09-21 12:08:00,7250,7250,7275,7250,0
2022-09-21 12:09:00,7250,7250,7275,7250,0
2022-09-21 12:10:00,7250,7250,7275,7250,0
2022-09-21 12:11:00,7250,7250,7275,7250,0
2022-09-21 12:12:00,7250,7250,7275,7250,0
2022-09-21 12:13:00,7250,7250,7275,7250,0
2022-09-21 12:14:00,7250,7250,7275,7250,0
2022-09-21 12:15:00,7250,7250,7275,7250,0
2022-09-21 12:16:00,7250,7250,7275,7250,0
2022-09-21 12:17:00,7250,7250,7275,7250,0
2022-09-21 12:18:00,7250,7250,7275,7250,0
2022-09-21 12:19:00,7250,7250,7275,7250,0
2022-09-21 12:20:00,7250,7250,7275,7250,0
2022-09-21 12:21:00,7250,7250,7275,7250,0
2022-09-21 12:22:00,7250,7250,7275,7250,0
2022-09-21 12:23:00,7250,7250,7275,7250,0
2022-09-21 12:24:00,7250,7250,7275,7250,0
2022-09-21 12:25:00,7250,7250,7275,7250,0
2022-09-21 12:26:00,7250,7250,7275,7250,0
2022-09-21 12:27:00,7250,7250,7275,7250,0
2022-09-21 12:28:00,7250,7250,7275,7250,0
2022-09-21 12:29:00,7250,7250,7275,7250,0
2022-09-21 12:30:00,7250,7250,7275,7250,0
2022-09-21 12:31:00,7250,7250,7275,7250,0
2022-09-21 12:32:00,7250,7250,7275,7250,0
2022-09-21 12:33:00,7250,7250,7275,7250,0
2022-09-21 12:34:00,7250,7250,7275,7250,0
2022-09-21 12:35:00,7250,7250,7275,7250,0
2022-09-21 12:36:00,7250,7250,7275,7250,0
2022-09-21 12:37:00,7250,7250,7275,7250,0
2022-09-21 12:38:00,7250,7250,7275,7250,0
2022-09-21 12:39:00,7250,7250,7275,7250,0
2022-09-21 12:40:00,7250,7250,7275,7250,0
2022-09-21 12:41:00,7250,7250,7275,7250,0
2022-09-21 12:42:00,7250,7250,7275,7250,0
2022-09-21 12:43:00,7250,7250,7275,7250,0
2022-09-21 12:44:00,7250,7250,7275,7250,0
2022-09-21 12:45:00,7250,7250,7275,7250,0
2022-09-21 12:46:00,7250,7250,7275,7250,0
2022-09-21 12:47:00,7250,7250,7275,7250,0
2022-09-21 12:48:00,7250,7250,7275,7250,0
2022-09-21 12:49:00,7250,7250,7275,7250,0
2022-09-21 12:50:00,7250,7250,7275,7250,0
2022-09-21 12:51:00,7250,7250,7275,7250,0
2022-09-21 12:52:00,7250,7250,7275,7250,0
2022-09-21 12:53:00,7250,7250,7275,7250,0
2022-09-21 12:54:00,7250,7250,7275,7250,0
2022-09-21 12:55:00,7250,7250,7275,7250,0
2022-09-21 12:56:00,7250,7250,7275,7250,0
2022-09-21 12:57:00,7250,7250,7275,7250,0
2022-09-21 12:58:00,7250,7250,7275,7250,0
2022-09-21 12:59:00,7250,7250,7275,7250,0
2022-09-21 13:00:00,7250,7250,7275,7250,0
2022-09-21 13:01:00,7250,7250,7275,7250,0
2022-09-21 13:02:00,7250,7250,7275,7250,0
2022-09-21 13:03:00,7250,7250,7275,7250,0
2022-09-21 13:04:00,7250,7250,7275,7250,0
2022-09-21 13:05:00,7250,7250,7275,7250,0
2022-09-21 13:06:00,7250,7250,7275,7250,0
2022-09-21 13:07:00,7250,7250,7275,7250,0
2022-09-21 13:08:00,7250,7250,7275,7250,0
2022-09-21 13:09:00,7250,7250,7275,7250,0
2022-09-21 13:10:00,7250,7250,7275,7250,0
2022-09-21 13:11:00,7250,7250,7275,7250,0
2022-09-21 13:12:00,7250,7250,7275,7250,0
2022-09-21 13:13:00,7250,7250,7275,7250,0
2022-09-21 13:14:00,7250,7250,7275,7250,0
2022-09-21 13:15:00,7250,7250,7275,7250,0
2022-09-21 13:16:00,7250,7250,7275,7250,0
2022-09-21 13:17:00,7250,7250,7275,7250,0
2022-09-21 13:18:00,7250,7250,7275,7250,0
2022-09-21 13:19:00,7250,7250,7275,7250,0
2022-09-21 13:20:00,7250,7250,7275,7250,0
2022-09-21 13:21:00,7250,7250,7275,7250,0
2022-09-21 13:22:00,7250,7250,7275,7250,0
2022-09-21 13:23:00,7250,7250,7275,7250,0
2022-09-21 13:24:00,7250,7250,7275,7250,0
2022-09-21 13:25:00,7250,7250,7275,7250,0
2022-09-21 13:26:00,7250,7250,7275,7250,0
2022-09-21 13:27:00,7250,7250,7275,7250,0
2022-09-21 13:28:00,7250,7250,7275,7250,0
2022-09-21 13:29:00,7250,7250,7275,7250,0
2022-09-21 13:30:00,7250,7250,7275,7250,237000
2022-09-21 13:31:00,7250,7250,7250,7250,30600
2022-09-21 13:32:00,7250,7225,7250,7250,11500
2022-09-21 13:33:00,7225,7225,7225,7225,400
2022-09-21 13:34:00,7250,7250,7250,7250,800
2022-09-21 13:35:00,7225,7225,7250,7250,10200
2022-09-21 13:36:00,7250,7250,7250,7250,700
2022-09-21 13:37:00,7250,7250,7250,7250,5900
2022-09-21 13:38:00,7225,7200,7225,7200,349100
2022-09-21 13:39:00,7200,7200,7225,7225,9000
2022-09-21 13:40:00,7225,7200,7225,7225,11400
2022-09-21 13:41:00,7225,7200,7225,7200,104300
2022-09-21 13:42:00,7200,7200,7200,7200,3900
2022-09-21 13:43:00,7225,7175,7225,7200,58800
2022-09-21 13:44:00,7200,7175,7200,7175,5100
2022-09-21 13:45:00,7200,7200,7225,7225,60500
2022-09-21 13:46:00,7200,7200,7200,7200,15300
2022-09-21 13:47:00,7175,7175,7200,7200,56900
2022-09-21 13:48:00,7200,7200,7200,7200,7800
2022-09-21 13:49:00,7200,7200,7200,7200,10100
2022-09-21 13:50:00,7225,7225,7225,7225,2600
2022-09-21 13:51:00,7225,7200,7225,7200,25600
2022-09-21 13:52:00,7200,7200,7200,7200,57200
2022-09-21 13:53:00,7200,7200,7200,7200,5100
2022-09-21 13:54:00,7200,7200,7200,7200,0
2022-09-21 13:55:00,7225,7200,7225,7200,1000
2022-09-21 13:56:00,7200,7200,7225,7225,500
2022-09-21 13:57:00,7200,7200,7200,7200,10100
2022-09-21 13:58:00,7200,7200,7200,7200,7600
2022-09-21 13:59:00,7200,7200,7225,7200,2900
2022-09-21 14:00:00,7200,7200,7225,7200,71300
2022-09-21 14:01:00,7200,7200,7200,7200,2900
2022-09-21 14:02:00,7200,7200,7200,7200,500
2022-09-21 14:03:00,7200,7200,7200,7200,45700
2022-09-21 14:04:00,7200,7200,7225,7225,0
2022-09-21 14:05:00,7225,7200,7225,7200,5400
2022-09-21 14:06:00,7200,7200,7225,7225,8400
2022-09-21 14:07:00,7200,7200,7225,7225,14000
2022-09-21 14:08:00,7200,7200,7225,7225,1500
2022-09-21 14:09:00,7200,7200,7200,7200,3000
2022-09-21 14:10:00,7200,7200,7225,7225,1400
2022-09-21 14:11:00,7225,7200,7225,7225,50400
2022-09-21 14:12:00,7225,7225,7225,7225,5100
2022-09-21 14:13:00,7225,7225,7225,7225,11500
2022-09-21 14:14:00,7250,7250,7250,7250,100
2022-09-21 14:15:00,7250,7250,7250,7250,1200
2022-09-21 14:16:00,7250,7250,7250,7250,100
2022-09-21 14:17:00,7250,7225,7250,7250,3300
2022-09-21 14:18:00,7250,7250,7250,7250,1100
2022-09-21 14:19:00,7225,7225,7250,7250,2000
2022-09-21 14:20:00,7250,7250,7275,7275,18700
2022-09-21 14:21:00,7275,7250,7275,7250,17300
2022-09-21 14:22:00,7250,7250,7250,7250,11500
2022-09-21 14:23:00,7275,7275,7275,7275,0
2022-09-21 14:24:00,7275,7275,7275,7275,72600
2022-09-21 14:25:00,7275,7275,7300,7275,3700
2022-09-21 14:26:00,7300,7300,7300,7300,700
2022-09-21 14:27:00,7275,7275,7275,7275,4500
2022-09-21 14:28:00,7300,7275,7300,7275,3900
2022-09-21 14:29:00,7275,7275,7300,7300,2500
2022-09-21 14:30:00,7300,7275,7300,7275,7900
2022-09-21 14:31:00,7300,7275,7300,7275,5000
2022-09-21 14:32:00,7300,7275,7300,7275,0
2022-09-21 14:33:00,7300,7275,7300,7275,0
2022-09-21 14:34:00,7300,7275,7300,7275,0
2022-09-21 14:35:00,7275,7275,7300,7275,900
2022-09-21 14:36:00,7275,7275,7300,7275,4200
2022-09-21 14:37:00,7275,7275,7300,7275,91800
2022-09-21 14:38:00,7275,7275,7275,7275,22700
2022-09-21 14:39:00,7275,7275,7300,7300,3300
2022-09-21 14:40:00,7275,7275,7300,7275,58500
2022-09-21 14:41:00,7275,7275,7275,7275,7900
2022-09-21 14:42:00,7275,7275,7275,7275,10400
2022-09-21 14:43:00,7275,7275,7300,7275,21300
2022-09-21 14:44:00,7275,7275,7275,7275,12600
2022-09-21 14:45:00,7275,7275,7275,7275,6500
2022-09-21 14:46:00,7275,7250,7275,7275,6800
2022-09-21 14:47:00,7250,7250,7275,7275,23300
2022-09-21 14:48:00,7275,7250,7275,7250,22900
2022-09-21 14:49:00,7250,7250,7275,7275,0
2022-09-21 14:50:00,7250,7250,7275,7275,0
2022-09-21 14:51:00,7250,7250,7275,7275,0
2022-09-21 14:52:00,7250,7250,7275,7275,0
2022-09-21 14:53:00,7250,7250,7275,7275,0
2022-09-21 14:54:00,7250,7250,7275,7275,0
2022-09-21 14:55:00,7250,7250,7275,7275,0
2022-09-21 14:56:00,7250,7250,7275,7275,0
2022-09-21 14:57:00,7250,7250,7275,7275,0
2022-09-21 14:58:00,7250,7250,7275,7275,0
2022-09-21 14:59:00,7250,7250,7275,7275,0
2022-09-21 15:00:00,7275,7275,7275,7275,117700
2022-09-21 15:01:00,7275,7275,7275,7275,40800
2022-09-21 15:02:00,7275,7275,7275,7275,22300
2022-09-21 15:03:00,7275,7275,7275,7275,0
2022-09-21 15:04:00,7275,7275,7275,7275,4300
2022-09-21 15:05:00,7275,7275,7275,7275,0
2022-09-21 15:06:00,7275,7275,7275,7275,0
2022-09-21 15:07:00,7275,7275,7275,7275,1000
2022-09-21 15:08:00,7275,7275,7275,7275,0
2022-09-21 15:09:00,7275,7275,7275,7275,0
2022-09-21 15:10:00,7275,7275,7275,7275,100
2022-09-21 15:11:00,7275,7275,7275,7275,1300
2022-09-21 15:12:00,7275,7275,7275,7275,0
2022-09-21 15:13:00,7275,7275,7275,7275,2600
2022-09-21 15:14:00,7275,7275,7275,7275,0
2022-09-21 15:15:00,7275,7275,7275,7275,0
2022-09-21 15:16:00,7275,7275,7275,7275,0
2022-09-21 15:17:00,7275,7275,7275,7275,0
2022-09-21 15:18:00,7275,7275,7275,7275,0
2022-09-21 15:19:00,7275,7275,7275,7275,0
2022-09-21 15:20:00,7275,7275,7275,7275,0
2022-09-21 15:21:00,7275,7275,7275,7275,0
2022-09-21 15:22:00,7275,7275,7275,7275,0
2022-09-21 15:23:00,7275,7275,7275,7275,0
2022-09-21 15:24:00,7275,7275,7275,7275,0
2022-09-21 15:25:00,7275,7275,7275,7275,0
2022-09-21 15:26:00,7275,7275,7275,7275,0
2022-09-21 15:27:00,7275,7275,7275,7275,0
2022-09-21 15:28:00,7275,7275,7275,7275,0
2022-09-21 15:29:00,7275,7275,7275,7275,0
2022-09-21 15:30:00,7275,7275,7275,7275,0
2022-09-21 15:31:00,7275,7275,7275,7275,0
2022-09-21 15:32:00,7275,7275,7275,7275,0
2022-09-21 15:33:00,7275,7275,7275,7275,0
2022-09-21 15:34:00,7275,7275,7275,7275,0
2022-09-21 15:35:00,7275,7275,7275,7275,0
2022-09-21 15:36:00,7275,7275,7275,7275,0
2022-09-21 15:37:00,7275,7275,7275,7275,0
2022-09-21 15:38:00,7275,7275,7275,7275,0
2022-09-21 15:39:00,7275,7275,7275,7275,0
2022-09-21 15:40:00,7275,7275,7275,7275,0
2022-09-21 15:41:00,7275,7275,7275,7275,0
2022-09-21 15:42:00,7275,7275,7275,7275,0
2022-09-21 15:43:00,7275,7275,7275,7275,0
2022-09-21 15:44:00,7275,7275,7275,7275,0
2022-09-21 15:45:00,7275,7275,7275,7275,0
2022-09-21 15:46:00,7275,7275,7275,7275,0
2022-09-21 15:47:00,7275,7275,7275,7275,0
2022-09-21 15:48:00,7275,7275,7275,7275,0
2022-09-21 15:49:00,7275,7275,7275,7275,0
2022-09-21 15:50:00,7275,7275,7275,7275,0
2022-09-21 15:51:00,7275,7275,7275,7275,0
2022-09-21 15:52:00,7275,7275,7275,7275,0
2022-09-21 15:53:00,7275,7275,7275,7275,0
2022-09-21 15:54:00,7275,7275,7275,7275,0
2022-09-21 15:55:00,7275,7275,7275,7275,0
2022-09-21 15:56:00,7275,7275,7275,7275,0
2022-09-21 15:57:00,7275,7275,7275,7275,0
2022-09-21 15:58:00,7275,7275,7275,7275,0
2022-09-21 15:59:00,7275,7275,7275,7275,0
2022-09-22 09:00:00,7250,7225,7275,7225,22400
2022-09-22 09:01:00,7225,7225,7250,7225,4600
2022-09-22 09:02:00,7225,7225,7225,7225,1000
2022-09-22 09:03:00,7250,7225,7250,7250,13800
2022-09-22 09:04:00,7250,7250,7250,7250,2300
2022-09-22 09:05:00,7250,7250,7250,7250,68300
2022-09-22 09:06:00,7250,7250,7250,7250,0
2022-09-22 09:07:00,7250,7250,7275,7250,68200
2022-09-22 09:08:00,7275,7275,7275,7275,8700
2022-09-22 09:09:00,7275,7275,7300,7275,0
2022-09-22 09:10:00,7275,7275,7275,7275,5000
2022-09-22 09:11:00,7275,7275,7275,7275,5600
2022-09-22 09:12:00,7275,7275,7275,7275,1600
2022-09-22 09:13:00,7275,7250,7275,7250,8300
2022-09-22 09:14:00,7250,7250,7250,7250,0
2022-09-22 09:15:00,7250,7250,7275,7275,1800
2022-09-22 09:16:00,7250,7250,7250,7250,100
2022-09-22 09:17:00,7250,7250,7250,7250,2400
2022-09-22 09:18:00,7250,7250,7250,7250,0
2022-09-22 09:19:00,7250,7250,7250,7250,0
2022-09-22 09:20:00,7250,7250,7250,7250,0
2022-09-22 09:21:00,7275,7275,7275,7275,30100
2022-09-22 09:22:00,7300,7275,7300,7275,11100
2022-09-22 09:23:00,7275,7275,7300,7300,0
2022-09-22 09:24:00,7300,7300,7300,7300,1400
2022-09-22 09:25:00,7300,7275,7300,7275,6500
2022-09-22 09:26:00,7275,7275,7300,7300,8800
2022-09-22 09:27:00,7300,7300,7300,7300,12500
2022-09-22 09:28:00,7300,7300,7300,7300,2600
2022-09-22 09:29:00,7300,7300,7300,7300,4200
2022-09-22 09:30:00,7325,7325,7325,7325,3800
2022-09-22 09:31:00,7300,7300,7300,7300,7100
2022-09-22 09:32:00,7300,7275,7300,7275,9300
2022-09-22 09:33:00,7275,7275,7275,7275,0
2022-09-22 09:34:00,7300,7300,7300,7300,5700
2022-09-22 09:35:00,7300,7300,7300,7300,8400
2022-09-22 09:36:00,7300,7300,7300,7300,0
2022-09-22 09:37:00,7300,7300,7300,7300,0
2022-09-22 09:38:00,7325,7300,7325,7300,0
2022-09-22 09:39:00,7300,7300,7325,7325,19000
2022-09-22 09:40:00,7325,7325,7325,7325,800
2022-09-22 09:41:00,7325,7325,7325,7325,0
2022-09-22 09:42:00,7325,7325,7325,7325,1000
2022-09-22 09:43:00,7325,7325,7325,7325,1500
2022-09-22 09:44:00,7325,7325,7325,7325,0
2022-09-22 09:45:00,7350,7350,7350,7350,0
2022-09-22 09:46:00,7350,7325,7350,7325,2100
2022-09-22 09:47:00,7350,7350,7350,7350,152300
2022-09-22 09:48:00,7350,7350,7350,7350,0
2022-09-22 09:49:00,7350,7325,7350,7325,11400
2022-09-22 09:50:00,7325,7325,7325,7325,5900
2022-09-22 09:51:00,7325,7325,7325,7325,0
2022-09-22 09:52:00,7325,7325,7325,7325,2100
2022-09-22 09:53:00,7350,7325,7350,7350,3100
2022-09-22 09:54:00,7350,7325,7350,7325,6200
2022-09-22 09:55:00,7325,7325,7325,7325,4900
2022-09-22 09:56:00,7325,7325,7350,7350,600
2022-09-22 09:57:00,7350,7325,7350,7325,2800
2022-09-22 09:58:00,7350,7325,7350,7325,0
2022-09-22 09:59:00,7325,7325,7325,7325,9900
2022-09-22 10:00:00,7325,7325,7325,7325,0
2022-09-22 10:01:00,7325,7325,7325,7325,0
2022-09-22 10:02:00,7325,7325,7325,7325,15500
2022-09-22 10:03:00,7325,7325,7350,7350,2000
2022-09-22 10:04:00,7350,7325,7350,7350,4000
2022-09-22 10:05:00,7325,7325,7325,7325,9700
2022-09-22 10:06:00,7350,7325,7350,7325,0
2022-09-22 10:07:00,7325,7325,7375,7350,127600
2022-09-22 10:08:00,7350,7350,7350,7350,31800
2022-09-22 10:09:00,7325,7325,7350,7350,1200
2022-09-22 10:10:00,7350,7350,7350,7350,2800
2022-09-22 10:11:00,7350,7350,7350,7350,0
2022-09-22 10:12:00,7350,7350,7350,7350,0
2022-09-22 10:13:00,7350,7350,7350,7350,12300
2022-09-22 10:14:00,7375,7375,7375,7375,0
2022-09-22 10:15:00,7350,7350,7350,7350,900
2022-09-22 10:16:00,7350,7350,7350,7350,1400
2022-09-22 10:17:00,7350,7350,7350,7350,0
2022-09-22 10:18:00,7375,7375,7375,7375,500
2022-09-22 10:19:00,7375,7350,7375,7375,1900
2022-09-22 10:20:00,7375,7375,7375,7375,800
2022-09-22 10:21:00,7375,7350,7375,7375,4000
2022-09-22 10:22:00,7375,7350,7375,7350,5600
2022-09-22 10:23:00,7350,7350,7350,7350,2400
2022-09-22 10:24:00,7350,7350,7375,7350,3800
2022-09-22 10:25:00,7350,7350,7350,7350,100
2022-09-22 10:26:00,7350,7350,7350,7350,24500
2022-09-22 10:27:00,7350,7350,7350,7350,0
2022-09-22 10:28:00,7350,7350,7350,7350,0
2022-09-22 10:29:00,7350,7350,7350,7350,0
2022-09-22 10:30:00,7350,7350,7350,7350,0
2022-09-22 10:31:00,7325,7325,7325,7325,4000
2022-09-22 10:32:00,7325,7325,7325,7325,0
2022-09-22 10:33:00,7325,7325,7325,7325,2400
2022-09-22 10:34:00,7325,7325,7325,7325,0
2022-09-22 10:35:00,7325,7325,7325,7325,0
2022-09-22 10:36:00,7325,7325,7325,7325,0
2022-09-22 10:37:00,7325,7325,7325,7325,1600
2022-09-22 10:38:00,7325,7325,7325,7325,0
2022-09-22 10:39:00,7325,7325,7325,7325,1100
2022-09-22 10:40:00,7325,7325,7325,7325,16200
2022-09-22 10:41:00,7325,7325,7325,7325,31600
2022-09-22 10:42:00,7325,7325,7325,7325,400
2022-09-22 10:43:00,7300,7275,7300,7300,25900
2022-09-22 10:44:00,7300,7300,7300,7300,900
2022-09-22 10:45:00,7275,7275,7275,7275,900
2022-09-22 10:46:00,7300,7275,7300,7275,6600
2022-09-22 10:47:00,7275,7275,7275,7275,0
2022-09-22 10:48:00,7275,7275,7300,7300,13300
2022-09-22 10:49:00,7275,7275,7300,7300,0
2022-09-22 10:50:00,7275,7275,7300,7300,0
2022-09-22 10:51:00,7300,7300,7300,7300,0
2022-09-22 10:52:00,7300,7300,7300,7300,0
2022-09-22 10:53:00,7325,7325,7325,7325,1600
2022-09-22 10:54:00,7325,7325,7325,7325,500
2022-09-22 10:55:00,7300,7300,7300,7300,7200
2022-09-22 10:56:00,7325,7325,7325,7325,14200
2022-09-22 10:57:00,7325,7325,7325,7325,200
2022-09-22 10:58:00,7325,7300,7325,7325,600
2022-09-22 10:59:00,7325,7325,7325,7325,1100
2022-09-22 11:00:00,7325,7300,7325,7325,1800
2022-09-22 11:01:00,7325,7325,7325,7325,400
2022-09-22 11:02:00,7325,7325,7325,7325,600
2022-09-22 11:03:00,7325,7325,7325,7325,600
2022-09-22 11:04:00,7325,7325,7325,7325,800
2022-09-22 11:05:00,7300,7300,7325,7325,1900
2022-09-22 11:06:00,7325,7325,7350,7350,4900
2022-09-22 11:07:00,7350,7350,7350,7350,0
2022-09-22 11:08:00,7350,7350,7350,7350,300
2022-09-22 11:09:00,7325,7325,7350,7350,600
2022-09-22 11:10:00,7350,7325,7350,7325,8200
2022-09-22 11:11:00,7350,7325,7350,7325,0
2022-09-22 11:12:00,7325,7325,7350,7325,8300
2022-09-22 11:13:00,7325,7325,7350,7325,0
2022-09-22 11:14:00,7325,7325,7350,7325,0
2022-09-22 11:15:00,7325,7325,7350,7350,500
2022-09-22 11:16:00,7325,7325,7350,7350,0
2022-09-22 11:17:00,7325,7325,7375,7375,17800
2022-09-22 11:18:00,7350,7350,7375,7375,1100
2022-09-22 11:19:00,7350,7350,7350,7350,700
2022-09-22 11:20:00,7350,7350,7350,7350,0
2022-09-22 11:21:00,7350,7350,7350,7350,100
2022-09-22 11:22:00,7350,7350,7350,7350,800
2022-09-22 11:23:00,7350,7350,7350,7350,1100
2022-09-22 11:24:00,7350,7350,7350,7350,500
2022-09-22 11:25:00,7350,7325,7375,7375,14500
2022-09-22 11:26:00,7375,7375,7375,7375,1000
2022-09-22 11:27:00,7375,7375,7375,7375,500
2022-09-22 11:28:00,7375,7375,7375,7375,600
2022-09-22 11:29:00,7375,7375,7375,7375,200
2022-09-22 11:30:00,7375,7375,7375,7375,0
2022-09-22 11:31:00,7375,7375,7375,7375,0
2022-09-22 11:32:00,7375,7375,7375,7375,0
2022-09-22 11:33:00,7375,7375,7375,7375,0
2022-09-22 11:34:00,7375,7375,7375,7375,0
2022-09-22 11:35:00,7375,7375,7375,7375,0
2022-09-22 11:36:00,7375,7375,7375,7375,0
2022-09-22 11:37:00,7375,7375,7375,7375,0
2022-09-22 11:38:00,7375,7375,7375,7375,0
2022-09-22 11:39:00,7375,7375,7375,7375,0
2022-09-22 11:40:00,7375,7375,7375,7375,0
2022-09-22 11:41:00,7375,7375,7375,7375,0
2022-09-22 11:42:00,7375,7375,7375,7375,0
2022-09-22 11:43:00,7375,7375,7375,7375,0
2022-09-22 11:44:00,7375,7375,7375,7375,0
2022-09-22 11:45:00,7375,7375,7375,7375,0
2022-09-22 11:46:00,7375,7375,7375,7375,0
2022-09-22 11:47:00,7375,7375,7375,7375,0
2022-09-22 11:48:00,7375,7375,7375,7375,0
2022-09-22 11:49:00,7375,7375,7375,7375,0
2022-09-22 11:50:00,7375,7375,7375,7375,0
2022-09-22 11:51:00,7375,7375,7375,7375,0
2022-09-22 11:52:00,7375,7375,7375,7375,0
2022-09-22 11:53:00,7375,7375,7375,7375,0
2022-09-22 11:54:00,7375,7375,7375,7375,0
2022-09-22 11:55:00,7375,7375,7375,7375,0
2022-09-22 11:56:00,7375,7375,7375,7375,0
2022-09-22 11:57:00,7375,7375,7375,7375,0
2022-09-22 11:58:00,7375,7375,7375,7375,0
2022-09-22 11:59:00,7375,7375,7375,7375,0
2022-09-22 12:00:00,7375,7375,7375,7375,0
2022-09-22 12:01:00,7375,7375,7375,7375,0
2022-09-22 12:02:00,7375,7375,7375,7375,0
2022-09-22 12:03:00,7375,7375,7375,7375,0
2022-09-22 12:04:00,7375,7375,7375,7375,0
2022-09-22 12:05:00,7375,7375,7375,7375,0
2022-09-22 12:06:00,7375,7375,7375,7375,0
2022-09-22 12:07:00,7375,7375,7375,7375,0
2022-09-22 12:08:00,7375,7375,7375,7375,0
2022-09-22 12:09:00,7375,7375,7375,7375,0
2022-09-22 12:10:00,7375,7375,7375,7375,0
2022-09-22 12:11:00,7375,7375,7375,7375,0
2022-09-22 12:12:00,7375,7375,7375,7375,0
2022-09-22 12:13:00,7375,7375,7375,7375,0
2022-09-22 12:14:00,7375,7375,7375,7375,0
2022-09-22 12:15:00,7375,7375,7375,7375,0
2022-09-22 12:16:00,7375,7375,7375,7375,0
2022-09-22 12:17:00,7375,7375,7375,7375,0
2022-09-22 12:18:00,7375,7375,7375,7375,0
2022-09-22 12:19:00,7375,7375,7375,7375,0
2022-09-22 12:20:00,7375,7375,7375,7375,0
2022-09-22 12:21:00,7375,7375,7375,7375,0
2022-09-22 12:22:00,7375,7375,7375,7375,0
2022-09-22 12:23:00,7375,7375,7375,7375,0
2022-09-22 12:24:00,7375,7375,7375,7375,0
2022-09-22 12:25:00,7375,7375,7375,7375,0
2022-09-22 12:26:00,7375,7375,7375,7375,0
2022-09-22 12:27:00,7375,7375,7375,7375,0
2022-09-22 12:28:00,7375,7375,7375,7375,0
2022-09-22 12:29:00,7375,7375,7375,7375,0
2022-09-22 12:30:00,7375,7375,7375,7375,0
2022-09-22 12:31:00,7375,7375,7375,7375,0
2022-09-22 12:32:00,7375,7375,7375,7375,0
2022-09-22 12:33:00,7375,7375,7375,7375,0
2022-09-22 12:34:00,7375,7375,7375,7375,0
2022-09-22 12:35:00,7375,7375,7375,7375,0
2022-09-22 12:36:00,7375,7375,7375,7375,0
2022-09-22 12:37:00,7375,7375,7375,7375,0
2022-09-22 12:38:00,7375,7375,7375,7375,0
2022-09-22 12:39:00,7375,7375,7375,7375,0
2022-09-22 12:40:00,7375,7375,7375,7375,0
2022-09-22 12:41:00,7375,7375,7375,7375,0
2022-09-22 12:42:00,7375,7375,7375,7375,0
2022-09-22 12:43:00,7375,7375,7375,7375,0
2022-09-22 12:44:00,7375,7375,7375,7375,0
2022-09-22 12:45:00,7375,7375,7375,7375,0
2022-09-22 12:46:00,7375,7375,7375,7375,0
2022-09-22 12:47:00,7375,7375,7375,7375,0
2022-09-22 12:48:00,7375,7375,7375,7375,0
2022-09-22 12:49:00,7375,7375,7375,7375,0
2022-09-22 12:50:00,7375,7375,7375,7375,0
2022-09-22 12:51:00,7375,7375,7375,7375,0
2022-09-22 12:52:00,7375,7375,7375,7375,0
2022-09-22 12:53:00,7375,7375,7375,7375,0
2022-09-22 12:54:00,7375,7375,7375,7375,0
2022-09-22 12:55:00,7375,7375,7375,7375,0
2022-09-22 12:56:00,7375,7375,7375,7375,0
2022-09-22 12:57:00,7375,7375,7375,7375,0
2022-09-22 12:58:00,7375,7375,7375,7375,0
2022-09-22 12:59:00,7375,7375,7375,7375,0
2022-09-22 13:00:00,7375,7375,7375,7375,0
2022-09-22 13:01:00,7375,7375,7375,7375,0
2022-09-22 13:02:00,7375,7375,7375,7375,0
2022-09-22 13:03:00,7375,7375,7375,7375,0
2022-09-22 13:04:00,7375,7375,7375,7375,0
2022-09-22 13:05:00,7375,7375,7375,7375,0
2022-09-22 13:06:00,7375,7375,7375,7375,0
2022-09-22 13:07:00,7375,7375,7375,7375,0
2022-09-22 13:08:00,7375,7375,7375,7375,0
2022-09-22 13:09:00,7375,7375,7375,7375,0
2022-09-22 13:10:00,7375,7375,7375,7375,0
2022-09-22 13:11:00,7375,7375,7375,7375,0
2022-09-22 13:12:00,7375,7375,7375,7375,0
2022-09-22 13:13:00,7375,7375,7375,7375,0
2022-09-22 13:14:00,7375,7375,7375,7375,0
2022-09-22 13:15:00,7375,7375,7375,7375,0
2022-09-22 13:16:00,7375,7375,7375,7375,0
2022-09-22 13:17:00,7375,7375,7375,7375,0
2022-09-22 13:18:00,7375,7375,7375,7375,0
2022-09-22 13:19:00,7375,7375,7375,7375,0
2022-09-22 13:20:00,7375,7375,7375,7375,0
2022-09-22 13:21:00,7375,7375,7375,7375,0
2022-09-22 13:22:00,7375,7375,7375,7375,0
2022-09-22 13:23:00,7375,7375,7375,7375,0
2022-09-22 13:24:00,7375,7375,7375,7375,0
2022-09-22 13:25:00,7375,7375,7375,7375,0
2022-09-22 13:26:00,7375,7375,7375,7375,0
2022-09-22 13:27:00,7375,7375,7375,7375,0
2022-09-22 13:28:00,7375,7375,7375,7375,0
2022-09-22 13:29:00,7375,7375,7375,7375,0
2022-09-22 13:30:00,7350,7350,7375,7350,12700
2022-09-22 13:31:00,7350,7350,7375,7350,0
2022-09-22 13:32:00,7350,7350,7350,7350,400
2022-09-22 13:33:00,7350,7350,7350,7350,2400
2022-09-22 13:34:00,7350,7350,7375,7350,4400
2022-09-22 13:35:00,7375,7375,7375,7375,1800
2022-09-22 13:36:00,7350,7350,7375,7375,8400
2022-09-22 13:37:00,7375,7350,7375,7350,26000
2022-09-22 13:38:00,7375,7350,7375,7350,1500
2022-09-22 13:39:00,7350,7350,7375,7375,4500
2022-09-22 13:40:00,7350,7350,7375,7375,0
2022-09-22 13:41:00,7375,7350,7375,7375,5200
2022-09-22 13:42:00,7375,7350,7375,7375,0
2022-09-22 13:43:00,7375,7350,7375,7350,300
2022-09-22 13:44:00,7375,7350,7400,7400,66700
2022-09-22 13:45:00,7375,7375,7375,7375,0
2022-09-22 13:46:00,7375,7375,7375,7375,0
2022-09-22 13:47:00,7400,7400,7400,7400,74800
2022-09-22 13:48:00,7425,7425,7425,7425,3800
2022-09-22 13:49:00,7400,7400,7400,7400,600
2022-09-22 13:50:00,7425,7425,7425,7425,2000
2022-09-22 13:51:00,7425,7425,7425,7425,200
2022-09-22 13:52:00,7425,7425,7450,7425,139900
2022-09-22 13:53:00,7425,7425,7425,7425,27400
2022-09-22 13:54:00,7425,7425,7425,7425,0
2022-09-22 13:55:00,7425,7425,7425,7425,5800
2022-09-22 13:56:00,7425,7425,7425,7425,100
2022-09-22 13:57:00,7425,7425,7425,7425,5200
2022-09-22 13:58:00,7400,7400,7400,7400,0
2022-09-22 13:59:00,7425,7425,7425,7425,17300
2022-09-22 14:00:00,7425,7425,7425,7425,0
2022-09-22 14:01:00,7425,7425,7425,7425,13500
2022-09-22 14:02:00,7425,7425,7425,7425,10700
2022-09-22 14:03:00,7400,7400,7400,7400,9500
2022-09-22 14:04:00,7425,7425,7450,7425,49800
2022-09-22 14:05:00,7425,7425,7450,7425,0
2022-09-22 14:06:00,7400,7400,7400,7400,13000
2022-09-22 14:07:00,7400,7400,7400,7400,0
2022-09-22 14:08:00,7400,7400,7400,7400,0
2022-09-22 14:09:00,7400,7400,7425,7400,2100
2022-09-22 14:10:00,7400,7400,7400,7400,1500
2022-09-22 14:11:00,7400,7400,7425,7400,57400
2022-09-22 14:12:00,7400,7400,7425,7400,0
2022-09-22 14:13:00,7400,7375,7400,7375,19100
2022-09-22 14:14:00,7375,7350,7375,7350,4200
2022-09-22 14:15:00,7375,7350,7375,7375,5300
2022-09-22 14:16:00,7375,7375,7375,7375,7200
2022-09-22 14:17:00,7375,7375,7375,7375,0
2022-09-22 14:18:00,7375,7375,7375,7375,3100
2022-09-22 14:19:00,7375,7375,7375,7375,5400
2022-09-22 14:20:00,7375,7375,7375,7375,0
2022-09-22 14:21:00,7400,7400,7400,7400,30200
2022-09-22 14:22:00,7375,7375,7375,7375,0
2022-09-22 14:23:00,7375,7375,7375,7375,900
2022-09-22 14:24:00,7375,7375,7400,7375,12400
2022-09-22 14:25:00,7375,7375,7375,7375,3300
2022-09-22 14:26:00,7375,7375,7375,7375,0
2022-09-22 14:27:00,7400,7400,7400,7400,2100
2022-09-22 14:28:00,7375,7350,7400,7375,16300
2022-09-22 14:29:00,7375,7350,7400,7375,0
2022-09-22 14:30:00,7350,7350,7350,7350,0
2022-09-22 14:31:00,7350,7325,7375,7350,40400
2022-09-22 14:32:00,7350,7350,7350,7350,5100
2022-09-22 14:33:00,7350,7350,7350,7350,20100
2022-09-22 14:34:00,7350,7325,7375,7375,26100
2022-09-22 14:35:00,7350,7350,7350,7350,0
2022-09-22 14:36:00,7350,7350,7375,7375,1300
2022-09-22 14:37:00,7325,7325,7325,7325,3600
2022-09-22 14:38:00,7325,7325,7325,7325,0
2022-09-22 14:39:00,7350,7325,7350,7325,3600
2022-09-22 14:40:00,7325,7325,7350,7350,2800
2022-09-22 14:41:00,7325,7325,7325,7325,200
2022-09-22 14:42:00,7350,7350,7350,7350,21600
2022-09-22 14:43:00,7350,7350,7375,7375,11100
2022-09-22 14:44:00,7350,7350,7375,7375,0
2022-09-22 14:45:00,7350,7350,7375,7375,15800
2022-09-22 14:46:00,7375,7375,7375,7375,14500
2022-09-22 14:47:00,7350,7350,7350,7350,3600
2022-09-22 14:48:00,7350,7325,7375,7375,14300
2022-09-22 14:49:00,7325,7325,7375,7375,4400
2022-09-22 14:50:00,7325,7325,7375,7375,0
2022-09-22 14:51:00,7325,7325,7375,7375,0
2022-09-22 14:52:00,7325,7325,7375,7375,0
2022-09-22 14:53:00,7325,7325,7375,7375,0
2022-09-22 14:54:00,7325,7325,7375,7375,0
2022-09-22 14:55:00,7325,7325,7375,7375,0
2022-09-22 14:56:00,7325,7325,7375,7375,0
2022-09-22 14:57:00,7325,7325,7375,7375,0
2022-09-22 14:58:00,7325,7325,7375,7375,0
2022-09-22 14:59:00,7325,7325,7375,7375,0
2022-09-22 15:00:00,7325,7325,7325,7325,131800
2022-09-22 15:01:00,7325,7325,7325,7325,8100
2022-09-22 15:02:00,7325,7325,7325,7325,75100
2022-09-22 15:03:00,7325,7325,7325,7325,0
2022-09-22 15:04:00,7325,7325,7325,7325,0
2022-09-22 15:05:00,7325,7325,7325,7325,0
2022-09-22 15:06:00,7325,7325,7325,7325,0
2022-09-22 15:07:00,7325,7325,7325,7325,2500
2022-09-22 15:08:00,7325,7325,7325,7325,0
2022-09-22 15:09:00,7325,7325,7325,7325,0
2022-09-22 15:10:00,7325,7325,7325,7325,0
2022-09-22 15:11:00,7325,7325,7325,7325,0
2022-09-22 15:12:00,7325,7325,7325,7325,100
2022-09-22 15:13:00,7325,7325,7325,7325,0
2022-09-22 15:14:00,7325,7325,7325,7325,0
2022-09-22 15:15:00,7325,7325,7325,7325,0
2022-09-22 15:16:00,7325,7325,7325,7325,0
2022-09-22 15:17:00,7325,7325,7325,7325,0
2022-09-22 15:18:00,7325,7325,7325,7325,0
2022-09-22 15:19:00,7325,7325,7325,7325,0
2022-09-22 15:20:00,7325,7325,7325,7325,0
2022-09-22 15:21:00,7325,7325,7325,7325,0
2022-09-22 15:22:00,7325,7325,7325,7325,0
2022-09-22 15:23:00,7325,7325,7325,7325,0
2022-09-22 15:24:00,7325,7325,7325,7325,0
2022-09-22 15:25:00,7325,7325,7325,7325,0
2022-09-22 15:26:00,7325,7325,7325,7325,0
2022-09-22 15:27:00,7325,7325,7325,7325,0
2022-09-22 15:28:00,7325,7325,7325,7325,0
2022-09-22 15:29:00,7325,7325,7325,7325,0
2022-09-22 15:30:00,7325,7325,7325,7325,0
2022-09-22 15:31:00,7325,7325,7325,7325,0
2022-09-22 15:32:00,7325,7325,7325,7325,0
2022-09-22 15:33:00,7325,7325,7325,7325,0
2022-09-22 15:34:00,7325,7325,7325,7325,0
2022-09-22 15:35:00,7325,7325,7325,7325,0
2022-09-22 15:36:00,7325,7325,7325,7325,0
2022-09-22 15:37:00,7325,7325,7325,7325,0
2022-09-22 15:38:00,7325,7325,7325,7325,0
2022-09-22 15:39:00,7325,7325,7325,7325,0
2022-09-22 15:40:00,7325,7325,7325,7325,0
2022-09-22 15:41:00,7325,7325,7325,7325,0
2022-09-22 15:42:00,7325,7325,7325,7325,0
2022-09-22 15:43:00,7325,7325,7325,7325,0
2022-09-22 15:44:00,7325,7325,7325,7325,0
2022-09-22 15:45:00,7325,7325,7325,7325,0
2022-09-22 15:46:00,7325,7325,7325,7325,0
2022-09-22 15:47:00,7325,7325,7325,7325,0
2022-09-22 15:48:00,7325,7325,7325,7325,0
2022-09-22 15:49:00,7325,7325,7325,7325,0
2022-09-22 15:50:00,7325,7325,7325,7325,0
2022-09-22 15:51:00,7325,7325,7325,7325,0
2022-09-22 15:52:00,7325,7325,7325,7325,0
2022-09-22 15:53:00,7325,7325,7325,7325,0
2022-09-22 15:54:00,7325,7325,7325,7325,0
2022-09-22 15:55:00,7325,7325,7325,7325,0
2022-09-22 15:56:00,7325,7325,7325,7325,0
2022-09-22 15:57:00,7325,7325,7325,7325,0
2022-09-22 15:58:00,7325,7325,7325,7325,0
2022-09-22 15:59:00,7325,7325,7325,7325,0
2022-09-23 09:00:00,7325,7325,7325,7325,0
2022-09-23 09:01:00,7450,7400,7450,7400,35300
2022-09-23 09:02:00,7400,7400,7425,7425,26000
2022-09-23 09:03:00,7425,7400,7425,7400,9200
2022-09-23 09:04:00,7400,7400,7425,7425,13200
2022-09-23 09:05:00,7425,7400,7425,7400,500
2022-09-23 09:06:00,7400,7400,7425,7425,96300
2022-09-23 09:07:00,7425,7400,7425,7400,26500
2022-09-23 09:08:00,7400,7400,7425,7425,0
2022-09-23 09:09:00,7425,7425,7425,7425,100
2022-09-23 09:10:00,7425,7425,7450,7425,167100
2022-09-23 09:11:00,7425,7425,7450,7450,0
2022-09-23 09:12:00,7425,7400,7425,7425,42300
2022-09-23 09:13:00,7400,7400,7425,7400,19600
2022-09-23 09:14:00,7400,7400,7425,7400,0
2022-09-23 09:15:00,7400,7400,7400,7400,1900
2022-09-23 09:16:00,7400,7400,7400,7400,1000
2022-09-23 09:17:00,7400,7400,7400,7400,0
2022-09-23 09:18:00,7400,7400,7400,7400,88300
2022-09-23 09:19:00,7400,7400,7400,7400,0
2022-09-23 09:20:00,7400,7400,7400,7400,0
2022-09-23 09:21:00,7400,7400,7400,7400,1200
2022-09-23 09:22:00,7400,7400,7400,7400,3000
2022-09-23 09:23:00,7400,7375,7400,7375,16500
2022-09-23 09:24:00,7400,7400,7425,7425,188900
2022-09-23 09:25:00,7425,7425,7425,7425,0
2022-09-23 09:26:00,7425,7400,7425,7400,0
2022-09-23 09:27:00,7425,7425,7425,7425,5000
2022-09-23 09:28:00,7425,7425,7425,7425,0
2022-09-23 09:29:00,7425,7425,7425,7425,0
2022-09-23 09:30:00,7425,7425,7425,7425,0
2022-09-23 09:31:00,7400,7400,7425,7425,3500
2022-09-23 09:32:00,7400,7400,7425,7425,0
2022-09-23 09:33:00,7400,7400,7425,7425,0
2022-09-23 09:34:00,7425,7425,7425,7425,2400
2022-09-23 09:35:00,7425,7425,7425,7425,0
2022-09-23 09:36:00,7425,7400,7425,7400,15600
2022-09-23 09:37:00,7425,7400,7425,7400,0
2022-09-23 09:38:00,7400,7400,7400,7400,0
2022-09-23 09:39:00,7425,7425,7425,7425,10100
2022-09-23 09:40:00,7425,7425,7425,7425,0
2022-09-23 09:41:00,7425,7425,7425,7425,0
2022-09-23 09:42:00,7400,7400,7400,7400,19700
2022-09-23 09:43:00,7400,7400,7425,7425,0
2022-09-23 09:44:00,7400,7400,7400,7400,0
2022-09-23 09:45:00,7400,7400,7425,7425,17000
2022-09-23 09:46:00,7425,7425,7425,7425,5900
2022-09-23 09:47:00,7425,7400,7425,7400,2100
2022-09-23 09:48:00,7400,7400,7400,7400,100
2022-09-23 09:49:00,7400,7400,7425,7425,18000
2022-09-23 09:50:00,7425,7425,7425,7425,3100
2022-09-23 09:51:00,7425,7425,7425,7425,0
2022-09-23 09:52:00,7425,7425,7425,7425,0
2022-09-23 09:53:00,7425,7425,7425,7425,0
2022-09-23 09:54:00,7425,7425,7425,7425,0
2022-09-23 09:55:00,7425,7425,7425,7425,12500
2022-09-23 09:56:00,7425,7425,7425,7425,0
2022-09-23 09:57:00,7425,7425,7425,7425,0
2022-09-23 09:58:00,7425,7425,7475,7475,99300
2022-09-23 09:59:00,7450,7450,7450,7450,3300
2022-09-23 10:00:00,7450,7450,7450,7450,0
2022-09-23 10:01:00,7450,7450,7450,7450,200
2022-09-23 10:02:00,7450,7450,7475,7475,50800
2022-09-23 10:03:00,7450,7450,7475,7475,0
2022-09-23 10:04:00,7450,7450,7475,7475,0
2022-09-23 10:05:00,7475,7475,7475,7475,0
2022-09-23 10:06:00,7475,7475,7475,7475,8000
2022-09-23 10:07:00,7475,7475,7525,7500,109000
2022-09-23 10:08:00,7525,7500,7525,7500,6000
2022-09-23 10:09:00,7500,7475,7500,7500,60000
2022-09-23 10:10:00,7500,7475,7500,7475,94600
2022-09-23 10:11:00,7475,7450,7475,7450,44000
2022-09-23 10:12:00,7450,7450,7475,7475,100
2022-09-23 10:13:00,7475,7450,7500,7450,4700
2022-09-23 10:14:00,7475,7475,7500,7500,8300
2022-09-23 10:15:00,7500,7500,7500,7500,1200
2022-09-23 10:16:00,7500,7500,7500,7500,500
2022-09-23 10:17:00,7500,7500,7500,7500,0
2022-09-23 10:18:00,7500,7500,7525,7525,30300
2022-09-23 10:19:00,7500,7500,7525,7525,0
2022-09-23 10:20:00,7525,7525,7525,7525,5900
2022-09-23 10:21:00,7525,7500,7525,7500,5000
2022-09-23 10:22:00,7500,7500,7500,7500,4300
2022-09-23 10:23:00,7500,7500,7500,7500,4000
2022-09-23 10:24:00,7500,7500,7500,7500,0
2022-09-23 10:25:00,7525,7525,7525,7525,5900
2022-09-23 10:26:00,7525,7500,7550,7500,56800
2022-09-23 10:27:00,7500,7500,7500,7500,17900
2022-09-23 10:28:00,7525,7500,7525,7500,0
2022-09-23 10:29:00,7525,7525,7550,7550,8700
2022-09-23 10:30:00,7500,7500,7525,7500,28900
2022-09-23 10:31:00,7525,7525,7525,7525,2000
2022-09-23 10:32:00,7550,7525,7550,7525,17600
2022-09-23 10:33:00,7525,7525,7550,7550,59000
2022-09-23 10:34:00,7550,7550,7550,7550,0
2022-09-23 10:35:00,7550,7550,7550,7550,800
2022-09-23 10:36:00,7525,7525,7525,7525,1200
2022-09-23 10:37:00,7525,7525,7525,7525,62100
2022-09-23 10:38:00,7525,7525,7525,7525,31600
2022-09-23 10:39:00,7525,7500,7525,7500,10000
2022-09-23 10:40:00,7500,7500,7500,7500,9200
2022-09-23 10:41:00,7500,7500,7500,7500,27500
2022-09-23 10:42:00,7475,7475,7475,7475,800
2022-09-23 10:43:00,7475,7475,7475,7475,39000
2022-09-23 10:44:00,7475,7475,7475,7475,0
2022-09-23 10:45:00,7475,7475,7475,7475,1200
2022-09-23 10:46:00,7500,7500,7500,7500,2200
2022-09-23 10:47:00,7500,7500,7500,7500,0
2022-09-23 10:48:00,7500,7500,7500,7500,0
2022-09-23 10:49:00,7500,7500,7500,7500,0
2022-09-23 10:50:00,7475,7475,7475,7475,5500
2022-09-23 10:51:00,7475,7475,7475,7475,11200
2022-09-23 10:52:00,7475,7475,7475,7475,0
2022-09-23 10:53:00,7475,7475,7475,7475,1200
2022-09-23 10:54:00,7450,7450,7450,7450,1700
2022-09-23 10:55:00,7475,7450,7475,7450,1300
2022-09-23 10:56:00,7475,7475,7475,7475,6300
2022-09-23 10:57:00,7450,7450,7475,7475,800
2022-09-23 10:58:00,7475,7475,7475,7475,600
2022-09-23 10:59:00,7475,7475,7475,7475,600
2022-09-23 11:00:00,7450,7450,7475,7475,6100
2022-09-23 11:01:00,7475,7450,7475,7450,100
2022-09-23 11:02:00,7475,7450,7475,7475,1400
2022-09-23 11:03:00,7475,7475,7475,7475,0
2022-09-23 11:04:00,7450,7450,7450,7450,100
2022-09-23 11:05:00,7450,7450,7475,7475,10200
2022-09-23 11:06:00,7475,7475,7475,7475,400
2022-09-23 11:07:00,7450,7450,7475,7450,70200
2022-09-23 11:08:00,7475,7450,7475,7450,15900
2022-09-23 11:09:00,7450,7450,7450,7450,17200
2022-09-23 11:10:00,7450,7450,7450,7450,2100
2022-09-23 11:11:00,7450,7450,7475,7475,700
2022-09-23 11:12:00,7450,7450,7450,7450,1200
2022-09-23 11:13:00,7475,7450,7475,7450,17900
2022-09-23 11:14:00,7450,7450,7475,7475,2400
2022-09-23 11:15:00,7450,7450,7450,7450,600
2022-09-23 11:16:00,7475,7475,7475,7475,1700
2022-09-23 11:17:00,7450,7450,7450,7450,100
2022-09-23 11:18:00,7450,7450,7450,7450,0
2022-09-23 11:19:00,7450,7450,7475,7450,7300
2022-09-23 11:20:00,7450,7450,7475,7450,0
2022-09-23 11:21:00,7425,7425,7425,7425,600
2022-09-23 11:22:00,7450,7450,7475,7475,2500
2022-09-23 11:23:00,7475,7450,7475,7475,1900
2022-09-23 11:24:00,7475,7475,7475,7475,4200
2022-09-23 11:25:00,7475,7475,7475,7475,5700
2022-09-23 11:26:00,7475,7475,7475,7475,16300
2022-09-23 11:27:00,7475,7475,7500,7500,14700
2022-09-23 11:28:00,7500,7500,7500,7500,4400
2022-09-23 11:29:00,7500,7500,7500,7500,0
2022-09-23 11:30:00,7500,7500,7500,7500,0
2022-09-23 11:31:00,7500,7500,7500,7500,0
2022-09-23 11:32:00,7500,7500,7500,7500,0
2022-09-23 11:33:00,7500,7500,7500,7500,0
2022-09-23 11:34:00,7500,7500,7500,7500,0
2022-09-23 11:35:00,7500,7500,7500,7500,0
2022-09-23 11:36:00,7500,7500,7500,7500,0
2022-09-23 11:37:00,7500,7500,7500,7500,0
2022-09-23 11:38:00,7500,7500,7500,7500,0
2022-09-23 11:39:00,7500,7500,7500,7500,0
2022-09-23 11:40:00,7500,7500,7500,7500,0
2022-09-23 11:41:00,7500,7500,7500,7500,0
2022-09-23 11:42:00,7500,7500,7500,7500,0
2022-09-23 11:43:00,7500,7500,7500,7500,0
2022-09-23 11:44:00,7500,7500,7500,7500,0
2022-09-23 11:45:00,7500,7500,7500,7500,0
2022-09-23 11:46:00,7500,7500,7500,7500,0
2022-09-23 11:47:00,7500,7500,7500,7500,0
2022-09-23 11:48:00,7500,7500,7500,7500,0
2022-09-23 11:49:00,7500,7500,7500,7500,0
2022-09-23 11:50:00,7500,7500,7500,7500,0
2022-09-23 11:51:00,7500,7500,7500,7500,0
2022-09-23 11:52:00,7500,7500,7500,7500,0
2022-09-23 11:53:00,7500,7500,7500,7500,0
2022-09-23 11:54:00,7500,7500,7500,7500,0
2022-09-23 11:55:00,7500,7500,7500,7500,0
2022-09-23 11:56:00,7500,7500,7500,7500,0
2022-09-23 11:57:00,7500,7500,7500,7500,0
2022-09-23 11:58:00,7500,7500,7500,7500,0
2022-09-23 11:59:00,7500,7500,7500,7500,0
2022-09-23 12:00:00,7500,7500,7500,7500,0
2022-09-23 12:01:00,7500,7500,7500,7500,0
2022-09-23 12:02:00,7500,7500,7500,7500,0
2022-09-23 12:03:00,7500,7500,7500,7500,0
2022-09-23 12:04:00,7500,7500,7500,7500,0
2022-09-23 12:05:00,7500,7500,7500,7500,0
2022-09-23 12:06:00,7500,7500,7500,7500,0
2022-09-23 12:07:00,7500,7500,7500,7500,0
2022-09-23 12:08:00,7500,7500,7500,7500,0
2022-09-23 12:09:00,7500,7500,7500,7500,0
2022-09-23 12:10:00,7500,7500,7500,7500,0
2022-09-23 12:11:00,7500,7500,7500,7500,0
2022-09-23 12:12:00,7500,7500,7500,7500,0
2022-09-23 12:13:00,7500,7500,7500,7500,0
2022-09-23 12:14:00,7500,7500,7500,7500,0
2022-09-23 12:15:00,7500,7500,7500,7500,0
2022-09-23 12:16:00,7500,7500,7500,7500,0
2022-09-23 12:17:00,7500,7500,7500,7500,0
2022-09-23 12:18:00,7500,7500,7500,7500,0
2022-09-23 12:19:00,7500,7500,7500,7500,0
2022-09-23 12:20:00,7500,7500,7500,7500,0
2022-09-23 12:21:00,7500,7500,7500,7500,0
2022-09-23 12:22:00,7500,7500,7500,7500,0
2022-09-23 12:23:00,7500,7500,7500,7500,0
2022-09-23 12:24:00,7500,7500,7500,7500,0
2022-09-23 12:25:00,7500,7500,7500,7500,0
2022-09-23 12:26:00,7500,7500,7500,7500,0
2022-09-23 12:27:00,7500,7500,7500,7500,0
2022-09-23 12:28:00,7500,7500,7500,7500,0
2022-09-23 12:29:00,7500,7500,7500,7500,0
2022-09-23 12:30:00,7500,7500,7500,7500,0
2022-09-23 12:31:00,7500,7500,7500,7500,0
2022-09-23 12:32:00,7500,7500,7500,7500,0
2022-09-23 12:33:00,7500,7500,7500,7500,0
2022-09-23 12:34:00,7500,7500,7500,7500,0
2022-09-23 12:35:00,7500,7500,7500,7500,0
2022-09-23 12:36:00,7500,7500,7500,7500,0
2022-09-23 12:37:00,7500,7500,7500,7500,0
2022-09-23 12:38:00,7500,7500,7500,7500,0
2022-09-23 12:39:00,7500,7500,7500,7500,0
2022-09-23 12:40:00,7500,7500,7500,7500,0
2022-09-23 12:41:00,7500,7500,7500,7500,0
2022-09-23 12:42:00,7500,7500,7500,7500,0
2022-09-23 12:43:00,7500,7500,7500,7500,0
2022-09-23 12:44:00,7500,7500,7500,7500,0
2022-09-23 12:45:00,7500,7500,7500,7500,0
2022-09-23 12:46:00,7500,7500,7500,7500,0
2022-09-23 12:47:00,7500,7500,7500,7500,0
2022-09-23 12:48:00,7500,7500,7500,7500,0
2022-09-23 12:49:00,7500,7500,7500,7500,0
2022-09-23 12:50:00,7500,7500,7500,7500,0
2022-09-23 12:51:00,7500,7500,7500,7500,0
2022-09-23 12:52:00,7500,7500,7500,7500,0
2022-09-23 12:53:00,7500,7500,7500,7500,0
2022-09-23 12:54:00,7500,7500,7500,7500,0
2022-09-23 12:55:00,7500,7500,7500,7500,0
2022-09-23 12:56:00,7500,7500,7500,7500,0
2022-09-23 12:57:00,7500,7500,7500,7500,0
2022-09-23 12:58:00,7500,7500,7500,7500,0
2022-09-23 12:59:00,7500,7500,7500,7500,0
2022-09-23 13:00:00,7500,7500,7500,7500,0
2022-09-23 13:01:00,7500,7500,7500,7500,0
2022-09-23 13:02:00,7500,7500,7500,7500,0
2022-09-23 13:03:00,7500,7500,7500,7500,0
2022-09-23 13:04:00,7500,7500,7500,7500,0
2022-09-23 13:05:00,7500,7500,7500,7500,0
2022-09-23 13:06:00,7500,7500,7500,7500,0
2022-09-23 13:07:00,7500,7500,7500,7500,0
2022-09-23 13:08:00,7500,7500,7500,7500,0
2022-09-23 13:09:00,7500,7500,7500,7500,0
2022-09-23 13:10:00,7500,7500,7500,7500,0
2022-09-23 13:11:00,7500,7500,7500,7500,0
2022-09-23 13:12:00,7500,7500,7500,7500,0
2022-09-23 13:13:00,7500,7500,7500,7500,0
2022-09-23 13:14:00,7500,7500,7500,7500,0
2022-09-23 13:15:00,7500,7500,7500,7500,0
2022-09-23 13:16:00,7500,7500,7500,7500,0
2022-09-23 13:17:00,7500,7500,7500,7500,0
2022-09-23 13:18:00,7500,7500,7500,7500,0
2022-09-23 13:19:00,7500,7500,7500,7500,0
2022-09-23 13:20:00,7500,7500,7500,7500,0
2022-09-23 13:21:00,7500,7500,7500,7500,0
2022-09-23 13:22:00,7500,7500,7500,7500,0
2022-09-23 13:23:00,7500,7500,7500,7500,0
2022-09-23 13:24:00,7500,7500,7500,7500,0
2022-09-23 13:25:00,7500,7500,7500,7500,0
2022-09-23 13:26:00,7500,7500,7500,7500,0
2022-09-23 13:27:00,7500,7500,7500,7500,0
2022-09-23 13:28:00,7500,7500,7500,7500,0
2022-09-23 13:29:00,7500,7500,7500,7500,0
2022-09-23 13:30:00,7500,7450,7500,7450,1880200
2022-09-23 13:31:00,7500,7450,7500,7450,0
2022-09-23 13:32:00,7475,7475,7475,7475,13500
2022-09-23 13:33:00,7475,7475,7500,7500,13000
2022-09-23 13:34:00,7475,7475,7475,7475,0
2022-09-23 13:35:00,7500,7500,7500,7500,2000
2022-09-23 13:36:00,7500,7500,7500,7500,107800
2022-09-23 13:37:00,7500,7475,7500,7475,41600
2022-09-23 13:38:00,7500,7500,7500,7500,0
2022-09-23 13:39:00,7500,7475,7500,7500,7300
2022-09-23 13:40:00,7500,7500,7500,7500,5000
2022-09-23 13:41:00,7500,7500,7500,7500,900
2022-09-23 13:42:00,7500,7500,7500,7500,100
2022-09-23 13:43:00,7500,7500,7500,7500,400
2022-09-23 13:44:00,7500,7500,7500,7500,600
2022-09-23 13:45:00,7500,7500,7500,7500,700
2022-09-23 13:46:00,7500,7500,7500,7500,0
2022-09-23 13:47:00,7500,7475,7500,7500,40800
2022-09-23 13:48:00,7500,7500,7500,7500,12900
2022-09-23 13:49:00,7500,7500,7500,7500,0
2022-09-23 13:50:00,7500,7500,7500,7500,26700
2022-09-23 13:51:00,7500,7500,7500,7500,400
2022-09-23 13:52:00,7500,7500,7500,7500,3500
2022-09-23 13:53:00,7500,7500,7500,7500,2900
2022-09-23 13:54:00,7500,7500,7500,7500,14000
2022-09-23 13:55:00,7500,7500,7500,7500,0
2022-09-23 13:56:00,7500,7500,7500,7500,1300
2022-09-23 13:57:00,7500,7500,7500,7500,500
2022-09-23 13:58:00,7500,7500,7500,7500,0
2022-09-23 13:59:00,7475,7475,7475,7475,0
2022-09-23 14:00:00,7475,7475,7475,7475,40000
2022-09-23 14:01:00,7475,7475,7475,7475,5100
2022-09-23 14:02:00,7450,7450,7475,7450,9800
2022-09-23 14:03:00,7475,7475,7475,7475,500
2022-09-23 14:04:00,7475,7475,7475,7475,4800
2022-09-23 14:05:00,7475,7475,7500,7500,14300
2022-09-23 14:06:00,7500,7475,7500,7500,15800
2022-09-23 14:07:00,7500,7475,7500,7500,0
2022-09-23 14:08:00,7500,7500,7500,7500,2900
2022-09-23 14:09:00,7500,7500,7500,7500,0
2022-09-23 14:10:00,7500,7500,7500,7500,1900
2022-09-23 14:11:00,7500,7500,7500,7500,1200
2022-09-23 14:12:00,7500,7500,7500,7500,3600
2022-09-23 14:13:00,7500,7500,7525,7500,26500
2022-09-23 14:14:00,7500,7500,7500,7500,10000
2022-09-23 14:15:00,7500,7500,7500,7500,800
2022-09-23 14:16:00,7500,7500,7525,7500,7800
2022-09-23 14:17:00,7500,7500,7500,7500,500
2022-09-23 14:18:00,7500,7500,7500,7500,4200
2022-09-23 14:19:00,7500,7500,7500,7500,14700
2022-09-23 14:20:00,7500,7500,7500,7500,24300
2022-09-23 14:21:00,7500,7500,7500,7500,4400
2022-09-23 14:22:00,7500,7500,7500,7500,0
2022-09-23 14:23:00,7500,7500,7500,7500,9900
2022-09-23 14:24:00,7500,7475,7500,7500,14200
2022-09-23 14:25:00,7500,7475,7500,7500,22700
2022-09-23 14:26:00,7500,7475,7500,7500,5000
2022-09-23 14:27:00,7475,7475,7475,7475,1900
2022-09-23 14:28:00,7475,7475,7475,7475,700
2022-09-23 14:29:00,7475,7475,7500,7475,11700
2022-09-23 14:30:00,7475,7475,7475,7475,17000
2022-09-23 14:31:00,7475,7475,7475,7475,1200
2022-09-23 14:32:00,7475,7475,7475,7475,200
2022-09-23 14:33:00,7475,7475,7475,7475,6500
2022-09-23 14:34:00,7475,7475,7475,7475,5500
2022-09-23 14:35:00,7475,7475,7500,7500,2600
2022-09-23 14:36:00,7500,7500,7500,7500,100
2022-09-23 14:37:00,7475,7475,7475,7475,20800
2022-09-23 14:38:00,7475,7475,7475,7475,200
2022-09-23 14:39:00,7450,7450,7475,7475,103500
2022-09-23 14:40:00,7475,7450,7475,7475,28300
2022-09-23 14:41:00,7475,7475,7475,7475,2600
2022-09-23 14:42:00,7450,7450,7475,7475,7400
2022-09-23 14:43:00,7450,7450,7475,7475,200
2022-09-23 14:44:00,7475,7425,7475,7425,41200
2022-09-23 14:45:00,7475,7475,7475,7475,19700
2022-09-23 14:46:00,7450,7450,7475,7475,8400
2022-09-23 14:47:00,7475,7450,7475,7475,8700
2022-09-23 14:48:00,7450,7450,7475,7475,12100
2022-09-23 14:49:00,7450,7450,7500,7475,65000
2022-09-23 14:50:00,7450,7450,7500,7475,0
2022-09-23 14:51:00,7450,7450,7500,7475,0
2022-09-23 14:52:00,7450,7450,7500,7475,0
2022-09-23 14:53:00,7450,7450,7500,7475,0
2022-09-23 14:54:00,7450,7450,7500,7475,0
2022-09-23 14:55:00,7450,7450,7500,7475,0
2022-09-23 14:56:00,7450,7450,7500,7475,0
2022-09-23 14:57:00,7450,7450,7500,7475,0
2022-09-23 14:58:00,7450,7450,7500,7475,0
2022-09-23 14:59:00,7450,7450,7500,7475,0
2022-09-23 15:00:00,7475,7475,7475,7475,46300
2022-09-23 15:01:00,7475,7475,7475,7475,10000
2022-09-23 15:02:00,7475,7475,7475,7475,0
2022-09-23 15:03:00,7475,7475,7475,7475,92200
2022-09-23 15:04:00,7475,7475,7475,7475,0
2022-09-23 15:05:00,7475,7475,7475,7475,400
2022-09-23 15:06:00,7475,7475,7475,7475,400
2022-09-23 15:07:00,7475,7475,7475,7475,700
2022-09-23 15:08:00,7475,7475,7475,7475,1900
2022-09-23 15:09:00,7475,7475,7475,7475,400
2022-09-23 15:10:00,7475,7475,7475,7475,0
2022-09-23 15:11:00,7475,7475,7475,7475,1900
2022-09-23 15:12:00,7475,7475,7475,7475,0
2022-09-23 15:13:00,7475,7475,7475,7475,0
2022-09-23 15:14:00,7475,7475,7475,7475,0
2022-09-23 15:15:00,7475,7475,7475,7475,0
2022-09-23 15:16:00,7475,7475,7475,7475,0
2022-09-23 15:17:00,7475,7475,7475,7475,0
2022-09-23 15:18:00,7475,7475,7475,7475,0
2022-09-23 15:19:00,7475,7475,7475,7475,0
2022-09-23 15:20:00,7475,7475,7475,7475,0
2022-09-23 15:21:00,7475,7475,7475,7475,0
2022-09-23 15:22:00,7475,7475,7475,7475,0
2022-09-23 15:23:00,7475,7475,7475,7475,0
2022-09-23 15:24:00,7475,7475,7475,7475,0
2022-09-23 15:25:00,7475,7475,7475,7475,0
2022-09-23 15:26:00,7475,7475,7475,7475,0
2022-09-23 15:27:00,7475,7475,7475,7475,0
2022-09-23 15:28:00,7475,7475,7475,7475,0
2022-09-23 15:29:00,7475,7475,7475,7475,0
2022-09-23 15:30:00,7475,7475,7475,7475,0
2022-09-23 15:31:00,7475,7475,7475,7475,0
2022-09-23 15:32:00,7475,7475,7475,7475,0
2022-09-23 15:33:00,7475,7475,7475,7475,0
2022-09-23 15:34:00,7475,7475,7475,7475,0
2022-09-23 15:35:00,7475,7475,7475,7475,0
2022-09-23 15:36:00,7475,7475,7475,7475,0
2022-09-23 15:37:00,7475,7475,7475,7475,0
2022-09-23 15:38:00,7475,7475,7475,7475,0
2022-09-23 15:39:00,7475,7475,7475,7475,0
2022-09-23 15:40:00,7475,7475,7475,7475,0
2022-09-23 15:41:00,7475,7475,7475,7475,0
2022-09-23 15:42:00,7475,7475,7475,7475,0
2022-09-23 15:43:00,7475,7475,7475,7475,0
2022-09-23 15:44:00,7475,7475,7475,7475,0
2022-09-23 15:45:00,7475,7475,7475,7475,0
2022-09-23 15:46:00,7475,7475,7475,7475,0
2022-09-23 15:47:00,7475,7475,7475,7475,0
2022-09-23 15:48:00,7475,7475,7475,7475,0
2022-09-23 15:49:00,7475,7475,7475,7475,0
2022-09-23 15:50:00,7475,7475,7475,7475,0
2022-09-23 15:51:00,7475,7475,7475,7475,0
2022-09-23 15:52:00,7475,7475,7475,7475,0
2022-09-23 15:53:00,7475,7475,7475,7475,0
2022-09-23 15:54:00,7475,7475,7475,7475,0
2022-09-23 15:55:00,7475,7475,7475,7475,0
2022-09-23 15:56:00,7475,7475,7475,7475,0
2022-09-23 15:57:00,7475,7475,7475,7475,0
2022-09-23 15:58:00,7475,7475,7475,7475,0
2022-09-23 15:59:00,7475,7475,7475,7475,0
2022-09-26 09:00:00,7400,7400,7400,7400,0
2022-09-26 09:01:00,7400,7375,7400,7400,131000
2022-09-26 09:02:00,7375,7375,7375,7375,26100
2022-09-26 09:03:00,7375,7350,7375,7350,10600
2022-09-26 09:04:00,7350,7325,7375,7325,30500
2022-09-26 09:05:00,7375,7350,7375,7375,11000
2022-09-26 09:06:00,7375,7350,7375,7350,3600
2022-09-26 09:07:00,7350,7325,7375,7350,35400
2022-09-26 09:08:00,7350,7350,7350,7350,14400
2022-09-26 09:09:00,7350,7325,7350,7350,19400
2022-09-26 09:10:00,7350,7325,7350,7350,13900
2022-09-26 09:11:00,7350,7325,7350,7350,10100
2022-09-26 09:12:00,7350,7325,7350,7350,0
2022-09-26 09:13:00,7350,7350,7350,7350,3500
2022-09-26 09:14:00,7350,7325,7350,7325,229700
2022-09-26 09:15:00,7325,7300,7350,7300,116100
2022-09-26 09:16:00,7325,7300,7325,7300,63000
2022-09-26 09:17:00,7325,7325,7325,7325,5200
2022-09-26 09:18:00,7300,7300,7325,7325,205300
2022-09-26 09:19:00,7325,7300,7325,7300,21900
2022-09-26 09:20:00,7325,7300,7325,7300,56200
2022-09-26 09:21:00,7300,7300,7300,7300,214200
2022-09-26 09:22:00,7300,7275,7300,7300,30900
2022-09-26 09:23:00,7300,7300,7300,7300,3900
2022-09-26 09:24:00,7300,7275,7300,7275,6800
2022-09-26 09:25:00,7300,7275,7300,7300,22900
2022-09-26 09:26:00,7300,7275,7300,7275,8700
2022-09-26 09:27:00,7275,7275,7300,7300,9400
2022-09-26 09:28:00,7300,7300,7300,7300,11800
2022-09-26 09:29:00,7300,7300,7300,7300,8000
2022-09-26 09:30:00,7300,7300,7300,7300,2400
2022-09-26 09:31:00,7300,7275,7300,7300,13300
2022-09-26 09:32:00,7300,7300,7300,7300,200
2022-09-26 09:33:00,7300,7300,7300,7300,10500
2022-09-26 09:34:00,7300,7300,7300,7300,11500
2022-09-26 09:35:00,7300,7300,7300,7300,800
2022-09-26 09:36:00,7325,7325,7325,7325,100
2022-09-26 09:37:00,7325,7325,7325,7325,100
2022-09-26 09:38:00,7325,7325,7325,7325,500
2022-09-26 09:39:00,7300,7300,7325,7325,75500
2022-09-26 09:40:00,7325,7325,7350,7350,1700
2022-09-26 09:41:00,7325,7325,7325,7325,18600
2022-09-26 09:42:00,7325,7325,7325,7325,300
2022-09-26 09:43:00,7325,7325,7325,7325,2300
2022-09-26 09:44:00,7325,7325,7325,7325,9400
2022-09-26 09:45:00,7325,7325,7325,7325,9200
2022-09-26 09:46:00,7325,7325,7325,7325,2900
2022-09-26 09:47:00,7325,7300,7325,7300,27500
2022-09-26 09:48:00,7350,7350,7350,7350,0
2022-09-26 09:49:00,7325,7325,7325,7325,17100
2022-09-26 09:50:00,7325,7300,7325,7300,25700
2022-09-26 09:51:00,7300,7275,7300,7275,58100
2022-09-26 09:52:00,7300,7300,7300,7300,8600
2022-09-26 09:53:00,7275,7275,7300,7300,7800
2022-09-26 09:54:00,7300,7275,7300,7275,4600
2022-09-26 09:55:00,7300,7275,7300,7275,0
2022-09-26 09:56:00,7275,7275,7300,7300,5300
2022-09-26 09:57:00,7300,7300,7325,7325,41000
2022-09-26 09:58:00,7325,7300,7325,7300,3300
2022-09-26 09:59:00,7325,7300,7325,7300,300
2022-09-26 10:00:00,7300,7300,7350,7350,9100
2022-09-26 10:01:00,7350,7325,7350,7325,6300
2022-09-26 10:02:00,7325,7325,7325,7325,2900
2022-09-26 10:03:00,7325,7325,7325,7325,5000
2022-09-26 10:04:00,7350,7300,7350,7350,9100
2022-09-26 10:05:00,7350,7350,7350,7350,2700
2022-09-26 10:06:00,7300,7300,7300,7300,0
2022-09-26 10:07:00,7325,7300,7350,7325,13600
2022-09-26 10:08:00,7350,7325,7350,7325,6800
2022-09-26 10:09:00,7325,7325,7325,7325,0
2022-09-26 10:10:00,7350,7350,7350,7350,5900
2022-09-26 10:11:00,7375,7350,7375,7375,18100
2022-09-26 10:12:00,7375,7375,7375,7375,12800
2022-09-26 10:13:00,7375,7375,7400,7400,8200
2022-09-26 10:14:00,7400,7400,7400,7400,0
2022-09-26 10:15:00,7400,7400,7400,7400,0
2022-09-26 10:16:00,7400,7400,7400,7400,8000
2022-09-26 10:17:00,7400,7400,7400,7400,16700
2022-09-26 10:18:00,7400,7400,7400,7400,9800
2022-09-26 10:19:00,7400,7400,7400,7400,0
2022-09-26 10:20:00,7400,7375,7400,7375,300
2022-09-26 10:21:00,7375,7375,7400,7400,19400
2022-09-26 10:22:00,7375,7375,7400,7400,10200
2022-09-26 10:23:00,7375,7375,7375,7375,2000
2022-09-26 10:24:00,7400,7400,7400,7400,2500
2022-09-26 10:25:00,7400,7400,7400,7400,3300
2022-09-26 10:26:00,7400,7400,7400,7400,2000
2022-09-26 10:27:00,7400,7400,7400,7400,4400
2022-09-26 10:28:00,7400,7375,7425,7400,12600
2022-09-26 10:29:00,7400,7375,7425,7400,0
2022-09-26 10:30:00,7400,7400,7400,7400,0
2022-09-26 10:31:00,7400,7400,7400,7400,9000
2022-09-26 10:32:00,7425,7400,7425,7400,1300
2022-09-26 10:33:00,7400,7400,7425,7425,39800
2022-09-26 10:34:00,7400,7400,7425,7425,0
2022-09-26 10:35:00,7400,7400,7425,7400,9200
2022-09-26 10:36:00,7400,7375,7425,7400,5400
2022-09-26 10:37:00,7400,7375,7425,7425,2600
2022-09-26 10:38:00,7400,7400,7400,7400,9700
2022-09-26 10:39:00,7400,7400,7425,7400,11900
2022-09-26 10:40:00,7400,7400,7425,7425,1900
2022-09-26 10:41:00,7400,7400,7400,7400,8100
2022-09-26 10:42:00,7425,7400,7425,7425,8400
2022-09-26 10:43:00,7400,7400,7400,7400,800
2022-09-26 10:44:00,7400,7400,7425,7425,2000
2022-09-26 10:45:00,7425,7400,7425,7425,2600
2022-09-26 10:46:00,7400,7400,7425,7400,9100
2022-09-26 10:47:00,7400,7400,7425,7400,0
2022-09-26 10:48:00,7400,7400,7425,7400,0
2022-09-26 10:49:00,7400,7400,7425,7425,19700
2022-09-26 10:50:00,7400,7400,7400,7400,35200
2022-09-26 10:51:00,7400,7400,7400,7400,600
2022-09-26 10:52:00,7400,7400,7400,7400,200
2022-09-26 10:53:00,7400,7400,7400,7400,0
2022-09-26 10:54:00,7400,7400,7400,7400,100
2022-09-26 10:55:00,7400,7400,7400,7400,200
2022-09-26 10:56:00,7400,7400,7400,7400,4200
2022-09-26 10:57:00,7400,7400,7400,7400,0
2022-09-26 10:58:00,7400,7400,7400,7400,700
2022-09-26 10:59:00,7400,7400,7400,7400,400
2022-09-26 11:00:00,7375,7375,7400,7375,273900
2022-09-26 11:01:00,7400,7375,7400,7375,0
2022-09-26 11:02:00,7375,7375,7400,7375,11400
2022-09-26 11:03:00,7375,7375,7375,7375,300
2022-09-26 11:04:00,7375,7375,7400,7375,12000
2022-09-26 11:05:00,7375,7375,7375,7375,0
2022-09-26 11:06:00,7375,7375,7375,7375,1800
2022-09-26 11:07:00,7350,7350,7375,7375,7000
2022-09-26 11:08:00,7350,7350,7375,7375,0
2022-09-26 11:09:00,7375,7375,7375,7375,1400
2022-09-26 11:10:00,7375,7375,7375,7375,7800
2022-09-26 11:11:00,7375,7375,7375,7375,19900
2022-09-26 11:12:00,7375,7375,7375,7375,17200
2022-09-26 11:13:00,7400,7375,7400,7375,0
2022-09-26 11:14:00,7375,7375,7375,7375,14600
2022-09-26 11:15:00,7375,7375,7400,7400,200
2022-09-26 11:16:00,7400,7375,7400,7375,5300
2022-09-26 11:17:00,7400,7400,7400,7400,0
2022-09-26 11:18:00,7400,7400,7400,7400,400
2022-09-26 11:19:00,7400,7400,7400,7400,0
2022-09-26 11:20:00,7400,7400,7400,7400,200
2022-09-26 11:21:00,7375,7375,7375,7375,3700
2022-09-26 11:22:00,7375,7350,7375,7350,500
2022-09-26 11:23:00,7375,7375,7375,7375,200
2022-09-26 11:24:00,7400,7400,7400,7400,0
2022-09-26 11:25:00,7400,7400,7400,7400,0
2022-09-26 11:26:00,7400,7350,7400,7375,107300
2022-09-26 11:27:00,7400,7400,7400,7400,0
2022-09-26 11:28:00,7400,7400,7400,7400,200
2022-09-26 11:29:00,7400,7400,7400,7400,100
2022-09-26 11:30:00,7400,7400,7400,7400,0
2022-09-26 11:31:00,7400,7400,7400,7400,0
2022-09-26 11:32:00,7400,7400,7400,7400,0
2022-09-26 11:33:00,7400,7400,7400,7400,0
2022-09-26 11:34:00,7400,7400,7400,7400,0
2022-09-26 11:35:00,7400,7400,7400,7400,0
2022-09-26 11:36:00,7400,7400,7400,7400,0
2022-09-26 11:37:00,7400,7400,7400,7400,0
2022-09-26 11:38:00,7400,7400,7400,7400,0
2022-09-26 11:39:00,7400,7400,7400,7400,0
2022-09-26 11:40:00,7400,7400,7400,7400,0
2022-09-26 11:41:00,7400,7400,7400,7400,0
2022-09-26 11:42:00,7400,7400,7400,7400,0
2022-09-26 11:43:00,7400,7400,7400,7400,0
2022-09-26 11:44:00,7400,7400,7400,7400,0
2022-09-26 11:45:00,7400,7400,7400,7400,0
2022-09-26 11:46:00,7400,7400,7400,7400,0
2022-09-26 11:47:00,7400,7400,7400,7400,0
2022-09-26 11:48:00,7400,7400,7400,7400,0
2022-09-26 11:49:00,7400,7400,7400,7400,0
2022-09-26 11:50:00,7400,7400,7400,7400,0
2022-09-26 11:51:00,7400,7400,7400,7400,0
2022-09-26 11:52:00,7400,7400,7400,7400,0
2022-09-26 11:53:00,7400,7400,7400,7400,0
2022-09-26 11:54:00,7400,7400,7400,7400,0
2022-09-26 11:55:00,7400,7400,7400,7400,0
2022-09-26 11:56:00,7400,7400,7400,7400,0
2022-09-26 11:57:00,7400,7400,7400,7400,0
2022-09-26 11:58:00,7400,7400,7400,7400,0
2022-09-26 11:59:00,7400,7400,7400,7400,0
2022-09-26 12:00:00,7400,7400,7400,7400,0
2022-09-26 12:01:00,7400,7400,7400,7400,0
2022-09-26 12:02:00,7400,7400,7400,7400,0
2022-09-26 12:03:00,7400,7400,7400,7400,0
2022-09-26 12:04:00,7400,7400,7400,7400,0
2022-09-26 12:05:00,7400,7400,7400,7400,0
2022-09-26 12:06:00,7400,7400,7400,7400,0
2022-09-26 12:07:00,7400,7400,7400,7400,0
2022-09-26 12:08:00,7400,7400,7400,7400,0
2022-09-26 12:09:00,7400,7400,7400,7400,0
2022-09-26 12:10:00,7400,7400,7400,7400,0
2022-09-26 12:11:00,7400,7400,7400,7400,0
2022-09-26 12:12:00,7400,7400,7400,7400,0
2022-09-26 12:13:00,7400,7400,7400,7400,0
2022-09-26 12:14:00,7400,7400,7400,7400,0
2022-09-26 12:15:00,7400,7400,7400,7400,0
2022-09-26 12:16:00,7400,7400,7400,7400,0
2022-09-26 12:17:00,7400,7400,7400,7400,0
2022-09-26 12:18:00,7400,7400,7400,7400,0
2022-09-26 12:19:00,7400,7400,7400,7400,0
2022-09-26 12:20:00,7400,7400,7400,7400,0
2022-09-26 12:21:00,7400,7400,7400,7400,0
2022-09-26 12:22:00,7400,7400,7400,7400,0
2022-09-26 12:23:00,7400,7400,7400,7400,0
2022-09-26 12:24:00,7400,7400,7400,7400,0
2022-09-26 12:25:00,7400,7400,7400,7400,0
2022-09-26 12:26:00,7400,7400,7400,7400,0
2022-09-26 12:27:00,7400,7400,7400,7400,0
2022-09-26 12:28:00,7400,7400,7400,7400,0
2022-09-26 12:29:00,7400,7400,7400,7400,0
2022-09-26 12:30:00,7400,7400,7400,7400,0
2022-09-26 12:31:00,7400,7400,7400,7400,0
2022-09-26 12:32:00,7400,7400,7400,7400,0
2022-09-26 12:33:00,7400,7400,7400,7400,0
2022-09-26 12:34:00,7400,7400,7400,7400,0
2022-09-26 12:35:00,7400,7400,7400,7400,0
2022-09-26 12:36:00,7400,7400,7400,7400,0
2022-09-26 12:37:00,7400,7400,7400,7400,0
2022-09-26 12:38:00,7400,7400,7400,7400,0
2022-09-26 12:39:00,7400,7400,7400,7400,0
2022-09-26 12:40:00,7400,7400,7400,7400,0
2022-09-26 12:41:00,7400,7400,7400,7400,0
2022-09-26 12:42:00,7400,7400,7400,7400,0
2022-09-26 12:43:00,7400,7400,7400,7400,0
2022-09-26 12:44:00,7400,7400,7400,7400,0
2022-09-26 12:45:00,7400,7400,7400,7400,0
2022-09-26 12:46:00,7400,7400,7400,7400,0
2022-09-26 12:47:00,7400,7400,7400,7400,0
2022-09-26 12:48:00,7400,7400,7400,7400,0
2022-09-26 12:49:00,7400,7400,7400,7400,0
2022-09-26 12:50:00,7400,7400,7400,7400,0
2022-09-26 12:51:00,7400,7400,7400,7400,0
2022-09-26 12:52:00,7400,7400,7400,7400,0
2022-09-26 12:53:00,7400,7400,7400,7400,0
2022-09-26 12:54:00,7400,7400,7400,7400,0
2022-09-26 12:55:00,7400,7400,7400,7400,0
2022-09-26 12:56:00,7400,7400,7400,7400,0
2022-09-26 12:57:00,7400,7400,7400,7400,0
2022-09-26 12:58:00,7400,7400,7400,7400,0
2022-09-26 12:59:00,7400,7400,7400,7400,0
2022-09-26 13:00:00,7400,7400,7400,7400,0
2022-09-26 13:01:00,7400,7400,7400,7400,0
2022-09-26 13:02:00,7400,7400,7400,7400,0
2022-09-26 13:03:00,7400,7400,7400,7400,0
2022-09-26 13:04:00,7400,7400,7400,7400,0
2022-09-26 13:05:00,7400,7400,7400,7400,0
2022-09-26 13:06:00,7400,7400,7400,7400,0
2022-09-26 13:07:00,7400,7400,7400,7400,0
2022-09-26 13:08:00,7400,7400,7400,7400,0
2022-09-26 13:09:00,7400,7400,7400,7400,0
2022-09-26 13:10:00,7400,7400,7400,7400,0
2022-09-26 13:11:00,7400,7400,7400,7400,0
2022-09-26 13:12:00,7400,7400,7400,7400,0
2022-09-26 13:13:00,7400,7400,7400,7400,0
2022-09-26 13:14:00,7400,7400,7400,7400,0
2022-09-26 13:15:00,7400,7400,7400,7400,0
2022-09-26 13:16:00,7400,7400,7400,7400,0
2022-09-26 13:17:00,7400,7400,7400,7400,0
2022-09-26 13:18:00,7400,7400,7400,7400,0
2022-09-26 13:19:00,7400,7400,7400,7400,0
2022-09-26 13:20:00,7400,7400,7400,7400,0
2022-09-26 13:21:00,7400,7400,7400,7400,0
2022-09-26 13:22:00,7400,7400,7400,7400,0
2022-09-26 13:23:00,7400,7400,7400,7400,0
2022-09-26 13:24:00,7400,7400,7400,7400,0
2022-09-26 13:25:00,7400,7400,7400,7400,0
2022-09-26 13:26:00,7400,7400,7400,7400,0
2022-09-26 13:27:00,7400,7400,7400,7400,0
2022-09-26 13:28:00,7400,7400,7400,7400,0
2022-09-26 13:29:00,7400,7400,7400,7400,0
2022-09-26 13:30:00,7400,7375,7400,7375,17000
2022-09-26 13:31:00,7375,7375,7375,7375,15600
2022-09-26 13:32:00,7375,7375,7375,7375,2900
2022-09-26 13:33:00,7375,7375,7375,7375,0
2022-09-26 13:34:00,7375,7375,7375,7375,12800
2022-09-26 13:35:00,7375,7375,7375,7375,0
2022-09-26 13:36:00,7375,7375,7375,7375,3800
2022-09-26 13:37:00,7375,7375,7375,7375,0
2022-09-26 13:38:00,7375,7375,7400,7400,6300
2022-09-26 13:39:00,7400,7400,7400,7400,2000
2022-09-26 13:40:00,7375,7375,7400,7400,4400
2022-09-26 13:41:00,7375,7375,7375,7375,3000
2022-09-26 13:42:00,7375,7375,7400,7375,10700
2022-09-26 13:43:00,7375,7375,7400,7375,29300
2022-09-26 13:44:00,7375,7375,7400,7375,0
2022-09-26 13:45:00,7375,7375,7400,7400,13300
2022-09-26 13:46:00,7400,7400,7400,7400,100
2022-09-26 13:47:00,7400,7375,7400,7375,4600
2022-09-26 13:48:00,7400,7400,7400,7400,700
2022-09-26 13:49:00,7400,7375,7400,7375,5100
2022-09-26 13:50:00,7375,7375,7375,7375,900
2022-09-26 13:51:00,7375,7375,7375,7375,25400
2022-09-26 13:52:00,7375,7350,7375,7350,55900
2022-09-26 13:53:00,7375,7350,7375,7350,0
2022-09-26 13:54:00,7375,7375,7375,7375,10100
2022-09-26 13:55:00,7350,7350,7375,7350,8300
2022-09-26 13:56:00,7350,7325,7350,7325,26100
2022-09-26 13:57:00,7325,7325,7325,7325,20000
2022-09-26 13:58:00,7300,7300,7325,7325,15900
2022-09-26 13:59:00,7300,7300,7325,7325,3700
2022-09-26 14:00:00,7325,7325,7350,7325,13600
2022-09-26 14:01:00,7325,7325,7350,7350,0
2022-09-26 14:02:00,7325,7300,7350,7350,32300
2022-09-26 14:03:00,7325,7300,7350,7350,0
2022-09-26 14:04:00,7325,7325,7325,7325,1000
2022-09-26 14:05:00,7325,7300,7350,7350,22100
2022-09-26 14:06:00,7350,7325,7350,7350,69300
2022-09-26 14:07:00,7350,7300,7350,7350,5100
2022-09-26 14:08:00,7350,7350,7350,7350,27300
2022-09-26 14:09:00,7325,7325,7325,7325,4400
2022-09-26 14:10:00,7325,7325,7325,7325,0
2022-09-26 14:11:00,7325,7325,7325,7325,0
2022-09-26 14:12:00,7325,7325,7350,7350,0
2022-09-26 14:13:00,7325,7325,7325,7325,1400
2022-09-26 14:14:00,7350,7350,7350,7350,0
2022-09-26 14:15:00,7325,7325,7325,7325,7700
2022-09-26 14:16:00,7350,7325,7350,7325,0
2022-09-26 14:17:00,7325,7325,7350,7350,5000
2022-09-26 14:18:00,7325,7325,7350,7350,4800
2022-09-26 14:19:00,7325,7300,7350,7350,53500
2022-09-26 14:20:00,7350,7325,7350,7325,23900
2022-09-26 14:21:00,7350,7325,7350,7325,0
2022-09-26 14:22:00,7350,7325,7350,7325,0
2022-09-26 14:23:00,7325,7325,7350,7325,9500
2022-09-26 14:24:00,7325,7325,7350,7325,0
2022-09-26 14:25:00,7325,7325,7350,7325,0
2022-09-26 14:26:00,7325,7325,7350,7350,7100
2022-09-26 14:27:00,7350,7350,7350,7350,65400
2022-09-26 14:28:00,7375,7375,7375,7375,0
2022-09-26 14:29:00,7375,7375,7375,7375,3100
2022-09-26 14:30:00,7375,7375,7375,7375,200
2022-09-26 14:31:00,7375,7375,7375,7375,0
2022-09-26 14:32:00,7375,7375,7375,7375,100700
2022-09-26 14:33:00,7350,7350,7375,7375,0
2022-09-26 14:34:00,7350,7350,7350,7350,2100
2022-09-26 14:35:00,7375,7350,7375,7350,15300
2022-09-26 14:36:00,7375,7375,7375,7375,0
2022-09-26 14:37:00,7375,7350,7375,7375,6600
2022-09-26 14:38:00,7350,7350,7375,7375,13400
2022-09-26 14:39:00,7375,7375,7375,7375,8300
2022-09-26 14:40:00,7375,7350,7375,7375,15400
2022-09-26 14:41:00,7350,7350,7375,7375,1200
2022-09-26 14:42:00,7350,7350,7375,7375,15600
2022-09-26 14:43:00,7375,7375,7375,7375,900
2022-09-26 14:44:00,7350,7350,7375,7375,5200
2022-09-26 14:45:00,7350,7350,7375,7375,7900
2022-09-26 14:46:00,7375,7350,7375,7375,8000
2022-09-26 14:47:00,7350,7350,7375,7350,20000
2022-09-26 14:48:00,7375,7350,7375,7375,6500
2022-09-26 14:49:00,7350,7350,7400,7400,112900
2022-09-26 14:50:00,7350,7350,7400,7400,0
2022-09-26 14:51:00,7350,7350,7400,7400,0
2022-09-26 14:52:00,7350,7350,7400,7400,0
2022-09-26 14:53:00,7350,7350,7400,7400,0
2022-09-26 14:54:00,7350,7350,7400,7400,0
2022-09-26 14:55:00,7350,7350,7400,7400,0
2022-09-26 14:56:00,7350,7350,7400,7400,0
2022-09-26 14:57:00,7350,7350,7400,7400,0
2022-09-26 14:58:00,7350,7350,7400,7400,0
2022-09-26 14:59:00,7350,7350,7400,7400,0
2022-09-26 15:00:00,7350,7350,7350,7350,451000
2022-09-26 15:01:00,7350,7350,7350,7350,0
2022-09-26 15:02:00,7350,7350,7350,7350,400
2022-09-26 15:03:00,7350,7350,7350,7350,6900
2022-09-26 15:04:00,7350,7350,7350,7350,0
2022-09-26 15:05:00,7350,7350,7350,7350,0
2022-09-26 15:06:00,7350,7350,7350,7350,1000
2022-09-26 15:07:00,7350,7350,7350,7350,15900
2022-09-26 15:08:00,7350,7350,7350,7350,0
2022-09-26 15:09:00,7350,7350,7350,7350,0
2022-09-26 15:10:00,7350,7350,7350,7350,2600
2022-09-26 15:11:00,7350,7350,7350,7350,600
2022-09-26 15:12:00,7350,7350,7350,7350,7300
2022-09-26 15:13:00,7350,7350,7350,7350,800
2022-09-26 15:14:00,7350,7350,7350,7350,3961200
2022-09-26 15:15:00,7350,7350,7350,7350,0
2022-09-26 15:16:00,7350,7350,7350,7350,0
2022-09-26 15:17:00,7350,7350,7350,7350,0
2022-09-26 15:18:00,7350,7350,7350,7350,0
2022-09-26 15:19:00,7350,7350,7350,7350,0
2022-09-26 15:20:00,7350,7350,7350,7350,0
2022-09-26 15:21:00,7350,7350,7350,7350,0
2022-09-26 15:22:00,7350,7350,7350,7350,0
2022-09-26 15:23:00,7350,7350,7350,7350,0
2022-09-26 15:24:00,7350,7350,7350,7350,0
2022-09-26 15:25:00,7350,7350,7350,7350,0
2022-09-26 15:26:00,7350,7350,7350,7350,0
2022-09-26 15:27:00,7350,7350,7350,7350,0
2022-09-26 15:28:00,7350,7350,7350,7350,0
2022-09-26 15:29:00,7350,7350,7350,7350,0
2022-09-26 15:30:00,7350,7350,7350,7350,0
2022-09-26 15:31:00,7350,7350,7350,7350,0
2022-09-26 15:32:00,7350,7350,7350,7350,0
2022-09-26 15:33:00,7350,7350,7350,7350,0
2022-09-26 15:34:00,7350,7350,7350,7350,0
2022-09-26 15:35:00,7350,7350,7350,7350,0
2022-09-26 15:36:00,7350,7350,7350,7350,0
2022-09-26 15:37:00,7350,7350,7350,7350,0
2022-09-26 15:38:00,7350,7350,7350,7350,0
2022-09-26 15:39:00,7350,7350,7350,7350,0
2022-09-26 15:40:00,7350,7350,7350,7350,0
2022-09-26 15:41:00,7350,7350,7350,7350,0
2022-09-26 15:42:00,7350,7350,7350,7350,0
2022-09-26 15:43:00,7350,7350,7350,7350,0
2022-09-26 15:44:00,7350,7350,7350,7350,0
2022-09-26 15:45:00,7350,7350,7350,7350,0
2022-09-26 15:46:00,7350,7350,7350,7350,0
2022-09-26 15:47:00,7350,7350,7350,7350,0
2022-09-26 15:48:00,7350,7350,7350,7350,0
2022-09-26 15:49:00,7350,7350,7350,7350,0
2022-09-26 15:50:00,7350,7350,7350,7350,0
2022-09-26 15:51:00,7350,7350,7350,7350,0
2022-09-26 15:52:00,7350,7350,7350,7350,0
2022-09-26 15:53:00,7350,7350,7350,7350,0
2022-09-26 15:54:00,7350,7350,7350,7350,0
2022-09-26 15:55:00,7350,7350,7350,7350,0
2022-09-26 15:56:00,7350,7350,7350,7350,0
2022-09-26 15:57:00,7350,7350,7350,7350,0
2022-09-26 15:58:00,7350,7350,7350,7350,0
2022-09-26 15:59:00,7350,7350,7350,7350,0
2022-09-27 09:00:00,7350,7325,7350,7350,0
2022-09-27 09:01:00,7375,7375,7375,7375,0
2022-09-27 09:02:00,7375,7350,7400,7350,37100
2022-09-27 09:03:00,7400,7400,7500,7425,46000
2022-09-27 09:04:00,7425,7425,7425,7425,2900
2022-09-27 09:05:00,7425,7425,7425,7425,0
2022-09-27 09:06:00,7425,7425,7475,7450,22800
2022-09-27 09:07:00,7450,7450,7475,7475,11500
2022-09-27 09:08:00,7475,7450,7475,7450,30500
2022-09-27 09:09:00,7450,7425,7450,7450,11200
2022-09-27 09:10:00,7450,7450,7450,7450,5700
2022-09-27 09:11:00,7450,7450,7450,7450,2500
2022-09-27 09:12:00,7450,7450,7475,7450,12500
2022-09-27 09:13:00,7475,7475,7475,7475,10500
2022-09-27 09:14:00,7475,7450,7475,7475,3600
2022-09-27 09:15:00,7450,7450,7450,7450,25300
2022-09-27 09:16:00,7450,7450,7475,7475,700
2022-09-27 09:17:00,7475,7450,7475,7475,8800
2022-09-27 09:18:00,7450,7450,7475,7475,12300
2022-09-27 09:19:00,7475,7450,7475,7475,10800
2022-09-27 09:20:00,7475,7450,7475,7450,30800
2022-09-27 09:21:00,7475,7450,7475,7475,7800
2022-09-27 09:22:00,7450,7450,7475,7475,9200
2022-09-27 09:23:00,7475,7475,7475,7475,300
2022-09-27 09:24:00,7450,7450,7450,7450,3100
2022-09-27 09:25:00,7450,7450,7475,7450,7700
2022-09-27 09:26:00,7450,7450,7450,7450,1600
2022-09-27 09:27:00,7475,7475,7475,7475,200
2022-09-27 09:28:00,7450,7450,7450,7450,16200
2022-09-27 09:29:00,7450,7450,7475,7475,1200
2022-09-27 09:30:00,7450,7450,7475,7475,0
2022-09-27 09:31:00,7475,7450,7475,7475,4000
2022-09-27 09:32:00,7450,7450,7475,7475,800
2022-09-27 09:33:00,7475,7475,7475,7475,0
2022-09-27 09:34:00,7450,7450,7450,7450,200
2022-09-27 09:35:00,7450,7450,7450,7450,6200
2022-09-27 09:36:00,7450,7450,7450,7450,0
2022-09-27 09:37:00,7450,7450,7450,7450,2900
2022-09-27 09:38:00,7450,7425,7450,7425,3400
2022-09-27 09:39:00,7425,7425,7425,7425,1100
2022-09-27 09:40:00,7450,7450,7450,7450,600
2022-09-27 09:41:00,7450,7450,7450,7450,2300
2022-09-27 09:42:00,7450,7450,7475,7450,41800
2022-09-27 09:43:00,7475,7450,7475,7450,14000
2022-09-27 09:44:00,7450,7450,7475,7475,5000
2022-09-27 09:45:00,7475,7475,7475,7475,200
2022-09-27 09:46:00,7450,7450,7450,7450,4600
2022-09-27 09:47:00,7450,7450,7475,7475,6800
2022-09-27 09:48:00,7475,7450,7475,7475,5300
2022-09-27 09:49:00,7475,7475,7475,7475,21900
2022-09-27 09:50:00,7450,7450,7475,7475,10400
2022-09-27 09:51:00,7450,7450,7475,7475,71800
2022-09-27 09:52:00,7475,7450,7475,7475,0
2022-09-27 09:53:00,7475,7475,7475,7475,100
2022-09-27 09:54:00,7475,7475,7475,7475,900
2022-09-27 09:55:00,7475,7450,7475,7475,40500
2022-09-27 09:56:00,7450,7450,7475,7475,10700
2022-09-27 09:57:00,7450,7450,7475,7450,19300
2022-09-27 09:58:00,7450,7425,7450,7450,9800
2022-09-27 09:59:00,7450,7450,7450,7450,7000
2022-09-27 10:00:00,7450,7450,7450,7450,29500
2022-09-27 10:01:00,7450,7450,7450,7450,0
2022-09-27 10:02:00,7450,7450,7450,7450,0
2022-09-27 10:03:00,7425,7425,7425,7425,17400
2022-09-27 10:04:00,7425,7425,7425,7425,0
2022-09-27 10:05:00,7425,7425,7425,7425,0
2022-09-27 10:06:00,7400,7400,7400,7400,500
2022-09-27 10:07:00,7400,7400,7400,7400,27300
2022-09-27 10:08:00,7375,7375,7375,7375,1400
2022-09-27 10:09:00,7375,7375,7375,7375,10400
2022-09-27 10:10:00,7375,7375,7375,7375,19700
2022-09-27 10:11:00,7375,7375,7375,7375,200
2022-09-27 10:12:00,7375,7375,7375,7375,11600
2022-09-27 10:13:00,7375,7375,7375,7375,0
2022-09-27 10:14:00,7350,7350,7350,7350,0
2022-09-27 10:15:00,7350,7350,7350,7350,0
2022-09-27 10:16:00,7350,7350,7350,7350,0
2022-09-27 10:17:00,7350,7350,7350,7350,1300
2022-09-27 10:18:00,7350,7350,7350,7350,0
2022-09-27 10:19:00,7350,7350,7350,7350,0
2022-09-27 10:20:00,7375,7375,7375,7375,2600
2022-09-27 10:21:00,7375,7350,7375,7350,18600
2022-09-27 10:22:00,7350,7350,7350,7350,0
2022-09-27 10:23:00,7350,7350,7350,7350,0
2022-09-27 10:24:00,7375,7350,7375,7350,2300
2022-09-27 10:25:00,7350,7350,7350,7350,29700
2022-09-27 10:26:00,7350,7350,7350,7350,0
2022-09-27 10:27:00,7350,7350,7350,7350,2000
2022-09-27 10:28:00,7375,7375,7375,7375,1700
2022-09-27 10:29:00,7350,7350,7375,7375,1800
2022-09-27 10:30:00,7350,7350,7350,7350,0
2022-09-27 10:31:00,7350,7350,7350,7350,0
2022-09-27 10:32:00,7350,7350,7350,7350,500
2022-09-27 10:33:00,7375,7375,7375,7375,32600
2022-09-27 10:34:00,7375,7375,7375,7375,0
2022-09-27 10:35:00,7375,7375,7375,7375,0
2022-09-27 10:36:00,7350,7350,7350,7350,1000
2022-09-27 10:37:00,7350,7350,7350,7350,0
2022-09-27 10:38:00,7350,7350,7375,7350,11900
2022-09-27 10:39:00,7375,7375,7375,7375,8000
2022-09-27 10:40:00,7400,7400,7400,7400,7900
2022-09-27 10:41:00,7400,7400,7400,7400,0
2022-09-27 10:42:00,7400,7400,7400,7400,0
2022-09-27 10:43:00,7375,7375,7375,7375,58900
2022-09-27 10:44:00,7375,7375,7375,7375,200
2022-09-27 10:45:00,7375,7375,7375,7375,0
2022-09-27 10:46:00,7400,7400,7400,7400,1800
2022-09-27 10:47:00,7400,7400,7400,7400,0
2022-09-27 10:48:00,7400,7400,7400,7400,0
2022-09-27 10:49:00,7400,7400,7400,7400,0
2022-09-27 10:50:00,7400,7400,7400,7400,0
2022-09-27 10:51:00,7375,7375,7375,7375,2400
2022-09-27 10:52:00,7375,7350,7375,7350,33500
2022-09-27 10:53:00,7350,7350,7350,7350,6300
2022-09-27 10:54:00,7350,7350,7350,7350,3000
2022-09-27 10:55:00,7350,7350,7350,7350,200
2022-09-27 10:56:00,7375,7375,7375,7375,1600
2022-09-27 10:57:00,7350,7350,7350,7350,800
2022-09-27 10:58:00,7375,7375,7400,7400,4900
2022-09-27 10:59:00,7400,7400,7400,7400,400
2022-09-27 11:00:00,7375,7375,7375,7375,300
2022-09-27 11:01:00,7375,7375,7400,7400,600
2022-09-27 11:02:00,7400,7400,7400,7400,600
2022-09-27 11:03:00,7400,7400,7400,7400,2000
2022-09-27 11:04:00,7400,7400,7400,7400,0
2022-09-27 11:05:00,7400,7400,7400,7400,0
2022-09-27 11:06:00,7375,7375,7375,7375,0
2022-09-27 11:07:00,7375,7375,7375,7375,0
2022-09-27 11:08:00,7375,7375,7375,7375,0
2022-09-27 11:09:00,7375,7375,7375,7375,0
2022-09-27 11:10:00,7400,7375,7400,7375,1400
2022-09-27 11:11:00,7400,7375,7400,7375,0
2022-09-27 11:12:00,7400,7375,7400,7375,0
2022-09-27 11:13:00,7375,7375,7375,7375,300
2022-09-27 11:14:00,7375,7375,7375,7375,500
2022-09-27 11:15:00,7350,7350,7350,7350,2300
2022-09-27 11:16:00,7350,7350,7375,7375,1600
2022-09-27 11:17:00,7350,7350,7375,7375,0
2022-09-27 11:18:00,7375,7350,7375,7350,1500
2022-09-27 11:19:00,7350,7350,7400,7400,100
2022-09-27 11:20:00,7400,7400,7400,7400,300
2022-09-27 11:21:00,7400,7400,7400,7400,0
2022-09-27 11:22:00,7400,7400,7400,7400,200
2022-09-27 11:23:00,7400,7400,7400,7400,400
2022-09-27 11:24:00,7400,7375,7400,7375,300
2022-09-27 11:25:00,7375,7375,7375,7375,800
2022-09-27 11:26:00,7375,7375,7375,7375,0
2022-09-27 11:27:00,7375,7375,7375,7375,0
2022-09-27 11:28:00,7400,7400,7400,7400,1200
2022-09-27 11:29:00,7400,7375,7400,7400,100
2022-09-27 11:30:00,7400,7375,7400,7400,0
2022-09-27 11:31:00,7400,7375,7400,7400,0
2022-09-27 11:32:00,7400,7375,7400,7400,0
2022-09-27 11:33:00,7400,7375,7400,7400,0
2022-09-27 11:34:00,7400,7375,7400,7400,0
2022-09-27 11:35:00,7400,7375,7400,7400,0
2022-09-27 11:36:00,7400,7375,7400,7400,0
2022-09-27 11:37:00,7400,7375,7400,7400,0
2022-09-27 11:38:00,7400,7375,7400,7400,0
2022-09-27 11:39:00,7400,7375,7400,7400,0
2022-09-27 11:40:00,7400,7375,7400,7400,0
2022-09-27 11:41:00,7400,7375,7400,7400,0
2022-09-27 11:42:00,7400,7375,7400,7400,0
2022-09-27 11:43:00,7400,7375,7400,7400,0
2022-09-27 11:44:00,7400,7375,7400,7400,0
2022-09-27 11:45:00,7400,7375,7400,7400,0
2022-09-27 11:46:00,7400,7375,7400,7400,0
2022-09-27 11:47:00,7400,7375,7400,7400,0
2022-09-27 11:48:00,7400,7375,7400,7400,0
2022-09-27 11:49:00,7400,7375,7400,7400,0
2022-09-27 11:50:00,7400,7375,7400,7400,0
2022-09-27 11:51:00,7400,7375,7400,7400,0
2022-09-27 11:52:00,7400,7375,7400,7400,0
2022-09-27 11:53:00,7400,7375,7400,7400,0
2022-09-27 11:54:00,7400,7375,7400,7400,0
2022-09-27 11:55:00,7400,7375,7400,7400,0
2022-09-27 11:56:00,7400,7375,7400,7400,0
2022-09-27 11:57:00,7400,7375,7400,7400,0
2022-09-27 11:58:00,7400,7375,7400,7400,0
2022-09-27 11:59:00,7400,7375,7400,7400,0
2022-09-27 12:00:00,7400,7375,7400,7400,0
2022-09-27 12:01:00,7400,7375,7400,7400,0
2022-09-27 12:02:00,7400,7375,7400,7400,0
2022-09-27 12:03:00,7400,7375,7400,7400,0
2022-09-27 12:04:00,7400,7375,7400,7400,0
2022-09-27 12:05:00,7400,7375,7400,7400,0
2022-09-27 12:06:00,7400,7375,7400,7400,0
2022-09-27 12:07:00,7400,7375,7400,7400,0
2022-09-27 12:08:00,7400,7375,7400,7400,0
2022-09-27 12:09:00,7400,7375,7400,7400,0
2022-09-27 12:10:00,7400,7375,7400,7400,0
2022-09-27 12:11:00,7400,7375,7400,7400,0
2022-09-27 12:12:00,7400,7375,7400,7400,0
2022-09-27 12:13:00,7400,7375,7400,7400,0
2022-09-27 12:14:00,7400,7375,7400,7400,0
2022-09-27 12:15:00,7400,7375,7400,7400,0
2022-09-27 12:16:00,7400,7375,7400,7400,0
2022-09-27 12:17:00,7400,7375,7400,7400,0
2022-09-27 12:18:00,7400,7375,7400,7400,0
2022-09-27 12:19:00,7400,7375,7400,7400,0
2022-09-27 12:20:00,7400,7375,7400,7400,0
2022-09-27 12:21:00,7400,7375,7400,7400,0
2022-09-27 12:22:00,7400,7375,7400,7400,0
2022-09-27 12:23:00,7400,7375,7400,7400,0
2022-09-27 12:24:00,7400,7375,7400,7400,0
2022-09-27 12:25:00,7400,7375,7400,7400,0
2022-09-27 12:26:00,7400,7375,7400,7400,0
2022-09-27 12:27:00,7400,7375,7400,7400,0
2022-09-27 12:28:00,7400,7375,7400,7400,0
2022-09-27 12:29:00,7400,7375,7400,7400,0
2022-09-27 12:30:00,7400,7375,7400,7400,0
2022-09-27 12:31:00,7400,7375,7400,7400,0
2022-09-27 12:32:00,7400,7375,7400,7400,0
2022-09-27 12:33:00,7400,7375,7400,7400,0
2022-09-27 12:34:00,7400,7375,7400,7400,0
2022-09-27 12:35:00,7400,7375,7400,7400,0
2022-09-27 12:36:00,7400,7375,7400,7400,0
2022-09-27 12:37:00,7400,7375,7400,7400,0
2022-09-27 12:38:00,7400,7375,7400,7400,0
2022-09-27 12:39:00,7400,7375,7400,7400,0
2022-09-27 12:40:00,7400,7375,7400,7400,0
2022-09-27 12:41:00,7400,7375,7400,7400,0
2022-09-27 12:42:00,7400,7375,7400,7400,0
2022-09-27 12:43:00,7400,7375,7400,7400,0
2022-09-27 12:44:00,7400,7375,7400,7400,0
2022-09-27 12:45:00,7400,7375,7400,7400,0
2022-09-27 12:46:00,7400,7375,7400,7400,0
2022-09-27 12:47:00,7400,7375,7400,7400,0
2022-09-27 12:48:00,7400,7375,7400,7400,0
2022-09-27 12:49:00,7400,7375,7400,7400,0
2022-09-27 12:50:00,7400,7375,7400,7400,0
2022-09-27 12:51:00,7400,7375,7400,7400,0
2022-09-27 12:52:00,7400,7375,7400,7400,0
2022-09-27 12:53:00,7400,7375,7400,7400,0
2022-09-27 12:54:00,7400,7375,7400,7400,0
2022-09-27 12:55:00,7400,7375,7400,7400,0
2022-09-27 12:56:00,7400,7375,7400,7400,0
2022-09-27 12:57:00,7400,7375,7400,7400,0
2022-09-27 12:58:00,7400,7375,7400,7400,0
2022-09-27 12:59:00,7400,7375,7400,7400,0
2022-09-27 13:00:00,7400,7375,7400,7400,0
2022-09-27 13:01:00,7400,7375,7400,7400,0
2022-09-27 13:02:00,7400,7375,7400,7400,0
2022-09-27 13:03:00,7400,7375,7400,7400,0
2022-09-27 13:04:00,7400,7375,7400,7400,0
2022-09-27 13:05:00,7400,7375,7400,7400,0
2022-09-27 13:06:00,7400,7375,7400,7400,0
2022-09-27 13:07:00,7400,7375,7400,7400,0
2022-09-27 13:08:00,7400,7375,7400,7400,0
2022-09-27 13:09:00,7400,7375,7400,7400,0
2022-09-27 13:10:00,7400,7375,7400,7400,0
2022-09-27 13:11:00,7400,7375,7400,7400,0
2022-09-27 13:12:00,7400,7375,7400,7400,0
2022-09-27 13:13:00,7400,7375,7400,7400,0
2022-09-27 13:14:00,7400,7375,7400,7400,0
2022-09-27 13:15:00,7400,7375,7400,7400,0
2022-09-27 13:16:00,7400,7375,7400,7400,0
2022-09-27 13:17:00,7400,7375,7400,7400,0
2022-09-27 13:18:00,7400,7375,7400,7400,0
2022-09-27 13:19:00,7400,7375,7400,7400,0
2022-09-27 13:20:00,7400,7375,7400,7400,0
2022-09-27 13:21:00,7400,7375,7400,7400,0
2022-09-27 13:22:00,7400,7375,7400,7400,0
2022-09-27 13:23:00,7400,7375,7400,7400,0
2022-09-27 13:24:00,7400,7375,7400,7400,0
2022-09-27 13:25:00,7400,7375,7400,7400,0
2022-09-27 13:26:00,7400,7375,7400,7400,0
2022-09-27 13:27:00,7400,7375,7400,7400,0
2022-09-27 13:28:00,7400,7375,7400,7400,0
2022-09-27 13:29:00,7400,7375,7400,7400,0
2022-09-27 13:30:00,7400,7375,7400,7400,8200
2022-09-27 13:31:00,7400,7375,7400,7400,0
2022-09-27 13:32:00,7400,7375,7400,7400,0
2022-09-27 13:33:00,7400,7375,7400,7400,0
2022-09-27 13:34:00,7400,7375,7400,7400,0
2022-09-27 13:35:00,7400,7400,7400,7400,37400
2022-09-27 13:36:00,7400,7375,7400,7375,0
2022-09-27 13:37:00,7375,7375,7375,7375,0
2022-09-27 13:38:00,7375,7375,7400,7400,8400
2022-09-27 13:39:00,7375,7375,7400,7400,1500
2022-09-27 13:40:00,7375,7375,7400,7400,0
2022-09-27 13:41:00,7400,7400,7400,7400,2000
2022-09-27 13:42:00,7400,7400,7400,7400,800
2022-09-27 13:43:00,7400,7400,7400,7400,1200
2022-09-27 13:44:00,7375,7375,7400,7400,6100
2022-09-27 13:45:00,7400,7375,7400,7375,900
2022-09-27 13:46:00,7350,7350,7350,7350,900
2022-09-27 13:47:00,7375,7375,7375,7375,1000
2022-09-27 13:48:00,7375,7375,7375,7375,2200
2022-09-27 13:49:00,7375,7375,7400,7400,2200
2022-09-27 13:50:00,7400,7400,7400,7400,400
2022-09-27 13:51:00,7400,7400,7400,7400,0
2022-09-27 13:52:00,7400,7400,7400,7400,0
2022-09-27 13:53:00,7400,7400,7400,7400,0
2022-09-27 13:54:00,7375,7375,7375,7375,400
2022-09-27 13:55:00,7400,7375,7400,7400,4600
2022-09-27 13:56:00,7400,7375,7400,7400,0
2022-09-27 13:57:00,7400,7375,7400,7400,0
2022-09-27 13:58:00,7400,7400,7400,7400,100
2022-09-27 13:59:00,7375,7375,7400,7400,3400
2022-09-27 14:00:00,7400,7400,7400,7400,300
2022-09-27 14:01:00,7375,7375,7375,7375,1200
2022-09-27 14:02:00,7400,7375,7400,7375,900
2022-09-27 14:03:00,7400,7400,7400,7400,0
2022-09-27 14:04:00,7400,7400,7400,7400,0
2022-09-27 14:05:00,7375,7375,7400,7400,2100
2022-09-27 14:06:00,7375,7375,7400,7400,0
2022-09-27 14:07:00,7400,7400,7400,7400,7900
2022-09-27 14:08:00,7375,7375,7375,7375,1600
2022-09-27 14:09:00,7375,7375,7375,7375,0
2022-09-27 14:10:00,7400,7400,7400,7400,1300
2022-09-27 14:11:00,7400,7400,7400,7400,700
2022-09-27 14:12:00,7375,7375,7375,7375,600
2022-09-27 14:13:00,7400,7400,7400,7400,1700
2022-09-27 14:14:00,7375,7375,7400,7400,1500
2022-09-27 14:15:00,7375,7375,7400,7400,900
2022-09-27 14:16:00,7400,7400,7400,7400,900
2022-09-27 14:17:00,7400,7375,7400,7400,1500
2022-09-27 14:18:00,7400,7375,7400,7400,0
2022-09-27 14:19:00,7400,7375,7400,7400,1100
2022-09-27 14:20:00,7400,7375,7400,7400,0
2022-09-27 14:21:00,7400,7375,7400,7400,0
2022-09-27 14:22:00,7375,7375,7400,7400,2600
2022-09-27 14:23:00,7400,7375,7400,7400,900
2022-09-27 14:24:00,7375,7375,7400,7375,1100
2022-09-27 14:25:00,7375,7375,7400,7400,1000
2022-09-27 14:26:00,7375,7375,7425,7425,90700
2022-09-27 14:27:00,7375,7375,7425,7425,0
2022-09-27 14:28:00,7400,7400,7400,7400,1100
2022-09-27 14:29:00,7400,7400,7400,7400,0
2022-09-27 14:30:00,7400,7400,7400,7400,46400
2022-09-27 14:31:00,7400,7400,7400,7400,3000
2022-09-27 14:32:00,7400,7400,7400,7400,0
2022-09-27 14:33:00,7400,7400,7400,7400,0
2022-09-27 14:34:00,7400,7400,7400,7400,5400
2022-09-27 14:35:00,7400,7400,7400,7400,1900
2022-09-27 14:36:00,7400,7400,7400,7400,12700
2022-09-27 14:37:00,7400,7400,7400,7400,6300
2022-09-27 14:38:00,7400,7400,7400,7400,0
2022-09-27 14:39:00,7400,7400,7400,7400,1000
2022-09-27 14:40:00,7400,7400,7400,7400,25100
2022-09-27 14:41:00,7400,7400,7400,7400,0
2022-09-27 14:42:00,7400,7400,7400,7400,15300
2022-09-27 14:43:00,7425,7400,7425,7400,13000
2022-09-27 14:44:00,7400,7400,7400,7400,13900
2022-09-27 14:45:00,7400,7400,7425,7425,94900
2022-09-27 14:46:00,7425,7425,7425,7425,8900
2022-09-27 14:47:00,7425,7425,7425,7425,41000
2022-09-27 14:48:00,7425,7425,7425,7425,3200
2022-09-27 14:49:00,7425,7425,7425,7425,5000
2022-09-27 14:50:00,7425,7425,7425,7425,0
2022-09-27 14:51:00,7425,7425,7425,7425,0
2022-09-27 14:52:00,7425,7425,7425,7425,0
2022-09-27 14:53:00,7425,7425,7425,7425,0
2022-09-27 14:54:00,7425,7425,7425,7425,0
2022-09-27 14:55:00,7425,7425,7425,7425,0
2022-09-27 14:56:00,7425,7425,7425,7425,0
2022-09-27 14:57:00,7425,7425,7425,7425,0
2022-09-27 14:58:00,7425,7425,7425,7425,0
2022-09-27 14:59:00,7425,7425,7425,7425,0
2022-09-27 15:00:00,7400,7400,7400,7400,133400
2022-09-27 15:01:00,7400,7400,7400,7400,24000
2022-09-27 15:02:00,7400,7400,7400,7400,0
2022-09-27 15:03:00,7400,7400,7400,7400,0
2022-09-27 15:04:00,7400,7400,7400,7400,8000
2022-09-27 15:05:00,7400,7400,7400,7400,0
2022-09-27 15:06:00,7400,7400,7400,7400,0
2022-09-27 15:07:00,7400,7400,7400,7400,0
2022-09-27 15:08:00,7400,7400,7400,7400,39200
2022-09-27 15:09:00,7400,7400,7400,7400,4400
2022-09-27 15:10:00,7400,7400,7400,7400,1600
2022-09-27 15:11:00,7400,7400,7400,7400,0
2022-09-27 15:12:00,7400,7400,7400,7400,0
2022-09-27 15:13:00,7400,7400,7400,7400,1698300
2022-09-27 15:14:00,7400,7400,7400,7400,0
2022-09-27 15:15:00,7400,7400,7400,7400,0
2022-09-27 15:16:00,7400,7400,7400,7400,0
2022-09-27 15:17:00,7400,7400,7400,7400,0
2022-09-27 15:18:00,7400,7400,7400,7400,0
2022-09-27 15:19:00,7400,7400,7400,7400,0
2022-09-27 15:20:00,7400,7400,7400,7400,0
2022-09-27 15:21:00,7400,7400,7400,7400,0
2022-09-27 15:22:00,7400,7400,7400,7400,0
2022-09-27 15:23:00,7400,7400,7400,7400,0
2022-09-27 15:24:00,7400,7400,7400,7400,0
2022-09-27 15:25:00,7400,7400,7400,7400,0
2022-09-27 15:26:00,7400,7400,7400,7400,0
2022-09-27 15:27:00,7400,7400,7400,7400,0
2022-09-27 15:28:00,7400,7400,7400,7400,0
2022-09-27 15:29:00,7400,7400,7400,7400,0
2022-09-27 15:30:00,7400,7400,7400,7400,0
2022-09-27 15:31:00,7400,7400,7400,7400,0
2022-09-27 15:32:00,7400,7400,7400,7400,0
2022-09-27 15:33:00,7400,7400,7400,7400,0
2022-09-27 15:34:00,7400,7400,7400,7400,0
2022-09-27 15:35:00,7400,7400,7400,7400,0
2022-09-27 15:36:00,7400,7400,7400,7400,0
2022-09-27 15:37:00,7400,7400,7400,7400,0
2022-09-27 15:38:00,7400,7400,7400,7400,0
2022-09-27 15:39:00,7400,7400,7400,7400,0
2022-09-27 15:40:00,7400,7400,7400,7400,0
2022-09-27 15:41:00,7400,7400,7400,7400,0
2022-09-27 15:42:00,7400,7400,7400,7400,0
2022-09-27 15:43:00,7400,7400,7400,7400,0
2022-09-27 15:44:00,7400,7400,7400,7400,0
2022-09-27 15:45:00,7400,7400,7400,7400,0
2022-09-27 15:46:00,7400,7400,7400,7400,0
2022-09-27 15:47:00,7400,7400,7400,7400,0
2022-09-27 15:48:00,7400,7400,7400,7400,0
2022-09-27 15:49:00,7400,7400,7400,7400,0
2022-09-27 15:50:00,7400,7400,7400,7400,0
2022-09-27 15:51:00,7400,7400,7400,7400,0
2022-09-27 15:52:00,7400,7400,7400,7400,0
2022-09-27 15:53:00,7400,7400,7400,7400,0
2022-09-27 15:54:00,7400,7400,7400,7400,0
2022-09-27 15:55:00,7400,7400,7400,7400,0
2022-09-27 15:56:00,7400,7400,7400,7400,0
2022-09-27 15:57:00,7400,7400,7400,7400,0
2022-09-27 15:58:00,7400,7400,7400,7400,0
2022-09-27 15:59:00,7400,7400,7400,7400,0
2022-09-28 09:00:00,7400,7400,7400,7400,0
2022-09-28 09:01:00,7400,7400,7400,7400,0
2022-09-28 09:02:00,7400,7375,7400,7375,18000
2022-09-28 09:03:00,7400,7400,7400,7400,0
2022-09-28 09:04:00,7400,7400,7400,7400,2000
2022-09-28 09:05:00,7400,7375,7400,7375,11000
2022-09-28 09:06:00,7375,7350,7375,7375,25600
2022-09-28 09:07:00,7375,7350,7375,7350,400
2022-09-28 09:08:00,7375,7375,7375,7375,17600
2022-09-28 09:09:00,7375,7375,7375,7375,0
2022-09-28 09:10:00,7350,7350,7350,7350,6500
2022-09-28 09:11:00,7350,7350,7350,7350,1100
2022-09-28 09:12:00,7350,7350,7350,7350,400
2022-09-28 09:13:00,7375,7375,7375,7375,19700
2022-09-28 09:14:00,7375,7375,7375,7375,4300
2022-09-28 09:15:00,7375,7375,7375,7375,0
2022-09-28 09:16:00,7375,7375,7375,7375,0
2022-09-28 09:17:00,7375,7375,7375,7375,500
2022-09-28 09:18:00,7375,7375,7375,7375,0
2022-09-28 09:19:00,7350,7350,7375,7375,7000
2022-09-28 09:20:00,7375,7375,7400,7375,3000
2022-09-28 09:21:00,7375,7375,7400,7375,1300
2022-09-28 09:22:00,7375,7375,7400,7400,1000
2022-09-28 09:23:00,7375,7375,7400,7400,0
2022-09-28 09:24:00,7375,7375,7375,7375,600
2022-09-28 09:25:00,7375,7375,7375,7375,9800
2022-09-28 09:26:00,7375,7350,7375,7350,64500
2022-09-28 09:27:00,7350,7350,7350,7350,1000
2022-09-28 09:28:00,7350,7350,7350,7350,21200
2022-09-28 09:29:00,7325,7325,7350,7350,5500
2022-09-28 09:30:00,7350,7325,7350,7325,28600
2022-09-28 09:31:00,7325,7325,7325,7325,2100
2022-09-28 09:32:00,7325,7325,7325,7325,1700
2022-09-28 09:33:00,7325,7325,7325,7325,0
2022-09-28 09:34:00,7350,7325,7350,7325,1100
2022-09-28 09:35:00,7350,7325,7350,7350,3900
2022-09-28 09:36:00,7325,7325,7350,7350,9900
2022-09-28 09:37:00,7350,7325,7350,7350,5300
2022-09-28 09:38:00,7350,7350,7350,7350,2100
2022-09-28 09:39:00,7350,7350,7350,7350,400
2022-09-28 09:40:00,7350,7350,7350,7350,0
2022-09-28 09:41:00,7350,7325,7350,7350,20700
2022-09-28 09:42:00,7350,7350,7350,7350,0
2022-09-28 09:43:00,7350,7350,7350,7350,0
2022-09-28 09:44:00,7350,7350,7350,7350,500
2022-09-28 09:45:00,7350,7325,7350,7325,11600
2022-09-28 09:46:00,7300,7300,7325,7325,53100
2022-09-28 09:47:00,7325,7325,7325,7325,8900
2022-09-28 09:48:00,7325,7300,7350,7325,23500
2022-09-28 09:49:00,7325,7325,7325,7325,1900
2022-09-28 09:50:00,7325,7325,7325,7325,200
2022-09-28 09:51:00,7325,7325,7325,7325,0
2022-09-28 09:52:00,7325,7325,7325,7325,0
2022-09-28 09:53:00,7325,7325,7325,7325,2300
2022-09-28 09:54:00,7325,7325,7325,7325,0
2022-09-28 09:55:00,7375,7375,7375,7375,500
2022-09-28 09:56:00,7375,7375,7375,7375,200
2022-09-28 09:57:00,7375,7375,7375,7375,0
2022-09-28 09:58:00,7375,7375,7375,7375,0
2022-09-28 09:59:00,7375,7375,7375,7375,0
2022-09-28 10:00:00,7350,7325,7350,7325,600
2022-09-28 10:01:00,7350,7325,7350,7325,0
2022-09-28 10:02:00,7350,7325,7350,7325,0
2022-09-28 10:03:00,7350,7325,7350,7325,0
2022-09-28 10:04:00,7325,7325,7350,7350,2700
2022-09-28 10:05:00,7325,7325,7350,7350,2300
2022-09-28 10:06:00,7325,7325,7350,7350,0
2022-09-28 10:07:00,7350,7325,7350,7325,8600
2022-09-28 10:08:00,7325,7325,7325,7325,7600
2022-09-28 10:09:00,7325,7325,7350,7350,17500
2022-09-28 10:10:00,7350,7325,7350,7325,12500
2022-09-28 10:11:00,7350,7350,7350,7350,1300
2022-09-28 10:12:00,7350,7325,7350,7350,2200
2022-09-28 10:13:00,7350,7325,7350,7350,9000
2022-09-28 10:14:00,7350,7350,7350,7350,100
2022-09-28 10:15:00,7350,7350,7350,7350,0
2022-09-28 10:16:00,7350,7350,7350,7350,1200
2022-09-28 10:17:00,7350,7350,7350,7350,200
2022-09-28 10:18:00,7350,7350,7350,7350,700
2022-09-28 10:19:00,7350,7350,7350,7350,0
2022-09-28 10:20:00,7350,7350,7350,7350,0
2022-09-28 10:21:00,7325,7325,7350,7350,2000
2022-09-28 10:22:00,7350,7350,7350,7350,100
2022-09-28 10:23:00,7350,7350,7350,7350,600
2022-09-28 10:24:00,7350,7350,7350,7350,0
2022-09-28 10:25:00,7350,7350,7350,7350,0
2022-09-28 10:26:00,7350,7325,7350,7325,1100
2022-09-28 10:27:00,7350,7350,7350,7350,200
2022-09-28 10:28:00,7350,7350,7350,7350,0
2022-09-28 10:29:00,7350,7350,7350,7350,0
2022-09-28 10:30:00,7350,7350,7350,7350,0
2022-09-28 10:31:00,7350,7325,7350,7350,600
2022-09-28 10:32:00,7350,7350,7350,7350,1000
2022-09-28 10:33:00,7350,7350,7350,7350,100
2022-09-28 10:34:00,7350,7350,7350,7350,0
2022-09-28 10:35:00,7350,7325,7350,7325,500
2022-09-28 10:36:00,7350,7325,7350,7325,0
2022-09-28 10:37:00,7350,7300,7350,7300,39300
2022-09-28 10:38:00,7350,7300,7350,7300,0
2022-09-28 10:39:00,7325,7325,7325,7325,200
2022-09-28 10:40:00,7325,7325,7325,7325,0
2022-09-28 10:41:00,7325,7300,7350,7350,48400
2022-09-28 10:42:00,7325,7325,7325,7325,35000
2022-09-28 10:43:00,7325,7325,7325,7325,15300
2022-09-28 10:44:00,7325,7325,7325,7325,400
2022-09-28 10:45:00,7325,7325,7350,7350,9300
2022-09-28 10:46:00,7350,7325,7350,7325,5700
2022-09-28 10:47:00,7300,7300,7325,7325,400
2022-09-28 10:48:00,7325,7325,7325,7325,1100
2022-09-28 10:49:00,7325,7325,7350,7350,4700
2022-09-28 10:50:00,7325,7325,7350,7350,0
2022-09-28 10:51:00,7350,7350,7350,7350,800
2022-09-28 10:52:00,7350,7350,7350,7350,600
2022-09-28 10:53:00,7350,7350,7350,7350,2600
2022-09-28 10:54:00,7350,7300,7350,7325,27900
2022-09-28 10:55:00,7325,7325,7325,7325,6700
2022-09-28 10:56:00,7325,7325,7325,7325,0
2022-09-28 10:57:00,7325,7325,7325,7325,2200
2022-09-28 10:58:00,7325,7325,7325,7325,800
2022-09-28 10:59:00,7325,7325,7325,7325,500
2022-09-28 11:00:00,7325,7325,7325,7325,1100
2022-09-28 11:01:00,7325,7325,7325,7325,200
2022-09-28 11:02:00,7325,7325,7325,7325,600
2022-09-28 11:03:00,7325,7325,7325,7325,5800
2022-09-28 11:04:00,7325,7325,7325,7325,0
2022-09-28 11:05:00,7325,7325,7325,7325,7900
2022-09-28 11:06:00,7325,7300,7325,7325,20900
2022-09-28 11:07:00,7325,7325,7325,7325,3700
2022-09-28 11:08:00,7325,7325,7350,7350,6700
2022-09-28 11:09:00,7350,7350,7350,7350,600
2022-09-28 11:10:00,7325,7325,7350,7350,400
2022-09-28 11:11:00,7350,7325,7350,7350,3400
2022-09-28 11:12:00,7350,7350,7350,7350,1300
2022-09-28 11:13:00,7325,7325,7350,7350,3400
2022-09-28 11:14:00,7325,7325,7350,7350,2000
2022-09-28 11:15:00,7325,7325,7350,7350,0
2022-09-28 11:16:00,7350,7350,7350,7350,3100
2022-09-28 11:17:00,7350,7350,7350,7350,1500
2022-09-28 11:18:00,7350,7350,7350,7350,0
2022-09-28 11:19:00,7350,7350,7350,7350,12700
2022-09-28 11:20:00,7350,7325,7350,7350,2500
2022-09-28 11:21:00,7350,7350,7350,7350,3300
2022-09-28 11:22:00,7350,7350,7350,7350,2100
2022-09-28 11:23:00,7350,7350,7350,7350,2100
2022-09-28 11:24:00,7350,7350,7350,7350,5300
2022-09-28 11:25:00,7350,7350,7350,7350,3600
2022-09-28 11:26:00,7350,7350,7350,7350,2800
2022-09-28 11:27:00,7350,7350,7350,7350,9300
2022-09-28 11:28:00,7375,7375,7375,7375,700
2022-09-28 11:29:00,7375,7375,7375,7375,0
2022-09-28 11:30:00,7375,7375,7375,7375,0
2022-09-28 11:31:00,7375,7375,7375,7375,0
2022-09-28 11:32:00,7375,7375,7375,7375,0
2022-09-28 11:33:00,7375,7375,7375,7375,0
2022-09-28 11:34:00,7375,7375,7375,7375,0
2022-09-28 11:35:00,7375,7375,7375,7375,0
2022-09-28 11:36:00,7375,7375,7375,7375,0
2022-09-28 11:37:00,7375,7375,7375,7375,0
2022-09-28 11:38:00,7375,7375,7375,7375,0
2022-09-28 11:39:00,7375,7375,7375,7375,0
2022-09-28 11:40:00,7375,7375,7375,7375,0
2022-09-28 11:41:00,7375,7375,7375,7375,0
2022-09-28 11:42:00,7375,7375,7375,7375,0
2022-09-28 11:43:00,7375,7375,7375,7375,0
2022-09-28 11:44:00,7375,7375,7375,7375,0
2022-09-28 11:45:00,7375,7375,7375,7375,0
2022-09-28 11:46:00,7375,7375,7375,7375,0
2022-09-28 11:47:00,7375,7375,7375,7375,0
2022-09-28 11:48:00,7375,7375,7375,7375,0
2022-09-28 11:49:00,7375,7375,7375,7375,0
2022-09-28 11:50:00,7375,7375,7375,7375,0
2022-09-28 11:51:00,7375,7375,7375,7375,0
2022-09-28 11:52:00,7375,7375,7375,7375,0
2022-09-28 11:53:00,7375,7375,7375,7375,0
2022-09-28 11:54:00,7375,7375,7375,7375,0
2022-09-28 11:55:00,7375,7375,7375,7375,0
2022-09-28 11:56:00,7375,7375,7375,7375,0
2022-09-28 11:57:00,7375,7375,7375,7375,0
2022-09-28 11:58:00,7375,7375,7375,7375,0
2022-09-28 11:59:00,7375,7375,7375,7375,0
2022-09-28 12:00:00,7375,7375,7375,7375,0
2022-09-28 12:01:00,7375,7375,7375,7375,0
2022-09-28 12:02:00,7375,7375,7375,7375,0
2022-09-28 12:03:00,7375,7375,7375,7375,0
2022-09-28 12:04:00,7375,7375,7375,7375,0
2022-09-28 12:05:00,7375,7375,7375,7375,0
2022-09-28 12:06:00,7375,7375,7375,7375,0
2022-09-28 12:07:00,7375,7375,7375,7375,0
2022-09-28 12:08:00,7375,7375,7375,7375,0
2022-09-28 12:09:00,7375,7375,7375,7375,0
2022-09-28 12:10:00,7375,7375,7375,7375,0
2022-09-28 12:11:00,7375,7375,7375,7375,0
2022-09-28 12:12:00,7375,7375,7375,7375,0
2022-09-28 12:13:00,7375,7375,7375,7375,0
2022-09-28 12:14:00,7375,7375,7375,7375,0
2022-09-28 12:15:00,7375,7375,7375,7375,0
2022-09-28 12:16:00,7375,7375,7375,7375,0
2022-09-28 12:17:00,7375,7375,7375,7375,0
2022-09-28 12:18:00,7375,7375,7375,7375,0
2022-09-28 12:19:00,7375,7375,7375,7375,0
2022-09-28 12:20:00,7375,7375,7375,7375,0
2022-09-28 12:21:00,7375,7375,7375,7375,0
2022-09-28 12:22:00,7375,7375,7375,7375,0
2022-09-28 12:23:00,7375,7375,7375,7375,0
2022-09-28 12:24:00,7375,7375,7375,7375,0
2022-09-28 12:25:00,7375,7375,7375,7375,0
2022-09-28 12:26:00,7375,7375,7375,7375,0
2022-09-28 12:27:00,7375,7375,7375,7375,0
2022-09-28 12:28:00,7375,7375,7375,7375,0
2022-09-28 12:29:00,7375,7375,7375,7375,0
2022-09-28 12:30:00,7375,7375,7375,7375,0
2022-09-28 12:31:00,7375,7375,7375,7375,0
2022-09-28 12:32:00,7375,7375,7375,7375,0
2022-09-28 12:33:00,7375,7375,7375,7375,0
2022-09-28 12:34:00,7375,7375,7375,7375,0
2022-09-28 12:35:00,7375,7375,7375,7375,0
2022-09-28 12:36:00,7375,7375,7375,7375,0
2022-09-28 12:37:00,7375,7375,7375,7375,0
2022-09-28 12:38:00,7375,7375,7375,7375,0
2022-09-28 12:39:00,7375,7375,7375,7375,0
2022-09-28 12:40:00,7375,7375,7375,7375,0
2022-09-28 12:41:00,7375,7375,7375,7375,0
2022-09-28 12:42:00,7375,7375,7375,7375,0
2022-09-28 12:43:00,7375,7375,7375,7375,0
2022-09-28 12:44:00,7375,7375,7375,7375,0
2022-09-28 12:45:00,7375,7375,7375,7375,0
2022-09-28 12:46:00,7375,7375,7375,7375,0
2022-09-28 12:47:00,7375,7375,7375,7375,0
2022-09-28 12:48:00,7375,7375,7375,7375,0
2022-09-28 12:49:00,7375,7375,7375,7375,0
2022-09-28 12:50:00,7375,7375,7375,7375,0
2022-09-28 12:51:00,7375,7375,7375,7375,0
2022-09-28 12:52:00,7375,7375,7375,7375,0
2022-09-28 12:53:00,7375,7375,7375,7375,0
2022-09-28 12:54:00,7375,7375,7375,7375,0
2022-09-28 12:55:00,7375,7375,7375,7375,0
2022-09-28 12:56:00,7375,7375,7375,7375,0
2022-09-28 12:57:00,7375,7375,7375,7375,0
2022-09-28 12:58:00,7375,7375,7375,7375,0
2022-09-28 12:59:00,7375,7375,7375,7375,0
2022-09-28 13:00:00,7375,7375,7375,7375,0
2022-09-28 13:01:00,7375,7375,7375,7375,0
2022-09-28 13:02:00,7375,7375,7375,7375,0
2022-09-28 13:03:00,7375,7375,7375,7375,0
2022-09-28 13:04:00,7375,7375,7375,7375,0
2022-09-28 13:05:00,7375,7375,7375,7375,0
2022-09-28 13:06:00,7375,7375,7375,7375,0
2022-09-28 13:07:00,7375,7375,7375,7375,0
2022-09-28 13:08:00,7375,7375,7375,7375,0
2022-09-28 13:09:00,7375,7375,7375,7375,0
2022-09-28 13:10:00,7375,7375,7375,7375,0
2022-09-28 13:11:00,7375,7375,7375,7375,0
2022-09-28 13:12:00,7375,7375,7375,7375,0
2022-09-28 13:13:00,7375,7375,7375,7375,0
2022-09-28 13:14:00,7375,7375,7375,7375,0
2022-09-28 13:15:00,7375,7375,7375,7375,0
2022-09-28 13:16:00,7375,7375,7375,7375,0
2022-09-28 13:17:00,7375,7375,7375,7375,0
2022-09-28 13:18:00,7375,7375,7375,7375,0
2022-09-28 13:19:00,7375,7375,7375,7375,0
2022-09-28 13:20:00,7375,7375,7375,7375,0
2022-09-28 13:21:00,7375,7375,7375,7375,0
2022-09-28 13:22:00,7375,7375,7375,7375,0
2022-09-28 13:23:00,7375,7375,7375,7375,0
2022-09-28 13:24:00,7375,7375,7375,7375,0
2022-09-28 13:25:00,7375,7375,7375,7375,0
2022-09-28 13:26:00,7375,7375,7375,7375,0
2022-09-28 13:27:00,7375,7375,7375,7375,0
2022-09-28 13:28:00,7375,7375,7375,7375,0
2022-09-28 13:29:00,7375,7375,7375,7375,0
2022-09-28 13:30:00,7375,7375,7375,7375,2800
2022-09-28 13:31:00,7375,7375,7375,7375,0
2022-09-28 13:32:00,7350,7350,7350,7350,4100
2022-09-28 13:33:00,7375,7375,7375,7375,400
2022-09-28 13:34:00,7375,7375,7375,7375,0
2022-09-28 13:35:00,7375,7375,7375,7375,900
2022-09-28 13:36:00,7375,7375,7375,7375,600
2022-09-28 13:37:00,7375,7375,7375,7375,1600
2022-09-28 13:38:00,7375,7350,7375,7350,52500
2022-09-28 13:39:00,7350,7350,7350,7350,0
2022-09-28 13:40:00,7350,7350,7350,7350,0
2022-09-28 13:41:00,7350,7350,7350,7350,1900
2022-09-28 13:42:00,7350,7350,7350,7350,700
2022-09-28 13:43:00,7325,7325,7325,7325,1700
2022-09-28 13:44:00,7325,7325,7325,7325,0
2022-09-28 13:45:00,7325,7325,7350,7350,14800
2022-09-28 13:46:00,7325,7325,7350,7350,0
2022-09-28 13:47:00,7350,7350,7350,7350,0
2022-09-28 13:48:00,7350,7350,7350,7350,1000
2022-09-28 13:49:00,7350,7350,7350,7350,12100
2022-09-28 13:50:00,7350,7350,7350,7350,0
2022-09-28 13:51:00,7350,7350,7350,7350,0
2022-09-28 13:52:00,7350,7350,7350,7350,0
2022-09-28 13:53:00,7350,7350,7350,7350,2700
2022-09-28 13:54:00,7350,7350,7350,7350,0
2022-09-28 13:55:00,7350,7350,7350,7350,17100
2022-09-28 13:56:00,7350,7350,7375,7375,11200
2022-09-28 13:57:00,7350,7350,7375,7375,0
2022-09-28 13:58:00,7375,7375,7375,7375,600
2022-09-28 13:59:00,7375,7375,7375,7375,0
2022-09-28 14:00:00,7375,7375,7375,7375,0
2022-09-28 14:01:00,7350,7350,7350,7350,2400
2022-09-28 14:02:00,7350,7350,7350,7350,0
2022-09-28 14:03:00,7350,7350,7350,7350,1600
2022-09-28 14:04:00,7350,7350,7350,7350,1500
2022-09-28 14:05:00,7350,7350,7350,7350,1200
2022-09-28 14:06:00,7350,7350,7350,7350,0
2022-09-28 14:07:00,7375,7375,7375,7375,800
2022-09-28 14:08:00,7375,7350,7375,7350,2300
2022-09-28 14:09:00,7375,7375,7375,7375,400
2022-09-28 14:10:00,7375,7375,7375,7375,0
2022-09-28 14:11:00,7375,7350,7375,7375,15300
2022-09-28 14:12:00,7375,7375,7375,7375,3000
2022-09-28 14:13:00,7375,7375,7375,7375,800
2022-09-28 14:14:00,7375,7375,7375,7375,1600
2022-09-28 14:15:00,7375,7350,7375,7375,11000
2022-09-28 14:16:00,7375,7375,7375,7375,0
2022-09-28 14:17:00,7375,7375,7375,7375,0
2022-09-28 14:18:00,7350,7350,7350,7350,100
2022-09-28 14:19:00,7350,7350,7350,7350,100
2022-09-28 14:20:00,7350,7350,7350,7350,600
2022-09-28 14:21:00,7325,7325,7350,7350,56400
2022-09-28 14:22:00,7350,7325,7350,7325,400
2022-09-28 14:23:00,7350,7350,7350,7350,3600
2022-09-28 14:24:00,7325,7325,7350,7325,33900
2022-09-28 14:25:00,7350,7350,7350,7350,1200
2022-09-28 14:26:00,7350,7325,7350,7325,1500
2022-09-28 14:27:00,7350,7325,7350,7325,3400
2022-09-28 14:28:00,7350,7325,7350,7325,2600
2022-09-28 14:29:00,7350,7325,7350,7325,5700
2022-09-28 14:30:00,7350,7325,7350,7325,18200
2022-09-28 14:31:00,7350,7325,7350,7350,2900
2022-09-28 14:32:00,7325,7325,7375,7375,34400
2022-09-28 14:33:00,7375,7350,7375,7375,14300
2022-09-28 14:34:00,7375,7375,7375,7375,9300
2022-09-28 14:35:00,7375,7375,7375,7375,2500
2022-09-28 14:36:00,7350,7350,7375,7350,37600
2022-09-28 14:37:00,7350,7350,7375,7375,26600
2022-09-28 14:38:00,7375,7350,7375,7375,1700
2022-09-28 14:39:00,7375,7350,7375,7350,2500
2022-09-28 14:40:00,7375,7350,7375,7350,11300
2022-09-28 14:41:00,7350,7350,7375,7375,3600
2022-09-28 14:42:00,7375,7375,7375,7375,1200
2022-09-28 14:43:00,7325,7325,7325,7325,2900
2022-09-28 14:44:00,7325,7325,7325,7325,17800
2022-09-28 14:45:00,7325,7300,7325,7300,23600
2022-09-28 14:46:00,7325,7300,7325,7300,2900
2022-09-28 14:47:00,7300,7300,7325,7300,186400
2022-09-28 14:48:00,7300,7300,7350,7300,45200
2022-09-28 14:49:00,7350,7300,7350,7300,20400
2022-09-28 14:50:00,7350,7300,7350,7300,0
2022-09-28 14:51:00,7350,7300,7350,7300,0
2022-09-28 14:52:00,7350,7300,7350,7300,0
2022-09-28 14:53:00,7350,7300,7350,7300,0
2022-09-28 14:54:00,7350,7300,7350,7300,0
2022-09-28 14:55:00,7350,7300,7350,7300,0
2022-09-28 14:56:00,7350,7300,7350,7300,0
2022-09-28 14:57:00,7350,7300,7350,7300,0
2022-09-28 14:58:00,7350,7300,7350,7300,0
2022-09-28 14:59:00,7350,7300,7350,7300,0
2022-09-28 15:00:00,7300,7300,7300,7300,78500
2022-09-28 15:01:00,7300,7300,7300,7300,5100
2022-09-28 15:02:00,7300,7300,7300,7300,2000
2022-09-28 15:03:00,7300,7300,7300,7300,158700
2022-09-28 15:04:00,7300,7300,7300,7300,6900
2022-09-28 15:05:00,7300,7300,7300,7300,0
2022-09-28 15:06:00,7300,7300,7300,7300,0
2022-09-28 15:07:00,7300,7300,7300,7300,0
2022-09-28 15:08:00,7300,7300,7300,7300,200
2022-09-28 15:09:00,7300,7300,7300,7300,0
2022-09-28 15:10:00,7300,7300,7300,7300,0
2022-09-28 15:11:00,7300,7300,7300,7300,100
2022-09-28 15:12:00,7300,7300,7300,7300,0
2022-09-28 15:13:00,7300,7300,7300,7300,1777200
2022-09-28 15:14:00,7300,7300,7300,7300,0
2022-09-28 15:15:00,7300,7300,7300,7300,0
2022-09-28 15:16:00,7300,7300,7300,7300,0
2022-09-28 15:17:00,7300,7300,7300,7300,0
2022-09-28 15:18:00,7300,7300,7300,7300,0
2022-09-28 15:19:00,7300,7300,7300,7300,0
2022-09-28 15:20:00,7300,7300,7300,7300,0
2022-09-28 15:21:00,7300,7300,7300,7300,0
2022-09-28 15:22:00,7300,7300,7300,7300,0
2022-09-28 15:23:00,7300,7300,7300,7300,0
2022-09-28 15:24:00,7300,7300,7300,7300,0
2022-09-28 15:25:00,7300,7300,7300,7300,0
2022-09-28 15:26:00,7300,7300,7300,7300,0
2022-09-28 15:27:00,7300,7300,7300,7300,0
2022-09-28 15:28:00,7300,7300,7300,7300,0
2022-09-28 15:29:00,7300,7300,7300,7300,0
2022-09-28 15:30:00,7300,7300,7300,7300,0
2022-09-28 15:31:00,7300,7300,7300,7300,0
2022-09-28 15:32:00,7300,7300,7300,7300,0
2022-09-28 15:33:00,7300,7300,7300,7300,0
2022-09-28 15:34:00,7300,7300,7300,7300,0
2022-09-28 15:35:00,7300,7300,7300,7300,0
2022-09-28 15:36:00,7300,7300,7300,7300,0
2022-09-28 15:37:00,7300,7300,7300,7300,0
2022-09-28 15:38:00,7300,7300,7300,7300,0
2022-09-28 15:39:00,7300,7300,7300,7300,0
2022-09-28 15:40:00,7300,7300,7300,7300,0
2022-09-28 15:41:00,7300,7300,7300,7300,0
2022-09-28 15:42:00,7300,7300,7300,7300,0
2022-09-28 15:43:00,7300,7300,7300,7300,0
2022-09-28 15:44:00,7300,7300,7300,7300,0
2022-09-28 15:45:00,7300,7300,7300,7300,0
2022-09-28 15:46:00,7300,7300,7300,7300,0
2022-09-28 15:47:00,7300,7300,7300,7300,0
2022-09-28 15:48:00,7300,7300,7300,7300,0
2022-09-28 15:49:00,7300,7300,7300,7300,0
2022-09-28 15:50:00,7300,7300,7300,7300,0
2022-09-28 15:51:00,7300,7300,7300,7300,0
2022-09-28 15:52:00,7300,7300,7300,7300,0
2022-09-28 15:53:00,7300,7300,7300,7300,0
2022-09-28 15:54:00,7300,7300,7300,7300,0
2022-09-28 15:55:00,7300,7300,7300,7300,0
2022-09-28 15:56:00,7300,7300,7300,7300,0
2022-09-28 15:57:00,7300,7300,7300,7300,0
2022-09-28 15:58:00,7300,7300,7300,7300,0
2022-09-28 15:59:00,7300,7300,7300,7300,0
2022-09-29 09:00:00,7500,7275,7500,7350,0
2022-09-29 09:01:00,7325,7300,7350,7300,2200
2022-09-29 09:02:00,7325,7300,7350,7300,32400
2022-09-29 09:03:00,7350,7325,7375,7375,15400
2022-09-29 09:04:00,7350,7350,7350,7350,33300
2022-09-29 09:05:00,7350,7350,7350,7350,11300
2022-09-29 09:06:00,7375,7375,7375,7375,1300
2022-09-29 09:07:00,7375,7375,7375,7375,17600
2022-09-29 09:08:00,7375,7375,7375,7375,7900
2022-09-29 09:09:00,7350,7350,7350,7350,38600
2022-09-29 09:10:00,7375,7375,7375,7375,500
2022-09-29 09:11:00,7375,7375,7375,7375,0
2022-09-29 09:12:00,7350,7350,7350,7350,21900
2022-09-29 09:13:00,7375,7375,7375,7375,0
2022-09-29 09:14:00,7375,7350,7375,7350,11800
2022-09-29 09:15:00,7350,7350,7350,7350,23100
2022-09-29 09:16:00,7350,7350,7350,7350,4100
2022-09-29 09:17:00,7350,7350,7350,7350,0
2022-09-29 09:18:00,7350,7350,7375,7350,9900
2022-09-29 09:19:00,7350,7350,7375,7350,12400
2022-09-29 09:20:00,7375,7350,7375,7350,4700
2022-09-29 09:21:00,7350,7350,7350,7350,5500
2022-09-29 09:22:00,7350,7325,7350,7350,7900
2022-09-29 09:23:00,7325,7325,7350,7325,5000
2022-09-29 09:24:00,7325,7325,7325,7325,0
2022-09-29 09:25:00,7325,7325,7325,7325,700
2022-09-29 09:26:00,7325,7325,7325,7325,5300
2022-09-29 09:27:00,7350,7325,7350,7350,7200
2022-09-29 09:28:00,7350,7325,7350,7350,21500
2022-09-29 09:29:00,7350,7325,7350,7350,0
2022-09-29 09:30:00,7350,7325,7350,7350,0
2022-09-29 09:31:00,7350,7325,7350,7350,0
2022-09-29 09:32:00,7350,7325,7350,7350,0
2022-09-29 09:33:00,7350,7325,7350,7350,0
2022-09-29 09:34:00,7350,7300,7350,7300,76300
2022-09-29 09:35:00,7300,7300,7325,7325,1600
2022-09-29 09:36:00,7325,7325,7325,7325,12300
2022-09-29 09:37:00,7325,7325,7325,7325,1500
2022-09-29 09:38:00,7325,7325,7350,7350,11800
2022-09-29 09:39:00,7325,7325,7325,7325,200
2022-09-29 09:40:00,7325,7325,7325,7325,1400
2022-09-29 09:41:00,7325,7325,7350,7350,7500
2022-09-29 09:42:00,7350,7350,7350,7350,3800
2022-09-29 09:43:00,7350,7350,7350,7350,0
2022-09-29 09:44:00,7350,7350,7350,7350,0
2022-09-29 09:45:00,7325,7325,7325,7325,57500
2022-09-29 09:46:00,7350,7325,7350,7325,3000
2022-09-29 09:47:00,7350,7325,7350,7325,0
2022-09-29 09:48:00,7350,7325,7350,7325,0
2022-09-29 09:49:00,7350,7325,7350,7325,0
2022-09-29 09:50:00,7325,7325,7350,7325,3000
2022-09-29 09:51:00,7350,7350,7350,7350,3800
2022-09-29 09:52:00,7350,7350,7350,7350,0
2022-09-29 09:53:00,7325,7325,7350,7350,300
2022-09-29 09:54:00,7350,7350,7350,7350,7700
2022-09-29 09:55:00,7350,7350,7350,7350,1400
2022-09-29 09:56:00,7350,7350,7350,7350,0
2022-09-29 09:57:00,7350,7350,7350,7350,0
2022-09-29 09:58:00,7325,7325,7325,7325,2300
2022-09-29 09:59:00,7350,7350,7350,7350,1100
2022-09-29 10:00:00,7350,7350,7350,7350,1200
2022-09-29 10:01:00,7325,7325,7325,7325,6800
2022-09-29 10:02:00,7350,7325,7350,7325,2300
2022-09-29 10:03:00,7325,7325,7350,7325,78100
2022-09-29 10:04:00,7325,7300,7325,7300,5400
2022-09-29 10:05:00,7300,7300,7300,7300,0
2022-09-29 10:06:00,7300,7300,7300,7300,3300
2022-09-29 10:07:00,7325,7325,7325,7325,1000
2022-09-29 10:08:00,7325,7325,7325,7325,0
2022-09-29 10:09:00,7300,7300,7300,7300,2200
2022-09-29 10:10:00,7300,7300,7300,7300,0
2022-09-29 10:11:00,7300,7300,7300,7300,300
2022-09-29 10:12:00,7300,7250,7300,7250,210300
2022-09-29 10:13:00,7250,7250,7275,7275,1000
2022-09-29 10:14:00,7275,7250,7275,7250,500
2022-09-29 10:15:00,7250,7250,7250,7250,1000
2022-09-29 10:16:00,7250,7250,7250,7250,3700
2022-09-29 10:17:00,7250,7250,7250,7250,9600
2022-09-29 10:18:00,7250,7250,7275,7275,8400
2022-09-29 10:19:00,7275,7275,7275,7275,6000
2022-09-29 10:20:00,7275,7275,7275,7275,200
2022-09-29 10:21:00,7275,7250,7275,7250,28600
2022-09-29 10:22:00,7250,7250,7275,7275,0
2022-09-29 10:23:00,7275,7275,7275,7275,0
2022-09-29 10:24:00,7275,7250,7275,7250,11100
2022-09-29 10:25:00,7250,7250,7275,7275,7600
2022-09-29 10:26:00,7275,7250,7275,7250,12000
2022-09-29 10:27:00,7275,7250,7275,7250,0
2022-09-29 10:28:00,7250,7250,7250,7250,46800
2022-09-29 10:29:00,7225,7225,7225,7225,2600
2022-09-29 10:30:00,7225,7225,7250,7225,24300
2022-09-29 10:31:00,7225,7225,7225,7225,1200
2022-09-29 10:32:00,7225,7225,7225,7225,2700
2022-09-29 10:33:00,7250,7225,7250,7250,2900
2022-09-29 10:34:00,7250,7250,7250,7250,7300
2022-09-29 10:35:00,7250,7250,7250,7250,0
2022-09-29 10:36:00,7250,7250,7300,7300,60400
2022-09-29 10:37:00,7300,7275,7300,7275,6000
2022-09-29 10:38:00,7275,7275,7275,7275,100
2022-09-29 10:39:00,7275,7275,7275,7275,500
2022-09-29 10:40:00,7300,7300,7325,7325,11100
2022-09-29 10:41:00,7325,7300,7325,7300,2400
2022-09-29 10:42:00,7325,7300,7325,7300,0
2022-09-29 10:43:00,7325,7300,7325,7300,0
2022-09-29 10:44:00,7300,7300,7300,7300,21400
2022-09-29 10:45:00,7300,7300,7300,7300,3000
2022-09-29 10:46:00,7300,7300,7300,7300,700
2022-09-29 10:47:00,7300,7300,7325,7325,19700
2022-09-29 10:48:00,7325,7325,7325,7325,6100
2022-09-29 10:49:00,7300,7300,7300,7300,9500
2022-09-29 10:50:00,7300,7300,7300,7300,0
2022-09-29 10:51:00,7300,7300,7300,7300,0
2022-09-29 10:52:00,7300,7300,7300,7300,0
2022-09-29 10:53:00,7325,7325,7325,7325,0
2022-09-29 10:54:00,7300,7300,7300,7300,200
2022-09-29 10:55:00,7325,7325,7350,7325,26300
2022-09-29 10:56:00,7325,7325,7325,7325,1100
2022-09-29 10:57:00,7325,7325,7325,7325,1300
2022-09-29 10:58:00,7325,7325,7325,7325,0
2022-09-29 10:59:00,7325,7325,7325,7325,0
2022-09-29 11:00:00,7350,7350,7350,7350,59700
2022-09-29 11:01:00,7350,7350,7350,7350,0
2022-09-29 11:02:00,7350,7350,7350,7350,1400
2022-09-29 11:03:00,7350,7350,7350,7350,0
2022-09-29 11:04:00,7350,7350,7350,7350,0
2022-09-29 11:05:00,7350,7350,7350,7350,9000
2022-09-29 11:06:00,7350,7350,7350,7350,10700
2022-09-29 11:07:00,7350,7350,7350,7350,0
2022-09-29 11:08:00,7350,7350,7350,7350,0
2022-09-29 11:09:00,7350,7350,7350,7350,6100
2022-09-29 11:10:00,7350,7350,7350,7350,0
2022-09-29 11:11:00,7350,7350,7350,7350,0
2022-09-29 11:12:00,7350,7350,7350,7350,1700
2022-09-29 11:13:00,7375,7350,7375,7375,1600
2022-09-29 11:14:00,7375,7375,7375,7375,4100
2022-09-29 11:15:00,7350,7350,7350,7350,0
2022-09-29 11:16:00,7375,7375,7375,7375,900
2022-09-29 11:17:00,7375,7375,7375,7375,0
2022-09-29 11:18:00,7375,7375,7375,7375,0
2022-09-29 11:19:00,7375,7375,7375,7375,0
2022-09-29 11:20:00,7375,7350,7375,7350,11200
2022-09-29 11:21:00,7375,7350,7375,7350,20600
2022-09-29 11:22:00,7350,7350,7350,7350,0
2022-09-29 11:23:00,7350,7350,7350,7350,5000
2022-09-29 11:24:00,7350,7350,7350,7350,900
2022-09-29 11:25:00,7350,7350,7350,7350,6700
2022-09-29 11:26:00,7350,7350,7350,7350,2000
2022-09-29 11:27:00,7375,7375,7375,7375,0
2022-09-29 11:28:00,7375,7350,7375,7375,1800
2022-09-29 11:29:00,7350,7350,7350,7350,5200
2022-09-29 11:30:00,7350,7350,7350,7350,0
2022-09-29 11:31:00,7350,7350,7350,7350,0
2022-09-29 11:32:00,7350,7350,7350,7350,0
2022-09-29 11:33:00,7350,7350,7350,7350,0
2022-09-29 11:34:00,7350,7350,7350,7350,0
2022-09-29 11:35:00,7350,7350,7350,7350,0
2022-09-29 11:36:00,7350,7350,7350,7350,0
2022-09-29 11:37:00,7350,7350,7350,7350,0
2022-09-29 11:38:00,7350,7350,7350,7350,0
2022-09-29 11:39:00,7350,7350,7350,7350,0
2022-09-29 11:40:00,7350,7350,7350,7350,0
2022-09-29 11:41:00,7350,7350,7350,7350,0
2022-09-29 11:42:00,7350,7350,7350,7350,0
2022-09-29 11:43:00,7350,7350,7350,7350,0
2022-09-29 11:44:00,7350,7350,7350,7350,0
2022-09-29 11:45:00,7350,7350,7350,7350,0
2022-09-29 11:46:00,7350,7350,7350,7350,0
2022-09-29 11:47:00,7350,7350,7350,7350,0
2022-09-29 11:48:00,7350,7350,7350,7350,0
2022-09-29 11:49:00,7350,7350,7350,7350,0
2022-09-29 11:50:00,7350,7350,7350,7350,0
2022-09-29 11:51:00,7350,7350,7350,7350,0
2022-09-29 11:52:00,7350,7350,7350,7350,0
2022-09-29 11:53:00,7350,7350,7350,7350,0
2022-09-29 11:54:00,7350,7350,7350,7350,0
2022-09-29 11:55:00,7350,7350,7350,7350,0
2022-09-29 11:56:00,7350,7350,7350,7350,0
2022-09-29 11:57:00,7350,7350,7350,7350,0
2022-09-29 11:58:00,7350,7350,7350,7350,0
2022-09-29 11:59:00,7350,7350,7350,7350,0
2022-09-29 12:00:00,7350,7350,7350,7350,0
2022-09-29 12:01:00,7350,7350,7350,7350,0
2022-09-29 12:02:00,7350,7350,7350,7350,0
2022-09-29 12:03:00,7350,7350,7350,7350,0
2022-09-29 12:04:00,7350,7350,7350,7350,0
2022-09-29 12:05:00,7350,7350,7350,7350,0
2022-09-29 12:06:00,7350,7350,7350,7350,0
2022-09-29 12:07:00,7350,7350,7350,7350,0
2022-09-29 12:08:00,7350,7350,7350,7350,0
2022-09-29 12:09:00,7350,7350,7350,7350,0
2022-09-29 12:10:00,7350,7350,7350,7350,0
2022-09-29 12:11:00,7350,7350,7350,7350,0
2022-09-29 12:12:00,7350,7350,7350,7350,0
2022-09-29 12:13:00,7350,7350,7350,7350,0
2022-09-29 12:14:00,7350,7350,7350,7350,0
2022-09-29 12:15:00,7350,7350,7350,7350,0
2022-09-29 12:16:00,7350,7350,7350,7350,0
2022-09-29 12:17:00,7350,7350,7350,7350,0
2022-09-29 12:18:00,7350,7350,7350,7350,0
2022-09-29 12:19:00,7350,7350,7350,7350,0
2022-09-29 12:20:00,7350,7350,7350,7350,0
2022-09-29 12:21:00,7350,7350,7350,7350,0
2022-09-29 12:22:00,7350,7350,7350,7350,0
2022-09-29 12:23:00,7350,7350,7350,7350,0
2022-09-29 12:24:00,7350,7350,7350,7350,0
2022-09-29 12:25:00,7350,7350,7350,7350,0
2022-09-29 12:26:00,7350,7350,7350,7350,0
2022-09-29 12:27:00,7350,7350,7350,7350,0
2022-09-29 12:28:00,7350,7350,7350,7350,0
2022-09-29 12:29:00,7350,7350,7350,7350,0
2022-09-29 12:30:00,7350,7350,7350,7350,0
2022-09-29 12:31:00,7350,7350,7350,7350,0
2022-09-29 12:32:00,7350,7350,7350,7350,0
2022-09-29 12:33:00,7350,7350,7350,7350,0
2022-09-29 12:34:00,7350,7350,7350,7350,0
2022-09-29 12:35:00,7350,7350,7350,7350,0
2022-09-29 12:36:00,7350,7350,7350,7350,0
2022-09-29 12:37:00,7350,7350,7350,7350,0
2022-09-29 12:38:00,7350,7350,7350,7350,0
2022-09-29 12:39:00,7350,7350,7350,7350,0
2022-09-29 12:40:00,7350,7350,7350,7350,0
2022-09-29 12:41:00,7350,7350,7350,7350,0
2022-09-29 12:42:00,7350,7350,7350,7350,0
2022-09-29 12:43:00,7350,7350,7350,7350,0
2022-09-29 12:44:00,7350,7350,7350,7350,0
2022-09-29 12:45:00,7350,7350,7350,7350,0
2022-09-29 12:46:00,7350,7350,7350,7350,0
2022-09-29 12:47:00,7350,7350,7350,7350,0
2022-09-29 12:48:00,7350,7350,7350,7350,0
2022-09-29 12:49:00,7350,7350,7350,7350,0
2022-09-29 12:50:00,7350,7350,7350,7350,0
2022-09-29 12:51:00,7350,7350,7350,7350,0
2022-09-29 12:52:00,7350,7350,7350,7350,0
2022-09-29 12:53:00,7350,7350,7350,7350,0
2022-09-29 12:54:00,7350,7350,7350,7350,0
2022-09-29 12:55:00,7350,7350,7350,7350,0
2022-09-29 12:56:00,7350,7350,7350,7350,0
2022-09-29 12:57:00,7350,7350,7350,7350,0
2022-09-29 12:58:00,7350,7350,7350,7350,0
2022-09-29 12:59:00,7350,7350,7350,7350,0
2022-09-29 13:00:00,7350,7350,7350,7350,0
2022-09-29 13:01:00,7350,7350,7350,7350,0
2022-09-29 13:02:00,7350,7350,7350,7350,0
2022-09-29 13:03:00,7350,7350,7350,7350,0
2022-09-29 13:04:00,7350,7350,7350,7350,0
2022-09-29 13:05:00,7350,7350,7350,7350,0
2022-09-29 13:06:00,7350,7350,7350,7350,0
2022-09-29 13:07:00,7350,7350,7350,7350,0
2022-09-29 13:08:00,7350,7350,7350,7350,0
2022-09-29 13:09:00,7350,7350,7350,7350,0
2022-09-29 13:10:00,7350,7350,7350,7350,0
2022-09-29 13:11:00,7350,7350,7350,7350,0
2022-09-29 13:12:00,7350,7350,7350,7350,0
2022-09-29 13:13:00,7350,7350,7350,7350,0
2022-09-29 13:14:00,7350,7350,7350,7350,0
2022-09-29 13:15:00,7350,7350,7350,7350,0
2022-09-29 13:16:00,7350,7350,7350,7350,0
2022-09-29 13:17:00,7350,7350,7350,7350,0
2022-09-29 13:18:00,7350,7350,7350,7350,0
2022-09-29 13:19:00,7350,7350,7350,7350,0
2022-09-29 13:20:00,7350,7350,7350,7350,0
2022-09-29 13:21:00,7350,7350,7350,7350,0
2022-09-29 13:22:00,7350,7350,7350,7350,0
2022-09-29 13:23:00,7350,7350,7350,7350,0
2022-09-29 13:24:00,7350,7350,7350,7350,0
2022-09-29 13:25:00,7350,7350,7350,7350,0
2022-09-29 13:26:00,7350,7350,7350,7350,0
2022-09-29 13:27:00,7350,7350,7350,7350,0
2022-09-29 13:28:00,7350,7350,7350,7350,0
2022-09-29 13:29:00,7350,7350,7350,7350,0
2022-09-29 13:30:00,7325,7325,7350,7350,12200
2022-09-29 13:31:00,7325,7325,7350,7350,0
2022-09-29 13:32:00,7350,7350,7350,7350,2600
2022-09-29 13:33:00,7325,7325,7325,7325,62300
2022-09-29 13:34:00,7325,7325,7325,7325,0
2022-09-29 13:35:00,7325,7325,7325,7325,0
2022-09-29 13:36:00,7325,7325,7325,7325,0
2022-09-29 13:37:00,7325,7300,7325,7300,13000
2022-09-29 13:38:00,7300,7300,7300,7300,2000
2022-09-29 13:39:00,7300,7300,7300,7300,0
2022-09-29 13:40:00,7300,7300,7325,7325,300
2022-09-29 13:41:00,7300,7300,7300,7300,5400
2022-09-29 13:42:00,7300,7300,7300,7300,0
2022-09-29 13:43:00,7300,7300,7325,7325,31800
2022-09-29 13:44:00,7325,7300,7325,7300,7100
2022-09-29 13:45:00,7325,7300,7325,7300,0
2022-09-29 13:46:00,7300,7300,7300,7300,800
2022-09-29 13:47:00,7275,7275,7275,7275,3500
2022-09-29 13:48:00,7300,7300,7325,7325,3600
2022-09-29 13:49:00,7325,7325,7325,7325,100
2022-09-29 13:50:00,7325,7325,7325,7325,300
2022-09-29 13:51:00,7325,7325,7325,7325,0
2022-09-29 13:52:00,7325,7325,7325,7325,200
2022-09-29 13:53:00,7325,7300,7325,7325,2000
2022-09-29 13:54:00,7300,7300,7325,7325,12600
2022-09-29 13:55:00,7300,7300,7325,7325,0
2022-09-29 13:56:00,7300,7300,7300,7300,600
2022-09-29 13:57:00,7300,7300,7325,7325,4000
2022-09-29 13:58:00,7300,7300,7300,7300,3500
2022-09-29 13:59:00,7300,7300,7300,7300,0
2022-09-29 14:00:00,7300,7300,7300,7300,3100
2022-09-29 14:01:00,7300,7300,7300,7300,0
2022-09-29 14:02:00,7300,7300,7300,7300,1000
2022-09-29 14:03:00,7300,7300,7300,7300,0
2022-09-29 14:04:00,7300,7300,7300,7300,0
2022-09-29 14:05:00,7300,7300,7300,7300,42500
2022-09-29 14:06:00,7300,7300,7300,7300,3500
2022-09-29 14:07:00,7275,7275,7275,7275,30000
2022-09-29 14:08:00,7275,7275,7275,7275,6400
2022-09-29 14:09:00,7275,7275,7300,7300,0
2022-09-29 14:10:00,7275,7275,7300,7300,2700
2022-09-29 14:11:00,7275,7275,7300,7300,1800
2022-09-29 14:12:00,7300,7300,7300,7300,200
2022-09-29 14:13:00,7300,7275,7300,7275,6800
2022-09-29 14:14:00,7275,7275,7275,7275,400
2022-09-29 14:15:00,7300,7300,7300,7300,100
2022-09-29 14:16:00,7275,7275,7300,7300,15000
2022-09-29 14:17:00,7300,7300,7300,7300,1000
2022-09-29 14:18:00,7300,7275,7325,7325,6300
2022-09-29 14:19:00,7300,7300,7325,7325,2400
2022-09-29 14:20:00,7325,7325,7325,7325,81500
2022-09-29 14:21:00,7325,7325,7325,7325,0
2022-09-29 14:22:00,7325,7325,7325,7325,7100
2022-09-29 14:23:00,7325,7325,7325,7325,0
2022-09-29 14:24:00,7325,7300,7325,7300,20700
2022-09-29 14:25:00,7300,7300,7300,7300,16500
2022-09-29 14:26:00,7275,7275,7275,7275,37100
2022-09-29 14:27:00,7300,7300,7300,7300,2300
2022-09-29 14:28:00,7275,7275,7300,7275,300
2022-09-29 14:29:00,7275,7275,7275,7275,5000
2022-09-29 14:30:00,7275,7275,7275,7275,3400
2022-09-29 14:31:00,7275,7275,7275,7275,42900
2022-09-29 14:32:00,7275,7250,7275,7250,3000
2022-09-29 14:33:00,7275,7275,7275,7275,26300
2022-09-29 14:34:00,7275,7275,7300,7300,11700
2022-09-29 14:35:00,7300,7300,7300,7300,90400
2022-09-29 14:36:00,7300,7300,7300,7300,0
2022-09-29 14:37:00,7300,7300,7300,7300,2200
2022-09-29 14:38:00,7300,7300,7300,7300,0
2022-09-29 14:39:00,7275,7275,7300,7300,39000
2022-09-29 14:40:00,7300,7300,7300,7300,2700
2022-09-29 14:41:00,7300,7275,7300,7275,33100
2022-09-29 14:42:00,7275,7275,7300,7300,5300
2022-09-29 14:43:00,7300,7275,7300,7300,17200
2022-09-29 14:44:00,7300,7275,7300,7275,7900
2022-09-29 14:45:00,7275,7275,7300,7300,10800
2022-09-29 14:46:00,7300,7275,7350,7350,103200
2022-09-29 14:47:00,7350,7325,7350,7350,109400
2022-09-29 14:48:00,7350,7350,7375,7375,30100
2022-09-29 14:49:00,7375,7325,7375,7350,54100
2022-09-29 14:50:00,7375,7325,7375,7350,0
2022-09-29 14:51:00,7375,7325,7375,7350,0
2022-09-29 14:52:00,7375,7325,7375,7350,0
2022-09-29 14:53:00,7375,7325,7375,7350,0
2022-09-29 14:54:00,7375,7325,7375,7350,0
2022-09-29 14:55:00,7375,7325,7375,7350,0
2022-09-29 14:56:00,7375,7325,7375,7350,0
2022-09-29 14:57:00,7375,7325,7375,7350,0
2022-09-29 14:58:00,7375,7325,7375,7350,0
2022-09-29 14:59:00,7375,7325,7375,7350,0
2022-09-29 15:00:00,7300,7300,7300,7300,119200
2022-09-29 15:01:00,7300,7300,7300,7300,9900
2022-09-29 15:02:00,7300,7300,7300,7300,21800
2022-09-29 15:03:00,7300,7300,7300,7300,2600
2022-09-29 15:04:00,7300,7300,7300,7300,13600
2022-09-29 15:05:00,7300,7300,7300,7300,6200
2022-09-29 15:06:00,7300,7300,7300,7300,200
2022-09-29 15:07:00,7300,7300,7300,7300,13600
2022-09-29 15:08:00,7300,7300,7300,7300,10000
2022-09-29 15:09:00,7300,7300,7300,7300,2500
2022-09-29 15:10:00,7300,7300,7300,7300,0
2022-09-29 15:11:00,7300,7300,7300,7300,0
2022-09-29 15:12:00,7300,7300,7300,7300,0
2022-09-29 15:13:00,7300,7300,7300,7300,0
2022-09-29 15:14:00,7300,7300,7300,7300,0
2022-09-29 15:15:00,7300,7300,7300,7300,0
2022-09-29 15:16:00,7300,7300,7300,7300,0
2022-09-29 15:17:00,7300,7300,7300,7300,0
2022-09-29 15:18:00,7300,7300,7300,7300,0
2022-09-29 15:19:00,7300,7300,7300,7300,0
2022-09-29 15:20:00,7300,7300,7300,7300,0
2022-09-29 15:21:00,7300,7300,7300,7300,0
2022-09-29 15:22:00,7300,7300,7300,7300,0
2022-09-29 15:23:00,7300,7300,7300,7300,0
2022-09-29 15:24:00,7300,7300,7300,7300,0
2022-09-29 15:25:00,7300,7300,7300,7300,0
2022-09-29 15:26:00,7300,7300,7300,7300,0
2022-09-29 15:27:00,7300,7300,7300,7300,0
2022-09-29 15:28:00,7300,7300,7300,7300,0
2022-09-29 15:29:00,7300,7300,7300,7300,0
2022-09-29 15:30:00,7300,7300,7300,7300,0
2022-09-29 15:31:00,7300,7300,7300,7300,0
2022-09-29 15:32:00,7300,7300,7300,7300,0
2022-09-29 15:33:00,7300,7300,7300,7300,0
2022-09-29 15:34:00,7300,7300,7300,7300,0
2022-09-29 15:35:00,7300,7300,7300,7300,0
2022-09-29 15:36:00,7300,7300,7300,7300,0
2022-09-29 15:37:00,7300,7300,7300,7300,0
2022-09-29 15:38:00,7300,7300,7300,7300,0
2022-09-29 15:39:00,7300,7300,7300,7300,0
2022-09-29 15:40:00,7300,7300,7300,7300,0
2022-09-29 15:41:00,7300,7300,7300,7300,0
2022-09-29 15:42:00,7300,7300,7300,7300,0
2022-09-29 15:43:00,7300,7300,7300,7300,0
2022-09-29 15:44:00,7300,7300,7300,7300,0
2022-09-29 15:45:00,7300,7300,7300,7300,0
2022-09-29 15:46:00,7300,7300,7300,7300,0
2022-09-29 15:47:00,7300,7300,7300,7300,0
2022-09-29 15:48:00,7300,7300,7300,7300,0
2022-09-29 15:49:00,7300,7300,7300,7300,0
2022-09-29 15:50:00,7300,7300,7300,7300,0
2022-09-29 15:51:00,7300,7300,7300,7300,0
2022-09-29 15:52:00,7300,7300,7300,7300,0
2022-09-29 15:53:00,7300,7300,7300,7300,0
2022-09-29 15:54:00,7300,7300,7300,7300,0
2022-09-29 15:55:00,7300,7300,7300,7300,0
2022-09-29 15:56:00,7300,7300,7300,7300,0
2022-09-29 15:57:00,7300,7300,7300,7300,0
2022-09-29 15:58:00,7300,7300,7300,7300,0
2022-09-29 15:59:00,7300,7300,7300,7300,0
2022-09-30 09:00:00,7300,7275,7350,7325,115500
2022-09-30 09:01:00,7325,7300,7350,7350,2800
2022-09-30 09:02:00,7350,7300,7350,7300,24100
2022-09-30 09:03:00,7325,7325,7350,7350,27400
2022-09-30 09:04:00,7350,7325,7350,7350,11000
2022-09-30 09:05:00,7350,7325,7400,7400,97500
2022-09-30 09:06:00,7375,7350,7400,7350,47400
2022-09-30 09:07:00,7350,7350,7400,7375,45500
2022-09-30 09:08:00,7375,7350,7375,7375,80700
2022-09-30 09:09:00,7350,7350,7375,7375,0
2022-09-30 09:10:00,7350,7325,7350,7325,38300
2022-09-30 09:11:00,7325,7300,7325,7325,23200
2022-09-30 09:12:00,7325,7325,7350,7325,49400
2022-09-30 09:13:00,7325,7325,7350,7325,0
2022-09-30 09:14:00,7325,7325,7350,7325,24100
2022-09-30 09:15:00,7325,7325,7350,7325,34600
2022-09-30 09:16:00,7300,7275,7300,7300,26200
2022-09-30 09:17:00,7300,7275,7300,7275,129300
2022-09-30 09:18:00,7250,7250,7275,7250,15400
2022-09-30 09:19:00,7275,7250,7275,7275,36100
2022-09-30 09:20:00,7275,7225,7275,7250,87900
2022-09-30 09:21:00,7225,7225,7250,7225,193000
2022-09-30 09:22:00,7225,7225,7275,7275,19300
2022-09-30 09:23:00,7275,7250,7300,7250,22800
2022-09-30 09:24:00,7250,7250,7250,7250,30000
2022-09-30 09:25:00,7250,7250,7250,7250,29800
2022-09-30 09:26:00,7250,7225,7250,7225,29000
2022-09-30 09:27:00,7225,7225,7250,7225,16400
2022-09-30 09:28:00,7225,7225,7225,7225,95100
2022-09-30 09:29:00,7225,7200,7225,7200,43200
2022-09-30 09:30:00,7200,7200,7225,7225,27000
2022-09-30 09:31:00,7225,7200,7225,7200,162900
2022-09-30 09:32:00,7200,7150,7200,7150,190300
2022-09-30 09:33:00,7150,7075,7150,7075,337700
2022-09-30 09:34:00,7100,7050,7100,7075,511300
2022-09-30 09:35:00,7075,7050,7075,7075,180800
2022-09-30 09:36:00,7075,7050,7075,7075,66500
2022-09-30 09:37:00,7075,7075,7075,7075,4000
2022-09-30 09:38:00,7075,7075,7100,7075,53600
2022-09-30 09:39:00,7100,7050,7100,7075,24800
2022-09-30 09:40:00,7100,7100,7125,7125,132700
2022-09-30 09:41:00,7125,7125,7150,7150,42100
2022-09-30 09:42:00,7150,7100,7150,7100,66700
2022-09-30 09:43:00,7125,7125,7125,7125,14200
2022-09-30 09:44:00,7125,7100,7125,7125,61600
2022-09-30 09:45:00,7125,7125,7125,7125,5300
2022-09-30 09:46:00,7150,7125,7150,7125,8500
2022-09-30 09:47:00,7150,7150,7150,7150,15600
2022-09-30 09:48:00,7150,7125,7150,7150,18000
2022-09-30 09:49:00,7150,7150,7200,7200,50000
2022-09-30 09:50:00,7175,7175,7200,7200,19700
2022-09-30 09:51:00,7200,7175,7200,7175,55000
2022-09-30 09:52:00,7175,7175,7200,7200,21800
2022-09-30 09:53:00,7175,7175,7200,7175,52600
2022-09-30 09:54:00,7175,7150,7175,7150,50400
2022-09-30 09:55:00,7200,7175,7200,7200,0
2022-09-30 09:56:00,7175,7175,7200,7200,900
2022-09-30 09:57:00,7200,7175,7200,7175,4300
2022-09-30 09:58:00,7175,7175,7200,7175,70800
2022-09-30 09:59:00,7175,7175,7175,7175,12000
2022-09-30 10:00:00,7175,7150,7175,7150,16800
2022-09-30 10:01:00,7125,7125,7125,7125,12100
2022-09-30 10:02:00,7125,7125,7150,7125,3500
2022-09-30 10:03:00,7125,7125,7150,7125,17300
2022-09-30 10:04:00,7125,7125,7125,7125,900
2022-09-30 10:05:00,7150,7125,7150,7125,3000
2022-09-30 10:06:00,7125,7125,7125,7125,2600
2022-09-30 10:07:00,7150,7150,7150,7150,13900
2022-09-30 10:08:00,7150,7125,7150,7125,6800
2022-09-30 10:09:00,7125,7125,7150,7150,1500
2022-09-30 10:10:00,7150,7125,7150,7125,500
2022-09-30 10:11:00,7150,7150,7150,7150,4400
2022-09-30 10:12:00,7175,7150,7175,7150,800
2022-09-30 10:13:00,7150,7150,7175,7175,0
2022-09-30 10:14:00,7175,7150,7175,7150,6600
2022-09-30 10:15:00,7175,7150,7175,7175,67000
2022-09-30 10:16:00,7175,7175,7175,7175,8900
2022-09-30 10:17:00,7175,7175,7175,7175,1900
2022-09-30 10:18:00,7150,7150,7175,7175,12900
2022-09-30 10:19:00,7175,7150,7175,7150,1300
2022-09-30 10:20:00,7175,7150,7175,7150,400
2022-09-30 10:21:00,7150,7150,7150,7150,2600
2022-09-30 10:22:00,7175,7150,7175,7150,1400
2022-09-30 10:23:00,7150,7150,7150,7150,6200
2022-09-30 10:24:00,7150,7150,7150,7150,5000
2022-09-30 10:25:00,7150,7150,7150,7150,0
2022-09-30 10:26:00,7150,7150,7150,7150,3700
2022-09-30 10:27:00,7150,7150,7175,7175,1600
2022-09-30 10:28:00,7150,7150,7175,7175,0
2022-09-30 10:29:00,7150,7150,7150,7150,1800
2022-09-30 10:30:00,7150,7150,7150,7150,100
2022-09-30 10:31:00,7150,7150,7175,7175,17500
2022-09-30 10:32:00,7150,7150,7175,7175,14800
2022-09-30 10:33:00,7175,7175,7175,7175,0
2022-09-30 10:34:00,7175,7150,7175,7175,39400
2022-09-30 10:35:00,7175,7150,7175,7150,10700
2022-09-30 10:36:00,7150,7150,7175,7150,29800
2022-09-30 10:37:00,7150,7150,7175,7175,0
2022-09-30 10:38:00,7175,7175,7175,7175,2100
2022-09-30 10:39:00,7175,7175,7175,7175,400
2022-09-30 10:40:00,7175,7175,7175,7175,28600
2022-09-30 10:41:00,7175,7175,7175,7175,200
2022-09-30 10:42:00,7200,7200,7200,7200,100
2022-09-30 10:43:00,7200,7175,7200,7200,5700
2022-09-30 10:44:00,7200,7200,7200,7200,200
2022-09-30 10:45:00,7200,7200,7200,7200,0
2022-09-30 10:46:00,7200,7200,7200,7200,107400
2022-09-30 10:47:00,7200,7200,7200,7200,0
2022-09-30 10:48:00,7225,7225,7225,7225,50900
2022-09-30 10:49:00,7225,7200,7225,7200,37700
2022-09-30 10:50:00,7200,7200,7200,7200,23800
2022-09-30 10:51:00,7200,7200,7200,7200,35300
2022-09-30 10:52:00,7200,7200,7225,7200,58100
2022-09-30 10:53:00,7200,7200,7200,7200,600
2022-09-30 10:54:00,7200,7200,7200,7200,200
2022-09-30 10:55:00,7225,7225,7250,7225,36600
2022-09-30 10:56:00,7225,7225,7250,7250,37400
2022-09-30 10:57:00,7225,7225,7225,7225,22600
2022-09-30 10:58:00,7225,7225,7225,7225,0
2022-09-30 10:59:00,7250,7250,7250,7250,34300
2022-09-30 11:00:00,7225,7225,7225,7225,0
2022-09-30 11:01:00,7225,7225,7225,7225,0
2022-09-30 11:02:00,7225,7225,7250,7250,5100
2022-09-30 11:03:00,7250,7225,7250,7250,1400
2022-09-30 11:04:00,7250,7250,7250,7250,31700
2022-09-30 11:05:00,7250,7250,7250,7250,41200
2022-09-30 11:06:00,7250,7250,7250,7250,17600
2022-09-30 11:07:00,7250,7250,7275,7275,14200
2022-09-30 11:08:00,7250,7250,7275,7275,0
2022-09-30 11:09:00,7250,7250,7275,7275,0
2022-09-30 11:10:00,7275,7250,7275,7275,4700
2022-09-30 11:11:00,7250,7250,7275,7275,1000
2022-09-30 11:12:00,7275,7275,7275,7275,86400
2022-09-30 11:13:00,7275,7275,7275,7275,37600
2022-09-30 11:14:00,7275,7275,7275,7275,13400
2022-09-30 11:15:00,7275,7275,7275,7275,100
2022-09-30 11:16:00,7275,7275,7275,7275,9800
2022-09-30 11:17:00,7275,7275,7275,7275,11900
2022-09-30 11:18:00,7250,7250,7250,7250,43300
2022-09-30 11:19:00,7225,7225,7275,7275,60800
2022-09-30 11:20:00,7225,7225,7275,7275,0
2022-09-30 11:21:00,7225,7225,7275,7275,0
2022-09-30 11:22:00,7225,7225,7225,7225,2300
2022-09-30 11:23:00,7250,7250,7250,7250,6700
2022-09-30 11:24:00,7250,7250,7250,7250,22500
2022-09-30 11:25:00,7225,7225,7250,7250,12800
2022-09-30 11:26:00,7225,7225,7250,7250,0
2022-09-30 11:27:00,7225,7225,7250,7250,36500
2022-09-30 11:28:00,7225,7225,7250,7250,13600
2022-09-30 11:29:00,7250,7250,7250,7250,0
2022-09-30 11:30:00,7250,7250,7250,7250,0
2022-09-30 11:31:00,7250,7250,7250,7250,0
2022-09-30 11:32:00,7250,7250,7250,7250,0
2022-09-30 11:33:00,7250,7250,7250,7250,0
2022-09-30 11:34:00,7250,7250,7250,7250,0
2022-09-30 11:35:00,7250,7250,7250,7250,0
2022-09-30 11:36:00,7250,7250,7250,7250,0
2022-09-30 11:37:00,7250,7250,7250,7250,0
2022-09-30 11:38:00,7250,7250,7250,7250,0
2022-09-30 11:39:00,7250,7250,7250,7250,0
2022-09-30 11:40:00,7250,7250,7250,7250,0
2022-09-30 11:41:00,7250,7250,7250,7250,0
2022-09-30 11:42:00,7250,7250,7250,7250,0
2022-09-30 11:43:00,7250,7250,7250,7250,0
2022-09-30 11:44:00,7250,7250,7250,7250,0
2022-09-30 11:45:00,7250,7250,7250,7250,0
2022-09-30 11:46:00,7250,7250,7250,7250,0
2022-09-30 11:47:00,7250,7250,7250,7250,0
2022-09-30 11:48:00,7250,7250,7250,7250,0
2022-09-30 11:49:00,7250,7250,7250,7250,0
2022-09-30 11:50:00,7250,7250,7250,7250,0
2022-09-30 11:51:00,7250,7250,7250,7250,0
2022-09-30 11:52:00,7250,7250,7250,7250,0
2022-09-30 11:53:00,7250,7250,7250,7250,0
2022-09-30 11:54:00,7250,7250,7250,7250,0
2022-09-30 11:55:00,7250,7250,7250,7250,0
2022-09-30 11:56:00,7250,7250,7250,7250,0
2022-09-30 11:57:00,7250,7250,7250,7250,0
2022-09-30 11:58:00,7250,7250,7250,7250,0
2022-09-30 11:59:00,7250,7250,7250,7250,0
2022-09-30 12:00:00,7250,7250,7250,7250,0
2022-09-30 12:01:00,7250,7250,7250,7250,0
2022-09-30 12:02:00,7250,7250,7250,7250,0
2022-09-30 12:03:00,7250,7250,7250,7250,0
2022-09-30 12:04:00,7250,7250,7250,7250,0
2022-09-30 12:05:00,7250,7250,7250,7250,0
2022-09-30 12:06:00,7250,7250,7250,7250,0
2022-09-30 12:07:00,7250,7250,7250,7250,0
2022-09-30 12:08:00,7250,7250,7250,7250,0
2022-09-30 12:09:00,7250,7250,7250,7250,0
2022-09-30 12:10:00,7250,7250,7250,7250,0
2022-09-30 12:11:00,7250,7250,7250,7250,0
2022-09-30 12:12:00,7250,7250,7250,7250,0
2022-09-30 12:13:00,7250,7250,7250,7250,0
2022-09-30 12:14:00,7250,7250,7250,7250,0
2022-09-30 12:15:00,7250,7250,7250,7250,0
2022-09-30 12:16:00,7250,7250,7250,7250,0
2022-09-30 12:17:00,7250,7250,7250,7250,0
2022-09-30 12:18:00,7250,7250,7250,7250,0
2022-09-30 12:19:00,7250,7250,7250,7250,0
2022-09-30 12:20:00,7250,7250,7250,7250,0
2022-09-30 12:21:00,7250,7250,7250,7250,0
2022-09-30 12:22:00,7250,7250,7250,7250,0
2022-09-30 12:23:00,7250,7250,7250,7250,0
2022-09-30 12:24:00,7250,7250,7250,7250,0
2022-09-30 12:25:00,7250,7250,7250,7250,0
2022-09-30 12:26:00,7250,7250,7250,7250,0
2022-09-30 12:27:00,7250,7250,7250,7250,0
2022-09-30 12:28:00,7250,7250,7250,7250,0
2022-09-30 12:29:00,7250,7250,7250,7250,0
2022-09-30 12:30:00,7250,7250,7250,7250,0
2022-09-30 12:31:00,7250,7250,7250,7250,0
2022-09-30 12:32:00,7250,7250,7250,7250,0
2022-09-30 12:33:00,7250,7250,7250,7250,0
2022-09-30 12:34:00,7250,7250,7250,7250,0
2022-09-30 12:35:00,7250,7250,7250,7250,0
2022-09-30 12:36:00,7250,7250,7250,7250,0
2022-09-30 12:37:00,7250,7250,7250,7250,0
2022-09-30 12:38:00,7250,7250,7250,7250,0
2022-09-30 12:39:00,7250,7250,7250,7250,0
2022-09-30 12:40:00,7250,7250,7250,7250,0
2022-09-30 12:41:00,7250,7250,7250,7250,0
2022-09-30 12:42:00,7250,7250,7250,7250,0
2022-09-30 12:43:00,7250,7250,7250,7250,0
2022-09-30 12:44:00,7250,7250,7250,7250,0
2022-09-30 12:45:00,7250,7250,7250,7250,0
2022-09-30 12:46:00,7250,7250,7250,7250,0
2022-09-30 12:47:00,7250,7250,7250,7250,0
2022-09-30 12:48:00,7250,7250,7250,7250,0
2022-09-30 12:49:00,7250,7250,7250,7250,0
2022-09-30 12:50:00,7250,7250,7250,7250,0
2022-09-30 12:51:00,7250,7250,7250,7250,0
2022-09-30 12:52:00,7250,7250,7250,7250,0
2022-09-30 12:53:00,7250,7250,7250,7250,0
2022-09-30 12:54:00,7250,7250,7250,7250,0
2022-09-30 12:55:00,7250,7250,7250,7250,0
2022-09-30 12:56:00,7250,7250,7250,7250,0
2022-09-30 12:57:00,7250,7250,7250,7250,0
2022-09-30 12:58:00,7250,7250,7250,7250,0
2022-09-30 12:59:00,7250,7250,7250,7250,0
2022-09-30 13:00:00,7250,7250,7250,7250,0
2022-09-30 13:01:00,7250,7250,7250,7250,0
2022-09-30 13:02:00,7250,7250,7250,7250,0
2022-09-30 13:03:00,7250,7250,7250,7250,0
2022-09-30 13:04:00,7250,7250,7250,7250,0
2022-09-30 13:05:00,7250,7250,7250,7250,0
2022-09-30 13:06:00,7250,7250,7250,7250,0
2022-09-30 13:07:00,7250,7250,7250,7250,0
2022-09-30 13:08:00,7250,7250,7250,7250,0
2022-09-30 13:09:00,7250,7250,7250,7250,0
2022-09-30 13:10:00,7250,7250,7250,7250,0
2022-09-30 13:11:00,7250,7250,7250,7250,0
2022-09-30 13:12:00,7250,7250,7250,7250,0
2022-09-30 13:13:00,7250,7250,7250,7250,0
2022-09-30 13:14:00,7250,7250,7250,7250,0
2022-09-30 13:15:00,7250,7250,7250,7250,0
2022-09-30 13:16:00,7250,7250,7250,7250,0
2022-09-30 13:17:00,7250,7250,7250,7250,0
2022-09-30 13:18:00,7250,7250,7250,7250,0
2022-09-30 13:19:00,7250,7250,7250,7250,0
2022-09-30 13:20:00,7250,7250,7250,7250,0
2022-09-30 13:21:00,7250,7250,7250,7250,0
2022-09-30 13:22:00,7250,7250,7250,7250,0
2022-09-30 13:23:00,7250,7250,7250,7250,0
2022-09-30 13:24:00,7250,7250,7250,7250,0
2022-09-30 13:25:00,7250,7250,7250,7250,0
2022-09-30 13:26:00,7250,7250,7250,7250,0
2022-09-30 13:27:00,7250,7250,7250,7250,0
2022-09-30 13:28:00,7250,7250,7250,7250,0
2022-09-30 13:29:00,7250,7250,7250,7250,0
2022-09-30 13:30:00,7250,7225,7250,7225,15200
2022-09-30 13:31:00,7250,7225,7250,7225,0
2022-09-30 13:32:00,7250,7250,7250,7250,23200
2022-09-30 13:33:00,7250,7250,7275,7275,16500
2022-09-30 13:34:00,7250,7225,7250,7225,0
2022-09-30 13:35:00,7275,7275,7275,7275,3600
2022-09-30 13:36:00,7250,7250,7250,7250,0
2022-09-30 13:37:00,7250,7250,7250,7250,14800
2022-09-30 13:38:00,7250,7250,7250,7250,15300
2022-09-30 13:39:00,7250,7250,7250,7250,0
2022-09-30 13:40:00,7250,7250,7250,7250,11100
2022-09-30 13:41:00,7250,7250,7250,7250,0
2022-09-30 13:42:00,7275,7275,7300,7300,63000
2022-09-30 13:43:00,7300,7275,7300,7275,8900
2022-09-30 13:44:00,7300,7300,7300,7300,700
2022-09-30 13:45:00,7300,7300,7300,7300,0
2022-09-30 13:46:00,7275,7275,7275,7275,30500
2022-09-30 13:47:00,7275,7275,7300,7300,5400
2022-09-30 13:48:00,7300,7275,7300,7275,100
2022-09-30 13:49:00,7300,7275,7300,7275,0
2022-09-30 13:50:00,7275,7275,7275,7275,32800
2022-09-30 13:51:00,7275,7275,7275,7275,0
2022-09-30 13:52:00,7275,7275,7275,7275,9800
2022-09-30 13:53:00,7275,7250,7275,7275,17600
2022-09-30 13:54:00,7275,7275,7275,7275,16800
2022-09-30 13:55:00,7275,7275,7275,7275,0
2022-09-30 13:56:00,7275,7275,7275,7275,0
2022-09-30 13:57:00,7275,7275,7300,7300,500
2022-09-30 13:58:00,7300,7300,7300,7300,125200
2022-09-30 13:59:00,7300,7300,7325,7325,47700
2022-09-30 14:00:00,7300,7300,7325,7300,28900
2022-09-30 14:01:00,7300,7300,7300,7300,400
2022-09-30 14:02:00,7275,7275,7275,7275,11400
2022-09-30 14:03:00,7275,7275,7275,7275,2700
2022-09-30 14:04:00,7275,7275,7275,7275,0
2022-09-30 14:05:00,7275,7275,7275,7275,300
2022-09-30 14:06:00,7275,7275,7275,7275,1500
2022-09-30 14:07:00,7275,7275,7275,7275,0
2022-09-30 14:08:00,7300,7275,7300,7275,4400
2022-09-30 14:09:00,7300,7275,7300,7275,0
2022-09-30 14:10:00,7300,7300,7300,7300,1300
2022-09-30 14:11:00,7300,7300,7300,7300,100
2022-09-30 14:12:00,7300,7300,7300,7300,5000
2022-09-30 14:13:00,7300,7300,7300,7300,0
2022-09-30 14:14:00,7300,7300,7300,7300,14800
2022-09-30 14:15:00,7300,7300,7300,7300,4000
2022-09-30 14:16:00,7275,7275,7275,7275,2400
2022-09-30 14:17:00,7275,7275,7300,7300,33100
2022-09-30 14:18:00,7300,7275,7300,7275,34000
2022-09-30 14:19:00,7300,7275,7300,7275,0
2022-09-30 14:20:00,7275,7275,7300,7300,300
2022-09-30 14:21:00,7275,7275,7275,7275,0
2022-09-30 14:22:00,7300,7300,7300,7300,300
2022-09-30 14:23:00,7300,7300,7300,7300,500
2022-09-30 14:24:00,7300,7300,7300,7300,800
2022-09-30 14:25:00,7300,7275,7300,7300,11100
2022-09-30 14:26:00,7300,7300,7300,7300,500
2022-09-30 14:27:00,7300,7300,7300,7300,7000
2022-09-30 14:28:00,7300,7300,7300,7300,6400
2022-09-30 14:29:00,7300,7300,7300,7300,600
2022-09-30 14:30:00,7275,7275,7275,7275,15000
2022-09-30 14:31:00,7275,7275,7275,7275,0
2022-09-30 14:32:00,7300,7275,7300,7275,3300
2022-09-30 14:33:00,7275,7275,7275,7275,800
2022-09-30 14:34:00,7275,7275,7275,7275,7800
2022-09-30 14:35:00,7275,7275,7300,7300,13700
2022-09-30 14:36:00,7300,7300,7300,7300,49500
2022-09-30 14:37:00,7300,7300,7300,7300,5600
2022-09-30 14:38:00,7300,7300,7300,7300,0
2022-09-30 14:39:00,7325,7300,7325,7300,17900
2022-09-30 14:40:00,7325,7325,7325,7325,6200
2022-09-30 14:41:00,7325,7325,7350,7325,27400
2022-09-30 14:42:00,7325,7325,7350,7325,1600
2022-09-30 14:43:00,7350,7350,7350,7350,66400
2022-09-30 14:44:00,7325,7325,7325,7325,0
2022-09-30 14:45:00,7325,7325,7350,7325,48200
2022-09-30 14:46:00,7325,7325,7325,7325,11500
2022-09-30 14:47:00,7325,7325,7325,7325,5100
2022-09-30 14:48:00,7350,7325,7350,7350,20800
2022-09-30 14:49:00,7350,7325,7350,7350,0
2022-09-30 14:50:00,7350,7325,7350,7350,0
2022-09-30 14:51:00,7350,7325,7350,7350,0
2022-09-30 14:52:00,7350,7325,7350,7350,0
2022-09-30 14:53:00,7350,7325,7350,7350,0
2022-09-30 14:54:00,7350,7325,7350,7350,0
2022-09-30 14:55:00,7350,7325,7350,7350,0
2022-09-30 14:56:00,7350,7325,7350,7350,0
2022-09-30 14:57:00,7350,7325,7350,7350,0
2022-09-30 14:58:00,7350,7325,7350,7350,0
2022-09-30 14:59:00,7350,7325,7350,7350,0
2022-09-30 15:00:00,7375,7375,7375,7375,195500
2022-09-30 15:01:00,7375,7375,7375,7375,1500
2022-09-30 15:02:00,7375,7375,7375,7375,88900
2022-09-30 15:03:00,7375,7375,7375,7375,0
2022-09-30 15:04:00,7375,7375,7375,7375,0
2022-09-30 15:05:00,7375,7375,7375,7375,0
2022-09-30 15:06:00,7375,7375,7375,7375,0
2022-09-30 15:07:00,7375,7375,7375,7375,0
2022-09-30 15:08:00,7375,7375,7375,7375,1200
2022-09-30 15:09:00,7375,7375,7375,7375,0
2022-09-30 15:10:00,7375,7375,7375,7375,7100
2022-09-30 15:11:00,7375,7375,7375,7375,0
2022-09-30 15:12:00,7375,7375,7375,7375,700
2022-09-30 15:13:00,7375,7375,7375,7375,0
2022-09-30 15:14:00,7375,7375,7375,7375,200
2022-09-30 15:15:00,7375,7375,7375,7375,0
2022-09-30 15:16:00,7375,7375,7375,7375,0
2022-09-30 15:17:00,7375,7375,7375,7375,0
2022-09-30 15:18:00,7375,7375,7375,7375,0
2022-09-30 15:19:00,7375,7375,7375,7375,0
2022-09-30 15:20:00,7375,7375,7375,7375,0
2022-09-30 15:21:00,7375,7375,7375,7375,0
2022-09-30 15:22:00,7375,7375,7375,7375,0
2022-09-30 15:23:00,7375,7375,7375,7375,0
2022-09-30 15:24:00,7375,7375,7375,7375,0
2022-09-30 15:25:00,7375,7375,7375,7375,0
2022-09-30 15:26:00,7375,7375,7375,7375,0
2022-09-30 15:27:00,7375,7375,7375,7375,0
2022-09-30 15:28:00,7375,7375,7375,7375,0
2022-09-30 15:29:00,7375,7375,7375,7375,0
2022-09-30 15:30:00,7375,7375,7375,7375,0
2022-09-30 15:31:00,7375,7375,7375,7375,0
2022-09-30 15:32:00,7375,7375,7375,7375,0
2022-09-30 15:33:00,7375,7375,7375,7375,0
2022-09-30 15:34:00,7375,7375,7375,7375,0
2022-09-30 15:35:00,7375,7375,7375,7375,0
2022-09-30 15:36:00,7375,7375,7375,7375,0
2022-09-30 15:37:00,7375,7375,7375,7375,0
2022-09-30 15:38:00,7375,7375,7375,7375,0
2022-09-30 15:39:00,7375,7375,7375,7375,0
2022-09-30 15:40:00,7375,7375,7375,7375,0
2022-09-30 15:41:00,7375,7375,7375,7375,0
2022-09-30 15:42:00,7375,7375,7375,7375,0
2022-09-30 15:43:00,7375,7375,7375,7375,0
2022-09-30 15:44:00,7375,7375,7375,7375,0
2022-09-30 15:45:00,7375,7375,7375,7375,0
2022-09-30 15:46:00,7375,7375,7375,7375,0
2022-09-30 15:47:00,7375,7375,7375,7375,0
2022-09-30 15:48:00,7375,7375,7375,7375,0
2022-09-30 15:49:00,7375,7375,7375,7375,0
2022-09-30 15:50:00,7375,7375,7375,7375,0
2022-09-30 15:51:00,7375,7375,7375,7375,0
2022-09-30 15:52:00,7375,7375,7375,7375,0
2022-09-30 15:53:00,7375,7375,7375,7375,0
2022-09-30 15:54:00,7375,7375,7375,7375,0
2022-09-30 15:55:00,7375,7375,7375,7375,0
2022-09-30 15:56:00,7375,7375,7375,7375,0
2022-09-30 15:57:00,7375,7375,7375,7375,0
2022-09-30 15:58:00,7375,7375,7375,7375,0
2022-09-30 15:59:00,7375,7375,7375,7375,0
2022-10-03 09:00:00,7375,7350,7400,7375,0
2022-10-03 09:01:00,7375,7275,7375,7300,56300
2022-10-03 09:02:00,7275,7275,7325,7325,12000
2022-10-03 09:03:00,7325,7300,7375,7325,3800
2022-10-03 09:04:00,7325,7325,7375,7375,7000
2022-10-03 09:05:00,7375,7375,7375,7375,4200
2022-10-03 09:06:00,7375,7375,7375,7375,4500
2022-10-03 09:07:00,7375,7350,7375,7350,800
2022-10-03 09:08:00,7350,7350,7350,7350,300
2022-10-03 09:09:00,7350,7350,7350,7350,18100
2022-10-03 09:10:00,7350,7350,7375,7375,5500
2022-10-03 09:11:00,7375,7350,7375,7350,3800
2022-10-03 09:12:00,7350,7350,7350,7350,900
2022-10-03 09:13:00,7350,7325,7350,7325,29600
2022-10-03 09:14:00,7325,7325,7325,7325,14200
2022-10-03 09:15:00,7325,7325,7325,7325,7000
2022-10-03 09:16:00,7325,7325,7325,7325,1200
2022-10-03 09:17:00,7300,7300,7325,7300,2300
2022-10-03 09:18:00,7325,7325,7325,7325,3500
2022-10-03 09:19:00,7325,7325,7325,7325,6100
2022-10-03 09:20:00,7325,7325,7325,7325,7600
2022-10-03 09:21:00,7325,7325,7325,7325,200
2022-10-03 09:22:00,7350,7325,7350,7325,28400
2022-10-03 09:23:00,7350,7325,7350,7325,1100
2022-10-03 09:24:00,7350,7350,7350,7350,1100
2022-10-03 09:25:00,7350,7350,7350,7350,0
2022-10-03 09:26:00,7350,7350,7350,7350,3200
2022-10-03 09:27:00,7350,7350,7350,7350,100
2022-10-03 09:28:00,7350,7350,7350,7350,0
2022-10-03 09:29:00,7325,7325,7350,7350,1100
2022-10-03 09:30:00,7350,7325,7350,7350,16100
2022-10-03 09:31:00,7350,7350,7350,7350,14500
2022-10-03 09:32:00,7350,7350,7350,7350,0
2022-10-03 09:33:00,7350,7350,7350,7350,100000
2022-10-03 09:34:00,7350,7350,7350,7350,0
2022-10-03 09:35:00,7325,7325,7350,7350,500
2022-10-03 09:36:00,7350,7350,7350,7350,7400
2022-10-03 09:37:00,7350,7350,7350,7350,0
2022-10-03 09:38:00,7350,7325,7350,7350,1800
2022-10-03 09:39:00,7350,7350,7350,7350,0
2022-10-03 09:40:00,7350,7350,7350,7350,1000
2022-10-03 09:41:00,7350,7350,7350,7350,4900
2022-10-03 09:42:00,7350,7325,7350,7325,0
2022-10-03 09:43:00,7350,7325,7350,7325,0
2022-10-03 09:44:00,7350,7350,7350,7350,3300
2022-10-03 09:45:00,7350,7350,7350,7350,3100
2022-10-03 09:46:00,7325,7325,7350,7350,6400
2022-10-03 09:47:00,7350,7325,7350,7325,10100
2022-10-03 09:48:00,7350,7350,7350,7350,1000
2022-10-03 09:49:00,7350,7350,7350,7350,3100
2022-10-03 09:50:00,7350,7350,7350,7350,0
2022-10-03 09:51:00,7350,7325,7350,7325,2600
2022-10-03 09:52:00,7350,7350,7350,7350,3200
2022-10-03 09:53:00,7350,7350,7350,7350,1700
2022-10-03 09:54:00,7325,7325,7325,7325,0
2022-10-03 09:55:00,7350,7350,7350,7350,200
2022-10-03 09:56:00,7350,7350,7350,7350,6700
2022-10-03 09:57:00,7350,7350,7350,7350,0
2022-10-03 09:58:00,7350,7350,7350,7350,2000
2022-10-03 09:59:00,7350,7350,7350,7350,7600
2022-10-03 10:00:00,7350,7325,7350,7350,2400
2022-10-03 10:01:00,7350,7350,7350,7350,100
2022-10-03 10:02:00,7350,7350,7350,7350,100
2022-10-03 10:03:00,7350,7350,7350,7350,0
2022-10-03 10:04:00,7325,7325,7350,7325,1300
2022-10-03 10:05:00,7350,7325,7350,7325,2400
2022-10-03 10:06:00,7325,7325,7350,7350,23800
2022-10-03 10:07:00,7350,7350,7350,7350,32900
2022-10-03 10:08:00,7375,7375,7375,7375,900
2022-10-03 10:09:00,7375,7375,7375,7375,500
2022-10-03 10:10:00,7375,7375,7375,7375,0
2022-10-03 10:11:00,7375,7375,7375,7375,0
2022-10-03 10:12:00,7375,7375,7375,7375,900
2022-10-03 10:13:00,7375,7375,7375,7375,3100
2022-10-03 10:14:00,7375,7375,7375,7375,2100
2022-10-03 10:15:00,7375,7375,7375,7375,0
2022-10-03 10:16:00,7375,7350,7375,7375,3400
2022-10-03 10:17:00,7375,7350,7375,7375,0
2022-10-03 10:18:00,7350,7350,7350,7350,2400
2022-10-03 10:19:00,7350,7350,7350,7350,900
2022-10-03 10:20:00,7375,7350,7375,7350,25000
2022-10-03 10:21:00,7350,7350,7350,7350,100
2022-10-03 10:22:00,7350,7350,7350,7350,0
2022-10-03 10:23:00,7350,7350,7350,7350,1900
2022-10-03 10:24:00,7325,7325,7325,7325,0
2022-10-03 10:25:00,7325,7325,7325,7325,14800
2022-10-03 10:26:00,7325,7325,7325,7325,0
2022-10-03 10:27:00,7325,7325,7325,7325,2300
2022-10-03 10:28:00,7325,7325,7325,7325,0
2022-10-03 10:29:00,7325,7325,7325,7325,0
2022-10-03 10:30:00,7350,7350,7350,7350,31400
2022-10-03 10:31:00,7350,7350,7350,7350,0
2022-10-03 10:32:00,7375,7375,7375,7375,43100
2022-10-03 10:33:00,7400,7400,7400,7400,102600
2022-10-03 10:34:00,7400,7400,7450,7450,131600
2022-10-03 10:35:00,7450,7450,7675,7650,717400
2022-10-03 10:36:00,7650,7625,7650,7625,61300
2022-10-03 10:37:00,7625,7600,7625,7625,94300
2022-10-03 10:38:00,7650,7600,7650,7650,106200
2022-10-03 10:39:00,7625,7625,7675,7650,140700
2022-10-03 10:40:00,7650,7625,7650,7625,85500
2022-10-03 10:41:00,7625,7625,7675,7650,174200
2022-10-03 10:42:00,7650,7650,7650,7650,20200
2022-10-03 10:43:00,7650,7650,7650,7650,18000
2022-10-03 10:44:00,7675,7650,7675,7650,65400
2022-10-03 10:45:00,7650,7625,7650,7650,10600
2022-10-03 10:46:00,7650,7625,7650,7625,8700
2022-10-03 10:47:00,7650,7625,7650,7625,78700
2022-10-03 10:48:00,7625,7625,7650,7625,25400
2022-10-03 10:49:00,7650,7625,7650,7625,65700
2022-10-03 10:50:00,7625,7600,7625,7625,11600
2022-10-03 10:51:00,7625,7600,7625,7600,45600
2022-10-03 10:52:00,7600,7600,7625,7625,27400
2022-10-03 10:53:00,7625,7600,7625,7625,3000
2022-10-03 10:54:00,7625,7625,7625,7625,42400
2022-10-03 10:55:00,7650,7625,7650,7650,12200
2022-10-03 10:56:00,7625,7625,7650,7650,10800
2022-10-03 10:57:00,7650,7625,7650,7650,9000
2022-10-03 10:58:00,7625,7625,7650,7650,13800
2022-10-03 10:59:00,7625,7625,7650,7650,1800
2022-10-03 11:00:00,7625,7600,7625,7600,60500
2022-10-03 11:01:00,7625,7600,7625,7600,10100
2022-10-03 11:02:00,7600,7600,7625,7625,13000
2022-10-03 11:03:00,7625,7575,7625,7575,177600
2022-10-03 11:04:00,7575,7525,7575,7550,78700
2022-10-03 11:05:00,7525,7525,7550,7550,88600
2022-10-03 11:06:00,7550,7525,7550,7525,39500
2022-10-03 11:07:00,7550,7550,7550,7550,30400
2022-10-03 11:08:00,7550,7525,7550,7525,2200
2022-10-03 11:09:00,7525,7525,7550,7550,900
2022-10-03 11:10:00,7525,7525,7525,7525,700
2022-10-03 11:11:00,7525,7525,7525,7525,1100
2022-10-03 11:12:00,7525,7525,7525,7525,3300
2022-10-03 11:13:00,7550,7550,7550,7550,29800
2022-10-03 11:14:00,7550,7550,7550,7550,6700
2022-10-03 11:15:00,7575,7550,7575,7550,3400
2022-10-03 11:16:00,7550,7550,7550,7550,4500
2022-10-03 11:17:00,7550,7550,7550,7550,3000
2022-10-03 11:18:00,7575,7575,7575,7575,24800
2022-10-03 11:19:00,7575,7550,7575,7575,17800
2022-10-03 11:20:00,7575,7575,7575,7575,18000
2022-10-03 11:21:00,7550,7550,7550,7550,10600
2022-10-03 11:22:00,7575,7550,7575,7575,27300
2022-10-03 11:23:00,7575,7575,7575,7575,26000
2022-10-03 11:24:00,7575,7575,7575,7575,2200
2022-10-03 11:25:00,7575,7550,7575,7550,3400
2022-10-03 11:26:00,7575,7575,7575,7575,500
2022-10-03 11:27:00,7575,7575,7575,7575,3000
2022-10-03 11:28:00,7575,7550,7575,7575,7900
2022-10-03 11:29:00,7600,7600,7600,7600,0
2022-10-03 11:30:00,7600,7600,7600,7600,0
2022-10-03 11:31:00,7600,7600,7600,7600,0
2022-10-03 11:32:00,7600,7600,7600,7600,0
2022-10-03 11:33:00,7600,7600,7600,7600,0
2022-10-03 11:34:00,7600,7600,7600,7600,0
2022-10-03 11:35:00,7600,7600,7600,7600,0
2022-10-03 11:36:00,7600,7600,7600,7600,0
2022-10-03 11:37:00,7600,7600,7600,7600,0
2022-10-03 11:38:00,7600,7600,7600,7600,0
2022-10-03 11:39:00,7600,7600,7600,7600,0
2022-10-03 11:40:00,7600,7600,7600,7600,0
2022-10-03 11:41:00,7600,7600,7600,7600,0
2022-10-03 11:42:00,7600,7600,7600,7600,0
2022-10-03 11:43:00,7600,7600,7600,7600,0
2022-10-03 11:44:00,7600,7600,7600,7600,0
2022-10-03 11:45:00,7600,7600,7600,7600,0
2022-10-03 11:46:00,7600,7600,7600,7600,0
2022-10-03 11:47:00,7600,7600,7600,7600,0
2022-10-03 11:48:00,7600,7600,7600,7600,0
2022-10-03 11:49:00,7600,7600,7600,7600,0
2022-10-03 11:50:00,7600,7600,7600,7600,0
2022-10-03 11:51:00,7600,7600,7600,7600,0
2022-10-03 11:52:00,7600,7600,7600,7600,0
2022-10-03 11:53:00,7600,7600,7600,7600,0
2022-10-03 11:54:00,7600,7600,7600,7600,0
2022-10-03 11:55:00,7600,7600,7600,7600,0
2022-10-03 11:56:00,7600,7600,7600,7600,0
2022-10-03 11:57:00,7600,7600,7600,7600,0
2022-10-03 11:58:00,7600,7600,7600,7600,0
2022-10-03 11:59:00,7600,7600,7600,7600,0
2022-10-03 12:00:00,7600,7600,7600,7600,0
2022-10-03 12:01:00,7600,7600,7600,7600,0
2022-10-03 12:02:00,7600,7600,7600,7600,0
2022-10-03 12:03:00,7600,7600,7600,7600,0
2022-10-03 12:04:00,7600,7600,7600,7600,0
2022-10-03 12:05:00,7600,7600,7600,7600,0
2022-10-03 12:06:00,7600,7600,7600,7600,0
2022-10-03 12:07:00,7600,7600,7600,7600,0
2022-10-03 12:08:00,7600,7600,7600,7600,0
2022-10-03 12:09:00,7600,7600,7600,7600,0
2022-10-03 12:10:00,7600,7600,7600,7600,0
2022-10-03 12:11:00,7600,7600,7600,7600,0
2022-10-03 12:12:00,7600,7600,7600,7600,0
2022-10-03 12:13:00,7600,7600,7600,7600,0
2022-10-03 12:14:00,7600,7600,7600,7600,0
2022-10-03 12:15:00,7600,7600,7600,7600,0
2022-10-03 12:16:00,7600,7600,7600,7600,0
2022-10-03 12:17:00,7600,7600,7600,7600,0
2022-10-03 12:18:00,7600,7600,7600,7600,0
2022-10-03 12:19:00,7600,7600,7600,7600,0
2022-10-03 12:20:00,7600,7600,7600,7600,0
2022-10-03 12:21:00,7600,7600,7600,7600,0
2022-10-03 12:22:00,7600,7600,7600,7600,0
2022-10-03 12:23:00,7600,7600,7600,7600,0
2022-10-03 12:24:00,7600,7600,7600,7600,0
2022-10-03 12:25:00,7600,7600,7600,7600,0
2022-10-03 12:26:00,7600,7600,7600,7600,0
2022-10-03 12:27:00,7600,7600,7600,7600,0
2022-10-03 12:28:00,7600,7600,7600,7600,0
2022-10-03 12:29:00,7600,7600,7600,7600,0
2022-10-03 12:30:00,7600,7600,7600,7600,0
2022-10-03 12:31:00,7600,7600,7600,7600,0
2022-10-03 12:32:00,7600,7600,7600,7600,0
2022-10-03 12:33:00,7600,7600,7600,7600,0
2022-10-03 12:34:00,7600,7600,7600,7600,0
2022-10-03 12:35:00,7600,7600,7600,7600,0
2022-10-03 12:36:00,7600,7600,7600,7600,0
2022-10-03 12:37:00,7600,7600,7600,7600,0
2022-10-03 12:38:00,7600,7600,7600,7600,0
2022-10-03 12:39:00,7600,7600,7600,7600,0
2022-10-03 12:40:00,7600,7600,7600,7600,0
2022-10-03 12:41:00,7600,7600,7600,7600,0
2022-10-03 12:42:00,7600,7600,7600,7600,0
2022-10-03 12:43:00,7600,7600,7600,7600,0
2022-10-03 12:44:00,7600,7600,7600,7600,0
2022-10-03 12:45:00,7600,7600,7600,7600,0
2022-10-03 12:46:00,7600,7600,7600,7600,0
2022-10-03 12:47:00,7600,7600,7600,7600,0
2022-10-03 12:48:00,7600,7600,7600,7600,0
2022-10-03 12:49:00,7600,7600,7600,7600,0
2022-10-03 12:50:00,7600,7600,7600,7600,0
2022-10-03 12:51:00,7600,7600,7600,7600,0
2022-10-03 12:52:00,7600,7600,7600,7600,0
2022-10-03 12:53:00,7600,7600,7600,7600,0
2022-10-03 12:54:00,7600,7600,7600,7600,0
2022-10-03 12:55:00,7600,7600,7600,7600,0
2022-10-03 12:56:00,7600,7600,7600,7600,0
2022-10-03 12:57:00,7600,7600,7600,7600,0
2022-10-03 12:58:00,7600,7600,7600,7600,0
2022-10-03 12:59:00,7600,7600,7600,7600,0
2022-10-03 13:00:00,7600,7600,7600,7600,0
2022-10-03 13:01:00,7600,7600,7600,7600,0
2022-10-03 13:02:00,7600,7600,7600,7600,0
2022-10-03 13:03:00,7600,7600,7600,7600,0
2022-10-03 13:04:00,7600,7600,7600,7600,0
2022-10-03 13:05:00,7600,7600,7600,7600,0
2022-10-03 13:06:00,7600,7600,7600,7600,0
2022-10-03 13:07:00,7600,7600,7600,7600,0
2022-10-03 13:08:00,7600,7600,7600,7600,0
2022-10-03 13:09:00,7600,7600,7600,7600,0
2022-10-03 13:10:00,7600,7600,7600,7600,0
2022-10-03 13:11:00,7600,7600,7600,7600,0
2022-10-03 13:12:00,7600,7600,7600,7600,0
2022-10-03 13:13:00,7600,7600,7600,7600,0
2022-10-03 13:14:00,7600,7600,7600,7600,0
2022-10-03 13:15:00,7600,7600,7600,7600,0
2022-10-03 13:16:00,7600,7600,7600,7600,0
2022-10-03 13:17:00,7600,7600,7600,7600,0
2022-10-03 13:18:00,7600,7600,7600,7600,0
2022-10-03 13:19:00,7600,7600,7600,7600,0
2022-10-03 13:20:00,7600,7600,7600,7600,0
2022-10-03 13:21:00,7600,7600,7600,7600,0
2022-10-03 13:22:00,7600,7600,7600,7600,0
2022-10-03 13:23:00,7600,7600,7600,7600,0
2022-10-03 13:24:00,7600,7600,7600,7600,0
2022-10-03 13:25:00,7600,7600,7600,7600,0
2022-10-03 13:26:00,7600,7600,7600,7600,0
2022-10-03 13:27:00,7600,7600,7600,7600,0
2022-10-03 13:28:00,7600,7600,7600,7600,0
2022-10-03 13:29:00,7600,7600,7600,7600,0
2022-10-03 13:30:00,7600,7575,7600,7600,3532700
2022-10-03 13:31:00,7575,7575,7600,7575,5200
2022-10-03 13:32:00,7575,7575,7600,7575,8800
2022-10-03 13:33:00,7575,7575,7575,7575,21600
2022-10-03 13:34:00,7575,7550,7575,7550,103400
2022-10-03 13:35:00,7575,7575,7575,7575,1700
2022-10-03 13:36:00,7550,7550,7575,7550,8700
2022-10-03 13:37:00,7550,7550,7550,7550,9600
2022-10-03 13:38:00,7550,7550,7550,7550,0
2022-10-03 13:39:00,7550,7550,7550,7550,19900
2022-10-03 13:40:00,7575,7550,7575,7550,3400
2022-10-03 13:41:00,7550,7550,7550,7550,1400
2022-10-03 13:42:00,7550,7550,7550,7550,0
2022-10-03 13:43:00,7550,7550,7550,7550,0
2022-10-03 13:44:00,7550,7550,7550,7550,7100
2022-10-03 13:45:00,7550,7550,7575,7550,18600
2022-10-03 13:46:00,7575,7575,7575,7575,0
2022-10-03 13:47:00,7575,7575,7575,7575,0
2022-10-03 13:48:00,7575,7550,7575,7550,9400
2022-10-03 13:49:00,7550,7550,7550,7550,500
2022-10-03 13:50:00,7575,7550,7575,7550,0
2022-10-03 13:51:00,7550,7550,7550,7550,9400
2022-10-03 13:52:00,7575,7550,7575,7550,5900
2022-10-03 13:53:00,7550,7550,7550,7550,500
2022-10-03 13:54:00,7575,7550,7575,7550,25000
2022-10-03 13:55:00,7550,7550,7550,7550,0
2022-10-03 13:56:00,7550,7550,7550,7550,20400
2022-10-03 13:57:00,7550,7550,7550,7550,1900
2022-10-03 13:58:00,7550,7550,7550,7550,33700
2022-10-03 13:59:00,7550,7550,7550,7550,5000
2022-10-03 14:00:00,7550,7525,7550,7550,5800
2022-10-03 14:01:00,7550,7550,7550,7550,3200
2022-10-03 14:02:00,7525,7525,7550,7550,1200
2022-10-03 14:03:00,7525,7525,7550,7550,24700
2022-10-03 14:04:00,7550,7550,7550,7550,14100
2022-10-03 14:05:00,7550,7550,7575,7575,0
2022-10-03 14:06:00,7550,7550,7575,7575,0
2022-10-03 14:07:00,7550,7550,7575,7575,0
2022-10-03 14:08:00,7550,7550,7550,7550,9600
2022-10-03 14:09:00,7550,7550,7550,7550,0
2022-10-03 14:10:00,7550,7550,7550,7550,17100
2022-10-03 14:11:00,7550,7550,7550,7550,0
2022-10-03 14:12:00,7550,7550,7575,7575,1500
2022-10-03 14:13:00,7550,7550,7575,7575,0
2022-10-03 14:14:00,7550,7550,7550,7550,12100
2022-10-03 14:15:00,7550,7550,7575,7575,0
2022-10-03 14:16:00,7575,7550,7575,7550,400
2022-10-03 14:17:00,7550,7550,7550,7550,14700
2022-10-03 14:18:00,7550,7550,7550,7550,2600
2022-10-03 14:19:00,7550,7550,7550,7550,1800
2022-10-03 14:20:00,7550,7550,7550,7550,9700
2022-10-03 14:21:00,7550,7550,7550,7550,0
2022-10-03 14:22:00,7550,7550,7550,7550,600
2022-10-03 14:23:00,7550,7550,7575,7550,25300
2022-10-03 14:24:00,7550,7550,7550,7550,1700
2022-10-03 14:25:00,7575,7525,7575,7550,57600
2022-10-03 14:26:00,7550,7550,7550,7550,1100
2022-10-03 14:27:00,7550,7550,7550,7550,900
2022-10-03 14:28:00,7550,7525,7550,7550,1900
2022-10-03 14:29:00,7550,7525,7550,7550,37000
2022-10-03 14:30:00,7525,7525,7550,7550,1200
2022-10-03 14:31:00,7525,7525,7550,7550,7500
2022-10-03 14:32:00,7525,7525,7550,7550,9200
2022-10-03 14:33:00,7525,7525,7550,7550,4800
2022-10-03 14:34:00,7525,7525,7550,7525,19400
2022-10-03 14:35:00,7550,7525,7550,7550,8200
2022-10-03 14:36:00,7525,7525,7550,7550,1800
2022-10-03 14:37:00,7550,7525,7550,7525,22500
2022-10-03 14:38:00,7550,7525,7550,7525,21600
2022-10-03 14:39:00,7525,7500,7525,7500,61500
2022-10-03 14:40:00,7500,7500,7525,7525,26500
2022-10-03 14:41:00,7525,7500,7525,7525,17400
2022-10-03 14:42:00,7525,7525,7525,7525,5400
2022-10-03 14:43:00,7550,7500,7550,7500,33300
2022-10-03 14:44:00,7525,7500,7525,7525,34800
2022-10-03 14:45:00,7500,7500,7525,7525,11900
2022-10-03 14:46:00,7500,7500,7525,7525,0
2022-10-03 14:47:00,7500,7500,7525,7525,13200
2022-10-03 14:48:00,7525,7500,7525,7500,27100
2022-10-03 14:49:00,7525,7500,7525,7500,17200
2022-10-03 14:50:00,7525,7500,7525,7500,0
2022-10-03 14:51:00,7525,7500,7525,7500,0
2022-10-03 14:52:00,7525,7500,7525,7500,0
2022-10-03 14:53:00,7525,7500,7525,7500,0
2022-10-03 14:54:00,7525,7500,7525,7500,0
2022-10-03 14:55:00,7525,7500,7525,7500,0
2022-10-03 14:56:00,7525,7500,7525,7500,0
2022-10-03 14:57:00,7525,7500,7525,7500,0
2022-10-03 14:58:00,7525,7500,7525,7500,0
2022-10-03 14:59:00,7525,7500,7525,7500,0
2022-10-03 15:00:00,7500,7500,7500,7500,113100
2022-10-03 15:01:00,7500,7500,7500,7500,9900
2022-10-03 15:02:00,7500,7500,7500,7500,2700
2022-10-03 15:03:00,7500,7500,7500,7500,34500
2022-10-03 15:04:00,7500,7500,7500,7500,1600
2022-10-03 15:05:00,7500,7500,7500,7500,19200
2022-10-03 15:06:00,7500,7500,7500,7500,200
2022-10-03 15:07:00,7500,7500,7500,7500,11000
2022-10-03 15:08:00,7500,7500,7500,7500,0
2022-10-03 15:09:00,7500,7500,7500,7500,0
2022-10-03 15:10:00,7500,7500,7500,7500,0
2022-10-03 15:11:00,7500,7500,7500,7500,0
2022-10-03 15:12:00,7500,7500,7500,7500,0
2022-10-03 15:13:00,7500,7500,7500,7500,4626700
2022-10-03 15:14:00,7500,7500,7500,7500,0
2022-10-03 15:15:00,7500,7500,7500,7500,0
2022-10-03 15:16:00,7500,7500,7500,7500,0
2022-10-03 15:17:00,7500,7500,7500,7500,0
2022-10-03 15:18:00,7500,7500,7500,7500,0
2022-10-03 15:19:00,7500,7500,7500,7500,0
2022-10-03 15:20:00,7500,7500,7500,7500,0
2022-10-03 15:21:00,7500,7500,7500,7500,0
2022-10-03 15:22:00,7500,7500,7500,7500,0
2022-10-03 15:23:00,7500,7500,7500,7500,0
2022-10-03 15:24:00,7500,7500,7500,7500,0
2022-10-03 15:25:00,7500,7500,7500,7500,0
2022-10-03 15:26:00,7500,7500,7500,7500,0
2022-10-03 15:27:00,7500,7500,7500,7500,0
2022-10-03 15:28:00,7500,7500,7500,7500,0
2022-10-03 15:29:00,7500,7500,7500,7500,0
2022-10-03 15:30:00,7500,7500,7500,7500,0
2022-10-03 15:31:00,7500,7500,7500,7500,0
2022-10-03 15:32:00,7500,7500,7500,7500,0
2022-10-03 15:33:00,7500,7500,7500,7500,0
2022-10-03 15:34:00,7500,7500,7500,7500,0
2022-10-03 15:35:00,7500,7500,7500,7500,0
2022-10-03 15:36:00,7500,7500,7500,7500,0
2022-10-03 15:37:00,7500,7500,7500,7500,0
2022-10-03 15:38:00,7500,7500,7500,7500,0
2022-10-03 15:39:00,7500,7500,7500,7500,0
2022-10-03 15:40:00,7500,7500,7500,7500,0
2022-10-03 15:41:00,7500,7500,7500,7500,0
2022-10-03 15:42:00,7500,7500,7500,7500,0
2022-10-03 15:43:00,7500,7500,7500,7500,0
2022-10-03 15:44:00,7500,7500,7500,7500,0
2022-10-03 15:45:00,7500,7500,7500,7500,0
2022-10-03 15:46:00,7500,7500,7500,7500,0
2022-10-03 15:47:00,7500,7500,7500,7500,0
2022-10-03 15:48:00,7500,7500,7500,7500,0
2022-10-03 15:49:00,7500,7500,7500,7500,0
2022-10-03 15:50:00,7500,7500,7500,7500,0
2022-10-03 15:51:00,7500,7500,7500,7500,0
2022-10-03 15:52:00,7500,7500,7500,7500,0
2022-10-03 15:53:00,7500,7500,7500,7500,0
2022-10-03 15:54:00,7500,7500,7500,7500,0
2022-10-03 15:55:00,7500,7500,7500,7500,0
2022-10-03 15:56:00,7500,7500,7500,7500,0
2022-10-03 15:57:00,7500,7500,7500,7500,0
2022-10-03 15:58:00,7500,7500,7500,7500,0
2022-10-03 15:59:00,7500,7500,7500,7500,0
2022-10-04 09:00:00,7600,7550,7650,7625,0
2022-10-04 09:01:00,7625,7625,7650,7625,284700
2022-10-04 09:02:00,7625,7625,7650,7650,76100
2022-10-04 09:03:00,7625,7625,7650,7625,24900
2022-10-04 09:04:00,7625,7600,7675,7600,129900
2022-10-04 09:05:00,7625,7600,7650,7600,1800
2022-10-04 09:06:00,7600,7600,7625,7625,5800
2022-10-04 09:07:00,7600,7600,7625,7625,200
2022-10-04 09:08:00,7625,7625,7650,7625,112500
2022-10-04 09:09:00,7650,7625,7650,7650,0
2022-10-04 09:10:00,7650,7625,7650,7625,9900
2022-10-04 09:11:00,7625,7625,7625,7625,3400
2022-10-04 09:12:00,7625,7625,7650,7650,9500
2022-10-04 09:13:00,7625,7625,7625,7625,74400
2022-10-04 09:14:00,7625,7600,7625,7625,0
2022-10-04 09:15:00,7600,7600,7625,7625,2300
2022-10-04 09:16:00,7600,7600,7625,7600,23200
2022-10-04 09:17:00,7600,7600,7600,7600,0
2022-10-04 09:18:00,7600,7600,7600,7600,0
2022-10-04 09:19:00,7600,7600,7600,7600,7100
2022-10-04 09:20:00,7625,7600,7625,7625,1100
2022-10-04 09:21:00,7625,7625,7625,7625,58600
2022-10-04 09:22:00,7625,7625,7625,7625,1900
2022-10-04 09:23:00,7625,7625,7625,7625,40200
2022-10-04 09:24:00,7625,7600,7625,7600,47200
2022-10-04 09:25:00,7600,7600,7600,7600,1000
2022-10-04 09:26:00,7600,7600,7600,7600,3600
2022-10-04 09:27:00,7600,7600,7625,7600,66000
2022-10-04 09:28:00,7600,7600,7625,7625,1400
2022-10-04 09:29:00,7600,7600,7600,7600,100
2022-10-04 09:30:00,7600,7600,7600,7600,100
2022-10-04 09:31:00,7625,7600,7675,7675,359700
2022-10-04 09:32:00,7675,7675,7700,7700,68000
2022-10-04 09:33:00,7675,7675,7700,7675,13600
2022-10-04 09:34:00,7675,7675,7675,7675,1600
2022-10-04 09:35:00,7675,7675,7675,7675,73300
2022-10-04 09:36:00,7675,7675,7675,7675,2100
2022-10-04 09:37:00,7650,7650,7650,7650,5000
2022-10-04 09:38:00,7675,7650,7675,7650,14400
2022-10-04 09:39:00,7650,7650,7650,7650,0
2022-10-04 09:40:00,7650,7650,7650,7650,5100
2022-10-04 09:41:00,7675,7675,7675,7675,23400
2022-10-04 09:42:00,7675,7675,7675,7675,0
2022-10-04 09:43:00,7675,7650,7675,7650,18800
2022-10-04 09:44:00,7650,7650,7675,7650,34500
2022-10-04 09:45:00,7650,7650,7650,7650,7400
2022-10-04 09:46:00,7650,7650,7650,7650,1500
2022-10-04 09:47:00,7650,7650,7675,7675,11400
2022-10-04 09:48:00,7650,7650,7675,7650,167200
2022-10-04 09:49:00,7650,7650,7650,7650,1700
2022-10-04 09:50:00,7650,7650,7675,7675,12400
2022-10-04 09:51:00,7650,7650,7650,7650,85000
2022-10-04 09:52:00,7650,7625,7650,7625,0
2022-10-04 09:53:00,7625,7625,7625,7625,400
2022-10-04 09:54:00,7625,7625,7650,7625,38400
2022-10-04 09:55:00,7650,7650,7650,7650,10900
2022-10-04 09:56:00,7650,7650,7650,7650,0
2022-10-04 09:57:00,7650,7625,7650,7625,2800
2022-10-04 09:58:00,7625,7625,7650,7625,25800
2022-10-04 09:59:00,7625,7625,7650,7625,10800
2022-10-04 10:00:00,7625,7625,7650,7650,11100
2022-10-04 10:01:00,7625,7625,7650,7650,118900
2022-10-04 10:02:00,7650,7650,7675,7675,30100
2022-10-04 10:03:00,7650,7650,7675,7675,9100
2022-10-04 10:04:00,7650,7650,7700,7675,184200
2022-10-04 10:05:00,7700,7675,7700,7675,33800
2022-10-04 10:06:00,7675,7675,7675,7675,18400
2022-10-04 10:07:00,7675,7675,7675,7675,0
2022-10-04 10:08:00,7700,7675,7700,7700,49400
2022-10-04 10:09:00,7700,7675,7700,7700,26000
2022-10-04 10:10:00,7700,7700,7700,7700,130400
2022-10-04 10:11:00,7700,7675,7700,7700,1200
2022-10-04 10:12:00,7700,7675,7700,7700,32200
2022-10-04 10:13:00,7675,7675,7725,7725,970000
2022-10-04 10:14:00,7725,7725,7750,7725,68500
2022-10-04 10:15:00,7725,7700,7750,7725,185700
2022-10-04 10:16:00,7725,7725,7750,7750,40800
2022-10-04 10:17:00,7725,7725,7725,7725,0
2022-10-04 10:18:00,7725,7725,7725,7725,77400
2022-10-04 10:19:00,7725,7725,7725,7725,4900
2022-10-04 10:20:00,7700,7700,7725,7725,10400
2022-10-04 10:21:00,7725,7725,7725,7725,0
2022-10-04 10:22:00,7700,7675,7725,7675,260500
2022-10-04 10:23:00,7675,7675,7675,7675,35700
2022-10-04 10:24:00,7675,7675,7675,7675,21100
2022-10-04 10:25:00,7675,7675,7675,7675,0
2022-10-04 10:26:00,7675,7675,7675,7675,1900
2022-10-04 10:27:00,7675,7675,7700,7700,69100
2022-10-04 10:28:00,7700,7675,7700,7700,29600
2022-10-04 10:29:00,7700,7700,7725,7700,13500
2022-10-04 10:30:00,7700,7700,7725,7700,32000
2022-10-04 10:31:00,7700,7700,7700,7700,7200
2022-10-04 10:32:00,7700,7700,7725,7700,5500
2022-10-04 10:33:00,7700,7700,7725,7700,55800
2022-10-04 10:34:00,7700,7700,7725,7700,107200
2022-10-04 10:35:00,7700,7675,7700,7675,69200
2022-10-04 10:36:00,7675,7675,7700,7675,13900
2022-10-04 10:37:00,7675,7675,7700,7700,24200
2022-10-04 10:38:00,7725,7700,7725,7725,9800
2022-10-04 10:39:00,7725,7700,7725,7725,3600
2022-10-04 10:40:00,7700,7700,7725,7725,24400
2022-10-04 10:41:00,7725,7700,7725,7725,11300
2022-10-04 10:42:00,7700,7700,7725,7725,6400
2022-10-04 10:43:00,7725,7700,7725,7725,18200
2022-10-04 10:44:00,7700,7700,7725,7725,15500
2022-10-04 10:45:00,7725,7725,7725,7725,15800
2022-10-04 10:46:00,7725,7700,7725,7725,11000
2022-10-04 10:47:00,7725,7700,7725,7725,189900
2022-10-04 10:48:00,7725,7725,7750,7725,51700
2022-10-04 10:49:00,7725,7700,7725,7725,8000
2022-10-04 10:50:00,7700,7700,7725,7700,137400
2022-10-04 10:51:00,7700,7700,7700,7700,20400
2022-10-04 10:52:00,7700,7700,7725,7725,2500
2022-10-04 10:53:00,7700,7700,7700,7700,1300
2022-10-04 10:54:00,7700,7700,7725,7725,2100
2022-10-04 10:55:00,7700,7700,7700,7700,1800
2022-10-04 10:56:00,7700,7700,7725,7700,2600
2022-10-04 10:57:00,7700,7700,7725,7725,2900
2022-10-04 10:58:00,7725,7725,7725,7725,3800
2022-10-04 10:59:00,7725,7700,7725,7725,1500
2022-10-04 11:00:00,7700,7700,7725,7725,7900
2022-10-04 11:01:00,7700,7700,7725,7725,0
2022-10-04 11:02:00,7725,7700,7725,7700,1200
2022-10-04 11:03:00,7700,7700,7725,7725,3200
2022-10-04 11:04:00,7700,7700,7725,7700,3700
2022-10-04 11:05:00,7700,7700,7725,7725,48300
2022-10-04 11:06:00,7725,7700,7725,7700,38700
2022-10-04 11:07:00,7700,7700,7700,7700,107800
2022-10-04 11:08:00,7700,7675,7700,7700,61800
2022-10-04 11:09:00,7700,7675,7700,7675,1400
2022-10-04 11:10:00,7675,7675,7700,7700,4000
2022-10-04 11:11:00,7675,7675,7700,7700,5600
2022-10-04 11:12:00,7700,7700,7700,7700,3000
2022-10-04 11:13:00,7700,7700,7725,7700,20800
2022-10-04 11:14:00,7700,7700,7725,7700,15800
2022-10-04 11:15:00,7700,7700,7700,7700,7400
2022-10-04 11:16:00,7675,7675,7675,7675,6200
2022-10-04 11:17:00,7675,7675,7700,7700,0
2022-10-04 11:18:00,7700,7700,7700,7700,53800
2022-10-04 11:19:00,7700,7700,7700,7700,20000
2022-10-04 11:20:00,7700,7700,7700,7700,1400
2022-10-04 11:21:00,7700,7700,7700,7700,15900
2022-10-04 11:22:00,7725,7700,7725,7725,3600
2022-10-04 11:23:00,7725,7700,7725,7700,6100
2022-10-04 11:24:00,7700,7700,7700,7700,2700
2022-10-04 11:25:00,7700,7700,7700,7700,10000
2022-10-04 11:26:00,7725,7700,7725,7700,3600
2022-10-04 11:27:00,7700,7700,7700,7700,10800
2022-10-04 11:28:00,7700,7700,7725,7700,8200
2022-10-04 11:29:00,7700,7700,7700,7700,0
2022-10-04 11:30:00,7700,7700,7700,7700,0
2022-10-04 11:31:00,7700,7700,7700,7700,0
2022-10-04 11:32:00,7700,7700,7700,7700,0
2022-10-04 11:33:00,7700,7700,7700,7700,0
2022-10-04 11:34:00,7700,7700,7700,7700,0
2022-10-04 11:35:00,7700,7700,7700,7700,0
2022-10-04 11:36:00,7700,7700,7700,7700,0
2022-10-04 11:37:00,7700,7700,7700,7700,0
2022-10-04 11:38:00,7700,7700,7700,7700,0
2022-10-04 11:39:00,7700,7700,7700,7700,0
2022-10-04 11:40:00,7700,7700,7700,7700,0
2022-10-04 11:41:00,7700,7700,7700,7700,0
2022-10-04 11:42:00,7700,7700,7700,7700,0
2022-10-04 11:43:00,7700,7700,7700,7700,0
2022-10-04 11:44:00,7700,7700,7700,7700,0
2022-10-04 11:45:00,7700,7700,7700,7700,0
2022-10-04 11:46:00,7700,7700,7700,7700,0
2022-10-04 11:47:00,7700,7700,7700,7700,0
2022-10-04 11:48:00,7700,7700,7700,7700,0
2022-10-04 11:49:00,7700,7700,7700,7700,0
2022-10-04 11:50:00,7700,7700,7700,7700,0
2022-10-04 11:51:00,7700,7700,7700,7700,0
2022-10-04 11:52:00,7700,7700,7700,7700,0
2022-10-04 11:53:00,7700,7700,7700,7700,0
2022-10-04 11:54:00,7700,7700,7700,7700,0
2022-10-04 11:55:00,7700,7700,7700,7700,0
2022-10-04 11:56:00,7700,7700,7700,7700,0
2022-10-04 11:57:00,7700,7700,7700,7700,0
2022-10-04 11:58:00,7700,7700,7700,7700,0
2022-10-04 11:59:00,7700,7700,7700,7700,0
2022-10-04 12:00:00,7700,7700,7700,7700,0
2022-10-04 12:01:00,7700,7700,7700,7700,0
2022-10-04 12:02:00,7700,7700,7700,7700,0
2022-10-04 12:03:00,7700,7700,7700,7700,0
2022-10-04 12:04:00,7700,7700,7700,7700,0
2022-10-04 12:05:00,7700,7700,7700,7700,0
2022-10-04 12:06:00,7700,7700,7700,7700,0
2022-10-04 12:07:00,7700,7700,7700,7700,0
2022-10-04 12:08:00,7700,7700,7700,7700,0
2022-10-04 12:09:00,7700,7700,7700,7700,0
2022-10-04 12:10:00,7700,7700,7700,7700,0
2022-10-04 12:11:00,7700,7700,7700,7700,0
2022-10-04 12:12:00,7700,7700,7700,7700,0
2022-10-04 12:13:00,7700,7700,7700,7700,0
2022-10-04 12:14:00,7700,7700,7700,7700,0
2022-10-04 12:15:00,7700,7700,7700,7700,0
2022-10-04 12:16:00,7700,7700,7700,7700,0
2022-10-04 12:17:00,7700,7700,7700,7700,0
2022-10-04 12:18:00,7700,7700,7700,7700,0
2022-10-04 12:19:00,7700,7700,7700,7700,0
2022-10-04 12:20:00,7700,7700,7700,7700,0
2022-10-04 12:21:00,7700,7700,7700,7700,0
2022-10-04 12:22:00,7700,7700,7700,7700,0
2022-10-04 12:23:00,7700,7700,7700,7700,0
2022-10-04 12:24:00,7700,7700,7700,7700,0
2022-10-04 12:25:00,7700,7700,7700,7700,0
2022-10-04 12:26:00,7700,7700,7700,7700,0
2022-10-04 12:27:00,7700,7700,7700,7700,0
2022-10-04 12:28:00,7700,7700,7700,7700,0
2022-10-04 12:29:00,7700,7700,7700,7700,0
2022-10-04 12:30:00,7700,7700,7700,7700,0
2022-10-04 12:31:00,7700,7700,7700,7700,0
2022-10-04 12:32:00,7700,7700,7700,7700,0
2022-10-04 12:33:00,7700,7700,7700,7700,0
2022-10-04 12:34:00,7700,7700,7700,7700,0
2022-10-04 12:35:00,7700,7700,7700,7700,0
2022-10-04 12:36:00,7700,7700,7700,7700,0
2022-10-04 12:37:00,7700,7700,7700,7700,0
2022-10-04 12:38:00,7700,7700,7700,7700,0
2022-10-04 12:39:00,7700,7700,7700,7700,0
2022-10-04 12:40:00,7700,7700,7700,7700,0
2022-10-04 12:41:00,7700,7700,7700,7700,0
2022-10-04 12:42:00,7700,7700,7700,7700,0
2022-10-04 12:43:00,7700,7700,7700,7700,0
2022-10-04 12:44:00,7700,7700,7700,7700,0
2022-10-04 12:45:00,7700,7700,7700,7700,0
2022-10-04 12:46:00,7700,7700,7700,7700,0
2022-10-04 12:47:00,7700,7700,7700,7700,0
2022-10-04 12:48:00,7700,7700,7700,7700,0
2022-10-04 12:49:00,7700,7700,7700,7700,0
2022-10-04 12:50:00,7700,7700,7700,7700,0
2022-10-04 12:51:00,7700,7700,7700,7700,0
2022-10-04 12:52:00,7700,7700,7700,7700,0
2022-10-04 12:53:00,7700,7700,7700,7700,0
2022-10-04 12:54:00,7700,7700,7700,7700,0
2022-10-04 12:55:00,7700,7700,7700,7700,0
2022-10-04 12:56:00,7700,7700,7700,7700,0
2022-10-04 12:57:00,7700,7700,7700,7700,0
2022-10-04 12:58:00,7700,7700,7700,7700,0
2022-10-04 12:59:00,7700,7700,7700,7700,0
2022-10-04 13:00:00,7700,7700,7700,7700,0
2022-10-04 13:01:00,7700,7700,7700,7700,0
2022-10-04 13:02:00,7700,7700,7700,7700,0
2022-10-04 13:03:00,7700,7700,7700,7700,0
2022-10-04 13:04:00,7700,7700,7700,7700,0
2022-10-04 13:05:00,7700,7700,7700,7700,0
2022-10-04 13:06:00,7700,7700,7700,7700,0
2022-10-04 13:07:00,7700,7700,7700,7700,0
2022-10-04 13:08:00,7700,7700,7700,7700,0
2022-10-04 13:09:00,7700,7700,7700,7700,0
2022-10-04 13:10:00,7700,7700,7700,7700,0
2022-10-04 13:11:00,7700,7700,7700,7700,0
2022-10-04 13:12:00,7700,7700,7700,7700,0
2022-10-04 13:13:00,7700,7700,7700,7700,0
2022-10-04 13:14:00,7700,7700,7700,7700,0
2022-10-04 13:15:00,7700,7700,7700,7700,0
2022-10-04 13:16:00,7700,7700,7700,7700,0
2022-10-04 13:17:00,7700,7700,7700,7700,0
2022-10-04 13:18:00,7700,7700,7700,7700,0
2022-10-04 13:19:00,7700,7700,7700,7700,0
2022-10-04 13:20:00,7700,7700,7700,7700,0
2022-10-04 13:21:00,7700,7700,7700,7700,0
2022-10-04 13:22:00,7700,7700,7700,7700,0
2022-10-04 13:23:00,7700,7700,7700,7700,0
2022-10-04 13:24:00,7700,7700,7700,7700,0
2022-10-04 13:25:00,7700,7700,7700,7700,0
2022-10-04 13:26:00,7700,7700,7700,7700,0
2022-10-04 13:27:00,7700,7700,7700,7700,0
2022-10-04 13:28:00,7700,7700,7700,7700,0
2022-10-04 13:29:00,7700,7700,7700,7700,0
2022-10-04 13:30:00,7700,7675,7725,7725,30700
2022-10-04 13:31:00,7700,7675,7725,7725,0
2022-10-04 13:32:00,7700,7675,7725,7725,0
2022-10-04 13:33:00,7700,7700,7700,7700,6600
2022-10-04 13:34:00,7700,7700,7700,7700,16600
2022-10-04 13:35:00,7700,7700,7725,7725,4400
2022-10-04 13:36:00,7725,7700,7725,7725,2400
2022-10-04 13:37:00,7725,7725,7725,7725,700
2022-10-04 13:38:00,7700,7700,7700,7700,11700
2022-10-04 13:39:00,7700,7700,7700,7700,8600
2022-10-04 13:40:00,7700,7700,7750,7750,316700
2022-10-04 13:41:00,7750,7725,7750,7750,10100
2022-10-04 13:42:00,7725,7725,7725,7725,12100
2022-10-04 13:43:00,7725,7725,7750,7725,51800
2022-10-04 13:44:00,7725,7725,7750,7750,3700
2022-10-04 13:45:00,7750,7725,7750,7725,18900
2022-10-04 13:46:00,7750,7725,7750,7750,105500
2022-10-04 13:47:00,7750,7750,7750,7750,1000
2022-10-04 13:48:00,7725,7725,7750,7750,3900
2022-10-04 13:49:00,7725,7725,7725,7725,5400
2022-10-04 13:50:00,7725,7725,7750,7750,11500
2022-10-04 13:51:00,7725,7725,7725,7725,16300
2022-10-04 13:52:00,7725,7725,7725,7725,5900
2022-10-04 13:53:00,7725,7725,7725,7725,6000
2022-10-04 13:54:00,7725,7725,7725,7725,0
2022-10-04 13:55:00,7725,7725,7725,7725,1500
2022-10-04 13:56:00,7750,7725,7750,7750,5900
2022-10-04 13:57:00,7725,7725,7750,7750,300
2022-10-04 13:58:00,7725,7725,7750,7750,4800
2022-10-04 13:59:00,7750,7750,7750,7750,1000
2022-10-04 14:00:00,7725,7725,7750,7725,9100
2022-10-04 14:01:00,7725,7725,7750,7750,122800
2022-10-04 14:02:00,7725,7725,7750,7750,24100
2022-10-04 14:03:00,7750,7725,7750,7750,6700
2022-10-04 14:04:00,7750,7725,7750,7750,5900
2022-10-04 14:05:00,7750,7750,7750,7750,2700
2022-10-04 14:06:00,7750,7725,7750,7725,8200
2022-10-04 14:07:00,7725,7725,7750,7725,21500
2022-10-04 14:08:00,7725,7725,7750,7750,11900
2022-10-04 14:09:00,7725,7725,7750,7725,14000
2022-10-04 14:10:00,7725,7725,7750,7750,7500
2022-10-04 14:11:00,7750,7725,7750,7750,3200
2022-10-04 14:12:00,7750,7725,7750,7750,10900
2022-10-04 14:13:00,7750,7725,7750,7750,3900
2022-10-04 14:14:00,7750,7750,7750,7750,2200
2022-10-04 14:15:00,7750,7725,7750,7750,8300
2022-10-04 14:16:00,7750,7700,7750,7700,112400
2022-10-04 14:17:00,7725,7700,7725,7700,13400
2022-10-04 14:18:00,7700,7700,7725,7725,11200
2022-10-04 14:19:00,7725,7700,7725,7725,5400
2022-10-04 14:20:00,7725,7700,7725,7725,18000
2022-10-04 14:21:00,7700,7700,7725,7700,6400
2022-10-04 14:22:00,7725,7725,7725,7725,0
2022-10-04 14:23:00,7700,7700,7725,7725,30200
2022-10-04 14:24:00,7725,7700,7725,7725,3500
2022-10-04 14:25:00,7725,7700,7725,7700,13500
2022-10-04 14:26:00,7700,7700,7700,7700,0
2022-10-04 14:27:00,7700,7700,7725,7725,19300
2022-10-04 14:28:00,7725,7700,7725,7725,3900
2022-10-04 14:29:00,7700,7700,7725,7725,71600
2022-10-04 14:30:00,7725,7725,7725,7725,1300
2022-10-04 14:31:00,7725,7725,7750,7725,5300
2022-10-04 14:32:00,7725,7725,7725,7725,600
2022-10-04 14:33:00,7725,7725,7750,7750,41900
2022-10-04 14:34:00,7725,7725,7750,7725,140100
2022-10-04 14:35:00,7725,7725,7725,7725,9500
2022-10-04 14:36:00,7725,7725,7725,7725,90700
2022-10-04 14:37:00,7725,7725,7725,7725,19100
2022-10-04 14:38:00,7700,7700,7725,7725,57300
2022-10-04 14:39:00,7725,7700,7725,7700,16300
2022-10-04 14:40:00,7725,7700,7725,7700,0
2022-10-04 14:41:00,7725,7700,7725,7700,8600
2022-10-04 14:42:00,7700,7700,7700,7700,16100
2022-10-04 14:43:00,7725,7700,7725,7700,1100
2022-10-04 14:44:00,7725,7700,7725,7725,13100
2022-10-04 14:45:00,7700,7700,7725,7725,45800
2022-10-04 14:46:00,7725,7725,7725,7725,70900
2022-10-04 14:47:00,7725,7700,7725,7725,86300
2022-10-04 14:48:00,7725,7700,7725,7700,10000
2022-10-04 14:49:00,7700,7700,7750,7725,31000
2022-10-04 14:50:00,7700,7700,7750,7725,0
2022-10-04 14:51:00,7700,7700,7750,7725,0
2022-10-04 14:52:00,7700,7700,7750,7725,0
2022-10-04 14:53:00,7700,7700,7750,7725,0
2022-10-04 14:54:00,7700,7700,7750,7725,0
2022-10-04 14:55:00,7700,7700,7750,7725,0
2022-10-04 14:56:00,7700,7700,7750,7725,0
2022-10-04 14:57:00,7700,7700,7750,7725,0
2022-10-04 14:58:00,7700,7700,7750,7725,0
2022-10-04 14:59:00,7700,7700,7750,7725,0
2022-10-04 15:00:00,7725,7725,7725,7725,210200
2022-10-04 15:01:00,7725,7725,7725,7725,15000
2022-10-04 15:02:00,7725,7725,7725,7725,1700
2022-10-04 15:03:00,7725,7725,7725,7725,0
2022-10-04 15:04:00,7725,7725,7725,7725,9800
2022-10-04 15:05:00,7725,7725,7725,7725,4600
2022-10-04 15:06:00,7725,7725,7725,7725,3900
2022-10-04 15:07:00,7725,7725,7725,7725,0
2022-10-04 15:08:00,7725,7725,7725,7725,0
2022-10-04 15:09:00,7725,7725,7725,7725,8100
2022-10-04 15:10:00,7725,7725,7725,7725,0
2022-10-04 15:11:00,7725,7725,7725,7725,7500
2022-10-04 15:12:00,7725,7725,7725,7725,0
2022-10-04 15:13:00,7725,7725,7725,7725,0
2022-10-04 15:14:00,7725,7725,7725,7725,7923800
2022-10-04 15:15:00,7725,7725,7725,7725,0
2022-10-04 15:16:00,7725,7725,7725,7725,0
2022-10-04 15:17:00,7725,7725,7725,7725,0
2022-10-04 15:18:00,7725,7725,7725,7725,0
2022-10-04 15:19:00,7725,7725,7725,7725,0
2022-10-04 15:20:00,7725,7725,7725,7725,0
2022-10-04 15:21:00,7725,7725,7725,7725,0
2022-10-04 15:22:00,7725,7725,7725,7725,0
2022-10-04 15:23:00,7725,7725,7725,7725,0
2022-10-04 15:24:00,7725,7725,7725,7725,0
2022-10-04 15:25:00,7725,7725,7725,7725,0
2022-10-04 15:26:00,7725,7725,7725,7725,0
2022-10-04 15:27:00,7725,7725,7725,7725,0
2022-10-04 15:28:00,7725,7725,7725,7725,0
2022-10-04 15:29:00,7725,7725,7725,7725,0
2022-10-04 15:30:00,7725,7725,7725,7725,0
2022-10-04 15:31:00,7725,7725,7725,7725,0
2022-10-04 15:32:00,7725,7725,7725,7725,0
2022-10-04 15:33:00,7725,7725,7725,7725,0
2022-10-04 15:34:00,7725,7725,7725,7725,0
2022-10-04 15:35:00,7725,7725,7725,7725,0
2022-10-04 15:36:00,7725,7725,7725,7725,0
2022-10-04 15:37:00,7725,7725,7725,7725,0
2022-10-04 15:38:00,7725,7725,7725,7725,0
2022-10-04 15:39:00,7725,7725,7725,7725,0
2022-10-04 15:40:00,7725,7725,7725,7725,0
2022-10-04 15:41:00,7725,7725,7725,7725,0
2022-10-04 15:42:00,7725,7725,7725,7725,0
2022-10-04 15:43:00,7725,7725,7725,7725,0
2022-10-04 15:44:00,7725,7725,7725,7725,0
2022-10-04 15:45:00,7725,7725,7725,7725,0
2022-10-04 15:46:00,7725,7725,7725,7725,0
2022-10-04 15:47:00,7725,7725,7725,7725,0
2022-10-04 15:48:00,7725,7725,7725,7725,0
2022-10-04 15:49:00,7725,7725,7725,7725,0
2022-10-04 15:50:00,7725,7725,7725,7725,0
2022-10-04 15:51:00,7725,7725,7725,7725,0
2022-10-04 15:52:00,7725,7725,7725,7725,0
2022-10-04 15:53:00,7725,7725,7725,7725,0
2022-10-04 15:54:00,7725,7725,7725,7725,0
2022-10-04 15:55:00,7725,7725,7725,7725,0
2022-10-04 15:56:00,7725,7725,7725,7725,0
2022-10-04 15:57:00,7725,7725,7725,7725,0
2022-10-04 15:58:00,7725,7725,7725,7725,0
2022-10-04 15:59:00,7725,7725,7725,7725,0
2022-10-05 09:00:00,7750,7750,7775,7775,0
2022-10-05 09:01:00,7775,7750,7775,7750,25900
2022-10-05 09:02:00,7750,7750,7775,7750,75900
2022-10-05 09:03:00,7750,7700,7750,7700,81500
2022-10-05 09:04:00,7725,7700,7725,7725,3200
2022-10-05 09:05:00,7725,7700,7725,7700,10800
2022-10-05 09:06:00,7700,7700,7725,7700,58400
2022-10-05 09:07:00,7700,7700,7700,7700,15300
2022-10-05 09:08:00,7700,7675,7700,7700,129000
2022-10-05 09:09:00,7675,7650,7700,7650,19500
2022-10-05 09:10:00,7650,7650,7700,7650,14300
2022-10-05 09:11:00,7650,7650,7675,7650,3200
2022-10-05 09:12:00,7675,7675,7700,7675,76900
2022-10-05 09:13:00,7675,7675,7675,7675,6800
2022-10-05 09:14:00,7700,7675,7700,7675,12300
2022-10-05 09:15:00,7675,7650,7675,7650,79700
2022-10-05 09:16:00,7650,7625,7650,7650,51000
2022-10-05 09:17:00,7650,7625,7650,7625,100
2022-10-05 09:18:00,7625,7625,7650,7650,45000
2022-10-05 09:19:00,7650,7650,7675,7675,5400
2022-10-05 09:20:00,7675,7675,7675,7675,600
2022-10-05 09:21:00,7675,7675,7700,7700,20500
2022-10-05 09:22:00,7700,7675,7700,7700,18700
2022-10-05 09:23:00,7700,7700,7700,7700,0
2022-10-05 09:24:00,7725,7700,7725,7725,2300
2022-10-05 09:25:00,7700,7700,7700,7700,1700
2022-10-05 09:26:00,7700,7700,7700,7700,3400
2022-10-05 09:27:00,7700,7700,7725,7725,900
2022-10-05 09:28:00,7700,7700,7700,7700,2600
2022-10-05 09:29:00,7725,7700,7725,7700,700
2022-10-05 09:30:00,7725,7700,7725,7700,700
2022-10-05 09:31:00,7700,7700,7700,7700,11200
2022-10-05 09:32:00,7700,7700,7700,7700,4500
2022-10-05 09:33:00,7700,7700,7725,7725,41200
2022-10-05 09:34:00,7725,7725,7725,7725,20300
2022-10-05 09:35:00,7725,7725,7725,7725,3300
2022-10-05 09:36:00,7700,7700,7700,7700,34500
2022-10-05 09:37:00,7700,7700,7700,7700,1500
2022-10-05 09:38:00,7700,7675,7700,7675,44900
2022-10-05 09:39:00,7650,7650,7650,7650,1400
2022-10-05 09:40:00,7650,7650,7650,7650,3200
2022-10-05 09:41:00,7675,7675,7700,7675,43800
2022-10-05 09:42:00,7675,7675,7675,7675,3700
2022-10-05 09:43:00,7675,7675,7675,7675,400
2022-10-05 09:44:00,7675,7675,7675,7675,10000
2022-10-05 09:45:00,7675,7650,7675,7650,3500
2022-10-05 09:46:00,7675,7675,7675,7675,16100
2022-10-05 09:47:00,7675,7675,7700,7700,800
2022-10-05 09:48:00,7675,7675,7675,7675,11300
2022-10-05 09:49:00,7675,7675,7675,7675,0
2022-10-05 09:50:00,7675,7675,7675,7675,0
2022-10-05 09:51:00,7675,7675,7675,7675,0
2022-10-05 09:52:00,7700,7700,7700,7700,0
2022-10-05 09:53:00,7675,7675,7675,7675,1000
2022-10-05 09:54:00,7700,7675,7700,7675,500
2022-10-05 09:55:00,7700,7700,7700,7700,0
2022-10-05 09:56:00,7675,7675,7700,7675,21000
2022-10-05 09:57:00,7675,7675,7675,7675,0
2022-10-05 09:58:00,7650,7650,7650,7650,1000
2022-10-05 09:59:00,7675,7675,7675,7675,600
2022-10-05 10:00:00,7675,7675,7675,7675,1300
2022-10-05 10:01:00,7650,7650,7650,7650,12600
2022-10-05 10:02:00,7675,7675,7675,7675,0
2022-10-05 10:03:00,7675,7675,7675,7675,0
2022-10-05 10:04:00,7675,7675,7675,7675,0
2022-10-05 10:05:00,7650,7650,7650,7650,100
2022-10-05 10:06:00,7650,7650,7650,7650,20200
2022-10-05 10:07:00,7650,7650,7675,7675,15300
2022-10-05 10:08:00,7675,7650,7675,7675,2800
2022-10-05 10:09:00,7675,7675,7675,7675,14000
2022-10-05 10:10:00,7675,7675,7675,7675,100
2022-10-05 10:11:00,7675,7675,7675,7675,2200
2022-10-05 10:12:00,7675,7650,7675,7675,2800
2022-10-05 10:13:00,7675,7650,7675,7675,4300
2022-10-05 10:14:00,7675,7675,7675,7675,4400
2022-10-05 10:15:00,7675,7675,7675,7675,100
2022-10-05 10:16:00,7675,7675,7675,7675,2300
2022-10-05 10:17:00,7675,7675,7675,7675,1400
2022-10-05 10:18:00,7675,7675,7675,7675,7500
2022-10-05 10:19:00,7675,7675,7675,7675,2300
2022-10-05 10:20:00,7675,7675,7675,7675,0
2022-10-05 10:21:00,7675,7650,7675,7675,2000
2022-10-05 10:22:00,7650,7650,7675,7675,1800
2022-10-05 10:23:00,7675,7675,7675,7675,500
2022-10-05 10:24:00,7675,7675,7675,7675,1600
2022-10-05 10:25:00,7675,7675,7675,7675,6900
2022-10-05 10:26:00,7675,7675,7675,7675,1700
2022-10-05 10:27:00,7675,7675,7675,7675,800
2022-10-05 10:28:00,7675,7675,7675,7675,700
2022-10-05 10:29:00,7675,7675,7675,7675,300
2022-10-05 10:30:00,7675,7650,7675,7675,4400
2022-10-05 10:31:00,7675,7675,7675,7675,2300
2022-10-05 10:32:00,7675,7675,7675,7675,600
2022-10-05 10:33:00,7675,7675,7675,7675,400
2022-10-05 10:34:00,7675,7650,7675,7675,600
2022-10-05 10:35:00,7675,7675,7675,7675,400
2022-10-05 10:36:00,7650,7650,7675,7675,2400
2022-10-05 10:37:00,7675,7625,7675,7625,194400
2022-10-05 10:38:00,7625,7625,7650,7650,2000
2022-10-05 10:39:00,7650,7650,7650,7650,400
2022-10-05 10:40:00,7625,7625,7650,7650,400
2022-10-05 10:41:00,7650,7625,7650,7625,8100
2022-10-05 10:42:00,7625,7625,7650,7650,20000
2022-10-05 10:43:00,7650,7650,7650,7650,100
2022-10-05 10:44:00,7650,7650,7650,7650,0
2022-10-05 10:45:00,7650,7625,7650,7625,12900
2022-10-05 10:46:00,7650,7625,7650,7625,0
2022-10-05 10:47:00,7625,7625,7650,7650,700
2022-10-05 10:48:00,7625,7625,7625,7625,0
2022-10-05 10:49:00,7625,7625,7625,7625,0
2022-10-05 10:50:00,7625,7600,7625,7625,227700
2022-10-05 10:51:00,7600,7600,7625,7600,4200
2022-10-05 10:52:00,7625,7600,7625,7625,5400
2022-10-05 10:53:00,7625,7625,7625,7625,23100
2022-10-05 10:54:00,7625,7600,7625,7625,6800
2022-10-05 10:55:00,7625,7625,7625,7625,300
2022-10-05 10:56:00,7625,7600,7625,7625,400
2022-10-05 10:57:00,7625,7625,7625,7625,300
2022-10-05 10:58:00,7625,7625,7625,7625,100
2022-10-05 10:59:00,7625,7625,7625,7625,600
2022-10-05 11:00:00,7625,7625,7625,7625,300
2022-10-05 11:01:00,7625,7600,7625,7625,8200
2022-10-05 11:02:00,7625,7600,7625,7625,1400
2022-10-05 11:03:00,7625,7625,7625,7625,1500
2022-10-05 11:04:00,7625,7625,7625,7625,1400
2022-10-05 11:05:00,7625,7600,7625,7625,26400
2022-10-05 11:06:00,7625,7625,7650,7650,41400
2022-10-05 11:07:00,7650,7625,7650,7650,9000
2022-10-05 11:08:00,7650,7625,7650,7650,6900
2022-10-05 11:09:00,7650,7650,7650,7650,300
2022-10-05 11:10:00,7650,7650,7650,7650,0
2022-10-05 11:11:00,7650,7625,7650,7650,21400
2022-10-05 11:12:00,7650,7650,7650,7650,8600
2022-10-05 11:13:00,7650,7625,7650,7650,5500
2022-10-05 11:14:00,7650,7650,7650,7650,6700
2022-10-05 11:15:00,7650,7650,7650,7650,6000
2022-10-05 11:16:00,7650,7650,7675,7675,5800
2022-10-05 11:17:00,7675,7675,7675,7675,6300
2022-10-05 11:18:00,7675,7675,7675,7675,4600
2022-10-05 11:19:00,7675,7675,7675,7675,80100
2022-10-05 11:20:00,7675,7675,7675,7675,19600
2022-10-05 11:21:00,7675,7675,7675,7675,9900
2022-10-05 11:22:00,7675,7675,7675,7675,2900
2022-10-05 11:23:00,7675,7675,7675,7675,1000
2022-10-05 11:24:00,7675,7675,7675,7675,40200
2022-10-05 11:25:00,7675,7675,7675,7675,12400
2022-10-05 11:26:00,7675,7675,7675,7675,3000
2022-10-05 11:27:00,7675,7675,7675,7675,500
2022-10-05 11:28:00,7650,7650,7675,7675,2600
2022-10-05 11:29:00,7675,7675,7675,7675,5200
2022-10-05 11:30:00,7675,7675,7675,7675,0
2022-10-05 11:31:00,7675,7675,7675,7675,0
2022-10-05 11:32:00,7675,7675,7675,7675,0
2022-10-05 11:33:00,7675,7675,7675,7675,0
2022-10-05 11:34:00,7675,7675,7675,7675,0
2022-10-05 11:35:00,7675,7675,7675,7675,0
2022-10-05 11:36:00,7675,7675,7675,7675,0
2022-10-05 11:37:00,7675,7675,7675,7675,0
2022-10-05 11:38:00,7675,7675,7675,7675,0
2022-10-05 11:39:00,7675,7675,7675,7675,0
2022-10-05 11:40:00,7675,7675,7675,7675,0
2022-10-05 11:41:00,7675,7675,7675,7675,0
2022-10-05 11:42:00,7675,7675,7675,7675,0
2022-10-05 11:43:00,7675,7675,7675,7675,0
2022-10-05 11:44:00,7675,7675,7675,7675,0
2022-10-05 11:45:00,7675,7675,7675,7675,0
2022-10-05 11:46:00,7675,7675,7675,7675,0
2022-10-05 11:47:00,7675,7675,7675,7675,0
2022-10-05 11:48:00,7675,7675,7675,7675,0
2022-10-05 11:49:00,7675,7675,7675,7675,0
2022-10-05 11:50:00,7675,7675,7675,7675,0
2022-10-05 11:51:00,7675,7675,7675,7675,0
2022-10-05 11:52:00,7675,7675,7675,7675,0
2022-10-05 11:53:00,7675,7675,7675,7675,0
2022-10-05 11:54:00,7675,7675,7675,7675,0
2022-10-05 11:55:00,7675,7675,7675,7675,0
2022-10-05 11:56:00,7675,7675,7675,7675,0
2022-10-05 11:57:00,7675,7675,7675,7675,0
2022-10-05 11:58:00,7675,7675,7675,7675,0
2022-10-05 11:59:00,7675,7675,7675,7675,0
2022-10-05 12:00:00,7675,7675,7675,7675,0
2022-10-05 12:01:00,7675,7675,7675,7675,0
2022-10-05 12:02:00,7675,7675,7675,7675,0
2022-10-05 12:03:00,7675,7675,7675,7675,0
2022-10-05 12:04:00,7675,7675,7675,7675,0
2022-10-05 12:05:00,7675,7675,7675,7675,0
2022-10-05 12:06:00,7675,7675,7675,7675,0
2022-10-05 12:07:00,7675,7675,7675,7675,0
2022-10-05 12:08:00,7675,7675,7675,7675,0
2022-10-05 12:09:00,7675,7675,7675,7675,0
2022-10-05 12:10:00,7675,7675,7675,7675,0
2022-10-05 12:11:00,7675,7675,7675,7675,0
2022-10-05 12:12:00,7675,7675,7675,7675,0
2022-10-05 12:13:00,7675,7675,7675,7675,0
2022-10-05 12:14:00,7675,7675,7675,7675,0
2022-10-05 12:15:00,7675,7675,7675,7675,0
2022-10-05 12:16:00,7675,7675,7675,7675,0
2022-10-05 12:17:00,7675,7675,7675,7675,0
2022-10-05 12:18:00,7675,7675,7675,7675,0
2022-10-05 12:19:00,7675,7675,7675,7675,0
2022-10-05 12:20:00,7675,7675,7675,7675,0
2022-10-05 12:21:00,7675,7675,7675,7675,0
2022-10-05 12:22:00,7675,7675,7675,7675,0
2022-10-05 12:23:00,7675,7675,7675,7675,0
2022-10-05 12:24:00,7675,7675,7675,7675,0
2022-10-05 12:25:00,7675,7675,7675,7675,0
2022-10-05 12:26:00,7675,7675,7675,7675,0
2022-10-05 12:27:00,7675,7675,7675,7675,0
2022-10-05 12:28:00,7675,7675,7675,7675,0
2022-10-05 12:29:00,7675,7675,7675,7675,0
2022-10-05 12:30:00,7675,7675,7675,7675,0
2022-10-05 12:31:00,7675,7675,7675,7675,0
2022-10-05 12:32:00,7675,7675,7675,7675,0
2022-10-05 12:33:00,7675,7675,7675,7675,0
2022-10-05 12:34:00,7675,7675,7675,7675,0
2022-10-05 12:35:00,7675,7675,7675,7675,0
2022-10-05 12:36:00,7675,7675,7675,7675,0
2022-10-05 12:37:00,7675,7675,7675,7675,0
2022-10-05 12:38:00,7675,7675,7675,7675,0
2022-10-05 12:39:00,7675,7675,7675,7675,0
2022-10-05 12:40:00,7675,7675,7675,7675,0
2022-10-05 12:41:00,7675,7675,7675,7675,0
2022-10-05 12:42:00,7675,7675,7675,7675,0
2022-10-05 12:43:00,7675,7675,7675,7675,0
2022-10-05 12:44:00,7675,7675,7675,7675,0
2022-10-05 12:45:00,7675,7675,7675,7675,0
2022-10-05 12:46:00,7675,7675,7675,7675,0
2022-10-05 12:47:00,7675,7675,7675,7675,0
2022-10-05 12:48:00,7675,7675,7675,7675,0
2022-10-05 12:49:00,7675,7675,7675,7675,0
2022-10-05 12:50:00,7675,7675,7675,7675,0
2022-10-05 12:51:00,7675,7675,7675,7675,0
2022-10-05 12:52:00,7675,7675,7675,7675,0
2022-10-05 12:53:00,7675,7675,7675,7675,0
2022-10-05 12:54:00,7675,7675,7675,7675,0
2022-10-05 12:55:00,7675,7675,7675,7675,0
2022-10-05 12:56:00,7675,7675,7675,7675,0
2022-10-05 12:57:00,7675,7675,7675,7675,0
2022-10-05 12:58:00,7675,7675,7675,7675,0
2022-10-05 12:59:00,7675,7675,7675,7675,0
2022-10-05 13:00:00,7675,7675,7675,7675,0
2022-10-05 13:01:00,7675,7675,7675,7675,0
2022-10-05 13:02:00,7675,7675,7675,7675,0
2022-10-05 13:03:00,7675,7675,7675,7675,0
2022-10-05 13:04:00,7675,7675,7675,7675,0
2022-10-05 13:05:00,7675,7675,7675,7675,0
2022-10-05 13:06:00,7675,7675,7675,7675,0
2022-10-05 13:07:00,7675,7675,7675,7675,0
2022-10-05 13:08:00,7675,7675,7675,7675,0
2022-10-05 13:09:00,7675,7675,7675,7675,0
2022-10-05 13:10:00,7675,7675,7675,7675,0
2022-10-05 13:11:00,7675,7675,7675,7675,0
2022-10-05 13:12:00,7675,7675,7675,7675,0
2022-10-05 13:13:00,7675,7675,7675,7675,0
2022-10-05 13:14:00,7675,7675,7675,7675,0
2022-10-05 13:15:00,7675,7675,7675,7675,0
2022-10-05 13:16:00,7675,7675,7675,7675,0
2022-10-05 13:17:00,7675,7675,7675,7675,0
2022-10-05 13:18:00,7675,7675,7675,7675,0
2022-10-05 13:19:00,7675,7675,7675,7675,0
2022-10-05 13:20:00,7675,7675,7675,7675,0
2022-10-05 13:21:00,7675,7675,7675,7675,0
2022-10-05 13:22:00,7675,7675,7675,7675,0
2022-10-05 13:23:00,7675,7675,7675,7675,0
2022-10-05 13:24:00,7675,7675,7675,7675,0
2022-10-05 13:25:00,7675,7675,7675,7675,0
2022-10-05 13:26:00,7675,7675,7675,7675,0
2022-10-05 13:27:00,7675,7675,7675,7675,0
2022-10-05 13:28:00,7675,7675,7675,7675,0
2022-10-05 13:29:00,7675,7675,7675,7675,0
2022-10-05 13:30:00,7650,7650,7675,7675,8000
2022-10-05 13:31:00,7675,7675,7675,7675,100
2022-10-05 13:32:00,7675,7675,7675,7675,0
2022-10-05 13:33:00,7650,7650,7650,7650,300
2022-10-05 13:34:00,7650,7650,7650,7650,0
2022-10-05 13:35:00,7650,7650,7650,7650,5400
2022-10-05 13:36:00,7650,7650,7650,7650,1700
2022-10-05 13:37:00,7650,7650,7650,7650,0
2022-10-05 13:38:00,7650,7650,7650,7650,0
2022-10-05 13:39:00,7650,7625,7650,7650,27800
2022-10-05 13:40:00,7650,7625,7650,7650,4000
2022-10-05 13:41:00,7650,7625,7650,7625,7900
2022-10-05 13:42:00,7625,7625,7650,7650,8300
2022-10-05 13:43:00,7625,7625,7625,7625,1000
2022-10-05 13:44:00,7625,7625,7625,7625,0
2022-10-05 13:45:00,7625,7625,7625,7625,300
2022-10-05 13:46:00,7625,7625,7625,7625,0
2022-10-05 13:47:00,7625,7625,7650,7650,16300
2022-10-05 13:48:00,7650,7650,7650,7650,1400
2022-10-05 13:49:00,7650,7625,7650,7650,500
2022-10-05 13:50:00,7625,7625,7650,7650,200
2022-10-05 13:51:00,7650,7625,7650,7650,1200
2022-10-05 13:52:00,7625,7625,7650,7650,4200
2022-10-05 13:53:00,7650,7650,7650,7650,500
2022-10-05 13:54:00,7650,7625,7650,7650,1100
2022-10-05 13:55:00,7650,7625,7650,7650,1500
2022-10-05 13:56:00,7650,7625,7650,7650,2500
2022-10-05 13:57:00,7625,7625,7650,7650,14700
2022-10-05 13:58:00,7650,7625,7650,7625,17500
2022-10-05 13:59:00,7650,7625,7650,7625,5100
2022-10-05 14:00:00,7650,7625,7650,7650,2700
2022-10-05 14:01:00,7650,7625,7650,7650,0
2022-10-05 14:02:00,7650,7625,7650,7625,7600
2022-10-05 14:03:00,7650,7625,7650,7650,9900
2022-10-05 14:04:00,7650,7625,7650,7650,700
2022-10-05 14:05:00,7650,7625,7650,7650,9500
2022-10-05 14:06:00,7650,7625,7650,7625,120300
2022-10-05 14:07:00,7625,7625,7625,7625,900
2022-10-05 14:08:00,7625,7625,7625,7625,6000
2022-10-05 14:09:00,7625,7625,7625,7625,54600
2022-10-05 14:10:00,7625,7625,7625,7625,14100
2022-10-05 14:11:00,7650,7625,7650,7625,1200
2022-10-05 14:12:00,7650,7650,7650,7650,0
2022-10-05 14:13:00,7625,7625,7650,7650,60900
2022-10-05 14:14:00,7625,7625,7650,7650,0
2022-10-05 14:15:00,7650,7650,7650,7650,300
2022-10-05 14:16:00,7625,7625,7625,7625,900
2022-10-05 14:17:00,7625,7625,7625,7625,0
2022-10-05 14:18:00,7625,7625,7625,7625,0
2022-10-05 14:19:00,7625,7625,7650,7625,33400
2022-10-05 14:20:00,7650,7650,7650,7650,100
2022-10-05 14:21:00,7650,7650,7650,7650,0
2022-10-05 14:22:00,7650,7650,7650,7650,0
2022-10-05 14:23:00,7625,7625,7625,7625,17500
2022-10-05 14:24:00,7625,7625,7625,7625,400
2022-10-05 14:25:00,7625,7625,7650,7650,53600
2022-10-05 14:26:00,7650,7650,7650,7650,100
2022-10-05 14:27:00,7650,7650,7650,7650,0
2022-10-05 14:28:00,7650,7650,7675,7675,15000
2022-10-05 14:29:00,7650,7650,7675,7675,1600
2022-10-05 14:30:00,7675,7675,7675,7675,1000
2022-10-05 14:31:00,7650,7650,7675,7650,19900
2022-10-05 14:32:00,7650,7650,7650,7650,2600
2022-10-05 14:33:00,7650,7650,7650,7650,14000
2022-10-05 14:34:00,7650,7650,7650,7650,0
2022-10-05 14:35:00,7650,7650,7650,7650,28600
2022-10-05 14:36:00,7650,7650,7650,7650,50500
2022-10-05 14:37:00,7650,7650,7650,7650,15800
2022-10-05 14:38:00,7650,7650,7650,7650,21100
2022-10-05 14:39:00,7650,7650,7650,7650,0
2022-10-05 14:40:00,7650,7650,7650,7650,23700
2022-10-05 14:41:00,7650,7625,7650,7650,13200
2022-10-05 14:42:00,7650,7650,7650,7650,2500
2022-10-05 14:43:00,7650,7625,7650,7650,2800
2022-10-05 14:44:00,7650,7625,7650,7625,3000
2022-10-05 14:45:00,7625,7625,7650,7650,2500
2022-10-05 14:46:00,7650,7625,7650,7625,2200
2022-10-05 14:47:00,7625,7625,7650,7650,1600
2022-10-05 14:48:00,7625,7625,7650,7650,15500
2022-10-05 14:49:00,7650,7625,7675,7650,13700
2022-10-05 14:50:00,7650,7625,7675,7650,0
2022-10-05 14:51:00,7650,7625,7675,7650,0
2022-10-05 14:52:00,7650,7625,7675,7650,0
2022-10-05 14:53:00,7650,7625,7675,7650,0
2022-10-05 14:54:00,7650,7625,7675,7650,0
2022-10-05 14:55:00,7650,7625,7675,7650,0
2022-10-05 14:56:00,7650,7625,7675,7650,0
2022-10-05 14:57:00,7650,7625,7675,7650,0
2022-10-05 14:58:00,7650,7625,7675,7650,0
2022-10-05 14:59:00,7650,7625,7675,7650,0
2022-10-05 15:00:00,7650,7650,7650,7650,70100
2022-10-05 15:01:00,7650,7650,7650,7650,10000
2022-10-05 15:02:00,7650,7650,7650,7650,0
2022-10-05 15:03:00,7650,7650,7650,7650,7300
2022-10-05 15:04:00,7650,7650,7650,7650,0
2022-10-05 15:05:00,7650,7650,7650,7650,0
2022-10-05 15:06:00,7650,7650,7650,7650,200
2022-10-05 15:07:00,7650,7650,7650,7650,20400
2022-10-05 15:08:00,7650,7650,7650,7650,0
2022-10-05 15:09:00,7650,7650,7650,7650,0
2022-10-05 15:10:00,7650,7650,7650,7650,0
2022-10-05 15:11:00,7650,7650,7650,7650,0
2022-10-05 15:12:00,7650,7650,7650,7650,3800
2022-10-05 15:13:00,7650,7650,7650,7650,0
2022-10-05 15:14:00,7650,7650,7650,7650,0
2022-10-05 15:15:00,7650,7650,7650,7650,0
2022-10-05 15:16:00,7650,7650,7650,7650,0
2022-10-05 15:17:00,7650,7650,7650,7650,0
2022-10-05 15:18:00,7650,7650,7650,7650,0
2022-10-05 15:19:00,7650,7650,7650,7650,0
2022-10-05 15:20:00,7650,7650,7650,7650,0
2022-10-05 15:21:00,7650,7650,7650,7650,0
2022-10-05 15:22:00,7650,7650,7650,7650,0
2022-10-05 15:23:00,7650,7650,7650,7650,0
2022-10-05 15:24:00,7650,7650,7650,7650,0
2022-10-05 15:25:00,7650,7650,7650,7650,0
2022-10-05 15:26:00,7650,7650,7650,7650,0
2022-10-05 15:27:00,7650,7650,7650,7650,0
2022-10-05 15:28:00,7650,7650,7650,7650,0
2022-10-05 15:29:00,7650,7650,7650,7650,0
2022-10-05 15:30:00,7650,7650,7650,7650,0
2022-10-05 15:31:00,7650,7650,7650,7650,0
2022-10-05 15:32:00,7650,7650,7650,7650,0
2022-10-05 15:33:00,7650,7650,7650,7650,0
2022-10-05 15:34:00,7650,7650,7650,7650,0
2022-10-05 15:35:00,7650,7650,7650,7650,0
2022-10-05 15:36:00,7650,7650,7650,7650,0
2022-10-05 15:37:00,7650,7650,7650,7650,0
2022-10-05 15:38:00,7650,7650,7650,7650,0
2022-10-05 15:39:00,7650,7650,7650,7650,0
2022-10-05 15:40:00,7650,7650,7650,7650,0
2022-10-05 15:41:00,7650,7650,7650,7650,0
2022-10-05 15:42:00,7650,7650,7650,7650,0
2022-10-05 15:43:00,7650,7650,7650,7650,0
2022-10-05 15:44:00,7650,7650,7650,7650,0
2022-10-05 15:45:00,7650,7650,7650,7650,0
2022-10-05 15:46:00,7650,7650,7650,7650,0
2022-10-05 15:47:00,7650,7650,7650,7650,0
2022-10-05 15:48:00,7650,7650,7650,7650,0
2022-10-05 15:49:00,7650,7650,7650,7650,0
2022-10-05 15:50:00,7650,7650,7650,7650,0
2022-10-05 15:51:00,7650,7650,7650,7650,0
2022-10-05 15:52:00,7650,7650,7650,7650,0
2022-10-05 15:53:00,7650,7650,7650,7650,0
2022-10-05 15:54:00,7650,7650,7650,7650,0
2022-10-05 15:55:00,7650,7650,7650,7650,0
2022-10-05 15:56:00,7650,7650,7650,7650,0
2022-10-05 15:57:00,7650,7650,7650,7650,0
2022-10-05 15:58:00,7650,7650,7650,7650,0
2022-10-05 15:59:00,7650,7650,7650,7650,0
2022-10-06 09:00:00,7800,7625,7800,7700,14400
2022-10-06 09:01:00,7650,7650,7650,7650,400
2022-10-06 09:02:00,7650,7625,7675,7675,13800
2022-10-06 09:03:00,7625,7625,7675,7625,7500
2022-10-06 09:04:00,7675,7675,7675,7675,0
2022-10-06 09:05:00,7675,7675,7675,7675,0
2022-10-06 09:06:00,7675,7675,7675,7675,0
2022-10-06 09:07:00,7650,7650,7675,7675,4000
2022-10-06 09:08:00,7650,7650,7675,7675,1200
2022-10-06 09:09:00,7675,7675,7675,7675,300
2022-10-06 09:10:00,7650,7650,7675,7675,500
2022-10-06 09:11:00,7675,7650,7700,7675,38700
2022-10-06 09:12:00,7675,7650,7675,7675,20400
2022-10-06 09:13:00,7675,7675,7700,7675,17400
2022-10-06 09:14:00,7675,7675,7700,7700,2700
2022-10-06 09:15:00,7700,7700,7700,7700,93000
2022-10-06 09:16:00,7675,7675,7700,7675,0
2022-10-06 09:17:00,7700,7675,7700,7700,22900
2022-10-06 09:18:00,7700,7700,7700,7700,10400
2022-10-06 09:19:00,7700,7675,7700,7700,29500
2022-10-06 09:20:00,7700,7700,7725,7725,24900
2022-10-06 09:21:00,7700,7700,7700,7700,23100
2022-10-06 09:22:00,7675,7675,7725,7725,27300
2022-10-06 09:23:00,7725,7700,7725,7700,7900
2022-10-06 09:24:00,7700,7700,7700,7700,33600
2022-10-06 09:25:00,7700,7700,7725,7700,52700
2022-10-06 09:26:00,7700,7700,7700,7700,2600
2022-10-06 09:27:00,7700,7675,7700,7675,2500
2022-10-06 09:28:00,7675,7675,7700,7700,12000
2022-10-06 09:29:00,7700,7700,7700,7700,0
2022-10-06 09:30:00,7700,7675,7700,7700,18500
2022-10-06 09:31:00,7675,7675,7700,7700,10700
2022-10-06 09:32:00,7700,7700,7700,7700,1800
2022-10-06 09:33:00,7675,7650,7675,7675,30800
2022-10-06 09:34:00,7650,7600,7650,7600,73100
2022-10-06 09:35:00,7600,7600,7600,7600,3900
2022-10-06 09:36:00,7600,7600,7625,7600,11200
2022-10-06 09:37:00,7600,7600,7625,7625,3600
2022-10-06 09:38:00,7650,7625,7650,7650,9000
2022-10-06 09:39:00,7650,7650,7650,7650,14700
2022-10-06 09:40:00,7650,7650,7650,7650,300
2022-10-06 09:41:00,7650,7650,7675,7675,12700
2022-10-06 09:42:00,7675,7675,7675,7675,1100
2022-10-06 09:43:00,7675,7675,7675,7675,23000
2022-10-06 09:44:00,7675,7675,7675,7675,2300
2022-10-06 09:45:00,7675,7675,7675,7675,9700
2022-10-06 09:46:00,7675,7675,7675,7675,0
2022-10-06 09:47:00,7650,7650,7650,7650,100
2022-10-06 09:48:00,7675,7675,7675,7675,100
2022-10-06 09:49:00,7675,7675,7675,7675,2100
2022-10-06 09:50:00,7675,7650,7675,7675,8300
2022-10-06 09:51:00,7675,7675,7675,7675,900
2022-10-06 09:52:00,7650,7650,7675,7650,16900
2022-10-06 09:53:00,7650,7625,7650,7625,100
2022-10-06 09:54:00,7625,7625,7625,7625,600
2022-10-06 09:55:00,7650,7650,7650,7650,2700
2022-10-06 09:56:00,7650,7650,7650,7650,200
2022-10-06 09:57:00,7650,7650,7650,7650,33900
2022-10-06 09:58:00,7650,7650,7650,7650,1400
2022-10-06 09:59:00,7650,7650,7650,7650,0
2022-10-06 10:00:00,7650,7650,7650,7650,0
2022-10-06 10:01:00,7650,7650,7650,7650,0
2022-10-06 10:02:00,7650,7650,7650,7650,0
2022-10-06 10:03:00,7650,7650,7650,7650,5000
2022-10-06 10:04:00,7650,7650,7650,7650,2200
2022-10-06 10:05:00,7650,7650,7650,7650,2700
2022-10-06 10:06:00,7650,7650,7650,7650,2900
2022-10-06 10:07:00,7650,7650,7650,7650,1000
2022-10-06 10:08:00,7650,7650,7650,7650,0
2022-10-06 10:09:00,7650,7650,7650,7650,0
2022-10-06 10:10:00,7650,7650,7650,7650,0
2022-10-06 10:11:00,7650,7650,7650,7650,1600
2022-10-06 10:12:00,7650,7650,7650,7650,900
2022-10-06 10:13:00,7650,7650,7650,7650,7100
2022-10-06 10:14:00,7650,7650,7650,7650,100
2022-10-06 10:15:00,7650,7650,7650,7650,0
2022-10-06 10:16:00,7650,7650,7650,7650,0
2022-10-06 10:17:00,7650,7650,7650,7650,400
2022-10-06 10:18:00,7650,7650,7650,7650,8200
2022-10-06 10:19:00,7650,7650,7650,7650,11700
2022-10-06 10:20:00,7650,7650,7650,7650,0
2022-10-06 10:21:00,7650,7650,7650,7650,0
2022-10-06 10:22:00,7650,7650,7650,7650,0
2022-10-06 10:23:00,7650,7650,7650,7650,0
2022-10-06 10:24:00,7650,7650,7650,7650,0
2022-10-06 10:25:00,7650,7650,7650,7650,0
2022-10-06 10:26:00,7650,7650,7650,7650,2800
2022-10-06 10:27:00,7650,7650,7650,7650,2200
2022-10-06 10:28:00,7675,7650,7675,7650,1600
2022-10-06 10:29:00,7675,7650,7675,7650,0
2022-10-06 10:30:00,7675,7650,7675,7650,0
2022-10-06 10:31:00,7650,7650,7675,7675,7900
2022-10-06 10:32:00,7650,7650,7650,7650,0
2022-10-06 10:33:00,7650,7650,7650,7650,9400
2022-10-06 10:34:00,7650,7650,7650,7650,2700
2022-10-06 10:35:00,7650,7650,7675,7675,400
2022-10-06 10:36:00,7675,7675,7675,7675,3600
2022-10-06 10:37:00,7675,7650,7675,7675,16600
2022-10-06 10:38:00,7675,7650,7675,7675,19400
2022-10-06 10:39:00,7675,7675,7675,7675,700
2022-10-06 10:40:00,7650,7650,7650,7650,400
2022-10-06 10:41:00,7675,7675,7675,7675,900
2022-10-06 10:42:00,7675,7675,7675,7675,19200
2022-10-06 10:43:00,7675,7675,7675,7675,1400
2022-10-06 10:44:00,7650,7650,7650,7650,1000
2022-10-06 10:45:00,7650,7650,7650,7650,0
2022-10-06 10:46:00,7650,7650,7650,7650,400
2022-10-06 10:47:00,7650,7650,7650,7650,0
2022-10-06 10:48:00,7650,7650,7650,7650,0
2022-10-06 10:49:00,7650,7650,7675,7650,22100
2022-10-06 10:50:00,7625,7625,7625,7625,6500
2022-10-06 10:51:00,7625,7625,7625,7625,0
2022-10-06 10:52:00,7625,7625,7625,7625,0
2022-10-06 10:53:00,7625,7600,7625,7600,39600
2022-10-06 10:54:00,7625,7625,7625,7625,9500
2022-10-06 10:55:00,7625,7625,7625,7625,800
2022-10-06 10:56:00,7625,7625,7625,7625,1100
2022-10-06 10:57:00,7600,7600,7625,7625,600
2022-10-06 10:58:00,7625,7625,7625,7625,1700
2022-10-06 10:59:00,7625,7600,7625,7625,1800
2022-10-06 11:00:00,7600,7550,7625,7550,146500
2022-10-06 11:01:00,7600,7550,7600,7600,2200
2022-10-06 11:02:00,7600,7575,7600,7600,800
2022-10-06 11:03:00,7575,7575,7625,7625,16000
2022-10-06 11:04:00,7625,7600,7625,7625,4000
2022-10-06 11:05:00,7600,7600,7625,7625,13800
2022-10-06 11:06:00,7600,7600,7600,7600,300
2022-10-06 11:07:00,7575,7575,7600,7600,0
2022-10-06 11:08:00,7575,7575,7600,7600,0
2022-10-06 11:09:00,7600,7600,7600,7600,2300
2022-10-06 11:10:00,7600,7575,7600,7575,0
2022-10-06 11:11:00,7575,7575,7600,7600,400
2022-10-06 11:12:00,7600,7575,7600,7575,500
2022-10-06 11:13:00,7575,7575,7575,7575,7600
2022-10-06 11:14:00,7575,7575,7575,7575,14000
2022-10-06 11:15:00,7575,7575,7575,7575,0
2022-10-06 11:16:00,7575,7575,7575,7575,0
2022-10-06 11:17:00,7600,7575,7600,7575,6500
2022-10-06 11:18:00,7575,7575,7575,7575,10500
2022-10-06 11:19:00,7600,7600,7600,7600,4200
2022-10-06 11:20:00,7600,7575,7600,7600,3800
2022-10-06 11:21:00,7600,7600,7625,7625,5100
2022-10-06 11:22:00,7625,7625,7625,7625,3000
2022-10-06 11:23:00,7600,7600,7625,7625,16400
2022-10-06 11:24:00,7625,7625,7625,7625,1900
2022-10-06 11:25:00,7625,7625,7625,7625,0
2022-10-06 11:26:00,7625,7625,7625,7625,1500
2022-10-06 11:27:00,7625,7600,7625,7600,9600
2022-10-06 11:28:00,7650,7650,7650,7650,100
2022-10-06 11:29:00,7650,7650,7650,7650,0
2022-10-06 11:30:00,7650,7650,7650,7650,0
2022-10-06 11:31:00,7650,7650,7650,7650,0
2022-10-06 11:32:00,7650,7650,7650,7650,0
2022-10-06 11:33:00,7650,7650,7650,7650,0
2022-10-06 11:34:00,7650,7650,7650,7650,0
2022-10-06 11:35:00,7650,7650,7650,7650,0
2022-10-06 11:36:00,7650,7650,7650,7650,0
2022-10-06 11:37:00,7650,7650,7650,7650,0
2022-10-06 11:38:00,7650,7650,7650,7650,0
2022-10-06 11:39:00,7650,7650,7650,7650,0
2022-10-06 11:40:00,7650,7650,7650,7650,0
2022-10-06 11:41:00,7650,7650,7650,7650,0
2022-10-06 11:42:00,7650,7650,7650,7650,0
2022-10-06 11:43:00,7650,7650,7650,7650,0
2022-10-06 11:44:00,7650,7650,7650,7650,0
2022-10-06 11:45:00,7650,7650,7650,7650,0
2022-10-06 11:46:00,7650,7650,7650,7650,0
2022-10-06 11:47:00,7650,7650,7650,7650,0
2022-10-06 11:48:00,7650,7650,7650,7650,0
2022-10-06 11:49:00,7650,7650,7650,7650,0
2022-10-06 11:50:00,7650,7650,7650,7650,0
2022-10-06 11:51:00,7650,7650,7650,7650,0
2022-10-06 11:52:00,7650,7650,7650,7650,0
2022-10-06 11:53:00,7650,7650,7650,7650,0
2022-10-06 11:54:00,7650,7650,7650,7650,0
2022-10-06 11:55:00,7650,7650,7650,7650,0
2022-10-06 11:56:00,7650,7650,7650,7650,0
2022-10-06 11:57:00,7650,7650,7650,7650,0
2022-10-06 11:58:00,7650,7650,7650,7650,0
2022-10-06 11:59:00,7650,7650,7650,7650,0
2022-10-06 12:00:00,7650,7650,7650,7650,0
2022-10-06 12:01:00,7650,7650,7650,7650,0
2022-10-06 12:02:00,7650,7650,7650,7650,0
2022-10-06 12:03:00,7650,7650,7650,7650,0
2022-10-06 12:04:00,7650,7650,7650,7650,0
2022-10-06 12:05:00,7650,7650,7650,7650,0
2022-10-06 12:06:00,7650,7650,7650,7650,0
2022-10-06 12:07:00,7650,7650,7650,7650,0
2022-10-06 12:08:00,7650,7650,7650,7650,0
2022-10-06 12:09:00,7650,7650,7650,7650,0
2022-10-06 12:10:00,7650,7650,7650,7650,0
2022-10-06 12:11:00,7650,7650,7650,7650,0
2022-10-06 12:12:00,7650,7650,7650,7650,0
2022-10-06 12:13:00,7650,7650,7650,7650,0
2022-10-06 12:14:00,7650,7650,7650,7650,0
2022-10-06 12:15:00,7650,7650,7650,7650,0
2022-10-06 12:16:00,7650,7650,7650,7650,0
2022-10-06 12:17:00,7650,7650,7650,7650,0
2022-10-06 12:18:00,7650,7650,7650,7650,0
2022-10-06 12:19:00,7650,7650,7650,7650,0
2022-10-06 12:20:00,7650,7650,7650,7650,0
2022-10-06 12:21:00,7650,7650,7650,7650,0
2022-10-06 12:22:00,7650,7650,7650,7650,0
2022-10-06 12:23:00,7650,7650,7650,7650,0
2022-10-06 12:24:00,7650,7650,7650,7650,0
2022-10-06 12:25:00,7650,7650,7650,7650,0
2022-10-06 12:26:00,7650,7650,7650,7650,0
2022-10-06 12:27:00,7650,7650,7650,7650,0
2022-10-06 12:28:00,7650,7650,7650,7650,0
2022-10-06 12:29:00,7650,7650,7650,7650,0
2022-10-06 12:30:00,7650,7650,7650,7650,0
2022-10-06 12:31:00,7650,7650,7650,7650,0
2022-10-06 12:32:00,7650,7650,7650,7650,0
2022-10-06 12:33:00,7650,7650,7650,7650,0
2022-10-06 12:34:00,7650,7650,7650,7650,0
2022-10-06 12:35:00,7650,7650,7650,7650,0
2022-10-06 12:36:00,7650,7650,7650,7650,0
2022-10-06 12:37:00,7650,7650,7650,7650,0
2022-10-06 12:38:00,7650,7650,7650,7650,0
2022-10-06 12:39:00,7650,7650,7650,7650,0
2022-10-06 12:40:00,7650,7650,7650,7650,0
2022-10-06 12:41:00,7650,7650,7650,7650,0
2022-10-06 12:42:00,7650,7650,7650,7650,0
2022-10-06 12:43:00,7650,7650,7650,7650,0
2022-10-06 12:44:00,7650,7650,7650,7650,0
2022-10-06 12:45:00,7650,7650,7650,7650,0
2022-10-06 12:46:00,7650,7650,7650,7650,0
2022-10-06 12:47:00,7650,7650,7650,7650,0
2022-10-06 12:48:00,7650,7650,7650,7650,0
2022-10-06 12:49:00,7650,7650,7650,7650,0
2022-10-06 12:50:00,7650,7650,7650,7650,0
2022-10-06 12:51:00,7650,7650,7650,7650,0
2022-10-06 12:52:00,7650,7650,7650,7650,0
2022-10-06 12:53:00,7650,7650,7650,7650,0
2022-10-06 12:54:00,7650,7650,7650,7650,0
2022-10-06 12:55:00,7650,7650,7650,7650,0
2022-10-06 12:56:00,7650,7650,7650,7650,0
2022-10-06 12:57:00,7650,7650,7650,7650,0
2022-10-06 12:58:00,7650,7650,7650,7650,0
2022-10-06 12:59:00,7650,7650,7650,7650,0
2022-10-06 13:00:00,7650,7650,7650,7650,0
2022-10-06 13:01:00,7650,7650,7650,7650,0
2022-10-06 13:02:00,7650,7650,7650,7650,0
2022-10-06 13:03:00,7650,7650,7650,7650,0
2022-10-06 13:04:00,7650,7650,7650,7650,0
2022-10-06 13:05:00,7650,7650,7650,7650,0
2022-10-06 13:06:00,7650,7650,7650,7650,0
2022-10-06 13:07:00,7650,7650,7650,7650,0
2022-10-06 13:08:00,7650,7650,7650,7650,0
2022-10-06 13:09:00,7650,7650,7650,7650,0
2022-10-06 13:10:00,7650,7650,7650,7650,0
2022-10-06 13:11:00,7650,7650,7650,7650,0
2022-10-06 13:12:00,7650,7650,7650,7650,0
2022-10-06 13:13:00,7650,7650,7650,7650,0
2022-10-06 13:14:00,7650,7650,7650,7650,0
2022-10-06 13:15:00,7650,7650,7650,7650,0
2022-10-06 13:16:00,7650,7650,7650,7650,0
2022-10-06 13:17:00,7650,7650,7650,7650,0
2022-10-06 13:18:00,7650,7650,7650,7650,0
2022-10-06 13:19:00,7650,7650,7650,7650,0
2022-10-06 13:20:00,7650,7650,7650,7650,0
2022-10-06 13:21:00,7650,7650,7650,7650,0
2022-10-06 13:22:00,7650,7650,7650,7650,0
2022-10-06 13:23:00,7650,7650,7650,7650,0
2022-10-06 13:24:00,7650,7650,7650,7650,0
2022-10-06 13:25:00,7650,7650,7650,7650,0
2022-10-06 13:26:00,7650,7650,7650,7650,0
2022-10-06 13:27:00,7650,7650,7650,7650,0
2022-10-06 13:28:00,7650,7650,7650,7650,0
2022-10-06 13:29:00,7650,7650,7650,7650,0
2022-10-06 13:30:00,7650,7600,7650,7625,14500
2022-10-06 13:31:00,7650,7600,7650,7625,0
2022-10-06 13:32:00,7600,7600,7600,7600,900
2022-10-06 13:33:00,7625,7625,7625,7625,0
2022-10-06 13:34:00,7625,7625,7625,7625,0
2022-10-06 13:35:00,7625,7625,7625,7625,0
2022-10-06 13:36:00,7625,7600,7625,7600,2100
2022-10-06 13:37:00,7625,7600,7625,7600,0
2022-10-06 13:38:00,7600,7600,7600,7600,700
2022-10-06 13:39:00,7625,7625,7625,7625,5000
2022-10-06 13:40:00,7625,7625,7625,7625,0
2022-10-06 13:41:00,7600,7600,7600,7600,400
2022-10-06 13:42:00,7625,7625,7625,7625,0
2022-10-06 13:43:00,7625,7625,7625,7625,400
2022-10-06 13:44:00,7625,7600,7625,7625,5600
2022-10-06 13:45:00,7625,7625,7625,7625,20700
2022-10-06 13:46:00,7625,7625,7625,7625,11200
2022-10-06 13:47:00,7625,7625,7625,7625,2300
2022-10-06 13:48:00,7625,7600,7625,7625,1500
2022-10-06 13:49:00,7625,7625,7625,7625,300
2022-10-06 13:50:00,7600,7600,7625,7625,300
2022-10-06 13:51:00,7600,7600,7600,7600,1400
2022-10-06 13:52:00,7600,7600,7600,7600,9500
2022-10-06 13:53:00,7625,7625,7625,7625,200
2022-10-06 13:54:00,7625,7600,7625,7600,1900
2022-10-06 13:55:00,7625,7600,7625,7600,0
2022-10-06 13:56:00,7600,7600,7600,7600,1600
2022-10-06 13:57:00,7600,7600,7600,7600,100
2022-10-06 13:58:00,7600,7600,7600,7600,1000
2022-10-06 13:59:00,7600,7600,7625,7625,0
2022-10-06 14:00:00,7600,7600,7625,7625,400
2022-10-06 14:01:00,7600,7600,7625,7600,8700
2022-10-06 14:02:00,7600,7600,7625,7600,0
2022-10-06 14:03:00,7600,7600,7600,7600,4900
2022-10-06 14:04:00,7600,7600,7600,7600,3500
2022-10-06 14:05:00,7600,7600,7600,7600,3000
2022-10-06 14:06:00,7600,7600,7600,7600,14800
2022-10-06 14:07:00,7600,7575,7600,7575,16600
2022-10-06 14:08:00,7575,7575,7575,7575,1900
2022-10-06 14:09:00,7575,7575,7575,7575,700
2022-10-06 14:10:00,7575,7575,7575,7575,200
2022-10-06 14:11:00,7575,7575,7575,7575,17200
2022-10-06 14:12:00,7575,7575,7575,7575,13300
2022-10-06 14:13:00,7575,7575,7575,7575,0
2022-10-06 14:14:00,7575,7575,7575,7575,2300
2022-10-06 14:15:00,7575,7575,7575,7575,0
2022-10-06 14:16:00,7575,7575,7600,7575,2300
2022-10-06 14:17:00,7575,7575,7600,7575,0
2022-10-06 14:18:00,7575,7575,7600,7575,3100
2022-10-06 14:19:00,7575,7575,7600,7600,4500
2022-10-06 14:20:00,7575,7575,7600,7600,0
2022-10-06 14:21:00,7575,7575,7600,7600,0
2022-10-06 14:22:00,7600,7600,7600,7600,100
2022-10-06 14:23:00,7600,7600,7600,7600,0
2022-10-06 14:24:00,7600,7600,7600,7600,2500
2022-10-06 14:25:00,7600,7575,7600,7600,64800
2022-10-06 14:26:00,7575,7575,7575,7575,0
2022-10-06 14:27:00,7575,7575,7575,7575,42100
2022-10-06 14:28:00,7575,7575,7575,7575,8000
2022-10-06 14:29:00,7575,7575,7575,7575,500
2022-10-06 14:30:00,7600,7575,7600,7575,1100
2022-10-06 14:31:00,7600,7600,7650,7650,89100
2022-10-06 14:32:00,7650,7625,7650,7625,56300
2022-10-06 14:33:00,7625,7625,7625,7625,2500
2022-10-06 14:34:00,7650,7625,7650,7625,2300
2022-10-06 14:35:00,7625,7625,7650,7650,34100
2022-10-06 14:36:00,7650,7650,7650,7650,31700
2022-10-06 14:37:00,7650,7650,7650,7650,18400
2022-10-06 14:38:00,7650,7650,7650,7650,0
2022-10-06 14:39:00,7650,7650,7650,7650,0
2022-10-06 14:40:00,7650,7650,7650,7650,200
2022-10-06 14:41:00,7650,7625,7650,7625,10500
2022-10-06 14:42:00,7625,7625,7650,7625,19900
2022-10-06 14:43:00,7650,7625,7650,7650,2400
2022-10-06 14:44:00,7650,7650,7650,7650,7600
2022-10-06 14:45:00,7625,7625,7650,7650,12100
2022-10-06 14:46:00,7625,7600,7650,7600,44700
2022-10-06 14:47:00,7625,7625,7650,7650,4100
2022-10-06 14:48:00,7625,7600,7650,7650,19200
2022-10-06 14:49:00,7650,7650,7675,7675,62500
2022-10-06 14:50:00,7650,7650,7675,7675,0
2022-10-06 14:51:00,7650,7650,7675,7675,0
2022-10-06 14:52:00,7650,7650,7675,7675,0
2022-10-06 14:53:00,7650,7650,7675,7675,0
2022-10-06 14:54:00,7650,7650,7675,7675,0
2022-10-06 14:55:00,7650,7650,7675,7675,0
2022-10-06 14:56:00,7650,7650,7675,7675,0
2022-10-06 14:57:00,7650,7650,7675,7675,0
2022-10-06 14:58:00,7650,7650,7675,7675,0
2022-10-06 14:59:00,7650,7650,7675,7675,0
2022-10-06 15:00:00,7675,7675,7675,7675,62600
2022-10-06 15:01:00,7675,7675,7675,7675,14100
2022-10-06 15:02:00,7675,7675,7675,7675,3500
2022-10-06 15:03:00,7675,7675,7675,7675,0
2022-10-06 15:04:00,7675,7675,7675,7675,200
2022-10-06 15:05:00,7675,7675,7675,7675,0
2022-10-06 15:06:00,7675,7675,7675,7675,0
2022-10-06 15:07:00,7675,7675,7675,7675,0
2022-10-06 15:08:00,7675,7675,7675,7675,200
2022-10-06 15:09:00,7675,7675,7675,7675,1900
2022-10-06 15:10:00,7675,7675,7675,7675,0
2022-10-06 15:11:00,7675,7675,7675,7675,300
2022-10-06 15:12:00,7675,7675,7675,7675,1800
2022-10-06 15:13:00,7675,7675,7675,7675,0
2022-10-06 15:14:00,7675,7675,7675,7675,0
2022-10-06 15:15:00,7675,7675,7675,7675,0
2022-10-06 15:16:00,7675,7675,7675,7675,0
2022-10-06 15:17:00,7675,7675,7675,7675,0
2022-10-06 15:18:00,7675,7675,7675,7675,0
2022-10-06 15:19:00,7675,7675,7675,7675,0
2022-10-06 15:20:00,7675,7675,7675,7675,0
2022-10-06 15:21:00,7675,7675,7675,7675,0
2022-10-06 15:22:00,7675,7675,7675,7675,0
2022-10-06 15:23:00,7675,7675,7675,7675,0
2022-10-06 15:24:00,7675,7675,7675,7675,0
2022-10-06 15:25:00,7675,7675,7675,7675,0
2022-10-06 15:26:00,7675,7675,7675,7675,0
2022-10-06 15:27:00,7675,7675,7675,7675,0
2022-10-06 15:28:00,7675,7675,7675,7675,0
2022-10-06 15:29:00,7675,7675,7675,7675,0
2022-10-06 15:30:00,7675,7675,7675,7675,0
2022-10-06 15:31:00,7675,7675,7675,7675,0
2022-10-06 15:32:00,7675,7675,7675,7675,0
2022-10-06 15:33:00,7675,7675,7675,7675,0
2022-10-06 15:34:00,7675,7675,7675,7675,0
2022-10-06 15:35:00,7675,7675,7675,7675,0
2022-10-06 15:36:00,7675,7675,7675,7675,0
2022-10-06 15:37:00,7675,7675,7675,7675,0
2022-10-06 15:38:00,7675,7675,7675,7675,0
2022-10-06 15:39:00,7675,7675,7675,7675,0
2022-10-06 15:40:00,7675,7675,7675,7675,0
2022-10-06 15:41:00,7675,7675,7675,7675,0
2022-10-06 15:42:00,7675,7675,7675,7675,0
2022-10-06 15:43:00,7675,7675,7675,7675,0
2022-10-06 15:44:00,7675,7675,7675,7675,0
2022-10-06 15:45:00,7675,7675,7675,7675,0
2022-10-06 15:46:00,7675,7675,7675,7675,0
2022-10-06 15:47:00,7675,7675,7675,7675,0
2022-10-06 15:48:00,7675,7675,7675,7675,0
2022-10-06 15:49:00,7675,7675,7675,7675,0
2022-10-06 15:50:00,7675,7675,7675,7675,0
2022-10-06 15:51:00,7675,7675,7675,7675,0
2022-10-06 15:52:00,7675,7675,7675,7675,0
2022-10-06 15:53:00,7675,7675,7675,7675,0
2022-10-06 15:54:00,7675,7675,7675,7675,0
2022-10-06 15:55:00,7675,7675,7675,7675,0
2022-10-06 15:56:00,7675,7675,7675,7675,0
2022-10-06 15:57:00,7675,7675,7675,7675,0
2022-10-06 15:58:00,7675,7675,7675,7675,0
2022-10-06 15:59:00,7675,7675,7675,7675,0
2022-10-07 09:00:00,7550,7550,7675,7675,0
2022-10-07 09:01:00,7625,7600,7675,7600,14600
2022-10-07 09:02:00,7600,7600,7600,7600,1600
2022-10-07 09:03:00,7600,7600,7600,7600,4200
2022-10-07 09:04:00,7600,7600,7600,7600,14700
2022-10-07 09:05:00,7600,7600,7600,7600,2000
2022-10-07 09:06:00,7600,7575,7600,7575,16200
2022-10-07 09:07:00,7550,7550,7575,7575,20700
2022-10-07 09:08:00,7575,7575,7625,7625,12900
2022-10-07 09:09:00,7625,7625,7625,7625,26600
2022-10-07 09:10:00,7625,7600,7625,7625,6300
2022-10-07 09:11:00,7625,7600,7625,7625,4400
2022-10-07 09:12:00,7600,7600,7600,7600,800
2022-10-07 09:13:00,7600,7600,7625,7600,5200
2022-10-07 09:14:00,7625,7625,7625,7625,3400
2022-10-07 09:15:00,7625,7625,7625,7625,5200
2022-10-07 09:16:00,7600,7600,7600,7600,7700
2022-10-07 09:17:00,7600,7600,7600,7600,3800
2022-10-07 09:18:00,7600,7600,7600,7600,900
2022-10-07 09:19:00,7575,7575,7600,7600,22500
2022-10-07 09:20:00,7600,7600,7600,7600,3300
2022-10-07 09:21:00,7575,7575,7600,7600,13500
2022-10-07 09:22:00,7575,7575,7575,7575,1400
2022-10-07 09:23:00,7575,7575,7575,7575,17600
2022-10-07 09:24:00,7575,7550,7575,7550,1600
2022-10-07 09:25:00,7550,7550,7575,7550,2000
2022-10-07 09:26:00,7575,7575,7575,7575,10100
2022-10-07 09:27:00,7550,7550,7575,7575,300
2022-10-07 09:28:00,7575,7575,7575,7575,16000
2022-10-07 09:29:00,7575,7575,7575,7575,2900
2022-10-07 09:30:00,7600,7575,7600,7600,5400
2022-10-07 09:31:00,7600,7575,7600,7600,0
2022-10-07 09:32:00,7600,7575,7600,7575,2200
2022-10-07 09:33:00,7600,7575,7600,7600,22400
2022-10-07 09:34:00,7600,7575,7600,7575,2400
2022-10-07 09:35:00,7575,7575,7575,7575,4000
2022-10-07 09:36:00,7600,7600,7600,7600,200
2022-10-07 09:37:00,7600,7600,7600,7600,6900
2022-10-07 09:38:00,7600,7600,7600,7600,0
2022-10-07 09:39:00,7600,7575,7600,7575,1500
2022-10-07 09:40:00,7575,7575,7600,7600,4200
2022-10-07 09:41:00,7600,7575,7600,7600,6000
2022-10-07 09:42:00,7600,7575,7600,7600,1300
2022-10-07 09:43:00,7600,7575,7600,7575,24700
2022-10-07 09:44:00,7600,7600,7625,7625,4500
2022-10-07 09:45:00,7600,7600,7625,7625,0
2022-10-07 09:46:00,7625,7600,7625,7600,14600
2022-10-07 09:47:00,7600,7600,7600,7600,6700
2022-10-07 09:48:00,7600,7600,7600,7600,5800
2022-10-07 09:49:00,7600,7575,7600,7600,8000
2022-10-07 09:50:00,7625,7625,7625,7625,7500
2022-10-07 09:51:00,7600,7600,7600,7600,0
2022-10-07 09:52:00,7600,7600,7600,7600,9100
2022-10-07 09:53:00,7600,7600,7600,7600,0
2022-10-07 09:54:00,7600,7600,7600,7600,0
2022-10-07 09:55:00,7600,7600,7600,7600,100
2022-10-07 09:56:00,7600,7600,7600,7600,2600
2022-10-07 09:57:00,7600,7600,7600,7600,0
2022-10-07 09:58:00,7600,7600,7600,7600,0
2022-10-07 09:59:00,7600,7600,7600,7600,0
2022-10-07 10:00:00,7600,7600,7625,7625,1400
2022-10-07 10:01:00,7600,7600,7600,7600,5100
2022-10-07 10:02:00,7575,7575,7575,7575,31900
2022-10-07 10:03:00,7575,7575,7600,7600,11100
2022-10-07 10:04:00,7575,7575,7575,7575,0
2022-10-07 10:05:00,7575,7575,7600,7600,7300
2022-10-07 10:06:00,7600,7575,7600,7600,1200
2022-10-07 10:07:00,7600,7575,7600,7600,1500
2022-10-07 10:08:00,7575,7575,7600,7600,8400
2022-10-07 10:09:00,7600,7600,7600,7600,800
2022-10-07 10:10:00,7600,7575,7600,7600,2900
2022-10-07 10:11:00,7575,7575,7600,7600,300
2022-10-07 10:12:00,7575,7575,7575,7575,2100
2022-10-07 10:13:00,7575,7575,7575,7575,0
2022-10-07 10:14:00,7575,7575,7575,7575,2500
2022-10-07 10:15:00,7575,7575,7600,7600,4200
2022-10-07 10:16:00,7600,7600,7600,7600,400
2022-10-07 10:17:00,7600,7600,7600,7600,3400
2022-10-07 10:18:00,7600,7600,7600,7600,100
2022-10-07 10:19:00,7600,7575,7600,7600,1200
2022-10-07 10:20:00,7600,7600,7600,7600,800
2022-10-07 10:21:00,7600,7600,7600,7600,200
2022-10-07 10:22:00,7600,7575,7600,7600,400
2022-10-07 10:23:00,7600,7575,7600,7600,11500
2022-10-07 10:24:00,7600,7575,7600,7600,3200
2022-10-07 10:25:00,7600,7575,7600,7575,200
2022-10-07 10:26:00,7575,7575,7575,7575,1600
2022-10-07 10:27:00,7575,7575,7575,7575,0
2022-10-07 10:28:00,7575,7575,7575,7575,0
2022-10-07 10:29:00,7600,7600,7625,7625,35000
2022-10-07 10:30:00,7625,7575,7625,7575,1900
2022-10-07 10:31:00,7575,7575,7625,7625,1500
2022-10-07 10:32:00,7600,7575,7625,7625,6400
2022-10-07 10:33:00,7625,7600,7625,7625,1300
2022-10-07 10:34:00,7625,7625,7625,7625,100
2022-10-07 10:35:00,7625,7625,7625,7625,200
2022-10-07 10:36:00,7625,7625,7625,7625,500
2022-10-07 10:37:00,7600,7600,7625,7625,700
2022-10-07 10:38:00,7625,7625,7625,7625,500
2022-10-07 10:39:00,7600,7575,7600,7600,2400
2022-10-07 10:40:00,7600,7575,7600,7600,0
2022-10-07 10:41:00,7600,7600,7600,7600,400
2022-10-07 10:42:00,7600,7600,7600,7600,0
2022-10-07 10:43:00,7600,7600,7600,7600,2100
2022-10-07 10:44:00,7600,7600,7600,7600,0
2022-10-07 10:45:00,7600,7575,7600,7575,300
2022-10-07 10:46:00,7600,7600,7600,7600,100
2022-10-07 10:47:00,7575,7575,7600,7600,200
2022-10-07 10:48:00,7600,7600,7600,7600,100
2022-10-07 10:49:00,7600,7575,7600,7575,1000
2022-10-07 10:50:00,7575,7575,7600,7600,28200
2022-10-07 10:51:00,7600,7600,7600,7600,100
2022-10-07 10:52:00,7575,7575,7575,7575,900
2022-10-07 10:53:00,7575,7575,7600,7600,56500
2022-10-07 10:54:00,7600,7575,7600,7600,2200
2022-10-07 10:55:00,7575,7575,7600,7600,5200
2022-10-07 10:56:00,7600,7600,7600,7600,700
2022-10-07 10:57:00,7575,7575,7600,7600,1800
2022-10-07 10:58:00,7600,7575,7600,7600,5000
2022-10-07 10:59:00,7600,7575,7600,7600,1500
2022-10-07 11:00:00,7575,7575,7600,7575,114200
2022-10-07 11:01:00,7575,7575,7575,7575,5100
2022-10-07 11:02:00,7550,7550,7550,7550,14500
2022-10-07 11:03:00,7550,7550,7550,7550,0
2022-10-07 11:04:00,7550,7550,7550,7550,400
2022-10-07 11:05:00,7550,7525,7575,7525,77000
2022-10-07 11:06:00,7525,7525,7550,7550,1200
2022-10-07 11:07:00,7550,7550,7550,7550,9400
2022-10-07 11:08:00,7550,7550,7550,7550,0
2022-10-07 11:09:00,7550,7550,7550,7550,15800
2022-10-07 11:10:00,7550,7550,7550,7550,18100
2022-10-07 11:11:00,7550,7550,7550,7550,9900
2022-10-07 11:12:00,7550,7550,7550,7550,1100
2022-10-07 11:13:00,7550,7550,7550,7550,0
2022-10-07 11:14:00,7550,7550,7550,7550,600
2022-10-07 11:15:00,7550,7525,7550,7525,4900
2022-10-07 11:16:00,7550,7550,7550,7550,0
2022-10-07 11:17:00,7550,7550,7550,7550,0
2022-10-07 11:18:00,7550,7550,7550,7550,0
2022-10-07 11:19:00,7550,7550,7550,7550,0
2022-10-07 11:20:00,7550,7550,7550,7550,200
2022-10-07 11:21:00,7550,7550,7550,7550,0
2022-10-07 11:22:00,7550,7550,7550,7550,1200
2022-10-07 11:23:00,7525,7525,7550,7550,1900
2022-10-07 11:24:00,7575,7575,7575,7575,14800
2022-10-07 11:25:00,7575,7575,7575,7575,0
2022-10-07 11:26:00,7575,7575,7575,7575,0
2022-10-07 11:27:00,7575,7575,7575,7575,1200
2022-10-07 11:28:00,7575,7575,7575,7575,2800
2022-10-07 11:29:00,7575,7575,7575,7575,38500
2022-10-07 11:30:00,7575,7575,7575,7575,0
2022-10-07 11:31:00,7575,7575,7575,7575,0
2022-10-07 11:32:00,7575,7575,7575,7575,0
2022-10-07 11:33:00,7575,7575,7575,7575,0
2022-10-07 11:34:00,7575,7575,7575,7575,0
2022-10-07 11:35:00,7575,7575,7575,7575,0
2022-10-07 11:36:00,7575,7575,7575,7575,0
2022-10-07 11:37:00,7575,7575,7575,7575,0
2022-10-07 11:38:00,7575,7575,7575,7575,0
2022-10-07 11:39:00,7575,7575,7575,7575,0
2022-10-07 11:40:00,7575,7575,7575,7575,0
2022-10-07 11:41:00,7575,7575,7575,7575,0
2022-10-07 11:42:00,7575,7575,7575,7575,0
2022-10-07 11:43:00,7575,7575,7575,7575,0
2022-10-07 11:44:00,7575,7575,7575,7575,0
2022-10-07 11:45:00,7575,7575,7575,7575,0
2022-10-07 11:46:00,7575,7575,7575,7575,0
2022-10-07 11:47:00,7575,7575,7575,7575,0
2022-10-07 11:48:00,7575,7575,7575,7575,0
2022-10-07 11:49:00,7575,7575,7575,7575,0
2022-10-07 11:50:00,7575,7575,7575,7575,0
2022-10-07 11:51:00,7575,7575,7575,7575,0
2022-10-07 11:52:00,7575,7575,7575,7575,0
2022-10-07 11:53:00,7575,7575,7575,7575,0
2022-10-07 11:54:00,7575,7575,7575,7575,0
2022-10-07 11:55:00,7575,7575,7575,7575,0
2022-10-07 11:56:00,7575,7575,7575,7575,0
2022-10-07 11:57:00,7575,7575,7575,7575,0
2022-10-07 11:58:00,7575,7575,7575,7575,0
2022-10-07 11:59:00,7575,7575,7575,7575,0
2022-10-07 12:00:00,7575,7575,7575,7575,0
2022-10-07 12:01:00,7575,7575,7575,7575,0
2022-10-07 12:02:00,7575,7575,7575,7575,0
2022-10-07 12:03:00,7575,7575,7575,7575,0
2022-10-07 12:04:00,7575,7575,7575,7575,0
2022-10-07 12:05:00,7575,7575,7575,7575,0
2022-10-07 12:06:00,7575,7575,7575,7575,0
2022-10-07 12:07:00,7575,7575,7575,7575,0
2022-10-07 12:08:00,7575,7575,7575,7575,0
2022-10-07 12:09:00,7575,7575,7575,7575,0
2022-10-07 12:10:00,7575,7575,7575,7575,0
2022-10-07 12:11:00,7575,7575,7575,7575,0
2022-10-07 12:12:00,7575,7575,7575,7575,0
2022-10-07 12:13:00,7575,7575,7575,7575,0
2022-10-07 12:14:00,7575,7575,7575,7575,0
2022-10-07 12:15:00,7575,7575,7575,7575,0
2022-10-07 12:16:00,7575,7575,7575,7575,0
2022-10-07 12:17:00,7575,7575,7575,7575,0
2022-10-07 12:18:00,7575,7575,7575,7575,0
2022-10-07 12:19:00,7575,7575,7575,7575,0
2022-10-07 12:20:00,7575,7575,7575,7575,0
2022-10-07 12:21:00,7575,7575,7575,7575,0
2022-10-07 12:22:00,7575,7575,7575,7575,0
2022-10-07 12:23:00,7575,7575,7575,7575,0
2022-10-07 12:24:00,7575,7575,7575,7575,0
2022-10-07 12:25:00,7575,7575,7575,7575,0
2022-10-07 12:26:00,7575,7575,7575,7575,0
2022-10-07 12:27:00,7575,7575,7575,7575,0
2022-10-07 12:28:00,7575,7575,7575,7575,0
2022-10-07 12:29:00,7575,7575,7575,7575,0
2022-10-07 12:30:00,7575,7575,7575,7575,0
2022-10-07 12:31:00,7575,7575,7575,7575,0
2022-10-07 12:32:00,7575,7575,7575,7575,0
2022-10-07 12:33:00,7575,7575,7575,7575,0
2022-10-07 12:34:00,7575,7575,7575,7575,0
2022-10-07 12:35:00,7575,7575,7575,7575,0
2022-10-07 12:36:00,7575,7575,7575,7575,0
2022-10-07 12:37:00,7575,7575,7575,7575,0
2022-10-07 12:38:00,7575,7575,7575,7575,0
2022-10-07 12:39:00,7575,7575,7575,7575,0
2022-10-07 12:40:00,7575,7575,7575,7575,0
2022-10-07 12:41:00,7575,7575,7575,7575,0
2022-10-07 12:42:00,7575,7575,7575,7575,0
2022-10-07 12:43:00,7575,7575,7575,7575,0
2022-10-07 12:44:00,7575,7575,7575,7575,0
2022-10-07 12:45:00,7575,7575,7575,7575,0
2022-10-07 12:46:00,7575,7575,7575,7575,0
2022-10-07 12:47:00,7575,7575,7575,7575,0
2022-10-07 12:48:00,7575,7575,7575,7575,0
2022-10-07 12:49:00,7575,7575,7575,7575,0
2022-10-07 12:50:00,7575,7575,7575,7575,0
2022-10-07 12:51:00,7575,7575,7575,7575,0
2022-10-07 12:52:00,7575,7575,7575,7575,0
2022-10-07 12:53:00,7575,7575,7575,7575,0
2022-10-07 12:54:00,7575,7575,7575,7575,0
2022-10-07 12:55:00,7575,7575,7575,7575,0
2022-10-07 12:56:00,7575,7575,7575,7575,0
2022-10-07 12:57:00,7575,7575,7575,7575,0
2022-10-07 12:58:00,7575,7575,7575,7575,0
2022-10-07 12:59:00,7575,7575,7575,7575,0
2022-10-07 13:00:00,7575,7575,7575,7575,0
2022-10-07 13:01:00,7575,7575,7575,7575,0
2022-10-07 13:02:00,7575,7575,7575,7575,0
2022-10-07 13:03:00,7575,7575,7575,7575,0
2022-10-07 13:04:00,7575,7575,7575,7575,0
2022-10-07 13:05:00,7575,7575,7575,7575,0
2022-10-07 13:06:00,7575,7575,7575,7575,0
2022-10-07 13:07:00,7575,7575,7575,7575,0
2022-10-07 13:08:00,7575,7575,7575,7575,0
2022-10-07 13:09:00,7575,7575,7575,7575,0
2022-10-07 13:10:00,7575,7575,7575,7575,0
2022-10-07 13:11:00,7575,7575,7575,7575,0
2022-10-07 13:12:00,7575,7575,7575,7575,0
2022-10-07 13:13:00,7575,7575,7575,7575,0
2022-10-07 13:14:00,7575,7575,7575,7575,0
2022-10-07 13:15:00,7575,7575,7575,7575,0
2022-10-07 13:16:00,7575,7575,7575,7575,0
2022-10-07 13:17:00,7575,7575,7575,7575,0
2022-10-07 13:18:00,7575,7575,7575,7575,0
2022-10-07 13:19:00,7575,7575,7575,7575,0
2022-10-07 13:20:00,7575,7575,7575,7575,0
2022-10-07 13:21:00,7575,7575,7575,7575,0
2022-10-07 13:22:00,7575,7575,7575,7575,0
2022-10-07 13:23:00,7575,7575,7575,7575,0
2022-10-07 13:24:00,7575,7575,7575,7575,0
2022-10-07 13:25:00,7575,7575,7575,7575,0
2022-10-07 13:26:00,7575,7575,7575,7575,0
2022-10-07 13:27:00,7575,7575,7575,7575,0
2022-10-07 13:28:00,7575,7575,7575,7575,0
2022-10-07 13:29:00,7575,7575,7575,7575,0
2022-10-07 13:30:00,7575,7575,7600,7575,39100
2022-10-07 13:31:00,7575,7575,7600,7575,0
2022-10-07 13:32:00,7575,7575,7600,7575,0
2022-10-07 13:33:00,7575,7575,7600,7575,0
2022-10-07 13:34:00,7550,7550,7550,7550,2100
2022-10-07 13:35:00,7575,7575,7575,7575,0
2022-10-07 13:36:00,7550,7550,7575,7550,2300
2022-10-07 13:37:00,7575,7550,7575,7575,2900
2022-10-07 13:38:00,7575,7550,7575,7575,700
2022-10-07 13:39:00,7575,7575,7575,7575,9000
2022-10-07 13:40:00,7575,7575,7575,7575,900
2022-10-07 13:41:00,7575,7575,7575,7575,0
2022-10-07 13:42:00,7575,7575,7575,7575,1000
2022-10-07 13:43:00,7575,7575,7575,7575,48700
2022-10-07 13:44:00,7575,7575,7575,7575,44300
2022-10-07 13:45:00,7575,7575,7575,7575,3300
2022-10-07 13:46:00,7575,7575,7575,7575,62000
2022-10-07 13:47:00,7575,7575,7575,7575,0
2022-10-07 13:48:00,7575,7575,7575,7575,0
2022-10-07 13:49:00,7575,7550,7575,7575,4400
2022-10-07 13:50:00,7575,7575,7575,7575,9600
2022-10-07 13:51:00,7575,7575,7575,7575,700
2022-10-07 13:52:00,7575,7575,7575,7575,5100
2022-10-07 13:53:00,7575,7575,7575,7575,500
2022-10-07 13:54:00,7575,7575,7575,7575,0
2022-10-07 13:55:00,7575,7575,7600,7575,10300
2022-10-07 13:56:00,7575,7575,7575,7575,0
2022-10-07 13:57:00,7575,7575,7575,7575,27200
2022-10-07 13:58:00,7575,7575,7575,7575,10100
2022-10-07 13:59:00,7600,7600,7600,7600,0
2022-10-07 14:00:00,7600,7600,7600,7600,0
2022-10-07 14:01:00,7575,7575,7575,7575,100
2022-10-07 14:02:00,7575,7575,7600,7600,1100
2022-10-07 14:03:00,7575,7575,7600,7600,0
2022-10-07 14:04:00,7575,7575,7575,7575,100
2022-10-07 14:05:00,7575,7575,7575,7575,9000
2022-10-07 14:06:00,7575,7575,7575,7575,2500
2022-10-07 14:07:00,7575,7575,7575,7575,6400
2022-10-07 14:08:00,7575,7575,7575,7575,3700
2022-10-07 14:09:00,7575,7575,7575,7575,2000
2022-10-07 14:10:00,7575,7575,7575,7575,9700
2022-10-07 14:11:00,7575,7575,7575,7575,0
2022-10-07 14:12:00,7575,7575,7575,7575,5000
2022-10-07 14:13:00,7575,7575,7575,7575,14700
2022-10-07 14:14:00,7575,7575,7600,7600,2900
2022-10-07 14:15:00,7575,7575,7575,7575,400
2022-10-07 14:16:00,7575,7575,7575,7575,0
2022-10-07 14:17:00,7575,7575,7575,7575,900
2022-10-07 14:18:00,7575,7575,7575,7575,0
2022-10-07 14:19:00,7575,7575,7575,7575,8800
2022-10-07 14:20:00,7575,7575,7575,7575,0
2022-10-07 14:21:00,7575,7575,7575,7575,52700
2022-10-07 14:22:00,7575,7575,7575,7575,2200
2022-10-07 14:23:00,7575,7575,7575,7575,12500
2022-10-07 14:24:00,7575,7575,7575,7575,5200
2022-10-07 14:25:00,7575,7575,7575,7575,200
2022-10-07 14:26:00,7575,7575,7575,7575,1900
2022-10-07 14:27:00,7575,7575,7575,7575,0
2022-10-07 14:28:00,7575,7575,7575,7575,2000
2022-10-07 14:29:00,7575,7575,7575,7575,4700
2022-10-07 14:30:00,7575,7575,7575,7575,2800
2022-10-07 14:31:00,7575,7575,7575,7575,0
2022-10-07 14:32:00,7575,7575,7600,7575,2700
2022-10-07 14:33:00,7575,7575,7575,7575,7000
2022-10-07 14:34:00,7575,7575,7575,7575,25000
2022-10-07 14:35:00,7575,7575,7575,7575,0
2022-10-07 14:36:00,7575,7575,7575,7575,10400
2022-10-07 14:37:00,7575,7575,7575,7575,600
2022-10-07 14:38:00,7575,7575,7575,7575,400
2022-10-07 14:39:00,7575,7575,7575,7575,0
2022-10-07 14:40:00,7575,7550,7575,7575,152200
2022-10-07 14:41:00,7575,7550,7575,7575,54500
2022-10-07 14:42:00,7550,7550,7575,7575,14900
2022-10-07 14:43:00,7575,7575,7600,7600,5500
2022-10-07 14:44:00,7575,7575,7575,7575,4200
2022-10-07 14:45:00,7575,7575,7575,7575,9000
2022-10-07 14:46:00,7575,7575,7600,7575,0
2022-10-07 14:47:00,7575,7575,7575,7575,19500
2022-10-07 14:48:00,7575,7550,7575,7550,24400
2022-10-07 14:49:00,7575,7550,7575,7575,25300
2022-10-07 14:50:00,7575,7550,7575,7575,0
2022-10-07 14:51:00,7575,7550,7575,7575,0
2022-10-07 14:52:00,7575,7550,7575,7575,0
2022-10-07 14:53:00,7575,7550,7575,7575,0
2022-10-07 14:54:00,7575,7550,7575,7575,0
2022-10-07 14:55:00,7575,7550,7575,7575,0
2022-10-07 14:56:00,7575,7550,7575,7575,0
2022-10-07 14:57:00,7575,7550,7575,7575,0
2022-10-07 14:58:00,7575,7550,7575,7575,0
2022-10-07 14:59:00,7575,7550,7575,7575,0
2022-10-07 15:00:00,7600,7600,7600,7600,79000
2022-10-07 15:01:00,7600,7600,7600,7600,0
2022-10-07 15:02:00,7600,7600,7600,7600,1400
2022-10-07 15:03:00,7600,7600,7600,7600,65200
2022-10-07 15:04:00,7600,7600,7600,7600,8100
2022-10-07 15:05:00,7600,7600,7600,7600,23100
2022-10-07 15:06:00,7600,7600,7600,7600,0
2022-10-07 15:07:00,7600,7600,7600,7600,0
2022-10-07 15:08:00,7600,7600,7600,7600,0
2022-10-07 15:09:00,7600,7600,7600,7600,0
2022-10-07 15:10:00,7600,7600,7600,7600,0
2022-10-07 15:11:00,7600,7600,7600,7600,1800
2022-10-07 15:12:00,7600,7600,7600,7600,0
2022-10-07 15:13:00,7600,7600,7600,7600,1937800
2022-10-07 15:14:00,7600,7600,7600,7600,0
2022-10-07 15:15:00,7600,7600,7600,7600,0
2022-10-07 15:16:00,7600,7600,7600,7600,0
2022-10-07 15:17:00,7600,7600,7600,7600,0
2022-10-07 15:18:00,7600,7600,7600,7600,0
2022-10-07 15:19:00,7600,7600,7600,7600,0
2022-10-07 15:20:00,7600,7600,7600,7600,0
2022-10-07 15:21:00,7600,7600,7600,7600,0
2022-10-07 15:22:00,7600,7600,7600,7600,0
2022-10-07 15:23:00,7600,7600,7600,7600,0
2022-10-07 15:24:00,7600,7600,7600,7600,0
2022-10-07 15:25:00,7600,7600,7600,7600,0
2022-10-07 15:26:00,7600,7600,7600,7600,0
2022-10-07 15:27:00,7600,7600,7600,7600,0
2022-10-07 15:28:00,7600,7600,7600,7600,0
2022-10-07 15:29:00,7600,7600,7600,7600,0
2022-10-07 15:30:00,7600,7600,7600,7600,0
2022-10-07 15:31:00,7600,7600,7600,7600,0
2022-10-07 15:32:00,7600,7600,7600,7600,0
2022-10-07 15:33:00,7600,7600,7600,7600,0
2022-10-07 15:34:00,7600,7600,7600,7600,0
2022-10-07 15:35:00,7600,7600,7600,7600,0
2022-10-07 15:36:00,7600,7600,7600,7600,0
2022-10-07 15:37:00,7600,7600,7600,7600,0
2022-10-07 15:38:00,7600,7600,7600,7600,0
2022-10-07 15:39:00,7600,7600,7600,7600,0
2022-10-07 15:40:00,7600,7600,7600,7600,0
2022-10-07 15:41:00,7600,7600,7600,7600,0
2022-10-07 15:42:00,7600,7600,7600,7600,0
2022-10-07 15:43:00,7600,7600,7600,7600,0
2022-10-07 15:44:00,7600,7600,7600,7600,0
2022-10-07 15:45:00,7600,7600,7600,7600,0
2022-10-07 15:46:00,7600,7600,7600,7600,0
2022-10-07 15:47:00,7600,7600,7600,7600,0
2022-10-07 15:48:00,7600,7600,7600,7600,0
2022-10-07 15:49:00,7600,7600,7600,7600,0
2022-10-07 15:50:00,7600,7600,7600,7600,0
2022-10-07 15:51:00,7600,7600,7600,7600,0
2022-10-07 15:52:00,7600,7600,7600,7600,0
2022-10-07 15:53:00,7600,7600,7600,7600,0
2022-10-07 15:54:00,7600,7600,7600,7600,0
2022-10-07 15:55:00,7600,7600,7600,7600,0
2022-10-07 15:56:00,7600,7600,7600,7600,0
2022-10-07 15:57:00,7600,7600,7600,7600,0
2022-10-07 15:58:00,7600,7600,7600,7600,0
2022-10-07 15:59:00,7600,7600,7600,7600,0
2022-10-10 09:00:00,7600,7500,7600,7500,0
2022-10-10 09:01:00,7500,7425,7500,7450,65800
2022-10-10 09:02:00,7450,7400,7450,7400,33400
2022-10-10 09:03:00,7425,7400,7425,7400,35200
2022-10-10 09:04:00,7400,7400,7450,7450,72200
2022-10-10 09:05:00,7450,7450,7475,7475,23700
2022-10-10 09:06:00,7475,7475,7475,7475,0
2022-10-10 09:07:00,7475,7475,7475,7475,11800
2022-10-10 09:08:00,7475,7450,7475,7450,20700
2022-10-10 09:09:00,7475,7450,7475,7475,3300
2022-10-10 09:10:00,7475,7475,7475,7475,0
2022-10-10 09:11:00,7475,7450,7475,7450,12200
2022-10-10 09:12:00,7450,7450,7475,7475,28800
2022-10-10 09:13:00,7475,7475,7500,7475,37800
2022-10-10 09:14:00,7475,7450,7475,7450,15600
2022-10-10 09:15:00,7475,7450,7475,7450,1200
2022-10-10 09:16:00,7450,7450,7475,7475,22300
2022-10-10 09:17:00,7475,7450,7475,7450,1300
2022-10-10 09:18:00,7450,7450,7475,7475,1300
2022-10-10 09:19:00,7475,7475,7475,7475,1600
2022-10-10 09:20:00,7475,7475,7475,7475,1900
2022-10-10 09:21:00,7475,7450,7475,7450,4300
2022-10-10 09:22:00,7450,7450,7475,7475,3300
2022-10-10 09:23:00,7475,7475,7475,7475,800
2022-10-10 09:24:00,7475,7475,7475,7475,1200
2022-10-10 09:25:00,7475,7450,7475,7475,43500
2022-10-10 09:26:00,7500,7475,7500,7475,15600
2022-10-10 09:27:00,7475,7450,7500,7500,44800
2022-10-10 09:28:00,7500,7475,7500,7475,8000
2022-10-10 09:29:00,7500,7500,7500,7500,1600
2022-10-10 09:30:00,7500,7500,7500,7500,600
2022-10-10 09:31:00,7500,7500,7500,7500,14400
2022-10-10 09:32:00,7500,7500,7500,7500,800
2022-10-10 09:33:00,7525,7500,7525,7500,5300
2022-10-10 09:34:00,7525,7475,7525,7475,32900
2022-10-10 09:35:00,7500,7500,7500,7500,5600
2022-10-10 09:36:00,7475,7475,7475,7475,100
2022-10-10 09:37:00,7475,7475,7500,7500,3400
2022-10-10 09:38:00,7500,7500,7500,7500,500
2022-10-10 09:39:00,7475,7475,7500,7500,8100
2022-10-10 09:40:00,7475,7475,7475,7475,13600
2022-10-10 09:41:00,7475,7475,7475,7475,0
2022-10-10 09:42:00,7475,7450,7475,7450,1700
2022-10-10 09:43:00,7475,7475,7475,7475,11500
2022-10-10 09:44:00,7475,7475,7475,7475,25100
2022-10-10 09:45:00,7475,7475,7475,7475,2600
2022-10-10 09:46:00,7475,7475,7475,7475,0
2022-10-10 09:47:00,7475,7475,7475,7475,300
2022-10-10 09:48:00,7475,7450,7475,7450,14000
2022-10-10 09:49:00,7475,7425,7475,7425,131600
2022-10-10 09:50:00,7425,7350,7425,7375,245700
2022-10-10 09:51:00,7350,7350,7375,7375,10100
2022-10-10 09:52:00,7350,7350,7375,7375,39200
2022-10-10 09:53:00,7350,7350,7400,7400,46800
2022-10-10 09:54:00,7400,7375,7400,7400,2200
2022-10-10 09:55:00,7375,7375,7400,7400,3500
2022-10-10 09:56:00,7375,7375,7400,7400,14100
2022-10-10 09:57:00,7425,7400,7425,7400,5900
2022-10-10 09:58:00,7400,7400,7400,7400,8800
2022-10-10 09:59:00,7400,7400,7400,7400,0
2022-10-10 10:00:00,7400,7400,7400,7400,20100
2022-10-10 10:01:00,7400,7375,7400,7400,11800
2022-10-10 10:02:00,7400,7375,7400,7375,4000
2022-10-10 10:03:00,7400,7400,7400,7400,1100
2022-10-10 10:04:00,7400,7375,7400,7400,900
2022-10-10 10:05:00,7375,7375,7400,7400,1400
2022-10-10 10:06:00,7400,7400,7400,7400,19900
2022-10-10 10:07:00,7400,7400,7425,7425,8300
2022-10-10 10:08:00,7400,7400,7425,7425,0
2022-10-10 10:09:00,7425,7425,7425,7425,13600
2022-10-10 10:10:00,7450,7450,7450,7450,17600
2022-10-10 10:11:00,7450,7450,7450,7450,2300
2022-10-10 10:12:00,7450,7450,7450,7450,3500
2022-10-10 10:13:00,7450,7450,7450,7450,900
2022-10-10 10:14:00,7450,7450,7450,7450,1800
2022-10-10 10:15:00,7425,7425,7425,7425,0
2022-10-10 10:16:00,7425,7425,7425,7425,1200
2022-10-10 10:17:00,7450,7450,7450,7450,7200
2022-10-10 10:18:00,7450,7450,7450,7450,14100
2022-10-10 10:19:00,7450,7450,7450,7450,0
2022-10-10 10:20:00,7450,7450,7450,7450,500
2022-10-10 10:21:00,7425,7425,7425,7425,4400
2022-10-10 10:22:00,7450,7450,7450,7450,23800
2022-10-10 10:23:00,7450,7450,7450,7450,2200
2022-10-10 10:24:00,7450,7450,7450,7450,300
2022-10-10 10:25:00,7450,7450,7450,7450,3800
2022-10-10 10:26:00,7450,7450,7450,7450,700
2022-10-10 10:27:00,7450,7450,7450,7450,9400
2022-10-10 10:28:00,7450,7450,7450,7450,300
2022-10-10 10:29:00,7450,7450,7450,7450,7900
2022-10-10 10:30:00,7450,7450,7450,7450,800
2022-10-10 10:31:00,7450,7450,7450,7450,6300
2022-10-10 10:32:00,7450,7450,7450,7450,2500
2022-10-10 10:33:00,7450,7450,7450,7450,0
2022-10-10 10:34:00,7450,7450,7450,7450,2900
2022-10-10 10:35:00,7450,7425,7450,7450,4800
2022-10-10 10:36:00,7450,7425,7450,7450,8400
2022-10-10 10:37:00,7450,7425,7450,7425,7500
2022-10-10 10:38:00,7450,7425,7450,7425,0
2022-10-10 10:39:00,7425,7425,7425,7425,700
2022-10-10 10:40:00,7425,7425,7425,7425,6000
2022-10-10 10:41:00,7425,7425,7425,7425,2000
2022-10-10 10:42:00,7400,7400,7400,7400,1400
2022-10-10 10:43:00,7425,7400,7425,7400,9700
2022-10-10 10:44:00,7425,7425,7425,7425,7400
2022-10-10 10:45:00,7425,7425,7425,7425,1700
2022-10-10 10:46:00,7425,7425,7425,7425,400
2022-10-10 10:47:00,7450,7450,7450,7450,300
2022-10-10 10:48:00,7450,7450,7450,7450,0
2022-10-10 10:49:00,7450,7450,7450,7450,1000
2022-10-10 10:50:00,7450,7450,7450,7450,2300
2022-10-10 10:51:00,7450,7450,7450,7450,500
2022-10-10 10:52:00,7450,7425,7450,7450,7700
2022-10-10 10:53:00,7425,7425,7450,7450,2500
2022-10-10 10:54:00,7450,7425,7450,7425,1000
2022-10-10 10:55:00,7425,7425,7425,7425,900
2022-10-10 10:56:00,7425,7400,7425,7425,3600
2022-10-10 10:57:00,7425,7425,7425,7425,15200
2022-10-10 10:58:00,7425,7425,7425,7425,0
2022-10-10 10:59:00,7425,7425,7425,7425,0
2022-10-10 11:00:00,7425,7425,7425,7425,0
2022-10-10 11:01:00,7425,7425,7425,7425,14900
2022-10-10 11:02:00,7450,7450,7450,7450,1400
2022-10-10 11:03:00,7450,7450,7450,7450,0
2022-10-10 11:04:00,7450,7450,7450,7450,0
2022-10-10 11:05:00,7450,7450,7450,7450,0
2022-10-10 11:06:00,7450,7450,7450,7450,2700
2022-10-10 11:07:00,7425,7425,7425,7425,3700
2022-10-10 11:08:00,7450,7450,7450,7450,0
2022-10-10 11:09:00,7450,7450,7450,7450,200
2022-10-10 11:10:00,7425,7425,7425,7425,0
2022-10-10 11:11:00,7425,7425,7425,7425,0
2022-10-10 11:12:00,7425,7425,7450,7450,8100
2022-10-10 11:13:00,7450,7450,7450,7450,300
2022-10-10 11:14:00,7450,7450,7450,7450,100
2022-10-10 11:15:00,7450,7450,7450,7450,0
2022-10-10 11:16:00,7450,7450,7450,7450,1300
2022-10-10 11:17:00,7450,7450,7450,7450,600
2022-10-10 11:18:00,7425,7425,7450,7450,1800
2022-10-10 11:19:00,7450,7450,7450,7450,100
2022-10-10 11:20:00,7450,7450,7450,7450,0
2022-10-10 11:21:00,7450,7450,7450,7450,100
2022-10-10 11:22:00,7450,7450,7450,7450,0
2022-10-10 11:23:00,7450,7450,7450,7450,0
2022-10-10 11:24:00,7450,7450,7450,7450,0
2022-10-10 11:25:00,7450,7450,7450,7450,0
2022-10-10 11:26:00,7450,7450,7450,7450,0
2022-10-10 11:27:00,7450,7450,7450,7450,31100
2022-10-10 11:28:00,7450,7450,7450,7450,3700
2022-10-10 11:29:00,7450,7450,7450,7450,2700
2022-10-10 11:30:00,7450,7450,7450,7450,0
2022-10-10 11:31:00,7450,7450,7450,7450,0
2022-10-10 11:32:00,7450,7450,7450,7450,0
2022-10-10 11:33:00,7450,7450,7450,7450,0
2022-10-10 11:34:00,7450,7450,7450,7450,0
2022-10-10 11:35:00,7450,7450,7450,7450,0
2022-10-10 11:36:00,7450,7450,7450,7450,0
2022-10-10 11:37:00,7450,7450,7450,7450,0
2022-10-10 11:38:00,7450,7450,7450,7450,0
2022-10-10 11:39:00,7450,7450,7450,7450,0
2022-10-10 11:40:00,7450,7450,7450,7450,0
2022-10-10 11:41:00,7450,7450,7450,7450,0
2022-10-10 11:42:00,7450,7450,7450,7450,0
2022-10-10 11:43:00,7450,7450,7450,7450,0
2022-10-10 11:44:00,7450,7450,7450,7450,0
2022-10-10 11:45:00,7450,7450,7450,7450,0
2022-10-10 11:46:00,7450,7450,7450,7450,0
2022-10-10 11:47:00,7450,7450,7450,7450,0
2022-10-10 11:48:00,7450,7450,7450,7450,0
2022-10-10 11:49:00,7450,7450,7450,7450,0
2022-10-10 11:50:00,7450,7450,7450,7450,0
2022-10-10 11:51:00,7450,7450,7450,7450,0
2022-10-10 11:52:00,7450,7450,7450,7450,0
2022-10-10 11:53:00,7450,7450,7450,7450,0
2022-10-10 11:54:00,7450,7450,7450,7450,0
2022-10-10 11:55:00,7450,7450,7450,7450,0
2022-10-10 11:56:00,7450,7450,7450,7450,0
2022-10-10 11:57:00,7450,7450,7450,7450,0
2022-10-10 11:58:00,7450,7450,7450,7450,0
2022-10-10 11:59:00,7450,7450,7450,7450,0
2022-10-10 12:00:00,7450,7450,7450,7450,0
2022-10-10 12:01:00,7450,7450,7450,7450,0
2022-10-10 12:02:00,7450,7450,7450,7450,0
2022-10-10 12:03:00,7450,7450,7450,7450,0
2022-10-10 12:04:00,7450,7450,7450,7450,0
2022-10-10 12:05:00,7450,7450,7450,7450,0
2022-10-10 12:06:00,7450,7450,7450,7450,0
2022-10-10 12:07:00,7450,7450,7450,7450,0
2022-10-10 12:08:00,7450,7450,7450,7450,0
2022-10-10 12:09:00,7450,7450,7450,7450,0
2022-10-10 12:10:00,7450,7450,7450,7450,0
2022-10-10 12:11:00,7450,7450,7450,7450,0
2022-10-10 12:12:00,7450,7450,7450,7450,0
2022-10-10 12:13:00,7450,7450,7450,7450,0
2022-10-10 12:14:00,7450,7450,7450,7450,0
2022-10-10 12:15:00,7450,7450,7450,7450,0
2022-10-10 12:16:00,7450,7450,7450,7450,0
2022-10-10 12:17:00,7450,7450,7450,7450,0
2022-10-10 12:18:00,7450,7450,7450,7450,0
2022-10-10 12:19:00,7450,7450,7450,7450,0
2022-10-10 12:20:00,7450,7450,7450,7450,0
2022-10-10 12:21:00,7450,7450,7450,7450,0
2022-10-10 12:22:00,7450,7450,7450,7450,0
2022-10-10 12:23:00,7450,7450,7450,7450,0
2022-10-10 12:24:00,7450,7450,7450,7450,0
2022-10-10 12:25:00,7450,7450,7450,7450,0
2022-10-10 12:26:00,7450,7450,7450,7450,0
2022-10-10 12:27:00,7450,7450,7450,7450,0
2022-10-10 12:28:00,7450,7450,7450,7450,0
2022-10-10 12:29:00,7450,7450,7450,7450,0
2022-10-10 12:30:00,7450,7450,7450,7450,0
2022-10-10 12:31:00,7450,7450,7450,7450,0
2022-10-10 12:32:00,7450,7450,7450,7450,0
2022-10-10 12:33:00,7450,7450,7450,7450,0
2022-10-10 12:34:00,7450,7450,7450,7450,0
2022-10-10 12:35:00,7450,7450,7450,7450,0
2022-10-10 12:36:00,7450,7450,7450,7450,0
2022-10-10 12:37:00,7450,7450,7450,7450,0
2022-10-10 12:38:00,7450,7450,7450,7450,0
2022-10-10 12:39:00,7450,7450,7450,7450,0
2022-10-10 12:40:00,7450,7450,7450,7450,0
2022-10-10 12:41:00,7450,7450,7450,7450,0
2022-10-10 12:42:00,7450,7450,7450,7450,0
2022-10-10 12:43:00,7450,7450,7450,7450,0
2022-10-10 12:44:00,7450,7450,7450,7450,0
2022-10-10 12:45:00,7450,7450,7450,7450,0
2022-10-10 12:46:00,7450,7450,7450,7450,0
2022-10-10 12:47:00,7450,7450,7450,7450,0
2022-10-10 12:48:00,7450,7450,7450,7450,0
2022-10-10 12:49:00,7450,7450,7450,7450,0
2022-10-10 12:50:00,7450,7450,7450,7450,0
2022-10-10 12:51:00,7450,7450,7450,7450,0
2022-10-10 12:52:00,7450,7450,7450,7450,0
2022-10-10 12:53:00,7450,7450,7450,7450,0
2022-10-10 12:54:00,7450,7450,7450,7450,0
2022-10-10 12:55:00,7450,7450,7450,7450,0
2022-10-10 12:56:00,7450,7450,7450,7450,0
2022-10-10 12:57:00,7450,7450,7450,7450,0
2022-10-10 12:58:00,7450,7450,7450,7450,0
2022-10-10 12:59:00,7450,7450,7450,7450,0
2022-10-10 13:00:00,7450,7450,7450,7450,0
2022-10-10 13:01:00,7450,7450,7450,7450,0
2022-10-10 13:02:00,7450,7450,7450,7450,0
2022-10-10 13:03:00,7450,7450,7450,7450,0
2022-10-10 13:04:00,7450,7450,7450,7450,0
2022-10-10 13:05:00,7450,7450,7450,7450,0
2022-10-10 13:06:00,7450,7450,7450,7450,0
2022-10-10 13:07:00,7450,7450,7450,7450,0
2022-10-10 13:08:00,7450,7450,7450,7450,0
2022-10-10 13:09:00,7450,7450,7450,7450,0
2022-10-10 13:10:00,7450,7450,7450,7450,0
2022-10-10 13:11:00,7450,7450,7450,7450,0
2022-10-10 13:12:00,7450,7450,7450,7450,0
2022-10-10 13:13:00,7450,7450,7450,7450,0
2022-10-10 13:14:00,7450,7450,7450,7450,0
2022-10-10 13:15:00,7450,7450,7450,7450,0
2022-10-10 13:16:00,7450,7450,7450,7450,0
2022-10-10 13:17:00,7450,7450,7450,7450,0
2022-10-10 13:18:00,7450,7450,7450,7450,0
2022-10-10 13:19:00,7450,7450,7450,7450,0
2022-10-10 13:20:00,7450,7450,7450,7450,0
2022-10-10 13:21:00,7450,7450,7450,7450,0
2022-10-10 13:22:00,7450,7450,7450,7450,0
2022-10-10 13:23:00,7450,7450,7450,7450,0
2022-10-10 13:24:00,7450,7450,7450,7450,0
2022-10-10 13:25:00,7450,7450,7450,7450,0
2022-10-10 13:26:00,7450,7450,7450,7450,0
2022-10-10 13:27:00,7450,7450,7450,7450,0
2022-10-10 13:28:00,7450,7450,7450,7450,0
2022-10-10 13:29:00,7450,7450,7450,7450,0
2022-10-10 13:30:00,7425,7425,7450,7425,6200
2022-10-10 13:31:00,7425,7425,7450,7425,0
2022-10-10 13:32:00,7425,7425,7425,7425,14000
2022-10-10 13:33:00,7425,7425,7425,7425,0
2022-10-10 13:34:00,7425,7425,7425,7425,35200
2022-10-10 13:35:00,7425,7425,7425,7425,500
2022-10-10 13:36:00,7425,7400,7425,7400,4200
2022-10-10 13:37:00,7425,7425,7425,7425,14600
2022-10-10 13:38:00,7425,7425,7425,7425,1400
2022-10-10 13:39:00,7425,7425,7425,7425,1600
2022-10-10 13:40:00,7425,7400,7425,7400,34600
2022-10-10 13:41:00,7425,7425,7425,7425,1600
2022-10-10 13:42:00,7425,7425,7425,7425,7100
2022-10-10 13:43:00,7400,7400,7425,7425,42200
2022-10-10 13:44:00,7400,7400,7425,7425,900
2022-10-10 13:45:00,7425,7425,7425,7425,14300
2022-10-10 13:46:00,7425,7425,7425,7425,300
2022-10-10 13:47:00,7425,7400,7425,7425,15200
2022-10-10 13:48:00,7400,7400,7425,7425,15700
2022-10-10 13:49:00,7400,7400,7425,7425,12600
2022-10-10 13:50:00,7400,7400,7425,7425,3200
2022-10-10 13:51:00,7425,7400,7425,7425,300
2022-10-10 13:52:00,7425,7400,7425,7425,8000
2022-10-10 13:53:00,7400,7400,7425,7425,300
2022-10-10 13:54:00,7425,7425,7425,7425,100
2022-10-10 13:55:00,7425,7425,7425,7425,0
2022-10-10 13:56:00,7425,7425,7425,7425,300
2022-10-10 13:57:00,7425,7425,7425,7425,100
2022-10-10 13:58:00,7400,7400,7425,7425,5200
2022-10-10 13:59:00,7425,7400,7425,7425,54700
2022-10-10 14:00:00,7425,7425,7425,7425,0
2022-10-10 14:01:00,7425,7425,7425,7425,0
2022-10-10 14:02:00,7425,7425,7425,7425,9900
2022-10-10 14:03:00,7425,7425,7425,7425,0
2022-10-10 14:04:00,7425,7425,7425,7425,0
2022-10-10 14:05:00,7425,7425,7450,7450,0
2022-10-10 14:06:00,7425,7425,7450,7450,0
2022-10-10 14:07:00,7425,7425,7425,7425,40300
2022-10-10 14:08:00,7400,7400,7400,7400,7200
2022-10-10 14:09:00,7425,7425,7425,7425,28700
2022-10-10 14:10:00,7450,7450,7450,7450,2000
2022-10-10 14:11:00,7425,7400,7425,7400,3500
2022-10-10 14:12:00,7400,7400,7400,7400,4300
2022-10-10 14:13:00,7450,7450,7450,7450,0
2022-10-10 14:14:00,7400,7400,7400,7400,2900
2022-10-10 14:15:00,7400,7400,7400,7400,0
2022-10-10 14:16:00,7400,7400,7400,7400,2600
2022-10-10 14:17:00,7400,7400,7400,7400,0
2022-10-10 14:18:00,7400,7400,7400,7400,0
2022-10-10 14:19:00,7400,7400,7425,7425,3800
2022-10-10 14:20:00,7400,7400,7425,7425,0
2022-10-10 14:21:00,7400,7400,7425,7425,0
2022-10-10 14:22:00,7425,7425,7425,7425,1600
2022-10-10 14:23:00,7425,7400,7425,7425,32400
2022-10-10 14:24:00,7425,7400,7425,7425,0
2022-10-10 14:25:00,7425,7425,7425,7425,14500
2022-10-10 14:26:00,7425,7425,7425,7425,4900
2022-10-10 14:27:00,7425,7425,7425,7425,200
2022-10-10 14:28:00,7400,7400,7425,7400,600
2022-10-10 14:29:00,7400,7400,7400,7400,300
2022-10-10 14:30:00,7400,7400,7425,7400,2200
2022-10-10 14:31:00,7425,7400,7425,7400,2100
2022-10-10 14:32:00,7425,7425,7425,7425,200
2022-10-10 14:33:00,7425,7400,7425,7400,200
2022-10-10 14:34:00,7400,7400,7425,7425,6500
2022-10-10 14:35:00,7425,7400,7425,7425,2100
2022-10-10 14:36:00,7400,7400,7425,7425,3200
2022-10-10 14:37:00,7400,7400,7425,7400,2400
2022-10-10 14:38:00,7425,7400,7425,7400,6600
2022-10-10 14:39:00,7400,7400,7425,7400,7600
2022-10-10 14:40:00,7400,7400,7400,7400,1000
2022-10-10 14:41:00,7400,7400,7425,7400,19300
2022-10-10 14:42:00,7425,7400,7425,7400,5700
2022-10-10 14:43:00,7425,7425,7425,7425,900
2022-10-10 14:44:00,7425,7400,7425,7400,30900
2022-10-10 14:45:00,7425,7400,7425,7425,55000
2022-10-10 14:46:00,7425,7400,7425,7425,4700
2022-10-10 14:47:00,7425,7400,7425,7425,21400
2022-10-10 14:48:00,7425,7400,7425,7425,1900
2022-10-10 14:49:00,7425,7400,7425,7400,900
2022-10-10 14:50:00,7425,7400,7425,7400,0
2022-10-10 14:51:00,7425,7400,7425,7400,0
2022-10-10 14:52:00,7425,7400,7425,7400,0
2022-10-10 14:53:00,7425,7400,7425,7400,0
2022-10-10 14:54:00,7425,7400,7425,7400,0
2022-10-10 14:55:00,7425,7400,7425,7400,0
2022-10-10 14:56:00,7425,7400,7425,7400,0
2022-10-10 14:57:00,7425,7400,7425,7400,0
2022-10-10 14:58:00,7425,7400,7425,7400,0
2022-10-10 14:59:00,7425,7400,7425,7400,0
2022-10-10 15:00:00,7400,7400,7400,7400,57200
2022-10-10 15:01:00,7400,7400,7400,7400,8200
2022-10-10 15:02:00,7400,7400,7400,7400,6000
2022-10-10 15:03:00,7400,7400,7400,7400,600
2022-10-10 15:04:00,7400,7400,7400,7400,300
2022-10-10 15:05:00,7400,7400,7400,7400,0
2022-10-10 15:06:00,7400,7400,7400,7400,0
2022-10-10 15:07:00,7400,7400,7400,7400,400
2022-10-10 15:08:00,7400,7400,7400,7400,300
2022-10-10 15:09:00,7400,7400,7400,7400,300
2022-10-10 15:10:00,7400,7400,7400,7400,0
2022-10-10 15:11:00,7400,7400,7400,7400,0
2022-10-10 15:12:00,7400,7400,7400,7400,0
2022-10-10 15:13:00,7400,7400,7400,7400,0
2022-10-10 15:14:00,7400,7400,7400,7400,2255500
2022-10-10 15:15:00,7400,7400,7400,7400,0
2022-10-10 15:16:00,7400,7400,7400,7400,0
2022-10-10 15:17:00,7400,7400,7400,7400,0
2022-10-10 15:18:00,7400,7400,7400,7400,0
2022-10-10 15:19:00,7400,7400,7400,7400,0
2022-10-10 15:20:00,7400,7400,7400,7400,0
2022-10-10 15:21:00,7400,7400,7400,7400,0
2022-10-10 15:22:00,7400,7400,7400,7400,0
2022-10-10 15:23:00,7400,7400,7400,7400,0
2022-10-10 15:24:00,7400,7400,7400,7400,0
2022-10-10 15:25:00,7400,7400,7400,7400,0
2022-10-10 15:26:00,7400,7400,7400,7400,0
2022-10-10 15:27:00,7400,7400,7400,7400,0
2022-10-10 15:28:00,7400,7400,7400,7400,0
2022-10-10 15:29:00,7400,7400,7400,7400,0
2022-10-10 15:30:00,7400,7400,7400,7400,0
2022-10-10 15:31:00,7400,7400,7400,7400,0
2022-10-10 15:32:00,7400,7400,7400,7400,0
2022-10-10 15:33:00,7400,7400,7400,7400,0
2022-10-10 15:34:00,7400,7400,7400,7400,0
2022-10-10 15:35:00,7400,7400,7400,7400,0
2022-10-10 15:36:00,7400,7400,7400,7400,0
2022-10-10 15:37:00,7400,7400,7400,7400,0
2022-10-10 15:38:00,7400,7400,7400,7400,0
2022-10-10 15:39:00,7400,7400,7400,7400,0
2022-10-10 15:40:00,7400,7400,7400,7400,0
2022-10-10 15:41:00,7400,7400,7400,7400,0
2022-10-10 15:42:00,7400,7400,7400,7400,0
2022-10-10 15:43:00,7400,7400,7400,7400,0
2022-10-10 15:44:00,7400,7400,7400,7400,0
2022-10-10 15:45:00,7400,7400,7400,7400,0
2022-10-10 15:46:00,7400,7400,7400,7400,0
2022-10-10 15:47:00,7400,7400,7400,7400,0
2022-10-10 15:48:00,7400,7400,7400,7400,0
2022-10-10 15:49:00,7400,7400,7400,7400,0
2022-10-10 15:50:00,7400,7400,7400,7400,0
2022-10-10 15:51:00,7400,7400,7400,7400,0
2022-10-10 15:52:00,7400,7400,7400,7400,0
2022-10-10 15:53:00,7400,7400,7400,7400,0
2022-10-10 15:54:00,7400,7400,7400,7400,0
2022-10-10 15:55:00,7400,7400,7400,7400,0
2022-10-10 15:56:00,7400,7400,7400,7400,0
2022-10-10 15:57:00,7400,7400,7400,7400,0
2022-10-10 15:58:00,7400,7400,7400,7400,0
2022-10-10 15:59:00,7400,7400,7400,7400,0
2022-10-11 09:00:00,7400,7200,7400,7225,0
2022-10-11 09:01:00,7225,7200,7300,7300,93600
2022-10-11 09:02:00,7300,7300,7325,7300,35800
2022-10-11 09:03:00,7300,7300,7350,7350,156900
2022-10-11 09:04:00,7350,7350,7350,7350,2100
2022-10-11 09:05:00,7350,7350,7350,7350,1000
2022-10-11 09:06:00,7350,7325,7350,7325,60900
2022-10-11 09:07:00,7325,7325,7350,7350,7700
2022-10-11 09:08:00,7350,7350,7350,7350,2800
2022-10-11 09:09:00,7350,7350,7375,7350,25400
2022-10-11 09:10:00,7350,7325,7350,7350,2500
2022-10-11 09:11:00,7350,7350,7350,7350,1400
2022-10-11 09:12:00,7350,7325,7350,7325,5100
2022-10-11 09:13:00,7350,7350,7350,7350,1200
2022-10-11 09:14:00,7350,7325,7350,7350,16700
2022-10-11 09:15:00,7350,7325,7350,7350,0
2022-10-11 09:16:00,7350,7300,7350,7325,59900
2022-10-11 09:17:00,7300,7275,7300,7275,40500
2022-10-11 09:18:00,7325,7300,7325,7325,100
2022-10-11 09:19:00,7325,7300,7325,7325,0
2022-10-11 09:20:00,7325,7325,7350,7350,2900
2022-10-11 09:21:00,7325,7325,7350,7350,0
2022-10-11 09:22:00,7350,7325,7350,7350,1200
2022-10-11 09:23:00,7350,7325,7350,7325,2000
2022-10-11 09:24:00,7325,7325,7325,7325,9600
2022-10-11 09:25:00,7325,7325,7325,7325,0
2022-10-11 09:26:00,7300,7300,7300,7300,29200
2022-10-11 09:27:00,7300,7275,7325,7325,3800
2022-10-11 09:28:00,7325,7325,7325,7325,44500
2022-10-11 09:29:00,7325,7325,7325,7325,0
2022-10-11 09:30:00,7325,7325,7325,7325,1000
2022-10-11 09:31:00,7325,7325,7325,7325,25500
2022-10-11 09:32:00,7325,7325,7325,7325,0
2022-10-11 09:33:00,7325,7325,7325,7325,0
2022-10-11 09:34:00,7325,7325,7325,7325,0
2022-10-11 09:35:00,7325,7325,7325,7325,400
2022-10-11 09:36:00,7325,7325,7325,7325,1100
2022-10-11 09:37:00,7325,7300,7325,7325,1800
2022-10-11 09:38:00,7325,7325,7325,7325,500
2022-10-11 09:39:00,7325,7325,7325,7325,5700
2022-10-11 09:40:00,7325,7325,7325,7325,0
2022-10-11 09:41:00,7325,7325,7325,7325,8700
2022-10-11 09:42:00,7325,7325,7325,7325,0
2022-10-11 09:43:00,7325,7325,7325,7325,0
2022-10-11 09:44:00,7325,7325,7325,7325,17400
2022-10-11 09:45:00,7300,7300,7300,7300,300
2022-10-11 09:46:00,7325,7300,7325,7300,4900
2022-10-11 09:47:00,7300,7300,7300,7300,2400
2022-10-11 09:48:00,7325,7325,7325,7325,0
2022-10-11 09:49:00,7325,7325,7325,7325,300
2022-10-11 09:50:00,7325,7300,7325,7300,52300
2022-10-11 09:51:00,7300,7275,7300,7300,11500
2022-10-11 09:52:00,7300,7275,7300,7300,0
2022-10-11 09:53:00,7300,7300,7300,7300,16100
2022-10-11 09:54:00,7300,7300,7300,7300,200
2022-10-11 09:55:00,7300,7300,7300,7300,1000
2022-10-11 09:56:00,7275,7275,7300,7300,300
2022-10-11 09:57:00,7300,7300,7300,7300,17600
2022-10-11 09:58:00,7300,7300,7300,7300,1100
2022-10-11 09:59:00,7300,7300,7300,7300,600
2022-10-11 10:00:00,7300,7300,7300,7300,1900
2022-10-11 10:01:00,7300,7275,7300,7275,1900
2022-10-11 10:02:00,7300,7275,7300,7275,0
2022-10-11 10:03:00,7275,7275,7275,7275,0
2022-10-11 10:04:00,7275,7275,7300,7300,23400
2022-10-11 10:05:00,7300,7300,7300,7300,11900
2022-10-11 10:06:00,7300,7300,7300,7300,0
2022-10-11 10:07:00,7300,7300,7300,7300,0
2022-10-11 10:08:00,7325,7300,7325,7300,0
2022-10-11 10:09:00,7325,7325,7325,7325,800
2022-10-11 10:10:00,7325,7300,7325,7300,400
2022-10-11 10:11:00,7300,7300,7300,7300,1900
2022-10-11 10:12:00,7325,7325,7325,7325,0
2022-10-11 10:13:00,7300,7300,7325,7325,3000
2022-10-11 10:14:00,7325,7300,7350,7350,11200
2022-10-11 10:15:00,7325,7300,7350,7350,0
2022-10-11 10:16:00,7350,7325,7350,7350,81500
2022-10-11 10:17:00,7375,7375,7375,7375,700
2022-10-11 10:18:00,7375,7375,7375,7375,0
2022-10-11 10:19:00,7375,7350,7375,7350,10700
2022-10-11 10:20:00,7350,7350,7350,7350,0
2022-10-11 10:21:00,7325,7325,7350,7350,1500
2022-10-11 10:22:00,7350,7350,7350,7350,600
2022-10-11 10:23:00,7325,7325,7325,7325,14200
2022-10-11 10:24:00,7325,7325,7325,7325,0
2022-10-11 10:25:00,7325,7325,7325,7325,0
2022-10-11 10:26:00,7325,7325,7325,7325,3300
2022-10-11 10:27:00,7325,7300,7325,7300,43600
2022-10-11 10:28:00,7300,7300,7300,7300,6800
2022-10-11 10:29:00,7325,7300,7325,7325,1700
2022-10-11 10:30:00,7325,7300,7325,7325,0
2022-10-11 10:31:00,7300,7300,7300,7300,161600
2022-10-11 10:32:00,7300,7300,7300,7300,0
2022-10-11 10:33:00,7300,7300,7300,7300,21100
2022-10-11 10:34:00,7300,7300,7300,7300,0
2022-10-11 10:35:00,7325,7325,7325,7325,1200
2022-10-11 10:36:00,7325,7325,7325,7325,100
2022-10-11 10:37:00,7325,7325,7325,7325,600
2022-10-11 10:38:00,7300,7300,7300,7300,600
2022-10-11 10:39:00,7300,7300,7300,7300,2500
2022-10-11 10:40:00,7300,7300,7325,7325,3100
2022-10-11 10:41:00,7300,7300,7325,7325,0
2022-10-11 10:42:00,7325,7325,7325,7325,32200
2022-10-11 10:43:00,7325,7325,7325,7325,4700
2022-10-11 10:44:00,7325,7325,7325,7325,0
2022-10-11 10:45:00,7325,7325,7325,7325,0
2022-10-11 10:46:00,7325,7325,7325,7325,0
2022-10-11 10:47:00,7325,7325,7325,7325,0
2022-10-11 10:48:00,7325,7325,7325,7325,2400
2022-10-11 10:49:00,7300,7300,7325,7325,7400
2022-10-11 10:50:00,7325,7325,7325,7325,0
2022-10-11 10:51:00,7325,7325,7325,7325,0
2022-10-11 10:52:00,7325,7325,7325,7325,6000
2022-10-11 10:53:00,7325,7325,7325,7325,0
2022-10-11 10:54:00,7325,7325,7325,7325,1300
2022-10-11 10:55:00,7325,7325,7325,7325,1000
2022-10-11 10:56:00,7325,7325,7325,7325,9500
2022-10-11 10:57:00,7325,7325,7325,7325,100
2022-10-11 10:58:00,7325,7325,7325,7325,0
2022-10-11 10:59:00,7325,7325,7325,7325,200
2022-10-11 11:00:00,7350,7350,7350,7350,1200
2022-10-11 11:01:00,7350,7350,7350,7350,18100
2022-10-11 11:02:00,7350,7350,7350,7350,11100
2022-10-11 11:03:00,7350,7350,7350,7350,0
2022-10-11 11:04:00,7350,7350,7350,7350,4500
2022-10-11 11:05:00,7350,7350,7350,7350,0
2022-10-11 11:06:00,7350,7350,7350,7350,0
2022-10-11 11:07:00,7350,7350,7350,7350,0
2022-10-11 11:08:00,7350,7350,7350,7350,0
2022-10-11 11:09:00,7350,7350,7350,7350,200
2022-10-11 11:10:00,7350,7350,7350,7350,0
2022-10-11 11:11:00,7350,7350,7350,7350,0
2022-10-11 11:12:00,7350,7350,7350,7350,1200
2022-10-11 11:13:00,7350,7350,7350,7350,400
2022-10-11 11:14:00,7350,7350,7350,7350,0
2022-10-11 11:15:00,7325,7325,7325,7325,0
2022-10-11 11:16:00,7350,7325,7350,7325,2400
2022-10-11 11:17:00,7350,7350,7350,7350,900
2022-10-11 11:18:00,7325,7325,7325,7325,11200
2022-10-11 11:19:00,7325,7325,7325,7325,0
2022-10-11 11:20:00,7325,7325,7325,7325,0
2022-10-11 11:21:00,7350,7350,7350,7350,0
2022-10-11 11:22:00,7350,7350,7350,7350,4700
2022-10-11 11:23:00,7350,7350,7350,7350,0
2022-10-11 11:24:00,7350,7350,7350,7350,0
2022-10-11 11:25:00,7350,7350,7350,7350,0
2022-10-11 11:26:00,7350,7350,7350,7350,0
2022-10-11 11:27:00,7350,7350,7350,7350,0
2022-10-11 11:28:00,7350,7350,7350,7350,0
2022-10-11 11:29:00,7325,7325,7325,7325,200
2022-10-11 11:30:00,7325,7325,7325,7325,0
2022-10-11 11:31:00,7325,7325,7325,7325,0
2022-10-11 11:32:00,7325,7325,7325,7325,0
2022-10-11 11:33:00,7325,7325,7325,7325,0
2022-10-11 11:34:00,7325,7325,7325,7325,0
2022-10-11 11:35:00,7325,7325,7325,7325,0
2022-10-11 11:36:00,7325,7325,7325,7325,0
2022-10-11 11:37:00,7325,7325,7325,7325,0
2022-10-11 11:38:00,7325,7325,7325,7325,0
2022-10-11 11:39:00,7325,7325,7325,7325,0
2022-10-11 11:40:00,7325,7325,7325,7325,0
2022-10-11 11:41:00,7325,7325,7325,7325,0
2022-10-11 11:42:00,7325,7325,7325,7325,0
2022-10-11 11:43:00,7325,7325,7325,7325,0
2022-10-11 11:44:00,7325,7325,7325,7325,0
2022-10-11 11:45:00,7325,7325,7325,7325,0
2022-10-11 11:46:00,7325,7325,7325,7325,0
2022-10-11 11:47:00,7325,7325,7325,7325,0
2022-10-11 11:48:00,7325,7325,7325,7325,0
2022-10-11 11:49:00,7325,7325,7325,7325,0
2022-10-11 11:50:00,7325,7325,7325,7325,0
2022-10-11 11:51:00,7325,7325,7325,7325,0
2022-10-11 11:52:00,7325,7325,7325,7325,0
2022-10-11 11:53:00,7325,7325,7325,7325,0
2022-10-11 11:54:00,7325,7325,7325,7325,0
2022-10-11 11:55:00,7325,7325,7325,7325,0
2022-10-11 11:56:00,7325,7325,7325,7325,0
2022-10-11 11:57:00,7325,7325,7325,7325,0
2022-10-11 11:58:00,7325,7325,7325,7325,0
2022-10-11 11:59:00,7325,7325,7325,7325,0
2022-10-11 12:00:00,7325,7325,7325,7325,0
2022-10-11 12:01:00,7325,7325,7325,7325,0
2022-10-11 12:02:00,7325,7325,7325,7325,0
2022-10-11 12:03:00,7325,7325,7325,7325,0
2022-10-11 12:04:00,7325,7325,7325,7325,0
2022-10-11 12:05:00,7325,7325,7325,7325,0
2022-10-11 12:06:00,7325,7325,7325,7325,0
2022-10-11 12:07:00,7325,7325,7325,7325,0
2022-10-11 12:08:00,7325,7325,7325,7325,0
2022-10-11 12:09:00,7325,7325,7325,7325,0
2022-10-11 12:10:00,7325,7325,7325,7325,0
2022-10-11 12:11:00,7325,7325,7325,7325,0
2022-10-11 12:12:00,7325,7325,7325,7325,0
2022-10-11 12:13:00,7325,7325,7325,7325,0
2022-10-11 12:14:00,7325,7325,7325,7325,0
2022-10-11 12:15:00,7325,7325,7325,7325,0
2022-10-11 12:16:00,7325,7325,7325,7325,0
2022-10-11 12:17:00,7325,7325,7325,7325,0
2022-10-11 12:18:00,7325,7325,7325,7325,0
2022-10-11 12:19:00,7325,7325,7325,7325,0
2022-10-11 12:20:00,7325,7325,7325,7325,0
2022-10-11 12:21:00,7325,7325,7325,7325,0
2022-10-11 12:22:00,7325,7325,7325,7325,0
2022-10-11 12:23:00,7325,7325,7325,7325,0
2022-10-11 12:24:00,7325,7325,7325,7325,0
2022-10-11 12:25:00,7325,7325,7325,7325,0
2022-10-11 12:26:00,7325,7325,7325,7325,0
2022-10-11 12:27:00,7325,7325,7325,7325,0
2022-10-11 12:28:00,7325,7325,7325,7325,0
2022-10-11 12:29:00,7325,7325,7325,7325,0
2022-10-11 12:30:00,7325,7325,7325,7325,0
2022-10-11 12:31:00,7325,7325,7325,7325,0
2022-10-11 12:32:00,7325,7325,7325,7325,0
2022-10-11 12:33:00,7325,7325,7325,7325,0
2022-10-11 12:34:00,7325,7325,7325,7325,0
2022-10-11 12:35:00,7325,7325,7325,7325,0
2022-10-11 12:36:00,7325,7325,7325,7325,0
2022-10-11 12:37:00,7325,7325,7325,7325,0
2022-10-11 12:38:00,7325,7325,7325,7325,0
2022-10-11 12:39:00,7325,7325,7325,7325,0
2022-10-11 12:40:00,7325,7325,7325,7325,0
2022-10-11 12:41:00,7325,7325,7325,7325,0
2022-10-11 12:42:00,7325,7325,7325,7325,0
2022-10-11 12:43:00,7325,7325,7325,7325,0
2022-10-11 12:44:00,7325,7325,7325,7325,0
2022-10-11 12:45:00,7325,7325,7325,7325,0
2022-10-11 12:46:00,7325,7325,7325,7325,0
2022-10-11 12:47:00,7325,7325,7325,7325,0
2022-10-11 12:48:00,7325,7325,7325,7325,0
2022-10-11 12:49:00,7325,7325,7325,7325,0
2022-10-11 12:50:00,7325,7325,7325,7325,0
2022-10-11 12:51:00,7325,7325,7325,7325,0
2022-10-11 12:52:00,7325,7325,7325,7325,0
2022-10-11 12:53:00,7325,7325,7325,7325,0
2022-10-11 12:54:00,7325,7325,7325,7325,0
2022-10-11 12:55:00,7325,7325,7325,7325,0
2022-10-11 12:56:00,7325,7325,7325,7325,0
2022-10-11 12:57:00,7325,7325,7325,7325,0
2022-10-11 12:58:00,7325,7325,7325,7325,0
2022-10-11 12:59:00,7325,7325,7325,7325,0
2022-10-11 13:00:00,7325,7325,7325,7325,0
2022-10-11 13:01:00,7325,7325,7325,7325,0
2022-10-11 13:02:00,7325,7325,7325,7325,0
2022-10-11 13:03:00,7325,7325,7325,7325,0
2022-10-11 13:04:00,7325,7325,7325,7325,0
2022-10-11 13:05:00,7325,7325,7325,7325,0
2022-10-11 13:06:00,7325,7325,7325,7325,0
2022-10-11 13:07:00,7325,7325,7325,7325,0
2022-10-11 13:08:00,7325,7325,7325,7325,0
2022-10-11 13:09:00,7325,7325,7325,7325,0
2022-10-11 13:10:00,7325,7325,7325,7325,0
2022-10-11 13:11:00,7325,7325,7325,7325,0
2022-10-11 13:12:00,7325,7325,7325,7325,0
2022-10-11 13:13:00,7325,7325,7325,7325,0
2022-10-11 13:14:00,7325,7325,7325,7325,0
2022-10-11 13:15:00,7325,7325,7325,7325,0
2022-10-11 13:16:00,7325,7325,7325,7325,0
2022-10-11 13:17:00,7325,7325,7325,7325,0
2022-10-11 13:18:00,7325,7325,7325,7325,0
2022-10-11 13:19:00,7325,7325,7325,7325,0
2022-10-11 13:20:00,7325,7325,7325,7325,0
2022-10-11 13:21:00,7325,7325,7325,7325,0
2022-10-11 13:22:00,7325,7325,7325,7325,0
2022-10-11 13:23:00,7325,7325,7325,7325,0
2022-10-11 13:24:00,7325,7325,7325,7325,0
2022-10-11 13:25:00,7325,7325,7325,7325,0
2022-10-11 13:26:00,7325,7325,7325,7325,0
2022-10-11 13:27:00,7325,7325,7325,7325,0
2022-10-11 13:28:00,7325,7325,7325,7325,0
2022-10-11 13:29:00,7325,7325,7325,7325,0
2022-10-11 13:30:00,7325,7325,7325,7325,29100
2022-10-11 13:31:00,7325,7325,7325,7325,75100
2022-10-11 13:32:00,7300,7300,7325,7325,9300
2022-10-11 13:33:00,7325,7325,7325,7325,1000
2022-10-11 13:34:00,7325,7325,7325,7325,0
2022-10-11 13:35:00,7325,7325,7325,7325,0
2022-10-11 13:36:00,7325,7325,7325,7325,500
2022-10-11 13:37:00,7325,7325,7325,7325,0
2022-10-11 13:38:00,7325,7325,7325,7325,0
2022-10-11 13:39:00,7325,7325,7325,7325,0
2022-10-11 13:40:00,7350,7350,7350,7350,2300
2022-10-11 13:41:00,7350,7350,7350,7350,100
2022-10-11 13:42:00,7350,7350,7350,7350,200
2022-10-11 13:43:00,7350,7350,7350,7350,800
2022-10-11 13:44:00,7350,7350,7350,7350,200
2022-10-11 13:45:00,7350,7350,7350,7350,400
2022-10-11 13:46:00,7350,7350,7350,7350,700
2022-10-11 13:47:00,7350,7350,7350,7350,1500
2022-10-11 13:48:00,7350,7350,7350,7350,1600
2022-10-11 13:49:00,7350,7325,7350,7350,18800
2022-10-11 13:50:00,7350,7350,7350,7350,18200
2022-10-11 13:51:00,7350,7325,7375,7375,29700
2022-10-11 13:52:00,7375,7375,7375,7375,3900
2022-10-11 13:53:00,7375,7375,7375,7375,300
2022-10-11 13:54:00,7375,7375,7375,7375,0
2022-10-11 13:55:00,7375,7375,7375,7375,400
2022-10-11 13:56:00,7375,7375,7375,7375,0
2022-10-11 13:57:00,7375,7375,7375,7375,0
2022-10-11 13:58:00,7325,7325,7325,7325,15000
2022-10-11 13:59:00,7325,7325,7325,7325,0
2022-10-11 14:00:00,7325,7325,7350,7350,4400
2022-10-11 14:01:00,7350,7325,7350,7325,3700
2022-10-11 14:02:00,7350,7350,7350,7350,1200
2022-10-11 14:03:00,7350,7350,7350,7350,0
2022-10-11 14:04:00,7350,7350,7350,7350,0
2022-10-11 14:05:00,7325,7325,7325,7325,1900
2022-10-11 14:06:00,7325,7325,7325,7325,0
2022-10-11 14:07:00,7350,7350,7350,7350,0
2022-10-11 14:08:00,7325,7325,7325,7325,1200
2022-10-11 14:09:00,7325,7325,7350,7350,68400
2022-10-11 14:10:00,7325,7325,7350,7350,0
2022-10-11 14:11:00,7350,7350,7350,7350,6200
2022-10-11 14:12:00,7350,7350,7350,7350,0
2022-10-11 14:13:00,7350,7350,7350,7350,1900
2022-10-11 14:14:00,7350,7350,7350,7350,0
2022-10-11 14:15:00,7350,7350,7350,7350,0
2022-10-11 14:16:00,7350,7350,7350,7350,0
2022-10-11 14:17:00,7350,7350,7350,7350,0
2022-10-11 14:18:00,7350,7350,7350,7350,0
2022-10-11 14:19:00,7350,7350,7350,7350,0
2022-10-11 14:20:00,7350,7350,7350,7350,0
2022-10-11 14:21:00,7350,7350,7350,7350,0
2022-10-11 14:22:00,7350,7350,7350,7350,1000
2022-10-11 14:23:00,7325,7325,7325,7325,3800
2022-10-11 14:24:00,7350,7325,7350,7325,10100
2022-10-11 14:25:00,7325,7275,7325,7275,203200
2022-10-11 14:26:00,7275,7275,7275,7275,18500
2022-10-11 14:27:00,7250,7250,7250,7250,200
2022-10-11 14:28:00,7250,7250,7275,7275,7700
2022-10-11 14:29:00,7275,7275,7275,7275,17400
2022-10-11 14:30:00,7325,7300,7325,7300,16500
2022-10-11 14:31:00,7300,7300,7300,7300,0
2022-10-11 14:32:00,7300,7300,7300,7300,3900
2022-10-11 14:33:00,7300,7300,7300,7300,23600
2022-10-11 14:34:00,7300,7300,7300,7300,0
2022-10-11 14:35:00,7300,7300,7300,7300,10000
2022-10-11 14:36:00,7300,7300,7300,7300,0
2022-10-11 14:37:00,7300,7300,7300,7300,22100
2022-10-11 14:38:00,7300,7300,7300,7300,11400
2022-10-11 14:39:00,7300,7275,7325,7325,6200
2022-10-11 14:40:00,7300,7300,7300,7300,20800
2022-10-11 14:41:00,7300,7300,7300,7300,22900
2022-10-11 14:42:00,7300,7275,7300,7300,1700
2022-10-11 14:43:00,7300,7300,7300,7300,28900
2022-10-11 14:44:00,7300,7300,7300,7300,16800
2022-10-11 14:45:00,7300,7300,7300,7300,4900
2022-10-11 14:46:00,7300,7275,7300,7275,52000
2022-10-11 14:47:00,7300,7300,7300,7300,0
2022-10-11 14:48:00,7300,7300,7300,7300,13200
2022-10-11 14:49:00,7300,7300,7300,7300,0
2022-10-11 14:50:00,7300,7300,7300,7300,0
2022-10-11 14:51:00,7300,7300,7300,7300,0
2022-10-11 14:52:00,7300,7300,7300,7300,0
2022-10-11 14:53:00,7300,7300,7300,7300,0
2022-10-11 14:54:00,7300,7300,7300,7300,0
2022-10-11 14:55:00,7300,7300,7300,7300,0
2022-10-11 14:56:00,7300,7300,7300,7300,0
2022-10-11 14:57:00,7300,7300,7300,7300,0
2022-10-11 14:58:00,7300,7300,7300,7300,0
2022-10-11 14:59:00,7300,7300,7300,7300,0
2022-10-11 15:00:00,7275,7275,7275,7275,178000
2022-10-11 15:01:00,7275,7275,7275,7275,17100
2022-10-11 15:02:00,7275,7275,7275,7275,5900
2022-10-11 15:03:00,7275,7275,7275,7275,0
2022-10-11 15:04:00,7275,7275,7275,7275,6700
2022-10-11 15:05:00,7275,7275,7275,7275,700
2022-10-11 15:06:00,7275,7275,7275,7275,0
2022-10-11 15:07:00,7275,7275,7275,7275,0
2022-10-11 15:08:00,7275,7275,7275,7275,300
2022-10-11 15:09:00,7275,7275,7275,7275,1800
2022-10-11 15:10:00,7275,7275,7275,7275,5000
2022-10-11 15:11:00,7275,7275,7275,7275,200
2022-10-11 15:12:00,7275,7275,7275,7275,0
2022-10-11 15:13:00,7275,7275,7275,7275,500
2022-10-11 15:14:00,7275,7275,7275,7275,2466300
2022-10-11 15:15:00,7275,7275,7275,7275,0
2022-10-11 15:16:00,7275,7275,7275,7275,0
2022-10-11 15:17:00,7275,7275,7275,7275,0
2022-10-11 15:18:00,7275,7275,7275,7275,0
2022-10-11 15:19:00,7275,7275,7275,7275,0
2022-10-11 15:20:00,7275,7275,7275,7275,0
2022-10-11 15:21:00,7275,7275,7275,7275,0
2022-10-11 15:22:00,7275,7275,7275,7275,0
2022-10-11 15:23:00,7275,7275,7275,7275,0
2022-10-11 15:24:00,7275,7275,7275,7275,0
2022-10-11 15:25:00,7275,7275,7275,7275,0
2022-10-11 15:26:00,7275,7275,7275,7275,0
2022-10-11 15:27:00,7275,7275,7275,7275,0
2022-10-11 15:28:00,7275,7275,7275,7275,0
2022-10-11 15:29:00,7275,7275,7275,7275,0
2022-10-11 15:30:00,7275,7275,7275,7275,0
2022-10-11 15:31:00,7275,7275,7275,7275,0
2022-10-11 15:32:00,7275,7275,7275,7275,0
2022-10-11 15:33:00,7275,7275,7275,7275,0
2022-10-11 15:34:00,7275,7275,7275,7275,0
2022-10-11 15:35:00,7275,7275,7275,7275,0
2022-10-11 15:36:00,7275,7275,7275,7275,0
2022-10-11 15:37:00,7275,7275,7275,7275,0
2022-10-11 15:38:00,7275,7275,7275,7275,0
2022-10-11 15:39:00,7275,7275,7275,7275,0
2022-10-11 15:40:00,7275,7275,7275,7275,0
2022-10-11 15:41:00,7275,7275,7275,7275,0
2022-10-11 15:42:00,7275,7275,7275,7275,0
2022-10-11 15:43:00,7275,7275,7275,7275,0
2022-10-11 15:44:00,7275,7275,7275,7275,0
2022-10-11 15:45:00,7275,7275,7275,7275,0
2022-10-11 15:46:00,7275,7275,7275,7275,0
2022-10-11 15:47:00,7275,7275,7275,7275,0
2022-10-11 15:48:00,7275,7275,7275,7275,0
2022-10-11 15:49:00,7275,7275,7275,7275,0
2022-10-11 15:50:00,7275,7275,7275,7275,0
2022-10-11 15:51:00,7275,7275,7275,7275,0
2022-10-11 15:52:00,7275,7275,7275,7275,0
2022-10-11 15:53:00,7275,7275,7275,7275,0
2022-10-11 15:54:00,7275,7275,7275,7275,0
2022-10-11 15:55:00,7275,7275,7275,7275,0
2022-10-11 15:56:00,7275,7275,7275,7275,0
2022-10-11 15:57:00,7275,7275,7275,7275,0
2022-10-11 15:58:00,7275,7275,7275,7275,0
2022-10-11 15:59:00,7275,7275,7275,7275,0
2022-10-12 09:00:00,7275,7250,7300,7275,0
2022-10-12 09:01:00,7275,7275,7300,7300,23200
2022-10-12 09:02:00,7300,7300,7300,7300,100
2022-10-12 09:03:00,7325,7325,7325,7325,200
2022-10-12 09:04:00,7325,7325,7350,7350,5900
2022-10-12 09:05:00,7350,7325,7375,7350,6400
2022-10-12 09:06:00,7350,7325,7350,7325,4700
2022-10-12 09:07:00,7350,7350,7350,7350,300
2022-10-12 09:08:00,7350,7350,7350,7350,45900
2022-10-12 09:09:00,7350,7350,7350,7350,9600
2022-10-12 09:10:00,7350,7350,7350,7350,400
2022-10-12 09:11:00,7350,7350,7375,7375,15500
2022-10-12 09:12:00,7375,7350,7400,7400,32300
2022-10-12 09:13:00,7400,7400,7400,7400,500
2022-10-12 09:14:00,7400,7400,7400,7400,1400
2022-10-12 09:15:00,7400,7375,7425,7425,40500
2022-10-12 09:16:00,7400,7400,7400,7400,5300
2022-10-12 09:17:00,7425,7400,7425,7400,15200
2022-10-12 09:18:00,7400,7400,7425,7425,0
2022-10-12 09:19:00,7425,7425,7425,7425,46800
2022-10-12 09:20:00,7425,7400,7425,7400,3200
2022-10-12 09:21:00,7425,7425,7425,7425,4200
2022-10-12 09:22:00,7425,7425,7425,7425,29300
2022-10-12 09:23:00,7425,7425,7425,7425,400
2022-10-12 09:24:00,7425,7425,7425,7425,0
2022-10-12 09:25:00,7425,7400,7425,7400,13100
2022-10-12 09:26:00,7425,7400,7425,7400,41900
2022-10-12 09:27:00,7400,7400,7400,7400,10200
2022-10-12 09:28:00,7400,7400,7400,7400,0
2022-10-12 09:29:00,7400,7375,7400,7375,22400
2022-10-12 09:30:00,7375,7375,7375,7375,3800
2022-10-12 09:31:00,7375,7375,7375,7375,6200
2022-10-12 09:32:00,7375,7375,7375,7375,13200
2022-10-12 09:33:00,7375,7375,7375,7375,900
2022-10-12 09:34:00,7375,7375,7375,7375,900
2022-10-12 09:35:00,7375,7375,7375,7375,0
2022-10-12 09:36:00,7375,7375,7375,7375,2900
2022-10-12 09:37:00,7350,7350,7350,7350,8100
2022-10-12 09:38:00,7350,7350,7350,7350,9800
2022-10-12 09:39:00,7350,7350,7350,7350,4000
2022-10-12 09:40:00,7350,7350,7350,7350,13000
2022-10-12 09:41:00,7350,7350,7350,7350,0
2022-10-12 09:42:00,7350,7350,7375,7375,4400
2022-10-12 09:43:00,7375,7350,7375,7375,4100
2022-10-12 09:44:00,7375,7350,7375,7375,2000
2022-10-12 09:45:00,7350,7350,7375,7375,1500
2022-10-12 09:46:00,7375,7350,7375,7375,1000
2022-10-12 09:47:00,7375,7375,7375,7375,7000
2022-10-12 09:48:00,7375,7375,7375,7375,2100
2022-10-12 09:49:00,7350,7350,7375,7350,3500
2022-10-12 09:50:00,7375,7375,7375,7375,0
2022-10-12 09:51:00,7350,7350,7350,7350,8400
2022-10-12 09:52:00,7350,7350,7350,7350,0
2022-10-12 09:53:00,7350,7350,7375,7350,10800
2022-10-12 09:54:00,7350,7350,7375,7350,0
2022-10-12 09:55:00,7350,7325,7350,7325,38000
2022-10-12 09:56:00,7325,7300,7350,7300,131700
2022-10-12 09:57:00,7300,7300,7325,7325,17500
2022-10-12 09:58:00,7300,7300,7325,7325,0
2022-10-12 09:59:00,7325,7300,7325,7300,34300
2022-10-12 10:00:00,7300,7300,7300,7300,1900
2022-10-12 10:01:00,7300,7300,7325,7325,1600
2022-10-12 10:02:00,7300,7300,7325,7325,0
2022-10-12 10:03:00,7300,7300,7325,7300,25000
2022-10-12 10:04:00,7275,7275,7325,7325,9400
2022-10-12 10:05:00,7325,7325,7325,7325,500
2022-10-12 10:06:00,7300,7300,7300,7300,4500
2022-10-12 10:07:00,7300,7300,7300,7300,200
2022-10-12 10:08:00,7275,7275,7300,7300,200
2022-10-12 10:09:00,7300,7275,7300,7275,3800
2022-10-12 10:10:00,7300,7275,7325,7300,101000
2022-10-12 10:11:00,7300,7300,7300,7300,200
2022-10-12 10:12:00,7300,7300,7300,7300,100
2022-10-12 10:13:00,7300,7300,7300,7300,1600
2022-10-12 10:14:00,7300,7275,7300,7275,14100
2022-10-12 10:15:00,7250,7250,7275,7275,34000
2022-10-12 10:16:00,7275,7275,7300,7300,2200
2022-10-12 10:17:00,7275,7250,7300,7275,17000
2022-10-12 10:18:00,7250,7250,7325,7325,150600
2022-10-12 10:19:00,7325,7325,7325,7325,400
2022-10-12 10:20:00,7275,7275,7300,7300,300
2022-10-12 10:21:00,7300,7300,7300,7300,4300
2022-10-12 10:22:00,7300,7300,7300,7300,1000
2022-10-12 10:23:00,7275,7275,7300,7300,7300
2022-10-12 10:24:00,7300,7275,7300,7300,17900
2022-10-12 10:25:00,7275,7250,7275,7250,300
2022-10-12 10:26:00,7250,7225,7275,7250,47600
2022-10-12 10:27:00,7250,7225,7300,7275,40000
2022-10-12 10:28:00,7250,7250,7275,7275,8500
2022-10-12 10:29:00,7250,7250,7250,7250,200
2022-10-12 10:30:00,7275,7275,7275,7275,100
2022-10-12 10:31:00,7250,7225,7275,7275,10700
2022-10-12 10:32:00,7250,7225,7250,7250,2000
2022-10-12 10:33:00,7250,7200,7250,7250,31000
2022-10-12 10:34:00,7225,7200,7250,7250,27200
2022-10-12 10:35:00,7250,7225,7250,7225,1900
2022-10-12 10:36:00,7225,7175,7250,7225,175600
2022-10-12 10:37:00,7200,7175,7225,7225,14500
2022-10-12 10:38:00,7225,7175,7225,7200,39500
2022-10-12 10:39:00,7200,7200,7225,7225,11100
2022-10-12 10:40:00,7225,7225,7275,7275,58400
2022-10-12 10:41:00,7275,7275,7300,7300,23600
2022-10-12 10:42:00,7300,7300,7300,7300,100
2022-10-12 10:43:00,7300,7300,7300,7300,0
2022-10-12 10:44:00,7300,7300,7300,7300,0
2022-10-12 10:45:00,7300,7300,7300,7300,1300
2022-10-12 10:46:00,7300,7300,7300,7300,1700
2022-10-12 10:47:00,7300,7300,7300,7300,0
2022-10-12 10:48:00,7275,7275,7300,7300,16500
2022-10-12 10:49:00,7275,7275,7300,7300,800
2022-10-12 10:50:00,7275,7275,7300,7300,2200
2022-10-12 10:51:00,7275,7275,7300,7300,0
2022-10-12 10:52:00,7275,7275,7300,7300,0
2022-10-12 10:53:00,7275,7275,7300,7300,0
2022-10-12 10:54:00,7300,7300,7300,7300,2800
2022-10-12 10:55:00,7275,7275,7300,7300,900
2022-10-12 10:56:00,7300,7275,7300,7300,3800
2022-10-12 10:57:00,7300,7275,7300,7275,500
2022-10-12 10:58:00,7300,7300,7300,7300,1900
2022-10-12 10:59:00,7300,7275,7300,7300,700
2022-10-12 11:00:00,7300,7300,7300,7300,900
2022-10-12 11:01:00,7275,7275,7275,7275,200
2022-10-12 11:02:00,7300,7300,7300,7300,400
2022-10-12 11:03:00,7300,7300,7300,7300,0
2022-10-12 11:04:00,7275,7275,7300,7300,300
2022-10-12 11:05:00,7300,7275,7300,7300,600
2022-10-12 11:06:00,7300,7300,7300,7300,600
2022-10-12 11:07:00,7300,7300,7300,7300,200
2022-10-12 11:08:00,7275,7275,7300,7300,14900
2022-10-12 11:09:00,7300,7300,7300,7300,0
2022-10-12 11:10:00,7300,7300,7300,7300,200
2022-10-12 11:11:00,7275,7275,7300,7300,2000
2022-10-12 11:12:00,7300,7300,7300,7300,200
2022-10-12 11:13:00,7300,7275,7300,7300,600
2022-10-12 11:14:00,7300,7300,7325,7325,43200
2022-10-12 11:15:00,7300,7300,7325,7325,0
2022-10-12 11:16:00,7325,7300,7325,7300,11500
2022-10-12 11:17:00,7325,7300,7325,7300,0
2022-10-12 11:18:00,7325,7300,7325,7300,12400
2022-10-12 11:19:00,7300,7300,7300,7300,1800
2022-10-12 11:20:00,7300,7300,7300,7300,1600
2022-10-12 11:21:00,7300,7300,7300,7300,3800
2022-10-12 11:22:00,7300,7300,7325,7300,3500
2022-10-12 11:23:00,7300,7300,7300,7300,0
2022-10-12 11:24:00,7325,7325,7325,7325,300
2022-10-12 11:25:00,7300,7300,7300,7300,700
2022-10-12 11:26:00,7325,7325,7325,7325,200
2022-10-12 11:27:00,7325,7325,7325,7325,100
2022-10-12 11:28:00,7325,7325,7325,7325,1500
2022-10-12 11:29:00,7325,7325,7325,7325,0
2022-10-12 11:30:00,7325,7325,7325,7325,0
2022-10-12 11:31:00,7325,7325,7325,7325,0
2022-10-12 11:32:00,7325,7325,7325,7325,0
2022-10-12 11:33:00,7325,7325,7325,7325,0
2022-10-12 11:34:00,7325,7325,7325,7325,0
2022-10-12 11:35:00,7325,7325,7325,7325,0
2022-10-12 11:36:00,7325,7325,7325,7325,0
2022-10-12 11:37:00,7325,7325,7325,7325,0
2022-10-12 11:38:00,7325,7325,7325,7325,0
2022-10-12 11:39:00,7325,7325,7325,7325,0
2022-10-12 11:40:00,7325,7325,7325,7325,0
2022-10-12 11:41:00,7325,7325,7325,7325,0
2022-10-12 11:42:00,7325,7325,7325,7325,0
2022-10-12 11:43:00,7325,7325,7325,7325,0
2022-10-12 11:44:00,7325,7325,7325,7325,0
2022-10-12 11:45:00,7325,7325,7325,7325,0
2022-10-12 11:46:00,7325,7325,7325,7325,0
2022-10-12 11:47:00,7325,7325,7325,7325,0
2022-10-12 11:48:00,7325,7325,7325,7325,0
2022-10-12 11:49:00,7325,7325,7325,7325,0
2022-10-12 11:50:00,7325,7325,7325,7325,0
2022-10-12 11:51:00,7325,7325,7325,7325,0
2022-10-12 11:52:00,7325,7325,7325,7325,0
2022-10-12 11:53:00,7325,7325,7325,7325,0
2022-10-12 11:54:00,7325,7325,7325,7325,0
2022-10-12 11:55:00,7325,7325,7325,7325,0
2022-10-12 11:56:00,7325,7325,7325,7325,0
2022-10-12 11:57:00,7325,7325,7325,7325,0
2022-10-12 11:58:00,7325,7325,7325,7325,0
2022-10-12 11:59:00,7325,7325,7325,7325,0
2022-10-12 12:00:00,7325,7325,7325,7325,0
2022-10-12 12:01:00,7325,7325,7325,7325,0
2022-10-12 12:02:00,7325,7325,7325,7325,0
2022-10-12 12:03:00,7325,7325,7325,7325,0
2022-10-12 12:04:00,7325,7325,7325,7325,0
2022-10-12 12:05:00,7325,7325,7325,7325,0
2022-10-12 12:06:00,7325,7325,7325,7325,0
2022-10-12 12:07:00,7325,7325,7325,7325,0
2022-10-12 12:08:00,7325,7325,7325,7325,0
2022-10-12 12:09:00,7325,7325,7325,7325,0
2022-10-12 12:10:00,7325,7325,7325,7325,0
2022-10-12 12:11:00,7325,7325,7325,7325,0
2022-10-12 12:12:00,7325,7325,7325,7325,0
2022-10-12 12:13:00,7325,7325,7325,7325,0
2022-10-12 12:14:00,7325,7325,7325,7325,0
2022-10-12 12:15:00,7325,7325,7325,7325,0
2022-10-12 12:16:00,7325,7325,7325,7325,0
2022-10-12 12:17:00,7325,7325,7325,7325,0
2022-10-12 12:18:00,7325,7325,7325,7325,0
2022-10-12 12:19:00,7325,7325,7325,7325,0
2022-10-12 12:20:00,7325,7325,7325,7325,0
2022-10-12 12:21:00,7325,7325,7325,7325,0
2022-10-12 12:22:00,7325,7325,7325,7325,0
2022-10-12 12:23:00,7325,7325,7325,7325,0
2022-10-12 12:24:00,7325,7325,7325,7325,0
2022-10-12 12:25:00,7325,7325,7325,7325,0
2022-10-12 12:26:00,7325,7325,7325,7325,0
2022-10-12 12:27:00,7325,7325,7325,7325,0
2022-10-12 12:28:00,7325,7325,7325,7325,0
2022-10-12 12:29:00,7325,7325,7325,7325,0
2022-10-12 12:30:00,7325,7325,7325,7325,0
2022-10-12 12:31:00,7325,7325,7325,7325,0
2022-10-12 12:32:00,7325,7325,7325,7325,0
2022-10-12 12:33:00,7325,7325,7325,7325,0
2022-10-12 12:34:00,7325,7325,7325,7325,0
2022-10-12 12:35:00,7325,7325,7325,7325,0
2022-10-12 12:36:00,7325,7325,7325,7325,0
2022-10-12 12:37:00,7325,7325,7325,7325,0
2022-10-12 12:38:00,7325,7325,7325,7325,0
2022-10-12 12:39:00,7325,7325,7325,7325,0
2022-10-12 12:40:00,7325,7325,7325,7325,0
2022-10-12 12:41:00,7325,7325,7325,7325,0
2022-10-12 12:42:00,7325,7325,7325,7325,0
2022-10-12 12:43:00,7325,7325,7325,7325,0
2022-10-12 12:44:00,7325,7325,7325,7325,0
2022-10-12 12:45:00,7325,7325,7325,7325,0
2022-10-12 12:46:00,7325,7325,7325,7325,0
2022-10-12 12:47:00,7325,7325,7325,7325,0
2022-10-12 12:48:00,7325,7325,7325,7325,0
2022-10-12 12:49:00,7325,7325,7325,7325,0
2022-10-12 12:50:00,7325,7325,7325,7325,0
2022-10-12 12:51:00,7325,7325,7325,7325,0
2022-10-12 12:52:00,7325,7325,7325,7325,0
2022-10-12 12:53:00,7325,7325,7325,7325,0
2022-10-12 12:54:00,7325,7325,7325,7325,0
2022-10-12 12:55:00,7325,7325,7325,7325,0
2022-10-12 12:56:00,7325,7325,7325,7325,0
2022-10-12 12:57:00,7325,7325,7325,7325,0
2022-10-12 12:58:00,7325,7325,7325,7325,0
2022-10-12 12:59:00,7325,7325,7325,7325,0
2022-10-12 13:00:00,7325,7325,7325,7325,0
2022-10-12 13:01:00,7325,7325,7325,7325,0
2022-10-12 13:02:00,7325,7325,7325,7325,0
2022-10-12 13:03:00,7325,7325,7325,7325,0
2022-10-12 13:04:00,7325,7325,7325,7325,0
2022-10-12 13:05:00,7325,7325,7325,7325,0
2022-10-12 13:06:00,7325,7325,7325,7325,0
2022-10-12 13:07:00,7325,7325,7325,7325,0
2022-10-12 13:08:00,7325,7325,7325,7325,0
2022-10-12 13:09:00,7325,7325,7325,7325,0
2022-10-12 13:10:00,7325,7325,7325,7325,0
2022-10-12 13:11:00,7325,7325,7325,7325,0
2022-10-12 13:12:00,7325,7325,7325,7325,0
2022-10-12 13:13:00,7325,7325,7325,7325,0
2022-10-12 13:14:00,7325,7325,7325,7325,0
2022-10-12 13:15:00,7325,7325,7325,7325,0
2022-10-12 13:16:00,7325,7325,7325,7325,0
2022-10-12 13:17:00,7325,7325,7325,7325,0
2022-10-12 13:18:00,7325,7325,7325,7325,0
2022-10-12 13:19:00,7325,7325,7325,7325,0
2022-10-12 13:20:00,7325,7325,7325,7325,0
2022-10-12 13:21:00,7325,7325,7325,7325,0
2022-10-12 13:22:00,7325,7325,7325,7325,0
2022-10-12 13:23:00,7325,7325,7325,7325,0
2022-10-12 13:24:00,7325,7325,7325,7325,0
2022-10-12 13:25:00,7325,7325,7325,7325,0
2022-10-12 13:26:00,7325,7325,7325,7325,0
2022-10-12 13:27:00,7325,7325,7325,7325,0
2022-10-12 13:28:00,7325,7325,7325,7325,0
2022-10-12 13:29:00,7325,7325,7325,7325,0
2022-10-12 13:30:00,7300,7300,7325,7300,5800
2022-10-12 13:31:00,7300,7300,7300,7300,1100
2022-10-12 13:32:00,7300,7300,7300,7300,0
2022-10-12 13:33:00,7300,7300,7300,7300,600
2022-10-12 13:34:00,7325,7300,7325,7300,2300
2022-10-12 13:35:00,7325,7300,7325,7325,200
2022-10-12 13:36:00,7300,7300,7300,7300,18900
2022-10-12 13:37:00,7300,7275,7300,7300,21000
2022-10-12 13:38:00,7300,7300,7300,7300,16500
2022-10-12 13:39:00,7300,7300,7300,7300,0
2022-10-12 13:40:00,7300,7300,7300,7300,0
2022-10-12 13:41:00,7300,7300,7300,7300,0
2022-10-12 13:42:00,7300,7300,7300,7300,0
2022-10-12 13:43:00,7300,7300,7300,7300,16900
2022-10-12 13:44:00,7300,7300,7325,7325,82300
2022-10-12 13:45:00,7350,7325,7350,7325,500
2022-10-12 13:46:00,7350,7325,7350,7325,0
2022-10-12 13:47:00,7325,7325,7325,7325,100
2022-10-12 13:48:00,7325,7300,7325,7325,3000
2022-10-12 13:49:00,7325,7300,7325,7325,0
2022-10-12 13:50:00,7325,7325,7325,7325,200
2022-10-12 13:51:00,7325,7325,7325,7325,100
2022-10-12 13:52:00,7325,7325,7325,7325,0
2022-10-12 13:53:00,7325,7300,7325,7325,1950700
2022-10-12 13:54:00,7300,7300,7300,7300,0
2022-10-12 13:55:00,7300,7300,7300,7300,800
2022-10-12 13:56:00,7300,7300,7300,7300,0
2022-10-12 13:57:00,7300,7300,7325,7325,3900
2022-10-12 13:58:00,7300,7300,7300,7300,0
2022-10-12 13:59:00,7300,7300,7300,7300,1000
2022-10-12 14:00:00,7325,7325,7325,7325,0
2022-10-12 14:01:00,7325,7325,7325,7325,0
2022-10-12 14:02:00,7325,7325,7325,7325,0
2022-10-12 14:03:00,7300,7300,7300,7300,18800
2022-10-12 14:04:00,7325,7325,7325,7325,400
2022-10-12 14:05:00,7300,7275,7300,7300,20700
2022-10-12 14:06:00,7300,7300,7300,7300,10400
2022-10-12 14:07:00,7300,7300,7300,7300,400
2022-10-12 14:08:00,7325,7325,7325,7325,28400
2022-10-12 14:09:00,7325,7325,7325,7325,1800
2022-10-12 14:10:00,7325,7325,7325,7325,0
2022-10-12 14:11:00,7300,7300,7300,7300,10900
2022-10-12 14:12:00,7300,7300,7300,7300,7400
2022-10-12 14:13:00,7300,7300,7300,7300,300
2022-10-12 14:14:00,7275,7275,7300,7300,2900
2022-10-12 14:15:00,7300,7300,7300,7300,1500
2022-10-12 14:16:00,7300,7300,7325,7325,35000
2022-10-12 14:17:00,7300,7300,7325,7325,0
2022-10-12 14:18:00,7300,7300,7300,7300,16800
2022-10-12 14:19:00,7325,7325,7325,7325,0
2022-10-12 14:20:00,7325,7325,7325,7325,0
2022-10-12 14:21:00,7325,7325,7325,7325,0
2022-10-12 14:22:00,7300,7300,7300,7300,33600
2022-10-12 14:23:00,7300,7300,7300,7300,0
2022-10-12 14:24:00,7300,7300,7300,7300,0
2022-10-12 14:25:00,7300,7300,7300,7300,1400
2022-10-12 14:26:00,7325,7325,7325,7325,1300
2022-10-12 14:27:00,7300,7300,7300,7300,600
2022-10-12 14:28:00,7300,7300,7300,7300,0
2022-10-12 14:29:00,7300,7300,7300,7300,0
2022-10-12 14:30:00,7300,7300,7300,7300,1400
2022-10-12 14:31:00,7300,7300,7300,7300,0
2022-10-12 14:32:00,7300,7275,7300,7300,4600
2022-10-12 14:33:00,7300,7300,7300,7300,300
2022-10-12 14:34:00,7300,7300,7300,7300,6600
2022-10-12 14:35:00,7275,7275,7300,7300,4300
2022-10-12 14:36:00,7275,7275,7300,7300,34100
2022-10-12 14:37:00,7300,7300,7300,7300,1500
2022-10-12 14:38:00,7275,7275,7300,7275,26500
2022-10-12 14:39:00,7275,7250,7275,7275,1500
2022-10-12 14:40:00,7275,7275,7275,7275,3600
2022-10-12 14:41:00,7275,7275,7275,7275,300
2022-10-12 14:42:00,7250,7225,7275,7250,77800
2022-10-12 14:43:00,7250,7225,7250,7225,11400
2022-10-12 14:44:00,7225,7225,7250,7250,3400
2022-10-12 14:45:00,7225,7225,7250,7250,30000
2022-10-12 14:46:00,7250,7225,7275,7275,37800
2022-10-12 14:47:00,7275,7250,7275,7275,33800
2022-10-12 14:48:00,7275,7250,7275,7250,2000
2022-10-12 14:49:00,7250,7225,7275,7275,1400
2022-10-12 14:50:00,7250,7225,7275,7275,0
2022-10-12 14:51:00,7250,7225,7275,7275,0
2022-10-12 14:52:00,7250,7225,7275,7275,0
2022-10-12 14:53:00,7250,7225,7275,7275,0
2022-10-12 14:54:00,7250,7225,7275,7275,0
2022-10-12 14:55:00,7250,7225,7275,7275,0
2022-10-12 14:56:00,7250,7225,7275,7275,0
2022-10-12 14:57:00,7250,7225,7275,7275,0
2022-10-12 14:58:00,7250,7225,7275,7275,0
2022-10-12 14:59:00,7250,7225,7275,7275,0
2022-10-12 15:00:00,7225,7225,7225,7225,48000
2022-10-12 15:01:00,7225,7225,7225,7225,2800
2022-10-12 15:02:00,7225,7225,7225,7225,4400
2022-10-12 15:03:00,7225,7225,7225,7225,55300
2022-10-12 15:04:00,7225,7225,7225,7225,1600
2022-10-12 15:05:00,7225,7225,7225,7225,1900
2022-10-12 15:06:00,7225,7225,7225,7225,0
2022-10-12 15:07:00,7225,7225,7225,7225,20500
2022-10-12 15:08:00,7225,7225,7225,7225,0
2022-10-12 15:09:00,7225,7225,7225,7225,900
2022-10-12 15:10:00,7225,7225,7225,7225,0
2022-10-12 15:11:00,7225,7225,7225,7225,3500
2022-10-12 15:12:00,7225,7225,7225,7225,0
2022-10-12 15:13:00,7225,7225,7225,7225,0
2022-10-12 15:14:00,7225,7225,7225,7225,2561700
2022-10-12 15:15:00,7225,7225,7225,7225,0
2022-10-12 15:16:00,7225,7225,7225,7225,0
2022-10-12 15:17:00,7225,7225,7225,7225,0
2022-10-12 15:18:00,7225,7225,7225,7225,0
2022-10-12 15:19:00,7225,7225,7225,7225,0
2022-10-12 15:20:00,7225,7225,7225,7225,0
2022-10-12 15:21:00,7225,7225,7225,7225,0
2022-10-12 15:22:00,7225,7225,7225,7225,0
2022-10-12 15:23:00,7225,7225,7225,7225,0
2022-10-12 15:24:00,7225,7225,7225,7225,0
2022-10-12 15:25:00,7225,7225,7225,7225,0
2022-10-12 15:26:00,7225,7225,7225,7225,0
2022-10-12 15:27:00,7225,7225,7225,7225,0
2022-10-12 15:28:00,7225,7225,7225,7225,0
2022-10-12 15:29:00,7225,7225,7225,7225,0
2022-10-12 15:30:00,7225,7225,7225,7225,0
2022-10-12 15:31:00,7225,7225,7225,7225,0
2022-10-12 15:32:00,7225,7225,7225,7225,0
2022-10-12 15:33:00,7225,7225,7225,7225,0
2022-10-12 15:34:00,7225,7225,7225,7225,0
2022-10-12 15:35:00,7225,7225,7225,7225,0
2022-10-12 15:36:00,7225,7225,7225,7225,0
2022-10-12 15:37:00,7225,7225,7225,7225,0
2022-10-12 15:38:00,7225,7225,7225,7225,0
2022-10-12 15:39:00,7225,7225,7225,7225,0
2022-10-12 15:40:00,7225,7225,7225,7225,0
2022-10-12 15:41:00,7225,7225,7225,7225,0
2022-10-12 15:42:00,7225,7225,7225,7225,0
2022-10-12 15:43:00,7225,7225,7225,7225,0
2022-10-12 15:44:00,7225,7225,7225,7225,0
2022-10-12 15:45:00,7225,7225,7225,7225,0
2022-10-12 15:46:00,7225,7225,7225,7225,0
2022-10-12 15:47:00,7225,7225,7225,7225,0
2022-10-12 15:48:00,7225,7225,7225,7225,0
2022-10-12 15:49:00,7225,7225,7225,7225,0
2022-10-12 15:50:00,7225,7225,7225,7225,0
2022-10-12 15:51:00,7225,7225,7225,7225,0
2022-10-12 15:52:00,7225,7225,7225,7225,0
2022-10-12 15:53:00,7225,7225,7225,7225,0
2022-10-12 15:54:00,7225,7225,7225,7225,0
2022-10-12 15:55:00,7225,7225,7225,7225,0
2022-10-12 15:56:00,7225,7225,7225,7225,0
2022-10-12 15:57:00,7225,7225,7225,7225,0
2022-10-12 15:58:00,7225,7225,7225,7225,0
2022-10-12 15:59:00,7225,7225,7225,7225,0
2022-10-13 09:00:00,7225,7225,7275,7250,0
2022-10-13 09:01:00,7250,7250,7250,7250,600
2022-10-13 09:02:00,7275,7250,7275,7250,11600
2022-10-13 09:03:00,7250,7250,7250,7250,8600
2022-10-13 09:04:00,7250,7250,7300,7275,15800
2022-10-13 09:05:00,7275,7275,7300,7300,27300
2022-10-13 09:06:00,7300,7300,7300,7300,500
2022-10-13 09:07:00,7300,7300,7300,7300,11900
2022-10-13 09:08:00,7300,7300,7300,7300,8600
2022-10-13 09:09:00,7275,7250,7300,7250,13100
2022-10-13 09:10:00,7275,7275,7275,7275,9900
2022-10-13 09:11:00,7275,7250,7275,7250,17600
2022-10-13 09:12:00,7250,7250,7275,7250,9800
2022-10-13 09:13:00,7275,7275,7275,7275,0
2022-10-13 09:14:00,7275,7250,7275,7250,15000
2022-10-13 09:15:00,7225,7225,7250,7250,9700
2022-10-13 09:16:00,7250,7250,7250,7250,0
2022-10-13 09:17:00,7250,7250,7275,7275,14300
2022-10-13 09:18:00,7275,7250,7275,7250,15100
2022-10-13 09:19:00,7250,7250,7250,7250,9800
2022-10-13 09:20:00,7250,7250,7250,7250,12700
2022-10-13 09:21:00,7250,7250,7250,7250,1300
2022-10-13 09:22:00,7250,7250,7250,7250,0
2022-10-13 09:23:00,7250,7250,7250,7250,0
2022-10-13 09:24:00,7225,7225,7225,7225,26000
2022-10-13 09:25:00,7250,7250,7250,7250,13800
2022-10-13 09:26:00,7275,7250,7275,7275,1300
2022-10-13 09:27:00,7275,7275,7275,7275,200
2022-10-13 09:28:00,7275,7275,7275,7275,0
2022-10-13 09:29:00,7275,7275,7275,7275,0
2022-10-13 09:30:00,7275,7275,7275,7275,0
2022-10-13 09:31:00,7275,7250,7275,7250,4700
2022-10-13 09:32:00,7250,7250,7250,7250,1300
2022-10-13 09:33:00,7250,7250,7275,7275,5100
2022-10-13 09:34:00,7275,7250,7275,7250,38200
2022-10-13 09:35:00,7250,7250,7250,7250,1300
2022-10-13 09:36:00,7250,7250,7250,7250,0
2022-10-13 09:37:00,7225,7225,7225,7225,33000
2022-10-13 09:38:00,7225,7225,7225,7225,0
2022-10-13 09:39:00,7225,7225,7225,7225,400
2022-10-13 09:40:00,7225,7225,7225,7225,800
2022-10-13 09:41:00,7200,7200,7200,7200,1900
2022-10-13 09:42:00,7200,7200,7200,7200,5100
2022-10-13 09:43:00,7225,7225,7225,7225,0
2022-10-13 09:44:00,7200,7200,7200,7200,500
2022-10-13 09:45:00,7200,7200,7225,7225,6500
2022-10-13 09:46:00,7225,7225,7225,7225,2000
2022-10-13 09:47:00,7225,7225,7250,7225,33000
2022-10-13 09:48:00,7250,7225,7275,7275,14400
2022-10-13 09:49:00,7250,7250,7275,7275,1200
2022-10-13 09:50:00,7275,7275,7275,7275,11600
2022-10-13 09:51:00,7275,7275,7275,7275,1400
2022-10-13 09:52:00,7275,7275,7275,7275,1600
2022-10-13 09:53:00,7275,7275,7275,7275,9900
2022-10-13 09:54:00,7275,7275,7275,7275,56400
2022-10-13 09:55:00,7275,7275,7275,7275,0
2022-10-13 09:56:00,7275,7275,7275,7275,23000
2022-10-13 09:57:00,7275,7275,7275,7275,0
2022-10-13 09:58:00,7275,7275,7275,7275,0
2022-10-13 09:59:00,7275,7275,7275,7275,57800
2022-10-13 10:00:00,7275,7275,7300,7300,300
2022-10-13 10:01:00,7275,7275,7300,7300,0
2022-10-13 10:02:00,7250,7250,7250,7250,12800
2022-10-13 10:03:00,7225,7225,7225,7225,5300
2022-10-13 10:04:00,7225,7225,7225,7225,0
2022-10-13 10:05:00,7225,7225,7225,7225,0
2022-10-13 10:06:00,7225,7225,7225,7225,4800
2022-10-13 10:07:00,7225,7225,7225,7225,0
2022-10-13 10:08:00,7225,7225,7225,7225,700
2022-10-13 10:09:00,7225,7225,7225,7225,100
2022-10-13 10:10:00,7225,7225,7225,7225,0
2022-10-13 10:11:00,7225,7225,7225,7225,3700
2022-10-13 10:12:00,7225,7225,7225,7225,0
2022-10-13 10:13:00,7225,7225,7225,7225,1900
2022-10-13 10:14:00,7250,7250,7250,7250,500
2022-10-13 10:15:00,7225,7225,7225,7225,20000
2022-10-13 10:16:00,7225,7225,7225,7225,1200
2022-10-13 10:17:00,7225,7225,7225,7225,700
2022-10-13 10:18:00,7225,7225,7225,7225,4200
2022-10-13 10:19:00,7225,7225,7225,7225,0
2022-10-13 10:20:00,7225,7225,7225,7225,0
2022-10-13 10:21:00,7225,7225,7225,7225,0
2022-10-13 10:22:00,7250,7250,7250,7250,38700
2022-10-13 10:23:00,7250,7250,7250,7250,1200
2022-10-13 10:24:00,7250,7250,7250,7250,0
2022-10-13 10:25:00,7250,7225,7250,7250,4600
2022-10-13 10:26:00,7250,7250,7250,7250,100
2022-10-13 10:27:00,7250,7250,7250,7250,0
2022-10-13 10:28:00,7250,7250,7250,7250,0
2022-10-13 10:29:00,7250,7250,7250,7250,0
2022-10-13 10:30:00,7250,7250,7250,7250,0
2022-10-13 10:31:00,7225,7225,7250,7250,3500
2022-10-13 10:32:00,7225,7225,7250,7250,0
2022-10-13 10:33:00,7225,7225,7250,7250,0
2022-10-13 10:34:00,7225,7225,7250,7250,0
2022-10-13 10:35:00,7250,7250,7250,7250,7900
2022-10-13 10:36:00,7250,7250,7250,7250,200
2022-10-13 10:37:00,7250,7250,7250,7250,3100
2022-10-13 10:38:00,7250,7250,7250,7250,0
2022-10-13 10:39:00,7250,7250,7250,7250,4300
2022-10-13 10:40:00,7250,7250,7250,7250,300
2022-10-13 10:41:00,7250,7250,7250,7250,0
2022-10-13 10:42:00,7250,7250,7250,7250,2200
2022-10-13 10:43:00,7250,7250,7250,7250,0
2022-10-13 10:44:00,7250,7250,7250,7250,23400
2022-10-13 10:45:00,7250,7250,7250,7250,300
2022-10-13 10:46:00,7250,7250,7250,7250,600
2022-10-13 10:47:00,7250,7250,7250,7250,2000
2022-10-13 10:48:00,7225,7225,7225,7225,2800
2022-10-13 10:49:00,7250,7250,7250,7250,0
2022-10-13 10:50:00,7250,7250,7250,7250,3500
2022-10-13 10:51:00,7250,7250,7250,7250,400
2022-10-13 10:52:00,7250,7250,7250,7250,700
2022-10-13 10:53:00,7250,7250,7250,7250,2500
2022-10-13 10:54:00,7250,7250,7250,7250,500
2022-10-13 10:55:00,7250,7250,7275,7250,30500
2022-10-13 10:56:00,7275,7250,7275,7250,5800
2022-10-13 10:57:00,7275,7275,7275,7275,0
2022-10-13 10:58:00,7250,7250,7250,7250,5400
2022-10-13 10:59:00,7275,7275,7275,7275,0
2022-10-13 11:00:00,7275,7275,7275,7275,3900
2022-10-13 11:01:00,7250,7250,7250,7250,38900
2022-10-13 11:02:00,7250,7250,7250,7250,6700
2022-10-13 11:03:00,7250,7250,7250,7250,2000
2022-10-13 11:04:00,7250,7250,7250,7250,700
2022-10-13 11:05:00,7250,7250,7250,7250,1000
2022-10-13 11:06:00,7250,7250,7250,7250,100
2022-10-13 11:07:00,7250,7250,7250,7250,0
2022-10-13 11:08:00,7250,7250,7250,7250,3400
2022-10-13 11:09:00,7225,7225,7250,7250,600
2022-10-13 11:10:00,7250,7250,7250,7250,800
2022-10-13 11:11:00,7250,7250,7250,7250,5900
2022-10-13 11:12:00,7250,7250,7250,7250,3800
2022-10-13 11:13:00,7250,7250,7250,7250,0
2022-10-13 11:14:00,7250,7250,7250,7250,0
2022-10-13 11:15:00,7250,7250,7250,7250,0
2022-10-13 11:16:00,7250,7250,7250,7250,300
2022-10-13 11:17:00,7250,7225,7250,7225,117800
2022-10-13 11:18:00,7225,7225,7250,7250,1900
2022-10-13 11:19:00,7250,7250,7250,7250,3400
2022-10-13 11:20:00,7250,7225,7250,7250,1200
2022-10-13 11:21:00,7250,7225,7250,7250,0
2022-10-13 11:22:00,7225,7225,7225,7225,9300
2022-10-13 11:23:00,7225,7225,7225,7225,0
2022-10-13 11:24:00,7200,7200,7200,7200,100
2022-10-13 11:25:00,7200,7200,7200,7200,0
2022-10-13 11:26:00,7200,7200,7225,7225,800
2022-10-13 11:27:00,7225,7225,7225,7225,51300
2022-10-13 11:28:00,7225,7225,7250,7250,1700
2022-10-13 11:29:00,7250,7250,7250,7250,0
2022-10-13 11:30:00,7250,7250,7250,7250,0
2022-10-13 11:31:00,7250,7250,7250,7250,0
2022-10-13 11:32:00,7250,7250,7250,7250,0
2022-10-13 11:33:00,7250,7250,7250,7250,0
2022-10-13 11:34:00,7250,7250,7250,7250,0
2022-10-13 11:35:00,7250,7250,7250,7250,0
2022-10-13 11:36:00,7250,7250,7250,7250,0
2022-10-13 11:37:00,7250,7250,7250,7250,0
2022-10-13 11:38:00,7250,7250,7250,7250,0
2022-10-13 11:39:00,7250,7250,7250,7250,0
2022-10-13 11:40:00,7250,7250,7250,7250,0
2022-10-13 11:41:00,7250,7250,7250,7250,0
2022-10-13 11:42:00,7250,7250,7250,7250,0
2022-10-13 11:43:00,7250,7250,7250,7250,0
2022-10-13 11:44:00,7250,7250,7250,7250,0
2022-10-13 11:45:00,7250,7250,7250,7250,0
2022-10-13 11:46:00,7250,7250,7250,7250,0
2022-10-13 11:47:00,7250,7250,7250,7250,0
2022-10-13 11:48:00,7250,7250,7250,7250,0
2022-10-13 11:49:00,7250,7250,7250,7250,0
2022-10-13 11:50:00,7250,7250,7250,7250,0
2022-10-13 11:51:00,7250,7250,7250,7250,0
2022-10-13 11:52:00,7250,7250,7250,7250,0
2022-10-13 11:53:00,7250,7250,7250,7250,0
2022-10-13 11:54:00,7250,7250,7250,7250,0
2022-10-13 11:55:00,7250,7250,7250,7250,0
2022-10-13 11:56:00,7250,7250,7250,7250,0
2022-10-13 11:57:00,7250,7250,7250,7250,0
2022-10-13 11:58:00,7250,7250,7250,7250,0
2022-10-13 11:59:00,7250,7250,7250,7250,0
2022-10-13 12:00:00,7250,7250,7250,7250,0
2022-10-13 12:01:00,7250,7250,7250,7250,0
2022-10-13 12:02:00,7250,7250,7250,7250,0
2022-10-13 12:03:00,7250,7250,7250,7250,0
2022-10-13 12:04:00,7250,7250,7250,7250,0
2022-10-13 12:05:00,7250,7250,7250,7250,0
2022-10-13 12:06:00,7250,7250,7250,7250,0
2022-10-13 12:07:00,7250,7250,7250,7250,0
2022-10-13 12:08:00,7250,7250,7250,7250,0
2022-10-13 12:09:00,7250,7250,7250,7250,0
2022-10-13 12:10:00,7250,7250,7250,7250,0
2022-10-13 12:11:00,7250,7250,7250,7250,0
2022-10-13 12:12:00,7250,7250,7250,7250,0
2022-10-13 12:13:00,7250,7250,7250,7250,0
2022-10-13 12:14:00,7250,7250,7250,7250,0
2022-10-13 12:15:00,7250,7250,7250,7250,0
2022-10-13 12:16:00,7250,7250,7250,7250,0
2022-10-13 12:17:00,7250,7250,7250,7250,0
2022-10-13 12:18:00,7250,7250,7250,7250,0
2022-10-13 12:19:00,7250,7250,7250,7250,0
2022-10-13 12:20:00,7250,7250,7250,7250,0
2022-10-13 12:21:00,7250,7250,7250,7250,0
2022-10-13 12:22:00,7250,7250,7250,7250,0
2022-10-13 12:23:00,7250,7250,7250,7250,0
2022-10-13 12:24:00,7250,7250,7250,7250,0
2022-10-13 12:25:00,7250,7250,7250,7250,0
2022-10-13 12:26:00,7250,7250,7250,7250,0
2022-10-13 12:27:00,7250,7250,7250,7250,0
2022-10-13 12:28:00,7250,7250,7250,7250,0
2022-10-13 12:29:00,7250,7250,7250,7250,0
2022-10-13 12:30:00,7250,7250,7250,7250,0
2022-10-13 12:31:00,7250,7250,7250,7250,0
2022-10-13 12:32:00,7250,7250,7250,7250,0
2022-10-13 12:33:00,7250,7250,7250,7250,0
2022-10-13 12:34:00,7250,7250,7250,7250,0
2022-10-13 12:35:00,7250,7250,7250,7250,0
2022-10-13 12:36:00,7250,7250,7250,7250,0
2022-10-13 12:37:00,7250,7250,7250,7250,0
2022-10-13 12:38:00,7250,7250,7250,7250,0
2022-10-13 12:39:00,7250,7250,7250,7250,0
2022-10-13 12:40:00,7250,7250,7250,7250,0
2022-10-13 12:41:00,7250,7250,7250,7250,0
2022-10-13 12:42:00,7250,7250,7250,7250,0
2022-10-13 12:43:00,7250,7250,7250,7250,0
2022-10-13 12:44:00,7250,7250,7250,7250,0
2022-10-13 12:45:00,7250,7250,7250,7250,0
2022-10-13 12:46:00,7250,7250,7250,7250,0
2022-10-13 12:47:00,7250,7250,7250,7250,0
2022-10-13 12:48:00,7250,7250,7250,7250,0
2022-10-13 12:49:00,7250,7250,7250,7250,0
2022-10-13 12:50:00,7250,7250,7250,7250,0
2022-10-13 12:51:00,7250,7250,7250,7250,0
2022-10-13 12:52:00,7250,7250,7250,7250,0
2022-10-13 12:53:00,7250,7250,7250,7250,0
2022-10-13 12:54:00,7250,7250,7250,7250,0
2022-10-13 12:55:00,7250,7250,7250,7250,0
2022-10-13 12:56:00,7250,7250,7250,7250,0
2022-10-13 12:57:00,7250,7250,7250,7250,0
2022-10-13 12:58:00,7250,7250,7250,7250,0
2022-10-13 12:59:00,7250,7250,7250,7250,0
2022-10-13 13:00:00,7250,7250,7250,7250,0
2022-10-13 13:01:00,7250,7250,7250,7250,0
2022-10-13 13:02:00,7250,7250,7250,7250,0
2022-10-13 13:03:00,7250,7250,7250,7250,0
2022-10-13 13:04:00,7250,7250,7250,7250,0
2022-10-13 13:05:00,7250,7250,7250,7250,0
2022-10-13 13:06:00,7250,7250,7250,7250,0
2022-10-13 13:07:00,7250,7250,7250,7250,0
2022-10-13 13:08:00,7250,7250,7250,7250,0
2022-10-13 13:09:00,7250,7250,7250,7250,0
2022-10-13 13:10:00,7250,7250,7250,7250,0
2022-10-13 13:11:00,7250,7250,7250,7250,0
2022-10-13 13:12:00,7250,7250,7250,7250,0
2022-10-13 13:13:00,7250,7250,7250,7250,0
2022-10-13 13:14:00,7250,7250,7250,7250,0
2022-10-13 13:15:00,7250,7250,7250,7250,0
2022-10-13 13:16:00,7250,7250,7250,7250,0
2022-10-13 13:17:00,7250,7250,7250,7250,0
2022-10-13 13:18:00,7250,7250,7250,7250,0
2022-10-13 13:19:00,7250,7250,7250,7250,0
2022-10-13 13:20:00,7250,7250,7250,7250,0
2022-10-13 13:21:00,7250,7250,7250,7250,0
2022-10-13 13:22:00,7250,7250,7250,7250,0
2022-10-13 13:23:00,7250,7250,7250,7250,0
2022-10-13 13:24:00,7250,7250,7250,7250,0
2022-10-13 13:25:00,7250,7250,7250,7250,0
2022-10-13 13:26:00,7250,7250,7250,7250,0
2022-10-13 13:27:00,7250,7250,7250,7250,0
2022-10-13 13:28:00,7250,7250,7250,7250,0
2022-10-13 13:29:00,7250,7250,7250,7250,0
2022-10-13 13:30:00,7225,7225,7250,7225,9500
2022-10-13 13:31:00,7250,7250,7250,7250,100
2022-10-13 13:32:00,7250,7250,7250,7250,100
2022-10-13 13:33:00,7250,7250,7250,7250,0
2022-10-13 13:34:00,7250,7250,7250,7250,0
2022-10-13 13:35:00,7250,7250,7250,7250,0
2022-10-13 13:36:00,7225,7225,7225,7225,7800
2022-10-13 13:37:00,7225,7225,7225,7225,6000
2022-10-13 13:38:00,7225,7225,7225,7225,1400
2022-10-13 13:39:00,7225,7225,7225,7225,0
2022-10-13 13:40:00,7225,7225,7225,7225,0
2022-10-13 13:41:00,7200,7200,7225,7225,6300
2022-10-13 13:42:00,7225,7225,7225,7225,300
2022-10-13 13:43:00,7225,7225,7225,7225,2700
2022-10-13 13:44:00,7200,7200,7200,7200,22300
2022-10-13 13:45:00,7225,7225,7225,7225,0
2022-10-13 13:46:00,7200,7200,7225,7225,100
2022-10-13 13:47:00,7200,7200,7225,7225,0
2022-10-13 13:48:00,7225,7200,7225,7200,3500
2022-10-13 13:49:00,7200,7200,7200,7200,25100
2022-10-13 13:50:00,7200,7175,7200,7175,181500
2022-10-13 13:51:00,7175,7150,7200,7200,77200
2022-10-13 13:52:00,7200,7200,7200,7200,20600
2022-10-13 13:53:00,7200,7200,7200,7200,0
2022-10-13 13:54:00,7175,7175,7200,7200,96100
2022-10-13 13:55:00,7200,7150,7200,7200,104000
2022-10-13 13:56:00,7175,7175,7200,7200,34100
2022-10-13 13:57:00,7200,7175,7200,7200,16800
2022-10-13 13:58:00,7200,7200,7200,7200,400
2022-10-13 13:59:00,7175,7175,7200,7200,6300
2022-10-13 14:00:00,7175,7175,7200,7200,0
2022-10-13 14:01:00,7200,7200,7200,7200,34300
2022-10-13 14:02:00,7200,7200,7200,7200,2900
2022-10-13 14:03:00,7200,7175,7200,7175,2000
2022-10-13 14:04:00,7200,7175,7200,7200,4600
2022-10-13 14:05:00,7200,7200,7200,7200,400
2022-10-13 14:06:00,7200,7200,7200,7200,0
2022-10-13 14:07:00,7200,7200,7200,7200,600
2022-10-13 14:08:00,7175,7175,7200,7200,33700
2022-10-13 14:09:00,7200,7200,7200,7200,7700
2022-10-13 14:10:00,7200,7200,7200,7200,1900
2022-10-13 14:11:00,7200,7200,7200,7200,300
2022-10-13 14:12:00,7200,7200,7200,7200,100
2022-10-13 14:13:00,7175,7175,7200,7200,9400
2022-10-13 14:14:00,7200,7200,7200,7200,2400
2022-10-13 14:15:00,7175,7175,7200,7200,18500
2022-10-13 14:16:00,7200,7200,7200,7200,5100
2022-10-13 14:17:00,7200,7200,7200,7200,7700
2022-10-13 14:18:00,7200,7200,7200,7200,12600
2022-10-13 14:19:00,7200,7200,7200,7200,6000
2022-10-13 14:20:00,7200,7200,7225,7225,2900
2022-10-13 14:21:00,7200,7200,7200,7200,1600
2022-10-13 14:22:00,7200,7200,7200,7200,0
2022-10-13 14:23:00,7200,7200,7225,7225,29700
2022-10-13 14:24:00,7200,7200,7225,7225,0
2022-10-13 14:25:00,7200,7200,7225,7225,0
2022-10-13 14:26:00,7200,7200,7200,7200,28600
2022-10-13 14:27:00,7225,7200,7225,7200,3000
2022-10-13 14:28:00,7200,7200,7200,7200,0
2022-10-13 14:29:00,7225,7200,7225,7200,5800
2022-10-13 14:30:00,7200,7200,7225,7225,0
2022-10-13 14:31:00,7225,7200,7225,7200,9900
2022-10-13 14:32:00,7225,7225,7225,7225,4800
2022-10-13 14:33:00,7225,7225,7225,7225,3200
2022-10-13 14:34:00,7225,7225,7225,7225,3800
2022-10-13 14:35:00,7225,7225,7225,7225,200
2022-10-13 14:36:00,7225,7225,7225,7225,0
2022-10-13 14:37:00,7225,7225,7225,7225,0
2022-10-13 14:38:00,7225,7225,7225,7225,0
2022-10-13 14:39:00,7250,7250,7250,7250,500
2022-10-13 14:40:00,7250,7250,7250,7250,3100
2022-10-13 14:41:00,7225,7225,7225,7225,10600
2022-10-13 14:42:00,7250,7200,7250,7200,175200
2022-10-13 14:43:00,7200,7200,7200,7200,200
2022-10-13 14:44:00,7175,7125,7225,7150,218800
2022-10-13 14:45:00,7150,7150,7225,7225,29000
2022-10-13 14:46:00,7250,7250,7250,7250,73900
2022-10-13 14:47:00,7250,7250,7275,7275,49300
2022-10-13 14:48:00,7275,7250,7275,7250,48400
2022-10-13 14:49:00,7250,7250,7275,7275,1800
2022-10-13 14:50:00,7250,7250,7275,7275,0
2022-10-13 14:51:00,7250,7250,7275,7275,0
2022-10-13 14:52:00,7250,7250,7275,7275,0
2022-10-13 14:53:00,7250,7250,7275,7275,0
2022-10-13 14:54:00,7250,7250,7275,7275,0
2022-10-13 14:55:00,7250,7250,7275,7275,0
2022-10-13 14:56:00,7250,7250,7275,7275,0
2022-10-13 14:57:00,7250,7250,7275,7275,0
2022-10-13 14:58:00,7250,7250,7275,7275,0
2022-10-13 14:59:00,7250,7250,7275,7275,0
2022-10-13 15:00:00,7275,7275,7275,7275,99500
2022-10-13 15:01:00,7275,7275,7275,7275,28200
2022-10-13 15:02:00,7275,7275,7275,7275,0
2022-10-13 15:03:00,7275,7275,7275,7275,0
2022-10-13 15:04:00,7275,7275,7275,7275,14000
2022-10-13 15:05:00,7275,7275,7275,7275,0
2022-10-13 15:06:00,7275,7275,7275,7275,0
2022-10-13 15:07:00,7275,7275,7275,7275,0
2022-10-13 15:08:00,7275,7275,7275,7275,0
2022-10-13 15:09:00,7275,7275,7275,7275,0
2022-10-13 15:10:00,7275,7275,7275,7275,26300
2022-10-13 15:11:00,7275,7275,7275,7275,0
2022-10-13 15:12:00,7275,7275,7275,7275,2741200
2022-10-13 15:13:00,7275,7275,7275,7275,0
2022-10-13 15:14:00,7275,7275,7275,7275,0
2022-10-13 15:15:00,7275,7275,7275,7275,0
2022-10-13 15:16:00,7275,7275,7275,7275,0
2022-10-13 15:17:00,7275,7275,7275,7275,0
2022-10-13 15:18:00,7275,7275,7275,7275,0
2022-10-13 15:19:00,7275,7275,7275,7275,0
2022-10-13 15:20:00,7275,7275,7275,7275,0
2022-10-13 15:21:00,7275,7275,7275,7275,0
2022-10-13 15:22:00,7275,7275,7275,7275,0
2022-10-13 15:23:00,7275,7275,7275,7275,0
2022-10-13 15:24:00,7275,7275,7275,7275,0
2022-10-13 15:25:00,7275,7275,7275,7275,0
2022-10-13 15:26:00,7275,7275,7275,7275,0
2022-10-13 15:27:00,7275,7275,7275,7275,0
2022-10-13 15:28:00,7275,7275,7275,7275,0
2022-10-13 15:29:00,7275,7275,7275,7275,0
2022-10-13 15:30:00,7275,7275,7275,7275,0
2022-10-13 15:31:00,7275,7275,7275,7275,0
2022-10-13 15:32:00,7275,7275,7275,7275,0
2022-10-13 15:33:00,7275,7275,7275,7275,0
2022-10-13 15:34:00,7275,7275,7275,7275,0
2022-10-13 15:35:00,7275,7275,7275,7275,0
2022-10-13 15:36:00,7275,7275,7275,7275,0
2022-10-13 15:37:00,7275,7275,7275,7275,0
2022-10-13 15:38:00,7275,7275,7275,7275,0
2022-10-13 15:39:00,7275,7275,7275,7275,0
2022-10-13 15:40:00,7275,7275,7275,7275,0
2022-10-13 15:41:00,7275,7275,7275,7275,0
2022-10-13 15:42:00,7275,7275,7275,7275,0
2022-10-13 15:43:00,7275,7275,7275,7275,0
2022-10-13 15:44:00,7275,7275,7275,7275,0
2022-10-13 15:45:00,7275,7275,7275,7275,0
2022-10-13 15:46:00,7275,7275,7275,7275,0
2022-10-13 15:47:00,7275,7275,7275,7275,0
2022-10-13 15:48:00,7275,7275,7275,7275,0
2022-10-13 15:49:00,7275,7275,7275,7275,0
2022-10-13 15:50:00,7275,7275,7275,7275,0
2022-10-13 15:51:00,7275,7275,7275,7275,0
2022-10-13 15:52:00,7275,7275,7275,7275,0
2022-10-13 15:53:00,7275,7275,7275,7275,0
2022-10-13 15:54:00,7275,7275,7275,7275,0
2022-10-13 15:55:00,7275,7275,7275,7275,0
2022-10-13 15:56:00,7275,7275,7275,7275,0
2022-10-13 15:57:00,7275,7275,7275,7275,0
2022-10-13 15:58:00,7275,7275,7275,7275,0
2022-10-13 15:59:00,7275,7275,7275,7275,0
2022-10-14 09:00:00,7300,7300,7400,7400,0
2022-10-14 09:01:00,7400,7375,7400,7375,23600
2022-10-14 09:02:00,7375,7375,7375,7375,9100
2022-10-14 09:03:00,7375,7375,7375,7375,0
2022-10-14 09:04:00,7375,7350,7375,7350,54400
2022-10-14 09:05:00,7350,7350,7350,7350,16100
2022-10-14 09:06:00,7350,7350,7350,7350,4500
2022-10-14 09:07:00,7350,7350,7350,7350,26200
2022-10-14 09:08:00,7350,7325,7350,7350,18300
2022-10-14 09:09:00,7350,7350,7350,7350,200
2022-10-14 09:10:00,7350,7350,7375,7350,8900
2022-10-14 09:11:00,7350,7350,7350,7350,0
2022-10-14 09:12:00,7350,7350,7350,7350,800
2022-10-14 09:13:00,7350,7350,7350,7350,9200
2022-10-14 09:14:00,7350,7350,7350,7350,11000
2022-10-14 09:15:00,7350,7350,7350,7350,31900
2022-10-14 09:16:00,7350,7350,7350,7350,0
2022-10-14 09:17:00,7350,7350,7350,7350,1500
2022-10-14 09:18:00,7350,7350,7375,7375,17000
2022-10-14 09:19:00,7350,7350,7375,7375,0
2022-10-14 09:20:00,7350,7350,7375,7375,0
2022-10-14 09:21:00,7350,7350,7350,7350,800
2022-10-14 09:22:00,7350,7350,7350,7350,54100
2022-10-14 09:23:00,7350,7350,7350,7350,26800
2022-10-14 09:24:00,7350,7350,7350,7350,0
2022-10-14 09:25:00,7350,7350,7350,7350,100
2022-10-14 09:26:00,7350,7350,7350,7350,0
2022-10-14 09:27:00,7350,7350,7350,7350,0
2022-10-14 09:28:00,7350,7350,7350,7350,1100
2022-10-14 09:29:00,7350,7325,7350,7350,7200
2022-10-14 09:30:00,7350,7350,7350,7350,1200
2022-10-14 09:31:00,7350,7350,7350,7350,0
2022-10-14 09:32:00,7350,7350,7350,7350,800
2022-10-14 09:33:00,7350,7350,7350,7350,700
2022-10-14 09:34:00,7350,7350,7350,7350,3400
2022-10-14 09:35:00,7350,7325,7350,7350,11600
2022-10-14 09:36:00,7350,7325,7350,7350,2400
2022-10-14 09:37:00,7350,7350,7350,7350,800
2022-10-14 09:38:00,7350,7350,7350,7350,7300
2022-10-14 09:39:00,7350,7350,7350,7350,9700
2022-10-14 09:40:00,7350,7350,7350,7350,5100
2022-10-14 09:41:00,7350,7350,7350,7350,7200
2022-10-14 09:42:00,7350,7350,7350,7350,3600
2022-10-14 09:43:00,7350,7350,7350,7350,1200
2022-10-14 09:44:00,7350,7350,7350,7350,23500
2022-10-14 09:45:00,7350,7350,7350,7350,1500
2022-10-14 09:46:00,7350,7350,7375,7350,3800
2022-10-14 09:47:00,7350,7350,7350,7350,3600
2022-10-14 09:48:00,7350,7350,7350,7350,0
2022-10-14 09:49:00,7350,7350,7350,7350,300
2022-10-14 09:50:00,7350,7350,7350,7350,1600
2022-10-14 09:51:00,7350,7350,7350,7350,3400
2022-10-14 09:52:00,7350,7350,7350,7350,0
2022-10-14 09:53:00,7350,7350,7350,7350,0
2022-10-14 09:54:00,7350,7350,7350,7350,600
2022-10-14 09:55:00,7350,7350,7350,7350,100
2022-10-14 09:56:00,7350,7350,7350,7350,2000
2022-10-14 09:57:00,7350,7350,7350,7350,0
2022-10-14 09:58:00,7350,7350,7350,7350,300
2022-10-14 09:59:00,7350,7350,7350,7350,1800
2022-10-14 10:00:00,7350,7350,7350,7350,0
2022-10-14 10:01:00,7350,7350,7350,7350,400
2022-10-14 10:02:00,7350,7350,7350,7350,1300
2022-10-14 10:03:00,7350,7350,7350,7350,39500
2022-10-14 10:04:00,7325,7325,7325,7325,0
2022-10-14 10:05:00,7325,7325,7325,7325,0
2022-10-14 10:06:00,7325,7325,7325,7325,52700
2022-10-14 10:07:00,7325,7325,7350,7350,1800
2022-10-14 10:08:00,7325,7325,7350,7325,1500
2022-10-14 10:09:00,7325,7325,7350,7325,23600
2022-10-14 10:10:00,7325,7325,7350,7350,0
2022-10-14 10:11:00,7325,7325,7350,7350,0
2022-10-14 10:12:00,7350,7325,7350,7350,800
2022-10-14 10:13:00,7350,7350,7350,7350,200
2022-10-14 10:14:00,7325,7325,7350,7350,1500
2022-10-14 10:15:00,7350,7350,7350,7350,600
2022-10-14 10:16:00,7350,7350,7350,7350,0
2022-10-14 10:17:00,7350,7350,7350,7350,500
2022-10-14 10:18:00,7350,7350,7350,7350,300
2022-10-14 10:19:00,7350,7350,7350,7350,200
2022-10-14 10:20:00,7325,7325,7350,7350,5000
2022-10-14 10:21:00,7350,7350,7350,7350,600
2022-10-14 10:22:00,7350,7325,7350,7325,7700
2022-10-14 10:23:00,7325,7325,7325,7325,22700
2022-10-14 10:24:00,7325,7325,7325,7325,600
2022-10-14 10:25:00,7325,7325,7325,7325,200
2022-10-14 10:26:00,7325,7325,7350,7350,3800
2022-10-14 10:27:00,7325,7325,7325,7325,800
2022-10-14 10:28:00,7325,7325,7325,7325,0
2022-10-14 10:29:00,7325,7325,7325,7325,0
2022-10-14 10:30:00,7325,7325,7325,7325,900
2022-10-14 10:31:00,7325,7325,7325,7325,3300
2022-10-14 10:32:00,7325,7325,7325,7325,1500
2022-10-14 10:33:00,7325,7325,7325,7325,12000
2022-10-14 10:34:00,7325,7325,7325,7325,0
2022-10-14 10:35:00,7325,7325,7325,7325,8400
2022-10-14 10:36:00,7325,7325,7325,7325,0
2022-10-14 10:37:00,7325,7325,7325,7325,0
2022-10-14 10:38:00,7325,7325,7325,7325,0
2022-10-14 10:39:00,7325,7325,7325,7325,0
2022-10-14 10:40:00,7325,7325,7325,7325,0
2022-10-14 10:41:00,7325,7325,7325,7325,0
2022-10-14 10:42:00,7325,7325,7325,7325,300
2022-10-14 10:43:00,7325,7325,7325,7325,0
2022-10-14 10:44:00,7325,7325,7325,7325,0
2022-10-14 10:45:00,7300,7300,7300,7300,2900
2022-10-14 10:46:00,7300,7300,7300,7300,0
2022-10-14 10:47:00,7300,7300,7300,7300,500
2022-10-14 10:48:00,7325,7325,7325,7325,9800
2022-10-14 10:49:00,7325,7325,7325,7325,5900
2022-10-14 10:50:00,7325,7325,7325,7325,5400
2022-10-14 10:51:00,7325,7325,7325,7325,500
2022-10-14 10:52:00,7325,7325,7325,7325,0
2022-10-14 10:53:00,7300,7300,7300,7300,100
2022-10-14 10:54:00,7300,7300,7325,7325,400
2022-10-14 10:55:00,7300,7300,7325,7325,0
2022-10-14 10:56:00,7325,7325,7325,7325,300
2022-10-14 10:57:00,7325,7325,7325,7325,100
2022-10-14 10:58:00,7325,7325,7325,7325,0
2022-10-14 10:59:00,7325,7325,7325,7325,0
2022-10-14 11:00:00,7325,7325,7325,7325,100
2022-10-14 11:01:00,7300,7300,7300,7300,1700
2022-10-14 11:02:00,7325,7325,7325,7325,0
2022-10-14 11:03:00,7325,7325,7325,7325,0
2022-10-14 11:04:00,7325,7325,7325,7325,100
2022-10-14 11:05:00,7325,7325,7325,7325,0
2022-10-14 11:06:00,7325,7325,7325,7325,0
2022-10-14 11:07:00,7325,7325,7325,7325,100
2022-10-14 11:08:00,7325,7325,7325,7325,0
2022-10-14 11:09:00,7325,7325,7325,7325,0
2022-10-14 11:10:00,7325,7325,7325,7325,0
2022-10-14 11:11:00,7325,7325,7325,7325,0
2022-10-14 11:12:00,7325,7325,7325,7325,0
2022-10-14 11:13:00,7325,7325,7325,7325,1400
2022-10-14 11:14:00,7325,7325,7325,7325,0
2022-10-14 11:15:00,7325,7325,7325,7325,1300
2022-10-14 11:16:00,7325,7325,7325,7325,500
2022-10-14 11:17:00,7325,7325,7325,7325,10400
2022-10-14 11:18:00,7325,7325,7325,7325,0
2022-10-14 11:19:00,7300,7300,7300,7300,2300
2022-10-14 11:20:00,7300,7300,7300,7300,0
2022-10-14 11:21:00,7300,7300,7300,7300,0
2022-10-14 11:22:00,7300,7300,7300,7300,0
2022-10-14 11:23:00,7325,7325,7325,7325,1300
2022-10-14 11:24:00,7300,7300,7300,7300,20000
2022-10-14 11:25:00,7300,7300,7300,7300,0
2022-10-14 11:26:00,7300,7300,7300,7300,200
2022-10-14 11:27:00,7325,7300,7325,7300,40700
2022-10-14 11:28:00,7325,7300,7325,7325,0
2022-10-14 11:29:00,7300,7300,7325,7325,3300
2022-10-14 11:30:00,7300,7300,7325,7325,0
2022-10-14 11:31:00,7300,7300,7325,7325,0
2022-10-14 11:32:00,7300,7300,7325,7325,0
2022-10-14 11:33:00,7300,7300,7325,7325,0
2022-10-14 11:34:00,7300,7300,7325,7325,0
2022-10-14 11:35:00,7300,7300,7325,7325,0
2022-10-14 11:36:00,7300,7300,7325,7325,0
2022-10-14 11:37:00,7300,7300,7325,7325,0
2022-10-14 11:38:00,7300,7300,7325,7325,0
2022-10-14 11:39:00,7300,7300,7325,7325,0
2022-10-14 11:40:00,7300,7300,7325,7325,0
2022-10-14 11:41:00,7300,7300,7325,7325,0
2022-10-14 11:42:00,7300,7300,7325,7325,0
2022-10-14 11:43:00,7300,7300,7325,7325,0
2022-10-14 11:44:00,7300,7300,7325,7325,0
2022-10-14 11:45:00,7300,7300,7325,7325,0
2022-10-14 11:46:00,7300,7300,7325,7325,0
2022-10-14 11:47:00,7300,7300,7325,7325,0
2022-10-14 11:48:00,7300,7300,7325,7325,0
2022-10-14 11:49:00,7300,7300,7325,7325,0
2022-10-14 11:50:00,7300,7300,7325,7325,0
2022-10-14 11:51:00,7300,7300,7325,7325,0
2022-10-14 11:52:00,7300,7300,7325,7325,0
2022-10-14 11:53:00,7300,7300,7325,7325,0
2022-10-14 11:54:00,7300,7300,7325,7325,0
2022-10-14 11:55:00,7300,7300,7325,7325,0
2022-10-14 11:56:00,7300,7300,7325,7325,0
2022-10-14 11:57:00,7300,7300,7325,7325,0
2022-10-14 11:58:00,7300,7300,7325,7325,0
2022-10-14 11:59:00,7300,7300,7325,7325,0
2022-10-14 12:00:00,7300,7300,7325,7325,0
2022-10-14 12:01:00,7300,7300,7325,7325,0
2022-10-14 12:02:00,7300,7300,7325,7325,0
2022-10-14 12:03:00,7300,7300,7325,7325,0
2022-10-14 12:04:00,7300,7300,7325,7325,0
2022-10-14 12:05:00,7300,7300,7325,7325,0
2022-10-14 12:06:00,7300,7300,7325,7325,0
2022-10-14 12:07:00,7300,7300,7325,7325,0
2022-10-14 12:08:00,7300,7300,7325,7325,0
2022-10-14 12:09:00,7300,7300,7325,7325,0
2022-10-14 12:10:00,7300,7300,7325,7325,0
2022-10-14 12:11:00,7300,7300,7325,7325,0
2022-10-14 12:12:00,7300,7300,7325,7325,0
2022-10-14 12:13:00,7300,7300,7325,7325,0
2022-10-14 12:14:00,7300,7300,7325,7325,0
2022-10-14 12:15:00,7300,7300,7325,7325,0
2022-10-14 12:16:00,7300,7300,7325,7325,0
2022-10-14 12:17:00,7300,7300,7325,7325,0
2022-10-14 12:18:00,7300,7300,7325,7325,0
2022-10-14 12:19:00,7300,7300,7325,7325,0
2022-10-14 12:20:00,7300,7300,7325,7325,0
2022-10-14 12:21:00,7300,7300,7325,7325,0
2022-10-14 12:22:00,7300,7300,7325,7325,0
2022-10-14 12:23:00,7300,7300,7325,7325,0
2022-10-14 12:24:00,7300,7300,7325,7325,0
2022-10-14 12:25:00,7300,7300,7325,7325,0
2022-10-14 12:26:00,7300,7300,7325,7325,0
2022-10-14 12:27:00,7300,7300,7325,7325,0
2022-10-14 12:28:00,7300,7300,7325,7325,0
2022-10-14 12:29:00,7300,7300,7325,7325,0
2022-10-14 12:30:00,7300,7300,7325,7325,0
2022-10-14 12:31:00,7300,7300,7325,7325,0
2022-10-14 12:32:00,7300,7300,7325,7325,0
2022-10-14 12:33:00,7300,7300,7325,7325,0
2022-10-14 12:34:00,7300,7300,7325,7325,0
2022-10-14 12:35:00,7300,7300,7325,7325,0
2022-10-14 12:36:00,7300,7300,7325,7325,0
2022-10-14 12:37:00,7300,7300,7325,7325,0
2022-10-14 12:38:00,7300,7300,7325,7325,0
2022-10-14 12:39:00,7300,7300,7325,7325,0
2022-10-14 12:40:00,7300,7300,7325,7325,0
2022-10-14 12:41:00,7300,7300,7325,7325,0
2022-10-14 12:42:00,7300,7300,7325,7325,0
2022-10-14 12:43:00,7300,7300,7325,7325,0
2022-10-14 12:44:00,7300,7300,7325,7325,0
2022-10-14 12:45:00,7300,7300,7325,7325,0
2022-10-14 12:46:00,7300,7300,7325,7325,0
2022-10-14 12:47:00,7300,7300,7325,7325,0
2022-10-14 12:48:00,7300,7300,7325,7325,0
2022-10-14 12:49:00,7300,7300,7325,7325,0
2022-10-14 12:50:00,7300,7300,7325,7325,0
2022-10-14 12:51:00,7300,7300,7325,7325,0
2022-10-14 12:52:00,7300,7300,7325,7325,0
2022-10-14 12:53:00,7300,7300,7325,7325,0
2022-10-14 12:54:00,7300,7300,7325,7325,0
2022-10-14 12:55:00,7300,7300,7325,7325,0
2022-10-14 12:56:00,7300,7300,7325,7325,0
2022-10-14 12:57:00,7300,7300,7325,7325,0
2022-10-14 12:58:00,7300,7300,7325,7325,0
2022-10-14 12:59:00,7300,7300,7325,7325,0
2022-10-14 13:00:00,7300,7300,7325,7325,0
2022-10-14 13:01:00,7300,7300,7325,7325,0
2022-10-14 13:02:00,7300,7300,7325,7325,0
2022-10-14 13:03:00,7300,7300,7325,7325,0
2022-10-14 13:04:00,7300,7300,7325,7325,0
2022-10-14 13:05:00,7300,7300,7325,7325,0
2022-10-14 13:06:00,7300,7300,7325,7325,0
2022-10-14 13:07:00,7300,7300,7325,7325,0
2022-10-14 13:08:00,7300,7300,7325,7325,0
2022-10-14 13:09:00,7300,7300,7325,7325,0
2022-10-14 13:10:00,7300,7300,7325,7325,0
2022-10-14 13:11:00,7300,7300,7325,7325,0
2022-10-14 13:12:00,7300,7300,7325,7325,0
2022-10-14 13:13:00,7300,7300,7325,7325,0
2022-10-14 13:14:00,7300,7300,7325,7325,0
2022-10-14 13:15:00,7300,7300,7325,7325,0
2022-10-14 13:16:00,7300,7300,7325,7325,0
2022-10-14 13:17:00,7300,7300,7325,7325,0
2022-10-14 13:18:00,7300,7300,7325,7325,0
2022-10-14 13:19:00,7300,7300,7325,7325,0
2022-10-14 13:20:00,7300,7300,7325,7325,0
2022-10-14 13:21:00,7300,7300,7325,7325,0
2022-10-14 13:22:00,7300,7300,7325,7325,0
2022-10-14 13:23:00,7300,7300,7325,7325,0
2022-10-14 13:24:00,7300,7300,7325,7325,0
2022-10-14 13:25:00,7300,7300,7325,7325,0
2022-10-14 13:26:00,7300,7300,7325,7325,0
2022-10-14 13:27:00,7300,7300,7325,7325,0
2022-10-14 13:28:00,7300,7300,7325,7325,0
2022-10-14 13:29:00,7300,7300,7325,7325,0
2022-10-14 13:30:00,7300,7300,7325,7325,4100
2022-10-14 13:31:00,7300,7300,7300,7300,300
2022-10-14 13:32:00,7325,7325,7325,7325,2200
2022-10-14 13:33:00,7300,7300,7300,7300,0
2022-10-14 13:34:00,7300,7300,7300,7300,45800
2022-10-14 13:35:00,7300,7300,7300,7300,0
2022-10-14 13:36:00,7300,7300,7300,7300,0
2022-10-14 13:37:00,7300,7300,7300,7300,97700
2022-10-14 13:38:00,7300,7300,7300,7300,1800
2022-10-14 13:39:00,7300,7300,7300,7300,138200
2022-10-14 13:40:00,7275,7275,7275,7275,9600
2022-10-14 13:41:00,7275,7275,7275,7275,0
2022-10-14 13:42:00,7275,7275,7275,7275,8700
2022-10-14 13:43:00,7275,7275,7275,7275,0
2022-10-14 13:44:00,7275,7275,7300,7275,5700
2022-10-14 13:45:00,7275,7275,7275,7275,600
2022-10-14 13:46:00,7275,7275,7275,7275,300
2022-10-14 13:47:00,7275,7275,7275,7275,5800
2022-10-14 13:48:00,7250,7250,7250,7250,26500
2022-10-14 13:49:00,7250,7250,7250,7250,0
2022-10-14 13:50:00,7250,7250,7250,7250,0
2022-10-14 13:51:00,7300,7300,7300,7300,0
2022-10-14 13:52:00,7300,7300,7300,7300,0
2022-10-14 13:53:00,7300,7300,7300,7300,0
2022-10-14 13:54:00,7300,7300,7300,7300,100
2022-10-14 13:55:00,7300,7300,7300,7300,0
2022-10-14 13:56:00,7250,7250,7250,7250,1100
2022-10-14 13:57:00,7250,7250,7250,7250,200
2022-10-14 13:58:00,7250,7250,7250,7250,0
2022-10-14 13:59:00,7250,7250,7250,7250,0
2022-10-14 14:00:00,7250,7250,7250,7250,0
2022-10-14 14:01:00,7250,7250,7250,7250,2100
2022-10-14 14:02:00,7250,7250,7250,7250,0
2022-10-14 14:03:00,7250,7250,7250,7250,0
2022-10-14 14:04:00,7250,7250,7275,7275,3900
2022-10-14 14:05:00,7250,7250,7275,7275,0
2022-10-14 14:06:00,7275,7275,7275,7275,5400
2022-10-14 14:07:00,7275,7275,7275,7275,0
2022-10-14 14:08:00,7275,7275,7275,7275,0
2022-10-14 14:09:00,7275,7250,7275,7250,2200
2022-10-14 14:10:00,7250,7225,7250,7225,41000
2022-10-14 14:11:00,7250,7225,7250,7225,800
2022-10-14 14:12:00,7225,7225,7250,7250,400
2022-10-14 14:13:00,7250,7250,7250,7250,200
2022-10-14 14:14:00,7250,7225,7250,7250,1400
2022-10-14 14:15:00,7250,7250,7250,7250,700
2022-10-14 14:16:00,7250,7250,7250,7250,9900
2022-10-14 14:17:00,7250,7250,7250,7250,0
2022-10-14 14:18:00,7250,7250,7250,7250,2800
2022-10-14 14:19:00,7250,7225,7250,7225,300
2022-10-14 14:20:00,7225,7225,7250,7250,900
2022-10-14 14:21:00,7225,7225,7250,7250,4000
2022-10-14 14:22:00,7225,7225,7250,7250,68400
2022-10-14 14:23:00,7250,7250,7250,7250,600
2022-10-14 14:24:00,7250,7250,7250,7250,500
2022-10-14 14:25:00,7225,7225,7250,7250,1900
2022-10-14 14:26:00,7250,7225,7250,7225,1000
2022-10-14 14:27:00,7225,7225,7250,7250,3200
2022-10-14 14:28:00,7250,7250,7250,7250,500
2022-10-14 14:29:00,7225,7225,7225,7225,12400
2022-10-14 14:30:00,7225,7225,7225,7225,16100
2022-10-14 14:31:00,7225,7225,7225,7225,1600
2022-10-14 14:32:00,7225,7225,7250,7250,4500
2022-10-14 14:33:00,7250,7200,7250,7250,3800
2022-10-14 14:34:00,7250,7250,7250,7250,2600
2022-10-14 14:35:00,7250,7250,7250,7250,10700
2022-10-14 14:36:00,7250,7250,7250,7250,2700
2022-10-14 14:37:00,7250,7250,7250,7250,0
2022-10-14 14:38:00,7250,7250,7250,7250,0
2022-10-14 14:39:00,7250,7250,7250,7250,1000
2022-10-14 14:40:00,7250,7250,7250,7250,700
2022-10-14 14:41:00,7250,7250,7250,7250,1000
2022-10-14 14:42:00,7250,7250,7250,7250,300
2022-10-14 14:43:00,7250,7250,7250,7250,0
2022-10-14 14:44:00,7250,7250,7250,7250,2300
2022-10-14 14:45:00,7250,7250,7275,7275,11500
2022-10-14 14:46:00,7275,7250,7275,7250,700
2022-10-14 14:47:00,7275,7250,7275,7250,0
2022-10-14 14:48:00,7250,7225,7250,7225,400
2022-10-14 14:49:00,7225,7225,7250,7225,13900
2022-10-14 14:50:00,7225,7225,7250,7225,0
2022-10-14 14:51:00,7225,7225,7250,7225,0
2022-10-14 14:52:00,7225,7225,7250,7225,0
2022-10-14 14:53:00,7225,7225,7250,7225,0
2022-10-14 14:54:00,7225,7225,7250,7225,0
2022-10-14 14:55:00,7225,7225,7250,7225,0
2022-10-14 14:56:00,7225,7225,7250,7225,0
2022-10-14 14:57:00,7225,7225,7250,7225,0
2022-10-14 14:58:00,7225,7225,7250,7225,0
2022-10-14 14:59:00,7225,7225,7250,7225,0
2022-10-14 15:00:00,7225,7225,7225,7225,77000
2022-10-14 15:01:00,7225,7225,7225,7225,2800
2022-10-14 15:02:00,7225,7225,7225,7225,0
2022-10-14 15:03:00,7225,7225,7225,7225,0
2022-10-14 15:04:00,7225,7225,7225,7225,0
2022-10-14 15:05:00,7225,7225,7225,7225,0
2022-10-14 15:06:00,7225,7225,7225,7225,6700
2022-10-14 15:07:00,7225,7225,7225,7225,1400
2022-10-14 15:08:00,7225,7225,7225,7225,0
2022-10-14 15:09:00,7225,7225,7225,7225,0
2022-10-14 15:10:00,7225,7225,7225,7225,0
2022-10-14 15:11:00,7225,7225,7225,7225,0
2022-10-14 15:12:00,7225,7225,7225,7225,0
2022-10-14 15:13:00,7225,7225,7225,7225,7600
2022-10-14 15:14:00,7225,7225,7225,7225,0
2022-10-14 15:15:00,7225,7225,7225,7225,0
2022-10-14 15:16:00,7225,7225,7225,7225,0
2022-10-14 15:17:00,7225,7225,7225,7225,0
2022-10-14 15:18:00,7225,7225,7225,7225,0
2022-10-14 15:19:00,7225,7225,7225,7225,0
2022-10-14 15:20:00,7225,7225,7225,7225,0
2022-10-14 15:21:00,7225,7225,7225,7225,0
2022-10-14 15:22:00,7225,7225,7225,7225,0
2022-10-14 15:23:00,7225,7225,7225,7225,0
2022-10-14 15:24:00,7225,7225,7225,7225,0
2022-10-14 15:25:00,7225,7225,7225,7225,0
2022-10-14 15:26:00,7225,7225,7225,7225,0
2022-10-14 15:27:00,7225,7225,7225,7225,0
2022-10-14 15:28:00,7225,7225,7225,7225,0
2022-10-14 15:29:00,7225,7225,7225,7225,0
2022-10-14 15:30:00,7225,7225,7225,7225,0
2022-10-14 15:31:00,7225,7225,7225,7225,0
2022-10-14 15:32:00,7225,7225,7225,7225,0
2022-10-14 15:33:00,7225,7225,7225,7225,0
2022-10-14 15:34:00,7225,7225,7225,7225,0
2022-10-14 15:35:00,7225,7225,7225,7225,0
2022-10-14 15:36:00,7225,7225,7225,7225,0
2022-10-14 15:37:00,7225,7225,7225,7225,0
2022-10-14 15:38:00,7225,7225,7225,7225,0
2022-10-14 15:39:00,7225,7225,7225,7225,0
2022-10-14 15:40:00,7225,7225,7225,7225,0
2022-10-14 15:41:00,7225,7225,7225,7225,0
2022-10-14 15:42:00,7225,7225,7225,7225,0
2022-10-14 15:43:00,7225,7225,7225,7225,0
2022-10-14 15:44:00,7225,7225,7225,7225,0
2022-10-14 15:45:00,7225,7225,7225,7225,0
2022-10-14 15:46:00,7225,7225,7225,7225,0
2022-10-14 15:47:00,7225,7225,7225,7225,0
2022-10-14 15:48:00,7225,7225,7225,7225,0
2022-10-14 15:49:00,7225,7225,7225,7225,0
2022-10-14 15:50:00,7225,7225,7225,7225,0
2022-10-14 15:51:00,7225,7225,7225,7225,0
2022-10-14 15:52:00,7225,7225,7225,7225,0
2022-10-14 15:53:00,7225,7225,7225,7225,0
2022-10-14 15:54:00,7225,7225,7225,7225,0
2022-10-14 15:55:00,7225,7225,7225,7225,0
2022-10-14 15:56:00,7225,7225,7225,7225,0
2022-10-14 15:57:00,7225,7225,7225,7225,0
2022-10-14 15:58:00,7225,7225,7225,7225,0
2022-10-14 15:59:00,7225,7225,7225,7225,0
2022-10-17 09:00:00,7225,7200,7275,7200,0
2022-10-17 09:01:00,7200,7175,7200,7175,10400
2022-10-17 09:02:00,7175,7150,7175,7150,9400
2022-10-17 09:03:00,7150,7150,7175,7175,15200
2022-10-17 09:04:00,7175,7125,7175,7125,24500
2022-10-17 09:05:00,7125,7125,7150,7125,8500
2022-10-17 09:06:00,7150,7125,7150,7150,55100
2022-10-17 09:07:00,7125,7125,7175,7175,6200
2022-10-17 09:08:00,7125,7125,7150,7150,15900
2022-10-17 09:09:00,7150,7125,7150,7150,28600
2022-10-17 09:10:00,7125,7125,7150,7125,46600
2022-10-17 09:11:00,7125,7100,7125,7125,12300
2022-10-17 09:12:00,7150,7125,7150,7125,5900
2022-10-17 09:13:00,7125,7125,7125,7125,5600
2022-10-17 09:14:00,7150,7150,7150,7150,47800
2022-10-17 09:15:00,7150,7150,7150,7150,0
2022-10-17 09:16:00,7150,7150,7150,7150,8800
2022-10-17 09:17:00,7125,7125,7150,7125,9200
2022-10-17 09:18:00,7125,7125,7150,7150,0
2022-10-17 09:19:00,7125,7125,7150,7150,8000
2022-10-17 09:20:00,7150,7150,7175,7150,35200
2022-10-17 09:21:00,7175,7175,7175,7175,10800
2022-10-17 09:22:00,7200,7200,7200,7200,15100
2022-10-17 09:23:00,7200,7200,7200,7200,12200
2022-10-17 09:24:00,7200,7200,7200,7200,9100
2022-10-17 09:25:00,7200,7200,7200,7200,28700
2022-10-17 09:26:00,7200,7200,7200,7200,0
2022-10-17 09:27:00,7200,7200,7200,7200,7200
2022-10-17 09:28:00,7200,7200,7200,7200,0
2022-10-17 09:29:00,7200,7200,7200,7200,2500
2022-10-17 09:30:00,7200,7200,7200,7200,400
2022-10-17 09:31:00,7200,7175,7200,7175,9600
2022-10-17 09:32:00,7200,7200,7200,7200,0
2022-10-17 09:33:00,7175,7175,7200,7200,25900
2022-10-17 09:34:00,7175,7175,7200,7175,100
2022-10-17 09:35:00,7175,7150,7175,7150,7800
2022-10-17 09:36:00,7175,7150,7175,7150,10000
2022-10-17 09:37:00,7175,7125,7175,7150,32700
2022-10-17 09:38:00,7150,7150,7150,7150,11600
2022-10-17 09:39:00,7125,7125,7150,7150,15900
2022-10-17 09:40:00,7150,7150,7150,7150,1000
2022-10-17 09:41:00,7150,7150,7150,7150,1000
2022-10-17 09:42:00,7150,7150,7150,7150,1400
2022-10-17 09:43:00,7150,7150,7175,7175,1100
2022-10-17 09:44:00,7175,7150,7175,7150,1700
2022-10-17 09:45:00,7175,7150,7175,7150,0
2022-10-17 09:46:00,7175,7175,7175,7175,17300
2022-10-17 09:47:00,7175,7150,7175,7150,1400
2022-10-17 09:48:00,7175,7150,7175,7150,3500
2022-10-17 09:49:00,7150,7150,7150,7150,0
2022-10-17 09:50:00,7175,7150,7175,7150,29700
2022-10-17 09:51:00,7150,7150,7175,7150,1100
2022-10-17 09:52:00,7125,7125,7150,7125,1000
2022-10-17 09:53:00,7125,7125,7175,7125,3100
2022-10-17 09:54:00,7150,7125,7150,7125,7900
2022-10-17 09:55:00,7125,7125,7150,7150,12200
2022-10-17 09:56:00,7150,7150,7150,7150,6400
2022-10-17 09:57:00,7150,7150,7150,7150,24800
2022-10-17 09:58:00,7150,7150,7150,7150,3200
2022-10-17 09:59:00,7125,7125,7125,7125,900
2022-10-17 10:00:00,7125,7125,7125,7125,800
2022-10-17 10:01:00,7125,7125,7150,7150,4400
2022-10-17 10:02:00,7150,7150,7150,7150,400
2022-10-17 10:03:00,7125,7125,7150,7150,0
2022-10-17 10:04:00,7125,7125,7125,7125,400
2022-10-17 10:05:00,7150,7150,7150,7150,900
2022-10-17 10:06:00,7150,7150,7150,7150,300
2022-10-17 10:07:00,7125,7125,7125,7125,14400
2022-10-17 10:08:00,7125,7125,7150,7150,100
2022-10-17 10:09:00,7125,7125,7150,7150,3400
2022-10-17 10:10:00,7150,7125,7150,7125,4800
2022-10-17 10:11:00,7150,7150,7150,7150,9700
2022-10-17 10:12:00,7150,7150,7150,7150,400
2022-10-17 10:13:00,7175,7175,7175,7175,400
2022-10-17 10:14:00,7150,7150,7150,7150,800
2022-10-17 10:15:00,7150,7150,7150,7150,700
2022-10-17 10:16:00,7150,7150,7150,7150,600
2022-10-17 10:17:00,7150,7150,7150,7150,0
2022-10-17 10:18:00,7150,7150,7150,7150,0
2022-10-17 10:19:00,7150,7150,7150,7150,0
2022-10-17 10:20:00,7150,7150,7150,7150,0
2022-10-17 10:21:00,7150,7150,7150,7150,7600
2022-10-17 10:22:00,7150,7150,7150,7150,0
2022-10-17 10:23:00,7150,7150,7150,7150,6000
2022-10-17 10:24:00,7150,7150,7150,7150,0
2022-10-17 10:25:00,7150,7150,7150,7150,0
2022-10-17 10:26:00,7150,7150,7150,7150,1200
2022-10-17 10:27:00,7150,7150,7150,7150,0
2022-10-17 10:28:00,7175,7175,7175,7175,0
2022-10-17 10:29:00,7175,7175,7175,7175,700
2022-10-17 10:30:00,7175,7175,7175,7175,0
2022-10-17 10:31:00,7150,7150,7150,7150,0
2022-10-17 10:32:00,7175,7175,7175,7175,300
2022-10-17 10:33:00,7175,7175,7175,7175,0
2022-10-17 10:34:00,7175,7150,7175,7150,20600
2022-10-17 10:35:00,7175,7150,7175,7150,0
2022-10-17 10:36:00,7175,7150,7175,7150,0
2022-10-17 10:37:00,7150,7150,7150,7150,0
2022-10-17 10:38:00,7175,7175,7175,7175,100
2022-10-17 10:39:00,7175,7175,7175,7175,0
2022-10-17 10:40:00,7175,7175,7175,7175,0
2022-10-17 10:41:00,7175,7175,7175,7175,0
2022-10-17 10:42:00,7175,7175,7175,7175,0
2022-10-17 10:43:00,7175,7150,7175,7150,140300
2022-10-17 10:44:00,7150,7150,7150,7150,39100
2022-10-17 10:45:00,7150,7150,7150,7150,0
2022-10-17 10:46:00,7150,7150,7150,7150,0
2022-10-17 10:47:00,7150,7150,7150,7150,9800
2022-10-17 10:48:00,7150,7125,7150,7125,18000
2022-10-17 10:49:00,7150,7150,7150,7150,0
2022-10-17 10:50:00,7150,7150,7150,7150,100
2022-10-17 10:51:00,7125,7125,7125,7125,1200
2022-10-17 10:52:00,7150,7150,7150,7150,100
2022-10-17 10:53:00,7150,7150,7150,7150,1300
2022-10-17 10:54:00,7150,7150,7150,7150,2300
2022-10-17 10:55:00,7150,7150,7150,7150,37700
2022-10-17 10:56:00,7150,7150,7150,7150,39400
2022-10-17 10:57:00,7150,7150,7150,7150,34000
2022-10-17 10:58:00,7150,7150,7150,7150,89800
2022-10-17 10:59:00,7150,7150,7150,7150,0
2022-10-17 11:00:00,7150,7150,7150,7150,0
2022-10-17 11:01:00,7175,7175,7175,7175,0
2022-10-17 11:02:00,7150,7150,7175,7175,1400
2022-10-17 11:03:00,7150,7150,7175,7175,7500
2022-10-17 11:04:00,7175,7175,7175,7175,0
2022-10-17 11:05:00,7150,7150,7175,7175,65700
2022-10-17 11:06:00,7175,7175,7175,7175,700
2022-10-17 11:07:00,7175,7175,7175,7175,20900
2022-10-17 11:08:00,7175,7175,7175,7175,82200
2022-10-17 11:09:00,7175,7175,7175,7175,0
2022-10-17 11:10:00,7175,7175,7175,7175,0
2022-10-17 11:11:00,7175,7175,7175,7175,0
2022-10-17 11:12:00,7200,7200,7200,7200,58400
2022-10-17 11:13:00,7200,7200,7200,7200,0
2022-10-17 11:14:00,7200,7200,7200,7200,0
2022-10-17 11:15:00,7200,7200,7200,7200,4100
2022-10-17 11:16:00,7200,7200,7200,7200,700
2022-10-17 11:17:00,7200,7200,7200,7200,0
2022-10-17 11:18:00,7175,7175,7200,7200,3000
2022-10-17 11:19:00,7200,7200,7200,7200,400
2022-10-17 11:20:00,7200,7175,7200,7200,4800
2022-10-17 11:21:00,7200,7200,7200,7200,2700
2022-10-17 11:22:00,7200,7200,7200,7200,2800
2022-10-17 11:23:00,7200,7200,7200,7200,2300
2022-10-17 11:24:00,7200,7200,7200,7200,0
2022-10-17 11:25:00,7200,7200,7200,7200,4500
2022-10-17 11:26:00,7200,7200,7200,7200,0
2022-10-17 11:27:00,7200,7200,7200,7200,5700
2022-10-17 11:28:00,7200,7200,7225,7225,3800
2022-10-17 11:29:00,7225,7225,7225,7225,2700
2022-10-17 11:30:00,7225,7225,7225,7225,0
2022-10-17 11:31:00,7225,7225,7225,7225,0
2022-10-17 11:32:00,7225,7225,7225,7225,0
2022-10-17 11:33:00,7225,7225,7225,7225,0
2022-10-17 11:34:00,7225,7225,7225,7225,0
2022-10-17 11:35:00,7225,7225,7225,7225,0
2022-10-17 11:36:00,7225,7225,7225,7225,0
2022-10-17 11:37:00,7225,7225,7225,7225,0
2022-10-17 11:38:00,7225,7225,7225,7225,0
2022-10-17 11:39:00,7225,7225,7225,7225,0
2022-10-17 11:40:00,7225,7225,7225,7225,0
2022-10-17 11:41:00,7225,7225,7225,7225,0
2022-10-17 11:42:00,7225,7225,7225,7225,0
2022-10-17 11:43:00,7225,7225,7225,7225,0
2022-10-17 11:44:00,7225,7225,7225,7225,0
2022-10-17 11:45:00,7225,7225,7225,7225,0
2022-10-17 11:46:00,7225,7225,7225,7225,0
2022-10-17 11:47:00,7225,7225,7225,7225,0
2022-10-17 11:48:00,7225,7225,7225,7225,0
2022-10-17 11:49:00,7225,7225,7225,7225,0
2022-10-17 11:50:00,7225,7225,7225,7225,0
2022-10-17 11:51:00,7225,7225,7225,7225,0
2022-10-17 11:52:00,7225,7225,7225,7225,0
2022-10-17 11:53:00,7225,7225,7225,7225,0
2022-10-17 11:54:00,7225,7225,7225,7225,0
2022-10-17 11:55:00,7225,7225,7225,7225,0
2022-10-17 11:56:00,7225,7225,7225,7225,0
2022-10-17 11:57:00,7225,7225,7225,7225,0
2022-10-17 11:58:00,7225,7225,7225,7225,0
2022-10-17 11:59:00,7225,7225,7225,7225,0
2022-10-17 12:00:00,7225,7225,7225,7225,0
2022-10-17 12:01:00,7225,7225,7225,7225,0
2022-10-17 12:02:00,7225,7225,7225,7225,0
2022-10-17 12:03:00,7225,7225,7225,7225,0
2022-10-17 12:04:00,7225,7225,7225,7225,0
2022-10-17 12:05:00,7225,7225,7225,7225,0
2022-10-17 12:06:00,7225,7225,7225,7225,0
2022-10-17 12:07:00,7225,7225,7225,7225,0
2022-10-17 12:08:00,7225,7225,7225,7225,0
2022-10-17 12:09:00,7225,7225,7225,7225,0
2022-10-17 12:10:00,7225,7225,7225,7225,0
2022-10-17 12:11:00,7225,7225,7225,7225,0
2022-10-17 12:12:00,7225,7225,7225,7225,0
2022-10-17 12:13:00,7225,7225,7225,7225,0
2022-10-17 12:14:00,7225,7225,7225,7225,0
2022-10-17 12:15:00,7225,7225,7225,7225,0
2022-10-17 12:16:00,7225,7225,7225,7225,0
2022-10-17 12:17:00,7225,7225,7225,7225,0
2022-10-17 12:18:00,7225,7225,7225,7225,0
2022-10-17 12:19:00,7225,7225,7225,7225,0
2022-10-17 12:20:00,7225,7225,7225,7225,0
2022-10-17 12:21:00,7225,7225,7225,7225,0
2022-10-17 12:22:00,7225,7225,7225,7225,0
2022-10-17 12:23:00,7225,7225,7225,7225,0
2022-10-17 12:24:00,7225,7225,7225,7225,0
2022-10-17 12:25:00,7225,7225,7225,7225,0
2022-10-17 12:26:00,7225,7225,7225,7225,0
2022-10-17 12:27:00,7225,7225,7225,7225,0
2022-10-17 12:28:00,7225,7225,7225,7225,0
2022-10-17 12:29:00,7225,7225,7225,7225,0
2022-10-17 12:30:00,7225,7225,7225,7225,0
2022-10-17 12:31:00,7225,7225,7225,7225,0
2022-10-17 12:32:00,7225,7225,7225,7225,0
2022-10-17 12:33:00,7225,7225,7225,7225,0
2022-10-17 12:34:00,7225,7225,7225,7225,0
2022-10-17 12:35:00,7225,7225,7225,7225,0
2022-10-17 12:36:00,7225,7225,7225,7225,0
2022-10-17 12:37:00,7225,7225,7225,7225,0
2022-10-17 12:38:00,7225,7225,7225,7225,0
2022-10-17 12:39:00,7225,7225,7225,7225,0
2022-10-17 12:40:00,7225,7225,7225,7225,0
2022-10-17 12:41:00,7225,7225,7225,7225,0
2022-10-17 12:42:00,7225,7225,7225,7225,0
2022-10-17 12:43:00,7225,7225,7225,7225,0
2022-10-17 12:44:00,7225,7225,7225,7225,0
2022-10-17 12:45:00,7225,7225,7225,7225,0
2022-10-17 12:46:00,7225,7225,7225,7225,0
2022-10-17 12:47:00,7225,7225,7225,7225,0
2022-10-17 12:48:00,7225,7225,7225,7225,0
2022-10-17 12:49:00,7225,7225,7225,7225,0
2022-10-17 12:50:00,7225,7225,7225,7225,0
2022-10-17 12:51:00,7225,7225,7225,7225,0
2022-10-17 12:52:00,7225,7225,7225,7225,0
2022-10-17 12:53:00,7225,7225,7225,7225,0
2022-10-17 12:54:00,7225,7225,7225,7225,0
2022-10-17 12:55:00,7225,7225,7225,7225,0
2022-10-17 12:56:00,7225,7225,7225,7225,0
2022-10-17 12:57:00,7225,7225,7225,7225,0
2022-10-17 12:58:00,7225,7225,7225,7225,0
2022-10-17 12:59:00,7225,7225,7225,7225,0
2022-10-17 13:00:00,7225,7225,7225,7225,0
2022-10-17 13:01:00,7225,7225,7225,7225,0
2022-10-17 13:02:00,7225,7225,7225,7225,0
2022-10-17 13:03:00,7225,7225,7225,7225,0
2022-10-17 13:04:00,7225,7225,7225,7225,0
2022-10-17 13:05:00,7225,7225,7225,7225,0
2022-10-17 13:06:00,7225,7225,7225,7225,0
2022-10-17 13:07:00,7225,7225,7225,7225,0
2022-10-17 13:08:00,7225,7225,7225,7225,0
2022-10-17 13:09:00,7225,7225,7225,7225,0
2022-10-17 13:10:00,7225,7225,7225,7225,0
2022-10-17 13:11:00,7225,7225,7225,7225,0
2022-10-17 13:12:00,7225,7225,7225,7225,0
2022-10-17 13:13:00,7225,7225,7225,7225,0
2022-10-17 13:14:00,7225,7225,7225,7225,0
2022-10-17 13:15:00,7225,7225,7225,7225,0
2022-10-17 13:16:00,7225,7225,7225,7225,0
2022-10-17 13:17:00,7225,7225,7225,7225,0
2022-10-17 13:18:00,7225,7225,7225,7225,0
2022-10-17 13:19:00,7225,7225,7225,7225,0
2022-10-17 13:20:00,7225,7225,7225,7225,0
2022-10-17 13:21:00,7225,7225,7225,7225,0
2022-10-17 13:22:00,7225,7225,7225,7225,0
2022-10-17 13:23:00,7225,7225,7225,7225,0
2022-10-17 13:24:00,7225,7225,7225,7225,0
2022-10-17 13:25:00,7225,7225,7225,7225,0
2022-10-17 13:26:00,7225,7225,7225,7225,0
2022-10-17 13:27:00,7225,7225,7225,7225,0
2022-10-17 13:28:00,7225,7225,7225,7225,0
2022-10-17 13:29:00,7225,7225,7225,7225,0
2022-10-17 13:30:00,7225,7200,7225,7200,18100
2022-10-17 13:31:00,7225,7200,7225,7200,0
2022-10-17 13:32:00,7225,7200,7225,7200,0
2022-10-17 13:33:00,7225,7200,7225,7200,0
2022-10-17 13:34:00,7225,7225,7250,7250,48800
2022-10-17 13:35:00,7250,7250,7250,7250,700
2022-10-17 13:36:00,7250,7225,7250,7250,2500
2022-10-17 13:37:00,7250,7250,7250,7250,2800
2022-10-17 13:38:00,7250,7250,7250,7250,18200
2022-10-17 13:39:00,7250,7250,7275,7275,17000
2022-10-17 13:40:00,7250,7250,7275,7275,27200
2022-10-17 13:41:00,7250,7250,7275,7275,8700
2022-10-17 13:42:00,7250,7250,7275,7275,18600
2022-10-17 13:43:00,7275,7275,7275,7275,3200
2022-10-17 13:44:00,7275,7275,7275,7275,100
2022-10-17 13:45:00,7275,7275,7275,7275,1200
2022-10-17 13:46:00,7275,7275,7275,7275,8200
2022-10-17 13:47:00,7275,7250,7275,7275,6200
2022-10-17 13:48:00,7275,7275,7325,7300,80200
2022-10-17 13:49:00,7300,7300,7325,7300,13300
2022-10-17 13:50:00,7300,7275,7300,7275,21500
2022-10-17 13:51:00,7275,7275,7275,7275,500
2022-10-17 13:52:00,7275,7275,7275,7275,13500
2022-10-17 13:53:00,7275,7275,7275,7275,33300
2022-10-17 13:54:00,7275,7275,7275,7275,2600
2022-10-17 13:55:00,7275,7250,7300,7300,18700
2022-10-17 13:56:00,7300,7300,7300,7300,300
2022-10-17 13:57:00,7300,7300,7300,7300,2900
2022-10-17 13:58:00,7300,7275,7300,7275,0
2022-10-17 13:59:00,7275,7275,7275,7275,700
2022-10-17 14:00:00,7275,7275,7275,7275,0
2022-10-17 14:01:00,7275,7250,7300,7250,43000
2022-10-17 14:02:00,7250,7250,7275,7275,300
2022-10-17 14:03:00,7275,7275,7275,7275,300
2022-10-17 14:04:00,7275,7275,7275,7275,200
2022-10-17 14:05:00,7275,7275,7275,7275,1800
2022-10-17 14:06:00,7275,7275,7275,7275,1200
2022-10-17 14:07:00,7275,7275,7275,7275,800
2022-10-17 14:08:00,7275,7275,7275,7275,900
2022-10-17 14:09:00,7275,7275,7275,7275,1300
2022-10-17 14:10:00,7275,7275,7275,7275,5700
2022-10-17 14:11:00,7275,7275,7300,7300,2400
2022-10-17 14:12:00,7300,7300,7300,7300,1800
2022-10-17 14:13:00,7300,7300,7300,7300,9900
2022-10-17 14:14:00,7300,7300,7300,7300,800
2022-10-17 14:15:00,7300,7300,7300,7300,800
2022-10-17 14:16:00,7300,7300,7300,7300,1600
2022-10-17 14:17:00,7300,7300,7300,7300,4100
2022-10-17 14:18:00,7275,7275,7275,7275,16300
2022-10-17 14:19:00,7275,7275,7300,7300,3500
2022-10-17 14:20:00,7300,7300,7300,7300,500
2022-10-17 14:21:00,7300,7300,7300,7300,6300
2022-10-17 14:22:00,7300,7300,7300,7300,0
2022-10-17 14:23:00,7300,7250,7300,7250,1700
2022-10-17 14:24:00,7300,7250,7300,7300,2400
2022-10-17 14:25:00,7300,7300,7300,7300,700
2022-10-17 14:26:00,7300,7300,7300,7300,700
2022-10-17 14:27:00,7275,7275,7300,7300,1700
2022-10-17 14:28:00,7300,7300,7300,7300,1100
2022-10-17 14:29:00,7275,7275,7300,7300,900
2022-10-17 14:30:00,7300,7300,7300,7300,500
2022-10-17 14:31:00,7300,7300,7300,7300,400
2022-10-17 14:32:00,7300,7300,7300,7300,400
2022-10-17 14:33:00,7275,7275,7300,7300,400
2022-10-17 14:34:00,7300,7300,7300,7300,300
2022-10-17 14:35:00,7300,7300,7300,7300,1500
2022-10-17 14:36:00,7275,7275,7300,7300,3400
2022-10-17 14:37:00,7300,7300,7300,7300,1200
2022-10-17 14:38:00,7300,7300,7300,7300,300
2022-10-17 14:39:00,7300,7300,7300,7300,2700
2022-10-17 14:40:00,7300,7300,7300,7300,700
2022-10-17 14:41:00,7300,7300,7300,7300,600
2022-10-17 14:42:00,7275,7275,7300,7300,90600
2022-10-17 14:43:00,7300,7275,7300,7300,3300
2022-10-17 14:44:00,7300,7300,7300,7300,3100
2022-10-17 14:45:00,7300,7300,7300,7300,2400
2022-10-17 14:46:00,7300,7300,7300,7300,1100
2022-10-17 14:47:00,7300,7300,7300,7300,8900
2022-10-17 14:48:00,7300,7300,7300,7300,3600
2022-10-17 14:49:00,7300,7275,7300,7300,6100
2022-10-17 14:50:00,7300,7275,7300,7300,0
2022-10-17 14:51:00,7300,7275,7300,7300,0
2022-10-17 14:52:00,7300,7275,7300,7300,0
2022-10-17 14:53:00,7300,7275,7300,7300,0
2022-10-17 14:54:00,7300,7275,7300,7300,0
2022-10-17 14:55:00,7300,7275,7300,7300,0
2022-10-17 14:56:00,7300,7275,7300,7300,0
2022-10-17 14:57:00,7300,7275,7300,7300,0
2022-10-17 14:58:00,7300,7275,7300,7300,0
2022-10-17 14:59:00,7300,7275,7300,7300,0
2022-10-17 15:00:00,7300,7300,7300,7300,31400
2022-10-17 15:01:00,7300,7300,7300,7300,3600
2022-10-17 15:02:00,7300,7300,7300,7300,3800
2022-10-17 15:03:00,7300,7300,7300,7300,0
2022-10-17 15:04:00,7300,7300,7300,7300,0
2022-10-17 15:05:00,7300,7300,7300,7300,0
2022-10-17 15:06:00,7300,7300,7300,7300,0
2022-10-17 15:07:00,7300,7300,7300,7300,0
2022-10-17 15:08:00,7300,7300,7300,7300,0
2022-10-17 15:09:00,7300,7300,7300,7300,0
2022-10-17 15:10:00,7300,7300,7300,7300,300
2022-10-17 15:11:00,7300,7300,7300,7300,0
2022-10-17 15:12:00,7300,7300,7300,7300,0
2022-10-17 15:13:00,7300,7300,7300,7300,0
2022-10-17 15:14:00,7300,7300,7300,7300,2056100
2022-10-17 15:15:00,7300,7300,7300,7300,0
2022-10-17 15:16:00,7300,7300,7300,7300,0
2022-10-17 15:17:00,7300,7300,7300,7300,0
2022-10-17 15:18:00,7300,7300,7300,7300,0
2022-10-17 15:19:00,7300,7300,7300,7300,0
2022-10-17 15:20:00,7300,7300,7300,7300,0
2022-10-17 15:21:00,7300,7300,7300,7300,0
2022-10-17 15:22:00,7300,7300,7300,7300,0
2022-10-17 15:23:00,7300,7300,7300,7300,0
2022-10-17 15:24:00,7300,7300,7300,7300,0
2022-10-17 15:25:00,7300,7300,7300,7300,0
2022-10-17 15:26:00,7300,7300,7300,7300,0
2022-10-17 15:27:00,7300,7300,7300,7300,0
2022-10-17 15:28:00,7300,7300,7300,7300,0
2022-10-17 15:29:00,7300,7300,7300,7300,0
2022-10-17 15:30:00,7300,7300,7300,7300,0
2022-10-17 15:31:00,7300,7300,7300,7300,0
2022-10-17 15:32:00,7300,7300,7300,7300,0
2022-10-17 15:33:00,7300,7300,7300,7300,0
2022-10-17 15:34:00,7300,7300,7300,7300,0
2022-10-17 15:35:00,7300,7300,7300,7300,0
2022-10-17 15:36:00,7300,7300,7300,7300,0
2022-10-17 15:37:00,7300,7300,7300,7300,0
2022-10-17 15:38:00,7300,7300,7300,7300,0
2022-10-17 15:39:00,7300,7300,7300,7300,0
2022-10-17 15:40:00,7300,7300,7300,7300,0
2022-10-17 15:41:00,7300,7300,7300,7300,0
2022-10-17 15:42:00,7300,7300,7300,7300,0
2022-10-17 15:43:00,7300,7300,7300,7300,0
2022-10-17 15:44:00,7300,7300,7300,7300,0
2022-10-17 15:45:00,7300,7300,7300,7300,0
2022-10-17 15:46:00,7300,7300,7300,7300,0
2022-10-17 15:47:00,7300,7300,7300,7300,0
2022-10-17 15:48:00,7300,7300,7300,7300,0
2022-10-17 15:49:00,7300,7300,7300,7300,0
2022-10-17 15:50:00,7300,7300,7300,7300,0
2022-10-17 15:51:00,7300,7300,7300,7300,0
2022-10-17 15:52:00,7300,7300,7300,7300,0
2022-10-17 15:53:00,7300,7300,7300,7300,0
2022-10-17 15:54:00,7300,7300,7300,7300,0
2022-10-17 15:55:00,7300,7300,7300,7300,0
2022-10-17 15:56:00,7300,7300,7300,7300,0
2022-10-17 15:57:00,7300,7300,7300,7300,0
2022-10-17 15:58:00,7300,7300,7300,7300,0
2022-10-17 15:59:00,7300,7300,7300,7300,0
2022-10-18 09:00:00,7325,7300,7325,7325,0
2022-10-18 09:01:00,7375,7325,7375,7350,29300
2022-10-18 09:02:00,7350,7325,7350,7325,29200
2022-10-18 09:03:00,7350,7325,7350,7325,8100
2022-10-18 09:04:00,7325,7325,7350,7350,8200
2022-10-18 09:05:00,7375,7325,7375,7325,10400
2022-10-18 09:06:00,7325,7300,7325,7300,34400
2022-10-18 09:07:00,7300,7300,7325,7300,12000
2022-10-18 09:08:00,7300,7275,7300,7275,61400
2022-10-18 09:09:00,7275,7275,7275,7275,0
2022-10-18 09:10:00,7300,7275,7300,7275,1400
2022-10-18 09:11:00,7300,7300,7300,7300,1100
2022-10-18 09:12:00,7300,7300,7300,7300,3000
2022-10-18 09:13:00,7300,7300,7300,7300,17600
2022-10-18 09:14:00,7300,7300,7300,7300,0
2022-10-18 09:15:00,7300,7300,7300,7300,2000
2022-10-18 09:16:00,7300,7300,7300,7300,0
2022-10-18 09:17:00,7300,7300,7300,7300,100
2022-10-18 09:18:00,7300,7300,7300,7300,500
2022-10-18 09:19:00,7300,7300,7300,7300,25000
2022-10-18 09:20:00,7300,7300,7300,7300,400
2022-10-18 09:21:00,7300,7300,7300,7300,0
2022-10-18 09:22:00,7300,7300,7300,7300,0
2022-10-18 09:23:00,7300,7300,7300,7300,200
2022-10-18 09:24:00,7300,7300,7300,7300,500
2022-10-18 09:25:00,7300,7300,7300,7300,3000
2022-10-18 09:26:00,7300,7300,7300,7300,300
2022-10-18 09:27:00,7300,7300,7300,7300,2200
2022-10-18 09:28:00,7300,7300,7300,7300,12800
2022-10-18 09:29:00,7275,7275,7275,7275,600
2022-10-18 09:30:00,7275,7275,7275,7275,100
2022-10-18 09:31:00,7275,7275,7300,7300,200
2022-10-18 09:32:00,7275,7275,7300,7300,0
2022-10-18 09:33:00,7300,7300,7300,7300,4600
2022-10-18 09:34:00,7275,7275,7275,7275,0
2022-10-18 09:35:00,7275,7275,7275,7275,0
2022-10-18 09:36:00,7275,7275,7275,7275,0
2022-10-18 09:37:00,7300,7275,7300,7275,10100
2022-10-18 09:38:00,7275,7275,7300,7275,0
2022-10-18 09:39:00,7275,7275,7300,7275,0
2022-10-18 09:40:00,7275,7275,7300,7275,0
2022-10-18 09:41:00,7300,7300,7300,7300,1800
2022-10-18 09:42:00,7300,7275,7300,7275,2200
2022-10-18 09:43:00,7275,7275,7300,7300,10300
2022-10-18 09:44:00,7300,7300,7300,7300,1600
2022-10-18 09:45:00,7300,7300,7300,7300,1800
2022-10-18 09:46:00,7300,7300,7300,7300,0
2022-10-18 09:47:00,7300,7300,7300,7300,0
2022-10-18 09:48:00,7300,7300,7300,7300,1200
2022-10-18 09:49:00,7300,7300,7300,7300,500
2022-10-18 09:50:00,7275,7275,7300,7300,13100
2022-10-18 09:51:00,7275,7275,7300,7300,0
2022-10-18 09:52:00,7275,7275,7275,7275,0
2022-10-18 09:53:00,7275,7275,7275,7275,0
2022-10-18 09:54:00,7300,7300,7300,7300,400
2022-10-18 09:55:00,7275,7275,7275,7275,14800
2022-10-18 09:56:00,7275,7275,7275,7275,0
2022-10-18 09:57:00,7275,7275,7275,7275,0
2022-10-18 09:58:00,7275,7275,7275,7275,4700
2022-10-18 09:59:00,7300,7300,7300,7300,4400
2022-10-18 10:00:00,7300,7300,7300,7300,0
2022-10-18 10:01:00,7275,7275,7275,7275,12600
2022-10-18 10:02:00,7275,7275,7275,7275,100
2022-10-18 10:03:00,7275,7275,7275,7275,100
2022-10-18 10:04:00,7275,7275,7275,7275,0
2022-10-18 10:05:00,7275,7275,7275,7275,8300
2022-10-18 10:06:00,7250,7250,7250,7250,46700
2022-10-18 10:07:00,7250,7250,7250,7250,700
2022-10-18 10:08:00,7225,7225,7225,7225,5100
2022-10-18 10:09:00,7250,7250,7250,7250,200
2022-10-18 10:10:00,7250,7250,7250,7250,500
2022-10-18 10:11:00,7250,7250,7250,7250,200
2022-10-18 10:12:00,7225,7225,7225,7225,5300
2022-10-18 10:13:00,7225,7225,7225,7225,600
2022-10-18 10:14:00,7225,7225,7225,7225,5900
2022-10-18 10:15:00,7225,7225,7225,7225,0
2022-10-18 10:16:00,7250,7225,7250,7225,200
2022-10-18 10:17:00,7225,7225,7225,7225,0
2022-10-18 10:18:00,7225,7225,7225,7225,1300
2022-10-18 10:19:00,7225,7225,7225,7225,1800
2022-10-18 10:20:00,7250,7225,7250,7225,2600
2022-10-18 10:21:00,7250,7250,7250,7250,0
2022-10-18 10:22:00,7250,7250,7250,7250,0
2022-10-18 10:23:00,7250,7250,7250,7250,0
2022-10-18 10:24:00,7250,7250,7250,7250,10000
2022-10-18 10:25:00,7250,7250,7250,7250,0
2022-10-18 10:26:00,7250,7250,7250,7250,0
2022-10-18 10:27:00,7250,7250,7250,7250,0
2022-10-18 10:28:00,7250,7250,7250,7250,200
2022-10-18 10:29:00,7250,7250,7250,7250,500
2022-10-18 10:30:00,7225,7225,7225,7225,900
2022-10-18 10:31:00,7225,7225,7225,7225,0
2022-10-18 10:32:00,7225,7225,7225,7225,0
2022-10-18 10:33:00,7225,7225,7250,7250,15300
2022-10-18 10:34:00,7225,7225,7250,7250,0
2022-10-18 10:35:00,7225,7225,7225,7225,4300
2022-10-18 10:36:00,7225,7225,7225,7225,0
2022-10-18 10:37:00,7200,7200,7200,7200,65000
2022-10-18 10:38:00,7200,7175,7200,7200,16600
2022-10-18 10:39:00,7200,7200,7200,7200,500
2022-10-18 10:40:00,7200,7200,7200,7200,600
2022-10-18 10:41:00,7200,7175,7200,7175,12600
2022-10-18 10:42:00,7175,7175,7175,7175,8300
2022-10-18 10:43:00,7175,7175,7200,7200,6900
2022-10-18 10:44:00,7200,7200,7200,7200,400
2022-10-18 10:45:00,7200,7200,7200,7200,0
2022-10-18 10:46:00,7200,7200,7200,7200,0
2022-10-18 10:47:00,7200,7200,7200,7200,0
2022-10-18 10:48:00,7200,7200,7225,7225,7500
2022-10-18 10:49:00,7200,7200,7225,7225,0
2022-10-18 10:50:00,7225,7225,7225,7225,20400
2022-10-18 10:51:00,7225,7225,7225,7225,0
2022-10-18 10:52:00,7225,7225,7225,7225,0
2022-10-18 10:53:00,7225,7225,7225,7225,0
2022-10-18 10:54:00,7225,7225,7225,7225,1900
2022-10-18 10:55:00,7250,7250,7250,7250,44800
2022-10-18 10:56:00,7250,7250,7250,7250,0
2022-10-18 10:57:00,7225,7225,7225,7225,0
2022-10-18 10:58:00,7225,7225,7225,7225,7500
2022-10-18 10:59:00,7225,7225,7225,7225,5000
2022-10-18 11:00:00,7225,7225,7250,7250,3000
2022-10-18 11:01:00,7225,7225,7250,7250,0
2022-10-18 11:02:00,7225,7225,7250,7250,0
2022-10-18 11:03:00,7250,7225,7250,7225,200
2022-10-18 11:04:00,7250,7225,7250,7225,0
2022-10-18 11:05:00,7250,7225,7250,7225,0
2022-10-18 11:06:00,7250,7225,7250,7225,0
2022-10-18 11:07:00,7250,7225,7250,7225,0
2022-10-18 11:08:00,7250,7225,7250,7225,0
2022-10-18 11:09:00,7250,7250,7250,7250,700
2022-10-18 11:10:00,7250,7250,7250,7250,0
2022-10-18 11:11:00,7250,7250,7250,7250,0
2022-10-18 11:12:00,7250,7250,7250,7250,0
2022-10-18 11:13:00,7250,7250,7250,7250,0
2022-10-18 11:14:00,7250,7250,7250,7250,0
2022-10-18 11:15:00,7250,7250,7250,7250,1800
2022-10-18 11:16:00,7250,7250,7250,7250,600
2022-10-18 11:17:00,7250,7250,7250,7250,5800
2022-10-18 11:18:00,7250,7250,7250,7250,1000
2022-10-18 11:19:00,7250,7250,7250,7250,0
2022-10-18 11:20:00,7250,7250,7250,7250,2100
2022-10-18 11:21:00,7250,7250,7250,7250,19300
2022-10-18 11:22:00,7250,7250,7250,7250,0
2022-10-18 11:23:00,7250,7250,7250,7250,0
2022-10-18 11:24:00,7250,7250,7250,7250,0
2022-10-18 11:25:00,7250,7250,7250,7250,0
2022-10-18 11:26:00,7250,7250,7250,7250,0
2022-10-18 11:27:00,7275,7250,7275,7250,500
2022-10-18 11:28:00,7275,7275,7275,7275,2400
2022-10-18 11:29:00,7275,7275,7275,7275,200
2022-10-18 11:30:00,7275,7275,7275,7275,0
2022-10-18 11:31:00,7275,7275,7275,7275,0
2022-10-18 11:32:00,7275,7275,7275,7275,0
2022-10-18 11:33:00,7275,7275,7275,7275,0
2022-10-18 11:34:00,7275,7275,7275,7275,0
2022-10-18 11:35:00,7275,7275,7275,7275,0
2022-10-18 11:36:00,7275,7275,7275,7275,0
2022-10-18 11:37:00,7275,7275,7275,7275,0
2022-10-18 11:38:00,7275,7275,7275,7275,0
2022-10-18 11:39:00,7275,7275,7275,7275,0
2022-10-18 11:40:00,7275,7275,7275,7275,0
2022-10-18 11:41:00,7275,7275,7275,7275,0
2022-10-18 11:42:00,7275,7275,7275,7275,0
2022-10-18 11:43:00,7275,7275,7275,7275,0
2022-10-18 11:44:00,7275,7275,7275,7275,0
2022-10-18 11:45:00,7275,7275,7275,7275,0
2022-10-18 11:46:00,7275,7275,7275,7275,0
2022-10-18 11:47:00,7275,7275,7275,7275,0
2022-10-18 11:48:00,7275,7275,7275,7275,0
2022-10-18 11:49:00,7275,7275,7275,7275,0
2022-10-18 11:50:00,7275,7275,7275,7275,0
2022-10-18 11:51:00,7275,7275,7275,7275,0
2022-10-18 11:52:00,7275,7275,7275,7275,0
2022-10-18 11:53:00,7275,7275,7275,7275,0
2022-10-18 11:54:00,7275,7275,7275,7275,0
2022-10-18 11:55:00,7275,7275,7275,7275,0
2022-10-18 11:56:00,7275,7275,7275,7275,0
2022-10-18 11:57:00,7275,7275,7275,7275,0
2022-10-18 11:58:00,7275,7275,7275,7275,0
2022-10-18 11:59:00,7275,7275,7275,7275,0
2022-10-18 12:00:00,7275,7275,7275,7275,0
2022-10-18 12:01:00,7275,7275,7275,7275,0
2022-10-18 12:02:00,7275,7275,7275,7275,0
2022-10-18 12:03:00,7275,7275,7275,7275,0
2022-10-18 12:04:00,7275,7275,7275,7275,0
2022-10-18 12:05:00,7275,7275,7275,7275,0
2022-10-18 12:06:00,7275,7275,7275,7275,0
2022-10-18 12:07:00,7275,7275,7275,7275,0
2022-10-18 12:08:00,7275,7275,7275,7275,0
2022-10-18 12:09:00,7275,7275,7275,7275,0
2022-10-18 12:10:00,7275,7275,7275,7275,0
2022-10-18 12:11:00,7275,7275,7275,7275,0
2022-10-18 12:12:00,7275,7275,7275,7275,0
2022-10-18 12:13:00,7275,7275,7275,7275,0
2022-10-18 12:14:00,7275,7275,7275,7275,0
2022-10-18 12:15:00,7275,7275,7275,7275,0
2022-10-18 12:16:00,7275,7275,7275,7275,0
2022-10-18 12:17:00,7275,7275,7275,7275,0
2022-10-18 12:18:00,7275,7275,7275,7275,0
2022-10-18 12:19:00,7275,7275,7275,7275,0
2022-10-18 12:20:00,7275,7275,7275,7275,0
2022-10-18 12:21:00,7275,7275,7275,7275,0
2022-10-18 12:22:00,7275,7275,7275,7275,0
2022-10-18 12:23:00,7275,7275,7275,7275,0
2022-10-18 12:24:00,7275,7275,7275,7275,0
2022-10-18 12:25:00,7275,7275,7275,7275,0
2022-10-18 12:26:00,7275,7275,7275,7275,0
2022-10-18 12:27:00,7275,7275,7275,7275,0
2022-10-18 12:28:00,7275,7275,7275,7275,0
2022-10-18 12:29:00,7275,7275,7275,7275,0
2022-10-18 12:30:00,7275,7275,7275,7275,0
2022-10-18 12:31:00,7275,7275,7275,7275,0
2022-10-18 12:32:00,7275,7275,7275,7275,0
2022-10-18 12:33:00,7275,7275,7275,7275,0
2022-10-18 12:34:00,7275,7275,7275,7275,0
2022-10-18 12:35:00,7275,7275,7275,7275,0
2022-10-18 12:36:00,7275,7275,7275,7275,0
2022-10-18 12:37:00,7275,7275,7275,7275,0
2022-10-18 12:38:00,7275,7275,7275,7275,0
2022-10-18 12:39:00,7275,7275,7275,7275,0
2022-10-18 12:40:00,7275,7275,7275,7275,0
2022-10-18 12:41:00,7275,7275,7275,7275,0
2022-10-18 12:42:00,7275,7275,7275,7275,0
2022-10-18 12:43:00,7275,7275,7275,7275,0
2022-10-18 12:44:00,7275,7275,7275,7275,0
2022-10-18 12:45:00,7275,7275,7275,7275,0
2022-10-18 12:46:00,7275,7275,7275,7275,0
2022-10-18 12:47:00,7275,7275,7275,7275,0
2022-10-18 12:48:00,7275,7275,7275,7275,0
2022-10-18 12:49:00,7275,7275,7275,7275,0
2022-10-18 12:50:00,7275,7275,7275,7275,0
2022-10-18 12:51:00,7275,7275,7275,7275,0
2022-10-18 12:52:00,7275,7275,7275,7275,0
2022-10-18 12:53:00,7275,7275,7275,7275,0
2022-10-18 12:54:00,7275,7275,7275,7275,0
2022-10-18 12:55:00,7275,7275,7275,7275,0
2022-10-18 12:56:00,7275,7275,7275,7275,0
2022-10-18 12:57:00,7275,7275,7275,7275,0
2022-10-18 12:58:00,7275,7275,7275,7275,0
2022-10-18 12:59:00,7275,7275,7275,7275,0
2022-10-18 13:00:00,7275,7275,7275,7275,0
2022-10-18 13:01:00,7275,7275,7275,7275,0
2022-10-18 13:02:00,7275,7275,7275,7275,0
2022-10-18 13:03:00,7275,7275,7275,7275,0
2022-10-18 13:04:00,7275,7275,7275,7275,0
2022-10-18 13:05:00,7275,7275,7275,7275,0
2022-10-18 13:06:00,7275,7275,7275,7275,0
2022-10-18 13:07:00,7275,7275,7275,7275,0
2022-10-18 13:08:00,7275,7275,7275,7275,0
2022-10-18 13:09:00,7275,7275,7275,7275,0
2022-10-18 13:10:00,7275,7275,7275,7275,0
2022-10-18 13:11:00,7275,7275,7275,7275,0
2022-10-18 13:12:00,7275,7275,7275,7275,0
2022-10-18 13:13:00,7275,7275,7275,7275,0
2022-10-18 13:14:00,7275,7275,7275,7275,0
2022-10-18 13:15:00,7275,7275,7275,7275,0
2022-10-18 13:16:00,7275,7275,7275,7275,0
2022-10-18 13:17:00,7275,7275,7275,7275,0
2022-10-18 13:18:00,7275,7275,7275,7275,0
2022-10-18 13:19:00,7275,7275,7275,7275,0
2022-10-18 13:20:00,7275,7275,7275,7275,0
2022-10-18 13:21:00,7275,7275,7275,7275,0
2022-10-18 13:22:00,7275,7275,7275,7275,0
2022-10-18 13:23:00,7275,7275,7275,7275,0
2022-10-18 13:24:00,7275,7275,7275,7275,0
2022-10-18 13:25:00,7275,7275,7275,7275,0
2022-10-18 13:26:00,7275,7275,7275,7275,0
2022-10-18 13:27:00,7275,7275,7275,7275,0
2022-10-18 13:28:00,7275,7275,7275,7275,0
2022-10-18 13:29:00,7275,7275,7275,7275,0
2022-10-18 13:30:00,7250,7250,7275,7275,5500
2022-10-18 13:31:00,7250,7250,7275,7275,0
2022-10-18 13:32:00,7275,7275,7275,7275,700
2022-10-18 13:33:00,7250,7250,7250,7250,3100
2022-10-18 13:34:00,7250,7250,7250,7250,0
2022-10-18 13:35:00,7250,7250,7250,7250,0
2022-10-18 13:36:00,7250,7250,7250,7250,0
2022-10-18 13:37:00,7250,7250,7250,7250,0
2022-10-18 13:38:00,7275,7275,7275,7275,4000
2022-10-18 13:39:00,7275,7275,7275,7275,0
2022-10-18 13:40:00,7250,7250,7250,7250,600
2022-10-18 13:41:00,7275,7275,7275,7275,7000
2022-10-18 13:42:00,7275,7275,7275,7275,2000
2022-10-18 13:43:00,7275,7275,7275,7275,2400
2022-10-18 13:44:00,7275,7275,7275,7275,0
2022-10-18 13:45:00,7275,7275,7275,7275,3100
2022-10-18 13:46:00,7275,7275,7275,7275,1000
2022-10-18 13:47:00,7300,7300,7300,7300,1300
2022-10-18 13:48:00,7300,7300,7300,7300,0
2022-10-18 13:49:00,7300,7300,7300,7300,0
2022-10-18 13:50:00,7300,7300,7300,7300,0
2022-10-18 13:51:00,7300,7300,7300,7300,0
2022-10-18 13:52:00,7300,7300,7300,7300,2700
2022-10-18 13:53:00,7300,7300,7300,7300,0
2022-10-18 13:54:00,7300,7300,7300,7300,0
2022-10-18 13:55:00,7300,7300,7300,7300,200
2022-10-18 13:56:00,7300,7275,7300,7275,12000
2022-10-18 13:57:00,7275,7275,7275,7275,200
2022-10-18 13:58:00,7275,7275,7275,7275,500
2022-10-18 13:59:00,7275,7250,7275,7275,11000
2022-10-18 14:00:00,7275,7275,7275,7275,200
2022-10-18 14:01:00,7275,7275,7275,7275,0
2022-10-18 14:02:00,7250,7250,7250,7250,1100
2022-10-18 14:03:00,7275,7275,7275,7275,1100
2022-10-18 14:04:00,7275,7250,7275,7275,7100
2022-10-18 14:05:00,7275,7275,7275,7275,300
2022-10-18 14:06:00,7250,7250,7250,7250,600
2022-10-18 14:07:00,7250,7250,7250,7250,0
2022-10-18 14:08:00,7275,7275,7275,7275,300
2022-10-18 14:09:00,7275,7275,7275,7275,200
2022-10-18 14:10:00,7275,7275,7275,7275,0
2022-10-18 14:11:00,7275,7250,7275,7250,5400
2022-10-18 14:12:00,7275,7275,7275,7275,300
2022-10-18 14:13:00,7275,7275,7275,7275,11000
2022-10-18 14:14:00,7275,7275,7275,7275,0
2022-10-18 14:15:00,7275,7275,7275,7275,0
2022-10-18 14:16:00,7275,7275,7275,7275,0
2022-10-18 14:17:00,7275,7275,7275,7275,30200
2022-10-18 14:18:00,7275,7275,7275,7275,0
2022-10-18 14:19:00,7275,7275,7275,7275,0
2022-10-18 14:20:00,7275,7275,7275,7275,0
2022-10-18 14:21:00,7250,7250,7275,7275,5100
2022-10-18 14:22:00,7275,7275,7275,7275,0
2022-10-18 14:23:00,7250,7250,7250,7250,18200
2022-10-18 14:24:00,7275,7250,7275,7250,0
2022-10-18 14:25:00,7225,7225,7250,7250,3600
2022-10-18 14:26:00,7250,7250,7275,7275,8200
2022-10-18 14:27:00,7275,7275,7275,7275,200
2022-10-18 14:28:00,7275,7275,7275,7275,400
2022-10-18 14:29:00,7275,7275,7275,7275,200
2022-10-18 14:30:00,7275,7275,7275,7275,5900
2022-10-18 14:31:00,7250,7250,7275,7275,2000
2022-10-18 14:32:00,7275,7250,7275,7250,1900
2022-10-18 14:33:00,7275,7275,7275,7275,0
2022-10-18 14:34:00,7250,7250,7275,7275,2800
2022-10-18 14:35:00,7250,7250,7275,7275,12600
2022-10-18 14:36:00,7250,7250,7275,7275,0
2022-10-18 14:37:00,7275,7250,7275,7275,9100
2022-10-18 14:38:00,7275,7250,7275,7275,13800
2022-10-18 14:39:00,7275,7250,7275,7275,900
2022-10-18 14:40:00,7250,7250,7275,7275,1000
2022-10-18 14:41:00,7275,7250,7300,7300,20700
2022-10-18 14:42:00,7300,7300,7300,7300,3800
2022-10-18 14:43:00,7300,7275,7300,7300,7300
2022-10-18 14:44:00,7300,7275,7300,7300,3300
2022-10-18 14:45:00,7300,7300,7300,7300,18700
2022-10-18 14:46:00,7300,7275,7300,7275,11100
2022-10-18 14:47:00,7275,7275,7300,7300,21400
2022-10-18 14:48:00,7300,7275,7300,7275,15700
2022-10-18 14:49:00,7275,7250,7275,7250,5700
2022-10-18 14:50:00,7275,7250,7275,7250,0
2022-10-18 14:51:00,7275,7250,7275,7250,0
2022-10-18 14:52:00,7275,7250,7275,7250,0
2022-10-18 14:53:00,7275,7250,7275,7250,0
2022-10-18 14:54:00,7275,7250,7275,7250,0
2022-10-18 14:55:00,7275,7250,7275,7250,0
2022-10-18 14:56:00,7275,7250,7275,7250,0
2022-10-18 14:57:00,7275,7250,7275,7250,0
2022-10-18 14:58:00,7275,7250,7275,7250,0
2022-10-18 14:59:00,7275,7250,7275,7250,0
2022-10-18 15:00:00,7300,7300,7300,7300,47600
2022-10-18 15:01:00,7300,7300,7300,7300,0
2022-10-18 15:02:00,7300,7300,7300,7300,200
2022-10-18 15:03:00,7300,7300,7300,7300,20900
2022-10-18 15:04:00,7300,7300,7300,7300,1046100
2022-10-18 15:05:00,7300,7300,7300,7300,0
2022-10-18 15:06:00,7300,7300,7300,7300,0
2022-10-18 15:07:00,7300,7300,7300,7300,0
2022-10-18 15:08:00,7300,7300,7300,7300,0
2022-10-18 15:09:00,7300,7300,7300,7300,0
2022-10-18 15:10:00,7300,7300,7300,7300,0
2022-10-18 15:11:00,7300,7300,7300,7300,0
2022-10-18 15:12:00,7300,7300,7300,7300,0
2022-10-18 15:13:00,7300,7300,7300,7300,0
2022-10-18 15:14:00,7300,7300,7300,7300,0
2022-10-18 15:15:00,7300,7300,7300,7300,0
2022-10-18 15:16:00,7300,7300,7300,7300,0
2022-10-18 15:17:00,7300,7300,7300,7300,0
2022-10-18 15:18:00,7300,7300,7300,7300,0
2022-10-18 15:19:00,7300,7300,7300,7300,0
2022-10-18 15:20:00,7300,7300,7300,7300,0
2022-10-18 15:21:00,7300,7300,7300,7300,0
2022-10-18 15:22:00,7300,7300,7300,7300,0
2022-10-18 15:23:00,7300,7300,7300,7300,0
2022-10-18 15:24:00,7300,7300,7300,7300,0
2022-10-18 15:25:00,7300,7300,7300,7300,0
2022-10-18 15:26:00,7300,7300,7300,7300,0
2022-10-18 15:27:00,7300,7300,7300,7300,0
2022-10-18 15:28:00,7300,7300,7300,7300,0
2022-10-18 15:29:00,7300,7300,7300,7300,0
2022-10-18 15:30:00,7300,7300,7300,7300,0
2022-10-18 15:31:00,7300,7300,7300,7300,0
2022-10-18 15:32:00,7300,7300,7300,7300,0
2022-10-18 15:33:00,7300,7300,7300,7300,0
2022-10-18 15:34:00,7300,7300,7300,7300,0
2022-10-18 15:35:00,7300,7300,7300,7300,0
2022-10-18 15:36:00,7300,7300,7300,7300,0
2022-10-18 15:37:00,7300,7300,7300,7300,0
2022-10-18 15:38:00,7300,7300,7300,7300,0
2022-10-18 15:39:00,7300,7300,7300,7300,0
2022-10-18 15:40:00,7300,7300,7300,7300,0
2022-10-18 15:41:00,7300,7300,7300,7300,0
2022-10-18 15:42:00,7300,7300,7300,7300,0
2022-10-18 15:43:00,7300,7300,7300,7300,0
2022-10-18 15:44:00,7300,7300,7300,7300,0
2022-10-18 15:45:00,7300,7300,7300,7300,0
2022-10-18 15:46:00,7300,7300,7300,7300,0
2022-10-18 15:47:00,7300,7300,7300,7300,0
2022-10-18 15:48:00,7300,7300,7300,7300,0
2022-10-18 15:49:00,7300,7300,7300,7300,0
2022-10-18 15:50:00,7300,7300,7300,7300,0
2022-10-18 15:51:00,7300,7300,7300,7300,0
2022-10-18 15:52:00,7300,7300,7300,7300,0
2022-10-18 15:53:00,7300,7300,7300,7300,0
2022-10-18 15:54:00,7300,7300,7300,7300,0
2022-10-18 15:55:00,7300,7300,7300,7300,0
2022-10-18 15:56:00,7300,7300,7300,7300,0
2022-10-18 15:57:00,7300,7300,7300,7300,0
2022-10-18 15:58:00,7300,7300,7300,7300,0
2022-10-18 15:59:00,7300,7300,7300,7300,0
2022-10-19 09:00:00,7300,7300,7300,7300,0
2022-10-19 09:01:00,7300,7300,7300,7300,8700
2022-10-19 09:02:00,7300,7300,7300,7300,1300
2022-10-19 09:03:00,7300,7300,7300,7300,6300
2022-10-19 09:04:00,7275,7275,7300,7300,2000
2022-10-19 09:05:00,7300,7275,7300,7275,3000
2022-10-19 09:06:00,7275,7275,7275,7275,0
2022-10-19 09:07:00,7275,7275,7275,7275,5700
2022-10-19 09:08:00,7275,7275,7275,7275,0
2022-10-19 09:09:00,7250,7250,7250,7250,7700
2022-10-19 09:10:00,7250,7250,7250,7250,200
2022-10-19 09:11:00,7225,7225,7225,7225,300
2022-10-19 09:12:00,7225,7225,7225,7225,0
2022-10-19 09:13:00,7225,7225,7225,7225,0
2022-10-19 09:14:00,7225,7225,7225,7225,8200
2022-10-19 09:15:00,7225,7225,7225,7225,100
2022-10-19 09:16:00,7225,7200,7225,7200,2300
2022-10-19 09:17:00,7225,7225,7225,7225,0
2022-10-19 09:18:00,7225,7225,7225,7225,1700
2022-10-19 09:19:00,7225,7225,7225,7225,9100
2022-10-19 09:20:00,7225,7225,7225,7225,0
2022-10-19 09:21:00,7225,7175,7225,7175,84700
2022-10-19 09:22:00,7200,7200,7200,7200,1300
2022-10-19 09:23:00,7225,7225,7225,7225,4400
2022-10-19 09:24:00,7250,7250,7250,7250,3600
2022-10-19 09:25:00,7225,7225,7275,7275,36300
2022-10-19 09:26:00,7225,7225,7275,7275,0
2022-10-19 09:27:00,7225,7225,7275,7275,0
2022-10-19 09:28:00,7225,7225,7275,7275,0
2022-10-19 09:29:00,7250,7250,7250,7250,0
2022-10-19 09:30:00,7225,7225,7225,7225,3600
2022-10-19 09:31:00,7225,7225,7225,7225,900
2022-10-19 09:32:00,7225,7225,7225,7225,700
2022-10-19 09:33:00,7225,7225,7225,7225,0
2022-10-19 09:34:00,7225,7200,7225,7225,45500
2022-10-19 09:35:00,7225,7225,7225,7225,0
2022-10-19 09:36:00,7225,7225,7225,7225,100
2022-10-19 09:37:00,7225,7225,7225,7225,0
2022-10-19 09:38:00,7225,7225,7225,7225,2400
2022-10-19 09:39:00,7225,7225,7225,7225,200
2022-10-19 09:40:00,7225,7225,7225,7225,1200
2022-10-19 09:41:00,7225,7225,7225,7225,2800
2022-10-19 09:42:00,7225,7225,7225,7225,2600
2022-10-19 09:43:00,7225,7225,7225,7225,0
2022-10-19 09:44:00,7250,7250,7250,7250,0
2022-10-19 09:45:00,7250,7250,7250,7250,26600
2022-10-19 09:46:00,7250,7250,7250,7250,0
2022-10-19 09:47:00,7250,7250,7250,7250,0
2022-10-19 09:48:00,7250,7250,7250,7250,0
2022-10-19 09:49:00,7250,7250,7250,7250,3100
2022-10-19 09:50:00,7250,7250,7250,7250,0
2022-10-19 09:51:00,7250,7250,7250,7250,0
2022-10-19 09:52:00,7250,7250,7250,7250,5500
2022-10-19 09:53:00,7250,7250,7250,7250,900
2022-10-19 09:54:00,7250,7250,7250,7250,0
2022-10-19 09:55:00,7250,7250,7275,7275,4500
2022-10-19 09:56:00,7250,7250,7275,7275,0
2022-10-19 09:57:00,7250,7250,7275,7275,0
2022-10-19 09:58:00,7250,7250,7250,7250,2000
2022-10-19 09:59:00,7250,7250,7250,7250,0
2022-10-19 10:00:00,7250,7250,7250,7250,0
2022-10-19 10:01:00,7250,7250,7250,7250,0
2022-10-19 10:02:00,7250,7250,7250,7250,13300
2022-10-19 10:03:00,7250,7250,7250,7250,0
2022-10-19 10:04:00,7275,7275,7275,7275,7000
2022-10-19 10:05:00,7250,7225,7250,7225,5400
2022-10-19 10:06:00,7250,7250,7250,7250,0
2022-10-19 10:07:00,7250,7250,7250,7250,0
2022-10-19 10:08:00,7250,7250,7250,7250,100
2022-10-19 10:09:00,7275,7275,7275,7275,1500
2022-10-19 10:10:00,7275,7275,7275,7275,0
2022-10-19 10:11:00,7275,7275,7275,7275,5400
2022-10-19 10:12:00,7250,7250,7300,7300,2000
2022-10-19 10:13:00,7250,7250,7300,7300,0
2022-10-19 10:14:00,7250,7250,7300,7300,0
2022-10-19 10:15:00,7250,7250,7300,7300,0
2022-10-19 10:16:00,7250,7250,7300,7300,0
2022-10-19 10:17:00,7250,7250,7300,7300,0
2022-10-19 10:18:00,7275,7275,7275,7275,5500
2022-10-19 10:19:00,7275,7275,7275,7275,0
2022-10-19 10:20:00,7275,7275,7275,7275,3400
2022-10-19 10:21:00,7275,7275,7275,7275,0
2022-10-19 10:22:00,7275,7275,7275,7275,0
2022-10-19 10:23:00,7275,7275,7275,7275,0
2022-10-19 10:24:00,7275,7275,7275,7275,0
2022-10-19 10:25:00,7275,7275,7275,7275,1400
2022-10-19 10:26:00,7275,7275,7275,7275,0
2022-10-19 10:27:00,7275,7275,7275,7275,0
2022-10-19 10:28:00,7275,7275,7275,7275,4800
2022-10-19 10:29:00,7275,7275,7275,7275,0
2022-10-19 10:30:00,7275,7275,7275,7275,600
2022-10-19 10:31:00,7275,7275,7275,7275,0
2022-10-19 10:32:00,7275,7275,7275,7275,0
2022-10-19 10:33:00,7300,7300,7300,7300,300
2022-10-19 10:34:00,7300,7300,7300,7300,0
2022-10-19 10:35:00,7275,7275,7275,7275,400
2022-10-19 10:36:00,7275,7275,7275,7275,0
2022-10-19 10:37:00,7275,7275,7275,7275,0
2022-10-19 10:38:00,7275,7275,7275,7275,0
2022-10-19 10:39:00,7275,7275,7275,7275,3000
2022-10-19 10:40:00,7275,7275,7275,7275,0
2022-10-19 10:41:00,7275,7275,7275,7275,0
2022-10-19 10:42:00,7275,7275,7275,7275,0
2022-10-19 10:43:00,7275,7275,7275,7275,0
2022-10-19 10:44:00,7275,7275,7275,7275,1500
2022-10-19 10:45:00,7275,7275,7275,7275,500
2022-10-19 10:46:00,7300,7300,7300,7300,2500
2022-10-19 10:47:00,7300,7300,7300,7300,0
2022-10-19 10:48:00,7300,7300,7300,7300,0
2022-10-19 10:49:00,7300,7300,7300,7300,0
2022-10-19 10:50:00,7300,7300,7300,7300,0
2022-10-19 10:51:00,7300,7300,7300,7300,0
2022-10-19 10:52:00,7300,7300,7300,7300,0
2022-10-19 10:53:00,7300,7300,7300,7300,0
2022-10-19 10:54:00,7275,7275,7275,7275,0
2022-10-19 10:55:00,7275,7275,7275,7275,400
2022-10-19 10:56:00,7275,7275,7275,7275,700
2022-10-19 10:57:00,7300,7300,7300,7300,72000
2022-10-19 10:58:00,7300,7300,7300,7300,1400
2022-10-19 10:59:00,7300,7300,7300,7300,0
2022-10-19 11:00:00,7300,7300,7300,7300,0
2022-10-19 11:01:00,7300,7300,7300,7300,0
2022-10-19 11:02:00,7300,7300,7325,7325,0
2022-10-19 11:03:00,7300,7300,7325,7325,0
2022-10-19 11:04:00,7300,7300,7325,7325,0
2022-10-19 11:05:00,7325,7325,7325,7325,2500
2022-10-19 11:06:00,7325,7300,7325,7300,9700
2022-10-19 11:07:00,7325,7300,7325,7300,0
2022-10-19 11:08:00,7300,7300,7300,7300,2900
2022-10-19 11:09:00,7300,7300,7300,7300,300
2022-10-19 11:10:00,7300,7300,7300,7300,0
2022-10-19 11:11:00,7300,7300,7300,7300,0
2022-10-19 11:12:00,7300,7300,7300,7300,21100
2022-10-19 11:13:00,7300,7300,7300,7300,0
2022-10-19 11:14:00,7300,7300,7300,7300,0
2022-10-19 11:15:00,7300,7300,7300,7300,0
2022-10-19 11:16:00,7300,7300,7300,7300,2400
2022-10-19 11:17:00,7300,7300,7300,7300,8600
2022-10-19 11:18:00,7300,7300,7300,7300,2600
2022-10-19 11:19:00,7300,7300,7300,7300,0
2022-10-19 11:20:00,7300,7300,7300,7300,12000
2022-10-19 11:21:00,7300,7300,7300,7300,3700
2022-10-19 11:22:00,7300,7300,7300,7300,0
2022-10-19 11:23:00,7300,7300,7300,7300,0
2022-10-19 11:24:00,7300,7300,7300,7300,0
2022-10-19 11:25:00,7300,7300,7300,7300,0
2022-10-19 11:26:00,7300,7300,7300,7300,0
2022-10-19 11:27:00,7300,7300,7300,7300,0
2022-10-19 11:28:00,7300,7300,7300,7300,0
2022-10-19 11:29:00,7300,7300,7300,7300,0
2022-10-19 11:30:00,7300,7300,7300,7300,0
2022-10-19 11:31:00,7300,7300,7300,7300,0
2022-10-19 11:32:00,7300,7300,7300,7300,0
2022-10-19 11:33:00,7300,7300,7300,7300,0
2022-10-19 11:34:00,7300,7300,7300,7300,0
2022-10-19 11:35:00,7300,7300,7300,7300,0
2022-10-19 11:36:00,7300,7300,7300,7300,0
2022-10-19 11:37:00,7300,7300,7300,7300,0
2022-10-19 11:38:00,7300,7300,7300,7300,0
2022-10-19 11:39:00,7300,7300,7300,7300,0
2022-10-19 11:40:00,7300,7300,7300,7300,0
2022-10-19 11:41:00,7300,7300,7300,7300,0
2022-10-19 11:42:00,7300,7300,7300,7300,0
2022-10-19 11:43:00,7300,7300,7300,7300,0
2022-10-19 11:44:00,7300,7300,7300,7300,0
2022-10-19 11:45:00,7300,7300,7300,7300,0
2022-10-19 11:46:00,7300,7300,7300,7300,0
2022-10-19 11:47:00,7300,7300,7300,7300,0
2022-10-19 11:48:00,7300,7300,7300,7300,0
2022-10-19 11:49:00,7300,7300,7300,7300,0
2022-10-19 11:50:00,7300,7300,7300,7300,0
2022-10-19 11:51:00,7300,7300,7300,7300,0
2022-10-19 11:52:00,7300,7300,7300,7300,0
2022-10-19 11:53:00,7300,7300,7300,7300,0
2022-10-19 11:54:00,7300,7300,7300,7300,0
2022-10-19 11:55:00,7300,7300,7300,7300,0
2022-10-19 11:56:00,7300,7300,7300,7300,0
2022-10-19 11:57:00,7300,7300,7300,7300,0
2022-10-19 11:58:00,7300,7300,7300,7300,0
2022-10-19 11:59:00,7300,7300,7300,7300,0
2022-10-19 12:00:00,7300,7300,7300,7300,0
2022-10-19 12:01:00,7300,7300,7300,7300,0
2022-10-19 12:02:00,7300,7300,7300,7300,0
2022-10-19 12:03:00,7300,7300,7300,7300,0
2022-10-19 12:04:00,7300,7300,7300,7300,0
2022-10-19 12:05:00,7300,7300,7300,7300,0
2022-10-19 12:06:00,7300,7300,7300,7300,0
2022-10-19 12:07:00,7300,7300,7300,7300,0
2022-10-19 12:08:00,7300,7300,7300,7300,0
2022-10-19 12:09:00,7300,7300,7300,7300,0
2022-10-19 12:10:00,7300,7300,7300,7300,0
2022-10-19 12:11:00,7300,7300,7300,7300,0
2022-10-19 12:12:00,7300,7300,7300,7300,0
2022-10-19 12:13:00,7300,7300,7300,7300,0
2022-10-19 12:14:00,7300,7300,7300,7300,0
2022-10-19 12:15:00,7300,7300,7300,7300,0
2022-10-19 12:16:00,7300,7300,7300,7300,0
2022-10-19 12:17:00,7300,7300,7300,7300,0
2022-10-19 12:18:00,7300,7300,7300,7300,0
2022-10-19 12:19:00,7300,7300,7300,7300,0
2022-10-19 12:20:00,7300,7300,7300,7300,0
2022-10-19 12:21:00,7300,7300,7300,7300,0
2022-10-19 12:22:00,7300,7300,7300,7300,0
2022-10-19 12:23:00,7300,7300,7300,7300,0
2022-10-19 12:24:00,7300,7300,7300,7300,0
2022-10-19 12:25:00,7300,7300,7300,7300,0
2022-10-19 12:26:00,7300,7300,7300,7300,0
2022-10-19 12:27:00,7300,7300,7300,7300,0
2022-10-19 12:28:00,7300,7300,7300,7300,0
2022-10-19 12:29:00,7300,7300,7300,7300,0
2022-10-19 12:30:00,7300,7300,7300,7300,0
2022-10-19 12:31:00,7300,7300,7300,7300,0
2022-10-19 12:32:00,7300,7300,7300,7300,0
2022-10-19 12:33:00,7300,7300,7300,7300,0
2022-10-19 12:34:00,7300,7300,7300,7300,0
2022-10-19 12:35:00,7300,7300,7300,7300,0
2022-10-19 12:36:00,7300,7300,7300,7300,0
2022-10-19 12:37:00,7300,7300,7300,7300,0
2022-10-19 12:38:00,7300,7300,7300,7300,0
2022-10-19 12:39:00,7300,7300,7300,7300,0
2022-10-19 12:40:00,7300,7300,7300,7300,0
2022-10-19 12:41:00,7300,7300,7300,7300,0
2022-10-19 12:42:00,7300,7300,7300,7300,0
2022-10-19 12:43:00,7300,7300,7300,7300,0
2022-10-19 12:44:00,7300,7300,7300,7300,0
2022-10-19 12:45:00,7300,7300,7300,7300,0
2022-10-19 12:46:00,7300,7300,7300,7300,0
2022-10-19 12:47:00,7300,7300,7300,7300,0
2022-10-19 12:48:00,7300,7300,7300,7300,0
2022-10-19 12:49:00,7300,7300,7300,7300,0
2022-10-19 12:50:00,7300,7300,7300,7300,0
2022-10-19 12:51:00,7300,7300,7300,7300,0
2022-10-19 12:52:00,7300,7300,7300,7300,0
2022-10-19 12:53:00,7300,7300,7300,7300,0
2022-10-19 12:54:00,7300,7300,7300,7300,0
2022-10-19 12:55:00,7300,7300,7300,7300,0
2022-10-19 12:56:00,7300,7300,7300,7300,0
2022-10-19 12:57:00,7300,7300,7300,7300,0
2022-10-19 12:58:00,7300,7300,7300,7300,0
2022-10-19 12:59:00,7300,7300,7300,7300,0
2022-10-19 13:00:00,7300,7300,7300,7300,0
2022-10-19 13:01:00,7300,7300,7300,7300,0
2022-10-19 13:02:00,7300,7300,7300,7300,0
2022-10-19 13:03:00,7300,7300,7300,7300,0
2022-10-19 13:04:00,7300,7300,7300,7300,0
2022-10-19 13:05:00,7300,7300,7300,7300,0
2022-10-19 13:06:00,7300,7300,7300,7300,0
2022-10-19 13:07:00,7300,7300,7300,7300,0
2022-10-19 13:08:00,7300,7300,7300,7300,0
2022-10-19 13:09:00,7300,7300,7300,7300,0
2022-10-19 13:10:00,7300,7300,7300,7300,0
2022-10-19 13:11:00,7300,7300,7300,7300,0
2022-10-19 13:12:00,7300,7300,7300,7300,0
2022-10-19 13:13:00,7300,7300,7300,7300,0
2022-10-19 13:14:00,7300,7300,7300,7300,0
2022-10-19 13:15:00,7300,7300,7300,7300,0
2022-10-19 13:16:00,7300,7300,7300,7300,0
2022-10-19 13:17:00,7300,7300,7300,7300,0
2022-10-19 13:18:00,7300,7300,7300,7300,0
2022-10-19 13:19:00,7300,7300,7300,7300,0
2022-10-19 13:20:00,7300,7300,7300,7300,0
2022-10-19 13:21:00,7300,7300,7300,7300,0
2022-10-19 13:22:00,7300,7300,7300,7300,0
2022-10-19 13:23:00,7300,7300,7300,7300,0
2022-10-19 13:24:00,7300,7300,7300,7300,0
2022-10-19 13:25:00,7300,7300,7300,7300,0
2022-10-19 13:26:00,7300,7300,7300,7300,0
2022-10-19 13:27:00,7300,7300,7300,7300,0
2022-10-19 13:28:00,7300,7300,7300,7300,0
2022-10-19 13:29:00,7300,7300,7300,7300,0
2022-10-19 13:30:00,7300,7300,7325,7325,39100
2022-10-19 13:31:00,7325,7325,7325,7325,6300
2022-10-19 13:32:00,7325,7325,7325,7325,0
2022-10-19 13:33:00,7325,7325,7325,7325,0
2022-10-19 13:34:00,7300,7300,7300,7300,9900
2022-10-19 13:35:00,7300,7300,7300,7300,0
2022-10-19 13:36:00,7325,7325,7325,7325,900
2022-10-19 13:37:00,7300,7300,7300,7300,40000
2022-10-19 13:38:00,7325,7325,7325,7325,0
2022-10-19 13:39:00,7325,7325,7325,7325,200
2022-10-19 13:40:00,7325,7325,7325,7325,200
2022-10-19 13:41:00,7325,7325,7325,7325,400
2022-10-19 13:42:00,7325,7325,7350,7350,50800
2022-10-19 13:43:00,7350,7350,7350,7350,1200
2022-10-19 13:44:00,7325,7325,7325,7325,0
2022-10-19 13:45:00,7325,7325,7325,7325,0
2022-10-19 13:46:00,7325,7325,7325,7325,0
2022-10-19 13:47:00,7325,7300,7325,7300,4500
2022-10-19 13:48:00,7325,7300,7325,7300,0
2022-10-19 13:49:00,7325,7300,7325,7300,0
2022-10-19 13:50:00,7300,7300,7300,7300,290300
2022-10-19 13:51:00,7275,7275,7275,7275,6700
2022-10-19 13:52:00,7275,7275,7300,7300,1900
2022-10-19 13:53:00,7275,7275,7275,7275,15600
2022-10-19 13:54:00,7275,7275,7275,7275,0
2022-10-19 13:55:00,7300,7300,7300,7300,2000
2022-10-19 13:56:00,7300,7300,7300,7300,12600
2022-10-19 13:57:00,7300,7300,7300,7300,2600
2022-10-19 13:58:00,7300,7300,7300,7300,1000
2022-10-19 13:59:00,7300,7300,7325,7325,600
2022-10-19 14:00:00,7300,7300,7300,7300,5600
2022-10-19 14:01:00,7300,7300,7300,7300,3500
2022-10-19 14:02:00,7300,7300,7300,7300,0
2022-10-19 14:03:00,7300,7300,7300,7300,0
2022-10-19 14:04:00,7300,7300,7300,7300,100
2022-10-19 14:05:00,7300,7300,7300,7300,0
2022-10-19 14:06:00,7300,7300,7300,7300,0
2022-10-19 14:07:00,7275,7275,7275,7275,6200
2022-10-19 14:08:00,7275,7275,7275,7275,0
2022-10-19 14:09:00,7275,7275,7275,7275,0
2022-10-19 14:10:00,7275,7275,7275,7275,0
2022-10-19 14:11:00,7300,7300,7300,7300,2000
2022-10-19 14:12:00,7300,7300,7300,7300,0
2022-10-19 14:13:00,7300,7300,7300,7300,0
2022-10-19 14:14:00,7300,7300,7300,7300,7900
2022-10-19 14:15:00,7300,7300,7300,7300,0
2022-10-19 14:16:00,7300,7300,7300,7300,0
2022-10-19 14:17:00,7300,7300,7300,7300,0
2022-10-19 14:18:00,7300,7300,7300,7300,0
2022-10-19 14:19:00,7300,7300,7300,7300,0
2022-10-19 14:20:00,7300,7300,7300,7300,0
2022-10-19 14:21:00,7300,7300,7300,7300,0
2022-10-19 14:22:00,7300,7300,7300,7300,19900
2022-10-19 14:23:00,7300,7300,7300,7300,0
2022-10-19 14:24:00,7325,7300,7325,7300,3100
2022-10-19 14:25:00,7300,7300,7300,7300,0
2022-10-19 14:26:00,7300,7300,7300,7300,500
2022-10-19 14:27:00,7300,7300,7300,7300,7100
2022-10-19 14:28:00,7300,7300,7300,7300,0
2022-10-19 14:29:00,7300,7300,7300,7300,0
2022-10-19 14:30:00,7300,7300,7300,7300,0
2022-10-19 14:31:00,7300,7300,7300,7300,0
2022-10-19 14:32:00,7300,7300,7300,7300,0
2022-10-19 14:33:00,7275,7275,7275,7275,700
2022-10-19 14:34:00,7300,7275,7300,7275,1000
2022-10-19 14:35:00,7300,7275,7300,7275,0
2022-10-19 14:36:00,7300,7275,7300,7275,0
2022-10-19 14:37:00,7275,7275,7300,7300,700
2022-10-19 14:38:00,7275,7275,7300,7300,0
2022-10-19 14:39:00,7275,7275,7300,7300,0
2022-10-19 14:40:00,7300,7300,7300,7300,3900
2022-10-19 14:41:00,7300,7300,7300,7300,0
2022-10-19 14:42:00,7300,7300,7300,7300,0
2022-10-19 14:43:00,7300,7275,7300,7275,200
2022-10-19 14:44:00,7300,7300,7300,7300,10200
2022-10-19 14:45:00,7300,7275,7300,7275,4600
2022-10-19 14:46:00,7275,7275,7275,7275,2000
2022-10-19 14:47:00,7275,7275,7275,7275,4400
2022-10-19 14:48:00,7275,7275,7275,7275,0
2022-10-19 14:49:00,7300,7300,7300,7300,0
2022-10-19 14:50:00,7300,7300,7300,7300,0
2022-10-19 14:51:00,7300,7300,7300,7300,0
2022-10-19 14:52:00,7300,7300,7300,7300,0
2022-10-19 14:53:00,7300,7300,7300,7300,0
2022-10-19 14:54:00,7300,7300,7300,7300,0
2022-10-19 14:55:00,7300,7300,7300,7300,0
2022-10-19 14:56:00,7300,7300,7300,7300,0
2022-10-19 14:57:00,7300,7300,7300,7300,0
2022-10-19 14:58:00,7300,7300,7300,7300,0
2022-10-19 14:59:00,7300,7300,7300,7300,0
2022-10-19 15:00:00,7275,7275,7275,7275,16200
2022-10-19 15:01:00,7275,7275,7275,7275,5400
2022-10-19 15:02:00,7275,7275,7275,7275,0
2022-10-19 15:03:00,7275,7275,7275,7275,3900
2022-10-19 15:04:00,7275,7275,7275,7275,2500
2022-10-19 15:05:00,7275,7275,7275,7275,48700
2022-10-19 15:06:00,7275,7275,7275,7275,0
2022-10-19 15:07:00,7275,7275,7275,7275,1500
2022-10-19 15:08:00,7275,7275,7275,7275,500
2022-10-19 15:09:00,7275,7275,7275,7275,1105400
2022-10-19 15:10:00,7275,7275,7275,7275,0
2022-10-19 15:11:00,7275,7275,7275,7275,0
2022-10-19 15:12:00,7275,7275,7275,7275,0
2022-10-19 15:13:00,7275,7275,7275,7275,0
2022-10-19 15:14:00,7275,7275,7275,7275,0
2022-10-19 15:15:00,7275,7275,7275,7275,0
2022-10-19 15:16:00,7275,7275,7275,7275,0
2022-10-19 15:17:00,7275,7275,7275,7275,0
2022-10-19 15:18:00,7275,7275,7275,7275,0
2022-10-19 15:19:00,7275,7275,7275,7275,0
2022-10-19 15:20:00,7275,7275,7275,7275,0
2022-10-19 15:21:00,7275,7275,7275,7275,0
2022-10-19 15:22:00,7275,7275,7275,7275,0
2022-10-19 15:23:00,7275,7275,7275,7275,0
2022-10-19 15:24:00,7275,7275,7275,7275,0
2022-10-19 15:25:00,7275,7275,7275,7275,0
2022-10-19 15:26:00,7275,7275,7275,7275,0
2022-10-19 15:27:00,7275,7275,7275,7275,0
2022-10-19 15:28:00,7275,7275,7275,7275,0
2022-10-19 15:29:00,7275,7275,7275,7275,0
2022-10-19 15:30:00,7275,7275,7275,7275,0
2022-10-19 15:31:00,7275,7275,7275,7275,0
2022-10-19 15:32:00,7275,7275,7275,7275,0
2022-10-19 15:33:00,7275,7275,7275,7275,0
2022-10-19 15:34:00,7275,7275,7275,7275,0
2022-10-19 15:35:00,7275,7275,7275,7275,0
2022-10-19 15:36:00,7275,7275,7275,7275,0
2022-10-19 15:37:00,7275,7275,7275,7275,0
2022-10-19 15:38:00,7275,7275,7275,7275,0
2022-10-19 15:39:00,7275,7275,7275,7275,0
2022-10-19 15:40:00,7275,7275,7275,7275,0
2022-10-19 15:41:00,7275,7275,7275,7275,0
2022-10-19 15:42:00,7275,7275,7275,7275,0
2022-10-19 15:43:00,7275,7275,7275,7275,0
2022-10-19 15:44:00,7275,7275,7275,7275,0
2022-10-19 15:45:00,7275,7275,7275,7275,0
2022-10-19 15:46:00,7275,7275,7275,7275,0
2022-10-19 15:47:00,7275,7275,7275,7275,0
2022-10-19 15:48:00,7275,7275,7275,7275,0
2022-10-19 15:49:00,7275,7275,7275,7275,0
2022-10-19 15:50:00,7275,7275,7275,7275,0
2022-10-19 15:51:00,7275,7275,7275,7275,0
2022-10-19 15:52:00,7275,7275,7275,7275,0
2022-10-19 15:53:00,7275,7275,7275,7275,0
2022-10-19 15:54:00,7275,7275,7275,7275,0
2022-10-19 15:55:00,7275,7275,7275,7275,0
2022-10-19 15:56:00,7275,7275,7275,7275,0
2022-10-19 15:57:00,7275,7275,7275,7275,0
2022-10-19 15:58:00,7275,7275,7275,7275,0
2022-10-19 15:59:00,7275,7275,7275,7275,0
2022-10-20 09:00:00,7325,7325,7325,7325,0
2022-10-20 09:01:00,7325,7325,7350,7350,300
2022-10-20 09:02:00,7350,7325,7350,7325,4300
2022-10-20 09:03:00,7325,7325,7325,7325,2500
2022-10-20 09:04:00,7300,7300,7300,7300,0
2022-10-20 09:05:00,7325,7325,7325,7325,0
2022-10-20 09:06:00,7325,7300,7325,7300,600
2022-10-20 09:07:00,7325,7325,7325,7325,700
2022-10-20 09:08:00,7325,7300,7325,7300,500
2022-10-20 09:09:00,7300,7300,7300,7300,200
2022-10-20 09:10:00,7325,7325,7325,7325,100
2022-10-20 09:11:00,7325,7325,7325,7325,0
2022-10-20 09:12:00,7300,7300,7300,7300,800
2022-10-20 09:13:00,7325,7325,7325,7325,44600
2022-10-20 09:14:00,7350,7325,7350,7325,0
2022-10-20 09:15:00,7350,7350,7350,7350,100
2022-10-20 09:16:00,7350,7350,7350,7350,1500
2022-10-20 09:17:00,7350,7350,7350,7350,0
2022-10-20 09:18:00,7325,7325,7325,7325,17600
2022-10-20 09:19:00,7325,7325,7325,7325,2700
2022-10-20 09:20:00,7325,7325,7325,7325,0
2022-10-20 09:21:00,7325,7325,7325,7325,0
2022-10-20 09:22:00,7325,7325,7325,7325,4800
2022-10-20 09:23:00,7325,7325,7325,7325,0
2022-10-20 09:24:00,7325,7325,7325,7325,2800
2022-10-20 09:25:00,7325,7325,7325,7325,100
2022-10-20 09:26:00,7300,7300,7300,7300,200
2022-10-20 09:27:00,7300,7300,7300,7300,0
2022-10-20 09:28:00,7325,7325,7325,7325,1500
2022-10-20 09:29:00,7300,7300,7300,7300,100
2022-10-20 09:30:00,7300,7300,7325,7325,2500
2022-10-20 09:31:00,7300,7300,7325,7325,0
2022-10-20 09:32:00,7325,7325,7325,7325,6000
2022-10-20 09:33:00,7325,7325,7325,7325,0
2022-10-20 09:34:00,7325,7325,7325,7325,0
2022-10-20 09:35:00,7325,7325,7325,7325,0
2022-10-20 09:36:00,7300,7300,7300,7300,24800
2022-10-20 09:37:00,7300,7300,7300,7300,26000
2022-10-20 09:38:00,7300,7300,7300,7300,0
2022-10-20 09:39:00,7300,7300,7300,7300,400
2022-10-20 09:40:00,7300,7300,7300,7300,0
2022-10-20 09:41:00,7300,7300,7300,7300,0
2022-10-20 09:42:00,7300,7300,7300,7300,0
2022-10-20 09:43:00,7300,7300,7300,7300,0
2022-10-20 09:44:00,7300,7300,7300,7300,0
2022-10-20 09:45:00,7300,7300,7300,7300,0
2022-10-20 09:46:00,7275,7275,7300,7300,1300
2022-10-20 09:47:00,7300,7300,7300,7300,18500
2022-10-20 09:48:00,7300,7300,7300,7300,0
2022-10-20 09:49:00,7300,7300,7300,7300,0
2022-10-20 09:50:00,7275,7275,7300,7300,0
2022-10-20 09:51:00,7300,7300,7300,7300,600
2022-10-20 09:52:00,7300,7300,7300,7300,400
2022-10-20 09:53:00,7300,7300,7300,7300,0
2022-10-20 09:54:00,7300,7300,7300,7300,0
2022-10-20 09:55:00,7300,7300,7300,7300,0
2022-10-20 09:56:00,7300,7300,7300,7300,2000
2022-10-20 09:57:00,7275,7275,7275,7275,2400
2022-10-20 09:58:00,7275,7275,7275,7275,0
2022-10-20 09:59:00,7300,7300,7300,7300,1300
2022-10-20 10:00:00,7300,7300,7300,7300,500
2022-10-20 10:01:00,7300,7300,7300,7300,0
2022-10-20 10:02:00,7275,7275,7275,7275,2400
2022-10-20 10:03:00,7275,7275,7275,7275,0
2022-10-20 10:04:00,7275,7275,7275,7275,0
2022-10-20 10:05:00,7275,7275,7300,7300,2000
2022-10-20 10:06:00,7275,7275,7300,7300,0
2022-10-20 10:07:00,7275,7275,7300,7300,0
2022-10-20 10:08:00,7300,7300,7300,7300,19900
2022-10-20 10:09:00,7300,7300,7300,7300,0
2022-10-20 10:10:00,7275,7275,7300,7300,4500
2022-10-20 10:11:00,7275,7275,7300,7300,0
2022-10-20 10:12:00,7275,7275,7300,7300,0
2022-10-20 10:13:00,7275,7275,7300,7300,0
2022-10-20 10:14:00,7275,7275,7300,7300,0
2022-10-20 10:15:00,7275,7275,7300,7300,0
2022-10-20 10:16:00,7300,7300,7325,7300,60400
2022-10-20 10:17:00,7300,7300,7325,7325,46700
2022-10-20 10:18:00,7325,7325,7325,7325,0
2022-10-20 10:19:00,7325,7325,7325,7325,200
2022-10-20 10:20:00,7325,7325,7325,7325,3200
2022-10-20 10:21:00,7325,7325,7325,7325,1000
2022-10-20 10:22:00,7325,7325,7325,7325,1300
2022-10-20 10:23:00,7325,7325,7325,7325,0
2022-10-20 10:24:00,7325,7325,7325,7325,0
2022-10-20 10:25:00,7325,7325,7325,7325,0
2022-10-20 10:26:00,7325,7325,7325,7325,5200
2022-10-20 10:27:00,7325,7325,7325,7325,23900
2022-10-20 10:28:00,7325,7325,7325,7325,2300
2022-10-20 10:29:00,7325,7325,7350,7350,11100
2022-10-20 10:30:00,7350,7350,7350,7350,0
2022-10-20 10:31:00,7350,7350,7350,7350,0
2022-10-20 10:32:00,7325,7325,7325,7325,1900
2022-10-20 10:33:00,7325,7325,7325,7325,0
2022-10-20 10:34:00,7325,7325,7325,7325,0
2022-10-20 10:35:00,7325,7325,7325,7325,0
2022-10-20 10:36:00,7325,7325,7325,7325,0
2022-10-20 10:37:00,7325,7325,7325,7325,0
2022-10-20 10:38:00,7325,7325,7325,7325,0
2022-10-20 10:39:00,7325,7325,7325,7325,3100
2022-10-20 10:40:00,7325,7325,7325,7325,0
2022-10-20 10:41:00,7325,7325,7325,7325,2000
2022-10-20 10:42:00,7325,7325,7325,7325,1000
2022-10-20 10:43:00,7325,7325,7325,7325,0
2022-10-20 10:44:00,7325,7325,7325,7325,1500
2022-10-20 10:45:00,7325,7325,7325,7325,0
2022-10-20 10:46:00,7325,7325,7325,7325,6700
2022-10-20 10:47:00,7325,7325,7325,7325,0
2022-10-20 10:48:00,7325,7325,7325,7325,1900
2022-10-20 10:49:00,7325,7325,7325,7325,3900
2022-10-20 10:50:00,7325,7325,7325,7325,0
2022-10-20 10:51:00,7325,7325,7325,7325,7400
2022-10-20 10:52:00,7325,7325,7325,7325,0
2022-10-20 10:53:00,7350,7350,7350,7350,38300
2022-10-20 10:54:00,7350,7350,7350,7350,0
2022-10-20 10:55:00,7350,7350,7350,7350,0
2022-10-20 10:56:00,7325,7325,7325,7325,200
2022-10-20 10:57:00,7325,7325,7325,7325,0
2022-10-20 10:58:00,7325,7325,7325,7325,0
2022-10-20 10:59:00,7350,7350,7350,7350,200
2022-10-20 11:00:00,7350,7350,7350,7350,0
2022-10-20 11:01:00,7350,7350,7350,7350,900
2022-10-20 11:02:00,7350,7350,7350,7350,8200
2022-10-20 11:03:00,7350,7325,7350,7325,4400
2022-10-20 11:04:00,7350,7350,7350,7350,9500
2022-10-20 11:05:00,7325,7325,7325,7325,0
2022-10-20 11:06:00,7325,7325,7325,7325,3900
2022-10-20 11:07:00,7325,7325,7325,7325,0
2022-10-20 11:08:00,7325,7325,7325,7325,4200
2022-10-20 11:09:00,7325,7325,7325,7325,0
2022-10-20 11:10:00,7325,7325,7325,7325,0
2022-10-20 11:11:00,7325,7325,7325,7325,2800
2022-10-20 11:12:00,7325,7325,7325,7325,0
2022-10-20 11:13:00,7325,7325,7325,7325,0
2022-10-20 11:14:00,7325,7325,7325,7325,6500
2022-10-20 11:15:00,7325,7325,7350,7325,5600
2022-10-20 11:16:00,7325,7325,7350,7325,0
2022-10-20 11:17:00,7325,7325,7325,7325,0
2022-10-20 11:18:00,7325,7325,7325,7325,0
2022-10-20 11:19:00,7325,7325,7325,7325,2300
2022-10-20 11:20:00,7325,7325,7325,7325,0
2022-10-20 11:21:00,7325,7325,7325,7325,5600
2022-10-20 11:22:00,7325,7325,7325,7325,0
2022-10-20 11:23:00,7350,7350,7350,7350,600
2022-10-20 11:24:00,7350,7350,7350,7350,0
2022-10-20 11:25:00,7350,7350,7350,7350,0
2022-10-20 11:26:00,7350,7350,7350,7350,0
2022-10-20 11:27:00,7350,7350,7350,7350,0
2022-10-20 11:28:00,7350,7350,7350,7350,3000
2022-10-20 11:29:00,7350,7350,7350,7350,0
2022-10-20 11:30:00,7350,7350,7350,7350,0
2022-10-20 11:31:00,7350,7350,7350,7350,0
2022-10-20 11:32:00,7350,7350,7350,7350,0
2022-10-20 11:33:00,7350,7350,7350,7350,0
2022-10-20 11:34:00,7350,7350,7350,7350,0
2022-10-20 11:35:00,7350,7350,7350,7350,0
2022-10-20 11:36:00,7350,7350,7350,7350,0
2022-10-20 11:37:00,7350,7350,7350,7350,0
2022-10-20 11:38:00,7350,7350,7350,7350,0
2022-10-20 11:39:00,7350,7350,7350,7350,0
2022-10-20 11:40:00,7350,7350,7350,7350,0
2022-10-20 11:41:00,7350,7350,7350,7350,0
2022-10-20 11:42:00,7350,7350,7350,7350,0
2022-10-20 11:43:00,7350,7350,7350,7350,0
2022-10-20 11:44:00,7350,7350,7350,7350,0
2022-10-20 11:45:00,7350,7350,7350,7350,0
2022-10-20 11:46:00,7350,7350,7350,7350,0
2022-10-20 11:47:00,7350,7350,7350,7350,0
2022-10-20 11:48:00,7350,7350,7350,7350,0
2022-10-20 11:49:00,7350,7350,7350,7350,0
2022-10-20 11:50:00,7350,7350,7350,7350,0
2022-10-20 11:51:00,7350,7350,7350,7350,0
2022-10-20 11:52:00,7350,7350,7350,7350,0
2022-10-20 11:53:00,7350,7350,7350,7350,0
2022-10-20 11:54:00,7350,7350,7350,7350,0
2022-10-20 11:55:00,7350,7350,7350,7350,0
2022-10-20 11:56:00,7350,7350,7350,7350,0
2022-10-20 11:57:00,7350,7350,7350,7350,0
2022-10-20 11:58:00,7350,7350,7350,7350,0
2022-10-20 11:59:00,7350,7350,7350,7350,0
2022-10-20 12:00:00,7350,7350,7350,7350,0
2022-10-20 12:01:00,7350,7350,7350,7350,0
2022-10-20 12:02:00,7350,7350,7350,7350,0
2022-10-20 12:03:00,7350,7350,7350,7350,0
2022-10-20 12:04:00,7350,7350,7350,7350,0
2022-10-20 12:05:00,7350,7350,7350,7350,0
2022-10-20 12:06:00,7350,7350,7350,7350,0
2022-10-20 12:07:00,7350,7350,7350,7350,0
2022-10-20 12:08:00,7350,7350,7350,7350,0
2022-10-20 12:09:00,7350,7350,7350,7350,0
2022-10-20 12:10:00,7350,7350,7350,7350,0
2022-10-20 12:11:00,7350,7350,7350,7350,0
2022-10-20 12:12:00,7350,7350,7350,7350,0
2022-10-20 12:13:00,7350,7350,7350,7350,0
2022-10-20 12:14:00,7350,7350,7350,7350,0
2022-10-20 12:15:00,7350,7350,7350,7350,0
2022-10-20 12:16:00,7350,7350,7350,7350,0
2022-10-20 12:17:00,7350,7350,7350,7350,0
2022-10-20 12:18:00,7350,7350,7350,7350,0
2022-10-20 12:19:00,7350,7350,7350,7350,0
2022-10-20 12:20:00,7350,7350,7350,7350,0
2022-10-20 12:21:00,7350,7350,7350,7350,0
2022-10-20 12:22:00,7350,7350,7350,7350,0
2022-10-20 12:23:00,7350,7350,7350,7350,0
2022-10-20 12:24:00,7350,7350,7350,7350,0
2022-10-20 12:25:00,7350,7350,7350,7350,0
2022-10-20 12:26:00,7350,7350,7350,7350,0
2022-10-20 12:27:00,7350,7350,7350,7350,0
2022-10-20 12:28:00,7350,7350,7350,7350,0
2022-10-20 12:29:00,7350,7350,7350,7350,0
2022-10-20 12:30:00,7350,7350,7350,7350,0
2022-10-20 12:31:00,7350,7350,7350,7350,0
2022-10-20 12:32:00,7350,7350,7350,7350,0
2022-10-20 12:33:00,7350,7350,7350,7350,0
2022-10-20 12:34:00,7350,7350,7350,7350,0
2022-10-20 12:35:00,7350,7350,7350,7350,0
2022-10-20 12:36:00,7350,7350,7350,7350,0
2022-10-20 12:37:00,7350,7350,7350,7350,0
2022-10-20 12:38:00,7350,7350,7350,7350,0
2022-10-20 12:39:00,7350,7350,7350,7350,0
2022-10-20 12:40:00,7350,7350,7350,7350,0
2022-10-20 12:41:00,7350,7350,7350,7350,0
2022-10-20 12:42:00,7350,7350,7350,7350,0
2022-10-20 12:43:00,7350,7350,7350,7350,0
2022-10-20 12:44:00,7350,7350,7350,7350,0
2022-10-20 12:45:00,7350,7350,7350,7350,0
2022-10-20 12:46:00,7350,7350,7350,7350,0
2022-10-20 12:47:00,7350,7350,7350,7350,0
2022-10-20 12:48:00,7350,7350,7350,7350,0
2022-10-20 12:49:00,7350,7350,7350,7350,0
2022-10-20 12:50:00,7350,7350,7350,7350,0
2022-10-20 12:51:00,7350,7350,7350,7350,0
2022-10-20 12:52:00,7350,7350,7350,7350,0
2022-10-20 12:53:00,7350,7350,7350,7350,0
2022-10-20 12:54:00,7350,7350,7350,7350,0
2022-10-20 12:55:00,7350,7350,7350,7350,0
2022-10-20 12:56:00,7350,7350,7350,7350,0
2022-10-20 12:57:00,7350,7350,7350,7350,0
2022-10-20 12:58:00,7350,7350,7350,7350,0
2022-10-20 12:59:00,7350,7350,7350,7350,0
2022-10-20 13:00:00,7350,7350,7350,7350,0
2022-10-20 13:01:00,7350,7350,7350,7350,0
2022-10-20 13:02:00,7350,7350,7350,7350,0
2022-10-20 13:03:00,7350,7350,7350,7350,0
2022-10-20 13:04:00,7350,7350,7350,7350,0
2022-10-20 13:05:00,7350,7350,7350,7350,0
2022-10-20 13:06:00,7350,7350,7350,7350,0
2022-10-20 13:07:00,7350,7350,7350,7350,0
2022-10-20 13:08:00,7350,7350,7350,7350,0
2022-10-20 13:09:00,7350,7350,7350,7350,0
2022-10-20 13:10:00,7350,7350,7350,7350,0
2022-10-20 13:11:00,7350,7350,7350,7350,0
2022-10-20 13:12:00,7350,7350,7350,7350,0
2022-10-20 13:13:00,7350,7350,7350,7350,0
2022-10-20 13:14:00,7350,7350,7350,7350,0
2022-10-20 13:15:00,7350,7350,7350,7350,0
2022-10-20 13:16:00,7350,7350,7350,7350,0
2022-10-20 13:17:00,7350,7350,7350,7350,0
2022-10-20 13:18:00,7350,7350,7350,7350,0
2022-10-20 13:19:00,7350,7350,7350,7350,0
2022-10-20 13:20:00,7350,7350,7350,7350,0
2022-10-20 13:21:00,7350,7350,7350,7350,0
2022-10-20 13:22:00,7350,7350,7350,7350,0
2022-10-20 13:23:00,7350,7350,7350,7350,0
2022-10-20 13:24:00,7350,7350,7350,7350,0
2022-10-20 13:25:00,7350,7350,7350,7350,0
2022-10-20 13:26:00,7350,7350,7350,7350,0
2022-10-20 13:27:00,7350,7350,7350,7350,0
2022-10-20 13:28:00,7350,7350,7350,7350,0
2022-10-20 13:29:00,7350,7350,7350,7350,0
2022-10-20 13:30:00,7350,7350,7350,7350,10800
2022-10-20 13:31:00,7350,7350,7350,7350,0
2022-10-20 13:32:00,7350,7350,7350,7350,800
2022-10-20 13:33:00,7350,7350,7350,7350,0
2022-10-20 13:34:00,7350,7350,7350,7350,56100
2022-10-20 13:35:00,7375,7350,7375,7350,30600
2022-10-20 13:36:00,7375,7375,7375,7375,700
2022-10-20 13:37:00,7350,7350,7350,7350,1200
2022-10-20 13:38:00,7375,7350,7375,7350,0
2022-10-20 13:39:00,7375,7350,7375,7350,0
2022-10-20 13:40:00,7375,7350,7375,7350,0
2022-10-20 13:41:00,7350,7350,7350,7350,1500
2022-10-20 13:42:00,7375,7375,7375,7375,77600
2022-10-20 13:43:00,7375,7375,7375,7375,7100
2022-10-20 13:44:00,7375,7375,7375,7375,600
2022-10-20 13:45:00,7375,7375,7400,7400,231200
2022-10-20 13:46:00,7400,7400,7425,7400,22500
2022-10-20 13:47:00,7425,7400,7425,7425,13400
2022-10-20 13:48:00,7425,7400,7425,7425,6700
2022-10-20 13:49:00,7400,7400,7450,7450,94000
2022-10-20 13:50:00,7450,7450,7475,7475,215900
2022-10-20 13:51:00,7475,7450,7475,7450,114000
2022-10-20 13:52:00,7450,7450,7475,7450,6200
2022-10-20 13:53:00,7475,7475,7475,7475,2900
2022-10-20 13:54:00,7475,7450,7500,7500,138300
2022-10-20 13:55:00,7500,7500,7525,7525,157000
2022-10-20 13:56:00,7525,7500,7525,7500,24000
2022-10-20 13:57:00,7500,7475,7500,7500,2000
2022-10-20 13:58:00,7500,7475,7500,7475,16700
2022-10-20 13:59:00,7475,7450,7475,7450,125300
2022-10-20 14:00:00,7475,7450,7475,7450,13800
2022-10-20 14:01:00,7450,7450,7475,7475,5600
2022-10-20 14:02:00,7475,7450,7475,7475,5100
2022-10-20 14:03:00,7475,7475,7475,7475,0
2022-10-20 14:04:00,7475,7475,7475,7475,0
2022-10-20 14:05:00,7450,7450,7475,7475,2600
2022-10-20 14:06:00,7450,7450,7475,7450,11300
2022-10-20 14:07:00,7475,7450,7475,7475,31100
2022-10-20 14:08:00,7475,7475,7475,7475,2000
2022-10-20 14:09:00,7475,7475,7475,7475,0
2022-10-20 14:10:00,7475,7450,7475,7475,5700
2022-10-20 14:11:00,7475,7475,7475,7475,2300
2022-10-20 14:12:00,7475,7475,7475,7475,0
2022-10-20 14:13:00,7475,7475,7475,7475,0
2022-10-20 14:14:00,7475,7475,7475,7475,2500
2022-10-20 14:15:00,7450,7450,7450,7450,1900
2022-10-20 14:16:00,7450,7450,7450,7450,1800
2022-10-20 14:17:00,7475,7475,7475,7475,1100
2022-10-20 14:18:00,7475,7475,7475,7475,1400
2022-10-20 14:19:00,7450,7450,7475,7475,15300
2022-10-20 14:20:00,7475,7475,7475,7475,11800
2022-10-20 14:21:00,7450,7450,7450,7450,0
2022-10-20 14:22:00,7450,7450,7450,7450,3200
2022-10-20 14:23:00,7450,7450,7475,7475,5600
2022-10-20 14:24:00,7450,7450,7450,7450,0
2022-10-20 14:25:00,7450,7450,7475,7475,2200
2022-10-20 14:26:00,7450,7450,7450,7450,200
2022-10-20 14:27:00,7450,7450,7475,7475,13000
2022-10-20 14:28:00,7475,7475,7475,7475,0
2022-10-20 14:29:00,7475,7450,7475,7450,65100
2022-10-20 14:30:00,7450,7450,7450,7450,700
2022-10-20 14:31:00,7450,7425,7450,7425,7600
2022-10-20 14:32:00,7425,7425,7450,7450,3000
2022-10-20 14:33:00,7425,7425,7450,7450,37700
2022-10-20 14:34:00,7450,7425,7450,7450,15800
2022-10-20 14:35:00,7450,7450,7450,7450,1500
2022-10-20 14:36:00,7450,7425,7450,7425,0
2022-10-20 14:37:00,7450,7450,7450,7450,2900
2022-10-20 14:38:00,7450,7425,7450,7450,6300
2022-10-20 14:39:00,7450,7450,7450,7450,200
2022-10-20 14:40:00,7450,7425,7450,7425,102000
2022-10-20 14:41:00,7425,7400,7425,7400,19200
2022-10-20 14:42:00,7400,7400,7425,7425,0
2022-10-20 14:43:00,7425,7425,7425,7425,9100
2022-10-20 14:44:00,7425,7425,7425,7425,0
2022-10-20 14:45:00,7425,7400,7425,7400,2200
2022-10-20 14:46:00,7425,7400,7425,7400,10200
2022-10-20 14:47:00,7425,7400,7425,7400,1500
2022-10-20 14:48:00,7425,7400,7425,7425,23200
2022-10-20 14:49:00,7425,7425,7450,7450,3100
2022-10-20 14:50:00,7425,7425,7450,7450,0
2022-10-20 14:51:00,7425,7425,7450,7450,0
2022-10-20 14:52:00,7425,7425,7450,7450,0
2022-10-20 14:53:00,7425,7425,7450,7450,0
2022-10-20 14:54:00,7425,7425,7450,7450,0
2022-10-20 14:55:00,7425,7425,7450,7450,0
2022-10-20 14:56:00,7425,7425,7450,7450,0
2022-10-20 14:57:00,7425,7425,7450,7450,0
2022-10-20 14:58:00,7425,7425,7450,7450,0
2022-10-20 14:59:00,7425,7425,7450,7450,0
2022-10-20 15:00:00,7600,7600,7600,7600,776600
2022-10-20 15:01:00,7600,7600,7600,7600,5400
2022-10-20 15:02:00,7600,7600,7600,7600,2200
2022-10-20 15:03:00,7600,7600,7600,7600,400
2022-10-20 15:04:00,7600,7600,7600,7600,1300
2022-10-20 15:05:00,7600,7600,7600,7600,2100
2022-10-20 15:06:00,7600,7600,7600,7600,1700
2022-10-20 15:07:00,7600,7600,7600,7600,1000
2022-10-20 15:08:00,7600,7600,7600,7600,0
2022-10-20 15:09:00,7600,7600,7600,7600,0
2022-10-20 15:10:00,7600,7600,7600,7600,0
2022-10-20 15:11:00,7600,7600,7600,7600,0
2022-10-20 15:12:00,7600,7600,7600,7600,3043100
2022-10-20 15:13:00,7600,7600,7600,7600,0
2022-10-20 15:14:00,7600,7600,7600,7600,0
2022-10-20 15:15:00,7600,7600,7600,7600,0
2022-10-20 15:16:00,7600,7600,7600,7600,0
2022-10-20 15:17:00,7600,7600,7600,7600,0
2022-10-20 15:18:00,7600,7600,7600,7600,0
2022-10-20 15:19:00,7600,7600,7600,7600,0
2022-10-20 15:20:00,7600,7600,7600,7600,0
2022-10-20 15:21:00,7600,7600,7600,7600,0
2022-10-20 15:22:00,7600,7600,7600,7600,0
2022-10-20 15:23:00,7600,7600,7600,7600,0
2022-10-20 15:24:00,7600,7600,7600,7600,0
2022-10-20 15:25:00,7600,7600,7600,7600,0
2022-10-20 15:26:00,7600,7600,7600,7600,0
2022-10-20 15:27:00,7600,7600,7600,7600,0
2022-10-20 15:28:00,7600,7600,7600,7600,0
2022-10-20 15:29:00,7600,7600,7600,7600,0
2022-10-20 15:30:00,7600,7600,7600,7600,0
2022-10-20 15:31:00,7600,7600,7600,7600,0
2022-10-20 15:32:00,7600,7600,7600,7600,0
2022-10-20 15:33:00,7600,7600,7600,7600,0
2022-10-20 15:34:00,7600,7600,7600,7600,0
2022-10-20 15:35:00,7600,7600,7600,7600,0
2022-10-20 15:36:00,7600,7600,7600,7600,0
2022-10-20 15:37:00,7600,7600,7600,7600,0
2022-10-20 15:38:00,7600,7600,7600,7600,0
2022-10-20 15:39:00,7600,7600,7600,7600,0
2022-10-20 15:40:00,7600,7600,7600,7600,0
2022-10-20 15:41:00,7600,7600,7600,7600,0
2022-10-20 15:42:00,7600,7600,7600,7600,0
2022-10-20 15:43:00,7600,7600,7600,7600,0
2022-10-20 15:44:00,7600,7600,7600,7600,0
2022-10-20 15:45:00,7600,7600,7600,7600,0
2022-10-20 15:46:00,7600,7600,7600,7600,0
2022-10-20 15:47:00,7600,7600,7600,7600,0
2022-10-20 15:48:00,7600,7600,7600,7600,0
2022-10-20 15:49:00,7600,7600,7600,7600,0
2022-10-20 15:50:00,7600,7600,7600,7600,0
2022-10-20 15:51:00,7600,7600,7600,7600,0
2022-10-20 15:52:00,7600,7600,7600,7600,0
2022-10-20 15:53:00,7600,7600,7600,7600,0
2022-10-20 15:54:00,7600,7600,7600,7600,0
2022-10-20 15:55:00,7600,7600,7600,7600,0
2022-10-20 15:56:00,7600,7600,7600,7600,0
2022-10-20 15:57:00,7600,7600,7600,7600,0
2022-10-20 15:58:00,7600,7600,7600,7600,0
2022-10-20 15:59:00,7600,7600,7600,7600,0
2022-10-21 09:00:00,7600,7550,7600,7575,0
2022-10-21 09:01:00,7575,7425,7575,7425,123500
2022-10-21 09:02:00,7475,7450,7475,7475,20100
2022-10-21 09:03:00,7475,7475,7500,7500,9100
2022-10-21 09:04:00,7500,7500,7500,7500,6100
2022-10-21 09:05:00,7500,7475,7500,7500,10000
2022-10-21 09:06:00,7500,7500,7500,7500,7900
2022-10-21 09:07:00,7525,7525,7525,7525,9100
2022-10-21 09:08:00,7525,7525,7525,7525,3000
2022-10-21 09:09:00,7525,7500,7525,7500,7100
2022-10-21 09:10:00,7500,7500,7525,7500,7100
2022-10-21 09:11:00,7500,7500,7500,7500,2700
2022-10-21 09:12:00,7500,7500,7500,7500,38400
2022-10-21 09:13:00,7500,7500,7500,7500,8200
2022-10-21 09:14:00,7500,7500,7500,7500,56200
2022-10-21 09:15:00,7500,7500,7500,7500,5400
2022-10-21 09:16:00,7500,7500,7500,7500,0
2022-10-21 09:17:00,7500,7475,7500,7500,32500
2022-10-21 09:18:00,7500,7500,7500,7500,600
2022-10-21 09:19:00,7500,7500,7500,7500,23300
2022-10-21 09:20:00,7525,7500,7525,7500,5600
2022-10-21 09:21:00,7500,7500,7500,7500,0
2022-10-21 09:22:00,7525,7500,7525,7500,3200
2022-10-21 09:23:00,7500,7475,7500,7475,47900
2022-10-21 09:24:00,7500,7500,7500,7500,8900
2022-10-21 09:25:00,7475,7475,7500,7500,500
2022-10-21 09:26:00,7500,7475,7500,7475,10000
2022-10-21 09:27:00,7500,7500,7500,7500,15400
2022-10-21 09:28:00,7500,7500,7500,7500,1900
2022-10-21 09:29:00,7500,7500,7500,7500,3000
2022-10-21 09:30:00,7500,7475,7500,7475,13500
2022-10-21 09:31:00,7500,7475,7500,7475,0
2022-10-21 09:32:00,7475,7475,7475,7475,98200
2022-10-21 09:33:00,7475,7475,7475,7475,0
2022-10-21 09:34:00,7475,7475,7475,7475,1100
2022-10-21 09:35:00,7475,7475,7475,7475,500
2022-10-21 09:36:00,7475,7475,7475,7475,1500
2022-10-21 09:37:00,7475,7475,7475,7475,2100
2022-10-21 09:38:00,7475,7475,7475,7475,0
2022-10-21 09:39:00,7450,7450,7475,7475,4400
2022-10-21 09:40:00,7450,7450,7475,7475,18300
2022-10-21 09:41:00,7475,7475,7475,7475,0
2022-10-21 09:42:00,7475,7475,7475,7475,600
2022-10-21 09:43:00,7475,7475,7475,7475,1100
2022-10-21 09:44:00,7475,7475,7475,7475,1400
2022-10-21 09:45:00,7475,7475,7475,7475,2800
2022-10-21 09:46:00,7500,7500,7500,7500,23200
2022-10-21 09:47:00,7475,7475,7475,7475,26600
2022-10-21 09:48:00,7475,7475,7475,7475,0
2022-10-21 09:49:00,7475,7475,7475,7475,2500
2022-10-21 09:50:00,7500,7475,7500,7475,7400
2022-10-21 09:51:00,7475,7475,7475,7475,500
2022-10-21 09:52:00,7475,7475,7475,7475,2600
2022-10-21 09:53:00,7475,7475,7475,7475,0
2022-10-21 09:54:00,7475,7475,7475,7475,0
2022-10-21 09:55:00,7475,7475,7475,7475,0
2022-10-21 09:56:00,7475,7475,7475,7475,300
2022-10-21 09:57:00,7475,7475,7475,7475,0
2022-10-21 09:58:00,7475,7475,7475,7475,25000
2022-10-21 09:59:00,7475,7475,7475,7475,200
2022-10-21 10:00:00,7475,7475,7475,7475,700
2022-10-21 10:01:00,7450,7450,7475,7475,17000
2022-10-21 10:02:00,7475,7450,7475,7450,20300
2022-10-21 10:03:00,7475,7475,7475,7475,0
2022-10-21 10:04:00,7450,7450,7475,7475,5500
2022-10-21 10:05:00,7475,7475,7475,7475,0
2022-10-21 10:06:00,7475,7475,7475,7475,5600
2022-10-21 10:07:00,7475,7475,7475,7475,1300
2022-10-21 10:08:00,7475,7475,7475,7475,400
2022-10-21 10:09:00,7475,7475,7475,7475,0
2022-10-21 10:10:00,7475,7475,7475,7475,100
2022-10-21 10:11:00,7475,7475,7475,7475,0
2022-10-21 10:12:00,7450,7450,7450,7450,4000
2022-10-21 10:13:00,7475,7475,7475,7475,7300
2022-10-21 10:14:00,7475,7475,7475,7475,0
2022-10-21 10:15:00,7475,7475,7475,7475,0
2022-10-21 10:16:00,7450,7450,7475,7475,100
2022-10-21 10:17:00,7450,7450,7450,7450,400
2022-10-21 10:18:00,7475,7475,7475,7475,800
2022-10-21 10:19:00,7475,7475,7475,7475,3500
2022-10-21 10:20:00,7475,7475,7475,7475,2200
2022-10-21 10:21:00,7475,7475,7475,7475,5500
2022-10-21 10:22:00,7475,7450,7475,7450,200
2022-10-21 10:23:00,7450,7450,7475,7475,2700
2022-10-21 10:24:00,7450,7450,7450,7450,0
2022-10-21 10:25:00,7450,7450,7450,7450,0
2022-10-21 10:26:00,7475,7475,7475,7475,40100
2022-10-21 10:27:00,7475,7475,7475,7475,0
2022-10-21 10:28:00,7475,7475,7475,7475,300
2022-10-21 10:29:00,7475,7475,7475,7475,13200
2022-10-21 10:30:00,7475,7475,7475,7475,0
2022-10-21 10:31:00,7475,7475,7475,7475,8500
2022-10-21 10:32:00,7500,7500,7500,7500,300
2022-10-21 10:33:00,7500,7500,7500,7500,1700
2022-10-21 10:34:00,7500,7500,7500,7500,0
2022-10-21 10:35:00,7500,7500,7500,7500,45500
2022-10-21 10:36:00,7500,7500,7500,7500,6400
2022-10-21 10:37:00,7500,7500,7500,7500,0
2022-10-21 10:38:00,7500,7500,7500,7500,5000
2022-10-21 10:39:00,7475,7475,7500,7500,1200
2022-10-21 10:40:00,7500,7500,7500,7500,2000
2022-10-21 10:41:00,7500,7475,7500,7500,14800
2022-10-21 10:42:00,7500,7500,7500,7500,6700
2022-10-21 10:43:00,7500,7500,7500,7500,1500
2022-10-21 10:44:00,7500,7500,7500,7500,7900
2022-10-21 10:45:00,7500,7500,7500,7500,0
2022-10-21 10:46:00,7500,7500,7500,7500,0
2022-10-21 10:47:00,7500,7500,7500,7500,0
2022-10-21 10:48:00,7500,7500,7500,7500,0
2022-10-21 10:49:00,7475,7475,7475,7475,47500
2022-10-21 10:50:00,7475,7475,7475,7475,14100
2022-10-21 10:51:00,7475,7475,7475,7475,0
2022-10-21 10:52:00,7475,7475,7475,7475,0
2022-10-21 10:53:00,7475,7475,7475,7475,0
2022-10-21 10:54:00,7475,7475,7475,7475,1000
2022-10-21 10:55:00,7475,7475,7475,7475,0
2022-10-21 10:56:00,7475,7475,7475,7475,0
2022-10-21 10:57:00,7475,7475,7475,7475,0
2022-10-21 10:58:00,7475,7475,7475,7475,64900
2022-10-21 10:59:00,7475,7475,7475,7475,0
2022-10-21 11:00:00,7475,7475,7475,7475,0
2022-10-21 11:01:00,7475,7475,7475,7475,0
2022-10-21 11:02:00,7475,7475,7475,7475,0
2022-10-21 11:03:00,7475,7475,7475,7475,600
2022-10-21 11:04:00,7475,7475,7475,7475,0
2022-10-21 11:05:00,7475,7475,7475,7475,12700
2022-10-21 11:06:00,7475,7475,7475,7475,100
2022-10-21 11:07:00,7475,7475,7475,7475,4800
2022-10-21 11:08:00,7475,7475,7475,7475,0
2022-10-21 11:09:00,7450,7450,7450,7450,200
2022-10-21 11:10:00,7450,7450,7450,7450,6000
2022-10-21 11:11:00,7450,7450,7475,7475,38100
2022-10-21 11:12:00,7450,7450,7475,7475,0
2022-10-21 11:13:00,7450,7450,7475,7475,0
2022-10-21 11:14:00,7450,7450,7475,7475,0
2022-10-21 11:15:00,7450,7450,7475,7475,0
2022-10-21 11:16:00,7450,7450,7475,7475,0
2022-10-21 11:17:00,7450,7450,7475,7475,0
2022-10-21 11:18:00,7475,7475,7475,7475,7800
2022-10-21 11:19:00,7475,7475,7475,7475,18400
2022-10-21 11:20:00,7475,7475,7475,7475,0
2022-10-21 11:21:00,7475,7475,7475,7475,5300
2022-10-21 11:22:00,7475,7475,7475,7475,0
2022-10-21 11:23:00,7475,7450,7475,7450,39900
2022-10-21 11:24:00,7450,7450,7450,7450,1500
2022-10-21 11:25:00,7450,7450,7450,7450,0
2022-10-21 11:26:00,7475,7475,7475,7475,400
2022-10-21 11:27:00,7475,7475,7475,7475,0
2022-10-21 11:28:00,7475,7475,7475,7475,0
2022-10-21 11:29:00,7475,7475,7475,7475,300
2022-10-21 11:30:00,7475,7475,7475,7475,0
2022-10-21 11:31:00,7475,7475,7475,7475,0
2022-10-21 11:32:00,7475,7475,7475,7475,0
2022-10-21 11:33:00,7475,7475,7475,7475,0
2022-10-21 11:34:00,7475,7475,7475,7475,0
2022-10-21 11:35:00,7475,7475,7475,7475,0
2022-10-21 11:36:00,7475,7475,7475,7475,0
2022-10-21 11:37:00,7475,7475,7475,7475,0
2022-10-21 11:38:00,7475,7475,7475,7475,0
2022-10-21 11:39:00,7475,7475,7475,7475,0
2022-10-21 11:40:00,7475,7475,7475,7475,0
2022-10-21 11:41:00,7475,7475,7475,7475,0
2022-10-21 11:42:00,7475,7475,7475,7475,0
2022-10-21 11:43:00,7475,7475,7475,7475,0
2022-10-21 11:44:00,7475,7475,7475,7475,0
2022-10-21 11:45:00,7475,7475,7475,7475,0
2022-10-21 11:46:00,7475,7475,7475,7475,0
2022-10-21 11:47:00,7475,7475,7475,7475,0
2022-10-21 11:48:00,7475,7475,7475,7475,0
2022-10-21 11:49:00,7475,7475,7475,7475,0
2022-10-21 11:50:00,7475,7475,7475,7475,0
2022-10-21 11:51:00,7475,7475,7475,7475,0
2022-10-21 11:52:00,7475,7475,7475,7475,0
2022-10-21 11:53:00,7475,7475,7475,7475,0
2022-10-21 11:54:00,7475,7475,7475,7475,0
2022-10-21 11:55:00,7475,7475,7475,7475,0
2022-10-21 11:56:00,7475,7475,7475,7475,0
2022-10-21 11:57:00,7475,7475,7475,7475,0
2022-10-21 11:58:00,7475,7475,7475,7475,0
2022-10-21 11:59:00,7475,7475,7475,7475,0
2022-10-21 12:00:00,7475,7475,7475,7475,0
2022-10-21 12:01:00,7475,7475,7475,7475,0
2022-10-21 12:02:00,7475,7475,7475,7475,0
2022-10-21 12:03:00,7475,7475,7475,7475,0
2022-10-21 12:04:00,7475,7475,7475,7475,0
2022-10-21 12:05:00,7475,7475,7475,7475,0
2022-10-21 12:06:00,7475,7475,7475,7475,0
2022-10-21 12:07:00,7475,7475,7475,7475,0
2022-10-21 12:08:00,7475,7475,7475,7475,0
2022-10-21 12:09:00,7475,7475,7475,7475,0
2022-10-21 12:10:00,7475,7475,7475,7475,0
2022-10-21 12:11:00,7475,7475,7475,7475,0
2022-10-21 12:12:00,7475,7475,7475,7475,0
2022-10-21 12:13:00,7475,7475,7475,7475,0
2022-10-21 12:14:00,7475,7475,7475,7475,0
2022-10-21 12:15:00,7475,7475,7475,7475,0
2022-10-21 12:16:00,7475,7475,7475,7475,0
2022-10-21 12:17:00,7475,7475,7475,7475,0
2022-10-21 12:18:00,7475,7475,7475,7475,0
2022-10-21 12:19:00,7475,7475,7475,7475,0
2022-10-21 12:20:00,7475,7475,7475,7475,0
2022-10-21 12:21:00,7475,7475,7475,7475,0
2022-10-21 12:22:00,7475,7475,7475,7475,0
2022-10-21 12:23:00,7475,7475,7475,7475,0
2022-10-21 12:24:00,7475,7475,7475,7475,0
2022-10-21 12:25:00,7475,7475,7475,7475,0
2022-10-21 12:26:00,7475,7475,7475,7475,0
2022-10-21 12:27:00,7475,7475,7475,7475,0
2022-10-21 12:28:00,7475,7475,7475,7475,0
2022-10-21 12:29:00,7475,7475,7475,7475,0
2022-10-21 12:30:00,7475,7475,7475,7475,0
2022-10-21 12:31:00,7475,7475,7475,7475,0
2022-10-21 12:32:00,7475,7475,7475,7475,0
2022-10-21 12:33:00,7475,7475,7475,7475,0
2022-10-21 12:34:00,7475,7475,7475,7475,0
2022-10-21 12:35:00,7475,7475,7475,7475,0
2022-10-21 12:36:00,7475,7475,7475,7475,0
2022-10-21 12:37:00,7475,7475,7475,7475,0
2022-10-21 12:38:00,7475,7475,7475,7475,0
2022-10-21 12:39:00,7475,7475,7475,7475,0
2022-10-21 12:40:00,7475,7475,7475,7475,0
2022-10-21 12:41:00,7475,7475,7475,7475,0
2022-10-21 12:42:00,7475,7475,7475,7475,0
2022-10-21 12:43:00,7475,7475,7475,7475,0
2022-10-21 12:44:00,7475,7475,7475,7475,0
2022-10-21 12:45:00,7475,7475,7475,7475,0
2022-10-21 12:46:00,7475,7475,7475,7475,0
2022-10-21 12:47:00,7475,7475,7475,7475,0
2022-10-21 12:48:00,7475,7475,7475,7475,0
2022-10-21 12:49:00,7475,7475,7475,7475,0
2022-10-21 12:50:00,7475,7475,7475,7475,0
2022-10-21 12:51:00,7475,7475,7475,7475,0
2022-10-21 12:52:00,7475,7475,7475,7475,0
2022-10-21 12:53:00,7475,7475,7475,7475,0
2022-10-21 12:54:00,7475,7475,7475,7475,0
2022-10-21 12:55:00,7475,7475,7475,7475,0
2022-10-21 12:56:00,7475,7475,7475,7475,0
2022-10-21 12:57:00,7475,7475,7475,7475,0
2022-10-21 12:58:00,7475,7475,7475,7475,0
2022-10-21 12:59:00,7475,7475,7475,7475,0
2022-10-21 13:00:00,7475,7475,7475,7475,0
2022-10-21 13:01:00,7475,7475,7475,7475,0
2022-10-21 13:02:00,7475,7475,7475,7475,0
2022-10-21 13:03:00,7475,7475,7475,7475,0
2022-10-21 13:04:00,7475,7475,7475,7475,0
2022-10-21 13:05:00,7475,7475,7475,7475,0
2022-10-21 13:06:00,7475,7475,7475,7475,0
2022-10-21 13:07:00,7475,7475,7475,7475,0
2022-10-21 13:08:00,7475,7475,7475,7475,0
2022-10-21 13:09:00,7475,7475,7475,7475,0
2022-10-21 13:10:00,7475,7475,7475,7475,0
2022-10-21 13:11:00,7475,7475,7475,7475,0
2022-10-21 13:12:00,7475,7475,7475,7475,0
2022-10-21 13:13:00,7475,7475,7475,7475,0
2022-10-21 13:14:00,7475,7475,7475,7475,0
2022-10-21 13:15:00,7475,7475,7475,7475,0
2022-10-21 13:16:00,7475,7475,7475,7475,0
2022-10-21 13:17:00,7475,7475,7475,7475,0
2022-10-21 13:18:00,7475,7475,7475,7475,0
2022-10-21 13:19:00,7475,7475,7475,7475,0
2022-10-21 13:20:00,7475,7475,7475,7475,0
2022-10-21 13:21:00,7475,7475,7475,7475,0
2022-10-21 13:22:00,7475,7475,7475,7475,0
2022-10-21 13:23:00,7475,7475,7475,7475,0
2022-10-21 13:24:00,7475,7475,7475,7475,0
2022-10-21 13:25:00,7475,7475,7475,7475,0
2022-10-21 13:26:00,7475,7475,7475,7475,0
2022-10-21 13:27:00,7475,7475,7475,7475,0
2022-10-21 13:28:00,7475,7475,7475,7475,0
2022-10-21 13:29:00,7475,7475,7475,7475,0
2022-10-21 13:30:00,7500,7450,7500,7475,9400
2022-10-21 13:31:00,7475,7475,7475,7475,1300
2022-10-21 13:32:00,7475,7475,7475,7475,300
2022-10-21 13:33:00,7475,7475,7475,7475,0
2022-10-21 13:34:00,7475,7475,7475,7475,100
2022-10-21 13:35:00,7450,7450,7475,7475,1800
2022-10-21 13:36:00,7475,7475,7475,7475,8500
2022-10-21 13:37:00,7450,7450,7475,7475,0
2022-10-21 13:38:00,7475,7475,7475,7475,100
2022-10-21 13:39:00,7475,7475,7475,7475,0
2022-10-21 13:40:00,7475,7475,7475,7475,0
2022-10-21 13:41:00,7450,7450,7475,7475,7300
2022-10-21 13:42:00,7450,7450,7475,7475,0
2022-10-21 13:43:00,7450,7450,7475,7475,0
2022-10-21 13:44:00,7475,7475,7475,7475,4600
2022-10-21 13:45:00,7475,7475,7475,7475,0
2022-10-21 13:46:00,7475,7475,7475,7475,0
2022-10-21 13:47:00,7475,7475,7475,7475,600
2022-10-21 13:48:00,7475,7475,7475,7475,32300
2022-10-21 13:49:00,7475,7475,7475,7475,0
2022-10-21 13:50:00,7475,7475,7475,7475,1100
2022-10-21 13:51:00,7475,7475,7475,7475,0
2022-10-21 13:52:00,7475,7475,7475,7475,1100
2022-10-21 13:53:00,7475,7475,7475,7475,0
2022-10-21 13:54:00,7475,7475,7475,7475,600
2022-10-21 13:55:00,7475,7475,7475,7475,0
2022-10-21 13:56:00,7475,7475,7475,7475,0
2022-10-21 13:57:00,7475,7475,7475,7475,0
2022-10-21 13:58:00,7450,7450,7475,7475,20700
2022-10-21 13:59:00,7475,7475,7475,7475,0
2022-10-21 14:00:00,7475,7475,7475,7475,700
2022-10-21 14:01:00,7475,7475,7475,7475,100
2022-10-21 14:02:00,7475,7475,7475,7475,0
2022-10-21 14:03:00,7475,7475,7475,7475,300
2022-10-21 14:04:00,7475,7475,7475,7475,0
2022-10-21 14:05:00,7475,7450,7475,7450,700
2022-10-21 14:06:00,7450,7450,7475,7475,700
2022-10-21 14:07:00,7450,7450,7475,7475,0
2022-10-21 14:08:00,7450,7450,7475,7475,0
2022-10-21 14:09:00,7475,7450,7475,7450,5300
2022-10-21 14:10:00,7450,7450,7450,7450,3300
2022-10-21 14:11:00,7475,7475,7475,7475,0
2022-10-21 14:12:00,7450,7450,7475,7475,5500
2022-10-21 14:13:00,7450,7450,7450,7450,7400
2022-10-21 14:14:00,7475,7450,7475,7450,1100
2022-10-21 14:15:00,7475,7475,7475,7475,0
2022-10-21 14:16:00,7475,7450,7475,7450,9800
2022-10-21 14:17:00,7475,7450,7475,7450,0
2022-10-21 14:18:00,7475,7475,7475,7475,5600
2022-10-21 14:19:00,7475,7475,7475,7475,200
2022-10-21 14:20:00,7475,7475,7475,7475,0
2022-10-21 14:21:00,7475,7475,7475,7475,1100
2022-10-21 14:22:00,7475,7450,7475,7450,300
2022-10-21 14:23:00,7450,7450,7450,7450,4200
2022-10-21 14:24:00,7475,7450,7475,7450,0
2022-10-21 14:25:00,7450,7450,7450,7450,100
2022-10-21 14:26:00,7450,7450,7450,7450,700
2022-10-21 14:27:00,7475,7450,7475,7450,0
2022-10-21 14:28:00,7475,7450,7475,7450,0
2022-10-21 14:29:00,7450,7450,7450,7450,2700
2022-10-21 14:30:00,7450,7450,7450,7450,0
2022-10-21 14:31:00,7450,7450,7450,7450,5200
2022-10-21 14:32:00,7450,7450,7450,7450,0
2022-10-21 14:33:00,7450,7450,7450,7450,2900
2022-10-21 14:34:00,7450,7450,7450,7450,0
2022-10-21 14:35:00,7450,7450,7450,7450,4100
2022-10-21 14:36:00,7450,7450,7450,7450,0
2022-10-21 14:37:00,7450,7450,7450,7450,11500
2022-10-21 14:38:00,7450,7450,7450,7450,0
2022-10-21 14:39:00,7450,7450,7450,7450,21300
2022-10-21 14:40:00,7450,7450,7450,7450,0
2022-10-21 14:41:00,7450,7450,7450,7450,28700
2022-10-21 14:42:00,7450,7450,7475,7475,0
2022-10-21 14:43:00,7450,7450,7450,7450,1500
2022-10-21 14:44:00,7450,7450,7475,7475,22800
2022-10-21 14:45:00,7450,7450,7475,7475,0
2022-10-21 14:46:00,7450,7450,7475,7475,0
2022-10-21 14:47:00,7475,7475,7475,7475,0
2022-10-21 14:48:00,7450,7450,7450,7450,14200
2022-10-21 14:49:00,7450,7425,7450,7425,243200
2022-10-21 14:50:00,7450,7425,7450,7425,0
2022-10-21 14:51:00,7450,7425,7450,7425,0
2022-10-21 14:52:00,7450,7425,7450,7425,0
2022-10-21 14:53:00,7450,7425,7450,7425,0
2022-10-21 14:54:00,7450,7425,7450,7425,0
2022-10-21 14:55:00,7450,7425,7450,7425,0
2022-10-21 14:56:00,7450,7425,7450,7425,0
2022-10-21 14:57:00,7450,7425,7450,7425,0
2022-10-21 14:58:00,7450,7425,7450,7425,0
2022-10-21 14:59:00,7450,7425,7450,7425,0
2022-10-21 15:00:00,7425,7425,7425,7425,55800
2022-10-21 15:01:00,7425,7425,7425,7425,25800
2022-10-21 15:02:00,7425,7425,7425,7425,9700
2022-10-21 15:03:00,7425,7425,7425,7425,0
2022-10-21 15:04:00,7425,7425,7425,7425,11500
2022-10-21 15:05:00,7425,7425,7425,7425,0
2022-10-21 15:06:00,7425,7425,7425,7425,20200
2022-10-21 15:07:00,7425,7425,7425,7425,600
2022-10-21 15:08:00,7425,7425,7425,7425,47400
2022-10-21 15:09:00,7425,7425,7425,7425,0
2022-10-21 15:10:00,7425,7425,7425,7425,1400
2022-10-21 15:11:00,7425,7425,7425,7425,0
2022-10-21 15:12:00,7425,7425,7425,7425,200
2022-10-21 15:13:00,7425,7425,7425,7425,2800
2022-10-21 15:14:00,7425,7425,7425,7425,0
2022-10-21 15:15:00,7425,7425,7425,7425,0
2022-10-21 15:16:00,7425,7425,7425,7425,0
2022-10-21 15:17:00,7425,7425,7425,7425,0
2022-10-21 15:18:00,7425,7425,7425,7425,0
2022-10-21 15:19:00,7425,7425,7425,7425,0
2022-10-21 15:20:00,7425,7425,7425,7425,0
2022-10-21 15:21:00,7425,7425,7425,7425,0
2022-10-21 15:22:00,7425,7425,7425,7425,0
2022-10-21 15:23:00,7425,7425,7425,7425,0
2022-10-21 15:24:00,7425,7425,7425,7425,0
2022-10-21 15:25:00,7425,7425,7425,7425,0
2022-10-21 15:26:00,7425,7425,7425,7425,0
2022-10-21 15:27:00,7425,7425,7425,7425,0
2022-10-21 15:28:00,7425,7425,7425,7425,0
2022-10-21 15:29:00,7425,7425,7425,7425,0
2022-10-21 15:30:00,7425,7425,7425,7425,0
2022-10-21 15:31:00,7425,7425,7425,7425,0
2022-10-21 15:32:00,7425,7425,7425,7425,0
2022-10-21 15:33:00,7425,7425,7425,7425,0
2022-10-21 15:34:00,7425,7425,7425,7425,0
2022-10-21 15:35:00,7425,7425,7425,7425,0
2022-10-21 15:36:00,7425,7425,7425,7425,0
2022-10-21 15:37:00,7425,7425,7425,7425,0
2022-10-21 15:38:00,7425,7425,7425,7425,0
2022-10-21 15:39:00,7425,7425,7425,7425,0
2022-10-21 15:40:00,7425,7425,7425,7425,0
2022-10-21 15:41:00,7425,7425,7425,7425,0
2022-10-21 15:42:00,7425,7425,7425,7425,0
2022-10-21 15:43:00,7425,7425,7425,7425,0
2022-10-21 15:44:00,7425,7425,7425,7425,0
2022-10-21 15:45:00,7425,7425,7425,7425,0
2022-10-21 15:46:00,7425,7425,7425,7425,0
2022-10-21 15:47:00,7425,7425,7425,7425,0
2022-10-21 15:48:00,7425,7425,7425,7425,0
2022-10-21 15:49:00,7425,7425,7425,7425,0
2022-10-21 15:50:00,7425,7425,7425,7425,0
2022-10-21 15:51:00,7425,7425,7425,7425,0
2022-10-21 15:52:00,7425,7425,7425,7425,0
2022-10-21 15:53:00,7425,7425,7425,7425,0
2022-10-21 15:54:00,7425,7425,7425,7425,0
2022-10-21 15:55:00,7425,7425,7425,7425,0
2022-10-21 15:56:00,7425,7425,7425,7425,0
2022-10-21 15:57:00,7425,7425,7425,7425,0
2022-10-21 15:58:00,7425,7425,7425,7425,0
2022-10-21 15:59:00,7425,7425,7425,7425,0
2022-10-24 09:00:00,7425,7400,7525,7525,0
2022-10-24 09:01:00,7500,7475,7525,7525,30600
2022-10-24 09:02:00,7525,7500,7525,7500,10300
2022-10-24 09:03:00,7500,7500,7500,7500,5100
2022-10-24 09:04:00,7500,7500,7500,7500,3900
2022-10-24 09:05:00,7500,7475,7500,7475,26300
2022-10-24 09:06:00,7500,7500,7500,7500,0
2022-10-24 09:07:00,7500,7500,7500,7500,1900
2022-10-24 09:08:00,7475,7475,7500,7475,24300
2022-10-24 09:09:00,7500,7500,7500,7500,0
2022-10-24 09:10:00,7475,7475,7475,7475,0
2022-10-24 09:11:00,7500,7500,7500,7500,22600
2022-10-24 09:12:00,7500,7500,7525,7525,900
2022-10-24 09:13:00,7500,7500,7525,7525,3800
2022-10-24 09:14:00,7500,7500,7500,7500,3100
2022-10-24 09:15:00,7475,7475,7500,7500,8400
2022-10-24 09:16:00,7475,7475,7500,7500,0
2022-10-24 09:17:00,7475,7475,7475,7475,1200
2022-10-24 09:18:00,7475,7475,7475,7475,1100
2022-10-24 09:19:00,7475,7475,7475,7475,8500
2022-10-24 09:20:00,7475,7475,7475,7475,900
2022-10-24 09:21:00,7500,7500,7500,7500,0
2022-10-24 09:22:00,7475,7475,7500,7500,1300
2022-10-24 09:23:00,7500,7500,7500,7500,4600
2022-10-24 09:24:00,7475,7475,7475,7475,0
2022-10-24 09:25:00,7475,7475,7475,7475,1400
2022-10-24 09:26:00,7475,7475,7475,7475,0
2022-10-24 09:27:00,7475,7475,7475,7475,0
2022-10-24 09:28:00,7475,7475,7475,7475,1800
2022-10-24 09:29:00,7475,7475,7475,7475,2500
2022-10-24 09:30:00,7500,7475,7500,7475,7500
2022-10-24 09:31:00,7475,7475,7475,7475,21300
2022-10-24 09:32:00,7475,7475,7475,7475,28100
2022-10-24 09:33:00,7475,7475,7475,7475,0
2022-10-24 09:34:00,7450,7450,7450,7450,1600
2022-10-24 09:35:00,7475,7475,7475,7475,11200
2022-10-24 09:36:00,7475,7475,7475,7475,0
2022-10-24 09:37:00,7475,7475,7475,7475,0
2022-10-24 09:38:00,7475,7475,7475,7475,2100
2022-10-24 09:39:00,7475,7475,7500,7500,26000
2022-10-24 09:40:00,7475,7475,7475,7475,2900
2022-10-24 09:41:00,7500,7500,7525,7525,225500
2022-10-24 09:42:00,7550,7550,7550,7550,2900
2022-10-24 09:43:00,7550,7550,7550,7550,45700
2022-10-24 09:44:00,7550,7550,7575,7575,55200
2022-10-24 09:45:00,7600,7575,7600,7600,110600
2022-10-24 09:46:00,7600,7600,7625,7600,38700
2022-10-24 09:47:00,7625,7600,7625,7625,23300
2022-10-24 09:48:00,7650,7625,7650,7625,5100
2022-10-24 09:49:00,7625,7625,7625,7625,12300
2022-10-24 09:50:00,7625,7600,7625,7600,7100
2022-10-24 09:51:00,7600,7600,7600,7600,20500
2022-10-24 09:52:00,7600,7600,7600,7600,13900
2022-10-24 09:53:00,7600,7575,7600,7575,9100
2022-10-24 09:54:00,7575,7575,7575,7575,3100
2022-10-24 09:55:00,7550,7550,7550,7550,16000
2022-10-24 09:56:00,7550,7550,7575,7575,0
2022-10-24 09:57:00,7550,7550,7575,7575,0
2022-10-24 09:58:00,7550,7550,7575,7575,0
2022-10-24 09:59:00,7575,7550,7575,7550,2200
2022-10-24 10:00:00,7575,7575,7600,7600,5800
2022-10-24 10:01:00,7600,7600,7600,7600,20200
2022-10-24 10:02:00,7600,7600,7600,7600,1900
2022-10-24 10:03:00,7600,7575,7600,7600,15600
2022-10-24 10:04:00,7600,7600,7600,7600,1500
2022-10-24 10:05:00,7600,7600,7600,7600,7700
2022-10-24 10:06:00,7600,7600,7625,7625,5400
2022-10-24 10:07:00,7625,7600,7625,7600,12600
2022-10-24 10:08:00,7625,7625,7625,7625,1900
2022-10-24 10:09:00,7600,7600,7625,7625,2700
2022-10-24 10:10:00,7625,7625,7625,7625,1000
2022-10-24 10:11:00,7600,7600,7600,7600,32300
2022-10-24 10:12:00,7600,7600,7600,7600,300
2022-10-24 10:13:00,7600,7575,7600,7600,12900
2022-10-24 10:14:00,7600,7575,7600,7575,4200
2022-10-24 10:15:00,7575,7575,7600,7600,2800
2022-10-24 10:16:00,7600,7600,7600,7600,5800
2022-10-24 10:17:00,7600,7600,7600,7600,1900
2022-10-24 10:18:00,7600,7600,7600,7600,0
2022-10-24 10:19:00,7600,7600,7600,7600,2100
2022-10-24 10:20:00,7600,7600,7600,7600,100
2022-10-24 10:21:00,7600,7600,7600,7600,100
2022-10-24 10:22:00,7600,7575,7600,7575,20400
2022-10-24 10:23:00,7575,7575,7600,7575,16300
2022-10-24 10:24:00,7600,7600,7600,7600,45400
2022-10-24 10:25:00,7600,7600,7600,7600,8600
2022-10-24 10:26:00,7600,7600,7600,7600,6300
2022-10-24 10:27:00,7600,7600,7625,7625,3800
2022-10-24 10:28:00,7625,7625,7625,7625,0
2022-10-24 10:29:00,7625,7625,7625,7625,500
2022-10-24 10:30:00,7625,7600,7625,7600,14600
2022-10-24 10:31:00,7600,7600,7600,7600,3800
2022-10-24 10:32:00,7625,7600,7625,7600,1100
2022-10-24 10:33:00,7600,7600,7600,7600,0
2022-10-24 10:34:00,7600,7600,7600,7600,200
2022-10-24 10:35:00,7600,7600,7600,7600,2900
2022-10-24 10:36:00,7600,7600,7600,7600,1300
2022-10-24 10:37:00,7600,7600,7600,7600,7400
2022-10-24 10:38:00,7625,7600,7625,7600,7100
2022-10-24 10:39:00,7600,7600,7600,7600,14500
2022-10-24 10:40:00,7600,7600,7600,7600,14300
2022-10-24 10:41:00,7600,7600,7625,7600,2900
2022-10-24 10:42:00,7625,7600,7625,7625,109200
2022-10-24 10:43:00,7625,7625,7650,7650,21900
2022-10-24 10:44:00,7600,7600,7600,7600,1000
2022-10-24 10:45:00,7600,7600,7600,7600,2300
2022-10-24 10:46:00,7600,7600,7600,7600,0
2022-10-24 10:47:00,7600,7600,7600,7600,0
2022-10-24 10:48:00,7600,7600,7625,7625,2600
2022-10-24 10:49:00,7600,7600,7600,7600,10500
2022-10-24 10:50:00,7600,7600,7600,7600,500
2022-10-24 10:51:00,7600,7600,7600,7600,100
2022-10-24 10:52:00,7600,7600,7600,7600,100
2022-10-24 10:53:00,7600,7600,7600,7600,400
2022-10-24 10:54:00,7600,7600,7600,7600,13300
2022-10-24 10:55:00,7600,7600,7600,7600,200
2022-10-24 10:56:00,7600,7600,7600,7600,0
2022-10-24 10:57:00,7600,7600,7600,7600,100
2022-10-24 10:58:00,7600,7600,7600,7600,2300
2022-10-24 10:59:00,7600,7600,7600,7600,3000
2022-10-24 11:00:00,7600,7600,7600,7600,17200
2022-10-24 11:01:00,7600,7600,7600,7600,0
2022-10-24 11:02:00,7600,7600,7600,7600,4300
2022-10-24 11:03:00,7600,7600,7600,7600,0
2022-10-24 11:04:00,7600,7600,7600,7600,0
2022-10-24 11:05:00,7600,7600,7600,7600,0
2022-10-24 11:06:00,7600,7600,7600,7600,7100
2022-10-24 11:07:00,7600,7600,7600,7600,0
2022-10-24 11:08:00,7575,7575,7575,7575,1700
2022-10-24 11:09:00,7600,7600,7600,7600,0
2022-10-24 11:10:00,7600,7600,7600,7600,10000
2022-10-24 11:11:00,7575,7575,7575,7575,0
2022-10-24 11:12:00,7575,7575,7575,7575,0
2022-10-24 11:13:00,7600,7600,7600,7600,600
2022-10-24 11:14:00,7600,7600,7600,7600,400
2022-10-24 11:15:00,7600,7600,7600,7600,0
2022-10-24 11:16:00,7600,7600,7600,7600,500
2022-10-24 11:17:00,7600,7575,7600,7575,3800
2022-10-24 11:18:00,7600,7600,7600,7600,1000
2022-10-24 11:19:00,7600,7600,7600,7600,100
2022-10-24 11:20:00,7600,7600,7600,7600,500
2022-10-24 11:21:00,7600,7600,7600,7600,700
2022-10-24 11:22:00,7600,7600,7600,7600,400
2022-10-24 11:23:00,7600,7600,7600,7600,5800
2022-10-24 11:24:00,7575,7575,7600,7600,0
2022-10-24 11:25:00,7600,7600,7600,7600,6900
2022-10-24 11:26:00,7600,7600,7600,7600,0
2022-10-24 11:27:00,7600,7600,7600,7600,0
2022-10-24 11:28:00,7600,7575,7600,7575,200
2022-10-24 11:29:00,7600,7600,7600,7600,0
2022-10-24 11:30:00,7600,7600,7600,7600,0
2022-10-24 11:31:00,7600,7600,7600,7600,0
2022-10-24 11:32:00,7600,7600,7600,7600,0
2022-10-24 11:33:00,7600,7600,7600,7600,0
2022-10-24 11:34:00,7600,7600,7600,7600,0
2022-10-24 11:35:00,7600,7600,7600,7600,0
2022-10-24 11:36:00,7600,7600,7600,7600,0
2022-10-24 11:37:00,7600,7600,7600,7600,0
2022-10-24 11:38:00,7600,7600,7600,7600,0
2022-10-24 11:39:00,7600,7600,7600,7600,0
2022-10-24 11:40:00,7600,7600,7600,7600,0
2022-10-24 11:41:00,7600,7600,7600,7600,0
2022-10-24 11:42:00,7600,7600,7600,7600,0
2022-10-24 11:43:00,7600,7600,7600,7600,0
2022-10-24 11:44:00,7600,7600,7600,7600,0
2022-10-24 11:45:00,7600,7600,7600,7600,0
2022-10-24 11:46:00,7600,7600,7600,7600,0
2022-10-24 11:47:00,7600,7600,7600,7600,0
2022-10-24 11:48:00,7600,7600,7600,7600,0
2022-10-24 11:49:00,7600,7600,7600,7600,0
2022-10-24 11:50:00,7600,7600,7600,7600,0
2022-10-24 11:51:00,7600,7600,7600,7600,0
2022-10-24 11:52:00,7600,7600,7600,7600,0
2022-10-24 11:53:00,7600,7600,7600,7600,0
2022-10-24 11:54:00,7600,7600,7600,7600,0
2022-10-24 11:55:00,7600,7600,7600,7600,0
2022-10-24 11:56:00,7600,7600,7600,7600,0
2022-10-24 11:57:00,7600,7600,7600,7600,0
2022-10-24 11:58:00,7600,7600,7600,7600,0
2022-10-24 11:59:00,7600,7600,7600,7600,0
2022-10-24 12:00:00,7600,7600,7600,7600,0
2022-10-24 12:01:00,7600,7600,7600,7600,0
2022-10-24 12:02:00,7600,7600,7600,7600,0
2022-10-24 12:03:00,7600,7600,7600,7600,0
2022-10-24 12:04:00,7600,7600,7600,7600,0
2022-10-24 12:05:00,7600,7600,7600,7600,0
2022-10-24 12:06:00,7600,7600,7600,7600,0
2022-10-24 12:07:00,7600,7600,7600,7600,0
2022-10-24 12:08:00,7600,7600,7600,7600,0
2022-10-24 12:09:00,7600,7600,7600,7600,0
2022-10-24 12:10:00,7600,7600,7600,7600,0
2022-10-24 12:11:00,7600,7600,7600,7600,0
2022-10-24 12:12:00,7600,7600,7600,7600,0
2022-10-24 12:13:00,7600,7600,7600,7600,0
2022-10-24 12:14:00,7600,7600,7600,7600,0
2022-10-24 12:15:00,7600,7600,7600,7600,0
2022-10-24 12:16:00,7600,7600,7600,7600,0
2022-10-24 12:17:00,7600,7600,7600,7600,0
2022-10-24 12:18:00,7600,7600,7600,7600,0
2022-10-24 12:19:00,7600,7600,7600,7600,0
2022-10-24 12:20:00,7600,7600,7600,7600,0
2022-10-24 12:21:00,7600,7600,7600,7600,0
2022-10-24 12:22:00,7600,7600,7600,7600,0
2022-10-24 12:23:00,7600,7600,7600,7600,0
2022-10-24 12:24:00,7600,7600,7600,7600,0
2022-10-24 12:25:00,7600,7600,7600,7600,0
2022-10-24 12:26:00,7600,7600,7600,7600,0
2022-10-24 12:27:00,7600,7600,7600,7600,0
2022-10-24 12:28:00,7600,7600,7600,7600,0
2022-10-24 12:29:00,7600,7600,7600,7600,0
2022-10-24 12:30:00,7600,7600,7600,7600,0
2022-10-24 12:31:00,7600,7600,7600,7600,0
2022-10-24 12:32:00,7600,7600,7600,7600,0
2022-10-24 12:33:00,7600,7600,7600,7600,0
2022-10-24 12:34:00,7600,7600,7600,7600,0
2022-10-24 12:35:00,7600,7600,7600,7600,0
2022-10-24 12:36:00,7600,7600,7600,7600,0
2022-10-24 12:37:00,7600,7600,7600,7600,0
2022-10-24 12:38:00,7600,7600,7600,7600,0
2022-10-24 12:39:00,7600,7600,7600,7600,0
2022-10-24 12:40:00,7600,7600,7600,7600,0
2022-10-24 12:41:00,7600,7600,7600,7600,0
2022-10-24 12:42:00,7600,7600,7600,7600,0
2022-10-24 12:43:00,7600,7600,7600,7600,0
2022-10-24 12:44:00,7600,7600,7600,7600,0
2022-10-24 12:45:00,7600,7600,7600,7600,0
2022-10-24 12:46:00,7600,7600,7600,7600,0
2022-10-24 12:47:00,7600,7600,7600,7600,0
2022-10-24 12:48:00,7600,7600,7600,7600,0
2022-10-24 12:49:00,7600,7600,7600,7600,0
2022-10-24 12:50:00,7600,7600,7600,7600,0
2022-10-24 12:51:00,7600,7600,7600,7600,0
2022-10-24 12:52:00,7600,7600,7600,7600,0
2022-10-24 12:53:00,7600,7600,7600,7600,0
2022-10-24 12:54:00,7600,7600,7600,7600,0
2022-10-24 12:55:00,7600,7600,7600,7600,0
2022-10-24 12:56:00,7600,7600,7600,7600,0
2022-10-24 12:57:00,7600,7600,7600,7600,0
2022-10-24 12:58:00,7600,7600,7600,7600,0
2022-10-24 12:59:00,7600,7600,7600,7600,0
2022-10-24 13:00:00,7600,7600,7600,7600,0
2022-10-24 13:01:00,7600,7600,7600,7600,0
2022-10-24 13:02:00,7600,7600,7600,7600,0
2022-10-24 13:03:00,7600,7600,7600,7600,0
2022-10-24 13:04:00,7600,7600,7600,7600,0
2022-10-24 13:05:00,7600,7600,7600,7600,0
2022-10-24 13:06:00,7600,7600,7600,7600,0
2022-10-24 13:07:00,7600,7600,7600,7600,0
2022-10-24 13:08:00,7600,7600,7600,7600,0
2022-10-24 13:09:00,7600,7600,7600,7600,0
2022-10-24 13:10:00,7600,7600,7600,7600,0
2022-10-24 13:11:00,7600,7600,7600,7600,0
2022-10-24 13:12:00,7600,7600,7600,7600,0
2022-10-24 13:13:00,7600,7600,7600,7600,0
2022-10-24 13:14:00,7600,7600,7600,7600,0
2022-10-24 13:15:00,7600,7600,7600,7600,0
2022-10-24 13:16:00,7600,7600,7600,7600,0
2022-10-24 13:17:00,7600,7600,7600,7600,0
2022-10-24 13:18:00,7600,7600,7600,7600,0
2022-10-24 13:19:00,7600,7600,7600,7600,0
2022-10-24 13:20:00,7600,7600,7600,7600,0
2022-10-24 13:21:00,7600,7600,7600,7600,0
2022-10-24 13:22:00,7600,7600,7600,7600,0
2022-10-24 13:23:00,7600,7600,7600,7600,0
2022-10-24 13:24:00,7600,7600,7600,7600,0
2022-10-24 13:25:00,7600,7600,7600,7600,0
2022-10-24 13:26:00,7600,7600,7600,7600,0
2022-10-24 13:27:00,7600,7600,7600,7600,0
2022-10-24 13:28:00,7600,7600,7600,7600,0
2022-10-24 13:29:00,7600,7600,7600,7600,0
2022-10-24 13:30:00,7575,7575,7600,7575,87900
2022-10-24 13:31:00,7575,7575,7600,7575,0
2022-10-24 13:32:00,7575,7575,7575,7575,2900
2022-10-24 13:33:00,7575,7575,7575,7575,0
2022-10-24 13:34:00,7575,7575,7575,7575,700
2022-10-24 13:35:00,7575,7575,7575,7575,14200
2022-10-24 13:36:00,7575,7575,7575,7575,5900
2022-10-24 13:37:00,7575,7575,7575,7575,2900
2022-10-24 13:38:00,7575,7575,7575,7575,10000
2022-10-24 13:39:00,7575,7575,7575,7575,5100
2022-10-24 13:40:00,7600,7575,7600,7575,42800
2022-10-24 13:41:00,7600,7575,7600,7575,0
2022-10-24 13:42:00,7550,7550,7550,7550,149000
2022-10-24 13:43:00,7550,7550,7550,7550,7300
2022-10-24 13:44:00,7550,7550,7550,7550,0
2022-10-24 13:45:00,7550,7550,7550,7550,11900
2022-10-24 13:46:00,7550,7550,7550,7550,0
2022-10-24 13:47:00,7550,7550,7550,7550,10600
2022-10-24 13:48:00,7550,7550,7575,7575,2300
2022-10-24 13:49:00,7550,7550,7550,7550,2700
2022-10-24 13:50:00,7550,7550,7550,7550,3800
2022-10-24 13:51:00,7550,7550,7550,7550,3400
2022-10-24 13:52:00,7550,7550,7550,7550,6200
2022-10-24 13:53:00,7550,7550,7550,7550,15300
2022-10-24 13:54:00,7550,7550,7575,7575,3700
2022-10-24 13:55:00,7550,7550,7550,7550,0
2022-10-24 13:56:00,7550,7550,7550,7550,1500
2022-10-24 13:57:00,7550,7550,7550,7550,0
2022-10-24 13:58:00,7550,7550,7550,7550,9800
2022-10-24 13:59:00,7550,7550,7550,7550,400
2022-10-24 14:00:00,7550,7550,7575,7575,1100
2022-10-24 14:01:00,7550,7550,7575,7575,0
2022-10-24 14:02:00,7550,7550,7575,7575,0
2022-10-24 14:03:00,7550,7550,7550,7550,900
2022-10-24 14:04:00,7550,7550,7550,7550,0
2022-10-24 14:05:00,7550,7550,7550,7550,100
2022-10-24 14:06:00,7550,7550,7550,7550,0
2022-10-24 14:07:00,7550,7550,7550,7550,0
2022-10-24 14:08:00,7550,7550,7550,7550,0
2022-10-24 14:09:00,7550,7550,7550,7550,0
2022-10-24 14:10:00,7550,7550,7550,7550,2000
2022-10-24 14:11:00,7550,7550,7550,7550,0
2022-10-24 14:12:00,7575,7550,7575,7550,300
2022-10-24 14:13:00,7575,7575,7575,7575,900
2022-10-24 14:14:00,7550,7550,7550,7550,0
2022-10-24 14:15:00,7575,7550,7575,7550,1300
2022-10-24 14:16:00,7550,7550,7550,7550,4700
2022-10-24 14:17:00,7550,7550,7550,7550,22900
2022-10-24 14:18:00,7550,7550,7575,7550,42100
2022-10-24 14:19:00,7550,7550,7550,7550,3000
2022-10-24 14:20:00,7575,7575,7575,7575,1100
2022-10-24 14:21:00,7550,7550,7550,7550,800
2022-10-24 14:22:00,7550,7550,7550,7550,0
2022-10-24 14:23:00,7550,7550,7550,7550,0
2022-10-24 14:24:00,7550,7550,7575,7575,5400
2022-10-24 14:25:00,7550,7550,7575,7550,10800
2022-10-24 14:26:00,7550,7550,7550,7550,0
2022-10-24 14:27:00,7550,7550,7550,7550,3100
2022-10-24 14:28:00,7550,7550,7550,7550,0
2022-10-24 14:29:00,7550,7550,7550,7550,6500
2022-10-24 14:30:00,7550,7550,7550,7550,3900
2022-10-24 14:31:00,7550,7550,7550,7550,0
2022-10-24 14:32:00,7550,7550,7550,7550,400
2022-10-24 14:33:00,7550,7550,7550,7550,6300
2022-10-24 14:34:00,7550,7550,7550,7550,0
2022-10-24 14:35:00,7550,7550,7550,7550,400
2022-10-24 14:36:00,7550,7550,7550,7550,1200
2022-10-24 14:37:00,7550,7550,7575,7575,2500
2022-10-24 14:38:00,7550,7550,7575,7550,9600
2022-10-24 14:39:00,7550,7550,7575,7550,0
2022-10-24 14:40:00,7525,7525,7525,7525,1800
2022-10-24 14:41:00,7525,7525,7525,7525,0
2022-10-24 14:42:00,7525,7525,7525,7525,400
2022-10-24 14:43:00,7525,7525,7550,7550,5600
2022-10-24 14:44:00,7550,7550,7575,7575,28300
2022-10-24 14:45:00,7575,7550,7575,7550,0
2022-10-24 14:46:00,7550,7550,7550,7550,7100
2022-10-24 14:47:00,7550,7550,7550,7550,600
2022-10-24 14:48:00,7550,7550,7550,7550,3300
2022-10-24 14:49:00,7550,7550,7550,7550,12500
2022-10-24 14:50:00,7550,7550,7550,7550,0
2022-10-24 14:51:00,7550,7550,7550,7550,0
2022-10-24 14:52:00,7550,7550,7550,7550,0
2022-10-24 14:53:00,7550,7550,7550,7550,0
2022-10-24 14:54:00,7550,7550,7550,7550,0
2022-10-24 14:55:00,7550,7550,7550,7550,0
2022-10-24 14:56:00,7550,7550,7550,7550,0
2022-10-24 14:57:00,7550,7550,7550,7550,0
2022-10-24 14:58:00,7550,7550,7550,7550,0
2022-10-24 14:59:00,7550,7550,7550,7550,0
2022-10-24 15:00:00,7550,7550,7550,7550,15600
2022-10-24 15:01:00,7550,7550,7550,7550,800
2022-10-24 15:02:00,7550,7550,7550,7550,0
2022-10-24 15:03:00,7550,7550,7550,7550,9700
2022-10-24 15:04:00,7550,7550,7550,7550,1700
2022-10-24 15:05:00,7550,7550,7550,7550,0
2022-10-24 15:06:00,7550,7550,7550,7550,0
2022-10-24 15:07:00,7550,7550,7550,7550,300
2022-10-24 15:08:00,7550,7550,7550,7550,800
2022-10-24 15:09:00,7550,7550,7550,7550,3900
2022-10-24 15:10:00,7550,7550,7550,7550,100
2022-10-24 15:11:00,7550,7550,7550,7550,0
2022-10-24 15:12:00,7550,7550,7550,7550,4900
2022-10-24 15:13:00,7550,7550,7550,7550,1800
2022-10-24 15:14:00,7550,7550,7550,7550,2009600
2022-10-24 15:15:00,7550,7550,7550,7550,0
2022-10-24 15:16:00,7550,7550,7550,7550,0
2022-10-24 15:17:00,7550,7550,7550,7550,0
2022-10-24 15:18:00,7550,7550,7550,7550,0
2022-10-24 15:19:00,7550,7550,7550,7550,0
2022-10-24 15:20:00,7550,7550,7550,7550,0
2022-10-24 15:21:00,7550,7550,7550,7550,0
2022-10-24 15:22:00,7550,7550,7550,7550,0
2022-10-24 15:23:00,7550,7550,7550,7550,0
2022-10-24 15:24:00,7550,7550,7550,7550,0
2022-10-24 15:25:00,7550,7550,7550,7550,0
2022-10-24 15:26:00,7550,7550,7550,7550,0
2022-10-24 15:27:00,7550,7550,7550,7550,0
2022-10-24 15:28:00,7550,7550,7550,7550,0
2022-10-24 15:29:00,7550,7550,7550,7550,0
2022-10-24 15:30:00,7550,7550,7550,7550,0
2022-10-24 15:31:00,7550,7550,7550,7550,0
2022-10-24 15:32:00,7550,7550,7550,7550,0
2022-10-24 15:33:00,7550,7550,7550,7550,0
2022-10-24 15:34:00,7550,7550,7550,7550,0
2022-10-24 15:35:00,7550,7550,7550,7550,0
2022-10-24 15:36:00,7550,7550,7550,7550,0
2022-10-24 15:37:00,7550,7550,7550,7550,0
2022-10-24 15:38:00,7550,7550,7550,7550,0
2022-10-24 15:39:00,7550,7550,7550,7550,0
2022-10-24 15:40:00,7550,7550,7550,7550,0
2022-10-24 15:41:00,7550,7550,7550,7550,0
2022-10-24 15:42:00,7550,7550,7550,7550,0
2022-10-24 15:43:00,7550,7550,7550,7550,0
2022-10-24 15:44:00,7550,7550,7550,7550,0
2022-10-24 15:45:00,7550,7550,7550,7550,0
2022-10-24 15:46:00,7550,7550,7550,7550,0
2022-10-24 15:47:00,7550,7550,7550,7550,0
2022-10-24 15:48:00,7550,7550,7550,7550,0
2022-10-24 15:49:00,7550,7550,7550,7550,0
2022-10-24 15:50:00,7550,7550,7550,7550,0
2022-10-24 15:51:00,7550,7550,7550,7550,0
2022-10-24 15:52:00,7550,7550,7550,7550,0
2022-10-24 15:53:00,7550,7550,7550,7550,0
2022-10-24 15:54:00,7550,7550,7550,7550,0
2022-10-24 15:55:00,7550,7550,7550,7550,0
2022-10-24 15:56:00,7550,7550,7550,7550,0
2022-10-24 15:57:00,7550,7550,7550,7550,0
2022-10-24 15:58:00,7550,7550,7550,7550,0
2022-10-24 15:59:00,7550,7550,7550,7550,0
2022-10-25 09:00:00,7550,7550,7550,7550,0
2022-10-25 09:01:00,7575,7575,7600,7600,11700
2022-10-25 09:02:00,7600,7600,7600,7600,16700
2022-10-25 09:03:00,7600,7575,7600,7575,0
2022-10-25 09:04:00,7575,7550,7575,7550,300
2022-10-25 09:05:00,7550,7550,7550,7550,100
2022-10-25 09:06:00,7575,7575,7575,7575,18100
2022-10-25 09:07:00,7575,7550,7575,7550,35000
2022-10-25 09:08:00,7525,7525,7525,7525,1300
2022-10-25 09:09:00,7525,7500,7525,7525,27700
2022-10-25 09:10:00,7500,7475,7500,7475,44600
2022-10-25 09:11:00,7475,7475,7500,7500,32000
2022-10-25 09:12:00,7500,7500,7550,7550,58800
2022-10-25 09:13:00,7575,7550,7575,7550,2900
2022-10-25 09:14:00,7525,7525,7550,7550,10600
2022-10-25 09:15:00,7550,7550,7550,7550,41900
2022-10-25 09:16:00,7550,7550,7550,7550,0
2022-10-25 09:17:00,7550,7550,7550,7550,0
2022-10-25 09:18:00,7550,7550,7550,7550,7900
2022-10-25 09:19:00,7550,7550,7550,7550,3800
2022-10-25 09:20:00,7550,7550,7550,7550,0
2022-10-25 09:21:00,7550,7550,7550,7550,5700
2022-10-25 09:22:00,7550,7550,7550,7550,0
2022-10-25 09:23:00,7575,7575,7600,7600,10000
2022-10-25 09:24:00,7550,7550,7575,7575,43600
2022-10-25 09:25:00,7550,7550,7575,7575,0
2022-10-25 09:26:00,7550,7550,7575,7575,0
2022-10-25 09:27:00,7575,7550,7575,7550,300
2022-10-25 09:28:00,7550,7550,7550,7550,29300
2022-10-25 09:29:00,7550,7550,7575,7550,15100
2022-10-25 09:30:00,7550,7550,7575,7575,5700
2022-10-25 09:31:00,7575,7575,7575,7575,0
2022-10-25 09:32:00,7550,7550,7575,7550,15700
2022-10-25 09:33:00,7550,7550,7550,7550,23100
2022-10-25 09:34:00,7525,7525,7525,7525,0
2022-10-25 09:35:00,7525,7525,7525,7525,2900
2022-10-25 09:36:00,7525,7500,7525,7500,13900
2022-10-25 09:37:00,7500,7500,7500,7500,12900
2022-10-25 09:38:00,7500,7500,7500,7500,0
2022-10-25 09:39:00,7500,7500,7500,7500,30600
2022-10-25 09:40:00,7500,7500,7500,7500,0
2022-10-25 09:41:00,7475,7450,7500,7450,26800
2022-10-25 09:42:00,7450,7450,7450,7450,35800
2022-10-25 09:43:00,7450,7450,7450,7450,27800
2022-10-25 09:44:00,7450,7450,7450,7450,0
2022-10-25 09:45:00,7450,7450,7450,7450,200
2022-10-25 09:46:00,7450,7450,7450,7450,0
2022-10-25 09:47:00,7450,7450,7450,7450,0
2022-10-25 09:48:00,7450,7450,7450,7450,19000
2022-10-25 09:49:00,7450,7450,7475,7450,64000
2022-10-25 09:50:00,7475,7475,7475,7475,500
2022-10-25 09:51:00,7450,7450,7450,7450,13500
2022-10-25 09:52:00,7450,7450,7450,7450,200
2022-10-25 09:53:00,7475,7475,7475,7475,0
2022-10-25 09:54:00,7475,7475,7475,7475,5400
2022-10-25 09:55:00,7475,7475,7475,7475,0
2022-10-25 09:56:00,7475,7475,7475,7475,200
2022-10-25 09:57:00,7475,7475,7500,7500,500
2022-10-25 09:58:00,7500,7500,7500,7500,1900
2022-10-25 09:59:00,7475,7475,7475,7475,0
2022-10-25 10:00:00,7475,7475,7475,7475,0
2022-10-25 10:01:00,7475,7475,7475,7475,0
2022-10-25 10:02:00,7475,7475,7475,7475,0
2022-10-25 10:03:00,7500,7500,7500,7500,0
2022-10-25 10:04:00,7500,7500,7500,7500,0
2022-10-25 10:05:00,7525,7525,7525,7525,753100
2022-10-25 10:06:00,7525,7525,7525,7525,0
2022-10-25 10:07:00,7525,7525,7525,7525,0
2022-10-25 10:08:00,7525,7525,7525,7525,4300
2022-10-25 10:09:00,7525,7525,7525,7525,13500
2022-10-25 10:10:00,7525,7525,7525,7525,10000
2022-10-25 10:11:00,7500,7500,7525,7525,69400
2022-10-25 10:12:00,7525,7525,7525,7525,10800
2022-10-25 10:13:00,7525,7500,7525,7500,32700
2022-10-25 10:14:00,7525,7500,7525,7500,0
2022-10-25 10:15:00,7525,7500,7525,7500,0
2022-10-25 10:16:00,7525,7500,7525,7500,0
2022-10-25 10:17:00,7525,7500,7525,7500,0
2022-10-25 10:18:00,7475,7475,7475,7475,7400
2022-10-25 10:19:00,7475,7475,7475,7475,0
2022-10-25 10:20:00,7475,7475,7475,7475,24700
2022-10-25 10:21:00,7450,7450,7450,7450,200
2022-10-25 10:22:00,7450,7450,7475,7475,6900
2022-10-25 10:23:00,7475,7475,7475,7475,0
2022-10-25 10:24:00,7475,7475,7475,7475,200
2022-10-25 10:25:00,7475,7475,7475,7475,0
2022-10-25 10:26:00,7475,7475,7475,7475,10000
2022-10-25 10:27:00,7475,7475,7475,7475,0
2022-10-25 10:28:00,7475,7475,7475,7475,0
2022-10-25 10:29:00,7475,7475,7475,7475,0
2022-10-25 10:30:00,7450,7450,7450,7450,4400
2022-10-25 10:31:00,7450,7450,7450,7450,0
2022-10-25 10:32:00,7475,7475,7475,7475,22800
2022-10-25 10:33:00,7475,7475,7475,7475,0
2022-10-25 10:34:00,7475,7475,7475,7475,0
2022-10-25 10:35:00,7475,7450,7475,7450,12700
2022-10-25 10:36:00,7450,7450,7450,7450,0
2022-10-25 10:37:00,7475,7475,7475,7475,22900
2022-10-25 10:38:00,7475,7475,7475,7475,1400
2022-10-25 10:39:00,7500,7500,7500,7500,0
2022-10-25 10:40:00,7500,7500,7500,7500,4000
2022-10-25 10:41:00,7500,7500,7500,7500,0
2022-10-25 10:42:00,7500,7500,7500,7500,0
2022-10-25 10:43:00,7500,7500,7500,7500,0
2022-10-25 10:44:00,7500,7500,7500,7500,0
2022-10-25 10:45:00,7500,7500,7500,7500,0
2022-10-25 10:46:00,7500,7500,7500,7500,14400
2022-10-25 10:47:00,7500,7500,7500,7500,0
2022-10-25 10:48:00,7500,7500,7500,7500,0
2022-10-25 10:49:00,7475,7475,7475,7475,10200
2022-10-25 10:50:00,7475,7475,7475,7475,0
2022-10-25 10:51:00,7475,7475,7475,7475,10800
2022-10-25 10:52:00,7475,7475,7475,7475,0
2022-10-25 10:53:00,7475,7475,7475,7475,0
2022-10-25 10:54:00,7475,7475,7475,7475,0
2022-10-25 10:55:00,7475,7475,7475,7475,8200
2022-10-25 10:56:00,7475,7475,7475,7475,0
2022-10-25 10:57:00,7475,7475,7475,7475,2300
2022-10-25 10:58:00,7475,7475,7475,7475,0
2022-10-25 10:59:00,7475,7475,7475,7475,0
2022-10-25 11:00:00,7500,7500,7500,7500,12400
2022-10-25 11:01:00,7500,7500,7500,7500,7100
2022-10-25 11:02:00,7500,7500,7500,7500,0
2022-10-25 11:03:00,7500,7475,7500,7475,1600
2022-10-25 11:04:00,7500,7475,7500,7475,0
2022-10-25 11:05:00,7500,7500,7500,7500,4800
2022-10-25 11:06:00,7500,7500,7500,7500,0
2022-10-25 11:07:00,7500,7500,7500,7500,300
2022-10-25 11:08:00,7500,7500,7500,7500,0
2022-10-25 11:09:00,7500,7500,7500,7500,500
2022-10-25 11:10:00,7500,7500,7500,7500,0
2022-10-25 11:11:00,7500,7500,7500,7500,13200
2022-10-25 11:12:00,7500,7500,7500,7500,0
2022-10-25 11:13:00,7525,7500,7525,7500,1600
2022-10-25 11:14:00,7525,7525,7550,7550,34600
2022-10-25 11:15:00,7550,7550,7550,7550,0
2022-10-25 11:16:00,7550,7550,7550,7550,700
2022-10-25 11:17:00,7550,7550,7550,7550,0
2022-10-25 11:18:00,7550,7550,7550,7550,300
2022-10-25 11:19:00,7550,7550,7550,7550,44400
2022-10-25 11:20:00,7550,7550,7550,7550,3600
2022-10-25 11:21:00,7550,7550,7550,7550,900
2022-10-25 11:22:00,7550,7550,7575,7550,70600
2022-10-25 11:23:00,7550,7550,7575,7550,0
2022-10-25 11:24:00,7550,7550,7575,7550,0
2022-10-25 11:25:00,7550,7550,7575,7550,0
2022-10-25 11:26:00,7550,7550,7575,7575,15600
2022-10-25 11:27:00,7550,7550,7550,7550,0
2022-10-25 11:28:00,7575,7575,7575,7575,2500
2022-10-25 11:29:00,7575,7575,7575,7575,300
2022-10-25 11:30:00,7575,7575,7575,7575,0
2022-10-25 11:31:00,7575,7575,7575,7575,0
2022-10-25 11:32:00,7575,7575,7575,7575,0
2022-10-25 11:33:00,7575,7575,7575,7575,0
2022-10-25 11:34:00,7575,7575,7575,7575,0
2022-10-25 11:35:00,7575,7575,7575,7575,0
2022-10-25 11:36:00,7575,7575,7575,7575,0
2022-10-25 11:37:00,7575,7575,7575,7575,0
2022-10-25 11:38:00,7575,7575,7575,7575,0
2022-10-25 11:39:00,7575,7575,7575,7575,0
2022-10-25 11:40:00,7575,7575,7575,7575,0
2022-10-25 11:41:00,7575,7575,7575,7575,0
2022-10-25 11:42:00,7575,7575,7575,7575,0
2022-10-25 11:43:00,7575,7575,7575,7575,0
2022-10-25 11:44:00,7575,7575,7575,7575,0
2022-10-25 11:45:00,7575,7575,7575,7575,0
2022-10-25 11:46:00,7575,7575,7575,7575,0
2022-10-25 11:47:00,7575,7575,7575,7575,0
2022-10-25 11:48:00,7575,7575,7575,7575,0
2022-10-25 11:49:00,7575,7575,7575,7575,0
2022-10-25 11:50:00,7575,7575,7575,7575,0
2022-10-25 11:51:00,7575,7575,7575,7575,0
2022-10-25 11:52:00,7575,7575,7575,7575,0
2022-10-25 11:53:00,7575,7575,7575,7575,0
2022-10-25 11:54:00,7575,7575,7575,7575,0
2022-10-25 11:55:00,7575,7575,7575,7575,0
2022-10-25 11:56:00,7575,7575,7575,7575,0
2022-10-25 11:57:00,7575,7575,7575,7575,0
2022-10-25 11:58:00,7575,7575,7575,7575,0
2022-10-25 11:59:00,7575,7575,7575,7575,0
2022-10-25 12:00:00,7575,7575,7575,7575,0
2022-10-25 12:01:00,7575,7575,7575,7575,0
2022-10-25 12:02:00,7575,7575,7575,7575,0
2022-10-25 12:03:00,7575,7575,7575,7575,0
2022-10-25 12:04:00,7575,7575,7575,7575,0
2022-10-25 12:05:00,7575,7575,7575,7575,0
2022-10-25 12:06:00,7575,7575,7575,7575,0
2022-10-25 12:07:00,7575,7575,7575,7575,0
2022-10-25 12:08:00,7575,7575,7575,7575,0
2022-10-25 12:09:00,7575,7575,7575,7575,0
2022-10-25 12:10:00,7575,7575,7575,7575,0
2022-10-25 12:11:00,7575,7575,7575,7575,0
2022-10-25 12:12:00,7575,7575,7575,7575,0
2022-10-25 12:13:00,7575,7575,7575,7575,0
2022-10-25 12:14:00,7575,7575,7575,7575,0
2022-10-25 12:15:00,7575,7575,7575,7575,0
2022-10-25 12:16:00,7575,7575,7575,7575,0
2022-10-25 12:17:00,7575,7575,7575,7575,0
2022-10-25 12:18:00,7575,7575,7575,7575,0
2022-10-25 12:19:00,7575,7575,7575,7575,0
2022-10-25 12:20:00,7575,7575,7575,7575,0
2022-10-25 12:21:00,7575,7575,7575,7575,0
2022-10-25 12:22:00,7575,7575,7575,7575,0
2022-10-25 12:23:00,7575,7575,7575,7575,0
2022-10-25 12:24:00,7575,7575,7575,7575,0
2022-10-25 12:25:00,7575,7575,7575,7575,0
2022-10-25 12:26:00,7575,7575,7575,7575,0
2022-10-25 12:27:00,7575,7575,7575,7575,0
2022-10-25 12:28:00,7575,7575,7575,7575,0
2022-10-25 12:29:00,7575,7575,7575,7575,0
2022-10-25 12:30:00,7575,7575,7575,7575,0
2022-10-25 12:31:00,7575,7575,7575,7575,0
2022-10-25 12:32:00,7575,7575,7575,7575,0
2022-10-25 12:33:00,7575,7575,7575,7575,0
2022-10-25 12:34:00,7575,7575,7575,7575,0
2022-10-25 12:35:00,7575,7575,7575,7575,0
2022-10-25 12:36:00,7575,7575,7575,7575,0
2022-10-25 12:37:00,7575,7575,7575,7575,0
2022-10-25 12:38:00,7575,7575,7575,7575,0
2022-10-25 12:39:00,7575,7575,7575,7575,0
2022-10-25 12:40:00,7575,7575,7575,7575,0
2022-10-25 12:41:00,7575,7575,7575,7575,0
2022-10-25 12:42:00,7575,7575,7575,7575,0
2022-10-25 12:43:00,7575,7575,7575,7575,0
2022-10-25 12:44:00,7575,7575,7575,7575,0
2022-10-25 12:45:00,7575,7575,7575,7575,0
2022-10-25 12:46:00,7575,7575,7575,7575,0
2022-10-25 12:47:00,7575,7575,7575,7575,0
2022-10-25 12:48:00,7575,7575,7575,7575,0
2022-10-25 12:49:00,7575,7575,7575,7575,0
2022-10-25 12:50:00,7575,7575,7575,7575,0
2022-10-25 12:51:00,7575,7575,7575,7575,0
2022-10-25 12:52:00,7575,7575,7575,7575,0
2022-10-25 12:53:00,7575,7575,7575,7575,0
2022-10-25 12:54:00,7575,7575,7575,7575,0
2022-10-25 12:55:00,7575,7575,7575,7575,0
2022-10-25 12:56:00,7575,7575,7575,7575,0
2022-10-25 12:57:00,7575,7575,7575,7575,0
2022-10-25 12:58:00,7575,7575,7575,7575,0
2022-10-25 12:59:00,7575,7575,7575,7575,0
2022-10-25 13:00:00,7575,7575,7575,7575,0
2022-10-25 13:01:00,7575,7575,7575,7575,0
2022-10-25 13:02:00,7575,7575,7575,7575,0
2022-10-25 13:03:00,7575,7575,7575,7575,0
2022-10-25 13:04:00,7575,7575,7575,7575,0
2022-10-25 13:05:00,7575,7575,7575,7575,0
2022-10-25 13:06:00,7575,7575,7575,7575,0
2022-10-25 13:07:00,7575,7575,7575,7575,0
2022-10-25 13:08:00,7575,7575,7575,7575,0
2022-10-25 13:09:00,7575,7575,7575,7575,0
2022-10-25 13:10:00,7575,7575,7575,7575,0
2022-10-25 13:11:00,7575,7575,7575,7575,0
2022-10-25 13:12:00,7575,7575,7575,7575,0
2022-10-25 13:13:00,7575,7575,7575,7575,0
2022-10-25 13:14:00,7575,7575,7575,7575,0
2022-10-25 13:15:00,7575,7575,7575,7575,0
2022-10-25 13:16:00,7575,7575,7575,7575,0
2022-10-25 13:17:00,7575,7575,7575,7575,0
2022-10-25 13:18:00,7575,7575,7575,7575,0
2022-10-25 13:19:00,7575,7575,7575,7575,0
2022-10-25 13:20:00,7575,7575,7575,7575,0
2022-10-25 13:21:00,7575,7575,7575,7575,0
2022-10-25 13:22:00,7575,7575,7575,7575,0
2022-10-25 13:23:00,7575,7575,7575,7575,0
2022-10-25 13:24:00,7575,7575,7575,7575,0
2022-10-25 13:25:00,7575,7575,7575,7575,0
2022-10-25 13:26:00,7575,7575,7575,7575,0
2022-10-25 13:27:00,7575,7575,7575,7575,0
2022-10-25 13:28:00,7575,7575,7575,7575,0
2022-10-25 13:29:00,7575,7575,7575,7575,0
2022-10-25 13:30:00,7575,7550,7575,7550,35700
2022-10-25 13:31:00,7575,7550,7575,7550,0
2022-10-25 13:32:00,7550,7550,7550,7550,18900
2022-10-25 13:33:00,7550,7550,7550,7550,0
2022-10-25 13:34:00,7550,7550,7550,7550,0
2022-10-25 13:35:00,7550,7550,7550,7550,0
2022-10-25 13:36:00,7525,7525,7525,7525,0
2022-10-25 13:37:00,7525,7525,7525,7525,900
2022-10-25 13:38:00,7550,7550,7550,7550,4300
2022-10-25 13:39:00,7550,7550,7550,7550,0
2022-10-25 13:40:00,7550,7550,7550,7550,0
2022-10-25 13:41:00,7550,7550,7550,7550,15000
2022-10-25 13:42:00,7550,7550,7550,7550,0
2022-10-25 13:43:00,7550,7550,7550,7550,0
2022-10-25 13:44:00,7550,7550,7550,7550,4800
2022-10-25 13:45:00,7550,7550,7575,7575,25200
2022-10-25 13:46:00,7550,7550,7575,7575,0
2022-10-25 13:47:00,7550,7550,7550,7550,0
2022-10-25 13:48:00,7550,7550,7575,7575,14300
2022-10-25 13:49:00,7550,7550,7575,7575,0
2022-10-25 13:50:00,7550,7550,7550,7550,2900
2022-10-25 13:51:00,7575,7575,7575,7575,44100
2022-10-25 13:52:00,7575,7575,7575,7575,13600
2022-10-25 13:53:00,7575,7575,7575,7575,4600
2022-10-25 13:54:00,7575,7575,7575,7575,9800
2022-10-25 13:55:00,7575,7575,7575,7575,0
2022-10-25 13:56:00,7575,7550,7575,7550,2200
2022-10-25 13:57:00,7575,7550,7575,7550,10700
2022-10-25 13:58:00,7575,7575,7575,7575,2400
2022-10-25 13:59:00,7575,7575,7575,7575,0
2022-10-25 14:00:00,7550,7550,7575,7550,14800
2022-10-25 14:01:00,7550,7550,7575,7550,0
2022-10-25 14:02:00,7550,7550,7550,7550,400
2022-10-25 14:03:00,7575,7575,7575,7575,14400
2022-10-25 14:04:00,7575,7575,7575,7575,0
2022-10-25 14:05:00,7550,7550,7575,7575,1100
2022-10-25 14:06:00,7550,7550,7550,7550,5300
2022-10-25 14:07:00,7575,7575,7575,7575,8400
2022-10-25 14:08:00,7575,7575,7575,7575,500
2022-10-25 14:09:00,7575,7575,7575,7575,0
2022-10-25 14:10:00,7575,7550,7575,7575,12600
2022-10-25 14:11:00,7575,7550,7575,7575,0
2022-10-25 14:12:00,7550,7550,7550,7550,500
2022-10-25 14:13:00,7550,7550,7575,7575,22000
2022-10-25 14:14:00,7575,7575,7575,7575,0
2022-10-25 14:15:00,7575,7575,7575,7575,0
2022-10-25 14:16:00,7575,7550,7575,7550,7800
2022-10-25 14:17:00,7550,7550,7550,7550,5900
2022-10-25 14:18:00,7550,7550,7575,7550,0
2022-10-25 14:19:00,7575,7575,7575,7575,13600
2022-10-25 14:20:00,7550,7550,7575,7575,0
2022-10-25 14:21:00,7575,7575,7575,7575,2200
2022-10-25 14:22:00,7550,7550,7550,7550,0
2022-10-25 14:23:00,7550,7550,7575,7575,1000
2022-10-25 14:24:00,7550,7550,7575,7575,0
2022-10-25 14:25:00,7550,7550,7550,7550,21400
2022-10-25 14:26:00,7550,7550,7550,7550,45900
2022-10-25 14:27:00,7550,7550,7550,7550,0
2022-10-25 14:28:00,7550,7550,7550,7550,0
2022-10-25 14:29:00,7550,7550,7550,7550,0
2022-10-25 14:30:00,7550,7550,7550,7550,0
2022-10-25 14:31:00,7550,7550,7550,7550,0
2022-10-25 14:32:00,7550,7550,7550,7550,0
2022-10-25 14:33:00,7550,7550,7550,7550,300
2022-10-25 14:34:00,7525,7525,7525,7525,700
2022-10-25 14:35:00,7550,7525,7550,7525,12500
2022-10-25 14:36:00,7525,7525,7525,7525,10200
2022-10-25 14:37:00,7525,7525,7525,7525,3200
2022-10-25 14:38:00,7525,7525,7550,7550,10400
2022-10-25 14:39:00,7550,7550,7550,7550,27400
2022-10-25 14:40:00,7550,7550,7550,7550,1900
2022-10-25 14:41:00,7550,7525,7550,7525,12700
2022-10-25 14:42:00,7525,7525,7525,7525,1200
2022-10-25 14:43:00,7525,7525,7525,7525,5100
2022-10-25 14:44:00,7550,7550,7575,7575,31700
2022-10-25 14:45:00,7550,7550,7550,7550,0
2022-10-25 14:46:00,7550,7550,7550,7550,12600
2022-10-25 14:47:00,7550,7550,7575,7575,12000
2022-10-25 14:48:00,7575,7525,7575,7550,41600
2022-10-25 14:49:00,7575,7425,7575,7425,124600
2022-10-25 14:50:00,7575,7425,7575,7425,0
2022-10-25 14:51:00,7575,7425,7575,7425,0
2022-10-25 14:52:00,7575,7425,7575,7425,0
2022-10-25 14:53:00,7575,7425,7575,7425,0
2022-10-25 14:54:00,7575,7425,7575,7425,0
2022-10-25 14:55:00,7575,7425,7575,7425,0
2022-10-25 14:56:00,7575,7425,7575,7425,0
2022-10-25 14:57:00,7575,7425,7575,7425,0
2022-10-25 14:58:00,7575,7425,7575,7425,0
2022-10-25 14:59:00,7575,7425,7575,7425,0
2022-10-25 15:00:00,7450,7450,7450,7450,44000
2022-10-25 15:01:00,7450,7450,7450,7450,16300
2022-10-25 15:02:00,7450,7450,7450,7450,0
2022-10-25 15:03:00,7450,7450,7450,7450,0
2022-10-25 15:04:00,7450,7450,7450,7450,200
2022-10-25 15:05:00,7450,7450,7450,7450,1200
2022-10-25 15:06:00,7450,7450,7450,7450,0
2022-10-25 15:07:00,7450,7450,7450,7450,400
2022-10-25 15:08:00,7450,7450,7450,7450,0
2022-10-25 15:09:00,7450,7450,7450,7450,0
2022-10-25 15:10:00,7450,7450,7450,7450,0
2022-10-25 15:11:00,7450,7450,7450,7450,0
2022-10-25 15:12:00,7450,7450,7450,7450,0
2022-10-25 15:13:00,7450,7450,7450,7450,1979900
2022-10-25 15:14:00,7450,7450,7450,7450,0
2022-10-25 15:15:00,7450,7450,7450,7450,0
2022-10-25 15:16:00,7450,7450,7450,7450,0
2022-10-25 15:17:00,7450,7450,7450,7450,0
2022-10-25 15:18:00,7450,7450,7450,7450,0
2022-10-25 15:19:00,7450,7450,7450,7450,0
2022-10-25 15:20:00,7450,7450,7450,7450,0
2022-10-25 15:21:00,7450,7450,7450,7450,0
2022-10-25 15:22:00,7450,7450,7450,7450,0
2022-10-25 15:23:00,7450,7450,7450,7450,0
2022-10-25 15:24:00,7450,7450,7450,7450,0
2022-10-25 15:25:00,7450,7450,7450,7450,0
2022-10-25 15:26:00,7450,7450,7450,7450,0
2022-10-25 15:27:00,7450,7450,7450,7450,0
2022-10-25 15:28:00,7450,7450,7450,7450,0
2022-10-25 15:29:00,7450,7450,7450,7450,0
2022-10-25 15:30:00,7450,7450,7450,7450,0
2022-10-25 15:31:00,7450,7450,7450,7450,0
2022-10-25 15:32:00,7450,7450,7450,7450,0
2022-10-25 15:33:00,7450,7450,7450,7450,0
2022-10-25 15:34:00,7450,7450,7450,7450,0
2022-10-25 15:35:00,7450,7450,7450,7450,0
2022-10-25 15:36:00,7450,7450,7450,7450,0
2022-10-25 15:37:00,7450,7450,7450,7450,0
2022-10-25 15:38:00,7450,7450,7450,7450,0
2022-10-25 15:39:00,7450,7450,7450,7450,0
2022-10-25 15:40:00,7450,7450,7450,7450,0
2022-10-25 15:41:00,7450,7450,7450,7450,0
2022-10-25 15:42:00,7450,7450,7450,7450,0
2022-10-25 15:43:00,7450,7450,7450,7450,0
2022-10-25 15:44:00,7450,7450,7450,7450,0
2022-10-25 15:45:00,7450,7450,7450,7450,0
2022-10-25 15:46:00,7450,7450,7450,7450,0
2022-10-25 15:47:00,7450,7450,7450,7450,0
2022-10-25 15:48:00,7450,7450,7450,7450,0
2022-10-25 15:49:00,7450,7450,7450,7450,0
2022-10-25 15:50:00,7450,7450,7450,7450,0
2022-10-25 15:51:00,7450,7450,7450,7450,0
2022-10-25 15:52:00,7450,7450,7450,7450,0
2022-10-25 15:53:00,7450,7450,7450,7450,0
2022-10-25 15:54:00,7450,7450,7450,7450,0
2022-10-25 15:55:00,7450,7450,7450,7450,0
2022-10-25 15:56:00,7450,7450,7450,7450,0
2022-10-25 15:57:00,7450,7450,7450,7450,0
2022-10-25 15:58:00,7450,7450,7450,7450,0
2022-10-25 15:59:00,7450,7450,7450,7450,0
2022-10-26 09:00:00,7450,7450,7550,7550,0
2022-10-26 09:01:00,7500,7500,7500,7500,0
2022-10-26 09:02:00,7500,7500,7500,7500,0
2022-10-26 09:03:00,7500,7500,7525,7525,3400
2022-10-26 09:04:00,7525,7500,7525,7525,9000
2022-10-26 09:05:00,7525,7500,7525,7500,17400
2022-10-26 09:06:00,7500,7500,7500,7500,0
2022-10-26 09:07:00,7500,7500,7525,7525,3200
2022-10-26 09:08:00,7525,7525,7525,7525,300
2022-10-26 09:09:00,7500,7500,7500,7500,900
2022-10-26 09:10:00,7500,7500,7500,7500,300
2022-10-26 09:11:00,7500,7500,7500,7500,400
2022-10-26 09:12:00,7500,7500,7500,7500,5000
2022-10-26 09:13:00,7500,7500,7500,7500,0
2022-10-26 09:14:00,7500,7500,7525,7500,300
2022-10-26 09:15:00,7500,7500,7525,7525,1900
2022-10-26 09:16:00,7525,7525,7525,7525,200
2022-10-26 09:17:00,7500,7500,7500,7500,300
2022-10-26 09:18:00,7500,7500,7500,7500,8700
2022-10-26 09:19:00,7525,7525,7525,7525,0
2022-10-26 09:20:00,7525,7525,7525,7525,300
2022-10-26 09:21:00,7500,7500,7525,7525,300
2022-10-26 09:22:00,7525,7525,7550,7550,23800
2022-10-26 09:23:00,7550,7550,7550,7550,3000
2022-10-26 09:24:00,7550,7525,7550,7525,2600
2022-10-26 09:25:00,7525,7500,7525,7500,2600
2022-10-26 09:26:00,7500,7500,7500,7500,0
2022-10-26 09:27:00,7500,7500,7500,7500,0
2022-10-26 09:28:00,7500,7500,7500,7500,0
2022-10-26 09:29:00,7500,7500,7500,7500,0
2022-10-26 09:30:00,7500,7500,7525,7525,6800
2022-10-26 09:31:00,7525,7525,7550,7525,15000
2022-10-26 09:32:00,7525,7525,7525,7525,2400
2022-10-26 09:33:00,7525,7525,7525,7525,0
2022-10-26 09:34:00,7525,7500,7525,7525,800
2022-10-26 09:35:00,7525,7525,7525,7525,8200
2022-10-26 09:36:00,7525,7525,7525,7525,0
2022-10-26 09:37:00,7525,7525,7525,7525,0
2022-10-26 09:38:00,7525,7525,7525,7525,0
2022-10-26 09:39:00,7525,7525,7525,7525,0
2022-10-26 09:40:00,7500,7500,7525,7525,2200
2022-10-26 09:41:00,7500,7500,7525,7525,0
2022-10-26 09:42:00,7525,7525,7525,7525,1200
2022-10-26 09:43:00,7500,7500,7525,7525,200
2022-10-26 09:44:00,7525,7525,7525,7525,100
2022-10-26 09:45:00,7525,7525,7525,7525,1700
2022-10-26 09:46:00,7525,7525,7525,7525,0
2022-10-26 09:47:00,7525,7525,7525,7525,0
2022-10-26 09:48:00,7525,7500,7525,7500,1000
2022-10-26 09:49:00,7500,7500,7525,7525,2900
2022-10-26 09:50:00,7500,7500,7525,7525,0
2022-10-26 09:51:00,7525,7525,7525,7525,3600
2022-10-26 09:52:00,7550,7550,7550,7550,3600
2022-10-26 09:53:00,7550,7550,7550,7550,400
2022-10-26 09:54:00,7550,7550,7550,7550,0
2022-10-26 09:55:00,7550,7525,7550,7525,1000
2022-10-26 09:56:00,7550,7550,7550,7550,6500
2022-10-26 09:57:00,7550,7550,7550,7550,0
2022-10-26 09:58:00,7525,7525,7525,7525,300
2022-10-26 09:59:00,7550,7550,7550,7550,16700
2022-10-26 10:00:00,7550,7550,7550,7550,0
2022-10-26 10:01:00,7525,7525,7550,7550,0
2022-10-26 10:02:00,7550,7550,7550,7550,0
2022-10-26 10:03:00,7525,7525,7550,7550,4200
2022-10-26 10:04:00,7525,7525,7550,7550,0
2022-10-26 10:05:00,7525,7525,7525,7525,10800
2022-10-26 10:06:00,7525,7500,7525,7500,22400
2022-10-26 10:07:00,7500,7500,7500,7500,1100
2022-10-26 10:08:00,7500,7475,7500,7475,89400
2022-10-26 10:09:00,7475,7475,7475,7475,2100
2022-10-26 10:10:00,7475,7475,7475,7475,0
2022-10-26 10:11:00,7475,7475,7475,7475,21500
2022-10-26 10:12:00,7475,7475,7475,7475,0
2022-10-26 10:13:00,7475,7475,7475,7475,1900
2022-10-26 10:14:00,7475,7475,7475,7475,3000
2022-10-26 10:15:00,7475,7475,7475,7475,0
2022-10-26 10:16:00,7475,7450,7475,7450,18400
2022-10-26 10:17:00,7450,7450,7450,7450,0
2022-10-26 10:18:00,7450,7450,7450,7450,0
2022-10-26 10:19:00,7450,7450,7450,7450,0
2022-10-26 10:20:00,7450,7450,7450,7450,63100
2022-10-26 10:21:00,7475,7475,7475,7475,1800
2022-10-26 10:22:00,7475,7475,7475,7475,600
2022-10-26 10:23:00,7475,7475,7475,7475,100
2022-10-26 10:24:00,7475,7450,7475,7450,2700
2022-10-26 10:25:00,7450,7450,7450,7450,16000
2022-10-26 10:26:00,7450,7450,7450,7450,0
2022-10-26 10:27:00,7450,7425,7450,7425,5400
2022-10-26 10:28:00,7425,7425,7450,7450,3600
2022-10-26 10:29:00,7450,7450,7450,7450,100
2022-10-26 10:30:00,7450,7425,7450,7450,3600
2022-10-26 10:31:00,7425,7425,7425,7425,500
2022-10-26 10:32:00,7425,7425,7425,7425,2900
2022-10-26 10:33:00,7425,7425,7425,7425,0
2022-10-26 10:34:00,7425,7425,7425,7425,0
2022-10-26 10:35:00,7425,7425,7425,7425,0
2022-10-26 10:36:00,7425,7425,7450,7450,1200
2022-10-26 10:37:00,7450,7450,7450,7450,2900
2022-10-26 10:38:00,7450,7450,7450,7450,0
2022-10-26 10:39:00,7450,7450,7450,7450,2200
2022-10-26 10:40:00,7450,7450,7475,7475,5000
2022-10-26 10:41:00,7450,7450,7450,7450,200
2022-10-26 10:42:00,7475,7475,7475,7475,100
2022-10-26 10:43:00,7475,7475,7475,7475,200
2022-10-26 10:44:00,7450,7450,7525,7525,72100
2022-10-26 10:45:00,7450,7450,7525,7525,0
2022-10-26 10:46:00,7450,7450,7525,7525,0
2022-10-26 10:47:00,7450,7450,7525,7525,0
2022-10-26 10:48:00,7525,7525,7525,7525,0
2022-10-26 10:49:00,7525,7525,7550,7550,4200
2022-10-26 10:50:00,7550,7550,7550,7550,1900
2022-10-26 10:51:00,7550,7550,7550,7550,0
2022-10-26 10:52:00,7550,7550,7550,7550,100
2022-10-26 10:53:00,7525,7525,7550,7550,7100
2022-10-26 10:54:00,7550,7550,7550,7550,0
2022-10-26 10:55:00,7550,7550,7550,7550,200
2022-10-26 10:56:00,7550,7550,7550,7550,100
2022-10-26 10:57:00,7550,7550,7550,7550,0
2022-10-26 10:58:00,7550,7550,7550,7550,300
2022-10-26 10:59:00,7525,7525,7525,7525,500
2022-10-26 11:00:00,7550,7550,7550,7550,100
2022-10-26 11:01:00,7550,7550,7550,7550,400
2022-10-26 11:02:00,7550,7550,7550,7550,0
2022-10-26 11:03:00,7525,7525,7525,7525,2000
2022-10-26 11:04:00,7550,7525,7550,7550,1300
2022-10-26 11:05:00,7525,7525,7550,7550,2300
2022-10-26 11:06:00,7525,7525,7550,7550,0
2022-10-26 11:07:00,7525,7525,7550,7550,0
2022-10-26 11:08:00,7525,7525,7525,7525,0
2022-10-26 11:09:00,7525,7525,7525,7525,11700
2022-10-26 11:10:00,7525,7525,7525,7525,700
2022-10-26 11:11:00,7525,7500,7525,7500,1800
2022-10-26 11:12:00,7500,7500,7550,7550,51300
2022-10-26 11:13:00,7500,7500,7525,7525,0
2022-10-26 11:14:00,7525,7525,7525,7525,100
2022-10-26 11:15:00,7525,7525,7525,7525,900
2022-10-26 11:16:00,7525,7525,7525,7525,400
2022-10-26 11:17:00,7525,7525,7525,7525,0
2022-10-26 11:18:00,7500,7500,7525,7525,4500
2022-10-26 11:19:00,7525,7500,7550,7550,14200
2022-10-26 11:20:00,7550,7525,7550,7550,32400
2022-10-26 11:21:00,7550,7525,7550,7550,0
2022-10-26 11:22:00,7550,7550,7550,7550,11400
2022-10-26 11:23:00,7550,7550,7550,7550,3900
2022-10-26 11:24:00,7550,7550,7550,7550,22100
2022-10-26 11:25:00,7525,7525,7550,7550,11600
2022-10-26 11:26:00,7550,7525,7550,7550,31300
2022-10-26 11:27:00,7550,7550,7550,7550,0
2022-10-26 11:28:00,7550,7550,7550,7550,100
2022-10-26 11:29:00,7525,7525,7550,7525,900
2022-10-26 11:30:00,7525,7525,7550,7525,0
2022-10-26 11:31:00,7525,7525,7550,7525,0
2022-10-26 11:32:00,7525,7525,7550,7525,0
2022-10-26 11:33:00,7525,7525,7550,7525,0
2022-10-26 11:34:00,7525,7525,7550,7525,0
2022-10-26 11:35:00,7525,7525,7550,7525,0
2022-10-26 11:36:00,7525,7525,7550,7525,0
2022-10-26 11:37:00,7525,7525,7550,7525,0
2022-10-26 11:38:00,7525,7525,7550,7525,0
2022-10-26 11:39:00,7525,7525,7550,7525,0
2022-10-26 11:40:00,7525,7525,7550,7525,0
2022-10-26 11:41:00,7525,7525,7550,7525,0
2022-10-26 11:42:00,7525,7525,7550,7525,0
2022-10-26 11:43:00,7525,7525,7550,7525,0
2022-10-26 11:44:00,7525,7525,7550,7525,0
2022-10-26 11:45:00,7525,7525,7550,7525,0
2022-10-26 11:46:00,7525,7525,7550,7525,0
2022-10-26 11:47:00,7525,7525,7550,7525,0
2022-10-26 11:48:00,7525,7525,7550,7525,0
2022-10-26 11:49:00,7525,7525,7550,7525,0
2022-10-26 11:50:00,7525,7525,7550,7525,0
2022-10-26 11:51:00,7525,7525,7550,7525,0
2022-10-26 11:52:00,7525,7525,7550,7525,0
2022-10-26 11:53:00,7525,7525,7550,7525,0
2022-10-26 11:54:00,7525,7525,7550,7525,0
2022-10-26 11:55:00,7525,7525,7550,7525,0
2022-10-26 11:56:00,7525,7525,7550,7525,0
2022-10-26 11:57:00,7525,7525,7550,7525,0
2022-10-26 11:58:00,7525,7525,7550,7525,0
2022-10-26 11:59:00,7525,7525,7550,7525,0
2022-10-26 12:00:00,7525,7525,7550,7525,0
2022-10-26 12:01:00,7525,7525,7550,7525,0
2022-10-26 12:02:00,7525,7525,7550,7525,0
2022-10-26 12:03:00,7525,7525,7550,7525,0
2022-10-26 12:04:00,7525,7525,7550,7525,0
2022-10-26 12:05:00,7525,7525,7550,7525,0
2022-10-26 12:06:00,7525,7525,7550,7525,0
2022-10-26 12:07:00,7525,7525,7550,7525,0
2022-10-26 12:08:00,7525,7525,7550,7525,0
2022-10-26 12:09:00,7525,7525,7550,7525,0
2022-10-26 12:10:00,7525,7525,7550,7525,0
2022-10-26 12:11:00,7525,7525,7550,7525,0
2022-10-26 12:12:00,7525,7525,7550,7525,0
2022-10-26 12:13:00,7525,7525,7550,7525,0
2022-10-26 12:14:00,7525,7525,7550,7525,0
2022-10-26 12:15:00,7525,7525,7550,7525,0
2022-10-26 12:16:00,7525,7525,7550,7525,0
2022-10-26 12:17:00,7525,7525,7550,7525,0
2022-10-26 12:18:00,7525,7525,7550,7525,0
2022-10-26 12:19:00,7525,7525,7550,7525,0
2022-10-26 12:20:00,7525,7525,7550,7525,0
2022-10-26 12:21:00,7525,7525,7550,7525,0
2022-10-26 12:22:00,7525,7525,7550,7525,0
2022-10-26 12:23:00,7525,7525,7550,7525,0
2022-10-26 12:24:00,7525,7525,7550,7525,0
2022-10-26 12:25:00,7525,7525,7550,7525,0
2022-10-26 12:26:00,7525,7525,7550,7525,0
2022-10-26 12:27:00,7525,7525,7550,7525,0
2022-10-26 12:28:00,7525,7525,7550,7525,0
2022-10-26 12:29:00,7525,7525,7550,7525,0
2022-10-26 12:30:00,7525,7525,7550,7525,0
2022-10-26 12:31:00,7525,7525,7550,7525,0
2022-10-26 12:32:00,7525,7525,7550,7525,0
2022-10-26 12:33:00,7525,7525,7550,7525,0
2022-10-26 12:34:00,7525,7525,7550,7525,0
2022-10-26 12:35:00,7525,7525,7550,7525,0
2022-10-26 12:36:00,7525,7525,7550,7525,0
2022-10-26 12:37:00,7525,7525,7550,7525,0
2022-10-26 12:38:00,7525,7525,7550,7525,0
2022-10-26 12:39:00,7525,7525,7550,7525,0
2022-10-26 12:40:00,7525,7525,7550,7525,0
2022-10-26 12:41:00,7525,7525,7550,7525,0
2022-10-26 12:42:00,7525,7525,7550,7525,0
2022-10-26 12:43:00,7525,7525,7550,7525,0
2022-10-26 12:44:00,7525,7525,7550,7525,0
2022-10-26 12:45:00,7525,7525,7550,7525,0
2022-10-26 12:46:00,7525,7525,7550,7525,0
2022-10-26 12:47:00,7525,7525,7550,7525,0
2022-10-26 12:48:00,7525,7525,7550,7525,0
2022-10-26 12:49:00,7525,7525,7550,7525,0
2022-10-26 12:50:00,7525,7525,7550,7525,0
2022-10-26 12:51:00,7525,7525,7550,7525,0
2022-10-26 12:52:00,7525,7525,7550,7525,0
2022-10-26 12:53:00,7525,7525,7550,7525,0
2022-10-26 12:54:00,7525,7525,7550,7525,0
2022-10-26 12:55:00,7525,7525,7550,7525,0
2022-10-26 12:56:00,7525,7525,7550,7525,0
2022-10-26 12:57:00,7525,7525,7550,7525,0
2022-10-26 12:58:00,7525,7525,7550,7525,0
2022-10-26 12:59:00,7525,7525,7550,7525,0
2022-10-26 13:00:00,7525,7525,7550,7525,0
2022-10-26 13:01:00,7525,7525,7550,7525,0
2022-10-26 13:02:00,7525,7525,7550,7525,0
2022-10-26 13:03:00,7525,7525,7550,7525,0
2022-10-26 13:04:00,7525,7525,7550,7525,0
2022-10-26 13:05:00,7525,7525,7550,7525,0
2022-10-26 13:06:00,7525,7525,7550,7525,0
2022-10-26 13:07:00,7525,7525,7550,7525,0
2022-10-26 13:08:00,7525,7525,7550,7525,0
2022-10-26 13:09:00,7525,7525,7550,7525,0
2022-10-26 13:10:00,7525,7525,7550,7525,0
2022-10-26 13:11:00,7525,7525,7550,7525,0
2022-10-26 13:12:00,7525,7525,7550,7525,0
2022-10-26 13:13:00,7525,7525,7550,7525,0
2022-10-26 13:14:00,7525,7525,7550,7525,0
2022-10-26 13:15:00,7525,7525,7550,7525,0
2022-10-26 13:16:00,7525,7525,7550,7525,0
2022-10-26 13:17:00,7525,7525,7550,7525,0
2022-10-26 13:18:00,7525,7525,7550,7525,0
2022-10-26 13:19:00,7525,7525,7550,7525,0
2022-10-26 13:20:00,7525,7525,7550,7525,0
2022-10-26 13:21:00,7525,7525,7550,7525,0
2022-10-26 13:22:00,7525,7525,7550,7525,0
2022-10-26 13:23:00,7525,7525,7550,7525,0
2022-10-26 13:24:00,7525,7525,7550,7525,0
2022-10-26 13:25:00,7525,7525,7550,7525,0
2022-10-26 13:26:00,7525,7525,7550,7525,0
2022-10-26 13:27:00,7525,7525,7550,7525,0
2022-10-26 13:28:00,7525,7525,7550,7525,0
2022-10-26 13:29:00,7525,7525,7550,7525,0
2022-10-26 13:30:00,7525,7500,7525,7500,13300
2022-10-26 13:31:00,7525,7500,7525,7500,0
2022-10-26 13:32:00,7500,7500,7500,7500,0
2022-10-26 13:33:00,7500,7500,7500,7500,0
2022-10-26 13:34:00,7500,7500,7500,7500,0
2022-10-26 13:35:00,7500,7500,7500,7500,0
2022-10-26 13:36:00,7500,7500,7500,7500,0
2022-10-26 13:37:00,7500,7500,7500,7500,12400
2022-10-26 13:38:00,7500,7500,7500,7500,0
2022-10-26 13:39:00,7500,7500,7500,7500,100000
2022-10-26 13:40:00,7500,7500,7500,7500,0
2022-10-26 13:41:00,7500,7500,7500,7500,2500
2022-10-26 13:42:00,7500,7500,7500,7500,700
2022-10-26 13:43:00,7500,7500,7500,7500,7900
2022-10-26 13:44:00,7500,7500,7500,7500,0
2022-10-26 13:45:00,7500,7500,7500,7500,0
2022-10-26 13:46:00,7500,7500,7500,7500,0
2022-10-26 13:47:00,7500,7500,7500,7500,0
2022-10-26 13:48:00,7500,7500,7500,7500,0
2022-10-26 13:49:00,7500,7500,7500,7500,2600
2022-10-26 13:50:00,7500,7500,7500,7500,0
2022-10-26 13:51:00,7500,7500,7500,7500,0
2022-10-26 13:52:00,7500,7500,7500,7500,0
2022-10-26 13:53:00,7525,7525,7525,7525,1900
2022-10-26 13:54:00,7525,7525,7525,7525,0
2022-10-26 13:55:00,7525,7525,7525,7525,0
2022-10-26 13:56:00,7525,7525,7525,7525,2500
2022-10-26 13:57:00,7500,7500,7500,7500,0
2022-10-26 13:58:00,7500,7500,7500,7500,0
2022-10-26 13:59:00,7500,7500,7500,7500,0
2022-10-26 14:00:00,7525,7500,7525,7500,3500
2022-10-26 14:01:00,7525,7525,7525,7525,2200
2022-10-26 14:02:00,7525,7525,7525,7525,0
2022-10-26 14:03:00,7500,7500,7525,7525,200
2022-10-26 14:04:00,7500,7500,7500,7500,1200
2022-10-26 14:05:00,7500,7500,7500,7500,2300
2022-10-26 14:06:00,7500,7500,7500,7500,0
2022-10-26 14:07:00,7500,7500,7500,7500,6400
2022-10-26 14:08:00,7500,7500,7500,7500,5400
2022-10-26 14:09:00,7500,7500,7500,7500,26700
2022-10-26 14:10:00,7500,7500,7500,7500,0
2022-10-26 14:11:00,7500,7500,7500,7500,0
2022-10-26 14:12:00,7500,7500,7500,7500,907400
2022-10-26 14:13:00,7500,7500,7500,7500,1100
2022-10-26 14:14:00,7500,7475,7500,7475,4900
2022-10-26 14:15:00,7475,7475,7500,7500,5100
2022-10-26 14:16:00,7500,7500,7500,7500,3700
2022-10-26 14:17:00,7500,7500,7500,7500,0
2022-10-26 14:18:00,7500,7500,7500,7500,1500
2022-10-26 14:19:00,7500,7500,7500,7500,14700
2022-10-26 14:20:00,7500,7500,7500,7500,0
2022-10-26 14:21:00,7500,7500,7500,7500,1400
2022-10-26 14:22:00,7500,7500,7500,7500,4100
2022-10-26 14:23:00,7500,7500,7500,7500,0
2022-10-26 14:24:00,7500,7500,7500,7500,1200
2022-10-26 14:25:00,7500,7500,7500,7500,0
2022-10-26 14:26:00,7500,7500,7500,7500,0
2022-10-26 14:27:00,7500,7500,7500,7500,0
2022-10-26 14:28:00,7500,7500,7500,7500,1300
2022-10-26 14:29:00,7500,7500,7500,7500,0
2022-10-26 14:30:00,7500,7500,7500,7500,0
2022-10-26 14:31:00,7500,7500,7500,7500,0
2022-10-26 14:32:00,7525,7500,7525,7500,8600
2022-10-26 14:33:00,7500,7500,7500,7500,1800
2022-10-26 14:34:00,7500,7500,7500,7500,0
2022-10-26 14:35:00,7500,7500,7500,7500,3100
2022-10-26 14:36:00,7500,7500,7500,7500,800
2022-10-26 14:37:00,7500,7500,7500,7500,10700
2022-10-26 14:38:00,7500,7500,7500,7500,5200
2022-10-26 14:39:00,7500,7475,7500,7475,14900
2022-10-26 14:40:00,7500,7475,7500,7500,14400
2022-10-26 14:41:00,7475,7475,7500,7500,8300
2022-10-26 14:42:00,7500,7500,7500,7500,0
2022-10-26 14:43:00,7500,7500,7500,7500,300
2022-10-26 14:44:00,7500,7475,7500,7500,8900
2022-10-26 14:45:00,7500,7500,7500,7500,0
2022-10-26 14:46:00,7475,7475,7500,7500,2300
2022-10-26 14:47:00,7475,7475,7500,7500,17100
2022-10-26 14:48:00,7475,7475,7500,7500,6600
2022-10-26 14:49:00,7500,7450,7525,7525,38900
2022-10-26 14:50:00,7500,7450,7525,7525,0
2022-10-26 14:51:00,7500,7450,7525,7525,0
2022-10-26 14:52:00,7500,7450,7525,7525,0
2022-10-26 14:53:00,7500,7450,7525,7525,0
2022-10-26 14:54:00,7500,7450,7525,7525,0
2022-10-26 14:55:00,7500,7450,7525,7525,0
2022-10-26 14:56:00,7500,7450,7525,7525,0
2022-10-26 14:57:00,7500,7450,7525,7525,0
2022-10-26 14:58:00,7500,7450,7525,7525,0
2022-10-26 14:59:00,7500,7450,7525,7525,0
2022-10-26 15:00:00,7475,7475,7475,7475,64500
2022-10-26 15:01:00,7475,7475,7475,7475,0
2022-10-26 15:02:00,7475,7475,7475,7475,5800
2022-10-26 15:03:00,7475,7475,7475,7475,8800
2022-10-26 15:04:00,7475,7475,7475,7475,2500
2022-10-26 15:05:00,7475,7475,7475,7475,0
2022-10-26 15:06:00,7475,7475,7475,7475,0
2022-10-26 15:07:00,7475,7475,7475,7475,1200
2022-10-26 15:08:00,7475,7475,7475,7475,0
2022-10-26 15:09:00,7475,7475,7475,7475,400
2022-10-26 15:10:00,7475,7475,7475,7475,0
2022-10-26 15:11:00,7475,7475,7475,7475,0
2022-10-26 15:12:00,7475,7475,7475,7475,0
2022-10-26 15:13:00,7475,7475,7475,7475,0
2022-10-26 15:14:00,7475,7475,7475,7475,1165000
2022-10-26 15:15:00,7475,7475,7475,7475,0
2022-10-26 15:16:00,7475,7475,7475,7475,0
2022-10-26 15:17:00,7475,7475,7475,7475,0
2022-10-26 15:18:00,7475,7475,7475,7475,0
2022-10-26 15:19:00,7475,7475,7475,7475,0
2022-10-26 15:20:00,7475,7475,7475,7475,0
2022-10-26 15:21:00,7475,7475,7475,7475,0
2022-10-26 15:22:00,7475,7475,7475,7475,0
2022-10-26 15:23:00,7475,7475,7475,7475,0
2022-10-26 15:24:00,7475,7475,7475,7475,0
2022-10-26 15:25:00,7475,7475,7475,7475,0
2022-10-26 15:26:00,7475,7475,7475,7475,0
2022-10-26 15:27:00,7475,7475,7475,7475,0
2022-10-26 15:28:00,7475,7475,7475,7475,0
2022-10-26 15:29:00,7475,7475,7475,7475,0
2022-10-26 15:30:00,7475,7475,7475,7475,0
2022-10-26 15:31:00,7475,7475,7475,7475,0
2022-10-26 15:32:00,7475,7475,7475,7475,0
2022-10-26 15:33:00,7475,7475,7475,7475,0
2022-10-26 15:34:00,7475,7475,7475,7475,0
2022-10-26 15:35:00,7475,7475,7475,7475,0
2022-10-26 15:36:00,7475,7475,7475,7475,0
2022-10-26 15:37:00,7475,7475,7475,7475,0
2022-10-26 15:38:00,7475,7475,7475,7475,0
2022-10-26 15:39:00,7475,7475,7475,7475,0
2022-10-26 15:40:00,7475,7475,7475,7475,0
2022-10-26 15:41:00,7475,7475,7475,7475,0
2022-10-26 15:42:00,7475,7475,7475,7475,0
2022-10-26 15:43:00,7475,7475,7475,7475,0
2022-10-26 15:44:00,7475,7475,7475,7475,0
2022-10-26 15:45:00,7475,7475,7475,7475,0
2022-10-26 15:46:00,7475,7475,7475,7475,0
2022-10-26 15:47:00,7475,7475,7475,7475,0
2022-10-26 15:48:00,7475,7475,7475,7475,0
2022-10-26 15:49:00,7475,7475,7475,7475,0
2022-10-26 15:50:00,7475,7475,7475,7475,0
2022-10-26 15:51:00,7475,7475,7475,7475,0
2022-10-26 15:52:00,7475,7475,7475,7475,0
2022-10-26 15:53:00,7475,7475,7475,7475,0
2022-10-26 15:54:00,7475,7475,7475,7475,0
2022-10-26 15:55:00,7475,7475,7475,7475,0
2022-10-26 15:56:00,7475,7475,7475,7475,0
2022-10-26 15:57:00,7475,7475,7475,7475,0
2022-10-26 15:58:00,7475,7475,7475,7475,0
2022-10-26 15:59:00,7475,7475,7475,7475,0
2022-10-27 09:00:00,7475,7475,7475,7475,0
2022-10-27 09:01:00,7475,7475,7475,7475,0
2022-10-27 09:02:00,7475,7475,7500,7475,20300
2022-10-27 09:03:00,7475,7475,7500,7475,28500
2022-10-27 09:04:00,7475,7475,7525,7525,81700
2022-10-27 09:05:00,7525,7525,7550,7525,4600
2022-10-27 09:06:00,7525,7525,7525,7525,11700
2022-10-27 09:07:00,7525,7500,7525,7500,22000
2022-10-27 09:08:00,7500,7500,7550,7525,12500
2022-10-27 09:09:00,7550,7550,7550,7550,55500
2022-10-27 09:10:00,7550,7550,7550,7550,0
2022-10-27 09:11:00,7575,7575,7575,7575,49400
2022-10-27 09:12:00,7575,7575,7575,7575,31100
2022-10-27 09:13:00,7575,7575,7600,7575,33300
2022-10-27 09:14:00,7575,7575,7575,7575,3000
2022-10-27 09:15:00,7575,7575,7600,7575,2900
2022-10-27 09:16:00,7575,7575,7575,7575,3400
2022-10-27 09:17:00,7575,7575,7600,7600,9700
2022-10-27 09:18:00,7600,7600,7650,7650,205500
2022-10-27 09:19:00,7650,7650,7750,7725,630100
2022-10-27 09:20:00,7725,7700,7725,7700,77800
2022-10-27 09:21:00,7700,7700,7725,7700,19800
2022-10-27 09:22:00,7700,7700,7725,7725,20300
2022-10-27 09:23:00,7700,7700,7725,7725,16700
2022-10-27 09:24:00,7725,7700,7725,7700,42700
2022-10-27 09:25:00,7700,7675,7725,7700,57700
2022-10-27 09:26:00,7700,7675,7725,7700,74700
2022-10-27 09:27:00,7700,7700,7725,7725,13300
2022-10-27 09:28:00,7725,7675,7725,7675,35200
2022-10-27 09:29:00,7675,7675,7700,7675,18100
2022-10-27 09:30:00,7700,7675,7700,7700,18200
2022-10-27 09:31:00,7700,7675,7700,7675,0
2022-10-27 09:32:00,7675,7675,7675,7675,5500
2022-10-27 09:33:00,7700,7700,7700,7700,38900
2022-10-27 09:34:00,7675,7675,7675,7675,6300
2022-10-27 09:35:00,7700,7700,7700,7700,2700
2022-10-27 09:36:00,7675,7675,7700,7675,21800
2022-10-27 09:37:00,7675,7675,7700,7675,22800
2022-10-27 09:38:00,7675,7675,7700,7675,32900
2022-10-27 09:39:00,7650,7650,7675,7675,17000
2022-10-27 09:40:00,7675,7650,7675,7675,18300
2022-10-27 09:41:00,7675,7650,7675,7675,0
2022-10-27 09:42:00,7650,7650,7650,7650,1500
2022-10-27 09:43:00,7675,7675,7675,7675,8400
2022-10-27 09:44:00,7675,7675,7675,7675,3000
2022-10-27 09:45:00,7650,7650,7675,7650,3000
2022-10-27 09:46:00,7650,7650,7675,7675,15600
2022-10-27 09:47:00,7650,7650,7675,7675,13500
2022-10-27 09:48:00,7650,7650,7675,7650,5500
2022-10-27 09:49:00,7650,7650,7650,7650,13000
2022-10-27 09:50:00,7650,7650,7650,7650,0
2022-10-27 09:51:00,7675,7650,7675,7675,5100
2022-10-27 09:52:00,7675,7650,7675,7650,19200
2022-10-27 09:53:00,7650,7650,7675,7675,4100
2022-10-27 09:54:00,7675,7650,7675,7675,3100
2022-10-27 09:55:00,7650,7650,7675,7650,45600
2022-10-27 09:56:00,7650,7625,7675,7650,2300
2022-10-27 09:57:00,7650,7650,7650,7650,39600
2022-10-27 09:58:00,7650,7650,7650,7650,0
2022-10-27 09:59:00,7650,7650,7650,7650,8400
2022-10-27 10:00:00,7650,7650,7650,7650,8500
2022-10-27 10:01:00,7650,7650,7650,7650,0
2022-10-27 10:02:00,7675,7650,7675,7650,6300
2022-10-27 10:03:00,7650,7650,7650,7650,4600
2022-10-27 10:04:00,7650,7650,7650,7650,0
2022-10-27 10:05:00,7650,7650,7650,7650,1100
2022-10-27 10:06:00,7650,7650,7650,7650,4100
2022-10-27 10:07:00,7650,7650,7650,7650,1500
2022-10-27 10:08:00,7650,7650,7675,7675,2600
2022-10-27 10:09:00,7650,7650,7650,7650,34900
2022-10-27 10:10:00,7650,7650,7650,7650,200
2022-10-27 10:11:00,7625,7625,7625,7625,17200
2022-10-27 10:12:00,7625,7625,7625,7625,6100
2022-10-27 10:13:00,7625,7625,7625,7625,0
2022-10-27 10:14:00,7650,7625,7650,7625,23000
2022-10-27 10:15:00,7625,7625,7625,7625,500
2022-10-27 10:16:00,7650,7650,7650,7650,800
2022-10-27 10:17:00,7650,7650,7650,7650,0
2022-10-27 10:18:00,7650,7650,7650,7650,0
2022-10-27 10:19:00,7650,7650,7650,7650,0
2022-10-27 10:20:00,7650,7650,7650,7650,1100
2022-10-27 10:21:00,7625,7625,7625,7625,1300
2022-10-27 10:22:00,7625,7625,7625,7625,300
2022-10-27 10:23:00,7625,7625,7625,7625,16100
2022-10-27 10:24:00,7650,7650,7650,7650,2800
2022-10-27 10:25:00,7625,7625,7625,7625,100
2022-10-27 10:26:00,7650,7650,7650,7650,1400
2022-10-27 10:27:00,7650,7650,7650,7650,0
2022-10-27 10:28:00,7650,7650,7650,7650,4800
2022-10-27 10:29:00,7650,7650,7650,7650,6300
2022-10-27 10:30:00,7650,7625,7650,7625,6900
2022-10-27 10:31:00,7650,7650,7650,7650,2500
2022-10-27 10:32:00,7650,7650,7650,7650,200
2022-10-27 10:33:00,7650,7650,7650,7650,900
2022-10-27 10:34:00,7625,7625,7625,7625,0
2022-10-27 10:35:00,7625,7625,7650,7625,2300
2022-10-27 10:36:00,7650,7625,7650,7650,7300
2022-10-27 10:37:00,7650,7625,7650,7625,2400
2022-10-27 10:38:00,7650,7650,7650,7650,3900
2022-10-27 10:39:00,7650,7650,7650,7650,0
2022-10-27 10:40:00,7650,7650,7650,7650,4100
2022-10-27 10:41:00,7650,7650,7650,7650,1100
2022-10-27 10:42:00,7650,7650,7650,7650,500
2022-10-27 10:43:00,7625,7625,7650,7625,24900
2022-10-27 10:44:00,7625,7625,7650,7625,19900
2022-10-27 10:45:00,7625,7625,7625,7625,5400
2022-10-27 10:46:00,7625,7625,7625,7625,1700
2022-10-27 10:47:00,7625,7625,7625,7625,500
2022-10-27 10:48:00,7625,7625,7625,7625,0
2022-10-27 10:49:00,7625,7625,7625,7625,0
2022-10-27 10:50:00,7625,7625,7625,7625,2500
2022-10-27 10:51:00,7625,7625,7625,7625,46500
2022-10-27 10:52:00,7625,7625,7625,7625,0
2022-10-27 10:53:00,7625,7625,7625,7625,8600
2022-10-27 10:54:00,7650,7625,7650,7650,1200
2022-10-27 10:55:00,7625,7625,7625,7625,3600
2022-10-27 10:56:00,7650,7650,7650,7650,300
2022-10-27 10:57:00,7650,7650,7650,7650,0
2022-10-27 10:58:00,7650,7650,7650,7650,700
2022-10-27 10:59:00,7650,7650,7650,7650,0
2022-10-27 11:00:00,7650,7625,7650,7650,600
2022-10-27 11:01:00,7625,7625,7650,7625,25200
2022-10-27 11:02:00,7625,7625,7625,7625,700
2022-10-27 11:03:00,7625,7625,7625,7625,0
2022-10-27 11:04:00,7625,7625,7625,7625,7700
2022-10-27 11:05:00,7625,7600,7625,7600,45500
2022-10-27 11:06:00,7600,7600,7600,7600,19600
2022-10-27 11:07:00,7600,7600,7600,7600,11100
2022-10-27 11:08:00,7600,7600,7600,7600,3500
2022-10-27 11:09:00,7600,7575,7600,7575,133100
2022-10-27 11:10:00,7575,7550,7575,7575,46400
2022-10-27 11:11:00,7575,7575,7575,7575,3800
2022-10-27 11:12:00,7575,7575,7575,7575,100
2022-10-27 11:13:00,7575,7575,7575,7575,200
2022-10-27 11:14:00,7575,7575,7575,7575,1100
2022-10-27 11:15:00,7575,7575,7575,7575,0
2022-10-27 11:16:00,7575,7575,7575,7575,0
2022-10-27 11:17:00,7575,7575,7575,7575,0
2022-10-27 11:18:00,7575,7575,7600,7600,100
2022-10-27 11:19:00,7575,7575,7600,7600,0
2022-10-27 11:20:00,7600,7600,7600,7600,1200
2022-10-27 11:21:00,7600,7600,7600,7600,0
2022-10-27 11:22:00,7575,7575,7575,7575,0
2022-10-27 11:23:00,7575,7575,7575,7575,0
2022-10-27 11:24:00,7600,7600,7600,7600,9700
2022-10-27 11:25:00,7600,7600,7600,7600,6800
2022-10-27 11:26:00,7600,7600,7600,7600,0
2022-10-27 11:27:00,7600,7600,7600,7600,7400
2022-10-27 11:28:00,7600,7600,7600,7600,0
2022-10-27 11:29:00,7600,7600,7600,7600,300
2022-10-27 11:30:00,7600,7600,7600,7600,0
2022-10-27 11:31:00,7600,7600,7600,7600,0
2022-10-27 11:32:00,7600,7600,7600,7600,0
2022-10-27 11:33:00,7600,7600,7600,7600,0
2022-10-27 11:34:00,7600,7600,7600,7600,0
2022-10-27 11:35:00,7600,7600,7600,7600,0
2022-10-27 11:36:00,7600,7600,7600,7600,0
2022-10-27 11:37:00,7600,7600,7600,7600,0
2022-10-27 11:38:00,7600,7600,7600,7600,0
2022-10-27 11:39:00,7600,7600,7600,7600,0
2022-10-27 11:40:00,7600,7600,7600,7600,0
2022-10-27 11:41:00,7600,7600,7600,7600,0
2022-10-27 11:42:00,7600,7600,7600,7600,0
2022-10-27 11:43:00,7600,7600,7600,7600,0
2022-10-27 11:44:00,7600,7600,7600,7600,0
2022-10-27 11:45:00,7600,7600,7600,7600,0
2022-10-27 11:46:00,7600,7600,7600,7600,0
2022-10-27 11:47:00,7600,7600,7600,7600,0
2022-10-27 11:48:00,7600,7600,7600,7600,0
2022-10-27 11:49:00,7600,7600,7600,7600,0
2022-10-27 11:50:00,7600,7600,7600,7600,0
2022-10-27 11:51:00,7600,7600,7600,7600,0
2022-10-27 11:52:00,7600,7600,7600,7600,0
2022-10-27 11:53:00,7600,7600,7600,7600,0
2022-10-27 11:54:00,7600,7600,7600,7600,0
2022-10-27 11:55:00,7600,7600,7600,7600,0
2022-10-27 11:56:00,7600,7600,7600,7600,0
2022-10-27 11:57:00,7600,7600,7600,7600,0
2022-10-27 11:58:00,7600,7600,7600,7600,0
2022-10-27 11:59:00,7600,7600,7600,7600,0
2022-10-27 12:00:00,7600,7600,7600,7600,0
2022-10-27 12:01:00,7600,7600,7600,7600,0
2022-10-27 12:02:00,7600,7600,7600,7600,0
2022-10-27 12:03:00,7600,7600,7600,7600,0
2022-10-27 12:04:00,7600,7600,7600,7600,0
2022-10-27 12:05:00,7600,7600,7600,7600,0
2022-10-27 12:06:00,7600,7600,7600,7600,0
2022-10-27 12:07:00,7600,7600,7600,7600,0
2022-10-27 12:08:00,7600,7600,7600,7600,0
2022-10-27 12:09:00,7600,7600,7600,7600,0
2022-10-27 12:10:00,7600,7600,7600,7600,0
2022-10-27 12:11:00,7600,7600,7600,7600,0
2022-10-27 12:12:00,7600,7600,7600,7600,0
2022-10-27 12:13:00,7600,7600,7600,7600,0
2022-10-27 12:14:00,7600,7600,7600,7600,0
2022-10-27 12:15:00,7600,7600,7600,7600,0
2022-10-27 12:16:00,7600,7600,7600,7600,0
2022-10-27 12:17:00,7600,7600,7600,7600,0
2022-10-27 12:18:00,7600,7600,7600,7600,0
2022-10-27 12:19:00,7600,7600,7600,7600,0
2022-10-27 12:20:00,7600,7600,7600,7600,0
2022-10-27 12:21:00,7600,7600,7600,7600,0
2022-10-27 12:22:00,7600,7600,7600,7600,0
2022-10-27 12:23:00,7600,7600,7600,7600,0
2022-10-27 12:24:00,7600,7600,7600,7600,0
2022-10-27 12:25:00,7600,7600,7600,7600,0
2022-10-27 12:26:00,7600,7600,7600,7600,0
2022-10-27 12:27:00,7600,7600,7600,7600,0
2022-10-27 12:28:00,7600,7600,7600,7600,0
2022-10-27 12:29:00,7600,7600,7600,7600,0
2022-10-27 12:30:00,7600,7600,7600,7600,0
2022-10-27 12:31:00,7600,7600,7600,7600,0
2022-10-27 12:32:00,7600,7600,7600,7600,0
2022-10-27 12:33:00,7600,7600,7600,7600,0
2022-10-27 12:34:00,7600,7600,7600,7600,0
2022-10-27 12:35:00,7600,7600,7600,7600,0
2022-10-27 12:36:00,7600,7600,7600,7600,0
2022-10-27 12:37:00,7600,7600,7600,7600,0
2022-10-27 12:38:00,7600,7600,7600,7600,0
2022-10-27 12:39:00,7600,7600,7600,7600,0
2022-10-27 12:40:00,7600,7600,7600,7600,0
2022-10-27 12:41:00,7600,7600,7600,7600,0
2022-10-27 12:42:00,7600,7600,7600,7600,0
2022-10-27 12:43:00,7600,7600,7600,7600,0
2022-10-27 12:44:00,7600,7600,7600,7600,0
2022-10-27 12:45:00,7600,7600,7600,7600,0
2022-10-27 12:46:00,7600,7600,7600,7600,0
2022-10-27 12:47:00,7600,7600,7600,7600,0
2022-10-27 12:48:00,7600,7600,7600,7600,0
2022-10-27 12:49:00,7600,7600,7600,7600,0
2022-10-27 12:50:00,7600,7600,7600,7600,0
2022-10-27 12:51:00,7600,7600,7600,7600,0
2022-10-27 12:52:00,7600,7600,7600,7600,0
2022-10-27 12:53:00,7600,7600,7600,7600,0
2022-10-27 12:54:00,7600,7600,7600,7600,0
2022-10-27 12:55:00,7600,7600,7600,7600,0
2022-10-27 12:56:00,7600,7600,7600,7600,0
2022-10-27 12:57:00,7600,7600,7600,7600,0
2022-10-27 12:58:00,7600,7600,7600,7600,0
2022-10-27 12:59:00,7600,7600,7600,7600,0
2022-10-27 13:00:00,7600,7600,7600,7600,0
2022-10-27 13:01:00,7600,7600,7600,7600,0
2022-10-27 13:02:00,7600,7600,7600,7600,0
2022-10-27 13:03:00,7600,7600,7600,7600,0
2022-10-27 13:04:00,7600,7600,7600,7600,0
2022-10-27 13:05:00,7600,7600,7600,7600,0
2022-10-27 13:06:00,7600,7600,7600,7600,0
2022-10-27 13:07:00,7600,7600,7600,7600,0
2022-10-27 13:08:00,7600,7600,7600,7600,0
2022-10-27 13:09:00,7600,7600,7600,7600,0
2022-10-27 13:10:00,7600,7600,7600,7600,0
2022-10-27 13:11:00,7600,7600,7600,7600,0
2022-10-27 13:12:00,7600,7600,7600,7600,0
2022-10-27 13:13:00,7600,7600,7600,7600,0
2022-10-27 13:14:00,7600,7600,7600,7600,0
2022-10-27 13:15:00,7600,7600,7600,7600,0
2022-10-27 13:16:00,7600,7600,7600,7600,0
2022-10-27 13:17:00,7600,7600,7600,7600,0
2022-10-27 13:18:00,7600,7600,7600,7600,0
2022-10-27 13:19:00,7600,7600,7600,7600,0
2022-10-27 13:20:00,7600,7600,7600,7600,0
2022-10-27 13:21:00,7600,7600,7600,7600,0
2022-10-27 13:22:00,7600,7600,7600,7600,0
2022-10-27 13:23:00,7600,7600,7600,7600,0
2022-10-27 13:24:00,7600,7600,7600,7600,0
2022-10-27 13:25:00,7600,7600,7600,7600,0
2022-10-27 13:26:00,7600,7600,7600,7600,0
2022-10-27 13:27:00,7600,7600,7600,7600,0
2022-10-27 13:28:00,7600,7600,7600,7600,0
2022-10-27 13:29:00,7600,7600,7600,7600,0
2022-10-27 13:30:00,7600,7575,7600,7600,13100
2022-10-27 13:31:00,7600,7575,7600,7600,0
2022-10-27 13:32:00,7600,7600,7600,7600,700
2022-10-27 13:33:00,7600,7600,7600,7600,0
2022-10-27 13:34:00,7600,7600,7600,7600,0
2022-10-27 13:35:00,7600,7600,7600,7600,5700
2022-10-27 13:36:00,7600,7600,7600,7600,3600
2022-10-27 13:37:00,7600,7600,7600,7600,0
2022-10-27 13:38:00,7600,7600,7600,7600,200
2022-10-27 13:39:00,7600,7600,7600,7600,19100
2022-10-27 13:40:00,7600,7600,7600,7600,0
2022-10-27 13:41:00,7600,7600,7600,7600,0
2022-10-27 13:42:00,7600,7600,7600,7600,13800
2022-10-27 13:43:00,7600,7600,7600,7600,0
2022-10-27 13:44:00,7575,7575,7575,7575,108400
2022-10-27 13:45:00,7575,7575,7575,7575,1000
2022-10-27 13:46:00,7575,7550,7575,7550,3200
2022-10-27 13:47:00,7550,7550,7575,7550,7400
2022-10-27 13:48:00,7575,7575,7575,7575,1100
2022-10-27 13:49:00,7575,7575,7575,7575,0
2022-10-27 13:50:00,7575,7575,7575,7575,0
2022-10-27 13:51:00,7575,7575,7575,7575,13000
2022-10-27 13:52:00,7600,7575,7600,7575,6300
2022-10-27 13:53:00,7575,7575,7575,7575,1800
2022-10-27 13:54:00,7575,7575,7575,7575,0
2022-10-27 13:55:00,7575,7575,7575,7575,16100
2022-10-27 13:56:00,7575,7575,7575,7575,8700
2022-10-27 13:57:00,7575,7575,7575,7575,18900
2022-10-27 13:58:00,7575,7575,7575,7575,0
2022-10-27 13:59:00,7600,7600,7600,7600,3100
2022-10-27 14:00:00,7575,7575,7575,7575,51200
2022-10-27 14:01:00,7575,7575,7575,7575,7000
2022-10-27 14:02:00,7575,7575,7575,7575,300
2022-10-27 14:03:00,7575,7575,7575,7575,0
2022-10-27 14:04:00,7600,7550,7600,7550,15500
2022-10-27 14:05:00,7575,7575,7575,7575,12200
2022-10-27 14:06:00,7575,7575,7575,7575,1500
2022-10-27 14:07:00,7575,7575,7575,7575,0
2022-10-27 14:08:00,7575,7575,7575,7575,32900
2022-10-27 14:09:00,7575,7575,7575,7575,0
2022-10-27 14:10:00,7575,7575,7600,7575,14300
2022-10-27 14:11:00,7575,7575,7600,7600,1300
2022-10-27 14:12:00,7600,7600,7600,7600,2900
2022-10-27 14:13:00,7600,7600,7600,7600,2400
2022-10-27 14:14:00,7600,7600,7600,7600,28500
2022-10-27 14:15:00,7600,7600,7600,7600,0
2022-10-27 14:16:00,7600,7600,7600,7600,500
2022-10-27 14:17:00,7600,7600,7600,7600,0
2022-10-27 14:18:00,7600,7600,7600,7600,23000
2022-10-27 14:19:00,7600,7600,7600,7600,0
2022-10-27 14:20:00,7600,7600,7600,7600,2300
2022-10-27 14:21:00,7600,7600,7600,7600,600
2022-10-27 14:22:00,7600,7600,7600,7600,25200
2022-10-27 14:23:00,7600,7600,7625,7625,1300
2022-10-27 14:24:00,7625,7625,7625,7625,200
2022-10-27 14:25:00,7600,7600,7600,7600,2000
2022-10-27 14:26:00,7600,7600,7600,7600,19700
2022-10-27 14:27:00,7600,7600,7600,7600,5000
2022-10-27 14:28:00,7600,7600,7600,7600,0
2022-10-27 14:29:00,7575,7575,7575,7575,10100
2022-10-27 14:30:00,7575,7575,7575,7575,94900
2022-10-27 14:31:00,7575,7575,7575,7575,100
2022-10-27 14:32:00,7575,7575,7575,7575,200
2022-10-27 14:33:00,7575,7575,7575,7575,400
2022-10-27 14:34:00,7575,7550,7575,7550,11300
2022-10-27 14:35:00,7575,7575,7575,7575,0
2022-10-27 14:36:00,7550,7550,7575,7575,38800
2022-10-27 14:37:00,7575,7575,7575,7575,0
2022-10-27 14:38:00,7575,7575,7575,7575,0
2022-10-27 14:39:00,7575,7575,7575,7575,0
2022-10-27 14:40:00,7550,7550,7575,7575,69100
2022-10-27 14:41:00,7575,7575,7600,7575,11800
2022-10-27 14:42:00,7600,7600,7600,7600,5900
2022-10-27 14:43:00,7600,7575,7600,7575,24600
2022-10-27 14:44:00,7575,7575,7600,7575,10600
2022-10-27 14:45:00,7550,7550,7575,7550,75600
2022-10-27 14:46:00,7525,7525,7550,7525,93500
2022-10-27 14:47:00,7500,7500,7525,7500,8200
2022-10-27 14:48:00,7500,7500,7525,7500,2800
2022-10-27 14:49:00,7500,7500,7550,7525,100800
2022-10-27 14:50:00,7500,7500,7550,7525,0
2022-10-27 14:51:00,7500,7500,7550,7525,0
2022-10-27 14:52:00,7500,7500,7550,7525,0
2022-10-27 14:53:00,7500,7500,7550,7525,0
2022-10-27 14:54:00,7500,7500,7550,7525,0
2022-10-27 14:55:00,7500,7500,7550,7525,0
2022-10-27 14:56:00,7500,7500,7550,7525,0
2022-10-27 14:57:00,7500,7500,7550,7525,0
2022-10-27 14:58:00,7500,7500,7550,7525,0
2022-10-27 14:59:00,7500,7500,7550,7525,0
2022-10-27 15:00:00,7550,7550,7550,7550,226900
2022-10-27 15:01:00,7550,7550,7550,7550,10500
2022-10-27 15:02:00,7550,7550,7550,7550,0
2022-10-27 15:03:00,7550,7550,7550,7550,2800
2022-10-27 15:04:00,7550,7550,7550,7550,0
2022-10-27 15:05:00,7550,7550,7550,7550,24500
2022-10-27 15:06:00,7550,7550,7550,7550,0
2022-10-27 15:07:00,7550,7550,7550,7550,400
2022-10-27 15:08:00,7550,7550,7550,7550,1800
2022-10-27 15:09:00,7550,7550,7550,7550,0
2022-10-27 15:10:00,7550,7550,7550,7550,22200
2022-10-27 15:11:00,7550,7550,7550,7550,0
2022-10-27 15:12:00,7550,7550,7550,7550,0
2022-10-27 15:13:00,7550,7550,7550,7550,0
2022-10-27 15:14:00,7550,7550,7550,7550,500
2022-10-27 15:15:00,7550,7550,7550,7550,0
2022-10-27 15:16:00,7550,7550,7550,7550,0
2022-10-27 15:17:00,7550,7550,7550,7550,0
2022-10-27 15:18:00,7550,7550,7550,7550,0
2022-10-27 15:19:00,7550,7550,7550,7550,0
2022-10-27 15:20:00,7550,7550,7550,7550,0
2022-10-27 15:21:00,7550,7550,7550,7550,0
2022-10-27 15:22:00,7550,7550,7550,7550,0
2022-10-27 15:23:00,7550,7550,7550,7550,0
2022-10-27 15:24:00,7550,7550,7550,7550,0
2022-10-27 15:25:00,7550,7550,7550,7550,0
2022-10-27 15:26:00,7550,7550,7550,7550,0
2022-10-27 15:27:00,7550,7550,7550,7550,0
2022-10-27 15:28:00,7550,7550,7550,7550,0
2022-10-27 15:29:00,7550,7550,7550,7550,0
2022-10-27 15:30:00,7550,7550,7550,7550,0
2022-10-27 15:31:00,7550,7550,7550,7550,0
2022-10-27 15:32:00,7550,7550,7550,7550,0
2022-10-27 15:33:00,7550,7550,7550,7550,0
2022-10-27 15:34:00,7550,7550,7550,7550,0
2022-10-27 15:35:00,7550,7550,7550,7550,0
2022-10-27 15:36:00,7550,7550,7550,7550,0
2022-10-27 15:37:00,7550,7550,7550,7550,0
2022-10-27 15:38:00,7550,7550,7550,7550,0
2022-10-27 15:39:00,7550,7550,7550,7550,0
2022-10-27 15:40:00,7550,7550,7550,7550,0
2022-10-27 15:41:00,7550,7550,7550,7550,0
2022-10-27 15:42:00,7550,7550,7550,7550,0
2022-10-27 15:43:00,7550,7550,7550,7550,0
2022-10-27 15:44:00,7550,7550,7550,7550,0
2022-10-27 15:45:00,7550,7550,7550,7550,0
2022-10-27 15:46:00,7550,7550,7550,7550,0
2022-10-27 15:47:00,7550,7550,7550,7550,0
2022-10-27 15:48:00,7550,7550,7550,7550,0
2022-10-27 15:49:00,7550,7550,7550,7550,0
2022-10-27 15:50:00,7550,7550,7550,7550,0
2022-10-27 15:51:00,7550,7550,7550,7550,0
2022-10-27 15:52:00,7550,7550,7550,7550,0
2022-10-27 15:53:00,7550,7550,7550,7550,0
2022-10-27 15:54:00,7550,7550,7550,7550,0
2022-10-27 15:55:00,7550,7550,7550,7550,0
2022-10-27 15:56:00,7550,7550,7550,7550,0
2022-10-27 15:57:00,7550,7550,7550,7550,0
2022-10-27 15:58:00,7550,7550,7550,7550,0
2022-10-27 15:59:00,7550,7550,7550,7550,0
2022-10-28 09:00:00,7575,7575,7650,7600,0
2022-10-28 09:01:00,7600,7600,7650,7650,22600
2022-10-28 09:02:00,7625,7625,7625,7625,2200
2022-10-28 09:03:00,7600,7600,7600,7600,11300
2022-10-28 09:04:00,7600,7600,7600,7600,29200
2022-10-28 09:05:00,7575,7575,7575,7575,10100
2022-10-28 09:06:00,7550,7550,7575,7575,11800
2022-10-28 09:07:00,7550,7550,7575,7575,0
2022-10-28 09:08:00,7575,7575,7575,7575,5800
2022-10-28 09:09:00,7550,7550,7550,7550,0
2022-10-28 09:10:00,7575,7575,7625,7600,103000
2022-10-28 09:11:00,7625,7600,7625,7600,8000
2022-10-28 09:12:00,7600,7600,7600,7600,0
2022-10-28 09:13:00,7575,7575,7625,7625,37600
2022-10-28 09:14:00,7625,7625,7625,7625,33300
2022-10-28 09:15:00,7600,7600,7625,7625,16900
2022-10-28 09:16:00,7625,7625,7625,7625,7700
2022-10-28 09:17:00,7600,7600,7600,7600,700
2022-10-28 09:18:00,7600,7600,7625,7625,7300
2022-10-28 09:19:00,7625,7625,7625,7625,24600
2022-10-28 09:20:00,7625,7625,7625,7625,2900
2022-10-28 09:21:00,7625,7600,7650,7600,22900
2022-10-28 09:22:00,7625,7625,7625,7625,500
2022-10-28 09:23:00,7625,7625,7625,7625,29300
2022-10-28 09:24:00,7625,7625,7625,7625,27800
2022-10-28 09:25:00,7625,7625,7625,7625,10800
2022-10-28 09:26:00,7600,7600,7600,7600,20400
2022-10-28 09:27:00,7625,7600,7625,7600,17400
2022-10-28 09:28:00,7625,7625,7650,7650,99000
2022-10-28 09:29:00,7650,7650,7650,7650,800
2022-10-28 09:30:00,7675,7675,7675,7675,10600
2022-10-28 09:31:00,7675,7675,7675,7675,7400
2022-10-28 09:32:00,7650,7650,7650,7650,0
2022-10-28 09:33:00,7650,7650,7650,7650,12400
2022-10-28 09:34:00,7650,7650,7650,7650,1000
2022-10-28 09:35:00,7625,7625,7650,7650,2100
2022-10-28 09:36:00,7650,7650,7650,7650,0
2022-10-28 09:37:00,7650,7650,7650,7650,41500
2022-10-28 09:38:00,7650,7650,7650,7650,0
2022-10-28 09:39:00,7650,7650,7650,7650,23400
2022-10-28 09:40:00,7650,7650,7650,7650,27800
2022-10-28 09:41:00,7650,7650,7650,7650,0
2022-10-28 09:42:00,7650,7650,7675,7675,780700
2022-10-28 09:43:00,7650,7650,7650,7650,19900
2022-10-28 09:44:00,7650,7650,7650,7650,6800
2022-10-28 09:45:00,7675,7675,7675,7675,36000
2022-10-28 09:46:00,7675,7675,7700,7700,119300
2022-10-28 09:47:00,7675,7675,7675,7675,20600
2022-10-28 09:48:00,7675,7675,7700,7675,18500
2022-10-28 09:49:00,7675,7675,7675,7675,4300
2022-10-28 09:50:00,7675,7675,7700,7700,0
2022-10-28 09:51:00,7675,7675,7700,7700,7400
2022-10-28 09:52:00,7675,7675,7700,7675,55100
2022-10-28 09:53:00,7675,7675,7675,7675,17800
2022-10-28 09:54:00,7675,7675,7675,7675,1600
2022-10-28 09:55:00,7675,7650,7675,7650,1300
2022-10-28 09:56:00,7650,7650,7675,7650,22600
2022-10-28 09:57:00,7650,7650,7650,7650,0
2022-10-28 09:58:00,7650,7650,7650,7650,0
2022-10-28 09:59:00,7650,7650,7650,7650,0
2022-10-28 10:00:00,7650,7650,7650,7650,12900
2022-10-28 10:01:00,7675,7675,7675,7675,0
2022-10-28 10:02:00,7650,7650,7650,7650,700
2022-10-28 10:03:00,7650,7650,7650,7650,0
2022-10-28 10:04:00,7650,7650,7675,7675,800
2022-10-28 10:05:00,7675,7675,7675,7675,1700
2022-10-28 10:06:00,7675,7675,7675,7675,21200
2022-10-28 10:07:00,7675,7675,7675,7675,0
2022-10-28 10:08:00,7675,7650,7675,7650,21500
2022-10-28 10:09:00,7650,7650,7675,7650,4100
2022-10-28 10:10:00,7675,7650,7675,7650,2900
2022-10-28 10:11:00,7650,7650,7650,7650,6100
2022-10-28 10:12:00,7650,7650,7650,7650,29900
2022-10-28 10:13:00,7650,7650,7650,7650,31500
2022-10-28 10:14:00,7650,7625,7675,7675,91000
2022-10-28 10:15:00,7650,7650,7650,7650,2800
2022-10-28 10:16:00,7650,7650,7650,7650,56400
2022-10-28 10:17:00,7650,7650,7650,7650,12400
2022-10-28 10:18:00,7650,7625,7650,7625,31100
2022-10-28 10:19:00,7625,7625,7625,7625,400
2022-10-28 10:20:00,7650,7650,7650,7650,99700
2022-10-28 10:21:00,7650,7650,7650,7650,0
2022-10-28 10:22:00,7650,7650,7650,7650,2000
2022-10-28 10:23:00,7650,7650,7675,7650,1300
2022-10-28 10:24:00,7650,7650,7650,7650,1700
2022-10-28 10:25:00,7650,7650,7650,7650,800
2022-10-28 10:26:00,7650,7650,7650,7650,19600
2022-10-28 10:27:00,7650,7650,7675,7675,4100
2022-10-28 10:28:00,7650,7650,7650,7650,4400
2022-10-28 10:29:00,7650,7650,7650,7650,0
2022-10-28 10:30:00,7650,7650,7650,7650,0
2022-10-28 10:31:00,7650,7650,7675,7650,700
2022-10-28 10:32:00,7650,7650,7675,7675,2400
2022-10-28 10:33:00,7650,7650,7650,7650,0
2022-10-28 10:34:00,7650,7650,7650,7650,15800
2022-10-28 10:35:00,7650,7650,7650,7650,0
2022-10-28 10:36:00,7650,7650,7650,7650,4900
2022-10-28 10:37:00,7650,7650,7650,7650,26300
2022-10-28 10:38:00,7650,7650,7650,7650,0
2022-10-28 10:39:00,7650,7650,7650,7650,0
2022-10-28 10:40:00,7650,7650,7650,7650,0
2022-10-28 10:41:00,7650,7650,7650,7650,10900
2022-10-28 10:42:00,7650,7650,7650,7650,0
2022-10-28 10:43:00,7650,7650,7650,7650,0
2022-10-28 10:44:00,7650,7650,7650,7650,0
2022-10-28 10:45:00,7650,7650,7650,7650,12100
2022-10-28 10:46:00,7650,7650,7650,7650,2100
2022-10-28 10:47:00,7675,7650,7675,7650,13900
2022-10-28 10:48:00,7650,7650,7650,7650,6400
2022-10-28 10:49:00,7625,7625,7625,7625,0
2022-10-28 10:50:00,7625,7625,7625,7625,0
2022-10-28 10:51:00,7650,7650,7650,7650,100
2022-10-28 10:52:00,7650,7650,7650,7650,0
2022-10-28 10:53:00,7650,7650,7650,7650,0
2022-10-28 10:54:00,7650,7650,7650,7650,500
2022-10-28 10:55:00,7650,7650,7650,7650,0
2022-10-28 10:56:00,7650,7650,7650,7650,1000
2022-10-28 10:57:00,7650,7650,7650,7650,12500
2022-10-28 10:58:00,7650,7650,7650,7650,0
2022-10-28 10:59:00,7650,7650,7650,7650,5900
2022-10-28 11:00:00,7625,7625,7650,7650,0
2022-10-28 11:01:00,7650,7625,7650,7625,200
2022-10-28 11:02:00,7625,7625,7625,7625,2900
2022-10-28 11:03:00,7625,7625,7650,7650,1300
2022-10-28 11:04:00,7650,7625,7650,7625,3300
2022-10-28 11:05:00,7625,7625,7675,7650,73700
2022-10-28 11:06:00,7650,7650,7675,7675,0
2022-10-28 11:07:00,7650,7650,7650,7650,9700
2022-10-28 11:08:00,7650,7650,7650,7650,0
2022-10-28 11:09:00,7675,7650,7675,7650,0
2022-10-28 11:10:00,7650,7650,7650,7650,2200
2022-10-28 11:11:00,7675,7675,7675,7675,0
2022-10-28 11:12:00,7675,7650,7675,7650,5100
2022-10-28 11:13:00,7650,7650,7650,7650,24300
2022-10-28 11:14:00,7650,7650,7650,7650,0
2022-10-28 11:15:00,7650,7650,7650,7650,2800
2022-10-28 11:16:00,7650,7650,7650,7650,2600
2022-10-28 11:17:00,7650,7650,7650,7650,0
2022-10-28 11:18:00,7650,7650,7650,7650,200
2022-10-28 11:19:00,7650,7625,7650,7625,1000
2022-10-28 11:20:00,7650,7625,7650,7625,0
2022-10-28 11:21:00,7625,7625,7650,7625,3000
2022-10-28 11:22:00,7650,7650,7650,7650,0
2022-10-28 11:23:00,7625,7625,7650,7650,4500
2022-10-28 11:24:00,7650,7625,7650,7625,0
2022-10-28 11:25:00,7650,7625,7650,7650,1300
2022-10-28 11:26:00,7650,7650,7650,7650,4300
2022-10-28 11:27:00,7650,7650,7650,7650,3000
2022-10-28 11:28:00,7625,7625,7650,7650,1300
2022-10-28 11:29:00,7650,7650,7650,7650,200
2022-10-28 11:30:00,7650,7650,7650,7650,0
2022-10-28 11:31:00,7650,7650,7650,7650,0
2022-10-28 11:32:00,7650,7650,7650,7650,0
2022-10-28 11:33:00,7650,7650,7650,7650,0
2022-10-28 11:34:00,7650,7650,7650,7650,0
2022-10-28 11:35:00,7650,7650,7650,7650,0
2022-10-28 11:36:00,7650,7650,7650,7650,0
2022-10-28 11:37:00,7650,7650,7650,7650,0
2022-10-28 11:38:00,7650,7650,7650,7650,0
2022-10-28 11:39:00,7650,7650,7650,7650,0
2022-10-28 11:40:00,7650,7650,7650,7650,0
2022-10-28 11:41:00,7650,7650,7650,7650,0
2022-10-28 11:42:00,7650,7650,7650,7650,0
2022-10-28 11:43:00,7650,7650,7650,7650,0
2022-10-28 11:44:00,7650,7650,7650,7650,0
2022-10-28 11:45:00,7650,7650,7650,7650,0
2022-10-28 11:46:00,7650,7650,7650,7650,0
2022-10-28 11:47:00,7650,7650,7650,7650,0
2022-10-28 11:48:00,7650,7650,7650,7650,0
2022-10-28 11:49:00,7650,7650,7650,7650,0
2022-10-28 11:50:00,7650,7650,7650,7650,0
2022-10-28 11:51:00,7650,7650,7650,7650,0
2022-10-28 11:52:00,7650,7650,7650,7650,0
2022-10-28 11:53:00,7650,7650,7650,7650,0
2022-10-28 11:54:00,7650,7650,7650,7650,0
2022-10-28 11:55:00,7650,7650,7650,7650,0
2022-10-28 11:56:00,7650,7650,7650,7650,0
2022-10-28 11:57:00,7650,7650,7650,7650,0
2022-10-28 11:58:00,7650,7650,7650,7650,0
2022-10-28 11:59:00,7650,7650,7650,7650,0
2022-10-28 12:00:00,7650,7650,7650,7650,0
2022-10-28 12:01:00,7650,7650,7650,7650,0
2022-10-28 12:02:00,7650,7650,7650,7650,0
2022-10-28 12:03:00,7650,7650,7650,7650,0
2022-10-28 12:04:00,7650,7650,7650,7650,0
2022-10-28 12:05:00,7650,7650,7650,7650,0
2022-10-28 12:06:00,7650,7650,7650,7650,0
2022-10-28 12:07:00,7650,7650,7650,7650,0
2022-10-28 12:08:00,7650,7650,7650,7650,0
2022-10-28 12:09:00,7650,7650,7650,7650,0
2022-10-28 12:10:00,7650,7650,7650,7650,0
2022-10-28 12:11:00,7650,7650,7650,7650,0
2022-10-28 12:12:00,7650,7650,7650,7650,0
2022-10-28 12:13:00,7650,7650,7650,7650,0
2022-10-28 12:14:00,7650,7650,7650,7650,0
2022-10-28 12:15:00,7650,7650,7650,7650,0
2022-10-28 12:16:00,7650,7650,7650,7650,0
2022-10-28 12:17:00,7650,7650,7650,7650,0
2022-10-28 12:18:00,7650,7650,7650,7650,0
2022-10-28 12:19:00,7650,7650,7650,7650,0
2022-10-28 12:20:00,7650,7650,7650,7650,0
2022-10-28 12:21:00,7650,7650,7650,7650,0
2022-10-28 12:22:00,7650,7650,7650,7650,0
2022-10-28 12:23:00,7650,7650,7650,7650,0
2022-10-28 12:24:00,7650,7650,7650,7650,0
2022-10-28 12:25:00,7650,7650,7650,7650,0
2022-10-28 12:26:00,7650,7650,7650,7650,0
2022-10-28 12:27:00,7650,7650,7650,7650,0
2022-10-28 12:28:00,7650,7650,7650,7650,0
2022-10-28 12:29:00,7650,7650,7650,7650,0
2022-10-28 12:30:00,7650,7650,7650,7650,0
2022-10-28 12:31:00,7650,7650,7650,7650,0
2022-10-28 12:32:00,7650,7650,7650,7650,0
2022-10-28 12:33:00,7650,7650,7650,7650,0
2022-10-28 12:34:00,7650,7650,7650,7650,0
2022-10-28 12:35:00,7650,7650,7650,7650,0
2022-10-28 12:36:00,7650,7650,7650,7650,0
2022-10-28 12:37:00,7650,7650,7650,7650,0
2022-10-28 12:38:00,7650,7650,7650,7650,0
2022-10-28 12:39:00,7650,7650,7650,7650,0
2022-10-28 12:40:00,7650,7650,7650,7650,0
2022-10-28 12:41:00,7650,7650,7650,7650,0
2022-10-28 12:42:00,7650,7650,7650,7650,0
2022-10-28 12:43:00,7650,7650,7650,7650,0
2022-10-28 12:44:00,7650,7650,7650,7650,0
2022-10-28 12:45:00,7650,7650,7650,7650,0
2022-10-28 12:46:00,7650,7650,7650,7650,0
2022-10-28 12:47:00,7650,7650,7650,7650,0
2022-10-28 12:48:00,7650,7650,7650,7650,0
2022-10-28 12:49:00,7650,7650,7650,7650,0
2022-10-28 12:50:00,7650,7650,7650,7650,0
2022-10-28 12:51:00,7650,7650,7650,7650,0
2022-10-28 12:52:00,7650,7650,7650,7650,0
2022-10-28 12:53:00,7650,7650,7650,7650,0
2022-10-28 12:54:00,7650,7650,7650,7650,0
2022-10-28 12:55:00,7650,7650,7650,7650,0
2022-10-28 12:56:00,7650,7650,7650,7650,0
2022-10-28 12:57:00,7650,7650,7650,7650,0
2022-10-28 12:58:00,7650,7650,7650,7650,0
2022-10-28 12:59:00,7650,7650,7650,7650,0
2022-10-28 13:00:00,7650,7650,7650,7650,0
2022-10-28 13:01:00,7650,7650,7650,7650,0
2022-10-28 13:02:00,7650,7650,7650,7650,0
2022-10-28 13:03:00,7650,7650,7650,7650,0
2022-10-28 13:04:00,7650,7650,7650,7650,0
2022-10-28 13:05:00,7650,7650,7650,7650,0
2022-10-28 13:06:00,7650,7650,7650,7650,0
2022-10-28 13:07:00,7650,7650,7650,7650,0
2022-10-28 13:08:00,7650,7650,7650,7650,0
2022-10-28 13:09:00,7650,7650,7650,7650,0
2022-10-28 13:10:00,7650,7650,7650,7650,0
2022-10-28 13:11:00,7650,7650,7650,7650,0
2022-10-28 13:12:00,7650,7650,7650,7650,0
2022-10-28 13:13:00,7650,7650,7650,7650,0
2022-10-28 13:14:00,7650,7650,7650,7650,0
2022-10-28 13:15:00,7650,7650,7650,7650,0
2022-10-28 13:16:00,7650,7650,7650,7650,0
2022-10-28 13:17:00,7650,7650,7650,7650,0
2022-10-28 13:18:00,7650,7650,7650,7650,0
2022-10-28 13:19:00,7650,7650,7650,7650,0
2022-10-28 13:20:00,7650,7650,7650,7650,0
2022-10-28 13:21:00,7650,7650,7650,7650,0
2022-10-28 13:22:00,7650,7650,7650,7650,0
2022-10-28 13:23:00,7650,7650,7650,7650,0
2022-10-28 13:24:00,7650,7650,7650,7650,0
2022-10-28 13:25:00,7650,7650,7650,7650,0
2022-10-28 13:26:00,7650,7650,7650,7650,0
2022-10-28 13:27:00,7650,7650,7650,7650,0
2022-10-28 13:28:00,7650,7650,7650,7650,0
2022-10-28 13:29:00,7650,7650,7650,7650,0
2022-10-28 13:30:00,7650,7625,7675,7650,172600
2022-10-28 13:31:00,7650,7625,7675,7650,0
2022-10-28 13:32:00,7650,7625,7675,7650,0
2022-10-28 13:33:00,7625,7625,7625,7625,44700
2022-10-28 13:34:00,7625,7625,7625,7625,7600
2022-10-28 13:35:00,7625,7625,7625,7625,0
2022-10-28 13:36:00,7625,7625,7625,7625,0
2022-10-28 13:37:00,7625,7625,7625,7625,1400
2022-10-28 13:38:00,7625,7625,7625,7625,8300
2022-10-28 13:39:00,7625,7625,7625,7625,9500
2022-10-28 13:40:00,7625,7625,7625,7625,0
2022-10-28 13:41:00,7650,7650,7650,7650,400
2022-10-28 13:42:00,7650,7625,7650,7625,8000
2022-10-28 13:43:00,7650,7650,7650,7650,500
2022-10-28 13:44:00,7625,7625,7625,7625,8300
2022-10-28 13:45:00,7625,7625,7650,7625,7000
2022-10-28 13:46:00,7625,7600,7625,7600,1700
2022-10-28 13:47:00,7650,7650,7650,7650,900
2022-10-28 13:48:00,7650,7650,7650,7650,300
2022-10-28 13:49:00,7625,7625,7625,7625,5900
2022-10-28 13:50:00,7625,7625,7625,7625,0
2022-10-28 13:51:00,7600,7550,7600,7550,166600
2022-10-28 13:52:00,7550,7550,7550,7550,300
2022-10-28 13:53:00,7550,7550,7550,7550,15100
2022-10-28 13:54:00,7550,7550,7550,7550,0
2022-10-28 13:55:00,7550,7550,7550,7550,8500
2022-10-28 13:56:00,7550,7525,7550,7525,800
2022-10-28 13:57:00,7550,7525,7550,7525,0
2022-10-28 13:58:00,7550,7550,7550,7550,4100
2022-10-28 13:59:00,7550,7550,7550,7550,3200
2022-10-28 14:00:00,7550,7525,7550,7525,1400
2022-10-28 14:01:00,7525,7525,7550,7550,6700
2022-10-28 14:02:00,7550,7525,7550,7525,23800
2022-10-28 14:03:00,7550,7525,7550,7525,0
2022-10-28 14:04:00,7550,7525,7550,7525,0
2022-10-28 14:05:00,7525,7525,7550,7525,21800
2022-10-28 14:06:00,7525,7525,7550,7525,0
2022-10-28 14:07:00,7525,7525,7525,7525,200
2022-10-28 14:08:00,7525,7525,7550,7550,5800
2022-10-28 14:09:00,7550,7525,7550,7525,7700
2022-10-28 14:10:00,7525,7500,7525,7525,22600
2022-10-28 14:11:00,7525,7525,7525,7525,17100
2022-10-28 14:12:00,7525,7525,7525,7525,4300
2022-10-28 14:13:00,7525,7525,7525,7525,8300
2022-10-28 14:14:00,7525,7525,7525,7525,27700
2022-10-28 14:15:00,7525,7500,7525,7525,17900
2022-10-28 14:16:00,7525,7525,7525,7525,500
2022-10-28 14:17:00,7525,7525,7525,7525,0
2022-10-28 14:18:00,7525,7525,7525,7525,0
2022-10-28 14:19:00,7550,7550,7550,7550,25200
2022-10-28 14:20:00,7550,7550,7550,7550,400
2022-10-28 14:21:00,7550,7550,7550,7550,4900
2022-10-28 14:22:00,7550,7550,7550,7550,1000
2022-10-28 14:23:00,7575,7550,7575,7550,28700
2022-10-28 14:24:00,7575,7575,7575,7575,2400
2022-10-28 14:25:00,7575,7575,7575,7575,29000
2022-10-28 14:26:00,7600,7600,7600,7600,9000
2022-10-28 14:27:00,7600,7600,7600,7600,0
2022-10-28 14:28:00,7575,7575,7575,7575,800
2022-10-28 14:29:00,7600,7600,7600,7600,2900
2022-10-28 14:30:00,7600,7575,7600,7575,24500
2022-10-28 14:31:00,7575,7575,7575,7575,0
2022-10-28 14:32:00,7600,7600,7600,7600,1400
2022-10-28 14:33:00,7600,7600,7600,7600,900
2022-10-28 14:34:00,7600,7600,7600,7600,1300
2022-10-28 14:35:00,7575,7575,7600,7600,4400
2022-10-28 14:36:00,7575,7575,7575,7575,3600
2022-10-28 14:37:00,7575,7575,7575,7575,21600
2022-10-28 14:38:00,7550,7525,7550,7525,13800
2022-10-28 14:39:00,7550,7525,7550,7525,0
2022-10-28 14:40:00,7550,7550,7550,7550,6000
2022-10-28 14:41:00,7550,7550,7550,7550,11100
2022-10-28 14:42:00,7550,7550,7575,7575,7700
2022-10-28 14:43:00,7575,7575,7575,7575,25000
2022-10-28 14:44:00,7575,7575,7600,7600,4600
2022-10-28 14:45:00,7575,7575,7600,7575,7600
2022-10-28 14:46:00,7575,7575,7600,7600,13100
2022-10-28 14:47:00,7575,7575,7600,7575,3100
2022-10-28 14:48:00,7575,7575,7625,7625,18200
2022-10-28 14:49:00,7600,7600,7650,7625,167200
2022-10-28 14:50:00,7600,7600,7650,7625,0
2022-10-28 14:51:00,7600,7600,7650,7625,0
2022-10-28 14:52:00,7600,7600,7650,7625,0
2022-10-28 14:53:00,7600,7600,7650,7625,0
2022-10-28 14:54:00,7600,7600,7650,7625,0
2022-10-28 14:55:00,7600,7600,7650,7625,0
2022-10-28 14:56:00,7600,7600,7650,7625,0
2022-10-28 14:57:00,7600,7600,7650,7625,0
2022-10-28 14:58:00,7600,7600,7650,7625,0
2022-10-28 14:59:00,7600,7600,7650,7625,0
2022-10-28 15:00:00,7675,7675,7675,7675,109900
2022-10-28 15:01:00,7675,7675,7675,7675,3500
2022-10-28 15:02:00,7675,7675,7675,7675,17700
2022-10-28 15:03:00,7675,7675,7675,7675,0
2022-10-28 15:04:00,7675,7675,7675,7675,300
2022-10-28 15:05:00,7675,7675,7675,7675,900
2022-10-28 15:06:00,7675,7675,7675,7675,0
2022-10-28 15:07:00,7675,7675,7675,7675,0
2022-10-28 15:08:00,7675,7675,7675,7675,200
2022-10-28 15:09:00,7675,7675,7675,7675,131900
2022-10-28 15:10:00,7675,7675,7675,7675,56200
2022-10-28 15:11:00,7675,7675,7675,7675,17400
2022-10-28 15:12:00,7675,7675,7675,7675,2700
2022-10-28 15:13:00,7675,7675,7675,7675,0
2022-10-28 15:14:00,7675,7675,7675,7675,0
2022-10-28 15:15:00,7675,7675,7675,7675,0
2022-10-28 15:16:00,7675,7675,7675,7675,0
2022-10-28 15:17:00,7675,7675,7675,7675,0
2022-10-28 15:18:00,7675,7675,7675,7675,0
2022-10-28 15:19:00,7675,7675,7675,7675,0
2022-10-28 15:20:00,7675,7675,7675,7675,0
2022-10-28 15:21:00,7675,7675,7675,7675,0
2022-10-28 15:22:00,7675,7675,7675,7675,0
2022-10-28 15:23:00,7675,7675,7675,7675,0
2022-10-28 15:24:00,7675,7675,7675,7675,0
2022-10-28 15:25:00,7675,7675,7675,7675,0
2022-10-28 15:26:00,7675,7675,7675,7675,0
2022-10-28 15:27:00,7675,7675,7675,7675,0
2022-10-28 15:28:00,7675,7675,7675,7675,0
2022-10-28 15:29:00,7675,7675,7675,7675,0
2022-10-28 15:30:00,7675,7675,7675,7675,0
2022-10-28 15:31:00,7675,7675,7675,7675,0
2022-10-28 15:32:00,7675,7675,7675,7675,0
2022-10-28 15:33:00,7675,7675,7675,7675,0
2022-10-28 15:34:00,7675,7675,7675,7675,0
2022-10-28 15:35:00,7675,7675,7675,7675,0
2022-10-28 15:36:00,7675,7675,7675,7675,0
2022-10-28 15:37:00,7675,7675,7675,7675,0
2022-10-28 15:38:00,7675,7675,7675,7675,0
2022-10-28 15:39:00,7675,7675,7675,7675,0
2022-10-28 15:40:00,7675,7675,7675,7675,0
2022-10-28 15:41:00,7675,7675,7675,7675,0
2022-10-28 15:42:00,7675,7675,7675,7675,0
2022-10-28 15:43:00,7675,7675,7675,7675,0
2022-10-28 15:44:00,7675,7675,7675,7675,0
2022-10-28 15:45:00,7675,7675,7675,7675,0
2022-10-28 15:46:00,7675,7675,7675,7675,0
2022-10-28 15:47:00,7675,7675,7675,7675,0
2022-10-28 15:48:00,7675,7675,7675,7675,0
2022-10-28 15:49:00,7675,7675,7675,7675,0
2022-10-28 15:50:00,7675,7675,7675,7675,0
2022-10-28 15:51:00,7675,7675,7675,7675,0
2022-10-28 15:52:00,7675,7675,7675,7675,0
2022-10-28 15:53:00,7675,7675,7675,7675,0
2022-10-28 15:54:00,7675,7675,7675,7675,0
2022-10-28 15:55:00,7675,7675,7675,7675,0
2022-10-28 15:56:00,7675,7675,7675,7675,0
2022-10-28 15:57:00,7675,7675,7675,7675,0
2022-10-28 15:58:00,7675,7675,7675,7675,0
2022-10-28 15:59:00,7675,7675,7675,7675,0
2022-10-31 09:00:00,7700,7675,7725,7725,0
2022-10-31 09:01:00,7725,7700,7725,7700,28900
2022-10-31 09:02:00,7700,7700,7700,7700,40000
2022-10-31 09:03:00,7700,7700,7725,7725,4900
2022-10-31 09:04:00,7700,7700,7750,7750,113400
2022-10-31 09:05:00,7750,7725,7750,7750,141700
2022-10-31 09:06:00,7750,7750,7775,7750,83800
2022-10-31 09:07:00,7750,7725,7750,7750,19900
2022-10-31 09:08:00,7750,7725,7750,7750,74500
2022-10-31 09:09:00,7750,7725,7750,7725,103000
2022-10-31 09:10:00,7725,7725,7725,7725,100
2022-10-31 09:11:00,7725,7725,7725,7725,2300
2022-10-31 09:12:00,7725,7700,7725,7700,300
2022-10-31 09:13:00,7725,7725,7725,7725,3000
2022-10-31 09:14:00,7725,7725,7750,7725,16800
2022-10-31 09:15:00,7725,7725,7725,7725,8500
2022-10-31 09:16:00,7725,7700,7725,7725,20700
2022-10-31 09:17:00,7725,7700,7725,7725,0
2022-10-31 09:18:00,7725,7700,7725,7725,6900
2022-10-31 09:19:00,7700,7700,7725,7725,25400
2022-10-31 09:20:00,7725,7725,7725,7725,1000
2022-10-31 09:21:00,7725,7725,7725,7725,17000
2022-10-31 09:22:00,7725,7725,7725,7725,0
2022-10-31 09:23:00,7725,7700,7725,7700,3300
2022-10-31 09:24:00,7725,7725,7725,7725,1200
2022-10-31 09:25:00,7725,7725,7725,7725,1100
2022-10-31 09:26:00,7725,7700,7725,7725,3700
2022-10-31 09:27:00,7725,7725,7725,7725,4400
2022-10-31 09:28:00,7725,7725,7725,7725,200
2022-10-31 09:29:00,7725,7725,7725,7725,1400
2022-10-31 09:30:00,7700,7700,7725,7700,2900
2022-10-31 09:31:00,7700,7700,7725,7725,44800
2022-10-31 09:32:00,7700,7700,7725,7725,0
2022-10-31 09:33:00,7725,7725,7750,7750,338100
2022-10-31 09:34:00,7750,7750,7800,7800,945300
2022-10-31 09:35:00,7800,7800,7825,7825,541100
2022-10-31 09:36:00,7825,7800,7850,7825,356300
2022-10-31 09:37:00,7825,7825,7850,7850,25700
2022-10-31 09:38:00,7850,7800,7850,7825,203900
2022-10-31 09:39:00,7825,7825,7850,7825,26800
2022-10-31 09:40:00,7825,7800,7825,7825,61200
2022-10-31 09:41:00,7825,7825,7850,7825,54100
2022-10-31 09:42:00,7825,7825,7850,7825,900
2022-10-31 09:43:00,7825,7825,7825,7825,33200
2022-10-31 09:44:00,7825,7825,7850,7825,30700
2022-10-31 09:45:00,7825,7825,7825,7825,3900
2022-10-31 09:46:00,7825,7825,7850,7850,19700
2022-10-31 09:47:00,7825,7825,7850,7850,17200
2022-10-31 09:48:00,7850,7825,7850,7825,32600
2022-10-31 09:49:00,7825,7825,7850,7825,42700
2022-10-31 09:50:00,7825,7825,7850,7850,85600
2022-10-31 09:51:00,7850,7825,7850,7825,63700
2022-10-31 09:52:00,7825,7825,7850,7825,21100
2022-10-31 09:53:00,7825,7825,7825,7825,32700
2022-10-31 09:54:00,7825,7800,7825,7825,154600
2022-10-31 09:55:00,7825,7825,7825,7825,95400
2022-10-31 09:56:00,7825,7825,7825,7825,9500
2022-10-31 09:57:00,7825,7800,7825,7800,0
2022-10-31 09:58:00,7825,7825,7850,7850,33300
2022-10-31 09:59:00,7825,7825,7825,7825,5800
2022-10-31 10:00:00,7825,7825,7825,7825,23900
2022-10-31 10:01:00,7825,7825,7825,7825,34600
2022-10-31 10:02:00,7825,7825,7825,7825,42500
2022-10-31 10:03:00,7825,7825,7825,7825,32600
2022-10-31 10:04:00,7825,7800,7825,7825,5900
2022-10-31 10:05:00,7800,7800,7825,7800,2600
2022-10-31 10:06:00,7825,7800,7825,7800,0
2022-10-31 10:07:00,7825,7800,7825,7825,5200
2022-10-31 10:08:00,7825,7800,7825,7825,55600
2022-10-31 10:09:00,7800,7800,7825,7800,9100
2022-10-31 10:10:00,7800,7800,7825,7825,1500
2022-10-31 10:11:00,7800,7800,7825,7800,3400
2022-10-31 10:12:00,7800,7800,7825,7825,13000
2022-10-31 10:13:00,7825,7800,7825,7800,0
2022-10-31 10:14:00,7800,7800,7825,7800,363300
2022-10-31 10:15:00,7800,7775,7800,7800,31100
2022-10-31 10:16:00,7800,7800,7800,7800,1800
2022-10-31 10:17:00,7800,7800,7825,7800,56700
2022-10-31 10:18:00,7800,7800,7800,7800,2100
2022-10-31 10:19:00,7775,7775,7800,7775,500
2022-10-31 10:20:00,7775,7775,7800,7800,10000
2022-10-31 10:21:00,7775,7775,7800,7800,0
2022-10-31 10:22:00,7775,7775,7800,7775,136800
2022-10-31 10:23:00,7750,7750,7775,7750,47800
2022-10-31 10:24:00,7750,7750,7800,7800,8300
2022-10-31 10:25:00,7750,7750,7800,7800,0
2022-10-31 10:26:00,7775,7775,7775,7775,8500
2022-10-31 10:27:00,7775,7775,7775,7775,4700
2022-10-31 10:28:00,7750,7750,7750,7750,200
2022-10-31 10:29:00,7750,7750,7750,7750,900
2022-10-31 10:30:00,7750,7750,7750,7750,500
2022-10-31 10:31:00,7750,7750,7750,7750,29900
2022-10-31 10:32:00,7750,7725,7750,7750,42200
2022-10-31 10:33:00,7750,7750,7750,7750,0
2022-10-31 10:34:00,7775,7775,7775,7775,7200
2022-10-31 10:35:00,7775,7775,7775,7775,0
2022-10-31 10:36:00,7775,7775,7775,7775,11900
2022-10-31 10:37:00,7775,7775,7775,7775,0
2022-10-31 10:38:00,7775,7775,7800,7800,1500
2022-10-31 10:39:00,7775,7775,7800,7800,0
2022-10-31 10:40:00,7775,7775,7775,7775,9100
2022-10-31 10:41:00,7800,7800,7800,7800,3000
2022-10-31 10:42:00,7800,7800,7800,7800,5800
2022-10-31 10:43:00,7800,7800,7800,7800,0
2022-10-31 10:44:00,7800,7800,7800,7800,0
2022-10-31 10:45:00,7775,7775,7775,7775,2200
2022-10-31 10:46:00,7775,7775,7775,7775,800
2022-10-31 10:47:00,7775,7775,7775,7775,0
2022-10-31 10:48:00,7775,7775,7775,7775,900
2022-10-31 10:49:00,7775,7775,7775,7775,6100
2022-10-31 10:50:00,7775,7775,7800,7775,0
2022-10-31 10:51:00,7775,7775,7800,7775,0
2022-10-31 10:52:00,7775,7775,7775,7775,24500
2022-10-31 10:53:00,7775,7775,7775,7775,19500
2022-10-31 10:54:00,7775,7750,7775,7750,4200
2022-10-31 10:55:00,7775,7775,7800,7775,4600
2022-10-31 10:56:00,7775,7775,7800,7800,3300
2022-10-31 10:57:00,7800,7800,7800,7800,5900
2022-10-31 10:58:00,7800,7750,7800,7750,0
2022-10-31 10:59:00,7775,7775,7800,7775,300
2022-10-31 11:00:00,7775,7775,7775,7775,100
2022-10-31 11:01:00,7775,7775,7775,7775,15100
2022-10-31 11:02:00,7775,7775,7775,7775,4400
2022-10-31 11:03:00,7800,7800,7800,7800,0
2022-10-31 11:04:00,7775,7775,7800,7800,8900
2022-10-31 11:05:00,7800,7800,7800,7800,700
2022-10-31 11:06:00,7775,7775,7800,7800,2500
2022-10-31 11:07:00,7800,7800,7800,7800,0
2022-10-31 11:08:00,7800,7800,7800,7800,800
2022-10-31 11:09:00,7800,7775,7800,7775,31000
2022-10-31 11:10:00,7775,7775,7775,7775,200
2022-10-31 11:11:00,7800,7750,7800,7750,2000
2022-10-31 11:12:00,7750,7750,7775,7775,6000
2022-10-31 11:13:00,7775,7775,7800,7800,11700
2022-10-31 11:14:00,7775,7775,7800,7800,5000
2022-10-31 11:15:00,7800,7775,7800,7775,6200
2022-10-31 11:16:00,7775,7775,7775,7775,9900
2022-10-31 11:17:00,7750,7750,7775,7775,10600
2022-10-31 11:18:00,7750,7750,7775,7775,0
2022-10-31 11:19:00,7775,7750,7775,7775,5200
2022-10-31 11:20:00,7775,7750,7775,7775,4900
2022-10-31 11:21:00,7775,7750,7775,7775,3100
2022-10-31 11:22:00,7775,7775,7775,7775,1500
2022-10-31 11:23:00,7775,7750,7775,7775,5900
2022-10-31 11:24:00,7775,7775,7775,7775,3700
2022-10-31 11:25:00,7775,7750,7775,7775,4800
2022-10-31 11:26:00,7775,7775,7775,7775,6200
2022-10-31 11:27:00,7775,7775,7775,7775,8800
2022-10-31 11:28:00,7775,7750,7775,7775,12300
2022-10-31 11:29:00,7775,7775,7775,7775,2400
2022-10-31 11:30:00,7775,7775,7775,7775,0
2022-10-31 11:31:00,7775,7775,7775,7775,0
2022-10-31 11:32:00,7775,7775,7775,7775,0
2022-10-31 11:33:00,7775,7775,7775,7775,0
2022-10-31 11:34:00,7775,7775,7775,7775,0
2022-10-31 11:35:00,7775,7775,7775,7775,0
2022-10-31 11:36:00,7775,7775,7775,7775,0
2022-10-31 11:37:00,7775,7775,7775,7775,0
2022-10-31 11:38:00,7775,7775,7775,7775,0
2022-10-31 11:39:00,7775,7775,7775,7775,0
2022-10-31 11:40:00,7775,7775,7775,7775,0
2022-10-31 11:41:00,7775,7775,7775,7775,0
2022-10-31 11:42:00,7775,7775,7775,7775,0
2022-10-31 11:43:00,7775,7775,7775,7775,0
2022-10-31 11:44:00,7775,7775,7775,7775,0
2022-10-31 11:45:00,7775,7775,7775,7775,0
2022-10-31 11:46:00,7775,7775,7775,7775,0
2022-10-31 11:47:00,7775,7775,7775,7775,0
2022-10-31 11:48:00,7775,7775,7775,7775,0
2022-10-31 11:49:00,7775,7775,7775,7775,0
2022-10-31 11:50:00,7775,7775,7775,7775,0
2022-10-31 11:51:00,7775,7775,7775,7775,0
2022-10-31 11:52:00,7775,7775,7775,7775,0
2022-10-31 11:53:00,7775,7775,7775,7775,0
2022-10-31 11:54:00,7775,7775,7775,7775,0
2022-10-31 11:55:00,7775,7775,7775,7775,0
2022-10-31 11:56:00,7775,7775,7775,7775,0
2022-10-31 11:57:00,7775,7775,7775,7775,0
2022-10-31 11:58:00,7775,7775,7775,7775,0
2022-10-31 11:59:00,7775,7775,7775,7775,0
2022-10-31 12:00:00,7775,7775,7775,7775,0
2022-10-31 12:01:00,7775,7775,7775,7775,0
2022-10-31 12:02:00,7775,7775,7775,7775,0
2022-10-31 12:03:00,7775,7775,7775,7775,0
2022-10-31 12:04:00,7775,7775,7775,7775,0
2022-10-31 12:05:00,7775,7775,7775,7775,0
2022-10-31 12:06:00,7775,7775,7775,7775,0
2022-10-31 12:07:00,7775,7775,7775,7775,0
2022-10-31 12:08:00,7775,7775,7775,7775,0
2022-10-31 12:09:00,7775,7775,7775,7775,0
2022-10-31 12:10:00,7775,7775,7775,7775,0
2022-10-31 12:11:00,7775,7775,7775,7775,0
2022-10-31 12:12:00,7775,7775,7775,7775,0
2022-10-31 12:13:00,7775,7775,7775,7775,0
2022-10-31 12:14:00,7775,7775,7775,7775,0
2022-10-31 12:15:00,7775,7775,7775,7775,0
2022-10-31 12:16:00,7775,7775,7775,7775,0
2022-10-31 12:17:00,7775,7775,7775,7775,0
2022-10-31 12:18:00,7775,7775,7775,7775,0
2022-10-31 12:19:00,7775,7775,7775,7775,0
2022-10-31 12:20:00,7775,7775,7775,7775,0
2022-10-31 12:21:00,7775,7775,7775,7775,0
2022-10-31 12:22:00,7775,7775,7775,7775,0
2022-10-31 12:23:00,7775,7775,7775,7775,0
2022-10-31 12:24:00,7775,7775,7775,7775,0
2022-10-31 12:25:00,7775,7775,7775,7775,0
2022-10-31 12:26:00,7775,7775,7775,7775,0
2022-10-31 12:27:00,7775,7775,7775,7775,0
2022-10-31 12:28:00,7775,7775,7775,7775,0
2022-10-31 12:29:00,7775,7775,7775,7775,0
2022-10-31 12:30:00,7775,7775,7775,7775,0
2022-10-31 12:31:00,7775,7775,7775,7775,0
2022-10-31 12:32:00,7775,7775,7775,7775,0
2022-10-31 12:33:00,7775,7775,7775,7775,0
2022-10-31 12:34:00,7775,7775,7775,7775,0
2022-10-31 12:35:00,7775,7775,7775,7775,0
2022-10-31 12:36:00,7775,7775,7775,7775,0
2022-10-31 12:37:00,7775,7775,7775,7775,0
2022-10-31 12:38:00,7775,7775,7775,7775,0
2022-10-31 12:39:00,7775,7775,7775,7775,0
2022-10-31 12:40:00,7775,7775,7775,7775,0
2022-10-31 12:41:00,7775,7775,7775,7775,0
2022-10-31 12:42:00,7775,7775,7775,7775,0
2022-10-31 12:43:00,7775,7775,7775,7775,0
2022-10-31 12:44:00,7775,7775,7775,7775,0
2022-10-31 12:45:00,7775,7775,7775,7775,0
2022-10-31 12:46:00,7775,7775,7775,7775,0
2022-10-31 12:47:00,7775,7775,7775,7775,0
2022-10-31 12:48:00,7775,7775,7775,7775,0
2022-10-31 12:49:00,7775,7775,7775,7775,0
2022-10-31 12:50:00,7775,7775,7775,7775,0
2022-10-31 12:51:00,7775,7775,7775,7775,0
2022-10-31 12:52:00,7775,7775,7775,7775,0
2022-10-31 12:53:00,7775,7775,7775,7775,0
2022-10-31 12:54:00,7775,7775,7775,7775,0
2022-10-31 12:55:00,7775,7775,7775,7775,0
2022-10-31 12:56:00,7775,7775,7775,7775,0
2022-10-31 12:57:00,7775,7775,7775,7775,0
2022-10-31 12:58:00,7775,7775,7775,7775,0
2022-10-31 12:59:00,7775,7775,7775,7775,0
2022-10-31 13:00:00,7775,7775,7775,7775,0
2022-10-31 13:01:00,7775,7775,7775,7775,0
2022-10-31 13:02:00,7775,7775,7775,7775,0
2022-10-31 13:03:00,7775,7775,7775,7775,0
2022-10-31 13:04:00,7775,7775,7775,7775,0
2022-10-31 13:05:00,7775,7775,7775,7775,0
2022-10-31 13:06:00,7775,7775,7775,7775,0
2022-10-31 13:07:00,7775,7775,7775,7775,0
2022-10-31 13:08:00,7775,7775,7775,7775,0
2022-10-31 13:09:00,7775,7775,7775,7775,0
2022-10-31 13:10:00,7775,7775,7775,7775,0
2022-10-31 13:11:00,7775,7775,7775,7775,0
2022-10-31 13:12:00,7775,7775,7775,7775,0
2022-10-31 13:13:00,7775,7775,7775,7775,0
2022-10-31 13:14:00,7775,7775,7775,7775,0
2022-10-31 13:15:00,7775,7775,7775,7775,0
2022-10-31 13:16:00,7775,7775,7775,7775,0
2022-10-31 13:17:00,7775,7775,7775,7775,0
2022-10-31 13:18:00,7775,7775,7775,7775,0
2022-10-31 13:19:00,7775,7775,7775,7775,0
2022-10-31 13:20:00,7775,7775,7775,7775,0
2022-10-31 13:21:00,7775,7775,7775,7775,0
2022-10-31 13:22:00,7775,7775,7775,7775,0
2022-10-31 13:23:00,7775,7775,7775,7775,0
2022-10-31 13:24:00,7775,7775,7775,7775,0
2022-10-31 13:25:00,7775,7775,7775,7775,0
2022-10-31 13:26:00,7775,7775,7775,7775,0
2022-10-31 13:27:00,7775,7775,7775,7775,0
2022-10-31 13:28:00,7775,7775,7775,7775,0
2022-10-31 13:29:00,7775,7775,7775,7775,0
2022-10-31 13:30:00,7775,7750,7775,7775,28100
2022-10-31 13:31:00,7775,7775,7775,7775,2900
2022-10-31 13:32:00,7775,7775,7775,7775,6000
2022-10-31 13:33:00,7775,7775,7775,7775,0
2022-10-31 13:34:00,7775,7750,7775,7750,10500
2022-10-31 13:35:00,7750,7725,7750,7750,171700
2022-10-31 13:36:00,7750,7725,7750,7750,27300
2022-10-31 13:37:00,7750,7750,7750,7750,4600
2022-10-31 13:38:00,7775,7775,7775,7775,200
2022-10-31 13:39:00,7775,7775,7775,7775,3200
2022-10-31 13:40:00,7775,7775,7775,7775,0
2022-10-31 13:41:00,7750,7750,7750,7750,13100
2022-10-31 13:42:00,7750,7750,7750,7750,1100
2022-10-31 13:43:00,7775,7775,7775,7775,700
2022-10-31 13:44:00,7750,7750,7750,7750,7500
2022-10-31 13:45:00,7775,7775,7775,7775,0
2022-10-31 13:46:00,7775,7775,7775,7775,3100
2022-10-31 13:47:00,7775,7775,7775,7775,9100
2022-10-31 13:48:00,7775,7775,7775,7775,0
2022-10-31 13:49:00,7775,7775,7775,7775,0
2022-10-31 13:50:00,7775,7775,7775,7775,16000
2022-10-31 13:51:00,7775,7775,7775,7775,0
2022-10-31 13:52:00,7775,7775,7775,7775,1000
2022-10-31 13:53:00,7775,7775,7775,7775,1200
2022-10-31 13:54:00,7775,7775,7775,7775,3300
2022-10-31 13:55:00,7775,7775,7775,7775,11800
2022-10-31 13:56:00,7775,7750,7775,7750,1700
2022-10-31 13:57:00,7775,7775,7800,7800,36900
2022-10-31 13:58:00,7800,7775,7800,7775,2900
2022-10-31 13:59:00,7775,7775,7800,7800,10500
2022-10-31 14:00:00,7775,7775,7800,7800,4900
2022-10-31 14:01:00,7800,7800,7800,7800,22300
2022-10-31 14:02:00,7800,7800,7800,7800,182200
2022-10-31 14:03:00,7800,7800,7800,7800,17600
2022-10-31 14:04:00,7800,7800,7800,7800,7500
2022-10-31 14:05:00,7800,7775,7800,7800,7400
2022-10-31 14:06:00,7800,7800,7825,7800,83400
2022-10-31 14:07:00,7825,7800,7825,7800,5100
2022-10-31 14:08:00,7800,7800,7825,7825,0
2022-10-31 14:09:00,7825,7800,7825,7800,24600
2022-10-31 14:10:00,7800,7800,7825,7825,900
2022-10-31 14:11:00,7825,7825,7825,7825,3100
2022-10-31 14:12:00,7825,7825,7825,7825,8400
2022-10-31 14:13:00,7825,7825,7825,7825,300
2022-10-31 14:14:00,7825,7825,7825,7825,900
2022-10-31 14:15:00,7825,7825,7825,7825,7600
2022-10-31 14:16:00,7800,7800,7825,7825,19100
2022-10-31 14:17:00,7825,7825,7825,7825,19200
2022-10-31 14:18:00,7825,7825,7825,7825,113300
2022-10-31 14:19:00,7825,7800,7825,7800,66000
2022-10-31 14:20:00,7800,7800,7800,7800,69300
2022-10-31 14:21:00,7800,7800,7800,7800,11000
2022-10-31 14:22:00,7800,7800,7800,7800,6100
2022-10-31 14:23:00,7800,7800,7800,7800,0
2022-10-31 14:24:00,7800,7800,7800,7800,3200
2022-10-31 14:25:00,7800,7800,7800,7800,10300
2022-10-31 14:26:00,7800,7800,7800,7800,0
2022-10-31 14:27:00,7800,7800,7800,7800,61700
2022-10-31 14:28:00,7800,7775,7800,7775,0
2022-10-31 14:29:00,7800,7775,7800,7775,0
2022-10-31 14:30:00,7800,7800,7800,7800,1500
2022-10-31 14:31:00,7800,7775,7800,7800,3500
2022-10-31 14:32:00,7800,7775,7800,7800,69700
2022-10-31 14:33:00,7800,7800,7800,7800,86400
2022-10-31 14:34:00,7800,7775,7825,7825,20300
2022-10-31 14:35:00,7825,7800,7825,7825,4200
2022-10-31 14:36:00,7825,7800,7825,7825,7900
2022-10-31 14:37:00,7825,7800,7825,7825,4500
2022-10-31 14:38:00,7825,7800,7825,7825,5000
2022-10-31 14:39:00,7825,7800,7825,7825,3600
2022-10-31 14:40:00,7825,7825,7825,7825,21800
2022-10-31 14:41:00,7825,7800,7825,7825,21200
2022-10-31 14:42:00,7825,7800,7825,7825,13000
2022-10-31 14:43:00,7825,7800,7825,7825,11500
2022-10-31 14:44:00,7825,7800,7825,7825,20100
2022-10-31 14:45:00,7825,7800,7825,7825,22200
2022-10-31 14:46:00,7825,7800,7825,7825,32500
2022-10-31 14:47:00,7825,7800,7825,7825,16000
2022-10-31 14:48:00,7825,7800,7825,7825,14400
2022-10-31 14:49:00,7825,7800,7825,7825,26300
2022-10-31 14:50:00,7825,7800,7825,7825,0
2022-10-31 14:51:00,7825,7800,7825,7825,0
2022-10-31 14:52:00,7825,7800,7825,7825,0
2022-10-31 14:53:00,7825,7800,7825,7825,0
2022-10-31 14:54:00,7825,7800,7825,7825,0
2022-10-31 14:55:00,7825,7800,7825,7825,0
2022-10-31 14:56:00,7825,7800,7825,7825,0
2022-10-31 14:57:00,7825,7800,7825,7825,0
2022-10-31 14:58:00,7825,7800,7825,7825,0
2022-10-31 14:59:00,7825,7800,7825,7825,0
2022-10-31 15:00:00,7800,7800,7800,7800,213200
2022-10-31 15:01:00,7800,7800,7800,7800,29100
2022-10-31 15:02:00,7800,7800,7800,7800,1900
2022-10-31 15:03:00,7800,7800,7800,7800,18300
2022-10-31 15:04:00,7800,7800,7800,7800,13700
2022-10-31 15:05:00,7800,7800,7800,7800,28700
2022-10-31 15:06:00,7800,7800,7800,7800,1700
2022-10-31 15:07:00,7800,7800,7800,7800,4400
2022-10-31 15:08:00,7800,7800,7800,7800,5800
2022-10-31 15:09:00,7800,7800,7800,7800,0
2022-10-31 15:10:00,7800,7800,7800,7800,0
2022-10-31 15:11:00,7800,7800,7800,7800,300
2022-10-31 15:12:00,7800,7800,7800,7800,0
2022-10-31 15:13:00,7800,7800,7800,7800,0
2022-10-31 15:14:00,7800,7800,7800,7800,7161400
2022-10-31 15:15:00,7800,7800,7800,7800,0
2022-10-31 15:16:00,7800,7800,7800,7800,0
2022-10-31 15:17:00,7800,7800,7800,7800,0
2022-10-31 15:18:00,7800,7800,7800,7800,0
2022-10-31 15:19:00,7800,7800,7800,7800,0
2022-10-31 15:20:00,7800,7800,7800,7800,0
2022-10-31 15:21:00,7800,7800,7800,7800,0
2022-10-31 15:22:00,7800,7800,7800,7800,0
2022-10-31 15:23:00,7800,7800,7800,7800,0
2022-10-31 15:24:00,7800,7800,7800,7800,0
2022-10-31 15:25:00,7800,7800,7800,7800,0
2022-10-31 15:26:00,7800,7800,7800,7800,0
2022-10-31 15:27:00,7800,7800,7800,7800,0
2022-10-31 15:28:00,7800,7800,7800,7800,0
2022-10-31 15:29:00,7800,7800,7800,7800,0
2022-10-31 15:30:00,7800,7800,7800,7800,0
2022-10-31 15:31:00,7800,7800,7800,7800,0
2022-10-31 15:32:00,7800,7800,7800,7800,0
2022-10-31 15:33:00,7800,7800,7800,7800,0
2022-10-31 15:34:00,7800,7800,7800,7800,0
2022-10-31 15:35:00,7800,7800,7800,7800,0
2022-10-31 15:36:00,7800,7800,7800,7800,0
2022-10-31 15:37:00,7800,7800,7800,7800,0
2022-10-31 15:38:00,7800,7800,7800,7800,0
2022-10-31 15:39:00,7800,7800,7800,7800,0
2022-10-31 15:40:00,7800,7800,7800,7800,0
2022-10-31 15:41:00,7800,7800,7800,7800,0
2022-10-31 15:42:00,7800,7800,7800,7800,0
2022-10-31 15:43:00,7800,7800,7800,7800,0
2022-10-31 15:44:00,7800,7800,7800,7800,0
2022-10-31 15:45:00,7800,7800,7800,7800,0
2022-10-31 15:46:00,7800,7800,7800,7800,0
2022-10-31 15:47:00,7800,7800,7800,7800,0
2022-10-31 15:48:00,7800,7800,7800,7800,0
2022-10-31 15:49:00,7800,7800,7800,7800,0
2022-10-31 15:50:00,7800,7800,7800,7800,0
2022-10-31 15:51:00,7800,7800,7800,7800,0
2022-10-31 15:52:00,7800,7800,7800,7800,0
2022-10-31 15:53:00,7800,7800,7800,7800,0
2022-10-31 15:54:00,7800,7800,7800,7800,0
2022-10-31 15:55:00,7800,7800,7800,7800,0
2022-10-31 15:56:00,7800,7800,7800,7800,0
2022-10-31 15:57:00,7800,7800,7800,7800,0
2022-10-31 15:58:00,7800,7800,7800,7800,0
2022-10-31 15:59:00,7800,7800,7800,7800,0
2022-11-01 09:00:00,7800,7750,7825,7775,0
2022-11-01 09:01:00,7775,7750,7775,7750,44700
2022-11-01 09:02:00,7750,7700,7750,7725,31200
2022-11-01 09:03:00,7700,7700,7725,7725,15300
2022-11-01 09:04:00,7725,7725,7750,7750,18700
2022-11-01 09:05:00,7775,7775,7775,7775,7500
2022-11-01 09:06:00,7775,7750,7775,7750,10000
2022-11-01 09:07:00,7750,7725,7750,7750,39400
2022-11-01 09:08:00,7750,7750,7750,7750,12500
2022-11-01 09:09:00,7750,7750,7750,7750,20100
2022-11-01 09:10:00,7750,7750,7775,7775,8800
2022-11-01 09:11:00,7775,7750,7775,7750,3400
2022-11-01 09:12:00,7750,7750,7775,7750,17100
2022-11-01 09:13:00,7750,7750,7750,7750,9900
2022-11-01 09:14:00,7750,7750,7750,7750,15100
2022-11-01 09:15:00,7750,7750,7750,7750,0
2022-11-01 09:16:00,7775,7775,7775,7775,45700
2022-11-01 09:17:00,7775,7775,7775,7775,17400
2022-11-01 09:18:00,7775,7775,7775,7775,29500
2022-11-01 09:19:00,7775,7750,7775,7750,37500
2022-11-01 09:20:00,7775,7750,7775,7750,0
2022-11-01 09:21:00,7750,7750,7775,7750,22000
2022-11-01 09:22:00,7750,7750,7775,7775,12300
2022-11-01 09:23:00,7775,7775,7775,7775,1200
2022-11-01 09:24:00,7775,7725,7775,7750,27200
2022-11-01 09:25:00,7750,7750,7750,7750,300
2022-11-01 09:26:00,7725,7725,7725,7725,56400
2022-11-01 09:27:00,7700,7700,7725,7725,11500
2022-11-01 09:28:00,7700,7700,7700,7700,3700
2022-11-01 09:29:00,7725,7725,7725,7725,0
2022-11-01 09:30:00,7700,7700,7725,7725,11100
2022-11-01 09:31:00,7725,7725,7725,7725,9800
2022-11-01 09:32:00,7725,7700,7725,7700,7200
2022-11-01 09:33:00,7700,7700,7700,7700,3900
2022-11-01 09:34:00,7700,7700,7725,7700,600
2022-11-01 09:35:00,7725,7725,7725,7725,2600
2022-11-01 09:36:00,7725,7725,7725,7725,13600
2022-11-01 09:37:00,7725,7725,7725,7725,0
2022-11-01 09:38:00,7725,7725,7725,7725,4600
2022-11-01 09:39:00,7725,7725,7725,7725,200
2022-11-01 09:40:00,7750,7750,7750,7750,2400
2022-11-01 09:41:00,7750,7750,7775,7775,40200
2022-11-01 09:42:00,7775,7750,7775,7750,2000
2022-11-01 09:43:00,7750,7725,7775,7725,14600
2022-11-01 09:44:00,7750,7725,7775,7725,0
2022-11-01 09:45:00,7750,7725,7775,7725,0
2022-11-01 09:46:00,7750,7750,7750,7750,0
2022-11-01 09:47:00,7750,7750,7750,7750,1500
2022-11-01 09:48:00,7750,7725,7750,7725,5600
2022-11-01 09:49:00,7725,7725,7725,7725,0
2022-11-01 09:50:00,7750,7725,7750,7725,12300
2022-11-01 09:51:00,7725,7725,7725,7725,4000
2022-11-01 09:52:00,7725,7725,7725,7725,0
2022-11-01 09:53:00,7725,7725,7750,7750,7400
2022-11-01 09:54:00,7725,7725,7725,7725,400
2022-11-01 09:55:00,7725,7725,7725,7725,600
2022-11-01 09:56:00,7750,7750,7750,7750,300
2022-11-01 09:57:00,7750,7750,7750,7750,20900
2022-11-01 09:58:00,7750,7750,7750,7750,3700
2022-11-01 09:59:00,7750,7750,7750,7750,15200
2022-11-01 10:00:00,7775,7750,7775,7775,17700
2022-11-01 10:01:00,7750,7750,7775,7750,1500
2022-11-01 10:02:00,7775,7775,7775,7775,300
2022-11-01 10:03:00,7775,7775,7775,7775,0
2022-11-01 10:04:00,7775,7775,7775,7775,0
2022-11-01 10:05:00,7775,7775,7775,7775,0
2022-11-01 10:06:00,7750,7750,7750,7750,700
2022-11-01 10:07:00,7750,7750,7750,7750,0
2022-11-01 10:08:00,7750,7750,7750,7750,0
2022-11-01 10:09:00,7750,7750,7750,7750,1800
2022-11-01 10:10:00,7750,7750,7750,7750,1200
2022-11-01 10:11:00,7775,7750,7775,7750,14500
2022-11-01 10:12:00,7775,7775,7775,7775,46300
2022-11-01 10:13:00,7775,7775,7775,7775,0
2022-11-01 10:14:00,7775,7775,7775,7775,1800
2022-11-01 10:15:00,7775,7775,7775,7775,0
2022-11-01 10:16:00,7775,7775,7775,7775,14300
2022-11-01 10:17:00,7775,7750,7775,7775,51800
2022-11-01 10:18:00,7750,7750,7775,7775,13600
2022-11-01 10:19:00,7750,7750,7750,7750,57300
2022-11-01 10:20:00,7750,7750,7750,7750,0
2022-11-01 10:21:00,7750,7725,7750,7750,27300
2022-11-01 10:22:00,7725,7725,7725,7725,100
2022-11-01 10:23:00,7725,7725,7725,7725,0
2022-11-01 10:24:00,7750,7750,7750,7750,7000
2022-11-01 10:25:00,7750,7725,7750,7725,10400
2022-11-01 10:26:00,7750,7750,7750,7750,1200
2022-11-01 10:27:00,7750,7750,7750,7750,0
2022-11-01 10:28:00,7750,7750,7750,7750,0
2022-11-01 10:29:00,7750,7750,7750,7750,3200
2022-11-01 10:30:00,7750,7750,7750,7750,0
2022-11-01 10:31:00,7750,7750,7750,7750,0
2022-11-01 10:32:00,7725,7725,7725,7725,0
2022-11-01 10:33:00,7725,7725,7725,7725,0
2022-11-01 10:34:00,7750,7750,7750,7750,39600
2022-11-01 10:35:00,7750,7750,7750,7750,12600
2022-11-01 10:36:00,7750,7750,7750,7750,9000
2022-11-01 10:37:00,7750,7725,7750,7750,12400
2022-11-01 10:38:00,7750,7725,7750,7725,21200
2022-11-01 10:39:00,7750,7750,7750,7750,0
2022-11-01 10:40:00,7750,7750,7750,7750,6400
2022-11-01 10:41:00,7750,7750,7750,7750,0
2022-11-01 10:42:00,7750,7750,7750,7750,8700
2022-11-01 10:43:00,7750,7750,7750,7750,0
2022-11-01 10:44:00,7725,7725,7750,7750,1600
2022-11-01 10:45:00,7750,7750,7750,7750,25100
2022-11-01 10:46:00,7725,7725,7750,7750,12000
2022-11-01 10:47:00,7750,7750,7750,7750,4500
2022-11-01 10:48:00,7750,7750,7750,7750,0
2022-11-01 10:49:00,7750,7750,7750,7750,4100
2022-11-01 10:50:00,7750,7750,7750,7750,0
2022-11-01 10:51:00,7750,7750,7750,7750,0
2022-11-01 10:52:00,7750,7750,7750,7750,100
2022-11-01 10:53:00,7750,7750,7750,7750,3900
2022-11-01 10:54:00,7750,7750,7750,7750,47700
2022-11-01 10:55:00,7725,7725,7725,7725,400
2022-11-01 10:56:00,7725,7725,7725,7725,3700
2022-11-01 10:57:00,7750,7750,7750,7750,0
2022-11-01 10:58:00,7750,7750,7750,7750,8900
2022-11-01 10:59:00,7750,7750,7750,7750,400
2022-11-01 11:00:00,7725,7725,7750,7750,0
2022-11-01 11:01:00,7725,7725,7750,7750,0
2022-11-01 11:02:00,7725,7725,7750,7725,3300
2022-11-01 11:03:00,7750,7725,7750,7725,6800
2022-11-01 11:04:00,7750,7725,7750,7725,6700
2022-11-01 11:05:00,7725,7725,7725,7725,74100
2022-11-01 11:06:00,7700,7675,7700,7700,249400
2022-11-01 11:07:00,7700,7700,7725,7725,12100
2022-11-01 11:08:00,7725,7725,7725,7725,19300
2022-11-01 11:09:00,7725,7725,7725,7725,1000
2022-11-01 11:10:00,7725,7725,7725,7725,2900
2022-11-01 11:11:00,7725,7725,7725,7725,0
2022-11-01 11:12:00,7725,7725,7725,7725,0
2022-11-01 11:13:00,7725,7725,7725,7725,0
2022-11-01 11:14:00,7725,7725,7725,7725,22500
2022-11-01 11:15:00,7725,7700,7725,7700,21900
2022-11-01 11:16:00,7700,7700,7700,7700,29200
2022-11-01 11:17:00,7700,7675,7700,7700,0
2022-11-01 11:18:00,7700,7700,7700,7700,2100
2022-11-01 11:19:00,7700,7700,7700,7700,0
2022-11-01 11:20:00,7700,7700,7700,7700,0
2022-11-01 11:21:00,7700,7700,7700,7700,0
2022-11-01 11:22:00,7675,7675,7675,7675,1800
2022-11-01 11:23:00,7675,7650,7700,7675,94200
2022-11-01 11:24:00,7650,7650,7650,7650,10400
2022-11-01 11:25:00,7650,7650,7675,7675,10300
2022-11-01 11:26:00,7675,7650,7675,7650,400
2022-11-01 11:27:00,7650,7650,7650,7650,26200
2022-11-01 11:28:00,7650,7650,7675,7675,11700
2022-11-01 11:29:00,7650,7650,7675,7675,8700
2022-11-01 11:30:00,7650,7650,7675,7675,0
2022-11-01 11:31:00,7650,7650,7675,7675,0
2022-11-01 11:32:00,7650,7650,7675,7675,0
2022-11-01 11:33:00,7650,7650,7675,7675,0
2022-11-01 11:34:00,7650,7650,7675,7675,0
2022-11-01 11:35:00,7650,7650,7675,7675,0
2022-11-01 11:36:00,7650,7650,7675,7675,0
2022-11-01 11:37:00,7650,7650,7675,7675,0
2022-11-01 11:38:00,7650,7650,7675,7675,0
2022-11-01 11:39:00,7650,7650,7675,7675,0
2022-11-01 11:40:00,7650,7650,7675,7675,0
2022-11-01 11:41:00,7650,7650,7675,7675,0
2022-11-01 11:42:00,7650,7650,7675,7675,0
2022-11-01 11:43:00,7650,7650,7675,7675,0
2022-11-01 11:44:00,7650,7650,7675,7675,0
2022-11-01 11:45:00,7650,7650,7675,7675,0
2022-11-01 11:46:00,7650,7650,7675,7675,0
2022-11-01 11:47:00,7650,7650,7675,7675,0
2022-11-01 11:48:00,7650,7650,7675,7675,0
2022-11-01 11:49:00,7650,7650,7675,7675,0
2022-11-01 11:50:00,7650,7650,7675,7675,0
2022-11-01 11:51:00,7650,7650,7675,7675,0
2022-11-01 11:52:00,7650,7650,7675,7675,0
2022-11-01 11:53:00,7650,7650,7675,7675,0
2022-11-01 11:54:00,7650,7650,7675,7675,0
2022-11-01 11:55:00,7650,7650,7675,7675,0
2022-11-01 11:56:00,7650,7650,7675,7675,0
2022-11-01 11:57:00,7650,7650,7675,7675,0
2022-11-01 11:58:00,7650,7650,7675,7675,0
2022-11-01 11:59:00,7650,7650,7675,7675,0
2022-11-01 12:00:00,7650,7650,7675,7675,0
2022-11-01 12:01:00,7650,7650,7675,7675,0
2022-11-01 12:02:00,7650,7650,7675,7675,0
2022-11-01 12:03:00,7650,7650,7675,7675,0
2022-11-01 12:04:00,7650,7650,7675,7675,0
2022-11-01 12:05:00,7650,7650,7675,7675,0
2022-11-01 12:06:00,7650,7650,7675,7675,0
2022-11-01 12:07:00,7650,7650,7675,7675,0
2022-11-01 12:08:00,7650,7650,7675,7675,0
2022-11-01 12:09:00,7650,7650,7675,7675,0
2022-11-01 12:10:00,7650,7650,7675,7675,0
2022-11-01 12:11:00,7650,7650,7675,7675,0
2022-11-01 12:12:00,7650,7650,7675,7675,0
2022-11-01 12:13:00,7650,7650,7675,7675,0
2022-11-01 12:14:00,7650,7650,7675,7675,0
2022-11-01 12:15:00,7650,7650,7675,7675,0
2022-11-01 12:16:00,7650,7650,7675,7675,0
2022-11-01 12:17:00,7650,7650,7675,7675,0
2022-11-01 12:18:00,7650,7650,7675,7675,0
2022-11-01 12:19:00,7650,7650,7675,7675,0
2022-11-01 12:20:00,7650,7650,7675,7675,0
2022-11-01 12:21:00,7650,7650,7675,7675,0
2022-11-01 12:22:00,7650,7650,7675,7675,0
2022-11-01 12:23:00,7650,7650,7675,7675,0
2022-11-01 12:24:00,7650,7650,7675,7675,0
2022-11-01 12:25:00,7650,7650,7675,7675,0
2022-11-01 12:26:00,7650,7650,7675,7675,0
2022-11-01 12:27:00,7650,7650,7675,7675,0
2022-11-01 12:28:00,7650,7650,7675,7675,0
2022-11-01 12:29:00,7650,7650,7675,7675,0
2022-11-01 12:30:00,7650,7650,7675,7675,0
2022-11-01 12:31:00,7650,7650,7675,7675,0
2022-11-01 12:32:00,7650,7650,7675,7675,0
2022-11-01 12:33:00,7650,7650,7675,7675,0
2022-11-01 12:34:00,7650,7650,7675,7675,0
2022-11-01 12:35:00,7650,7650,7675,7675,0
2022-11-01 12:36:00,7650,7650,7675,7675,0
2022-11-01 12:37:00,7650,7650,7675,7675,0
2022-11-01 12:38:00,7650,7650,7675,7675,0
2022-11-01 12:39:00,7650,7650,7675,7675,0
2022-11-01 12:40:00,7650,7650,7675,7675,0
2022-11-01 12:41:00,7650,7650,7675,7675,0
2022-11-01 12:42:00,7650,7650,7675,7675,0
2022-11-01 12:43:00,7650,7650,7675,7675,0
2022-11-01 12:44:00,7650,7650,7675,7675,0
2022-11-01 12:45:00,7650,7650,7675,7675,0
2022-11-01 12:46:00,7650,7650,7675,7675,0
2022-11-01 12:47:00,7650,7650,7675,7675,0
2022-11-01 12:48:00,7650,7650,7675,7675,0
2022-11-01 12:49:00,7650,7650,7675,7675,0
2022-11-01 12:50:00,7650,7650,7675,7675,0
2022-11-01 12:51:00,7650,7650,7675,7675,0
2022-11-01 12:52:00,7650,7650,7675,7675,0
2022-11-01 12:53:00,7650,7650,7675,7675,0
2022-11-01 12:54:00,7650,7650,7675,7675,0
2022-11-01 12:55:00,7650,7650,7675,7675,0
2022-11-01 12:56:00,7650,7650,7675,7675,0
2022-11-01 12:57:00,7650,7650,7675,7675,0
2022-11-01 12:58:00,7650,7650,7675,7675,0
2022-11-01 12:59:00,7650,7650,7675,7675,0
2022-11-01 13:00:00,7650,7650,7675,7675,0
2022-11-01 13:01:00,7650,7650,7675,7675,0
2022-11-01 13:02:00,7650,7650,7675,7675,0
2022-11-01 13:03:00,7650,7650,7675,7675,0
2022-11-01 13:04:00,7650,7650,7675,7675,0
2022-11-01 13:05:00,7650,7650,7675,7675,0
2022-11-01 13:06:00,7650,7650,7675,7675,0
2022-11-01 13:07:00,7650,7650,7675,7675,0
2022-11-01 13:08:00,7650,7650,7675,7675,0
2022-11-01 13:09:00,7650,7650,7675,7675,0
2022-11-01 13:10:00,7650,7650,7675,7675,0
2022-11-01 13:11:00,7650,7650,7675,7675,0
2022-11-01 13:12:00,7650,7650,7675,7675,0
2022-11-01 13:13:00,7650,7650,7675,7675,0
2022-11-01 13:14:00,7650,7650,7675,7675,0
2022-11-01 13:15:00,7650,7650,7675,7675,0
2022-11-01 13:16:00,7650,7650,7675,7675,0
2022-11-01 13:17:00,7650,7650,7675,7675,0
2022-11-01 13:18:00,7650,7650,7675,7675,0
2022-11-01 13:19:00,7650,7650,7675,7675,0
2022-11-01 13:20:00,7650,7650,7675,7675,0
2022-11-01 13:21:00,7650,7650,7675,7675,0
2022-11-01 13:22:00,7650,7650,7675,7675,0
2022-11-01 13:23:00,7650,7650,7675,7675,0
2022-11-01 13:24:00,7650,7650,7675,7675,0
2022-11-01 13:25:00,7650,7650,7675,7675,0
2022-11-01 13:26:00,7650,7650,7675,7675,0
2022-11-01 13:27:00,7650,7650,7675,7675,0
2022-11-01 13:28:00,7650,7650,7675,7675,0
2022-11-01 13:29:00,7650,7650,7675,7675,0
2022-11-01 13:30:00,7675,7650,7700,7675,68800
2022-11-01 13:31:00,7675,7650,7675,7675,10600
2022-11-01 13:32:00,7675,7675,7675,7675,0
2022-11-01 13:33:00,7675,7650,7675,7650,2200
2022-11-01 13:34:00,7650,7650,7650,7650,55200
2022-11-01 13:35:00,7650,7650,7650,7650,3700
2022-11-01 13:36:00,7650,7650,7650,7650,0
2022-11-01 13:37:00,7650,7650,7675,7650,1800
2022-11-01 13:38:00,7650,7650,7675,7675,1900
2022-11-01 13:39:00,7675,7675,7675,7675,1900
2022-11-01 13:40:00,7675,7675,7675,7675,2700
2022-11-01 13:41:00,7675,7650,7675,7675,14700
2022-11-01 13:42:00,7675,7650,7675,7675,5500
2022-11-01 13:43:00,7675,7650,7675,7650,87900
2022-11-01 13:44:00,7650,7625,7650,7650,10900
2022-11-01 13:45:00,7650,7625,7650,7625,9500
2022-11-01 13:46:00,7625,7625,7650,7650,9600
2022-11-01 13:47:00,7625,7625,7650,7650,26700
2022-11-01 13:48:00,7650,7650,7650,7650,41700
2022-11-01 13:49:00,7650,7625,7650,7625,110300
2022-11-01 13:50:00,7600,7600,7625,7600,12400
2022-11-01 13:51:00,7600,7600,7625,7625,1100
2022-11-01 13:52:00,7600,7600,7625,7600,9400
2022-11-01 13:53:00,7600,7600,7600,7600,141700
2022-11-01 13:54:00,7600,7550,7600,7550,236200
2022-11-01 13:55:00,7550,7550,7575,7575,134500
2022-11-01 13:56:00,7575,7575,7600,7600,57700
2022-11-01 13:57:00,7600,7600,7600,7600,34900
2022-11-01 13:58:00,7600,7600,7600,7600,11700
2022-11-01 13:59:00,7625,7625,7625,7625,900
2022-11-01 14:00:00,7600,7600,7600,7600,18600
2022-11-01 14:01:00,7600,7600,7600,7600,0
2022-11-01 14:02:00,7600,7600,7600,7600,3800
2022-11-01 14:03:00,7600,7600,7600,7600,23200
2022-11-01 14:04:00,7600,7600,7600,7600,80200
2022-11-01 14:05:00,7600,7575,7600,7575,26400
2022-11-01 14:06:00,7600,7575,7600,7600,58900
2022-11-01 14:07:00,7600,7600,7625,7600,3600
2022-11-01 14:08:00,7600,7600,7625,7600,0
2022-11-01 14:09:00,7625,7625,7625,7625,14800
2022-11-01 14:10:00,7625,7625,7625,7625,300
2022-11-01 14:11:00,7625,7625,7625,7625,24100
2022-11-01 14:12:00,7600,7600,7650,7650,48600
2022-11-01 14:13:00,7650,7650,7650,7650,18100
2022-11-01 14:14:00,7650,7650,7650,7650,64600
2022-11-01 14:15:00,7675,7650,7675,7650,7400
2022-11-01 14:16:00,7625,7625,7625,7625,1800
2022-11-01 14:17:00,7650,7650,7650,7650,7000
2022-11-01 14:18:00,7650,7650,7650,7650,25000
2022-11-01 14:19:00,7650,7625,7650,7625,1100
2022-11-01 14:20:00,7650,7625,7650,7625,4700
2022-11-01 14:21:00,7650,7650,7650,7650,0
2022-11-01 14:22:00,7650,7650,7650,7650,1900
2022-11-01 14:23:00,7650,7650,7650,7650,1500
2022-11-01 14:24:00,7650,7650,7650,7650,2200
2022-11-01 14:25:00,7650,7650,7650,7650,800
2022-11-01 14:26:00,7650,7650,7675,7675,22800
2022-11-01 14:27:00,7675,7650,7700,7675,37400
2022-11-01 14:28:00,7700,7700,7700,7700,8800
2022-11-01 14:29:00,7700,7700,7700,7700,1500
2022-11-01 14:30:00,7700,7700,7700,7700,7200
2022-11-01 14:31:00,7700,7700,7725,7725,41300
2022-11-01 14:32:00,7725,7725,7725,7725,6100
2022-11-01 14:33:00,7725,7700,7725,7700,4400
2022-11-01 14:34:00,7725,7700,7750,7750,75200
2022-11-01 14:35:00,7750,7725,7750,7725,28500
2022-11-01 14:36:00,7750,7725,7750,7725,4800
2022-11-01 14:37:00,7725,7725,7750,7725,3800
2022-11-01 14:38:00,7725,7700,7750,7700,9400
2022-11-01 14:39:00,7725,7700,7750,7700,49100
2022-11-01 14:40:00,7725,7725,7725,7725,35700
2022-11-01 14:41:00,7725,7725,7725,7725,1700
2022-11-01 14:42:00,7700,7700,7725,7725,20500
2022-11-01 14:43:00,7700,7700,7725,7700,12100
2022-11-01 14:44:00,7725,7725,7725,7725,4200
2022-11-01 14:45:00,7725,7700,7725,7725,9700
2022-11-01 14:46:00,7725,7700,7725,7725,9600
2022-11-01 14:47:00,7725,7700,7725,7700,9800
2022-11-01 14:48:00,7700,7700,7725,7725,14500
2022-11-01 14:49:00,7725,7675,7725,7675,25200
2022-11-01 14:50:00,7725,7675,7725,7675,0
2022-11-01 14:51:00,7725,7675,7725,7675,0
2022-11-01 14:52:00,7725,7675,7725,7675,0
2022-11-01 14:53:00,7725,7675,7725,7675,0
2022-11-01 14:54:00,7725,7675,7725,7675,0
2022-11-01 14:55:00,7725,7675,7725,7675,0
2022-11-01 14:56:00,7725,7675,7725,7675,0
2022-11-01 14:57:00,7725,7675,7725,7675,0
2022-11-01 14:58:00,7725,7675,7725,7675,0
2022-11-01 14:59:00,7725,7675,7725,7675,0
2022-11-01 15:00:00,7650,7650,7650,7650,66800
2022-11-01 15:01:00,7650,7650,7650,7650,6600
2022-11-01 15:02:00,7650,7650,7650,7650,9100
2022-11-01 15:03:00,7650,7650,7650,7650,21500
2022-11-01 15:04:00,7650,7650,7650,7650,0
2022-11-01 15:05:00,7650,7650,7650,7650,700
2022-11-01 15:06:00,7650,7650,7650,7650,400
2022-11-01 15:07:00,7650,7650,7650,7650,0
2022-11-01 15:08:00,7650,7650,7650,7650,1600
2022-11-01 15:09:00,7650,7650,7650,7650,1800
2022-11-01 15:10:00,7650,7650,7650,7650,0
2022-11-01 15:11:00,7650,7650,7650,7650,1200
2022-11-01 15:12:00,7650,7650,7650,7650,4000
2022-11-01 15:13:00,7650,7650,7650,7650,0
2022-11-01 15:14:00,7650,7650,7650,7650,3962400
2022-11-01 15:15:00,7650,7650,7650,7650,0
2022-11-01 15:16:00,7650,7650,7650,7650,0
2022-11-01 15:17:00,7650,7650,7650,7650,0
2022-11-01 15:18:00,7650,7650,7650,7650,0
2022-11-01 15:19:00,7650,7650,7650,7650,0
2022-11-01 15:20:00,7650,7650,7650,7650,0
2022-11-01 15:21:00,7650,7650,7650,7650,0
2022-11-01 15:22:00,7650,7650,7650,7650,0
2022-11-01 15:23:00,7650,7650,7650,7650,0
2022-11-01 15:24:00,7650,7650,7650,7650,0
2022-11-01 15:25:00,7650,7650,7650,7650,0
2022-11-01 15:26:00,7650,7650,7650,7650,0
2022-11-01 15:27:00,7650,7650,7650,7650,0
2022-11-01 15:28:00,7650,7650,7650,7650,0
2022-11-01 15:29:00,7650,7650,7650,7650,0
2022-11-01 15:30:00,7650,7650,7650,7650,0
2022-11-01 15:31:00,7650,7650,7650,7650,0
2022-11-01 15:32:00,7650,7650,7650,7650,0
2022-11-01 15:33:00,7650,7650,7650,7650,0
2022-11-01 15:34:00,7650,7650,7650,7650,0
2022-11-01 15:35:00,7650,7650,7650,7650,0
2022-11-01 15:36:00,7650,7650,7650,7650,0
2022-11-01 15:37:00,7650,7650,7650,7650,0
2022-11-01 15:38:00,7650,7650,7650,7650,0
2022-11-01 15:39:00,7650,7650,7650,7650,0
2022-11-01 15:40:00,7650,7650,7650,7650,0
2022-11-01 15:41:00,7650,7650,7650,7650,0
2022-11-01 15:42:00,7650,7650,7650,7650,0
2022-11-01 15:43:00,7650,7650,7650,7650,0
2022-11-01 15:44:00,7650,7650,7650,7650,0
2022-11-01 15:45:00,7650,7650,7650,7650,0
2022-11-01 15:46:00,7650,7650,7650,7650,0
2022-11-01 15:47:00,7650,7650,7650,7650,0
2022-11-01 15:48:00,7650,7650,7650,7650,0
2022-11-01 15:49:00,7650,7650,7650,7650,0
2022-11-01 15:50:00,7650,7650,7650,7650,0
2022-11-01 15:51:00,7650,7650,7650,7650,0
2022-11-01 15:52:00,7650,7650,7650,7650,0
2022-11-01 15:53:00,7650,7650,7650,7650,0
2022-11-01 15:54:00,7650,7650,7650,7650,0
2022-11-01 15:55:00,7650,7650,7650,7650,0
2022-11-01 15:56:00,7650,7650,7650,7650,0
2022-11-01 15:57:00,7650,7650,7650,7650,0
2022-11-01 15:58:00,7650,7650,7650,7650,0
2022-11-01 15:59:00,7650,7650,7650,7650,0
2022-11-02 09:00:00,7650,7650,7675,7675,0
2022-11-02 09:01:00,7675,7675,7725,7725,24400
2022-11-02 09:02:00,7725,7700,7725,7700,13900
2022-11-02 09:03:00,7725,7725,7725,7725,2900
2022-11-02 09:04:00,7725,7700,7725,7700,10500
2022-11-02 09:05:00,7700,7700,7700,7700,13300
2022-11-02 09:06:00,7700,7700,7725,7725,15400
2022-11-02 09:07:00,7725,7675,7750,7700,203900
2022-11-02 09:08:00,7700,7675,7700,7675,0
2022-11-02 09:09:00,7675,7650,7675,7650,223100
2022-11-02 09:10:00,7675,7675,7675,7675,0
2022-11-02 09:11:00,7700,7675,7700,7675,97000
2022-11-02 09:12:00,7675,7675,7675,7675,0
2022-11-02 09:13:00,7675,7675,7675,7675,0
2022-11-02 09:14:00,7675,7675,7675,7675,700
2022-11-02 09:15:00,7675,7675,7675,7675,0
2022-11-02 09:16:00,7675,7675,7675,7675,5500
2022-11-02 09:17:00,7675,7675,7675,7675,0
2022-11-02 09:18:00,7700,7700,7725,7725,23900
2022-11-02 09:19:00,7725,7700,7725,7700,6200
2022-11-02 09:20:00,7700,7650,7700,7650,78100
2022-11-02 09:21:00,7700,7650,7700,7650,0
2022-11-02 09:22:00,7650,7650,7650,7650,87500
2022-11-02 09:23:00,7650,7625,7650,7650,80400
2022-11-02 09:24:00,7650,7625,7650,7625,30900
2022-11-02 09:25:00,7625,7625,7625,7625,3200
2022-11-02 09:26:00,7625,7625,7650,7650,13600
2022-11-02 09:27:00,7650,7650,7650,7650,1400
2022-11-02 09:28:00,7675,7650,7675,7675,33300
2022-11-02 09:29:00,7675,7675,7675,7675,3700
2022-11-02 09:30:00,7675,7675,7700,7700,6500
2022-11-02 09:31:00,7700,7700,7700,7700,47000
2022-11-02 09:32:00,7700,7700,7700,7700,0
2022-11-02 09:33:00,7700,7700,7725,7700,62600
2022-11-02 09:34:00,7700,7700,7725,7725,30800
2022-11-02 09:35:00,7725,7725,7725,7725,31200
2022-11-02 09:36:00,7725,7725,7725,7725,61000
2022-11-02 09:37:00,7725,7725,7725,7725,0
2022-11-02 09:38:00,7725,7725,7725,7725,0
2022-11-02 09:39:00,7700,7700,7700,7700,14900
2022-11-02 09:40:00,7700,7675,7700,7675,15600
2022-11-02 09:41:00,7675,7675,7700,7700,21600
2022-11-02 09:42:00,7700,7700,7700,7700,5300
2022-11-02 09:43:00,7700,7700,7725,7700,15400
2022-11-02 09:44:00,7700,7700,7725,7700,0
2022-11-02 09:45:00,7700,7700,7700,7700,1500
2022-11-02 09:46:00,7700,7700,7725,7725,2600
2022-11-02 09:47:00,7700,7700,7725,7725,0
2022-11-02 09:48:00,7700,7700,7725,7725,0
2022-11-02 09:49:00,7700,7700,7725,7725,0
2022-11-02 09:50:00,7725,7700,7725,7725,7500
2022-11-02 09:51:00,7725,7725,7725,7725,0
2022-11-02 09:52:00,7725,7725,7725,7725,1800
2022-11-02 09:53:00,7725,7725,7725,7725,1600
2022-11-02 09:54:00,7725,7700,7725,7700,1500
2022-11-02 09:55:00,7700,7700,7700,7700,4700
2022-11-02 09:56:00,7725,7725,7725,7725,4900
2022-11-02 09:57:00,7700,7700,7700,7700,25200
2022-11-02 09:58:00,7725,7725,7725,7725,0
2022-11-02 09:59:00,7700,7700,7700,7700,11900
2022-11-02 10:00:00,7725,7725,7725,7725,7400
2022-11-02 10:01:00,7725,7725,7725,7725,0
2022-11-02 10:02:00,7700,7700,7725,7725,17800
2022-11-02 10:03:00,7700,7700,7725,7725,0
2022-11-02 10:04:00,7725,7700,7725,7700,53000
2022-11-02 10:05:00,7725,7700,7725,7700,0
2022-11-02 10:06:00,7700,7700,7700,7700,31600
2022-11-02 10:07:00,7700,7700,7700,7700,0
2022-11-02 10:08:00,7700,7700,7700,7700,10000
2022-11-02 10:09:00,7700,7700,7700,7700,2300
2022-11-02 10:10:00,7700,7675,7700,7675,1800
2022-11-02 10:11:00,7675,7675,7675,7675,4200
2022-11-02 10:12:00,7675,7675,7675,7675,0
2022-11-02 10:13:00,7675,7675,7675,7675,0
2022-11-02 10:14:00,7675,7675,7700,7700,4800
2022-11-02 10:15:00,7675,7675,7700,7700,0
2022-11-02 10:16:00,7700,7700,7700,7700,1200
2022-11-02 10:17:00,7675,7675,7675,7675,0
2022-11-02 10:18:00,7675,7675,7700,7700,6500
2022-11-02 10:19:00,7700,7675,7700,7675,42400
2022-11-02 10:20:00,7700,7700,7700,7700,2900
2022-11-02 10:21:00,7675,7675,7700,7700,0
2022-11-02 10:22:00,7700,7675,7725,7725,17600
2022-11-02 10:23:00,7725,7725,7725,7725,2200
2022-11-02 10:24:00,7725,7725,7725,7725,100
2022-11-02 10:25:00,7700,7700,7700,7700,2500
2022-11-02 10:26:00,7700,7700,7700,7700,7200
2022-11-02 10:27:00,7700,7700,7700,7700,2200
2022-11-02 10:28:00,7700,7700,7700,7700,24900
2022-11-02 10:29:00,7725,7725,7725,7725,1700
2022-11-02 10:30:00,7725,7725,7725,7725,0
2022-11-02 10:31:00,7725,7725,7725,7725,0
2022-11-02 10:32:00,7725,7725,7725,7725,0
2022-11-02 10:33:00,7725,7725,7725,7725,1900
2022-11-02 10:34:00,7725,7725,7725,7725,0
2022-11-02 10:35:00,7725,7700,7725,7700,16400
2022-11-02 10:36:00,7725,7725,7725,7725,1600
2022-11-02 10:37:00,7725,7700,7725,7700,4200
2022-11-02 10:38:00,7700,7700,7700,7700,2200
2022-11-02 10:39:00,7700,7700,7725,7725,7000
2022-11-02 10:40:00,7725,7725,7725,7725,0
2022-11-02 10:41:00,7725,7725,7725,7725,307700
2022-11-02 10:42:00,7750,7750,7750,7750,0
2022-11-02 10:43:00,7750,7750,7750,7750,0
2022-11-02 10:44:00,7750,7725,7750,7725,248700
2022-11-02 10:45:00,7725,7700,7725,7700,147300
2022-11-02 10:46:00,7700,7700,7700,7700,0
2022-11-02 10:47:00,7700,7700,7725,7725,13500
2022-11-02 10:48:00,7725,7725,7725,7725,1100
2022-11-02 10:49:00,7725,7725,7725,7725,0
2022-11-02 10:50:00,7725,7725,7725,7725,0
2022-11-02 10:51:00,7725,7725,7725,7725,0
2022-11-02 10:52:00,7725,7725,7725,7725,1500
2022-11-02 10:53:00,7725,7725,7725,7725,800
2022-11-02 10:54:00,7725,7725,7725,7725,1800
2022-11-02 10:55:00,7725,7725,7725,7725,600
2022-11-02 10:56:00,7725,7725,7725,7725,300
2022-11-02 10:57:00,7725,7700,7725,7725,3800
2022-11-02 10:58:00,7725,7725,7725,7725,3600
2022-11-02 10:59:00,7725,7700,7725,7725,9600
2022-11-02 11:00:00,7725,7725,7725,7725,0
2022-11-02 11:01:00,7725,7725,7725,7725,800
2022-11-02 11:02:00,7725,7725,7725,7725,400
2022-11-02 11:03:00,7700,7700,7725,7725,700
2022-11-02 11:04:00,7725,7725,7725,7725,43200
2022-11-02 11:05:00,7725,7725,7725,7725,48100
2022-11-02 11:06:00,7725,7725,7725,7725,1400
2022-11-02 11:07:00,7725,7725,7725,7725,14900
2022-11-02 11:08:00,7725,7725,7725,7725,1600
2022-11-02 11:09:00,7725,7725,7725,7725,0
2022-11-02 11:10:00,7725,7725,7725,7725,2400
2022-11-02 11:11:00,7725,7725,7725,7725,900
2022-11-02 11:12:00,7725,7700,7725,7700,4000
2022-11-02 11:13:00,7725,7725,7725,7725,0
2022-11-02 11:14:00,7725,7725,7725,7725,3200
2022-11-02 11:15:00,7725,7725,7725,7725,3500
2022-11-02 11:16:00,7725,7700,7725,7725,0
2022-11-02 11:17:00,7725,7725,7725,7725,44100
2022-11-02 11:18:00,7725,7725,7725,7725,6900
2022-11-02 11:19:00,7725,7725,7725,7725,0
2022-11-02 11:20:00,7725,7725,7725,7725,4700
2022-11-02 11:21:00,7725,7725,7725,7725,1600
2022-11-02 11:22:00,7725,7725,7725,7725,0
2022-11-02 11:23:00,7725,7725,7725,7725,1000
2022-11-02 11:24:00,7725,7725,7725,7725,800
2022-11-02 11:25:00,7725,7725,7725,7725,1600
2022-11-02 11:26:00,7725,7725,7725,7725,200
2022-11-02 11:27:00,7725,7725,7725,7725,2700
2022-11-02 11:28:00,7725,7725,7725,7725,10100
2022-11-02 11:29:00,7725,7725,7725,7725,0
2022-11-02 11:30:00,7725,7725,7725,7725,0
2022-11-02 11:31:00,7725,7725,7725,7725,0
2022-11-02 11:32:00,7725,7725,7725,7725,0
2022-11-02 11:33:00,7725,7725,7725,7725,0
2022-11-02 11:34:00,7725,7725,7725,7725,0
2022-11-02 11:35:00,7725,7725,7725,7725,0
2022-11-02 11:36:00,7725,7725,7725,7725,0
2022-11-02 11:37:00,7725,7725,7725,7725,0
2022-11-02 11:38:00,7725,7725,7725,7725,0
2022-11-02 11:39:00,7725,7725,7725,7725,0
2022-11-02 11:40:00,7725,7725,7725,7725,0
2022-11-02 11:41:00,7725,7725,7725,7725,0
2022-11-02 11:42:00,7725,7725,7725,7725,0
2022-11-02 11:43:00,7725,7725,7725,7725,0
2022-11-02 11:44:00,7725,7725,7725,7725,0
2022-11-02 11:45:00,7725,7725,7725,7725,0
2022-11-02 11:46:00,7725,7725,7725,7725,0
2022-11-02 11:47:00,7725,7725,7725,7725,0
2022-11-02 11:48:00,7725,7725,7725,7725,0
2022-11-02 11:49:00,7725,7725,7725,7725,0
2022-11-02 11:50:00,7725,7725,7725,7725,0
2022-11-02 11:51:00,7725,7725,7725,7725,0
2022-11-02 11:52:00,7725,7725,7725,7725,0
2022-11-02 11:53:00,7725,7725,7725,7725,0
2022-11-02 11:54:00,7725,7725,7725,7725,0
2022-11-02 11:55:00,7725,7725,7725,7725,0
2022-11-02 11:56:00,7725,7725,7725,7725,0
2022-11-02 11:57:00,7725,7725,7725,7725,0
2022-11-02 11:58:00,7725,7725,7725,7725,0
2022-11-02 11:59:00,7725,7725,7725,7725,0
2022-11-02 12:00:00,7725,7725,7725,7725,0
2022-11-02 12:01:00,7725,7725,7725,7725,0
2022-11-02 12:02:00,7725,7725,7725,7725,0
2022-11-02 12:03:00,7725,7725,7725,7725,0
2022-11-02 12:04:00,7725,7725,7725,7725,0
2022-11-02 12:05:00,7725,7725,7725,7725,0
2022-11-02 12:06:00,7725,7725,7725,7725,0
2022-11-02 12:07:00,7725,7725,7725,7725,0
2022-11-02 12:08:00,7725,7725,7725,7725,0
2022-11-02 12:09:00,7725,7725,7725,7725,0
2022-11-02 12:10:00,7725,7725,7725,7725,0
2022-11-02 12:11:00,7725,7725,7725,7725,0
2022-11-02 12:12:00,7725,7725,7725,7725,0
2022-11-02 12:13:00,7725,7725,7725,7725,0
2022-11-02 12:14:00,7725,7725,7725,7725,0
2022-11-02 12:15:00,7725,7725,7725,7725,0
2022-11-02 12:16:00,7725,7725,7725,7725,0
2022-11-02 12:17:00,7725,7725,7725,7725,0
2022-11-02 12:18:00,7725,7725,7725,7725,0
2022-11-02 12:19:00,7725,7725,7725,7725,0
2022-11-02 12:20:00,7725,7725,7725,7725,0
2022-11-02 12:21:00,7725,7725,7725,7725,0
2022-11-02 12:22:00,7725,7725,7725,7725,0
2022-11-02 12:23:00,7725,7725,7725,7725,0
2022-11-02 12:24:00,7725,7725,7725,7725,0
2022-11-02 12:25:00,7725,7725,7725,7725,0
2022-11-02 12:26:00,7725,7725,7725,7725,0
2022-11-02 12:27:00,7725,7725,7725,7725,0
2022-11-02 12:28:00,7725,7725,7725,7725,0
2022-11-02 12:29:00,7725,7725,7725,7725,0
2022-11-02 12:30:00,7725,7725,7725,7725,0
2022-11-02 12:31:00,7725,7725,7725,7725,0
2022-11-02 12:32:00,7725,7725,7725,7725,0
2022-11-02 12:33:00,7725,7725,7725,7725,0
2022-11-02 12:34:00,7725,7725,7725,7725,0
2022-11-02 12:35:00,7725,7725,7725,7725,0
2022-11-02 12:36:00,7725,7725,7725,7725,0
2022-11-02 12:37:00,7725,7725,7725,7725,0
2022-11-02 12:38:00,7725,7725,7725,7725,0
2022-11-02 12:39:00,7725,7725,7725,7725,0
2022-11-02 12:40:00,7725,7725,7725,7725,0
2022-11-02 12:41:00,7725,7725,7725,7725,0
2022-11-02 12:42:00,7725,7725,7725,7725,0
2022-11-02 12:43:00,7725,7725,7725,7725,0
2022-11-02 12:44:00,7725,7725,7725,7725,0
2022-11-02 12:45:00,7725,7725,7725,7725,0
2022-11-02 12:46:00,7725,7725,7725,7725,0
2022-11-02 12:47:00,7725,7725,7725,7725,0
2022-11-02 12:48:00,7725,7725,7725,7725,0
2022-11-02 12:49:00,7725,7725,7725,7725,0
2022-11-02 12:50:00,7725,7725,7725,7725,0
2022-11-02 12:51:00,7725,7725,7725,7725,0
2022-11-02 12:52:00,7725,7725,7725,7725,0
2022-11-02 12:53:00,7725,7725,7725,7725,0
2022-11-02 12:54:00,7725,7725,7725,7725,0
2022-11-02 12:55:00,7725,7725,7725,7725,0
2022-11-02 12:56:00,7725,7725,7725,7725,0
2022-11-02 12:57:00,7725,7725,7725,7725,0
2022-11-02 12:58:00,7725,7725,7725,7725,0
2022-11-02 12:59:00,7725,7725,7725,7725,0
2022-11-02 13:00:00,7725,7725,7725,7725,0
2022-11-02 13:01:00,7725,7725,7725,7725,0
2022-11-02 13:02:00,7725,7725,7725,7725,0
2022-11-02 13:03:00,7725,7725,7725,7725,0
2022-11-02 13:04:00,7725,7725,7725,7725,0
2022-11-02 13:05:00,7725,7725,7725,7725,0
2022-11-02 13:06:00,7725,7725,7725,7725,0
2022-11-02 13:07:00,7725,7725,7725,7725,0
2022-11-02 13:08:00,7725,7725,7725,7725,0
2022-11-02 13:09:00,7725,7725,7725,7725,0
2022-11-02 13:10:00,7725,7725,7725,7725,0
2022-11-02 13:11:00,7725,7725,7725,7725,0
2022-11-02 13:12:00,7725,7725,7725,7725,0
2022-11-02 13:13:00,7725,7725,7725,7725,0
2022-11-02 13:14:00,7725,7725,7725,7725,0
2022-11-02 13:15:00,7725,7725,7725,7725,0
2022-11-02 13:16:00,7725,7725,7725,7725,0
2022-11-02 13:17:00,7725,7725,7725,7725,0
2022-11-02 13:18:00,7725,7725,7725,7725,0
2022-11-02 13:19:00,7725,7725,7725,7725,0
2022-11-02 13:20:00,7725,7725,7725,7725,0
2022-11-02 13:21:00,7725,7725,7725,7725,0
2022-11-02 13:22:00,7725,7725,7725,7725,0
2022-11-02 13:23:00,7725,7725,7725,7725,0
2022-11-02 13:24:00,7725,7725,7725,7725,0
2022-11-02 13:25:00,7725,7725,7725,7725,0
2022-11-02 13:26:00,7725,7725,7725,7725,0
2022-11-02 13:27:00,7725,7725,7725,7725,0
2022-11-02 13:28:00,7725,7725,7725,7725,0
2022-11-02 13:29:00,7725,7725,7725,7725,0
2022-11-02 13:30:00,7725,7700,7725,7725,33100
2022-11-02 13:31:00,7725,7700,7725,7725,0
2022-11-02 13:32:00,7725,7725,7725,7725,3700
2022-11-02 13:33:00,7700,7700,7725,7725,2300
2022-11-02 13:34:00,7725,7700,7725,7700,1300
2022-11-02 13:35:00,7700,7700,7700,7700,600
2022-11-02 13:36:00,7725,7700,7725,7700,19300
2022-11-02 13:37:00,7700,7700,7725,7725,1500
2022-11-02 13:38:00,7725,7725,7725,7725,3700
2022-11-02 13:39:00,7700,7700,7700,7700,200
2022-11-02 13:40:00,7725,7725,7725,7725,5400
2022-11-02 13:41:00,7700,7700,7725,7725,49400
2022-11-02 13:42:00,7700,7700,7725,7725,1300
2022-11-02 13:43:00,7725,7725,7725,7725,13500
2022-11-02 13:44:00,7725,7725,7725,7725,31400
2022-11-02 13:45:00,7725,7725,7750,7750,107100
2022-11-02 13:46:00,7750,7725,7750,7750,7800
2022-11-02 13:47:00,7750,7750,7750,7750,3600
2022-11-02 13:48:00,7750,7750,7750,7750,12600
2022-11-02 13:49:00,7750,7750,7750,7750,15900
2022-11-02 13:50:00,7750,7750,7775,7750,201200
2022-11-02 13:51:00,7750,7750,7775,7775,1100
2022-11-02 13:52:00,7775,7775,7775,7775,3200
2022-11-02 13:53:00,7775,7775,7775,7775,9300
2022-11-02 13:54:00,7775,7750,7775,7750,3900
2022-11-02 13:55:00,7775,7750,7775,7750,64700
2022-11-02 13:56:00,7775,7750,7775,7775,23900
2022-11-02 13:57:00,7775,7750,7775,7750,122900
2022-11-02 13:58:00,7750,7750,7750,7750,3700
2022-11-02 13:59:00,7775,7750,7775,7750,6900
2022-11-02 14:00:00,7750,7750,7750,7750,17400
2022-11-02 14:01:00,7750,7750,7750,7750,0
2022-11-02 14:02:00,7775,7775,7775,7775,6600
2022-11-02 14:03:00,7750,7750,7775,7750,24500
2022-11-02 14:04:00,7750,7750,7775,7750,38100
2022-11-02 14:05:00,7750,7750,7750,7750,80700
2022-11-02 14:06:00,7725,7725,7750,7725,40100
2022-11-02 14:07:00,7725,7725,7725,7725,1500
2022-11-02 14:08:00,7725,7725,7775,7750,101400
2022-11-02 14:09:00,7775,7750,7775,7750,9500
2022-11-02 14:10:00,7775,7750,7775,7750,100
2022-11-02 14:11:00,7775,7775,7800,7800,218800
2022-11-02 14:12:00,7800,7775,7800,7800,31900
2022-11-02 14:13:00,7800,7800,7850,7850,550100
2022-11-02 14:14:00,7850,7825,7850,7850,157200
2022-11-02 14:15:00,7850,7850,7900,7875,185000
2022-11-02 14:16:00,7875,7875,7900,7875,124900
2022-11-02 14:17:00,7875,7850,7875,7875,21600
2022-11-02 14:18:00,7875,7850,7900,7850,195200
2022-11-02 14:19:00,7850,7850,7875,7875,44700
2022-11-02 14:20:00,7875,7875,7900,7900,56000
2022-11-02 14:21:00,7875,7875,7900,7875,24400
2022-11-02 14:22:00,7875,7875,7900,7900,12200
2022-11-02 14:23:00,7875,7875,7900,7875,27200
2022-11-02 14:24:00,7875,7875,7875,7875,105100
2022-11-02 14:25:00,7875,7850,7875,7850,35000
2022-11-02 14:26:00,7875,7850,7875,7850,9800
2022-11-02 14:27:00,7875,7875,7875,7875,14000
2022-11-02 14:28:00,7875,7875,7875,7875,2700
2022-11-02 14:29:00,7875,7875,7875,7875,22200
2022-11-02 14:30:00,7875,7850,7875,7875,53200
2022-11-02 14:31:00,7850,7850,7875,7850,47900
2022-11-02 14:32:00,7875,7850,7900,7875,42600
2022-11-02 14:33:00,7900,7875,7925,7925,480100
2022-11-02 14:34:00,7925,7900,7950,7925,127600
2022-11-02 14:35:00,7925,7925,7950,7925,61600
2022-11-02 14:36:00,7925,7925,7950,7950,44100
2022-11-02 14:37:00,7950,7900,7975,7950,383000
2022-11-02 14:38:00,7950,7950,7975,7975,14400
2022-11-02 14:39:00,7975,7950,8000,7975,313600
2022-11-02 14:40:00,8000,7975,8000,7975,75500
2022-11-02 14:41:00,8000,7975,8000,8000,86600
2022-11-02 14:42:00,8000,8000,8025,8025,549100
2022-11-02 14:43:00,8025,8000,8025,8025,43900
2022-11-02 14:44:00,8000,8000,8025,8025,75500
2022-11-02 14:45:00,8025,8000,8050,8025,36500
2022-11-02 14:46:00,8000,8000,8025,8000,17300
2022-11-02 14:47:00,8000,8000,8025,8000,43600
2022-11-02 14:48:00,8000,8000,8025,8000,131700
2022-11-02 14:49:00,8025,8000,8050,8050,570500
2022-11-02 14:50:00,8025,8000,8050,8050,0
2022-11-02 14:51:00,8025,8000,8050,8050,0
2022-11-02 14:52:00,8025,8000,8050,8050,0
2022-11-02 14:53:00,8025,8000,8050,8050,0
2022-11-02 14:54:00,8025,8000,8050,8050,0
2022-11-02 14:55:00,8025,8000,8050,8050,0
2022-11-02 14:56:00,8025,8000,8050,8050,0
2022-11-02 14:57:00,8025,8000,8050,8050,0
2022-11-02 14:58:00,8025,8000,8050,8050,0
2022-11-02 14:59:00,8025,8000,8050,8050,0
2022-11-02 15:00:00,8075,8075,8075,8075,589300
2022-11-02 15:01:00,8075,8075,8075,8075,41900
2022-11-02 15:02:00,8075,8075,8075,8075,35500
2022-11-02 15:03:00,8075,8075,8075,8075,24600
2022-11-02 15:04:00,8075,8075,8075,8075,5500
2022-11-02 15:05:00,8075,8075,8075,8075,24700
2022-11-02 15:06:00,8075,8075,8075,8075,13200
2022-11-02 15:07:00,8075,8075,8075,8075,21900
2022-11-02 15:08:00,8075,8075,8075,8075,50600
2022-11-02 15:09:00,8075,8075,8075,8075,5100
2022-11-02 15:10:00,8075,8075,8075,8075,2300
2022-11-02 15:11:00,8075,8075,8075,8075,3000
2022-11-02 15:12:00,8075,8075,8075,8075,30200
2022-11-02 15:13:00,8075,8075,8075,8075,0
2022-11-02 15:14:00,8075,8075,8075,8075,9518800
2022-11-02 15:15:00,8075,8075,8075,8075,0
2022-11-02 15:16:00,8075,8075,8075,8075,0
2022-11-02 15:17:00,8075,8075,8075,8075,0
2022-11-02 15:18:00,8075,8075,8075,8075,0
2022-11-02 15:19:00,8075,8075,8075,8075,0
2022-11-02 15:20:00,8075,8075,8075,8075,0
2022-11-02 15:21:00,8075,8075,8075,8075,0
2022-11-02 15:22:00,8075,8075,8075,8075,0
2022-11-02 15:23:00,8075,8075,8075,8075,0
2022-11-02 15:24:00,8075,8075,8075,8075,0
2022-11-02 15:25:00,8075,8075,8075,8075,0
2022-11-02 15:26:00,8075,8075,8075,8075,0
2022-11-02 15:27:00,8075,8075,8075,8075,0
2022-11-02 15:28:00,8075,8075,8075,8075,0
2022-11-02 15:29:00,8075,8075,8075,8075,0
2022-11-02 15:30:00,8075,8075,8075,8075,0
2022-11-02 15:31:00,8075,8075,8075,8075,0
2022-11-02 15:32:00,8075,8075,8075,8075,0
2022-11-02 15:33:00,8075,8075,8075,8075,0
2022-11-02 15:34:00,8075,8075,8075,8075,0
2022-11-02 15:35:00,8075,8075,8075,8075,0
2022-11-02 15:36:00,8075,8075,8075,8075,0
2022-11-02 15:37:00,8075,8075,8075,8075,0
2022-11-02 15:38:00,8075,8075,8075,8075,0
2022-11-02 15:39:00,8075,8075,8075,8075,0
2022-11-02 15:40:00,8075,8075,8075,8075,0
2022-11-02 15:41:00,8075,8075,8075,8075,0
2022-11-02 15:42:00,8075,8075,8075,8075,0
2022-11-02 15:43:00,8075,8075,8075,8075,0
2022-11-02 15:44:00,8075,8075,8075,8075,0
2022-11-02 15:45:00,8075,8075,8075,8075,0
2022-11-02 15:46:00,8075,8075,8075,8075,0
2022-11-02 15:47:00,8075,8075,8075,8075,0
2022-11-02 15:48:00,8075,8075,8075,8075,0
2022-11-02 15:49:00,8075,8075,8075,8075,0
2022-11-02 15:50:00,8075,8075,8075,8075,0
2022-11-02 15:51:00,8075,8075,8075,8075,0
2022-11-02 15:52:00,8075,8075,8075,8075,0
2022-11-02 15:53:00,8075,8075,8075,8075,0
2022-11-02 15:54:00,8075,8075,8075,8075,0
2022-11-02 15:55:00,8075,8075,8075,8075,0
2022-11-02 15:56:00,8075,8075,8075,8075,0
2022-11-02 15:57:00,8075,8075,8075,8075,0
2022-11-02 15:58:00,8075,8075,8075,8075,0
2022-11-02 15:59:00,8075,8075,8075,8075,0
2022-11-03 09:00:00,8075,8050,8100,8050,0
2022-11-03 09:01:00,8025,8025,8050,8050,45600
2022-11-03 09:02:00,8050,8000,8050,8000,77700
2022-11-03 09:03:00,8000,8000,8025,8000,49400
2022-11-03 09:04:00,7975,7975,8000,7975,14300
2022-11-03 09:05:00,7975,7975,7975,7975,12900
2022-11-03 09:06:00,8000,7975,8050,8025,120200
2022-11-03 09:07:00,8050,8025,8075,8050,39600
2022-11-03 09:08:00,8075,8025,8075,8025,51800
2022-11-03 09:09:00,8050,8025,8050,8050,8900
2022-11-03 09:10:00,8050,8025,8075,8075,29800
2022-11-03 09:11:00,8050,8050,8050,8050,2500
2022-11-03 09:12:00,8050,8025,8050,8050,10900
2022-11-03 09:13:00,8050,8050,8050,8050,10500
2022-11-03 09:14:00,8050,8025,8050,8025,40900
2022-11-03 09:15:00,8025,8000,8025,8025,5600
2022-11-03 09:16:00,8025,8000,8050,8050,11400
2022-11-03 09:17:00,8025,8025,8075,8050,60600
2022-11-03 09:18:00,8075,8075,8100,8100,96500
2022-11-03 09:19:00,8125,8100,8125,8125,13100
2022-11-03 09:20:00,8100,8100,8125,8100,48600
2022-11-03 09:21:00,8100,8075,8100,8075,60100
2022-11-03 09:22:00,8050,8050,8075,8050,16700
2022-11-03 09:23:00,8075,8075,8100,8100,31100
2022-11-03 09:24:00,8100,8100,8100,8100,33300
2022-11-03 09:25:00,8100,8100,8125,8100,24300
2022-11-03 09:26:00,8125,8100,8150,8150,202900
2022-11-03 09:27:00,8150,8125,8150,8125,9500
2022-11-03 09:28:00,8125,8125,8150,8150,4000
2022-11-03 09:29:00,8150,8125,8150,8150,24000
2022-11-03 09:30:00,8150,8125,8150,8125,66600
2022-11-03 09:31:00,8100,8100,8125,8100,72800
2022-11-03 09:32:00,8100,8100,8100,8100,12700
2022-11-03 09:33:00,8100,8100,8100,8100,0
2022-11-03 09:34:00,8100,8075,8100,8100,32000
2022-11-03 09:35:00,8100,8100,8100,8100,17500
2022-11-03 09:36:00,8100,8075,8100,8100,75800
2022-11-03 09:37:00,8100,8100,8100,8100,27600
2022-11-03 09:38:00,8100,8075,8100,8075,4100
2022-11-03 09:39:00,8100,8075,8125,8125,159700
2022-11-03 09:40:00,8125,8125,8125,8125,37400
2022-11-03 09:41:00,8125,8125,8125,8125,1300
2022-11-03 09:42:00,8125,8125,8125,8125,5500
2022-11-03 09:43:00,8125,8125,8125,8125,500
2022-11-03 09:44:00,8125,8100,8150,8125,132400
2022-11-03 09:45:00,8125,8125,8125,8125,17400
2022-11-03 09:46:00,8125,8125,8125,8125,60800
2022-11-03 09:47:00,8125,8100,8125,8125,0
2022-11-03 09:48:00,8125,8100,8125,8125,5300
2022-11-03 09:49:00,8100,8100,8125,8100,92600
2022-11-03 09:50:00,8100,8100,8100,8100,25700
2022-11-03 09:51:00,8100,8100,8100,8100,28800
2022-11-03 09:52:00,8075,8075,8100,8100,300
2022-11-03 09:53:00,8100,8100,8100,8100,300
2022-11-03 09:54:00,8075,8075,8075,8075,23400
2022-11-03 09:55:00,8075,8075,8075,8075,124600
2022-11-03 09:56:00,8075,8025,8075,8025,282100
2022-11-03 09:57:00,8025,8000,8025,8025,131100
2022-11-03 09:58:00,8050,8025,8050,8050,3600
2022-11-03 09:59:00,8025,8025,8025,8025,27300
2022-11-03 10:00:00,8000,8000,8025,8025,23000
2022-11-03 10:01:00,8025,8000,8025,8000,0
2022-11-03 10:02:00,8000,8000,8000,8000,7300
2022-11-03 10:03:00,8000,7950,8000,8000,220400
2022-11-03 10:04:00,8000,7925,8000,7950,90900
2022-11-03 10:05:00,7950,7950,7975,7975,30100
2022-11-03 10:06:00,7975,7950,7975,7975,20900
2022-11-03 10:07:00,8000,7975,8000,7975,19900
2022-11-03 10:08:00,7975,7975,7975,7975,2600
2022-11-03 10:09:00,7975,7975,8000,8000,7700
2022-11-03 10:10:00,8000,8000,8000,8000,15700
2022-11-03 10:11:00,8025,8025,8025,8025,13100
2022-11-03 10:12:00,8025,8025,8025,8025,3800
2022-11-03 10:13:00,8025,8025,8025,8025,4600
2022-11-03 10:14:00,8025,8025,8025,8025,2500
2022-11-03 10:15:00,8025,8025,8050,8050,23000
2022-11-03 10:16:00,8050,8025,8050,8025,1100
2022-11-03 10:17:00,8050,8050,8050,8050,30300
2022-11-03 10:18:00,8050,8050,8050,8050,4200
2022-11-03 10:19:00,8025,8025,8025,8025,0
2022-11-03 10:20:00,8025,8025,8025,8025,1900
2022-11-03 10:21:00,8025,8025,8025,8025,1700
2022-11-03 10:22:00,8025,8025,8025,8025,12700
2022-11-03 10:23:00,8025,8000,8025,8000,7300
2022-11-03 10:24:00,8025,8025,8025,8025,0
2022-11-03 10:25:00,8000,8000,8000,8000,13700
2022-11-03 10:26:00,8000,8000,8000,8000,6200
2022-11-03 10:27:00,8000,8000,8000,8000,9200
2022-11-03 10:28:00,8000,8000,8025,8025,50000
2022-11-03 10:29:00,8025,8025,8025,8025,10000
2022-11-03 10:30:00,8025,8025,8025,8025,0
2022-11-03 10:31:00,8025,8025,8025,8025,12200
2022-11-03 10:32:00,8025,8025,8025,8025,0
2022-11-03 10:33:00,8050,8050,8050,8050,100
2022-11-03 10:34:00,8000,8000,8000,8000,1900
2022-11-03 10:35:00,8025,8025,8025,8025,25300
2022-11-03 10:36:00,8025,8025,8025,8025,7800
2022-11-03 10:37:00,8025,8025,8025,8025,500
2022-11-03 10:38:00,8000,8000,8000,8000,700
2022-11-03 10:39:00,8000,8000,8025,8025,16000
2022-11-03 10:40:00,8025,8025,8025,8025,16100
2022-11-03 10:41:00,8000,8000,8000,8000,3900
2022-11-03 10:42:00,8000,8000,8025,8025,2800
2022-11-03 10:43:00,8000,8000,8000,8000,3600
2022-11-03 10:44:00,8000,8000,8025,8000,19300
2022-11-03 10:45:00,8025,8025,8025,8025,1900
2022-11-03 10:46:00,8025,8025,8025,8025,1800
2022-11-03 10:47:00,8025,8025,8025,8025,600
2022-11-03 10:48:00,8025,8025,8025,8025,200
2022-11-03 10:49:00,8050,8050,8050,8050,200
2022-11-03 10:50:00,8050,8050,8050,8050,900
2022-11-03 10:51:00,8050,8050,8050,8050,1800
2022-11-03 10:52:00,8050,8050,8050,8050,0
2022-11-03 10:53:00,8025,8025,8025,8025,6000
2022-11-03 10:54:00,8025,8025,8025,8025,10500
2022-11-03 10:55:00,8025,8025,8025,8025,4900
2022-11-03 10:56:00,8025,8025,8050,8050,5700
2022-11-03 10:57:00,8050,8025,8050,8025,0
2022-11-03 10:58:00,8025,8025,8025,8025,500
2022-11-03 10:59:00,8025,8025,8025,8025,11700
2022-11-03 11:00:00,8025,8025,8025,8025,0
2022-11-03 11:01:00,8025,8025,8050,8050,12900
2022-11-03 11:02:00,8050,8025,8050,8025,4800
2022-11-03 11:03:00,8050,8025,8050,8025,0
2022-11-03 11:04:00,8025,8025,8025,8025,300
2022-11-03 11:05:00,8025,8025,8025,8025,100
2022-11-03 11:06:00,8025,8025,8025,8025,0
2022-11-03 11:07:00,8025,8025,8025,8025,0
2022-11-03 11:08:00,8025,8025,8025,8025,0
2022-11-03 11:09:00,8025,8025,8025,8025,8200
2022-11-03 11:10:00,8025,8025,8025,8025,0
2022-11-03 11:11:00,8025,8025,8025,8025,0
2022-11-03 11:12:00,8050,8050,8050,8050,22200
2022-11-03 11:13:00,8050,8050,8050,8050,29500
2022-11-03 11:14:00,8050,8050,8050,8050,0
2022-11-03 11:15:00,8075,8075,8075,8075,500
2022-11-03 11:16:00,8075,8075,8075,8075,400
2022-11-03 11:17:00,8050,8050,8050,8050,5100
2022-11-03 11:18:00,8050,8050,8050,8050,0
2022-11-03 11:19:00,8050,8050,8050,8050,1700
2022-11-03 11:20:00,8050,8050,8050,8050,300
2022-11-03 11:21:00,8050,8050,8050,8050,14200
2022-11-03 11:22:00,8050,8050,8050,8050,0
2022-11-03 11:23:00,8050,8025,8050,8025,40900
2022-11-03 11:24:00,8050,8025,8050,8025,0
2022-11-03 11:25:00,8050,8025,8050,8025,0
2022-11-03 11:26:00,8025,8025,8025,8025,4000
2022-11-03 11:27:00,8025,8025,8025,8025,0
2022-11-03 11:28:00,8025,8025,8025,8025,400
2022-11-03 11:29:00,8025,8025,8025,8025,5200
2022-11-03 11:30:00,8025,8025,8025,8025,0
2022-11-03 11:31:00,8025,8025,8025,8025,0
2022-11-03 11:32:00,8025,8025,8025,8025,0
2022-11-03 11:33:00,8025,8025,8025,8025,0
2022-11-03 11:34:00,8025,8025,8025,8025,0
2022-11-03 11:35:00,8025,8025,8025,8025,0
2022-11-03 11:36:00,8025,8025,8025,8025,0
2022-11-03 11:37:00,8025,8025,8025,8025,0
2022-11-03 11:38:00,8025,8025,8025,8025,0
2022-11-03 11:39:00,8025,8025,8025,8025,0
2022-11-03 11:40:00,8025,8025,8025,8025,0
2022-11-03 11:41:00,8025,8025,8025,8025,0
2022-11-03 11:42:00,8025,8025,8025,8025,0
2022-11-03 11:43:00,8025,8025,8025,8025,0
2022-11-03 11:44:00,8025,8025,8025,8025,0
2022-11-03 11:45:00,8025,8025,8025,8025,0
2022-11-03 11:46:00,8025,8025,8025,8025,0
2022-11-03 11:47:00,8025,8025,8025,8025,0
2022-11-03 11:48:00,8025,8025,8025,8025,0
2022-11-03 11:49:00,8025,8025,8025,8025,0
2022-11-03 11:50:00,8025,8025,8025,8025,0
2022-11-03 11:51:00,8025,8025,8025,8025,0
2022-11-03 11:52:00,8025,8025,8025,8025,0
2022-11-03 11:53:00,8025,8025,8025,8025,0
2022-11-03 11:54:00,8025,8025,8025,8025,0
2022-11-03 11:55:00,8025,8025,8025,8025,0
2022-11-03 11:56:00,8025,8025,8025,8025,0
2022-11-03 11:57:00,8025,8025,8025,8025,0
2022-11-03 11:58:00,8025,8025,8025,8025,0
2022-11-03 11:59:00,8025,8025,8025,8025,0
2022-11-03 12:00:00,8025,8025,8025,8025,0
2022-11-03 12:01:00,8025,8025,8025,8025,0
2022-11-03 12:02:00,8025,8025,8025,8025,0
2022-11-03 12:03:00,8025,8025,8025,8025,0
2022-11-03 12:04:00,8025,8025,8025,8025,0
2022-11-03 12:05:00,8025,8025,8025,8025,0
2022-11-03 12:06:00,8025,8025,8025,8025,0
2022-11-03 12:07:00,8025,8025,8025,8025,0
2022-11-03 12:08:00,8025,8025,8025,8025,0
2022-11-03 12:09:00,8025,8025,8025,8025,0
2022-11-03 12:10:00,8025,8025,8025,8025,0
2022-11-03 12:11:00,8025,8025,8025,8025,0
2022-11-03 12:12:00,8025,8025,8025,8025,0
2022-11-03 12:13:00,8025,8025,8025,8025,0
2022-11-03 12:14:00,8025,8025,8025,8025,0
2022-11-03 12:15:00,8025,8025,8025,8025,0
2022-11-03 12:16:00,8025,8025,8025,8025,0
2022-11-03 12:17:00,8025,8025,8025,8025,0
2022-11-03 12:18:00,8025,8025,8025,8025,0
2022-11-03 12:19:00,8025,8025,8025,8025,0
2022-11-03 12:20:00,8025,8025,8025,8025,0
2022-11-03 12:21:00,8025,8025,8025,8025,0
2022-11-03 12:22:00,8025,8025,8025,8025,0
2022-11-03 12:23:00,8025,8025,8025,8025,0
2022-11-03 12:24:00,8025,8025,8025,8025,0
2022-11-03 12:25:00,8025,8025,8025,8025,0
2022-11-03 12:26:00,8025,8025,8025,8025,0
2022-11-03 12:27:00,8025,8025,8025,8025,0
2022-11-03 12:28:00,8025,8025,8025,8025,0
2022-11-03 12:29:00,8025,8025,8025,8025,0
2022-11-03 12:30:00,8025,8025,8025,8025,0
2022-11-03 12:31:00,8025,8025,8025,8025,0
2022-11-03 12:32:00,8025,8025,8025,8025,0
2022-11-03 12:33:00,8025,8025,8025,8025,0
2022-11-03 12:34:00,8025,8025,8025,8025,0
2022-11-03 12:35:00,8025,8025,8025,8025,0
2022-11-03 12:36:00,8025,8025,8025,8025,0
2022-11-03 12:37:00,8025,8025,8025,8025,0
2022-11-03 12:38:00,8025,8025,8025,8025,0
2022-11-03 12:39:00,8025,8025,8025,8025,0
2022-11-03 12:40:00,8025,8025,8025,8025,0
2022-11-03 12:41:00,8025,8025,8025,8025,0
2022-11-03 12:42:00,8025,8025,8025,8025,0
2022-11-03 12:43:00,8025,8025,8025,8025,0
2022-11-03 12:44:00,8025,8025,8025,8025,0
2022-11-03 12:45:00,8025,8025,8025,8025,0
2022-11-03 12:46:00,8025,8025,8025,8025,0
2022-11-03 12:47:00,8025,8025,8025,8025,0
2022-11-03 12:48:00,8025,8025,8025,8025,0
2022-11-03 12:49:00,8025,8025,8025,8025,0
2022-11-03 12:50:00,8025,8025,8025,8025,0
2022-11-03 12:51:00,8025,8025,8025,8025,0
2022-11-03 12:52:00,8025,8025,8025,8025,0
2022-11-03 12:53:00,8025,8025,8025,8025,0
2022-11-03 12:54:00,8025,8025,8025,8025,0
2022-11-03 12:55:00,8025,8025,8025,8025,0
2022-11-03 12:56:00,8025,8025,8025,8025,0
2022-11-03 12:57:00,8025,8025,8025,8025,0
2022-11-03 12:58:00,8025,8025,8025,8025,0
2022-11-03 12:59:00,8025,8025,8025,8025,0
2022-11-03 13:00:00,8025,8025,8025,8025,0
2022-11-03 13:01:00,8025,8025,8025,8025,0
2022-11-03 13:02:00,8025,8025,8025,8025,0
2022-11-03 13:03:00,8025,8025,8025,8025,0
2022-11-03 13:04:00,8025,8025,8025,8025,0
2022-11-03 13:05:00,8025,8025,8025,8025,0
2022-11-03 13:06:00,8025,8025,8025,8025,0
2022-11-03 13:07:00,8025,8025,8025,8025,0
2022-11-03 13:08:00,8025,8025,8025,8025,0
2022-11-03 13:09:00,8025,8025,8025,8025,0
2022-11-03 13:10:00,8025,8025,8025,8025,0
2022-11-03 13:11:00,8025,8025,8025,8025,0
2022-11-03 13:12:00,8025,8025,8025,8025,0
2022-11-03 13:13:00,8025,8025,8025,8025,0
2022-11-03 13:14:00,8025,8025,8025,8025,0
2022-11-03 13:15:00,8025,8025,8025,8025,0
2022-11-03 13:16:00,8025,8025,8025,8025,0
2022-11-03 13:17:00,8025,8025,8025,8025,0
2022-11-03 13:18:00,8025,8025,8025,8025,0
2022-11-03 13:19:00,8025,8025,8025,8025,0
2022-11-03 13:20:00,8025,8025,8025,8025,0
2022-11-03 13:21:00,8025,8025,8025,8025,0
2022-11-03 13:22:00,8025,8025,8025,8025,0
2022-11-03 13:23:00,8025,8025,8025,8025,0
2022-11-03 13:24:00,8025,8025,8025,8025,0
2022-11-03 13:25:00,8025,8025,8025,8025,0
2022-11-03 13:26:00,8025,8025,8025,8025,0
2022-11-03 13:27:00,8025,8025,8025,8025,0
2022-11-03 13:28:00,8025,8025,8025,8025,0
2022-11-03 13:29:00,8025,8025,8025,8025,0
2022-11-03 13:30:00,8000,8000,8025,8000,65100
2022-11-03 13:31:00,8000,8000,8000,8000,51200
2022-11-03 13:32:00,8000,8000,8000,8000,0
2022-11-03 13:33:00,8000,8000,8000,8000,2800
2022-11-03 13:34:00,8000,8000,8000,8000,2200
2022-11-03 13:35:00,8025,8000,8025,8000,11100
2022-11-03 13:36:00,8000,8000,8000,8000,8900
2022-11-03 13:37:00,7975,7975,8000,8000,4700
2022-11-03 13:38:00,7975,7975,8000,8000,0
2022-11-03 13:39:00,7975,7975,7975,7975,1100
2022-11-03 13:40:00,7975,7975,7975,7975,800
2022-11-03 13:41:00,7975,7975,8000,8000,1300
2022-11-03 13:42:00,7975,7975,7975,7975,58400
2022-11-03 13:43:00,7975,7975,7975,7975,5000
2022-11-03 13:44:00,7975,7975,8000,8000,39900
2022-11-03 13:45:00,8000,8000,8000,8000,0
2022-11-03 13:46:00,8000,8000,8000,8000,0
2022-11-03 13:47:00,8000,8000,8000,8000,200
2022-11-03 13:48:00,8000,8000,8000,8000,9400
2022-11-03 13:49:00,8000,8000,8000,8000,14500
2022-11-03 13:50:00,8025,8000,8025,8025,0
2022-11-03 13:51:00,8000,8000,8000,8000,800
2022-11-03 13:52:00,8000,8000,8000,8000,10100
2022-11-03 13:53:00,8000,8000,8000,8000,3300
2022-11-03 13:54:00,8025,8025,8025,8025,3600
2022-11-03 13:55:00,8025,8025,8025,8025,0
2022-11-03 13:56:00,8000,8000,8000,8000,1200
2022-11-03 13:57:00,8000,8000,8000,8000,300
2022-11-03 13:58:00,8000,8000,8000,8000,0
2022-11-03 13:59:00,8000,7975,8000,8000,16000
2022-11-03 14:00:00,7975,7975,8000,8000,10200
2022-11-03 14:01:00,8000,8000,8000,8000,2500
2022-11-03 14:02:00,8000,8000,8000,8000,0
2022-11-03 14:03:00,8000,8000,8000,8000,0
2022-11-03 14:04:00,8000,7975,8000,7975,3100
2022-11-03 14:05:00,7975,7975,7975,7975,1000
2022-11-03 14:06:00,7975,7975,7975,7975,0
2022-11-03 14:07:00,7975,7975,8000,8000,700
2022-11-03 14:08:00,8000,8000,8000,8000,0
2022-11-03 14:09:00,7975,7975,7975,7975,2400
2022-11-03 14:10:00,8000,8000,8000,8000,22100
2022-11-03 14:11:00,8000,7975,8000,7975,1900
2022-11-03 14:12:00,8000,8000,8000,8000,26900
2022-11-03 14:13:00,8000,8000,8000,8000,500
2022-11-03 14:14:00,8000,8000,8000,8000,22000
2022-11-03 14:15:00,8000,8000,8025,8025,16400
2022-11-03 14:16:00,8000,8000,8000,8000,1000
2022-11-03 14:17:00,8000,8000,8000,8000,18100
2022-11-03 14:18:00,8000,8000,8000,8000,0
2022-11-03 14:19:00,8025,8025,8025,8025,0
2022-11-03 14:20:00,8025,8025,8025,8025,0
2022-11-03 14:21:00,8025,8025,8025,8025,800
2022-11-03 14:22:00,8025,8025,8025,8025,0
2022-11-03 14:23:00,8025,8025,8025,8025,0
2022-11-03 14:24:00,8025,8000,8025,8000,3700
2022-11-03 14:25:00,8000,8000,8000,8000,0
2022-11-03 14:26:00,8000,8000,8025,8000,5800
2022-11-03 14:27:00,8000,8000,8025,8000,0
2022-11-03 14:28:00,8000,8000,8025,8025,6400
2022-11-03 14:29:00,8000,8000,8000,8000,1500
2022-11-03 14:30:00,8000,8000,8025,8025,40800
2022-11-03 14:31:00,8000,8000,8000,8000,11400
2022-11-03 14:32:00,8000,8000,8000,8000,2300
2022-11-03 14:33:00,8000,8000,8025,8000,17400
2022-11-03 14:34:00,8000,8000,8025,8000,23700
2022-11-03 14:35:00,7975,7975,8000,8000,19500
2022-11-03 14:36:00,8000,8000,8000,8000,23100
2022-11-03 14:37:00,8000,8000,8000,8000,4400
2022-11-03 14:38:00,7975,7975,7975,7975,8000
2022-11-03 14:39:00,7975,7975,7975,7975,0
2022-11-03 14:40:00,8000,8000,8000,8000,300
2022-11-03 14:41:00,7975,7975,8000,8000,16400
2022-11-03 14:42:00,8000,8000,8000,8000,0
2022-11-03 14:43:00,8000,7975,8000,7975,1700
2022-11-03 14:44:00,8000,7975,8000,7975,500
2022-11-03 14:45:00,8000,7975,8000,7975,14600
2022-11-03 14:46:00,7975,7975,7975,7975,37200
2022-11-03 14:47:00,7975,7975,7975,7975,1800
2022-11-03 14:48:00,7975,7975,7975,7975,18800
2022-11-03 14:49:00,7975,7975,8000,7975,42200
2022-11-03 14:50:00,7975,7975,8000,7975,0
2022-11-03 14:51:00,7975,7975,8000,7975,0
2022-11-03 14:52:00,7975,7975,8000,7975,0
2022-11-03 14:53:00,7975,7975,8000,7975,0
2022-11-03 14:54:00,7975,7975,8000,7975,0
2022-11-03 14:55:00,7975,7975,8000,7975,0
2022-11-03 14:56:00,7975,7975,8000,7975,0
2022-11-03 14:57:00,7975,7975,8000,7975,0
2022-11-03 14:58:00,7975,7975,8000,7975,0
2022-11-03 14:59:00,7975,7975,8000,7975,0
2022-11-03 15:00:00,7975,7975,7975,7975,118100
2022-11-03 15:01:00,7975,7975,7975,7975,32000
2022-11-03 15:02:00,7975,7975,7975,7975,24800
2022-11-03 15:03:00,7975,7975,7975,7975,44800
2022-11-03 15:04:00,7975,7975,7975,7975,14400
2022-11-03 15:05:00,7975,7975,7975,7975,1400
2022-11-03 15:06:00,7975,7975,7975,7975,11600
2022-11-03 15:07:00,7975,7975,7975,7975,0
2022-11-03 15:08:00,7975,7975,7975,7975,0
2022-11-03 15:09:00,7975,7975,7975,7975,200
2022-11-03 15:10:00,7975,7975,7975,7975,0
2022-11-03 15:11:00,7975,7975,7975,7975,0
2022-11-03 15:12:00,7975,7975,7975,7975,6500
2022-11-03 15:13:00,7975,7975,7975,7975,0
2022-11-03 15:14:00,7975,7975,7975,7975,4679600
2022-11-03 15:15:00,7975,7975,7975,7975,0
2022-11-03 15:16:00,7975,7975,7975,7975,0
2022-11-03 15:17:00,7975,7975,7975,7975,0
2022-11-03 15:18:00,7975,7975,7975,7975,0
2022-11-03 15:19:00,7975,7975,7975,7975,0
2022-11-03 15:20:00,7975,7975,7975,7975,0
2022-11-03 15:21:00,7975,7975,7975,7975,0
2022-11-03 15:22:00,7975,7975,7975,7975,0
2022-11-03 15:23:00,7975,7975,7975,7975,0
2022-11-03 15:24:00,7975,7975,7975,7975,0
2022-11-03 15:25:00,7975,7975,7975,7975,0
2022-11-03 15:26:00,7975,7975,7975,7975,0
2022-11-03 15:27:00,7975,7975,7975,7975,0
2022-11-03 15:28:00,7975,7975,7975,7975,0
2022-11-03 15:29:00,7975,7975,7975,7975,0
2022-11-03 15:30:00,7975,7975,7975,7975,0
2022-11-03 15:31:00,7975,7975,7975,7975,0
2022-11-03 15:32:00,7975,7975,7975,7975,0
2022-11-03 15:33:00,7975,7975,7975,7975,0
2022-11-03 15:34:00,7975,7975,7975,7975,0
2022-11-03 15:35:00,7975,7975,7975,7975,0
2022-11-03 15:36:00,7975,7975,7975,7975,0
2022-11-03 15:37:00,7975,7975,7975,7975,0
2022-11-03 15:38:00,7975,7975,7975,7975,0
2022-11-03 15:39:00,7975,7975,7975,7975,0
2022-11-03 15:40:00,7975,7975,7975,7975,0
2022-11-03 15:41:00,7975,7975,7975,7975,0
2022-11-03 15:42:00,7975,7975,7975,7975,0
2022-11-03 15:43:00,7975,7975,7975,7975,0
2022-11-03 15:44:00,7975,7975,7975,7975,0
2022-11-03 15:45:00,7975,7975,7975,7975,0
2022-11-03 15:46:00,7975,7975,7975,7975,0
2022-11-03 15:47:00,7975,7975,7975,7975,0
2022-11-03 15:48:00,7975,7975,7975,7975,0
2022-11-03 15:49:00,7975,7975,7975,7975,0
2022-11-03 15:50:00,7975,7975,7975,7975,0
2022-11-03 15:51:00,7975,7975,7975,7975,0
2022-11-03 15:52:00,7975,7975,7975,7975,0
2022-11-03 15:53:00,7975,7975,7975,7975,0
2022-11-03 15:54:00,7975,7975,7975,7975,0
2022-11-03 15:55:00,7975,7975,7975,7975,0
2022-11-03 15:56:00,7975,7975,7975,7975,0
2022-11-03 15:57:00,7975,7975,7975,7975,0
2022-11-03 15:58:00,7975,7975,7975,7975,0
2022-11-03 15:59:00,7975,7975,7975,7975,0
2022-11-04 09:00:00,7975,7950,8025,8025,0
2022-11-04 09:01:00,8025,8025,8075,8075,44000
2022-11-04 09:02:00,8050,8050,8075,8050,99800
2022-11-04 09:03:00,8050,8050,8125,8125,114900
2022-11-04 09:04:00,8150,8150,8175,8150,215600
2022-11-04 09:05:00,8175,8150,8175,8150,27700
2022-11-04 09:06:00,8175,8175,8200,8175,207700
2022-11-04 09:07:00,8200,8200,8250,8225,234000
2022-11-04 09:08:00,8225,8225,8250,8225,228400
2022-11-04 09:09:00,8200,8200,8250,8225,75800
2022-11-04 09:10:00,8225,8200,8225,8225,45900
2022-11-04 09:11:00,8225,8200,8275,8250,270700
2022-11-04 09:12:00,8250,8250,8275,8250,80100
2022-11-04 09:13:00,8250,8250,8275,8250,42300
2022-11-04 09:14:00,8250,8225,8250,8225,4000
2022-11-04 09:15:00,8225,8225,8350,8325,925900
2022-11-04 09:16:00,8325,8275,8325,8325,149000
2022-11-04 09:17:00,8300,8300,8350,8325,384300
2022-11-04 09:18:00,8325,8275,8325,8275,62400
2022-11-04 09:19:00,8275,8275,8300,8275,14400
2022-11-04 09:20:00,8275,8275,8300,8275,5600
2022-11-04 09:21:00,8275,8275,8325,8325,214600
2022-11-04 09:22:00,8325,8325,8375,8375,355300
2022-11-04 09:23:00,8350,8350,8400,8375,264600
2022-11-04 09:24:00,8375,8350,8375,8350,115500
2022-11-04 09:25:00,8350,8325,8350,8350,49400
2022-11-04 09:26:00,8350,8325,8350,8350,25000
2022-11-04 09:27:00,8350,8350,8350,8350,1500
2022-11-04 09:28:00,8325,8325,8350,8325,14100
2022-11-04 09:29:00,8325,8325,8350,8350,10600
2022-11-04 09:30:00,8350,8350,8375,8350,179400
2022-11-04 09:31:00,8350,8325,8350,8325,37700
2022-11-04 09:32:00,8325,8325,8350,8350,44300
2022-11-04 09:33:00,8375,8350,8375,8350,270300
2022-11-04 09:34:00,8350,8350,8375,8375,49500
2022-11-04 09:35:00,8375,8375,8375,8375,15200
2022-11-04 09:36:00,8375,8350,8375,8375,61400
2022-11-04 09:37:00,8375,8375,8400,8375,122500
2022-11-04 09:38:00,8375,8375,8375,8375,19900
2022-11-04 09:39:00,8375,8350,8375,8375,10700
2022-11-04 09:40:00,8375,8350,8375,8350,112900
2022-11-04 09:41:00,8350,8325,8350,8325,10400
2022-11-04 09:42:00,8325,8325,8350,8325,41900
2022-11-04 09:43:00,8350,8325,8350,8350,65400
2022-11-04 09:44:00,8325,8300,8350,8300,117900
2022-11-04 09:45:00,8300,8300,8325,8325,9000
2022-11-04 09:46:00,8325,8325,8325,8325,36800
2022-11-04 09:47:00,8325,8325,8325,8325,8400
2022-11-04 09:48:00,8350,8300,8350,8300,23200
2022-11-04 09:49:00,8325,8325,8325,8325,59900
2022-11-04 09:50:00,8300,8300,8325,8300,35600
2022-11-04 09:51:00,8300,8300,8325,8300,14000
2022-11-04 09:52:00,8300,8300,8300,8300,4900
2022-11-04 09:53:00,8300,8300,8300,8300,70300
2022-11-04 09:54:00,8300,8275,8300,8275,30800
2022-11-04 09:55:00,8275,8275,8275,8275,7600
2022-11-04 09:56:00,8275,8275,8300,8275,82200
2022-11-04 09:57:00,8275,8275,8275,8275,35100
2022-11-04 09:58:00,8275,8250,8275,8250,6900
2022-11-04 09:59:00,8250,8250,8250,8250,97600
2022-11-04 10:00:00,8250,8250,8250,8250,0
2022-11-04 10:01:00,8250,8250,8250,8250,15600
2022-11-04 10:02:00,8275,8275,8275,8275,500
2022-11-04 10:03:00,8250,8250,8275,8275,2700
2022-11-04 10:04:00,8275,8250,8275,8250,700
2022-11-04 10:05:00,8250,8225,8275,8225,101400
2022-11-04 10:06:00,8225,8200,8225,8225,97800
2022-11-04 10:07:00,8225,8225,8250,8250,10600
2022-11-04 10:08:00,8250,8250,8250,8250,12500
2022-11-04 10:09:00,8275,8275,8275,8275,9800
2022-11-04 10:10:00,8275,8275,8275,8275,42200
2022-11-04 10:11:00,8275,8250,8300,8250,8200
2022-11-04 10:12:00,8250,8250,8250,8250,6700
2022-11-04 10:13:00,8250,8250,8250,8250,1100
2022-11-04 10:14:00,8250,8200,8250,8225,58300
2022-11-04 10:15:00,8225,8225,8250,8250,200
2022-11-04 10:16:00,8250,8250,8250,8250,8000
2022-11-04 10:17:00,8250,8250,8275,8275,2700
2022-11-04 10:18:00,8250,8250,8275,8275,4000
2022-11-04 10:19:00,8250,8250,8275,8275,0
2022-11-04 10:20:00,8275,8275,8275,8275,13000
2022-11-04 10:21:00,8275,8275,8275,8275,10000
2022-11-04 10:22:00,8275,8250,8275,8275,11700
2022-11-04 10:23:00,8275,8275,8275,8275,20700
2022-11-04 10:24:00,8250,8250,8275,8275,36000
2022-11-04 10:25:00,8250,8250,8250,8250,1300
2022-11-04 10:26:00,8250,8250,8250,8250,17800
2022-11-04 10:27:00,8250,8250,8250,8250,1600
2022-11-04 10:28:00,8250,8250,8250,8250,0
2022-11-04 10:29:00,8250,8250,8250,8250,900
2022-11-04 10:30:00,8250,8250,8250,8250,0
2022-11-04 10:31:00,8250,8250,8275,8250,11600
2022-11-04 10:32:00,8250,8250,8250,8250,1100
2022-11-04 10:33:00,8250,8250,8275,8275,82200
2022-11-04 10:34:00,8275,8275,8275,8275,14500
2022-11-04 10:35:00,8275,8275,8275,8275,0
2022-11-04 10:36:00,8275,8275,8275,8275,3500
2022-11-04 10:37:00,8275,8275,8275,8275,7900
2022-11-04 10:38:00,8275,8275,8275,8275,0
2022-11-04 10:39:00,8275,8275,8300,8275,28200
2022-11-04 10:40:00,8275,8275,8275,8275,0
2022-11-04 10:41:00,8300,8275,8300,8275,4100
2022-11-04 10:42:00,8275,8275,8275,8275,1600
2022-11-04 10:43:00,8275,8275,8275,8275,30200
2022-11-04 10:44:00,8275,8275,8275,8275,10400
2022-11-04 10:45:00,8275,8275,8275,8275,6800
2022-11-04 10:46:00,8275,8275,8275,8275,40500
2022-11-04 10:47:00,8275,8250,8275,8250,4500
2022-11-04 10:48:00,8250,8250,8275,8275,25000
2022-11-04 10:49:00,8275,8275,8275,8275,2000
2022-11-04 10:50:00,8275,8275,8275,8275,700
2022-11-04 10:51:00,8275,8275,8275,8275,3200
2022-11-04 10:52:00,8300,8300,8300,8300,6200
2022-11-04 10:53:00,8275,8275,8300,8275,8000
2022-11-04 10:54:00,8275,8275,8275,8275,8800
2022-11-04 10:55:00,8275,8275,8275,8275,200
2022-11-04 10:56:00,8275,8275,8300,8275,2300
2022-11-04 10:57:00,8275,8275,8275,8275,200
2022-11-04 10:58:00,8275,8275,8275,8275,2500
2022-11-04 10:59:00,8275,8275,8300,8300,34600
2022-11-04 11:00:00,8300,8300,8325,8325,103800
2022-11-04 11:01:00,8300,8300,8325,8325,0
2022-11-04 11:02:00,8325,8325,8325,8325,0
2022-11-04 11:03:00,8325,8325,8325,8325,7600
2022-11-04 11:04:00,8325,8325,8325,8325,0
2022-11-04 11:05:00,8325,8300,8325,8300,30100
2022-11-04 11:06:00,8300,8300,8325,8300,9300
2022-11-04 11:07:00,8300,8300,8300,8300,0
2022-11-04 11:08:00,8300,8300,8300,8300,1200
2022-11-04 11:09:00,8300,8300,8300,8300,200
2022-11-04 11:10:00,8300,8300,8300,8300,5200
2022-11-04 11:11:00,8275,8275,8275,8275,0
2022-11-04 11:12:00,8300,8300,8325,8325,44900
2022-11-04 11:13:00,8300,8300,8325,8300,6700
2022-11-04 11:14:00,8300,8300,8300,8300,1000
2022-11-04 11:15:00,8300,8300,8300,8300,45800
2022-11-04 11:16:00,8275,8275,8275,8275,1500
2022-11-04 11:17:00,8275,8275,8300,8300,1100
2022-11-04 11:18:00,8275,8275,8300,8275,12800
2022-11-04 11:19:00,8275,8275,8275,8275,0
2022-11-04 11:20:00,8275,8275,8275,8275,1000
2022-11-04 11:21:00,8300,8300,8300,8300,19900
2022-11-04 11:22:00,8275,8275,8275,8275,300
2022-11-04 11:23:00,8275,8275,8275,8275,400
2022-11-04 11:24:00,8275,8275,8300,8275,10000
2022-11-04 11:25:00,8300,8300,8300,8300,3100
2022-11-04 11:26:00,8300,8275,8300,8275,700
2022-11-04 11:27:00,8300,8275,8300,8300,5000
2022-11-04 11:28:00,8300,8275,8300,8275,1700
2022-11-04 11:29:00,8300,8275,8300,8275,23700
2022-11-04 11:30:00,8300,8275,8300,8275,0
2022-11-04 11:31:00,8300,8275,8300,8275,0
2022-11-04 11:32:00,8300,8275,8300,8275,0
2022-11-04 11:33:00,8300,8275,8300,8275,0
2022-11-04 11:34:00,8300,8275,8300,8275,0
2022-11-04 11:35:00,8300,8275,8300,8275,0
2022-11-04 11:36:00,8300,8275,8300,8275,0
2022-11-04 11:37:00,8300,8275,8300,8275,0
2022-11-04 11:38:00,8300,8275,8300,8275,0
2022-11-04 11:39:00,8300,8275,8300,8275,0
2022-11-04 11:40:00,8300,8275,8300,8275,0
2022-11-04 11:41:00,8300,8275,8300,8275,0
2022-11-04 11:42:00,8300,8275,8300,8275,0
2022-11-04 11:43:00,8300,8275,8300,8275,0
2022-11-04 11:44:00,8300,8275,8300,8275,0
2022-11-04 11:45:00,8300,8275,8300,8275,0
2022-11-04 11:46:00,8300,8275,8300,8275,0
2022-11-04 11:47:00,8300,8275,8300,8275,0
2022-11-04 11:48:00,8300,8275,8300,8275,0
2022-11-04 11:49:00,8300,8275,8300,8275,0
2022-11-04 11:50:00,8300,8275,8300,8275,0
2022-11-04 11:51:00,8300,8275,8300,8275,0
2022-11-04 11:52:00,8300,8275,8300,8275,0
2022-11-04 11:53:00,8300,8275,8300,8275,0
2022-11-04 11:54:00,8300,8275,8300,8275,0
2022-11-04 11:55:00,8300,8275,8300,8275,0
2022-11-04 11:56:00,8300,8275,8300,8275,0
2022-11-04 11:57:00,8300,8275,8300,8275,0
2022-11-04 11:58:00,8300,8275,8300,8275,0
2022-11-04 11:59:00,8300,8275,8300,8275,0
2022-11-04 12:00:00,8300,8275,8300,8275,0
2022-11-04 12:01:00,8300,8275,8300,8275,0
2022-11-04 12:02:00,8300,8275,8300,8275,0
2022-11-04 12:03:00,8300,8275,8300,8275,0
2022-11-04 12:04:00,8300,8275,8300,8275,0
2022-11-04 12:05:00,8300,8275,8300,8275,0
2022-11-04 12:06:00,8300,8275,8300,8275,0
2022-11-04 12:07:00,8300,8275,8300,8275,0
2022-11-04 12:08:00,8300,8275,8300,8275,0
2022-11-04 12:09:00,8300,8275,8300,8275,0
2022-11-04 12:10:00,8300,8275,8300,8275,0
2022-11-04 12:11:00,8300,8275,8300,8275,0
2022-11-04 12:12:00,8300,8275,8300,8275,0
2022-11-04 12:13:00,8300,8275,8300,8275,0
2022-11-04 12:14:00,8300,8275,8300,8275,0
2022-11-04 12:15:00,8300,8275,8300,8275,0
2022-11-04 12:16:00,8300,8275,8300,8275,0
2022-11-04 12:17:00,8300,8275,8300,8275,0
2022-11-04 12:18:00,8300,8275,8300,8275,0
2022-11-04 12:19:00,8300,8275,8300,8275,0
2022-11-04 12:20:00,8300,8275,8300,8275,0
2022-11-04 12:21:00,8300,8275,8300,8275,0
2022-11-04 12:22:00,8300,8275,8300,8275,0
2022-11-04 12:23:00,8300,8275,8300,8275,0
2022-11-04 12:24:00,8300,8275,8300,8275,0
2022-11-04 12:25:00,8300,8275,8300,8275,0
2022-11-04 12:26:00,8300,8275,8300,8275,0
2022-11-04 12:27:00,8300,8275,8300,8275,0
2022-11-04 12:28:00,8300,8275,8300,8275,0
2022-11-04 12:29:00,8300,8275,8300,8275,0
2022-11-04 12:30:00,8300,8275,8300,8275,0
2022-11-04 12:31:00,8300,8275,8300,8275,0
2022-11-04 12:32:00,8300,8275,8300,8275,0
2022-11-04 12:33:00,8300,8275,8300,8275,0
2022-11-04 12:34:00,8300,8275,8300,8275,0
2022-11-04 12:35:00,8300,8275,8300,8275,0
2022-11-04 12:36:00,8300,8275,8300,8275,0
2022-11-04 12:37:00,8300,8275,8300,8275,0
2022-11-04 12:38:00,8300,8275,8300,8275,0
2022-11-04 12:39:00,8300,8275,8300,8275,0
2022-11-04 12:40:00,8300,8275,8300,8275,0
2022-11-04 12:41:00,8300,8275,8300,8275,0
2022-11-04 12:42:00,8300,8275,8300,8275,0
2022-11-04 12:43:00,8300,8275,8300,8275,0
2022-11-04 12:44:00,8300,8275,8300,8275,0
2022-11-04 12:45:00,8300,8275,8300,8275,0
2022-11-04 12:46:00,8300,8275,8300,8275,0
2022-11-04 12:47:00,8300,8275,8300,8275,0
2022-11-04 12:48:00,8300,8275,8300,8275,0
2022-11-04 12:49:00,8300,8275,8300,8275,0
2022-11-04 12:50:00,8300,8275,8300,8275,0
2022-11-04 12:51:00,8300,8275,8300,8275,0
2022-11-04 12:52:00,8300,8275,8300,8275,0
2022-11-04 12:53:00,8300,8275,8300,8275,0
2022-11-04 12:54:00,8300,8275,8300,8275,0
2022-11-04 12:55:00,8300,8275,8300,8275,0
2022-11-04 12:56:00,8300,8275,8300,8275,0
2022-11-04 12:57:00,8300,8275,8300,8275,0
2022-11-04 12:58:00,8300,8275,8300,8275,0
2022-11-04 12:59:00,8300,8275,8300,8275,0
2022-11-04 13:00:00,8300,8275,8300,8275,0
2022-11-04 13:01:00,8300,8275,8300,8275,0
2022-11-04 13:02:00,8300,8275,8300,8275,0
2022-11-04 13:03:00,8300,8275,8300,8275,0
2022-11-04 13:04:00,8300,8275,8300,8275,0
2022-11-04 13:05:00,8300,8275,8300,8275,0
2022-11-04 13:06:00,8300,8275,8300,8275,0
2022-11-04 13:07:00,8300,8275,8300,8275,0
2022-11-04 13:08:00,8300,8275,8300,8275,0
2022-11-04 13:09:00,8300,8275,8300,8275,0
2022-11-04 13:10:00,8300,8275,8300,8275,0
2022-11-04 13:11:00,8300,8275,8300,8275,0
2022-11-04 13:12:00,8300,8275,8300,8275,0
2022-11-04 13:13:00,8300,8275,8300,8275,0
2022-11-04 13:14:00,8300,8275,8300,8275,0
2022-11-04 13:15:00,8300,8275,8300,8275,0
2022-11-04 13:16:00,8300,8275,8300,8275,0
2022-11-04 13:17:00,8300,8275,8300,8275,0
2022-11-04 13:18:00,8300,8275,8300,8275,0
2022-11-04 13:19:00,8300,8275,8300,8275,0
2022-11-04 13:20:00,8300,8275,8300,8275,0
2022-11-04 13:21:00,8300,8275,8300,8275,0
2022-11-04 13:22:00,8300,8275,8300,8275,0
2022-11-04 13:23:00,8300,8275,8300,8275,0
2022-11-04 13:24:00,8300,8275,8300,8275,0
2022-11-04 13:25:00,8300,8275,8300,8275,0
2022-11-04 13:26:00,8300,8275,8300,8275,0
2022-11-04 13:27:00,8300,8275,8300,8275,0
2022-11-04 13:28:00,8300,8275,8300,8275,0
2022-11-04 13:29:00,8300,8275,8300,8275,0
2022-11-04 13:30:00,8275,8275,8300,8300,112400
2022-11-04 13:31:00,8300,8275,8300,8275,1300
2022-11-04 13:32:00,8275,8250,8275,8250,176600
2022-11-04 13:33:00,8275,8275,8275,8275,5100
2022-11-04 13:34:00,8250,8250,8275,8275,1600
2022-11-04 13:35:00,8250,8250,8250,8250,0
2022-11-04 13:36:00,8275,8250,8275,8250,400
2022-11-04 13:37:00,8275,8275,8275,8275,7000
2022-11-04 13:38:00,8250,8250,8250,8250,0
2022-11-04 13:39:00,8250,8250,8275,8275,2500
2022-11-04 13:40:00,8250,8250,8275,8275,0
2022-11-04 13:41:00,8275,8275,8275,8275,3000
2022-11-04 13:42:00,8275,8275,8275,8275,1300
2022-11-04 13:43:00,8300,8300,8300,8300,0
2022-11-04 13:44:00,8300,8300,8300,8300,0
2022-11-04 13:45:00,8300,8300,8300,8300,800
2022-11-04 13:46:00,8300,8300,8300,8300,0
2022-11-04 13:47:00,8300,8275,8300,8275,500
2022-11-04 13:48:00,8275,8275,8300,8300,4300
2022-11-04 13:49:00,8300,8300,8300,8300,1600
2022-11-04 13:50:00,8300,8300,8300,8300,500
2022-11-04 13:51:00,8300,8300,8300,8300,0
2022-11-04 13:52:00,8300,8275,8300,8275,19400
2022-11-04 13:53:00,8275,8275,8275,8275,0
2022-11-04 13:54:00,8275,8275,8300,8300,7000
2022-11-04 13:55:00,8300,8275,8300,8300,5700
2022-11-04 13:56:00,8300,8275,8300,8300,9400
2022-11-04 13:57:00,8275,8275,8300,8275,1000
2022-11-04 13:58:00,8300,8300,8300,8300,200
2022-11-04 13:59:00,8300,8275,8300,8300,3400
2022-11-04 14:00:00,8300,8275,8300,8300,1900
2022-11-04 14:01:00,8300,8275,8300,8300,2400
2022-11-04 14:02:00,8300,8275,8300,8300,15800
2022-11-04 14:03:00,8300,8275,8300,8300,6400
2022-11-04 14:04:00,8300,8275,8300,8300,15200
2022-11-04 14:05:00,8300,8275,8300,8300,5400
2022-11-04 14:06:00,8300,8275,8300,8275,6000
2022-11-04 14:07:00,8300,8275,8300,8300,1800
2022-11-04 14:08:00,8300,8275,8300,8275,2000
2022-11-04 14:09:00,8275,8275,8325,8325,392600
2022-11-04 14:10:00,8325,8325,8325,8325,17700
2022-11-04 14:11:00,8325,8300,8325,8325,37400
2022-11-04 14:12:00,8325,8300,8325,8325,7200
2022-11-04 14:13:00,8325,8300,8325,8325,3200
2022-11-04 14:14:00,8325,8300,8325,8325,9100
2022-11-04 14:15:00,8300,8300,8325,8300,6800
2022-11-04 14:16:00,8325,8300,8325,8300,6000
2022-11-04 14:17:00,8325,8300,8325,8300,40500
2022-11-04 14:18:00,8300,8300,8325,8325,108300
2022-11-04 14:19:00,8325,8300,8325,8325,13500
2022-11-04 14:20:00,8325,8300,8325,8325,10100
2022-11-04 14:21:00,8325,8325,8325,8325,600
2022-11-04 14:22:00,8325,8300,8325,8325,23700
2022-11-04 14:23:00,8300,8300,8325,8325,6300
2022-11-04 14:24:00,8325,8325,8325,8325,800
2022-11-04 14:25:00,8325,8325,8325,8325,3800
2022-11-04 14:26:00,8325,8300,8325,8325,15300
2022-11-04 14:27:00,8300,8300,8325,8325,151400
2022-11-04 14:28:00,8325,8325,8350,8325,50600
2022-11-04 14:29:00,8325,8325,8350,8350,0
2022-11-04 14:30:00,8325,8325,8350,8350,1000
2022-11-04 14:31:00,8350,8325,8350,8325,4600
2022-11-04 14:32:00,8350,8325,8350,8350,8400
2022-11-04 14:33:00,8350,8350,8375,8375,805900
2022-11-04 14:34:00,8375,8350,8375,8350,233600
2022-11-04 14:35:00,8350,8350,8375,8375,19300
2022-11-04 14:36:00,8375,8375,8400,8375,199700
2022-11-04 14:37:00,8375,8375,8400,8400,39600
2022-11-04 14:38:00,8400,8375,8400,8400,4800
2022-11-04 14:39:00,8400,8375,8400,8375,62900
2022-11-04 14:40:00,8400,8375,8400,8375,7500
2022-11-04 14:41:00,8400,8375,8400,8400,5000
2022-11-04 14:42:00,8400,8375,8400,8400,54000
2022-11-04 14:43:00,8400,8375,8425,8425,618200
2022-11-04 14:44:00,8400,8400,8425,8425,21500
2022-11-04 14:45:00,8400,8400,8425,8400,47100
2022-11-04 14:46:00,8425,8400,8425,8425,183000
2022-11-04 14:47:00,8425,8400,8425,8400,143200
2022-11-04 14:48:00,8400,8400,8425,8425,46000
2022-11-04 14:49:00,8400,8400,8450,8450,256100
2022-11-04 14:50:00,8400,8400,8450,8450,0
2022-11-04 14:51:00,8400,8400,8450,8450,0
2022-11-04 14:52:00,8400,8400,8450,8450,0
2022-11-04 14:53:00,8400,8400,8450,8450,0
2022-11-04 14:54:00,8400,8400,8450,8450,0
2022-11-04 14:55:00,8400,8400,8450,8450,0
2022-11-04 14:56:00,8400,8400,8450,8450,0
2022-11-04 14:57:00,8400,8400,8450,8450,0
2022-11-04 14:58:00,8400,8400,8450,8450,0
2022-11-04 14:59:00,8400,8400,8450,8450,0
2022-11-04 15:00:00,8425,8425,8425,8425,125400
2022-11-04 15:01:00,8425,8425,8425,8425,128400
2022-11-04 15:02:00,8425,8425,8425,8425,19300
2022-11-04 15:03:00,8425,8425,8425,8425,1500
2022-11-04 15:04:00,8425,8425,8425,8425,26100
2022-11-04 15:05:00,8425,8425,8425,8425,5200
2022-11-04 15:06:00,8425,8425,8425,8425,200
2022-11-04 15:07:00,8425,8425,8425,8425,100
2022-11-04 15:08:00,8425,8425,8425,8425,100
2022-11-04 15:09:00,8425,8425,8425,8425,15400
2022-11-04 15:10:00,8425,8425,8425,8425,100
2022-11-04 15:11:00,8425,8425,8425,8425,25000
2022-11-04 15:12:00,8425,8425,8425,8425,1600
2022-11-04 15:13:00,8425,8425,8425,8425,5000
2022-11-04 15:14:00,8425,8425,8425,8425,0
2022-11-04 15:15:00,8425,8425,8425,8425,0
2022-11-04 15:16:00,8425,8425,8425,8425,0
2022-11-04 15:17:00,8425,8425,8425,8425,0
2022-11-04 15:18:00,8425,8425,8425,8425,0
2022-11-04 15:19:00,8425,8425,8425,8425,0
2022-11-04 15:20:00,8425,8425,8425,8425,0
2022-11-04 15:21:00,8425,8425,8425,8425,0
2022-11-04 15:22:00,8425,8425,8425,8425,0
2022-11-04 15:23:00,8425,8425,8425,8425,0
2022-11-04 15:24:00,8425,8425,8425,8425,0
2022-11-04 15:25:00,8425,8425,8425,8425,0
2022-11-04 15:26:00,8425,8425,8425,8425,0
2022-11-04 15:27:00,8425,8425,8425,8425,0
2022-11-04 15:28:00,8425,8425,8425,8425,0
2022-11-04 15:29:00,8425,8425,8425,8425,0
2022-11-04 15:30:00,8425,8425,8425,8425,0
2022-11-04 15:31:00,8425,8425,8425,8425,0
2022-11-04 15:32:00,8425,8425,8425,8425,0
2022-11-04 15:33:00,8425,8425,8425,8425,0
2022-11-04 15:34:00,8425,8425,8425,8425,0
2022-11-04 15:35:00,8425,8425,8425,8425,0
2022-11-04 15:36:00,8425,8425,8425,8425,0
2022-11-04 15:37:00,8425,8425,8425,8425,0
2022-11-04 15:38:00,8425,8425,8425,8425,0
2022-11-04 15:39:00,8425,8425,8425,8425,0
2022-11-04 15:40:00,8425,8425,8425,8425,0
2022-11-04 15:41:00,8425,8425,8425,8425,0
2022-11-04 15:42:00,8425,8425,8425,8425,0
2022-11-04 15:43:00,8425,8425,8425,8425,0
2022-11-04 15:44:00,8425,8425,8425,8425,0
2022-11-04 15:45:00,8425,8425,8425,8425,0
2022-11-04 15:46:00,8425,8425,8425,8425,0
2022-11-04 15:47:00,8425,8425,8425,8425,0
2022-11-04 15:48:00,8425,8425,8425,8425,0
2022-11-04 15:49:00,8425,8425,8425,8425,0
2022-11-04 15:50:00,8425,8425,8425,8425,0
2022-11-04 15:51:00,8425,8425,8425,8425,0
2022-11-04 15:52:00,8425,8425,8425,8425,0
2022-11-04 15:53:00,8425,8425,8425,8425,0
2022-11-04 15:54:00,8425,8425,8425,8425,0
2022-11-04 15:55:00,8425,8425,8425,8425,0
2022-11-04 15:56:00,8425,8425,8425,8425,0
2022-11-04 15:57:00,8425,8425,8425,8425,0
2022-11-04 15:58:00,8425,8425,8425,8425,0
2022-11-04 15:59:00,8425,8425,8425,8425,0
2022-11-07 09:00:00,8175,8125,8175,8125,0
2022-11-07 09:01:00,8175,8125,8175,8125,0
2022-11-07 09:02:00,8175,8125,8175,8125,0
2022-11-07 09:03:00,8175,8125,8175,8125,0
2022-11-07 09:04:00,8175,8125,8175,8125,0
2022-11-07 09:05:00,8175,8125,8175,8125,0
2022-11-07 09:06:00,8175,8125,8175,8125,0
2022-11-07 09:07:00,8175,8125,8175,8125,0
2022-11-07 09:08:00,8175,8125,8175,8125,0
2022-11-07 09:09:00,8175,8125,8175,8125,0
2022-11-07 09:10:00,8175,8125,8175,8125,0
2022-11-07 09:11:00,8175,8125,8175,8125,0
2022-11-07 09:12:00,8175,8125,8175,8125,0
2022-11-07 09:13:00,8175,8125,8175,8125,0
2022-11-07 09:14:00,8175,8125,8175,8125,0
2022-11-07 09:15:00,8175,8125,8175,8125,0
2022-11-07 09:16:00,8175,8125,8175,8125,0
2022-11-07 09:17:00,8175,8125,8175,8125,0
2022-11-07 09:18:00,8175,8125,8175,8125,0
2022-11-07 09:19:00,8175,8125,8175,8125,0
2022-11-07 09:20:00,8175,8125,8175,8125,0
2022-11-07 09:21:00,8175,8125,8175,8125,0
2022-11-07 09:22:00,8175,8125,8175,8125,0
2022-11-07 09:23:00,8175,8125,8175,8125,0
2022-11-07 09:24:00,8175,8125,8175,8125,0
2022-11-07 09:25:00,8175,8125,8175,8125,0
2022-11-07 09:26:00,8175,8125,8175,8125,0
2022-11-07 09:27:00,8175,8125,8175,8125,0
2022-11-07 09:28:00,8175,8125,8175,8125,0
2022-11-07 09:29:00,8175,8125,8175,8125,0
2022-11-07 09:30:00,8175,8125,8175,8125,0
2022-11-07 09:31:00,8175,8125,8175,8125,0
2022-11-07 09:32:00,8175,8125,8175,8125,0
2022-11-07 09:33:00,8175,8125,8175,8125,0
2022-11-07 09:34:00,8175,8125,8175,8125,0
2022-11-07 09:35:00,8175,8125,8175,8125,0
2022-11-07 09:36:00,8175,8125,8175,8125,0
2022-11-07 09:37:00,8175,8125,8175,8125,0
2022-11-07 09:38:00,8175,8125,8175,8125,0
2022-11-07 09:39:00,8175,8125,8175,8125,0
2022-11-07 09:40:00,8175,8125,8175,8125,0
2022-11-07 09:41:00,8175,8125,8175,8125,0
2022-11-07 09:42:00,8175,8125,8175,8125,0
2022-11-07 09:43:00,8175,8125,8175,8125,0
2022-11-07 09:44:00,8175,8125,8175,8125,0
2022-11-07 09:45:00,8175,8125,8175,8125,0
2022-11-07 09:46:00,8175,8125,8175,8125,0
2022-11-07 09:47:00,8175,8125,8175,8125,0
2022-11-07 09:48:00,8175,8125,8175,8125,0
2022-11-07 09:49:00,8175,8125,8175,8125,0
2022-11-07 09:50:00,8175,8125,8175,8125,0
2022-11-07 09:51:00,8175,8125,8175,8125,0
2022-11-07 09:52:00,8175,8125,8175,8125,0
2022-11-07 09:53:00,8175,8125,8175,8125,0
2022-11-07 09:54:00,8175,8125,8175,8125,0
2022-11-07 09:55:00,8175,8125,8175,8125,0
2022-11-07 09:56:00,8175,8125,8175,8125,0
2022-11-07 09:57:00,8175,8125,8175,8125,0
2022-11-07 09:58:00,8175,8125,8175,8125,0
2022-11-07 09:59:00,8175,8125,8175,8125,0
2022-11-07 10:00:00,8175,8125,8175,8125,0
2022-11-07 10:01:00,8175,8125,8175,8125,0
2022-11-07 10:02:00,8175,8125,8175,8125,0
2022-11-07 10:03:00,8175,8125,8175,8125,0
2022-11-07 10:04:00,8175,8125,8175,8125,0
2022-11-07 10:05:00,8175,8125,8175,8125,0
2022-11-07 10:06:00,8175,8125,8175,8125,0
2022-11-07 10:07:00,8175,8125,8175,8125,0
2022-11-07 10:08:00,8175,8125,8175,8125,0
2022-11-07 10:09:00,8175,8125,8175,8125,0
2022-11-07 10:10:00,8175,8125,8175,8125,0
2022-11-07 10:11:00,8175,8125,8175,8125,0
2022-11-07 10:12:00,8175,8125,8175,8125,0
2022-11-07 10:13:00,8175,8125,8175,8125,0
2022-11-07 10:14:00,8175,8125,8175,8125,0
2022-11-07 10:15:00,8175,8125,8175,8125,0
2022-11-07 10:16:00,8175,8125,8175,8125,0
2022-11-07 10:17:00,8175,8125,8175,8125,0
2022-11-07 10:18:00,8175,8125,8175,8125,0
2022-11-07 10:19:00,8175,8125,8175,8125,0
2022-11-07 10:20:00,8175,8125,8175,8125,0
2022-11-07 10:21:00,8175,8125,8175,8125,0
2022-11-07 10:22:00,8175,8125,8175,8125,0
2022-11-07 10:23:00,8175,8125,8175,8125,0
2022-11-07 10:24:00,8175,8125,8175,8125,0
2022-11-07 10:25:00,8175,8125,8175,8125,0
2022-11-07 10:26:00,8175,8125,8175,8125,0
2022-11-07 10:27:00,8175,8125,8175,8125,0
2022-11-07 10:28:00,8175,8125,8175,8125,0
2022-11-07 10:29:00,8175,8125,8175,8125,0
2022-11-07 10:30:00,8175,8125,8175,8125,0
2022-11-07 10:31:00,8175,8125,8175,8125,0
2022-11-07 10:32:00,8175,8125,8175,8125,0
2022-11-07 10:33:00,8175,8125,8175,8125,0
2022-11-07 10:34:00,8175,8125,8175,8125,0
2022-11-07 10:35:00,8175,8125,8175,8125,0
2022-11-07 10:36:00,8175,8125,8175,8125,0
2022-11-07 10:37:00,8175,8125,8175,8125,0
2022-11-07 10:38:00,8175,8125,8175,8125,0
2022-11-07 10:39:00,8175,8125,8175,8125,0
2022-11-07 10:40:00,8175,8125,8175,8125,0
2022-11-07 10:41:00,8175,8125,8175,8125,0
2022-11-07 10:42:00,8175,8125,8175,8125,0
2022-11-07 10:43:00,8175,8125,8175,8125,0
2022-11-07 10:44:00,8175,8125,8175,8125,0
2022-11-07 10:45:00,8175,8125,8175,8125,0
2022-11-07 10:46:00,8175,8125,8175,8125,0
2022-11-07 10:47:00,8175,8125,8175,8125,0
2022-11-07 10:48:00,8175,8125,8175,8125,0
2022-11-07 10:49:00,8175,8125,8175,8125,0
2022-11-07 10:50:00,8175,8125,8175,8125,0
2022-11-07 10:51:00,8175,8125,8175,8125,0
2022-11-07 10:52:00,8175,8125,8175,8125,0
2022-11-07 10:53:00,8175,8125,8175,8125,0
2022-11-07 10:54:00,8175,8125,8175,8125,0
2022-11-07 10:55:00,8175,8125,8175,8125,0
2022-11-07 10:56:00,8175,8125,8175,8125,0
2022-11-07 10:57:00,8175,8125,8175,8125,0
2022-11-07 10:58:00,8175,8125,8175,8125,0
2022-11-07 10:59:00,8175,8125,8175,8125,0
2022-11-07 11:00:00,8175,8125,8175,8125,0
2022-11-07 11:01:00,8175,8125,8175,8125,0
2022-11-07 11:02:00,8175,8125,8175,8125,0
2022-11-07 11:03:00,8175,8125,8175,8125,0
2022-11-07 11:04:00,8175,8125,8175,8125,0
2022-11-07 11:05:00,8175,8125,8175,8125,0
2022-11-07 11:06:00,8175,8125,8175,8125,0
2022-11-07 11:07:00,8175,8125,8175,8125,0
2022-11-07 11:08:00,8175,8125,8175,8125,0
2022-11-07 11:09:00,8175,8125,8175,8125,0
2022-11-07 11:10:00,8175,8125,8175,8125,0
2022-11-07 11:11:00,8175,8125,8175,8125,0
2022-11-07 11:12:00,8175,8125,8175,8125,0
2022-11-07 11:13:00,8175,8125,8175,8125,0
2022-11-07 11:14:00,8175,8125,8175,8125,0
2022-11-07 11:15:00,8175,8125,8175,8125,0
2022-11-07 11:16:00,8175,8125,8175,8125,0
2022-11-07 11:17:00,8175,8125,8175,8125,0
2022-11-07 11:18:00,8175,8125,8175,8125,0
2022-11-07 11:19:00,8175,8125,8175,8125,0
2022-11-07 11:20:00,8175,8125,8175,8125,0
2022-11-07 11:21:00,8175,8125,8175,8125,0
2022-11-07 11:22:00,8175,8125,8175,8125,0
2022-11-07 11:23:00,8175,8125,8175,8125,0
2022-11-07 11:24:00,8175,8125,8175,8125,0
2022-11-07 11:25:00,8175,8125,8175,8125,0
2022-11-07 11:26:00,8175,8125,8175,8125,0
2022-11-07 11:27:00,8175,8125,8175,8125,0
2022-11-07 11:28:00,8175,8125,8175,8125,0
2022-11-07 11:29:00,8175,8125,8175,8125,0
2022-11-07 11:30:00,8175,8125,8175,8125,0
2022-11-07 11:31:00,8175,8125,8175,8125,0
2022-11-07 11:32:00,8175,8125,8175,8125,0
2022-11-07 11:33:00,8175,8125,8175,8125,0
2022-11-07 11:34:00,8175,8125,8175,8125,0
2022-11-07 11:35:00,8175,8125,8175,8125,0
2022-11-07 11:36:00,8175,8125,8175,8125,0
2022-11-07 11:37:00,8175,8125,8175,8125,0
2022-11-07 11:38:00,8175,8125,8175,8125,0
2022-11-07 11:39:00,8175,8125,8175,8125,0
2022-11-07 11:40:00,8175,8125,8175,8125,0
2022-11-07 11:41:00,8175,8125,8175,8125,0
2022-11-07 11:42:00,8175,8125,8175,8125,0
2022-11-07 11:43:00,8175,8125,8175,8125,0
2022-11-07 11:44:00,8175,8125,8175,8125,0
2022-11-07 11:45:00,8175,8125,8175,8125,0
2022-11-07 11:46:00,8175,8125,8175,8125,0
2022-11-07 11:47:00,8175,8125,8175,8125,0
2022-11-07 11:48:00,8175,8125,8175,8125,0
2022-11-07 11:49:00,8175,8125,8175,8125,0
2022-11-07 11:50:00,8175,8125,8175,8125,0
2022-11-07 11:51:00,8175,8125,8175,8125,0
2022-11-07 11:52:00,8175,8125,8175,8125,0
2022-11-07 11:53:00,8175,8125,8175,8125,0
2022-11-07 11:54:00,8175,8125,8175,8125,0
2022-11-07 11:55:00,8175,8125,8175,8125,0
2022-11-07 11:56:00,8175,8125,8175,8125,0
2022-11-07 11:57:00,8175,8125,8175,8125,0
2022-11-07 11:58:00,8175,8125,8175,8125,0
2022-11-07 11:59:00,8175,8125,8175,8125,0
2022-11-07 12:00:00,8175,8125,8175,8125,0
2022-11-07 12:01:00,8175,8125,8175,8125,0
2022-11-07 12:02:00,8175,8125,8175,8125,0
2022-11-07 12:03:00,8175,8125,8175,8125,0
2022-11-07 12:04:00,8175,8125,8175,8125,0
2022-11-07 12:05:00,8175,8125,8175,8125,0
2022-11-07 12:06:00,8175,8125,8175,8125,0
2022-11-07 12:07:00,8175,8125,8175,8125,0
2022-11-07 12:08:00,8175,8125,8175,8125,0
2022-11-07 12:09:00,8175,8125,8175,8125,0
2022-11-07 12:10:00,8175,8125,8175,8125,0
2022-11-07 12:11:00,8175,8125,8175,8125,0
2022-11-07 12:12:00,8175,8125,8175,8125,0
2022-11-07 12:13:00,8175,8125,8175,8125,0
2022-11-07 12:14:00,8175,8125,8175,8125,0
2022-11-07 12:15:00,8175,8125,8175,8125,0
2022-11-07 12:16:00,8175,8125,8175,8125,0
2022-11-07 12:17:00,8175,8125,8175,8125,0
2022-11-07 12:18:00,8175,8125,8175,8125,0
2022-11-07 12:19:00,8175,8125,8175,8125,0
2022-11-07 12:20:00,8175,8125,8175,8125,0
2022-11-07 12:21:00,8175,8125,8175,8125,0
2022-11-07 12:22:00,8175,8125,8175,8125,0
2022-11-07 12:23:00,8175,8125,8175,8125,0
2022-11-07 12:24:00,8175,8125,8175,8125,0
2022-11-07 12:25:00,8175,8125,8175,8125,0
2022-11-07 12:26:00,8175,8125,8175,8125,0
2022-11-07 12:27:00,8175,8125,8175,8125,0
2022-11-07 12:28:00,8175,8125,8175,8125,0
2022-11-07 12:29:00,8175,8125,8175,8125,0
2022-11-07 12:30:00,8175,8125,8175,8125,0
2022-11-07 12:31:00,8175,8125,8175,8125,0
2022-11-07 12:32:00,8175,8125,8175,8125,0
2022-11-07 12:33:00,8175,8125,8175,8125,0
2022-11-07 12:34:00,8175,8125,8175,8125,0
2022-11-07 12:35:00,8175,8125,8175,8125,0
2022-11-07 12:36:00,8175,8125,8175,8125,0
2022-11-07 12:37:00,8175,8125,8175,8125,0
2022-11-07 12:38:00,8175,8125,8175,8125,0
2022-11-07 12:39:00,8175,8125,8175,8125,0
2022-11-07 12:40:00,8175,8125,8175,8125,0
2022-11-07 12:41:00,8175,8125,8175,8125,0
2022-11-07 12:42:00,8175,8125,8175,8125,0
2022-11-07 12:43:00,8175,8125,8175,8125,0
2022-11-07 12:44:00,8175,8125,8175,8125,0
2022-11-07 12:45:00,8175,8125,8175,8125,0
2022-11-07 12:46:00,8175,8125,8175,8125,0
2022-11-07 12:47:00,8175,8125,8175,8125,0
2022-11-07 12:48:00,8175,8125,8175,8125,0
2022-11-07 12:49:00,8175,8125,8175,8125,0
2022-11-07 12:50:00,8175,8125,8175,8125,0
2022-11-07 12:51:00,8175,8125,8175,8125,0
2022-11-07 12:52:00,8175,8125,8175,8125,0
2022-11-07 12:53:00,8175,8125,8175,8125,0
2022-11-07 12:54:00,8175,8125,8175,8125,0
2022-11-07 12:55:00,8175,8125,8175,8125,0
2022-11-07 12:56:00,8175,8125,8175,8125,0
2022-11-07 12:57:00,8175,8125,8175,8125,0
2022-11-07 12:58:00,8175,8125,8175,8125,0
2022-11-07 12:59:00,8175,8125,8175,8125,0
2022-11-07 13:00:00,8175,8125,8175,8125,0
2022-11-07 13:01:00,8175,8125,8175,8125,0
2022-11-07 13:02:00,8175,8125,8175,8125,0
2022-11-07 13:03:00,8175,8125,8175,8125,0
2022-11-07 13:04:00,8175,8125,8175,8125,0
2022-11-07 13:05:00,8175,8125,8175,8125,0
2022-11-07 13:06:00,8175,8125,8175,8125,0
2022-11-07 13:07:00,8175,8125,8175,8125,0
2022-11-07 13:08:00,8175,8125,8175,8125,0
2022-11-07 13:09:00,8175,8125,8175,8125,0
2022-11-07 13:10:00,8175,8125,8175,8125,0
2022-11-07 13:11:00,8175,8125,8175,8125,0
2022-11-07 13:12:00,8175,8125,8175,8125,0
2022-11-07 13:13:00,8175,8125,8175,8125,0
2022-11-07 13:14:00,8175,8125,8175,8125,0
2022-11-07 13:15:00,8175,8125,8175,8125,0
2022-11-07 13:16:00,8175,8125,8175,8125,0
2022-11-07 13:17:00,8175,8125,8175,8125,0
2022-11-07 13:18:00,8175,8125,8175,8125,0
2022-11-07 13:19:00,8175,8125,8175,8125,0
2022-11-07 13:20:00,8175,8125,8175,8125,0
2022-11-07 13:21:00,8175,8125,8175,8125,0
2022-11-07 13:22:00,8175,8125,8175,8125,0
2022-11-07 13:23:00,8175,8125,8175,8125,0
2022-11-07 13:24:00,8175,8125,8175,8125,0
2022-11-07 13:25:00,8175,8125,8175,8125,0
2022-11-07 13:26:00,8175,8125,8175,8125,0
2022-11-07 13:27:00,8175,8125,8175,8125,0
2022-11-07 13:28:00,8175,8125,8175,8125,0
2022-11-07 13:29:00,8175,8125,8175,8125,0
2022-11-07 13:30:00,8175,8125,8175,8125,0
2022-11-07 13:31:00,8175,8125,8175,8125,0
2022-11-07 13:32:00,8175,8125,8175,8125,0
2022-11-07 13:33:00,8175,8125,8175,8125,0
2022-11-07 13:34:00,8175,8125,8175,8125,0
2022-11-07 13:35:00,8175,8125,8175,8125,0
2022-11-07 13:36:00,8175,8125,8175,8125,0
2022-11-07 13:37:00,8175,8125,8175,8125,0
2022-11-07 13:38:00,8175,8125,8175,8125,0
2022-11-07 13:39:00,8175,8125,8175,8125,0
2022-11-07 13:40:00,8175,8125,8175,8125,0
2022-11-07 13:41:00,8175,8125,8175,8125,0
2022-11-07 13:42:00,8175,8125,8175,8125,0
2022-11-07 13:43:00,8175,8125,8175,8125,0
2022-11-07 13:44:00,8175,8125,8175,8125,0
2022-11-07 13:45:00,8175,8125,8175,8125,0
2022-11-07 13:46:00,8175,8125,8175,8125,0
2022-11-07 13:47:00,8175,8125,8175,8125,0
2022-11-07 13:48:00,8175,8125,8175,8125,0
2022-11-07 13:49:00,8175,8125,8175,8125,0
2022-11-07 13:50:00,8175,8125,8175,8125,0
2022-11-07 13:51:00,8175,8125,8175,8125,0
2022-11-07 13:52:00,8175,8125,8175,8125,0
2022-11-07 13:53:00,8175,8125,8175,8125,0
2022-11-07 13:54:00,8175,8125,8175,8125,0
2022-11-07 13:55:00,8175,8125,8175,8125,0
2022-11-07 13:56:00,8175,8125,8175,8125,0
2022-11-07 13:57:00,8175,8125,8175,8125,0
2022-11-07 13:58:00,8175,8125,8175,8125,0
2022-11-07 13:59:00,8175,8125,8175,8125,0
2022-11-07 14:00:00,8175,8125,8175,8125,0
2022-11-07 14:01:00,8175,8125,8175,8125,0
2022-11-07 14:02:00,8175,8125,8175,8125,0
2022-11-07 14:03:00,8175,8125,8175,8125,0
2022-11-07 14:04:00,8175,8125,8175,8125,0
2022-11-07 14:05:00,8175,8125,8175,8125,0
2022-11-07 14:06:00,8175,8125,8175,8125,0
2022-11-07 14:07:00,8175,8125,8175,8125,0
2022-11-07 14:08:00,8175,8125,8175,8125,0
2022-11-07 14:09:00,8175,8125,8175,8125,0
2022-11-07 14:10:00,8175,8125,8175,8125,0
2022-11-07 14:11:00,8175,8125,8175,8125,0
2022-11-07 14:12:00,8175,8125,8175,8125,0
2022-11-07 14:13:00,8175,8125,8175,8125,0
2022-11-07 14:14:00,8175,8125,8175,8125,0
2022-11-07 14:15:00,8175,8125,8175,8125,0
2022-11-07 14:16:00,8175,8125,8175,8125,0
2022-11-07 14:17:00,8175,8125,8175,8125,0
2022-11-07 14:18:00,8175,8125,8175,8125,0
2022-11-07 14:19:00,8175,8125,8175,8125,0
2022-11-07 14:20:00,8175,8125,8175,8125,0
2022-11-07 14:21:00,8175,8125,8175,8125,0
2022-11-07 14:22:00,8175,8125,8175,8125,0
2022-11-07 14:23:00,8175,8125,8175,8125,0
2022-11-07 14:24:00,8175,8125,8175,8125,0
2022-11-07 14:25:00,8175,8125,8175,8125,0
2022-11-07 14:26:00,8175,8125,8175,8125,0
2022-11-07 14:27:00,8175,8125,8175,8125,0
2022-11-07 14:28:00,8175,8125,8175,8125,0
2022-11-07 14:29:00,8175,8125,8175,8125,0
2022-11-07 14:30:00,8175,8125,8175,8125,0
2022-11-07 14:31:00,8175,8125,8175,8125,0
2022-11-07 14:32:00,8175,8125,8175,8125,0
2022-11-07 14:33:00,8175,8125,8175,8125,0
2022-11-07 14:34:00,8175,8125,8175,8125,0
2022-11-07 14:35:00,8175,8125,8175,8125,0
2022-11-07 14:36:00,8175,8125,8175,8125,0
2022-11-07 14:37:00,8175,8125,8175,8125,0
2022-11-07 14:38:00,8175,8125,8175,8125,0
2022-11-07 14:39:00,8175,8125,8175,8125,0
2022-11-07 14:40:00,8175,8125,8175,8125,0
2022-11-07 14:41:00,8175,8125,8175,8125,0
2022-11-07 14:42:00,8175,8125,8175,8125,0
2022-11-07 14:43:00,8175,8125,8175,8125,0
2022-11-07 14:44:00,8175,8125,8175,8125,0
2022-11-07 14:45:00,8175,8125,8175,8125,0
2022-11-07 14:46:00,8175,8125,8175,8125,0
2022-11-07 14:47:00,8175,8125,8175,8125,0
2022-11-07 14:48:00,8175,8125,8175,8125,0
2022-11-07 14:49:00,8175,8125,8175,8125,0
2022-11-07 14:50:00,8175,8125,8175,8125,0
2022-11-07 14:51:00,8175,8125,8175,8125,0
2022-11-07 14:52:00,8175,8125,8175,8125,0
2022-11-07 14:53:00,8175,8125,8175,8125,0
2022-11-07 14:54:00,8175,8125,8175,8125,0
2022-11-07 14:55:00,8175,8125,8175,8125,0
2022-11-07 14:56:00,8175,8125,8175,8125,0
2022-11-07 14:57:00,8175,8125,8175,8125,0
2022-11-07 14:58:00,8175,8125,8175,8125,0
2022-11-07 14:59:00,8175,8125,8175,8125,0
2022-11-07 15:00:00,8175,8125,8175,8125,0
2022-11-07 15:01:00,8175,8125,8175,8125,0
2022-11-07 15:02:00,8175,8125,8175,8125,0
2022-11-07 15:03:00,8175,8125,8175,8125,0
2022-11-07 15:04:00,8175,8125,8175,8125,0
2022-11-07 15:05:00,8175,8125,8175,8125,0
2022-11-07 15:06:00,8175,8125,8175,8125,0
2022-11-07 15:07:00,8175,8125,8175,8125,0
2022-11-07 15:08:00,8175,8125,8175,8125,0
2022-11-07 15:09:00,8175,8125,8175,8125,0
2022-11-07 15:10:00,8175,8125,8175,8125,0
2022-11-07 15:11:00,8175,8125,8175,8125,0
2022-11-07 15:12:00,8175,8125,8175,8125,0
2022-11-07 15:13:00,8175,8125,8175,8125,0
2022-11-07 15:14:00,8175,8125,8175,8125,0
2022-11-07 15:15:00,8175,8125,8175,8125,0
2022-11-07 15:16:00,8175,8125,8175,8125,0
2022-11-07 15:17:00,8175,8125,8175,8125,0
2022-11-07 15:18:00,8175,8125,8175,8125,0
2022-11-07 15:19:00,8175,8125,8175,8125,0
2022-11-07 15:20:00,8175,8125,8175,8125,0
2022-11-07 15:21:00,8175,8125,8175,8125,0
2022-11-07 15:22:00,8175,8125,8175,8125,0
2022-11-07 15:23:00,8175,8125,8175,8125,0
2022-11-07 15:24:00,8175,8125,8175,8125,0
2022-11-07 15:25:00,8175,8125,8175,8125,0
2022-11-07 15:26:00,8175,8125,8175,8125,0
2022-11-07 15:27:00,8175,8125,8175,8125,0
2022-11-07 15:28:00,8175,8125,8175,8125,0
2022-11-07 15:29:00,8175,8125,8175,8125,0
2022-11-07 15:30:00,8175,8125,8175,8125,0
2022-11-07 15:31:00,8175,8125,8175,8125,0
2022-11-07 15:32:00,8175,8125,8175,8125,0
2022-11-07 15:33:00,8175,8125,8175,8125,0
2022-11-07 15:34:00,8175,8125,8175,8125,0
2022-11-07 15:35:00,8175,8125,8175,8125,0
2022-11-07 15:36:00,8175,8125,8175,8125,0
2022-11-07 15:37:00,8175,8125,8175,8125,0
2022-11-07 15:38:00,8175,8125,8175,8125,0
2022-11-07 15:39:00,8175,8125,8175,8125,0
2022-11-07 15:40:00,8175,8125,8175,8125,0
2022-11-07 15:41:00,8175,8125,8175,8125,0
2022-11-07 15:42:00,8175,8125,8175,8125,0
2022-11-07 15:43:00,8175,8125,8175,8125,0
2022-11-07 15:44:00,8175,8125,8175,8125,0
2022-11-07 15:45:00,8175,8125,8175,8125,0
2022-11-07 15:46:00,8175,8125,8175,8125,0
2022-11-07 15:47:00,8175,8125,8175,8125,0
2022-11-07 15:48:00,8175,8125,8175,8125,0
2022-11-07 15:49:00,8175,8125,8175,8125,0
2022-11-07 15:50:00,8175,8125,8175,8125,0
2022-11-07 15:51:00,8175,8125,8175,8125,0
2022-11-07 15:52:00,8175,8125,8175,8125,0
2022-11-07 15:53:00,8175,8125,8175,8125,0
2022-11-07 15:54:00,8175,8125,8175,8125,0
2022-11-07 15:55:00,8175,8125,8175,8125,0
2022-11-07 15:56:00,8175,8125,8175,8125,0
2022-11-07 15:57:00,8175,8125,8175,8125,0
2022-11-07 15:58:00,8175,8125,8175,8125,0
2022-11-07 15:59:00,8175,8125,8175,8125,0
2022-11-08 09:00:00,8175,8125,8175,8125,0
2022-11-08 09:01:00,8175,8125,8175,8125,0
2022-11-08 09:02:00,8175,8125,8175,8125,0
2022-11-08 09:03:00,8175,8125,8175,8125,0
2022-11-08 09:04:00,8175,8125,8175,8125,0
2022-11-08 09:05:00,8175,8125,8175,8125,0
2022-11-08 09:06:00,8175,8125,8175,8125,0
2022-11-08 09:07:00,8175,8125,8175,8125,0
2022-11-08 09:08:00,8175,8125,8175,8125,0
2022-11-08 09:09:00,8175,8125,8175,8125,0
2022-11-08 09:10:00,8175,8125,8175,8125,0
2022-11-08 09:11:00,8175,8125,8175,8125,0
2022-11-08 09:12:00,8175,8125,8175,8125,0
2022-11-08 09:13:00,8175,8125,8175,8125,0
2022-11-08 09:14:00,8175,8125,8175,8125,0
2022-11-08 09:15:00,8175,8125,8175,8125,0
2022-11-08 09:16:00,8175,8125,8175,8125,0
2022-11-08 09:17:00,8175,8125,8175,8125,0
2022-11-08 09:18:00,8175,8125,8175,8125,0
2022-11-08 09:19:00,8175,8125,8175,8125,0
2022-11-08 09:20:00,8175,8125,8175,8125,0
2022-11-08 09:21:00,8175,8125,8175,8125,0
2022-11-08 09:22:00,8175,8125,8175,8125,0
2022-11-08 09:23:00,8175,8125,8175,8125,0
2022-11-08 09:24:00,8175,8125,8175,8125,0
2022-11-08 09:25:00,8175,8125,8175,8125,0
2022-11-08 09:26:00,8175,8125,8175,8125,0
2022-11-08 09:27:00,8175,8125,8175,8125,0
2022-11-08 09:28:00,8175,8125,8175,8125,0
2022-11-08 09:29:00,8175,8125,8175,8125,0
2022-11-08 09:30:00,8175,8125,8175,8125,0
2022-11-08 09:31:00,8175,8125,8175,8125,0
2022-11-08 09:32:00,8175,8125,8175,8125,0
2022-11-08 09:33:00,8175,8125,8175,8125,0
2022-11-08 09:34:00,8175,8125,8175,8125,0
2022-11-08 09:35:00,8175,8125,8175,8125,0
2022-11-08 09:36:00,8175,8125,8175,8125,0
2022-11-08 09:37:00,8175,8125,8175,8125,0
2022-11-08 09:38:00,8175,8125,8175,8125,0
2022-11-08 09:39:00,8175,8125,8175,8125,0
2022-11-08 09:40:00,8175,8125,8175,8125,0
2022-11-08 09:41:00,8175,8125,8175,8125,0
2022-11-08 09:42:00,8175,8125,8175,8125,0
2022-11-08 09:43:00,8175,8125,8175,8125,0
2022-11-08 09:44:00,8175,8125,8175,8125,0
2022-11-08 09:45:00,8175,8125,8175,8125,0
2022-11-08 09:46:00,8175,8125,8175,8125,0
2022-11-08 09:47:00,8175,8125,8175,8125,0
2022-11-08 09:48:00,8175,8125,8175,8125,0
2022-11-08 09:49:00,8175,8125,8175,8125,0
2022-11-08 09:50:00,8175,8125,8175,8125,0
2022-11-08 09:51:00,8175,8125,8175,8125,0
2022-11-08 09:52:00,8175,8125,8175,8125,0
2022-11-08 09:53:00,8175,8125,8175,8125,0
2022-11-08 09:54:00,8175,8125,8175,8125,0
2022-11-08 09:55:00,8175,8125,8175,8125,0
2022-11-08 09:56:00,8175,8125,8175,8125,0
2022-11-08 09:57:00,8175,8125,8175,8125,0
2022-11-08 09:58:00,8175,8125,8175,8125,0
2022-11-08 09:59:00,8175,8125,8175,8125,0
2022-11-08 10:00:00,8175,8125,8175,8125,0
2022-11-08 10:01:00,8175,8125,8175,8125,0
2022-11-08 10:02:00,8175,8125,8175,8125,0
2022-11-08 10:03:00,8175,8125,8175,8125,0
2022-11-08 10:04:00,8175,8125,8175,8125,0
2022-11-08 10:05:00,8175,8125,8175,8125,0
2022-11-08 10:06:00,8175,8125,8175,8125,0
2022-11-08 10:07:00,8175,8125,8175,8125,0
2022-11-08 10:08:00,8175,8125,8175,8125,0
2022-11-08 10:09:00,8175,8125,8175,8125,0
2022-11-08 10:10:00,8175,8125,8175,8125,0
2022-11-08 10:11:00,8175,8125,8175,8125,0
2022-11-08 10:12:00,8175,8125,8175,8125,0
2022-11-08 10:13:00,8175,8125,8175,8125,0
2022-11-08 10:14:00,8175,8125,8175,8125,0
2022-11-08 10:15:00,8175,8125,8175,8125,0
2022-11-08 10:16:00,8175,8125,8175,8125,0
2022-11-08 10:17:00,8175,8125,8175,8125,0
2022-11-08 10:18:00,8175,8125,8175,8125,0
2022-11-08 10:19:00,8175,8125,8175,8125,0
2022-11-08 10:20:00,8175,8125,8175,8125,0
2022-11-08 10:21:00,8175,8125,8175,8125,0
2022-11-08 10:22:00,8175,8125,8175,8125,0
2022-11-08 10:23:00,8175,8125,8175,8125,0
2022-11-08 10:24:00,8175,8125,8175,8125,0
2022-11-08 10:25:00,8175,8125,8175,8125,0
2022-11-08 10:26:00,8175,8125,8175,8125,0
2022-11-08 10:27:00,8175,8125,8175,8125,0
2022-11-08 10:28:00,8175,8125,8175,8125,0
2022-11-08 10:29:00,8175,8125,8175,8125,0
2022-11-08 10:30:00,8175,8125,8175,8125,0
2022-11-08 10:31:00,8175,8125,8175,8125,0
2022-11-08 10:32:00,8175,8125,8175,8125,0
2022-11-08 10:33:00,8175,8125,8175,8125,0
2022-11-08 10:34:00,8175,8125,8175,8125,0
2022-11-08 10:35:00,8175,8125,8175,8125,0
2022-11-08 10:36:00,8175,8125,8175,8125,0
2022-11-08 10:37:00,8175,8125,8175,8125,0
2022-11-08 10:38:00,8175,8125,8175,8125,0
2022-11-08 10:39:00,8175,8125,8175,8125,0
2022-11-08 10:40:00,8175,8125,8175,8125,0
2022-11-08 10:41:00,8175,8125,8175,8125,0
2022-11-08 10:42:00,8175,8125,8175,8125,0
2022-11-08 10:43:00,8175,8125,8175,8125,0
2022-11-08 10:44:00,8175,8125,8175,8125,0
2022-11-08 10:45:00,8175,8125,8175,8125,0
2022-11-08 10:46:00,8175,8125,8175,8125,0
2022-11-08 10:47:00,8175,8125,8175,8125,0
2022-11-08 10:48:00,8175,8125,8175,8125,0
2022-11-08 10:49:00,8175,8125,8175,8125,0
2022-11-08 10:50:00,8175,8125,8175,8125,0
2022-11-08 10:51:00,8175,8125,8175,8125,0
2022-11-08 10:52:00,8175,8125,8175,8125,0
2022-11-08 10:53:00,8175,8125,8175,8125,0
2022-11-08 10:54:00,8175,8125,8175,8125,0
2022-11-08 10:55:00,8175,8125,8175,8125,0
2022-11-08 10:56:00,8175,8125,8175,8125,0
2022-11-08 10:57:00,8175,8125,8175,8125,0
2022-11-08 10:58:00,8175,8125,8175,8125,0
2022-11-08 10:59:00,8175,8125,8175,8125,0
2022-11-08 11:00:00,8175,8125,8175,8125,0
2022-11-08 11:01:00,8175,8125,8175,8125,0
2022-11-08 11:02:00,8175,8125,8175,8125,0
2022-11-08 11:03:00,8175,8125,8175,8125,0
2022-11-08 11:04:00,8175,8125,8175,8125,0
2022-11-08 11:05:00,8175,8125,8175,8125,0
2022-11-08 11:06:00,8175,8125,8175,8125,0
2022-11-08 11:07:00,8175,8125,8175,8125,0
2022-11-08 11:08:00,8175,8125,8175,8125,0
2022-11-08 11:09:00,8175,8125,8175,8125,0
2022-11-08 11:10:00,8175,8125,8175,8125,0
2022-11-08 11:11:00,8175,8125,8175,8125,0
2022-11-08 11:12:00,8175,8125,8175,8125,0
2022-11-08 11:13:00,8175,8125,8175,8125,0
2022-11-08 11:14:00,8175,8125,8175,8125,0
2022-11-08 11:15:00,8175,8125,8175,8125,0
2022-11-08 11:16:00,8175,8125,8175,8125,0
2022-11-08 11:17:00,8175,8125,8175,8125,0
2022-11-08 11:18:00,8175,8125,8175,8125,0
2022-11-08 11:19:00,8175,8125,8175,8125,0
2022-11-08 11:20:00,8175,8125,8175,8125,0
2022-11-08 11:21:00,8175,8125,8175,8125,0
2022-11-08 11:22:00,8175,8125,8175,8125,0
2022-11-08 11:23:00,8175,8125,8175,8125,0
2022-11-08 11:24:00,8175,8125,8175,8125,0
2022-11-08 11:25:00,8175,8125,8175,8125,0
2022-11-08 11:26:00,8175,8125,8175,8125,0
2022-11-08 11:27:00,8175,8125,8175,8125,0
2022-11-08 11:28:00,8175,8125,8175,8125,0
2022-11-08 11:29:00,8175,8125,8175,8125,0
2022-11-08 11:30:00,8175,8125,8175,8125,0
2022-11-08 11:31:00,8175,8125,8175,8125,0
2022-11-08 11:32:00,8175,8125,8175,8125,0
2022-11-08 11:33:00,8175,8125,8175,8125,0
2022-11-08 11:34:00,8175,8125,8175,8125,0
2022-11-08 11:35:00,8175,8125,8175,8125,0
2022-11-08 11:36:00,8175,8125,8175,8125,0
2022-11-08 11:37:00,8175,8125,8175,8125,0
2022-11-08 11:38:00,8175,8125,8175,8125,0
2022-11-08 11:39:00,8175,8125,8175,8125,0
2022-11-08 11:40:00,8175,8125,8175,8125,0
2022-11-08 11:41:00,8175,8125,8175,8125,0
2022-11-08 11:42:00,8175,8125,8175,8125,0
2022-11-08 11:43:00,8175,8125,8175,8125,0
2022-11-08 11:44:00,8175,8125,8175,8125,0
2022-11-08 11:45:00,8175,8125,8175,8125,0
2022-11-08 11:46:00,8175,8125,8175,8125,0
2022-11-08 11:47:00,8175,8125,8175,8125,0
2022-11-08 11:48:00,8175,8125,8175,8125,0
2022-11-08 11:49:00,8175,8125,8175,8125,0
2022-11-08 11:50:00,8175,8125,8175,8125,0
2022-11-08 11:51:00,8175,8125,8175,8125,0
2022-11-08 11:52:00,8175,8125,8175,8125,0
2022-11-08 11:53:00,8175,8125,8175,8125,0
2022-11-08 11:54:00,8175,8125,8175,8125,0
2022-11-08 11:55:00,8175,8125,8175,8125,0
2022-11-08 11:56:00,8175,8125,8175,8125,0
2022-11-08 11:57:00,8175,8125,8175,8125,0
2022-11-08 11:58:00,8175,8125,8175,8125,0
2022-11-08 11:59:00,8175,8125,8175,8125,0
2022-11-08 12:00:00,8175,8125,8175,8125,0
2022-11-08 12:01:00,8175,8125,8175,8125,0
2022-11-08 12:02:00,8175,8125,8175,8125,0
2022-11-08 12:03:00,8175,8125,8175,8125,0
2022-11-08 12:04:00,8175,8125,8175,8125,0
2022-11-08 12:05:00,8175,8125,8175,8125,0
2022-11-08 12:06:00,8175,8125,8175,8125,0
2022-11-08 12:07:00,8175,8125,8175,8125,0
2022-11-08 12:08:00,8175,8125,8175,8125,0
2022-11-08 12:09:00,8175,8125,8175,8125,0
2022-11-08 12:10:00,8175,8125,8175,8125,0
2022-11-08 12:11:00,8175,8125,8175,8125,0
2022-11-08 12:12:00,8175,8125,8175,8125,0
2022-11-08 12:13:00,8175,8125,8175,8125,0
2022-11-08 12:14:00,8175,8125,8175,8125,0
2022-11-08 12:15:00,8175,8125,8175,8125,0
2022-11-08 12:16:00,8175,8125,8175,8125,0
2022-11-08 12:17:00,8175,8125,8175,8125,0
2022-11-08 12:18:00,8175,8125,8175,8125,0
2022-11-08 12:19:00,8175,8125,8175,8125,0
2022-11-08 12:20:00,8175,8125,8175,8125,0
2022-11-08 12:21:00,8175,8125,8175,8125,0
2022-11-08 12:22:00,8175,8125,8175,8125,0
2022-11-08 12:23:00,8175,8125,8175,8125,0
2022-11-08 12:24:00,8175,8125,8175,8125,0
2022-11-08 12:25:00,8175,8125,8175,8125,0
2022-11-08 12:26:00,8175,8125,8175,8125,0
2022-11-08 12:27:00,8175,8125,8175,8125,0
2022-11-08 12:28:00,8175,8125,8175,8125,0
2022-11-08 12:29:00,8175,8125,8175,8125,0
2022-11-08 12:30:00,8175,8125,8175,8125,0
2022-11-08 12:31:00,8175,8125,8175,8125,0
2022-11-08 12:32:00,8175,8125,8175,8125,0
2022-11-08 12:33:00,8175,8125,8175,8125,0
2022-11-08 12:34:00,8175,8125,8175,8125,0
2022-11-08 12:35:00,8175,8125,8175,8125,0
2022-11-08 12:36:00,8175,8125,8175,8125,0
2022-11-08 12:37:00,8175,8125,8175,8125,0
2022-11-08 12:38:00,8175,8125,8175,8125,0
2022-11-08 12:39:00,8175,8125,8175,8125,0
2022-11-08 12:40:00,8175,8125,8175,8125,0
2022-11-08 12:41:00,8175,8125,8175,8125,0
2022-11-08 12:42:00,8175,8125,8175,8125,0
2022-11-08 12:43:00,8175,8125,8175,8125,0
2022-11-08 12:44:00,8175,8125,8175,8125,0
2022-11-08 12:45:00,8175,8125,8175,8125,0
2022-11-08 12:46:00,8175,8125,8175,8125,0
2022-11-08 12:47:00,8175,8125,8175,8125,0
2022-11-08 12:48:00,8175,8125,8175,8125,0
2022-11-08 12:49:00,8175,8125,8175,8125,0
2022-11-08 12:50:00,8175,8125,8175,8125,0
2022-11-08 12:51:00,8175,8125,8175,8125,0
2022-11-08 12:52:00,8175,8125,8175,8125,0
2022-11-08 12:53:00,8175,8125,8175,8125,0
2022-11-08 12:54:00,8175,8125,8175,8125,0
2022-11-08 12:55:00,8175,8125,8175,8125,0
2022-11-08 12:56:00,8175,8125,8175,8125,0
2022-11-08 12:57:00,8175,8125,8175,8125,0
2022-11-08 12:58:00,8175,8125,8175,8125,0
2022-11-08 12:59:00,8175,8125,8175,8125,0
2022-11-08 13:00:00,8175,8125,8175,8125,0
2022-11-08 13:01:00,8175,8125,8175,8125,0
2022-11-08 13:02:00,8175,8125,8175,8125,0
2022-11-08 13:03:00,8175,8125,8175,8125,0
2022-11-08 13:04:00,8175,8125,8175,8125,0
2022-11-08 13:05:00,8175,8125,8175,8125,0
2022-11-08 13:06:00,8175,8125,8175,8125,0
2022-11-08 13:07:00,8175,8125,8175,8125,0
2022-11-08 13:08:00,8175,8125,8175,8125,0
2022-11-08 13:09:00,8175,8125,8175,8125,0
2022-11-08 13:10:00,8175,8125,8175,8125,0
2022-11-08 13:11:00,8175,8125,8175,8125,0
2022-11-08 13:12:00,8175,8125,8175,8125,0
2022-11-08 13:13:00,8175,8125,8175,8125,0
2022-11-08 13:14:00,8175,8125,8175,8125,0
2022-11-08 13:15:00,8175,8125,8175,8125,0
2022-11-08 13:16:00,8175,8125,8175,8125,0
2022-11-08 13:17:00,8175,8125,8175,8125,0
2022-11-08 13:18:00,8175,8125,8175,8125,0
2022-11-08 13:19:00,8175,8125,8175,8125,0
2022-11-08 13:20:00,8175,8125,8175,8125,0
2022-11-08 13:21:00,8175,8125,8175,8125,0
2022-11-08 13:22:00,8175,8125,8175,8125,0
2022-11-08 13:23:00,8175,8125,8175,8125,0
2022-11-08 13:24:00,8175,8125,8175,8125,0
2022-11-08 13:25:00,8175,8125,8175,8125,0
2022-11-08 13:26:00,8175,8125,8175,8125,0
2022-11-08 13:27:00,8175,8125,8175,8125,0
2022-11-08 13:28:00,8175,8125,8175,8125,0
2022-11-08 13:29:00,8175,8125,8175,8125,0
2022-11-08 13:30:00,8175,8125,8175,8125,0
2022-11-08 13:31:00,8175,8125,8175,8125,0
2022-11-08 13:32:00,8175,8125,8175,8125,0
2022-11-08 13:33:00,8175,8125,8175,8125,0
2022-11-08 13:34:00,8175,8125,8175,8125,0
2022-11-08 13:35:00,8175,8125,8175,8125,0
2022-11-08 13:36:00,8175,8125,8175,8125,0
2022-11-08 13:37:00,8175,8125,8175,8125,0
2022-11-08 13:38:00,8175,8125,8175,8125,0
2022-11-08 13:39:00,8175,8125,8175,8125,0
2022-11-08 13:40:00,8175,8125,8175,8125,0
2022-11-08 13:41:00,8175,8125,8175,8125,0
2022-11-08 13:42:00,8175,8125,8175,8125,0
2022-11-08 13:43:00,8175,8125,8175,8125,0
2022-11-08 13:44:00,8175,8125,8175,8125,0
2022-11-08 13:45:00,8175,8125,8175,8125,0
2022-11-08 13:46:00,8175,8125,8175,8125,0
2022-11-08 13:47:00,8175,8125,8175,8125,0
2022-11-08 13:48:00,8175,8125,8175,8125,0
2022-11-08 13:49:00,8175,8125,8175,8125,0
2022-11-08 13:50:00,8175,8125,8175,8125,0
2022-11-08 13:51:00,8175,8125,8175,8125,0
2022-11-08 13:52:00,8175,8125,8175,8125,0
2022-11-08 13:53:00,8175,8125,8175,8125,0
2022-11-08 13:54:00,8175,8125,8175,8125,0
2022-11-08 13:55:00,8175,8125,8175,8125,0
2022-11-08 13:56:00,8175,8125,8175,8125,0
2022-11-08 13:57:00,8175,8125,8175,8125,0
2022-11-08 13:58:00,8175,8125,8175,8125,0
2022-11-08 13:59:00,8175,8125,8175,8125,0
2022-11-08 14:00:00,8175,8125,8175,8125,0
2022-11-08 14:01:00,8175,8125,8175,8125,0
2022-11-08 14:02:00,8175,8125,8175,8125,0
2022-11-08 14:03:00,8175,8125,8175,8125,0
2022-11-08 14:04:00,8175,8125,8175,8125,0
2022-11-08 14:05:00,8175,8125,8175,8125,0
2022-11-08 14:06:00,8175,8125,8175,8125,0
2022-11-08 14:07:00,8175,8125,8175,8125,0
2022-11-08 14:08:00,8175,8125,8175,8125,0
2022-11-08 14:09:00,8175,8125,8175,8125,0
2022-11-08 14:10:00,8175,8125,8175,8125,0
2022-11-08 14:11:00,8175,8125,8175,8125,0
2022-11-08 14:12:00,8175,8125,8175,8125,0
2022-11-08 14:13:00,8175,8125,8175,8125,0
2022-11-08 14:14:00,8175,8125,8175,8125,0
2022-11-08 14:15:00,8175,8125,8175,8125,0
2022-11-08 14:16:00,8175,8125,8175,8125,0
2022-11-08 14:17:00,8175,8125,8175,8125,0
2022-11-08 14:18:00,8175,8125,8175,8125,0
2022-11-08 14:19:00,8175,8125,8175,8125,0
2022-11-08 14:20:00,8175,8125,8175,8125,0
2022-11-08 14:21:00,8175,8125,8175,8125,0
2022-11-08 14:22:00,8175,8125,8175,8125,0
2022-11-08 14:23:00,8175,8125,8175,8125,0
2022-11-08 14:24:00,8175,8125,8175,8125,0
2022-11-08 14:25:00,8175,8125,8175,8125,0
2022-11-08 14:26:00,8175,8125,8175,8125,0
2022-11-08 14:27:00,8175,8125,8175,8125,0
2022-11-08 14:28:00,8175,8125,8175,8125,0
2022-11-08 14:29:00,8175,8125,8175,8125,0
2022-11-08 14:30:00,8175,8125,8175,8125,0
2022-11-08 14:31:00,8175,8125,8175,8125,0
2022-11-08 14:32:00,8175,8125,8175,8125,0
2022-11-08 14:33:00,8175,8125,8175,8125,0
2022-11-08 14:34:00,8175,8125,8175,8125,0
2022-11-08 14:35:00,8175,8125,8175,8125,0
2022-11-08 14:36:00,8175,8125,8175,8125,0
2022-11-08 14:37:00,8175,8125,8175,8125,0
2022-11-08 14:38:00,8175,8125,8175,8125,0
2022-11-08 14:39:00,8175,8125,8175,8125,0
2022-11-08 14:40:00,8175,8125,8175,8125,0
2022-11-08 14:41:00,8175,8125,8175,8125,0
2022-11-08 14:42:00,8175,8125,8175,8125,0
2022-11-08 14:43:00,8175,8125,8175,8125,0
2022-11-08 14:44:00,8175,8125,8175,8125,0
2022-11-08 14:45:00,8175,8125,8175,8125,0
2022-11-08 14:46:00,8175,8125,8175,8125,0
2022-11-08 14:47:00,8175,8125,8175,8125,0
2022-11-08 14:48:00,8175,8125,8175,8125,0
2022-11-08 14:49:00,8175,8125,8175,8125,0
2022-11-08 14:50:00,8175,8125,8175,8125,0
2022-11-08 14:51:00,8175,8125,8175,8125,0
2022-11-08 14:52:00,8175,8125,8175,8125,0
2022-11-08 14:53:00,8175,8125,8175,8125,0
2022-11-08 14:54:00,8175,8125,8175,8125,0
2022-11-08 14:55:00,8175,8125,8175,8125,0
2022-11-08 14:56:00,8175,8125,8175,8125,0
2022-11-08 14:57:00,8175,8125,8175,8125,0
2022-11-08 14:58:00,8175,8125,8175,8125,0
2022-11-08 14:59:00,8175,8125,8175,8125,0
2022-11-08 15:00:00,8175,8125,8175,8125,0
2022-11-08 15:01:00,8175,8125,8175,8125,0
2022-11-08 15:02:00,8175,8125,8175,8125,0
2022-11-08 15:03:00,8175,8125,8175,8125,0
2022-11-08 15:04:00,8175,8125,8175,8125,0
2022-11-08 15:05:00,8175,8125,8175,8125,0
2022-11-08 15:06:00,8175,8125,8175,8125,0
2022-11-08 15:07:00,8175,8125,8175,8125,0
2022-11-08 15:08:00,8175,8125,8175,8125,0
2022-11-08 15:09:00,8175,8125,8175,8125,0
2022-11-08 15:10:00,8175,8125,8175,8125,0
2022-11-08 15:11:00,8175,8125,8175,8125,0
2022-11-08 15:12:00,8175,8125,8175,8125,0
2022-11-08 15:13:00,8175,8125,8175,8125,0
2022-11-08 15:14:00,8175,8125,8175,8125,0
2022-11-08 15:15:00,8175,8125,8175,8125,0
2022-11-08 15:16:00,8175,8125,8175,8125,0
2022-11-08 15:17:00,8175,8125,8175,8125,0
2022-11-08 15:18:00,8175,8125,8175,8125,0
2022-11-08 15:19:00,8175,8125,8175,8125,0
2022-11-08 15:20:00,8175,8125,8175,8125,0
2022-11-08 15:21:00,8175,8125,8175,8125,0
2022-11-08 15:22:00,8175,8125,8175,8125,0
2022-11-08 15:23:00,8175,8125,8175,8125,0
2022-11-08 15:24:00,8175,8125,8175,8125,0
2022-11-08 15:25:00,8175,8125,8175,8125,0
2022-11-08 15:26:00,8175,8125,8175,8125,0
2022-11-08 15:27:00,8175,8125,8175,8125,0
2022-11-08 15:28:00,8175,8125,8175,8125,0
2022-11-08 15:29:00,8175,8125,8175,8125,0
2022-11-08 15:30:00,8175,8125,8175,8125,0
2022-11-08 15:31:00,8175,8125,8175,8125,0
2022-11-08 15:32:00,8175,8125,8175,8125,0
2022-11-08 15:33:00,8175,8125,8175,8125,0
2022-11-08 15:34:00,8175,8125,8175,8125,0
2022-11-08 15:35:00,8175,8125,8175,8125,0
2022-11-08 15:36:00,8175,8125,8175,8125,0
2022-11-08 15:37:00,8175,8125,8175,8125,0
2022-11-08 15:38:00,8175,8125,8175,8125,0
2022-11-08 15:39:00,8175,8125,8175,8125,0
2022-11-08 15:40:00,8175,8125,8175,8125,0
2022-11-08 15:41:00,8175,8125,8175,8125,0
2022-11-08 15:42:00,8175,8125,8175,8125,0
2022-11-08 15:43:00,8175,8125,8175,8125,0
2022-11-08 15:44:00,8175,8125,8175,8125,0
2022-11-08 15:45:00,8175,8125,8175,8125,0
2022-11-08 15:46:00,8175,8125,8175,8125,0
2022-11-08 15:47:00,8175,8125,8175,8125,0
2022-11-08 15:48:00,8175,8125,8175,8125,0
2022-11-08 15:49:00,8175,8125,8175,8125,0
2022-11-08 15:50:00,8175,8125,8175,8125,0
2022-11-08 15:51:00,8175,8125,8175,8125,0
2022-11-08 15:52:00,8175,8125,8175,8125,0
2022-11-08 15:53:00,8175,8125,8175,8125,0
2022-11-08 15:54:00,8175,8125,8175,8125,0
2022-11-08 15:55:00,8175,8125,8175,8125,0
2022-11-08 15:56:00,8175,8125,8175,8125,0
2022-11-08 15:57:00,8175,8125,8175,8125,0
2022-11-08 15:58:00,8175,8125,8175,8125,0
2022-11-08 15:59:00,8175,8125,8175,8125,0
2022-11-09 09:00:00,8175,8125,8175,8125,0
2022-11-09 09:01:00,8175,8125,8175,8125,0
2022-11-09 09:02:00,8225,8200,8225,8200,71500
2022-11-09 09:03:00,8200,8200,8225,8200,19500
2022-11-09 09:04:00,8200,8175,8200,8175,15200
2022-11-09 09:05:00,8175,8175,8225,8225,47700
2022-11-09 09:06:00,8225,8175,8225,8200,46700
2022-11-09 09:07:00,8200,8175,8200,8175,25700
2022-11-09 09:08:00,8200,8200,8200,8200,1300
2022-11-09 09:09:00,8200,8200,8200,8200,700
2022-11-09 09:10:00,8175,8175,8175,8175,10500
2022-11-09 09:11:00,8175,8175,8175,8175,0
2022-11-09 09:12:00,8175,8175,8175,8175,2300
2022-11-09 09:13:00,8175,8175,8175,8175,0
2022-11-09 09:14:00,8200,8200,8200,8200,1000
2022-11-09 09:15:00,8200,8200,8200,8200,0
2022-11-09 09:16:00,8200,8200,8200,8200,2300
2022-11-09 09:17:00,8200,8175,8200,8175,38700
2022-11-09 09:18:00,8150,8150,8150,8150,5400
2022-11-09 09:19:00,8150,8150,8150,8150,43800
2022-11-09 09:20:00,8150,8100,8150,8125,195400
2022-11-09 09:21:00,8125,8125,8150,8125,17100
2022-11-09 09:22:00,8125,8125,8150,8150,0
2022-11-09 09:23:00,8125,8125,8150,8150,1400
2022-11-09 09:24:00,8125,8125,8175,8175,69100
2022-11-09 09:25:00,8175,8175,8175,8175,29500
2022-11-09 09:26:00,8175,8175,8175,8175,0
2022-11-09 09:27:00,8175,8175,8175,8175,15100
2022-11-09 09:28:00,8175,8175,8175,8175,0
2022-11-09 09:29:00,8175,8150,8175,8150,1200
2022-11-09 09:30:00,8150,8150,8175,8175,5500
2022-11-09 09:31:00,8175,8175,8200,8200,20800
2022-11-09 09:32:00,8200,8175,8200,8175,600
2022-11-09 09:33:00,8175,8175,8175,8175,1300
2022-11-09 09:34:00,8175,8175,8175,8175,0
2022-11-09 09:35:00,8175,8175,8175,8175,2100
2022-11-09 09:36:00,8175,8175,8175,8175,21100
2022-11-09 09:37:00,8175,8175,8175,8175,30900
2022-11-09 09:38:00,8175,8175,8175,8175,9500
2022-11-09 09:39:00,8175,8175,8175,8175,2500
2022-11-09 09:40:00,8175,8175,8175,8175,2600
2022-11-09 09:41:00,8175,8175,8175,8175,300
2022-11-09 09:42:00,8175,8175,8175,8175,300
2022-11-09 09:43:00,8175,8175,8175,8175,0
2022-11-09 09:44:00,8175,8175,8175,8175,400
2022-11-09 09:45:00,8175,8150,8175,8150,10600
2022-11-09 09:46:00,8150,8150,8175,8175,300
2022-11-09 09:47:00,8175,8150,8175,8150,900
2022-11-09 09:48:00,8150,8150,8150,8150,100
2022-11-09 09:49:00,8150,8150,8175,8175,500
2022-11-09 09:50:00,8175,8175,8175,8175,1200
2022-11-09 09:51:00,8150,8150,8150,8150,0
2022-11-09 09:52:00,8150,8150,8175,8175,300
2022-11-09 09:53:00,8175,8175,8175,8175,200
2022-11-09 09:54:00,8175,8175,8175,8175,1300
2022-11-09 09:55:00,8175,8175,8175,8175,900
2022-11-09 09:56:00,8150,8150,8150,8150,1300
2022-11-09 09:57:00,8150,8150,8175,8175,1200
2022-11-09 09:58:00,8150,8150,8150,8150,4300
2022-11-09 09:59:00,8150,8150,8150,8150,1700
2022-11-09 10:00:00,8150,8150,8175,8150,10800
2022-11-09 10:01:00,8150,8150,8150,8150,2000
2022-11-09 10:02:00,8150,8150,8150,8150,200
2022-11-09 10:03:00,8175,8150,8175,8150,1000
2022-11-09 10:04:00,8150,8150,8175,8150,10200
2022-11-09 10:05:00,8150,8150,8150,8150,1600
2022-11-09 10:06:00,8150,8150,8175,8175,10600
2022-11-09 10:07:00,8150,8150,8175,8150,4200
2022-11-09 10:08:00,8175,8175,8175,8175,34000
2022-11-09 10:09:00,8175,8175,8175,8175,45900
2022-11-09 10:10:00,8175,8175,8175,8175,10300
2022-11-09 10:11:00,8175,8175,8175,8175,0
2022-11-09 10:12:00,8175,8175,8175,8175,0
2022-11-09 10:13:00,8175,8175,8175,8175,0
2022-11-09 10:14:00,8175,8175,8175,8175,100
2022-11-09 10:15:00,8175,8175,8175,8175,0
2022-11-09 10:16:00,8175,8175,8175,8175,66700
2022-11-09 10:17:00,8175,8175,8175,8175,0
2022-11-09 10:18:00,8175,8175,8175,8175,200
2022-11-09 10:19:00,8175,8150,8175,8150,1100
2022-11-09 10:20:00,8150,8150,8150,8150,1400
2022-11-09 10:21:00,8150,8150,8150,8150,3100
2022-11-09 10:22:00,8150,8150,8150,8150,1700
2022-11-09 10:23:00,8150,8150,8150,8150,2200
2022-11-09 10:24:00,8150,8150,8150,8150,200
2022-11-09 10:25:00,8150,8150,8150,8150,0
2022-11-09 10:26:00,8175,8175,8175,8175,600
2022-11-09 10:27:00,8150,8150,8150,8150,0
2022-11-09 10:28:00,8175,8175,8175,8175,1100
2022-11-09 10:29:00,8175,8175,8175,8175,0
2022-11-09 10:30:00,8175,8150,8175,8150,700
2022-11-09 10:31:00,8150,8150,8150,8150,3600
2022-11-09 10:32:00,8150,8150,8150,8150,2600
2022-11-09 10:33:00,8150,8150,8150,8150,0
2022-11-09 10:34:00,8175,8150,8175,8150,4800
2022-11-09 10:35:00,8150,8150,8150,8150,2500
2022-11-09 10:36:00,8175,8150,8175,8150,25900
2022-11-09 10:37:00,8150,8125,8150,8125,2600
2022-11-09 10:38:00,8150,8125,8150,8125,1200
2022-11-09 10:39:00,8125,8125,8125,8125,300
2022-11-09 10:40:00,8125,8125,8150,8150,12100
2022-11-09 10:41:00,8125,8125,8150,8150,3400
2022-11-09 10:42:00,8150,8125,8150,8125,6200
2022-11-09 10:43:00,8125,8125,8125,8125,20400
2022-11-09 10:44:00,8125,8125,8125,8125,0
2022-11-09 10:45:00,8125,8125,8150,8150,1000
2022-11-09 10:46:00,8125,8125,8150,8150,0
2022-11-09 10:47:00,8150,8125,8150,8125,700
2022-11-09 10:48:00,8125,8125,8150,8150,10100
2022-11-09 10:49:00,8150,8150,8150,8150,0
2022-11-09 10:50:00,8125,8125,8150,8150,1400
2022-11-09 10:51:00,8150,8150,8150,8150,700
2022-11-09 10:52:00,8150,8150,8150,8150,1600
2022-11-09 10:53:00,8150,8150,8150,8150,1400
2022-11-09 10:54:00,8150,8150,8150,8150,2600
2022-11-09 10:55:00,8125,8125,8150,8150,2500
2022-11-09 10:56:00,8125,8125,8150,8150,300
2022-11-09 10:57:00,8150,8125,8150,8125,800
2022-11-09 10:58:00,8125,8125,8175,8175,46100
2022-11-09 10:59:00,8175,8175,8175,8175,9300
2022-11-09 11:00:00,8150,8150,8150,8150,0
2022-11-09 11:01:00,8150,8150,8150,8150,16400
2022-11-09 11:02:00,8150,8150,8150,8150,15300
2022-11-09 11:03:00,8125,8125,8125,8125,0
2022-11-09 11:04:00,8125,8125,8125,8125,2700
2022-11-09 11:05:00,8125,8125,8125,8125,0
2022-11-09 11:06:00,8125,8125,8125,8125,0
2022-11-09 11:07:00,8125,8125,8125,8125,0
2022-11-09 11:08:00,8150,8150,8150,8150,22500
2022-11-09 11:09:00,8125,8125,8125,8125,79000
2022-11-09 11:10:00,8125,8125,8125,8125,2100
2022-11-09 11:11:00,8100,8100,8100,8100,1000
2022-11-09 11:12:00,8100,8100,8125,8100,29900
2022-11-09 11:13:00,8125,8125,8125,8125,0
2022-11-09 11:14:00,8125,8100,8125,8100,0
2022-11-09 11:15:00,8125,8125,8125,8125,1700
2022-11-09 11:16:00,8125,8125,8125,8125,200
2022-11-09 11:17:00,8125,8100,8125,8100,10300
2022-11-09 11:18:00,8100,8100,8125,8100,3800
2022-11-09 11:19:00,8100,8100,8125,8125,3300
2022-11-09 11:20:00,8125,8100,8125,8100,46800
2022-11-09 11:21:00,8100,8100,8125,8100,13600
2022-11-09 11:22:00,8100,8100,8125,8100,6400
2022-11-09 11:23:00,8100,8100,8125,8100,0
2022-11-09 11:24:00,8125,8100,8125,8100,2700
2022-11-09 11:25:00,8125,8125,8125,8125,3500
2022-11-09 11:26:00,8125,8100,8125,8100,2200
2022-11-09 11:27:00,8100,8100,8125,8100,50500
2022-11-09 11:28:00,8100,8100,8125,8125,3700
2022-11-09 11:29:00,8100,8100,8125,8100,8700
2022-11-09 11:30:00,8100,8100,8125,8100,0
2022-11-09 11:31:00,8100,8100,8125,8100,0
2022-11-09 11:32:00,8100,8100,8125,8100,0
2022-11-09 11:33:00,8100,8100,8125,8100,0
2022-11-09 11:34:00,8100,8100,8125,8100,0
2022-11-09 11:35:00,8100,8100,8125,8100,0
2022-11-09 11:36:00,8100,8100,8125,8100,0
2022-11-09 11:37:00,8100,8100,8125,8100,0
2022-11-09 11:38:00,8100,8100,8125,8100,0
2022-11-09 11:39:00,8100,8100,8125,8100,0
2022-11-09 11:40:00,8100,8100,8125,8100,0
2022-11-09 11:41:00,8100,8100,8125,8100,0
2022-11-09 11:42:00,8100,8100,8125,8100,0
2022-11-09 11:43:00,8100,8100,8125,8100,0
2022-11-09 11:44:00,8100,8100,8125,8100,0
2022-11-09 11:45:00,8100,8100,8125,8100,0
2022-11-09 11:46:00,8100,8100,8125,8100,0
2022-11-09 11:47:00,8100,8100,8125,8100,0
2022-11-09 11:48:00,8100,8100,8125,8100,0
2022-11-09 11:49:00,8100,8100,8125,8100,0
2022-11-09 11:50:00,8100,8100,8125,8100,0
2022-11-09 11:51:00,8100,8100,8125,8100,0
2022-11-09 11:52:00,8100,8100,8125,8100,0
2022-11-09 11:53:00,8100,8100,8125,8100,0
2022-11-09 11:54:00,8100,8100,8125,8100,0
2022-11-09 11:55:00,8100,8100,8125,8100,0
2022-11-09 11:56:00,8100,8100,8125,8100,0
2022-11-09 11:57:00,8100,8100,8125,8100,0
2022-11-09 11:58:00,8100,8100,8125,8100,0
2022-11-09 11:59:00,8100,8100,8125,8100,0
2022-11-09 12:00:00,8100,8100,8125,8100,0
2022-11-09 12:01:00,8100,8100,8125,8100,0
2022-11-09 12:02:00,8100,8100,8125,8100,0
2022-11-09 12:03:00,8100,8100,8125,8100,0
2022-11-09 12:04:00,8100,8100,8125,8100,0
2022-11-09 12:05:00,8100,8100,8125,8100,0
2022-11-09 12:06:00,8100,8100,8125,8100,0
2022-11-09 12:07:00,8100,8100,8125,8100,0
2022-11-09 12:08:00,8100,8100,8125,8100,0
2022-11-09 12:09:00,8100,8100,8125,8100,0
2022-11-09 12:10:00,8100,8100,8125,8100,0
2022-11-09 12:11:00,8100,8100,8125,8100,0
2022-11-09 12:12:00,8100,8100,8125,8100,0
2022-11-09 12:13:00,8100,8100,8125,8100,0
2022-11-09 12:14:00,8100,8100,8125,8100,0
2022-11-09 12:15:00,8100,8100,8125,8100,0
2022-11-09 12:16:00,8100,8100,8125,8100,0
2022-11-09 12:17:00,8100,8100,8125,8100,0
2022-11-09 12:18:00,8100,8100,8125,8100,0
2022-11-09 12:19:00,8100,8100,8125,8100,0
2022-11-09 12:20:00,8100,8100,8125,8100,0
2022-11-09 12:21:00,8100,8100,8125,8100,0
2022-11-09 12:22:00,8100,8100,8125,8100,0
2022-11-09 12:23:00,8100,8100,8125,8100,0
2022-11-09 12:24:00,8100,8100,8125,8100,0
2022-11-09 12:25:00,8100,8100,8125,8100,0
2022-11-09 12:26:00,8100,8100,8125,8100,0
2022-11-09 12:27:00,8100,8100,8125,8100,0
2022-11-09 12:28:00,8100,8100,8125,8100,0
2022-11-09 12:29:00,8100,8100,8125,8100,0
2022-11-09 12:30:00,8100,8100,8125,8100,0
2022-11-09 12:31:00,8100,8100,8125,8100,0
2022-11-09 12:32:00,8100,8100,8125,8100,0
2022-11-09 12:33:00,8100,8100,8125,8100,0
2022-11-09 12:34:00,8100,8100,8125,8100,0
2022-11-09 12:35:00,8100,8100,8125,8100,0
2022-11-09 12:36:00,8100,8100,8125,8100,0
2022-11-09 12:37:00,8100,8100,8125,8100,0
2022-11-09 12:38:00,8100,8100,8125,8100,0
2022-11-09 12:39:00,8100,8100,8125,8100,0
2022-11-09 12:40:00,8100,8100,8125,8100,0
2022-11-09 12:41:00,8100,8100,8125,8100,0
2022-11-09 12:42:00,8100,8100,8125,8100,0
2022-11-09 12:43:00,8100,8100,8125,8100,0
2022-11-09 12:44:00,8100,8100,8125,8100,0
2022-11-09 12:45:00,8100,8100,8125,8100,0
2022-11-09 12:46:00,8100,8100,8125,8100,0
2022-11-09 12:47:00,8100,8100,8125,8100,0
2022-11-09 12:48:00,8100,8100,8125,8100,0
2022-11-09 12:49:00,8100,8100,8125,8100,0
2022-11-09 12:50:00,8100,8100,8125,8100,0
2022-11-09 12:51:00,8100,8100,8125,8100,0
2022-11-09 12:52:00,8100,8100,8125,8100,0
2022-11-09 12:53:00,8100,8100,8125,8100,0
2022-11-09 12:54:00,8100,8100,8125,8100,0
2022-11-09 12:55:00,8100,8100,8125,8100,0
2022-11-09 12:56:00,8100,8100,8125,8100,0
2022-11-09 12:57:00,8100,8100,8125,8100,0
2022-11-09 12:58:00,8100,8100,8125,8100,0
2022-11-09 12:59:00,8100,8100,8125,8100,0
2022-11-09 13:00:00,8100,8100,8125,8100,0
2022-11-09 13:01:00,8100,8100,8125,8100,0
2022-11-09 13:02:00,8100,8100,8125,8100,0
2022-11-09 13:03:00,8100,8100,8125,8100,0
2022-11-09 13:04:00,8100,8100,8125,8100,0
2022-11-09 13:05:00,8100,8100,8125,8100,0
2022-11-09 13:06:00,8100,8100,8125,8100,0
2022-11-09 13:07:00,8100,8100,8125,8100,0
2022-11-09 13:08:00,8100,8100,8125,8100,0
2022-11-09 13:09:00,8100,8100,8125,8100,0
2022-11-09 13:10:00,8100,8100,8125,8100,0
2022-11-09 13:11:00,8100,8100,8125,8100,0
2022-11-09 13:12:00,8100,8100,8125,8100,0
2022-11-09 13:13:00,8100,8100,8125,8100,0
2022-11-09 13:14:00,8100,8100,8125,8100,0
2022-11-09 13:15:00,8100,8100,8125,8100,0
2022-11-09 13:16:00,8100,8100,8125,8100,0
2022-11-09 13:17:00,8100,8100,8125,8100,0
2022-11-09 13:18:00,8100,8100,8125,8100,0
2022-11-09 13:19:00,8100,8100,8125,8100,0
2022-11-09 13:20:00,8100,8100,8125,8100,0
2022-11-09 13:21:00,8100,8100,8125,8100,0
2022-11-09 13:22:00,8100,8100,8125,8100,0
2022-11-09 13:23:00,8100,8100,8125,8100,0
2022-11-09 13:24:00,8100,8100,8125,8100,0
2022-11-09 13:25:00,8100,8100,8125,8100,0
2022-11-09 13:26:00,8100,8100,8125,8100,0
2022-11-09 13:27:00,8100,8100,8125,8100,0
2022-11-09 13:28:00,8100,8100,8125,8100,0
2022-11-09 13:29:00,8100,8100,8125,8100,0
2022-11-09 13:30:00,8100,8050,8125,8050,448500
2022-11-09 13:31:00,8050,8025,8075,8075,108200
2022-11-09 13:32:00,8075,8050,8075,8050,2800
2022-11-09 13:33:00,8050,8050,8050,8050,28600
2022-11-09 13:34:00,8050,8050,8075,8075,0
2022-11-09 13:35:00,8075,8050,8075,8075,9200
2022-11-09 13:36:00,8075,8075,8075,8075,3400
2022-11-09 13:37:00,8050,8050,8075,8050,12700
2022-11-09 13:38:00,8050,8050,8100,8100,48800
2022-11-09 13:39:00,8100,8100,8100,8100,6700
2022-11-09 13:40:00,8100,8100,8125,8125,6600
2022-11-09 13:41:00,8100,8100,8100,8100,5500
2022-11-09 13:42:00,8125,8125,8125,8125,6900
2022-11-09 13:43:00,8125,8125,8150,8125,9500
2022-11-09 13:44:00,8125,8125,8125,8125,35400
2022-11-09 13:45:00,8125,8125,8125,8125,0
2022-11-09 13:46:00,8125,8125,8125,8125,0
2022-11-09 13:47:00,8125,8125,8125,8125,26700
2022-11-09 13:48:00,8100,8100,8125,8125,0
2022-11-09 13:49:00,8100,8100,8125,8125,0
2022-11-09 13:50:00,8100,8100,8125,8125,0
2022-11-09 13:51:00,8125,8125,8125,8125,0
2022-11-09 13:52:00,8125,8125,8125,8125,0
2022-11-09 13:53:00,8125,8125,8125,8125,0
2022-11-09 13:54:00,8125,8125,8125,8125,4200
2022-11-09 13:55:00,8125,8125,8125,8125,2300
2022-11-09 13:56:00,8100,8100,8125,8125,700
2022-11-09 13:57:00,8125,8100,8125,8125,11400
2022-11-09 13:58:00,8125,8100,8125,8125,0
2022-11-09 13:59:00,8125,8100,8125,8100,142900
2022-11-09 14:00:00,8075,8075,8100,8100,3200
2022-11-09 14:01:00,8100,8075,8100,8075,300
2022-11-09 14:02:00,8100,8100,8100,8100,57100
2022-11-09 14:03:00,8100,8100,8100,8100,10200
2022-11-09 14:04:00,8100,8100,8100,8100,1100
2022-11-09 14:05:00,8100,8100,8100,8100,12900
2022-11-09 14:06:00,8100,8100,8125,8125,21200
2022-11-09 14:07:00,8125,8125,8150,8150,4300
2022-11-09 14:08:00,8125,8125,8150,8150,0
2022-11-09 14:09:00,8125,8125,8150,8150,0
2022-11-09 14:10:00,8125,8125,8125,8125,1000
2022-11-09 14:11:00,8125,8125,8125,8125,0
2022-11-09 14:12:00,8125,8125,8125,8125,600
2022-11-09 14:13:00,8125,8125,8125,8125,0
2022-11-09 14:14:00,8125,8125,8125,8125,30500
2022-11-09 14:15:00,8125,8125,8125,8125,0
2022-11-09 14:16:00,8125,8125,8125,8125,900
2022-11-09 14:17:00,8125,8125,8125,8125,9500
2022-11-09 14:18:00,8125,8125,8125,8125,0
2022-11-09 14:19:00,8125,8125,8125,8125,0
2022-11-09 14:20:00,8125,8125,8125,8125,500
2022-11-09 14:21:00,8125,8125,8125,8125,2200
2022-11-09 14:22:00,8150,8125,8150,8125,10500
2022-11-09 14:23:00,8150,8125,8150,8125,0
2022-11-09 14:24:00,8100,8100,8100,8100,3000
2022-11-09 14:25:00,8100,8100,8100,8100,0
2022-11-09 14:26:00,8100,8100,8100,8100,37500
2022-11-09 14:27:00,8100,8100,8100,8100,0
2022-11-09 14:28:00,8100,8100,8100,8100,10400
2022-11-09 14:29:00,8125,8100,8125,8100,5100
2022-11-09 14:30:00,8100,8100,8100,8100,800
2022-11-09 14:31:00,8100,8100,8100,8100,2400
2022-11-09 14:32:00,8125,8100,8125,8100,1500
2022-11-09 14:33:00,8100,8100,8125,8100,1500
2022-11-09 14:34:00,8100,8100,8125,8125,8200
2022-11-09 14:35:00,8125,8125,8125,8125,54300
2022-11-09 14:36:00,8125,8100,8150,8100,181400
2022-11-09 14:37:00,8100,8075,8100,8075,300
2022-11-09 14:38:00,8075,8075,8100,8100,40400
2022-11-09 14:39:00,8100,8100,8100,8100,400
2022-11-09 14:40:00,8075,8075,8075,8075,15900
2022-11-09 14:41:00,8100,8075,8100,8075,0
2022-11-09 14:42:00,8075,8050,8075,8050,211100
2022-11-09 14:43:00,8050,8050,8100,8050,5100
2022-11-09 14:44:00,8050,8050,8075,8075,14200
2022-11-09 14:45:00,8075,8025,8075,8050,132000
2022-11-09 14:46:00,8050,8050,8050,8050,2400
2022-11-09 14:47:00,8075,8050,8100,8100,27600
2022-11-09 14:48:00,8075,8075,8075,8075,3000
2022-11-09 14:49:00,8075,8075,8075,8075,20300
2022-11-09 14:50:00,8075,8075,8075,8075,0
2022-11-09 14:51:00,8075,8075,8075,8075,0
2022-11-09 14:52:00,8075,8075,8075,8075,0
2022-11-09 14:53:00,8075,8075,8075,8075,0
2022-11-09 14:54:00,8075,8075,8075,8075,0
2022-11-09 14:55:00,8075,8075,8075,8075,0
2022-11-09 14:56:00,8075,8075,8075,8075,0
2022-11-09 14:57:00,8075,8075,8075,8075,0
2022-11-09 14:58:00,8075,8075,8075,8075,0
2022-11-09 14:59:00,8075,8075,8075,8075,0
2022-11-09 15:00:00,8050,8050,8050,8050,166900
2022-11-09 15:01:00,8050,8050,8050,8050,9500
2022-11-09 15:02:00,8050,8050,8050,8050,24400
2022-11-09 15:03:00,8050,8050,8050,8050,73400
2022-11-09 15:04:00,8050,8050,8050,8050,1600
2022-11-09 15:05:00,8050,8050,8050,8050,25100
2022-11-09 15:06:00,8050,8050,8050,8050,0
2022-11-09 15:07:00,8050,8050,8050,8050,0
2022-11-09 15:08:00,8050,8050,8050,8050,5700
2022-11-09 15:09:00,8050,8050,8050,8050,0
2022-11-09 15:10:00,8050,8050,8050,8050,2800
2022-11-09 15:11:00,8050,8050,8050,8050,4700
2022-11-09 15:12:00,8050,8050,8050,8050,3601900
2022-11-09 15:13:00,8050,8050,8050,8050,0
2022-11-09 15:14:00,8050,8050,8050,8050,0
2022-11-09 15:15:00,8050,8050,8050,8050,0
2022-11-09 15:16:00,8050,8050,8050,8050,0
2022-11-09 15:17:00,8050,8050,8050,8050,0
2022-11-09 15:18:00,8050,8050,8050,8050,0
2022-11-09 15:19:00,8050,8050,8050,8050,0
2022-11-09 15:20:00,8050,8050,8050,8050,0
2022-11-09 15:21:00,8050,8050,8050,8050,0
2022-11-09 15:22:00,8050,8050,8050,8050,0
2022-11-09 15:23:00,8050,8050,8050,8050,0
2022-11-09 15:24:00,8050,8050,8050,8050,0
2022-11-09 15:25:00,8050,8050,8050,8050,0
2022-11-09 15:26:00,8050,8050,8050,8050,0
2022-11-09 15:27:00,8050,8050,8050,8050,0
2022-11-09 15:28:00,8050,8050,8050,8050,0
2022-11-09 15:29:00,8050,8050,8050,8050,0
2022-11-09 15:30:00,8050,8050,8050,8050,0
2022-11-09 15:31:00,8050,8050,8050,8050,0
2022-11-09 15:32:00,8050,8050,8050,8050,0
2022-11-09 15:33:00,8050,8050,8050,8050,0
2022-11-09 15:34:00,8050,8050,8050,8050,0
2022-11-09 15:35:00,8050,8050,8050,8050,0
2022-11-09 15:36:00,8050,8050,8050,8050,0
2022-11-09 15:37:00,8050,8050,8050,8050,0
2022-11-09 15:38:00,8050,8050,8050,8050,0
2022-11-09 15:39:00,8050,8050,8050,8050,0
2022-11-09 15:40:00,8050,8050,8050,8050,0
2022-11-09 15:41:00,8050,8050,8050,8050,0
2022-11-09 15:42:00,8050,8050,8050,8050,0
2022-11-09 15:43:00,8050,8050,8050,8050,0
2022-11-09 15:44:00,8050,8050,8050,8050,0
2022-11-09 15:45:00,8050,8050,8050,8050,0
2022-11-09 15:46:00,8050,8050,8050,8050,0
2022-11-09 15:47:00,8050,8050,8050,8050,0
2022-11-09 15:48:00,8050,8050,8050,8050,0
2022-11-09 15:49:00,8050,8050,8050,8050,0
2022-11-09 15:50:00,8050,8050,8050,8050,0
2022-11-09 15:51:00,8050,8050,8050,8050,0
2022-11-09 15:52:00,8050,8050,8050,8050,0
2022-11-09 15:53:00,8050,8050,8050,8050,0
2022-11-09 15:54:00,8050,8050,8050,8050,0
2022-11-09 15:55:00,8050,8050,8050,8050,0
2022-11-09 15:56:00,8050,8050,8050,8050,0
2022-11-09 15:57:00,8050,8050,8050,8050,0
2022-11-09 15:58:00,8050,8050,8050,8050,0
2022-11-09 15:59:00,8050,8050,8050,8050,0
2022-11-10 09:00:00,8050,8050,8075,8050,0
2022-11-10 09:01:00,8075,8000,8075,8000,35000
2022-11-10 09:02:00,8025,7950,8025,7975,98600
2022-11-10 09:03:00,7975,7950,7975,7975,72800
2022-11-10 09:04:00,7975,7975,7975,7975,24700
2022-11-10 09:05:00,7975,7975,8000,8000,91300
2022-11-10 09:06:00,8000,8000,8000,8000,29900
2022-11-10 09:07:00,8000,8000,8025,8000,24600
2022-11-10 09:08:00,8000,7975,8000,8000,2000
2022-11-10 09:09:00,8000,8000,8025,8025,29000
2022-11-10 09:10:00,8025,7975,8025,7975,83700
2022-11-10 09:11:00,8000,7900,8000,7900,546100
2022-11-10 09:12:00,7925,7900,7950,7950,49100
2022-11-10 09:13:00,7950,7950,8000,8000,11100
2022-11-10 09:14:00,8000,7975,8000,7975,5100
2022-11-10 09:15:00,7975,7975,7975,7975,15100
2022-11-10 09:16:00,7975,7950,7975,7975,63600
2022-11-10 09:17:00,7975,7950,7975,7950,8700
2022-11-10 09:18:00,7950,7950,7950,7950,9700
2022-11-10 09:19:00,7950,7925,7975,7925,37900
2022-11-10 09:20:00,7925,7925,7925,7925,16000
2022-11-10 09:21:00,7900,7900,7925,7925,41500
2022-11-10 09:22:00,7900,7875,7900,7900,91700
2022-11-10 09:23:00,7900,7900,7900,7900,30500
2022-11-10 09:24:00,7900,7900,7900,7900,1100
2022-11-10 09:25:00,7900,7900,7925,7900,56100
2022-11-10 09:26:00,7900,7900,7925,7925,11400
2022-11-10 09:27:00,7925,7900,7925,7925,59700
2022-11-10 09:28:00,7925,7925,7950,7950,2300
2022-11-10 09:29:00,7950,7950,7975,7975,21800
2022-11-10 09:30:00,7975,7975,7975,7975,7600
2022-11-10 09:31:00,7950,7925,7950,7925,32500
2022-11-10 09:32:00,7925,7925,7925,7925,3300
2022-11-10 09:33:00,7925,7900,7925,7925,95400
2022-11-10 09:34:00,7925,7900,7925,7925,57700
2022-11-10 09:35:00,7950,7950,7950,7950,30600
2022-11-10 09:36:00,7950,7950,7975,7975,24800
2022-11-10 09:37:00,7975,7975,7975,7975,2500
2022-11-10 09:38:00,7975,7950,7975,7950,37700
2022-11-10 09:39:00,7925,7925,7950,7950,0
2022-11-10 09:40:00,7950,7950,7950,7950,0
2022-11-10 09:41:00,7925,7925,7950,7925,9000
2022-11-10 09:42:00,7925,7925,7950,7925,10100
2022-11-10 09:43:00,7950,7950,7950,7950,11200
2022-11-10 09:44:00,7950,7925,7950,7925,1300
2022-11-10 09:45:00,7925,7925,7950,7950,10400
2022-11-10 09:46:00,7950,7950,7950,7950,4400
2022-11-10 09:47:00,7950,7950,7950,7950,1500
2022-11-10 09:48:00,7950,7925,7950,7950,1000
2022-11-10 09:49:00,7925,7925,7925,7925,300
2022-11-10 09:50:00,7950,7950,7950,7950,20500
2022-11-10 09:51:00,7950,7950,7975,7975,6700
2022-11-10 09:52:00,7975,7975,7975,7975,0
2022-11-10 09:53:00,7950,7950,7950,7950,3000
2022-11-10 09:54:00,7975,7950,7975,7950,900
2022-11-10 09:55:00,7975,7975,7975,7975,900
2022-11-10 09:56:00,7950,7950,7975,7950,3500
2022-11-10 09:57:00,7950,7950,7975,7950,0
2022-11-10 09:58:00,7950,7950,7950,7950,500
2022-11-10 09:59:00,7975,7975,7975,7975,8400
2022-11-10 10:00:00,7975,7975,7975,7975,0
2022-11-10 10:01:00,7975,7975,7975,7975,4200
2022-11-10 10:02:00,7975,7975,7975,7975,0
2022-11-10 10:03:00,7975,7975,7975,7975,3600
2022-11-10 10:04:00,7975,7975,7975,7975,8400
2022-11-10 10:05:00,7975,7950,7975,7950,6800
2022-11-10 10:06:00,7975,7950,7975,7950,13200
2022-11-10 10:07:00,7950,7950,7950,7950,19700
2022-11-10 10:08:00,7950,7950,7950,7950,2700
2022-11-10 10:09:00,7950,7950,7950,7950,200
2022-11-10 10:10:00,7975,7975,7975,7975,9900
2022-11-10 10:11:00,7975,7975,7975,7975,200
2022-11-10 10:12:00,7950,7950,7950,7950,100
2022-11-10 10:13:00,7950,7950,7975,7975,600
2022-11-10 10:14:00,7950,7950,7950,7950,100
2022-11-10 10:15:00,7975,7950,7975,7950,15300
2022-11-10 10:16:00,7950,7950,7975,7950,1500
2022-11-10 10:17:00,7950,7950,7950,7950,800
2022-11-10 10:18:00,7950,7950,7950,7950,3800
2022-11-10 10:19:00,7950,7950,7975,7950,9800
2022-11-10 10:20:00,7950,7925,7950,7925,20400
2022-11-10 10:21:00,7925,7925,7925,7925,4500
2022-11-10 10:22:00,7950,7950,7950,7950,1400
2022-11-10 10:23:00,7950,7925,7950,7925,3200
2022-11-10 10:24:00,7925,7925,7925,7925,12300
2022-11-10 10:25:00,7925,7925,7950,7950,5700
2022-11-10 10:26:00,7925,7925,7950,7925,6100
2022-11-10 10:27:00,7925,7925,7925,7925,59800
2022-11-10 10:28:00,7925,7925,7925,7925,2700
2022-11-10 10:29:00,7925,7925,7925,7925,0
2022-11-10 10:30:00,7900,7900,7900,7900,20400
2022-11-10 10:31:00,7900,7900,7900,7900,4800
2022-11-10 10:32:00,7900,7900,7900,7900,7000
2022-11-10 10:33:00,7900,7900,7925,7925,0
2022-11-10 10:34:00,7900,7900,7925,7900,1200
2022-11-10 10:35:00,7900,7900,7925,7900,2800
2022-11-10 10:36:00,7900,7900,7900,7900,7000
2022-11-10 10:37:00,7900,7900,7900,7900,111500
2022-11-10 10:38:00,7900,7900,7925,7900,1500
2022-11-10 10:39:00,7900,7900,7900,7900,5500
2022-11-10 10:40:00,7900,7900,7900,7900,0
2022-11-10 10:41:00,7925,7900,7925,7900,24800
2022-11-10 10:42:00,7900,7900,7925,7925,3100
2022-11-10 10:43:00,7925,7900,7925,7925,7200
2022-11-10 10:44:00,7900,7900,7925,7900,6600
2022-11-10 10:45:00,7925,7925,7925,7925,5400
2022-11-10 10:46:00,7900,7900,7900,7900,700
2022-11-10 10:47:00,7900,7900,7925,7925,1200
2022-11-10 10:48:00,7925,7900,7925,7925,53400
2022-11-10 10:49:00,7925,7925,7925,7925,8000
2022-11-10 10:50:00,7925,7925,7925,7925,48300
2022-11-10 10:51:00,7925,7925,7925,7925,0
2022-11-10 10:52:00,7900,7900,7925,7925,800
2022-11-10 10:53:00,7925,7925,7925,7925,400
2022-11-10 10:54:00,7900,7900,7900,7900,48800
2022-11-10 10:55:00,7900,7900,7900,7900,0
2022-11-10 10:56:00,7900,7900,7900,7900,4400
2022-11-10 10:57:00,7900,7900,7900,7900,1800
2022-11-10 10:58:00,7925,7925,7925,7925,2300
2022-11-10 10:59:00,7925,7925,7925,7925,0
2022-11-10 11:00:00,7925,7925,7925,7925,0
2022-11-10 11:01:00,7900,7900,7900,7900,62200
2022-11-10 11:02:00,7900,7900,7900,7900,1000
2022-11-10 11:03:00,7900,7900,7900,7900,34200
2022-11-10 11:04:00,7900,7900,7900,7900,0
2022-11-10 11:05:00,7900,7900,7900,7900,0
2022-11-10 11:06:00,7900,7900,7900,7900,0
2022-11-10 11:07:00,7900,7900,7900,7900,2100
2022-11-10 11:08:00,7900,7900,7900,7900,2000
2022-11-10 11:09:00,7900,7900,7900,7900,7300
2022-11-10 11:10:00,7900,7850,7900,7850,338000
2022-11-10 11:11:00,7875,7850,7875,7875,68900
2022-11-10 11:12:00,7875,7850,7875,7850,17600
2022-11-10 11:13:00,7850,7850,7875,7850,11400
2022-11-10 11:14:00,7850,7850,7875,7875,15900
2022-11-10 11:15:00,7850,7850,7875,7850,8000
2022-11-10 11:16:00,7850,7850,7900,7900,214600
2022-11-10 11:17:00,7900,7900,7925,7925,100
2022-11-10 11:18:00,7900,7900,7900,7900,57100
2022-11-10 11:19:00,7900,7900,7900,7900,42600
2022-11-10 11:20:00,7900,7900,7900,7900,0
2022-11-10 11:21:00,7900,7900,7900,7900,0
2022-11-10 11:22:00,7925,7900,7925,7900,700
2022-11-10 11:23:00,7925,7925,7925,7925,200
2022-11-10 11:24:00,7900,7900,7925,7900,7100
2022-11-10 11:25:00,7900,7900,7925,7900,0
2022-11-10 11:26:00,7875,7875,7875,7875,1100
2022-11-10 11:27:00,7875,7875,7900,7875,4800
2022-11-10 11:28:00,7875,7875,7900,7875,15600
2022-11-10 11:29:00,7875,7875,7875,7875,4100
2022-11-10 11:30:00,7875,7875,7875,7875,0
2022-11-10 11:31:00,7875,7875,7875,7875,0
2022-11-10 11:32:00,7875,7875,7875,7875,0
2022-11-10 11:33:00,7875,7875,7875,7875,0
2022-11-10 11:34:00,7875,7875,7875,7875,0
2022-11-10 11:35:00,7875,7875,7875,7875,0
2022-11-10 11:36:00,7875,7875,7875,7875,0
2022-11-10 11:37:00,7875,7875,7875,7875,0
2022-11-10 11:38:00,7875,7875,7875,7875,0
2022-11-10 11:39:00,7875,7875,7875,7875,0
2022-11-10 11:40:00,7875,7875,7875,7875,0
2022-11-10 11:41:00,7875,7875,7875,7875,0
2022-11-10 11:42:00,7875,7875,7875,7875,0
2022-11-10 11:43:00,7875,7875,7875,7875,0
2022-11-10 11:44:00,7875,7875,7875,7875,0
2022-11-10 11:45:00,7875,7875,7875,7875,0
2022-11-10 11:46:00,7875,7875,7875,7875,0
2022-11-10 11:47:00,7875,7875,7875,7875,0
2022-11-10 11:48:00,7875,7875,7875,7875,0
2022-11-10 11:49:00,7875,7875,7875,7875,0
2022-11-10 11:50:00,7875,7875,7875,7875,0
2022-11-10 11:51:00,7875,7875,7875,7875,0
2022-11-10 11:52:00,7875,7875,7875,7875,0
2022-11-10 11:53:00,7875,7875,7875,7875,0
2022-11-10 11:54:00,7875,7875,7875,7875,0
2022-11-10 11:55:00,7875,7875,7875,7875,0
2022-11-10 11:56:00,7875,7875,7875,7875,0
2022-11-10 11:57:00,7875,7875,7875,7875,0
2022-11-10 11:58:00,7875,7875,7875,7875,0
2022-11-10 11:59:00,7875,7875,7875,7875,0
2022-11-10 12:00:00,7875,7875,7875,7875,0
2022-11-10 12:01:00,7875,7875,7875,7875,0
2022-11-10 12:02:00,7875,7875,7875,7875,0
2022-11-10 12:03:00,7875,7875,7875,7875,0
2022-11-10 12:04:00,7875,7875,7875,7875,0
2022-11-10 12:05:00,7875,7875,7875,7875,0
2022-11-10 12:06:00,7875,7875,7875,7875,0
2022-11-10 12:07:00,7875,7875,7875,7875,0
2022-11-10 12:08:00,7875,7875,7875,7875,0
2022-11-10 12:09:00,7875,7875,7875,7875,0
2022-11-10 12:10:00,7875,7875,7875,7875,0
2022-11-10 12:11:00,7875,7875,7875,7875,0
2022-11-10 12:12:00,7875,7875,7875,7875,0
2022-11-10 12:13:00,7875,7875,7875,7875,0
2022-11-10 12:14:00,7875,7875,7875,7875,0
2022-11-10 12:15:00,7875,7875,7875,7875,0
2022-11-10 12:16:00,7875,7875,7875,7875,0
2022-11-10 12:17:00,7875,7875,7875,7875,0
2022-11-10 12:18:00,7875,7875,7875,7875,0
2022-11-10 12:19:00,7875,7875,7875,7875,0
2022-11-10 12:20:00,7875,7875,7875,7875,0
2022-11-10 12:21:00,7875,7875,7875,7875,0
2022-11-10 12:22:00,7875,7875,7875,7875,0
2022-11-10 12:23:00,7875,7875,7875,7875,0
2022-11-10 12:24:00,7875,7875,7875,7875,0
2022-11-10 12:25:00,7875,7875,7875,7875,0
2022-11-10 12:26:00,7875,7875,7875,7875,0
2022-11-10 12:27:00,7875,7875,7875,7875,0
2022-11-10 12:28:00,7875,7875,7875,7875,0
2022-11-10 12:29:00,7875,7875,7875,7875,0
2022-11-10 12:30:00,7875,7875,7875,7875,0
2022-11-10 12:31:00,7875,7875,7875,7875,0
2022-11-10 12:32:00,7875,7875,7875,7875,0
2022-11-10 12:33:00,7875,7875,7875,7875,0
2022-11-10 12:34:00,7875,7875,7875,7875,0
2022-11-10 12:35:00,7875,7875,7875,7875,0
2022-11-10 12:36:00,7875,7875,7875,7875,0
2022-11-10 12:37:00,7875,7875,7875,7875,0
2022-11-10 12:38:00,7875,7875,7875,7875,0
2022-11-10 12:39:00,7875,7875,7875,7875,0
2022-11-10 12:40:00,7875,7875,7875,7875,0
2022-11-10 12:41:00,7875,7875,7875,7875,0
2022-11-10 12:42:00,7875,7875,7875,7875,0
2022-11-10 12:43:00,7875,7875,7875,7875,0
2022-11-10 12:44:00,7875,7875,7875,7875,0
2022-11-10 12:45:00,7875,7875,7875,7875,0
2022-11-10 12:46:00,7875,7875,7875,7875,0
2022-11-10 12:47:00,7875,7875,7875,7875,0
2022-11-10 12:48:00,7875,7875,7875,7875,0
2022-11-10 12:49:00,7875,7875,7875,7875,0
2022-11-10 12:50:00,7875,7875,7875,7875,0
2022-11-10 12:51:00,7875,7875,7875,7875,0
2022-11-10 12:52:00,7875,7875,7875,7875,0
2022-11-10 12:53:00,7875,7875,7875,7875,0
2022-11-10 12:54:00,7875,7875,7875,7875,0
2022-11-10 12:55:00,7875,7875,7875,7875,0
2022-11-10 12:56:00,7875,7875,7875,7875,0
2022-11-10 12:57:00,7875,7875,7875,7875,0
2022-11-10 12:58:00,7875,7875,7875,7875,0
2022-11-10 12:59:00,7875,7875,7875,7875,0
2022-11-10 13:00:00,7875,7875,7875,7875,0
2022-11-10 13:01:00,7875,7875,7875,7875,0
2022-11-10 13:02:00,7875,7875,7875,7875,0
2022-11-10 13:03:00,7875,7875,7875,7875,0
2022-11-10 13:04:00,7875,7875,7875,7875,0
2022-11-10 13:05:00,7875,7875,7875,7875,0
2022-11-10 13:06:00,7875,7875,7875,7875,0
2022-11-10 13:07:00,7875,7875,7875,7875,0
2022-11-10 13:08:00,7875,7875,7875,7875,0
2022-11-10 13:09:00,7875,7875,7875,7875,0
2022-11-10 13:10:00,7875,7875,7875,7875,0
2022-11-10 13:11:00,7875,7875,7875,7875,0
2022-11-10 13:12:00,7875,7875,7875,7875,0
2022-11-10 13:13:00,7875,7875,7875,7875,0
2022-11-10 13:14:00,7875,7875,7875,7875,0
2022-11-10 13:15:00,7875,7875,7875,7875,0
2022-11-10 13:16:00,7875,7875,7875,7875,0
2022-11-10 13:17:00,7875,7875,7875,7875,0
2022-11-10 13:18:00,7875,7875,7875,7875,0
2022-11-10 13:19:00,7875,7875,7875,7875,0
2022-11-10 13:20:00,7875,7875,7875,7875,0
2022-11-10 13:21:00,7875,7875,7875,7875,0
2022-11-10 13:22:00,7875,7875,7875,7875,0
2022-11-10 13:23:00,7875,7875,7875,7875,0
2022-11-10 13:24:00,7875,7875,7875,7875,0
2022-11-10 13:25:00,7875,7875,7875,7875,0
2022-11-10 13:26:00,7875,7875,7875,7875,0
2022-11-10 13:27:00,7875,7875,7875,7875,0
2022-11-10 13:28:00,7875,7875,7875,7875,0
2022-11-10 13:29:00,7875,7875,7875,7875,0
2022-11-10 13:30:00,7875,7875,7900,7900,66700
2022-11-10 13:31:00,7875,7875,7900,7900,0
2022-11-10 13:32:00,7900,7900,7900,7900,0
2022-11-10 13:33:00,7900,7900,7900,7900,0
2022-11-10 13:34:00,7900,7900,7900,7900,10300
2022-11-10 13:35:00,7900,7875,7900,7875,7100
2022-11-10 13:36:00,7875,7875,7875,7875,77300
2022-11-10 13:37:00,7850,7850,7875,7875,6900
2022-11-10 13:38:00,7875,7875,7875,7875,3200
2022-11-10 13:39:00,7850,7850,7850,7850,100
2022-11-10 13:40:00,7850,7850,7850,7850,7100
2022-11-10 13:41:00,7850,7850,7850,7850,3000
2022-11-10 13:42:00,7850,7850,7875,7875,1700
2022-11-10 13:43:00,7875,7850,7875,7850,21800
2022-11-10 13:44:00,7850,7850,7875,7850,13200
2022-11-10 13:45:00,7875,7875,7875,7875,8600
2022-11-10 13:46:00,7850,7850,7850,7850,6100
2022-11-10 13:47:00,7850,7850,7875,7850,17400
2022-11-10 13:48:00,7850,7850,7850,7850,42400
2022-11-10 13:49:00,7850,7850,7850,7850,9500
2022-11-10 13:50:00,7850,7850,7850,7850,0
2022-11-10 13:51:00,7875,7875,7875,7875,45400
2022-11-10 13:52:00,7875,7850,7875,7850,0
2022-11-10 13:53:00,7850,7850,7875,7850,16000
2022-11-10 13:54:00,7850,7850,7875,7875,20300
2022-11-10 13:55:00,7875,7875,7875,7875,6100
2022-11-10 13:56:00,7850,7850,7875,7875,400
2022-11-10 13:57:00,7875,7875,7900,7900,97000
2022-11-10 13:58:00,7900,7900,7900,7900,1900
2022-11-10 13:59:00,7900,7900,7925,7925,30400
2022-11-10 14:00:00,7925,7900,7925,7900,35200
2022-11-10 14:01:00,7900,7875,7900,7875,100
2022-11-10 14:02:00,7900,7900,7900,7900,2200
2022-11-10 14:03:00,7900,7900,7900,7900,0
2022-11-10 14:04:00,7900,7900,7900,7900,0
2022-11-10 14:05:00,7900,7900,7900,7900,0
2022-11-10 14:06:00,7900,7900,7900,7900,0
2022-11-10 14:07:00,7900,7875,7900,7875,65400
2022-11-10 14:08:00,7875,7875,7875,7875,12900
2022-11-10 14:09:00,7875,7850,7875,7850,4500
2022-11-10 14:10:00,7850,7850,7875,7875,6900
2022-11-10 14:11:00,7875,7875,7875,7875,1100
2022-11-10 14:12:00,7875,7875,7875,7875,2300
2022-11-10 14:13:00,7875,7850,7875,7850,25900
2022-11-10 14:14:00,7850,7850,7850,7850,148400
2022-11-10 14:15:00,7850,7850,7850,7850,17700
2022-11-10 14:16:00,7850,7825,7850,7825,15900
2022-11-10 14:17:00,7825,7825,7850,7825,141800
2022-11-10 14:18:00,7850,7825,7850,7850,132000
2022-11-10 14:19:00,7850,7825,7850,7850,3600
2022-11-10 14:20:00,7825,7825,7850,7850,1100
2022-11-10 14:21:00,7850,7850,7850,7850,900
2022-11-10 14:22:00,7850,7850,7850,7850,1100
2022-11-10 14:23:00,7825,7825,7825,7825,0
2022-11-10 14:24:00,7850,7825,7850,7825,1500
2022-11-10 14:25:00,7850,7825,7850,7825,44200
2022-11-10 14:26:00,7825,7825,7825,7825,2000
2022-11-10 14:27:00,7825,7825,7825,7825,14000
2022-11-10 14:28:00,7850,7825,7850,7850,3000
2022-11-10 14:29:00,7825,7825,7825,7825,18500
2022-11-10 14:30:00,7825,7825,7825,7825,0
2022-11-10 14:31:00,7850,7850,7850,7850,7000
2022-11-10 14:32:00,7850,7850,7850,7850,1500
2022-11-10 14:33:00,7850,7850,7850,7850,4500
2022-11-10 14:34:00,7825,7825,7850,7850,135700
2022-11-10 14:35:00,7850,7825,7850,7825,71400
2022-11-10 14:36:00,7850,7850,7850,7850,67600
2022-11-10 14:37:00,7875,7875,7875,7875,1900
2022-11-10 14:38:00,7875,7875,7875,7875,200
2022-11-10 14:39:00,7875,7850,7875,7850,2300
2022-11-10 14:40:00,7850,7850,7900,7875,148200
2022-11-10 14:41:00,7875,7875,7900,7900,36200
2022-11-10 14:42:00,7900,7900,7900,7900,4500
2022-11-10 14:43:00,7925,7925,7925,7925,6000
2022-11-10 14:44:00,7925,7900,7925,7900,22400
2022-11-10 14:45:00,7900,7900,7925,7925,9700
2022-11-10 14:46:00,7925,7925,7925,7925,11500
2022-11-10 14:47:00,7925,7900,7925,7900,5500
2022-11-10 14:48:00,7900,7900,7950,7950,19500
2022-11-10 14:49:00,7925,7925,7950,7950,10600
2022-11-10 14:50:00,7925,7925,7950,7950,0
2022-11-10 14:51:00,7925,7925,7950,7950,0
2022-11-10 14:52:00,7925,7925,7950,7950,0
2022-11-10 14:53:00,7925,7925,7950,7950,0
2022-11-10 14:54:00,7925,7925,7950,7950,0
2022-11-10 14:55:00,7925,7925,7950,7950,0
2022-11-10 14:56:00,7925,7925,7950,7950,0
2022-11-10 14:57:00,7925,7925,7950,7950,0
2022-11-10 14:58:00,7925,7925,7950,7950,0
2022-11-10 14:59:00,7925,7925,7950,7950,0
2022-11-10 15:00:00,7900,7900,7900,7900,122600
2022-11-10 15:01:00,7900,7900,7900,7900,1600
2022-11-10 15:02:00,7900,7900,7900,7900,1800
2022-11-10 15:03:00,7900,7900,7900,7900,21100
2022-11-10 15:04:00,7900,7900,7900,7900,1700
2022-11-10 15:05:00,7900,7900,7900,7900,9200
2022-11-10 15:06:00,7900,7900,7900,7900,7700
2022-11-10 15:07:00,7900,7900,7900,7900,0
2022-11-10 15:08:00,7900,7900,7900,7900,200
2022-11-10 15:09:00,7900,7900,7900,7900,11100
2022-11-10 15:10:00,7900,7900,7900,7900,0
2022-11-10 15:11:00,7900,7900,7900,7900,700
2022-11-10 15:12:00,7900,7900,7900,7900,200
2022-11-10 15:13:00,7900,7900,7900,7900,5460300
2022-11-10 15:14:00,7900,7900,7900,7900,0
2022-11-10 15:15:00,7900,7900,7900,7900,0
2022-11-10 15:16:00,7900,7900,7900,7900,0
2022-11-10 15:17:00,7900,7900,7900,7900,0
2022-11-10 15:18:00,7900,7900,7900,7900,0
2022-11-10 15:19:00,7900,7900,7900,7900,0
2022-11-10 15:20:00,7900,7900,7900,7900,0
2022-11-10 15:21:00,7900,7900,7900,7900,0
2022-11-10 15:22:00,7900,7900,7900,7900,0
2022-11-10 15:23:00,7900,7900,7900,7900,0
2022-11-10 15:24:00,7900,7900,7900,7900,0
2022-11-10 15:25:00,7900,7900,7900,7900,0
2022-11-10 15:26:00,7900,7900,7900,7900,0
2022-11-10 15:27:00,7900,7900,7900,7900,0
2022-11-10 15:28:00,7900,7900,7900,7900,0
2022-11-10 15:29:00,7900,7900,7900,7900,0
2022-11-10 15:30:00,7900,7900,7900,7900,0
2022-11-10 15:31:00,7900,7900,7900,7900,0
2022-11-10 15:32:00,7900,7900,7900,7900,0
2022-11-10 15:33:00,7900,7900,7900,7900,0
2022-11-10 15:34:00,7900,7900,7900,7900,0
2022-11-10 15:35:00,7900,7900,7900,7900,0
2022-11-10 15:36:00,7900,7900,7900,7900,0
2022-11-10 15:37:00,7900,7900,7900,7900,0
2022-11-10 15:38:00,7900,7900,7900,7900,0
2022-11-10 15:39:00,7900,7900,7900,7900,0
2022-11-10 15:40:00,7900,7900,7900,7900,0
2022-11-10 15:41:00,7900,7900,7900,7900,0
2022-11-10 15:42:00,7900,7900,7900,7900,0
2022-11-10 15:43:00,7900,7900,7900,7900,0
2022-11-10 15:44:00,7900,7900,7900,7900,0
2022-11-10 15:45:00,7900,7900,7900,7900,0
2022-11-10 15:46:00,7900,7900,7900,7900,0
2022-11-10 15:47:00,7900,7900,7900,7900,0
2022-11-10 15:48:00,7900,7900,7900,7900,0
2022-11-10 15:49:00,7900,7900,7900,7900,0
2022-11-10 15:50:00,7900,7900,7900,7900,0
2022-11-10 15:51:00,7900,7900,7900,7900,0
2022-11-10 15:52:00,7900,7900,7900,7900,0
2022-11-10 15:53:00,7900,7900,7900,7900,0
2022-11-10 15:54:00,7900,7900,7900,7900,0
2022-11-10 15:55:00,7900,7900,7900,7900,0
2022-11-10 15:56:00,7900,7900,7900,7900,0
2022-11-10 15:57:00,7900,7900,7900,7900,0
2022-11-10 15:58:00,7900,7900,7900,7900,0
2022-11-10 15:59:00,7900,7900,7900,7900,0
2022-11-11 09:00:00,8000,7900,8100,8050,0
2022-11-11 09:01:00,8050,8000,8050,8000,17000
2022-11-11 09:02:00,8025,7975,8025,7975,44300
2022-11-11 09:03:00,7975,7950,8000,7975,75500
2022-11-11 09:04:00,7975,7950,8000,8000,55400
2022-11-11 09:05:00,8025,8025,8025,8025,20700
2022-11-11 09:06:00,8025,8025,8050,8025,4100
2022-11-11 09:07:00,8025,8025,8025,8025,1200
2022-11-11 09:08:00,8025,8025,8025,8025,3100
2022-11-11 09:09:00,8025,8025,8025,8025,44800
2022-11-11 09:10:00,8025,8025,8025,8025,4100
2022-11-11 09:11:00,8000,8000,8025,8025,51500
2022-11-11 09:12:00,8025,8025,8025,8025,7400
2022-11-11 09:13:00,8025,8025,8025,8025,20200
2022-11-11 09:14:00,8025,8025,8025,8025,7000
2022-11-11 09:15:00,8000,8000,8025,8000,700
2022-11-11 09:16:00,8000,8000,8000,8000,1100
2022-11-11 09:17:00,8000,8000,8000,8000,39900
2022-11-11 09:18:00,8000,8000,8000,8000,700
2022-11-11 09:19:00,8000,8000,8000,8000,0
2022-11-11 09:20:00,8000,8000,8000,8000,200
2022-11-11 09:21:00,8000,7975,8000,8000,1400
2022-11-11 09:22:00,8000,7975,8000,8000,13100
2022-11-11 09:23:00,8000,8000,8000,8000,5000
2022-11-11 09:24:00,8000,7975,8000,7975,1700
2022-11-11 09:25:00,8000,7975,8000,7975,0
2022-11-11 09:26:00,8000,7975,8000,8000,16000
2022-11-11 09:27:00,8000,7975,8025,8025,78800
2022-11-11 09:28:00,8025,8025,8050,8025,26800
2022-11-11 09:29:00,8050,8025,8050,8025,1400
2022-11-11 09:30:00,8025,8025,8025,8025,1800
2022-11-11 09:31:00,8025,8025,8050,8025,11300
2022-11-11 09:32:00,8050,8025,8050,8025,2000
2022-11-11 09:33:00,8025,8025,8025,8025,300
2022-11-11 09:34:00,8025,8025,8050,8025,30600
2022-11-11 09:35:00,8025,8025,8050,8050,12100
2022-11-11 09:36:00,8050,8050,8050,8050,44100
2022-11-11 09:37:00,8050,8050,8075,8050,20600
2022-11-11 09:38:00,8050,8050,8050,8050,28600
2022-11-11 09:39:00,8050,8025,8050,8025,14700
2022-11-11 09:40:00,8050,8025,8050,8025,0
2022-11-11 09:41:00,8025,8025,8050,8050,4400
2022-11-11 09:42:00,8050,8025,8050,8050,26800
2022-11-11 09:43:00,8050,8050,8050,8050,25100
2022-11-11 09:44:00,8050,8050,8075,8075,1500
2022-11-11 09:45:00,8075,8050,8075,8050,12400
2022-11-11 09:46:00,8025,8025,8025,8025,200
2022-11-11 09:47:00,8050,8050,8050,8050,100
2022-11-11 09:48:00,8050,8050,8050,8050,1100
2022-11-11 09:49:00,8050,8050,8050,8050,0
2022-11-11 09:50:00,8050,8050,8050,8050,0
2022-11-11 09:51:00,8050,8050,8050,8050,0
2022-11-11 09:52:00,8050,8050,8050,8050,900
2022-11-11 09:53:00,8050,8025,8050,8025,1100
2022-11-11 09:54:00,8025,8025,8025,8025,3800
2022-11-11 09:55:00,8025,8025,8025,8025,0
2022-11-11 09:56:00,8025,8025,8025,8025,9600
2022-11-11 09:57:00,8025,8000,8025,8000,29200
2022-11-11 09:58:00,8000,8000,8000,8000,100
2022-11-11 09:59:00,8000,8000,8000,8000,1100
2022-11-11 10:00:00,8000,8000,8000,8000,0
2022-11-11 10:01:00,8000,8000,8000,8000,2500
2022-11-11 10:02:00,8000,8000,8000,8000,30100
2022-11-11 10:03:00,8025,8000,8025,8000,48000
2022-11-11 10:04:00,8000,8000,8000,8000,2000
2022-11-11 10:05:00,8000,8000,8000,8000,0
2022-11-11 10:06:00,8000,8000,8000,8000,4900
2022-11-11 10:07:00,8000,8000,8000,8000,700
2022-11-11 10:08:00,8000,8000,8000,8000,1000
2022-11-11 10:09:00,8000,8000,8000,8000,0
2022-11-11 10:10:00,8000,8000,8000,8000,600
2022-11-11 10:11:00,8000,8000,8000,8000,2000
2022-11-11 10:12:00,8000,8000,8000,8000,0
2022-11-11 10:13:00,8025,8025,8025,8025,0
2022-11-11 10:14:00,8000,8000,8000,8000,35900
2022-11-11 10:15:00,8000,8000,8000,8000,0
2022-11-11 10:16:00,8000,8000,8000,8000,700
2022-11-11 10:17:00,8000,8000,8000,8000,20900
2022-11-11 10:18:00,8000,8000,8000,8000,0
2022-11-11 10:19:00,8000,8000,8000,8000,36900
2022-11-11 10:20:00,8025,8025,8025,8025,35700
2022-11-11 10:21:00,8025,8025,8025,8025,4300
2022-11-11 10:22:00,8025,8025,8025,8025,0
2022-11-11 10:23:00,8000,8000,8000,8000,200
2022-11-11 10:24:00,8025,8025,8025,8025,13100
2022-11-11 10:25:00,8025,8025,8025,8025,28600
2022-11-11 10:26:00,8025,8025,8025,8025,0
2022-11-11 10:27:00,8050,8050,8050,8050,900
2022-11-11 10:28:00,8050,8000,8050,8000,1500
2022-11-11 10:29:00,8050,8000,8050,8000,0
2022-11-11 10:30:00,8050,8000,8050,8000,0
2022-11-11 10:31:00,8025,8025,8050,8025,6200
2022-11-11 10:32:00,8025,8025,8025,8025,0
2022-11-11 10:33:00,8025,8025,8025,8025,0
2022-11-11 10:34:00,8025,8025,8025,8025,0
2022-11-11 10:35:00,8025,8025,8025,8025,0
2022-11-11 10:36:00,8025,8025,8050,8050,10600
2022-11-11 10:37:00,8050,8050,8050,8050,100
2022-11-11 10:38:00,8050,8025,8050,8025,2000
2022-11-11 10:39:00,8025,8025,8025,8025,5200
2022-11-11 10:40:00,8025,8025,8025,8025,0
2022-11-11 10:41:00,8025,8025,8025,8025,200
2022-11-11 10:42:00,8025,8025,8025,8025,4900
2022-11-11 10:43:00,8025,8025,8025,8025,600
2022-11-11 10:44:00,8025,8025,8025,8025,0
2022-11-11 10:45:00,8025,8000,8025,8000,2700
2022-11-11 10:46:00,8025,8025,8025,8025,300
2022-11-11 10:47:00,8025,8000,8025,8000,24700
2022-11-11 10:48:00,8000,8000,8000,8000,0
2022-11-11 10:49:00,8025,8025,8025,8025,1700
2022-11-11 10:50:00,8025,8025,8025,8025,0
2022-11-11 10:51:00,8000,8000,8025,8025,12100
2022-11-11 10:52:00,8025,8000,8025,8000,2100
2022-11-11 10:53:00,8025,8000,8025,8025,2700
2022-11-11 10:54:00,8000,8000,8025,8000,600
2022-11-11 10:55:00,8025,8000,8025,8025,1600
2022-11-11 10:56:00,8025,8000,8025,8000,0
2022-11-11 10:57:00,8000,8000,8000,8000,100
2022-11-11 10:58:00,8000,8000,8025,8000,2200
2022-11-11 10:59:00,8025,8000,8025,8000,311100
2022-11-11 11:00:00,8000,7950,8000,7975,81400
2022-11-11 11:01:00,7975,7975,7975,7975,2300
2022-11-11 11:02:00,7975,7975,7975,7975,2000
2022-11-11 11:03:00,7950,7950,7950,7950,0
2022-11-11 11:04:00,7950,7950,7975,7950,3500
2022-11-11 11:05:00,7950,7950,7975,7975,16100
2022-11-11 11:06:00,7950,7950,7950,7950,0
2022-11-11 11:07:00,7975,7975,7975,7975,14700
2022-11-11 11:08:00,7975,7975,8000,7975,7400
2022-11-11 11:09:00,7975,7975,8000,7975,11200
2022-11-11 11:10:00,7975,7975,7975,7975,200
2022-11-11 11:11:00,7975,7975,7975,7975,0
2022-11-11 11:12:00,7975,7950,7975,7975,800
2022-11-11 11:13:00,7975,7950,7975,7975,0
2022-11-11 11:14:00,7950,7950,7950,7950,1200
2022-11-11 11:15:00,7950,7950,7950,7950,19300
2022-11-11 11:16:00,7950,7950,7950,7950,900
2022-11-11 11:17:00,7950,7950,7950,7950,0
2022-11-11 11:18:00,7950,7950,7950,7950,0
2022-11-11 11:19:00,7975,7975,7975,7975,2900
2022-11-11 11:20:00,7950,7950,7950,7950,200
2022-11-11 11:21:00,7950,7950,7950,7950,0
2022-11-11 11:22:00,7975,7975,7975,7975,0
2022-11-11 11:23:00,7975,7975,7975,7975,0
2022-11-11 11:24:00,7950,7950,7975,7975,400
2022-11-11 11:25:00,7950,7950,7975,7975,1400
2022-11-11 11:26:00,7950,7950,7975,7950,600
2022-11-11 11:27:00,7950,7950,7975,7975,300
2022-11-11 11:28:00,7950,7950,7975,7975,1700
2022-11-11 11:29:00,7950,7950,7975,7975,0
2022-11-11 11:30:00,7950,7950,7975,7975,0
2022-11-11 11:31:00,7950,7950,7975,7975,0
2022-11-11 11:32:00,7950,7950,7975,7975,0
2022-11-11 11:33:00,7950,7950,7975,7975,0
2022-11-11 11:34:00,7950,7950,7975,7975,0
2022-11-11 11:35:00,7950,7950,7975,7975,0
2022-11-11 11:36:00,7950,7950,7975,7975,0
2022-11-11 11:37:00,7950,7950,7975,7975,0
2022-11-11 11:38:00,7950,7950,7975,7975,0
2022-11-11 11:39:00,7950,7950,7975,7975,0
2022-11-11 11:40:00,7950,7950,7975,7975,0
2022-11-11 11:41:00,7950,7950,7975,7975,0
2022-11-11 11:42:00,7950,7950,7975,7975,0
2022-11-11 11:43:00,7950,7950,7975,7975,0
2022-11-11 11:44:00,7950,7950,7975,7975,0
2022-11-11 11:45:00,7950,7950,7975,7975,0
2022-11-11 11:46:00,7950,7950,7975,7975,0
2022-11-11 11:47:00,7950,7950,7975,7975,0
2022-11-11 11:48:00,7950,7950,7975,7975,0
2022-11-11 11:49:00,7950,7950,7975,7975,0
2022-11-11 11:50:00,7950,7950,7975,7975,0
2022-11-11 11:51:00,7950,7950,7975,7975,0
2022-11-11 11:52:00,7950,7950,7975,7975,0
2022-11-11 11:53:00,7950,7950,7975,7975,0
2022-11-11 11:54:00,7950,7950,7975,7975,0
2022-11-11 11:55:00,7950,7950,7975,7975,0
2022-11-11 11:56:00,7950,7950,7975,7975,0
2022-11-11 11:57:00,7950,7950,7975,7975,0
2022-11-11 11:58:00,7950,7950,7975,7975,0
2022-11-11 11:59:00,7950,7950,7975,7975,0
2022-11-11 12:00:00,7950,7950,7975,7975,0
2022-11-11 12:01:00,7950,7950,7975,7975,0
2022-11-11 12:02:00,7950,7950,7975,7975,0
2022-11-11 12:03:00,7950,7950,7975,7975,0
2022-11-11 12:04:00,7950,7950,7975,7975,0
2022-11-11 12:05:00,7950,7950,7975,7975,0
2022-11-11 12:06:00,7950,7950,7975,7975,0
2022-11-11 12:07:00,7950,7950,7975,7975,0
2022-11-11 12:08:00,7950,7950,7975,7975,0
2022-11-11 12:09:00,7950,7950,7975,7975,0
2022-11-11 12:10:00,7950,7950,7975,7975,0
2022-11-11 12:11:00,7950,7950,7975,7975,0
2022-11-11 12:12:00,7950,7950,7975,7975,0
2022-11-11 12:13:00,7950,7950,7975,7975,0
2022-11-11 12:14:00,7950,7950,7975,7975,0
2022-11-11 12:15:00,7950,7950,7975,7975,0
2022-11-11 12:16:00,7950,7950,7975,7975,0
2022-11-11 12:17:00,7950,7950,7975,7975,0
2022-11-11 12:18:00,7950,7950,7975,7975,0
2022-11-11 12:19:00,7950,7950,7975,7975,0
2022-11-11 12:20:00,7950,7950,7975,7975,0
2022-11-11 12:21:00,7950,7950,7975,7975,0
2022-11-11 12:22:00,7950,7950,7975,7975,0
2022-11-11 12:23:00,7950,7950,7975,7975,0
2022-11-11 12:24:00,7950,7950,7975,7975,0
2022-11-11 12:25:00,7950,7950,7975,7975,0
2022-11-11 12:26:00,7950,7950,7975,7975,0
2022-11-11 12:27:00,7950,7950,7975,7975,0
2022-11-11 12:28:00,7950,7950,7975,7975,0
2022-11-11 12:29:00,7950,7950,7975,7975,0
2022-11-11 12:30:00,7950,7950,7975,7975,0
2022-11-11 12:31:00,7950,7950,7975,7975,0
2022-11-11 12:32:00,7950,7950,7975,7975,0
2022-11-11 12:33:00,7950,7950,7975,7975,0
2022-11-11 12:34:00,7950,7950,7975,7975,0
2022-11-11 12:35:00,7950,7950,7975,7975,0
2022-11-11 12:36:00,7950,7950,7975,7975,0
2022-11-11 12:37:00,7950,7950,7975,7975,0
2022-11-11 12:38:00,7950,7950,7975,7975,0
2022-11-11 12:39:00,7950,7950,7975,7975,0
2022-11-11 12:40:00,7950,7950,7975,7975,0
2022-11-11 12:41:00,7950,7950,7975,7975,0
2022-11-11 12:42:00,7950,7950,7975,7975,0
2022-11-11 12:43:00,7950,7950,7975,7975,0
2022-11-11 12:44:00,7950,7950,7975,7975,0
2022-11-11 12:45:00,7950,7950,7975,7975,0
2022-11-11 12:46:00,7950,7950,7975,7975,0
2022-11-11 12:47:00,7950,7950,7975,7975,0
2022-11-11 12:48:00,7950,7950,7975,7975,0
2022-11-11 12:49:00,7950,7950,7975,7975,0
2022-11-11 12:50:00,7950,7950,7975,7975,0
2022-11-11 12:51:00,7950,7950,7975,7975,0
2022-11-11 12:52:00,7950,7950,7975,7975,0
2022-11-11 12:53:00,7950,7950,7975,7975,0
2022-11-11 12:54:00,7950,7950,7975,7975,0
2022-11-11 12:55:00,7950,7950,7975,7975,0
2022-11-11 12:56:00,7950,7950,7975,7975,0
2022-11-11 12:57:00,7950,7950,7975,7975,0
2022-11-11 12:58:00,7950,7950,7975,7975,0
2022-11-11 12:59:00,7950,7950,7975,7975,0
2022-11-11 13:00:00,7950,7950,7975,7975,0
2022-11-11 13:01:00,7950,7950,7975,7975,0
2022-11-11 13:02:00,7950,7950,7975,7975,0
2022-11-11 13:03:00,7950,7950,7975,7975,0
2022-11-11 13:04:00,7950,7950,7975,7975,0
2022-11-11 13:05:00,7950,7950,7975,7975,0
2022-11-11 13:06:00,7950,7950,7975,7975,0
2022-11-11 13:07:00,7950,7950,7975,7975,0
2022-11-11 13:08:00,7950,7950,7975,7975,0
2022-11-11 13:09:00,7950,7950,7975,7975,0
2022-11-11 13:10:00,7950,7950,7975,7975,0
2022-11-11 13:11:00,7950,7950,7975,7975,0
2022-11-11 13:12:00,7950,7950,7975,7975,0
2022-11-11 13:13:00,7950,7950,7975,7975,0
2022-11-11 13:14:00,7950,7950,7975,7975,0
2022-11-11 13:15:00,7950,7950,7975,7975,0
2022-11-11 13:16:00,7950,7950,7975,7975,0
2022-11-11 13:17:00,7950,7950,7975,7975,0
2022-11-11 13:18:00,7950,7950,7975,7975,0
2022-11-11 13:19:00,7950,7950,7975,7975,0
2022-11-11 13:20:00,7950,7950,7975,7975,0
2022-11-11 13:21:00,7950,7950,7975,7975,0
2022-11-11 13:22:00,7950,7950,7975,7975,0
2022-11-11 13:23:00,7950,7950,7975,7975,0
2022-11-11 13:24:00,7950,7950,7975,7975,0
2022-11-11 13:25:00,7950,7950,7975,7975,0
2022-11-11 13:26:00,7950,7950,7975,7975,0
2022-11-11 13:27:00,7950,7950,7975,7975,0
2022-11-11 13:28:00,7950,7950,7975,7975,0
2022-11-11 13:29:00,7950,7950,7975,7975,0
2022-11-11 13:30:00,7975,7950,7975,7975,26000
2022-11-11 13:31:00,8000,8000,8025,8025,50600
2022-11-11 13:32:00,8000,8000,8025,8025,0
2022-11-11 13:33:00,8000,8000,8025,8025,0
2022-11-11 13:34:00,8000,8000,8025,8025,0
2022-11-11 13:35:00,8025,8025,8050,8050,58500
2022-11-11 13:36:00,8025,8025,8025,8025,0
2022-11-11 13:37:00,8025,8000,8025,8000,40400
2022-11-11 13:38:00,8025,8000,8025,8025,2400
2022-11-11 13:39:00,8025,8000,8025,8025,0
2022-11-11 13:40:00,8025,8025,8025,8025,10200
2022-11-11 13:41:00,8025,8025,8025,8025,500
2022-11-11 13:42:00,8025,8000,8050,8050,81600
2022-11-11 13:43:00,8050,8050,8050,8050,1900
2022-11-11 13:44:00,8050,8050,8050,8050,0
2022-11-11 13:45:00,8050,8050,8050,8050,2500
2022-11-11 13:46:00,8050,8050,8050,8050,0
2022-11-11 13:47:00,8025,8025,8025,8025,100
2022-11-11 13:48:00,8025,8025,8025,8025,1800
2022-11-11 13:49:00,8025,8025,8050,8050,0
2022-11-11 13:50:00,8025,8025,8050,8050,0
2022-11-11 13:51:00,8050,8025,8050,8025,25000
2022-11-11 13:52:00,8050,8025,8050,8025,0
2022-11-11 13:53:00,8025,8025,8050,8050,3500
2022-11-11 13:54:00,8050,8050,8050,8050,0
2022-11-11 13:55:00,8025,8025,8025,8025,15100
2022-11-11 13:56:00,8025,8025,8025,8025,2600
2022-11-11 13:57:00,8025,8025,8025,8025,5900
2022-11-11 13:58:00,8050,8050,8050,8050,0
2022-11-11 13:59:00,8050,8025,8050,8025,39800
2022-11-11 14:00:00,8025,8025,8025,8025,10300
2022-11-11 14:01:00,8025,8025,8025,8025,0
2022-11-11 14:02:00,8050,8050,8050,8050,21800
2022-11-11 14:03:00,8050,8050,8050,8050,0
2022-11-11 14:04:00,8050,8050,8050,8050,0
2022-11-11 14:05:00,8050,8050,8050,8050,0
2022-11-11 14:06:00,8075,8075,8075,8075,2000
2022-11-11 14:07:00,8075,8050,8075,8050,0
2022-11-11 14:08:00,8050,8050,8100,8100,107400
2022-11-11 14:09:00,8100,8075,8125,8100,138200
2022-11-11 14:10:00,8100,8100,8125,8125,23100
2022-11-11 14:11:00,8125,8100,8150,8100,10000
2022-11-11 14:12:00,8125,8100,8175,8175,187500
2022-11-11 14:13:00,8175,8150,8175,8175,55000
2022-11-11 14:14:00,8175,8175,8175,8175,35600
2022-11-11 14:15:00,8175,8150,8175,8175,77300
2022-11-11 14:16:00,8175,8175,8175,8175,9100
2022-11-11 14:17:00,8175,8150,8175,8150,35600
2022-11-11 14:18:00,8175,8150,8175,8175,15500
2022-11-11 14:19:00,8175,8175,8175,8175,34300
2022-11-11 14:20:00,8175,8175,8175,8175,500
2022-11-11 14:21:00,8175,8175,8200,8200,4500
2022-11-11 14:22:00,8175,8175,8200,8200,16500
2022-11-11 14:23:00,8175,8175,8200,8200,15700
2022-11-11 14:24:00,8175,8175,8175,8175,7500
2022-11-11 14:25:00,8175,8175,8175,8175,5000
2022-11-11 14:26:00,8175,8175,8175,8175,0
2022-11-11 14:27:00,8175,8175,8200,8175,87900
2022-11-11 14:28:00,8175,8175,8175,8175,2800
2022-11-11 14:29:00,8150,8150,8175,8150,9900
2022-11-11 14:30:00,8150,8150,8150,8150,3200
2022-11-11 14:31:00,8150,8150,8175,8150,15400
2022-11-11 14:32:00,8150,8150,8175,8175,33400
2022-11-11 14:33:00,8175,8150,8175,8150,12900
2022-11-11 14:34:00,8150,8150,8150,8150,11600
2022-11-11 14:35:00,8150,8150,8150,8150,3600
2022-11-11 14:36:00,8150,8150,8150,8150,9100
2022-11-11 14:37:00,8150,8150,8150,8150,1000
2022-11-11 14:38:00,8150,8150,8150,8150,0
2022-11-11 14:39:00,8150,8150,8150,8150,400
2022-11-11 14:40:00,8150,8150,8150,8150,0
2022-11-11 14:41:00,8150,8150,8175,8175,9200
2022-11-11 14:42:00,8175,8175,8175,8175,29300
2022-11-11 14:43:00,8175,8150,8175,8175,1200
2022-11-11 14:44:00,8175,8175,8175,8175,14600
2022-11-11 14:45:00,8175,8175,8200,8200,4700
2022-11-11 14:46:00,8200,8175,8200,8175,13100
2022-11-11 14:47:00,8175,8175,8200,8175,18800
2022-11-11 14:48:00,8175,8175,8200,8175,28200
2022-11-11 14:49:00,8175,8150,8175,8150,57900
2022-11-11 14:50:00,8175,8150,8175,8150,0
2022-11-11 14:51:00,8175,8150,8175,8150,0
2022-11-11 14:52:00,8175,8150,8175,8150,0
2022-11-11 14:53:00,8175,8150,8175,8150,0
2022-11-11 14:54:00,8175,8150,8175,8150,0
2022-11-11 14:55:00,8175,8150,8175,8150,0
2022-11-11 14:56:00,8175,8150,8175,8150,0
2022-11-11 14:57:00,8175,8150,8175,8150,0
2022-11-11 14:58:00,8175,8150,8175,8150,0
2022-11-11 14:59:00,8175,8150,8175,8150,0
2022-11-11 15:00:00,8150,8150,8150,8150,63900
2022-11-11 15:01:00,8150,8150,8150,8150,24500
2022-11-11 15:02:00,8150,8150,8150,8150,800
2022-11-11 15:03:00,8150,8150,8150,8150,20700
2022-11-11 15:04:00,8150,8150,8150,8150,3600
2022-11-11 15:05:00,8150,8150,8150,8150,2800
2022-11-11 15:06:00,8150,8150,8150,8150,0
2022-11-11 15:07:00,8150,8150,8150,8150,31400
2022-11-11 15:08:00,8150,8150,8150,8150,0
2022-11-11 15:09:00,8150,8150,8150,8150,0
2022-11-11 15:10:00,8150,8150,8150,8150,0
2022-11-11 15:11:00,8150,8150,8150,8150,0
2022-11-11 15:12:00,8150,8150,8150,8150,0
2022-11-11 15:13:00,8150,8150,8150,8150,400
2022-11-11 15:14:00,8150,8150,8150,8150,3405700
2022-11-11 15:15:00,8150,8150,8150,8150,0
2022-11-11 15:16:00,8150,8150,8150,8150,0
2022-11-11 15:17:00,8150,8150,8150,8150,0
2022-11-11 15:18:00,8150,8150,8150,8150,0
2022-11-11 15:19:00,8150,8150,8150,8150,0
2022-11-11 15:20:00,8150,8150,8150,8150,0
2022-11-11 15:21:00,8150,8150,8150,8150,0
2022-11-11 15:22:00,8150,8150,8150,8150,0
2022-11-11 15:23:00,8150,8150,8150,8150,0
2022-11-11 15:24:00,8150,8150,8150,8150,0
2022-11-11 15:25:00,8150,8150,8150,8150,0
2022-11-11 15:26:00,8150,8150,8150,8150,0
2022-11-11 15:27:00,8150,8150,8150,8150,0
2022-11-11 15:28:00,8150,8150,8150,8150,0
2022-11-11 15:29:00,8150,8150,8150,8150,0
2022-11-11 15:30:00,8150,8150,8150,8150,0
2022-11-11 15:31:00,8150,8150,8150,8150,0
2022-11-11 15:32:00,8150,8150,8150,8150,0
2022-11-11 15:33:00,8150,8150,8150,8150,0
2022-11-11 15:34:00,8150,8150,8150,8150,0
2022-11-11 15:35:00,8150,8150,8150,8150,0
2022-11-11 15:36:00,8150,8150,8150,8150,0
2022-11-11 15:37:00,8150,8150,8150,8150,0
2022-11-11 15:38:00,8150,8150,8150,8150,0
2022-11-11 15:39:00,8150,8150,8150,8150,0
2022-11-11 15:40:00,8150,8150,8150,8150,0
2022-11-11 15:41:00,8150,8150,8150,8150,0
2022-11-11 15:42:00,8150,8150,8150,8150,0
2022-11-11 15:43:00,8150,8150,8150,8150,0
2022-11-11 15:44:00,8150,8150,8150,8150,0
2022-11-11 15:45:00,8150,8150,8150,8150,0
2022-11-11 15:46:00,8150,8150,8150,8150,0
2022-11-11 15:47:00,8150,8150,8150,8150,0
2022-11-11 15:48:00,8150,8150,8150,8150,0
2022-11-11 15:49:00,8150,8150,8150,8150,0
2022-11-11 15:50:00,8150,8150,8150,8150,0
2022-11-11 15:51:00,8150,8150,8150,8150,0
2022-11-11 15:52:00,8150,8150,8150,8150,0
2022-11-11 15:53:00,8150,8150,8150,8150,0
2022-11-11 15:54:00,8150,8150,8150,8150,0
2022-11-11 15:55:00,8150,8150,8150,8150,0
2022-11-11 15:56:00,8150,8150,8150,8150,0
2022-11-11 15:57:00,8150,8150,8150,8150,0
2022-11-11 15:58:00,8150,8150,8150,8150,0
2022-11-11 15:59:00,8150,8150,8150,8150,0
2022-11-14 09:00:00,8250,8250,8250,8250,0
2022-11-14 09:01:00,8250,8200,8250,8200,16000
2022-11-14 09:02:00,8200,8200,8225,8225,3000
2022-11-14 09:03:00,8225,8200,8225,8225,24900
2022-11-14 09:04:00,8225,8225,8225,8225,600
2022-11-14 09:05:00,8225,8200,8225,8225,18900
2022-11-14 09:06:00,8225,8225,8225,8225,0
2022-11-14 09:07:00,8200,8200,8200,8200,9900
2022-11-14 09:08:00,8200,8175,8200,8175,58000
2022-11-14 09:09:00,8150,8125,8175,8125,72500
2022-11-14 09:10:00,8125,8125,8125,8125,7000
2022-11-14 09:11:00,8125,8100,8125,8125,9000
2022-11-14 09:12:00,8125,8125,8125,8125,4600
2022-11-14 09:13:00,8125,8125,8125,8125,2000
2022-11-14 09:14:00,8125,8100,8125,8125,9900
2022-11-14 09:15:00,8125,8100,8125,8125,0
2022-11-14 09:16:00,8125,8100,8125,8100,29000
2022-11-14 09:17:00,8100,8100,8100,8100,7500
2022-11-14 09:18:00,8100,8100,8100,8100,1200
2022-11-14 09:19:00,8100,8100,8100,8100,42500
2022-11-14 09:20:00,8125,8125,8125,8125,0
2022-11-14 09:21:00,8125,8125,8125,8125,0
2022-11-14 09:22:00,8125,8125,8125,8125,1200
2022-11-14 09:23:00,8150,8125,8175,8175,29500
2022-11-14 09:24:00,8175,8175,8175,8175,2400
2022-11-14 09:25:00,8175,8175,8175,8175,600
2022-11-14 09:26:00,8150,8150,8150,8150,4900
2022-11-14 09:27:00,8150,8150,8150,8150,1100
2022-11-14 09:28:00,8175,8175,8175,8175,100
2022-11-14 09:29:00,8175,8175,8175,8175,16000
2022-11-14 09:30:00,8175,8175,8175,8175,600
2022-11-14 09:31:00,8175,8175,8175,8175,400
2022-11-14 09:32:00,8175,8175,8175,8175,0
2022-11-14 09:33:00,8175,8175,8175,8175,6300
2022-11-14 09:34:00,8175,8175,8175,8175,0
2022-11-14 09:35:00,8175,8175,8175,8175,200
2022-11-14 09:36:00,8175,8175,8175,8175,12600
2022-11-14 09:37:00,8175,8175,8175,8175,900
2022-11-14 09:38:00,8175,8175,8175,8175,100
2022-11-14 09:39:00,8200,8200,8200,8200,900
2022-11-14 09:40:00,8200,8200,8200,8200,200
2022-11-14 09:41:00,8200,8200,8200,8200,200
2022-11-14 09:42:00,8200,8200,8200,8200,2200
2022-11-14 09:43:00,8175,8175,8200,8200,13600
2022-11-14 09:44:00,8200,8175,8200,8175,8600
2022-11-14 09:45:00,8175,8175,8175,8175,0
2022-11-14 09:46:00,8175,8175,8175,8175,2100
2022-11-14 09:47:00,8175,8175,8175,8175,2800
2022-11-14 09:48:00,8175,8175,8175,8175,2000
2022-11-14 09:49:00,8175,8175,8175,8175,24100
2022-11-14 09:50:00,8175,8150,8175,8150,11100
2022-11-14 09:51:00,8150,8125,8150,8125,149300
2022-11-14 09:52:00,8125,8125,8125,8125,0
2022-11-14 09:53:00,8125,8125,8125,8125,0
2022-11-14 09:54:00,8125,8125,8125,8125,3100
2022-11-14 09:55:00,8125,8125,8125,8125,3500
2022-11-14 09:56:00,8125,8125,8150,8150,600
2022-11-14 09:57:00,8125,8125,8150,8150,0
2022-11-14 09:58:00,8150,8125,8150,8150,10200
2022-11-14 09:59:00,8150,8125,8150,8150,0
2022-11-14 10:00:00,8150,8150,8150,8150,0
2022-11-14 10:01:00,8150,8150,8150,8150,3000
2022-11-14 10:02:00,8150,8150,8150,8150,0
2022-11-14 10:03:00,8150,8150,8175,8175,52300
2022-11-14 10:04:00,8175,8175,8175,8175,700
2022-11-14 10:05:00,8175,8150,8175,8175,1800
2022-11-14 10:06:00,8175,8150,8175,8175,4400
2022-11-14 10:07:00,8175,8175,8175,8175,3000
2022-11-14 10:08:00,8175,8175,8175,8175,1100
2022-11-14 10:09:00,8175,8150,8175,8150,800
2022-11-14 10:10:00,8175,8175,8175,8175,1600
2022-11-14 10:11:00,8150,8150,8150,8150,38100
2022-11-14 10:12:00,8150,8150,8150,8150,11600
2022-11-14 10:13:00,8150,8150,8175,8150,0
2022-11-14 10:14:00,8150,8150,8175,8150,0
2022-11-14 10:15:00,8150,8150,8175,8150,0
2022-11-14 10:16:00,8150,8150,8175,8150,0
2022-11-14 10:17:00,8150,8150,8175,8150,1300
2022-11-14 10:18:00,8175,8175,8200,8175,30200
2022-11-14 10:19:00,8200,8200,8200,8200,1700
2022-11-14 10:20:00,8200,8175,8200,8175,700
2022-11-14 10:21:00,8200,8200,8200,8200,1100
2022-11-14 10:22:00,8200,8200,8200,8200,800
2022-11-14 10:23:00,8200,8200,8200,8200,1300
2022-11-14 10:24:00,8200,8200,8200,8200,2700
2022-11-14 10:25:00,8200,8200,8200,8200,1300
2022-11-14 10:26:00,8200,8200,8200,8200,1000
2022-11-14 10:27:00,8200,8200,8200,8200,1500
2022-11-14 10:28:00,8200,8175,8200,8175,400
2022-11-14 10:29:00,8200,8175,8200,8175,12600
2022-11-14 10:30:00,8200,8175,8200,8200,2700
2022-11-14 10:31:00,8200,8200,8200,8200,1300
2022-11-14 10:32:00,8200,8200,8200,8200,1300
2022-11-14 10:33:00,8200,8200,8200,8200,2500
2022-11-14 10:34:00,8200,8200,8200,8200,1500
2022-11-14 10:35:00,8200,8200,8200,8200,6000
2022-11-14 10:36:00,8200,8200,8200,8200,71200
2022-11-14 10:37:00,8200,8200,8225,8225,9200
2022-11-14 10:38:00,8225,8225,8225,8225,2100
2022-11-14 10:39:00,8225,8225,8225,8225,1900
2022-11-14 10:40:00,8225,8200,8225,8225,2300
2022-11-14 10:41:00,8225,8200,8225,8200,200
2022-11-14 10:42:00,8225,8200,8225,8200,28600
2022-11-14 10:43:00,8200,8200,8200,8200,10900
2022-11-14 10:44:00,8200,8200,8200,8200,4600
2022-11-14 10:45:00,8200,8200,8200,8200,3300
2022-11-14 10:46:00,8200,8200,8200,8200,0
2022-11-14 10:47:00,8200,8200,8200,8200,4500
2022-11-14 10:48:00,8200,8200,8200,8200,4800
2022-11-14 10:49:00,8200,8200,8200,8200,3500
2022-11-14 10:50:00,8200,8200,8200,8200,1600
2022-11-14 10:51:00,8200,8200,8200,8200,3000
2022-11-14 10:52:00,8200,8200,8200,8200,0
2022-11-14 10:53:00,8200,8200,8200,8200,0
2022-11-14 10:54:00,8200,8200,8200,8200,1900
2022-11-14 10:55:00,8225,8225,8225,8225,2200
2022-11-14 10:56:00,8225,8225,8225,8225,0
2022-11-14 10:57:00,8225,8225,8225,8225,1500
2022-11-14 10:58:00,8225,8200,8225,8225,3600
2022-11-14 10:59:00,8225,8200,8225,8200,200
2022-11-14 11:00:00,8200,8200,8225,8225,2000
2022-11-14 11:01:00,8225,8225,8225,8225,600
2022-11-14 11:02:00,8225,8200,8225,8225,2000
2022-11-14 11:03:00,8225,8225,8250,8250,180200
2022-11-14 11:04:00,8250,8250,8250,8250,7100
2022-11-14 11:05:00,8225,8225,8225,8225,15500
2022-11-14 11:06:00,8225,8225,8250,8250,0
2022-11-14 11:07:00,8225,8225,8225,8225,100
2022-11-14 11:08:00,8225,8225,8225,8225,0
2022-11-14 11:09:00,8225,8225,8225,8225,4600
2022-11-14 11:10:00,8225,8225,8225,8225,7900
2022-11-14 11:11:00,8225,8225,8225,8225,0
2022-11-14 11:12:00,8225,8225,8225,8225,500
2022-11-14 11:13:00,8250,8250,8250,8250,1100
2022-11-14 11:14:00,8250,8225,8250,8225,400
2022-11-14 11:15:00,8225,8225,8250,8250,2300
2022-11-14 11:16:00,8250,8250,8250,8250,200
2022-11-14 11:17:00,8250,8225,8250,8250,4900
2022-11-14 11:18:00,8225,8225,8225,8225,0
2022-11-14 11:19:00,8250,8225,8250,8225,4600
2022-11-14 11:20:00,8250,8225,8250,8225,0
2022-11-14 11:21:00,8250,8225,8250,8250,1800
2022-11-14 11:22:00,8250,8250,8250,8250,2200
2022-11-14 11:23:00,8225,8225,8250,8225,57500
2022-11-14 11:24:00,8225,8225,8225,8225,1200
2022-11-14 11:25:00,8225,8225,8225,8225,4700
2022-11-14 11:26:00,8225,8225,8225,8225,2100
2022-11-14 11:27:00,8225,8225,8225,8225,500
2022-11-14 11:28:00,8225,8200,8225,8200,12500
2022-11-14 11:29:00,8225,8200,8225,8200,0
2022-11-14 11:30:00,8225,8200,8225,8200,0
2022-11-14 11:31:00,8225,8200,8225,8200,0
2022-11-14 11:32:00,8225,8200,8225,8200,0
2022-11-14 11:33:00,8225,8200,8225,8200,0
2022-11-14 11:34:00,8225,8200,8225,8200,0
2022-11-14 11:35:00,8225,8200,8225,8200,0
2022-11-14 11:36:00,8225,8200,8225,8200,0
2022-11-14 11:37:00,8225,8200,8225,8200,0
2022-11-14 11:38:00,8225,8200,8225,8200,0
2022-11-14 11:39:00,8225,8200,8225,8200,0
2022-11-14 11:40:00,8225,8200,8225,8200,0
2022-11-14 11:41:00,8225,8200,8225,8200,0
2022-11-14 11:42:00,8225,8200,8225,8200,0
2022-11-14 11:43:00,8225,8200,8225,8200,0
2022-11-14 11:44:00,8225,8200,8225,8200,0
2022-11-14 11:45:00,8225,8200,8225,8200,0
2022-11-14 11:46:00,8225,8200,8225,8200,0
2022-11-14 11:47:00,8225,8200,8225,8200,0
2022-11-14 11:48:00,8225,8200,8225,8200,0
2022-11-14 11:49:00,8225,8200,8225,8200,0
2022-11-14 11:50:00,8225,8200,8225,8200,0
2022-11-14 11:51:00,8225,8200,8225,8200,0
2022-11-14 11:52:00,8225,8200,8225,8200,0
2022-11-14 11:53:00,8225,8200,8225,8200,0
2022-11-14 11:54:00,8225,8200,8225,8200,0
2022-11-14 11:55:00,8225,8200,8225,8200,0
2022-11-14 11:56:00,8225,8200,8225,8200,0
2022-11-14 11:57:00,8225,8200,8225,8200,0
2022-11-14 11:58:00,8225,8200,8225,8200,0
2022-11-14 11:59:00,8225,8200,8225,8200,0
2022-11-14 12:00:00,8225,8200,8225,8200,0
2022-11-14 12:01:00,8225,8200,8225,8200,0
2022-11-14 12:02:00,8225,8200,8225,8200,0
2022-11-14 12:03:00,8225,8200,8225,8200,0
2022-11-14 12:04:00,8225,8200,8225,8200,0
2022-11-14 12:05:00,8225,8200,8225,8200,0
2022-11-14 12:06:00,8225,8200,8225,8200,0
2022-11-14 12:07:00,8225,8200,8225,8200,0
2022-11-14 12:08:00,8225,8200,8225,8200,0
2022-11-14 12:09:00,8225,8200,8225,8200,0
2022-11-14 12:10:00,8225,8200,8225,8200,0
2022-11-14 12:11:00,8225,8200,8225,8200,0
2022-11-14 12:12:00,8225,8200,8225,8200,0
2022-11-14 12:13:00,8225,8200,8225,8200,0
2022-11-14 12:14:00,8225,8200,8225,8200,0
2022-11-14 12:15:00,8225,8200,8225,8200,0
2022-11-14 12:16:00,8225,8200,8225,8200,0
2022-11-14 12:17:00,8225,8200,8225,8200,0
2022-11-14 12:18:00,8225,8200,8225,8200,0
2022-11-14 12:19:00,8225,8200,8225,8200,0
2022-11-14 12:20:00,8225,8200,8225,8200,0
2022-11-14 12:21:00,8225,8200,8225,8200,0
2022-11-14 12:22:00,8225,8200,8225,8200,0
2022-11-14 12:23:00,8225,8200,8225,8200,0
2022-11-14 12:24:00,8225,8200,8225,8200,0
2022-11-14 12:25:00,8225,8200,8225,8200,0
2022-11-14 12:26:00,8225,8200,8225,8200,0
2022-11-14 12:27:00,8225,8200,8225,8200,0
2022-11-14 12:28:00,8225,8200,8225,8200,0
2022-11-14 12:29:00,8225,8200,8225,8200,0
2022-11-14 12:30:00,8225,8200,8225,8200,0
2022-11-14 12:31:00,8225,8200,8225,8200,0
2022-11-14 12:32:00,8225,8200,8225,8200,0
2022-11-14 12:33:00,8225,8200,8225,8200,0
2022-11-14 12:34:00,8225,8200,8225,8200,0
2022-11-14 12:35:00,8225,8200,8225,8200,0
2022-11-14 12:36:00,8225,8200,8225,8200,0
2022-11-14 12:37:00,8225,8200,8225,8200,0
2022-11-14 12:38:00,8225,8200,8225,8200,0
2022-11-14 12:39:00,8225,8200,8225,8200,0
2022-11-14 12:40:00,8225,8200,8225,8200,0
2022-11-14 12:41:00,8225,8200,8225,8200,0
2022-11-14 12:42:00,8225,8200,8225,8200,0
2022-11-14 12:43:00,8225,8200,8225,8200,0
2022-11-14 12:44:00,8225,8200,8225,8200,0
2022-11-14 12:45:00,8225,8200,8225,8200,0
2022-11-14 12:46:00,8225,8200,8225,8200,0
2022-11-14 12:47:00,8225,8200,8225,8200,0
2022-11-14 12:48:00,8225,8200,8225,8200,0
2022-11-14 12:49:00,8225,8200,8225,8200,0
2022-11-14 12:50:00,8225,8200,8225,8200,0
2022-11-14 12:51:00,8225,8200,8225,8200,0
2022-11-14 12:52:00,8225,8200,8225,8200,0
2022-11-14 12:53:00,8225,8200,8225,8200,0
2022-11-14 12:54:00,8225,8200,8225,8200,0
2022-11-14 12:55:00,8225,8200,8225,8200,0
2022-11-14 12:56:00,8225,8200,8225,8200,0
2022-11-14 12:57:00,8225,8200,8225,8200,0
2022-11-14 12:58:00,8225,8200,8225,8200,0
2022-11-14 12:59:00,8225,8200,8225,8200,0
2022-11-14 13:00:00,8225,8200,8225,8200,0
2022-11-14 13:01:00,8225,8200,8225,8200,0
2022-11-14 13:02:00,8225,8200,8225,8200,0
2022-11-14 13:03:00,8225,8200,8225,8200,0
2022-11-14 13:04:00,8225,8200,8225,8200,0
2022-11-14 13:05:00,8225,8200,8225,8200,0
2022-11-14 13:06:00,8225,8200,8225,8200,0
2022-11-14 13:07:00,8225,8200,8225,8200,0
2022-11-14 13:08:00,8225,8200,8225,8200,0
2022-11-14 13:09:00,8225,8200,8225,8200,0
2022-11-14 13:10:00,8225,8200,8225,8200,0
2022-11-14 13:11:00,8225,8200,8225,8200,0
2022-11-14 13:12:00,8225,8200,8225,8200,0
2022-11-14 13:13:00,8225,8200,8225,8200,0
2022-11-14 13:14:00,8225,8200,8225,8200,0
2022-11-14 13:15:00,8225,8200,8225,8200,0
2022-11-14 13:16:00,8225,8200,8225,8200,0
2022-11-14 13:17:00,8225,8200,8225,8200,0
2022-11-14 13:18:00,8225,8200,8225,8200,0
2022-11-14 13:19:00,8225,8200,8225,8200,0
2022-11-14 13:20:00,8225,8200,8225,8200,0
2022-11-14 13:21:00,8225,8200,8225,8200,0
2022-11-14 13:22:00,8225,8200,8225,8200,0
2022-11-14 13:23:00,8225,8200,8225,8200,0
2022-11-14 13:24:00,8225,8200,8225,8200,0
2022-11-14 13:25:00,8225,8200,8225,8200,0
2022-11-14 13:26:00,8225,8200,8225,8200,0
2022-11-14 13:27:00,8225,8200,8225,8200,0
2022-11-14 13:28:00,8225,8200,8225,8200,0
2022-11-14 13:29:00,8225,8200,8225,8200,0
2022-11-14 13:30:00,8200,8200,8225,8200,40400
2022-11-14 13:31:00,8200,8200,8200,8200,12500
2022-11-14 13:32:00,8200,8200,8200,8200,0
2022-11-14 13:33:00,8200,8200,8200,8200,0
2022-11-14 13:34:00,8175,8175,8200,8175,25400
2022-11-14 13:35:00,8175,8175,8175,8175,1200
2022-11-14 13:36:00,8200,8200,8200,8200,7400
2022-11-14 13:37:00,8200,8200,8200,8200,0
2022-11-14 13:38:00,8175,8175,8175,8175,2600
2022-11-14 13:39:00,8175,8175,8175,8175,2700
2022-11-14 13:40:00,8175,8175,8175,8175,1800
2022-11-14 13:41:00,8175,8175,8175,8175,0
2022-11-14 13:42:00,8175,8175,8200,8200,20500
2022-11-14 13:43:00,8200,8200,8200,8200,100
2022-11-14 13:44:00,8200,8200,8200,8200,300
2022-11-14 13:45:00,8200,8175,8200,8175,3700
2022-11-14 13:46:00,8200,8200,8200,8200,1400
2022-11-14 13:47:00,8200,8200,8200,8200,600
2022-11-14 13:48:00,8175,8175,8175,8175,4700
2022-11-14 13:49:00,8175,8175,8175,8175,0
2022-11-14 13:50:00,8200,8200,8200,8200,0
2022-11-14 13:51:00,8200,8200,8200,8200,1500
2022-11-14 13:52:00,8200,8200,8200,8200,300
2022-11-14 13:53:00,8200,8175,8200,8175,17200
2022-11-14 13:54:00,8175,8175,8175,8175,18600
2022-11-14 13:55:00,8175,8175,8175,8175,900
2022-11-14 13:56:00,8175,8175,8175,8175,0
2022-11-14 13:57:00,8175,8175,8175,8175,400
2022-11-14 13:58:00,8175,8175,8175,8175,200
2022-11-14 13:59:00,8175,8150,8175,8150,36000
2022-11-14 14:00:00,8175,8175,8175,8175,0
2022-11-14 14:01:00,8175,8175,8175,8175,500
2022-11-14 14:02:00,8175,8150,8175,8150,65800
2022-11-14 14:03:00,8150,8125,8150,8150,1400
2022-11-14 14:04:00,8150,8125,8150,8150,0
2022-11-14 14:05:00,8150,8125,8150,8150,0
2022-11-14 14:06:00,8150,8125,8150,8150,0
2022-11-14 14:07:00,8150,8150,8150,8150,1200
2022-11-14 14:08:00,8150,8150,8150,8150,1000
2022-11-14 14:09:00,8150,8150,8150,8150,0
2022-11-14 14:10:00,8150,8150,8150,8150,3900
2022-11-14 14:11:00,8150,8150,8175,8150,17700
2022-11-14 14:12:00,8150,8150,8175,8150,0
2022-11-14 14:13:00,8150,8150,8150,8150,2500
2022-11-14 14:14:00,8150,8150,8150,8150,0
2022-11-14 14:15:00,8150,8150,8150,8150,700
2022-11-14 14:16:00,8150,8150,8150,8150,1000
2022-11-14 14:17:00,8150,8150,8150,8150,400
2022-11-14 14:18:00,8150,8150,8150,8150,900
2022-11-14 14:19:00,8175,8175,8175,8175,800
2022-11-14 14:20:00,8175,8150,8175,8150,0
2022-11-14 14:21:00,8175,8150,8175,8150,18300
2022-11-14 14:22:00,8175,8150,8175,8150,0
2022-11-14 14:23:00,8125,8125,8175,8175,22100
2022-11-14 14:24:00,8150,8150,8150,8150,400
2022-11-14 14:25:00,8150,8150,8150,8150,3500
2022-11-14 14:26:00,8175,8175,8175,8175,0
2022-11-14 14:27:00,8150,8150,8175,8175,700
2022-11-14 14:28:00,8150,8150,8150,8150,400
2022-11-14 14:29:00,8150,8150,8150,8150,100
2022-11-14 14:30:00,8175,8150,8175,8150,2200
2022-11-14 14:31:00,8175,8150,8175,8150,2200
2022-11-14 14:32:00,8175,8175,8175,8175,3100
2022-11-14 14:33:00,8175,8175,8175,8175,3700
2022-11-14 14:34:00,8175,8175,8175,8175,300
2022-11-14 14:35:00,8175,8175,8175,8175,4700
2022-11-14 14:36:00,8175,8150,8175,8150,14300
2022-11-14 14:37:00,8150,8150,8175,8175,1100
2022-11-14 14:38:00,8175,8175,8175,8175,1700
2022-11-14 14:39:00,8175,8175,8175,8175,4300
2022-11-14 14:40:00,8175,8175,8175,8175,54300
2022-11-14 14:41:00,8175,8175,8175,8175,2200
2022-11-14 14:42:00,8175,8175,8200,8175,6300
2022-11-14 14:43:00,8175,8175,8175,8175,7100
2022-11-14 14:44:00,8175,8150,8175,8175,3200
2022-11-14 14:45:00,8175,8150,8175,8150,40500
2022-11-14 14:46:00,8175,8150,8175,8175,2800
2022-11-14 14:47:00,8175,8150,8175,8150,2300
2022-11-14 14:48:00,8175,8150,8175,8150,12000
2022-11-14 14:49:00,8150,8125,8150,8125,8900
2022-11-14 14:50:00,8150,8125,8150,8125,0
2022-11-14 14:51:00,8150,8125,8150,8125,0
2022-11-14 14:52:00,8150,8125,8150,8125,0
2022-11-14 14:53:00,8150,8125,8150,8125,0
2022-11-14 14:54:00,8150,8125,8150,8125,0
2022-11-14 14:55:00,8150,8125,8150,8125,0
2022-11-14 14:56:00,8150,8125,8150,8125,0
2022-11-14 14:57:00,8150,8125,8150,8125,0
2022-11-14 14:58:00,8150,8125,8150,8125,0
2022-11-14 14:59:00,8150,8125,8150,8125,0
2022-11-14 15:00:00,8125,8125,8125,8125,59900
2022-11-14 15:01:00,8125,8125,8125,8125,4200
2022-11-14 15:02:00,8125,8125,8125,8125,400
2022-11-14 15:03:00,8125,8125,8125,8125,27100
2022-11-14 15:04:00,8125,8125,8125,8125,200000
2022-11-14 15:05:00,8125,8125,8125,8125,0
2022-11-14 15:06:00,8125,8125,8125,8125,3800
2022-11-14 15:07:00,8125,8125,8125,8125,0
2022-11-14 15:08:00,8125,8125,8125,8125,500
2022-11-14 15:09:00,8125,8125,8125,8125,7200
2022-11-14 15:10:00,8125,8125,8125,8125,0
2022-11-14 15:11:00,8125,8125,8125,8125,0
2022-11-14 15:12:00,8125,8125,8125,8125,0
2022-11-14 15:13:00,8125,8125,8125,8125,0
2022-11-14 15:14:00,8125,8125,8125,8125,2070600
2022-11-14 15:15:00,8125,8125,8125,8125,0
2022-11-14 15:16:00,8125,8125,8125,8125,0
2022-11-14 15:17:00,8125,8125,8125,8125,0
2022-11-14 15:18:00,8125,8125,8125,8125,0
2022-11-14 15:19:00,8125,8125,8125,8125,0
2022-11-14 15:20:00,8125,8125,8125,8125,0
2022-11-14 15:21:00,8125,8125,8125,8125,0
2022-11-14 15:22:00,8125,8125,8125,8125,0
2022-11-14 15:23:00,8125,8125,8125,8125,0
2022-11-14 15:24:00,8125,8125,8125,8125,0
2022-11-14 15:25:00,8125,8125,8125,8125,0
2022-11-14 15:26:00,8125,8125,8125,8125,0
2022-11-14 15:27:00,8125,8125,8125,8125,0
2022-11-14 15:28:00,8125,8125,8125,8125,0
2022-11-14 15:29:00,8125,8125,8125,8125,0
2022-11-14 15:30:00,8125,8125,8125,8125,0
2022-11-14 15:31:00,8125,8125,8125,8125,0
2022-11-14 15:32:00,8125,8125,8125,8125,0
2022-11-14 15:33:00,8125,8125,8125,8125,0
2022-11-14 15:34:00,8125,8125,8125,8125,0
2022-11-14 15:35:00,8125,8125,8125,8125,0
2022-11-14 15:36:00,8125,8125,8125,8125,0
2022-11-14 15:37:00,8125,8125,8125,8125,0
2022-11-14 15:38:00,8125,8125,8125,8125,0
2022-11-14 15:39:00,8125,8125,8125,8125,0
2022-11-14 15:40:00,8125,8125,8125,8125,0
2022-11-14 15:41:00,8125,8125,8125,8125,0
2022-11-14 15:42:00,8125,8125,8125,8125,0
2022-11-14 15:43:00,8125,8125,8125,8125,0
2022-11-14 15:44:00,8125,8125,8125,8125,0
2022-11-14 15:45:00,8125,8125,8125,8125,0
2022-11-14 15:46:00,8125,8125,8125,8125,0
2022-11-14 15:47:00,8125,8125,8125,8125,0
2022-11-14 15:48:00,8125,8125,8125,8125,0
2022-11-14 15:49:00,8125,8125,8125,8125,0
2022-11-14 15:50:00,8125,8125,8125,8125,0
2022-11-14 15:51:00,8125,8125,8125,8125,0
2022-11-14 15:52:00,8125,8125,8125,8125,0
2022-11-14 15:53:00,8125,8125,8125,8125,0
2022-11-14 15:54:00,8125,8125,8125,8125,0
2022-11-14 15:55:00,8125,8125,8125,8125,0
2022-11-14 15:56:00,8125,8125,8125,8125,0
2022-11-14 15:57:00,8125,8125,8125,8125,0
2022-11-14 15:58:00,8125,8125,8125,8125,0
2022-11-14 15:59:00,8125,8125,8125,8125,0
2022-11-15 09:00:00,8125,8125,8175,8125,0
2022-11-15 09:01:00,8125,8125,8150,8150,35500
2022-11-15 09:02:00,8150,8150,8150,8150,2000
2022-11-15 09:03:00,8150,8150,8150,8150,300
2022-11-15 09:04:00,8125,8125,8125,8125,25900
2022-11-15 09:05:00,8150,8150,8150,8150,15600
2022-11-15 09:06:00,8150,8125,8175,8150,74600
2022-11-15 09:07:00,8175,8150,8200,8200,34200
2022-11-15 09:08:00,8200,8175,8200,8200,7100
2022-11-15 09:09:00,8175,8175,8175,8175,0
2022-11-15 09:10:00,8175,8175,8175,8175,1700
2022-11-15 09:11:00,8175,8175,8175,8175,1100
2022-11-15 09:12:00,8175,8175,8200,8200,5100
2022-11-15 09:13:00,8200,8200,8200,8200,1000
2022-11-15 09:14:00,8200,8200,8200,8200,4900
2022-11-15 09:15:00,8200,8200,8200,8200,0
2022-11-15 09:16:00,8200,8200,8200,8200,1100
2022-11-15 09:17:00,8175,8175,8175,8175,0
2022-11-15 09:18:00,8175,8175,8175,8175,200
2022-11-15 09:19:00,8175,8175,8175,8175,300
2022-11-15 09:20:00,8200,8200,8200,8200,9900
2022-11-15 09:21:00,8200,8175,8200,8175,6200
2022-11-15 09:22:00,8200,8200,8200,8200,0
2022-11-15 09:23:00,8200,8175,8200,8175,2600
2022-11-15 09:24:00,8175,8175,8175,8175,3400
2022-11-15 09:25:00,8175,8175,8175,8175,0
2022-11-15 09:26:00,8175,8175,8175,8175,0
2022-11-15 09:27:00,8175,8175,8200,8200,4800
2022-11-15 09:28:00,8175,8175,8200,8200,0
2022-11-15 09:29:00,8200,8200,8200,8200,5500
2022-11-15 09:30:00,8200,8200,8200,8200,8100
2022-11-15 09:31:00,8200,8175,8200,8175,0
2022-11-15 09:32:00,8200,8200,8200,8200,13000
2022-11-15 09:33:00,8200,8200,8200,8200,1600
2022-11-15 09:34:00,8175,8175,8175,8175,3400
2022-11-15 09:35:00,8175,8175,8175,8175,5500
2022-11-15 09:36:00,8175,8175,8175,8175,0
2022-11-15 09:37:00,8175,8175,8175,8175,1000
2022-11-15 09:38:00,8175,8175,8175,8175,0
2022-11-15 09:39:00,8175,8175,8175,8175,600
2022-11-15 09:40:00,8175,8175,8175,8175,10100
2022-11-15 09:41:00,8175,8175,8175,8175,0
2022-11-15 09:42:00,8175,8175,8175,8175,400
2022-11-15 09:43:00,8175,8175,8175,8175,0
2022-11-15 09:44:00,8175,8175,8175,8175,77100
2022-11-15 09:45:00,8175,8150,8175,8175,47900
2022-11-15 09:46:00,8175,8150,8175,8175,0
2022-11-15 09:47:00,8175,8150,8175,8175,0
2022-11-15 09:48:00,8175,8175,8175,8175,10700
2022-11-15 09:49:00,8150,8150,8150,8150,700
2022-11-15 09:50:00,8150,8150,8150,8150,2200
2022-11-15 09:51:00,8150,8150,8150,8150,6000
2022-11-15 09:52:00,8150,8150,8150,8150,0
2022-11-15 09:53:00,8150,8150,8150,8150,0
2022-11-15 09:54:00,8150,8150,8150,8150,2000
2022-11-15 09:55:00,8150,8150,8150,8150,0
2022-11-15 09:56:00,8175,8175,8175,8175,11800
2022-11-15 09:57:00,8175,8150,8175,8175,0
2022-11-15 09:58:00,8175,8150,8175,8175,0
2022-11-15 09:59:00,8175,8175,8175,8175,0
2022-11-15 10:00:00,8175,8175,8175,8175,39800
2022-11-15 10:01:00,8175,8175,8175,8175,0
2022-11-15 10:02:00,8150,8150,8150,8150,0
2022-11-15 10:03:00,8175,8150,8175,8150,1100
2022-11-15 10:04:00,8175,8175,8175,8175,200
2022-11-15 10:05:00,8175,8175,8175,8175,1900
2022-11-15 10:06:00,8150,8150,8150,8150,2000
2022-11-15 10:07:00,8175,8175,8175,8175,0
2022-11-15 10:08:00,8175,8175,8175,8175,0
2022-11-15 10:09:00,8150,8150,8150,8150,2500
2022-11-15 10:10:00,8175,8175,8175,8175,0
2022-11-15 10:11:00,8175,8175,8175,8175,0
2022-11-15 10:12:00,8175,8175,8175,8175,0
2022-11-15 10:13:00,8175,8175,8175,8175,400
2022-11-15 10:14:00,8175,8175,8175,8175,0
2022-11-15 10:15:00,8175,8175,8175,8175,0
2022-11-15 10:16:00,8175,8175,8175,8175,0
2022-11-15 10:17:00,8175,8175,8175,8175,200
2022-11-15 10:18:00,8175,8150,8175,8150,1600
2022-11-15 10:19:00,8150,8150,8150,8150,100
2022-11-15 10:20:00,8175,8175,8175,8175,9700
2022-11-15 10:21:00,8175,8175,8175,8175,0
2022-11-15 10:22:00,8150,8150,8175,8175,15200
2022-11-15 10:23:00,8175,8175,8175,8175,5900
2022-11-15 10:24:00,8175,8175,8175,8175,0
2022-11-15 10:25:00,8175,8175,8175,8175,0
2022-11-15 10:26:00,8175,8175,8175,8175,0
2022-11-15 10:27:00,8175,8175,8175,8175,0
2022-11-15 10:28:00,8175,8175,8175,8175,0
2022-11-15 10:29:00,8175,8175,8175,8175,0
2022-11-15 10:30:00,8175,8175,8175,8175,100
2022-11-15 10:31:00,8150,8150,8150,8150,19900
2022-11-15 10:32:00,8150,8150,8150,8150,0
2022-11-15 10:33:00,8175,8150,8175,8150,0
2022-11-15 10:34:00,8175,8150,8175,8150,0
2022-11-15 10:35:00,8150,8150,8150,8150,700
2022-11-15 10:36:00,8150,8150,8150,8150,0
2022-11-15 10:37:00,8175,8175,8175,8175,400
2022-11-15 10:38:00,8150,8150,8150,8150,0
2022-11-15 10:39:00,8175,8175,8175,8175,700
2022-11-15 10:40:00,8175,8175,8175,8175,0
2022-11-15 10:41:00,8175,8175,8175,8175,0
2022-11-15 10:42:00,8150,8150,8175,8175,7200
2022-11-15 10:43:00,8150,8150,8175,8175,0
2022-11-15 10:44:00,8150,8150,8175,8175,0
2022-11-15 10:45:00,8150,8150,8150,8150,0
2022-11-15 10:46:00,8175,8175,8175,8175,100
2022-11-15 10:47:00,8175,8175,8175,8175,0
2022-11-15 10:48:00,8175,8150,8175,8150,600
2022-11-15 10:49:00,8150,8150,8150,8150,1000
2022-11-15 10:50:00,8175,8150,8175,8150,52600
2022-11-15 10:51:00,8150,8150,8150,8150,2000
2022-11-15 10:52:00,8150,8150,8150,8150,0
2022-11-15 10:53:00,8150,8150,8150,8150,0
2022-11-15 10:54:00,8125,8125,8125,8125,5000
2022-11-15 10:55:00,8125,8125,8125,8125,8400
2022-11-15 10:56:00,8125,8125,8125,8125,22500
2022-11-15 10:57:00,8125,8125,8125,8125,25000
2022-11-15 10:58:00,8125,8125,8125,8125,0
2022-11-15 10:59:00,8125,8125,8125,8125,0
2022-11-15 11:00:00,8125,8125,8125,8125,0
2022-11-15 11:01:00,8125,8125,8125,8125,0
2022-11-15 11:02:00,8125,8125,8125,8125,43900
2022-11-15 11:03:00,8125,8125,8150,8125,78700
2022-11-15 11:04:00,8125,8125,8125,8125,300
2022-11-15 11:05:00,8125,8125,8125,8125,6600
2022-11-15 11:06:00,8100,8100,8100,8100,86900
2022-11-15 11:07:00,8075,8075,8075,8075,38300
2022-11-15 11:08:00,8075,8075,8075,8075,0
2022-11-15 11:09:00,8075,8075,8075,8075,0
2022-11-15 11:10:00,8100,8100,8100,8100,23700
2022-11-15 11:11:00,8100,8100,8100,8100,1600
2022-11-15 11:12:00,8125,8100,8125,8100,6500
2022-11-15 11:13:00,8125,8100,8125,8100,0
2022-11-15 11:14:00,8125,8125,8125,8125,6900
2022-11-15 11:15:00,8125,8125,8125,8125,0
2022-11-15 11:16:00,8125,8125,8125,8125,2300
2022-11-15 11:17:00,8125,8125,8125,8125,0
2022-11-15 11:18:00,8125,8125,8125,8125,0
2022-11-15 11:19:00,8125,8125,8125,8125,0
2022-11-15 11:20:00,8125,8125,8125,8125,0
2022-11-15 11:21:00,8125,8100,8125,8100,22400
2022-11-15 11:22:00,8125,8100,8125,8100,0
2022-11-15 11:23:00,8125,8100,8125,8100,0
2022-11-15 11:24:00,8100,8100,8100,8100,3500
2022-11-15 11:25:00,8100,8100,8100,8100,0
2022-11-15 11:26:00,8100,8100,8100,8100,0
2022-11-15 11:27:00,8100,8100,8100,8100,0
2022-11-15 11:28:00,8100,8100,8125,8125,0
2022-11-15 11:29:00,8125,8100,8125,8100,0
2022-11-15 11:30:00,8125,8100,8125,8100,0
2022-11-15 11:31:00,8125,8100,8125,8100,0
2022-11-15 11:32:00,8125,8100,8125,8100,0
2022-11-15 11:33:00,8125,8100,8125,8100,0
2022-11-15 11:34:00,8125,8100,8125,8100,0
2022-11-15 11:35:00,8125,8100,8125,8100,0
2022-11-15 11:36:00,8125,8100,8125,8100,0
2022-11-15 11:37:00,8125,8100,8125,8100,0
2022-11-15 11:38:00,8125,8100,8125,8100,0
2022-11-15 11:39:00,8125,8100,8125,8100,0
2022-11-15 11:40:00,8125,8100,8125,8100,0
2022-11-15 11:41:00,8125,8100,8125,8100,0
2022-11-15 11:42:00,8125,8100,8125,8100,0
2022-11-15 11:43:00,8125,8100,8125,8100,0
2022-11-15 11:44:00,8125,8100,8125,8100,0
2022-11-15 11:45:00,8125,8100,8125,8100,0
2022-11-15 11:46:00,8125,8100,8125,8100,0
2022-11-15 11:47:00,8125,8100,8125,8100,0
2022-11-15 11:48:00,8125,8100,8125,8100,0
2022-11-15 11:49:00,8125,8100,8125,8100,0
2022-11-15 11:50:00,8125,8100,8125,8100,0
2022-11-15 11:51:00,8125,8100,8125,8100,0
2022-11-15 11:52:00,8125,8100,8125,8100,0
2022-11-15 11:53:00,8125,8100,8125,8100,0
2022-11-15 11:54:00,8125,8100,8125,8100,0
2022-11-15 11:55:00,8125,8100,8125,8100,0
2022-11-15 11:56:00,8125,8100,8125,8100,0
2022-11-15 11:57:00,8125,8100,8125,8100,0
2022-11-15 11:58:00,8125,8100,8125,8100,0
2022-11-15 11:59:00,8125,8100,8125,8100,0
2022-11-15 12:00:00,8125,8100,8125,8100,0
2022-11-15 12:01:00,8125,8100,8125,8100,0
2022-11-15 12:02:00,8125,8100,8125,8100,0
2022-11-15 12:03:00,8125,8100,8125,8100,0
2022-11-15 12:04:00,8125,8100,8125,8100,0
2022-11-15 12:05:00,8125,8100,8125,8100,0
2022-11-15 12:06:00,8125,8100,8125,8100,0
2022-11-15 12:07:00,8125,8100,8125,8100,0
2022-11-15 12:08:00,8125,8100,8125,8100,0
2022-11-15 12:09:00,8125,8100,8125,8100,0
2022-11-15 12:10:00,8125,8100,8125,8100,0
2022-11-15 12:11:00,8125,8100,8125,8100,0
2022-11-15 12:12:00,8125,8100,8125,8100,0
2022-11-15 12:13:00,8125,8100,8125,8100,0
2022-11-15 12:14:00,8125,8100,8125,8100,0
2022-11-15 12:15:00,8125,8100,8125,8100,0
2022-11-15 12:16:00,8125,8100,8125,8100,0
2022-11-15 12:17:00,8125,8100,8125,8100,0
2022-11-15 12:18:00,8125,8100,8125,8100,0
2022-11-15 12:19:00,8125,8100,8125,8100,0
2022-11-15 12:20:00,8125,8100,8125,8100,0
2022-11-15 12:21:00,8125,8100,8125,8100,0
2022-11-15 12:22:00,8125,8100,8125,8100,0
2022-11-15 12:23:00,8125,8100,8125,8100,0
2022-11-15 12:24:00,8125,8100,8125,8100,0
2022-11-15 12:25:00,8125,8100,8125,8100,0
2022-11-15 12:26:00,8125,8100,8125,8100,0
2022-11-15 12:27:00,8125,8100,8125,8100,0
2022-11-15 12:28:00,8125,8100,8125,8100,0
2022-11-15 12:29:00,8125,8100,8125,8100,0
2022-11-15 12:30:00,8125,8100,8125,8100,0
2022-11-15 12:31:00,8125,8100,8125,8100,0
2022-11-15 12:32:00,8125,8100,8125,8100,0
2022-11-15 12:33:00,8125,8100,8125,8100,0
2022-11-15 12:34:00,8125,8100,8125,8100,0
2022-11-15 12:35:00,8125,8100,8125,8100,0
2022-11-15 12:36:00,8125,8100,8125,8100,0
2022-11-15 12:37:00,8125,8100,8125,8100,0
2022-11-15 12:38:00,8125,8100,8125,8100,0
2022-11-15 12:39:00,8125,8100,8125,8100,0
2022-11-15 12:40:00,8125,8100,8125,8100,0
2022-11-15 12:41:00,8125,8100,8125,8100,0
2022-11-15 12:42:00,8125,8100,8125,8100,0
2022-11-15 12:43:00,8125,8100,8125,8100,0
2022-11-15 12:44:00,8125,8100,8125,8100,0
2022-11-15 12:45:00,8125,8100,8125,8100,0
2022-11-15 12:46:00,8125,8100,8125,8100,0
2022-11-15 12:47:00,8125,8100,8125,8100,0
2022-11-15 12:48:00,8125,8100,8125,8100,0
2022-11-15 12:49:00,8125,8100,8125,8100,0
2022-11-15 12:50:00,8125,8100,8125,8100,0
2022-11-15 12:51:00,8125,8100,8125,8100,0
2022-11-15 12:52:00,8125,8100,8125,8100,0
2022-11-15 12:53:00,8125,8100,8125,8100,0
2022-11-15 12:54:00,8125,8100,8125,8100,0
2022-11-15 12:55:00,8125,8100,8125,8100,0
2022-11-15 12:56:00,8125,8100,8125,8100,0
2022-11-15 12:57:00,8125,8100,8125,8100,0
2022-11-15 12:58:00,8125,8100,8125,8100,0
2022-11-15 12:59:00,8125,8100,8125,8100,0
2022-11-15 13:00:00,8125,8100,8125,8100,0
2022-11-15 13:01:00,8125,8100,8125,8100,0
2022-11-15 13:02:00,8125,8100,8125,8100,0
2022-11-15 13:03:00,8125,8100,8125,8100,0
2022-11-15 13:04:00,8125,8100,8125,8100,0
2022-11-15 13:05:00,8125,8100,8125,8100,0
2022-11-15 13:06:00,8125,8100,8125,8100,0
2022-11-15 13:07:00,8125,8100,8125,8100,0
2022-11-15 13:08:00,8125,8100,8125,8100,0
2022-11-15 13:09:00,8125,8100,8125,8100,0
2022-11-15 13:10:00,8125,8100,8125,8100,0
2022-11-15 13:11:00,8125,8100,8125,8100,0
2022-11-15 13:12:00,8125,8100,8125,8100,0
2022-11-15 13:13:00,8125,8100,8125,8100,0
2022-11-15 13:14:00,8125,8100,8125,8100,0
2022-11-15 13:15:00,8125,8100,8125,8100,0
2022-11-15 13:16:00,8125,8100,8125,8100,0
2022-11-15 13:17:00,8125,8100,8125,8100,0
2022-11-15 13:18:00,8125,8100,8125,8100,0
2022-11-15 13:19:00,8125,8100,8125,8100,0
2022-11-15 13:20:00,8125,8100,8125,8100,0
2022-11-15 13:21:00,8125,8100,8125,8100,0
2022-11-15 13:22:00,8125,8100,8125,8100,0
2022-11-15 13:23:00,8125,8100,8125,8100,0
2022-11-15 13:24:00,8125,8100,8125,8100,0
2022-11-15 13:25:00,8125,8100,8125,8100,0
2022-11-15 13:26:00,8125,8100,8125,8100,0
2022-11-15 13:27:00,8125,8100,8125,8100,0
2022-11-15 13:28:00,8125,8100,8125,8100,0
2022-11-15 13:29:00,8125,8100,8125,8100,0
2022-11-15 13:30:00,8125,8100,8150,8125,95500
2022-11-15 13:31:00,8125,8100,8150,8125,0
2022-11-15 13:32:00,8125,8125,8125,8125,1000
2022-11-15 13:33:00,8125,8125,8125,8125,0
2022-11-15 13:34:00,8125,8125,8125,8125,0
2022-11-15 13:35:00,8125,8125,8125,8125,0
2022-11-15 13:36:00,8125,8125,8125,8125,0
2022-11-15 13:37:00,8150,8150,8150,8150,1000
2022-11-15 13:38:00,8150,8150,8150,8150,3600
2022-11-15 13:39:00,8175,8175,8175,8175,200
2022-11-15 13:40:00,8175,8175,8175,8175,0
2022-11-15 13:41:00,8150,8150,8150,8150,400
2022-11-15 13:42:00,8150,8150,8150,8150,0
2022-11-15 13:43:00,8150,8125,8150,8125,5800
2022-11-15 13:44:00,8175,8175,8175,8175,900
2022-11-15 13:45:00,8175,8175,8175,8175,0
2022-11-15 13:46:00,8150,8150,8150,8150,0
2022-11-15 13:47:00,8150,8150,8150,8150,0
2022-11-15 13:48:00,8150,8150,8150,8150,300
2022-11-15 13:49:00,8150,8150,8150,8150,200
2022-11-15 13:50:00,8175,8150,8175,8150,2000
2022-11-15 13:51:00,8150,8150,8150,8150,0
2022-11-15 13:52:00,8150,8150,8150,8150,0
2022-11-15 13:53:00,8150,8150,8150,8150,200
2022-11-15 13:54:00,8150,8150,8150,8150,800
2022-11-15 13:55:00,8150,8150,8150,8150,100
2022-11-15 13:56:00,8150,8150,8150,8150,4900
2022-11-15 13:57:00,8150,8150,8150,8150,0
2022-11-15 13:58:00,8175,8175,8175,8175,0
2022-11-15 13:59:00,8175,8175,8175,8175,600
2022-11-15 14:00:00,8175,8175,8175,8175,1700
2022-11-15 14:01:00,8175,8175,8175,8175,100
2022-11-15 14:02:00,8175,8175,8175,8175,0
2022-11-15 14:03:00,8175,8175,8175,8175,200
2022-11-15 14:04:00,8175,8175,8175,8175,2500
2022-11-15 14:05:00,8175,8175,8175,8175,200
2022-11-15 14:06:00,8150,8150,8150,8150,28000
2022-11-15 14:07:00,8175,8175,8175,8175,0
2022-11-15 14:08:00,8175,8150,8175,8150,0
2022-11-15 14:09:00,8175,8150,8175,8150,1000
2022-11-15 14:10:00,8150,8150,8150,8150,1100
2022-11-15 14:11:00,8150,8150,8150,8150,0
2022-11-15 14:12:00,8150,8150,8150,8150,1500
2022-11-15 14:13:00,8150,8150,8150,8150,2500
2022-11-15 14:14:00,8150,8150,8150,8150,0
2022-11-15 14:15:00,8175,8175,8175,8175,400
2022-11-15 14:16:00,8175,8175,8175,8175,700
2022-11-15 14:17:00,8150,8150,8150,8150,9400
2022-11-15 14:18:00,8150,8150,8150,8150,1900
2022-11-15 14:19:00,8150,8150,8150,8150,0
2022-11-15 14:20:00,8150,8150,8150,8150,500
2022-11-15 14:21:00,8150,8150,8150,8150,800
2022-11-15 14:22:00,8175,8175,8175,8175,700
2022-11-15 14:23:00,8150,8150,8150,8150,4500
2022-11-15 14:24:00,8150,8150,8150,8150,3300
2022-11-15 14:25:00,8150,8150,8150,8150,2800
2022-11-15 14:26:00,8150,8125,8150,8125,10500
2022-11-15 14:27:00,8150,8125,8150,8125,0
2022-11-15 14:28:00,8150,8150,8150,8150,0
2022-11-15 14:29:00,8125,8125,8125,8125,500
2022-11-15 14:30:00,8125,8125,8125,8125,400
2022-11-15 14:31:00,8125,8125,8125,8125,0
2022-11-15 14:32:00,8125,8125,8125,8125,0
2022-11-15 14:33:00,8125,8125,8125,8125,10000
2022-11-15 14:34:00,8150,8150,8150,8150,0
2022-11-15 14:35:00,8150,8150,8150,8150,0
2022-11-15 14:36:00,8150,8150,8150,8150,0
2022-11-15 14:37:00,8125,8125,8125,8125,1000
2022-11-15 14:38:00,8125,8125,8125,8125,0
2022-11-15 14:39:00,8125,8125,8150,8150,2100
2022-11-15 14:40:00,8150,8150,8150,8150,13300
2022-11-15 14:41:00,8150,8150,8150,8150,0
2022-11-15 14:42:00,8150,8150,8150,8150,2600
2022-11-15 14:43:00,8150,8150,8150,8150,2000
2022-11-15 14:44:00,8125,8125,8150,8150,10300
2022-11-15 14:45:00,8150,8150,8150,8150,3000
2022-11-15 14:46:00,8150,8125,8150,8150,7600
2022-11-15 14:47:00,8150,8125,8150,8125,8600
2022-11-15 14:48:00,8150,8150,8150,8150,35700
2022-11-15 14:49:00,8175,8125,8175,8125,25100
2022-11-15 14:50:00,8175,8125,8175,8125,0
2022-11-15 14:51:00,8175,8125,8175,8125,0
2022-11-15 14:52:00,8175,8125,8175,8125,0
2022-11-15 14:53:00,8175,8125,8175,8125,0
2022-11-15 14:54:00,8175,8125,8175,8125,0
2022-11-15 14:55:00,8175,8125,8175,8125,0
2022-11-15 14:56:00,8175,8125,8175,8125,0
2022-11-15 14:57:00,8175,8125,8175,8125,0
2022-11-15 14:58:00,8175,8125,8175,8125,0
2022-11-15 14:59:00,8175,8125,8175,8125,0
2022-11-15 15:00:00,8150,8150,8150,8150,26700
2022-11-15 15:01:00,8150,8150,8150,8150,6700
2022-11-15 15:02:00,8150,8150,8150,8150,3100
2022-11-15 15:03:00,8150,8150,8150,8150,5800
2022-11-15 15:04:00,8150,8150,8150,8150,3700
2022-11-15 15:05:00,8150,8150,8150,8150,0
2022-11-15 15:06:00,8150,8150,8150,8150,1800
2022-11-15 15:07:00,8150,8150,8150,8150,0
2022-11-15 15:08:00,8150,8150,8150,8150,5200
2022-11-15 15:09:00,8150,8150,8150,8150,3800
2022-11-15 15:10:00,8150,8150,8150,8150,0
2022-11-15 15:11:00,8150,8150,8150,8150,0
2022-11-15 15:12:00,8150,8150,8150,8150,0
2022-11-15 15:13:00,8150,8150,8150,8150,1304900
2022-11-15 15:14:00,8150,8150,8150,8150,0
2022-11-15 15:15:00,8150,8150,8150,8150,0
2022-11-15 15:16:00,8150,8150,8150,8150,0
2022-11-15 15:17:00,8150,8150,8150,8150,0
2022-11-15 15:18:00,8150,8150,8150,8150,0
2022-11-15 15:19:00,8150,8150,8150,8150,0
2022-11-15 15:20:00,8150,8150,8150,8150,0
2022-11-15 15:21:00,8150,8150,8150,8150,0
2022-11-15 15:22:00,8150,8150,8150,8150,0
2022-11-15 15:23:00,8150,8150,8150,8150,0
2022-11-15 15:24:00,8150,8150,8150,8150,0
2022-11-15 15:25:00,8150,8150,8150,8150,0
2022-11-15 15:26:00,8150,8150,8150,8150,0
2022-11-15 15:27:00,8150,8150,8150,8150,0
2022-11-15 15:28:00,8150,8150,8150,8150,0
2022-11-15 15:29:00,8150,8150,8150,8150,0
2022-11-15 15:30:00,8150,8150,8150,8150,0
2022-11-15 15:31:00,8150,8150,8150,8150,0
2022-11-15 15:32:00,8150,8150,8150,8150,0
2022-11-15 15:33:00,8150,8150,8150,8150,0
2022-11-15 15:34:00,8150,8150,8150,8150,0
2022-11-15 15:35:00,8150,8150,8150,8150,0
2022-11-15 15:36:00,8150,8150,8150,8150,0
2022-11-15 15:37:00,8150,8150,8150,8150,0
2022-11-15 15:38:00,8150,8150,8150,8150,0
2022-11-15 15:39:00,8150,8150,8150,8150,0
2022-11-15 15:40:00,8150,8150,8150,8150,0
2022-11-15 15:41:00,8150,8150,8150,8150,0
2022-11-15 15:42:00,8150,8150,8150,8150,0
2022-11-15 15:43:00,8150,8150,8150,8150,0
2022-11-15 15:44:00,8150,8150,8150,8150,0
2022-11-15 15:45:00,8150,8150,8150,8150,0
2022-11-15 15:46:00,8150,8150,8150,8150,0
2022-11-15 15:47:00,8150,8150,8150,8150,0
2022-11-15 15:48:00,8150,8150,8150,8150,0
2022-11-15 15:49:00,8150,8150,8150,8150,0
2022-11-15 15:50:00,8150,8150,8150,8150,0
2022-11-15 15:51:00,8150,8150,8150,8150,0
2022-11-15 15:52:00,8150,8150,8150,8150,0
2022-11-15 15:53:00,8150,8150,8150,8150,0
2022-11-15 15:54:00,8150,8150,8150,8150,0
2022-11-15 15:55:00,8150,8150,8150,8150,0
2022-11-15 15:56:00,8150,8150,8150,8150,0
2022-11-15 15:57:00,8150,8150,8150,8150,0
2022-11-15 15:58:00,8150,8150,8150,8150,0
2022-11-15 15:59:00,8150,8150,8150,8150,0
2022-11-16 09:00:00,8150,8100,8175,8100,0
2022-11-16 09:01:00,8100,8075,8100,8075,4300
2022-11-16 09:02:00,8075,8075,8075,8075,7300
2022-11-16 09:03:00,8100,8075,8100,8075,9600
2022-11-16 09:04:00,8075,8050,8075,8050,20600
2022-11-16 09:05:00,8050,8050,8050,8050,8900
2022-11-16 09:06:00,8050,8050,8075,8050,11200
2022-11-16 09:07:00,8050,8050,8075,8050,26100
2022-11-16 09:08:00,8050,8050,8050,8050,15900
2022-11-16 09:09:00,8050,8050,8050,8050,1200
2022-11-16 09:10:00,8025,8025,8050,8050,1800
2022-11-16 09:11:00,8025,8025,8050,8050,0
2022-11-16 09:12:00,8025,8025,8050,8050,54000
2022-11-16 09:13:00,8025,8025,8025,8025,25500
2022-11-16 09:14:00,8025,8000,8025,8025,23900
2022-11-16 09:15:00,8025,8025,8050,8050,14200
2022-11-16 09:16:00,8050,8050,8050,8050,26900
2022-11-16 09:17:00,8050,8050,8050,8050,13700
2022-11-16 09:18:00,8050,8025,8050,8025,31100
2022-11-16 09:19:00,8025,8025,8075,8075,13200
2022-11-16 09:20:00,8050,8050,8050,8050,500
2022-11-16 09:21:00,8075,8075,8075,8075,46000
2022-11-16 09:22:00,8075,8050,8075,8075,24300
2022-11-16 09:23:00,8075,8075,8075,8075,700
2022-11-16 09:24:00,8075,8075,8075,8075,0
2022-11-16 09:25:00,8075,8075,8075,8075,3600
2022-11-16 09:26:00,8075,8075,8100,8100,0
2022-11-16 09:27:00,8075,8075,8075,8075,5400
2022-11-16 09:28:00,8075,8075,8075,8075,2700
2022-11-16 09:29:00,8075,8075,8075,8075,0
2022-11-16 09:30:00,8050,8050,8075,8075,2800
2022-11-16 09:31:00,8075,8050,8075,8050,4600
2022-11-16 09:32:00,8050,8050,8050,8050,1000
2022-11-16 09:33:00,8050,8050,8050,8050,0
2022-11-16 09:34:00,8075,8050,8075,8075,800
2022-11-16 09:35:00,8075,8050,8075,8075,0
2022-11-16 09:36:00,8075,8050,8075,8075,0
2022-11-16 09:37:00,8075,8075,8075,8075,100
2022-11-16 09:38:00,8075,8075,8075,8075,100
2022-11-16 09:39:00,8050,8050,8075,8075,2200
2022-11-16 09:40:00,8075,8075,8075,8075,5300
2022-11-16 09:41:00,8075,8075,8075,8075,0
2022-11-16 09:42:00,8050,8050,8075,8075,7000
2022-11-16 09:43:00,8050,8050,8050,8050,600
2022-11-16 09:44:00,8050,8050,8050,8050,41900
2022-11-16 09:45:00,8050,8050,8050,8050,20900
2022-11-16 09:46:00,8050,7975,8050,7975,217500
2022-11-16 09:47:00,7975,7975,8000,8000,31300
2022-11-16 09:48:00,8000,8000,8000,8000,7500
2022-11-16 09:49:00,8000,8000,8025,8000,47200
2022-11-16 09:50:00,8000,7975,8000,7975,47600
2022-11-16 09:51:00,7975,7950,7975,7950,77000
2022-11-16 09:52:00,7950,7950,7975,7975,6500
2022-11-16 09:53:00,7950,7950,7975,7975,5100
2022-11-16 09:54:00,7975,7975,8000,8000,12400
2022-11-16 09:55:00,8000,8000,8000,8000,46400
2022-11-16 09:56:00,8000,7975,8025,7975,4200
2022-11-16 09:57:00,8000,8000,8000,8000,10100
2022-11-16 09:58:00,8000,8000,8000,8000,30300
2022-11-16 09:59:00,8000,7975,8000,7975,7800
2022-11-16 10:00:00,7975,7975,7975,7975,700
2022-11-16 10:01:00,8000,7975,8000,7975,200
2022-11-16 10:02:00,7975,7975,7975,7975,22000
2022-11-16 10:03:00,7950,7925,7950,7950,33900
2022-11-16 10:04:00,7950,7875,7950,7925,220100
2022-11-16 10:05:00,7925,7875,7925,7900,88500
2022-11-16 10:06:00,7900,7900,7950,7925,13400
2022-11-16 10:07:00,7950,7950,7975,7975,77600
2022-11-16 10:08:00,7950,7900,7950,7900,198300
2022-11-16 10:09:00,7900,7900,7900,7900,25000
2022-11-16 10:10:00,7900,7900,7900,7900,45500
2022-11-16 10:11:00,7900,7900,7925,7925,2300
2022-11-16 10:12:00,7900,7875,7900,7875,138100
2022-11-16 10:13:00,7900,7900,7900,7900,0
2022-11-16 10:14:00,7875,7875,7875,7875,6900
2022-11-16 10:15:00,7875,7875,7900,7875,5600
2022-11-16 10:16:00,7875,7875,7875,7875,15600
2022-11-16 10:17:00,7875,7875,7900,7875,29800
2022-11-16 10:18:00,7900,7900,7900,7900,58400
2022-11-16 10:19:00,7900,7900,7900,7900,200
2022-11-16 10:20:00,7900,7900,7925,7900,30300
2022-11-16 10:21:00,7925,7900,7925,7900,94200
2022-11-16 10:22:00,7900,7900,7925,7925,2500
2022-11-16 10:23:00,7925,7925,7950,7950,2400
2022-11-16 10:24:00,7950,7950,7950,7950,23300
2022-11-16 10:25:00,7950,7950,7950,7950,9000
2022-11-16 10:26:00,7975,7975,7975,7975,200
2022-11-16 10:27:00,7975,7975,7975,7975,0
2022-11-16 10:28:00,7975,7975,7975,7975,1800
2022-11-16 10:29:00,7950,7950,7950,7950,2100
2022-11-16 10:30:00,7950,7950,7975,7975,76400
2022-11-16 10:31:00,7975,7975,7975,7975,4900
2022-11-16 10:32:00,7975,7975,8000,7975,3600
2022-11-16 10:33:00,8000,8000,8000,8000,0
2022-11-16 10:34:00,8000,8000,8000,8000,1000
2022-11-16 10:35:00,8000,8000,8000,8000,31400
2022-11-16 10:36:00,8000,8000,8000,8000,0
2022-11-16 10:37:00,8000,8000,8000,8000,79900
2022-11-16 10:38:00,8000,8000,8000,8000,0
2022-11-16 10:39:00,7975,7975,7975,7975,10000
2022-11-16 10:40:00,7975,7950,7975,7950,100
2022-11-16 10:41:00,7975,7975,7975,7975,400
2022-11-16 10:42:00,7975,7950,7975,7975,2400
2022-11-16 10:43:00,7975,7950,7975,7975,2200
2022-11-16 10:44:00,7950,7950,7975,7975,1900
2022-11-16 10:45:00,7950,7950,8000,8000,12500
2022-11-16 10:46:00,7975,7975,7975,7975,8300
2022-11-16 10:47:00,7975,7975,7975,7975,0
2022-11-16 10:48:00,7975,7975,7975,7975,1200
2022-11-16 10:49:00,7975,7975,7975,7975,4000
2022-11-16 10:50:00,8000,8000,8000,8000,0
2022-11-16 10:51:00,8000,8000,8000,8000,0
2022-11-16 10:52:00,8000,8000,8000,8000,300
2022-11-16 10:53:00,8000,7975,8000,8000,500
2022-11-16 10:54:00,8000,8000,8000,8000,200
2022-11-16 10:55:00,8000,8000,8000,8000,2000
2022-11-16 10:56:00,8000,8000,8000,8000,0
2022-11-16 10:57:00,8000,8000,8000,8000,27100
2022-11-16 10:58:00,8000,7975,8025,7975,12100
2022-11-16 10:59:00,7975,7975,7975,7975,800
2022-11-16 11:00:00,8000,8000,8000,8000,500
2022-11-16 11:01:00,8000,8000,8000,8000,1400
2022-11-16 11:02:00,7975,7975,8000,8000,6000
2022-11-16 11:03:00,8000,8000,8000,8000,0
2022-11-16 11:04:00,8000,8000,8000,8000,1200
2022-11-16 11:05:00,8000,8000,8000,8000,0
2022-11-16 11:06:00,8000,7975,8000,8000,900
2022-11-16 11:07:00,8000,8000,8000,8000,23000
2022-11-16 11:08:00,8000,8000,8000,8000,0
2022-11-16 11:09:00,8000,8000,8000,8000,1300
2022-11-16 11:10:00,8000,8000,8000,8000,1900
2022-11-16 11:11:00,8000,8000,8000,8000,0
2022-11-16 11:12:00,8000,8000,8000,8000,7800
2022-11-16 11:13:00,8000,8000,8000,8000,0
2022-11-16 11:14:00,8000,7975,8000,7975,400
2022-11-16 11:15:00,8000,8000,8000,8000,500
2022-11-16 11:16:00,8000,8000,8000,8000,300
2022-11-16 11:17:00,8000,8000,8000,8000,1100
2022-11-16 11:18:00,8000,8000,8000,8000,100
2022-11-16 11:19:00,8000,8000,8000,8000,900
2022-11-16 11:20:00,8000,8000,8000,8000,7300
2022-11-16 11:21:00,8000,8000,8000,8000,200
2022-11-16 11:22:00,8000,8000,8000,8000,200
2022-11-16 11:23:00,8000,8000,8000,8000,2100
2022-11-16 11:24:00,8000,8000,8000,8000,1200
2022-11-16 11:25:00,8000,8000,8000,8000,1500
2022-11-16 11:26:00,8000,8000,8000,8000,100
2022-11-16 11:27:00,8000,8000,8000,8000,2100
2022-11-16 11:28:00,8000,7975,8000,7975,5500
2022-11-16 11:29:00,8000,7975,8000,7975,0
2022-11-16 11:30:00,8000,7975,8000,7975,0
2022-11-16 11:31:00,8000,7975,8000,7975,0
2022-11-16 11:32:00,8000,7975,8000,7975,0
2022-11-16 11:33:00,8000,7975,8000,7975,0
2022-11-16 11:34:00,8000,7975,8000,7975,0
2022-11-16 11:35:00,8000,7975,8000,7975,0
2022-11-16 11:36:00,8000,7975,8000,7975,0
2022-11-16 11:37:00,8000,7975,8000,7975,0
2022-11-16 11:38:00,8000,7975,8000,7975,0
2022-11-16 11:39:00,8000,7975,8000,7975,0
2022-11-16 11:40:00,8000,7975,8000,7975,0
2022-11-16 11:41:00,8000,7975,8000,7975,0
2022-11-16 11:42:00,8000,7975,8000,7975,0
2022-11-16 11:43:00,8000,7975,8000,7975,0
2022-11-16 11:44:00,8000,7975,8000,7975,0
2022-11-16 11:45:00,8000,7975,8000,7975,0
2022-11-16 11:46:00,8000,7975,8000,7975,0
2022-11-16 11:47:00,8000,7975,8000,7975,0
2022-11-16 11:48:00,8000,7975,8000,7975,0
2022-11-16 11:49:00,8000,7975,8000,7975,0
2022-11-16 11:50:00,8000,7975,8000,7975,0
2022-11-16 11:51:00,8000,7975,8000,7975,0
2022-11-16 11:52:00,8000,7975,8000,7975,0
2022-11-16 11:53:00,8000,7975,8000,7975,0
2022-11-16 11:54:00,8000,7975,8000,7975,0
2022-11-16 11:55:00,8000,7975,8000,7975,0
2022-11-16 11:56:00,8000,7975,8000,7975,0
2022-11-16 11:57:00,8000,7975,8000,7975,0
2022-11-16 11:58:00,8000,7975,8000,7975,0
2022-11-16 11:59:00,8000,7975,8000,7975,0
2022-11-16 12:00:00,8000,7975,8000,7975,0
2022-11-16 12:01:00,8000,7975,8000,7975,0
2022-11-16 12:02:00,8000,7975,8000,7975,0
2022-11-16 12:03:00,8000,7975,8000,7975,0
2022-11-16 12:04:00,8000,7975,8000,7975,0
2022-11-16 12:05:00,8000,7975,8000,7975,0
2022-11-16 12:06:00,8000,7975,8000,7975,0
2022-11-16 12:07:00,8000,7975,8000,7975,0
2022-11-16 12:08:00,8000,7975,8000,7975,0
2022-11-16 12:09:00,8000,7975,8000,7975,0
2022-11-16 12:10:00,8000,7975,8000,7975,0
2022-11-16 12:11:00,8000,7975,8000,7975,0
2022-11-16 12:12:00,8000,7975,8000,7975,0
2022-11-16 12:13:00,8000,7975,8000,7975,0
2022-11-16 12:14:00,8000,7975,8000,7975,0
2022-11-16 12:15:00,8000,7975,8000,7975,0
2022-11-16 12:16:00,8000,7975,8000,7975,0
2022-11-16 12:17:00,8000,7975,8000,7975,0
2022-11-16 12:18:00,8000,7975,8000,7975,0
2022-11-16 12:19:00,8000,7975,8000,7975,0
2022-11-16 12:20:00,8000,7975,8000,7975,0
2022-11-16 12:21:00,8000,7975,8000,7975,0
2022-11-16 12:22:00,8000,7975,8000,7975,0
2022-11-16 12:23:00,8000,7975,8000,7975,0
2022-11-16 12:24:00,8000,7975,8000,7975,0
2022-11-16 12:25:00,8000,7975,8000,7975,0
2022-11-16 12:26:00,8000,7975,8000,7975,0
2022-11-16 12:27:00,8000,7975,8000,7975,0
2022-11-16 12:28:00,8000,7975,8000,7975,0
2022-11-16 12:29:00,8000,7975,8000,7975,0
2022-11-16 12:30:00,8000,7975,8000,7975,0
2022-11-16 12:31:00,8000,7975,8000,7975,0
2022-11-16 12:32:00,8000,7975,8000,7975,0
2022-11-16 12:33:00,8000,7975,8000,7975,0
2022-11-16 12:34:00,8000,7975,8000,7975,0
2022-11-16 12:35:00,8000,7975,8000,7975,0
2022-11-16 12:36:00,8000,7975,8000,7975,0
2022-11-16 12:37:00,8000,7975,8000,7975,0
2022-11-16 12:38:00,8000,7975,8000,7975,0
2022-11-16 12:39:00,8000,7975,8000,7975,0
2022-11-16 12:40:00,8000,7975,8000,7975,0
2022-11-16 12:41:00,8000,7975,8000,7975,0
2022-11-16 12:42:00,8000,7975,8000,7975,0
2022-11-16 12:43:00,8000,7975,8000,7975,0
2022-11-16 12:44:00,8000,7975,8000,7975,0
2022-11-16 12:45:00,8000,7975,8000,7975,0
2022-11-16 12:46:00,8000,7975,8000,7975,0
2022-11-16 12:47:00,8000,7975,8000,7975,0
2022-11-16 12:48:00,8000,7975,8000,7975,0
2022-11-16 12:49:00,8000,7975,8000,7975,0
2022-11-16 12:50:00,8000,7975,8000,7975,0
2022-11-16 12:51:00,8000,7975,8000,7975,0
2022-11-16 12:52:00,8000,7975,8000,7975,0
2022-11-16 12:53:00,8000,7975,8000,7975,0
2022-11-16 12:54:00,8000,7975,8000,7975,0
2022-11-16 12:55:00,8000,7975,8000,7975,0
2022-11-16 12:56:00,8000,7975,8000,7975,0
2022-11-16 12:57:00,8000,7975,8000,7975,0
2022-11-16 12:58:00,8000,7975,8000,7975,0
2022-11-16 12:59:00,8000,7975,8000,7975,0
2022-11-16 13:00:00,8000,7975,8000,7975,0
2022-11-16 13:01:00,8000,7975,8000,7975,0
2022-11-16 13:02:00,8000,7975,8000,7975,0
2022-11-16 13:03:00,8000,7975,8000,7975,0
2022-11-16 13:04:00,8000,7975,8000,7975,0
2022-11-16 13:05:00,8000,7975,8000,7975,0
2022-11-16 13:06:00,8000,7975,8000,7975,0
2022-11-16 13:07:00,8000,7975,8000,7975,0
2022-11-16 13:08:00,8000,7975,8000,7975,0
2022-11-16 13:09:00,8000,7975,8000,7975,0
2022-11-16 13:10:00,8000,7975,8000,7975,0
2022-11-16 13:11:00,8000,7975,8000,7975,0
2022-11-16 13:12:00,8000,7975,8000,7975,0
2022-11-16 13:13:00,8000,7975,8000,7975,0
2022-11-16 13:14:00,8000,7975,8000,7975,0
2022-11-16 13:15:00,8000,7975,8000,7975,0
2022-11-16 13:16:00,8000,7975,8000,7975,0
2022-11-16 13:17:00,8000,7975,8000,7975,0
2022-11-16 13:18:00,8000,7975,8000,7975,0
2022-11-16 13:19:00,8000,7975,8000,7975,0
2022-11-16 13:20:00,8000,7975,8000,7975,0
2022-11-16 13:21:00,8000,7975,8000,7975,0
2022-11-16 13:22:00,8000,7975,8000,7975,0
2022-11-16 13:23:00,8000,7975,8000,7975,0
2022-11-16 13:24:00,8000,7975,8000,7975,0
2022-11-16 13:25:00,8000,7975,8000,7975,0
2022-11-16 13:26:00,8000,7975,8000,7975,0
2022-11-16 13:27:00,8000,7975,8000,7975,0
2022-11-16 13:28:00,8000,7975,8000,7975,0
2022-11-16 13:29:00,8000,7975,8000,7975,0
2022-11-16 13:30:00,7975,7950,7975,7950,35500
2022-11-16 13:31:00,7975,7975,7975,7975,1400
2022-11-16 13:32:00,7975,7975,7975,7975,8900
2022-11-16 13:33:00,7975,7975,7975,7975,0
2022-11-16 13:34:00,7975,7975,7975,7975,700
2022-11-16 13:35:00,7975,7975,7975,7975,17400
2022-11-16 13:36:00,7975,7975,7975,7975,0
2022-11-16 13:37:00,7975,7950,7975,7950,45100
2022-11-16 13:38:00,7950,7950,7950,7950,0
2022-11-16 13:39:00,7950,7950,7950,7950,23500
2022-11-16 13:40:00,7950,7950,7950,7950,1000
2022-11-16 13:41:00,7950,7950,7950,7950,300
2022-11-16 13:42:00,7950,7950,7950,7950,600
2022-11-16 13:43:00,7950,7950,7950,7950,0
2022-11-16 13:44:00,7950,7950,7950,7950,0
2022-11-16 13:45:00,7950,7950,7950,7950,0
2022-11-16 13:46:00,7950,7950,7950,7950,900
2022-11-16 13:47:00,7925,7925,7925,7925,1700
2022-11-16 13:48:00,7925,7925,7925,7925,7000
2022-11-16 13:49:00,7950,7950,7950,7950,0
2022-11-16 13:50:00,7950,7950,7950,7950,0
2022-11-16 13:51:00,7950,7950,7950,7950,1200
2022-11-16 13:52:00,7950,7950,7950,7950,200
2022-11-16 13:53:00,7925,7925,7925,7925,100
2022-11-16 13:54:00,7950,7950,7950,7950,29600
2022-11-16 13:55:00,7950,7950,7975,7950,1500
2022-11-16 13:56:00,7950,7950,7950,7950,3200
2022-11-16 13:57:00,7950,7950,7950,7950,4800
2022-11-16 13:58:00,7950,7950,7950,7950,14000
2022-11-16 13:59:00,7950,7950,7950,7950,0
2022-11-16 14:00:00,7950,7925,7950,7950,6100
2022-11-16 14:01:00,7925,7925,7925,7925,100
2022-11-16 14:02:00,7950,7925,7950,7925,7000
2022-11-16 14:03:00,7950,7925,7950,7950,70700
2022-11-16 14:04:00,7950,7950,7950,7950,12600
2022-11-16 14:05:00,7950,7950,7950,7950,0
2022-11-16 14:06:00,7950,7950,7950,7950,3300
2022-11-16 14:07:00,7975,7975,7975,7975,800
2022-11-16 14:08:00,7975,7975,7975,7975,0
2022-11-16 14:09:00,7975,7975,7975,7975,100
2022-11-16 14:10:00,7975,7975,7975,7975,400
2022-11-16 14:11:00,7975,7975,7975,7975,0
2022-11-16 14:12:00,7975,7975,7975,7975,100
2022-11-16 14:13:00,7950,7950,7950,7950,1100
2022-11-16 14:14:00,7950,7950,7950,7950,5600
2022-11-16 14:15:00,7950,7950,7950,7950,11400
2022-11-16 14:16:00,7950,7950,7950,7950,4800
2022-11-16 14:17:00,7950,7950,7975,7975,0
2022-11-16 14:18:00,7950,7950,7975,7975,0
2022-11-16 14:19:00,7950,7950,7950,7950,17500
2022-11-16 14:20:00,7950,7950,7950,7950,139400
2022-11-16 14:21:00,7950,7950,7950,7950,0
2022-11-16 14:22:00,7950,7950,7950,7950,0
2022-11-16 14:23:00,7950,7950,7950,7950,9400
2022-11-16 14:24:00,7950,7950,7950,7950,3300
2022-11-16 14:25:00,7950,7925,7950,7925,105100
2022-11-16 14:26:00,7925,7900,7925,7900,52000
2022-11-16 14:27:00,7925,7925,7925,7925,18600
2022-11-16 14:28:00,7925,7925,7925,7925,2100
2022-11-16 14:29:00,7950,7925,7950,7925,10500
2022-11-16 14:30:00,7950,7925,7950,7925,0
2022-11-16 14:31:00,7950,7925,7950,7925,0
2022-11-16 14:32:00,7925,7925,7925,7925,7400
2022-11-16 14:33:00,7925,7925,7925,7925,0
2022-11-16 14:34:00,7925,7925,7925,7925,0
2022-11-16 14:35:00,7925,7925,7950,7950,0
2022-11-16 14:36:00,7925,7925,7950,7950,400
2022-11-16 14:37:00,7925,7925,7950,7950,0
2022-11-16 14:38:00,7925,7900,7925,7925,31800
2022-11-16 14:39:00,7900,7900,7925,7900,41800
2022-11-16 14:40:00,7900,7900,7900,7900,4300
2022-11-16 14:41:00,7900,7900,7925,7900,45500
2022-11-16 14:42:00,7900,7900,7925,7925,73900
2022-11-16 14:43:00,7925,7900,7950,7925,10600
2022-11-16 14:44:00,7925,7900,7925,7925,60600
2022-11-16 14:45:00,7925,7925,7925,7925,63400
2022-11-16 14:46:00,7925,7900,7925,7925,56300
2022-11-16 14:47:00,7900,7900,7950,7925,0
2022-11-16 14:48:00,7925,7925,7925,7925,2700
2022-11-16 14:49:00,7925,7925,7950,7925,56500
2022-11-16 14:50:00,7925,7925,7950,7925,0
2022-11-16 14:51:00,7925,7925,7950,7925,0
2022-11-16 14:52:00,7925,7925,7950,7925,0
2022-11-16 14:53:00,7925,7925,7950,7925,0
2022-11-16 14:54:00,7925,7925,7950,7925,0
2022-11-16 14:55:00,7925,7925,7950,7925,0
2022-11-16 14:56:00,7925,7925,7950,7925,0
2022-11-16 14:57:00,7925,7925,7950,7925,0
2022-11-16 14:58:00,7925,7925,7950,7925,0
2022-11-16 14:59:00,7925,7925,7950,7925,0
2022-11-16 15:00:00,7900,7900,7900,7900,133200
2022-11-16 15:01:00,7900,7900,7900,7900,3300
2022-11-16 15:02:00,7900,7900,7900,7900,37600
2022-11-16 15:03:00,7900,7900,7900,7900,700
2022-11-16 15:04:00,7900,7900,7900,7900,7900
2022-11-16 15:05:00,7900,7900,7900,7900,9300
2022-11-16 15:06:00,7900,7900,7900,7900,17600
2022-11-16 15:07:00,7900,7900,7900,7900,20200
2022-11-16 15:08:00,7900,7900,7900,7900,9200
2022-11-16 15:09:00,7900,7900,7900,7900,0
2022-11-16 15:10:00,7900,7900,7900,7900,100
2022-11-16 15:11:00,7900,7900,7900,7900,400
2022-11-16 15:12:00,7900,7900,7900,7900,0
2022-11-16 15:13:00,7900,7900,7900,7900,0
2022-11-16 15:14:00,7900,7900,7900,7900,3892900
2022-11-16 15:15:00,7900,7900,7900,7900,0
2022-11-16 15:16:00,7900,7900,7900,7900,0
2022-11-16 15:17:00,7900,7900,7900,7900,0
2022-11-16 15:18:00,7900,7900,7900,7900,0
2022-11-16 15:19:00,7900,7900,7900,7900,0
2022-11-16 15:20:00,7900,7900,7900,7900,0
2022-11-16 15:21:00,7900,7900,7900,7900,0
2022-11-16 15:22:00,7900,7900,7900,7900,0
2022-11-16 15:23:00,7900,7900,7900,7900,0
2022-11-16 15:24:00,7900,7900,7900,7900,0
2022-11-16 15:25:00,7900,7900,7900,7900,0
2022-11-16 15:26:00,7900,7900,7900,7900,0
2022-11-16 15:27:00,7900,7900,7900,7900,0
2022-11-16 15:28:00,7900,7900,7900,7900,0
2022-11-16 15:29:00,7900,7900,7900,7900,0
2022-11-16 15:30:00,7900,7900,7900,7900,0
2022-11-16 15:31:00,7900,7900,7900,7900,0
2022-11-16 15:32:00,7900,7900,7900,7900,0
2022-11-16 15:33:00,7900,7900,7900,7900,0
2022-11-16 15:34:00,7900,7900,7900,7900,0
2022-11-16 15:35:00,7900,7900,7900,7900,0
2022-11-16 15:36:00,7900,7900,7900,7900,0
2022-11-16 15:37:00,7900,7900,7900,7900,0
2022-11-16 15:38:00,7900,7900,7900,7900,0
2022-11-16 15:39:00,7900,7900,7900,7900,0
2022-11-16 15:40:00,7900,7900,7900,7900,0
2022-11-16 15:41:00,7900,7900,7900,7900,0
2022-11-16 15:42:00,7900,7900,7900,7900,0
2022-11-16 15:43:00,7900,7900,7900,7900,0
2022-11-16 15:44:00,7900,7900,7900,7900,0
2022-11-16 15:45:00,7900,7900,7900,7900,0
2022-11-16 15:46:00,7900,7900,7900,7900,0
2022-11-16 15:47:00,7900,7900,7900,7900,0
2022-11-16 15:48:00,7900,7900,7900,7900,0
2022-11-16 15:49:00,7900,7900,7900,7900,0
2022-11-16 15:50:00,7900,7900,7900,7900,0
2022-11-16 15:51:00,7900,7900,7900,7900,0
2022-11-16 15:52:00,7900,7900,7900,7900,0
2022-11-16 15:53:00,7900,7900,7900,7900,0
2022-11-16 15:54:00,7900,7900,7900,7900,0
2022-11-16 15:55:00,7900,7900,7900,7900,0
2022-11-16 15:56:00,7900,7900,7900,7900,0
2022-11-16 15:57:00,7900,7900,7900,7900,0
2022-11-16 15:58:00,7900,7900,7900,7900,0
2022-11-16 15:59:00,7900,7900,7900,7900,0
2022-11-17 09:00:00,7850,7825,7900,7825,0
2022-11-17 09:01:00,7850,7825,7850,7850,19600
2022-11-17 09:02:00,7825,7700,7850,7700,365800
2022-11-17 09:03:00,7750,7650,7750,7700,229000
2022-11-17 09:04:00,7700,7700,7725,7700,65700
2022-11-17 09:05:00,7725,7725,7750,7725,6000
2022-11-17 09:06:00,7750,7750,7750,7750,62200
2022-11-17 09:07:00,7750,7725,7775,7750,46200
2022-11-17 09:08:00,7750,7750,7750,7750,11800
2022-11-17 09:09:00,7750,7750,7750,7750,39900
2022-11-17 09:10:00,7775,7750,7775,7750,35800
2022-11-17 09:11:00,7750,7750,7775,7775,29800
2022-11-17 09:12:00,7775,7750,7775,7750,49100
2022-11-17 09:13:00,7750,7750,7775,7775,55600
2022-11-17 09:14:00,7775,7750,7775,7750,13200
2022-11-17 09:15:00,7750,7750,7775,7775,67700
2022-11-17 09:16:00,7750,7750,7775,7750,28800
2022-11-17 09:17:00,7750,7725,7750,7725,65700
2022-11-17 09:18:00,7750,7750,7750,7750,28000
2022-11-17 09:19:00,7750,7725,7750,7750,204100
2022-11-17 09:20:00,7725,7700,7725,7700,82000
2022-11-17 09:21:00,7700,7675,7700,7675,55800
2022-11-17 09:22:00,7675,7675,7700,7700,62800
2022-11-17 09:23:00,7700,7700,7725,7700,19600
2022-11-17 09:24:00,7725,7725,7725,7725,3800
2022-11-17 09:25:00,7725,7725,7725,7725,1800
2022-11-17 09:26:00,7725,7725,7725,7725,5700
2022-11-17 09:27:00,7725,7725,7725,7725,11200
2022-11-17 09:28:00,7725,7725,7750,7750,52400
2022-11-17 09:29:00,7750,7750,7750,7750,5500
2022-11-17 09:30:00,7750,7750,7750,7750,0
2022-11-17 09:31:00,7725,7725,7725,7725,0
2022-11-17 09:32:00,7725,7725,7750,7725,15200
2022-11-17 09:33:00,7750,7750,7750,7750,0
2022-11-17 09:34:00,7750,7750,7750,7750,1400
2022-11-17 09:35:00,7750,7750,7775,7775,79900
2022-11-17 09:36:00,7750,7750,7750,7750,0
2022-11-17 09:37:00,7750,7750,7775,7775,300
2022-11-17 09:38:00,7750,7750,7775,7775,0
2022-11-17 09:39:00,7750,7750,7750,7750,200
2022-11-17 09:40:00,7775,7750,7775,7750,1800
2022-11-17 09:41:00,7775,7775,7775,7775,22400
2022-11-17 09:42:00,7775,7775,7775,7775,0
2022-11-17 09:43:00,7775,7750,7775,7750,800
2022-11-17 09:44:00,7750,7750,7775,7750,5800
2022-11-17 09:45:00,7750,7750,7750,7750,1400
2022-11-17 09:46:00,7775,7750,7775,7750,15900
2022-11-17 09:47:00,7775,7750,7775,7750,17600
2022-11-17 09:48:00,7750,7750,7750,7750,12200
2022-11-17 09:49:00,7775,7750,7775,7750,2000
2022-11-17 09:50:00,7750,7725,7750,7725,240300
2022-11-17 09:51:00,7700,7700,7700,7700,11400
2022-11-17 09:52:00,7700,7700,7725,7725,192900
2022-11-17 09:53:00,7725,7725,7725,7725,6300
2022-11-17 09:54:00,7725,7725,7750,7750,1400
2022-11-17 09:55:00,7750,7750,7750,7750,1100
2022-11-17 09:56:00,7750,7750,7750,7750,111800
2022-11-17 09:57:00,7750,7750,7750,7750,0
2022-11-17 09:58:00,7750,7750,7750,7750,800
2022-11-17 09:59:00,7750,7750,7750,7750,5200
2022-11-17 10:00:00,7750,7750,7750,7750,0
2022-11-17 10:01:00,7750,7750,7750,7750,13100
2022-11-17 10:02:00,7750,7750,7750,7750,0
2022-11-17 10:03:00,7750,7750,7750,7750,2600
2022-11-17 10:04:00,7750,7750,7750,7750,5100
2022-11-17 10:05:00,7775,7775,7775,7775,50100
2022-11-17 10:06:00,7775,7775,7775,7775,1800
2022-11-17 10:07:00,7775,7775,7775,7775,17200
2022-11-17 10:08:00,7775,7775,7775,7775,0
2022-11-17 10:09:00,7775,7775,7775,7775,17600
2022-11-17 10:10:00,7775,7775,7775,7775,100
2022-11-17 10:11:00,7775,7775,7775,7775,7100
2022-11-17 10:12:00,7775,7775,7775,7775,1900
2022-11-17 10:13:00,7775,7775,7775,7775,0
2022-11-17 10:14:00,7750,7750,7775,7775,2500
2022-11-17 10:15:00,7750,7750,7750,7750,0
2022-11-17 10:16:00,7775,7750,7775,7775,18300
2022-11-17 10:17:00,7750,7750,7775,7775,0
2022-11-17 10:18:00,7750,7750,7750,7750,100
2022-11-17 10:19:00,7750,7750,7750,7750,0
2022-11-17 10:20:00,7750,7750,7750,7750,7900
2022-11-17 10:21:00,7775,7775,7775,7775,0
2022-11-17 10:22:00,7775,7775,7775,7775,41000
2022-11-17 10:23:00,7775,7775,7775,7775,0
2022-11-17 10:24:00,7775,7775,7775,7775,1000
2022-11-17 10:25:00,7775,7775,7775,7775,0
2022-11-17 10:26:00,7775,7775,7775,7775,12300
2022-11-17 10:27:00,7800,7800,7825,7825,107600
2022-11-17 10:28:00,7825,7800,7825,7825,48400
2022-11-17 10:29:00,7825,7825,7825,7825,4200
2022-11-17 10:30:00,7825,7825,7825,7825,0
2022-11-17 10:31:00,7825,7825,7825,7825,0
2022-11-17 10:32:00,7825,7825,7825,7825,100
2022-11-17 10:33:00,7825,7825,7825,7825,0
2022-11-17 10:34:00,7850,7850,7900,7875,84700
2022-11-17 10:35:00,7875,7875,7875,7875,3900
2022-11-17 10:36:00,7875,7875,7900,7900,2500
2022-11-17 10:37:00,7875,7875,7900,7900,0
2022-11-17 10:38:00,7900,7900,7900,7900,4000
2022-11-17 10:39:00,7900,7900,7900,7900,0
2022-11-17 10:40:00,7875,7875,7900,7900,0
2022-11-17 10:41:00,7900,7900,7900,7900,3500
2022-11-17 10:42:00,7900,7900,7900,7900,0
2022-11-17 10:43:00,7900,7900,7900,7900,3900
2022-11-17 10:44:00,7900,7900,7900,7900,0
2022-11-17 10:45:00,7900,7875,7900,7875,4000
2022-11-17 10:46:00,7875,7875,7875,7875,50200
2022-11-17 10:47:00,7850,7850,7850,7850,5300
2022-11-17 10:48:00,7850,7850,7850,7850,0
2022-11-17 10:49:00,7850,7850,7850,7850,800
2022-11-17 10:50:00,7825,7800,7850,7850,57200
2022-11-17 10:51:00,7850,7825,7850,7825,7200
2022-11-17 10:52:00,7825,7825,7850,7850,1600
2022-11-17 10:53:00,7850,7850,7850,7850,0
2022-11-17 10:54:00,7850,7850,7850,7850,0
2022-11-17 10:55:00,7850,7850,7875,7850,60400
2022-11-17 10:56:00,7850,7850,7850,7850,400
2022-11-17 10:57:00,7875,7875,7875,7875,13600
2022-11-17 10:58:00,7875,7875,7875,7875,0
2022-11-17 10:59:00,7875,7875,7875,7875,100
2022-11-17 11:00:00,7850,7850,7850,7850,5300
2022-11-17 11:01:00,7850,7850,7850,7850,0
2022-11-17 11:02:00,7850,7850,7850,7850,0
2022-11-17 11:03:00,7850,7850,7850,7850,0
2022-11-17 11:04:00,7850,7850,7850,7850,0
2022-11-17 11:05:00,7850,7850,7850,7850,0
2022-11-17 11:06:00,7850,7850,7850,7850,19300
2022-11-17 11:07:00,7850,7850,7850,7850,300
2022-11-17 11:08:00,7850,7850,7850,7850,1000
2022-11-17 11:09:00,7850,7850,7850,7850,0
2022-11-17 11:10:00,7850,7850,7850,7850,800
2022-11-17 11:11:00,7875,7875,7875,7875,600
2022-11-17 11:12:00,7850,7850,7850,7850,700
2022-11-17 11:13:00,7850,7850,7850,7850,800
2022-11-17 11:14:00,7850,7850,7850,7850,12400
2022-11-17 11:15:00,7825,7825,7825,7825,600
2022-11-17 11:16:00,7825,7825,7825,7825,5100
2022-11-17 11:17:00,7825,7825,7825,7825,0
2022-11-17 11:18:00,7850,7825,7850,7825,1600
2022-11-17 11:19:00,7825,7825,7825,7825,2000
2022-11-17 11:20:00,7850,7850,7850,7850,2200
2022-11-17 11:21:00,7825,7825,7850,7850,25300
2022-11-17 11:22:00,7850,7825,7850,7825,1400
2022-11-17 11:23:00,7825,7825,7825,7825,300
2022-11-17 11:24:00,7825,7825,7825,7825,300
2022-11-17 11:25:00,7825,7825,7825,7825,1000
2022-11-17 11:26:00,7825,7800,7825,7800,9200
2022-11-17 11:27:00,7800,7800,7800,7800,900
2022-11-17 11:28:00,7825,7825,7825,7825,0
2022-11-17 11:29:00,7825,7800,7825,7800,4200
2022-11-17 11:30:00,7825,7800,7825,7800,0
2022-11-17 11:31:00,7825,7800,7825,7800,0
2022-11-17 11:32:00,7825,7800,7825,7800,0
2022-11-17 11:33:00,7825,7800,7825,7800,0
2022-11-17 11:34:00,7825,7800,7825,7800,0
2022-11-17 11:35:00,7825,7800,7825,7800,0
2022-11-17 11:36:00,7825,7800,7825,7800,0
2022-11-17 11:37:00,7825,7800,7825,7800,0
2022-11-17 11:38:00,7825,7800,7825,7800,0
2022-11-17 11:39:00,7825,7800,7825,7800,0
2022-11-17 11:40:00,7825,7800,7825,7800,0
2022-11-17 11:41:00,7825,7800,7825,7800,0
2022-11-17 11:42:00,7825,7800,7825,7800,0
2022-11-17 11:43:00,7825,7800,7825,7800,0
2022-11-17 11:44:00,7825,7800,7825,7800,0
2022-11-17 11:45:00,7825,7800,7825,7800,0
2022-11-17 11:46:00,7825,7800,7825,7800,0
2022-11-17 11:47:00,7825,7800,7825,7800,0
2022-11-17 11:48:00,7825,7800,7825,7800,0
2022-11-17 11:49:00,7825,7800,7825,7800,0
2022-11-17 11:50:00,7825,7800,7825,7800,0
2022-11-17 11:51:00,7825,7800,7825,7800,0
2022-11-17 11:52:00,7825,7800,7825,7800,0
2022-11-17 11:53:00,7825,7800,7825,7800,0
2022-11-17 11:54:00,7825,7800,7825,7800,0
2022-11-17 11:55:00,7825,7800,7825,7800,0
2022-11-17 11:56:00,7825,7800,7825,7800,0
2022-11-17 11:57:00,7825,7800,7825,7800,0
2022-11-17 11:58:00,7825,7800,7825,7800,0
2022-11-17 11:59:00,7825,7800,7825,7800,0
2022-11-17 12:00:00,7825,7800,7825,7800,0
2022-11-17 12:01:00,7825,7800,7825,7800,0
2022-11-17 12:02:00,7825,7800,7825,7800,0
2022-11-17 12:03:00,7825,7800,7825,7800,0
2022-11-17 12:04:00,7825,7800,7825,7800,0
2022-11-17 12:05:00,7825,7800,7825,7800,0
2022-11-17 12:06:00,7825,7800,7825,7800,0
2022-11-17 12:07:00,7825,7800,7825,7800,0
2022-11-17 12:08:00,7825,7800,7825,7800,0
2022-11-17 12:09:00,7825,7800,7825,7800,0
2022-11-17 12:10:00,7825,7800,7825,7800,0
2022-11-17 12:11:00,7825,7800,7825,7800,0
2022-11-17 12:12:00,7825,7800,7825,7800,0
2022-11-17 12:13:00,7825,7800,7825,7800,0
2022-11-17 12:14:00,7825,7800,7825,7800,0
2022-11-17 12:15:00,7825,7800,7825,7800,0
2022-11-17 12:16:00,7825,7800,7825,7800,0
2022-11-17 12:17:00,7825,7800,7825,7800,0
2022-11-17 12:18:00,7825,7800,7825,7800,0
2022-11-17 12:19:00,7825,7800,7825,7800,0
2022-11-17 12:20:00,7825,7800,7825,7800,0
2022-11-17 12:21:00,7825,7800,7825,7800,0
2022-11-17 12:22:00,7825,7800,7825,7800,0
2022-11-17 12:23:00,7825,7800,7825,7800,0
2022-11-17 12:24:00,7825,7800,7825,7800,0
2022-11-17 12:25:00,7825,7800,7825,7800,0
2022-11-17 12:26:00,7825,7800,7825,7800,0
2022-11-17 12:27:00,7825,7800,7825,7800,0
2022-11-17 12:28:00,7825,7800,7825,7800,0
2022-11-17 12:29:00,7825,7800,7825,7800,0
2022-11-17 12:30:00,7825,7800,7825,7800,0
2022-11-17 12:31:00,7825,7800,7825,7800,0
2022-11-17 12:32:00,7825,7800,7825,7800,0
2022-11-17 12:33:00,7825,7800,7825,7800,0
2022-11-17 12:34:00,7825,7800,7825,7800,0
2022-11-17 12:35:00,7825,7800,7825,7800,0
2022-11-17 12:36:00,7825,7800,7825,7800,0
2022-11-17 12:37:00,7825,7800,7825,7800,0
2022-11-17 12:38:00,7825,7800,7825,7800,0
2022-11-17 12:39:00,7825,7800,7825,7800,0
2022-11-17 12:40:00,7825,7800,7825,7800,0
2022-11-17 12:41:00,7825,7800,7825,7800,0
2022-11-17 12:42:00,7825,7800,7825,7800,0
2022-11-17 12:43:00,7825,7800,7825,7800,0
2022-11-17 12:44:00,7825,7800,7825,7800,0
2022-11-17 12:45:00,7825,7800,7825,7800,0
2022-11-17 12:46:00,7825,7800,7825,7800,0
2022-11-17 12:47:00,7825,7800,7825,7800,0
2022-11-17 12:48:00,7825,7800,7825,7800,0
2022-11-17 12:49:00,7825,7800,7825,7800,0
2022-11-17 12:50:00,7825,7800,7825,7800,0
2022-11-17 12:51:00,7825,7800,7825,7800,0
2022-11-17 12:52:00,7825,7800,7825,7800,0
2022-11-17 12:53:00,7825,7800,7825,7800,0
2022-11-17 12:54:00,7825,7800,7825,7800,0
2022-11-17 12:55:00,7825,7800,7825,7800,0
2022-11-17 12:56:00,7825,7800,7825,7800,0
2022-11-17 12:57:00,7825,7800,7825,7800,0
2022-11-17 12:58:00,7825,7800,7825,7800,0
2022-11-17 12:59:00,7825,7800,7825,7800,0
2022-11-17 13:00:00,7825,7800,7825,7800,0
2022-11-17 13:01:00,7825,7800,7825,7800,0
2022-11-17 13:02:00,7825,7800,7825,7800,0
2022-11-17 13:03:00,7825,7800,7825,7800,0
2022-11-17 13:04:00,7825,7800,7825,7800,0
2022-11-17 13:05:00,7825,7800,7825,7800,0
2022-11-17 13:06:00,7825,7800,7825,7800,0
2022-11-17 13:07:00,7825,7800,7825,7800,0
2022-11-17 13:08:00,7825,7800,7825,7800,0
2022-11-17 13:09:00,7825,7800,7825,7800,0
2022-11-17 13:10:00,7825,7800,7825,7800,0
2022-11-17 13:11:00,7825,7800,7825,7800,0
2022-11-17 13:12:00,7825,7800,7825,7800,0
2022-11-17 13:13:00,7825,7800,7825,7800,0
2022-11-17 13:14:00,7825,7800,7825,7800,0
2022-11-17 13:15:00,7825,7800,7825,7800,0
2022-11-17 13:16:00,7825,7800,7825,7800,0
2022-11-17 13:17:00,7825,7800,7825,7800,0
2022-11-17 13:18:00,7825,7800,7825,7800,0
2022-11-17 13:19:00,7825,7800,7825,7800,0
2022-11-17 13:20:00,7825,7800,7825,7800,0
2022-11-17 13:21:00,7825,7800,7825,7800,0
2022-11-17 13:22:00,7825,7800,7825,7800,0
2022-11-17 13:23:00,7825,7800,7825,7800,0
2022-11-17 13:24:00,7825,7800,7825,7800,0
2022-11-17 13:25:00,7825,7800,7825,7800,0
2022-11-17 13:26:00,7825,7800,7825,7800,0
2022-11-17 13:27:00,7825,7800,7825,7800,0
2022-11-17 13:28:00,7825,7800,7825,7800,0
2022-11-17 13:29:00,7825,7800,7825,7800,0
2022-11-17 13:30:00,7800,7800,7825,7800,19900
2022-11-17 13:31:00,7825,7825,7825,7825,0
2022-11-17 13:32:00,7825,7825,7850,7850,5800
2022-11-17 13:33:00,7825,7825,7850,7850,0
2022-11-17 13:34:00,7850,7850,7850,7850,75200
2022-11-17 13:35:00,7875,7875,7875,7875,28700
2022-11-17 13:36:00,7875,7875,7875,7875,1600
2022-11-17 13:37:00,7875,7875,7875,7875,0
2022-11-17 13:38:00,7850,7850,7850,7850,6000
2022-11-17 13:39:00,7850,7850,7850,7850,0
2022-11-17 13:40:00,7850,7850,7850,7850,0
2022-11-17 13:41:00,7875,7875,7875,7875,45500
2022-11-17 13:42:00,7875,7875,7875,7875,16400
2022-11-17 13:43:00,7875,7875,7875,7875,0
2022-11-17 13:44:00,7875,7875,7875,7875,0
2022-11-17 13:45:00,7850,7850,7850,7850,4000
2022-11-17 13:46:00,7850,7825,7850,7825,32100
2022-11-17 13:47:00,7850,7850,7850,7850,18000
2022-11-17 13:48:00,7850,7825,7850,7825,19600
2022-11-17 13:49:00,7850,7825,7850,7825,0
2022-11-17 13:50:00,7825,7825,7825,7825,500
2022-11-17 13:51:00,7825,7825,7850,7850,1100
2022-11-17 13:52:00,7825,7825,7825,7825,0
2022-11-17 13:53:00,7825,7825,7825,7825,0
2022-11-17 13:54:00,7825,7825,7825,7825,0
2022-11-17 13:55:00,7825,7825,7825,7825,0
2022-11-17 13:56:00,7825,7825,7825,7825,6200
2022-11-17 13:57:00,7825,7825,7825,7825,0
2022-11-17 13:58:00,7825,7825,7825,7825,48400
2022-11-17 13:59:00,7800,7800,7825,7825,5700
2022-11-17 14:00:00,7825,7800,7825,7800,1500
2022-11-17 14:01:00,7800,7800,7800,7800,100
2022-11-17 14:02:00,7800,7800,7800,7800,1400
2022-11-17 14:03:00,7800,7800,7825,7825,10500
2022-11-17 14:04:00,7800,7800,7800,7800,0
2022-11-17 14:05:00,7800,7800,7800,7800,2800
2022-11-17 14:06:00,7825,7825,7825,7825,0
2022-11-17 14:07:00,7800,7800,7800,7800,1700
2022-11-17 14:08:00,7800,7800,7800,7800,0
2022-11-17 14:09:00,7800,7800,7825,7825,3500
2022-11-17 14:10:00,7825,7800,7825,7800,11700
2022-11-17 14:11:00,7825,7800,7825,7800,0
2022-11-17 14:12:00,7800,7800,7825,7825,257800
2022-11-17 14:13:00,7825,7825,7825,7825,300
2022-11-17 14:14:00,7825,7825,7825,7825,0
2022-11-17 14:15:00,7825,7825,7825,7825,0
2022-11-17 14:16:00,7825,7825,7825,7825,0
2022-11-17 14:17:00,7825,7825,7825,7825,10800
2022-11-17 14:18:00,7825,7825,7825,7825,0
2022-11-17 14:19:00,7825,7800,7825,7800,8800
2022-11-17 14:20:00,7825,7800,7825,7800,0
2022-11-17 14:21:00,7800,7800,7850,7850,800
2022-11-17 14:22:00,7800,7800,7850,7850,0
2022-11-17 14:23:00,7800,7800,7850,7850,0
2022-11-17 14:24:00,7850,7850,7850,7850,1200
2022-11-17 14:25:00,7825,7825,7825,7825,400
2022-11-17 14:26:00,7825,7825,7825,7825,10300
2022-11-17 14:27:00,7825,7825,7850,7825,5700
2022-11-17 14:28:00,7825,7825,7825,7825,6300
2022-11-17 14:29:00,7825,7825,7825,7825,0
2022-11-17 14:30:00,7825,7825,7825,7825,700
2022-11-17 14:31:00,7825,7825,7825,7825,4300
2022-11-17 14:32:00,7825,7825,7825,7825,0
2022-11-17 14:33:00,7800,7800,7825,7825,31200
2022-11-17 14:34:00,7800,7800,7800,7800,4100
2022-11-17 14:35:00,7825,7800,7825,7825,30800
2022-11-17 14:36:00,7800,7800,7800,7800,0
2022-11-17 14:37:00,7800,7800,7825,7800,36500
2022-11-17 14:38:00,7825,7825,7825,7825,33600
2022-11-17 14:39:00,7825,7825,7825,7825,500
2022-11-17 14:40:00,7800,7800,7825,7825,6600
2022-11-17 14:41:00,7800,7800,7800,7800,5700
2022-11-17 14:42:00,7800,7800,7825,7825,9300
2022-11-17 14:43:00,7800,7800,7800,7800,9700
2022-11-17 14:44:00,7800,7800,7825,7825,2600
2022-11-17 14:45:00,7800,7800,7825,7800,6700
2022-11-17 14:46:00,7800,7800,7825,7800,16800
2022-11-17 14:47:00,7800,7775,7825,7800,193700
2022-11-17 14:48:00,7775,7775,7800,7775,10600
2022-11-17 14:49:00,7775,7775,7800,7775,3800
2022-11-17 14:50:00,7775,7775,7800,7775,0
2022-11-17 14:51:00,7775,7775,7800,7775,0
2022-11-17 14:52:00,7775,7775,7800,7775,0
2022-11-17 14:53:00,7775,7775,7800,7775,0
2022-11-17 14:54:00,7775,7775,7800,7775,0
2022-11-17 14:55:00,7775,7775,7800,7775,0
2022-11-17 14:56:00,7775,7775,7800,7775,0
2022-11-17 14:57:00,7775,7775,7800,7775,0
2022-11-17 14:58:00,7775,7775,7800,7775,0
2022-11-17 14:59:00,7775,7775,7800,7775,0
2022-11-17 15:00:00,7725,7725,7725,7725,509600
2022-11-17 15:01:00,7725,7725,7725,7725,70000
2022-11-17 15:02:00,7725,7725,7725,7725,0
2022-11-17 15:03:00,7725,7725,7725,7725,800
2022-11-17 15:04:00,7725,7725,7725,7725,36300
2022-11-17 15:05:00,7725,7725,7725,7725,33200
2022-11-17 15:06:00,7725,7725,7725,7725,25400
2022-11-17 15:07:00,7725,7725,7725,7725,0
2022-11-17 15:08:00,7725,7725,7725,7725,0
2022-11-17 15:09:00,7725,7725,7725,7725,200
2022-11-17 15:10:00,7725,7725,7725,7725,10000
2022-11-17 15:11:00,7725,7725,7725,7725,0
2022-11-17 15:12:00,7725,7725,7725,7725,3000
2022-11-17 15:13:00,7725,7725,7725,7725,6200
2022-11-17 15:14:00,7725,7725,7725,7725,5000000
2022-11-17 15:15:00,7725,7725,7725,7725,0
2022-11-17 15:16:00,7725,7725,7725,7725,0
2022-11-17 15:17:00,7725,7725,7725,7725,0
2022-11-17 15:18:00,7725,7725,7725,7725,0
2022-11-17 15:19:00,7725,7725,7725,7725,0
2022-11-17 15:20:00,7725,7725,7725,7725,0
2022-11-17 15:21:00,7725,7725,7725,7725,0
2022-11-17 15:22:00,7725,7725,7725,7725,0
2022-11-17 15:23:00,7725,7725,7725,7725,0
2022-11-17 15:24:00,7725,7725,7725,7725,0
2022-11-17 15:25:00,7725,7725,7725,7725,0
2022-11-17 15:26:00,7725,7725,7725,7725,0
2022-11-17 15:27:00,7725,7725,7725,7725,0
2022-11-17 15:28:00,7725,7725,7725,7725,0
2022-11-17 15:29:00,7725,7725,7725,7725,0
2022-11-17 15:30:00,7725,7725,7725,7725,0
2022-11-17 15:31:00,7725,7725,7725,7725,0
2022-11-17 15:32:00,7725,7725,7725,7725,0
2022-11-17 15:33:00,7725,7725,7725,7725,0
2022-11-17 15:34:00,7725,7725,7725,7725,0
2022-11-17 15:35:00,7725,7725,7725,7725,0
2022-11-17 15:36:00,7725,7725,7725,7725,0
2022-11-17 15:37:00,7725,7725,7725,7725,0
2022-11-17 15:38:00,7725,7725,7725,7725,0
2022-11-17 15:39:00,7725,7725,7725,7725,0
2022-11-17 15:40:00,7725,7725,7725,7725,0
2022-11-17 15:41:00,7725,7725,7725,7725,0
2022-11-17 15:42:00,7725,7725,7725,7725,0
2022-11-17 15:43:00,7725,7725,7725,7725,0
2022-11-17 15:44:00,7725,7725,7725,7725,0
2022-11-17 15:45:00,7725,7725,7725,7725,0
2022-11-17 15:46:00,7725,7725,7725,7725,0
2022-11-17 15:47:00,7725,7725,7725,7725,0
2022-11-17 15:48:00,7725,7725,7725,7725,0
2022-11-17 15:49:00,7725,7725,7725,7725,0
2022-11-17 15:50:00,7725,7725,7725,7725,0
2022-11-17 15:51:00,7725,7725,7725,7725,0
2022-11-17 15:52:00,7725,7725,7725,7725,0
2022-11-17 15:53:00,7725,7725,7725,7725,0
2022-11-17 15:54:00,7725,7725,7725,7725,0
2022-11-17 15:55:00,7725,7725,7725,7725,0
2022-11-17 15:56:00,7725,7725,7725,7725,0
2022-11-17 15:57:00,7725,7725,7725,7725,0
2022-11-17 15:58:00,7725,7725,7725,7725,0
2022-11-17 15:59:00,7725,7725,7725,7725,0
2022-11-18 09:00:00,8200,8200,8400,8400,0
2022-11-18 09:01:00,8400,8375,8525,8525,795000
2022-11-18 09:02:00,8500,8350,8525,8400,1727400
2022-11-18 09:03:00,8400,8350,8450,8375,313000
2022-11-18 09:04:00,8350,8325,8350,8325,266300
2022-11-18 09:05:00,8325,8300,8375,8300,316900
2022-11-18 09:06:00,8300,8275,8325,8325,387800
2022-11-18 09:07:00,8325,8300,8325,8300,153100
2022-11-18 09:08:00,8300,8300,8350,8350,147100
2022-11-18 09:09:00,8325,8325,8400,8375,318700
2022-11-18 09:10:00,8375,8375,8425,8400,304000
2022-11-18 09:11:00,8400,8350,8400,8375,223100
2022-11-18 09:12:00,8375,8300,8375,8325,429900
2022-11-18 09:13:00,8325,8300,8350,8300,169200
2022-11-18 09:14:00,8300,8300,8350,8325,238800
2022-11-18 09:15:00,8325,8325,8400,8375,294800
2022-11-18 09:16:00,8375,8350,8400,8400,163900
2022-11-18 09:17:00,8375,8375,8400,8400,342900
2022-11-18 09:18:00,8400,8400,8425,8400,320200
2022-11-18 09:19:00,8400,8375,8400,8375,207500
2022-11-18 09:20:00,8350,8325,8375,8375,181700
2022-11-18 09:21:00,8375,8350,8400,8375,38700
2022-11-18 09:22:00,8375,8375,8400,8400,310600
2022-11-18 09:23:00,8400,8400,8425,8400,89100
2022-11-18 09:24:00,8400,8400,8425,8400,90500
2022-11-18 09:25:00,8400,8375,8400,8400,75100
2022-11-18 09:26:00,8400,8400,8425,8425,39800
2022-11-18 09:27:00,8425,8400,8450,8450,342900
2022-11-18 09:28:00,8425,8425,8450,8425,81800
2022-11-18 09:29:00,8425,8425,8450,8450,123500
2022-11-18 09:30:00,8450,8425,8450,8450,55700
2022-11-18 09:31:00,8425,8425,8450,8425,134500
2022-11-18 09:32:00,8425,8400,8425,8400,470700
2022-11-18 09:33:00,8425,8400,8425,8425,60100
2022-11-18 09:34:00,8425,8400,8425,8400,69800
2022-11-18 09:35:00,8400,8375,8400,8375,36500
2022-11-18 09:36:00,8400,8375,8400,8375,31600
2022-11-18 09:37:00,8375,8375,8400,8375,4400
2022-11-18 09:38:00,8375,8375,8400,8375,390100
2022-11-18 09:39:00,8375,8350,8375,8350,154200
2022-11-18 09:40:00,8325,8325,8350,8350,41300
2022-11-18 09:41:00,8375,8350,8375,8350,108200
2022-11-18 09:42:00,8350,8325,8350,8350,21900
2022-11-18 09:43:00,8350,8325,8375,8350,175700
2022-11-18 09:44:00,8350,8300,8350,8300,116500
2022-11-18 09:45:00,8325,8300,8325,8300,80800
2022-11-18 09:46:00,8325,8325,8325,8325,68800
2022-11-18 09:47:00,8325,8325,8350,8350,400
2022-11-18 09:48:00,8325,8325,8350,8350,9100
2022-11-18 09:49:00,8325,8325,8350,8325,10100
2022-11-18 09:50:00,8325,8325,8325,8325,12500
2022-11-18 09:51:00,8350,8325,8350,8350,6900
2022-11-18 09:52:00,8350,8350,8350,8350,5000
2022-11-18 09:53:00,8325,8325,8350,8350,49700
2022-11-18 09:54:00,8350,8350,8350,8350,48200
2022-11-18 09:55:00,8350,8325,8350,8350,32700
2022-11-18 09:56:00,8325,8325,8350,8325,2300
2022-11-18 09:57:00,8325,8325,8350,8325,24500
2022-11-18 09:58:00,8350,8325,8350,8325,5100
2022-11-18 09:59:00,8325,8325,8350,8350,7800
2022-11-18 10:00:00,8325,8300,8325,8300,115500
2022-11-18 10:01:00,8300,8275,8300,8275,156300
2022-11-18 10:02:00,8275,8275,8300,8275,105500
2022-11-18 10:03:00,8275,8250,8275,8250,119100
2022-11-18 10:04:00,8275,8275,8300,8300,21300
2022-11-18 10:05:00,8275,8275,8275,8275,12100
2022-11-18 10:06:00,8300,8275,8300,8300,0
2022-11-18 10:07:00,8275,8275,8300,8275,26600
2022-11-18 10:08:00,8275,8275,8275,8275,25900
2022-11-18 10:09:00,8275,8275,8275,8275,62500
2022-11-18 10:10:00,8275,8250,8275,8275,9700
2022-11-18 10:11:00,8275,8250,8275,8275,7300
2022-11-18 10:12:00,8250,8250,8250,8250,81800
2022-11-18 10:13:00,8225,8200,8225,8225,223600
2022-11-18 10:14:00,8225,8200,8225,8225,89900
2022-11-18 10:15:00,8225,8175,8225,8175,336000
2022-11-18 10:16:00,8175,8175,8225,8200,88700
2022-11-18 10:17:00,8225,8200,8225,8200,6600
2022-11-18 10:18:00,8225,8225,8225,8225,17100
2022-11-18 10:19:00,8225,8225,8225,8225,31000
2022-11-18 10:20:00,8250,8225,8250,8225,3300
2022-11-18 10:21:00,8225,8225,8225,8225,2100
2022-11-18 10:22:00,8225,8225,8225,8225,0
2022-11-18 10:23:00,8225,8225,8250,8225,49500
2022-11-18 10:24:00,8225,8225,8225,8225,9100
2022-11-18 10:25:00,8200,8200,8250,8225,43700
2022-11-18 10:26:00,8250,8225,8250,8250,10000
2022-11-18 10:27:00,8250,8250,8250,8250,16000
2022-11-18 10:28:00,8250,8250,8250,8250,0
2022-11-18 10:29:00,8250,8250,8250,8250,0
2022-11-18 10:30:00,8250,8250,8250,8250,0
2022-11-18 10:31:00,8250,8250,8275,8275,55900
2022-11-18 10:32:00,8275,8250,8275,8250,0
2022-11-18 10:33:00,8250,8250,8250,8250,106700
2022-11-18 10:34:00,8250,8225,8250,8225,2500
2022-11-18 10:35:00,8225,8225,8250,8250,4900
2022-11-18 10:36:00,8250,8225,8250,8225,1500
2022-11-18 10:37:00,8225,8225,8250,8250,7600
2022-11-18 10:38:00,8225,8225,8250,8250,6400
2022-11-18 10:39:00,8225,8225,8225,8225,7700
2022-11-18 10:40:00,8225,8225,8250,8250,3000
2022-11-18 10:41:00,8225,8225,8250,8250,4600
2022-11-18 10:42:00,8225,8225,8225,8225,12200
2022-11-18 10:43:00,8225,8200,8225,8200,44300
2022-11-18 10:44:00,8200,8200,8225,8225,67000
2022-11-18 10:45:00,8225,8225,8225,8225,700
2022-11-18 10:46:00,8200,8200,8225,8225,17100
2022-11-18 10:47:00,8225,8200,8225,8225,9200
2022-11-18 10:48:00,8225,8225,8225,8225,0
2022-11-18 10:49:00,8225,8225,8225,8225,1000
2022-11-18 10:50:00,8225,8225,8225,8225,31900
2022-11-18 10:51:00,8225,8225,8225,8225,6700
2022-11-18 10:52:00,8225,8225,8225,8225,9700
2022-11-18 10:53:00,8225,8200,8225,8200,3000
2022-11-18 10:54:00,8200,8175,8200,8175,197900
2022-11-18 10:55:00,8200,8175,8200,8175,4700
2022-11-18 10:56:00,8175,8175,8200,8200,16800
2022-11-18 10:57:00,8200,8200,8200,8200,67400
2022-11-18 10:58:00,8225,8200,8225,8200,4900
2022-11-18 10:59:00,8200,8200,8200,8200,28000
2022-11-18 11:00:00,8200,8200,8225,8200,0
2022-11-18 11:01:00,8225,8200,8225,8225,7200
2022-11-18 11:02:00,8225,8200,8225,8225,0
2022-11-18 11:03:00,8225,8225,8250,8250,12700
2022-11-18 11:04:00,8225,8225,8250,8250,40100
2022-11-18 11:05:00,8250,8250,8250,8250,200
2022-11-18 11:06:00,8250,8225,8250,8225,2100
2022-11-18 11:07:00,8225,8225,8225,8225,0
2022-11-18 11:08:00,8225,8225,8225,8225,6800
2022-11-18 11:09:00,8225,8225,8225,8225,0
2022-11-18 11:10:00,8225,8225,8225,8225,15700
2022-11-18 11:11:00,8225,8225,8225,8225,30200
2022-11-18 11:12:00,8200,8200,8200,8200,1300
2022-11-18 11:13:00,8200,8200,8225,8225,3500
2022-11-18 11:14:00,8200,8175,8200,8175,317900
2022-11-18 11:15:00,8175,8150,8175,8150,113800
2022-11-18 11:16:00,8150,8150,8175,8175,51400
2022-11-18 11:17:00,8175,8150,8175,8175,19700
2022-11-18 11:18:00,8175,8175,8175,8175,67500
2022-11-18 11:19:00,8175,8150,8175,8175,180900
2022-11-18 11:20:00,8175,8150,8175,8175,44900
2022-11-18 11:21:00,8175,8175,8175,8175,26000
2022-11-18 11:22:00,8175,8175,8200,8200,12100
2022-11-18 11:23:00,8175,8175,8175,8175,10000
2022-11-18 11:24:00,8150,8150,8175,8150,39100
2022-11-18 11:25:00,8150,8150,8150,8150,8000
2022-11-18 11:26:00,8175,8175,8175,8175,26000
2022-11-18 11:27:00,8150,8150,8175,8150,7300
2022-11-18 11:28:00,8150,8150,8175,8175,53700
2022-11-18 11:29:00,8175,8150,8175,8175,1900
2022-11-18 11:30:00,8175,8150,8175,8175,0
2022-11-18 11:31:00,8175,8150,8175,8175,0
2022-11-18 11:32:00,8175,8150,8175,8175,0
2022-11-18 11:33:00,8175,8150,8175,8175,0
2022-11-18 11:34:00,8175,8150,8175,8175,0
2022-11-18 11:35:00,8175,8150,8175,8175,0
2022-11-18 11:36:00,8175,8150,8175,8175,0
2022-11-18 11:37:00,8175,8150,8175,8175,0
2022-11-18 11:38:00,8175,8150,8175,8175,0
2022-11-18 11:39:00,8175,8150,8175,8175,0
2022-11-18 11:40:00,8175,8150,8175,8175,0
2022-11-18 11:41:00,8175,8150,8175,8175,0
2022-11-18 11:42:00,8175,8150,8175,8175,0
2022-11-18 11:43:00,8175,8150,8175,8175,0
2022-11-18 11:44:00,8175,8150,8175,8175,0
2022-11-18 11:45:00,8175,8150,8175,8175,0
2022-11-18 11:46:00,8175,8150,8175,8175,0
2022-11-18 11:47:00,8175,8150,8175,8175,0
2022-11-18 11:48:00,8175,8150,8175,8175,0
2022-11-18 11:49:00,8175,8150,8175,8175,0
2022-11-18 11:50:00,8175,8150,8175,8175,0
2022-11-18 11:51:00,8175,8150,8175,8175,0
2022-11-18 11:52:00,8175,8150,8175,8175,0
2022-11-18 11:53:00,8175,8150,8175,8175,0
2022-11-18 11:54:00,8175,8150,8175,8175,0
2022-11-18 11:55:00,8175,8150,8175,8175,0
2022-11-18 11:56:00,8175,8150,8175,8175,0
2022-11-18 11:57:00,8175,8150,8175,8175,0
2022-11-18 11:58:00,8175,8150,8175,8175,0
2022-11-18 11:59:00,8175,8150,8175,8175,0
2022-11-18 12:00:00,8175,8150,8175,8175,0
2022-11-18 12:01:00,8175,8150,8175,8175,0
2022-11-18 12:02:00,8175,8150,8175,8175,0
2022-11-18 12:03:00,8175,8150,8175,8175,0
2022-11-18 12:04:00,8175,8150,8175,8175,0
2022-11-18 12:05:00,8175,8150,8175,8175,0
2022-11-18 12:06:00,8175,8150,8175,8175,0
2022-11-18 12:07:00,8175,8150,8175,8175,0
2022-11-18 12:08:00,8175,8150,8175,8175,0
2022-11-18 12:09:00,8175,8150,8175,8175,0
2022-11-18 12:10:00,8175,8150,8175,8175,0
2022-11-18 12:11:00,8175,8150,8175,8175,0
2022-11-18 12:12:00,8175,8150,8175,8175,0
2022-11-18 12:13:00,8175,8150,8175,8175,0
2022-11-18 12:14:00,8175,8150,8175,8175,0
2022-11-18 12:15:00,8175,8150,8175,8175,0
2022-11-18 12:16:00,8175,8150,8175,8175,0
2022-11-18 12:17:00,8175,8150,8175,8175,0
2022-11-18 12:18:00,8175,8150,8175,8175,0
2022-11-18 12:19:00,8175,8150,8175,8175,0
2022-11-18 12:20:00,8175,8150,8175,8175,0
2022-11-18 12:21:00,8175,8150,8175,8175,0
2022-11-18 12:22:00,8175,8150,8175,8175,0
2022-11-18 12:23:00,8175,8150,8175,8175,0
2022-11-18 12:24:00,8175,8150,8175,8175,0
2022-11-18 12:25:00,8175,8150,8175,8175,0
2022-11-18 12:26:00,8175,8150,8175,8175,0
2022-11-18 12:27:00,8175,8150,8175,8175,0
2022-11-18 12:28:00,8175,8150,8175,8175,0
2022-11-18 12:29:00,8175,8150,8175,8175,0
2022-11-18 12:30:00,8175,8150,8175,8175,0
2022-11-18 12:31:00,8175,8150,8175,8175,0
2022-11-18 12:32:00,8175,8150,8175,8175,0
2022-11-18 12:33:00,8175,8150,8175,8175,0
2022-11-18 12:34:00,8175,8150,8175,8175,0
2022-11-18 12:35:00,8175,8150,8175,8175,0
2022-11-18 12:36:00,8175,8150,8175,8175,0
2022-11-18 12:37:00,8175,8150,8175,8175,0
2022-11-18 12:38:00,8175,8150,8175,8175,0
2022-11-18 12:39:00,8175,8150,8175,8175,0
2022-11-18 12:40:00,8175,8150,8175,8175,0
2022-11-18 12:41:00,8175,8150,8175,8175,0
2022-11-18 12:42:00,8175,8150,8175,8175,0
2022-11-18 12:43:00,8175,8150,8175,8175,0
2022-11-18 12:44:00,8175,8150,8175,8175,0
2022-11-18 12:45:00,8175,8150,8175,8175,0
2022-11-18 12:46:00,8175,8150,8175,8175,0
2022-11-18 12:47:00,8175,8150,8175,8175,0
2022-11-18 12:48:00,8175,8150,8175,8175,0
2022-11-18 12:49:00,8175,8150,8175,8175,0
2022-11-18 12:50:00,8175,8150,8175,8175,0
2022-11-18 12:51:00,8175,8150,8175,8175,0
2022-11-18 12:52:00,8175,8150,8175,8175,0
2022-11-18 12:53:00,8175,8150,8175,8175,0
2022-11-18 12:54:00,8175,8150,8175,8175,0
2022-11-18 12:55:00,8175,8150,8175,8175,0
2022-11-18 12:56:00,8175,8150,8175,8175,0
2022-11-18 12:57:00,8175,8150,8175,8175,0
2022-11-18 12:58:00,8175,8150,8175,8175,0
2022-11-18 12:59:00,8175,8150,8175,8175,0
2022-11-18 13:00:00,8175,8150,8175,8175,0
2022-11-18 13:01:00,8175,8150,8175,8175,0
2022-11-18 13:02:00,8175,8150,8175,8175,0
2022-11-18 13:03:00,8175,8150,8175,8175,0
2022-11-18 13:04:00,8175,8150,8175,8175,0
2022-11-18 13:05:00,8175,8150,8175,8175,0
2022-11-18 13:06:00,8175,8150,8175,8175,0
2022-11-18 13:07:00,8175,8150,8175,8175,0
2022-11-18 13:08:00,8175,8150,8175,8175,0
2022-11-18 13:09:00,8175,8150,8175,8175,0
2022-11-18 13:10:00,8175,8150,8175,8175,0
2022-11-18 13:11:00,8175,8150,8175,8175,0
2022-11-18 13:12:00,8175,8150,8175,8175,0
2022-11-18 13:13:00,8175,8150,8175,8175,0
2022-11-18 13:14:00,8175,8150,8175,8175,0
2022-11-18 13:15:00,8175,8150,8175,8175,0
2022-11-18 13:16:00,8175,8150,8175,8175,0
2022-11-18 13:17:00,8175,8150,8175,8175,0
2022-11-18 13:18:00,8175,8150,8175,8175,0
2022-11-18 13:19:00,8175,8150,8175,8175,0
2022-11-18 13:20:00,8175,8150,8175,8175,0
2022-11-18 13:21:00,8175,8150,8175,8175,0
2022-11-18 13:22:00,8175,8150,8175,8175,0
2022-11-18 13:23:00,8175,8150,8175,8175,0
2022-11-18 13:24:00,8175,8150,8175,8175,0
2022-11-18 13:25:00,8175,8150,8175,8175,0
2022-11-18 13:26:00,8175,8150,8175,8175,0
2022-11-18 13:27:00,8175,8150,8175,8175,0
2022-11-18 13:28:00,8175,8150,8175,8175,0
2022-11-18 13:29:00,8175,8150,8175,8175,0
2022-11-18 13:30:00,8150,8150,8175,8150,200300
2022-11-18 13:31:00,8150,8150,8150,8150,100
2022-11-18 13:32:00,8150,8150,8150,8150,39700
2022-11-18 13:33:00,8175,8100,8175,8125,317400
2022-11-18 13:34:00,8125,8100,8125,8100,194900
2022-11-18 13:35:00,8100,8075,8100,8075,234500
2022-11-18 13:36:00,8075,8075,8100,8075,70200
2022-11-18 13:37:00,8075,8050,8075,8075,143000
2022-11-18 13:38:00,8100,8075,8100,8100,59800
2022-11-18 13:39:00,8100,8100,8100,8100,13400
2022-11-18 13:40:00,8075,8050,8100,8075,104100
2022-11-18 13:41:00,8075,8050,8075,8075,11800
2022-11-18 13:42:00,8075,8050,8100,8100,214400
2022-11-18 13:43:00,8075,8075,8100,8100,37800
2022-11-18 13:44:00,8100,8075,8100,8100,24500
2022-11-18 13:45:00,8075,8075,8100,8100,3700
2022-11-18 13:46:00,8100,8075,8100,8075,44000
2022-11-18 13:47:00,8075,8050,8075,8050,77300
2022-11-18 13:48:00,8050,8050,8075,8075,66500
2022-11-18 13:49:00,8100,8100,8100,8100,86300
2022-11-18 13:50:00,8100,8100,8100,8100,4500
2022-11-18 13:51:00,8100,8100,8100,8100,5700
2022-11-18 13:52:00,8125,8100,8125,8125,0
2022-11-18 13:53:00,8100,8100,8125,8125,25500
2022-11-18 13:54:00,8125,8125,8150,8125,25000
2022-11-18 13:55:00,8125,8125,8125,8125,21400
2022-11-18 13:56:00,8125,8100,8125,8100,9400
2022-11-18 13:57:00,8100,8100,8100,8100,83100
2022-11-18 13:58:00,8100,8100,8100,8100,13300
2022-11-18 13:59:00,8100,8100,8100,8100,7200
2022-11-18 14:00:00,8100,8100,8125,8125,20500
2022-11-18 14:01:00,8125,8125,8150,8125,12100
2022-11-18 14:02:00,8125,8125,8125,8125,10700
2022-11-18 14:03:00,8125,8125,8150,8150,10700
2022-11-18 14:04:00,8125,8125,8150,8150,10000
2022-11-18 14:05:00,8125,8125,8150,8150,19200
2022-11-18 14:06:00,8150,8150,8150,8150,18400
2022-11-18 14:07:00,8150,8150,8150,8150,1000
2022-11-18 14:08:00,8150,8150,8200,8150,110600
2022-11-18 14:09:00,8175,8175,8200,8175,8200
2022-11-18 14:10:00,8175,8175,8200,8175,5200
2022-11-18 14:11:00,8175,8150,8175,8150,66500
2022-11-18 14:12:00,8125,8125,8150,8150,4900
2022-11-18 14:13:00,8150,8125,8150,8125,127400
2022-11-18 14:14:00,8125,8100,8125,8125,32700
2022-11-18 14:15:00,8125,8100,8125,8125,18700
2022-11-18 14:16:00,8125,8125,8125,8125,800
2022-11-18 14:17:00,8100,8100,8125,8125,58600
2022-11-18 14:18:00,8125,8125,8125,8125,52300
2022-11-18 14:19:00,8125,8125,8125,8125,29200
2022-11-18 14:20:00,8125,8125,8125,8125,0
2022-11-18 14:21:00,8125,8100,8125,8100,153300
2022-11-18 14:22:00,8075,8075,8100,8100,20900
2022-11-18 14:23:00,8075,8075,8100,8100,0
2022-11-18 14:24:00,8100,8100,8100,8100,15000
2022-11-18 14:25:00,8075,8075,8100,8075,24700
2022-11-18 14:26:00,8075,8075,8100,8075,3600
2022-11-18 14:27:00,8075,8075,8100,8100,40000
2022-11-18 14:28:00,8075,8075,8100,8075,319800
2022-11-18 14:29:00,8075,8075,8075,8075,83300
2022-11-18 14:30:00,8075,8075,8075,8075,0
2022-11-18 14:31:00,8075,8050,8075,8075,65100
2022-11-18 14:32:00,8075,8050,8075,8075,46800
2022-11-18 14:33:00,8075,8075,8075,8075,83600
2022-11-18 14:34:00,8075,8075,8075,8075,37500
2022-11-18 14:35:00,8050,8050,8075,8050,345000
2022-11-18 14:36:00,8050,8025,8050,8025,12600
2022-11-18 14:37:00,8025,8025,8050,8025,269400
2022-11-18 14:38:00,8025,8000,8025,8025,136100
2022-11-18 14:39:00,8025,8000,8050,8025,415400
2022-11-18 14:40:00,8025,8025,8050,8050,69000
2022-11-18 14:41:00,8050,8050,8075,8075,24000
2022-11-18 14:42:00,8050,8050,8075,8075,59600
2022-11-18 14:43:00,8075,8075,8075,8075,12000
2022-11-18 14:44:00,8075,8050,8075,8050,65900
2022-11-18 14:45:00,8050,8050,8100,8075,19300
2022-11-18 14:46:00,8075,8075,8100,8075,31000
2022-11-18 14:47:00,8075,8050,8075,8075,3900
2022-11-18 14:48:00,8050,8050,8050,8050,61300
2022-11-18 14:49:00,8075,8050,8075,8050,28700
2022-11-18 14:50:00,8075,8050,8075,8050,0
2022-11-18 14:51:00,8075,8050,8075,8050,0
2022-11-18 14:52:00,8075,8050,8075,8050,0
2022-11-18 14:53:00,8075,8050,8075,8050,0
2022-11-18 14:54:00,8075,8050,8075,8050,0
2022-11-18 14:55:00,8075,8050,8075,8050,0
2022-11-18 14:56:00,8075,8050,8075,8050,0
2022-11-18 14:57:00,8075,8050,8075,8050,0
2022-11-18 14:58:00,8075,8050,8075,8050,0
2022-11-18 14:59:00,8075,8050,8075,8050,0
2022-11-18 15:00:00,8050,8050,8050,8050,161500
2022-11-18 15:01:00,8050,8050,8050,8050,52200
2022-11-18 15:02:00,8050,8050,8050,8050,17200
2022-11-18 15:03:00,8050,8050,8050,8050,0
2022-11-18 15:04:00,8050,8050,8050,8050,900
2022-11-18 15:05:00,8050,8050,8050,8050,12400
2022-11-18 15:06:00,8050,8050,8050,8050,11400
2022-11-18 15:07:00,8050,8050,8050,8050,2900
2022-11-18 15:08:00,8050,8050,8050,8050,209900
2022-11-18 15:09:00,8050,8050,8050,8050,31900
2022-11-18 15:10:00,8050,8050,8050,8050,700
2022-11-18 15:11:00,8050,8050,8050,8050,14800
2022-11-18 15:12:00,8050,8050,8050,8050,5800
2022-11-18 15:13:00,8050,8050,8050,8050,0
2022-11-18 15:14:00,8050,8050,8050,8050,0
2022-11-18 15:15:00,8050,8050,8050,8050,0
2022-11-18 15:16:00,8050,8050,8050,8050,0
2022-11-18 15:17:00,8050,8050,8050,8050,0
2022-11-18 15:18:00,8050,8050,8050,8050,0
2022-11-18 15:19:00,8050,8050,8050,8050,0
2022-11-18 15:20:00,8050,8050,8050,8050,0
2022-11-18 15:21:00,8050,8050,8050,8050,0
2022-11-18 15:22:00,8050,8050,8050,8050,0
2022-11-18 15:23:00,8050,8050,8050,8050,0
2022-11-18 15:24:00,8050,8050,8050,8050,0
2022-11-18 15:25:00,8050,8050,8050,8050,0
2022-11-18 15:26:00,8050,8050,8050,8050,0
2022-11-18 15:27:00,8050,8050,8050,8050,0
2022-11-18 15:28:00,8050,8050,8050,8050,0
2022-11-18 15:29:00,8050,8050,8050,8050,0
2022-11-18 15:30:00,8050,8050,8050,8050,0
2022-11-18 15:31:00,8050,8050,8050,8050,0
2022-11-18 15:32:00,8050,8050,8050,8050,0
2022-11-18 15:33:00,8050,8050,8050,8050,0
2022-11-18 15:34:00,8050,8050,8050,8050,0
2022-11-18 15:35:00,8050,8050,8050,8050,0
2022-11-18 15:36:00,8050,8050,8050,8050,0
2022-11-18 15:37:00,8050,8050,8050,8050,0
2022-11-18 15:38:00,8050,8050,8050,8050,0
2022-11-18 15:39:00,8050,8050,8050,8050,0
2022-11-18 15:40:00,8050,8050,8050,8050,0
2022-11-18 15:41:00,8050,8050,8050,8050,0
2022-11-18 15:42:00,8050,8050,8050,8050,0
2022-11-18 15:43:00,8050,8050,8050,8050,0
2022-11-18 15:44:00,8050,8050,8050,8050,0
2022-11-18 15:45:00,8050,8050,8050,8050,0
2022-11-18 15:46:00,8050,8050,8050,8050,0
2022-11-18 15:47:00,8050,8050,8050,8050,0
2022-11-18 15:48:00,8050,8050,8050,8050,0
2022-11-18 15:49:00,8050,8050,8050,8050,0
2022-11-18 15:50:00,8050,8050,8050,8050,0
2022-11-18 15:51:00,8050,8050,8050,8050,0
2022-11-18 15:52:00,8050,8050,8050,8050,0
2022-11-18 15:53:00,8050,8050,8050,8050,0
2022-11-18 15:54:00,8050,8050,8050,8050,0
2022-11-18 15:55:00,8050,8050,8050,8050,0
2022-11-18 15:56:00,8050,8050,8050,8050,0
2022-11-18 15:57:00,8050,8050,8050,8050,0
2022-11-18 15:58:00,8050,8050,8050,8050,0
2022-11-18 15:59:00,8050,8050,8050,8050,0
2022-11-21 09:00:00,8050,8025,8125,8075,0
2022-11-21 09:01:00,8075,8075,8100,8100,6700
2022-11-21 09:02:00,8100,8075,8100,8100,44500
2022-11-21 09:03:00,8075,8025,8075,8050,150500
2022-11-21 09:04:00,8050,8050,8050,8050,200
2022-11-21 09:05:00,8050,8025,8050,8050,50700
2022-11-21 09:06:00,8050,8050,8075,8075,58700
2022-11-21 09:07:00,8100,8100,8125,8125,31400
2022-11-21 09:08:00,8100,8075,8125,8100,101000
2022-11-21 09:09:00,8100,8075,8100,8075,10900
2022-11-21 09:10:00,8075,8075,8075,8075,1400
2022-11-21 09:11:00,8100,8075,8100,8100,51500
2022-11-21 09:12:00,8100,8100,8125,8125,37600
2022-11-21 09:13:00,8125,8100,8125,8125,33200
2022-11-21 09:14:00,8125,8125,8125,8125,9200
2022-11-21 09:15:00,8125,8125,8125,8125,5900
2022-11-21 09:16:00,8100,8100,8125,8125,41600
2022-11-21 09:17:00,8100,8100,8125,8125,14000
2022-11-21 09:18:00,8125,8100,8125,8100,41200
2022-11-21 09:19:00,8100,8100,8100,8100,13600
2022-11-21 09:20:00,8100,8100,8100,8100,8800
2022-11-21 09:21:00,8075,8075,8100,8100,400
2022-11-21 09:22:00,8100,8075,8150,8150,74500
2022-11-21 09:23:00,8150,8125,8150,8150,17300
2022-11-21 09:24:00,8125,8125,8125,8125,28800
2022-11-21 09:25:00,8125,8125,8125,8125,200
2022-11-21 09:26:00,8150,8150,8150,8150,30500
2022-11-21 09:27:00,8150,8150,8150,8150,20400
2022-11-21 09:28:00,8150,8150,8150,8150,0
2022-11-21 09:29:00,8150,8100,8150,8100,64200
2022-11-21 09:30:00,8100,8100,8100,8100,57300
2022-11-21 09:31:00,8125,8125,8125,8125,0
2022-11-21 09:32:00,8125,8125,8125,8125,800
2022-11-21 09:33:00,8125,8100,8125,8125,2700
2022-11-21 09:34:00,8125,8100,8125,8100,10300
2022-11-21 09:35:00,8100,8100,8100,8100,0
2022-11-21 09:36:00,8100,8075,8100,8075,59900
2022-11-21 09:37:00,8100,8100,8100,8100,21300
2022-11-21 09:38:00,8100,8100,8100,8100,48100
2022-11-21 09:39:00,8100,8100,8100,8100,700
2022-11-21 09:40:00,8100,8100,8100,8100,2400
2022-11-21 09:41:00,8100,8075,8100,8075,49800
2022-11-21 09:42:00,8075,8075,8075,8075,14200
2022-11-21 09:43:00,8050,8050,8075,8075,37700
2022-11-21 09:44:00,8075,8075,8075,8075,4000
2022-11-21 09:45:00,8075,8075,8075,8075,18000
2022-11-21 09:46:00,8075,8050,8075,8075,17900
2022-11-21 09:47:00,8075,8075,8075,8075,48300
2022-11-21 09:48:00,8075,8075,8075,8075,13600
2022-11-21 09:49:00,8075,8075,8075,8075,7100
2022-11-21 09:50:00,8100,8100,8100,8100,0
2022-11-21 09:51:00,8075,8075,8075,8075,1800
2022-11-21 09:52:00,8075,8075,8075,8075,4300
2022-11-21 09:53:00,8075,8075,8100,8100,200
2022-11-21 09:54:00,8075,8075,8100,8100,700
2022-11-21 09:55:00,8075,8075,8075,8075,2300
2022-11-21 09:56:00,8075,8075,8075,8075,0
2022-11-21 09:57:00,8075,8075,8075,8075,19500
2022-11-21 09:58:00,8075,8050,8075,8050,0
2022-11-21 09:59:00,8050,8050,8050,8050,12600
2022-11-21 10:00:00,8075,8075,8075,8075,1600
2022-11-21 10:01:00,8075,8075,8075,8075,36800
2022-11-21 10:02:00,8075,8075,8075,8075,0
2022-11-21 10:03:00,8075,8075,8075,8075,14100
2022-11-21 10:04:00,8075,8075,8075,8075,0
2022-11-21 10:05:00,8100,8100,8125,8125,31300
2022-11-21 10:06:00,8100,8100,8125,8125,62700
2022-11-21 10:07:00,8125,8125,8125,8125,200
2022-11-21 10:08:00,8125,8100,8125,8100,7900
2022-11-21 10:09:00,8125,8125,8125,8125,40800
2022-11-21 10:10:00,8125,8125,8125,8125,0
2022-11-21 10:11:00,8125,8100,8125,8100,28200
2022-11-21 10:12:00,8100,8100,8100,8100,15800
2022-11-21 10:13:00,8125,8125,8125,8125,0
2022-11-21 10:14:00,8125,8125,8125,8125,3500
2022-11-21 10:15:00,8125,8125,8125,8125,100
2022-11-21 10:16:00,8125,8125,8125,8125,5900
2022-11-21 10:17:00,8125,8125,8125,8125,0
2022-11-21 10:18:00,8125,8125,8125,8125,114900
2022-11-21 10:19:00,8150,8125,8150,8125,19300
2022-11-21 10:20:00,8125,8125,8125,8125,14600
2022-11-21 10:21:00,8125,8125,8125,8125,43200
2022-11-21 10:22:00,8100,8100,8125,8125,1800
2022-11-21 10:23:00,8125,8125,8125,8125,22400
2022-11-21 10:24:00,8125,8125,8125,8125,0
2022-11-21 10:25:00,8125,8125,8125,8125,0
2022-11-21 10:26:00,8125,8125,8125,8125,31200
2022-11-21 10:27:00,8100,8100,8100,8100,55100
2022-11-21 10:28:00,8100,8100,8125,8125,47900
2022-11-21 10:29:00,8125,8125,8125,8125,0
2022-11-21 10:30:00,8125,8125,8125,8125,0
2022-11-21 10:31:00,8125,8125,8125,8125,300
2022-11-21 10:32:00,8125,8125,8125,8125,0
2022-11-21 10:33:00,8125,8125,8125,8125,0
2022-11-21 10:34:00,8150,8150,8150,8150,1000
2022-11-21 10:35:00,8150,8150,8150,8150,0
2022-11-21 10:36:00,8150,8150,8150,8150,23400
2022-11-21 10:37:00,8150,8150,8175,8175,150100
2022-11-21 10:38:00,8175,8175,8175,8175,2400
2022-11-21 10:39:00,8175,8175,8175,8175,0
2022-11-21 10:40:00,8150,8125,8150,8150,35000
2022-11-21 10:41:00,8150,8125,8150,8150,0
2022-11-21 10:42:00,8150,8150,8150,8150,6300
2022-11-21 10:43:00,8150,8150,8150,8150,0
2022-11-21 10:44:00,8175,8175,8175,8175,0
2022-11-21 10:45:00,8175,8175,8175,8175,0
2022-11-21 10:46:00,8175,8175,8175,8175,700
2022-11-21 10:47:00,8150,8150,8150,8150,2000
2022-11-21 10:48:00,8150,8150,8150,8150,2600
2022-11-21 10:49:00,8150,8150,8150,8150,0
2022-11-21 10:50:00,8150,8150,8175,8150,55400
2022-11-21 10:51:00,8150,8150,8175,8150,0
2022-11-21 10:52:00,8150,8150,8175,8150,0
2022-11-21 10:53:00,8150,8150,8150,8150,57300
2022-11-21 10:54:00,8175,8150,8175,8150,0
2022-11-21 10:55:00,8175,8150,8175,8150,0
2022-11-21 10:56:00,8150,8150,8175,8175,3600
2022-11-21 10:57:00,8150,8150,8175,8175,4400
2022-11-21 10:58:00,8175,8175,8175,8175,0
2022-11-21 10:59:00,8175,8175,8175,8175,0
2022-11-21 11:00:00,8150,8150,8175,8175,4600
2022-11-21 11:01:00,8150,8125,8150,8150,14500
2022-11-21 11:02:00,8125,8125,8150,8150,500
2022-11-21 11:03:00,8125,8125,8125,8125,60300
2022-11-21 11:04:00,8125,8125,8125,8125,0
2022-11-21 11:05:00,8125,8125,8125,8125,6700
2022-11-21 11:06:00,8150,8125,8150,8125,8000
2022-11-21 11:07:00,8150,8125,8150,8125,0
2022-11-21 11:08:00,8125,8125,8125,8125,4200
2022-11-21 11:09:00,8125,8125,8125,8125,7000
2022-11-21 11:10:00,8125,8125,8125,8125,0
2022-11-21 11:11:00,8125,8100,8125,8100,9300
2022-11-21 11:12:00,8100,8100,8100,8100,2400
2022-11-21 11:13:00,8100,8100,8100,8100,5100
2022-11-21 11:14:00,8100,8100,8100,8100,0
2022-11-21 11:15:00,8125,8125,8125,8125,16800
2022-11-21 11:16:00,8125,8125,8125,8125,31600
2022-11-21 11:17:00,8125,8125,8125,8125,10700
2022-11-21 11:18:00,8125,8125,8125,8125,0
2022-11-21 11:19:00,8100,8100,8100,8100,5200
2022-11-21 11:20:00,8100,8100,8100,8100,0
2022-11-21 11:21:00,8100,8100,8100,8100,0
2022-11-21 11:22:00,8125,8125,8150,8150,123600
2022-11-21 11:23:00,8150,8150,8200,8200,250600
2022-11-21 11:24:00,8200,8175,8225,8225,108000
2022-11-21 11:25:00,8225,8200,8225,8225,349700
2022-11-21 11:26:00,8225,8200,8225,8225,32400
2022-11-21 11:27:00,8225,8225,8225,8225,78100
2022-11-21 11:28:00,8225,8225,8250,8250,79700
2022-11-21 11:29:00,8250,8225,8250,8250,11300
2022-11-21 11:30:00,8250,8225,8250,8250,0
2022-11-21 11:31:00,8250,8225,8250,8250,0
2022-11-21 11:32:00,8250,8225,8250,8250,0
2022-11-21 11:33:00,8250,8225,8250,8250,0
2022-11-21 11:34:00,8250,8225,8250,8250,0
2022-11-21 11:35:00,8250,8225,8250,8250,0
2022-11-21 11:36:00,8250,8225,8250,8250,0
2022-11-21 11:37:00,8250,8225,8250,8250,0
2022-11-21 11:38:00,8250,8225,8250,8250,0
2022-11-21 11:39:00,8250,8225,8250,8250,0
2022-11-21 11:40:00,8250,8225,8250,8250,0
2022-11-21 11:41:00,8250,8225,8250,8250,0
2022-11-21 11:42:00,8250,8225,8250,8250,0
2022-11-21 11:43:00,8250,8225,8250,8250,0
2022-11-21 11:44:00,8250,8225,8250,8250,0
2022-11-21 11:45:00,8250,8225,8250,8250,0
2022-11-21 11:46:00,8250,8225,8250,8250,0
2022-11-21 11:47:00,8250,8225,8250,8250,0
2022-11-21 11:48:00,8250,8225,8250,8250,0
2022-11-21 11:49:00,8250,8225,8250,8250,0
2022-11-21 11:50:00,8250,8225,8250,8250,0
2022-11-21 11:51:00,8250,8225,8250,8250,0
2022-11-21 11:52:00,8250,8225,8250,8250,0
2022-11-21 11:53:00,8250,8225,8250,8250,0
2022-11-21 11:54:00,8250,8225,8250,8250,0
2022-11-21 11:55:00,8250,8225,8250,8250,0
2022-11-21 11:56:00,8250,8225,8250,8250,0
2022-11-21 11:57:00,8250,8225,8250,8250,0
2022-11-21 11:58:00,8250,8225,8250,8250,0
2022-11-21 11:59:00,8250,8225,8250,8250,0
2022-11-21 12:00:00,8250,8225,8250,8250,0
2022-11-21 12:01:00,8250,8225,8250,8250,0
2022-11-21 12:02:00,8250,8225,8250,8250,0
2022-11-21 12:03:00,8250,8225,8250,8250,0
2022-11-21 12:04:00,8250,8225,8250,8250,0
2022-11-21 12:05:00,8250,8225,8250,8250,0
2022-11-21 12:06:00,8250,8225,8250,8250,0
2022-11-21 12:07:00,8250,8225,8250,8250,0
2022-11-21 12:08:00,8250,8225,8250,8250,0
2022-11-21 12:09:00,8250,8225,8250,8250,0
2022-11-21 12:10:00,8250,8225,8250,8250,0
2022-11-21 12:11:00,8250,8225,8250,8250,0
2022-11-21 12:12:00,8250,8225,8250,8250,0
2022-11-21 12:13:00,8250,8225,8250,8250,0
2022-11-21 12:14:00,8250,8225,8250,8250,0
2022-11-21 12:15:00,8250,8225,8250,8250,0
2022-11-21 12:16:00,8250,8225,8250,8250,0
2022-11-21 12:17:00,8250,8225,8250,8250,0
2022-11-21 12:18:00,8250,8225,8250,8250,0
2022-11-21 12:19:00,8250,8225,8250,8250,0
2022-11-21 12:20:00,8250,8225,8250,8250,0
2022-11-21 12:21:00,8250,8225,8250,8250,0
2022-11-21 12:22:00,8250,8225,8250,8250,0
2022-11-21 12:23:00,8250,8225,8250,8250,0
2022-11-21 12:24:00,8250,8225,8250,8250,0
2022-11-21 12:25:00,8250,8225,8250,8250,0
2022-11-21 12:26:00,8250,8225,8250,8250,0
2022-11-21 12:27:00,8250,8225,8250,8250,0
2022-11-21 12:28:00,8250,8225,8250,8250,0
2022-11-21 12:29:00,8250,8225,8250,8250,0
2022-11-21 12:30:00,8250,8225,8250,8250,0
2022-11-21 12:31:00,8250,8225,8250,8250,0
2022-11-21 12:32:00,8250,8225,8250,8250,0
2022-11-21 12:33:00,8250,8225,8250,8250,0
2022-11-21 12:34:00,8250,8225,8250,8250,0
2022-11-21 12:35:00,8250,8225,8250,8250,0
2022-11-21 12:36:00,8250,8225,8250,8250,0
2022-11-21 12:37:00,8250,8225,8250,8250,0
2022-11-21 12:38:00,8250,8225,8250,8250,0
2022-11-21 12:39:00,8250,8225,8250,8250,0
2022-11-21 12:40:00,8250,8225,8250,8250,0
2022-11-21 12:41:00,8250,8225,8250,8250,0
2022-11-21 12:42:00,8250,8225,8250,8250,0
2022-11-21 12:43:00,8250,8225,8250,8250,0
2022-11-21 12:44:00,8250,8225,8250,8250,0
2022-11-21 12:45:00,8250,8225,8250,8250,0
2022-11-21 12:46:00,8250,8225,8250,8250,0
2022-11-21 12:47:00,8250,8225,8250,8250,0
2022-11-21 12:48:00,8250,8225,8250,8250,0
2022-11-21 12:49:00,8250,8225,8250,8250,0
2022-11-21 12:50:00,8250,8225,8250,8250,0
2022-11-21 12:51:00,8250,8225,8250,8250,0
2022-11-21 12:52:00,8250,8225,8250,8250,0
2022-11-21 12:53:00,8250,8225,8250,8250,0
2022-11-21 12:54:00,8250,8225,8250,8250,0
2022-11-21 12:55:00,8250,8225,8250,8250,0
2022-11-21 12:56:00,8250,8225,8250,8250,0
2022-11-21 12:57:00,8250,8225,8250,8250,0
2022-11-21 12:58:00,8250,8225,8250,8250,0
2022-11-21 12:59:00,8250,8225,8250,8250,0
2022-11-21 13:00:00,8250,8225,8250,8250,0
2022-11-21 13:01:00,8250,8225,8250,8250,0
2022-11-21 13:02:00,8250,8225,8250,8250,0
2022-11-21 13:03:00,8250,8225,8250,8250,0
2022-11-21 13:04:00,8250,8225,8250,8250,0
2022-11-21 13:05:00,8250,8225,8250,8250,0
2022-11-21 13:06:00,8250,8225,8250,8250,0
2022-11-21 13:07:00,8250,8225,8250,8250,0
2022-11-21 13:08:00,8250,8225,8250,8250,0
2022-11-21 13:09:00,8250,8225,8250,8250,0
2022-11-21 13:10:00,8250,8225,8250,8250,0
2022-11-21 13:11:00,8250,8225,8250,8250,0
2022-11-21 13:12:00,8250,8225,8250,8250,0
2022-11-21 13:13:00,8250,8225,8250,8250,0
2022-11-21 13:14:00,8250,8225,8250,8250,0
2022-11-21 13:15:00,8250,8225,8250,8250,0
2022-11-21 13:16:00,8250,8225,8250,8250,0
2022-11-21 13:17:00,8250,8225,8250,8250,0
2022-11-21 13:18:00,8250,8225,8250,8250,0
2022-11-21 13:19:00,8250,8225,8250,8250,0
2022-11-21 13:20:00,8250,8225,8250,8250,0
2022-11-21 13:21:00,8250,8225,8250,8250,0
2022-11-21 13:22:00,8250,8225,8250,8250,0
2022-11-21 13:23:00,8250,8225,8250,8250,0
2022-11-21 13:24:00,8250,8225,8250,8250,0
2022-11-21 13:25:00,8250,8225,8250,8250,0
2022-11-21 13:26:00,8250,8225,8250,8250,0
2022-11-21 13:27:00,8250,8225,8250,8250,0
2022-11-21 13:28:00,8250,8225,8250,8250,0
2022-11-21 13:29:00,8250,8225,8250,8250,0
2022-11-21 13:30:00,8250,8250,8375,8325,609900
2022-11-21 13:31:00,8325,8300,8350,8325,18400
2022-11-21 13:32:00,8350,8275,8350,8300,136400
2022-11-21 13:33:00,8300,8275,8325,8300,35600
2022-11-21 13:34:00,8300,8300,8300,8300,3900
2022-11-21 13:35:00,8300,8300,8300,8300,50800
2022-11-21 13:36:00,8300,8300,8350,8325,181800
2022-11-21 13:37:00,8325,8325,8325,8325,39800
2022-11-21 13:38:00,8300,8300,8300,8300,44200
2022-11-21 13:39:00,8300,8300,8325,8325,0
2022-11-21 13:40:00,8325,8300,8325,8325,140800
2022-11-21 13:41:00,8325,8325,8350,8350,200
2022-11-21 13:42:00,8325,8325,8350,8325,161200
2022-11-21 13:43:00,8300,8300,8325,8325,134700
2022-11-21 13:44:00,8325,8300,8325,8325,15800
2022-11-21 13:45:00,8350,8325,8350,8325,58900
2022-11-21 13:46:00,8325,8325,8325,8325,6100
2022-11-21 13:47:00,8300,8300,8325,8325,40100
2022-11-21 13:48:00,8325,8325,8325,8325,1700
2022-11-21 13:49:00,8325,8300,8325,8300,8700
2022-11-21 13:50:00,8300,8300,8325,8325,38400
2022-11-21 13:51:00,8325,8325,8325,8325,21500
2022-11-21 13:52:00,8325,8300,8325,8300,3600
2022-11-21 13:53:00,8300,8300,8325,8300,6100
2022-11-21 13:54:00,8300,8300,8325,8300,5200
2022-11-21 13:55:00,8300,8300,8300,8300,1300
2022-11-21 13:56:00,8300,8300,8300,8300,90000
2022-11-21 13:57:00,8300,8275,8300,8275,3800
2022-11-21 13:58:00,8300,8275,8300,8300,70000
2022-11-21 13:59:00,8325,8325,8325,8325,30800
2022-11-21 14:00:00,8325,8300,8325,8300,0
2022-11-21 14:01:00,8300,8300,8325,8300,74200
2022-11-21 14:02:00,8300,8300,8300,8300,19600
2022-11-21 14:03:00,8325,8300,8325,8300,11900
2022-11-21 14:04:00,8300,8300,8300,8300,6600
2022-11-21 14:05:00,8300,8275,8300,8275,130400
2022-11-21 14:06:00,8275,8275,8275,8275,0
2022-11-21 14:07:00,8275,8275,8300,8275,88300
2022-11-21 14:08:00,8250,8250,8275,8250,17700
2022-11-21 14:09:00,8250,8250,8300,8275,42200
2022-11-21 14:10:00,8300,8275,8300,8275,39800
2022-11-21 14:11:00,8275,8275,8300,8300,0
2022-11-21 14:12:00,8300,8300,8300,8300,4500
2022-11-21 14:13:00,8300,8300,8300,8300,0
2022-11-21 14:14:00,8300,8275,8300,8300,2300
2022-11-21 14:15:00,8300,8300,8300,8300,1600
2022-11-21 14:16:00,8300,8300,8300,8300,100
2022-11-21 14:17:00,8300,8275,8300,8275,7600
2022-11-21 14:18:00,8300,8275,8300,8275,0
2022-11-21 14:19:00,8275,8275,8300,8300,37700
2022-11-21 14:20:00,8300,8300,8300,8300,1200
2022-11-21 14:21:00,8300,8275,8300,8275,45400
2022-11-21 14:22:00,8275,8250,8275,8250,10500
2022-11-21 14:23:00,8250,8250,8275,8275,900
2022-11-21 14:24:00,8275,8275,8275,8275,0
2022-11-21 14:25:00,8275,8250,8275,8250,9800
2022-11-21 14:26:00,8275,8275,8275,8275,11400
2022-11-21 14:27:00,8275,8275,8275,8275,1900
2022-11-21 14:28:00,8275,8275,8275,8275,11200
2022-11-21 14:29:00,8300,8275,8300,8275,900
2022-11-21 14:30:00,8300,8300,8300,8300,300
2022-11-21 14:31:00,8300,8300,8300,8300,800
2022-11-21 14:32:00,8275,8275,8275,8275,6700
2022-11-21 14:33:00,8275,8275,8275,8275,0
2022-11-21 14:34:00,8275,8275,8300,8300,22500
2022-11-21 14:35:00,8300,8275,8300,8275,16900
2022-11-21 14:36:00,8275,8275,8275,8275,0
2022-11-21 14:37:00,8275,8275,8275,8275,1100
2022-11-21 14:38:00,8275,8275,8300,8300,17900
2022-11-21 14:39:00,8275,8275,8275,8275,18300
2022-11-21 14:40:00,8300,8300,8300,8300,5900
2022-11-21 14:41:00,8300,8275,8300,8275,0
2022-11-21 14:42:00,8300,8275,8300,8300,4100
2022-11-21 14:43:00,8275,8275,8275,8275,10700
2022-11-21 14:44:00,8300,8275,8300,8275,23500
2022-11-21 14:45:00,8275,8275,8300,8300,0
2022-11-21 14:46:00,8300,8275,8300,8300,5800
2022-11-21 14:47:00,8275,8275,8300,8275,5800
2022-11-21 14:48:00,8300,8275,8300,8275,8100
2022-11-21 14:49:00,8275,8275,8300,8275,32600
2022-11-21 14:50:00,8275,8275,8300,8275,0
2022-11-21 14:51:00,8275,8275,8300,8275,0
2022-11-21 14:52:00,8275,8275,8300,8275,0
2022-11-21 14:53:00,8275,8275,8300,8275,0
2022-11-21 14:54:00,8275,8275,8300,8275,0
2022-11-21 14:55:00,8275,8275,8300,8275,0
2022-11-21 14:56:00,8275,8275,8300,8275,0
2022-11-21 14:57:00,8275,8275,8300,8275,0
2022-11-21 14:58:00,8275,8275,8300,8275,0
2022-11-21 14:59:00,8275,8275,8300,8275,0
2022-11-21 15:00:00,8275,8275,8275,8275,176900
2022-11-21 15:01:00,8275,8275,8275,8275,5800
2022-11-21 15:02:00,8275,8275,8275,8275,17900
2022-11-21 15:03:00,8275,8275,8275,8275,5500
2022-11-21 15:04:00,8275,8275,8275,8275,44600
2022-11-21 15:05:00,8275,8275,8275,8275,0
2022-11-21 15:06:00,8275,8275,8275,8275,0
2022-11-21 15:07:00,8275,8275,8275,8275,0
2022-11-21 15:08:00,8275,8275,8275,8275,21900
2022-11-21 15:09:00,8275,8275,8275,8275,17000
2022-11-21 15:10:00,8275,8275,8275,8275,0
2022-11-21 15:11:00,8275,8275,8275,8275,0
2022-11-21 15:12:00,8275,8275,8275,8275,0
2022-11-21 15:13:00,8275,8275,8275,8275,500
2022-11-21 15:14:00,8275,8275,8275,8275,6544800
2022-11-21 15:15:00,8275,8275,8275,8275,0
2022-11-21 15:16:00,8275,8275,8275,8275,0
2022-11-21 15:17:00,8275,8275,8275,8275,0
2022-11-21 15:18:00,8275,8275,8275,8275,0
2022-11-21 15:19:00,8275,8275,8275,8275,0
2022-11-21 15:20:00,8275,8275,8275,8275,0
2022-11-21 15:21:00,8275,8275,8275,8275,0
2022-11-21 15:22:00,8275,8275,8275,8275,0
2022-11-21 15:23:00,8275,8275,8275,8275,0
2022-11-21 15:24:00,8275,8275,8275,8275,0
2022-11-21 15:25:00,8275,8275,8275,8275,0
2022-11-21 15:26:00,8275,8275,8275,8275,0
2022-11-21 15:27:00,8275,8275,8275,8275,0
2022-11-21 15:28:00,8275,8275,8275,8275,0
2022-11-21 15:29:00,8275,8275,8275,8275,0
2022-11-21 15:30:00,8275,8275,8275,8275,0
2022-11-21 15:31:00,8275,8275,8275,8275,0
2022-11-21 15:32:00,8275,8275,8275,8275,0
2022-11-21 15:33:00,8275,8275,8275,8275,0
2022-11-21 15:34:00,8275,8275,8275,8275,0
2022-11-21 15:35:00,8275,8275,8275,8275,0
2022-11-21 15:36:00,8275,8275,8275,8275,0
2022-11-21 15:37:00,8275,8275,8275,8275,0
2022-11-21 15:38:00,8275,8275,8275,8275,0
2022-11-21 15:39:00,8275,8275,8275,8275,0
2022-11-21 15:40:00,8275,8275,8275,8275,0
2022-11-21 15:41:00,8275,8275,8275,8275,0
2022-11-21 15:42:00,8275,8275,8275,8275,0
2022-11-21 15:43:00,8275,8275,8275,8275,0
2022-11-21 15:44:00,8275,8275,8275,8275,0
2022-11-21 15:45:00,8275,8275,8275,8275,0
2022-11-21 15:46:00,8275,8275,8275,8275,0
2022-11-21 15:47:00,8275,8275,8275,8275,0
2022-11-21 15:48:00,8275,8275,8275,8275,0
2022-11-21 15:49:00,8275,8275,8275,8275,0
2022-11-21 15:50:00,8275,8275,8275,8275,0
2022-11-21 15:51:00,8275,8275,8275,8275,0
2022-11-21 15:52:00,8275,8275,8275,8275,0
2022-11-21 15:53:00,8275,8275,8275,8275,0
2022-11-21 15:54:00,8275,8275,8275,8275,0
2022-11-21 15:55:00,8275,8275,8275,8275,0
2022-11-21 15:56:00,8275,8275,8275,8275,0
2022-11-21 15:57:00,8275,8275,8275,8275,0
2022-11-21 15:58:00,8275,8275,8275,8275,0
2022-11-21 15:59:00,8275,8275,8275,8275,0
2022-11-22 09:00:00,8275,8275,8350,8325,0
2022-11-22 09:01:00,8325,8325,8350,8350,19900
2022-11-22 09:02:00,8350,8350,8350,8350,27900
2022-11-22 09:03:00,8350,8350,8375,8375,37300
2022-11-22 09:04:00,8350,8350,8375,8350,13000
2022-11-22 09:05:00,8350,8350,8375,8375,53900
2022-11-22 09:06:00,8375,8325,8375,8350,93100
2022-11-22 09:07:00,8325,8300,8350,8325,42400
2022-11-22 09:08:00,8325,8300,8325,8325,58100
2022-11-22 09:09:00,8325,8275,8325,8275,141200
2022-11-22 09:10:00,8275,8275,8300,8300,3500
2022-11-22 09:11:00,8300,8300,8325,8325,8100
2022-11-22 09:12:00,8325,8300,8325,8300,12900
2022-11-22 09:13:00,8300,8275,8300,8275,17400
2022-11-22 09:14:00,8300,8275,8300,8275,0
2022-11-22 09:15:00,8300,8275,8300,8300,14600
2022-11-22 09:16:00,8300,8300,8300,8300,69900
2022-11-22 09:17:00,8300,8300,8325,8300,10200
2022-11-22 09:18:00,8300,8300,8325,8300,0
2022-11-22 09:19:00,8300,8300,8300,8300,6500
2022-11-22 09:20:00,8300,8300,8325,8325,7900
2022-11-22 09:21:00,8325,8300,8325,8300,4500
2022-11-22 09:22:00,8300,8300,8300,8300,25400
2022-11-22 09:23:00,8300,8275,8300,8275,3500
2022-11-22 09:24:00,8300,8300,8300,8300,1400
2022-11-22 09:25:00,8300,8300,8300,8300,3900
2022-11-22 09:26:00,8300,8275,8300,8275,200
2022-11-22 09:27:00,8300,8275,8300,8300,14100
2022-11-22 09:28:00,8300,8275,8300,8275,9700
2022-11-22 09:29:00,8275,8275,8300,8275,5600
2022-11-22 09:30:00,8275,8275,8275,8275,0
2022-11-22 09:31:00,8275,8275,8275,8275,0
2022-11-22 09:32:00,8275,8275,8300,8275,1300
2022-11-22 09:33:00,8275,8275,8300,8300,32100
2022-11-22 09:34:00,8275,8275,8300,8275,113500
2022-11-22 09:35:00,8250,8250,8250,8250,4200
2022-11-22 09:36:00,8250,8250,8275,8275,0
2022-11-22 09:37:00,8275,8275,8275,8275,2300
2022-11-22 09:38:00,8275,8275,8275,8275,8600
2022-11-22 09:39:00,8300,8275,8300,8275,100
2022-11-22 09:40:00,8300,8275,8300,8275,0
2022-11-22 09:41:00,8275,8275,8300,8300,800
2022-11-22 09:42:00,8300,8300,8300,8300,1300
2022-11-22 09:43:00,8300,8300,8300,8300,0
2022-11-22 09:44:00,8300,8300,8300,8300,100
2022-11-22 09:45:00,8300,8300,8300,8300,1900
2022-11-22 09:46:00,8300,8300,8300,8300,3400
2022-11-22 09:47:00,8300,8275,8300,8275,0
2022-11-22 09:48:00,8275,8275,8275,8275,0
2022-11-22 09:49:00,8275,8250,8300,8250,41000
2022-11-22 09:50:00,8250,8250,8250,8250,7200
2022-11-22 09:51:00,8275,8250,8275,8250,0
2022-11-22 09:52:00,8275,8250,8275,8250,0
2022-11-22 09:53:00,8250,8250,8275,8275,16100
2022-11-22 09:54:00,8250,8250,8275,8250,13400
2022-11-22 09:55:00,8250,8225,8250,8225,132100
2022-11-22 09:56:00,8225,8200,8225,8225,75600
2022-11-22 09:57:00,8225,8225,8250,8250,8300
2022-11-22 09:58:00,8250,8250,8275,8275,2100
2022-11-22 09:59:00,8250,8250,8275,8275,0
2022-11-22 10:00:00,8250,8225,8250,8225,46400
2022-11-22 10:01:00,8250,8250,8250,8250,0
2022-11-22 10:02:00,8250,8250,8250,8250,2800
2022-11-22 10:03:00,8250,8250,8250,8250,300
2022-11-22 10:04:00,8250,8250,8250,8250,5300
2022-11-22 10:05:00,8250,8250,8250,8250,7400
2022-11-22 10:06:00,8250,8250,8250,8250,1500
2022-11-22 10:07:00,8250,8250,8250,8250,0
2022-11-22 10:08:00,8250,8250,8250,8250,1900
2022-11-22 10:09:00,8250,8250,8250,8250,3500
2022-11-22 10:10:00,8250,8250,8250,8250,0
2022-11-22 10:11:00,8250,8250,8250,8250,0
2022-11-22 10:12:00,8225,8225,8250,8250,44300
2022-11-22 10:13:00,8250,8250,8250,8250,4000
2022-11-22 10:14:00,8250,8250,8250,8250,0
2022-11-22 10:15:00,8250,8250,8250,8250,500
2022-11-22 10:16:00,8250,8250,8250,8250,2100
2022-11-22 10:17:00,8250,8250,8250,8250,11700
2022-11-22 10:18:00,8250,8250,8250,8250,6000
2022-11-22 10:19:00,8250,8250,8250,8250,0
2022-11-22 10:20:00,8250,8250,8250,8250,300
2022-11-22 10:21:00,8225,8225,8225,8225,100
2022-11-22 10:22:00,8225,8225,8225,8225,300
2022-11-22 10:23:00,8225,8225,8225,8225,0
2022-11-22 10:24:00,8225,8225,8250,8250,15900
2022-11-22 10:25:00,8250,8250,8250,8250,0
2022-11-22 10:26:00,8250,8250,8250,8250,0
2022-11-22 10:27:00,8250,8250,8250,8250,1000
2022-11-22 10:28:00,8275,8250,8275,8250,1300
2022-11-22 10:29:00,8250,8250,8250,8250,0
2022-11-22 10:30:00,8250,8250,8250,8250,800
2022-11-22 10:31:00,8275,8275,8275,8275,12900
2022-11-22 10:32:00,8300,8300,8300,8300,100
2022-11-22 10:33:00,8300,8300,8300,8300,1900
2022-11-22 10:34:00,8300,8300,8300,8300,200
2022-11-22 10:35:00,8300,8300,8300,8300,0
2022-11-22 10:36:00,8300,8300,8300,8300,0
2022-11-22 10:37:00,8300,8300,8300,8300,0
2022-11-22 10:38:00,8300,8300,8300,8300,0
2022-11-22 10:39:00,8300,8300,8300,8300,0
2022-11-22 10:40:00,8300,8300,8300,8300,0
2022-11-22 10:41:00,8275,8275,8300,8275,2400
2022-11-22 10:42:00,8275,8275,8300,8275,0
2022-11-22 10:43:00,8275,8275,8275,8275,300
2022-11-22 10:44:00,8275,8275,8275,8275,1600
2022-11-22 10:45:00,8275,8275,8275,8275,0
2022-11-22 10:46:00,8250,8250,8250,8250,60600
2022-11-22 10:47:00,8250,8250,8250,8250,0
2022-11-22 10:48:00,8250,8250,8250,8250,900
2022-11-22 10:49:00,8250,8250,8250,8250,0
2022-11-22 10:50:00,8275,8250,8275,8250,1000
2022-11-22 10:51:00,8275,8250,8275,8250,0
2022-11-22 10:52:00,8275,8275,8275,8275,800
2022-11-22 10:53:00,8250,8250,8250,8250,5200
2022-11-22 10:54:00,8250,8250,8250,8250,17500
2022-11-22 10:55:00,8275,8275,8300,8275,27600
2022-11-22 10:56:00,8275,8275,8300,8300,30200
2022-11-22 10:57:00,8300,8275,8300,8275,2200
2022-11-22 10:58:00,8275,8275,8275,8275,4000
2022-11-22 10:59:00,8275,8275,8275,8275,2400
2022-11-22 11:00:00,8275,8250,8275,8250,700
2022-11-22 11:01:00,8275,8250,8275,8250,0
2022-11-22 11:02:00,8250,8250,8250,8250,300
2022-11-22 11:03:00,8250,8250,8250,8250,0
2022-11-22 11:04:00,8275,8275,8275,8275,1300
2022-11-22 11:05:00,8300,8300,8300,8300,200
2022-11-22 11:06:00,8300,8300,8300,8300,0
2022-11-22 11:07:00,8300,8300,8300,8300,0
2022-11-22 11:08:00,8275,8275,8275,8275,5400
2022-11-22 11:09:00,8275,8275,8275,8275,0
2022-11-22 11:10:00,8300,8300,8300,8300,400
2022-11-22 11:11:00,8300,8300,8300,8300,0
2022-11-22 11:12:00,8275,8275,8275,8275,1000
2022-11-22 11:13:00,8275,8250,8275,8275,49700
2022-11-22 11:14:00,8250,8250,8250,8250,0
2022-11-22 11:15:00,8250,8250,8250,8250,300
2022-11-22 11:16:00,8250,8250,8250,8250,0
2022-11-22 11:17:00,8250,8250,8250,8250,300
2022-11-22 11:18:00,8250,8250,8250,8250,0
2022-11-22 11:19:00,8250,8250,8250,8250,100
2022-11-22 11:20:00,8250,8250,8250,8250,100
2022-11-22 11:21:00,8250,8250,8250,8250,300
2022-11-22 11:22:00,8275,8250,8275,8250,1500
2022-11-22 11:23:00,8250,8250,8250,8250,800
2022-11-22 11:24:00,8250,8250,8250,8250,0
2022-11-22 11:25:00,8250,8250,8250,8250,300
2022-11-22 11:26:00,8250,8250,8250,8250,0
2022-11-22 11:27:00,8250,8250,8275,8250,1100
2022-11-22 11:28:00,8250,8250,8275,8275,200
2022-11-22 11:29:00,8275,8250,8275,8250,1300
2022-11-22 11:30:00,8275,8250,8275,8250,0
2022-11-22 11:31:00,8275,8250,8275,8250,0
2022-11-22 11:32:00,8275,8250,8275,8250,0
2022-11-22 11:33:00,8275,8250,8275,8250,0
2022-11-22 11:34:00,8275,8250,8275,8250,0
2022-11-22 11:35:00,8275,8250,8275,8250,0
2022-11-22 11:36:00,8275,8250,8275,8250,0
2022-11-22 11:37:00,8275,8250,8275,8250,0
2022-11-22 11:38:00,8275,8250,8275,8250,0
2022-11-22 11:39:00,8275,8250,8275,8250,0
2022-11-22 11:40:00,8275,8250,8275,8250,0
2022-11-22 11:41:00,8275,8250,8275,8250,0
2022-11-22 11:42:00,8275,8250,8275,8250,0
2022-11-22 11:43:00,8275,8250,8275,8250,0
2022-11-22 11:44:00,8275,8250,8275,8250,0
2022-11-22 11:45:00,8275,8250,8275,8250,0
2022-11-22 11:46:00,8275,8250,8275,8250,0
2022-11-22 11:47:00,8275,8250,8275,8250,0
2022-11-22 11:48:00,8275,8250,8275,8250,0
2022-11-22 11:49:00,8275,8250,8275,8250,0
2022-11-22 11:50:00,8275,8250,8275,8250,0
2022-11-22 11:51:00,8275,8250,8275,8250,0
2022-11-22 11:52:00,8275,8250,8275,8250,0
2022-11-22 11:53:00,8275,8250,8275,8250,0
2022-11-22 11:54:00,8275,8250,8275,8250,0
2022-11-22 11:55:00,8275,8250,8275,8250,0
2022-11-22 11:56:00,8275,8250,8275,8250,0
2022-11-22 11:57:00,8275,8250,8275,8250,0
2022-11-22 11:58:00,8275,8250,8275,8250,0
2022-11-22 11:59:00,8275,8250,8275,8250,0
2022-11-22 12:00:00,8275,8250,8275,8250,0
2022-11-22 12:01:00,8275,8250,8275,8250,0
2022-11-22 12:02:00,8275,8250,8275,8250,0
2022-11-22 12:03:00,8275,8250,8275,8250,0
2022-11-22 12:04:00,8275,8250,8275,8250,0
2022-11-22 12:05:00,8275,8250,8275,8250,0
2022-11-22 12:06:00,8275,8250,8275,8250,0
2022-11-22 12:07:00,8275,8250,8275,8250,0
2022-11-22 12:08:00,8275,8250,8275,8250,0
2022-11-22 12:09:00,8275,8250,8275,8250,0
2022-11-22 12:10:00,8275,8250,8275,8250,0
2022-11-22 12:11:00,8275,8250,8275,8250,0
2022-11-22 12:12:00,8275,8250,8275,8250,0
2022-11-22 12:13:00,8275,8250,8275,8250,0
2022-11-22 12:14:00,8275,8250,8275,8250,0
2022-11-22 12:15:00,8275,8250,8275,8250,0
2022-11-22 12:16:00,8275,8250,8275,8250,0
2022-11-22 12:17:00,8275,8250,8275,8250,0
2022-11-22 12:18:00,8275,8250,8275,8250,0
2022-11-22 12:19:00,8275,8250,8275,8250,0
2022-11-22 12:20:00,8275,8250,8275,8250,0
2022-11-22 12:21:00,8275,8250,8275,8250,0
2022-11-22 12:22:00,8275,8250,8275,8250,0
2022-11-22 12:23:00,8275,8250,8275,8250,0
2022-11-22 12:24:00,8275,8250,8275,8250,0
2022-11-22 12:25:00,8275,8250,8275,8250,0
2022-11-22 12:26:00,8275,8250,8275,8250,0
2022-11-22 12:27:00,8275,8250,8275,8250,0
2022-11-22 12:28:00,8275,8250,8275,8250,0
2022-11-22 12:29:00,8275,8250,8275,8250,0
2022-11-22 12:30:00,8275,8250,8275,8250,0
2022-11-22 12:31:00,8275,8250,8275,8250,0
2022-11-22 12:32:00,8275,8250,8275,8250,0
2022-11-22 12:33:00,8275,8250,8275,8250,0
2022-11-22 12:34:00,8275,8250,8275,8250,0
2022-11-22 12:35:00,8275,8250,8275,8250,0
2022-11-22 12:36:00,8275,8250,8275,8250,0
2022-11-22 12:37:00,8275,8250,8275,8250,0
2022-11-22 12:38:00,8275,8250,8275,8250,0
2022-11-22 12:39:00,8275,8250,8275,8250,0
2022-11-22 12:40:00,8275,8250,8275,8250,0
2022-11-22 12:41:00,8275,8250,8275,8250,0
2022-11-22 12:42:00,8275,8250,8275,8250,0
2022-11-22 12:43:00,8275,8250,8275,8250,0
2022-11-22 12:44:00,8275,8250,8275,8250,0
2022-11-22 12:45:00,8275,8250,8275,8250,0
2022-11-22 12:46:00,8275,8250,8275,8250,0
2022-11-22 12:47:00,8275,8250,8275,8250,0
2022-11-22 12:48:00,8275,8250,8275,8250,0
2022-11-22 12:49:00,8275,8250,8275,8250,0
2022-11-22 12:50:00,8275,8250,8275,8250,0
2022-11-22 12:51:00,8275,8250,8275,8250,0
2022-11-22 12:52:00,8275,8250,8275,8250,0
2022-11-22 12:53:00,8275,8250,8275,8250,0
2022-11-22 12:54:00,8275,8250,8275,8250,0
2022-11-22 12:55:00,8275,8250,8275,8250,0
2022-11-22 12:56:00,8275,8250,8275,8250,0
2022-11-22 12:57:00,8275,8250,8275,8250,0
2022-11-22 12:58:00,8275,8250,8275,8250,0
2022-11-22 12:59:00,8275,8250,8275,8250,0
2022-11-22 13:00:00,8275,8250,8275,8250,0
2022-11-22 13:01:00,8275,8250,8275,8250,0
2022-11-22 13:02:00,8275,8250,8275,8250,0
2022-11-22 13:03:00,8275,8250,8275,8250,0
2022-11-22 13:04:00,8275,8250,8275,8250,0
2022-11-22 13:05:00,8275,8250,8275,8250,0
2022-11-22 13:06:00,8275,8250,8275,8250,0
2022-11-22 13:07:00,8275,8250,8275,8250,0
2022-11-22 13:08:00,8275,8250,8275,8250,0
2022-11-22 13:09:00,8275,8250,8275,8250,0
2022-11-22 13:10:00,8275,8250,8275,8250,0
2022-11-22 13:11:00,8275,8250,8275,8250,0
2022-11-22 13:12:00,8275,8250,8275,8250,0
2022-11-22 13:13:00,8275,8250,8275,8250,0
2022-11-22 13:14:00,8275,8250,8275,8250,0
2022-11-22 13:15:00,8275,8250,8275,8250,0
2022-11-22 13:16:00,8275,8250,8275,8250,0
2022-11-22 13:17:00,8275,8250,8275,8250,0
2022-11-22 13:18:00,8275,8250,8275,8250,0
2022-11-22 13:19:00,8275,8250,8275,8250,0
2022-11-22 13:20:00,8275,8250,8275,8250,0
2022-11-22 13:21:00,8275,8250,8275,8250,0
2022-11-22 13:22:00,8275,8250,8275,8250,0
2022-11-22 13:23:00,8275,8250,8275,8250,0
2022-11-22 13:24:00,8275,8250,8275,8250,0
2022-11-22 13:25:00,8275,8250,8275,8250,0
2022-11-22 13:26:00,8275,8250,8275,8250,0
2022-11-22 13:27:00,8275,8250,8275,8250,0
2022-11-22 13:28:00,8275,8250,8275,8250,0
2022-11-22 13:29:00,8275,8250,8275,8250,0
2022-11-22 13:30:00,8275,8275,8300,8275,73000
2022-11-22 13:31:00,8275,8275,8275,8275,0
2022-11-22 13:32:00,8275,8275,8275,8275,0
2022-11-22 13:33:00,8275,8275,8275,8275,0
2022-11-22 13:34:00,8275,8275,8275,8275,1640600
2022-11-22 13:35:00,8275,8275,8275,8275,0
2022-11-22 13:36:00,8275,8275,8275,8275,0
2022-11-22 13:37:00,8275,8275,8275,8275,0
2022-11-22 13:38:00,8275,8275,8275,8275,0
2022-11-22 13:39:00,8250,8250,8250,8250,19000
2022-11-22 13:40:00,8250,8250,8275,8275,62600
2022-11-22 13:41:00,8275,8250,8275,8250,6900
2022-11-22 13:42:00,8250,8250,8275,8250,2400
2022-11-22 13:43:00,8250,8250,8250,8250,64100
2022-11-22 13:44:00,8250,8250,8250,8250,0
2022-11-22 13:45:00,8250,8250,8250,8250,0
2022-11-22 13:46:00,8250,8250,8250,8250,0
2022-11-22 13:47:00,8250,8250,8250,8250,1400
2022-11-22 13:48:00,8275,8275,8275,8275,500
2022-11-22 13:49:00,8250,8250,8250,8250,100
2022-11-22 13:50:00,8250,8250,8250,8250,0
2022-11-22 13:51:00,8250,8250,8250,8250,900
2022-11-22 13:52:00,8250,8250,8275,8275,900
2022-11-22 13:53:00,8250,8250,8275,8275,0
2022-11-22 13:54:00,8250,8250,8250,8250,12300
2022-11-22 13:55:00,8275,8275,8275,8275,0
2022-11-22 13:56:00,8275,8275,8275,8275,0
2022-11-22 13:57:00,8275,8250,8275,8250,200
2022-11-22 13:58:00,8275,8275,8275,8275,1000
2022-11-22 13:59:00,8275,8275,8275,8275,600
2022-11-22 14:00:00,8250,8250,8275,8275,2600
2022-11-22 14:01:00,8250,8250,8250,8250,1400
2022-11-22 14:02:00,8275,8250,8275,8250,1200
2022-11-22 14:03:00,8275,8250,8275,8250,0
2022-11-22 14:04:00,8275,8275,8275,8275,1300
2022-11-22 14:05:00,8275,8275,8275,8275,900
2022-11-22 14:06:00,8275,8275,8275,8275,0
2022-11-22 14:07:00,8250,8250,8275,8275,35400
2022-11-22 14:08:00,8275,8250,8275,8250,28800
2022-11-22 14:09:00,8275,8250,8275,8250,0
2022-11-22 14:10:00,8250,8225,8275,8225,144500
2022-11-22 14:11:00,8250,8250,8250,8250,0
2022-11-22 14:12:00,8225,8225,8225,8225,20900
2022-11-22 14:13:00,8225,8225,8225,8225,400
2022-11-22 14:14:00,8225,8225,8250,8225,63900
2022-11-22 14:15:00,8250,8225,8250,8225,1200
2022-11-22 14:16:00,8225,8225,8225,8225,0
2022-11-22 14:17:00,8225,8225,8225,8225,4100
2022-11-22 14:18:00,8225,8225,8250,8250,4100
2022-11-22 14:19:00,8225,8225,8250,8250,0
2022-11-22 14:20:00,8225,8225,8250,8250,0
2022-11-22 14:21:00,8250,8250,8250,8250,0
2022-11-22 14:22:00,8250,8250,8250,8250,0
2022-11-22 14:23:00,8250,8250,8250,8250,12900
2022-11-22 14:24:00,8225,8225,8225,8225,0
2022-11-22 14:25:00,8225,8225,8225,8225,4300
2022-11-22 14:26:00,8225,8225,8225,8225,2200
2022-11-22 14:27:00,8250,8250,8250,8250,0
2022-11-22 14:28:00,8225,8225,8250,8250,400
2022-11-22 14:29:00,8225,8225,8250,8250,2000
2022-11-22 14:30:00,8225,8225,8225,8225,200
2022-11-22 14:31:00,8250,8250,8250,8250,700
2022-11-22 14:32:00,8250,8250,8250,8250,0
2022-11-22 14:33:00,8225,8225,8250,8225,2900
2022-11-22 14:34:00,8225,8225,8250,8225,2100
2022-11-22 14:35:00,8225,8225,8250,8250,800
2022-11-22 14:36:00,8225,8225,8225,8225,92600
2022-11-22 14:37:00,8200,8200,8200,8200,100
2022-11-22 14:38:00,8225,8225,8225,8225,3000
2022-11-22 14:39:00,8225,8200,8225,8200,1400
2022-11-22 14:40:00,8200,8200,8200,8200,57300
2022-11-22 14:41:00,8225,8200,8225,8200,11100
2022-11-22 14:42:00,8225,8225,8225,8225,0
2022-11-22 14:43:00,8225,8225,8225,8225,0
2022-11-22 14:44:00,8225,8200,8225,8225,12000
2022-11-22 14:45:00,8225,8200,8225,8225,5300
2022-11-22 14:46:00,8200,8175,8200,8175,289800
2022-11-22 14:47:00,8200,8175,8200,8175,29300
2022-11-22 14:48:00,8175,8175,8225,8200,56800
2022-11-22 14:49:00,8225,8200,8225,8200,7300
2022-11-22 14:50:00,8225,8200,8225,8200,0
2022-11-22 14:51:00,8225,8200,8225,8200,0
2022-11-22 14:52:00,8225,8200,8225,8200,0
2022-11-22 14:53:00,8225,8200,8225,8200,0
2022-11-22 14:54:00,8225,8200,8225,8200,0
2022-11-22 14:55:00,8225,8200,8225,8200,0
2022-11-22 14:56:00,8225,8200,8225,8200,0
2022-11-22 14:57:00,8225,8200,8225,8200,0
2022-11-22 14:58:00,8225,8200,8225,8200,0
2022-11-22 14:59:00,8225,8200,8225,8200,0
2022-11-22 15:00:00,8225,8225,8225,8225,116400
2022-11-22 15:01:00,8225,8225,8225,8225,22100
2022-11-22 15:02:00,8225,8225,8225,8225,15900
2022-11-22 15:03:00,8225,8225,8225,8225,1700
2022-11-22 15:04:00,8225,8225,8225,8225,1000
2022-11-22 15:05:00,8225,8225,8225,8225,0
2022-11-22 15:06:00,8225,8225,8225,8225,0
2022-11-22 15:07:00,8225,8225,8225,8225,1200
2022-11-22 15:08:00,8225,8225,8225,8225,2873100
2022-11-22 15:09:00,8225,8225,8225,8225,0
2022-11-22 15:10:00,8225,8225,8225,8225,0
2022-11-22 15:11:00,8225,8225,8225,8225,0
2022-11-22 15:12:00,8225,8225,8225,8225,0
2022-11-22 15:13:00,8225,8225,8225,8225,0
2022-11-22 15:14:00,8225,8225,8225,8225,0
2022-11-22 15:15:00,8225,8225,8225,8225,0
2022-11-22 15:16:00,8225,8225,8225,8225,0
2022-11-22 15:17:00,8225,8225,8225,8225,0
2022-11-22 15:18:00,8225,8225,8225,8225,0
2022-11-22 15:19:00,8225,8225,8225,8225,0
2022-11-22 15:20:00,8225,8225,8225,8225,0
2022-11-22 15:21:00,8225,8225,8225,8225,0
2022-11-22 15:22:00,8225,8225,8225,8225,0
2022-11-22 15:23:00,8225,8225,8225,8225,0
2022-11-22 15:24:00,8225,8225,8225,8225,0
2022-11-22 15:25:00,8225,8225,8225,8225,0
2022-11-22 15:26:00,8225,8225,8225,8225,0
2022-11-22 15:27:00,8225,8225,8225,8225,0
2022-11-22 15:28:00,8225,8225,8225,8225,0
2022-11-22 15:29:00,8225,8225,8225,8225,0
2022-11-22 15:30:00,8225,8225,8225,8225,0
2022-11-22 15:31:00,8225,8225,8225,8225,0
2022-11-22 15:32:00,8225,8225,8225,8225,0
2022-11-22 15:33:00,8225,8225,8225,8225,0
2022-11-22 15:34:00,8225,8225,8225,8225,0
2022-11-22 15:35:00,8225,8225,8225,8225,0
2022-11-22 15:36:00,8225,8225,8225,8225,0
2022-11-22 15:37:00,8225,8225,8225,8225,0
2022-11-22 15:38:00,8225,8225,8225,8225,0
2022-11-22 15:39:00,8225,8225,8225,8225,0
2022-11-22 15:40:00,8225,8225,8225,8225,0
2022-11-22 15:41:00,8225,8225,8225,8225,0
2022-11-22 15:42:00,8225,8225,8225,8225,0
2022-11-22 15:43:00,8225,8225,8225,8225,0
2022-11-22 15:44:00,8225,8225,8225,8225,0
2022-11-22 15:45:00,8225,8225,8225,8225,0
2022-11-22 15:46:00,8225,8225,8225,8225,0
2022-11-22 15:47:00,8225,8225,8225,8225,0
2022-11-22 15:48:00,8225,8225,8225,8225,0
2022-11-22 15:49:00,8225,8225,8225,8225,0
2022-11-22 15:50:00,8225,8225,8225,8225,0
2022-11-22 15:51:00,8225,8225,8225,8225,0
2022-11-22 15:52:00,8225,8225,8225,8225,0
2022-11-22 15:53:00,8225,8225,8225,8225,0
2022-11-22 15:54:00,8225,8225,8225,8225,0
2022-11-22 15:55:00,8225,8225,8225,8225,0
2022-11-22 15:56:00,8225,8225,8225,8225,0
2022-11-22 15:57:00,8225,8225,8225,8225,0
2022-11-22 15:58:00,8225,8225,8225,8225,0
2022-11-22 15:59:00,8225,8225,8225,8225,0
2022-11-23 09:00:00,8225,8200,8250,8200,0
2022-11-23 09:01:00,8200,8200,8225,8225,1000
2022-11-23 09:02:00,8225,8225,8250,8250,55000
2022-11-23 09:03:00,8250,8225,8250,8225,12400
2022-11-23 09:04:00,8250,8250,8250,8250,0
2022-11-23 09:05:00,8250,8250,8250,8250,43900
2022-11-23 09:06:00,8250,8225,8250,8225,13300
2022-11-23 09:07:00,8250,8250,8250,8250,20900
2022-11-23 09:08:00,8250,8250,8250,8250,3100
2022-11-23 09:09:00,8250,8250,8250,8250,17200
2022-11-23 09:10:00,8250,8250,8250,8250,500
2022-11-23 09:11:00,8250,8250,8250,8250,4700
2022-11-23 09:12:00,8275,8275,8275,8275,0
2022-11-23 09:13:00,8275,8275,8275,8275,11700
2022-11-23 09:14:00,8275,8275,8275,8275,34400
2022-11-23 09:15:00,8275,8275,8275,8275,0
2022-11-23 09:16:00,8275,8275,8275,8275,0
2022-11-23 09:17:00,8250,8250,8250,8250,0
2022-11-23 09:18:00,8250,8250,8250,8250,3400
2022-11-23 09:19:00,8275,8275,8275,8275,600
2022-11-23 09:20:00,8275,8275,8275,8275,1800
2022-11-23 09:21:00,8250,8250,8250,8250,0
2022-11-23 09:22:00,8250,8250,8250,8250,3300
2022-11-23 09:23:00,8250,8225,8250,8225,35400
2022-11-23 09:24:00,8225,8225,8225,8225,2200
2022-11-23 09:25:00,8250,8250,8250,8250,100
2022-11-23 09:26:00,8250,8250,8250,8250,3900
2022-11-23 09:27:00,8250,8250,8250,8250,0
2022-11-23 09:28:00,8225,8225,8225,8225,18000
2022-11-23 09:29:00,8225,8225,8225,8225,0
2022-11-23 09:30:00,8225,8225,8250,8250,2700
2022-11-23 09:31:00,8225,8225,8225,8225,2200
2022-11-23 09:32:00,8225,8225,8225,8225,48400
2022-11-23 09:33:00,8225,8225,8225,8225,0
2022-11-23 09:34:00,8225,8225,8225,8225,12900
2022-11-23 09:35:00,8225,8225,8225,8225,0
2022-11-23 09:36:00,8225,8225,8225,8225,1300
2022-11-23 09:37:00,8225,8225,8225,8225,900
2022-11-23 09:38:00,8225,8225,8225,8225,24100
2022-11-23 09:39:00,8225,8225,8225,8225,900
2022-11-23 09:40:00,8225,8225,8250,8225,6400
2022-11-23 09:41:00,8225,8225,8250,8225,0
2022-11-23 09:42:00,8225,8225,8225,8225,300
2022-11-23 09:43:00,8225,8225,8225,8225,8100
2022-11-23 09:44:00,8225,8225,8225,8225,0
2022-11-23 09:45:00,8225,8225,8225,8225,200
2022-11-23 09:46:00,8225,8225,8225,8225,3300
2022-11-23 09:47:00,8225,8200,8225,8225,2800
2022-11-23 09:48:00,8225,8225,8225,8225,300
2022-11-23 09:49:00,8225,8225,8225,8225,0
2022-11-23 09:50:00,8225,8225,8225,8225,0
2022-11-23 09:51:00,8225,8225,8225,8225,0
2022-11-23 09:52:00,8225,8225,8225,8225,200
2022-11-23 09:53:00,8225,8225,8225,8225,2300
2022-11-23 09:54:00,8225,8225,8225,8225,0
2022-11-23 09:55:00,8225,8225,8225,8225,1200
2022-11-23 09:56:00,8225,8225,8225,8225,200
2022-11-23 09:57:00,8225,8225,8225,8225,0
2022-11-23 09:58:00,8225,8225,8225,8225,0
2022-11-23 09:59:00,8225,8225,8225,8225,0
2022-11-23 10:00:00,8225,8225,8225,8225,0
2022-11-23 10:01:00,8225,8225,8225,8225,8100
2022-11-23 10:02:00,8225,8225,8225,8225,0
2022-11-23 10:03:00,8225,8225,8225,8225,21000
2022-11-23 10:04:00,8225,8200,8225,8200,3300
2022-11-23 10:05:00,8225,8225,8225,8225,50900
2022-11-23 10:06:00,8225,8225,8225,8225,44600
2022-11-23 10:07:00,8225,8225,8225,8225,2500
2022-11-23 10:08:00,8225,8225,8225,8225,5200
2022-11-23 10:09:00,8250,8225,8250,8225,200
2022-11-23 10:10:00,8225,8225,8250,8225,71800
2022-11-23 10:11:00,8225,8225,8250,8225,0
2022-11-23 10:12:00,8225,8225,8225,8225,2400
2022-11-23 10:13:00,8225,8225,8225,8225,0
2022-11-23 10:14:00,8225,8225,8225,8225,0
2022-11-23 10:15:00,8225,8225,8225,8225,0
2022-11-23 10:16:00,8225,8225,8225,8225,0
2022-11-23 10:17:00,8250,8250,8250,8250,100
2022-11-23 10:18:00,8225,8200,8225,8225,56900
2022-11-23 10:19:00,8225,8200,8225,8200,3600
2022-11-23 10:20:00,8225,8225,8225,8225,66700
2022-11-23 10:21:00,8225,8225,8225,8225,600
2022-11-23 10:22:00,8225,8225,8225,8225,400
2022-11-23 10:23:00,8225,8225,8225,8225,1900
2022-11-23 10:24:00,8225,8225,8225,8225,45000
2022-11-23 10:25:00,8225,8225,8225,8225,0
2022-11-23 10:26:00,8225,8225,8225,8225,20500
2022-11-23 10:27:00,8225,8225,8225,8225,3700
2022-11-23 10:28:00,8225,8225,8225,8225,0
2022-11-23 10:29:00,8225,8225,8225,8225,0
2022-11-23 10:30:00,8225,8225,8225,8225,3600
2022-11-23 10:31:00,8225,8225,8225,8225,0
2022-11-23 10:32:00,8225,8225,8225,8225,0
2022-11-23 10:33:00,8250,8225,8250,8225,6100
2022-11-23 10:34:00,8225,8225,8225,8225,0
2022-11-23 10:35:00,8225,8225,8225,8225,25700
2022-11-23 10:36:00,8200,8200,8225,8225,16400
2022-11-23 10:37:00,8225,8225,8225,8225,33300
2022-11-23 10:38:00,8225,8225,8225,8225,0
2022-11-23 10:39:00,8225,8225,8225,8225,200
2022-11-23 10:40:00,8225,8225,8225,8225,0
2022-11-23 10:41:00,8225,8225,8225,8225,200
2022-11-23 10:42:00,8225,8225,8225,8225,200
2022-11-23 10:43:00,8225,8225,8225,8225,0
2022-11-23 10:44:00,8225,8225,8225,8225,1800
2022-11-23 10:45:00,8225,8225,8225,8225,0
2022-11-23 10:46:00,8225,8225,8225,8225,0
2022-11-23 10:47:00,8225,8225,8225,8225,0
2022-11-23 10:48:00,8225,8225,8250,8250,9100
2022-11-23 10:49:00,8250,8225,8250,8225,0
2022-11-23 10:50:00,8225,8225,8225,8225,36600
2022-11-23 10:51:00,8225,8225,8225,8225,0
2022-11-23 10:52:00,8225,8225,8225,8225,50900
2022-11-23 10:53:00,8225,8225,8225,8225,24500
2022-11-23 10:54:00,8225,8225,8250,8250,1100
2022-11-23 10:55:00,8225,8225,8225,8225,800
2022-11-23 10:56:00,8225,8225,8225,8225,19600
2022-11-23 10:57:00,8225,8225,8225,8225,0
2022-11-23 10:58:00,8225,8225,8225,8225,0
2022-11-23 10:59:00,8225,8225,8225,8225,0
2022-11-23 11:00:00,8225,8225,8225,8225,0
2022-11-23 11:01:00,8225,8225,8225,8225,2000
2022-11-23 11:02:00,8225,8225,8225,8225,200
2022-11-23 11:03:00,8225,8225,8225,8225,600
2022-11-23 11:04:00,8225,8225,8225,8225,0
2022-11-23 11:05:00,8250,8225,8250,8225,1400
2022-11-23 11:06:00,8225,8225,8250,8250,46600
2022-11-23 11:07:00,8250,8250,8250,8250,2200
2022-11-23 11:08:00,8250,8250,8250,8250,6300
2022-11-23 11:09:00,8225,8225,8225,8225,0
2022-11-23 11:10:00,8225,8225,8225,8225,0
2022-11-23 11:11:00,8225,8225,8225,8225,200
2022-11-23 11:12:00,8250,8250,8250,8250,100
2022-11-23 11:13:00,8225,8225,8225,8225,9900
2022-11-23 11:14:00,8225,8225,8225,8225,0
2022-11-23 11:15:00,8250,8250,8250,8250,0
2022-11-23 11:16:00,8250,8250,8250,8250,0
2022-11-23 11:17:00,8250,8250,8250,8250,0
2022-11-23 11:18:00,8250,8250,8250,8250,6800
2022-11-23 11:19:00,8250,8250,8250,8250,600
2022-11-23 11:20:00,8250,8250,8250,8250,400
2022-11-23 11:21:00,8225,8225,8225,8225,100
2022-11-23 11:22:00,8250,8250,8250,8250,400
2022-11-23 11:23:00,8250,8250,8250,8250,0
2022-11-23 11:24:00,8250,8250,8250,8250,100
2022-11-23 11:25:00,8250,8250,8250,8250,0
2022-11-23 11:26:00,8250,8250,8250,8250,0
2022-11-23 11:27:00,8250,8225,8275,8275,5400
2022-11-23 11:28:00,8275,8250,8275,8250,400
2022-11-23 11:29:00,8275,8250,8275,8250,100
2022-11-23 11:30:00,8275,8250,8275,8250,0
2022-11-23 11:31:00,8275,8250,8275,8250,0
2022-11-23 11:32:00,8275,8250,8275,8250,0
2022-11-23 11:33:00,8275,8250,8275,8250,0
2022-11-23 11:34:00,8275,8250,8275,8250,0
2022-11-23 11:35:00,8275,8250,8275,8250,0
2022-11-23 11:36:00,8275,8250,8275,8250,0
2022-11-23 11:37:00,8275,8250,8275,8250,0
2022-11-23 11:38:00,8275,8250,8275,8250,0
2022-11-23 11:39:00,8275,8250,8275,8250,0
2022-11-23 11:40:00,8275,8250,8275,8250,0
2022-11-23 11:41:00,8275,8250,8275,8250,0
2022-11-23 11:42:00,8275,8250,8275,8250,0
2022-11-23 11:43:00,8275,8250,8275,8250,0
2022-11-23 11:44:00,8275,8250,8275,8250,0
2022-11-23 11:45:00,8275,8250,8275,8250,0
2022-11-23 11:46:00,8275,8250,8275,8250,0
2022-11-23 11:47:00,8275,8250,8275,8250,0
2022-11-23 11:48:00,8275,8250,8275,8250,0
2022-11-23 11:49:00,8275,8250,8275,8250,0
2022-11-23 11:50:00,8275,8250,8275,8250,0
2022-11-23 11:51:00,8275,8250,8275,8250,0
2022-11-23 11:52:00,8275,8250,8275,8250,0
2022-11-23 11:53:00,8275,8250,8275,8250,0
2022-11-23 11:54:00,8275,8250,8275,8250,0
2022-11-23 11:55:00,8275,8250,8275,8250,0
2022-11-23 11:56:00,8275,8250,8275,8250,0
2022-11-23 11:57:00,8275,8250,8275,8250,0
2022-11-23 11:58:00,8275,8250,8275,8250,0
2022-11-23 11:59:00,8275,8250,8275,8250,0
2022-11-23 12:00:00,8275,8250,8275,8250,0
2022-11-23 12:01:00,8275,8250,8275,8250,0
2022-11-23 12:02:00,8275,8250,8275,8250,0
2022-11-23 12:03:00,8275,8250,8275,8250,0
2022-11-23 12:04:00,8275,8250,8275,8250,0
2022-11-23 12:05:00,8275,8250,8275,8250,0
2022-11-23 12:06:00,8275,8250,8275,8250,0
2022-11-23 12:07:00,8275,8250,8275,8250,0
2022-11-23 12:08:00,8275,8250,8275,8250,0
2022-11-23 12:09:00,8275,8250,8275,8250,0
2022-11-23 12:10:00,8275,8250,8275,8250,0
2022-11-23 12:11:00,8275,8250,8275,8250,0
2022-11-23 12:12:00,8275,8250,8275,8250,0
2022-11-23 12:13:00,8275,8250,8275,8250,0
2022-11-23 12:14:00,8275,8250,8275,8250,0
2022-11-23 12:15:00,8275,8250,8275,8250,0
2022-11-23 12:16:00,8275,8250,8275,8250,0
2022-11-23 12:17:00,8275,8250,8275,8250,0
2022-11-23 12:18:00,8275,8250,8275,8250,0
2022-11-23 12:19:00,8275,8250,8275,8250,0
2022-11-23 12:20:00,8275,8250,8275,8250,0
2022-11-23 12:21:00,8275,8250,8275,8250,0
2022-11-23 12:22:00,8275,8250,8275,8250,0
2022-11-23 12:23:00,8275,8250,8275,8250,0
2022-11-23 12:24:00,8275,8250,8275,8250,0
2022-11-23 12:25:00,8275,8250,8275,8250,0
2022-11-23 12:26:00,8275,8250,8275,8250,0
2022-11-23 12:27:00,8275,8250,8275,8250,0
2022-11-23 12:28:00,8275,8250,8275,8250,0
2022-11-23 12:29:00,8275,8250,8275,8250,0
2022-11-23 12:30:00,8275,8250,8275,8250,0
2022-11-23 12:31:00,8275,8250,8275,8250,0
2022-11-23 12:32:00,8275,8250,8275,8250,0
2022-11-23 12:33:00,8275,8250,8275,8250,0
2022-11-23 12:34:00,8275,8250,8275,8250,0
2022-11-23 12:35:00,8275,8250,8275,8250,0
2022-11-23 12:36:00,8275,8250,8275,8250,0
2022-11-23 12:37:00,8275,8250,8275,8250,0
2022-11-23 12:38:00,8275,8250,8275,8250,0
2022-11-23 12:39:00,8275,8250,8275,8250,0
2022-11-23 12:40:00,8275,8250,8275,8250,0
2022-11-23 12:41:00,8275,8250,8275,8250,0
2022-11-23 12:42:00,8275,8250,8275,8250,0
2022-11-23 12:43:00,8275,8250,8275,8250,0
2022-11-23 12:44:00,8275,8250,8275,8250,0
2022-11-23 12:45:00,8275,8250,8275,8250,0
2022-11-23 12:46:00,8275,8250,8275,8250,0
2022-11-23 12:47:00,8275,8250,8275,8250,0
2022-11-23 12:48:00,8275,8250,8275,8250,0
2022-11-23 12:49:00,8275,8250,8275,8250,0
2022-11-23 12:50:00,8275,8250,8275,8250,0
2022-11-23 12:51:00,8275,8250,8275,8250,0
2022-11-23 12:52:00,8275,8250,8275,8250,0
2022-11-23 12:53:00,8275,8250,8275,8250,0
2022-11-23 12:54:00,8275,8250,8275,8250,0
2022-11-23 12:55:00,8275,8250,8275,8250,0
2022-11-23 12:56:00,8275,8250,8275,8250,0
2022-11-23 12:57:00,8275,8250,8275,8250,0
2022-11-23 12:58:00,8275,8250,8275,8250,0
2022-11-23 12:59:00,8275,8250,8275,8250,0
2022-11-23 13:00:00,8275,8250,8275,8250,0
2022-11-23 13:01:00,8275,8250,8275,8250,0
2022-11-23 13:02:00,8275,8250,8275,8250,0
2022-11-23 13:03:00,8275,8250,8275,8250,0
2022-11-23 13:04:00,8275,8250,8275,8250,0
2022-11-23 13:05:00,8275,8250,8275,8250,0
2022-11-23 13:06:00,8275,8250,8275,8250,0
2022-11-23 13:07:00,8275,8250,8275,8250,0
2022-11-23 13:08:00,8275,8250,8275,8250,0
2022-11-23 13:09:00,8275,8250,8275,8250,0
2022-11-23 13:10:00,8275,8250,8275,8250,0
2022-11-23 13:11:00,8275,8250,8275,8250,0
2022-11-23 13:12:00,8275,8250,8275,8250,0
2022-11-23 13:13:00,8275,8250,8275,8250,0
2022-11-23 13:14:00,8275,8250,8275,8250,0
2022-11-23 13:15:00,8275,8250,8275,8250,0
2022-11-23 13:16:00,8275,8250,8275,8250,0
2022-11-23 13:17:00,8275,8250,8275,8250,0
2022-11-23 13:18:00,8275,8250,8275,8250,0
2022-11-23 13:19:00,8275,8250,8275,8250,0
2022-11-23 13:20:00,8275,8250,8275,8250,0
2022-11-23 13:21:00,8275,8250,8275,8250,0
2022-11-23 13:22:00,8275,8250,8275,8250,0
2022-11-23 13:23:00,8275,8250,8275,8250,0
2022-11-23 13:24:00,8275,8250,8275,8250,0
2022-11-23 13:25:00,8275,8250,8275,8250,0
2022-11-23 13:26:00,8275,8250,8275,8250,0
2022-11-23 13:27:00,8275,8250,8275,8250,0
2022-11-23 13:28:00,8275,8250,8275,8250,0
2022-11-23 13:29:00,8275,8250,8275,8250,0
2022-11-23 13:30:00,8250,8250,8250,8250,32300
2022-11-23 13:31:00,8250,8250,8250,8250,0
2022-11-23 13:32:00,8250,8250,8250,8250,0
2022-11-23 13:33:00,8250,8250,8250,8250,14400
2022-11-23 13:34:00,8250,8250,8250,8250,0
2022-11-23 13:35:00,8225,8225,8225,8225,0
2022-11-23 13:36:00,8225,8225,8225,8225,7800
2022-11-23 13:37:00,8225,8225,8250,8225,0
2022-11-23 13:38:00,8250,8250,8250,8250,100
2022-11-23 13:39:00,8250,8250,8250,8250,0
2022-11-23 13:40:00,8250,8250,8250,8250,0
2022-11-23 13:41:00,8250,8250,8250,8250,0
2022-11-23 13:42:00,8225,8225,8225,8225,200
2022-11-23 13:43:00,8225,8225,8225,8225,0
2022-11-23 13:44:00,8225,8225,8225,8225,900
2022-11-23 13:45:00,8250,8250,8250,8250,6900
2022-11-23 13:46:00,8250,8250,8250,8250,0
2022-11-23 13:47:00,8250,8250,8250,8250,1800
2022-11-23 13:48:00,8250,8250,8250,8250,0
2022-11-23 13:49:00,8250,8250,8250,8250,0
2022-11-23 13:50:00,8250,8250,8250,8250,0
2022-11-23 13:51:00,8250,8250,8250,8250,0
2022-11-23 13:52:00,8250,8225,8250,8225,200
2022-11-23 13:53:00,8225,8225,8250,8250,2500
2022-11-23 13:54:00,8250,8225,8250,8225,300
2022-11-23 13:55:00,8250,8250,8250,8250,2900
2022-11-23 13:56:00,8250,8225,8250,8225,4800
2022-11-23 13:57:00,8225,8200,8225,8200,77700
2022-11-23 13:58:00,8225,8225,8225,8225,9200
2022-11-23 13:59:00,8200,8200,8200,8200,73000
2022-11-23 14:00:00,8200,8200,8200,8200,1700
2022-11-23 14:01:00,8200,8200,8200,8200,600
2022-11-23 14:02:00,8200,8200,8200,8200,0
2022-11-23 14:03:00,8200,8200,8200,8200,29900
2022-11-23 14:04:00,8200,8175,8200,8175,36500
2022-11-23 14:05:00,8200,8200,8225,8225,1200
2022-11-23 14:06:00,8200,8200,8200,8200,5000
2022-11-23 14:07:00,8200,8200,8200,8200,1100
2022-11-23 14:08:00,8200,8200,8200,8200,0
2022-11-23 14:09:00,8200,8200,8200,8200,0
2022-11-23 14:10:00,8200,8200,8200,8200,10300
2022-11-23 14:11:00,8200,8200,8200,8200,100
2022-11-23 14:12:00,8200,8200,8200,8200,800
2022-11-23 14:13:00,8225,8225,8225,8225,0
2022-11-23 14:14:00,8225,8225,8225,8225,0
2022-11-23 14:15:00,8225,8225,8225,8225,0
2022-11-23 14:16:00,8225,8225,8225,8225,3900
2022-11-23 14:17:00,8225,8225,8225,8225,0
2022-11-23 14:18:00,8200,8200,8200,8200,2300
2022-11-23 14:19:00,8200,8200,8200,8200,11600
2022-11-23 14:20:00,8200,8200,8200,8200,1300
2022-11-23 14:21:00,8200,8200,8200,8200,0
2022-11-23 14:22:00,8200,8200,8200,8200,0
2022-11-23 14:23:00,8200,8200,8200,8200,2200
2022-11-23 14:24:00,8200,8200,8200,8200,0
2022-11-23 14:25:00,8200,8200,8200,8200,5000
2022-11-23 14:26:00,8225,8225,8225,8225,0
2022-11-23 14:27:00,8200,8200,8200,8200,4900
2022-11-23 14:28:00,8200,8200,8200,8200,0
2022-11-23 14:29:00,8200,8200,8200,8200,0
2022-11-23 14:30:00,8225,8225,8225,8225,700
2022-11-23 14:31:00,8225,8225,8225,8225,0
2022-11-23 14:32:00,8225,8225,8225,8225,1400
2022-11-23 14:33:00,8200,8200,8200,8200,3000
2022-11-23 14:34:00,8200,8200,8200,8200,2200
2022-11-23 14:35:00,8200,8175,8225,8200,195200
2022-11-23 14:36:00,8200,8175,8225,8200,0
2022-11-23 14:37:00,8200,8175,8200,8175,20300
2022-11-23 14:38:00,8200,8200,8200,8200,0
2022-11-23 14:39:00,8175,8175,8175,8175,1200
2022-11-23 14:40:00,8175,8175,8200,8200,2200
2022-11-23 14:41:00,8175,8175,8200,8200,100
2022-11-23 14:42:00,8200,8175,8200,8175,700
2022-11-23 14:43:00,8175,8175,8200,8200,80000
2022-11-23 14:44:00,8175,8175,8200,8200,134800
2022-11-23 14:45:00,8200,8200,8200,8200,4300
2022-11-23 14:46:00,8175,8175,8200,8175,0
2022-11-23 14:47:00,8200,8175,8200,8175,2800
2022-11-23 14:48:00,8175,8175,8200,8200,22100
2022-11-23 14:49:00,8200,8175,8225,8225,8300
2022-11-23 14:50:00,8200,8175,8225,8225,0
2022-11-23 14:51:00,8200,8175,8225,8225,0
2022-11-23 14:52:00,8200,8175,8225,8225,0
2022-11-23 14:53:00,8200,8175,8225,8225,0
2022-11-23 14:54:00,8200,8175,8225,8225,0
2022-11-23 14:55:00,8200,8175,8225,8225,0
2022-11-23 14:56:00,8200,8175,8225,8225,0
2022-11-23 14:57:00,8200,8175,8225,8225,0
2022-11-23 14:58:00,8200,8175,8225,8225,0
2022-11-23 14:59:00,8200,8175,8225,8225,0
2022-11-23 15:00:00,8175,8175,8175,8175,60800
2022-11-23 15:01:00,8175,8175,8175,8175,800
2022-11-23 15:02:00,8175,8175,8175,8175,1900
2022-11-23 15:03:00,8175,8175,8175,8175,0
2022-11-23 15:04:00,8175,8175,8175,8175,8500
2022-11-23 15:05:00,8175,8175,8175,8175,500
2022-11-23 15:06:00,8175,8175,8175,8175,0
2022-11-23 15:07:00,8175,8175,8175,8175,0
2022-11-23 15:08:00,8175,8175,8175,8175,2000
2022-11-23 15:09:00,8175,8175,8175,8175,2500
2022-11-23 15:10:00,8175,8175,8175,8175,0
2022-11-23 15:11:00,8175,8175,8175,8175,9900
2022-11-23 15:12:00,8175,8175,8175,8175,2009600
2022-11-23 15:13:00,8175,8175,8175,8175,0
2022-11-23 15:14:00,8175,8175,8175,8175,0
2022-11-23 15:15:00,8175,8175,8175,8175,0
2022-11-23 15:16:00,8175,8175,8175,8175,0
2022-11-23 15:17:00,8175,8175,8175,8175,0
2022-11-23 15:18:00,8175,8175,8175,8175,0
2022-11-23 15:19:00,8175,8175,8175,8175,0
2022-11-23 15:20:00,8175,8175,8175,8175,0
2022-11-23 15:21:00,8175,8175,8175,8175,0
2022-11-23 15:22:00,8175,8175,8175,8175,0
2022-11-23 15:23:00,8175,8175,8175,8175,0
2022-11-23 15:24:00,8175,8175,8175,8175,0
2022-11-23 15:25:00,8175,8175,8175,8175,0
2022-11-23 15:26:00,8175,8175,8175,8175,0
2022-11-23 15:27:00,8175,8175,8175,8175,0
2022-11-23 15:28:00,8175,8175,8175,8175,0
2022-11-23 15:29:00,8175,8175,8175,8175,0
2022-11-23 15:30:00,8175,8175,8175,8175,0
2022-11-23 15:31:00,8175,8175,8175,8175,0
2022-11-23 15:32:00,8175,8175,8175,8175,0
2022-11-23 15:33:00,8175,8175,8175,8175,0
2022-11-23 15:34:00,8175,8175,8175,8175,0
2022-11-23 15:35:00,8175,8175,8175,8175,0
2022-11-23 15:36:00,8175,8175,8175,8175,0
2022-11-23 15:37:00,8175,8175,8175,8175,0
2022-11-23 15:38:00,8175,8175,8175,8175,0
2022-11-23 15:39:00,8175,8175,8175,8175,0
2022-11-23 15:40:00,8175,8175,8175,8175,0
2022-11-23 15:41:00,8175,8175,8175,8175,0
2022-11-23 15:42:00,8175,8175,8175,8175,0
2022-11-23 15:43:00,8175,8175,8175,8175,0
2022-11-23 15:44:00,8175,8175,8175,8175,0
2022-11-23 15:45:00,8175,8175,8175,8175,0
2022-11-23 15:46:00,8175,8175,8175,8175,0
2022-11-23 15:47:00,8175,8175,8175,8175,0
2022-11-23 15:48:00,8175,8175,8175,8175,0
2022-11-23 15:49:00,8175,8175,8175,8175,0
2022-11-23 15:50:00,8175,8175,8175,8175,0
2022-11-23 15:51:00,8175,8175,8175,8175,0
2022-11-23 15:52:00,8175,8175,8175,8175,0
2022-11-23 15:53:00,8175,8175,8175,8175,0
2022-11-23 15:54:00,8175,8175,8175,8175,0
2022-11-23 15:55:00,8175,8175,8175,8175,0
2022-11-23 15:56:00,8175,8175,8175,8175,0
2022-11-23 15:57:00,8175,8175,8175,8175,0
2022-11-23 15:58:00,8175,8175,8175,8175,0
2022-11-23 15:59:00,8175,8175,8175,8175,0
2022-11-24 09:00:00,8175,8175,8200,8200,0
2022-11-24 09:01:00,8200,8200,8200,8200,22300
2022-11-24 09:02:00,8200,8175,8200,8175,0
2022-11-24 09:03:00,8175,8175,8200,8200,13600
2022-11-24 09:04:00,8175,8150,8175,8175,27900
2022-11-24 09:05:00,8175,8150,8175,8150,57200
2022-11-24 09:06:00,8150,8150,8175,8175,43800
2022-11-24 09:07:00,8175,8150,8175,8175,12600
2022-11-24 09:08:00,8200,8200,8200,8200,100
2022-11-24 09:09:00,8175,8175,8200,8200,700
2022-11-24 09:10:00,8200,8200,8200,8200,600
2022-11-24 09:11:00,8175,8150,8200,8150,23700
2022-11-24 09:12:00,8150,8150,8175,8175,2700
2022-11-24 09:13:00,8150,8150,8200,8175,101500
2022-11-24 09:14:00,8150,8150,8150,8150,7600
2022-11-24 09:15:00,8150,8150,8175,8150,266600
2022-11-24 09:16:00,8150,8150,8150,8150,0
2022-11-24 09:17:00,8125,8125,8125,8125,109400
2022-11-24 09:18:00,8125,8125,8125,8125,38400
2022-11-24 09:19:00,8125,8100,8125,8100,316200
2022-11-24 09:20:00,8100,8075,8100,8100,28000
2022-11-24 09:21:00,8100,8100,8125,8100,33800
2022-11-24 09:22:00,8100,8100,8100,8100,95400
2022-11-24 09:23:00,8100,8075,8100,8075,80400
2022-11-24 09:24:00,8075,8050,8075,8075,295900
2022-11-24 09:25:00,8075,8050,8075,8075,0
2022-11-24 09:26:00,8075,8075,8075,8075,8000
2022-11-24 09:27:00,8050,8050,8075,8075,47500
2022-11-24 09:28:00,8075,8050,8075,8050,23600
2022-11-24 09:29:00,8050,8050,8075,8050,105100
2022-11-24 09:30:00,8050,8025,8075,8075,112200
2022-11-24 09:31:00,8075,8075,8075,8075,0
2022-11-24 09:32:00,8075,8075,8100,8075,12300
2022-11-24 09:33:00,8075,8075,8075,8075,4000
2022-11-24 09:34:00,8075,8075,8075,8075,13900
2022-11-24 09:35:00,8075,8075,8125,8100,118300
2022-11-24 09:36:00,8125,8100,8150,8150,111900
2022-11-24 09:37:00,8150,8150,8150,8150,57600
2022-11-24 09:38:00,8150,8125,8150,8150,48400
2022-11-24 09:39:00,8150,8125,8150,8150,32400
2022-11-24 09:40:00,8150,8150,8175,8175,23500
2022-11-24 09:41:00,8175,8175,8175,8175,3800
2022-11-24 09:42:00,8175,8150,8175,8150,17500
2022-11-24 09:43:00,8175,8150,8175,8150,0
2022-11-24 09:44:00,8175,8175,8175,8175,12400
2022-11-24 09:45:00,8175,8175,8175,8175,3300
2022-11-24 09:46:00,8175,8175,8175,8175,41500
2022-11-24 09:47:00,8175,8150,8175,8175,7300
2022-11-24 09:48:00,8175,8175,8175,8175,31900
2022-11-24 09:49:00,8175,8175,8175,8175,5000
2022-11-24 09:50:00,8175,8175,8175,8175,0
2022-11-24 09:51:00,8175,8175,8175,8175,1300
2022-11-24 09:52:00,8175,8175,8175,8175,1100
2022-11-24 09:53:00,8175,8175,8175,8175,3200
2022-11-24 09:54:00,8175,8175,8175,8175,27800
2022-11-24 09:55:00,8175,8175,8175,8175,300
2022-11-24 09:56:00,8175,8175,8175,8175,34300
2022-11-24 09:57:00,8175,8175,8175,8175,0
2022-11-24 09:58:00,8175,8175,8175,8175,1800
2022-11-24 09:59:00,8175,8175,8175,8175,9300
2022-11-24 10:00:00,8175,8150,8175,8150,14600
2022-11-24 10:01:00,8175,8175,8175,8175,0
2022-11-24 10:02:00,8175,8175,8175,8175,1600
2022-11-24 10:03:00,8175,8150,8175,8175,3900
2022-11-24 10:04:00,8175,8175,8175,8175,1200
2022-11-24 10:05:00,8175,8175,8175,8175,38700
2022-11-24 10:06:00,8200,8200,8200,8200,0
2022-11-24 10:07:00,8200,8175,8200,8175,11100
2022-11-24 10:08:00,8175,8175,8200,8200,8000
2022-11-24 10:09:00,8200,8200,8200,8200,0
2022-11-24 10:10:00,8200,8200,8200,8200,0
2022-11-24 10:11:00,8200,8200,8200,8200,1400
2022-11-24 10:12:00,8200,8175,8200,8175,0
2022-11-24 10:13:00,8200,8175,8200,8175,7000
2022-11-24 10:14:00,8175,8175,8200,8200,7500
2022-11-24 10:15:00,8175,8175,8175,8175,0
2022-11-24 10:16:00,8200,8175,8200,8175,10700
2022-11-24 10:17:00,8200,8200,8200,8200,23500
2022-11-24 10:18:00,8200,8200,8200,8200,0
2022-11-24 10:19:00,8175,8175,8175,8175,12400
2022-11-24 10:20:00,8200,8200,8200,8200,4400
2022-11-24 10:21:00,8200,8200,8200,8200,24400
2022-11-24 10:22:00,8200,8200,8200,8200,0
2022-11-24 10:23:00,8200,8200,8200,8200,0
2022-11-24 10:24:00,8175,8175,8200,8200,96900
2022-11-24 10:25:00,8225,8225,8225,8225,5100
2022-11-24 10:26:00,8225,8225,8225,8225,4600
2022-11-24 10:27:00,8200,8200,8225,8225,10800
2022-11-24 10:28:00,8225,8225,8225,8225,900
2022-11-24 10:29:00,8200,8200,8225,8225,2600
2022-11-24 10:30:00,8200,8200,8200,8200,400
2022-11-24 10:31:00,8200,8200,8200,8200,9100
2022-11-24 10:32:00,8225,8225,8225,8225,0
2022-11-24 10:33:00,8225,8200,8225,8200,50700
2022-11-24 10:34:00,8200,8200,8200,8200,21300
2022-11-24 10:35:00,8200,8200,8200,8200,8700
2022-11-24 10:36:00,8200,8175,8200,8200,1600
2022-11-24 10:37:00,8200,8175,8200,8200,0
2022-11-24 10:38:00,8200,8200,8200,8200,600
2022-11-24 10:39:00,8200,8200,8200,8200,900
2022-11-24 10:40:00,8200,8200,8200,8200,13500
2022-11-24 10:41:00,8200,8200,8200,8200,3700
2022-11-24 10:42:00,8200,8200,8200,8200,0
2022-11-24 10:43:00,8200,8200,8200,8200,0
2022-11-24 10:44:00,8200,8200,8200,8200,0
2022-11-24 10:45:00,8200,8200,8200,8200,0
2022-11-24 10:46:00,8175,8175,8175,8175,20700
2022-11-24 10:47:00,8175,8175,8175,8175,1900
2022-11-24 10:48:00,8200,8200,8200,8200,500
2022-11-24 10:49:00,8200,8200,8200,8200,700
2022-11-24 10:50:00,8175,8175,8175,8175,800
2022-11-24 10:51:00,8175,8175,8175,8175,2000
2022-11-24 10:52:00,8200,8200,8200,8200,2300
2022-11-24 10:53:00,8200,8200,8200,8200,100
2022-11-24 10:54:00,8200,8200,8200,8200,0
2022-11-24 10:55:00,8200,8200,8200,8200,1000
2022-11-24 10:56:00,8200,8200,8200,8200,1700
2022-11-24 10:57:00,8200,8200,8200,8200,0
2022-11-24 10:58:00,8200,8200,8200,8200,1400
2022-11-24 10:59:00,8200,8200,8200,8200,0
2022-11-24 11:00:00,8200,8200,8200,8200,0
2022-11-24 11:01:00,8200,8200,8200,8200,1000
2022-11-24 11:02:00,8200,8200,8200,8200,1600
2022-11-24 11:03:00,8200,8200,8200,8200,0
2022-11-24 11:04:00,8200,8175,8200,8175,6800
2022-11-24 11:05:00,8200,8200,8200,8200,500
2022-11-24 11:06:00,8200,8200,8200,8200,0
2022-11-24 11:07:00,8200,8200,8200,8200,1900
2022-11-24 11:08:00,8225,8225,8225,8225,400
2022-11-24 11:09:00,8225,8225,8225,8225,0
2022-11-24 11:10:00,8225,8200,8225,8200,15200
2022-11-24 11:11:00,8225,8200,8225,8200,0
2022-11-24 11:12:00,8225,8200,8225,8200,0
2022-11-24 11:13:00,8200,8200,8200,8200,400
2022-11-24 11:14:00,8200,8200,8200,8200,0
2022-11-24 11:15:00,8200,8200,8200,8200,0
2022-11-24 11:16:00,8200,8200,8200,8200,0
2022-11-24 11:17:00,8200,8200,8200,8200,0
2022-11-24 11:18:00,8200,8200,8200,8200,0
2022-11-24 11:19:00,8200,8200,8200,8200,1000
2022-11-24 11:20:00,8175,8175,8175,8175,900
2022-11-24 11:21:00,8200,8200,8200,8200,0
2022-11-24 11:22:00,8200,8200,8200,8200,1000
2022-11-24 11:23:00,8200,8200,8200,8200,11400
2022-11-24 11:24:00,8200,8200,8200,8200,0
2022-11-24 11:25:00,8200,8200,8200,8200,0
2022-11-24 11:26:00,8200,8200,8200,8200,0
2022-11-24 11:27:00,8175,8175,8175,8175,1000
2022-11-24 11:28:00,8175,8175,8175,8175,500
2022-11-24 11:29:00,8175,8175,8175,8175,0
2022-11-24 11:30:00,8175,8175,8175,8175,0
2022-11-24 11:31:00,8175,8175,8175,8175,0
2022-11-24 11:32:00,8175,8175,8175,8175,0
2022-11-24 11:33:00,8175,8175,8175,8175,0
2022-11-24 11:34:00,8175,8175,8175,8175,0
2022-11-24 11:35:00,8175,8175,8175,8175,0
2022-11-24 11:36:00,8175,8175,8175,8175,0
2022-11-24 11:37:00,8175,8175,8175,8175,0
2022-11-24 11:38:00,8175,8175,8175,8175,0
2022-11-24 11:39:00,8175,8175,8175,8175,0
2022-11-24 11:40:00,8175,8175,8175,8175,0
2022-11-24 11:41:00,8175,8175,8175,8175,0
2022-11-24 11:42:00,8175,8175,8175,8175,0
2022-11-24 11:43:00,8175,8175,8175,8175,0
2022-11-24 11:44:00,8175,8175,8175,8175,0
2022-11-24 11:45:00,8175,8175,8175,8175,0
2022-11-24 11:46:00,8175,8175,8175,8175,0
2022-11-24 11:47:00,8175,8175,8175,8175,0
2022-11-24 11:48:00,8175,8175,8175,8175,0
2022-11-24 11:49:00,8175,8175,8175,8175,0
2022-11-24 11:50:00,8175,8175,8175,8175,0
2022-11-24 11:51:00,8175,8175,8175,8175,0
2022-11-24 11:52:00,8175,8175,8175,8175,0
2022-11-24 11:53:00,8175,8175,8175,8175,0
2022-11-24 11:54:00,8175,8175,8175,8175,0
2022-11-24 11:55:00,8175,8175,8175,8175,0
2022-11-24 11:56:00,8175,8175,8175,8175,0
2022-11-24 11:57:00,8175,8175,8175,8175,0
2022-11-24 11:58:00,8175,8175,8175,8175,0
2022-11-24 11:59:00,8175,8175,8175,8175,0
2022-11-24 12:00:00,8175,8175,8175,8175,0
2022-11-24 12:01:00,8175,8175,8175,8175,0
2022-11-24 12:02:00,8175,8175,8175,8175,0
2022-11-24 12:03:00,8175,8175,8175,8175,0
2022-11-24 12:04:00,8175,8175,8175,8175,0
2022-11-24 12:05:00,8175,8175,8175,8175,0
2022-11-24 12:06:00,8175,8175,8175,8175,0
2022-11-24 12:07:00,8175,8175,8175,8175,0
2022-11-24 12:08:00,8175,8175,8175,8175,0
2022-11-24 12:09:00,8175,8175,8175,8175,0
2022-11-24 12:10:00,8175,8175,8175,8175,0
2022-11-24 12:11:00,8175,8175,8175,8175,0
2022-11-24 12:12:00,8175,8175,8175,8175,0
2022-11-24 12:13:00,8175,8175,8175,8175,0
2022-11-24 12:14:00,8175,8175,8175,8175,0
2022-11-24 12:15:00,8175,8175,8175,8175,0
2022-11-24 12:16:00,8175,8175,8175,8175,0
2022-11-24 12:17:00,8175,8175,8175,8175,0
2022-11-24 12:18:00,8175,8175,8175,8175,0
2022-11-24 12:19:00,8175,8175,8175,8175,0
2022-11-24 12:20:00,8175,8175,8175,8175,0
2022-11-24 12:21:00,8175,8175,8175,8175,0
2022-11-24 12:22:00,8175,8175,8175,8175,0
2022-11-24 12:23:00,8175,8175,8175,8175,0
2022-11-24 12:24:00,8175,8175,8175,8175,0
2022-11-24 12:25:00,8175,8175,8175,8175,0
2022-11-24 12:26:00,8175,8175,8175,8175,0
2022-11-24 12:27:00,8175,8175,8175,8175,0
2022-11-24 12:28:00,8175,8175,8175,8175,0
2022-11-24 12:29:00,8175,8175,8175,8175,0
2022-11-24 12:30:00,8175,8175,8175,8175,0
2022-11-24 12:31:00,8175,8175,8175,8175,0
2022-11-24 12:32:00,8175,8175,8175,8175,0
2022-11-24 12:33:00,8175,8175,8175,8175,0
2022-11-24 12:34:00,8175,8175,8175,8175,0
2022-11-24 12:35:00,8175,8175,8175,8175,0
2022-11-24 12:36:00,8175,8175,8175,8175,0
2022-11-24 12:37:00,8175,8175,8175,8175,0
2022-11-24 12:38:00,8175,8175,8175,8175,0
2022-11-24 12:39:00,8175,8175,8175,8175,0
2022-11-24 12:40:00,8175,8175,8175,8175,0
2022-11-24 12:41:00,8175,8175,8175,8175,0
2022-11-24 12:42:00,8175,8175,8175,8175,0
2022-11-24 12:43:00,8175,8175,8175,8175,0
2022-11-24 12:44:00,8175,8175,8175,8175,0
2022-11-24 12:45:00,8175,8175,8175,8175,0
2022-11-24 12:46:00,8175,8175,8175,8175,0
2022-11-24 12:47:00,8175,8175,8175,8175,0
2022-11-24 12:48:00,8175,8175,8175,8175,0
2022-11-24 12:49:00,8175,8175,8175,8175,0
2022-11-24 12:50:00,8175,8175,8175,8175,0
2022-11-24 12:51:00,8175,8175,8175,8175,0
2022-11-24 12:52:00,8175,8175,8175,8175,0
2022-11-24 12:53:00,8175,8175,8175,8175,0
2022-11-24 12:54:00,8175,8175,8175,8175,0
2022-11-24 12:55:00,8175,8175,8175,8175,0
2022-11-24 12:56:00,8175,8175,8175,8175,0
2022-11-24 12:57:00,8175,8175,8175,8175,0
2022-11-24 12:58:00,8175,8175,8175,8175,0
2022-11-24 12:59:00,8175,8175,8175,8175,0
2022-11-24 13:00:00,8175,8175,8175,8175,0
2022-11-24 13:01:00,8175,8175,8175,8175,0
2022-11-24 13:02:00,8175,8175,8175,8175,0
2022-11-24 13:03:00,8175,8175,8175,8175,0
2022-11-24 13:04:00,8175,8175,8175,8175,0
2022-11-24 13:05:00,8175,8175,8175,8175,0
2022-11-24 13:06:00,8175,8175,8175,8175,0
2022-11-24 13:07:00,8175,8175,8175,8175,0
2022-11-24 13:08:00,8175,8175,8175,8175,0
2022-11-24 13:09:00,8175,8175,8175,8175,0
2022-11-24 13:10:00,8175,8175,8175,8175,0
2022-11-24 13:11:00,8175,8175,8175,8175,0
2022-11-24 13:12:00,8175,8175,8175,8175,0
2022-11-24 13:13:00,8175,8175,8175,8175,0
2022-11-24 13:14:00,8175,8175,8175,8175,0
2022-11-24 13:15:00,8175,8175,8175,8175,0
2022-11-24 13:16:00,8175,8175,8175,8175,0
2022-11-24 13:17:00,8175,8175,8175,8175,0
2022-11-24 13:18:00,8175,8175,8175,8175,0
2022-11-24 13:19:00,8175,8175,8175,8175,0
2022-11-24 13:20:00,8175,8175,8175,8175,0
2022-11-24 13:21:00,8175,8175,8175,8175,0
2022-11-24 13:22:00,8175,8175,8175,8175,0
2022-11-24 13:23:00,8175,8175,8175,8175,0
2022-11-24 13:24:00,8175,8175,8175,8175,0
2022-11-24 13:25:00,8175,8175,8175,8175,0
2022-11-24 13:26:00,8175,8175,8175,8175,0
2022-11-24 13:27:00,8175,8175,8175,8175,0
2022-11-24 13:28:00,8175,8175,8175,8175,0
2022-11-24 13:29:00,8175,8175,8175,8175,0
2022-11-24 13:30:00,8200,8175,8225,8225,18400
2022-11-24 13:31:00,8200,8175,8225,8225,0
2022-11-24 13:32:00,8200,8175,8225,8225,0
2022-11-24 13:33:00,8200,8175,8225,8225,0
2022-11-24 13:34:00,8175,8175,8175,8175,0
2022-11-24 13:35:00,8200,8200,8200,8200,300
2022-11-24 13:36:00,8200,8175,8200,8200,2900
2022-11-24 13:37:00,8200,8200,8200,8200,400
2022-11-24 13:38:00,8200,8200,8200,8200,0
2022-11-24 13:39:00,8200,8175,8200,8200,63500
2022-11-24 13:40:00,8200,8200,8200,8200,12600
2022-11-24 13:41:00,8200,8200,8200,8200,0
2022-11-24 13:42:00,8200,8200,8200,8200,4000
2022-11-24 13:43:00,8200,8200,8200,8200,0
2022-11-24 13:44:00,8200,8200,8200,8200,0
2022-11-24 13:45:00,8200,8200,8200,8200,500
2022-11-24 13:46:00,8175,8175,8175,8175,0
2022-11-24 13:47:00,8175,8175,8175,8175,0
2022-11-24 13:48:00,8175,8175,8175,8175,0
2022-11-24 13:49:00,8200,8200,8200,8200,900
2022-11-24 13:50:00,8200,8200,8200,8200,0
2022-11-24 13:51:00,8200,8175,8200,8175,29600
2022-11-24 13:52:00,8200,8175,8200,8175,0
2022-11-24 13:53:00,8200,8200,8200,8200,1200
2022-11-24 13:54:00,8200,8200,8200,8200,500
2022-11-24 13:55:00,8200,8200,8200,8200,0
2022-11-24 13:56:00,8175,8175,8175,8175,57200
2022-11-24 13:57:00,8175,8175,8175,8175,8800
2022-11-24 13:58:00,8175,8150,8175,8150,0
2022-11-24 13:59:00,8150,8150,8150,8150,7200
2022-11-24 14:00:00,8175,8175,8175,8175,0
2022-11-24 14:01:00,8175,8175,8175,8175,0
2022-11-24 14:02:00,8175,8175,8175,8175,9300
2022-11-24 14:03:00,8175,8175,8175,8175,10200
2022-11-24 14:04:00,8175,8175,8175,8175,0
2022-11-24 14:05:00,8175,8175,8175,8175,0
2022-11-24 14:06:00,8150,8150,8175,8175,300
2022-11-24 14:07:00,8150,8150,8175,8175,0
2022-11-24 14:08:00,8150,8150,8175,8175,16100
2022-11-24 14:09:00,8175,8175,8175,8175,0
2022-11-24 14:10:00,8175,8175,8175,8175,1000
2022-11-24 14:11:00,8175,8175,8175,8175,0
2022-11-24 14:12:00,8175,8175,8175,8175,0
2022-11-24 14:13:00,8150,8150,8150,8150,1500
2022-11-24 14:14:00,8150,8150,8150,8150,2400
2022-11-24 14:15:00,8150,8150,8150,8150,20500
2022-11-24 14:16:00,8150,8150,8150,8150,1300
2022-11-24 14:17:00,8150,8150,8150,8150,100
2022-11-24 14:18:00,8150,8150,8150,8150,24200
2022-11-24 14:19:00,8150,8150,8150,8150,0
2022-11-24 14:20:00,8150,8150,8150,8150,0
2022-11-24 14:21:00,8150,8150,8150,8150,0
2022-11-24 14:22:00,8175,8175,8175,8175,0
2022-11-24 14:23:00,8150,8150,8150,8150,4900
2022-11-24 14:24:00,8150,8150,8150,8150,2200
2022-11-24 14:25:00,8175,8175,8175,8175,1900
2022-11-24 14:26:00,8150,8150,8150,8150,0
2022-11-24 14:27:00,8175,8175,8175,8175,600
2022-11-24 14:28:00,8175,8175,8175,8175,16300
2022-11-24 14:29:00,8175,8175,8175,8175,0
2022-11-24 14:30:00,8175,8150,8175,8150,800
2022-11-24 14:31:00,8175,8150,8175,8150,12400
2022-11-24 14:32:00,8150,8150,8150,8150,200
2022-11-24 14:33:00,8175,8175,8175,8175,9300
2022-11-24 14:34:00,8175,8175,8175,8175,800
2022-11-24 14:35:00,8175,8175,8175,8175,5500
2022-11-24 14:36:00,8175,8175,8175,8175,300
2022-11-24 14:37:00,8175,8175,8175,8175,3200
2022-11-24 14:38:00,8175,8175,8175,8175,1400
2022-11-24 14:39:00,8175,8175,8175,8175,11200
2022-11-24 14:40:00,8175,8175,8175,8175,0
2022-11-24 14:41:00,8175,8175,8175,8175,11800
2022-11-24 14:42:00,8150,8150,8175,8175,6400
2022-11-24 14:43:00,8175,8175,8175,8175,17800
2022-11-24 14:44:00,8175,8175,8175,8175,14300
2022-11-24 14:45:00,8175,8175,8200,8200,55300
2022-11-24 14:46:00,8200,8200,8200,8200,8700
2022-11-24 14:47:00,8200,8200,8200,8200,0
2022-11-24 14:48:00,8175,8175,8200,8200,5700
2022-11-24 14:49:00,8200,8175,8200,8200,2100
2022-11-24 14:50:00,8200,8175,8200,8200,0
2022-11-24 14:51:00,8200,8175,8200,8200,0
2022-11-24 14:52:00,8200,8175,8200,8200,0
2022-11-24 14:53:00,8200,8175,8200,8200,0
2022-11-24 14:54:00,8200,8175,8200,8200,0
2022-11-24 14:55:00,8200,8175,8200,8200,0
2022-11-24 14:56:00,8200,8175,8200,8200,0
2022-11-24 14:57:00,8200,8175,8200,8200,0
2022-11-24 14:58:00,8200,8175,8200,8200,0
2022-11-24 14:59:00,8200,8175,8200,8200,0
2022-11-24 15:00:00,8175,8175,8175,8175,49700
2022-11-24 15:01:00,8175,8175,8175,8175,4100
2022-11-24 15:02:00,8175,8175,8175,8175,5300
2022-11-24 15:03:00,8175,8175,8175,8175,7500
2022-11-24 15:04:00,8175,8175,8175,8175,0
2022-11-24 15:05:00,8175,8175,8175,8175,5200
2022-11-24 15:06:00,8175,8175,8175,8175,0
2022-11-24 15:07:00,8175,8175,8175,8175,0
2022-11-24 15:08:00,8175,8175,8175,8175,0
2022-11-24 15:09:00,8175,8175,8175,8175,200
2022-11-24 15:10:00,8175,8175,8175,8175,0
2022-11-24 15:11:00,8175,8175,8175,8175,0
2022-11-24 15:12:00,8175,8175,8175,8175,100
2022-11-24 15:13:00,8175,8175,8175,8175,3395200
2022-11-24 15:14:00,8175,8175,8175,8175,0
2022-11-24 15:15:00,8175,8175,8175,8175,0
2022-11-24 15:16:00,8175,8175,8175,8175,0
2022-11-24 15:17:00,8175,8175,8175,8175,0
2022-11-24 15:18:00,8175,8175,8175,8175,0
2022-11-24 15:19:00,8175,8175,8175,8175,0
2022-11-24 15:20:00,8175,8175,8175,8175,0
2022-11-24 15:21:00,8175,8175,8175,8175,0
2022-11-24 15:22:00,8175,8175,8175,8175,0
2022-11-24 15:23:00,8175,8175,8175,8175,0
2022-11-24 15:24:00,8175,8175,8175,8175,0
2022-11-24 15:25:00,8175,8175,8175,8175,0
2022-11-24 15:26:00,8175,8175,8175,8175,0
2022-11-24 15:27:00,8175,8175,8175,8175,0
2022-11-24 15:28:00,8175,8175,8175,8175,0
2022-11-24 15:29:00,8175,8175,8175,8175,0
2022-11-24 15:30:00,8175,8175,8175,8175,0
2022-11-24 15:31:00,8175,8175,8175,8175,0
2022-11-24 15:32:00,8175,8175,8175,8175,0
2022-11-24 15:33:00,8175,8175,8175,8175,0
2022-11-24 15:34:00,8175,8175,8175,8175,0
2022-11-24 15:35:00,8175,8175,8175,8175,0
2022-11-24 15:36:00,8175,8175,8175,8175,0
2022-11-24 15:37:00,8175,8175,8175,8175,0
2022-11-24 15:38:00,8175,8175,8175,8175,0
2022-11-24 15:39:00,8175,8175,8175,8175,0
2022-11-24 15:40:00,8175,8175,8175,8175,0
2022-11-24 15:41:00,8175,8175,8175,8175,0
2022-11-24 15:42:00,8175,8175,8175,8175,0
2022-11-24 15:43:00,8175,8175,8175,8175,0
2022-11-24 15:44:00,8175,8175,8175,8175,0
2022-11-24 15:45:00,8175,8175,8175,8175,0
2022-11-24 15:46:00,8175,8175,8175,8175,0
2022-11-24 15:47:00,8175,8175,8175,8175,0
2022-11-24 15:48:00,8175,8175,8175,8175,0
2022-11-24 15:49:00,8175,8175,8175,8175,0
2022-11-24 15:50:00,8175,8175,8175,8175,0
2022-11-24 15:51:00,8175,8175,8175,8175,0
2022-11-24 15:52:00,8175,8175,8175,8175,0
2022-11-24 15:53:00,8175,8175,8175,8175,0
2022-11-24 15:54:00,8175,8175,8175,8175,0
2022-11-24 15:55:00,8175,8175,8175,8175,0
2022-11-24 15:56:00,8175,8175,8175,8175,0
2022-11-24 15:57:00,8175,8175,8175,8175,0
2022-11-24 15:58:00,8175,8175,8175,8175,0
2022-11-24 15:59:00,8175,8175,8175,8175,0
2022-11-25 09:00:00,8175,8150,8200,8200,0
2022-11-25 09:01:00,8200,8200,8200,8200,4900
2022-11-25 09:02:00,8200,8200,8225,8225,10200
2022-11-25 09:03:00,8225,8225,8225,8225,1100
2022-11-25 09:04:00,8200,8200,8200,8200,1400
2022-11-25 09:05:00,8175,8175,8175,8175,400
2022-11-25 09:06:00,8175,8175,8175,8175,0
2022-11-25 09:07:00,8175,8175,8175,8175,0
2022-11-25 09:08:00,8175,8175,8175,8175,0
2022-11-25 09:09:00,8200,8200,8200,8200,0
2022-11-25 09:10:00,8200,8200,8200,8200,0
2022-11-25 09:11:00,8200,8200,8200,8200,0
2022-11-25 09:12:00,8200,8175,8200,8175,2200
2022-11-25 09:13:00,8200,8175,8200,8175,0
2022-11-25 09:14:00,8200,8175,8200,8200,9800
2022-11-25 09:15:00,8175,8175,8175,8175,300
2022-11-25 09:16:00,8175,8175,8175,8175,0
2022-11-25 09:17:00,8175,8175,8175,8175,0
2022-11-25 09:18:00,8150,8150,8150,8150,200
2022-11-25 09:19:00,8150,8150,8150,8150,900
2022-11-25 09:20:00,8150,8150,8175,8175,1900
2022-11-25 09:21:00,8150,8150,8150,8150,13700
2022-11-25 09:22:00,8150,8150,8150,8150,0
2022-11-25 09:23:00,8150,8150,8150,8150,0
2022-11-25 09:24:00,8125,8125,8125,8125,600
2022-11-25 09:25:00,8125,8125,8125,8125,0
2022-11-25 09:26:00,8125,8125,8125,8125,47100
2022-11-25 09:27:00,8125,8125,8150,8150,6600
2022-11-25 09:28:00,8125,8125,8125,8125,0
2022-11-25 09:29:00,8125,8125,8150,8150,600
2022-11-25 09:30:00,8150,8150,8150,8150,100
2022-11-25 09:31:00,8125,8125,8125,8125,200
2022-11-25 09:32:00,8125,8125,8125,8125,0
2022-11-25 09:33:00,8125,8125,8125,8125,500
2022-11-25 09:34:00,8125,8125,8125,8125,200
2022-11-25 09:35:00,8125,8125,8125,8125,0
2022-11-25 09:36:00,8125,8125,8125,8125,0
2022-11-25 09:37:00,8125,8125,8125,8125,1100
2022-11-25 09:38:00,8125,8125,8125,8125,0
2022-11-25 09:39:00,8125,8125,8125,8125,6300
2022-11-25 09:40:00,8125,8125,8125,8125,0
2022-11-25 09:41:00,8125,8100,8125,8100,12200
2022-11-25 09:42:00,8100,8100,8100,8100,0
2022-11-25 09:43:00,8100,8100,8100,8100,0
2022-11-25 09:44:00,8125,8125,8125,8125,31600
2022-11-25 09:45:00,8125,8125,8125,8125,0
2022-11-25 09:46:00,8125,8125,8125,8125,7400
2022-11-25 09:47:00,8125,8125,8125,8125,1300
2022-11-25 09:48:00,8125,8125,8125,8125,13400
2022-11-25 09:49:00,8125,8125,8125,8125,6400
2022-11-25 09:50:00,8125,8125,8125,8125,38300
2022-11-25 09:51:00,8125,8125,8125,8125,0
2022-11-25 09:52:00,8125,8125,8125,8125,1200
2022-11-25 09:53:00,8150,8150,8150,8150,400
2022-11-25 09:54:00,8150,8150,8150,8150,900
2022-11-25 09:55:00,8150,8150,8150,8150,0
2022-11-25 09:56:00,8150,8150,8150,8150,200
2022-11-25 09:57:00,8150,8150,8150,8150,0
2022-11-25 09:58:00,8150,8150,8150,8150,0
2022-11-25 09:59:00,8150,8150,8150,8150,0
2022-11-25 10:00:00,8150,8150,8150,8150,300
2022-11-25 10:01:00,8150,8150,8150,8150,1800
2022-11-25 10:02:00,8150,8150,8150,8150,0
2022-11-25 10:03:00,8150,8150,8150,8150,0
2022-11-25 10:04:00,8150,8150,8150,8150,3000
2022-11-25 10:05:00,8150,8125,8150,8150,93800
2022-11-25 10:06:00,8150,8150,8150,8150,0
2022-11-25 10:07:00,8150,8150,8175,8175,900
2022-11-25 10:08:00,8150,8150,8150,8150,5800
2022-11-25 10:09:00,8150,8150,8175,8150,4700
2022-11-25 10:10:00,8150,8150,8150,8150,1400
2022-11-25 10:11:00,8150,8150,8150,8150,0
2022-11-25 10:12:00,8150,8125,8150,8125,59700
2022-11-25 10:13:00,8150,8125,8150,8125,0
2022-11-25 10:14:00,8150,8125,8150,8125,0
2022-11-25 10:15:00,8150,8125,8150,8125,0
2022-11-25 10:16:00,8150,8125,8150,8125,0
2022-11-25 10:17:00,8150,8150,8150,8150,6600
2022-11-25 10:18:00,8150,8150,8150,8150,0
2022-11-25 10:19:00,8150,8150,8150,8150,0
2022-11-25 10:20:00,8150,8150,8150,8150,0
2022-11-25 10:21:00,8150,8150,8150,8150,0
2022-11-25 10:22:00,8150,8150,8150,8150,2900
2022-11-25 10:23:00,8150,8150,8150,8150,0
2022-11-25 10:24:00,8150,8150,8150,8150,0
2022-11-25 10:25:00,8150,8150,8150,8150,1200
2022-11-25 10:26:00,8150,8150,8150,8150,0
2022-11-25 10:27:00,8150,8150,8150,8150,0
2022-11-25 10:28:00,8125,8125,8125,8125,3600
2022-11-25 10:29:00,8125,8125,8125,8125,0
2022-11-25 10:30:00,8125,8125,8125,8125,0
2022-11-25 10:31:00,8125,8125,8125,8125,0
2022-11-25 10:32:00,8150,8150,8150,8150,20000
2022-11-25 10:33:00,8150,8150,8150,8150,0
2022-11-25 10:34:00,8150,8150,8150,8150,0
2022-11-25 10:35:00,8150,8150,8150,8150,0
2022-11-25 10:36:00,8150,8150,8150,8150,0
2022-11-25 10:37:00,8150,8150,8150,8150,0
2022-11-25 10:38:00,8150,8150,8150,8150,0
2022-11-25 10:39:00,8150,8150,8150,8150,0
2022-11-25 10:40:00,8125,8125,8125,8125,300
2022-11-25 10:41:00,8125,8125,8125,8125,0
2022-11-25 10:42:00,8125,8125,8125,8125,0
2022-11-25 10:43:00,8125,8125,8125,8125,3000
2022-11-25 10:44:00,8125,8125,8125,8125,0
2022-11-25 10:45:00,8150,8150,8150,8150,2500
2022-11-25 10:46:00,8150,8150,8150,8150,0
2022-11-25 10:47:00,8150,8150,8150,8150,0
2022-11-25 10:48:00,8150,8150,8150,8150,200
2022-11-25 10:49:00,8150,8150,8150,8150,0
2022-11-25 10:50:00,8150,8150,8150,8150,0
2022-11-25 10:51:00,8150,8150,8150,8150,100
2022-11-25 10:52:00,8150,8150,8150,8150,1200
2022-11-25 10:53:00,8125,8125,8150,8150,100
2022-11-25 10:54:00,8125,8125,8125,8125,11100
2022-11-25 10:55:00,8125,8125,8125,8125,44400
2022-11-25 10:56:00,8150,8150,8150,8150,10000
2022-11-25 10:57:00,8125,8125,8125,8125,0
2022-11-25 10:58:00,8125,8125,8125,8125,1400
2022-11-25 10:59:00,8125,8125,8125,8125,200
2022-11-25 11:00:00,8125,8125,8125,8125,5300
2022-11-25 11:01:00,8125,8125,8125,8125,0
2022-11-25 11:02:00,8150,8150,8150,8150,0
2022-11-25 11:03:00,8150,8150,8150,8150,0
2022-11-25 11:04:00,8150,8150,8150,8150,0
2022-11-25 11:05:00,8150,8150,8150,8150,1500
2022-11-25 11:06:00,8150,8150,8150,8150,0
2022-11-25 11:07:00,8150,8150,8150,8150,200
2022-11-25 11:08:00,8150,8150,8150,8150,4500
2022-11-25 11:09:00,8150,8150,8150,8150,0
2022-11-25 11:10:00,8150,8150,8150,8150,2000
2022-11-25 11:11:00,8150,8150,8150,8150,0
2022-11-25 11:12:00,8150,8150,8150,8150,0
2022-11-25 11:13:00,8150,8150,8150,8150,0
2022-11-25 11:14:00,8150,8150,8150,8150,0
2022-11-25 11:15:00,8125,8125,8125,8125,2000
2022-11-25 11:16:00,8125,8125,8125,8125,0
2022-11-25 11:17:00,8125,8125,8150,8150,700
2022-11-25 11:18:00,8125,8125,8150,8150,0
2022-11-25 11:19:00,8125,8125,8150,8150,0
2022-11-25 11:20:00,8125,8125,8150,8150,0
2022-11-25 11:21:00,8125,8125,8150,8150,0
2022-11-25 11:22:00,8125,8125,8150,8150,0
2022-11-25 11:23:00,8125,8125,8150,8150,0
2022-11-25 11:24:00,8125,8125,8150,8150,0
2022-11-25 11:25:00,8125,8125,8150,8150,0
2022-11-25 11:26:00,8150,8150,8150,8150,48800
2022-11-25 11:27:00,8150,8150,8150,8150,0
2022-11-25 11:28:00,8150,8150,8150,8150,0
2022-11-25 11:29:00,8150,8150,8150,8150,1400
2022-11-25 11:30:00,8150,8150,8150,8150,0
2022-11-25 11:31:00,8150,8150,8150,8150,0
2022-11-25 11:32:00,8150,8150,8150,8150,0
2022-11-25 11:33:00,8150,8150,8150,8150,0
2022-11-25 11:34:00,8150,8150,8150,8150,0
2022-11-25 11:35:00,8150,8150,8150,8150,0
2022-11-25 11:36:00,8150,8150,8150,8150,0
2022-11-25 11:37:00,8150,8150,8150,8150,0
2022-11-25 11:38:00,8150,8150,8150,8150,0
2022-11-25 11:39:00,8150,8150,8150,8150,0
2022-11-25 11:40:00,8150,8150,8150,8150,0
2022-11-25 11:41:00,8150,8150,8150,8150,0
2022-11-25 11:42:00,8150,8150,8150,8150,0
2022-11-25 11:43:00,8150,8150,8150,8150,0
2022-11-25 11:44:00,8150,8150,8150,8150,0
2022-11-25 11:45:00,8150,8150,8150,8150,0
2022-11-25 11:46:00,8150,8150,8150,8150,0
2022-11-25 11:47:00,8150,8150,8150,8150,0
2022-11-25 11:48:00,8150,8150,8150,8150,0
2022-11-25 11:49:00,8150,8150,8150,8150,0
2022-11-25 11:50:00,8150,8150,8150,8150,0
2022-11-25 11:51:00,8150,8150,8150,8150,0
2022-11-25 11:52:00,8150,8150,8150,8150,0
2022-11-25 11:53:00,8150,8150,8150,8150,0
2022-11-25 11:54:00,8150,8150,8150,8150,0
2022-11-25 11:55:00,8150,8150,8150,8150,0
2022-11-25 11:56:00,8150,8150,8150,8150,0
2022-11-25 11:57:00,8150,8150,8150,8150,0
2022-11-25 11:58:00,8150,8150,8150,8150,0
2022-11-25 11:59:00,8150,8150,8150,8150,0
2022-11-25 12:00:00,8150,8150,8150,8150,0
2022-11-25 12:01:00,8150,8150,8150,8150,0
2022-11-25 12:02:00,8150,8150,8150,8150,0
2022-11-25 12:03:00,8150,8150,8150,8150,0
2022-11-25 12:04:00,8150,8150,8150,8150,0
2022-11-25 12:05:00,8150,8150,8150,8150,0
2022-11-25 12:06:00,8150,8150,8150,8150,0
2022-11-25 12:07:00,8150,8150,8150,8150,0
2022-11-25 12:08:00,8150,8150,8150,8150,0
2022-11-25 12:09:00,8150,8150,8150,8150,0
2022-11-25 12:10:00,8150,8150,8150,8150,0
2022-11-25 12:11:00,8150,8150,8150,8150,0
2022-11-25 12:12:00,8150,8150,8150,8150,0
2022-11-25 12:13:00,8150,8150,8150,8150,0
2022-11-25 12:14:00,8150,8150,8150,8150,0
2022-11-25 12:15:00,8150,8150,8150,8150,0
2022-11-25 12:16:00,8150,8150,8150,8150,0
2022-11-25 12:17:00,8150,8150,8150,8150,0
2022-11-25 12:18:00,8150,8150,8150,8150,0
2022-11-25 12:19:00,8150,8150,8150,8150,0
2022-11-25 12:20:00,8150,8150,8150,8150,0
2022-11-25 12:21:00,8150,8150,8150,8150,0
2022-11-25 12:22:00,8150,8150,8150,8150,0
2022-11-25 12:23:00,8150,8150,8150,8150,0
2022-11-25 12:24:00,8150,8150,8150,8150,0
2022-11-25 12:25:00,8150,8150,8150,8150,0
2022-11-25 12:26:00,8150,8150,8150,8150,0
2022-11-25 12:27:00,8150,8150,8150,8150,0
2022-11-25 12:28:00,8150,8150,8150,8150,0
2022-11-25 12:29:00,8150,8150,8150,8150,0
2022-11-25 12:30:00,8150,8150,8150,8150,0
2022-11-25 12:31:00,8150,8150,8150,8150,0
2022-11-25 12:32:00,8150,8150,8150,8150,0
2022-11-25 12:33:00,8150,8150,8150,8150,0
2022-11-25 12:34:00,8150,8150,8150,8150,0
2022-11-25 12:35:00,8150,8150,8150,8150,0
2022-11-25 12:36:00,8150,8150,8150,8150,0
2022-11-25 12:37:00,8150,8150,8150,8150,0
2022-11-25 12:38:00,8150,8150,8150,8150,0
2022-11-25 12:39:00,8150,8150,8150,8150,0
2022-11-25 12:40:00,8150,8150,8150,8150,0
2022-11-25 12:41:00,8150,8150,8150,8150,0
2022-11-25 12:42:00,8150,8150,8150,8150,0
2022-11-25 12:43:00,8150,8150,8150,8150,0
2022-11-25 12:44:00,8150,8150,8150,8150,0
2022-11-25 12:45:00,8150,8150,8150,8150,0
2022-11-25 12:46:00,8150,8150,8150,8150,0
2022-11-25 12:47:00,8150,8150,8150,8150,0
2022-11-25 12:48:00,8150,8150,8150,8150,0
2022-11-25 12:49:00,8150,8150,8150,8150,0
2022-11-25 12:50:00,8150,8150,8150,8150,0
2022-11-25 12:51:00,8150,8150,8150,8150,0
2022-11-25 12:52:00,8150,8150,8150,8150,0
2022-11-25 12:53:00,8150,8150,8150,8150,0
2022-11-25 12:54:00,8150,8150,8150,8150,0
2022-11-25 12:55:00,8150,8150,8150,8150,0
2022-11-25 12:56:00,8150,8150,8150,8150,0
2022-11-25 12:57:00,8150,8150,8150,8150,0
2022-11-25 12:58:00,8150,8150,8150,8150,0
2022-11-25 12:59:00,8150,8150,8150,8150,0
2022-11-25 13:00:00,8150,8150,8150,8150,0
2022-11-25 13:01:00,8150,8150,8150,8150,0
2022-11-25 13:02:00,8150,8150,8150,8150,0
2022-11-25 13:03:00,8150,8150,8150,8150,0
2022-11-25 13:04:00,8150,8150,8150,8150,0
2022-11-25 13:05:00,8150,8150,8150,8150,0
2022-11-25 13:06:00,8150,8150,8150,8150,0
2022-11-25 13:07:00,8150,8150,8150,8150,0
2022-11-25 13:08:00,8150,8150,8150,8150,0
2022-11-25 13:09:00,8150,8150,8150,8150,0
2022-11-25 13:10:00,8150,8150,8150,8150,0
2022-11-25 13:11:00,8150,8150,8150,8150,0
2022-11-25 13:12:00,8150,8150,8150,8150,0
2022-11-25 13:13:00,8150,8150,8150,8150,0
2022-11-25 13:14:00,8150,8150,8150,8150,0
2022-11-25 13:15:00,8150,8150,8150,8150,0
2022-11-25 13:16:00,8150,8150,8150,8150,0
2022-11-25 13:17:00,8150,8150,8150,8150,0
2022-11-25 13:18:00,8150,8150,8150,8150,0
2022-11-25 13:19:00,8150,8150,8150,8150,0
2022-11-25 13:20:00,8150,8150,8150,8150,0
2022-11-25 13:21:00,8150,8150,8150,8150,0
2022-11-25 13:22:00,8150,8150,8150,8150,0
2022-11-25 13:23:00,8150,8150,8150,8150,0
2022-11-25 13:24:00,8150,8150,8150,8150,0
2022-11-25 13:25:00,8150,8150,8150,8150,0
2022-11-25 13:26:00,8150,8150,8150,8150,0
2022-11-25 13:27:00,8150,8150,8150,8150,0
2022-11-25 13:28:00,8150,8150,8150,8150,0
2022-11-25 13:29:00,8150,8150,8150,8150,0
2022-11-25 13:30:00,8150,8125,8150,8150,14300
2022-11-25 13:31:00,8150,8150,8150,8150,0
2022-11-25 13:32:00,8150,8150,8150,8150,2900
2022-11-25 13:33:00,8150,8125,8150,8150,54100
2022-11-25 13:34:00,8150,8150,8150,8150,800
2022-11-25 13:35:00,8150,8150,8150,8150,0
2022-11-25 13:36:00,8125,8125,8150,8150,4600
2022-11-25 13:37:00,8125,8125,8150,8150,0
2022-11-25 13:38:00,8150,8150,8150,8150,4000
2022-11-25 13:39:00,8125,8125,8125,8125,1900
2022-11-25 13:40:00,8125,8125,8125,8125,0
2022-11-25 13:41:00,8125,8125,8125,8125,0
2022-11-25 13:42:00,8125,8125,8125,8125,0
2022-11-25 13:43:00,8125,8125,8150,8150,54500
2022-11-25 13:44:00,8150,8150,8150,8150,0
2022-11-25 13:45:00,8150,8150,8150,8150,0
2022-11-25 13:46:00,8150,8150,8150,8150,300
2022-11-25 13:47:00,8150,8150,8150,8150,200
2022-11-25 13:48:00,8125,8125,8125,8125,14200
2022-11-25 13:49:00,8125,8125,8125,8125,4000
2022-11-25 13:50:00,8150,8150,8150,8150,0
2022-11-25 13:51:00,8150,8150,8150,8150,0
2022-11-25 13:52:00,8125,8125,8125,8125,4400
2022-11-25 13:53:00,8125,8125,8125,8125,100
2022-11-25 13:54:00,8125,8125,8125,8125,0
2022-11-25 13:55:00,8125,8125,8125,8125,43200
2022-11-25 13:56:00,8125,8125,8125,8125,64800
2022-11-25 13:57:00,8125,8125,8125,8125,7600
2022-11-25 13:58:00,8125,8125,8125,8125,0
2022-11-25 13:59:00,8125,8125,8125,8125,2900
2022-11-25 14:00:00,8125,8125,8125,8125,3100
2022-11-25 14:01:00,8125,8125,8125,8125,4500
2022-11-25 14:02:00,8125,8100,8125,8100,6800
2022-11-25 14:03:00,8125,8125,8125,8125,0
2022-11-25 14:04:00,8100,8100,8100,8100,0
2022-11-25 14:05:00,8125,8100,8125,8100,10900
2022-11-25 14:06:00,8125,8125,8125,8125,0
2022-11-25 14:07:00,8125,8125,8125,8125,0
2022-11-25 14:08:00,8100,8100,8125,8125,10600
2022-11-25 14:09:00,8100,8100,8125,8125,2500
2022-11-25 14:10:00,8125,8125,8125,8125,3400
2022-11-25 14:11:00,8125,8125,8125,8125,7700
2022-11-25 14:12:00,8125,8125,8125,8125,3300
2022-11-25 14:13:00,8125,8125,8125,8125,1800
2022-11-25 14:14:00,8100,8100,8100,8100,2700
2022-11-25 14:15:00,8100,8100,8100,8100,72500
2022-11-25 14:16:00,8100,8100,8100,8100,0
2022-11-25 14:17:00,8100,8100,8125,8100,207000
2022-11-25 14:18:00,8100,8100,8125,8100,0
2022-11-25 14:19:00,8100,8100,8100,8100,0
2022-11-25 14:20:00,8100,8100,8100,8100,0
2022-11-25 14:21:00,8100,8100,8125,8125,7900
2022-11-25 14:22:00,8100,8100,8125,8125,0
2022-11-25 14:23:00,8100,8100,8100,8100,2400
2022-11-25 14:24:00,8100,8100,8100,8100,1000
2022-11-25 14:25:00,8125,8125,8125,8125,7800
2022-11-25 14:26:00,8100,8100,8125,8100,5600
2022-11-25 14:27:00,8125,8125,8125,8125,900
2022-11-25 14:28:00,8125,8125,8125,8125,2900
2022-11-25 14:29:00,8100,8100,8100,8100,22400
2022-11-25 14:30:00,8100,8100,8100,8100,1200
2022-11-25 14:31:00,8100,8100,8100,8100,0
2022-11-25 14:32:00,8100,8100,8100,8100,59200
2022-11-25 14:33:00,8100,8075,8100,8075,217300
2022-11-25 14:34:00,8075,8075,8100,8100,11300
2022-11-25 14:35:00,8100,8100,8100,8100,0
2022-11-25 14:36:00,8100,8075,8100,8075,29200
2022-11-25 14:37:00,8075,8075,8075,8075,99500
2022-11-25 14:38:00,8075,8050,8075,8075,17800
2022-11-25 14:39:00,8075,8075,8075,8075,4100
2022-11-25 14:40:00,8075,8075,8075,8075,6700
2022-11-25 14:41:00,8075,8075,8100,8075,38000
2022-11-25 14:42:00,8075,8075,8075,8075,1100
2022-11-25 14:43:00,8075,8075,8100,8075,10000
2022-11-25 14:44:00,8100,8075,8100,8075,2500
2022-11-25 14:45:00,8100,8075,8100,8075,4900
2022-11-25 14:46:00,8075,8075,8075,8075,400
2022-11-25 14:47:00,8075,8075,8075,8075,400
2022-11-25 14:48:00,8075,8075,8100,8100,10800
2022-11-25 14:49:00,8100,8100,8100,8100,28100
2022-11-25 14:50:00,8100,8100,8100,8100,0
2022-11-25 14:51:00,8100,8100,8100,8100,0
2022-11-25 14:52:00,8100,8100,8100,8100,0
2022-11-25 14:53:00,8100,8100,8100,8100,0
2022-11-25 14:54:00,8100,8100,8100,8100,0
2022-11-25 14:55:00,8100,8100,8100,8100,0
2022-11-25 14:56:00,8100,8100,8100,8100,0
2022-11-25 14:57:00,8100,8100,8100,8100,0
2022-11-25 14:58:00,8100,8100,8100,8100,0
2022-11-25 14:59:00,8100,8100,8100,8100,0
2022-11-25 15:00:00,8125,8125,8125,8125,25100
2022-11-25 15:01:00,8125,8125,8125,8125,4000
2022-11-25 15:02:00,8125,8125,8125,8125,0
2022-11-25 15:03:00,8125,8125,8125,8125,0
2022-11-25 15:04:00,8125,8125,8125,8125,0
2022-11-25 15:05:00,8125,8125,8125,8125,0
2022-11-25 15:06:00,8125,8125,8125,8125,0
2022-11-25 15:07:00,8125,8125,8125,8125,2300
2022-11-25 15:08:00,8125,8125,8125,8125,0
2022-11-25 15:09:00,8125,8125,8125,8125,0
2022-11-25 15:10:00,8125,8125,8125,8125,0
2022-11-25 15:11:00,8125,8125,8125,8125,1000
2022-11-25 15:12:00,8125,8125,8125,8125,0
2022-11-25 15:13:00,8125,8125,8125,8125,0
2022-11-25 15:14:00,8125,8125,8125,8125,0
2022-11-25 15:15:00,8125,8125,8125,8125,0
2022-11-25 15:16:00,8125,8125,8125,8125,0
2022-11-25 15:17:00,8125,8125,8125,8125,0
2022-11-25 15:18:00,8125,8125,8125,8125,0
2022-11-25 15:19:00,8125,8125,8125,8125,0
2022-11-25 15:20:00,8125,8125,8125,8125,0
2022-11-25 15:21:00,8125,8125,8125,8125,0
2022-11-25 15:22:00,8125,8125,8125,8125,0
2022-11-25 15:23:00,8125,8125,8125,8125,0
2022-11-25 15:24:00,8125,8125,8125,8125,0
2022-11-25 15:25:00,8125,8125,8125,8125,0
2022-11-25 15:26:00,8125,8125,8125,8125,0
2022-11-25 15:27:00,8125,8125,8125,8125,0
2022-11-25 15:28:00,8125,8125,8125,8125,0
2022-11-25 15:29:00,8125,8125,8125,8125,0
2022-11-25 15:30:00,8125,8125,8125,8125,0
2022-11-25 15:31:00,8125,8125,8125,8125,0
2022-11-25 15:32:00,8125,8125,8125,8125,0
2022-11-25 15:33:00,8125,8125,8125,8125,0
2022-11-25 15:34:00,8125,8125,8125,8125,0
2022-11-25 15:35:00,8125,8125,8125,8125,0
2022-11-25 15:36:00,8125,8125,8125,8125,0
2022-11-25 15:37:00,8125,8125,8125,8125,0
2022-11-25 15:38:00,8125,8125,8125,8125,0
2022-11-25 15:39:00,8125,8125,8125,8125,0
2022-11-25 15:40:00,8125,8125,8125,8125,0
2022-11-25 15:41:00,8125,8125,8125,8125,0
2022-11-25 15:42:00,8125,8125,8125,8125,0
2022-11-25 15:43:00,8125,8125,8125,8125,0
2022-11-25 15:44:00,8125,8125,8125,8125,0
2022-11-25 15:45:00,8125,8125,8125,8125,0
2022-11-25 15:46:00,8125,8125,8125,8125,0
2022-11-25 15:47:00,8125,8125,8125,8125,0
2022-11-25 15:48:00,8125,8125,8125,8125,0
2022-11-25 15:49:00,8125,8125,8125,8125,0
2022-11-25 15:50:00,8125,8125,8125,8125,0
2022-11-25 15:51:00,8125,8125,8125,8125,0
2022-11-25 15:52:00,8125,8125,8125,8125,0
2022-11-25 15:53:00,8125,8125,8125,8125,0
2022-11-25 15:54:00,8125,8125,8125,8125,0
2022-11-25 15:55:00,8125,8125,8125,8125,0
2022-11-25 15:56:00,8125,8125,8125,8125,0
2022-11-25 15:57:00,8125,8125,8125,8125,0
2022-11-25 15:58:00,8125,8125,8125,8125,0
2022-11-25 15:59:00,8125,8125,8125,8125,0
2022-11-28 09:00:00,8125,8075,8125,8125,0
2022-11-28 09:01:00,8100,8100,8100,8100,2100
2022-11-28 09:02:00,8100,8075,8100,8075,15600
2022-11-28 09:03:00,8075,8075,8075,8075,3200
2022-11-28 09:04:00,8075,8075,8075,8075,0
2022-11-28 09:05:00,8100,8100,8100,8100,5500
2022-11-28 09:06:00,8100,8100,8100,8100,7000
2022-11-28 09:07:00,8100,8100,8100,8100,8000
2022-11-28 09:08:00,8100,8100,8100,8100,0
2022-11-28 09:09:00,8125,8125,8125,8125,3400
2022-11-28 09:10:00,8125,8125,8125,8125,1000
2022-11-28 09:11:00,8125,8125,8175,8175,34000
2022-11-28 09:12:00,8175,8175,8200,8200,102800
2022-11-28 09:13:00,8200,8200,8225,8200,99000
2022-11-28 09:14:00,8225,8200,8225,8200,64000
2022-11-28 09:15:00,8225,8225,8275,8275,162700
2022-11-28 09:16:00,8275,8250,8275,8275,134600
2022-11-28 09:17:00,8250,8225,8275,8225,34800
2022-11-28 09:18:00,8250,8250,8250,8250,11500
2022-11-28 09:19:00,8250,8250,8250,8250,14800
2022-11-28 09:20:00,8250,8250,8250,8250,1000
2022-11-28 09:21:00,8250,8250,8250,8250,2300
2022-11-28 09:22:00,8225,8225,8250,8250,800
2022-11-28 09:23:00,8250,8225,8250,8225,5400
2022-11-28 09:24:00,8225,8225,8250,8250,15500
2022-11-28 09:25:00,8250,8250,8250,8250,3500
2022-11-28 09:26:00,8250,8225,8250,8225,4000
2022-11-28 09:27:00,8225,8225,8250,8250,1800
2022-11-28 09:28:00,8250,8225,8250,8225,7800
2022-11-28 09:29:00,8225,8225,8225,8225,13400
2022-11-28 09:30:00,8225,8225,8225,8225,1900
2022-11-28 09:31:00,8250,8250,8250,8250,71700
2022-11-28 09:32:00,8275,8250,8275,8275,16200
2022-11-28 09:33:00,8275,8275,8275,8275,8100
2022-11-28 09:34:00,8275,8250,8275,8275,1900
2022-11-28 09:35:00,8275,8275,8275,8275,28900
2022-11-28 09:36:00,8250,8250,8300,8300,39100
2022-11-28 09:37:00,8300,8300,8300,8300,26200
2022-11-28 09:38:00,8275,8275,8275,8275,0
2022-11-28 09:39:00,8300,8300,8300,8300,900
2022-11-28 09:40:00,8275,8275,8300,8275,5800
2022-11-28 09:41:00,8275,8275,8300,8300,8400
2022-11-28 09:42:00,8275,8275,8300,8275,11900
2022-11-28 09:43:00,8275,8250,8275,8250,32700
2022-11-28 09:44:00,8250,8250,8250,8250,800
2022-11-28 09:45:00,8250,8250,8250,8250,0
2022-11-28 09:46:00,8225,8225,8250,8250,500
2022-11-28 09:47:00,8250,8250,8250,8250,10100
2022-11-28 09:48:00,8250,8250,8250,8250,0
2022-11-28 09:49:00,8250,8250,8250,8250,3000
2022-11-28 09:50:00,8250,8250,8250,8250,700
2022-11-28 09:51:00,8225,8225,8225,8225,85200
2022-11-28 09:52:00,8225,8225,8225,8225,15900
2022-11-28 09:53:00,8225,8225,8225,8225,400
2022-11-28 09:54:00,8225,8225,8225,8225,0
2022-11-28 09:55:00,8225,8225,8225,8225,20600
2022-11-28 09:56:00,8250,8225,8250,8225,24700
2022-11-28 09:57:00,8225,8225,8225,8225,0
2022-11-28 09:58:00,8225,8225,8225,8225,1000
2022-11-28 09:59:00,8225,8225,8225,8225,0
2022-11-28 10:00:00,8225,8225,8225,8225,29400
2022-11-28 10:01:00,8225,8225,8225,8225,0
2022-11-28 10:02:00,8225,8225,8225,8225,0
2022-11-28 10:03:00,8225,8225,8225,8225,14000
2022-11-28 10:04:00,8200,8200,8200,8200,71600
2022-11-28 10:05:00,8200,8200,8200,8200,200
2022-11-28 10:06:00,8200,8200,8200,8200,16500
2022-11-28 10:07:00,8200,8200,8200,8200,10100
2022-11-28 10:08:00,8200,8200,8200,8200,8000
2022-11-28 10:09:00,8200,8200,8225,8200,11000
2022-11-28 10:10:00,8200,8200,8200,8200,0
2022-11-28 10:11:00,8200,8200,8200,8200,7600
2022-11-28 10:12:00,8200,8200,8200,8200,10500
2022-11-28 10:13:00,8200,8200,8200,8200,900
2022-11-28 10:14:00,8200,8200,8200,8200,0
2022-11-28 10:15:00,8175,8175,8175,8175,100
2022-11-28 10:16:00,8200,8200,8200,8200,300
2022-11-28 10:17:00,8200,8200,8200,8200,19400
2022-11-28 10:18:00,8200,8200,8200,8200,2400
2022-11-28 10:19:00,8200,8200,8200,8200,900
2022-11-28 10:20:00,8175,8175,8175,8175,1600
2022-11-28 10:21:00,8175,8175,8200,8175,200
2022-11-28 10:22:00,8175,8175,8200,8175,0
2022-11-28 10:23:00,8175,8175,8175,8175,800
2022-11-28 10:24:00,8175,8175,8175,8175,400
2022-11-28 10:25:00,8175,8175,8175,8175,800
2022-11-28 10:26:00,8175,8175,8200,8200,300
2022-11-28 10:27:00,8175,8175,8200,8200,0
2022-11-28 10:28:00,8200,8200,8200,8200,700
2022-11-28 10:29:00,8200,8200,8200,8200,0
2022-11-28 10:30:00,8175,8175,8175,8175,4200
2022-11-28 10:31:00,8200,8200,8200,8200,0
2022-11-28 10:32:00,8175,8175,8175,8175,28800
2022-11-28 10:33:00,8200,8200,8200,8200,0
2022-11-28 10:34:00,8200,8200,8200,8200,400
2022-11-28 10:35:00,8200,8200,8200,8200,0
2022-11-28 10:36:00,8200,8200,8200,8200,0
2022-11-28 10:37:00,8200,8200,8200,8200,0
2022-11-28 10:38:00,8200,8175,8200,8175,2100
2022-11-28 10:39:00,8200,8200,8200,8200,0
2022-11-28 10:40:00,8200,8200,8200,8200,4100
2022-11-28 10:41:00,8200,8200,8200,8200,0
2022-11-28 10:42:00,8175,8175,8175,8175,300
2022-11-28 10:43:00,8200,8200,8200,8200,0
2022-11-28 10:44:00,8200,8200,8200,8200,900
2022-11-28 10:45:00,8200,8200,8200,8200,0
2022-11-28 10:46:00,8200,8200,8200,8200,0
2022-11-28 10:47:00,8200,8200,8200,8200,0
2022-11-28 10:48:00,8200,8200,8200,8200,0
2022-11-28 10:49:00,8200,8200,8200,8200,300
2022-11-28 10:50:00,8200,8200,8200,8200,0
2022-11-28 10:51:00,8175,8175,8200,8200,2200
2022-11-28 10:52:00,8175,8175,8200,8200,0
2022-11-28 10:53:00,8200,8175,8200,8175,11600
2022-11-28 10:54:00,8175,8175,8175,8175,0
2022-11-28 10:55:00,8175,8175,8175,8175,200
2022-11-28 10:56:00,8175,8175,8175,8175,1900
2022-11-28 10:57:00,8175,8175,8175,8175,1100
2022-11-28 10:58:00,8200,8175,8200,8175,0
2022-11-28 10:59:00,8175,8175,8175,8175,400
2022-11-28 11:00:00,8175,8175,8175,8175,200
2022-11-28 11:01:00,8175,8175,8175,8175,0
2022-11-28 11:02:00,8175,8175,8175,8175,3100
2022-11-28 11:03:00,8175,8175,8175,8175,200
2022-11-28 11:04:00,8200,8200,8200,8200,1400
2022-11-28 11:05:00,8175,8175,8175,8175,0
2022-11-28 11:06:00,8175,8175,8175,8175,2800
2022-11-28 11:07:00,8175,8175,8175,8175,400
2022-11-28 11:08:00,8175,8175,8175,8175,800
2022-11-28 11:09:00,8175,8175,8175,8175,0
2022-11-28 11:10:00,8175,8175,8175,8175,300
2022-11-28 11:11:00,8175,8175,8175,8175,11900
2022-11-28 11:12:00,8175,8175,8175,8175,0
2022-11-28 11:13:00,8175,8175,8175,8175,0
2022-11-28 11:14:00,8175,8175,8175,8175,0
2022-11-28 11:15:00,8175,8175,8175,8175,1900
2022-11-28 11:16:00,8200,8200,8200,8200,0
2022-11-28 11:17:00,8200,8175,8200,8175,1100
2022-11-28 11:18:00,8200,8175,8200,8175,0
2022-11-28 11:19:00,8175,8175,8200,8200,1000
2022-11-28 11:20:00,8200,8200,8200,8200,300
2022-11-28 11:21:00,8200,8175,8200,8175,400
2022-11-28 11:22:00,8200,8200,8200,8200,0
2022-11-28 11:23:00,8200,8175,8200,8175,500
2022-11-28 11:24:00,8200,8175,8200,8175,3000
2022-11-28 11:25:00,8200,8175,8200,8175,0
2022-11-28 11:26:00,8200,8200,8200,8200,500
2022-11-28 11:27:00,8175,8175,8175,8175,100
2022-11-28 11:28:00,8200,8200,8200,8200,400
2022-11-28 11:29:00,8175,8175,8175,8175,54000
2022-11-28 11:30:00,8175,8175,8175,8175,0
2022-11-28 11:31:00,8175,8175,8175,8175,0
2022-11-28 11:32:00,8175,8175,8175,8175,0
2022-11-28 11:33:00,8175,8175,8175,8175,0
2022-11-28 11:34:00,8175,8175,8175,8175,0
2022-11-28 11:35:00,8175,8175,8175,8175,0
2022-11-28 11:36:00,8175,8175,8175,8175,0
2022-11-28 11:37:00,8175,8175,8175,8175,0
2022-11-28 11:38:00,8175,8175,8175,8175,0
2022-11-28 11:39:00,8175,8175,8175,8175,0
2022-11-28 11:40:00,8175,8175,8175,8175,0
2022-11-28 11:41:00,8175,8175,8175,8175,0
2022-11-28 11:42:00,8175,8175,8175,8175,0
2022-11-28 11:43:00,8175,8175,8175,8175,0
2022-11-28 11:44:00,8175,8175,8175,8175,0
2022-11-28 11:45:00,8175,8175,8175,8175,0
2022-11-28 11:46:00,8175,8175,8175,8175,0
2022-11-28 11:47:00,8175,8175,8175,8175,0
2022-11-28 11:48:00,8175,8175,8175,8175,0
2022-11-28 11:49:00,8175,8175,8175,8175,0
2022-11-28 11:50:00,8175,8175,8175,8175,0
2022-11-28 11:51:00,8175,8175,8175,8175,0
2022-11-28 11:52:00,8175,8175,8175,8175,0
2022-11-28 11:53:00,8175,8175,8175,8175,0
2022-11-28 11:54:00,8175,8175,8175,8175,0
2022-11-28 11:55:00,8175,8175,8175,8175,0
2022-11-28 11:56:00,8175,8175,8175,8175,0
2022-11-28 11:57:00,8175,8175,8175,8175,0
2022-11-28 11:58:00,8175,8175,8175,8175,0
2022-11-28 11:59:00,8175,8175,8175,8175,0
2022-11-28 12:00:00,8175,8175,8175,8175,0
2022-11-28 12:01:00,8175,8175,8175,8175,0
2022-11-28 12:02:00,8175,8175,8175,8175,0
2022-11-28 12:03:00,8175,8175,8175,8175,0
2022-11-28 12:04:00,8175,8175,8175,8175,0
2022-11-28 12:05:00,8175,8175,8175,8175,0
2022-11-28 12:06:00,8175,8175,8175,8175,0
2022-11-28 12:07:00,8175,8175,8175,8175,0
2022-11-28 12:08:00,8175,8175,8175,8175,0
2022-11-28 12:09:00,8175,8175,8175,8175,0
2022-11-28 12:10:00,8175,8175,8175,8175,0
2022-11-28 12:11:00,8175,8175,8175,8175,0
2022-11-28 12:12:00,8175,8175,8175,8175,0
2022-11-28 12:13:00,8175,8175,8175,8175,0
2022-11-28 12:14:00,8175,8175,8175,8175,0
2022-11-28 12:15:00,8175,8175,8175,8175,0
2022-11-28 12:16:00,8175,8175,8175,8175,0
2022-11-28 12:17:00,8175,8175,8175,8175,0
2022-11-28 12:18:00,8175,8175,8175,8175,0
2022-11-28 12:19:00,8175,8175,8175,8175,0
2022-11-28 12:20:00,8175,8175,8175,8175,0
2022-11-28 12:21:00,8175,8175,8175,8175,0
2022-11-28 12:22:00,8175,8175,8175,8175,0
2022-11-28 12:23:00,8175,8175,8175,8175,0
2022-11-28 12:24:00,8175,8175,8175,8175,0
2022-11-28 12:25:00,8175,8175,8175,8175,0
2022-11-28 12:26:00,8175,8175,8175,8175,0
2022-11-28 12:27:00,8175,8175,8175,8175,0
2022-11-28 12:28:00,8175,8175,8175,8175,0
2022-11-28 12:29:00,8175,8175,8175,8175,0
2022-11-28 12:30:00,8175,8175,8175,8175,0
2022-11-28 12:31:00,8175,8175,8175,8175,0
2022-11-28 12:32:00,8175,8175,8175,8175,0
2022-11-28 12:33:00,8175,8175,8175,8175,0
2022-11-28 12:34:00,8175,8175,8175,8175,0
2022-11-28 12:35:00,8175,8175,8175,8175,0
2022-11-28 12:36:00,8175,8175,8175,8175,0
2022-11-28 12:37:00,8175,8175,8175,8175,0
2022-11-28 12:38:00,8175,8175,8175,8175,0
2022-11-28 12:39:00,8175,8175,8175,8175,0
2022-11-28 12:40:00,8175,8175,8175,8175,0
2022-11-28 12:41:00,8175,8175,8175,8175,0
2022-11-28 12:42:00,8175,8175,8175,8175,0
2022-11-28 12:43:00,8175,8175,8175,8175,0
2022-11-28 12:44:00,8175,8175,8175,8175,0
2022-11-28 12:45:00,8175,8175,8175,8175,0
2022-11-28 12:46:00,8175,8175,8175,8175,0
2022-11-28 12:47:00,8175,8175,8175,8175,0
2022-11-28 12:48:00,8175,8175,8175,8175,0
2022-11-28 12:49:00,8175,8175,8175,8175,0
2022-11-28 12:50:00,8175,8175,8175,8175,0
2022-11-28 12:51:00,8175,8175,8175,8175,0
2022-11-28 12:52:00,8175,8175,8175,8175,0
2022-11-28 12:53:00,8175,8175,8175,8175,0
2022-11-28 12:54:00,8175,8175,8175,8175,0
2022-11-28 12:55:00,8175,8175,8175,8175,0
2022-11-28 12:56:00,8175,8175,8175,8175,0
2022-11-28 12:57:00,8175,8175,8175,8175,0
2022-11-28 12:58:00,8175,8175,8175,8175,0
2022-11-28 12:59:00,8175,8175,8175,8175,0
2022-11-28 13:00:00,8175,8175,8175,8175,0
2022-11-28 13:01:00,8175,8175,8175,8175,0
2022-11-28 13:02:00,8175,8175,8175,8175,0
2022-11-28 13:03:00,8175,8175,8175,8175,0
2022-11-28 13:04:00,8175,8175,8175,8175,0
2022-11-28 13:05:00,8175,8175,8175,8175,0
2022-11-28 13:06:00,8175,8175,8175,8175,0
2022-11-28 13:07:00,8175,8175,8175,8175,0
2022-11-28 13:08:00,8175,8175,8175,8175,0
2022-11-28 13:09:00,8175,8175,8175,8175,0
2022-11-28 13:10:00,8175,8175,8175,8175,0
2022-11-28 13:11:00,8175,8175,8175,8175,0
2022-11-28 13:12:00,8175,8175,8175,8175,0
2022-11-28 13:13:00,8175,8175,8175,8175,0
2022-11-28 13:14:00,8175,8175,8175,8175,0
2022-11-28 13:15:00,8175,8175,8175,8175,0
2022-11-28 13:16:00,8175,8175,8175,8175,0
2022-11-28 13:17:00,8175,8175,8175,8175,0
2022-11-28 13:18:00,8175,8175,8175,8175,0
2022-11-28 13:19:00,8175,8175,8175,8175,0
2022-11-28 13:20:00,8175,8175,8175,8175,0
2022-11-28 13:21:00,8175,8175,8175,8175,0
2022-11-28 13:22:00,8175,8175,8175,8175,0
2022-11-28 13:23:00,8175,8175,8175,8175,0
2022-11-28 13:24:00,8175,8175,8175,8175,0
2022-11-28 13:25:00,8175,8175,8175,8175,0
2022-11-28 13:26:00,8175,8175,8175,8175,0
2022-11-28 13:27:00,8175,8175,8175,8175,0
2022-11-28 13:28:00,8175,8175,8175,8175,0
2022-11-28 13:29:00,8175,8175,8175,8175,0
2022-11-28 13:30:00,8175,8175,8200,8200,19400
2022-11-28 13:31:00,8175,8175,8200,8200,400
2022-11-28 13:32:00,8175,8175,8200,8200,0
2022-11-28 13:33:00,8200,8200,8200,8200,0
2022-11-28 13:34:00,8200,8200,8200,8200,0
2022-11-28 13:35:00,8200,8200,8200,8200,0
2022-11-28 13:36:00,8200,8200,8200,8200,0
2022-11-28 13:37:00,8200,8200,8200,8200,0
2022-11-28 13:38:00,8200,8200,8200,8200,100
2022-11-28 13:39:00,8200,8200,8200,8200,0
2022-11-28 13:40:00,8175,8175,8175,8175,200
2022-11-28 13:41:00,8200,8200,8200,8200,8900
2022-11-28 13:42:00,8200,8200,8200,8200,700
2022-11-28 13:43:00,8200,8200,8200,8200,0
2022-11-28 13:44:00,8200,8200,8200,8200,59700
2022-11-28 13:45:00,8200,8200,8200,8200,0
2022-11-28 13:46:00,8200,8200,8200,8200,6300
2022-11-28 13:47:00,8200,8200,8200,8200,0
2022-11-28 13:48:00,8200,8200,8200,8200,3400
2022-11-28 13:49:00,8200,8200,8200,8200,0
2022-11-28 13:50:00,8200,8200,8200,8200,5000
2022-11-28 13:51:00,8200,8200,8200,8200,200
2022-11-28 13:52:00,8200,8200,8200,8200,0
2022-11-28 13:53:00,8200,8200,8200,8200,0
2022-11-28 13:54:00,8200,8200,8200,8200,52700
2022-11-28 13:55:00,8200,8200,8200,8200,9600
2022-11-28 13:56:00,8200,8200,8200,8200,5100
2022-11-28 13:57:00,8200,8200,8200,8200,300
2022-11-28 13:58:00,8200,8175,8200,8200,7400
2022-11-28 13:59:00,8200,8200,8200,8200,0
2022-11-28 14:00:00,8200,8200,8200,8200,0
2022-11-28 14:01:00,8200,8200,8200,8200,500
2022-11-28 14:02:00,8200,8200,8200,8200,0
2022-11-28 14:03:00,8200,8175,8200,8175,1500
2022-11-28 14:04:00,8175,8175,8175,8175,14900
2022-11-28 14:05:00,8175,8175,8175,8175,1200
2022-11-28 14:06:00,8175,8175,8175,8175,0
2022-11-28 14:07:00,8175,8175,8200,8200,300
2022-11-28 14:08:00,8200,8200,8200,8200,1000
2022-11-28 14:09:00,8175,8175,8175,8175,5000
2022-11-28 14:10:00,8175,8175,8175,8175,0
2022-11-28 14:11:00,8200,8200,8200,8200,300
2022-11-28 14:12:00,8200,8200,8200,8200,0
2022-11-28 14:13:00,8175,8175,8200,8175,117900
2022-11-28 14:14:00,8200,8175,8200,8175,19500
2022-11-28 14:15:00,8175,8175,8175,8175,7000
2022-11-28 14:16:00,8175,8175,8175,8175,0
2022-11-28 14:17:00,8175,8175,8175,8175,0
2022-11-28 14:18:00,8175,8175,8175,8175,9500
2022-11-28 14:19:00,8175,8175,8200,8200,50700
2022-11-28 14:20:00,8175,8175,8175,8175,0
2022-11-28 14:21:00,8175,8175,8175,8175,100
2022-11-28 14:22:00,8175,8175,8175,8175,0
2022-11-28 14:23:00,8175,8175,8175,8175,15000
2022-11-28 14:24:00,8175,8175,8175,8175,0
2022-11-28 14:25:00,8175,8175,8175,8175,1000
2022-11-28 14:26:00,8175,8175,8175,8175,0
2022-11-28 14:27:00,8175,8175,8175,8175,5900
2022-11-28 14:28:00,8175,8175,8175,8175,0
2022-11-28 14:29:00,8175,8175,8175,8175,0
2022-11-28 14:30:00,8175,8175,8175,8175,8500
2022-11-28 14:31:00,8200,8200,8200,8200,0
2022-11-28 14:32:00,8175,8175,8175,8175,1300
2022-11-28 14:33:00,8200,8200,8200,8200,100
2022-11-28 14:34:00,8175,8175,8175,8175,7700
2022-11-28 14:35:00,8175,8175,8175,8175,200
2022-11-28 14:36:00,8175,8175,8175,8175,0
2022-11-28 14:37:00,8175,8175,8175,8175,1400
2022-11-28 14:38:00,8175,8175,8175,8175,400
2022-11-28 14:39:00,8175,8150,8200,8150,77100
2022-11-28 14:40:00,8150,8150,8175,8150,5700
2022-11-28 14:41:00,8175,8175,8175,8175,500
2022-11-28 14:42:00,8175,8150,8175,8150,14100
2022-11-28 14:43:00,8150,8150,8175,8175,28200
2022-11-28 14:44:00,8175,8175,8175,8175,7500
2022-11-28 14:45:00,8175,8150,8175,8150,42900
2022-11-28 14:46:00,8150,8125,8175,8150,84800
2022-11-28 14:47:00,8175,8175,8175,8175,0
2022-11-28 14:48:00,8175,8175,8200,8200,40200
2022-11-28 14:49:00,8200,8175,8200,8175,29400
2022-11-28 14:50:00,8200,8175,8200,8175,0
2022-11-28 14:51:00,8200,8175,8200,8175,0
2022-11-28 14:52:00,8200,8175,8200,8175,0
2022-11-28 14:53:00,8200,8175,8200,8175,0
2022-11-28 14:54:00,8200,8175,8200,8175,0
2022-11-28 14:55:00,8200,8175,8200,8175,0
2022-11-28 14:56:00,8200,8175,8200,8175,0
2022-11-28 14:57:00,8200,8175,8200,8175,0
2022-11-28 14:58:00,8200,8175,8200,8175,0
2022-11-28 14:59:00,8200,8175,8200,8175,0
2022-11-28 15:00:00,8225,8225,8225,8225,158900
2022-11-28 15:01:00,8225,8225,8225,8225,3600
2022-11-28 15:02:00,8225,8225,8225,8225,0
2022-11-28 15:03:00,8225,8225,8225,8225,100
2022-11-28 15:04:00,8225,8225,8225,8225,0
2022-11-28 15:05:00,8225,8225,8225,8225,0
2022-11-28 15:06:00,8225,8225,8225,8225,0
2022-11-28 15:07:00,8225,8225,8225,8225,0
2022-11-28 15:08:00,8225,8225,8225,8225,0
2022-11-28 15:09:00,8225,8225,8225,8225,0
2022-11-28 15:10:00,8225,8225,8225,8225,0
2022-11-28 15:11:00,8225,8225,8225,8225,0
2022-11-28 15:12:00,8225,8225,8225,8225,0
2022-11-28 15:13:00,8225,8225,8225,8225,2450700
2022-11-28 15:14:00,8225,8225,8225,8225,0
2022-11-28 15:15:00,8225,8225,8225,8225,0
2022-11-28 15:16:00,8225,8225,8225,8225,0
2022-11-28 15:17:00,8225,8225,8225,8225,0
2022-11-28 15:18:00,8225,8225,8225,8225,0
2022-11-28 15:19:00,8225,8225,8225,8225,0
2022-11-28 15:20:00,8225,8225,8225,8225,0
2022-11-28 15:21:00,8225,8225,8225,8225,0
2022-11-28 15:22:00,8225,8225,8225,8225,0
2022-11-28 15:23:00,8225,8225,8225,8225,0
2022-11-28 15:24:00,8225,8225,8225,8225,0
2022-11-28 15:25:00,8225,8225,8225,8225,0
2022-11-28 15:26:00,8225,8225,8225,8225,0
2022-11-28 15:27:00,8225,8225,8225,8225,0
2022-11-28 15:28:00,8225,8225,8225,8225,0
2022-11-28 15:29:00,8225,8225,8225,8225,0
2022-11-28 15:30:00,8225,8225,8225,8225,0
2022-11-28 15:31:00,8225,8225,8225,8225,0
2022-11-28 15:32:00,8225,8225,8225,8225,0
2022-11-28 15:33:00,8225,8225,8225,8225,0
2022-11-28 15:34:00,8225,8225,8225,8225,0
2022-11-28 15:35:00,8225,8225,8225,8225,0
2022-11-28 15:36:00,8225,8225,8225,8225,0
2022-11-28 15:37:00,8225,8225,8225,8225,0
2022-11-28 15:38:00,8225,8225,8225,8225,0
2022-11-28 15:39:00,8225,8225,8225,8225,0
2022-11-28 15:40:00,8225,8225,8225,8225,0
2022-11-28 15:41:00,8225,8225,8225,8225,0
2022-11-28 15:42:00,8225,8225,8225,8225,0
2022-11-28 15:43:00,8225,8225,8225,8225,0
2022-11-28 15:44:00,8225,8225,8225,8225,0
2022-11-28 15:45:00,8225,8225,8225,8225,0
2022-11-28 15:46:00,8225,8225,8225,8225,0
2022-11-28 15:47:00,8225,8225,8225,8225,0
2022-11-28 15:48:00,8225,8225,8225,8225,0
2022-11-28 15:49:00,8225,8225,8225,8225,0
2022-11-28 15:50:00,8225,8225,8225,8225,0
2022-11-28 15:51:00,8225,8225,8225,8225,0
2022-11-28 15:52:00,8225,8225,8225,8225,0
2022-11-28 15:53:00,8225,8225,8225,8225,0
2022-11-28 15:54:00,8225,8225,8225,8225,0
2022-11-28 15:55:00,8225,8225,8225,8225,0
2022-11-28 15:56:00,8225,8225,8225,8225,0
2022-11-28 15:57:00,8225,8225,8225,8225,0
2022-11-28 15:58:00,8225,8225,8225,8225,0
2022-11-28 15:59:00,8225,8225,8225,8225,0
2022-11-29 09:00:00,8225,8225,8225,8225,0
2022-11-29 09:01:00,8225,8225,8225,8225,0
2022-11-29 09:02:00,8200,8125,8225,8150,24300
2022-11-29 09:03:00,8125,8125,8175,8175,38900
2022-11-29 09:04:00,8175,8150,8225,8225,21900
2022-11-29 09:05:00,8175,8175,8200,8175,700
2022-11-29 09:06:00,8200,8200,8200,8200,2100
2022-11-29 09:07:00,8200,8200,8200,8200,10900
2022-11-29 09:08:00,8200,8200,8200,8200,0
2022-11-29 09:09:00,8200,8200,8225,8225,15200
2022-11-29 09:10:00,8200,8200,8225,8225,800
2022-11-29 09:11:00,8225,8200,8225,8225,2000
2022-11-29 09:12:00,8225,8200,8225,8225,0
2022-11-29 09:13:00,8225,8200,8225,8225,0
2022-11-29 09:14:00,8200,8200,8200,8200,200
2022-11-29 09:15:00,8200,8200,8225,8225,20000
2022-11-29 09:16:00,8200,8200,8225,8225,0
2022-11-29 09:17:00,8200,8200,8200,8200,15700
2022-11-29 09:18:00,8200,8175,8200,8175,6600
2022-11-29 09:19:00,8175,8175,8200,8200,6500
2022-11-29 09:20:00,8175,8175,8200,8200,5200
2022-11-29 09:21:00,8175,8175,8200,8200,0
2022-11-29 09:22:00,8200,8200,8200,8200,1700
2022-11-29 09:23:00,8175,8175,8200,8200,9800
2022-11-29 09:24:00,8175,8175,8200,8175,10500
2022-11-29 09:25:00,8175,8175,8175,8175,5000
2022-11-29 09:26:00,8175,8175,8175,8175,200
2022-11-29 09:27:00,8175,8175,8175,8175,3200
2022-11-29 09:28:00,8175,8175,8200,8200,11400
2022-11-29 09:29:00,8175,8150,8175,8150,5400
2022-11-29 09:30:00,8175,8175,8175,8175,4900
2022-11-29 09:31:00,8150,8150,8175,8175,14500
2022-11-29 09:32:00,8175,8175,8175,8175,0
2022-11-29 09:33:00,8150,8150,8175,8150,11900
2022-11-29 09:34:00,8150,8150,8150,8150,0
2022-11-29 09:35:00,8150,8150,8150,8150,0
2022-11-29 09:36:00,8150,8150,8150,8150,0
2022-11-29 09:37:00,8150,8150,8175,8175,3900
2022-11-29 09:38:00,8150,8150,8175,8175,2900
2022-11-29 09:39:00,8150,8150,8150,8150,1800
2022-11-29 09:40:00,8175,8175,8175,8175,0
2022-11-29 09:41:00,8175,8150,8175,8150,2000
2022-11-29 09:42:00,8150,8150,8150,8150,3500
2022-11-29 09:43:00,8150,8150,8150,8150,1600
2022-11-29 09:44:00,8150,8150,8175,8175,5700
2022-11-29 09:45:00,8150,8150,8175,8175,49300
2022-11-29 09:46:00,8175,8175,8175,8175,3400
2022-11-29 09:47:00,8175,8150,8175,8150,23500
2022-11-29 09:48:00,8175,8175,8175,8175,8700
2022-11-29 09:49:00,8175,8175,8175,8175,1200
2022-11-29 09:50:00,8175,8175,8175,8175,0
2022-11-29 09:51:00,8175,8175,8175,8175,300
2022-11-29 09:52:00,8175,8175,8175,8175,0
2022-11-29 09:53:00,8175,8175,8175,8175,0
2022-11-29 09:54:00,8175,8175,8175,8175,0
2022-11-29 09:55:00,8175,8175,8175,8175,100
2022-11-29 09:56:00,8175,8175,8175,8175,1300
2022-11-29 09:57:00,8175,8175,8200,8200,200
2022-11-29 09:58:00,8175,8175,8200,8200,0
2022-11-29 09:59:00,8200,8175,8200,8175,3300
2022-11-29 10:00:00,8200,8200,8200,8200,1000
2022-11-29 10:01:00,8175,8175,8175,8175,1300
2022-11-29 10:02:00,8175,8175,8175,8175,7500
2022-11-29 10:03:00,8175,8175,8175,8175,0
2022-11-29 10:04:00,8175,8175,8175,8175,10000
2022-11-29 10:05:00,8150,8150,8175,8175,3900
2022-11-29 10:06:00,8150,8150,8150,8150,3800
2022-11-29 10:07:00,8150,8150,8150,8150,0
2022-11-29 10:08:00,8150,8150,8150,8150,3600
2022-11-29 10:09:00,8150,8150,8150,8150,0
2022-11-29 10:10:00,8150,8150,8175,8175,6100
2022-11-29 10:11:00,8150,8150,8175,8175,34700
2022-11-29 10:12:00,8175,8175,8200,8200,2100
2022-11-29 10:13:00,8175,8175,8200,8200,1300
2022-11-29 10:14:00,8175,8175,8200,8200,52400
2022-11-29 10:15:00,8200,8200,8200,8200,100
2022-11-29 10:16:00,8200,8200,8200,8200,27000
2022-11-29 10:17:00,8200,8200,8200,8200,0
2022-11-29 10:18:00,8200,8200,8200,8200,0
2022-11-29 10:19:00,8200,8200,8200,8200,0
2022-11-29 10:20:00,8200,8200,8200,8200,16800
2022-11-29 10:21:00,8200,8175,8200,8175,5200
2022-11-29 10:22:00,8200,8200,8200,8200,500
2022-11-29 10:23:00,8175,8175,8200,8200,17000
2022-11-29 10:24:00,8175,8175,8200,8200,0
2022-11-29 10:25:00,8200,8200,8200,8200,800
2022-11-29 10:26:00,8225,8225,8225,8225,0
2022-11-29 10:27:00,8225,8225,8225,8225,0
2022-11-29 10:28:00,8225,8225,8225,8225,200
2022-11-29 10:29:00,8225,8225,8225,8225,0
2022-11-29 10:30:00,8200,8200,8200,8200,2700
2022-11-29 10:31:00,8225,8225,8225,8225,0
2022-11-29 10:32:00,8225,8225,8225,8225,100
2022-11-29 10:33:00,8225,8200,8225,8200,10100
2022-11-29 10:34:00,8200,8200,8200,8200,0
2022-11-29 10:35:00,8200,8200,8200,8200,0
2022-11-29 10:36:00,8200,8200,8200,8200,0
2022-11-29 10:37:00,8225,8225,8225,8225,10100
2022-11-29 10:38:00,8225,8225,8225,8225,0
2022-11-29 10:39:00,8225,8200,8225,8200,0
2022-11-29 10:40:00,8225,8200,8225,8200,0
2022-11-29 10:41:00,8225,8200,8225,8200,300
2022-11-29 10:42:00,8200,8200,8225,8225,106000
2022-11-29 10:43:00,8250,8250,8250,8250,6600
2022-11-29 10:44:00,8250,8225,8250,8225,900
2022-11-29 10:45:00,8225,8225,8225,8225,300
2022-11-29 10:46:00,8250,8250,8250,8250,0
2022-11-29 10:47:00,8225,8225,8225,8225,500
2022-11-29 10:48:00,8225,8225,8225,8225,700
2022-11-29 10:49:00,8250,8250,8250,8250,43800
2022-11-29 10:50:00,8250,8250,8250,8250,10200
2022-11-29 10:51:00,8250,8250,8250,8250,10500
2022-11-29 10:52:00,8250,8250,8250,8250,100
2022-11-29 10:53:00,8250,8250,8275,8275,22100
2022-11-29 10:54:00,8275,8275,8275,8275,49900
2022-11-29 10:55:00,8275,8275,8275,8275,4100
2022-11-29 10:56:00,8275,8275,8275,8275,0
2022-11-29 10:57:00,8275,8275,8275,8275,100
2022-11-29 10:58:00,8275,8275,8275,8275,0
2022-11-29 10:59:00,8250,8250,8250,8250,200
2022-11-29 11:00:00,8250,8250,8250,8250,700
2022-11-29 11:01:00,8275,8250,8275,8250,1700
2022-11-29 11:02:00,8275,8250,8275,8250,37800
2022-11-29 11:03:00,8250,8250,8250,8250,7300
2022-11-29 11:04:00,8250,8250,8250,8250,0
2022-11-29 11:05:00,8250,8250,8250,8250,0
2022-11-29 11:06:00,8225,8225,8225,8225,4500
2022-11-29 11:07:00,8250,8250,8250,8250,0
2022-11-29 11:08:00,8250,8250,8250,8250,0
2022-11-29 11:09:00,8250,8250,8250,8250,2000
2022-11-29 11:10:00,8250,8250,8250,8250,200
2022-11-29 11:11:00,8250,8250,8250,8250,0
2022-11-29 11:12:00,8250,8250,8250,8250,500
2022-11-29 11:13:00,8250,8250,8250,8250,0
2022-11-29 11:14:00,8250,8250,8250,8250,0
2022-11-29 11:15:00,8225,8225,8225,8225,1000
2022-11-29 11:16:00,8225,8225,8250,8225,2400
2022-11-29 11:17:00,8225,8225,8225,8225,5400
2022-11-29 11:18:00,8250,8250,8250,8250,500
2022-11-29 11:19:00,8250,8225,8250,8225,600
2022-11-29 11:20:00,8250,8225,8250,8225,300
2022-11-29 11:21:00,8250,8225,8250,8250,600
2022-11-29 11:22:00,8225,8225,8250,8250,5100
2022-11-29 11:23:00,8225,8225,8250,8250,600
2022-11-29 11:24:00,8225,8225,8250,8250,4400
2022-11-29 11:25:00,8225,8225,8250,8225,1500
2022-11-29 11:26:00,8225,8225,8250,8250,1000
2022-11-29 11:27:00,8225,8225,8250,8225,1200
2022-11-29 11:28:00,8250,8225,8250,8225,800
2022-11-29 11:29:00,8225,8225,8225,8225,0
2022-11-29 11:30:00,8225,8225,8225,8225,0
2022-11-29 11:31:00,8225,8225,8225,8225,0
2022-11-29 11:32:00,8225,8225,8225,8225,0
2022-11-29 11:33:00,8225,8225,8225,8225,0
2022-11-29 11:34:00,8225,8225,8225,8225,0
2022-11-29 11:35:00,8225,8225,8225,8225,0
2022-11-29 11:36:00,8225,8225,8225,8225,0
2022-11-29 11:37:00,8225,8225,8225,8225,0
2022-11-29 11:38:00,8225,8225,8225,8225,0
2022-11-29 11:39:00,8225,8225,8225,8225,0
2022-11-29 11:40:00,8225,8225,8225,8225,0
2022-11-29 11:41:00,8225,8225,8225,8225,0
2022-11-29 11:42:00,8225,8225,8225,8225,0
2022-11-29 11:43:00,8225,8225,8225,8225,0
2022-11-29 11:44:00,8225,8225,8225,8225,0
2022-11-29 11:45:00,8225,8225,8225,8225,0
2022-11-29 11:46:00,8225,8225,8225,8225,0
2022-11-29 11:47:00,8225,8225,8225,8225,0
2022-11-29 11:48:00,8225,8225,8225,8225,0
2022-11-29 11:49:00,8225,8225,8225,8225,0
2022-11-29 11:50:00,8225,8225,8225,8225,0
2022-11-29 11:51:00,8225,8225,8225,8225,0
2022-11-29 11:52:00,8225,8225,8225,8225,0
2022-11-29 11:53:00,8225,8225,8225,8225,0
2022-11-29 11:54:00,8225,8225,8225,8225,0
2022-11-29 11:55:00,8225,8225,8225,8225,0
2022-11-29 11:56:00,8225,8225,8225,8225,0
2022-11-29 11:57:00,8225,8225,8225,8225,0
2022-11-29 11:58:00,8225,8225,8225,8225,0
2022-11-29 11:59:00,8225,8225,8225,8225,0
2022-11-29 12:00:00,8225,8225,8225,8225,0
2022-11-29 12:01:00,8225,8225,8225,8225,0
2022-11-29 12:02:00,8225,8225,8225,8225,0
2022-11-29 12:03:00,8225,8225,8225,8225,0
2022-11-29 12:04:00,8225,8225,8225,8225,0
2022-11-29 12:05:00,8225,8225,8225,8225,0
2022-11-29 12:06:00,8225,8225,8225,8225,0
2022-11-29 12:07:00,8225,8225,8225,8225,0
2022-11-29 12:08:00,8225,8225,8225,8225,0
2022-11-29 12:09:00,8225,8225,8225,8225,0
2022-11-29 12:10:00,8225,8225,8225,8225,0
2022-11-29 12:11:00,8225,8225,8225,8225,0
2022-11-29 12:12:00,8225,8225,8225,8225,0
2022-11-29 12:13:00,8225,8225,8225,8225,0
2022-11-29 12:14:00,8225,8225,8225,8225,0
2022-11-29 12:15:00,8225,8225,8225,8225,0
2022-11-29 12:16:00,8225,8225,8225,8225,0
2022-11-29 12:17:00,8225,8225,8225,8225,0
2022-11-29 12:18:00,8225,8225,8225,8225,0
2022-11-29 12:19:00,8225,8225,8225,8225,0
2022-11-29 12:20:00,8225,8225,8225,8225,0
2022-11-29 12:21:00,8225,8225,8225,8225,0
2022-11-29 12:22:00,8225,8225,8225,8225,0
2022-11-29 12:23:00,8225,8225,8225,8225,0
2022-11-29 12:24:00,8225,8225,8225,8225,0
2022-11-29 12:25:00,8225,8225,8225,8225,0
2022-11-29 12:26:00,8225,8225,8225,8225,0
2022-11-29 12:27:00,8225,8225,8225,8225,0
2022-11-29 12:28:00,8225,8225,8225,8225,0
2022-11-29 12:29:00,8225,8225,8225,8225,0
2022-11-29 12:30:00,8225,8225,8225,8225,0
2022-11-29 12:31:00,8225,8225,8225,8225,0
2022-11-29 12:32:00,8225,8225,8225,8225,0
2022-11-29 12:33:00,8225,8225,8225,8225,0
2022-11-29 12:34:00,8225,8225,8225,8225,0
2022-11-29 12:35:00,8225,8225,8225,8225,0
2022-11-29 12:36:00,8225,8225,8225,8225,0
2022-11-29 12:37:00,8225,8225,8225,8225,0
2022-11-29 12:38:00,8225,8225,8225,8225,0
2022-11-29 12:39:00,8225,8225,8225,8225,0
2022-11-29 12:40:00,8225,8225,8225,8225,0
2022-11-29 12:41:00,8225,8225,8225,8225,0
2022-11-29 12:42:00,8225,8225,8225,8225,0
2022-11-29 12:43:00,8225,8225,8225,8225,0
2022-11-29 12:44:00,8225,8225,8225,8225,0
2022-11-29 12:45:00,8225,8225,8225,8225,0
2022-11-29 12:46:00,8225,8225,8225,8225,0
2022-11-29 12:47:00,8225,8225,8225,8225,0
2022-11-29 12:48:00,8225,8225,8225,8225,0
2022-11-29 12:49:00,8225,8225,8225,8225,0
2022-11-29 12:50:00,8225,8225,8225,8225,0
2022-11-29 12:51:00,8225,8225,8225,8225,0
2022-11-29 12:52:00,8225,8225,8225,8225,0
2022-11-29 12:53:00,8225,8225,8225,8225,0
2022-11-29 12:54:00,8225,8225,8225,8225,0
2022-11-29 12:55:00,8225,8225,8225,8225,0
2022-11-29 12:56:00,8225,8225,8225,8225,0
2022-11-29 12:57:00,8225,8225,8225,8225,0
2022-11-29 12:58:00,8225,8225,8225,8225,0
2022-11-29 12:59:00,8225,8225,8225,8225,0
2022-11-29 13:00:00,8225,8225,8225,8225,0
2022-11-29 13:01:00,8225,8225,8225,8225,0
2022-11-29 13:02:00,8225,8225,8225,8225,0
2022-11-29 13:03:00,8225,8225,8225,8225,0
2022-11-29 13:04:00,8225,8225,8225,8225,0
2022-11-29 13:05:00,8225,8225,8225,8225,0
2022-11-29 13:06:00,8225,8225,8225,8225,0
2022-11-29 13:07:00,8225,8225,8225,8225,0
2022-11-29 13:08:00,8225,8225,8225,8225,0
2022-11-29 13:09:00,8225,8225,8225,8225,0
2022-11-29 13:10:00,8225,8225,8225,8225,0
2022-11-29 13:11:00,8225,8225,8225,8225,0
2022-11-29 13:12:00,8225,8225,8225,8225,0
2022-11-29 13:13:00,8225,8225,8225,8225,0
2022-11-29 13:14:00,8225,8225,8225,8225,0
2022-11-29 13:15:00,8225,8225,8225,8225,0
2022-11-29 13:16:00,8225,8225,8225,8225,0
2022-11-29 13:17:00,8225,8225,8225,8225,0
2022-11-29 13:18:00,8225,8225,8225,8225,0
2022-11-29 13:19:00,8225,8225,8225,8225,0
2022-11-29 13:20:00,8225,8225,8225,8225,0
2022-11-29 13:21:00,8225,8225,8225,8225,0
2022-11-29 13:22:00,8225,8225,8225,8225,0
2022-11-29 13:23:00,8225,8225,8225,8225,0
2022-11-29 13:24:00,8225,8225,8225,8225,0
2022-11-29 13:25:00,8225,8225,8225,8225,0
2022-11-29 13:26:00,8225,8225,8225,8225,0
2022-11-29 13:27:00,8225,8225,8225,8225,0
2022-11-29 13:28:00,8225,8225,8225,8225,0
2022-11-29 13:29:00,8225,8225,8225,8225,0
2022-11-29 13:30:00,8225,8200,8225,8200,53100
2022-11-29 13:31:00,8200,8200,8225,8225,8300
2022-11-29 13:32:00,8225,8225,8225,8225,600
2022-11-29 13:33:00,8225,8225,8225,8225,0
2022-11-29 13:34:00,8200,8200,8200,8200,3000
2022-11-29 13:35:00,8200,8200,8200,8200,0
2022-11-29 13:36:00,8200,8200,8225,8225,3400
2022-11-29 13:37:00,8200,8200,8200,8200,4300
2022-11-29 13:38:00,8200,8200,8200,8200,1300
2022-11-29 13:39:00,8200,8200,8225,8225,4000
2022-11-29 13:40:00,8200,8200,8225,8225,500
2022-11-29 13:41:00,8200,8200,8200,8200,8700
2022-11-29 13:42:00,8200,8200,8200,8200,0
2022-11-29 13:43:00,8200,8200,8225,8225,4700
2022-11-29 13:44:00,8200,8200,8225,8225,5900
2022-11-29 13:45:00,8225,8200,8225,8200,2500
2022-11-29 13:46:00,8225,8200,8225,8200,0
2022-11-29 13:47:00,8225,8200,8225,8200,200
2022-11-29 13:48:00,8225,8225,8225,8225,300
2022-11-29 13:49:00,8225,8225,8225,8225,14800
2022-11-29 13:50:00,8200,8200,8225,8225,1800
2022-11-29 13:51:00,8200,8200,8225,8225,1100
2022-11-29 13:52:00,8225,8225,8225,8225,2700
2022-11-29 13:53:00,8200,8200,8225,8225,11900
2022-11-29 13:54:00,8200,8200,8200,8200,2200
2022-11-29 13:55:00,8200,8200,8200,8200,6000
2022-11-29 13:56:00,8200,8200,8200,8200,0
2022-11-29 13:57:00,8200,8200,8225,8225,2100
2022-11-29 13:58:00,8200,8200,8225,8225,2200
2022-11-29 13:59:00,8225,8225,8225,8225,1500
2022-11-29 14:00:00,8200,8200,8225,8225,11100
2022-11-29 14:01:00,8200,8200,8225,8200,3400
2022-11-29 14:02:00,8200,8200,8225,8225,1800
2022-11-29 14:03:00,8200,8200,8225,8200,4200
2022-11-29 14:04:00,8200,8200,8225,8225,1300
2022-11-29 14:05:00,8225,8225,8225,8225,2100
2022-11-29 14:06:00,8200,8200,8200,8200,3300
2022-11-29 14:07:00,8200,8200,8200,8200,0
2022-11-29 14:08:00,8200,8200,8225,8225,1200
2022-11-29 14:09:00,8200,8200,8225,8225,1500
2022-11-29 14:10:00,8200,8200,8200,8200,4300
2022-11-29 14:11:00,8200,8200,8200,8200,2200
2022-11-29 14:12:00,8200,8200,8200,8200,4800
2022-11-29 14:13:00,8200,8200,8225,8225,5100
2022-11-29 14:14:00,8200,8200,8225,8225,2600
2022-11-29 14:15:00,8200,8200,8225,8225,11700
2022-11-29 14:16:00,8200,8200,8225,8225,3100
2022-11-29 14:17:00,8200,8200,8200,8200,4400
2022-11-29 14:18:00,8200,8200,8250,8250,87800
2022-11-29 14:19:00,8225,8225,8250,8250,5900
2022-11-29 14:20:00,8225,8225,8225,8225,0
2022-11-29 14:21:00,8225,8225,8250,8250,700
2022-11-29 14:22:00,8250,8250,8250,8250,1400
2022-11-29 14:23:00,8250,8225,8250,8225,3900
2022-11-29 14:24:00,8225,8225,8250,8225,2300
2022-11-29 14:25:00,8250,8250,8250,8250,1100
2022-11-29 14:26:00,8225,8225,8250,8250,3600
2022-11-29 14:27:00,8250,8250,8250,8250,100
2022-11-29 14:28:00,8250,8250,8250,8250,0
2022-11-29 14:29:00,8225,8225,8225,8225,2900
2022-11-29 14:30:00,8225,8225,8250,8225,9100
2022-11-29 14:31:00,8225,8225,8250,8225,0
2022-11-29 14:32:00,8250,8225,8250,8225,1500
2022-11-29 14:33:00,8250,8250,8250,8250,1600
2022-11-29 14:34:00,8225,8225,8225,8225,28100
2022-11-29 14:35:00,8225,8225,8250,8250,0
2022-11-29 14:36:00,8225,8225,8250,8250,6500
2022-11-29 14:37:00,8250,8225,8250,8225,300
2022-11-29 14:38:00,8225,8225,8250,8250,1500
2022-11-29 14:39:00,8225,8225,8250,8250,5500
2022-11-29 14:40:00,8225,8225,8225,8225,3400
2022-11-29 14:41:00,8225,8225,8225,8225,43800
2022-11-29 14:42:00,8225,8200,8250,8225,15500
2022-11-29 14:43:00,8225,8225,8225,8225,8100
2022-11-29 14:44:00,8225,8225,8225,8225,6100
2022-11-29 14:45:00,8225,8200,8250,8225,3800
2022-11-29 14:46:00,8225,8200,8225,8225,3600
2022-11-29 14:47:00,8200,8200,8225,8225,11800
2022-11-29 14:48:00,8200,8200,8250,8250,7700
2022-11-29 14:49:00,8250,8200,8250,8200,28700
2022-11-29 14:50:00,8250,8200,8250,8200,0
2022-11-29 14:51:00,8250,8200,8250,8200,0
2022-11-29 14:52:00,8250,8200,8250,8200,0
2022-11-29 14:53:00,8250,8200,8250,8200,0
2022-11-29 14:54:00,8250,8200,8250,8200,0
2022-11-29 14:55:00,8250,8200,8250,8200,0
2022-11-29 14:56:00,8250,8200,8250,8200,0
2022-11-29 14:57:00,8250,8200,8250,8200,0
2022-11-29 14:58:00,8250,8200,8250,8200,0
2022-11-29 14:59:00,8250,8200,8250,8200,0
2022-11-29 15:00:00,8175,8175,8175,8175,218800
2022-11-29 15:01:00,8175,8175,8175,8175,4500
2022-11-29 15:02:00,8175,8175,8175,8175,0
2022-11-29 15:03:00,8175,8175,8175,8175,0
2022-11-29 15:04:00,8175,8175,8175,8175,300
2022-11-29 15:05:00,8175,8175,8175,8175,0
2022-11-29 15:06:00,8175,8175,8175,8175,1636200
2022-11-29 15:07:00,8175,8175,8175,8175,0
2022-11-29 15:08:00,8175,8175,8175,8175,0
2022-11-29 15:09:00,8175,8175,8175,8175,0
2022-11-29 15:10:00,8175,8175,8175,8175,0
2022-11-29 15:11:00,8175,8175,8175,8175,0
2022-11-29 15:12:00,8175,8175,8175,8175,0
2022-11-29 15:13:00,8175,8175,8175,8175,0
2022-11-29 15:14:00,8175,8175,8175,8175,0
2022-11-29 15:15:00,8175,8175,8175,8175,0
2022-11-29 15:16:00,8175,8175,8175,8175,0
2022-11-29 15:17:00,8175,8175,8175,8175,0
2022-11-29 15:18:00,8175,8175,8175,8175,0
2022-11-29 15:19:00,8175,8175,8175,8175,0
2022-11-29 15:20:00,8175,8175,8175,8175,0
2022-11-29 15:21:00,8175,8175,8175,8175,0
2022-11-29 15:22:00,8175,8175,8175,8175,0
2022-11-29 15:23:00,8175,8175,8175,8175,0
2022-11-29 15:24:00,8175,8175,8175,8175,0
2022-11-29 15:25:00,8175,8175,8175,8175,0
2022-11-29 15:26:00,8175,8175,8175,8175,0
2022-11-29 15:27:00,8175,8175,8175,8175,0
2022-11-29 15:28:00,8175,8175,8175,8175,0
2022-11-29 15:29:00,8175,8175,8175,8175,0
2022-11-29 15:30:00,8175,8175,8175,8175,0
2022-11-29 15:31:00,8175,8175,8175,8175,0
2022-11-29 15:32:00,8175,8175,8175,8175,0
2022-11-29 15:33:00,8175,8175,8175,8175,0
2022-11-29 15:34:00,8175,8175,8175,8175,0
2022-11-29 15:35:00,8175,8175,8175,8175,0
2022-11-29 15:36:00,8175,8175,8175,8175,0
2022-11-29 15:37:00,8175,8175,8175,8175,0
2022-11-29 15:38:00,8175,8175,8175,8175,0
2022-11-29 15:39:00,8175,8175,8175,8175,0
2022-11-29 15:40:00,8175,8175,8175,8175,0
2022-11-29 15:41:00,8175,8175,8175,8175,0
2022-11-29 15:42:00,8175,8175,8175,8175,0
2022-11-29 15:43:00,8175,8175,8175,8175,0
2022-11-29 15:44:00,8175,8175,8175,8175,0
2022-11-29 15:45:00,8175,8175,8175,8175,0
2022-11-29 15:46:00,8175,8175,8175,8175,0
2022-11-29 15:47:00,8175,8175,8175,8175,0
2022-11-29 15:48:00,8175,8175,8175,8175,0
2022-11-29 15:49:00,8175,8175,8175,8175,0
2022-11-29 15:50:00,8175,8175,8175,8175,0
2022-11-29 15:51:00,8175,8175,8175,8175,0
2022-11-29 15:52:00,8175,8175,8175,8175,0
2022-11-29 15:53:00,8175,8175,8175,8175,0
2022-11-29 15:54:00,8175,8175,8175,8175,0
2022-11-29 15:55:00,8175,8175,8175,8175,0
2022-11-29 15:56:00,8175,8175,8175,8175,0
2022-11-29 15:57:00,8175,8175,8175,8175,0
2022-11-29 15:58:00,8175,8175,8175,8175,0
2022-11-29 15:59:00,8175,8175,8175,8175,0
2022-11-30 09:00:00,8200,8175,8275,8200,0
2022-11-30 09:01:00,8200,8200,8200,8200,0
2022-11-30 09:02:00,8200,8200,8200,8200,300
2022-11-30 09:03:00,8200,8200,8200,8200,800
2022-11-30 09:04:00,8200,8200,8200,8200,20100
2022-11-30 09:05:00,8200,8200,8200,8200,0
2022-11-30 09:06:00,8200,8200,8200,8200,0
2022-11-30 09:07:00,8200,8200,8200,8200,12700
2022-11-30 09:08:00,8225,8225,8225,8225,7400
2022-11-30 09:09:00,8225,8225,8225,8225,5200
2022-11-30 09:10:00,8225,8225,8225,8225,2600
2022-11-30 09:11:00,8225,8225,8225,8225,4900
2022-11-30 09:12:00,8250,8250,8250,8250,0
2022-11-30 09:13:00,8225,8225,8225,8225,500
2022-11-30 09:14:00,8225,8225,8225,8225,7300
2022-11-30 09:15:00,8225,8225,8225,8225,100
2022-11-30 09:16:00,8225,8225,8225,8225,6400
2022-11-30 09:17:00,8225,8225,8225,8225,72500
2022-11-30 09:18:00,8225,8225,8225,8225,3000
2022-11-30 09:19:00,8225,8175,8250,8175,125000
2022-11-30 09:20:00,8200,8200,8200,8200,58400
2022-11-30 09:21:00,8225,8225,8225,8225,3300
2022-11-30 09:22:00,8225,8225,8225,8225,3800
2022-11-30 09:23:00,8225,8225,8225,8225,0
2022-11-30 09:24:00,8225,8225,8250,8250,15200
2022-11-30 09:25:00,8250,8250,8250,8250,0
2022-11-30 09:26:00,8250,8250,8250,8250,0
2022-11-30 09:27:00,8225,8225,8250,8250,14000
2022-11-30 09:28:00,8250,8250,8250,8250,0
2022-11-30 09:29:00,8250,8250,8250,8250,5800
2022-11-30 09:30:00,8250,8250,8250,8250,43400
2022-11-30 09:31:00,8250,8250,8250,8250,0
2022-11-30 09:32:00,8250,8250,8250,8250,100
2022-11-30 09:33:00,8250,8250,8250,8250,5700
2022-11-30 09:34:00,8225,8225,8225,8225,700
2022-11-30 09:35:00,8250,8250,8250,8250,12800
2022-11-30 09:36:00,8250,8250,8250,8250,1600
2022-11-30 09:37:00,8250,8250,8250,8250,0
2022-11-30 09:38:00,8225,8225,8225,8225,44600
2022-11-30 09:39:00,8225,8225,8225,8225,15100
2022-11-30 09:40:00,8225,8225,8225,8225,0
2022-11-30 09:41:00,8225,8225,8225,8225,0
2022-11-30 09:42:00,8225,8225,8225,8225,0
2022-11-30 09:43:00,8225,8225,8225,8225,1200
2022-11-30 09:44:00,8225,8225,8225,8225,200
2022-11-30 09:45:00,8225,8225,8225,8225,100
2022-11-30 09:46:00,8225,8225,8225,8225,300
2022-11-30 09:47:00,8225,8225,8225,8225,0
2022-11-30 09:48:00,8225,8225,8225,8225,0
2022-11-30 09:49:00,8225,8225,8225,8225,400
2022-11-30 09:50:00,8225,8225,8225,8225,0
2022-11-30 09:51:00,8225,8225,8225,8225,0
2022-11-30 09:52:00,8225,8225,8225,8225,0
2022-11-30 09:53:00,8225,8225,8225,8225,0
2022-11-30 09:54:00,8225,8225,8225,8225,1000
2022-11-30 09:55:00,8225,8225,8225,8225,0
2022-11-30 09:56:00,8200,8200,8225,8200,1100
2022-11-30 09:57:00,8200,8200,8225,8200,0
2022-11-30 09:58:00,8225,8225,8225,8225,2700
2022-11-30 09:59:00,8225,8225,8225,8225,0
2022-11-30 10:00:00,8225,8225,8225,8225,0
2022-11-30 10:01:00,8225,8225,8225,8225,400
2022-11-30 10:02:00,8225,8225,8225,8225,0
2022-11-30 10:03:00,8225,8225,8225,8225,0
2022-11-30 10:04:00,8200,8200,8225,8225,2300
2022-11-30 10:05:00,8225,8225,8225,8225,7400
2022-11-30 10:06:00,8225,8225,8225,8225,0
2022-11-30 10:07:00,8225,8225,8225,8225,0
2022-11-30 10:08:00,8225,8225,8225,8225,0
2022-11-30 10:09:00,8225,8225,8225,8225,1000
2022-11-30 10:10:00,8225,8225,8225,8225,0
2022-11-30 10:11:00,8225,8225,8225,8225,6600
2022-11-30 10:12:00,8200,8200,8225,8225,400
2022-11-30 10:13:00,8200,8200,8225,8225,0
2022-11-30 10:14:00,8200,8200,8225,8225,0
2022-11-30 10:15:00,8225,8225,8225,8225,100
2022-11-30 10:16:00,8225,8225,8225,8225,0
2022-11-30 10:17:00,8225,8225,8225,8225,0
2022-11-30 10:18:00,8200,8200,8200,8200,1200
2022-11-30 10:19:00,8225,8200,8225,8200,2000
2022-11-30 10:20:00,8225,8200,8225,8200,0
2022-11-30 10:21:00,8225,8200,8225,8200,0
2022-11-30 10:22:00,8200,8200,8225,8225,23500
2022-11-30 10:23:00,8200,8200,8225,8225,0
2022-11-30 10:24:00,8200,8200,8225,8225,900
2022-11-30 10:25:00,8200,8200,8225,8225,0
2022-11-30 10:26:00,8225,8225,8225,8225,1100
2022-11-30 10:27:00,8225,8225,8225,8225,21200
2022-11-30 10:28:00,8225,8225,8225,8225,0
2022-11-30 10:29:00,8225,8225,8225,8225,0
2022-11-30 10:30:00,8225,8225,8225,8225,0
2022-11-30 10:31:00,8225,8225,8225,8225,0
2022-11-30 10:32:00,8225,8200,8225,8200,900
2022-11-30 10:33:00,8200,8200,8225,8225,2000
2022-11-30 10:34:00,8200,8200,8225,8225,0
2022-11-30 10:35:00,8225,8225,8225,8225,3300
2022-11-30 10:36:00,8225,8225,8225,8225,0
2022-11-30 10:37:00,8200,8200,8225,8225,55100
2022-11-30 10:38:00,8225,8225,8225,8225,1700
2022-11-30 10:39:00,8225,8225,8225,8225,0
2022-11-30 10:40:00,8225,8200,8225,8225,800
2022-11-30 10:41:00,8225,8225,8225,8225,16800
2022-11-30 10:42:00,8225,8225,8250,8250,11700
2022-11-30 10:43:00,8225,8225,8250,8250,0
2022-11-30 10:44:00,8250,8250,8250,8250,1400
2022-11-30 10:45:00,8250,8250,8250,8250,0
2022-11-30 10:46:00,8250,8250,8250,8250,600
2022-11-30 10:47:00,8250,8250,8250,8250,0
2022-11-30 10:48:00,8250,8250,8250,8250,200
2022-11-30 10:49:00,8250,8250,8250,8250,0
2022-11-30 10:50:00,8250,8250,8250,8250,0
2022-11-30 10:51:00,8250,8225,8250,8250,4000
2022-11-30 10:52:00,8250,8250,8250,8250,2700
2022-11-30 10:53:00,8250,8250,8250,8250,0
2022-11-30 10:54:00,8250,8250,8250,8250,0
2022-11-30 10:55:00,8250,8250,8250,8250,0
2022-11-30 10:56:00,8250,8250,8250,8250,0
2022-11-30 10:57:00,8250,8250,8250,8250,0
2022-11-30 10:58:00,8225,8225,8250,8250,2200
2022-11-30 10:59:00,8250,8250,8250,8250,2200
2022-11-30 11:00:00,8225,8225,8225,8225,35100
2022-11-30 11:01:00,8225,8225,8225,8225,0
2022-11-30 11:02:00,8225,8225,8225,8225,0
2022-11-30 11:03:00,8225,8225,8225,8225,1100
2022-11-30 11:04:00,8225,8225,8225,8225,8900
2022-11-30 11:05:00,8200,8200,8200,8200,0
2022-11-30 11:06:00,8200,8200,8200,8200,0
2022-11-30 11:07:00,8225,8225,8250,8250,18800
2022-11-30 11:08:00,8225,8225,8225,8225,0
2022-11-30 11:09:00,8225,8225,8250,8225,10100
2022-11-30 11:10:00,8225,8225,8225,8225,0
2022-11-30 11:11:00,8225,8225,8225,8225,3300
2022-11-30 11:12:00,8225,8225,8225,8225,1000
2022-11-30 11:13:00,8225,8225,8225,8225,0
2022-11-30 11:14:00,8225,8225,8225,8225,0
2022-11-30 11:15:00,8225,8225,8225,8225,6600
2022-11-30 11:16:00,8225,8225,8225,8225,700
2022-11-30 11:17:00,8225,8225,8225,8225,900
2022-11-30 11:18:00,8225,8225,8225,8225,300
2022-11-30 11:19:00,8225,8225,8225,8225,0
2022-11-30 11:20:00,8225,8225,8225,8225,10200
2022-11-30 11:21:00,8250,8225,8250,8225,3200
2022-11-30 11:22:00,8250,8225,8250,8250,0
2022-11-30 11:23:00,8250,8225,8250,8250,0
2022-11-30 11:24:00,8250,8250,8250,8250,1300
2022-11-30 11:25:00,8225,8225,8225,8225,26800
2022-11-30 11:26:00,8225,8225,8225,8225,6500
2022-11-30 11:27:00,8225,8200,8225,8225,10400
2022-11-30 11:28:00,8225,8225,8225,8225,5600
2022-11-30 11:29:00,8225,8225,8225,8225,0
2022-11-30 11:30:00,8225,8225,8225,8225,0
2022-11-30 11:31:00,8225,8225,8225,8225,0
2022-11-30 11:32:00,8225,8225,8225,8225,0
2022-11-30 11:33:00,8225,8225,8225,8225,0
2022-11-30 11:34:00,8225,8225,8225,8225,0
2022-11-30 11:35:00,8225,8225,8225,8225,0
2022-11-30 11:36:00,8225,8225,8225,8225,0
2022-11-30 11:37:00,8225,8225,8225,8225,0
2022-11-30 11:38:00,8225,8225,8225,8225,0
2022-11-30 11:39:00,8225,8225,8225,8225,0
2022-11-30 11:40:00,8225,8225,8225,8225,0
2022-11-30 11:41:00,8225,8225,8225,8225,0
2022-11-30 11:42:00,8225,8225,8225,8225,0
2022-11-30 11:43:00,8225,8225,8225,8225,0
2022-11-30 11:44:00,8225,8225,8225,8225,0
2022-11-30 11:45:00,8225,8225,8225,8225,0
2022-11-30 11:46:00,8225,8225,8225,8225,0
2022-11-30 11:47:00,8225,8225,8225,8225,0
2022-11-30 11:48:00,8225,8225,8225,8225,0
2022-11-30 11:49:00,8225,8225,8225,8225,0
2022-11-30 11:50:00,8225,8225,8225,8225,0
2022-11-30 11:51:00,8225,8225,8225,8225,0
2022-11-30 11:52:00,8225,8225,8225,8225,0
2022-11-30 11:53:00,8225,8225,8225,8225,0
2022-11-30 11:54:00,8225,8225,8225,8225,0
2022-11-30 11:55:00,8225,8225,8225,8225,0
2022-11-30 11:56:00,8225,8225,8225,8225,0
2022-11-30 11:57:00,8225,8225,8225,8225,0
2022-11-30 11:58:00,8225,8225,8225,8225,0
2022-11-30 11:59:00,8225,8225,8225,8225,0
2022-11-30 12:00:00,8225,8225,8225,8225,0
2022-11-30 12:01:00,8225,8225,8225,8225,0
2022-11-30 12:02:00,8225,8225,8225,8225,0
2022-11-30 12:03:00,8225,8225,8225,8225,0
2022-11-30 12:04:00,8225,8225,8225,8225,0
2022-11-30 12:05:00,8225,8225,8225,8225,0
2022-11-30 12:06:00,8225,8225,8225,8225,0
2022-11-30 12:07:00,8225,8225,8225,8225,0
2022-11-30 12:08:00,8225,8225,8225,8225,0
2022-11-30 12:09:00,8225,8225,8225,8225,0
2022-11-30 12:10:00,8225,8225,8225,8225,0
2022-11-30 12:11:00,8225,8225,8225,8225,0
2022-11-30 12:12:00,8225,8225,8225,8225,0
2022-11-30 12:13:00,8225,8225,8225,8225,0
2022-11-30 12:14:00,8225,8225,8225,8225,0
2022-11-30 12:15:00,8225,8225,8225,8225,0
2022-11-30 12:16:00,8225,8225,8225,8225,0
2022-11-30 12:17:00,8225,8225,8225,8225,0
2022-11-30 12:18:00,8225,8225,8225,8225,0
2022-11-30 12:19:00,8225,8225,8225,8225,0
2022-11-30 12:20:00,8225,8225,8225,8225,0
2022-11-30 12:21:00,8225,8225,8225,8225,0
2022-11-30 12:22:00,8225,8225,8225,8225,0
2022-11-30 12:23:00,8225,8225,8225,8225,0
2022-11-30 12:24:00,8225,8225,8225,8225,0
2022-11-30 12:25:00,8225,8225,8225,8225,0
2022-11-30 12:26:00,8225,8225,8225,8225,0
2022-11-30 12:27:00,8225,8225,8225,8225,0
2022-11-30 12:28:00,8225,8225,8225,8225,0
2022-11-30 12:29:00,8225,8225,8225,8225,0
2022-11-30 12:30:00,8225,8225,8225,8225,0
2022-11-30 12:31:00,8225,8225,8225,8225,0
2022-11-30 12:32:00,8225,8225,8225,8225,0
2022-11-30 12:33:00,8225,8225,8225,8225,0
2022-11-30 12:34:00,8225,8225,8225,8225,0
2022-11-30 12:35:00,8225,8225,8225,8225,0
2022-11-30 12:36:00,8225,8225,8225,8225,0
2022-11-30 12:37:00,8225,8225,8225,8225,0
2022-11-30 12:38:00,8225,8225,8225,8225,0
2022-11-30 12:39:00,8225,8225,8225,8225,0
2022-11-30 12:40:00,8225,8225,8225,8225,0
2022-11-30 12:41:00,8225,8225,8225,8225,0
2022-11-30 12:42:00,8225,8225,8225,8225,0
2022-11-30 12:43:00,8225,8225,8225,8225,0
2022-11-30 12:44:00,8225,8225,8225,8225,0
2022-11-30 12:45:00,8225,8225,8225,8225,0
2022-11-30 12:46:00,8225,8225,8225,8225,0
2022-11-30 12:47:00,8225,8225,8225,8225,0
2022-11-30 12:48:00,8225,8225,8225,8225,0
2022-11-30 12:49:00,8225,8225,8225,8225,0
2022-11-30 12:50:00,8225,8225,8225,8225,0
2022-11-30 12:51:00,8225,8225,8225,8225,0
2022-11-30 12:52:00,8225,8225,8225,8225,0
2022-11-30 12:53:00,8225,8225,8225,8225,0
2022-11-30 12:54:00,8225,8225,8225,8225,0
2022-11-30 12:55:00,8225,8225,8225,8225,0
2022-11-30 12:56:00,8225,8225,8225,8225,0
2022-11-30 12:57:00,8225,8225,8225,8225,0
2022-11-30 12:58:00,8225,8225,8225,8225,0
2022-11-30 12:59:00,8225,8225,8225,8225,0
2022-11-30 13:00:00,8225,8225,8225,8225,0
2022-11-30 13:01:00,8225,8225,8225,8225,0
2022-11-30 13:02:00,8225,8225,8225,8225,0
2022-11-30 13:03:00,8225,8225,8225,8225,0
2022-11-30 13:04:00,8225,8225,8225,8225,0
2022-11-30 13:05:00,8225,8225,8225,8225,0
2022-11-30 13:06:00,8225,8225,8225,8225,0
2022-11-30 13:07:00,8225,8225,8225,8225,0
2022-11-30 13:08:00,8225,8225,8225,8225,0
2022-11-30 13:09:00,8225,8225,8225,8225,0
2022-11-30 13:10:00,8225,8225,8225,8225,0
2022-11-30 13:11:00,8225,8225,8225,8225,0
2022-11-30 13:12:00,8225,8225,8225,8225,0
2022-11-30 13:13:00,8225,8225,8225,8225,0
2022-11-30 13:14:00,8225,8225,8225,8225,0
2022-11-30 13:15:00,8225,8225,8225,8225,0
2022-11-30 13:16:00,8225,8225,8225,8225,0
2022-11-30 13:17:00,8225,8225,8225,8225,0
2022-11-30 13:18:00,8225,8225,8225,8225,0
2022-11-30 13:19:00,8225,8225,8225,8225,0
2022-11-30 13:20:00,8225,8225,8225,8225,0
2022-11-30 13:21:00,8225,8225,8225,8225,0
2022-11-30 13:22:00,8225,8225,8225,8225,0
2022-11-30 13:23:00,8225,8225,8225,8225,0
2022-11-30 13:24:00,8225,8225,8225,8225,0
2022-11-30 13:25:00,8225,8225,8225,8225,0
2022-11-30 13:26:00,8225,8225,8225,8225,0
2022-11-30 13:27:00,8225,8225,8225,8225,0
2022-11-30 13:28:00,8225,8225,8225,8225,0
2022-11-30 13:29:00,8225,8225,8225,8225,0
2022-11-30 13:30:00,8225,8225,8250,8225,16500
2022-11-30 13:31:00,8225,8225,8225,8225,3700
2022-11-30 13:32:00,8225,8225,8250,8250,3500
2022-11-30 13:33:00,8250,8250,8250,8250,2200
2022-11-30 13:34:00,8250,8250,8250,8250,0
2022-11-30 13:35:00,8250,8250,8250,8250,0
2022-11-30 13:36:00,8225,8225,8250,8250,7400
2022-11-30 13:37:00,8225,8225,8250,8250,0
2022-11-30 13:38:00,8225,8225,8250,8250,600
2022-11-30 13:39:00,8225,8225,8225,8225,9700
2022-11-30 13:40:00,8225,8225,8250,8225,18400
2022-11-30 13:41:00,8225,8225,8225,8225,2600
2022-11-30 13:42:00,8250,8250,8250,8250,10000
2022-11-30 13:43:00,8225,8225,8225,8225,200
2022-11-30 13:44:00,8225,8225,8250,8250,1900
2022-11-30 13:45:00,8250,8250,8250,8250,0
2022-11-30 13:46:00,8225,8225,8250,8250,4300
2022-11-30 13:47:00,8225,8225,8225,8225,0
2022-11-30 13:48:00,8225,8225,8250,8225,2800
2022-11-30 13:49:00,8225,8225,8250,8225,0
2022-11-30 13:50:00,8225,8225,8250,8250,1100
2022-11-30 13:51:00,8225,8225,8225,8225,700
2022-11-30 13:52:00,8225,8225,8250,8250,41700
2022-11-30 13:53:00,8225,8225,8225,8225,49200
2022-11-30 13:54:00,8225,8225,8225,8225,0
2022-11-30 13:55:00,8225,8225,8225,8225,3600
2022-11-30 13:56:00,8225,8225,8225,8225,13200
2022-11-30 13:57:00,8225,8225,8225,8225,0
2022-11-30 13:58:00,8225,8225,8225,8225,0
2022-11-30 13:59:00,8225,8225,8225,8225,0
2022-11-30 14:00:00,8225,8225,8225,8225,700
2022-11-30 14:01:00,8225,8225,8225,8225,2000
2022-11-30 14:02:00,8225,8225,8250,8250,500
2022-11-30 14:03:00,8225,8225,8250,8250,0
2022-11-30 14:04:00,8250,8250,8250,8250,900
2022-11-30 14:05:00,8250,8250,8250,8250,1900
2022-11-30 14:06:00,8250,8250,8250,8250,0
2022-11-30 14:07:00,8250,8250,8300,8300,300100
2022-11-30 14:08:00,8300,8275,8300,8300,61900
2022-11-30 14:09:00,8300,8300,8325,8325,274100
2022-11-30 14:10:00,8325,8325,8350,8350,232500
2022-11-30 14:11:00,8325,8325,8350,8325,85600
2022-11-30 14:12:00,8325,8325,8325,8325,49000
2022-11-30 14:13:00,8350,8325,8350,8325,3600
2022-11-30 14:14:00,8325,8325,8350,8350,5600
2022-11-30 14:15:00,8325,8325,8350,8325,0
2022-11-30 14:16:00,8325,8325,8350,8325,66200
2022-11-30 14:17:00,8325,8325,8350,8325,33900
2022-11-30 14:18:00,8325,8325,8325,8325,11000
2022-11-30 14:19:00,8325,8325,8325,8325,17200
2022-11-30 14:20:00,8325,8325,8350,8325,21100
2022-11-30 14:21:00,8350,8350,8350,8350,0
2022-11-30 14:22:00,8350,8325,8350,8350,17100
2022-11-30 14:23:00,8325,8325,8325,8325,0
2022-11-30 14:24:00,8350,8325,8375,8375,151800
2022-11-30 14:25:00,8375,8350,8375,8375,39500
2022-11-30 14:26:00,8350,8350,8350,8350,2100
2022-11-30 14:27:00,8350,8350,8350,8350,8200
2022-11-30 14:28:00,8350,8350,8375,8375,26200
2022-11-30 14:29:00,8375,8375,8375,8375,7800
2022-11-30 14:30:00,8350,8350,8375,8375,1500
2022-11-30 14:31:00,8350,8350,8375,8375,6700
2022-11-30 14:32:00,8375,8375,8375,8375,29000
2022-11-30 14:33:00,8350,8350,8350,8350,151100
2022-11-30 14:34:00,8350,8325,8350,8325,35000
2022-11-30 14:35:00,8325,8325,8325,8325,3100
2022-11-30 14:36:00,8325,8325,8350,8325,55400
2022-11-30 14:37:00,8325,8300,8325,8300,14000
2022-11-30 14:38:00,8300,8300,8300,8300,5100
2022-11-30 14:39:00,8300,8300,8325,8325,19700
2022-11-30 14:40:00,8300,8300,8325,8325,8500
2022-11-30 14:41:00,8325,8325,8325,8325,17100
2022-11-30 14:42:00,8325,8325,8325,8325,1600
2022-11-30 14:43:00,8325,8325,8350,8325,55600
2022-11-30 14:44:00,8325,8325,8350,8350,14200
2022-11-30 14:45:00,8350,8325,8350,8325,24600
2022-11-30 14:46:00,8325,8325,8350,8350,28800
2022-11-30 14:47:00,8350,8300,8350,8325,116200
2022-11-30 14:48:00,8300,8300,8300,8300,8400
2022-11-30 14:49:00,8325,8300,8325,8300,4600
2022-11-30 14:50:00,8325,8300,8325,8300,0
2022-11-30 14:51:00,8325,8300,8325,8300,0
2022-11-30 14:52:00,8325,8300,8325,8300,0
2022-11-30 14:53:00,8325,8300,8325,8300,0
2022-11-30 14:54:00,8325,8300,8325,8300,0
2022-11-30 14:55:00,8325,8300,8325,8300,0
2022-11-30 14:56:00,8325,8300,8325,8300,0
2022-11-30 14:57:00,8325,8300,8325,8300,0
2022-11-30 14:58:00,8325,8300,8325,8300,0
2022-11-30 14:59:00,8325,8300,8325,8300,0
2022-11-30 15:00:00,8350,8350,8350,8350,345800
2022-11-30 15:01:00,8350,8350,8350,8350,900
2022-11-30 15:02:00,8350,8350,8350,8350,114800
2022-11-30 15:03:00,8350,8350,8350,8350,10900
2022-11-30 15:04:00,8350,8350,8350,8350,20200
2022-11-30 15:05:00,8350,8350,8350,8350,13900
2022-11-30 15:06:00,8350,8350,8350,8350,41400
2022-11-30 15:07:00,8350,8350,8350,8350,8500
2022-11-30 15:08:00,8350,8350,8350,8350,3900
2022-11-30 15:09:00,8350,8350,8350,8350,24300
2022-11-30 15:10:00,8350,8350,8350,8350,10800
2022-11-30 15:11:00,8350,8350,8350,8350,23200
2022-11-30 15:12:00,8350,8350,8350,8350,200
2022-11-30 15:13:00,8350,8350,8350,8350,3657900
2022-11-30 15:14:00,8350,8350,8350,8350,0
2022-11-30 15:15:00,8350,8350,8350,8350,0
2022-11-30 15:16:00,8350,8350,8350,8350,0
2022-11-30 15:17:00,8350,8350,8350,8350,0
2022-11-30 15:18:00,8350,8350,8350,8350,0
2022-11-30 15:19:00,8350,8350,8350,8350,0
2022-11-30 15:20:00,8350,8350,8350,8350,0
2022-11-30 15:21:00,8350,8350,8350,8350,0
2022-11-30 15:22:00,8350,8350,8350,8350,0
2022-11-30 15:23:00,8350,8350,8350,8350,0
2022-11-30 15:24:00,8350,8350,8350,8350,0
2022-11-30 15:25:00,8350,8350,8350,8350,0
2022-11-30 15:26:00,8350,8350,8350,8350,0
2022-11-30 15:27:00,8350,8350,8350,8350,0
2022-11-30 15:28:00,8350,8350,8350,8350,0
2022-11-30 15:29:00,8350,8350,8350,8350,0
2022-11-30 15:30:00,8350,8350,8350,8350,0
2022-11-30 15:31:00,8350,8350,8350,8350,0
2022-11-30 15:32:00,8350,8350,8350,8350,0
2022-11-30 15:33:00,8350,8350,8350,8350,0
2022-11-30 15:34:00,8350,8350,8350,8350,0
2022-11-30 15:35:00,8350,8350,8350,8350,0
2022-11-30 15:36:00,8350,8350,8350,8350,0
2022-11-30 15:37:00,8350,8350,8350,8350,0
2022-11-30 15:38:00,8350,8350,8350,8350,0
2022-11-30 15:39:00,8350,8350,8350,8350,0
2022-11-30 15:40:00,8350,8350,8350,8350,0
2022-11-30 15:41:00,8350,8350,8350,8350,0
2022-11-30 15:42:00,8350,8350,8350,8350,0
2022-11-30 15:43:00,8350,8350,8350,8350,0
2022-11-30 15:44:00,8350,8350,8350,8350,0
2022-11-30 15:45:00,8350,8350,8350,8350,0
2022-11-30 15:46:00,8350,8350,8350,8350,0
2022-11-30 15:47:00,8350,8350,8350,8350,0
2022-11-30 15:48:00,8350,8350,8350,8350,0
2022-11-30 15:49:00,8350,8350,8350,8350,0
2022-11-30 15:50:00,8350,8350,8350,8350,0
2022-11-30 15:51:00,8350,8350,8350,8350,0
2022-11-30 15:52:00,8350,8350,8350,8350,0
2022-11-30 15:53:00,8350,8350,8350,8350,0
2022-11-30 15:54:00,8350,8350,8350,8350,0
2022-11-30 15:55:00,8350,8350,8350,8350,0
2022-11-30 15:56:00,8350,8350,8350,8350,0
2022-11-30 15:57:00,8350,8350,8350,8350,0
2022-11-30 15:58:00,8350,8350,8350,8350,0
2022-11-30 15:59:00,8350,8350,8350,8350,0
2022-12-01 09:00:00,8375,8375,8425,8425,0
2022-12-01 09:01:00,8425,8375,8425,8375,52300
2022-12-01 09:02:00,8375,8375,8425,8400,94800
2022-12-01 09:03:00,8400,8375,8400,8375,15600
2022-12-01 09:04:00,8375,8375,8400,8375,6100
2022-12-01 09:05:00,8375,8375,8375,8375,9600
2022-12-01 09:06:00,8375,8375,8375,8375,0
2022-12-01 09:07:00,8400,8375,8400,8375,61800
2022-12-01 09:08:00,8375,8375,8375,8375,600
2022-12-01 09:09:00,8400,8375,8400,8375,82800
2022-12-01 09:10:00,8375,8350,8375,8350,44700
2022-12-01 09:11:00,8375,8350,8375,8350,18600
2022-12-01 09:12:00,8375,8375,8400,8400,22600
2022-12-01 09:13:00,8375,8375,8400,8400,16400
2022-12-01 09:14:00,8400,8375,8400,8375,1600
2022-12-01 09:15:00,8375,8375,8375,8375,21500
2022-12-01 09:16:00,8350,8350,8350,8350,0
2022-12-01 09:17:00,8350,8300,8350,8350,186400
2022-12-01 09:18:00,8350,8350,8350,8350,2700
2022-12-01 09:19:00,8350,8325,8350,8350,11600
2022-12-01 09:20:00,8325,8325,8350,8350,0
2022-12-01 09:21:00,8325,8325,8325,8325,3900
2022-12-01 09:22:00,8325,8325,8350,8325,4100
2022-12-01 09:23:00,8325,8325,8350,8350,4800
2022-12-01 09:24:00,8325,8300,8350,8300,4900
2022-12-01 09:25:00,8325,8300,8350,8300,14800
2022-12-01 09:26:00,8350,8325,8350,8325,3100
2022-12-01 09:27:00,8350,8325,8350,8325,2200
2022-12-01 09:28:00,8325,8325,8325,8325,0
2022-12-01 09:29:00,8325,8325,8325,8325,2600
2022-12-01 09:30:00,8350,8350,8350,8350,0
2022-12-01 09:31:00,8350,8350,8350,8350,0
2022-12-01 09:32:00,8325,8325,8325,8325,18800
2022-12-01 09:33:00,8325,8325,8325,8325,0
2022-12-01 09:34:00,8325,8325,8325,8325,1000
2022-12-01 09:35:00,8325,8325,8350,8325,21200
2022-12-01 09:36:00,8325,8325,8325,8325,12100
2022-12-01 09:37:00,8325,8300,8325,8325,0
2022-12-01 09:38:00,8325,8300,8350,8350,5400
2022-12-01 09:39:00,8325,8325,8325,8325,500
2022-12-01 09:40:00,8350,8350,8350,8350,1200
2022-12-01 09:41:00,8350,8350,8350,8350,2000
2022-12-01 09:42:00,8350,8350,8350,8350,0
2022-12-01 09:43:00,8350,8350,8350,8350,0
2022-12-01 09:44:00,8350,8350,8375,8375,45800
2022-12-01 09:45:00,8350,8350,8375,8375,1200
2022-12-01 09:46:00,8375,8350,8375,8350,6200
2022-12-01 09:47:00,8375,8375,8375,8375,0
2022-12-01 09:48:00,8375,8375,8375,8375,0
2022-12-01 09:49:00,8350,8350,8350,8350,200
2022-12-01 09:50:00,8350,8350,8350,8350,6500
2022-12-01 09:51:00,8375,8375,8375,8375,0
2022-12-01 09:52:00,8375,8350,8375,8350,5000
2022-12-01 09:53:00,8375,8350,8375,8350,1100
2022-12-01 09:54:00,8350,8350,8350,8350,1400
2022-12-01 09:55:00,8375,8350,8375,8350,100
2022-12-01 09:56:00,8350,8350,8375,8350,2100
2022-12-01 09:57:00,8350,8350,8375,8350,0
2022-12-01 09:58:00,8350,8350,8350,8350,1100
2022-12-01 09:59:00,8350,8350,8350,8350,20500
2022-12-01 10:00:00,8375,8375,8375,8375,0
2022-12-01 10:01:00,8375,8350,8375,8350,200
2022-12-01 10:02:00,8375,8350,8375,8350,0
2022-12-01 10:03:00,8350,8350,8350,8350,100
2022-12-01 10:04:00,8350,8350,8350,8350,14800
2022-12-01 10:05:00,8350,8325,8375,8325,80200
2022-12-01 10:06:00,8325,8325,8325,8325,300
2022-12-01 10:07:00,8325,8325,8350,8325,3700
2022-12-01 10:08:00,8350,8325,8350,8325,300
2022-12-01 10:09:00,8325,8325,8325,8325,200
2022-12-01 10:10:00,8325,8325,8350,8325,500
2022-12-01 10:11:00,8350,8325,8350,8350,500
2022-12-01 10:12:00,8350,8325,8350,8350,0
2022-12-01 10:13:00,8350,8325,8350,8325,11100
2022-12-01 10:14:00,8325,8325,8350,8350,0
2022-12-01 10:15:00,8325,8325,8325,8325,1300
2022-12-01 10:16:00,8325,8325,8350,8350,12500
2022-12-01 10:17:00,8325,8325,8325,8325,0
2022-12-01 10:18:00,8325,8325,8325,8325,800
2022-12-01 10:19:00,8325,8325,8325,8325,500
2022-12-01 10:20:00,8325,8325,8350,8350,6700
2022-12-01 10:21:00,8350,8325,8350,8350,0
2022-12-01 10:22:00,8350,8325,8350,8350,0
2022-12-01 10:23:00,8325,8325,8350,8325,1200
2022-12-01 10:24:00,8325,8325,8350,8325,16500
2022-12-01 10:25:00,8325,8325,8350,8350,19000
2022-12-01 10:26:00,8350,8350,8375,8375,5300
2022-12-01 10:27:00,8350,8325,8350,8325,100
2022-12-01 10:28:00,8350,8350,8350,8350,3400
2022-12-01 10:29:00,8350,8325,8350,8325,15000
2022-12-01 10:30:00,8350,8350,8350,8350,0
2022-12-01 10:31:00,8350,8350,8350,8350,8500
2022-12-01 10:32:00,8350,8350,8350,8350,0
2022-12-01 10:33:00,8350,8350,8350,8350,0
2022-12-01 10:34:00,8350,8350,8350,8350,0
2022-12-01 10:35:00,8350,8350,8350,8350,0
2022-12-01 10:36:00,8350,8350,8350,8350,0
2022-12-01 10:37:00,8350,8350,8350,8350,0
2022-12-01 10:38:00,8350,8350,8350,8350,100
2022-12-01 10:39:00,8350,8350,8350,8350,0
2022-12-01 10:40:00,8350,8350,8350,8350,0
2022-12-01 10:41:00,8350,8350,8350,8350,0
2022-12-01 10:42:00,8325,8325,8350,8325,115200
2022-12-01 10:43:00,8325,8325,8350,8325,0
2022-12-01 10:44:00,8325,8325,8350,8325,0
2022-12-01 10:45:00,8325,8325,8325,8325,0
2022-12-01 10:46:00,8325,8325,8325,8325,2000
2022-12-01 10:47:00,8325,8300,8325,8300,0
2022-12-01 10:48:00,8325,8325,8325,8325,1000
2022-12-01 10:49:00,8300,8300,8300,8300,44400
2022-12-01 10:50:00,8300,8300,8300,8300,31600
2022-12-01 10:51:00,8300,8300,8300,8300,12500
2022-12-01 10:52:00,8300,8300,8325,8325,12800
2022-12-01 10:53:00,8325,8325,8325,8325,0
2022-12-01 10:54:00,8325,8325,8325,8325,200
2022-12-01 10:55:00,8300,8300,8300,8300,2000
2022-12-01 10:56:00,8300,8300,8300,8300,0
2022-12-01 10:57:00,8300,8300,8300,8300,0
2022-12-01 10:58:00,8300,8300,8300,8300,900
2022-12-01 10:59:00,8325,8325,8325,8325,137300
2022-12-01 11:00:00,8325,8325,8325,8325,0
2022-12-01 11:01:00,8325,8325,8325,8325,0
2022-12-01 11:02:00,8325,8325,8325,8325,0
2022-12-01 11:03:00,8325,8325,8325,8325,0
2022-12-01 11:04:00,8325,8325,8325,8325,0
2022-12-01 11:05:00,8325,8325,8325,8325,100
2022-12-01 11:06:00,8325,8325,8325,8325,500
2022-12-01 11:07:00,8325,8325,8325,8325,38700
2022-12-01 11:08:00,8325,8325,8325,8325,0
2022-12-01 11:09:00,8325,8325,8325,8325,0
2022-12-01 11:10:00,8325,8325,8325,8325,0
2022-12-01 11:11:00,8325,8325,8325,8325,200
2022-12-01 11:12:00,8325,8325,8325,8325,0
2022-12-01 11:13:00,8325,8325,8325,8325,0
2022-12-01 11:14:00,8325,8325,8325,8325,0
2022-12-01 11:15:00,8325,8325,8325,8325,0
2022-12-01 11:16:00,8325,8325,8325,8325,0
2022-12-01 11:17:00,8325,8325,8325,8325,0
2022-12-01 11:18:00,8350,8325,8375,8375,84400
2022-12-01 11:19:00,8375,8375,8375,8375,0
2022-12-01 11:20:00,8350,8350,8350,8350,31100
2022-12-01 11:21:00,8350,8350,8350,8350,0
2022-12-01 11:22:00,8350,8350,8350,8350,0
2022-12-01 11:23:00,8350,8350,8350,8350,0
2022-12-01 11:24:00,8350,8350,8350,8350,0
2022-12-01 11:25:00,8350,8325,8350,8350,900
2022-12-01 11:26:00,8325,8325,8325,8325,16200
2022-12-01 11:27:00,8350,8325,8375,8325,11200
2022-12-01 11:28:00,8350,8350,8375,8375,400
2022-12-01 11:29:00,8325,8325,8375,8375,100
2022-12-01 11:30:00,8325,8325,8375,8375,0
2022-12-01 11:31:00,8325,8325,8375,8375,0
2022-12-01 11:32:00,8325,8325,8375,8375,0
2022-12-01 11:33:00,8325,8325,8375,8375,0
2022-12-01 11:34:00,8325,8325,8375,8375,0
2022-12-01 11:35:00,8325,8325,8375,8375,0
2022-12-01 11:36:00,8325,8325,8375,8375,0
2022-12-01 11:37:00,8325,8325,8375,8375,0
2022-12-01 11:38:00,8325,8325,8375,8375,0
2022-12-01 11:39:00,8325,8325,8375,8375,0
2022-12-01 11:40:00,8325,8325,8375,8375,0
2022-12-01 11:41:00,8325,8325,8375,8375,0
2022-12-01 11:42:00,8325,8325,8375,8375,0
2022-12-01 11:43:00,8325,8325,8375,8375,0
2022-12-01 11:44:00,8325,8325,8375,8375,0
2022-12-01 11:45:00,8325,8325,8375,8375,0
2022-12-01 11:46:00,8325,8325,8375,8375,0
2022-12-01 11:47:00,8325,8325,8375,8375,0
2022-12-01 11:48:00,8325,8325,8375,8375,0
2022-12-01 11:49:00,8325,8325,8375,8375,0
2022-12-01 11:50:00,8325,8325,8375,8375,0
2022-12-01 11:51:00,8325,8325,8375,8375,0
2022-12-01 11:52:00,8325,8325,8375,8375,0
2022-12-01 11:53:00,8325,8325,8375,8375,0
2022-12-01 11:54:00,8325,8325,8375,8375,0
2022-12-01 11:55:00,8325,8325,8375,8375,0
2022-12-01 11:56:00,8325,8325,8375,8375,0
2022-12-01 11:57:00,8325,8325,8375,8375,0
2022-12-01 11:58:00,8325,8325,8375,8375,0
2022-12-01 11:59:00,8325,8325,8375,8375,0
2022-12-01 12:00:00,8325,8325,8375,8375,0
2022-12-01 12:01:00,8325,8325,8375,8375,0
2022-12-01 12:02:00,8325,8325,8375,8375,0
2022-12-01 12:03:00,8325,8325,8375,8375,0
2022-12-01 12:04:00,8325,8325,8375,8375,0
2022-12-01 12:05:00,8325,8325,8375,8375,0
2022-12-01 12:06:00,8325,8325,8375,8375,0
2022-12-01 12:07:00,8325,8325,8375,8375,0
2022-12-01 12:08:00,8325,8325,8375,8375,0
2022-12-01 12:09:00,8325,8325,8375,8375,0
2022-12-01 12:10:00,8325,8325,8375,8375,0
2022-12-01 12:11:00,8325,8325,8375,8375,0
2022-12-01 12:12:00,8325,8325,8375,8375,0
2022-12-01 12:13:00,8325,8325,8375,8375,0
2022-12-01 12:14:00,8325,8325,8375,8375,0
2022-12-01 12:15:00,8325,8325,8375,8375,0
2022-12-01 12:16:00,8325,8325,8375,8375,0
2022-12-01 12:17:00,8325,8325,8375,8375,0
2022-12-01 12:18:00,8325,8325,8375,8375,0
2022-12-01 12:19:00,8325,8325,8375,8375,0
2022-12-01 12:20:00,8325,8325,8375,8375,0
2022-12-01 12:21:00,8325,8325,8375,8375,0
2022-12-01 12:22:00,8325,8325,8375,8375,0
2022-12-01 12:23:00,8325,8325,8375,8375,0
2022-12-01 12:24:00,8325,8325,8375,8375,0
2022-12-01 12:25:00,8325,8325,8375,8375,0
2022-12-01 12:26:00,8325,8325,8375,8375,0
2022-12-01 12:27:00,8325,8325,8375,8375,0
2022-12-01 12:28:00,8325,8325,8375,8375,0
2022-12-01 12:29:00,8325,8325,8375,8375,0
2022-12-01 12:30:00,8325,8325,8375,8375,0
2022-12-01 12:31:00,8325,8325,8375,8375,0
2022-12-01 12:32:00,8325,8325,8375,8375,0
2022-12-01 12:33:00,8325,8325,8375,8375,0
2022-12-01 12:34:00,8325,8325,8375,8375,0
2022-12-01 12:35:00,8325,8325,8375,8375,0
2022-12-01 12:36:00,8325,8325,8375,8375,0
2022-12-01 12:37:00,8325,8325,8375,8375,0
2022-12-01 12:38:00,8325,8325,8375,8375,0
2022-12-01 12:39:00,8325,8325,8375,8375,0
2022-12-01 12:40:00,8325,8325,8375,8375,0
2022-12-01 12:41:00,8325,8325,8375,8375,0
2022-12-01 12:42:00,8325,8325,8375,8375,0
2022-12-01 12:43:00,8325,8325,8375,8375,0
2022-12-01 12:44:00,8325,8325,8375,8375,0
2022-12-01 12:45:00,8325,8325,8375,8375,0
2022-12-01 12:46:00,8325,8325,8375,8375,0
2022-12-01 12:47:00,8325,8325,8375,8375,0
2022-12-01 12:48:00,8325,8325,8375,8375,0
2022-12-01 12:49:00,8325,8325,8375,8375,0
2022-12-01 12:50:00,8325,8325,8375,8375,0
2022-12-01 12:51:00,8325,8325,8375,8375,0
2022-12-01 12:52:00,8325,8325,8375,8375,0
2022-12-01 12:53:00,8325,8325,8375,8375,0
2022-12-01 12:54:00,8325,8325,8375,8375,0
2022-12-01 12:55:00,8325,8325,8375,8375,0
2022-12-01 12:56:00,8325,8325,8375,8375,0
2022-12-01 12:57:00,8325,8325,8375,8375,0
2022-12-01 12:58:00,8325,8325,8375,8375,0
2022-12-01 12:59:00,8325,8325,8375,8375,0
2022-12-01 13:00:00,8325,8325,8375,8375,0
2022-12-01 13:01:00,8325,8325,8375,8375,0
2022-12-01 13:02:00,8325,8325,8375,8375,0
2022-12-01 13:03:00,8325,8325,8375,8375,0
2022-12-01 13:04:00,8325,8325,8375,8375,0
2022-12-01 13:05:00,8325,8325,8375,8375,0
2022-12-01 13:06:00,8325,8325,8375,8375,0
2022-12-01 13:07:00,8325,8325,8375,8375,0
2022-12-01 13:08:00,8325,8325,8375,8375,0
2022-12-01 13:09:00,8325,8325,8375,8375,0
2022-12-01 13:10:00,8325,8325,8375,8375,0
2022-12-01 13:11:00,8325,8325,8375,8375,0
2022-12-01 13:12:00,8325,8325,8375,8375,0
2022-12-01 13:13:00,8325,8325,8375,8375,0
2022-12-01 13:14:00,8325,8325,8375,8375,0
2022-12-01 13:15:00,8325,8325,8375,8375,0
2022-12-01 13:16:00,8325,8325,8375,8375,0
2022-12-01 13:17:00,8325,8325,8375,8375,0
2022-12-01 13:18:00,8325,8325,8375,8375,0
2022-12-01 13:19:00,8325,8325,8375,8375,0
2022-12-01 13:20:00,8325,8325,8375,8375,0
2022-12-01 13:21:00,8325,8325,8375,8375,0
2022-12-01 13:22:00,8325,8325,8375,8375,0
2022-12-01 13:23:00,8325,8325,8375,8375,0
2022-12-01 13:24:00,8325,8325,8375,8375,0
2022-12-01 13:25:00,8325,8325,8375,8375,0
2022-12-01 13:26:00,8325,8325,8375,8375,0
2022-12-01 13:27:00,8325,8325,8375,8375,0
2022-12-01 13:28:00,8325,8325,8375,8375,0
2022-12-01 13:29:00,8325,8325,8375,8375,0
2022-12-01 13:30:00,8375,8325,8375,8375,10700
2022-12-01 13:31:00,8375,8325,8375,8375,0
2022-12-01 13:32:00,8350,8350,8350,8350,5400
2022-12-01 13:33:00,8350,8350,8350,8350,0
2022-12-01 13:34:00,8350,8350,8350,8350,12800
2022-12-01 13:35:00,8350,8350,8375,8375,6100
2022-12-01 13:36:00,8375,8350,8375,8375,16000
2022-12-01 13:37:00,8375,8350,8375,8375,0
2022-12-01 13:38:00,8375,8350,8375,8375,0
2022-12-01 13:39:00,8375,8375,8375,8375,300
2022-12-01 13:40:00,8375,8350,8375,8350,800
2022-12-01 13:41:00,8375,8350,8375,8350,0
2022-12-01 13:42:00,8375,8350,8375,8350,0
2022-12-01 13:43:00,8350,8350,8350,8350,900
2022-12-01 13:44:00,8350,8350,8375,8350,5900
2022-12-01 13:45:00,8350,8350,8350,8350,10000
2022-12-01 13:46:00,8350,8350,8350,8350,0
2022-12-01 13:47:00,8350,8350,8350,8350,200
2022-12-01 13:48:00,8375,8350,8375,8350,600
2022-12-01 13:49:00,8350,8350,8350,8350,200
2022-12-01 13:50:00,8350,8350,8350,8350,1600
2022-12-01 13:51:00,8350,8350,8350,8350,3300
2022-12-01 13:52:00,8350,8350,8375,8375,3700
2022-12-01 13:53:00,8350,8350,8375,8375,0
2022-12-01 13:54:00,8350,8350,8375,8375,2000
2022-12-01 13:55:00,8350,8350,8375,8375,0
2022-12-01 13:56:00,8350,8350,8375,8375,0
2022-12-01 13:57:00,8350,8350,8350,8350,8100
2022-12-01 13:58:00,8350,8350,8350,8350,0
2022-12-01 13:59:00,8350,8350,8350,8350,0
2022-12-01 14:00:00,8350,8350,8350,8350,2600
2022-12-01 14:01:00,8350,8350,8350,8350,2400
2022-12-01 14:02:00,8350,8350,8350,8350,0
2022-12-01 14:03:00,8325,8325,8325,8325,100
2022-12-01 14:04:00,8325,8325,8325,8325,0
2022-12-01 14:05:00,8350,8350,8350,8350,1300
2022-12-01 14:06:00,8350,8325,8350,8325,114200
2022-12-01 14:07:00,8325,8325,8350,8350,41500
2022-12-01 14:08:00,8350,8350,8350,8350,100
2022-12-01 14:09:00,8350,8350,8350,8350,0
2022-12-01 14:10:00,8350,8350,8350,8350,0
2022-12-01 14:11:00,8325,8325,8325,8325,1200
2022-12-01 14:12:00,8350,8350,8350,8350,7400
2022-12-01 14:13:00,8350,8350,8350,8350,0
2022-12-01 14:14:00,8350,8325,8350,8325,9800
2022-12-01 14:15:00,8325,8325,8325,8325,100
2022-12-01 14:16:00,8350,8350,8350,8350,6100
2022-12-01 14:17:00,8350,8350,8350,8350,0
2022-12-01 14:18:00,8325,8325,8325,8325,36900
2022-12-01 14:19:00,8325,8325,8325,8325,0
2022-12-01 14:20:00,8325,8325,8325,8325,15100
2022-12-01 14:21:00,8325,8325,8325,8325,0
2022-12-01 14:22:00,8325,8325,8325,8325,5900
2022-12-01 14:23:00,8325,8325,8350,8350,30900
2022-12-01 14:24:00,8325,8325,8350,8350,0
2022-12-01 14:25:00,8325,8325,8350,8350,0
2022-12-01 14:26:00,8325,8325,8350,8350,0
2022-12-01 14:27:00,8325,8325,8350,8350,0
2022-12-01 14:28:00,8325,8325,8350,8350,0
2022-12-01 14:29:00,8325,8325,8350,8350,12900
2022-12-01 14:30:00,8325,8300,8325,8300,5800
2022-12-01 14:31:00,8325,8325,8325,8325,0
2022-12-01 14:32:00,8325,8325,8325,8325,0
2022-12-01 14:33:00,8325,8325,8325,8325,100
2022-12-01 14:34:00,8325,8325,8325,8325,0
2022-12-01 14:35:00,8325,8325,8350,8325,70100
2022-12-01 14:36:00,8325,8325,8325,8325,5500
2022-12-01 14:37:00,8325,8325,8325,8325,1400
2022-12-01 14:38:00,8325,8325,8325,8325,12200
2022-12-01 14:39:00,8325,8300,8325,8300,0
2022-12-01 14:40:00,8300,8300,8300,8300,1800
2022-12-01 14:41:00,8300,8300,8300,8300,7200
2022-12-01 14:42:00,8300,8300,8325,8300,6600
2022-12-01 14:43:00,8300,8300,8300,8300,48700
2022-12-01 14:44:00,8300,8300,8325,8300,58400
2022-12-01 14:45:00,8300,8300,8325,8325,12800
2022-12-01 14:46:00,8325,8300,8325,8325,8500
2022-12-01 14:47:00,8300,8300,8325,8325,12600
2022-12-01 14:48:00,8300,8275,8300,8275,21800
2022-12-01 14:49:00,8275,8275,8300,8275,12100
2022-12-01 14:50:00,8275,8275,8300,8275,0
2022-12-01 14:51:00,8275,8275,8300,8275,0
2022-12-01 14:52:00,8275,8275,8300,8275,0
2022-12-01 14:53:00,8275,8275,8300,8275,0
2022-12-01 14:54:00,8275,8275,8300,8275,0
2022-12-01 14:55:00,8275,8275,8300,8275,0
2022-12-01 14:56:00,8275,8275,8300,8275,0
2022-12-01 14:57:00,8275,8275,8300,8275,0
2022-12-01 14:58:00,8275,8275,8300,8275,0
2022-12-01 14:59:00,8275,8275,8300,8275,0
2022-12-01 15:00:00,8275,8275,8275,8275,39600
2022-12-01 15:01:00,8275,8275,8275,8275,3000
2022-12-01 15:02:00,8275,8275,8275,8275,8700
2022-12-01 15:03:00,8275,8275,8275,8275,2700
2022-12-01 15:04:00,8275,8275,8275,8275,2200
2022-12-01 15:05:00,8275,8275,8275,8275,0
2022-12-01 15:06:00,8275,8275,8275,8275,0
2022-12-01 15:07:00,8275,8275,8275,8275,150800
2022-12-01 15:08:00,8275,8275,8275,8275,0
2022-12-01 15:09:00,8275,8275,8275,8275,0
2022-12-01 15:10:00,8275,8275,8275,8275,0
2022-12-01 15:11:00,8275,8275,8275,8275,2423500
2022-12-01 15:12:00,8275,8275,8275,8275,0
2022-12-01 15:13:00,8275,8275,8275,8275,0
2022-12-01 15:14:00,8275,8275,8275,8275,0
2022-12-01 15:15:00,8275,8275,8275,8275,0
2022-12-01 15:16:00,8275,8275,8275,8275,0
2022-12-01 15:17:00,8275,8275,8275,8275,0
2022-12-01 15:18:00,8275,8275,8275,8275,0
2022-12-01 15:19:00,8275,8275,8275,8275,0
2022-12-01 15:20:00,8275,8275,8275,8275,0
2022-12-01 15:21:00,8275,8275,8275,8275,0
2022-12-01 15:22:00,8275,8275,8275,8275,0
2022-12-01 15:23:00,8275,8275,8275,8275,0
2022-12-01 15:24:00,8275,8275,8275,8275,0
2022-12-01 15:25:00,8275,8275,8275,8275,0
2022-12-01 15:26:00,8275,8275,8275,8275,0
2022-12-01 15:27:00,8275,8275,8275,8275,0
2022-12-01 15:28:00,8275,8275,8275,8275,0
2022-12-01 15:29:00,8275,8275,8275,8275,0
2022-12-01 15:30:00,8275,8275,8275,8275,0
2022-12-01 15:31:00,8275,8275,8275,8275,0
2022-12-01 15:32:00,8275,8275,8275,8275,0
2022-12-01 15:33:00,8275,8275,8275,8275,0
2022-12-01 15:34:00,8275,8275,8275,8275,0
2022-12-01 15:35:00,8275,8275,8275,8275,0
2022-12-01 15:36:00,8275,8275,8275,8275,0
2022-12-01 15:37:00,8275,8275,8275,8275,0
2022-12-01 15:38:00,8275,8275,8275,8275,0
2022-12-01 15:39:00,8275,8275,8275,8275,0
2022-12-01 15:40:00,8275,8275,8275,8275,0
2022-12-01 15:41:00,8275,8275,8275,8275,0
2022-12-01 15:42:00,8275,8275,8275,8275,0
2022-12-01 15:43:00,8275,8275,8275,8275,0
2022-12-01 15:44:00,8275,8275,8275,8275,0
2022-12-01 15:45:00,8275,8275,8275,8275,0
2022-12-01 15:46:00,8275,8275,8275,8275,0
2022-12-01 15:47:00,8275,8275,8275,8275,0
2022-12-01 15:48:00,8275,8275,8275,8275,0
2022-12-01 15:49:00,8275,8275,8275,8275,0
2022-12-01 15:50:00,8275,8275,8275,8275,0
2022-12-01 15:51:00,8275,8275,8275,8275,0
2022-12-01 15:52:00,8275,8275,8275,8275,0
2022-12-01 15:53:00,8275,8275,8275,8275,0
2022-12-01 15:54:00,8275,8275,8275,8275,0
2022-12-01 15:55:00,8275,8275,8275,8275,0
2022-12-01 15:56:00,8275,8275,8275,8275,0
2022-12-01 15:57:00,8275,8275,8275,8275,0
2022-12-01 15:58:00,8275,8275,8275,8275,0
2022-12-01 15:59:00,8275,8275,8275,8275,0
2022-12-02 09:00:00,8300,8275,8325,8300,0
2022-12-02 09:01:00,8300,8300,8300,8300,2900
2022-12-02 09:02:00,8275,8275,8275,8275,500
2022-12-02 09:03:00,8275,8275,8275,8275,100
2022-12-02 09:04:00,8275,8275,8275,8275,0
2022-12-02 09:05:00,8275,8275,8275,8275,1100
2022-12-02 09:06:00,8275,8250,8275,8250,30600
2022-12-02 09:07:00,8275,8275,8275,8275,0
2022-12-02 09:08:00,8275,8275,8275,8275,100
2022-12-02 09:09:00,8250,8225,8250,8225,17800
2022-12-02 09:10:00,8225,8225,8250,8250,5800
2022-12-02 09:11:00,8250,8250,8275,8275,1100
2022-12-02 09:12:00,8275,8275,8275,8275,0
2022-12-02 09:13:00,8275,8275,8275,8275,0
2022-12-02 09:14:00,8250,8250,8250,8250,33600
2022-12-02 09:15:00,8250,8250,8250,8250,8500
2022-12-02 09:16:00,8250,8225,8250,8250,4500
2022-12-02 09:17:00,8250,8250,8275,8250,71600
2022-12-02 09:18:00,8250,8250,8250,8250,3800
2022-12-02 09:19:00,8250,8250,8275,8275,23300
2022-12-02 09:20:00,8250,8250,8250,8250,6000
2022-12-02 09:21:00,8225,8225,8225,8225,62200
2022-12-02 09:22:00,8250,8225,8250,8225,0
2022-12-02 09:23:00,8250,8225,8250,8225,0
2022-12-02 09:24:00,8225,8225,8225,8225,0
2022-12-02 09:25:00,8250,8225,8250,8250,82300
2022-12-02 09:26:00,8250,8250,8250,8250,47000
2022-12-02 09:27:00,8250,8250,8250,8250,146600
2022-12-02 09:28:00,8250,8250,8250,8250,0
2022-12-02 09:29:00,8250,8250,8250,8250,1100
2022-12-02 09:30:00,8250,8250,8250,8250,41900
2022-12-02 09:31:00,8250,8250,8250,8250,1500
2022-12-02 09:32:00,8250,8250,8250,8250,4400
2022-12-02 09:33:00,8250,8250,8250,8250,25100
2022-12-02 09:34:00,8250,8250,8250,8250,8600
2022-12-02 09:35:00,8250,8250,8250,8250,0
2022-12-02 09:36:00,8250,8250,8250,8250,800
2022-12-02 09:37:00,8250,8250,8250,8250,1300
2022-12-02 09:38:00,8250,8250,8250,8250,9800
2022-12-02 09:39:00,8250,8250,8250,8250,0
2022-12-02 09:40:00,8250,8250,8250,8250,20900
2022-12-02 09:41:00,8250,8250,8250,8250,0
2022-12-02 09:42:00,8250,8250,8250,8250,0
2022-12-02 09:43:00,8250,8250,8250,8250,0
2022-12-02 09:44:00,8250,8250,8250,8250,400
2022-12-02 09:45:00,8250,8250,8250,8250,100
2022-12-02 09:46:00,8250,8250,8250,8250,5600
2022-12-02 09:47:00,8250,8250,8275,8250,1500
2022-12-02 09:48:00,8250,8250,8250,8250,12400
2022-12-02 09:49:00,8250,8225,8250,8250,23300
2022-12-02 09:50:00,8250,8250,8250,8250,0
2022-12-02 09:51:00,8250,8250,8250,8250,100
2022-12-02 09:52:00,8250,8250,8250,8250,19600
2022-12-02 09:53:00,8250,8250,8250,8250,0
2022-12-02 09:54:00,8275,8275,8275,8275,200
2022-12-02 09:55:00,8275,8275,8275,8275,0
2022-12-02 09:56:00,8250,8250,8250,8250,1200
2022-12-02 09:57:00,8250,8250,8250,8250,0
2022-12-02 09:58:00,8250,8250,8250,8250,2600
2022-12-02 09:59:00,8250,8250,8250,8250,0
2022-12-02 10:00:00,8250,8250,8250,8250,500
2022-12-02 10:01:00,8250,8250,8250,8250,10800
2022-12-02 10:02:00,8250,8250,8275,8275,300
2022-12-02 10:03:00,8275,8275,8275,8275,500
2022-12-02 10:04:00,8275,8250,8275,8275,500
2022-12-02 10:05:00,8225,8225,8225,8225,1100
2022-12-02 10:06:00,8250,8250,8275,8275,0
2022-12-02 10:07:00,8250,8250,8275,8275,5800
2022-12-02 10:08:00,8250,8250,8275,8275,0
2022-12-02 10:09:00,8275,8275,8275,8275,100
2022-12-02 10:10:00,8275,8275,8275,8275,0
2022-12-02 10:11:00,8275,8275,8275,8275,0
2022-12-02 10:12:00,8275,8275,8275,8275,0
2022-12-02 10:13:00,8275,8275,8275,8275,0
2022-12-02 10:14:00,8275,8275,8275,8275,800
2022-12-02 10:15:00,8275,8250,8275,8275,1700
2022-12-02 10:16:00,8250,8250,8250,8250,100
2022-12-02 10:17:00,8250,8250,8250,8250,4500
2022-12-02 10:18:00,8250,8250,8275,8275,5000
2022-12-02 10:19:00,8250,8250,8275,8275,0
2022-12-02 10:20:00,8275,8275,8275,8275,0
2022-12-02 10:21:00,8275,8275,8275,8275,1200
2022-12-02 10:22:00,8250,8250,8250,8250,4300
2022-12-02 10:23:00,8250,8250,8250,8250,200
2022-12-02 10:24:00,8250,8250,8250,8250,0
2022-12-02 10:25:00,8250,8250,8250,8250,0
2022-12-02 10:26:00,8250,8250,8250,8250,200
2022-12-02 10:27:00,8250,8250,8250,8250,3300
2022-12-02 10:28:00,8250,8225,8250,8225,200
2022-12-02 10:29:00,8250,8250,8250,8250,0
2022-12-02 10:30:00,8225,8225,8250,8250,2000
2022-12-02 10:31:00,8250,8250,8250,8250,12900
2022-12-02 10:32:00,8250,8250,8275,8275,1500
2022-12-02 10:33:00,8275,8275,8275,8275,0
2022-12-02 10:34:00,8275,8275,8275,8275,0
2022-12-02 10:35:00,8275,8275,8275,8275,0
2022-12-02 10:36:00,8250,8250,8250,8250,2200
2022-12-02 10:37:00,8250,8250,8250,8250,2700
2022-12-02 10:38:00,8250,8250,8275,8275,700
2022-12-02 10:39:00,8250,8250,8275,8275,1600
2022-12-02 10:40:00,8250,8250,8275,8275,10400
2022-12-02 10:41:00,8250,8250,8275,8275,0
2022-12-02 10:42:00,8250,8250,8250,8250,1400
2022-12-02 10:43:00,8250,8250,8250,8250,400
2022-12-02 10:44:00,8250,8250,8250,8250,0
2022-12-02 10:45:00,8275,8275,8275,8275,0
2022-12-02 10:46:00,8275,8275,8275,8275,7900
2022-12-02 10:47:00,8275,8275,8275,8275,0
2022-12-02 10:48:00,8275,8275,8275,8275,0
2022-12-02 10:49:00,8250,8250,8250,8250,0
2022-12-02 10:50:00,8275,8275,8275,8275,3100
2022-12-02 10:51:00,8275,8275,8275,8275,0
2022-12-02 10:52:00,8250,8250,8275,8275,1500
2022-12-02 10:53:00,8250,8250,8275,8275,0
2022-12-02 10:54:00,8250,8250,8275,8275,0
2022-12-02 10:55:00,8250,8250,8275,8275,0
2022-12-02 10:56:00,8250,8250,8275,8275,0
2022-12-02 10:57:00,8250,8250,8275,8275,0
2022-12-02 10:58:00,8250,8250,8275,8275,0
2022-12-02 10:59:00,8250,8250,8275,8275,0
2022-12-02 11:00:00,8250,8250,8250,8250,200
2022-12-02 11:01:00,8250,8250,8250,8250,0
2022-12-02 11:02:00,8275,8275,8275,8275,100
2022-12-02 11:03:00,8275,8250,8275,8250,1800
2022-12-02 11:04:00,8250,8250,8250,8250,100
2022-12-02 11:05:00,8250,8250,8250,8250,400
2022-12-02 11:06:00,8275,8275,8275,8275,0
2022-12-02 11:07:00,8250,8250,8250,8250,600
2022-12-02 11:08:00,8250,8250,8250,8250,1000
2022-12-02 11:09:00,8250,8250,8250,8250,0
2022-12-02 11:10:00,8250,8250,8250,8250,800
2022-12-02 11:11:00,8250,8250,8250,8250,0
2022-12-02 11:12:00,8250,8250,8250,8250,0
2022-12-02 11:13:00,8250,8250,8250,8250,500
2022-12-02 11:14:00,8250,8250,8275,8275,61000
2022-12-02 11:15:00,8250,8250,8275,8275,0
2022-12-02 11:16:00,8250,8250,8250,8250,0
2022-12-02 11:17:00,8250,8250,8250,8250,700
2022-12-02 11:18:00,8275,8250,8275,8250,31500
2022-12-02 11:19:00,8250,8250,8250,8250,0
2022-12-02 11:20:00,8250,8250,8250,8250,1100
2022-12-02 11:21:00,8250,8250,8250,8250,0
2022-12-02 11:22:00,8250,8250,8250,8250,0
2022-12-02 11:23:00,8250,8250,8250,8250,500
2022-12-02 11:24:00,8250,8250,8250,8250,300
2022-12-02 11:25:00,8250,8250,8250,8250,200
2022-12-02 11:26:00,8250,8250,8250,8250,500
2022-12-02 11:27:00,8250,8250,8250,8250,400
2022-12-02 11:28:00,8275,8250,8275,8250,200
2022-12-02 11:29:00,8275,8250,8275,8250,0
2022-12-02 11:30:00,8275,8250,8275,8250,0
2022-12-02 11:31:00,8275,8250,8275,8250,0
2022-12-02 11:32:00,8275,8250,8275,8250,0
2022-12-02 11:33:00,8275,8250,8275,8250,0
2022-12-02 11:34:00,8275,8250,8275,8250,0
2022-12-02 11:35:00,8275,8250,8275,8250,0
2022-12-02 11:36:00,8275,8250,8275,8250,0
2022-12-02 11:37:00,8275,8250,8275,8250,0
2022-12-02 11:38:00,8275,8250,8275,8250,0
2022-12-02 11:39:00,8275,8250,8275,8250,0
2022-12-02 11:40:00,8275,8250,8275,8250,0
2022-12-02 11:41:00,8275,8250,8275,8250,0
2022-12-02 11:42:00,8275,8250,8275,8250,0
2022-12-02 11:43:00,8275,8250,8275,8250,0
2022-12-02 11:44:00,8275,8250,8275,8250,0
2022-12-02 11:45:00,8275,8250,8275,8250,0
2022-12-02 11:46:00,8275,8250,8275,8250,0
2022-12-02 11:47:00,8275,8250,8275,8250,0
2022-12-02 11:48:00,8275,8250,8275,8250,0
2022-12-02 11:49:00,8275,8250,8275,8250,0
2022-12-02 11:50:00,8275,8250,8275,8250,0
2022-12-02 11:51:00,8275,8250,8275,8250,0
2022-12-02 11:52:00,8275,8250,8275,8250,0
2022-12-02 11:53:00,8275,8250,8275,8250,0
2022-12-02 11:54:00,8275,8250,8275,8250,0
2022-12-02 11:55:00,8275,8250,8275,8250,0
2022-12-02 11:56:00,8275,8250,8275,8250,0
2022-12-02 11:57:00,8275,8250,8275,8250,0
2022-12-02 11:58:00,8275,8250,8275,8250,0
2022-12-02 11:59:00,8275,8250,8275,8250,0
2022-12-02 12:00:00,8275,8250,8275,8250,0
2022-12-02 12:01:00,8275,8250,8275,8250,0
2022-12-02 12:02:00,8275,8250,8275,8250,0
2022-12-02 12:03:00,8275,8250,8275,8250,0
2022-12-02 12:04:00,8275,8250,8275,8250,0
2022-12-02 12:05:00,8275,8250,8275,8250,0
2022-12-02 12:06:00,8275,8250,8275,8250,0
2022-12-02 12:07:00,8275,8250,8275,8250,0
2022-12-02 12:08:00,8275,8250,8275,8250,0
2022-12-02 12:09:00,8275,8250,8275,8250,0
2022-12-02 12:10:00,8275,8250,8275,8250,0
2022-12-02 12:11:00,8275,8250,8275,8250,0
2022-12-02 12:12:00,8275,8250,8275,8250,0
2022-12-02 12:13:00,8275,8250,8275,8250,0
2022-12-02 12:14:00,8275,8250,8275,8250,0
2022-12-02 12:15:00,8275,8250,8275,8250,0
2022-12-02 12:16:00,8275,8250,8275,8250,0
2022-12-02 12:17:00,8275,8250,8275,8250,0
2022-12-02 12:18:00,8275,8250,8275,8250,0
2022-12-02 12:19:00,8275,8250,8275,8250,0
2022-12-02 12:20:00,8275,8250,8275,8250,0
2022-12-02 12:21:00,8275,8250,8275,8250,0
2022-12-02 12:22:00,8275,8250,8275,8250,0
2022-12-02 12:23:00,8275,8250,8275,8250,0
2022-12-02 12:24:00,8275,8250,8275,8250,0
2022-12-02 12:25:00,8275,8250,8275,8250,0
2022-12-02 12:26:00,8275,8250,8275,8250,0
2022-12-02 12:27:00,8275,8250,8275,8250,0
2022-12-02 12:28:00,8275,8250,8275,8250,0
2022-12-02 12:29:00,8275,8250,8275,8250,0
2022-12-02 12:30:00,8275,8250,8275,8250,0
2022-12-02 12:31:00,8275,8250,8275,8250,0
2022-12-02 12:32:00,8275,8250,8275,8250,0
2022-12-02 12:33:00,8275,8250,8275,8250,0
2022-12-02 12:34:00,8275,8250,8275,8250,0
2022-12-02 12:35:00,8275,8250,8275,8250,0
2022-12-02 12:36:00,8275,8250,8275,8250,0
2022-12-02 12:37:00,8275,8250,8275,8250,0
2022-12-02 12:38:00,8275,8250,8275,8250,0
2022-12-02 12:39:00,8275,8250,8275,8250,0
2022-12-02 12:40:00,8275,8250,8275,8250,0
2022-12-02 12:41:00,8275,8250,8275,8250,0
2022-12-02 12:42:00,8275,8250,8275,8250,0
2022-12-02 12:43:00,8275,8250,8275,8250,0
2022-12-02 12:44:00,8275,8250,8275,8250,0
2022-12-02 12:45:00,8275,8250,8275,8250,0
2022-12-02 12:46:00,8275,8250,8275,8250,0
2022-12-02 12:47:00,8275,8250,8275,8250,0
2022-12-02 12:48:00,8275,8250,8275,8250,0
2022-12-02 12:49:00,8275,8250,8275,8250,0
2022-12-02 12:50:00,8275,8250,8275,8250,0
2022-12-02 12:51:00,8275,8250,8275,8250,0
2022-12-02 12:52:00,8275,8250,8275,8250,0
2022-12-02 12:53:00,8275,8250,8275,8250,0
2022-12-02 12:54:00,8275,8250,8275,8250,0
2022-12-02 12:55:00,8275,8250,8275,8250,0
2022-12-02 12:56:00,8275,8250,8275,8250,0
2022-12-02 12:57:00,8275,8250,8275,8250,0
2022-12-02 12:58:00,8275,8250,8275,8250,0
2022-12-02 12:59:00,8275,8250,8275,8250,0
2022-12-02 13:00:00,8275,8250,8275,8250,0
2022-12-02 13:01:00,8275,8250,8275,8250,0
2022-12-02 13:02:00,8275,8250,8275,8250,0
2022-12-02 13:03:00,8275,8250,8275,8250,0
2022-12-02 13:04:00,8275,8250,8275,8250,0
2022-12-02 13:05:00,8275,8250,8275,8250,0
2022-12-02 13:06:00,8275,8250,8275,8250,0
2022-12-02 13:07:00,8275,8250,8275,8250,0
2022-12-02 13:08:00,8275,8250,8275,8250,0
2022-12-02 13:09:00,8275,8250,8275,8250,0
2022-12-02 13:10:00,8275,8250,8275,8250,0
2022-12-02 13:11:00,8275,8250,8275,8250,0
2022-12-02 13:12:00,8275,8250,8275,8250,0
2022-12-02 13:13:00,8275,8250,8275,8250,0
2022-12-02 13:14:00,8275,8250,8275,8250,0
2022-12-02 13:15:00,8275,8250,8275,8250,0
2022-12-02 13:16:00,8275,8250,8275,8250,0
2022-12-02 13:17:00,8275,8250,8275,8250,0
2022-12-02 13:18:00,8275,8250,8275,8250,0
2022-12-02 13:19:00,8275,8250,8275,8250,0
2022-12-02 13:20:00,8275,8250,8275,8250,0
2022-12-02 13:21:00,8275,8250,8275,8250,0
2022-12-02 13:22:00,8275,8250,8275,8250,0
2022-12-02 13:23:00,8275,8250,8275,8250,0
2022-12-02 13:24:00,8275,8250,8275,8250,0
2022-12-02 13:25:00,8275,8250,8275,8250,0
2022-12-02 13:26:00,8275,8250,8275,8250,0
2022-12-02 13:27:00,8275,8250,8275,8250,0
2022-12-02 13:28:00,8275,8250,8275,8250,0
2022-12-02 13:29:00,8275,8250,8275,8250,0
2022-12-02 13:30:00,8250,8250,8275,8275,5500
2022-12-02 13:31:00,8250,8250,8250,8250,600
2022-12-02 13:32:00,8250,8250,8250,8250,0
2022-12-02 13:33:00,8250,8250,8250,8250,0
2022-12-02 13:34:00,8250,8250,8250,8250,0
2022-12-02 13:35:00,8250,8250,8275,8275,11900
2022-12-02 13:36:00,8250,8250,8275,8275,9100
2022-12-02 13:37:00,8275,8250,8275,8250,900
2022-12-02 13:38:00,8275,8250,8275,8250,12700
2022-12-02 13:39:00,8275,8250,8275,8250,0
2022-12-02 13:40:00,8250,8250,8250,8250,800
2022-12-02 13:41:00,8250,8250,8250,8250,200
2022-12-02 13:42:00,8250,8250,8250,8250,400
2022-12-02 13:43:00,8250,8250,8250,8250,400
2022-12-02 13:44:00,8250,8250,8250,8250,100
2022-12-02 13:45:00,8250,8250,8250,8250,200
2022-12-02 13:46:00,8275,8250,8275,8250,3400
2022-12-02 13:47:00,8250,8250,8250,8250,4400
2022-12-02 13:48:00,8275,8275,8275,8275,100
2022-12-02 13:49:00,8250,8250,8300,8300,109000
2022-12-02 13:50:00,8300,8300,8300,8300,8600
2022-12-02 13:51:00,8275,8275,8300,8300,4800
2022-12-02 13:52:00,8275,8275,8275,8275,1400
2022-12-02 13:53:00,8300,8275,8300,8300,2600
2022-12-02 13:54:00,8300,8300,8300,8300,0
2022-12-02 13:55:00,8300,8300,8300,8300,0
2022-12-02 13:56:00,8300,8300,8300,8300,2100
2022-12-02 13:57:00,8300,8300,8300,8300,0
2022-12-02 13:58:00,8275,8275,8275,8275,900
2022-12-02 13:59:00,8300,8300,8300,8300,12000
2022-12-02 14:00:00,8300,8300,8300,8300,8800
2022-12-02 14:01:00,8300,8275,8300,8300,4100
2022-12-02 14:02:00,8300,8275,8300,8300,0
2022-12-02 14:03:00,8300,8300,8300,8300,400
2022-12-02 14:04:00,8300,8300,8300,8300,0
2022-12-02 14:05:00,8275,8275,8275,8275,2400
2022-12-02 14:06:00,8275,8275,8300,8300,0
2022-12-02 14:07:00,8300,8300,8300,8300,18200
2022-12-02 14:08:00,8300,8300,8300,8300,2000
2022-12-02 14:09:00,8300,8300,8300,8300,0
2022-12-02 14:10:00,8300,8300,8300,8300,200
2022-12-02 14:11:00,8300,8275,8300,8275,800
2022-12-02 14:12:00,8300,8225,8300,8225,302000
2022-12-02 14:13:00,8250,8250,8275,8275,0
2022-12-02 14:14:00,8250,8250,8275,8275,0
2022-12-02 14:15:00,8275,8275,8300,8300,11300
2022-12-02 14:16:00,8275,8275,8275,8275,2000
2022-12-02 14:17:00,8275,8275,8275,8275,300
2022-12-02 14:18:00,8275,8275,8275,8275,2900
2022-12-02 14:19:00,8300,8300,8300,8300,0
2022-12-02 14:20:00,8300,8275,8300,8275,9900
2022-12-02 14:21:00,8300,8275,8300,8275,2800
2022-12-02 14:22:00,8300,8275,8300,8275,1300
2022-12-02 14:23:00,8275,8275,8300,8300,13600
2022-12-02 14:24:00,8300,8275,8300,8275,30300
2022-12-02 14:25:00,8300,8300,8300,8300,2000
2022-12-02 14:26:00,8275,8275,8275,8275,5200
2022-12-02 14:27:00,8275,8275,8275,8275,0
2022-12-02 14:28:00,8300,8275,8300,8300,3100
2022-12-02 14:29:00,8275,8275,8275,8275,700
2022-12-02 14:30:00,8300,8300,8300,8300,12000
2022-12-02 14:31:00,8300,8300,8300,8300,0
2022-12-02 14:32:00,8300,8300,8300,8300,0
2022-12-02 14:33:00,8300,8275,8300,8275,4200
2022-12-02 14:34:00,8300,8275,8300,8275,0
2022-12-02 14:35:00,8300,8275,8300,8275,100
2022-12-02 14:36:00,8300,8300,8300,8300,100
2022-12-02 14:37:00,8300,8300,8300,8300,300
2022-12-02 14:38:00,8300,8275,8300,8275,2200
2022-12-02 14:39:00,8300,8275,8300,8275,200
2022-12-02 14:40:00,8275,8275,8300,8300,5400
2022-12-02 14:41:00,8300,8275,8300,8275,2200
2022-12-02 14:42:00,8275,8275,8300,8300,9700
2022-12-02 14:43:00,8300,8300,8300,8300,12500
2022-12-02 14:44:00,8300,8300,8300,8300,1300
2022-12-02 14:45:00,8300,8275,8300,8300,800
2022-12-02 14:46:00,8300,8275,8300,8275,5300
2022-12-02 14:47:00,8275,8275,8275,8275,1800
2022-12-02 14:48:00,8275,8275,8300,8300,5200
2022-12-02 14:49:00,8300,8300,8300,8300,400
2022-12-02 14:50:00,8300,8300,8300,8300,0
2022-12-02 14:51:00,8300,8300,8300,8300,0
2022-12-02 14:52:00,8300,8300,8300,8300,0
2022-12-02 14:53:00,8300,8300,8300,8300,0
2022-12-02 14:54:00,8300,8300,8300,8300,0
2022-12-02 14:55:00,8300,8300,8300,8300,0
2022-12-02 14:56:00,8300,8300,8300,8300,0
2022-12-02 14:57:00,8300,8300,8300,8300,0
2022-12-02 14:58:00,8300,8300,8300,8300,0
2022-12-02 14:59:00,8300,8300,8300,8300,0
2022-12-02 15:00:00,8300,8300,8300,8300,60800
2022-12-02 15:01:00,8300,8300,8300,8300,21100
2022-12-02 15:02:00,8300,8300,8300,8300,0
2022-12-02 15:03:00,8300,8300,8300,8300,0
2022-12-02 15:04:00,8300,8300,8300,8300,0
2022-12-02 15:05:00,8300,8300,8300,8300,0
2022-12-02 15:06:00,8300,8300,8300,8300,0
2022-12-02 15:07:00,8300,8300,8300,8300,0
2022-12-02 15:08:00,8300,8300,8300,8300,0
2022-12-02 15:09:00,8300,8300,8300,8300,0
2022-12-02 15:10:00,8300,8300,8300,8300,0
2022-12-02 15:11:00,8300,8300,8300,8300,0
2022-12-02 15:12:00,8300,8300,8300,8300,0
2022-12-02 15:13:00,8300,8300,8300,8300,0
2022-12-02 15:14:00,8300,8300,8300,8300,0
2022-12-02 15:15:00,8300,8300,8300,8300,0
2022-12-02 15:16:00,8300,8300,8300,8300,0
2022-12-02 15:17:00,8300,8300,8300,8300,0
2022-12-02 15:18:00,8300,8300,8300,8300,0
2022-12-02 15:19:00,8300,8300,8300,8300,0
2022-12-02 15:20:00,8300,8300,8300,8300,0
2022-12-02 15:21:00,8300,8300,8300,8300,0
2022-12-02 15:22:00,8300,8300,8300,8300,0
2022-12-02 15:23:00,8300,8300,8300,8300,0
2022-12-02 15:24:00,8300,8300,8300,8300,0
2022-12-02 15:25:00,8300,8300,8300,8300,0
2022-12-02 15:26:00,8300,8300,8300,8300,0
2022-12-02 15:27:00,8300,8300,8300,8300,0
2022-12-02 15:28:00,8300,8300,8300,8300,0
2022-12-02 15:29:00,8300,8300,8300,8300,0
2022-12-02 15:30:00,8300,8300,8300,8300,0
2022-12-02 15:31:00,8300,8300,8300,8300,0
2022-12-02 15:32:00,8300,8300,8300,8300,0
2022-12-02 15:33:00,8300,8300,8300,8300,0
2022-12-02 15:34:00,8300,8300,8300,8300,0
2022-12-02 15:35:00,8300,8300,8300,8300,0
2022-12-02 15:36:00,8300,8300,8300,8300,0
2022-12-02 15:37:00,8300,8300,8300,8300,0
2022-12-02 15:38:00,8300,8300,8300,8300,0
2022-12-02 15:39:00,8300,8300,8300,8300,0
2022-12-02 15:40:00,8300,8300,8300,8300,0
2022-12-02 15:41:00,8300,8300,8300,8300,0
2022-12-02 15:42:00,8300,8300,8300,8300,0
2022-12-02 15:43:00,8300,8300,8300,8300,0
2022-12-02 15:44:00,8300,8300,8300,8300,0
2022-12-02 15:45:00,8300,8300,8300,8300,0
2022-12-02 15:46:00,8300,8300,8300,8300,0
2022-12-02 15:47:00,8300,8300,8300,8300,0
2022-12-02 15:48:00,8300,8300,8300,8300,0
2022-12-02 15:49:00,8300,8300,8300,8300,0
2022-12-02 15:50:00,8300,8300,8300,8300,0
2022-12-02 15:51:00,8300,8300,8300,8300,0
2022-12-02 15:52:00,8300,8300,8300,8300,0
2022-12-02 15:53:00,8300,8300,8300,8300,0
2022-12-02 15:54:00,8300,8300,8300,8300,0
2022-12-02 15:55:00,8300,8300,8300,8300,0
2022-12-02 15:56:00,8300,8300,8300,8300,0
2022-12-02 15:57:00,8300,8300,8300,8300,0
2022-12-02 15:58:00,8300,8300,8300,8300,0
2022-12-02 15:59:00,8300,8300,8300,8300,0
2022-12-05 09:00:00,8300,8250,8350,8325,0
2022-12-05 09:01:00,8325,8325,8350,8350,0
2022-12-05 09:02:00,8350,8325,8350,8325,600
2022-12-05 09:03:00,8325,8325,8325,8325,27000
2022-12-05 09:04:00,8325,8325,8325,8325,0
2022-12-05 09:05:00,8325,8325,8325,8325,0
2022-12-05 09:06:00,8325,8325,8325,8325,0
2022-12-05 09:07:00,8300,8300,8300,8300,0
2022-12-05 09:08:00,8300,8300,8300,8300,2200
2022-12-05 09:09:00,8300,8300,8325,8325,14300
2022-12-05 09:10:00,8275,8275,8275,8275,3300
2022-12-05 09:11:00,8275,8275,8275,8275,3000
2022-12-05 09:12:00,8275,8275,8275,8275,5400
2022-12-05 09:13:00,8325,8325,8325,8325,0
2022-12-05 09:14:00,8275,8275,8275,8275,43700
2022-12-05 09:15:00,8275,8275,8300,8300,1500
2022-12-05 09:16:00,8275,8275,8300,8300,0
2022-12-05 09:17:00,8250,8250,8300,8250,6600
2022-12-05 09:18:00,8250,8250,8250,8250,1200
2022-12-05 09:19:00,8275,8275,8300,8300,1900
2022-12-05 09:20:00,8275,8275,8300,8300,0
2022-12-05 09:21:00,8300,8275,8300,8300,4800
2022-12-05 09:22:00,8300,8275,8300,8300,0
2022-12-05 09:23:00,8300,8300,8300,8300,100
2022-12-05 09:24:00,8275,8275,8300,8275,4000
2022-12-05 09:25:00,8275,8275,8275,8275,1600
2022-12-05 09:26:00,8275,8275,8275,8275,0
2022-12-05 09:27:00,8275,8275,8275,8275,0
2022-12-05 09:28:00,8275,8275,8300,8300,1600
2022-12-05 09:29:00,8275,8275,8275,8275,2700
2022-12-05 09:30:00,8275,8275,8275,8275,0
2022-12-05 09:31:00,8275,8275,8300,8300,1200
2022-12-05 09:32:00,8275,8275,8300,8300,900
2022-12-05 09:33:00,8275,8275,8300,8300,0
2022-12-05 09:34:00,8250,8250,8250,8250,1900
2022-12-05 09:35:00,8250,8250,8250,8250,0
2022-12-05 09:36:00,8250,8250,8250,8250,0
2022-12-05 09:37:00,8275,8275,8300,8300,100
2022-12-05 09:38:00,8300,8300,8300,8300,300
2022-12-05 09:39:00,8300,8300,8300,8300,600
2022-12-05 09:40:00,8275,8275,8300,8300,2400
2022-12-05 09:41:00,8300,8300,8300,8300,600
2022-12-05 09:42:00,8300,8300,8300,8300,0
2022-12-05 09:43:00,8300,8300,8300,8300,100
2022-12-05 09:44:00,8250,8250,8250,8250,100
2022-12-05 09:45:00,8300,8250,8300,8250,700
2022-12-05 09:46:00,8300,8250,8300,8250,0
2022-12-05 09:47:00,8300,8250,8300,8250,0
2022-12-05 09:48:00,8275,8275,8275,8275,200
2022-12-05 09:49:00,8275,8250,8275,8250,1100
2022-12-05 09:50:00,8275,8275,8275,8275,2200
2022-12-05 09:51:00,8250,8250,8250,8250,1800
2022-12-05 09:52:00,8250,8250,8250,8250,0
2022-12-05 09:53:00,8250,8250,8250,8250,0
2022-12-05 09:54:00,8250,8250,8250,8250,0
2022-12-05 09:55:00,8250,8250,8250,8250,0
2022-12-05 09:56:00,8250,8250,8250,8250,4600
2022-12-05 09:57:00,8250,8250,8250,8250,0
2022-12-05 09:58:00,8250,8250,8250,8250,700
2022-12-05 09:59:00,8250,8250,8250,8250,3600
2022-12-05 10:00:00,8250,8250,8250,8250,4500
2022-12-05 10:01:00,8275,8275,8300,8275,17400
2022-12-05 10:02:00,8275,8275,8275,8275,3200
2022-12-05 10:03:00,8275,8275,8275,8275,700
2022-12-05 10:04:00,8275,8275,8275,8275,2700
2022-12-05 10:05:00,8275,8275,8300,8300,39400
2022-12-05 10:06:00,8300,8300,8325,8325,20000
2022-12-05 10:07:00,8300,8300,8300,8300,0
2022-12-05 10:08:00,8300,8300,8300,8300,0
2022-12-05 10:09:00,8300,8300,8300,8300,400
2022-12-05 10:10:00,8300,8275,8300,8275,12900
2022-12-05 10:11:00,8300,8275,8300,8275,0
2022-12-05 10:12:00,8300,8300,8300,8300,200
2022-12-05 10:13:00,8300,8300,8300,8300,0
2022-12-05 10:14:00,8300,8300,8300,8300,0
2022-12-05 10:15:00,8300,8300,8300,8300,0
2022-12-05 10:16:00,8275,8275,8300,8275,10400
2022-12-05 10:17:00,8275,8275,8275,8275,800
2022-12-05 10:18:00,8275,8275,8275,8275,0
2022-12-05 10:19:00,8275,8275,8275,8275,0
2022-12-05 10:20:00,8275,8275,8275,8275,5200
2022-12-05 10:21:00,8275,8275,8275,8275,0
2022-12-05 10:22:00,8275,8250,8300,8300,25600
2022-12-05 10:23:00,8275,8275,8275,8275,1000
2022-12-05 10:24:00,8275,8275,8275,8275,0
2022-12-05 10:25:00,8275,8275,8275,8275,0
2022-12-05 10:26:00,8275,8275,8275,8275,0
2022-12-05 10:27:00,8275,8275,8275,8275,0
2022-12-05 10:28:00,8275,8275,8275,8275,0
2022-12-05 10:29:00,8275,8275,8275,8275,0
2022-12-05 10:30:00,8275,8275,8275,8275,0
2022-12-05 10:31:00,8275,8275,8275,8275,0
2022-12-05 10:32:00,8275,8275,8300,8275,8800
2022-12-05 10:33:00,8275,8275,8300,8275,0
2022-12-05 10:34:00,8275,8275,8300,8300,300
2022-12-05 10:35:00,8275,8275,8300,8300,0
2022-12-05 10:36:00,8275,8275,8300,8300,0
2022-12-05 10:37:00,8275,8275,8300,8300,0
2022-12-05 10:38:00,8275,8275,8300,8300,300
2022-12-05 10:39:00,8275,8275,8275,8275,700
2022-12-05 10:40:00,8300,8300,8300,8300,400
2022-12-05 10:41:00,8300,8300,8300,8300,200
2022-12-05 10:42:00,8300,8300,8300,8300,0
2022-12-05 10:43:00,8300,8300,8300,8300,0
2022-12-05 10:44:00,8300,8300,8300,8300,0
2022-12-05 10:45:00,8300,8300,8300,8300,0
2022-12-05 10:46:00,8300,8300,8300,8300,0
2022-12-05 10:47:00,8300,8300,8300,8300,0
2022-12-05 10:48:00,8275,8275,8300,8300,3900
2022-12-05 10:49:00,8275,8250,8300,8250,5200
2022-12-05 10:50:00,8250,8250,8300,8300,8600
2022-12-05 10:51:00,8250,8250,8300,8300,0
2022-12-05 10:52:00,8250,8250,8300,8300,0
2022-12-05 10:53:00,8250,8250,8250,8250,800
2022-12-05 10:54:00,8250,8250,8250,8250,0
2022-12-05 10:55:00,8275,8275,8300,8275,6200
2022-12-05 10:56:00,8275,8275,8275,8275,1200
2022-12-05 10:57:00,8250,8250,8250,8250,2800
2022-12-05 10:58:00,8275,8275,8275,8275,100
2022-12-05 10:59:00,8275,8275,8275,8275,6100
2022-12-05 11:00:00,8275,8275,8275,8275,4700
2022-12-05 11:01:00,8250,8250,8300,8300,2300
2022-12-05 11:02:00,8250,8250,8300,8300,0
2022-12-05 11:03:00,8275,8275,8275,8275,0
2022-12-05 11:04:00,8275,8275,8275,8275,0
2022-12-05 11:05:00,8275,8275,8275,8275,0
2022-12-05 11:06:00,8275,8275,8275,8275,6500
2022-12-05 11:07:00,8275,8275,8275,8275,0
2022-12-05 11:08:00,8275,8275,8275,8275,0
2022-12-05 11:09:00,8275,8275,8275,8275,0
2022-12-05 11:10:00,8275,8275,8275,8275,0
2022-12-05 11:11:00,8275,8275,8275,8275,0
2022-12-05 11:12:00,8275,8275,8275,8275,0
2022-12-05 11:13:00,8275,8275,8275,8275,0
2022-12-05 11:14:00,8275,8275,8275,8275,0
2022-12-05 11:15:00,8275,8275,8275,8275,0
2022-12-05 11:16:00,8275,8275,8275,8275,0
2022-12-05 11:17:00,8275,8275,8275,8275,32800
2022-12-05 11:18:00,8275,8275,8275,8275,2000
2022-12-05 11:19:00,8275,8275,8275,8275,600
2022-12-05 11:20:00,8275,8275,8275,8275,1600
2022-12-05 11:21:00,8275,8275,8275,8275,0
2022-12-05 11:22:00,8275,8275,8275,8275,600
2022-12-05 11:23:00,8275,8275,8275,8275,0
2022-12-05 11:24:00,8250,8250,8250,8250,200
2022-12-05 11:25:00,8275,8275,8275,8275,10100
2022-12-05 11:26:00,8275,8275,8275,8275,0
2022-12-05 11:27:00,8275,8275,8275,8275,0
2022-12-05 11:28:00,8250,8250,8250,8250,200
2022-12-05 11:29:00,8250,8250,8250,8250,200
2022-12-05 11:30:00,8250,8250,8250,8250,0
2022-12-05 11:31:00,8250,8250,8250,8250,0
2022-12-05 11:32:00,8250,8250,8250,8250,0
2022-12-05 11:33:00,8250,8250,8250,8250,0
2022-12-05 11:34:00,8250,8250,8250,8250,0
2022-12-05 11:35:00,8250,8250,8250,8250,0
2022-12-05 11:36:00,8250,8250,8250,8250,0
2022-12-05 11:37:00,8250,8250,8250,8250,0
2022-12-05 11:38:00,8250,8250,8250,8250,0
2022-12-05 11:39:00,8250,8250,8250,8250,0
2022-12-05 11:40:00,8250,8250,8250,8250,0
2022-12-05 11:41:00,8250,8250,8250,8250,0
2022-12-05 11:42:00,8250,8250,8250,8250,0
2022-12-05 11:43:00,8250,8250,8250,8250,0
2022-12-05 11:44:00,8250,8250,8250,8250,0
2022-12-05 11:45:00,8250,8250,8250,8250,0
2022-12-05 11:46:00,8250,8250,8250,8250,0
2022-12-05 11:47:00,8250,8250,8250,8250,0
2022-12-05 11:48:00,8250,8250,8250,8250,0
2022-12-05 11:49:00,8250,8250,8250,8250,0
2022-12-05 11:50:00,8250,8250,8250,8250,0
2022-12-05 11:51:00,8250,8250,8250,8250,0
2022-12-05 11:52:00,8250,8250,8250,8250,0
2022-12-05 11:53:00,8250,8250,8250,8250,0
2022-12-05 11:54:00,8250,8250,8250,8250,0
2022-12-05 11:55:00,8250,8250,8250,8250,0
2022-12-05 11:56:00,8250,8250,8250,8250,0
2022-12-05 11:57:00,8250,8250,8250,8250,0
2022-12-05 11:58:00,8250,8250,8250,8250,0
2022-12-05 11:59:00,8250,8250,8250,8250,0
2022-12-05 12:00:00,8250,8250,8250,8250,0
2022-12-05 12:01:00,8250,8250,8250,8250,0
2022-12-05 12:02:00,8250,8250,8250,8250,0
2022-12-05 12:03:00,8250,8250,8250,8250,0
2022-12-05 12:04:00,8250,8250,8250,8250,0
2022-12-05 12:05:00,8250,8250,8250,8250,0
2022-12-05 12:06:00,8250,8250,8250,8250,0
2022-12-05 12:07:00,8250,8250,8250,8250,0
2022-12-05 12:08:00,8250,8250,8250,8250,0
2022-12-05 12:09:00,8250,8250,8250,8250,0
2022-12-05 12:10:00,8250,8250,8250,8250,0
2022-12-05 12:11:00,8250,8250,8250,8250,0
2022-12-05 12:12:00,8250,8250,8250,8250,0
2022-12-05 12:13:00,8250,8250,8250,8250,0
2022-12-05 12:14:00,8250,8250,8250,8250,0
2022-12-05 12:15:00,8250,8250,8250,8250,0
2022-12-05 12:16:00,8250,8250,8250,8250,0
2022-12-05 12:17:00,8250,8250,8250,8250,0
2022-12-05 12:18:00,8250,8250,8250,8250,0
2022-12-05 12:19:00,8250,8250,8250,8250,0
2022-12-05 12:20:00,8250,8250,8250,8250,0
2022-12-05 12:21:00,8250,8250,8250,8250,0
2022-12-05 12:22:00,8250,8250,8250,8250,0
2022-12-05 12:23:00,8250,8250,8250,8250,0
2022-12-05 12:24:00,8250,8250,8250,8250,0
2022-12-05 12:25:00,8250,8250,8250,8250,0
2022-12-05 12:26:00,8250,8250,8250,8250,0
2022-12-05 12:27:00,8250,8250,8250,8250,0
2022-12-05 12:28:00,8250,8250,8250,8250,0
2022-12-05 12:29:00,8250,8250,8250,8250,0
2022-12-05 12:30:00,8250,8250,8250,8250,0
2022-12-05 12:31:00,8250,8250,8250,8250,0
2022-12-05 12:32:00,8250,8250,8250,8250,0
2022-12-05 12:33:00,8250,8250,8250,8250,0
2022-12-05 12:34:00,8250,8250,8250,8250,0
2022-12-05 12:35:00,8250,8250,8250,8250,0
2022-12-05 12:36:00,8250,8250,8250,8250,0
2022-12-05 12:37:00,8250,8250,8250,8250,0
2022-12-05 12:38:00,8250,8250,8250,8250,0
2022-12-05 12:39:00,8250,8250,8250,8250,0
2022-12-05 12:40:00,8250,8250,8250,8250,0
2022-12-05 12:41:00,8250,8250,8250,8250,0
2022-12-05 12:42:00,8250,8250,8250,8250,0
2022-12-05 12:43:00,8250,8250,8250,8250,0
2022-12-05 12:44:00,8250,8250,8250,8250,0
2022-12-05 12:45:00,8250,8250,8250,8250,0
2022-12-05 12:46:00,8250,8250,8250,8250,0
2022-12-05 12:47:00,8250,8250,8250,8250,0
2022-12-05 12:48:00,8250,8250,8250,8250,0
2022-12-05 12:49:00,8250,8250,8250,8250,0
2022-12-05 12:50:00,8250,8250,8250,8250,0
2022-12-05 12:51:00,8250,8250,8250,8250,0
2022-12-05 12:52:00,8250,8250,8250,8250,0
2022-12-05 12:53:00,8250,8250,8250,8250,0
2022-12-05 12:54:00,8250,8250,8250,8250,0
2022-12-05 12:55:00,8250,8250,8250,8250,0
2022-12-05 12:56:00,8250,8250,8250,8250,0
2022-12-05 12:57:00,8250,8250,8250,8250,0
2022-12-05 12:58:00,8250,8250,8250,8250,0
2022-12-05 12:59:00,8250,8250,8250,8250,0
2022-12-05 13:00:00,8250,8250,8250,8250,0
2022-12-05 13:01:00,8250,8250,8250,8250,0
2022-12-05 13:02:00,8250,8250,8250,8250,0
2022-12-05 13:03:00,8250,8250,8250,8250,0
2022-12-05 13:04:00,8250,8250,8250,8250,0
2022-12-05 13:05:00,8250,8250,8250,8250,0
2022-12-05 13:06:00,8250,8250,8250,8250,0
2022-12-05 13:07:00,8250,8250,8250,8250,0
2022-12-05 13:08:00,8250,8250,8250,8250,0
2022-12-05 13:09:00,8250,8250,8250,8250,0
2022-12-05 13:10:00,8250,8250,8250,8250,0
2022-12-05 13:11:00,8250,8250,8250,8250,0
2022-12-05 13:12:00,8250,8250,8250,8250,0
2022-12-05 13:13:00,8250,8250,8250,8250,0
2022-12-05 13:14:00,8250,8250,8250,8250,0
2022-12-05 13:15:00,8250,8250,8250,8250,0
2022-12-05 13:16:00,8250,8250,8250,8250,0
2022-12-05 13:17:00,8250,8250,8250,8250,0
2022-12-05 13:18:00,8250,8250,8250,8250,0
2022-12-05 13:19:00,8250,8250,8250,8250,0
2022-12-05 13:20:00,8250,8250,8250,8250,0
2022-12-05 13:21:00,8250,8250,8250,8250,0
2022-12-05 13:22:00,8250,8250,8250,8250,0
2022-12-05 13:23:00,8250,8250,8250,8250,0
2022-12-05 13:24:00,8250,8250,8250,8250,0
2022-12-05 13:25:00,8250,8250,8250,8250,0
2022-12-05 13:26:00,8250,8250,8250,8250,0
2022-12-05 13:27:00,8250,8250,8250,8250,0
2022-12-05 13:28:00,8250,8250,8250,8250,0
2022-12-05 13:29:00,8250,8250,8250,8250,0
2022-12-05 13:30:00,8275,8250,8275,8275,101300
2022-12-05 13:31:00,8275,8275,8275,8275,0
2022-12-05 13:32:00,8250,8250,8250,8250,11900
2022-12-05 13:33:00,8250,8250,8250,8250,0
2022-12-05 13:34:00,8250,8250,8250,8250,0
2022-12-05 13:35:00,8250,8250,8250,8250,1500
2022-12-05 13:36:00,8225,8225,8225,8225,900
2022-12-05 13:37:00,8225,8225,8225,8225,0
2022-12-05 13:38:00,8250,8250,8250,8250,400
2022-12-05 13:39:00,8225,8225,8225,8225,600
2022-12-05 13:40:00,8250,8225,8250,8250,19600
2022-12-05 13:41:00,8250,8250,8250,8250,400
2022-12-05 13:42:00,8250,8250,8275,8275,9200
2022-12-05 13:43:00,8250,8250,8275,8275,0
2022-12-05 13:44:00,8250,8250,8275,8275,0
2022-12-05 13:45:00,8250,8250,8275,8275,0
2022-12-05 13:46:00,8275,8275,8275,8275,500
2022-12-05 13:47:00,8275,8275,8275,8275,0
2022-12-05 13:48:00,8275,8275,8275,8275,0
2022-12-05 13:49:00,8275,8250,8275,8250,3600
2022-12-05 13:50:00,8275,8250,8275,8250,4400
2022-12-05 13:51:00,8250,8250,8250,8250,500
2022-12-05 13:52:00,8250,8250,8275,8250,11900
2022-12-05 13:53:00,8250,8250,8275,8275,2000
2022-12-05 13:54:00,8250,8250,8275,8275,0
2022-12-05 13:55:00,8250,8250,8275,8250,5500
2022-12-05 13:56:00,8250,8250,8250,8250,500
2022-12-05 13:57:00,8250,8250,8250,8250,0
2022-12-05 13:58:00,8250,8225,8250,8225,5200
2022-12-05 13:59:00,8225,8225,8250,8250,14800
2022-12-05 14:00:00,8225,8225,8250,8250,0
2022-12-05 14:01:00,8250,8225,8250,8225,800
2022-12-05 14:02:00,8250,8225,8250,8225,0
2022-12-05 14:03:00,8225,8225,8250,8250,3100
2022-12-05 14:04:00,8250,8250,8250,8250,11900
2022-12-05 14:05:00,8250,8250,8250,8250,100
2022-12-05 14:06:00,8250,8250,8250,8250,0
2022-12-05 14:07:00,8225,8225,8225,8225,100
2022-12-05 14:08:00,8225,8225,8225,8225,700
2022-12-05 14:09:00,8225,8225,8250,8250,20500
2022-12-05 14:10:00,8225,8225,8225,8225,1700
2022-12-05 14:11:00,8225,8225,8225,8225,2100
2022-12-05 14:12:00,8225,8225,8225,8225,0
2022-12-05 14:13:00,8225,8225,8225,8225,1700
2022-12-05 14:14:00,8225,8200,8250,8250,58300
2022-12-05 14:15:00,8250,8200,8250,8250,3700
2022-12-05 14:16:00,8250,8250,8250,8250,0
2022-12-05 14:17:00,8225,8225,8225,8225,400
2022-12-05 14:18:00,8225,8225,8225,8225,300
2022-12-05 14:19:00,8225,8225,8225,8225,0
2022-12-05 14:20:00,8225,8225,8225,8225,0
2022-12-05 14:21:00,8225,8225,8225,8225,300
2022-12-05 14:22:00,8225,8225,8225,8225,800
2022-12-05 14:23:00,8225,8225,8250,8225,8800
2022-12-05 14:24:00,8225,8225,8225,8225,200
2022-12-05 14:25:00,8225,8225,8225,8225,300
2022-12-05 14:26:00,8225,8225,8225,8225,1700
2022-12-05 14:27:00,8225,8225,8225,8225,200
2022-12-05 14:28:00,8225,8225,8250,8250,23400
2022-12-05 14:29:00,8250,8250,8250,8250,0
2022-12-05 14:30:00,8225,8225,8225,8225,1200
2022-12-05 14:31:00,8225,8225,8250,8250,2500
2022-12-05 14:32:00,8225,8225,8250,8250,0
2022-12-05 14:33:00,8225,8225,8250,8250,800
2022-12-05 14:34:00,8225,8225,8250,8250,0
2022-12-05 14:35:00,8250,8200,8250,8225,1700
2022-12-05 14:36:00,8250,8200,8250,8225,0
2022-12-05 14:37:00,8225,8225,8225,8225,200
2022-12-05 14:38:00,8200,8200,8200,8200,700
2022-12-05 14:39:00,8200,8200,8200,8200,300
2022-12-05 14:40:00,8200,8200,8250,8250,39200
2022-12-05 14:41:00,8250,8250,8250,8250,6500
2022-12-05 14:42:00,8250,8250,8250,8250,1400
2022-12-05 14:43:00,8250,8225,8250,8250,2900
2022-12-05 14:44:00,8225,8200,8225,8225,3300
2022-12-05 14:45:00,8225,8225,8225,8225,4700
2022-12-05 14:46:00,8200,8200,8225,8200,3700
2022-12-05 14:47:00,8200,8200,8225,8200,1900
2022-12-05 14:48:00,8225,8200,8225,8200,16500
2022-12-05 14:49:00,8200,8200,8200,8200,1500
2022-12-05 14:50:00,8200,8200,8200,8200,0
2022-12-05 14:51:00,8200,8200,8200,8200,0
2022-12-05 14:52:00,8200,8200,8200,8200,0
2022-12-05 14:53:00,8200,8200,8200,8200,0
2022-12-05 14:54:00,8200,8200,8200,8200,0
2022-12-05 14:55:00,8200,8200,8200,8200,0
2022-12-05 14:56:00,8200,8200,8200,8200,0
2022-12-05 14:57:00,8200,8200,8200,8200,0
2022-12-05 14:58:00,8200,8200,8200,8200,0
2022-12-05 14:59:00,8200,8200,8200,8200,0
2022-12-05 15:00:00,8200,8200,8200,8200,61200
2022-12-05 15:01:00,8200,8200,8200,8200,3000
2022-12-05 15:02:00,8200,8200,8200,8200,400
2022-12-05 15:03:00,8200,8200,8200,8200,1700
2022-12-05 15:04:00,8200,8200,8200,8200,2800
2022-12-05 15:05:00,8200,8200,8200,8200,3600
2022-12-05 15:06:00,8200,8200,8200,8200,2500
2022-12-05 15:07:00,8200,8200,8200,8200,400
2022-12-05 15:08:00,8200,8200,8200,8200,2800
2022-12-05 15:09:00,8200,8200,8200,8200,0
2022-12-05 15:10:00,8200,8200,8200,8200,0
2022-12-05 15:11:00,8200,8200,8200,8200,0
2022-12-05 15:12:00,8200,8200,8200,8200,0
2022-12-05 15:13:00,8200,8200,8200,8200,69600
2022-12-05 15:14:00,8200,8200,8200,8200,1007000
2022-12-05 15:15:00,8200,8200,8200,8200,0
2022-12-05 15:16:00,8200,8200,8200,8200,0
2022-12-05 15:17:00,8200,8200,8200,8200,0
2022-12-05 15:18:00,8200,8200,8200,8200,0
2022-12-05 15:19:00,8200,8200,8200,8200,0
2022-12-05 15:20:00,8200,8200,8200,8200,0
2022-12-05 15:21:00,8200,8200,8200,8200,0
2022-12-05 15:22:00,8200,8200,8200,8200,0
2022-12-05 15:23:00,8200,8200,8200,8200,0
2022-12-05 15:24:00,8200,8200,8200,8200,0
2022-12-05 15:25:00,8200,8200,8200,8200,0
2022-12-05 15:26:00,8200,8200,8200,8200,0
2022-12-05 15:27:00,8200,8200,8200,8200,0
2022-12-05 15:28:00,8200,8200,8200,8200,0
2022-12-05 15:29:00,8200,8200,8200,8200,0
2022-12-05 15:30:00,8200,8200,8200,8200,0
2022-12-05 15:31:00,8200,8200,8200,8200,0
2022-12-05 15:32:00,8200,8200,8200,8200,0
2022-12-05 15:33:00,8200,8200,8200,8200,0
2022-12-05 15:34:00,8200,8200,8200,8200,0
2022-12-05 15:35:00,8200,8200,8200,8200,0
2022-12-05 15:36:00,8200,8200,8200,8200,0
2022-12-05 15:37:00,8200,8200,8200,8200,0
2022-12-05 15:38:00,8200,8200,8200,8200,0
2022-12-05 15:39:00,8200,8200,8200,8200,0
2022-12-05 15:40:00,8200,8200,8200,8200,0
2022-12-05 15:41:00,8200,8200,8200,8200,0
2022-12-05 15:42:00,8200,8200,8200,8200,0
2022-12-05 15:43:00,8200,8200,8200,8200,0
2022-12-05 15:44:00,8200,8200,8200,8200,0
2022-12-05 15:45:00,8200,8200,8200,8200,0
2022-12-05 15:46:00,8200,8200,8200,8200,0
2022-12-05 15:47:00,8200,8200,8200,8200,0
2022-12-05 15:48:00,8200,8200,8200,8200,0
2022-12-05 15:49:00,8200,8200,8200,8200,0
2022-12-05 15:50:00,8200,8200,8200,8200,0
2022-12-05 15:51:00,8200,8200,8200,8200,0
2022-12-05 15:52:00,8200,8200,8200,8200,0
2022-12-05 15:53:00,8200,8200,8200,8200,0
2022-12-05 15:54:00,8200,8200,8200,8200,0
2022-12-05 15:55:00,8200,8200,8200,8200,0
2022-12-05 15:56:00,8200,8200,8200,8200,0
2022-12-05 15:57:00,8200,8200,8200,8200,0
2022-12-05 15:58:00,8200,8200,8200,8200,0
2022-12-05 15:59:00,8200,8200,8200,8200,0
2022-12-06 09:00:00,8200,8125,8200,8125,0
2022-12-06 09:01:00,8125,8125,8200,8200,25100
2022-12-06 09:02:00,8200,8200,8200,8200,9800
2022-12-06 09:03:00,8200,8200,8225,8225,20000
2022-12-06 09:04:00,8200,8200,8225,8225,11600
2022-12-06 09:05:00,8225,8200,8225,8200,2300
2022-12-06 09:06:00,8200,8200,8200,8200,12400
2022-12-06 09:07:00,8200,8175,8200,8175,13300
2022-12-06 09:08:00,8200,8200,8200,8200,0
2022-12-06 09:09:00,8200,8175,8200,8175,15500
2022-12-06 09:10:00,8175,8150,8175,8150,35400
2022-12-06 09:11:00,8175,8175,8175,8175,17300
2022-12-06 09:12:00,8150,8150,8175,8150,2100
2022-12-06 09:13:00,8150,8150,8175,8175,2000
2022-12-06 09:14:00,8175,8175,8175,8175,1900
2022-12-06 09:15:00,8175,8175,8200,8200,7800
2022-12-06 09:16:00,8200,8175,8200,8175,9300
2022-12-06 09:17:00,8175,8175,8175,8175,200
2022-12-06 09:18:00,8175,8175,8175,8175,0
2022-12-06 09:19:00,8175,8175,8200,8175,13100
2022-12-06 09:20:00,8175,8175,8200,8175,1000
2022-12-06 09:21:00,8150,8150,8150,8150,24300
2022-12-06 09:22:00,8150,8150,8150,8150,3800
2022-12-06 09:23:00,8150,8100,8150,8100,174200
2022-12-06 09:24:00,8125,8100,8125,8100,62700
2022-12-06 09:25:00,8075,8075,8075,8075,56800
2022-12-06 09:26:00,8075,8050,8075,8050,56400
2022-12-06 09:27:00,8075,8075,8075,8075,17700
2022-12-06 09:28:00,8075,8075,8075,8075,4300
2022-12-06 09:29:00,8075,8075,8075,8075,400
2022-12-06 09:30:00,8075,8075,8075,8075,22900
2022-12-06 09:31:00,8075,8075,8100,8100,5800
2022-12-06 09:32:00,8075,8075,8100,8100,5100
2022-12-06 09:33:00,8075,8075,8075,8075,9000
2022-12-06 09:34:00,8075,8075,8075,8075,36200
2022-12-06 09:35:00,8075,8075,8075,8075,6000
2022-12-06 09:36:00,8075,8075,8075,8075,500
2022-12-06 09:37:00,8075,8075,8075,8075,8000
2022-12-06 09:38:00,8075,8050,8075,8050,300
2022-12-06 09:39:00,8075,8075,8100,8075,9400
2022-12-06 09:40:00,8075,8075,8075,8075,3700
2022-12-06 09:41:00,8075,8075,8075,8075,0
2022-12-06 09:42:00,8075,8075,8075,8075,53900
2022-12-06 09:43:00,8075,8075,8125,8100,13300
2022-12-06 09:44:00,8100,8100,8125,8100,14700
2022-12-06 09:45:00,8100,8100,8100,8100,0
2022-12-06 09:46:00,8100,8100,8100,8100,16700
2022-12-06 09:47:00,8075,8075,8075,8075,100
2022-12-06 09:48:00,8100,8100,8100,8100,18200
2022-12-06 09:49:00,8100,8100,8100,8100,11300
2022-12-06 09:50:00,8100,8100,8100,8100,0
2022-12-06 09:51:00,8100,8100,8125,8125,1800
2022-12-06 09:52:00,8100,8100,8125,8125,0
2022-12-06 09:53:00,8100,8100,8125,8125,700
2022-12-06 09:54:00,8125,8125,8125,8125,200
2022-12-06 09:55:00,8125,8125,8125,8125,0
2022-12-06 09:56:00,8125,8100,8125,8100,11200
2022-12-06 09:57:00,8125,8100,8125,8100,0
2022-12-06 09:58:00,8100,8100,8100,8100,2600
2022-12-06 09:59:00,8100,8100,8100,8100,3800
2022-12-06 10:00:00,8100,8100,8125,8125,17300
2022-12-06 10:01:00,8100,8100,8125,8125,0
2022-12-06 10:02:00,8125,8125,8125,8125,0
2022-12-06 10:03:00,8100,8100,8100,8100,4100
2022-12-06 10:04:00,8100,8100,8100,8100,0
2022-12-06 10:05:00,8100,8100,8100,8100,1000
2022-12-06 10:06:00,8125,8125,8125,8125,1300
2022-12-06 10:07:00,8100,8100,8100,8100,43400
2022-12-06 10:08:00,8100,8100,8100,8100,7500
2022-12-06 10:09:00,8100,8100,8100,8100,600
2022-12-06 10:10:00,8100,8100,8100,8100,0
2022-12-06 10:11:00,8075,8075,8075,8075,800
2022-12-06 10:12:00,8075,8075,8075,8075,0
2022-12-06 10:13:00,8075,8075,8100,8075,61600
2022-12-06 10:14:00,8075,8075,8075,8075,26400
2022-12-06 10:15:00,8075,8075,8075,8075,0
2022-12-06 10:16:00,8075,8075,8075,8075,0
2022-12-06 10:17:00,8075,8075,8075,8075,0
2022-12-06 10:18:00,8100,8100,8100,8100,800
2022-12-06 10:19:00,8100,8100,8100,8100,400
2022-12-06 10:20:00,8100,8100,8100,8100,800
2022-12-06 10:21:00,8100,8100,8100,8100,1100
2022-12-06 10:22:00,8100,8075,8100,8075,3700
2022-12-06 10:23:00,8100,8100,8100,8100,1400
2022-12-06 10:24:00,8075,8075,8100,8075,3400
2022-12-06 10:25:00,8100,8100,8100,8100,16400
2022-12-06 10:26:00,8100,8100,8100,8100,0
2022-12-06 10:27:00,8125,8125,8125,8125,1400
2022-12-06 10:28:00,8125,8125,8125,8125,0
2022-12-06 10:29:00,8100,8100,8100,8100,2600
2022-12-06 10:30:00,8125,8100,8125,8100,17600
2022-12-06 10:31:00,8100,8100,8100,8100,0
2022-12-06 10:32:00,8100,8100,8100,8100,0
2022-12-06 10:33:00,8100,8100,8100,8100,500
2022-12-06 10:34:00,8100,8100,8100,8100,0
2022-12-06 10:35:00,8100,8100,8100,8100,700
2022-12-06 10:36:00,8100,8100,8100,8100,600
2022-12-06 10:37:00,8100,8100,8100,8100,300
2022-12-06 10:38:00,8100,8100,8100,8100,900
2022-12-06 10:39:00,8100,8100,8100,8100,2300
2022-12-06 10:40:00,8100,8075,8100,8100,1000
2022-12-06 10:41:00,8100,8100,8100,8100,600
2022-12-06 10:42:00,8100,8075,8100,8100,1100
2022-12-06 10:43:00,8100,8100,8100,8100,1500
2022-12-06 10:44:00,8100,8100,8100,8100,800
2022-12-06 10:45:00,8100,8100,8125,8125,3000
2022-12-06 10:46:00,8100,8100,8125,8125,0
2022-12-06 10:47:00,8100,8075,8100,8075,8700
2022-12-06 10:48:00,8100,8075,8100,8075,0
2022-12-06 10:49:00,8075,8075,8075,8075,1300
2022-12-06 10:50:00,8075,8075,8075,8075,0
2022-12-06 10:51:00,8075,8075,8075,8075,33100
2022-12-06 10:52:00,8075,8075,8075,8075,0
2022-12-06 10:53:00,8075,8075,8075,8075,0
2022-12-06 10:54:00,8075,8075,8075,8075,100
2022-12-06 10:55:00,8075,8050,8075,8050,3300
2022-12-06 10:56:00,8075,8075,8075,8075,0
2022-12-06 10:57:00,8075,8075,8075,8075,1000
2022-12-06 10:58:00,8075,8075,8075,8075,11200
2022-12-06 10:59:00,8075,8075,8100,8100,1400
2022-12-06 11:00:00,8100,8075,8100,8075,10600
2022-12-06 11:01:00,8100,8100,8100,8100,0
2022-12-06 11:02:00,8100,8075,8100,8075,2000
2022-12-06 11:03:00,8100,8100,8100,8100,2200
2022-12-06 11:04:00,8100,8100,8100,8100,1000
2022-12-06 11:05:00,8100,8100,8100,8100,5300
2022-12-06 11:06:00,8100,8100,8100,8100,10800
2022-12-06 11:07:00,8100,8100,8100,8100,1000
2022-12-06 11:08:00,8100,8100,8100,8100,600
2022-12-06 11:09:00,8100,8100,8100,8100,1000
2022-12-06 11:10:00,8100,8100,8100,8100,800
2022-12-06 11:11:00,8100,8100,8100,8100,500
2022-12-06 11:12:00,8100,8100,8100,8100,8400
2022-12-06 11:13:00,8100,8100,8100,8100,0
2022-12-06 11:14:00,8125,8125,8125,8125,100
2022-12-06 11:15:00,8100,8100,8125,8125,1200
2022-12-06 11:16:00,8100,8100,8100,8100,10400
2022-12-06 11:17:00,8100,8100,8100,8100,2100
2022-12-06 11:18:00,8100,8100,8100,8100,0
2022-12-06 11:19:00,8100,8100,8100,8100,0
2022-12-06 11:20:00,8100,8100,8100,8100,400
2022-12-06 11:21:00,8100,8100,8100,8100,1800
2022-12-06 11:22:00,8100,8100,8100,8100,800
2022-12-06 11:23:00,8100,8100,8100,8100,800
2022-12-06 11:24:00,8100,8075,8100,8100,2100
2022-12-06 11:25:00,8100,8100,8100,8100,1200
2022-12-06 11:26:00,8100,8100,8100,8100,400
2022-12-06 11:27:00,8100,8100,8100,8100,1000
2022-12-06 11:28:00,8100,8075,8100,8075,4100
2022-12-06 11:29:00,8100,8100,8100,8100,0
2022-12-06 11:30:00,8100,8100,8100,8100,0
2022-12-06 11:31:00,8100,8100,8100,8100,0
2022-12-06 11:32:00,8100,8100,8100,8100,0
2022-12-06 11:33:00,8100,8100,8100,8100,0
2022-12-06 11:34:00,8100,8100,8100,8100,0
2022-12-06 11:35:00,8100,8100,8100,8100,0
2022-12-06 11:36:00,8100,8100,8100,8100,0
2022-12-06 11:37:00,8100,8100,8100,8100,0
2022-12-06 11:38:00,8100,8100,8100,8100,0
2022-12-06 11:39:00,8100,8100,8100,8100,0
2022-12-06 11:40:00,8100,8100,8100,8100,0
2022-12-06 11:41:00,8100,8100,8100,8100,0
2022-12-06 11:42:00,8100,8100,8100,8100,0
2022-12-06 11:43:00,8100,8100,8100,8100,0
2022-12-06 11:44:00,8100,8100,8100,8100,0
2022-12-06 11:45:00,8100,8100,8100,8100,0
2022-12-06 11:46:00,8100,8100,8100,8100,0
2022-12-06 11:47:00,8100,8100,8100,8100,0
2022-12-06 11:48:00,8100,8100,8100,8100,0
2022-12-06 11:49:00,8100,8100,8100,8100,0
2022-12-06 11:50:00,8100,8100,8100,8100,0
2022-12-06 11:51:00,8100,8100,8100,8100,0
2022-12-06 11:52:00,8100,8100,8100,8100,0
2022-12-06 11:53:00,8100,8100,8100,8100,0
2022-12-06 11:54:00,8100,8100,8100,8100,0
2022-12-06 11:55:00,8100,8100,8100,8100,0
2022-12-06 11:56:00,8100,8100,8100,8100,0
2022-12-06 11:57:00,8100,8100,8100,8100,0
2022-12-06 11:58:00,8100,8100,8100,8100,0
2022-12-06 11:59:00,8100,8100,8100,8100,0
2022-12-06 12:00:00,8100,8100,8100,8100,0
2022-12-06 12:01:00,8100,8100,8100,8100,0
2022-12-06 12:02:00,8100,8100,8100,8100,0
2022-12-06 12:03:00,8100,8100,8100,8100,0
2022-12-06 12:04:00,8100,8100,8100,8100,0
2022-12-06 12:05:00,8100,8100,8100,8100,0
2022-12-06 12:06:00,8100,8100,8100,8100,0
2022-12-06 12:07:00,8100,8100,8100,8100,0
2022-12-06 12:08:00,8100,8100,8100,8100,0
2022-12-06 12:09:00,8100,8100,8100,8100,0
2022-12-06 12:10:00,8100,8100,8100,8100,0
2022-12-06 12:11:00,8100,8100,8100,8100,0
2022-12-06 12:12:00,8100,8100,8100,8100,0
2022-12-06 12:13:00,8100,8100,8100,8100,0
2022-12-06 12:14:00,8100,8100,8100,8100,0
2022-12-06 12:15:00,8100,8100,8100,8100,0
2022-12-06 12:16:00,8100,8100,8100,8100,0
2022-12-06 12:17:00,8100,8100,8100,8100,0
2022-12-06 12:18:00,8100,8100,8100,8100,0
2022-12-06 12:19:00,8100,8100,8100,8100,0
2022-12-06 12:20:00,8100,8100,8100,8100,0
2022-12-06 12:21:00,8100,8100,8100,8100,0
2022-12-06 12:22:00,8100,8100,8100,8100,0
2022-12-06 12:23:00,8100,8100,8100,8100,0
2022-12-06 12:24:00,8100,8100,8100,8100,0
2022-12-06 12:25:00,8100,8100,8100,8100,0
2022-12-06 12:26:00,8100,8100,8100,8100,0
2022-12-06 12:27:00,8100,8100,8100,8100,0
2022-12-06 12:28:00,8100,8100,8100,8100,0
2022-12-06 12:29:00,8100,8100,8100,8100,0
2022-12-06 12:30:00,8100,8100,8100,8100,0
2022-12-06 12:31:00,8100,8100,8100,8100,0
2022-12-06 12:32:00,8100,8100,8100,8100,0
2022-12-06 12:33:00,8100,8100,8100,8100,0
2022-12-06 12:34:00,8100,8100,8100,8100,0
2022-12-06 12:35:00,8100,8100,8100,8100,0
2022-12-06 12:36:00,8100,8100,8100,8100,0
2022-12-06 12:37:00,8100,8100,8100,8100,0
2022-12-06 12:38:00,8100,8100,8100,8100,0
2022-12-06 12:39:00,8100,8100,8100,8100,0
2022-12-06 12:40:00,8100,8100,8100,8100,0
2022-12-06 12:41:00,8100,8100,8100,8100,0
2022-12-06 12:42:00,8100,8100,8100,8100,0
2022-12-06 12:43:00,8100,8100,8100,8100,0
2022-12-06 12:44:00,8100,8100,8100,8100,0
2022-12-06 12:45:00,8100,8100,8100,8100,0
2022-12-06 12:46:00,8100,8100,8100,8100,0
2022-12-06 12:47:00,8100,8100,8100,8100,0
2022-12-06 12:48:00,8100,8100,8100,8100,0
2022-12-06 12:49:00,8100,8100,8100,8100,0
2022-12-06 12:50:00,8100,8100,8100,8100,0
2022-12-06 12:51:00,8100,8100,8100,8100,0
2022-12-06 12:52:00,8100,8100,8100,8100,0
2022-12-06 12:53:00,8100,8100,8100,8100,0
2022-12-06 12:54:00,8100,8100,8100,8100,0
2022-12-06 12:55:00,8100,8100,8100,8100,0
2022-12-06 12:56:00,8100,8100,8100,8100,0
2022-12-06 12:57:00,8100,8100,8100,8100,0
2022-12-06 12:58:00,8100,8100,8100,8100,0
2022-12-06 12:59:00,8100,8100,8100,8100,0
2022-12-06 13:00:00,8100,8100,8100,8100,0
2022-12-06 13:01:00,8100,8100,8100,8100,0
2022-12-06 13:02:00,8100,8100,8100,8100,0
2022-12-06 13:03:00,8100,8100,8100,8100,0
2022-12-06 13:04:00,8100,8100,8100,8100,0
2022-12-06 13:05:00,8100,8100,8100,8100,0
2022-12-06 13:06:00,8100,8100,8100,8100,0
2022-12-06 13:07:00,8100,8100,8100,8100,0
2022-12-06 13:08:00,8100,8100,8100,8100,0
2022-12-06 13:09:00,8100,8100,8100,8100,0
2022-12-06 13:10:00,8100,8100,8100,8100,0
2022-12-06 13:11:00,8100,8100,8100,8100,0
2022-12-06 13:12:00,8100,8100,8100,8100,0
2022-12-06 13:13:00,8100,8100,8100,8100,0
2022-12-06 13:14:00,8100,8100,8100,8100,0
2022-12-06 13:15:00,8100,8100,8100,8100,0
2022-12-06 13:16:00,8100,8100,8100,8100,0
2022-12-06 13:17:00,8100,8100,8100,8100,0
2022-12-06 13:18:00,8100,8100,8100,8100,0
2022-12-06 13:19:00,8100,8100,8100,8100,0
2022-12-06 13:20:00,8100,8100,8100,8100,0
2022-12-06 13:21:00,8100,8100,8100,8100,0
2022-12-06 13:22:00,8100,8100,8100,8100,0
2022-12-06 13:23:00,8100,8100,8100,8100,0
2022-12-06 13:24:00,8100,8100,8100,8100,0
2022-12-06 13:25:00,8100,8100,8100,8100,0
2022-12-06 13:26:00,8100,8100,8100,8100,0
2022-12-06 13:27:00,8100,8100,8100,8100,0
2022-12-06 13:28:00,8100,8100,8100,8100,0
2022-12-06 13:29:00,8100,8100,8100,8100,0
2022-12-06 13:30:00,8075,8075,8100,8100,15600
2022-12-06 13:31:00,8075,8075,8100,8100,0
2022-12-06 13:32:00,8100,8075,8100,8075,9900
2022-12-06 13:33:00,8075,8075,8075,8075,100
2022-12-06 13:34:00,8075,8075,8075,8075,1500
2022-12-06 13:35:00,8075,8075,8075,8075,0
2022-12-06 13:36:00,8075,8050,8075,8050,90200
2022-12-06 13:37:00,8050,8050,8050,8050,600
2022-12-06 13:38:00,8075,8050,8075,8075,4100
2022-12-06 13:39:00,8075,8050,8075,8075,12500
2022-12-06 13:40:00,8075,8050,8075,8075,3300
2022-12-06 13:41:00,8050,8050,8075,8075,8100
2022-12-06 13:42:00,8075,8075,8075,8075,700
2022-12-06 13:43:00,8050,8050,8075,8075,59700
2022-12-06 13:44:00,8050,8050,8075,8075,1200
2022-12-06 13:45:00,8075,8075,8075,8075,13500
2022-12-06 13:46:00,8050,8050,8075,8075,1500
2022-12-06 13:47:00,8075,8075,8075,8075,3300
2022-12-06 13:48:00,8075,8075,8075,8075,2800
2022-12-06 13:49:00,8075,8075,8075,8075,7200
2022-12-06 13:50:00,8075,8050,8075,8075,36500
2022-12-06 13:51:00,8075,8075,8075,8075,10000
2022-12-06 13:52:00,8075,8075,8075,8075,9100
2022-12-06 13:53:00,8075,8075,8075,8075,19800
2022-12-06 13:54:00,8075,8075,8075,8075,0
2022-12-06 13:55:00,8075,8075,8075,8075,20600
2022-12-06 13:56:00,8050,8050,8075,8075,6800
2022-12-06 13:57:00,8075,8075,8075,8075,1300
2022-12-06 13:58:00,8075,8075,8100,8075,17500
2022-12-06 13:59:00,8075,8075,8075,8075,10500
2022-12-06 14:00:00,8075,8050,8075,8075,3700
2022-12-06 14:01:00,8075,8075,8075,8075,1700
2022-12-06 14:02:00,8075,8075,8075,8075,0
2022-12-06 14:03:00,8075,8075,8075,8075,9100
2022-12-06 14:04:00,8075,8075,8100,8075,1900
2022-12-06 14:05:00,8075,8075,8075,8075,11300
2022-12-06 14:06:00,8050,8050,8075,8050,12500
2022-12-06 14:07:00,8075,8075,8075,8075,2000
2022-12-06 14:08:00,8075,8075,8075,8075,1000
2022-12-06 14:09:00,8075,8050,8100,8050,5600
2022-12-06 14:10:00,8075,8050,8075,8075,3700
2022-12-06 14:11:00,8075,8075,8075,8075,3400
2022-12-06 14:12:00,8075,8050,8075,8075,6400
2022-12-06 14:13:00,8075,8050,8075,8075,1900
2022-12-06 14:14:00,8075,8050,8100,8100,2600
2022-12-06 14:15:00,8075,8050,8100,8100,0
2022-12-06 14:16:00,8100,8075,8100,8100,10800
2022-12-06 14:17:00,8050,8050,8075,8075,1100
2022-12-06 14:18:00,8050,8050,8075,8075,0
2022-12-06 14:19:00,8075,8050,8075,8050,3600
2022-12-06 14:20:00,8075,8050,8075,8050,0
2022-12-06 14:21:00,8050,8050,8075,8050,27900
2022-12-06 14:22:00,8050,8050,8075,8050,0
2022-12-06 14:23:00,8075,8050,8075,8075,4400
2022-12-06 14:24:00,8050,8050,8050,8050,1200
2022-12-06 14:25:00,8075,8050,8075,8050,141000
2022-12-06 14:26:00,8050,8050,8050,8050,800
2022-12-06 14:27:00,8050,8050,8050,8050,0
2022-12-06 14:28:00,8050,8025,8050,8025,99500
2022-12-06 14:29:00,8025,8025,8025,8025,32300
2022-12-06 14:30:00,8050,8025,8050,8025,14700
2022-12-06 14:31:00,8025,8000,8025,8000,154500
2022-12-06 14:32:00,8025,8000,8025,8000,2300
2022-12-06 14:33:00,8000,8000,8000,8000,13700
2022-12-06 14:34:00,8000,8000,8025,8000,27100
2022-12-06 14:35:00,8000,8000,8025,8000,8000
2022-12-06 14:36:00,8000,8000,8025,8000,12100
2022-12-06 14:37:00,8000,8000,8025,8000,13500
2022-12-06 14:38:00,8000,8000,8025,8000,22300
2022-12-06 14:39:00,8000,8000,8025,8000,28700
2022-12-06 14:40:00,8000,8000,8025,8000,150900
2022-12-06 14:41:00,8000,7975,8000,7975,161700
2022-12-06 14:42:00,7975,7925,7975,7950,183900
2022-12-06 14:43:00,7950,7925,7975,7975,67100
2022-12-06 14:44:00,7950,7925,7975,7925,53600
2022-12-06 14:45:00,7950,7950,7975,7975,7800
2022-12-06 14:46:00,7950,7950,7975,7975,42300
2022-12-06 14:47:00,7975,7950,7975,7950,18900
2022-12-06 14:48:00,7950,7950,7975,7950,35000
2022-12-06 14:49:00,7950,7950,7975,7950,25200
2022-12-06 14:50:00,7950,7950,7975,7950,0
2022-12-06 14:51:00,7950,7950,7975,7950,0
2022-12-06 14:52:00,7950,7950,7975,7950,0
2022-12-06 14:53:00,7950,7950,7975,7950,0
2022-12-06 14:54:00,7950,7950,7975,7950,0
2022-12-06 14:55:00,7950,7950,7975,7950,0
2022-12-06 14:56:00,7950,7950,7975,7950,0
2022-12-06 14:57:00,7950,7950,7975,7950,0
2022-12-06 14:58:00,7950,7950,7975,7950,0
2022-12-06 14:59:00,7950,7950,7975,7950,0
2022-12-06 15:00:00,7950,7950,7950,7950,143800
2022-12-06 15:01:00,7950,7950,7950,7950,93000
2022-12-06 15:02:00,7950,7950,7950,7950,15800
2022-12-06 15:03:00,7950,7950,7950,7950,5500
2022-12-06 15:04:00,7950,7950,7950,7950,600
2022-12-06 15:05:00,7950,7950,7950,7950,200
2022-12-06 15:06:00,7950,7950,7950,7950,0
2022-12-06 15:07:00,7950,7950,7950,7950,1000
2022-12-06 15:08:00,7950,7950,7950,7950,900
2022-12-06 15:09:00,7950,7950,7950,7950,300
2022-12-06 15:10:00,7950,7950,7950,7950,0
2022-12-06 15:11:00,7950,7950,7950,7950,0
2022-12-06 15:12:00,7950,7950,7950,7950,3800
2022-12-06 15:13:00,7950,7950,7950,7950,0
2022-12-06 15:14:00,7950,7950,7950,7950,3320200
2022-12-06 15:15:00,7950,7950,7950,7950,0
2022-12-06 15:16:00,7950,7950,7950,7950,0
2022-12-06 15:17:00,7950,7950,7950,7950,0
2022-12-06 15:18:00,7950,7950,7950,7950,0
2022-12-06 15:19:00,7950,7950,7950,7950,0
2022-12-06 15:20:00,7950,7950,7950,7950,0
2022-12-06 15:21:00,7950,7950,7950,7950,0
2022-12-06 15:22:00,7950,7950,7950,7950,0
2022-12-06 15:23:00,7950,7950,7950,7950,0
2022-12-06 15:24:00,7950,7950,7950,7950,0
2022-12-06 15:25:00,7950,7950,7950,7950,0
2022-12-06 15:26:00,7950,7950,7950,7950,0
2022-12-06 15:27:00,7950,7950,7950,7950,0
2022-12-06 15:28:00,7950,7950,7950,7950,0
2022-12-06 15:29:00,7950,7950,7950,7950,0
2022-12-06 15:30:00,7950,7950,7950,7950,0
2022-12-06 15:31:00,7950,7950,7950,7950,0
2022-12-06 15:32:00,7950,7950,7950,7950,0
2022-12-06 15:33:00,7950,7950,7950,7950,0
2022-12-06 15:34:00,7950,7950,7950,7950,0
2022-12-06 15:35:00,7950,7950,7950,7950,0
2022-12-06 15:36:00,7950,7950,7950,7950,0
2022-12-06 15:37:00,7950,7950,7950,7950,0
2022-12-06 15:38:00,7950,7950,7950,7950,0
2022-12-06 15:39:00,7950,7950,7950,7950,0
2022-12-06 15:40:00,7950,7950,7950,7950,0
2022-12-06 15:41:00,7950,7950,7950,7950,0
2022-12-06 15:42:00,7950,7950,7950,7950,0
2022-12-06 15:43:00,7950,7950,7950,7950,0
2022-12-06 15:44:00,7950,7950,7950,7950,0
2022-12-06 15:45:00,7950,7950,7950,7950,0
2022-12-06 15:46:00,7950,7950,7950,7950,0
2022-12-06 15:47:00,7950,7950,7950,7950,0
2022-12-06 15:48:00,7950,7950,7950,7950,0
2022-12-06 15:49:00,7950,7950,7950,7950,0
2022-12-06 15:50:00,7950,7950,7950,7950,0
2022-12-06 15:51:00,7950,7950,7950,7950,0
2022-12-06 15:52:00,7950,7950,7950,7950,0
2022-12-06 15:53:00,7950,7950,7950,7950,0
2022-12-06 15:54:00,7950,7950,7950,7950,0
2022-12-06 15:55:00,7950,7950,7950,7950,0
2022-12-06 15:56:00,7950,7950,7950,7950,0
2022-12-06 15:57:00,7950,7950,7950,7950,0
2022-12-06 15:58:00,7950,7950,7950,7950,0
2022-12-06 15:59:00,7950,7950,7950,7950,0
2022-12-07 09:00:00,7950,7950,7950,7950,0
2022-12-07 09:01:00,7950,7925,7950,7925,71400
2022-12-07 09:02:00,7925,7925,7950,7925,22600
2022-12-07 09:03:00,7925,7925,7925,7925,0
2022-12-07 09:04:00,7925,7925,7950,7925,9200
2022-12-07 09:05:00,7925,7925,7950,7925,2500
2022-12-07 09:06:00,7925,7925,7925,7925,8500
2022-12-07 09:07:00,7925,7925,7925,7925,31100
2022-12-07 09:08:00,7925,7925,7925,7925,8000
2022-12-07 09:09:00,7900,7900,7925,7900,87600
2022-12-07 09:10:00,7900,7875,7900,7875,17400
2022-12-07 09:11:00,7875,7875,7900,7875,51400
2022-12-07 09:12:00,7875,7875,7900,7900,38900
2022-12-07 09:13:00,7925,7900,7925,7925,15400
2022-12-07 09:14:00,7950,7950,7950,7950,34200
2022-12-07 09:15:00,7975,7975,7975,7975,8100
2022-12-07 09:16:00,7975,7975,8000,8000,4400
2022-12-07 09:17:00,8000,8000,8025,8025,49900
2022-12-07 09:18:00,8025,8025,8025,8025,7600
2022-12-07 09:19:00,8025,8000,8025,8000,10000
2022-12-07 09:20:00,8000,8000,8025,8025,2700
2022-12-07 09:21:00,8025,8025,8025,8025,2600
2022-12-07 09:22:00,8000,8000,8025,8025,8200
2022-12-07 09:23:00,8025,8025,8025,8025,9600
2022-12-07 09:24:00,8025,8000,8025,8000,500
2022-12-07 09:25:00,8000,8000,8000,8000,500
2022-12-07 09:26:00,8025,8025,8025,8025,3300
2022-12-07 09:27:00,8025,8025,8025,8025,12900
2022-12-07 09:28:00,8050,8025,8050,8025,14500
2022-12-07 09:29:00,8025,8025,8050,8025,0
2022-12-07 09:30:00,8025,8025,8025,8025,2300
2022-12-07 09:31:00,8025,8025,8050,8025,3400
2022-12-07 09:32:00,8050,8025,8050,8025,900
2022-12-07 09:33:00,8050,8025,8050,8025,0
2022-12-07 09:34:00,8050,8025,8050,8025,0
2022-12-07 09:35:00,8050,8025,8050,8050,4700
2022-12-07 09:36:00,8050,8050,8050,8050,3000
2022-12-07 09:37:00,8050,8050,8050,8050,3500
2022-12-07 09:38:00,8025,8025,8050,8050,2100
2022-12-07 09:39:00,8050,8050,8050,8050,900
2022-12-07 09:40:00,8050,8050,8050,8050,400
2022-12-07 09:41:00,8050,8050,8050,8050,1200
2022-12-07 09:42:00,8050,8050,8050,8050,9600
2022-12-07 09:43:00,8050,8050,8050,8050,0
2022-12-07 09:44:00,8050,8050,8050,8050,0
2022-12-07 09:45:00,8025,8025,8050,8025,1700
2022-12-07 09:46:00,8050,8025,8050,8025,5700
2022-12-07 09:47:00,8025,8025,8025,8025,12900
2022-12-07 09:48:00,8025,8025,8025,8025,0
2022-12-07 09:49:00,8025,8025,8025,8025,14200
2022-12-07 09:50:00,8025,8025,8025,8025,0
2022-12-07 09:51:00,8025,8025,8025,8025,0
2022-12-07 09:52:00,8025,8025,8025,8025,0
2022-12-07 09:53:00,8025,8025,8025,8025,1600
2022-12-07 09:54:00,8025,8025,8025,8025,0
2022-12-07 09:55:00,8025,8025,8025,8025,200
2022-12-07 09:56:00,8025,8025,8025,8025,6000
2022-12-07 09:57:00,8025,8025,8025,8025,3800
2022-12-07 09:58:00,8025,8025,8025,8025,0
2022-12-07 09:59:00,8025,8025,8025,8025,500
2022-12-07 10:00:00,8025,8025,8050,8050,400
2022-12-07 10:01:00,8050,8050,8050,8050,1300
2022-12-07 10:02:00,8025,8025,8050,8050,2200
2022-12-07 10:03:00,8050,8025,8050,8025,27700
2022-12-07 10:04:00,8050,8050,8050,8050,43900
2022-12-07 10:05:00,8050,8050,8050,8050,300
2022-12-07 10:06:00,8050,8025,8050,8025,10900
2022-12-07 10:07:00,8050,8025,8050,8025,0
2022-12-07 10:08:00,8025,8025,8025,8025,54900
2022-12-07 10:09:00,8025,8025,8025,8025,500
2022-12-07 10:10:00,8025,8000,8025,8000,700
2022-12-07 10:11:00,8025,8000,8025,8000,0
2022-12-07 10:12:00,8000,8000,8000,8000,25200
2022-12-07 10:13:00,8000,8000,8000,8000,3500
2022-12-07 10:14:00,8000,8000,8025,8025,0
2022-12-07 10:15:00,8000,8000,8025,8025,0
2022-12-07 10:16:00,8025,8025,8025,8025,3800
2022-12-07 10:17:00,8025,8000,8025,8000,24400
2022-12-07 10:18:00,8025,8000,8025,8000,0
2022-12-07 10:19:00,8000,8000,8000,8000,0
2022-12-07 10:20:00,8025,8025,8025,8025,0
2022-12-07 10:21:00,8025,8025,8025,8025,0
2022-12-07 10:22:00,8025,8025,8025,8025,0
2022-12-07 10:23:00,8025,8025,8025,8025,0
2022-12-07 10:24:00,8025,8000,8025,8000,4100
2022-12-07 10:25:00,8025,8000,8025,8000,43900
2022-12-07 10:26:00,8000,8000,8000,8000,2200
2022-12-07 10:27:00,8000,7975,8000,7975,21700
2022-12-07 10:28:00,7975,7975,7975,7975,29800
2022-12-07 10:29:00,7975,7975,7975,7975,0
2022-12-07 10:30:00,7950,7950,7950,7950,39200
2022-12-07 10:31:00,7975,7925,7975,7950,46900
2022-12-07 10:32:00,7925,7925,7950,7950,12900
2022-12-07 10:33:00,7925,7925,7925,7925,1300
2022-12-07 10:34:00,7925,7925,7950,7950,15800
2022-12-07 10:35:00,7950,7950,7950,7950,21400
2022-12-07 10:36:00,7950,7950,7950,7950,2900
2022-12-07 10:37:00,7950,7950,7950,7950,0
2022-12-07 10:38:00,7950,7925,7950,7925,6500
2022-12-07 10:39:00,7925,7925,7950,7950,0
2022-12-07 10:40:00,7950,7950,7950,7950,2400
2022-12-07 10:41:00,7950,7950,7950,7950,0
2022-12-07 10:42:00,7950,7950,7950,7950,0
2022-12-07 10:43:00,7925,7925,7950,7950,0
2022-12-07 10:44:00,7925,7925,7950,7925,28200
2022-12-07 10:45:00,7925,7925,7925,7925,48900
2022-12-07 10:46:00,7950,7925,7950,7925,47700
2022-12-07 10:47:00,7950,7925,7950,7925,0
2022-12-07 10:48:00,7925,7925,7925,7925,0
2022-12-07 10:49:00,7950,7925,7950,7925,2400
2022-12-07 10:50:00,7925,7925,7950,7925,4500
2022-12-07 10:51:00,7925,7900,7925,7900,17900
2022-12-07 10:52:00,7925,7900,7925,7925,17700
2022-12-07 10:53:00,7900,7900,7925,7925,17000
2022-12-07 10:54:00,7900,7900,7900,7900,0
2022-12-07 10:55:00,7900,7900,7925,7900,23800
2022-12-07 10:56:00,7900,7900,7925,7900,0
2022-12-07 10:57:00,7900,7900,7900,7900,21300
2022-12-07 10:58:00,7925,7925,7925,7925,400
2022-12-07 10:59:00,7925,7900,7925,7925,27300
2022-12-07 11:00:00,7925,7925,7925,7925,23600
2022-12-07 11:01:00,7925,7900,7925,7900,100
2022-12-07 11:02:00,7900,7900,7925,7925,38400
2022-12-07 11:03:00,7925,7925,7925,7925,6600
2022-12-07 11:04:00,7925,7925,7925,7925,0
2022-12-07 11:05:00,7925,7925,7950,7925,5400
2022-12-07 11:06:00,7925,7925,7925,7925,5000
2022-12-07 11:07:00,7925,7925,7925,7925,0
2022-12-07 11:08:00,7925,7925,7925,7925,200
2022-12-07 11:09:00,7925,7925,7925,7925,0
2022-12-07 11:10:00,7925,7925,7925,7925,0
2022-12-07 11:11:00,7925,7925,7925,7925,0
2022-12-07 11:12:00,7950,7950,7950,7950,4500
2022-12-07 11:13:00,7950,7950,7950,7950,13200
2022-12-07 11:14:00,7925,7925,7925,7925,2300
2022-12-07 11:15:00,7925,7925,7925,7925,0
2022-12-07 11:16:00,7925,7925,7925,7925,0
2022-12-07 11:17:00,7925,7925,7925,7925,1200
2022-12-07 11:18:00,7950,7950,7950,7950,400
2022-12-07 11:19:00,7950,7950,7950,7950,0
2022-12-07 11:20:00,7950,7950,7950,7950,0
2022-12-07 11:21:00,7950,7950,7950,7950,0
2022-12-07 11:22:00,7950,7925,7950,7950,12400
2022-12-07 11:23:00,7925,7925,7925,7925,27600
2022-12-07 11:24:00,7925,7925,7925,7925,0
2022-12-07 11:25:00,7925,7925,7925,7925,500
2022-12-07 11:26:00,7925,7925,7925,7925,80400
2022-12-07 11:27:00,7925,7925,7925,7925,3800
2022-12-07 11:28:00,7925,7925,7925,7925,300
2022-12-07 11:29:00,7900,7900,7900,7900,57200
2022-12-07 11:30:00,7900,7900,7900,7900,0
2022-12-07 11:31:00,7900,7900,7900,7900,0
2022-12-07 11:32:00,7900,7900,7900,7900,0
2022-12-07 11:33:00,7900,7900,7900,7900,0
2022-12-07 11:34:00,7900,7900,7900,7900,0
2022-12-07 11:35:00,7900,7900,7900,7900,0
2022-12-07 11:36:00,7900,7900,7900,7900,0
2022-12-07 11:37:00,7900,7900,7900,7900,0
2022-12-07 11:38:00,7900,7900,7900,7900,0
2022-12-07 11:39:00,7900,7900,7900,7900,0
2022-12-07 11:40:00,7900,7900,7900,7900,0
2022-12-07 11:41:00,7900,7900,7900,7900,0
2022-12-07 11:42:00,7900,7900,7900,7900,0
2022-12-07 11:43:00,7900,7900,7900,7900,0
2022-12-07 11:44:00,7900,7900,7900,7900,0
2022-12-07 11:45:00,7900,7900,7900,7900,0
2022-12-07 11:46:00,7900,7900,7900,7900,0
2022-12-07 11:47:00,7900,7900,7900,7900,0
2022-12-07 11:48:00,7900,7900,7900,7900,0
2022-12-07 11:49:00,7900,7900,7900,7900,0
2022-12-07 11:50:00,7900,7900,7900,7900,0
2022-12-07 11:51:00,7900,7900,7900,7900,0
2022-12-07 11:52:00,7900,7900,7900,7900,0
2022-12-07 11:53:00,7900,7900,7900,7900,0
2022-12-07 11:54:00,7900,7900,7900,7900,0
2022-12-07 11:55:00,7900,7900,7900,7900,0
2022-12-07 11:56:00,7900,7900,7900,7900,0
2022-12-07 11:57:00,7900,7900,7900,7900,0
2022-12-07 11:58:00,7900,7900,7900,7900,0
2022-12-07 11:59:00,7900,7900,7900,7900,0
2022-12-07 12:00:00,7900,7900,7900,7900,0
2022-12-07 12:01:00,7900,7900,7900,7900,0
2022-12-07 12:02:00,7900,7900,7900,7900,0
2022-12-07 12:03:00,7900,7900,7900,7900,0
2022-12-07 12:04:00,7900,7900,7900,7900,0
2022-12-07 12:05:00,7900,7900,7900,7900,0
2022-12-07 12:06:00,7900,7900,7900,7900,0
2022-12-07 12:07:00,7900,7900,7900,7900,0
2022-12-07 12:08:00,7900,7900,7900,7900,0
2022-12-07 12:09:00,7900,7900,7900,7900,0
2022-12-07 12:10:00,7900,7900,7900,7900,0
2022-12-07 12:11:00,7900,7900,7900,7900,0
2022-12-07 12:12:00,7900,7900,7900,7900,0
2022-12-07 12:13:00,7900,7900,7900,7900,0
2022-12-07 12:14:00,7900,7900,7900,7900,0
2022-12-07 12:15:00,7900,7900,7900,7900,0
2022-12-07 12:16:00,7900,7900,7900,7900,0
2022-12-07 12:17:00,7900,7900,7900,7900,0
2022-12-07 12:18:00,7900,7900,7900,7900,0
2022-12-07 12:19:00,7900,7900,7900,7900,0
2022-12-07 12:20:00,7900,7900,7900,7900,0
2022-12-07 12:21:00,7900,7900,7900,7900,0
2022-12-07 12:22:00,7900,7900,7900,7900,0
2022-12-07 12:23:00,7900,7900,7900,7900,0
2022-12-07 12:24:00,7900,7900,7900,7900,0
2022-12-07 12:25:00,7900,7900,7900,7900,0
2022-12-07 12:26:00,7900,7900,7900,7900,0
2022-12-07 12:27:00,7900,7900,7900,7900,0
2022-12-07 12:28:00,7900,7900,7900,7900,0
2022-12-07 12:29:00,7900,7900,7900,7900,0
2022-12-07 12:30:00,7900,7900,7900,7900,0
2022-12-07 12:31:00,7900,7900,7900,7900,0
2022-12-07 12:32:00,7900,7900,7900,7900,0
2022-12-07 12:33:00,7900,7900,7900,7900,0
2022-12-07 12:34:00,7900,7900,7900,7900,0
2022-12-07 12:35:00,7900,7900,7900,7900,0
2022-12-07 12:36:00,7900,7900,7900,7900,0
2022-12-07 12:37:00,7900,7900,7900,7900,0
2022-12-07 12:38:00,7900,7900,7900,7900,0
2022-12-07 12:39:00,7900,7900,7900,7900,0
2022-12-07 12:40:00,7900,7900,7900,7900,0
2022-12-07 12:41:00,7900,7900,7900,7900,0
2022-12-07 12:42:00,7900,7900,7900,7900,0
2022-12-07 12:43:00,7900,7900,7900,7900,0
2022-12-07 12:44:00,7900,7900,7900,7900,0
2022-12-07 12:45:00,7900,7900,7900,7900,0
2022-12-07 12:46:00,7900,7900,7900,7900,0
2022-12-07 12:47:00,7900,7900,7900,7900,0
2022-12-07 12:48:00,7900,7900,7900,7900,0
2022-12-07 12:49:00,7900,7900,7900,7900,0
2022-12-07 12:50:00,7900,7900,7900,7900,0
2022-12-07 12:51:00,7900,7900,7900,7900,0
2022-12-07 12:52:00,7900,7900,7900,7900,0
2022-12-07 12:53:00,7900,7900,7900,7900,0
2022-12-07 12:54:00,7900,7900,7900,7900,0
2022-12-07 12:55:00,7900,7900,7900,7900,0
2022-12-07 12:56:00,7900,7900,7900,7900,0
2022-12-07 12:57:00,7900,7900,7900,7900,0
2022-12-07 12:58:00,7900,7900,7900,7900,0
2022-12-07 12:59:00,7900,7900,7900,7900,0
2022-12-07 13:00:00,7900,7900,7900,7900,0
2022-12-07 13:01:00,7900,7900,7900,7900,0
2022-12-07 13:02:00,7900,7900,7900,7900,0
2022-12-07 13:03:00,7900,7900,7900,7900,0
2022-12-07 13:04:00,7900,7900,7900,7900,0
2022-12-07 13:05:00,7900,7900,7900,7900,0
2022-12-07 13:06:00,7900,7900,7900,7900,0
2022-12-07 13:07:00,7900,7900,7900,7900,0
2022-12-07 13:08:00,7900,7900,7900,7900,0
2022-12-07 13:09:00,7900,7900,7900,7900,0
2022-12-07 13:10:00,7900,7900,7900,7900,0
2022-12-07 13:11:00,7900,7900,7900,7900,0
2022-12-07 13:12:00,7900,7900,7900,7900,0
2022-12-07 13:13:00,7900,7900,7900,7900,0
2022-12-07 13:14:00,7900,7900,7900,7900,0
2022-12-07 13:15:00,7900,7900,7900,7900,0
2022-12-07 13:16:00,7900,7900,7900,7900,0
2022-12-07 13:17:00,7900,7900,7900,7900,0
2022-12-07 13:18:00,7900,7900,7900,7900,0
2022-12-07 13:19:00,7900,7900,7900,7900,0
2022-12-07 13:20:00,7900,7900,7900,7900,0
2022-12-07 13:21:00,7900,7900,7900,7900,0
2022-12-07 13:22:00,7900,7900,7900,7900,0
2022-12-07 13:23:00,7900,7900,7900,7900,0
2022-12-07 13:24:00,7900,7900,7900,7900,0
2022-12-07 13:25:00,7900,7900,7900,7900,0
2022-12-07 13:26:00,7900,7900,7900,7900,0
2022-12-07 13:27:00,7900,7900,7900,7900,0
2022-12-07 13:28:00,7900,7900,7900,7900,0
2022-12-07 13:29:00,7900,7900,7900,7900,0
2022-12-07 13:30:00,7925,7900,7925,7900,30200
2022-12-07 13:31:00,7925,7925,7925,7925,8400
2022-12-07 13:32:00,7925,7925,7950,7925,3100
2022-12-07 13:33:00,7900,7900,7900,7900,21500
2022-12-07 13:34:00,7900,7900,7900,7900,0
2022-12-07 13:35:00,7900,7900,7900,7900,0
2022-12-07 13:36:00,7900,7900,7900,7900,29200
2022-12-07 13:37:00,7900,7900,7900,7900,200
2022-12-07 13:38:00,7900,7900,7900,7900,0
2022-12-07 13:39:00,7900,7900,7900,7900,400
2022-12-07 13:40:00,7900,7900,7900,7900,400
2022-12-07 13:41:00,7925,7925,7925,7925,15200
2022-12-07 13:42:00,7925,7925,7925,7925,0
2022-12-07 13:43:00,7925,7925,7925,7925,0
2022-12-07 13:44:00,7925,7925,7925,7925,900
2022-12-07 13:45:00,7950,7950,7950,7950,0
2022-12-07 13:46:00,7925,7925,7925,7925,9600
2022-12-07 13:47:00,7925,7925,7925,7925,0
2022-12-07 13:48:00,7925,7925,7925,7925,0
2022-12-07 13:49:00,7925,7925,7925,7925,0
2022-12-07 13:50:00,7950,7950,7950,7950,200
2022-12-07 13:51:00,7950,7950,7950,7950,0
2022-12-07 13:52:00,7950,7950,7950,7950,0
2022-12-07 13:53:00,7925,7925,7925,7925,21300
2022-12-07 13:54:00,7925,7925,7925,7925,14700
2022-12-07 13:55:00,7925,7900,7925,7900,11400
2022-12-07 13:56:00,7925,7925,7925,7925,0
2022-12-07 13:57:00,7925,7925,7925,7925,1700
2022-12-07 13:58:00,7925,7925,7925,7925,100
2022-12-07 13:59:00,7925,7925,7925,7925,29200
2022-12-07 14:00:00,7925,7925,7925,7925,0
2022-12-07 14:01:00,7925,7925,7925,7925,100
2022-12-07 14:02:00,7925,7925,7925,7925,200
2022-12-07 14:03:00,7900,7900,7900,7900,700
2022-12-07 14:04:00,7900,7900,7900,7900,1800
2022-12-07 14:05:00,7900,7900,7900,7900,0
2022-12-07 14:06:00,7925,7925,7925,7925,0
2022-12-07 14:07:00,7925,7900,7925,7900,26200
2022-12-07 14:08:00,7900,7900,7925,7925,2100
2022-12-07 14:09:00,7925,7925,7925,7925,12400
2022-12-07 14:10:00,7925,7925,7925,7925,1000
2022-12-07 14:11:00,7925,7925,7925,7925,1200
2022-12-07 14:12:00,7925,7900,7925,7925,2100
2022-12-07 14:13:00,7925,7900,7925,7925,0
2022-12-07 14:14:00,7925,7900,7925,7900,2200
2022-12-07 14:15:00,7925,7900,7925,7900,0
2022-12-07 14:16:00,7900,7900,7900,7900,3100
2022-12-07 14:17:00,7900,7900,7900,7900,0
2022-12-07 14:18:00,7900,7900,7900,7900,0
2022-12-07 14:19:00,7900,7900,7900,7900,5900
2022-12-07 14:20:00,7900,7900,7900,7900,0
2022-12-07 14:21:00,7900,7900,7900,7900,3300
2022-12-07 14:22:00,7900,7900,7900,7900,400
2022-12-07 14:23:00,7900,7900,7925,7925,80800
2022-12-07 14:24:00,7925,7925,7925,7925,0
2022-12-07 14:25:00,7925,7925,7925,7925,3200
2022-12-07 14:26:00,7925,7925,7925,7925,500
2022-12-07 14:27:00,7925,7925,7925,7925,500
2022-12-07 14:28:00,7925,7925,7925,7925,0
2022-12-07 14:29:00,7925,7925,7925,7925,2000
2022-12-07 14:30:00,7925,7925,7925,7925,5600
2022-12-07 14:31:00,7925,7925,7925,7925,400
2022-12-07 14:32:00,7925,7925,7925,7925,3800
2022-12-07 14:33:00,7925,7925,7925,7925,0
2022-12-07 14:34:00,7925,7925,7950,7950,3100
2022-12-07 14:35:00,7925,7925,7925,7925,7500
2022-12-07 14:36:00,7925,7925,7925,7925,300
2022-12-07 14:37:00,7950,7950,7950,7950,500
2022-12-07 14:38:00,7950,7950,7950,7950,100
2022-12-07 14:39:00,7950,7925,7950,7925,22500
2022-12-07 14:40:00,7950,7925,7950,7925,17800
2022-12-07 14:41:00,7950,7950,7975,7975,2900
2022-12-07 14:42:00,7975,7950,7975,7950,7800
2022-12-07 14:43:00,7950,7950,7975,7975,20300
2022-12-07 14:44:00,7975,7975,7975,7975,2200
2022-12-07 14:45:00,7975,7975,7975,7975,300
2022-12-07 14:46:00,7975,7950,7975,7975,2500
2022-12-07 14:47:00,7950,7950,7975,7975,1500
2022-12-07 14:48:00,7950,7950,7975,7975,22800
2022-12-07 14:49:00,7975,7950,7975,7950,28400
2022-12-07 14:50:00,7975,7950,7975,7950,0
2022-12-07 14:51:00,7975,7950,7975,7950,0
2022-12-07 14:52:00,7975,7950,7975,7950,0
2022-12-07 14:53:00,7975,7950,7975,7950,0
2022-12-07 14:54:00,7975,7950,7975,7950,0
2022-12-07 14:55:00,7975,7950,7975,7950,0
2022-12-07 14:56:00,7975,7950,7975,7950,0
2022-12-07 14:57:00,7975,7950,7975,7950,0
2022-12-07 14:58:00,7975,7950,7975,7950,0
2022-12-07 14:59:00,7975,7950,7975,7950,0
2022-12-07 15:00:00,7950,7950,7950,7950,77900
2022-12-07 15:01:00,7950,7950,7950,7950,0
2022-12-07 15:02:00,7950,7950,7950,7950,800
2022-12-07 15:03:00,7950,7950,7950,7950,9200
2022-12-07 15:04:00,7950,7950,7950,7950,1300
2022-12-07 15:05:00,7950,7950,7950,7950,300
2022-12-07 15:06:00,7950,7950,7950,7950,800
2022-12-07 15:07:00,7950,7950,7950,7950,0
2022-12-07 15:08:00,7950,7950,7950,7950,0
2022-12-07 15:09:00,7950,7950,7950,7950,0
2022-12-07 15:10:00,7950,7950,7950,7950,0
2022-12-07 15:11:00,7950,7950,7950,7950,700
2022-12-07 15:12:00,7950,7950,7950,7950,0
2022-12-07 15:13:00,7950,7950,7950,7950,2148400
2022-12-07 15:14:00,7950,7950,7950,7950,0
2022-12-07 15:15:00,7950,7950,7950,7950,0
2022-12-07 15:16:00,7950,7950,7950,7950,0
2022-12-07 15:17:00,7950,7950,7950,7950,0
2022-12-07 15:18:00,7950,7950,7950,7950,0
2022-12-07 15:19:00,7950,7950,7950,7950,0
2022-12-07 15:20:00,7950,7950,7950,7950,0
2022-12-07 15:21:00,7950,7950,7950,7950,0
2022-12-07 15:22:00,7950,7950,7950,7950,0
2022-12-07 15:23:00,7950,7950,7950,7950,0
2022-12-07 15:24:00,7950,7950,7950,7950,0
2022-12-07 15:25:00,7950,7950,7950,7950,0
2022-12-07 15:26:00,7950,7950,7950,7950,0
2022-12-07 15:27:00,7950,7950,7950,7950,0
2022-12-07 15:28:00,7950,7950,7950,7950,0
2022-12-07 15:29:00,7950,7950,7950,7950,0
2022-12-07 15:30:00,7950,7950,7950,7950,0
2022-12-07 15:31:00,7950,7950,7950,7950,0
2022-12-07 15:32:00,7950,7950,7950,7950,0
2022-12-07 15:33:00,7950,7950,7950,7950,0
2022-12-07 15:34:00,7950,7950,7950,7950,0
2022-12-07 15:35:00,7950,7950,7950,7950,0
2022-12-07 15:36:00,7950,7950,7950,7950,0
2022-12-07 15:37:00,7950,7950,7950,7950,0
2022-12-07 15:38:00,7950,7950,7950,7950,0
2022-12-07 15:39:00,7950,7950,7950,7950,0
2022-12-07 15:40:00,7950,7950,7950,7950,0
2022-12-07 15:41:00,7950,7950,7950,7950,0
2022-12-07 15:42:00,7950,7950,7950,7950,0
2022-12-07 15:43:00,7950,7950,7950,7950,0
2022-12-07 15:44:00,7950,7950,7950,7950,0
2022-12-07 15:45:00,7950,7950,7950,7950,0
2022-12-07 15:46:00,7950,7950,7950,7950,0
2022-12-07 15:47:00,7950,7950,7950,7950,0
2022-12-07 15:48:00,7950,7950,7950,7950,0
2022-12-07 15:49:00,7950,7950,7950,7950,0
2022-12-07 15:50:00,7950,7950,7950,7950,0
2022-12-07 15:51:00,7950,7950,7950,7950,0
2022-12-07 15:52:00,7950,7950,7950,7950,0
2022-12-07 15:53:00,7950,7950,7950,7950,0
2022-12-07 15:54:00,7950,7950,7950,7950,0
2022-12-07 15:55:00,7950,7950,7950,7950,0
2022-12-07 15:56:00,7950,7950,7950,7950,0
2022-12-07 15:57:00,7950,7950,7950,7950,0
2022-12-07 15:58:00,7950,7950,7950,7950,0
2022-12-07 15:59:00,7950,7950,7950,7950,0
2022-12-08 09:00:00,7950,7950,8000,8000,0
2022-12-08 09:01:00,7975,7975,7975,7975,900
2022-12-08 09:02:00,7975,7975,7975,7975,1500
2022-12-08 09:03:00,7975,7950,7975,7950,4300
2022-12-08 09:04:00,7950,7950,7950,7950,800
2022-12-08 09:05:00,7950,7950,7950,7950,1500
2022-12-08 09:06:00,7950,7925,8000,7925,30100
2022-12-08 09:07:00,7925,7900,7925,7900,37300
2022-12-08 09:08:00,7900,7900,7900,7900,0
2022-12-08 09:09:00,7925,7925,7950,7950,700
2022-12-08 09:10:00,7975,7950,7975,7975,4900
2022-12-08 09:11:00,7950,7950,7950,7950,0
2022-12-08 09:12:00,7950,7950,7950,7950,11100
2022-12-08 09:13:00,7950,7950,7950,7950,500
2022-12-08 09:14:00,7950,7950,7950,7950,0
2022-12-08 09:15:00,7925,7925,7925,7925,18700
2022-12-08 09:16:00,7925,7925,7950,7925,29700
2022-12-08 09:17:00,7925,7925,7925,7925,700
2022-12-08 09:18:00,7925,7925,7925,7925,0
2022-12-08 09:19:00,7950,7925,7950,7925,6800
2022-12-08 09:20:00,7925,7925,7925,7925,0
2022-12-08 09:21:00,7925,7925,7925,7925,1700
2022-12-08 09:22:00,7900,7900,7925,7925,24300
2022-12-08 09:23:00,7900,7875,7900,7875,3100
2022-12-08 09:24:00,7875,7825,7875,7850,58600
2022-12-08 09:25:00,7850,7800,7850,7800,81300
2022-12-08 09:26:00,7800,7725,7825,7725,188900
2022-12-08 09:27:00,7725,7700,7750,7725,81100
2022-12-08 09:28:00,7725,7725,7775,7775,9800
2022-12-08 09:29:00,7775,7775,7800,7800,12000
2022-12-08 09:30:00,7775,7750,7775,7750,35300
2022-12-08 09:31:00,7750,7750,7775,7775,10200
2022-12-08 09:32:00,7750,7750,7775,7775,10200
2022-12-08 09:33:00,7775,7750,7775,7775,9800
2022-12-08 09:34:00,7775,7775,7775,7775,500
2022-12-08 09:35:00,7775,7775,7800,7800,3300
2022-12-08 09:36:00,7750,7750,7775,7750,10900
2022-12-08 09:37:00,7750,7700,7750,7725,124500
2022-12-08 09:38:00,7700,7700,7725,7725,63500
2022-12-08 09:39:00,7750,7750,7775,7750,35400
2022-12-08 09:40:00,7750,7725,7750,7750,28700
2022-12-08 09:41:00,7725,7725,7750,7725,72500
2022-12-08 09:42:00,7725,7725,7725,7725,26200
2022-12-08 09:43:00,7750,7700,7750,7725,36500
2022-12-08 09:44:00,7725,7700,7725,7725,47800
2022-12-08 09:45:00,7725,7700,7725,7725,5000
2022-12-08 09:46:00,7700,7700,7725,7700,151000
2022-12-08 09:47:00,7700,7650,7700,7650,169800
2022-12-08 09:48:00,7650,7625,7650,7625,125700
2022-12-08 09:49:00,7625,7625,7625,7625,85200
2022-12-08 09:50:00,7650,7625,7675,7675,42000
2022-12-08 09:51:00,7675,7675,7675,7675,37500
2022-12-08 09:52:00,7675,7650,7675,7675,5700
2022-12-08 09:53:00,7675,7650,7675,7650,33700
2022-12-08 09:54:00,7625,7625,7650,7650,24700
2022-12-08 09:55:00,7650,7650,7675,7650,41800
2022-12-08 09:56:00,7675,7650,7675,7650,71000
2022-12-08 09:57:00,7625,7625,7675,7675,0
2022-12-08 09:58:00,7650,7650,7675,7650,26800
2022-12-08 09:59:00,7650,7650,7675,7675,1000
2022-12-08 10:00:00,7675,7675,7700,7700,21300
2022-12-08 10:01:00,7700,7675,7700,7675,4100
2022-12-08 10:02:00,7700,7675,7700,7675,500
2022-12-08 10:03:00,7700,7700,7700,7700,25300
2022-12-08 10:04:00,7700,7675,7700,7700,0
2022-12-08 10:05:00,7700,7675,7700,7675,5200
2022-12-08 10:06:00,7675,7675,7700,7700,27100
2022-12-08 10:07:00,7675,7675,7700,7700,5700
2022-12-08 10:08:00,7675,7675,7700,7675,33200
2022-12-08 10:09:00,7675,7675,7700,7700,2000
2022-12-08 10:10:00,7700,7675,7700,7675,52300
2022-12-08 10:11:00,7700,7675,7700,7700,2200
2022-12-08 10:12:00,7700,7700,7700,7700,0
2022-12-08 10:13:00,7675,7675,7675,7675,22300
2022-12-08 10:14:00,7675,7675,7700,7700,10200
2022-12-08 10:15:00,7675,7675,7700,7675,5500
2022-12-08 10:16:00,7700,7700,7700,7700,800
2022-12-08 10:17:00,7700,7675,7700,7675,9700
2022-12-08 10:18:00,7675,7675,7675,7675,7800
2022-12-08 10:19:00,7675,7675,7700,7700,30000
2022-12-08 10:20:00,7700,7675,7700,7700,17900
2022-12-08 10:21:00,7700,7675,7700,7675,22700
2022-12-08 10:22:00,7650,7625,7675,7675,39300
2022-12-08 10:23:00,7650,7625,7650,7625,83200
2022-12-08 10:24:00,7625,7625,7625,7625,33500
2022-12-08 10:25:00,7625,7600,7650,7625,55400
2022-12-08 10:26:00,7625,7625,7625,7625,30900
2022-12-08 10:27:00,7625,7625,7650,7625,37700
2022-12-08 10:28:00,7650,7625,7650,7625,66100
2022-12-08 10:29:00,7650,7650,7650,7650,61700
2022-12-08 10:30:00,7675,7675,7675,7675,76300
2022-12-08 10:31:00,7675,7675,7700,7700,0
2022-12-08 10:32:00,7675,7625,7675,7650,57700
2022-12-08 10:33:00,7625,7625,7650,7625,64700
2022-12-08 10:34:00,7625,7600,7625,7600,21200
2022-12-08 10:35:00,7625,7625,7650,7650,53500
2022-12-08 10:36:00,7650,7625,7650,7625,9400
2022-12-08 10:37:00,7650,7625,7650,7625,9300
2022-12-08 10:38:00,7650,7650,7675,7675,9600
2022-12-08 10:39:00,7675,7650,7675,7650,11800
2022-12-08 10:40:00,7650,7650,7650,7650,8500
2022-12-08 10:41:00,7650,7650,7650,7650,52000
2022-12-08 10:42:00,7650,7650,7650,7650,0
2022-12-08 10:43:00,7675,7650,7675,7650,0
2022-12-08 10:44:00,7675,7675,7700,7700,28000
2022-12-08 10:45:00,7700,7675,7700,7675,1100
2022-12-08 10:46:00,7700,7700,7700,7700,700
2022-12-08 10:47:00,7700,7650,7700,7650,133000
2022-12-08 10:48:00,7650,7625,7650,7625,26400
2022-12-08 10:49:00,7625,7625,7625,7625,0
2022-12-08 10:50:00,7650,7625,7650,7625,43600
2022-12-08 10:51:00,7625,7625,7625,7625,0
2022-12-08 10:52:00,7625,7625,7650,7650,700
2022-12-08 10:53:00,7650,7625,7650,7650,10200
2022-12-08 10:54:00,7650,7650,7650,7650,0
2022-12-08 10:55:00,7650,7650,7650,7650,200
2022-12-08 10:56:00,7650,7650,7650,7650,24800
2022-12-08 10:57:00,7650,7650,7650,7650,0
2022-12-08 10:58:00,7650,7650,7650,7650,0
2022-12-08 10:59:00,7650,7650,7650,7650,7200
2022-12-08 11:00:00,7650,7650,7650,7650,0
2022-12-08 11:01:00,7650,7650,7650,7650,0
2022-12-08 11:02:00,7650,7650,7650,7650,2500
2022-12-08 11:03:00,7650,7650,7650,7650,0
2022-12-08 11:04:00,7650,7650,7650,7650,0
2022-12-08 11:05:00,7650,7650,7650,7650,900
2022-12-08 11:06:00,7650,7650,7650,7650,0
2022-12-08 11:07:00,7650,7650,7675,7650,23900
2022-12-08 11:08:00,7650,7650,7675,7650,0
2022-12-08 11:09:00,7675,7675,7675,7675,300
2022-12-08 11:10:00,7650,7650,7650,7650,100
2022-12-08 11:11:00,7650,7650,7650,7650,0
2022-12-08 11:12:00,7675,7675,7675,7675,300
2022-12-08 11:13:00,7675,7650,7675,7650,6000
2022-12-08 11:14:00,7650,7650,7650,7650,63000
2022-12-08 11:15:00,7650,7650,7650,7650,800
2022-12-08 11:16:00,7650,7650,7650,7650,1800
2022-12-08 11:17:00,7650,7650,7650,7650,1100
2022-12-08 11:18:00,7650,7650,7650,7650,13400
2022-12-08 11:19:00,7650,7650,7650,7650,400
2022-12-08 11:20:00,7650,7625,7650,7625,10400
2022-12-08 11:21:00,7625,7625,7625,7625,3200
2022-12-08 11:22:00,7650,7650,7650,7650,3900
2022-12-08 11:23:00,7650,7625,7650,7625,5300
2022-12-08 11:24:00,7625,7625,7650,7650,14900
2022-12-08 11:25:00,7675,7650,7675,7650,6000
2022-12-08 11:26:00,7650,7650,7675,7650,8100
2022-12-08 11:27:00,7650,7650,7650,7650,200
2022-12-08 11:28:00,7650,7650,7650,7650,40900
2022-12-08 11:29:00,7675,7675,7675,7675,23400
2022-12-08 11:30:00,7675,7675,7675,7675,0
2022-12-08 11:31:00,7675,7675,7675,7675,0
2022-12-08 11:32:00,7675,7675,7675,7675,0
2022-12-08 11:33:00,7675,7675,7675,7675,0
2022-12-08 11:34:00,7675,7675,7675,7675,0
2022-12-08 11:35:00,7675,7675,7675,7675,0
2022-12-08 11:36:00,7675,7675,7675,7675,0
2022-12-08 11:37:00,7675,7675,7675,7675,0
2022-12-08 11:38:00,7675,7675,7675,7675,0
2022-12-08 11:39:00,7675,7675,7675,7675,0
2022-12-08 11:40:00,7675,7675,7675,7675,0
2022-12-08 11:41:00,7675,7675,7675,7675,0
2022-12-08 11:42:00,7675,7675,7675,7675,0
2022-12-08 11:43:00,7675,7675,7675,7675,0
2022-12-08 11:44:00,7675,7675,7675,7675,0
2022-12-08 11:45:00,7675,7675,7675,7675,0
2022-12-08 11:46:00,7675,7675,7675,7675,0
2022-12-08 11:47:00,7675,7675,7675,7675,0
2022-12-08 11:48:00,7675,7675,7675,7675,0
2022-12-08 11:49:00,7675,7675,7675,7675,0
2022-12-08 11:50:00,7675,7675,7675,7675,0
2022-12-08 11:51:00,7675,7675,7675,7675,0
2022-12-08 11:52:00,7675,7675,7675,7675,0
2022-12-08 11:53:00,7675,7675,7675,7675,0
2022-12-08 11:54:00,7675,7675,7675,7675,0
2022-12-08 11:55:00,7675,7675,7675,7675,0
2022-12-08 11:56:00,7675,7675,7675,7675,0
2022-12-08 11:57:00,7675,7675,7675,7675,0
2022-12-08 11:58:00,7675,7675,7675,7675,0
2022-12-08 11:59:00,7675,7675,7675,7675,0
2022-12-08 12:00:00,7675,7675,7675,7675,0
2022-12-08 12:01:00,7675,7675,7675,7675,0
2022-12-08 12:02:00,7675,7675,7675,7675,0
2022-12-08 12:03:00,7675,7675,7675,7675,0
2022-12-08 12:04:00,7675,7675,7675,7675,0
2022-12-08 12:05:00,7675,7675,7675,7675,0
2022-12-08 12:06:00,7675,7675,7675,7675,0
2022-12-08 12:07:00,7675,7675,7675,7675,0
2022-12-08 12:08:00,7675,7675,7675,7675,0
2022-12-08 12:09:00,7675,7675,7675,7675,0
2022-12-08 12:10:00,7675,7675,7675,7675,0
2022-12-08 12:11:00,7675,7675,7675,7675,0
2022-12-08 12:12:00,7675,7675,7675,7675,0
2022-12-08 12:13:00,7675,7675,7675,7675,0
2022-12-08 12:14:00,7675,7675,7675,7675,0
2022-12-08 12:15:00,7675,7675,7675,7675,0
2022-12-08 12:16:00,7675,7675,7675,7675,0
2022-12-08 12:17:00,7675,7675,7675,7675,0
2022-12-08 12:18:00,7675,7675,7675,7675,0
2022-12-08 12:19:00,7675,7675,7675,7675,0
2022-12-08 12:20:00,7675,7675,7675,7675,0
2022-12-08 12:21:00,7675,7675,7675,7675,0
2022-12-08 12:22:00,7675,7675,7675,7675,0
2022-12-08 12:23:00,7675,7675,7675,7675,0
2022-12-08 12:24:00,7675,7675,7675,7675,0
2022-12-08 12:25:00,7675,7675,7675,7675,0
2022-12-08 12:26:00,7675,7675,7675,7675,0
2022-12-08 12:27:00,7675,7675,7675,7675,0
2022-12-08 12:28:00,7675,7675,7675,7675,0
2022-12-08 12:29:00,7675,7675,7675,7675,0
2022-12-08 12:30:00,7675,7675,7675,7675,0
2022-12-08 12:31:00,7675,7675,7675,7675,0
2022-12-08 12:32:00,7675,7675,7675,7675,0
2022-12-08 12:33:00,7675,7675,7675,7675,0
2022-12-08 12:34:00,7675,7675,7675,7675,0
2022-12-08 12:35:00,7675,7675,7675,7675,0
2022-12-08 12:36:00,7675,7675,7675,7675,0
2022-12-08 12:37:00,7675,7675,7675,7675,0
2022-12-08 12:38:00,7675,7675,7675,7675,0
2022-12-08 12:39:00,7675,7675,7675,7675,0
2022-12-08 12:40:00,7675,7675,7675,7675,0
2022-12-08 12:41:00,7675,7675,7675,7675,0
2022-12-08 12:42:00,7675,7675,7675,7675,0
2022-12-08 12:43:00,7675,7675,7675,7675,0
2022-12-08 12:44:00,7675,7675,7675,7675,0
2022-12-08 12:45:00,7675,7675,7675,7675,0
2022-12-08 12:46:00,7675,7675,7675,7675,0
2022-12-08 12:47:00,7675,7675,7675,7675,0
2022-12-08 12:48:00,7675,7675,7675,7675,0
2022-12-08 12:49:00,7675,7675,7675,7675,0
2022-12-08 12:50:00,7675,7675,7675,7675,0
2022-12-08 12:51:00,7675,7675,7675,7675,0
2022-12-08 12:52:00,7675,7675,7675,7675,0
2022-12-08 12:53:00,7675,7675,7675,7675,0
2022-12-08 12:54:00,7675,7675,7675,7675,0
2022-12-08 12:55:00,7675,7675,7675,7675,0
2022-12-08 12:56:00,7675,7675,7675,7675,0
2022-12-08 12:57:00,7675,7675,7675,7675,0
2022-12-08 12:58:00,7675,7675,7675,7675,0
2022-12-08 12:59:00,7675,7675,7675,7675,0
2022-12-08 13:00:00,7675,7675,7675,7675,0
2022-12-08 13:01:00,7675,7675,7675,7675,0
2022-12-08 13:02:00,7675,7675,7675,7675,0
2022-12-08 13:03:00,7675,7675,7675,7675,0
2022-12-08 13:04:00,7675,7675,7675,7675,0
2022-12-08 13:05:00,7675,7675,7675,7675,0
2022-12-08 13:06:00,7675,7675,7675,7675,0
2022-12-08 13:07:00,7675,7675,7675,7675,0
2022-12-08 13:08:00,7675,7675,7675,7675,0
2022-12-08 13:09:00,7675,7675,7675,7675,0
2022-12-08 13:10:00,7675,7675,7675,7675,0
2022-12-08 13:11:00,7675,7675,7675,7675,0
2022-12-08 13:12:00,7675,7675,7675,7675,0
2022-12-08 13:13:00,7675,7675,7675,7675,0
2022-12-08 13:14:00,7675,7675,7675,7675,0
2022-12-08 13:15:00,7675,7675,7675,7675,0
2022-12-08 13:16:00,7675,7675,7675,7675,0
2022-12-08 13:17:00,7675,7675,7675,7675,0
2022-12-08 13:18:00,7675,7675,7675,7675,0
2022-12-08 13:19:00,7675,7675,7675,7675,0
2022-12-08 13:20:00,7675,7675,7675,7675,0
2022-12-08 13:21:00,7675,7675,7675,7675,0
2022-12-08 13:22:00,7675,7675,7675,7675,0
2022-12-08 13:23:00,7675,7675,7675,7675,0
2022-12-08 13:24:00,7675,7675,7675,7675,0
2022-12-08 13:25:00,7675,7675,7675,7675,0
2022-12-08 13:26:00,7675,7675,7675,7675,0
2022-12-08 13:27:00,7675,7675,7675,7675,0
2022-12-08 13:28:00,7675,7675,7675,7675,0
2022-12-08 13:29:00,7675,7675,7675,7675,0
2022-12-08 13:30:00,7675,7650,7700,7700,99300
2022-12-08 13:31:00,7700,7675,7700,7675,55300
2022-12-08 13:32:00,7700,7700,7700,7700,0
2022-12-08 13:33:00,7700,7675,7700,7675,4500
2022-12-08 13:34:00,7675,7675,7700,7700,1100
2022-12-08 13:35:00,7700,7675,7700,7675,59900
2022-12-08 13:36:00,7675,7675,7675,7675,23300
2022-12-08 13:37:00,7700,7675,7725,7700,112000
2022-12-08 13:38:00,7725,7725,7750,7750,700
2022-12-08 13:39:00,7750,7725,7750,7725,12000
2022-12-08 13:40:00,7750,7750,7750,7750,0
2022-12-08 13:41:00,7750,7725,7750,7725,22400
2022-12-08 13:42:00,7750,7725,7750,7750,21800
2022-12-08 13:43:00,7750,7725,7750,7750,6700
2022-12-08 13:44:00,7750,7750,7750,7750,14300
2022-12-08 13:45:00,7750,7750,7775,7775,10300
2022-12-08 13:46:00,7750,7750,7775,7775,11600
2022-12-08 13:47:00,7775,7775,7775,7775,10900
2022-12-08 13:48:00,7775,7775,7775,7775,9900
2022-12-08 13:49:00,7775,7750,7775,7750,55500
2022-12-08 13:50:00,7775,7750,7775,7750,22500
2022-12-08 13:51:00,7750,7750,7775,7775,11400
2022-12-08 13:52:00,7775,7775,7775,7775,17700
2022-12-08 13:53:00,7800,7800,7800,7800,0
2022-12-08 13:54:00,7800,7775,7800,7800,12900
2022-12-08 13:55:00,7800,7775,7800,7800,1400
2022-12-08 13:56:00,7800,7775,7800,7800,8700
2022-12-08 13:57:00,7800,7800,7800,7800,4300
2022-12-08 13:58:00,7800,7775,7800,7800,6700
2022-12-08 13:59:00,7800,7775,7800,7800,100
2022-12-08 14:00:00,7800,7775,7800,7775,500
2022-12-08 14:01:00,7775,7750,7775,7750,40400
2022-12-08 14:02:00,7750,7750,7750,7750,0
2022-12-08 14:03:00,7775,7750,7775,7775,13400
2022-12-08 14:04:00,7775,7775,7775,7775,8100
2022-12-08 14:05:00,7775,7750,7775,7775,1100
2022-12-08 14:06:00,7775,7750,7775,7775,3500
2022-12-08 14:07:00,7775,7775,7775,7775,3200
2022-12-08 14:08:00,7775,7775,7775,7775,7700
2022-12-08 14:09:00,7775,7775,7775,7775,23700
2022-12-08 14:10:00,7775,7775,7775,7775,19000
2022-12-08 14:11:00,7775,7775,7775,7775,5300
2022-12-08 14:12:00,7775,7775,7775,7775,6300
2022-12-08 14:13:00,7775,7775,7775,7775,49000
2022-12-08 14:14:00,7775,7775,7800,7775,42500
2022-12-08 14:15:00,7800,7800,7800,7800,1700
2022-12-08 14:16:00,7800,7800,7800,7800,3400
2022-12-08 14:17:00,7800,7800,7800,7800,3800
2022-12-08 14:18:00,7800,7775,7825,7825,68100
2022-12-08 14:19:00,7775,7775,7800,7800,0
2022-12-08 14:20:00,7800,7775,7800,7800,7400
2022-12-08 14:21:00,7800,7800,7800,7800,13900
2022-12-08 14:22:00,7800,7775,7800,7775,900
2022-12-08 14:23:00,7800,7800,7800,7800,600
2022-12-08 14:24:00,7800,7800,7800,7800,2500
2022-12-08 14:25:00,7800,7800,7800,7800,1100
2022-12-08 14:26:00,7800,7775,7800,7775,5200
2022-12-08 14:27:00,7800,7775,7800,7800,3000
2022-12-08 14:28:00,7800,7775,7800,7800,600
2022-12-08 14:29:00,7800,7775,7800,7775,34100
2022-12-08 14:30:00,7775,7775,7775,7775,13100
2022-12-08 14:31:00,7775,7775,7775,7775,1200
2022-12-08 14:32:00,7775,7775,7800,7800,200
2022-12-08 14:33:00,7800,7800,7800,7800,2000
2022-12-08 14:34:00,7800,7775,7800,7800,1500
2022-12-08 14:35:00,7775,7750,7800,7750,149100
2022-12-08 14:36:00,7750,7750,7775,7750,32800
2022-12-08 14:37:00,7750,7750,7750,7750,28500
2022-12-08 14:38:00,7750,7750,7775,7750,16900
2022-12-08 14:39:00,7750,7725,7750,7725,10100
2022-12-08 14:40:00,7725,7725,7750,7725,123800
2022-12-08 14:41:00,7725,7700,7725,7700,37000
2022-12-08 14:42:00,7725,7700,7725,7725,0
2022-12-08 14:43:00,7700,7700,7725,7700,8700
2022-12-08 14:44:00,7725,7725,7750,7750,176200
2022-12-08 14:45:00,7750,7725,7750,7725,18800
2022-12-08 14:46:00,7775,7750,7775,7750,3200
2022-12-08 14:47:00,7775,7750,7775,7750,14200
2022-12-08 14:48:00,7750,7750,7775,7750,1800
2022-12-08 14:49:00,7775,7750,7775,7750,6000
2022-12-08 14:50:00,7775,7750,7775,7750,0
2022-12-08 14:51:00,7775,7750,7775,7750,0
2022-12-08 14:52:00,7775,7750,7775,7750,0
2022-12-08 14:53:00,7775,7750,7775,7750,0
2022-12-08 14:54:00,7775,7750,7775,7750,0
2022-12-08 14:55:00,7775,7750,7775,7750,0
2022-12-08 14:56:00,7775,7750,7775,7750,0
2022-12-08 14:57:00,7775,7750,7775,7750,0
2022-12-08 14:58:00,7775,7750,7775,7750,0
2022-12-08 14:59:00,7775,7750,7775,7750,0
2022-12-08 15:00:00,7725,7725,7725,7725,156400
2022-12-08 15:01:00,7725,7725,7725,7725,13000
2022-12-08 15:02:00,7725,7725,7725,7725,11600
2022-12-08 15:03:00,7725,7725,7725,7725,1100
2022-12-08 15:04:00,7725,7725,7725,7725,2000
2022-12-08 15:05:00,7725,7725,7725,7725,0
2022-12-08 15:06:00,7725,7725,7725,7725,0
2022-12-08 15:07:00,7725,7725,7725,7725,0
2022-12-08 15:08:00,7725,7725,7725,7725,0
2022-12-08 15:09:00,7725,7725,7725,7725,0
2022-12-08 15:10:00,7725,7725,7725,7725,0
2022-12-08 15:11:00,7725,7725,7725,7725,10000
2022-12-08 15:12:00,7725,7725,7725,7725,0
2022-12-08 15:13:00,7725,7725,7725,7725,5259000
2022-12-08 15:14:00,7725,7725,7725,7725,0
2022-12-08 15:15:00,7725,7725,7725,7725,0
2022-12-08 15:16:00,7725,7725,7725,7725,0
2022-12-08 15:17:00,7725,7725,7725,7725,0
2022-12-08 15:18:00,7725,7725,7725,7725,0
2022-12-08 15:19:00,7725,7725,7725,7725,0
2022-12-08 15:20:00,7725,7725,7725,7725,0
2022-12-08 15:21:00,7725,7725,7725,7725,0
2022-12-08 15:22:00,7725,7725,7725,7725,0
2022-12-08 15:23:00,7725,7725,7725,7725,0
2022-12-08 15:24:00,7725,7725,7725,7725,0
2022-12-08 15:25:00,7725,7725,7725,7725,0
2022-12-08 15:26:00,7725,7725,7725,7725,0
2022-12-08 15:27:00,7725,7725,7725,7725,0
2022-12-08 15:28:00,7725,7725,7725,7725,0
2022-12-08 15:29:00,7725,7725,7725,7725,0
2022-12-08 15:30:00,7725,7725,7725,7725,0
2022-12-08 15:31:00,7725,7725,7725,7725,0
2022-12-08 15:32:00,7725,7725,7725,7725,0
2022-12-08 15:33:00,7725,7725,7725,7725,0
2022-12-08 15:34:00,7725,7725,7725,7725,0
2022-12-08 15:35:00,7725,7725,7725,7725,0
2022-12-08 15:36:00,7725,7725,7725,7725,0
2022-12-08 15:37:00,7725,7725,7725,7725,0
2022-12-08 15:38:00,7725,7725,7725,7725,0
2022-12-08 15:39:00,7725,7725,7725,7725,0
2022-12-08 15:40:00,7725,7725,7725,7725,0
2022-12-08 15:41:00,7725,7725,7725,7725,0
2022-12-08 15:42:00,7725,7725,7725,7725,0
2022-12-08 15:43:00,7725,7725,7725,7725,0
2022-12-08 15:44:00,7725,7725,7725,7725,0
2022-12-08 15:45:00,7725,7725,7725,7725,0
2022-12-08 15:46:00,7725,7725,7725,7725,0
2022-12-08 15:47:00,7725,7725,7725,7725,0
2022-12-08 15:48:00,7725,7725,7725,7725,0
2022-12-08 15:49:00,7725,7725,7725,7725,0
2022-12-08 15:50:00,7725,7725,7725,7725,0
2022-12-08 15:51:00,7725,7725,7725,7725,0
2022-12-08 15:52:00,7725,7725,7725,7725,0
2022-12-08 15:53:00,7725,7725,7725,7725,0
2022-12-08 15:54:00,7725,7725,7725,7725,0
2022-12-08 15:55:00,7725,7725,7725,7725,0
2022-12-08 15:56:00,7725,7725,7725,7725,0
2022-12-08 15:57:00,7725,7725,7725,7725,0
2022-12-08 15:58:00,7725,7725,7725,7725,0
2022-12-08 15:59:00,7725,7725,7725,7725,0
2022-12-09 09:00:00,7750,7725,7775,7775,0
2022-12-09 09:01:00,7775,7750,7775,7750,2000
2022-12-09 09:02:00,7725,7725,7725,7725,28900
2022-12-09 09:03:00,7700,7700,7700,7700,400
2022-12-09 09:04:00,7700,7700,7725,7725,200
2022-12-09 09:05:00,7725,7725,7725,7725,4100
2022-12-09 09:06:00,7725,7725,7750,7725,5300
2022-12-09 09:07:00,7750,7750,7750,7750,3100
2022-12-09 09:08:00,7750,7725,7750,7750,14600
2022-12-09 09:09:00,7750,7750,7750,7750,800
2022-12-09 09:10:00,7750,7750,7750,7750,500
2022-12-09 09:11:00,7750,7750,7775,7775,5400
2022-12-09 09:12:00,7775,7775,7775,7775,800
2022-12-09 09:13:00,7800,7775,7800,7775,1400
2022-12-09 09:14:00,7775,7775,7775,7775,600
2022-12-09 09:15:00,7800,7800,7800,7800,300
2022-12-09 09:16:00,7800,7775,7800,7775,900
2022-12-09 09:17:00,7775,7775,7800,7800,1600
2022-12-09 09:18:00,7800,7775,7800,7800,2100
2022-12-09 09:19:00,7800,7775,7800,7800,6700
2022-12-09 09:20:00,7800,7800,7800,7800,0
2022-12-09 09:21:00,7800,7775,7800,7775,25400
2022-12-09 09:22:00,7775,7775,7775,7775,1500
2022-12-09 09:23:00,7775,7775,7775,7775,0
2022-12-09 09:24:00,7775,7775,7775,7775,4500
2022-12-09 09:25:00,7775,7775,7775,7775,1200
2022-12-09 09:26:00,7775,7750,7775,7775,3200
2022-12-09 09:27:00,7775,7750,7775,7775,3100
2022-12-09 09:28:00,7750,7750,7750,7750,0
2022-12-09 09:29:00,7750,7725,7750,7750,31200
2022-12-09 09:30:00,7725,7725,7725,7725,22800
2022-12-09 09:31:00,7725,7725,7725,7725,0
2022-12-09 09:32:00,7700,7675,7700,7700,106800
2022-12-09 09:33:00,7675,7675,7700,7700,8300
2022-12-09 09:34:00,7700,7700,7725,7725,17900
2022-12-09 09:35:00,7700,7700,7700,7700,700
2022-12-09 09:36:00,7700,7700,7725,7725,9700
2022-12-09 09:37:00,7725,7700,7725,7700,1400
2022-12-09 09:38:00,7700,7700,7700,7700,5700
2022-12-09 09:39:00,7675,7675,7675,7675,23600
2022-12-09 09:40:00,7675,7650,7675,7650,25400
2022-12-09 09:41:00,7675,7650,7675,7675,13500
2022-12-09 09:42:00,7650,7650,7675,7675,3300
2022-12-09 09:43:00,7675,7675,7675,7675,21400
2022-12-09 09:44:00,7675,7675,7675,7675,0
2022-12-09 09:45:00,7675,7675,7675,7675,100
2022-12-09 09:46:00,7675,7675,7675,7675,0
2022-12-09 09:47:00,7650,7650,7675,7650,3300
2022-12-09 09:48:00,7650,7650,7650,7650,3200
2022-12-09 09:49:00,7675,7675,7675,7675,1000
2022-12-09 09:50:00,7675,7650,7675,7650,5200
2022-12-09 09:51:00,7650,7650,7650,7650,8300
2022-12-09 09:52:00,7650,7650,7650,7650,31400
2022-12-09 09:53:00,7675,7650,7675,7650,28600
2022-12-09 09:54:00,7650,7650,7675,7650,6300
2022-12-09 09:55:00,7650,7650,7675,7650,0
2022-12-09 09:56:00,7650,7650,7675,7650,0
2022-12-09 09:57:00,7650,7650,7675,7650,0
2022-12-09 09:58:00,7650,7650,7650,7650,15700
2022-12-09 09:59:00,7650,7625,7650,7625,27400
2022-12-09 10:00:00,7625,7600,7625,7625,85700
2022-12-09 10:01:00,7625,7625,7650,7650,0
2022-12-09 10:02:00,7625,7625,7625,7625,4800
2022-12-09 10:03:00,7625,7625,7625,7625,3500
2022-12-09 10:04:00,7625,7625,7625,7625,0
2022-12-09 10:05:00,7650,7625,7650,7625,48500
2022-12-09 10:06:00,7625,7625,7625,7625,0
2022-12-09 10:07:00,7625,7625,7625,7625,0
2022-12-09 10:08:00,7625,7625,7650,7650,3100
2022-12-09 10:09:00,7650,7650,7650,7650,1000
2022-12-09 10:10:00,7625,7625,7625,7625,0
2022-12-09 10:11:00,7625,7625,7625,7625,0
2022-12-09 10:12:00,7625,7625,7625,7625,0
2022-12-09 10:13:00,7625,7625,7625,7625,0
2022-12-09 10:14:00,7625,7625,7625,7625,0
2022-12-09 10:15:00,7650,7650,7650,7650,6600
2022-12-09 10:16:00,7650,7650,7650,7650,0
2022-12-09 10:17:00,7650,7650,7650,7650,2900
2022-12-09 10:18:00,7625,7625,7625,7625,3200
2022-12-09 10:19:00,7625,7625,7625,7625,0
2022-12-09 10:20:00,7625,7625,7625,7625,0
2022-12-09 10:21:00,7625,7600,7625,7600,68100
2022-12-09 10:22:00,7625,7600,7625,7600,4900
2022-12-09 10:23:00,7650,7650,7650,7650,300
2022-12-09 10:24:00,7650,7625,7650,7650,7200
2022-12-09 10:25:00,7650,7650,7650,7650,0
2022-12-09 10:26:00,7650,7650,7650,7650,0
2022-12-09 10:27:00,7650,7650,7650,7650,12600
2022-12-09 10:28:00,7650,7650,7650,7650,0
2022-12-09 10:29:00,7650,7650,7650,7650,0
2022-12-09 10:30:00,7650,7650,7650,7650,900
2022-12-09 10:31:00,7650,7625,7675,7675,18600
2022-12-09 10:32:00,7675,7675,7675,7675,0
2022-12-09 10:33:00,7675,7675,7675,7675,0
2022-12-09 10:34:00,7675,7675,7675,7675,1000
2022-12-09 10:35:00,7675,7675,7675,7675,0
2022-12-09 10:36:00,7675,7675,7675,7675,0
2022-12-09 10:37:00,7650,7650,7650,7650,0
2022-12-09 10:38:00,7650,7650,7650,7650,0
2022-12-09 10:39:00,7650,7650,7650,7650,0
2022-12-09 10:40:00,7650,7650,7650,7650,800
2022-12-09 10:41:00,7650,7650,7650,7650,0
2022-12-09 10:42:00,7675,7675,7675,7675,300
2022-12-09 10:43:00,7675,7675,7675,7675,13000
2022-12-09 10:44:00,7675,7675,7675,7675,0
2022-12-09 10:45:00,7675,7675,7675,7675,200
2022-12-09 10:46:00,7650,7650,7650,7650,1100
2022-12-09 10:47:00,7650,7650,7650,7650,0
2022-12-09 10:48:00,7650,7650,7650,7650,0
2022-12-09 10:49:00,7675,7650,7675,7650,4300
2022-12-09 10:50:00,7675,7650,7675,7650,0
2022-12-09 10:51:00,7650,7650,7675,7675,100
2022-12-09 10:52:00,7650,7650,7675,7675,2500
2022-12-09 10:53:00,7675,7675,7675,7675,200
2022-12-09 10:54:00,7650,7650,7650,7650,3900
2022-12-09 10:55:00,7650,7650,7650,7650,0
2022-12-09 10:56:00,7650,7650,7650,7650,0
2022-12-09 10:57:00,7675,7675,7675,7675,61800
2022-12-09 10:58:00,7700,7675,7700,7675,5100
2022-12-09 10:59:00,7675,7675,7675,7675,12800
2022-12-09 11:00:00,7675,7675,7675,7675,0
2022-12-09 11:01:00,7675,7675,7700,7700,0
2022-12-09 11:02:00,7675,7675,7700,7700,0
2022-12-09 11:03:00,7700,7675,7700,7675,1200
2022-12-09 11:04:00,7700,7675,7700,7675,0
2022-12-09 11:05:00,7700,7675,7700,7675,0
2022-12-09 11:06:00,7675,7675,7675,7675,900
2022-12-09 11:07:00,7700,7700,7700,7700,0
2022-12-09 11:08:00,7675,7675,7675,7675,14600
2022-12-09 11:09:00,7675,7675,7675,7675,0
2022-12-09 11:10:00,7675,7675,7675,7675,0
2022-12-09 11:11:00,7650,7650,7650,7650,1400
2022-12-09 11:12:00,7650,7650,7650,7650,0
2022-12-09 11:13:00,7650,7650,7650,7650,0
2022-12-09 11:14:00,7650,7650,7650,7650,500
2022-12-09 11:15:00,7650,7650,7650,7650,400
2022-12-09 11:16:00,7650,7650,7650,7650,4100
2022-12-09 11:17:00,7650,7650,7650,7650,0
2022-12-09 11:18:00,7650,7650,7650,7650,0
2022-12-09 11:19:00,7650,7650,7650,7650,0
2022-12-09 11:20:00,7650,7650,7650,7650,0
2022-12-09 11:21:00,7650,7650,7650,7650,0
2022-12-09 11:22:00,7650,7650,7650,7650,0
2022-12-09 11:23:00,7675,7675,7675,7675,16400
2022-12-09 11:24:00,7675,7675,7675,7675,0
2022-12-09 11:25:00,7675,7650,7675,7650,1200
2022-12-09 11:26:00,7675,7650,7675,7650,0
2022-12-09 11:27:00,7675,7650,7675,7650,0
2022-12-09 11:28:00,7675,7650,7675,7650,0
2022-12-09 11:29:00,7675,7650,7675,7650,0
2022-12-09 11:30:00,7675,7650,7675,7650,0
2022-12-09 11:31:00,7675,7650,7675,7650,0
2022-12-09 11:32:00,7675,7650,7675,7650,0
2022-12-09 11:33:00,7675,7650,7675,7650,0
2022-12-09 11:34:00,7675,7650,7675,7650,0
2022-12-09 11:35:00,7675,7650,7675,7650,0
2022-12-09 11:36:00,7675,7650,7675,7650,0
2022-12-09 11:37:00,7675,7650,7675,7650,0
2022-12-09 11:38:00,7675,7650,7675,7650,0
2022-12-09 11:39:00,7675,7650,7675,7650,0
2022-12-09 11:40:00,7675,7650,7675,7650,0
2022-12-09 11:41:00,7675,7650,7675,7650,0
2022-12-09 11:42:00,7675,7650,7675,7650,0
2022-12-09 11:43:00,7675,7650,7675,7650,0
2022-12-09 11:44:00,7675,7650,7675,7650,0
2022-12-09 11:45:00,7675,7650,7675,7650,0
2022-12-09 11:46:00,7675,7650,7675,7650,0
2022-12-09 11:47:00,7675,7650,7675,7650,0
2022-12-09 11:48:00,7675,7650,7675,7650,0
2022-12-09 11:49:00,7675,7650,7675,7650,0
2022-12-09 11:50:00,7675,7650,7675,7650,0
2022-12-09 11:51:00,7675,7650,7675,7650,0
2022-12-09 11:52:00,7675,7650,7675,7650,0
2022-12-09 11:53:00,7675,7650,7675,7650,0
2022-12-09 11:54:00,7675,7650,7675,7650,0
2022-12-09 11:55:00,7675,7650,7675,7650,0
2022-12-09 11:56:00,7675,7650,7675,7650,0
2022-12-09 11:57:00,7675,7650,7675,7650,0
2022-12-09 11:58:00,7675,7650,7675,7650,0
2022-12-09 11:59:00,7675,7650,7675,7650,0
2022-12-09 12:00:00,7675,7650,7675,7650,0
2022-12-09 12:01:00,7675,7650,7675,7650,0
2022-12-09 12:02:00,7675,7650,7675,7650,0
2022-12-09 12:03:00,7675,7650,7675,7650,0
2022-12-09 12:04:00,7675,7650,7675,7650,0
2022-12-09 12:05:00,7675,7650,7675,7650,0
2022-12-09 12:06:00,7675,7650,7675,7650,0
2022-12-09 12:07:00,7675,7650,7675,7650,0
2022-12-09 12:08:00,7675,7650,7675,7650,0
2022-12-09 12:09:00,7675,7650,7675,7650,0
2022-12-09 12:10:00,7675,7650,7675,7650,0
2022-12-09 12:11:00,7675,7650,7675,7650,0
2022-12-09 12:12:00,7675,7650,7675,7650,0
2022-12-09 12:13:00,7675,7650,7675,7650,0
2022-12-09 12:14:00,7675,7650,7675,7650,0
2022-12-09 12:15:00,7675,7650,7675,7650,0
2022-12-09 12:16:00,7675,7650,7675,7650,0
2022-12-09 12:17:00,7675,7650,7675,7650,0
2022-12-09 12:18:00,7675,7650,7675,7650,0
2022-12-09 12:19:00,7675,7650,7675,7650,0
2022-12-09 12:20:00,7675,7650,7675,7650,0
2022-12-09 12:21:00,7675,7650,7675,7650,0
2022-12-09 12:22:00,7675,7650,7675,7650,0
2022-12-09 12:23:00,7675,7650,7675,7650,0
2022-12-09 12:24:00,7675,7650,7675,7650,0
2022-12-09 12:25:00,7675,7650,7675,7650,0
2022-12-09 12:26:00,7675,7650,7675,7650,0
2022-12-09 12:27:00,7675,7650,7675,7650,0
2022-12-09 12:28:00,7675,7650,7675,7650,0
2022-12-09 12:29:00,7675,7650,7675,7650,0
2022-12-09 12:30:00,7675,7650,7675,7650,0
2022-12-09 12:31:00,7675,7650,7675,7650,0
2022-12-09 12:32:00,7675,7650,7675,7650,0
2022-12-09 12:33:00,7675,7650,7675,7650,0
2022-12-09 12:34:00,7675,7650,7675,7650,0
2022-12-09 12:35:00,7675,7650,7675,7650,0
2022-12-09 12:36:00,7675,7650,7675,7650,0
2022-12-09 12:37:00,7675,7650,7675,7650,0
2022-12-09 12:38:00,7675,7650,7675,7650,0
2022-12-09 12:39:00,7675,7650,7675,7650,0
2022-12-09 12:40:00,7675,7650,7675,7650,0
2022-12-09 12:41:00,7675,7650,7675,7650,0
2022-12-09 12:42:00,7675,7650,7675,7650,0
2022-12-09 12:43:00,7675,7650,7675,7650,0
2022-12-09 12:44:00,7675,7650,7675,7650,0
2022-12-09 12:45:00,7675,7650,7675,7650,0
2022-12-09 12:46:00,7675,7650,7675,7650,0
2022-12-09 12:47:00,7675,7650,7675,7650,0
2022-12-09 12:48:00,7675,7650,7675,7650,0
2022-12-09 12:49:00,7675,7650,7675,7650,0
2022-12-09 12:50:00,7675,7650,7675,7650,0
2022-12-09 12:51:00,7675,7650,7675,7650,0
2022-12-09 12:52:00,7675,7650,7675,7650,0
2022-12-09 12:53:00,7675,7650,7675,7650,0
2022-12-09 12:54:00,7675,7650,7675,7650,0
2022-12-09 12:55:00,7675,7650,7675,7650,0
2022-12-09 12:56:00,7675,7650,7675,7650,0
2022-12-09 12:57:00,7675,7650,7675,7650,0
2022-12-09 12:58:00,7675,7650,7675,7650,0
2022-12-09 12:59:00,7675,7650,7675,7650,0
2022-12-09 13:00:00,7675,7650,7675,7650,0
2022-12-09 13:01:00,7675,7650,7675,7650,0
2022-12-09 13:02:00,7675,7650,7675,7650,0
2022-12-09 13:03:00,7675,7650,7675,7650,0
2022-12-09 13:04:00,7675,7650,7675,7650,0
2022-12-09 13:05:00,7675,7650,7675,7650,0
2022-12-09 13:06:00,7675,7650,7675,7650,0
2022-12-09 13:07:00,7675,7650,7675,7650,0
2022-12-09 13:08:00,7675,7650,7675,7650,0
2022-12-09 13:09:00,7675,7650,7675,7650,0
2022-12-09 13:10:00,7675,7650,7675,7650,0
2022-12-09 13:11:00,7675,7650,7675,7650,0
2022-12-09 13:12:00,7675,7650,7675,7650,0
2022-12-09 13:13:00,7675,7650,7675,7650,0
2022-12-09 13:14:00,7675,7650,7675,7650,0
2022-12-09 13:15:00,7675,7650,7675,7650,0
2022-12-09 13:16:00,7675,7650,7675,7650,0
2022-12-09 13:17:00,7675,7650,7675,7650,0
2022-12-09 13:18:00,7675,7650,7675,7650,0
2022-12-09 13:19:00,7675,7650,7675,7650,0
2022-12-09 13:20:00,7675,7650,7675,7650,0
2022-12-09 13:21:00,7675,7650,7675,7650,0
2022-12-09 13:22:00,7675,7650,7675,7650,0
2022-12-09 13:23:00,7675,7650,7675,7650,0
2022-12-09 13:24:00,7675,7650,7675,7650,0
2022-12-09 13:25:00,7675,7650,7675,7650,0
2022-12-09 13:26:00,7675,7650,7675,7650,0
2022-12-09 13:27:00,7675,7650,7675,7650,0
2022-12-09 13:28:00,7675,7650,7675,7650,0
2022-12-09 13:29:00,7675,7650,7675,7650,0
2022-12-09 13:30:00,7675,7650,7675,7675,16000
2022-12-09 13:31:00,7675,7650,7675,7675,0
2022-12-09 13:32:00,7675,7650,7675,7675,0
2022-12-09 13:33:00,7675,7650,7675,7675,0
2022-12-09 13:34:00,7700,7700,7700,7700,47400
2022-12-09 13:35:00,7725,7725,7725,7725,3500
2022-12-09 13:36:00,7725,7725,7725,7725,0
2022-12-09 13:37:00,7725,7725,7725,7725,1100
2022-12-09 13:38:00,7725,7700,7725,7700,3500
2022-12-09 13:39:00,7700,7700,7700,7700,43100
2022-12-09 13:40:00,7700,7675,7700,7700,4300
2022-12-09 13:41:00,7700,7700,7700,7700,9200
2022-12-09 13:42:00,7700,7700,7700,7700,0
2022-12-09 13:43:00,7675,7675,7675,7675,100
2022-12-09 13:44:00,7675,7675,7675,7675,0
2022-12-09 13:45:00,7675,7675,7675,7675,0
2022-12-09 13:46:00,7675,7675,7675,7675,0
2022-12-09 13:47:00,7675,7675,7675,7675,1900
2022-12-09 13:48:00,7700,7700,7700,7700,300
2022-12-09 13:49:00,7700,7700,7700,7700,1700
2022-12-09 13:50:00,7675,7675,7675,7675,15200
2022-12-09 13:51:00,7650,7650,7650,7650,5100
2022-12-09 13:52:00,7650,7650,7650,7650,5600
2022-12-09 13:53:00,7650,7650,7650,7650,0
2022-12-09 13:54:00,7675,7675,7675,7675,37300
2022-12-09 13:55:00,7675,7675,7700,7700,18800
2022-12-09 13:56:00,7700,7675,7700,7675,17200
2022-12-09 13:57:00,7700,7675,7700,7675,0
2022-12-09 13:58:00,7675,7675,7675,7675,0
2022-12-09 13:59:00,7675,7650,7675,7650,6400
2022-12-09 14:00:00,7650,7650,7650,7650,3300
2022-12-09 14:01:00,7700,7650,7700,7650,1700
2022-12-09 14:02:00,7675,7675,7675,7675,0
2022-12-09 14:03:00,7675,7650,7675,7675,7100
2022-12-09 14:04:00,7675,7650,7675,7675,0
2022-12-09 14:05:00,7700,7700,7700,7700,0
2022-12-09 14:06:00,7700,7700,7700,7700,0
2022-12-09 14:07:00,7700,7700,7700,7700,0
2022-12-09 14:08:00,7675,7675,7675,7675,4700
2022-12-09 14:09:00,7700,7700,7700,7700,0
2022-12-09 14:10:00,7700,7700,7700,7700,0
2022-12-09 14:11:00,7675,7675,7700,7700,10200
2022-12-09 14:12:00,7700,7675,7700,7675,7300
2022-12-09 14:13:00,7700,7675,7700,7675,0
2022-12-09 14:14:00,7675,7675,7675,7675,9800
2022-12-09 14:15:00,7700,7700,7700,7700,0
2022-12-09 14:16:00,7700,7700,7700,7700,0
2022-12-09 14:17:00,7700,7700,7700,7700,3000
2022-12-09 14:18:00,7700,7700,7700,7700,0
2022-12-09 14:19:00,7700,7700,7700,7700,11500
2022-12-09 14:20:00,7700,7675,7700,7675,14700
2022-12-09 14:21:00,7675,7675,7700,7700,3400
2022-12-09 14:22:00,7675,7650,7675,7650,54300
2022-12-09 14:23:00,7650,7650,7650,7650,4800
2022-12-09 14:24:00,7650,7625,7650,7625,106300
2022-12-09 14:25:00,7650,7625,7650,7625,5800
2022-12-09 14:26:00,7625,7625,7625,7625,9600
2022-12-09 14:27:00,7625,7625,7625,7625,2100
2022-12-09 14:28:00,7650,7650,7650,7650,0
2022-12-09 14:29:00,7650,7650,7650,7650,800
2022-12-09 14:30:00,7625,7625,7625,7625,400
2022-12-09 14:31:00,7625,7625,7625,7625,2800
2022-12-09 14:32:00,7625,7625,7625,7625,0
2022-12-09 14:33:00,7625,7625,7625,7625,11500
2022-12-09 14:34:00,7650,7625,7650,7625,2200
2022-12-09 14:35:00,7625,7625,7650,7650,0
2022-12-09 14:36:00,7650,7625,7650,7625,4600
2022-12-09 14:37:00,7650,7625,7650,7625,0
2022-12-09 14:38:00,7625,7625,7625,7625,12900
2022-12-09 14:39:00,7650,7650,7650,7650,25700
2022-12-09 14:40:00,7625,7625,7625,7625,1000
2022-12-09 14:41:00,7650,7650,7650,7650,29000
2022-12-09 14:42:00,7650,7650,7650,7650,600
2022-12-09 14:43:00,7650,7650,7650,7650,1900
2022-12-09 14:44:00,7650,7650,7675,7650,1400
2022-12-09 14:45:00,7650,7650,7650,7650,9100
2022-12-09 14:46:00,7650,7625,7650,7625,5000
2022-12-09 14:47:00,7625,7625,7625,7625,33300
2022-12-09 14:48:00,7625,7625,7650,7650,2800
2022-12-09 14:49:00,7650,7625,7650,7650,3700
2022-12-09 14:50:00,7650,7625,7650,7650,0
2022-12-09 14:51:00,7650,7625,7650,7650,0
2022-12-09 14:52:00,7650,7625,7650,7650,0
2022-12-09 14:53:00,7650,7625,7650,7650,0
2022-12-09 14:54:00,7650,7625,7650,7650,0
2022-12-09 14:55:00,7650,7625,7650,7650,0
2022-12-09 14:56:00,7650,7625,7650,7650,0
2022-12-09 14:57:00,7650,7625,7650,7650,0
2022-12-09 14:58:00,7650,7625,7650,7650,0
2022-12-09 14:59:00,7650,7625,7650,7650,0
2022-12-09 15:00:00,7650,7650,7650,7650,133100
2022-12-09 15:01:00,7650,7650,7650,7650,700
2022-12-09 15:02:00,7650,7650,7650,7650,63500
2022-12-09 15:03:00,7650,7650,7650,7650,0
2022-12-09 15:04:00,7650,7650,7650,7650,20000
2022-12-09 15:05:00,7650,7650,7650,7650,57100
2022-12-09 15:06:00,7650,7650,7650,7650,3500
2022-12-09 15:07:00,7650,7650,7650,7650,32000
2022-12-09 15:08:00,7650,7650,7650,7650,0
2022-12-09 15:09:00,7650,7650,7650,7650,0
2022-12-09 15:10:00,7650,7650,7650,7650,0
2022-12-09 15:11:00,7650,7650,7650,7650,200
2022-12-09 15:12:00,7650,7650,7650,7650,0
2022-12-09 15:13:00,7650,7650,7650,7650,2000
2022-12-09 15:14:00,7650,7650,7650,7650,0
2022-12-09 15:15:00,7650,7650,7650,7650,0
2022-12-09 15:16:00,7650,7650,7650,7650,0
2022-12-09 15:17:00,7650,7650,7650,7650,0
2022-12-09 15:18:00,7650,7650,7650,7650,0
2022-12-09 15:19:00,7650,7650,7650,7650,0
2022-12-09 15:20:00,7650,7650,7650,7650,0
2022-12-09 15:21:00,7650,7650,7650,7650,0
2022-12-09 15:22:00,7650,7650,7650,7650,0
2022-12-09 15:23:00,7650,7650,7650,7650,0
2022-12-09 15:24:00,7650,7650,7650,7650,0
2022-12-09 15:25:00,7650,7650,7650,7650,0
2022-12-09 15:26:00,7650,7650,7650,7650,0
2022-12-09 15:27:00,7650,7650,7650,7650,0
2022-12-09 15:28:00,7650,7650,7650,7650,0
2022-12-09 15:29:00,7650,7650,7650,7650,0
2022-12-09 15:30:00,7650,7650,7650,7650,0
2022-12-09 15:31:00,7650,7650,7650,7650,0
2022-12-09 15:32:00,7650,7650,7650,7650,0
2022-12-09 15:33:00,7650,7650,7650,7650,0
2022-12-09 15:34:00,7650,7650,7650,7650,0
2022-12-09 15:35:00,7650,7650,7650,7650,0
2022-12-09 15:36:00,7650,7650,7650,7650,0
2022-12-09 15:37:00,7650,7650,7650,7650,0
2022-12-09 15:38:00,7650,7650,7650,7650,0
2022-12-09 15:39:00,7650,7650,7650,7650,0
2022-12-09 15:40:00,7650,7650,7650,7650,0
2022-12-09 15:41:00,7650,7650,7650,7650,0
2022-12-09 15:42:00,7650,7650,7650,7650,0
2022-12-09 15:43:00,7650,7650,7650,7650,0
2022-12-09 15:44:00,7650,7650,7650,7650,0
2022-12-09 15:45:00,7650,7650,7650,7650,0
2022-12-09 15:46:00,7650,7650,7650,7650,0
2022-12-09 15:47:00,7650,7650,7650,7650,0
2022-12-09 15:48:00,7650,7650,7650,7650,0
2022-12-09 15:49:00,7650,7650,7650,7650,0
2022-12-09 15:50:00,7650,7650,7650,7650,0
2022-12-09 15:51:00,7650,7650,7650,7650,0
2022-12-09 15:52:00,7650,7650,7650,7650,0
2022-12-09 15:53:00,7650,7650,7650,7650,0
2022-12-09 15:54:00,7650,7650,7650,7650,0
2022-12-09 15:55:00,7650,7650,7650,7650,0
2022-12-09 15:56:00,7650,7650,7650,7650,0
2022-12-09 15:57:00,7650,7650,7650,7650,0
2022-12-09 15:58:00,7650,7650,7650,7650,0
2022-12-09 15:59:00,7650,7650,7650,7650,0
2022-12-12 09:00:00,7650,7625,7650,7650,0
2022-12-12 09:01:00,7600,7500,7600,7500,102800
2022-12-12 09:02:00,7500,7450,7525,7450,47100
2022-12-12 09:03:00,7475,7450,7550,7550,54000
2022-12-12 09:04:00,7525,7525,7550,7550,6700
2022-12-12 09:05:00,7550,7550,7575,7575,19600
2022-12-12 09:06:00,7575,7550,7575,7550,1700
2022-12-12 09:07:00,7550,7525,7550,7550,78200
2022-12-12 09:08:00,7550,7550,7575,7550,3500
2022-12-12 09:09:00,7550,7550,7550,7550,2400
2022-12-12 09:10:00,7550,7550,7550,7550,14700
2022-12-12 09:11:00,7575,7575,7600,7575,9700
2022-12-12 09:12:00,7600,7575,7600,7575,400
2022-12-12 09:13:00,7600,7550,7600,7550,22800
2022-12-12 09:14:00,7575,7575,7575,7575,16000
2022-12-12 09:15:00,7575,7575,7575,7575,2100
2022-12-12 09:16:00,7575,7575,7600,7575,2400
2022-12-12 09:17:00,7625,7600,7625,7600,6900
2022-12-12 09:18:00,7600,7600,7625,7625,4900
2022-12-12 09:19:00,7650,7625,7650,7625,600
2022-12-12 09:20:00,7650,7650,7650,7650,500
2022-12-12 09:21:00,7650,7650,7650,7650,4900
2022-12-12 09:22:00,0,0,0,0,0
2022-12-12 09:23:00,7650,7625,7650,7625,26100
2022-12-12 09:24:00,7650,7650,7650,7650,200
2022-12-12 09:25:00,7650,7625,7650,7625,1100
2022-12-12 09:26:00,7625,7625,7625,7625,58700
2022-12-12 09:27:00,7625,7625,7650,7625,9000
2022-12-12 09:28:00,7650,7650,7650,7650,0
2022-12-12 09:29:00,7625,7625,7625,7625,400
2022-12-12 09:30:00,7625,7625,7625,7625,12700
2022-12-12 09:31:00,7650,7650,7675,7675,230400
2022-12-12 09:32:00,7700,7700,7700,7700,15700
2022-12-12 09:33:00,7675,7675,7700,7700,4800
2022-12-12 09:34:00,0,0,0,0,0
2022-12-12 09:35:00,7700,7700,7700,7700,0
2022-12-12 09:36:00,7700,7700,7700,7700,1700
2022-12-12 09:37:00,7675,7675,7675,7675,1600
2022-12-12 09:38:00,7675,7675,7675,7675,23800
2022-12-12 09:39:00,7675,7675,7675,7675,2700
2022-12-12 09:40:00,7675,7675,7675,7675,0
2022-12-12 09:41:00,7650,7650,7700,7700,11100
2022-12-12 09:42:00,7700,7700,7700,7700,3600
2022-12-12 09:43:00,7700,7700,7700,7700,6400
2022-12-12 09:44:00,7675,7675,7675,7675,0
2022-12-12 09:45:00,7675,7675,7675,7675,1200
2022-12-12 09:46:00,7675,7675,7675,7675,1100
2022-12-12 09:47:00,7675,7650,7675,7650,2400
2022-12-12 09:48:00,0,0,0,0,0
2022-12-12 09:49:00,7650,7650,7650,7650,1700
2022-12-12 09:50:00,7650,7650,7675,7675,14700
2022-12-12 09:51:00,7675,7675,7675,7675,100
2022-12-12 09:52:00,7700,7700,7700,7700,23800
2022-12-12 09:53:00,7700,7700,7700,7700,17500
2022-12-12 09:54:00,0,0,0,0,0
2022-12-12 09:55:00,0,0,0,0,0
2022-12-12 09:56:00,7725,7725,7725,7725,1500
2022-12-12 09:57:00,7725,7700,7725,7725,3300
2022-12-12 09:58:00,7700,7700,7725,7725,1000
2022-12-12 09:59:00,7725,7700,7725,7700,1000
2022-12-12 10:00:00,0,0,0,0,0
2022-12-12 10:01:00,7725,7700,7725,7725,11900
2022-12-12 10:02:00,7725,7725,7725,7725,4000
2022-12-12 10:03:00,7725,7725,7725,7725,5100
2022-12-12 10:04:00,7725,7725,7725,7725,5600
2022-12-12 10:05:00,7725,7725,7725,7725,4700
2022-12-12 10:06:00,7725,7725,7725,7725,3600
2022-12-12 10:07:00,7700,7700,7750,7750,20200
2022-12-12 10:08:00,7750,7725,7750,7750,30800
2022-12-12 10:09:00,7750,7750,7750,7750,15900
2022-12-12 10:10:00,7775,7775,7800,7800,6600
2022-12-12 10:11:00,7775,7775,7775,7775,800
2022-12-12 10:12:00,7775,7750,7800,7775,70000
2022-12-12 10:13:00,7775,7750,7775,7775,1800
2022-12-12 10:14:00,7775,7775,7775,7775,12000
2022-12-12 10:15:00,7800,7775,7800,7800,5600
2022-12-12 10:16:00,7800,7800,7800,7800,2000
2022-12-12 10:17:00,0,0,0,0,0
2022-12-12 10:18:00,7800,7800,7800,7800,0
2022-12-12 10:19:00,0,0,0,0,0
2022-12-12 10:20:00,7800,7800,7800,7800,1700
2022-12-12 10:21:00,7800,7800,7800,7800,900
2022-12-12 10:22:00,7800,7775,7800,7800,2500
2022-12-12 10:23:00,7800,7775,7800,7775,1300
2022-12-12 10:24:00,7800,7800,7800,7800,100
2022-12-12 10:25:00,7800,7800,7800,7800,1900
2022-12-12 10:26:00,0,0,0,0,0
2022-12-12 10:27:00,7800,7725,7800,7725,94500
2022-12-12 10:28:00,7725,7725,7725,7725,0
2022-12-12 10:29:00,0,0,0,0,0
2022-12-12 10:30:00,0,0,0,0,0
2022-12-12 10:31:00,7750,7725,7750,7750,1199200
2022-12-12 10:32:00,7750,7725,7750,7725,700
2022-12-12 10:33:00,0,0,0,0,0
2022-12-12 10:34:00,7725,7725,7725,7725,300
2022-12-12 10:35:00,7750,7750,7800,7800,42900
2022-12-12 10:36:00,7775,7775,7800,7800,3100
2022-12-12 10:37:00,7800,7800,7800,7800,1000
2022-12-12 10:38:00,7800,7800,7825,7825,110000
2022-12-12 10:39:00,7825,7800,7825,7800,8700
2022-12-12 10:40:00,7825,7800,7825,7800,100
2022-12-12 10:41:00,7850,7850,7850,7850,46900
2022-12-12 10:42:00,7825,7800,7825,7800,100500
2022-12-12 10:43:00,7800,7800,7800,7800,12100
2022-12-12 10:44:00,7800,7800,7800,7800,1500
2022-12-12 10:45:00,7800,7800,7800,7800,5400
2022-12-12 10:46:00,7800,7800,7800,7800,12000
2022-12-12 10:47:00,7800,7800,7800,7800,19800
2022-12-12 10:48:00,7800,7800,7800,7800,1900
2022-12-12 10:49:00,7825,7825,7850,7850,61900
2022-12-12 10:50:00,7850,7850,7850,7850,0
2022-12-12 10:51:00,7850,7850,7875,7850,76900
2022-12-12 10:52:00,7850,7825,7850,7825,0
2022-12-12 10:53:00,7850,7825,7850,7825,7800
2022-12-12 10:54:00,7825,7825,7850,7850,7700
2022-12-12 10:55:00,7850,7850,7850,7850,1000
2022-12-12 10:56:00,7850,7850,7850,7850,1100
2022-12-12 10:57:00,7825,7825,7825,7825,1800
2022-12-12 10:58:00,7850,7850,7850,7850,4500
2022-12-12 10:59:00,0,0,0,0,0
2022-12-12 11:00:00,7825,7825,7850,7850,0
2022-12-12 11:01:00,7850,7850,7850,7850,2800
2022-12-12 11:02:00,7850,7850,7850,7850,0
2022-12-12 11:03:00,7850,7850,7850,7850,600
2022-12-12 11:04:00,7850,7850,7850,7850,0
2022-12-12 11:05:00,0,0,0,0,0
2022-12-12 11:06:00,7850,7825,7850,7825,53100
2022-12-12 11:07:00,0,0,0,0,0
2022-12-12 11:08:00,7825,7825,7825,7825,12000
2022-12-12 11:09:00,0,0,0,0,0
2022-12-12 11:10:00,7800,7800,7825,7825,4400
2022-12-12 11:11:00,0,0,0,0,0
2022-12-12 11:12:00,7800,7800,7800,7800,0
2022-12-12 11:13:00,7800,7800,7825,7825,2100
2022-12-12 11:14:00,7825,7825,7825,7825,5300
2022-12-12 11:15:00,7800,7800,7800,7800,18400
2022-12-12 11:16:00,0,0,0,0,0
2022-12-12 11:17:00,7800,7800,7800,7800,300
2022-12-12 11:18:00,0,0,0,0,0
2022-12-12 11:19:00,7800,7800,7800,7800,0
2022-12-12 11:20:00,7800,7800,7825,7825,4100
2022-12-12 11:21:00,7825,7825,7825,7825,16900
2022-12-12 11:22:00,7825,7825,7825,7825,600
2022-12-12 11:23:00,7825,7825,7825,7825,800
2022-12-12 11:24:00,7800,7800,7800,7800,0
2022-12-12 11:25:00,7800,7800,7800,7800,45500
2022-12-12 11:26:00,7800,7800,7800,7800,400
2022-12-12 11:27:00,7775,7775,7775,7775,0
2022-12-12 11:28:00,7775,7750,7775,7750,9700
2022-12-12 11:29:00,7750,7750,7750,7750,15500
2022-12-12 11:30:00,0,0,0,0,0
2022-12-12 11:31:00,0,0,0,0,0
2022-12-12 11:32:00,0,0,0,0,0
2022-12-12 11:33:00,0,0,0,0,0
2022-12-12 11:34:00,0,0,0,0,0
2022-12-12 11:35:00,0,0,0,0,0
2022-12-12 11:36:00,0,0,0,0,0
2022-12-12 11:37:00,0,0,0,0,0
2022-12-12 11:38:00,0,0,0,0,0
2022-12-12 11:39:00,0,0,0,0,0
2022-12-12 11:40:00,0,0,0,0,0
2022-12-12 11:41:00,0,0,0,0,0
2022-12-12 11:42:00,0,0,0,0,0
2022-12-12 11:43:00,0,0,0,0,0
2022-12-12 11:44:00,0,0,0,0,0
2022-12-12 11:45:00,0,0,0,0,0
2022-12-12 11:46:00,0,0,0,0,0
2022-12-12 11:47:00,0,0,0,0,0
2022-12-12 11:48:00,0,0,0,0,0
2022-12-12 11:49:00,0,0,0,0,0
2022-12-12 11:50:00,0,0,0,0,0
2022-12-12 11:51:00,0,0,0,0,0
2022-12-12 11:52:00,0,0,0,0,0
2022-12-12 11:53:00,0,0,0,0,0
2022-12-12 11:54:00,0,0,0,0,0
2022-12-12 11:55:00,0,0,0,0,0
2022-12-12 11:56:00,0,0,0,0,0
2022-12-12 11:57:00,0,0,0,0,0
2022-12-12 11:58:00,0,0,0,0,0
2022-12-12 11:59:00,0,0,0,0,0
2022-12-12 12:00:00,0,0,0,0,0
2022-12-12 12:01:00,0,0,0,0,0
2022-12-12 12:02:00,0,0,0,0,0
2022-12-12 12:03:00,0,0,0,0,0
2022-12-12 12:04:00,0,0,0,0,0
2022-12-12 12:05:00,0,0,0,0,0
2022-12-12 12:06:00,0,0,0,0,0
2022-12-12 12:07:00,0,0,0,0,0
2022-12-12 12:08:00,0,0,0,0,0
2022-12-12 12:09:00,0,0,0,0,0
2022-12-12 12:10:00,0,0,0,0,0
2022-12-12 12:11:00,0,0,0,0,0
2022-12-12 12:12:00,0,0,0,0,0
2022-12-12 12:13:00,0,0,0,0,0
2022-12-12 12:14:00,0,0,0,0,0
2022-12-12 12:15:00,0,0,0,0,0
2022-12-12 12:16:00,0,0,0,0,0
2022-12-12 12:17:00,0,0,0,0,0
2022-12-12 12:18:00,0,0,0,0,0
2022-12-12 12:19:00,0,0,0,0,0
2022-12-12 12:20:00,0,0,0,0,0
2022-12-12 12:21:00,0,0,0,0,0
2022-12-12 12:22:00,0,0,0,0,0
2022-12-12 12:23:00,0,0,0,0,0
2022-12-12 12:24:00,0,0,0,0,0
2022-12-12 12:25:00,0,0,0,0,0
2022-12-12 12:26:00,0,0,0,0,0
2022-12-12 12:27:00,0,0,0,0,0
2022-12-12 12:28:00,0,0,0,0,0
2022-12-12 12:29:00,0,0,0,0,0
2022-12-12 12:30:00,0,0,0,0,0
2022-12-12 12:31:00,0,0,0,0,0
2022-12-12 12:32:00,0,0,0,0,0
2022-12-12 12:33:00,0,0,0,0,0
2022-12-12 12:34:00,0,0,0,0,0
2022-12-12 12:35:00,0,0,0,0,0
2022-12-12 12:36:00,0,0,0,0,0
2022-12-12 12:37:00,0,0,0,0,0
2022-12-12 12:38:00,0,0,0,0,0
2022-12-12 12:39:00,0,0,0,0,0
2022-12-12 12:40:00,0,0,0,0,0
2022-12-12 12:41:00,0,0,0,0,0
2022-12-12 12:42:00,0,0,0,0,0
2022-12-12 12:43:00,0,0,0,0,0
2022-12-12 12:44:00,0,0,0,0,0
2022-12-12 12:45:00,0,0,0,0,0
2022-12-12 12:46:00,0,0,0,0,0
2022-12-12 12:47:00,0,0,0,0,0
2022-12-12 12:48:00,0,0,0,0,0
2022-12-12 12:49:00,0,0,0,0,0
2022-12-12 12:50:00,0,0,0,0,0
2022-12-12 12:51:00,0,0,0,0,0
2022-12-12 12:52:00,0,0,0,0,0
2022-12-12 12:53:00,0,0,0,0,0
2022-12-12 12:54:00,0,0,0,0,0
2022-12-12 12:55:00,0,0,0,0,0
2022-12-12 12:56:00,0,0,0,0,0
2022-12-12 12:57:00,0,0,0,0,0
2022-12-12 12:58:00,0,0,0,0,0
2022-12-12 12:59:00,0,0,0,0,0
2022-12-12 13:00:00,0,0,0,0,0
2022-12-12 13:01:00,0,0,0,0,0
2022-12-12 13:02:00,0,0,0,0,0
2022-12-12 13:03:00,0,0,0,0,0
2022-12-12 13:04:00,0,0,0,0,0
2022-12-12 13:05:00,0,0,0,0,0
2022-12-12 13:06:00,0,0,0,0,0
2022-12-12 13:07:00,0,0,0,0,0
2022-12-12 13:08:00,0,0,0,0,0
2022-12-12 13:09:00,0,0,0,0,0
2022-12-12 13:10:00,0,0,0,0,0
2022-12-12 13:11:00,0,0,0,0,0
2022-12-12 13:12:00,0,0,0,0,0
2022-12-12 13:13:00,0,0,0,0,0
2022-12-12 13:14:00,0,0,0,0,0
2022-12-12 13:15:00,0,0,0,0,0
2022-12-12 13:16:00,0,0,0,0,0
2022-12-12 13:17:00,0,0,0,0,0
2022-12-12 13:18:00,0,0,0,0,0
2022-12-12 13:19:00,0,0,0,0,0
2022-12-12 13:20:00,0,0,0,0,0
2022-12-12 13:21:00,0,0,0,0,0
2022-12-12 13:22:00,0,0,0,0,0
2022-12-12 13:23:00,0,0,0,0,0
2022-12-12 13:24:00,0,0,0,0,0
2022-12-12 13:25:00,0,0,0,0,0
2022-12-12 13:26:00,0,0,0,0,0
2022-12-12 13:27:00,0,0,0,0,0
2022-12-12 13:28:00,0,0,0,0,0
2022-12-12 13:29:00,0,0,0,0,0
2022-12-12 13:30:00,7800,7775,7800,7800,22300
2022-12-12 13:31:00,0,0,0,0,0
2022-12-12 13:32:00,7825,7825,7825,7825,22100
2022-12-12 13:33:00,7825,7825,7825,7825,36200
2022-12-12 13:34:00,7825,7825,7850,7850,0
2022-12-12 13:35:00,0,0,0,0,0
2022-12-12 13:36:00,7850,7850,7850,7850,4400
2022-12-12 13:37:00,7850,7850,7850,7850,4600
2022-12-12 13:38:00,7850,7850,7850,7850,0
2022-12-12 13:39:00,0,0,0,0,0
2022-12-12 13:40:00,7850,7850,7850,7850,3600
2022-12-12 13:41:00,0,0,0,0,0
2022-12-12 13:42:00,7850,7850,7850,7850,3100
2022-12-12 13:43:00,7850,7825,7850,7850,2200
2022-12-12 13:44:00,7850,7850,7850,7850,200
2022-12-12 13:45:00,0,0,0,0,0
2022-12-12 13:46:00,7850,7850,7875,7875,2000
2022-12-12 13:47:00,7875,7875,7875,7875,62100
2022-12-12 13:48:00,7875,7875,7875,7875,109900
2022-12-12 13:49:00,7875,7875,7900,7900,1400
2022-12-12 13:50:00,7900,7900,7900,7900,4000
2022-12-12 13:51:00,7900,7900,7900,7900,2200
2022-12-12 13:52:00,7900,7900,7900,7900,58200
2022-12-12 13:53:00,7900,7900,7900,7900,1500
2022-12-12 13:54:00,7900,7875,7900,7900,8700
2022-12-12 13:55:00,7900,7900,7900,7900,19200
2022-12-12 13:56:00,7900,7900,7925,7925,10600
2022-12-12 13:57:00,7925,7900,7925,7900,5000
2022-12-12 13:58:00,7925,7900,7925,7925,2300
2022-12-12 13:59:00,7925,7925,7950,7950,123700
2022-12-12 14:00:00,7925,7875,7950,7900,186600
2022-12-12 14:01:00,0,0,0,0,0
2022-12-12 14:02:00,7900,7900,7900,7900,12500
2022-12-12 14:03:00,7875,7875,7900,7900,1700
2022-12-12 14:04:00,7875,7875,7875,7875,100
2022-12-12 14:05:00,7900,7900,7900,7900,100
2022-12-12 14:06:00,7900,7875,7900,7875,8000
2022-12-12 14:07:00,7900,7875,7900,7900,4800
2022-12-12 14:08:00,7875,7875,7900,7900,14800
2022-12-12 14:09:00,7900,7875,7900,7900,6900
2022-12-12 14:10:00,7900,7875,7900,7875,11500
2022-12-12 14:11:00,7900,7900,7900,7900,7700
2022-12-12 14:12:00,7900,7900,7900,7900,200
2022-12-12 14:13:00,7900,7900,7900,7900,1600
2022-12-12 14:14:00,7900,7900,7900,7900,1300
2022-12-12 14:15:00,7925,7900,7925,7900,20000
2022-12-12 14:16:00,7925,7900,7925,7900,0
2022-12-12 14:17:00,0,0,0,0,0
2022-12-12 14:18:00,7900,7900,7900,7900,18500
2022-12-12 14:19:00,7900,7900,7900,7900,0
2022-12-12 14:20:00,7900,7900,7925,7925,18300
2022-12-12 14:21:00,0,0,0,0,0
2022-12-12 14:22:00,7925,7925,7925,7925,100
2022-12-12 14:23:00,7925,7900,7925,7900,37900
2022-12-12 14:24:00,7875,7875,7900,7900,2700
2022-12-12 14:25:00,7900,7900,7900,7900,0
2022-12-12 14:26:00,7900,7900,7925,7925,74400
2022-12-12 14:27:00,7900,7900,7925,7925,12500
2022-12-12 14:28:00,0,0,0,0,0
2022-12-12 14:29:00,7925,7925,7925,7925,3900
2022-12-12 14:30:00,7925,7900,7925,7925,1600
2022-12-12 14:31:00,7925,7925,7925,7925,1100
2022-12-12 14:32:00,0,0,0,0,0
2022-12-12 14:33:00,7925,7925,7925,7925,11900
2022-12-12 14:34:00,7925,7925,7925,7925,200
2022-12-12 14:35:00,7925,7900,7950,7925,50600
2022-12-12 14:36:00,7925,7900,7925,7900,28300
2022-12-12 14:37:00,7900,7875,7900,7875,700
2022-12-12 14:38:00,7875,7875,7875,7875,600
2022-12-12 14:39:00,7900,7900,7900,7900,6000
2022-12-12 14:40:00,7900,7900,7900,7900,0
2022-12-12 14:41:00,7900,7900,7900,7900,8200
2022-12-12 14:42:00,7900,7900,7900,7900,12900
2022-12-12 14:43:00,7900,7900,7900,7900,7700
2022-12-12 14:44:00,7925,7925,7925,7925,0
2022-12-12 14:45:00,7925,7925,7925,7925,900
2022-12-12 14:46:00,7900,7900,7900,7900,2900
2022-12-12 14:47:00,7900,7900,7900,7900,0
2022-12-12 14:48:00,7900,7900,7925,7925,11200
2022-12-12 14:49:00,7900,7875,7925,7900,17400
2022-12-12 14:50:00,0,0,0,0,0
2022-12-12 14:51:00,0,0,0,0,0
2022-12-12 14:52:00,0,0,0,0,0
2022-12-12 14:53:00,0,0,0,0,0
2022-12-12 14:54:00,0,0,0,0,0
2022-12-12 14:55:00,0,0,0,0,0
2022-12-12 14:56:00,0,0,0,0,0
2022-12-12 14:57:00,0,0,0,0,0
2022-12-12 14:58:00,0,0,0,0,0
2022-12-12 14:59:00,0,0,0,0,0
2022-12-12 15:00:00,7875,7875,7875,7875,101400
2022-12-12 15:01:00,7875,7875,7875,7875,2000
2022-12-12 15:02:00,7875,7875,7875,7875,5000
2022-12-12 15:03:00,7875,7875,7875,7875,0
2022-12-12 15:04:00,7875,7875,7875,7875,100
2022-12-12 15:05:00,0,0,0,0,0
2022-12-12 15:06:00,0,0,0,0,0
2022-12-12 15:07:00,7875,7875,7875,7875,5100
2022-12-12 15:08:00,0,0,0,0,0
2022-12-12 15:09:00,0,0,0,0,0
2022-12-12 15:10:00,0,0,0,0,0
2022-12-12 15:11:00,0,0,0,0,0
2022-12-12 15:12:00,7875,7875,7875,7875,3110200
2022-12-12 15:13:00,0,0,0,0,0
2022-12-12 15:14:00,0,0,0,0,0
2022-12-12 15:15:00,0,0,0,0,0
2022-12-12 15:16:00,0,0,0,0,0
2022-12-12 15:17:00,0,0,0,0,0
2022-12-12 15:18:00,0,0,0,0,0
2022-12-12 15:19:00,0,0,0,0,0
2022-12-12 15:20:00,0,0,0,0,0
2022-12-12 15:21:00,0,0,0,0,0
2022-12-12 15:22:00,0,0,0,0,0
2022-12-12 15:23:00,0,0,0,0,0
2022-12-12 15:24:00,0,0,0,0,0
2022-12-12 15:25:00,0,0,0,0,0
2022-12-12 15:26:00,0,0,0,0,0
2022-12-12 15:27:00,0,0,0,0,0
2022-12-12 15:28:00,0,0,0,0,0
2022-12-12 15:29:00,0,0,0,0,0
2022-12-12 15:30:00,0,0,0,0,0
2022-12-12 15:31:00,0,0,0,0,0
2022-12-12 15:32:00,0,0,0,0,0
2022-12-12 15:33:00,0,0,0,0,0
2022-12-12 15:34:00,0,0,0,0,0
2022-12-12 15:35:00,0,0,0,0,0
2022-12-12 15:36:00,0,0,0,0,0
2022-12-12 15:37:00,0,0,0,0,0
2022-12-12 15:38:00,0,0,0,0,0
2022-12-12 15:39:00,0,0,0,0,0
2022-12-12 15:40:00,0,0,0,0,0
2022-12-12 15:41:00,0,0,0,0,0
2022-12-12 15:42:00,0,0,0,0,0
2022-12-12 15:43:00,0,0,0,0,0
2022-12-12 15:44:00,0,0,0,0,0
2022-12-12 15:45:00,0,0,0,0,0
2022-12-12 15:46:00,0,0,0,0,0
2022-12-12 15:47:00,0,0,0,0,0
2022-12-12 15:48:00,0,0,0,0,0
2022-12-12 15:49:00,0,0,0,0,0
2022-12-12 15:50:00,0,0,0,0,0
2022-12-12 15:51:00,0,0,0,0,0
2022-12-12 15:52:00,0,0,0,0,0
2022-12-12 15:53:00,0,0,0,0,0
2022-12-12 15:54:00,0,0,0,0,0
2022-12-12 15:55:00,0,0,0,0,0
2022-12-12 15:56:00,0,0,0,0,0
2022-12-12 15:57:00,0,0,0,0,0
2022-12-12 15:58:00,0,0,0,0,0
2022-12-12 15:59:00,0,0,0,0,0
2022-12-13 09:00:00,7900,7900,7900,7900,0
2022-12-13 09:01:00,7900,7900,7925,7900,1700
2022-12-13 09:02:00,7900,7900,7925,7925,15200
2022-12-13 09:03:00,7925,7925,7925,7925,0
2022-12-13 09:04:00,7950,7900,7950,7925,8200
2022-12-13 09:05:00,7925,7925,7950,7950,23500
2022-12-13 09:06:00,7925,7900,7925,7925,9400
2022-12-13 09:07:00,7925,7925,7950,7950,0
2022-12-13 09:08:00,7950,7925,7950,7950,8700
2022-12-13 09:09:00,7950,7900,7950,7900,5500
2022-12-13 09:10:00,7925,7925,7925,7925,1000
2022-12-13 09:11:00,7925,7925,7950,7950,1400
2022-12-13 09:12:00,7950,7950,7975,7950,12600
2022-12-13 09:13:00,7950,7950,7975,7975,5100
2022-12-13 09:14:00,7975,7950,7975,7975,2300
2022-12-13 09:15:00,7950,7950,7975,7975,26800
2022-12-13 09:16:00,7975,7975,7975,7975,6000
2022-12-13 09:17:00,7975,7975,7975,7975,5200
2022-12-13 09:18:00,7975,7975,7975,7975,5500
2022-12-13 09:19:00,7975,7925,7975,7950,42400
2022-12-13 09:20:00,7950,7950,7950,7950,4900
2022-12-13 09:21:00,7950,7925,7950,7925,7800
2022-12-13 09:22:00,7925,7925,7950,7925,25300
2022-12-13 09:23:00,7925,7925,7925,7925,3400
2022-12-13 09:24:00,7925,7925,7925,7925,0
2022-12-13 09:25:00,7925,7900,7925,7900,1600
2022-12-13 09:26:00,7925,7925,7925,7925,1000
2022-12-13 09:27:00,7925,7925,7925,7925,1900
2022-12-13 09:28:00,7925,7925,7925,7925,900
2022-12-13 09:29:00,0,0,0,0,0
2022-12-13 09:30:00,7925,7925,7925,7925,11200
2022-12-13 09:31:00,7925,7925,7925,7925,9200
2022-12-13 09:32:00,7925,7925,7925,7925,5300
2022-12-13 09:33:00,0,0,0,0,0
2022-12-13 09:34:00,7925,7925,7925,7925,15400
2022-12-13 09:35:00,0,0,0,0,0
2022-12-13 09:36:00,7900,7900,7900,7900,2600
2022-12-13 09:37:00,0,0,0,0,0
2022-12-13 09:38:00,7925,7925,7925,7925,0
2022-12-13 09:39:00,0,0,0,0,0
2022-12-13 09:40:00,7900,7900,7900,7900,800
2022-12-13 09:41:00,7925,7900,7925,7900,12100
2022-12-13 09:42:00,7900,7900,7900,7900,400
2022-12-13 09:43:00,7925,7900,7925,7900,4000
2022-12-13 09:44:00,7900,7900,7900,7900,41600
2022-12-13 09:45:00,7900,7900,7900,7900,0
2022-12-13 09:46:00,7900,7900,7900,7900,14300
2022-12-13 09:47:00,7900,7900,7900,7900,0
2022-12-13 09:48:00,7900,7900,7900,7900,4000
2022-12-13 09:49:00,7900,7900,7900,7900,12000
2022-12-13 09:50:00,7900,7900,7900,7900,700
2022-12-13 09:51:00,0,0,0,0,0
2022-12-13 09:52:00,7925,7925,7925,7925,29900
2022-12-13 09:53:00,7925,7925,7925,7925,2100
2022-12-13 09:54:00,0,0,0,0,0
2022-12-13 09:55:00,7950,7950,7950,7950,500
2022-12-13 09:56:00,7950,7925,7950,7925,13800
2022-12-13 09:57:00,0,0,0,0,0
2022-12-13 09:58:00,7900,7900,7925,7925,1900
2022-12-13 09:59:00,7925,7925,7925,7925,8000
2022-12-13 10:00:00,0,0,0,0,0
2022-12-13 10:01:00,7925,7925,7925,7925,100
2022-12-13 10:02:00,0,0,0,0,0
2022-12-13 10:03:00,0,0,0,0,0
2022-12-13 10:04:00,7925,7925,7925,7925,100
2022-12-13 10:05:00,0,0,0,0,0
2022-12-13 10:06:00,7925,7925,7925,7925,900
2022-12-13 10:07:00,0,0,0,0,0
2022-12-13 10:08:00,7925,7925,7925,7925,600
2022-12-13 10:09:00,7900,7900,7900,7900,100
2022-12-13 10:10:00,0,0,0,0,0
2022-12-13 10:11:00,0,0,0,0,0
2022-12-13 10:12:00,7925,7925,7925,7925,14300
2022-12-13 10:13:00,7925,7925,7925,7925,200
2022-12-13 10:14:00,7925,7925,7925,7925,1900
2022-12-13 10:15:00,7950,7950,7950,7950,0
2022-12-13 10:16:00,0,0,0,0,0
2022-12-13 10:17:00,7925,7925,7925,7925,2900
2022-12-13 10:18:00,7925,7925,7925,7925,0
2022-12-13 10:19:00,7925,7925,7925,7925,0
2022-12-13 10:20:00,0,0,0,0,0
2022-12-13 10:21:00,0,0,0,0,0
2022-12-13 10:22:00,7925,7925,7925,7925,24600
2022-12-13 10:23:00,7925,7925,7925,7925,7600
2022-12-13 10:24:00,7925,7925,7925,7925,2000
2022-12-13 10:25:00,7925,7925,7925,7925,5000
2022-12-13 10:26:00,7925,7925,7925,7925,1700
2022-12-13 10:27:00,7925,7925,7950,7950,400
2022-12-13 10:28:00,0,0,0,0,0
2022-12-13 10:29:00,0,0,0,0,0
2022-12-13 10:30:00,0,0,0,0,0
2022-12-13 10:31:00,0,0,0,0,0
2022-12-13 10:32:00,7950,7950,7950,7950,3600
2022-12-13 10:33:00,0,0,0,0,0
2022-12-13 10:34:00,7925,7925,7925,7925,11000
2022-12-13 10:35:00,7925,7925,7925,7925,3400
2022-12-13 10:36:00,0,0,0,0,0
2022-12-13 10:37:00,0,0,0,0,0
2022-12-13 10:38:00,7925,7925,7925,7925,500
2022-12-13 10:39:00,7925,7925,7925,7925,11800
2022-12-13 10:40:00,7925,7925,7925,7925,0
2022-12-13 10:41:00,7925,7925,7925,7925,5200
2022-12-13 10:42:00,7925,7925,7925,7925,100
2022-12-13 10:43:00,7925,7925,7925,7925,15800
2022-12-13 10:44:00,7925,7925,7925,7925,2200
2022-12-13 10:45:00,7925,7925,7925,7925,0
2022-12-13 10:46:00,0,0,0,0,0
2022-12-13 10:47:00,0,0,0,0,0
2022-12-13 10:48:00,7925,7925,7925,7925,2000
2022-12-13 10:49:00,7950,7925,7950,7925,10500
2022-12-13 10:50:00,0,0,0,0,0
2022-12-13 10:51:00,7925,7900,7925,7900,25100
2022-12-13 10:52:00,7925,7925,7925,7925,0
2022-12-13 10:53:00,7925,7925,7925,7925,200
2022-12-13 10:54:00,7925,7925,7925,7925,100
2022-12-13 10:55:00,7925,7900,7925,7900,2700
2022-12-13 10:56:00,7925,7925,7925,7925,0
2022-12-13 10:57:00,7925,7925,7925,7925,24700
2022-12-13 10:58:00,7925,7925,7950,7925,11200
2022-12-13 10:59:00,7925,7900,7925,7900,500
2022-12-13 11:00:00,0,0,0,0,0
2022-12-13 11:01:00,0,0,0,0,0
2022-12-13 11:02:00,7925,7925,7925,7925,5600
2022-12-13 11:03:00,0,0,0,0,0
2022-12-13 11:04:00,7925,7925,7925,7925,0
2022-12-13 11:05:00,0,0,0,0,0
2022-12-13 11:06:00,0,0,0,0,0
2022-12-13 11:07:00,0,0,0,0,0
2022-12-13 11:08:00,0,0,0,0,0
2022-12-13 11:09:00,7925,7925,7925,7925,100
2022-12-13 11:10:00,0,0,0,0,0
2022-12-13 11:11:00,7925,7925,7925,7925,200
2022-12-13 11:12:00,0,0,0,0,0
2022-12-13 11:13:00,7925,7925,7925,7925,1100
2022-12-13 11:14:00,7950,7925,7950,7925,17200
2022-12-13 11:15:00,7900,7900,7925,7925,12700
2022-12-13 11:16:00,7900,7900,7900,7900,300
2022-12-13 11:17:00,7900,7900,7900,7900,300
2022-12-13 11:18:00,0,0,0,0,0
2022-12-13 11:19:00,7900,7900,7900,7900,0
2022-12-13 11:20:00,7925,7925,7925,7925,1400
2022-12-13 11:21:00,0,0,0,0,0
2022-12-13 11:22:00,7900,7900,7900,7900,0
2022-12-13 11:23:00,0,0,0,0,0
2022-12-13 11:24:00,7900,7900,7925,7925,7400
2022-12-13 11:25:00,0,0,0,0,0
2022-12-13 11:26:00,7900,7900,7925,7925,1500
2022-12-13 11:27:00,7925,7900,7925,7900,15800
2022-12-13 11:28:00,7900,7875,7900,7875,12800
2022-12-13 11:29:00,7875,7875,7875,7875,2100
2022-12-13 11:30:00,0,0,0,0,0
2022-12-13 11:31:00,0,0,0,0,0
2022-12-13 11:32:00,0,0,0,0,0
2022-12-13 11:33:00,0,0,0,0,0
2022-12-13 11:34:00,0,0,0,0,0
2022-12-13 11:35:00,0,0,0,0,0
2022-12-13 11:36:00,0,0,0,0,0
2022-12-13 11:37:00,0,0,0,0,0
2022-12-13 11:38:00,0,0,0,0,0
2022-12-13 11:39:00,0,0,0,0,0
2022-12-13 11:40:00,0,0,0,0,0
2022-12-13 11:41:00,0,0,0,0,0
2022-12-13 11:42:00,0,0,0,0,0
2022-12-13 11:43:00,0,0,0,0,0
2022-12-13 11:44:00,0,0,0,0,0
2022-12-13 11:45:00,0,0,0,0,0
2022-12-13 11:46:00,0,0,0,0,0
2022-12-13 11:47:00,0,0,0,0,0
2022-12-13 11:48:00,0,0,0,0,0
2022-12-13 11:49:00,0,0,0,0,0
2022-12-13 11:50:00,0,0,0,0,0
2022-12-13 11:51:00,0,0,0,0,0
2022-12-13 11:52:00,0,0,0,0,0
2022-12-13 11:53:00,0,0,0,0,0
2022-12-13 11:54:00,0,0,0,0,0
2022-12-13 11:55:00,0,0,0,0,0
2022-12-13 11:56:00,0,0,0,0,0
2022-12-13 11:57:00,0,0,0,0,0
2022-12-13 11:58:00,0,0,0,0,0
2022-12-13 11:59:00,0,0,0,0,0
2022-12-13 12:00:00,0,0,0,0,0
2022-12-13 12:01:00,0,0,0,0,0
2022-12-13 12:02:00,0,0,0,0,0
2022-12-13 12:03:00,0,0,0,0,0
2022-12-13 12:04:00,0,0,0,0,0
2022-12-13 12:05:00,0,0,0,0,0
2022-12-13 12:06:00,0,0,0,0,0
2022-12-13 12:07:00,0,0,0,0,0
2022-12-13 12:08:00,0,0,0,0,0
2022-12-13 12:09:00,0,0,0,0,0
2022-12-13 12:10:00,0,0,0,0,0
2022-12-13 12:11:00,0,0,0,0,0
2022-12-13 12:12:00,0,0,0,0,0
2022-12-13 12:13:00,0,0,0,0,0
2022-12-13 12:14:00,0,0,0,0,0
2022-12-13 12:15:00,0,0,0,0,0
2022-12-13 12:16:00,0,0,0,0,0
2022-12-13 12:17:00,0,0,0,0,0
2022-12-13 12:18:00,0,0,0,0,0
2022-12-13 12:19:00,0,0,0,0,0
2022-12-13 12:20:00,0,0,0,0,0
2022-12-13 12:21:00,0,0,0,0,0
2022-12-13 12:22:00,0,0,0,0,0
2022-12-13 12:23:00,0,0,0,0,0
2022-12-13 12:24:00,0,0,0,0,0
2022-12-13 12:25:00,0,0,0,0,0
2022-12-13 12:26:00,0,0,0,0,0
2022-12-13 12:27:00,0,0,0,0,0
2022-12-13 12:28:00,0,0,0,0,0
2022-12-13 12:29:00,0,0,0,0,0
2022-12-13 12:30:00,0,0,0,0,0
2022-12-13 12:31:00,0,0,0,0,0
2022-12-13 12:32:00,0,0,0,0,0
2022-12-13 12:33:00,0,0,0,0,0
2022-12-13 12:34:00,0,0,0,0,0
2022-12-13 12:35:00,0,0,0,0,0
2022-12-13 12:36:00,0,0,0,0,0
2022-12-13 12:37:00,0,0,0,0,0
2022-12-13 12:38:00,0,0,0,0,0
2022-12-13 12:39:00,0,0,0,0,0
2022-12-13 12:40:00,0,0,0,0,0
2022-12-13 12:41:00,0,0,0,0,0
2022-12-13 12:42:00,0,0,0,0,0
2022-12-13 12:43:00,0,0,0,0,0
2022-12-13 12:44:00,0,0,0,0,0
2022-12-13 12:45:00,0,0,0,0,0
2022-12-13 12:46:00,0,0,0,0,0
2022-12-13 12:47:00,0,0,0,0,0
2022-12-13 12:48:00,0,0,0,0,0
2022-12-13 12:49:00,0,0,0,0,0
2022-12-13 12:50:00,0,0,0,0,0
2022-12-13 12:51:00,0,0,0,0,0
2022-12-13 12:52:00,0,0,0,0,0
2022-12-13 12:53:00,0,0,0,0,0
2022-12-13 12:54:00,0,0,0,0,0
2022-12-13 12:55:00,0,0,0,0,0
2022-12-13 12:56:00,0,0,0,0,0
2022-12-13 12:57:00,0,0,0,0,0
2022-12-13 12:58:00,0,0,0,0,0
2022-12-13 12:59:00,0,0,0,0,0
2022-12-13 13:00:00,0,0,0,0,0
2022-12-13 13:01:00,0,0,0,0,0
2022-12-13 13:02:00,0,0,0,0,0
2022-12-13 13:03:00,0,0,0,0,0
2022-12-13 13:04:00,0,0,0,0,0
2022-12-13 13:05:00,0,0,0,0,0
2022-12-13 13:06:00,0,0,0,0,0
2022-12-13 13:07:00,0,0,0,0,0
2022-12-13 13:08:00,0,0,0,0,0
2022-12-13 13:09:00,0,0,0,0,0
2022-12-13 13:10:00,0,0,0,0,0
2022-12-13 13:11:00,0,0,0,0,0
2022-12-13 13:12:00,0,0,0,0,0
2022-12-13 13:13:00,0,0,0,0,0
2022-12-13 13:14:00,0,0,0,0,0
2022-12-13 13:15:00,0,0,0,0,0
2022-12-13 13:16:00,0,0,0,0,0
2022-12-13 13:17:00,0,0,0,0,0
2022-12-13 13:18:00,0,0,0,0,0
2022-12-13 13:19:00,0,0,0,0,0
2022-12-13 13:20:00,0,0,0,0,0
2022-12-13 13:21:00,0,0,0,0,0
2022-12-13 13:22:00,0,0,0,0,0
2022-12-13 13:23:00,0,0,0,0,0
2022-12-13 13:24:00,0,0,0,0,0
2022-12-13 13:25:00,0,0,0,0,0
2022-12-13 13:26:00,0,0,0,0,0
2022-12-13 13:27:00,0,0,0,0,0
2022-12-13 13:28:00,0,0,0,0,0
2022-12-13 13:29:00,0,0,0,0,0
2022-12-13 13:30:00,7875,7875,7900,7875,21700
2022-12-13 13:31:00,0,0,0,0,0
2022-12-13 13:32:00,7900,7900,7900,7900,300
2022-12-13 13:33:00,0,0,0,0,0
2022-12-13 13:34:00,7900,7900,7900,7900,1900
2022-12-13 13:35:00,0,0,0,0,0
2022-12-13 13:36:00,0,0,0,0,0
2022-12-13 13:37:00,7875,7875,7900,7900,19600
2022-12-13 13:38:00,0,0,0,0,0
2022-12-13 13:39:00,7875,7875,7900,7900,3700
2022-12-13 13:40:00,7875,7875,7875,7875,2100
2022-12-13 13:41:00,7875,7875,7900,7875,4200
2022-12-13 13:42:00,7900,7900,7900,7900,1200
2022-12-13 13:43:00,7900,7900,7900,7900,3600
2022-12-13 13:44:00,7900,7875,7900,7875,0
2022-12-13 13:45:00,7900,7900,7900,7900,100
2022-12-13 13:46:00,7900,7875,7900,7875,800
2022-12-13 13:47:00,7875,7875,7875,7875,1400
2022-12-13 13:48:00,0,0,0,0,0
2022-12-13 13:49:00,7875,7875,7875,7875,9100
2022-12-13 13:50:00,7875,7875,7875,7875,1200
2022-12-13 13:51:00,7875,7875,7875,7875,0
2022-12-13 13:52:00,7900,7875,7900,7875,9000
2022-12-13 13:53:00,7875,7875,7900,7900,800
2022-12-13 13:54:00,0,0,0,0,0
2022-12-13 13:55:00,0,0,0,0,0
2022-12-13 13:56:00,7900,7900,7900,7900,6500
2022-12-13 13:57:00,7900,7900,7900,7900,2500
2022-12-13 13:58:00,7900,7900,7900,7900,2300
2022-12-13 13:59:00,7875,7875,7875,7875,1300
2022-12-13 14:00:00,7875,7875,7875,7875,0
2022-12-13 14:01:00,7875,7875,7875,7875,2000
2022-12-13 14:02:00,7875,7875,7875,7875,0
2022-12-13 14:03:00,7900,7900,7900,7900,700
2022-12-13 14:04:00,7875,7875,7875,7875,3200
2022-12-13 14:05:00,7875,7875,7900,7900,0
2022-12-13 14:06:00,7875,7875,7875,7875,300
2022-12-13 14:07:00,7875,7875,7900,7900,1600
2022-12-13 14:08:00,7900,7875,7900,7900,3000
2022-12-13 14:09:00,7900,7875,7900,7900,1100
2022-12-13 14:10:00,7900,7875,7900,7900,3100
2022-12-13 14:11:00,7900,7875,7900,7875,3900
2022-12-13 14:12:00,7900,7875,7900,7875,7600
2022-12-13 14:13:00,7900,7900,7900,7900,1200
2022-12-13 14:14:00,7875,7875,7900,7900,1900
2022-12-13 14:15:00,7900,7875,7900,7875,1400
2022-12-13 14:16:00,7875,7875,7900,7900,1500
2022-12-13 14:17:00,7875,7875,7900,7900,2200
2022-12-13 14:18:00,7900,7900,7900,7900,900
2022-12-13 14:19:00,7900,7900,7900,7900,1000
2022-12-13 14:20:00,7900,7875,7900,7900,5000
2022-12-13 14:21:00,7875,7875,7900,7875,119800
2022-12-13 14:22:00,7900,7875,7900,7875,47800
2022-12-13 14:23:00,7850,7850,7850,7850,27600
2022-12-13 14:24:00,7850,7825,7850,7825,49600
2022-12-13 14:25:00,7825,7825,7850,7825,5900
2022-12-13 14:26:00,7825,7825,7850,7850,10600
2022-12-13 14:27:00,7850,7850,7850,7850,0
2022-12-13 14:28:00,0,0,0,0,0
2022-12-13 14:29:00,0,0,0,0,0
2022-12-13 14:30:00,7875,7850,7875,7850,300
2022-12-13 14:31:00,7875,7850,7875,7875,4100
2022-12-13 14:32:00,7850,7850,7875,7875,0
2022-12-13 14:33:00,7875,7875,7875,7875,32000
2022-12-13 14:34:00,7875,7875,7875,7875,19900
2022-12-13 14:35:00,7875,7875,7875,7875,0
2022-12-13 14:36:00,7875,7875,7875,7875,100
2022-12-13 14:37:00,0,0,0,0,0
2022-12-13 14:38:00,7875,7875,7875,7875,100
2022-12-13 14:39:00,7875,7875,7875,7875,1000
2022-12-13 14:40:00,7875,7875,7900,7875,8800
2022-12-13 14:41:00,7875,7875,7900,7900,5000
2022-12-13 14:42:00,7900,7875,7900,7900,2400
2022-12-13 14:43:00,7875,7875,7900,7875,6000
2022-12-13 14:44:00,7875,7875,7875,7875,3800
2022-12-13 14:45:00,7875,7875,7900,7875,2900
2022-12-13 14:46:00,7875,7875,7900,7875,3700
2022-12-13 14:47:00,7875,7875,7900,7900,7100
2022-12-13 14:48:00,7875,7875,7900,7900,1700
2022-12-13 14:49:00,7900,7875,7900,7900,17700
2022-12-13 14:50:00,0,0,0,0,0
2022-12-13 14:51:00,0,0,0,0,0
2022-12-13 14:52:00,0,0,0,0,0
2022-12-13 14:53:00,0,0,0,0,0
2022-12-13 14:54:00,0,0,0,0,0
2022-12-13 14:55:00,0,0,0,0,0
2022-12-13 14:56:00,0,0,0,0,0
2022-12-13 14:57:00,0,0,0,0,0
2022-12-13 14:58:00,0,0,0,0,0
2022-12-13 14:59:00,0,0,0,0,0
2022-12-13 15:00:00,7900,7900,7900,7900,95100
2022-12-13 15:01:00,7900,7900,7900,7900,200
2022-12-13 15:02:00,0,0,0,0,0
2022-12-13 15:03:00,0,0,0,0,0
2022-12-13 15:04:00,7900,7900,7900,7900,25100
2022-12-13 15:05:00,0,0,0,0,0
2022-12-13 15:06:00,0,0,0,0,0
2022-12-13 15:07:00,7900,7900,7900,7900,1700
2022-12-13 15:08:00,7900,7900,7900,7900,1900
2022-12-13 15:09:00,0,0,0,0,0
2022-12-13 15:10:00,0,0,0,0,0
2022-12-13 15:11:00,0,0,0,0,0
2022-12-13 15:12:00,0,0,0,0,0
2022-12-13 15:13:00,0,0,0,0,0
2022-12-13 15:14:00,7900,7900,7900,7900,1302700
2022-12-13 15:15:00,0,0,0,0,0
2022-12-13 15:16:00,0,0,0,0,0
2022-12-13 15:17:00,0,0,0,0,0
2022-12-13 15:18:00,0,0,0,0,0
2022-12-13 15:19:00,0,0,0,0,0
2022-12-13 15:20:00,0,0,0,0,0
2022-12-13 15:21:00,0,0,0,0,0
2022-12-13 15:22:00,0,0,0,0,0
2022-12-13 15:23:00,0,0,0,0,0
2022-12-13 15:24:00,0,0,0,0,0
2022-12-13 15:25:00,0,0,0,0,0
2022-12-13 15:26:00,0,0,0,0,0
2022-12-13 15:27:00,0,0,0,0,0
2022-12-13 15:28:00,0,0,0,0,0
2022-12-13 15:29:00,0,0,0,0,0
2022-12-13 15:30:00,0,0,0,0,0
2022-12-13 15:31:00,0,0,0,0,0
2022-12-13 15:32:00,0,0,0,0,0
2022-12-13 15:33:00,0,0,0,0,0
2022-12-13 15:34:00,0,0,0,0,0
2022-12-13 15:35:00,0,0,0,0,0
2022-12-13 15:36:00,0,0,0,0,0
2022-12-13 15:37:00,0,0,0,0,0
2022-12-13 15:38:00,0,0,0,0,0
2022-12-13 15:39:00,0,0,0,0,0
2022-12-13 15:40:00,0,0,0,0,0
2022-12-13 15:41:00,0,0,0,0,0
2022-12-13 15:42:00,0,0,0,0,0
2022-12-13 15:43:00,0,0,0,0,0
2022-12-13 15:44:00,0,0,0,0,0
2022-12-13 15:45:00,0,0,0,0,0
2022-12-13 15:46:00,0,0,0,0,0
2022-12-13 15:47:00,0,0,0,0,0
2022-12-13 15:48:00,0,0,0,0,0
2022-12-13 15:49:00,0,0,0,0,0
2022-12-13 15:50:00,0,0,0,0,0
2022-12-13 15:51:00,0,0,0,0,0
2022-12-13 15:52:00,0,0,0,0,0
2022-12-13 15:53:00,0,0,0,0,0
2022-12-13 15:54:00,0,0,0,0,0
2022-12-13 15:55:00,0,0,0,0,0
2022-12-13 15:56:00,0,0,0,0,0
2022-12-13 15:57:00,0,0,0,0,0
2022-12-13 15:58:00,0,0,0,0,0
2022-12-13 15:59:00,0,0,0,0,0
2022-12-14 09:00:00,7900,7900,7950,7950,0
2022-12-14 09:01:00,0,0,0,0,0
2022-12-14 09:02:00,7925,7925,7950,7925,600
2022-12-14 09:03:00,7925,7925,7925,7925,6200
2022-12-14 09:04:00,7925,7900,7925,7900,1700
2022-12-14 09:05:00,7900,7900,7900,7900,100
2022-12-14 09:06:00,7900,7900,7900,7900,900
2022-12-14 09:07:00,7900,7900,7900,7900,4800
2022-12-14 09:08:00,7900,7850,7900,7850,20400
2022-12-14 09:09:00,7850,7850,7850,7850,9000
2022-12-14 09:10:00,7825,7825,7825,7825,12000
2022-12-14 09:11:00,7825,7800,7825,7800,15600
2022-12-14 09:12:00,0,0,0,0,0
2022-12-14 09:13:00,7850,7825,7850,7825,5000
2022-12-14 09:14:00,7825,7825,7825,7825,900
2022-12-14 09:15:00,7825,7825,7850,7850,1900
2022-12-14 09:16:00,7850,7825,7850,7825,900
2022-12-14 09:17:00,7825,7825,7825,7825,300
2022-12-14 09:18:00,7825,7825,7850,7850,11900
2022-12-14 09:19:00,7850,7850,7900,7850,2300
2022-12-14 09:20:00,7850,7850,7850,7850,200
2022-12-14 09:21:00,7850,7850,7850,7850,1200
2022-12-14 09:22:00,7850,7850,7850,7850,400
2022-12-14 09:23:00,7850,7850,7850,7850,100
2022-12-14 09:24:00,7850,7850,7850,7850,1600
2022-12-14 09:25:00,7850,7850,7850,7850,2700
2022-12-14 09:26:00,7850,7850,7850,7850,200
2022-12-14 09:27:00,7850,7850,7850,7850,2200
2022-12-14 09:28:00,7850,7850,7850,7850,21900
2022-12-14 09:29:00,7850,7850,7850,7850,0
2022-12-14 09:30:00,7850,7775,7850,7775,170300
2022-12-14 09:31:00,7775,7775,7800,7800,2600
2022-12-14 09:32:00,7775,7775,7775,7775,0
2022-12-14 09:33:00,7800,7800,7800,7800,52800
2022-12-14 09:34:00,7800,7800,7800,7800,500
2022-12-14 09:35:00,7800,7800,7800,7800,2800
2022-12-14 09:36:00,7800,7800,7825,7800,4000
2022-12-14 09:37:00,7800,7800,7800,7800,300
2022-12-14 09:38:00,7825,7825,7825,7825,800
2022-12-14 09:39:00,7800,7800,7850,7850,200
2022-12-14 09:40:00,7800,7800,7850,7800,600
2022-12-14 09:41:00,7800,7800,7825,7825,800
2022-12-14 09:42:00,7800,7800,7800,7800,100
2022-12-14 09:43:00,7825,7825,7825,7825,1300
2022-12-14 09:44:00,7825,7825,7825,7825,1000
2022-12-14 09:45:00,7825,7800,7850,7825,17400
2022-12-14 09:46:00,7825,7825,7825,7825,600
2022-12-14 09:47:00,0,0,0,0,0
2022-12-14 09:48:00,7850,7850,7850,7850,21100
2022-12-14 09:49:00,7850,7850,7850,7850,1300
2022-12-14 09:50:00,7825,7825,7825,7825,0
2022-12-14 09:51:00,7825,7825,7850,7850,3000
2022-12-14 09:52:00,7850,7850,7850,7850,0
2022-12-14 09:53:00,7850,7850,7850,7850,100
2022-12-14 09:54:00,7850,7850,7850,7850,200
2022-12-14 09:55:00,7850,7850,7875,7850,89600
2022-12-14 09:56:00,7875,7875,7900,7900,2600
2022-12-14 09:57:00,7900,7900,7900,7900,8900
2022-12-14 09:58:00,7925,7900,7925,7900,400
2022-12-14 09:59:00,7900,7900,7900,7900,0
2022-12-14 10:00:00,7875,7875,7900,7875,34000
2022-12-14 10:01:00,7875,7875,7875,7875,40600
2022-12-14 10:02:00,7875,7875,7900,7900,0
2022-12-14 10:03:00,0,0,0,0,0
2022-12-14 10:04:00,7875,7850,7875,7850,12000
2022-12-14 10:05:00,7850,7850,7875,7850,1400
2022-12-14 10:06:00,7875,7875,7875,7875,35400
2022-12-14 10:07:00,7875,7850,7875,7850,300
2022-12-14 10:08:00,0,0,0,0,0
2022-12-14 10:09:00,7850,7850,7850,7850,1000
2022-12-14 10:10:00,7850,7850,7850,7850,400
2022-12-14 10:11:00,7850,7850,7875,7850,600
2022-12-14 10:12:00,7850,7850,7850,7850,1000
2022-12-14 10:13:00,7850,7850,7850,7850,8900
2022-12-14 10:14:00,7850,7850,7850,7850,700
2022-12-14 10:15:00,0,0,0,0,0
2022-12-14 10:16:00,7850,7850,7850,7850,3900
2022-12-14 10:17:00,7850,7850,7850,7850,900
2022-12-14 10:18:00,7850,7850,7850,7850,12400
2022-12-14 10:19:00,0,0,0,0,0
2022-12-14 10:20:00,7850,7850,7850,7850,0
2022-12-14 10:21:00,7875,7875,7875,7875,10100
2022-12-14 10:22:00,7875,7875,7875,7875,200
2022-12-14 10:23:00,7875,7875,7875,7875,500
2022-12-14 10:24:00,7900,7875,7900,7875,700
2022-12-14 10:25:00,0,0,0,0,0
2022-12-14 10:26:00,7875,7850,7875,7850,1500
2022-12-14 10:27:00,7850,7850,7875,7875,1300
2022-12-14 10:28:00,7850,7850,7850,7850,15500
2022-12-14 10:29:00,7850,7850,7850,7850,0
2022-12-14 10:30:00,0,0,0,0,0
2022-12-14 10:31:00,7875,7850,7875,7850,900
2022-12-14 10:32:00,7850,7850,7850,7850,700
2022-12-14 10:33:00,7850,7850,7850,7850,300
2022-12-14 10:34:00,7850,7850,7850,7850,2000
2022-12-14 10:35:00,7850,7825,7850,7850,3600
2022-12-14 10:36:00,7850,7850,7850,7850,1100
2022-12-14 10:37:00,0,0,0,0,0
2022-12-14 10:38:00,7850,7850,7850,7850,1100
2022-12-14 10:39:00,0,0,0,0,0
2022-12-14 10:40:00,7875,7825,7875,7825,2200
2022-12-14 10:41:00,7850,7825,7850,7825,500
2022-12-14 10:42:00,7850,7850,7875,7875,10700
2022-12-14 10:43:00,7850,7850,7850,7850,200
2022-12-14 10:44:00,7875,7875,7875,7875,10700
2022-12-14 10:45:00,7875,7850,7875,7850,300
2022-12-14 10:46:00,7875,7850,7900,7900,1700
2022-12-14 10:47:00,0,0,0,0,0
2022-12-14 10:48:00,0,0,0,0,0
2022-12-14 10:49:00,7900,7900,7900,7900,700
2022-12-14 10:50:00,7900,7900,7900,7900,400
2022-12-14 10:51:00,7875,7875,7875,7875,100
2022-12-14 10:52:00,7875,7875,7875,7875,300
2022-12-14 10:53:00,0,0,0,0,0
2022-12-14 10:54:00,7875,7875,7875,7875,200
2022-12-14 10:55:00,7875,7875,7875,7875,700
2022-12-14 10:56:00,7875,7875,7875,7875,4000
2022-12-14 10:57:00,7875,7875,7875,7875,35400
2022-12-14 10:58:00,0,0,0,0,0
2022-12-14 10:59:00,7900,7900,7900,7900,900
2022-12-14 11:00:00,0,0,0,0,0
2022-12-14 11:01:00,7875,7850,7900,7900,4000
2022-12-14 11:02:00,0,0,0,0,0
2022-12-14 11:03:00,7900,7900,7900,7900,300
2022-12-14 11:04:00,7900,7900,7900,7900,300
2022-12-14 11:05:00,7875,7875,7875,7875,6600
2022-12-14 11:06:00,7900,7900,7900,7900,100
2022-12-14 11:07:00,7900,7900,7900,7900,600
2022-12-14 11:08:00,7875,7875,7875,7875,900
2022-12-14 11:09:00,7875,7875,7875,7875,0
2022-12-14 11:10:00,0,0,0,0,0
2022-12-14 11:11:00,7900,7875,7900,7875,1000
2022-12-14 11:12:00,7875,7875,7900,7900,500
2022-12-14 11:13:00,7875,7875,7900,7875,500
2022-12-14 11:14:00,7900,7850,7900,7850,900
2022-12-14 11:15:00,7900,7850,7900,7850,8500
2022-12-14 11:16:00,0,0,0,0,0
2022-12-14 11:17:00,7850,7850,7850,7850,0
2022-12-14 11:18:00,0,0,0,0,0
2022-12-14 11:19:00,7850,7850,7850,7850,1200
2022-12-14 11:20:00,7850,7850,7875,7850,2400
2022-12-14 11:21:00,7850,7850,7875,7850,1700
2022-12-14 11:22:00,7850,7850,7875,7850,2300
2022-12-14 11:23:00,7850,7850,7875,7850,1900
2022-12-14 11:24:00,7850,7850,7875,7850,1800
2022-12-14 11:25:00,7850,7850,7875,7850,1900
2022-12-14 11:26:00,7850,7850,7875,7850,2000
2022-12-14 11:27:00,7875,7850,7875,7850,6700
2022-12-14 11:28:00,7850,7850,7850,7850,2200
2022-12-14 11:29:00,7850,7850,7875,7850,1200
2022-12-14 11:30:00,0,0,0,0,0
2022-12-14 11:31:00,0,0,0,0,0
2022-12-14 11:32:00,0,0,0,0,0
2022-12-14 11:33:00,0,0,0,0,0
2022-12-14 11:34:00,0,0,0,0,0
2022-12-14 11:35:00,0,0,0,0,0
2022-12-14 11:36:00,0,0,0,0,0
2022-12-14 11:37:00,0,0,0,0,0
2022-12-14 11:38:00,0,0,0,0,0
2022-12-14 11:39:00,0,0,0,0,0
2022-12-14 11:40:00,0,0,0,0,0
2022-12-14 11:41:00,0,0,0,0,0
2022-12-14 11:42:00,0,0,0,0,0
2022-12-14 11:43:00,0,0,0,0,0
2022-12-14 11:44:00,0,0,0,0,0
2022-12-14 11:45:00,0,0,0,0,0
2022-12-14 11:46:00,0,0,0,0,0
2022-12-14 11:47:00,0,0,0,0,0
2022-12-14 11:48:00,0,0,0,0,0
2022-12-14 11:49:00,0,0,0,0,0
2022-12-14 11:50:00,0,0,0,0,0
2022-12-14 11:51:00,0,0,0,0,0
2022-12-14 11:52:00,0,0,0,0,0
2022-12-14 11:53:00,0,0,0,0,0
2022-12-14 11:54:00,0,0,0,0,0
2022-12-14 11:55:00,0,0,0,0,0
2022-12-14 11:56:00,0,0,0,0,0
2022-12-14 11:57:00,0,0,0,0,0
2022-12-14 11:58:00,0,0,0,0,0
2022-12-14 11:59:00,0,0,0,0,0
2022-12-14 12:00:00,0,0,0,0,0
2022-12-14 12:01:00,0,0,0,0,0
2022-12-14 12:02:00,0,0,0,0,0
2022-12-14 12:03:00,0,0,0,0,0
2022-12-14 12:04:00,0,0,0,0,0
2022-12-14 12:05:00,0,0,0,0,0
2022-12-14 12:06:00,0,0,0,0,0
2022-12-14 12:07:00,0,0,0,0,0
2022-12-14 12:08:00,0,0,0,0,0
2022-12-14 12:09:00,0,0,0,0,0
2022-12-14 12:10:00,0,0,0,0,0
2022-12-14 12:11:00,0,0,0,0,0
2022-12-14 12:12:00,0,0,0,0,0
2022-12-14 12:13:00,0,0,0,0,0
2022-12-14 12:14:00,0,0,0,0,0
2022-12-14 12:15:00,0,0,0,0,0
2022-12-14 12:16:00,0,0,0,0,0
2022-12-14 12:17:00,0,0,0,0,0
2022-12-14 12:18:00,0,0,0,0,0
2022-12-14 12:19:00,0,0,0,0,0
2022-12-14 12:20:00,0,0,0,0,0
2022-12-14 12:21:00,0,0,0,0,0
2022-12-14 12:22:00,0,0,0,0,0
2022-12-14 12:23:00,0,0,0,0,0
2022-12-14 12:24:00,0,0,0,0,0
2022-12-14 12:25:00,0,0,0,0,0
2022-12-14 12:26:00,0,0,0,0,0
2022-12-14 12:27:00,0,0,0,0,0
2022-12-14 12:28:00,0,0,0,0,0
2022-12-14 12:29:00,0,0,0,0,0
2022-12-14 12:30:00,0,0,0,0,0
2022-12-14 12:31:00,0,0,0,0,0
2022-12-14 12:32:00,0,0,0,0,0
2022-12-14 12:33:00,0,0,0,0,0
2022-12-14 12:34:00,0,0,0,0,0
2022-12-14 12:35:00,0,0,0,0,0
2022-12-14 12:36:00,0,0,0,0,0
2022-12-14 12:37:00,0,0,0,0,0
2022-12-14 12:38:00,0,0,0,0,0
2022-12-14 12:39:00,0,0,0,0,0
2022-12-14 12:40:00,0,0,0,0,0
2022-12-14 12:41:00,0,0,0,0,0
2022-12-14 12:42:00,0,0,0,0,0
2022-12-14 12:43:00,0,0,0,0,0
2022-12-14 12:44:00,0,0,0,0,0
2022-12-14 12:45:00,0,0,0,0,0
2022-12-14 12:46:00,0,0,0,0,0
2022-12-14 12:47:00,0,0,0,0,0
2022-12-14 12:48:00,0,0,0,0,0
2022-12-14 12:49:00,0,0,0,0,0
2022-12-14 12:50:00,0,0,0,0,0
2022-12-14 12:51:00,0,0,0,0,0
2022-12-14 12:52:00,0,0,0,0,0
2022-12-14 12:53:00,0,0,0,0,0
2022-12-14 12:54:00,0,0,0,0,0
2022-12-14 12:55:00,0,0,0,0,0
2022-12-14 12:56:00,0,0,0,0,0
2022-12-14 12:57:00,0,0,0,0,0
2022-12-14 12:58:00,0,0,0,0,0
2022-12-14 12:59:00,0,0,0,0,0
2022-12-14 13:00:00,0,0,0,0,0
2022-12-14 13:01:00,0,0,0,0,0
2022-12-14 13:02:00,0,0,0,0,0
2022-12-14 13:03:00,0,0,0,0,0
2022-12-14 13:04:00,0,0,0,0,0
2022-12-14 13:05:00,0,0,0,0,0
2022-12-14 13:06:00,0,0,0,0,0
2022-12-14 13:07:00,0,0,0,0,0
2022-12-14 13:08:00,0,0,0,0,0
2022-12-14 13:09:00,0,0,0,0,0
2022-12-14 13:10:00,0,0,0,0,0
2022-12-14 13:11:00,0,0,0,0,0
2022-12-14 13:12:00,0,0,0,0,0
2022-12-14 13:13:00,0,0,0,0,0
2022-12-14 13:14:00,0,0,0,0,0
2022-12-14 13:15:00,0,0,0,0,0
2022-12-14 13:16:00,0,0,0,0,0
2022-12-14 13:17:00,0,0,0,0,0
2022-12-14 13:18:00,0,0,0,0,0
2022-12-14 13:19:00,0,0,0,0,0
2022-12-14 13:20:00,0,0,0,0,0
2022-12-14 13:21:00,0,0,0,0,0
2022-12-14 13:22:00,0,0,0,0,0
2022-12-14 13:23:00,0,0,0,0,0
2022-12-14 13:24:00,0,0,0,0,0
2022-12-14 13:25:00,0,0,0,0,0
2022-12-14 13:26:00,0,0,0,0,0
2022-12-14 13:27:00,0,0,0,0,0
2022-12-14 13:28:00,0,0,0,0,0
2022-12-14 13:29:00,0,0,0,0,0
2022-12-14 13:30:00,7850,7850,7875,7875,7400
2022-12-14 13:31:00,0,0,0,0,0
2022-12-14 13:32:00,7850,7850,7850,7850,200
2022-12-14 13:33:00,0,0,0,0,0
2022-12-14 13:34:00,7850,7850,7850,7850,5300
2022-12-14 13:35:00,7850,7850,7850,7850,1400
2022-12-14 13:36:00,0,0,0,0,0
2022-12-14 13:37:00,7850,7850,7850,7850,4500
2022-12-14 13:38:00,7850,7850,7850,7850,900
2022-12-14 13:39:00,0,0,0,0,0
2022-12-14 13:40:00,7875,7875,7875,7875,92400
2022-12-14 13:41:00,7875,7875,7875,7875,500
2022-12-14 13:42:00,0,0,0,0,0
2022-12-14 13:43:00,0,0,0,0,0
2022-12-14 13:44:00,7900,7900,7900,7900,400
2022-12-14 13:45:00,0,0,0,0,0
2022-12-14 13:46:00,7900,7900,7900,7900,500
2022-12-14 13:47:00,7875,7875,7875,7875,2600
2022-12-14 13:48:00,7900,7900,7900,7900,0
2022-12-14 13:49:00,7900,7900,7900,7900,400
2022-12-14 13:50:00,7875,7875,7875,7875,9600
2022-12-14 13:51:00,7900,7900,7900,7900,800
2022-12-14 13:52:00,7900,7875,7900,7875,1800
2022-12-14 13:53:00,7875,7875,7875,7875,200
2022-12-14 13:54:00,7875,7875,7875,7875,1800
2022-12-14 13:55:00,7875,7875,7875,7875,10600
2022-12-14 13:56:00,7900,7875,7925,7900,254100
2022-12-14 13:57:00,7925,7925,7925,7925,55700
2022-12-14 13:58:00,7925,7925,7925,7925,10800
2022-12-14 13:59:00,7925,7900,7925,7900,2000
2022-12-14 14:00:00,7900,7900,7925,7925,1100
2022-12-14 14:01:00,7900,7875,7900,7875,33200
2022-12-14 14:02:00,7875,7875,7900,7900,66300
2022-12-14 14:03:00,7900,7900,7900,7900,1000
2022-12-14 14:04:00,7900,7900,7900,7900,20900
2022-12-14 14:05:00,7900,7875,7925,7875,10400
2022-12-14 14:06:00,7875,7875,7900,7900,2300
2022-12-14 14:07:00,0,0,0,0,0
2022-12-14 14:08:00,7925,7900,7925,7900,1000
2022-12-14 14:09:00,7900,7875,7900,7900,3000
2022-12-14 14:10:00,7900,7900,7900,7900,200
2022-12-14 14:11:00,7900,7900,7900,7900,2300
2022-12-14 14:12:00,7900,7900,7900,7900,3700
2022-12-14 14:13:00,7900,7900,7925,7900,600
2022-12-14 14:14:00,7900,7900,7900,7900,3000
2022-12-14 14:15:00,7900,7900,7900,7900,5900
2022-12-14 14:16:00,7900,7900,7900,7900,300
2022-12-14 14:17:00,7900,7900,7925,7900,3900
2022-12-14 14:18:00,7900,7900,7900,7900,1300
2022-12-14 14:19:00,0,0,0,0,0
2022-12-14 14:20:00,7925,7900,7925,7900,800
2022-12-14 14:21:00,7925,7925,7925,7925,400
2022-12-14 14:22:00,7925,7900,7925,7900,400
2022-12-14 14:23:00,7925,7900,7925,7900,1300
2022-12-14 14:24:00,7925,7925,7925,7925,300
2022-12-14 14:25:00,7925,7900,7925,7900,25800
2022-12-14 14:26:00,7900,7900,7900,7900,4900
2022-12-14 14:27:00,7925,7900,7925,7900,4100
2022-12-14 14:28:00,7900,7900,7900,7900,500
2022-12-14 14:29:00,0,0,0,0,0
2022-12-14 14:30:00,7925,7900,7925,7900,1700
2022-12-14 14:31:00,7900,7900,7925,7925,2700
2022-12-14 14:32:00,7925,7925,7925,7925,200
2022-12-14 14:33:00,7900,7900,7925,7900,1700
2022-12-14 14:34:00,7900,7900,7900,7900,500
2022-12-14 14:35:00,7900,7900,7925,7900,5300
2022-12-14 14:36:00,7925,7925,7925,7925,2100
2022-12-14 14:37:00,7900,7875,7900,7900,157400
2022-12-14 14:38:00,7875,7875,7875,7875,4100
2022-12-14 14:39:00,7875,7875,7875,7875,7000
2022-12-14 14:40:00,7875,7875,7875,7875,7300
2022-12-14 14:41:00,7875,7875,7875,7875,7700
2022-12-14 14:42:00,7875,7875,7875,7875,5000
2022-12-14 14:43:00,7875,7850,7875,7875,9800
2022-12-14 14:44:00,7900,7875,7900,7875,3900
2022-12-14 14:45:00,7875,7875,7900,7900,6000
2022-12-14 14:46:00,7875,7875,7900,7875,12600
2022-12-14 14:47:00,7875,7875,7900,7900,15100
2022-12-14 14:48:00,7875,7875,7900,7875,13300
2022-12-14 14:49:00,7875,7875,7925,7925,46700
2022-12-14 14:50:00,0,0,0,0,0
2022-12-14 14:51:00,0,0,0,0,0
2022-12-14 14:52:00,0,0,0,0,0
2022-12-14 14:53:00,0,0,0,0,0
2022-12-14 14:54:00,0,0,0,0,0
2022-12-14 14:55:00,0,0,0,0,0
2022-12-14 14:56:00,0,0,0,0,0
2022-12-14 14:57:00,0,0,0,0,0
2022-12-14 14:58:00,0,0,0,0,0
2022-12-14 14:59:00,0,0,0,0,0
2022-12-14 15:00:00,7925,7925,7925,7925,172200
2022-12-14 15:01:00,0,0,0,0,0
2022-12-14 15:02:00,0,0,0,0,0
2022-12-14 15:03:00,0,0,0,0,0
2022-12-14 15:04:00,7925,7925,7925,7925,5100
2022-12-14 15:05:00,7925,7925,7925,7925,0
2022-12-14 15:06:00,0,0,0,0,0
2022-12-14 15:07:00,0,0,0,0,0
2022-12-14 15:08:00,0,0,0,0,0
2022-12-14 15:09:00,7925,7925,7925,7925,800
2022-12-14 15:10:00,7925,7925,7925,7925,9600
2022-12-14 15:11:00,7925,7925,7925,7925,0
2022-12-14 15:12:00,0,0,0,0,0
2022-12-14 15:13:00,0,0,0,0,0
2022-12-14 15:14:00,7925,7925,7925,7925,1967500
2022-12-14 15:15:00,0,0,0,0,0
2022-12-14 15:16:00,0,0,0,0,0
2022-12-14 15:17:00,0,0,0,0,0
2022-12-14 15:18:00,0,0,0,0,0
2022-12-14 15:19:00,0,0,0,0,0
2022-12-14 15:20:00,0,0,0,0,0
2022-12-14 15:21:00,0,0,0,0,0
2022-12-14 15:22:00,0,0,0,0,0
2022-12-14 15:23:00,0,0,0,0,0
2022-12-14 15:24:00,0,0,0,0,0
2022-12-14 15:25:00,0,0,0,0,0
2022-12-14 15:26:00,0,0,0,0,0
2022-12-14 15:27:00,0,0,0,0,0
2022-12-14 15:28:00,0,0,0,0,0
2022-12-14 15:29:00,0,0,0,0,0
2022-12-14 15:30:00,0,0,0,0,0
2022-12-14 15:31:00,0,0,0,0,0
2022-12-14 15:32:00,0,0,0,0,0
2022-12-14 15:33:00,0,0,0,0,0
2022-12-14 15:34:00,0,0,0,0,0
2022-12-14 15:35:00,0,0,0,0,0
2022-12-14 15:36:00,0,0,0,0,0
2022-12-14 15:37:00,0,0,0,0,0
2022-12-14 15:38:00,0,0,0,0,0
2022-12-14 15:39:00,0,0,0,0,0
2022-12-14 15:40:00,0,0,0,0,0
2022-12-14 15:41:00,0,0,0,0,0
2022-12-14 15:42:00,0,0,0,0,0
2022-12-14 15:43:00,0,0,0,0,0
2022-12-14 15:44:00,0,0,0,0,0
2022-12-14 15:45:00,0,0,0,0,0
2022-12-14 15:46:00,0,0,0,0,0
2022-12-14 15:47:00,0,0,0,0,0
2022-12-14 15:48:00,0,0,0,0,0
2022-12-14 15:49:00,0,0,0,0,0
2022-12-14 15:50:00,0,0,0,0,0
2022-12-14 15:51:00,0,0,0,0,0
2022-12-14 15:52:00,0,0,0,0,0
2022-12-14 15:53:00,0,0,0,0,0
2022-12-14 15:54:00,0,0,0,0,0
2022-12-14 15:55:00,0,0,0,0,0
2022-12-14 15:56:00,0,0,0,0,0
2022-12-14 15:57:00,0,0,0,0,0
2022-12-14 15:58:00,0,0,0,0,0
2022-12-14 15:59:00,0,0,0,0,0
2022-12-15 09:00:00,7925,7875,7925,7925,0
2022-12-15 09:01:00,7850,7850,7850,7850,0
2022-12-15 09:02:00,7825,7825,7825,7825,22700
2022-12-15 09:03:00,7850,7850,7850,7850,0
2022-12-15 09:04:00,7900,7900,7900,7900,47600
2022-12-15 09:05:00,0,0,0,0,0
2022-12-15 09:06:00,7900,7900,7900,7900,45700
2022-12-15 09:07:00,7900,7900,7900,7900,0
2022-12-15 09:08:00,7850,7850,7850,7850,0
2022-12-15 09:09:00,0,0,0,0,0
2022-12-15 09:10:00,7850,7850,7850,7850,5500
2022-12-15 09:11:00,7850,7850,7925,7925,12000
2022-12-15 09:12:00,7900,7900,7900,7900,0
2022-12-15 09:13:00,7900,7900,7925,7900,31700
2022-12-15 09:14:00,7900,7900,7925,7925,2900
2022-12-15 09:15:00,0,0,0,0,0
2022-12-15 09:16:00,7925,7925,7925,7925,8800
2022-12-15 09:17:00,7925,7925,7925,7925,0
2022-12-15 09:18:00,7925,7925,7925,7925,0
2022-12-15 09:19:00,0,0,0,0,0
2022-12-15 09:20:00,7900,7875,7900,7875,31700
2022-12-15 09:21:00,7875,7875,7925,7925,8700
2022-12-15 09:22:00,7925,7900,7925,7900,9100
2022-12-15 09:23:00,7900,7900,7925,7925,8800
2022-12-15 09:24:00,7925,7925,7925,7925,900
2022-12-15 09:25:00,0,0,0,0,0
2022-12-15 09:26:00,7950,7925,7950,7925,25000
2022-12-15 09:27:00,7925,7925,7925,7925,5100
2022-12-15 09:28:00,7950,7950,7950,7950,7400
2022-12-15 09:29:00,7950,7950,7950,7950,0
2022-12-15 09:30:00,0,0,0,0,0
2022-12-15 09:31:00,7925,7925,7925,7925,0
2022-12-15 09:32:00,0,0,0,0,0
2022-12-15 09:33:00,0,0,0,0,0
2022-12-15 09:34:00,0,0,0,0,0
2022-12-15 09:35:00,7925,7925,7925,7925,200
2022-12-15 09:36:00,7950,7950,7950,7950,400
2022-12-15 09:37:00,7950,7950,7950,7950,4800
2022-12-15 09:38:00,7950,7950,7950,7950,0
2022-12-15 09:39:00,0,0,0,0,0
2022-12-15 09:40:00,7925,7925,7925,7925,60800
2022-12-15 09:41:00,7925,7925,7925,7925,0
2022-12-15 09:42:00,7925,7925,7925,7925,600
2022-12-15 09:43:00,7925,7925,7925,7925,200
2022-12-15 09:44:00,7925,7925,7950,7950,34600
2022-12-15 09:45:00,0,0,0,0,0
2022-12-15 09:46:00,7950,7950,7950,7950,3200
2022-12-15 09:47:00,7950,7950,7950,7950,0
2022-12-15 09:48:00,0,0,0,0,0
2022-12-15 09:49:00,7950,7950,7950,7950,200
2022-12-15 09:50:00,7925,7925,7925,7925,10500
2022-12-15 09:51:00,7925,7900,7925,7900,56300
2022-12-15 09:52:00,7900,7900,7900,7900,0
2022-12-15 09:53:00,7900,7900,7900,7900,1300
2022-12-15 09:54:00,0,0,0,0,0
2022-12-15 09:55:00,7925,7925,7925,7925,100
2022-12-15 09:56:00,0,0,0,0,0
2022-12-15 09:57:00,0,0,0,0,0
2022-12-15 09:58:00,7900,7900,7900,7900,2000
2022-12-15 09:59:00,0,0,0,0,0
2022-12-15 10:00:00,7900,7900,7900,7900,0
2022-12-15 10:01:00,7900,7900,7900,7900,400
2022-12-15 10:02:00,0,0,0,0,0
2022-12-15 10:03:00,7900,7900,7925,7925,0
2022-12-15 10:04:00,0,0,0,0,0
2022-12-15 10:05:00,0,0,0,0,0
2022-12-15 10:06:00,7925,7925,7975,7950,178900
2022-12-15 10:07:00,7950,7950,7975,7975,43800
2022-12-15 10:08:00,7975,7975,7975,7975,9200
2022-12-15 10:09:00,0,0,0,0,0
2022-12-15 10:10:00,7975,7975,7975,7975,2600
2022-12-15 10:11:00,0,0,0,0,0
2022-12-15 10:12:00,7975,7975,7975,7975,15000
2022-12-15 10:13:00,7975,7975,7975,7975,6000
2022-12-15 10:14:00,7975,7975,7975,7975,10400
2022-12-15 10:15:00,7975,7950,7975,7950,700
2022-12-15 10:16:00,0,0,0,0,0
2022-12-15 10:17:00,7950,7950,7950,7950,800
2022-12-15 10:18:00,7950,7950,7950,7950,12100
2022-12-15 10:19:00,7975,7925,7975,7975,6400
2022-12-15 10:20:00,7950,7950,7950,7950,0
2022-12-15 10:21:00,7975,7950,7975,7950,300
2022-12-15 10:22:00,0,0,0,0,0
2022-12-15 10:23:00,7950,7950,7950,7950,200
2022-12-15 10:24:00,7950,7950,7950,7950,1800
2022-12-15 10:25:00,7950,7950,7950,7950,2600
2022-12-15 10:26:00,0,0,0,0,0
2022-12-15 10:27:00,7950,7950,7950,7950,0
2022-12-15 10:28:00,7925,7925,7925,7925,47200
2022-12-15 10:29:00,0,0,0,0,0
2022-12-15 10:30:00,0,0,0,0,0
2022-12-15 10:31:00,0,0,0,0,0
2022-12-15 10:32:00,0,0,0,0,0
2022-12-15 10:33:00,7925,7925,7950,7950,7000
2022-12-15 10:34:00,7925,7925,7925,7925,18300
2022-12-15 10:35:00,0,0,0,0,0
2022-12-15 10:36:00,7925,7925,7925,7925,100
2022-12-15 10:37:00,0,0,0,0,0
2022-12-15 10:38:00,0,0,0,0,0
2022-12-15 10:39:00,7925,7925,7925,7925,1100
2022-12-15 10:40:00,0,0,0,0,0
2022-12-15 10:41:00,0,0,0,0,0
2022-12-15 10:42:00,0,0,0,0,0
2022-12-15 10:43:00,0,0,0,0,0
2022-12-15 10:44:00,0,0,0,0,0
2022-12-15 10:45:00,0,0,0,0,0
2022-12-15 10:46:00,0,0,0,0,0
2022-12-15 10:47:00,7925,7925,7925,7925,10200
2022-12-15 10:48:00,0,0,0,0,0
2022-12-15 10:49:00,7900,7900,7900,7900,1400
2022-12-15 10:50:00,0,0,0,0,0
2022-12-15 10:51:00,0,0,0,0,0
2022-12-15 10:52:00,7900,7900,7925,7925,1100
2022-12-15 10:53:00,0,0,0,0,0
2022-12-15 10:54:00,0,0,0,0,0
2022-12-15 10:55:00,0,0,0,0,0
2022-12-15 10:56:00,0,0,0,0,0
2022-12-15 10:57:00,7925,7900,7925,7900,5600
2022-12-15 10:58:00,0,0,0,0,0
2022-12-15 10:59:00,7925,7900,7925,7925,1100
2022-12-15 11:00:00,0,0,0,0,0
2022-12-15 11:01:00,7900,7900,7900,7900,0
2022-12-15 11:02:00,7900,7900,7900,7900,100
2022-12-15 11:03:00,0,0,0,0,0
2022-12-15 11:04:00,0,0,0,0,0
2022-12-15 11:05:00,0,0,0,0,0
2022-12-15 11:06:00,0,0,0,0,0
2022-12-15 11:07:00,7925,7925,7925,7925,0
2022-12-15 11:08:00,0,0,0,0,0
2022-12-15 11:09:00,0,0,0,0,0
2022-12-15 11:10:00,0,0,0,0,0
2022-12-15 11:11:00,7925,7925,7925,7925,54200
2022-12-15 11:12:00,7925,7925,7925,7925,400
2022-12-15 11:13:00,0,0,0,0,0
2022-12-15 11:14:00,0,0,0,0,0
2022-12-15 11:15:00,0,0,0,0,0
2022-12-15 11:16:00,0,0,0,0,0
2022-12-15 11:17:00,0,0,0,0,0
2022-12-15 11:18:00,7925,7925,7925,7925,100
2022-12-15 11:19:00,7925,7925,7925,7925,900
2022-12-15 11:20:00,0,0,0,0,0
2022-12-15 11:21:00,0,0,0,0,0
2022-12-15 11:22:00,0,0,0,0,0
2022-12-15 11:23:00,7925,7925,7925,7925,1000
2022-12-15 11:24:00,0,0,0,0,0
2022-12-15 11:25:00,7925,7925,7925,7925,2000
2022-12-15 11:26:00,7925,7925,7925,7925,2400
2022-12-15 11:27:00,7925,7925,7925,7925,0
2022-12-15 11:28:00,0,0,0,0,0
2022-12-15 11:29:00,0,0,0,0,0
2022-12-15 11:30:00,0,0,0,0,0
2022-12-15 11:31:00,0,0,0,0,0
2022-12-15 11:32:00,0,0,0,0,0
2022-12-15 11:33:00,0,0,0,0,0
2022-12-15 11:34:00,0,0,0,0,0
2022-12-15 11:35:00,0,0,0,0,0
2022-12-15 11:36:00,0,0,0,0,0
2022-12-15 11:37:00,0,0,0,0,0
2022-12-15 11:38:00,0,0,0,0,0
2022-12-15 11:39:00,0,0,0,0,0
2022-12-15 11:40:00,0,0,0,0,0
2022-12-15 11:41:00,0,0,0,0,0
2022-12-15 11:42:00,0,0,0,0,0
2022-12-15 11:43:00,0,0,0,0,0
2022-12-15 11:44:00,0,0,0,0,0
2022-12-15 11:45:00,0,0,0,0,0
2022-12-15 11:46:00,0,0,0,0,0
2022-12-15 11:47:00,0,0,0,0,0
2022-12-15 11:48:00,0,0,0,0,0
2022-12-15 11:49:00,0,0,0,0,0
2022-12-15 11:50:00,0,0,0,0,0
2022-12-15 11:51:00,0,0,0,0,0
2022-12-15 11:52:00,0,0,0,0,0
2022-12-15 11:53:00,0,0,0,0,0
2022-12-15 11:54:00,0,0,0,0,0
2022-12-15 11:55:00,0,0,0,0,0
2022-12-15 11:56:00,0,0,0,0,0
2022-12-15 11:57:00,0,0,0,0,0
2022-12-15 11:58:00,0,0,0,0,0
2022-12-15 11:59:00,0,0,0,0,0
2022-12-15 12:00:00,0,0,0,0,0
2022-12-15 12:01:00,0,0,0,0,0
2022-12-15 12:02:00,0,0,0,0,0
2022-12-15 12:03:00,0,0,0,0,0
2022-12-15 12:04:00,0,0,0,0,0
2022-12-15 12:05:00,0,0,0,0,0
2022-12-15 12:06:00,0,0,0,0,0
2022-12-15 12:07:00,0,0,0,0,0
2022-12-15 12:08:00,0,0,0,0,0
2022-12-15 12:09:00,0,0,0,0,0
2022-12-15 12:10:00,0,0,0,0,0
2022-12-15 12:11:00,0,0,0,0,0
2022-12-15 12:12:00,0,0,0,0,0
2022-12-15 12:13:00,0,0,0,0,0
2022-12-15 12:14:00,0,0,0,0,0
2022-12-15 12:15:00,0,0,0,0,0
2022-12-15 12:16:00,0,0,0,0,0
2022-12-15 12:17:00,0,0,0,0,0
2022-12-15 12:18:00,0,0,0,0,0
2022-12-15 12:19:00,0,0,0,0,0
2022-12-15 12:20:00,0,0,0,0,0
2022-12-15 12:21:00,0,0,0,0,0
2022-12-15 12:22:00,0,0,0,0,0
2022-12-15 12:23:00,0,0,0,0,0
2022-12-15 12:24:00,0,0,0,0,0
2022-12-15 12:25:00,0,0,0,0,0
2022-12-15 12:26:00,0,0,0,0,0
2022-12-15 12:27:00,0,0,0,0,0
2022-12-15 12:28:00,0,0,0,0,0
2022-12-15 12:29:00,0,0,0,0,0
2022-12-15 12:30:00,0,0,0,0,0
2022-12-15 12:31:00,0,0,0,0,0
2022-12-15 12:32:00,0,0,0,0,0
2022-12-15 12:33:00,0,0,0,0,0
2022-12-15 12:34:00,0,0,0,0,0
2022-12-15 12:35:00,0,0,0,0,0
2022-12-15 12:36:00,0,0,0,0,0
2022-12-15 12:37:00,0,0,0,0,0
2022-12-15 12:38:00,0,0,0,0,0
2022-12-15 12:39:00,0,0,0,0,0
2022-12-15 12:40:00,0,0,0,0,0
2022-12-15 12:41:00,0,0,0,0,0
2022-12-15 12:42:00,0,0,0,0,0
2022-12-15 12:43:00,0,0,0,0,0
2022-12-15 12:44:00,0,0,0,0,0
2022-12-15 12:45:00,0,0,0,0,0
2022-12-15 12:46:00,0,0,0,0,0
2022-12-15 12:47:00,0,0,0,0,0
2022-12-15 12:48:00,0,0,0,0,0
2022-12-15 12:49:00,0,0,0,0,0
2022-12-15 12:50:00,0,0,0,0,0
2022-12-15 12:51:00,0,0,0,0,0
2022-12-15 12:52:00,0,0,0,0,0
2022-12-15 12:53:00,0,0,0,0,0
2022-12-15 12:54:00,0,0,0,0,0
2022-12-15 12:55:00,0,0,0,0,0
2022-12-15 12:56:00,0,0,0,0,0
2022-12-15 12:57:00,0,0,0,0,0
2022-12-15 12:58:00,0,0,0,0,0
2022-12-15 12:59:00,0,0,0,0,0
2022-12-15 13:00:00,0,0,0,0,0
2022-12-15 13:01:00,0,0,0,0,0
2022-12-15 13:02:00,0,0,0,0,0
2022-12-15 13:03:00,0,0,0,0,0
2022-12-15 13:04:00,0,0,0,0,0
2022-12-15 13:05:00,0,0,0,0,0
2022-12-15 13:06:00,0,0,0,0,0
2022-12-15 13:07:00,0,0,0,0,0
2022-12-15 13:08:00,0,0,0,0,0
2022-12-15 13:09:00,0,0,0,0,0
2022-12-15 13:10:00,0,0,0,0,0
2022-12-15 13:11:00,0,0,0,0,0
2022-12-15 13:12:00,0,0,0,0,0
2022-12-15 13:13:00,0,0,0,0,0
2022-12-15 13:14:00,0,0,0,0,0
2022-12-15 13:15:00,0,0,0,0,0
2022-12-15 13:16:00,0,0,0,0,0
2022-12-15 13:17:00,0,0,0,0,0
2022-12-15 13:18:00,0,0,0,0,0
2022-12-15 13:19:00,0,0,0,0,0
2022-12-15 13:20:00,0,0,0,0,0
2022-12-15 13:21:00,0,0,0,0,0
2022-12-15 13:22:00,0,0,0,0,0
2022-12-15 13:23:00,0,0,0,0,0
2022-12-15 13:24:00,0,0,0,0,0
2022-12-15 13:25:00,0,0,0,0,0
2022-12-15 13:26:00,0,0,0,0,0
2022-12-15 13:27:00,0,0,0,0,0
2022-12-15 13:28:00,0,0,0,0,0
2022-12-15 13:29:00,0,0,0,0,0
2022-12-15 13:30:00,7925,7900,7925,7925,112500
2022-12-15 13:31:00,7925,7925,7925,7925,0
2022-12-15 13:32:00,7900,7900,7900,7900,27300
2022-12-15 13:33:00,0,0,0,0,0
2022-12-15 13:34:00,0,0,0,0,0
2022-12-15 13:35:00,7900,7900,7900,7900,0
2022-12-15 13:36:00,0,0,0,0,0
2022-12-15 13:37:00,7925,7925,7925,7925,50000
2022-12-15 13:38:00,7925,7925,7925,7925,4500
2022-12-15 13:39:00,0,0,0,0,0
2022-12-15 13:40:00,0,0,0,0,0
2022-12-15 13:41:00,7925,7925,7925,7925,400
2022-12-15 13:42:00,0,0,0,0,0
2022-12-15 13:43:00,0,0,0,0,0
2022-12-15 13:44:00,0,0,0,0,0
2022-12-15 13:45:00,7925,7925,7925,7925,0
2022-12-15 13:46:00,0,0,0,0,0
2022-12-15 13:47:00,7900,7900,7900,7900,30300
2022-12-15 13:48:00,7900,7900,7900,7900,60900
2022-12-15 13:49:00,7900,7900,7900,7900,300
2022-12-15 13:50:00,7900,7900,7900,7900,0
2022-12-15 13:51:00,7900,7875,7900,7900,47900
2022-12-15 13:52:00,7900,7900,7900,7900,0
2022-12-15 13:53:00,0,0,0,0,0
2022-12-15 13:54:00,7900,7900,7900,7900,1000
2022-12-15 13:55:00,7900,7900,7900,7900,1000
2022-12-15 13:56:00,7900,7900,7900,7900,0
2022-12-15 13:57:00,7900,7900,7900,7900,19900
2022-12-15 13:58:00,7900,7900,7900,7900,0
2022-12-15 13:59:00,7900,7900,7900,7900,17500
2022-12-15 14:00:00,7900,7900,7900,7900,5100
2022-12-15 14:01:00,0,0,0,0,0
2022-12-15 14:02:00,0,0,0,0,0
2022-12-15 14:03:00,0,0,0,0,0
2022-12-15 14:04:00,0,0,0,0,0
2022-12-15 14:05:00,0,0,0,0,0
2022-12-15 14:06:00,7875,7875,7875,7875,0
2022-12-15 14:07:00,7850,7850,7850,7850,1328700
2022-12-15 14:08:00,7850,7850,7850,7850,18100
2022-12-15 14:09:00,7850,7850,7850,7850,33800
2022-12-15 14:10:00,0,0,0,0,0
2022-12-15 14:11:00,7875,7875,7875,7875,44700
2022-12-15 14:12:00,7875,7875,7875,7875,7100
2022-12-15 14:13:00,0,0,0,0,0
2022-12-15 14:14:00,0,0,0,0,0
2022-12-15 14:15:00,7875,7875,7875,7875,3500
2022-12-15 14:16:00,0,0,0,0,0
2022-12-15 14:17:00,7850,7850,7850,7850,3100
2022-12-15 14:18:00,0,0,0,0,0
2022-12-15 14:19:00,0,0,0,0,0
2022-12-15 14:20:00,0,0,0,0,0
2022-12-15 14:21:00,7875,7875,7875,7875,0
2022-12-15 14:22:00,7850,7850,7850,7850,16700
2022-12-15 14:23:00,0,0,0,0,0
2022-12-15 14:24:00,7850,7850,7850,7850,400
2022-12-15 14:25:00,7850,7850,7850,7850,1600
2022-12-15 14:26:00,0,0,0,0,0
2022-12-15 14:27:00,7850,7850,7850,7850,200
2022-12-15 14:28:00,7825,7825,7850,7850,10300
2022-12-15 14:29:00,7850,7825,7850,7850,1000
2022-12-15 14:30:00,7850,7850,7850,7850,300
2022-12-15 14:31:00,7850,7850,7850,7850,500
2022-12-15 14:32:00,7825,7825,7850,7825,4300
2022-12-15 14:33:00,7825,7825,7825,7825,5700
2022-12-15 14:34:00,7825,7825,7850,7825,6500
2022-12-15 14:35:00,7825,7825,7850,7825,26200
2022-12-15 14:36:00,7850,7850,7850,7850,0
2022-12-15 14:37:00,7825,7825,7825,7825,0
2022-12-15 14:38:00,7825,7825,7825,7825,6500
2022-12-15 14:39:00,7825,7825,7850,7850,6900
2022-12-15 14:40:00,7825,7825,7850,7825,9100
2022-12-15 14:41:00,7825,7825,7825,7825,104300
2022-12-15 14:42:00,7825,7825,7825,7825,5800
2022-12-15 14:43:00,7825,7825,7825,7825,2200
2022-12-15 14:44:00,7825,7825,7825,7825,1000
2022-12-15 14:45:00,7850,7800,7850,7800,7300
2022-12-15 14:46:00,7825,7800,7825,7825,13500
2022-12-15 14:47:00,7800,7800,7825,7800,4700
2022-12-15 14:48:00,7800,7800,7825,7800,6600
2022-12-15 14:49:00,7825,7800,7825,7825,4800
2022-12-15 14:50:00,0,0,0,0,0
2022-12-15 14:51:00,0,0,0,0,0
2022-12-15 14:52:00,0,0,0,0,0
2022-12-15 14:53:00,0,0,0,0,0
2022-12-15 14:54:00,0,0,0,0,0
2022-12-15 14:55:00,0,0,0,0,0
2022-12-15 14:56:00,0,0,0,0,0
2022-12-15 14:57:00,0,0,0,0,0
2022-12-15 14:58:00,0,0,0,0,0
2022-12-15 14:59:00,0,0,0,0,0
2022-12-15 15:00:00,7800,7800,7800,7800,127200
2022-12-15 15:01:00,7800,7800,7800,7800,43400
2022-12-15 15:02:00,0,0,0,0,0
2022-12-15 15:03:00,7800,7800,7800,7800,0
2022-12-15 15:04:00,7800,7800,7800,7800,5300
2022-12-15 15:05:00,7800,7800,7800,7800,0
2022-12-15 15:06:00,0,0,0,0,0
2022-12-15 15:07:00,7800,7800,7800,7800,100
2022-12-15 15:08:00,0,0,0,0,0
2022-12-15 15:09:00,0,0,0,0,0
2022-12-15 15:10:00,7800,7800,7800,7800,39300
2022-12-15 15:11:00,0,0,0,0,0
2022-12-15 15:12:00,7800,7800,7800,7800,1876500
2022-12-15 15:13:00,0,0,0,0,0
2022-12-15 15:14:00,0,0,0,0,0
2022-12-15 15:15:00,0,0,0,0,0
2022-12-15 15:16:00,0,0,0,0,0
2022-12-15 15:17:00,0,0,0,0,0
2022-12-15 15:18:00,0,0,0,0,0
2022-12-15 15:19:00,0,0,0,0,0
2022-12-15 15:20:00,0,0,0,0,0
2022-12-15 15:21:00,0,0,0,0,0
2022-12-15 15:22:00,0,0,0,0,0
2022-12-15 15:23:00,0,0,0,0,0
2022-12-15 15:24:00,0,0,0,0,0
2022-12-15 15:25:00,0,0,0,0,0
2022-12-15 15:26:00,0,0,0,0,0
2022-12-15 15:27:00,0,0,0,0,0
2022-12-15 15:28:00,0,0,0,0,0
2022-12-15 15:29:00,0,0,0,0,0
2022-12-15 15:30:00,0,0,0,0,0
2022-12-15 15:31:00,0,0,0,0,0
2022-12-15 15:32:00,0,0,0,0,0
2022-12-15 15:33:00,0,0,0,0,0
2022-12-15 15:34:00,0,0,0,0,0
2022-12-15 15:35:00,0,0,0,0,0
2022-12-15 15:36:00,0,0,0,0,0
2022-12-15 15:37:00,0,0,0,0,0
2022-12-15 15:38:00,0,0,0,0,0
2022-12-15 15:39:00,0,0,0,0,0
2022-12-15 15:40:00,0,0,0,0,0
2022-12-15 15:41:00,0,0,0,0,0
2022-12-15 15:42:00,0,0,0,0,0
2022-12-15 15:43:00,0,0,0,0,0
2022-12-15 15:44:00,0,0,0,0,0
2022-12-15 15:45:00,0,0,0,0,0
2022-12-15 15:46:00,0,0,0,0,0
2022-12-15 15:47:00,0,0,0,0,0
2022-12-15 15:48:00,0,0,0,0,0
2022-12-15 15:49:00,0,0,0,0,0
2022-12-15 15:50:00,0,0,0,0,0
2022-12-15 15:51:00,0,0,0,0,0
2022-12-15 15:52:00,0,0,0,0,0
2022-12-15 15:53:00,0,0,0,0,0
2022-12-15 15:54:00,0,0,0,0,0
2022-12-15 15:55:00,0,0,0,0,0
2022-12-15 15:56:00,0,0,0,0,0
2022-12-15 15:57:00,0,0,0,0,0
2022-12-15 15:58:00,0,0,0,0,0
2022-12-15 15:59:00,0,0,0,0,0
2022-12-16 09:00:00,7750,7700,7750,7700,0
2022-12-16 09:01:00,7725,7725,7725,7725,300
2022-12-16 09:02:00,7725,7725,7725,7725,25100
2022-12-16 09:03:00,7725,7700,7725,7700,24300
2022-12-16 09:04:00,7725,7700,7725,7700,1200
2022-12-16 09:05:00,7725,7700,7725,7725,11200
2022-12-16 09:06:00,7725,7725,7750,7750,9800
2022-12-16 09:07:00,7750,7725,7750,7725,6200
2022-12-16 09:08:00,7725,7725,7725,7725,1000
2022-12-16 09:09:00,7725,7725,7725,7725,1300
2022-12-16 09:10:00,7725,7725,7750,7725,14900
2022-12-16 09:11:00,7725,7725,7725,7725,600
2022-12-16 09:12:00,7725,7725,7750,7750,8900
2022-12-16 09:13:00,7725,7725,7725,7725,0
2022-12-16 09:14:00,7750,7725,7750,7725,4700
2022-12-16 09:15:00,7725,7725,7725,7725,5700
2022-12-16 09:16:00,7725,7725,7725,7725,200
2022-12-16 09:17:00,7750,7725,7750,7725,200
2022-12-16 09:18:00,7725,7725,7750,7750,1300
2022-12-16 09:19:00,7725,7725,7725,7725,0
2022-12-16 09:20:00,7750,7750,7750,7750,37300
2022-12-16 09:21:00,7775,7775,7775,7775,5100
2022-12-16 09:22:00,7775,7775,7775,7775,28200
2022-12-16 09:23:00,0,0,0,0,0
2022-12-16 09:24:00,7775,7775,7775,7775,0
2022-12-16 09:25:00,7750,7750,7750,7750,200
2022-12-16 09:26:00,7750,7750,7750,7750,400
2022-12-16 09:27:00,0,0,0,0,0
2022-12-16 09:28:00,7750,7750,7750,7750,14700
2022-12-16 09:29:00,0,0,0,0,0
2022-12-16 09:30:00,0,0,0,0,0
2022-12-16 09:31:00,0,0,0,0,0
2022-12-16 09:32:00,7750,7750,7750,7750,0
2022-12-16 09:33:00,7750,7750,7750,7750,8100
2022-12-16 09:34:00,7750,7725,7750,7725,500
2022-12-16 09:35:00,0,0,0,0,0
2022-12-16 09:36:00,7725,7725,7725,7725,100
2022-12-16 09:37:00,7750,7750,7750,7750,1400
2022-12-16 09:38:00,0,0,0,0,0
2022-12-16 09:39:00,7725,7725,7725,7725,200
2022-12-16 09:40:00,7750,7725,7750,7750,12700
2022-12-16 09:41:00,7725,7725,7725,7725,1100
2022-12-16 09:42:00,7725,7725,7725,7725,1100
2022-12-16 09:43:00,7725,7725,7750,7750,1200
2022-12-16 09:44:00,7750,7725,7750,7725,0
2022-12-16 09:45:00,7725,7725,7725,7725,100
2022-12-16 09:46:00,7725,7725,7725,7725,100
2022-12-16 09:47:00,7725,7725,7725,7725,100
2022-12-16 09:48:00,7725,7725,7725,7725,100
2022-12-16 09:49:00,7725,7725,7725,7725,4400
2022-12-16 09:50:00,7725,7725,7725,7725,30500
2022-12-16 09:51:00,7725,7725,7725,7725,3600
2022-12-16 09:52:00,7725,7725,7725,7725,8700
2022-12-16 09:53:00,7725,7725,7725,7725,1300
2022-12-16 09:54:00,7725,7725,7725,7725,1000
2022-12-16 09:55:00,7750,7725,7750,7750,28400
2022-12-16 09:56:00,0,0,0,0,0
2022-12-16 09:57:00,7750,7750,7750,7750,4700
2022-12-16 09:58:00,7750,7750,7750,7750,0
2022-12-16 09:59:00,7750,7750,7750,7750,600
2022-12-16 10:00:00,7750,7725,7750,7725,800
2022-12-16 10:01:00,7725,7725,7725,7725,1100
2022-12-16 10:02:00,7750,7750,7750,7750,5600
2022-12-16 10:03:00,7725,7725,7750,7750,12300
2022-12-16 10:04:00,0,0,0,0,0
2022-12-16 10:05:00,0,0,0,0,0
2022-12-16 10:06:00,0,0,0,0,0
2022-12-16 10:07:00,7750,7750,7750,7750,3500
2022-12-16 10:08:00,0,0,0,0,0
2022-12-16 10:09:00,7725,7725,7725,7725,400
2022-12-16 10:10:00,7725,7725,7750,7750,22600
2022-12-16 10:11:00,7750,7750,7750,7750,1800
2022-12-16 10:12:00,0,0,0,0,0
2022-12-16 10:13:00,7750,7750,7750,7750,400
2022-12-16 10:14:00,7750,7750,7750,7750,4200
2022-12-16 10:15:00,0,0,0,0,0
2022-12-16 10:16:00,7725,7725,7725,7725,0
2022-12-16 10:17:00,7750,7725,7750,7725,62700
2022-12-16 10:18:00,0,0,0,0,0
2022-12-16 10:19:00,7725,7725,7725,7725,6400
2022-12-16 10:20:00,7725,7725,7725,7725,1200
2022-12-16 10:21:00,7700,7700,7700,7700,0
2022-12-16 10:22:00,7725,7725,7725,7725,100
2022-12-16 10:23:00,7725,7725,7725,7725,8200
2022-12-16 10:24:00,7725,7700,7725,7700,0
2022-12-16 10:25:00,7700,7700,7700,7700,2400
2022-12-16 10:26:00,7700,7700,7700,7700,2200
2022-12-16 10:27:00,7700,7700,7700,7700,3000
2022-12-16 10:28:00,7700,7700,7700,7700,800
2022-12-16 10:29:00,7725,7700,7725,7725,24000
2022-12-16 10:30:00,7700,7700,7700,7700,8200
2022-12-16 10:31:00,7725,7700,7725,7725,15300
2022-12-16 10:32:00,7725,7725,7725,7725,3500
2022-12-16 10:33:00,7725,7725,7725,7725,2100
2022-12-16 10:34:00,7725,7725,7725,7725,4100
2022-12-16 10:35:00,0,0,0,0,0
2022-12-16 10:36:00,7725,7725,7725,7725,3500
2022-12-16 10:37:00,7700,7700,7700,7700,0
2022-12-16 10:38:00,0,0,0,0,0
2022-12-16 10:39:00,7725,7725,7725,7725,4200
2022-12-16 10:40:00,7725,7700,7725,7700,1500
2022-12-16 10:41:00,7725,7725,7725,7725,2300
2022-12-16 10:42:00,7725,7725,7725,7725,0
2022-12-16 10:43:00,7725,7725,7725,7725,1000
2022-12-16 10:44:00,0,0,0,0,0
2022-12-16 10:45:00,7700,7700,7700,7700,10000
2022-12-16 10:46:00,7700,7700,7700,7700,500
2022-12-16 10:47:00,7700,7700,7700,7700,2100
2022-12-16 10:48:00,7700,7700,7700,7700,400
2022-12-16 10:49:00,7700,7700,7700,7700,30300
2022-12-16 10:50:00,7700,7700,7700,7700,5100
2022-12-16 10:51:00,7725,7700,7725,7700,200
2022-12-16 10:52:00,7700,7700,7700,7700,2100
2022-12-16 10:53:00,7700,7700,7700,7700,5100
2022-12-16 10:54:00,7700,7700,7725,7700,8100
2022-12-16 10:55:00,7700,7700,7700,7700,7400
2022-12-16 10:56:00,7725,7725,7725,7725,8900
2022-12-16 10:57:00,7700,7700,7700,7700,15700
2022-12-16 10:58:00,7700,7700,7725,7725,0
2022-12-16 10:59:00,7725,7700,7725,7700,6200
2022-12-16 11:00:00,7725,7700,7725,7700,3200
2022-12-16 11:01:00,7700,7700,7700,7700,300
2022-12-16 11:02:00,7700,7700,7700,7700,4800
2022-12-16 11:03:00,7700,7700,7700,7700,0
2022-12-16 11:04:00,7700,7700,7700,7700,2100
2022-12-16 11:05:00,7700,7700,7700,7700,12000
2022-12-16 11:06:00,7700,7700,7700,7700,0
2022-12-16 11:07:00,7700,7700,7700,7700,600
2022-12-16 11:08:00,7700,7700,7725,7700,9900
2022-12-16 11:09:00,7700,7700,7700,7700,21800
2022-12-16 11:10:00,7700,7700,7725,7700,21800
2022-12-16 11:11:00,7700,7700,7700,7700,1600
2022-12-16 11:12:00,7700,7700,7725,7700,1500
2022-12-16 11:13:00,7700,7700,7700,7700,1300
2022-12-16 11:14:00,7700,7700,7700,7700,1600
2022-12-16 11:15:00,7700,7700,7700,7700,1100
2022-12-16 11:16:00,7700,7700,7700,7700,4900
2022-12-16 11:17:00,7700,7700,7700,7700,69700
2022-12-16 11:18:00,7700,7675,7700,7675,108200
2022-12-16 11:19:00,7700,7675,7700,7675,0
2022-12-16 11:20:00,7675,7675,7675,7675,1900
2022-12-16 11:21:00,7675,7675,7700,7675,2700
2022-12-16 11:22:00,7675,7675,7675,7675,900
2022-12-16 11:23:00,7700,7675,7700,7675,1100
2022-12-16 11:24:00,7675,7675,7700,7700,9600
2022-12-16 11:25:00,7675,7675,7700,7675,1100
2022-12-16 11:26:00,7675,7675,7675,7675,1800
2022-12-16 11:27:00,7675,7675,7675,7675,2800
2022-12-16 11:28:00,7675,7675,7700,7675,5200
2022-12-16 11:29:00,7675,7675,7700,7675,1500
2022-12-16 11:30:00,0,0,0,0,0
2022-12-16 11:31:00,0,0,0,0,0
2022-12-16 11:32:00,0,0,0,0,0
2022-12-16 11:33:00,0,0,0,0,0
2022-12-16 11:34:00,0,0,0,0,0
2022-12-16 11:35:00,0,0,0,0,0
2022-12-16 11:36:00,0,0,0,0,0
2022-12-16 11:37:00,0,0,0,0,0
2022-12-16 11:38:00,0,0,0,0,0
2022-12-16 11:39:00,0,0,0,0,0
2022-12-16 11:40:00,0,0,0,0,0
2022-12-16 11:41:00,0,0,0,0,0
2022-12-16 11:42:00,0,0,0,0,0
2022-12-16 11:43:00,0,0,0,0,0
2022-12-16 11:44:00,0,0,0,0,0
2022-12-16 11:45:00,0,0,0,0,0
2022-12-16 11:46:00,0,0,0,0,0
2022-12-16 11:47:00,0,0,0,0,0
2022-12-16 11:48:00,0,0,0,0,0
2022-12-16 11:49:00,0,0,0,0,0
2022-12-16 11:50:00,0,0,0,0,0
2022-12-16 11:51:00,0,0,0,0,0
2022-12-16 11:52:00,0,0,0,0,0
2022-12-16 11:53:00,0,0,0,0,0
2022-12-16 11:54:00,0,0,0,0,0
2022-12-16 11:55:00,0,0,0,0,0
2022-12-16 11:56:00,0,0,0,0,0
2022-12-16 11:57:00,0,0,0,0,0
2022-12-16 11:58:00,0,0,0,0,0
2022-12-16 11:59:00,0,0,0,0,0
2022-12-16 12:00:00,0,0,0,0,0
2022-12-16 12:01:00,0,0,0,0,0
2022-12-16 12:02:00,0,0,0,0,0
2022-12-16 12:03:00,0,0,0,0,0
2022-12-16 12:04:00,0,0,0,0,0
2022-12-16 12:05:00,0,0,0,0,0
2022-12-16 12:06:00,0,0,0,0,0
2022-12-16 12:07:00,0,0,0,0,0
2022-12-16 12:08:00,0,0,0,0,0
2022-12-16 12:09:00,0,0,0,0,0
2022-12-16 12:10:00,0,0,0,0,0
2022-12-16 12:11:00,0,0,0,0,0
2022-12-16 12:12:00,0,0,0,0,0
2022-12-16 12:13:00,0,0,0,0,0
2022-12-16 12:14:00,0,0,0,0,0
2022-12-16 12:15:00,0,0,0,0,0
2022-12-16 12:16:00,0,0,0,0,0
2022-12-16 12:17:00,0,0,0,0,0
2022-12-16 12:18:00,0,0,0,0,0
2022-12-16 12:19:00,0,0,0,0,0
2022-12-16 12:20:00,0,0,0,0,0
2022-12-16 12:21:00,0,0,0,0,0
2022-12-16 12:22:00,0,0,0,0,0
2022-12-16 12:23:00,0,0,0,0,0
2022-12-16 12:24:00,0,0,0,0,0
2022-12-16 12:25:00,0,0,0,0,0
2022-12-16 12:26:00,0,0,0,0,0
2022-12-16 12:27:00,0,0,0,0,0
2022-12-16 12:28:00,0,0,0,0,0
2022-12-16 12:29:00,0,0,0,0,0
2022-12-16 12:30:00,0,0,0,0,0
2022-12-16 12:31:00,0,0,0,0,0
2022-12-16 12:32:00,0,0,0,0,0
2022-12-16 12:33:00,0,0,0,0,0
2022-12-16 12:34:00,0,0,0,0,0
2022-12-16 12:35:00,0,0,0,0,0
2022-12-16 12:36:00,0,0,0,0,0
2022-12-16 12:37:00,0,0,0,0,0
2022-12-16 12:38:00,0,0,0,0,0
2022-12-16 12:39:00,0,0,0,0,0
2022-12-16 12:40:00,0,0,0,0,0
2022-12-16 12:41:00,0,0,0,0,0
2022-12-16 12:42:00,0,0,0,0,0
2022-12-16 12:43:00,0,0,0,0,0
2022-12-16 12:44:00,0,0,0,0,0
2022-12-16 12:45:00,0,0,0,0,0
2022-12-16 12:46:00,0,0,0,0,0
2022-12-16 12:47:00,0,0,0,0,0
2022-12-16 12:48:00,0,0,0,0,0
2022-12-16 12:49:00,0,0,0,0,0
2022-12-16 12:50:00,0,0,0,0,0
2022-12-16 12:51:00,0,0,0,0,0
2022-12-16 12:52:00,0,0,0,0,0
2022-12-16 12:53:00,0,0,0,0,0
2022-12-16 12:54:00,0,0,0,0,0
2022-12-16 12:55:00,0,0,0,0,0
2022-12-16 12:56:00,0,0,0,0,0
2022-12-16 12:57:00,0,0,0,0,0
2022-12-16 12:58:00,0,0,0,0,0
2022-12-16 12:59:00,0,0,0,0,0
2022-12-16 13:00:00,0,0,0,0,0
2022-12-16 13:01:00,0,0,0,0,0
2022-12-16 13:02:00,0,0,0,0,0
2022-12-16 13:03:00,0,0,0,0,0
2022-12-16 13:04:00,0,0,0,0,0
2022-12-16 13:05:00,0,0,0,0,0
2022-12-16 13:06:00,0,0,0,0,0
2022-12-16 13:07:00,0,0,0,0,0
2022-12-16 13:08:00,0,0,0,0,0
2022-12-16 13:09:00,0,0,0,0,0
2022-12-16 13:10:00,0,0,0,0,0
2022-12-16 13:11:00,0,0,0,0,0
2022-12-16 13:12:00,0,0,0,0,0
2022-12-16 13:13:00,0,0,0,0,0
2022-12-16 13:14:00,0,0,0,0,0
2022-12-16 13:15:00,0,0,0,0,0
2022-12-16 13:16:00,0,0,0,0,0
2022-12-16 13:17:00,0,0,0,0,0
2022-12-16 13:18:00,0,0,0,0,0
2022-12-16 13:19:00,0,0,0,0,0
2022-12-16 13:20:00,0,0,0,0,0
2022-12-16 13:21:00,0,0,0,0,0
2022-12-16 13:22:00,0,0,0,0,0
2022-12-16 13:23:00,0,0,0,0,0
2022-12-16 13:24:00,0,0,0,0,0
2022-12-16 13:25:00,0,0,0,0,0
2022-12-16 13:26:00,0,0,0,0,0
2022-12-16 13:27:00,0,0,0,0,0
2022-12-16 13:28:00,0,0,0,0,0
2022-12-16 13:29:00,0,0,0,0,0
2022-12-16 13:30:00,7700,7675,7700,7700,21900
2022-12-16 13:31:00,7725,7725,7725,7725,0
2022-12-16 13:32:00,0,0,0,0,0
2022-12-16 13:33:00,7725,7700,7725,7725,998500
2022-12-16 13:34:00,0,0,0,0,0
2022-12-16 13:35:00,7725,7725,7725,7725,600
2022-12-16 13:36:00,7700,7700,7725,7725,12000
2022-12-16 13:37:00,7725,7725,7725,7725,100
2022-12-16 13:38:00,0,0,0,0,0
2022-12-16 13:39:00,7700,7700,7725,7725,2200
2022-12-16 13:40:00,7725,7725,7725,7725,16300
2022-12-16 13:41:00,7725,7725,7725,7725,0
2022-12-16 13:42:00,7700,7700,7700,7700,0
2022-12-16 13:43:00,7725,7700,7725,7700,13200
2022-12-16 13:44:00,0,0,0,0,0
2022-12-16 13:45:00,7700,7700,7725,7725,3000
2022-12-16 13:46:00,7725,7700,7725,7700,2400
2022-12-16 13:47:00,7700,7700,7700,7700,0
2022-12-16 13:48:00,7700,7700,7725,7725,800
2022-12-16 13:49:00,7700,7700,7700,7700,800
2022-12-16 13:50:00,7700,7700,7725,7725,19200
2022-12-16 13:51:00,7700,7700,7700,7700,0
2022-12-16 13:52:00,7700,7700,7725,7700,4800
2022-12-16 13:53:00,7700,7700,7725,7725,39700
2022-12-16 13:54:00,7725,7725,7750,7750,25400
2022-12-16 13:55:00,7725,7725,7725,7725,200
2022-12-16 13:56:00,0,0,0,0,0
2022-12-16 13:57:00,7750,7750,7750,7750,1800
2022-12-16 13:58:00,0,0,0,0,0
2022-12-16 13:59:00,0,0,0,0,0
2022-12-16 14:00:00,0,0,0,0,0
2022-12-16 14:01:00,0,0,0,0,0
2022-12-16 14:02:00,0,0,0,0,0
2022-12-16 14:03:00,7725,7725,7725,7725,23800
2022-12-16 14:04:00,7700,7700,7700,7700,0
2022-12-16 14:05:00,7725,7725,7725,7725,500
2022-12-16 14:06:00,7725,7725,7725,7725,200
2022-12-16 14:07:00,7725,7725,7725,7725,4500
2022-12-16 14:08:00,7725,7700,7725,7700,1300
2022-12-16 14:09:00,7700,7700,7700,7700,1800
2022-12-16 14:10:00,7700,7700,7700,7700,0
2022-12-16 14:11:00,7700,7700,7725,7700,300
2022-12-16 14:12:00,7700,7700,7700,7700,2100
2022-12-16 14:13:00,7700,7700,7725,7725,28700
2022-12-16 14:14:00,7700,7700,7700,7700,0
2022-12-16 14:15:00,7725,7725,7725,7725,100
2022-12-16 14:16:00,7725,7700,7725,7725,1600
2022-12-16 14:17:00,7725,7700,7725,7725,800
2022-12-16 14:18:00,7700,7700,7725,7725,7100
2022-12-16 14:19:00,7700,7700,7700,7700,1200
2022-12-16 14:20:00,7700,7700,7725,7725,500
2022-12-16 14:21:00,7725,7725,7725,7725,6300
2022-12-16 14:22:00,7725,7725,7725,7725,0
2022-12-16 14:23:00,7700,7700,7725,7700,5700
2022-12-16 14:24:00,7700,7700,7700,7700,400
2022-12-16 14:25:00,7700,7700,7725,7725,26800
2022-12-16 14:26:00,0,0,0,0,0
2022-12-16 14:27:00,7725,7700,7725,7725,1100
2022-12-16 14:28:00,7700,7700,7700,7700,300
2022-12-16 14:29:00,7700,7700,7725,7700,1800
2022-12-16 14:30:00,7700,7700,7700,7700,800
2022-12-16 14:31:00,7700,7700,7725,7725,8200
2022-12-16 14:32:00,7700,7700,7725,7700,5100
2022-12-16 14:33:00,7725,7725,7750,7750,15700
2022-12-16 14:34:00,7725,7725,7725,7725,2900
2022-12-16 14:35:00,0,0,0,0,0
2022-12-16 14:36:00,7725,7725,7750,7750,0
2022-12-16 14:37:00,7750,7750,7750,7750,100
2022-12-16 14:38:00,7750,7750,7750,7750,200
2022-12-16 14:39:00,7750,7725,7750,7725,5100
2022-12-16 14:40:00,7750,7750,7750,7750,26400
2022-12-16 14:41:00,0,0,0,0,0
2022-12-16 14:42:00,7725,7725,7725,7725,0
2022-12-16 14:43:00,7725,7725,7725,7725,6700
2022-12-16 14:44:00,7725,7725,7725,7725,1900
2022-12-16 14:45:00,7725,7725,7750,7725,12400
2022-12-16 14:46:00,7725,7725,7750,7725,1600
2022-12-16 14:47:00,7725,7725,7750,7725,27500
2022-12-16 14:48:00,7725,7725,7725,7725,3400
2022-12-16 14:49:00,7725,7725,7750,7725,3700
2022-12-16 14:50:00,0,0,0,0,0
2022-12-16 14:51:00,0,0,0,0,0
2022-12-16 14:52:00,0,0,0,0,0
2022-12-16 14:53:00,0,0,0,0,0
2022-12-16 14:54:00,0,0,0,0,0
2022-12-16 14:55:00,0,0,0,0,0
2022-12-16 14:56:00,0,0,0,0,0
2022-12-16 14:57:00,0,0,0,0,0
2022-12-16 14:58:00,0,0,0,0,0
2022-12-16 14:59:00,0,0,0,0,0
2022-12-16 15:00:00,7825,7825,7825,7825,608600
2022-12-16 15:01:00,0,0,0,0,0
2022-12-16 15:02:00,7825,7825,7825,7825,105000
2022-12-16 15:03:00,7825,7825,7825,7825,0
2022-12-16 15:04:00,7825,7825,7825,7825,1000
2022-12-16 15:05:00,7825,7825,7825,7825,39800
2022-12-16 15:06:00,7825,7825,7825,7825,0
2022-12-16 15:07:00,7825,7825,7825,7825,24800
2022-12-16 15:08:00,0,0,0,0,0
2022-12-16 15:09:00,0,0,0,0,0
2022-12-16 15:10:00,7825,7825,7825,7825,2000
2022-12-16 15:11:00,0,0,0,0,0
2022-12-16 15:12:00,7825,7825,7825,7825,400
2022-12-16 15:13:00,0,0,0,0,0
2022-12-16 15:14:00,7825,7825,7825,7825,2132500
2022-12-16 15:15:00,0,0,0,0,0
2022-12-16 15:16:00,0,0,0,0,0
2022-12-16 15:17:00,0,0,0,0,0
2022-12-16 15:18:00,0,0,0,0,0
2022-12-16 15:19:00,0,0,0,0,0
2022-12-16 15:20:00,0,0,0,0,0
2022-12-16 15:21:00,0,0,0,0,0
2022-12-16 15:22:00,0,0,0,0,0
2022-12-16 15:23:00,0,0,0,0,0
2022-12-16 15:24:00,0,0,0,0,0
2022-12-16 15:25:00,0,0,0,0,0
2022-12-16 15:26:00,0,0,0,0,0
2022-12-16 15:27:00,0,0,0,0,0
2022-12-16 15:28:00,0,0,0,0,0
2022-12-16 15:29:00,0,0,0,0,0
2022-12-16 15:30:00,0,0,0,0,0
2022-12-16 15:31:00,0,0,0,0,0
2022-12-16 15:32:00,0,0,0,0,0
2022-12-16 15:33:00,0,0,0,0,0
2022-12-16 15:34:00,0,0,0,0,0
2022-12-16 15:35:00,0,0,0,0,0
2022-12-16 15:36:00,0,0,0,0,0
2022-12-16 15:37:00,0,0,0,0,0
2022-12-16 15:38:00,0,0,0,0,0
2022-12-16 15:39:00,0,0,0,0,0
2022-12-16 15:40:00,0,0,0,0,0
2022-12-16 15:41:00,0,0,0,0,0
2022-12-16 15:42:00,0,0,0,0,0
2022-12-16 15:43:00,0,0,0,0,0
2022-12-16 15:44:00,0,0,0,0,0
2022-12-16 15:45:00,0,0,0,0,0
2022-12-16 15:46:00,0,0,0,0,0
2022-12-16 15:47:00,0,0,0,0,0
2022-12-16 15:48:00,0,0,0,0,0
2022-12-16 15:49:00,0,0,0,0,0
2022-12-16 15:50:00,0,0,0,0,0
2022-12-16 15:51:00,0,0,0,0,0
2022-12-16 15:52:00,0,0,0,0,0
2022-12-16 15:53:00,0,0,0,0,0
2022-12-16 15:54:00,0,0,0,0,0
2022-12-16 15:55:00,0,0,0,0,0
2022-12-16 15:56:00,0,0,0,0,0
2022-12-16 15:57:00,0,0,0,0,0
2022-12-16 15:58:00,0,0,0,0,0
2022-12-16 15:59:00,0,0,0,0,0
2022-12-19 09:00:00,7850,7825,7875,7850,0
2022-12-19 09:01:00,7825,7825,7825,7825,6600
2022-12-19 09:02:00,7825,7825,7825,7825,11300
2022-12-19 09:03:00,7825,7800,7825,7800,6000
2022-12-19 09:04:00,7800,7800,7825,7825,24100
2022-12-19 09:05:00,7800,7800,7825,7825,11000
2022-12-19 09:06:00,7825,7825,7825,7825,600
2022-12-19 09:07:00,7825,7825,7825,7825,5400
2022-12-19 09:08:00,7800,7800,7800,7800,900
2022-12-19 09:09:00,0,0,0,0,0
2022-12-19 09:10:00,7800,7800,7800,7800,1600
2022-12-19 09:11:00,7800,7800,7800,7800,0
2022-12-19 09:12:00,7800,7800,7825,7800,900
2022-12-19 09:13:00,7825,7800,7825,7800,7400
2022-12-19 09:14:00,7800,7800,7825,7800,3500
2022-12-19 09:15:00,7800,7800,7825,7800,6700
2022-12-19 09:16:00,7800,7800,7825,7825,4100
2022-12-19 09:17:00,0,0,0,0,0
2022-12-19 09:18:00,7825,7825,7825,7825,4300
2022-12-19 09:19:00,7825,7825,7825,7825,11400
2022-12-19 09:20:00,0,0,0,0,0
2022-12-19 09:21:00,7825,7825,7825,7825,2400
2022-12-19 09:22:00,7825,7825,7825,7825,0
2022-12-19 09:23:00,0,0,0,0,0
2022-12-19 09:24:00,7825,7825,7825,7825,2200
2022-12-19 09:25:00,7825,7800,7825,7800,3600
2022-12-19 09:26:00,7800,7800,7825,7825,2600
2022-12-19 09:27:00,7825,7825,7825,7825,200
2022-12-19 09:28:00,7825,7825,7825,7825,900
2022-12-19 09:29:00,7825,7825,7825,7825,1500
2022-12-19 09:30:00,7825,7825,7825,7825,0
2022-12-19 09:31:00,7825,7800,7825,7800,26000
2022-12-19 09:32:00,7800,7800,7800,7800,900
2022-12-19 09:33:00,7800,7800,7800,7800,0
2022-12-19 09:34:00,7800,7800,7825,7825,6600
2022-12-19 09:35:00,7800,7800,7800,7800,200
2022-12-19 09:36:00,7800,7800,7800,7800,200
2022-12-19 09:37:00,7800,7800,7800,7800,200
2022-12-19 09:38:00,7825,7825,7825,7825,0
2022-12-19 09:39:00,0,0,0,0,0
2022-12-19 09:40:00,0,0,0,0,0
2022-12-19 09:41:00,0,0,0,0,0
2022-12-19 09:42:00,7825,7825,7825,7825,200
2022-12-19 09:43:00,7800,7800,7800,7800,300
2022-12-19 09:44:00,7800,7800,7825,7825,100
2022-12-19 09:45:00,7800,7800,7800,7800,3100
2022-12-19 09:46:00,7825,7825,7825,7825,0
2022-12-19 09:47:00,0,0,0,0,0
2022-12-19 09:48:00,0,0,0,0,0
2022-12-19 09:49:00,7825,7825,7825,7825,0
2022-12-19 09:50:00,7825,7825,7825,7825,200
2022-12-19 09:51:00,7800,7800,7800,7800,1400
2022-12-19 09:52:00,7800,7800,7800,7800,5200
2022-12-19 09:53:00,7800,7800,7800,7800,6400
2022-12-19 09:54:00,7800,7800,7800,7800,1000
2022-12-19 09:55:00,0,0,0,0,0
2022-12-19 09:56:00,0,0,0,0,0
2022-12-19 09:57:00,7825,7800,7825,7800,800
2022-12-19 09:58:00,7800,7800,7800,7800,100
2022-12-19 09:59:00,0,0,0,0,0
2022-12-19 10:00:00,7825,7775,7825,7800,78600
2022-12-19 10:01:00,7800,7800,7800,7800,2400
2022-12-19 10:02:00,7775,7775,7800,7775,25900
2022-12-19 10:03:00,7800,7750,7800,7750,32800
2022-12-19 10:04:00,7775,7775,7775,7775,0
2022-12-19 10:05:00,7750,7750,7775,7775,700
2022-12-19 10:06:00,7750,7725,7750,7725,73000
2022-12-19 10:07:00,7750,7725,7750,7750,5500
2022-12-19 10:08:00,7750,7750,7750,7750,400
2022-12-19 10:09:00,7750,7725,7750,7725,3700
2022-12-19 10:10:00,7725,7725,7750,7750,4300
2022-12-19 10:11:00,7750,7725,7750,7725,20800
2022-12-19 10:12:00,7750,7725,7750,7725,3300
2022-12-19 10:13:00,7750,7750,7750,7750,0
2022-12-19 10:14:00,7725,7725,7750,7725,8000
2022-12-19 10:15:00,7725,7725,7725,7725,0
2022-12-19 10:16:00,7750,7725,7750,7750,8500
2022-12-19 10:17:00,7750,7750,7750,7750,700
2022-12-19 10:18:00,0,0,0,0,0
2022-12-19 10:19:00,0,0,0,0,0
2022-12-19 10:20:00,7750,7750,7750,7750,0
2022-12-19 10:21:00,7750,7750,7775,7775,1100
2022-12-19 10:22:00,0,0,0,0,0
2022-12-19 10:23:00,0,0,0,0,0
2022-12-19 10:24:00,7750,7750,7750,7750,500
2022-12-19 10:25:00,7750,7750,7750,7750,300
2022-12-19 10:26:00,0,0,0,0,0
2022-12-19 10:27:00,7750,7750,7750,7750,200
2022-12-19 10:28:00,7750,7725,7750,7750,6900
2022-12-19 10:29:00,0,0,0,0,0
2022-12-19 10:30:00,7725,7725,7725,7725,100
2022-12-19 10:31:00,7725,7725,7725,7725,400
2022-12-19 10:32:00,0,0,0,0,0
2022-12-19 10:33:00,7725,7725,7750,7750,300
2022-12-19 10:34:00,7725,7725,7725,7725,1100
2022-12-19 10:35:00,7725,7725,7750,7725,6800
2022-12-19 10:36:00,7725,7725,7725,7725,0
2022-12-19 10:37:00,0,0,0,0,0
2022-12-19 10:38:00,0,0,0,0,0
2022-12-19 10:39:00,7725,7725,7725,7725,500
2022-12-19 10:40:00,7725,7725,7725,7725,1000
2022-12-19 10:41:00,7725,7725,7725,7725,0
2022-12-19 10:42:00,7750,7725,7750,7725,2900
2022-12-19 10:43:00,0,0,0,0,0
2022-12-19 10:44:00,7725,7725,7750,7750,600
2022-12-19 10:45:00,0,0,0,0,0
2022-12-19 10:46:00,7725,7725,7725,7725,6000
2022-12-19 10:47:00,7725,7725,7725,7725,300
2022-12-19 10:48:00,7725,7725,7725,7725,300
2022-12-19 10:49:00,7725,7725,7725,7725,100
2022-12-19 10:50:00,0,0,0,0,0
2022-12-19 10:51:00,7725,7725,7725,7725,1000
2022-12-19 10:52:00,7725,7725,7750,7725,3800
2022-12-19 10:53:00,7725,7725,7725,7725,1000
2022-12-19 10:54:00,7725,7725,7725,7725,0
2022-12-19 10:55:00,7725,7725,7725,7725,2100
2022-12-19 10:56:00,7750,7725,7750,7750,9000
2022-12-19 10:57:00,7725,7725,7750,7750,0
2022-12-19 10:58:00,7750,7750,7750,7750,200
2022-12-19 10:59:00,7750,7725,7750,7725,1500
2022-12-19 11:00:00,7750,7725,7750,7725,400
2022-12-19 11:01:00,7725,7725,7750,7750,1200
2022-12-19 11:02:00,7725,7725,7750,7725,6400
2022-12-19 11:03:00,0,0,0,0,0
2022-12-19 11:04:00,7725,7725,7725,7725,700
2022-12-19 11:05:00,7750,7725,7750,7725,1900
2022-12-19 11:06:00,0,0,0,0,0
2022-12-19 11:07:00,7725,7725,7750,7750,0
2022-12-19 11:08:00,7725,7725,7725,7725,1800
2022-12-19 11:09:00,7725,7725,7750,7725,500
2022-12-19 11:10:00,0,0,0,0,0
2022-12-19 11:11:00,7725,7725,7750,7750,900
2022-12-19 11:12:00,7725,7725,7750,7725,1700
2022-12-19 11:13:00,7750,7725,7750,7725,1500
2022-12-19 11:14:00,7725,7725,7750,7725,200
2022-12-19 11:15:00,7725,7725,7725,7725,2100
2022-12-19 11:16:00,7750,7725,7750,7725,6100
2022-12-19 11:17:00,7750,7725,7750,7725,5600
2022-12-19 11:18:00,7750,7725,7750,7725,600
2022-12-19 11:19:00,7725,7725,7725,7725,38800
2022-12-19 11:20:00,7725,7725,7725,7725,700
2022-12-19 11:21:00,0,0,0,0,0
2022-12-19 11:22:00,7725,7725,7725,7725,2000
2022-12-19 11:23:00,7725,7725,7725,7725,900
2022-12-19 11:24:00,7725,7725,7725,7725,0
2022-12-19 11:25:00,0,0,0,0,0
2022-12-19 11:26:00,0,0,0,0,0
2022-12-19 11:27:00,7700,7700,7725,7725,6700
2022-12-19 11:28:00,7725,7700,7725,7725,200
2022-12-19 11:28:56,7725,7725,7725,7725,0
2022-12-19 11:29:00,0,0,0,0,0
2022-12-19 11:30:00,0,0,0,0,0
2022-12-19 11:31:00,0,0,0,0,0
2022-12-19 11:32:00,0,0,0,0,0
2022-12-19 11:33:00,0,0,0,0,0
2022-12-19 11:34:00,0,0,0,0,0
2022-12-19 11:35:00,0,0,0,0,0
2022-12-19 11:36:00,0,0,0,0,0
2022-12-19 11:37:00,0,0,0,0,0
2022-12-19 11:38:00,0,0,0,0,0
2022-12-19 11:39:00,0,0,0,0,0
2022-12-19 11:40:00,0,0,0,0,0
2022-12-19 11:41:00,0,0,0,0,0
2022-12-19 11:42:00,0,0,0,0,0
2022-12-19 11:43:00,0,0,0,0,0
2022-12-19 11:44:00,0,0,0,0,0
2022-12-19 11:45:00,0,0,0,0,0
2022-12-19 11:46:00,0,0,0,0,0
2022-12-19 11:47:00,0,0,0,0,0
2022-12-19 11:48:00,0,0,0,0,0
2022-12-19 11:49:00,0,0,0,0,0
2022-12-19 11:50:00,0,0,0,0,0
2022-12-19 11:51:00,0,0,0,0,0
2022-12-19 11:52:00,0,0,0,0,0
2022-12-19 11:53:00,0,0,0,0,0
2022-12-19 11:54:00,0,0,0,0,0
2022-12-19 11:55:00,0,0,0,0,0
2022-12-19 11:56:00,0,0,0,0,0
2022-12-19 11:57:00,0,0,0,0,0
2022-12-19 11:58:00,0,0,0,0,0
2022-12-19 11:59:00,0,0,0,0,0
2022-12-19 12:00:00,0,0,0,0,0
2022-12-19 12:01:00,0,0,0,0,0
2022-12-19 12:02:00,0,0,0,0,0
2022-12-19 12:03:00,0,0,0,0,0
2022-12-19 12:04:00,0,0,0,0,0
2022-12-19 12:05:00,0,0,0,0,0
2022-12-19 12:06:00,0,0,0,0,0
2022-12-19 12:07:00,0,0,0,0,0
2022-12-19 12:08:00,0,0,0,0,0
2022-12-19 12:09:00,0,0,0,0,0
2022-12-19 12:10:00,0,0,0,0,0
2022-12-19 12:11:00,0,0,0,0,0
2022-12-19 12:12:00,0,0,0,0,0
2022-12-19 12:13:00,0,0,0,0,0
2022-12-19 12:14:00,0,0,0,0,0
2022-12-19 12:15:00,0,0,0,0,0
2022-12-19 12:16:00,0,0,0,0,0
2022-12-19 12:17:00,0,0,0,0,0
2022-12-19 12:18:00,0,0,0,0,0
2022-12-19 12:19:00,0,0,0,0,0
2022-12-19 12:20:00,0,0,0,0,0
2022-12-19 12:21:00,0,0,0,0,0
2022-12-19 12:22:00,0,0,0,0,0
2022-12-19 12:23:00,0,0,0,0,0
2022-12-19 12:24:00,0,0,0,0,0
2022-12-19 12:25:00,0,0,0,0,0
2022-12-19 12:26:00,0,0,0,0,0
2022-12-19 12:27:00,0,0,0,0,0
2022-12-19 12:28:00,0,0,0,0,0
2022-12-19 12:29:00,0,0,0,0,0
2022-12-19 12:30:00,0,0,0,0,0
2022-12-19 12:31:00,0,0,0,0,0
2022-12-19 12:32:00,0,0,0,0,0
2022-12-19 12:33:00,0,0,0,0,0
2022-12-19 12:34:00,0,0,0,0,0
2022-12-19 12:35:00,0,0,0,0,0
2022-12-19 12:36:00,0,0,0,0,0
2022-12-19 12:37:00,0,0,0,0,0
2022-12-19 12:38:00,0,0,0,0,0
2022-12-19 12:39:00,0,0,0,0,0
2022-12-19 12:40:00,0,0,0,0,0
2022-12-19 12:41:00,0,0,0,0,0
2022-12-19 12:42:00,0,0,0,0,0
2022-12-19 12:43:00,0,0,0,0,0
2022-12-19 12:44:00,0,0,0,0,0
2022-12-19 12:45:00,0,0,0,0,0
2022-12-19 12:46:00,0,0,0,0,0
2022-12-19 12:47:00,0,0,0,0,0
2022-12-19 12:48:00,0,0,0,0,0
2022-12-19 12:49:00,0,0,0,0,0
2022-12-19 12:50:00,0,0,0,0,0
2022-12-19 12:51:00,0,0,0,0,0
2022-12-19 12:52:00,0,0,0,0,0
2022-12-19 12:53:00,0,0,0,0,0
2022-12-19 12:54:00,0,0,0,0,0
2022-12-19 12:55:00,0,0,0,0,0
2022-12-19 12:56:00,0,0,0,0,0
2022-12-19 12:57:00,0,0,0,0,0
2022-12-19 12:58:00,0,0,0,0,0
2022-12-19 12:59:00,0,0,0,0,0
2022-12-19 13:00:00,0,0,0,0,0
2022-12-19 13:01:00,0,0,0,0,0
2022-12-19 13:02:00,0,0,0,0,0
2022-12-19 13:03:00,0,0,0,0,0
2022-12-19 13:04:00,0,0,0,0,0
2022-12-19 13:05:00,0,0,0,0,0
2022-12-19 13:06:00,0,0,0,0,0
2022-12-19 13:07:00,0,0,0,0,0
2022-12-19 13:08:00,0,0,0,0,0
2022-12-19 13:09:00,0,0,0,0,0
2022-12-19 13:10:00,0,0,0,0,0
2022-12-19 13:11:00,0,0,0,0,0
2022-12-19 13:12:00,0,0,0,0,0
2022-12-19 13:13:00,0,0,0,0,0
2022-12-19 13:14:00,0,0,0,0,0
2022-12-19 13:15:00,0,0,0,0,0
2022-12-19 13:16:00,0,0,0,0,0
2022-12-19 13:17:00,0,0,0,0,0
2022-12-19 13:18:00,0,0,0,0,0
2022-12-19 13:19:00,0,0,0,0,0
2022-12-19 13:20:00,0,0,0,0,0
2022-12-19 13:21:00,0,0,0,0,0
2022-12-19 13:22:00,0,0,0,0,0
2022-12-19 13:23:00,0,0,0,0,0
2022-12-19 13:24:00,0,0,0,0,0
2022-12-19 13:25:00,0,0,0,0,0
2022-12-19 13:26:00,0,0,0,0,0
2022-12-19 13:27:00,0,0,0,0,0
2022-12-19 13:28:00,0,0,0,0,0
2022-12-19 13:29:00,0,0,0,0,0
2022-12-19 13:30:00,7725,7700,7725,7725,20300
2022-12-19 13:31:00,0,0,0,0,0
2022-12-19 13:32:00,0,0,0,0,0
2022-12-19 13:33:00,0,0,0,0,0
2022-12-19 13:34:00,7700,7700,7725,7725,4500
2022-12-19 13:35:00,0,0,0,0,0
2022-12-19 13:36:00,7725,7725,7725,7725,500
2022-12-19 13:37:00,7725,7700,7725,7725,8700
2022-12-19 13:38:00,0,0,0,0,0
2022-12-19 13:39:00,7700,7700,7700,7700,1000
2022-12-19 13:40:00,7700,7700,7725,7725,600
2022-12-19 13:41:00,7700,7700,7725,7725,1100
2022-12-19 13:42:00,7700,7700,7725,7700,10600
2022-12-19 13:43:00,7725,7725,7725,7725,0
2022-12-19 13:44:00,7725,7725,7725,7725,500
2022-12-19 13:45:00,7725,7725,7725,7725,500
2022-12-19 13:46:00,7725,7725,7725,7725,300
2022-12-19 13:47:00,7700,7700,7725,7700,9100
2022-12-19 13:48:00,7725,7725,7725,7725,0
2022-12-19 13:49:00,7700,7700,7725,7725,24700
2022-12-19 13:50:00,0,0,0,0,0
2022-12-19 13:51:00,7725,7725,7725,7725,300
2022-12-19 13:52:00,7700,7700,7725,7700,10400
2022-12-19 13:53:00,7725,7700,7725,7725,29300
2022-12-19 13:54:00,7725,7700,7725,7725,2700
2022-12-19 13:55:00,0,0,0,0,0
2022-12-19 13:56:00,7700,7700,7700,7700,18600
2022-12-19 13:57:00,7700,7700,7725,7700,70000
2022-12-19 13:58:00,7700,7700,7725,7725,0
2022-12-19 13:59:00,7725,7725,7725,7725,1000
2022-12-19 14:00:00,7700,7700,7725,7725,21900
2022-12-19 14:01:00,7725,7725,7725,7725,1500
2022-12-19 14:02:00,7700,7700,7725,7725,9300
2022-12-19 14:03:00,7700,7700,7725,7700,5700
2022-12-19 14:04:00,7725,7725,7725,7725,500
2022-12-19 14:05:00,0,0,0,0,0
2022-12-19 14:06:00,0,0,0,0,0
2022-12-19 14:07:00,7700,7700,7700,7700,8300
2022-12-19 14:08:00,7700,7700,7700,7700,1400
2022-12-19 14:09:00,7700,7675,7725,7700,79700
2022-12-19 14:10:00,7725,7700,7725,7700,2900
2022-12-19 14:11:00,7700,7700,7700,7700,2000
2022-12-19 14:12:00,7700,7700,7725,7700,700
2022-12-19 14:13:00,7700,7700,7725,7700,3400
2022-12-19 14:14:00,7700,7675,7725,7675,11300
2022-12-19 14:15:00,7725,7675,7725,7675,2100
2022-12-19 14:16:00,7700,7675,7725,7700,30400
2022-12-19 14:17:00,7700,7675,7700,7675,6000
2022-12-19 14:18:00,7700,7675,7700,7675,4600
2022-12-19 14:19:00,7675,7675,7700,7675,2300
2022-12-19 14:20:00,7675,7675,7700,7675,11900
2022-12-19 14:21:00,7675,7675,7725,7675,18400
2022-12-19 14:22:00,7675,7675,7700,7700,15900
2022-12-19 14:23:00,7700,7700,7700,7700,1500
2022-12-19 14:24:00,0,0,0,0,0
2022-12-19 14:25:00,7700,7675,7700,7675,13900
2022-12-19 14:26:00,7675,7675,7700,7675,69500
2022-12-19 14:27:00,0,0,0,0,0
2022-12-19 14:28:00,0,0,0,0,0
2022-12-19 14:29:00,0,0,0,0,0
2022-12-19 14:30:00,7700,7700,7700,7700,0
2022-12-19 14:31:00,7700,7675,7700,7675,12500
2022-12-19 14:32:00,0,0,0,0,0
2022-12-19 14:33:00,7700,7700,7700,7700,0
2022-12-19 14:34:00,7700,7700,7700,7700,100
2022-12-19 14:35:00,0,0,0,0,0
2022-12-19 14:36:00,7675,7675,7675,7675,8100
2022-12-19 14:37:00,0,0,0,0,0
2022-12-19 14:38:00,7675,7675,7675,7675,53000
2022-12-19 14:39:00,7700,7700,7700,7700,0
2022-12-19 14:40:00,7700,7700,7700,7700,1000
2022-12-19 14:41:00,7700,7675,7700,7675,20200
2022-12-19 14:42:00,7700,7675,7700,7675,26500
2022-12-19 14:43:00,7675,7675,7675,7675,0
2022-12-19 14:44:00,7675,7675,7700,7675,23000
2022-12-19 14:45:00,0,0,0,0,0
2022-12-19 14:46:00,7675,7650,7675,7650,150200
2022-12-19 14:47:00,7650,7650,7700,7700,116400
2022-12-19 14:48:00,7675,7675,7700,7700,99300
2022-12-19 14:49:00,7700,7700,7725,7725,11600
2022-12-19 14:50:00,0,0,0,0,0
2022-12-19 14:51:00,0,0,0,0,0
2022-12-19 14:52:00,0,0,0,0,0
2022-12-19 14:53:00,0,0,0,0,0
2022-12-19 14:54:00,0,0,0,0,0
2022-12-19 14:55:00,0,0,0,0,0
2022-12-19 14:56:00,0,0,0,0,0
2022-12-19 14:57:00,0,0,0,0,0
2022-12-19 14:58:00,0,0,0,0,0
2022-12-19 14:59:00,0,0,0,0,0
2022-12-19 15:00:00,7700,7700,7700,7700,53100
2022-12-19 15:01:00,7700,7700,7700,7700,1000
2022-12-19 15:02:00,0,0,0,0,0
2022-12-19 15:03:00,7700,7700,7700,7700,600
2022-12-19 15:04:00,7700,7700,7700,7700,2000
2022-12-19 15:05:00,7700,7700,7700,7700,4000
2022-12-19 15:06:00,0,0,0,0,0
2022-12-19 15:07:00,0,0,0,0,0
2022-12-19 15:08:00,7700,7700,7700,7700,15200
2022-12-19 15:09:00,0,0,0,0,0
2022-12-19 15:10:00,0,0,0,0,0
2022-12-19 15:11:00,7700,7700,7700,7700,400
2022-12-19 15:12:00,0,0,0,0,0
2022-12-19 15:13:00,7700,7700,7700,7700,700
2022-12-19 15:14:00,7700,7700,7700,7700,1715200
2022-12-19 15:15:00,0,0,0,0,0
2022-12-19 15:16:00,0,0,0,0,0
2022-12-19 15:17:00,0,0,0,0,0
2022-12-19 15:18:00,0,0,0,0,0
2022-12-19 15:19:00,0,0,0,0,0
2022-12-19 15:20:00,0,0,0,0,0
2022-12-19 15:21:00,0,0,0,0,0
2022-12-19 15:22:00,0,0,0,0,0
2022-12-19 15:23:00,0,0,0,0,0
2022-12-19 15:24:00,0,0,0,0,0
2022-12-19 15:25:00,0,0,0,0,0
2022-12-19 15:26:00,0,0,0,0,0
2022-12-19 15:27:00,0,0,0,0,0
2022-12-19 15:28:00,0,0,0,0,0
2022-12-19 15:29:00,0,0,0,0,0
2022-12-19 15:30:00,0,0,0,0,0
2022-12-19 15:31:00,0,0,0,0,0
2022-12-19 15:32:00,0,0,0,0,0
2022-12-19 15:33:00,0,0,0,0,0
2022-12-19 15:34:00,0,0,0,0,0
2022-12-19 15:35:00,0,0,0,0,0
2022-12-19 15:36:00,0,0,0,0,0
2022-12-19 15:37:00,0,0,0,0,0
2022-12-19 15:38:00,0,0,0,0,0
2022-12-19 15:39:00,0,0,0,0,0
2022-12-19 15:40:00,0,0,0,0,0
2022-12-19 15:41:00,0,0,0,0,0
2022-12-19 15:42:00,0,0,0,0,0
2022-12-19 15:43:00,0,0,0,0,0
2022-12-19 15:44:00,0,0,0,0,0
2022-12-19 15:45:00,0,0,0,0,0
2022-12-19 15:46:00,0,0,0,0,0
2022-12-19 15:47:00,0,0,0,0,0
2022-12-19 15:48:00,0,0,0,0,0
2022-12-19 15:49:00,0,0,0,0,0
2022-12-19 15:50:00,0,0,0,0,0
2022-12-19 15:51:00,0,0,0,0,0
2022-12-19 15:52:00,0,0,0,0,0
2022-12-19 15:53:00,0,0,0,0,0
2022-12-19 15:54:00,0,0,0,0,0
2022-12-19 15:55:00,0,0,0,0,0
2022-12-19 15:56:00,0,0,0,0,0
2022-12-19 15:57:00,0,0,0,0,0
2022-12-19 15:58:00,0,0,0,0,0
2022-12-19 15:59:00,0,0,0,0,0
2022-12-20 09:00:00,7700,7650,7700,7700,0
2022-12-20 09:01:00,7675,7675,7675,7675,0
2022-12-20 09:02:00,7675,7675,7675,7675,25800
2022-12-20 09:03:00,7675,7675,7675,7675,1700
2022-12-20 09:04:00,0,0,0,0,0
2022-12-20 09:05:00,0,0,0,0,0
2022-12-20 09:06:00,0,0,0,0,0
2022-12-20 09:07:00,7675,7625,7675,7625,36500
2022-12-20 09:08:00,7650,7650,7650,7650,1300
2022-12-20 09:09:00,7650,7625,7650,7625,1300
2022-12-20 09:10:00,7625,7625,7650,7650,4400
2022-12-20 09:11:00,7675,7650,7675,7650,1000
2022-12-20 09:12:00,7675,7675,7675,7675,300
2022-12-20 09:13:00,7675,7650,7675,7650,4800
2022-12-20 09:14:00,0,0,0,0,0
2022-12-20 09:15:00,7650,7650,7650,7650,1300
2022-12-20 09:16:00,0,0,0,0,0
2022-12-20 09:17:00,0,0,0,0,0
2022-12-20 09:18:00,7675,7650,7675,7650,700
2022-12-20 09:19:00,7675,7675,7675,7675,100
2022-12-20 09:20:00,7675,7650,7675,7650,7900
2022-12-20 09:21:00,7675,7650,7675,7650,1600
2022-12-20 09:22:00,0,0,0,0,0
2022-12-20 09:23:00,7700,7700,7700,7700,0
2022-12-20 09:24:00,7675,7650,7675,7650,1700
2022-12-20 09:25:00,0,0,0,0,0
2022-12-20 09:26:00,7675,7675,7675,7675,2000
2022-12-20 09:27:00,7675,7675,7675,7675,7400
2022-12-20 09:28:00,7675,7675,7675,7675,300
2022-12-20 09:29:00,7675,7675,7675,7675,200
2022-12-20 09:30:00,0,0,0,0,0
2022-12-20 09:31:00,0,0,0,0,0
2022-12-20 09:32:00,7650,7650,7650,7650,79100
2022-12-20 09:33:00,7650,7650,7650,7650,700
2022-12-20 09:34:00,7650,7650,7650,7650,900
2022-12-20 09:35:00,7650,7625,7650,7625,0
2022-12-20 09:36:00,7625,7625,7650,7650,800
2022-12-20 09:37:00,0,0,0,0,0
2022-12-20 09:38:00,7650,7650,7650,7650,1900
2022-12-20 09:39:00,7650,7650,7650,7650,300
2022-12-20 09:40:00,7625,7625,7625,7625,5000
2022-12-20 09:41:00,7625,7625,7625,7625,3100
2022-12-20 09:42:00,0,0,0,0,0
2022-12-20 09:43:00,7650,7650,7650,7650,900
2022-12-20 09:44:00,7650,7650,7675,7675,18800
2022-12-20 09:45:00,0,0,0,0,0
2022-12-20 09:46:00,0,0,0,0,0
2022-12-20 09:47:00,7675,7675,7675,7675,0
2022-12-20 09:48:00,7675,7675,7675,7675,1100
2022-12-20 09:49:00,7675,7650,7675,7650,1900
2022-12-20 09:50:00,7675,7675,7675,7675,300
2022-12-20 09:51:00,7650,7650,7650,7650,64900
2022-12-20 09:52:00,7625,7625,7625,7625,60600
2022-12-20 09:53:00,7625,7625,7625,7625,25000
2022-12-20 09:54:00,7650,7625,7650,7625,5000
2022-12-20 09:55:00,7625,7625,7625,7625,8900
2022-12-20 09:56:00,7625,7625,7625,7625,8900
2022-12-20 09:57:00,7625,7625,7625,7625,0
2022-12-20 09:58:00,7625,7625,7625,7625,3800
2022-12-20 09:59:00,7625,7625,7625,7625,31300
2022-12-20 10:00:00,0,0,0,0,0
2022-12-20 10:01:00,7625,7625,7625,7625,0
2022-12-20 10:02:00,7625,7600,7625,7600,10800
2022-12-20 10:03:00,7600,7600,7600,7600,10100
2022-12-20 10:04:00,0,0,0,0,0
2022-12-20 10:05:00,7625,7625,7625,7625,0
2022-12-20 10:06:00,7625,7625,7625,7625,0
2022-12-20 10:07:00,0,0,0,0,0
2022-12-20 10:08:00,7625,7625,7625,7625,2200
2022-12-20 10:09:00,0,0,0,0,0
2022-12-20 10:10:00,7625,7600,7625,7625,32300
2022-12-20 10:11:00,7600,7575,7600,7575,132300
2022-12-20 10:12:00,7575,7575,7600,7600,47000
2022-12-20 10:13:00,7600,7600,7600,7600,3500
2022-12-20 10:14:00,0,0,0,0,0
2022-12-20 10:15:00,0,0,0,0,0
2022-12-20 10:16:00,7600,7600,7625,7625,79900
2022-12-20 10:17:00,0,0,0,0,0
2022-12-20 10:18:00,7600,7600,7600,7600,1400
2022-12-20 10:19:00,7600,7600,7600,7600,25900
2022-12-20 10:20:00,7600,7575,7600,7575,200
2022-12-20 10:21:00,7600,7600,7600,7600,400
2022-12-20 10:22:00,7600,7600,7600,7600,1100
2022-12-20 10:23:00,7600,7575,7600,7575,1500
2022-12-20 10:24:00,7575,7575,7575,7575,37800
2022-12-20 10:25:00,7575,7575,7600,7600,3400
2022-12-20 10:26:00,7575,7575,7575,7575,8000
2022-12-20 10:27:00,7575,7575,7600,7600,38700
2022-12-20 10:28:00,7600,7600,7600,7600,900
2022-12-20 10:29:00,7575,7550,7575,7550,35400
2022-12-20 10:30:00,0,0,0,0,0
2022-12-20 10:31:00,7575,7575,7575,7575,11000
2022-12-20 10:32:00,7575,7550,7575,7575,44900
2022-12-20 10:33:00,7575,7575,7575,7575,0
2022-12-20 10:34:00,7550,7550,7575,7550,3600
2022-12-20 10:35:00,0,0,0,0,0
2022-12-20 10:36:00,7550,7550,7550,7550,4100
2022-12-20 10:37:00,7575,7575,7575,7575,0
2022-12-20 10:38:00,7575,7550,7575,7550,19000
2022-12-20 10:39:00,7550,7550,7550,7550,6100
2022-12-20 10:40:00,7550,7550,7550,7550,600
2022-12-20 10:41:00,7550,7550,7550,7550,1300
2022-12-20 10:42:00,0,0,0,0,0
2022-12-20 10:43:00,0,0,0,0,0
2022-12-20 10:44:00,7550,7550,7550,7550,900
2022-12-20 10:45:00,7575,7550,7575,7550,84200
2022-12-20 10:46:00,7550,7550,7550,7550,500
2022-12-20 10:47:00,7550,7550,7550,7550,9900
2022-12-20 10:48:00,7550,7525,7550,7525,13900
2022-12-20 10:49:00,7525,7525,7550,7550,2100
2022-12-20 10:50:00,0,0,0,0,0
2022-12-20 10:51:00,7550,7550,7550,7550,0
2022-12-20 10:52:00,7550,7525,7550,7525,400
2022-12-20 10:53:00,7525,7525,7550,7550,11300
2022-12-20 10:54:00,0,0,0,0,0
2022-12-20 10:55:00,7550,7550,7550,7550,50300
2022-12-20 10:56:00,0,0,0,0,0
2022-12-20 10:57:00,7550,7550,7550,7550,2900
2022-12-20 10:58:00,7550,7525,7550,7525,900
2022-12-20 10:59:00,0,0,0,0,0
2022-12-20 11:00:00,7525,7525,7550,7550,900
2022-12-20 11:01:00,7550,7550,7550,7550,16100
2022-12-20 11:02:00,7550,7550,7575,7575,36200
2022-12-20 11:03:00,7575,7575,7575,7575,0
2022-12-20 11:04:00,7575,7575,7575,7575,700
2022-12-20 11:05:00,7575,7550,7575,7550,700
2022-12-20 11:06:00,0,0,0,0,0
2022-12-20 11:07:00,7550,7550,7550,7550,4600
2022-12-20 11:08:00,0,0,0,0,0
2022-12-20 11:09:00,0,0,0,0,0
2022-12-20 11:10:00,0,0,0,0,0
2022-12-20 11:11:00,7550,7550,7550,7550,8900
2022-12-20 11:12:00,0,0,0,0,0
2022-12-20 11:13:00,7575,7575,7575,7575,28100
2022-12-20 11:14:00,7600,7600,7600,7600,0
2022-12-20 11:15:00,7600,7600,7600,7600,108400
2022-12-20 11:16:00,7575,7575,7575,7575,2400
2022-12-20 11:17:00,7575,7575,7575,7575,6200
2022-12-20 11:18:00,7575,7550,7575,7550,4200
2022-12-20 11:19:00,0,0,0,0,0
2022-12-20 11:20:00,7550,7550,7550,7550,4800
2022-12-20 11:21:00,0,0,0,0,0
2022-12-20 11:22:00,7600,7600,7600,7600,0
2022-12-20 11:23:00,0,0,0,0,0
2022-12-20 11:24:00,7575,7575,7575,7575,200
2022-12-20 11:25:00,0,0,0,0,0
2022-12-20 11:26:00,0,0,0,0,0
2022-12-20 11:27:00,7600,7575,7600,7600,400
2022-12-20 11:28:00,0,0,0,0,0
2022-12-20 11:29:00,7600,7600,7600,7600,11100
2022-12-20 11:30:00,0,0,0,0,0
2022-12-20 11:31:00,0,0,0,0,0
2022-12-20 11:32:00,0,0,0,0,0
2022-12-20 11:33:00,0,0,0,0,0
2022-12-20 11:34:00,0,0,0,0,0
2022-12-20 11:35:00,0,0,0,0,0
2022-12-20 11:36:00,0,0,0,0,0
2022-12-20 11:37:00,0,0,0,0,0
2022-12-20 11:38:00,0,0,0,0,0
2022-12-20 11:39:00,0,0,0,0,0
2022-12-20 11:40:00,0,0,0,0,0
2022-12-20 11:41:00,0,0,0,0,0
2022-12-20 11:42:00,0,0,0,0,0
2022-12-20 11:43:00,0,0,0,0,0
2022-12-20 11:44:00,0,0,0,0,0
2022-12-20 11:45:00,0,0,0,0,0
2022-12-20 11:46:00,0,0,0,0,0
2022-12-20 11:47:00,0,0,0,0,0
2022-12-20 11:48:00,0,0,0,0,0
2022-12-20 11:49:00,0,0,0,0,0
2022-12-20 11:50:00,0,0,0,0,0
2022-12-20 11:51:00,0,0,0,0,0
2022-12-20 11:52:00,0,0,0,0,0
2022-12-20 11:53:00,0,0,0,0,0
2022-12-20 11:54:00,0,0,0,0,0
2022-12-20 11:55:00,0,0,0,0,0
2022-12-20 11:56:00,0,0,0,0,0
2022-12-20 11:57:00,0,0,0,0,0
2022-12-20 11:58:00,0,0,0,0,0
2022-12-20 11:59:00,0,0,0,0,0
2022-12-20 12:00:00,0,0,0,0,0
2022-12-20 12:01:00,0,0,0,0,0
2022-12-20 12:02:00,0,0,0,0,0
2022-12-20 12:03:00,0,0,0,0,0
2022-12-20 12:04:00,0,0,0,0,0
2022-12-20 12:05:00,0,0,0,0,0
2022-12-20 12:06:00,0,0,0,0,0
2022-12-20 12:07:00,0,0,0,0,0
2022-12-20 12:08:00,0,0,0,0,0
2022-12-20 12:09:00,0,0,0,0,0
2022-12-20 12:10:00,0,0,0,0,0
2022-12-20 12:11:00,0,0,0,0,0
2022-12-20 12:12:00,0,0,0,0,0
2022-12-20 12:13:00,0,0,0,0,0
2022-12-20 12:14:00,0,0,0,0,0
2022-12-20 12:15:00,0,0,0,0,0
2022-12-20 12:16:00,0,0,0,0,0
2022-12-20 12:17:00,0,0,0,0,0
2022-12-20 12:18:00,0,0,0,0,0
2022-12-20 12:19:00,0,0,0,0,0
2022-12-20 12:20:00,0,0,0,0,0
2022-12-20 12:21:00,0,0,0,0,0
2022-12-20 12:22:00,0,0,0,0,0
2022-12-20 12:23:00,0,0,0,0,0
2022-12-20 12:24:00,0,0,0,0,0
2022-12-20 12:25:00,0,0,0,0,0
2022-12-20 12:26:00,0,0,0,0,0
2022-12-20 12:27:00,0,0,0,0,0
2022-12-20 12:28:00,0,0,0,0,0
2022-12-20 12:29:00,0,0,0,0,0
2022-12-20 12:30:00,0,0,0,0,0
2022-12-20 12:31:00,0,0,0,0,0
2022-12-20 12:32:00,0,0,0,0,0
2022-12-20 12:33:00,0,0,0,0,0
2022-12-20 12:34:00,0,0,0,0,0
2022-12-20 12:35:00,0,0,0,0,0
2022-12-20 12:36:00,0,0,0,0,0
2022-12-20 12:37:00,0,0,0,0,0
2022-12-20 12:38:00,0,0,0,0,0
2022-12-20 12:39:00,0,0,0,0,0
2022-12-20 12:40:00,0,0,0,0,0
2022-12-20 12:41:00,0,0,0,0,0
2022-12-20 12:42:00,0,0,0,0,0
2022-12-20 12:43:00,0,0,0,0,0
2022-12-20 12:44:00,0,0,0,0,0
2022-12-20 12:45:00,0,0,0,0,0
2022-12-20 12:46:00,0,0,0,0,0
2022-12-20 12:47:00,0,0,0,0,0
2022-12-20 12:48:00,0,0,0,0,0
2022-12-20 12:49:00,0,0,0,0,0
2022-12-20 12:50:00,0,0,0,0,0
2022-12-20 12:51:00,0,0,0,0,0
2022-12-20 12:52:00,0,0,0,0,0
2022-12-20 12:53:00,0,0,0,0,0
2022-12-20 12:54:00,0,0,0,0,0
2022-12-20 12:55:00,0,0,0,0,0
2022-12-20 12:56:00,0,0,0,0,0
2022-12-20 12:57:00,0,0,0,0,0
2022-12-20 12:58:00,0,0,0,0,0
2022-12-20 12:59:00,0,0,0,0,0
2022-12-20 13:00:00,0,0,0,0,0
2022-12-20 13:01:00,0,0,0,0,0
2022-12-20 13:02:00,0,0,0,0,0
2022-12-20 13:03:00,0,0,0,0,0
2022-12-20 13:04:00,0,0,0,0,0
2022-12-20 13:05:00,0,0,0,0,0
2022-12-20 13:06:00,0,0,0,0,0
2022-12-20 13:07:00,0,0,0,0,0
2022-12-20 13:08:00,0,0,0,0,0
2022-12-20 13:09:00,0,0,0,0,0
2022-12-20 13:10:00,0,0,0,0,0
2022-12-20 13:11:00,0,0,0,0,0
2022-12-20 13:12:00,0,0,0,0,0
2022-12-20 13:13:00,0,0,0,0,0
2022-12-20 13:14:00,0,0,0,0,0
2022-12-20 13:15:00,0,0,0,0,0
2022-12-20 13:16:00,0,0,0,0,0
2022-12-20 13:17:00,0,0,0,0,0
2022-12-20 13:18:00,0,0,0,0,0
2022-12-20 13:19:00,0,0,0,0,0
2022-12-20 13:20:00,0,0,0,0,0
2022-12-20 13:21:00,0,0,0,0,0
2022-12-20 13:22:00,0,0,0,0,0
2022-12-20 13:23:00,0,0,0,0,0
2022-12-20 13:24:00,0,0,0,0,0
2022-12-20 13:25:00,0,0,0,0,0
2022-12-20 13:26:00,0,0,0,0,0
2022-12-20 13:27:00,0,0,0,0,0
2022-12-20 13:28:00,0,0,0,0,0
2022-12-20 13:29:00,0,0,0,0,0
2022-12-20 13:30:00,7600,7575,7600,7600,65000
2022-12-20 13:31:00,7600,7600,7600,7600,100
2022-12-20 13:32:00,7600,7575,7600,7575,700
2022-12-20 13:33:00,7575,7575,7575,7575,8700
2022-12-20 13:34:00,7600,7575,7600,7575,1800
2022-12-20 13:35:00,7600,7575,7600,7575,0
2022-12-20 13:36:00,7575,7575,7575,7575,0
2022-12-20 13:37:00,0,0,0,0,0
2022-12-20 13:38:00,7575,7575,7575,7575,300
2022-12-20 13:39:00,0,0,0,0,0
2022-12-20 13:40:00,7575,7575,7575,7575,200
2022-12-20 13:41:00,7600,7575,7600,7575,10800
2022-12-20 13:42:00,0,0,0,0,0
2022-12-20 13:43:00,7575,7575,7575,7575,106800
2022-12-20 13:44:00,7575,7575,7575,7575,1500
2022-12-20 13:45:00,7575,7575,7575,7575,0
2022-12-20 13:46:00,7575,7550,7575,7575,2100
2022-12-20 13:47:00,7575,7575,7600,7600,900
2022-12-20 13:48:00,7575,7575,7575,7575,100
2022-12-20 13:49:00,7575,7575,7575,7575,1100
2022-12-20 13:50:00,0,0,0,0,0
2022-12-20 13:51:00,7575,7575,7575,7575,1600
2022-12-20 13:52:00,7575,7575,7575,7575,0
2022-12-20 13:53:00,7550,7550,7550,7550,109400
2022-12-20 13:54:00,7550,7550,7550,7550,400
2022-12-20 13:55:00,7550,7525,7550,7525,300
2022-12-20 13:56:00,0,0,0,0,0
2022-12-20 13:57:00,7550,7550,7550,7550,10500
2022-12-20 13:58:00,7550,7550,7550,7550,0
2022-12-20 13:59:00,7550,7525,7550,7525,138200
2022-12-20 14:00:00,7525,7525,7525,7525,22400
2022-12-20 14:01:00,7525,7525,7525,7525,16400
2022-12-20 14:02:00,7525,7525,7525,7525,54800
2022-12-20 14:03:00,7550,7550,7550,7550,0
2022-12-20 14:04:00,7550,7525,7550,7550,49800
2022-12-20 14:05:00,0,0,0,0,0
2022-12-20 14:06:00,7550,7550,7550,7550,900
2022-12-20 14:07:00,7575,7575,7575,7575,0
2022-12-20 14:08:00,7575,7575,7575,7575,800
2022-12-20 14:09:00,0,0,0,0,0
2022-12-20 14:10:00,7575,7550,7575,7550,600
2022-12-20 14:11:00,7575,7575,7575,7575,1900
2022-12-20 14:12:00,7575,7550,7575,7550,12700
2022-12-20 14:13:00,0,0,0,0,0
2022-12-20 14:14:00,0,0,0,0,0
2022-12-20 14:15:00,7550,7550,7550,7550,300
2022-12-20 14:16:00,7550,7550,7550,7550,600
2022-12-20 14:17:00,0,0,0,0,0
2022-12-20 14:18:00,7550,7550,7550,7550,1500
2022-12-20 14:19:00,0,0,0,0,0
2022-12-20 14:20:00,0,0,0,0,0
2022-12-20 14:21:00,7575,7550,7575,7550,17200
2022-12-20 14:22:00,7550,7550,7550,7550,61300
2022-12-20 14:23:00,7550,7550,7550,7550,2200
2022-12-20 14:24:00,7575,7575,7575,7575,0
2022-12-20 14:25:00,0,0,0,0,0
2022-12-20 14:26:00,7575,7550,7575,7550,11600
2022-12-20 14:27:00,7550,7550,7550,7550,2300
2022-12-20 14:28:00,7550,7550,7550,7550,0
2022-12-20 14:29:00,7550,7550,7550,7550,27300
2022-12-20 14:30:00,7575,7575,7575,7575,6300
2022-12-20 14:31:00,7550,7550,7550,7550,133200
2022-12-20 14:32:00,7550,7550,7550,7550,0
2022-12-20 14:33:00,7550,7550,7550,7550,500
2022-12-20 14:34:00,7550,7550,7550,7550,600
2022-12-20 14:35:00,7550,7550,7550,7550,3600
2022-12-20 14:36:00,7550,7550,7550,7550,0
2022-12-20 14:37:00,0,0,0,0,0
2022-12-20 14:38:00,7525,7525,7525,7525,200
2022-12-20 14:39:00,7550,7550,7550,7550,14400
2022-12-20 14:40:00,7550,7550,7550,7550,2000
2022-12-20 14:41:00,7525,7525,7525,7525,0
2022-12-20 14:42:00,7525,7525,7525,7525,21500
2022-12-20 14:43:00,7525,7525,7550,7550,0
2022-12-20 14:44:00,7525,7525,7525,7525,81800
2022-12-20 14:45:00,7525,7525,7525,7525,11200
2022-12-20 14:46:00,7525,7525,7525,7525,4800
2022-12-20 14:47:00,7525,7525,7550,7550,30100
2022-12-20 14:48:00,7550,7525,7550,7525,0
2022-12-20 14:49:00,7550,7525,7550,7525,15200
2022-12-20 14:50:00,0,0,0,0,0
2022-12-20 14:51:00,0,0,0,0,0
2022-12-20 14:52:00,0,0,0,0,0
2022-12-20 14:53:00,0,0,0,0,0
2022-12-20 14:54:00,0,0,0,0,0
2022-12-20 14:55:00,0,0,0,0,0
2022-12-20 14:56:00,0,0,0,0,0
2022-12-20 14:57:00,0,0,0,0,0
2022-12-20 14:58:00,0,0,0,0,0
2022-12-20 14:59:00,0,0,0,0,0
2022-12-20 15:00:00,7525,7525,7525,7525,70500
2022-12-20 15:01:00,7525,7525,7525,7525,3000
2022-12-20 15:02:00,7525,7525,7525,7525,1100
2022-12-20 15:03:00,7525,7525,7525,7525,600
2022-12-20 15:04:00,7525,7525,7525,7525,100
2022-12-20 15:05:00,7525,7525,7525,7525,10400
2022-12-20 15:06:00,7525,7525,7525,7525,1200
2022-12-20 15:07:00,7525,7525,7525,7525,3700
2022-12-20 15:08:00,7525,7525,7525,7525,0
2022-12-20 15:09:00,7525,7525,7525,7525,100
2022-12-20 15:10:00,7525,7525,7525,7525,1900
2022-12-20 15:11:00,0,0,0,0,0
2022-12-20 15:12:00,7525,7525,7525,7525,2519100
2022-12-20 15:13:00,0,0,0,0,0
2022-12-20 15:14:00,0,0,0,0,0
2022-12-20 15:15:00,0,0,0,0,0
2022-12-20 15:16:00,0,0,0,0,0
2022-12-20 15:17:00,0,0,0,0,0
2022-12-20 15:18:00,0,0,0,0,0
2022-12-20 15:19:00,0,0,0,0,0
2022-12-20 15:20:00,0,0,0,0,0
2022-12-20 15:21:00,0,0,0,0,0
2022-12-20 15:22:00,0,0,0,0,0
2022-12-20 15:23:00,0,0,0,0,0
2022-12-20 15:24:00,0,0,0,0,0
2022-12-20 15:25:00,0,0,0,0,0
2022-12-20 15:26:00,0,0,0,0,0
2022-12-20 15:27:00,0,0,0,0,0
2022-12-20 15:28:00,0,0,0,0,0
2022-12-20 15:29:00,0,0,0,0,0
2022-12-20 15:30:00,0,0,0,0,0
2022-12-20 15:31:00,0,0,0,0,0
2022-12-20 15:32:00,0,0,0,0,0
2022-12-20 15:33:00,0,0,0,0,0
2022-12-20 15:34:00,0,0,0,0,0
2022-12-20 15:35:00,0,0,0,0,0
2022-12-20 15:36:00,0,0,0,0,0
2022-12-20 15:37:00,0,0,0,0,0
2022-12-20 15:38:00,0,0,0,0,0
2022-12-20 15:39:00,0,0,0,0,0
2022-12-20 15:40:00,0,0,0,0,0
2022-12-20 15:41:00,0,0,0,0,0
2022-12-20 15:42:00,0,0,0,0,0
2022-12-20 15:43:00,0,0,0,0,0
2022-12-20 15:44:00,0,0,0,0,0
2022-12-20 15:45:00,0,0,0,0,0
2022-12-20 15:46:00,0,0,0,0,0
2022-12-20 15:47:00,0,0,0,0,0
2022-12-20 15:48:00,0,0,0,0,0
2022-12-20 15:49:00,0,0,0,0,0
2022-12-20 15:50:00,0,0,0,0,0
2022-12-20 15:51:00,0,0,0,0,0
2022-12-20 15:52:00,0,0,0,0,0
2022-12-20 15:53:00,0,0,0,0,0
2022-12-20 15:54:00,0,0,0,0,0
2022-12-20 15:55:00,0,0,0,0,0
2022-12-20 15:56:00,0,0,0,0,0
2022-12-20 15:57:00,0,0,0,0,0
2022-12-20 15:58:00,0,0,0,0,0
2022-12-20 15:59:00,0,0,0,0,0
2022-12-21 09:00:00,7525,7500,7525,7525,0
2022-12-21 09:01:00,0,0,0,0,0
2022-12-21 09:02:00,7525,7525,7525,7525,44500
2022-12-21 09:03:00,7550,7525,7550,7550,30200
2022-12-21 09:04:00,7550,7550,7575,7550,20800
2022-12-21 09:05:00,7575,7575,7575,7575,0
2022-12-21 09:06:00,7575,7550,7575,7550,3400
2022-12-21 09:07:00,7575,7550,7575,7550,21600
2022-12-21 09:08:00,7575,7550,7575,7550,0
2022-12-21 09:09:00,7550,7550,7575,7575,3800
2022-12-21 09:10:00,7575,7575,7575,7575,7700
2022-12-21 09:11:00,7575,7575,7600,7575,8700
2022-12-21 09:12:00,7575,7575,7575,7575,16800
2022-12-21 09:13:00,7550,7550,7575,7575,2700
2022-12-21 09:14:00,7550,7550,7550,7550,56900
2022-12-21 09:15:00,7550,7550,7550,7550,200
2022-12-21 09:16:00,7550,7550,7550,7550,100
2022-12-21 09:17:00,7550,7550,7550,7550,800
2022-12-21 09:18:00,7550,7550,7550,7550,2300
2022-12-21 09:19:00,7550,7525,7550,7550,500
2022-12-21 09:20:00,7550,7525,7550,7550,8600
2022-12-21 09:21:00,7550,7550,7550,7550,13200
2022-12-21 09:22:00,7550,7550,7550,7550,0
2022-12-21 09:23:00,7525,7525,7525,7525,400
2022-12-21 09:24:00,0,0,0,0,0
2022-12-21 09:25:00,7550,7550,7550,7550,3500
2022-12-21 09:26:00,7550,7550,7550,7550,0
2022-12-21 09:27:00,7550,7525,7550,7525,11000
2022-12-21 09:28:00,0,0,0,0,0
2022-12-21 09:29:00,0,0,0,0,0
2022-12-21 09:30:00,0,0,0,0,0
2022-12-21 09:31:00,0,0,0,0,0
2022-12-21 09:32:00,0,0,0,0,0
2022-12-21 09:33:00,0,0,0,0,0
2022-12-21 09:34:00,7550,7550,7550,7550,11800
2022-12-21 09:35:00,7550,7550,7550,7550,1400
2022-12-21 09:36:00,0,0,0,0,0
2022-12-21 09:37:00,0,0,0,0,0
2022-12-21 09:38:00,0,0,0,0,0
2022-12-21 09:39:00,7550,7550,7575,7575,3300
2022-12-21 09:40:00,0,0,0,0,0
2022-12-21 09:41:00,7575,7575,7575,7575,12400
2022-12-21 09:42:00,0,0,0,0,0
2022-12-21 09:43:00,0,0,0,0,0
2022-12-21 09:44:00,7550,7550,7550,7550,22100
2022-12-21 09:45:00,7525,7500,7550,7550,201400
2022-12-21 09:46:00,0,0,0,0,0
2022-12-21 09:47:00,0,0,0,0,0
2022-12-21 09:48:00,0,0,0,0,0
2022-12-21 09:49:00,7500,7500,7500,7500,200
2022-12-21 09:50:00,7500,7500,7525,7525,3800
2022-12-21 09:51:00,7500,7475,7500,7475,104100
2022-12-21 09:52:00,7500,7475,7500,7475,22400
2022-12-21 09:53:00,7475,7450,7475,7450,123500
2022-12-21 09:54:00,7450,7450,7450,7450,25800
2022-12-21 09:55:00,0,0,0,0,0
2022-12-21 09:56:00,7450,7450,7450,7450,0
2022-12-21 09:57:00,7500,7500,7500,7500,3700
2022-12-21 09:58:00,7500,7475,7500,7475,6800
2022-12-21 09:59:00,7475,7475,7475,7475,200
2022-12-21 10:00:00,0,0,0,0,0
2022-12-21 10:01:00,7500,7500,7500,7500,300
2022-12-21 10:02:00,0,0,0,0,0
2022-12-21 10:03:00,7500,7500,7525,7500,44100
2022-12-21 10:04:00,7500,7500,7500,7500,0
2022-12-21 10:05:00,0,0,0,0,0
2022-12-21 10:06:00,7500,7500,7500,7500,600
2022-12-21 10:07:00,0,0,0,0,0
2022-12-21 10:08:00,7500,7500,7500,7500,300
2022-12-21 10:09:00,7500,7500,7500,7500,2300
2022-12-21 10:10:00,7475,7475,7525,7525,2600
2022-12-21 10:11:00,7525,7500,7525,7500,1000
2022-12-21 10:12:00,7500,7500,7500,7500,200
2022-12-21 10:13:00,0,0,0,0,0
2022-12-21 10:14:00,0,0,0,0,0
2022-12-21 10:15:00,0,0,0,0,0
2022-12-21 10:16:00,7525,7525,7525,7525,900
2022-12-21 10:17:00,0,0,0,0,0
2022-12-21 10:18:00,7525,7500,7550,7500,72600
2022-12-21 10:19:00,7550,7550,7550,7550,0
2022-12-21 10:20:00,0,0,0,0,0
2022-12-21 10:21:00,7550,7550,7575,7550,48200
2022-12-21 10:22:00,7525,7500,7525,7500,0
2022-12-21 10:23:00,7500,7500,7500,7500,0
2022-12-21 10:24:00,7550,7550,7550,7550,200
2022-12-21 10:25:00,0,0,0,0,0
2022-12-21 10:26:00,0,0,0,0,0
2022-12-21 10:27:00,0,0,0,0,0
2022-12-21 10:28:00,7525,7525,7525,7525,1600
2022-12-21 10:29:00,7525,7500,7525,7500,0
2022-12-21 10:30:00,0,0,0,0,0
2022-12-21 10:31:00,0,0,0,0,0
2022-12-21 10:32:00,7500,7500,7500,7500,1400
2022-12-21 10:33:00,7500,7500,7500,7500,1900
2022-12-21 10:34:00,7500,7500,7500,7500,35600
2022-12-21 10:35:00,7500,7500,7500,7500,15500
2022-12-21 10:36:00,0,0,0,0,0
2022-12-21 10:37:00,0,0,0,0,0
2022-12-21 10:38:00,0,0,0,0,0
2022-12-21 10:39:00,0,0,0,0,0
2022-12-21 10:40:00,7500,7500,7500,7500,900
2022-12-21 10:41:00,7525,7500,7525,7500,600
2022-12-21 10:42:00,0,0,0,0,0
2022-12-21 10:43:00,0,0,0,0,0
2022-12-21 10:44:00,7500,7500,7500,7500,800
2022-12-21 10:45:00,0,0,0,0,0
2022-12-21 10:46:00,0,0,0,0,0
2022-12-21 10:47:00,7500,7500,7500,7500,43700
2022-12-21 10:48:00,0,0,0,0,0
2022-12-21 10:49:00,7475,7475,7500,7475,22400
2022-12-21 10:50:00,7475,7450,7475,7450,7000
2022-12-21 10:51:00,7475,7475,7475,7475,1400
2022-12-21 10:52:00,0,0,0,0,0
2022-12-21 10:53:00,7475,7475,7475,7475,100
2022-12-21 10:54:00,0,0,0,0,0
2022-12-21 10:55:00,0,0,0,0,0
2022-12-21 10:56:00,7475,7475,7475,7475,500
2022-12-21 10:57:00,0,0,0,0,0
2022-12-21 10:58:00,0,0,0,0,0
2022-12-21 10:59:00,0,0,0,0,0
2022-12-21 11:00:00,0,0,0,0,0
2022-12-21 11:01:00,0,0,0,0,0
2022-12-21 11:02:00,0,0,0,0,0
2022-12-21 11:03:00,7475,7475,7475,7475,400
2022-12-21 11:04:00,0,0,0,0,0
2022-12-21 11:05:00,0,0,0,0,0
2022-12-21 11:06:00,7475,7475,7500,7500,22300
2022-12-21 11:07:00,7475,7475,7500,7500,0
2022-12-21 11:08:00,7500,7500,7525,7525,86300
2022-12-21 11:09:00,7525,7525,7525,7525,1300
2022-12-21 11:10:00,0,0,0,0,0
2022-12-21 11:11:00,7525,7525,7525,7525,2300
2022-12-21 11:12:00,0,0,0,0,0
2022-12-21 11:13:00,0,0,0,0,0
2022-12-21 11:14:00,7500,7475,7500,7475,8400
2022-12-21 11:15:00,0,0,0,0,0
2022-12-21 11:16:00,7500,7500,7500,7500,0
2022-12-21 11:17:00,7500,7500,7500,7500,100
2022-12-21 11:18:00,7475,7475,7475,7475,800
2022-12-21 11:19:00,7475,7475,7475,7475,0
2022-12-21 11:20:00,0,0,0,0,0
2022-12-21 11:21:00,7475,7475,7475,7475,1400
2022-12-21 11:22:00,0,0,0,0,0
2022-12-21 11:23:00,0,0,0,0,0
2022-12-21 11:24:00,0,0,0,0,0
2022-12-21 11:25:00,0,0,0,0,0
2022-12-21 11:26:00,0,0,0,0,0
2022-12-21 11:27:00,7500,7500,7500,7500,200
2022-12-21 11:28:00,0,0,0,0,0
2022-12-21 11:29:00,7475,7475,7475,7475,2500
2022-12-21 11:30:00,0,0,0,0,0
2022-12-21 11:31:00,0,0,0,0,0
2022-12-21 11:32:00,0,0,0,0,0
2022-12-21 11:33:00,0,0,0,0,0
2022-12-21 11:34:00,0,0,0,0,0
2022-12-21 11:35:00,0,0,0,0,0
2022-12-21 11:36:00,0,0,0,0,0
2022-12-21 11:37:00,0,0,0,0,0
2022-12-21 11:38:00,0,0,0,0,0
2022-12-21 11:39:00,0,0,0,0,0
2022-12-21 11:40:00,0,0,0,0,0
2022-12-21 11:41:00,0,0,0,0,0
2022-12-21 11:42:00,0,0,0,0,0
2022-12-21 11:43:00,0,0,0,0,0
2022-12-21 11:44:00,0,0,0,0,0
2022-12-21 11:45:00,0,0,0,0,0
2022-12-21 11:46:00,0,0,0,0,0
2022-12-21 11:47:00,0,0,0,0,0
2022-12-21 11:48:00,0,0,0,0,0
2022-12-21 11:49:00,0,0,0,0,0
2022-12-21 11:50:00,0,0,0,0,0
2022-12-21 11:51:00,0,0,0,0,0
2022-12-21 11:52:00,0,0,0,0,0
2022-12-21 11:53:00,0,0,0,0,0
2022-12-21 11:54:00,0,0,0,0,0
2022-12-21 11:55:00,0,0,0,0,0
2022-12-21 11:56:00,0,0,0,0,0
2022-12-21 11:57:00,0,0,0,0,0
2022-12-21 11:58:00,0,0,0,0,0
2022-12-21 11:59:00,0,0,0,0,0
2022-12-21 12:00:00,0,0,0,0,0
2022-12-21 12:01:00,0,0,0,0,0
2022-12-21 12:02:00,0,0,0,0,0
2022-12-21 12:03:00,0,0,0,0,0
2022-12-21 12:04:00,0,0,0,0,0
2022-12-21 12:05:00,0,0,0,0,0
2022-12-21 12:06:00,0,0,0,0,0
2022-12-21 12:07:00,0,0,0,0,0
2022-12-21 12:08:00,0,0,0,0,0
2022-12-21 12:09:00,0,0,0,0,0
2022-12-21 12:10:00,0,0,0,0,0
2022-12-21 12:11:00,0,0,0,0,0
2022-12-21 12:12:00,0,0,0,0,0
2022-12-21 12:13:00,0,0,0,0,0
2022-12-21 12:14:00,0,0,0,0,0
2022-12-21 12:15:00,0,0,0,0,0
2022-12-21 12:16:00,0,0,0,0,0
2022-12-21 12:17:00,0,0,0,0,0
2022-12-21 12:18:00,0,0,0,0,0
2022-12-21 12:19:00,0,0,0,0,0
2022-12-21 12:20:00,0,0,0,0,0
2022-12-21 12:21:00,0,0,0,0,0
2022-12-21 12:22:00,0,0,0,0,0
2022-12-21 12:23:00,0,0,0,0,0
2022-12-21 12:24:00,0,0,0,0,0
2022-12-21 12:25:00,0,0,0,0,0
2022-12-21 12:26:00,0,0,0,0,0
2022-12-21 12:27:00,0,0,0,0,0
2022-12-21 12:28:00,0,0,0,0,0
2022-12-21 12:29:00,0,0,0,0,0
2022-12-21 12:30:00,0,0,0,0,0
2022-12-21 12:31:00,0,0,0,0,0
2022-12-21 12:32:00,0,0,0,0,0
2022-12-21 12:33:00,0,0,0,0,0
2022-12-21 12:34:00,0,0,0,0,0
2022-12-21 12:35:00,0,0,0,0,0
2022-12-21 12:36:00,0,0,0,0,0
2022-12-21 12:37:00,0,0,0,0,0
2022-12-21 12:38:00,0,0,0,0,0
2022-12-21 12:39:00,0,0,0,0,0
2022-12-21 12:40:00,0,0,0,0,0
2022-12-21 12:41:00,0,0,0,0,0
2022-12-21 12:42:00,0,0,0,0,0
2022-12-21 12:43:00,0,0,0,0,0
2022-12-21 12:44:00,0,0,0,0,0
2022-12-21 12:45:00,0,0,0,0,0
2022-12-21 12:46:00,0,0,0,0,0
2022-12-21 12:47:00,0,0,0,0,0
2022-12-21 12:48:00,0,0,0,0,0
2022-12-21 12:49:00,0,0,0,0,0
2022-12-21 12:50:00,0,0,0,0,0
2022-12-21 12:51:00,0,0,0,0,0
2022-12-21 12:52:00,0,0,0,0,0
2022-12-21 12:53:00,0,0,0,0,0
2022-12-21 12:54:00,0,0,0,0,0
2022-12-21 12:55:00,0,0,0,0,0
2022-12-21 12:56:00,0,0,0,0,0
2022-12-21 12:57:00,0,0,0,0,0
2022-12-21 12:58:00,0,0,0,0,0
2022-12-21 12:59:00,0,0,0,0,0
2022-12-21 13:00:00,0,0,0,0,0
2022-12-21 13:01:00,0,0,0,0,0
2022-12-21 13:02:00,0,0,0,0,0
2022-12-21 13:03:00,0,0,0,0,0
2022-12-21 13:04:00,0,0,0,0,0
2022-12-21 13:05:00,0,0,0,0,0
2022-12-21 13:06:00,0,0,0,0,0
2022-12-21 13:07:00,0,0,0,0,0
2022-12-21 13:08:00,0,0,0,0,0
2022-12-21 13:09:00,0,0,0,0,0
2022-12-21 13:10:00,0,0,0,0,0
2022-12-21 13:11:00,0,0,0,0,0
2022-12-21 13:12:00,0,0,0,0,0
2022-12-21 13:13:00,0,0,0,0,0
2022-12-21 13:14:00,0,0,0,0,0
2022-12-21 13:15:00,0,0,0,0,0
2022-12-21 13:16:00,0,0,0,0,0
2022-12-21 13:17:00,0,0,0,0,0
2022-12-21 13:18:00,0,0,0,0,0
2022-12-21 13:19:00,0,0,0,0,0
2022-12-21 13:20:00,0,0,0,0,0
2022-12-21 13:21:00,0,0,0,0,0
2022-12-21 13:22:00,0,0,0,0,0
2022-12-21 13:23:00,0,0,0,0,0
2022-12-21 13:24:00,0,0,0,0,0
2022-12-21 13:25:00,0,0,0,0,0
2022-12-21 13:26:00,0,0,0,0,0
2022-12-21 13:27:00,0,0,0,0,0
2022-12-21 13:28:00,0,0,0,0,0
2022-12-21 13:29:00,0,0,0,0,0
2022-12-21 13:30:00,7500,7475,7500,7475,5700
2022-12-21 13:31:00,0,0,0,0,0
2022-12-21 13:32:00,0,0,0,0,0
2022-12-21 13:33:00,7475,7475,7475,7475,0
2022-12-21 13:34:00,7500,7500,7500,7500,0
2022-12-21 13:35:00,7500,7500,7500,7500,4200
2022-12-21 13:36:00,7500,7500,7500,7500,0
2022-12-21 13:37:00,7500,7500,7500,7500,0
2022-12-21 13:38:00,7475,7475,7475,7475,6800
2022-12-21 13:39:00,0,0,0,0,0
2022-12-21 13:40:00,7475,7475,7475,7475,800
2022-12-21 13:41:00,0,0,0,0,0
2022-12-21 13:42:00,0,0,0,0,0
2022-12-21 13:43:00,7475,7475,7475,7475,1200
2022-12-21 13:44:00,0,0,0,0,0
2022-12-21 13:45:00,7475,7475,7475,7475,0
2022-12-21 13:46:00,0,0,0,0,0
2022-12-21 13:47:00,7475,7475,7475,7475,0
2022-12-21 13:48:00,0,0,0,0,0
2022-12-21 13:49:00,0,0,0,0,0
2022-12-21 13:50:00,7500,7500,7500,7500,1600
2022-12-21 13:51:00,7500,7475,7500,7475,1400
2022-12-21 13:52:00,7500,7500,7500,7500,0
2022-12-21 13:53:00,7500,7500,7500,7500,1600
2022-12-21 13:54:00,0,0,0,0,0
2022-12-21 13:55:00,7500,7500,7500,7500,200
2022-12-21 13:56:00,7475,7475,7475,7475,100
2022-12-21 13:57:00,7475,7475,7475,7475,1300
2022-12-21 13:58:00,7500,7500,7500,7500,900
2022-12-21 13:59:00,7500,7475,7500,7475,109500
2022-12-21 14:00:00,7475,7450,7500,7500,0
2022-12-21 14:01:00,0,0,0,0,0
2022-12-21 14:02:00,7500,7475,7500,7475,10200
2022-12-21 14:03:00,7475,7475,7475,7475,100
2022-12-21 14:04:00,7475,7475,7500,7500,800
2022-12-21 14:05:00,0,0,0,0,0
2022-12-21 14:06:00,7475,7475,7475,7475,31100
2022-12-21 14:07:00,7475,7475,7475,7475,0
2022-12-21 14:08:00,0,0,0,0,0
2022-12-21 14:09:00,0,0,0,0,0
2022-12-21 14:10:00,7475,7475,7475,7475,800
2022-12-21 14:11:00,7475,7475,7475,7475,0
2022-12-21 14:12:00,7475,7475,7475,7475,9200
2022-12-21 14:13:00,7475,7475,7475,7475,7900
2022-12-21 14:14:00,7475,7475,7475,7475,0
2022-12-21 14:15:00,7475,7475,7475,7475,3100
2022-12-21 14:16:00,7475,7450,7475,7450,2000
2022-12-21 14:17:00,7450,7450,7475,7475,2600
2022-12-21 14:18:00,7475,7475,7475,7475,2800
2022-12-21 14:19:00,7475,7475,7475,7475,3400
2022-12-21 14:20:00,7475,7475,7475,7475,0
2022-12-21 14:21:00,7475,7475,7475,7475,300
2022-12-21 14:22:00,7450,7450,7475,7475,20200
2022-12-21 14:23:00,7475,7475,7475,7475,0
2022-12-21 14:24:00,7450,7450,7450,7450,14200
2022-12-21 14:25:00,7475,7450,7475,7450,42900
2022-12-21 14:26:00,7450,7450,7450,7450,1700
2022-12-21 14:27:00,7450,7450,7450,7450,4300
2022-12-21 14:28:00,7450,7450,7475,7475,17800
2022-12-21 14:29:00,7450,7450,7450,7450,20300
2022-12-21 14:30:00,7450,7450,7475,7475,0
2022-12-21 14:31:00,7450,7450,7475,7475,0
2022-12-21 14:32:00,7450,7450,7450,7450,5100
2022-12-21 14:33:00,7450,7450,7475,7450,1600
2022-12-21 14:34:00,7475,7475,7475,7475,0
2022-12-21 14:35:00,0,0,0,0,0
2022-12-21 14:36:00,7475,7475,7475,7475,4900
2022-12-21 14:37:00,7450,7450,7475,7475,50200
2022-12-21 14:38:00,7475,7450,7475,7450,7100
2022-12-21 14:39:00,0,0,0,0,0
2022-12-21 14:40:00,7450,7450,7450,7450,2800
2022-12-21 14:41:00,7475,7450,7475,7450,25300
2022-12-21 14:42:00,7475,7475,7475,7475,129500
2022-12-21 14:43:00,7475,7450,7475,7475,0
2022-12-21 14:44:00,7450,7450,7475,7475,12300
2022-12-21 14:45:00,7475,7475,7475,7475,13800
2022-12-21 14:46:00,7475,7450,7475,7450,2600
2022-12-21 14:47:00,7475,7475,7475,7475,14900
2022-12-21 14:48:00,7475,7475,7475,7475,30800
2022-12-21 14:49:00,7475,7450,7475,7450,1400
2022-12-21 14:50:00,0,0,0,0,0
2022-12-21 14:51:00,0,0,0,0,0
2022-12-21 14:52:00,0,0,0,0,0
2022-12-21 14:53:00,0,0,0,0,0
2022-12-21 14:54:00,0,0,0,0,0
2022-12-21 14:55:00,0,0,0,0,0
2022-12-21 14:56:00,0,0,0,0,0
2022-12-21 14:57:00,0,0,0,0,0
2022-12-21 14:58:00,0,0,0,0,0
2022-12-21 14:59:00,0,0,0,0,0
2022-12-21 15:00:00,7450,7450,7450,7450,52700
2022-12-21 15:01:00,7450,7450,7450,7450,1000
2022-12-21 15:02:00,0,0,0,0,0
2022-12-21 15:03:00,0,0,0,0,0
2022-12-21 15:04:00,7450,7450,7450,7450,1400
2022-12-21 15:05:00,7450,7450,7450,7450,4300
2022-12-21 15:06:00,0,0,0,0,0
2022-12-21 15:07:00,0,0,0,0,0
2022-12-21 15:08:00,7450,7450,7450,7450,9600
2022-12-21 15:09:00,0,0,0,0,0
2022-12-21 15:10:00,0,0,0,0,0
2022-12-21 15:11:00,0,0,0,0,0
2022-12-21 15:12:00,0,0,0,0,0
2022-12-21 15:13:00,7450,7450,7450,7450,1910600
2022-12-21 15:14:00,0,0,0,0,0
2022-12-21 15:15:00,0,0,0,0,0
2022-12-21 15:16:00,0,0,0,0,0
2022-12-21 15:17:00,0,0,0,0,0
2022-12-21 15:18:00,0,0,0,0,0
2022-12-21 15:19:00,0,0,0,0,0
2022-12-21 15:20:00,0,0,0,0,0
2022-12-21 15:21:00,0,0,0,0,0
2022-12-21 15:22:00,0,0,0,0,0
2022-12-21 15:23:00,0,0,0,0,0
2022-12-21 15:24:00,0,0,0,0,0
2022-12-21 15:25:00,0,0,0,0,0
2022-12-21 15:26:00,0,0,0,0,0
2022-12-21 15:27:00,0,0,0,0,0
2022-12-21 15:28:00,0,0,0,0,0
2022-12-21 15:29:00,0,0,0,0,0
2022-12-21 15:30:00,0,0,0,0,0
2022-12-21 15:31:00,0,0,0,0,0
2022-12-21 15:32:00,0,0,0,0,0
2022-12-21 15:33:00,0,0,0,0,0
2022-12-21 15:34:00,0,0,0,0,0
2022-12-21 15:35:00,0,0,0,0,0
2022-12-21 15:36:00,0,0,0,0,0
2022-12-21 15:37:00,0,0,0,0,0
2022-12-21 15:38:00,0,0,0,0,0
2022-12-21 15:39:00,0,0,0,0,0
2022-12-21 15:40:00,0,0,0,0,0
2022-12-21 15:41:00,0,0,0,0,0
2022-12-21 15:42:00,0,0,0,0,0
2022-12-21 15:43:00,0,0,0,0,0
2022-12-21 15:44:00,0,0,0,0,0
2022-12-21 15:45:00,0,0,0,0,0
2022-12-21 15:46:00,0,0,0,0,0
2022-12-21 15:47:00,0,0,0,0,0
2022-12-21 15:48:00,0,0,0,0,0
2022-12-21 15:49:00,0,0,0,0,0
2022-12-21 15:50:00,0,0,0,0,0
2022-12-21 15:51:00,0,0,0,0,0
2022-12-21 15:52:00,0,0,0,0,0
2022-12-21 15:53:00,0,0,0,0,0
2022-12-21 15:54:00,0,0,0,0,0
2022-12-21 15:55:00,0,0,0,0,0
2022-12-21 15:56:00,0,0,0,0,0
2022-12-21 15:57:00,0,0,0,0,0
2022-12-21 15:58:00,0,0,0,0,0
2022-12-21 15:59:00,0,0,0,0,0
2022-12-22 09:00:00,7450,7450,7475,7475,0
2022-12-22 09:01:00,0,0,0,0,0
2022-12-22 09:02:00,7475,7475,7475,7475,400
2022-12-22 09:03:00,7475,7475,7475,7475,700
2022-12-22 09:04:00,7475,7475,7475,7475,7300
2022-12-22 09:05:00,0,0,0,0,0
2022-12-22 09:06:00,7500,7475,7500,7475,13500
2022-12-22 09:07:00,7500,7500,7500,7500,900
2022-12-22 09:08:00,0,0,0,0,0
2022-12-22 09:09:00,0,0,0,0,0
2022-12-22 09:10:00,7475,7475,7500,7500,10600
2022-12-22 09:11:00,0,0,0,0,0
2022-12-22 09:12:00,7500,7500,7500,7500,600
2022-12-22 09:13:00,7475,7475,7500,7500,38100
2022-12-22 09:14:00,7500,7500,7500,7500,3200
2022-12-22 09:15:00,7525,7525,7525,7525,4800
2022-12-22 09:16:00,7525,7500,7525,7500,10400
2022-12-22 09:17:00,0,0,0,0,0
2022-12-22 09:18:00,7500,7500,7500,7500,3700
2022-12-22 09:19:00,7500,7500,7500,7500,300
2022-12-22 09:20:00,7500,7500,7500,7500,4900
2022-12-22 09:21:00,7500,7500,7500,7500,0
2022-12-22 09:22:00,7500,7500,7500,7500,100
2022-12-22 09:23:00,7500,7500,7500,7500,31700
2022-12-22 09:24:00,0,0,0,0,0
2022-12-22 09:25:00,7500,7500,7500,7500,300
2022-12-22 09:26:00,0,0,0,0,0
2022-12-22 09:27:00,7500,7500,7500,7500,600
2022-12-22 09:28:00,7500,7500,7500,7500,400
2022-12-22 09:29:00,7500,7500,7500,7500,19500
2022-12-22 09:30:00,7500,7500,7500,7500,0
2022-12-22 09:31:00,0,0,0,0,0
2022-12-22 09:32:00,7500,7500,7525,7525,23300
2022-12-22 09:33:00,7525,7525,7525,7525,2400
2022-12-22 09:34:00,7500,7500,7525,7525,0
2022-12-22 09:35:00,7525,7525,7525,7525,5500
2022-12-22 09:36:00,7550,7525,7550,7525,25600
2022-12-22 09:37:00,7500,7500,7525,7525,6900
2022-12-22 09:38:00,0,0,0,0,0
2022-12-22 09:39:00,7525,7525,7525,7525,0
2022-12-22 09:40:00,7500,7500,7500,7500,6200
2022-12-22 09:41:00,7500,7500,7525,7525,90400
2022-12-22 09:42:00,7475,7475,7475,7475,0
2022-12-22 09:43:00,7500,7500,7500,7500,495500
2022-12-22 09:44:00,7500,7500,7500,7500,400
2022-12-22 09:45:00,7500,7500,7500,7500,200
2022-12-22 09:46:00,0,0,0,0,0
2022-12-22 09:47:00,0,0,0,0,0
2022-12-22 09:48:00,7500,7500,7500,7500,19700
2022-12-22 09:49:00,0,0,0,0,0
2022-12-22 09:50:00,0,0,0,0,0
2022-12-22 09:51:00,7500,7500,7500,7500,0
2022-12-22 09:52:00,7500,7500,7500,7500,0
2022-12-22 09:53:00,7500,7475,7500,7475,8300
2022-12-22 09:54:00,7475,7475,7475,7475,25500
2022-12-22 09:55:00,7475,7475,7475,7475,11800
2022-12-22 09:56:00,7475,7475,7475,7475,400
2022-12-22 09:57:00,0,0,0,0,0
2022-12-22 09:58:00,0,0,0,0,0
2022-12-22 09:59:00,0,0,0,0,0
2022-12-22 10:00:00,0,0,0,0,0
2022-12-22 10:01:00,7475,7475,7475,7475,0
2022-12-22 10:02:00,7475,7475,7475,7475,3300
2022-12-22 10:03:00,7475,7475,7475,7475,0
2022-12-22 10:04:00,7450,7450,7450,7450,150500
2022-12-22 10:05:00,7475,7475,7475,7475,1700
2022-12-22 10:06:00,0,0,0,0,0
2022-12-22 10:07:00,7475,7475,7475,7475,0
2022-12-22 10:08:00,7450,7450,7450,7450,200
2022-12-22 10:09:00,7475,7475,7475,7475,100
2022-12-22 10:10:00,7475,7475,7475,7475,500
2022-12-22 10:11:00,0,0,0,0,0
2022-12-22 10:12:00,7475,7475,7475,7475,2300
2022-12-22 10:13:00,7475,7450,7475,7450,0
2022-12-22 10:14:00,7475,7475,7475,7475,400
2022-12-22 10:15:00,0,0,0,0,0
2022-12-22 10:16:00,7475,7475,7475,7475,100
2022-12-22 10:17:00,7475,7475,7475,7475,300
2022-12-22 10:18:00,7475,7450,7475,7450,3900
2022-12-22 10:19:00,7475,7450,7475,7475,400
2022-12-22 10:20:00,7450,7450,7450,7450,19500
2022-12-22 10:21:00,7425,7425,7450,7450,18300
2022-12-22 10:22:00,0,0,0,0,0
2022-12-22 10:23:00,7450,7425,7450,7425,1000
2022-12-22 10:24:00,7425,7425,7450,7450,17900
2022-12-22 10:25:00,0,0,0,0,0
2022-12-22 10:26:00,7425,7400,7450,7400,147000
2022-12-22 10:27:00,7400,7400,7400,7400,19700
2022-12-22 10:28:00,0,0,0,0,0
2022-12-22 10:29:00,7425,7425,7425,7425,1000
2022-12-22 10:30:00,7425,7350,7425,7375,138400
2022-12-22 10:31:00,7400,7400,7400,7400,2400
2022-12-22 10:32:00,7375,7375,7400,7400,2000
2022-12-22 10:33:00,7400,7400,7400,7400,2000
2022-12-22 10:34:00,0,0,0,0,0
2022-12-22 10:35:00,7400,7375,7400,7375,5200
2022-12-22 10:36:00,7375,7325,7375,7325,81500
2022-12-22 10:37:00,7400,7375,7400,7375,22300
2022-12-22 10:38:00,7375,7350,7375,7375,800
2022-12-22 10:39:00,7375,7350,7375,7350,4200
2022-12-22 10:40:00,7350,7350,7350,7350,20500
2022-12-22 10:41:00,7350,7350,7350,7350,24400
2022-12-22 10:42:00,7375,7350,7400,7375,27300
2022-12-22 10:43:00,7375,7350,7375,7350,10100
2022-12-22 10:44:00,0,0,0,0,0
2022-12-22 10:45:00,0,0,0,0,0
2022-12-22 10:46:00,7375,7375,7375,7375,2100
2022-12-22 10:47:00,0,0,0,0,0
2022-12-22 10:48:00,7400,7400,7400,7400,19900
2022-12-22 10:49:00,7400,7400,7400,7400,0
2022-12-22 10:50:00,7425,7425,7425,7425,26300
2022-12-22 10:51:00,0,0,0,0,0
2022-12-22 10:52:00,7425,7425,7425,7425,400
2022-12-22 10:53:00,7425,7400,7425,7400,13000
2022-12-22 10:54:00,7425,7400,7425,7400,17500
2022-12-22 10:55:00,7375,7375,7375,7375,1800
2022-12-22 10:56:00,0,0,0,0,0
2022-12-22 10:57:00,7400,7400,7400,7400,2800
2022-12-22 10:58:00,7400,7375,7400,7375,22000
2022-12-22 10:59:00,7375,7375,7375,7375,27500
2022-12-22 11:00:00,7375,7375,7375,7375,6200
2022-12-22 11:01:00,0,0,0,0,0
2022-12-22 11:02:00,7400,7400,7400,7400,2800
2022-12-22 11:03:00,7400,7400,7400,7400,1800
2022-12-22 11:04:00,0,0,0,0,0
2022-12-22 11:05:00,7400,7400,7400,7400,2700
2022-12-22 11:06:00,7400,7400,7400,7400,0
2022-12-22 11:07:00,0,0,0,0,0
2022-12-22 11:08:00,0,0,0,0,0
2022-12-22 11:09:00,7400,7400,7400,7400,7600
2022-12-22 11:10:00,0,0,0,0,0
2022-12-22 11:11:00,0,0,0,0,0
2022-12-22 11:12:00,7400,7400,7400,7400,2700
2022-12-22 11:13:00,0,0,0,0,0
2022-12-22 11:14:00,7400,7400,7400,7400,0
2022-12-22 11:15:00,0,0,0,0,0
2022-12-22 11:16:00,7400,7400,7400,7400,2200
2022-12-22 11:17:00,7400,7400,7400,7400,1500
2022-12-22 11:18:00,0,0,0,0,0
2022-12-22 11:19:00,0,0,0,0,0
2022-12-22 11:20:00,7400,7400,7400,7400,1000
2022-12-22 11:21:00,7400,7400,7400,7400,13500
2022-12-22 11:22:00,7400,7400,7400,7400,500
2022-12-22 11:23:00,7400,7400,7400,7400,5900
2022-12-22 11:24:00,7400,7375,7400,7375,35100
2022-12-22 11:25:00,0,0,0,0,0
2022-12-22 11:26:00,7375,7375,7375,7375,6800
2022-12-22 11:27:00,0,0,0,0,0
2022-12-22 11:28:00,7375,7375,7375,7375,600
2022-12-22 11:29:00,7375,7375,7375,7375,0
2022-12-22 11:30:00,0,0,0,0,0
2022-12-22 11:31:00,0,0,0,0,0
2022-12-22 11:32:00,0,0,0,0,0
2022-12-22 11:33:00,0,0,0,0,0
2022-12-22 11:34:00,0,0,0,0,0
2022-12-22 11:35:00,0,0,0,0,0
2022-12-22 11:36:00,0,0,0,0,0
2022-12-22 11:37:00,0,0,0,0,0
2022-12-22 11:38:00,0,0,0,0,0
2022-12-22 11:39:00,0,0,0,0,0
2022-12-22 11:40:00,0,0,0,0,0
2022-12-22 11:41:00,0,0,0,0,0
2022-12-22 11:42:00,0,0,0,0,0
2022-12-22 11:43:00,0,0,0,0,0
2022-12-22 11:44:00,0,0,0,0,0
2022-12-22 11:45:00,0,0,0,0,0
2022-12-22 11:46:00,0,0,0,0,0
2022-12-22 11:47:00,0,0,0,0,0
2022-12-22 11:48:00,0,0,0,0,0
2022-12-22 11:49:00,0,0,0,0,0
2022-12-22 11:50:00,0,0,0,0,0
2022-12-22 11:51:00,0,0,0,0,0
2022-12-22 11:52:00,0,0,0,0,0
2022-12-22 11:53:00,0,0,0,0,0
2022-12-22 11:54:00,0,0,0,0,0
2022-12-22 11:55:00,0,0,0,0,0
2022-12-22 11:56:00,0,0,0,0,0
2022-12-22 11:57:00,0,0,0,0,0
2022-12-22 11:58:00,0,0,0,0,0
2022-12-22 11:59:00,0,0,0,0,0
2022-12-22 12:00:00,0,0,0,0,0
2022-12-22 12:01:00,0,0,0,0,0
2022-12-22 12:02:00,0,0,0,0,0
2022-12-22 12:03:00,0,0,0,0,0
2022-12-22 12:04:00,0,0,0,0,0
2022-12-22 12:05:00,0,0,0,0,0
2022-12-22 12:06:00,0,0,0,0,0
2022-12-22 12:07:00,0,0,0,0,0
2022-12-22 12:08:00,0,0,0,0,0
2022-12-22 12:09:00,0,0,0,0,0
2022-12-22 12:10:00,0,0,0,0,0
2022-12-22 12:11:00,0,0,0,0,0
2022-12-22 12:12:00,0,0,0,0,0
2022-12-22 12:13:00,0,0,0,0,0
2022-12-22 12:14:00,0,0,0,0,0
2022-12-22 12:15:00,0,0,0,0,0
2022-12-22 12:16:00,0,0,0,0,0
2022-12-22 12:17:00,0,0,0,0,0
2022-12-22 12:18:00,0,0,0,0,0
2022-12-22 12:19:00,0,0,0,0,0
2022-12-22 12:20:00,0,0,0,0,0
2022-12-22 12:21:00,0,0,0,0,0
2022-12-22 12:22:00,0,0,0,0,0
2022-12-22 12:23:00,0,0,0,0,0
2022-12-22 12:24:00,0,0,0,0,0
2022-12-22 12:25:00,0,0,0,0,0
2022-12-22 12:26:00,0,0,0,0,0
2022-12-22 12:27:00,0,0,0,0,0
2022-12-22 12:28:00,0,0,0,0,0
2022-12-22 12:29:00,0,0,0,0,0
2022-12-22 12:30:00,0,0,0,0,0
2022-12-22 12:31:00,0,0,0,0,0
2022-12-22 12:32:00,0,0,0,0,0
2022-12-22 12:33:00,0,0,0,0,0
2022-12-22 12:34:00,0,0,0,0,0
2022-12-22 12:35:00,0,0,0,0,0
2022-12-22 12:36:00,0,0,0,0,0
2022-12-22 12:37:00,0,0,0,0,0
2022-12-22 12:38:00,0,0,0,0,0
2022-12-22 12:39:00,0,0,0,0,0
2022-12-22 12:40:00,0,0,0,0,0
2022-12-22 12:41:00,0,0,0,0,0
2022-12-22 12:42:00,0,0,0,0,0
2022-12-22 12:43:00,0,0,0,0,0
2022-12-22 12:44:00,0,0,0,0,0
2022-12-22 12:45:00,0,0,0,0,0
2022-12-22 12:46:00,0,0,0,0,0
2022-12-22 12:47:00,0,0,0,0,0
2022-12-22 12:48:00,0,0,0,0,0
2022-12-22 12:49:00,0,0,0,0,0
2022-12-22 12:50:00,0,0,0,0,0
2022-12-22 12:51:00,0,0,0,0,0
2022-12-22 12:52:00,0,0,0,0,0
2022-12-22 12:53:00,0,0,0,0,0
2022-12-22 12:54:00,0,0,0,0,0
2022-12-22 12:55:00,0,0,0,0,0
2022-12-22 12:56:00,0,0,0,0,0
2022-12-22 12:57:00,0,0,0,0,0
2022-12-22 12:58:00,0,0,0,0,0
2022-12-22 12:59:00,0,0,0,0,0
2022-12-22 13:00:00,0,0,0,0,0
2022-12-22 13:01:00,0,0,0,0,0
2022-12-22 13:02:00,0,0,0,0,0
2022-12-22 13:03:00,0,0,0,0,0
2022-12-22 13:04:00,0,0,0,0,0
2022-12-22 13:05:00,0,0,0,0,0
2022-12-22 13:06:00,0,0,0,0,0
2022-12-22 13:07:00,0,0,0,0,0
2022-12-22 13:08:00,0,0,0,0,0
2022-12-22 13:09:00,0,0,0,0,0
2022-12-22 13:10:00,0,0,0,0,0
2022-12-22 13:11:00,0,0,0,0,0
2022-12-22 13:12:00,0,0,0,0,0
2022-12-22 13:13:00,0,0,0,0,0
2022-12-22 13:14:00,0,0,0,0,0
2022-12-22 13:15:00,0,0,0,0,0
2022-12-22 13:16:00,0,0,0,0,0
2022-12-22 13:17:00,0,0,0,0,0
2022-12-22 13:18:00,0,0,0,0,0
2022-12-22 13:19:00,0,0,0,0,0
2022-12-22 13:20:00,0,0,0,0,0
2022-12-22 13:21:00,0,0,0,0,0
2022-12-22 13:22:00,0,0,0,0,0
2022-12-22 13:23:00,0,0,0,0,0
2022-12-22 13:24:00,0,0,0,0,0
2022-12-22 13:25:00,0,0,0,0,0
2022-12-22 13:26:00,0,0,0,0,0
2022-12-22 13:27:00,0,0,0,0,0
2022-12-22 13:28:00,0,0,0,0,0
2022-12-22 13:29:00,0,0,0,0,0
2022-12-22 13:30:00,7375,7375,7400,7375,29500
2022-12-22 13:31:00,7375,7375,7375,7375,0
2022-12-22 13:32:00,0,0,0,0,0
2022-12-22 13:33:00,7375,7375,7375,7375,40400
2022-12-22 13:34:00,7375,7375,7375,7375,100
2022-12-22 13:35:00,7375,7375,7400,7400,700
2022-12-22 13:36:00,7400,7400,7400,7400,200
2022-12-22 13:37:00,7375,7375,7375,7375,40600
2022-12-22 13:38:00,7375,7375,7375,7375,5300
2022-12-22 13:39:00,0,0,0,0,0
2022-12-22 13:40:00,7350,7350,7350,7350,13400
2022-12-22 13:41:00,7350,7350,7375,7375,16200
2022-12-22 13:42:00,7375,7375,7375,7375,6000
2022-12-22 13:43:00,7375,7350,7375,7375,0
2022-12-22 13:44:00,7375,7375,7375,7375,800
2022-12-22 13:45:00,7375,7350,7375,7375,4100
2022-12-22 13:46:00,0,0,0,0,0
2022-12-22 13:47:00,7350,7350,7375,7375,2500
2022-12-22 13:48:00,7375,7375,7375,7375,1900
2022-12-22 13:49:00,7350,7350,7375,7350,11700
2022-12-22 13:50:00,7350,7350,7350,7350,104100
2022-12-22 13:51:00,7375,7350,7375,7350,60300
2022-12-22 13:52:00,7350,7350,7375,7375,61100
2022-12-22 13:53:00,7375,7375,7375,7375,0
2022-12-22 13:54:00,0,0,0,0,0
2022-12-22 13:55:00,7375,7375,7375,7375,200
2022-12-22 13:56:00,7350,7350,7375,7350,2700
2022-12-22 13:57:00,7350,7350,7350,7350,0
2022-12-22 13:58:00,7375,7375,7375,7375,200
2022-12-22 13:59:00,7350,7350,7375,7350,88400
2022-12-22 14:00:00,7350,7350,7350,7350,70300
2022-12-22 14:01:00,7350,7325,7350,7325,17800
2022-12-22 14:02:00,7350,7350,7350,7350,13100
2022-12-22 14:03:00,7350,7350,7350,7350,100
2022-12-22 14:04:00,7350,7350,7350,7350,16800
2022-12-22 14:05:00,7350,7350,7350,7350,0
2022-12-22 14:06:00,0,0,0,0,0
2022-12-22 14:07:00,7375,7350,7375,7350,12500
2022-12-22 14:08:00,7350,7350,7375,7375,8700
2022-12-22 14:09:00,7375,7375,7375,7375,0
2022-12-22 14:10:00,0,0,0,0,0
2022-12-22 14:11:00,7375,7375,7375,7375,200
2022-12-22 14:12:00,0,0,0,0,0
2022-12-22 14:13:00,7350,7350,7350,7350,14000
2022-12-22 14:14:00,7350,7350,7350,7350,400
2022-12-22 14:15:00,7350,7350,7350,7350,5100
2022-12-22 14:16:00,7350,7350,7350,7350,6400
2022-12-22 14:17:00,0,0,0,0,0
2022-12-22 14:18:00,7350,7350,7375,7375,700
2022-12-22 14:19:00,7350,7350,7350,7350,9800
2022-12-22 14:20:00,7350,7350,7350,7350,4300
2022-12-22 14:21:00,7350,7350,7350,7350,200
2022-12-22 14:22:00,7375,7375,7375,7375,200
2022-12-22 14:23:00,7375,7375,7400,7400,120500
2022-12-22 14:24:00,0,0,0,0,0
2022-12-22 14:25:00,7400,7400,7400,7400,7900
2022-12-22 14:26:00,7375,7375,7375,7375,100
2022-12-22 14:27:00,7400,7400,7400,7400,2700
2022-12-22 14:28:00,7375,7325,7375,7325,100700
2022-12-22 14:29:00,7325,7325,7350,7325,32900
2022-12-22 14:30:00,7325,7325,7325,7325,0
2022-12-22 14:31:00,7350,7350,7350,7350,0
2022-12-22 14:32:00,7375,7375,7375,7375,2200
2022-12-22 14:33:00,7350,7350,7375,7375,800
2022-12-22 14:34:00,7375,7300,7375,7300,325100
2022-12-22 14:35:00,7325,7300,7325,7325,13200
2022-12-22 14:36:00,7325,7300,7350,7325,9300
2022-12-22 14:37:00,7300,7300,7300,7300,900
2022-12-22 14:38:00,7325,7325,7325,7325,16200
2022-12-22 14:39:00,7325,7325,7350,7350,3900
2022-12-22 14:40:00,7350,7350,7375,7375,49100
2022-12-22 14:41:00,7375,7375,7400,7400,22900
2022-12-22 14:42:00,7375,7375,7375,7375,32200
2022-12-22 14:43:00,7350,7350,7375,7375,700
2022-12-22 14:44:00,7350,7350,7375,7350,45300
2022-12-22 14:45:00,7375,7375,7375,7375,5600
2022-12-22 14:46:00,7375,7375,7375,7375,0
2022-12-22 14:47:00,7375,7375,7400,7400,7800
2022-12-22 14:48:00,7375,7375,7375,7375,500
2022-12-22 14:49:00,7375,7350,7375,7350,26800
2022-12-22 14:50:00,0,0,0,0,0
2022-12-22 14:51:00,0,0,0,0,0
2022-12-22 14:52:00,0,0,0,0,0
2022-12-22 14:53:00,0,0,0,0,0
2022-12-22 14:54:00,0,0,0,0,0
2022-12-22 14:55:00,0,0,0,0,0
2022-12-22 14:56:00,0,0,0,0,0
2022-12-22 14:57:00,0,0,0,0,0
2022-12-22 14:58:00,0,0,0,0,0
2022-12-22 14:59:00,0,0,0,0,0
2022-12-22 15:00:00,7350,7350,7350,7350,20200
2022-12-22 15:01:00,7350,7350,7350,7350,1800
2022-12-22 15:02:00,7350,7350,7350,7350,13800
2022-12-22 15:03:00,0,0,0,0,0
2022-12-22 15:04:00,7350,7350,7350,7350,57400
2022-12-22 15:05:00,7350,7350,7350,7350,1700
2022-12-22 15:06:00,7350,7350,7350,7350,10800
2022-12-22 15:07:00,7350,7350,7350,7350,0
2022-12-22 15:08:00,7350,7350,7350,7350,400
2022-12-22 15:09:00,7350,7350,7350,7350,5800
2022-12-22 15:10:00,7350,7350,7350,7350,1500
2022-12-22 15:11:00,7350,7350,7350,7350,2000
2022-12-22 15:12:00,0,0,0,0,0
2022-12-22 15:13:00,7350,7350,7350,7350,0
2022-12-22 15:14:00,7350,7350,7350,7350,3900
2022-12-22 15:15:00,0,0,0,0,0
2022-12-22 15:16:00,0,0,0,0,0
2022-12-22 15:17:00,0,0,0,0,0
2022-12-22 15:18:00,0,0,0,0,0
2022-12-22 15:19:00,0,0,0,0,0
2022-12-22 15:20:00,0,0,0,0,0
2022-12-22 15:21:00,0,0,0,0,0
2022-12-22 15:22:00,0,0,0,0,0
2022-12-22 15:23:00,0,0,0,0,0
2022-12-22 15:24:00,0,0,0,0,0
2022-12-22 15:25:00,0,0,0,0,0
2022-12-22 15:26:00,0,0,0,0,0
2022-12-22 15:27:00,0,0,0,0,0
2022-12-22 15:28:00,0,0,0,0,0
2022-12-22 15:29:00,0,0,0,0,0
2022-12-22 15:30:00,0,0,0,0,0
2022-12-22 15:31:00,0,0,0,0,0
2022-12-22 15:32:00,0,0,0,0,0
2022-12-22 15:33:00,0,0,0,0,0
2022-12-22 15:34:00,0,0,0,0,0
2022-12-22 15:35:00,0,0,0,0,0
2022-12-22 15:36:00,0,0,0,0,0
2022-12-22 15:37:00,0,0,0,0,0
2022-12-22 15:38:00,0,0,0,0,0
2022-12-22 15:39:00,0,0,0,0,0
2022-12-22 15:40:00,0,0,0,0,0
2022-12-22 15:41:00,0,0,0,0,0
2022-12-22 15:42:00,0,0,0,0,0
2022-12-22 15:43:00,0,0,0,0,0
2022-12-22 15:44:00,0,0,0,0,0
2022-12-22 15:45:00,0,0,0,0,0
2022-12-22 15:46:00,0,0,0,0,0
2022-12-22 15:47:00,0,0,0,0,0
2022-12-22 15:48:00,0,0,0,0,0
2022-12-22 15:49:00,0,0,0,0,0
2022-12-22 15:50:00,0,0,0,0,0
2022-12-22 15:51:00,0,0,0,0,0
2022-12-22 15:52:00,0,0,0,0,0
2022-12-22 15:53:00,0,0,0,0,0
2022-12-22 15:54:00,0,0,0,0,0
2022-12-22 15:55:00,0,0,0,0,0
2022-12-22 15:56:00,0,0,0,0,0
2022-12-22 15:57:00,0,0,0,0,0
2022-12-22 15:58:00,0,0,0,0,0
2022-12-22 15:59:00,0,0,0,0,0
2022-12-23 09:00:00,7375,7325,7375,7350,0
2022-12-23 09:01:00,7325,7300,7325,7300,1100
2022-12-23 09:02:00,7300,7250,7300,7275,60700
2022-12-23 09:03:00,7250,7250,7300,7300,9700
2022-12-23 09:04:00,7300,7275,7300,7275,40600
2022-12-23 09:05:00,7275,7250,7275,7275,14500
2022-12-23 09:06:00,7275,7250,7300,7300,67600
2022-12-23 09:07:00,7300,7275,7300,7275,9400
2022-12-23 09:08:00,7275,7275,7275,7275,32000
2022-12-23 09:09:00,7250,7250,7275,7275,33800
2022-12-23 09:10:00,7275,7275,7275,7275,1100
2022-12-23 09:11:00,7300,7300,7300,7300,16100
2022-12-23 09:12:00,7300,7300,7300,7300,5900
2022-12-23 09:13:00,7300,7300,7300,7300,3000
2022-12-23 09:14:00,7300,7300,7325,7325,500
2022-12-23 09:15:00,7325,7325,7325,7325,2000
2022-12-23 09:16:00,7325,7325,7325,7325,16200
2022-12-23 09:17:00,7325,7300,7325,7300,13600
2022-12-23 09:18:00,7325,7325,7325,7325,0
2022-12-23 09:19:00,7325,7325,7325,7325,400
2022-12-23 09:20:00,7325,7325,7325,7325,5600
2022-12-23 09:21:00,7300,7300,7325,7325,6900
2022-12-23 09:22:00,7300,7300,7300,7300,0
2022-12-23 09:23:00,0,0,0,0,0
2022-12-23 09:24:00,7325,7325,7325,7325,3800
2022-12-23 09:25:00,7325,7325,7325,7325,2600
2022-12-23 09:26:00,7325,7325,7325,7325,400
2022-12-23 09:27:00,7325,7325,7325,7325,9500
2022-12-23 09:28:00,0,0,0,0,0
2022-12-23 09:29:00,7325,7325,7325,7325,0
2022-12-23 09:30:00,7325,7325,7325,7325,400
2022-12-23 09:31:00,7350,7350,7350,7350,900
2022-12-23 09:32:00,0,0,0,0,0
2022-12-23 09:33:00,7350,7350,7350,7350,2400
2022-12-23 09:34:00,7350,7350,7350,7350,0
2022-12-23 09:35:00,0,0,0,0,0
2022-12-23 09:36:00,0,0,0,0,0
2022-12-23 09:37:00,7350,7350,7350,7350,300
2022-12-23 09:38:00,7350,7350,7350,7350,0
2022-12-23 09:39:00,0,0,0,0,0
2022-12-23 09:40:00,0,0,0,0,0
2022-12-23 09:41:00,7325,7325,7325,7325,1800
2022-12-23 09:42:00,7325,7325,7325,7325,29000
2022-12-23 09:43:00,7325,7325,7325,7325,41000
2022-12-23 09:44:00,7350,7350,7350,7350,26100
2022-12-23 09:45:00,7375,7375,7375,7375,7000
2022-12-23 09:46:00,7375,7375,7375,7375,0
2022-12-23 09:47:00,7375,7375,7375,7375,8500
2022-12-23 09:48:00,0,0,0,0,0
2022-12-23 09:49:00,0,0,0,0,0
2022-12-23 09:50:00,7375,7375,7400,7400,10300
2022-12-23 09:51:00,7375,7375,7375,7375,200
2022-12-23 09:52:00,7400,7400,7400,7400,800
2022-12-23 09:53:00,7400,7400,7400,7400,900
2022-12-23 09:54:00,7400,7375,7400,7400,54900
2022-12-23 09:55:00,7400,7400,7400,7400,4300
2022-12-23 09:56:00,7375,7375,7375,7375,0
2022-12-23 09:57:00,7400,7400,7400,7400,2000
2022-12-23 09:58:00,7400,7400,7400,7400,9200
2022-12-23 09:59:00,7400,7400,7400,7400,4000
2022-12-23 10:00:00,7400,7400,7400,7400,4300
2022-12-23 10:01:00,7400,7375,7400,7400,6300
2022-12-23 10:02:00,0,0,0,0,0
2022-12-23 10:03:00,7400,7400,7400,7400,15500
2022-12-23 10:04:00,0,0,0,0,0
2022-12-23 10:05:00,0,0,0,0,0
2022-12-23 10:06:00,7400,7400,7400,7400,15200
2022-12-23 10:07:00,7400,7400,7400,7400,4200
2022-12-23 10:08:00,7400,7400,7400,7400,0
2022-12-23 10:09:00,7400,7400,7400,7400,600
2022-12-23 10:10:00,7400,7375,7400,7375,9200
2022-12-23 10:11:00,7375,7375,7400,7400,9700
2022-12-23 10:12:00,0,0,0,0,0
2022-12-23 10:13:00,0,0,0,0,0
2022-12-23 10:14:00,7425,7425,7425,7425,3500
2022-12-23 10:15:00,0,0,0,0,0
2022-12-23 10:16:00,0,0,0,0,0
2022-12-23 10:17:00,0,0,0,0,0
2022-12-23 10:18:00,7425,7425,7425,7425,0
2022-12-23 10:19:00,0,0,0,0,0
2022-12-23 10:20:00,0,0,0,0,0
2022-12-23 10:21:00,7425,7425,7425,7425,0
2022-12-23 10:22:00,0,0,0,0,0
2022-12-23 10:23:00,7425,7400,7425,7400,3200
2022-12-23 10:24:00,0,0,0,0,0
2022-12-23 10:25:00,7400,7400,7400,7400,400
2022-12-23 10:26:00,7400,7400,7400,7400,600
2022-12-23 10:27:00,7425,7425,7425,7425,0
2022-12-23 10:28:00,7425,7425,7425,7425,100
2022-12-23 10:29:00,0,0,0,0,0
2022-12-23 10:30:00,0,0,0,0,0
2022-12-23 10:31:00,0,0,0,0,0
2022-12-23 10:32:00,7400,7400,7425,7400,21600
2022-12-23 10:33:00,7425,7425,7425,7425,0
2022-12-23 10:34:00,0,0,0,0,0
2022-12-23 10:35:00,7425,7425,7425,7425,6000
2022-12-23 10:36:00,7425,7425,7425,7425,0
2022-12-23 10:37:00,7400,7400,7400,7400,0
2022-12-23 10:38:00,7425,7425,7425,7425,1000
2022-12-23 10:39:00,7400,7400,7425,7425,0
2022-12-23 10:40:00,0,0,0,0,0
2022-12-23 10:41:00,0,0,0,0,0
2022-12-23 10:42:00,0,0,0,0,0
2022-12-23 10:43:00,0,0,0,0,0
2022-12-23 10:44:00,7400,7400,7400,7400,2600
2022-12-23 10:45:00,0,0,0,0,0
2022-12-23 10:46:00,7400,7400,7400,7400,0
2022-12-23 10:47:00,0,0,0,0,0
2022-12-23 10:48:00,7400,7400,7400,7400,5800
2022-12-23 10:49:00,7400,7400,7400,7400,300
2022-12-23 10:50:00,0,0,0,0,0
2022-12-23 10:51:00,7425,7425,7425,7425,9600
2022-12-23 10:52:00,7400,7400,7425,7425,0
2022-12-23 10:53:00,7425,7425,7425,7425,400
2022-12-23 10:54:00,7400,7400,7400,7400,100
2022-12-23 10:55:00,0,0,0,0,0
2022-12-23 10:56:00,7400,7400,7400,7400,2000
2022-12-23 10:57:00,0,0,0,0,0
2022-12-23 10:58:00,0,0,0,0,0
2022-12-23 10:59:00,0,0,0,0,0
2022-12-23 11:00:00,7400,7400,7400,7400,700
2022-12-23 11:01:00,7400,7400,7400,7400,2600
2022-12-23 11:02:00,0,0,0,0,0
2022-12-23 11:03:00,7425,7425,7425,7425,300
2022-12-23 11:04:00,0,0,0,0,0
2022-12-23 11:05:00,7400,7400,7400,7400,10300
2022-12-23 11:06:00,0,0,0,0,0
2022-12-23 11:07:00,0,0,0,0,0
2022-12-23 11:08:00,0,0,0,0,0
2022-12-23 11:09:00,7375,7375,7375,7375,2400
2022-12-23 11:10:00,7400,7400,7400,7400,0
2022-12-23 11:11:00,0,0,0,0,0
2022-12-23 11:12:00,0,0,0,0,0
2022-12-23 11:13:00,7400,7400,7400,7400,2400
2022-12-23 11:14:00,0,0,0,0,0
2022-12-23 11:15:00,0,0,0,0,0
2022-12-23 11:16:00,0,0,0,0,0
2022-12-23 11:17:00,7400,7400,7400,7400,40100
2022-12-23 11:18:00,0,0,0,0,0
2022-12-23 11:19:00,0,0,0,0,0
2022-12-23 11:20:00,7400,7400,7400,7400,0
2022-12-23 11:21:00,7375,7375,7375,7375,1800
2022-12-23 11:22:00,7400,7400,7400,7400,0
2022-12-23 11:23:00,7375,7375,7375,7375,60000
2022-12-23 11:24:00,0,0,0,0,0
2022-12-23 11:25:00,0,0,0,0,0
2022-12-23 11:26:00,0,0,0,0,0
2022-12-23 11:27:00,7375,7375,7375,7375,600
2022-12-23 11:28:00,7375,7375,7375,7375,200
2022-12-23 11:29:00,0,0,0,0,0
2022-12-23 11:30:00,0,0,0,0,0
2022-12-23 11:31:00,0,0,0,0,0
2022-12-23 11:32:00,0,0,0,0,0
2022-12-23 11:33:00,0,0,0,0,0
2022-12-23 11:34:00,0,0,0,0,0
2022-12-23 11:35:00,0,0,0,0,0
2022-12-23 11:36:00,0,0,0,0,0
2022-12-23 11:37:00,0,0,0,0,0
2022-12-23 11:38:00,0,0,0,0,0
2022-12-23 11:39:00,0,0,0,0,0
2022-12-23 11:40:00,0,0,0,0,0
2022-12-23 11:41:00,0,0,0,0,0
2022-12-23 11:42:00,0,0,0,0,0
2022-12-23 11:43:00,0,0,0,0,0
2022-12-23 11:44:00,0,0,0,0,0
2022-12-23 11:45:00,0,0,0,0,0
2022-12-23 11:46:00,0,0,0,0,0
2022-12-23 11:47:00,0,0,0,0,0
2022-12-23 11:48:00,0,0,0,0,0
2022-12-23 11:49:00,0,0,0,0,0
2022-12-23 11:50:00,0,0,0,0,0
2022-12-23 11:51:00,0,0,0,0,0
2022-12-23 11:52:00,0,0,0,0,0
2022-12-23 11:53:00,0,0,0,0,0
2022-12-23 11:54:00,0,0,0,0,0
2022-12-23 11:55:00,0,0,0,0,0
2022-12-23 11:56:00,0,0,0,0,0
2022-12-23 11:57:00,0,0,0,0,0
2022-12-23 11:58:00,0,0,0,0,0
2022-12-23 11:59:00,0,0,0,0,0
2022-12-23 12:00:00,0,0,0,0,0
2022-12-23 12:01:00,0,0,0,0,0
2022-12-23 12:02:00,0,0,0,0,0
2022-12-23 12:03:00,0,0,0,0,0
2022-12-23 12:04:00,0,0,0,0,0
2022-12-23 12:05:00,0,0,0,0,0
2022-12-23 12:06:00,0,0,0,0,0
2022-12-23 12:07:00,0,0,0,0,0
2022-12-23 12:08:00,0,0,0,0,0
2022-12-23 12:09:00,0,0,0,0,0
2022-12-23 12:10:00,0,0,0,0,0
2022-12-23 12:11:00,0,0,0,0,0
2022-12-23 12:12:00,0,0,0,0,0
2022-12-23 12:13:00,0,0,0,0,0
2022-12-23 12:14:00,0,0,0,0,0
2022-12-23 12:15:00,0,0,0,0,0
2022-12-23 12:16:00,0,0,0,0,0
2022-12-23 12:17:00,0,0,0,0,0
2022-12-23 12:18:00,0,0,0,0,0
2022-12-23 12:19:00,0,0,0,0,0
2022-12-23 12:20:00,0,0,0,0,0
2022-12-23 12:21:00,0,0,0,0,0
2022-12-23 12:22:00,0,0,0,0,0
2022-12-23 12:23:00,0,0,0,0,0
2022-12-23 12:24:00,0,0,0,0,0
2022-12-23 12:25:00,0,0,0,0,0
2022-12-23 12:26:00,0,0,0,0,0
2022-12-23 12:27:00,0,0,0,0,0
2022-12-23 12:28:00,0,0,0,0,0
2022-12-23 12:29:00,0,0,0,0,0
2022-12-23 12:30:00,0,0,0,0,0
2022-12-23 12:31:00,0,0,0,0,0
2022-12-23 12:32:00,0,0,0,0,0
2022-12-23 12:33:00,0,0,0,0,0
2022-12-23 12:34:00,0,0,0,0,0
2022-12-23 12:35:00,0,0,0,0,0
2022-12-23 12:36:00,0,0,0,0,0
2022-12-23 12:37:00,0,0,0,0,0
2022-12-23 12:38:00,0,0,0,0,0
2022-12-23 12:39:00,0,0,0,0,0
2022-12-23 12:40:00,0,0,0,0,0
2022-12-23 12:41:00,0,0,0,0,0
2022-12-23 12:42:00,0,0,0,0,0
2022-12-23 12:43:00,0,0,0,0,0
2022-12-23 12:44:00,0,0,0,0,0
2022-12-23 12:45:00,0,0,0,0,0
2022-12-23 12:46:00,0,0,0,0,0
2022-12-23 12:47:00,0,0,0,0,0
2022-12-23 12:48:00,0,0,0,0,0
2022-12-23 12:49:00,0,0,0,0,0
2022-12-23 12:50:00,0,0,0,0,0
2022-12-23 12:51:00,0,0,0,0,0
2022-12-23 12:52:00,0,0,0,0,0
2022-12-23 12:53:00,0,0,0,0,0
2022-12-23 12:54:00,0,0,0,0,0
2022-12-23 12:55:00,0,0,0,0,0
2022-12-23 12:56:00,0,0,0,0,0
2022-12-23 12:57:00,0,0,0,0,0
2022-12-23 12:58:00,0,0,0,0,0
2022-12-23 12:59:00,0,0,0,0,0
2022-12-23 13:00:00,0,0,0,0,0
2022-12-23 13:01:00,0,0,0,0,0
2022-12-23 13:02:00,0,0,0,0,0
2022-12-23 13:03:00,0,0,0,0,0
2022-12-23 13:04:00,0,0,0,0,0
2022-12-23 13:05:00,0,0,0,0,0
2022-12-23 13:06:00,0,0,0,0,0
2022-12-23 13:07:00,0,0,0,0,0
2022-12-23 13:08:00,0,0,0,0,0
2022-12-23 13:09:00,0,0,0,0,0
2022-12-23 13:10:00,0,0,0,0,0
2022-12-23 13:11:00,0,0,0,0,0
2022-12-23 13:12:00,0,0,0,0,0
2022-12-23 13:13:00,0,0,0,0,0
2022-12-23 13:14:00,0,0,0,0,0
2022-12-23 13:15:00,0,0,0,0,0
2022-12-23 13:16:00,0,0,0,0,0
2022-12-23 13:17:00,0,0,0,0,0
2022-12-23 13:18:00,0,0,0,0,0
2022-12-23 13:19:00,0,0,0,0,0
2022-12-23 13:20:00,0,0,0,0,0
2022-12-23 13:21:00,0,0,0,0,0
2022-12-23 13:22:00,0,0,0,0,0
2022-12-23 13:23:00,0,0,0,0,0
2022-12-23 13:24:00,0,0,0,0,0
2022-12-23 13:25:00,0,0,0,0,0
2022-12-23 13:26:00,0,0,0,0,0
2022-12-23 13:27:00,0,0,0,0,0
2022-12-23 13:28:00,0,0,0,0,0
2022-12-23 13:29:00,0,0,0,0,0
2022-12-23 13:30:00,7400,7375,7400,7400,17400
2022-12-23 13:31:00,0,0,0,0,0
2022-12-23 13:32:00,0,0,0,0,0
2022-12-23 13:33:00,0,0,0,0,0
2022-12-23 13:34:00,0,0,0,0,0
2022-12-23 13:35:00,7400,7400,7400,7400,10000
2022-12-23 13:36:00,7400,7400,7400,7400,0
2022-12-23 13:37:00,7400,7400,7400,7400,37800
2022-12-23 13:38:00,0,0,0,0,0
2022-12-23 13:39:00,7400,7400,7400,7400,200
2022-12-23 13:40:00,0,0,0,0,0
2022-12-23 13:41:00,0,0,0,0,0
2022-12-23 13:42:00,0,0,0,0,0
2022-12-23 13:43:00,7400,7400,7400,7400,200
2022-12-23 13:44:00,0,0,0,0,0
2022-12-23 13:45:00,7375,7375,7375,7375,52500
2022-12-23 13:46:00,7375,7375,7375,7375,20000
2022-12-23 13:47:00,7375,7375,7375,7375,31900
2022-12-23 13:48:00,7375,7375,7375,7375,5100
2022-12-23 13:49:00,0,0,0,0,0
2022-12-23 13:50:00,0,0,0,0,0
2022-12-23 13:51:00,0,0,0,0,0
2022-12-23 13:52:00,0,0,0,0,0
2022-12-23 13:53:00,7375,7375,7400,7400,300
2022-12-23 13:54:00,0,0,0,0,0
2022-12-23 13:55:00,0,0,0,0,0
2022-12-23 13:56:00,0,0,0,0,0
2022-12-23 13:57:00,7400,7400,7400,7400,28000
2022-12-23 13:58:00,7400,7400,7400,7400,52600
2022-12-23 13:59:00,7400,7400,7400,7400,9800
2022-12-23 14:00:00,7375,7375,7400,7400,500
2022-12-23 14:01:00,0,0,0,0,0
2022-12-23 14:02:00,0,0,0,0,0
2022-12-23 14:03:00,0,0,0,0,0
2022-12-23 14:04:00,0,0,0,0,0
2022-12-23 14:05:00,0,0,0,0,0
2022-12-23 14:06:00,7375,7375,7375,7375,4900
2022-12-23 14:07:00,7375,7375,7375,7375,0
2022-12-23 14:08:00,0,0,0,0,0
2022-12-23 14:09:00,0,0,0,0,0
2022-12-23 14:10:00,7400,7400,7400,7400,200
2022-12-23 14:11:00,0,0,0,0,0
2022-12-23 14:12:00,0,0,0,0,0
2022-12-23 14:13:00,0,0,0,0,0
2022-12-23 14:14:00,0,0,0,0,0
2022-12-23 14:15:00,7375,7375,7375,7375,42000
2022-12-23 14:16:00,0,0,0,0,0
2022-12-23 14:17:00,7400,7375,7400,7400,0
2022-12-23 14:18:00,0,0,0,0,0
2022-12-23 14:19:00,0,0,0,0,0
2022-12-23 14:20:00,7375,7375,7375,7375,4100
2022-12-23 14:21:00,7375,7375,7375,7375,0
2022-12-23 14:22:00,0,0,0,0,0
2022-12-23 14:23:00,7375,7375,7400,7400,500
2022-12-23 14:24:00,7375,7375,7375,7375,25000
2022-12-23 14:25:00,7400,7375,7400,7375,55100
2022-12-23 14:26:00,7375,7375,7375,7375,1600
2022-12-23 14:27:00,7400,7400,7400,7400,1400
2022-12-23 14:28:00,7375,7375,7400,7400,4700
2022-12-23 14:29:00,7375,7375,7400,7375,8300
2022-12-23 14:30:00,7400,7400,7400,7400,0
2022-12-23 14:31:00,0,0,0,0,0
2022-12-23 14:32:00,7400,7400,7400,7400,45600
2022-12-23 14:33:00,7400,7350,7400,7400,178500
2022-12-23 14:34:00,0,0,0,0,0
2022-12-23 14:35:00,0,0,0,0,0
2022-12-23 14:36:00,7375,7375,7375,7375,0
2022-12-23 14:37:00,7375,7375,7375,7375,0
2022-12-23 14:38:00,7375,7375,7375,7375,600
2022-12-23 14:39:00,7375,7350,7375,7350,6900
2022-12-23 14:40:00,7350,7350,7375,7375,3200
2022-12-23 14:41:00,7350,7350,7350,7350,51400
2022-12-23 14:42:00,7350,7350,7350,7350,7900
2022-12-23 14:43:00,7325,7325,7350,7350,0
2022-12-23 14:44:00,7325,7325,7350,7325,28200
2022-12-23 14:45:00,7325,7325,7325,7325,16700
2022-12-23 14:46:00,7325,7325,7350,7325,14000
2022-12-23 14:47:00,7350,7350,7350,7350,0
2022-12-23 14:48:00,7325,7325,7325,7325,2300
2022-12-23 14:49:00,7350,7350,7350,7350,0
2022-12-23 14:50:00,0,0,0,0,0
2022-12-23 14:51:00,0,0,0,0,0
2022-12-23 14:52:00,0,0,0,0,0
2022-12-23 14:53:00,0,0,0,0,0
2022-12-23 14:54:00,0,0,0,0,0
2022-12-23 14:55:00,0,0,0,0,0
2022-12-23 14:56:00,0,0,0,0,0
2022-12-23 14:57:00,0,0,0,0,0
2022-12-23 14:58:00,0,0,0,0,0
2022-12-23 14:59:00,0,0,0,0,0
2022-12-23 15:00:00,7325,7325,7325,7325,70300
2022-12-23 15:01:00,0,0,0,0,0
2022-12-23 15:02:00,7325,7325,7325,7325,3000
2022-12-23 15:03:00,0,0,0,0,0
2022-12-23 15:04:00,7325,7325,7325,7325,1800
2022-12-23 15:05:00,0,0,0,0,0
2022-12-23 15:06:00,0,0,0,0,0
2022-12-23 15:07:00,7325,7325,7325,7325,2800
2022-12-23 15:08:00,7325,7325,7325,7325,0
2022-12-23 15:09:00,7325,7325,7325,7325,14100
2022-12-23 15:10:00,0,0,0,0,0
2022-12-23 15:11:00,7325,7325,7325,7325,0
2022-12-23 15:12:00,0,0,0,0,0
2022-12-23 15:13:00,0,0,0,0,0
2022-12-23 15:14:00,0,0,0,0,0
2022-12-23 15:15:00,0,0,0,0,0
2022-12-23 15:16:00,0,0,0,0,0
2022-12-23 15:17:00,0,0,0,0,0
2022-12-23 15:18:00,0,0,0,0,0
2022-12-23 15:19:00,0,0,0,0,0
2022-12-23 15:20:00,0,0,0,0,0
2022-12-23 15:21:00,0,0,0,0,0
2022-12-23 15:22:00,0,0,0,0,0
2022-12-23 15:23:00,0,0,0,0,0
2022-12-23 15:24:00,0,0,0,0,0
2022-12-23 15:25:00,0,0,0,0,0
2022-12-23 15:26:00,0,0,0,0,0
2022-12-23 15:27:00,0,0,0,0,0
2022-12-23 15:28:00,0,0,0,0,0
2022-12-23 15:29:00,0,0,0,0,0
2022-12-23 15:30:00,0,0,0,0,0
2022-12-23 15:31:00,0,0,0,0,0
2022-12-23 15:32:00,0,0,0,0,0
2022-12-23 15:33:00,0,0,0,0,0
2022-12-23 15:34:00,0,0,0,0,0
2022-12-23 15:35:00,0,0,0,0,0
2022-12-23 15:36:00,0,0,0,0,0
2022-12-23 15:37:00,0,0,0,0,0
2022-12-23 15:38:00,0,0,0,0,0
2022-12-23 15:39:00,0,0,0,0,0
2022-12-23 15:40:00,0,0,0,0,0
2022-12-23 15:41:00,0,0,0,0,0
2022-12-23 15:42:00,0,0,0,0,0
2022-12-23 15:43:00,0,0,0,0,0
2022-12-23 15:44:00,0,0,0,0,0
2022-12-23 15:45:00,0,0,0,0,0
2022-12-23 15:46:00,0,0,0,0,0
2022-12-23 15:47:00,0,0,0,0,0
2022-12-23 15:48:00,0,0,0,0,0
2022-12-23 15:49:00,0,0,0,0,0
2022-12-23 15:50:00,0,0,0,0,0
2022-12-23 15:51:00,0,0,0,0,0
2022-12-23 15:52:00,0,0,0,0,0
2022-12-23 15:53:00,0,0,0,0,0
2022-12-23 15:54:00,0,0,0,0,0
2022-12-23 15:55:00,0,0,0,0,0
2022-12-23 15:56:00,0,0,0,0,0
2022-12-23 15:57:00,0,0,0,0,0
2022-12-23 15:58:00,0,0,0,0,0
2022-12-23 15:59:00,0,0,0,0,0
2022-12-26 09:00:00,7325,7325,7325,7325,0
2022-12-26 09:01:00,7300,7275,7300,7275,5000
2022-12-26 09:02:00,7275,7275,7300,7275,54800
2022-12-26 09:03:00,7275,7275,7300,7300,82100
2022-12-26 09:04:00,7300,7300,7300,7300,10400
2022-12-26 09:05:00,7300,7300,7300,7300,800
2022-12-26 09:06:00,7325,7325,7325,7325,500
2022-12-26 09:07:00,7325,7325,7325,7325,24500
2022-12-26 09:08:00,7350,7350,7350,7350,0
2022-12-26 09:09:00,7325,7325,7325,7325,3100
2022-12-26 09:10:00,7325,7325,7325,7325,1800
2022-12-26 09:11:00,7300,7300,7325,7325,8000
2022-12-26 09:12:00,7350,7350,7350,7350,0
2022-12-26 09:13:00,7325,7325,7350,7350,2900
2022-12-26 09:14:00,7350,7350,7350,7350,0
2022-12-26 09:15:00,7325,7325,7325,7325,100
2022-12-26 09:16:00,7325,7325,7325,7325,4000
2022-12-26 09:17:00,7350,7350,7350,7350,0
2022-12-26 09:18:00,7350,7350,7350,7350,300
2022-12-26 09:19:00,7350,7350,7350,7350,4200
2022-12-26 09:20:00,7350,7350,7375,7375,3500
2022-12-26 09:21:00,7350,7350,7350,7350,16200
2022-12-26 09:22:00,7350,7325,7350,7350,1200
2022-12-26 09:23:00,7350,7350,7350,7350,900
2022-12-26 09:24:00,0,0,0,0,0
2022-12-26 09:25:00,0,0,0,0,0
2022-12-26 09:26:00,7325,7325,7325,7325,1700
2022-12-26 09:27:00,7350,7350,7350,7350,400
2022-12-26 09:28:00,7325,7325,7350,7350,21600
2022-12-26 09:29:00,7375,7375,7375,7375,0
2022-12-26 09:30:00,0,0,0,0,0
2022-12-26 09:31:00,7375,7375,7375,7375,0
2022-12-26 09:32:00,7350,7350,7375,7375,11900
2022-12-26 09:33:00,0,0,0,0,0
2022-12-26 09:34:00,7375,7375,7375,7375,5500
2022-12-26 09:35:00,0,0,0,0,0
2022-12-26 09:36:00,7375,7375,7375,7375,9000
2022-12-26 09:37:00,7375,7375,7375,7375,1300
2022-12-26 09:38:00,7375,7375,7375,7375,9500
2022-12-26 09:39:00,7375,7375,7375,7375,17800
2022-12-26 09:40:00,0,0,0,0,0
2022-12-26 09:41:00,7375,7350,7400,7400,0
2022-12-26 09:42:00,7350,7350,7375,7375,9200
2022-12-26 09:43:00,0,0,0,0,0
2022-12-26 09:44:00,7375,7375,7375,7375,9500
2022-12-26 09:45:00,7375,7375,7375,7375,0
2022-12-26 09:46:00,0,0,0,0,0
2022-12-26 09:47:00,7350,7350,7375,7350,37400
2022-12-26 09:48:00,7350,7350,7375,7375,2300
2022-12-26 09:49:00,0,0,0,0,0
2022-12-26 09:50:00,7375,7375,7375,7375,6500
2022-12-26 09:51:00,0,0,0,0,0
2022-12-26 09:52:00,7350,7350,7375,7375,200
2022-12-26 09:53:00,0,0,0,0,0
2022-12-26 09:54:00,7375,7375,7375,7375,1100
2022-12-26 09:55:00,7375,7375,7375,7375,100
2022-12-26 09:56:00,0,0,0,0,0
2022-12-26 09:57:00,0,0,0,0,0
2022-12-26 09:58:00,0,0,0,0,0
2022-12-26 09:59:00,7350,7350,7350,7350,400
2022-12-26 10:00:00,7375,7375,7375,7375,0
2022-12-26 10:01:00,7350,7350,7350,7350,200
2022-12-26 10:02:00,0,0,0,0,0
2022-12-26 10:03:00,0,0,0,0,0
2022-12-26 10:04:00,0,0,0,0,0
2022-12-26 10:05:00,7350,7350,7350,7350,11500
2022-12-26 10:06:00,7350,7350,7350,7350,0
2022-12-26 10:07:00,7350,7350,7350,7350,0
2022-12-26 10:08:00,0,0,0,0,0
2022-12-26 10:09:00,7350,7350,7350,7350,200
2022-12-26 10:10:00,7350,7350,7350,7350,5500
2022-12-26 10:11:00,0,0,0,0,0
2022-12-26 10:12:00,0,0,0,0,0
2022-12-26 10:13:00,7350,7350,7350,7350,5400
2022-12-26 10:14:00,0,0,0,0,0
2022-12-26 10:15:00,7350,7350,7350,7350,0
2022-12-26 10:16:00,7350,7350,7350,7350,100
2022-12-26 10:17:00,7350,7350,7350,7350,5700
2022-12-26 10:18:00,7350,7350,7350,7350,0
2022-12-26 10:19:00,7350,7350,7350,7350,2300
2022-12-26 10:20:00,0,0,0,0,0
2022-12-26 10:21:00,0,0,0,0,0
2022-12-26 10:22:00,7375,7375,7375,7375,0
2022-12-26 10:23:00,0,0,0,0,0
2022-12-26 10:24:00,0,0,0,0,0
2022-12-26 10:25:00,7350,7350,7350,7350,700
2022-12-26 10:26:00,0,0,0,0,0
2022-12-26 10:27:00,7350,7350,7350,7350,1800
2022-12-26 10:28:00,7350,7350,7350,7350,6000
2022-12-26 10:29:00,0,0,0,0,0
2022-12-26 10:30:00,0,0,0,0,0
2022-12-26 10:31:00,7375,7375,7375,7375,0
2022-12-26 10:32:00,7375,7375,7375,7375,1000
2022-12-26 10:33:00,0,0,0,0,0
2022-12-26 10:34:00,7375,7375,7375,7375,5300
2022-12-26 10:35:00,7350,7350,7350,7350,1600
2022-12-26 10:36:00,0,0,0,0,0
2022-12-26 10:37:00,7350,7350,7350,7350,23000
2022-12-26 10:38:00,7350,7350,7350,7350,21000
2022-12-26 10:39:00,7350,7350,7350,7350,100
2022-12-26 10:40:00,7350,7350,7350,7350,4000
2022-12-26 10:41:00,0,0,0,0,0
2022-12-26 10:42:00,7325,7325,7325,7325,0
2022-12-26 10:43:00,7325,7325,7325,7325,95800
2022-12-26 10:44:00,7325,7325,7325,7325,0
2022-12-26 10:45:00,0,0,0,0,0
2022-12-26 10:46:00,7350,7325,7350,7325,47600
2022-12-26 10:47:00,7325,7325,7325,7325,200
2022-12-26 10:48:00,7350,7350,7350,7350,0
2022-12-26 10:49:00,7350,7350,7350,7350,0
2022-12-26 10:50:00,0,0,0,0,0
2022-12-26 10:51:00,7325,7325,7325,7325,1900
2022-12-26 10:52:00,7325,7325,7325,7325,1000
2022-12-26 10:53:00,7325,7325,7325,7325,15700
2022-12-26 10:54:00,7325,7300,7325,7300,1000
2022-12-26 10:55:00,7300,7300,7300,7300,0
2022-12-26 10:56:00,0,0,0,0,0
2022-12-26 10:57:00,0,0,0,0,0
2022-12-26 10:58:00,7300,7300,7300,7300,25800
2022-12-26 10:59:00,0,0,0,0,0
2022-12-26 11:00:00,7325,7325,7325,7325,0
2022-12-26 11:01:00,0,0,0,0,0
2022-12-26 11:02:00,7325,7325,7325,7325,100
2022-12-26 11:03:00,0,0,0,0,0
2022-12-26 11:04:00,0,0,0,0,0
2022-12-26 11:05:00,7325,7325,7325,7325,200
2022-12-26 11:06:00,7325,7325,7325,7325,100
2022-12-26 11:07:00,0,0,0,0,0
2022-12-26 11:08:00,0,0,0,0,0
2022-12-26 11:09:00,7325,7300,7325,7300,3000
2022-12-26 11:10:00,0,0,0,0,0
2022-12-26 11:11:00,0,0,0,0,0
2022-12-26 11:12:00,7325,7325,7325,7325,300
2022-12-26 11:13:00,0,0,0,0,0
2022-12-26 11:14:00,7325,7325,7325,7325,2500
2022-12-26 11:15:00,0,0,0,0,0
2022-12-26 11:16:00,0,0,0,0,0
2022-12-26 11:17:00,0,0,0,0,0
2022-12-26 11:18:00,0,0,0,0,0
2022-12-26 11:19:00,0,0,0,0,0
2022-12-26 11:20:00,0,0,0,0,0
2022-12-26 11:21:00,0,0,0,0,0
2022-12-26 11:22:00,7325,7300,7325,7300,200
2022-12-26 11:23:00,7300,7300,7300,7300,800
2022-12-26 11:24:00,7325,7325,7325,7325,6700
2022-12-26 11:25:00,7325,7325,7325,7325,13500
2022-12-26 11:26:00,0,0,0,0,0
2022-12-26 11:27:00,0,0,0,0,0
2022-12-26 11:28:00,7325,7300,7325,7300,5800
2022-12-26 11:29:00,7325,7325,7325,7325,0
2022-12-26 11:30:00,0,0,0,0,0
2022-12-26 11:31:00,0,0,0,0,0
2022-12-26 11:32:00,0,0,0,0,0
2022-12-26 11:33:00,0,0,0,0,0
2022-12-26 11:34:00,0,0,0,0,0
2022-12-26 11:35:00,0,0,0,0,0
2022-12-26 11:36:00,0,0,0,0,0
2022-12-26 11:37:00,0,0,0,0,0
2022-12-26 11:38:00,0,0,0,0,0
2022-12-26 11:39:00,0,0,0,0,0
2022-12-26 11:40:00,0,0,0,0,0
2022-12-26 11:41:00,0,0,0,0,0
2022-12-26 11:42:00,0,0,0,0,0
2022-12-26 11:43:00,0,0,0,0,0
2022-12-26 11:44:00,0,0,0,0,0
2022-12-26 11:45:00,0,0,0,0,0
2022-12-26 11:46:00,0,0,0,0,0
2022-12-26 11:47:00,0,0,0,0,0
2022-12-26 11:48:00,0,0,0,0,0
2022-12-26 11:49:00,0,0,0,0,0
2022-12-26 11:50:00,0,0,0,0,0
2022-12-26 11:51:00,0,0,0,0,0
2022-12-26 11:52:00,0,0,0,0,0
2022-12-26 11:53:00,0,0,0,0,0
2022-12-26 11:54:00,0,0,0,0,0
2022-12-26 11:55:00,0,0,0,0,0
2022-12-26 11:56:00,0,0,0,0,0
2022-12-26 11:57:00,0,0,0,0,0
2022-12-26 11:58:00,0,0,0,0,0
2022-12-26 11:59:00,0,0,0,0,0
2022-12-26 12:00:00,0,0,0,0,0
2022-12-26 12:01:00,0,0,0,0,0
2022-12-26 12:02:00,0,0,0,0,0
2022-12-26 12:03:00,0,0,0,0,0
2022-12-26 12:04:00,0,0,0,0,0
2022-12-26 12:05:00,0,0,0,0,0
2022-12-26 12:06:00,0,0,0,0,0
2022-12-26 12:07:00,0,0,0,0,0
2022-12-26 12:08:00,0,0,0,0,0
2022-12-26 12:09:00,0,0,0,0,0
2022-12-26 12:10:00,0,0,0,0,0
2022-12-26 12:11:00,0,0,0,0,0
2022-12-26 12:12:00,0,0,0,0,0
2022-12-26 12:13:00,0,0,0,0,0
2022-12-26 12:14:00,0,0,0,0,0
2022-12-26 12:15:00,0,0,0,0,0
2022-12-26 12:16:00,0,0,0,0,0
2022-12-26 12:17:00,0,0,0,0,0
2022-12-26 12:18:00,0,0,0,0,0
2022-12-26 12:19:00,0,0,0,0,0
2022-12-26 12:20:00,0,0,0,0,0
2022-12-26 12:21:00,0,0,0,0,0
2022-12-26 12:22:00,0,0,0,0,0
2022-12-26 12:23:00,0,0,0,0,0
2022-12-26 12:24:00,0,0,0,0,0
2022-12-26 12:25:00,0,0,0,0,0
2022-12-26 12:26:00,0,0,0,0,0
2022-12-26 12:27:00,0,0,0,0,0
2022-12-26 12:28:00,0,0,0,0,0
2022-12-26 12:29:00,0,0,0,0,0
2022-12-26 12:30:00,0,0,0,0,0
2022-12-26 12:31:00,0,0,0,0,0
2022-12-26 12:32:00,0,0,0,0,0
2022-12-26 12:33:00,0,0,0,0,0
2022-12-26 12:34:00,0,0,0,0,0
2022-12-26 12:35:00,0,0,0,0,0
2022-12-26 12:36:00,0,0,0,0,0
2022-12-26 12:37:00,0,0,0,0,0
2022-12-26 12:38:00,0,0,0,0,0
2022-12-26 12:39:00,0,0,0,0,0
2022-12-26 12:40:00,0,0,0,0,0
2022-12-26 12:41:00,0,0,0,0,0
2022-12-26 12:42:00,0,0,0,0,0
2022-12-26 12:43:00,0,0,0,0,0
2022-12-26 12:44:00,0,0,0,0,0
2022-12-26 12:45:00,0,0,0,0,0
2022-12-26 12:46:00,0,0,0,0,0
2022-12-26 12:47:00,0,0,0,0,0
2022-12-26 12:48:00,0,0,0,0,0
2022-12-26 12:49:00,0,0,0,0,0
2022-12-26 12:50:00,0,0,0,0,0
2022-12-26 12:51:00,0,0,0,0,0
2022-12-26 12:52:00,0,0,0,0,0
2022-12-26 12:53:00,0,0,0,0,0
2022-12-26 12:54:00,0,0,0,0,0
2022-12-26 12:55:00,0,0,0,0,0
2022-12-26 12:56:00,0,0,0,0,0
2022-12-26 12:57:00,0,0,0,0,0
2022-12-26 12:58:00,0,0,0,0,0
2022-12-26 12:59:00,0,0,0,0,0
2022-12-26 13:00:00,0,0,0,0,0
2022-12-26 13:01:00,0,0,0,0,0
2022-12-26 13:02:00,0,0,0,0,0
2022-12-26 13:03:00,0,0,0,0,0
2022-12-26 13:04:00,0,0,0,0,0
2022-12-26 13:05:00,0,0,0,0,0
2022-12-26 13:06:00,0,0,0,0,0
2022-12-26 13:07:00,0,0,0,0,0
2022-12-26 13:08:00,0,0,0,0,0
2022-12-26 13:09:00,0,0,0,0,0
2022-12-26 13:10:00,0,0,0,0,0
2022-12-26 13:11:00,0,0,0,0,0
2022-12-26 13:12:00,0,0,0,0,0
2022-12-26 13:13:00,0,0,0,0,0
2022-12-26 13:14:00,0,0,0,0,0
2022-12-26 13:15:00,0,0,0,0,0
2022-12-26 13:16:00,0,0,0,0,0
2022-12-26 13:17:00,0,0,0,0,0
2022-12-26 13:18:00,0,0,0,0,0
2022-12-26 13:19:00,0,0,0,0,0
2022-12-26 13:20:00,0,0,0,0,0
2022-12-26 13:21:00,0,0,0,0,0
2022-12-26 13:22:00,0,0,0,0,0
2022-12-26 13:23:00,0,0,0,0,0
2022-12-26 13:24:00,0,0,0,0,0
2022-12-26 13:25:00,0,0,0,0,0
2022-12-26 13:26:00,0,0,0,0,0
2022-12-26 13:27:00,0,0,0,0,0
2022-12-26 13:28:00,0,0,0,0,0
2022-12-26 13:29:00,0,0,0,0,0
2022-12-26 13:30:00,7350,7325,7350,7350,900
2022-12-26 13:31:00,0,0,0,0,0
2022-12-26 13:32:00,0,0,0,0,0
2022-12-26 13:33:00,7325,7325,7325,7325,1200
2022-12-26 13:34:00,0,0,0,0,0
2022-12-26 13:35:00,7300,7300,7325,7325,31200
2022-12-26 13:36:00,7325,7325,7325,7325,700
2022-12-26 13:37:00,7325,7325,7325,7325,0
2022-12-26 13:38:00,0,0,0,0,0
2022-12-26 13:39:00,7325,7325,7325,7325,500
2022-12-26 13:40:00,0,0,0,0,0
2022-12-26 13:41:00,0,0,0,0,0
2022-12-26 13:42:00,0,0,0,0,0
2022-12-26 13:43:00,0,0,0,0,0
2022-12-26 13:44:00,7325,7325,7325,7325,2400
2022-12-26 13:45:00,7300,7300,7300,7300,0
2022-12-26 13:46:00,7300,7300,7300,7300,10400
2022-12-26 13:47:00,7300,7300,7325,7325,56600
2022-12-26 13:48:00,0,0,0,0,0
2022-12-26 13:49:00,7325,7300,7325,7300,400
2022-12-26 13:50:00,0,0,0,0,0
2022-12-26 13:51:00,7300,7300,7300,7300,0
2022-12-26 13:52:00,0,0,0,0,0
2022-12-26 13:53:00,7325,7325,7325,7325,400
2022-12-26 13:54:00,7325,7325,7325,7325,0
2022-12-26 13:55:00,7300,7300,7300,7300,400
2022-12-26 13:56:00,7325,7325,7325,7325,8000
2022-12-26 13:57:00,7325,7325,7325,7325,0
2022-12-26 13:58:00,7325,7325,7325,7325,0
2022-12-26 13:59:00,0,0,0,0,0
2022-12-26 14:00:00,0,0,0,0,0
2022-12-26 14:01:00,0,0,0,0,0
2022-12-26 14:02:00,7325,7325,7325,7325,0
2022-12-26 14:03:00,0,0,0,0,0
2022-12-26 14:04:00,7300,7300,7300,7300,56400
2022-12-26 14:05:00,0,0,0,0,0
2022-12-26 14:06:00,7300,7300,7300,7300,12700
2022-12-26 14:07:00,7300,7300,7325,7300,15700
2022-12-26 14:08:00,7300,7275,7300,7275,7700
2022-12-26 14:09:00,0,0,0,0,0
2022-12-26 14:10:00,7300,7300,7325,7325,10200
2022-12-26 14:11:00,7300,7300,7300,7300,900
2022-12-26 14:12:00,0,0,0,0,0
2022-12-26 14:13:00,7325,7325,7325,7325,0
2022-12-26 14:14:00,0,0,0,0,0
2022-12-26 14:15:00,7325,7325,7325,7325,0
2022-12-26 14:16:00,7325,7325,7325,7325,200
2022-12-26 14:17:00,7325,7325,7325,7325,17700
2022-12-26 14:18:00,7300,7300,7300,7300,0
2022-12-26 14:19:00,7300,7300,7300,7300,21700
2022-12-26 14:20:00,0,0,0,0,0
2022-12-26 14:21:00,0,0,0,0,0
2022-12-26 14:22:00,7300,7300,7300,7300,25400
2022-12-26 14:23:00,7325,7300,7325,7300,400
2022-12-26 14:24:00,0,0,0,0,0
2022-12-26 14:25:00,7300,7300,7325,7325,2400
2022-12-26 14:26:00,7300,7300,7300,7300,14700
2022-12-26 14:27:00,7325,7325,7325,7325,400
2022-12-26 14:28:00,0,0,0,0,0
2022-12-26 14:29:00,0,0,0,0,0
2022-12-26 14:30:00,0,0,0,0,0
2022-12-26 14:31:00,0,0,0,0,0
2022-12-26 14:32:00,7300,7300,7300,7300,16900
2022-12-26 14:33:00,7300,7300,7300,7300,1000
2022-12-26 14:34:00,0,0,0,0,0
2022-12-26 14:35:00,7300,7300,7300,7300,1500
2022-12-26 14:36:00,7300,7300,7300,7300,3100
2022-12-26 14:37:00,0,0,0,0,0
2022-12-26 14:38:00,7300,7300,7300,7300,1300
2022-12-26 14:39:00,7300,7300,7300,7300,15500
2022-12-26 14:40:00,7300,7275,7300,7275,300
2022-12-26 14:41:00,7300,7300,7300,7300,20800
2022-12-26 14:42:00,7300,7300,7300,7300,0
2022-12-26 14:43:00,7275,7275,7275,7275,12900
2022-12-26 14:44:00,7325,7325,7325,7325,0
2022-12-26 14:45:00,0,0,0,0,0
2022-12-26 14:46:00,0,0,0,0,0
2022-12-26 14:47:00,0,0,0,0,0
2022-12-26 14:48:00,0,0,0,0,0
2022-12-26 14:49:00,7300,7300,7325,7325,4500
2022-12-26 14:50:00,0,0,0,0,0
2022-12-26 14:51:00,0,0,0,0,0
2022-12-26 14:52:00,0,0,0,0,0
2022-12-26 14:53:00,0,0,0,0,0
2022-12-26 14:54:00,0,0,0,0,0
2022-12-26 14:55:00,0,0,0,0,0
2022-12-26 14:56:00,0,0,0,0,0
2022-12-26 14:57:00,0,0,0,0,0
2022-12-26 14:58:00,0,0,0,0,0
2022-12-26 14:59:00,0,0,0,0,0
2022-12-26 15:00:00,7325,7325,7325,7325,14400
2022-12-26 15:01:00,7325,7325,7325,7325,200
2022-12-26 15:02:00,7325,7325,7325,7325,2100
2022-12-26 15:03:00,0,0,0,0,0
2022-12-26 15:04:00,7325,7325,7325,7325,0
2022-12-26 15:05:00,7325,7325,7325,7325,9500
2022-12-26 15:06:00,7325,7325,7325,7325,5100
2022-12-26 15:07:00,0,0,0,0,0
2022-12-26 15:08:00,0,0,0,0,0
2022-12-26 15:09:00,0,0,0,0,0
2022-12-26 15:10:00,0,0,0,0,0
2022-12-26 15:11:00,0,0,0,0,0
2022-12-26 15:12:00,7325,7325,7325,7325,22500
2022-12-26 15:13:00,0,0,0,0,0
2022-12-26 15:14:00,7325,7325,7325,7325,1060500
2022-12-26 15:15:00,0,0,0,0,0
2022-12-26 15:16:00,0,0,0,0,0
2022-12-26 15:17:00,0,0,0,0,0
2022-12-26 15:18:00,0,0,0,0,0
2022-12-26 15:19:00,0,0,0,0,0
2022-12-26 15:20:00,0,0,0,0,0
2022-12-26 15:21:00,0,0,0,0,0
2022-12-26 15:22:00,0,0,0,0,0
2022-12-26 15:23:00,0,0,0,0,0
2022-12-26 15:24:00,0,0,0,0,0
2022-12-26 15:25:00,0,0,0,0,0
2022-12-26 15:26:00,0,0,0,0,0
2022-12-26 15:27:00,0,0,0,0,0
2022-12-26 15:28:00,0,0,0,0,0
2022-12-26 15:29:00,0,0,0,0,0
2022-12-26 15:30:00,0,0,0,0,0
2022-12-26 15:31:00,0,0,0,0,0
2022-12-26 15:32:00,0,0,0,0,0
2022-12-26 15:33:00,0,0,0,0,0
2022-12-26 15:34:00,0,0,0,0,0
2022-12-26 15:35:00,0,0,0,0,0
2022-12-26 15:36:00,0,0,0,0,0
2022-12-26 15:37:00,0,0,0,0,0
2022-12-26 15:38:00,0,0,0,0,0
2022-12-26 15:39:00,0,0,0,0,0
2022-12-26 15:40:00,0,0,0,0,0
2022-12-26 15:41:00,0,0,0,0,0
2022-12-26 15:42:00,0,0,0,0,0
2022-12-26 15:43:00,0,0,0,0,0
2022-12-26 15:44:00,0,0,0,0,0
2022-12-26 15:45:00,0,0,0,0,0
2022-12-26 15:46:00,0,0,0,0,0
2022-12-26 15:47:00,0,0,0,0,0
2022-12-26 15:48:00,0,0,0,0,0
2022-12-26 15:49:00,0,0,0,0,0
2022-12-26 15:50:00,0,0,0,0,0
2022-12-26 15:51:00,0,0,0,0,0
2022-12-26 15:52:00,0,0,0,0,0
2022-12-26 15:53:00,0,0,0,0,0
2022-12-26 15:54:00,0,0,0,0,0
2022-12-26 15:55:00,0,0,0,0,0
2022-12-26 15:56:00,0,0,0,0,0
2022-12-26 15:57:00,0,0,0,0,0
2022-12-26 15:58:00,0,0,0,0,0
2022-12-26 15:59:00,0,0,0,0,0
2022-12-27 09:00:00,7350,7350,7350,7350,0
2022-12-27 09:01:00,7350,7350,7350,7350,1800
2022-12-27 09:02:00,7350,7350,7350,7350,1000
2022-12-27 09:03:00,7350,7350,7350,7350,0
2022-12-27 09:04:00,7350,7350,7350,7350,800
2022-12-27 09:05:00,7325,7325,7325,7325,100
2022-12-27 09:06:00,7350,7325,7350,7325,200
2022-12-27 09:07:00,7350,7350,7350,7350,200
2022-12-27 09:08:00,7325,7325,7350,7350,4200
2022-12-27 09:09:00,7325,7325,7325,7325,700
2022-12-27 09:10:00,0,0,0,0,0
2022-12-27 09:11:00,7325,7325,7325,7325,1400
2022-12-27 09:12:00,0,0,0,0,0
2022-12-27 09:13:00,7325,7325,7325,7325,200
2022-12-27 09:14:00,0,0,0,0,0
2022-12-27 09:15:00,7325,7325,7350,7350,600
2022-12-27 09:16:00,0,0,0,0,0
2022-12-27 09:17:00,7325,7325,7325,7325,1900
2022-12-27 09:18:00,7350,7350,7350,7350,15500
2022-12-27 09:19:00,7350,7350,7450,7450,10600
2022-12-27 09:20:00,7425,7350,7425,7350,3600
2022-12-27 09:21:00,7400,7350,7400,7350,700
2022-12-27 09:22:00,7350,7350,7350,7350,4300
2022-12-27 09:23:00,0,0,0,0,0
2022-12-27 09:24:00,0,0,0,0,0
2022-12-27 09:25:00,7350,7325,7350,7325,4600
2022-12-27 09:26:00,7375,7375,7400,7400,26500
2022-12-27 09:27:00,0,0,0,0,0
2022-12-27 09:28:00,7400,7375,7400,7375,30800
2022-12-27 09:29:00,7400,7400,7400,7400,2000
2022-12-27 09:30:00,7425,7400,7425,7400,0
2022-12-27 09:31:00,7400,7400,7425,7400,2500
2022-12-27 09:32:00,7400,7400,7400,7400,27400
2022-12-27 09:33:00,0,0,0,0,0
2022-12-27 09:34:00,7400,7400,7425,7425,14200
2022-12-27 09:35:00,7400,7400,7425,7425,24800
2022-12-27 09:36:00,7425,7425,7450,7450,26500
2022-12-27 09:37:00,7450,7450,7450,7450,11800
2022-12-27 09:38:00,7450,7400,7450,7400,18800
2022-12-27 09:39:00,7400,7400,7400,7400,11700
2022-12-27 09:40:00,7400,7400,7400,7400,4700
2022-12-27 09:41:00,0,0,0,0,0
2022-12-27 09:42:00,0,0,0,0,0
2022-12-27 09:43:00,0,0,0,0,0
2022-12-27 09:44:00,7425,7425,7425,7425,2000
2022-12-27 09:45:00,7400,7400,7400,7400,0
2022-12-27 09:46:00,0,0,0,0,0
2022-12-27 09:47:00,7400,7400,7425,7400,11600
2022-12-27 09:48:00,0,0,0,0,0
2022-12-27 09:49:00,0,0,0,0,0
2022-12-27 09:50:00,7400,7400,7400,7400,1100
2022-12-27 09:51:00,7400,7375,7400,7375,23200
2022-12-27 09:52:00,0,0,0,0,0
2022-12-27 09:53:00,0,0,0,0,0
2022-12-27 09:54:00,0,0,0,0,0
2022-12-27 09:55:00,7375,7375,7375,7375,10100
2022-12-27 09:56:00,0,0,0,0,0
2022-12-27 09:57:00,0,0,0,0,0
2022-12-27 09:58:00,0,0,0,0,0
2022-12-27 09:59:00,7400,7400,7400,7400,200
2022-12-27 10:00:00,0,0,0,0,0
2022-12-27 10:01:00,0,0,0,0,0
2022-12-27 10:02:00,7375,7375,7375,7375,2200
2022-12-27 10:03:00,7375,7375,7375,7375,0
2022-12-27 10:04:00,7375,7375,7375,7375,0
2022-12-27 10:05:00,0,0,0,0,0
2022-12-27 10:06:00,0,0,0,0,0
2022-12-27 10:07:00,0,0,0,0,0
2022-12-27 10:08:00,0,0,0,0,0
2022-12-27 10:09:00,7400,7400,7400,7400,1400
2022-12-27 10:10:00,7400,7375,7400,7375,8500
2022-12-27 10:11:00,7375,7350,7375,7350,7100
2022-12-27 10:12:00,7375,7375,7375,7375,3400
2022-12-27 10:13:00,7375,7350,7375,7350,11400
2022-12-27 10:14:00,7350,7350,7350,7350,0
2022-12-27 10:15:00,7350,7350,7350,7350,1100
2022-12-27 10:16:00,7350,7350,7350,7350,600
2022-12-27 10:17:00,7350,7350,7375,7375,500
2022-12-27 10:18:00,0,0,0,0,0
2022-12-27 10:19:00,7375,7375,7375,7375,1800
2022-12-27 10:20:00,7375,7375,7375,7375,0
2022-12-27 10:21:00,0,0,0,0,0
2022-12-27 10:22:00,0,0,0,0,0
2022-12-27 10:23:00,7375,7375,7375,7375,100
2022-12-27 10:24:00,0,0,0,0,0
2022-12-27 10:25:00,7375,7375,7375,7375,1600
2022-12-27 10:26:00,0,0,0,0,0
2022-12-27 10:27:00,0,0,0,0,0
2022-12-27 10:28:00,0,0,0,0,0
2022-12-27 10:29:00,7375,7350,7375,7375,3000
2022-12-27 10:30:00,0,0,0,0,0
2022-12-27 10:31:00,0,0,0,0,0
2022-12-27 10:32:00,7350,7350,7350,7350,500
2022-12-27 10:33:00,7350,7350,7350,7350,22500
2022-12-27 10:34:00,7350,7350,7350,7350,13800
2022-12-27 10:35:00,0,0,0,0,0
2022-12-27 10:36:00,0,0,0,0,0
2022-12-27 10:37:00,0,0,0,0,0
2022-12-27 10:38:00,7350,7350,7350,7350,0
2022-12-27 10:39:00,0,0,0,0,0
2022-12-27 10:40:00,7350,7350,7350,7350,1200
2022-12-27 10:41:00,0,0,0,0,0
2022-12-27 10:42:00,7350,7350,7350,7350,6400
2022-12-27 10:43:00,7350,7350,7375,7350,300
2022-12-27 10:44:00,7350,7350,7350,7350,0
2022-12-27 10:45:00,7350,7350,7350,7350,700
2022-12-27 10:46:00,0,0,0,0,0
2022-12-27 10:47:00,7350,7350,7350,7350,100
2022-12-27 10:48:00,7350,7350,7350,7350,600
2022-12-27 10:49:00,7350,7350,7350,7350,300
2022-12-27 10:50:00,7350,7350,7350,7350,100
2022-12-27 10:51:00,7350,7350,7350,7350,100
2022-12-27 10:52:00,0,0,0,0,0
2022-12-27 10:53:00,7350,7350,7350,7350,0
2022-12-27 10:54:00,7350,7350,7350,7350,100
2022-12-27 10:55:00,0,0,0,0,0
2022-12-27 10:56:00,0,0,0,0,0
2022-12-27 10:57:00,7350,7325,7350,7325,7600
2022-12-27 10:58:00,0,0,0,0,0
2022-12-27 10:59:00,7325,7325,7325,7325,900
2022-12-27 11:00:00,7325,7325,7350,7325,2200
2022-12-27 11:01:00,0,0,0,0,0
2022-12-27 11:02:00,7350,7350,7350,7350,0
2022-12-27 11:03:00,0,0,0,0,0
2022-12-27 11:04:00,0,0,0,0,0
2022-12-27 11:05:00,0,0,0,0,0
2022-12-27 11:06:00,0,0,0,0,0
2022-12-27 11:07:00,0,0,0,0,0
2022-12-27 11:08:00,0,0,0,0,0
2022-12-27 11:09:00,7350,7350,7350,7350,1500
2022-12-27 11:10:00,7350,7350,7350,7350,100
2022-12-27 11:11:00,7350,7350,7350,7350,200
2022-12-27 11:12:00,7350,7350,7350,7350,1200
2022-12-27 11:13:00,7350,7325,7350,7325,1600
2022-12-27 11:14:00,0,0,0,0,0
2022-12-27 11:15:00,0,0,0,0,0
2022-12-27 11:16:00,0,0,0,0,0
2022-12-27 11:17:00,0,0,0,0,0
2022-12-27 11:18:00,7325,7325,7325,7325,700
2022-12-27 11:19:00,0,0,0,0,0
2022-12-27 11:20:00,0,0,0,0,0
2022-12-27 11:21:00,0,0,0,0,0
2022-12-27 11:22:00,0,0,0,0,0
2022-12-27 11:23:00,0,0,0,0,0
2022-12-27 11:24:00,0,0,0,0,0
2022-12-27 11:25:00,7350,7350,7350,7350,10100
2022-12-27 11:26:00,0,0,0,0,0
2022-12-27 11:27:00,7350,7350,7350,7350,0
2022-12-27 11:28:00,7350,7325,7350,7325,2900
2022-12-27 11:29:00,7325,7325,7325,7325,4300
2022-12-27 11:30:00,0,0,0,0,0
2022-12-27 11:31:00,0,0,0,0,0
2022-12-27 11:32:00,0,0,0,0,0
2022-12-27 11:33:00,0,0,0,0,0
2022-12-27 11:34:00,0,0,0,0,0
2022-12-27 11:35:00,0,0,0,0,0
2022-12-27 11:36:00,0,0,0,0,0
2022-12-27 11:37:00,0,0,0,0,0
2022-12-27 11:38:00,0,0,0,0,0
2022-12-27 11:39:00,0,0,0,0,0
2022-12-27 11:40:00,0,0,0,0,0
2022-12-27 11:41:00,0,0,0,0,0
2022-12-27 11:42:00,0,0,0,0,0
2022-12-27 11:43:00,0,0,0,0,0
2022-12-27 11:44:00,0,0,0,0,0
2022-12-27 11:45:00,0,0,0,0,0
2022-12-27 11:46:00,0,0,0,0,0
2022-12-27 11:47:00,0,0,0,0,0
2022-12-27 11:48:00,0,0,0,0,0
2022-12-27 11:49:00,0,0,0,0,0
2022-12-27 11:50:00,0,0,0,0,0
2022-12-27 11:51:00,0,0,0,0,0
2022-12-27 11:52:00,0,0,0,0,0
2022-12-27 11:53:00,0,0,0,0,0
2022-12-27 11:54:00,0,0,0,0,0
2022-12-27 11:55:00,0,0,0,0,0
2022-12-27 11:56:00,0,0,0,0,0
2022-12-27 11:57:00,0,0,0,0,0
2022-12-27 11:58:00,0,0,0,0,0
2022-12-27 11:59:00,0,0,0,0,0
2022-12-27 12:00:00,0,0,0,0,0
2022-12-27 12:01:00,0,0,0,0,0
2022-12-27 12:02:00,0,0,0,0,0
2022-12-27 12:03:00,0,0,0,0,0
2022-12-27 12:04:00,0,0,0,0,0
2022-12-27 12:05:00,0,0,0,0,0
2022-12-27 12:06:00,0,0,0,0,0
2022-12-27 12:07:00,0,0,0,0,0
2022-12-27 12:08:00,0,0,0,0,0
2022-12-27 12:09:00,0,0,0,0,0
2022-12-27 12:10:00,0,0,0,0,0
2022-12-27 12:11:00,0,0,0,0,0
2022-12-27 12:12:00,0,0,0,0,0
2022-12-27 12:13:00,0,0,0,0,0
2022-12-27 12:14:00,0,0,0,0,0
2022-12-27 12:15:00,0,0,0,0,0
2022-12-27 12:16:00,0,0,0,0,0
2022-12-27 12:17:00,0,0,0,0,0
2022-12-27 12:18:00,0,0,0,0,0
2022-12-27 12:19:00,0,0,0,0,0
2022-12-27 12:20:00,0,0,0,0,0
2022-12-27 12:21:00,0,0,0,0,0
2022-12-27 12:22:00,0,0,0,0,0
2022-12-27 12:23:00,0,0,0,0,0
2022-12-27 12:24:00,0,0,0,0,0
2022-12-27 12:25:00,0,0,0,0,0
2022-12-27 12:26:00,0,0,0,0,0
2022-12-27 12:27:00,0,0,0,0,0
2022-12-27 12:28:00,0,0,0,0,0
2022-12-27 12:29:00,0,0,0,0,0
2022-12-27 12:30:00,0,0,0,0,0
2022-12-27 12:31:00,0,0,0,0,0
2022-12-27 12:32:00,0,0,0,0,0
2022-12-27 12:33:00,0,0,0,0,0
2022-12-27 12:34:00,0,0,0,0,0
2022-12-27 12:35:00,0,0,0,0,0
2022-12-27 12:36:00,0,0,0,0,0
2022-12-27 12:37:00,0,0,0,0,0
2022-12-27 12:38:00,0,0,0,0,0
2022-12-27 12:39:00,0,0,0,0,0
2022-12-27 12:40:00,0,0,0,0,0
2022-12-27 12:41:00,0,0,0,0,0
2022-12-27 12:42:00,0,0,0,0,0
2022-12-27 12:43:00,0,0,0,0,0
2022-12-27 12:44:00,0,0,0,0,0
2022-12-27 12:45:00,0,0,0,0,0
2022-12-27 12:46:00,0,0,0,0,0
2022-12-27 12:47:00,0,0,0,0,0
2022-12-27 12:48:00,0,0,0,0,0
2022-12-27 12:49:00,0,0,0,0,0
2022-12-27 12:50:00,0,0,0,0,0
2022-12-27 12:51:00,0,0,0,0,0
2022-12-27 12:52:00,0,0,0,0,0
2022-12-27 12:53:00,0,0,0,0,0
2022-12-27 12:54:00,0,0,0,0,0
2022-12-27 12:55:00,0,0,0,0,0
2022-12-27 12:56:00,0,0,0,0,0
2022-12-27 12:57:00,0,0,0,0,0
2022-12-27 12:58:00,0,0,0,0,0
2022-12-27 12:59:00,0,0,0,0,0
2022-12-27 13:00:00,0,0,0,0,0
2022-12-27 13:01:00,0,0,0,0,0
2022-12-27 13:02:00,0,0,0,0,0
2022-12-27 13:03:00,0,0,0,0,0
2022-12-27 13:04:00,0,0,0,0,0
2022-12-27 13:05:00,0,0,0,0,0
2022-12-27 13:06:00,0,0,0,0,0
2022-12-27 13:07:00,0,0,0,0,0
2022-12-27 13:08:00,0,0,0,0,0
2022-12-27 13:09:00,0,0,0,0,0
2022-12-27 13:10:00,0,0,0,0,0
2022-12-27 13:11:00,0,0,0,0,0
2022-12-27 13:12:00,0,0,0,0,0
2022-12-27 13:13:00,0,0,0,0,0
2022-12-27 13:14:00,0,0,0,0,0
2022-12-27 13:15:00,0,0,0,0,0
2022-12-27 13:16:00,0,0,0,0,0
2022-12-27 13:17:00,0,0,0,0,0
2022-12-27 13:18:00,0,0,0,0,0
2022-12-27 13:19:00,0,0,0,0,0
2022-12-27 13:20:00,0,0,0,0,0
2022-12-27 13:21:00,0,0,0,0,0
2022-12-27 13:22:00,0,0,0,0,0
2022-12-27 13:23:00,0,0,0,0,0
2022-12-27 13:24:00,0,0,0,0,0
2022-12-27 13:25:00,0,0,0,0,0
2022-12-27 13:26:00,0,0,0,0,0
2022-12-27 13:27:00,0,0,0,0,0
2022-12-27 13:28:00,0,0,0,0,0
2022-12-27 13:29:00,0,0,0,0,0
2022-12-27 13:30:00,7350,7325,7350,7325,7100
2022-12-27 13:31:00,0,0,0,0,0
2022-12-27 13:32:00,7325,7325,7325,7325,300
2022-12-27 13:33:00,7325,7325,7325,7325,2100
2022-12-27 13:34:00,0,0,0,0,0
2022-12-27 13:35:00,0,0,0,0,0
2022-12-27 13:36:00,7350,7350,7350,7350,900
2022-12-27 13:37:00,7325,7325,7350,7350,2800
2022-12-27 13:38:00,0,0,0,0,0
2022-12-27 13:39:00,7375,7350,7375,7375,1600
2022-12-27 13:40:00,7350,7350,7375,7375,1300
2022-12-27 13:41:00,0,0,0,0,0
2022-12-27 13:42:00,7375,7375,7375,7375,600
2022-12-27 13:43:00,0,0,0,0,0
2022-12-27 13:44:00,7375,7375,7375,7375,600
2022-12-27 13:45:00,7350,7350,7375,7350,1300
2022-12-27 13:46:00,7350,7350,7350,7350,700
2022-12-27 13:47:00,7350,7350,7350,7350,900
2022-12-27 13:48:00,7350,7350,7350,7350,0
2022-12-27 13:49:00,7375,7350,7375,7350,10800
2022-12-27 13:50:00,0,0,0,0,0
2022-12-27 13:51:00,0,0,0,0,0
2022-12-27 13:52:00,7350,7350,7350,7350,300
2022-12-27 13:53:00,7350,7350,7350,7350,600
2022-12-27 13:54:00,7375,7375,7375,7375,0
2022-12-27 13:55:00,7375,7375,7375,7375,1200
2022-12-27 13:56:00,7350,7350,7350,7350,500
2022-12-27 13:57:00,7375,7350,7375,7350,800
2022-12-27 13:58:00,7375,7375,7375,7375,1100
2022-12-27 13:59:00,7350,7350,7375,7375,2900
2022-12-27 14:00:00,7350,7350,7350,7350,0
2022-12-27 14:01:00,7375,7350,7375,7350,700
2022-12-27 14:02:00,7350,7350,7350,7350,15800
2022-12-27 14:03:00,7375,7350,7375,7350,900
2022-12-27 14:04:00,0,0,0,0,0
2022-12-27 14:05:00,7375,7375,7375,7375,1900
2022-12-27 14:06:00,7350,7350,7375,7375,700
2022-12-27 14:07:00,7375,7350,7375,7350,2300
2022-12-27 14:08:00,7375,7350,7375,7350,1600
2022-12-27 14:09:00,0,0,0,0,0
2022-12-27 14:10:00,7350,7350,7375,7375,6300
2022-12-27 14:11:00,7375,7375,7375,7375,700
2022-12-27 14:12:00,7350,7350,7350,7350,9400
2022-12-27 14:13:00,7350,7350,7350,7350,4300
2022-12-27 14:14:00,0,0,0,0,0
2022-12-27 14:15:00,0,0,0,0,0
2022-12-27 14:16:00,0,0,0,0,0
2022-12-27 14:17:00,7350,7350,7375,7350,18500
2022-12-27 14:18:00,0,0,0,0,0
2022-12-27 14:19:00,7350,7350,7350,7350,1100
2022-12-27 14:20:00,7350,7350,7350,7350,1800
2022-12-27 14:21:00,7325,7325,7325,7325,0
2022-12-27 14:22:00,0,0,0,0,0
2022-12-27 14:23:00,7350,7325,7350,7325,700
2022-12-27 14:24:00,7325,7325,7325,7325,100
2022-12-27 14:25:00,7325,7325,7325,7325,3800
2022-12-27 14:26:00,0,0,0,0,0
2022-12-27 14:27:00,7325,7325,7325,7325,7200
2022-12-27 14:28:00,7350,7350,7350,7350,6500
2022-12-27 14:29:00,7350,7350,7350,7350,500
2022-12-27 14:30:00,7350,7325,7350,7325,2900
2022-12-27 14:31:00,7375,7375,7375,7375,1100
2022-12-27 14:32:00,7350,7325,7375,7325,56100
2022-12-27 14:33:00,0,0,0,0,0
2022-12-27 14:34:00,7375,7375,7375,7375,800
2022-12-27 14:35:00,7375,7375,7375,7375,600
2022-12-27 14:36:00,7375,7325,7375,7325,200
2022-12-27 14:37:00,7350,7350,7350,7350,1400
2022-12-27 14:38:00,7350,7350,7375,7375,2000
2022-12-27 14:39:00,7350,7325,7375,7325,1800
2022-12-27 14:40:00,7325,7325,7350,7325,9600
2022-12-27 14:41:00,7325,7325,7350,7325,2900
2022-12-27 14:42:00,7325,7300,7325,7300,78300
2022-12-27 14:43:00,7300,7300,7325,7300,4800
2022-12-27 14:44:00,7325,7300,7325,7300,3000
2022-12-27 14:45:00,7300,7300,7325,7300,27900
2022-12-27 14:46:00,7300,7300,7300,7300,2000
2022-12-27 14:47:00,7325,7300,7325,7300,25500
2022-12-27 14:48:00,7300,7275,7325,7275,50300
2022-12-27 14:49:00,7275,7275,7275,7275,49700
2022-12-27 14:50:00,0,0,0,0,0
2022-12-27 14:51:00,0,0,0,0,0
2022-12-27 14:52:00,0,0,0,0,0
2022-12-27 14:53:00,0,0,0,0,0
2022-12-27 14:54:00,0,0,0,0,0
2022-12-27 14:55:00,0,0,0,0,0
2022-12-27 14:56:00,0,0,0,0,0
2022-12-27 14:57:00,0,0,0,0,0
2022-12-27 14:58:00,0,0,0,0,0
2022-12-27 14:59:00,0,0,0,0,0
2022-12-27 15:00:00,7275,7275,7275,7275,129900
2022-12-27 15:01:00,7275,7275,7275,7275,11200
2022-12-27 15:02:00,7275,7275,7275,7275,200
2022-12-27 15:03:00,7275,7275,7275,7275,14900
2022-12-27 15:04:00,7275,7275,7275,7275,97100
2022-12-27 15:05:00,7275,7275,7275,7275,1500
2022-12-27 15:06:00,7275,7275,7275,7275,8900
2022-12-27 15:07:00,7275,7275,7275,7275,18300
2022-12-27 15:08:00,7275,7275,7275,7275,5100
2022-12-27 15:09:00,0,0,0,0,0
2022-12-27 15:10:00,7275,7275,7275,7275,0
2022-12-27 15:11:00,7275,7275,7275,7275,3100
2022-12-27 15:12:00,7275,7275,7275,7275,1400
2022-12-27 15:13:00,7275,7275,7275,7275,2900
2022-12-27 15:14:00,7275,7275,7275,7275,1149900
2022-12-27 15:15:00,0,0,0,0,0
2022-12-27 15:16:00,0,0,0,0,0
2022-12-27 15:17:00,0,0,0,0,0
2022-12-27 15:18:00,0,0,0,0,0
2022-12-27 15:19:00,0,0,0,0,0
2022-12-27 15:20:00,0,0,0,0,0
2022-12-27 15:21:00,0,0,0,0,0
2022-12-27 15:22:00,0,0,0,0,0
2022-12-27 15:23:00,0,0,0,0,0
2022-12-27 15:24:00,0,0,0,0,0
2022-12-27 15:25:00,0,0,0,0,0
2022-12-27 15:26:00,0,0,0,0,0
2022-12-27 15:27:00,0,0,0,0,0
2022-12-27 15:28:00,0,0,0,0,0
2022-12-27 15:29:00,0,0,0,0,0
2022-12-27 15:30:00,0,0,0,0,0
2022-12-27 15:31:00,0,0,0,0,0
2022-12-27 15:32:00,0,0,0,0,0
2022-12-27 15:33:00,0,0,0,0,0
2022-12-27 15:34:00,0,0,0,0,0
2022-12-27 15:35:00,0,0,0,0,0
2022-12-27 15:36:00,0,0,0,0,0
2022-12-27 15:37:00,0,0,0,0,0
2022-12-27 15:38:00,0,0,0,0,0
2022-12-27 15:39:00,0,0,0,0,0
2022-12-27 15:40:00,0,0,0,0,0
2022-12-27 15:41:00,0,0,0,0,0
2022-12-27 15:42:00,0,0,0,0,0
2022-12-27 15:43:00,0,0,0,0,0
2022-12-27 15:44:00,0,0,0,0,0
2022-12-27 15:45:00,0,0,0,0,0
2022-12-27 15:46:00,0,0,0,0,0
2022-12-27 15:47:00,0,0,0,0,0
2022-12-27 15:48:00,0,0,0,0,0
2022-12-27 15:49:00,0,0,0,0,0
2022-12-27 15:50:00,0,0,0,0,0
2022-12-27 15:51:00,0,0,0,0,0
2022-12-27 15:52:00,0,0,0,0,0
2022-12-27 15:53:00,0,0,0,0,0
2022-12-27 15:54:00,0,0,0,0,0
2022-12-27 15:55:00,0,0,0,0,0
2022-12-27 15:56:00,0,0,0,0,0
2022-12-27 15:57:00,0,0,0,0,0
2022-12-27 15:58:00,0,0,0,0,0
2022-12-27 15:59:00,0,0,0,0,0
2022-12-28 09:00:00,7275,7275,7275,7275,0
2022-12-28 09:01:00,0,0,0,0,0
2022-12-28 09:02:00,7300,7300,7300,7300,5400
2022-12-28 09:03:00,7300,7300,7300,7300,0
2022-12-28 09:04:00,7275,7275,7300,7300,12400
2022-12-28 09:05:00,7300,7300,7300,7300,0
2022-12-28 09:06:00,7275,7275,7300,7300,40100
2022-12-28 09:07:00,0,0,0,0,0
2022-12-28 09:08:00,0,0,0,0,0
2022-12-28 09:09:00,0,0,0,0,0
2022-12-28 09:10:00,0,0,0,0,0
2022-12-28 09:11:00,7275,7275,7275,7275,6200
2022-12-28 09:12:00,7250,7250,7275,7275,35400
2022-12-28 09:13:00,7250,7250,7250,7250,1700
2022-12-28 09:14:00,7250,7225,7250,7225,40900
2022-12-28 09:15:00,7250,7250,7250,7250,300
2022-12-28 09:16:00,7250,7225,7250,7225,500
2022-12-28 09:17:00,7250,7225,7250,7250,42900
2022-12-28 09:18:00,7250,7250,7250,7250,43600
2022-12-28 09:19:00,0,0,0,0,0
2022-12-28 09:20:00,7250,7225,7250,7225,8900
2022-12-28 09:21:00,7225,7225,7225,7225,800
2022-12-28 09:22:00,7225,7225,7225,7225,700
2022-12-28 09:23:00,7200,7200,7225,7200,9800
2022-12-28 09:24:00,7200,7200,7200,7200,79900
2022-12-28 09:25:00,7200,7175,7200,7175,25300
2022-12-28 09:26:00,7200,7175,7200,7200,57800
2022-12-28 09:27:00,7175,7150,7275,7275,165800
2022-12-28 09:28:00,7225,7225,7225,7225,0
2022-12-28 09:29:00,7225,7225,7225,7225,4700
2022-12-28 09:30:00,7225,7225,7225,7225,600
2022-12-28 09:31:00,7225,7225,7225,7225,0
2022-12-28 09:32:00,7200,7200,7200,7200,12000
2022-12-28 09:33:00,7200,7200,7200,7200,0
2022-12-28 09:34:00,7200,7200,7200,7200,5300
2022-12-28 09:35:00,0,0,0,0,0
2022-12-28 09:36:00,7200,7200,7200,7200,1000
2022-12-28 09:37:00,7200,7175,7200,7175,500
2022-12-28 09:38:00,0,0,0,0,0
2022-12-28 09:39:00,7200,7200,7200,7200,800
2022-12-28 09:40:00,0,0,0,0,0
2022-12-28 09:41:00,0,0,0,0,0
2022-12-28 09:42:00,7200,7200,7200,7200,1000
2022-12-28 09:43:00,7200,7200,7200,7200,0
2022-12-28 09:44:00,7200,7175,7200,7175,1700
2022-12-28 09:45:00,0,0,0,0,0
2022-12-28 09:46:00,7175,7175,7200,7200,9600
2022-12-28 09:47:00,7175,7175,7175,7175,700
2022-12-28 09:48:00,7175,7175,7175,7175,1900
2022-12-28 09:49:00,7200,7200,7200,7200,300
2022-12-28 09:50:00,7200,7200,7200,7200,0
2022-12-28 09:51:00,0,0,0,0,0
2022-12-28 09:52:00,7175,7175,7175,7175,15300
2022-12-28 09:53:00,7175,7175,7175,7175,15100
2022-12-28 09:54:00,7175,7175,7175,7175,17400
2022-12-28 09:55:00,7175,7175,7175,7175,800
2022-12-28 09:56:00,7175,7175,7175,7175,5200
2022-12-28 09:57:00,7150,7150,7175,7175,41200
2022-12-28 09:58:00,7175,7175,7200,7200,2400
2022-12-28 09:59:00,0,0,0,0,0
2022-12-28 10:00:00,0,0,0,0,0
2022-12-28 10:01:00,7200,7200,7200,7200,900
2022-12-28 10:02:00,7175,7175,7200,7175,900
2022-12-28 10:03:00,7175,7175,7175,7175,32000
2022-12-28 10:04:00,7200,7175,7200,7175,5100
2022-12-28 10:05:00,7200,7200,7200,7200,0
2022-12-28 10:06:00,7200,7200,7200,7200,0
2022-12-28 10:07:00,0,0,0,0,0
2022-12-28 10:08:00,7175,7175,7175,7175,16100
2022-12-28 10:09:00,7200,7200,7200,7200,900
2022-12-28 10:10:00,7200,7200,7200,7200,0
2022-12-28 10:11:00,7175,7175,7200,7200,43400
2022-12-28 10:12:00,0,0,0,0,0
2022-12-28 10:13:00,0,0,0,0,0
2022-12-28 10:14:00,7200,7200,7200,7200,0
2022-12-28 10:15:00,0,0,0,0,0
2022-12-28 10:16:00,7200,7200,7200,7200,3900
2022-12-28 10:17:00,7200,7200,7200,7200,1400
2022-12-28 10:18:00,7175,7175,7175,7175,10700
2022-12-28 10:19:00,7175,7175,7175,7175,68300
2022-12-28 10:20:00,0,0,0,0,0
2022-12-28 10:21:00,7200,7175,7200,7175,0
2022-12-28 10:22:00,7200,7200,7200,7200,1500
2022-12-28 10:23:00,7200,7200,7200,7200,3500
2022-12-28 10:24:00,7225,7225,7225,7225,0
2022-12-28 10:25:00,0,0,0,0,0
2022-12-28 10:26:00,7225,7225,7225,7225,1000
2022-12-28 10:27:00,0,0,0,0,0
2022-12-28 10:28:00,0,0,0,0,0
2022-12-28 10:29:00,0,0,0,0,0
2022-12-28 10:30:00,0,0,0,0,0
2022-12-28 10:31:00,7200,7200,7200,7200,10800
2022-12-28 10:32:00,0,0,0,0,0
2022-12-28 10:33:00,0,0,0,0,0
2022-12-28 10:34:00,7200,7200,7225,7225,0
2022-12-28 10:35:00,0,0,0,0,0
2022-12-28 10:36:00,7200,7200,7200,7200,6900
2022-12-28 10:37:00,0,0,0,0,0
2022-12-28 10:38:00,7200,7200,7225,7225,500
2022-12-28 10:39:00,0,0,0,0,0
2022-12-28 10:40:00,7200,7200,7200,7200,1200
2022-12-28 10:41:00,7200,7200,7200,7200,7000
2022-12-28 10:42:00,7200,7200,7225,7225,4600
2022-12-28 10:43:00,7225,7225,7225,7225,0
2022-12-28 10:44:00,0,0,0,0,0
2022-12-28 10:45:00,0,0,0,0,0
2022-12-28 10:46:00,0,0,0,0,0
2022-12-28 10:47:00,7225,7225,7225,7225,900
2022-12-28 10:48:00,0,0,0,0,0
2022-12-28 10:49:00,7225,7200,7225,7200,0
2022-12-28 10:50:00,7200,7200,7250,7250,87600
2022-12-28 10:51:00,7250,7250,7250,7250,0
2022-12-28 10:52:00,7250,7250,7250,7250,400
2022-12-28 10:53:00,7250,7250,7250,7250,3500
2022-12-28 10:54:00,7250,7225,7250,7225,19300
2022-12-28 10:55:00,0,0,0,0,0
2022-12-28 10:56:00,7225,7225,7225,7225,1600
2022-12-28 10:57:00,7200,7200,7200,7200,900
2022-12-28 10:58:00,0,0,0,0,0
2022-12-28 10:59:00,0,0,0,0,0
2022-12-28 11:00:00,7225,7200,7225,7200,1800
2022-12-28 11:01:00,7200,7200,7200,7200,500
2022-12-28 11:02:00,7200,7200,7200,7200,300
2022-12-28 11:03:00,0,0,0,0,0
2022-12-28 11:04:00,0,0,0,0,0
2022-12-28 11:05:00,7250,7250,7250,7250,0
2022-12-28 11:06:00,0,0,0,0,0
2022-12-28 11:07:00,7225,7225,7225,7225,400
2022-12-28 11:08:00,7225,7225,7225,7225,800
2022-12-28 11:09:00,7225,7225,7250,7250,100
2022-12-28 11:10:00,0,0,0,0,0
2022-12-28 11:11:00,7250,7250,7250,7250,200
2022-12-28 11:12:00,7225,7225,7225,7225,4200
2022-12-28 11:13:00,7225,7225,7225,7225,0
2022-12-28 11:14:00,0,0,0,0,0
2022-12-28 11:15:00,0,0,0,0,0
2022-12-28 11:16:00,7200,7200,7200,7200,24400
2022-12-28 11:17:00,7200,7200,7225,7225,600
2022-12-28 11:18:00,7225,7200,7225,7200,9900
2022-12-28 11:19:00,0,0,0,0,0
2022-12-28 11:20:00,7200,7200,7200,7200,3900
2022-12-28 11:21:00,7200,7200,7200,7200,1600
2022-12-28 11:22:00,7200,7200,7200,7200,600
2022-12-28 11:23:00,7200,7200,7200,7200,6300
2022-12-28 11:24:00,7200,7175,7200,7175,100
2022-12-28 11:25:00,7200,7200,7200,7200,200
2022-12-28 11:26:00,7200,7200,7250,7250,42500
2022-12-28 11:27:00,0,0,0,0,0
2022-12-28 11:28:00,0,0,0,0,0
2022-12-28 11:29:00,7250,7225,7250,7225,1900
2022-12-28 11:30:00,0,0,0,0,0
2022-12-28 11:31:00,0,0,0,0,0
2022-12-28 11:32:00,0,0,0,0,0
2022-12-28 11:33:00,0,0,0,0,0
2022-12-28 11:34:00,0,0,0,0,0
2022-12-28 11:35:00,0,0,0,0,0
2022-12-28 11:36:00,0,0,0,0,0
2022-12-28 11:37:00,0,0,0,0,0
2022-12-28 11:38:00,0,0,0,0,0
2022-12-28 11:39:00,0,0,0,0,0
2022-12-28 11:40:00,0,0,0,0,0
2022-12-28 11:41:00,0,0,0,0,0
2022-12-28 11:42:00,0,0,0,0,0
2022-12-28 11:43:00,0,0,0,0,0
2022-12-28 11:44:00,0,0,0,0,0
2022-12-28 11:45:00,0,0,0,0,0
2022-12-28 11:46:00,0,0,0,0,0
2022-12-28 11:47:00,0,0,0,0,0
2022-12-28 11:48:00,0,0,0,0,0
2022-12-28 11:49:00,0,0,0,0,0
2022-12-28 11:50:00,0,0,0,0,0
2022-12-28 11:51:00,0,0,0,0,0
2022-12-28 11:52:00,0,0,0,0,0
2022-12-28 11:53:00,0,0,0,0,0
2022-12-28 11:54:00,0,0,0,0,0
2022-12-28 11:55:00,0,0,0,0,0
2022-12-28 11:56:00,0,0,0,0,0
2022-12-28 11:57:00,0,0,0,0,0
2022-12-28 11:58:00,0,0,0,0,0
2022-12-28 11:59:00,0,0,0,0,0
2022-12-28 12:00:00,0,0,0,0,0
2022-12-28 12:01:00,0,0,0,0,0
2022-12-28 12:02:00,0,0,0,0,0
2022-12-28 12:03:00,0,0,0,0,0
2022-12-28 12:04:00,0,0,0,0,0
2022-12-28 12:05:00,0,0,0,0,0
2022-12-28 12:06:00,0,0,0,0,0
2022-12-28 12:07:00,0,0,0,0,0
2022-12-28 12:08:00,0,0,0,0,0
2022-12-28 12:09:00,0,0,0,0,0
2022-12-28 12:10:00,0,0,0,0,0
2022-12-28 12:11:00,0,0,0,0,0
2022-12-28 12:12:00,0,0,0,0,0
2022-12-28 12:13:00,0,0,0,0,0
2022-12-28 12:14:00,0,0,0,0,0
2022-12-28 12:15:00,0,0,0,0,0
2022-12-28 12:16:00,0,0,0,0,0
2022-12-28 12:17:00,0,0,0,0,0
2022-12-28 12:18:00,0,0,0,0,0
2022-12-28 12:19:00,0,0,0,0,0
2022-12-28 12:20:00,0,0,0,0,0
2022-12-28 12:21:00,0,0,0,0,0
2022-12-28 12:22:00,0,0,0,0,0
2022-12-28 12:23:00,0,0,0,0,0
2022-12-28 12:24:00,0,0,0,0,0
2022-12-28 12:25:00,0,0,0,0,0
2022-12-28 12:26:00,0,0,0,0,0
2022-12-28 12:27:00,0,0,0,0,0
2022-12-28 12:28:00,0,0,0,0,0
2022-12-28 12:29:00,0,0,0,0,0
2022-12-28 12:30:00,0,0,0,0,0
2022-12-28 12:31:00,0,0,0,0,0
2022-12-28 12:32:00,0,0,0,0,0
2022-12-28 12:33:00,0,0,0,0,0
2022-12-28 12:34:00,0,0,0,0,0
2022-12-28 12:35:00,0,0,0,0,0
2022-12-28 12:36:00,0,0,0,0,0
2022-12-28 12:37:00,0,0,0,0,0
2022-12-28 12:38:00,0,0,0,0,0
2022-12-28 12:39:00,0,0,0,0,0
2022-12-28 12:40:00,0,0,0,0,0
2022-12-28 12:41:00,0,0,0,0,0
2022-12-28 12:42:00,0,0,0,0,0
2022-12-28 12:43:00,0,0,0,0,0
2022-12-28 12:44:00,0,0,0,0,0
2022-12-28 12:45:00,0,0,0,0,0
2022-12-28 12:46:00,0,0,0,0,0
2022-12-28 12:47:00,0,0,0,0,0
2022-12-28 12:48:00,0,0,0,0,0
2022-12-28 12:49:00,0,0,0,0,0
2022-12-28 12:50:00,0,0,0,0,0
2022-12-28 12:51:00,0,0,0,0,0
2022-12-28 12:52:00,0,0,0,0,0
2022-12-28 12:53:00,0,0,0,0,0
2022-12-28 12:54:00,0,0,0,0,0
2022-12-28 12:55:00,0,0,0,0,0
2022-12-28 12:56:00,0,0,0,0,0
2022-12-28 12:57:00,0,0,0,0,0
2022-12-28 12:58:00,0,0,0,0,0
2022-12-28 12:59:00,0,0,0,0,0
2022-12-28 13:00:00,0,0,0,0,0
2022-12-28 13:01:00,0,0,0,0,0
2022-12-28 13:02:00,0,0,0,0,0
2022-12-28 13:03:00,0,0,0,0,0
2022-12-28 13:04:00,0,0,0,0,0
2022-12-28 13:05:00,0,0,0,0,0
2022-12-28 13:06:00,0,0,0,0,0
2022-12-28 13:07:00,0,0,0,0,0
2022-12-28 13:08:00,0,0,0,0,0
2022-12-28 13:09:00,0,0,0,0,0
2022-12-28 13:10:00,0,0,0,0,0
2022-12-28 13:11:00,0,0,0,0,0
2022-12-28 13:12:00,0,0,0,0,0
2022-12-28 13:13:00,0,0,0,0,0
2022-12-28 13:14:00,0,0,0,0,0
2022-12-28 13:15:00,0,0,0,0,0
2022-12-28 13:16:00,0,0,0,0,0
2022-12-28 13:17:00,0,0,0,0,0
2022-12-28 13:18:00,0,0,0,0,0
2022-12-28 13:19:00,0,0,0,0,0
2022-12-28 13:20:00,0,0,0,0,0
2022-12-28 13:21:00,0,0,0,0,0
2022-12-28 13:22:00,0,0,0,0,0
2022-12-28 13:23:00,0,0,0,0,0
2022-12-28 13:24:00,0,0,0,0,0
2022-12-28 13:25:00,0,0,0,0,0
2022-12-28 13:26:00,0,0,0,0,0
2022-12-28 13:27:00,0,0,0,0,0
2022-12-28 13:28:00,0,0,0,0,0
2022-12-28 13:29:00,0,0,0,0,0
2022-12-28 13:30:00,7200,7200,7225,7225,2500
2022-12-28 13:31:00,7200,7200,7200,7200,600
2022-12-28 13:32:00,7225,7225,7225,7225,0
2022-12-28 13:33:00,7200,7200,7250,7250,24600
2022-12-28 13:34:00,7250,7225,7250,7225,4700
2022-12-28 13:35:00,7225,7225,7225,7225,7200
2022-12-28 13:36:00,7225,7200,7225,7225,2100
2022-12-28 13:37:00,0,0,0,0,0
2022-12-28 13:38:00,0,0,0,0,0
2022-12-28 13:39:00,0,0,0,0,0
2022-12-28 13:40:00,0,0,0,0,0
2022-12-28 13:41:00,7200,7200,7200,7200,1000
2022-12-28 13:42:00,7225,7225,7225,7225,8400
2022-12-28 13:43:00,7225,7225,7225,7225,10300
2022-12-28 13:44:00,7225,7225,7225,7225,0
2022-12-28 13:45:00,0,0,0,0,0
2022-12-28 13:46:00,0,0,0,0,0
2022-12-28 13:47:00,7225,7225,7225,7225,2200
2022-12-28 13:48:00,0,0,0,0,0
2022-12-28 13:49:00,7200,7200,7200,7200,0
2022-12-28 13:50:00,7200,7200,7200,7200,11700
2022-12-28 13:51:00,7200,7200,7225,7225,0
2022-12-28 13:52:00,7200,7175,7200,7200,34500
2022-12-28 13:53:00,7200,7200,7200,7200,200
2022-12-28 13:54:00,7175,7175,7175,7175,5400
2022-12-28 13:55:00,7175,7175,7175,7175,4700
2022-12-28 13:56:00,7200,7175,7200,7175,76400
2022-12-28 13:57:00,0,0,0,0,0
2022-12-28 13:58:00,7175,7175,7175,7175,0
2022-12-28 13:59:00,7175,7175,7175,7175,257500
2022-12-28 14:00:00,7175,7150,7200,7200,3000
2022-12-28 14:01:00,7150,7150,7200,7200,6100
2022-12-28 14:02:00,7200,7200,7200,7200,2100
2022-12-28 14:03:00,0,0,0,0,0
2022-12-28 14:04:00,7200,7200,7200,7200,0
2022-12-28 14:05:00,7200,7200,7200,7200,22700
2022-12-28 14:06:00,7200,7200,7200,7200,0
2022-12-28 14:07:00,7200,7175,7200,7175,400
2022-12-28 14:08:00,7175,7175,7175,7175,2100
2022-12-28 14:09:00,7200,7200,7200,7200,5000
2022-12-28 14:10:00,0,0,0,0,0
2022-12-28 14:11:00,0,0,0,0,0
2022-12-28 14:12:00,7175,7175,7175,7175,3000
2022-12-28 14:13:00,7175,7175,7175,7175,0
2022-12-28 14:14:00,7175,7175,7175,7175,16900
2022-12-28 14:15:00,7175,7175,7175,7175,0
2022-12-28 14:16:00,7175,7175,7200,7200,600
2022-12-28 14:17:00,0,0,0,0,0
2022-12-28 14:18:00,7175,7175,7175,7175,100
2022-12-28 14:19:00,7200,7200,7200,7200,100
2022-12-28 14:20:00,0,0,0,0,0
2022-12-28 14:21:00,7175,7175,7175,7175,18500
2022-12-28 14:22:00,7200,7175,7200,7175,100
2022-12-28 14:23:00,7175,7150,7175,7175,1100
2022-12-28 14:24:00,7175,7175,7175,7175,1100
2022-12-28 14:25:00,7150,7150,7175,7175,37300
2022-12-28 14:26:00,7175,7175,7175,7175,29800
2022-12-28 14:27:00,7175,7175,7175,7175,0
2022-12-28 14:28:00,0,0,0,0,0
2022-12-28 14:29:00,0,0,0,0,0
2022-12-28 14:30:00,0,0,0,0,0
2022-12-28 14:31:00,0,0,0,0,0
2022-12-28 14:32:00,7175,7175,7175,7175,1692300
2022-12-28 14:33:00,7175,7175,7175,7175,9000
2022-12-28 14:34:00,7175,7175,7175,7175,7600
2022-12-28 14:35:00,7175,7175,7175,7175,5600
2022-12-28 14:36:00,0,0,0,0,0
2022-12-28 14:37:00,7175,7150,7175,7150,141700
2022-12-28 14:38:00,7150,7125,7150,7125,66900
2022-12-28 14:39:00,7125,7125,7150,7125,47800
2022-12-28 14:40:00,7125,7125,7150,7125,31600
2022-12-28 14:41:00,7125,7125,7125,7125,38800
2022-12-28 14:42:00,7125,7125,7125,7125,58800
2022-12-28 14:43:00,7100,7100,7125,7125,17400
2022-12-28 14:44:00,7100,7100,7125,7125,3800
2022-12-28 14:45:00,7125,7100,7125,7100,16900
2022-12-28 14:46:00,7100,7100,7125,7125,78500
2022-12-28 14:47:00,7125,7100,7125,7125,8100
2022-12-28 14:48:00,7125,7125,7150,7150,8600
2022-12-28 14:49:00,7125,7100,7125,7125,37200
2022-12-28 14:50:00,0,0,0,0,0
2022-12-28 14:51:00,0,0,0,0,0
2022-12-28 14:52:00,0,0,0,0,0
2022-12-28 14:53:00,0,0,0,0,0
2022-12-28 14:54:00,0,0,0,0,0
2022-12-28 14:55:00,0,0,0,0,0
2022-12-28 14:56:00,0,0,0,0,0
2022-12-28 14:57:00,0,0,0,0,0
2022-12-28 14:58:00,0,0,0,0,0
2022-12-28 14:59:00,0,0,0,0,0
2022-12-28 15:00:00,7125,7125,7125,7125,141600
2022-12-28 15:01:00,7125,7125,7125,7125,5100
2022-12-28 15:02:00,7125,7125,7125,7125,13600
2022-12-28 15:03:00,0,0,0,0,0
2022-12-28 15:04:00,7125,7125,7125,7125,300
2022-12-28 15:05:00,7125,7125,7125,7125,0
2022-12-28 15:06:00,0,0,0,0,0
2022-12-28 15:07:00,0,0,0,0,0
2022-12-28 15:08:00,7125,7125,7125,7125,5300
2022-12-28 15:09:00,0,0,0,0,0
2022-12-28 15:10:00,7125,7125,7125,7125,400
2022-12-28 15:11:00,0,0,0,0,0
2022-12-28 15:12:00,7125,7125,7125,7125,2437000
2022-12-28 15:13:00,0,0,0,0,0
2022-12-28 15:14:00,0,0,0,0,0
2022-12-28 15:15:00,0,0,0,0,0
2022-12-28 15:16:00,0,0,0,0,0
2022-12-28 15:17:00,0,0,0,0,0
2022-12-28 15:18:00,0,0,0,0,0
2022-12-28 15:19:00,0,0,0,0,0
2022-12-28 15:20:00,0,0,0,0,0
2022-12-28 15:21:00,0,0,0,0,0
2022-12-28 15:22:00,0,0,0,0,0
2022-12-28 15:23:00,0,0,0,0,0
2022-12-28 15:24:00,0,0,0,0,0
2022-12-28 15:25:00,0,0,0,0,0
2022-12-28 15:26:00,0,0,0,0,0
2022-12-28 15:27:00,0,0,0,0,0
2022-12-28 15:28:00,0,0,0,0,0
2022-12-28 15:29:00,0,0,0,0,0
2022-12-28 15:30:00,0,0,0,0,0
2022-12-28 15:31:00,0,0,0,0,0
2022-12-28 15:32:00,0,0,0,0,0
2022-12-28 15:33:00,0,0,0,0,0
2022-12-28 15:34:00,0,0,0,0,0
2022-12-28 15:35:00,0,0,0,0,0
2022-12-28 15:36:00,0,0,0,0,0
2022-12-28 15:37:00,0,0,0,0,0
2022-12-28 15:38:00,0,0,0,0,0
2022-12-28 15:39:00,0,0,0,0,0
2022-12-28 15:40:00,0,0,0,0,0
2022-12-28 15:41:00,0,0,0,0,0
2022-12-28 15:42:00,0,0,0,0,0
2022-12-28 15:43:00,0,0,0,0,0
2022-12-28 15:44:00,0,0,0,0,0
2022-12-28 15:45:00,0,0,0,0,0
2022-12-28 15:46:00,0,0,0,0,0
2022-12-28 15:47:00,0,0,0,0,0
2022-12-28 15:48:00,0,0,0,0,0
2022-12-28 15:49:00,0,0,0,0,0
2022-12-28 15:50:00,0,0,0,0,0
2022-12-28 15:51:00,0,0,0,0,0
2022-12-28 15:52:00,0,0,0,0,0
2022-12-28 15:53:00,0,0,0,0,0
2022-12-28 15:54:00,0,0,0,0,0
2022-12-28 15:55:00,0,0,0,0,0
2022-12-28 15:56:00,0,0,0,0,0
2022-12-28 15:57:00,0,0,0,0,0
2022-12-28 15:58:00,0,0,0,0,0
2022-12-28 15:59:00,0,0,0,0,0
2022-12-29 09:00:00,7125,7125,7175,7150,0
2022-12-29 09:01:00,7125,7125,7150,7150,11100
2022-12-29 09:02:00,0,0,0,0,0
2022-12-29 09:03:00,0,0,0,0,0
2022-12-29 09:04:00,7125,7125,7125,7125,22200
2022-12-29 09:05:00,7125,7100,7125,7125,0
2022-12-29 09:06:00,7125,7125,7125,7125,4000
2022-12-29 09:07:00,0,0,0,0,0
2022-12-29 09:08:00,7100,7075,7100,7075,50800
2022-12-29 09:09:00,7100,7100,7100,7100,3600
2022-12-29 09:10:00,7100,7100,7125,7100,1200
2022-12-29 09:11:00,7100,7100,7125,7100,900
2022-12-29 09:12:00,0,0,0,0,0
2022-12-29 09:13:00,7100,7100,7100,7100,7800
2022-12-29 09:14:00,7125,7100,7125,7100,7800
2022-12-29 09:15:00,7125,7100,7125,7100,29300
2022-12-29 09:16:00,7100,7075,7125,7100,38300
2022-12-29 09:17:00,7100,7100,7100,7100,7100
2022-12-29 09:18:00,7100,7100,7100,7100,700
2022-12-29 09:19:00,7075,7075,7100,7100,5600
2022-12-29 09:20:00,7100,7100,7100,7100,0
2022-12-29 09:21:00,7100,7075,7100,7075,17200
2022-12-29 09:22:00,7075,7075,7075,7075,19000
2022-12-29 09:23:00,7050,7050,7075,7050,7100
2022-12-29 09:24:00,7050,7050,7075,7075,2300
2022-12-29 09:25:00,7075,7075,7075,7075,100
2022-12-29 09:26:00,7075,7075,7075,7075,200
2022-12-29 09:27:00,7075,7050,7075,7050,102400
2022-12-29 09:28:00,7050,7025,7050,7025,53100
2022-12-29 09:29:00,7000,7000,7025,7025,29800
2022-12-29 09:30:00,7025,7025,7025,7025,900
2022-12-29 09:31:00,7025,7025,7025,7025,44700
2022-12-29 09:32:00,7025,7025,7075,7075,78000
2022-12-29 09:33:00,7075,7075,7075,7075,3200
2022-12-29 09:34:00,7075,7075,7075,7075,800
2022-12-29 09:35:00,7075,7050,7075,7050,21000
2022-12-29 09:36:00,7050,7050,7050,7050,5800
2022-12-29 09:37:00,7050,7050,7050,7050,5700
2022-12-29 09:38:00,7050,7025,7050,7025,0
2022-12-29 09:39:00,7050,7050,7050,7050,500
2022-12-29 09:40:00,7050,7050,7050,7050,26500
2022-12-29 09:41:00,7075,7075,7075,7075,4300
2022-12-29 09:42:00,7075,7075,7075,7075,8900
2022-12-29 09:43:00,7075,7075,7075,7075,33000
2022-12-29 09:44:00,7075,7075,7075,7075,24800
2022-12-29 09:45:00,7075,7075,7075,7075,7500
2022-12-29 09:46:00,7075,7075,7100,7075,6900
2022-12-29 09:47:00,7075,7075,7075,7075,200
2022-12-29 09:48:00,0,0,0,0,0
2022-12-29 09:49:00,7075,7075,7075,7075,0
2022-12-29 09:50:00,7050,7050,7050,7050,3400
2022-12-29 09:51:00,0,0,0,0,0
2022-12-29 09:52:00,7075,7075,7075,7075,600
2022-12-29 09:53:00,7075,7050,7075,7050,4600
2022-12-29 09:54:00,7050,7050,7050,7050,8100
2022-12-29 09:55:00,7050,7050,7050,7050,2500
2022-12-29 09:56:00,7050,7050,7050,7050,2600
2022-12-29 09:57:00,7050,7050,7075,7050,13800
2022-12-29 09:58:00,7075,7050,7075,7075,5400
2022-12-29 09:59:00,7050,7050,7050,7050,23800
2022-12-29 10:00:00,7050,7050,7075,7050,17000
2022-12-29 10:01:00,7050,7050,7050,7050,35800
2022-12-29 10:02:00,7050,7050,7050,7050,22800
2022-12-29 10:03:00,7050,7050,7050,7050,7800
2022-12-29 10:04:00,7025,7025,7050,7050,29700
2022-12-29 10:05:00,7050,7050,7050,7050,0
2022-12-29 10:06:00,7050,7050,7050,7050,100
2022-12-29 10:07:00,7050,7050,7075,7075,600
2022-12-29 10:08:00,7050,7050,7050,7050,100
2022-12-29 10:09:00,7050,7050,7050,7050,5900
2022-12-29 10:10:00,0,0,0,0,0
2022-12-29 10:11:00,7050,7050,7050,7050,4200
2022-12-29 10:12:00,7050,7050,7050,7050,1500
2022-12-29 10:13:00,0,0,0,0,0
2022-12-29 10:14:00,0,0,0,0,0
2022-12-29 10:15:00,0,0,0,0,0
2022-12-29 10:16:00,7075,7075,7075,7075,0
2022-12-29 10:17:00,7075,7075,7075,7075,300
2022-12-29 10:18:00,7075,7075,7075,7075,400
2022-12-29 10:19:00,7075,7075,7075,7075,17100
2022-12-29 10:20:00,7075,7075,7075,7075,5300
2022-12-29 10:21:00,7075,7075,7075,7075,12800
2022-12-29 10:22:00,0,0,0,0,0
2022-12-29 10:23:00,7075,7075,7075,7075,700
2022-12-29 10:24:00,7075,7075,7100,7100,18700
2022-12-29 10:25:00,7100,7100,7100,7100,0
2022-12-29 10:26:00,7100,7100,7100,7100,2100
2022-12-29 10:27:00,0,0,0,0,0
2022-12-29 10:28:00,0,0,0,0,0
2022-12-29 10:29:00,7075,7075,7075,7075,800
2022-12-29 10:30:00,7075,7075,7100,7100,11100
2022-12-29 10:31:00,7125,7125,7125,7125,10900
2022-12-29 10:32:00,7125,7125,7125,7125,14100
2022-12-29 10:33:00,7125,7125,7125,7125,0
2022-12-29 10:34:00,7125,7125,7125,7125,3900
2022-12-29 10:35:00,7125,7125,7125,7125,4900
2022-12-29 10:36:00,0,0,0,0,0
2022-12-29 10:37:00,7100,7100,7100,7100,5700
2022-12-29 10:38:00,7100,7100,7100,7100,0
2022-12-29 10:39:00,0,0,0,0,0
2022-12-29 10:40:00,0,0,0,0,0
2022-12-29 10:41:00,7100,7100,7100,7100,200
2022-12-29 10:42:00,0,0,0,0,0
2022-12-29 10:43:00,7100,7100,7100,7100,500
2022-12-29 10:44:00,7125,7125,7125,7125,100
2022-12-29 10:45:00,7100,7100,7100,7100,6100
2022-12-29 10:46:00,7125,7125,7125,7125,3200
2022-12-29 10:47:00,7100,7100,7100,7100,0
2022-12-29 10:48:00,0,0,0,0,0
2022-12-29 10:49:00,0,0,0,0,0
2022-12-29 10:50:00,0,0,0,0,0
2022-12-29 10:51:00,0,0,0,0,0
2022-12-29 10:52:00,7125,7125,7125,7125,100
2022-12-29 10:53:00,0,0,0,0,0
2022-12-29 10:54:00,7125,7125,7125,7125,3200
2022-12-29 10:55:00,7125,7125,7125,7125,1000
2022-12-29 10:56:00,7125,7125,7125,7125,100
2022-12-29 10:57:00,7125,7125,7125,7125,1800
2022-12-29 10:58:00,7100,7075,7150,7075,39000
2022-12-29 10:59:00,7075,7075,7075,7075,30200
2022-12-29 11:00:00,7075,7075,7075,7075,0
2022-12-29 11:01:00,7075,7075,7075,7075,22700
2022-12-29 11:02:00,7075,7075,7075,7075,200
2022-12-29 11:03:00,7075,7075,7075,7075,300
2022-12-29 11:04:00,0,0,0,0,0
2022-12-29 11:05:00,0,0,0,0,0
2022-12-29 11:06:00,7075,7075,7100,7100,36200
2022-12-29 11:07:00,7100,7100,7100,7100,7100
2022-12-29 11:08:00,7100,7100,7100,7100,4000
2022-12-29 11:09:00,7100,7100,7100,7100,0
2022-12-29 11:10:00,7100,7100,7100,7100,1000
2022-12-29 11:11:00,7100,7100,7100,7100,6900
2022-12-29 11:12:00,0,0,0,0,0
2022-12-29 11:13:00,7100,7100,7100,7100,300
2022-12-29 11:14:00,0,0,0,0,0
2022-12-29 11:15:00,7100,7100,7100,7100,2200
2022-12-29 11:16:00,7100,7075,7100,7075,12000
2022-12-29 11:17:00,7075,7075,7075,7075,0
2022-12-29 11:18:00,7075,7075,7075,7075,1000
2022-12-29 11:19:00,7075,7075,7075,7075,36000
2022-12-29 11:20:00,7075,7075,7075,7075,5800
2022-12-29 11:21:00,0,0,0,0,0
2022-12-29 11:22:00,7075,7075,7075,7075,0
2022-12-29 11:23:00,7075,7075,7075,7075,2900
2022-12-29 11:24:00,7075,7075,7075,7075,0
2022-12-29 11:25:00,7075,7075,7075,7075,0
2022-12-29 11:26:00,7075,7075,7100,7075,29700
2022-12-29 11:27:00,7075,7075,7075,7075,200
2022-12-29 11:28:00,7050,7050,7075,7050,400
2022-12-29 11:29:00,7075,7075,7075,7075,10000
2022-12-29 11:30:00,0,0,0,0,0
2022-12-29 11:31:00,0,0,0,0,0
2022-12-29 11:32:00,0,0,0,0,0
2022-12-29 11:33:00,0,0,0,0,0
2022-12-29 11:34:00,0,0,0,0,0
2022-12-29 11:35:00,0,0,0,0,0
2022-12-29 11:36:00,0,0,0,0,0
2022-12-29 11:37:00,0,0,0,0,0
2022-12-29 11:38:00,0,0,0,0,0
2022-12-29 11:39:00,0,0,0,0,0
2022-12-29 11:40:00,0,0,0,0,0
2022-12-29 11:41:00,0,0,0,0,0
2022-12-29 11:42:00,0,0,0,0,0
2022-12-29 11:43:00,0,0,0,0,0
2022-12-29 11:44:00,0,0,0,0,0
2022-12-29 11:45:00,0,0,0,0,0
2022-12-29 11:46:00,0,0,0,0,0
2022-12-29 11:47:00,0,0,0,0,0
2022-12-29 11:48:00,0,0,0,0,0
2022-12-29 11:49:00,0,0,0,0,0
2022-12-29 11:50:00,0,0,0,0,0
2022-12-29 11:51:00,0,0,0,0,0
2022-12-29 11:52:00,0,0,0,0,0
2022-12-29 11:53:00,0,0,0,0,0
2022-12-29 11:54:00,0,0,0,0,0
2022-12-29 11:55:00,0,0,0,0,0
2022-12-29 11:56:00,0,0,0,0,0
2022-12-29 11:57:00,0,0,0,0,0
2022-12-29 11:58:00,0,0,0,0,0
2022-12-29 11:59:00,0,0,0,0,0
2022-12-29 12:00:00,0,0,0,0,0
2022-12-29 12:01:00,0,0,0,0,0
2022-12-29 12:02:00,0,0,0,0,0
2022-12-29 12:03:00,0,0,0,0,0
2022-12-29 12:04:00,0,0,0,0,0
2022-12-29 12:05:00,0,0,0,0,0
2022-12-29 12:06:00,0,0,0,0,0
2022-12-29 12:07:00,0,0,0,0,0
2022-12-29 12:08:00,0,0,0,0,0
2022-12-29 12:09:00,0,0,0,0,0
2022-12-29 12:10:00,0,0,0,0,0
2022-12-29 12:11:00,0,0,0,0,0
2022-12-29 12:12:00,0,0,0,0,0
2022-12-29 12:13:00,0,0,0,0,0
2022-12-29 12:14:00,0,0,0,0,0
2022-12-29 12:15:00,0,0,0,0,0
2022-12-29 12:16:00,0,0,0,0,0
2022-12-29 12:17:00,0,0,0,0,0
2022-12-29 12:18:00,0,0,0,0,0
2022-12-29 12:19:00,0,0,0,0,0
2022-12-29 12:20:00,0,0,0,0,0
2022-12-29 12:21:00,0,0,0,0,0
2022-12-29 12:22:00,0,0,0,0,0
2022-12-29 12:23:00,0,0,0,0,0
2022-12-29 12:24:00,0,0,0,0,0
2022-12-29 12:25:00,0,0,0,0,0
2022-12-29 12:26:00,0,0,0,0,0
2022-12-29 12:27:00,0,0,0,0,0
2022-12-29 12:28:00,0,0,0,0,0
2022-12-29 12:29:00,0,0,0,0,0
2022-12-29 12:30:00,0,0,0,0,0
2022-12-29 12:31:00,0,0,0,0,0
2022-12-29 12:32:00,0,0,0,0,0
2022-12-29 12:33:00,0,0,0,0,0
2022-12-29 12:34:00,0,0,0,0,0
2022-12-29 12:35:00,0,0,0,0,0
2022-12-29 12:36:00,0,0,0,0,0
2022-12-29 12:37:00,0,0,0,0,0
2022-12-29 12:38:00,0,0,0,0,0
2022-12-29 12:39:00,0,0,0,0,0
2022-12-29 12:40:00,0,0,0,0,0
2022-12-29 12:41:00,0,0,0,0,0
2022-12-29 12:42:00,0,0,0,0,0
2022-12-29 12:43:00,0,0,0,0,0
2022-12-29 12:44:00,0,0,0,0,0
2022-12-29 12:45:00,0,0,0,0,0
2022-12-29 12:46:00,0,0,0,0,0
2022-12-29 12:47:00,0,0,0,0,0
2022-12-29 12:48:00,0,0,0,0,0
2022-12-29 12:49:00,0,0,0,0,0
2022-12-29 12:50:00,0,0,0,0,0
2022-12-29 12:51:00,0,0,0,0,0
2022-12-29 12:52:00,0,0,0,0,0
2022-12-29 12:53:00,0,0,0,0,0
2022-12-29 12:54:00,0,0,0,0,0
2022-12-29 12:55:00,0,0,0,0,0
2022-12-29 12:56:00,0,0,0,0,0
2022-12-29 12:57:00,0,0,0,0,0
2022-12-29 12:58:00,0,0,0,0,0
2022-12-29 12:59:00,0,0,0,0,0
2022-12-29 13:00:00,0,0,0,0,0
2022-12-29 13:01:00,0,0,0,0,0
2022-12-29 13:02:00,0,0,0,0,0
2022-12-29 13:03:00,0,0,0,0,0
2022-12-29 13:04:00,0,0,0,0,0
2022-12-29 13:05:00,0,0,0,0,0
2022-12-29 13:06:00,0,0,0,0,0
2022-12-29 13:07:00,0,0,0,0,0
2022-12-29 13:08:00,0,0,0,0,0
2022-12-29 13:09:00,0,0,0,0,0
2022-12-29 13:10:00,0,0,0,0,0
2022-12-29 13:11:00,0,0,0,0,0
2022-12-29 13:12:00,0,0,0,0,0
2022-12-29 13:13:00,0,0,0,0,0
2022-12-29 13:14:00,0,0,0,0,0
2022-12-29 13:15:00,0,0,0,0,0
2022-12-29 13:16:00,0,0,0,0,0
2022-12-29 13:17:00,0,0,0,0,0
2022-12-29 13:18:00,0,0,0,0,0
2022-12-29 13:19:00,0,0,0,0,0
2022-12-29 13:20:00,0,0,0,0,0
2022-12-29 13:21:00,0,0,0,0,0
2022-12-29 13:22:00,0,0,0,0,0
2022-12-29 13:23:00,0,0,0,0,0
2022-12-29 13:24:00,0,0,0,0,0
2022-12-29 13:25:00,0,0,0,0,0
2022-12-29 13:26:00,0,0,0,0,0
2022-12-29 13:27:00,0,0,0,0,0
2022-12-29 13:28:00,0,0,0,0,0
2022-12-29 13:29:00,0,0,0,0,0
2022-12-29 13:30:00,7075,7075,7075,7075,16900
2022-12-29 13:31:00,7050,7050,7050,7050,0
2022-12-29 13:32:00,0,0,0,0,0
2022-12-29 13:33:00,7050,7050,7075,7075,1300
2022-12-29 13:34:00,7075,7075,7075,7075,0
2022-12-29 13:35:00,0,0,0,0,0
2022-12-29 13:36:00,7050,7050,7050,7050,400
2022-12-29 13:37:00,7050,7050,7075,7075,2100
2022-12-29 13:38:00,7050,7050,7050,7050,4700
2022-12-29 13:39:00,7050,7050,7050,7050,0
2022-12-29 13:40:00,7050,7050,7075,7075,47600
2022-12-29 13:41:00,7075,7075,7075,7075,13700
2022-12-29 13:42:00,7075,7075,7075,7075,6900
2022-12-29 13:43:00,7075,7075,7075,7075,500
2022-12-29 13:44:00,0,0,0,0,0
2022-12-29 13:45:00,0,0,0,0,0
2022-12-29 13:46:00,7075,7075,7075,7075,3600
2022-12-29 13:47:00,7075,7075,7075,7075,22400
2022-12-29 13:48:00,7050,7050,7075,7075,13800
2022-12-29 13:49:00,7075,7075,7075,7075,2800
2022-12-29 13:50:00,0,0,0,0,0
2022-12-29 13:51:00,0,0,0,0,0
2022-12-29 13:52:00,7075,7075,7075,7075,600
2022-12-29 13:53:00,0,0,0,0,0
2022-12-29 13:54:00,7050,7050,7075,7075,900
2022-12-29 13:55:00,7050,7050,7075,7075,21700
2022-12-29 13:56:00,7100,7100,7100,7100,100
2022-12-29 13:57:00,7100,7100,7100,7100,2700
2022-12-29 13:58:00,7100,7100,7100,7100,0
2022-12-29 13:59:00,7075,7075,7100,7100,20000
2022-12-29 14:00:00,7075,7075,7075,7075,1800
2022-12-29 14:01:00,7075,7075,7075,7075,7000
2022-12-29 14:02:00,7075,7075,7100,7100,21300
2022-12-29 14:03:00,7075,7075,7075,7075,500
2022-12-29 14:04:00,7100,7100,7100,7100,0
2022-12-29 14:05:00,7075,7075,7075,7075,39200
2022-12-29 14:06:00,7075,7075,7075,7075,500
2022-12-29 14:07:00,0,0,0,0,0
2022-12-29 14:08:00,0,0,0,0,0
2022-12-29 14:09:00,7075,7075,7075,7075,100
2022-12-29 14:10:00,7075,7075,7075,7075,3900
2022-12-29 14:11:00,0,0,0,0,0
2022-12-29 14:12:00,7050,7050,7050,7050,1400
2022-12-29 14:13:00,0,0,0,0,0
2022-12-29 14:14:00,7050,7050,7050,7050,1100
2022-12-29 14:15:00,7075,7075,7075,7075,600
2022-12-29 14:16:00,7075,7050,7075,7050,1100
2022-12-29 14:17:00,7075,7075,7075,7075,0
2022-12-29 14:18:00,0,0,0,0,0
2022-12-29 14:19:00,0,0,0,0,0
2022-12-29 14:20:00,7050,7050,7050,7050,700
2022-12-29 14:21:00,0,0,0,0,0
2022-12-29 14:22:00,7075,7075,7075,7075,0
2022-12-29 14:23:00,0,0,0,0,0
2022-12-29 14:24:00,7050,7050,7050,7050,7700
2022-12-29 14:25:00,7075,7075,7075,7075,200
2022-12-29 14:26:00,7075,7075,7075,7075,500
2022-12-29 14:27:00,0,0,0,0,0
2022-12-29 14:28:00,7075,7050,7075,7050,300
2022-12-29 14:29:00,7050,7050,7075,7075,700
2022-12-29 14:30:00,7075,7075,7075,7075,800
2022-12-29 14:31:00,7075,7050,7075,7050,3400
2022-12-29 14:32:00,7050,7050,7075,7075,100100
2022-12-29 14:33:00,7050,7050,7075,7075,8800
2022-12-29 14:34:00,7050,7050,7050,7050,11100
2022-12-29 14:35:00,7050,7050,7050,7050,0
2022-12-29 14:36:00,7050,7050,7075,7075,40800
2022-12-29 14:37:00,7075,7050,7075,7050,18400
2022-12-29 14:38:00,7050,7050,7050,7050,4100
2022-12-29 14:39:00,7050,7050,7075,7075,59400
2022-12-29 14:40:00,7050,7050,7050,7050,107600
2022-12-29 14:41:00,7050,7050,7050,7050,2100
2022-12-29 14:42:00,7025,7025,7075,7075,106000
2022-12-29 14:43:00,7050,7050,7050,7050,39000
2022-12-29 14:44:00,7050,7050,7050,7050,0
2022-12-29 14:45:00,0,0,0,0,0
2022-12-29 14:46:00,7075,7050,7075,7050,7600
2022-12-29 14:47:00,7050,7050,7050,7050,100
2022-12-29 14:48:00,7050,7050,7050,7050,53900
2022-12-29 14:49:00,7050,7025,7050,7050,1600
2022-12-29 14:50:00,0,0,0,0,0
2022-12-29 14:51:00,0,0,0,0,0
2022-12-29 14:52:00,0,0,0,0,0
2022-12-29 14:53:00,0,0,0,0,0
2022-12-29 14:54:00,0,0,0,0,0
2022-12-29 14:55:00,0,0,0,0,0
2022-12-29 14:56:00,0,0,0,0,0
2022-12-29 14:57:00,0,0,0,0,0
2022-12-29 14:58:00,0,0,0,0,0
2022-12-29 14:59:00,0,0,0,0,0
2022-12-29 15:00:00,7025,7025,7025,7025,103100
2022-12-29 15:01:00,7025,7025,7025,7025,22600
2022-12-29 15:02:00,7025,7025,7025,7025,0
2022-12-29 15:03:00,7025,7025,7025,7025,161400
2022-12-29 15:04:00,7025,7025,7025,7025,0
2022-12-29 15:05:00,7025,7025,7025,7025,1200
2022-12-29 15:06:00,7025,7025,7025,7025,4400
2022-12-29 15:07:00,7025,7025,7025,7025,18300
2022-12-29 15:08:00,0,0,0,0,0
2022-12-29 15:09:00,7025,7025,7025,7025,1000
2022-12-29 15:10:00,7025,7025,7025,7025,0
2022-12-29 15:11:00,7025,7025,7025,7025,1100
2022-12-29 15:12:00,7025,7025,7025,7025,0
2022-12-29 15:13:00,7025,7025,7025,7025,2389400
2022-12-29 15:14:00,0,0,0,0,0
2022-12-29 15:15:00,0,0,0,0,0
2022-12-29 15:16:00,0,0,0,0,0
2022-12-29 15:17:00,0,0,0,0,0
2022-12-29 15:18:00,0,0,0,0,0
2022-12-29 15:19:00,0,0,0,0,0
2022-12-29 15:20:00,0,0,0,0,0
2022-12-29 15:21:00,0,0,0,0,0
2022-12-29 15:22:00,0,0,0,0,0
2022-12-29 15:23:00,0,0,0,0,0
2022-12-29 15:24:00,0,0,0,0,0
2022-12-29 15:25:00,0,0,0,0,0
2022-12-29 15:26:00,0,0,0,0,0
2022-12-29 15:27:00,0,0,0,0,0
2022-12-29 15:28:00,0,0,0,0,0
2022-12-29 15:29:00,0,0,0,0,0
2022-12-29 15:30:00,0,0,0,0,0
2022-12-29 15:31:00,0,0,0,0,0
2022-12-29 15:32:00,0,0,0,0,0
2022-12-29 15:33:00,0,0,0,0,0
2022-12-29 15:34:00,0,0,0,0,0
2022-12-29 15:35:00,0,0,0,0,0
2022-12-29 15:36:00,0,0,0,0,0
2022-12-29 15:37:00,0,0,0,0,0
2022-12-29 15:38:00,0,0,0,0,0
2022-12-29 15:39:00,0,0,0,0,0
2022-12-29 15:40:00,0,0,0,0,0
2022-12-29 15:41:00,0,0,0,0,0
2022-12-29 15:42:00,0,0,0,0,0
2022-12-29 15:43:00,0,0,0,0,0
2022-12-29 15:44:00,0,0,0,0,0
2022-12-29 15:45:00,0,0,0,0,0
2022-12-29 15:46:00,0,0,0,0,0
2022-12-29 15:47:00,0,0,0,0,0
2022-12-29 15:48:00,0,0,0,0,0
2022-12-29 15:49:00,0,0,0,0,0
2022-12-29 15:50:00,0,0,0,0,0
2022-12-29 15:51:00,0,0,0,0,0
2022-12-29 15:52:00,0,0,0,0,0
2022-12-29 15:53:00,0,0,0,0,0
2022-12-29 15:54:00,0,0,0,0,0
2022-12-29 15:55:00,0,0,0,0,0
2022-12-29 15:56:00,0,0,0,0,0
2022-12-29 15:57:00,0,0,0,0,0
2022-12-29 15:58:00,0,0,0,0,0
2022-12-29 15:59:00,0,0,0,0,0
2022-12-30 09:00:00,7100,7025,7100,7050,0
2022-12-30 09:01:00,7050,7050,7050,7050,0
2022-12-30 09:02:00,7050,7050,7050,7050,17900
2022-12-30 09:03:00,7050,7025,7050,7050,6700
2022-12-30 09:04:00,7050,7050,7050,7050,4900
2022-12-30 09:05:00,7050,7050,7050,7050,9600
2022-12-30 09:06:00,7050,7050,7050,7050,0
2022-12-30 09:07:00,7075,7050,7075,7050,1800
2022-12-30 09:08:00,0,0,0,0,0
2022-12-30 09:09:00,7075,7075,7075,7075,100
2022-12-30 09:10:00,7075,7075,7100,7100,53400
2022-12-30 09:11:00,7100,7100,7125,7100,12600
2022-12-30 09:12:00,7100,7100,7125,7125,73600
2022-12-30 09:13:00,7125,7125,7125,7125,13400
2022-12-30 09:14:00,7125,7125,7125,7125,5000
2022-12-30 09:15:00,7125,7125,7150,7150,42100
2022-12-30 09:16:00,7150,7150,7150,7150,66700
2022-12-30 09:17:00,7125,7125,7150,7125,28200
2022-12-30 09:18:00,7125,7125,7125,7125,0
2022-12-30 09:19:00,7125,7125,7125,7125,16400
2022-12-30 09:20:00,7125,7125,7125,7125,400
2022-12-30 09:21:00,7150,7100,7150,7100,81400
2022-12-30 09:22:00,7100,7025,7100,7075,250900
2022-12-30 09:23:00,7050,7050,7050,7050,2800
2022-12-30 09:24:00,7075,7075,7075,7075,5400
2022-12-30 09:25:00,7100,7100,7100,7100,2200
2022-12-30 09:26:00,7100,7100,7100,7100,200
2022-12-30 09:27:00,7100,7100,7100,7100,7400
2022-12-30 09:28:00,7100,7075,7100,7075,30600
2022-12-30 09:29:00,7075,7075,7075,7075,25000
2022-12-30 09:30:00,7075,7075,7075,7075,0
2022-12-30 09:31:00,7075,7075,7075,7075,0
2022-12-30 09:32:00,7075,7075,7075,7075,1900
2022-12-30 09:33:00,7050,7050,7050,7050,2000
2022-12-30 09:34:00,7075,7075,7075,7075,0
2022-12-30 09:35:00,7075,7075,7075,7075,0
2022-12-30 09:36:00,7050,7050,7075,7075,8000
2022-12-30 09:37:00,7075,7075,7075,7075,1800
2022-12-30 09:38:00,7075,7075,7075,7075,1300
2022-12-30 09:39:00,7075,7075,7075,7075,600
2022-12-30 09:40:00,7075,7075,7100,7100,22600
2022-12-30 09:41:00,7100,7075,7125,7100,20600
2022-12-30 09:42:00,7100,7100,7125,7100,17500
2022-12-30 09:43:00,7100,7100,7125,7125,35400
2022-12-30 09:44:00,7125,7050,7125,7075,93300
2022-12-30 09:45:00,7075,7075,7075,7075,5800
2022-12-30 09:46:00,7075,7075,7075,7075,2600
2022-12-30 09:47:00,7075,7050,7075,7075,99300
2022-12-30 09:48:00,7075,7075,7075,7075,1100
2022-12-30 09:49:00,0,0,0,0,0
2022-12-30 09:50:00,7050,7050,7075,7075,9500
2022-12-30 09:51:00,7075,7075,7100,7100,3700
2022-12-30 09:52:00,7100,7100,7100,7100,5600
2022-12-30 09:53:00,7100,7075,7100,7100,3700
2022-12-30 09:54:00,7100,7100,7100,7100,21700
2022-12-30 09:55:00,7100,7100,7125,7125,38700
2022-12-30 09:56:00,7100,7100,7125,7125,7800
2022-12-30 09:57:00,7125,7125,7125,7125,3700
2022-12-30 09:58:00,7100,7100,7125,7125,1100
2022-12-30 09:59:00,7100,7100,7125,7100,1900
2022-12-30 10:00:00,7125,7100,7150,7100,6800
2022-12-30 10:01:00,7150,7150,7150,7150,19500
2022-12-30 10:02:00,7150,7150,7150,7150,400
2022-12-30 10:03:00,7150,7125,7150,7125,17800
2022-12-30 10:04:00,7125,7125,7125,7125,11500
2022-12-30 10:05:00,7150,7125,7150,7125,1500
2022-12-30 10:06:00,7150,7150,7150,7150,4100
2022-12-30 10:07:00,7150,7125,7150,7125,38900
2022-12-30 10:08:00,7125,7125,7150,7150,0
2022-12-30 10:09:00,7150,7150,7150,7150,8000
2022-12-30 10:10:00,7150,7150,7175,7175,26700
2022-12-30 10:11:00,7175,7175,7175,7175,5400
2022-12-30 10:12:00,7175,7175,7175,7175,0
2022-12-30 10:13:00,7175,7175,7175,7175,1800
2022-12-30 10:14:00,7175,7150,7175,7150,14700
2022-12-30 10:15:00,7150,7125,7150,7125,17100
2022-12-30 10:16:00,7150,7150,7150,7150,1400
2022-12-30 10:17:00,7150,7125,7150,7125,2400
2022-12-30 10:18:00,7150,7150,7150,7150,200
2022-12-30 10:19:00,0,0,0,0,0
2022-12-30 10:20:00,0,0,0,0,0
2022-12-30 10:21:00,7150,7150,7150,7150,300
2022-12-30 10:22:00,7150,7150,7150,7150,0
2022-12-30 10:23:00,0,0,0,0,0
2022-12-30 10:24:00,0,0,0,0,0
2022-12-30 10:25:00,7125,7125,7125,7125,500
2022-12-30 10:26:00,0,0,0,0,0
2022-12-30 10:27:00,0,0,0,0,0
2022-12-30 10:28:00,0,0,0,0,0
2022-12-30 10:29:00,7150,7150,7150,7150,200
2022-12-30 10:30:00,7150,7150,7150,7150,11500
2022-12-30 10:31:00,0,0,0,0,0
2022-12-30 10:32:00,7150,7150,7150,7150,7400
2022-12-30 10:33:00,7175,7175,7175,7175,0
2022-12-30 10:34:00,7175,7175,7175,7175,2900
2022-12-30 10:35:00,7150,7150,7150,7150,24200
2022-12-30 10:36:00,7150,7150,7150,7150,0
2022-12-30 10:37:00,0,0,0,0,0
2022-12-30 10:38:00,0,0,0,0,0
2022-12-30 10:39:00,7150,7150,7150,7150,200
2022-12-30 10:40:00,7150,7150,7150,7150,100
2022-12-30 10:41:00,0,0,0,0,0
2022-12-30 10:42:00,7150,7150,7150,7150,1400
2022-12-30 10:43:00,7125,7125,7125,7125,0
2022-12-30 10:44:00,0,0,0,0,0
2022-12-30 10:45:00,7150,7150,7175,7175,22500
2022-12-30 10:46:00,7175,7150,7175,7150,4700
2022-12-30 10:47:00,0,0,0,0,0
2022-12-30 10:48:00,0,0,0,0,0
2022-12-30 10:49:00,7150,7150,7150,7150,1900
2022-12-30 10:50:00,0,0,0,0,0
2022-12-30 10:51:00,0,0,0,0,0
2022-12-30 10:52:00,7125,7125,7125,7125,11600
2022-12-30 10:53:00,7125,7125,7125,7125,44500
2022-12-30 10:54:00,7125,7125,7125,7125,0
2022-12-30 10:55:00,7125,7125,7125,7125,2000
2022-12-30 10:56:00,0,0,0,0,0
2022-12-30 10:57:00,0,0,0,0,0
2022-12-30 10:58:00,0,0,0,0,0
2022-12-30 10:59:00,7100,7100,7100,7100,2700
2022-12-30 11:00:00,7125,7125,7150,7150,81400
2022-12-30 11:01:00,0,0,0,0,0
2022-12-30 11:02:00,0,0,0,0,0
2022-12-30 11:03:00,7125,7125,7125,7125,0
2022-12-30 11:04:00,7125,7125,7125,7125,200
2022-12-30 11:05:00,0,0,0,0,0
2022-12-30 11:06:00,0,0,0,0,0
2022-12-30 11:07:00,7150,7150,7150,7150,5000
2022-12-30 11:08:00,7125,7125,7125,7125,10400
2022-12-30 11:09:00,7150,7150,7150,7150,0
2022-12-30 11:10:00,7150,7150,7150,7150,3300
2022-12-30 11:11:00,7150,7150,7150,7150,1600
2022-12-30 11:12:00,7125,7125,7125,7125,11300
2022-12-30 11:13:00,7125,7125,7125,7125,6400
2022-12-30 11:14:00,0,0,0,0,0
2022-12-30 11:15:00,7125,7125,7125,7125,0
2022-12-30 11:16:00,0,0,0,0,0
2022-12-30 11:17:00,0,0,0,0,0
2022-12-30 11:18:00,0,0,0,0,0
2022-12-30 11:19:00,0,0,0,0,0
2022-12-30 11:20:00,0,0,0,0,0
2022-12-30 11:21:00,0,0,0,0,0
2022-12-30 11:22:00,7125,7125,7125,7125,15200
2022-12-30 11:23:00,7125,7125,7125,7125,200
2022-12-30 11:24:00,7150,7150,7150,7150,5900
2022-12-30 11:25:00,0,0,0,0,0
2022-12-30 11:26:00,7150,7125,7150,7125,8100
2022-12-30 11:27:00,0,0,0,0,0
2022-12-30 11:28:00,0,0,0,0,0
2022-12-30 11:29:00,0,0,0,0,0
2022-12-30 11:30:00,0,0,0,0,0
2022-12-30 11:31:00,0,0,0,0,0
2022-12-30 11:32:00,0,0,0,0,0
2022-12-30 11:33:00,0,0,0,0,0
2022-12-30 11:34:00,0,0,0,0,0
2022-12-30 11:35:00,0,0,0,0,0
2022-12-30 11:36:00,0,0,0,0,0
2022-12-30 11:37:00,0,0,0,0,0
2022-12-30 11:38:00,0,0,0,0,0
2022-12-30 11:39:00,0,0,0,0,0
2022-12-30 11:40:00,0,0,0,0,0
2022-12-30 11:41:00,0,0,0,0,0
2022-12-30 11:42:00,0,0,0,0,0
2022-12-30 11:43:00,0,0,0,0,0
2022-12-30 11:44:00,0,0,0,0,0
2022-12-30 11:45:00,0,0,0,0,0
2022-12-30 11:46:00,0,0,0,0,0
2022-12-30 11:47:00,0,0,0,0,0
2022-12-30 11:48:00,0,0,0,0,0
2022-12-30 11:49:00,0,0,0,0,0
2022-12-30 11:50:00,0,0,0,0,0
2022-12-30 11:51:00,0,0,0,0,0
2022-12-30 11:52:00,0,0,0,0,0
2022-12-30 11:53:00,0,0,0,0,0
2022-12-30 11:54:00,0,0,0,0,0
2022-12-30 11:55:00,0,0,0,0,0
2022-12-30 11:56:00,0,0,0,0,0
2022-12-30 11:57:00,0,0,0,0,0
2022-12-30 11:58:00,0,0,0,0,0
2022-12-30 11:59:00,0,0,0,0,0
2022-12-30 12:00:00,0,0,0,0,0
2022-12-30 12:01:00,0,0,0,0,0
2022-12-30 12:02:00,0,0,0,0,0
2022-12-30 12:03:00,0,0,0,0,0
2022-12-30 12:04:00,0,0,0,0,0
2022-12-30 12:05:00,0,0,0,0,0
2022-12-30 12:06:00,0,0,0,0,0
2022-12-30 12:07:00,0,0,0,0,0
2022-12-30 12:08:00,0,0,0,0,0
2022-12-30 12:09:00,0,0,0,0,0
2022-12-30 12:10:00,0,0,0,0,0
2022-12-30 12:11:00,0,0,0,0,0
2022-12-30 12:12:00,0,0,0,0,0
2022-12-30 12:13:00,0,0,0,0,0
2022-12-30 12:14:00,0,0,0,0,0
2022-12-30 12:15:00,0,0,0,0,0
2022-12-30 12:16:00,0,0,0,0,0
2022-12-30 12:17:00,0,0,0,0,0
2022-12-30 12:18:00,0,0,0,0,0
2022-12-30 12:19:00,0,0,0,0,0
2022-12-30 12:20:00,0,0,0,0,0
2022-12-30 12:21:00,0,0,0,0,0
2022-12-30 12:22:00,0,0,0,0,0
2022-12-30 12:23:00,0,0,0,0,0
2022-12-30 12:24:00,0,0,0,0,0
2022-12-30 12:25:00,0,0,0,0,0
2022-12-30 12:26:00,0,0,0,0,0
2022-12-30 12:27:00,0,0,0,0,0
2022-12-30 12:28:00,0,0,0,0,0
2022-12-30 12:29:00,0,0,0,0,0
2022-12-30 12:30:00,0,0,0,0,0
2022-12-30 12:31:00,0,0,0,0,0
2022-12-30 12:32:00,0,0,0,0,0
2022-12-30 12:33:00,0,0,0,0,0
2022-12-30 12:34:00,0,0,0,0,0
2022-12-30 12:35:00,0,0,0,0,0
2022-12-30 12:36:00,0,0,0,0,0
2022-12-30 12:37:00,0,0,0,0,0
2022-12-30 12:38:00,0,0,0,0,0
2022-12-30 12:39:00,0,0,0,0,0
2022-12-30 12:40:00,0,0,0,0,0
2022-12-30 12:41:00,0,0,0,0,0
2022-12-30 12:42:00,0,0,0,0,0
2022-12-30 12:43:00,0,0,0,0,0
2022-12-30 12:44:00,0,0,0,0,0
2022-12-30 12:45:00,0,0,0,0,0
2022-12-30 12:46:00,0,0,0,0,0
2022-12-30 12:47:00,0,0,0,0,0
2022-12-30 12:48:00,0,0,0,0,0
2022-12-30 12:49:00,0,0,0,0,0
2022-12-30 12:50:00,0,0,0,0,0
2022-12-30 12:51:00,0,0,0,0,0
2022-12-30 12:52:00,0,0,0,0,0
2022-12-30 12:53:00,0,0,0,0,0
2022-12-30 12:54:00,0,0,0,0,0
2022-12-30 12:55:00,0,0,0,0,0
2022-12-30 12:56:00,0,0,0,0,0
2022-12-30 12:57:00,0,0,0,0,0
2022-12-30 12:58:00,0,0,0,0,0
2022-12-30 12:59:00,0,0,0,0,0
2022-12-30 13:00:00,0,0,0,0,0
2022-12-30 13:01:00,0,0,0,0,0
2022-12-30 13:02:00,0,0,0,0,0
2022-12-30 13:03:00,0,0,0,0,0
2022-12-30 13:04:00,0,0,0,0,0
2022-12-30 13:05:00,0,0,0,0,0
2022-12-30 13:06:00,0,0,0,0,0
2022-12-30 13:07:00,0,0,0,0,0
2022-12-30 13:08:00,0,0,0,0,0
2022-12-30 13:09:00,0,0,0,0,0
2022-12-30 13:10:00,0,0,0,0,0
2022-12-30 13:11:00,0,0,0,0,0
2022-12-30 13:12:00,0,0,0,0,0
2022-12-30 13:13:00,0,0,0,0,0
2022-12-30 13:14:00,0,0,0,0,0
2022-12-30 13:15:00,0,0,0,0,0
2022-12-30 13:16:00,0,0,0,0,0
2022-12-30 13:17:00,0,0,0,0,0
2022-12-30 13:18:00,0,0,0,0,0
2022-12-30 13:19:00,0,0,0,0,0
2022-12-30 13:20:00,0,0,0,0,0
2022-12-30 13:21:00,0,0,0,0,0
2022-12-30 13:22:00,0,0,0,0,0
2022-12-30 13:23:00,0,0,0,0,0
2022-12-30 13:24:00,0,0,0,0,0
2022-12-30 13:25:00,0,0,0,0,0
2022-12-30 13:26:00,0,0,0,0,0
2022-12-30 13:27:00,0,0,0,0,0
2022-12-30 13:28:00,0,0,0,0,0
2022-12-30 13:29:00,0,0,0,0,0
2022-12-30 13:30:00,7150,7125,7150,7125,18000
2022-12-30 13:31:00,0,0,0,0,0
2022-12-30 13:32:00,0,0,0,0,0
2022-12-30 13:33:00,7100,7100,7100,7100,0
2022-12-30 13:34:00,0,0,0,0,0
2022-12-30 13:35:00,0,0,0,0,0
2022-12-30 13:36:00,0,0,0,0,0
2022-12-30 13:37:00,7125,7125,7125,7125,0
2022-12-30 13:38:00,7125,7125,7125,7125,14000
2022-12-30 13:39:00,7125,7125,7125,7125,0
2022-12-30 13:40:00,7125,7125,7125,7125,200
2022-12-30 13:41:00,0,0,0,0,0
2022-12-30 13:42:00,7125,7125,7125,7125,2900
2022-12-30 13:43:00,7125,7125,7125,7125,0
2022-12-30 13:44:00,0,0,0,0,0
2022-12-30 13:45:00,0,0,0,0,0
2022-12-30 13:46:00,7125,7100,7125,7100,13100
2022-12-30 13:47:00,0,0,0,0,0
2022-12-30 13:48:00,0,0,0,0,0
2022-12-30 13:49:00,7125,7125,7125,7125,0
2022-12-30 13:50:00,7125,7125,7125,7125,600
2022-12-30 13:51:00,7125,7125,7125,7125,1400
2022-12-30 13:52:00,7125,7125,7125,7125,300
2022-12-30 13:53:00,7125,7125,7125,7125,6000
2022-12-30 13:54:00,0,0,0,0,0
2022-12-30 13:55:00,7125,7125,7125,7125,600
2022-12-30 13:56:00,0,0,0,0,0
2022-12-30 13:57:00,7125,7125,7125,7125,1700
2022-12-30 13:58:00,7100,7100,7100,7100,0
2022-12-30 13:59:00,0,0,0,0,0
2022-12-30 14:00:00,7100,7100,7125,7125,7600
2022-12-30 14:01:00,7100,7100,7125,7125,1400
2022-12-30 14:02:00,0,0,0,0,0
2022-12-30 14:03:00,0,0,0,0,0
2022-12-30 14:04:00,7125,7125,7125,7125,19200
2022-12-30 14:05:00,7125,7125,7125,7125,300
2022-12-30 14:06:00,0,0,0,0,0
2022-12-30 14:07:00,7100,7100,7100,7100,1000
2022-12-30 14:08:00,0,0,0,0,0
2022-12-30 14:09:00,7100,7100,7100,7100,2000
2022-12-30 14:10:00,0,0,0,0,0
2022-12-30 14:11:00,7125,7100,7125,7100,6700
2022-12-30 14:12:00,0,0,0,0,0
2022-12-30 14:13:00,7125,7125,7125,7125,0
2022-12-30 14:14:00,7125,7100,7125,7125,1600
2022-12-30 14:15:00,7125,7125,7125,7125,1500
2022-12-30 14:16:00,0,0,0,0,0
2022-12-30 14:17:00,7125,7125,7125,7125,0
2022-12-30 14:18:00,7125,7125,7125,7125,300
2022-12-30 14:19:00,7125,7125,7125,7125,22700
2022-12-30 14:20:00,7125,7125,7125,7125,2500
2022-12-30 14:21:00,7100,7100,7100,7100,0
2022-12-30 14:22:00,7100,7100,7100,7100,4700
2022-12-30 14:23:00,7100,7100,7100,7100,46800
2022-12-30 14:24:00,7100,7100,7100,7100,900
2022-12-30 14:25:00,7125,7100,7125,7100,2700
2022-12-30 14:26:00,7125,7125,7125,7125,0
2022-12-30 14:27:00,7125,7125,7125,7125,2600
2022-12-30 14:28:00,0,0,0,0,0
2022-12-30 14:29:00,7100,7100,7100,7100,1600
2022-12-30 14:30:00,7100,7100,7100,7100,91500
2022-12-30 14:31:00,7100,7100,7100,7100,0
2022-12-30 14:32:00,7100,7100,7100,7100,7700
2022-12-30 14:33:00,7100,7100,7100,7100,11000
2022-12-30 14:34:00,0,0,0,0,0
2022-12-30 14:35:00,7100,7100,7100,7100,900
2022-12-30 14:36:00,7100,7100,7125,7100,56300
2022-12-30 14:37:00,0,0,0,0,0
2022-12-30 14:38:00,0,0,0,0,0
2022-12-30 14:39:00,7100,7100,7100,7100,300
2022-12-30 14:40:00,7100,7100,7100,7100,400
2022-12-30 14:41:00,0,0,0,0,0
2022-12-30 14:42:00,7100,7100,7100,7100,2800
2022-12-30 14:43:00,7075,7075,7100,7075,25800
2022-12-30 14:44:00,7075,7075,7100,7075,92200
2022-12-30 14:45:00,7050,7050,7075,7075,0
2022-12-30 14:46:00,7050,7050,7050,7050,5800
2022-12-30 14:47:00,7050,7050,7075,7075,27500
2022-12-30 14:48:00,7050,7050,7075,7050,38500
2022-12-30 14:49:00,7075,7050,7075,7050,25400
2022-12-30 14:50:00,0,0,0,0,0
2022-12-30 14:51:00,0,0,0,0,0
2022-12-30 14:52:00,0,0,0,0,0
2022-12-30 14:53:00,0,0,0,0,0
2022-12-30 14:54:00,0,0,0,0,0
2022-12-30 14:55:00,0,0,0,0,0
2022-12-30 14:56:00,0,0,0,0,0
2022-12-30 14:57:00,0,0,0,0,0
2022-12-30 14:58:00,0,0,0,0,0
2022-12-30 14:59:00,0,0,0,0,0
2022-12-30 15:00:00,7050,7050,7050,7050,150800
2022-12-30 15:01:00,0,0,0,0,0
2022-12-30 15:02:00,7050,7050,7050,7050,7000
2022-12-30 15:03:00,7050,7050,7050,7050,13200
2022-12-30 15:04:00,7050,7050,7050,7050,0
2022-12-30 15:05:00,7050,7050,7050,7050,33200
2022-12-30 15:06:00,7050,7050,7050,7050,3200
2022-12-30 15:07:00,7050,7050,7050,7050,2800
2022-12-30 15:08:00,7050,7050,7050,7050,9800
2022-12-30 15:09:00,7050,7050,7050,7050,125000
2022-12-30 15:10:00,7050,7050,7050,7050,0
2022-12-30 15:11:00,0,0,0,0,0
2022-12-30 15:12:00,0,0,0,0,0
2022-12-30 15:13:00,7050,7050,7050,7050,2600
2022-12-30 15:14:00,0,0,0,0,0
2022-12-30 15:15:00,0,0,0,0,0
2022-12-30 15:16:00,0,0,0,0,0
2022-12-30 15:17:00,0,0,0,0,0
2022-12-30 15:18:00,0,0,0,0,0
2022-12-30 15:19:00,0,0,0,0,0
2022-12-30 15:20:00,0,0,0,0,0
2022-12-30 15:21:00,0,0,0,0,0
2022-12-30 15:22:00,0,0,0,0,0
2022-12-30 15:23:00,0,0,0,0,0
2022-12-30 15:24:00,0,0,0,0,0
2022-12-30 15:25:00,0,0,0,0,0
2022-12-30 15:26:00,0,0,0,0,0
2022-12-30 15:27:00,0,0,0,0,0
2022-12-30 15:28:00,0,0,0,0,0
2022-12-30 15:29:00,0,0,0,0,0
2022-12-30 15:30:00,0,0,0,0,0
2022-12-30 15:31:00,0,0,0,0,0
2022-12-30 15:32:00,0,0,0,0,0
2022-12-30 15:33:00,0,0,0,0,0
2022-12-30 15:34:00,0,0,0,0,0
2022-12-30 15:35:00,0,0,0,0,0
2022-12-30 15:36:00,0,0,0,0,0
2022-12-30 15:37:00,0,0,0,0,0
2022-12-30 15:38:00,0,0,0,0,0
2022-12-30 15:39:00,0,0,0,0,0
2022-12-30 15:40:00,0,0,0,0,0
2022-12-30 15:41:00,0,0,0,0,0
2022-12-30 15:42:00,0,0,0,0,0
2022-12-30 15:43:00,0,0,0,0,0
2022-12-30 15:44:00,0,0,0,0,0
2022-12-30 15:45:00,0,0,0,0,0
2022-12-30 15:46:00,0,0,0,0,0
2022-12-30 15:47:00,0,0,0,0,0
2022-12-30 15:48:00,0,0,0,0,0
2022-12-30 15:49:00,0,0,0,0,0
2022-12-30 15:50:00,0,0,0,0,0
2022-12-30 15:51:00,0,0,0,0,0
2022-12-30 15:52:00,0,0,0,0,0
2022-12-30 15:53:00,0,0,0,0,0
2022-12-30 15:54:00,0,0,0,0,0
2022-12-30 15:55:00,0,0,0,0,0
2022-12-30 15:56:00,0,0,0,0,0
2022-12-30 15:57:00,0,0,0,0,0
2022-12-30 15:58:00,0,0,0,0,0
2022-12-30 15:59:00,0,0,0,0,0
2023-01-02 09:00:00,7050,7050,7100,7100,0
2023-01-02 09:01:00,7100,7100,7100,7100,6300
2023-01-02 09:02:00,7050,7050,7100,7100,6300
2023-01-02 09:03:00,0,0,0,0,0
2023-01-02 09:04:00,7075,7075,7075,7075,1700
2023-01-02 09:05:00,0,0,0,0,0
2023-01-02 09:06:00,0,0,0,0,0
2023-01-02 09:07:00,0,0,0,0,0
2023-01-02 09:08:00,7100,7100,7100,7100,700
2023-01-02 09:09:00,7100,7075,7100,7100,3000
2023-01-02 09:10:00,7075,7075,7100,7100,1500
2023-01-02 09:11:00,7075,7075,7100,7075,0
2023-01-02 09:12:00,7075,7075,7075,7075,0
2023-01-02 09:13:00,7100,7075,7100,7075,3300
2023-01-02 09:14:00,0,0,0,0,0
2023-01-02 09:15:00,7100,7075,7100,7100,5100
2023-01-02 09:16:00,7100,7075,7100,7075,5700
2023-01-02 09:17:00,7075,7075,7075,7075,1500
2023-01-02 09:18:00,0,0,0,0,0
2023-01-02 09:19:00,7075,7075,7075,7075,1400
2023-01-02 09:20:00,7075,7075,7075,7075,700
2023-01-02 09:21:00,7075,7075,7100,7075,3500
2023-01-02 09:22:00,7075,7075,7075,7075,2900
2023-01-02 09:23:00,7100,7100,7100,7100,3400
2023-01-02 09:24:00,7100,7075,7100,7075,700
2023-01-02 09:25:00,7075,7075,7125,7100,26800
2023-01-02 09:26:00,0,0,0,0,0
2023-01-02 09:27:00,0,0,0,0,0
2023-01-02 09:28:00,7125,7125,7125,7125,400
2023-01-02 09:29:00,7125,7125,7125,7125,5000
2023-01-02 09:30:00,7125,7100,7125,7100,700
2023-01-02 09:31:00,7100,7100,7125,7100,400
2023-01-02 09:32:00,7100,7100,7150,7100,9700
2023-01-02 09:33:00,7150,7150,7175,7150,15600
2023-01-02 09:34:00,7175,7175,7225,7225,31800
2023-01-02 09:35:00,7200,7200,7200,7200,0
2023-01-02 09:36:00,0,0,0,0,0
2023-01-02 09:37:00,7150,7150,7150,7150,300
2023-01-02 09:38:00,7150,7150,7175,7175,1000
2023-01-02 09:39:00,7175,7150,7175,7150,800
2023-01-02 09:40:00,7125,7125,7150,7150,5600
2023-01-02 09:41:00,7150,7150,7150,7150,900
2023-01-02 09:42:00,7150,7150,7150,7150,17000
2023-01-02 09:43:00,7125,7125,7150,7125,5400
2023-01-02 09:44:00,7125,7125,7150,7125,800
2023-01-02 09:45:00,7150,7150,7150,7150,1300
2023-01-02 09:46:00,7125,7125,7125,7125,600
2023-01-02 09:47:00,7125,7125,7125,7125,100
2023-01-02 09:48:00,7125,7125,7125,7125,4000
2023-01-02 09:49:00,7125,7125,7125,7125,0
2023-01-02 09:50:00,7150,7125,7150,7125,500
2023-01-02 09:51:00,7125,7125,7150,7150,200
2023-01-02 09:52:00,7150,7125,7150,7125,400
2023-01-02 09:53:00,0,0,0,0,0
2023-01-02 09:54:00,7150,7125,7150,7125,500
2023-01-02 09:55:00,0,0,0,0,0
2023-01-02 09:56:00,7150,7150,7175,7175,6400
2023-01-02 09:57:00,7175,7175,7175,7175,400
2023-01-02 09:58:00,7175,7150,7175,7175,1000
2023-01-02 09:59:00,7175,7150,7175,7150,200
2023-01-02 10:00:00,7175,7150,7175,7175,5300
2023-01-02 10:01:00,7175,7150,7175,7150,3900
2023-01-02 10:02:00,7150,7150,7150,7150,600
2023-01-02 10:03:00,7150,7150,7150,7150,0
2023-01-02 10:04:00,0,0,0,0,0
2023-01-02 10:05:00,7150,7150,7175,7150,1000
2023-01-02 10:06:00,7150,7150,7175,7175,5400
2023-01-02 10:07:00,0,0,0,0,0
2023-01-02 10:08:00,7175,7125,7175,7125,27800
2023-01-02 10:09:00,7125,7125,7150,7150,14800
2023-01-02 10:10:00,7125,7125,7125,7125,2800
2023-01-02 10:11:00,0,0,0,0,0
2023-01-02 10:12:00,0,0,0,0,0
2023-01-02 10:13:00,0,0,0,0,0
2023-01-02 10:14:00,0,0,0,0,0
2023-01-02 10:15:00,7125,7125,7150,7150,1500
2023-01-02 10:16:00,0,0,0,0,0
2023-01-02 10:17:00,7150,7150,7150,7150,400
2023-01-02 10:18:00,0,0,0,0,0
2023-01-02 10:19:00,7150,7150,7150,7150,500
2023-01-02 10:20:00,7150,7150,7150,7150,6100
2023-01-02 10:21:00,0,0,0,0,0
2023-01-02 10:22:00,7150,7150,7150,7150,0
2023-01-02 10:23:00,7150,7150,7175,7175,12500
2023-01-02 10:24:00,7150,7150,7150,7150,700
2023-01-02 10:25:00,7175,7175,7175,7175,1400
2023-01-02 10:26:00,0,0,0,0,0
2023-01-02 10:27:00,7175,7175,7175,7175,300
2023-01-02 10:28:00,0,0,0,0,0
2023-01-02 10:29:00,7150,7150,7175,7150,600
2023-01-02 10:30:00,0,0,0,0,0
2023-01-02 10:31:00,0,0,0,0,0
2023-01-02 10:32:00,7175,7175,7175,7175,600
2023-01-02 10:33:00,0,0,0,0,0
2023-01-02 10:34:00,7175,7150,7175,7150,6700
2023-01-02 10:35:00,7150,7150,7150,7150,2100
2023-01-02 10:36:00,7175,7175,7175,7175,0
2023-01-02 10:37:00,0,0,0,0,0
2023-01-02 10:38:00,7175,7175,7175,7175,9400
2023-01-02 10:39:00,7175,7150,7175,7150,0
2023-01-02 10:40:00,7175,7175,7175,7175,600
2023-01-02 10:41:00,0,0,0,0,0
2023-01-02 10:42:00,7175,7175,7175,7175,300
2023-01-02 10:43:00,7175,7175,7175,7175,300
2023-01-02 10:44:00,7150,7150,7175,7175,1300
2023-01-02 10:45:00,0,0,0,0,0
2023-01-02 10:46:00,7175,7175,7175,7175,500
2023-01-02 10:47:00,7175,7175,7175,7175,0
2023-01-02 10:48:00,7150,7150,7175,7175,900
2023-01-02 10:49:00,7175,7175,7175,7175,1100
2023-01-02 10:50:00,7175,7175,7175,7175,100
2023-01-02 10:51:00,0,0,0,0,0
2023-01-02 10:52:00,0,0,0,0,0
2023-01-02 10:53:00,7175,7175,7175,7175,500
2023-01-02 10:54:00,7175,7175,7175,7175,16000
2023-01-02 10:55:00,7175,7150,7175,7150,3400
2023-01-02 10:56:00,7175,7175,7175,7175,10100
2023-01-02 10:57:00,7175,7150,7175,7150,800
2023-01-02 10:58:00,0,0,0,0,0
2023-01-02 10:59:00,7175,7175,7175,7175,700
2023-01-02 11:00:00,7150,7150,7150,7150,9900
2023-01-02 11:01:00,7175,7175,7175,7175,0
2023-01-02 11:02:00,0,0,0,0,0
2023-01-02 11:03:00,7175,7175,7175,7175,1700
2023-01-02 11:04:00,0,0,0,0,0
2023-01-02 11:05:00,7175,7175,7175,7175,700
2023-01-02 11:06:00,0,0,0,0,0
2023-01-02 11:07:00,0,0,0,0,0
2023-01-02 11:08:00,0,0,0,0,0
2023-01-02 11:09:00,7175,7150,7175,7150,3100
2023-01-02 11:10:00,7175,7175,7175,7175,1400
2023-01-02 11:11:00,7150,7150,7150,7150,2700
2023-01-02 11:12:00,0,0,0,0,0
2023-01-02 11:13:00,0,0,0,0,0
2023-01-02 11:14:00,7175,7150,7175,7150,0
2023-01-02 11:15:00,7175,7150,7175,7150,700
2023-01-02 11:16:00,0,0,0,0,0
2023-01-02 11:17:00,0,0,0,0,0
2023-01-02 11:18:00,0,0,0,0,0
2023-01-02 11:19:00,7150,7150,7150,7150,23200
2023-01-02 11:20:00,0,0,0,0,0
2023-01-02 11:21:00,7125,7125,7125,7125,2800
2023-01-02 11:22:00,7125,7125,7125,7125,0
2023-01-02 11:23:00,7150,7150,7150,7150,41900
2023-01-02 11:24:00,0,0,0,0,0
2023-01-02 11:25:00,0,0,0,0,0
2023-01-02 11:26:00,7150,7150,7150,7150,200
2023-01-02 11:27:00,7150,7150,7150,7150,300
2023-01-02 11:28:00,7150,7150,7150,7150,6400
2023-01-02 11:29:00,7175,7150,7175,7150,1100
2023-01-02 11:30:00,0,0,0,0,0
2023-01-02 11:31:00,0,0,0,0,0
2023-01-02 11:32:00,0,0,0,0,0
2023-01-02 11:33:00,0,0,0,0,0
2023-01-02 11:34:00,0,0,0,0,0
2023-01-02 11:35:00,0,0,0,0,0
2023-01-02 11:36:00,0,0,0,0,0
2023-01-02 11:37:00,0,0,0,0,0
2023-01-02 11:38:00,0,0,0,0,0
2023-01-02 11:39:00,0,0,0,0,0
2023-01-02 11:40:00,0,0,0,0,0
2023-01-02 11:41:00,0,0,0,0,0
2023-01-02 11:42:00,0,0,0,0,0
2023-01-02 11:43:00,0,0,0,0,0
2023-01-02 11:44:00,0,0,0,0,0
2023-01-02 11:45:00,0,0,0,0,0
2023-01-02 11:46:00,0,0,0,0,0
2023-01-02 11:47:00,0,0,0,0,0
2023-01-02 11:48:00,0,0,0,0,0
2023-01-02 11:49:00,0,0,0,0,0
2023-01-02 11:50:00,0,0,0,0,0
2023-01-02 11:51:00,0,0,0,0,0
2023-01-02 11:52:00,0,0,0,0,0
2023-01-02 11:53:00,0,0,0,0,0
2023-01-02 11:54:00,0,0,0,0,0
2023-01-02 11:55:00,0,0,0,0,0
2023-01-02 11:56:00,0,0,0,0,0
2023-01-02 11:57:00,0,0,0,0,0
2023-01-02 11:58:00,0,0,0,0,0
2023-01-02 11:59:00,0,0,0,0,0
2023-01-02 12:00:00,0,0,0,0,0
2023-01-02 12:01:00,0,0,0,0,0
2023-01-02 12:02:00,0,0,0,0,0
2023-01-02 12:03:00,0,0,0,0,0
2023-01-02 12:04:00,0,0,0,0,0
2023-01-02 12:05:00,0,0,0,0,0
2023-01-02 12:06:00,0,0,0,0,0
2023-01-02 12:07:00,0,0,0,0,0
2023-01-02 12:08:00,0,0,0,0,0
2023-01-02 12:09:00,0,0,0,0,0
2023-01-02 12:10:00,0,0,0,0,0
2023-01-02 12:11:00,0,0,0,0,0
2023-01-02 12:12:00,0,0,0,0,0
2023-01-02 12:13:00,0,0,0,0,0
2023-01-02 12:14:00,0,0,0,0,0
2023-01-02 12:15:00,0,0,0,0,0
2023-01-02 12:16:00,0,0,0,0,0
2023-01-02 12:17:00,0,0,0,0,0
2023-01-02 12:18:00,0,0,0,0,0
2023-01-02 12:19:00,0,0,0,0,0
2023-01-02 12:20:00,0,0,0,0,0
2023-01-02 12:21:00,0,0,0,0,0
2023-01-02 12:22:00,0,0,0,0,0
2023-01-02 12:23:00,0,0,0,0,0
2023-01-02 12:24:00,0,0,0,0,0
2023-01-02 12:25:00,0,0,0,0,0
2023-01-02 12:26:00,0,0,0,0,0
2023-01-02 12:27:00,0,0,0,0,0
2023-01-02 12:28:00,0,0,0,0,0
2023-01-02 12:29:00,0,0,0,0,0
2023-01-02 12:30:00,0,0,0,0,0
2023-01-02 12:31:00,0,0,0,0,0
2023-01-02 12:32:00,0,0,0,0,0
2023-01-02 12:33:00,0,0,0,0,0
2023-01-02 12:34:00,0,0,0,0,0
2023-01-02 12:35:00,0,0,0,0,0
2023-01-02 12:36:00,0,0,0,0,0
2023-01-02 12:37:00,0,0,0,0,0
2023-01-02 12:38:00,0,0,0,0,0
2023-01-02 12:39:00,0,0,0,0,0
2023-01-02 12:40:00,0,0,0,0,0
2023-01-02 12:41:00,0,0,0,0,0
2023-01-02 12:42:00,0,0,0,0,0
2023-01-02 12:43:00,0,0,0,0,0
2023-01-02 12:44:00,0,0,0,0,0
2023-01-02 12:45:00,0,0,0,0,0
2023-01-02 12:46:00,0,0,0,0,0
2023-01-02 12:47:00,0,0,0,0,0
2023-01-02 12:48:00,0,0,0,0,0
2023-01-02 12:49:00,0,0,0,0,0
2023-01-02 12:50:00,0,0,0,0,0
2023-01-02 12:51:00,0,0,0,0,0
2023-01-02 12:52:00,0,0,0,0,0
2023-01-02 12:53:00,0,0,0,0,0
2023-01-02 12:54:00,0,0,0,0,0
2023-01-02 12:55:00,0,0,0,0,0
2023-01-02 12:56:00,0,0,0,0,0
2023-01-02 12:57:00,0,0,0,0,0
2023-01-02 12:58:00,0,0,0,0,0
2023-01-02 12:59:00,0,0,0,0,0
2023-01-02 13:00:00,0,0,0,0,0
2023-01-02 13:01:00,0,0,0,0,0
2023-01-02 13:02:00,0,0,0,0,0
2023-01-02 13:03:00,0,0,0,0,0
2023-01-02 13:04:00,0,0,0,0,0
2023-01-02 13:05:00,0,0,0,0,0
2023-01-02 13:06:00,0,0,0,0,0
2023-01-02 13:07:00,0,0,0,0,0
2023-01-02 13:08:00,0,0,0,0,0
2023-01-02 13:09:00,0,0,0,0,0
2023-01-02 13:10:00,0,0,0,0,0
2023-01-02 13:11:00,0,0,0,0,0
2023-01-02 13:12:00,0,0,0,0,0
2023-01-02 13:13:00,0,0,0,0,0
2023-01-02 13:14:00,0,0,0,0,0
2023-01-02 13:15:00,0,0,0,0,0
2023-01-02 13:16:00,0,0,0,0,0
2023-01-02 13:17:00,0,0,0,0,0
2023-01-02 13:18:00,0,0,0,0,0
2023-01-02 13:19:00,0,0,0,0,0
2023-01-02 13:20:00,0,0,0,0,0
2023-01-02 13:21:00,0,0,0,0,0
2023-01-02 13:22:00,0,0,0,0,0
2023-01-02 13:23:00,0,0,0,0,0
2023-01-02 13:24:00,0,0,0,0,0
2023-01-02 13:25:00,0,0,0,0,0
2023-01-02 13:26:00,0,0,0,0,0
2023-01-02 13:27:00,0,0,0,0,0
2023-01-02 13:28:00,0,0,0,0,0
2023-01-02 13:29:00,0,0,0,0,0
2023-01-02 13:30:00,7175,7150,7175,7150,4800
2023-01-02 13:31:00,7175,7175,7175,7175,6300
2023-01-02 13:32:00,0,0,0,0,0
2023-01-02 13:33:00,0,0,0,0,0
2023-01-02 13:34:00,7175,7175,7175,7175,0
2023-01-02 13:35:00,7175,7150,7175,7150,7800
2023-01-02 13:36:00,7150,7150,7150,7150,1700
2023-01-02 13:37:00,0,0,0,0,0
2023-01-02 13:38:00,0,0,0,0,0
2023-01-02 13:39:00,7150,7150,7150,7150,200
2023-01-02 13:40:00,0,0,0,0,0
2023-01-02 13:41:00,0,0,0,0,0
2023-01-02 13:42:00,7150,7150,7175,7175,1500
2023-01-02 13:43:00,7175,7150,7175,7150,13100
2023-01-02 13:44:00,0,0,0,0,0
2023-01-02 13:45:00,7175,7175,7175,7175,0
2023-01-02 13:46:00,7175,7175,7175,7175,8700
2023-01-02 13:47:00,7175,7150,7175,7150,0
2023-01-02 13:48:00,0,0,0,0,0
2023-01-02 13:49:00,7175,7175,7175,7175,600
2023-01-02 13:50:00,7175,7175,7175,7175,0
2023-01-02 13:51:00,7150,7150,7150,7150,0
2023-01-02 13:52:00,0,0,0,0,0
2023-01-02 13:53:00,7175,7175,7175,7175,5000
2023-01-02 13:54:00,7175,7175,7175,7175,0
2023-01-02 13:55:00,0,0,0,0,0
2023-01-02 13:56:00,0,0,0,0,0
2023-01-02 13:57:00,7175,7175,7175,7175,3600
2023-01-02 13:58:00,0,0,0,0,0
2023-01-02 13:59:00,7175,7175,7175,7175,1800
2023-01-02 14:00:00,7150,7150,7150,7150,0
2023-01-02 14:01:00,7150,7150,7150,7150,4900
2023-01-02 14:02:00,7175,7175,7175,7175,0
2023-01-02 14:03:00,7150,7150,7150,7150,100
2023-01-02 14:04:00,0,0,0,0,0
2023-01-02 14:05:00,7150,7150,7150,7150,2400
2023-01-02 14:06:00,0,0,0,0,0
2023-01-02 14:07:00,7175,7175,7175,7175,46800
2023-01-02 14:08:00,7175,7175,7175,7175,200
2023-01-02 14:09:00,0,0,0,0,0
2023-01-02 14:10:00,7175,7175,7175,7175,9800
2023-01-02 14:11:00,7175,7175,7175,7175,4000
2023-01-02 14:12:00,7175,7175,7175,7175,6100
2023-01-02 14:13:00,7175,7175,7175,7175,4700
2023-01-02 14:14:00,7175,7150,7175,7175,2100
2023-01-02 14:15:00,7175,7175,7175,7175,0
2023-01-02 14:16:00,0,0,0,0,0
2023-01-02 14:17:00,7175,7175,7175,7175,11700
2023-01-02 14:18:00,7150,7150,7150,7150,0
2023-01-02 14:19:00,0,0,0,0,0
2023-01-02 14:20:00,7175,7175,7175,7175,5000
2023-01-02 14:21:00,7175,7175,7175,7175,500
2023-01-02 14:22:00,7175,7175,7175,7175,3800
2023-01-02 14:23:00,0,0,0,0,0
2023-01-02 14:24:00,7175,7175,7175,7175,15700
2023-01-02 14:25:00,0,0,0,0,0
2023-01-02 14:26:00,7175,7175,7175,7175,8000
2023-01-02 14:27:00,7150,7150,7150,7150,3000
2023-01-02 14:28:00,7150,7150,7175,7150,1900
2023-01-02 14:29:00,7150,7150,7175,7150,1200
2023-01-02 14:30:00,7150,7150,7150,7150,45100
2023-01-02 14:31:00,7150,7150,7150,7150,0
2023-01-02 14:32:00,0,0,0,0,0
2023-01-02 14:33:00,7150,7150,7150,7150,100
2023-01-02 14:34:00,7150,7150,7150,7150,100
2023-01-02 14:35:00,7150,7150,7150,7150,200
2023-01-02 14:36:00,0,0,0,0,0
2023-01-02 14:37:00,0,0,0,0,0
2023-01-02 14:38:00,7125,7125,7125,7125,700
2023-01-02 14:39:00,7150,7125,7150,7125,67200
2023-01-02 14:40:00,0,0,0,0,0
2023-01-02 14:41:00,7125,7100,7125,7100,16300
2023-01-02 14:42:00,7125,7100,7125,7100,1400
2023-01-02 14:43:00,7125,7125,7125,7125,1100
2023-01-02 14:44:00,0,0,0,0,0
2023-01-02 14:45:00,7125,7100,7125,7125,13800
2023-01-02 14:46:00,7100,7100,7125,7125,13500
2023-01-02 14:47:00,7125,7100,7125,7100,16800
2023-01-02 14:48:00,7100,7100,7125,7125,26200
2023-01-02 14:49:00,7125,7075,7125,7125,61300
2023-01-02 14:50:00,0,0,0,0,0
2023-01-02 14:51:00,0,0,0,0,0
2023-01-02 14:52:00,0,0,0,0,0
2023-01-02 14:53:00,0,0,0,0,0
2023-01-02 14:54:00,0,0,0,0,0
2023-01-02 14:55:00,0,0,0,0,0
2023-01-02 14:56:00,0,0,0,0,0
2023-01-02 14:57:00,0,0,0,0,0
2023-01-02 14:58:00,0,0,0,0,0
2023-01-02 14:59:00,0,0,0,0,0
2023-01-02 15:00:00,7100,7100,7100,7100,17000
2023-01-02 15:01:00,7100,7100,7100,7100,7400
2023-01-02 15:02:00,0,0,0,0,0
2023-01-02 15:03:00,0,0,0,0,0
2023-01-02 15:04:00,7100,7100,7100,7100,1600
2023-01-02 15:05:00,0,0,0,0,0
2023-01-02 15:06:00,0,0,0,0,0
2023-01-02 15:07:00,0,0,0,0,0
2023-01-02 15:08:00,7100,7100,7100,7100,4500
2023-01-02 15:09:00,0,0,0,0,0
2023-01-02 15:10:00,0,0,0,0,0
2023-01-02 15:11:00,0,0,0,0,0
2023-01-02 15:12:00,7100,7100,7100,7100,100
2023-01-02 15:13:00,0,0,0,0,0
2023-01-02 15:14:00,7100,7100,7100,7100,884300
2023-01-02 15:15:00,0,0,0,0,0
2023-01-02 15:16:00,0,0,0,0,0
2023-01-02 15:17:00,0,0,0,0,0
2023-01-02 15:18:00,0,0,0,0,0
2023-01-02 15:19:00,0,0,0,0,0
2023-01-02 15:20:00,0,0,0,0,0
2023-01-02 15:21:00,0,0,0,0,0
2023-01-02 15:22:00,0,0,0,0,0
2023-01-02 15:23:00,0,0,0,0,0
2023-01-02 15:24:00,0,0,0,0,0
2023-01-02 15:25:00,0,0,0,0,0
2023-01-02 15:26:00,0,0,0,0,0
2023-01-02 15:27:00,0,0,0,0,0
2023-01-02 15:28:00,0,0,0,0,0
2023-01-02 15:29:00,0,0,0,0,0
2023-01-02 15:30:00,0,0,0,0,0
2023-01-02 15:31:00,0,0,0,0,0
2023-01-02 15:32:00,0,0,0,0,0
2023-01-02 15:33:00,0,0,0,0,0
2023-01-02 15:34:00,0,0,0,0,0
2023-01-02 15:35:00,0,0,0,0,0
2023-01-02 15:36:00,0,0,0,0,0
2023-01-02 15:37:00,0,0,0,0,0
2023-01-02 15:38:00,0,0,0,0,0
2023-01-02 15:39:00,0,0,0,0,0
2023-01-02 15:40:00,0,0,0,0,0
2023-01-02 15:41:00,0,0,0,0,0
2023-01-02 15:42:00,0,0,0,0,0
2023-01-02 15:43:00,0,0,0,0,0
2023-01-02 15:44:00,0,0,0,0,0
2023-01-02 15:45:00,0,0,0,0,0
2023-01-02 15:46:00,0,0,0,0,0
2023-01-02 15:47:00,0,0,0,0,0
2023-01-02 15:48:00,0,0,0,0,0
2023-01-02 15:49:00,0,0,0,0,0
2023-01-02 15:50:00,0,0,0,0,0
2023-01-02 15:51:00,0,0,0,0,0
2023-01-02 15:52:00,0,0,0,0,0
2023-01-02 15:53:00,0,0,0,0,0
2023-01-02 15:54:00,0,0,0,0,0
2023-01-02 15:55:00,0,0,0,0,0
2023-01-02 15:56:00,0,0,0,0,0
2023-01-02 15:57:00,0,0,0,0,0
2023-01-02 15:58:00,0,0,0,0,0
2023-01-02 15:59:00,0,0,0,0,0
2023-01-03 09:00:00,7100,7100,7100,7100,0
2023-01-03 09:01:00,7100,7100,7100,7100,300
2023-01-03 09:02:00,7100,7100,7100,7100,39600
2023-01-03 09:03:00,0,0,0,0,0
2023-01-03 09:04:00,7125,7125,7150,7125,19900
2023-01-03 09:05:00,7125,7125,7125,7125,6300
2023-01-03 09:06:00,0,0,0,0,0
2023-01-03 09:07:00,7125,7125,7125,7125,3000
2023-01-03 09:08:00,7150,7125,7150,7150,57900
2023-01-03 09:09:00,7150,7150,7150,7150,0
2023-01-03 09:10:00,0,0,0,0,0
2023-01-03 09:11:00,7175,7175,7175,7175,4700
2023-01-03 09:12:00,7150,7150,7150,7150,4500
2023-01-03 09:13:00,7150,7150,7150,7150,9800
2023-01-03 09:14:00,7150,7150,7150,7150,600
2023-01-03 09:15:00,0,0,0,0,0
2023-01-03 09:16:00,7150,7150,7150,7150,11600
2023-01-03 09:17:00,0,0,0,0,0
2023-01-03 09:18:00,7175,7175,7175,7175,3200
2023-01-03 09:19:00,7175,7175,7200,7200,18800
2023-01-03 09:20:00,0,0,0,0,0
2023-01-03 09:21:00,7175,7175,7200,7200,24700
2023-01-03 09:22:00,0,0,0,0,0
2023-01-03 09:23:00,7200,7200,7200,7200,3000
2023-01-03 09:24:00,7200,7200,7200,7200,400
2023-01-03 09:25:00,7200,7175,7200,7175,34300
2023-01-03 09:26:00,7200,7200,7200,7200,30800
2023-01-03 09:27:00,7200,7200,7200,7200,1200
2023-01-03 09:28:00,7200,7175,7200,7175,10600
2023-01-03 09:29:00,7175,7150,7175,7150,21100
2023-01-03 09:30:00,7150,7150,7150,7150,1300
2023-01-03 09:31:00,7150,7150,7150,7150,2700
2023-01-03 09:32:00,7175,7175,7175,7175,0
2023-01-03 09:33:00,0,0,0,0,0
2023-01-03 09:34:00,0,0,0,0,0
2023-01-03 09:35:00,7150,7150,7175,7175,23800
2023-01-03 09:36:00,7175,7175,7175,7175,0
2023-01-03 09:37:00,7175,7175,7175,7175,2900
2023-01-03 09:38:00,7175,7175,7175,7175,3300
2023-01-03 09:39:00,7175,7175,7175,7175,4800
2023-01-03 09:40:00,7175,7175,7175,7175,400
2023-01-03 09:41:00,7175,7175,7175,7175,6800
2023-01-03 09:42:00,0,0,0,0,0
2023-01-03 09:43:00,0,0,0,0,0
2023-01-03 09:44:00,7175,7175,7175,7175,7200
2023-01-03 09:45:00,0,0,0,0,0
2023-01-03 09:46:00,7200,7175,7200,7175,100
2023-01-03 09:47:00,7175,7175,7175,7175,12400
2023-01-03 09:48:00,7175,7175,7175,7175,11400
2023-01-03 09:49:00,0,0,0,0,0
2023-01-03 09:50:00,0,0,0,0,0
2023-01-03 09:51:00,7200,7200,7200,7200,29300
2023-01-03 09:52:00,0,0,0,0,0
2023-01-03 09:53:00,0,0,0,0,0
2023-01-03 09:54:00,7200,7175,7200,7175,5000
2023-01-03 09:55:00,7175,7175,7175,7175,0
2023-01-03 09:56:00,0,0,0,0,0
2023-01-03 09:57:00,7175,7175,7175,7175,1700
2023-01-03 09:58:00,7175,7175,7200,7175,20400
2023-01-03 09:59:00,7175,7175,7200,7200,11800
2023-01-03 10:00:00,7200,7175,7225,7200,64100
2023-01-03 10:01:00,0,0,0,0,0
2023-01-03 10:02:00,7200,7200,7200,7200,1100
2023-01-03 10:03:00,7200,7175,7200,7175,3000
2023-01-03 10:04:00,7225,7225,7225,7225,0
2023-01-03 10:05:00,0,0,0,0,0
2023-01-03 10:06:00,0,0,0,0,0
2023-01-03 10:07:00,7200,7175,7200,7175,51000
2023-01-03 10:08:00,7175,7150,7175,7150,0
2023-01-03 10:09:00,7175,7175,7175,7175,1200
2023-01-03 10:10:00,7175,7175,7175,7175,2000
2023-01-03 10:11:00,7175,7175,7175,7175,4300
2023-01-03 10:12:00,7175,7175,7175,7175,400
2023-01-03 10:13:00,7175,7175,7175,7175,100
2023-01-03 10:14:00,0,0,0,0,0
2023-01-03 10:15:00,0,0,0,0,0
2023-01-03 10:16:00,7175,7175,7175,7175,1000
2023-01-03 10:17:00,7175,7175,7175,7175,900
2023-01-03 10:18:00,7175,7175,7175,7175,1500
2023-01-03 10:19:00,7175,7175,7175,7175,800
2023-01-03 10:20:00,7175,7175,7175,7175,100
2023-01-03 10:21:00,0,0,0,0,0
2023-01-03 10:22:00,0,0,0,0,0
2023-01-03 10:23:00,7150,7150,7175,7175,1400
2023-01-03 10:24:00,7150,7150,7150,7150,500
2023-01-03 10:25:00,7175,7150,7175,7150,2600
2023-01-03 10:26:00,7150,7150,7150,7150,900
2023-01-03 10:27:00,7175,7150,7175,7150,300
2023-01-03 10:28:00,7150,7150,7150,7150,500
2023-01-03 10:29:00,7175,7150,7175,7150,1000
2023-01-03 10:30:00,7150,7150,7150,7150,100
2023-01-03 10:31:00,7150,7150,7150,7150,2600
2023-01-03 10:32:00,7150,7150,7175,7150,60800
2023-01-03 10:33:00,7150,7150,7150,7150,7000
2023-01-03 10:34:00,7150,7150,7150,7150,200
2023-01-03 10:35:00,7150,7150,7175,7175,2600
2023-01-03 10:36:00,0,0,0,0,0
2023-01-03 10:37:00,7150,7150,7175,7150,4100
2023-01-03 10:38:00,7150,7150,7150,7150,700
2023-01-03 10:39:00,7150,7150,7150,7150,1100
2023-01-03 10:40:00,7150,7150,7150,7150,1500
2023-01-03 10:41:00,7150,7150,7150,7150,1200
2023-01-03 10:42:00,7150,7150,7150,7150,1500
2023-01-03 10:43:00,0,0,0,0,0
2023-01-03 10:44:00,7150,7150,7150,7150,1900
2023-01-03 10:45:00,7150,7150,7150,7150,100
2023-01-03 10:46:00,7150,7150,7150,7150,1100
2023-01-03 10:47:00,7150,7150,7150,7150,400
2023-01-03 10:48:00,0,0,0,0,0
2023-01-03 10:49:00,0,0,0,0,0
2023-01-03 10:50:00,7150,7150,7150,7150,1700
2023-01-03 10:51:00,7150,7150,7150,7150,300
2023-01-03 10:52:00,7150,7150,7150,7150,300
2023-01-03 10:53:00,7175,7150,7175,7150,700
2023-01-03 10:54:00,7150,7150,7150,7150,800
2023-01-03 10:55:00,0,0,0,0,0
2023-01-03 10:56:00,0,0,0,0,0
2023-01-03 10:57:00,7150,7150,7150,7150,1700
2023-01-03 10:58:00,0,0,0,0,0
2023-01-03 10:59:00,0,0,0,0,0
2023-01-03 11:00:00,7150,7150,7150,7150,900
2023-01-03 11:01:00,7175,7150,7175,7150,2100
2023-01-03 11:02:00,7150,7150,7150,7150,500
2023-01-03 11:03:00,7150,7150,7150,7150,600
2023-01-03 11:04:00,7150,7150,7150,7150,200
2023-01-03 11:05:00,7175,7150,7175,7150,3300
2023-01-03 11:06:00,7175,7150,7175,7150,3800
2023-01-03 11:07:00,7150,7150,7150,7150,1800
2023-01-03 11:08:00,7150,7150,7150,7150,1000
2023-01-03 11:09:00,7150,7150,7150,7150,700
2023-01-03 11:10:00,7150,7150,7175,7175,300
2023-01-03 11:11:00,7175,7150,7175,7150,100
2023-01-03 11:12:00,7150,7150,7150,7150,2300
2023-01-03 11:13:00,7175,7175,7175,7175,100
2023-01-03 11:14:00,7150,7150,7150,7150,800
2023-01-03 11:15:00,0,0,0,0,0
2023-01-03 11:16:00,7150,7150,7175,7150,2100
2023-01-03 11:17:00,0,0,0,0,0
2023-01-03 11:18:00,7150,7150,7150,7150,2600
2023-01-03 11:19:00,7150,7150,7150,7150,69300
2023-01-03 11:20:00,7150,7150,7150,7150,2100
2023-01-03 11:21:00,7150,7150,7150,7150,3400
2023-01-03 11:22:00,7150,7150,7150,7150,2800
2023-01-03 11:23:00,7150,7150,7150,7150,5800
2023-01-03 11:24:00,7150,7150,7150,7150,5300
2023-01-03 11:25:00,0,0,0,0,0
2023-01-03 11:26:00,0,0,0,0,0
2023-01-03 11:27:00,0,0,0,0,0
2023-01-03 11:28:00,7150,7150,7150,7150,900
2023-01-03 11:29:00,0,0,0,0,0
2023-01-03 11:30:00,0,0,0,0,0
2023-01-03 11:31:00,0,0,0,0,0
2023-01-03 11:32:00,0,0,0,0,0
2023-01-03 11:33:00,0,0,0,0,0
2023-01-03 11:34:00,0,0,0,0,0
2023-01-03 11:35:00,0,0,0,0,0
2023-01-03 11:36:00,0,0,0,0,0
2023-01-03 11:37:00,0,0,0,0,0
2023-01-03 11:38:00,0,0,0,0,0
2023-01-03 11:39:00,0,0,0,0,0
2023-01-03 11:40:00,0,0,0,0,0
2023-01-03 11:41:00,0,0,0,0,0
2023-01-03 11:42:00,0,0,0,0,0
2023-01-03 11:43:00,0,0,0,0,0
2023-01-03 11:44:00,0,0,0,0,0
2023-01-03 11:45:00,0,0,0,0,0
2023-01-03 11:46:00,0,0,0,0,0
2023-01-03 11:47:00,0,0,0,0,0
2023-01-03 11:48:00,0,0,0,0,0
2023-01-03 11:49:00,0,0,0,0,0
2023-01-03 11:50:00,0,0,0,0,0
2023-01-03 11:51:00,0,0,0,0,0
2023-01-03 11:52:00,0,0,0,0,0
2023-01-03 11:53:00,0,0,0,0,0
2023-01-03 11:54:00,0,0,0,0,0
2023-01-03 11:55:00,0,0,0,0,0
2023-01-03 11:56:00,0,0,0,0,0
2023-01-03 11:57:00,0,0,0,0,0
2023-01-03 11:58:00,0,0,0,0,0
2023-01-03 11:59:00,0,0,0,0,0
2023-01-03 12:00:00,0,0,0,0,0
2023-01-03 12:01:00,0,0,0,0,0
2023-01-03 12:02:00,0,0,0,0,0
2023-01-03 12:03:00,0,0,0,0,0
2023-01-03 12:04:00,0,0,0,0,0
2023-01-03 12:05:00,0,0,0,0,0
2023-01-03 12:06:00,0,0,0,0,0
2023-01-03 12:07:00,0,0,0,0,0
2023-01-03 12:08:00,0,0,0,0,0
2023-01-03 12:09:00,0,0,0,0,0
2023-01-03 12:10:00,0,0,0,0,0
2023-01-03 12:11:00,0,0,0,0,0
2023-01-03 12:12:00,0,0,0,0,0
2023-01-03 12:13:00,0,0,0,0,0
2023-01-03 12:14:00,0,0,0,0,0
2023-01-03 12:15:00,0,0,0,0,0
2023-01-03 12:16:00,0,0,0,0,0
2023-01-03 12:17:00,0,0,0,0,0
2023-01-03 12:18:00,0,0,0,0,0
2023-01-03 12:19:00,0,0,0,0,0
2023-01-03 12:20:00,0,0,0,0,0
2023-01-03 12:21:00,0,0,0,0,0
2023-01-03 12:22:00,0,0,0,0,0
2023-01-03 12:23:00,0,0,0,0,0
2023-01-03 12:24:00,0,0,0,0,0
2023-01-03 12:25:00,0,0,0,0,0
2023-01-03 12:26:00,0,0,0,0,0
2023-01-03 12:27:00,0,0,0,0,0
2023-01-03 12:28:00,0,0,0,0,0
2023-01-03 12:29:00,0,0,0,0,0
2023-01-03 12:30:00,0,0,0,0,0
2023-01-03 12:31:00,0,0,0,0,0
2023-01-03 12:32:00,0,0,0,0,0
2023-01-03 12:33:00,0,0,0,0,0
2023-01-03 12:34:00,0,0,0,0,0
2023-01-03 12:35:00,0,0,0,0,0
2023-01-03 12:36:00,0,0,0,0,0
2023-01-03 12:37:00,0,0,0,0,0
2023-01-03 12:38:00,0,0,0,0,0
2023-01-03 12:39:00,0,0,0,0,0
2023-01-03 12:40:00,0,0,0,0,0
2023-01-03 12:41:00,0,0,0,0,0
2023-01-03 12:42:00,0,0,0,0,0
2023-01-03 12:43:00,0,0,0,0,0
2023-01-03 12:44:00,0,0,0,0,0
2023-01-03 12:45:00,0,0,0,0,0
2023-01-03 12:46:00,0,0,0,0,0
2023-01-03 12:47:00,0,0,0,0,0
2023-01-03 12:48:00,0,0,0,0,0
2023-01-03 12:49:00,0,0,0,0,0
2023-01-03 12:50:00,0,0,0,0,0
2023-01-03 12:51:00,0,0,0,0,0
2023-01-03 12:52:00,0,0,0,0,0
2023-01-03 12:53:00,0,0,0,0,0
2023-01-03 12:54:00,0,0,0,0,0
2023-01-03 12:55:00,0,0,0,0,0
2023-01-03 12:56:00,0,0,0,0,0
2023-01-03 12:57:00,0,0,0,0,0
2023-01-03 12:58:00,0,0,0,0,0
2023-01-03 12:59:00,0,0,0,0,0
2023-01-03 13:00:00,0,0,0,0,0
2023-01-03 13:01:00,0,0,0,0,0
2023-01-03 13:02:00,0,0,0,0,0
2023-01-03 13:03:00,0,0,0,0,0
2023-01-03 13:04:00,0,0,0,0,0
2023-01-03 13:05:00,0,0,0,0,0
2023-01-03 13:06:00,0,0,0,0,0
2023-01-03 13:07:00,0,0,0,0,0
2023-01-03 13:08:00,0,0,0,0,0
2023-01-03 13:09:00,0,0,0,0,0
2023-01-03 13:10:00,0,0,0,0,0
2023-01-03 13:11:00,0,0,0,0,0
2023-01-03 13:12:00,0,0,0,0,0
2023-01-03 13:13:00,0,0,0,0,0
2023-01-03 13:14:00,0,0,0,0,0
2023-01-03 13:15:00,0,0,0,0,0
2023-01-03 13:16:00,0,0,0,0,0
2023-01-03 13:17:00,0,0,0,0,0
2023-01-03 13:18:00,0,0,0,0,0
2023-01-03 13:19:00,0,0,0,0,0
2023-01-03 13:20:00,0,0,0,0,0
2023-01-03 13:21:00,0,0,0,0,0
2023-01-03 13:22:00,0,0,0,0,0
2023-01-03 13:23:00,0,0,0,0,0
2023-01-03 13:24:00,0,0,0,0,0
2023-01-03 13:25:00,0,0,0,0,0
2023-01-03 13:26:00,0,0,0,0,0
2023-01-03 13:27:00,0,0,0,0,0
2023-01-03 13:28:00,0,0,0,0,0
2023-01-03 13:29:00,0,0,0,0,0
2023-01-03 13:30:00,7150,7150,7150,7150,19000
2023-01-03 13:31:00,0,0,0,0,0
2023-01-03 13:32:00,7175,7175,7175,7175,1300
2023-01-03 13:33:00,0,0,0,0,0
2023-01-03 13:34:00,7175,7175,7175,7175,2700
2023-01-03 13:35:00,0,0,0,0,0
2023-01-03 13:36:00,7175,7150,7175,7150,14900
2023-01-03 13:37:00,0,0,0,0,0
2023-01-03 13:38:00,7150,7150,7150,7150,1400
2023-01-03 13:39:00,0,0,0,0,0
2023-01-03 13:40:00,7150,7150,7150,7150,3000
2023-01-03 13:41:00,7175,7175,7175,7175,10500
2023-01-03 13:42:00,7175,7175,7175,7175,0
2023-01-03 13:43:00,7175,7175,7175,7175,2900
2023-01-03 13:44:00,7175,7175,7175,7175,0
2023-01-03 13:45:00,0,0,0,0,0
2023-01-03 13:46:00,7175,7175,7175,7175,0
2023-01-03 13:47:00,7175,7175,7175,7175,44900
2023-01-03 13:48:00,7200,7200,7200,7200,76200
2023-01-03 13:49:00,7200,7200,7200,7200,23700
2023-01-03 13:50:00,0,0,0,0,0
2023-01-03 13:51:00,0,0,0,0,0
2023-01-03 13:52:00,7200,7200,7200,7200,2600
2023-01-03 13:53:00,7200,7200,7200,7200,400
2023-01-03 13:54:00,7200,7200,7200,7200,11800
2023-01-03 13:55:00,7200,7200,7200,7200,800
2023-01-03 13:56:00,0,0,0,0,0
2023-01-03 13:57:00,0,0,0,0,0
2023-01-03 13:58:00,7200,7200,7200,7200,800
2023-01-03 13:59:00,7200,7200,7200,7200,7100
2023-01-03 14:00:00,7225,7175,7225,7175,36200
2023-01-03 14:01:00,7200,7175,7200,7175,73600
2023-01-03 14:02:00,7175,7175,7200,7200,70200
2023-01-03 14:03:00,0,0,0,0,0
2023-01-03 14:04:00,7225,7200,7225,7200,2500
2023-01-03 14:05:00,7200,7200,7200,7200,3800
2023-01-03 14:06:00,7225,7225,7225,7225,44900
2023-01-03 14:07:00,7200,7200,7200,7200,1300
2023-01-03 14:08:00,7225,7200,7225,7200,5100
2023-01-03 14:09:00,7200,7200,7250,7200,555200
2023-01-03 14:10:00,7250,7225,7250,7250,23800
2023-01-03 14:11:00,7250,7250,7250,7250,4200
2023-01-03 14:12:00,7250,7225,7250,7225,200
2023-01-03 14:13:00,7250,7250,7250,7250,200
2023-01-03 14:14:00,7250,7250,7250,7250,1100
2023-01-03 14:15:00,7250,7225,7250,7225,10500
2023-01-03 14:16:00,7225,7225,7225,7225,46700
2023-01-03 14:17:00,0,0,0,0,0
2023-01-03 14:18:00,7225,7225,7225,7225,2200
2023-01-03 14:19:00,7225,7225,7225,7225,600
2023-01-03 14:20:00,7200,7200,7200,7200,84700
2023-01-03 14:21:00,7200,7200,7200,7200,400
2023-01-03 14:22:00,7200,7200,7200,7200,1700
2023-01-03 14:23:00,7200,7175,7200,7175,1100
2023-01-03 14:24:00,7200,7200,7200,7200,500
2023-01-03 14:25:00,7200,7200,7200,7200,300
2023-01-03 14:26:00,7200,7200,7200,7200,900
2023-01-03 14:27:00,7200,7200,7200,7200,2500
2023-01-03 14:28:00,7200,7200,7200,7200,0
2023-01-03 14:29:00,7200,7200,7225,7225,3200
2023-01-03 14:30:00,7200,7200,7200,7200,0
2023-01-03 14:31:00,7200,7200,7225,7225,1000
2023-01-03 14:32:00,7225,7225,7225,7225,1600
2023-01-03 14:33:00,7225,7225,7225,7225,8600
2023-01-03 14:34:00,0,0,0,0,0
2023-01-03 14:35:00,7200,7200,7225,7225,0
2023-01-03 14:36:00,7225,7225,7225,7225,38700
2023-01-03 14:37:00,7225,7225,7225,7225,1500
2023-01-03 14:38:00,7225,7225,7225,7225,1500
2023-01-03 14:39:00,0,0,0,0,0
2023-01-03 14:40:00,7225,7225,7225,7225,9500
2023-01-03 14:41:00,7225,7200,7225,7200,100
2023-01-03 14:42:00,0,0,0,0,0
2023-01-03 14:43:00,7225,7225,7225,7225,11200
2023-01-03 14:44:00,7225,7225,7225,7225,300
2023-01-03 14:45:00,7225,7225,7225,7225,300
2023-01-03 14:46:00,7225,7225,7225,7225,2100
2023-01-03 14:47:00,7250,7225,7250,7225,25600
2023-01-03 14:48:00,7225,7225,7225,7225,1800
2023-01-03 14:49:00,7225,7200,7225,7200,19300
2023-01-03 14:50:00,0,0,0,0,0
2023-01-03 14:51:00,0,0,0,0,0
2023-01-03 14:52:00,0,0,0,0,0
2023-01-03 14:53:00,0,0,0,0,0
2023-01-03 14:54:00,0,0,0,0,0
2023-01-03 14:55:00,0,0,0,0,0
2023-01-03 14:56:00,0,0,0,0,0
2023-01-03 14:57:00,0,0,0,0,0
2023-01-03 14:58:00,0,0,0,0,0
2023-01-03 14:59:00,0,0,0,0,0
2023-01-03 15:00:00,7225,7225,7225,7225,50200
2023-01-03 15:01:00,7225,7225,7225,7225,1400
2023-01-03 15:02:00,7225,7225,7225,7225,900
2023-01-03 15:03:00,7225,7225,7225,7225,17600
2023-01-03 15:04:00,0,0,0,0,0
2023-01-03 15:05:00,0,0,0,0,0
2023-01-03 15:06:00,0,0,0,0,0
2023-01-03 15:07:00,7225,7225,7225,7225,0
2023-01-03 15:08:00,0,0,0,0,0
2023-01-03 15:09:00,0,0,0,0,0
2023-01-03 15:10:00,0,0,0,0,0
2023-01-03 15:11:00,7225,7225,7225,7225,2195600
2023-01-03 15:12:00,7225,7225,7225,7225,900
2023-01-03 15:13:00,0,0,0,0,0
2023-01-03 15:14:00,7225,7225,7225,7225,2196200
2023-01-03 15:15:00,0,0,0,0,0
2023-01-03 15:16:00,0,0,0,0,0
2023-01-03 15:17:00,0,0,0,0,0
2023-01-03 15:18:00,0,0,0,0,0
2023-01-03 15:19:00,0,0,0,0,0
2023-01-03 15:20:00,0,0,0,0,0
2023-01-03 15:21:00,0,0,0,0,0
2023-01-03 15:22:00,0,0,0,0,0
2023-01-03 15:23:00,0,0,0,0,0
2023-01-03 15:24:00,0,0,0,0,0
2023-01-03 15:25:00,0,0,0,0,0
2023-01-03 15:26:00,0,0,0,0,0
2023-01-03 15:27:00,0,0,0,0,0
2023-01-03 15:28:00,0,0,0,0,0
2023-01-03 15:29:00,0,0,0,0,0
2023-01-03 15:30:00,0,0,0,0,0
2023-01-03 15:31:00,0,0,0,0,0
2023-01-03 15:32:00,0,0,0,0,0
2023-01-03 15:33:00,0,0,0,0,0
2023-01-03 15:34:00,0,0,0,0,0
2023-01-03 15:35:00,0,0,0,0,0
2023-01-03 15:36:00,0,0,0,0,0
2023-01-03 15:37:00,0,0,0,0,0
2023-01-03 15:38:00,0,0,0,0,0
2023-01-03 15:39:00,0,0,0,0,0
2023-01-03 15:40:00,0,0,0,0,0
2023-01-03 15:41:00,0,0,0,0,0
2023-01-03 15:42:00,0,0,0,0,0
2023-01-03 15:43:00,0,0,0,0,0
2023-01-03 15:44:00,0,0,0,0,0
2023-01-03 15:45:00,0,0,0,0,0
2023-01-03 15:46:00,0,0,0,0,0
2023-01-03 15:47:00,0,0,0,0,0
2023-01-03 15:48:00,0,0,0,0,0
2023-01-03 15:49:00,0,0,0,0,0
2023-01-03 15:50:00,0,0,0,0,0
2023-01-03 15:51:00,0,0,0,0,0
2023-01-03 15:52:00,0,0,0,0,0
2023-01-03 15:53:00,0,0,0,0,0
2023-01-03 15:54:00,0,0,0,0,0
2023-01-03 15:55:00,0,0,0,0,0
2023-01-03 15:56:00,0,0,0,0,0
2023-01-03 15:57:00,0,0,0,0,0
2023-01-03 15:58:00,0,0,0,0,0
2023-01-03 15:59:00,0,0,0,0,0
2023-01-04 09:00:00,7275,7225,7300,7225,0
2023-01-04 09:01:00,7250,7250,7275,7275,200
2023-01-04 09:02:00,7250,7250,7275,7275,5800
2023-01-04 09:03:00,7275,7275,7275,7275,8800
2023-01-04 09:04:00,0,0,0,0,0
2023-01-04 09:05:00,7275,7250,7275,7250,36000
2023-01-04 09:06:00,0,0,0,0,0
2023-01-04 09:07:00,7250,7250,7250,7250,2700
2023-01-04 09:08:00,0,0,0,0,0
2023-01-04 09:09:00,7250,7250,7250,7250,0
2023-01-04 09:10:00,7250,7250,7250,7250,50600
2023-01-04 09:11:00,7225,7225,7225,7225,56800
2023-01-04 09:12:00,7200,7200,7225,7225,34800
2023-01-04 09:13:00,7225,7225,7225,7225,200
2023-01-04 09:14:00,0,0,0,0,0
2023-01-04 09:15:00,0,0,0,0,0
2023-01-04 09:16:00,0,0,0,0,0
2023-01-04 09:17:00,7200,7200,7225,7200,2900
2023-01-04 09:18:00,7225,7225,7225,7225,300
2023-01-04 09:19:00,7225,7225,7225,7225,1100
2023-01-04 09:20:00,7200,7200,7225,7225,400
2023-01-04 09:21:00,7225,7225,7225,7225,0
2023-01-04 09:22:00,7200,7200,7200,7200,2200
2023-01-04 09:23:00,7200,7200,7225,7225,100
2023-01-04 09:24:00,7225,7225,7225,7225,0
2023-01-04 09:25:00,7225,7225,7225,7225,12100
2023-01-04 09:26:00,7225,7200,7225,7200,34400
2023-01-04 09:27:00,7200,7200,7200,7200,5000
2023-01-04 09:28:00,7200,7175,7200,7175,0
2023-01-04 09:29:00,7175,7175,7200,7175,2400
2023-01-04 09:30:00,7175,7175,7175,7175,100
2023-01-04 09:31:00,7200,7200,7200,7200,1600
2023-01-04 09:32:00,7200,7200,7200,7200,63800
2023-01-04 09:33:00,7225,7225,7225,7225,45700
2023-01-04 09:34:00,7225,7225,7225,7225,1400
2023-01-04 09:35:00,7225,7225,7225,7225,19800
2023-01-04 09:36:00,7225,7225,7225,7225,0
2023-01-04 09:37:00,7225,7225,7225,7225,0
2023-01-04 09:38:00,7225,7225,7225,7225,8300
2023-01-04 09:39:00,7200,7200,7200,7200,18300
2023-01-04 09:40:00,7200,7200,7200,7200,100
2023-01-04 09:41:00,7200,7200,7200,7200,1000
2023-01-04 09:42:00,0,0,0,0,0
2023-01-04 09:43:00,0,0,0,0,0
2023-01-04 09:44:00,7200,7200,7200,7200,100
2023-01-04 09:45:00,7175,7175,7175,7175,6400
2023-01-04 09:46:00,0,0,0,0,0
2023-01-04 09:47:00,7175,7175,7175,7175,0
2023-01-04 09:48:00,0,0,0,0,0
2023-01-04 09:49:00,7175,7175,7175,7175,500
2023-01-04 09:50:00,0,0,0,0,0
2023-01-04 09:51:00,0,0,0,0,0
2023-01-04 09:52:00,7175,7175,7175,7175,500
2023-01-04 09:53:00,7200,7200,7200,7200,4500
2023-01-04 09:54:00,7200,7200,7200,7200,0
2023-01-04 09:55:00,0,0,0,0,0
2023-01-04 09:56:00,0,0,0,0,0
2023-01-04 09:57:00,0,0,0,0,0
2023-01-04 09:58:00,0,0,0,0,0
2023-01-04 09:59:00,7200,7200,7200,7200,1100
2023-01-04 10:00:00,0,0,0,0,0
2023-01-04 10:01:00,7200,7200,7200,7200,300
2023-01-04 10:02:00,0,0,0,0,0
2023-01-04 10:03:00,7200,7200,7200,7200,0
2023-01-04 10:04:00,7200,7200,7200,7200,27500
2023-01-04 10:05:00,7200,7200,7200,7200,700
2023-01-04 10:06:00,7200,7200,7200,7200,111700
2023-01-04 10:07:00,0,0,0,0,0
2023-01-04 10:08:00,0,0,0,0,0
2023-01-04 10:09:00,0,0,0,0,0
2023-01-04 10:10:00,7200,7200,7200,7200,13600
2023-01-04 10:11:00,7200,7200,7200,7200,9700
2023-01-04 10:12:00,7200,7200,7200,7200,0
2023-01-04 10:13:00,0,0,0,0,0
2023-01-04 10:14:00,7200,7200,7200,7200,11600
2023-01-04 10:15:00,7200,7175,7200,7175,7000
2023-01-04 10:16:00,7200,7200,7200,7200,2100
2023-01-04 10:17:00,0,0,0,0,0
2023-01-04 10:18:00,0,0,0,0,0
2023-01-04 10:19:00,0,0,0,0,0
2023-01-04 10:20:00,0,0,0,0,0
2023-01-04 10:21:00,0,0,0,0,0
2023-01-04 10:22:00,0,0,0,0,0
2023-01-04 10:23:00,0,0,0,0,0
2023-01-04 10:24:00,0,0,0,0,0
2023-01-04 10:25:00,7200,7200,7200,7200,100
2023-01-04 10:26:00,7200,7200,7200,7200,2900
2023-01-04 10:27:00,0,0,0,0,0
2023-01-04 10:28:00,0,0,0,0,0
2023-01-04 10:29:00,0,0,0,0,0
2023-01-04 10:30:00,7200,7200,7225,7200,13900
2023-01-04 10:31:00,7200,7200,7200,7200,4900
2023-01-04 10:32:00,7200,7200,7200,7200,200
2023-01-04 10:33:00,0,0,0,0,0
2023-01-04 10:34:00,7200,7200,7200,7200,1300
2023-01-04 10:35:00,0,0,0,0,0
2023-01-04 10:36:00,0,0,0,0,0
2023-01-04 10:37:00,7175,7175,7175,7175,63200
2023-01-04 10:38:00,0,0,0,0,0
2023-01-04 10:39:00,0,0,0,0,0
2023-01-04 10:40:00,7175,7175,7175,7175,25100
2023-01-04 10:41:00,7150,7150,7150,7150,10800
2023-01-04 10:42:00,7150,7150,7175,7175,64800
2023-01-04 10:43:00,7175,7175,7175,7175,29300
2023-01-04 10:44:00,7200,7200,7200,7200,0
2023-01-04 10:45:00,0,0,0,0,0
2023-01-04 10:46:00,0,0,0,0,0
2023-01-04 10:47:00,7200,7175,7200,7200,16800
2023-01-04 10:48:00,0,0,0,0,0
2023-01-04 10:49:00,7200,7175,7200,7175,0
2023-01-04 10:50:00,7175,7175,7175,7175,100
2023-01-04 10:51:00,7200,7200,7200,7200,100
2023-01-04 10:52:00,0,0,0,0,0
2023-01-04 10:53:00,7175,7175,7175,7175,700
2023-01-04 10:54:00,7175,7150,7175,7150,120500
2023-01-04 10:55:00,0,0,0,0,0
2023-01-04 10:56:00,7150,7150,7150,7150,58800
2023-01-04 10:57:00,7125,7125,7125,7125,100
2023-01-04 10:58:00,7125,7125,7150,7150,300
2023-01-04 10:59:00,7125,7125,7125,7125,3900
2023-01-04 11:00:00,7150,7150,7150,7150,600
2023-01-04 11:01:00,7150,7150,7150,7150,14100
2023-01-04 11:02:00,7150,7150,7150,7150,17400
2023-01-04 11:03:00,7125,7125,7150,7150,5100
2023-01-04 11:04:00,7150,7150,7150,7150,500
2023-01-04 11:05:00,7150,7150,7150,7150,0
2023-01-04 11:06:00,7125,7125,7125,7125,2300
2023-01-04 11:07:00,7125,7100,7125,7125,173400
2023-01-04 11:08:00,7100,7100,7125,7100,63000
2023-01-04 11:09:00,7100,7100,7100,7100,2100
2023-01-04 11:10:00,0,0,0,0,0
2023-01-04 11:11:00,7125,7100,7125,7125,4000
2023-01-04 11:12:00,7125,7125,7125,7125,700
2023-01-04 11:13:00,7100,7100,7125,7125,18600
2023-01-04 11:14:00,7125,7100,7125,7100,1100
2023-01-04 11:15:00,7125,7100,7125,7100,12900
2023-01-04 11:16:00,7125,7125,7125,7125,500
2023-01-04 11:17:00,7100,7100,7125,7125,6400
2023-01-04 11:18:00,7125,7100,7125,7125,27200
2023-01-04 11:19:00,7125,7125,7150,7150,600
2023-01-04 11:20:00,7125,7100,7125,7100,18700
2023-01-04 11:21:00,7100,7100,7100,7100,500
2023-01-04 11:22:00,7100,7100,7100,7100,66600
2023-01-04 11:23:00,0,0,0,0,0
2023-01-04 11:24:00,0,0,0,0,0
2023-01-04 11:25:00,7100,7100,7100,7100,1300
2023-01-04 11:26:00,7100,7100,7125,7125,500
2023-01-04 11:27:00,0,0,0,0,0
2023-01-04 11:28:00,0,0,0,0,0
2023-01-04 11:29:00,0,0,0,0,0
2023-01-04 11:30:00,0,0,0,0,0
2023-01-04 11:31:00,0,0,0,0,0
2023-01-04 11:32:00,0,0,0,0,0
2023-01-04 11:33:00,0,0,0,0,0
2023-01-04 11:34:00,0,0,0,0,0
2023-01-04 11:35:00,0,0,0,0,0
2023-01-04 11:36:00,0,0,0,0,0
2023-01-04 11:37:00,0,0,0,0,0
2023-01-04 11:38:00,0,0,0,0,0
2023-01-04 11:39:00,0,0,0,0,0
2023-01-04 11:40:00,0,0,0,0,0
2023-01-04 11:41:00,0,0,0,0,0
2023-01-04 11:42:00,0,0,0,0,0
2023-01-04 11:43:00,0,0,0,0,0
2023-01-04 11:44:00,0,0,0,0,0
2023-01-04 11:45:00,0,0,0,0,0
2023-01-04 11:46:00,0,0,0,0,0
2023-01-04 11:47:00,0,0,0,0,0
2023-01-04 11:48:00,0,0,0,0,0
2023-01-04 11:49:00,0,0,0,0,0
2023-01-04 11:50:00,0,0,0,0,0
2023-01-04 11:51:00,0,0,0,0,0
2023-01-04 11:52:00,0,0,0,0,0
2023-01-04 11:53:00,0,0,0,0,0
2023-01-04 11:54:00,0,0,0,0,0
2023-01-04 11:55:00,0,0,0,0,0
2023-01-04 11:56:00,0,0,0,0,0
2023-01-04 11:57:00,0,0,0,0,0
2023-01-04 11:58:00,0,0,0,0,0
2023-01-04 11:59:00,0,0,0,0,0
2023-01-04 12:00:00,0,0,0,0,0
2023-01-04 12:01:00,0,0,0,0,0
2023-01-04 12:02:00,0,0,0,0,0
2023-01-04 12:03:00,0,0,0,0,0
2023-01-04 12:04:00,0,0,0,0,0
2023-01-04 12:05:00,0,0,0,0,0
2023-01-04 12:06:00,0,0,0,0,0
2023-01-04 12:07:00,0,0,0,0,0
2023-01-04 12:08:00,0,0,0,0,0
2023-01-04 12:09:00,0,0,0,0,0
2023-01-04 12:10:00,0,0,0,0,0
2023-01-04 12:11:00,0,0,0,0,0
2023-01-04 12:12:00,0,0,0,0,0
2023-01-04 12:13:00,0,0,0,0,0
2023-01-04 12:14:00,0,0,0,0,0
2023-01-04 12:15:00,0,0,0,0,0
2023-01-04 12:16:00,0,0,0,0,0
2023-01-04 12:17:00,0,0,0,0,0
2023-01-04 12:18:00,0,0,0,0,0
2023-01-04 12:19:00,0,0,0,0,0
2023-01-04 12:20:00,0,0,0,0,0
2023-01-04 12:21:00,0,0,0,0,0
2023-01-04 12:22:00,0,0,0,0,0
2023-01-04 12:23:00,0,0,0,0,0
2023-01-04 12:24:00,0,0,0,0,0
2023-01-04 12:25:00,0,0,0,0,0
2023-01-04 12:26:00,0,0,0,0,0
2023-01-04 12:27:00,0,0,0,0,0
2023-01-04 12:28:00,0,0,0,0,0
2023-01-04 12:29:00,0,0,0,0,0
2023-01-04 12:30:00,0,0,0,0,0
2023-01-04 12:31:00,0,0,0,0,0
2023-01-04 12:32:00,0,0,0,0,0
2023-01-04 12:33:00,0,0,0,0,0
2023-01-04 12:34:00,0,0,0,0,0
2023-01-04 12:35:00,0,0,0,0,0
2023-01-04 12:36:00,0,0,0,0,0
2023-01-04 12:37:00,0,0,0,0,0
2023-01-04 12:38:00,0,0,0,0,0
2023-01-04 12:39:00,0,0,0,0,0
2023-01-04 12:40:00,0,0,0,0,0
2023-01-04 12:41:00,0,0,0,0,0
2023-01-04 12:42:00,0,0,0,0,0
2023-01-04 12:43:00,0,0,0,0,0
2023-01-04 12:44:00,0,0,0,0,0
2023-01-04 12:45:00,0,0,0,0,0
2023-01-04 12:46:00,0,0,0,0,0
2023-01-04 12:47:00,0,0,0,0,0
2023-01-04 12:48:00,0,0,0,0,0
2023-01-04 12:49:00,0,0,0,0,0
2023-01-04 12:50:00,0,0,0,0,0
2023-01-04 12:51:00,0,0,0,0,0
2023-01-04 12:52:00,0,0,0,0,0
2023-01-04 12:53:00,0,0,0,0,0
2023-01-04 12:54:00,0,0,0,0,0
2023-01-04 12:55:00,0,0,0,0,0
2023-01-04 12:56:00,0,0,0,0,0
2023-01-04 12:57:00,0,0,0,0,0
2023-01-04 12:58:00,0,0,0,0,0
2023-01-04 12:59:00,0,0,0,0,0
2023-01-04 13:00:00,0,0,0,0,0
2023-01-04 13:01:00,0,0,0,0,0
2023-01-04 13:02:00,0,0,0,0,0
2023-01-04 13:03:00,0,0,0,0,0
2023-01-04 13:04:00,0,0,0,0,0
2023-01-04 13:05:00,0,0,0,0,0
2023-01-04 13:06:00,0,0,0,0,0
2023-01-04 13:07:00,0,0,0,0,0
2023-01-04 13:08:00,0,0,0,0,0
2023-01-04 13:09:00,0,0,0,0,0
2023-01-04 13:10:00,0,0,0,0,0
2023-01-04 13:11:00,0,0,0,0,0
2023-01-04 13:12:00,0,0,0,0,0
2023-01-04 13:13:00,0,0,0,0,0
2023-01-04 13:14:00,0,0,0,0,0
2023-01-04 13:15:00,0,0,0,0,0
2023-01-04 13:16:00,0,0,0,0,0
2023-01-04 13:17:00,0,0,0,0,0
2023-01-04 13:18:00,0,0,0,0,0
2023-01-04 13:19:00,0,0,0,0,0
2023-01-04 13:20:00,0,0,0,0,0
2023-01-04 13:21:00,0,0,0,0,0
2023-01-04 13:22:00,0,0,0,0,0
2023-01-04 13:23:00,0,0,0,0,0
2023-01-04 13:24:00,0,0,0,0,0
2023-01-04 13:25:00,0,0,0,0,0
2023-01-04 13:26:00,0,0,0,0,0
2023-01-04 13:27:00,0,0,0,0,0
2023-01-04 13:28:00,0,0,0,0,0
2023-01-04 13:29:00,0,0,0,0,0
2023-01-04 13:30:00,7125,7100,7125,7100,12000
2023-01-04 13:31:00,0,0,0,0,0
2023-01-04 13:32:00,7100,7100,7100,7100,83000
2023-01-04 13:33:00,0,0,0,0,0
2023-01-04 13:34:00,0,0,0,0,0
2023-01-04 13:35:00,7075,7075,7075,7075,29000
2023-01-04 13:36:00,7075,7075,7075,7075,3300
2023-01-04 13:37:00,7075,7075,7075,7075,700
2023-01-04 13:38:00,7075,7075,7075,7075,28400
2023-01-04 13:39:00,0,0,0,0,0
2023-01-04 13:40:00,7075,7075,7075,7075,2500
2023-01-04 13:41:00,7075,7075,7075,7075,900
2023-01-04 13:42:00,0,0,0,0,0
2023-01-04 13:43:00,7100,7075,7100,7075,63300
2023-01-04 13:44:00,0,0,0,0,0
2023-01-04 13:45:00,0,0,0,0,0
2023-01-04 13:46:00,7100,7075,7100,7100,300
2023-01-04 13:47:00,7100,7075,7100,7075,500
2023-01-04 13:48:00,0,0,0,0,0
2023-01-04 13:49:00,0,0,0,0,0
2023-01-04 13:50:00,7075,7075,7100,7100,2500
2023-01-04 13:51:00,7075,7050,7075,7050,103000
2023-01-04 13:52:00,7050,7050,7050,7050,4300
2023-01-04 13:53:00,7050,7050,7075,7050,182600
2023-01-04 13:54:00,7050,7050,7050,7050,13600
2023-01-04 13:55:00,7050,7050,7050,7050,0
2023-01-04 13:56:00,7050,7050,7050,7050,2400
2023-01-04 13:57:00,7025,7025,7050,7025,1100
2023-01-04 13:58:00,7025,7025,7050,7025,189300
2023-01-04 13:59:00,7025,6900,7050,6975,445100
2023-01-04 14:00:00,6950,6950,7050,7000,43900
2023-01-04 14:01:00,7000,7000,7000,7000,1800
2023-01-04 14:02:00,7000,7000,7000,7000,2000
2023-01-04 14:03:00,7025,7000,7025,7025,2400
2023-01-04 14:04:00,7025,7000,7025,7000,43000
2023-01-04 14:05:00,7000,7000,7000,7000,71000
2023-01-04 14:06:00,7000,6975,7000,6975,400
2023-01-04 14:07:00,6975,6975,7000,7000,8000
2023-01-04 14:08:00,7000,6975,7000,6975,17400
2023-01-04 14:09:00,6975,6975,7000,6975,700
2023-01-04 14:10:00,6975,6975,7000,6975,29300
2023-01-04 14:11:00,6975,6975,6975,6975,3400
2023-01-04 14:12:00,0,0,0,0,0
2023-01-04 14:13:00,7000,6975,7000,6975,2500
2023-01-04 14:14:00,6975,6975,7000,7000,49600
2023-01-04 14:15:00,7025,7000,7025,7000,400
2023-01-04 14:16:00,7000,7000,7025,7000,12600
2023-01-04 14:17:00,7000,7000,7025,7000,11500
2023-01-04 14:18:00,7000,7000,7025,7000,4600
2023-01-04 14:19:00,7000,6975,7000,6975,38000
2023-01-04 14:20:00,6975,6975,7025,6975,50300
2023-01-04 14:21:00,6975,6975,6975,6975,10500
2023-01-04 14:22:00,6975,6975,7000,7000,0
2023-01-04 14:23:00,7000,6975,7000,6975,13400
2023-01-04 14:24:00,6975,6975,7000,7000,10200
2023-01-04 14:25:00,7000,6975,7000,7000,11900
2023-01-04 14:26:00,7000,7000,7000,7000,23300
2023-01-04 14:27:00,7000,7000,7025,7025,22800
2023-01-04 14:28:00,7025,7000,7025,7025,12000
2023-01-04 14:29:00,7000,7000,7025,7025,1500
2023-01-04 14:30:00,7025,7025,7025,7025,6600
2023-01-04 14:31:00,7025,7025,7025,7025,2800
2023-01-04 14:32:00,0,0,0,0,0
2023-01-04 14:33:00,7025,7000,7025,7000,17900
2023-01-04 14:34:00,7000,7000,7025,7025,4600
2023-01-04 14:35:00,7000,7000,7025,7025,68600
2023-01-04 14:36:00,7025,7025,7025,7025,0
2023-01-04 14:37:00,7000,7000,7000,7000,144400
2023-01-04 14:38:00,0,0,0,0,0
2023-01-04 14:39:00,7000,7000,7025,7000,6200
2023-01-04 14:40:00,7025,7000,7025,7000,16800
2023-01-04 14:41:00,7000,7000,7025,7025,6700
2023-01-04 14:42:00,7025,7025,7025,7025,400
2023-01-04 14:43:00,7000,7000,7000,7000,197700
2023-01-04 14:44:00,7000,6975,7000,6975,46200
2023-01-04 14:45:00,6975,6975,6975,6975,28900
2023-01-04 14:46:00,6975,6950,6975,6950,40000
2023-01-04 14:47:00,6975,6950,6975,6950,113000
2023-01-04 14:48:00,6975,6975,7000,6975,120000
2023-01-04 14:49:00,6975,6975,7000,6975,19600
2023-01-04 14:50:00,0,0,0,0,0
2023-01-04 14:51:00,0,0,0,0,0
2023-01-04 14:52:00,0,0,0,0,0
2023-01-04 14:53:00,0,0,0,0,0
2023-01-04 14:54:00,0,0,0,0,0
2023-01-04 14:55:00,0,0,0,0,0
2023-01-04 14:56:00,0,0,0,0,0
2023-01-04 14:57:00,0,0,0,0,0
2023-01-04 14:58:00,0,0,0,0,0
2023-01-04 14:59:00,0,0,0,0,0
2023-01-04 15:00:00,7025,7025,7025,7025,67300
2023-01-04 15:01:00,7025,7025,7025,7025,1400
2023-01-04 15:02:00,7025,7025,7025,7025,0
2023-01-04 15:03:00,7025,7025,7025,7025,500
2023-01-04 15:04:00,7025,7025,7025,7025,0
2023-01-04 15:05:00,7025,7025,7025,7025,34900
2023-01-04 15:06:00,0,0,0,0,0
2023-01-04 15:07:00,0,0,0,0,0
2023-01-04 15:08:00,7025,7025,7025,7025,8900
2023-01-04 15:09:00,7025,7025,7025,7025,1600
2023-01-04 15:10:00,7025,7025,7025,7025,0
2023-01-04 15:11:00,7025,7025,7025,7025,100
2023-01-04 15:12:00,0,0,0,0,0
2023-01-04 15:13:00,7025,7025,7025,7025,4072300
2023-01-04 15:14:00,0,0,0,0,0
2023-01-04 15:15:00,0,0,0,0,0
2023-01-04 15:16:00,0,0,0,0,0
2023-01-04 15:17:00,0,0,0,0,0
2023-01-04 15:18:00,0,0,0,0,0
2023-01-04 15:19:00,0,0,0,0,0
2023-01-04 15:20:00,0,0,0,0,0
2023-01-04 15:21:00,0,0,0,0,0
2023-01-04 15:22:00,0,0,0,0,0
2023-01-04 15:23:00,0,0,0,0,0
2023-01-04 15:24:00,0,0,0,0,0
2023-01-04 15:25:00,0,0,0,0,0
2023-01-04 15:26:00,0,0,0,0,0
2023-01-04 15:27:00,0,0,0,0,0
2023-01-04 15:28:00,0,0,0,0,0
2023-01-04 15:29:00,0,0,0,0,0
2023-01-04 15:30:00,0,0,0,0,0
2023-01-04 15:31:00,0,0,0,0,0
2023-01-04 15:32:00,0,0,0,0,0
2023-01-04 15:33:00,0,0,0,0,0
2023-01-04 15:34:00,0,0,0,0,0
2023-01-04 15:35:00,0,0,0,0,0
2023-01-04 15:36:00,0,0,0,0,0
2023-01-04 15:37:00,0,0,0,0,0
2023-01-04 15:38:00,0,0,0,0,0
2023-01-04 15:39:00,0,0,0,0,0
2023-01-04 15:40:00,0,0,0,0,0
2023-01-04 15:41:00,0,0,0,0,0
2023-01-04 15:42:00,0,0,0,0,0
2023-01-04 15:43:00,0,0,0,0,0
2023-01-04 15:44:00,0,0,0,0,0
2023-01-04 15:45:00,0,0,0,0,0
2023-01-04 15:46:00,0,0,0,0,0
2023-01-04 15:47:00,0,0,0,0,0
2023-01-04 15:48:00,0,0,0,0,0
2023-01-04 15:49:00,0,0,0,0,0
2023-01-04 15:50:00,0,0,0,0,0
2023-01-04 15:51:00,0,0,0,0,0
2023-01-04 15:52:00,0,0,0,0,0
2023-01-04 15:53:00,0,0,0,0,0
2023-01-04 15:54:00,0,0,0,0,0
2023-01-04 15:55:00,0,0,0,0,0
2023-01-04 15:56:00,0,0,0,0,0
2023-01-04 15:57:00,0,0,0,0,0
2023-01-04 15:58:00,0,0,0,0,0
2023-01-04 15:59:00,0,0,0,0,0
2023-01-05 09:00:00,7025,7000,7025,7025,0
2023-01-05 09:01:00,7050,7025,7050,7025,18400
2023-01-05 09:02:00,7025,7025,7025,7025,0
2023-01-05 09:03:00,7025,7000,7025,7000,4000
2023-01-05 09:04:00,7000,6975,7000,6975,4300
2023-01-05 09:05:00,6975,6975,7000,6975,4600
2023-01-05 09:06:00,6975,6925,6975,6950,55100
2023-01-05 09:07:00,6950,6925,6950,6950,22300
2023-01-05 09:08:00,6925,6925,6925,6925,43100
2023-01-05 09:09:00,6900,6875,6925,6900,65000
2023-01-05 09:10:00,6900,6875,6900,6875,6400
2023-01-05 09:11:00,6875,6850,6875,6875,22600
2023-01-05 09:12:00,6850,6850,6875,6850,37800
2023-01-05 09:13:00,6850,6850,6875,6875,3100
2023-01-05 09:14:00,6850,6850,6900,6850,24200
2023-01-05 09:15:00,6850,6850,6900,6900,11100
2023-01-05 09:16:00,6875,6875,6925,6900,32700
2023-01-05 09:17:00,6900,6875,6900,6875,10200
2023-01-05 09:18:00,6875,6875,6925,6925,7900
2023-01-05 09:19:00,6900,6900,6900,6900,3000
2023-01-05 09:20:00,6925,6875,6925,6900,19200
2023-01-05 09:21:00,6900,6875,6900,6900,10000
2023-01-05 09:22:00,6900,6900,6925,6900,11600
2023-01-05 09:23:00,6925,6900,6925,6925,30700
2023-01-05 09:24:00,6925,6900,6925,6900,14200
2023-01-05 09:25:00,6900,6900,6900,6900,3400
2023-01-05 09:26:00,6900,6900,6925,6900,67000
2023-01-05 09:27:00,6900,6875,6925,6925,0
2023-01-05 09:28:00,6925,6925,6925,6925,18000
2023-01-05 09:29:00,6925,6925,6950,6950,16100
2023-01-05 09:30:00,6925,6925,6950,6950,4100
2023-01-05 09:31:00,6950,6925,6950,6950,5600
2023-01-05 09:32:00,6925,6925,6925,6925,2800
2023-01-05 09:33:00,6950,6925,6975,6925,11800
2023-01-05 09:34:00,6950,6925,6975,6925,1200
2023-01-05 09:35:00,6975,6925,6975,6975,3800
2023-01-05 09:36:00,6950,6950,7000,6975,26000
2023-01-05 09:37:00,6975,6975,6975,6975,2000
2023-01-05 09:38:00,6950,6950,7000,6975,7700
2023-01-05 09:39:00,7000,6975,7000,7000,57400
2023-01-05 09:40:00,7000,7000,7000,7000,1600
2023-01-05 09:41:00,7000,6975,7000,7000,4500
2023-01-05 09:42:00,6975,6975,6975,6975,3300
2023-01-05 09:43:00,6975,6975,7000,7000,16000
2023-01-05 09:44:00,7025,7025,7025,7025,500
2023-01-05 09:45:00,7000,6950,7000,6975,50400
2023-01-05 09:46:00,6950,6950,6950,6950,2000
2023-01-05 09:47:00,6950,6950,6950,6950,26300
2023-01-05 09:48:00,6950,6950,6950,6950,0
2023-01-05 09:49:00,6950,6925,6950,6950,29100
2023-01-05 09:50:00,6950,6950,6950,6950,2800
2023-01-05 09:51:00,6950,6925,6950,6925,6500
2023-01-05 09:52:00,6950,6925,6950,6925,8000
2023-01-05 09:53:00,6950,6950,6950,6950,2100
2023-01-05 09:54:00,6950,6950,6950,6950,400
2023-01-05 09:55:00,6950,6950,6975,6975,3800
2023-01-05 09:56:00,6975,6950,6975,6950,6000
2023-01-05 09:57:00,6950,6950,6950,6950,1000
2023-01-05 09:58:00,6950,6950,6950,6950,5500
2023-01-05 09:59:00,6950,6950,6950,6950,15300
2023-01-05 10:00:00,6950,6950,6950,6950,3600
2023-01-05 10:01:00,6950,6950,7000,7000,100500
2023-01-05 10:02:00,7000,7000,7000,7000,13900
2023-01-05 10:03:00,7000,7000,7000,7000,33200
2023-01-05 10:04:00,0,0,0,0,0
2023-01-05 10:05:00,7000,7000,7000,7000,0
2023-01-05 10:06:00,7025,7025,7025,7025,400
2023-01-05 10:07:00,7000,7000,7000,7000,1400
2023-01-05 10:08:00,7000,7000,7000,7000,10700
2023-01-05 10:09:00,7000,7000,7000,7000,2200
2023-01-05 10:10:00,6975,6975,6975,6975,8700
2023-01-05 10:11:00,6975,6975,6975,6975,43400
2023-01-05 10:12:00,6975,6975,6975,6975,17300
2023-01-05 10:13:00,6950,6950,6950,6950,23900
2023-01-05 10:14:00,6950,6950,6950,6950,82600
2023-01-05 10:15:00,6925,6925,6925,6925,12300
2023-01-05 10:16:00,6975,6975,7000,7000,139700
2023-01-05 10:17:00,7000,7000,7000,7000,0
2023-01-05 10:18:00,7025,7000,7025,7000,18200
2023-01-05 10:19:00,0,0,0,0,0
2023-01-05 10:20:00,6975,6925,6975,6925,128100
2023-01-05 10:21:00,0,0,0,0,0
2023-01-05 10:22:00,6925,6925,6925,6925,0
2023-01-05 10:23:00,6975,6975,6975,6975,19900
2023-01-05 10:24:00,6950,6950,6975,6975,600
2023-01-05 10:25:00,6975,6975,6975,6975,200
2023-01-05 10:26:00,6950,6950,6975,6975,10200
2023-01-05 10:27:00,6975,6950,6975,6950,18800
2023-01-05 10:28:00,6950,6925,6950,6950,0
2023-01-05 10:29:00,6950,6950,6950,6950,43000
2023-01-05 10:30:00,6950,6950,6975,6975,200
2023-01-05 10:31:00,6975,6950,6975,6975,2500
2023-01-05 10:32:00,6950,6950,6950,6950,6100
2023-01-05 10:33:00,6950,6950,6975,6950,2400
2023-01-05 10:34:00,6950,6950,6975,6950,2200
2023-01-05 10:35:00,0,0,0,0,0
2023-01-05 10:36:00,6950,6950,6950,6950,5900
2023-01-05 10:37:00,6950,6950,6950,6950,0
2023-01-05 10:38:00,6950,6950,6950,6950,3400
2023-01-05 10:39:00,6975,6950,6975,6950,4100
2023-01-05 10:40:00,6975,6975,6975,6975,0
2023-01-05 10:41:00,6950,6950,6975,6975,12100
2023-01-05 10:42:00,6975,6950,7000,6950,14500
2023-01-05 10:43:00,7000,6975,7000,6975,6100
2023-01-05 10:44:00,6975,6950,6975,6950,20600
2023-01-05 10:45:00,0,0,0,0,0
2023-01-05 10:46:00,0,0,0,0,0
2023-01-05 10:47:00,6950,6950,6950,6950,4500
2023-01-05 10:48:00,6950,6950,6950,6950,1400
2023-01-05 10:49:00,6975,6975,6975,6975,0
2023-01-05 10:50:00,6950,6950,7000,6975,97700
2023-01-05 10:51:00,7000,6950,7000,6950,17200
2023-01-05 10:52:00,6950,6950,6975,6975,0
2023-01-05 10:53:00,6950,6950,6950,6950,700
2023-01-05 10:54:00,0,0,0,0,0
2023-01-05 10:55:00,6950,6950,6950,6950,400
2023-01-05 10:56:00,0,0,0,0,0
2023-01-05 10:57:00,6950,6925,6950,6925,214000
2023-01-05 10:58:00,6925,6925,6925,6925,4700
2023-01-05 10:59:00,6950,6950,6950,6950,0
2023-01-05 11:00:00,6925,6925,6925,6925,800
2023-01-05 11:01:00,6925,6925,6975,6925,25200
2023-01-05 11:02:00,6925,6900,6950,6900,24100
2023-01-05 11:03:00,6950,6900,6950,6900,26000
2023-01-05 11:04:00,6900,6900,6900,6900,0
2023-01-05 11:05:00,6950,6900,6950,6950,15000
2023-01-05 11:06:00,6900,6900,6900,6900,25300
2023-01-05 11:07:00,6900,6900,6900,6900,4400
2023-01-05 11:08:00,6950,6950,6950,6950,200
2023-01-05 11:09:00,6900,6900,6900,6900,5900
2023-01-05 11:10:00,6900,6900,6950,6900,0
2023-01-05 11:11:00,6950,6900,6950,6900,5600
2023-01-05 11:12:00,6950,6900,6950,6900,5200
2023-01-05 11:13:00,6900,6900,6950,6950,3700
2023-01-05 11:14:00,6950,6950,6975,6975,11000
2023-01-05 11:15:00,6900,6900,6975,6975,40200
2023-01-05 11:16:00,0,0,0,0,0
2023-01-05 11:17:00,6900,6900,6900,6900,4200
2023-01-05 11:18:00,6900,6900,6900,6900,1800
2023-01-05 11:19:00,6900,6900,6900,6900,1300
2023-01-05 11:20:00,6900,6900,6950,6900,16200
2023-01-05 11:21:00,6900,6900,6950,6900,6400
2023-01-05 11:22:00,0,0,0,0,0
2023-01-05 11:23:00,0,0,0,0,0
2023-01-05 11:24:00,6900,6900,6925,6900,10600
2023-01-05 11:25:00,6900,6900,6900,6900,5500
2023-01-05 11:26:00,6900,6875,6900,6875,29900
2023-01-05 11:27:00,6875,6875,6900,6875,2900
2023-01-05 11:28:00,6875,6875,6875,6875,2800
2023-01-05 11:29:00,6875,6875,6875,6875,3400
2023-01-05 11:30:00,0,0,0,0,0
2023-01-05 11:31:00,0,0,0,0,0
2023-01-05 11:32:00,0,0,0,0,0
2023-01-05 11:33:00,0,0,0,0,0
2023-01-05 11:34:00,0,0,0,0,0
2023-01-05 11:35:00,0,0,0,0,0
2023-01-05 11:36:00,0,0,0,0,0
2023-01-05 11:37:00,0,0,0,0,0
2023-01-05 11:38:00,0,0,0,0,0
2023-01-05 11:39:00,0,0,0,0,0
2023-01-05 11:40:00,0,0,0,0,0
2023-01-05 11:41:00,0,0,0,0,0
2023-01-05 11:42:00,0,0,0,0,0
2023-01-05 11:43:00,0,0,0,0,0
2023-01-05 11:44:00,0,0,0,0,0
2023-01-05 11:45:00,0,0,0,0,0
2023-01-05 11:46:00,0,0,0,0,0
2023-01-05 11:47:00,0,0,0,0,0
2023-01-05 11:48:00,0,0,0,0,0
2023-01-05 11:49:00,0,0,0,0,0
2023-01-05 11:50:00,0,0,0,0,0
2023-01-05 11:51:00,0,0,0,0,0
2023-01-05 11:52:00,0,0,0,0,0
2023-01-05 11:53:00,0,0,0,0,0
2023-01-05 11:54:00,0,0,0,0,0
2023-01-05 11:55:00,0,0,0,0,0
2023-01-05 11:56:00,0,0,0,0,0
2023-01-05 11:57:00,0,0,0,0,0
2023-01-05 11:58:00,0,0,0,0,0
2023-01-05 11:59:00,0,0,0,0,0
2023-01-05 12:00:00,0,0,0,0,0
2023-01-05 12:01:00,0,0,0,0,0
2023-01-05 12:02:00,0,0,0,0,0
2023-01-05 12:03:00,0,0,0,0,0
2023-01-05 12:04:00,0,0,0,0,0
2023-01-05 12:05:00,0,0,0,0,0
2023-01-05 12:06:00,0,0,0,0,0
2023-01-05 12:07:00,0,0,0,0,0
2023-01-05 12:08:00,0,0,0,0,0
2023-01-05 12:09:00,0,0,0,0,0
2023-01-05 12:10:00,0,0,0,0,0
2023-01-05 12:11:00,0,0,0,0,0
2023-01-05 12:12:00,0,0,0,0,0
2023-01-05 12:13:00,0,0,0,0,0
2023-01-05 12:14:00,0,0,0,0,0
2023-01-05 12:15:00,0,0,0,0,0
2023-01-05 12:16:00,0,0,0,0,0
2023-01-05 12:17:00,0,0,0,0,0
2023-01-05 12:18:00,0,0,0,0,0
2023-01-05 12:19:00,0,0,0,0,0
2023-01-05 12:20:00,0,0,0,0,0
2023-01-05 12:21:00,0,0,0,0,0
2023-01-05 12:22:00,0,0,0,0,0
2023-01-05 12:23:00,0,0,0,0,0
2023-01-05 12:24:00,0,0,0,0,0
2023-01-05 12:25:00,0,0,0,0,0
2023-01-05 12:26:00,0,0,0,0,0
2023-01-05 12:27:00,0,0,0,0,0
2023-01-05 12:28:00,0,0,0,0,0
2023-01-05 12:29:00,0,0,0,0,0
2023-01-05 12:30:00,0,0,0,0,0
2023-01-05 12:31:00,0,0,0,0,0
2023-01-05 12:32:00,0,0,0,0,0
2023-01-05 12:33:00,0,0,0,0,0
2023-01-05 12:34:00,0,0,0,0,0
2023-01-05 12:35:00,0,0,0,0,0
2023-01-05 12:36:00,0,0,0,0,0
2023-01-05 12:37:00,0,0,0,0,0
2023-01-05 12:38:00,0,0,0,0,0
2023-01-05 12:39:00,0,0,0,0,0
2023-01-05 12:40:00,0,0,0,0,0
2023-01-05 12:41:00,0,0,0,0,0
2023-01-05 12:42:00,0,0,0,0,0
2023-01-05 12:43:00,0,0,0,0,0
2023-01-05 12:44:00,0,0,0,0,0
2023-01-05 12:45:00,0,0,0,0,0
2023-01-05 12:46:00,0,0,0,0,0
2023-01-05 12:47:00,0,0,0,0,0
2023-01-05 12:48:00,0,0,0,0,0
2023-01-05 12:49:00,0,0,0,0,0
2023-01-05 12:50:00,0,0,0,0,0
2023-01-05 12:51:00,0,0,0,0,0
2023-01-05 12:52:00,0,0,0,0,0
2023-01-05 12:53:00,0,0,0,0,0
2023-01-05 12:54:00,0,0,0,0,0
2023-01-05 12:55:00,0,0,0,0,0
2023-01-05 12:56:00,0,0,0,0,0
2023-01-05 12:57:00,0,0,0,0,0
2023-01-05 12:58:00,0,0,0,0,0
2023-01-05 12:59:00,0,0,0,0,0
2023-01-05 13:00:00,0,0,0,0,0
2023-01-05 13:01:00,0,0,0,0,0
2023-01-05 13:02:00,0,0,0,0,0
2023-01-05 13:03:00,0,0,0,0,0
2023-01-05 13:04:00,0,0,0,0,0
2023-01-05 13:05:00,0,0,0,0,0
2023-01-05 13:06:00,0,0,0,0,0
2023-01-05 13:07:00,0,0,0,0,0
2023-01-05 13:08:00,0,0,0,0,0
2023-01-05 13:09:00,0,0,0,0,0
2023-01-05 13:10:00,0,0,0,0,0
2023-01-05 13:11:00,0,0,0,0,0
2023-01-05 13:12:00,0,0,0,0,0
2023-01-05 13:13:00,0,0,0,0,0
2023-01-05 13:14:00,0,0,0,0,0
2023-01-05 13:15:00,0,0,0,0,0
2023-01-05 13:16:00,0,0,0,0,0
2023-01-05 13:17:00,0,0,0,0,0
2023-01-05 13:18:00,0,0,0,0,0
2023-01-05 13:19:00,0,0,0,0,0
2023-01-05 13:20:00,0,0,0,0,0
2023-01-05 13:21:00,0,0,0,0,0
2023-01-05 13:22:00,0,0,0,0,0
2023-01-05 13:23:00,0,0,0,0,0
2023-01-05 13:24:00,0,0,0,0,0
2023-01-05 13:25:00,0,0,0,0,0
2023-01-05 13:26:00,0,0,0,0,0
2023-01-05 13:27:00,0,0,0,0,0
2023-01-05 13:28:00,0,0,0,0,0
2023-01-05 13:29:00,0,0,0,0,0
2023-01-05 13:30:00,6875,6875,6900,6875,78700
2023-01-05 13:31:00,6900,6900,6900,6900,0
2023-01-05 13:32:00,6925,6900,6925,6900,8300
2023-01-05 13:33:00,6900,6900,6900,6900,40000
2023-01-05 13:34:00,6900,6900,6900,6900,0
2023-01-05 13:35:00,6900,6875,6900,6875,0
2023-01-05 13:36:00,0,0,0,0,0
2023-01-05 13:37:00,6875,6875,6900,6875,66700
2023-01-05 13:38:00,6900,6875,6900,6875,12000
2023-01-05 13:39:00,6875,6875,6875,6875,130900
2023-01-05 13:40:00,6875,6875,6875,6875,0
2023-01-05 13:41:00,6875,6875,6875,6875,6000
2023-01-05 13:42:00,6875,6875,6875,6875,0
2023-01-05 13:43:00,6850,6850,6850,6850,6000
2023-01-05 13:44:00,6850,6850,6850,6850,0
2023-01-05 13:45:00,6850,6850,6850,6850,4400
2023-01-05 13:46:00,6850,6850,6875,6850,24600
2023-01-05 13:47:00,6850,6850,6850,6850,200
2023-01-05 13:48:00,6875,6875,6875,6875,3300
2023-01-05 13:49:00,6850,6850,6850,6850,18700
2023-01-05 13:50:00,6875,6875,6875,6875,8600
2023-01-05 13:51:00,6850,6850,6875,6875,0
2023-01-05 13:52:00,6875,6850,6875,6875,17200
2023-01-05 13:53:00,0,0,0,0,0
2023-01-05 13:54:00,6850,6850,6850,6850,5000
2023-01-05 13:55:00,6875,6850,6875,6850,35800
2023-01-05 13:56:00,6850,6850,6875,6875,11000
2023-01-05 13:57:00,6850,6850,6850,6850,27800
2023-01-05 13:58:00,6850,6850,6875,6875,0
2023-01-05 13:59:00,6850,6850,6875,6850,1100
2023-01-05 14:00:00,6850,6850,6875,6875,5200
2023-01-05 14:01:00,6875,6875,6875,6875,28900
2023-01-05 14:02:00,6875,6850,6875,6850,12200
2023-01-05 14:03:00,6850,6850,6850,6850,0
2023-01-05 14:04:00,0,0,0,0,0
2023-01-05 14:05:00,6850,6850,6875,6875,12200
2023-01-05 14:06:00,6875,6875,6875,6875,0
2023-01-05 14:07:00,0,0,0,0,0
2023-01-05 14:08:00,6875,6825,6875,6850,76000
2023-01-05 14:09:00,6850,6825,6850,6850,1400
2023-01-05 14:10:00,6850,6825,6850,6825,5100
2023-01-05 14:11:00,6825,6825,6825,6825,16800
2023-01-05 14:12:00,6825,6800,6825,6800,125100
2023-01-05 14:13:00,6825,6800,6825,6800,32900
2023-01-05 14:14:00,6800,6800,6800,6800,18100
2023-01-05 14:15:00,6800,6800,6825,6800,83100
2023-01-05 14:16:00,6825,6825,6825,6825,5300
2023-01-05 14:17:00,6825,6775,6825,6775,430400
2023-01-05 14:18:00,6775,6750,6775,6775,12300
2023-01-05 14:19:00,6800,6750,6800,6750,72400
2023-01-05 14:20:00,6750,6750,6750,6750,0
2023-01-05 14:21:00,6775,6750,6800,6800,127300
2023-01-05 14:22:00,6800,6725,6800,6725,71700
2023-01-05 14:23:00,6725,6725,6750,6725,24400
2023-01-05 14:24:00,6750,6725,6750,6725,8600
2023-01-05 14:25:00,6725,6700,6725,6725,88000
2023-01-05 14:26:00,6700,6700,6750,6725,75500
2023-01-05 14:27:00,6725,6725,6725,6725,5000
2023-01-05 14:28:00,6725,6700,6725,6700,35100
2023-01-05 14:29:00,6725,6725,6725,6725,16900
2023-01-05 14:30:00,6750,6725,6750,6750,2400
2023-01-05 14:31:00,6725,6700,6750,6700,52000
2023-01-05 14:32:00,6700,6700,6725,6700,11500
2023-01-05 14:33:00,6700,6700,6725,6725,40500
2023-01-05 14:34:00,6725,6725,6750,6725,21300
2023-01-05 14:35:00,6725,6725,6725,6725,500
2023-01-05 14:36:00,6725,6725,6750,6750,17600
2023-01-05 14:37:00,6725,6700,6725,6725,42300
2023-01-05 14:38:00,6700,6700,6750,6725,91700
2023-01-05 14:39:00,6750,6725,6750,6750,7500
2023-01-05 14:40:00,6750,6750,6750,6750,68500
2023-01-05 14:41:00,6775,6750,6775,6750,66000
2023-01-05 14:42:00,6750,6750,6750,6750,57800
2023-01-05 14:43:00,6725,6725,6750,6725,0
2023-01-05 14:44:00,6725,6700,6725,6725,65900
2023-01-05 14:45:00,6700,6700,6725,6725,88500
2023-01-05 14:46:00,6725,6700,6750,6725,27600
2023-01-05 14:47:00,6700,6700,6725,6725,25300
2023-01-05 14:48:00,6700,6700,6725,6700,17100
2023-01-05 14:49:00,6700,6700,6725,6725,102900
2023-01-05 14:50:00,0,0,0,0,0
2023-01-05 14:51:00,0,0,0,0,0
2023-01-05 14:52:00,0,0,0,0,0
2023-01-05 14:53:00,0,0,0,0,0
2023-01-05 14:54:00,0,0,0,0,0
2023-01-05 14:55:00,0,0,0,0,0
2023-01-05 14:56:00,0,0,0,0,0
2023-01-05 14:57:00,0,0,0,0,0
2023-01-05 14:58:00,0,0,0,0,0
2023-01-05 14:59:00,0,0,0,0,0
2023-01-05 15:00:00,6725,6725,6725,6725,201700
2023-01-05 15:01:00,6725,6725,6725,6725,6500
2023-01-05 15:02:00,6725,6725,6725,6725,6200
2023-01-05 15:03:00,6725,6725,6725,6725,0
2023-01-05 15:04:00,6725,6725,6725,6725,13900
2023-01-05 15:05:00,6725,6725,6725,6725,6300
2023-01-05 15:06:00,0,0,0,0,0
2023-01-05 15:07:00,6725,6725,6725,6725,500
2023-01-05 15:08:00,0,0,0,0,0
2023-01-05 15:09:00,6725,6725,6725,6725,900
2023-01-05 15:10:00,0,0,0,0,0
2023-01-05 15:11:00,6725,6725,6725,6725,32300
2023-01-05 15:12:00,6725,6725,6725,6725,28800
2023-01-05 15:13:00,0,0,0,0,0
2023-01-05 15:14:00,6725,6725,6725,6725,5219800
2023-01-05 15:15:00,0,0,0,0,0
2023-01-05 15:16:00,0,0,0,0,0
2023-01-05 15:17:00,0,0,0,0,0
2023-01-05 15:18:00,0,0,0,0,0
2023-01-05 15:19:00,0,0,0,0,0
2023-01-05 15:20:00,0,0,0,0,0
2023-01-05 15:21:00,0,0,0,0,0
2023-01-05 15:22:00,0,0,0,0,0
2023-01-05 15:23:00,0,0,0,0,0
2023-01-05 15:24:00,0,0,0,0,0
2023-01-05 15:25:00,0,0,0,0,0
2023-01-05 15:26:00,0,0,0,0,0
2023-01-05 15:27:00,0,0,0,0,0
2023-01-05 15:28:00,0,0,0,0,0
2023-01-05 15:29:00,0,0,0,0,0
2023-01-05 15:30:00,0,0,0,0,0
2023-01-05 15:31:00,0,0,0,0,0
2023-01-05 15:32:00,0,0,0,0,0
2023-01-05 15:33:00,0,0,0,0,0
2023-01-05 15:34:00,0,0,0,0,0
2023-01-05 15:35:00,0,0,0,0,0
2023-01-05 15:36:00,0,0,0,0,0
2023-01-05 15:37:00,0,0,0,0,0
2023-01-05 15:38:00,0,0,0,0,0
2023-01-05 15:39:00,0,0,0,0,0
2023-01-05 15:40:00,0,0,0,0,0
2023-01-05 15:41:00,0,0,0,0,0
2023-01-05 15:42:00,0,0,0,0,0
2023-01-05 15:43:00,0,0,0,0,0
2023-01-05 15:44:00,0,0,0,0,0
2023-01-05 15:45:00,0,0,0,0,0
2023-01-05 15:46:00,0,0,0,0,0
2023-01-05 15:47:00,0,0,0,0,0
2023-01-05 15:48:00,0,0,0,0,0
2023-01-05 15:49:00,0,0,0,0,0
2023-01-05 15:50:00,0,0,0,0,0
2023-01-05 15:51:00,0,0,0,0,0
2023-01-05 15:52:00,0,0,0,0,0
2023-01-05 15:53:00,0,0,0,0,0
2023-01-05 15:54:00,0,0,0,0,0
2023-01-05 15:55:00,0,0,0,0,0
2023-01-05 15:56:00,0,0,0,0,0
2023-01-05 15:57:00,0,0,0,0,0
2023-01-05 15:58:00,0,0,0,0,0
2023-01-05 15:59:00,0,0,0,0,0
2023-01-06 09:00:00,6725,6700,6750,6725,0
2023-01-06 09:01:00,6725,6700,6725,6700,25200
2023-01-06 09:02:00,6725,6700,6725,6700,39300
2023-01-06 09:03:00,6700,6675,6725,6700,74800
2023-01-06 09:04:00,6700,6675,6775,6700,155400
2023-01-06 09:05:00,6700,6700,6700,6700,19200
2023-01-06 09:06:00,6700,6700,6725,6725,47700
2023-01-06 09:07:00,6775,6775,6825,6825,75800
2023-01-06 09:08:00,6850,6850,6875,6850,24500
2023-01-06 09:09:00,6850,6825,6875,6850,16100
2023-01-06 09:10:00,6850,6850,6875,6875,6600
2023-01-06 09:11:00,6875,6850,6875,6850,47900
2023-01-06 09:12:00,6825,6800,6825,6825,19000
2023-01-06 09:13:00,6800,6800,6825,6825,3400
2023-01-06 09:14:00,6800,6800,6825,6825,3000
2023-01-06 09:15:00,6825,6800,6850,6825,10200
2023-01-06 09:16:00,6825,6825,6825,6825,9200
2023-01-06 09:17:00,6825,6825,6825,6825,5200
2023-01-06 09:18:00,6825,6825,6825,6825,23000
2023-01-06 09:19:00,6850,6850,6850,6850,0
2023-01-06 09:20:00,6850,6825,6850,6850,23500
2023-01-06 09:21:00,6850,6850,6850,6850,8800
2023-01-06 09:22:00,6850,6850,6850,6850,24400
2023-01-06 09:23:00,6850,6825,6850,6850,4600
2023-01-06 09:24:00,6850,6850,6850,6850,10700
2023-01-06 09:25:00,6850,6850,6850,6850,2800
2023-01-06 09:26:00,6850,6850,6850,6850,1200
2023-01-06 09:27:00,6850,6825,6850,6825,8100
2023-01-06 09:28:00,6825,6825,6825,6825,2200
2023-01-06 09:29:00,6825,6825,6825,6825,14600
2023-01-06 09:30:00,6825,6825,6825,6825,1800
2023-01-06 09:31:00,6825,6825,6825,6825,3300
2023-01-06 09:32:00,6850,6825,6850,6825,900
2023-01-06 09:33:00,6825,6825,6825,6825,14900
2023-01-06 09:34:00,6825,6825,6825,6825,1900
2023-01-06 09:35:00,6825,6800,6825,6825,5800
2023-01-06 09:36:00,6825,6825,6825,6825,400
2023-01-06 09:37:00,0,0,0,0,0
2023-01-06 09:38:00,6825,6825,6825,6825,200
2023-01-06 09:39:00,6825,6825,6825,6825,1500
2023-01-06 09:40:00,6800,6800,6800,6800,500
2023-01-06 09:41:00,6800,6800,6825,6825,59700
2023-01-06 09:42:00,6825,6800,6825,6800,24000
2023-01-06 09:43:00,6800,6800,6825,6825,2800
2023-01-06 09:44:00,6825,6825,6825,6825,1400
2023-01-06 09:45:00,6825,6800,6825,6800,2700
2023-01-06 09:46:00,6800,6800,6825,6800,17600
2023-01-06 09:47:00,6825,6825,6825,6825,0
2023-01-06 09:48:00,6825,6825,6825,6825,100
2023-01-06 09:49:00,6825,6825,6825,6825,4400
2023-01-06 09:50:00,6825,6825,6825,6825,1500
2023-01-06 09:51:00,6825,6825,6825,6825,1200
2023-01-06 09:52:00,6825,6800,6825,6800,1300
2023-01-06 09:53:00,6825,6825,6825,6825,0
2023-01-06 09:54:00,6825,6825,6825,6825,200
2023-01-06 09:55:00,6825,6800,6825,6800,17300
2023-01-06 09:56:00,6800,6800,6800,6800,1200
2023-01-06 09:57:00,6825,6825,6825,6825,0
2023-01-06 09:58:00,6825,6825,6825,6825,3000
2023-01-06 09:59:00,6825,6800,6825,6800,1000
2023-01-06 10:00:00,6825,6800,6825,6825,48100
2023-01-06 10:01:00,6825,6825,6825,6825,1100
2023-01-06 10:02:00,6825,6825,6825,6825,2400
2023-01-06 10:03:00,6825,6825,6825,6825,1200
2023-01-06 10:04:00,6825,6825,6825,6825,0
2023-01-06 10:05:00,0,0,0,0,0
2023-01-06 10:06:00,6800,6800,6800,6800,81900
2023-01-06 10:07:00,0,0,0,0,0
2023-01-06 10:08:00,6800,6775,6800,6775,51800
2023-01-06 10:09:00,6800,6800,6800,6800,0
2023-01-06 10:10:00,0,0,0,0,0
2023-01-06 10:11:00,6800,6800,6800,6800,300
2023-01-06 10:12:00,6800,6800,6800,6800,1300
2023-01-06 10:13:00,0,0,0,0,0
2023-01-06 10:14:00,0,0,0,0,0
2023-01-06 10:15:00,6800,6800,6800,6800,200
2023-01-06 10:16:00,6825,6825,6825,6825,200
2023-01-06 10:17:00,6825,6825,6825,6825,23300
2023-01-06 10:18:00,6825,6825,6825,6825,0
2023-01-06 10:19:00,0,0,0,0,0
2023-01-06 10:20:00,6825,6825,6825,6825,1900
2023-01-06 10:21:00,6825,6825,6825,6825,1800
2023-01-06 10:22:00,6825,6825,6825,6825,3500
2023-01-06 10:23:00,0,0,0,0,0
2023-01-06 10:24:00,0,0,0,0,0
2023-01-06 10:25:00,6825,6825,6825,6825,3000
2023-01-06 10:26:00,0,0,0,0,0
2023-01-06 10:27:00,6825,6800,6825,6800,15900
2023-01-06 10:28:00,6800,6800,6800,6800,100
2023-01-06 10:29:00,0,0,0,0,0
2023-01-06 10:30:00,6800,6800,6800,6800,1100
2023-01-06 10:31:00,6825,6825,6825,6825,5800
2023-01-06 10:32:00,6825,6825,6825,6825,3900
2023-01-06 10:33:00,6825,6825,6825,6825,27600
2023-01-06 10:34:00,0,0,0,0,0
2023-01-06 10:35:00,6825,6825,6825,6825,600
2023-01-06 10:36:00,6825,6825,6850,6850,500
2023-01-06 10:37:00,6825,6825,6825,6825,15600
2023-01-06 10:38:00,6825,6825,6825,6825,600
2023-01-06 10:39:00,0,0,0,0,0
2023-01-06 10:40:00,6825,6825,6825,6825,2300
2023-01-06 10:41:00,6825,6825,6825,6825,7600
2023-01-06 10:42:00,6800,6800,6800,6800,900
2023-01-06 10:43:00,0,0,0,0,0
2023-01-06 10:44:00,6825,6825,6825,6825,400
2023-01-06 10:45:00,6825,6825,6825,6825,200
2023-01-06 10:46:00,6825,6825,6825,6825,300
2023-01-06 10:47:00,0,0,0,0,0
2023-01-06 10:48:00,6825,6825,6825,6825,300
2023-01-06 10:49:00,6825,6825,6825,6825,500
2023-01-06 10:50:00,0,0,0,0,0
2023-01-06 10:51:00,6825,6825,6825,6825,0
2023-01-06 10:52:00,0,0,0,0,0
2023-01-06 10:53:00,6825,6825,6825,6825,34500
2023-01-06 10:54:00,6825,6825,6850,6850,13500
2023-01-06 10:55:00,0,0,0,0,0
2023-01-06 10:56:00,6850,6850,6850,6850,1800
2023-01-06 10:57:00,0,0,0,0,0
2023-01-06 10:58:00,6850,6850,6850,6850,21800
2023-01-06 10:59:00,6850,6850,6875,6875,26500
2023-01-06 11:00:00,6875,6875,6875,6875,13200
2023-01-06 11:01:00,0,0,0,0,0
2023-01-06 11:02:00,6875,6875,6875,6875,8500
2023-01-06 11:03:00,6875,6875,6875,6875,0
2023-01-06 11:04:00,0,0,0,0,0
2023-01-06 11:05:00,6900,6900,6900,6900,0
2023-01-06 11:06:00,6900,6900,6900,6900,3400
2023-01-06 11:07:00,6900,6875,6925,6900,94100
2023-01-06 11:08:00,6900,6900,6925,6900,600
2023-01-06 11:09:00,6900,6900,6925,6900,500
2023-01-06 11:10:00,6925,6900,6925,6900,1800
2023-01-06 11:11:00,6925,6900,6925,6900,500
2023-01-06 11:12:00,6900,6900,6900,6900,10800
2023-01-06 11:13:00,6900,6875,6900,6875,21200
2023-01-06 11:14:00,6875,6875,6900,6900,2500
2023-01-06 11:15:00,6875,6875,6875,6875,0
2023-01-06 11:16:00,6875,6875,6875,6875,4800
2023-01-06 11:17:00,6875,6875,6875,6875,0
2023-01-06 11:18:00,6900,6900,6900,6900,800
2023-01-06 11:19:00,6900,6875,6900,6875,11100
2023-01-06 11:20:00,6900,6875,6900,6900,2700
2023-01-06 11:21:00,6900,6900,6900,6900,0
2023-01-06 11:22:00,6875,6875,6875,6875,100
2023-01-06 11:23:00,6875,6875,6900,6900,700
2023-01-06 11:24:00,6875,6875,6875,6875,1300
2023-01-06 11:25:00,6900,6900,6925,6900,46500
2023-01-06 11:26:00,6925,6900,6925,6900,20700
2023-01-06 11:27:00,6925,6925,6925,6925,200
2023-01-06 11:28:00,6925,6925,6925,6925,900
2023-01-06 11:29:00,6900,6900,6925,6900,0
2023-01-06 11:30:00,0,0,0,0,0
2023-01-06 11:31:00,0,0,0,0,0
2023-01-06 11:32:00,0,0,0,0,0
2023-01-06 11:33:00,0,0,0,0,0
2023-01-06 11:34:00,0,0,0,0,0
2023-01-06 11:35:00,0,0,0,0,0
2023-01-06 11:36:00,0,0,0,0,0
2023-01-06 11:37:00,0,0,0,0,0
2023-01-06 11:38:00,0,0,0,0,0
2023-01-06 11:39:00,0,0,0,0,0
2023-01-06 11:40:00,0,0,0,0,0
2023-01-06 11:41:00,0,0,0,0,0
2023-01-06 11:42:00,0,0,0,0,0
2023-01-06 11:43:00,0,0,0,0,0
2023-01-06 11:44:00,0,0,0,0,0
2023-01-06 11:45:00,0,0,0,0,0
2023-01-06 11:46:00,0,0,0,0,0
2023-01-06 11:47:00,0,0,0,0,0
2023-01-06 11:48:00,0,0,0,0,0
2023-01-06 11:49:00,0,0,0,0,0
2023-01-06 11:50:00,0,0,0,0,0
2023-01-06 11:51:00,0,0,0,0,0
2023-01-06 11:52:00,0,0,0,0,0
2023-01-06 11:53:00,0,0,0,0,0
2023-01-06 11:54:00,0,0,0,0,0
2023-01-06 11:55:00,0,0,0,0,0
2023-01-06 11:56:00,0,0,0,0,0
2023-01-06 11:57:00,0,0,0,0,0
2023-01-06 11:58:00,0,0,0,0,0
2023-01-06 11:59:00,0,0,0,0,0
2023-01-06 12:00:00,0,0,0,0,0
2023-01-06 12:01:00,0,0,0,0,0
2023-01-06 12:02:00,0,0,0,0,0
2023-01-06 12:03:00,0,0,0,0,0
2023-01-06 12:04:00,0,0,0,0,0
2023-01-06 12:05:00,0,0,0,0,0
2023-01-06 12:06:00,0,0,0,0,0
2023-01-06 12:07:00,0,0,0,0,0
2023-01-06 12:08:00,0,0,0,0,0
2023-01-06 12:09:00,0,0,0,0,0
2023-01-06 12:10:00,0,0,0,0,0
2023-01-06 12:11:00,0,0,0,0,0
2023-01-06 12:12:00,0,0,0,0,0
2023-01-06 12:13:00,0,0,0,0,0
2023-01-06 12:14:00,0,0,0,0,0
2023-01-06 12:15:00,0,0,0,0,0
2023-01-06 12:16:00,0,0,0,0,0
2023-01-06 12:17:00,0,0,0,0,0
2023-01-06 12:18:00,0,0,0,0,0
2023-01-06 12:19:00,0,0,0,0,0
2023-01-06 12:20:00,0,0,0,0,0
2023-01-06 12:21:00,0,0,0,0,0
2023-01-06 12:22:00,0,0,0,0,0
2023-01-06 12:23:00,0,0,0,0,0
2023-01-06 12:24:00,0,0,0,0,0
2023-01-06 12:25:00,0,0,0,0,0
2023-01-06 12:26:00,0,0,0,0,0
2023-01-06 12:27:00,0,0,0,0,0
2023-01-06 12:28:00,0,0,0,0,0
2023-01-06 12:29:00,0,0,0,0,0
2023-01-06 12:30:00,0,0,0,0,0
2023-01-06 12:31:00,0,0,0,0,0
2023-01-06 12:32:00,0,0,0,0,0
2023-01-06 12:33:00,0,0,0,0,0
2023-01-06 12:34:00,0,0,0,0,0
2023-01-06 12:35:00,0,0,0,0,0
2023-01-06 12:36:00,0,0,0,0,0
2023-01-06 12:37:00,0,0,0,0,0
2023-01-06 12:38:00,0,0,0,0,0
2023-01-06 12:39:00,0,0,0,0,0
2023-01-06 12:40:00,0,0,0,0,0
2023-01-06 12:41:00,0,0,0,0,0
2023-01-06 12:42:00,0,0,0,0,0
2023-01-06 12:43:00,0,0,0,0,0
2023-01-06 12:44:00,0,0,0,0,0
2023-01-06 12:45:00,0,0,0,0,0
2023-01-06 12:46:00,0,0,0,0,0
2023-01-06 12:47:00,0,0,0,0,0
2023-01-06 12:48:00,0,0,0,0,0
2023-01-06 12:49:00,0,0,0,0,0
2023-01-06 12:50:00,0,0,0,0,0
2023-01-06 12:51:00,0,0,0,0,0
2023-01-06 12:52:00,0,0,0,0,0
2023-01-06 12:53:00,0,0,0,0,0
2023-01-06 12:54:00,0,0,0,0,0
2023-01-06 12:55:00,0,0,0,0,0
2023-01-06 12:56:00,0,0,0,0,0
2023-01-06 12:57:00,0,0,0,0,0
2023-01-06 12:58:00,0,0,0,0,0
2023-01-06 12:59:00,0,0,0,0,0
2023-01-06 13:00:00,0,0,0,0,0
2023-01-06 13:01:00,0,0,0,0,0
2023-01-06 13:02:00,0,0,0,0,0
2023-01-06 13:03:00,0,0,0,0,0
2023-01-06 13:04:00,0,0,0,0,0
2023-01-06 13:05:00,0,0,0,0,0
2023-01-06 13:06:00,0,0,0,0,0
2023-01-06 13:07:00,0,0,0,0,0
2023-01-06 13:08:00,0,0,0,0,0
2023-01-06 13:09:00,0,0,0,0,0
2023-01-06 13:10:00,0,0,0,0,0
2023-01-06 13:11:00,0,0,0,0,0
2023-01-06 13:12:00,0,0,0,0,0
2023-01-06 13:13:00,0,0,0,0,0
2023-01-06 13:14:00,0,0,0,0,0
2023-01-06 13:15:00,0,0,0,0,0
2023-01-06 13:16:00,0,0,0,0,0
2023-01-06 13:17:00,0,0,0,0,0
2023-01-06 13:18:00,0,0,0,0,0
2023-01-06 13:19:00,0,0,0,0,0
2023-01-06 13:20:00,0,0,0,0,0
2023-01-06 13:21:00,0,0,0,0,0
2023-01-06 13:22:00,0,0,0,0,0
2023-01-06 13:23:00,0,0,0,0,0
2023-01-06 13:24:00,0,0,0,0,0
2023-01-06 13:25:00,0,0,0,0,0
2023-01-06 13:26:00,0,0,0,0,0
2023-01-06 13:27:00,0,0,0,0,0
2023-01-06 13:28:00,0,0,0,0,0
2023-01-06 13:29:00,0,0,0,0,0
2023-01-06 13:30:00,6925,6900,6925,6900,18500
2023-01-06 13:31:00,6925,6925,6925,6925,16800
2023-01-06 13:32:00,6925,6925,6925,6925,2100
2023-01-06 13:33:00,6950,6950,6950,6950,1200
2023-01-06 13:34:00,6950,6950,6950,6950,9300
2023-01-06 13:35:00,6950,6950,6950,6950,100
2023-01-06 13:36:00,0,0,0,0,0
2023-01-06 13:37:00,6950,6950,6950,6950,600
2023-01-06 13:38:00,6950,6925,6950,6925,10800
2023-01-06 13:39:00,6950,6925,6950,6950,800
2023-01-06 13:40:00,6950,6925,6950,6950,76100
2023-01-06 13:41:00,6950,6950,6950,6950,6200
2023-01-06 13:42:00,6950,6925,6950,6950,400
2023-01-06 13:43:00,6950,6950,6950,6950,3300
2023-01-06 13:44:00,6950,6925,6950,6925,6400
2023-01-06 13:45:00,6925,6925,6925,6925,4300
2023-01-06 13:46:00,0,0,0,0,0
2023-01-06 13:47:00,0,0,0,0,0
2023-01-06 13:48:00,6925,6925,6925,6925,1900
2023-01-06 13:49:00,6950,6925,6950,6925,4000
2023-01-06 13:50:00,6950,6925,6950,6925,33200
2023-01-06 13:51:00,6975,6925,7000,6975,259100
2023-01-06 13:52:00,6975,6975,6975,6975,9600
2023-01-06 13:53:00,6975,6975,7000,7000,10800
2023-01-06 13:54:00,7000,7000,7000,7000,15000
2023-01-06 13:55:00,7000,7000,7000,7000,4900
2023-01-06 13:56:00,7000,6975,7000,7000,400
2023-01-06 13:57:00,6975,6975,7000,7000,1400
2023-01-06 13:58:00,0,0,0,0,0
2023-01-06 13:59:00,6975,6975,6975,6975,900
2023-01-06 14:00:00,0,0,0,0,0
2023-01-06 14:01:00,7000,7000,7000,7000,16000
2023-01-06 14:02:00,0,0,0,0,0
2023-01-06 14:03:00,7000,7000,7025,7000,53500
2023-01-06 14:04:00,7000,7000,7000,7000,0
2023-01-06 14:05:00,7000,7000,7025,7000,69300
2023-01-06 14:06:00,7000,7000,7025,7025,0
2023-01-06 14:07:00,7000,7000,7025,7000,51800
2023-01-06 14:08:00,7000,7000,7000,7000,29300
2023-01-06 14:09:00,7000,7000,7000,7000,19200
2023-01-06 14:10:00,7000,7000,7000,7000,20200
2023-01-06 14:11:00,7000,7000,7000,7000,7700
2023-01-06 14:12:00,7000,6975,7000,6975,0
2023-01-06 14:13:00,6975,6975,6975,6975,6200
2023-01-06 14:14:00,6975,6975,6975,6975,800
2023-01-06 14:15:00,6975,6975,6975,6975,500
2023-01-06 14:16:00,7000,6975,7000,6975,9700
2023-01-06 14:17:00,6975,6975,6975,6975,2400
2023-01-06 14:18:00,6975,6975,6975,6975,13300
2023-01-06 14:19:00,7000,6975,7000,6975,800
2023-01-06 14:20:00,6975,6975,6975,6975,6100
2023-01-06 14:21:00,7000,7000,7000,7000,12600
2023-01-06 14:22:00,7000,6975,7000,6975,63700
2023-01-06 14:23:00,6975,6975,6975,6975,9400
2023-01-06 14:24:00,6975,6975,6975,6975,11400
2023-01-06 14:25:00,0,0,0,0,0
2023-01-06 14:26:00,7000,7000,7000,7000,0
2023-01-06 14:27:00,7000,6975,7000,6975,15000
2023-01-06 14:28:00,7000,6975,7000,7000,21300
2023-01-06 14:29:00,7000,7000,7000,7000,700
2023-01-06 14:30:00,7000,7000,7000,7000,300
2023-01-06 14:31:00,7000,7000,7000,7000,27900
2023-01-06 14:32:00,7000,6975,7000,7000,13700
2023-01-06 14:33:00,7000,7000,7000,7000,1800
2023-01-06 14:34:00,6975,6975,6975,6975,1700
2023-01-06 14:35:00,6975,6975,7000,6975,9700
2023-01-06 14:36:00,6975,6975,6975,6975,0
2023-01-06 14:37:00,6975,6975,6975,6975,1000
2023-01-06 14:38:00,6975,6975,7000,6975,10600
2023-01-06 14:39:00,7000,6975,7000,6975,37600
2023-01-06 14:40:00,6975,6975,7000,7000,17600
2023-01-06 14:41:00,7000,7000,7000,7000,1900
2023-01-06 14:42:00,0,0,0,0,0
2023-01-06 14:43:00,6975,6975,7000,7000,43100
2023-01-06 14:44:00,7000,6975,7000,7000,28700
2023-01-06 14:45:00,6975,6975,7000,7000,10700
2023-01-06 14:46:00,7000,6975,7000,7000,50600
2023-01-06 14:47:00,7000,7000,7000,7000,21000
2023-01-06 14:48:00,6975,6975,7000,6975,75400
2023-01-06 14:49:00,6975,6975,7000,6975,13100
2023-01-06 14:50:00,0,0,0,0,0
2023-01-06 14:51:00,0,0,0,0,0
2023-01-06 14:52:00,0,0,0,0,0
2023-01-06 14:53:00,0,0,0,0,0
2023-01-06 14:54:00,0,0,0,0,0
2023-01-06 14:55:00,0,0,0,0,0
2023-01-06 14:56:00,0,0,0,0,0
2023-01-06 14:57:00,0,0,0,0,0
2023-01-06 14:58:00,0,0,0,0,0
2023-01-06 14:59:00,0,0,0,0,0
2023-01-06 15:00:00,6975,6975,6975,6975,109400
2023-01-06 15:01:00,6975,6975,6975,6975,3600
2023-01-06 15:02:00,6975,6975,6975,6975,22700
2023-01-06 15:03:00,0,0,0,0,0
2023-01-06 15:04:00,0,0,0,0,0
2023-01-06 15:05:00,0,0,0,0,0
2023-01-06 15:06:00,6975,6975,6975,6975,0
2023-01-06 15:07:00,6975,6975,6975,6975,300
2023-01-06 15:08:00,0,0,0,0,0
2023-01-06 15:09:00,0,0,0,0,0
2023-01-06 15:10:00,6975,6975,6975,6975,100
2023-01-06 15:11:00,0,0,0,0,0
2023-01-06 15:12:00,0,0,0,0,0
2023-01-06 15:13:00,0,0,0,0,0
2023-01-06 15:14:00,0,0,0,0,0
2023-01-06 15:15:00,0,0,0,0,0
2023-01-06 15:16:00,0,0,0,0,0
2023-01-06 15:17:00,0,0,0,0,0
2023-01-06 15:18:00,0,0,0,0,0
2023-01-06 15:19:00,0,0,0,0,0
2023-01-06 15:20:00,0,0,0,0,0
2023-01-06 15:21:00,0,0,0,0,0
2023-01-06 15:22:00,0,0,0,0,0
2023-01-06 15:23:00,0,0,0,0,0
2023-01-06 15:24:00,0,0,0,0,0
2023-01-06 15:25:00,0,0,0,0,0
2023-01-06 15:26:00,0,0,0,0,0
2023-01-06 15:27:00,0,0,0,0,0
2023-01-06 15:28:00,0,0,0,0,0
2023-01-06 15:29:00,0,0,0,0,0
2023-01-06 15:30:00,0,0,0,0,0
2023-01-06 15:31:00,0,0,0,0,0
2023-01-06 15:32:00,0,0,0,0,0
2023-01-06 15:33:00,0,0,0,0,0
2023-01-06 15:34:00,0,0,0,0,0
2023-01-06 15:35:00,0,0,0,0,0
2023-01-06 15:36:00,0,0,0,0,0
2023-01-06 15:37:00,0,0,0,0,0
2023-01-06 15:38:00,0,0,0,0,0
2023-01-06 15:39:00,0,0,0,0,0
2023-01-06 15:40:00,0,0,0,0,0
2023-01-06 15:41:00,0,0,0,0,0
2023-01-06 15:42:00,0,0,0,0,0
2023-01-06 15:43:00,0,0,0,0,0
2023-01-06 15:44:00,0,0,0,0,0
2023-01-06 15:45:00,0,0,0,0,0
2023-01-06 15:46:00,0,0,0,0,0
2023-01-06 15:47:00,0,0,0,0,0
2023-01-06 15:48:00,0,0,0,0,0
2023-01-06 15:49:00,0,0,0,0,0
2023-01-06 15:50:00,0,0,0,0,0
2023-01-06 15:51:00,0,0,0,0,0
2023-01-06 15:52:00,0,0,0,0,0
2023-01-06 15:53:00,0,0,0,0,0
2023-01-06 15:54:00,0,0,0,0,0
2023-01-06 15:55:00,0,0,0,0,0
2023-01-06 15:56:00,0,0,0,0,0
2023-01-06 15:57:00,0,0,0,0,0
2023-01-06 15:58:00,0,0,0,0,0
2023-01-06 15:59:00,0,0,0,0,0
